"file","bytes","last_write","sha256"
"score_trade_result_2022-04-04_NY.csv","3665","2026-07-11T10:22:42.9189751-06:00","995F851C2E452141BEAB7C1C1FB20AEF4E1B17D93A84F2DB4F991178B5303200"
"score_trade_result_2022-04-05_NY.csv","3654","2026-07-11T10:23:09.1273760-06:00","FAE339AE7600006737B6D99A16FE4AF2EF6930F290A56770425D2165E0B0671A"
"score_trade_result_2022-04-06_NY.csv","3664","2026-07-11T10:24:01.0538465-06:00","B868DEE7C85F8CE3B1BE64D336AC369544A36CF283E5830E25D01DBFDB3468DB"
"score_trade_result_2022-04-07_NY.csv","3611","2026-07-11T10:24:37.0597410-06:00","6A455370787EB9E8EC76E2B0332E9D31F71F0CEF9DBF9F475FCF8F5121ACD43F"
"score_trade_result_2022-04-08_NY.csv","3478","2026-07-11T10:25:12.1485948-06:00","D47CFAF733C6132ED2CBC424D88C1AF4C90F857BEB7DE88246003E73A74DF693"
"score_trade_result_2022-04-11_NY.csv","3632","2026-07-11T10:25:38.7695836-06:00","EE3A73E97235278B9148805D2BC3AD411DB2F773793761A65E1F23C332471DBB"
"score_trade_result_2022-04-12_NY.csv","3658","2026-07-11T10:26:12.2213081-06:00","ED2A7B1352BB9BDEE1CFDB5965BA0932C1BF4FE970E0F5F5BAE97BC80AA4CC23"
"score_trade_result_2022-04-13_NY.csv","3641","2026-07-11T10:26:32.7856539-06:00","EB4CE544AC83E957BA05452D0B2734FC352C247F566F1692AD0581AAC6912262"
"score_trade_result_2022-04-14_NY.csv","3648","2026-07-11T10:27:16.5823127-06:00","FB1EF64A9432DC54E0AC07F8EBF61804A5FB68B72278F564A53010041628908E"
"score_trade_result_2022-04-18_NY.csv","3629","2026-07-11T10:28:09.5005277-06:00","3BDF9F2CE5AE05014E081A075EAFC30B26E83CB0E86EF130936D0119E563A4DA"
"score_trade_result_2022-04-19_NY.csv","3476","2026-07-11T10:28:30.5781518-06:00","A2CAEF5A20DFADC31B28226263C6AF06F42659548A86C709D2AFD3DE233BA338"
"score_trade_result_2022-04-20_NY.csv","3619","2026-07-11T10:29:14.1701924-06:00","40583BCD0EB4D6CC161A2F4523DBF66C78CB78FDB8EB33559FA4216C4BE21AB3"
"score_trade_result_2022-04-21_NY.csv","3606","2026-07-11T10:29:34.4542742-06:00","9E79F69BA7844FB916AA51AA7DCEB6963C55EF97B2AB35477529C1E72C0F283A"
"score_trade_result_2022-04-22_NY.csv","3647","2026-07-11T10:30:06.6537773-06:00","7382E5F875B5FD0B7837702C4B8EC72EE79CE1981C4C16451AC4F406C8CD9A1A"
"score_trade_result_2022-04-25_NY.csv","3594","2026-07-11T10:30:34.5543104-06:00","8D28BE1AF1ED0608220BB3BD34610357DCB796B79E1AE64765A5F0A4358F2A15"
"score_trade_result_2022-04-26_NY.csv","3617","2026-07-11T10:31:01.7272046-06:00","6E664DA4FE088756DA8D27A3FC0C4BC8C17E39DE24AC576252548C2533CB845C"
"score_trade_result_2022-04-27_NY.csv","3469","2026-07-11T10:31:31.4447006-06:00","10F2E5982904E24BFE8FD644A9352B9A3B36837618C0E217DE15D8721A9B737D"
"score_trade_result_2022-04-28_NY.csv","3473","2026-07-11T10:31:53.6004600-06:00","D003B6A5ECD6A97EC1B50C7113762CDB1F8E7F9A85E621B03CF59A103CBE0316"
"score_trade_result_2022-04-29_NY.csv","3459","2026-07-11T10:32:13.9487425-06:00","8CB53C18F19305401CE289070059B786845AC106BC509BD286F3F9C128983FB5"
"score_trade_result_2022-05-02_NY.csv","3630","2026-07-11T10:33:04.3615358-06:00","FCF274337D181320BAA6630D471440A28BBB0CB6EAD7A4EEA4BB02467969D0F0"
"score_trade_result_2022-05-03_NY.csv","3641","2026-07-11T10:34:03.3369605-06:00","FC564FE9016A0117D1E441D364A0D740F46509FBE3E0797329788492195AB36E"
"score_trade_result_2022-05-04_NY.csv","3657","2026-07-11T10:34:35.7916959-06:00","F10FCEFE71E4B3D8352C6D2889F6D17F2BE3C4A1A7FAACE0E73C0457EB5D9258"
"score_trade_result_2022-05-05_NY.csv","3494","2026-07-11T10:35:02.6322410-06:00","8CC32A4EF577B31FA3B6D63B677841D1E4425B89D9420BC43EAEA2FE31DBB7A4"
"score_trade_result_2022-05-06_NY.csv","3642","2026-07-11T10:35:35.7360152-06:00","9ADDFE4242FF9650C715FA102B4F858D53606E11B0E2A83299C1F72750690363"
"score_trade_result_2022-05-09_NY.csv","3478","2026-07-11T10:35:55.6687958-06:00","5C0DFB77FFC6159DED2BA93B26B375193180FAEA52AC16076B7487AE08A5B244"
"score_trade_result_2022-05-10_NY.csv","3625","2026-07-11T10:36:40.5637367-06:00","AC15C1C2ADE162371397B1BCC703B7D6CC5F9F000B2E34DA2865FEAF9BDC6149"
"score_trade_result_2022-05-11_NY.csv","3472","2026-07-11T10:37:02.1442224-06:00","F5A43F9826C1E384032B505E51B6AECE25B04E91D89E502BE90459DC1288FE80"
"score_trade_result_2022-05-12_NY.csv","3455","2026-07-11T10:37:22.7744907-06:00","8950A25CF103596295322C5D8E4FF681F8BE546DB8E03CB1D072FDD37F21FDE9"
"score_trade_result_2022-05-13_NY.csv","3472","2026-07-11T10:37:49.9126911-06:00","39731EBBCA2322BC521C5C7625BF2264D8E7002F25751DCD5522D81183B165BF"
"score_trade_result_2022-05-16_NY.csv","3461","2026-07-11T10:38:10.1242712-06:00","BD3F634C6CCCFE709FF45731E2220BAEBC5046A13BE42D84DDE878AC42B07B03"
"score_trade_result_2022-05-17_NY.csv","3448","2026-07-11T10:38:54.2230093-06:00","A5D78A7E15945B171A2B01F354FD1FA871BF6E0040FF365AF5CD5DB70C08F8B9"
"score_trade_result_2022-05-18_NY.csv","3463","2026-07-11T10:39:20.1359085-06:00","89A8070745BCDC367C61AAFA3E32CE2555ECE94A161B9A112A33E4E56EC542F7"
"score_trade_result_2022-05-19_NY.csv","3626","2026-07-11T10:39:53.4233212-06:00","34457C3D2E281DF62CF977BE305C906D100C9EAEDED6072F1600382DB17E945C"
"score_trade_result_2022-05-20_NY.csv","3479","2026-07-11T10:40:37.6174556-06:00","56E28AAA1B7CAF8A31E95F9DD7A495734397F1A6F5223B960F7CA2D604271192"
"score_trade_result_2022-05-23_NY.csv","3646","2026-07-11T10:41:34.4985604-06:00","6997BCE72FEFD7E4D63FC54DF835BB9D0E2CBACC461ABA92421ADB43D13DCCC1"
"score_trade_result_2022-05-24_NY.csv","3587","2026-07-11T10:41:56.6445675-06:00","552FD76AAA5417341AC5B3A0B0F1F667B95CC976C1AB03B244BB573724343D4D"
"score_trade_result_2022-05-25_NY.csv","3462","2026-07-11T10:42:40.5895316-06:00","F4B38CCA32F20500FB1A37ABEB93BB14C73614F4F4D84E03DDACB1C5BAB3F0B0"
"score_trade_result_2022-05-26_NY.csv","3666","2026-07-11T10:43:08.2412507-06:00","99E593EFF8895059ACD5B42405CFCA992E9421F861F737643FA8E156A25364D1"
"score_trade_result_2022-05-27_NY.csv","3460","2026-07-11T10:43:30.2278314-06:00","A45DF298CF1870145577D3979C2085A5C7D85465B8A82286A006FAF8D359DADA"
"score_trade_result_2022-05-31_NY.csv","3484","2026-07-11T10:44:07.5135721-06:00","F4BF56764CA991085F83CD8C4AF75201F3B9362DC31238A2FA2BEE563B8650D0"
"score_trade_result_2022-06-01_NY.csv","3463","2026-07-11T10:44:32.4638877-06:00","F12F7AFEBFDAD0AC50D893F7F3EB4E56A7BD58B591B4F8B2AAF8410304931E37"
"score_trade_result_2022-06-02_NY.csv","3474","2026-07-11T10:44:56.0349150-06:00","D80258D7C4562BE9980D8C83783856AA556EC728731B2CD4EF8F5A4BA06429BA"
"score_trade_result_2022-06-03_NY.csv","3126","2026-07-11T10:46:08.8298224-06:00","D3406D18C90879AE2B260C58DC87C766459850ED1557A5A8A01E1668E8D8267D"
"score_trade_result_2022-06-06_NY.csv","3596","2026-07-11T10:46:59.8853594-06:00","651557496D5A0481245687A9F6B3FFB80D7F7DB24E09861D3464F1B4CD08AC06"
"score_trade_result_2022-06-07_NY.csv","3478","2026-07-11T10:47:19.9862049-06:00","90BF213FFF02B2B02E148F8D395B7CE89433EE86B5262A7B62052F5FE79E1F9A"
"score_trade_result_2022-06-08_NY.csv","3484","2026-07-11T10:47:48.4743790-06:00","9B7C8F8D93E580A4F4B7F90E3044604D71117449AD2017607CA13FD14C7F3C45"
"score_trade_result_2022-06-09_NY.csv","3657","2026-07-11T10:48:23.2866332-06:00","1693DCDA9DB64F75AF68E57F0E8FE54543EC95FD7B343B279B505F36DC06AFBB"
"score_trade_result_2022-06-10_NY.csv","3615","2026-07-11T10:48:58.1473676-06:00","B65B4CCED3A92D19018DBE65DD9ECEFF3B0BCA2F5CFD8C8F302491413E580430"
"score_trade_result_2022-06-13_NY.csv","3553","2026-07-11T10:49:20.0961068-06:00","49A7D28EC921151C1F9AFD6F2A8EF7F3738C730A4E43A698039E36F4811642F5"
"score_trade_result_2022-06-14_NY.csv","3491","2026-07-11T10:50:14.6500689-06:00","D563DE9A9D03882CA2944151703D1359860008957249592E97E47BFB91E8E589"
"score_trade_result_2022-06-15_NY.csv","3126","2026-07-11T10:51:28.1793477-06:00","D47C3172DA811302F185E54D3BBD5BA6B00998F664E8E6E55432390B66FFDB87"
"score_trade_result_2022-06-16_NY.csv","3637","2026-07-11T10:51:49.0609643-06:00","A0D2A9836BCAF7914EB0462B381EA05F763FB0ACF78166E92CB04570F9DA4FFC"
"score_trade_result_2022-06-17_NY.csv","3462","2026-07-11T10:52:09.2322406-06:00","E2ED0AE163312A5CA02328C9C26C686705C55EB8AB05034FC0CC80DD3A2D830B"
"score_trade_result_2022-06-21_NY.csv","3653","2026-07-11T10:52:48.0110647-06:00","C0D6497520D34C98CE76BFDDB691A9A542B26521B4E5839C910D3D691B24F7E4"
"score_trade_result_2022-06-22_NY.csv","3459","2026-07-11T10:53:12.3206970-06:00","6F6C8BB7B391AA0FAB07C04ACDC213845476CBEA6E81EAE1F9B889CF20CA048F"
"score_trade_result_2022-06-23_NY.csv","3465","2026-07-11T10:53:38.8986461-06:00","FFE00013CF7FD1401E1B01AF0AF26A5D2DEC44D16AC751FA6FC4161AC4D97595"
"score_trade_result_2022-06-24_NY.csv","3629","2026-07-11T10:54:04.8342741-06:00","147A4ADB71BFD023B4DF51A1EEF20CD8188CD6391A2C8DFB2CB65542A2B9236A"
"score_trade_result_2022-06-27_NY.csv","3480","2026-07-11T10:54:31.6485092-06:00","7E0EBA3E59A8A12BBB585EC4CBB0E69B4B45C658E884E77458FD964533F3B89C"
"score_trade_result_2022-06-28_NY.csv","3638","2026-07-11T10:54:57.9536436-06:00","80F2D2F2B774C7FED99AE39CAE33BA926F84A5A11958D936FD749A03535FB403"
"score_trade_result_2022-06-29_NY.csv","3477","2026-07-11T10:55:24.7640771-06:00","3A48B1A396E4BAAF55DCA10C8F2E9CF7B666FA1E93F2775C200EB9D7CD78D7DC"
"score_trade_result_2022-06-30_NY.csv","3456","2026-07-11T10:55:51.4968707-06:00","6D9D248019D55D4A01FD9FA15BF4C0D244460008F1C9EE1ED84EF54AE6331CB2"
"score_trade_result_2022-07-01_NY.csv","3633","2026-07-11T10:56:33.0404181-06:00","7E83AC1D7E01DA0E91D9749276EDEC84D85D0A3C5EB5F26927DD6D4FE4E44BE5"
"score_trade_result_2022-07-05_NY.csv","3611","2026-07-11T10:56:53.3131706-06:00","58CD2A2D7B41BDA2A2487DF897CBA1B36512ECA86A0E36D91F86EAB86DD47815"
"score_trade_result_2022-07-06_NY.csv","3467","2026-07-11T10:57:20.8678948-06:00","0BCB850BACC7D9E2A44120E094B8A2EB1831ABDC99CADFB52C316A00EBBC2DF4"
"score_trade_result_2022-07-07_NY.csv","3643","2026-07-11T10:57:59.1987687-06:00","D28F847C72BDDD25D4F6110ADED28C8F2ADDFE4C8C370156B6A7A8D6BA8B6BEB"
"score_trade_result_2022-07-08_NY.csv","3480","2026-07-11T10:58:21.1412132-06:00","144251E34D1DE12C2B5A5A8A1E3613428568694BACF81C06E03852A256147A58"
"score_trade_result_2022-07-11_NY.csv","3462","2026-07-11T10:59:04.9232816-06:00","1FF755FC4543828D0EA8B12D1569701CBAD42A61ACD0707FBEDFA5454B735FAF"
"score_trade_result_2022-07-12_NY.csv","3631","2026-07-11T10:59:46.0948270-06:00","6991108227132D07BCB932CC3F4B3D5A72C378014966041A547BE40DCE4210E3"
"score_trade_result_2022-07-13_NY.csv","3473","2026-07-11T11:00:06.1852934-06:00","76B541747D5D357D89EA8CC780E8C09B8D136B70217B465155D4B6A66E3ECA7A"
"score_trade_result_2022-07-14_NY.csv","3463","2026-07-11T11:00:26.9708262-06:00","B97497388EF715C475DCA2D7B5ACD6650F6B74027F2E7801951F16FEB3751D51"
"score_trade_result_2022-07-15_NY.csv","3615","2026-07-11T11:01:11.6779497-06:00","EC91EE481814E36F9BFD171E64189F7729367809130D60C592D264CB0FE51577"
"score_trade_result_2022-07-18_NY.csv","3480","2026-07-11T11:01:33.6566573-06:00","7E1C21291251535D1A278E0D60CA970DDE4D2260E116ACCD9FF060D5F2DDC69A"
"score_trade_result_2022-07-19_NY.csv","3467","2026-07-11T11:02:33.4066058-06:00","53E27F60726E226DCD416DE24081BAB5CA11D0763C8042F055709639048DF768"
"score_trade_result_2022-07-20_NY.csv","3639","2026-07-11T11:03:17.9503595-06:00","38DE9BAC075D9DBBF4893DEC38BE2CA61168441BFDF3901511825BE79CC5285D"
"score_trade_result_2022-07-21_NY.csv","3477","2026-07-11T11:04:02.5167826-06:00","82AE0E441551A407608C4EA77B4F581B06DCDACD775756F4BE33D0C892726348"
"score_trade_result_2022-07-22_NY.csv","3473","2026-07-11T11:04:43.6738374-06:00","B0F3A8774BDAC7A8AB2A72507D3A0291D76F638D58ABBAA05F802706A9B7D6C5"
"score_trade_result_2022-07-25_NY.csv","3483","2026-07-11T11:05:27.6892607-06:00","9CA149DD8E066F4DBEB93747AE35024541C17F2B0DC86D7449B9D22E84E1AD2C"
"score_trade_result_2022-07-26_NY.csv","3473","2026-07-11T11:05:48.4658330-06:00","9AE9902E8DD55FC66583CF8070341B205E4D3827B16EEDF418A806178BB736DF"
"score_trade_result_2022-07-27_NY.csv","3450","2026-07-11T11:07:01.2946421-06:00","A9D2DB730486A7B530EE214C868A8A15328FDE23012219A46F704A1DD2EBE287"
"score_trade_result_2022-07-28_NY.csv","3604","2026-07-11T11:07:23.5193563-06:00","DADA276BB34228CA2E2ADFB431EFF0AFCEA92945C4B31FC84D1FAC08C92808F9"
"score_trade_result_2022-07-29_NY.csv","3463","2026-07-11T11:08:03.6094818-06:00","C2D17D4FFA1A1F949D07D2EC980B291BCCC47B167AC1C166F197EC4AB9CFB5F0"
"score_trade_result_2022-08-01_NY.csv","3464","2026-07-11T11:08:28.7580218-06:00","F80B2871EF5D83BF1799A90A1499CBBE92C6E9F22F99B8BD97D60698E36378AB"
"score_trade_result_2022-08-02_NY.csv","3640","2026-07-11T11:08:51.6017536-06:00","AF158CA20577A6EAB4F8B0E334EC74912EC83C7B72FD53EDA85CB430245E30BD"
"score_trade_result_2022-08-03_NY.csv","3470","2026-07-11T11:09:24.9121483-06:00","BE0671B0646713C32157723912C22FE356D3A59551DEDC539447FE5DE582099F"
"score_trade_result_2022-08-04_NY.csv","3642","2026-07-11T11:10:09.9286324-06:00","1E4517D668212F46450BB46F0B6AFBE0E19E1307B6486170BED28A2A7FD115E2"
"score_trade_result_2022-08-05_NY.csv","3635","2026-07-11T11:10:42.3739098-06:00","4F84DD3BCABBE0A264FBF9AB53A2BD5B8F5CB5323C687480A4E7E07A46314BBF"
"score_trade_result_2022-08-08_NY.csv","3468","2026-07-11T11:11:21.0878343-06:00","8F2F00E8CE7BB6051E2C7EED0E35BFA9656C6160F4E09ABBBEF352826F782E24"
"score_trade_result_2022-08-09_NY.csv","3461","2026-07-11T11:11:44.8608663-06:00","3E8E0B63EE7C4A09942997C0F41667E1566CA9F97F2CAB69FBDF31657BA54719"
"score_trade_result_2022-08-10_NY.csv","3608","2026-07-11T11:12:10.8140842-06:00","62927817A4D66C423CD93BF4AB5FE76595372996062C54AA14C27729CB7FD922"
"score_trade_result_2022-08-11_NY.csv","3125","2026-07-11T11:13:23.7269202-06:00","9740DDA007823BE67106A69FA2D64BFE42ACFAF1988191461B52693B4A63BFCC"
"score_trade_result_2022-08-12_NY.csv","3645","2026-07-11T11:13:59.5849899-06:00","D7C39778E7BD6190AA22D9A9896B59EE50062C7AE4A0AE5A6C8D75C55B12C3F9"
"score_trade_result_2022-08-15_NY.csv","3664","2026-07-11T11:14:41.7518818-06:00","0526E4FD3257A0C69B2C84DD6B6A26B7261424032C98BDF40B2A817F4D285046"
"score_trade_result_2022-08-16_NY.csv","3596","2026-07-11T11:15:12.7726689-06:00","526F4886084A25B22D15E9DE6D5644EFECD27CD4BE7CA99B9B015C37545078F8"
"score_trade_result_2022-08-17_NY.csv","3648","2026-07-11T11:16:02.1617059-06:00","EE1DA5A3758994B9206E2BF6167B351AD18343B1912ECB78DFA534452CC804E9"
"score_trade_result_2022-08-18_NY.csv","3475","2026-07-11T11:16:31.1868733-06:00","695766391C2515DF5716F2CFBC61FB1477EA22DB42E701E1C2F425E0BCD6A596"
"score_trade_result_2022-08-19_NY.csv","3640","2026-07-11T11:16:51.9136434-06:00","ECB496E87B131A18F276B92FC3E9316581FB9FD744639ED1D1A32D51FAA3F424"
"score_trade_result_2022-08-22_NY.csv","3475","2026-07-11T11:17:31.3565046-06:00","2F909414D03ADA9F83095919E05AFE3BB075AA019D5391F7FA206396028FA5C4"
"score_trade_result_2022-08-23_NY.csv","3640","2026-07-11T11:18:10.1705301-06:00","28A0CA13120B49D73239989B9396DD08944896CA384039A72261E5A777252F7C"
"score_trade_result_2022-08-24_NY.csv","3489","2026-07-11T11:18:53.0089705-06:00","F90B13DB4FC11903DBCC6B878372FC018E727FA506AE154CC35C50D558E93B1F"
"score_trade_result_2022-08-25_NY.csv","3481","2026-07-11T11:19:15.3154275-06:00","64C237B6BF953F6E01DC85B9AC5696CDE44669CA64D7B640183BEF4446EFE254"
"score_trade_result_2022-08-26_NY.csv","3457","2026-07-11T11:19:47.6922645-06:00","4DAB73EA44CBA35DF76DC1010A1DE65B3A171B1466F966EBC314CDE529685CAC"
"score_trade_result_2022-08-29_NY.csv","3473","2026-07-11T11:20:08.0882155-06:00","77757D89495ABB527425C9B9C9610D02BE99082E34EBD68F7EC6F88CD6D591EF"
"score_trade_result_2022-08-30_NY.csv","3659","2026-07-11T11:21:03.6330864-06:00","35F856CFBB67AA5B107B1F8CA551E804B88E5F2BA425DE16681574CD406925AA"
"score_trade_result_2022-08-31_NY.csv","3625","2026-07-11T11:21:41.2711513-06:00","68EBAADEA1792494221D95142AA3CC403FC2A038644E65EC69EE1B839F9AD8EE"
"score_trade_result_2022-09-01_NY.csv","3126","2026-07-11T11:22:54.6030530-06:00","710ED0C341847CE77E1B0E939753EADEC79FAEA8CCF9180A60D15C0F940D9817"
"score_trade_result_2022-09-02_NY.csv","3618","2026-07-11T11:23:27.1188366-06:00","C8930FE3CC80B585042319BDF8D30D686BE3D437EBE6E5437A60C67988943506"
"score_trade_result_2022-09-06_NY.csv","3641","2026-07-11T11:24:11.4072102-06:00","04AE41C3638CA2EB56D03FE376939B5383D593D3B58366471C213529F2D54176"
"score_trade_result_2022-09-07_NY.csv","3452","2026-07-11T11:24:31.2213458-06:00","20429E8831700596FD50292CF5E646E9995A3992967274993E594EFD7896DB6B"
"score_trade_result_2022-09-08_NY.csv","3465","2026-07-11T11:25:15.2875200-06:00","90FAAD473CE88F3CC4CEB744906FB0FBA745BA65260E1748D4E6494D4B723575"
"score_trade_result_2022-09-09_NY.csv","3457","2026-07-11T11:25:42.2312541-06:00","E2FF94AED36997ECACADF90056AA6EFBE229F43B05E40CE09177A366D19B3FEC"
"score_trade_result_2022-09-12_NY.csv","3125","2026-07-11T11:26:55.7920067-06:00","CF2B939DF9DC86825DA977F830FF776416C2016E741927E5B93FCE5C3153E067"
"score_trade_result_2022-09-13_NY.csv","3450","2026-07-11T11:27:22.2793301-06:00","5F00025C5E8180652E6D8CEB5A9E767EAD1B44E775FAA68E8BF9D0D725C37F07"
"score_trade_result_2022-09-14_NY.csv","3637","2026-07-11T11:27:48.7507665-06:00","87E7ED9CB223EB5EC56885077C85EE8AA3948C2D9225E4F546DE2437791236C0"
"score_trade_result_2022-09-15_NY.csv","3454","2026-07-11T11:28:27.3997407-06:00","632CBDE5964D976068BD30A77F14F12F7DDE313B0F11E7B28E209158EA3D482D"
"score_trade_result_2022-09-16_NY.csv","3659","2026-07-11T11:28:50.0209841-06:00","72BC44E2276BB4114EC311A3C15BC6ECA21DA906CA78F13C0322F89D80E07241"
"score_trade_result_2022-09-19_NY.csv","3452","2026-07-11T11:29:16.7370217-06:00","4EEF2E7D76D8DCADB2919043BB5FE99520E6567E716424D4EBBD4F3AA9F7A69B"
"score_trade_result_2022-09-20_NY.csv","3469","2026-07-11T11:29:49.5116850-06:00","D5C40C9EAEBD0E95EA95C887BCC1CCE4EAB740B9E6DFEC765C0A82CB1DCA56C7"
"score_trade_result_2022-09-21_NY.csv","3125","2026-07-11T11:31:02.2978129-06:00","276CEBC4F2998794DBECC9938AD046BB918099F3809DECA165E7D6E4169F77AF"
"score_trade_result_2022-09-22_NY.csv","3126","2026-07-11T11:32:15.7181928-06:00","9A305690043801F613DAC98DE3B0F370425A8CA72C42D618111638D3B791FBD1"
"score_trade_result_2022-09-23_NY.csv","3465","2026-07-11T11:33:13.9815456-06:00","0EC3F6A023D3CBA89AA081B5F12601EA06216AFC12B482A64D53C4749DB762D3"
"score_trade_result_2022-09-26_NY.csv","3653","2026-07-11T11:33:35.1165790-06:00","6632A50D109FC925576E5BC2F43C4E7991E57B22FE702F92E28EB6902E503FB5"
"score_trade_result_2022-09-27_NY.csv","3458","2026-07-11T11:34:01.5582753-06:00","6CE34E6FABE3E40734635AC88EC3818D00E36D96E32A1AA6E651C278376C9EA0"
"score_trade_result_2022-09-28_NY.csv","3629","2026-07-11T11:34:42.0014839-06:00","0FE925C8C4F87E80AA0C1CD4FD17B08D89F87BC4F4FDDA93050C48FA8ECAFA2E"
"score_trade_result_2022-09-29_NY.csv","3630","2026-07-11T11:35:27.0851706-06:00","C729D2AC7B5D8C45B5BF2401E1C738E0FECB39F936D3052CED95E2D0BEA61CE1"
"score_trade_result_2022-09-30_NY.csv","3626","2026-07-11T11:35:50.1135887-06:00","C78EF2BEB2C78D35689D56DD5D2DB67C1AD28E7E88CAE8FFA56B88CC1E07656B"
"score_trade_result_2022-10-03_NY.csv","3460","2026-07-11T11:36:21.6456819-06:00","A1F5DDB0C4234C0CC9FA4FF393BBFA5C62D2D1406A53EB03DEE8C57687D429F9"
"score_trade_result_2022-10-04_NY.csv","3445","2026-07-11T11:37:34.3651625-06:00","8A718AD5FFD03AE56CCE7A393BD00BB3F7103DBBE89A1441595E621033112AFA"
"score_trade_result_2022-10-05_NY.csv","3475","2026-07-11T11:38:01.5800113-06:00","ADB6CE325A2D5D988F882C811D06FDC15AC08A20B2A28AA6C2BB1814E2169032"
"score_trade_result_2022-10-06_NY.csv","3479","2026-07-11T11:38:22.5876703-06:00","2456F592EF7440C04129DA6679D0154CEF9390882F5600B805C4E126504E7423"
"score_trade_result_2022-10-07_NY.csv","3479","2026-07-11T11:38:50.7905708-06:00","906A8EAFECF20ADF5EE7B99A5A027F494FC6DF82956AB33E366728A4B4D604A1"
"score_trade_result_2022-10-10_NY.csv","3619","2026-07-11T11:39:24.4487716-06:00","A28D1A806D57B290BA916A91D3E667D191E35E449442C28D48A12D0147F35274"
"score_trade_result_2022-10-11_NY.csv","3472","2026-07-11T11:39:47.6353073-06:00","489BED8EDDB559146965089C247B0DE0952DCF34767CA1FBBC19D1725591BF88"
"score_trade_result_2022-10-12_NY.csv","3651","2026-07-11T11:40:13.8219111-06:00","121E349953523C3DCDF06F666DCDC31B73AE4EC131492146F8752CE07BADA7BB"
"score_trade_result_2022-10-13_NY.csv","3652","2026-07-11T11:40:46.4072173-06:00","519B412D5A43A6BC065FC14DB1F76DD053A7FDAE4AB06A66A214130C3CD38F2B"
"score_trade_result_2022-10-14_NY.csv","3474","2026-07-11T11:41:09.0694013-06:00","796BE53AB2A4AB7AFBA3491F41D3CE2AAE1E5476D35EB916A1B152F9D4E3FE08"
"score_trade_result_2022-10-17_NY.csv","3477","2026-07-11T11:41:53.5148996-06:00","D8228C23CAB89A890F56A50B5ECAB6E8CD09A11E1E05B91D1B87CEDC4DB5C0D6"
"score_trade_result_2022-10-18_NY.csv","3639","2026-07-11T11:42:26.8627518-06:00","5A002BDE98C1BA5F43282E3C2DD6CDF18242250C3EA424359E613773D96C77A4"
"score_trade_result_2022-10-19_NY.csv","3464","2026-07-11T11:43:05.2019183-06:00","80B6F492CBD9A446C49108284C279922ABA21CDE2DB231D202F0123EDEB3796C"
"score_trade_result_2022-10-20_NY.csv","3616","2026-07-11T11:43:28.7077733-06:00","0142AE03767C8D33EFE181E612A2477D4E3D6F267858533D7A06F55569123CE8"
"score_trade_result_2022-10-21_NY.csv","3623","2026-07-11T11:43:48.7762467-06:00","EAD8BB665A94FDDE3A64BC8475216CAE371892A2C654CDFA944DCD0ADD27317A"
"score_trade_result_2022-10-24_NY.csv","3482","2026-07-11T11:44:18.4222931-06:00","035B800F844B6E62A18C4CFC51761DB5952C176B10C429E07D2DD127220E3858"
"score_trade_result_2022-10-25_NY.csv","3484","2026-07-11T11:45:03.1782764-06:00","C7BB5BB48361DA7B91504B2590B7F37A259B2067E81CC41376A3A76FCF6E2DC8"
"score_trade_result_2022-10-26_NY.csv","3478","2026-07-11T11:45:26.7307978-06:00","DA5679FF7235C16270ED6DE62A3A4159D107AF9B5AAFF46C6E948EE70A1C130D"
"score_trade_result_2022-10-27_NY.csv","3126","2026-07-11T11:46:39.7294462-06:00","2689EC4A80D0EB639F2024C62927AE9EAC5B35A0A6F8B36140802F3648CF28F0"
"score_trade_result_2022-10-28_NY.csv","3485","2026-07-11T11:47:07.5857452-06:00","688C4807BE5CE8ABEC6A8134AFE9CFE1A1518E03C58BB4D2AA25E271E61013E9"
"score_trade_result_2022-10-31_NY.csv","3484","2026-07-11T11:47:45.4794109-06:00","4FF1D08CE4F40BC13F2C7A36943867B744D9E176668A5327D4CDE694AACC5AD9"
"score_trade_result_2022-11-01_NY.csv","3480","2026-07-11T11:48:36.6524607-06:00","20637EEA7259FE7B2C8B4AF02D1243E392545F0C94E8FF991099998275798BFE"
"score_trade_result_2022-11-02_NY.csv","3475","2026-07-11T11:48:57.1032326-06:00","3C419F09DAB32A245BDF28FD17AA93F39690D8358ED66132BEE77EAA001920F9"
"score_trade_result_2022-11-03_NY.csv","3469","2026-07-11T11:49:39.7633457-06:00","E891E9BD74191BE94BBB784400CFA1534F86EBE4D36B8BBA002CA352CE83D8D1"
"score_trade_result_2022-11-04_NY.csv","3465","2026-07-11T11:50:06.0890029-06:00","AA0AE323C0870AB833AE14E0A39D6B4A21383D2E996FBA1929C03DC057EE400F"
"score_trade_result_2023-03-13_NY.csv","3126","2026-07-11T11:51:21.8787269-06:00","93266815CBD5F0012083B7E9E8532E27C3CE99E05521CAF29854FAFBAD40B182"
"score_trade_result_2023-03-14_NY.csv","3479","2026-07-11T11:52:20.7371596-06:00","D0704D40EAA11E5439907766B99458145840F21BA860024EA9493EE4368AAFDA"
"score_trade_result_2023-03-15_NY.csv","3481","2026-07-11T11:53:03.4680073-06:00","58553E341FE5BFA5BC6D5C2C8986AE844AF781CF6B2D71D96B08EF95A3B27336"
"score_trade_result_2023-03-16_NY.csv","3125","2026-07-11T11:54:16.6891226-06:00","50ED41123F6C84B6927F09A8805374D03250EC98E200DC962C8C5EC40DC96961"
"score_trade_result_2023-03-17_NY.csv","3623","2026-07-11T11:54:50.6190059-06:00","05E75F7C5557F3385B09C04C2AEB673EEA9E599B6C5588A0AF4D17AAED51A3BC"
"score_trade_result_2023-03-20_NY.csv","3457","2026-07-11T11:55:10.4317144-06:00","4A07BDEC2012A57DDD8839136DD1BC6436BC47F35991543C26A9544261F7FD60"
"score_trade_result_2023-03-21_NY.csv","3483","2026-07-11T11:55:40.9182031-06:00","D7775D455ACDC7A5062D46C2BCDDDD5662F963D52C69C2343C15A801E73E78A6"
"score_trade_result_2023-03-22_NY.csv","3125","2026-07-11T11:56:53.8673445-06:00","3E554AD466D126C854AD39A2EF283F67E1F56F67034BF88D33F0772888658E3E"
"score_trade_result_2023-03-23_NY.csv","3126","2026-07-11T11:58:07.3388449-06:00","FBD68C160D584565B1C0CB60E7FD0A8D9A26019AB7A50A21D418512BA0B11DE6"
"score_trade_result_2023-03-24_NY.csv","3488","2026-07-11T11:58:35.1618080-06:00","57E83425735603DC292F862ED1B530E0F36AFBCE1B10355659FF8C2480BEEA50"
"score_trade_result_2023-03-27_NY.csv","3606","2026-07-11T11:59:56.9722710-06:00","B1E563B30FC6ACAB1171414C404731F751F730D9E2FD91147003164BA4AF3C1F"
"score_trade_result_2023-03-28_NY.csv","3465","2026-07-11T12:00:28.7808981-06:00","25F674E77B477A763BC115BBBB4162464C6F884343691825BB8EEF1527536EE7"
"score_trade_result_2023-03-29_NY.csv","3463","2026-07-11T12:00:57.4073193-06:00","40BC8769711C7872F39F3CCEF123FE1DFDD90BF26506580753DC6E9911A29D28"
"score_trade_result_2023-03-30_NY.csv","3478","2026-07-11T12:01:46.3115588-06:00","86A056C663C79E0EE93F45C97F9CA2137C22F1FAB8BC30E1417E20B3296DF353"
"score_trade_result_2023-03-31_NY.csv","3125","2026-07-11T12:02:59.2590655-06:00","B59B44421A2967156219C5F79F46864AD315EC20DCE61439975D43AEFE599938"
"score_trade_result_2023-04-03_NY.csv","3125","2026-07-11T12:04:12.6521480-06:00","F8EE941B5EC5496D6B4941856FCD5097ACAAB871E47B8AFB28C063150C0B8ABD"
"score_trade_result_2023-04-04_NY.csv","3125","2026-07-11T12:05:25.9650072-06:00","255DD4F9F382D1C6B7401B0C1B1D5B4DA4DD055EF0E7902AC2E434466F46A96E"
"score_trade_result_2023-04-05_NY.csv","3125","2026-07-11T12:06:39.3698799-06:00","146C54B0A00664692558DEDD1B07248D44012481ED5BC8B489AE918499D641B0"
"score_trade_result_2023-04-06_NY.csv","3491","2026-07-11T12:07:00.4329515-06:00","2C62FBB2CC8146B260DAB59EF256782E298B8051304EB94A7AAFB38F4C554BAF"
"score_trade_result_2023-04-10_NY.csv","3125","2026-07-11T12:08:13.3288949-06:00","8D00362946D7FD4A3237D90EF06ED23841AB310434615866268BB6A6B8E79962"
"score_trade_result_2023-04-11_NY.csv","3476","2026-07-11T12:08:34.8057147-06:00","1C5FEAD0E98B0B5DC69C1AFFD3A0D10076E8197604E90C2272567634C63C0BA3"
"score_trade_result_2023-04-12_NY.csv","3468","2026-07-11T12:09:01.9097500-06:00","89131F45C5DE79A90D97079EB69B866075BCD47D6641846B20B62269B02C04AF"
"score_trade_result_2023-04-13_NY.csv","3483","2026-07-11T12:09:22.9577048-06:00","ED59AC2D0280652ED3F36FF6192B1DCDBAA9A2109BB16BB9E3F11A1A17FFA689"
"score_trade_result_2023-04-14_NY.csv","3457","2026-07-11T12:10:20.9922358-06:00","E7EB2888300F8086E9164B282AB6B53376613E4531A2E3163A56C907A09B1CDC"
"score_trade_result_2023-04-17_NY.csv","3678","2026-07-11T12:11:05.8817941-06:00","FCDACEE7F57EA5CFCBAF4B82DA758A3588104C85334C54FBC84709BA906E3E28"
"score_trade_result_2023-04-18_NY.csv","3125","2026-07-11T12:12:19.4845836-06:00","974778C6D3A0FC03A29753DEE5D3682E3D7AC488020E7F98A99E269619559899"
"score_trade_result_2023-04-19_NY.csv","3659","2026-07-11T12:13:13.4866201-06:00","7783D4FEDDCCAB96366188BF0005478C083D858711D94D228BC18595EF1235D9"
"score_trade_result_2023-04-20_NY.csv","3125","2026-07-11T12:14:25.8639474-06:00","A5DBD18277A24F81D269B77FBB7590D3565B8C5BD086A8C9634CFACCB3D3E689"
"score_trade_result_2023-04-21_NY.csv","3125","2026-07-11T12:15:39.3100991-06:00","420901B5D58F75A554CB2A6197E2AF531CEE99C973B468DD89F8D78350D6185A"
"score_trade_result_2023-04-24_NY.csv","3480","2026-07-11T12:16:06.3667479-06:00","CEC716FA30FCF231202733812C3F99ECC8A7B424E07EDF35087E044D6B25C622"
"score_trade_result_2023-04-25_NY.csv","3125","2026-07-11T12:17:19.7936014-06:00","E0C3D6AB6F2B902AE064C908520893E27F46A3A672F8BFE7CC5F7822D7F8ACB1"
"score_trade_result_2023-04-26_NY.csv","3488","2026-07-11T12:18:20.2660858-06:00","6C2E67DC90A1C0BDA99C42A662FF34BA8D7DA355FA9249D4CEC2D13FAF18F13A"
"score_trade_result_2023-04-27_NY.csv","3657","2026-07-11T12:19:04.8611563-06:00","1D095DD530AF297AEEF315616E19184A59377C9681A6015636FDF86B8780B843"
"score_trade_result_2023-04-28_NY.csv","3632","2026-07-11T12:19:55.1198886-06:00","29101A73E9CD46AF9C6A0B44F18C8B3DEB3D6F30E401631F9D92480DC1CA60E0"
"score_trade_result_2023-05-01_NY.csv","3125","2026-07-11T12:21:07.9804181-06:00","C95F62FBA9E08CD00B7427518E52C9CD23884E95D55696DED4C5EFEB5E311541"
"score_trade_result_2023-05-02_NY.csv","3652","2026-07-11T12:22:04.4692661-06:00","05B2C51A5FB0680F0EC2293B97B0D096FF5D532596FED779F050C2F833D4C517"
"score_trade_result_2023-05-03_NY.csv","3634","2026-07-11T12:22:49.4294352-06:00","F69DEB56EE7A5F8E725AB0A72722CD3304DFA66207BBA27474DD56B0A1DBCDBA"
"score_trade_result_2023-05-04_NY.csv","3499","2026-07-11T12:23:10.5723224-06:00","B33FA595562C349B5F95CC1C04303C07E758156958F6826F02A589155AECCD04"
"score_trade_result_2023-05-05_NY.csv","3611","2026-07-11T12:23:36.5380787-06:00","FB7FFC745ADF77F54F399C552166E3C54FB36D9CD04FE1BF409EB21B76CD4454"
"score_trade_result_2023-05-08_NY.csv","3655","2026-07-11T12:23:57.6292100-06:00","600D9A44BC7967F3C2B52172C487772183FE81236151318C2999F248DDC4F903"
"score_trade_result_2023-05-09_NY.csv","3625","2026-07-11T12:24:20.0568635-06:00","660F9730AAF14AA8A285EA384824B353E015012681B4B25F3519C4CE12FA89CE"
"score_trade_result_2023-05-10_NY.csv","3467","2026-07-11T12:24:41.7734705-06:00","C57E98D12B02BE9FA3DB7D0CB2C307852AAA3E16AD82E4A57E7D30D17118802B"
"score_trade_result_2023-05-11_NY.csv","3506","2026-07-11T12:25:07.8427172-06:00","4DEEBD95710FB7CE47BC27B49121B8AA530AABD83969150920842F2D78E5B303"
"score_trade_result_2023-05-12_NY.csv","3125","2026-07-11T12:26:20.7349867-06:00","F046A5185FEF2AABC502F2BAD7331F7CD3943953EDB84887433AA5FB01E490EB"
"score_trade_result_2023-05-15_NY.csv","3125","2026-07-11T12:27:34.1787351-06:00","DB987DB36DA595598874290F8AC43E143A51FF380CDE4FDD6D5C8C66FC1934AE"
"score_trade_result_2023-05-16_NY.csv","3669","2026-07-11T12:28:07.5242683-06:00","1082E73FA15DF9A802C46231E4E076561ADBA40D5B00E7BD41D24C2B576723F0"
"score_trade_result_2023-05-17_NY.csv","3125","2026-07-11T12:29:20.4128285-06:00","4ED4E2FC0FD721C82E26633EA53FF2C5AE3B559D84EBEFFC551398D470DBECFE"
"score_trade_result_2023-05-18_NY.csv","3647","2026-07-11T12:30:07.0305092-06:00","F531EBC05C6F4A1C46AA99E71A0A76FC8199FBCCA76211C0AD5FF00C0ABE90C1"
"score_trade_result_2023-05-19_NY.csv","3125","2026-07-11T12:31:19.9113636-06:00","A0C9F738F619E5F48F5BDAE2F7656D2E1FE6FBE5394CD3CAAEE3C6F364AADC80"
"score_trade_result_2023-05-22_NY.csv","3665","2026-07-11T12:31:59.6256522-06:00","5BE94FAA46988AB790547718F3B514C778BA48E121B5630C7D617CABE9B5AF02"
"score_trade_result_2023-05-23_NY.csv","3667","2026-07-11T12:32:27.7687595-06:00","280B5F32948DC3B7F884608598616100356A768073BD476509548A8DBD70A14F"
"score_trade_result_2023-05-24_NY.csv","3671","2026-07-11T12:33:13.8550471-06:00","A63C06E0A24AB32694DCE2601ACECF1FDB8003FF569DC72698F980624365B67A"
"score_trade_result_2023-05-25_NY.csv","3615","2026-07-11T12:33:35.1187867-06:00","25EFBEB4158D784C1C9CCCC17F8369EE0A754D282207DDEAB5B33ABC6F1134BB"
"score_trade_result_2023-05-26_NY.csv","3675","2026-07-11T12:34:47.9427280-06:00","B2A9D0ECB92144B5441AA764BC32A781D2DB34DDB787EED2BBBE4F84DAB508CD"
"score_trade_result_2023-05-30_NY.csv","3666","2026-07-11T12:35:16.8089377-06:00","0DBE02FA4FA2DC7441D8EC4BF23FA7CEEFF30AD9476ADC774CA59AA25A65DF19"
"score_trade_result_2023-05-31_NY.csv","3652","2026-07-11T12:35:57.6633357-06:00","B380F155C99A226E8A74B604BFE32C6AD45DA0B7860E67C4622E9F7D628C7357"
"score_trade_result_2023-06-01_NY.csv","3659","2026-07-11T12:36:23.3644245-06:00","9703966B5C053FB45CC66F09499D8342A80ED588D3DBF7B3C14E99A979CC1FF7"
"score_trade_result_2023-06-02_NY.csv","3642","2026-07-11T12:36:52.2811978-06:00","74DB8BC39B566B0EED0738BACA65F4D7FE3CEC8678CE348D4B766F08F9954F14"
"score_trade_result_2023-06-05_NY.csv","3645","2026-07-11T12:37:19.3109036-06:00","321FB2E0F394BB382FAE8DA883EEBAF00FB2AC45B275FB22E40CCE2286310ECF"
"score_trade_result_2023-06-06_NY.csv","3659","2026-07-11T12:38:10.1435845-06:00","A42B0A0AB0EF9762B393A7D83259947C0051D3F2122C1DC53E36B7E9A6E35918"
"score_trade_result_2023-06-07_NY.csv","3623","2026-07-11T12:38:39.1313515-06:00","AA78A6F273E1E13E17F234953325C0F117ABE185AF3DB17D5364E22BF6AFE635"
"score_trade_result_2023-06-08_NY.csv","3643","2026-07-11T12:39:01.0347929-06:00","ED84A08D1377283E092B2B485A7929D5E20E2177153885E01EF86764F5E8795D"
"score_trade_result_2023-06-09_NY.csv","3506","2026-07-11T12:40:21.1224103-06:00","E77143409B6AB7FF00C979E4DD25786CF86EBD3EEC15A563F5570F0AEF55C783"
"score_trade_result_2023-06-12_NY.csv","3125","2026-07-11T12:41:34.6445487-06:00","8DF1A47083EC7E109F43B6C772987A3B8223AC62B52000DD61559EFDE54BDDB1"
"score_trade_result_2023-06-13_NY.csv","3660","2026-07-11T12:42:19.7806688-06:00","7F43E9C134C29B0441A1FD35AE3E9C786108B2CD02496074D70A5DCFA038A1CF"
"score_trade_result_2023-06-14_NY.csv","3672","2026-07-11T12:43:13.7317027-06:00","48D8263B3B14B2E96FA63A7BBD6B469E8AAA2591A0A32034D88B5E60C69448FB"
"score_trade_result_2023-06-15_NY.csv","3656","2026-07-11T12:43:46.0072566-06:00","F6BE69EB4815953BEFACC70CC24C6D67E2C6EBF798EBE342FCBD360D42378480"
"score_trade_result_2023-06-16_NY.csv","3650","2026-07-11T12:44:27.6095541-06:00","584345AE289E24132BF85A0C47CF5FC94EAC1A860E6C97B7FB37651E31F65629"
"score_trade_result_2023-06-20_NY.csv","3651","2026-07-11T12:44:48.0394862-06:00","F875B2182BEE36363E6A8787796D5762DCE056A30726BE8573B6ECCBD4B2C294"
"score_trade_result_2023-06-21_NY.csv","3643","2026-07-11T12:45:14.3093230-06:00","2CB4DC795277B9511302F46154C820920D281BA96C34142D18BB08236FCB4F12"
"score_trade_result_2023-06-22_NY.csv","3639","2026-07-11T12:46:03.4042215-06:00","6EBE4639C8FFB10518A4B7080968504CBFCC7E1F27354985F2F9FEDF4263EFDB"
"score_trade_result_2023-06-23_NY.csv","3652","2026-07-11T12:46:29.7788391-06:00","0AB12D8C5D62A970CEDCA76284BEBCB03B2A75C1F6611C10762AF63BEB43FA04"
"score_trade_result_2023-06-26_NY.csv","3680","2026-07-11T12:47:30.9165442-06:00","66FDD214FC51E2D74E86FD00578962765FAB2F4195272CA17574AE9A38117E1A"
"score_trade_result_2023-06-27_NY.csv","3671","2026-07-11T12:48:20.5716209-06:00","4D43DFA9ABD5FEFDF4B78CD912CB3B9A10DD53E5A0A627688877B79465325A18"
"score_trade_result_2023-06-28_NY.csv","3126","2026-07-11T12:49:33.0132113-06:00","89384515F9579E5157293129C115B274B69348A5254FED184261CAFD861D0EC9"
"score_trade_result_2023-06-29_NY.csv","3473","2026-07-11T12:49:53.2642581-06:00","14178878B783B1C89B1F641B1082F217AACC697BACC81518C267F60F0E070AF2"
"score_trade_result_2023-06-30_NY.csv","3662","2026-07-11T12:50:46.0582351-06:00","99183815E3C263B64D8F2803CDDF20457474FA5A7FA4C8F76B303DF04CF0859C"
"score_trade_result_2023-07-03_NY.csv","3125","2026-07-11T12:51:58.7821038-06:00","AB1BD33F84651D2CD9EA106DC108455CB691C4CD9F23C2E5628EC32FCB3A975C"
"score_trade_result_2023-07-05_NY.csv","3126","2026-07-11T12:53:12.0392471-06:00","6E9E64AE4AEFB325951D6200D8A9611DCB432423E44BCC92183EDA61616F428F"
"score_trade_result_2023-07-06_NY.csv","3685","2026-07-11T12:53:59.8364548-06:00","A6FFCE92FAB0CE5051C3331E23AD2527302B0BC45B5D0DB45F90C1E498FB92FA"
"score_trade_result_2023-07-07_NY.csv","3125","2026-07-11T12:55:13.6886577-06:00","761983A717E389DA086AB1678AD17D73A8FAB13908D01A549580B975A35FB756"
"score_trade_result_2023-07-10_NY.csv","3126","2026-07-11T12:56:27.1599068-06:00","70A853C4B045FAA60A42E9BD52E78F7BC5683F75E46F78AB6EA3A17472AEF3CE"
"score_trade_result_2023-07-11_NY.csv","3487","2026-07-11T12:57:08.1217467-06:00","DA4947E6F20C6A84E41807AE0411F7917A86E64294C403F14A095950F9814BC5"
"score_trade_result_2023-07-12_NY.csv","3653","2026-07-11T12:57:28.8219027-06:00","D08D75EEF45F8F883BF54AD53FA1C5064F0F3165BCA8A6980978B40ABC65C4B0"
"score_trade_result_2023-07-13_NY.csv","3655","2026-07-11T12:58:13.7262054-06:00","111B5A0CB6805A8CB228C3DED5FFDCB267DD0FDA363F766D68EF83F2D66AE3B9"
"score_trade_result_2023-07-14_NY.csv","3126","2026-07-11T12:59:26.6684899-06:00","CAFCF57B509110B9C8603C6C0DD2ABB67E530CEC1D9C3AAC8D05CA5A138FA641"
"score_trade_result_2023-07-17_NY.csv","3679","2026-07-11T13:00:40.0306278-06:00","45D5EEFAD3F1C1099080D46EF256E885ED887B37EAC821CB4E2D86136F905E2C"
"score_trade_result_2023-07-18_NY.csv","3126","2026-07-11T13:01:53.4010975-06:00","EFB36EEDA1F6C83FDE9752F0CA26EFB89ADA501B9F1645374B0480CFC01970FA"
"score_trade_result_2023-07-19_NY.csv","3641","2026-07-11T13:02:13.9353449-06:00","AE212C125F04C52C380B08DF0D60E2D88A81E590F00633EECB0F892453406D02"
"score_trade_result_2023-07-20_NY.csv","3647","2026-07-11T13:02:42.1288721-06:00","26BA57AA87EC898EF50FBE4E0C617BF14C6E965507498FFA1C81B50853A892E4"
"score_trade_result_2023-07-21_NY.csv","3491","2026-07-11T13:03:20.0861368-06:00","7857667AE056B8F90323860A0D952C543B8A28406F2C101EF9AD8CCA2DEB02E6"
"score_trade_result_2023-07-24_NY.csv","3481","2026-07-11T13:03:49.5240023-06:00","A7DE346E870EA11D81396AE815A5F6059179F4FCD6B2AA05DE0DB39512150049"
"score_trade_result_2023-07-25_NY.csv","3644","2026-07-11T13:04:15.1583661-06:00","27701145B8EF7698BC742396359267279FEC80C5A2BA0CDE8E8E0E2A8D2A5DF3"
"score_trade_result_2023-07-26_NY.csv","3681","2026-07-11T13:04:48.5470979-06:00","776D0758DCEC382C3E3C896900EA6A71E01A01A576331F80C5216FB829E94431"
"score_trade_result_2023-07-27_NY.csv","3643","2026-07-11T13:05:20.5460083-06:00","7A710E4021D1958992B378A4D158DB8B0C3CF4066502D4A909EF68D47A381D27"
"score_trade_result_2023-07-28_NY.csv","3125","2026-07-11T13:06:33.3897921-06:00","7003BA1EDA715287B6B1615B3E2DB4CBBBF7DC4E9733CB3B91D92322BB879072"
"score_trade_result_2023-07-31_NY.csv","3667","2026-07-11T13:07:12.6026270-06:00","2777EE61866FA8A6D398E0EB66E5F039E561BB3DAD6F3C21740D91462F465654"
"score_trade_result_2023-08-01_NY.csv","3126","2026-07-11T13:08:25.1992086-06:00","11AE393DCC3EF612CE5AB03B56A3DB4E86A10EB88776E9C9570250215C9C58F2"
"score_trade_result_2023-08-02_NY.csv","3488","2026-07-11T13:09:05.7224556-06:00","520E6C62CA9A68A64BB000AF215CF22BBE3106F62E9D6A449C4693ADBD825D19"
"score_trade_result_2023-08-03_NY.csv","3659","2026-07-11T13:10:03.7992065-06:00","30242136CD81D3573B9A91AA31C09816773BCF6E59E6F80C166AFCCB62F58277"
"score_trade_result_2023-08-04_NY.csv","3671","2026-07-11T13:10:26.1181224-06:00","F0064069D369AA2A16A8479DE765254A3547B85DBEF538CA0834FCD2D36E5B64"
"score_trade_result_2023-08-07_NY.csv","3460","2026-07-11T13:10:45.9779241-06:00","C178C32ED9FC3EB4E88B149CAB4E6FAAA4C441D8ED2B7C35093E2CFED41C4D9A"
"score_trade_result_2023-08-08_NY.csv","3671","2026-07-11T13:11:46.4957747-06:00","7A6345F9B40AA4A3CB5A9DA8C65A7E5EE7881F7BC9A931283CF03ECA5FF6A162"
"score_trade_result_2023-08-09_NY.csv","3125","2026-07-11T13:12:59.4858199-06:00","470B53F481AAA2BC9AD08EE9C444C26867A6780C1F65639CBF76F92392CAC3C9"
"score_trade_result_2023-08-10_NY.csv","3492","2026-07-11T13:13:30.0198812-06:00","7E25DF6BC6FDBD1C4345F67125D0E453F18CCC1804C101586B6EBAADAD7FE050"
"score_trade_result_2023-08-11_NY.csv","3641","2026-07-11T13:13:56.5743284-06:00","5E3A1CD5F3233BE58396354CE8398AB1118E33A827761B5BB916A4E250FF0EFF"
"score_trade_result_2023-08-14_NY.csv","3649","2026-07-11T13:14:23.7874553-06:00","8975548CA6DCE233972ED045EC5588F01ED6809D38B0EA3A553D62EC2E98F6F0"
"score_trade_result_2023-08-15_NY.csv","3126","2026-07-11T13:15:36.7763475-06:00","3E44AD3B415EAD9D692FC9C1064A113208267B97DDFD5AA3790BED5B9AE568E4"
"score_trade_result_2023-08-16_NY.csv","3643","2026-07-11T13:16:04.4498326-06:00","EBFD49556EE7A5C709A65EB2969D2D6D70EC6C68AE58A7C9B1DCE933C34A0E57"
"score_trade_result_2023-08-17_NY.csv","3664","2026-07-11T13:16:31.4422824-06:00","577D04DCDAA4DC066FFBA4C03E4C633168E3A1407520B805E975C571F59BCD02"
"score_trade_result_2023-08-18_NY.csv","3665","2026-07-11T13:17:05.1251348-06:00","D21F5DCD7A35F8F9F04874338A51DDEABAA423FDAF1004C0C4CDE7A6F3020647"
"score_trade_result_2023-08-21_NY.csv","3601","2026-07-11T13:17:45.0619632-06:00","09DAABC8DCE61432A165CBC9E41E3AA1FA71C699E448515487CDD54BA1E2BAD6"
"score_trade_result_2023-08-22_NY.csv","3680","2026-07-11T13:18:45.3627168-06:00","B646EDA7F3A41A95619FD56A5FBDE0A794E9888FF9E7D97AAF09FE12695F7FDD"
"score_trade_result_2023-08-23_NY.csv","3482","2026-07-11T13:19:29.3749594-06:00","EACEF9935604B2491181788E1FBA399A2756A69B48B9D5A19B054248971CB53F"
"score_trade_result_2023-08-24_NY.csv","3488","2026-07-11T13:20:19.5860459-06:00","BCA7FBB41EF0A5CB638F75A753D12ACFA30484E7F4161B3384732194850DC8BD"
"score_trade_result_2023-08-25_NY.csv","3667","2026-07-11T13:21:03.9251877-06:00","F2A6F3F4DF670AD4CD730BFA824BDF18373C98C9243B07528F1366E0759B0A52"
"score_trade_result_2023-08-28_NY.csv","3619","2026-07-11T13:21:42.4406627-06:00","93F0F98D06050DCD44C94CAB5F9292AF0B82F8C786DEC8D9F61E755A386333AE"
"score_trade_result_2023-08-29_NY.csv","3486","2026-07-11T13:22:02.2374779-06:00","B8D28DF966CF160BE26F7CBBAD96930459F54D43B26C68D75CB9C446C36AF28A"
"score_trade_result_2023-08-30_NY.csv","3630","2026-07-11T13:22:29.0392495-06:00","D5F5E9AE7B62CC5904324B582B6767AC3826228EEC980BF8DE6BE95B3EF6C48F"
"score_trade_result_2023-08-31_NY.csv","3459","2026-07-11T13:23:12.5018785-06:00","2D73826EBBAC80C5B9C82D9A37C8D9F105B3E2ADB1391478EB705C8C1BB93BDB"
"score_trade_result_2023-09-01_NY.csv","3475","2026-07-11T13:23:33.6091416-06:00","782143F331C44D52129AA4A5BB79E95228128E95D716356989C894972BFA67CC"
"score_trade_result_2023-09-05_NY.csv","3675","2026-07-11T13:24:17.3521120-06:00","09EFAC0E73C6423B4E83BD64AB296F7E4DDB7D03FF13434B2CD14346E6DBAEBA"
"score_trade_result_2023-09-06_NY.csv","3654","2026-07-11T13:24:55.7317015-06:00","A01D402F2CF41BAD325CA808C362D39F4868D7E57F69CFF28AF4003E5399B90A"
"score_trade_result_2023-09-07_NY.csv","3660","2026-07-11T13:25:35.2779850-06:00","F58DA0ACEB179D111CF31D2734DAC04FD7CD660B78ABDC4835D9978DFD771478"
"score_trade_result_2023-09-08_NY.csv","3645","2026-07-11T13:26:04.9543460-06:00","236885F90056E4017FEA9DD189B4D784D460170163022ABBDEDB97BA24C0D9A6"
"score_trade_result_2023-09-11_NY.csv","3642","2026-07-11T13:26:30.8370194-06:00","3E7D610511D74C56C2DD295E0896EB72BBBC05AD89C7256D5DDDDBA2EE6C9DD7"
"score_trade_result_2023-09-12_NY.csv","3665","2026-07-11T13:27:09.6274035-06:00","CAC93466F289431EB0BF96DC2D563EADDB6FFD03536E5F63459F5B66737382AD"
"score_trade_result_2023-09-13_NY.csv","3467","2026-07-11T13:27:30.3145989-06:00","194FDD9298CD2CAF4987FC4A9DDD0548E774FE17F863E25E5FB7436B723FEA49"
"score_trade_result_2023-09-14_NY.csv","3654","2026-07-11T13:28:09.7709194-06:00","03C28B9AECACA4559BB6F2B5FDFBB8D8D94914EFA1E9013CAFD9D7076513DC60"
"score_trade_result_2023-09-15_NY.csv","3125","2026-07-11T13:29:22.6718818-06:00","2DC4F2B3D7D80D76B7CD3D291850B58DE3F187A97C0B8B4124A875628219D041"
"score_trade_result_2023-09-18_NY.csv","3636","2026-07-11T13:29:56.7136145-06:00","B347B2D02A9AF35DB960CD67229B6D9B7AE8AC9142A68B2662BB49EFF8046A9C"
"score_trade_result_2023-09-19_NY.csv","3489","2026-07-11T13:30:16.8854884-06:00","516F97AABD1A6FD90C842DC2EE784DCAB24A3EF589FF9DAAC82B0AAEEC007B8E"
"score_trade_result_2023-09-20_NY.csv","3676","2026-07-11T13:31:02.9867210-06:00","AA03C5425CE22E067F6193979D7C6E85FF711F46315EB783ACB08594BBE8CEFC"
"score_trade_result_2023-09-21_NY.csv","3625","2026-07-11T13:31:54.5117563-06:00","406B00B95BE240826219FA09C4814B0ABD55AE8920429D4A37DC6103996FE911"
"score_trade_result_2023-09-22_NY.csv","3126","2026-07-11T13:33:07.5357254-06:00","DC70BACCE388D1FF38871A6EB68E4268CFC9D60B45D82CFA7CB11CCF5FF52355"
"score_trade_result_2023-09-25_NY.csv","3125","2026-07-11T13:34:20.9319431-06:00","248380C7ED378D19CCFF161A84E378AC66902D3227BA8B5D3ABF5374245C7CCD"
"score_trade_result_2023-09-26_NY.csv","3125","2026-07-11T13:35:34.3466306-06:00","B106AE8C9A0DA1828BE5A414588D50A381EF3A62D06F28B596CA7D01944EF7FA"
"score_trade_result_2023-09-27_NY.csv","3476","2026-07-11T13:36:05.3532510-06:00","049893D8610C522B09BDE2399D9C636EED2197234FF34F35E985C541BFCE1891"
"score_trade_result_2023-09-28_NY.csv","3664","2026-07-11T13:36:37.8623104-06:00","FE914F59661F983C2AE650C6F57B3DE497E21339D258C3C2B6CFB6A42E5A2AC8"
"score_trade_result_2023-09-29_NY.csv","3126","2026-07-11T13:37:50.6913780-06:00","27A44044FD29AE02C4F16B19C02FA8542A69EA0EF986DF723DE5CEA24DACA894"
"score_trade_result_2023-10-02_NY.csv","3468","2026-07-11T13:38:26.4633477-06:00","0396A408DFF6C0FE9F45521C5B21175075FF15E7F88282F8FFCC29B1CF1239CC"
"score_trade_result_2023-10-03_NY.csv","3126","2026-07-11T13:39:39.3758744-06:00","9940C6A769D6AC6AE8B3642774193F030C632689B5D681347C76A99D2D6F2AA2"
"score_trade_result_2023-10-04_NY.csv","3639","2026-07-11T13:40:06.0892386-06:00","2E32B5718AC3BE8B181EC7503350E6C49D38254CBE676BE0B0C75A61A2E4654F"
"score_trade_result_2023-10-05_NY.csv","3125","2026-07-11T13:41:19.0739281-06:00","5F80B6E1C4B7D5954682121CFB776DF1A54B1052B09BA17C71A76F35166FB68E"
"score_trade_result_2023-10-06_NY.csv","3483","2026-07-11T13:41:40.1275211-06:00","ACFEE6E83AE1778265A5E175C7C715DB6505A4C47003B84FE7115C7AF88F06FD"
"score_trade_result_2023-10-09_NY.csv","3659","2026-07-11T13:42:09.5186017-06:00","7F5BFA4D43CBB34EE33C5959CC1E3766C0E07FA8173F495E54378C5A9ECB55C4"
"score_trade_result_2023-10-10_NY.csv","3125","2026-07-11T13:43:22.3248481-06:00","5CA7765EADBF97C665F6D4333BDE0032A791C5EDA59B35BE709C352C00EB080C"
"score_trade_result_2023-10-11_NY.csv","3662","2026-07-11T13:43:48.6924737-06:00","2A7CCED203A3D9F54A7DFD9020ADAC147D61A1201E2101073E031F17216189EB"
"score_trade_result_2023-10-12_NY.csv","3690","2026-07-11T13:45:03.9505746-06:00","81108E30DC464A960AD39A85900A31D7BE304B03E4768547E4755FC626B5D1BD"
"score_trade_result_2023-10-13_NY.csv","3656","2026-07-11T13:45:49.8393822-06:00","3181B6A36E6007E46BA299181AAA34836B6E5BF8FAFA2FE863368A4AFC3C8833"
"score_trade_result_2023-10-16_NY.csv","3476","2026-07-11T13:46:11.5621107-06:00","2394DE050D5EF441978B0E19AD06ECCA3BC5A9C94BD52E163E60B98D0A83A9F7"
"score_trade_result_2023-10-17_NY.csv","3655","2026-07-11T13:46:31.7787611-06:00","103180B18896855A4ADC9E911C2AF604F4D2E584D2066513C5ECDBCD0E065D46"
"score_trade_result_2023-10-18_NY.csv","3643","2026-07-11T13:47:03.9162707-06:00","74FB42CAEE6BCC5A7C512BDD6805756619D636CE7329B2FDF86B0AD9A2CF9CED"
"score_trade_result_2023-10-19_NY.csv","3668","2026-07-11T13:47:55.8835326-06:00","1C53314A9C8EC7242762E9A787672878FD47E7EA44266D17C407BDEA294B5CE0"
"score_trade_result_2023-10-20_NY.csv","3673","2026-07-11T13:48:41.3274542-06:00","CCD014C0EBC47981AEBB633CB020096B383DF8D445E834AC091EA458013A5137"
"score_trade_result_2023-10-23_NY.csv","3481","2026-07-11T13:49:30.2210856-06:00","5CE7592F0C71553FF2C4AE897F4BB45B3568DAAD625B353F57E77C57742DC7D6"
"score_trade_result_2023-10-24_NY.csv","3609","2026-07-11T13:49:56.4385000-06:00","F8D639F6292A975AB2890044526457DC7603D32CAC28D00CB8D3277ABD1157A9"
"score_trade_result_2023-10-25_NY.csv","3479","2026-07-11T13:50:22.8127840-06:00","5CDD1D576EA921ACA4A0A12DB860178A8435F0C2792635B047E50BDB7AFC0BA4"
"score_trade_result_2023-10-26_NY.csv","3480","2026-07-11T13:51:10.8423390-06:00","DC41E61DE8B012891B89BB424A0F08DB5F77E3D579135778BFE69CFFE90D0251"
"score_trade_result_2023-10-27_NY.csv","3126","2026-07-11T13:52:51.0662444-06:00","36479A9C858DAA2653746114ED91E1B466E853E1FB81FD865CD5DE8D06EFF5C4"
"score_trade_result_2023-10-30_NY.csv","3491","2026-07-11T13:53:36.4411231-06:00","2C908E74E0BCB9E4F014005267A6393FF02010D1DA6959B5C490EE97B1635326"
"score_trade_result_2023-10-31_NY.csv","3649","2026-07-11T13:54:13.4533903-06:00","AD140D8201525C7835CBBB5806316DC43D8A1F679A92367E6C6E424378584053"
"score_trade_result_2023-11-01_NY.csv","3642","2026-07-11T13:55:14.4852593-06:00","AA32BC56D8371B830486AD19DD550743E4E99582AAE45788109853A9DE24AF6E"
"score_trade_result_2023-11-02_NY.csv","3669","2026-07-11T13:55:48.4893098-06:00","1DBF7A7B29A3DCC343B1332180A49220CFAE6D5CFE509935EF558D3FB2E75942"
"score_trade_result_2023-11-03_NY.csv","3125","2026-07-11T13:57:05.2805622-06:00","861572CF81B74627924CD2CAB46DB65E22C16215BE8B6714206EE34D1D4C9B72"
"score_trade_result_2024-03-11_NY.csv","3665","2026-07-11T13:57:36.9237981-06:00","203F382C60059D7110600DA7005DD878CD0F5B9B86DFA976A16FB4D72D8C451D"
"score_trade_result_2024-03-12_NY.csv","3632","2026-07-11T13:58:19.3847665-06:00","DBDCC4D97BF5C2F41CEAE5B78ECE8D5D818BBFA48B3D014BC06EC99952F5009A"
"score_trade_result_2024-03-13_NY.csv","3482","2026-07-11T13:58:39.9074591-06:00","E76724036867FA32C8EF2E21D1A5EA31FD858F7395DC6671CD99AAA07DB9EFD7"
"score_trade_result_2024-03-14_NY.csv","3626","2026-07-11T13:59:00.8787600-06:00","F5A02E7AE21D38353268CE0C42BF91A5B1FD58E237F611D9C8405AC50C4F43E8"
"score_trade_result_2024-03-15_NY.csv","3663","2026-07-11T13:59:23.3029527-06:00","54B17B119FE4089021AF223487643346C37316790B82E451E7E0D678FBCE8939"
"score_trade_result_2024-03-18_NY.csv","3675","2026-07-11T14:00:10.9708117-06:00","3DE805C522D275DDF19E70A8A18C91BA5A8D0A8F67F74CE3305285F36D7D76B9"
"score_trade_result_2024-03-19_NY.csv","3633","2026-07-11T14:00:33.6491824-06:00","C37E05D6EE85DED115246E7C9746D9EF8A7040DBCC518D4176D06EB408E2D9C4"
"score_trade_result_2024-03-20_NY.csv","3652","2026-07-11T14:01:18.6346041-06:00","61DAA4BC1095B5D95E28F96A6C02E997F2B0E2CAB55DDFC590A948BF2C1E32A1"
"score_trade_result_2024-03-21_NY.csv","3495","2026-07-11T14:02:15.8073151-06:00","006192DBE3EDEFD02C15788B50A7ECE643A4CAD15376D715FB10BD7541F97F17"
"score_trade_result_2024-03-22_NY.csv","3125","2026-07-11T14:03:28.7701691-06:00","8D099EC43B1E906CEBABF4E05E865E31B5FD192D0CB7F274B8B753BC38D295FC"
"score_trade_result_2024-03-25_NY.csv","3125","2026-07-11T14:04:42.2357980-06:00","115CADF8CDE0F0C8D22E0FAEA1A576E5356239BB7BF9A1C37E31ACD67D57B12C"
"score_trade_result_2024-03-26_NY.csv","3662","2026-07-11T14:05:11.9133945-06:00","BC14C2220D7D2BBAE13EEC2692B5A710BC06C1B5DBD5D235E6A568F831C6C816"
"score_trade_result_2024-03-27_NY.csv","3488","2026-07-11T14:05:40.1452346-06:00","AC6E80A304A1504623ECEBEE461CF42CAEFA7E1C1C2C17A94E91C28B6474D61E"
"score_trade_result_2024-03-28_NY.csv","3477","2026-07-11T14:06:02.4546991-06:00","0BA371C704E5DD4C5E7C10BE6CBB9EF27922397484ED83F7F8F1461FAC9A9976"
"score_trade_result_2024-04-01_NY.csv","3474","2026-07-11T14:06:36.8586817-06:00","B1DBEC6F866E7CCC315BB87A09D16EE1FC319EBF0599F20DD299B4A8877BF90C"
"score_trade_result_2024-04-02_NY.csv","3490","2026-07-11T14:07:28.3828940-06:00","4F3299A931253E1827F0A7C1E57C839B059DDD631429BB34995FE2E11B06EAF9"
"score_trade_result_2024-04-03_NY.csv","3125","2026-07-11T14:08:40.8763784-06:00","31CBEEA0D78C6A7B89D7A30EF114F4AEC91DE3DBA0A1EE987980B112D1C8A7AE"
"score_trade_result_2024-04-04_NY.csv","3472","2026-07-11T14:09:25.2344927-06:00","3077225A1358074118B4864F7EACD8F679D7D0D081D7956ECAC9FFD9D7656640"
"score_trade_result_2024-04-05_NY.csv","3125","2026-07-11T14:10:38.0336189-06:00","47E13CF9185416A28140077B79DA56D1FEE1D9968317D84906ADD3AA885F508D"
"score_trade_result_2024-04-08_NY.csv","3482","2026-07-11T14:11:23.8683765-06:00","F2CA864189B51A410F296137B9EC24E29310A1D6A206EB28B83B1FE88BD81874"
"score_trade_result_2024-04-09_NY.csv","3498","2026-07-11T14:12:02.7240595-06:00","64F35FFB451903BA56E126A0AE7CCAF838CE2B33618A15E016A7D16F938809BA"
"score_trade_result_2024-04-10_NY.csv","3650","2026-07-11T14:12:30.1241429-06:00","69BA90AE2B22014F7FE05AF3A0B3124F7D4DC726276E00C27A5E3ED06DDB94C2"
"score_trade_result_2024-04-11_NY.csv","3125","2026-07-11T14:13:42.9502919-06:00","E1696AEB203A06CF23EA073A6C074F7A541A27FD53C7B1020D8894C84A2D98D4"
"score_trade_result_2024-04-12_NY.csv","3125","2026-07-11T14:14:56.7555927-06:00","86903A9422D638A67A6F9228D79652A769D145E0B9CBE7E530746F5C3AD933ED"
"score_trade_result_2024-04-15_NY.csv","3659","2026-07-11T14:15:30.6588138-06:00","89F0AE8F47CE3671E7BE8D803A155DA843AD827F52E56DBA19FAE98F3EE8D48F"
"score_trade_result_2024-04-16_NY.csv","3126","2026-07-11T14:16:44.2073723-06:00","1973DA664868F07B24CFE65C63C33A338EC93B556316D2F96EC9368426B5C202"
"score_trade_result_2024-04-17_NY.csv","3643","2026-07-11T14:17:29.3255681-06:00","B1A86B56CC8D8FF58AD3962C1891C43981C0FC3564786D4E31DEF69D9594C32B"
"score_trade_result_2024-04-18_NY.csv","3665","2026-07-11T14:17:55.2829629-06:00","77AD41A2D82A5796298C052B5F2C1BB3E0B2FF213023EE727D6A6A065C97E75A"
"score_trade_result_2024-04-19_NY.csv","3493","2026-07-11T14:18:20.7504957-06:00","C6370BA5D172C77ADB4A1DCC209E46B16FEB6EC8399C014EAAE2BB0A5A733B79"
"score_trade_result_2024-04-22_NY.csv","3484","2026-07-11T14:18:42.2282742-06:00","1C02BDA81DD19FE4D07BCD9CF44C33F2EFFA457203FF445ADC57100768EBE159"
"score_trade_result_2024-04-23_NY.csv","3125","2026-07-11T14:19:55.3058051-06:00","36D51A52F49226B6FE6F182C0A5FC950BCF6CBECA607214970B265E672E5EC84"
"score_trade_result_2024-04-24_NY.csv","3665","2026-07-11T14:20:46.0956492-06:00","2AB6DC4E319D36DC3322E72F8B5C4E0CD60E54E94C598E5AC751072381C85A55"
"score_trade_result_2024-04-25_NY.csv","3672","2026-07-11T14:21:14.1588081-06:00","4F3380F818217174DFD312B5A8A7014DC8BC8007FD41F9129D8FB862E8C03B5E"
"score_trade_result_2024-04-26_NY.csv","3510","2026-07-11T14:21:56.4578531-06:00","F2C98D2E454C5F312F9734E2B650854A362BE0CDD4554D5DC324325ED4D6BFB5"
"score_trade_result_2024-04-29_NY.csv","3125","2026-07-11T14:23:09.5810894-06:00","1ADEE74DB7484BD4BA6D5583BC71386B684B6B02372A1C821EDDF7B88D4B2481"
"score_trade_result_2024-04-30_NY.csv","3126","2026-07-11T14:24:23.5854925-06:00","4D1DE2E69DDCC82231484525659EB88331D31E4741EFD0F4DEFE24B0212161AF"
"score_trade_result_2024-05-01_NY.csv","3643","2026-07-11T14:25:08.6382457-06:00","DB16C21BB24D8AA9AB2E903A2970F490672056926418D5DB2082D47C2B724354"
"score_trade_result_2024-05-02_NY.csv","3507","2026-07-11T14:25:30.3058350-06:00","5A7E90092148675D1D093C3569A20EB15A20FC59308EA7E06907FC7741FADC81"
"score_trade_result_2024-05-03_NY.csv","3125","2026-07-11T14:26:47.7629261-06:00","B917B4F3EDB3B6534E0F89307F2C2721CD77CEDE28C71D21288AA50EE336DFFB"
"score_trade_result_2024-05-06_NY.csv","3646","2026-07-11T14:28:12.9708302-06:00","9D91AC2545E929F6FB55949AFF52593EC6D95384930E2C6C645BD837298F9981"
"score_trade_result_2024-05-07_NY.csv","3463","2026-07-11T14:28:37.6228290-06:00","8C537C130C192175E2BBBBCF306360726784EBEC8623C4F7198DCECC1A94A70F"
"score_trade_result_2024-05-08_NY.csv","3125","2026-07-11T14:29:52.5535344-06:00","6331D90CF3474D9788C407ACEF577AA69F3843E6F6F27032B02BEC13133D047F"
"score_trade_result_2024-05-09_NY.csv","3663","2026-07-11T14:30:30.2264683-06:00","E7E5D33BDC45ADBDBE5DD653B8DA69F9C5C75DB3E47F463C0AE659924C3A2F08"
"score_trade_result_2024-05-10_NY.csv","3463","2026-07-11T14:31:11.4890047-06:00","7815B4FCE7907742113A86E977F7CB54C41014E48FD9B6607D94B1C890961B39"
"score_trade_result_2024-05-13_NY.csv","3687","2026-07-11T14:31:52.6883785-06:00","935DA0F184300AC9B534D5891EA0F1F3E24F4E694A0C1E0C96FCF7063607BF31"
"score_trade_result_2024-05-14_NY.csv","3508","2026-07-11T14:32:31.1880208-06:00","899E7A345CB885DF7B9A7283A7A735A74B4A9192363E86E2FAF59B219FE41DCD"
"score_trade_result_2024-05-15_NY.csv","3659","2026-07-11T14:33:16.6941432-06:00","4C1073DD6E78A63EB363751EF56DFE138EA3F11E2AE2090E8EE40D63738C3E26"
"score_trade_result_2024-05-17_NY.csv","3666","2026-07-11T14:39:08.2036366-06:00","DB1DA34CAB7B97F04B692EEC0549C1BBFA63F23255B370D85DBD0BE83EE78B97"
"score_trade_result_2024-05-20_NY.csv","3668","2026-07-11T14:39:42.7966737-06:00","205903B9A02E71473A797060D3E3C409C5F27EC8649DF2BC53FF1BC4001745B9"
"score_trade_result_2024-05-21_NY.csv","3688","2026-07-11T14:40:27.1114717-06:00","D26E375A0ED0CE3B3255FAAE60EF750EE65B78DE20B0140B2203623F374398C8"
"score_trade_result_2024-05-22_NY.csv","3125","2026-07-11T14:41:40.5807535-06:00","8139F9D64D3495DCB4A2D70C8AC2DBBAA0D7969FA1FEB20B260F5FEA3385B164"
"score_trade_result_2024-05-23_NY.csv","3482","2026-07-11T14:42:02.3527334-06:00","89E80280F84CA3ECB79569FFEF7BB9939C429576757F7572C3E3A877141138DF"
"score_trade_result_2024-05-24_NY.csv","3126","2026-07-11T14:43:15.1822265-06:00","6CF82268F332801F4FDED38246FE53EAD751F5B6484260BD48357F80BF6519B2"
"score_trade_result_2024-05-28_NY.csv","3675","2026-07-11T14:44:07.4217860-06:00","DD5925DD10B9CF2E2497E54059D7CC0EEFA902410928E35354629F82854F48CD"
"score_trade_result_2024-05-29_NY.csv","3690","2026-07-11T14:44:27.5312302-06:00","A7B2A9BCDB77CDC32BADBA5B117B5968F507253CC835D9C3F1CA2737054B1D97"
"score_trade_result_2024-05-30_NY.csv","3491","2026-07-11T14:45:06.7429648-06:00","C9522A70C5D1CF0EAC3B78EC5944A9D4C298E5944775F2565D34EBC951E8F26E"
"score_trade_result_2024-05-31_NY.csv","3656","2026-07-11T14:45:45.2118490-06:00","9357DA973A7D407EB596A1B6981CFDCD2B2768DCF704C3EB783BF6C0D115E7BC"
"score_trade_result_2024-06-03_NY.csv","3484","2026-07-11T14:46:16.2600835-06:00","328FBA2E0BE382DB1D2851EB5EEABF34A92901A8440667AC4748DA6551DC7BE5"
"score_trade_result_2024-06-04_NY.csv","3503","2026-07-11T14:46:57.0475836-06:00","50C80C969D3CF90E0D359EF3A750C4AC4260777729B3A03E34D169BF7F886258"
"score_trade_result_2024-06-05_NY.csv","3654","2026-07-11T14:47:44.9986230-06:00","A0D1A27623FE124134621BA97A4D5A7E92B3DCD4049E2022F5D682F4D1EC1ED1"
"score_trade_result_2024-06-06_NY.csv","3125","2026-07-11T14:48:57.9641016-06:00","BEAD6B4FDD97985F5307415B4D350A8C77BAC614510B9915E0DC73CF5C7DC713"
"score_trade_result_2024-06-07_NY.csv","3669","2026-07-11T14:49:44.0443660-06:00","A7B2757CB5048AEEC15AB6FFA6F70DDE510FE568876E455D82C92AECBBEAED8D"
"score_trade_result_2024-06-10_NY.csv","3689","2026-07-11T14:50:23.7684890-06:00","193687815D43B965D1D65696B4AFD6FA07C9CF07AB5BB4B753EB1B6EC2CAFCA2"
"score_trade_result_2024-06-11_NY.csv","3516","2026-07-11T14:51:30.8030914-06:00","C958DD7991CB751FEBB369B33930DF910AEF77E0CFD58FAC24C1344B19E7C226"
"score_trade_result_2024-06-12_NY.csv","3695","2026-07-11T14:52:03.5985381-06:00","FE50941EFA7B4118C9BBA1E39A7C772E365D072DA0E0CDB01082D93E4819B4CA"
"score_trade_result_2024-06-13_NY.csv","3125","2026-07-11T14:53:17.2927813-06:00","AA6806A2EB355C629D5150D87ABB0E041EF92E297F052A2A9B476491756C4720"
"score_trade_result_2024-06-14_NY.csv","3669","2026-07-11T14:55:04.2493075-06:00","93510BF7CC6E4C4D65F76D2044874FC4ACFA8742961748F92BA6EC7E3AE7A53A"
"score_trade_result_2024-06-17_NY.csv","3654","2026-07-11T14:55:49.0977837-06:00","9BC23AD29479833C67196ED4888B8135135D5FACDEEE9816558FEF646883B37A"
"score_trade_result_2024-06-18_NY.csv","3125","2026-07-11T14:57:02.1043184-06:00","6339A1DFF8353208F15918DA6953DF236659B842FDBCA3A72CD480EBA023E40E"
"score_trade_result_2024-06-20_NY.csv","3652","2026-07-11T14:57:28.9615942-06:00","3C139CBB66F43341A115340FD7B62368AB3DFFBFD6C5988357A2505C7E4678D8"
"score_trade_result_2024-06-21_NY.csv","3483","2026-07-11T14:58:16.6120411-06:00","4A9E9F45E6E0066E1511242A08E0E6C8F5658AC9A869ACD86440F88FF6AABA8B"
"score_trade_result_2024-06-24_NY.csv","3657","2026-07-11T14:58:45.4724157-06:00","21F8B0F3A349D38ED58A343054DB22685ECD704DA0E72C8B8A28A88AC83F6985"
"score_trade_result_2024-06-25_NY.csv","3125","2026-07-11T14:59:58.7948751-06:00","ED9AB14A421B4940AE485E1FFDBE05EA9B5F2C5EF996A85A22EE1D082CDE2563"
"score_trade_result_2024-06-26_NY.csv","3125","2026-07-11T15:01:12.3488282-06:00","91695C90F3230B2FB14326EC252AC5181455F36EB3120F1C714E2D183ADA21C4"
"score_trade_result_2024-06-27_NY.csv","3668","2026-07-11T15:01:46.6329933-06:00","FC4A64C63D8E61B9779DEB34DD1974CCC7320AB61356F6A94B5A840E0D12354D"
"score_trade_result_2024-06-28_NY.csv","3501","2026-07-11T15:02:08.1832951-06:00","8A9DB7CB8B736B882769463E78F0BD00750DF69D37E2FB8046E0B462E142F7D5"
"score_trade_result_2024-07-01_NY.csv","3629","2026-07-11T15:02:40.5277212-06:00","D6405C0D735617605EFC95F5801B237FCBB0CD519DC8394DE822FD1EB09F7CB8"
"score_trade_result_2024-07-02_NY.csv","3670","2026-07-11T15:03:12.3543737-06:00","FE3C8A7EE1F3A1D17236388E30ADE84804ACD4B6AA24661C82F9813A8C024773"
"score_trade_result_2024-07-03_NY.csv","3640","2026-07-11T15:03:51.1537920-06:00","956CA6934805E56619C88134C0DF92B26A0E50FC3FC8DD1A561EB266E26253A4"
"score_trade_result_2024-07-05_NY.csv","3125","2026-07-11T15:05:03.9831029-06:00","0E11D10B8C4490C9F22BCD00B5C40334C5CA91E0605D37AA8929C716659C1911"
"score_trade_result_2024-07-08_NY.csv","3504","2026-07-11T15:05:51.1944053-06:00","36E5AE8781D59FFA2C7C1F234885172E4547064B8CB9499977334306BA430A31"
"score_trade_result_2024-07-09_NY.csv","3658","2026-07-11T15:06:23.8330878-06:00","041F96E25A9BB4573E4AF256A13D9C7B7168ED1CEC044CE5EDEF26EA1CE6D870"
"score_trade_result_2024-07-10_NY.csv","3487","2026-07-11T15:06:55.7426629-06:00","C113CD2A6D53E75946676BF750FE6506C7A9FAE766B9113CD1F5063678540EE6"
"score_trade_result_2024-07-11_NY.csv","3690","2026-07-11T15:07:24.4574400-06:00","6C04FD705CA7CCCFA3394281D4294E8236FE0201551DB55D7B823E4A4E8C2DDC"
"score_trade_result_2024-07-12_NY.csv","3486","2026-07-11T15:07:47.2380256-06:00","F299D092264058BB376F8949F170E3C94D9FF98E1895C31B3C7C7E2F624486B7"
"score_trade_result_2024-07-15_NY.csv","3125","2026-07-11T15:09:01.4105171-06:00","F65F7001B5A09C98EA660BC945297A93EE4FC9B15B5480E7FC28C942B07C9B35"
"score_trade_result_2024-07-16_NY.csv","3656","2026-07-11T15:09:29.5587506-06:00","52DB8A9AAB64081E771AF97BAE8F73144B6EDD0F8817C7201D2F7211003D7CE8"
"score_trade_result_2024-07-17_NY.csv","3490","2026-07-11T15:09:50.0034307-06:00","DE1628149FE571CDE38C169BED0439F180832387DDE600DF566BE7DAAEB4C3EA"
"score_trade_result_2024-07-18_NY.csv","3657","2026-07-11T15:10:17.7865318-06:00","D4E4C825E91634D06CB5ACED710DECEA931E57E802532C921B4D8241D08C5EB8"
"score_trade_result_2024-07-19_NY.csv","3675","2026-07-11T15:11:00.4235682-06:00","FD847AEDB8D9CC8DFB48843BC4584647FAAF400495F6BB3A3954BA2A8420346C"
"score_trade_result_2024-07-22_NY.csv","3126","2026-07-11T15:12:13.5312769-06:00","6F5A5A6CAE361D341C493D1988F6D562B28C188AD24E483942F567D1E4E5A713"
"score_trade_result_2024-07-23_NY.csv","3125","2026-07-11T15:13:27.0144545-06:00","CB8FD944800E4CAF3564619CD1737574843F7E4134BEF93447EDC87756D41907"
"score_trade_result_2024-07-24_NY.csv","3480","2026-07-11T15:13:59.6812603-06:00","0BA25CB8EC567CCB5F291E796523F88BC067DDFC83AFDC35C9F19ADF2F6797E0"
"score_trade_result_2024-07-25_NY.csv","3664","2026-07-11T15:14:27.4145861-06:00","A63A0EC1B7E6C87B63636D7CBFD2D1CC0DFEC430B479AF3492A18EDE9A2383A3"
"score_trade_result_2024-07-26_NY.csv","3487","2026-07-11T15:15:05.3069686-06:00","FCCC32E1C7B67B28AEACF132FFCCE1BBB2437E67183C0548DF43E8989E1EF66F"
"score_trade_result_2024-07-29_NY.csv","3475","2026-07-11T15:15:26.9548891-06:00","FB6301772E6ED534292981BFE031AF839BF2C51B866BD04BDCE70B76044E652A"
"score_trade_result_2024-07-30_NY.csv","3126","2026-07-11T15:16:39.7598888-06:00","CF5C01C5DE1958F3537CDC61B53A6E703372D14B6D1A285FE0DFE9395478AF8B"
"score_trade_result_2024-07-31_NY.csv","3669","2026-07-11T15:17:01.5885311-06:00","AFA0D48CD8C777F2741804A2CD83AFBE15BD3ECFB1F63AAEBEB57E715016C5D2"
"score_trade_result_2024-08-01_NY.csv","3660","2026-07-11T15:17:34.1249595-06:00","4DA510A00E874E25FCDB7F24C68A880DD20B340255445ADD4E87CE8EC99DC10E"
"score_trade_result_2024-08-02_NY.csv","3690","2026-07-11T15:18:00.1656684-06:00","CEE50190275AA2C2D4DB245238EC0CD6C89D14DEFA05264E7B33ECFBE62F93A7"
"score_trade_result_2024-08-05_NY.csv","3473","2026-07-11T15:18:27.9110870-06:00","0A9084563404830FA101D777155420C6A02DEA56B09CD06A86E8BC3AB2D208A0"
"score_trade_result_2024-08-06_NY.csv","3464","2026-07-11T15:18:55.3765436-06:00","80BC9B381A94DF0EADD802FC177D5599CCC847A991C6AD3B5A613B7E04C26DA6"
"score_trade_result_2024-08-07_NY.csv","3458","2026-07-11T15:19:17.6438380-06:00","791DA5952320121D6EA4B51F0951D4B8DE1470B426975F124EFA689C04BE346A"
"score_trade_result_2024-08-08_NY.csv","3673","2026-07-11T15:20:17.7956598-06:00","DA2FBEFCEDDA6408D9B43DA99744F3DB81E6EFAE8C791F49624C9F30A0497025"
"score_trade_result_2024-08-09_NY.csv","3126","2026-07-11T15:21:30.8456529-06:00","15637D8B67D10816B993A1DCB97CE3DF0A8887A019313DB2CD3FDCB6F0653080"
"score_trade_result_2024-08-12_NY.csv","3126","2026-07-11T15:22:45.2095165-06:00","317558437506ABAB36148B350466DF09428DCA5C0B0A827BD24E579148870E2A"
"score_trade_result_2024-08-13_NY.csv","3635","2026-07-11T15:23:24.1108156-06:00","7E7F6F6287577B3B59DE28262D70D647C1D8E5799EAAA30D6096125D58F9E717"
"score_trade_result_2024-08-14_NY.csv","3649","2026-07-11T15:24:08.2475519-06:00","F9DB0822E48E5A838B095AD606C6B46F4094A1FAF9E4B6ECD4BE8813FD181916"
"score_trade_result_2024-08-15_NY.csv","3647","2026-07-11T15:24:34.1808870-06:00","056BF8BC698881416D7F5860BAB0C2EC56BBF46D111E665C106FD0C981C73A29"
"score_trade_result_2024-08-16_NY.csv","3126","2026-07-11T15:25:47.1159572-06:00","36BCD3EC9A5FDF1622A8CA67DEE9B4404AD33D904A5B3296D080981C37A17AF0"
"score_trade_result_2024-08-19_NY.csv","3660","2026-07-11T15:26:40.7487678-06:00","17DDD782DF338FCD4648956BBC0BE8BCCCB3C87E53667AE864F4C5E57A296B55"
"score_trade_result_2024-08-20_NY.csv","3647","2026-07-11T15:27:14.2614799-06:00","975EE8467801B084D3E5C744AC9B4315643C7B9E7BB9E6CED5B3E7346000AD14"
"score_trade_result_2024-08-21_NY.csv","3125","2026-07-11T15:28:27.4386443-06:00","F15DDDD490190E25729A798C97333C00634846318603DE34FE030BAA20DCC452"
"score_trade_result_2024-08-22_NY.csv","3126","2026-07-11T15:29:40.6685444-06:00","184460A76294D2ADFB920FDE1AAFC31C153C5C7B6932A2CE34E796B946DA46CB"
"score_trade_result_2024-08-23_NY.csv","3472","2026-07-11T15:30:01.7190520-06:00","1E2C877685923F046A7A74D555369C6A76485AB8235897E412B1590E43489A84"
"score_trade_result_2024-08-26_NY.csv","3672","2026-07-11T15:30:25.2357249-06:00","90F5E57277AD123AACF96D7BEF9D3B9D9625E56D51B29F5B7DF71E3AEA7BE55B"
"score_trade_result_2024-08-27_NY.csv","3660","2026-07-11T15:30:58.2116968-06:00","F86E36F13C0FE6C8ED53BF955D0AE5A2C4FA72197A54C74695933C952B55C2E1"
"score_trade_result_2024-08-28_NY.csv","3126","2026-07-11T15:32:11.2946601-06:00","7FDE35C72E698A2BA8F282582A54A1D2CA1C02EC2EC660152DCEC87ED2EAF06F"
"score_trade_result_2024-08-29_NY.csv","3489","2026-07-11T15:32:37.4734855-06:00","98D4D745469EE36A0609966A4AC974439C7FB6754022F37FDF15939A6F0C3CEA"
"score_trade_result_2024-08-30_NY.csv","3484","2026-07-11T15:33:16.3524325-06:00","50C096FDCEA305E0F347F2BF891C97C904A9A4034FFC8729E039272F6A505182"
"score_trade_result_2024-09-03_NY.csv","3672","2026-07-11T15:33:36.8909493-06:00","C3D698ACF3A0157F3364938F3D73636DA5B2FFA75EA6D37E0260174FB0B6C285"
"score_trade_result_2024-09-04_NY.csv","3630","2026-07-11T15:34:10.2145176-06:00","39C8CB2B1D661AF32993E8EAA60A298416181A46E387E7087E58A5FDE9402789"
"score_trade_result_2024-09-05_NY.csv","3584","2026-07-11T15:34:42.4017931-06:00","0BC81707402CE824229FF13DB2AF06A2403F32E3AFA435E86EB872AE3C04ACAA"
"score_trade_result_2024-09-06_NY.csv","3482","2026-07-11T15:35:12.1346478-06:00","FB4012FBA079CF621C9C14BC08F60C8D03E1A1CA1059F21F1D434837EC56E165"
"score_trade_result_2024-09-09_NY.csv","3641","2026-07-11T15:35:44.6855908-06:00","6990F162E103873341B3DC2FA4A3E401C7583F5B531EC2D18A67E55C67FD8BDC"
"score_trade_result_2024-09-10_NY.csv","3655","2026-07-11T15:36:08.5596027-06:00","D23C712D4642636BDFA37CA92537971B67E2DDC8155AE39F21F7CFC0D4593C3B"
"score_trade_result_2024-09-11_NY.csv","3126","2026-07-11T15:37:21.4104921-06:00","DF4CB443CD5808973C36CD6E1D7E2DD6E9EA4538E60816424AE5426AB2B85585"
"score_trade_result_2024-09-12_NY.csv","3126","2026-07-11T15:38:34.8145915-06:00","A1D316E214F30359BF8237BA3C486EF5BB0D86810F3FBF08EB70C76A50300A61"
"score_trade_result_2024-09-13_NY.csv","3652","2026-07-11T15:39:33.0872320-06:00","E8CAA716CD62DA134D140E6CBC1887988128B1CDF74E74A7CCBA421E16742A9C"
"score_trade_result_2024-09-16_NY.csv","3487","2026-07-11T15:40:00.6258643-06:00","7EBE5A46470F6BF8522E80CFFAE4D91A39D17E4E638D190E4B8328A1D4452692"
"score_trade_result_2024-09-17_NY.csv","3126","2026-07-11T15:41:13.5463265-06:00","4D40D3F7566C3DC87D1E5518509B8C48AF28AE8BF238CE79814EB09C00AB790B"
"score_trade_result_2024-09-18_NY.csv","3674","2026-07-11T15:41:55.1790378-06:00","CC09E6E839052C578AD3E13EC0402BA7C30D65A72C8F10CFF81C9CAC45BADE27"
"score_trade_result_2024-09-19_NY.csv","3126","2026-07-11T15:43:08.0879222-06:00","6465AA3D5FD7594C17CAC53AD690A479F928ACCB4AA4A99516ABE017EC563D41"
"score_trade_result_2024-09-20_NY.csv","3126","2026-07-11T15:44:21.4492569-06:00","87C960DB81BFEB6A2EFE0CA41F244F12F91E6C26E9E883FD87D85B30262994D6"
"score_trade_result_2024-09-23_NY.csv","3125","2026-07-11T15:45:34.9849272-06:00","C7C236B6B3F389D4DFA2A0E514FF02824FA1EF2976EAB92CB0254BDC17121DCD"
"score_trade_result_2024-09-24_NY.csv","3634","2026-07-11T15:46:03.8707977-06:00","AB0EF2379E570F26C5EEF6D61DAEB92A2A776AD9FE7B41D87C37C82E97AB10A4"
"score_trade_result_2024-09-25_NY.csv","3622","2026-07-11T15:46:37.1338410-06:00","C56F3F63CD28F367C15FF0EA030009431E6D1A83677729DF2AACA748E4AEB523"
"score_trade_result_2024-09-26_NY.csv","3653","2026-07-11T15:47:22.2246933-06:00","B3CC5E4019741E7D6DD308C02F97CFBF55DEDBF5A86DD684A7BAE10FEC2B0DEB"
"score_trade_result_2024-09-27_NY.csv","3643","2026-07-11T15:48:18.2161878-06:00","53E28258729F73B438E67ACB8C8771135B4BC0EA24C787A0F5D7B21735CDEFE5"
"score_trade_result_2024-09-30_NY.csv","3125","2026-07-11T15:49:31.1575793-06:00","011F70034A84E5B1B4B6AE411D18F7A22260D33E295A6A86E9AF7C310288A001"
"score_trade_result_2024-10-01_NY.csv","3673","2026-07-11T15:50:01.8698577-06:00","8BE61EF4FFABE33635DADF7F6BAFA4D1C00A729A8175A3D387856752B5CE436D"
"score_trade_result_2024-10-02_NY.csv","3486","2026-07-11T15:50:52.6989647-06:00","56AE82122FBE3D4FCDD37F38B8DBF02F9104D11F59E43B11E092F29F771538A1"
"score_trade_result_2024-10-03_NY.csv","3125","2026-07-11T15:52:05.8304309-06:00","870912DA3CC39AE12F64D7B7F5A8340CB1C329B54133BC6368EE2B4601D14CB5"
"score_trade_result_2024-10-04_NY.csv","3647","2026-07-11T15:52:28.2748691-06:00","24104C2807BAAA422F77527AF26653376EE424F2E4B2D28109621359AC6E7C5B"
"score_trade_result_2024-10-07_NY.csv","3126","2026-07-11T15:53:41.2347362-06:00","323523021CE65773A9DA0B32916E1BC459144664E410F257CA83BC7AFBC76AF4"
"score_trade_result_2024-10-08_NY.csv","3644","2026-07-11T15:54:32.3829940-06:00","3148D88F316EFC1B0B1CBBA226A4D0093D5DF813542706A2D587FE39B3DF6101"
"score_trade_result_2024-10-09_NY.csv","3501","2026-07-11T15:55:23.2717576-06:00","0CCDEAFD50074D4DB487EF3C994A453EF195238DC5CA628FFE5F63837A7B9950"
"score_trade_result_2024-10-10_NY.csv","3125","2026-07-11T15:56:36.2281879-06:00","59B11479E17FE06B92E7D3BE83B402CDE7E47B273FC98D098B73340CA040A34E"
"score_trade_result_2024-10-11_NY.csv","3125","2026-07-11T15:57:49.7967416-06:00","84149AE836E263DDA694E1196535780E3C22D1F9ED0A71CC2F5E45835694C60E"
"score_trade_result_2024-10-14_NY.csv","3635","2026-07-11T15:58:30.9580320-06:00","BA74E8EA1C415950AD62688406ADDAAEFF2997F3CED72C13E386E9A45468B106"
"score_trade_result_2024-10-15_NY.csv","3615","2026-07-11T15:59:15.5471881-06:00","C999990F681B0D6CA46C4865910FE1007C2347645BE5A3AD27B63FDC0DCA8EE7"
"score_trade_result_2024-10-16_NY.csv","3652","2026-07-11T15:59:36.4567247-06:00","88DC7C285EB99630800868E5FE7998D1CACF4D7131E0B2A17854E24EE50CD609"
"score_trade_result_2024-10-17_NY.csv","3489","2026-07-11T16:00:14.3174209-06:00","E1655BA8FFCD9A30B4B561812E95989BA06B26FB6EAC17950FD18B60BC621C3B"
"score_trade_result_2024-10-18_NY.csv","3126","2026-07-11T16:01:27.2561434-06:00","2E5576F57FF3729DDADEC428E1EC73AF4E5FA46497B6A386F7B2A8AD3A30146F"
"score_trade_result_2024-10-21_NY.csv","3638","2026-07-11T16:02:19.8961355-06:00","40F977000E823A11CD80B7565332D39B8FC6D3A90206DE2CD3FFAED19EA30871"
"score_trade_result_2024-10-22_NY.csv","3500","2026-07-11T16:03:50.1425440-06:00","393168431ED6096280AFA00BD7DFCDAC1B76BB95D8ACF2E8CCD9DB0215DBFFC2"
"score_trade_result_2024-10-23_NY.csv","3643","2026-07-11T16:04:14.7546882-06:00","2DF8E848DE4CFA3C76D4775C707F6FF1B1B8F4EF4F84FF2BADD4BDD7BC2B6958"
"score_trade_result_2024-10-24_NY.csv","3661","2026-07-11T16:04:35.4141988-06:00","D262089CEA5C155AE4304F3CC6971AE0F7D4F07CAF4A4573EC33314FD1EA6455"
"score_trade_result_2024-10-25_NY.csv","3482","2026-07-11T16:05:20.3613470-06:00","F6D62355B17F32A18F632E25D9D8E64D15B2BD0A2EFD569E3E755AB341CC1ED3"
"score_trade_result_2024-10-28_NY.csv","3126","2026-07-11T16:06:33.0345799-06:00","2238ABE4E6C155C4BF3753C5571578E3627214F92A6A540DF4D9EBE9DEAB4558"
"score_trade_result_2024-10-29_NY.csv","3660","2026-07-11T16:06:58.9192831-06:00","8433AA4C11F6A951097ED77F8C30E15CD3B325CCF545371D5F8C94E8E6F13688"
"score_trade_result_2024-10-30_NY.csv","3126","2026-07-11T16:08:12.0078918-06:00","8B8CB5ABAA91329D377ECF69DA1F8F46A68D7DB406004A96C52046BF57AF85AD"
"score_trade_result_2024-10-31_NY.csv","3630","2026-07-11T16:08:36.6574826-06:00","4EA048F8B0652607E892A6694A1E9D027FA88D4FD39B0B55CA08CC93CD0B5361"
"score_trade_result_2024-11-01_NY.csv","3462","2026-07-11T16:08:59.1990811-06:00","A4A4BB8C9E53B8D9E41589F4ED15A35DB9B0A354FF5100D6C716D5AD5E9C9D41"
"score_trade_result_2025-03-10_NY.csv","3501","2026-07-11T16:09:38.3624532-06:00","71FB99C51B5AD1A5888F4B62C9B71244D5CD8E133C93EFAC591034FB6CE08BFB"
"score_trade_result_2025-03-11_NY.csv","3489","2026-07-11T16:10:25.3667550-06:00","FC1A25C28C10AD6FADC50544DD83BEDED7C78ED38C5100FAABCBA108C6AFFFA5"
"score_trade_result_2025-03-12_NY.csv","3469","2026-07-11T16:10:57.5622456-06:00","EABB9158FD439DAE234A4831507C2AA87CF0B2963978A308512D636400F2361F"
"score_trade_result_2025-03-13_NY.csv","3502","2026-07-11T16:11:57.2587049-06:00","8F1D23F32A628A8E148426D570C4930BBA49A6E27C0EF94938510DCDA64A71BF"
"score_trade_result_2025-03-14_NY.csv","3469","2026-07-11T16:12:20.5333652-06:00","82C78D32E1AE68F07B66520D77F1743BFB99B7EC01FAAA15D0E0B3E71522E8BD"
"score_trade_result_2025-03-17_NY.csv","3457","2026-07-11T16:12:51.1583739-06:00","5B91AD466C9D9A3EC3A2409A623355D1F322CCE4EFBD432BD503AC3F510A3E27"
"score_trade_result_2025-03-18_NY.csv","3653","2026-07-11T16:13:35.7603821-06:00","A1A3B9253A194C0F1A2282419FFEF94DB7D2E723EEE9669B4ED9287227884854"
"score_trade_result_2025-03-19_NY.csv","3126","2026-07-11T16:14:48.3021395-06:00","767BE63ADC1CE31D017B05A2E943C48AFAB6420BC92ACABE447713173186CAFE"
"score_trade_result_2025-03-20_NY.csv","3471","2026-07-11T16:15:15.3495913-06:00","CEC46AA1CF39DADE3218979073726F41FE9D0B310ECB6F5AB51F750F6F1805A3"
"score_trade_result_2025-03-21_NY.csv","3489","2026-07-11T16:15:35.4856393-06:00","CCB1D6E24E1DACD5869119F40060AE5F87B120754E512A5F206DB14D18566F88"
"score_trade_result_2025-03-24_NY.csv","3673","2026-07-11T16:16:09.0571447-06:00","71F0BA86F5AA46B65B7E1DA091AA57AC8623DD16D249E31B14462388E8D51F42"
"score_trade_result_2025-03-25_NY.csv","3125","2026-07-11T16:17:23.2236888-06:00","E33811025478F3FF88688C99D5A3CFCA18BA1DCCDA9CF2AB273B189BF2A575E8"
"score_trade_result_2025-03-26_NY.csv","3665","2026-07-11T16:17:55.3446249-06:00","D0725C5F497DD640026C1C8FCC993157111784FCDC8D2C5E446DCE14E410E230"
"score_trade_result_2025-03-27_NY.csv","3681","2026-07-11T16:18:18.9993100-06:00","9BEC829C53AC576148932478625EE6A5CF3E4AC7FB3DBC0D383E3AE92FB6317B"
"score_trade_result_2025-03-28_NY.csv","3400","2026-07-11T16:18:54.1228243-06:00","65431FE5F419D48C79A7031162FE1E3EBAAD1353DD14B2D32E24240D7CB9C30F"
"score_trade_result_2025-03-31_NY.csv","3513","2026-07-11T16:19:17.6828535-06:00","6828768D96B2DC94F8AAD181368AD42D2748D960EE58134D27A1B52750F0CF72"
"score_trade_result_2025-04-01_NY.csv","3694","2026-07-11T16:19:50.9733643-06:00","EE19896E0912B82B1663C86452CAE788CA110FEA199BC423AC8ED780AF0751EE"
"score_trade_result_2025-04-02_NY.csv","3674","2026-07-11T16:20:19.0459726-06:00","763AD265402031AD833A387044EBDAF25CDDEBAD8979B63EFB7216360C9F7AA8"
"score_trade_result_2025-04-03_NY.csv","3695","2026-07-11T16:20:54.9275201-06:00","9C0693D54BEC0F3C66FB610D6993B126345DEDA9FAB9143D40F1B448A8BD4206"
"score_trade_result_2025-04-04_NY.csv","3645","2026-07-11T16:21:17.0560487-06:00","D3A26835ADC7FC6B71356124DE9A1254EFC2E83F3EAB949D661594B2F3E0470D"
"score_trade_result_2025-04-07_NY.csv","3663","2026-07-11T16:21:45.7174450-06:00","14BD69162910A33C27FC4DE09C31ADE4662DA195F305E29FE67CEB47AC361DA8"
"score_trade_result_2025-04-08_NY.csv","3471","2026-07-11T16:22:07.7550358-06:00","3C1E760F379D4F2EE3B840ACBADCF0FA44E4E8A0731118FC0560F8B628437EEB"
"score_trade_result_2025-04-09_NY.csv","3666","2026-07-11T16:22:38.2039323-06:00","0B24F829463ECB5125282802E03A1F9DC8CC842CDF85434012F6BDF7822A258A"
"score_trade_result_2025-04-10_NY.csv","3126","2026-07-11T16:23:53.1742965-06:00","40547EB74F7494B29C3567793655286684E47A0458945CE843CC585B490BA6BD"
"score_trade_result_2025-04-11_NY.csv","3126","2026-07-11T16:25:08.7836206-06:00","40378F6E1C2AC09BBA3924A7BF122718081EBF6C8830018E6DAF9B5D07EA927C"
"score_trade_result_2025-04-14_NY.csv","3695","2026-07-11T16:25:58.2781819-06:00","43DD08EF0AF4C54759B4F045DB9508409E6E7D4EB5302B4F7360CD585C6F44C7"
"score_trade_result_2025-04-15_NY.csv","3491","2026-07-11T16:26:33.5681273-06:00","8A9DF2F2930116AC9A3494E72BE692F782432DAE88B62A62E41C0ED8DB697DCE"
"score_trade_result_2025-04-16_NY.csv","3126","2026-07-11T16:27:48.5735068-06:00","D37CF6F94EA998C5E892ADA7BB349ACA834A29211B2E6B2C35DB263780857615"
"score_trade_result_2025-04-17_NY.csv","3457","2026-07-11T16:28:10.6024086-06:00","4822007B348C86E39457DB47F67AB15CA06A3F8D83472A1C5B342E320C755BA3"
"score_trade_result_2025-04-21_NY.csv","3682","2026-07-11T16:29:06.7318428-06:00","C657BB33D0317443B21F262B14A6F407755F325D6680BAED14EB9A49DBC45D3B"
"score_trade_result_2025-04-22_NY.csv","3126","2026-07-11T16:30:19.5269890-06:00","5202E49CA254EBAD8403B6D5686F971353B3CC71521D5DAC7DEC39080829C934"
"score_trade_result_2025-04-23_NY.csv","3638","2026-07-11T16:30:56.9307976-06:00","CBA4085556CED917D900AD522B6878B6751B0578147537AEAA050EFC921B7360"
"score_trade_result_2025-04-24_NY.csv","3631","2026-07-11T16:31:18.5032343-06:00","E1953B83D70F8EF326EC6C4CD46D21F6A56229552D7D416AD01B8AFA2D2A0EFF"
"score_trade_result_2025-04-25_NY.csv","3713","2026-07-11T16:32:37.7929223-06:00","3BAF2D3FAE8A4E5C5B9A416E948F187ECA3062A41D92A751B3DEAB613A90D4D8"
"score_trade_result_2025-04-28_NY.csv","3694","2026-07-11T16:33:01.2490168-06:00","832C0FEE8597EB5B880E5A4B0C3C602B086A4A97506FA0705CAEF47C1039142B"
"score_trade_result_2025-04-29_NY.csv","3126","2026-07-11T16:34:14.2315725-06:00","7A111AAF6609D24C493BFC9858E805273ACB4292376E6FF5829F59591AAB40C6"
"score_trade_result_2025-04-30_NY.csv","3126","2026-07-11T16:35:27.8390764-06:00","67727FF7AE7FA7B278FCC32D12089FE8B3D7F500103586CCFC28CFA237472C75"
"score_trade_result_2025-05-01_NY.csv","3518","2026-07-11T16:35:53.7222499-06:00","EC0260E4DCE598F6B0B38643742604EDF40A99E84C4EC2BF7314265A980BAEC7"
"score_trade_result_2025-05-02_NY.csv","3666","2026-07-11T16:36:48.7255718-06:00","76AC53BCE388D13425D0044F345A129C780624BD646A32715DCDBF545D12DBCA"
"score_trade_result_2025-05-05_NY.csv","3694","2026-07-11T16:37:41.3796883-06:00","95B5F72288FF14BDBF146172DF4481A90602670719753BAC7775344E0DCB99BF"
"score_trade_result_2025-05-06_NY.csv","3483","2026-07-11T16:38:08.6001247-06:00","25ED5D5DC1C678728EB568B0B905AD1EF142D4E39FB78E1F7C2AA878A89BDC22"
"score_trade_result_2025-05-07_NY.csv","3126","2026-07-11T16:39:22.0247974-06:00","D36CF2DEEB06D34E301F370AD0CA0760C8683684B88304BA908BF35BE4486CC1"
"score_trade_result_2025-05-08_NY.csv","3485","2026-07-11T16:39:50.2089058-06:00","5828C51425F4BAF3A5AA56D27AE327A48AE9F303A4BD3396ECC4C37E2ADB7D39"
"score_trade_result_2025-05-09_NY.csv","3126","2026-07-11T16:41:03.1240539-06:00","81B8BBC883CCC462E90298190B7BBB7B3BFB01D2852A24C7EE38741DEF04FC32"
"score_trade_result_2025-05-12_NY.csv","3665","2026-07-11T16:41:28.0325269-06:00","F8D63434E7BEDBE22EB7298828FA9761E1FAC525B255C235C81DD159E7E4214D"
"score_trade_result_2025-05-13_NY.csv","3474","2026-07-11T16:41:53.9918006-06:00","CF6C785350BA5C05341C2C4AFCDE7B52FD8CC876A65C8F80D71A18D259765C23"
"score_trade_result_2025-05-14_NY.csv","3643","2026-07-11T16:42:21.3650383-06:00","9BB8EBB72F1C895FD23C0CA5772DFF2A83D06AE92094B2686EEAFEE07931945A"
"score_trade_result_2025-05-15_NY.csv","3720","2026-07-11T16:43:09.6078475-06:00","BDACAD456E744FD1A03A688B91DF605A47F0D7DAF7E1E7970EBF6D2DCBD70FFC"
"score_trade_result_2025-05-16_NY.csv","3126","2026-07-11T16:44:22.6475386-06:00","CB409C6CB00F566F38FBCFAC1CE4CD0EF8520B20D8B1E4DDDBB8D4DE5EF8FDC7"
"score_trade_result_2025-05-19_NY.csv","3649","2026-07-11T16:45:16.0032400-06:00","880B909DE4802E42E9A90F3FE77233DAD5C20A64347FD80D970794EB4F68E32F"
"score_trade_result_2025-05-20_NY.csv","3125","2026-07-11T16:46:29.1142062-06:00","6066B9E6535FE9CC8F181543DF80B65C7552D02186B3AF4858D3664F1B2DC4D7"
"score_trade_result_2025-05-21_NY.csv","3669","2026-07-11T16:46:52.8243020-06:00","13B4D9B9EB9A6F2A7F9D0C3D324907E64C591E6AA5B47EA25B96C0B5326D5D72"
"score_trade_result_2025-05-22_NY.csv","3643","2026-07-11T16:47:14.2475374-06:00","E0EFBBA1778026D2F7166532641252F16F2E8D9B5E65E5C8C0C4184E7B0D80F7"
"score_trade_result_2025-05-23_NY.csv","3461","2026-07-11T16:47:47.7715792-06:00","6D554ECDC742885EC3C6E80FBB1048DE10BC646DB01A1E6E878427C936976704"
"score_trade_result_2025-05-27_NY.csv","3500","2026-07-11T16:48:32.5718984-06:00","C337C96BA4C6D95F00AFC266F21F8D63E69EE8C4FA3F3ADC591522FD20EF117E"
"score_trade_result_2025-05-28_NY.csv","3126","2026-07-11T16:49:45.7185195-06:00","D6313498273070FACAAD084ADA222A138780B3D8D34E7AE751D15FCB860EF5FB"
"score_trade_result_2025-05-29_NY.csv","3674","2026-07-11T16:50:13.7140376-06:00","7FB6A21D1D8780728500CDE97502FF9C7936A03F8C7FDA0CAEBC667D94314DB3"
"score_trade_result_2025-05-30_NY.csv","3496","2026-07-11T16:51:06.8917327-06:00","28548857D357EBDAE96872088630083D3942632632E4D579691AE1A7FA33A90F"
"score_trade_result_2025-06-02_NY.csv","3523","2026-07-11T16:51:34.1846889-06:00","D80B901630BAEDC44ED369EDEAD3CF91D5C51557C67CB322DB2031B361348AB1"
"score_trade_result_2025-06-03_NY.csv","3710","2026-07-11T16:52:16.5475443-06:00","72CC192BE73C458D3B1E1EE5227106AE3BC8BFEE5FF9FD8C904D5D199588BFC3"
"score_trade_result_2025-06-04_NY.csv","3632","2026-07-11T16:52:36.8459438-06:00","51762DD088631E37C4B3990C5C4FC88F92D5EE55372FF8D537C5FEA2B5B87590"
"score_trade_result_2025-06-05_NY.csv","3498","2026-07-11T16:53:03.4355203-06:00","F329654F8BB54BFD4C27CDD805AD2544FF2CB5162FAB69429E0803EAA21ABE49"
"score_trade_result_2025-06-06_NY.csv","3125","2026-07-11T16:54:17.1904545-06:00","BE26BBB4A6A3655BED419A1BC4D1F4E05467719978C5810057A562C67C2A898F"
"score_trade_result_2025-06-09_NY.csv","3663","2026-07-11T16:55:02.0106413-06:00","82C8EC079A493E7C63FB77D334B1956167FF6418FFC3E9C5AE9C477D305C2067"
"score_trade_result_2025-06-10_NY.csv","3126","2026-07-11T16:56:15.0144176-06:00","85C963A06A2C44DC142BD123D02F8C049ECCF1676756143815FDA5C5BD8F137B"
"score_trade_result_2025-06-11_NY.csv","3677","2026-07-11T16:56:49.1918851-06:00","EE0C1052D15D1CCF658C49D1EB459977758201E0606E9DDB7BAC229F02FCF551"
"score_trade_result_2025-06-12_NY.csv","3126","2026-07-11T16:58:02.1794725-06:00","0B507A45B55F048D357B984BC5BF559B202F4DC9E023B2A16C0BE19D8A9354D7"
"score_trade_result_2025-06-13_NY.csv","3506","2026-07-11T16:58:24.5705255-06:00","12898D24FF65E06B5ED4967BA35623E9DB8C84B003E41F4F8BEB719AD48F0410"
"score_trade_result_2025-06-16_NY.csv","3126","2026-07-11T16:59:37.7168460-06:00","BCF61F1D26CF16AA76604B2E50624C48884E8393EA5B8908EFF7DDA92D809120"
"score_trade_result_2025-06-17_NY.csv","3126","2026-07-11T17:00:51.2664814-06:00","D990D6C3640016CA5B609229E1C5EF3ABE81D6DF497D00AC17C4B1082505E48C"
"score_trade_result_2025-06-18_NY.csv","3474","2026-07-11T17:01:44.1562972-06:00","67BFEB653E10E9E4595321464028810C4ABBF061E5273690913EC7C2C99B1413"
"score_trade_result_2025-06-20_NY.csv","3486","2026-07-11T17:02:57.3056152-06:00","87BB0A86AB284C87D7377610520309D0A8B9B42608B2A48AAEA66FF1CF25A8EC"
"score_trade_result_2025-06-23_NY.csv","3487","2026-07-11T17:03:34.1369162-06:00","FD074EF03D671804BBA05CE111F43C8AB8A55E255226DC2EE6DBC7427CD2827D"
"score_trade_result_2025-06-24_NY.csv","3125","2026-07-11T17:04:47.5952580-06:00","CE074EA9A71164C88ACDE20D22E18809A370772DD51A49C926BC3B227359BCC8"
"score_trade_result_2025-06-25_NY.csv","3126","2026-07-11T17:06:01.1978852-06:00","FC76F96440E6A1F2D446C6C271BADDED283511E90DD330800F6BC91EC462CDDA"
"score_trade_result_2025-06-26_NY.csv","3702","2026-07-11T17:06:37.0450015-06:00","654209B23BDE5D229988A0936BB9A12084F51EAD213279AE951468FF6721086A"
"score_trade_result_2025-06-27_NY.csv","3126","2026-07-11T17:07:50.6182896-06:00","C829A99CCD8B8465893D82A231041BE070058C987768F68F27EC538214CA8166"
"score_trade_result_2025-06-30_NY.csv","3126","2026-07-11T17:09:04.9468761-06:00","85D40218CAA1344A4D0A36C39F34E3F9AAA7697E3344C6E48C344973DA68E60B"
"score_trade_result_2025-07-01_NY.csv","3126","2026-07-11T17:10:18.2771928-06:00","CCED7EB4829F87CD407AED6EF3F3C279FDA255678FDA968AFFC7066109720790"
"score_trade_result_2025-07-02_NY.csv","3125","2026-07-11T17:11:31.8993069-06:00","5F64843651A0C04E1069CAADA902833C04946E19AA8AE82434EC053A5B5C497F"
"score_trade_result_2025-07-03_NY.csv","3126","2026-07-11T17:12:45.5268901-06:00","F7B84EA808D6061DEF28E4443D81F0D5DA1BF38B15A0356424700185140526EA"
"score_trade_result_2025-07-07_NY.csv","3515","2026-07-11T17:13:24.1166180-06:00","C96988EEECA9D6D14F0081E09AED75E7EC0FACB35833990601FBAF8DA930989E"
"score_trade_result_2025-07-08_NY.csv","3125","2026-07-11T17:14:37.8350674-06:00","A8DE706B4DB1A3E2DBD18C5ECF917FF413457FF357DCC65CB169A466AE0F34E0"
"score_trade_result_2025-07-09_NY.csv","3483","2026-07-11T17:14:58.8979082-06:00","3A96FBF09AEAD232C7AD10907399CCE8944B36DC4B88E6F403CD0739181AE59A"
"score_trade_result_2025-07-10_NY.csv","3695","2026-07-11T17:15:25.6733633-06:00","CBFFDC0A100B970DC51FE9EF59214A91FA6F0006872DE4ECC85896655AA3DD71"
"score_trade_result_2025-07-11_NY.csv","3126","2026-07-11T17:16:38.6188480-06:00","AC3E94EAA1956D507DEE470AF08588670187CAA11C4697E806801C950E6F81D9"
"score_trade_result_2025-07-14_NY.csv","3648","2026-07-11T17:17:00.6984654-06:00","1A6D19938B50FD7B068128AEA2500B16901C5C1CA2DC7C2C76D425EAA892AA24"
"score_trade_result_2025-07-15_NY.csv","3498","2026-07-11T17:18:13.5928235-06:00","E39BC672A88B3B237A56A7F1C6722869CCDF2BF68AFCCDEEE0BB9CFF0BF3D078"
"score_trade_result_2025-07-16_NY.csv","3638","2026-07-11T17:18:34.6639504-06:00","647D4D5B676213C322C2698FDFA51E65A5B24BFE0A18AB3D00B48342FBEFF1EE"
"score_trade_result_2025-07-17_NY.csv","3676","2026-07-11T17:19:28.9153240-06:00","C9103EDFADF0DCF957E1AD3254C51528DDFAE1DA9011BFC012DD38DFBD02D26A"
"score_trade_result_2025-07-18_NY.csv","3126","2026-07-11T17:20:41.9017469-06:00","DBF137FAF53E4D1993A927CBC02B47F2ABA13A1DBEEF102C5172412166014674"
"score_trade_result_2025-07-21_NY.csv","3686","2026-07-11T17:21:35.9966769-06:00","A890D230C16593354D1B8968F3553595E3BB7CE2A10723F149A30BE765EA88D3"
"score_trade_result_2025-07-22_NY.csv","3679","2026-07-11T17:21:59.6912775-06:00","F1E28AD6B124624C4A797C8A87AF08B67EB373A9AC6463B640D39F3BAA4760EE"
"score_trade_result_2025-07-23_NY.csv","3654","2026-07-11T17:22:20.2942473-06:00","07525D2CAAE3E7FE87F75F8BAC9A7AA2E3C8C4D864635A0BFF03177548D92F18"
"score_trade_result_2025-07-24_NY.csv","3126","2026-07-11T17:23:33.1461295-06:00","9D666E0E8E35A2AC0DDE6D5BECC2E7CC50D4A539A56F53416F1A11FBAB9052EF"
"score_trade_result_2025-07-25_NY.csv","3125","2026-07-11T17:24:46.6812679-06:00","A7290F96617E3545C9913CBB5BFCBD837B23C20A373B54015F17B48628D4CCC5"
"score_trade_result_2025-07-28_NY.csv","3126","2026-07-11T17:26:00.1582616-06:00","A906E8ED4404367A8E8D6B573A66E91ECFB7D837A1B93CA2873FC164F3B77568"
"score_trade_result_2025-07-29_NY.csv","3698","2026-07-11T17:26:39.3720185-06:00","6028ADCA14B4AE65B6CA8467FD443FD860C0A085A3DA783EB986B7D6384C9545"
"score_trade_result_2025-07-30_NY.csv","3692","2026-07-11T17:27:52.3514013-06:00","0CEA15948467F7491FA3270F89C9230BF687DB1F191AF1DFF2C801640C84ADBE"
"score_trade_result_2025-07-31_NY.csv","3515","2026-07-11T17:28:16.1961445-06:00","C89DCDC72CB354CF016A552C6C3D208EA01ACB125A95CDCDC99926CEC6A9D296"
"score_trade_result_2025-08-01_NY.csv","3530","2026-07-11T17:28:51.1323112-06:00","04F7647AB5ACF1D159E01E64BCA0ADF8E661B4A4C56C222F53F67EAE95616672"
"score_trade_result_2025-08-04_NY.csv","3642","2026-07-11T17:29:37.3903218-06:00","F59D7D9959E32BD4CD82FBF0590E369F4BB4393F8F68B584CA855DEDBDD35A3F"
"score_trade_result_2025-08-05_NY.csv","3126","2026-07-11T17:30:51.4212013-06:00","ACBE05DC46622EAFABA2221D568BA8CDD7C02322F082DCAAAC0D386F0766CD6F"
"score_trade_result_2025-08-06_NY.csv","3488","2026-07-11T17:31:14.2837069-06:00","AE147038FE679FF5953CAB30B28399BE5294C8A286F306740D17902B1E239751"
"score_trade_result_2025-08-07_NY.csv","3125","2026-07-11T17:32:27.1918402-06:00","3D8F17F4D555F30236A186281922D25C6371805FEF0C265C37FF64A959A4C702"
"score_trade_result_2025-08-08_NY.csv","3126","2026-07-11T17:33:40.7654113-06:00","94C73E3551861BE1F3EA85F3A9CC6E01249491B2136860D054EBBE86A819B846"
"score_trade_result_2025-08-11_NY.csv","3684","2026-07-11T17:34:03.8681484-06:00","EFF8BF1649DD89BC1A0D50704E39B301CA7B579BE029108F211F87103A7187B2"
"score_trade_result_2025-08-12_NY.csv","3712","2026-07-11T17:34:43.8040905-06:00","B4EA51B4CA96E9F086C77FDE5DE1216417AB55F45FB2CBBC232609C04C4D8265"
"score_trade_result_2025-08-13_NY.csv","3125","2026-07-11T17:35:56.8260657-06:00","6990A9E39C408A2D7028461BD1E93293F65C79469544FF970497712454B8AF3E"
"score_trade_result_2025-08-14_NY.csv","3475","2026-07-11T17:36:40.5696456-06:00","0C1549B1D0282CA1B5FB39101B25F4FAFAB41EA9C97410A6A056F6AB2DC42B8E"
"score_trade_result_2025-08-15_NY.csv","3126","2026-07-11T17:37:53.7428844-06:00","1282AF2BE8F59585795F3D9DED4CE41F0F24CFE45B059EF3EB44A173DC26ADA9"
"score_trade_result_2025-08-18_NY.csv","3126","2026-07-11T17:39:07.1892564-06:00","FBB58149BC842AE111879AB90DEE9604F0567035A49EC7D046C403381525B43F"
"score_trade_result_2025-08-19_NY.csv","3708","2026-07-11T17:39:38.2762542-06:00","A5E7AB4481228BF90EADA4E0933795081BA23E329FC833959890EB6491360C83"
"score_trade_result_2025-08-20_NY.csv","3492","2026-07-11T17:40:04.2426657-06:00","1CDDE47A051572B6520D03CCFBD87D0892EA30F9A1C32706CBF9BE3B1DF72E68"
"score_trade_result_2025-08-21_NY.csv","3126","2026-07-11T17:41:17.3563570-06:00","10B16BF809D52E75318B74667487EA710073513A25E3EE0EB7E41826C0ED504F"
"score_trade_result_2025-08-22_NY.csv","3126","2026-07-11T17:42:30.8602860-06:00","DE40F7F37A253BBCE959DD145CA14866F63A8242658D69F19A6E14658FE3633F"
"score_trade_result_2025-08-25_NY.csv","3693","2026-07-11T17:42:52.3822145-06:00","7EC37EC3DFC16417A0F271406A3B4F6C698ABD3C0D7374E506964BEBF625C24A"
"score_trade_result_2025-08-26_NY.csv","3650","2026-07-11T17:43:20.8402886-06:00","CC2FA584869B3A5DE351C4BF5AAB54D2E04AAFDA3FEF0C56E7541C8B5D436D9A"
"score_trade_result_2025-08-27_NY.csv","3126","2026-07-11T17:44:33.9226548-06:00","A8DE9365129A6F74CE09BCE83111AAC4B4DD4DB1178DF23C4DAA27608BDBAC9B"
"score_trade_result_2025-08-28_NY.csv","3700","2026-07-11T17:44:55.9082529-06:00","E515545BE72BF760CB59E4E440373E589FD01530D841A3F65163FA34CB120EDF"
"score_trade_result_2025-08-29_NY.csv","3666","2026-07-11T17:45:41.3902728-06:00","EA1A33A984302FFB463CCF6A75A1E1957C59BDE3F95188D6FF2DA9C376347B1A"
"score_trade_result_2025-09-02_NY.csv","3696","2026-07-11T17:46:05.2678928-06:00","C80406CDED3AEF05913296D772B36C2C921D050A52C4435B3E4D29CB975CA7BD"
"score_trade_result_2025-09-03_NY.csv","3481","2026-07-11T17:46:26.2442094-06:00","1EA24E22AADFFFBAA1BD08314705C34BC6127BA2E60DC0FE4595DAC8FA99151C"
"score_trade_result_2025-09-04_NY.csv","3681","2026-07-11T17:46:59.1077968-06:00","6D8208AFE040B1C25B5680D1826C1D95122E87FA11255E0BB573DD3FF999877E"
"score_trade_result_2025-09-05_NY.csv","3126","2026-07-11T17:48:12.0482726-06:00","76465E2FCDC647879BCEFEFB636C7FF54D3AB06288CBD4A4F48BFBBEB631201B"
"score_trade_result_2025-09-08_NY.csv","3500","2026-07-11T17:49:11.5055692-06:00","4EF6B0C7E3C0D4FA5666792440506E97C0A6FAC2C31426E1B8C44D012E9B138D"
"score_trade_result_2025-09-09_NY.csv","3126","2026-07-11T17:50:24.8799609-06:00","C3B9BA0B53EA4C082A4A3CBCAE1930B2C2B16BE2883EBBA1280D660FA01270A8"
"score_trade_result_2025-09-10_NY.csv","3126","2026-07-11T17:51:38.4535994-06:00","B9782DB1A686F9F4BA667EF611B8FBF78016C48384BD4593F6B35144CB3B7DE7"
"score_trade_result_2025-09-11_NY.csv","3674","2026-07-11T17:52:33.2262638-06:00","B7184CC28C9AEBF7508B09878CB3D153BF56A536CD34F379FB2AEE73AC1BDCE5"
"score_trade_result_2025-09-12_NY.csv","3681","2026-07-11T17:53:22.6549524-06:00","18411D05AD383FD9287099CF581D3A603B28713AB045A13CC6BE96F23DBCFA87"
"score_trade_result_2025-09-15_NY.csv","3125","2026-07-11T17:54:35.4981216-06:00","217CACC21A8396718CB140FC2BB40285490A6D9C551FECEAE2B00F1ECFF76A11"
"score_trade_result_2025-09-16_NY.csv","3125","2026-07-11T17:55:49.1068475-06:00","B9A1B64512B37235E1CBD1DE1377AA560783210F567B0B371E1765247D2E0D08"
"score_trade_result_2025-09-17_NY.csv","3125","2026-07-11T17:57:03.7040807-06:00","39ECD9EDA39905BA4354FCFEAE15D915F868D1503502949F21E6A6AA70D89CC8"
"score_trade_result_2025-09-18_NY.csv","3507","2026-07-11T17:57:39.8442225-06:00","737EAB1F0D35529B3C6DA510EC34F72581A443D9DE32B007BBCDD1FAF4FE90EA"
"score_trade_result_2025-09-19_NY.csv","3686","2026-07-11T17:58:12.4825817-06:00","11F951C88564876942F6BD2FEBC5049332AA488EB1A82CFE6A77BF85A0F52E3F"
"score_trade_result_2025-09-22_NY.csv","3125","2026-07-11T17:59:25.5054170-06:00","5ED15A02A630EC217F01CF7CE1FD469CD35069BD5751250DFE472ECCB57353F1"
"score_trade_result_2025-09-23_NY.csv","3125","2026-07-11T18:00:38.8852616-06:00","694F3459394ECD147488EFB1B5F066F9E402427605B36C29C104A3B2E40FB6BC"
"score_trade_result_2025-09-24_NY.csv","3495","2026-07-11T18:01:13.7059394-06:00","F0BE164F4B421A26B13226B07A5A7B5E88835BFA36DFDCC73EFD444B36892AD3"
"score_trade_result_2025-09-25_NY.csv","3500","2026-07-11T18:02:04.0475659-06:00","B426D2D5D1D2C9EE5607D0C1322333CCA988C099633940BDEB4B18FAEEDEA777"
"score_trade_result_2025-09-26_NY.csv","3683","2026-07-11T18:02:34.7103958-06:00","12618ADACF77F8A874DF297CB28356A3FB0B4CF5B32600F57283F5019A6E81BC"
"score_trade_result_2025-09-29_NY.csv","3671","2026-07-11T18:03:33.5777981-06:00","297A9ED5346ECC53C2C73FEB8049822D584B30C6ACFFA10691152B3D18FA8129"
"score_trade_result_2025-09-30_NY.csv","3641","2026-07-11T18:04:06.3331344-06:00","7796C0B41B37E8800DEE0AD14256C68419AEB9A3BE83117018713D51D1329E91"
"score_trade_result_2025-10-01_NY.csv","3651","2026-07-11T18:04:29.6215249-06:00","F153B44A675BD34E877ECE80E438B4007E8FB4AFAB92402B5369CBB14FF60286"
"score_trade_result_2025-10-02_NY.csv","3697","2026-07-11T18:05:29.2394881-06:00","09974B1E7B2C682460F7486576987846895E799FCAC753447D159FEE35DAF19A"
"score_trade_result_2025-10-03_NY.csv","3126","2026-07-11T18:06:42.4223872-06:00","315508727B8804A654D039EF1CE73BD4DA1EBD9682AA0206FE5984F47929D226"
"score_trade_result_2025-10-06_NY.csv","3626","2026-07-11T18:07:09.5937992-06:00","AFA6EB61AFDF65131592B516730BDCB4555F5150E125FCDA201790D9A6EC6C33"
"score_trade_result_2025-10-07_NY.csv","3508","2026-07-11T18:08:00.3547744-06:00","8E96B788EA3DD5B5BBF109802B3E2690137F52FB259AC71FCFD7357B2239C09C"
"score_trade_result_2025-10-08_NY.csv","3667","2026-07-11T18:08:33.6121295-06:00","2C3849752C809D9D4C515F54C11D191988854A6ED5AD44D8FD6BB19B5C890CF8"
"score_trade_result_2025-10-09_NY.csv","3125","2026-07-11T18:09:46.6359700-06:00","9787083A237C718CD39AB9061B4E0A200F0870CD2FE63001D75C8699DC616C2D"
"score_trade_result_2025-10-10_NY.csv","3516","2026-07-11T18:10:09.7578870-06:00","39D4655738C41F44D407D1DD866AFA13FA9C3D5FBF34FD7DA59506D7927DA0A9"
"score_trade_result_2025-10-13_NY.csv","3687","2026-07-11T18:10:52.6688979-06:00","A3FEBF7B6CE6301E68929CFEE4B4B0A0CA689C2B30819259824532F3124141A3"
"score_trade_result_2025-10-14_NY.csv","3509","2026-07-11T18:11:46.4307165-06:00","B5FAAC5EBCFA38ADEC32B2FA68697F421E52867ABD04E50A9D92FAA3A42A0987"
"score_trade_result_2025-10-15_NY.csv","3697","2026-07-11T18:12:32.9371195-06:00","B5C4738ADF9749B8C475DD9DA78968C1803EF4C49459A9F12B1E26CB0D4725DA"
"score_trade_result_2025-10-16_NY.csv","3696","2026-07-11T18:13:01.8088994-06:00","C86FBB90593364824B6C2BB2380EF5C444A4CC6AF0EE9738A6BB6BC0884D0968"
"score_trade_result_2025-10-17_NY.csv","3646","2026-07-11T18:13:44.1644675-06:00","8FFE179559B0F37B365E3D9ECAB2AE76128DA55393367609FC3AFF41133C060E"
"score_trade_result_2025-10-20_NY.csv","3682","2026-07-11T18:14:04.4758421-06:00","9AA2EFC24C435E76EA4BA23508A5C2EDD9AFC65318CAA92514BF3F054FE5E68C"
"score_trade_result_2025-10-21_NY.csv","3125","2026-07-11T18:15:17.4943756-06:00","A37372E1655D836325DA2F40CA6CBA2EBD783460C3860DFB3ABFA62B9C887D7A"
"score_trade_result_2025-10-22_NY.csv","3493","2026-07-11T18:16:03.1921446-06:00","815BC606B9BC4BDCC98E9EC45C5AE644699A29EF69B8E92B9489C06133192D4B"
"score_trade_result_2025-10-23_NY.csv","3125","2026-07-11T18:17:16.2046705-06:00","BD02DDCA4ADF4ADAB926821095A35273885FA4058F6052FCCB2C79EFAFE101D3"
"score_trade_result_2025-10-24_NY.csv","3659","2026-07-11T18:17:57.0577316-06:00","F75DC72AB347B5C9A65ECF64A6A65601137A2C32629C74977BDFD25E1EA03128"
"score_trade_result_2025-10-27_NY.csv","3704","2026-07-11T18:18:43.1106849-06:00","18D623CA468593B475F330F8CFE1AE1034D23A7454C8C5F393A918D8506106BD"
"score_trade_result_2025-10-28_NY.csv","3662","2026-07-11T18:19:05.1655136-06:00","EF0047B315A82251D64745EF1FB4A9DEB9E159A57225EED4518A85C56EFE188D"
"score_trade_result_2025-10-29_NY.csv","3686","2026-07-11T18:19:37.3910476-06:00","31AD203910EFFD89CD639AA5ADEB774E98078871A3571C2269AA38B9A5203C60"
"score_trade_result_2025-10-30_NY.csv","3476","2026-07-11T18:20:23.6419500-06:00","6D07B342B878F98BA0B11507DD6BDFAFCCFBDBFCFAF7198F7DE56F89440770F0"
"score_trade_result_2025-10-31_NY.csv","3685","2026-07-11T18:21:01.0196028-06:00","8115CC5DA065B556312C9E482FF270C35EF607C4E0676A0A6DAAAC0D1C1B9C51"
"score_trade_result_2026-03-09_NY.csv","3126","2026-07-11T18:22:17.7573849-06:00","B962CF8D03A5AEDEF6A74E9BC4532D385C63E3F0B45750A5C8A3D411FA4EE8CA"
"score_trade_result_2026-03-10_NY.csv","3126","2026-07-11T18:23:33.2654087-06:00","C7DE95CE18600F4ECCB2685100C4E6E626558DFD5F7FB8FE9525E2FDC96F3D7E"
"score_trade_result_2026-03-11_NY.csv","3126","2026-07-11T18:24:46.7978335-06:00","3E38C465A87826368171E86C5F8F13BCFA2D50C79CC996323A7E956C1D800E79"
"score_trade_result_2026-03-12_NY.csv","3126","2026-07-11T18:26:02.2684367-06:00","8432A5B3379AB230628FD197461162D9F7C7F67774DEB4B6AB0A5207814B37F6"
"score_trade_result_2026-03-13_NY.csv","3647","2026-07-11T18:26:56.0051792-06:00","4B02CCF1542B24F3E1D0CB767CC23BC23A1843D587B3BA04B674D2DCA2E041B3"
"score_trade_result_2026-03-16_NY.csv","3476","2026-07-11T18:27:43.8523229-06:00","B9D780730199A6A4AB973D3CE3D14FCD3BB888C6420D2C79DA6567A30FAABB87"
"score_trade_result_2026-03-17_NY.csv","3649","2026-07-11T18:28:11.0459932-06:00","DA354212A6D59D3220694A6194F4D86CD0512C825A1627DAB3B60EA6CF5A85D2"
"score_trade_result_2026-03-18_NY.csv","3708","2026-07-11T18:29:16.5420063-06:00","6B33A6C2072A4E2A1610E87273A6AA8178E94A0490A56165464AF4CA677D32D6"
"score_trade_result_2026-03-19_NY.csv","3126","2026-07-11T18:30:31.6202324-06:00","16BA480B8B905E1D9819E64979AE55D6CCC4FFD7CC0CFC9129E02EB433F98B0B"
"score_trade_result_2026-03-20_NY.csv","3725","2026-07-11T18:30:59.4658745-06:00","55D10E2FB94E7D65A4F2A45F67FD92D72403E8746B84F204857F3A5059C58BF8"
"score_trade_result_2026-03-23_NY.csv","3126","2026-07-11T18:32:16.4506480-06:00","7B0D2B6A250FC41A32F73AD97893261F31D3355A229203BC28D5E1E44523C781"
"score_trade_result_2026-03-24_NY.csv","3678","2026-07-11T18:32:39.7365013-06:00","B2B9551C2C818A50F088D1A7D78FC5BA208B82BF9BF6CB607CAE1E443AEDF92F"
"score_trade_result_2026-03-25_NY.csv","3481","2026-07-11T18:33:34.0349303-06:00","830DCF4C5883D9B4CACA052497A316884E1088444616B6D6CACFEA6033016706"
"score_trade_result_2026-03-26_NY.csv","3126","2026-07-11T18:34:49.0541586-06:00","8F81D17C74C1DD1249CC3F47F9AC1E32C1F9D41604ACBB9959FBF3CFB471BB55"
"score_trade_result_2026-03-27_NY.csv","3680","2026-07-11T18:35:19.0892754-06:00","119439624C99CAC7490755708C5B742F497C3C0566D542EC228CF5A716FCEF0C"
"score_trade_result_2026-03-30_NY.csv","3504","2026-07-11T18:35:46.2517121-06:00","34232EB4244C1B81B3F855ABD1B4A4A91E515FCC1D2A5E6A1FD5DAF66BEF838D"
"score_trade_result_2026-03-31_NY.csv","3691","2026-07-11T18:36:29.8649958-06:00","A982537E3FBB520CBE468FF4C58BFC4E57942E0CB646786CA857BBE051D727E2"
"score_trade_result_2026-04-01_NY.csv","3693","2026-07-11T18:37:17.4472450-06:00","C663554F4409D97B5887513DE8BAFC8CD5094D880116816B1945DBA2C2581859"
"score_trade_result_2026-04-02_NY.csv","3126","2026-07-11T18:38:32.4930812-06:00","79DA74A5D5B8A5ACFEB915CBF4147C70731743653669A3EDE692A11F63AA5DBC"
"score_trade_result_2026-04-06_NY.csv","3465","2026-07-11T18:39:00.5830941-06:00","D10A3E02456812F382D30C130BF674871446C651DEEAF717CA9895FA3269E691"
"score_trade_result_2026-04-07_NY.csv","3126","2026-07-11T18:40:15.6297865-06:00","E246418618D63AEF3D4951EAE6FFB2C7E8FEEC6C2AD0F4081EF5A308E75F731F"
"score_trade_result_2026-04-08_NY.csv","3489","2026-07-11T18:40:41.1851068-06:00","6C19FAC7BC0EFD39FEA2CF5A65FC36CD5FD2A1D4A76A993A91D38F338236AA44"
"score_trade_result_2026-04-09_NY.csv","3701","2026-07-11T18:41:03.3395231-06:00","E76F17B098CEE660F0D74D046B990650D62C605B2636DE1691AA0CA2B7CADEF3"
"score_trade_result_2026-04-10_NY.csv","3126","2026-07-11T18:42:16.3839474-06:00","F7BDF5990D7A2704C7F2A25E8EAFE2969A4F3E68A3B15385727D97D7E1AAFFAA"
"score_trade_result_2026-04-13_NY.csv","3689","2026-07-11T18:42:38.9180991-06:00","49DFD94FEB397107A12006E5469F8DCDCB62F0DF8EEF8330A65457C186894180"
"score_trade_result_2026-04-14_NY.csv","3676","2026-07-11T18:43:23.4934616-06:00","990D095C7AFD1B6AA727EE0668426962C70F56464D9B60D12B9F2481C7A99767"
"score_trade_result_2026-04-15_NY.csv","3126","2026-07-11T18:44:36.4986038-06:00","AFA81A9C2FA89D1C544DB6D41E7E695FB200AABB3E6031FFC1DE80722C9773A4"
"score_trade_result_2026-04-16_NY.csv","3680","2026-07-11T18:44:58.3668766-06:00","87EBD676BC7AB2E0085B521F7D2AE63ED6E3CD912496F0E25360FA5900D3B31C"
"score_trade_result_2026-04-17_NY.csv","3652","2026-07-11T18:45:31.5081731-06:00","C4CD75E419B76896F0C8FA36A919C69504EA10AD51921A98D548692106ACE288"
"score_trade_result_2026-04-20_NY.csv","3507","2026-07-11T18:45:54.9164990-06:00","86A84A526D51A3E6F231078DF36785E4B0706C65205837B4C7E9994FB90F1513"
"score_trade_result_2026-04-21_NY.csv","3645","2026-07-11T18:46:15.4282294-06:00","B1B8A0FFA6B52607A1FD85385317ECE3B056BC9B95FCB8FA631A08915CCA80F8"
"score_trade_result_2026-04-22_NY.csv","3474","2026-07-11T18:46:44.1402755-06:00","FF4B4B72A3EB0EF9D5564628385DD802D87CD164F29835BAB6ECE298CA1230FA"
"score_trade_result_2026-04-23_NY.csv","3126","2026-07-11T18:47:59.0509964-06:00","335E813C8F0A8119563221D6D53C7B231CB72E1B37A7DAB64EFC0A18DD08EDDD"
"score_trade_result_2026-04-24_NY.csv","3677","2026-07-11T18:48:42.6682646-06:00","4F11714730A83501A31AA293FD33E826174D0EA89E8C1239222EDA77E2BF07B3"
"score_trade_result_2026-04-27_NY.csv","3668","2026-07-11T18:49:35.6930364-06:00","49005845D0F5B9B3F1E9FA96C5E59E8ED4A69B1D40E0CAC684BF35DF8D68AF9C"
"score_trade_result_2026-04-28_NY.csv","3126","2026-07-11T18:50:50.6941402-06:00","BC52D6239F0D5A63369345D28719AB13324629B4B9A9C01C084BACF295E132C8"
"score_trade_result_2026-04-29_NY.csv","3472","2026-07-11T18:51:13.1344125-06:00","CDFB1F0DA764BEECB53AA41296F40E0D02F349411B35B9AD74C19C95673A2BE2"
"score_trade_result_2026-04-30_NY.csv","3484","2026-07-11T18:51:53.0910729-06:00","51503730F817BFDAB77FF183DA8323EDA811DACC7B17E490DB76AF16B0237BA0"
"score_trade_result_2026-05-01_NY.csv","3484","2026-07-11T18:52:13.0967236-06:00","26E243B123DD2F3E3A891A0B26EF808A2159ED33F477C194CE425DE330E1064C"
"score_trade_result_2026-05-04_NY.csv","3671","2026-07-11T18:52:37.1552998-06:00","A33FC5CA54D33FE42A4E7A5678643BB7616174C02C5E140020652429CFD828C1"
"score_trade_result_2026-05-05_NY.csv","3504","2026-07-11T18:52:57.7048766-06:00","753206E903634EB6429E753788E99688CD370AD748635D974739EE3D47086F7A"
"score_trade_result_2026-05-06_NY.csv","3688","2026-07-11T18:53:41.7016986-06:00","C9016BA3716BF689CFF634574E5E1908063D85A305268595448B23298C68B90C"
"score_trade_result_2026-05-07_NY.csv","3126","2026-07-11T18:54:54.7654507-06:00","D5217D2DDD4D529F293290121AD2F815204542AA4D50138FFA116D9296317E57"
"score_trade_result_2026-05-08_NY.csv","3642","2026-07-11T18:55:23.7072698-06:00","D94B989F40A387DB0E074C58BA685CEA378BC5701193E51DF035F77E3EA366CC"
"score_trade_result_2026-05-11_NY.csv","3630","2026-07-11T18:55:45.7426172-06:00","5BB7BA2C1E6ACA31BE304C752070FF487101FD0033B947C116945C64BBA7EFCE"
"score_trade_result_2026-05-12_NY.csv","3126","2026-07-11T18:57:00.6201100-06:00","6FF2B65A2C1018952572AE0B8826CF1C03F0B681978DEF9587C544397392DD61"
"score_trade_result_2026-05-13_NY.csv","3492","2026-07-11T18:57:21.9020080-06:00","F9E8074667E8A4D80020AF0322EAA717D3311452984F40C7792B0B88F5A85D60"
"score_trade_result_2026-05-14_NY.csv","3667","2026-07-11T18:57:47.9991541-06:00","4F99D146EB9AADED3AA88D70273F56C7EE3AC1480C34F0996CBFCB3DD57425C9"
"score_trade_result_2026-05-15_NY.csv","3500","2026-07-11T18:58:11.8846273-06:00","4E05338F48D9DE367FD703F192AB495FB2BEE97DF836806D5E450581ABAD7BF9"
"score_trade_result_2026-05-18_NY.csv","3676","2026-07-11T18:58:49.8282410-06:00","A83469079C3D642CCCFDDEE6C9D1E06C14D982DBFF569DBA508401E85F9DE35A"
"score_trade_result_2026-05-19_NY.csv","3641","2026-07-11T18:59:20.2852800-06:00","1A6FB97A2BCCE978840E2112373F040BE4748BC544F4C613447A3AF65502B0A9"
"score_trade_result_2026-05-20_NY.csv","3680","2026-07-11T18:59:54.9910252-06:00","B5CEEB35AD88BCDCFFDF36C30DD3154D87A57591510B0B7FCA5F6040A41F1390"
"score_trade_result_2026-05-21_NY.csv","3126","2026-07-11T19:01:10.0566417-06:00","2C1A4D1C005373A87D2EBB5A25038A8D550EC2F8BE0D26038474D5097CEE8755"
"score_trade_result_2026-05-22_NY.csv","3695","2026-07-11T19:01:35.4716365-06:00","0C98CE58D6FA6EB0936E5FD8E5C71D478F44B8060B39BF8CCD8B9F133F920E52"
"score_trade_result_2026-05-26_NY.csv","3666","2026-07-11T19:02:21.5899123-06:00","2FDA029594006BB6544688177BD56523E863DE7D18E2319288DFB66A55CD78DF"
"score_trade_result_2026-05-27_NY.csv","3650","2026-07-11T19:03:10.3993922-06:00","11885CBE0A25B653206496F773C09AD94B9D1CC1621EC8997B2021839FB97B55"
"score_trade_result_2026-05-28_NY.csv","3684","2026-07-11T19:03:47.9797823-06:00","069B476D7BABB27B9A2C9C5C6D0E3F0F70CF359D3826B46A4C1B3E34A6F0F5B4"
"score_trade_result_2026-05-29_NY.csv","3672","2026-07-11T19:04:14.4909154-06:00","EC65A16FD4141C96AB1FDAEC2B91D0EC8E5EE104952011A3ECC2D753E181EB99"
"score_trade_result_2026-06-01_NY.csv","3633","2026-07-11T19:04:45.1137067-06:00","9CD67DB9FBCB152267DD1C6D04BBF44DB05E2EA19440F85BAC26DD94D7E45B24"
"score_trade_result_2026-06-02_NY.csv","3696","2026-07-11T19:05:31.7790328-06:00","505E53B9D9DF26D0D2555D273A25576BC5103C71DE7F4E33472B518A82526282"
"score_trade_result_2026-06-03_NY.csv","3648","2026-07-11T19:05:58.7900318-06:00","E2E77EFB2AA5B83CFAB13CC2CC8E9AF65C73278BBFE857C3CA89DA3E88A16B32"
"score_trade_result_2026-06-04_NY.csv","3695","2026-07-11T19:06:23.3361942-06:00","CB19729810BA1E5EF2543E7B8ABECA2D1B0790CD3C36E817E0C584BD9CE7FB22"
"score_trade_result_2026-06-05_NY.csv","3685","2026-07-11T19:06:48.2305711-06:00","975FE553754D4EE8DE4F3B4A73F398542BB50B0BB472F123D6116DAFE05CA217"
"score_trade_result_2026-06-08_NY.csv","3478","2026-07-11T19:07:12.8276368-06:00","D19FBF2F37A031EAA8B39B0693EC5F1C1E4C3F0C8CCC099C92FC46558BF632C5"
"score_trade_result_2026-06-09_NY.csv","3656","2026-07-11T19:07:41.4037181-06:00","27ECD2D82B4CBED067C4A53A3555910D0B6D0AE2D03F87F243A8BF621555912F"
"score_trade_result_2026-06-10_NY.csv","3474","2026-07-11T19:08:58.2154859-06:00","A251DFA872780D232A2DE90B5483E9FAEF8F5B090A7928690FB799AD8DC5F148"
"score_trade_result_2026-06-11_NY.csv","3485","2026-07-11T19:09:40.1917160-06:00","D202BA267A82425D50B6E3F530290A94A0F44EB3EB9A12290734963BDF897903"
"score_trade_result_2026-06-12_NY.csv","3477","2026-07-11T19:10:16.5122175-06:00","70240B6122C8F117C7B342EC41F24CA293FAD1BDAFD64B82886C9A84891C96DA"
"score_trade_result_2026-06-15_NY.csv","3477","2026-07-11T19:11:02.6597138-06:00","EE3EA70EED1A0687739D00A08D66A7544A7EB84CE4622ABED547CAE29FD7ADDF"
"score_trade_result_2026-06-16_NY.csv","3126","2026-07-11T19:12:15.6622991-06:00","638F160A5BF39E4C1D8F27113C458FC31EA28FBB0C964740EAA9908C69147D30"
"score_trade_result_2026-06-17_NY.csv","3641","2026-07-11T19:12:50.6157544-06:00","BBAA46D72C43EF5C72F9F793954161349DC9CDA4A82DF55EA187D5D9F5557A83"
"score_trade_result_2026-06-18_NY.csv","3491","2026-07-11T19:13:32.4962969-06:00","2E07D8C9EECF1999EECC61B699FF4A5A4E1AB46B9CD8B8B88F9FAE618A7AB865"
"score_trade_result_2026-06-22_NY.csv","3487","2026-07-11T19:14:06.6309226-06:00","A57695F51836D3A4993498C670128DFBAE44F2C66FE274F7BB8D12A32762B407"
"score_trade_result_2026-06-23_NY.csv","3483","2026-07-11T19:14:37.1575605-06:00","E5DE741A5D2F79F533C86FA0DD14FF57D3FE518282C1BB66EBE29BAB31D17862"
"score_trade_result_2026-06-24_NY.csv","3482","2026-07-11T19:15:09.5209936-06:00","560D4E256F3DD8D61FC2E137BBCD95FA3B6E1488F0CB07C6E1DD3F2DF3D13678"
"score_trade_result_2026-06-25_NY.csv","3595","2026-07-11T19:15:31.5960414-06:00","89A900307E420987AE3F8473467CD5602DA977A6B728B4F6A895F2D4203C5987"
"score_trade_result_2026-06-26_NY.csv","3488","2026-07-11T19:16:07.9969488-06:00","25B3D25505E816051FD8BCD8A8D0A2F731AE3877B1BFD8077E96EB44ADD6678D"
"score_trade_result_2026-06-29_NY.csv","3126","2026-07-11T19:17:23.9056660-06:00","74F751775534D7C13066AE7D76AE589A06B5054EA1E7A5819E3AF4354D86D831"
"score_trade_result_2026-06-30_NY.csv","3664","2026-07-11T19:17:47.0212701-06:00","FE623931E307B35EB6BA08FC85B6274B408A4465D2E40CDA49CD680B99AEDA52"
"score_trade_result_2026-07-01_NY.csv","3126","2026-07-11T19:19:02.2297176-06:00","F5848B29059FC153A2D8D617349937F8003AEF11B785F4AB105E63A32246B4AE"
"score_trade_result_2026-07-02_NY.csv","3126","2026-07-11T19:20:17.4035136-06:00","26CAAE0868326B3B6E4899A0B958F86450D21CCDBE071456F300855EAAFA1231"
"score_trade_result_2026-07-06_NY.csv","3126","2026-07-11T19:21:32.8818745-06:00","8E25027EB1900574FE20EA66D71E6486D9635D49AB58395C15A1CF7F349700BF"
"score_trade_result_2026-07-07_NY.csv","3126","2026-07-11T19:22:48.3178769-06:00","7D7A309D2714DC3F7892FA28A3989CA3B3539EFCA6D6608FC069CA8AF3EFFF92"
"score_trade_result_2026-07-08_NY.csv","3664","2026-07-11T19:23:19.2736258-06:00","130264D6AB68A6644FD1DAAD898BB692F9E8FFD41ADB231C6FB7FDDAA05F35A0"
"score_trade_result_2026-07-09_NY.csv","3657","2026-07-11T19:24:03.4904831-06:00","045767870E29D11C61138966F266E61424600A0FF3C0032DD3255539A3FF99DC"
"score_trade_result_2026-07-10_NY.csv","3659","2026-07-11T19:24:42.7519540-06:00","96B453290536402AFDD8B2F8CACB0221CA582D7E89EFF56FFDCE56C74047B669"
