trade_id,Result_VERSION,OutcomeWin,RealizedR,TradeResult,ConfirmedLater,outcome_timestamp
CFD_ATAS_0001_20250310_1006,atas-mt5-lead-lab-outcomes-v1,0,-1.0,LOSS,0,2025-03-10T10:15:00-04:00
CFD_ATAS_0002_20250310_1138,atas-mt5-lead-lab-outcomes-v1,0,-1.0,LOSS,0,2025-03-10T11:40:00-04:00
CFD_ATAS_0003_20250310_1143,atas-mt5-lead-lab-outcomes-v1,0,-1.0,LOSS,0,2025-03-10T11:44:00-04:00
CFD_ATAS_0004_20250310_1236,atas-mt5-lead-lab-outcomes-v1,0,-1.0,LOSS,0,2025-03-10T12:37:00-04:00
CFD_ATAS_0005_20250311_0954,atas-mt5-lead-lab-outcomes-v1,0,-1.0,LOSS,0,2025-03-11T09:55:00-04:00
CFD_ATAS_0006_20250311_1011,atas-mt5-lead-lab-outcomes-v1,0,-1.0,LOSS,1,2025-03-11T10:17:00-04:00
CFD_ATAS_0007_20250311_1118,atas-mt5-lead-lab-outcomes-v1,0,-1.0,LOSS,0,2025-03-11T11:22:00-04:00
CFD_ATAS_0008_20250311_1145,atas-mt5-lead-lab-outcomes-v1,0,-1.0,LOSS,0,2025-03-11T11:46:00-04:00
CFD_ATAS_0009_20250311_1151,atas-mt5-lead-lab-outcomes-v1,0,-1.0,LOSS,0,2025-03-11T11:58:00-04:00
CFD_ATAS_0010_20250311_1228,atas-mt5-lead-lab-outcomes-v1,0,-1.0,LOSS,0,2025-03-11T12:40:00-04:00
CFD_ATAS_0011_20250312_1037,atas-mt5-lead-lab-outcomes-v1,1,2.0,WIN,0,2025-03-12T10:58:00-04:00
CFD_ATAS_0012_20250312_1133,atas-mt5-lead-lab-outcomes-v1,0,-1.0,LOSS,0,2025-03-12T11:38:00-04:00
CFD_ATAS_0013_20250312_1344,atas-mt5-lead-lab-outcomes-v1,0,-1.0,LOSS,1,2025-03-12T13:50:00-04:00
CFD_ATAS_0014_20250312_1457,atas-mt5-lead-lab-outcomes-v1,1,2.0,WIN,0,2025-03-12T15:01:00-04:00
CFD_ATAS_0015_20250313_1008,atas-mt5-lead-lab-outcomes-v1,0,-1.0,LOSS,0,2025-03-13T10:11:00-04:00
CFD_ATAS_0016_20250313_1042,atas-mt5-lead-lab-outcomes-v1,0,-1.0,LOSS,0,2025-03-13T10:48:00-04:00
CFD_ATAS_0017_20250313_1100,atas-mt5-lead-lab-outcomes-v1,0,-1.0,LOSS,0,2025-03-13T11:01:00-04:00
CFD_ATAS_0018_20250313_1151,atas-mt5-lead-lab-outcomes-v1,0,-1.0,LOSS,1,2025-03-13T11:56:00-04:00
CFD_ATAS_0019_20250313_1207,atas-mt5-lead-lab-outcomes-v1,0,-1.0,LOSS,0,2025-03-13T12:09:00-04:00
CFD_ATAS_0020_20250313_1504,atas-mt5-lead-lab-outcomes-v1,0,-1.0,LOSS,0,2025-03-13T15:05:00-04:00
CFD_ATAS_0021_20250314_1135,atas-mt5-lead-lab-outcomes-v1,0,-1.0,LOSS,0,2025-03-14T11:39:00-04:00
CFD_ATAS_0022_20250314_1147,atas-mt5-lead-lab-outcomes-v1,0,-1.0,LOSS,0,2025-03-14T11:48:00-04:00
CFD_ATAS_0023_20250314_1520,atas-mt5-lead-lab-outcomes-v1,0,-1.0,LOSS,1,2025-03-14T15:29:00-04:00
CFD_ATAS_0024_20250317_1007,atas-mt5-lead-lab-outcomes-v1,0,-1.0,LOSS,0,2025-03-17T10:08:00-04:00
CFD_ATAS_0025_20250317_1138,atas-mt5-lead-lab-outcomes-v1,0,-1.0,LOSS,0,2025-03-17T11:48:00-04:00
CFD_ATAS_0026_20250317_1437,atas-mt5-lead-lab-outcomes-v1,1,2.0,WIN,0,2025-03-17T14:47:00-04:00
CFD_ATAS_0027_20250318_1044,atas-mt5-lead-lab-outcomes-v1,0,-1.0,LOSS,0,2025-03-18T10:45:00-04:00
CFD_ATAS_0028_20250318_1123,atas-mt5-lead-lab-outcomes-v1,0,-1.0,LOSS,0,2025-03-18T11:24:00-04:00
CFD_ATAS_0029_20250318_1155,atas-mt5-lead-lab-outcomes-v1,0,-1.0,LOSS,0,2025-03-18T11:56:00-04:00
CFD_ATAS_0030_20250318_1240,atas-mt5-lead-lab-outcomes-v1,0,-1.0,LOSS,0,2025-03-18T12:43:00-04:00
CFD_ATAS_0031_20250318_1500,atas-mt5-lead-lab-outcomes-v1,0,-1.0,LOSS,0,2025-03-18T15:01:00-04:00
CFD_ATAS_0032_20250318_1518,atas-mt5-lead-lab-outcomes-v1,0,-1.0,LOSS,0,2025-03-18T15:20:00-04:00
CFD_ATAS_0033_20250318_1555,atas-mt5-lead-lab-outcomes-v1,1,1.579698,TIME_WIN,0,2025-03-18T16:00:00-04:00
CFD_ATAS_0034_20250319_1135,atas-mt5-lead-lab-outcomes-v1,1,2.0,WIN,0,2025-03-19T11:42:00-04:00
CFD_ATAS_0035_20250319_1403,atas-mt5-lead-lab-outcomes-v1,0,-1.0,LOSS,0,2025-03-19T14:04:00-04:00
CFD_ATAS_0036_20250319_1415,atas-mt5-lead-lab-outcomes-v1,1,2.0,WIN,1,2025-03-19T14:29:00-04:00
CFD_ATAS_0037_20250319_1524,atas-mt5-lead-lab-outcomes-v1,0,-1.0,LOSS,0,2025-03-19T15:25:00-04:00
CFD_ATAS_0038_20250319_1554,atas-mt5-lead-lab-outcomes-v1,0,-1.0,LOSS,0,2025-03-19T15:55:00-04:00
CFD_ATAS_0039_20250320_1024,atas-mt5-lead-lab-outcomes-v1,0,-1.0,LOSS,0,2025-03-20T10:25:00-04:00
CFD_ATAS_0040_20250320_1330,atas-mt5-lead-lab-outcomes-v1,0,-1.0,LOSS,0,2025-03-20T13:33:00-04:00
CFD_ATAS_0041_20250320_1451,atas-mt5-lead-lab-outcomes-v1,0,-1.0,LOSS,0,2025-03-20T14:52:00-04:00
CFD_ATAS_0042_20250321_1157,atas-mt5-lead-lab-outcomes-v1,0,-1.0,LOSS,0,2025-03-21T12:02:00-04:00
CFD_ATAS_0043_20250321_1535,atas-mt5-lead-lab-outcomes-v1,1,2.0,WIN,1,2025-03-21T15:40:00-04:00
CFD_ATAS_0044_20250324_1003,atas-mt5-lead-lab-outcomes-v1,0,-1.0,LOSS,0,2025-03-24T10:09:00-04:00
CFD_ATAS_0045_20250324_1038,atas-mt5-lead-lab-outcomes-v1,1,2.0,WIN,0,2025-03-24T10:49:00-04:00
CFD_ATAS_0046_20250324_1504,atas-mt5-lead-lab-outcomes-v1,0,-1.0,LOSS,0,2025-03-24T15:05:00-04:00
CFD_ATAS_0047_20250325_1006,atas-mt5-lead-lab-outcomes-v1,0,-1.0,LOSS,0,2025-03-25T10:07:00-04:00
CFD_ATAS_0048_20250326_1003,atas-mt5-lead-lab-outcomes-v1,1,2.0,WIN,0,2025-03-26T10:16:00-04:00
CFD_ATAS_0049_20250326_1030,atas-mt5-lead-lab-outcomes-v1,0,-1.0,LOSS,1,2025-03-26T10:36:00-04:00
CFD_ATAS_0050_20250326_1105,atas-mt5-lead-lab-outcomes-v1,0,-1.0,LOSS,0,2025-03-26T11:24:00-04:00
CFD_ATAS_0051_20250326_1135,atas-mt5-lead-lab-outcomes-v1,0,-1.0,LOSS,0,2025-03-26T11:37:00-04:00
CFD_ATAS_0052_20250326_1204,atas-mt5-lead-lab-outcomes-v1,0,-1.0,LOSS,0,2025-03-26T12:30:00-04:00
CFD_ATAS_0053_20250326_1233,atas-mt5-lead-lab-outcomes-v1,0,-1.0,LOSS,0,2025-03-26T12:34:00-04:00
CFD_ATAS_0054_20250326_1326,atas-mt5-lead-lab-outcomes-v1,0,-1.0,LOSS,0,2025-03-26T13:33:00-04:00
CFD_ATAS_0055_20250326_1431,atas-mt5-lead-lab-outcomes-v1,0,-1.0,LOSS,0,2025-03-26T14:34:00-04:00
CFD_ATAS_0056_20250327_1003,atas-mt5-lead-lab-outcomes-v1,0,-1.0,LOSS,0,2025-03-27T10:07:00-04:00
CFD_ATAS_0057_20250327_1309,atas-mt5-lead-lab-outcomes-v1,0,-1.0,LOSS,0,2025-03-27T13:11:00-04:00
CFD_ATAS_0058_20250327_1341,atas-mt5-lead-lab-outcomes-v1,0,-1.0,LOSS,0,2025-03-27T13:42:00-04:00
CFD_ATAS_0059_20250327_1452,atas-mt5-lead-lab-outcomes-v1,0,-1.0,LOSS,0,2025-03-27T14:55:00-04:00
CFD_ATAS_0060_20250327_1532,atas-mt5-lead-lab-outcomes-v1,0,-1.0,LOSS,0,2025-03-27T15:33:00-04:00
CFD_ATAS_0061_20250328_1035,atas-mt5-lead-lab-outcomes-v1,0,-1.0,LOSS,1,2025-03-28T10:37:00-04:00
CFD_ATAS_0062_20250328_1226,atas-mt5-lead-lab-outcomes-v1,0,-1.0,LOSS,0,2025-03-28T12:30:00-04:00
CFD_ATAS_0063_20250331_1012,atas-mt5-lead-lab-outcomes-v1,0,-1.0,LOSS,0,2025-03-31T10:13:00-04:00
CFD_ATAS_0064_20250331_1017,atas-mt5-lead-lab-outcomes-v1,0,-1.0,LOSS,0,2025-03-31T10:18:00-04:00
CFD_ATAS_0065_20250331_1036,atas-mt5-lead-lab-outcomes-v1,0,-1.0,LOSS,0,2025-03-31T10:38:00-04:00
CFD_ATAS_0066_20250331_1300,atas-mt5-lead-lab-outcomes-v1,0,-1.0,LOSS,0,2025-03-31T13:05:00-04:00
CFD_ATAS_0067_20250331_1514,atas-mt5-lead-lab-outcomes-v1,1,2.0,WIN,0,2025-03-31T15:22:00-04:00
CFD_ATAS_0068_20250331_1533,atas-mt5-lead-lab-outcomes-v1,0,-1.0,LOSS,0,2025-03-31T15:34:00-04:00
CFD_ATAS_0069_20250331_1537,atas-mt5-lead-lab-outcomes-v1,0,-1.0,LOSS,0,2025-03-31T15:41:00-04:00
CFD_ATAS_0070_20250401_1020,atas-mt5-lead-lab-outcomes-v1,1,2.0,WIN,1,2025-04-01T10:24:00-04:00
CFD_ATAS_0071_20250401_1233,atas-mt5-lead-lab-outcomes-v1,0,-1.0,LOSS,0,2025-04-01T12:43:00-04:00
CFD_ATAS_0072_20250401_1412,atas-mt5-lead-lab-outcomes-v1,1,2.0,WIN,0,2025-04-01T14:22:00-04:00
CFD_ATAS_0073_20250402_1113,atas-mt5-lead-lab-outcomes-v1,0,-1.0,LOSS,0,2025-04-02T11:14:00-04:00
CFD_ATAS_0074_20250402_1244,atas-mt5-lead-lab-outcomes-v1,0,-1.0,LOSS,0,2025-04-02T12:49:00-04:00
CFD_ATAS_0075_20250402_1255,atas-mt5-lead-lab-outcomes-v1,0,-1.0,LOSS,0,2025-04-02T12:56:00-04:00
CFD_ATAS_0076_20250402_1431,atas-mt5-lead-lab-outcomes-v1,0,-1.0,LOSS,0,2025-04-02T14:35:00-04:00
CFD_ATAS_0077_20250403_1037,atas-mt5-lead-lab-outcomes-v1,0,-1.0,LOSS,0,2025-04-03T10:38:00-04:00
CFD_ATAS_0078_20250403_1116,atas-mt5-lead-lab-outcomes-v1,0,-1.0,LOSS,1,2025-04-03T11:26:00-04:00
CFD_ATAS_0079_20250403_1236,atas-mt5-lead-lab-outcomes-v1,0,-1.0,LOSS,0,2025-04-03T12:43:00-04:00
CFD_ATAS_0080_20250403_1357,atas-mt5-lead-lab-outcomes-v1,0,-1.0,LOSS,1,2025-04-03T14:05:00-04:00
CFD_ATAS_0081_20250403_1431,atas-mt5-lead-lab-outcomes-v1,0,-1.0,LOSS,0,2025-04-03T14:33:00-04:00
CFD_ATAS_0082_20250404_1033,atas-mt5-lead-lab-outcomes-v1,0,-1.0,LOSS,1,2025-04-04T10:41:00-04:00
CFD_ATAS_0083_20250404_1538,atas-mt5-lead-lab-outcomes-v1,0,-1.0,LOSS,0,2025-04-04T15:47:00-04:00
CFD_ATAS_0084_20250407_1048,atas-mt5-lead-lab-outcomes-v1,1,2.0,WIN,0,2025-04-07T10:54:00-04:00
CFD_ATAS_0085_20250407_1056,atas-mt5-lead-lab-outcomes-v1,0,-1.0,LOSS,0,2025-04-07T11:08:00-04:00
CFD_ATAS_0086_20250407_1122,atas-mt5-lead-lab-outcomes-v1,0,-1.0,LOSS,0,2025-04-07T11:24:00-04:00
CFD_ATAS_0087_20250407_1133,atas-mt5-lead-lab-outcomes-v1,0,-1.0,LOSS,0,2025-04-07T11:35:00-04:00
CFD_ATAS_0088_20250407_1150,atas-mt5-lead-lab-outcomes-v1,0,-1.0,LOSS,0,2025-04-07T12:00:00-04:00
CFD_ATAS_0089_20250407_1235,atas-mt5-lead-lab-outcomes-v1,0,-1.0,LOSS,0,2025-04-07T12:40:00-04:00
CFD_ATAS_0090_20250407_1241,atas-mt5-lead-lab-outcomes-v1,0,-1.0,LOSS,0,2025-04-07T12:42:00-04:00
CFD_ATAS_0091_20250407_1513,atas-mt5-lead-lab-outcomes-v1,0,-1.0,LOSS,1,2025-04-07T15:16:00-04:00
CFD_ATAS_0092_20250408_1103,atas-mt5-lead-lab-outcomes-v1,1,2.0,WIN,0,2025-04-08T11:08:00-04:00
CFD_ATAS_0093_20250408_1403,atas-mt5-lead-lab-outcomes-v1,0,-1.0,LOSS,0,2025-04-08T14:06:00-04:00
CFD_ATAS_0094_20250408_1421,atas-mt5-lead-lab-outcomes-v1,0,-1.0,LOSS,0,2025-04-08T14:22:00-04:00
CFD_ATAS_0095_20250409_1000,atas-mt5-lead-lab-outcomes-v1,0,-1.0,LOSS,0,2025-04-09T10:01:00-04:00
CFD_ATAS_0096_20250409_1005,atas-mt5-lead-lab-outcomes-v1,0,-1.0,LOSS,0,2025-04-09T10:06:00-04:00
CFD_ATAS_0097_20250409_1210,atas-mt5-lead-lab-outcomes-v1,0,-1.0,LOSS,0,2025-04-09T12:11:00-04:00
CFD_ATAS_0098_20250409_1406,atas-mt5-lead-lab-outcomes-v1,0,-1.0,LOSS,0,2025-04-09T14:07:00-04:00
CFD_ATAS_0099_20250410_1002,atas-mt5-lead-lab-outcomes-v1,0,-1.0,LOSS,0,2025-04-10T10:11:00-04:00
CFD_ATAS_0100_20250410_1111,atas-mt5-lead-lab-outcomes-v1,0,-1.0,LOSS,0,2025-04-10T11:14:00-04:00
CFD_ATAS_0101_20250410_1210,atas-mt5-lead-lab-outcomes-v1,1,2.0,WIN,0,2025-04-10T12:16:00-04:00
CFD_ATAS_0102_20250410_1429,atas-mt5-lead-lab-outcomes-v1,0,-1.0,LOSS,0,2025-04-10T14:36:00-04:00
CFD_ATAS_0103_20250410_1508,atas-mt5-lead-lab-outcomes-v1,0,-1.0,LOSS,0,2025-04-10T15:09:00-04:00
CFD_ATAS_0104_20250410_1546,atas-mt5-lead-lab-outcomes-v1,0,-1.0,LOSS,0,2025-04-10T15:50:00-04:00
CFD_ATAS_0105_20250411_1100,atas-mt5-lead-lab-outcomes-v1,1,2.0,WIN,0,2025-04-11T11:03:00-04:00
CFD_ATAS_0106_20250411_1203,atas-mt5-lead-lab-outcomes-v1,1,2.0,WIN,0,2025-04-11T12:06:00-04:00
CFD_ATAS_0107_20250411_1556,atas-mt5-lead-lab-outcomes-v1,1,0.361439,TIME_WIN,0,2025-04-11T16:00:00-04:00
CFD_ATAS_0108_20250414_1103,atas-mt5-lead-lab-outcomes-v1,0,-1.0,LOSS,0,2025-04-14T11:06:00-04:00
CFD_ATAS_0109_20250414_1143,atas-mt5-lead-lab-outcomes-v1,0,-1.0,LOSS,0,2025-04-14T11:44:00-04:00
CFD_ATAS_0110_20250414_1155,atas-mt5-lead-lab-outcomes-v1,0,-1.0,LOSS,0,2025-04-14T11:56:00-04:00
CFD_ATAS_0111_20250414_1231,atas-mt5-lead-lab-outcomes-v1,0,-1.0,LOSS,0,2025-04-14T12:33:00-04:00
CFD_ATAS_0112_20250414_1247,atas-mt5-lead-lab-outcomes-v1,0,-1.0,LOSS,0,2025-04-14T12:56:00-04:00
CFD_ATAS_0113_20250415_1054,atas-mt5-lead-lab-outcomes-v1,1,2.0,WIN,0,2025-04-15T11:22:00-04:00
CFD_ATAS_0114_20250415_1124,atas-mt5-lead-lab-outcomes-v1,0,-1.0,LOSS,0,2025-04-15T11:25:00-04:00
CFD_ATAS_0115_20250415_1147,atas-mt5-lead-lab-outcomes-v1,0,-1.0,LOSS,0,2025-04-15T11:52:00-04:00
CFD_ATAS_0116_20250415_1259,atas-mt5-lead-lab-outcomes-v1,0,-1.0,LOSS,0,2025-04-15T13:06:00-04:00
CFD_ATAS_0117_20250415_1347,atas-mt5-lead-lab-outcomes-v1,1,2.0,WIN,1,2025-04-15T13:53:00-04:00
CFD_ATAS_0118_20250415_1514,atas-mt5-lead-lab-outcomes-v1,0,-1.0,LOSS,0,2025-04-15T15:15:00-04:00
CFD_ATAS_0119_20250416_1232,atas-mt5-lead-lab-outcomes-v1,0,-1.0,LOSS,0,2025-04-16T12:38:00-04:00
CFD_ATAS_0120_20250416_1329,atas-mt5-lead-lab-outcomes-v1,1,2.0,WIN,1,2025-04-16T13:30:00-04:00
CFD_ATAS_0121_20250417_1017,atas-mt5-lead-lab-outcomes-v1,0,-1.0,LOSS,0,2025-04-17T10:19:00-04:00
CFD_ATAS_0122_20250417_1035,atas-mt5-lead-lab-outcomes-v1,0,-1.0,LOSS,0,2025-04-17T10:43:00-04:00
CFD_ATAS_0123_20250417_1106,atas-mt5-lead-lab-outcomes-v1,0,-1.0,LOSS,0,2025-04-17T11:07:00-04:00
CFD_ATAS_0124_20250417_1213,atas-mt5-lead-lab-outcomes-v1,1,2.0,WIN,0,2025-04-17T12:29:00-04:00
CFD_ATAS_0125_20250417_1243,atas-mt5-lead-lab-outcomes-v1,0,-1.0,LOSS,1,2025-04-17T12:44:00-04:00
CFD_ATAS_0126_20250417_1324,atas-mt5-lead-lab-outcomes-v1,1,2.0,WIN,1,2025-04-17T13:33:00-04:00
CFD_ATAS_0127_20250417_1342,atas-mt5-lead-lab-outcomes-v1,0,-1.0,LOSS,0,2025-04-17T13:43:00-04:00
CFD_ATAS_0128_20250417_1532,atas-mt5-lead-lab-outcomes-v1,0,-1.0,LOSS,0,2025-04-17T15:37:00-04:00
CFD_ATAS_0129_20250417_1548,atas-mt5-lead-lab-outcomes-v1,0,-1.0,LOSS,0,2025-04-17T15:49:00-04:00
CFD_ATAS_0130_20250422_1351,atas-mt5-lead-lab-outcomes-v1,0,-1.0,LOSS,0,2025-04-22T14:04:00-04:00
CFD_ATAS_0131_20250422_1423,atas-mt5-lead-lab-outcomes-v1,0,-1.0,LOSS,0,2025-04-22T14:24:00-04:00
CFD_ATAS_0132_20250423_1008,atas-mt5-lead-lab-outcomes-v1,0,-1.0,LOSS,0,2025-04-23T10:12:00-04:00
CFD_ATAS_0133_20250423_1131,atas-mt5-lead-lab-outcomes-v1,0,-1.0,LOSS,0,2025-04-23T11:39:00-04:00
CFD_ATAS_0134_20250423_1154,atas-mt5-lead-lab-outcomes-v1,0,-1.0,LOSS,0,2025-04-23T11:55:00-04:00
CFD_ATAS_0135_20250423_1228,atas-mt5-lead-lab-outcomes-v1,0,-1.0,LOSS,0,2025-04-23T12:29:00-04:00
CFD_ATAS_0136_20250423_1237,atas-mt5-lead-lab-outcomes-v1,0,-1.0,LOSS,0,2025-04-23T12:38:00-04:00
CFD_ATAS_0137_20250423_1426,atas-mt5-lead-lab-outcomes-v1,1,2.0,WIN,1,2025-04-23T14:32:00-04:00
CFD_ATAS_0138_20250424_1100,atas-mt5-lead-lab-outcomes-v1,1,2.0,WIN,0,2025-04-24T11:10:00-04:00
CFD_ATAS_0139_20250424_1304,atas-mt5-lead-lab-outcomes-v1,0,-1.0,LOSS,0,2025-04-24T13:05:00-04:00
CFD_ATAS_0140_20250424_1526,atas-mt5-lead-lab-outcomes-v1,1,2.0,WIN,0,2025-04-24T15:29:00-04:00
CFD_ATAS_0141_20250425_1032,atas-mt5-lead-lab-outcomes-v1,0,-1.0,LOSS,0,2025-04-25T10:37:00-04:00
CFD_ATAS_0142_20250425_1124,atas-mt5-lead-lab-outcomes-v1,1,2.0,WIN,0,2025-04-25T11:29:00-04:00
CFD_ATAS_0143_20250425_1204,atas-mt5-lead-lab-outcomes-v1,1,2.0,WIN,0,2025-04-25T12:16:00-04:00
CFD_ATAS_0144_20250425_1220,atas-mt5-lead-lab-outcomes-v1,0,-1.0,LOSS,0,2025-04-25T12:23:00-04:00
CFD_ATAS_0145_20250425_1233,atas-mt5-lead-lab-outcomes-v1,0,-1.0,LOSS,0,2025-04-25T12:34:00-04:00
CFD_ATAS_0146_20250425_1321,atas-mt5-lead-lab-outcomes-v1,0,-1.0,LOSS,0,2025-04-25T13:28:00-04:00
CFD_ATAS_0147_20250425_1331,atas-mt5-lead-lab-outcomes-v1,0,-1.0,LOSS,0,2025-04-25T13:32:00-04:00
CFD_ATAS_0148_20250425_1532,atas-mt5-lead-lab-outcomes-v1,1,2.0,WIN,0,2025-04-25T15:39:00-04:00
CFD_ATAS_0149_20250425_1547,atas-mt5-lead-lab-outcomes-v1,0,-1.0,LOSS,0,2025-04-25T15:50:00-04:00
CFD_ATAS_0150_20250428_1000,atas-mt5-lead-lab-outcomes-v1,0,-1.0,LOSS,0,2025-04-28T10:01:00-04:00
CFD_ATAS_0151_20250428_1046,atas-mt5-lead-lab-outcomes-v1,1,2.0,WIN,0,2025-04-28T10:53:00-04:00
CFD_ATAS_0152_20250428_1136,atas-mt5-lead-lab-outcomes-v1,0,-1.0,LOSS,0,2025-04-28T11:39:00-04:00
CFD_ATAS_0153_20250428_1432,atas-mt5-lead-lab-outcomes-v1,0,-1.0,LOSS,0,2025-04-28T14:34:00-04:00
CFD_ATAS_0154_20250429_1235,atas-mt5-lead-lab-outcomes-v1,0,-1.0,LOSS,0,2025-04-29T12:36:00-04:00
CFD_ATAS_0155_20250429_1300,atas-mt5-lead-lab-outcomes-v1,0,-1.0,LOSS,0,2025-04-29T13:04:00-04:00
CFD_ATAS_0156_20250429_1552,atas-mt5-lead-lab-outcomes-v1,0,-1.0,LOSS,0,2025-04-29T15:59:00-04:00
CFD_ATAS_0157_20250430_1014,atas-mt5-lead-lab-outcomes-v1,0,-1.0,LOSS,0,2025-04-30T10:15:00-04:00
CFD_ATAS_0158_20250430_1020,atas-mt5-lead-lab-outcomes-v1,0,-1.0,LOSS,0,2025-04-30T10:21:00-04:00
CFD_ATAS_0159_20250430_1039,atas-mt5-lead-lab-outcomes-v1,1,2.0,WIN,0,2025-04-30T10:43:00-04:00
CFD_ATAS_0160_20250430_1135,atas-mt5-lead-lab-outcomes-v1,1,2.0,WIN,0,2025-04-30T11:44:00-04:00
CFD_ATAS_0161_20250430_1151,atas-mt5-lead-lab-outcomes-v1,1,2.0,WIN,0,2025-04-30T11:56:00-04:00
CFD_ATAS_0162_20250430_1232,atas-mt5-lead-lab-outcomes-v1,0,-1.0,LOSS,0,2025-04-30T12:37:00-04:00
CFD_ATAS_0163_20250430_1336,atas-mt5-lead-lab-outcomes-v1,0,-1.0,LOSS,0,2025-04-30T13:37:00-04:00
CFD_ATAS_0164_20250501_1010,atas-mt5-lead-lab-outcomes-v1,0,-1.0,LOSS,0,2025-05-01T10:21:00-04:00
CFD_ATAS_0165_20250501_1133,atas-mt5-lead-lab-outcomes-v1,0,-1.0,LOSS,0,2025-05-01T11:35:00-04:00
CFD_ATAS_0166_20250501_1227,atas-mt5-lead-lab-outcomes-v1,0,-1.0,LOSS,0,2025-05-01T12:28:00-04:00
CFD_ATAS_0167_20250501_1332,atas-mt5-lead-lab-outcomes-v1,1,2.0,WIN,0,2025-05-01T13:40:00-04:00
CFD_ATAS_0168_20250501_1403,atas-mt5-lead-lab-outcomes-v1,0,-1.0,LOSS,0,2025-05-01T14:06:00-04:00
CFD_ATAS_0169_20250501_1459,atas-mt5-lead-lab-outcomes-v1,1,2.0,WIN,1,2025-05-01T15:04:00-04:00
CFD_ATAS_0170_20250502_1038,atas-mt5-lead-lab-outcomes-v1,0,-1.0,LOSS,0,2025-05-02T10:41:00-04:00
CFD_ATAS_0171_20250502_1141,atas-mt5-lead-lab-outcomes-v1,0,-1.0,LOSS,0,2025-05-02T11:58:00-04:00
CFD_ATAS_0172_20250502_1204,atas-mt5-lead-lab-outcomes-v1,0,-1.0,LOSS,0,2025-05-02T12:05:00-04:00
CFD_ATAS_0173_20250502_1230,atas-mt5-lead-lab-outcomes-v1,1,2.0,WIN,0,2025-05-02T12:37:00-04:00
CFD_ATAS_0174_20250502_1320,atas-mt5-lead-lab-outcomes-v1,0,-1.0,LOSS,0,2025-05-02T13:21:00-04:00
CFD_ATAS_0175_20250502_1452,atas-mt5-lead-lab-outcomes-v1,0,-1.0,LOSS,0,2025-05-02T14:53:00-04:00
CFD_ATAS_0176_20250505_1100,atas-mt5-lead-lab-outcomes-v1,0,-1.0,LOSS,0,2025-05-05T11:06:00-04:00
CFD_ATAS_0177_20250505_1205,atas-mt5-lead-lab-outcomes-v1,0,-1.0,LOSS,1,2025-05-05T12:06:00-04:00
CFD_ATAS_0178_20250505_1339,atas-mt5-lead-lab-outcomes-v1,1,2.0,WIN,0,2025-05-05T13:48:00-04:00
CFD_ATAS_0179_20250505_1531,atas-mt5-lead-lab-outcomes-v1,0,-1.0,LOSS,0,2025-05-05T15:36:00-04:00
CFD_ATAS_0180_20250506_1003,atas-mt5-lead-lab-outcomes-v1,0,-1.0,LOSS,0,2025-05-06T10:04:00-04:00
CFD_ATAS_0181_20250506_1114,atas-mt5-lead-lab-outcomes-v1,0,-1.0,LOSS,0,2025-05-06T11:23:00-04:00
CFD_ATAS_0182_20250506_1140,atas-mt5-lead-lab-outcomes-v1,0,-1.0,LOSS,0,2025-05-06T11:42:00-04:00
CFD_ATAS_0183_20250506_1143,atas-mt5-lead-lab-outcomes-v1,0,-1.0,LOSS,0,2025-05-06T11:44:00-04:00
CFD_ATAS_0184_20250506_1207,atas-mt5-lead-lab-outcomes-v1,1,2.0,WIN,0,2025-05-06T12:11:00-04:00
CFD_ATAS_0185_20250506_1221,atas-mt5-lead-lab-outcomes-v1,0,-1.0,LOSS,0,2025-05-06T12:22:00-04:00
CFD_ATAS_0186_20250506_1258,atas-mt5-lead-lab-outcomes-v1,1,2.0,WIN,1,2025-05-06T13:02:00-04:00
CFD_ATAS_0187_20250506_1315,atas-mt5-lead-lab-outcomes-v1,1,2.0,WIN,0,2025-05-06T13:21:00-04:00
CFD_ATAS_0188_20250506_1333,atas-mt5-lead-lab-outcomes-v1,1,2.0,WIN,0,2025-05-06T13:39:00-04:00
CFD_ATAS_0189_20250506_1502,atas-mt5-lead-lab-outcomes-v1,0,-1.0,LOSS,0,2025-05-06T15:06:00-04:00
CFD_ATAS_0190_20250507_1024,atas-mt5-lead-lab-outcomes-v1,0,-1.0,LOSS,0,2025-05-07T10:27:00-04:00
CFD_ATAS_0191_20250507_1035,atas-mt5-lead-lab-outcomes-v1,0,-1.0,LOSS,0,2025-05-07T10:40:00-04:00
CFD_ATAS_0192_20250507_1047,atas-mt5-lead-lab-outcomes-v1,0,-1.0,LOSS,0,2025-05-07T10:48:00-04:00
CFD_ATAS_0193_20250507_1151,atas-mt5-lead-lab-outcomes-v1,0,-1.0,LOSS,0,2025-05-07T11:52:00-04:00
CFD_ATAS_0194_20250507_1218,atas-mt5-lead-lab-outcomes-v1,1,2.0,WIN,0,2025-05-07T12:40:00-04:00
CFD_ATAS_0195_20250507_1508,atas-mt5-lead-lab-outcomes-v1,0,-1.0,LOSS,1,2025-05-07T15:09:00-04:00
CFD_ATAS_0196_20250508_0958,atas-mt5-lead-lab-outcomes-v1,0,-1.0,LOSS,0,2025-05-08T10:01:00-04:00
CFD_ATAS_0197_20250508_1519,atas-mt5-lead-lab-outcomes-v1,0,-1.0,LOSS,0,2025-05-08T15:20:00-04:00
CFD_ATAS_0198_20250509_1146,atas-mt5-lead-lab-outcomes-v1,0,-1.0,LOSS,0,2025-05-09T11:59:00-04:00
CFD_ATAS_0199_20250509_1211,atas-mt5-lead-lab-outcomes-v1,0,-1.0,LOSS,0,2025-05-09T12:36:00-04:00
CFD_ATAS_0200_20250509_1331,atas-mt5-lead-lab-outcomes-v1,1,2.0,WIN,0,2025-05-09T13:42:00-04:00
CFD_ATAS_0201_20250509_1503,atas-mt5-lead-lab-outcomes-v1,0,-1.0,LOSS,0,2025-05-09T15:07:00-04:00
CFD_ATAS_0202_20250509_1515,atas-mt5-lead-lab-outcomes-v1,0,-1.0,LOSS,0,2025-05-09T15:21:00-04:00
CFD_ATAS_0203_20250512_1002,atas-mt5-lead-lab-outcomes-v1,0,-1.0,LOSS,0,2025-05-12T10:07:00-04:00
CFD_ATAS_0204_20250512_1132,atas-mt5-lead-lab-outcomes-v1,0,-1.0,LOSS,0,2025-05-12T11:33:00-04:00
CFD_ATAS_0205_20250512_1528,atas-mt5-lead-lab-outcomes-v1,1,2.0,WIN,0,2025-05-12T15:39:00-04:00
CFD_ATAS_0206_20250513_0959,atas-mt5-lead-lab-outcomes-v1,0,-1.0,LOSS,0,2025-05-13T10:03:00-04:00
CFD_ATAS_0207_20250513_1017,atas-mt5-lead-lab-outcomes-v1,0,-1.0,LOSS,1,2025-05-13T10:18:00-04:00
CFD_ATAS_0208_20250513_1051,atas-mt5-lead-lab-outcomes-v1,0,-1.0,LOSS,0,2025-05-13T10:52:00-04:00
CFD_ATAS_0209_20250513_1149,atas-mt5-lead-lab-outcomes-v1,0,-1.0,LOSS,0,2025-05-13T11:50:00-04:00
CFD_ATAS_0210_20250513_1311,atas-mt5-lead-lab-outcomes-v1,0,-1.0,LOSS,0,2025-05-13T13:17:00-04:00
CFD_ATAS_0211_20250513_1508,atas-mt5-lead-lab-outcomes-v1,1,2.0,WIN,0,2025-05-13T15:16:00-04:00
CFD_ATAS_0212_20250514_1026,atas-mt5-lead-lab-outcomes-v1,0,-1.0,LOSS,0,2025-05-14T10:53:00-04:00
CFD_ATAS_0213_20250514_1152,atas-mt5-lead-lab-outcomes-v1,1,2.0,WIN,0,2025-05-14T11:56:00-04:00
CFD_ATAS_0214_20250514_1159,atas-mt5-lead-lab-outcomes-v1,1,2.0,WIN,0,2025-05-14T12:05:00-04:00
CFD_ATAS_0215_20250514_1225,atas-mt5-lead-lab-outcomes-v1,0,-1.0,LOSS,0,2025-05-14T12:26:00-04:00
CFD_ATAS_0216_20250514_1408,atas-mt5-lead-lab-outcomes-v1,0,-1.0,LOSS,1,2025-05-14T14:10:00-04:00
CFD_ATAS_0217_20250514_1431,atas-mt5-lead-lab-outcomes-v1,0,-1.0,LOSS,0,2025-05-14T14:32:00-04:00
CFD_ATAS_0218_20250515_1018,atas-mt5-lead-lab-outcomes-v1,0,-1.0,LOSS,0,2025-05-15T10:20:00-04:00
CFD_ATAS_0219_20250515_1050,atas-mt5-lead-lab-outcomes-v1,1,2.0,WIN,0,2025-05-15T11:00:00-04:00
CFD_ATAS_0220_20250515_1121,atas-mt5-lead-lab-outcomes-v1,1,2.0,WIN,0,2025-05-15T11:28:00-04:00
CFD_ATAS_0221_20250515_1425,atas-mt5-lead-lab-outcomes-v1,0,-1.0,LOSS,0,2025-05-15T14:30:00-04:00
CFD_ATAS_0222_20250515_1448,atas-mt5-lead-lab-outcomes-v1,1,2.0,WIN,0,2025-05-15T14:53:00-04:00
CFD_ATAS_0223_20250516_1123,atas-mt5-lead-lab-outcomes-v1,0,-1.0,LOSS,0,2025-05-16T11:28:00-04:00
CFD_ATAS_0224_20250516_1221,atas-mt5-lead-lab-outcomes-v1,1,2.0,WIN,0,2025-05-16T12:34:00-04:00
CFD_ATAS_0225_20250516_1400,atas-mt5-lead-lab-outcomes-v1,0,-1.0,LOSS,0,2025-05-16T14:14:00-04:00
CFD_ATAS_0226_20250516_1519,atas-mt5-lead-lab-outcomes-v1,0,-1.0,LOSS,0,2025-05-16T15:22:00-04:00
CFD_ATAS_0227_20250519_0957,atas-mt5-lead-lab-outcomes-v1,0,-1.0,LOSS,0,2025-05-19T10:01:00-04:00
CFD_ATAS_0228_20250519_1101,atas-mt5-lead-lab-outcomes-v1,0,-1.0,LOSS,0,2025-05-19T11:11:00-04:00
CFD_ATAS_0229_20250519_1155,atas-mt5-lead-lab-outcomes-v1,0,-1.0,LOSS,0,2025-05-19T12:12:00-04:00
CFD_ATAS_0230_20250519_1218,atas-mt5-lead-lab-outcomes-v1,1,2.0,WIN,0,2025-05-19T12:24:00-04:00
CFD_ATAS_0231_20250519_1243,atas-mt5-lead-lab-outcomes-v1,0,-1.0,LOSS,0,2025-05-19T12:51:00-04:00
CFD_ATAS_0232_20250519_1331,atas-mt5-lead-lab-outcomes-v1,1,2.0,WIN,1,2025-05-19T13:33:00-04:00
CFD_ATAS_0233_20250519_1532,atas-mt5-lead-lab-outcomes-v1,0,-1.0,LOSS,0,2025-05-19T15:35:00-04:00
CFD_ATAS_0234_20250520_1013,atas-mt5-lead-lab-outcomes-v1,0,-1.0,LOSS,0,2025-05-20T10:18:00-04:00
CFD_ATAS_0235_20250520_1141,atas-mt5-lead-lab-outcomes-v1,0,-1.0,LOSS,0,2025-05-20T11:45:00-04:00
CFD_ATAS_0236_20250520_1505,atas-mt5-lead-lab-outcomes-v1,0,-1.0,LOSS,0,2025-05-20T15:09:00-04:00
CFD_ATAS_0237_20250520_1553,atas-mt5-lead-lab-outcomes-v1,0,-1.0,LOSS,0,2025-05-20T15:54:00-04:00
CFD_ATAS_0238_20250521_0955,atas-mt5-lead-lab-outcomes-v1,0,-1.0,LOSS,1,2025-05-21T10:01:00-04:00
CFD_ATAS_0239_20250521_1013,atas-mt5-lead-lab-outcomes-v1,1,0.5487,TIME_WIN,0,2025-05-21T10:44:00-04:00
CFD_ATAS_0240_20250521_1137,atas-mt5-lead-lab-outcomes-v1,0,-1.0,LOSS,0,2025-05-21T11:38:00-04:00
CFD_ATAS_0241_20250521_1146,atas-mt5-lead-lab-outcomes-v1,1,2.0,WIN,0,2025-05-21T12:07:00-04:00
CFD_ATAS_0242_20250522_1020,atas-mt5-lead-lab-outcomes-v1,0,-1.0,LOSS,0,2025-05-22T10:21:00-04:00
CFD_ATAS_0243_20250522_1033,atas-mt5-lead-lab-outcomes-v1,0,-1.0,LOSS,0,2025-05-22T10:38:00-04:00
CFD_ATAS_0244_20250522_1045,atas-mt5-lead-lab-outcomes-v1,0,-1.0,LOSS,0,2025-05-22T10:47:00-04:00
CFD_ATAS_0245_20250522_1127,atas-mt5-lead-lab-outcomes-v1,0,-1.0,LOSS,0,2025-05-22T11:28:00-04:00
CFD_ATAS_0246_20250522_1205,atas-mt5-lead-lab-outcomes-v1,0,-1.0,LOSS,0,2025-05-22T12:14:00-04:00
CFD_ATAS_0247_20250522_1223,atas-mt5-lead-lab-outcomes-v1,0,-1.0,LOSS,0,2025-05-22T12:31:00-04:00
CFD_ATAS_0248_20250523_1005,atas-mt5-lead-lab-outcomes-v1,0,-1.0,LOSS,0,2025-05-23T10:06:00-04:00
CFD_ATAS_0249_20250523_1039,atas-mt5-lead-lab-outcomes-v1,0,-1.0,LOSS,0,2025-05-23T10:42:00-04:00
CFD_ATAS_0250_20250523_1410,atas-mt5-lead-lab-outcomes-v1,0,-1.0,LOSS,0,2025-05-23T14:19:00-04:00
CFD_ATAS_0251_20250523_1531,atas-mt5-lead-lab-outcomes-v1,0,-1.0,LOSS,0,2025-05-23T15:34:00-04:00
CFD_ATAS_0252_20250526_1039,atas-mt5-lead-lab-outcomes-v1,1,2.0,WIN,0,2025-05-26T10:56:00-04:00
CFD_ATAS_0253_20250526_1202,atas-mt5-lead-lab-outcomes-v1,1,2.0,WIN,0,2025-05-26T12:10:00-04:00
CFD_ATAS_0254_20250527_1039,atas-mt5-lead-lab-outcomes-v1,0,-1.0,LOSS,0,2025-05-27T10:40:00-04:00
CFD_ATAS_0255_20250527_1158,atas-mt5-lead-lab-outcomes-v1,1,2.0,WIN,0,2025-05-27T12:02:00-04:00
CFD_ATAS_0256_20250527_1224,atas-mt5-lead-lab-outcomes-v1,0,-1.0,LOSS,0,2025-05-27T12:36:00-04:00
CFD_ATAS_0257_20250527_1316,atas-mt5-lead-lab-outcomes-v1,0,-1.0,LOSS,0,2025-05-27T13:19:00-04:00
CFD_ATAS_0258_20250528_1148,atas-mt5-lead-lab-outcomes-v1,1,2.0,WIN,0,2025-05-28T11:57:00-04:00
CFD_ATAS_0259_20250528_1206,atas-mt5-lead-lab-outcomes-v1,1,2.0,WIN,0,2025-05-28T12:36:00-04:00
CFD_ATAS_0260_20250528_1253,atas-mt5-lead-lab-outcomes-v1,0,-1.0,LOSS,0,2025-05-28T12:54:00-04:00
CFD_ATAS_0261_20250529_0958,atas-mt5-lead-lab-outcomes-v1,0,-1.0,LOSS,0,2025-05-29T09:59:00-04:00
CFD_ATAS_0262_20250529_1035,atas-mt5-lead-lab-outcomes-v1,0,-1.0,LOSS,0,2025-05-29T10:42:00-04:00
CFD_ATAS_0263_20250529_1103,atas-mt5-lead-lab-outcomes-v1,0,-1.0,LOSS,0,2025-05-29T11:04:00-04:00
CFD_ATAS_0264_20250529_1227,atas-mt5-lead-lab-outcomes-v1,0,-1.0,LOSS,0,2025-05-29T12:36:00-04:00
CFD_ATAS_0265_20250529_1341,atas-mt5-lead-lab-outcomes-v1,1,2.0,WIN,0,2025-05-29T13:48:00-04:00
CFD_ATAS_0266_20250529_1448,atas-mt5-lead-lab-outcomes-v1,0,-1.0,LOSS,0,2025-05-29T14:49:00-04:00
CFD_ATAS_0267_20250529_1453,atas-mt5-lead-lab-outcomes-v1,0,-1.0,LOSS,0,2025-05-29T14:59:00-04:00
CFD_ATAS_0268_20250529_1503,atas-mt5-lead-lab-outcomes-v1,0,-1.0,LOSS,0,2025-05-29T15:06:00-04:00
CFD_ATAS_0269_20250529_1524,atas-mt5-lead-lab-outcomes-v1,1,2.0,WIN,1,2025-05-29T15:28:00-04:00
CFD_ATAS_0270_20250530_1033,atas-mt5-lead-lab-outcomes-v1,0,-1.0,LOSS,0,2025-05-30T10:45:00-04:00
CFD_ATAS_0271_20250530_1131,atas-mt5-lead-lab-outcomes-v1,0,-1.0,LOSS,0,2025-05-30T11:32:00-04:00
CFD_ATAS_0272_20250530_1152,atas-mt5-lead-lab-outcomes-v1,1,2.0,WIN,1,2025-05-30T12:00:00-04:00
CFD_ATAS_0273_20250602_1015,atas-mt5-lead-lab-outcomes-v1,0,-1.0,LOSS,1,2025-06-02T10:22:00-04:00
CFD_ATAS_0274_20250602_1151,atas-mt5-lead-lab-outcomes-v1,0,-1.0,LOSS,0,2025-06-02T11:52:00-04:00
CFD_ATAS_0275_20250602_1222,atas-mt5-lead-lab-outcomes-v1,0,-1.0,LOSS,0,2025-06-02T12:26:00-04:00
CFD_ATAS_0276_20250602_1248,atas-mt5-lead-lab-outcomes-v1,0,-1.0,LOSS,0,2025-06-02T12:53:00-04:00
CFD_ATAS_0277_20250603_1003,atas-mt5-lead-lab-outcomes-v1,0,-1.0,LOSS,1,2025-06-03T10:06:00-04:00
CFD_ATAS_0278_20250603_1043,atas-mt5-lead-lab-outcomes-v1,0,-1.0,LOSS,0,2025-06-03T10:47:00-04:00
CFD_ATAS_0279_20250603_1104,atas-mt5-lead-lab-outcomes-v1,1,2.0,WIN,1,2025-06-03T11:07:00-04:00
CFD_ATAS_0280_20250603_1149,atas-mt5-lead-lab-outcomes-v1,0,-1.0,LOSS,0,2025-06-03T11:50:00-04:00
CFD_ATAS_0281_20250603_1406,atas-mt5-lead-lab-outcomes-v1,1,2.0,WIN,0,2025-06-03T14:10:00-04:00
CFD_ATAS_0282_20250603_1510,atas-mt5-lead-lab-outcomes-v1,0,-1.0,LOSS,0,2025-06-03T15:28:00-04:00
CFD_ATAS_0283_20250604_1033,atas-mt5-lead-lab-outcomes-v1,0,-1.0,LOSS,0,2025-06-04T10:38:00-04:00
CFD_ATAS_0284_20250604_1058,atas-mt5-lead-lab-outcomes-v1,0,-1.0,LOSS,0,2025-06-04T10:59:00-04:00
CFD_ATAS_0285_20250604_1106,atas-mt5-lead-lab-outcomes-v1,0,-1.0,LOSS,1,2025-06-04T11:11:00-04:00
CFD_ATAS_0286_20250604_1128,atas-mt5-lead-lab-outcomes-v1,1,2.0,WIN,0,2025-06-04T11:43:00-04:00
CFD_ATAS_0287_20250604_1245,atas-mt5-lead-lab-outcomes-v1,0,-1.0,LOSS,0,2025-06-04T12:47:00-04:00
CFD_ATAS_0288_20250604_1414,atas-mt5-lead-lab-outcomes-v1,0,-1.0,LOSS,0,2025-06-04T14:20:00-04:00
CFD_ATAS_0289_20250604_1516,atas-mt5-lead-lab-outcomes-v1,0,-1.0,LOSS,0,2025-06-04T15:39:00-04:00
CFD_ATAS_0290_20250605_1004,atas-mt5-lead-lab-outcomes-v1,1,2.0,WIN,0,2025-06-05T10:10:00-04:00
CFD_ATAS_0291_20250605_1058,atas-mt5-lead-lab-outcomes-v1,0,-1.0,LOSS,0,2025-06-05T10:59:00-04:00
CFD_ATAS_0292_20250605_1543,atas-mt5-lead-lab-outcomes-v1,0,-1.0,LOSS,0,2025-06-05T15:44:00-04:00
CFD_ATAS_0293_20250605_1552,atas-mt5-lead-lab-outcomes-v1,0,-1.0,LOSS,0,2025-06-05T15:53:00-04:00
CFD_ATAS_0294_20250605_1555,atas-mt5-lead-lab-outcomes-v1,0,-1.0,LOSS,0,2025-06-05T15:56:00-04:00
CFD_ATAS_0295_20250606_1025,atas-mt5-lead-lab-outcomes-v1,1,2.0,WIN,0,2025-06-06T10:29:00-04:00
CFD_ATAS_0296_20250606_1423,atas-mt5-lead-lab-outcomes-v1,1,2.0,WIN,0,2025-06-06T14:30:00-04:00
CFD_ATAS_0297_20250606_1559,atas-mt5-lead-lab-outcomes-v1,0,-0.176989,TIME_LOSS,0,2025-06-06T16:00:00-04:00
CFD_ATAS_0298_20250609_0958,atas-mt5-lead-lab-outcomes-v1,0,-1.0,LOSS,0,2025-06-09T09:59:00-04:00
CFD_ATAS_0299_20250609_1019,atas-mt5-lead-lab-outcomes-v1,0,-1.0,LOSS,0,2025-06-09T10:20:00-04:00
CFD_ATAS_0300_20250609_1040,atas-mt5-lead-lab-outcomes-v1,1,2.0,WIN,0,2025-06-09T10:45:00-04:00
CFD_ATAS_0301_20250609_1119,atas-mt5-lead-lab-outcomes-v1,0,-1.0,LOSS,0,2025-06-09T11:20:00-04:00
CFD_ATAS_0302_20250609_1131,atas-mt5-lead-lab-outcomes-v1,0,-1.0,LOSS,0,2025-06-09T11:32:00-04:00
CFD_ATAS_0303_20250610_1040,atas-mt5-lead-lab-outcomes-v1,0,-1.0,LOSS,0,2025-06-10T10:44:00-04:00
CFD_ATAS_0304_20250610_1045,atas-mt5-lead-lab-outcomes-v1,0,-1.0,LOSS,0,2025-06-10T10:46:00-04:00
CFD_ATAS_0305_20250610_1458,atas-mt5-lead-lab-outcomes-v1,0,-1.0,LOSS,0,2025-06-10T14:59:00-04:00
CFD_ATAS_0306_20250611_1058,atas-mt5-lead-lab-outcomes-v1,1,2.0,WIN,0,2025-06-11T11:08:00-04:00
CFD_ATAS_0307_20250611_1151,atas-mt5-lead-lab-outcomes-v1,0,-1.0,LOSS,0,2025-06-11T11:54:00-04:00
CFD_ATAS_0308_20250611_1250,atas-mt5-lead-lab-outcomes-v1,1,2.0,WIN,0,2025-06-11T13:02:00-04:00
CFD_ATAS_0309_20250611_1339,atas-mt5-lead-lab-outcomes-v1,0,-1.0,LOSS,0,2025-06-11T13:40:00-04:00
CFD_ATAS_0310_20250611_1427,atas-mt5-lead-lab-outcomes-v1,1,2.0,WIN,0,2025-06-11T14:31:00-04:00
CFD_ATAS_0311_20250611_1447,atas-mt5-lead-lab-outcomes-v1,0,-1.0,LOSS,0,2025-06-11T14:53:00-04:00
CFD_ATAS_0312_20250611_1541,atas-mt5-lead-lab-outcomes-v1,0,-1.0,LOSS,0,2025-06-11T15:45:00-04:00
CFD_ATAS_0313_20250612_0958,atas-mt5-lead-lab-outcomes-v1,0,-1.0,LOSS,0,2025-06-12T10:07:00-04:00
CFD_ATAS_0314_20250612_1151,atas-mt5-lead-lab-outcomes-v1,0,-1.0,LOSS,0,2025-06-12T11:58:00-04:00
CFD_ATAS_0315_20250612_1234,atas-mt5-lead-lab-outcomes-v1,0,-1.0,LOSS,0,2025-06-12T12:36:00-04:00
CFD_ATAS_0316_20250612_1326,atas-mt5-lead-lab-outcomes-v1,0,-1.0,LOSS,0,2025-06-12T13:31:00-04:00
CFD_ATAS_0317_20250612_1421,atas-mt5-lead-lab-outcomes-v1,0,-1.0,LOSS,1,2025-06-12T14:23:00-04:00
CFD_ATAS_0318_20250612_1505,atas-mt5-lead-lab-outcomes-v1,0,-1.0,LOSS,0,2025-06-12T15:20:00-04:00
CFD_ATAS_0319_20250613_0959,atas-mt5-lead-lab-outcomes-v1,0,-1.0,LOSS,0,2025-06-13T10:00:00-04:00
CFD_ATAS_0320_20250613_1118,atas-mt5-lead-lab-outcomes-v1,1,2.0,WIN,0,2025-06-13T11:22:00-04:00
CFD_ATAS_0321_20250613_1151,atas-mt5-lead-lab-outcomes-v1,0,-1.0,LOSS,0,2025-06-13T11:56:00-04:00
CFD_ATAS_0322_20250613_1157,atas-mt5-lead-lab-outcomes-v1,0,-1.0,LOSS,0,2025-06-13T12:01:00-04:00
CFD_ATAS_0323_20250613_1242,atas-mt5-lead-lab-outcomes-v1,0,-1.0,LOSS,0,2025-06-13T12:52:00-04:00
CFD_ATAS_0324_20250613_1324,atas-mt5-lead-lab-outcomes-v1,0,-1.0,LOSS,0,2025-06-13T13:37:00-04:00
CFD_ATAS_0325_20250613_1358,atas-mt5-lead-lab-outcomes-v1,1,2.0,WIN,1,2025-06-13T14:03:00-04:00
CFD_ATAS_0326_20250613_1543,atas-mt5-lead-lab-outcomes-v1,0,-1.0,LOSS,0,2025-06-13T15:44:00-04:00
CFD_ATAS_0327_20250616_1003,atas-mt5-lead-lab-outcomes-v1,0,-1.0,LOSS,0,2025-06-16T10:18:00-04:00
CFD_ATAS_0328_20250616_1041,atas-mt5-lead-lab-outcomes-v1,0,-1.0,LOSS,0,2025-06-16T10:45:00-04:00
CFD_ATAS_0329_20250616_1056,atas-mt5-lead-lab-outcomes-v1,0,-1.0,LOSS,0,2025-06-16T11:10:00-04:00
CFD_ATAS_0330_20250616_1232,atas-mt5-lead-lab-outcomes-v1,0,-1.0,LOSS,0,2025-06-16T12:36:00-04:00
CFD_ATAS_0331_20250616_1248,atas-mt5-lead-lab-outcomes-v1,0,-1.0,LOSS,0,2025-06-16T12:51:00-04:00
CFD_ATAS_0332_20250616_1309,atas-mt5-lead-lab-outcomes-v1,1,2.0,WIN,0,2025-06-16T13:13:00-04:00
CFD_ATAS_0333_20250616_1459,atas-mt5-lead-lab-outcomes-v1,0,-1.0,LOSS,0,2025-06-16T15:08:00-04:00
CFD_ATAS_0334_20250617_1028,atas-mt5-lead-lab-outcomes-v1,1,2.0,WIN,0,2025-06-17T10:35:00-04:00
CFD_ATAS_0335_20250617_1159,atas-mt5-lead-lab-outcomes-v1,1,2.0,WIN,0,2025-06-17T12:03:00-04:00
CFD_ATAS_0336_20250617_1204,atas-mt5-lead-lab-outcomes-v1,0,-1.0,LOSS,0,2025-06-17T12:09:00-04:00
CFD_ATAS_0337_20250617_1234,atas-mt5-lead-lab-outcomes-v1,1,2.0,WIN,0,2025-06-17T12:40:00-04:00
CFD_ATAS_0338_20250617_1303,atas-mt5-lead-lab-outcomes-v1,1,2.0,WIN,0,2025-06-17T13:29:00-04:00
CFD_ATAS_0339_20250617_1340,atas-mt5-lead-lab-outcomes-v1,0,-1.0,LOSS,0,2025-06-17T13:42:00-04:00
CFD_ATAS_0340_20250617_1417,atas-mt5-lead-lab-outcomes-v1,1,2.0,WIN,0,2025-06-17T14:26:00-04:00
CFD_ATAS_0341_20250617_1438,atas-mt5-lead-lab-outcomes-v1,0,-1.0,LOSS,0,2025-06-17T14:39:00-04:00
CFD_ATAS_0342_20250618_1103,atas-mt5-lead-lab-outcomes-v1,0,-1.0,LOSS,0,2025-06-18T11:06:00-04:00
CFD_ATAS_0343_20250618_1108,atas-mt5-lead-lab-outcomes-v1,0,-1.0,LOSS,0,2025-06-18T11:09:00-04:00
CFD_ATAS_0344_20250618_1111,atas-mt5-lead-lab-outcomes-v1,0,-1.0,LOSS,0,2025-06-18T11:22:00-04:00
CFD_ATAS_0345_20250618_1237,atas-mt5-lead-lab-outcomes-v1,0,-1.0,LOSS,0,2025-06-18T12:55:00-04:00
CFD_ATAS_0346_20250618_1338,atas-mt5-lead-lab-outcomes-v1,0,-1.0,LOSS,0,2025-06-18T13:39:00-04:00
CFD_ATAS_0347_20250618_1428,atas-mt5-lead-lab-outcomes-v1,0,-1.0,LOSS,0,2025-06-18T14:30:00-04:00
CFD_ATAS_0348_20250619_0958,atas-mt5-lead-lab-outcomes-v1,0,-1.0,LOSS,0,2025-06-19T10:15:00-04:00
CFD_ATAS_0349_20250619_1020,atas-mt5-lead-lab-outcomes-v1,1,2.0,WIN,0,2025-06-19T10:27:00-04:00
CFD_ATAS_0350_20250619_1034,atas-mt5-lead-lab-outcomes-v1,0,-1.0,LOSS,0,2025-06-19T10:38:00-04:00
CFD_ATAS_0351_20250619_1039,atas-mt5-lead-lab-outcomes-v1,0,-1.0,LOSS,0,2025-06-19T10:40:00-04:00
CFD_ATAS_0352_20250619_1154,atas-mt5-lead-lab-outcomes-v1,0,-1.0,LOSS,0,2025-06-19T11:56:00-04:00
CFD_ATAS_0353_20250620_1205,atas-mt5-lead-lab-outcomes-v1,0,-1.0,LOSS,0,2025-06-20T12:09:00-04:00
CFD_ATAS_0354_20250620_1226,atas-mt5-lead-lab-outcomes-v1,0,-1.0,LOSS,0,2025-06-20T12:27:00-04:00
CFD_ATAS_0355_20250620_1231,atas-mt5-lead-lab-outcomes-v1,0,-1.0,LOSS,0,2025-06-20T12:35:00-04:00
CFD_ATAS_0356_20250620_1328,atas-mt5-lead-lab-outcomes-v1,0,-1.0,LOSS,0,2025-06-20T13:29:00-04:00
CFD_ATAS_0357_20250623_1011,atas-mt5-lead-lab-outcomes-v1,0,-1.0,LOSS,0,2025-06-23T10:12:00-04:00
CFD_ATAS_0358_20250623_1029,atas-mt5-lead-lab-outcomes-v1,1,2.0,WIN,0,2025-06-23T10:45:00-04:00
CFD_ATAS_0359_20250623_1049,atas-mt5-lead-lab-outcomes-v1,0,-1.0,LOSS,0,2025-06-23T10:50:00-04:00
CFD_ATAS_0360_20250623_1108,atas-mt5-lead-lab-outcomes-v1,1,2.0,WIN,0,2025-06-23T11:26:00-04:00
CFD_ATAS_0361_20250624_1024,atas-mt5-lead-lab-outcomes-v1,0,-1.0,LOSS,0,2025-06-24T10:28:00-04:00
CFD_ATAS_0362_20250624_1329,atas-mt5-lead-lab-outcomes-v1,0,-1.0,LOSS,0,2025-06-24T13:43:00-04:00
CFD_ATAS_0363_20250624_1547,atas-mt5-lead-lab-outcomes-v1,0,-1.0,LOSS,0,2025-06-24T15:48:00-04:00
CFD_ATAS_0364_20250625_1027,atas-mt5-lead-lab-outcomes-v1,0,-1.0,LOSS,0,2025-06-25T10:30:00-04:00
CFD_ATAS_0365_20250625_1055,atas-mt5-lead-lab-outcomes-v1,0,-1.0,LOSS,0,2025-06-25T10:58:00-04:00
CFD_ATAS_0366_20250626_1003,atas-mt5-lead-lab-outcomes-v1,0,-1.0,LOSS,0,2025-06-26T10:06:00-04:00
CFD_ATAS_0367_20250626_1109,atas-mt5-lead-lab-outcomes-v1,0,-1.0,LOSS,0,2025-06-26T11:12:00-04:00
CFD_ATAS_0368_20250626_1207,atas-mt5-lead-lab-outcomes-v1,0,-1.0,LOSS,0,2025-06-26T12:09:00-04:00
CFD_ATAS_0369_20250626_1457,atas-mt5-lead-lab-outcomes-v1,0,-1.0,LOSS,0,2025-06-26T15:02:00-04:00
CFD_ATAS_0370_20250626_1540,atas-mt5-lead-lab-outcomes-v1,0,-1.0,LOSS,1,2025-06-26T15:44:00-04:00
CFD_ATAS_0371_20250627_1004,atas-mt5-lead-lab-outcomes-v1,0,-1.0,LOSS,0,2025-06-27T10:08:00-04:00
CFD_ATAS_0372_20250627_1030,atas-mt5-lead-lab-outcomes-v1,0,-1.0,LOSS,0,2025-06-27T10:37:00-04:00
CFD_ATAS_0373_20250627_1103,atas-mt5-lead-lab-outcomes-v1,0,-1.0,LOSS,0,2025-06-27T11:04:00-04:00
CFD_ATAS_0374_20250627_1132,atas-mt5-lead-lab-outcomes-v1,0,-1.0,LOSS,0,2025-06-27T11:33:00-04:00
CFD_ATAS_0375_20250627_1208,atas-mt5-lead-lab-outcomes-v1,0,-1.0,LOSS,0,2025-06-27T12:16:00-04:00
CFD_ATAS_0376_20250630_1007,atas-mt5-lead-lab-outcomes-v1,0,-1.0,LOSS,0,2025-06-30T10:18:00-04:00
CFD_ATAS_0377_20250630_1059,atas-mt5-lead-lab-outcomes-v1,1,2.0,WIN,1,2025-06-30T11:04:00-04:00
CFD_ATAS_0378_20250630_1153,atas-mt5-lead-lab-outcomes-v1,0,-1.0,LOSS,0,2025-06-30T11:54:00-04:00
CFD_ATAS_0379_20250630_1226,atas-mt5-lead-lab-outcomes-v1,0,-1.0,LOSS,0,2025-06-30T12:34:00-04:00
CFD_ATAS_0380_20250630_1254,atas-mt5-lead-lab-outcomes-v1,0,-1.0,LOSS,0,2025-06-30T12:58:00-04:00
CFD_ATAS_0381_20250701_1100,atas-mt5-lead-lab-outcomes-v1,0,-1.0,LOSS,0,2025-07-01T11:01:00-04:00
CFD_ATAS_0382_20250701_1113,atas-mt5-lead-lab-outcomes-v1,1,2.0,WIN,1,2025-07-01T11:23:00-04:00
CFD_ATAS_0383_20250701_1129,atas-mt5-lead-lab-outcomes-v1,0,-1.0,LOSS,0,2025-07-01T11:37:00-04:00
CFD_ATAS_0384_20250701_1331,atas-mt5-lead-lab-outcomes-v1,1,2.0,WIN,0,2025-07-01T13:50:00-04:00
CFD_ATAS_0385_20250702_1035,atas-mt5-lead-lab-outcomes-v1,0,-1.0,LOSS,0,2025-07-02T10:37:00-04:00
CFD_ATAS_0386_20250702_1057,atas-mt5-lead-lab-outcomes-v1,1,2.0,WIN,0,2025-07-02T11:06:00-04:00
CFD_ATAS_0387_20250702_1116,atas-mt5-lead-lab-outcomes-v1,0,-1.0,LOSS,0,2025-07-02T11:22:00-04:00
CFD_ATAS_0388_20250702_1208,atas-mt5-lead-lab-outcomes-v1,0,-1.0,LOSS,0,2025-07-02T12:09:00-04:00
CFD_ATAS_0389_20250703_1113,atas-mt5-lead-lab-outcomes-v1,0,-1.0,LOSS,0,2025-07-03T11:25:00-04:00
CFD_ATAS_0390_20250703_1138,atas-mt5-lead-lab-outcomes-v1,0,-1.0,LOSS,0,2025-07-03T11:41:00-04:00
CFD_ATAS_0391_20250704_0953,atas-mt5-lead-lab-outcomes-v1,0,-1.0,LOSS,1,2025-07-04T09:58:00-04:00
CFD_ATAS_0392_20250707_0953,atas-mt5-lead-lab-outcomes-v1,0,-1.0,LOSS,0,2025-07-07T09:59:00-04:00
CFD_ATAS_0393_20250707_1102,atas-mt5-lead-lab-outcomes-v1,0,-1.0,LOSS,0,2025-07-07T11:13:00-04:00
CFD_ATAS_0394_20250707_1122,atas-mt5-lead-lab-outcomes-v1,0,-1.0,LOSS,0,2025-07-07T11:26:00-04:00
CFD_ATAS_0395_20250707_1127,atas-mt5-lead-lab-outcomes-v1,0,-1.0,LOSS,0,2025-07-07T11:28:00-04:00
CFD_ATAS_0396_20250707_1148,atas-mt5-lead-lab-outcomes-v1,0,-1.0,LOSS,0,2025-07-07T11:50:00-04:00
CFD_ATAS_0397_20250707_1330,atas-mt5-lead-lab-outcomes-v1,0,-1.0,LOSS,0,2025-07-07T13:31:00-04:00
CFD_ATAS_0398_20250707_1521,atas-mt5-lead-lab-outcomes-v1,1,2.0,WIN,0,2025-07-07T15:41:00-04:00
CFD_ATAS_0399_20250707_1558,atas-mt5-lead-lab-outcomes-v1,0,-1.0,LOSS,0,2025-07-07T16:00:00-04:00
CFD_ATAS_0400_20250708_0953,atas-mt5-lead-lab-outcomes-v1,1,2.0,WIN,0,2025-07-08T09:59:00-04:00
CFD_ATAS_0401_20250708_1029,atas-mt5-lead-lab-outcomes-v1,0,-1.0,LOSS,0,2025-07-08T10:30:00-04:00
CFD_ATAS_0402_20250708_1212,atas-mt5-lead-lab-outcomes-v1,0,-1.0,LOSS,0,2025-07-08T12:15:00-04:00
CFD_ATAS_0403_20250708_1343,atas-mt5-lead-lab-outcomes-v1,0,-1.0,LOSS,0,2025-07-08T13:51:00-04:00
CFD_ATAS_0404_20250709_1049,atas-mt5-lead-lab-outcomes-v1,0,-1.0,LOSS,0,2025-07-09T10:50:00-04:00
CFD_ATAS_0405_20250709_1305,atas-mt5-lead-lab-outcomes-v1,0,-1.0,LOSS,0,2025-07-09T13:06:00-04:00
CFD_ATAS_0406_20250709_1355,atas-mt5-lead-lab-outcomes-v1,0,-1.0,LOSS,0,2025-07-09T13:56:00-04:00
CFD_ATAS_0407_20250709_1434,atas-mt5-lead-lab-outcomes-v1,0,-1.0,LOSS,1,2025-07-09T14:39:00-04:00
CFD_ATAS_0408_20250710_1010,atas-mt5-lead-lab-outcomes-v1,0,-1.0,LOSS,0,2025-07-10T10:11:00-04:00
CFD_ATAS_0409_20250710_1304,atas-mt5-lead-lab-outcomes-v1,1,2.0,WIN,0,2025-07-10T13:11:00-04:00
CFD_ATAS_0410_20250710_1456,atas-mt5-lead-lab-outcomes-v1,0,-1.0,LOSS,0,2025-07-10T14:57:00-04:00
CFD_ATAS_0411_20250710_1534,atas-mt5-lead-lab-outcomes-v1,0,-1.0,LOSS,0,2025-07-10T15:35:00-04:00
CFD_ATAS_0412_20250711_1400,atas-mt5-lead-lab-outcomes-v1,1,2.0,WIN,0,2025-07-11T14:07:00-04:00
CFD_ATAS_0413_20250714_1026,atas-mt5-lead-lab-outcomes-v1,0,-1.0,LOSS,0,2025-07-14T10:27:00-04:00
CFD_ATAS_0414_20250714_1125,atas-mt5-lead-lab-outcomes-v1,0,-1.0,LOSS,0,2025-07-14T11:28:00-04:00
CFD_ATAS_0415_20250714_1129,atas-mt5-lead-lab-outcomes-v1,0,-1.0,LOSS,0,2025-07-14T11:30:00-04:00
CFD_ATAS_0416_20250714_1349,atas-mt5-lead-lab-outcomes-v1,0,-1.0,LOSS,0,2025-07-14T13:50:00-04:00
CFD_ATAS_0417_20250715_1012,atas-mt5-lead-lab-outcomes-v1,0,-1.0,LOSS,0,2025-07-15T10:13:00-04:00
CFD_ATAS_0418_20250715_1201,atas-mt5-lead-lab-outcomes-v1,1,2.0,WIN,0,2025-07-15T12:08:00-04:00
CFD_ATAS_0419_20250715_1227,atas-mt5-lead-lab-outcomes-v1,0,-1.0,LOSS,0,2025-07-15T12:32:00-04:00
CFD_ATAS_0420_20250715_1318,atas-mt5-lead-lab-outcomes-v1,0,-1.0,LOSS,0,2025-07-15T13:19:00-04:00
CFD_ATAS_0421_20250715_1325,atas-mt5-lead-lab-outcomes-v1,0,-1.0,LOSS,1,2025-07-15T13:34:00-04:00
CFD_ATAS_0422_20250716_0953,atas-mt5-lead-lab-outcomes-v1,0,-1.0,LOSS,0,2025-07-16T10:10:00-04:00
CFD_ATAS_0423_20250716_1103,atas-mt5-lead-lab-outcomes-v1,0,-1.0,LOSS,0,2025-07-16T11:11:00-04:00
CFD_ATAS_0424_20250717_1007,atas-mt5-lead-lab-outcomes-v1,0,-1.0,LOSS,0,2025-07-17T10:11:00-04:00
CFD_ATAS_0425_20250717_1050,atas-mt5-lead-lab-outcomes-v1,1,2.0,WIN,0,2025-07-17T11:00:00-04:00
CFD_ATAS_0426_20250717_1126,atas-mt5-lead-lab-outcomes-v1,1,2.0,WIN,0,2025-07-17T11:39:00-04:00
CFD_ATAS_0427_20250717_1158,atas-mt5-lead-lab-outcomes-v1,0,-1.0,LOSS,0,2025-07-17T12:02:00-04:00
CFD_ATAS_0428_20250717_1225,atas-mt5-lead-lab-outcomes-v1,1,0.614404,TIME_WIN,0,2025-07-17T13:00:00-04:00
CFD_ATAS_0429_20250717_1308,atas-mt5-lead-lab-outcomes-v1,0,-1.0,LOSS,0,2025-07-17T13:14:00-04:00
CFD_ATAS_0430_20250717_1327,atas-mt5-lead-lab-outcomes-v1,1,2.0,WIN,1,2025-07-17T13:28:00-04:00
CFD_ATAS_0431_20250717_1418,atas-mt5-lead-lab-outcomes-v1,0,-1.0,LOSS,0,2025-07-17T14:19:00-04:00
CFD_ATAS_0432_20250717_1513,atas-mt5-lead-lab-outcomes-v1,0,-1.0,LOSS,0,2025-07-17T15:31:00-04:00
CFD_ATAS_0433_20250717_1543,atas-mt5-lead-lab-outcomes-v1,0,-1.0,LOSS,0,2025-07-17T15:44:00-04:00
CFD_ATAS_0434_20250718_1022,atas-mt5-lead-lab-outcomes-v1,0,-1.0,LOSS,0,2025-07-18T10:23:00-04:00
CFD_ATAS_0435_20250718_1039,atas-mt5-lead-lab-outcomes-v1,0,-1.0,LOSS,0,2025-07-18T10:45:00-04:00
CFD_ATAS_0436_20250718_1520,atas-mt5-lead-lab-outcomes-v1,1,2.0,WIN,1,2025-07-18T15:25:00-04:00
CFD_ATAS_0437_20250721_0955,atas-mt5-lead-lab-outcomes-v1,1,2.0,WIN,0,2025-07-21T10:00:00-04:00
CFD_ATAS_0438_20250721_1018,atas-mt5-lead-lab-outcomes-v1,0,-1.0,LOSS,0,2025-07-21T10:19:00-04:00
CFD_ATAS_0439_20250721_1023,atas-mt5-lead-lab-outcomes-v1,0,-1.0,LOSS,0,2025-07-21T10:47:00-04:00
CFD_ATAS_0440_20250721_1539,atas-mt5-lead-lab-outcomes-v1,1,2.0,WIN,0,2025-07-21T15:43:00-04:00
CFD_ATAS_0441_20250721_1559,atas-mt5-lead-lab-outcomes-v1,0,-1.0,LOSS,0,2025-07-21T16:00:00-04:00
CFD_ATAS_0442_20250722_1009,atas-mt5-lead-lab-outcomes-v1,0,-1.0,LOSS,0,2025-07-22T10:10:00-04:00
CFD_ATAS_0443_20250722_1059,atas-mt5-lead-lab-outcomes-v1,1,2.0,WIN,0,2025-07-22T11:16:00-04:00
CFD_ATAS_0444_20250722_1209,atas-mt5-lead-lab-outcomes-v1,0,-1.0,LOSS,0,2025-07-22T12:17:00-04:00
CFD_ATAS_0445_20250722_1319,atas-mt5-lead-lab-outcomes-v1,0,-1.0,LOSS,0,2025-07-22T13:25:00-04:00
CFD_ATAS_0446_20250722_1326,atas-mt5-lead-lab-outcomes-v1,0,-1.0,LOSS,0,2025-07-22T13:27:00-04:00
CFD_ATAS_0447_20250722_1437,atas-mt5-lead-lab-outcomes-v1,0,-1.0,LOSS,0,2025-07-22T14:38:00-04:00
CFD_ATAS_0448_20250722_1521,atas-mt5-lead-lab-outcomes-v1,0,-1.0,LOSS,0,2025-07-22T15:23:00-04:00
CFD_ATAS_0449_20250722_1531,atas-mt5-lead-lab-outcomes-v1,1,2.0,WIN,0,2025-07-22T15:36:00-04:00
CFD_ATAS_0450_20250722_1544,atas-mt5-lead-lab-outcomes-v1,0,-1.0,LOSS,1,2025-07-22T15:54:00-04:00
CFD_ATAS_0451_20250723_1012,atas-mt5-lead-lab-outcomes-v1,0,-1.0,LOSS,0,2025-07-23T10:13:00-04:00
CFD_ATAS_0452_20250723_1045,atas-mt5-lead-lab-outcomes-v1,0,-1.0,LOSS,0,2025-07-23T10:51:00-04:00
CFD_ATAS_0453_20250723_1109,atas-mt5-lead-lab-outcomes-v1,0,-1.0,LOSS,0,2025-07-23T11:11:00-04:00
CFD_ATAS_0454_20250723_1226,atas-mt5-lead-lab-outcomes-v1,0,-1.0,LOSS,0,2025-07-23T12:48:00-04:00
CFD_ATAS_0455_20250723_1333,atas-mt5-lead-lab-outcomes-v1,0,-1.0,LOSS,0,2025-07-23T13:43:00-04:00
CFD_ATAS_0456_20250724_1018,atas-mt5-lead-lab-outcomes-v1,0,-1.0,LOSS,0,2025-07-24T10:21:00-04:00
CFD_ATAS_0457_20250724_1031,atas-mt5-lead-lab-outcomes-v1,0,-1.0,LOSS,0,2025-07-24T10:36:00-04:00
CFD_ATAS_0458_20250724_1045,atas-mt5-lead-lab-outcomes-v1,0,-1.0,LOSS,0,2025-07-24T10:48:00-04:00
CFD_ATAS_0459_20250724_1105,atas-mt5-lead-lab-outcomes-v1,0,-1.0,LOSS,0,2025-07-24T11:10:00-04:00
CFD_ATAS_0460_20250724_1128,atas-mt5-lead-lab-outcomes-v1,0,-1.0,LOSS,0,2025-07-24T11:29:00-04:00
CFD_ATAS_0461_20250724_1316,atas-mt5-lead-lab-outcomes-v1,0,-1.0,LOSS,0,2025-07-24T13:29:00-04:00
CFD_ATAS_0462_20250724_1406,atas-mt5-lead-lab-outcomes-v1,0,-1.0,LOSS,0,2025-07-24T14:07:00-04:00
CFD_ATAS_0463_20250724_1508,atas-mt5-lead-lab-outcomes-v1,1,2.0,WIN,0,2025-07-24T15:10:00-04:00
CFD_ATAS_0464_20250725_1009,atas-mt5-lead-lab-outcomes-v1,1,0.106028,TIME_WIN,0,2025-07-25T10:40:00-04:00
CFD_ATAS_0465_20250725_1055,atas-mt5-lead-lab-outcomes-v1,0,-1.0,LOSS,0,2025-07-25T10:56:00-04:00
CFD_ATAS_0466_20250725_1156,atas-mt5-lead-lab-outcomes-v1,1,2.0,WIN,0,2025-07-25T12:08:00-04:00
CFD_ATAS_0467_20250725_1233,atas-mt5-lead-lab-outcomes-v1,0,-1.0,LOSS,0,2025-07-25T12:40:00-04:00
CFD_ATAS_0468_20250725_1305,atas-mt5-lead-lab-outcomes-v1,1,2.0,WIN,0,2025-07-25T13:13:00-04:00
CFD_ATAS_0469_20250725_1422,atas-mt5-lead-lab-outcomes-v1,0,-1.0,LOSS,1,2025-07-25T14:23:00-04:00
CFD_ATAS_0470_20250725_1519,atas-mt5-lead-lab-outcomes-v1,1,2.0,WIN,1,2025-07-25T15:23:00-04:00
CFD_ATAS_0471_20250725_1534,atas-mt5-lead-lab-outcomes-v1,0,-1.0,LOSS,0,2025-07-25T15:36:00-04:00
CFD_ATAS_0472_20250725_1553,atas-mt5-lead-lab-outcomes-v1,0,-1.0,LOSS,0,2025-07-25T15:54:00-04:00
CFD_ATAS_0473_20250728_0956,atas-mt5-lead-lab-outcomes-v1,0,-1.0,LOSS,0,2025-07-28T10:11:00-04:00
CFD_ATAS_0474_20250728_1132,atas-mt5-lead-lab-outcomes-v1,0,-1.0,LOSS,0,2025-07-28T11:48:00-04:00
CFD_ATAS_0475_20250728_1225,atas-mt5-lead-lab-outcomes-v1,0,-1.0,LOSS,0,2025-07-28T12:27:00-04:00
CFD_ATAS_0476_20250728_1539,atas-mt5-lead-lab-outcomes-v1,1,2.0,WIN,0,2025-07-28T15:43:00-04:00
CFD_ATAS_0477_20250729_1024,atas-mt5-lead-lab-outcomes-v1,0,-1.0,LOSS,0,2025-07-29T10:27:00-04:00
CFD_ATAS_0478_20250729_1043,atas-mt5-lead-lab-outcomes-v1,0,-1.0,LOSS,0,2025-07-29T10:44:00-04:00
CFD_ATAS_0479_20250729_1110,atas-mt5-lead-lab-outcomes-v1,0,-1.0,LOSS,0,2025-07-29T11:11:00-04:00
CFD_ATAS_0480_20250729_1200,atas-mt5-lead-lab-outcomes-v1,0,-1.0,LOSS,0,2025-07-29T12:07:00-04:00
CFD_ATAS_0481_20250729_1227,atas-mt5-lead-lab-outcomes-v1,0,-1.0,LOSS,0,2025-07-29T12:30:00-04:00
CFD_ATAS_0482_20250729_1504,atas-mt5-lead-lab-outcomes-v1,1,2.0,WIN,0,2025-07-29T15:11:00-04:00
CFD_ATAS_0483_20250730_1113,atas-mt5-lead-lab-outcomes-v1,0,-1.0,LOSS,1,2025-07-30T11:14:00-04:00
CFD_ATAS_0484_20250730_1208,atas-mt5-lead-lab-outcomes-v1,1,2.0,WIN,0,2025-07-30T12:13:00-04:00
CFD_ATAS_0485_20250730_1306,atas-mt5-lead-lab-outcomes-v1,0,-1.0,LOSS,0,2025-07-30T13:07:00-04:00
CFD_ATAS_0486_20250730_1418,atas-mt5-lead-lab-outcomes-v1,1,2.0,WIN,0,2025-07-30T14:26:00-04:00
CFD_ATAS_0487_20250730_1503,atas-mt5-lead-lab-outcomes-v1,0,-1.0,LOSS,0,2025-07-30T15:11:00-04:00
CFD_ATAS_0488_20250730_1544,atas-mt5-lead-lab-outcomes-v1,0,-1.0,LOSS,0,2025-07-30T15:45:00-04:00
CFD_ATAS_0489_20250731_1001,atas-mt5-lead-lab-outcomes-v1,0,-1.0,LOSS,0,2025-07-31T10:05:00-04:00
CFD_ATAS_0490_20250731_1117,atas-mt5-lead-lab-outcomes-v1,0,-1.0,LOSS,0,2025-07-31T11:21:00-04:00
CFD_ATAS_0491_20250731_1128,atas-mt5-lead-lab-outcomes-v1,0,-1.0,LOSS,0,2025-07-31T11:29:00-04:00
CFD_ATAS_0492_20250731_1235,atas-mt5-lead-lab-outcomes-v1,0,-1.0,LOSS,0,2025-07-31T12:37:00-04:00
CFD_ATAS_0493_20250731_1330,atas-mt5-lead-lab-outcomes-v1,0,-1.0,LOSS,1,2025-07-31T13:32:00-04:00
CFD_ATAS_0494_20250731_1527,atas-mt5-lead-lab-outcomes-v1,0,-1.0,LOSS,0,2025-07-31T15:42:00-04:00
CFD_ATAS_0495_20250731_1550,atas-mt5-lead-lab-outcomes-v1,0,-1.0,LOSS,0,2025-07-31T15:51:00-04:00
CFD_ATAS_0496_20250801_1253,atas-mt5-lead-lab-outcomes-v1,0,-1.0,LOSS,0,2025-08-01T12:55:00-04:00
CFD_ATAS_0497_20250804_1010,atas-mt5-lead-lab-outcomes-v1,0,-1.0,LOSS,0,2025-08-04T10:11:00-04:00
CFD_ATAS_0498_20250804_1125,atas-mt5-lead-lab-outcomes-v1,0,-1.0,LOSS,0,2025-08-04T11:26:00-04:00
CFD_ATAS_0499_20250804_1134,atas-mt5-lead-lab-outcomes-v1,0,-1.0,LOSS,0,2025-08-04T11:35:00-04:00
CFD_ATAS_0500_20250805_1049,atas-mt5-lead-lab-outcomes-v1,0,-1.0,LOSS,0,2025-08-05T11:02:00-04:00
CFD_ATAS_0501_20250805_1122,atas-mt5-lead-lab-outcomes-v1,0,-1.0,LOSS,0,2025-08-05T11:35:00-04:00
CFD_ATAS_0502_20250805_1148,atas-mt5-lead-lab-outcomes-v1,0,-1.0,LOSS,0,2025-08-05T12:00:00-04:00
CFD_ATAS_0503_20250805_1214,atas-mt5-lead-lab-outcomes-v1,1,2.0,WIN,0,2025-08-05T12:30:00-04:00
CFD_ATAS_0504_20250805_1234,atas-mt5-lead-lab-outcomes-v1,0,-1.0,LOSS,0,2025-08-05T12:38:00-04:00
CFD_ATAS_0505_20250805_1251,atas-mt5-lead-lab-outcomes-v1,0,-1.0,LOSS,0,2025-08-05T12:52:00-04:00
CFD_ATAS_0506_20250805_1341,atas-mt5-lead-lab-outcomes-v1,1,2.0,WIN,0,2025-08-05T13:46:00-04:00
CFD_ATAS_0507_20250805_1510,atas-mt5-lead-lab-outcomes-v1,0,-1.0,LOSS,1,2025-08-05T15:21:00-04:00
CFD_ATAS_0508_20250806_1035,atas-mt5-lead-lab-outcomes-v1,0,-1.0,LOSS,0,2025-08-06T10:36:00-04:00
CFD_ATAS_0509_20250806_1109,atas-mt5-lead-lab-outcomes-v1,1,2.0,WIN,0,2025-08-06T11:14:00-04:00
CFD_ATAS_0510_20250806_1126,atas-mt5-lead-lab-outcomes-v1,0,-1.0,LOSS,0,2025-08-06T11:28:00-04:00
CFD_ATAS_0511_20250806_1435,atas-mt5-lead-lab-outcomes-v1,0,-1.0,LOSS,1,2025-08-06T14:36:00-04:00
CFD_ATAS_0512_20250807_1043,atas-mt5-lead-lab-outcomes-v1,0,-1.0,LOSS,0,2025-08-07T10:55:00-04:00
CFD_ATAS_0513_20250807_1549,atas-mt5-lead-lab-outcomes-v1,1,2.0,WIN,0,2025-08-07T15:55:00-04:00
CFD_ATAS_0514_20250808_1024,atas-mt5-lead-lab-outcomes-v1,0,-1.0,LOSS,0,2025-08-08T10:27:00-04:00
CFD_ATAS_0515_20250808_1124,atas-mt5-lead-lab-outcomes-v1,0,-1.0,LOSS,0,2025-08-08T11:30:00-04:00
CFD_ATAS_0516_20250808_1153,atas-mt5-lead-lab-outcomes-v1,0,-1.0,LOSS,0,2025-08-08T11:55:00-04:00
CFD_ATAS_0517_20250808_1204,atas-mt5-lead-lab-outcomes-v1,0,-1.0,LOSS,1,2025-08-08T12:16:00-04:00
CFD_ATAS_0518_20250808_1313,atas-mt5-lead-lab-outcomes-v1,1,2.0,WIN,0,2025-08-08T13:18:00-04:00
CFD_ATAS_0519_20250808_1343,atas-mt5-lead-lab-outcomes-v1,0,-1.0,LOSS,1,2025-08-08T13:58:00-04:00
CFD_ATAS_0520_20250811_0953,atas-mt5-lead-lab-outcomes-v1,0,-1.0,LOSS,0,2025-08-11T09:54:00-04:00
CFD_ATAS_0521_20250811_1109,atas-mt5-lead-lab-outcomes-v1,0,-1.0,LOSS,0,2025-08-11T11:13:00-04:00
CFD_ATAS_0522_20250811_1135,atas-mt5-lead-lab-outcomes-v1,0,-1.0,LOSS,0,2025-08-11T11:38:00-04:00
CFD_ATAS_0523_20250811_1552,atas-mt5-lead-lab-outcomes-v1,0,-1.0,LOSS,0,2025-08-11T15:53:00-04:00
CFD_ATAS_0524_20250812_1017,atas-mt5-lead-lab-outcomes-v1,1,2.0,WIN,0,2025-08-12T10:21:00-04:00
CFD_ATAS_0525_20250812_1053,atas-mt5-lead-lab-outcomes-v1,1,2.0,WIN,0,2025-08-12T11:01:00-04:00
CFD_ATAS_0526_20250812_1107,atas-mt5-lead-lab-outcomes-v1,0,-1.0,LOSS,0,2025-08-12T11:08:00-04:00
CFD_ATAS_0527_20250812_1429,atas-mt5-lead-lab-outcomes-v1,1,1.536103,TIME_WIN,0,2025-08-12T15:00:00-04:00
CFD_ATAS_0528_20250813_0955,atas-mt5-lead-lab-outcomes-v1,0,-1.0,LOSS,0,2025-08-13T09:56:00-04:00
CFD_ATAS_0529_20250813_1140,atas-mt5-lead-lab-outcomes-v1,0,-1.0,LOSS,0,2025-08-13T11:41:00-04:00
CFD_ATAS_0530_20250813_1157,atas-mt5-lead-lab-outcomes-v1,0,-1.0,LOSS,0,2025-08-13T12:03:00-04:00
CFD_ATAS_0531_20250813_1419,atas-mt5-lead-lab-outcomes-v1,0,-1.0,LOSS,0,2025-08-13T14:22:00-04:00
CFD_ATAS_0532_20250814_1027,atas-mt5-lead-lab-outcomes-v1,0,-1.0,LOSS,0,2025-08-14T10:28:00-04:00
CFD_ATAS_0533_20250814_1038,atas-mt5-lead-lab-outcomes-v1,0,-1.0,LOSS,0,2025-08-14T10:39:00-04:00
CFD_ATAS_0534_20250814_1105,atas-mt5-lead-lab-outcomes-v1,1,2.0,WIN,0,2025-08-14T11:11:00-04:00
CFD_ATAS_0535_20250814_1538,atas-mt5-lead-lab-outcomes-v1,0,-1.0,LOSS,0,2025-08-14T15:39:00-04:00
CFD_ATAS_0536_20250815_0959,atas-mt5-lead-lab-outcomes-v1,0,-1.0,LOSS,0,2025-08-15T10:01:00-04:00
CFD_ATAS_0537_20250815_1028,atas-mt5-lead-lab-outcomes-v1,0,-1.0,LOSS,0,2025-08-15T10:29:00-04:00
CFD_ATAS_0538_20250815_1256,atas-mt5-lead-lab-outcomes-v1,0,-1.0,LOSS,0,2025-08-15T13:10:00-04:00
CFD_ATAS_0539_20250815_1323,atas-mt5-lead-lab-outcomes-v1,0,-1.0,LOSS,0,2025-08-15T13:30:00-04:00
CFD_ATAS_0540_20250815_1402,atas-mt5-lead-lab-outcomes-v1,0,-1.0,LOSS,1,2025-08-15T14:03:00-04:00
CFD_ATAS_0541_20250815_1447,atas-mt5-lead-lab-outcomes-v1,1,2.0,WIN,1,2025-08-15T14:50:00-04:00
CFD_ATAS_0542_20250818_1002,atas-mt5-lead-lab-outcomes-v1,0,-1.0,LOSS,0,2025-08-18T10:03:00-04:00
CFD_ATAS_0543_20250818_1028,atas-mt5-lead-lab-outcomes-v1,0,-1.0,LOSS,0,2025-08-18T10:29:00-04:00
CFD_ATAS_0544_20250818_1046,atas-mt5-lead-lab-outcomes-v1,0,-1.0,LOSS,0,2025-08-18T10:47:00-04:00
CFD_ATAS_0545_20250818_1110,atas-mt5-lead-lab-outcomes-v1,0,-1.0,LOSS,0,2025-08-18T11:15:00-04:00
CFD_ATAS_0546_20250818_1208,atas-mt5-lead-lab-outcomes-v1,0,-1.0,LOSS,1,2025-08-18T12:11:00-04:00
CFD_ATAS_0547_20250818_1215,atas-mt5-lead-lab-outcomes-v1,0,-1.0,LOSS,0,2025-08-18T12:16:00-04:00
CFD_ATAS_0548_20250818_1333,atas-mt5-lead-lab-outcomes-v1,0,-1.0,LOSS,0,2025-08-18T13:39:00-04:00
CFD_ATAS_0549_20250819_1133,atas-mt5-lead-lab-outcomes-v1,1,2.0,WIN,0,2025-08-19T11:36:00-04:00
CFD_ATAS_0550_20250819_1404,atas-mt5-lead-lab-outcomes-v1,1,2.0,WIN,0,2025-08-19T14:09:00-04:00
CFD_ATAS_0551_20250819_1548,atas-mt5-lead-lab-outcomes-v1,0,-1.0,LOSS,0,2025-08-19T15:49:00-04:00
CFD_ATAS_0552_20250820_1349,atas-mt5-lead-lab-outcomes-v1,0,-1.0,LOSS,0,2025-08-20T13:50:00-04:00
CFD_ATAS_0553_20250820_1437,atas-mt5-lead-lab-outcomes-v1,0,-1.0,LOSS,0,2025-08-20T14:39:00-04:00
CFD_ATAS_0554_20250820_1441,atas-mt5-lead-lab-outcomes-v1,0,-1.0,LOSS,0,2025-08-20T14:47:00-04:00
CFD_ATAS_0555_20250820_1532,atas-mt5-lead-lab-outcomes-v1,0,-1.0,LOSS,0,2025-08-20T15:33:00-04:00
CFD_ATAS_0556_20250821_0959,atas-mt5-lead-lab-outcomes-v1,1,2.0,WIN,0,2025-08-21T10:00:00-04:00
CFD_ATAS_0557_20250821_1023,atas-mt5-lead-lab-outcomes-v1,1,2.0,WIN,0,2025-08-21T10:29:00-04:00
CFD_ATAS_0558_20250821_1213,atas-mt5-lead-lab-outcomes-v1,0,-1.0,LOSS,0,2025-08-21T12:16:00-04:00
CFD_ATAS_0559_20250821_1233,atas-mt5-lead-lab-outcomes-v1,0,-1.0,LOSS,0,2025-08-21T12:34:00-04:00
CFD_ATAS_0560_20250821_1332,atas-mt5-lead-lab-outcomes-v1,0,-1.0,LOSS,0,2025-08-21T13:33:00-04:00
CFD_ATAS_0561_20250821_1348,atas-mt5-lead-lab-outcomes-v1,0,-1.0,LOSS,0,2025-08-21T13:51:00-04:00
CFD_ATAS_0562_20250822_1139,atas-mt5-lead-lab-outcomes-v1,0,-1.0,LOSS,0,2025-08-22T11:40:00-04:00
CFD_ATAS_0563_20250822_1256,atas-mt5-lead-lab-outcomes-v1,0,-1.0,LOSS,0,2025-08-22T13:03:00-04:00
CFD_ATAS_0564_20250822_1350,atas-mt5-lead-lab-outcomes-v1,1,2.0,WIN,1,2025-08-22T13:56:00-04:00
CFD_ATAS_0565_20250825_1033,atas-mt5-lead-lab-outcomes-v1,0,-1.0,LOSS,0,2025-08-25T10:35:00-04:00
CFD_ATAS_0566_20250825_1200,atas-mt5-lead-lab-outcomes-v1,0,-1.0,LOSS,0,2025-08-25T12:06:00-04:00
CFD_ATAS_0567_20250826_1029,atas-mt5-lead-lab-outcomes-v1,0,-1.0,LOSS,0,2025-08-26T10:37:00-04:00
CFD_ATAS_0568_20250826_1041,atas-mt5-lead-lab-outcomes-v1,1,2.0,WIN,0,2025-08-26T10:45:00-04:00
CFD_ATAS_0569_20250826_1051,atas-mt5-lead-lab-outcomes-v1,0,-1.0,LOSS,0,2025-08-26T10:59:00-04:00
CFD_ATAS_0570_20250826_1137,atas-mt5-lead-lab-outcomes-v1,0,-1.0,LOSS,0,2025-08-26T11:38:00-04:00
CFD_ATAS_0571_20250826_1313,atas-mt5-lead-lab-outcomes-v1,0,-1.0,LOSS,0,2025-08-26T13:14:00-04:00
CFD_ATAS_0572_20250826_1519,atas-mt5-lead-lab-outcomes-v1,0,-1.0,LOSS,0,2025-08-26T15:21:00-04:00
CFD_ATAS_0573_20250827_1211,atas-mt5-lead-lab-outcomes-v1,0,-1.0,LOSS,0,2025-08-27T12:12:00-04:00
CFD_ATAS_0574_20250827_1325,atas-mt5-lead-lab-outcomes-v1,0,-1.0,LOSS,0,2025-08-27T13:28:00-04:00
CFD_ATAS_0575_20250828_1023,atas-mt5-lead-lab-outcomes-v1,1,2.0,WIN,0,2025-08-28T10:33:00-04:00
CFD_ATAS_0576_20250828_1109,atas-mt5-lead-lab-outcomes-v1,0,-1.0,LOSS,0,2025-08-28T11:10:00-04:00
CFD_ATAS_0577_20250828_1134,atas-mt5-lead-lab-outcomes-v1,1,2.0,WIN,1,2025-08-28T11:43:00-04:00
CFD_ATAS_0578_20250828_1420,atas-mt5-lead-lab-outcomes-v1,0,-1.0,LOSS,0,2025-08-28T14:26:00-04:00
CFD_ATAS_0579_20250828_1531,atas-mt5-lead-lab-outcomes-v1,1,2.0,WIN,0,2025-08-28T15:37:00-04:00
CFD_ATAS_0580_20250829_1018,atas-mt5-lead-lab-outcomes-v1,0,-1.0,LOSS,0,2025-08-29T10:19:00-04:00
CFD_ATAS_0581_20250829_1133,atas-mt5-lead-lab-outcomes-v1,1,2.0,WIN,0,2025-08-29T11:45:00-04:00
CFD_ATAS_0582_20250829_1303,atas-mt5-lead-lab-outcomes-v1,1,2.0,WIN,1,2025-08-29T13:06:00-04:00
CFD_ATAS_0583_20250829_1401,atas-mt5-lead-lab-outcomes-v1,0,-1.0,LOSS,1,2025-08-29T14:20:00-04:00
CFD_ATAS_0584_20250901_1001,atas-mt5-lead-lab-outcomes-v1,0,-1.0,LOSS,0,2025-09-01T10:14:00-04:00
CFD_ATAS_0585_20250901_1159,atas-mt5-lead-lab-outcomes-v1,1,2.0,WIN,1,2025-09-01T12:03:00-04:00
CFD_ATAS_0586_20250902_1354,atas-mt5-lead-lab-outcomes-v1,0,-1.0,LOSS,0,2025-09-02T13:55:00-04:00
CFD_ATAS_0587_20250902_1358,atas-mt5-lead-lab-outcomes-v1,0,-1.0,LOSS,0,2025-09-02T14:06:00-04:00
CFD_ATAS_0588_20250902_1439,atas-mt5-lead-lab-outcomes-v1,1,2.0,WIN,0,2025-09-02T14:48:00-04:00
CFD_ATAS_0589_20250902_1456,atas-mt5-lead-lab-outcomes-v1,0,-1.0,LOSS,0,2025-09-02T14:57:00-04:00
CFD_ATAS_0590_20250903_1009,atas-mt5-lead-lab-outcomes-v1,1,2.0,WIN,0,2025-09-03T10:13:00-04:00
CFD_ATAS_0591_20250903_1101,atas-mt5-lead-lab-outcomes-v1,0,-1.0,LOSS,0,2025-09-03T11:02:00-04:00
CFD_ATAS_0592_20250903_1217,atas-mt5-lead-lab-outcomes-v1,0,-1.0,LOSS,0,2025-09-03T12:19:00-04:00
CFD_ATAS_0593_20250903_1329,atas-mt5-lead-lab-outcomes-v1,0,-1.0,LOSS,0,2025-09-03T13:30:00-04:00
CFD_ATAS_0594_20250903_1524,atas-mt5-lead-lab-outcomes-v1,0,-1.0,LOSS,0,2025-09-03T15:30:00-04:00
CFD_ATAS_0595_20250904_1003,atas-mt5-lead-lab-outcomes-v1,0,-1.0,LOSS,0,2025-09-04T10:04:00-04:00
CFD_ATAS_0596_20250904_1026,atas-mt5-lead-lab-outcomes-v1,1,2.0,WIN,0,2025-09-04T10:31:00-04:00
CFD_ATAS_0597_20250904_1056,atas-mt5-lead-lab-outcomes-v1,1,2.0,WIN,0,2025-09-04T11:06:00-04:00
CFD_ATAS_0598_20250904_1114,atas-mt5-lead-lab-outcomes-v1,0,-1.0,LOSS,0,2025-09-04T11:15:00-04:00
CFD_ATAS_0599_20250904_1131,atas-mt5-lead-lab-outcomes-v1,0,-1.0,LOSS,0,2025-09-04T11:32:00-04:00
CFD_ATAS_0600_20250904_1431,atas-mt5-lead-lab-outcomes-v1,0,-1.0,LOSS,0,2025-09-04T14:33:00-04:00
CFD_ATAS_0601_20250904_1553,atas-mt5-lead-lab-outcomes-v1,0,-1.0,LOSS,0,2025-09-04T15:54:00-04:00
CFD_ATAS_0602_20250905_1003,atas-mt5-lead-lab-outcomes-v1,0,-1.0,LOSS,0,2025-09-05T10:06:00-04:00
CFD_ATAS_0603_20250905_1102,atas-mt5-lead-lab-outcomes-v1,0,-1.0,LOSS,0,2025-09-05T11:03:00-04:00
CFD_ATAS_0604_20250905_1211,atas-mt5-lead-lab-outcomes-v1,0,-1.0,LOSS,0,2025-09-05T12:13:00-04:00
CFD_ATAS_0605_20250905_1322,atas-mt5-lead-lab-outcomes-v1,0,-1.0,LOSS,0,2025-09-05T13:29:00-04:00
CFD_ATAS_0606_20250905_1447,atas-mt5-lead-lab-outcomes-v1,1,2.0,WIN,0,2025-09-05T14:52:00-04:00
CFD_ATAS_0607_20250908_1118,atas-mt5-lead-lab-outcomes-v1,0,-1.0,LOSS,0,2025-09-08T11:19:00-04:00
CFD_ATAS_0608_20250908_1225,atas-mt5-lead-lab-outcomes-v1,1,2.0,WIN,0,2025-09-08T12:32:00-04:00
CFD_ATAS_0609_20250908_1240,atas-mt5-lead-lab-outcomes-v1,0,-1.0,LOSS,0,2025-09-08T12:41:00-04:00
CFD_ATAS_0610_20250908_1451,atas-mt5-lead-lab-outcomes-v1,0,-1.0,LOSS,0,2025-09-08T14:53:00-04:00
CFD_ATAS_0611_20250909_0954,atas-mt5-lead-lab-outcomes-v1,1,2.0,WIN,0,2025-09-09T09:57:00-04:00
CFD_ATAS_0612_20250909_1024,atas-mt5-lead-lab-outcomes-v1,0,-1.0,LOSS,0,2025-09-09T10:26:00-04:00
CFD_ATAS_0613_20250909_1521,atas-mt5-lead-lab-outcomes-v1,0,-1.0,LOSS,0,2025-09-09T15:23:00-04:00
CFD_ATAS_0614_20250910_1059,atas-mt5-lead-lab-outcomes-v1,1,2.0,WIN,0,2025-09-10T11:16:00-04:00
CFD_ATAS_0615_20250910_1120,atas-mt5-lead-lab-outcomes-v1,0,-1.0,LOSS,0,2025-09-10T11:21:00-04:00
CFD_ATAS_0616_20250910_1223,atas-mt5-lead-lab-outcomes-v1,1,2.0,WIN,0,2025-09-10T12:44:00-04:00
CFD_ATAS_0617_20250911_1150,atas-mt5-lead-lab-outcomes-v1,0,-1.0,LOSS,0,2025-09-11T11:52:00-04:00
CFD_ATAS_0618_20250911_1555,atas-mt5-lead-lab-outcomes-v1,0,-1.0,LOSS,0,2025-09-11T15:56:00-04:00
CFD_ATAS_0619_20250912_1208,atas-mt5-lead-lab-outcomes-v1,0,-1.0,LOSS,0,2025-09-12T12:09:00-04:00
CFD_ATAS_0620_20250912_1313,atas-mt5-lead-lab-outcomes-v1,1,2.0,WIN,1,2025-09-12T13:18:00-04:00
CFD_ATAS_0621_20250912_1358,atas-mt5-lead-lab-outcomes-v1,1,2.0,WIN,1,2025-09-12T14:00:00-04:00
CFD_ATAS_0622_20250912_1508,atas-mt5-lead-lab-outcomes-v1,0,-1.0,LOSS,0,2025-09-12T15:10:00-04:00
CFD_ATAS_0623_20250915_1143,atas-mt5-lead-lab-outcomes-v1,0,-1.0,LOSS,0,2025-09-15T11:45:00-04:00
CFD_ATAS_0624_20250915_1206,atas-mt5-lead-lab-outcomes-v1,0,-1.0,LOSS,0,2025-09-15T12:08:00-04:00
CFD_ATAS_0625_20250915_1235,atas-mt5-lead-lab-outcomes-v1,1,2.0,WIN,0,2025-09-15T12:46:00-04:00
CFD_ATAS_0626_20250915_1407,atas-mt5-lead-lab-outcomes-v1,1,2.0,WIN,1,2025-09-15T14:09:00-04:00
CFD_ATAS_0627_20250915_1445,atas-mt5-lead-lab-outcomes-v1,0,-1.0,LOSS,0,2025-09-15T14:54:00-04:00
CFD_ATAS_0628_20250916_1440,atas-mt5-lead-lab-outcomes-v1,0,-1.0,LOSS,0,2025-09-16T14:41:00-04:00
CFD_ATAS_0629_20250917_1056,atas-mt5-lead-lab-outcomes-v1,0,-1.0,LOSS,0,2025-09-17T11:14:00-04:00
CFD_ATAS_0630_20250917_1134,atas-mt5-lead-lab-outcomes-v1,0,-1.0,LOSS,0,2025-09-17T11:35:00-04:00
CFD_ATAS_0631_20250917_1207,atas-mt5-lead-lab-outcomes-v1,1,2.0,WIN,0,2025-09-17T12:10:00-04:00
CFD_ATAS_0632_20250917_1425,atas-mt5-lead-lab-outcomes-v1,0,-1.0,LOSS,1,2025-09-17T14:30:00-04:00
CFD_ATAS_0633_20250917_1431,atas-mt5-lead-lab-outcomes-v1,0,-1.0,LOSS,0,2025-09-17T14:32:00-04:00
CFD_ATAS_0634_20250917_1543,atas-mt5-lead-lab-outcomes-v1,0,-1.0,LOSS,0,2025-09-17T15:52:00-04:00
CFD_ATAS_0635_20250918_1025,atas-mt5-lead-lab-outcomes-v1,0,-1.0,LOSS,0,2025-09-18T10:26:00-04:00
CFD_ATAS_0636_20250918_1348,atas-mt5-lead-lab-outcomes-v1,0,-1.0,LOSS,0,2025-09-18T13:49:00-04:00
CFD_ATAS_0637_20250918_1423,atas-mt5-lead-lab-outcomes-v1,0,-1.0,LOSS,0,2025-09-18T14:47:00-04:00
CFD_ATAS_0638_20250918_1549,atas-mt5-lead-lab-outcomes-v1,0,-1.0,LOSS,0,2025-09-18T15:50:00-04:00
CFD_ATAS_0639_20250919_1000,atas-mt5-lead-lab-outcomes-v1,0,-1.0,LOSS,0,2025-09-19T10:17:00-04:00
CFD_ATAS_0640_20250919_1121,atas-mt5-lead-lab-outcomes-v1,0,-1.0,LOSS,0,2025-09-19T11:23:00-04:00
CFD_ATAS_0641_20250919_1514,atas-mt5-lead-lab-outcomes-v1,1,2.0,WIN,1,2025-09-19T15:21:00-04:00
CFD_ATAS_0642_20250919_1551,atas-mt5-lead-lab-outcomes-v1,0,-1.0,LOSS,0,2025-09-19T15:52:00-04:00
CFD_ATAS_0643_20250922_1006,atas-mt5-lead-lab-outcomes-v1,0,-1.0,LOSS,0,2025-09-22T10:11:00-04:00
CFD_ATAS_0644_20250922_1119,atas-mt5-lead-lab-outcomes-v1,1,2.0,WIN,0,2025-09-22T11:23:00-04:00
CFD_ATAS_0645_20250922_1152,atas-mt5-lead-lab-outcomes-v1,0,-1.0,LOSS,0,2025-09-22T12:01:00-04:00
CFD_ATAS_0646_20250922_1230,atas-mt5-lead-lab-outcomes-v1,0,-1.0,LOSS,0,2025-09-22T12:31:00-04:00
CFD_ATAS_0647_20250922_1236,atas-mt5-lead-lab-outcomes-v1,0,-1.0,LOSS,1,2025-09-22T12:54:00-04:00
CFD_ATAS_0648_20250922_1525,atas-mt5-lead-lab-outcomes-v1,1,2.0,WIN,0,2025-09-22T15:36:00-04:00
CFD_ATAS_0649_20250922_1544,atas-mt5-lead-lab-outcomes-v1,0,-1.0,LOSS,0,2025-09-22T15:50:00-04:00
CFD_ATAS_0650_20250923_0959,atas-mt5-lead-lab-outcomes-v1,0,-1.0,LOSS,0,2025-09-23T10:11:00-04:00
CFD_ATAS_0651_20250923_1018,atas-mt5-lead-lab-outcomes-v1,1,2.0,WIN,0,2025-09-23T10:41:00-04:00
CFD_ATAS_0652_20250923_1134,atas-mt5-lead-lab-outcomes-v1,0,-1.0,LOSS,0,2025-09-23T11:39:00-04:00
CFD_ATAS_0653_20250923_1427,atas-mt5-lead-lab-outcomes-v1,0,-1.0,LOSS,0,2025-09-23T14:28:00-04:00
CFD_ATAS_0654_20250923_1515,atas-mt5-lead-lab-outcomes-v1,1,2.0,WIN,0,2025-09-23T15:18:00-04:00
CFD_ATAS_0655_20250923_1525,atas-mt5-lead-lab-outcomes-v1,0,-1.0,LOSS,0,2025-09-23T15:33:00-04:00
CFD_ATAS_0656_20250924_0957,atas-mt5-lead-lab-outcomes-v1,0,-1.0,LOSS,0,2025-09-24T09:59:00-04:00
CFD_ATAS_0657_20250924_1002,atas-mt5-lead-lab-outcomes-v1,0,-1.0,LOSS,0,2025-09-24T10:03:00-04:00
CFD_ATAS_0658_20250924_1124,atas-mt5-lead-lab-outcomes-v1,0,-1.0,LOSS,0,2025-09-24T11:31:00-04:00
CFD_ATAS_0659_20250924_1254,atas-mt5-lead-lab-outcomes-v1,0,-1.0,LOSS,0,2025-09-24T12:55:00-04:00
CFD_ATAS_0660_20250924_1515,atas-mt5-lead-lab-outcomes-v1,0,-1.0,LOSS,0,2025-09-24T15:16:00-04:00
CFD_ATAS_0661_20250925_1024,atas-mt5-lead-lab-outcomes-v1,1,2.0,WIN,0,2025-09-25T10:32:00-04:00
CFD_ATAS_0662_20250925_1157,atas-mt5-lead-lab-outcomes-v1,0,-1.0,LOSS,0,2025-09-25T12:10:00-04:00
CFD_ATAS_0663_20250925_1247,atas-mt5-lead-lab-outcomes-v1,0,-1.0,LOSS,0,2025-09-25T13:15:00-04:00
CFD_ATAS_0664_20250925_1328,atas-mt5-lead-lab-outcomes-v1,1,2.0,WIN,0,2025-09-25T13:36:00-04:00
CFD_ATAS_0665_20250925_1452,atas-mt5-lead-lab-outcomes-v1,0,-1.0,LOSS,0,2025-09-25T14:55:00-04:00
CFD_ATAS_0666_20250926_1142,atas-mt5-lead-lab-outcomes-v1,1,2.0,WIN,0,2025-09-26T11:59:00-04:00
CFD_ATAS_0667_20250926_1304,atas-mt5-lead-lab-outcomes-v1,0,-1.0,LOSS,0,2025-09-26T13:10:00-04:00
CFD_ATAS_0668_20250926_1330,atas-mt5-lead-lab-outcomes-v1,0,-1.0,LOSS,0,2025-09-26T13:41:00-04:00
CFD_ATAS_0669_20250926_1534,atas-mt5-lead-lab-outcomes-v1,1,2.0,WIN,0,2025-09-26T15:46:00-04:00
CFD_ATAS_0670_20250929_1018,atas-mt5-lead-lab-outcomes-v1,0,-1.0,LOSS,0,2025-09-29T10:19:00-04:00
CFD_ATAS_0671_20250929_1033,atas-mt5-lead-lab-outcomes-v1,0,-1.0,LOSS,0,2025-09-29T10:37:00-04:00
CFD_ATAS_0672_20250929_1044,atas-mt5-lead-lab-outcomes-v1,0,-1.0,LOSS,0,2025-09-29T10:54:00-04:00
CFD_ATAS_0673_20250929_1159,atas-mt5-lead-lab-outcomes-v1,1,2.0,WIN,0,2025-09-29T12:03:00-04:00
CFD_ATAS_0674_20250930_1133,atas-mt5-lead-lab-outcomes-v1,0,-1.0,LOSS,0,2025-09-30T11:51:00-04:00
CFD_ATAS_0675_20250930_1209,atas-mt5-lead-lab-outcomes-v1,0,-1.0,LOSS,0,2025-09-30T12:10:00-04:00
CFD_ATAS_0676_20250930_1237,atas-mt5-lead-lab-outcomes-v1,0,-1.0,LOSS,0,2025-09-30T12:43:00-04:00
CFD_ATAS_0677_20250930_1408,atas-mt5-lead-lab-outcomes-v1,0,-1.0,LOSS,0,2025-09-30T14:09:00-04:00
CFD_ATAS_0678_20251001_1011,atas-mt5-lead-lab-outcomes-v1,0,-1.0,LOSS,0,2025-10-01T10:14:00-04:00
CFD_ATAS_0679_20251001_1053,atas-mt5-lead-lab-outcomes-v1,0,-1.0,LOSS,0,2025-10-01T11:00:00-04:00
CFD_ATAS_0680_20251001_1333,atas-mt5-lead-lab-outcomes-v1,1,2.0,WIN,0,2025-10-01T13:42:00-04:00
CFD_ATAS_0681_20251002_1017,atas-mt5-lead-lab-outcomes-v1,0,-1.0,LOSS,0,2025-10-02T10:19:00-04:00
CFD_ATAS_0682_20251002_1032,atas-mt5-lead-lab-outcomes-v1,1,2.0,WIN,0,2025-10-02T10:46:00-04:00
CFD_ATAS_0683_20251002_1220,atas-mt5-lead-lab-outcomes-v1,1,2.0,WIN,0,2025-10-02T12:41:00-04:00
CFD_ATAS_0684_20251003_1054,atas-mt5-lead-lab-outcomes-v1,0,-1.0,LOSS,0,2025-10-03T10:55:00-04:00
CFD_ATAS_0685_20251003_1102,atas-mt5-lead-lab-outcomes-v1,1,2.0,WIN,0,2025-10-03T11:15:00-04:00
CFD_ATAS_0686_20251003_1427,atas-mt5-lead-lab-outcomes-v1,0,-1.0,LOSS,0,2025-10-03T14:28:00-04:00
CFD_ATAS_0687_20251003_1500,atas-mt5-lead-lab-outcomes-v1,0,-1.0,LOSS,0,2025-10-03T15:11:00-04:00
CFD_ATAS_0688_20251003_1529,atas-mt5-lead-lab-outcomes-v1,0,-1.0,LOSS,0,2025-10-03T15:30:00-04:00
CFD_ATAS_0689_20251003_1543,atas-mt5-lead-lab-outcomes-v1,0,-1.0,LOSS,0,2025-10-03T15:50:00-04:00
CFD_ATAS_0690_20251006_0959,atas-mt5-lead-lab-outcomes-v1,0,-1.0,LOSS,0,2025-10-06T10:00:00-04:00
CFD_ATAS_0691_20251006_1339,atas-mt5-lead-lab-outcomes-v1,1,2.0,WIN,1,2025-10-06T13:50:00-04:00
CFD_ATAS_0692_20251006_1419,atas-mt5-lead-lab-outcomes-v1,0,-1.0,LOSS,0,2025-10-06T14:22:00-04:00
CFD_ATAS_0693_20251006_1505,atas-mt5-lead-lab-outcomes-v1,1,2.0,WIN,0,2025-10-06T15:21:00-04:00
CFD_ATAS_0694_20251007_1002,atas-mt5-lead-lab-outcomes-v1,0,-1.0,LOSS,0,2025-10-07T10:03:00-04:00
CFD_ATAS_0695_20251007_1044,atas-mt5-lead-lab-outcomes-v1,1,2.0,WIN,0,2025-10-07T10:56:00-04:00
CFD_ATAS_0696_20251007_1110,atas-mt5-lead-lab-outcomes-v1,0,-1.0,LOSS,0,2025-10-07T11:13:00-04:00
CFD_ATAS_0697_20251008_1024,atas-mt5-lead-lab-outcomes-v1,1,2.0,WIN,0,2025-10-08T10:30:00-04:00
CFD_ATAS_0698_20251008_1033,atas-mt5-lead-lab-outcomes-v1,0,-1.0,LOSS,0,2025-10-08T10:43:00-04:00
CFD_ATAS_0699_20251008_1055,atas-mt5-lead-lab-outcomes-v1,0,-1.0,LOSS,0,2025-10-08T10:58:00-04:00
CFD_ATAS_0700_20251008_1118,atas-mt5-lead-lab-outcomes-v1,0,-1.0,LOSS,0,2025-10-08T11:19:00-04:00
CFD_ATAS_0701_20251009_1102,atas-mt5-lead-lab-outcomes-v1,1,2.0,WIN,0,2025-10-09T11:16:00-04:00
CFD_ATAS_0702_20251009_1342,atas-mt5-lead-lab-outcomes-v1,0,-1.0,LOSS,0,2025-10-09T14:06:00-04:00
CFD_ATAS_0703_20251009_1408,atas-mt5-lead-lab-outcomes-v1,0,-1.0,LOSS,0,2025-10-09T14:11:00-04:00
CFD_ATAS_0704_20251009_1509,atas-mt5-lead-lab-outcomes-v1,0,-1.0,LOSS,0,2025-10-09T15:12:00-04:00
CFD_ATAS_0705_20251010_1007,atas-mt5-lead-lab-outcomes-v1,1,2.0,WIN,0,2025-10-10T10:16:00-04:00
CFD_ATAS_0706_20251010_1124,atas-mt5-lead-lab-outcomes-v1,1,2.0,WIN,0,2025-10-10T11:30:00-04:00
CFD_ATAS_0707_20251010_1200,atas-mt5-lead-lab-outcomes-v1,1,0.941891,TIME_WIN,0,2025-10-10T12:32:00-04:00
CFD_ATAS_0708_20251010_1429,atas-mt5-lead-lab-outcomes-v1,0,-1.0,LOSS,0,2025-10-10T14:35:00-04:00
CFD_ATAS_0709_20251013_1239,atas-mt5-lead-lab-outcomes-v1,0,-1.0,LOSS,1,2025-10-13T12:41:00-04:00
CFD_ATAS_0710_20251013_1507,atas-mt5-lead-lab-outcomes-v1,0,-1.0,LOSS,0,2025-10-13T15:08:00-04:00
CFD_ATAS_0711_20251014_1029,atas-mt5-lead-lab-outcomes-v1,1,2.0,WIN,1,2025-10-14T10:31:00-04:00
CFD_ATAS_0712_20251014_1109,atas-mt5-lead-lab-outcomes-v1,0,-1.0,LOSS,0,2025-10-14T11:10:00-04:00
CFD_ATAS_0713_20251014_1212,atas-mt5-lead-lab-outcomes-v1,0,-1.0,LOSS,0,2025-10-14T12:13:00-04:00
CFD_ATAS_0714_20251014_1254,atas-mt5-lead-lab-outcomes-v1,0,-1.0,LOSS,0,2025-10-14T12:55:00-04:00
CFD_ATAS_0715_20251014_1310,atas-mt5-lead-lab-outcomes-v1,0,-1.0,LOSS,1,2025-10-14T13:12:00-04:00
CFD_ATAS_0716_20251014_1408,atas-mt5-lead-lab-outcomes-v1,0,-1.0,LOSS,0,2025-10-14T14:12:00-04:00
CFD_ATAS_0717_20251014_1422,atas-mt5-lead-lab-outcomes-v1,1,2.0,WIN,0,2025-10-14T14:28:00-04:00
CFD_ATAS_0718_20251014_1456,atas-mt5-lead-lab-outcomes-v1,1,2.0,WIN,0,2025-10-14T15:14:00-04:00
CFD_ATAS_0719_20251014_1524,atas-mt5-lead-lab-outcomes-v1,0,-1.0,LOSS,1,2025-10-14T15:25:00-04:00
CFD_ATAS_0720_20251014_1540,atas-mt5-lead-lab-outcomes-v1,1,2.0,WIN,0,2025-10-14T15:43:00-04:00
CFD_ATAS_0721_20251014_1555,atas-mt5-lead-lab-outcomes-v1,0,-0.260006,TIME_LOSS,0,2025-10-14T16:00:00-04:00
CFD_ATAS_0722_20251015_0955,atas-mt5-lead-lab-outcomes-v1,0,-1.0,LOSS,0,2025-10-15T09:56:00-04:00
CFD_ATAS_0723_20251015_1000,atas-mt5-lead-lab-outcomes-v1,0,-1.0,LOSS,0,2025-10-15T10:01:00-04:00
CFD_ATAS_0724_20251015_1053,atas-mt5-lead-lab-outcomes-v1,0,-1.0,LOSS,0,2025-10-15T10:58:00-04:00
CFD_ATAS_0725_20251015_1122,atas-mt5-lead-lab-outcomes-v1,0,-1.0,LOSS,0,2025-10-15T11:26:00-04:00
CFD_ATAS_0726_20251015_1127,atas-mt5-lead-lab-outcomes-v1,0,-1.0,LOSS,0,2025-10-15T11:28:00-04:00
CFD_ATAS_0727_20251015_1319,atas-mt5-lead-lab-outcomes-v1,0,-1.0,LOSS,0,2025-10-15T13:21:00-04:00
CFD_ATAS_0728_20251015_1512,atas-mt5-lead-lab-outcomes-v1,0,-1.0,LOSS,0,2025-10-15T15:16:00-04:00
CFD_ATAS_0729_20251015_1549,atas-mt5-lead-lab-outcomes-v1,0,-1.0,LOSS,0,2025-10-15T15:50:00-04:00
CFD_ATAS_0730_20251016_1036,atas-mt5-lead-lab-outcomes-v1,0,-1.0,LOSS,0,2025-10-16T10:37:00-04:00
CFD_ATAS_0731_20251016_1117,atas-mt5-lead-lab-outcomes-v1,0,-1.0,LOSS,0,2025-10-16T11:21:00-04:00
CFD_ATAS_0732_20251016_1130,atas-mt5-lead-lab-outcomes-v1,0,-1.0,LOSS,0,2025-10-16T11:31:00-04:00
CFD_ATAS_0733_20251016_1137,atas-mt5-lead-lab-outcomes-v1,1,2.0,WIN,0,2025-10-16T11:40:00-04:00
CFD_ATAS_0734_20251016_1148,atas-mt5-lead-lab-outcomes-v1,0,-1.0,LOSS,0,2025-10-16T11:50:00-04:00
CFD_ATAS_0735_20251016_1348,atas-mt5-lead-lab-outcomes-v1,0,-1.0,LOSS,0,2025-10-16T13:49:00-04:00
CFD_ATAS_0736_20251016_1434,atas-mt5-lead-lab-outcomes-v1,1,2.0,WIN,0,2025-10-16T14:35:00-04:00
CFD_ATAS_0737_20251017_1126,atas-mt5-lead-lab-outcomes-v1,0,-1.0,LOSS,0,2025-10-17T11:27:00-04:00
CFD_ATAS_0738_20251017_1156,atas-mt5-lead-lab-outcomes-v1,1,2.0,WIN,0,2025-10-17T12:03:00-04:00
CFD_ATAS_0739_20251017_1318,atas-mt5-lead-lab-outcomes-v1,0,-1.0,LOSS,0,2025-10-17T13:34:00-04:00
CFD_ATAS_0740_20251017_1344,atas-mt5-lead-lab-outcomes-v1,1,2.0,WIN,0,2025-10-17T13:50:00-04:00
CFD_ATAS_0741_20251020_0954,atas-mt5-lead-lab-outcomes-v1,1,2.0,WIN,0,2025-10-20T10:04:00-04:00
CFD_ATAS_0742_20251020_1020,atas-mt5-lead-lab-outcomes-v1,0,-1.0,LOSS,0,2025-10-20T10:22:00-04:00
CFD_ATAS_0743_20251020_1151,atas-mt5-lead-lab-outcomes-v1,0,-1.0,LOSS,0,2025-10-20T11:52:00-04:00
CFD_ATAS_0744_20251020_1207,atas-mt5-lead-lab-outcomes-v1,1,0.931785,TIME_WIN,0,2025-10-20T12:38:00-04:00
CFD_ATAS_0745_20251020_1402,atas-mt5-lead-lab-outcomes-v1,0,-1.0,LOSS,0,2025-10-20T14:05:00-04:00
CFD_ATAS_0746_20251021_1032,atas-mt5-lead-lab-outcomes-v1,0,-1.0,LOSS,0,2025-10-21T10:35:00-04:00
CFD_ATAS_0747_20251021_1137,atas-mt5-lead-lab-outcomes-v1,0,-1.0,LOSS,0,2025-10-21T11:38:00-04:00
CFD_ATAS_0748_20251021_1216,atas-mt5-lead-lab-outcomes-v1,0,-1.0,LOSS,1,2025-10-21T12:21:00-04:00
CFD_ATAS_0749_20251021_1324,atas-mt5-lead-lab-outcomes-v1,0,-1.0,LOSS,0,2025-10-21T13:30:00-04:00
CFD_ATAS_0750_20251021_1457,atas-mt5-lead-lab-outcomes-v1,0,-1.0,LOSS,0,2025-10-21T15:19:00-04:00
CFD_ATAS_0751_20251021_1558,atas-mt5-lead-lab-outcomes-v1,0,-1.0,LOSS,0,2025-10-21T15:59:00-04:00
CFD_ATAS_0752_20251022_1013,atas-mt5-lead-lab-outcomes-v1,0,-1.0,LOSS,0,2025-10-22T10:14:00-04:00
CFD_ATAS_0753_20251022_1125,atas-mt5-lead-lab-outcomes-v1,1,2.0,WIN,0,2025-10-22T11:30:00-04:00
CFD_ATAS_0754_20251022_1203,atas-mt5-lead-lab-outcomes-v1,1,2.0,WIN,0,2025-10-22T12:10:00-04:00
CFD_ATAS_0755_20251022_1238,atas-mt5-lead-lab-outcomes-v1,0,-0.068738,TIME_LOSS,0,2025-10-22T13:09:00-04:00
CFD_ATAS_0756_20251022_1338,atas-mt5-lead-lab-outcomes-v1,0,-1.0,LOSS,0,2025-10-22T13:39:00-04:00
CFD_ATAS_0757_20251022_1427,atas-mt5-lead-lab-outcomes-v1,1,2.0,WIN,0,2025-10-22T14:57:00-04:00
CFD_ATAS_0758_20251022_1458,atas-mt5-lead-lab-outcomes-v1,0,-1.0,LOSS,0,2025-10-22T15:06:00-04:00
CFD_ATAS_0759_20251022_1514,atas-mt5-lead-lab-outcomes-v1,1,2.0,WIN,0,2025-10-22T15:32:00-04:00
CFD_ATAS_0760_20251023_1049,atas-mt5-lead-lab-outcomes-v1,0,-1.0,LOSS,0,2025-10-23T10:53:00-04:00
CFD_ATAS_0761_20251023_1054,atas-mt5-lead-lab-outcomes-v1,0,-1.0,LOSS,0,2025-10-23T10:55:00-04:00
CFD_ATAS_0762_20251023_1259,atas-mt5-lead-lab-outcomes-v1,0,-1.0,LOSS,1,2025-10-23T13:01:00-04:00
CFD_ATAS_0763_20251024_1002,atas-mt5-lead-lab-outcomes-v1,1,2.0,WIN,0,2025-10-24T10:06:00-04:00
CFD_ATAS_0764_20251024_1059,atas-mt5-lead-lab-outcomes-v1,0,-1.0,LOSS,0,2025-10-24T11:00:00-04:00
CFD_ATAS_0765_20251024_1128,atas-mt5-lead-lab-outcomes-v1,0,-1.0,LOSS,0,2025-10-24T11:35:00-04:00
CFD_ATAS_0766_20251024_1218,atas-mt5-lead-lab-outcomes-v1,0,-1.0,LOSS,0,2025-10-24T12:20:00-04:00
CFD_ATAS_0767_20251024_1249,atas-mt5-lead-lab-outcomes-v1,0,-1.0,LOSS,0,2025-10-24T12:51:00-04:00
CFD_ATAS_0768_20251024_1359,atas-mt5-lead-lab-outcomes-v1,0,-1.0,LOSS,1,2025-10-24T14:03:00-04:00
CFD_ATAS_0769_20251024_1404,atas-mt5-lead-lab-outcomes-v1,1,2.0,WIN,1,2025-10-24T14:13:00-04:00
CFD_ATAS_0770_20251027_0954,atas-mt5-lead-lab-outcomes-v1,0,-1.0,LOSS,0,2025-10-27T09:55:00-04:00
CFD_ATAS_0771_20251027_1055,atas-mt5-lead-lab-outcomes-v1,0,-1.0,LOSS,1,2025-10-27T10:59:00-04:00
CFD_ATAS_0772_20251027_1127,atas-mt5-lead-lab-outcomes-v1,0,-1.0,LOSS,0,2025-10-27T11:31:00-04:00
CFD_ATAS_0773_20251028_1123,atas-mt5-lead-lab-outcomes-v1,1,2.0,WIN,0,2025-10-28T11:33:00-04:00
CFD_ATAS_0774_20251028_1236,atas-mt5-lead-lab-outcomes-v1,0,-1.0,LOSS,0,2025-10-28T12:47:00-04:00
CFD_ATAS_0775_20251028_1506,atas-mt5-lead-lab-outcomes-v1,0,-1.0,LOSS,0,2025-10-28T15:07:00-04:00
CFD_ATAS_0776_20251028_1521,atas-mt5-lead-lab-outcomes-v1,0,-1.0,LOSS,0,2025-10-28T15:22:00-04:00
CFD_ATAS_0777_20251029_0958,atas-mt5-lead-lab-outcomes-v1,0,-1.0,LOSS,0,2025-10-29T10:00:00-04:00
CFD_ATAS_0778_20251029_1019,atas-mt5-lead-lab-outcomes-v1,0,-1.0,LOSS,0,2025-10-29T10:31:00-04:00
CFD_ATAS_0779_20251029_1035,atas-mt5-lead-lab-outcomes-v1,1,2.0,WIN,0,2025-10-29T10:42:00-04:00
CFD_ATAS_0780_20251029_1353,atas-mt5-lead-lab-outcomes-v1,1,2.0,WIN,1,2025-10-29T14:00:00-04:00
CFD_ATAS_0781_20251029_1440,atas-mt5-lead-lab-outcomes-v1,0,-1.0,LOSS,0,2025-10-29T14:41:00-04:00
CFD_ATAS_0782_20251030_1023,atas-mt5-lead-lab-outcomes-v1,0,-1.0,LOSS,0,2025-10-30T10:42:00-04:00
CFD_ATAS_0783_20251030_1106,atas-mt5-lead-lab-outcomes-v1,0,-1.0,LOSS,0,2025-10-30T11:34:00-04:00
CFD_ATAS_0784_20251030_1135,atas-mt5-lead-lab-outcomes-v1,0,-1.0,LOSS,0,2025-10-30T11:37:00-04:00
CFD_ATAS_0785_20251030_1359,atas-mt5-lead-lab-outcomes-v1,0,-1.0,LOSS,0,2025-10-30T14:05:00-04:00
CFD_ATAS_0786_20251030_1417,atas-mt5-lead-lab-outcomes-v1,1,2.0,WIN,0,2025-10-30T14:25:00-04:00
CFD_ATAS_0787_20251031_0955,atas-mt5-lead-lab-outcomes-v1,1,2.0,WIN,0,2025-10-31T10:04:00-04:00
CFD_ATAS_0788_20251031_1014,atas-mt5-lead-lab-outcomes-v1,0,-1.0,LOSS,0,2025-10-31T10:20:00-04:00
CFD_ATAS_0789_20251031_1140,atas-mt5-lead-lab-outcomes-v1,0,-1.0,LOSS,0,2025-10-31T11:41:00-04:00
CFD_ATAS_0790_20251031_1237,atas-mt5-lead-lab-outcomes-v1,0,-1.0,LOSS,0,2025-10-31T12:41:00-04:00
CFD_ATAS_0791_20251031_1349,atas-mt5-lead-lab-outcomes-v1,0,-1.0,LOSS,0,2025-10-31T13:51:00-04:00
CFD_ATAS_0792_20251031_1433,atas-mt5-lead-lab-outcomes-v1,0,-1.0,LOSS,0,2025-10-31T14:35:00-04:00
CFD_ATAS_0793_20260309_1234,atas-mt5-lead-lab-outcomes-v1,0,-1.0,LOSS,0,2026-03-09T12:41:00-04:00
CFD_ATAS_0794_20260309_1248,atas-mt5-lead-lab-outcomes-v1,0,-1.0,LOSS,0,2026-03-09T12:54:00-04:00
CFD_ATAS_0795_20260309_1506,atas-mt5-lead-lab-outcomes-v1,0,-1.0,LOSS,0,2026-03-09T15:11:00-04:00
CFD_ATAS_0796_20260310_1158,atas-mt5-lead-lab-outcomes-v1,0,-1.0,LOSS,0,2026-03-10T11:59:00-04:00
CFD_ATAS_0797_20260310_1235,atas-mt5-lead-lab-outcomes-v1,1,2.0,WIN,0,2026-03-10T12:46:00-04:00
CFD_ATAS_0798_20260310_1348,atas-mt5-lead-lab-outcomes-v1,0,-1.0,LOSS,0,2026-03-10T13:49:00-04:00
CFD_ATAS_0799_20260311_1033,atas-mt5-lead-lab-outcomes-v1,0,-1.0,LOSS,0,2026-03-11T10:34:00-04:00
CFD_ATAS_0800_20260311_1208,atas-mt5-lead-lab-outcomes-v1,0,-1.0,LOSS,0,2026-03-11T12:11:00-04:00
CFD_ATAS_0801_20260311_1331,atas-mt5-lead-lab-outcomes-v1,0,-1.0,LOSS,0,2026-03-11T13:36:00-04:00
CFD_ATAS_0802_20260311_1337,atas-mt5-lead-lab-outcomes-v1,0,-1.0,LOSS,0,2026-03-11T13:38:00-04:00
CFD_ATAS_0803_20260312_1046,atas-mt5-lead-lab-outcomes-v1,0,-1.0,LOSS,0,2026-03-12T10:47:00-04:00
CFD_ATAS_0804_20260312_1226,atas-mt5-lead-lab-outcomes-v1,0,-1.0,LOSS,0,2026-03-12T12:27:00-04:00
CFD_ATAS_0805_20260312_1337,atas-mt5-lead-lab-outcomes-v1,0,-1.0,LOSS,0,2026-03-12T13:45:00-04:00
CFD_ATAS_0806_20260312_1349,atas-mt5-lead-lab-outcomes-v1,1,2.0,WIN,0,2026-03-12T13:55:00-04:00
CFD_ATAS_0807_20260313_0954,atas-mt5-lead-lab-outcomes-v1,0,-1.0,LOSS,0,2026-03-13T09:55:00-04:00
CFD_ATAS_0808_20260313_1029,atas-mt5-lead-lab-outcomes-v1,0,-1.0,LOSS,0,2026-03-13T10:31:00-04:00
CFD_ATAS_0809_20260313_1105,atas-mt5-lead-lab-outcomes-v1,0,-1.0,LOSS,0,2026-03-13T11:07:00-04:00
CFD_ATAS_0810_20260313_1149,atas-mt5-lead-lab-outcomes-v1,1,2.0,WIN,0,2026-03-13T11:57:00-04:00
CFD_ATAS_0811_20260313_1321,atas-mt5-lead-lab-outcomes-v1,0,-1.0,LOSS,0,2026-03-13T13:41:00-04:00
CFD_ATAS_0812_20260316_1050,atas-mt5-lead-lab-outcomes-v1,0,-1.0,LOSS,0,2026-03-16T10:53:00-04:00
CFD_ATAS_0813_20260316_1117,atas-mt5-lead-lab-outcomes-v1,0,-1.0,LOSS,0,2026-03-16T11:22:00-04:00
CFD_ATAS_0814_20260316_1337,atas-mt5-lead-lab-outcomes-v1,0,-1.0,LOSS,0,2026-03-16T13:42:00-04:00
CFD_ATAS_0815_20260316_1550,atas-mt5-lead-lab-outcomes-v1,1,0.091117,TIME_WIN,0,2026-03-16T16:00:00-04:00
CFD_ATAS_0816_20260317_1014,atas-mt5-lead-lab-outcomes-v1,0,-1.0,LOSS,0,2026-03-17T10:20:00-04:00
CFD_ATAS_0817_20260317_1102,atas-mt5-lead-lab-outcomes-v1,0,-1.0,LOSS,0,2026-03-17T11:03:00-04:00
CFD_ATAS_0818_20260317_1223,atas-mt5-lead-lab-outcomes-v1,1,0.324685,TIME_WIN,0,2026-03-17T12:54:00-04:00
CFD_ATAS_0819_20260317_1320,atas-mt5-lead-lab-outcomes-v1,1,2.0,WIN,0,2026-03-17T13:37:00-04:00
CFD_ATAS_0820_20260317_1413,atas-mt5-lead-lab-outcomes-v1,0,-1.0,LOSS,0,2026-03-17T14:23:00-04:00
CFD_ATAS_0821_20260318_1004,atas-mt5-lead-lab-outcomes-v1,0,-1.0,LOSS,0,2026-03-18T10:13:00-04:00
CFD_ATAS_0822_20260318_1033,atas-mt5-lead-lab-outcomes-v1,1,2.0,WIN,0,2026-03-18T10:58:00-04:00
CFD_ATAS_0823_20260318_1136,atas-mt5-lead-lab-outcomes-v1,0,-1.0,LOSS,0,2026-03-18T11:41:00-04:00
CFD_ATAS_0824_20260319_1052,atas-mt5-lead-lab-outcomes-v1,1,2.0,WIN,0,2026-03-19T11:05:00-04:00
CFD_ATAS_0825_20260319_1332,atas-mt5-lead-lab-outcomes-v1,0,-1.0,LOSS,0,2026-03-19T13:40:00-04:00
CFD_ATAS_0826_20260319_1410,atas-mt5-lead-lab-outcomes-v1,1,2.0,WIN,0,2026-03-19T14:12:00-04:00
CFD_ATAS_0827_20260320_1025,atas-mt5-lead-lab-outcomes-v1,0,-1.0,LOSS,0,2026-03-20T10:27:00-04:00
CFD_ATAS_0828_20260320_1204,atas-mt5-lead-lab-outcomes-v1,0,-1.0,LOSS,0,2026-03-20T12:05:00-04:00
CFD_ATAS_0829_20260320_1304,atas-mt5-lead-lab-outcomes-v1,0,-1.0,LOSS,0,2026-03-20T13:05:00-04:00
CFD_ATAS_0830_20260320_1311,atas-mt5-lead-lab-outcomes-v1,0,-1.0,LOSS,0,2026-03-20T13:12:00-04:00
CFD_ATAS_0831_20260320_1357,atas-mt5-lead-lab-outcomes-v1,0,-1.0,LOSS,0,2026-03-20T14:05:00-04:00
CFD_ATAS_0832_20260320_1535,atas-mt5-lead-lab-outcomes-v1,0,-1.0,LOSS,0,2026-03-20T15:36:00-04:00
CFD_ATAS_0833_20260323_1012,atas-mt5-lead-lab-outcomes-v1,0,-1.0,LOSS,0,2026-03-23T10:18:00-04:00
CFD_ATAS_0834_20260323_1131,atas-mt5-lead-lab-outcomes-v1,1,2.0,WIN,0,2026-03-23T11:36:00-04:00
CFD_ATAS_0835_20260323_1204,atas-mt5-lead-lab-outcomes-v1,1,2.0,WIN,0,2026-03-23T12:23:00-04:00
CFD_ATAS_0836_20260323_1327,atas-mt5-lead-lab-outcomes-v1,0,-1.0,LOSS,0,2026-03-23T13:28:00-04:00
CFD_ATAS_0837_20260324_1056,atas-mt5-lead-lab-outcomes-v1,0,-1.0,LOSS,0,2026-03-24T10:59:00-04:00
CFD_ATAS_0838_20260324_1419,atas-mt5-lead-lab-outcomes-v1,0,-1.0,LOSS,0,2026-03-24T14:20:00-04:00
CFD_ATAS_0839_20260324_1454,atas-mt5-lead-lab-outcomes-v1,0,-1.0,LOSS,0,2026-03-24T15:01:00-04:00
CFD_ATAS_0840_20260325_1041,atas-mt5-lead-lab-outcomes-v1,0,-1.0,LOSS,0,2026-03-25T10:42:00-04:00
CFD_ATAS_0841_20260325_1050,atas-mt5-lead-lab-outcomes-v1,0,-1.0,LOSS,0,2026-03-25T10:59:00-04:00
CFD_ATAS_0842_20260325_1258,atas-mt5-lead-lab-outcomes-v1,1,2.0,WIN,0,2026-03-25T13:02:00-04:00
CFD_ATAS_0843_20260325_1303,atas-mt5-lead-lab-outcomes-v1,0,-1.0,LOSS,0,2026-03-25T13:05:00-04:00
CFD_ATAS_0844_20260326_1030,atas-mt5-lead-lab-outcomes-v1,0,-1.0,LOSS,0,2026-03-26T10:37:00-04:00
CFD_ATAS_0845_20260326_1106,atas-mt5-lead-lab-outcomes-v1,0,-1.0,LOSS,0,2026-03-26T11:16:00-04:00
CFD_ATAS_0846_20260326_1120,atas-mt5-lead-lab-outcomes-v1,0,-1.0,LOSS,0,2026-03-26T11:21:00-04:00
CFD_ATAS_0847_20260326_1125,atas-mt5-lead-lab-outcomes-v1,1,2.0,WIN,0,2026-03-26T11:31:00-04:00
CFD_ATAS_0848_20260327_1113,atas-mt5-lead-lab-outcomes-v1,0,-1.0,LOSS,0,2026-03-27T11:15:00-04:00
CFD_ATAS_0849_20260327_1239,atas-mt5-lead-lab-outcomes-v1,0,-1.0,LOSS,0,2026-03-27T12:40:00-04:00
CFD_ATAS_0850_20260327_1312,atas-mt5-lead-lab-outcomes-v1,0,-1.0,LOSS,0,2026-03-27T13:13:00-04:00
CFD_ATAS_0851_20260327_1341,atas-mt5-lead-lab-outcomes-v1,0,-1.0,LOSS,0,2026-03-27T13:42:00-04:00
CFD_ATAS_0852_20260327_1424,atas-mt5-lead-lab-outcomes-v1,1,2.0,WIN,0,2026-03-27T14:43:00-04:00
CFD_ATAS_0853_20260327_1543,atas-mt5-lead-lab-outcomes-v1,0,-1.0,LOSS,0,2026-03-27T15:45:00-04:00
CFD_ATAS_0854_20260330_1022,atas-mt5-lead-lab-outcomes-v1,1,2.0,WIN,0,2026-03-30T10:36:00-04:00
CFD_ATAS_0855_20260330_1301,atas-mt5-lead-lab-outcomes-v1,1,2.0,WIN,0,2026-03-30T13:06:00-04:00
CFD_ATAS_0856_20260330_1425,atas-mt5-lead-lab-outcomes-v1,0,-1.0,LOSS,0,2026-03-30T14:26:00-04:00
CFD_ATAS_0857_20260330_1511,atas-mt5-lead-lab-outcomes-v1,0,-1.0,LOSS,0,2026-03-30T15:12:00-04:00
CFD_ATAS_0858_20260330_1533,atas-mt5-lead-lab-outcomes-v1,0,-1.0,LOSS,0,2026-03-30T15:34:00-04:00
CFD_ATAS_0859_20260331_1112,atas-mt5-lead-lab-outcomes-v1,0,-1.0,LOSS,0,2026-03-31T11:13:00-04:00
CFD_ATAS_0860_20260331_1120,atas-mt5-lead-lab-outcomes-v1,0,-1.0,LOSS,0,2026-03-31T11:21:00-04:00
CFD_ATAS_0861_20260331_1148,atas-mt5-lead-lab-outcomes-v1,0,-1.0,LOSS,0,2026-03-31T11:51:00-04:00
CFD_ATAS_0862_20260331_1546,atas-mt5-lead-lab-outcomes-v1,0,-1.0,LOSS,0,2026-03-31T15:49:00-04:00
CFD_ATAS_0863_20260401_0954,atas-mt5-lead-lab-outcomes-v1,0,-1.0,LOSS,0,2026-04-01T10:01:00-04:00
CFD_ATAS_0864_20260401_1044,atas-mt5-lead-lab-outcomes-v1,0,-1.0,LOSS,0,2026-04-01T10:49:00-04:00
CFD_ATAS_0865_20260401_1125,atas-mt5-lead-lab-outcomes-v1,0,-1.0,LOSS,0,2026-04-01T11:27:00-04:00
CFD_ATAS_0866_20260401_1242,atas-mt5-lead-lab-outcomes-v1,0,-1.0,LOSS,1,2026-04-01T12:44:00-04:00
CFD_ATAS_0867_20260402_1021,atas-mt5-lead-lab-outcomes-v1,0,-1.0,LOSS,0,2026-04-02T10:25:00-04:00
CFD_ATAS_0868_20260402_1046,atas-mt5-lead-lab-outcomes-v1,0,-1.0,LOSS,0,2026-04-02T10:50:00-04:00
CFD_ATAS_0869_20260402_1115,atas-mt5-lead-lab-outcomes-v1,0,-1.0,LOSS,0,2026-04-02T11:18:00-04:00
CFD_ATAS_0870_20260402_1127,atas-mt5-lead-lab-outcomes-v1,0,-1.0,LOSS,0,2026-04-02T11:28:00-04:00
CFD_ATAS_0871_20260402_1133,atas-mt5-lead-lab-outcomes-v1,0,-1.0,LOSS,1,2026-04-02T11:37:00-04:00
CFD_ATAS_0872_20260402_1234,atas-mt5-lead-lab-outcomes-v1,0,-1.0,LOSS,0,2026-04-02T12:35:00-04:00
CFD_ATAS_0873_20260402_1303,atas-mt5-lead-lab-outcomes-v1,0,-1.0,LOSS,0,2026-04-02T13:13:00-04:00
CFD_ATAS_0874_20260406_1210,atas-mt5-lead-lab-outcomes-v1,1,2.0,WIN,0,2026-04-06T12:21:00-04:00
CFD_ATAS_0875_20260407_1040,atas-mt5-lead-lab-outcomes-v1,0,-1.0,LOSS,0,2026-04-07T10:52:00-04:00
CFD_ATAS_0876_20260407_1311,atas-mt5-lead-lab-outcomes-v1,0,-1.0,LOSS,0,2026-04-07T13:14:00-04:00
CFD_ATAS_0877_20260407_1458,atas-mt5-lead-lab-outcomes-v1,0,-1.0,LOSS,0,2026-04-07T15:02:00-04:00
CFD_ATAS_0878_20260407_1523,atas-mt5-lead-lab-outcomes-v1,0,-1.0,LOSS,0,2026-04-07T15:24:00-04:00
CFD_ATAS_0879_20260408_1009,atas-mt5-lead-lab-outcomes-v1,0,-1.0,LOSS,0,2026-04-08T10:19:00-04:00
CFD_ATAS_0880_20260408_1124,atas-mt5-lead-lab-outcomes-v1,1,2.0,WIN,0,2026-04-08T11:37:00-04:00
CFD_ATAS_0881_20260408_1359,atas-mt5-lead-lab-outcomes-v1,1,2.0,WIN,0,2026-04-08T14:00:00-04:00
CFD_ATAS_0882_20260408_1500,atas-mt5-lead-lab-outcomes-v1,0,-1.0,LOSS,0,2026-04-08T15:08:00-04:00
CFD_ATAS_0883_20260408_1522,atas-mt5-lead-lab-outcomes-v1,1,2.0,WIN,1,2026-04-08T15:31:00-04:00
CFD_ATAS_0884_20260409_1044,atas-mt5-lead-lab-outcomes-v1,0,-1.0,LOSS,0,2026-04-09T10:45:00-04:00
CFD_ATAS_0885_20260409_1358,atas-mt5-lead-lab-outcomes-v1,1,2.0,WIN,0,2026-04-09T14:01:00-04:00
CFD_ATAS_0886_20260409_1436,atas-mt5-lead-lab-outcomes-v1,0,-1.0,LOSS,0,2026-04-09T14:39:00-04:00
CFD_ATAS_0887_20260409_1451,atas-mt5-lead-lab-outcomes-v1,0,-1.0,LOSS,0,2026-04-09T15:01:00-04:00
CFD_ATAS_0888_20260409_1506,atas-mt5-lead-lab-outcomes-v1,0,-1.0,LOSS,0,2026-04-09T15:10:00-04:00
CFD_ATAS_0889_20260410_1443,atas-mt5-lead-lab-outcomes-v1,0,-1.0,LOSS,0,2026-04-10T14:46:00-04:00
CFD_ATAS_0890_20260413_1129,atas-mt5-lead-lab-outcomes-v1,0,-1.0,LOSS,0,2026-04-13T11:37:00-04:00
CFD_ATAS_0891_20260413_1233,atas-mt5-lead-lab-outcomes-v1,0,-1.0,LOSS,1,2026-04-13T12:35:00-04:00
CFD_ATAS_0892_20260413_1237,atas-mt5-lead-lab-outcomes-v1,1,2.0,WIN,1,2026-04-13T12:42:00-04:00
CFD_ATAS_0893_20260413_1401,atas-mt5-lead-lab-outcomes-v1,0,-1.0,LOSS,0,2026-04-13T14:02:00-04:00
CFD_ATAS_0894_20260413_1500,atas-mt5-lead-lab-outcomes-v1,0,-1.0,LOSS,0,2026-04-13T15:11:00-04:00
CFD_ATAS_0895_20260414_1230,atas-mt5-lead-lab-outcomes-v1,0,-1.0,LOSS,0,2026-04-14T12:32:00-04:00
CFD_ATAS_0896_20260414_1320,atas-mt5-lead-lab-outcomes-v1,0,-1.0,LOSS,0,2026-04-14T13:21:00-04:00
CFD_ATAS_0897_20260414_1409,atas-mt5-lead-lab-outcomes-v1,0,-1.0,LOSS,0,2026-04-14T14:14:00-04:00
CFD_ATAS_0898_20260414_1553,atas-mt5-lead-lab-outcomes-v1,0,-1.0,LOSS,0,2026-04-14T15:55:00-04:00
CFD_ATAS_0899_20260415_1104,atas-mt5-lead-lab-outcomes-v1,0,-1.0,LOSS,0,2026-04-15T11:07:00-04:00
CFD_ATAS_0900_20260415_1109,atas-mt5-lead-lab-outcomes-v1,1,2.0,WIN,0,2026-04-15T11:12:00-04:00
CFD_ATAS_0901_20260415_1138,atas-mt5-lead-lab-outcomes-v1,0,-1.0,LOSS,0,2026-04-15T11:41:00-04:00
CFD_ATAS_0902_20260415_1144,atas-mt5-lead-lab-outcomes-v1,0,-1.0,LOSS,1,2026-04-15T11:48:00-04:00
CFD_ATAS_0903_20260415_1336,atas-mt5-lead-lab-outcomes-v1,1,2.0,WIN,1,2026-04-15T13:40:00-04:00
CFD_ATAS_0904_20260415_1431,atas-mt5-lead-lab-outcomes-v1,0,-1.0,LOSS,0,2026-04-15T14:32:00-04:00
CFD_ATAS_0905_20260415_1526,atas-mt5-lead-lab-outcomes-v1,0,-1.0,LOSS,0,2026-04-15T15:28:00-04:00
CFD_ATAS_0906_20260415_1536,atas-mt5-lead-lab-outcomes-v1,1,2.0,WIN,0,2026-04-15T15:43:00-04:00
CFD_ATAS_0907_20260416_1014,atas-mt5-lead-lab-outcomes-v1,1,2.0,WIN,0,2026-04-16T10:18:00-04:00
CFD_ATAS_0908_20260416_1234,atas-mt5-lead-lab-outcomes-v1,0,-1.0,LOSS,0,2026-04-16T12:35:00-04:00
CFD_ATAS_0909_20260416_1414,atas-mt5-lead-lab-outcomes-v1,1,2.0,WIN,0,2026-04-16T14:23:00-04:00
CFD_ATAS_0910_20260416_1431,atas-mt5-lead-lab-outcomes-v1,0,-1.0,LOSS,0,2026-04-16T14:32:00-04:00
CFD_ATAS_0911_20260416_1440,atas-mt5-lead-lab-outcomes-v1,0,-1.0,LOSS,1,2026-04-16T14:46:00-04:00
CFD_ATAS_0912_20260417_1004,atas-mt5-lead-lab-outcomes-v1,0,-1.0,LOSS,1,2026-04-17T10:10:00-04:00
CFD_ATAS_0913_20260417_1029,atas-mt5-lead-lab-outcomes-v1,0,-1.0,LOSS,0,2026-04-17T10:30:00-04:00
CFD_ATAS_0914_20260417_1058,atas-mt5-lead-lab-outcomes-v1,0,-1.0,LOSS,0,2026-04-17T10:59:00-04:00
CFD_ATAS_0915_20260417_1122,atas-mt5-lead-lab-outcomes-v1,0,-1.0,LOSS,0,2026-04-17T11:23:00-04:00
CFD_ATAS_0916_20260417_1128,atas-mt5-lead-lab-outcomes-v1,0,-1.0,LOSS,0,2026-04-17T11:31:00-04:00
CFD_ATAS_0917_20260417_1202,atas-mt5-lead-lab-outcomes-v1,0,-1.0,LOSS,0,2026-04-17T12:03:00-04:00
CFD_ATAS_0918_20260417_1313,atas-mt5-lead-lab-outcomes-v1,1,2.0,WIN,0,2026-04-17T13:18:00-04:00
CFD_ATAS_0919_20260417_1511,atas-mt5-lead-lab-outcomes-v1,0,-1.0,LOSS,0,2026-04-17T15:32:00-04:00
CFD_ATAS_0920_20260420_1033,atas-mt5-lead-lab-outcomes-v1,0,-1.0,LOSS,0,2026-04-20T10:41:00-04:00
CFD_ATAS_0921_20260420_1154,atas-mt5-lead-lab-outcomes-v1,0,-1.0,LOSS,0,2026-04-20T12:06:00-04:00
CFD_ATAS_0922_20260420_1410,atas-mt5-lead-lab-outcomes-v1,0,-1.0,LOSS,0,2026-04-20T14:11:00-04:00
CFD_ATAS_0923_20260420_1537,atas-mt5-lead-lab-outcomes-v1,1,2.0,WIN,0,2026-04-20T15:44:00-04:00
CFD_ATAS_0924_20260421_0959,atas-mt5-lead-lab-outcomes-v1,0,-1.0,LOSS,0,2026-04-21T10:00:00-04:00
CFD_ATAS_0925_20260421_1039,atas-mt5-lead-lab-outcomes-v1,1,2.0,WIN,0,2026-04-21T10:41:00-04:00
CFD_ATAS_0926_20260421_1043,atas-mt5-lead-lab-outcomes-v1,1,2.0,WIN,0,2026-04-21T10:46:00-04:00
CFD_ATAS_0927_20260421_1118,atas-mt5-lead-lab-outcomes-v1,0,-1.0,LOSS,0,2026-04-21T11:25:00-04:00
CFD_ATAS_0928_20260421_1208,atas-mt5-lead-lab-outcomes-v1,0,-1.0,LOSS,0,2026-04-21T12:24:00-04:00
CFD_ATAS_0929_20260421_1314,atas-mt5-lead-lab-outcomes-v1,1,2.0,WIN,0,2026-04-21T13:20:00-04:00
CFD_ATAS_0930_20260421_1408,atas-mt5-lead-lab-outcomes-v1,0,-1.0,LOSS,0,2026-04-21T14:16:00-04:00
CFD_ATAS_0931_20260422_1117,atas-mt5-lead-lab-outcomes-v1,0,-1.0,LOSS,0,2026-04-22T11:21:00-04:00
CFD_ATAS_0932_20260422_1122,atas-mt5-lead-lab-outcomes-v1,0,-1.0,LOSS,0,2026-04-22T11:23:00-04:00
CFD_ATAS_0933_20260423_0953,atas-mt5-lead-lab-outcomes-v1,0,-1.0,LOSS,0,2026-04-23T09:58:00-04:00
CFD_ATAS_0934_20260423_1008,atas-mt5-lead-lab-outcomes-v1,1,2.0,WIN,0,2026-04-23T10:14:00-04:00
CFD_ATAS_0935_20260423_1051,atas-mt5-lead-lab-outcomes-v1,0,-1.0,LOSS,0,2026-04-23T10:55:00-04:00
CFD_ATAS_0936_20260423_1210,atas-mt5-lead-lab-outcomes-v1,0,-1.0,LOSS,0,2026-04-23T12:13:00-04:00
CFD_ATAS_0937_20260423_1251,atas-mt5-lead-lab-outcomes-v1,1,2.0,WIN,0,2026-04-23T12:58:00-04:00
CFD_ATAS_0938_20260423_1449,atas-mt5-lead-lab-outcomes-v1,0,-1.0,LOSS,0,2026-04-23T14:50:00-04:00
CFD_ATAS_0939_20260423_1539,atas-mt5-lead-lab-outcomes-v1,0,-1.0,LOSS,0,2026-04-23T15:49:00-04:00
CFD_ATAS_0940_20260424_1011,atas-mt5-lead-lab-outcomes-v1,1,2.0,WIN,1,2026-04-24T10:31:00-04:00
CFD_ATAS_0941_20260424_1121,atas-mt5-lead-lab-outcomes-v1,0,-1.0,LOSS,1,2026-04-24T11:23:00-04:00
CFD_ATAS_0942_20260424_1147,atas-mt5-lead-lab-outcomes-v1,1,0.479652,TIME_WIN,0,2026-04-24T12:18:00-04:00
CFD_ATAS_0943_20260424_1349,atas-mt5-lead-lab-outcomes-v1,0,-1.0,LOSS,0,2026-04-24T13:54:00-04:00
CFD_ATAS_0944_20260424_1509,atas-mt5-lead-lab-outcomes-v1,0,-1.0,LOSS,0,2026-04-24T15:10:00-04:00
CFD_ATAS_0945_20260428_1143,atas-mt5-lead-lab-outcomes-v1,1,2.0,WIN,0,2026-04-28T11:48:00-04:00
CFD_ATAS_0946_20260428_1204,atas-mt5-lead-lab-outcomes-v1,0,-1.0,LOSS,0,2026-04-28T12:06:00-04:00
CFD_ATAS_0947_20260428_1234,atas-mt5-lead-lab-outcomes-v1,0,-1.0,LOSS,0,2026-04-28T12:35:00-04:00
CFD_ATAS_0948_20260428_1259,atas-mt5-lead-lab-outcomes-v1,0,-1.0,LOSS,0,2026-04-28T13:06:00-04:00
CFD_ATAS_0949_20260429_1134,atas-mt5-lead-lab-outcomes-v1,0,-1.0,LOSS,0,2026-04-29T11:51:00-04:00
CFD_ATAS_0950_20260429_1348,atas-mt5-lead-lab-outcomes-v1,0,-1.0,LOSS,0,2026-04-29T13:49:00-04:00
CFD_ATAS_0951_20260429_1434,atas-mt5-lead-lab-outcomes-v1,0,-1.0,LOSS,0,2026-04-29T14:35:00-04:00
CFD_ATAS_0952_20260429_1555,atas-mt5-lead-lab-outcomes-v1,0,-1.0,LOSS,0,2026-04-29T15:56:00-04:00
CFD_ATAS_0953_20260429_1559,atas-mt5-lead-lab-outcomes-v1,0,-1.0,LOSS,0,2026-04-29T16:00:00-04:00
CFD_ATAS_0954_20260430_1012,atas-mt5-lead-lab-outcomes-v1,1,2.0,WIN,0,2026-04-30T10:16:00-04:00
CFD_ATAS_0955_20260430_1040,atas-mt5-lead-lab-outcomes-v1,0,-1.0,LOSS,0,2026-04-30T10:43:00-04:00
CFD_ATAS_0956_20260430_1124,atas-mt5-lead-lab-outcomes-v1,0,-1.0,LOSS,0,2026-04-30T11:25:00-04:00
CFD_ATAS_0957_20260430_1207,atas-mt5-lead-lab-outcomes-v1,0,-1.0,LOSS,1,2026-04-30T12:08:00-04:00
CFD_ATAS_0958_20260430_1450,atas-mt5-lead-lab-outcomes-v1,0,-1.0,LOSS,0,2026-04-30T14:51:00-04:00
CFD_ATAS_0959_20260501_1003,atas-mt5-lead-lab-outcomes-v1,0,-1.0,LOSS,1,2026-05-01T10:04:00-04:00
CFD_ATAS_0960_20260501_1104,atas-mt5-lead-lab-outcomes-v1,0,-1.0,LOSS,0,2026-05-01T11:12:00-04:00
CFD_ATAS_0961_20260501_1117,atas-mt5-lead-lab-outcomes-v1,0,-1.0,LOSS,0,2026-05-01T11:31:00-04:00
CFD_ATAS_0962_20260501_1212,atas-mt5-lead-lab-outcomes-v1,0,-1.0,LOSS,0,2026-05-01T12:20:00-04:00
CFD_ATAS_0963_20260501_1226,atas-mt5-lead-lab-outcomes-v1,1,2.0,WIN,0,2026-05-01T12:33:00-04:00
CFD_ATAS_0964_20260504_1139,atas-mt5-lead-lab-outcomes-v1,0,-1.0,LOSS,0,2026-05-04T11:40:00-04:00
CFD_ATAS_0965_20260504_1203,atas-mt5-lead-lab-outcomes-v1,0,-1.0,LOSS,0,2026-05-04T12:07:00-04:00
CFD_ATAS_0966_20260504_1417,atas-mt5-lead-lab-outcomes-v1,0,-1.0,LOSS,0,2026-05-04T14:23:00-04:00
CFD_ATAS_0967_20260504_1439,atas-mt5-lead-lab-outcomes-v1,1,2.0,WIN,0,2026-05-04T14:50:00-04:00
CFD_ATAS_0968_20260504_1529,atas-mt5-lead-lab-outcomes-v1,0,-1.0,LOSS,0,2026-05-04T15:32:00-04:00
CFD_ATAS_0969_20260505_1035,atas-mt5-lead-lab-outcomes-v1,1,2.0,WIN,1,2026-05-05T10:38:00-04:00
CFD_ATAS_0970_20260505_1227,atas-mt5-lead-lab-outcomes-v1,0,-1.0,LOSS,0,2026-05-05T12:28:00-04:00
CFD_ATAS_0971_20260505_1249,atas-mt5-lead-lab-outcomes-v1,0,-1.0,LOSS,0,2026-05-05T12:55:00-04:00
CFD_ATAS_0972_20260506_1109,atas-mt5-lead-lab-outcomes-v1,0,-1.0,LOSS,0,2026-05-06T11:12:00-04:00
CFD_ATAS_0973_20260506_1233,atas-mt5-lead-lab-outcomes-v1,0,-1.0,LOSS,0,2026-05-06T12:36:00-04:00
CFD_ATAS_0974_20260506_1435,atas-mt5-lead-lab-outcomes-v1,0,-1.0,LOSS,0,2026-05-06T14:36:00-04:00
CFD_ATAS_0975_20260507_0955,atas-mt5-lead-lab-outcomes-v1,0,-1.0,LOSS,0,2026-05-07T09:56:00-04:00
CFD_ATAS_0976_20260507_1230,atas-mt5-lead-lab-outcomes-v1,0,-1.0,LOSS,1,2026-05-07T12:33:00-04:00
CFD_ATAS_0977_20260507_1318,atas-mt5-lead-lab-outcomes-v1,1,2.0,WIN,0,2026-05-07T13:25:00-04:00
CFD_ATAS_0978_20260507_1409,atas-mt5-lead-lab-outcomes-v1,0,-1.0,LOSS,0,2026-05-07T14:10:00-04:00
CFD_ATAS_0979_20260507_1424,atas-mt5-lead-lab-outcomes-v1,0,-1.0,LOSS,0,2026-05-07T14:25:00-04:00
CFD_ATAS_0980_20260507_1518,atas-mt5-lead-lab-outcomes-v1,0,-1.0,LOSS,0,2026-05-07T15:19:00-04:00
CFD_ATAS_0981_20260507_1537,atas-mt5-lead-lab-outcomes-v1,0,-1.0,LOSS,0,2026-05-07T15:38:00-04:00
CFD_ATAS_0982_20260508_1013,atas-mt5-lead-lab-outcomes-v1,0,-1.0,LOSS,1,2026-05-08T10:20:00-04:00
CFD_ATAS_0983_20260508_1133,atas-mt5-lead-lab-outcomes-v1,0,-1.0,LOSS,0,2026-05-08T11:36:00-04:00
CFD_ATAS_0984_20260508_1146,atas-mt5-lead-lab-outcomes-v1,0,-1.0,LOSS,0,2026-05-08T11:47:00-04:00
CFD_ATAS_0985_20260511_1034,atas-mt5-lead-lab-outcomes-v1,0,-1.0,LOSS,0,2026-05-11T10:35:00-04:00
CFD_ATAS_0986_20260511_1038,atas-mt5-lead-lab-outcomes-v1,0,-1.0,LOSS,0,2026-05-11T10:40:00-04:00
CFD_ATAS_0987_20260511_1433,atas-mt5-lead-lab-outcomes-v1,1,2.0,WIN,0,2026-05-11T14:39:00-04:00
CFD_ATAS_0988_20260512_1032,atas-mt5-lead-lab-outcomes-v1,0,-1.0,LOSS,0,2026-05-12T10:33:00-04:00
CFD_ATAS_0989_20260512_1221,atas-mt5-lead-lab-outcomes-v1,0,-1.0,LOSS,0,2026-05-12T12:22:00-04:00
CFD_ATAS_0990_20260512_1323,atas-mt5-lead-lab-outcomes-v1,0,-1.0,LOSS,0,2026-05-12T13:24:00-04:00
CFD_ATAS_0991_20260512_1336,atas-mt5-lead-lab-outcomes-v1,0,-1.0,LOSS,0,2026-05-12T13:38:00-04:00
CFD_ATAS_0992_20260512_1408,atas-mt5-lead-lab-outcomes-v1,1,2.0,WIN,0,2026-05-12T14:15:00-04:00
CFD_ATAS_0993_20260512_1431,atas-mt5-lead-lab-outcomes-v1,0,-1.0,LOSS,0,2026-05-12T14:35:00-04:00
CFD_ATAS_0994_20260513_1124,atas-mt5-lead-lab-outcomes-v1,0,-1.0,LOSS,0,2026-05-13T11:25:00-04:00
CFD_ATAS_0995_20260513_1251,atas-mt5-lead-lab-outcomes-v1,0,-1.0,LOSS,0,2026-05-13T12:52:00-04:00
CFD_ATAS_0996_20260513_1407,atas-mt5-lead-lab-outcomes-v1,0,-1.0,LOSS,0,2026-05-13T14:10:00-04:00
CFD_ATAS_0997_20260513_1413,atas-mt5-lead-lab-outcomes-v1,0,-1.0,LOSS,0,2026-05-13T14:14:00-04:00
CFD_ATAS_0998_20260513_1447,atas-mt5-lead-lab-outcomes-v1,1,2.0,WIN,0,2026-05-13T14:56:00-04:00
CFD_ATAS_0999_20260513_1528,atas-mt5-lead-lab-outcomes-v1,0,-1.0,LOSS,0,2026-05-13T15:48:00-04:00
CFD_ATAS_1000_20260514_1015,atas-mt5-lead-lab-outcomes-v1,0,-1.0,LOSS,0,2026-05-14T10:16:00-04:00
CFD_ATAS_1001_20260514_1029,atas-mt5-lead-lab-outcomes-v1,1,2.0,WIN,0,2026-05-14T10:37:00-04:00
CFD_ATAS_1002_20260514_1148,atas-mt5-lead-lab-outcomes-v1,1,2.0,WIN,0,2026-05-14T11:57:00-04:00
CFD_ATAS_1003_20260514_1158,atas-mt5-lead-lab-outcomes-v1,1,2.0,WIN,0,2026-05-14T12:05:00-04:00
CFD_ATAS_1004_20260514_1215,atas-mt5-lead-lab-outcomes-v1,0,-1.0,LOSS,0,2026-05-14T12:19:00-04:00
CFD_ATAS_1005_20260514_1302,atas-mt5-lead-lab-outcomes-v1,0,-1.0,LOSS,0,2026-05-14T13:08:00-04:00
CFD_ATAS_1006_20260514_1326,atas-mt5-lead-lab-outcomes-v1,0,-1.0,LOSS,0,2026-05-14T13:38:00-04:00
CFD_ATAS_1007_20260514_1431,atas-mt5-lead-lab-outcomes-v1,0,-1.0,LOSS,0,2026-05-14T14:32:00-04:00
CFD_ATAS_1008_20260515_1133,atas-mt5-lead-lab-outcomes-v1,0,-1.0,LOSS,0,2026-05-15T11:40:00-04:00
CFD_ATAS_1009_20260515_1458,atas-mt5-lead-lab-outcomes-v1,0,-1.0,LOSS,0,2026-05-15T15:04:00-04:00
CFD_ATAS_1010_20260515_1537,atas-mt5-lead-lab-outcomes-v1,0,-1.0,LOSS,1,2026-05-15T15:40:00-04:00
CFD_ATAS_1011_20260518_1013,atas-mt5-lead-lab-outcomes-v1,0,-1.0,LOSS,0,2026-05-18T10:26:00-04:00
CFD_ATAS_1012_20260518_1101,atas-mt5-lead-lab-outcomes-v1,0,-1.0,LOSS,0,2026-05-18T11:09:00-04:00
CFD_ATAS_1013_20260519_1104,atas-mt5-lead-lab-outcomes-v1,1,2.0,WIN,0,2026-05-19T11:11:00-04:00
CFD_ATAS_1014_20260519_1325,atas-mt5-lead-lab-outcomes-v1,0,-1.0,LOSS,0,2026-05-19T13:26:00-04:00
CFD_ATAS_1015_20260519_1445,atas-mt5-lead-lab-outcomes-v1,1,2.0,WIN,0,2026-05-19T14:54:00-04:00
CFD_ATAS_1016_20260519_1548,atas-mt5-lead-lab-outcomes-v1,1,2.0,WIN,0,2026-05-19T15:54:00-04:00
CFD_ATAS_1017_20260520_1122,atas-mt5-lead-lab-outcomes-v1,0,-0.381704,TIME_LOSS,0,2026-05-20T11:53:00-04:00
CFD_ATAS_1018_20260520_1524,atas-mt5-lead-lab-outcomes-v1,0,-1.0,LOSS,0,2026-05-20T15:31:00-04:00
CFD_ATAS_1019_20260521_1024,atas-mt5-lead-lab-outcomes-v1,0,-1.0,LOSS,0,2026-05-21T10:29:00-04:00
CFD_ATAS_1020_20260521_1041,atas-mt5-lead-lab-outcomes-v1,0,-1.0,LOSS,0,2026-05-21T10:42:00-04:00
CFD_ATAS_1021_20260521_1324,atas-mt5-lead-lab-outcomes-v1,0,-1.0,LOSS,0,2026-05-21T13:28:00-04:00
CFD_ATAS_1022_20260521_1500,atas-mt5-lead-lab-outcomes-v1,0,-1.0,LOSS,0,2026-05-21T15:01:00-04:00
CFD_ATAS_1023_20260522_1042,atas-mt5-lead-lab-outcomes-v1,0,-1.0,LOSS,0,2026-05-22T10:43:00-04:00
CFD_ATAS_1024_20260522_1423,atas-mt5-lead-lab-outcomes-v1,1,2.0,WIN,0,2026-05-22T14:31:00-04:00
CFD_ATAS_1025_20260525_0959,atas-mt5-lead-lab-outcomes-v1,1,2.0,WIN,0,2026-05-25T10:06:00-04:00
CFD_ATAS_1026_20260525_1023,atas-mt5-lead-lab-outcomes-v1,1,2.0,WIN,0,2026-05-25T10:30:00-04:00
CFD_ATAS_1027_20260525_1103,atas-mt5-lead-lab-outcomes-v1,1,2.0,WIN,0,2026-05-25T11:10:00-04:00
CFD_ATAS_1028_20260525_1123,atas-mt5-lead-lab-outcomes-v1,0,-1.0,LOSS,0,2026-05-25T11:24:00-04:00
CFD_ATAS_1029_20260525_1248,atas-mt5-lead-lab-outcomes-v1,0,-1.0,LOSS,0,2026-05-25T12:49:00-04:00
CFD_ATAS_1030_20260526_1110,atas-mt5-lead-lab-outcomes-v1,1,2.0,WIN,0,2026-05-26T11:30:00-04:00
CFD_ATAS_1031_20260526_1132,atas-mt5-lead-lab-outcomes-v1,1,2.0,WIN,0,2026-05-26T11:36:00-04:00
CFD_ATAS_1032_20260526_1238,atas-mt5-lead-lab-outcomes-v1,0,-1.0,LOSS,0,2026-05-26T12:40:00-04:00
CFD_ATAS_1033_20260526_1251,atas-mt5-lead-lab-outcomes-v1,0,-1.0,LOSS,0,2026-05-26T12:54:00-04:00
CFD_ATAS_1034_20260526_1330,atas-mt5-lead-lab-outcomes-v1,0,-1.0,LOSS,0,2026-05-26T13:33:00-04:00
CFD_ATAS_1035_20260526_1538,atas-mt5-lead-lab-outcomes-v1,0,-1.0,LOSS,0,2026-05-26T15:39:00-04:00
CFD_ATAS_1036_20260527_1040,atas-mt5-lead-lab-outcomes-v1,0,-1.0,LOSS,0,2026-05-27T10:41:00-04:00
CFD_ATAS_1037_20260527_1126,atas-mt5-lead-lab-outcomes-v1,0,-1.0,LOSS,0,2026-05-27T11:30:00-04:00
CFD_ATAS_1038_20260527_1201,atas-mt5-lead-lab-outcomes-v1,1,2.0,WIN,0,2026-05-27T12:10:00-04:00
CFD_ATAS_1039_20260527_1216,atas-mt5-lead-lab-outcomes-v1,1,2.0,WIN,0,2026-05-27T12:40:00-04:00
CFD_ATAS_1040_20260527_1250,atas-mt5-lead-lab-outcomes-v1,0,-1.0,LOSS,0,2026-05-27T12:52:00-04:00
CFD_ATAS_1041_20260527_1447,atas-mt5-lead-lab-outcomes-v1,0,-1.0,LOSS,0,2026-05-27T15:00:00-04:00
CFD_ATAS_1042_20260527_1518,atas-mt5-lead-lab-outcomes-v1,1,2.0,WIN,0,2026-05-27T15:26:00-04:00
CFD_ATAS_1043_20260528_1204,atas-mt5-lead-lab-outcomes-v1,0,-1.0,LOSS,0,2026-05-28T12:07:00-04:00
CFD_ATAS_1044_20260528_1524,atas-mt5-lead-lab-outcomes-v1,0,-1.0,LOSS,0,2026-05-28T15:27:00-04:00
CFD_ATAS_1045_20260529_1020,atas-mt5-lead-lab-outcomes-v1,0,-1.0,LOSS,0,2026-05-29T10:21:00-04:00
CFD_ATAS_1046_20260529_1049,atas-mt5-lead-lab-outcomes-v1,0,-1.0,LOSS,0,2026-05-29T10:50:00-04:00
CFD_ATAS_1047_20260529_1235,atas-mt5-lead-lab-outcomes-v1,0,-1.0,LOSS,0,2026-05-29T12:39:00-04:00
CFD_ATAS_1048_20260529_1322,atas-mt5-lead-lab-outcomes-v1,0,-1.0,LOSS,0,2026-05-29T13:32:00-04:00
CFD_ATAS_1049_20260529_1559,atas-mt5-lead-lab-outcomes-v1,1,0.111621,TIME_WIN,0,2026-05-29T16:00:00-04:00
CFD_ATAS_1050_20260601_1106,atas-mt5-lead-lab-outcomes-v1,1,2.0,WIN,0,2026-06-01T11:13:00-04:00
CFD_ATAS_1051_20260601_1216,atas-mt5-lead-lab-outcomes-v1,0,-1.0,LOSS,0,2026-06-01T12:17:00-04:00
CFD_ATAS_1052_20260601_1303,atas-mt5-lead-lab-outcomes-v1,0,-1.0,LOSS,0,2026-06-01T13:04:00-04:00
CFD_ATAS_1053_20260601_1307,atas-mt5-lead-lab-outcomes-v1,1,2.0,WIN,1,2026-06-01T13:23:00-04:00
CFD_ATAS_1054_20260601_1433,atas-mt5-lead-lab-outcomes-v1,1,2.0,WIN,0,2026-06-01T14:39:00-04:00
CFD_ATAS_1055_20260602_1007,atas-mt5-lead-lab-outcomes-v1,0,-1.0,LOSS,0,2026-06-02T10:24:00-04:00
CFD_ATAS_1056_20260602_1042,atas-mt5-lead-lab-outcomes-v1,0,-1.0,LOSS,1,2026-06-02T10:53:00-04:00
CFD_ATAS_1057_20260602_1104,atas-mt5-lead-lab-outcomes-v1,0,-1.0,LOSS,0,2026-06-02T11:05:00-04:00
CFD_ATAS_1058_20260602_1204,atas-mt5-lead-lab-outcomes-v1,1,2.0,WIN,0,2026-06-02T12:06:00-04:00
CFD_ATAS_1059_20260602_1211,atas-mt5-lead-lab-outcomes-v1,0,-1.0,LOSS,0,2026-06-02T12:18:00-04:00
CFD_ATAS_1060_20260602_1228,atas-mt5-lead-lab-outcomes-v1,1,2.0,WIN,0,2026-06-02T12:35:00-04:00
CFD_ATAS_1061_20260602_1404,atas-mt5-lead-lab-outcomes-v1,0,-1.0,LOSS,0,2026-06-02T14:07:00-04:00
CFD_ATAS_1062_20260602_1428,atas-mt5-lead-lab-outcomes-v1,1,2.0,WIN,0,2026-06-02T14:34:00-04:00
CFD_ATAS_1063_20260602_1524,atas-mt5-lead-lab-outcomes-v1,0,-1.0,LOSS,0,2026-06-02T15:29:00-04:00
CFD_ATAS_1064_20260602_1540,atas-mt5-lead-lab-outcomes-v1,1,2.0,WIN,0,2026-06-02T15:46:00-04:00
CFD_ATAS_1065_20260603_0957,atas-mt5-lead-lab-outcomes-v1,1,2.0,WIN,1,2026-06-03T10:06:00-04:00
CFD_ATAS_1066_20260603_1142,atas-mt5-lead-lab-outcomes-v1,0,-1.0,LOSS,0,2026-06-03T11:45:00-04:00
CFD_ATAS_1067_20260603_1213,atas-mt5-lead-lab-outcomes-v1,1,2.0,WIN,0,2026-06-03T12:18:00-04:00
CFD_ATAS_1068_20260603_1301,atas-mt5-lead-lab-outcomes-v1,0,-1.0,LOSS,0,2026-06-03T13:06:00-04:00
CFD_ATAS_1069_20260603_1450,atas-mt5-lead-lab-outcomes-v1,0,-1.0,LOSS,1,2026-06-03T14:53:00-04:00
CFD_ATAS_1070_20260604_0955,atas-mt5-lead-lab-outcomes-v1,0,-1.0,LOSS,0,2026-06-04T10:03:00-04:00
CFD_ATAS_1071_20260604_1103,atas-mt5-lead-lab-outcomes-v1,0,-1.0,LOSS,0,2026-06-04T11:07:00-04:00
CFD_ATAS_1072_20260604_1140,atas-mt5-lead-lab-outcomes-v1,1,2.0,WIN,0,2026-06-04T11:44:00-04:00
CFD_ATAS_1073_20260604_1154,atas-mt5-lead-lab-outcomes-v1,0,-1.0,LOSS,0,2026-06-04T11:55:00-04:00
CFD_ATAS_1074_20260604_1454,atas-mt5-lead-lab-outcomes-v1,0,-1.0,LOSS,0,2026-06-04T14:57:00-04:00
CFD_ATAS_1075_20260604_1527,atas-mt5-lead-lab-outcomes-v1,0,-1.0,LOSS,0,2026-06-04T15:29:00-04:00
CFD_ATAS_1076_20260605_1011,atas-mt5-lead-lab-outcomes-v1,1,2.0,WIN,0,2026-06-05T10:17:00-04:00
CFD_ATAS_1077_20260605_1022,atas-mt5-lead-lab-outcomes-v1,0,-1.0,LOSS,0,2026-06-05T10:23:00-04:00
CFD_ATAS_1078_20260605_1027,atas-mt5-lead-lab-outcomes-v1,0,-1.0,LOSS,0,2026-06-05T10:28:00-04:00
CFD_ATAS_1079_20260605_1109,atas-mt5-lead-lab-outcomes-v1,0,-1.0,LOSS,0,2026-06-05T11:14:00-04:00
CFD_ATAS_1080_20260605_1203,atas-mt5-lead-lab-outcomes-v1,0,-1.0,LOSS,0,2026-06-05T12:05:00-04:00
CFD_ATAS_1081_20260605_1209,atas-mt5-lead-lab-outcomes-v1,0,-1.0,LOSS,1,2026-06-05T12:10:00-04:00
CFD_ATAS_1082_20260605_1304,atas-mt5-lead-lab-outcomes-v1,0,-1.0,LOSS,0,2026-06-05T13:11:00-04:00
CFD_ATAS_1083_20260605_1444,atas-mt5-lead-lab-outcomes-v1,0,-1.0,LOSS,0,2026-06-05T14:46:00-04:00
CFD_ATAS_1084_20260605_1513,atas-mt5-lead-lab-outcomes-v1,0,-1.0,LOSS,0,2026-06-05T15:15:00-04:00
CFD_ATAS_1085_20260605_1536,atas-mt5-lead-lab-outcomes-v1,1,2.0,WIN,0,2026-06-05T15:48:00-04:00
CFD_ATAS_1086_20260608_1018,atas-mt5-lead-lab-outcomes-v1,0,-1.0,LOSS,0,2026-06-08T10:23:00-04:00
CFD_ATAS_1087_20260608_1136,atas-mt5-lead-lab-outcomes-v1,0,-1.0,LOSS,0,2026-06-08T11:37:00-04:00
CFD_ATAS_1088_20260608_1142,atas-mt5-lead-lab-outcomes-v1,0,-1.0,LOSS,0,2026-06-08T11:46:00-04:00
CFD_ATAS_1089_20260608_1218,atas-mt5-lead-lab-outcomes-v1,1,2.0,WIN,1,2026-06-08T12:23:00-04:00
CFD_ATAS_1090_20260608_1343,atas-mt5-lead-lab-outcomes-v1,0,-1.0,LOSS,0,2026-06-08T13:51:00-04:00
CFD_ATAS_1091_20260608_1419,atas-mt5-lead-lab-outcomes-v1,0,-1.0,LOSS,0,2026-06-08T14:30:00-04:00
CFD_ATAS_1092_20260608_1532,atas-mt5-lead-lab-outcomes-v1,1,0.227623,TIME_WIN,0,2026-06-08T16:00:00-04:00
CFD_ATAS_1093_20260609_1139,atas-mt5-lead-lab-outcomes-v1,0,-1.0,LOSS,0,2026-06-09T11:40:00-04:00
CFD_ATAS_1094_20260609_1202,atas-mt5-lead-lab-outcomes-v1,0,-1.0,LOSS,0,2026-06-09T12:03:00-04:00
CFD_ATAS_1095_20260609_1323,atas-mt5-lead-lab-outcomes-v1,0,-1.0,LOSS,0,2026-06-09T13:24:00-04:00
CFD_ATAS_1096_20260609_1400,atas-mt5-lead-lab-outcomes-v1,1,2.0,WIN,0,2026-06-09T14:09:00-04:00
CFD_ATAS_1097_20260609_1441,atas-mt5-lead-lab-outcomes-v1,0,-1.0,LOSS,0,2026-06-09T14:42:00-04:00
CFD_ATAS_1098_20260609_1512,atas-mt5-lead-lab-outcomes-v1,0,-1.0,LOSS,0,2026-06-09T15:14:00-04:00
CFD_ATAS_1099_20260610_1252,atas-mt5-lead-lab-outcomes-v1,0,-1.0,LOSS,0,2026-06-10T12:53:00-04:00
CFD_ATAS_1100_20260610_1352,atas-mt5-lead-lab-outcomes-v1,0,-1.0,LOSS,0,2026-06-10T13:53:00-04:00
CFD_ATAS_1101_20260610_1403,atas-mt5-lead-lab-outcomes-v1,0,-1.0,LOSS,0,2026-06-10T14:18:00-04:00
CFD_ATAS_1102_20260610_1421,atas-mt5-lead-lab-outcomes-v1,0,-1.0,LOSS,1,2026-06-10T14:35:00-04:00
CFD_ATAS_1103_20260611_1012,atas-mt5-lead-lab-outcomes-v1,0,-1.0,LOSS,0,2026-06-11T10:13:00-04:00
CFD_ATAS_1104_20260611_1126,atas-mt5-lead-lab-outcomes-v1,1,2.0,WIN,0,2026-06-11T11:36:00-04:00
CFD_ATAS_1105_20260611_1404,atas-mt5-lead-lab-outcomes-v1,0,-1.0,LOSS,0,2026-06-11T14:05:00-04:00
CFD_ATAS_1106_20260611_1535,atas-mt5-lead-lab-outcomes-v1,0,-1.0,LOSS,0,2026-06-11T15:39:00-04:00
CFD_ATAS_1107_20260612_1034,atas-mt5-lead-lab-outcomes-v1,1,2.0,WIN,0,2026-06-12T10:41:00-04:00
CFD_ATAS_1108_20260612_1137,atas-mt5-lead-lab-outcomes-v1,0,-1.0,LOSS,0,2026-06-12T11:39:00-04:00
CFD_ATAS_1109_20260612_1143,atas-mt5-lead-lab-outcomes-v1,0,-1.0,LOSS,1,2026-06-12T11:44:00-04:00
CFD_ATAS_1110_20260612_1237,atas-mt5-lead-lab-outcomes-v1,1,2.0,WIN,0,2026-06-12T12:49:00-04:00
CFD_ATAS_1111_20260612_1351,atas-mt5-lead-lab-outcomes-v1,0,-1.0,LOSS,0,2026-06-12T13:55:00-04:00
CFD_ATAS_1112_20260612_1447,atas-mt5-lead-lab-outcomes-v1,0,-1.0,LOSS,0,2026-06-12T14:50:00-04:00
CFD_ATAS_1113_20260612_1453,atas-mt5-lead-lab-outcomes-v1,1,2.0,WIN,0,2026-06-12T14:57:00-04:00
CFD_ATAS_1114_20260612_1519,atas-mt5-lead-lab-outcomes-v1,0,-1.0,LOSS,0,2026-06-12T15:20:00-04:00
CFD_ATAS_1115_20260615_1019,atas-mt5-lead-lab-outcomes-v1,0,-1.0,LOSS,0,2026-06-15T10:27:00-04:00
CFD_ATAS_1116_20260615_1040,atas-mt5-lead-lab-outcomes-v1,1,2.0,WIN,0,2026-06-15T10:56:00-04:00
CFD_ATAS_1117_20260615_1223,atas-mt5-lead-lab-outcomes-v1,0,-1.0,LOSS,0,2026-06-15T12:24:00-04:00
CFD_ATAS_1118_20260616_0953,atas-mt5-lead-lab-outcomes-v1,1,2.0,WIN,1,2026-06-16T09:59:00-04:00
CFD_ATAS_1119_20260616_1008,atas-mt5-lead-lab-outcomes-v1,0,-1.0,LOSS,0,2026-06-16T10:09:00-04:00
CFD_ATAS_1120_20260616_1023,atas-mt5-lead-lab-outcomes-v1,1,2.0,WIN,0,2026-06-16T10:27:00-04:00
CFD_ATAS_1121_20260616_1213,atas-mt5-lead-lab-outcomes-v1,0,-1.0,LOSS,0,2026-06-16T12:30:00-04:00
CFD_ATAS_1122_20260616_1233,atas-mt5-lead-lab-outcomes-v1,0,-1.0,LOSS,0,2026-06-16T12:37:00-04:00
CFD_ATAS_1123_20260617_0954,atas-mt5-lead-lab-outcomes-v1,1,2.0,WIN,0,2026-06-17T09:57:00-04:00
CFD_ATAS_1124_20260617_1100,atas-mt5-lead-lab-outcomes-v1,1,2.0,WIN,0,2026-06-17T11:18:00-04:00
CFD_ATAS_1125_20260619_1233,atas-mt5-lead-lab-outcomes-v1,0,-1.0,LOSS,1,2026-06-19T12:34:00-04:00
CFD_ATAS_1126_20260622_1138,atas-mt5-lead-lab-outcomes-v1,0,-1.0,LOSS,0,2026-06-22T11:40:00-04:00
CFD_ATAS_1127_20260623_1049,atas-mt5-lead-lab-outcomes-v1,0,-1.0,LOSS,0,2026-06-23T10:51:00-04:00
CFD_ATAS_1128_20260623_1457,atas-mt5-lead-lab-outcomes-v1,0,-1.0,LOSS,0,2026-06-23T15:01:00-04:00
CFD_ATAS_1129_20260623_1518,atas-mt5-lead-lab-outcomes-v1,0,-1.0,LOSS,0,2026-06-23T15:26:00-04:00
CFD_ATAS_1130_20260624_1019,atas-mt5-lead-lab-outcomes-v1,0,-1.0,LOSS,1,2026-06-24T10:20:00-04:00
CFD_ATAS_1131_20260624_1159,atas-mt5-lead-lab-outcomes-v1,0,-1.0,LOSS,0,2026-06-24T12:00:00-04:00
CFD_ATAS_1132_20260624_1202,atas-mt5-lead-lab-outcomes-v1,1,2.0,WIN,0,2026-06-24T12:11:00-04:00
CFD_ATAS_1133_20260624_1233,atas-mt5-lead-lab-outcomes-v1,0,-1.0,LOSS,0,2026-06-24T12:36:00-04:00
CFD_ATAS_1134_20260624_1404,atas-mt5-lead-lab-outcomes-v1,0,-1.0,LOSS,0,2026-06-24T14:15:00-04:00
CFD_ATAS_1135_20260624_1428,atas-mt5-lead-lab-outcomes-v1,0,-1.0,LOSS,0,2026-06-24T14:33:00-04:00
CFD_ATAS_1136_20260625_1005,atas-mt5-lead-lab-outcomes-v1,0,-1.0,LOSS,0,2026-06-25T10:07:00-04:00
CFD_ATAS_1137_20260625_1048,atas-mt5-lead-lab-outcomes-v1,0,-1.0,LOSS,0,2026-06-25T10:49:00-04:00
CFD_ATAS_1138_20260625_1126,atas-mt5-lead-lab-outcomes-v1,1,2.0,WIN,0,2026-06-25T11:45:00-04:00
CFD_ATAS_1139_20260625_1449,atas-mt5-lead-lab-outcomes-v1,0,-1.0,LOSS,0,2026-06-25T14:50:00-04:00
CFD_ATAS_1140_20260625_1520,atas-mt5-lead-lab-outcomes-v1,0,-1.0,LOSS,0,2026-06-25T15:23:00-04:00
CFD_ATAS_1141_20260625_1548,atas-mt5-lead-lab-outcomes-v1,0,-1.0,LOSS,0,2026-06-25T15:50:00-04:00
CFD_ATAS_1142_20260626_1057,atas-mt5-lead-lab-outcomes-v1,0,-1.0,LOSS,0,2026-06-26T11:06:00-04:00
CFD_ATAS_1143_20260626_1119,atas-mt5-lead-lab-outcomes-v1,0,-1.0,LOSS,0,2026-06-26T11:20:00-04:00
CFD_ATAS_1144_20260626_1148,atas-mt5-lead-lab-outcomes-v1,0,-1.0,LOSS,0,2026-06-26T11:49:00-04:00
CFD_ATAS_1145_20260626_1221,atas-mt5-lead-lab-outcomes-v1,1,2.0,WIN,0,2026-06-26T12:30:00-04:00
CFD_ATAS_1146_20260626_1433,atas-mt5-lead-lab-outcomes-v1,0,-1.0,LOSS,0,2026-06-26T14:34:00-04:00
CFD_ATAS_1147_20260629_1024,atas-mt5-lead-lab-outcomes-v1,1,2.0,WIN,0,2026-06-29T10:28:00-04:00
CFD_ATAS_1148_20260629_1034,atas-mt5-lead-lab-outcomes-v1,1,2.0,WIN,0,2026-06-29T10:47:00-04:00
CFD_ATAS_1149_20260629_1145,atas-mt5-lead-lab-outcomes-v1,1,2.0,WIN,0,2026-06-29T11:59:00-04:00
CFD_ATAS_1150_20260629_1508,atas-mt5-lead-lab-outcomes-v1,0,-1.0,LOSS,0,2026-06-29T15:20:00-04:00
CFD_ATAS_1151_20260630_1029,atas-mt5-lead-lab-outcomes-v1,0,-1.0,LOSS,0,2026-06-30T10:42:00-04:00
CFD_ATAS_1152_20260630_1240,atas-mt5-lead-lab-outcomes-v1,0,-1.0,LOSS,0,2026-06-30T12:42:00-04:00
CFD_ATAS_1153_20260630_1417,atas-mt5-lead-lab-outcomes-v1,0,-1.0,LOSS,0,2026-06-30T14:21:00-04:00
CFD_ATAS_1154_20260630_1500,atas-mt5-lead-lab-outcomes-v1,0,-1.0,LOSS,0,2026-06-30T15:01:00-04:00
CFD_ATAS_1155_20260701_1110,atas-mt5-lead-lab-outcomes-v1,0,-1.0,LOSS,0,2026-07-01T11:11:00-04:00
CFD_ATAS_1156_20260701_1238,atas-mt5-lead-lab-outcomes-v1,0,-1.0,LOSS,0,2026-07-01T12:41:00-04:00
CFD_ATAS_1157_20260701_1546,atas-mt5-lead-lab-outcomes-v1,0,-1.0,LOSS,0,2026-07-01T15:49:00-04:00
CFD_ATAS_1158_20260702_1051,atas-mt5-lead-lab-outcomes-v1,0,-1.0,LOSS,0,2026-07-02T10:52:00-04:00
CFD_ATAS_1159_20260702_1055,atas-mt5-lead-lab-outcomes-v1,0,-1.0,LOSS,0,2026-07-02T10:59:00-04:00
CFD_ATAS_1160_20260702_1120,atas-mt5-lead-lab-outcomes-v1,0,-1.0,LOSS,0,2026-07-02T11:24:00-04:00
CFD_ATAS_1161_20260702_1129,atas-mt5-lead-lab-outcomes-v1,0,-1.0,LOSS,0,2026-07-02T11:35:00-04:00
CFD_ATAS_1162_20260702_1233,atas-mt5-lead-lab-outcomes-v1,1,2.0,WIN,0,2026-07-02T12:40:00-04:00
CFD_ATAS_1163_20260702_1306,atas-mt5-lead-lab-outcomes-v1,0,-1.0,LOSS,0,2026-07-02T13:07:00-04:00
CFD_ATAS_1164_20260702_1333,atas-mt5-lead-lab-outcomes-v1,0,-1.0,LOSS,0,2026-07-02T13:39:00-04:00
CFD_ATAS_1165_20260702_1500,atas-mt5-lead-lab-outcomes-v1,0,-1.0,LOSS,0,2026-07-02T15:04:00-04:00
CFD_ATAS_1166_20260703_1000,atas-mt5-lead-lab-outcomes-v1,1,2.0,WIN,1,2026-07-03T10:08:00-04:00
CFD_ATAS_1167_20260703_1236,atas-mt5-lead-lab-outcomes-v1,0,-1.0,LOSS,0,2026-07-03T12:39:00-04:00
CFD_ATAS_1168_20260706_1003,atas-mt5-lead-lab-outcomes-v1,0,-1.0,LOSS,0,2026-07-06T10:07:00-04:00
CFD_ATAS_1169_20260706_1122,atas-mt5-lead-lab-outcomes-v1,0,-1.0,LOSS,0,2026-07-06T11:24:00-04:00
CFD_ATAS_1170_20260706_1203,atas-mt5-lead-lab-outcomes-v1,0,-1.0,LOSS,0,2026-07-06T12:10:00-04:00
CFD_ATAS_1171_20260706_1221,atas-mt5-lead-lab-outcomes-v1,0,-1.0,LOSS,0,2026-07-06T12:27:00-04:00
CFD_ATAS_1172_20260706_1259,atas-mt5-lead-lab-outcomes-v1,0,-1.0,LOSS,0,2026-07-06T13:06:00-04:00
CFD_ATAS_1173_20260707_0955,atas-mt5-lead-lab-outcomes-v1,0,-1.0,LOSS,0,2026-07-07T09:56:00-04:00
CFD_ATAS_1174_20260707_1029,atas-mt5-lead-lab-outcomes-v1,0,-1.0,LOSS,0,2026-07-07T10:30:00-04:00
CFD_ATAS_1175_20260707_1113,atas-mt5-lead-lab-outcomes-v1,1,2.0,WIN,0,2026-07-07T11:15:00-04:00
CFD_ATAS_1176_20260707_1526,atas-mt5-lead-lab-outcomes-v1,0,-1.0,LOSS,0,2026-07-07T15:30:00-04:00
CFD_ATAS_1177_20260708_1003,atas-mt5-lead-lab-outcomes-v1,0,-1.0,LOSS,0,2026-07-08T10:04:00-04:00
CFD_ATAS_1178_20260708_1007,atas-mt5-lead-lab-outcomes-v1,0,-1.0,LOSS,0,2026-07-08T10:11:00-04:00
CFD_ATAS_1179_20260708_1159,atas-mt5-lead-lab-outcomes-v1,0,-1.0,LOSS,0,2026-07-08T12:00:00-04:00
CFD_ATAS_1180_20260708_1420,atas-mt5-lead-lab-outcomes-v1,0,-1.0,LOSS,0,2026-07-08T14:30:00-04:00
CFD_ATAS_1181_20260708_1525,atas-mt5-lead-lab-outcomes-v1,0,-1.0,LOSS,0,2026-07-08T15:29:00-04:00
CFD_ATAS_1182_20260709_0959,atas-mt5-lead-lab-outcomes-v1,0,-1.0,LOSS,0,2026-07-09T10:06:00-04:00
CFD_ATAS_1183_20260709_1023,atas-mt5-lead-lab-outcomes-v1,0,-1.0,LOSS,0,2026-07-09T10:24:00-04:00
CFD_ATAS_1184_20260709_1056,atas-mt5-lead-lab-outcomes-v1,0,-1.0,LOSS,0,2026-07-09T10:58:00-04:00
CFD_ATAS_1185_20260709_1143,atas-mt5-lead-lab-outcomes-v1,0,-1.0,LOSS,0,2026-07-09T11:51:00-04:00
CFD_ATAS_1186_20260709_1249,atas-mt5-lead-lab-outcomes-v1,0,-1.0,LOSS,1,2026-07-09T13:01:00-04:00
CFD_ATAS_1187_20260710_1048,atas-mt5-lead-lab-outcomes-v1,0,-1.0,LOSS,0,2026-07-10T10:55:00-04:00
CFD_ATAS_1188_20260710_1228,atas-mt5-lead-lab-outcomes-v1,0,-1.0,LOSS,0,2026-07-10T12:34:00-04:00
CFD_ATAS_1189_20260710_1523,atas-mt5-lead-lab-outcomes-v1,0,-1.0,LOSS,0,2026-07-10T15:30:00-04:00
CFD_ATAS_1190_20260713_1009,atas-mt5-lead-lab-outcomes-v1,0,-1.0,LOSS,0,2026-07-13T10:10:00-04:00
CFD_ATAS_1191_20260713_1106,atas-mt5-lead-lab-outcomes-v1,0,-1.0,LOSS,0,2026-07-13T11:07:00-04:00
CFD_ATAS_1192_20260713_1141,atas-mt5-lead-lab-outcomes-v1,0,-1.0,LOSS,0,2026-07-13T11:44:00-04:00
CFD_ATAS_1193_20260713_1154,atas-mt5-lead-lab-outcomes-v1,0,-1.0,LOSS,0,2026-07-13T11:55:00-04:00
CFD_ATAS_1194_20260713_1209,atas-mt5-lead-lab-outcomes-v1,0,-1.0,LOSS,1,2026-07-13T12:10:00-04:00
CFD_ATAS_1195_20260713_1227,atas-mt5-lead-lab-outcomes-v1,0,-1.0,LOSS,0,2026-07-13T12:29:00-04:00
CFD_ATAS_1196_20260713_1248,atas-mt5-lead-lab-outcomes-v1,0,-1.0,LOSS,0,2026-07-13T12:50:00-04:00
CFD_ATAS_1197_20260713_1454,atas-mt5-lead-lab-outcomes-v1,0,-1.0,LOSS,0,2026-07-13T14:58:00-04:00
CFD_ATAS_1198_20260714_1000,atas-mt5-lead-lab-outcomes-v1,0,-1.0,LOSS,0,2026-07-14T10:01:00-04:00
CFD_ATAS_1199_20260714_1031,atas-mt5-lead-lab-outcomes-v1,0,-1.0,LOSS,0,2026-07-14T10:32:00-04:00
CFD_ATAS_1200_20260714_1118,atas-mt5-lead-lab-outcomes-v1,0,-1.0,LOSS,0,2026-07-14T11:19:00-04:00
CFD_ATAS_1201_20260714_1230,atas-mt5-lead-lab-outcomes-v1,0,-1.0,LOSS,1,2026-07-14T12:41:00-04:00
CFD_ATAS_1202_20260714_1534,atas-mt5-lead-lab-outcomes-v1,0,-1.0,LOSS,0,2026-07-14T15:36:00-04:00
CFD_ATAS_1203_20260715_0959,atas-mt5-lead-lab-outcomes-v1,0,-1.0,LOSS,0,2026-07-15T10:00:00-04:00
CFD_ATAS_1204_20260715_1109,atas-mt5-lead-lab-outcomes-v1,0,-1.0,LOSS,0,2026-07-15T11:14:00-04:00
CFD_ATAS_1205_20260715_1210,atas-mt5-lead-lab-outcomes-v1,1,2.0,WIN,0,2026-07-15T12:21:00-04:00
CFD_ATAS_1206_20260715_1511,atas-mt5-lead-lab-outcomes-v1,0,-1.0,LOSS,0,2026-07-15T15:20:00-04:00
CFD_ATAS_1207_20260716_0953,atas-mt5-lead-lab-outcomes-v1,1,2.0,WIN,1,2026-07-16T10:00:00-04:00
CFD_ATAS_1208_20260716_1013,atas-mt5-lead-lab-outcomes-v1,0,-1.0,LOSS,0,2026-07-16T10:21:00-04:00
CFD_ATAS_1209_20260716_1035,atas-mt5-lead-lab-outcomes-v1,0,-1.0,LOSS,0,2026-07-16T10:40:00-04:00
CFD_ATAS_1210_20260716_1047,atas-mt5-lead-lab-outcomes-v1,0,-1.0,LOSS,0,2026-07-16T10:50:00-04:00
CFD_ATAS_1211_20260716_1052,atas-mt5-lead-lab-outcomes-v1,0,-1.0,LOSS,0,2026-07-16T10:53:00-04:00
CFD_ATAS_1212_20260716_1227,atas-mt5-lead-lab-outcomes-v1,0,-1.0,LOSS,0,2026-07-16T12:28:00-04:00
CFD_ATAS_1213_20260716_1258,atas-mt5-lead-lab-outcomes-v1,0,-1.0,LOSS,0,2026-07-16T13:15:00-04:00
CFD_ATAS_1214_20260716_1319,atas-mt5-lead-lab-outcomes-v1,0,-1.0,LOSS,0,2026-07-16T13:28:00-04:00
CFD_ATAS_1215_20260716_1508,atas-mt5-lead-lab-outcomes-v1,0,-1.0,LOSS,0,2026-07-16T15:09:00-04:00
CFD_ATAS_1216_20260717_1024,atas-mt5-lead-lab-outcomes-v1,0,-1.0,LOSS,0,2026-07-17T10:31:00-04:00
CFD_ATAS_1217_20260717_1222,atas-mt5-lead-lab-outcomes-v1,0,-1.0,LOSS,0,2026-07-17T12:23:00-04:00
CFD_ATAS_1218_20260717_1306,atas-mt5-lead-lab-outcomes-v1,1,2.0,WIN,0,2026-07-17T13:14:00-04:00
CFD_ATAS_1219_20260717_1443,atas-mt5-lead-lab-outcomes-v1,0,-1.0,LOSS,0,2026-07-17T14:48:00-04:00
CFD_ATAS_1220_20260717_1503,atas-mt5-lead-lab-outcomes-v1,1,2.0,WIN,0,2026-07-17T15:06:00-04:00
CFD_ATAS_1221_20260720_1016,atas-mt5-lead-lab-outcomes-v1,1,2.0,WIN,0,2026-07-20T10:21:00-04:00
CFD_ATAS_1222_20260720_1105,atas-mt5-lead-lab-outcomes-v1,0,-1.0,LOSS,0,2026-07-20T11:06:00-04:00
CFD_ATAS_1223_20260720_1240,atas-mt5-lead-lab-outcomes-v1,1,2.0,WIN,0,2026-07-20T12:41:00-04:00
CFD_ATAS_1224_20260720_1248,atas-mt5-lead-lab-outcomes-v1,0,-1.0,LOSS,0,2026-07-20T12:49:00-04:00
CFD_ATAS_1225_20260721_1014,atas-mt5-lead-lab-outcomes-v1,1,2.0,WIN,1,2026-07-21T10:18:00-04:00
CFD_ATAS_1226_20260721_1203,atas-mt5-lead-lab-outcomes-v1,0,-1.0,LOSS,0,2026-07-21T12:04:00-04:00
CFD_ATAS_1227_20260721_1348,atas-mt5-lead-lab-outcomes-v1,0,-1.0,LOSS,0,2026-07-21T13:49:00-04:00
CFD_ATAS_1228_20260721_1430,atas-mt5-lead-lab-outcomes-v1,0,-1.0,LOSS,0,2026-07-21T14:36:00-04:00
CFD_ATAS_1229_20260722_1022,atas-mt5-lead-lab-outcomes-v1,0,-1.0,LOSS,0,2026-07-22T10:23:00-04:00
CFD_ATAS_1230_20260722_1040,atas-mt5-lead-lab-outcomes-v1,0,-1.0,LOSS,0,2026-07-22T10:41:00-04:00
CFD_ATAS_1231_20260722_1128,atas-mt5-lead-lab-outcomes-v1,0,-1.0,LOSS,0,2026-07-22T11:33:00-04:00
CFD_ATAS_1232_20260722_1228,atas-mt5-lead-lab-outcomes-v1,0,-1.0,LOSS,0,2026-07-22T12:33:00-04:00
CFD_ATAS_1233_20260722_1248,atas-mt5-lead-lab-outcomes-v1,0,-1.0,LOSS,0,2026-07-22T12:55:00-04:00
CFD_ATAS_1234_20260722_1420,atas-mt5-lead-lab-outcomes-v1,0,-1.0,LOSS,0,2026-07-22T14:21:00-04:00
CFD_ATAS_1235_20260723_1044,atas-mt5-lead-lab-outcomes-v1,0,-1.0,LOSS,0,2026-07-23T10:45:00-04:00
CFD_ATAS_1236_20260723_1050,atas-mt5-lead-lab-outcomes-v1,0,-1.0,LOSS,0,2026-07-23T10:51:00-04:00
CFD_ATAS_1237_20260724_1211,atas-mt5-lead-lab-outcomes-v1,0,-1.0,LOSS,0,2026-07-24T12:13:00-04:00
CFD_ATAS_1238_20260724_1513,atas-mt5-lead-lab-outcomes-v1,0,-1.0,LOSS,0,2026-07-24T15:21:00-04:00
CFD_ATAS_1239_20260727_1033,atas-mt5-lead-lab-outcomes-v1,0,-1.0,LOSS,1,2026-07-27T10:36:00-04:00
CFD_ATAS_1240_20260727_1117,atas-mt5-lead-lab-outcomes-v1,0,-1.0,LOSS,0,2026-07-27T11:18:00-04:00
CFD_ATAS_1241_20260727_1152,atas-mt5-lead-lab-outcomes-v1,0,-1.0,LOSS,0,2026-07-27T11:56:00-04:00
CFD_ATAS_1242_20260728_1017,atas-mt5-lead-lab-outcomes-v1,1,2.0,WIN,0,2026-07-28T10:30:00-04:00
CFD_ATAS_1243_20260728_1109,atas-mt5-lead-lab-outcomes-v1,0,-1.0,LOSS,0,2026-07-28T11:10:00-04:00
CFD_ATAS_1244_20260728_1356,atas-mt5-lead-lab-outcomes-v1,0,-1.0,LOSS,0,2026-07-28T14:00:00-04:00
CFD_ATAS_1245_20260728_1429,atas-mt5-lead-lab-outcomes-v1,0,-1.0,LOSS,0,2026-07-28T14:33:00-04:00
CFD_ATAS_1246_20260728_1452,atas-mt5-lead-lab-outcomes-v1,0,-1.0,LOSS,0,2026-07-28T15:00:00-04:00
CFD_ATAS_1247_20260728_1534,atas-mt5-lead-lab-outcomes-v1,0,-1.0,LOSS,0,2026-07-28T15:35:00-04:00
CFD_ATAS_1248_20260729_1120,atas-mt5-lead-lab-outcomes-v1,0,-1.0,LOSS,0,2026-07-29T11:39:00-04:00
CFD_ATAS_1249_20260729_1159,atas-mt5-lead-lab-outcomes-v1,0,-1.0,LOSS,0,2026-07-29T12:00:00-04:00
CFD_ATAS_1250_20260729_1518,atas-mt5-lead-lab-outcomes-v1,0,-1.0,LOSS,0,2026-07-29T15:19:00-04:00
CFD_ATAS_1251_20260730_1013,atas-mt5-lead-lab-outcomes-v1,0,-1.0,LOSS,0,2026-07-30T10:15:00-04:00
CFD_ATAS_1252_20260730_1021,atas-mt5-lead-lab-outcomes-v1,0,-1.0,LOSS,0,2026-07-30T10:22:00-04:00
CFD_ATAS_1253_20260731_1011,atas-mt5-lead-lab-outcomes-v1,0,-1.0,LOSS,0,2026-07-31T10:20:00-04:00
CFD_ATAS_1254_20260731_1025,atas-mt5-lead-lab-outcomes-v1,0,-1.0,LOSS,0,2026-07-31T10:27:00-04:00
CFD_ATAS_1255_20260731_1109,atas-mt5-lead-lab-outcomes-v1,0,-1.0,LOSS,0,2026-07-31T11:10:00-04:00
CFD_ATAS_1256_20260731_1122,atas-mt5-lead-lab-outcomes-v1,0,-1.0,LOSS,0,2026-07-31T11:23:00-04:00
CFD_ATAS_1257_20260731_1126,atas-mt5-lead-lab-outcomes-v1,0,-1.0,LOSS,0,2026-07-31T11:27:00-04:00
CFD_ATAS_1258_20260731_1507,atas-mt5-lead-lab-outcomes-v1,0,-1.0,LOSS,0,2026-07-31T15:17:00-04:00
CFD_ATAS_1259_20260803_1006,atas-mt5-lead-lab-outcomes-v1,1,2.0,WIN,0,2026-08-03T10:18:00-04:00
CFD_ATAS_1260_20260803_1109,atas-mt5-lead-lab-outcomes-v1,0,-1.0,LOSS,0,2026-08-03T11:10:00-04:00
CFD_ATAS_1261_20260803_1148,atas-mt5-lead-lab-outcomes-v1,0,-1.0,LOSS,1,2026-08-03T11:53:00-04:00
CFD_ATAS_1262_20260805_1008,atas-mt5-lead-lab-outcomes-v1,0,-1.0,LOSS,0,2026-08-05T10:09:00-04:00
CFD_ATAS_1263_20260805_1224,atas-mt5-lead-lab-outcomes-v1,1,2.0,WIN,0,2026-08-05T12:29:00-04:00
CFD_ATAS_1264_20260805_1238,atas-mt5-lead-lab-outcomes-v1,0,-1.0,LOSS,0,2026-08-05T12:53:00-04:00
CFD_ATAS_1265_20260806_1142,atas-mt5-lead-lab-outcomes-v1,0,-1.0,LOSS,0,2026-08-06T11:48:00-04:00
CFD_ATAS_1266_20260806_1255,atas-mt5-lead-lab-outcomes-v1,1,2.0,WIN,0,2026-08-06T13:14:00-04:00
CFD_ATAS_1267_20260806_1325,atas-mt5-lead-lab-outcomes-v1,1,2.0,WIN,0,2026-08-06T13:39:00-04:00
CFD_ATAS_1268_20260806_1440,atas-mt5-lead-lab-outcomes-v1,1,2.0,WIN,1,2026-08-06T14:46:00-04:00
CFD_ATAS_1269_20260807_1004,atas-mt5-lead-lab-outcomes-v1,1,2.0,WIN,0,2026-08-07T10:12:00-04:00
CFD_ATAS_1270_20260807_1530,atas-mt5-lead-lab-outcomes-v1,1,2.0,WIN,0,2026-08-07T15:50:00-04:00
CFD_ATAS_1271_20260807_1553,atas-mt5-lead-lab-outcomes-v1,0,-1.0,LOSS,0,2026-08-07T15:54:00-04:00
