trade_id,Input_VERSION,fecha,decision_timestamp,feature_timestamp,entry_timestamp,feature_timestamp_utc,entry_timestamp_utc,Side_AtEntry,Pivot_AtEntry,IsLong_AtEntry,HourNY_AtEntry,MinuteNY_AtEntry,MinutesFromOpen_AtEntry,Weekday_AtEntry,Month_AtEntry,LeaderSwingATR_AtEntry,LeaderReactionATR_AtEntry,CFD_ATR_AtEntry,ATAS_ATR_AtEntry,ATRRatio_AtEntry,CFDAway1ATR_AtEntry,CFDAway3ATR_AtEntry,CFDAway5ATR_AtEntry,ATASAway1ATR_AtEntry,ATASAway3ATR_AtEntry,ATASAway5ATR_AtEntry,LeadDivergence1ATR_AtEntry,LeadDivergence3ATR_AtEntry,LeadDivergence5ATR_AtEntry,ATASApproachBars3_AtEntry,ATASApproachBars5_AtEntry,MappedPivotGapATR_AtEntry,CFDSignalRangeATR_AtEntry,ATASSignalRangeATR_AtEntry,CFDSignalBodyATR_AtEntry,ATASSignalBodyATR_AtEntry,CFDEfficiency5_AtEntry,ATASEfficiency5_AtEntry,CFDRange5ATR_AtEntry,ATASRange5ATR_AtEntry,PriceRatioZ20_AtEntry,ReturnCorrelation20_AtEntry,CFDATRRel60_AtEntry,ATASATRRel60_AtEntry,CFDSessionRangeATR_AtEntry,ATASSessionRangeATR_AtEntry
CFD_ATAS_0001_20250310_1006,atas-mt5-lead-lab-causal-v1,2025-03-10,2025-03-10T10:06:00-04:00,2025-03-10T10:07:00-04:00,2025-03-10T10:07:00-04:00,2025-03-10T14:07:00+00:00,2025-03-10T14:07:00+00:00,SHORT,SUPERIOR,0.0,10.0,6.0,36.0,0.0,3.0,5.9788,5.7672,13.585714285713818,32.05357142857143,2.3593585699264747,-1.472134595163037,0.8096740273396703,0.7066246056784184,-0.07799442896935933,-0.233983286908078,0.6239554317548747,-1.3941401661936776,1.0436573142477483,0.08266917392354378,2.0,2.0,-0.11384393354484805,1.508937960042113,0.7799442896935933,-1.508937960042113,-0.03899721448467967,0.12732095490719444,0.5714285714285714,4.011566771819275,1.5208913649025069,-1.4068450993639734,-0.1369398887971504,1.4602687140114252,0.8537455410225921,4.210304942166339,6.6685236768802225
CFD_ATAS_0002_20250310_1138,atas-mt5-lead-lab-causal-v1,2025-03-10,2025-03-10T11:38:00-04:00,2025-03-10T11:39:00-04:00,2025-03-10T11:39:00-04:00,2025-03-10T15:39:00+00:00,2025-03-10T15:39:00+00:00,LONG,INFERIOR,1.0,11.0,38.0,128.0,0.0,3.0,6.4511,2.2774,11.078571428571065,21.964285714285715,1.9825918762089627,-0.2798194713087108,1.8143133462284964,1.164410058027249,0.17073170731707316,0.3414634146341463,0.6829268292682926,-0.450551178625784,1.4728499315943502,0.4814832287589563,1.0,2.0,0.35954064977082245,0.6137975499677172,0.9674796747967479,-0.2617666021919457,0.17073170731707316,0.3850746268657151,0.46153846153846156,2.2656350741456555,2.16260162601626,1.2886941278399873,-0.4985205250216728,0.9705882352941344,0.831081081081081,14.379110251451083,17.471544715447152
CFD_ATAS_0003_20250310_1143,atas-mt5-lead-lab-causal-v1,2025-03-10,2025-03-10T11:43:00-04:00,2025-03-10T11:44:00-04:00,2025-03-10T11:44:00-04:00,2025-03-10T15:44:00+00:00,2025-03-10T15:44:00+00:00,LONG,INFERIOR,1.0,11.0,43.0,133.0,0.0,3.0,5.194,1.9686,11.785714285713766,23.125,1.9621212121212988,0.10181818181824805,1.4933333333335843,1.1878787878788402,-0.2702702702702703,-2.0,-3.4054054054054053,0.3720884520885183,3.4933333333335845,4.593284193284245,3.0,5.0,-1.7901107650752042,0.5769696969696607,1.135135135135135,0.14424242424249234,-0.32432432432432434,0.66037735849043,1.0,1.9854545454544479,3.891891891891892,-1.143117137525478,-0.5070400245242273,1.0204081632652908,0.891566265060241,13.51636363636417,16.594594594594593
CFD_ATAS_0004_20250310_1236,atas-mt5-lead-lab-causal-v1,2025-03-10,2025-03-10T12:36:00-04:00,2025-03-10T12:37:00-04:00,2025-03-10T12:37:00-04:00,2025-03-10T16:37:00+00:00,2025-03-10T16:37:00+00:00,LONG,INFERIOR,1.0,12.0,36.0,186.0,0.0,3.0,6.1329,3.4104,27.29285714285756,23.482142857142858,0.8603768646950929,-1.1541481287620865,0.7034807641978699,-2.495158335514305,-0.4790874524714829,-1.650190114068441,-0.7452471482889733,-0.6750606762906036,2.353670878266311,-1.749911187225332,2.0,3.0,-1.1089309581215918,1.7477100235540435,0.7984790874524714,-1.09918869405913,-0.42585551330798477,0.40176991150442903,0.21212121212121213,3.6786181627846086,2.5019011406844105,1.319935805939889,-0.256183004657121,2.4643663334409327,1.0626262626262628,8.515048416644781,16.342205323193916
CFD_ATAS_0005_20250311_0954,atas-mt5-lead-lab-causal-v1,2025-03-11,2025-03-11T09:54:00-04:00,2025-03-11T09:55:00-04:00,2025-03-11T09:55:00-04:00,2025-03-11T13:55:00+00:00,2025-03-11T13:55:00+00:00,LONG,INFERIOR,1.0,9.0,54.0,24.0,1.0,3.0,5.4076,1.703,9.150000000000416,40.0,4.371584699453353,0.5901639344259642,1.7923497267756363,0.4043715846991171,-0.3125,-1.21875,-1.6875,0.9026639344259642,3.0110997267756363,2.091871584699117,3.0,4.0,-1.135889872046846,1.027322404371697,0.8125,0.6010928961748361,-0.3125,0.1271477663229304,1.0,2.327868852458831,2.40625,-0.06560077597577549,-0.08274055927142736,1.0015637216575792,0.8724440116845179,5.344262295081486,5.34375
CFD_ATAS_0006_20250311_1011,atas-mt5-lead-lab-causal-v1,2025-03-11,2025-03-11T10:11:00-04:00,2025-03-11T10:12:00-04:00,2025-03-11T10:12:00-04:00,2025-03-11T14:12:00+00:00,2025-03-11T14:12:00+00:00,LONG,INFERIOR,1.0,10.0,11.0,41.0,1.0,3.0,5.6674,1.758,13.035714285714025,57.767857142857146,4.4315068493151575,-0.1841095890409321,1.173698630137233,-0.6290410958902003,-0.47604327666151464,0.04327666151468315,0.23802163833075732,0.2919336876205825,1.1304219686225498,-0.8670627342209576,2.0,3.0,0.05888843483859608,0.4986301369863113,0.6924265842349304,-0.17643835616433126,-0.49768160741885625,0.18807339449535238,0.13580246913580246,2.39342465753435,1.6012364760432767,0.10273850830366388,-0.04677744983125153,1.4235569422776142,1.2612085769980508,6.83506849315071,4.522411128284389
CFD_ATAS_0007_20250311_1118,atas-mt5-lead-lab-causal-v1,2025-03-11,2025-03-11T11:18:00-04:00,2025-03-11T11:19:00-04:00,2025-03-11T11:19:00-04:00,2025-03-11T15:19:00+00:00,2025-03-11T15:19:00+00:00,LONG,INFERIOR,1.0,11.0,18.0,108.0,1.0,3.0,8.6148,2.7407,13.921428571428155,39.55357142857143,2.841200615700444,0.22986146741898714,1.8891739353514665,1.3073370959464694,-0.47404063205417607,-0.5688487584650113,-0.28442437923250563,0.7039020994731632,2.4580226938164778,1.591761475178975,2.0,3.0,-0.27744297880267316,0.7183170856849881,0.8532731376975169,0.17239610056424035,-0.4424379232505643,0.4272300469483031,0.10344827586206896,3.024114930733957,1.1693002257336342,0.8580965614275454,-0.27230031513207387,1.4798785117691402,1.0726392251815982,8.35402770651636,8.848758465011286
CFD_ATAS_0008_20250311_1145,atas-mt5-lead-lab-causal-v1,2025-03-11,2025-03-11T11:45:00-04:00,2025-03-11T11:46:00-04:00,2025-03-11T11:46:00-04:00,2025-03-11T15:46:00+00:00,2025-03-11T15:46:00+00:00,LONG,INFERIOR,1.0,11.0,45.0,135.0,1.0,3.0,5.0313,1.6016,12.13571428571387,27.857142857142858,2.295467922307318,-1.5985874043556778,-1.1536197763390623,-2.0188346085933593,-0.8525641025641025,-1.435897435897436,-1.3012820512820513,-0.7460233017915753,0.2822776595583736,-0.717552557311308,2.0,3.0,-0.970749749745431,1.631547969393757,1.2564102564102564,-1.5738669805770436,-0.8525641025641025,0.6533333333333333,0.5272727272727272,2.0188346085933593,1.9294871794871795,0.9500255383561171,0.1773687778050883,1.0658720200752605,0.789873417721519,9.912889935256311,12.564102564102564
CFD_ATAS_0009_20250311_1151,atas-mt5-lead-lab-causal-v1,2025-03-11,2025-03-11T11:51:00-04:00,2025-03-11T11:52:00-04:00,2025-03-11T11:52:00-04:00,2025-03-11T15:52:00+00:00,2025-03-11T15:52:00+00:00,LONG,INFERIOR,1.0,11.0,51.0,141.0,1.0,3.0,5.7499,2.1664,12.542857142856779,28.482142857142858,2.2707858769932323,0.31890660592256054,1.777904328018217,1.6423690205013606,0.438871473354232,0.48275862068965514,1.0532915360501567,-0.11996486743167145,1.2951457073285617,0.5890774844512039,1.0,1.0,0.7542011207487466,0.7653758542143193,0.7899686520376176,0.34282460136669457,0.438871473354232,0.7253521126761889,0.7058823529411765,2.6309794988611244,1.8871473354231976,0.6912549408317599,0.24432955774300255,1.0584689572031292,0.8169014084507042,11.034168564920419,12.288401253918495
CFD_ATAS_0010_20250311_1228,atas-mt5-lead-lab-causal-v1,2025-03-11,2025-03-11T12:28:00-04:00,2025-03-11T12:29:00-04:00,2025-03-11T12:29:00-04:00,2025-03-11T16:29:00+00:00,2025-03-11T16:29:00+00:00,LONG,INFERIOR,1.0,12.0,28.0,178.0,1.0,3.0,5.3035,2.3308,14.971428571428728,26.071428571428573,1.74141221374044,0.3807251908394963,0.4475190839692666,-1.3091603053436436,-0.3835616438356164,-0.14383561643835616,0.1917808219178082,0.7642868346751127,0.5913547004076227,-1.5009411272614517,1.0,2.0,0.22066726182523255,1.4160305343511788,1.0068493150684932,0.3339694656488515,-0.33561643835616434,0.5025641025642054,0.16666666666666666,3.0658396946563107,1.917808219178082,1.4143844805557941,-0.010081087919340103,1.2039058012636517,0.9329073482428116,11.201335877862284,13.424657534246574
CFD_ATAS_0011_20250312_1037,atas-mt5-lead-lab-causal-v1,2025-03-12,2025-03-12T10:37:00-04:00,2025-03-12T10:38:00-04:00,2025-03-12T10:38:00-04:00,2025-03-12T14:38:00+00:00,2025-03-12T14:38:00+00:00,SHORT,SUPERIOR,0.0,10.0,37.0,67.0,2.0,3.0,5.2973,2.1492,7.035714285715325,29.821428571428573,4.23857868020242,-1.3076142131978798,0.5543147208117907,0.21319796954311573,0.08383233532934131,-0.0,0.25149700598802394,-1.3914465485272212,0.5543147208117907,-0.0382990364449082,1.0,1.0,0.01674415722399083,1.3928934010149192,0.7964071856287425,-1.3502538071063996,0.041916167664670656,0.06072874493927841,0.2,2.0182741116749323,1.5508982035928143,-1.683275089278308,-0.40160163586809805,0.9752475247526895,0.8498727735368957,11.853807106596925,8.341317365269461
CFD_ATAS_0012_20250312_1133,atas-mt5-lead-lab-causal-v1,2025-03-12,2025-03-12T11:33:00-04:00,2025-03-12T11:34:00-04:00,2025-03-12T11:35:00-04:00,2025-03-12T15:34:00+00:00,2025-03-12T15:35:00+00:00,SHORT,SUPERIOR,0.0,11.0,33.0,123.0,2.0,3.0,10.1481,4.4769,28.17857142857065,25.178571428571427,0.8935361216730284,-0.6458808618504873,1.082382762991158,-4.787325728770651,0.4468085106382979,-0.5460992907801419,-0.14893617021276598,-1.0926893724887852,1.6284820537712998,-4.638389558557885,1.0,2.0,0.7623692771645489,1.2207858048161795,0.7943262411347518,-0.6387832699619949,0.3971631205673759,0.5807145931984427,0.07692307692307693,7.0869455006338065,2.3829787234042556,-1.5347673703882947,-0.2722039501634551,3.6126373626370585,0.9707401032702236,9.322686945500788,15.191489361702128
CFD_ATAS_0013_20250312_1344,atas-mt5-lead-lab-causal-v1,2025-03-12,2025-03-12T13:44:00-04:00,2025-03-12T13:45:00-04:00,2025-03-12T13:45:00-04:00,2025-03-12T17:45:00+00:00,2025-03-12T17:45:00+00:00,LONG,INFERIOR,1.0,13.0,44.0,254.0,2.0,3.0,5.6958,1.683,27.442857142857456,17.678571428571427,0.6441957313898937,-0.35710567412802774,-0.08381051535655765,-0.6194690265486655,-1.2020202020202022,-0.9191919191919192,-0.9191919191919192,0.8449145278921745,0.8353814038353615,0.2997228926432537,1.0,2.0,0.37104173988801187,0.5611660593441382,1.4141414141414144,-0.35346173867779446,-1.1313131313131315,0.3102189781021733,0.3939393939393939,1.825611660593367,1.9090909090909092,0.5975569064267242,0.06043529143495896,0.8444884053192809,0.7779960707269155,10.399791775116928,21.636363636363637
CFD_ATAS_0014_20250312_1457,atas-mt5-lead-lab-causal-v1,2025-03-12,2025-03-12T14:57:00-04:00,2025-03-12T14:58:00-04:00,2025-03-12T14:58:00-04:00,2025-03-12T18:58:00+00:00,2025-03-12T18:58:00+00:00,SHORT,SUPERIOR,0.0,14.0,57.0,327.0,2.0,3.0,5.6813,2.6813,19.564285714285557,16.428571428571427,0.8397225264695211,-0.3424607520993463,1.6049653158087767,1.6969696969697479,-1.1413043478260871,-0.9130434782608696,-0.0,0.7988435957267408,2.5180087940696465,1.6969696969697479,2.0,3.0,-0.5525511734771894,1.1398320554946781,1.2173913043478262,-0.3169039795546217,-1.1413043478260871,0.5269841269841081,0.0,2.928806133625397,2.739130434782609,0.6648620197327292,0.14151020201763181,0.8287443267776167,0.9086419753086419,20.0007301935014,23.282608695652176
CFD_ATAS_0015_20250313_1008,atas-mt5-lead-lab-causal-v1,2025-03-13,2025-03-13T10:08:00-04:00,2025-03-13T10:09:00-04:00,2025-03-13T10:09:00-04:00,2025-03-13T14:09:00+00:00,2025-03-13T14:09:00+00:00,LONG,INFERIOR,1.0,10.0,8.0,38.0,3.0,3.0,5.5483,1.5496,12.22857142857174,34.107142857142854,2.78913551401862,-1.4801401869157311,-0.7523364485978736,-1.234813084111999,-0.14659685863874347,-0.07329842931937174,0.9162303664921467,-1.3335433282769877,-0.6790380192785019,-2.1510434506041456,2.0,3.0,0.04340507149882554,1.5864485981309198,0.8795811518324608,-1.4719626168223923,-0.14659685863874347,0.39632545931756225,0.6097560975609756,1.8726635514019403,1.942408376963351,1.5280244549750772,0.09218515569492244,1.8875413450937106,0.9922077922077921,5.544392523364583,7.403141361256545
CFD_ATAS_0016_20250313_1042,atas-mt5-lead-lab-causal-v1,2025-03-13,2025-03-13T10:42:00-04:00,2025-03-13T10:43:00-04:00,2025-03-13T10:43:00-04:00,2025-03-13T14:43:00+00:00,2025-03-13T14:43:00+00:00,LONG,INFERIOR,1.0,10.0,42.0,72.0,3.0,3.0,7.7018,2.151,10.585714285714078,28.660714285714285,2.7074898785425634,-0.36842105263138,0.6896086369773465,0.22672064777342127,-0.3925233644859813,-0.8722741433021807,-1.003115264797508,0.02410231185460132,1.5618827802795272,1.229835912570929,3.0,4.0,-0.5867936534001971,0.7557354925776127,0.7850467289719626,-0.3211875843452792,-0.3489096573208723,0.12000000000007276,1.0,2.22941970310382,1.6137071651090342,-1.7030303391334034,0.17745016774309422,0.970530451866381,0.8746594005449592,10.580296896086578,8.809968847352025
CFD_ATAS_0017_20250313_1100,atas-mt5-lead-lab-causal-v1,2025-03-13,2025-03-13T11:00:00-04:00,2025-03-13T11:01:00-04:00,2025-03-13T11:01:00-04:00,2025-03-13T15:01:00+00:00,2025-03-13T15:01:00+00:00,SHORT,SUPERIOR,0.0,11.0,0.0,90.0,3.0,3.0,6.8482,5.7676,12.549999999999793,27.321428571428573,2.1770062606716354,0.5258964143425222,1.9681274900396413,1.450199203187043,-1.326797385620915,-1.2352941176470587,0.0915032679738562,1.8526937999634372,3.2034216076866997,1.3586959352131869,2.0,2.0,-1.1697318768499112,1.1792828685261478,1.6470588235294117,0.5179282868525982,-1.2810457516339868,0.37142857142851204,0.03225806451612903,3.7848605577689867,2.287581699346405,1.067461616480828,0.029396122907296707,1.150622134905018,0.8973607038123167,9.952191235060042,9.241830065359476
CFD_ATAS_0018_20250313_1151,atas-mt5-lead-lab-causal-v1,2025-03-13,2025-03-13T11:51:00-04:00,2025-03-13T11:52:00-04:00,2025-03-13T11:52:00-04:00,2025-03-13T15:52:00+00:00,2025-03-13T15:52:00+00:00,LONG,INFERIOR,1.0,11.0,51.0,141.0,3.0,3.0,5.0137,1.5246,15.40714285714317,31.428571428571427,2.039870190078772,0.525730180806807,0.8502549837738843,0.9670839128419849,-0.4375,-0.5170454545454546,-0.23863636363636365,0.963230180806807,1.3673004383193388,1.2057202764783486,2.0,3.0,0.04474946829286637,0.8762169680111088,0.875,0.5192396847473237,-0.4375,0.4127423822715251,0.07692307692307693,2.1159017153452497,1.9488636363636365,-0.13004054904671977,-0.12519575699250368,1.0558002936857813,1.335863377609108,9.255447380621188,9.545454545454547
CFD_ATAS_0019_20250313_1207,atas-mt5-lead-lab-causal-v1,2025-03-13,2025-03-13T12:07:00-04:00,2025-03-13T12:08:00-04:00,2025-03-13T12:08:00-04:00,2025-03-13T16:08:00+00:00,2025-03-13T16:08:00+00:00,SHORT,SUPERIOR,0.0,12.0,7.0,157.0,3.0,3.0,6.2326,1.6451,12.585714285714337,20.803571428571427,1.652951191827462,-0.9931895573212218,-0.5323496027239437,-1.0090805902381301,-0.30042918454935624,0.9012875536480688,0.1201716738197425,-0.6927603727718656,-1.4336371563720125,-1.1292522640578726,1.0,3.0,1.143642736791609,1.6526674233827443,0.8412017167381974,-1.040862656072525,-0.30042918454935624,0.5226337448557847,0.05263157894736842,1.771850170261291,2.0429184549356223,-1.2315284732584888,-0.13682469277165282,0.8671259842519611,0.9155206286836934,11.330306469920671,14.4206008583691
CFD_ATAS_0020_20250313_1504,atas-mt5-lead-lab-causal-v1,2025-03-13,2025-03-13T15:04:00-04:00,2025-03-13T15:05:00-04:00,2025-03-13T15:05:00-04:00,2025-03-13T19:05:00+00:00,2025-03-13T19:05:00+00:00,LONG,INFERIOR,1.0,15.0,4.0,334.0,3.0,3.0,5.0865,1.5318,19.8571428571426,22.946428571428573,1.1555755395683605,0.740287769784219,1.6820143884893037,1.5460431654676827,-1.0350194552529182,-1.470817120622568,-0.5992217898832685,1.7753072250371371,3.1528315091118717,2.1452649553509513,2.0,2.0,-1.1463440619564456,1.248920863309332,1.5797665369649805,0.7503597122302988,-1.0350194552529182,0.7580246913579746,0.2,2.5129496402876925,2.45136186770428,-0.4875049838785548,-0.08910304784210324,0.924202127659559,1.2445520581113803,17.278417266187386,17.758754863813227
CFD_ATAS_0021_20250314_1135,atas-mt5-lead-lab-causal-v1,2025-03-14,2025-03-14T11:35:00-04:00,2025-03-14T11:36:00-04:00,2025-03-14T11:36:00-04:00,2025-03-14T15:36:00+00:00,2025-03-14T15:36:00+00:00,SHORT,SUPERIOR,0.0,11.0,35.0,125.0,4.0,3.0,7.5963,2.1704,8.392857142857922,14.017857142857142,1.6702127659572916,0.8102127659577183,1.4059574468087268,0.6672340425533896,-0.089171974522293,-0.178343949044586,-1.694267515923567,0.8993847404800113,1.5843013958533128,2.3615015584769568,2.0,4.0,0.2892887789804257,1.1438297872341965,0.89171974522293,0.8697872340428192,-0.089171974522293,0.25925925925933413,0.6551724137931034,2.2995744680852397,2.4076433121019107,0.7879910242512698,-0.02338016782100081,1.0976179355442663,0.7696078431372548,15.965957446807028,16.853503184713375
CFD_ATAS_0022_20250314_1147,atas-mt5-lead-lab-causal-v1,2025-03-14,2025-03-14T11:47:00-04:00,2025-03-14T11:48:00-04:00,2025-03-14T11:48:00-04:00,2025-03-14T15:48:00+00:00,2025-03-14T15:48:00+00:00,LONG,INFERIOR,1.0,11.0,47.0,137.0,4.0,3.0,5.024,1.7703,7.657142857143689,14.196428571428571,1.8540111940296493,0.7444029850746411,1.985074626865551,0.9272388059698585,-0.6163522012578616,-2.3773584905660377,-2.0251572327044025,1.3607551863325027,4.362433117431589,2.952396038674261,2.0,2.0,-2.0922627433113834,1.38432835820909,1.320754716981132,0.7835820895521537,-0.6163522012578616,0.2659176029962292,0.7419354838709677,3.0820895522387564,3.3459119496855347,-0.21688247988657916,-0.1972078251758035,0.9758761948111927,0.8174807197943443,17.4999999999981,18.754716981132077
CFD_ATAS_0023_20250314_1520,atas-mt5-lead-lab-causal-v1,2025-03-14,2025-03-14T15:20:00-04:00,2025-03-14T15:21:00-04:00,2025-03-14T15:23:00-04:00,2025-03-14T19:21:00+00:00,2025-03-14T19:23:00+00:00,LONG,INFERIOR,1.0,15.0,20.0,350.0,4.0,3.0,5.4241,1.8362,15.142857142857142,11.071428571428571,0.7311320754716981,1.3603773584907102,1.4528301886792454,1.089622641509434,-0.5645161290322581,-0.9032258064516129,-1.1290322580645162,1.9248934875229682,2.356055995130858,2.2186548995739503,2.0,3.0,0.7574422385934609,1.6311320754717462,1.2419354838709677,1.307547169811513,-0.5645161290322581,0.3049907578557897,0.5555555555555556,2.8594339622643434,2.032258064516129,-0.3939216081610419,-0.5928244881527069,1.0655943704448412,0.8985507246376812,20.19433962264146,24.951612903225808
CFD_ATAS_0024_20250317_1007,atas-mt5-lead-lab-causal-v1,2025-03-17,2025-03-17T10:07:00-04:00,2025-03-17T10:08:00-04:00,2025-03-17T10:08:00-04:00,2025-03-17T14:08:00+00:00,2025-03-17T14:08:00+00:00,SHORT,SUPERIOR,0.0,10.0,7.0,37.0,0.0,3.0,9.002,2.3255,5.435714285714441,27.053571428571427,4.977003942181198,-0.8002628120890655,0.551905387647816,0.091984231274636,-0.27722772277227725,-0.7854785478547855,-0.7392739273927393,-0.5230350893167882,1.3373839355026016,0.8312581586673753,2.0,3.0,-0.7113231725244639,0.9842312746383375,0.7854785478547855,-0.8002628120890655,-0.27722772277227725,0.030487804878046074,0.26666666666666666,2.281208935610571,1.9405940594059408,-0.6183264389081793,-0.1351236170881773,0.9596469104667069,1.0520833333333333,10.228646517739255,6.099009900990099
CFD_ATAS_0025_20250317_1138,atas-mt5-lead-lab-causal-v1,2025-03-17,2025-03-17T11:38:00-04:00,2025-03-17T11:39:00-04:00,2025-03-17T11:39:00-04:00,2025-03-17T15:39:00+00:00,2025-03-17T15:39:00+00:00,SHORT,SUPERIOR,0.0,11.0,38.0,128.0,0.0,3.0,5.6797,1.8644,16.889285714285766,20.267857142857142,1.2000422922393703,-0.35821526749836985,-0.24571791076346033,-1.3026009727215015,-0.18502202643171806,-0.7400881057268722,-0.4933920704845815,-0.1731932410666518,0.4943701949634119,-0.80920890223692,3.0,4.0,-0.46469374124090485,0.6364982025798247,0.6784140969162996,-0.3937407485727219,-0.24669603524229075,0.34755134281203026,0.2857142857142857,1.5927257348277404,2.2819383259911894,-1.538386193521258,-0.19932389692738614,2.365091272818117,1.0066518847006654,5.595263269190086,10.854625550660794
CFD_ATAS_0026_20250317_1437,atas-mt5-lead-lab-causal-v1,2025-03-17,2025-03-17T14:37:00-04:00,2025-03-17T14:38:00-04:00,2025-03-17T14:38:00-04:00,2025-03-17T18:38:00+00:00,2025-03-17T18:38:00+00:00,LONG,INFERIOR,1.0,14.0,37.0,307.0,0.0,3.0,5.4914,1.7422,19.157142857143167,10.714285714285714,0.5592841163310871,0.43325876211777753,0.9891871737507641,-0.8378076062641204,0.0,-1.9833333333333334,-0.7000000000000001,0.43325876211777753,2.9725205070840977,-0.13780760626412036,2.0,2.0,-0.2903017182795156,0.853467561521353,0.9333333333333333,0.4228187919462259,0.0,0.2974976830399217,0.21428571428571427,2.7692020879939516,2.566666666666667,0.9331412506177061,-0.40068280092616887,0.9826875515251499,0.9195402298850573,11.734526472781278,29.05
CFD_ATAS_0027_20250318_1044,atas-mt5-lead-lab-causal-v1,2025-03-18,2025-03-18T10:44:00-04:00,2025-03-18T10:45:00-04:00,2025-03-18T10:45:00-04:00,2025-03-18T14:45:00+00:00,2025-03-18T14:45:00+00:00,LONG,INFERIOR,1.0,10.0,44.0,74.0,1.0,3.0,8.4092,2.1042,6.557142857143584,19.375,2.954793028322112,0.12200435729835045,1.2505446623087857,1.2657952069714262,-1.096774193548387,-2.0,-1.6129032258064515,1.2187785508467375,3.2505446623087857,2.8786984327778775,3.0,4.0,-1.6900775329773163,0.6557734204791191,1.7419354838709677,0.06100217864889782,-1.096774193548387,0.728070175438672,0.6097560975609756,2.5849673202607075,2.838709677419355,-0.24476883576363914,-0.35514827084834216,0.9716856311193355,0.7079934747145187,10.07298474945411,13.741935483870968
CFD_ATAS_0028_20250318_1123,atas-mt5-lead-lab-causal-v1,2025-03-18,2025-03-18T11:23:00-04:00,2025-03-18T11:24:00-04:00,2025-03-18T11:24:00-04:00,2025-03-18T15:24:00+00:00,2025-03-18T15:24:00+00:00,LONG,INFERIOR,1.0,11.0,23.0,113.0,1.0,3.0,5.3885,2.3237,7.48928571428587,15.267857142857142,2.0386266094420176,-0.4806866952792514,1.428707677634298,0.7210300429181484,0.736842105263158,-0.5730994152046783,-0.5730994152046783,-1.2175288005424094,2.0018070928389764,1.2941294581228266,2.0,3.0,-0.4881449793103935,1.4687649022412665,1.2280701754385965,-0.4339532665712833,0.736842105263158,0.23275862068955377,0.22580645161290322,2.176442536957902,2.046783625730994,0.623811712316711,-0.08413039656822907,1.0964705882352126,0.7307692307692307,8.819265617548599,19.403508771929825
CFD_ATAS_0029_20250318_1155,atas-mt5-lead-lab-causal-v1,2025-03-18,2025-03-18T11:55:00-04:00,2025-03-18T11:56:00-04:00,2025-03-18T11:56:00-04:00,2025-03-18T15:56:00+00:00,2025-03-18T15:56:00+00:00,LONG,INFERIOR,1.0,11.0,55.0,145.0,1.0,3.0,6.5472,1.6674,7.971428571429507,13.125,1.6465053763438928,-1.7750896057347414,-1.1164874551971842,-1.8315412186380517,-0.09523809523809523,-0.2857142857142857,-0.5714285714285714,-1.679851510496646,-0.8307731694828985,-1.2601126472094804,2.0,3.0,-0.06162167998984279,1.7688172043011416,1.0476190476190477,-1.681003584229376,-0.09523809523809523,0.4771241830065732,0.3,2.232974910393912,1.4285714285714286,-0.22192779878662647,-0.23270961050205685,1.0970754485131944,0.755784061696658,8.925627240142504,22.571428571428573
CFD_ATAS_0030_20250318_1240,atas-mt5-lead-lab-causal-v1,2025-03-18,2025-03-18T12:40:00-04:00,2025-03-18T12:41:00-04:00,2025-03-18T12:42:00-04:00,2025-03-18T16:41:00+00:00,2025-03-18T16:42:00+00:00,LONG,INFERIOR,1.0,12.0,40.0,190.0,1.0,3.0,6.67,1.5692,25.3928571428574,15.267857142857142,0.601265822784804,-0.3839662447257345,-0.3741209563994336,-1.6579465541490115,0.0,0.9005847953216375,-0.3274853801169591,-0.3839662447257345,-1.2747057517210711,-1.3304611740320524,1.0,3.0,1.5380375270921007,1.0376933895921991,0.736842105263158,-0.37805907172989667,0.08187134502923978,0.5446313065976833,0.125,2.335302390998541,2.374269005847953,2.0124525925024206,0.14154103657018027,2.3617339312408587,1.0788643533123028,9.467229254570988,19.403508771929825
CFD_ATAS_0031_20250318_1500,atas-mt5-lead-lab-causal-v1,2025-03-18,2025-03-18T15:00:00-04:00,2025-03-18T15:01:00-04:00,2025-03-18T15:01:00-04:00,2025-03-18T19:01:00+00:00,2025-03-18T19:01:00+00:00,LONG,INFERIOR,1.0,15.0,0.0,330.0,1.0,3.0,5.7347,2.8713,12.825000000000207,18.928571428571427,1.4759120022277676,-0.1715399610134155,2.007797270955133,0.5263157894736757,-1.0566037735849056,-0.9245283018867926,-1.6509433962264153,0.8850638125714901,2.9323255728419255,2.177259185700091,2.0,3.0,-0.8707735103738433,0.8382066276802983,0.9905660377358492,-0.2729044834307948,-0.9905660377358492,0.13733468972534688,0.6097560975609756,2.8265107212475176,2.179245283018868,-0.29497649489909333,0.021397528383633457,0.7998663548279435,1.218390804597701,30.768031189083494,15.650943396226417
CFD_ATAS_0032_20250318_1518,atas-mt5-lead-lab-causal-v1,2025-03-18,2025-03-18T15:18:00-04:00,2025-03-18T15:19:00-04:00,2025-03-18T15:19:00-04:00,2025-03-18T19:19:00+00:00,2025-03-18T19:19:00+00:00,SHORT,SUPERIOR,0.0,15.0,18.0,348.0,1.0,3.0,8.382,1.7961,11.914285714285663,15.178571428571429,1.2739808153477272,0.2434052757794997,1.3639088729016846,0.39448441247008675,-0.8235294117647058,-0.6588235294117647,-0.988235294117647,1.0669346875442056,2.022732402313449,1.3827197065877337,1.0,2.0,-0.25231419911313635,0.6420863309353767,1.2352941176470589,0.2350119904076138,-0.8235294117647058,0.16906474820146944,0.6,2.253597122302046,1.4823529411764707,-0.357640770098499,-0.022123635985723117,0.8488549618320573,0.96045197740113,33.11990407673893,19.517647058823528
CFD_ATAS_0033_20250318_1555,atas-mt5-lead-lab-causal-v1,2025-03-18,2025-03-18T15:55:00-04:00,2025-03-18T15:56:00-04:00,2025-03-18T15:56:00-04:00,2025-03-18T19:56:00+00:00,2025-03-18T19:56:00+00:00,LONG,INFERIOR,1.0,15.0,55.0,385.0,1.0,3.0,6.1507,1.9911,15.546428571428935,18.482142857142858,1.1888352860096207,0.4695612221455889,1.6981392143349954,0.5628302320238784,-0.27053140096618356,-1.0821256038647342,0.20289855072463767,0.7400926231117724,2.7802648181997296,0.3599316812992407,2.0,2.0,-0.516920701268012,0.8715828164483592,1.0821256038647342,0.4599127038824628,-0.33816425120772947,0.17447657028912755,0.07692307692307693,2.704801286468992,2.0966183574879227,0.29864717048782685,-0.05539593665474569,1.1584830339321404,1.2034883720930232,25.382035377899847,16.028985507246375
CFD_ATAS_0034_20250319_1135,atas-mt5-lead-lab-causal-v1,2025-03-19,2025-03-19T11:35:00-04:00,2025-03-19T11:36:00-04:00,2025-03-19T11:37:00-04:00,2025-03-19T15:36:00+00:00,2025-03-19T15:37:00+00:00,LONG,INFERIOR,1.0,11.0,35.0,125.0,2.0,3.0,5.2568,2.2471,7.65714285714265,12.053571428571429,1.5741604477612368,-0.274253731343101,1.5083955223884806,1.2863805970152453,-0.6222222222222222,0.0,0.8296296296296296,0.34796849087912124,1.5083955223884806,0.4567509673856157,2.0,2.0,0.12666143780134412,0.8880597014924664,1.2444444444444445,-0.274253731343101,-0.6222222222222222,0.4701670644392287,0.3333333333333333,2.2658582089555703,2.3851851851851853,0.6997808427236388,0.4859861563075691,1.0801007556674374,0.9060402684563759,5.896455223880947,16.177777777777777
CFD_ATAS_0035_20250319_1403,atas-mt5-lead-lab-causal-v1,2025-03-19,2025-03-19T14:03:00-04:00,2025-03-19T14:04:00-04:00,2025-03-19T14:04:00-04:00,2025-03-19T18:04:00+00:00,2025-03-19T18:04:00+00:00,LONG,INFERIOR,1.0,14.0,3.0,273.0,2.0,3.0,5.3285,2.0399,11.846428571428987,27.321428571428573,2.306300874283911,0.05486885740138712,1.0551703346396977,0.5697919807054368,0.0457516339869281,-1.1895424836601307,1.4640522875816993,0.009117223414459016,2.2447128182998286,-0.8942603068762625,2.0,3.0,-0.7564782457783805,0.5149231233043567,1.418300653594771,0.033765450708593166,0.0,0.24680073126137345,0.3404255319148936,2.2200783840818623,4.712418300653595,1.2014522497423308,0.18032510629201653,0.7134100440907697,2.2583025830258308,16.262285197467143,8.4640522875817
CFD_ATAS_0036_20250319_1415,atas-mt5-lead-lab-causal-v1,2025-03-19,2025-03-19T14:15:00-04:00,2025-03-19T14:16:00-04:00,2025-03-19T14:16:00-04:00,2025-03-19T18:16:00+00:00,2025-03-19T18:16:00+00:00,SHORT,SUPERIOR,0.0,14.0,15.0,285.0,2.0,3.0,7.446,1.5685,10.58214285714348,27.410714285714285,2.5902801214983286,0.06614917313540067,0.028349645629359203,-0.03779952750569768,-0.41042345276872966,-0.13680781758957655,-0.8664495114006515,0.4765726259041303,0.16515746321893576,0.8286499838949538,2.0,4.0,0.42321689252446615,0.6898413769826783,0.8664495114006515,0.07559905501173914,-0.41042345276872966,0.021276595744565568,0.3877551020408163,1.7198785015186984,1.4136807817589576,0.9242740483760926,-0.04651448390343256,0.6487137383689541,2.2573529411764706,18.205197435031128,8.436482084690555
CFD_ATAS_0037_20250319_1524,atas-mt5-lead-lab-causal-v1,2025-03-19,2025-03-19T15:24:00-04:00,2025-03-19T15:25:00-04:00,2025-03-19T15:25:00-04:00,2025-03-19T19:25:00+00:00,2025-03-19T19:25:00+00:00,LONG,INFERIOR,1.0,15.0,24.0,354.0,2.0,3.0,5.2058,2.4027,9.228571428571481,27.142857142857142,2.9411764705882186,-0.8993808049538706,0.91563467492228,0.3738390092876082,0.13815789473684212,-0.5986842105263158,-1.5657894736842106,-1.0375386996907128,1.5143188854485958,1.939628482971819,2.0,4.0,-0.416605559682763,1.6253869969040156,0.5986842105263158,-0.9047987616101385,0.13815789473684212,0.11480865224614827,0.85,2.5030959752324202,2.625,-1.6833416437480966,0.0628802317471931,0.895201801489694,1.0761061946902655,24.44040247677997,16.11842105263158
CFD_ATAS_0038_20250319_1554,atas-mt5-lead-lab-causal-v1,2025-03-19,2025-03-19T15:54:00-04:00,2025-03-19T15:55:00-04:00,2025-03-19T15:55:00-04:00,2025-03-19T19:55:00+00:00,2025-03-19T19:55:00+00:00,LONG,INFERIOR,1.0,15.0,54.0,384.0,2.0,3.0,5.1604,3.6672,9.078571428571845,23.392857142857142,2.5767112509833594,0.3855232100707927,3.051140833988925,2.4948859166011474,0.10687022900763359,-0.10687022900763359,-1.4961832061068703,0.2786529810631591,3.1580110629965588,3.9910691227080175,1.0,2.0,0.15626013512782688,1.0904799370575453,1.2290076335877862,0.4020456333597013,0.1603053435114504,0.651798561151121,0.45161290322580644,3.9378442171516683,2.2977099236641223,-1.4080359676962568,-0.0014739337329173268,0.9098067287044034,0.9241622574955908,24.84421715184772,18.702290076335878
CFD_ATAS_0039_20250320_1024,atas-mt5-lead-lab-causal-v1,2025-03-20,2025-03-20T10:24:00-04:00,2025-03-20T10:25:00-04:00,2025-03-20T10:25:00-04:00,2025-03-20T14:25:00+00:00,2025-03-20T14:25:00+00:00,SHORT,SUPERIOR,0.0,10.0,24.0,54.0,3.0,3.0,5.3532,2.4725,10.153571428571272,20.357142857142858,2.0049243756595456,0.21174815335927427,1.2852620471336162,1.546253957087679,-0.06140350877192982,-1.9035087719298245,-1.4736842105263157,0.2731516621312041,3.188770819063441,3.0199381676139945,3.0,4.0,-1.201831259600141,0.7288075976079567,0.7368421052631579,0.20682377769983123,-0.06140350877192982,0.5395189003436272,0.6,2.757650369328217,2.8859649122807016,3.151304518166032,-0.16759043483809383,0.8819606018302593,0.9344262295081968,10.46429827646868,15.535087719298245
CFD_ATAS_0040_20250320_1330,atas-mt5-lead-lab-causal-v1,2025-03-20,2025-03-20T13:30:00-04:00,2025-03-20T13:31:00-04:00,2025-03-20T13:31:00-04:00,2025-03-20T17:31:00+00:00,2025-03-20T17:31:00+00:00,SHORT,SUPERIOR,0.0,13.0,30.0,240.0,3.0,3.0,5.6677,1.8644,18.074999999999687,15.892857142857142,0.879272870974131,0.2544951590595996,1.3831258644536892,0.7468879668049923,-1.2584269662921348,-0.550561797752809,1.5730337078651686,1.5129221253517344,1.9336876622064982,-0.8261457410601764,1.0,1.0,0.12537259988305605,0.8326417704010807,1.7303370786516854,0.24896265560166406,-1.1797752808988764,0.28008298755184186,0.38461538461538464,2.4066390041494192,3.3820224719101124,-1.0089098948406836,-0.15350906753150229,0.8919633415579719,0.9343832020997376,18.403872752420668,21.9438202247191
CFD_ATAS_0041_20250320_1451,atas-mt5-lead-lab-causal-v1,2025-03-20,2025-03-20T14:51:00-04:00,2025-03-20T14:52:00-04:00,2025-03-20T14:52:00-04:00,2025-03-20T18:52:00+00:00,2025-03-20T18:52:00+00:00,SHORT,SUPERIOR,0.0,14.0,51.0,321.0,3.0,3.0,5.6955,1.8613,14.785714285714286,13.303571428571429,0.8997584541062802,-0.4328502415459921,0.6323671497583556,-0.15893719806753442,0.37583892617449666,-1.785234899328859,-2.912751677852349,-0.8086891677204888,2.4176020490872148,2.7538144797848148,2.0,4.0,-1.4470540600297535,1.1903381642511093,0.5637583892617449,-0.5072463768115941,0.4697986577181208,0.06942392909892602,0.7948717948717948,2.0289855072463765,3.8523489932885906,0.08555170174964224,-0.25690474412459663,0.9195912927587649,0.9802631578947368,23.705314009661834,26.21476510067114
CFD_ATAS_0042_20250321_1157,atas-mt5-lead-lab-causal-v1,2025-03-21,2025-03-21T11:57:00-04:00,2025-03-21T11:58:00-04:00,2025-03-21T12:02:00-04:00,2025-03-21T15:58:00+00:00,2025-03-21T16:02:00+00:00,LONG,INFERIOR,1.0,11.0,57.0,147.0,4.0,3.0,7.9594,1.8477,11.099999999999843,17.142857142857142,1.5444015444015662,-1.0855855855855354,-1.5000000000001523,-1.3423423423424923,-0.65625,0.36458333333333337,-0.07291666666666667,-0.4293355855855354,-1.8645833333334858,-1.2694256756758255,1.0,2.0,1.2320274598526035,1.2387387387387563,1.0208333333333333,-1.094594594594741,-0.65625,0.5437956204379805,0.024390243902439025,2.3108108108106467,3.135416666666667,2.169954939207426,0.0029175264036715655,1.392785122115186,1.1066282420749278,13.333333333333522,11.958333333333334
CFD_ATAS_0043_20250321_1535,atas-mt5-lead-lab-causal-v1,2025-03-21,2025-03-21T15:35:00-04:00,2025-03-21T15:36:00-04:00,2025-03-21T15:37:00-04:00,2025-03-21T19:36:00+00:00,2025-03-21T19:37:00+00:00,SHORT,SUPERIOR,0.0,15.0,35.0,365.0,4.0,3.0,6.6836,1.7828,13.932142857143065,10.089285714285714,0.7241732889002711,1.3242758267108712,1.6472699307867442,0.8003076134322846,-0.0,0.4955752212389381,0.24778761061946905,1.3242758267108712,1.151694709547806,0.5525200028128155,0.0,1.0,1.3410386086965447,1.5826711099717263,0.8672566371681416,1.335042296846838,0.12389380530973453,0.1992850759606635,0.25,2.440399897462153,1.4867256637168142,0.3800328047332089,0.1790930318644794,0.8926773455377707,0.8528301886792452,19.060240963855087,28.991150442477878
CFD_ATAS_0044_20250324_1003,atas-mt5-lead-lab-causal-v1,2025-03-24,2025-03-24T10:03:00-04:00,2025-03-24T10:04:00-04:00,2025-03-24T10:06:00-04:00,2025-03-24T14:04:00+00:00,2025-03-24T14:06:00+00:00,LONG,INFERIOR,1.0,10.0,3.0,33.0,0.0,3.0,5.0896,4.0597,3.5964285714287274,15.625,4.344587884806167,-0.3892750744780256,0.417080436941392,1.41807348560134,-0.32,0.64,-0.16,-0.06927507447802561,-0.222919563058608,1.5780734856013399,1.0,3.0,1.234269183785189,1.2651439920553536,1.36,-0.34756703078449336,-0.32,0.47663551401886317,0.07692307692307693,3.8788480635551483,1.6,0.37877855302095564,-0.1577935553996052,1.0577731092437757,0.7675438596491228,5.839126117179489,6.96
CFD_ATAS_0045_20250324_1038,atas-mt5-lead-lab-causal-v1,2025-03-24,2025-03-24T10:38:00-04:00,2025-03-24T10:39:00-04:00,2025-03-24T10:39:00-04:00,2025-03-24T14:39:00+00:00,2025-03-24T14:39:00+00:00,LONG,INFERIOR,1.0,10.0,38.0,68.0,0.0,3.0,5.0347,2.563,5.325000000000467,12.589285714285714,2.3641851106637763,1.1830985915490553,2.7793427230043144,2.319248826290603,-0.6950354609929078,0.29787234042553196,0.29787234042553196,1.878134052541963,2.4814703825787823,2.021376485865071,1.0,2.0,0.5397578892121356,1.3990610328638635,0.9929078014184398,1.1737089201876905,-0.6950354609929078,0.7159420289854229,0.14285714285714285,3.417840375586691,1.9858156028368796,-1.5123543922712237,0.046913015063985375,1.107315261789881,0.7966101694915254,8.169014084506326,9.531914893617023
CFD_ATAS_0046_20250324_1504,atas-mt5-lead-lab-causal-v1,2025-03-24,2025-03-24T15:04:00-04:00,2025-03-24T15:05:00-04:00,2025-03-24T15:05:00-04:00,2025-03-24T19:05:00+00:00,2025-03-24T19:05:00+00:00,SHORT,SUPERIOR,0.0,15.0,4.0,334.0,0.0,3.0,5.0916,2.3447,7.082142857142442,6.25,0.8825012607161385,-0.2400403429148924,-0.5506807866870759,-0.9319213313165505,-0.0,-1.8,-1.6,-0.2400403429148924,1.249319213312924,0.6680786686834496,2.0,3.0,-0.9592602700303542,0.684820978315518,0.8,-0.22592032274363966,-0.0,0.40993788819883775,0.5714285714285714,2.223903177004669,2.8,-0.36089462829563795,-0.4432323493639911,0.8985047575894026,0.6666666666666666,22.761472516390747,24.2
CFD_ATAS_0047_20250325_1006,atas-mt5-lead-lab-causal-v1,2025-03-25,2025-03-25T10:06:00-04:00,2025-03-25T10:07:00-04:00,2025-03-25T10:07:00-04:00,2025-03-25T14:07:00+00:00,2025-03-25T14:07:00+00:00,SHORT,SUPERIOR,0.0,10.0,6.0,36.0,1.0,3.0,5.2558,3.7674,5.978571428570961,17.232142857142858,2.882317801672866,0.03345280764587185,1.6559139784943882,1.6475507765829203,-0.07253886010362694,-1.6683937823834196,-0.7253886010362695,0.10599166774949878,3.324307760877808,2.37293937761919,3.0,3.0,-1.1556976647202197,0.9366786140977988,1.0155440414507773,-0.0,-0.07253886010362694,0.3795761078997938,0.2777777777777778,3.3870967741938136,2.393782383419689,0.538073980883168,-0.6860896181871666,1.2734880182579622,0.8674157303370786,6.799283154122031,4.569948186528498
CFD_ATAS_0048_20250326_1003,atas-mt5-lead-lab-causal-v1,2025-03-26,2025-03-26T10:03:00-04:00,2025-03-26T10:04:00-04:00,2025-03-26T10:04:00-04:00,2025-03-26T14:04:00+00:00,2025-03-26T14:04:00+00:00,SHORT,SUPERIOR,0.0,10.0,3.0,33.0,2.0,3.0,6.9922,3.099,3.6428571428574026,23.392857142857142,6.421568627450522,-0.3019607843133045,1.4823529411767644,0.672549019607995,0.26717557251908397,0.05343511450381679,-0.1603053435114504,-0.5691363568323884,1.4289178266729476,0.8328543631194454,1.0,2.0,0.20138567443123934,1.0980392156861962,0.8549618320610687,-0.3019607843133045,0.3206106870229008,0.23222748815174374,0.08571428571428572,2.9509803921566524,2.030534351145038,-1.0374800416074648,-0.2846942919958835,1.0397553516820468,1.1592920353982301,9.031372549019363,7.213740458015267
CFD_ATAS_0049_20250326_1030,atas-mt5-lead-lab-causal-v1,2025-03-26,2025-03-26T10:30:00-04:00,2025-03-26T10:31:00-04:00,2025-03-26T10:31:00-04:00,2025-03-26T14:31:00+00:00,2025-03-26T14:31:00+00:00,SHORT,SUPERIOR,0.0,10.0,30.0,60.0,2.0,3.0,5.1013,1.6203,4.142857142857663,17.053571428571427,4.1163793103443105,0.2172413793106688,1.1706896551727937,0.02413793103500661,0.5130890052356022,0.07329842931937174,-1.0261780104712044,-0.2958476259249334,1.097391225853422,1.050315941506211,1.0,3.0,0.16127628555764562,1.231034482758993,0.8795811518324608,0.22931034482773305,0.5130890052356022,0.010204081632876552,0.4666666666666667,2.0275862068966486,1.9790575916230368,-0.3628714195295544,0.14535089049105018,1.1417322834646857,0.8250539956803457,8.074137931033645,14.513089005235603
CFD_ATAS_0050_20250326_1105,atas-mt5-lead-lab-causal-v1,2025-03-26,2025-03-26T11:05:00-04:00,2025-03-26T11:06:00-04:00,2025-03-26T11:06:00-04:00,2025-03-26T15:06:00+00:00,2025-03-26T15:06:00+00:00,LONG,INFERIOR,1.0,11.0,5.0,95.0,2.0,3.0,5.768,1.708,4.028571428571273,13.928571428571429,3.4574468085107717,0.37234042553192925,-0.5709219858154443,-0.5585106382978939,0.08974358974358974,-0.358974358974359,-0.1794871794871795,0.2825968357883395,-0.2119476268410853,-0.3790234588107144,1.0,2.0,-0.06769234563831467,1.4397163120566125,0.5384615384615384,0.3599290780143789,0.08974358974358974,0.3284671532847413,0.1111111111111111,1.6258865248225771,1.346153846153846,1.083284417863187,-0.11874564038777238,1.0646531382727218,0.9285714285714286,11.741134751773322,17.76923076923077
CFD_ATAS_0051_20250326_1135,atas-mt5-lead-lab-causal-v1,2025-03-26,2025-03-26T11:35:00-04:00,2025-03-26T11:36:00-04:00,2025-03-26T11:36:00-04:00,2025-03-26T15:36:00+00:00,2025-03-26T15:36:00+00:00,LONG,INFERIOR,1.0,11.0,35.0,125.0,2.0,3.0,5.8349,2.502,5.460714285714078,12.857142857142858,2.3544800523218687,0.5768476128191243,0.7508175277963735,-0.48528449967260767,0.19444444444444445,-0.7777777777777778,-0.29166666666666663,0.3824031683746799,1.5285953055741512,-0.19361783300594104,2.0,2.0,-0.3062766060749709,0.6684107259649748,0.4861111111111111,0.5860039241335762,0.19444444444444445,0.20622568093364724,0.17647058823529413,2.3989535644210154,1.4583333333333333,-0.5636139108537058,0.04172848747213766,1.3203799654576023,1.051094890510949,8.661870503597319,19.25
CFD_ATAS_0052_20250326_1204,atas-mt5-lead-lab-causal-v1,2025-03-26,2025-03-26T12:04:00-04:00,2025-03-26T12:05:00-04:00,2025-03-26T12:05:00-04:00,2025-03-26T16:05:00+00:00,2025-03-26T16:05:00+00:00,SHORT,SUPERIOR,0.0,12.0,4.0,154.0,2.0,3.0,5.6075,2.2974,4.932142857143065,17.053571428571427,3.457639391744966,0.19261404779159488,-0.577842143374047,0.7299058653146634,-0.5130890052356022,0.5130890052356022,0.8795811518324608,0.705703053027197,-1.0909311486096493,-0.14967528651779738,1.0,1.0,1.059112110654781,0.6792179580011246,0.8062827225130891,0.13178855901549585,-0.5130890052356022,0.2337662337661172,0.46153846153846156,2.4837074583634,1.6858638743455499,-1.173837899250996,-0.18662012719295046,0.9818698897973497,1.4360902255639096,9.590152063721389,18.104712041884817
CFD_ATAS_0053_20250326_1233,atas-mt5-lead-lab-causal-v1,2025-03-26,2025-03-26T12:33:00-04:00,2025-03-26T12:34:00-04:00,2025-03-26T12:34:00-04:00,2025-03-26T16:34:00+00:00,2025-03-26T16:34:00+00:00,LONG,INFERIOR,1.0,12.0,33.0,183.0,2.0,3.0,6.6012,3.7613,10.97857142857122,11.964285714285714,1.0897852960312504,-1.4983734547821377,-2.2635003253092854,-1.8536109303840986,-1.0447761194029852,-2.5074626865671643,-0.8358208955223881,-0.4535973353791525,0.24396236125787896,-1.0177900348617106,3.0,3.0,-1.443023041199846,2.0084580351333488,1.3582089552238807,-1.4847104749511655,-0.9402985074626866,0.564493758668474,0.2,4.0943396226416535,2.82089552238806,1.4660532272174207,0.5520961954112751,1.8893669330053184,0.9537366548042704,7.08197787898517,25.80597014925373
CFD_ATAS_0054_20250326_1326,atas-mt5-lead-lab-causal-v1,2025-03-26,2025-03-26T13:26:00-04:00,2025-03-26T13:27:00-04:00,2025-03-26T13:31:00-04:00,2025-03-26T17:27:00+00:00,2025-03-26T17:31:00+00:00,LONG,INFERIOR,1.0,13.0,26.0,236.0,2.0,3.0,6.6684,2.0772,18.649999999999377,14.285714285714286,0.765990042129478,0.42627345844509346,1.2412868632708969,0.9195710455765163,0.875,0.175,0.6124999999999999,-0.44872654155490654,1.0662868632708968,0.3070710455765163,1.0,2.0,1.3316720524016636,0.8552278820374061,1.05,0.4396782841823593,0.875,0.4391805377720916,0.22580645161290322,2.3217158176944084,1.4,0.8464581009881401,-0.09653043400802412,0.9700009287637594,1.1347517730496455,14.329758713137208,25.2
CFD_ATAS_0055_20250326_1431,atas-mt5-lead-lab-causal-v1,2025-03-26,2025-03-26T14:31:00-04:00,2025-03-26T14:32:00-04:00,2025-03-26T14:32:00-04:00,2025-03-26T18:32:00+00:00,2025-03-26T18:32:00+00:00,LONG,INFERIOR,1.0,14.0,31.0,301.0,2.0,3.0,5.5395,2.9422,12.450000000000207,11.785714285714286,0.9466437177280393,-0.012048192770908813,1.6867469879517791,0.5301204819278773,0.0,0.2121212121212121,0.3181818181818182,-0.012048192770908813,1.474625775830567,0.21193866374605913,1.0,2.0,1.1491463500572012,0.6987951807229383,0.7424242424242424,-0.04417670682725006,0.0,0.18487394957992698,0.10344827586206896,3.152610441767016,2.015151515151515,1.0689654920379894,0.006345736686538036,1.0729455216989254,0.9565217391304348,21.465863453814904,33.93939393939394
CFD_ATAS_0056_20250327_1003,atas-mt5-lead-lab-causal-v1,2025-03-27,2025-03-27T10:03:00-04:00,2025-03-27T10:04:00-04:00,2025-03-27T10:04:00-04:00,2025-03-27T14:04:00+00:00,2025-03-27T14:04:00+00:00,LONG,INFERIOR,1.0,10.0,3.0,33.0,3.0,3.0,6.2016,2.2831,8.542857142857299,25.982142857142858,3.041387959866165,0.5794314381271649,0.39214046822724724,-0.5443143812710634,-0.5773195876288659,-1.0103092783505154,-0.14432989690721648,1.156751025756031,1.4024497465777626,-0.39998448436384687,2.0,2.0,-0.5898993335515853,0.8837792642139455,0.865979381443299,0.5735785953178856,-0.5292096219931272,0.17127071823208861,0.06382978723404255,2.3821070234115833,1.395189003436426,0.872427061161116,-0.20946465294964367,1.3252077562327647,0.9540983606557377,6.818561872909575,6.398625429553264
CFD_ATAS_0057_20250327_1309,atas-mt5-lead-lab-causal-v1,2025-03-27,2025-03-27T13:09:00-04:00,2025-03-27T13:10:00-04:00,2025-03-27T13:10:00-04:00,2025-03-27T17:10:00+00:00,2025-03-27T17:10:00+00:00,SHORT,SUPERIOR,0.0,13.0,9.0,219.0,3.0,3.0,5.5987,2.1589,22.36428571428561,14.821428571428571,0.6627275630788916,-0.6885978920471748,1.5023954008305103,0.9255828808687688,0.25301204819277107,-0.16867469879518074,-0.8433734939759037,-0.9416099402399458,1.671070099625691,1.7689563748446724,1.0,2.0,-0.03273055925323622,1.097732353880522,0.8433734939759037,-0.6774193548386153,0.16867469879518074,0.2677878395860404,0.5,2.425742574257437,2.4457831325301207,0.48650836745655357,-0.19698203574374,0.9488597621031579,0.988095238095238,8.140210795273081,17.710843373493976
CFD_ATAS_0058_20250327_1341,atas-mt5-lead-lab-causal-v1,2025-03-27,2025-03-27T13:41:00-04:00,2025-03-27T13:42:00-04:00,2025-03-27T13:42:00-04:00,2025-03-27T17:42:00+00:00,2025-03-27T17:42:00+00:00,SHORT,SUPERIOR,0.0,13.0,41.0,251.0,3.0,3.0,6.7747,1.5845,17.292857142857038,16.25,0.9396943411813358,-0.22552664188339436,0.3556381660471743,-1.9748038000824963,-0.9230769230769231,-1.2307692307692308,-1.4615384615384615,0.6975502811935288,1.5864073968164052,-0.5132653385440349,2.0,3.0,-1.1197306390041306,0.7633209417596502,1.1538461538461537,-0.22263527467980154,-1.0,0.5373721479149993,0.6129032258064516,2.4547707558860545,1.8461538461538463,-1.0285383671015058,-0.2982025349127716,0.733414116934253,1.0996978851963746,13.268484097480503,16.153846153846153
CFD_ATAS_0059_20250327_1452,atas-mt5-lead-lab-causal-v1,2025-03-27,2025-03-27T14:52:00-04:00,2025-03-27T14:53:00-04:00,2025-03-27T14:53:00-04:00,2025-03-27T18:53:00+00:00,2025-03-27T18:53:00+00:00,LONG,INFERIOR,1.0,14.0,52.0,322.0,3.0,3.0,6.6127,2.1897,15.15714285714291,12.410714285714286,0.8188030160226174,-0.9599434495758205,0.696041470310977,0.6102733270499507,-0.10071942446043165,0.5035971223021583,1.3093525179856114,-0.8592240251153888,0.1924443480088187,-0.6990791909356606,1.0,1.0,0.9521487812847049,1.3491988689915608,0.8057553956834532,-1.0028275212064535,-0.2014388489208633,0.219976218787181,0.8666666666666667,2.246465598491933,2.014388489208633,1.2316322414952416,0.34138329539626067,1.0268570045971233,0.8424242424242424,17.180018850141412,21.151079136690647
CFD_ATAS_0060_20250327_1532,atas-mt5-lead-lab-causal-v1,2025-03-27,2025-03-27T15:32:00-04:00,2025-03-27T15:33:00-04:00,2025-03-27T15:33:00-04:00,2025-03-27T19:33:00+00:00,2025-03-27T19:33:00+00:00,LONG,INFERIOR,1.0,15.0,32.0,362.0,3.0,3.0,5.8102,2.1303,14.682142857143065,13.660714285714286,0.9304305521770727,0.7185599610802172,1.7708586718559711,0.6300170274872204,0.6405228758169934,-1.9215686274509802,-1.7385620915032678,0.07803708526322384,3.692427299306951,2.368579118990488,2.0,3.0,-1.4883549302792423,0.9024568231573699,0.8235294117647058,0.6879104840672758,0.6405228758169934,0.21637426900584794,0.48717948717948717,2.2646558015081166,3.1111111111111107,-0.519005351152497,-0.027835725462775233,0.9915581283164497,1.0000000000000002,17.735830698126826,19.215686274509803
CFD_ATAS_0061_20250328_1035,atas-mt5-lead-lab-causal-v1,2025-03-28,2025-03-28T10:35:00-04:00,2025-03-28T10:36:00-04:00,2025-03-28T10:36:00-04:00,2025-03-28T14:36:00+00:00,2025-03-28T14:36:00+00:00,LONG,INFERIOR,1.0,10.0,35.0,65.0,4.0,3.0,6.3231,2.2168,7.082142857142961,20.178571428571427,2.849218356026181,-0.6142208774586956,0.40948058497195,-0.8542612203735703,-0.06194690265486726,0.0,-1.7964601769911506,-0.5522739748038283,0.40948058497195,0.9421989566175802,1.0,3.0,0.36482968378757474,0.9884014120020026,0.8053097345132744,-0.6283408976299473,0.0,0.2944038929441389,0.9354838709677419,2.5416036308622925,2.7256637168141595,-1.3597569602111144,0.32225190201713605,1.2054711246199719,0.815884476534296,8.535552193645968,16.72566371681416
CFD_ATAS_0062_20250328_1226,atas-mt5-lead-lab-causal-v1,2025-03-28,2025-03-28T12:26:00-04:00,2025-03-28T12:27:00-04:00,2025-03-28T12:27:00-04:00,2025-03-28T16:27:00+00:00,2025-03-28T16:27:00+00:00,SHORT,SUPERIOR,0.0,12.0,26.0,176.0,4.0,3.0,6.2387,1.5921,14.246428571429144,13.928571428571429,0.9776886437703293,0.02807721233376393,1.249435948859262,1.1371270995234402,-0.2692307692307692,-0.44871794871794873,-0.5384615384615384,0.29730798156453314,1.6981538975772106,1.6755886379849785,2.0,3.0,-0.1439890644404491,0.5159187766358808,1.1666666666666667,-0.028077212334019292,-0.2692307692307692,0.6721991701244011,1.0,1.8566056655803225,1.2564102564102564,-0.5855812448219342,-0.12946109015820087,1.078982959156103,1.0032154340836013,8.195036349962066,32.756410256410255
CFD_ATAS_0063_20250331_1012,atas-mt5-lead-lab-causal-v1,2025-03-31,2025-03-31T10:12:00-04:00,2025-03-31T10:13:00-04:00,2025-03-31T10:13:00-04:00,2025-03-31T14:13:00+00:00,2025-03-31T14:13:00+00:00,LONG,INFERIOR,1.0,10.0,12.0,42.0,0.0,3.0,6.681,1.8155,10.139285714286027,23.839285714285715,2.3511799929551938,-0.22684043677343305,0.8531172948222376,0.36491722437484037,0.47191011235955055,-0.26217228464419473,0.5243445692883895,-0.6987505491329836,1.1152895794664324,-0.1594273449135491,1.0,2.0,-0.25370670448409216,0.49313138429022785,0.9962546816479401,-0.24656569214511392,0.47191011235955055,0.18974358974359165,0.21739130434782608,1.7259598450157974,1.4157303370786516,1.3186044617965293,-0.1648879211688008,1.263743601157489,0.7887740029542099,6.37618879887243,9.018726591760299
CFD_ATAS_0064_20250331_1017,atas-mt5-lead-lab-causal-v1,2025-03-31,2025-03-31T10:17:00-04:00,2025-03-31T10:18:00-04:00,2025-03-31T10:18:00-04:00,2025-03-31T14:18:00+00:00,2025-03-31T14:18:00+00:00,LONG,INFERIOR,1.0,10.0,17.0,47.0,0.0,3.0,6.1353,2.3413,9.414285714285922,23.839285714285715,2.5322458270105663,-0.0902883156299719,1.588012139605505,1.704855842185014,-0.2097378277153558,-1.940074906367041,-1.7827715355805243,0.11944951208538389,3.528087045972546,3.487627377765538,3.0,4.0,-1.7158814335208121,0.9294385432473239,0.6292134831460674,-0.10622154779969416,-0.2097378277153558,0.9042253521124497,0.4722222222222222,2.4696509863428893,2.3071161048689137,-0.5523930725295784,-0.3771410598260597,1.1551270815075267,0.8190184049079755,6.867223065249996,9.018726591760299
CFD_ATAS_0065_20250331_1036,atas-mt5-lead-lab-causal-v1,2025-03-31,2025-03-31T10:36:00-04:00,2025-03-31T10:37:00-04:00,2025-03-31T10:37:00-04:00,2025-03-31T14:37:00+00:00,2025-03-31T14:37:00+00:00,LONG,INFERIOR,1.0,10.0,36.0,66.0,0.0,3.0,7.7099,2.9313,11.560714285714441,23.928571428571427,2.069817732468307,0.5925239419217131,2.2403459993822397,0.6400988569664441,-0.31343283582089554,0.31343283582089554,2.5597014925373136,0.9059567777426086,1.9269131635613441,-1.9196026355708695,2.0,2.0,0.48018500607690096,0.9341983317889324,0.7835820895522388,0.6314488724129711,-0.31343283582089554,0.16666666666669397,0.6712328767123288,2.8415199258574257,3.708955223880597,1.4907618784073682,-0.19798941605528925,1.3748141856021379,0.9605734767025089,9.731232622798757,8.985074626865671
CFD_ATAS_0066_20250331_1300,atas-mt5-lead-lab-causal-v1,2025-03-31,2025-03-31T13:00:00-04:00,2025-03-31T13:01:00-04:00,2025-03-31T13:03:00-04:00,2025-03-31T17:01:00+00:00,2025-03-31T17:03:00+00:00,SHORT,SUPERIOR,0.0,13.0,0.0,210.0,0.0,3.0,5.0268,1.693,27.657142857143167,14.910714285714286,0.5391270661156965,-1.0214359504132118,-0.3380681818181254,-0.5803202479338515,0.08383233532934131,0.5029940119760479,2.2634730538922154,-1.105268285742553,-0.8410621937941734,-2.843793301826067,1.0,1.0,1.732454100247294,1.4426652892562348,1.1736526946107784,-0.9961260330578138,0.16766467065868262,0.281826163301125,0.8709677419354839,1.813274793388462,2.8502994011976046,-2.1473735572319352,-0.16584473425971558,2.742209631727885,0.8882978723404257,9.382747933884191,20.706586826347305
CFD_ATAS_0067_20250331_1514,atas-mt5-lead-lab-causal-v1,2025-03-31,2025-03-31T15:14:00-04:00,2025-03-31T15:15:00-04:00,2025-03-31T15:19:00-04:00,2025-03-31T19:15:00+00:00,2025-03-31T19:19:00+00:00,LONG,INFERIOR,1.0,15.0,14.0,344.0,0.0,3.0,5.2762,1.7731,16.46071428571408,16.607142857142858,1.0088956389672508,0.6500325450204432,0.8748101540463092,-0.5558689520504316,-0.3763440860215054,0.7526881720430108,1.5806451612903225,1.0263766310419484,0.12212198200329849,-2.136514113340754,1.0,1.0,1.161654278088545,0.9051855066173663,1.2043010752688172,0.6318073334778532,-0.45161290322580644,0.14512291831882773,0.6774193548387096,2.0169234107182294,3.086021505376344,1.5302036735698883,0.2768193867548539,0.9476714300400926,0.9712793733681463,17.19548709047533,27.698924731182796
CFD_ATAS_0068_20250331_1533,atas-mt5-lead-lab-causal-v1,2025-03-31,2025-03-31T15:33:00-04:00,2025-03-31T15:34:00-04:00,2025-03-31T15:34:00-04:00,2025-03-31T19:34:00+00:00,2025-03-31T19:34:00+00:00,SHORT,SUPERIOR,0.0,15.0,33.0,363.0,0.0,3.0,6.499,2.0508,15.860714285713973,22.321428571428573,1.4073406890340292,-0.0851159648729157,-0.22382346318392612,0.28371988290926026,-1.008,-2.408,-1.7919999999999998,0.9228840351270843,2.1841765368160737,2.0757198829092602,3.0,3.0,-1.7629899590926943,0.4539518126546329,1.2879999999999998,-0.04413420400815302,-1.008,0.17110266159693924,0.5925925925925926,2.219319972978919,2.7439999999999998,-0.6267741860742513,-0.05109135723470876,0.9281086729362761,1.2820512820512822,19.485251069579263,20.607999999999997
CFD_ATAS_0069_20250331_1537,atas-mt5-lead-lab-causal-v1,2025-03-31,2025-03-31T15:37:00-04:00,2025-03-31T15:38:00-04:00,2025-03-31T15:40:00-04:00,2025-03-31T19:38:00+00:00,2025-03-31T19:40:00+00:00,SHORT,SUPERIOR,0.0,15.0,37.0,367.0,0.0,3.0,6.6251,1.6606,14.807142857142285,24.017857142857142,1.62204534491082,-0.5943077665221684,0.21273516642533113,0.2667631452000067,-0.8327137546468402,0.15613382899628253,-1.1970260223048328,0.23840598812467173,0.056601337429048604,1.4637891675048396,2.0,4.0,0.4525896382384819,0.9893873613122446,1.0929368029739777,-0.4963820549929307,-0.8327137546468402,0.16288659793797544,0.36507936507936506,1.6579835986493154,1.8736059479553904,-0.10457337352394877,-0.014781141636497817,0.8764401226085577,1.3724489795918366,20.87168355041079,19.152416356877325
CFD_ATAS_0070_20250401_1020,atas-mt5-lead-lab-causal-v1,2025-04-01,2025-04-01T10:20:00-04:00,2025-04-01T10:21:00-04:00,2025-04-01T10:21:00-04:00,2025-04-01T14:21:00+00:00,2025-04-01T14:21:00+00:00,LONG,INFERIOR,1.0,10.0,20.0,50.0,1.0,4.0,5.1669,2.1478,10.964285714286234,25.982142857142858,2.369706840390767,-0.027361563517847652,0.5837133550486332,1.1400651465797504,-0.5292096219931272,-1.0103092783505154,-0.5773195876288659,0.5018480584752795,1.5940226333991485,1.7173847342086164,3.0,4.0,-0.3581255891076905,1.1263843648209926,1.2027491408934707,-0.05928338762227975,-0.5292096219931272,0.48828125000002776,0.24,2.3394136807817807,1.6838487972508591,-1.9599763212483001,0.18740632850405553,0.9709044908285998,0.832618025751073,6.689902280130175,7.312714776632302
CFD_ATAS_0071_20250401_1233,atas-mt5-lead-lab-causal-v1,2025-04-01,2025-04-01T12:33:00-04:00,2025-04-01T12:34:00-04:00,2025-04-01T12:36:00-04:00,2025-04-01T16:34:00+00:00,2025-04-01T16:36:00+00:00,LONG,INFERIOR,1.0,12.0,33.0,183.0,1.0,4.0,5.6336,5.8105,18.16785714285756,21.517857142857142,1.1843915863966703,-1.0705720463927813,1.8246510713584025,0.18439158639661313,-0.46473029045643155,0.8713692946058091,0.11618257261410789,-0.6058417559363497,0.9532817767525934,0.06820901378250524,1.0,2.0,1.1459579709446575,2.74936111657163,1.045643153526971,-1.1146058580695635,-0.46473029045643155,0.032891507118295076,0.038461538461538464,4.675840377432604,1.9751037344398341,-1.2737900452057602,0.5653720323717293,1.7845991931240588,1.2141057934508817,6.657361902889606,17.83402489626556
CFD_ATAS_0072_20250401_1412,atas-mt5-lead-lab-causal-v1,2025-04-01,2025-04-01T14:12:00-04:00,2025-04-01T14:13:00-04:00,2025-04-01T14:13:00-04:00,2025-04-01T18:13:00+00:00,2025-04-01T18:13:00+00:00,SHORT,SUPERIOR,0.0,14.0,12.0,282.0,1.0,4.0,6.2564,1.5815,17.75000000000026,19.553571428571427,1.10160965794767,-0.8225352112677166,-0.6394366197184235,-1.5098591549297193,-0.31963470319634707,-0.3835616438356165,-0.06392694063926942,-0.5029005080713695,-0.255874975882807,-1.4459322142904498,2.0,3.0,-0.08095493932394418,0.8253521126761263,0.8949771689497718,-0.8197183098593069,-0.3835616438356165,0.5,0.047619047619047616,1.9126760563380412,1.406392694063927,-1.3780641089271095,0.09568069972231527,0.7488323037517092,1.2586206896551722,16.833802816901326,19.62557077625571
CFD_ATAS_0073_20250402_1113,atas-mt5-lead-lab-causal-v1,2025-04-02,2025-04-02T11:13:00-04:00,2025-04-02T11:14:00-04:00,2025-04-02T11:14:00-04:00,2025-04-02T15:14:00+00:00,2025-04-02T15:14:00+00:00,LONG,INFERIOR,1.0,11.0,13.0,103.0,2.0,4.0,7.5749,2.6332,12.925000000000052,17.589285714285715,1.3608731693838023,0.6615087040618366,1.535783365570481,1.562862669245698,-0.7106598984771573,-1.9898477157360406,-2.060913705583756,1.3721686025389939,3.5256310813065213,3.623776374829454,3.0,4.0,-1.5947890099588613,1.0483558994196687,0.9949238578680203,0.6731141199226841,-0.781725888324873,0.6158536585367578,0.7435897435897436,2.3210831721469924,2.7005076142131976,-0.32409282244020315,-0.2729728972392409,1.5196304849883802,0.8090349075975359,9.114119922630469,18.335025380710658
CFD_ATAS_0074_20250402_1244,atas-mt5-lead-lab-causal-v1,2025-04-02,2025-04-02T12:44:00-04:00,2025-04-02T12:45:00-04:00,2025-04-02T12:47:00-04:00,2025-04-02T16:45:00+00:00,2025-04-02T16:47:00+00:00,SHORT,SUPERIOR,0.0,12.0,44.0,194.0,2.0,4.0,6.7628,1.6826,33.75357142857138,14.642857142857142,0.43381652735160364,-1.110993545656546,-0.847317744154016,-0.8650936408845854,-1.024390243902439,-1.451219512195122,-1.451219512195122,-0.08660330175410702,0.603901768041106,0.5861258713105365,3.0,4.0,0.32158323547961876,1.3820759707967862,1.024390243902439,-1.078404401650556,-1.024390243902439,0.3924731182795912,0.4594594594594595,1.7420378795894425,2.6463414634146343,-1.282578470733646,-0.21773604142415753,2.9424034869239235,0.8282828282828283,6.388953549888954,31.75609756097561
CFD_ATAS_0075_20250402_1255,atas-mt5-lead-lab-causal-v1,2025-04-02,2025-04-02T12:55:00-04:00,2025-04-02T12:56:00-04:00,2025-04-02T12:56:00-04:00,2025-04-02T16:56:00+00:00,2025-04-02T16:56:00+00:00,SHORT,SUPERIOR,0.0,12.0,55.0,205.0,2.0,4.0,9.0086,1.8651,26.849999999999845,19.017857142857142,0.7083000798084638,-0.33705772811915546,1.2309124767225126,0.5400372439478616,-0.6572769953051644,-1.380281690140845,-0.0,0.3202192671860089,2.6111941668633576,0.5400372439478616,3.0,3.0,-0.9779641763135537,1.0074487895718087,1.1830985915492958,-0.35195530726259894,-0.5915492957746479,0.20803443328551802,0.0,2.0204841713221717,2.234741784037559,0.920745158052833,-0.1551116723057335,2.0765087695068827,1.1735537190082646,9.778398510242114,26.948356807511736
CFD_ATAS_0076_20250402_1431,atas-mt5-lead-lab-causal-v1,2025-04-02,2025-04-02T14:31:00-04:00,2025-04-02T14:32:00-04:00,2025-04-02T14:33:00-04:00,2025-04-02T18:32:00+00:00,2025-04-02T18:33:00+00:00,SHORT,SUPERIOR,0.0,14.0,31.0,301.0,2.0,4.0,7.6966,1.75,17.703571428571326,20.714285714285715,1.1700625378253044,0.33891466612870885,0.04801291103481822,0.7230179544078711,-0.3620689655172414,-0.9051724137931034,0.7844827586206896,0.7009836316459502,0.9531853248279216,-0.061464804212818525,2.0,2.0,0.25504656330961334,0.6580593100666585,0.9655172413793103,0.28807746620932034,-0.3620689655172414,0.35164835164835273,0.20634920634920634,1.7454105305629328,2.836206896551724,-0.9800581923256637,-0.03517016143746721,0.9889276807979992,1.142857142857143,22.390962275570114,27.698275862068964
CFD_ATAS_0077_20250403_1037,atas-mt5-lead-lab-causal-v1,2025-04-03,2025-04-03T10:37:00-04:00,2025-04-03T10:38:00-04:00,2025-04-03T10:38:00-04:00,2025-04-03T14:38:00+00:00,2025-04-03T14:38:00+00:00,LONG,INFERIOR,1.0,10.0,37.0,67.0,3.0,4.0,5.6665,1.7463,15.164285714286182,31.607142857142858,2.084314649081424,-0.3297220913801123,0.7418747056052527,0.41874705605264667,-0.3163841807909604,-0.9096045197740112,-2.4124293785310735,-0.013337910589151902,1.6514792253792638,2.8311764345837203,3.0,5.0,-0.842785403515524,0.9067357512953088,0.672316384180791,-0.33631653320761856,-0.3559322033898305,0.22800718132850545,1.0,1.7244465379178433,2.5706214689265536,-0.9527605050401531,-0.3580914326200236,0.9899743529960299,0.8290398126463701,5.79651436646247,6.9209039548022595
CFD_ATAS_0078_20250403_1116,atas-mt5-lead-lab-causal-v1,2025-04-03,2025-04-03T11:16:00-04:00,2025-04-03T11:17:00-04:00,2025-04-03T11:17:00-04:00,2025-04-03T15:17:00+00:00,2025-04-03T15:17:00+00:00,SHORT,SUPERIOR,0.0,11.0,16.0,106.0,3.0,4.0,6.2485,2.3328,14.671428571428676,27.5,1.8743914313534433,0.143135345667139,1.6630963972736998,-0.14995131450832505,-0.2727272727272727,-0.4090909090909091,-0.9545454545454546,0.41586261839441174,2.072187306364609,0.8045941400371295,2.0,4.0,0.01505164610518312,0.6032132424536453,0.8636363636363636,0.1533592989289181,-0.2727272727272727,0.039497307001807876,0.44680851063829785,2.7706913339825525,1.5454545454545454,1.1029365920414076,0.02113220264912676,1.006122948812166,1.019867549668874,7.623661148977699,12.909090909090908
CFD_ATAS_0079_20250403_1236,atas-mt5-lead-lab-causal-v1,2025-04-03,2025-04-03T12:36:00-04:00,2025-04-03T12:37:00-04:00,2025-04-03T12:41:00-04:00,2025-04-03T16:37:00+00:00,2025-04-03T16:41:00+00:00,SHORT,SUPERIOR,0.0,12.0,36.0,186.0,3.0,4.0,6.9157,2.0525,33.01071428571387,23.839285714285715,0.7221681272314275,0.1514659742507863,1.0011900897976753,-0.265065454938876,0.26217228464419473,1.101123595505618,1.3108614232209737,-0.11070631039340842,-0.09993350570794268,-1.5759268781598497,1.0,2.0,1.6059817109045733,0.8997078870496926,0.7865168539325842,0.19690576652602218,0.3146067415730337,0.09474824038982282,0.423728813559322,2.5688629232933136,2.359550561797753,-1.575217968917502,-0.5389473534171052,1.7902382335850793,0.9206896551724139,6.95986151682363,14.891385767790261
CFD_ATAS_0080_20250403_1357,atas-mt5-lead-lab-causal-v1,2025-04-03,2025-04-03T13:57:00-04:00,2025-04-03T13:58:00-04:00,2025-04-03T13:58:00-04:00,2025-04-03T17:58:00+00:00,2025-04-03T17:58:00+00:00,LONG,INFERIOR,1.0,13.0,57.0,267.0,3.0,4.0,5.7282,1.6219,22.535714285714285,18.035714285714285,0.8003169572107766,0.17971473851026884,0.17527733755946176,0.536925515055403,-1.1782178217821784,-1.4554455445544556,-1.316831683168317,1.3579325602924472,1.6307228821139175,1.85375719822372,2.0,3.0,-0.16366986952987755,0.8630744849445648,1.3861386138613863,0.21077654516640254,-1.108910891089109,0.2108013937281923,0.37254901960784315,1.8193343898573693,1.6633663366336635,-0.5896861575276819,-0.003438011333607912,0.795963418479982,0.9078651685393258,13.78478605388279,19.683168316831683
CFD_ATAS_0081_20250403_1431,atas-mt5-lead-lab-causal-v1,2025-04-03,2025-04-03T14:31:00-04:00,2025-04-03T14:32:00-04:00,2025-04-03T14:33:00-04:00,2025-04-03T18:32:00+00:00,2025-04-03T18:33:00+00:00,SHORT,SUPERIOR,0.0,14.0,31.0,301.0,3.0,4.0,5.9795,2.1766,24.39642857142852,17.321428571428573,0.7099985360854942,0.6086956521738547,0.4693309910700032,1.1190162494510048,0.7216494845360825,0.28865979381443296,0.36082474226804123,-0.11295383236222778,0.18067119725557024,0.7581915071829635,1.0,1.0,1.9574930755406215,1.075977162933687,1.22680412371134,0.5677060459668571,0.6494845360824741,0.3522580645161031,0.18518518518518517,2.2052408139364412,2.3092783505154637,-0.7102736094942236,-0.06727513377914508,0.9573260458272156,0.9773299748110833,14.452935148587443,20.49484536082474
CFD_ATAS_0082_20250404_1033,atas-mt5-lead-lab-causal-v1,2025-04-04,2025-04-04T10:33:00-04:00,2025-04-04T10:34:00-04:00,2025-04-04T10:34:00-04:00,2025-04-04T14:34:00+00:00,2025-04-04T14:34:00+00:00,LONG,INFERIOR,1.0,10.0,33.0,63.0,4.0,4.0,7.874,3.2567,41.77142857143008,39.642857142857146,0.9490424076607046,0.48358413132694933,0.7756497948016484,0.22383720930236975,-0.09459459459459459,-1.3873873873873872,-1.2927927927927927,0.578178725921544,2.1630371821890355,1.5166300020951624,3.0,4.0,0.3434557235629826,1.0138508891929021,1.3558558558558558,0.46443228454174174,-0.06306306306306306,0.12072304712720587,0.422680412371134,2.81651846785219,2.0495495495495493,0.09932130163919327,-0.13457431621655355,1.1966441579701395,0.7942754919499107,10.374316005471634,9.112612612612612
CFD_ATAS_0083_20250404_1538,atas-mt5-lead-lab-causal-v1,2025-04-04,2025-04-04T15:38:00-04:00,2025-04-04T15:39:00-04:00,2025-04-04T15:41:00-04:00,2025-04-04T19:39:00+00:00,2025-04-04T19:41:00+00:00,LONG,INFERIOR,1.0,15.0,38.0,368.0,4.0,4.0,8.4458,3.3513,29.392857142857924,40.357142857142854,1.3730255164033656,0.061239368165222706,2.0277035236936998,2.5754556500607095,0.12389380530973453,-0.5265486725663717,-0.34070796460176994,-0.06265443714451183,2.5542521962600713,2.9161636146624796,2.0,3.0,0.44579576179392916,0.7484811664641356,1.3628318584070798,0.12247873633044541,0.15486725663716816,0.7114661654135552,0.19298245614035087,3.7134872417982496,2.601769911504425,0.1501699848262821,-0.2481908807143187,0.7109229905412006,1.2877492877492875,20.930255164033365,17.345132743362832
CFD_ATAS_0084_20250407_1048,atas-mt5-lead-lab-causal-v1,2025-04-07,2025-04-07T10:48:00-04:00,2025-04-07T10:49:00-04:00,2025-04-07T10:49:00-04:00,2025-04-07T14:49:00+00:00,2025-04-07T14:49:00+00:00,LONG,INFERIOR,1.0,10.0,48.0,78.0,0.0,4.0,5.7053,1.7346,30.47857142857174,110.0,3.6090930396062437,-0.810405437075244,0.2641199906257058,-0.5167565033981667,0.4659090909090909,-0.6704545454545454,0.4772727272727273,-1.2763145279843349,0.9345745360802512,-0.994029230670894,2.0,2.0,-0.6638578689431928,1.1188188422780072,0.8409090909090909,-0.8514178579798605,0.4659090909090909,0.16295913088463282,0.17355371900826447,1.7077572064682034,1.8636363636363635,1.0191045478934282,0.02409947033799688,0.8611938039255405,0.8753108348134991,8.686430747597756,15.352272727272727
CFD_ATAS_0085_20250407_1056,atas-mt5-lead-lab-causal-v1,2025-04-07,2025-04-07T10:56:00-04:00,2025-04-07T10:57:00-04:00,2025-04-07T10:57:00-04:00,2025-04-07T14:57:00+00:00,2025-04-07T14:57:00+00:00,LONG,INFERIOR,1.0,10.0,56.0,86.0,0.0,4.0,5.051,2.2526,27.082142857142703,108.83928571428571,4.018857971779002,0.4154028748516442,2.2690228141895403,1.4880654094685297,-0.8154224774405251,-0.11484823625922888,0.2641509433962264,1.2308253522921693,2.3838710504487692,1.2239144660723034,2.0,3.0,-0.08120697624145296,0.6886456547539784,1.136997538966366,0.3378610048792567,-0.8039376538146021,0.48789346246975496,0.07849829351535836,2.749043914018107,2.170631665299426,0.9483006953160756,-0.1977271058883738,0.7857216868718205,0.8660746003552398,10.09336674139523,15.515996718621823
CFD_ATAS_0086_20250407_1122,atas-mt5-lead-lab-causal-v1,2025-04-07,2025-04-07T11:22:00-04:00,2025-04-07T11:23:00-04:00,2025-04-07T11:23:00-04:00,2025-04-07T15:23:00+00:00,2025-04-07T15:23:00+00:00,LONG,INFERIOR,1.0,11.0,22.0,112.0,0.0,4.0,6.4959,1.6975,26.63571428571439,124.73214285714286,4.6828908554572095,-0.23464735854116295,0.6025744167336791,0.011263073209948505,-0.08017179670722978,-0.4108804581245526,-0.12025769506084466,-0.15447556183393318,1.0134548748582317,0.13152076827079318,2.0,2.0,-0.3389633225488522,0.5312416197372475,0.6814602720114531,-0.3266291230893261,-0.11023622047244094,0.006772009029329059,0.06,1.7983373558595275,1.7036506800286326,-1.2139031610171964,-0.16167602101231632,0.8144144144144209,1.1004332414336353,11.816840976132966,13.539012168933429
CFD_ATAS_0087_20250407_1133,atas-mt5-lead-lab-causal-v1,2025-04-07,2025-04-07T11:33:00-04:00,2025-04-07T11:34:00-04:00,2025-04-07T11:34:00-04:00,2025-04-07T15:34:00+00:00,2025-04-07T15:34:00+00:00,SHORT,SUPERIOR,0.0,11.0,33.0,123.0,0.0,4.0,7.3393,2.9043,44.48571428571423,79.375,1.7842806679511904,-0.7496788696211162,0.7856454720616743,-0.8261078998073228,0.09448818897637795,0.031496062992125984,-0.8031496062992126,-0.8441670585974941,0.7541494090695484,-0.022958293508110184,1.0,2.0,0.13162076964875405,1.067758509955043,0.7716535433070866,-0.7429351316634399,0.09448818897637795,0.20410996945292645,0.46788990825688076,2.3906551059729955,1.968503937007874,-1.1209063362592027,-0.08353760145338981,1.4033348355114923,0.7298850574712644,7.075305073859996,21.275590551181104
CFD_ATAS_0088_20250407_1150,atas-mt5-lead-lab-causal-v1,2025-04-07,2025-04-07T11:50:00-04:00,2025-04-07T11:51:00-04:00,2025-04-07T11:53:00-04:00,2025-04-07T15:51:00+00:00,2025-04-07T15:53:00+00:00,LONG,INFERIOR,1.0,11.0,50.0,140.0,0.0,4.0,5.7876,4.9694,51.30357142857143,73.21428571428571,1.427079707622694,0.728994082840265,2.293212669683286,2.506648103028165,0.18780487804878052,0.5804878048780489,0.7170731707317074,0.5411892047914845,1.7127248648052373,1.7895749322964574,0.0,1.0,1.0688719866292342,1.207518273581636,0.8878048780487806,0.7786982248520852,0.18780487804878052,0.989230769230758,0.525,4.036756004176861,1.826829268292683,0.5429812303792526,0.16619608640306166,1.568659568659575,0.7896003851709196,6.135050469892098,23.065853658536586
CFD_ATAS_0089_20250407_1235,atas-mt5-lead-lab-causal-v1,2025-04-07,2025-04-07T12:35:00-04:00,2025-04-07T12:36:00-04:00,2025-04-07T12:36:00-04:00,2025-04-07T16:36:00+00:00,2025-04-07T16:36:00+00:00,LONG,INFERIOR,1.0,12.0,35.0,185.0,0.0,4.0,5.4249,1.5981,54.90714285714343,58.57142857142857,1.0667360478730212,-0.7020944451671448,-0.15480681670352384,-0.8532587485365211,-0.46951219512195125,-0.4054878048780488,0.25609756097560976,-0.23258225004519356,0.250680988174525,-1.1093563095121308,2.0,2.0,-0.1380997162928241,1.1929231169506835,1.1097560975609757,-0.7376089501756136,-0.5335365853658537,0.18979137127811127,0.15384615384615385,2.561597502276571,1.600609756097561,1.552213483026406,0.24115591786276006,1.3115509298754566,0.9668386145910096,8.017171848575448,28.83231707317073
CFD_ATAS_0090_20250407_1241,atas-mt5-lead-lab-causal-v1,2025-04-07,2025-04-07T12:41:00-04:00,2025-04-07T12:42:00-04:00,2025-04-07T12:42:00-04:00,2025-04-07T16:42:00+00:00,2025-04-07T16:42:00+00:00,LONG,INFERIOR,1.0,12.0,41.0,191.0,0.0,4.0,5.2307,1.8507,67.11428571428613,49.107142857142854,0.7316943380161726,-0.2786292039165152,-0.04916985951467596,-0.9074074074073694,-0.6618181818181819,-1.3490909090909091,-1.1454545454545455,0.38318897790166667,1.2999210495762332,0.23804713804717614,2.0,3.0,-1.0732620546197498,0.7576628352490158,0.8400000000000001,-0.2808641975308408,-0.6618181818181819,0.24311377245507756,0.5056179775280899,1.6948701575138252,1.6290909090909091,1.070478543006123,-0.07081490823089587,1.603139396007511,0.8396946564885495,7.888782460621504,34.38909090909091
CFD_ATAS_0091_20250407_1513,atas-mt5-lead-lab-causal-v1,2025-04-07,2025-04-07T15:13:00-04:00,2025-04-07T15:14:00-04:00,2025-04-07T15:14:00-04:00,2025-04-07T19:14:00+00:00,2025-04-07T19:14:00+00:00,LONG,INFERIOR,1.0,15.0,13.0,343.0,0.0,4.0,6.9507,2.1443,52.57857142857184,53.75,1.022279581578582,0.8301861160168666,1.616628175519618,0.8729792147806212,-0.046511627906976744,0.13953488372093023,-0.4186046511627907,0.8766977439238434,1.4770932917986876,1.291583865943412,2.0,4.0,0.37547561038437105,1.3104197799212238,0.5348837209302325,0.8045102567585725,-0.09302325581395349,0.26842105263158744,0.24324324324324326,2.304170628990636,1.4883720930232558,-0.3304349744660696,-0.27226985484552224,0.7627781663687562,0.9764801297648013,31.952180410270092,31.41860465116279
CFD_ATAS_0092_20250408_1103,atas-mt5-lead-lab-causal-v1,2025-04-08,2025-04-08T11:03:00-04:00,2025-04-08T11:04:00-04:00,2025-04-08T11:04:00-04:00,2025-04-08T15:04:00+00:00,2025-04-08T15:04:00+00:00,SHORT,SUPERIOR,0.0,11.0,3.0,93.0,1.0,4.0,6.1166,2.5426,21.746428571428623,28.928571428571427,1.330267695844963,0.3333880768599105,1.793397930694691,1.411726063393034,-0.17283950617283952,-1.080246913580247,-0.9506172839506173,0.5062275830327501,2.873644844274938,2.3623433473436513,3.0,4.0,-0.612164728041849,1.0783379865331233,0.9074074074074074,0.3218919362785343,-0.17283950617283952,0.6490486257928372,0.4230769230769231,2.655608474297908,2.419753086419753,-0.5716373472821047,-0.2824604405027693,1.0462199312714802,0.7570093457943925,13.662013466907439,10.283950617283951
CFD_ATAS_0093_20250408_1403,atas-mt5-lead-lab-causal-v1,2025-04-08,2025-04-08T14:03:00-04:00,2025-04-08T14:04:00-04:00,2025-04-08T14:04:00-04:00,2025-04-08T18:04:00+00:00,2025-04-08T18:04:00+00:00,LONG,INFERIOR,1.0,14.0,3.0,273.0,1.0,4.0,7.6664,2.4859,27.753571428571636,40.80357142857143,1.470209754214376,0.16033972461706034,1.1421953416547572,1.01068073606997,0.42888402625820565,0.5820568927789934,0.24507658643326038,-0.2685443016411453,0.5601384488757638,0.7656041496367098,1.0,2.0,1.128927433883967,0.8881739801826454,0.6433260393873085,0.22879938231882374,0.45951859956236324,0.41463414634146606,0.0975609756097561,2.466349247201009,1.562363238512035,0.9196958599112729,-0.007309855162220952,0.7600000000000084,0.8805394990366089,22.245785613177084,21.291028446389497
CFD_ATAS_0094_20250408_1421,atas-mt5-lead-lab-causal-v1,2025-04-08,2025-04-08T14:21:00-04:00,2025-04-08T14:22:00-04:00,2025-04-08T14:22:00-04:00,2025-04-08T18:22:00+00:00,2025-04-08T18:22:00+00:00,LONG,INFERIOR,1.0,14.0,21.0,291.0,1.0,4.0,5.8443,2.9205,32.83214285714348,33.75,1.0279560535189622,0.2284346785597694,2.366583269879233,1.894484934189043,-0.9629629629629629,-0.7407407407407407,-0.14814814814814814,1.1913976415227323,3.1073240106199735,2.042633082337191,2.0,2.0,-0.441270205496888,0.7172848906777646,1.1851851851851851,0.22234308713148673,-0.9629629629629629,0.6673819742489296,0.06060606060606061,2.995540084847176,1.7777777777777777,0.03787308658695081,0.277506985225089,1.0393442622950975,0.7537387836490528,18.80474273904026,25.74074074074074
CFD_ATAS_0095_20250409_1000,atas-mt5-lead-lab-causal-v1,2025-04-09,2025-04-09T10:00:00-04:00,2025-04-09T10:01:00-04:00,2025-04-09T10:01:00-04:00,2025-04-09T14:01:00+00:00,2025-04-09T14:01:00+00:00,SHORT,SUPERIOR,0.0,10.0,0.0,30.0,2.0,4.0,7.3061,4.9803,51.48928571428639,63.92857142857143,1.2415897898314328,4.600957203301555,6.936394534230289,6.357633349517819,-1.4664804469273742,-1.0754189944134078,-1.0167597765363128,6.067437650228929,8.011813528643698,7.374393126054132,2.0,3.0,-0.8953271030462115,5.249635846569938,2.111731843575419,4.713601997641625,-1.4860335195530725,0.8388212684176929,0.34210526315789475,7.688978289519245,2.424581005586592,6.825381950123671,-0.4114198713066859,1.90650621528692,0.8518738845925045,7.688978289519245,5.846368715083798
CFD_ATAS_0096_20250409_1005,atas-mt5-lead-lab-causal-v1,2025-04-09,2025-04-09T10:05:00-04:00,2025-04-09T10:06:00-04:00,2025-04-09T10:06:00-04:00,2025-04-09T14:06:00+00:00,2025-04-09T14:06:00+00:00,LONG,INFERIOR,1.0,10.0,5.0,35.0,2.0,4.0,6.6434,1.8428,70.81785714285745,60.714285714285715,0.8573301729789665,-0.6206061828634903,0.07837006404759643,-0.1588582379343379,-0.988235294117647,-1.5852941176470587,-1.2970588235294118,0.36762911125415665,1.6636641816946551,1.1382005855950739,3.0,3.0,-0.8756368172463194,0.7250996015936019,1.3176470588235294,-0.6361389883503829,-0.988235294117647,0.042428813878937384,0.6923076923076923,2.309445761258742,2.429411764705882,1.4125946037227266,-0.348175224841659,2.5575906100863475,0.891218872870249,6.024610419083156,6.5058823529411764
CFD_ATAS_0097_20250409_1210,atas-mt5-lead-lab-causal-v1,2025-04-09,2025-04-09T12:10:00-04:00,2025-04-09T12:11:00-04:00,2025-04-09T12:11:00-04:00,2025-04-09T16:11:00+00:00,2025-04-09T16:11:00+00:00,SHORT,SUPERIOR,0.0,12.0,10.0,160.0,2.0,4.0,5.483,2.1046,53.07142857142883,30.446428571428573,0.5736877523553134,-0.1921938088829199,1.3114401076715678,0.41170928667560985,-0.4926686217008797,-1.313782991202346,-1.6422287390029324,0.30047481281795985,2.6252230988739136,2.0539380256785424,3.0,4.0,-0.6622596646368208,0.5662180349932541,1.2727272727272727,-0.15168236877522107,-0.45161290322580644,0.15862068965516185,0.6666666666666666,2.123553162853301,2.6686217008797652,0.2753026280194836,-0.3307929112205908,1.750500647897292,0.8061465721040189,9.45706594885597,12.973607038123166
CFD_ATAS_0098_20250409_1406,atas-mt5-lead-lab-causal-v1,2025-04-09,2025-04-09T14:06:00-04:00,2025-04-09T14:07:00-04:00,2025-04-09T14:07:00-04:00,2025-04-09T18:07:00+00:00,2025-04-09T18:07:00+00:00,LONG,INFERIOR,1.0,14.0,6.0,276.0,2.0,4.0,6.4477,2.986,43.75,86.25,1.9714285714285715,0.68,2.483428571428605,2.467428571428588,-0.18840579710144928,-1.3043478260869565,-0.8115942028985508,0.8684057971014494,3.7877763975155614,3.2790227743271387,3.0,3.0,-0.8110341377762582,1.7542857142857142,0.7971014492753623,0.6788571428571595,-0.2028985507246377,0.708101016726797,0.45161290322580644,4.003428571428604,1.7681159420289856,-0.01860017127474746,-0.08290213093065085,0.8900999091734716,0.7304347826086957,16.35771428571432,20.89855072463768
CFD_ATAS_0099_20250410_1002,atas-mt5-lead-lab-causal-v1,2025-04-10,2025-04-10T10:02:00-04:00,2025-04-10T10:03:00-04:00,2025-04-10T10:03:00-04:00,2025-04-10T14:03:00+00:00,2025-04-10T14:03:00+00:00,LONG,INFERIOR,1.0,10.0,2.0,32.0,3.0,4.0,8.2772,3.6233,19.900000000000155,56.964285714285715,2.862526920315843,-0.005025125628250352,2.090452261306443,0.9748743718591792,0.8557993730407524,-0.109717868338558,-1.1191222570532915,-0.8608244986690027,2.200170129645001,2.0939966289124707,2.0,4.0,-0.09747326225975672,1.3090452261306065,1.1191222570532915,-0.0075376884422841215,0.8119122257053292,0.2465057179161072,0.3953488372093023,2.861809045226145,2.4357366771159876,-1.312103244003573,-0.052933531694413984,1.0689688249400415,0.9601203912716328,6.678391959799016,5.047021943573667
CFD_ATAS_0100_20250410_1111,atas-mt5-lead-lab-causal-v1,2025-04-10,2025-04-10T11:11:00-04:00,2025-04-10T11:12:00-04:00,2025-04-10T11:12:00-04:00,2025-04-10T15:12:00+00:00,2025-04-10T15:12:00+00:00,LONG,INFERIOR,1.0,11.0,11.0,101.0,3.0,4.0,5.6981,1.9278,21.642857142857142,30.803571428571427,1.4232673267326732,-0.24026402640267389,0.071617161716138,-0.43432343234330156,-0.6086956521739131,-0.527536231884058,-0.16231884057971016,0.3684316257712392,0.5991533936001959,-0.2720045917635914,2.0,2.0,0.062246958159359066,0.6514851485147842,1.055072463768116,-0.30033003300330036,-0.6086956521739131,0.3051948051948957,0.1,1.825082508250825,1.663768115942029,1.3196404145732117,-0.28567034260092455,1.2856688235918148,0.7180020811654527,8.589438943894457,10.063768115942029
CFD_ATAS_0101_20250410_1210,atas-mt5-lead-lab-causal-v1,2025-04-10,2025-04-10T12:10:00-04:00,2025-04-10T12:11:00-04:00,2025-04-10T12:11:00-04:00,2025-04-10T16:11:00+00:00,2025-04-10T16:11:00+00:00,SHORT,SUPERIOR,0.0,12.0,10.0,160.0,3.0,4.0,6.0637,1.9107,24.46071428571434,53.92857142857143,2.2047014162651437,-0.3556723609286317,1.2080595707402217,-0.766535260621987,0.32450331125827814,0.3708609271523179,-0.7880794701986754,-0.6801756721869099,0.8371986435879039,0.021544209576688456,1.0,3.0,0.3735690661953027,0.9729887574829611,1.0894039735099337,-0.3515841728720406,0.30132450331125826,0.1968503937007874,0.3617021276595745,2.258723901299455,2.294701986754967,-1.0926013848145997,0.4377907869621192,0.9047556142668579,1.448441247002398,11.05650459921157,13.235099337748343
CFD_ATAS_0102_20250410_1429,atas-mt5-lead-lab-causal-v1,2025-04-10,2025-04-10T14:29:00-04:00,2025-04-10T14:30:00-04:00,2025-04-10T14:34:00-04:00,2025-04-10T18:30:00+00:00,2025-04-10T18:34:00+00:00,LONG,INFERIOR,1.0,14.0,29.0,299.0,3.0,4.0,7.0907,1.5689,27.39642857142826,52.5,1.9163081736410073,-0.6935210533176979,-1.9254334506583455,-1.483770043019233,0.35714285714285715,0.16666666666666666,1.5238095238095237,-1.050663910460555,-2.092100117325012,-3.007579566828757,1.0,1.0,0.9622453801511992,0.8961022031025778,0.7142857142857143,-0.6515447790380222,0.38095238095238093,0.44450519409516404,0.7441860465116279,2.0659627167252994,2.380952380952381,1.7404973390804195,0.3296696442473967,0.8416259805803702,0.96,19.610220310259642,18.142857142857142
CFD_ATAS_0103_20250410_1508,atas-mt5-lead-lab-causal-v1,2025-04-10,2025-04-10T15:08:00-04:00,2025-04-10T15:09:00-04:00,2025-04-10T15:09:00-04:00,2025-04-10T19:09:00+00:00,2025-04-10T19:09:00+00:00,LONG,INFERIOR,1.0,15.0,8.0,338.0,3.0,4.0,5.7901,1.7444,49.65357142857153,56.517857142857146,1.138243544558726,0.42695821045818827,1.586995612457725,1.1842048478745424,-1.0394944707740916,-2.0126382306477093,-2.5434439178515005,1.4664526812322798,3.599633843105434,3.727648765726043,2.0,4.0,-1.567428961764728,0.804574552254922,1.3048973143759872,0.4289721642810749,-1.0616113744075828,0.5951417004048554,0.8518518518518519,2.1539236136085838,2.985781990521327,-0.4307578526390589,-0.1706003550948442,1.4307913965215675,1.067453625632378,16.999784219233266,16.85308056872038
CFD_ATAS_0104_20250410_1546,atas-mt5-lead-lab-causal-v1,2025-04-10,2025-04-10T15:46:00-04:00,2025-04-10T15:47:00-04:00,2025-04-10T15:47:00-04:00,2025-04-10T19:47:00+00:00,2025-04-10T19:47:00+00:00,SHORT,SUPERIOR,0.0,15.0,46.0,376.0,3.0,4.0,5.6448,1.7044,53.96071428571434,46.07142857142857,0.8537957508769599,-0.29929181282681866,0.39195181679789415,0.4938778211661514,-0.624031007751938,-1.7635658914728682,-0.4612403100775194,0.3247391949251193,2.1555177082707626,0.9551181312436708,3.0,3.0,-0.5933078567004021,0.819114435104917,1.2751937984496124,-0.28075981203259004,-0.6511627906976745,0.1690453536314428,0.1504424778761062,1.8207690780329586,2.197674418604651,-0.6164899030859365,0.06460171571741946,1.0655148095909717,0.852188274153592,20.068303660070164,20.674418604651162
CFD_ATAS_0105_20250411_1100,atas-mt5-lead-lab-causal-v1,2025-04-11,2025-04-11T11:00:00-04:00,2025-04-11T11:01:00-04:00,2025-04-11T11:01:00-04:00,2025-04-11T15:01:00+00:00,2025-04-11T15:01:00+00:00,SHORT,SUPERIOR,0.0,11.0,0.0,90.0,4.0,4.0,5.5017,1.8779,27.178571428571427,50.089285714285715,1.8429697766097242,-0.4783180026281209,0.3127463863337714,-2.5332457293034945,-1.3226381461675578,-0.19964349376114082,-0.37433155080213903,0.844320143539437,0.5123898800949123,-2.1589141785013553,1.0,2.0,0.11430076802001665,1.1130091984231276,3.5935828877005345,-0.5095926412614445,-1.3475935828877006,0.6150066994193867,0.14285714285714285,3.4273324572929553,3.5935828877005345,-1.0304313607392677,0.31483830545678543,1.2094723458359666,0.9389121338912134,8.707227332457347,7.561497326203209
CFD_ATAS_0106_20250411_1203,atas-mt5-lead-lab-causal-v1,2025-04-11,2025-04-11T12:03:00-04:00,2025-04-11T12:04:00-04:00,2025-04-11T12:04:00-04:00,2025-04-11T16:04:00+00:00,2025-04-11T16:04:00+00:00,LONG,INFERIOR,1.0,12.0,3.0,153.0,4.0,4.0,5.9503,2.0365,23.046428571429455,28.392857142857142,1.231985123198465,-0.09762900976289723,0.5250271191692953,0.9545947621261063,-0.7044025157232705,-1.3647798742138364,-1.10062893081761,0.6067735059603733,1.8898069933831319,2.0552236929437164,2.0,2.0,-0.47543187642321005,0.835270416860343,0.8805031446540881,-0.036882070354967,-0.7484276729559749,0.6984126984126984,0.5102040816326531,2.2476367580968915,1.4968553459119498,0.4220412270484125,-0.5563568912840791,0.8804748260335886,0.7251995438996579,10.268402293506565,13.339622641509434
CFD_ATAS_0107_20250411_1556,atas-mt5-lead-lab-causal-v1,2025-04-11,2025-04-11T15:56:00-04:00,2025-04-11T15:57:00-04:00,2025-04-11T15:57:00-04:00,2025-04-11T19:57:00+00:00,2025-04-11T19:57:00+00:00,SHORT,SUPERIOR,0.0,15.0,56.0,386.0,4.0,4.0,5.4446,1.5239,28.90714285714239,27.053571428571427,0.9358784284655451,0.9997529033852901,0.4410674573758411,0.4168519891277305,-0.23102310231023104,-1.2013201320132014,-0.5544554455445545,1.230776005695521,1.6423875893890425,0.971307434672285,2.0,2.0,-0.05440229651342967,1.5290338522362743,0.6468646864686469,1.010130961205873,-0.23102310231023104,0.12894596040661574,0.3,1.9095626389919018,2.5412541254125416,1.1323276662019424,-0.24151392822955428,1.0183053406302836,1.0323679727427597,17.537188040524153,22.316831683168317
CFD_ATAS_0108_20250414_1103,atas-mt5-lead-lab-causal-v1,2025-04-14,2025-04-14T11:03:00-04:00,2025-04-14T11:04:00-04:00,2025-04-14T11:05:00-04:00,2025-04-14T15:04:00+00:00,2025-04-14T15:05:00+00:00,LONG,INFERIOR,1.0,11.0,3.0,93.0,0.0,4.0,6.8659,3.2988,12.932142857142805,24.464285714285715,1.8917426125379806,0.5064899199115724,-0.4639602319801178,1.1792322562827995,-0.35766423357664234,-0.35766423357664234,-0.9708029197080291,0.8641541534882148,-0.10629599840347548,2.1500351759908285,2.0,3.0,0.9958362102556131,1.3377520022092835,1.2773722627737225,0.5219552609776326,-0.35766423357664234,0.3187042842215353,0.5428571428571428,3.0428058547361605,2.656934306569343,-1.3830456487520282,-0.2578152318104998,1.291599785981726,0.8118518518518519,8.447942557304646,10.883211678832117
CFD_ATAS_0109_20250414_1143,atas-mt5-lead-lab-causal-v1,2025-04-14,2025-04-14T11:43:00-04:00,2025-04-14T11:44:00-04:00,2025-04-14T11:44:00-04:00,2025-04-14T15:44:00+00:00,2025-04-14T15:44:00+00:00,SHORT,SUPERIOR,0.0,11.0,43.0,133.0,0.0,4.0,6.4963,2.761,11.550000000000052,24.910714285714285,2.156771799628933,-0.34632034632034475,1.5844155844155143,1.0692640692639384,-0.5519713261648745,-0.6021505376344086,-0.2007168458781362,0.2056509798445298,2.186566122049923,1.2699809151420745,2.0,3.0,-0.3374812409086036,0.8311688311690164,0.8028673835125448,-0.3506493506492861,-0.5519713261648745,0.3829457364340634,0.1,2.909090909091085,1.6559139784946237,-1.1254283938402598,-0.029096316033267282,1.1519145146927625,1.0588235294117647,11.380952380952392,15.505376344086022
CFD_ATAS_0110_20250414_1155,atas-mt5-lead-lab-causal-v1,2025-04-14,2025-04-14T11:55:00-04:00,2025-04-14T11:56:00-04:00,2025-04-14T11:56:00-04:00,2025-04-14T15:56:00+00:00,2025-04-14T15:56:00+00:00,SHORT,SUPERIOR,0.0,11.0,55.0,145.0,0.0,4.0,5.4491,1.6122,9.34285714285787,28.839285714285715,3.0867737003055704,-0.02675840978593064,-0.16590214067308148,-0.16055045871558385,-0.6501547987616099,-1.8637770897832817,-1.3003095975232197,0.6233963889756792,1.6978749491102003,1.1397591388076358,3.0,3.0,-1.5691533501484523,0.4923547400613574,1.1702786377708978,-0.06422018348646717,-0.6501547987616099,0.08620689655175298,0.5357142857142857,1.9961773700305814,2.2538699690402475,-0.3113150212241118,-0.05957695062454133,0.9056603773585541,1.1985157699443414,14.069571865442407,15.647058823529411
CFD_ATAS_0111_20250414_1231,atas-mt5-lead-lab-causal-v1,2025-04-14,2025-04-14T12:31:00-04:00,2025-04-14T12:32:00-04:00,2025-04-14T12:32:00-04:00,2025-04-14T16:32:00+00:00,2025-04-14T16:32:00+00:00,SHORT,SUPERIOR,0.0,12.0,31.0,181.0,0.0,4.0,6.5687,3.4382,16.017857142857142,37.410714285714285,2.3355629877369006,2.550278706800355,2.322408026755898,2.8499442586400017,-0.6014319809069213,-1.1694510739856803,-0.5346062052505967,3.1517106877072765,3.4918591007415785,3.3845504638905983,3.0,4.0,-0.5915608025948086,3.5616499442585945,0.9689737470167065,2.5690078037905035,-0.6014319809069213,0.5667287399131462,0.21621621621621623,3.698996655518395,1.6706443914081146,1.394601361489148,-0.2743505362342612,1.6135995682676487,1.2972136222910216,11.952285395763703,13.83293556085919
CFD_ATAS_0112_20250414_1247,atas-mt5-lead-lab-causal-v1,2025-04-14,2025-04-14T12:47:00-04:00,2025-04-14T12:48:00-04:00,2025-04-14T12:51:00-04:00,2025-04-14T16:48:00+00:00,2025-04-14T16:51:00+00:00,LONG,INFERIOR,1.0,12.0,47.0,197.0,0.0,4.0,5.9813,2.0535,41.56428571428556,21.785714285714285,0.5241450421034561,0.1323251417769381,-0.5870424471559059,-0.45231139371024365,0.05737704918032787,0.11475409836065574,1.3770491803278688,0.07494809259661023,-0.7017965455165617,-1.8293605740381125,1.0,1.0,2.708336329044818,1.0164976800137517,0.45901639344262296,0.1058601134215855,0.11475409836065574,0.12685560053980555,0.8571428571428571,2.3168929369307354,2.1229508196721314,1.224690137455979,-0.2624587381573846,4.089966613951693,0.7484662576687116,6.426190067021901,23.75409836065574
CFD_ATAS_0113_20250415_1054,atas-mt5-lead-lab-causal-v1,2025-04-15,2025-04-15T10:54:00-04:00,2025-04-15T10:55:00-04:00,2025-04-15T10:59:00-04:00,2025-04-15T14:55:00+00:00,2025-04-15T14:59:00+00:00,LONG,INFERIOR,1.0,10.0,54.0,84.0,1.0,4.0,8.3644,1.633,14.36428571428613,35.267857142857146,2.4552461461958517,0.6021879661860611,1.7752362008950258,0.8145201392342389,0.3189873417721519,0.3544303797468354,0.1772151898734177,0.2832006244139092,1.4208058211481904,0.6373049493608213,1.0,2.0,0.5113148281619666,0.6439582297364309,0.5670886075949366,0.5917454002983419,0.3189873417721519,0.29770992366414617,0.06329113924050633,2.206862257583279,1.4886075949367088,0.9062528139050109,0.036299623605208615,1.5922406967539309,1.2660256410256412,9.46792640477347,6.237974683544303
CFD_ATAS_0114_20250415_1124,atas-mt5-lead-lab-causal-v1,2025-04-15,2025-04-15T11:24:00-04:00,2025-04-15T11:25:00-04:00,2025-04-15T11:25:00-04:00,2025-04-15T15:25:00+00:00,2025-04-15T15:25:00+00:00,LONG,INFERIOR,1.0,11.0,24.0,114.0,1.0,4.0,5.7862,1.5202,12.725000000000104,19.821428571428573,1.5576761156328809,-0.07465618860487873,0.03143418467594907,-1.7328094302553314,0.3153153153153153,-0.25225225225225223,0.12612612612612611,-0.38997150392019403,0.2836864369282013,-1.8589355563814576,2.0,3.0,0.2976636517172058,0.8015717092338424,0.6936936936936936,-0.13359528487206881,0.3153153153153153,0.8497109826589077,0.07142857142857142,3.229862475442188,1.5135135135135134,1.5528395788499907,0.028709456383913336,1.1275316455695776,0.6926677067082684,11.980353634577561,11.099099099099098
CFD_ATAS_0115_20250415_1147,atas-mt5-lead-lab-causal-v1,2025-04-15,2025-04-15T11:47:00-04:00,2025-04-15T11:48:00-04:00,2025-04-15T11:52:00-04:00,2025-04-15T15:48:00+00:00,2025-04-15T15:52:00+00:00,SHORT,SUPERIOR,0.0,11.0,47.0,137.0,1.0,4.0,8.2833,2.1206,10.97857142857122,20.892857142857142,1.9030579050097953,0.018217306441185684,1.639557579700747,-0.4463240078072267,0.47863247863247865,0.5384615384615384,0.23931623931623933,-0.46041517219129297,1.1010960412392086,-0.685640247123466,1.0,3.0,0.6717739716042122,0.8562134027327448,1.3162393162393162,0.009108653220758527,0.47863247863247865,0.11980440097794813,0.1111111111111111,2.532205595315532,2.034188034188034,-1.0908358866734984,0.025955142723771616,0.8518775114313042,0.88468809073724,15.553025374105696,10.52991452991453
CFD_ATAS_0116_20250415_1259,atas-mt5-lead-lab-causal-v1,2025-04-15,2025-04-15T12:59:00-04:00,2025-04-15T13:00:00-04:00,2025-04-15T13:03:00-04:00,2025-04-15T17:00:00+00:00,2025-04-15T17:03:00+00:00,SHORT,SUPERIOR,0.0,12.0,59.0,209.0,1.0,4.0,6.0802,2.195,23.596428571428987,18.303571428571427,0.7756924474042545,0.8984410473740123,1.3285908884515572,1.519297714545091,-0.0,0.34146341463414637,1.5707317073170732,0.8984410473740123,0.9871274738174107,-0.05143399277198224,1.0,2.0,1.2597623970496707,1.2205236869985854,0.6829268292682927,0.953534130467669,-0.06829268292682927,0.5536679536679312,0.40350877192982454,2.146511275919349,2.731707317073171,-0.8902446379787038,0.06914832394168731,2.3145909966719858,1.1420612813370472,11.925533525049042,12.019512195121953
CFD_ATAS_0117_20250415_1347,atas-mt5-lead-lab-causal-v1,2025-04-15,2025-04-15T13:47:00-04:00,2025-04-15T13:48:00-04:00,2025-04-15T13:50:00-04:00,2025-04-15T17:48:00+00:00,2025-04-15T17:50:00+00:00,SHORT,SUPERIOR,0.0,13.0,47.0,257.0,1.0,4.0,5.7526,4.0772,30.857142857143376,18.125,0.5873842592592494,0.21064814814814461,1.3627314814815528,0.10208333333337878,-0.0,0.27586206896551724,0.06896551724137931,0.21064814814814461,1.0868694125160356,0.03311781609199947,1.0,2.0,0.7071013693179903,1.2460648148148175,0.7586206896551724,0.2997685185185135,-0.0,0.038912909203227736,0.043478260869565216,3.265046296296241,1.5172413793103448,-0.020283685390022167,0.17409887627165083,1.1740725642071108,0.90625,9.987962962962818,13.03448275862069
CFD_ATAS_0118_20250415_1514,atas-mt5-lead-lab-causal-v1,2025-04-15,2025-04-15T15:14:00-04:00,2025-04-15T15:15:00-04:00,2025-04-15T15:15:00-04:00,2025-04-15T19:15:00+00:00,2025-04-15T19:15:00+00:00,SHORT,SUPERIOR,0.0,15.0,14.0,344.0,1.0,4.0,5.8351,1.7284,15.642857142857403,15.178571428571429,0.9703196347031802,-0.7735159817352865,0.060730593607118875,-0.3579908675800422,-0.32941176470588235,-2.0588235294117645,-1.6470588235294117,-0.4441042170294041,2.1195541230188835,1.2890679559493694,3.0,4.0,-1.3359189598584849,1.1634703196347302,0.988235294117647,-0.7863013698631867,-0.32941176470588235,0.17554858934173317,0.45454545454545453,1.901826484018233,3.1294117647058823,0.8619312104278201,0.043804441361500204,0.7690281801422313,0.9686609686609686,19.70228310502255,17.129411764705882
CFD_ATAS_0119_20250416_1232,atas-mt5-lead-lab-causal-v1,2025-04-16,2025-04-16T12:32:00-04:00,2025-04-16T12:33:00-04:00,2025-04-16T12:36:00-04:00,2025-04-16T16:33:00+00:00,2025-04-16T16:36:00+00:00,LONG,INFERIOR,1.0,12.0,32.0,182.0,2.0,4.0,5.25,5.9101,19.042857142857297,15.625,0.8205176294073452,0.3413353338334556,3.284696174043446,2.2895723930981795,-0.64,0.08,0.16,0.9813353338334556,3.204696174043446,2.1295723930981794,2.0,3.0,0.5315328376132529,1.2130532633159337,0.96,0.3439609902475209,-0.64,0.5046296296296043,0.058823529411764705,3.9699924981246135,1.44,-1.7801007439642096,0.29808542638977364,1.5419317524581,0.9722222222222221,7.7903225806452125,14.4
CFD_ATAS_0120_20250416_1329,atas-mt5-lead-lab-causal-v1,2025-04-16,2025-04-16T13:29:00-04:00,2025-04-16T13:30:00-04:00,2025-04-16T13:30:00-04:00,2025-04-16T17:30:00+00:00,2025-04-16T17:30:00+00:00,SHORT,SUPERIOR,0.0,13.0,29.0,239.0,2.0,4.0,5.0149,1.8135,19.52142857142826,14.375,0.7363702890596532,0.0640321990486655,-0.3432125869008843,-0.40212221002554477,-0.34782608695652173,-1.7391304347826086,-2.1739130434782608,0.41185828600518726,1.3959178478817242,1.771790833452716,3.0,4.0,0.1274044146839752,0.8247347237467371,0.6956521739130435,0.028174167581375545,-0.34782608695652173,0.18108419838520895,0.9259259259259259,1.9209659714599647,2.869565217391304,-0.18856052232186762,-0.026707838869400972,0.8397603318481949,0.9415204678362573,10.875228686425496,15.652173913043478
CFD_ATAS_0121_20250417_1017,atas-mt5-lead-lab-causal-v1,2025-04-17,2025-04-17T10:17:00-04:00,2025-04-17T10:18:00-04:00,2025-04-17T10:18:00-04:00,2025-04-17T14:18:00+00:00,2025-04-17T14:18:00+00:00,LONG,INFERIOR,1.0,10.0,17.0,47.0,3.0,4.0,7.1018,2.5708,11.607142857142337,32.410714285714285,2.7923076923078174,0.4910769230770078,2.2529230769229898,1.3741538461539704,0.03856749311294766,-0.3085399449035813,-1.3112947658402205,0.45250942996406013,2.561463021826571,2.685448611994191,1.0,3.0,-0.2651673746204354,0.9046153846154251,0.8099173553719009,0.4910769230770078,0.03856749311294766,0.4387895460798614,0.6296296296296297,2.7526153846155705,1.7741046831955924,-1.5571186362010647,0.0034097508001718966,1.1520737327188186,0.9628647214854111,9.313230769231062,4.126721763085399
CFD_ATAS_0122_20250417_1035,atas-mt5-lead-lab-causal-v1,2025-04-17,2025-04-17T10:35:00-04:00,2025-04-17T10:36:00-04:00,2025-04-17T10:40:00-04:00,2025-04-17T14:36:00+00:00,2025-04-17T14:40:00+00:00,SHORT,SUPERIOR,0.0,10.0,35.0,65.0,3.0,4.0,7.6874,2.3582,11.210714285715117,27.142857142857142,2.4211532335136785,0.7715833067856731,1.801847722204455,1.1908251035362645,0.506578947368421,0.7828947368421053,0.09210526315789473,0.2650043594172521,1.0189529853623498,1.0987198403783698,1.0,3.0,1.0708231357437685,1.342465753424493,0.6907894736842105,0.7582032494424414,0.4605263157894737,0.34451612903234674,0.05263157894736842,2.774131889136657,1.9342105263157896,-1.2801464912455025,-0.27196396733089023,1.098704935246883,0.8444444444444443,9.642561325261978,8.888157894736842
CFD_ATAS_0123_20250417_1106,atas-mt5-lead-lab-causal-v1,2025-04-17,2025-04-17T11:06:00-04:00,2025-04-17T11:07:00-04:00,2025-04-17T11:07:00-04:00,2025-04-17T15:07:00+00:00,2025-04-17T15:07:00+00:00,SHORT,SUPERIOR,0.0,11.0,6.0,96.0,3.0,4.0,7.6871,4.4417,19.378571428571377,25.267857142857142,1.3039071138960594,0.20641356431994157,1.1223737559896823,-0.9314412089936989,-2.0282685512367493,-3.11660777385159,-3.067137809187279,2.2346821155566907,4.238981529841272,2.1356966001935804,3.0,4.0,-1.3234743722710165,0.8256542572797663,2.6219081272084805,0.21157390342786503,-2.0282685512367493,0.29325751421607615,0.9393939393939394,4.783634353114496,4.402826855123675,1.0496483227420628,-0.011378729200038617,1.8349678728442023,0.9625850340136054,8.519719867305513,9.79505300353357
CFD_ATAS_0124_20250417_1213,atas-mt5-lead-lab-causal-v1,2025-04-17,2025-04-17T12:13:00-04:00,2025-04-17T12:14:00-04:00,2025-04-17T12:14:00-04:00,2025-04-17T16:14:00+00:00,2025-04-17T16:14:00+00:00,LONG,INFERIOR,1.0,12.0,13.0,163.0,3.0,4.0,7.3709,1.9223,14.189285714285818,43.660714285714285,3.077019884218452,0.11276113767923214,0.5779008306063852,0.3136169141704445,0.4867075664621677,-0.4867075664621677,-1.3456032719836402,-0.37394642878293555,1.064608397068553,1.6592201861540847,1.0,3.0,-0.3019660505106323,0.8457085325950102,1.803680981595092,0.1339038509940561,0.4867075664621677,0.10011248593919868,0.5529411764705883,1.7971306317643967,2.462167689161554,0.5326354226817535,-0.191950794661022,1.0670068483953181,1.7371225577264655,11.635539894286246,5.668711656441718
CFD_ATAS_0125_20250417_1243,atas-mt5-lead-lab-causal-v1,2025-04-17,2025-04-17T12:43:00-04:00,2025-04-17T12:44:00-04:00,2025-04-17T12:44:00-04:00,2025-04-17T16:44:00+00:00,2025-04-17T16:44:00+00:00,LONG,INFERIOR,1.0,12.0,43.0,193.0,3.0,4.0,5.329,2.3527,33.54642857142868,22.857142857142858,0.6813584584264857,-0.4158415841584362,0.2891514957947615,1.0001064622591043,-1.0390625,-1.75,-2.4609375,0.6232209158415638,2.0391514957947616,3.4610439622591045,3.0,4.0,-0.44469852963300127,1.126796550622779,1.9140625,-0.4188225274140087,-1.0390625,0.4015559545182473,0.9183673469387755,2.2476312147343047,2.8984375,-0.36555625421950827,-0.15096649610310525,2.273783587509093,0.8605042016806723,7.11402107952722,10.828125
CFD_ATAS_0126_20250417_1324,atas-mt5-lead-lab-causal-v1,2025-04-17,2025-04-17T13:24:00-04:00,2025-04-17T13:25:00-04:00,2025-04-17T13:26:00-04:00,2025-04-17T17:25:00+00:00,2025-04-17T17:26:00+00:00,LONG,INFERIOR,1.0,13.0,24.0,234.0,3.0,4.0,5.0945,1.7317,24.0178571428574,16.339285714285715,0.6802973977695095,-0.7765055762080791,-0.4371747211895864,-1.1512267657991533,0.4590163934426229,-0.30601092896174864,-1.07103825136612,-1.235521969650702,-0.13116379222783775,-0.08018851443303321,2.0,3.0,0.4128399319028802,1.0221561338289549,0.8415300546448087,-0.8035687732341618,0.53551912568306,0.40101522842636006,0.4666666666666667,1.996431226765808,1.7595628415300546,0.8013204888149539,0.02082070644386513,0.7824316463060004,0.760914760914761,11.143791821561127,15.147540983606557
CFD_ATAS_0127_20250417_1342,atas-mt5-lead-lab-causal-v1,2025-04-17,2025-04-17T13:42:00-04:00,2025-04-17T13:43:00-04:00,2025-04-17T13:43:00-04:00,2025-04-17T17:43:00+00:00,2025-04-17T17:43:00+00:00,LONG,INFERIOR,1.0,13.0,42.0,252.0,3.0,4.0,5.3572,3.0855,27.04285714285756,17.767857142857142,0.6570258848388699,0.012942419440122777,1.8119387216058886,2.1170100369783085,-1.1256281407035176,-2.6733668341708543,-1.6884422110552764,1.1385705601436404,4.485305555776743,3.8054522480335846,3.0,3.0,-1.1255022389686729,0.7044374009508338,1.2663316582914572,-0.01664025356579527,-1.1256281407035176,0.6843992827256307,0.46153846153846156,3.096936080295779,3.1658291457286434,-0.6633046603123361,-0.1279404637664851,0.8848895640995955,0.9925187032418952,13.321447437929008,13.929648241206031
CFD_ATAS_0128_20250417_1532,atas-mt5-lead-lab-causal-v1,2025-04-17,2025-04-17T15:32:00-04:00,2025-04-17T15:33:00-04:00,2025-04-17T15:33:00-04:00,2025-04-17T19:33:00+00:00,2025-04-17T19:33:00+00:00,SHORT,SUPERIOR,0.0,15.0,32.0,362.0,3.0,4.0,6.2561,1.7477,21.357142857143117,21.964285714285715,1.0284280936454724,0.2903010033443418,0.44949832775912374,0.1521739130434764,0.7967479674796748,-0.6829268292682926,0.5691056910569106,-0.5064469641353331,1.1324251570274164,-0.4169317780134342,2.0,2.0,0.07517656747103153,0.8264214046823324,0.9674796747967479,0.2832775919732066,0.7967479674796748,0.0560828300258872,0.16129032258064516,1.8096989966553942,2.105691056910569,-0.30583453295732754,-0.3387641460524281,0.8404778636683209,1.1522248243559718,16.867892976588422,12.008130081300813
CFD_ATAS_0129_20250417_1548,atas-mt5-lead-lab-causal-v1,2025-04-17,2025-04-17T15:48:00-04:00,2025-04-17T15:49:00-04:00,2025-04-17T15:49:00-04:00,2025-04-17T19:49:00+00:00,2025-04-17T19:49:00+00:00,LONG,INFERIOR,1.0,15.0,48.0,378.0,3.0,4.0,5.0769,2.5231,22.514285714286284,19.464285714285715,0.8645304568527701,-0.8683375634517223,0.9904822335026423,0.3153553299493275,-0.25688073394495414,-1.4770642201834863,-2.1192660550458715,-0.6114568295067682,2.4675464536861287,2.434621384995199,3.0,5.0,-1.326853416563458,1.1859137055837585,0.7706422018348623,-0.8705583756344311,-0.25688073394495414,0.09268929503919035,1.0,2.371827411167356,2.568807339449541,0.12086310653968231,-0.1764562821170707,0.886015460295178,0.9437229437229437,16.00095177664934,13.55045871559633
CFD_ATAS_0130_20250422_1351,atas-mt5-lead-lab-causal-v1,2025-04-22,2025-04-22T13:51:00-04:00,2025-04-22T13:52:00-04:00,2025-04-22T13:54:00-04:00,2025-04-22T17:52:00+00:00,2025-04-22T17:54:00+00:00,SHORT,SUPERIOR,0.0,13.0,51.0,261.0,1.0,4.0,6.8869,1.8772,12.97857142857122,20.357142857142858,1.56851953769953,1.101816180517298,2.6428178315905204,2.623555310952105,0.9210526315789473,1.5964912280701753,2.3947368421052633,0.18076354893835056,1.0463266035203451,0.22881846884684176,1.0,2.0,1.8277726883724028,1.4254265272427307,1.412280701754386,1.1056686846452053,0.9210526315789473,0.9855282199710561,0.7647058823529411,3.1474958723169446,3.070175438596491,-1.5167732133455047,0.15385610925304488,0.7677194464983411,0.7902946273830156,22.475509080903006,20.32456140350877
CFD_ATAS_0131_20250422_1423,atas-mt5-lead-lab-causal-v1,2025-04-22,2025-04-22T14:23:00-04:00,2025-04-22T14:24:00-04:00,2025-04-22T14:24:00-04:00,2025-04-22T18:24:00+00:00,2025-04-22T18:24:00+00:00,SHORT,SUPERIOR,0.0,14.0,23.0,293.0,1.0,4.0,5.0807,2.7786,10.649999999999896,15.267857142857142,1.4336016096579618,0.5821596244132196,-0.9436619718309268,0.5868544600939025,-0.9005847953216375,-2.538011695906433,-3.111111111111111,1.482744419734857,1.594349724075506,3.697965571205014,3.0,5.0,-1.1447794902398134,1.1502347417840488,1.3099415204678364,0.5962441314556098,-0.9005847953216375,0.16129032258064516,1.0,2.4366197183099514,3.60233918128655,3.6548642695737907,0.18377712251873932,0.7885759619198774,0.7245762711864406,32.00938967136195,27.099415204678362
CFD_ATAS_0132_20250423_1008,atas-mt5-lead-lab-causal-v1,2025-04-23,2025-04-23T10:08:00-04:00,2025-04-23T10:09:00-04:00,2025-04-23T10:09:00-04:00,2025-04-23T14:09:00+00:00,2025-04-23T14:09:00+00:00,SHORT,SUPERIOR,0.0,10.0,8.0,38.0,2.0,4.0,6.4242,3.6364,7.467857142856571,48.035714285714285,6.432329029173137,-0.20086083213774852,0.9574366331896422,0.5356288857006627,-0.8847583643122677,-0.6505576208178439,-0.9888475836431228,0.6838975321745192,1.607994254007486,1.5244764693437856,2.0,3.0,-0.4419884267435141,0.8168340506933157,1.1449814126394053,-0.22094691535171823,-0.8847583643122677,0.14336917562727006,0.3392857142857143,3.2137733142039764,1.4052044609665428,0.5475882355918495,0.2506247021230091,1.1951986281794083,0.950530035335689,9.895743663319939,4.736059479553903
CFD_ATAS_0133_20250423_1131,atas-mt5-lead-lab-causal-v1,2025-04-23,2025-04-23T11:31:00-04:00,2025-04-23T11:32:00-04:00,2025-04-23T11:32:00-04:00,2025-04-23T15:32:00+00:00,2025-04-23T15:32:00+00:00,SHORT,SUPERIOR,0.0,11.0,31.0,121.0,2.0,4.0,8.2182,2.1382,8.057142857142805,37.767857142857146,4.68750000000003,-1.998226950354442,-1.7065602836879543,-1.898936170212688,0.4633569739952718,-0.3309692671394799,0.6619385342789598,-2.4615839243497137,-1.3755910165484744,-2.560874704491648,2.0,2.0,-0.18057339947557033,2.258865248227055,0.6950354609929077,-1.985815602836892,0.39716312056737585,0.540636042402815,0.29411764705882354,2.8484042553192577,1.3900709219858154,-1.8207345581773229,-0.11866132351299398,0.9100443727309286,1.6022727272727273,10.425531914893684,7.546099290780141
CFD_ATAS_0134_20250423_1154,atas-mt5-lead-lab-causal-v1,2025-04-23,2025-04-23T11:54:00-04:00,2025-04-23T11:55:00-04:00,2025-04-23T11:55:00-04:00,2025-04-23T15:55:00+00:00,2025-04-23T15:55:00+00:00,SHORT,SUPERIOR,0.0,11.0,54.0,144.0,2.0,4.0,10.5657,2.1566,5.38571428571413,26.696428571428573,4.956896551724282,-0.47347480106156203,1.4575596816973848,0.7427055702917987,-0.9364548494983277,-0.7959866220735785,-1.217391304347826,0.46298004843676566,2.253546303770963,1.9600968746396248,2.0,3.0,-0.7473297351792947,1.0119363395220353,1.2642140468227423,-0.44562334217534944,-0.9364548494983277,0.23809523809519684,0.5,2.67374005305007,2.060200668896321,-0.800759120932265,-0.02600705016343409,0.6776005392046779,0.9074355083459787,19.468169761273504,13.812709030100333
CFD_ATAS_0135_20250423_1228,atas-mt5-lead-lab-causal-v1,2025-04-23,2025-04-23T12:28:00-04:00,2025-04-23T12:29:00-04:00,2025-04-23T12:29:00-04:00,2025-04-23T16:29:00+00:00,2025-04-23T16:29:00+00:00,SHORT,SUPERIOR,0.0,12.0,28.0,178.0,2.0,4.0,9.4046,2.6152,8.724999999999843,24.553571428571427,2.814162914449498,0.7793696275070939,0.727793696274918,0.05157593123175905,-1.781818181818182,-2.1890909090909094,-1.9854545454545456,2.561187809325276,2.9168846053658273,2.0370304766863048,2.0,2.0,-1.8197615431208716,1.2034383954154944,2.1890909090909094,0.8022922636103296,-1.781818181818182,0.016100178890769923,0.52,2.383954154727753,3.2581818181818183,0.23188981686830387,-0.18548447090138306,1.1341689879294823,0.9306260575296108,13.060171919771092,17.054545454545455
CFD_ATAS_0136_20250423_1237,atas-mt5-lead-lab-causal-v1,2025-04-23,2025-04-23T12:37:00-04:00,2025-04-23T12:38:00-04:00,2025-04-23T12:38:00-04:00,2025-04-23T16:38:00+00:00,2025-04-23T16:38:00+00:00,SHORT,SUPERIOR,0.0,12.0,37.0,187.0,2.0,4.0,5.9423,5.2885,31.907142857143167,22.857142857142858,0.7163644504141412,-4.82337139019476,-2.961719274680965,-3.0244011640922026,-0.21875,-1.859375,-2.0234375,-4.60462139019476,-1.102344274680965,-1.0009636640922026,3.0,4.0,-0.9682302543011702,5.150884262368498,0.4921875,-4.835907768077053,-0.2734375,0.39452166802943817,0.7551020408163265,5.150884262368498,2.5703125,-1.3459903687993535,-0.05990656868106195,3.946113074205087,0.8982456140350877,6.9874636221177076,18.3203125
CFD_ATAS_0137_20250423_1426,atas-mt5-lead-lab-causal-v1,2025-04-23,2025-04-23T14:26:00-04:00,2025-04-23T14:27:00-04:00,2025-04-23T14:29:00-04:00,2025-04-23T18:27:00+00:00,2025-04-23T18:29:00+00:00,LONG,INFERIOR,1.0,14.0,26.0,296.0,2.0,4.0,7.026,2.8889,30.867857142857765,24.553571428571427,0.7954413976628325,-1.4983223417794445,-0.8925141733194077,-2.9658683327547473,0.15272727272727274,-0.3563636363636364,-2.341818181818182,-1.6510496145067173,-0.5361505369557713,-0.6240501509365655,1.0,3.0,1.337758569315351,1.707277565660061,1.170909090909091,-1.5469165798912103,0.15272727272727274,0.6426816426816343,0.7666666666666667,3.7838713409695885,3.1054545454545455,1.9868013416900214,0.3493706262434186,1.3541715628672577,1.1752136752136753,10.059007289135513,17.054545454545455
CFD_ATAS_0138_20250424_1100,atas-mt5-lead-lab-causal-v1,2025-04-24,2025-04-24T11:00:00-04:00,2025-04-24T11:01:00-04:00,2025-04-24T11:01:00-04:00,2025-04-24T15:01:00+00:00,2025-04-24T15:01:00+00:00,LONG,INFERIOR,1.0,11.0,0.0,90.0,3.0,4.0,5.1915,1.7968,8.25000000000026,18.392857142857142,2.2294372294371594,0.4666666666664756,1.3272727272727738,1.0606060606060272,0.06796116504854369,-0.06796116504854369,0.0,0.39870550161793195,1.3952338923213174,1.0606060606060272,1.0,1.0,0.21665670908012685,1.1090909090906096,0.7475728155339806,0.5212121212120167,0.06796116504854369,0.4716981132074732,0.0,2.4363636363633834,1.0194174757281553,-0.33972016952876527,-0.05907813620719095,0.7750377453447671,0.9626168224299065,15.090909090908616,18.07766990291262
CFD_ATAS_0139_20250424_1304,atas-mt5-lead-lab-causal-v1,2025-04-24,2025-04-24T13:04:00-04:00,2025-04-24T13:05:00-04:00,2025-04-24T13:05:00-04:00,2025-04-24T17:05:00+00:00,2025-04-24T17:05:00+00:00,SHORT,SUPERIOR,0.0,13.0,4.0,214.0,3.0,4.0,9.3037,1.5414,16.664285714286184,14.107142857142858,0.8465495070724152,-0.5370767252464923,0.1350192884697776,-1.2121731675953802,0.35443037974683544,-0.7974683544303797,0.7088607594936709,-0.8915071049933277,0.9324876429001573,-1.921033927089051,2.0,2.0,-0.5564926791207458,1.0141448778397502,0.9746835443037974,-0.5400771538791104,0.35443037974683544,0.41908713692946936,0.23529411764705882,1.809258465494889,2.0379746835443036,-1.7101820777846672,-0.059904454918147616,0.9960508058490801,0.9875000000000002,21.915130732961277,30.569620253164555
CFD_ATAS_0140_20250424_1526,atas-mt5-lead-lab-causal-v1,2025-04-24,2025-04-24T15:26:00-04:00,2025-04-24T15:27:00-04:00,2025-04-24T15:27:00-04:00,2025-04-24T19:27:00+00:00,2025-04-24T19:27:00+00:00,SHORT,SUPERIOR,0.0,15.0,26.0,356.0,3.0,4.0,7.4873,2.5481,12.960714285714857,14.642857142857142,1.129787820336131,0.5979608707632693,1.9944888399008796,1.4081014053457632,-0.0,-0.08536585365853659,0.5121951219512195,0.5979608707632693,2.079854693559416,0.8959062833945437,1.0,2.0,0.052318989944313485,1.3348029760263385,0.5121951219512195,0.5786718104160671,-0.0,0.4051054384017496,0.25,2.785340314136171,1.9634146341463414,-0.03904314757069018,0.13167957507324446,0.7906318082788957,1.3279352226720647,39.73932212730627,32.609756097560975
CFD_ATAS_0141_20250425_1032,atas-mt5-lead-lab-causal-v1,2025-04-25,2025-04-25T10:32:00-04:00,2025-04-25T10:33:00-04:00,2025-04-25T10:33:00-04:00,2025-04-25T14:33:00+00:00,2025-04-25T14:33:00+00:00,SHORT,SUPERIOR,0.0,10.0,32.0,62.0,4.0,4.0,5.7539,2.2135,9.242857142857506,32.94642857142857,3.5645285935083604,0.59505409582687,0.7302936630602495,0.7032457496135736,-0.8346883468834689,-0.1897018970189702,-0.1897018970189702,1.429742442710339,0.9199955600792197,0.8929476466325438,1.0,2.0,0.18058307614097963,0.9250386398762374,1.062330623306233,0.6058732612053829,-0.7967479674796748,0.4642857142857143,0.07692307692307693,2.14760432766591,1.78319783197832,-0.7289020064663999,-0.20287830847770089,0.6357160402849468,1.1336405529953917,12.149922720246739,5.235772357723578
CFD_ATAS_0142_20250425_1124,atas-mt5-lead-lab-causal-v1,2025-04-25,2025-04-25T11:24:00-04:00,2025-04-25T11:25:00-04:00,2025-04-25T11:25:00-04:00,2025-04-25T15:25:00+00:00,2025-04-25T15:25:00+00:00,SHORT,SUPERIOR,0.0,11.0,24.0,114.0,4.0,4.0,7.1297,6.3112,12.367857142857247,14.642857142857142,1.1839445567426987,0.505342188853591,1.7302916546348128,0.836846664741723,0.08536585365853659,-0.4268292682926829,-1.3658536585365855,0.41997633519505434,2.1571209229274957,2.2027003232783082,1.0,3.0,-0.23016236020502687,1.1157955529886698,0.4268292682926829,0.5215131388969646,0.08536585365853659,0.3189522342065316,0.8,4.426797574357456,2.1341463414634148,1.1831945984203283,-0.024509795575219973,1.1493528045138277,0.6418786692759295,9.079988449321263,11.78048780487805
CFD_ATAS_0143_20250425_1204,atas-mt5-lead-lab-causal-v1,2025-04-25,2025-04-25T12:04:00-04:00,2025-04-25T12:05:00-04:00,2025-04-25T12:05:00-04:00,2025-04-25T16:05:00+00:00,2025-04-25T16:05:00+00:00,LONG,INFERIOR,1.0,12.0,4.0,154.0,4.0,4.0,8.0442,4.2309,10.410714285714025,13.303571428571429,1.2778730703259324,-0.052830188679176715,2.4157804459693253,0.6867924528303456,0.28187919463087246,-0.4697986577181208,0.18791946308724833,-0.3347093833100492,2.885579103687446,0.4988729897430973,2.0,2.0,0.37201213142018136,0.5571183533447125,1.0335570469798658,0.014408233276297942,0.28187919463087246,0.15426105717371477,0.1111111111111111,3.8710120068610903,1.5973154362416107,0.3574131333004891,-0.41157207532509454,0.9400193485971855,0.7680412371134022,10.78696397941701,12.966442953020135
CFD_ATAS_0144_20250425_1220,atas-mt5-lead-lab-causal-v1,2025-04-25,2025-04-25T12:20:00-04:00,2025-04-25T12:21:00-04:00,2025-04-25T12:22:00-04:00,2025-04-25T16:21:00+00:00,2025-04-25T16:22:00+00:00,SHORT,SUPERIOR,0.0,12.0,20.0,170.0,4.0,4.0,6.6385,1.5915,7.917857142856779,13.214285714285714,1.6689219666216373,-0.20207487595832796,-0.9914298601712646,-0.47992783040137355,-0.0,-0.472972972972973,-0.7567567567567568,-0.20207487595832796,-0.5184568871982915,0.27682892635538325,2.0,3.0,0.27335416765095405,0.985115020297653,0.8513513513513514,-0.19576003608471637,-0.0,0.18811881188114532,0.4,2.5448804691026914,1.5135135135135136,-0.4758562780570095,-0.08663547743842986,0.698928121059219,0.8554913294797688,14.183130356337951,13.054054054054054
CFD_ATAS_0145_20250425_1233,atas-mt5-lead-lab-causal-v1,2025-04-25,2025-04-25T12:33:00-04:00,2025-04-25T12:34:00-04:00,2025-04-25T12:34:00-04:00,2025-04-25T16:34:00+00:00,2025-04-25T16:34:00+00:00,SHORT,SUPERIOR,0.0,12.0,33.0,183.0,4.0,4.0,6.837,7.0233,16.45000000000047,10.625,0.645896656534936,-2.8662613981760776,0.6048632218845255,-0.6261398176291173,0.23529411764705882,-1.411764705882353,-0.0,-3.1015555158231365,2.0166279277668786,-0.6261398176291173,2.0,2.0,-0.6410570977231734,2.7051671732522027,0.5882352941176471,-2.69604863221868,0.23529411764705882,0.0827309236947757,0.0,4.1246200607902885,2.0,0.25612919033674975,-0.3396789157586563,1.5451190875545824,0.723404255319149,6.826747720364503,18.941176470588236
CFD_ATAS_0146_20250425_1321,atas-mt5-lead-lab-causal-v1,2025-04-25,2025-04-25T13:21:00-04:00,2025-04-25T13:22:00-04:00,2025-04-25T13:26:00-04:00,2025-04-25T17:22:00+00:00,2025-04-25T17:26:00+00:00,SHORT,SUPERIOR,0.0,13.0,21.0,231.0,4.0,4.0,5.5558,2.3132,26.650000000000677,9.196428571428571,0.34508174752076315,1.5253283302062584,2.294559099437008,2.21763602251396,-0.13592233009708737,-1.4951456310679612,-2.3106796116504853,1.6612506603033457,3.789704730504969,4.5283156341644455,3.0,4.0,1.6625721551940744,2.0787992495309586,0.5436893203883495,1.5590994371481508,-0.13592233009708737,0.49291075896578673,0.8095238095238095,3.393996247654725,2.7184466019417477,3.662849773795067,0.07114511874152282,1.0498030388294943,0.8583333333333334,7.140712945590786,32.21359223300971
CFD_ATAS_0147_20250425_1331,atas-mt5-lead-lab-causal-v1,2025-04-25,2025-04-25T13:31:00-04:00,2025-04-25T13:32:00-04:00,2025-04-25T13:32:00-04:00,2025-04-25T17:32:00+00:00,2025-04-25T17:32:00+00:00,LONG,INFERIOR,1.0,13.0,31.0,241.0,4.0,4.0,5.1871,1.5359,31.482142857142858,11.607142857142858,0.368689733408962,-0.4383437322745089,-0.1921724333522174,-0.8433352240498918,-0.7538461538461538,-2.9076923076923076,-2.692307692307692,0.31550242157164493,2.71551987434009,1.8489724682578004,2.0,3.0,-1.7200111390995487,0.8989222915484738,1.0769230769230769,-0.4192853091321842,-0.7538461538461538,0.46701846965696137,0.6756756756756757,1.7787861599546229,3.769230769230769,1.0087451918028267,0.2608769089228499,1.1711173110136661,1.1016949152542372,6.0446965399886325,27.676923076923075
CFD_ATAS_0148_20250425_1532,atas-mt5-lead-lab-causal-v1,2025-04-25,2025-04-25T15:32:00-04:00,2025-04-25T15:33:00-04:00,2025-04-25T15:33:00-04:00,2025-04-25T19:33:00+00:00,2025-04-25T19:33:00+00:00,SHORT,SUPERIOR,0.0,15.0,32.0,362.0,4.0,4.0,6.1038,1.5305,10.525000000000416,13.75,1.3064133016626562,-0.8456057007123483,-0.6650831353918977,-0.6413301662707585,-0.2727272727272727,0.6363636363636364,1.7272727272727273,-0.5728784279850756,-1.301446771755534,-2.3686028935434855,2.0,2.0,1.0583990211789074,1.1828978622328015,1.2727272727272727,-0.8788598574821506,-0.2727272727272727,0.1904090267983231,0.6551724137931034,1.9857482185273756,3.1818181818181817,-2.0829767466466365,0.15794128898360588,0.7587538619979958,1.0547945205479452,20.707838479809226,23.363636363636363
CFD_ATAS_0149_20250425_1547,atas-mt5-lead-lab-causal-v1,2025-04-25,2025-04-25T15:47:00-04:00,2025-04-25T15:48:00-04:00,2025-04-25T15:50:00-04:00,2025-04-25T19:48:00+00:00,2025-04-25T19:50:00+00:00,SHORT,SUPERIOR,0.0,15.0,47.0,377.0,4.0,4.0,5.4139,1.7995,10.699999999999688,14.553571428571429,1.3601468624833508,2.0700934579441217,3.4345794392524365,2.621495327102812,-0.0,1.030674846625767,0.7730061349693251,2.0700934579441217,2.4039045926266693,1.8484891921334867,0.0,1.0,1.220918503149264,2.060747663551394,0.8588957055214724,2.060747663551394,-0.0,0.6171617161715913,0.6,3.6915887850468363,1.8895705521472392,0.1338515462554997,0.15534282689475137,0.829687067294349,1.0584415584415585,23.33644859813159,22.073619631901842
CFD_ATAS_0150_20250428_1000,atas-mt5-lead-lab-causal-v1,2025-04-28,2025-04-28T10:00:00-04:00,2025-04-28T10:01:00-04:00,2025-04-28T10:01:00-04:00,2025-04-28T14:01:00+00:00,2025-04-28T14:01:00+00:00,LONG,INFERIOR,1.0,10.0,0.0,30.0,0.0,4.0,8.0206,2.0572,6.321428571429091,26.607142857142858,4.209039548022253,-0.743502824858811,-0.9175141242941703,-0.3717514124296933,-0.7516778523489933,-1.691275167785235,-2.7248322147651005,0.008175027490182285,0.7737610434910646,2.3530808023354073,3.0,5.0,-1.29227586497698,1.3209039548019212,1.5033557046979866,-0.6881355932206278,-0.7046979865771812,0.10064239828702197,1.0,2.0327683615820993,3.476510067114094,-2.265175541695501,-0.30744543916175293,0.9559816365109893,0.9834983498349834,7.94124293785257,7.140939597315436
CFD_ATAS_0151_20250428_1046,atas-mt5-lead-lab-causal-v1,2025-04-28,2025-04-28T10:46:00-04:00,2025-04-28T10:47:00-04:00,2025-04-28T10:47:00-04:00,2025-04-28T14:47:00+00:00,2025-04-28T14:47:00+00:00,SHORT,SUPERIOR,0.0,10.0,46.0,76.0,0.0,4.0,9.1826,3.382,5.457142857143221,19.821428571428573,3.6321989528793397,-0.14659685863860036,1.5209424083767287,1.887434554973563,-0.0,-0.5675675675675675,-2.333333333333333,-0.14659685863860036,2.088509975944296,4.220767888306896,2.0,4.0,-0.2556796420519481,1.1178010471200777,0.8828828828828829,-0.11910994764423778,0.06306306306306306,0.695945945945931,1.0,3.1518324607329076,2.7747747747747744,1.608616306829635,-0.025975255971280316,0.7717171717171948,0.8377358490566039,12.2866492146594,9.585585585585585
CFD_ATAS_0152_20250428_1136,atas-mt5-lead-lab-causal-v1,2025-04-28,2025-04-28T11:36:00-04:00,2025-04-28T11:37:00-04:00,2025-04-28T11:37:00-04:00,2025-04-28T15:37:00+00:00,2025-04-28T15:37:00+00:00,SHORT,SUPERIOR,0.0,11.0,36.0,126.0,0.0,4.0,9.7573,2.2215,5.439285714286338,20.089285714285715,3.6933683519365434,0.4963887065004052,2.0499015101773144,0.3676953381483492,-0.8711111111111111,-0.43555555555555553,-0.6222222222222222,1.3674998176115163,2.48545706573287,0.9899175603705714,1.0,3.0,-0.3115670172868607,1.342087984241341,1.3066666666666666,0.5239658568611301,-0.8711111111111111,0.0985221674876706,0.4166666666666667,2.6841759684833506,2.0533333333333332,-0.19125706700448755,0.05403996666861911,0.9089823933155166,0.9594882729211088,12.326986211423941,15.493333333333332
CFD_ATAS_0153_20250428_1432,atas-mt5-lead-lab-causal-v1,2025-04-28,2025-04-28T14:32:00-04:00,2025-04-28T14:33:00-04:00,2025-04-28T14:33:00-04:00,2025-04-28T18:33:00+00:00,2025-04-28T18:33:00+00:00,LONG,INFERIOR,1.0,14.0,32.0,302.0,0.0,4.0,7.6622,1.7742,20.024999999999377,10.892857142857142,0.5439629035134822,0.09987515605493444,1.3832709113608783,1.1810237203496725,-0.5737704918032788,-0.11475409836065574,-1.1475409836065575,0.6736456478582132,1.498025009721534,2.3285647039562303,1.0,3.0,0.5436891725007731,0.5443196004994654,0.8032786885245902,0.11235955056180125,-0.5737704918032788,0.6524137931034885,0.5555555555555556,1.937578027465692,1.7213114754098362,0.7982072989295402,0.09875442609376427,0.9934443656980658,0.8652482269503546,15.652933832709637,33.622950819672134
CFD_ATAS_0154_20250429_1235,atas-mt5-lead-lab-causal-v1,2025-04-29,2025-04-29T12:35:00-04:00,2025-04-29T12:36:00-04:00,2025-04-29T12:36:00-04:00,2025-04-29T16:36:00+00:00,2025-04-29T16:36:00+00:00,SHORT,SUPERIOR,0.0,12.0,35.0,185.0,1.0,4.0,5.804,2.3987,18.021428571429038,11.964285714285714,0.6638921918350997,0.8545382481171774,2.0364645263574985,-0.09710661910423847,-0.0,-0.8358208955223881,-1.8805970149253732,0.8545382481171774,2.872285421879887,1.7834903958211348,2.0,4.0,-0.7513740512940759,1.8117320650020157,0.6268656716417911,0.8129211256439324,-0.0,0.021916092673763706,1.0,3.04359889021011,2.7164179104477615,-0.12861670984879403,0.0357041503651088,1.2334392569054273,0.8072289156626505,10.96749900911593,17.76119402985075
CFD_ATAS_0155_20250429_1300,atas-mt5-lead-lab-causal-v1,2025-04-29,2025-04-29T13:00:00-04:00,2025-04-29T13:01:00-04:00,2025-04-29T13:01:00-04:00,2025-04-29T17:01:00+00:00,2025-04-29T17:01:00+00:00,SHORT,SUPERIOR,0.0,13.0,0.0,210.0,1.0,4.0,5.9086,1.7367,22.532142857142908,19.642857142857142,0.8717704866064333,0.5170391504199369,1.3336503407829732,0.7722301474083655,0.4454545454545455,-0.3181818181818182,0.3181818181818182,0.07158460496539137,1.6518321589647913,0.4540483292265473,1.0,1.0,0.2667465969530961,1.730860675225864,0.9545454545454546,0.5037248375336163,0.4454545454545455,0.34523809523806687,0.14285714285714285,2.6806149944524282,1.781818181818182,-0.6050613421411467,-0.23510090506781012,1.259155772876945,1.4473684210526316,8.771913139958833,10.818181818181818
CFD_ATAS_0156_20250429_1552,atas-mt5-lead-lab-causal-v1,2025-04-29,2025-04-29T15:52:00-04:00,2025-04-29T15:53:00-04:00,2025-04-29T15:55:00-04:00,2025-04-29T19:53:00+00:00,2025-04-29T19:55:00+00:00,LONG,INFERIOR,1.0,15.0,52.0,382.0,1.0,4.0,5.639,1.9268,16.65357142857179,14.464285714285714,0.8685395668024687,0.2732146686681897,0.44134677246398196,-0.8676817499464112,-0.08641975308641976,0.8641975308641976,2.3333333333333335,0.35963442175460947,-0.42285075840021563,-3.201015083279745,1.0,1.0,1.9465355843038623,0.8226463650010981,1.0370370370370372,0.2552005146901081,-0.08641975308641976,0.3144722524483242,0.9310344827586207,2.500965043963147,3.0246913580246915,1.899085927250639,-0.3326255649253262,1.2728265320049081,1.0909090909090908,14.153120308813804,19.703703703703706
CFD_ATAS_0157_20250430_1014,atas-mt5-lead-lab-causal-v1,2025-04-30,2025-04-30T10:14:00-04:00,2025-04-30T10:15:00-04:00,2025-04-30T10:15:00-04:00,2025-04-30T14:15:00+00:00,2025-04-30T14:15:00+00:00,SHORT,SUPERIOR,0.0,10.0,14.0,44.0,2.0,4.0,7.2283,3.252,6.382142857143273,28.303571428571427,4.434806939003628,0.47006155567987984,2.0290990486843588,1.9272523782873934,-0.44164037854889593,-1.5457413249211358,-1.2807570977917981,0.9117019342287758,3.5748403736054946,3.2080094760791917,3.0,3.0,-1.2984788220205927,0.7677672076106984,0.6624605678233438,0.5875769445998498,-0.44164037854889593,0.7687500000001293,0.7073170731707317,3.2355903749300676,2.1198738170347005,2.5886812178489915,-0.13464793928797966,1.001681614349792,0.9337260677466862,9.385562395075162,7.110410094637224
CFD_ATAS_0158_20250430_1020,atas-mt5-lead-lab-causal-v1,2025-04-30,2025-04-30T10:20:00-04:00,2025-04-30T10:21:00-04:00,2025-04-30T10:21:00-04:00,2025-04-30T14:21:00+00:00,2025-04-30T14:21:00+00:00,SHORT,SUPERIOR,0.0,10.0,20.0,50.0,2.0,4.0,6.3229,3.7836,6.553571428571948,25.178571428571427,3.8419618528607304,0.5340599455040448,3.6621253405991645,2.0675749318798338,0.04964539007092199,-1.2411347517730498,-0.29787234042553196,0.4844145554331228,4.903260092372214,2.365447272305366,2.0,2.0,-1.1960440372349075,0.8773841961852165,0.7943262411347518,0.511171662125078,0.04964539007092199,0.39332365747457143,0.13043478260869565,3.94441416893735,1.6879432624113475,1.9818844444948212,-0.4723322366268455,1.0291643297812905,0.84053651266766,9.140054495912304,7.99290780141844
CFD_ATAS_0159_20250430_1039,atas-mt5-lead-lab-causal-v1,2025-04-30,2025-04-30T10:39:00-04:00,2025-04-30T10:40:00-04:00,2025-04-30T10:41:00-04:00,2025-04-30T14:40:00+00:00,2025-04-30T14:41:00+00:00,LONG,INFERIOR,1.0,10.0,39.0,69.0,2.0,4.0,8.3536,2.4306,6.414285714285922,21.428571428571427,3.340757238307241,0.062360801781394866,0.9276169265028569,0.8808463251666689,0.35000000000000003,0.6416666666666667,-0.7583333333333334,-0.2876391982186052,0.28595025983619016,1.6391796585000025,0.0,2.0,0.993657708799001,0.43652561247203275,0.9916666666666667,0.062360801781394866,0.35000000000000003,0.7106918238996819,0.37142857142857144,2.533407572382991,1.9833333333333334,0.40547300427203414,-0.005233274294894358,0.9841095890410102,0.7619047619047619,10.04008908685959,11.258333333333335
CFD_ATAS_0160_20250430_1135,atas-mt5-lead-lab-causal-v1,2025-04-30,2025-04-30T11:35:00-04:00,2025-04-30T11:36:00-04:00,2025-04-30T11:38:00-04:00,2025-04-30T15:36:00+00:00,2025-04-30T15:38:00+00:00,LONG,INFERIOR,1.0,11.0,35.0,125.0,2.0,4.0,6.3436,1.7934,24.735714285714753,17.5,0.7074790643950198,-0.16777360669944924,0.23852151313895123,-2.740976032341819,-0.5,-0.42857142857142855,-0.07142857142857142,0.33222639330055076,0.6670929417103798,-2.6695474609132472,2.0,2.0,0.9275041191472805,0.8146116084320388,1.5,-0.1718163442102191,-0.5,0.7713310580204249,0.058823529411764705,4.030609298296228,1.5,1.3655235572487712,-0.21405093340085085,3.01261418007819,0.7777777777777778,9.920877851573652,19.214285714285715
CFD_ATAS_0161_20250430_1151,atas-mt5-lead-lab-causal-v1,2025-04-30,2025-04-30T11:51:00-04:00,2025-04-30T11:52:00-04:00,2025-04-30T11:53:00-04:00,2025-04-30T15:52:00+00:00,2025-04-30T15:53:00+00:00,LONG,INFERIOR,1.0,11.0,51.0,141.0,2.0,4.0,9.9662,1.7426,19.264285714285766,18.839285714285715,0.9779384501297712,-1.2614015572858321,-0.7604746014090464,-0.389321468298108,-0.7298578199052133,-0.13270142180094785,-0.862559241706161,-0.5315437373806189,-0.6277731796080985,0.47323777340805306,1.0,3.0,0.8947343386615344,1.2458286985539455,1.1279620853080567,-1.2458286985539455,-0.7962085308056872,0.14792899408284874,0.41935483870967744,1.9128661475714839,1.1943127962085307,1.2346559033387126,0.30210468574491306,1.8886554621847682,0.9836829836829837,17.8906192065258,18.379146919431278
CFD_ATAS_0162_20250430_1232,atas-mt5-lead-lab-causal-v1,2025-04-30,2025-04-30T12:32:00-04:00,2025-04-30T12:33:00-04:00,2025-04-30T12:37:00-04:00,2025-04-30T16:33:00+00:00,2025-04-30T16:37:00+00:00,SHORT,SUPERIOR,0.0,12.0,32.0,182.0,2.0,4.0,5.3043,5.1304,19.860714285714494,15.625,0.7867290055745287,-1.4098183779895554,1.815141161661516,1.0044955943175948,0.08,1.2,1.76,-1.4898183779895555,0.6151411616615161,-0.7555044056824052,0.0,0.0,1.4068179047878366,1.8000359647545217,1.04,-1.2965294011868234,0.08,0.1786833855799473,1.0,3.7133609063117756,2.24,-1.0681981196566817,0.34084698473055114,1.1008611303573281,0.8413461538461537,18.725409099082775,23.68
CFD_ATAS_0163_20250430_1336,atas-mt5-lead-lab-causal-v1,2025-04-30,2025-04-30T13:36:00-04:00,2025-04-30T13:37:00-04:00,2025-04-30T13:37:00-04:00,2025-04-30T17:37:00+00:00,2025-04-30T17:37:00+00:00,SHORT,SUPERIOR,0.0,13.0,36.0,246.0,2.0,4.0,6.0738,2.1633,20.86428571428587,16.428571428571427,0.7874015748031437,0.6470386853817137,1.7781581650118992,1.833276275248189,-0.30434782608695654,-2.6630434782608696,-2.6630434782608696,0.9513865114686703,4.441201643272769,4.496319753509058,3.0,4.0,-1.9635512300009674,1.011297500855794,0.6847826086956522,0.6422458062308078,-0.30434782608695654,0.7196613358420355,0.7142857142857143,2.406025333789815,3.0434782608695654,3.720021075083271,-0.27173138947542064,0.7525925925925876,1.0454545454545452,23.86374529270787,24.500000000000004
CFD_ATAS_0164_20250501_1010,atas-mt5-lead-lab-causal-v1,2025-05-01,2025-05-01T10:10:00-04:00,2025-05-01T10:11:00-04:00,2025-05-01T10:14:00-04:00,2025-05-01T14:11:00+00:00,2025-05-01T14:14:00+00:00,SHORT,SUPERIOR,0.0,10.0,10.0,40.0,3.0,5.0,5.8555,1.9163,6.703571428571844,35.714285714285715,5.327650506126468,-0.052210974960365,0.3058071390515507,-0.22376132125731166,0.35,0.98,1.505,-0.40221097496036495,-0.6741928609484493,-1.7287613212573116,0.0,0.0,1.0066037385428934,0.41768779968020653,0.7,-0.03729355354288528,0.35,0.09036144578314045,1.0,1.8795950985617436,1.89,-1.5654927802836385,-0.22599471192583775,1.0616515837104992,1.2987012987012987,5.899840170484885,3.815
CFD_ATAS_0165_20250501_1133,atas-mt5-lead-lab-causal-v1,2025-05-01,2025-05-01T11:33:00-04:00,2025-05-01T11:34:00-04:00,2025-05-01T11:34:00-04:00,2025-05-01T15:34:00+00:00,2025-05-01T15:34:00+00:00,LONG,INFERIOR,1.0,11.0,33.0,123.0,3.0,5.0,8.258,3.6469,12.696428571428571,14.732142857142858,1.160337552742616,-0.4292545710267802,1.6618846694794915,-0.6852320675106058,1.1878787878787878,-0.2545454545454545,-1.018181818181818,-1.6171333589055679,1.916430124024946,0.33294975067121224,2.0,4.0,0.4315053861880689,1.295639943741267,1.7818181818181817,-0.43319268635724334,1.2727272727272727,0.13043478260870514,0.3,3.5836849507735584,2.9696969696969697,0.21374954749956254,-0.02854883307695254,1.6122448979591038,1.0280373831775702,6.64360056258779,18.07272727272727
CFD_ATAS_0166_20250501_1227,atas-mt5-lead-lab-causal-v1,2025-05-01,2025-05-01T12:27:00-04:00,2025-05-01T12:28:00-04:00,2025-05-01T12:28:00-04:00,2025-05-01T16:28:00+00:00,2025-05-01T16:28:00+00:00,SHORT,SUPERIOR,0.0,12.0,27.0,177.0,3.0,5.0,6.4038,1.8297,7.914285714285922,21.875,2.7639891696750176,-0.33483754512652886,-0.3222021660653412,-0.897111913357653,0.45714285714285713,-1.7142857142857142,-0.8571428571428571,-0.7919804022693859,1.392083548220373,-0.03996905621479585,2.0,2.0,-1.6822195063350123,0.9918772563174796,0.6857142857142857,-0.3222021660653412,0.45714285714285713,0.4797297297299008,0.2459016393442623,2.078519855595705,2.5142857142857142,-0.3162346607711668,-0.18361010915076814,0.8461244749904718,1.3243243243243241,12.073104693140385,12.17142857142857
CFD_ATAS_0167_20250501_1332,atas-mt5-lead-lab-causal-v1,2025-05-01,2025-05-01T13:32:00-04:00,2025-05-01T13:33:00-04:00,2025-05-01T13:34:00-04:00,2025-05-01T17:33:00+00:00,2025-05-01T17:34:00+00:00,SHORT,SUPERIOR,0.0,13.0,32.0,242.0,3.0,5.0,7.9986,1.5148,14.767857142857922,10.714285714285714,0.7255139056831539,-0.26408706166852025,0.8261185006046006,0.39274486094334443,-0.23333333333333334,-0.0,-1.1666666666666667,-0.030753728335186914,0.8261185006046006,1.5594115276100111,1.0,3.0,0.5018852603870134,1.0834340991535099,0.7000000000000001,-0.209915356710894,-0.23333333333333334,0.18530351437711565,0.7142857142857143,1.997581620314284,1.8666666666666667,-1.0773110219536475,0.08671016591871183,0.5905455584119006,0.7100591715976331,11.338814993953255,24.85
CFD_ATAS_0168_20250501_1403,atas-mt5-lead-lab-causal-v1,2025-05-01,2025-05-01T14:03:00-04:00,2025-05-01T14:04:00-04:00,2025-05-01T14:04:00-04:00,2025-05-01T18:04:00+00:00,2025-05-01T18:04:00+00:00,SHORT,SUPERIOR,0.0,14.0,3.0,273.0,3.0,5.0,5.1285,2.1774,11.949999999999948,12.857142857142858,1.0759115361625868,-0.5188284518829084,0.5523012552300062,0.38912133891195294,-0.29166666666666663,-0.875,-0.6805555555555556,-0.22716178521624175,1.4273012552300062,1.0696768944675086,2.0,3.0,-0.5208142393282792,1.2887029288704204,0.6805555555555556,-0.4476987447700591,-0.19444444444444445,0.18271119842819977,0.4117647058823529,2.1799163179915806,1.5555555555555556,0.7040611660002634,0.012134444129755511,0.755987347492079,0.9896907216494846,17.125523012552193,20.708333333333332
CFD_ATAS_0169_20250501_1459,atas-mt5-lead-lab-causal-v1,2025-05-01,2025-05-01T14:59:00-04:00,2025-05-01T15:00:00-04:00,2025-05-01T15:01:00-04:00,2025-05-01T19:00:00+00:00,2025-05-01T19:01:00+00:00,LONG,INFERIOR,1.0,14.0,59.0,329.0,3.0,5.0,8.9461,2.597,18.521428571429038,10.803571428571429,0.5833011955264026,-0.5939066718087008,0.11338218279996073,-1.8195140763594226,-0.34710743801652894,-0.8099173553719008,-0.23140495867768596,-0.2467992337921719,0.9232995381718615,-1.5881091176817366,2.0,2.0,1.7330580718350146,1.1176243733127762,0.9256198347107438,-0.6236020053990966,-0.34710743801652894,0.3869115958668184,0.14285714285714285,3.4311608175858788,1.7355371900826446,1.382088667682796,-0.06342521496291505,1.4194607910223347,0.9132075471698113,13.72194369456182,24.644628099173552
CFD_ATAS_0170_20250502_1038,atas-mt5-lead-lab-causal-v1,2025-05-02,2025-05-02T10:38:00-04:00,2025-05-02T10:39:00-04:00,2025-05-02T10:39:00-04:00,2025-05-02T14:39:00+00:00,2025-05-02T14:39:00+00:00,LONG,INFERIOR,1.0,10.0,38.0,68.0,4.0,5.0,7.9959,1.5421,7.042857142857039,17.232142857142858,2.4467545638945594,0.901622718052545,1.490872210953369,0.1490872210952336,0.07253886010362694,-0.3626943005181347,0.3626943005181347,0.829083857948918,1.8535665114715036,-0.21360707942290114,1.0,2.0,-0.08220403014828205,1.2281947261665533,0.7979274611398963,0.9158215010143156,0.07253886010362694,0.05263157894733003,0.15151515151515152,2.3995943204870573,1.450777202072539,0.34342011407120415,0.2513566622388514,1.0630727762803494,0.7423076923076923,7.951318458417967,9.357512953367875
CFD_ATAS_0171_20250502_1141,atas-mt5-lead-lab-causal-v1,2025-05-02,2025-05-02T11:41:00-04:00,2025-05-02T11:42:00-04:00,2025-05-02T11:46:00-04:00,2025-05-02T15:42:00+00:00,2025-05-02T15:46:00+00:00,SHORT,SUPERIOR,0.0,11.0,41.0,131.0,4.0,5.0,7.1663,1.9312,21.846428571428728,11.607142857142858,0.5313061958476339,-0.35017165277103024,0.5470001634788588,-0.36390387444828964,-0.0,-0.10769230769230768,-0.7538461538461538,-0.35017165277103024,0.6546924711711665,0.3899422793978642,1.0,2.0,1.2820893703550638,0.9292136668301055,0.6461538461538461,-0.35017165277103024,-0.0,0.14441416893734482,0.5384615384615384,1.940820663723934,1.6153846153846154,-0.7397446389986644,-0.08444342491224234,3.030468169432791,0.830670926517572,7.406244891286492,15.076923076923077
CFD_ATAS_0172_20250502_1204,atas-mt5-lead-lab-causal-v1,2025-05-02,2025-05-02T12:04:00-04:00,2025-05-02T12:05:00-04:00,2025-05-02T12:05:00-04:00,2025-05-02T16:05:00+00:00,2025-05-02T16:05:00+00:00,SHORT,SUPERIOR,0.0,12.0,4.0,154.0,4.0,5.0,7.1055,1.7002,13.14642857142826,18.303571428571427,1.3922847052431733,-0.20918228742190118,0.2814452594404315,-0.44498777506130127,-0.4780487804878049,-1.5024390243902441,-2.458536585365854,0.2688664930659037,1.7838842838306757,2.013548810304553,2.0,3.0,-1.1049023912904115,0.5552838902471733,0.8878048780487806,-0.20918228742190118,-0.40975609756097564,0.3120000000000559,0.6923076923076923,1.7229013854929474,3.482926829268293,1.332175249161639,-0.022841632597774622,1.049764722657859,1.5413533834586466,15.996740016300242,12.907317073170733
CFD_ATAS_0173_20250502_1230,atas-mt5-lead-lab-causal-v1,2025-05-02,2025-05-02T12:30:00-04:00,2025-05-02T12:31:00-04:00,2025-05-02T12:31:00-04:00,2025-05-02T16:31:00+00:00,2025-05-02T16:31:00+00:00,LONG,INFERIOR,1.0,12.0,30.0,180.0,4.0,5.0,5.8207,1.6008,12.225000000000104,11.964285714285714,0.9786736780601727,0.004089979550042698,0.5889570552147784,-0.2453987730061329,0.6268656716417911,-0.41791044776119407,-1.1492537313432836,-0.6227756920917484,1.0068675029759724,0.9038549583371507,2.0,4.0,-0.16397433114140783,2.335378323108305,1.2537313432835822,-0.04907975460110754,0.5223880597014926,0.17241379310343385,0.4782608695652174,2.335378323108305,2.0895522388059704,0.4423538385839484,-0.06821635329321797,0.9483307937387415,0.8963210702341137,19.586912065439567,20.059701492537314
CFD_ATAS_0174_20250502_1320,atas-mt5-lead-lab-causal-v1,2025-05-02,2025-05-02T13:20:00-04:00,2025-05-02T13:21:00-04:00,2025-05-02T13:21:00-04:00,2025-05-02T17:21:00+00:00,2025-05-02T17:21:00+00:00,SHORT,SUPERIOR,0.0,13.0,20.0,230.0,4.0,5.0,6.3046,1.5036,17.625,11.071428571428571,0.6281661600810536,0.6865248226949529,1.872340425531915,0.9985815602836053,-0.9032258064516129,-1.1290322580645162,-0.11290322580645161,1.5897506291465657,3.001372683596431,1.111484786090057,3.0,4.0,-0.6197385117325241,1.9517730496452663,0.9032258064516129,0.7035460992906563,-0.9032258064516129,0.33145009416194027,0.047619047619047616,3.3957446808509815,1.8064516129032258,-0.19368358453553855,0.04419417791769274,0.7882127455677842,0.9219330855018587,15.387234042553233,22.241935483870968
CFD_ATAS_0175_20250502_1452,atas-mt5-lead-lab-causal-v1,2025-05-02,2025-05-02T14:52:00-04:00,2025-05-02T14:53:00-04:00,2025-05-02T14:53:00-04:00,2025-05-02T18:53:00+00:00,2025-05-02T18:53:00+00:00,SHORT,SUPERIOR,0.0,14.0,52.0,322.0,4.0,5.0,8.4476,1.7103,8.414285714285922,13.303571428571429,1.581069609507601,0.885398981324343,2.2105263157896786,0.9151103565365664,-0.4697986577181208,-0.18791946308724833,2.1610738255033555,1.3551976390424638,2.398445778876927,-1.2459634689667891,2.0,2.0,0.008674702352661351,1.7589134125635373,1.5033557046979866,0.885398981324343,-0.4697986577181208,0.26101694915253487,0.5111111111111111,3.268251273344571,3.476510067114094,-1.1702722896209659,-0.2901522757485947,0.6870807815689701,1.655555555555556,35.05942275042358,19.355704697986578
CFD_ATAS_0176_20250505_1100,atas-mt5-lead-lab-causal-v1,2025-05-05,2025-05-05T11:00:00-04:00,2025-05-05T11:01:00-04:00,2025-05-05T11:01:00-04:00,2025-05-05T15:01:00+00:00,2025-05-05T15:01:00+00:00,LONG,INFERIOR,1.0,11.0,0.0,90.0,0.0,5.0,5.4245,2.3302,5.296428571428676,12.321428571428571,2.3263654753876817,0.9912339851651861,2.17127444369517,2.180714767363272,0.10144927536231885,-0.30434782608695654,0.5072463768115942,0.8897847098028673,2.4756222697821264,1.6734683905516778,1.0,1.0,0.19658336549119154,1.3216453135535815,1.1159420289855073,0.9912339851651861,0.2028985507246377,0.9277108433733813,0.38461538461538464,3.6156439649354573,1.6231884057971016,0.8114142459315736,-0.13354008130318692,0.8901560624249953,0.6634615384615384,9.581928523263466,10.55072463768116
CFD_ATAS_0177_20250505_1205,atas-mt5-lead-lab-causal-v1,2025-05-05,2025-05-05T12:05:00-04:00,2025-05-05T12:06:00-04:00,2025-05-05T12:06:00-04:00,2025-05-05T16:06:00+00:00,2025-05-05T16:06:00+00:00,SHORT,SUPERIOR,0.0,12.0,5.0,155.0,0.0,5.0,6.7455,2.0358,6.725000000000104,9.464285714285714,1.4073287307487834,0.7360594795540002,1.947955390334326,-0.0,-0.5283018867924528,-0.5283018867924528,-2.1132075471698113,1.264361366346453,2.476257277126779,2.1132075471698113,2.0,3.0,-0.13354313533466514,0.9516728624537333,0.9245283018867926,0.7360594795540002,-0.5283018867924528,0.0,0.7272727272727273,2.713754646840107,2.509433962264151,2.0925768973948333,0.5170197189668848,1.0298058517910278,0.75177304964539,8.081784386616759,14.660377358490567
CFD_ATAS_0178_20250505_1339,atas-mt5-lead-lab-causal-v1,2025-05-05,2025-05-05T13:39:00-04:00,2025-05-05T13:40:00-04:00,2025-05-05T13:42:00-04:00,2025-05-05T17:40:00+00:00,2025-05-05T17:42:00+00:00,LONG,INFERIOR,1.0,13.0,39.0,249.0,0.0,5.0,5.1957,3.1442,18.492857142857506,8.392857142857142,0.4538431826960127,0.4298957126303901,2.471224410969477,2.709154113557226,0.5957446808510639,-0.5957446808510639,-0.14893617021276598,-0.1658489682206738,3.066969091820541,2.858090283769992,2.0,2.0,1.1573106107889042,0.9138663576671137,0.7446808510638299,0.40015449980674933,0.5957446808510639,1.0,0.06666666666666667,3.7500965623793414,1.7872340425531916,-0.35492078788323783,-0.26986711726733026,0.9294561120086368,1.0742857142857143,7.678640401699347,19.808510638297875
CFD_ATAS_0179_20250505_1531,atas-mt5-lead-lab-causal-v1,2025-05-05,2025-05-05T15:31:00-04:00,2025-05-05T15:32:00-04:00,2025-05-05T15:32:00-04:00,2025-05-05T19:32:00+00:00,2025-05-05T19:32:00+00:00,SHORT,SUPERIOR,0.0,15.0,31.0,361.0,0.0,5.0,5.0871,1.9129,7.717857142857611,10.803571428571429,1.3998149005089389,1.7815826006477402,2.656177695511176,1.127255900046301,-0.23140495867768596,-0.5785123966942148,-0.8099173553719008,2.0129875593254263,3.234690092205391,1.9371732554182017,2.0,3.0,-0.0534699086982118,2.066635816751473,0.9256198347107438,1.8204534937526875,-0.34710743801652894,0.269349845201267,0.4117647058823529,3.550208236927322,1.5041322314049586,0.18560398006459872,0.26961864574838607,0.761049480542403,1.1921182266009853,22.383155946319793,19.09090909090909
CFD_ATAS_0180_20250506_1003,atas-mt5-lead-lab-causal-v1,2025-05-06,2025-05-06T10:03:00-04:00,2025-05-06T10:04:00-04:00,2025-05-06T10:04:00-04:00,2025-05-06T14:04:00+00:00,2025-05-06T14:04:00+00:00,SHORT,SUPERIOR,0.0,10.0,3.0,33.0,1.0,5.0,5.6066,1.5344,6.635714285714649,18.660714285714285,2.8121636167920956,-0.5651237890204212,-0.7836383207750937,-1.8837459634014038,0.06698564593301436,-1.8086124401913877,-0.6698564593301436,-0.6321094349534355,1.024974119416294,-1.2138895040712603,2.0,2.0,-1.461250022724917,1.446716899892607,0.6698564593301436,-0.5651237890204212,0.06698564593301436,0.9689922480619062,0.21739130434782608,2.396124865446805,3.2822966507177034,-0.6699124183340804,-0.08275085121096724,1.1007109004739275,0.8708333333333333,5.560818083961164,6.698564593301436
CFD_ATAS_0181_20250506_1114,atas-mt5-lead-lab-causal-v1,2025-05-06,2025-05-06T11:14:00-04:00,2025-05-06T11:15:00-04:00,2025-05-06T11:18:00-04:00,2025-05-06T15:15:00+00:00,2025-05-06T15:18:00+00:00,SHORT,SUPERIOR,0.0,11.0,14.0,104.0,1.0,5.0,5.4675,3.0269,7.792857142856519,13.303571428571429,1.707149404216452,-1.2190650779102716,-1.5719523373053503,-0.7763519706690797,0.28187919463087246,0.09395973154362416,-1.4093959731543624,-1.5009442725411442,-1.6659120688489746,0.6330440024852827,1.0,3.0,1.0756477098871764,1.289642529789661,1.0335570469798658,-1.2575618698441868,0.28187919463087246,0.19868637110013557,0.6,3.047662694775679,2.2550335570469797,-0.9778178100958046,0.11948011784127183,0.9391004949429489,0.834733893557423,12.922089825848508,14.939597315436242
CFD_ATAS_0182_20250506_1140,atas-mt5-lead-lab-causal-v1,2025-05-06,2025-05-06T11:40:00-04:00,2025-05-06T11:41:00-04:00,2025-05-06T11:41:00-04:00,2025-05-06T15:41:00+00:00,2025-05-06T15:41:00+00:00,LONG,INFERIOR,1.0,11.0,40.0,130.0,1.0,5.0,5.9489,2.2927,6.957142857142701,11.785714285714286,1.6940451745380258,0.01437371663223469,-1.343942505133814,-0.1509240246410788,-0.4242424242424242,-0.10606060606060605,-0.8484848484848484,0.4386161408746589,-1.2378818990732081,0.6975608238437696,1.0,2.0,0.9574234586174662,1.0420944558521794,0.8484848484848484,0.021560574948352035,-0.4242424242424242,0.05882352941193255,0.5714285714285714,2.522587268993792,1.0606060606060606,1.0500009231521172,-0.26671256583891045,0.8758992805756145,0.877076411960133,14.883983572895506,18.030303030303028
CFD_ATAS_0183_20250506_1143,atas-mt5-lead-lab-causal-v1,2025-05-06,2025-05-06T11:43:00-04:00,2025-05-06T11:44:00-04:00,2025-05-06T11:44:00-04:00,2025-05-06T15:44:00+00:00,2025-05-06T15:44:00+00:00,LONG,INFERIOR,1.0,11.0,43.0,133.0,1.0,5.0,5.9723,1.847,7.178571428571429,12.678571428571429,1.7661691542288558,-0.6965174129353233,0.09054726368179475,-0.9820895522387045,-0.19718309859154928,-2.3661971830985915,-2.563380281690141,-0.49933431434377407,2.456744446780386,1.5812907294514364,3.0,4.0,-1.923540997476002,1.2537313432835822,0.6901408450704225,-0.7452736318405933,-0.29577464788732394,0.38005390835577085,0.8666666666666667,1.964179104477916,3.352112676056338,-1.1530166108561075,-0.3130967282053466,0.9203296703297562,0.9530201342281879,14.424875621890445,16.76056338028169
CFD_ATAS_0184_20250506_1207,atas-mt5-lead-lab-causal-v1,2025-05-06,2025-05-06T12:07:00-04:00,2025-05-06T12:08:00-04:00,2025-05-06T12:11:00-04:00,2025-05-06T16:08:00+00:00,2025-05-06T16:11:00+00:00,SHORT,SUPERIOR,0.0,12.0,7.0,157.0,1.0,5.0,6.0847,3.5204,6.950000000000208,10.625,1.5287769784172205,1.2949640287769397,2.1294964028775296,2.330935251798073,-0.7058823529411765,-0.0,-0.8235294117647058,2.0008463817181164,2.1294964028775296,3.154464663562779,1.0,2.0,1.4619355600097848,1.424460431654843,0.9411764705882353,1.2877697841722047,-0.7058823529411765,0.8265306122448108,0.28,4.467625899280337,2.0,2.2866668652051687,0.013511226549241508,0.9868154158215087,0.8814814814814814,14.899280575539018,20.0
CFD_ATAS_0185_20250506_1221,atas-mt5-lead-lab-causal-v1,2025-05-06,2025-05-06T12:21:00-04:00,2025-05-06T12:22:00-04:00,2025-05-06T12:22:00-04:00,2025-05-06T16:22:00+00:00,2025-05-06T16:22:00+00:00,LONG,INFERIOR,1.0,12.0,21.0,171.0,1.0,5.0,7.5385,3.1462,7.432142857143065,27.321428571428573,3.6761172513213776,-1.1907736665062583,-0.8409418548774392,-0.020182604516764846,-0.6405228758169934,-1.9215686274509802,-1.6928104575163399,-0.5502507906892649,1.080626772573541,1.672627852999575,3.0,3.0,-1.5118039086728707,1.5002402691015475,1.0522875816993464,-1.2513214800575316,-0.6862745098039216,0.00444444444437929,0.7872340425531915,2.7515617491590794,2.7450980392156863,0.09741230915172487,0.14534888444860833,1.081600831600874,2.283582089552239,14.935127342623321,10.477124183006536
CFD_ATAS_0186_20250506_1258,atas-mt5-lead-lab-causal-v1,2025-05-06,2025-05-06T12:58:00-04:00,2025-05-06T12:59:00-04:00,2025-05-06T12:59:00-04:00,2025-05-06T16:59:00+00:00,2025-05-06T16:59:00+00:00,LONG,INFERIOR,1.0,12.0,58.0,208.0,1.0,5.0,6.0111,1.8166,19.567857142856674,14.642857142857142,0.7483117357182146,0.1865303887571513,0.6592443876620723,0.8432195656141833,-0.4268292682926829,-0.6829268292682927,-0.5975609756097561,0.6133596570498342,1.342171216930365,1.4407805412239394,2.0,3.0,0.01767908379268015,0.5263734258076046,0.9390243902439025,0.17886475634240254,-0.4268292682926829,0.4755043227665108,0.28,1.7860923526189851,2.2195121951219514,0.36935526591423856,-0.056689647586813614,2.3240721102861213,0.877005347593583,8.135791202774275,19.54878048780488
CFD_ATAS_0187_20250506_1315,atas-mt5-lead-lab-causal-v1,2025-05-06,2025-05-06T13:15:00-04:00,2025-05-06T13:16:00-04:00,2025-05-06T13:16:00-04:00,2025-05-06T17:16:00+00:00,2025-05-06T17:16:00+00:00,SHORT,SUPERIOR,0.0,13.0,15.0,225.0,1.0,5.0,6.1969,1.6763,15.821428571428571,17.767857142857142,1.1230248306997743,-0.562528216704151,0.5151241534989633,0.08532731376988965,-0.5628140703517588,-0.35175879396984927,-0.07035175879396985,0.0002858536476078033,0.8668829474688127,0.1556790725638595,1.0,2.0,0.2270088657734146,0.9765237020316487,0.7035175879396985,-0.5372460496613995,-0.4221105527638191,0.041221374045872755,0.047619047619047616,1.8139954853273599,1.407035175879397,-0.7348784790512807,0.1626997312960961,0.9224362311296199,1.0153061224489797,10.621670428893859,16.110552763819097
CFD_ATAS_0188_20250506_1333,atas-mt5-lead-lab-causal-v1,2025-05-06,2025-05-06T13:33:00-04:00,2025-05-06T13:34:00-04:00,2025-05-06T13:34:00-04:00,2025-05-06T17:34:00+00:00,2025-05-06T17:34:00+00:00,SHORT,SUPERIOR,0.0,13.0,33.0,243.0,1.0,5.0,5.7537,1.6003,16.02857142857179,15.089285714285714,0.941399286987501,-0.4024064171121088,-0.5583778966129965,-1.0574866310158373,-0.08284023668639054,-0.7455621301775148,-0.41420118343195267,-0.31956618042571827,0.1871842335645183,-0.6432854475838846,2.0,3.0,0.302789894703496,0.7642602495543499,0.49704142011834324,-0.4086452762922805,-0.08284023668639054,0.3992932862190401,0.29411764705882354,1.6501782531194378,1.4911242603550297,-0.5430826849129777,-0.39624629340086326,0.9050211736237455,0.9684813753581661,10.609180035650338,18.970414201183434
CFD_ATAS_0189_20250506_1502,atas-mt5-lead-lab-causal-v1,2025-05-06,2025-05-06T15:02:00-04:00,2025-05-06T15:03:00-04:00,2025-05-06T15:03:00-04:00,2025-05-06T19:03:00+00:00,2025-05-06T19:03:00+00:00,LONG,INFERIOR,1.0,15.0,2.0,332.0,1.0,5.0,5.5525,1.6391,10.0607142857147,10.625,1.0560880369186643,-0.02981895633645467,0.33794817181411724,-0.27334043308483075,0.11764705882352941,-0.7058823529411765,-0.11764705882352941,-0.1474660151599841,1.0438305247552937,-0.15569337426130134,1.0,1.0,-0.05156030375202296,0.7405040823571593,0.7058823529411765,-0.04969826056087832,0.0,0.27093596059109415,0.07692307692307693,1.8885339013133762,1.7647058823529411,0.971308531371575,0.20448990116968754,0.8453113278319837,0.9635627530364371,21.186368477102572,26.941176470588236
CFD_ATAS_0190_20250507_1024,atas-mt5-lead-lab-causal-v1,2025-05-07,2025-05-07T10:24:00-04:00,2025-05-07T10:25:00-04:00,2025-05-07T10:25:00-04:00,2025-05-07T14:25:00+00:00,2025-05-07T14:25:00+00:00,SHORT,SUPERIOR,0.0,10.0,24.0,54.0,2.0,5.0,7.3782,1.9086,4.960714285714597,16.339285714285715,3.293736501079707,0.8365730741535752,0.44348452123841975,-0.24190064794829563,-0.07650273224043716,-0.8415300546448087,-1.1475409836065573,0.9130758063940123,1.2850145758832285,0.9056403356582616,2.0,4.0,-0.6393515421825721,2.4190064794814896,0.6885245901639344,0.8365730741535752,-0.07650273224043716,0.10256410256415838,0.3191489361702128,2.8826493880486286,2.2950819672131146,1.9387951875798135,0.1860354285275188,0.8423286840509298,0.8970588235294118,11.137508999279358,6.655737704918033
CFD_ATAS_0191_20250507_1035,atas-mt5-lead-lab-causal-v1,2025-05-07,2025-05-07T10:35:00-04:00,2025-05-07T10:36:00-04:00,2025-05-07T10:36:00-04:00,2025-05-07T14:36:00+00:00,2025-05-07T14:36:00+00:00,LONG,INFERIOR,1.0,10.0,35.0,65.0,2.0,5.0,5.6131,1.5556,5.485714285714754,13.660714285714286,2.4902343749997877,-0.2734374999999767,-0.48307291666622754,-0.5377604166667534,0.0915032679738562,-0.45751633986928103,-0.1830065359477124,-0.3649407679738329,-0.025556576796946506,-0.354753880719041,2.0,3.0,-0.1638066848861723,0.6106770833336791,0.7320261437908496,-0.14583333333318826,0.0915032679738562,0.8805970149250165,0.14285714285714285,1.5130208333337347,1.3725490196078431,0.962747694174725,0.22086755853989404,1.0032658393208005,0.8138297872340426,10.071614583332474,8.784313725490195
CFD_ATAS_0192_20250507_1047,atas-mt5-lead-lab-causal-v1,2025-05-07,2025-05-07T10:47:00-04:00,2025-05-07T10:48:00-04:00,2025-05-07T10:48:00-04:00,2025-05-07T14:48:00+00:00,2025-05-07T14:48:00+00:00,LONG,INFERIOR,1.0,10.0,47.0,77.0,2.0,5.0,8.7005,2.3573,6.117857142857766,10.892857142857142,1.7805020431988845,0.8990075890250105,1.8879159369524032,0.9889083479273927,-1.1475409836065575,-1.6065573770491803,-1.9508196721311477,2.046548572631568,3.4944733140015836,2.9397280200585403,2.0,4.0,-1.367077535590716,1.1441914769409225,1.3770491803278688,0.9071803852887553,-1.0327868852459017,0.2624728850324318,1.0,2.394629305311717,2.180327868852459,-4.781130640891084,-0.2786074133882681,1.1108949416342442,0.6703296703296703,9.030939871569425,11.01639344262295
CFD_ATAS_0193_20250507_1151,atas-mt5-lead-lab-causal-v1,2025-05-07,2025-05-07T11:51:00-04:00,2025-05-07T11:52:00-04:00,2025-05-07T11:52:00-04:00,2025-05-07T15:52:00+00:00,2025-05-07T15:52:00+00:00,SHORT,SUPERIOR,0.0,11.0,51.0,141.0,2.0,5.0,5.5932,1.6367,7.310714285714702,16.071428571428573,2.1983390327307006,-1.3404982901810742,-1.8602833414755224,-1.3952125061065175,-1.011111111111111,-0.8555555555555555,1.5555555555555554,-0.3293871790699632,-1.0047277859199668,-2.950768061662073,2.0,2.0,-0.3124769498617388,1.4088910600882516,1.1666666666666665,-1.3063019052274856,-0.9333333333333332,0.3709090909090683,0.4166666666666667,2.728871519296476,3.344444444444444,-1.5222487471069188,0.26994965908309415,0.8718057921636362,0.8716707021791769,16.4279433317038,11.822222222222221
CFD_ATAS_0194_20250507_1218,atas-mt5-lead-lab-causal-v1,2025-05-07,2025-05-07T12:18:00-04:00,2025-05-07T12:19:00-04:00,2025-05-07T12:22:00-04:00,2025-05-07T16:19:00+00:00,2025-05-07T16:22:00+00:00,LONG,INFERIOR,1.0,12.0,18.0,168.0,2.0,5.0,6.5963,2.4221,11.100000000000104,15.892857142857142,1.4317889317889183,-0.7612612612613197,-0.040540540540605706,0.9954954954954206,-0.7865168539325843,-0.07865168539325842,-0.6292134831460674,0.02525559267126465,0.03811114485265272,1.6247089786414879,2.0,4.0,1.1028925615615928,1.0855855855855099,0.9438202247191012,-0.7387387387387974,-0.7865168539325843,0.387040280210142,0.23529411764705882,2.5045045045044154,1.651685393258427,-0.10414572184673986,0.1836990758872272,1.2255520504731696,0.9544235924932974,13.468468468468341,11.955056179775282
CFD_ATAS_0195_20250507_1508,atas-mt5-lead-lab-causal-v1,2025-05-07,2025-05-07T15:08:00-04:00,2025-05-07T15:09:00-04:00,2025-05-07T15:09:00-04:00,2025-05-07T19:09:00+00:00,2025-05-07T19:09:00+00:00,SHORT,SUPERIOR,0.0,15.0,8.0,338.0,2.0,5.0,5.1131,2.6747,15.300000000000052,29.732142857142858,1.943277310924363,0.3137254901960298,0.5686274509804378,-0.058823529411859615,-0.5885885885885885,-1.009009009009009,-0.7147147147147147,0.9023140787846183,1.5776364599894466,0.6558911853028551,2.0,3.0,-0.8552495778575169,1.0588235294118087,0.7147147147147147,0.3071895424837066,-0.5465465465465466,0.01615798922803204,0.37777777777777777,2.3300653594772114,1.3033033033033032,1.2050849291505645,0.007048927359462839,0.9088787525193581,1.0030120481927711,15.74836601307189,10.048048048048049
CFD_ATAS_0196_20250508_0958,atas-mt5-lead-lab-causal-v1,2025-05-08,2025-05-08T09:58:00-04:00,2025-05-08T09:59:00-04:00,2025-05-08T10:00:00-04:00,2025-05-08T13:59:00+00:00,2025-05-08T14:00:00+00:00,SHORT,SUPERIOR,0.0,9.0,58.0,28.0,3.0,5.0,6.4574,1.8936,4.903571428570753,20.535714285714285,4.187909686817766,0.010196649672103571,0.8055353241080526,-0.8361252731243632,1.4000000000000001,0.42608695652173917,-0.0,-1.3898033503278966,0.37944836758631345,-0.8361252731243632,2.0,3.0,0.6031150229380253,0.95848506919109,1.8869565217391304,0.12235979606672666,1.4000000000000001,0.3306451612901664,0.0,2.365622723962156,2.008695652173913,-1.2356255069218463,-0.2993391535728824,0.9449415003439191,1.010989010989011,6.189366351056638,5.539130434782609
CFD_ATAS_0197_20250508_1519,atas-mt5-lead-lab-causal-v1,2025-05-08,2025-05-08T15:19:00-04:00,2025-05-08T15:20:00-04:00,2025-05-08T15:20:00-04:00,2025-05-08T19:20:00+00:00,2025-05-08T19:20:00+00:00,SHORT,SUPERIOR,0.0,15.0,19.0,349.0,3.0,5.0,5.4879,1.5524,11.946428571429092,11.339285714285714,0.9491778774289571,0.02092675635276441,0.5357249626305862,-0.29715994020919373,-1.3228346456692914,-1.3228346456692914,-1.1023622047244095,1.3437614020220559,1.8585596082998777,0.8052022645152157,2.0,3.0,-0.5318501516221015,0.5064275037368379,1.7637795275590553,0.0460388639760208,-1.3228346456692914,0.1834625322997523,0.45454545454545453,1.6113602391628596,1.984251968503937,-0.077008903493484,-0.1955565028487794,0.6543427230047084,1.1043478260869566,28.644544095663985,31.52755905511811
CFD_ATAS_0198_20250509_1146,atas-mt5-lead-lab-causal-v1,2025-05-09,2025-05-09T11:46:00-04:00,2025-05-09T11:47:00-04:00,2025-05-09T11:48:00-04:00,2025-05-09T15:47:00+00:00,2025-05-09T15:48:00+00:00,SHORT,SUPERIOR,0.0,11.0,46.0,136.0,4.0,5.0,6.9873,2.7898,7.082142857142701,16.607142857142858,2.344931921331368,0.32476046394342434,0.1553202218863429,0.38830055471508673,0.22580645161290322,-0.45161290322580644,-0.6021505376344086,0.09895401233052112,0.6069331251121494,0.9904510923494954,1.0,2.0,0.7066984377738204,0.691880988401119,1.053763440860215,0.26122037317227564,0.22580645161290322,0.45454545454578255,0.3333333333333333,3.3111447302069332,1.7311827956989247,0.14384468993578997,-0.2230448438108934,0.7741557681046708,1.021978021978022,20.403429147756377,13.32258064516129
CFD_ATAS_0199_20250509_1211,atas-mt5-lead-lab-causal-v1,2025-05-09,2025-05-09T12:11:00-04:00,2025-05-09T12:12:00-04:00,2025-05-09T12:15:00-04:00,2025-05-09T16:12:00+00:00,2025-05-09T16:15:00+00:00,SHORT,SUPERIOR,0.0,12.0,11.0,161.0,4.0,5.0,5.6602,1.6893,5.485714285714754,14.642857142857142,2.6692708333331057,0.09114583333332556,0.7838541666664671,1.002604166666581,0.08536585365853659,1.3658536585365855,2.3902439024390243,0.005779979674788965,-0.5819994918701183,-1.3876397357724433,0.0,0.0,1.549710434370017,0.3554687499994391,0.7682926829268293,0.10026041666652548,0.08536585365853659,0.4230769230769231,1.0,1.5859374999999973,3.073170731707317,-1.7218448733152882,-0.22250369860489472,0.7745839636914599,0.937142857142857,26.341145833331087,15.109756097560975
CFD_ATAS_0200_20250509_1331,atas-mt5-lead-lab-causal-v1,2025-05-09,2025-05-09T13:31:00-04:00,2025-05-09T13:32:00-04:00,2025-05-09T13:33:00-04:00,2025-05-09T17:32:00+00:00,2025-05-09T17:33:00+00:00,LONG,INFERIOR,1.0,13.0,31.0,241.0,4.0,5.0,8.0938,1.9073,20.046428571428155,17.321428571428573,0.864065562088028,-0.27685729556383903,0.8380545163014241,-0.5811508996972163,0.14432989690721648,-0.43298969072164945,-1.5154639175257731,-0.4211871924710555,1.2710442070230736,0.9343130178285568,1.0,3.0,0.18673209787169998,0.9278460716194015,0.6494845360824741,-0.28932834491356313,0.21649484536082472,0.20674356699204535,0.84,1.9479779084268705,1.804123711340206,1.0790247226923824,-0.03758863222461397,1.2637622424856267,1.3807829181494662,8.632460359878996,12.773195876288659
CFD_ATAS_0201_20250509_1503,atas-mt5-lead-lab-causal-v1,2025-05-09,2025-05-09T15:03:00-04:00,2025-05-09T15:04:00-04:00,2025-05-09T15:04:00-04:00,2025-05-09T19:04:00+00:00,2025-05-09T19:04:00+00:00,SHORT,SUPERIOR,0.0,15.0,3.0,333.0,4.0,5.0,5.3429,2.0198,11.432142857142805,9.642857142857142,0.8434864104967236,1.6925960637299646,2.6460481099656477,2.6941580756013233,-0.9074074074074074,-1.2962962962962963,-1.1666666666666667,2.600003471137372,3.942344406261944,3.86082474226799,3.0,4.0,-0.31313377799486736,2.033739456419878,1.1666666666666667,1.6925960637299646,-0.9074074074074074,0.7493917274938597,0.6,3.5601374570447533,1.9444444444444446,3.7488990417467605,-0.09597571820727174,0.7662477558348126,1.0188679245283019,19.98750390502977,22.944444444444446
CFD_ATAS_0202_20250509_1515,atas-mt5-lead-lab-causal-v1,2025-05-09,2025-05-09T15:15:00-04:00,2025-05-09T15:16:00-04:00,2025-05-09T15:16:00-04:00,2025-05-09T19:16:00+00:00,2025-05-09T19:16:00+00:00,LONG,INFERIOR,1.0,15.0,15.0,345.0,4.0,5.0,6.6316,2.4007,15.503571428571377,10.178571428571429,0.656530753282656,0.2773554480533979,1.5577055977883925,1.493204330799219,-0.12280701754385964,-0.7368421052631579,-1.5964912280701753,0.40016246559725754,2.2945477030515504,3.089695558869394,2.0,4.0,0.6650662815921813,0.8514167242571334,0.7368421052631579,0.27090532135457446,-0.12280701754385964,0.8402903811251698,0.8666666666666667,2.5897258696153984,2.9473684210526314,0.5593996786988467,-0.4148507298403267,1.0179387970453955,1.0754716981132078,14.738539507026081,21.736842105263158
CFD_ATAS_0203_20250512_1002,atas-mt5-lead-lab-causal-v1,2025-05-12,2025-05-12T10:02:00-04:00,2025-05-12T10:03:00-04:00,2025-05-12T10:03:00-04:00,2025-05-12T14:03:00+00:00,2025-05-12T14:03:00+00:00,SHORT,SUPERIOR,0.0,10.0,2.0,32.0,0.0,5.0,6.6742,4.4138,12.25,22.5,1.836734693877551,-0.24489795918367346,-0.012244897959005487,-1.1428571428571428,-0.2777777777777778,-0.3888888888888889,-0.0,0.032879818594104326,0.37664399092988343,-1.1428571428571428,2.0,2.0,0.09542696743948101,0.7142857142857143,0.8333333333333334,-0.21224489795906487,-0.2777777777777778,0.26515151515150054,0.0,3.538775510203963,1.9444444444444444,-0.9808811410323316,-0.2775637354779943,1.3281703775411051,0.9097472924187727,5.351020408163206,7.777777777777778
CFD_ATAS_0204_20250512_1132,atas-mt5-lead-lab-causal-v1,2025-05-12,2025-05-12T11:32:00-04:00,2025-05-12T11:33:00-04:00,2025-05-12T11:33:00-04:00,2025-05-12T15:33:00+00:00,2025-05-12T15:33:00+00:00,SHORT,SUPERIOR,0.0,11.0,32.0,122.0,0.0,5.0,7.3577,2.3629,8.11428571428587,14.107142857142858,1.7385563380281357,-0.6223591549294758,1.1091549295774434,0.7147887323947112,-0.17721518987341772,-0.7974683544303797,-0.7974683544303797,-0.4451439650560581,1.9066232840078232,1.5122570868250909,2.0,3.0,-0.772770925000335,0.8503521126762194,0.620253164556962,-0.6346830985912681,-0.17721518987341772,0.2500000000001568,0.8181818181818182,2.218309859154887,1.7721518987341771,0.13567438335190796,-0.09257296784459446,0.9409815696831512,0.8851540616246499,13.365316901408283,16.481012658227847
CFD_ATAS_0205_20250512_1528,atas-mt5-lead-lab-causal-v1,2025-05-12,2025-05-12T15:28:00-04:00,2025-05-12T15:29:00-04:00,2025-05-12T15:33:00-04:00,2025-05-12T19:29:00+00:00,2025-05-12T19:33:00+00:00,SHORT,SUPERIOR,0.0,15.0,28.0,358.0,0.0,5.0,7.1132,1.5059,8.107142857142858,9.732142857142858,1.2004405286343611,0.3083700440528634,0.7400881057268722,0.22819383259938816,0.38532110091743116,0.6422018348623852,1.926605504587156,-0.07695105686456777,0.09788627086448698,-1.6984116719877678,1.0,1.0,0.9835335328336057,0.9251101321585903,1.0275229357798166,0.3207048458152472,0.25688073394495414,0.1615720524019271,0.6521739130434783,1.517180616740447,2.9541284403669725,-1.508996559428735,-0.016806027655213638,0.6550281344683184,1.117948717948718,37.13392070484572,26.073394495412842
CFD_ATAS_0206_20250513_0959,atas-mt5-lead-lab-causal-v1,2025-05-13,2025-05-13T09:59:00-04:00,2025-05-13T10:00:00-04:00,2025-05-13T10:00:00-04:00,2025-05-13T14:00:00+00:00,2025-05-13T14:00:00+00:00,SHORT,SUPERIOR,0.0,9.0,59.0,29.0,1.0,5.0,5.7536,1.8578,5.360714285715013,16.071428571428573,2.99800133244463,2.1265822784809956,3.367088607594344,3.609593604263063,-0.2333333333333333,-0.07777777777777777,-0.8555555555555555,2.359915611814329,3.444866385372122,4.465149159818618,2.0,4.0,0.10212933768702592,2.2011992005325434,0.7777777777777777,2.0892738174548824,-0.2333333333333333,1.0,0.5238095238095238,3.898734177214932,1.7888888888888888,2.293716865120254,0.1182225569793529,0.9615631005766481,0.9375000000000001,7.228514323783163,9.877777777777776
CFD_ATAS_0207_20250513_1017,atas-mt5-lead-lab-causal-v1,2025-05-13,2025-05-13T10:17:00-04:00,2025-05-13T10:18:00-04:00,2025-05-13T10:18:00-04:00,2025-05-13T14:18:00+00:00,2025-05-13T14:18:00+00:00,SHORT,SUPERIOR,0.0,10.0,17.0,47.0,1.0,5.0,7.0,1.6562,5.707142857142701,16.875,2.9568210262829346,-1.103879849812168,-1.4630788485611235,-1.4893617021277004,-1.1851851851851851,-2.0,-4.0,0.0813053353730171,0.5369211514388765,2.5106382978722994,2.0,4.0,-1.7557476505425897,1.585732165206424,1.8518518518518519,-1.0775969962455911,-1.1851851851851851,0.5448717948715915,1.0,2.8385481852317445,4.518518518518518,2.800151214904444,0.25126071223052054,1.0197830248882653,1.0558659217877095,10.539424280350344,16.22222222222222
CFD_ATAS_0208_20250513_1051,atas-mt5-lead-lab-causal-v1,2025-05-13,2025-05-13T10:51:00-04:00,2025-05-13T10:52:00-04:00,2025-05-13T10:52:00-04:00,2025-05-13T14:52:00+00:00,2025-05-13T14:52:00+00:00,SHORT,SUPERIOR,0.0,10.0,51.0,81.0,1.0,5.0,7.4314,3.6025,5.050000000000572,14.464285714285714,2.86421499292754,0.7722772277222526,3.7524752475237513,2.6138613861377418,0.2592592592592593,-1.9012345679012346,-1.2098765432098766,0.5130179684629933,5.653709815424985,3.8237379293476184,2.0,2.0,-1.8309670599376895,1.3861386138612293,0.6049382716049383,0.7722772277222526,0.2592592592592593,0.517647058823563,0.3888888888888889,4.158415841583688,2.7654320987654324,0.8058565115002417,-0.4782354387709197,0.9223744292237436,0.9557522123893805,14.14851485148297,18.925925925925927
CFD_ATAS_0209_20250513_1149,atas-mt5-lead-lab-causal-v1,2025-05-13,2025-05-13T11:49:00-04:00,2025-05-13T11:50:00-04:00,2025-05-13T11:50:00-04:00,2025-05-13T15:50:00+00:00,2025-05-13T15:50:00+00:00,LONG,INFERIOR,1.0,11.0,49.0,139.0,1.0,5.0,5.9508,1.6479,12.892857142857922,12.321428571428571,0.955678670360053,0.7096952908587957,1.7024930747921974,1.0897506925206533,-0.5072463768115942,-1.2173913043478262,-0.5072463768115942,1.21694166767039,2.9198843791400235,1.5969970693322475,3.0,3.0,-0.6466606707558495,0.9074792243767329,1.1159420289855073,0.7252077562325303,-0.5072463768115942,0.47068676716912045,0.2631578947368421,2.2376731301936577,2.2318840579710146,-0.12106808878686132,-0.24669884176296716,1.9884329385846198,1.0866141732283463,14.504155124652863,26.884057971014492
CFD_ATAS_0210_20250513_1311,atas-mt5-lead-lab-causal-v1,2025-05-13,2025-05-13T13:11:00-04:00,2025-05-13T13:12:00-04:00,2025-05-13T13:12:00-04:00,2025-05-13T17:12:00+00:00,2025-05-13T17:12:00+00:00,SHORT,SUPERIOR,0.0,13.0,11.0,221.0,1.0,5.0,10.3632,2.1925,12.61428571428613,8.214285714285714,0.6511891279727985,-0.8680634201585795,0.6976217440542795,-1.177236693091867,-0.15217391304347827,0.6086956521739131,1.3695652173913044,-0.7158895071151012,0.08892609188036638,-2.5468019104831714,2.0,2.0,1.0146502913966011,1.4507361268402117,1.065217391304348,-0.8799546998868938,-0.15217391304347827,0.2732290708371957,0.5294117647058824,2.227633069082484,1.673913043478261,-1.579994239177537,0.2336117932458539,0.8759920634921066,0.8105726872246696,24.38505096262649,44.434782608695656
CFD_ATAS_0211_20250513_1508,atas-mt5-lead-lab-causal-v1,2025-05-13,2025-05-13T15:08:00-04:00,2025-05-13T15:09:00-04:00,2025-05-13T15:09:00-04:00,2025-05-13T19:09:00+00:00,2025-05-13T19:09:00+00:00,LONG,INFERIOR,1.0,15.0,8.0,338.0,1.0,5.0,5.3809,1.5025,9.610714285714494,9.017857142857142,0.9383128948346137,-0.10925306577472683,0.026012634708286318,0.2185061315498322,0.0,0.0,0.27722772277227725,-0.10925306577472683,0.026012634708286318,-0.05872159122244505,1.0,1.0,0.910262575050318,0.7803790412485896,0.6930693069306931,-0.06763285024131731,0.13861386138613863,0.21649484536103353,0.5,1.4410999628392893,1.3861386138613863,1.2404065999103826,0.7163886529455163,0.9650349650349407,1.0466321243523315,44.845782237085615,41.445544554455445
CFD_ATAS_0212_20250514_1026,atas-mt5-lead-lab-causal-v1,2025-05-14,2025-05-14T10:26:00-04:00,2025-05-14T10:27:00-04:00,2025-05-14T10:27:00-04:00,2025-05-14T14:27:00+00:00,2025-05-14T14:27:00+00:00,SHORT,SUPERIOR,0.0,10.0,26.0,56.0,2.0,5.0,7.0348,2.2823,7.167857142857558,18.035714285714285,2.516193323368065,-0.425510712506102,-0.2929745889384945,-1.0114598903835985,-0.34653465346534656,-0.8316831683168318,-1.8712871287128714,-0.07897605904075544,0.5387085793783373,0.8598272383292729,2.0,3.0,-0.16732285374649894,0.7394120577980712,0.6930693069306931,-0.40458395615364245,-0.27722772277227725,0.31590413943359125,0.9310344827586207,2.518186347782513,2.3564356435643568,0.020978575631208467,0.21830633513241562,1.175402635431961,0.7844660194174756,12.30493273542489,7.346534653465347
CFD_ATAS_0213_20250514_1152,atas-mt5-lead-lab-causal-v1,2025-05-14,2025-05-14T11:52:00-04:00,2025-05-14T11:53:00-04:00,2025-05-14T11:55:00-04:00,2025-05-14T15:53:00+00:00,2025-05-14T15:55:00+00:00,LONG,INFERIOR,1.0,11.0,52.0,142.0,2.0,5.0,6.7892,1.6867,6.985714285714233,9.553571428571429,1.36758691206545,-0.880368098159724,0.19325153374212442,-0.09304703476503519,0.3925233644859813,0.3925233644859813,-0.2616822429906542,-1.2728914626457053,-0.19927183074385688,0.168635208225619,1.0,2.0,0.8664021591222344,1.2955010224947932,1.0467289719626167,-0.887525562372299,0.3925233644859813,0.03903903903912303,0.14285714285714285,1.8967280163599325,2.2242990654205608,0.4222954320548952,0.14787537581530674,0.9814350225790407,0.7561837455830389,14.436605316973315,13.869158878504672
CFD_ATAS_0214_20250514_1159,atas-mt5-lead-lab-causal-v1,2025-05-14,2025-05-14T11:59:00-04:00,2025-05-14T12:00:00-04:00,2025-05-14T12:00:00-04:00,2025-05-14T16:00:00+00:00,2025-05-14T16:00:00+00:00,LONG,INFERIOR,1.0,11.0,59.0,149.0,2.0,5.0,5.4808,2.7194,5.924999999999792,9.732142857142858,1.642555756479865,-1.139240506329154,0.4641350210970627,0.025316455695835016,-0.25688073394495414,-0.25688073394495414,0.7706422018348623,-0.8823597723841998,0.7210157550420169,-0.7453257461390272,2.0,2.0,0.23957904906502342,1.4345991561181939,0.38532110091743116,-1.063291139241035,-0.25688073394495414,0.007957559681580894,0.42857142857142855,2.7341772151900923,2.4403669724770642,0.37113226686268597,0.19866141470968862,0.8324134470647155,0.8616600790513834,17.021097046413853,13.614678899082568
CFD_ATAS_0215_20250514_1225,atas-mt5-lead-lab-causal-v1,2025-05-14,2025-05-14T12:25:00-04:00,2025-05-14T12:26:00-04:00,2025-05-14T12:26:00-04:00,2025-05-14T16:26:00+00:00,2025-05-14T16:26:00+00:00,SHORT,SUPERIOR,0.0,12.0,25.0,175.0,2.0,5.0,6.0164,2.0918,5.310714285713922,8.125,1.5299260255549132,1.4498991257567933,1.4969737726969443,1.5346334902492023,-0.7692307692307693,-1.0769230769230769,-0.9230769230769231,2.2191298949875624,2.573896849620021,2.4577104133261254,2.0,2.0,-0.5448104719676149,1.7041022192333355,1.0769230769230769,1.4593140551446864,-0.7692307692307693,0.7581395348838563,0.75,2.3537323470075586,2.3076923076923075,-0.08879884929605894,0.04678329125473996,0.7532928064842387,0.8348623853211009,18.98991257565671,16.307692307692307
CFD_ATAS_0216_20250514_1408,atas-mt5-lead-lab-causal-v1,2025-05-14,2025-05-14T14:08:00-04:00,2025-05-14T14:09:00-04:00,2025-05-14T14:10:00-04:00,2025-05-14T18:09:00+00:00,2025-05-14T18:10:00+00:00,LONG,INFERIOR,1.0,14.0,8.0,278.0,2.0,5.0,5.5876,2.3374,14.51071428571439,7.767857142857143,0.5353187300024574,-0.3238985970957899,0.8993354664040784,-0.7201575190746204,0.0,-0.48275862068965514,0.9655172413793103,-0.3238985970957899,1.3820940870937335,-1.6856747604539306,1.0,1.0,1.4424337559075218,0.9441299532363174,0.6436781609195402,-0.29633275904498835,0.0,0.19624413145539932,0.5,2.632537533841769,2.413793103448276,1.3450517531230264,0.058273011001682584,0.9923067529613037,0.7280334728033473,8.858971203544316,18.82758620689655
CFD_ATAS_0217_20250514_1431,atas-mt5-lead-lab-causal-v1,2025-05-14,2025-05-14T14:31:00-04:00,2025-05-14T14:32:00-04:00,2025-05-14T14:32:00-04:00,2025-05-14T18:32:00+00:00,2025-05-14T18:32:00+00:00,SHORT,SUPERIOR,0.0,14.0,31.0,301.0,2.0,5.0,7.0995,1.754,11.142857142857142,10.714285714285714,0.9615384615384616,0.5743589743587785,1.067948717948522,-0.6730769230769231,0.23333333333333334,-1.2833333333333334,0.4666666666666667,0.34102564102544514,2.3512820512818555,-1.1397435897435897,2.0,2.0,-0.9793569765148763,0.825641025641091,1.05,0.551923076922881,0.23333333333333334,0.21802325581399037,0.13333333333333333,2.144871794871599,2.45,-0.884879793919036,-0.2761970678466412,0.8065141527724182,1.081081081081081,11.536538461538724,13.65
CFD_ATAS_0218_20250515_1018,atas-mt5-lead-lab-causal-v1,2025-05-15,2025-05-15T10:18:00-04:00,2025-05-15T10:19:00-04:00,2025-05-15T10:19:00-04:00,2025-05-15T14:19:00+00:00,2025-05-15T14:19:00+00:00,SHORT,SUPERIOR,0.0,10.0,18.0,48.0,3.0,5.0,6.4635,3.2359,6.564285714285559,19.017857142857142,2.8971708378673156,0.19042437431991746,1.949945593035844,2.224156692056414,-0.46009389671361506,-0.13145539906103287,-0.46009389671361506,0.6505182710335325,2.081400992096877,2.684250588770029,2.0,3.0,0.11428090154104255,0.8454842219803227,0.9859154929577465,0.1980413492926033,-0.46009389671361506,0.772486772486636,0.30434782608695654,3.023939064200068,1.8403755868544602,-0.10959575179610294,0.4536250703425369,1.0966587112171435,0.9102564102564102,6.939064200217682,5.192488262910798
CFD_ATAS_0219_20250515_1050,atas-mt5-lead-lab-causal-v1,2025-05-15,2025-05-15T10:50:00-04:00,2025-05-15T10:51:00-04:00,2025-05-15T10:51:00-04:00,2025-05-15T14:51:00+00:00,2025-05-15T14:51:00+00:00,LONG,INFERIOR,1.0,10.0,50.0,80.0,3.0,5.0,5.854,2.4447,5.63571428571439,15.0,2.6615969581748558,-1.4638783269961706,0.48795944233205685,-0.05323193916401353,0.3333333333333333,-0.5833333333333334,-0.16666666666666666,-1.7972116603295039,1.0712927756653903,0.11343472750265313,1.0,1.0,-0.4626500252500894,1.8365019011410377,1.25,-1.4993662864386312,0.3333333333333333,0.013452914798335033,0.058823529411764705,2.3776932826364625,2.4166666666666665,1.0600722894830508,-0.2106001487969191,0.9187772925764168,0.8038277511961723,11.427122940430971,6.583333333333333
CFD_ATAS_0220_20250515_1121,atas-mt5-lead-lab-causal-v1,2025-05-15,2025-05-15T11:21:00-04:00,2025-05-15T11:22:00-04:00,2025-05-15T11:26:00-04:00,2025-05-15T15:22:00+00:00,2025-05-15T15:26:00+00:00,LONG,INFERIOR,1.0,11.0,21.0,111.0,3.0,5.0,6.5155,2.0367,5.028571428572312,10.089285714285714,2.006392045454193,-0.1789772727268072,0.3778409090911321,1.1036931818185667,2.2300884955752216,2.7256637168141595,2.601769911504425,-2.4090657683020287,-2.3478228077230274,-1.4980767296858581,0.0,1.0,3.316227308853964,0.924715909091036,2.4778761061946906,-0.1789772727268072,2.2300884955752216,0.5414634146348146,0.7777777777777778,2.1974431818183744,2.9734513274336285,2.0717173979174754,-0.1259508496293474,0.8487040385775794,0.7106918238993709,12.80681818181622,16.601769911504427
CFD_ATAS_0221_20250515_1425,atas-mt5-lead-lab-causal-v1,2025-05-15,2025-05-15T14:25:00-04:00,2025-05-15T14:26:00-04:00,2025-05-15T14:26:00-04:00,2025-05-15T18:26:00+00:00,2025-05-15T18:26:00+00:00,SHORT,SUPERIOR,0.0,14.0,25.0,295.0,3.0,5.0,8.3621,2.6504,11.21785714285761,14.732142857142858,1.3132760267430208,0.7220630372494481,1.239095829353787,0.5036612543776955,-0.33939393939393936,-0.9333333333333333,-1.3575757575757574,1.0614569766433875,2.1724291626871204,1.861237011953453,2.0,3.0,0.5513010002444074,1.1499522445082002,0.7636363636363636,0.7265202164916627,-0.33939393939393936,0.11154985192500085,0.8,3.454313912766491,1.7818181818181817,-0.6032854616304931,0.03648801571082933,0.8432214765100693,1.506849315068493,16.513849092644964,19.09090909090909
CFD_ATAS_0222_20250515_1448,atas-mt5-lead-lab-causal-v1,2025-05-15,2025-05-15T14:48:00-04:00,2025-05-15T14:49:00-04:00,2025-05-15T14:49:00-04:00,2025-05-15T18:49:00+00:00,2025-05-15T18:49:00+00:00,SHORT,SUPERIOR,0.0,14.0,48.0,318.0,3.0,5.0,6.5343,1.5902,10.303571428571948,10.803571428571429,1.0485268630848692,-0.48526863084919564,0.3008665511267132,-0.8637781629113565,0.34710743801652894,0.6942148760330579,2.1983471074380163,-0.8323760688657246,-0.3933483249063447,-3.0621252703493727,1.0,1.0,1.0097559134353218,0.8201039861352113,0.6942148760330579,-0.4804159445407743,0.34710743801652894,0.35458167330665513,0.6551724137931034,1.5868284228767287,2.7768595041322315,-2.1010551132746547,-0.45260480299827516,0.9249759538313338,0.8897058823529412,20.3327556325813,26.03305785123967
CFD_ATAS_0223_20250516_1123,atas-mt5-lead-lab-causal-v1,2025-05-16,2025-05-16T11:23:00-04:00,2025-05-16T11:24:00-04:00,2025-05-16T11:24:00-04:00,2025-05-16T15:24:00+00:00,2025-05-16T15:24:00+00:00,SHORT,SUPERIOR,0.0,11.0,23.0,113.0,4.0,5.0,5.0454,1.8486,6.082142857142442,12.321428571428571,2.0258367586613244,-0.3863769817972144,0.7398708162067447,-0.15619495008821016,-0.30434782608695654,0.10144927536231885,0.9130434782608696,-0.08202915571025787,0.6384215408444258,-1.0692384283490797,2.0,2.0,0.1176590650664656,0.7727539635938306,0.9130434782608696,-0.37815619495059244,-0.30434782608695654,0.04810126582281279,0.5294117647058824,1.7921315325893115,1.927536231884058,-1.6777153513416871,0.045946054244062756,1.231826401446538,0.8903225806451613,8.804462712860142,12.072463768115941
CFD_ATAS_0224_20250516_1221,atas-mt5-lead-lab-causal-v1,2025-05-16,2025-05-16T12:21:00-04:00,2025-05-16T12:22:00-04:00,2025-05-16T12:22:00-04:00,2025-05-16T16:22:00+00:00,2025-05-16T16:22:00+00:00,SHORT,SUPERIOR,0.0,12.0,21.0,171.0,4.0,5.0,8.917,2.7773,6.47857142857174,8.660714285714286,1.3368246968025819,-1.5975744211683864,-0.19294377067253757,-0.9724366041894771,0.5773195876288659,0.28865979381443296,1.2989690721649483,-2.1748940087972524,-0.4816035644869705,-2.2714056763544255,1.0,1.0,0.5664689740134263,1.8908489525908683,0.8659793814432989,-1.6130099228225263,0.5773195876288659,0.2571428571428656,0.391304347826087,2.4542447629549025,2.020618556701031,-1.4919104144408515,-0.07077588941121662,0.9504846738275938,0.8981481481481483,11.839029768466457,17.175257731958762
CFD_ATAS_0225_20250516_1400,atas-mt5-lead-lab-causal-v1,2025-05-16,2025-05-16T14:00:00-04:00,2025-05-16T14:01:00-04:00,2025-05-16T14:02:00-04:00,2025-05-16T18:01:00+00:00,2025-05-16T18:02:00+00:00,SHORT,SUPERIOR,0.0,14.0,0.0,270.0,4.0,5.0,5.6246,1.8826,13.34285714285709,8.482142857142858,0.6357066381156342,-0.8131691648821211,-0.052462526766377374,0.044967880085816876,-0.0,0.29473684210526313,-0.5894736842105263,-0.8131691648821211,-0.3471993688716405,0.6344415642963431,0.0,1.0,0.7632960915505445,1.1879014989292318,1.031578947368421,-0.7981798715201822,0.14736842105263157,0.014457831325352534,0.4,2.2671306209850197,1.6210526315789473,-1.2710851114371142,-0.032151126410667474,0.8638150289017307,1.0795454545454546,13.718950749464668,18.568421052631578
CFD_ATAS_0226_20250516_1519,atas-mt5-lead-lab-causal-v1,2025-05-16,2025-05-16T15:19:00-04:00,2025-05-16T15:20:00-04:00,2025-05-16T15:20:00-04:00,2025-05-16T19:20:00+00:00,2025-05-16T19:20:00+00:00,SHORT,SUPERIOR,0.0,15.0,19.0,349.0,4.0,5.0,5.4731,1.6463,7.971428571429247,7.321428571428571,0.9184587813619293,0.7150537634408909,1.818996415770455,-0.05645161290331229,-0.17073170731707318,-0.8536585365853658,0.17073170731707318,0.8857854707579641,2.672654952355821,-0.22718332022038548,3.0,4.0,-0.7643575462359344,1.2168458781361888,0.8536585365853658,0.7464157706093469,-0.0,0.01528013582345387,0.07692307692307693,2.1388888888890727,2.3902439024390243,-0.10159354758619635,0.24141229451548418,0.8477022407900124,1.0512820512820513,22.96326164874348,25.26829268292683
CFD_ATAS_0227_20250519_0957,atas-mt5-lead-lab-causal-v1,2025-05-19,2025-05-19T09:57:00-04:00,2025-05-19T09:58:00-04:00,2025-05-19T10:00:00-04:00,2025-05-19T13:58:00+00:00,2025-05-19T14:00:00+00:00,SHORT,SUPERIOR,0.0,9.0,57.0,27.0,0.0,5.0,6.4093,3.2432,6.410714285714546,18.75,2.924791086350856,-0.11699164345403425,1.1621169916429528,1.8250696378824802,-0.06666666666666667,-0.2,0.4666666666666667,-0.05032497678736758,1.3621169916429527,1.3584029712158134,2.0,2.0,0.4310680209441731,0.44456824512567067,0.6666666666666666,-0.10919220055721213,-0.06666666666666667,0.6724137931032248,0.22580645161290322,3.275766016712959,1.4,1.1919263461865695,0.3240545851309061,1.0423925667828267,0.8974358974358975,8.743175487464713,9.2
CFD_ATAS_0228_20250519_1101,atas-mt5-lead-lab-causal-v1,2025-05-19,2025-05-19T11:01:00-04:00,2025-05-19T11:02:00-04:00,2025-05-19T11:02:00-04:00,2025-05-19T15:02:00+00:00,2025-05-19T15:02:00+00:00,SHORT,SUPERIOR,0.0,11.0,1.0,91.0,0.0,5.0,8.4134,2.509,6.150000000000156,16.339285714285715,2.656794425087041,-0.6910569105690881,-1.65853658536593,-1.5365853658537378,-0.6885245901639344,-0.9180327868852458,-0.22950819672131145,-0.0025323204051537207,-0.7405037984806842,-1.3070771691324263,2.0,2.0,-0.32310694862129113,0.7886178861786052,1.07103825136612,-0.48780487804876815,-0.6120218579234973,0.45107398568021,0.12,2.6666666666668357,1.3770491803278688,-0.9018437994303369,-0.2313968754898406,0.9761904761904727,0.986522911051213,10.609756097560707,15.912568306010927
CFD_ATAS_0229_20250519_1155,atas-mt5-lead-lab-causal-v1,2025-05-19,2025-05-19T11:55:00-04:00,2025-05-19T11:56:00-04:00,2025-05-19T11:56:00-04:00,2025-05-19T15:56:00+00:00,2025-05-19T15:56:00+00:00,SHORT,SUPERIOR,0.0,11.0,55.0,145.0,0.0,5.0,5.9419,1.6839,7.503571428571377,11.785714285714286,1.5706806282722623,0.2198952879578258,0.0599714421700076,-0.2998572108519773,0.2121212121212121,0.7424242424242424,-0.10606060606060605,0.007774075836613714,-0.6824528002542348,-0.19379660479137126,0.0,2.0,1.1083032972583278,0.5663969538315127,0.8484848484848484,0.2198952879578258,0.2121212121212121,0.18218623481794258,0.06666666666666667,1.7391718229413715,1.3787878787878787,-1.4404300300748119,-0.03610179322218341,0.977436613165892,0.9635036496350365,9.035697287006153,23.227272727272727
CFD_ATAS_0230_20250519_1218,atas-mt5-lead-lab-causal-v1,2025-05-19,2025-05-19T12:18:00-04:00,2025-05-19T12:19:00-04:00,2025-05-19T12:19:00-04:00,2025-05-19T16:19:00+00:00,2025-05-19T16:19:00+00:00,LONG,INFERIOR,1.0,12.0,18.0,168.0,0.0,5.0,5.3519,1.969,13.046428571428416,8.571428571428571,0.6569942513003089,0.19162332329592344,0.8891322200929732,-0.08048179578423208,-0.4375,-0.14583333333333334,-0.14583333333333334,0.6291233232959235,1.0349655534263065,0.06535153754910127,2.0,3.0,1.3494464640574129,0.7588283602519683,1.1666666666666667,0.1724609909663311,-0.4375,0.03047895500723513,0.1111111111111111,2.5026006022448715,1.4583333333333335,1.0959047935271615,0.23628532661774268,1.7158290277125088,0.777327935222672,5.196824527785388,31.9375
CFD_ATAS_0231_20250519_1243,atas-mt5-lead-lab-causal-v1,2025-05-19,2025-05-19T12:43:00-04:00,2025-05-19T12:44:00-04:00,2025-05-19T12:48:00-04:00,2025-05-19T16:44:00+00:00,2025-05-19T16:48:00+00:00,SHORT,SUPERIOR,0.0,12.0,43.0,193.0,0.0,5.0,7.0611,1.7081,24.36428571428561,8.214285714285714,0.33714453239519343,-0.4781588976840254,-0.4576370565817093,-1.2764585165641524,-0.0,0.15217391304347827,0.9130434782608696,-0.4781588976840254,-0.6098109696251875,-2.1895019948250223,0.0,0.0,1.7202469407551058,0.6505423629433614,0.6086956521739131,-0.44532395192034946,-0.0,0.8337801608579837,1.0,1.6540603928466497,1.673913043478261,-1.699835829814323,0.09767485153972187,2.6314368370299563,0.8679245283018868,7.361184403400734,33.630434782608695
CFD_ATAS_0232_20250519_1331,atas-mt5-lead-lab-causal-v1,2025-05-19,2025-05-19T13:31:00-04:00,2025-05-19T13:32:00-04:00,2025-05-19T13:32:00-04:00,2025-05-19T17:32:00+00:00,2025-05-19T17:32:00+00:00,LONG,INFERIOR,1.0,13.0,31.0,241.0,0.0,5.0,5.7389,2.1634,14.753571428571636,9.375,0.6354393609295481,0.3897361413701228,-0.2982328733961199,-0.8811425804889733,-1.2,-1.7333333333333334,-2.533333333333333,1.5897361413701228,1.4351004599372135,1.6521907528443598,2.0,4.0,0.43790269798521575,0.8303074316146095,1.3333333333333333,0.4304042604697618,-1.0666666666666667,0.2813852813852991,0.76,2.1859114015976453,2.933333333333333,0.7935181237012379,-0.5112745646438184,0.8187493806362056,1.0096153846153846,21.042362624061724,36.53333333333333
CFD_ATAS_0233_20250519_1532,atas-mt5-lead-lab-causal-v1,2025-05-19,2025-05-19T15:32:00-04:00,2025-05-19T15:33:00-04:00,2025-05-19T15:33:00-04:00,2025-05-19T19:33:00+00:00,2025-05-19T19:33:00+00:00,SHORT,SUPERIOR,0.0,15.0,32.0,362.0,0.0,5.0,5.2351,2.1246,8.89642857142904,9.732142857142858,1.093938177438722,-0.12926535527875227,1.2083500602167168,0.438378161381112,0.25688073394495414,-0.7706422018348623,-1.7981651376146788,-0.3861460892237064,1.978992262051579,2.236543298995791,2.0,4.0,-0.15207616161275228,0.5845042151746797,0.6422018348623852,-0.12364512244061676,0.25688073394495414,0.19597989949761788,0.7777777777777778,2.1075873143314827,2.697247706422018,-0.45336981756462014,-0.24502992277280214,0.898305084745777,1.0480769230769231,36.621437173823765,35.19266055045871
CFD_ATAS_0234_20250520_1013,atas-mt5-lead-lab-causal-v1,2025-05-20,2025-05-20T10:13:00-04:00,2025-05-20T10:14:00-04:00,2025-05-20T10:14:00-04:00,2025-05-20T14:14:00+00:00,2025-05-20T14:14:00+00:00,SHORT,SUPERIOR,0.0,10.0,13.0,43.0,1.0,5.0,5.6535,2.1496,6.221428571428727,17.946428571428573,2.8846153846153126,-0.3455797933406279,-0.11251435132043561,-0.5143513203215737,0.208955223880597,-0.13930348258706465,-0.2786069651741293,-0.5545350172212249,0.026789131266629046,-0.2357443551474444,1.0,2.0,0.09462135017166651,0.5786452353614049,0.5572139303482586,-0.3375430539607221,0.208955223880597,0.29629629629638365,0.11764705882352941,2.194029850745863,1.7412935323383083,-0.9731447584406595,-0.029357871355021797,1.3048689138577103,0.8626609442060087,7.522388059701187,4.736318407960199
CFD_ATAS_0235_20250520_1141,atas-mt5-lead-lab-causal-v1,2025-05-20,2025-05-20T11:41:00-04:00,2025-05-20T11:42:00-04:00,2025-05-20T11:44:00-04:00,2025-05-20T15:42:00+00:00,2025-05-20T15:44:00+00:00,LONG,INFERIOR,1.0,11.0,41.0,131.0,1.0,5.0,8.7217,1.9856,5.542857142856519,9.553571428571429,1.723582474226998,0.41494845360816285,0.7036082474230221,0.41494845360816285,-0.6542056074766355,-0.5233644859813084,-0.9158878504672897,1.0691540610847983,1.2269727334043306,1.3308363040754525,2.0,4.0,0.3479295946740889,0.640463917525714,1.308411214953271,0.43298969072196075,-0.6542056074766355,0.2555555555553714,0.5384615384615384,2.3002577319590216,2.0934579439252334,-0.04720645933646564,-0.051924841402704855,1.0284956925113475,0.9145299145299144,11.64561855670221,10.074766355140186
CFD_ATAS_0236_20250520_1505,atas-mt5-lead-lab-causal-v1,2025-05-20,2025-05-20T15:05:00-04:00,2025-05-20T15:06:00-04:00,2025-05-20T15:08:00-04:00,2025-05-20T19:06:00+00:00,2025-05-20T19:08:00+00:00,SHORT,SUPERIOR,0.0,15.0,5.0,335.0,1.0,5.0,5.7156,1.5068,9.46785714285683,13.125,1.3862693323274693,0.5333836288196384,0.6706903055453299,0.5756318370427213,-0.38095238095238093,0.47619047619047616,1.619047619047619,0.9143360097720193,0.19449982935485377,-1.0434157820048977,1.0,1.0,0.959100824724772,1.1987929083363627,1.4285714285714286,0.543945680875313,-0.38095238095238093,0.3177842565597148,0.68,1.8377970577139002,2.9523809523809526,-1.5318102794389334,0.2517003513854666,1.0064540622626796,1.027972027972028,13.656733308185963,13.428571428571429
CFD_ATAS_0237_20250520_1553,atas-mt5-lead-lab-causal-v1,2025-05-20,2025-05-20T15:53:00-04:00,2025-05-20T15:54:00-04:00,2025-05-20T15:54:00-04:00,2025-05-20T19:54:00+00:00,2025-05-20T19:54:00+00:00,SHORT,SUPERIOR,0.0,15.0,53.0,383.0,1.0,5.0,5.6723,1.7615,7.189285714285298,13.571428571428571,1.8877297565823248,0.04868355688058462,1.1684053651269466,0.9319423745654805,0.27631578947368424,-1.105263157894737,-1.5657894736842106,-0.22763223259309961,2.2736685230216835,2.497731848249691,2.0,3.0,-0.8766894291694993,0.9041231992052188,0.5526315789473685,0.08345752608078534,0.18421052631578946,0.46206896551717563,0.5483870967741935,2.1351217088921217,3.4078947368421053,1.212916294088415,-0.3040331474089904,0.8236497545007535,1.1471698113207547,17.98509687034371,12.986842105263158
CFD_ATAS_0238_20250521_0955,atas-mt5-lead-lab-causal-v1,2025-05-21,2025-05-21T09:55:00-04:00,2025-05-21T09:56:00-04:00,2025-05-21T09:56:00-04:00,2025-05-21T13:56:00+00:00,2025-05-21T13:56:00+00:00,SHORT,SUPERIOR,0.0,9.0,55.0,25.0,2.0,5.0,9.2695,2.3199,5.100000000000104,16.696428571428573,3.2738095238094576,-1.1176470588236493,-0.14705882352940877,-0.764705882353211,-0.5989304812834224,-0.0748663101604278,-0.6737967914438502,-0.5187165775402269,-0.07219251336898097,-0.09090909090936083,1.0,2.0,0.2510522554504665,1.1568627450975877,1.4224598930481283,-1.0882352941174822,-0.6737967914438502,0.28260869565221974,0.23076923076923078,2.254901960784268,2.0213903743315504,1.019591388186899,0.2965613710525178,0.8958594730238495,0.9589743589743591,9.941176470587463,7.636363636363636
CFD_ATAS_0239_20250521_1013,atas-mt5-lead-lab-causal-v1,2025-05-21,2025-05-21T10:13:00-04:00,2025-05-21T10:14:00-04:00,2025-05-21T10:14:00-04:00,2025-05-21T14:14:00+00:00,2025-05-21T14:14:00+00:00,SHORT,SUPERIOR,0.0,10.0,13.0,43.0,2.0,5.0,5.7167,1.5077,5.324999999999948,22.678571428571427,4.258886653252892,0.2065727699527804,0.1314553990611708,0.4788732394364878,-0.44094488188976383,-0.0,0.6062992125984252,0.6475176518425443,0.1314553990611708,-0.12742597316193743,1.0,2.0,0.27310949734031265,1.0234741784039025,0.7716535433070867,0.19718309859141459,-0.44094488188976383,0.36690647482000077,0.2972972972972973,1.577464788732,1.6535433070866143,-0.6075348050141675,0.11442893964052163,0.9861111111111679,1.1705069124423961,12.995305164318829,7.220472440944882
CFD_ATAS_0240_20250521_1137,atas-mt5-lead-lab-causal-v1,2025-05-21,2025-05-21T11:37:00-04:00,2025-05-21T11:38:00-04:00,2025-05-21T11:38:00-04:00,2025-05-21T15:38:00+00:00,2025-05-21T15:38:00+00:00,LONG,INFERIOR,1.0,11.0,37.0,127.0,2.0,5.0,5.731,1.7906,8.417857142857299,12.857142857142858,1.5273652948663272,-0.32074671192201515,0.8672040729740171,0.5642766228256153,0.09722222222222222,-0.9722222222222222,-1.0694444444444444,-0.41796893414423736,1.8394262951962395,1.6337210672700597,2.0,3.0,-0.6253712903352506,0.4573610521852317,0.9722222222222222,-0.3326262197708026,0.09722222222222222,0.2753623188405797,0.5238095238095238,1.8353839626644564,1.75,-0.34277512318737424,0.2480225978160046,1.1802704056084516,0.9028213166144201,12.63385659736913,20.02777777777778
CFD_ATAS_0241_20250521_1146,atas-mt5-lead-lab-causal-v1,2025-05-21,2025-05-21T11:46:00-04:00,2025-05-21T11:47:00-04:00,2025-05-21T11:47:00-04:00,2025-05-21T15:47:00+00:00,2025-05-21T15:47:00+00:00,LONG,INFERIOR,1.0,11.0,46.0,136.0,2.0,5.0,7.0915,1.9756,7.296428571429195,11.428571428571429,1.5663240332842518,0.4317180616741713,1.3979441997062945,1.5418502202641853,-0.765625,-0.65625,-0.109375,1.1973430616741714,2.0541941997062945,1.6512252202641853,2.0,3.0,0.02254997361142159,0.6510034263337672,1.421875,0.4317180616741713,-0.765625,0.7425742574256713,0.047619047619047616,2.6656877141457356,1.96875,-0.03745307279232052,-0.05018553586434038,1.0046717482174343,0.8284789644012945,14.575624082230567,22.53125
CFD_ATAS_0242_20250522_1020,atas-mt5-lead-lab-causal-v1,2025-05-22,2025-05-22T10:20:00-04:00,2025-05-22T10:21:00-04:00,2025-05-22T10:21:00-04:00,2025-05-22T14:21:00+00:00,2025-05-22T14:21:00+00:00,LONG,INFERIOR,1.0,10.0,20.0,50.0,3.0,5.0,5.6662,2.2196,9.64642857142904,18.571428571428573,1.9252128841169005,0.1814142910033233,1.6223620881152079,1.2854498333947502,-0.2019230769230769,-0.6057692307692307,-0.8749999999999999,0.38333736792640016,2.2281313188844387,2.16044983339475,2.0,3.0,-0.25340355997513353,0.40429470566469994,0.673076923076923,0.1814142910033233,-0.1346153846153846,0.42906574394459357,0.8666666666666667,2.410218437615581,1.548076923076923,-2.517553358432728,0.24765946166424743,1.443613041154432,0.7323943661971831,6.126619770454939,11.71153846153846
CFD_ATAS_0243_20250522_1033,atas-mt5-lead-lab-causal-v1,2025-05-22,2025-05-22T10:33:00-04:00,2025-05-22T10:34:00-04:00,2025-05-22T10:34:00-04:00,2025-05-22T14:34:00+00:00,2025-05-22T14:34:00+00:00,LONG,INFERIOR,1.0,10.0,33.0,63.0,3.0,5.0,8.6553,2.7987,7.585714285715118,23.482142857142858,3.0955743879469297,-0.4218455743879969,-1.0018832391715526,-0.9359698681734431,0.9049429657794676,0.1596958174904943,0.6920152091254753,-1.3267885401674646,-1.161579056662047,-1.6279850772989184,2.0,3.0,0.7574782937722185,0.9425612052731581,1.4372623574144487,-0.42843691148771196,0.9049429657794676,0.24482758620700254,0.24528301886792453,2.7749529190203153,1.5969581749049429,1.1942507735805903,0.025960302038116233,1.0177287973166709,1.0647773279352228,9.043314500940436,9.262357414448669
CFD_ATAS_0244_20250522_1045,atas-mt5-lead-lab-causal-v1,2025-05-22,2025-05-22T10:45:00-04:00,2025-05-22T10:46:00-04:00,2025-05-22T10:46:00-04:00,2025-05-22T14:46:00+00:00,2025-05-22T14:46:00+00:00,LONG,INFERIOR,1.0,10.0,45.0,75.0,3.0,5.0,6.4258,1.995,8.492857142857506,24.821428571428573,2.9226240538266204,-1.0067283431453717,-1.477712363330381,-1.3776282590408095,0.7050359712230215,-0.9568345323741007,0.050359712230215826,-1.7117643143683932,-0.5208778309562804,-1.4279879712710253,2.0,2.0,-0.5084106691962228,1.5719091673677255,1.3597122302158273,-1.0008410428931447,0.6546762589928057,0.6610169491524867,0.014925373134328358,2.649285113540677,2.2158273381294964,1.2625190999707834,0.14969225627175636,1.1161699131658036,1.0838206627680311,10.185029436500827,8.762589928057553
CFD_ATAS_0245_20250522_1127,atas-mt5-lead-lab-causal-v1,2025-05-22,2025-05-22T11:27:00-04:00,2025-05-22T11:28:00-04:00,2025-05-22T11:28:00-04:00,2025-05-22T15:28:00+00:00,2025-05-22T15:28:00+00:00,LONG,INFERIOR,1.0,11.0,27.0,117.0,3.0,5.0,6.3196,1.997,11.585714285714078,15.535714285714286,1.3409371146732671,-0.4704069050555583,0.8415536374846021,-0.28051787916153403,-0.7241379310344828,-1.367816091954023,-0.9655172413793103,0.25373102597892444,2.209369729438625,0.6849993622177762,2.0,2.0,-1.2210265943766492,0.6689272503082734,1.206896551724138,-0.4401972872998264,-0.7241379310344828,0.09658246656760355,0.4,2.045622688039557,2.413793103448276,0.6228403126266331,0.04251819349881592,1.0904201680672607,0.7565217391304349,17.500000000000313,14.0
CFD_ATAS_0246_20250522_1205,atas-mt5-lead-lab-causal-v1,2025-05-22,2025-05-22T12:05:00-04:00,2025-05-22T12:06:00-04:00,2025-05-22T12:07:00-04:00,2025-05-22T16:06:00+00:00,2025-05-22T16:07:00+00:00,SHORT,SUPERIOR,0.0,12.0,5.0,155.0,3.0,5.0,10.1996,1.8126,11.121428571429144,13.571428571428571,1.2202954399485564,-1.0385356454719428,-0.1528580603725688,-0.40462427745662655,1.105263157894737,1.4736842105263157,0.9210526315789473,-2.1437988033666797,-1.6265422708988846,-1.325676909035574,0.0,1.0,1.9815766574483284,1.7533718689787152,1.4736842105263157,-1.0295439948619263,1.013157894736842,0.1829268292683035,0.4166666666666667,2.2119460500964214,2.026315789473684,-2.040859360486856,-0.13185897776788139,0.8927752293578551,0.7814910025706939,18.230571612073565,16.026315789473685
CFD_ATAS_0247_20250522_1223,atas-mt5-lead-lab-causal-v1,2025-05-22,2025-05-22T12:23:00-04:00,2025-05-22T12:24:00-04:00,2025-05-22T12:25:00-04:00,2025-05-22T16:24:00+00:00,2025-05-22T16:25:00+00:00,LONG,INFERIOR,1.0,12.0,23.0,173.0,3.0,5.0,7.106,2.6964,8.535714285714025,12.946428571428571,1.5167364016736864,0.1991631799164093,1.4468619246860661,0.8962343096236288,0.0,0.0,-1.9310344827586208,0.1991631799164093,1.4468619246860661,2.8272687923822497,1.0,3.0,0.681340651375097,0.7615062761506508,1.0620689655172415,0.2284518828452805,0.0,0.2838589981447971,0.8333333333333334,2.987447698744861,2.510344827586207,0.05870563280138163,-0.14116906373627927,0.7467583190126078,0.8841463414634146,23.75313807531453,16.8
CFD_ATAS_0248_20250523_1005,atas-mt5-lead-lab-causal-v1,2025-05-23,2025-05-23T10:05:00-04:00,2025-05-23T10:06:00-04:00,2025-05-23T10:06:00-04:00,2025-05-23T14:06:00+00:00,2025-05-23T14:06:00+00:00,SHORT,SUPERIOR,0.0,10.0,5.0,35.0,4.0,5.0,6.0622,3.3437,6.596428571429247,27.946428571428573,4.236599891715863,1.1672983216025894,3.4715755278829183,2.728749323226575,-0.268370607028754,-1.3865814696485623,-1.6549520766773163,1.4356689286313433,4.858156997531481,4.383701399903892,3.0,4.0,-1.3086821741935724,1.7130481862476838,0.939297124600639,1.1369788846777396,-0.22364217252396165,0.6164383561642914,0.9024390243902439,4.085544125608788,2.0575079872204474,4.1609645225217715,-0.29498713479712657,1.08455666470929,0.8694444444444445,5.844071467244022,4.696485623003195
CFD_ATAS_0249_20250523_1039,atas-mt5-lead-lab-causal-v1,2025-05-23,2025-05-23T10:39:00-04:00,2025-05-23T10:40:00-04:00,2025-05-23T10:40:00-04:00,2025-05-23T14:40:00+00:00,2025-05-23T14:40:00+00:00,LONG,INFERIOR,1.0,10.0,39.0,69.0,4.0,5.0,6.7828,1.6795,14.3107142857147,19.375,1.3538807087596314,0.38083354130276004,1.7434489643124536,0.0943349139005694,-0.12903225806451613,-0.45161290322580644,-0.3225806451612903,0.5098657993672762,2.19506186753826,0.41691555906185973,2.0,3.0,-0.17085188283686406,0.8385325680059652,0.5806451612903226,0.3878213127027081,-0.06451612903225806,0.026865671641762085,0.23809523809523808,2.6378837035187654,1.3548387096774193,-0.18743044100821166,0.23304102319497438,2.021695257316005,0.7977941176470589,9.084102820064624,8.903225806451612
CFD_ATAS_0250_20250523_1410,atas-mt5-lead-lab-causal-v1,2025-05-23,2025-05-23T14:10:00-04:00,2025-05-23T14:11:00-04:00,2025-05-23T14:11:00-04:00,2025-05-23T18:11:00+00:00,2025-05-23T18:11:00+00:00,LONG,INFERIOR,1.0,14.0,10.0,280.0,4.0,5.0,5.4801,1.7723,17.139285714285766,12.857142857142858,0.7501562825588642,0.29172744321733607,1.630756407584951,1.2223379870806805,-0.29166666666666663,0.0,-0.3888888888888889,0.5833941098840028,1.630756407584951,1.6112268759695694,2.0,3.0,0.44447351352965697,0.88101687851627,0.875,0.2742237966243384,-0.29166666666666663,0.5669824086603603,0.2,2.298812252552481,1.5555555555555556,0.18804197872195338,-0.32473684642073786,0.8624314853086658,1.0434782608695652,26.90893936236712,20.22222222222222
CFD_ATAS_0251_20250523_1531,atas-mt5-lead-lab-causal-v1,2025-05-23,2025-05-23T15:31:00-04:00,2025-05-23T15:32:00-04:00,2025-05-23T15:32:00-04:00,2025-05-23T19:32:00+00:00,2025-05-23T19:32:00+00:00,SHORT,SUPERIOR,0.0,15.0,31.0,361.0,4.0,5.0,5.3083,3.1182,10.807142857143845,14.464285714285714,1.338400528750704,0.15267680105728573,2.5769993390610972,2.3040317250491578,-0.08641975308641976,-0.6913580246913581,-1.4691358024691359,0.2390965541437055,3.2683573637524552,3.773167527518294,3.0,5.0,-0.3336238348317249,0.9947124917381774,1.0370370370370372,0.16655651024446472,-0.17283950617283952,0.6675603217157722,1.0,3.1553205551882813,2.6790123456790127,-0.0959298051404403,-0.28153521318794106,0.7080018717829355,1.148936170212766,42.67547918043239,18.061728395061728
CFD_ATAS_0252_20250526_1039,atas-mt5-lead-lab-causal-v1,2025-05-26,2025-05-26T10:39:00-04:00,2025-05-26T10:40:00-04:00,2025-05-26T10:42:00-04:00,2025-05-26T14:40:00+00:00,2025-05-26T14:42:00+00:00,SHORT,SUPERIOR,0.0,10.0,39.0,69.0,0.0,5.0,5.5334,1.6395,3.460714285713818,8.75,2.528379772962158,-0.07223942208463309,0.2600619195040484,-0.37564499484093306,0.5714285714285714,1.0,1.4285714285714286,-0.6436679935132045,-0.7399380804959517,-1.8042164234123617,1.0,2.0,1.3204328747233376,0.7368421052630473,0.7142857142857143,-0.04334365325120034,0.2857142857142857,0.15662650602439213,0.35714285714285715,1.8493292053659764,1.7142857142857142,-1.7140367215690533,-0.2833140296320032,0.9758308157098807,1.2564102564102564,6.804953560372227,8.714285714285714
CFD_ATAS_0253_20250526_1202,atas-mt5-lead-lab-causal-v1,2025-05-26,2025-05-26T12:02:00-04:00,2025-05-26T12:03:00-04:00,2025-05-26T12:03:00-04:00,2025-05-26T16:03:00+00:00,2025-05-26T16:03:00+00:00,LONG,INFERIOR,1.0,12.0,2.0,152.0,0.0,5.0,5.0718,4.8317,4.460714285713818,3.8392857142857144,0.8606885508407628,0.8518815052040895,3.3402722177740802,1.0648518815053158,0.0,-0.6511627906976744,0.0,0.8518815052040895,3.9914350084717545,1.0648518815053158,2.0,3.0,-0.16770357803460534,2.084867894315508,0.9767441860465116,0.9191353082463674,-0.3255813953488372,0.18962075848306698,0.0,4.651721377102169,2.6046511627906974,-1.5740703926826027,-0.3617785762287904,1.3613079019069985,0.7818181818181819,7.274619695757531,24.093023255813954
CFD_ATAS_0254_20250527_1039,atas-mt5-lead-lab-causal-v1,2025-05-27,2025-05-27T10:39:00-04:00,2025-05-27T10:40:00-04:00,2025-05-27T10:40:00-04:00,2025-05-27T14:40:00+00:00,2025-05-27T14:40:00+00:00,SHORT,SUPERIOR,0.0,10.0,39.0,69.0,1.0,5.0,6.3042,1.8119,5.164285714285403,11.160714285714286,2.1611341632089824,0.5518672199174685,0.6196403872754203,1.1327800829880428,-1.1199999999999999,-1.5679999999999998,-0.11199999999999999,1.6718672199174685,2.18764038727542,1.2447800829880427,2.0,2.0,-1.086023961536819,1.365145228215709,1.456,0.5615491009685037,-1.232,0.419354838709812,0.034482758620689655,2.01383125864494,2.016,-0.10883405310241365,0.04936326184047515,0.8011080332408844,0.9191176470588236,15.268326417705355,17.247999999999998
CFD_ATAS_0255_20250527_1158,atas-mt5-lead-lab-causal-v1,2025-05-27,2025-05-27T11:58:00-04:00,2025-05-27T11:59:00-04:00,2025-05-27T11:59:00-04:00,2025-05-27T15:59:00+00:00,2025-05-27T15:59:00+00:00,LONG,INFERIOR,1.0,11.0,58.0,148.0,1.0,5.0,5.7337,2.1238,7.678571428571688,7.5,0.9767441860464786,0.6967441860467724,1.9600000000003128,1.836279069767664,0.0,-0.8333333333333334,-0.5,0.6967441860467724,2.793333333333646,2.336279069767664,1.0,1.0,-0.32855381838356457,1.08744186046489,0.6666666666666666,0.6902325581398906,0.0,0.6438356164383061,0.3333333333333333,2.591627906976846,2.1666666666666665,0.23627690530623893,-0.32775252086736995,0.9721908207099199,0.9081081081081082,12.613023255813811,28.5
CFD_ATAS_0256_20250527_1224,atas-mt5-lead-lab-causal-v1,2025-05-27,2025-05-27T12:24:00-04:00,2025-05-27T12:25:00-04:00,2025-05-27T12:25:00-04:00,2025-05-27T16:25:00+00:00,2025-05-27T16:25:00+00:00,SHORT,SUPERIOR,0.0,12.0,24.0,174.0,1.0,5.0,8.8963,2.5139,5.360714285714233,5.982142857142857,1.1159227181878857,0.8860759493670972,1.856095936042792,0.9047301798798173,-0.0,-0.8358208955223881,-1.8805970149253732,0.8860759493670972,2.6919168315651802,2.7853271948051903,2.0,4.0,-0.5915671850703206,1.0726182544970124,1.2537313432835822,0.8860759493670972,-0.0,0.21318681318668103,1.0,2.2478347768153424,2.0895522388059704,1.0004110172035716,0.1368761764561063,0.7199040767385518,0.7444444444444444,18.066622251832694,38.65671641791045
CFD_ATAS_0257_20250527_1316,atas-mt5-lead-lab-causal-v1,2025-05-27,2025-05-27T13:16:00-04:00,2025-05-27T13:17:00-04:00,2025-05-27T13:17:00-04:00,2025-05-27T17:17:00+00:00,2025-05-27T17:17:00+00:00,SHORT,SUPERIOR,0.0,13.0,16.0,226.0,1.0,5.0,8.8078,1.6691,10.92857142857117,5.982142857142857,0.5473856209150456,-0.3888888888888981,0.7137254901960288,-0.3797385620916454,-0.20895522388059704,-0.6268656716417911,-2.0895522388059704,-0.17993366500830107,1.34059116183782,1.709813676714325,2.0,4.0,0.2145733175165048,0.7640522875815843,1.462686567164179,-0.3705882352940599,-0.20895522388059704,0.1404399323181403,1.0,2.1274509803922075,2.7164179104477615,-0.7228581615501399,0.33964759191963645,0.7558354946275975,0.881578947368421,15.990196078431751,44.507462686567166
CFD_ATAS_0258_20250528_1148,atas-mt5-lead-lab-causal-v1,2025-05-28,2025-05-28T11:48:00-04:00,2025-05-28T11:49:00-04:00,2025-05-28T11:53:00-04:00,2025-05-28T15:49:00+00:00,2025-05-28T15:53:00+00:00,SHORT,SUPERIOR,0.0,11.0,48.0,138.0,2.0,5.0,6.6257,3.1864,5.492857142856727,7.857142857142857,1.4304291287387298,0.5734720416127921,2.6033810143050182,2.475942782835435,0.3181818181818182,0.7954545454545455,0.4772727272727273,0.2552902234309739,1.8079264688504728,1.9986700555627077,1.0,2.0,1.259542536043988,1.1742522756822638,0.7954545454545455,0.6280884265281383,0.1590909090909091,0.6384976525822839,0.17647058823529413,3.804941482444624,1.1136363636363638,-0.19989257696636836,-0.16557309449112312,1.0420054200541062,0.7963800904977375,14.791937581275501,17.977272727272727
CFD_ATAS_0259_20250528_1206,atas-mt5-lead-lab-causal-v1,2025-05-28,2025-05-28T12:06:00-04:00,2025-05-28T12:07:00-04:00,2025-05-28T12:11:00-04:00,2025-05-28T16:07:00+00:00,2025-05-28T16:11:00+00:00,LONG,INFERIOR,1.0,12.0,6.0,156.0,2.0,5.0,6.5668,1.8971,5.610714285714233,8.571428571428571,1.527689369828149,0.34754933163603363,1.4347549331634737,0.2673456397199261,0.2916666666666667,0.2916666666666667,1.75,0.055882664969366946,1.143088266496807,-1.482654360280074,1.0,1.0,0.5368420163052482,1.1941438574151513,0.875,0.3386378103121658,0.2916666666666667,0.1027397260274075,0.8571428571428571,2.1476766390832767,2.1875,0.9396519767038389,-0.1457337705129107,1.003833865814687,0.9795918367346939,14.481222151495997,16.479166666666668
CFD_ATAS_0260_20250528_1253,atas-mt5-lead-lab-causal-v1,2025-05-28,2025-05-28T12:53:00-04:00,2025-05-28T12:54:00-04:00,2025-05-28T12:54:00-04:00,2025-05-28T16:54:00+00:00,2025-05-28T16:54:00+00:00,LONG,INFERIOR,1.0,12.0,53.0,203.0,2.0,5.0,5.7744,2.1096,16.542857142857038,5.892857142857143,0.35621761658031315,-0.5107944732297536,1.0004317789291506,-0.06044905008635617,0.2121212121212121,-2.121212121212121,-2.5454545454545454,-0.7229156853509657,3.1216439001412715,2.4850054953681893,2.0,3.0,-1.0833999209222382,0.9490500863558359,1.0606060606060606,-0.5017271157167122,0.2121212121212121,0.0196078431372549,0.75,2.2184801381693156,3.606060606060606,0.8087529289112044,-0.1373083239317187,2.7335497196815273,0.8741721854304636,6.5224525043179185,23.96969696969697
CFD_ATAS_0261_20250529_0958,atas-mt5-lead-lab-causal-v1,2025-05-29,2025-05-29T09:58:00-04:00,2025-05-29T09:59:00-04:00,2025-05-29T09:59:00-04:00,2025-05-29T13:59:00+00:00,2025-05-29T13:59:00+00:00,LONG,INFERIOR,1.0,9.0,58.0,28.0,3.0,5.0,5.5808,2.7356,7.378571428571637,23.571428571428573,3.1945788964181094,0.5488867376576878,1.8160696999033406,1.2942884801552466,-0.1590909090909091,-1.6969696969696968,-1.2196969696969697,0.7079776467485969,3.5130393968730376,2.5139854498522163,2.0,2.0,-1.2939264225599771,0.6776379477250535,1.0075757575757576,0.5488867376576878,-0.1590909090909091,0.3167495854063831,0.5609756097560976,3.1645692158758023,2.492424242424242,-1.0424431680784534,-0.0918219303076256,1.112846754645818,0.9869158878504675,5.610842207163147,8.219696969696969
CFD_ATAS_0262_20250529_1035,atas-mt5-lead-lab-causal-v1,2025-05-29,2025-05-29T10:35:00-04:00,2025-05-29T10:36:00-04:00,2025-05-29T10:36:00-04:00,2025-05-29T14:36:00+00:00,2025-05-29T14:36:00+00:00,LONG,INFERIOR,1.0,10.0,35.0,65.0,3.0,5.0,6.742,2.6418,10.925000000000052,20.178571428571427,1.8470088264138518,0.915331807780316,2.036613272311203,1.601830663615553,0.37168141592920356,-0.9911504424778762,-0.929203539823009,0.5436503918511124,3.0277637147890792,2.531034203438562,2.0,3.0,-0.8583599343895655,1.2540045766590995,0.9911504424778762,0.9244851258579859,0.37168141592920356,0.5303030303030303,0.30612244897959184,2.3295194508009707,2.2300884955752216,0.3670590198656022,-0.17156503323157787,1.5333333333333408,0.8528301886792452,7.167048054919808,14.805309734513276
CFD_ATAS_0263_20250529_1103,atas-mt5-lead-lab-causal-v1,2025-05-29,2025-05-29T11:03:00-04:00,2025-05-29T11:04:00-04:00,2025-05-29T11:04:00-04:00,2025-05-29T15:04:00+00:00,2025-05-29T15:04:00+00:00,LONG,INFERIOR,1.0,11.0,3.0,93.0,3.0,5.0,5.5065,2.6864,11.50000000000026,14.196428571428571,1.234472049689413,0.5521739130433393,0.5782608695650145,0.5347826086954504,-1.1446540880503144,-2.0251572327044025,-1.9371069182389937,1.6968280010936536,2.603418102269417,2.471889526934444,2.0,3.0,-0.9412850188306656,1.1391304347827729,1.849056603773585,0.5913043478260104,-1.2327044025157232,0.19129082426117708,0.6875,2.447826086956593,2.5534591194968552,0.14055136076893265,-0.3628006760289229,1.2292422217980774,0.691304347826087,9.313043478260534,21.044025157232706
CFD_ATAS_0264_20250529_1227,atas-mt5-lead-lab-causal-v1,2025-05-29,2025-05-29T12:27:00-04:00,2025-05-29T12:28:00-04:00,2025-05-29T12:28:00-04:00,2025-05-29T16:28:00+00:00,2025-05-29T16:28:00+00:00,SHORT,SUPERIOR,0.0,12.0,27.0,177.0,3.0,5.0,5.9454,4.198,7.882142857143273,14.732142857142858,1.8690530131399106,-0.8183053919348022,0.8944268237424976,0.7675577707293643,0.16969696969696968,0.16969696969696968,-0.16969696969696968,-0.9880023616317719,0.7247298540455279,0.9372547404263339,0.0,1.0,0.8285492957734757,1.3892161304939021,0.5939393939393939,-1.072043497961069,0.2545454545454545,0.1473812423873174,0.16666666666666666,3.9012233801538496,1.2727272727272727,0.7561521355811345,-0.07871479982229333,0.7865288667142092,0.9217877094972067,16.753058450384163,25.709090909090907
CFD_ATAS_0265_20250529_1341,atas-mt5-lead-lab-causal-v1,2025-05-29,2025-05-29T13:41:00-04:00,2025-05-29T13:42:00-04:00,2025-05-29T13:42:00-04:00,2025-05-29T17:42:00+00:00,2025-05-29T17:42:00+00:00,SHORT,SUPERIOR,0.0,13.0,41.0,251.0,3.0,5.0,5.1469,1.6306,17.20714285714322,14.642857142857142,0.850975508509737,0.3370693233706438,0.8194271481941696,0.8513906185137613,-0.5975609756097561,-1.9634146341463414,-1.7073170731707317,0.9346302989803998,2.782841782340511,2.558707691684493,3.0,4.0,-0.6623934385039143,0.575342465753497,1.024390243902439,0.35740971357396273,-0.6829268292682927,0.35688185140068396,0.7142857142857143,1.9788293897882097,2.3902439024390243,0.3972415528974128,-0.270114133189149,0.7589792060491749,1.1388888888888888,21.569530925694725,25.865853658536587
CFD_ATAS_0266_20250529_1448,atas-mt5-lead-lab-causal-v1,2025-05-29,2025-05-29T14:48:00-04:00,2025-05-29T14:49:00-04:00,2025-05-29T14:49:00-04:00,2025-05-29T18:49:00+00:00,2025-05-29T18:49:00+00:00,LONG,INFERIOR,1.0,14.0,48.0,318.0,3.0,5.0,5.7374,1.7265,13.546428571429194,10.982142857142858,0.8107039282889161,-0.5647244924862401,0.38386501450043153,-0.5056683364093126,-0.3414634146341463,-0.9105691056910569,-0.5691056910569106,-0.22326107785209381,1.2944341201914884,0.06343735464759792,2.0,3.0,-0.6509428091286643,0.7898760875296773,0.9105691056910569,-0.5278143949381269,-0.3414634146341463,0.16768665850677641,0.29411764705882354,1.827049828631606,2.048780487804878,0.7318859718748191,-0.12672026272398493,0.9407242063492479,0.8013029315960912,27.398365409964306,34.48780487804878
CFD_ATAS_0267_20250529_1453,atas-mt5-lead-lab-causal-v1,2025-05-29,2025-05-29T14:53:00-04:00,2025-05-29T14:54:00-04:00,2025-05-29T14:58:00-04:00,2025-05-29T18:54:00+00:00,2025-05-29T18:58:00+00:00,LONG,INFERIOR,1.0,14.0,53.0,323.0,3.0,5.0,5.8299,2.4761,13.6857142857147,11.25,0.8220250521920419,-0.3909185803756647,0.3616910229645516,0.9754697286013825,-0.4444444444444444,0.2222222222222222,0.8888888888888888,0.05352586406877974,0.13946880074232937,0.08658083971249364,2.0,3.0,2.323786055167309,0.9535490605427154,0.8888888888888888,-0.4091858037577101,-0.3333333333333333,0.27051671732530014,0.25,2.6816283924843143,2.2222222222222223,0.3595912620070792,0.507602998524257,0.9558493389872869,0.8600682593856656,27.119519832984405,33.666666666666664
CFD_ATAS_0268_20250529_1503,atas-mt5-lead-lab-causal-v1,2025-05-29,2025-05-29T15:03:00-04:00,2025-05-29T15:04:00-04:00,2025-05-29T15:06:00-04:00,2025-05-29T19:04:00+00:00,2025-05-29T19:06:00+00:00,LONG,INFERIOR,1.0,15.0,3.0,333.0,3.0,5.0,7.0975,1.8883,24.446428571428832,14.196428571428571,0.580715850986115,0.605405405405518,1.2742147552958822,0.22089116143175913,0.17610062893081763,0.44025157232704404,1.2327044025157232,0.4293047764747004,0.8339631829688382,-1.011813241083964,0.0,0.0,1.2757466677018754,1.0594594594595077,0.7924528301886793,0.615631848064393,0.2641509433962264,0.06642066420665758,1.0,1.9798392987581073,2.5534591194968552,1.4481362973114424,0.5429214674248031,1.6642353513250583,1.1118881118881119,18.36260043827583,26.67924528301887
CFD_ATAS_0269_20250529_1524,atas-mt5-lead-lab-causal-v1,2025-05-29,2025-05-29T15:24:00-04:00,2025-05-29T15:25:00-04:00,2025-05-29T15:25:00-04:00,2025-05-29T19:25:00+00:00,2025-05-29T19:25:00+00:00,SHORT,SUPERIOR,0.0,15.0,24.0,354.0,3.0,5.0,7.9177,1.6378,14.682142857143065,13.660714285714286,0.9304305521770727,0.330333252249957,-0.1804913646315731,-0.006810994891902404,0.45751633986928103,-0.45751633986928103,-1.6470588235294117,-0.127183087619324,0.27702497523770797,1.6402478286375093,1.0,3.0,0.3449038010369073,0.7458039406468358,0.7320261437908496,0.25881780588659237,0.45751633986928103,0.005128205128316109,0.5625,1.7912916565311827,2.3790849673202614,0.11215816095764708,-0.24644000155152926,0.9635532637993857,0.9592476489028213,30.574556069082366,27.72549019607843
CFD_ATAS_0270_20250530_1033,atas-mt5-lead-lab-causal-v1,2025-05-30,2025-05-30T10:33:00-04:00,2025-05-30T10:34:00-04:00,2025-05-30T10:34:00-04:00,2025-05-30T14:34:00+00:00,2025-05-30T14:34:00+00:00,LONG,INFERIOR,1.0,10.0,33.0,63.0,4.0,5.0,6.7871,1.8032,4.442857142857714,14.910714285714286,3.356109324758411,-1.8456591639862459,-1.4405144694526997,-1.237942122186336,-0.7544910179640718,-0.33532934131736525,-1.0059880239520957,-1.091168146022174,-1.1051851281353344,-0.2319540982342403,2.0,3.0,-0.13048663209659508,2.0482315112542473,1.0059880239520957,-1.8344051446938066,-0.8383233532934131,0.4545454545455092,0.4,2.565916398713824,1.592814371257485,0.7652127109870985,-0.04091331980175966,0.7908455181182227,0.6872427983539094,11.580385852087888,10.646706586826348
CFD_ATAS_0271_20250530_1131,atas-mt5-lead-lab-causal-v1,2025-05-30,2025-05-30T11:31:00-04:00,2025-05-30T11:32:00-04:00,2025-05-30T11:32:00-04:00,2025-05-30T15:32:00+00:00,2025-05-30T15:32:00+00:00,LONG,INFERIOR,1.0,11.0,31.0,121.0,4.0,5.0,6.7109,2.9022,21.93571428571418,11.785714285714286,0.5372842722240339,-0.09801367632699615,1.773363725171029,1.6799088244870795,-0.4242424242424242,0.0,0.8484848484848484,0.32622874791542805,1.773363725171029,0.8314239760022311,2.0,2.0,0.3886778612894087,0.6313904265710861,1.0606060606060606,-0.06382285900364854,-0.4242424242424242,0.6843082636953494,0.4444444444444444,2.8606317160534167,1.6969696969696968,0.051588702309063074,-0.3220141840652,3.515741270749972,0.8,8.839465971996036,13.999999999999998
CFD_ATAS_0272_20250530_1152,atas-mt5-lead-lab-causal-v1,2025-05-30,2025-05-30T11:52:00-04:00,2025-05-30T11:53:00-04:00,2025-05-30T11:55:00-04:00,2025-05-30T15:53:00+00:00,2025-05-30T15:55:00+00:00,SHORT,SUPERIOR,0.0,11.0,52.0,142.0,4.0,5.0,6.714,1.7341,13.710714285714078,14.107142857142858,1.0289137796301278,-1.3493097160719143,-0.7001823391509904,-0.6710080750195996,-0.4430379746835443,-0.4430379746835443,-1.7721518987341771,-0.9062717413883701,-0.2571443644674461,1.1011438237145774,2.0,4.0,0.596696008533008,1.4003646783017154,0.8860759493670886,-1.3602500651212521,-0.4430379746835443,0.16312056737590575,0.8333333333333334,1.7358687158113826,2.1265822784810124,0.24043980977510152,-0.18922716343627008,0.6862096702118217,0.9575757575757575,14.142224537640066,11.69620253164557
CFD_ATAS_0273_20250602_1015,atas-mt5-lead-lab-causal-v1,2025-06-02,2025-06-02T10:15:00-04:00,2025-06-02T10:16:00-04:00,2025-06-02T10:16:00-04:00,2025-06-02T14:16:00+00:00,2025-06-02T14:16:00+00:00,SHORT,SUPERIOR,0.0,10.0,15.0,45.0,0.0,6.0,6.8683,1.8213,6.996428571428363,26.964285714285715,3.8540071465034327,1.007656967841181,1.1791730474732358,-0.007146503317915615,0.09271523178807947,0.23178807947019867,-0.46357615894039733,0.9149417360531016,0.9473849680030372,0.4564296556224817,1.0,2.0,0.4272226593724108,1.5650842266463987,0.509933774834437,1.007656967841181,0.09271523178807947,0.0027247956402870004,0.2631578947368421,2.4369576314445833,1.6688741721854303,-0.13094075384876527,0.00642982651969296,1.173053892215483,1.0596491228070175,9.411944869831618,8.298013245033113
CFD_ATAS_0274_20250602_1151,atas-mt5-lead-lab-causal-v1,2025-06-02,2025-06-02T11:51:00-04:00,2025-06-02T11:52:00-04:00,2025-06-02T11:52:00-04:00,2025-06-02T15:52:00+00:00,2025-06-02T15:52:00+00:00,SHORT,SUPERIOR,0.0,11.0,51.0,141.0,0.0,6.0,6.5293,3.3285,7.539285714285922,12.410714285714286,1.646139270487875,0.4509711037420003,2.1885362387493474,3.176693510184273,0.5035971223021583,-1.20863309352518,-1.1079136690647482,-0.05262601856015797,3.3971693322745273,4.284607179249021,2.0,3.0,-0.3639949392848112,0.6499289436287871,1.5107913669064748,0.4642349597347101,0.5035971223021583,1.0,0.44,3.5878730459495913,3.223021582733813,3.1124919277927385,-0.2835190952131528,1.1246670218433938,0.8553846153846153,9.888204642349228,18.028776978417266
CFD_ATAS_0275_20250602_1222,atas-mt5-lead-lab-causal-v1,2025-06-02,2025-06-02T12:22:00-04:00,2025-06-02T12:23:00-04:00,2025-06-02T12:23:00-04:00,2025-06-02T16:23:00+00:00,2025-06-02T16:23:00+00:00,LONG,INFERIOR,1.0,12.0,22.0,172.0,0.0,6.0,5.2017,1.6998,6.582142857143221,9.642857142857142,1.465002712967906,0.2810634834512114,1.9522517634294154,1.4660879001629181,-0.12962962962962965,-0.2592592592592593,0.9074074074074074,0.41069311308084105,2.2115110226886747,0.5586804927555107,2.0,2.0,-0.19639345899205957,0.8431904503525287,0.6481481481481481,0.2734671730877846,-0.3888888888888889,0.5258855585830188,0.5384615384615384,2.4384156266953596,1.8148148148148149,0.23067338600046147,0.04662313162423253,0.9279959718026763,0.7970479704797048,11.751492132391968,23.203703703703706
CFD_ATAS_0276_20250602_1248,atas-mt5-lead-lab-causal-v1,2025-06-02,2025-06-02T12:48:00-04:00,2025-06-02T12:49:00-04:00,2025-06-02T12:52:00-04:00,2025-06-02T16:49:00+00:00,2025-06-02T16:52:00+00:00,SHORT,SUPERIOR,0.0,12.0,48.0,198.0,0.0,6.0,7.691,2.7392,20.60357142857044,11.160714285714286,0.5416883342000607,0.04125498353260599,1.2425030334546605,1.490032934650826,0.5599999999999999,-0.5599999999999999,-0.11199999999999999,-0.5187450164673939,1.8025030334546606,1.602032934650826,2.0,3.0,0.9932824947592336,0.7037614837927189,0.8959999999999999,0.04853527474432544,0.5599999999999999,0.7433414043583843,0.034482758620689655,2.9533714681923087,2.5759999999999996,0.024444583210660484,0.34746455292244505,2.5771722135355755,1.0245901639344264,11.563529207835535,20.048
CFD_ATAS_0277_20250603_1003,atas-mt5-lead-lab-causal-v1,2025-06-03,2025-06-03T10:03:00-04:00,2025-06-03T10:04:00-04:00,2025-06-03T10:04:00-04:00,2025-06-03T14:04:00+00:00,2025-06-03T14:04:00+00:00,SHORT,SUPERIOR,0.0,10.0,3.0,33.0,1.0,6.0,6.0479,1.9533,6.596428571428468,17.232142857142858,2.6123443421765438,-0.21223605847287222,0.9474824038982282,-0.43963183540844697,0.5077720207253886,-0.6528497409326425,-1.5233160621761657,-0.7200080791982608,1.6003321448308707,1.0836842267677187,2.0,3.0,-0.5797776336603137,0.5457498646451588,1.088082901554404,-0.18949648077964565,0.43523316062176165,0.15934065934059674,0.6,1.8115863562535226,2.8290155440414506,1.45687480950005,-0.29224265727452087,1.2412634408602927,0.9234449760765551,6.094206821873514,7.471502590673575
CFD_ATAS_0278_20250603_1043,atas-mt5-lead-lab-causal-v1,2025-06-03,2025-06-03T10:43:00-04:00,2025-06-03T10:44:00-04:00,2025-06-03T10:45:00-04:00,2025-06-03T14:44:00+00:00,2025-06-03T14:45:00+00:00,SHORT,SUPERIOR,0.0,10.0,43.0,73.0,1.0,6.0,6.4503,2.7579,5.39642857142852,11.25,2.084712111184666,0.2686962276639362,0.759761747187705,0.12045003309093924,-0.3333333333333333,-0.1111111111111111,-0.0,0.6020295609972695,0.8708728582988161,0.12045003309093924,1.0,2.0,0.6623069799721836,0.5837193911319761,1.1111111111111112,0.17604235605572882,-0.4444444444444444,0.0807453416150584,0.0,2.788881535406907,1.2222222222222223,-0.5340941846378636,0.23537946482766267,1.0093520374082088,0.6631578947368421,14.592984778292662,11.444444444444445
CFD_ATAS_0279_20250603_1104,atas-mt5-lead-lab-causal-v1,2025-06-03,2025-06-03T11:04:00-04:00,2025-06-03T11:05:00-04:00,2025-06-03T11:06:00-04:00,2025-06-03T15:05:00+00:00,2025-06-03T15:06:00+00:00,SHORT,SUPERIOR,0.0,11.0,4.0,94.0,1.0,6.0,5.1275,3.57,5.800000000000312,9.107142857142858,1.5701970443348912,0.017241379310093008,0.9310344827581943,1.1982758620690266,0.8235294117647058,-0.4117647058823529,-0.5490196078431372,-0.8062880324546129,1.3427991886405473,1.7472954699121637,2.0,3.0,1.1549537896327606,0.5948275862063628,1.0980392156862744,0.03448275862081325,0.8235294117647058,0.5245283018869914,0.2,3.517241379310407,1.5098039215686274,1.598945001039034,0.05412980236115089,1.050452781371248,0.7391304347826088,14.422413793102924,18.11764705882353
CFD_ATAS_0280_20250603_1149,atas-mt5-lead-lab-causal-v1,2025-06-03,2025-06-03T11:49:00-04:00,2025-06-03T11:50:00-04:00,2025-06-03T11:50:00-04:00,2025-06-03T15:50:00+00:00,2025-06-03T15:50:00+00:00,LONG,INFERIOR,1.0,11.0,49.0,139.0,1.0,6.0,5.9883,1.7696,6.732142857142597,8.75,1.2997347480106602,0.07427055702918059,0.609018567639605,0.349071618037473,-1.1428571428571428,-1.1428571428571428,-1.7142857142857142,1.2171276998863234,1.7518757104967477,2.063357332323187,2.0,4.0,-0.5946966898735679,0.6535809018564649,1.1428571428571428,0.15596816976171154,-1.1428571428571428,0.3430656934308663,0.8571428571428571,1.7602122015919042,2.2857142857142856,0.11401448755174669,-0.053942200264618004,1.0385674931129494,1.0103092783505154,12.967639257295362,20.285714285714285
CFD_ATAS_0281_20250603_1406,atas-mt5-lead-lab-causal-v1,2025-06-03,2025-06-03T14:06:00-04:00,2025-06-03T14:07:00-04:00,2025-06-03T14:07:00-04:00,2025-06-03T18:07:00+00:00,2025-06-03T18:07:00+00:00,SHORT,SUPERIOR,0.0,14.0,6.0,276.0,1.0,6.0,8.5949,1.5919,8.192857142857454,13.214285714285714,1.6129032258063902,0.7628596338273468,0.8055797733219446,-0.5187445510025959,-0.0945945945945946,-0.8513513513513514,1.1351351351351353,0.8574542284219414,1.656931124673296,-1.6538796861377312,2.0,2.0,-0.7148558467556172,1.2816041848299426,1.3243243243243243,0.7384481255447829,-0.0945945945945946,0.13821138211382114,0.3,1.8125544899740424,3.027027027027027,-1.4224043942263536,-0.0123200390179813,0.7125330020189644,1.7619047619047619,26.950305143852862,18.91891891891892
CFD_ATAS_0282_20250603_1510,atas-mt5-lead-lab-causal-v1,2025-06-03,2025-06-03T15:10:00-04:00,2025-06-03T15:11:00-04:00,2025-06-03T15:12:00-04:00,2025-06-03T19:11:00+00:00,2025-06-03T19:12:00+00:00,SHORT,SUPERIOR,0.0,15.0,10.0,340.0,1.0,6.0,6.2086,2.8377,6.289285714285403,8.839285714285714,1.4054514480409552,0.03180011357195145,1.9080068143101456,1.3276547416239115,1.4141414141414144,0.7070707070707072,0.98989898989899,-1.382341300569463,1.2009361072394384,0.33775575172492156,2.0,2.0,0.9565947952164066,1.0573537762637704,1.696969696969697,0.007950028392843252,1.4141414141414144,0.5335463258784516,0.4117647058823529,2.7507098239636774,1.696969696969697,-1.0560650807834375,0.172646633111272,0.7986394557822338,1.0153846153846153,37.73878478137644,28.282828282828284
CFD_ATAS_0283_20250604_1033,atas-mt5-lead-lab-causal-v1,2025-06-04,2025-06-04T10:33:00-04:00,2025-06-04T10:34:00-04:00,2025-06-04T10:38:00-04:00,2025-06-04T14:34:00+00:00,2025-06-04T14:38:00+00:00,LONG,INFERIOR,1.0,10.0,33.0,63.0,2.0,6.0,5.6839,1.938,3.1928571428577146,13.482142857142858,4.222595078299021,-0.07829977628633944,0.7673378076063545,0.6107382550336755,0.0,0.7417218543046358,0.9271523178807947,-0.07829977628633944,0.02561595330171873,-0.31641406284711915,1.0,2.0,0.8829872247703614,0.8143176733786139,0.46357615894039733,-0.015659955257040007,0.0,0.41052631578994125,0.5555555555555556,2.098434004474125,1.4834437086092715,1.7090049332652217,0.5087406527681545,0.7061611374408928,0.7864583333333334,9.95973154362215,11.311258278145695
CFD_ATAS_0284_20250604_1058,atas-mt5-lead-lab-causal-v1,2025-06-04,2025-06-04T10:58:00-04:00,2025-06-04T10:59:00-04:00,2025-06-04T10:59:00-04:00,2025-06-04T14:59:00+00:00,2025-06-04T14:59:00+00:00,SHORT,SUPERIOR,0.0,10.0,58.0,88.0,2.0,6.0,8.6865,2.2178,3.207142857143221,13.125,4.092427616926039,0.5300668151449329,1.8396436525614923,2.0111358574610234,-0.6666666666666666,-1.3333333333333333,-1.9047619047619047,1.1967334818115996,3.1729769858948256,3.915897762222928,3.0,5.0,-1.134977133254454,1.2783964365250138,0.7619047619047619,0.5300668151449329,-0.7619047619047619,0.6683937823836463,1.0,3.055679287304549,2.0952380952380953,2.4008887975269784,-0.1459839535041631,0.7870289219983215,0.8521739130434782,11.115812917593848,11.619047619047619
CFD_ATAS_0285_20250604_1106,atas-mt5-lead-lab-causal-v1,2025-06-04,2025-06-04T11:06:00-04:00,2025-06-04T11:07:00-04:00,2025-06-04T11:07:00-04:00,2025-06-04T15:07:00+00:00,2025-06-04T15:07:00+00:00,SHORT,SUPERIOR,0.0,11.0,6.0,96.0,2.0,6.0,7.0897,2.0256,3.87500000000026,9.553571428571429,2.465437788018268,-0.49032258064456513,0.16774193548423524,-1.2129032258056192,-0.9158878504672897,-0.7850467289719626,-1.308411214953271,0.4255652698227246,0.9527886644561978,0.0955079891476518,2.0,3.0,-0.39676719414533734,0.5935483870965467,1.0467289719626167,-0.4774193548383021,-0.9158878504672897,0.47959183673461053,0.7142857142857143,2.3354838709673977,1.5700934579439252,1.5503581246575597,0.05280260499400748,0.9890610756609531,0.6604938271604938,10.825806451612365,15.962616822429906
CFD_ATAS_0286_20250604_1128,atas-mt5-lead-lab-causal-v1,2025-06-04,2025-06-04T11:28:00-04:00,2025-06-04T11:29:00-04:00,2025-06-04T11:30:00-04:00,2025-06-04T15:29:00+00:00,2025-06-04T15:30:00+00:00,LONG,INFERIOR,1.0,11.0,28.0,118.0,2.0,6.0,8.1183,2.4811,15.51071428571413,10.535714285714286,0.6792539719088256,-0.035459359889665316,0.5931383836056208,0.747870135850708,-0.9491525423728813,-0.711864406779661,0.0,0.913693182483216,1.3050027903852817,0.747870135850708,1.0,2.0,0.7927167989531141,0.5447847110292948,1.0677966101694913,-0.032235781717706975,-0.9491525423728813,0.41428571428555466,0.0,2.1920331568040745,1.7796610169491525,0.651866410312612,-0.05995929280169966,3.9232158988254606,0.842857142857143,7.172461432189802,14.47457627118644
CFD_ATAS_0287_20250604_1245,atas-mt5-lead-lab-causal-v1,2025-06-04,2025-06-04T12:45:00-04:00,2025-06-04T12:46:00-04:00,2025-06-04T12:46:00-04:00,2025-06-04T16:46:00+00:00,2025-06-04T16:46:00+00:00,SHORT,SUPERIOR,0.0,12.0,45.0,195.0,2.0,6.0,5.5391,2.6715,15.432142857142805,8.571428571428571,0.5554269844943318,-0.5345984725757944,0.8650775283498277,0.3337190465171054,-0.5833333333333334,-1.6041666666666667,-0.875,0.04873486075753897,2.4692441950164943,1.2087190465171054,2.0,2.0,-0.2809653180541621,1.2052765563528416,1.1666666666666667,-0.5378384633186308,-0.7291666666666667,0.10048780487809145,0.3333333333333333,2.559592686878046,2.3333333333333335,-0.047237855249029286,-0.07667621259490646,2.0000000000000338,0.8384279475982533,9.091414024531343,17.791666666666668
CFD_ATAS_0288_20250604_1414,atas-mt5-lead-lab-causal-v1,2025-06-04,2025-06-04T14:14:00-04:00,2025-06-04T14:15:00-04:00,2025-06-04T14:17:00-04:00,2025-06-04T18:15:00+00:00,2025-06-04T18:17:00+00:00,SHORT,SUPERIOR,0.0,14.0,14.0,284.0,2.0,6.0,8.9296,1.55,7.642857142857663,7.142857142857143,0.9345794392522729,0.542990654205761,1.2037383177570227,0.6738317757010791,0.525,-0.175,-0.525,0.01799065420576096,1.3787383177570227,1.1988317757010791,1.0,2.0,0.21079243612468415,1.2168224299063641,0.875,0.5691588785049198,0.7,0.32698412698421936,0.15789473684210525,1.9495327102804316,1.9249999999999998,-0.557736653122811,0.3296545752622196,0.5870250994376981,1.2307692307692308,19.828971962615377,22.224999999999998
CFD_ATAS_0289_20250604_1516,atas-mt5-lead-lab-causal-v1,2025-06-04,2025-06-04T15:16:00-04:00,2025-06-04T15:17:00-04:00,2025-06-04T15:17:00-04:00,2025-06-04T19:17:00+00:00,2025-06-04T19:17:00+00:00,LONG,INFERIOR,1.0,15.0,16.0,346.0,2.0,6.0,5.5694,1.6806,10.682142857143065,6.964285714285714,0.6519558676027958,0.09829488465389186,0.5944500167170099,-0.12169842861912043,0.0,-0.1794871794871795,0.1794871794871795,0.09829488465389186,0.7739371962041894,-0.3011856081062999,1.0,2.0,0.8310391562277427,0.6787027749916285,0.717948717948718,0.0561685055167529,0.0,0.057268722466926464,0.1111111111111111,1.8020728853225996,1.6153846153846154,1.1436125135045423,-0.5210997291530508,1.0465360391882796,1.0,14.187228351721489,23.333333333333332
CFD_ATAS_0290_20250605_1004,atas-mt5-lead-lab-causal-v1,2025-06-05,2025-06-05T10:04:00-04:00,2025-06-05T10:05:00-04:00,2025-06-05T10:05:00-04:00,2025-06-05T14:05:00+00:00,2025-06-05T14:05:00+00:00,SHORT,SUPERIOR,0.0,10.0,4.0,34.0,3.0,6.0,5.5978,3.5593,5.50000000000052,21.785714285714285,3.9610389610385868,0.44545454545463564,2.1181818181818826,2.0454545454543522,-0.45901639344262296,0.22950819672131148,-0.7459016393442623,0.9044709388972586,1.888673621460571,2.7913561847986146,1.0,3.0,0.35118839016315895,0.9909090909091296,0.7459016393442623,0.49999999999995276,-0.4016393442622951,0.5528255528255923,0.35135135135135137,2.9999999999997167,1.4918032786885247,0.5292697463142945,-0.22773187790666446,0.7873210633947194,0.8229342327150084,9.14545454545355,6.827868852459017
CFD_ATAS_0291_20250605_1058,atas-mt5-lead-lab-causal-v1,2025-06-05,2025-06-05T10:58:00-04:00,2025-06-05T10:59:00-04:00,2025-06-05T10:59:00-04:00,2025-06-05T14:59:00+00:00,2025-06-05T14:59:00+00:00,SHORT,SUPERIOR,0.0,10.0,58.0,88.0,3.0,6.0,7.1131,1.8772,4.317857142857714,20.982142857142858,4.85938792390341,0.44003308519465434,1.2737799834572343,1.3316790736143813,-0.3574468085106383,-1.251063829787234,-1.9659574468085106,0.7974798937052927,2.5248438132444684,3.297636520422892,3.0,5.0,-1.0499431577952023,0.9958643507027601,0.6553191489361702,0.37055417700624643,-0.3574468085106383,0.33527696792985845,1.0,2.8602150537627256,1.9659574468085106,1.6425582404917145,-0.04729243715933898,0.7207153502236111,0.9791666666666667,13.525227460709878,8.87659574468085
CFD_ATAS_0292_20250605_1543,atas-mt5-lead-lab-causal-v1,2025-06-05,2025-06-05T15:43:00-04:00,2025-06-05T15:44:00-04:00,2025-06-05T15:44:00-04:00,2025-06-05T19:44:00+00:00,2025-06-05T19:44:00+00:00,LONG,INFERIOR,1.0,15.0,43.0,373.0,3.0,6.0,5.8578,1.7355,10.692857142856676,23.392857142857142,2.1877087508350987,-0.5143620574482523,-0.5377421509686273,-1.9779559118235295,-0.10687022900763359,-0.8549618320610687,-1.33587786259542,-0.40749182844061865,0.31721968109244136,-0.6420780492281095,2.0,4.0,-0.6487729711005756,0.8837675350699067,0.9083969465648856,-0.5517702070806483,-0.05343511450381679,0.4982332155477286,0.9259259259259259,2.1930527722109123,2.2977099236641223,1.1435353121764205,0.16053853919306404,1.0744661762066725,1.3505154639175256,22.211088844356347,18.435114503816795
CFD_ATAS_0293_20250605_1552,atas-mt5-lead-lab-causal-v1,2025-06-05,2025-06-05T15:52:00-04:00,2025-06-05T15:53:00-04:00,2025-06-05T15:53:00-04:00,2025-06-05T19:53:00+00:00,2025-06-05T19:53:00+00:00,LONG,INFERIOR,1.0,15.0,52.0,382.0,3.0,6.0,9.1724,1.9625,22.53928571428566,24.821428571428573,1.1012517826018091,-1.4441451434003831,-1.688163524005676,-2.41134527016331,0.2517985611510791,-1.20863309352518,-1.1079136690647482,-1.6959437045514623,-0.47953043048049615,-1.3034316010985616,2.0,3.0,-0.562979086007623,2.218348914593572,1.0071942446043165,-1.5506258913009392,0.302158273381295,0.5910821098423247,0.5238095238095238,3.1079068293457235,2.568345323741007,1.782602972270443,-0.262526677013529,2.1107023411372214,1.1097804391217565,11.433370305815302,17.374100719424458
CFD_ATAS_0294_20250605_1555,atas-mt5-lead-lab-causal-v1,2025-06-05,2025-06-05T15:55:00-04:00,2025-06-05T15:56:00-04:00,2025-06-05T15:56:00-04:00,2025-06-05T19:56:00+00:00,2025-06-05T19:56:00+00:00,LONG,INFERIOR,1.0,15.0,55.0,385.0,3.0,6.0,8.2456,2.3781,24.942857142857196,25.982142857142858,1.0416666666666645,-0.08018327605956455,1.3550973654066116,-0.8218785796105366,0.4329896907216495,-0.8178694158075601,-0.7697594501718212,-0.513172966781214,2.1729667812141717,-0.05211912943871533,2.0,3.0,-0.2911761400192421,0.9040664375715611,1.2027491408934707,-0.062142038946279204,0.48109965635738833,0.2225841476655844,0.36363636363636365,2.742268041237166,1.972508591065292,0.47074112218141223,-0.43791865393443064,2.284219133278773,1.1389432485322897,10.331615120274922,16.5979381443299
CFD_ATAS_0295_20250606_1025,atas-mt5-lead-lab-causal-v1,2025-06-06,2025-06-06T10:25:00-04:00,2025-06-06T10:26:00-04:00,2025-06-06T10:26:00-04:00,2025-06-06T14:26:00+00:00,2025-06-06T14:26:00+00:00,SHORT,SUPERIOR,0.0,10.0,25.0,55.0,4.0,6.0,6.0681,2.24,6.685714285713922,15.714285714285714,2.3504273504274784,-0.7104700854701241,-0.11217948717949329,-0.41132478632480873,0.7159090909090909,-0.07954545454545454,0.39772727272727276,-1.426379176379215,-0.032634032634038745,-0.8090520590520816,1.0,1.0,-0.03784215154049558,0.9871794871793232,1.3522727272727273,-0.6955128205125319,0.7159090909090909,0.11879049676025172,0.18518518518518517,2.3108974358976706,1.75,-2.059639877837736,-0.08365230287429022,1.0808314087759407,0.888888888888889,7.284188034187995,6.125
CFD_ATAS_0296_20250606_1423,atas-mt5-lead-lab-causal-v1,2025-06-06,2025-06-06T14:23:00-04:00,2025-06-06T14:24:00-04:00,2025-06-06T14:26:00-04:00,2025-06-06T18:24:00+00:00,2025-06-06T18:26:00+00:00,LONG,INFERIOR,1.0,14.0,23.0,293.0,4.0,6.0,7.6887,2.8588,19.160714285714025,7.321428571428571,0.3821062441752149,-0.4253494874183448,0.9472506989749258,-0.12786579683116392,0.17073170731707318,-0.34146341463414637,0.6829268292682927,-0.596081194735418,1.288714113609072,-0.8107926260994567,1.0,1.0,2.5384750771168023,1.0150978564772186,0.6829268292682927,-0.4044734389562031,0.17073170731707318,0.044504995458624595,0.18181818181818182,2.750419384902219,2.5609756097560976,1.4729031061901443,0.002366004314836146,1.4389164543382058,0.9647058823529411,11.82889095992549,20.146341463414636
CFD_ATAS_0297_20250606_1559,atas-mt5-lead-lab-causal-v1,2025-06-06,2025-06-06T15:59:00-04:00,2025-06-06T16:00:00-04:00,2025-06-06T16:00:00-04:00,2025-06-06T20:00:00+00:00,2025-06-06T20:00:00+00:00,LONG,INFERIOR,1.0,15.0,59.0,389.0,4.0,6.0,5.4278,2.5332,12.38571428571465,13.392857142857142,1.0813148788927016,0.1614763552479768,1.2998846597463893,0.33910034602081,-0.7466666666666667,-0.9333333333333333,-2.24,0.9081430219146435,2.2332179930797227,2.57910034602081,2.0,3.0,0.3830106669799813,0.5651672433679188,1.4000000000000001,0.11707035755484192,-0.7466666666666667,0.0848484848484933,0.75,2.781430219146459,2.7066666666666666,-0.5902259464707921,0.06482984791481443,1.2100488485694458,1.4851485148514851,18.299307958476795,11.293333333333333
CFD_ATAS_0298_20250609_0958,atas-mt5-lead-lab-causal-v1,2025-06-09,2025-06-09T09:58:00-04:00,2025-06-09T09:59:00-04:00,2025-06-09T09:59:00-04:00,2025-06-09T13:59:00+00:00,2025-06-09T13:59:00+00:00,LONG,INFERIOR,1.0,9.0,58.0,28.0,0.0,6.0,5.8247,2.2214,4.039285714285922,14.017857142857142,3.4703801945179467,0.7179487179481405,2.2033598585316185,0.5446507515474553,-0.178343949044586,-0.445859872611465,-0.178343949044586,0.8962926669927265,2.6492197311430834,0.7229947005920414,2.0,3.0,-0.33133848866093374,1.1016799292662596,0.713375796178344,0.7427055702917389,-0.178343949044586,0.1410256410257337,0.07692307692307693,2.599469496021086,1.694267515923567,0.476176917721573,0.05458692845268787,1.290359383913283,0.8555858310626704,5.582670203359391,4.904458598726115
CFD_ATAS_0299_20250609_1019,atas-mt5-lead-lab-causal-v1,2025-06-09,2025-06-09T10:19:00-04:00,2025-06-09T10:20:00-04:00,2025-06-09T10:20:00-04:00,2025-06-09T14:20:00+00:00,2025-06-09T14:20:00+00:00,SHORT,SUPERIOR,0.0,10.0,19.0,49.0,0.0,6.0,6.3419,2.0641,5.971428571428468,10.357142857142858,1.7344497607655804,0.6614832535886501,0.845693779904199,-1.1722488038277716,0.24137931034482757,-0.603448275862069,-0.0,0.42010394324382255,1.449142055766268,-1.1722488038277716,1.0,2.0,-0.5162377162172623,0.9294258373204685,0.7241379310344828,0.6614832535886501,0.24137931034482757,0.26717557251911367,0.0,2.1854066985645093,1.689655172413793,1.157758449421798,-0.2546358509598717,1.3560421735605261,0.729559748427673,5.47607655502414,10.258620689655173
CFD_ATAS_0300_20250609_1040,atas-mt5-lead-lab-causal-v1,2025-06-09,2025-06-09T10:40:00-04:00,2025-06-09T10:41:00-04:00,2025-06-09T10:41:00-04:00,2025-06-09T14:41:00+00:00,2025-06-09T14:41:00+00:00,SHORT,SUPERIOR,0.0,10.0,40.0,70.0,0.0,6.0,5.8776,2.7207,7.003571428571896,12.232142857142858,1.7465578786332339,-0.4783273839880411,0.12136664966832057,-1.734829168791525,0.6131386861313869,0.10218978102189781,0.10218978102189781,-1.091466070119428,0.019176868646422762,-1.8370189498134228,1.0,2.0,0.19654822676462957,0.799592044875322,1.021897810218978,-0.5140234574199611,0.510948905109489,0.4316163410302248,0.047619047619047616,2.448750637429927,1.2262773722627738,-2.1200477739973436,0.12360640842749776,1.4189580318381152,0.9415807560137457,8.481387047424425,11.445255474452555
CFD_ATAS_0301_20250609_1119,atas-mt5-lead-lab-causal-v1,2025-06-09,2025-06-09T11:19:00-04:00,2025-06-09T11:20:00-04:00,2025-06-09T11:20:00-04:00,2025-06-09T15:20:00+00:00,2025-06-09T15:20:00+00:00,LONG,INFERIOR,1.0,11.0,19.0,109.0,0.0,6.0,6.3725,3.2025,5.207142857143221,8.660714285714286,1.6632373113853436,0.4128943758568908,2.314128943758272,1.757201646089993,-1.1546391752577319,-1.8762886597938142,-2.88659793814433,1.5675335511146227,4.190417603552087,4.643799584234323,2.0,3.0,-1.4532864858599777,0.7585733882024059,1.7319587628865978,0.4513031550065478,-1.1546391752577319,0.6120401337790884,0.8333333333333334,3.3127572016458595,3.4639175257731956,-2.6486434828369596,-0.11521088468382498,0.8892955169259303,0.8326180257510729,11.407407407406891,16.164948453608247
CFD_ATAS_0302_20250609_1131,atas-mt5-lead-lab-causal-v1,2025-06-09,2025-06-09T11:31:00-04:00,2025-06-09T11:32:00-04:00,2025-06-09T11:32:00-04:00,2025-06-09T15:32:00+00:00,2025-06-09T15:32:00+00:00,SHORT,SUPERIOR,0.0,11.0,31.0,121.0,0.0,6.0,5.1499,1.9474,4.639285714284987,10.982142857142858,2.3672055427255447,0.33410315627395254,0.6682063125479051,0.7220939183985678,0.3414634146341463,-1.2520325203252032,-0.7967479674796748,-0.007360258360193772,1.9202388328731081,1.5188418858782426,2.0,2.0,-0.9966265944576144,1.5735180908391968,0.45528455284552843,0.31254811393400106,0.3414634146341463,0.2472324723246955,0.3333333333333333,2.1231716705165846,2.2764227642276422,-0.3725755809509532,-0.024973269871272956,0.9061737007322941,1.042372881355932,12.803695150117795,12.747967479674797
CFD_ATAS_0303_20250610_1040,atas-mt5-lead-lab-causal-v1,2025-06-10,2025-06-10T10:40:00-04:00,2025-06-10T10:41:00-04:00,2025-06-10T10:43:00-04:00,2025-06-10T14:41:00+00:00,2025-06-10T14:43:00+00:00,SHORT,SUPERIOR,0.0,10.0,40.0,70.0,1.0,6.0,5.9989,2.4853,6.692857142857455,9.196428571428571,1.3740661686232016,-0.3287086446105523,0.6947705442899297,0.4258271077905845,0.5436893203883495,1.087378640776699,1.2233009708737865,-0.8723979649989018,-0.3926080964867693,-0.797473863083202,0.0,1.0,1.321715705157981,0.7321237993598417,1.3592233009708738,-0.2988260405549487,0.5436893203883495,0.2014134275617139,0.47368421052631576,2.383137673425825,1.4951456310679612,-1.5484887508186411,0.0020255395532722165,1.0733104238258573,0.7228070175438597,6.783351120597553,8.155339805825243
CFD_ATAS_0304_20250610_1045,atas-mt5-lead-lab-causal-v1,2025-06-10,2025-06-10T10:45:00-04:00,2025-06-10T10:46:00-04:00,2025-06-10T10:46:00-04:00,2025-06-10T14:46:00+00:00,2025-06-10T14:46:00+00:00,SHORT,SUPERIOR,0.0,10.0,45.0,75.0,1.0,6.0,5.1765,1.9139,5.87500000000026,8.571428571428571,1.4589665653494794,-0.7234042553191169,-0.11914893617033133,0.6808510638297571,0.4375,-1.3125,-1.6041666666666667,-1.160904255319117,1.1933510638296687,2.285017730496424,2.0,4.0,-0.4529066668960392,1.0553191489362472,1.1666666666666667,-0.7234042553191169,0.5833333333333334,0.32,0.6470588235294118,2.1702127659573507,2.916666666666667,0.28575959591423244,-0.1814759018840196,0.9378563283922412,0.7218045112781954,7.727659574467991,8.75
CFD_ATAS_0305_20250610_1458,atas-mt5-lead-lab-causal-v1,2025-06-10,2025-06-10T14:58:00-04:00,2025-06-10T14:59:00-04:00,2025-06-10T14:59:00-04:00,2025-06-10T18:59:00+00:00,2025-06-10T18:59:00+00:00,SHORT,SUPERIOR,0.0,14.0,58.0,328.0,1.0,6.0,12.5725,1.7569,7.117857142858286,10.803571428571429,1.5178123432009605,-0.3371801304567484,0.2388359257401542,0.44254892122390727,-1.1570247933884297,-3.239669421487603,-3.933884297520661,0.8198446629316813,3.4785053472277574,4.376433218744568,2.0,4.0,-2.7194869341708774,0.6743602609134968,1.3884297520661157,-0.32313095835408573,-1.2727272727272727,0.2509960159359501,0.6071428571428571,2.023080782739468,4.859504132231405,1.941115128535965,-0.15490395668349113,0.7705393388750145,1.4666666666666666,21.038635223278106,20.710743801652892
CFD_ATAS_0306_20250611_1058,atas-mt5-lead-lab-causal-v1,2025-06-11,2025-06-11T10:58:00-04:00,2025-06-11T10:59:00-04:00,2025-06-11T11:01:00-04:00,2025-06-11T14:59:00+00:00,2025-06-11T15:01:00+00:00,SHORT,SUPERIOR,0.0,10.0,58.0,88.0,2.0,6.0,7.7749,2.2601,4.160714285714286,8.392857142857142,2.017167381974249,0.5047210300425687,0.7570815450647275,-1.0815450643776825,0.7446808510638299,0.4468085106382979,-0.29787234042553196,-0.23995982102126112,0.31027303442642956,-0.7836727239521506,1.0,3.0,1.0825590255619473,1.0334763948496106,1.0425531914893618,0.5407725321888412,0.7446808510638299,0.3658536585364988,0.125,3.124463519313305,1.4893617021276597,-0.3482504835961763,0.3311383924999162,0.8009625300790008,0.8138528138528138,13.975965665236401,17.425531914893618
CFD_ATAS_0307_20250611_1151,atas-mt5-lead-lab-causal-v1,2025-06-11,2025-06-11T11:51:00-04:00,2025-06-11T11:52:00-04:00,2025-06-11T11:52:00-04:00,2025-06-11T15:52:00+00:00,2025-06-11T15:52:00+00:00,SHORT,SUPERIOR,0.0,11.0,51.0,141.0,2.0,6.0,8.8014,2.9992,14.042857142856779,12.142857142857142,0.8646998982706225,0.6408952187182262,1.6983723296034547,2.4710071210581015,-0.823529411764706,-1.5441176470588236,0.823529411764706,1.4644246304829323,3.242489976662278,1.6474777092933954,2.0,2.0,-0.15427780890407602,1.1927772126144764,0.9264705882352942,0.6551373346897942,-0.823529411764706,0.769401330376919,0.18181818181818182,3.0798575788403646,3.088235294117647,3.1024371210460315,-0.007464707780994254,0.9852167376597483,1.2477064220183485,14.94710071210629,12.352941176470589
CFD_ATAS_0308_20250611_1250,atas-mt5-lead-lab-causal-v1,2025-06-11,2025-06-11T12:50:00-04:00,2025-06-11T12:51:00-04:00,2025-06-11T12:53:00-04:00,2025-06-11T16:51:00+00:00,2025-06-11T16:53:00+00:00,LONG,INFERIOR,1.0,12.0,50.0,200.0,2.0,6.0,5.9144,2.0404,18.367857142857506,9.732142857142858,0.5298463931557352,0.4464320435543765,1.9735562901030137,-0.06260937196196793,0.38532110091743116,0.38532110091743116,2.055045871559633,0.06111094263694533,1.5882351891855826,-2.117655243521601,1.0,1.0,1.3908819995924655,0.7540346101496239,0.8990825688073394,0.4464320435543765,0.5137614678899083,0.014621741894487398,0.8888888888888888,2.752090219716025,2.697247706422018,0.8238401394565622,-0.24454813301183967,1.4034656842680293,0.8014705882352942,11.427571456348288,16.183486238532108
CFD_ATAS_0309_20250611_1339,atas-mt5-lead-lab-causal-v1,2025-06-11,2025-06-11T13:39:00-04:00,2025-06-11T13:40:00-04:00,2025-06-11T13:40:00-04:00,2025-06-11T17:40:00+00:00,2025-06-11T17:40:00+00:00,SHORT,SUPERIOR,0.0,13.0,39.0,249.0,2.0,6.0,5.7462,1.9253,9.360714285715014,8.035714285714286,0.8584509729110359,0.5501716901946949,0.6302937809997249,0.5181228538727606,-0.15555555555555553,-0.6222222222222221,0.6222222222222221,0.7057272457502505,1.2525160032219471,-0.10409936834946154,2.0,3.0,-0.025811191466572278,1.0522701259059053,0.4666666666666666,0.5448302174744373,-0.0,0.14037626628081867,0.18181818181818182,1.730637161388726,2.333333333333333,-1.318767593879145,-0.4136007607834682,0.6924702774108594,0.8780487804878049,22.423502479967887,19.599999999999998
CFD_ATAS_0310_20250611_1427,atas-mt5-lead-lab-causal-v1,2025-06-11,2025-06-11T14:27:00-04:00,2025-06-11T14:28:00-04:00,2025-06-11T14:31:00-04:00,2025-06-11T18:28:00+00:00,2025-06-11T18:31:00+00:00,SHORT,SUPERIOR,0.0,14.0,27.0,297.0,2.0,6.0,6.484,3.577,9.235714285714494,22.946428571428573,2.4845320959009496,-0.5359628770302292,1.889404485692225,1.7269914926527854,0.10894941634241244,0.2723735408560311,-0.8715953307392995,-0.6449122933726416,1.617030944836194,2.598586823392085,1.0,3.0,0.4627484406880918,1.034029389017686,0.980544747081712,-0.5197215777261276,0.10894941634241244,0.49152542372882496,0.38095238095238093,3.583913379737201,2.3424124513618674,0.31135027570751445,-0.22037794215457435,1.0083837005264669,1.562310030395137,22.72699149265239,11.98443579766537
CFD_ATAS_0311_20250611_1447,atas-mt5-lead-lab-causal-v1,2025-06-11,2025-06-11T14:47:00-04:00,2025-06-11T14:48:00-04:00,2025-06-11T14:48:00-04:00,2025-06-11T18:48:00+00:00,2025-06-11T18:48:00+00:00,LONG,INFERIOR,1.0,14.0,47.0,317.0,2.0,6.0,5.7944,2.2374,9.539285714286182,13.482142857142858,1.4133283414450823,-0.492699363534309,1.1688506177462576,0.4769749157617873,0.3708609271523179,0.18543046357615894,1.7615894039735098,-0.8635602906866269,0.9834201541700986,-1.2846144882117225,1.0,1.0,0.5367053030239533,0.7076001497566108,0.6490066225165563,-0.4979408461250224,0.46357615894039733,0.16758747697968393,0.76,2.2485960314488618,2.225165562913907,1.2082052282384501,0.054668866638254404,1.0482731554160518,0.6265560165975104,22.003743916135353,20.397350993377483
CFD_ATAS_0312_20250611_1541,atas-mt5-lead-lab-causal-v1,2025-06-11,2025-06-11T15:41:00-04:00,2025-06-11T15:42:00-04:00,2025-06-11T15:42:00-04:00,2025-06-11T19:42:00+00:00,2025-06-11T19:42:00+00:00,SHORT,SUPERIOR,0.0,15.0,41.0,371.0,2.0,6.0,6.8496,1.5656,9.835714285714598,15.0,1.5250544662308885,0.6862745098038998,1.6928104575160643,1.1539578794478909,0.16666666666666666,-0.16666666666666666,-1.25,0.5196078431372332,1.859477124182731,2.4039578794478906,1.0,3.0,-0.11024482696836155,0.8743645606392646,0.8333333333333334,0.6964415395786244,0.16666666666666666,0.35085007727980244,0.7142857142857143,1.916485112563705,2.0,0.517631844700867,0.14966385422430178,0.8325272067714455,0.9230769230769231,21.340595497457713,18.333333333333332
CFD_ATAS_0313_20250612_0958,atas-mt5-lead-lab-causal-v1,2025-06-12,2025-06-12T09:58:00-04:00,2025-06-12T09:59:00-04:00,2025-06-12T09:59:00-04:00,2025-06-12T13:59:00+00:00,2025-06-12T13:59:00+00:00,SHORT,SUPERIOR,0.0,9.0,58.0,28.0,3.0,6.0,7.1676,3.2905,6.98928571428587,15.535714285714286,2.2227899846703645,-0.25753704649963466,0.5436893203882333,1.2161471640265442,0.3218390804597701,-0.4022988505747126,1.6091954022988504,-0.5793761269594048,0.9459881709629459,-0.39304823827230617,1.0,1.0,0.44345486601630635,0.6080735820132721,0.9655172413793103,-0.2503832396525238,0.3218390804597701,0.4802259887006439,0.47619047619047616,3.090444557996657,2.8160919540229883,-1.6750991671229516,-0.13750354910985654,0.9424512400674686,0.9255319148936171,6.731732243229178,4.747126436781609
CFD_ATAS_0314_20250612_1151,atas-mt5-lead-lab-causal-v1,2025-06-12,2025-06-12T11:51:00-04:00,2025-06-12T11:52:00-04:00,2025-06-12T11:54:00-04:00,2025-06-12T15:52:00+00:00,2025-06-12T15:54:00+00:00,SHORT,SUPERIOR,0.0,11.0,51.0,141.0,3.0,6.0,8.8454,1.6656,11.607142857142858,10.714285714285714,0.923076923076923,0.20676923076935613,1.2578461538460284,0.46523076923089457,-0.5833333333333334,0.35000000000000003,0.5833333333333334,0.7901025641026895,0.9078461538460283,-0.1181025641024388,1.0,2.0,1.2169010635719557,0.8830769230769231,1.05,0.24123076923070655,-0.5833333333333334,0.22689075630262376,0.23809523809523808,2.1667692307690425,1.6333333333333335,-0.674983246308199,-0.1422037835554729,1.5258215962441577,0.9523809523809523,10.38584615384609,14.816666666666668
CFD_ATAS_0315_20250612_1234,atas-mt5-lead-lab-causal-v1,2025-06-12,2025-06-12T12:34:00-04:00,2025-06-12T12:35:00-04:00,2025-06-12T12:35:00-04:00,2025-06-12T16:35:00+00:00,2025-06-12T16:35:00+00:00,SHORT,SUPERIOR,0.0,12.0,34.0,184.0,3.0,6.0,5.0306,2.9722,13.442857142856935,14.375,1.069341126461228,0.6806588735386366,1.0265674814027248,-1.5696068012754256,0.34782608695652173,-1.2173913043478262,1.0434782608695652,0.3328327865821149,2.243958785750551,-2.613085062144991,2.0,2.0,-0.31292222137056774,1.710945802337965,0.8695652173913043,0.6583421891603695,0.2608695652173913,0.2855209742896185,0.25,3.8905419766206224,2.9565217391304346,-0.6055155026472925,-0.17197906196385432,1.2839843083745102,1.2150943396226415,10.853347502657025,11.043478260869565
CFD_ATAS_0316_20250612_1326,atas-mt5-lead-lab-causal-v1,2025-06-12,2025-06-12T13:26:00-04:00,2025-06-12T13:27:00-04:00,2025-06-12T13:30:00-04:00,2025-06-12T17:27:00+00:00,2025-06-12T17:30:00+00:00,SHORT,SUPERIOR,0.0,13.0,26.0,236.0,3.0,6.0,8.4038,2.609,10.724999999999584,7.589285714285714,0.7076257076257351,-0.8298368298366585,0.6060606060606296,0.09790209790237306,0.32941176470588235,0.32941176470588235,1.4823529411764707,-1.1592485945425408,0.27664884135474727,-1.3844508432740976,1.0,1.0,1.1216027925099137,0.997668997668765,0.988235294117647,-0.8391608391608717,0.32941176470588235,0.035294117647165286,0.6923076923076923,2.5734265734265374,2.1411764705882352,-1.115796399408394,0.14324363316040883,0.7228306655433258,0.7172995780590717,18.9324009324016,20.91764705882353
CFD_ATAS_0317_20250612_1421,atas-mt5-lead-lab-causal-v1,2025-06-12,2025-06-12T14:21:00-04:00,2025-06-12T14:22:00-04:00,2025-06-12T14:23:00-04:00,2025-06-12T18:22:00+00:00,2025-06-12T18:23:00+00:00,LONG,INFERIOR,1.0,14.0,21.0,291.0,3.0,6.0,5.7229,1.6462,11.242857142857767,5.803571428571429,0.5162007623887896,-0.33799237611173355,0.5069885641677621,-1.5343074968232948,-0.21538461538461537,0.6461538461538461,-0.21538461538461537,-0.12260776072711818,-0.13916528198608402,-1.3189228814386795,1.0,3.0,1.5264300865696994,0.6670902160101282,0.8615384615384615,-0.3202033036847321,0.0,0.47586206896551725,0.1111111111111111,2.6550190597205043,1.5076923076923077,1.4713626120150627,0.4260152743301577,1.138105567606781,0.8441558441558442,22.231893265564267,27.353846153846153
CFD_ATAS_0318_20250612_1505,atas-mt5-lead-lab-causal-v1,2025-06-12,2025-06-12T15:05:00-04:00,2025-06-12T15:06:00-04:00,2025-06-12T15:06:00-04:00,2025-06-12T19:06:00+00:00,2025-06-12T19:06:00+00:00,SHORT,SUPERIOR,0.0,15.0,5.0,335.0,3.0,6.0,5.0133,4.1442,11.685714285714441,6.785714285714286,0.5806845965770093,-0.5091687041565347,1.677261613692096,1.3905867970659962,-0.3684210526315789,-0.5526315789473685,-0.9210526315789473,-0.14074765152495577,2.2298931926394645,2.3116394286449435,2.0,3.0,0.36947603074130664,1.0825183374081118,1.4736842105263157,-0.5819070904644776,-0.18421052631578946,0.37834691501742373,0.45454545454545453,3.529951100244452,2.5789473684210527,1.2431464133615389,-0.14667651128082923,1.0923051243531605,0.95,21.38936430317826,23.394736842105264
CFD_ATAS_0319_20250613_0959,atas-mt5-lead-lab-causal-v1,2025-06-13,2025-06-13T09:59:00-04:00,2025-06-13T10:00:00-04:00,2025-06-13T10:00:00-04:00,2025-06-13T14:00:00+00:00,2025-06-13T14:00:00+00:00,SHORT,SUPERIOR,0.0,9.0,59.0,29.0,4.0,6.0,5.4104,1.6237,7.932142857142805,20.892857142857142,2.6339486717694904,-0.4286357496625005,-0.9518235029265241,-2.0864475461503047,-0.1794871794871795,0.358974358974359,0.23931623931623933,-0.24914857017532102,-1.310797861900883,-2.325763785466544,2.0,3.0,0.852222974508559,0.8824853669518292,0.8974358974358975,-0.4286357496625005,-0.1794871794871795,1.0,0.1111111111111111,2.7420081044574696,1.9145299145299146,-1.9368780504403817,0.1507331078703228,1.1603970741902494,0.9397590361445782,5.5029266096355185,6.341880341880342
CFD_ATAS_0320_20250613_1118,atas-mt5-lead-lab-causal-v1,2025-06-13,2025-06-13T11:18:00-04:00,2025-06-13T11:19:00-04:00,2025-06-13T11:19:00-04:00,2025-06-13T15:19:00+00:00,2025-06-13T15:19:00+00:00,LONG,INFERIOR,1.0,11.0,18.0,108.0,4.0,6.0,5.433,3.4841,7.014285714285246,13.839285714285714,1.973014256619276,0.7128309572301902,2.744399185336232,1.7107942973524564,0.3612903225806452,-0.3612903225806452,-0.3612903225806452,0.351540634649545,3.1056895079168774,2.0720846199331016,1.0,2.0,-0.0633306089763139,1.3187372708758518,0.9935483870967743,0.6985743380857938,0.3612903225806452,0.43636363636363634,0.25,3.535641547862158,2.07741935483871,-0.1661000213866309,-0.12488641403963228,0.955950352883897,0.7908163265306122,12.98065173116166,12.825806451612904
CFD_ATAS_0321_20250613_1151,atas-mt5-lead-lab-causal-v1,2025-06-13,2025-06-13T11:51:00-04:00,2025-06-13T11:52:00-04:00,2025-06-13T11:55:00-04:00,2025-06-13T15:52:00+00:00,2025-06-13T15:55:00+00:00,LONG,INFERIOR,1.0,11.0,51.0,141.0,4.0,6.0,5.8903,1.5476,8.664285714286182,10.0,1.1541632316569863,-1.2984336356141097,-0.046166529266027524,-1.448474855729434,0.75,1.375,1.75,-2.04843363561411,-1.4211665292660276,-3.198474855729434,0.0,1.0,1.4002290423108206,1.4023083264629865,1.375,-1.2984336356141097,0.875,0.3664233576641734,0.7,1.5581203627369316,2.5,2.146987200274656,-0.21768412543726506,1.1857282502444726,0.6978193146417446,10.508656224236777,22.375
CFD_ATAS_0322_20250613_1157,atas-mt5-lead-lab-causal-v1,2025-06-13,2025-06-13T11:57:00-04:00,2025-06-13T11:58:00-04:00,2025-06-13T11:58:00-04:00,2025-06-13T15:58:00+00:00,2025-06-13T15:58:00+00:00,LONG,INFERIOR,1.0,11.0,57.0,147.0,4.0,6.0,7.0182,2.2061,8.07142857142883,10.892857142857142,1.3495575221238505,0.02477876106203625,0.9601769911504117,0.8858407079647537,1.3770491803278688,-0.45901639344262296,-0.11475409836065574,-1.3522704192658326,1.4191933845930347,1.0005948063254093,2.0,2.0,0.19923223641335575,0.4460176991148496,1.6065573770491803,0.01858407079663987,1.3770491803278688,0.8461538461543098,0.03225806451612903,2.254867256637186,2.8688524590163937,0.8568065565877426,-0.15088455856396563,1.079274116523465,0.8187919463087248,11.280530973450874,20.770491803278688
CFD_ATAS_0323_20250613_1242,atas-mt5-lead-lab-causal-v1,2025-06-13,2025-06-13T12:42:00-04:00,2025-06-13T12:43:00-04:00,2025-06-13T12:43:00-04:00,2025-06-13T16:43:00+00:00,2025-06-13T16:43:00+00:00,SHORT,SUPERIOR,0.0,12.0,42.0,192.0,4.0,6.0,7.3051,1.7946,24.589285714285715,8.660714285714286,0.3522149600580973,-0.28467683369644153,0.35177923021066193,-0.7584604212054304,0.5773195876288659,-0.5773195876288659,0.28865979381443296,-0.8619964213253075,0.9290988178395279,-1.0471202150198633,2.0,2.0,0.09393471370807599,0.5917211328975739,1.0103092783505154,-0.31517792302106024,0.5773195876288659,0.31690739167369797,0.1111111111111111,1.614524328249848,2.1649484536082473,-1.1445585539105236,0.17042439280686955,2.9460847240049883,0.8899082568807339,7.175889615105331,27.422680412371133
CFD_ATAS_0324_20250613_1324,atas-mt5-lead-lab-causal-v1,2025-06-13,2025-06-13T13:24:00-04:00,2025-06-13T13:25:00-04:00,2025-06-13T13:28:00-04:00,2025-06-13T17:25:00+00:00,2025-06-13T17:28:00+00:00,LONG,INFERIOR,1.0,13.0,24.0,234.0,4.0,6.0,6.1925,2.2132,18.314285714286598,16.339285714285715,0.8921606864274141,-0.7234789391575314,0.09828393135720982,-1.193057722308954,0.6120218579234973,-0.30601092896174864,1.3770491803278688,-1.3355007970810286,0.40429486031895845,-2.570106902636823,2.0,2.0,0.9396857576269804,1.3022620904836757,0.9180327868852458,-0.7207488299532031,0.6120218579234973,0.2695866748920713,0.42857142857142855,2.397035881435221,2.9071038251366117,1.7561110786902296,-0.006089139125254621,0.9183381088825694,1.702325581395349,9.918486739469179,14.53551912568306
CFD_ATAS_0325_20250613_1358,atas-mt5-lead-lab-causal-v1,2025-06-13,2025-06-13T13:58:00-04:00,2025-06-13T13:59:00-04:00,2025-06-13T14:00:00-04:00,2025-06-13T17:59:00+00:00,2025-06-13T18:00:00+00:00,SHORT,SUPERIOR,0.0,13.0,58.0,268.0,4.0,6.0,6.5099,1.8071,16.38571428571439,10.892857142857142,0.664777680906709,0.28378378378364877,1.4829991281603647,0.3966870095902329,-0.3442622950819672,-0.22950819672131148,0.45901639344262296,0.6280460788656159,1.7125073248816762,-0.06232938385239006,1.0,1.0,0.5020570995010336,0.6987794245859162,1.1475409836065575,0.28378378378364877,-0.3442622950819672,0.15439429928741627,0.4,2.1360069747166386,1.3770491803278688,-0.25416380087078994,0.07145248339279482,0.8890611374866783,0.8745519713261649,11.085876198779443,21.803278688524593
CFD_ATAS_0326_20250613_1543,atas-mt5-lead-lab-causal-v1,2025-06-13,2025-06-13T15:43:00-04:00,2025-06-13T15:44:00-04:00,2025-06-13T15:44:00-04:00,2025-06-13T19:44:00+00:00,2025-06-13T19:44:00+00:00,LONG,INFERIOR,1.0,15.0,43.0,373.0,4.0,6.0,5.6949,2.239,8.389285714285766,17.767857142857142,2.1179225202213576,-0.5900383141763283,-0.19071945508709656,-0.8165176670922013,-0.35175879396984927,-1.9698492462311559,-1.8291457286432162,-0.23827952020647908,1.7791297911440593,1.0126280615510148,3.0,4.0,-1.5332641285198891,1.1383567475520562,0.6331658291457286,-0.6019582801191092,-0.35175879396984927,0.250457038391185,0.7647058823529411,2.1932737335037786,2.462311557788945,0.22023805447550499,-0.16100805911611094,0.9101123595505853,1.0153061224489797,28.89399744572158,14.21105527638191
CFD_ATAS_0327_20250616_1003,atas-mt5-lead-lab-causal-v1,2025-06-16,2025-06-16T10:03:00-04:00,2025-06-16T10:04:00-04:00,2025-06-16T10:04:00-04:00,2025-06-16T14:04:00+00:00,2025-06-16T14:04:00+00:00,SHORT,SUPERIOR,0.0,10.0,3.0,33.0,0.0,6.0,7.1028,4.3925,5.921428571428156,19.017857142857142,3.2117008443910575,0.16887816646563308,1.4692400482511307,2.0434258142339146,0.3943661971830986,-0.06572769953051644,-0.8544600938967136,-0.22548803071746554,1.5349677477816472,2.897885908130628,1.0,3.0,0.27702807704139254,1.080820265379683,0.5915492957746479,0.18576598311195064,0.3943661971830986,0.418685121107195,0.52,3.968636911942377,1.6431924882629108,1.4385762956358943,-0.10370244731730228,1.1172506738544676,0.8912133891213389,6.417370325694057,8.67605633802817
CFD_ATAS_0328_20250616_1041,atas-mt5-lead-lab-causal-v1,2025-06-16,2025-06-16T10:41:00-04:00,2025-06-16T10:42:00-04:00,2025-06-16T10:43:00-04:00,2025-06-16T14:42:00+00:00,2025-06-16T14:43:00+00:00,SHORT,SUPERIOR,0.0,10.0,41.0,71.0,0.0,6.0,7.7317,2.7083,4.671428571428156,10.089285714285714,2.1597859327219044,-0.2782874617735693,0.8990825688075752,-0.2568807339451327,-0.24778761061946905,0.24778761061946905,0.6194690265486726,-0.030499851154100227,0.6512949581881061,-0.8763497604938053,2.0,3.0,0.6618009649214553,0.5993883792047905,0.8672566371681416,-0.23547400611591737,-0.24778761061946905,0.09836065573775869,0.21739130434782608,2.654434250764295,2.106194690265487,-1.630076120884616,-0.1059822255438577,0.914685314685373,0.6686390532544378,11.559633027523963,19.079646017699115
CFD_ATAS_0329_20250616_1056,atas-mt5-lead-lab-causal-v1,2025-06-16,2025-06-16T10:56:00-04:00,2025-06-16T10:57:00-04:00,2025-06-16T11:01:00-04:00,2025-06-16T14:57:00+00:00,2025-06-16T15:01:00+00:00,SHORT,SUPERIOR,0.0,10.0,56.0,86.0,0.0,6.0,6.5308,1.9152,5.22857142857148,9.196428571428571,1.7588797814207475,-0.6120218579236304,0.34426229508182465,-1.281420765027449,-0.0,1.087378640776699,0.8155339805825242,-0.6120218579236304,-0.7431163456948744,-2.096954745609973,0.0,1.0,1.3088356807600205,0.9371584699456242,0.9514563106796117,-0.6311475409834612,-0.0,0.39181286549706856,0.6,2.065573770491644,2.3106796116504853,-1.9522673824793206,0.28268828606140417,1.0173731758165647,0.8547717842323651,12.431693989070915,20.932038834951456
CFD_ATAS_0330_20250616_1232,atas-mt5-lead-lab-causal-v1,2025-06-16,2025-06-16T12:32:00-04:00,2025-06-16T12:33:00-04:00,2025-06-16T12:35:00-04:00,2025-06-16T16:33:00+00:00,2025-06-16T16:35:00+00:00,LONG,INFERIOR,1.0,12.0,32.0,182.0,0.0,6.0,5.9237,11.2801,12.078571428571324,8.125,0.6726788882318213,-1.0266114725016078,4.230632761679396,2.6824364281488666,0.46153846153846156,0.6153846153846154,0.6153846153846154,-1.4881499340400692,3.6152481462947805,2.067051812764251,1.0,2.0,0.9285728161684417,2.6989946777054024,1.0769230769230769,-1.0017740981669545,0.46153846153846156,0.34249471458770686,0.2222222222222222,7.045535186280248,1.3846153846153846,-2.1836917215895544,0.08258107169464744,2.2622073578596225,0.8666666666666667,10.911886457717362,25.53846153846154
CFD_ATAS_0331_20250616_1248,atas-mt5-lead-lab-causal-v1,2025-06-16,2025-06-16T12:48:00-04:00,2025-06-16T12:49:00-04:00,2025-06-16T12:49:00-04:00,2025-06-16T16:49:00+00:00,2025-06-16T16:49:00+00:00,SHORT,SUPERIOR,0.0,12.0,48.0,198.0,0.0,6.0,5.1239,2.4074,17.707142857142962,9.553571428571429,0.5395320693828125,-0.33884630899556073,1.615167406212296,0.7567567567568344,0.1308411214953271,-0.7850467289719626,-0.1308411214953271,-0.4696874304908878,2.4002141351842585,0.8875978782521615,2.0,2.0,-0.06390979902315058,0.5365066559096378,0.6542056074766355,-0.31625655506244116,0.1308411214953271,0.22635135135135925,0.07692307692307693,2.5074626865672314,2.2242990654205608,-0.1986590064479561,0.08082687128139188,3.316387959866402,1.1382978723404256,7.974183138362236,21.7196261682243
CFD_ATAS_0332_20250616_1309,atas-mt5-lead-lab-causal-v1,2025-06-16,2025-06-16T13:09:00-04:00,2025-06-16T13:10:00-04:00,2025-06-16T13:11:00-04:00,2025-06-16T17:10:00+00:00,2025-06-16T17:11:00+00:00,SHORT,SUPERIOR,0.0,13.0,9.0,219.0,0.0,6.0,6.4837,1.5402,13.971428571428728,8.660714285714286,0.6198875255623653,0.4079754601227469,1.4100204498977869,1.6390593047035622,-0.7216494845360825,-0.8659793814432989,-0.0,1.1296249446588293,2.275999831341086,1.6390593047035622,2.0,2.0,0.24242012530592863,1.0593047034764187,1.0103092783505154,0.3936605316973371,-0.8659793814432989,0.9502074688797858,0.0,2.097137014314853,1.8762886597938142,0.009234836923922006,0.17339097324338013,0.8668291602038665,1.043010752688172,15.123721881390372,23.958762886597935
CFD_ATAS_0333_20250616_1459,atas-mt5-lead-lab-causal-v1,2025-06-16,2025-06-16T14:59:00-04:00,2025-06-16T15:00:00-04:00,2025-06-16T15:03:00-04:00,2025-06-16T19:00:00+00:00,2025-06-16T19:03:00+00:00,LONG,INFERIOR,1.0,14.0,59.0,329.0,0.0,6.0,5.6901,1.8967,8.799999999999793,7.232142857142857,0.8218344155844349,-0.14772727272719352,0.45454545454546524,-0.5113636363636485,-0.34567901234567905,-0.6913580246913581,0.5185185185185186,0.19795173961848553,1.1459034792368232,-1.029882154882167,2.0,2.0,0.6788440582108178,0.9318181818182865,0.6913580246913581,-0.17045454545454947,-0.34567901234567905,0.2980132450331413,0.2,2.613636363636425,2.0740740740740744,1.390045452014742,-0.5739193785250458,0.9249249249249359,1.0125,28.693181818182495,28.69135802469136
CFD_ATAS_0334_20250617_1028,atas-mt5-lead-lab-causal-v1,2025-06-17,2025-06-17T10:28:00-04:00,2025-06-17T10:29:00-04:00,2025-06-17T10:31:00-04:00,2025-06-17T14:29:00+00:00,2025-06-17T14:31:00+00:00,SHORT,SUPERIOR,0.0,10.0,28.0,58.0,1.0,6.0,5.9534,2.6118,4.992857142857766,10.892857142857142,2.181688125893862,0.02002861230299646,0.9012875536479561,0.4406294706717512,0.11475409836065574,-0.3442622950819672,0.5737704918032788,-0.09472548605765928,1.2455498487299232,-0.1331410211315276,1.0,1.0,0.33437909152560114,0.5207439198851943,0.6885245901639344,-0.06008583691044665,0.11475409836065574,0.3235294117641394,0.2631578947368421,2.7639484978535864,1.9508196721311477,-0.8470470341189688,0.22274110787274795,0.9013539651838312,0.7261904761904762,14.580829756793456,9.868852459016393
CFD_ATAS_0335_20250617_1159,atas-mt5-lead-lab-causal-v1,2025-06-17,2025-06-17T11:59:00-04:00,2025-06-17T12:00:00-04:00,2025-06-17T12:00:00-04:00,2025-06-17T16:00:00+00:00,2025-06-17T16:00:00+00:00,LONG,INFERIOR,1.0,11.0,59.0,149.0,1.0,6.0,7.0599,1.7583,7.064285714284779,10.267857142857142,1.4534883720932157,-0.127401415570992,0.6936299292217336,-0.169868554095171,-0.8521739130434783,-0.7304347826086957,-1.3391304347826087,0.7247724974724863,1.4240647118304293,1.1692618806874377,2.0,3.0,-0.16782924048739242,0.7360970677448827,1.0956521739130436,-0.07077856420627833,-0.8521739130434783,0.09375000000006217,0.44,2.194135490394628,1.4608695652173913,0.20141888554118484,0.4005921158712563,1.0345188284517812,1.0,13.830131445906375,10.591304347826087
CFD_ATAS_0336_20250617_1204,atas-mt5-lead-lab-causal-v1,2025-06-17,2025-06-17T12:04:00-04:00,2025-06-17T12:05:00-04:00,2025-06-17T12:09:00-04:00,2025-06-17T16:05:00+00:00,2025-06-17T16:09:00+00:00,LONG,INFERIOR,1.0,12.0,4.0,154.0,1.0,6.0,7.102,2.585,7.192857142856675,8.928571428571429,1.241310824230468,0.4031777557102583,-0.7507447864942836,-0.06951340615690621,-0.13999999999999999,0.5599999999999999,2.52,0.5431777557102583,-1.3107447864942836,-2.589513406156906,1.0,1.0,2.228574728129548,0.7090367428007468,0.84,0.3892750744785736,-0.13999999999999999,0.020576131687240335,0.9,2.641509433962436,3.2199999999999998,1.5794196057413823,0.16698207245938243,0.9911417322834143,0.8849557522123894,13.582919563059068,12.18
CFD_ATAS_0337_20250617_1234,atas-mt5-lead-lab-causal-v1,2025-06-17,2025-06-17T12:34:00-04:00,2025-06-17T12:35:00-04:00,2025-06-17T12:35:00-04:00,2025-06-17T16:35:00+00:00,2025-06-17T16:35:00+00:00,SHORT,SUPERIOR,0.0,12.0,34.0,184.0,1.0,6.0,6.2613,3.1607,13.485714285714494,8.839285714285714,0.6554555084745661,0.12605932203395032,0.9788135593220728,-1.5868644067797444,-0.42424242424242425,-1.272727272727273,-1.696969696969697,0.5503017462763746,2.2515408320493457,0.11010529018995263,3.0,4.0,0.07753692022513016,0.8453389830506726,0.5656565656565657,0.1408898305085803,-0.42424242424242425,0.40839694656490194,0.75,3.841101694915141,2.545454545454546,-0.8940228735604377,-0.07058692179829011,1.804971319311842,0.9209302325581395,8.349576271186205,12.303030303030305
CFD_ATAS_0338_20250617_1303,atas-mt5-lead-lab-causal-v1,2025-06-17,2025-06-17T13:03:00-04:00,2025-06-17T13:04:00-04:00,2025-06-17T13:04:00-04:00,2025-06-17T17:04:00+00:00,2025-06-17T17:04:00+00:00,SHORT,SUPERIOR,0.0,13.0,3.0,213.0,1.0,6.0,5.6187,2.3679,15.278571428571272,15.178571428571429,0.9934548854605058,0.07854137447410173,0.5236091631603607,0.34689107059369134,-0.7411764705882353,-1.2352941176470589,-0.08235294117647059,0.819717845062337,1.7589032808074196,0.4292440117701619,2.0,2.0,0.17896734885255094,0.4057971014493271,0.9058823529411765,0.08508648901351099,-0.8235294117647058,0.20152091254750643,0.030303030303030304,2.3169705469846913,1.8941176470588235,-0.7379058133421271,0.38790071121184294,1.1559038097810874,1.4529914529914527,7.500701262272071,7.905882352941176
CFD_ATAS_0339_20250617_1340,atas-mt5-lead-lab-causal-v1,2025-06-17,2025-06-17T13:40:00-04:00,2025-06-17T13:41:00-04:00,2025-06-17T13:41:00-04:00,2025-06-17T17:41:00+00:00,2025-06-17T17:41:00+00:00,LONG,INFERIOR,1.0,13.0,40.0,250.0,1.0,6.0,5.02,1.95,9.328571428571065,13.035714285714286,1.3973966309342045,-0.8575803981623611,-0.23583460949472732,0.0,0.0,-1.6301369863013697,-1.4383561643835616,-0.8575803981623611,1.3943023768066425,1.4383561643835616,2.0,2.0,-0.9722376794833371,1.082695252679825,1.3424657534246573,-0.9647779479326563,0.0958904109589041,0.0,0.7894736842105263,2.090352220520755,2.9726027397260273,0.7295003174252701,-0.49017695000731926,0.7730097662029769,0.9864864864864866,14.493108728943591,11.123287671232877
CFD_ATAS_0340_20250617_1417,atas-mt5-lead-lab-causal-v1,2025-06-17,2025-06-17T14:17:00-04:00,2025-06-17T14:18:00-04:00,2025-06-17T14:18:00-04:00,2025-06-17T18:18:00+00:00,2025-06-17T18:18:00+00:00,SHORT,SUPERIOR,0.0,14.0,17.0,287.0,1.0,6.0,7.4139,4.4147,9.15714285714291,16.25,1.7745709828393033,-0.9063962558501494,2.249609984399204,1.5179407176288553,-0.8461538461538461,-0.07692307692307693,-0.0,-0.060242409696303234,2.326533061322281,1.5179407176288553,1.0,2.0,0.052692251476512936,1.124804992199602,1.3846153846153846,-0.9282371294851741,-0.8461538461538461,0.3095768374165536,0.0,4.018720748829851,2.230769230769231,-0.2627871303810921,-0.017525955277111545,0.9391941391941571,1.1063829787234043,14.764430577222686,12.846153846153847
CFD_ATAS_0341_20250617_1438,atas-mt5-lead-lab-causal-v1,2025-06-17,2025-06-17T14:38:00-04:00,2025-06-17T14:39:00-04:00,2025-06-17T14:39:00-04:00,2025-06-17T18:39:00+00:00,2025-06-17T18:39:00+00:00,LONG,INFERIOR,1.0,14.0,38.0,308.0,1.0,6.0,6.9525,3.6256,8.349999999999584,15.625,1.8712574850300334,0.08383233532899695,1.67664670658691,1.7485029940118888,-0.24,-0.96,-0.08,0.3238323353289969,2.6366467065869097,1.8285029940118889,2.0,2.0,-0.35538829731266014,0.8742514970059444,0.96,0.10778443113746851,-0.24,0.7934782608697372,0.043478260869565216,3.1976047904194083,1.6,-0.4299673460350273,-0.3308769339820545,0.8633677991137312,0.9722222222222223,16.191616766467526,13.92
CFD_ATAS_0342_20250618_1103,atas-mt5-lead-lab-causal-v1,2025-06-18,2025-06-18T11:03:00-04:00,2025-06-18T11:04:00-04:00,2025-06-18T11:04:00-04:00,2025-06-18T15:04:00+00:00,2025-06-18T15:04:00+00:00,LONG,INFERIOR,1.0,11.0,3.0,93.0,2.0,6.0,6.2364,1.7182,4.714285714285454,7.946428571428571,1.6856060606061536,-1.1666666666667311,-0.8909090909092944,-2.1212121212122383,0.0,-0.4719101123595506,0.6292134831460674,-1.1666666666667311,-0.4189989785497438,-2.7504256043583055,1.0,1.0,-0.30596269072233595,1.4212121212115822,1.101123595505618,-1.1242424242431037,0.0,0.6666666666666666,0.4,2.6303030303027124,1.7303370786516854,1.3081580441454614,-0.13504786812412703,0.710441334768532,0.6926070038910507,16.50303030303183,21.70786516853933
CFD_ATAS_0343_20250618_1108,atas-mt5-lead-lab-causal-v1,2025-06-18,2025-06-18T11:08:00-04:00,2025-06-18T11:09:00-04:00,2025-06-18T11:09:00-04:00,2025-06-18T15:09:00+00:00,2025-06-18T15:09:00+00:00,LONG,INFERIOR,1.0,11.0,8.0,98.0,2.0,6.0,7.1294,2.1906,5.564285714285298,8.392857142857142,1.5083440308088418,1.1681643132221669,-0.03594351732938978,0.952503209243213,-0.4468085106382979,-1.6382978723404256,-1.6382978723404256,1.6149728238604648,1.6023543550110357,2.5908010815836384,2.0,3.0,-0.5507907181121211,1.4916559691912517,0.7446808510638299,1.132220795892777,-0.4468085106382979,0.2442396313365724,0.5238095238095238,1.9768934531452056,2.9787234042553195,-0.24791541987332671,-0.21520625361908688,0.8832199546484164,0.7430830039525691,13.982028241336613,20.553191489361705
CFD_ATAS_0344_20250618_1111,atas-mt5-lead-lab-causal-v1,2025-06-18,2025-06-18T11:11:00-04:00,2025-06-18T11:12:00-04:00,2025-06-18T11:15:00-04:00,2025-06-18T15:12:00+00:00,2025-06-18T15:15:00+00:00,LONG,INFERIOR,1.0,11.0,11.0,101.0,2.0,6.0,6.2182,2.1207,5.99999999999948,8.392857142857142,1.398809523809645,-0.19999999999953225,0.3333333333333622,0.8833333333338949,-0.29787234042553196,-0.4468085106382979,-0.7446808510638299,0.09787234042599971,0.7801418439716601,1.6280141843977247,2.0,3.0,0.4709673484683934,0.866666666666863,0.8936170212765958,-0.09999999999976612,-0.29787234042553196,0.34640522875845897,0.45454545454545453,2.0333333333336308,1.9361702127659575,-0.8339170609369638,-0.17414508847285126,0.9694171956144411,0.7460317460317459,12.966666666668274,20.553191489361705
CFD_ATAS_0345_20250618_1237,atas-mt5-lead-lab-causal-v1,2025-06-18,2025-06-18T12:37:00-04:00,2025-06-18T12:38:00-04:00,2025-06-18T12:38:00-04:00,2025-06-18T16:38:00+00:00,2025-06-18T16:38:00+00:00,LONG,INFERIOR,1.0,12.0,37.0,187.0,2.0,6.0,7.1723,1.9777,15.671428571428676,9.196428571428571,0.5868277119416552,0.701914311759339,1.4931631722881413,0.38286235186873036,-0.13592233009708737,-0.4077669902912621,0.5436893203883495,0.8378366418564265,1.9009301625794035,-0.16082696851961914,2.0,2.0,-0.01012905937567516,1.4484958979034097,1.087378640776699,0.6891522333636683,-0.13592233009708737,0.10869565217390445,0.2857142857142857,2.1950774840474803,1.766990291262136,1.1350784176138675,-0.1187631704884714,2.4189636163176242,0.9671361502347418,6.470373746581636,18.75728155339806
CFD_ATAS_0346_20250618_1338,atas-mt5-lead-lab-causal-v1,2025-06-18,2025-06-18T13:38:00-04:00,2025-06-18T13:39:00-04:00,2025-06-18T13:39:00-04:00,2025-06-18T17:39:00+00:00,2025-06-18T17:39:00+00:00,SHORT,SUPERIOR,0.0,13.0,38.0,248.0,2.0,6.0,5.7891,1.9332,9.90714285714239,12.678571428571429,1.2797404470079912,-1.0800288392210982,-0.0,-1.2112472963230565,-0.5915492957746479,-2.267605633802817,-2.267605633802817,-0.4884795434464503,2.267605633802817,1.0563583374797605,3.0,4.0,-1.9508332468360223,1.5746214852201936,0.6901408450704225,-1.1002162941598892,-0.49295774647887325,0.3592814371258111,0.6216216216216216,1.8370583994230085,2.9577464788732395,-0.7642860089659375,0.06791430134871185,0.8241235888294358,1.4947368421052631,17.06849315068559,13.605633802816902
CFD_ATAS_0347_20250618_1428,atas-mt5-lead-lab-causal-v1,2025-06-18,2025-06-18T14:28:00-04:00,2025-06-18T14:29:00-04:00,2025-06-18T14:29:00-04:00,2025-06-18T18:29:00+00:00,2025-06-18T18:29:00+00:00,LONG,INFERIOR,1.0,14.0,28.0,298.0,2.0,6.0,5.2518,2.1941,8.142857142857142,15.714285714285714,1.9298245614035088,-1.1421052631582522,0.14736842105227418,-0.7859649122808805,-0.9545454545454546,-0.7954545454545455,0.9545454545454546,-0.18755980861279764,0.9428229665068197,-1.740510366826335,2.0,2.0,-0.6798544939477738,1.7684210526317579,1.2727272727272727,-1.1543859649124595,-0.9545454545454546,0.23357664233580713,0.2857142857142857,2.0385964912278918,2.8636363636363638,0.652510749157649,0.021898902156547887,0.98701298701308,1.2179930795847749,20.766666666666488,10.977272727272728
CFD_ATAS_0348_20250619_0958,atas-mt5-lead-lab-causal-v1,2025-06-19,2025-06-19T09:58:00-04:00,2025-06-19T09:59:00-04:00,2025-06-19T10:00:00-04:00,2025-06-19T13:59:00+00:00,2025-06-19T14:00:00+00:00,SHORT,SUPERIOR,0.0,9.0,58.0,28.0,3.0,6.0,6.3514,2.393,5.085714285714597,19.285714285714285,3.7921348314604417,-0.825842696629306,0.6488764044941993,-1.415730337078708,0.3888888888888889,0.4537037037037037,-0.2592592592592593,-1.2147315855181948,0.19517270079049553,-1.1564710778194487,1.0,3.0,0.49011942055679997,0.825842696629306,1.0370370370370372,-0.7865168539325361,0.3888888888888889,0.27906976744189654,0.16666666666666666,2.3595505617976085,1.2314814814814816,-1.1571423595312471,0.08215511760412324,1.477178423236527,1.1191709844559588,6.134831460673925,7.064814814814815
CFD_ATAS_0349_20250619_1020,atas-mt5-lead-lab-causal-v1,2025-06-19,2025-06-19T10:20:00-04:00,2025-06-19T10:21:00-04:00,2025-06-19T10:21:00-04:00,2025-06-19T14:21:00+00:00,2025-06-19T14:21:00+00:00,LONG,INFERIOR,1.0,10.0,20.0,50.0,3.0,6.0,9.6844,3.2476,7.321428571428312,7.053571428571429,0.9634146341463756,0.32780487804849395,2.1170731707317825,2.8546341463412666,-0.17721518987341772,-1.0632911392405062,-1.0632911392405062,0.5050200679219117,3.1803643099722887,3.9179252855817728,3.0,4.0,-0.13528056515180328,0.8058536585363159,1.5949367088607593,0.34146341463415847,-0.35443037974683544,0.8007662835249768,0.5,3.073170731707426,2.8354430379746836,0.4131201939050302,-0.08397011325047514,1.1446119486320179,0.5214521452145214,9.451707317073605,19.31645569620253
CFD_ATAS_0350_20250619_1034,atas-mt5-lead-lab-causal-v1,2025-06-19,2025-06-19T10:34:00-04:00,2025-06-19T10:35:00-04:00,2025-06-19T10:38:00-04:00,2025-06-19T14:35:00+00:00,2025-06-19T14:38:00+00:00,SHORT,SUPERIOR,0.0,10.0,34.0,64.0,3.0,6.0,5.3892,1.7102,4.085714285714078,8.392857142857142,2.0541958041959085,0.9300699300697993,1.6643356643355711,1.3461538461539146,0.7446808510638299,1.1914893617021278,2.9787234042553195,0.18538907900596946,0.4728463026334433,-1.6325695581014048,0.0,0.0,1.5629374373086204,1.052447552447428,1.1914893617021278,0.8566433566434003,0.7446808510638299,0.39007092198585586,1.0,2.4230769230774025,3.872340425531915,-1.894560867657137,-0.17602224143201697,0.6643437862949692,0.7343749999999999,16.937062937063978,16.23404255319149
CFD_ATAS_0351_20250619_1039,atas-mt5-lead-lab-causal-v1,2025-06-19,2025-06-19T10:39:00-04:00,2025-06-19T10:40:00-04:00,2025-06-19T10:40:00-04:00,2025-06-19T14:40:00+00:00,2025-06-19T14:40:00+00:00,SHORT,SUPERIOR,0.0,10.0,39.0,69.0,3.0,6.0,5.9814,2.6656,5.214285714285195,9.375,1.7979452054796312,-0.44109589041086333,0.34520547945264735,-1.2082191780821727,-0.4,-2.8,-2.2666666666666666,-0.04109589041086331,3.145205479452647,1.058447488584494,3.0,4.0,-2.553466253357474,0.6328767123286906,0.6666666666666666,-0.38356164383565466,-0.13333333333333333,0.2703862660943978,0.6296296296296297,2.3589041095891368,3.466666666666667,0.3517148956563883,-0.15937022195324801,0.8880778588807217,0.8536585365853658,13.27123287671379,14.533333333333333
CFD_ATAS_0352_20250619_1154,atas-mt5-lead-lab-causal-v1,2025-06-19,2025-06-19T11:54:00-04:00,2025-06-19T11:55:00-04:00,2025-06-19T11:55:00-04:00,2025-06-19T15:55:00+00:00,2025-06-19T15:55:00+00:00,LONG,INFERIOR,1.0,11.0,54.0,144.0,3.0,6.0,8.087,1.959,9.0642857142853,9.107142857142858,1.0047281323877528,0.11032308904649835,1.3238770685579802,1.037037037037245,0.2745098039215686,-0.8235294117647058,-2.333333333333333,-0.16418671487507025,2.1474064803226858,3.370370370370578,2.0,4.0,-0.325174180977503,0.7060677698973487,0.9607843137254901,0.121355397951389,0.2745098039215686,0.44339622641522386,0.8095238095238095,2.3609141055948237,4.117647058823529,0.26844024919973347,-0.2592689582887896,1.4764397905757112,0.9532710280373834,12.256895193065807,14.960784313725489
CFD_ATAS_0353_20250620_1205,atas-mt5-lead-lab-causal-v1,2025-06-20,2025-06-20T12:05:00-04:00,2025-06-20T12:06:00-04:00,2025-06-20T12:06:00-04:00,2025-06-20T16:06:00+00:00,2025-06-20T16:06:00+00:00,SHORT,SUPERIOR,0.0,12.0,5.0,155.0,4.0,6.0,6.6484,1.9658,6.564285714285559,13.482142857142858,2.0538628944505386,0.365614798693909,1.112078346028207,0.5788900979324383,-0.6490066225165563,-0.7417218543046358,-0.9271523178807947,1.0146214212104652,1.8538002003328429,1.506042415813233,2.0,3.0,-0.5782531585038596,0.6702937976063311,1.205298013245033,0.4113166485311326,-0.6490066225165563,0.21111111111111336,0.45454545454545453,1.873775843307877,1.6688741721854303,-0.47582987345798017,-0.34586063316231447,0.8853564547206638,0.9966996699669967,24.100108813928866,26.331125827814567
CFD_ATAS_0354_20250620_1226,atas-mt5-lead-lab-causal-v1,2025-06-20,2025-06-20T12:26:00-04:00,2025-06-20T12:27:00-04:00,2025-06-20T12:27:00-04:00,2025-06-20T16:27:00+00:00,2025-06-20T16:27:00+00:00,SHORT,SUPERIOR,0.0,12.0,26.0,176.0,4.0,6.0,6.494,3.3904,7.035714285714546,14.464285714285714,2.0558375634517003,-1.279187817258836,0.3126903553300411,-0.5258883248731804,-0.2592592592592593,-0.9506172839506173,-0.17283950617283952,-1.0199285579995767,1.2633076392806584,-0.3530488187003409,2.0,3.0,-0.5977606393579382,1.7055837563451146,0.6049382716049383,-1.2507614213196474,-0.34567901234567905,0.1417624521072957,0.05263157894736842,2.85685279187786,1.9876543209876545,-0.9885110707749016,0.3648173708950399,1.0517885744795081,1.087248322147651,25.725888324872145,24.543209876543212
CFD_ATAS_0355_20250620_1231,atas-mt5-lead-lab-causal-v1,2025-06-20,2025-06-20T12:31:00-04:00,2025-06-20T12:32:00-04:00,2025-06-20T12:32:00-04:00,2025-06-20T16:32:00+00:00,2025-06-20T16:32:00+00:00,SHORT,SUPERIOR,0.0,12.0,31.0,181.0,4.0,6.0,7.8616,6.3423,17.378571428571636,14.017857142857142,0.8066173448417495,1.0012330456227598,1.5478832716811175,-0.6099465680229258,-0.356687898089172,-0.802547770700637,-0.713375796178344,1.3579209437119317,2.3504310423817545,0.10342922815541822,3.0,4.0,-0.20348884981165635,2.129058775174656,0.89171974522293,1.0357583230579408,-0.356687898089172,0.12529550827420585,0.3076923076923077,3.5791204274556057,1.337579617834395,-0.2253222372451807,0.28416026161381375,2.573241671073606,1.0501672240802675,12.636251541306795,25.32484076433121
CFD_ATAS_0356_20250620_1328,atas-mt5-lead-lab-causal-v1,2025-06-20,2025-06-20T13:28:00-04:00,2025-06-20T13:29:00-04:00,2025-06-20T13:29:00-04:00,2025-06-20T17:29:00+00:00,2025-06-20T17:29:00+00:00,LONG,INFERIOR,1.0,13.0,28.0,238.0,4.0,6.0,7.1991,1.7325,21.278571428571013,15.803571428571429,0.7426988922457346,1.0010070493454033,1.4662638469285623,-0.5310506881503623,-1.0282485875706215,-3.084745762711864,-3.005649717514124,2.029255636916025,4.551009609640427,2.4745990293637616,3.0,4.0,-1.682195013915491,1.0386035582409723,1.423728813559322,0.9963074857335212,-1.0282485875706215,0.12826333711690116,0.9047619047619048,3.092312856663336,3.7175141242937855,-1.47919692803575,-0.09210771241902739,1.2848824671123096,1.2291666666666667,11.61732124874145,22.46327683615819
CFD_ATAS_0357_20250623_1011,atas-mt5-lead-lab-causal-v1,2025-06-23,2025-06-23T10:11:00-04:00,2025-06-23T10:12:00-04:00,2025-06-23T10:12:00-04:00,2025-06-23T14:12:00+00:00,2025-06-23T14:12:00+00:00,LONG,INFERIOR,1.0,10.0,11.0,41.0,0.0,6.0,5.4271,1.8421,7.09285714285735,17.232142857142858,2.4295065458206744,-1.2265861027190998,-1.4521651560925035,-1.5085599194361108,-0.5803108808290155,-1.7409326424870466,-1.5233160621761657,-0.6462752218900844,0.2887674863945431,0.014756142740054878,3.0,4.0,-1.1919711191627893,1.3675730110776054,1.0155440414507773,-1.1983887210472963,-0.5803108808290155,0.36769759450171563,0.5675675675675675,2.00201409869088,1.9585492227979273,1.0611148625105984,-0.02924509697430826,1.1920768307324943,1.0211640211640212,8.022155085599165,13.709844559585491
CFD_ATAS_0358_20250623_1029,atas-mt5-lead-lab-causal-v1,2025-06-23,2025-06-23T10:29:00-04:00,2025-06-23T10:30:00-04:00,2025-06-23T10:30:00-04:00,2025-06-23T14:30:00+00:00,2025-06-23T14:30:00+00:00,LONG,INFERIOR,1.0,10.0,29.0,59.0,0.0,6.0,6.1793,2.4379,8.164285714286182,14.821428571428571,1.815398075240491,0.5511811023621732,1.1636045494312544,0.820647419072658,-0.25301204819277107,-0.927710843373494,-0.8433734939759037,0.8041931505549442,2.0913153928047485,1.6640209130485617,2.0,3.0,-0.0752342208074013,0.8941382327207695,0.7590361445783133,0.5144356955381174,-0.25301204819277107,0.46853146853154326,0.4166666666666667,2.9641294838144425,2.1927710843373496,-0.02323474275342808,0.11103751067093687,1.2629834254144878,0.9171270718232044,11.035870516185112,17.120481927710845
CFD_ATAS_0359_20250623_1049,atas-mt5-lead-lab-causal-v1,2025-06-23,2025-06-23T10:49:00-04:00,2025-06-23T10:50:00-04:00,2025-06-23T10:50:00-04:00,2025-06-23T14:50:00+00:00,2025-06-23T14:50:00+00:00,LONG,INFERIOR,1.0,10.0,49.0,79.0,0.0,6.0,5.2418,2.5275,9.757142857142494,12.678571428571429,1.2994143484627132,0.7071742313321598,1.3836017569546635,0.9326500732063278,-0.09859154929577464,-2.0704225352112675,-1.5774647887323943,0.8057657806279345,3.454024292165931,2.510114861938722,3.0,4.0,-0.8553884813544409,0.9326500732067006,0.6901408450704225,0.7174231332357515,-0.09859154929577464,0.2091954022988171,0.5714285714285714,3.095168374817174,2.9577464788732395,-0.18123104500606335,-0.14981075914117276,1.2503432494278919,0.8160919540229885,10.833089311859922,20.507042253521128
CFD_ATAS_0360_20250623_1108,atas-mt5-lead-lab-causal-v1,2025-06-23,2025-06-23T11:08:00-04:00,2025-06-23T11:09:00-04:00,2025-06-23T11:09:00-04:00,2025-06-23T15:09:00+00:00,2025-06-23T15:09:00+00:00,SHORT,SUPERIOR,0.0,11.0,8.0,98.0,0.0,6.0,10.2132,3.4411,6.778571428571532,12.857142857142858,1.8967334035826897,-0.14752370916754254,2.212855637513138,2.3308746048470645,-0.09722222222222222,-0.5833333333333333,-0.6805555555555556,-0.050301486945320315,2.7961889708464716,3.01143016040262,3.0,4.0,-0.2827262528951299,0.8851422550052551,0.5833333333333333,-0.23603793466839004,-0.09722222222222222,0.7523809523810481,0.7777777777777778,3.4668071654372494,1.4583333333333333,0.8472000956196449,-0.02168904549857156,0.8458110516933983,0.9290322580645161,15.593256059009352,20.22222222222222
CFD_ATAS_0361_20250624_1024,atas-mt5-lead-lab-causal-v1,2025-06-24,2025-06-24T10:24:00-04:00,2025-06-24T10:25:00-04:00,2025-06-24T10:28:00-04:00,2025-06-24T14:25:00+00:00,2025-06-24T14:28:00+00:00,LONG,INFERIOR,1.0,10.0,24.0,54.0,1.0,6.0,6.9302,1.7829,6.671428571428935,11.339285714285714,1.6996788008564383,1.1541755888651426,1.5438972162738966,0.7344753747319669,0.33070866141732286,-0.11023622047244096,0.0,0.8234669274478197,1.6541334367463376,0.7344753747319669,1.0,1.0,0.5683699704948666,1.1092077087796008,0.7716535433070867,1.004282655246307,0.33070866141732286,0.17689530685912233,0.0,2.773019271948457,1.3228346456692914,0.7161205374615892,-0.09809838114426508,1.0686498855835866,0.7720364741641337,7.734475374731694,6.503937007874016
CFD_ATAS_0362_20250624_1329,atas-mt5-lead-lab-causal-v1,2025-06-24,2025-06-24T13:29:00-04:00,2025-06-24T13:30:00-04:00,2025-06-24T13:31:00-04:00,2025-06-24T17:30:00+00:00,2025-06-24T17:31:00+00:00,SHORT,SUPERIOR,0.0,13.0,29.0,239.0,1.0,6.0,5.1975,2.718,10.378571428571117,8.571428571428571,0.8258774948382904,-0.11562284927743077,0.9346180316587355,0.6744666207846038,0.4375,0.875,-0.14583333333333334,-0.5531228492774307,0.05961803165873547,0.8202999541179372,0.0,1.0,1.5489631036629363,0.7226428079835041,0.7291666666666667,-0.07708189951817034,0.4375,0.2916666666666667,0.07692307692307693,2.7460426703373155,1.6041666666666667,-0.5935864201485581,-0.03614219141595979,0.7587467362924054,1.3714285714285714,7.804542326221845,18.520833333333332
CFD_ATAS_0363_20250624_1547,atas-mt5-lead-lab-causal-v1,2025-06-24,2025-06-24T15:47:00-04:00,2025-06-24T15:48:00-04:00,2025-06-24T15:48:00-04:00,2025-06-24T19:48:00+00:00,2025-06-24T19:48:00+00:00,SHORT,SUPERIOR,0.0,15.0,47.0,377.0,1.0,6.0,7.899,2.2222,5.457142857142961,5.714285714285714,1.0471204188481475,0.9162303664921291,1.9790575916228657,1.7408376963350454,-0.65625,-0.65625,-0.4375,1.5724803664921292,2.6353075916228654,2.1783376963350456,2.0,2.0,-0.3026939388138999,1.2460732984291623,0.875,0.9528795811519476,-0.65625,0.6551724137931034,0.14285714285714285,2.528795811518143,2.1875,-0.35144913469812317,0.029564704688932786,0.9149700598802569,1.0158730158730158,29.887434554972984,33.03125
CFD_ATAS_0364_20250625_1027,atas-mt5-lead-lab-causal-v1,2025-06-25,2025-06-25T10:27:00-04:00,2025-06-25T10:28:00-04:00,2025-06-25T10:28:00-04:00,2025-06-25T14:28:00+00:00,2025-06-25T14:28:00+00:00,SHORT,SUPERIOR,0.0,10.0,27.0,57.0,2.0,6.0,5.5263,1.8421,2.835714285714078,14.017857142857142,4.94332493702807,-0.10579345088136326,0.5289672544080992,0.3879093198987596,0.267515923566879,-0.802547770700637,-0.89171974522293,-0.37330937444824225,1.3315150251087362,1.2796290651216895,2.0,3.0,-0.6510913171915184,0.4584382871534294,0.6242038216560509,-0.17632241813603305,0.178343949044586,0.4399999999994179,0.625,1.7632241813603307,2.4968152866242037,0.11836303489713342,-0.03253760086803383,0.7634615384614826,1.0680272108843536,11.31989924433281,6.063694267515924
CFD_ATAS_0365_20250625_1055,atas-mt5-lead-lab-causal-v1,2025-06-25,2025-06-25T10:55:00-04:00,2025-06-25T10:56:00-04:00,2025-06-25T10:56:00-04:00,2025-06-25T14:56:00+00:00,2025-06-25T14:56:00+00:00,SHORT,SUPERIOR,0.0,10.0,55.0,85.0,2.0,6.0,6.637,1.5348,4.614285714284831,11.339285714285714,2.4574303405577456,-0.93188854489245,0.36842105263101876,-1.69040247678114,-0.44094488188976383,-0.33070866141732286,-1.1023622047244095,-0.49094366300268616,0.6991297140483417,-0.5880402720567306,2.0,4.0,-0.24164288814287765,1.495356037151516,0.8818897637795277,-0.9102167182665858,-0.44094488188976383,0.393939393939483,0.7142857142857143,2.687306501548029,1.984251968503937,-1.3297409559709916,0.1754893262685896,1.19851576994412,0.900709219858156,13.631578947370558,7.496062992125985
CFD_ATAS_0366_20250626_1003,atas-mt5-lead-lab-causal-v1,2025-06-26,2025-06-26T10:03:00-04:00,2025-06-26T10:04:00-04:00,2025-06-26T10:04:00-04:00,2025-06-26T14:04:00+00:00,2025-06-26T14:04:00+00:00,LONG,INFERIOR,1.0,10.0,3.0,33.0,3.0,6.0,5.2073,1.5366,3.8071428571420256,14.642857142857142,3.846153846154686,-0.31519699812408736,-0.7091932457789576,-0.31519699812408736,-0.17073170731707318,-0.17073170731707318,1.3658536585365855,-0.14446529080701417,-0.5384615384618844,-1.6810506566606729,2.0,2.0,0.08446172680716434,0.9455909943713064,0.5975609756097561,-0.18386491557246393,-0.25609756097560976,0.28571428571440943,0.5333333333333333,1.4183864915579152,2.2195121951219514,1.739844687116798,-0.519694326810843,1.1174004192872915,0.8078817733990148,5.621013133209865,6.402439024390244
CFD_ATAS_0367_20250626_1109,atas-mt5-lead-lab-causal-v1,2025-06-26,2025-06-26T11:09:00-04:00,2025-06-26T11:10:00-04:00,2025-06-26T11:10:00-04:00,2025-06-26T15:10:00+00:00,2025-06-26T15:10:00+00:00,SHORT,SUPERIOR,0.0,11.0,9.0,99.0,3.0,6.0,7.36,2.9867,3.435714285713922,6.071428571428571,1.7671517671519543,0.46569646569609147,1.4844074844072181,1.9209979209977008,-0.411764705882353,-1.2352941176470589,-0.411764705882353,0.8774611715784444,2.7197016020542772,2.332762626880054,2.0,2.0,-0.15424855309615584,0.7858627858630809,0.823529411764706,0.4074844074848742,-0.411764705882353,0.5409836065570642,0.2,3.4345114345115864,1.8529411764705883,1.742677996582643,0.03882293119140571,0.9412915851271623,0.6296296296296297,8.877338877339819,19.97058823529412
CFD_ATAS_0368_20250626_1207,atas-mt5-lead-lab-causal-v1,2025-06-26,2025-06-26T12:07:00-04:00,2025-06-26T12:08:00-04:00,2025-06-26T12:08:00-04:00,2025-06-26T16:08:00+00:00,2025-06-26T16:08:00+00:00,LONG,INFERIOR,1.0,12.0,7.0,157.0,3.0,6.0,5.36,1.648,6.414285714285662,7.678571428571429,1.1971046770601435,-0.15590200445434424,0.5300668151449973,0.06236080178196457,-0.3255813953488372,-0.9767441860465116,-0.6511627906976744,0.16967939089449294,1.506811001191509,0.7135235924796389,3.0,3.0,-0.7389962701024054,0.6547884187083592,0.6511627906976744,-0.1403118040091367,-0.3255813953488372,0.035714285714401724,0.5,1.6057906458796323,1.7906976744186045,1.0799810254143292,-0.489663010395304,1.0533724340176094,1.011764705882353,9.99331848552324,20.511627906976745
CFD_ATAS_0369_20250626_1457,atas-mt5-lead-lab-causal-v1,2025-06-26,2025-06-26T14:57:00-04:00,2025-06-26T14:58:00-04:00,2025-06-26T14:58:00-04:00,2025-06-26T18:58:00+00:00,2025-06-26T18:58:00+00:00,SHORT,SUPERIOR,0.0,14.0,57.0,327.0,3.0,6.0,6.4091,1.9697,6.878571428571377,6.071428571428571,0.8826583592938799,-0.6687435098647987,0.3489096573210865,-1.541017653166986,-0.411764705882353,0.6176470588235294,0.2058823529411765,-0.2569788039824457,-0.26873740150244296,-1.7469000061081623,1.0,2.0,1.2178306894285282,1.0321910695740435,0.823529411764706,-0.6542056074766405,-0.411764705882353,0.43089430894305575,0.07692307692307693,2.4423676012460187,1.647058823529412,-1.8091168115668674,0.45007954030267006,1.0120861797162144,1.046153846153846,19.989615784008457,34.794117647058826
CFD_ATAS_0370_20250626_1540,atas-mt5-lead-lab-causal-v1,2025-06-26,2025-06-26T15:40:00-04:00,2025-06-26T15:41:00-04:00,2025-06-26T15:41:00-04:00,2025-06-26T19:41:00+00:00,2025-06-26T19:41:00+00:00,LONG,INFERIOR,1.0,15.0,40.0,370.0,3.0,6.0,5.75,1.9231,5.550000000000052,5.0,0.9009009009008925,-0.12612612612625604,-0.27027027027026773,-1.6756756756755289,0.0,-0.5,-1.5,-0.12612612612625604,0.22972972972973227,-0.1756756756755289,2.0,3.0,0.4720948934460466,0.8108108108108032,1.25,-0.1441441441440117,0.0,0.5314285714286403,1.0,2.486486486486332,2.5,0.8846099934459166,0.10682892269945143,0.8701007838745777,0.9180327868852459,27.72972972972973,42.25
CFD_ATAS_0371_20250627_1004,atas-mt5-lead-lab-causal-v1,2025-06-27,2025-06-27T10:04:00-04:00,2025-06-27T10:05:00-04:00,2025-06-27T10:05:00-04:00,2025-06-27T14:05:00+00:00,2025-06-27T14:05:00+00:00,SHORT,SUPERIOR,0.0,10.0,4.0,34.0,4.0,6.0,7.9159,2.8458,3.3285714285715846,10.982142857142858,3.299356223175811,-0.12017167381908109,-0.5407725321885972,-4.20600858369079,0.3414634146341463,-0.45528455284552843,-2.6178861788617884,-0.4616350884532274,-0.08548797934306879,-1.5881224048290012,1.0,2.0,0.0512958752649185,1.0515021459226974,0.9105691056910569,-0.15021459227467107,0.45528455284552843,0.8536585365852901,0.696969696969697,5.888412017166669,3.3008130081300813,1.630711401411513,0.7690598818468019,1.4449612403100638,1.0789473684210529,7.300429184548795,10.471544715447154
CFD_ATAS_0372_20250627_1030,atas-mt5-lead-lab-causal-v1,2025-06-27,2025-06-27T10:30:00-04:00,2025-06-27T10:31:00-04:00,2025-06-27T10:32:00-04:00,2025-06-27T14:31:00+00:00,2025-06-27T14:32:00+00:00,SHORT,SUPERIOR,0.0,10.0,30.0,60.0,4.0,6.0,5.5747,1.9638,2.957142857142961,11.25,3.8043478260868224,0.23671497584564835,1.3188405797105907,0.4396135265697868,0.6666666666666666,-0.1111111111111111,0.3333333333333333,-0.42995169082101825,1.4299516908217018,0.10628019323645349,2.0,3.0,0.07745822219844235,0.7777777777775043,1.0,0.270531400965928,0.6666666666666666,0.1688311688310584,0.10344827586206896,2.367149758454023,1.4444444444444444,-1.5523042158053488,0.4489306205395433,0.9118942731277198,0.9805447470817121,12.44444444444376,12.444444444444445
CFD_ATAS_0373_20250627_1103,atas-mt5-lead-lab-causal-v1,2025-06-27,2025-06-27T11:03:00-04:00,2025-06-27T11:04:00-04:00,2025-06-27T11:04:00-04:00,2025-06-27T15:04:00+00:00,2025-06-27T15:04:00+00:00,SHORT,SUPERIOR,0.0,11.0,3.0,93.0,4.0,6.0,6.037,3.3347,4.121428571428623,12.142857142857142,2.946273830155942,-0.970537261698428,1.0433275563256335,-0.5580589254764196,-0.7205882352941176,-1.4411764705882353,-0.7205882352941176,-0.24994902640431038,2.4845040269138687,0.1625293098176981,3.0,3.0,-1.2003955794572367,1.5528596187178378,0.823529411764706,-0.8977469670712224,-0.7205882352941176,0.12169312169309725,0.3333333333333333,2.8145580589259707,2.058823529411765,-0.6181301037585163,-0.09652700584424506,1.318857142857269,1.046153846153846,14.242634315424606,11.529411764705882
CFD_ATAS_0374_20250627_1132,atas-mt5-lead-lab-causal-v1,2025-06-27,2025-06-27T11:32:00-04:00,2025-06-27T11:33:00-04:00,2025-06-27T11:33:00-04:00,2025-06-27T15:33:00+00:00,2025-06-27T15:33:00+00:00,SHORT,SUPERIOR,0.0,11.0,32.0,122.0,4.0,6.0,5.2358,5.7821,6.778571428571532,7.767857142857143,1.145943097997875,-0.07376185458377127,3.024236037934622,2.773445732349692,-0.48275862068965514,-1.6091954022988504,-2.735632183908046,0.40899676610588387,4.633431440233473,5.509077916257738,3.0,5.0,-1.049699080431427,1.504741833509041,0.6436781609195402,-0.0,-0.48275862068965514,0.7460317460316956,1.0,4.956796628029214,2.735632183908046,3.2646997597799237,-0.03215863771626218,2.106548279689385,0.7160493827160495,8.659641728134854,18.022988505747126
CFD_ATAS_0375_20250627_1208,atas-mt5-lead-lab-causal-v1,2025-06-27,2025-06-27T12:08:00-04:00,2025-06-27T12:09:00-04:00,2025-06-27T12:11:00-04:00,2025-06-27T16:09:00+00:00,2025-06-27T16:11:00+00:00,LONG,INFERIOR,1.0,12.0,8.0,158.0,4.0,6.0,7.504,2.3147,5.649999999999896,6.25,1.106194690265507,-0.3008849557523467,-0.3008849557523467,-1.2743362831859928,-0.4,-0.6,-0.4,0.09911504424765333,0.2991150442476533,-0.8743362831859928,2.0,3.0,0.43819155793695247,1.0265486725662618,1.0,-0.26548672566372167,-0.4,0.7659574468087659,0.16666666666666666,2.1946902654870235,2.0,1.4504362152495343,0.2207655806221243,1.0141025641025219,0.9333333333333333,14.353982300885605,22.4
CFD_ATAS_0376_20250630_1007,atas-mt5-lead-lab-causal-v1,2025-06-30,2025-06-30T10:07:00-04:00,2025-06-30T10:08:00-04:00,2025-06-30T10:08:00-04:00,2025-06-30T14:08:00+00:00,2025-06-30T14:08:00+00:00,LONG,INFERIOR,1.0,10.0,7.0,37.0,0.0,6.0,5.2727,2.1299,3.9357142857141816,12.232142857142858,3.107985480943821,0.1778584392016415,1.6007259528129247,1.6261343012708303,0.7153284671532847,0.0,0.30656934306569344,-0.5374700279516432,1.6007259528129247,1.3195649582051368,2.0,2.0,0.18118190828028446,0.7114337568056416,1.4306569343065694,0.05081669691488676,0.7153284671532847,0.8648648648648914,0.17647058823529413,2.4137931034483397,1.4306569343065694,1.0526604554260106,-0.2812735868693104,1.370646766168845,0.8303030303030303,6.6569872958261325,6.642335766423358
CFD_ATAS_0377_20250630_1059,atas-mt5-lead-lab-causal-v1,2025-06-30,2025-06-30T10:59:00-04:00,2025-06-30T11:00:00-04:00,2025-06-30T11:00:00-04:00,2025-06-30T15:00:00+00:00,2025-06-30T15:00:00+00:00,LONG,INFERIOR,1.0,10.0,59.0,89.0,0.0,6.0,5.0362,2.3439,3.378571428570857,7.142857142857143,2.114164904862937,-0.029598308667650404,0.651162790698,-0.828752642706056,-0.175,0.175,-0.175,0.1454016913323496,0.476162790698,-0.653752642706056,2.0,3.0,0.4286260072241566,0.5031712473575943,0.7,0.0,0.0,0.25454545454547256,0.058823529411764705,2.2494714587737343,1.575,-0.04356830735535412,0.1892508506339266,0.9742533470646584,0.64,7.754756871037468,11.375
CFD_ATAS_0378_20250630_1153,atas-mt5-lead-lab-causal-v1,2025-06-30,2025-06-30T11:53:00-04:00,2025-06-30T11:54:00-04:00,2025-06-30T11:54:00-04:00,2025-06-30T15:54:00+00:00,2025-06-30T15:54:00+00:00,LONG,INFERIOR,1.0,11.0,53.0,143.0,0.0,6.0,9.5647,5.069,4.878571428571116,6.696428571428571,1.3726207906296632,-2.152269399707312,1.065885797950437,-0.3894582723275424,0.7466666666666667,-0.18666666666666668,0.9333333333333333,-2.8989360663739787,1.2525524646171038,-1.3227916056608757,2.0,2.0,-0.11126923824474216,2.521229868228416,0.9333333333333333,-2.213762811127372,0.7466666666666667,0.05705705705699275,0.3333333333333333,3.44363103953155,1.4933333333333334,1.5864800402211041,-0.527772397607432,1.2683379758589062,0.8379888268156424,11.007320644217545,12.133333333333335
CFD_ATAS_0379_20250630_1226,atas-mt5-lead-lab-causal-v1,2025-06-30,2025-06-30T12:26:00-04:00,2025-06-30T12:27:00-04:00,2025-06-30T12:27:00-04:00,2025-06-30T16:27:00+00:00,2025-06-30T16:27:00+00:00,SHORT,SUPERIOR,0.0,12.0,26.0,176.0,0.0,6.0,5.1842,3.1579,3.75,7.946428571428571,2.119047619047619,-0.15999999999961195,0.8,1.2533333333335273,-0.3146067415730337,-0.7865168539325843,-0.4719101123595506,0.15460674157342175,1.5865168539325842,1.7252434456930779,2.0,3.0,-0.39349263018177655,0.9599999999996119,0.9438202247191012,-0.26666666666666666,-0.3146067415730337,0.7230769230774398,0.2,3.2,1.7303370786516854,-0.7308875878926928,-0.38993022637503194,0.9138381201044561,1.1124999999999998,14.320000000000194,10.224719101123595
CFD_ATAS_0380_20250630_1254,atas-mt5-lead-lab-causal-v1,2025-06-30,2025-06-30T12:54:00-04:00,2025-06-30T12:55:00-04:00,2025-06-30T12:58:00-04:00,2025-06-30T16:55:00+00:00,2025-06-30T16:58:00+00:00,LONG,INFERIOR,1.0,12.0,54.0,204.0,0.0,6.0,5.6837,1.8248,13.514285714285766,5.803571428571429,0.4294397463002098,-0.5993657505284312,0.17019027484138313,0.5105708245244186,0.21538461538461537,0.21538461538461537,-0.21538461538461537,-0.8147503659130466,-0.045194340543232236,0.725955439909034,1.0,2.0,1.7847118313438617,0.8657505285412768,0.8615384615384615,-0.5771670190274281,0.0,0.22923588039873052,0.1111111111111111,1.8720930232557529,1.5076923076923077,1.0857473421862733,0.21856337090508565,2.487836949375444,0.855263157894737,8.30232558139537,14.0
CFD_ATAS_0381_20250701_1100,atas-mt5-lead-lab-causal-v1,2025-07-01,2025-07-01T11:00:00-04:00,2025-07-01T11:01:00-04:00,2025-07-01T11:01:00-04:00,2025-07-01T15:01:00+00:00,2025-07-01T15:01:00+00:00,LONG,INFERIOR,1.0,11.0,0.0,90.0,1.0,7.0,7.0959,4.5814,5.592857142856831,14.821428571428571,2.6500638569605566,1.3946360153262687,3.307790549170044,1.6091954022989403,-0.674698795180723,-1.180722891566265,-1.6024096385542168,2.0693348105069918,4.488513440736309,3.211605040853157,2.0,4.0,-0.8148889211784202,1.3588761174966228,1.0963855421686748,1.3231162196682777,-0.5903614457831325,0.32142857142857145,0.48717948717948717,4.309067688378014,2.0240963855421685,-3.445611981375049,-0.24529681508700604,1.4393382352940471,1.0030211480362536,6.865900383142406,11.72289156626506
CFD_ATAS_0382_20250701_1113,atas-mt5-lead-lab-causal-v1,2025-07-01,2025-07-01T11:13:00-04:00,2025-07-01T11:14:00-04:00,2025-07-01T11:14:00-04:00,2025-07-01T15:14:00+00:00,2025-07-01T15:14:00+00:00,LONG,INFERIOR,1.0,11.0,13.0,103.0,1.0,7.0,5.0235,1.6196,7.107142857143637,20.982142857142858,2.9522613065323395,-0.26733668341726086,-0.26733668341726086,-1.3226130653266928,-0.5361702127659574,-0.41702127659574467,-1.251063829787234,0.2688335293486966,0.14968459317848382,-0.07154923553945869,2.0,3.0,-0.29771673153503797,0.5206030150754222,0.9531914893617021,-0.1688442211056115,-0.5361702127659574,0.35606060606064155,0.4883720930232558,1.7587939698490533,2.1446808510638298,-1.9469820565420517,0.3248012260272411,1.6555740432616033,1.3864306784660767,7.16180904522555,11.795744680851064
CFD_ATAS_0383_20250701_1129,atas-mt5-lead-lab-causal-v1,2025-07-01,2025-07-01T11:29:00-04:00,2025-07-01T11:30:00-04:00,2025-07-01T11:30:00-04:00,2025-07-01T15:30:00+00:00,2025-07-01T15:30:00+00:00,LONG,INFERIOR,1.0,11.0,29.0,119.0,1.0,7.0,12.2328,1.9387,7.292857142857558,13.928571428571429,1.9098922624876484,1.4809010773749383,2.303623898138848,-0.12340842311478604,0.0,-0.1794871794871795,1.1666666666666667,1.4809010773749383,2.4831110776260275,-1.2900750897814528,1.0,1.0,-0.020552805719489697,1.9608227228210513,0.717948717948718,1.5357492654255662,-0.08974358974358974,0.025787965616086466,0.6190476190476191,2.7149853085213023,1.9743589743589742,1.3045367811697162,0.047942510661875826,1.4024725274726564,0.8813559322033898,12.587659157688222,18.21794871794872
CFD_ATAS_0384_20250701_1331,atas-mt5-lead-lab-causal-v1,2025-07-01,2025-07-01T13:31:00-04:00,2025-07-01T13:32:00-04:00,2025-07-01T13:32:00-04:00,2025-07-01T17:32:00+00:00,2025-07-01T17:32:00+00:00,LONG,INFERIOR,1.0,13.0,31.0,241.0,1.0,7.0,6.7618,1.6567,14.79285714285652,9.285714285714286,0.6277160791888242,0.3177209077740848,1.2100434572669243,0.2028005794302355,-0.4038461538461538,-1.2115384615384615,-1.6153846153846152,0.7215670616202385,2.4215819188053858,1.8181851948148506,2.0,3.0,-0.22374302181062655,1.0816030902945892,1.346153846153846,0.3380009657170592,-0.4038461538461538,0.09146341463415851,0.6666666666666666,1.845485272815094,2.1538461538461537,0.3720642908490528,-0.24173528999347638,1.1464157210074502,0.9285714285714286,6.665379043940554,27.326923076923073
CFD_ATAS_0385_20250702_1035,atas-mt5-lead-lab-causal-v1,2025-07-02,2025-07-02T10:35:00-04:00,2025-07-02T10:36:00-04:00,2025-07-02T10:36:00-04:00,2025-07-02T14:36:00+00:00,2025-07-02T14:36:00+00:00,SHORT,SUPERIOR,0.0,10.0,35.0,65.0,2.0,7.0,5.122,7.0341,4.328571428571324,10.535714285714286,2.4339933993399927,-1.47854785478501,1.8481848184818928,1.3861386138614196,0.5932203389830508,-0.0,-0.0,-2.0717681937680608,1.8481848184818928,1.3861386138614196,1.0,2.0,0.4907772657053024,1.6864686468645589,0.9491525423728813,-1.4092409240921069,0.47457627118644063,0.2631578947368925,0.0,4.759075907591378,1.3050847457627117,1.3764622749922129,-0.21802203100191342,0.8644793152638162,0.900763358778626,7.184818481848022,14.59322033898305
CFD_ATAS_0386_20250702_1057,atas-mt5-lead-lab-causal-v1,2025-07-02,2025-07-02T10:57:00-04:00,2025-07-02T10:58:00-04:00,2025-07-02T10:58:00-04:00,2025-07-02T14:58:00+00:00,2025-07-02T14:58:00+00:00,LONG,INFERIOR,1.0,10.0,57.0,87.0,2.0,7.0,8.2611,2.945,7.642857142857143,15.0,1.9626168224299065,0.6280373831774748,2.4990654205605574,0.968224299065135,0.25,-0.75,-1.0833333333333333,0.3780373831774748,3.2490654205605574,2.051557632398468,2.0,3.0,-0.5329811264675907,0.7065420560744807,0.6666666666666666,0.5757009345791536,0.3333333333333333,0.24025974025967506,0.4482758620689655,2.9831775700933627,2.0833333333333335,0.29076323830940615,-0.12615178895975893,1.5177304964538614,1.405857740585774,8.609345794392429,12.083333333333334
CFD_ATAS_0387_20250702_1116,atas-mt5-lead-lab-causal-v1,2025-07-02,2025-07-02T11:16:00-04:00,2025-07-02T11:17:00-04:00,2025-07-02T11:17:00-04:00,2025-07-02T15:17:00+00:00,2025-07-02T15:17:00+00:00,SHORT,SUPERIOR,0.0,11.0,16.0,106.0,2.0,7.0,6.8362,6.0468,9.664285714285922,9.285714285714286,0.9608277900960621,-2.0487804878047586,1.9660014781965578,1.5107169253512651,0.9423076923076922,-0.1346153846153846,0.8076923076923076,-2.9910881801124507,2.1006168628119424,0.7030246176589575,2.0,2.0,0.04036766198517468,2.6385809312638013,1.4807692307692306,-1.997043606799586,0.9423076923076922,0.23028391167196666,0.2727272727272727,4.407982261640929,1.6153846153846152,-0.2874410452836859,-0.48694934625980246,1.8136729222518198,0.920353982300885,6.808573540280635,21.134615384615383
CFD_ATAS_0388_20250702_1208,atas-mt5-lead-lab-causal-v1,2025-07-02,2025-07-02T12:08:00-04:00,2025-07-02T12:09:00-04:00,2025-07-02T12:09:00-04:00,2025-07-02T16:09:00+00:00,2025-07-02T16:09:00+00:00,SHORT,SUPERIOR,0.0,12.0,8.0,158.0,2.0,7.0,6.1088,1.5318,12.099999999999843,8.75,0.723140495867778,0.4958677685950477,0.7355371900824738,-0.5041322314051456,-1.4285714285714286,-1.5714285714285714,-2.7142857142857144,1.9244391971664763,2.3069657615110453,2.210153482880569,2.0,4.0,-0.8856829656300501,1.0743801652892702,1.8571428571428572,0.48760330578494987,-1.4285714285714286,0.1662125340600017,0.9047619047619048,1.719008264462772,3.142857142857143,-0.3888945206139278,-0.2385400972239634,1.1670685497760818,0.9655172413793104,9.826446280991682,22.428571428571427
CFD_ATAS_0389_20250703_1113,atas-mt5-lead-lab-causal-v1,2025-07-03,2025-07-03T11:13:00-04:00,2025-07-03T11:14:00-04:00,2025-07-03T11:14:00-04:00,2025-07-03T15:14:00+00:00,2025-07-03T15:14:00+00:00,SHORT,SUPERIOR,0.0,11.0,13.0,103.0,3.0,7.0,6.4186,3.9535,4.36428571428561,7.232142857142857,1.657119476268452,0.3436988543371604,2.9099836333872915,3.620294599017923,-0.17283950617283952,-0.34567901234567905,-0.34567901234567905,0.5165383605099999,3.2556626457329707,3.9659736113636024,2.0,3.0,0.41405352217944363,0.66448445171801,0.5185185185185186,0.3666121112926377,-0.17283950617283952,0.8229166666665976,0.2,4.3076923076922435,1.3827160493827162,2.5048217526023926,-0.012640587557498428,1.076651982378898,0.8901098901098901,9.27986906710333,19.358024691358025
CFD_ATAS_0390_20250703_1138,atas-mt5-lead-lab-causal-v1,2025-07-03,2025-07-03T11:38:00-04:00,2025-07-03T11:39:00-04:00,2025-07-03T11:39:00-04:00,2025-07-03T15:39:00+00:00,2025-07-03T15:39:00+00:00,SHORT,SUPERIOR,0.0,11.0,38.0,128.0,3.0,7.0,6.5982,1.977,14.435714285713662,8.214285714285714,0.5690252350321868,0.7342899554675213,1.2399802078180664,0.5541810984661298,-0.30434782608695654,-1.3695652173913044,-1.5217391304347827,1.0386377815544778,2.6095454252093706,2.0759202289009124,3.0,4.0,-0.10825181482423037,1.0529440870854452,0.6086956521739131,0.7550717466602027,-0.30434782608695654,0.24096385542170787,0.625,2.126669965363572,2.586956521739131,-0.35204437221437207,0.023541948684035238,3.307692307691751,1.0823529411764705,6.5878278080160175,19.17391304347826
CFD_ATAS_0391_20250704_0953,atas-mt5-lead-lab-causal-v1,2025-07-04,2025-07-04T09:53:00-04:00,2025-07-04T09:54:00-04:00,2025-07-04T09:58:00-04:00,2025-07-04T13:54:00+00:00,2025-07-04T13:58:00+00:00,LONG,INFERIOR,1.0,9.0,53.0,23.0,4.0,7.0,6.6742,2.6061,7.357142857143117,8.303571428571429,1.1286407766989892,-0.9242718446600626,-1.5223300970869293,-2.8135922330092136,0.3010752688172043,0.9032258064516129,0.15053763440860216,-1.2253471134772669,-2.4255559035385423,-2.9641298674178156,0.0,1.0,2.2521163293121065,1.631067961164991,0.45161290322580644,-0.8834951456310367,0.3010752688172043,0.6923076923077297,0.06666666666666667,3.4796116504851162,1.956989247311828,1.795680657935976,-0.1390292730958655,1.1691259931896179,0.8086956521739131,6.33398058252385,5.569892473118279
CFD_ATAS_0392_20250707_0953,atas-mt5-lead-lab-causal-v1,2025-07-07,2025-07-07T09:53:00-04:00,2025-07-07T09:54:00-04:00,2025-07-07T09:55:00-04:00,2025-07-07T13:54:00+00:00,2025-07-07T13:55:00+00:00,LONG,INFERIOR,1.0,9.0,53.0,23.0,0.0,7.0,7.2015,1.9885,3.850000000000104,14.910714285714286,3.8729128014841256,-1.1688311688311372,0.2597402597402527,-1.4025974025977426,-0.5029940119760479,0.08383233532934131,0.8383233532934131,-0.6658371568550894,0.1759079244109114,-2.240920755891156,2.0,2.0,0.1920622955870739,1.0909090909083055,0.5868263473053892,-0.9090909090908845,-0.5029940119760479,0.32926829268298635,0.4166666666666667,2.4415584415587537,2.179640718562874,1.513287470806344,-0.07921850514600746,1.0000000000000675,0.893048128342246,6.961038961038584,5.11377245508982
CFD_ATAS_0393_20250707_1102,atas-mt5-lead-lab-causal-v1,2025-07-07,2025-07-07T11:02:00-04:00,2025-07-07T11:03:00-04:00,2025-07-07T11:03:00-04:00,2025-07-07T15:03:00+00:00,2025-07-07T15:03:00+00:00,SHORT,SUPERIOR,0.0,11.0,2.0,92.0,0.0,7.0,5.9586,2.7156,3.921428571429195,12.5,3.1876138433510413,-0.17850637522691615,1.0200364298723332,0.9690346083794587,-0.3,-1.0,-1.8,0.12149362477308384,2.0200364298723334,2.769034608379459,2.0,4.0,-0.7587974769665743,0.8415300546454171,1.0,-0.12750455373404165,-0.3,0.6129032258072087,0.9,2.6265938069210724,2.8,-0.1858302659622236,-0.09147536095338894,0.8833467417539929,1.1067193675889329,8.874316939889113,7.6
CFD_ATAS_0394_20250707_1122,atas-mt5-lead-lab-causal-v1,2025-07-07,2025-07-07T11:22:00-04:00,2025-07-07T11:23:00-04:00,2025-07-07T11:23:00-04:00,2025-07-07T15:23:00+00:00,2025-07-07T15:23:00+00:00,SHORT,SUPERIOR,0.0,11.0,22.0,112.0,0.0,7.0,6.4834,1.5601,4.585714285714078,9.285714285714286,2.0249221183801542,0.7850467289724743,2.289719626168328,0.8940809968852518,0.4038461538461538,0.673076923076923,0.9423076923076922,0.3812005751263205,1.6166427030914052,-0.0482266954224404,0.0,0.0,0.7055308386584398,1.0467289719625057,0.673076923076923,0.6978193146419349,0.4038461538461538,0.2426035502960185,1.0,2.355140186915836,1.4807692307692306,-1.0554330659764084,0.16663809536876983,0.9892141756548143,0.8927038626609441,10.161993769470548,10.23076923076923
CFD_ATAS_0395_20250707_1127,atas-mt5-lead-lab-causal-v1,2025-07-07,2025-07-07T11:27:00-04:00,2025-07-07T11:28:00-04:00,2025-07-07T11:28:00-04:00,2025-07-07T15:28:00+00:00,2025-07-07T15:28:00+00:00,SHORT,SUPERIOR,0.0,11.0,27.0,117.0,0.0,7.0,5.4865,2.1441,4.892857142857143,9.732142857142858,1.989051094890511,1.3489051094887536,2.616058394160435,2.207299270072844,-0.0,-1.1559633027522935,-2.055045871559633,1.3489051094887536,3.772021696912729,4.262345141632477,1.0,2.0,-0.7738750043923223,1.4919708029195593,0.5137614678899083,1.2875912408757637,-0.0,0.4954128440366804,0.6666666666666666,3.4744525547445253,2.4403669724770642,3.7094094404461253,0.10837530155916013,1.038665655799837,0.9437229437229437,9.524087591240578,9.761467889908257
CFD_ATAS_0396_20250707_1148,atas-mt5-lead-lab-causal-v1,2025-07-07,2025-07-07T11:48:00-04:00,2025-07-07T11:49:00-04:00,2025-07-07T11:49:00-04:00,2025-07-07T15:49:00+00:00,2025-07-07T15:49:00+00:00,LONG,INFERIOR,1.0,11.0,48.0,138.0,0.0,7.0,6.2878,1.6686,5.235714285714233,7.678571428571429,1.4665757162346669,-0.8594815825375256,-0.07639836289250244,-0.6875852660297426,0.3255813953488372,-0.813953488372093,-0.9767441860465116,-1.1850629778863628,0.7375551254795906,0.289158920016769,1.0,2.0,-0.4206714010662751,1.3178717598911507,1.3023255813953487,-0.7830832196450233,0.3255813953488372,0.3050847457627014,0.3333333333333333,1.642564802182549,2.6046511627906974,0.49530315301193995,-0.35751237813290765,1.0891530460623493,0.7853881278538812,8.900409276943877,12.372093023255813
CFD_ATAS_0397_20250707_1330,atas-mt5-lead-lab-causal-v1,2025-07-07,2025-07-07T13:30:00-04:00,2025-07-07T13:31:00-04:00,2025-07-07T13:31:00-04:00,2025-07-07T17:31:00+00:00,2025-07-07T17:31:00+00:00,SHORT,SUPERIOR,0.0,13.0,30.0,240.0,0.0,7.0,5.8428,3.0757,9.514285714284727,13.392857142857142,1.4076576576578037,0.8828828828827451,2.8063063063062916,3.1216216216216397,-1.8666666666666667,-2.146666666666667,-1.12,2.7495495495494118,4.952972972972958,4.24162162162164,2.0,2.0,-1.6514218419744866,1.0195195195193194,4.48,0.8303303303301871,-1.96,0.9867109634551006,0.3157894736842105,3.500000000000287,4.76,0.9299384595582482,-0.02128612838172463,0.7219512195121415,0.9063444108761328,10.56306306306416,10.733333333333334
CFD_ATAS_0398_20250707_1521,atas-mt5-lead-lab-causal-v1,2025-07-07,2025-07-07T15:21:00-04:00,2025-07-07T15:22:00-04:00,2025-07-07T15:22:00-04:00,2025-07-07T19:22:00+00:00,2025-07-07T19:22:00+00:00,SHORT,SUPERIOR,0.0,15.0,21.0,351.0,0.0,7.0,5.4392,14.7095,15.892857142856883,8.928571428571429,0.561797752808998,1.705168539325779,6.468314606741633,6.103370786516954,-0.5599999999999999,0.13999999999999999,-0.42,2.2651685393257788,6.328314606741634,6.523370786516954,1.0,2.0,0.6799870812955778,2.309213483146151,1.68,1.6233707865168348,-0.42,0.8931860036832532,0.23076923076923078,7.45617977528102,1.8199999999999998,4.946547110988307,-0.036095776188929014,1.9919427036705006,1.0,9.947865168539398,22.12
CFD_ATAS_0399_20250707_1558,atas-mt5-lead-lab-causal-v1,2025-07-07,2025-07-07T15:58:00-04:00,2025-07-07T15:59:00-04:00,2025-07-07T16:00:00-04:00,2025-07-07T19:59:00+00:00,2025-07-07T20:00:00+00:00,LONG,INFERIOR,1.0,15.0,58.0,388.0,0.0,7.0,5.0567,1.5738,14.278571428572052,12.321428571428571,0.8629314657328288,1.0645322661328163,1.6598299149572024,0.27313656828397725,0.2028985507246377,-0.4057971014492754,0.9130434782608696,0.8616337154081786,2.065627016406478,-0.6399069099768924,1.0,1.0,0.1433612015288141,1.1835917958979991,0.6086956521739131,1.0925462731364186,0.2028985507246377,0.08533916849011763,0.36,2.220110055027468,2.130434782608696,0.7060268544375321,-0.022308316388462292,0.9869168106640536,1.445026178010471,11.737868934466618,16.02898550724638
CFD_ATAS_0400_20250708_0953,atas-mt5-lead-lab-causal-v1,2025-07-08,2025-07-08T09:53:00-04:00,2025-07-08T09:54:00-04:00,2025-07-08T09:54:00-04:00,2025-07-08T13:54:00+00:00,2025-07-08T13:54:00+00:00,SHORT,SUPERIOR,0.0,9.0,53.0,23.0,1.0,7.0,6.7648,2.24,4.00000000000026,14.196428571428571,3.549107142856912,0.02500000000054407,0.050000000000178645,0.5250000000005115,-0.17610062893081763,-0.8805031446540881,-0.2641509433962264,0.20110062893136169,0.9305031446542668,0.7891509433967379,2.0,2.0,-0.3200800231164805,0.874999999999943,0.6163522012578616,0.15000000000053593,-0.17610062893081763,0.28000000000015524,0.17647058823529413,2.4999999999998375,2.1132075471698113,1.2279752211648682,-0.08027980951241048,0.8818897637796353,0.9875776397515528,8.499999999999448,3.7861635220125787
CFD_ATAS_0401_20250708_1029,atas-mt5-lead-lab-causal-v1,2025-07-08,2025-07-08T10:29:00-04:00,2025-07-08T10:30:00-04:00,2025-07-08T10:30:00-04:00,2025-07-08T14:30:00+00:00,2025-07-08T14:30:00+00:00,SHORT,SUPERIOR,0.0,10.0,29.0,59.0,1.0,7.0,5.3867,1.52,3.5357142857142856,11.875,3.3585858585858586,-0.36767676767656193,0.42424242424242425,0.5656565656565656,-0.0,-1.263157894736842,-1.263157894736842,-0.36767676767656193,1.6874003189792663,1.8288144603934078,2.0,3.0,-1.0347132053970678,0.98989898989899,0.631578947368421,-0.42424242424242425,-0.0,0.23809523809519684,0.6,1.7535353535355593,2.3157894736842106,-0.5635401056892979,-0.37669010179894874,0.9082568807338843,0.8471337579617835,9.616161616161616,7.894736842105263
CFD_ATAS_0402_20250708_1212,atas-mt5-lead-lab-causal-v1,2025-07-08,2025-07-08T12:12:00-04:00,2025-07-08T12:13:00-04:00,2025-07-08T12:13:00-04:00,2025-07-08T16:13:00+00:00,2025-07-08T16:13:00+00:00,SHORT,SUPERIOR,0.0,12.0,12.0,162.0,1.0,7.0,9.5148,1.8407,3.421428571428675,7.767857142857143,2.270354906054211,-0.2630480167008154,-0.0,0.20459290187912085,-0.6436781609195402,-0.8045977011494252,-1.6091954022988504,0.3806301442187248,0.8045977011494252,1.8137883041779712,2.0,4.0,-0.33804467233251134,0.5260960334026942,0.9655172413793103,-0.23382045928996814,-0.48275862068965514,0.1272727272727754,0.5555555555555556,2.0751565762009925,2.896551724137931,0.02564822261218912,0.26627704319673806,0.6634349030471215,0.8656716417910449,12.275574112734493,13.195402298850574
CFD_ATAS_0403_20250708_1343,atas-mt5-lead-lab-causal-v1,2025-07-08,2025-07-08T13:43:00-04:00,2025-07-08T13:44:00-04:00,2025-07-08T13:44:00-04:00,2025-07-08T17:44:00+00:00,2025-07-08T17:44:00+00:00,SHORT,SUPERIOR,0.0,13.0,43.0,253.0,1.0,7.0,9.1724,2.4433,10.571428571428312,8.660714285714286,0.8192567567567769,-0.42567567567568615,1.0689189189188764,1.0216216216215779,-0.43298969072164945,0.43298969072164945,0.7216494845360825,0.007314015045963296,0.6359292281972269,0.2999721370854954,1.0,2.0,0.8399235803112459,1.2013513513514498,0.8659793814432989,-0.4540540540539964,-0.43298969072164945,0.4354838709677254,0.38461538461538464,2.5067567567568183,1.443298969072165,-0.9773440072729725,0.11132396324070164,0.847409103922111,0.8362068965517242,10.15000000000018,14.144329896907216
CFD_ATAS_0404_20250709_1049,atas-mt5-lead-lab-causal-v1,2025-07-09,2025-07-09T10:49:00-04:00,2025-07-09T10:50:00-04:00,2025-07-09T10:50:00-04:00,2025-07-09T14:50:00+00:00,2025-07-09T14:50:00+00:00,LONG,INFERIOR,1.0,10.0,49.0,79.0,2.0,7.0,5.002,3.521,4.042857142856779,16.785714285714285,4.1519434628979,1.236749116607885,2.6961130742055492,3.2402826855131988,0.14893617021276598,-1.9361702127659575,-0.8191489361702128,1.087812946395119,4.632283286971507,4.059431621683411,2.0,2.0,-1.6349818205561533,1.3604240282686735,0.8936170212765958,1.2614840989405827,0.14893617021276598,0.9703703703707935,0.24444444444444444,3.9823321554779296,2.6808510638297873,-1.8969047745551166,-0.09038600759040911,0.968349016253169,1.4188679245283018,8.533568904594407,9.382978723404255
CFD_ATAS_0405_20250709_1305,atas-mt5-lead-lab-causal-v1,2025-07-09,2025-07-09T13:05:00-04:00,2025-07-09T13:06:00-04:00,2025-07-09T13:06:00-04:00,2025-07-09T17:06:00+00:00,2025-07-09T17:06:00+00:00,SHORT,SUPERIOR,0.0,13.0,5.0,215.0,2.0,7.0,5.5853,2.0144,10.878571428571117,9.375,0.8617859487853169,-0.47800393959265486,1.0019697964545289,0.7629678266582014,-0.8,-1.0666666666666667,-0.8,0.3219960604073452,2.0686364631211953,1.5629678266582014,2.0,3.0,-0.521200535381989,0.9927774130009526,1.0666666666666667,-0.5055810899540526,-0.8,0.3472803347282398,0.21428571428571427,2.435981615233162,2.533333333333333,-0.8130839425762851,-0.10274173408969638,1.1442524417730826,1.1413043478260871,17.86999343401213,20.533333333333335
CFD_ATAS_0406_20250709_1355,atas-mt5-lead-lab-causal-v1,2025-07-09,2025-07-09T13:55:00-04:00,2025-07-09T13:56:00-04:00,2025-07-09T13:56:00-04:00,2025-07-09T17:56:00+00:00,2025-07-09T17:56:00+00:00,LONG,INFERIOR,1.0,13.0,55.0,265.0,2.0,7.0,5.2131,1.6538,14.20714285714296,10.178571428571429,0.71644042232277,-0.09854198089502378,0.18300653594760866,0.02815485168436567,-0.49122807017543857,-2.3333333333333335,-2.7017543859649122,0.3926860892804148,2.516339869280942,2.7299092376492777,3.0,5.0,-1.9064517166228094,0.8446455505278974,0.8596491228070176,-0.20412267471101095,-0.49122807017543857,0.009803921568664166,1.0,1.6189039718451366,3.43859649122807,0.35868102728423945,-0.40671634293217884,1.2758178319435958,1.2063492063492063,13.683257918551783,18.912280701754387
CFD_ATAS_0407_20250709_1434,atas-mt5-lead-lab-causal-v1,2025-07-09,2025-07-09T14:34:00-04:00,2025-07-09T14:35:00-04:00,2025-07-09T14:35:00-04:00,2025-07-09T18:35:00+00:00,2025-07-09T18:35:00+00:00,SHORT,SUPERIOR,0.0,14.0,34.0,304.0,2.0,7.0,6.8257,1.6589,8.607142857142337,6.071428571428571,0.7053941908714119,0.09294605809120739,0.429875518671887,0.522821576763517,0.411764705882353,0.2058823529411765,0.2058823529411765,-0.3188186477911456,0.22399316573071051,0.3169392238223405,1.0,2.0,1.1208352179081618,1.1153526970957566,0.6176470588235294,0.12780082987535732,0.411764705882353,0.6338028169015384,0.1111111111111111,1.9170124481328958,1.4411764705882353,-0.8076281452805602,0.106373662780126,0.6124523506988081,0.7391304347826088,22.585892116183683,31.705882352941178
CFD_ATAS_0408_20250710_1010,atas-mt5-lead-lab-causal-v1,2025-07-10,2025-07-10T10:10:00-04:00,2025-07-10T10:11:00-04:00,2025-07-10T10:11:00-04:00,2025-07-10T14:11:00+00:00,2025-07-10T14:11:00+00:00,SHORT,SUPERIOR,0.0,10.0,10.0,40.0,3.0,7.0,5.9097,3.5079,3.6214285714283636,18.571428571428573,5.128205128205423,-0.08284023668719895,2.1262327416166755,1.9053254437864888,-0.6057692307692307,-1.346153846153846,-1.4807692307692306,0.5229289940820318,3.4723865877705213,3.3860946745557197,3.0,4.0,-1.2651977460623478,0.38658777120257526,0.8076923076923076,-0.11045364891559555,-0.673076923076923,0.5111111111110872,1.0,3.0650887573962238,2.3557692307692304,-0.33459756331532925,-0.16371082387128913,1.1695501730100093,1.264437689969605,6.958579881656401,10.163461538461538
CFD_ATAS_0409_20250710_1304,atas-mt5-lead-lab-causal-v1,2025-07-10,2025-07-10T13:04:00-04:00,2025-07-10T13:05:00-04:00,2025-07-10T13:07:00-04:00,2025-07-10T17:05:00+00:00,2025-07-10T17:07:00+00:00,LONG,INFERIOR,1.0,13.0,4.0,214.0,3.0,7.0,6.6653,1.8462,17.035714285714544,6.607142857142857,0.3878406708595329,-0.6750524109014573,-0.24067085953890854,-2.3127882599581215,0.1891891891891892,0.0,1.5135135135135136,-0.8642416000906465,-0.24067085953890854,-3.826301773471635,1.0,1.0,1.1791746175468811,0.6926624737944961,0.945945945945946,-0.6691823899371822,0.1891891891891892,0.5628571428571636,0.5714285714285714,2.500628930817487,2.6486486486486487,1.8656252317012578,-0.12471738524572566,1.7232658959537424,0.9024390243902439,10.096436058700057,28.56756756756757
CFD_ATAS_0410_20250710_1456,atas-mt5-lead-lab-causal-v1,2025-07-10,2025-07-10T14:56:00-04:00,2025-07-10T14:57:00-04:00,2025-07-10T14:57:00-04:00,2025-07-10T18:57:00+00:00,2025-07-10T18:57:00+00:00,SHORT,SUPERIOR,0.0,14.0,56.0,326.0,3.0,7.0,6.0569,1.7824,6.242857142856727,5.267857142857143,0.843821510297539,-0.5766590389019899,-0.81693363844434,-1.2814645308925339,0.23728813559322032,-0.9491525423728813,-0.23728813559322032,-0.8139471744952103,0.1322189039285413,-1.0441763952993135,1.0,1.0,-0.3364227047641919,1.0572082379861074,0.9491525423728813,-0.6247139588103433,0.47457627118644063,0.3960396039604531,0.1111111111111111,2.0183066361555078,1.8983050847457625,-1.6653632774916332,-0.3778180133079833,0.7280299875051621,0.9833333333333335,30.034324942793763,35.83050847457627
CFD_ATAS_0411_20250710_1534,atas-mt5-lead-lab-causal-v1,2025-07-10,2025-07-10T15:34:00-04:00,2025-07-10T15:35:00-04:00,2025-07-10T15:35:00-04:00,2025-07-10T19:35:00+00:00,2025-07-10T19:35:00+00:00,SHORT,SUPERIOR,0.0,15.0,34.0,364.0,3.0,7.0,7.4606,2.8091,6.307142857142805,4.464285714285714,0.7078142695356797,-0.14269535673862374,1.4428086070212987,1.4110985277459849,-0.27999999999999997,-1.96,-1.1199999999999999,0.13730464326137623,3.4028086070212984,2.5310985277459848,3.0,4.0,-0.9655268877511843,0.34881087202729827,0.5599999999999999,-0.17440543601393754,-0.0,0.7606837606835268,0.2857142857142857,2.9490373725938017,2.8,-0.29229186970557325,-0.27272399189692015,0.9010204081632913,0.847457627118644,29.728199320498543,42.28
CFD_ATAS_0412_20250711_1400,atas-mt5-lead-lab-causal-v1,2025-07-11,2025-07-11T14:00:00-04:00,2025-07-11T14:01:00-04:00,2025-07-11T14:05:00-04:00,2025-07-11T18:01:00+00:00,2025-07-11T18:05:00+00:00,LONG,INFERIOR,1.0,14.0,0.0,270.0,4.0,7.0,5.0748,1.7179,10.307142857143065,6.25,0.6063756063755942,-0.3104643104643748,0.8537768537767659,0.24255024255023766,1.2,1.0,1.2,-1.5104643104643747,-0.14622314622323407,-0.9574497574497622,1.0,2.0,1.6463170466123846,0.8052668052667185,1.8,-0.2910602910602852,1.2,0.11627906976744186,0.375,1.93069993069968,1.8,1.294293436567848,-0.09796638924562942,1.0460311707140564,0.8588957055214724,14.213444213443927,25.4
CFD_ATAS_0413_20250714_1026,atas-mt5-lead-lab-causal-v1,2025-07-14,2025-07-14T10:26:00-04:00,2025-07-14T10:27:00-04:00,2025-07-14T10:27:00-04:00,2025-07-14T14:27:00+00:00,2025-07-14T14:27:00+00:00,LONG,INFERIOR,1.0,10.0,26.0,56.0,0.0,7.0,5.1026,1.8605,5.699999999999169,12.5,2.1929824561406708,-0.7894736842106415,0.8771929824562683,-0.17543859649125365,-0.3,-1.4,-1.5,-0.48947368421064147,2.2771929824562682,1.3245614035087463,3.0,4.0,-1.351381873000064,0.9122807017546466,0.7,-0.8070175438601498,-0.2,0.05,0.8823529411764706,1.8771929824565416,2.1,0.6520902554408919,-0.2728528071974111,1.2717131474100993,0.8333333333333334,4.859649122807854,11.8
CFD_ATAS_0414_20250714_1125,atas-mt5-lead-lab-causal-v1,2025-07-14,2025-07-14T11:25:00-04:00,2025-07-14T11:26:00-04:00,2025-07-14T11:26:00-04:00,2025-07-14T15:26:00+00:00,2025-07-14T15:26:00+00:00,SHORT,SUPERIOR,0.0,11.0,25.0,115.0,0.0,7.0,7.5064,1.817,3.521428571428779,7.946428571428571,2.2565922920891164,-1.3346855983774097,-1.703853955375153,-2.2718052738335373,0.4719101123595506,0.3146067415730337,0.4719101123595506,-1.8065957107369603,-2.018460696948187,-2.743715386193088,1.0,2.0,0.7094712091508463,1.3062880324549038,0.7865168539325843,-1.2778904665313648,0.4719101123595506,0.8695652173908918,0.23076923076923078,2.6125760649087746,1.4157303370786518,-2.413883210624963,-0.5590421386294266,0.8717948717948784,0.7325102880658436,12.267748478701309,22.65168539325843
CFD_ATAS_0415_20250714_1129,atas-mt5-lead-lab-causal-v1,2025-07-14,2025-07-14T11:29:00-04:00,2025-07-14T11:30:00-04:00,2025-07-14T11:30:00-04:00,2025-07-14T15:30:00+00:00,2025-07-14T15:30:00+00:00,SHORT,SUPERIOR,0.0,11.0,29.0,119.0,0.0,7.0,8.4344,1.5779,3.357142857143117,7.767857142857143,2.3138297872338636,-0.26808510638339145,-0.08936170212743592,-1.4893617021275443,-0.16091954022988506,-1.1264367816091954,-1.4482758620689655,-0.10716556615350639,1.0370750794817594,-0.04108584005857874,2.0,3.0,-0.957058933356659,0.5957446808510177,0.8045977011494252,-0.23829787234019037,-0.16091954022988506,0.4385964912280142,0.5294117647058824,1.7574468085109358,2.413793103448276,-0.4174095238416426,-0.13555910544890448,0.834813499111895,0.73109243697479,13.255319148935143,23.17241379310345
CFD_ATAS_0416_20250714_1349,atas-mt5-lead-lab-causal-v1,2025-07-14,2025-07-14T13:49:00-04:00,2025-07-14T13:50:00-04:00,2025-07-14T13:50:00-04:00,2025-07-14T17:50:00+00:00,2025-07-14T17:50:00+00:00,SHORT,SUPERIOR,0.0,13.0,49.0,259.0,0.0,7.0,5.0053,1.9144,9.757142857142233,6.071428571428571,0.6222547584187806,0.3894582723279152,0.9019033674963228,0.10248901903368152,-0.0,-2.058823529411765,-0.2058823529411765,0.3894582723279152,2.9607268969080875,0.308371371974858,2.0,2.0,-1.3095276198867771,1.0146412884332234,0.411764705882353,0.35871156661788534,0.2058823529411765,0.04032258064515656,0.05263157894736842,1.8345534407026756,2.6764705882352944,-0.7636877020359848,-0.31174435727836264,0.7882285054817679,1.2252252252252254,14.75841874085014,37.05882352941177
CFD_ATAS_0417_20250715_1012,atas-mt5-lead-lab-causal-v1,2025-07-15,2025-07-15T10:12:00-04:00,2025-07-15T10:13:00-04:00,2025-07-15T10:13:00-04:00,2025-07-15T14:13:00+00:00,2025-07-15T14:13:00+00:00,SHORT,SUPERIOR,0.0,10.0,12.0,42.0,1.0,7.0,6.1723,3.0248,5.492857142857247,14.375,2.61703511053311,-0.23667100130025318,0.45513654096228007,-0.18205461638491202,0.08695652173913043,-1.6521739130434783,-1.9130434782608696,-0.3236275230393836,2.1073104540057583,1.7309888618759577,2.0,3.0,-0.930721535538222,0.36410923276982404,0.6956521739130435,-0.2184655396620269,0.08695652173913043,0.11627906976746154,0.9166666666666666,2.9674902470739335,2.5217391304347827,2.0080139139258373,-0.34515286116748056,1.4162062615101747,0.8821917808219177,5.498049414824476,7.130434782608695
CFD_ATAS_0418_20250715_1201,atas-mt5-lead-lab-causal-v1,2025-07-15,2025-07-15T12:01:00-04:00,2025-07-15T12:02:00-04:00,2025-07-15T12:06:00-04:00,2025-07-15T16:02:00+00:00,2025-07-15T16:06:00+00:00,SHORT,SUPERIOR,0.0,12.0,1.0,151.0,1.0,7.0,6.9929,2.18,7.357142857142337,8.035714285714286,1.092233009708815,0.0407766990290302,1.481553398058555,1.0873786407767758,0.7777777777777777,0.4666666666666666,0.15555555555555553,-0.7370010787487474,1.0148867313918883,0.9318230852212203,1.0,2.0,1.0173694348898585,0.8291262135920938,1.2444444444444442,0.027184466019518294,0.9333333333333332,0.5633802816899677,0.1111111111111111,2.704854368931933,1.5555555555555554,-0.9636219837174346,0.2052116589554255,1.0279441117764043,0.821917808219178,9.800000000000495,15.866666666666665
CFD_ATAS_0419_20250715_1227,atas-mt5-lead-lab-causal-v1,2025-07-15,2025-07-15T12:27:00-04:00,2025-07-15T12:28:00-04:00,2025-07-15T12:31:00-04:00,2025-07-15T16:28:00+00:00,2025-07-15T16:31:00+00:00,SHORT,SUPERIOR,0.0,12.0,27.0,177.0,1.0,7.0,5.88,1.7015,5.185714285714182,8.035714285714286,1.5495867768595353,0.8099173553720573,1.484848484848655,-0.0,-0.9333333333333332,0.6222222222222221,0.9333333333333332,1.7432506887053907,0.8626262626264328,-0.9333333333333332,1.0,2.0,0.8347946731482321,1.3305785123962999,1.2444444444444442,0.9063360881544285,-0.9333333333333332,0.0,0.2727272727272727,2.179063360881446,2.4888888888888885,-0.8687384407136016,0.02002492373094756,0.7100244498777744,0.8955223880597016,16.10192837465597,15.866666666666665
CFD_ATAS_0420_20250715_1318,atas-mt5-lead-lab-causal-v1,2025-07-15,2025-07-15T13:18:00-04:00,2025-07-15T13:19:00-04:00,2025-07-15T13:19:00-04:00,2025-07-15T17:19:00+00:00,2025-07-15T17:19:00+00:00,SHORT,SUPERIOR,0.0,13.0,18.0,228.0,1.0,7.0,6.613,2.2127,12.435714285714962,9.642857142857142,0.7754164273405666,-0.26536473291204654,1.3509477311891325,0.4342331993108344,-0.12962962962962965,-1.1666666666666667,0.12962962962962965,-0.1357351032824169,2.517614397855799,0.3046035696812047,2.0,2.0,-0.9065672508181672,0.8523836875360281,1.0370370370370372,-0.25732337736907995,-0.12962962962962965,0.1551724137931323,0.043478260869565216,2.1148765077542833,2.7222222222222223,-0.7897448967499143,-0.4136499724298396,0.8909928352098927,1.0746268656716418,8.137851809304614,14.518518518518519
CFD_ATAS_0421_20250715_1325,atas-mt5-lead-lab-causal-v1,2025-07-15,2025-07-15T13:25:00-04:00,2025-07-15T13:26:00-04:00,2025-07-15T13:29:00-04:00,2025-07-15T17:26:00+00:00,2025-07-15T17:29:00+00:00,SHORT,SUPERIOR,0.0,13.0,25.0,235.0,1.0,7.0,6.4433,1.8322,12.25000000000026,9.375,0.7653061224489633,1.4285714285713984,1.8448979591835155,1.7387755102039855,0.4,0.13333333333333333,0.13333333333333333,1.0285714285713983,1.7115646258501822,1.6054421768706522,1.0,2.0,0.6369137578162675,1.6489795918364623,0.9333333333333333,1.3959183673467905,0.4,0.7634408602150874,0.047619047619047616,2.277551020407937,1.8666666666666667,0.8328382184947699,-0.13416425851872318,0.8776867963152873,1.0344827586206897,8.261224489795802,14.933333333333334
CFD_ATAS_0422_20250716_0953,atas-mt5-lead-lab-causal-v1,2025-07-16,2025-07-16T09:53:00-04:00,2025-07-16T09:54:00-04:00,2025-07-16T09:54:00-04:00,2025-07-16T13:54:00+00:00,2025-07-16T13:54:00+00:00,SHORT,SUPERIOR,0.0,9.0,53.0,23.0,2.0,7.0,5.3019,1.7592,4.192857142856675,17.410714285714285,4.152470187393989,0.477001703577566,-0.477001703577566,-0.07155025553646137,-0.0,-0.6461538461538462,1.435897435897436,0.477001703577566,0.1691521425762802,-1.5074476914338972,2.0,2.0,-0.3630755400914962,0.5962521294719575,0.7897435897435898,0.4531516183981671,-0.0,0.01775147928990007,0.5263157894736842,1.7172061328785435,2.5128205128205128,-1.5816321807821019,0.27852420165292613,0.9949152542371771,0.9285714285714285,5.175468483815897,6.964102564102564
CFD_ATAS_0423_20250716_1103,atas-mt5-lead-lab-causal-v1,2025-07-16,2025-07-16T11:03:00-04:00,2025-07-16T11:04:00-04:00,2025-07-16T11:04:00-04:00,2025-07-16T15:04:00+00:00,2025-07-16T15:04:00+00:00,SHORT,SUPERIOR,0.0,11.0,3.0,93.0,2.0,7.0,9.0222,3.5605,3.064285714285558,24.285714285714285,7.9254079254083285,-0.7832167832161108,1.9254079254084984,1.7948717948718864,-0.2573529411764706,-0.411764705882353,-1.9558823529411766,-0.5258638420396402,2.3371726312908514,3.750754147813063,2.0,4.0,-0.32884406197100524,1.0769230769228944,0.4632352941176471,-0.5547785547776333,-0.2058823529411765,0.4545454545455092,1.0,3.5244755244754664,2.161764705882353,0.40632374953706357,0.013524444690783797,0.7792915531333826,1.5367231638418077,9.170163170163162,5.8161764705882355
CFD_ATAS_0424_20250717_1007,atas-mt5-lead-lab-causal-v1,2025-07-17,2025-07-17T10:07:00-04:00,2025-07-17T10:08:00-04:00,2025-07-17T10:08:00-04:00,2025-07-17T14:08:00+00:00,2025-07-17T14:08:00+00:00,LONG,INFERIOR,1.0,10.0,7.0,37.0,3.0,7.0,7.0491,2.7882,5.557142857143325,9.732142857142858,1.7512853470435545,-0.08997429305911839,1.6015424164525691,1.2596401028276574,0.5137614678899083,-0.25688073394495414,-0.25688073394495414,-0.6037357609490267,1.8584231503975233,1.5165208367726115,2.0,3.0,0.21080662488019938,0.30591259640113344,1.2844036697247705,-0.1079691516706802,0.5137614678899083,0.3846153846152924,0.14285714285714285,2.5912596401028716,1.7981651376146788,0.8812868722948232,-0.21661404251560515,1.353043478261069,0.8861788617886179,7.359897172235492,11.302752293577981
CFD_ATAS_0425_20250717_1050,atas-mt5-lead-lab-causal-v1,2025-07-17,2025-07-17T10:50:00-04:00,2025-07-17T10:51:00-04:00,2025-07-17T10:55:00-04:00,2025-07-17T14:51:00+00:00,2025-07-17T14:55:00+00:00,LONG,INFERIOR,1.0,10.0,50.0,80.0,3.0,7.0,5.2243,1.8787,3.800000000000052,9.017857142857142,2.373120300751847,-0.5526315789469779,0.9210526315789348,-1.2368421052633325,0.13861386138613863,1.108910891089109,2.7722772277227725,-0.6912454403331165,-0.1878582595101742,-4.009119332986105,0.0,0.0,1.277257114107776,0.973684210526494,0.5544554455445545,-0.47368421052611787,0.0,0.2955974842768159,1.0,2.5263157894732666,3.1881188118811883,2.3122155727980824,0.14579300244329357,0.918032786885391,0.8523206751054853,10.763157894736121,14.554455445544555
CFD_ATAS_0426_20250717_1126,atas-mt5-lead-lab-causal-v1,2025-07-17,2025-07-17T11:26:00-04:00,2025-07-17T11:27:00-04:00,2025-07-17T11:31:00-04:00,2025-07-17T15:27:00+00:00,2025-07-17T15:31:00+00:00,LONG,INFERIOR,1.0,11.0,26.0,116.0,3.0,7.0,5.5052,4.0,5.392857142857663,7.232142857142857,1.3410596026488772,0.46357615894035265,2.9112582781455494,3.337748344370539,0.34567901234567905,0.8641975308641976,1.5555555555555556,0.1178971465946736,2.0470607472813516,1.7821927888149836,0.0,0.0,1.5369729662034517,0.5562913907284232,1.0370370370370372,0.42649006622498953,0.34567901234567905,0.9677419354839467,1.0,3.838410596026255,2.246913580246914,-0.7164745955305033,0.026591932016204606,1.3234005258547845,0.8437499999999998,7.584105960263765,24.71604938271605
CFD_ATAS_0427_20250717_1158,atas-mt5-lead-lab-causal-v1,2025-07-17,2025-07-17T11:58:00-04:00,2025-07-17T11:59:00-04:00,2025-07-17T11:59:00-04:00,2025-07-17T15:59:00+00:00,2025-07-17T15:59:00+00:00,SHORT,SUPERIOR,0.0,11.0,58.0,148.0,3.0,7.0,9.7333,1.7905,5.049999999999792,5.892857142857143,1.166902404526215,-0.8712871287131954,-0.475247524752783,-1.2673267326736077,-0.6363636363636364,-1.2727272727272727,-1.2727272727272727,-0.234923492349559,0.7974797479744897,0.005400540053664971,2.0,3.0,-0.6031325011336858,1.0693069306934015,1.909090909090909,-0.8910891089109277,-0.6363636363636364,0.4444444444445006,0.75,1.8613861386142263,2.9696969696969697,-1.0020858405453206,-0.13033582536891603,1.010000000000037,0.8198757763975156,14.653465346535256,32.24242424242424
CFD_ATAS_0428_20250717_1225,atas-mt5-lead-lab-causal-v1,2025-07-17,2025-07-17T12:25:00-04:00,2025-07-17T12:26:00-04:00,2025-07-17T12:30:00-04:00,2025-07-17T16:26:00+00:00,2025-07-17T16:30:00+00:00,LONG,INFERIOR,1.0,12.0,25.0,175.0,3.0,7.0,10.9415,2.2615,5.235714285714233,7.589285714285714,1.449522510231938,-0.057298772169029406,0.13369713506153186,-0.6302864938607132,0.988235294117647,2.3058823529411763,2.1411764705882352,-1.0455340662866763,-2.1721852178796444,-2.7714629644489484,0.0,1.0,2.920286279671743,0.8594815825375256,1.3176470588235294,-0.09549795361528063,1.1529411764705881,0.24087591240869322,0.6842105263157895,2.0054570259208933,3.1294117647058823,2.3406862934056596,0.522789062653931,0.9832327297116028,1.1971830985915493,16.253751705320486,27.505882352941175
CFD_ATAS_0429_20250717_1308,atas-mt5-lead-lab-causal-v1,2025-07-17,2025-07-17T13:08:00-04:00,2025-07-17T13:09:00-04:00,2025-07-17T13:10:00-04:00,2025-07-17T17:09:00+00:00,2025-07-17T17:10:00+00:00,SHORT,SUPERIOR,0.0,13.0,8.0,218.0,3.0,7.0,6.0215,1.7097,9.350000000000364,4.642857142857143,0.49656226126812436,-0.5347593582887492,-0.45989304812863563,-0.43850267379700786,0.2692307692307692,0.5384615384615384,1.346153846153846,-0.8039901275195185,-0.9983545865901741,-1.784656519950854,0.0,1.0,1.6053704448783088,0.8983957219252544,1.0769230769230769,-0.5133689839575105,0.2692307692307692,0.20197044334986847,0.7142857142857143,1.7005347593583782,2.1538461538461537,-1.6655956754194734,-0.13157420519067348,0.9801572444777404,0.8253968253968255,11.647058823529115,45.230769230769226
CFD_ATAS_0430_20250717_1327,atas-mt5-lead-lab-causal-v1,2025-07-17,2025-07-17T13:27:00-04:00,2025-07-17T13:28:00-04:00,2025-07-17T13:28:00-04:00,2025-07-17T17:28:00+00:00,2025-07-17T17:28:00+00:00,LONG,INFERIOR,1.0,13.0,27.0,237.0,3.0,7.0,5.1762,2.3959,10.29285714285652,5.267857142857143,0.5117973629424322,0.340041637751582,1.4378903539212582,1.3893129770996036,-1.1864406779661016,-1.6610169491525422,-2.3728813559322033,1.5264823157176837,3.0989073030738004,3.7621943330318066,2.0,3.0,0.6465559352453703,0.981263011797281,1.8983050847457625,0.3011797362944704,-0.9491525423728813,0.6529680365297699,0.7142857142857143,2.9535045107567397,3.084745762711864,-0.2721801736318554,-0.393506592628074,0.9972318339100118,1.0085470085470085,10.580152671756508,39.86440677966102
CFD_ATAS_0431_20250717_1418,atas-mt5-lead-lab-causal-v1,2025-07-17,2025-07-17T14:18:00-04:00,2025-07-17T14:19:00-04:00,2025-07-17T14:19:00-04:00,2025-07-17T18:19:00+00:00,2025-07-17T18:19:00+00:00,SHORT,SUPERIOR,0.0,14.0,18.0,288.0,3.0,7.0,7.6192,1.8981,7.828571428571065,6.071428571428571,0.7755474452555104,0.43430656934280704,2.005474452554466,1.7499999999997096,-0.2058823529411765,-1.0294117647058825,-0.823529411764706,0.6401889222839835,3.0348862172603486,2.5735294117644156,2.0,2.0,-0.7306868427575169,1.0218978102190255,1.2352941176470589,0.40875912408723847,-0.2058823529411765,0.7740112994349911,0.3333333333333333,2.4014598540150818,2.4705882352941178,-0.21563918768251392,-0.29230747430837223,0.9292072912251039,1.2363636363636363,22.686131386862183,35.20588235294118
CFD_ATAS_0432_20250717_1513,atas-mt5-lead-lab-causal-v1,2025-07-17,2025-07-17T15:13:00-04:00,2025-07-17T15:14:00-04:00,2025-07-17T15:17:00-04:00,2025-07-17T19:14:00+00:00,2025-07-17T19:17:00+00:00,SHORT,SUPERIOR,0.0,15.0,13.0,343.0,3.0,7.0,6.4873,1.9618,4.592857142857091,5.357142857142857,1.1664074650077891,0.45723172628273656,1.0451010886468206,0.3483670295486762,0.23333333333333334,-0.23333333333333334,0.23333333333333334,0.22389839294940322,1.278434421980154,0.11503369621534287,2.0,2.0,0.38714821871942456,0.9580093312600477,0.9333333333333333,0.47900466563002386,0.23333333333333334,0.13793103448265048,0.2,2.2426127527214845,1.1666666666666667,-0.7913462020054882,0.00325995013770164,0.6966413867822021,1.0526315789473684,43.17573872472817,39.900000000000006
CFD_ATAS_0433_20250717_1543,atas-mt5-lead-lab-causal-v1,2025-07-17,2025-07-17T15:43:00-04:00,2025-07-17T15:44:00-04:00,2025-07-17T15:44:00-04:00,2025-07-17T19:44:00+00:00,2025-07-17T19:44:00+00:00,LONG,INFERIOR,1.0,15.0,43.0,373.0,3.0,7.0,5.1351,1.5856,5.342857142856831,5.267857142857143,0.9859625668449774,0.5989304812835936,0.8235294117650264,-0.2620320855611041,-0.47457627118644063,-1.6610169491525422,-2.3728813559322033,1.0735067524700344,2.4845463609175686,2.1108492703710993,3.0,4.0,-0.7999160208885352,1.048128342245778,0.711864406779661,0.5427807486634056,-0.47457627118644063,0.11290322580629546,1.0,1.9652406417113448,2.847457627118644,-0.5327413108050016,-0.11048507085288961,0.946835443037963,1.1568627450980393,38.89304812834438,40.57627118644068
CFD_ATAS_0434_20250718_1022,atas-mt5-lead-lab-causal-v1,2025-07-18,2025-07-18T10:22:00-04:00,2025-07-18T10:23:00-04:00,2025-07-18T10:23:00-04:00,2025-07-18T14:23:00+00:00,2025-07-18T14:23:00+00:00,LONG,INFERIOR,1.0,10.0,22.0,52.0,4.0,7.0,6.4758,2.1894,3.61428571428587,13.75,3.8043478260867922,-0.33201581027686683,1.1343873517782046,-0.13833992094861064,-1.2727272727272727,-0.6363636363636364,0.45454545454545453,0.9407114624504058,1.7707509881418408,-0.5928853754940652,1.0,1.0,-0.5265875125523466,0.6916996047430531,2.1818181818181817,-0.24901185770790177,-1.2727272727272727,0.04504504504505095,0.15151515151515152,1.9644268774698683,2.3636363636363638,-1.2335575595258594,0.084338838378287,1.1084337349396833,1.0620689655172415,5.810276679841647,7.454545454545454
CFD_ATAS_0435_20250718_1039,atas-mt5-lead-lab-causal-v1,2025-07-18,2025-07-18T10:39:00-04:00,2025-07-18T10:40:00-04:00,2025-07-18T10:41:00-04:00,2025-07-18T14:40:00+00:00,2025-07-18T14:41:00+00:00,SHORT,SUPERIOR,0.0,10.0,39.0,69.0,4.0,7.0,6.1648,1.7898,2.492857142857247,12.321428571428571,4.942693409741914,0.40114613180514086,0.8424068767916715,0.24068767908396013,0.10144927536231885,0.4057971014492754,-0.2028985507246377,0.299696856442822,0.4366097753423961,0.44358622980859785,1.0,3.0,0.4710459275387963,0.7621776504288921,0.6086956521739131,0.36103151862521055,0.10144927536231885,0.08333333333362808,0.06666666666666667,1.8051575931231338,1.8260869565217392,-0.3883294398528819,0.6018566225770521,0.7704194260485477,0.9261744966442953,8.424068767907958,9.942028985507246
CFD_ATAS_0436_20250718_1520,atas-mt5-lead-lab-causal-v1,2025-07-18,2025-07-18T15:20:00-04:00,2025-07-18T15:21:00-04:00,2025-07-18T15:25:00-04:00,2025-07-18T19:21:00+00:00,2025-07-18T19:25:00+00:00,LONG,INFERIOR,1.0,15.0,20.0,350.0,4.0,7.0,5.5247,1.5054,6.821428571428571,4.910714285714286,0.7198952879581152,-0.410471204188375,-0.2198952879581152,0.8502617801046054,1.0181818181818183,2.290909090909091,2.8000000000000003,-1.4286530223701934,-2.5108043788672063,-1.9497382198953948,0.0,1.0,4.013730867952108,1.1727748691099478,1.0181818181818183,-0.4397905759162304,1.0181818181818183,0.3152173913043457,0.8461538461538461,1.7738219895285825,2.8000000000000003,1.9012955402019796,-0.0054009201143681495,1.053502482073915,0.8870967741935484,19.306806282722622,28.50909090909091
CFD_ATAS_0437_20250721_0955,atas-mt5-lead-lab-causal-v1,2025-07-21,2025-07-21T09:55:00-04:00,2025-07-21T09:56:00-04:00,2025-07-21T09:58:00-04:00,2025-07-21T13:56:00+00:00,2025-07-21T13:58:00+00:00,LONG,INFERIOR,1.0,9.0,55.0,25.0,0.0,7.0,5.5031,2.0252,2.2857142857145454,12.053571428571429,5.273437499999401,0.6999999999992839,1.5312499999998261,-0.6562499999999254,0.7259259259259259,0.6222222222222222,1.037037037037037,-0.025925925926642,0.9090277777776039,-1.6932870370369624,1.0,1.0,0.7648094888215591,0.8749999999999006,0.7259259259259259,0.6562499999999254,0.7259259259259259,0.17647058823529413,0.5,3.631249999999269,1.4518518518518517,1.337940485151976,0.2560883141804342,1.1721611721611804,0.9574468085106383,7.6562499999991305,10.88888888888889
CFD_ATAS_0438_20250721_1018,atas-mt5-lead-lab-causal-v1,2025-07-21,2025-07-21T10:18:00-04:00,2025-07-21T10:19:00-04:00,2025-07-21T10:19:00-04:00,2025-07-21T14:19:00+00:00,2025-07-21T14:19:00+00:00,LONG,INFERIOR,1.0,10.0,18.0,48.0,0.0,7.0,6.8436,1.7598,2.421428571427896,8.660714285714286,3.5766961651927387,-0.5368731563420323,-0.3303834808257504,-0.908554572270438,0.14432989690721648,-1.0103092783505154,-0.43298969072164945,-0.6812030532492488,0.679925797524765,-0.47556488154878857,2.0,2.0,-0.7415051309151824,0.9911504424772513,0.7216494845360825,-0.6194690265488454,0.14432989690721648,0.42307692307660016,0.23076923076923078,1.8584070796465362,2.3092783505154637,0.5946880907332224,-0.0018119975962977508,0.9351724137930771,0.7637795275590551,9.085545722716398,17.463917525773194
CFD_ATAS_0439_20250721_1023,atas-mt5-lead-lab-causal-v1,2025-07-21,2025-07-21T10:23:00-04:00,2025-07-21T10:24:00-04:00,2025-07-21T10:24:00-04:00,2025-07-21T14:24:00+00:00,2025-07-21T14:24:00+00:00,LONG,INFERIOR,1.0,10.0,23.0,53.0,0.0,7.0,6.1358,2.5926,2.0499999999992724,10.178571428571429,4.965156794426849,-0.14634146341433116,0.7317073170734304,1.9512195121958145,-0.3684210526315789,-0.49122807017543857,1.2280701754385965,0.22207958921724777,1.222935387248869,0.7231493367572179,2.0,2.0,-0.22265082947055098,0.7317073170734304,0.7368421052631579,-0.2439024390244768,-0.3684210526315789,0.6666666666666666,0.35714285714285715,2.9268292682937216,3.070175438596491,0.9294969605392727,0.20967304457719188,0.8176638176638156,0.9193548387096775,10.73170731707698,16.087719298245613
CFD_ATAS_0440_20250721_1539,atas-mt5-lead-lab-causal-v1,2025-07-21,2025-07-21T15:39:00-04:00,2025-07-21T15:40:00-04:00,2025-07-21T15:40:00-04:00,2025-07-21T19:40:00+00:00,2025-07-21T19:40:00+00:00,SHORT,SUPERIOR,0.0,15.0,39.0,369.0,0.0,7.0,6.4571,1.9391,4.971428571428727,6.071428571428571,1.2212643678160537,0.1206896551721173,1.6494252873564166,1.0660919540228089,0.411764705882353,-0.411764705882353,-0.823529411764706,-0.29107505071023565,2.0611899932387696,1.889621365787515,1.0,2.0,-0.17978578824532795,0.9252873563215174,0.6176470588235294,0.14080459770129136,0.411764705882353,0.47747747747731806,0.4,2.6954022988500514,2.058823529411765,-0.44148410575093,-0.3160562797997931,0.8629882207067301,1.0303030303030303,40.31034482758524,27.794117647058826
CFD_ATAS_0441_20250721_1559,atas-mt5-lead-lab-causal-v1,2025-07-21,2025-07-21T15:59:00-04:00,2025-07-21T16:00:00-04:00,2025-07-21T16:00:00-04:00,2025-07-21T20:00:00+00:00,2025-07-21T20:00:00+00:00,SHORT,SUPERIOR,0.0,15.0,59.0,389.0,0.0,7.0,8.5584,2.2993,4.207142857143221,9.642857142857142,2.2920203735142333,-0.8319185059422032,0.5704584040749995,0.3327674023772272,-0.7777777777777778,-1.0370370370370372,0.12962962962962965,-0.05414072816442539,1.6074954411120368,0.20313777274759753,2.0,2.0,-0.7872049208316,1.0696095076399754,1.5555555555555556,-0.7368421052627484,-0.7777777777777778,0.12727272727285957,0.04,2.139219015279951,2.2037037037037037,-0.8840141557895551,-0.09618999924424707,0.7303161810291552,1.4304635761589404,47.633276740233924,17.5
CFD_ATAS_0442_20250722_1009,atas-mt5-lead-lab-causal-v1,2025-07-22,2025-07-22T10:09:00-04:00,2025-07-22T10:10:00-04:00,2025-07-22T10:10:00-04:00,2025-07-22T14:10:00+00:00,2025-07-22T14:10:00+00:00,SHORT,SUPERIOR,0.0,10.0,9.0,39.0,1.0,7.0,7.5356,1.8792,5.600000000000364,23.839285714285715,4.257015306122173,0.39285714285724727,1.5178571428570442,-0.8571428571426716,-0.6292134831460674,-1.048689138576779,-1.8352059925093631,1.0220706260033148,2.566546281433823,0.9780631353666915,2.0,4.0,-1.0193439675620164,0.48214285714295574,0.8913857677902621,0.37500000000036543,-0.6292134831460674,0.2105263157894485,0.8974358974358975,2.83928571428579,2.097378277153558,0.3356543959586485,0.14877623122898334,1.4599627560523154,0.9744525547445255,8.392857142856597,10.119850187265918
CFD_ATAS_0443_20250722_1059,atas-mt5-lead-lab-causal-v1,2025-07-22,2025-07-22T10:59:00-04:00,2025-07-22T11:00:00-04:00,2025-07-22T11:00:00-04:00,2025-07-22T15:00:00+00:00,2025-07-22T15:00:00+00:00,SHORT,SUPERIOR,0.0,10.0,59.0,89.0,1.0,7.0,6.7308,1.7724,3.7714285714285194,11.875,3.1486742424242857,-0.5303030303030376,-1.1931818181818346,-1.8825757575753976,-0.3157894736842105,-0.5263157894736842,-1.894736842105263,-0.2145135566188271,-0.6668660287081504,0.012161084529865418,2.0,3.0,-0.20563558489451872,0.9280303030303159,0.7368421052631579,-0.4507575757577749,-0.3157894736842105,0.876543209876521,0.6428571428571429,2.6515151515151882,2.6315789473684212,0.025933275083351432,0.058492469781604446,0.8475120385232727,0.9140893470790378,14.450757575757775,20.31578947368421
CFD_ATAS_0444_20250722_1209,atas-mt5-lead-lab-causal-v1,2025-07-22,2025-07-22T12:09:00-04:00,2025-07-22T12:10:00-04:00,2025-07-22T12:10:00-04:00,2025-07-22T16:10:00+00:00,2025-07-22T16:10:00+00:00,SHORT,SUPERIOR,0.0,12.0,9.0,159.0,1.0,7.0,5.5032,2.54,3.721428571428987,9.285714285714286,2.4952015355083588,0.5911708253360219,2.2034548944337304,0.13435700575814238,0.4038461538461538,-0.1346153846153846,-0.0,0.18732467148986814,2.338070279049115,0.13435700575814238,2.0,2.0,0.08100378875835583,1.4510556621873512,0.673076923076923,0.6717850287907119,0.4038461538461538,0.031446540880500265,0.0,3.5201535508629394,1.6153846153846152,0.1535536263098224,-0.2635415406261575,1.0195694716243728,1.0048309178743962,18.13819577734922,25.98076923076923
CFD_ATAS_0445_20250722_1319,atas-mt5-lead-lab-causal-v1,2025-07-22,2025-07-22T13:19:00-04:00,2025-07-22T13:20:00-04:00,2025-07-22T13:22:00-04:00,2025-07-22T17:20:00+00:00,2025-07-22T17:22:00+00:00,SHORT,SUPERIOR,0.0,13.0,19.0,229.0,1.0,7.0,5.4006,1.7003,13.807142857142805,6.25,0.45266425245732195,-0.08691153647185851,0.9053285049146439,0.6518365235385436,-0.2,-1.0,-2.0,0.1130884635281415,1.9053285049146438,2.6518365235385435,2.0,3.0,1.2253019111265895,0.5431971029487863,0.6,-0.10863942058975726,-0.4,0.23076923076923078,0.5555555555555556,2.1365752715985593,2.0,-0.03343649792866076,-0.0926094299393502,0.8108221476510111,0.7777777777777777,17.165028453181648,38.6
CFD_ATAS_0446_20250722_1326,atas-mt5-lead-lab-causal-v1,2025-07-22,2025-07-22T13:26:00-04:00,2025-07-22T13:27:00-04:00,2025-07-22T13:27:00-04:00,2025-07-22T17:27:00+00:00,2025-07-22T17:27:00+00:00,SHORT,SUPERIOR,0.0,13.0,26.0,236.0,1.0,7.0,6.1167,1.7833,11.650000000000157,5.982142857142857,0.5134886572654743,0.18025751072979868,1.1158798283261653,1.012875536480923,-0.0,-1.6716417910447763,-2.298507462686567,0.18025751072979868,2.7875216193709416,3.31138299916749,1.0,2.0,-0.6430748118998122,1.0729613733905434,0.20895522388059704,0.17167381974248697,-0.0,0.5000000000001541,0.7333333333333333,2.094420600858466,2.925373134328358,2.2850615440212425,0.13929835459485135,0.6841442953020289,0.7486033519553071,20.343347639484705,40.32835820895523
CFD_ATAS_0447_20250722_1437,atas-mt5-lead-lab-causal-v1,2025-07-22,2025-07-22T14:37:00-04:00,2025-07-22T14:38:00-04:00,2025-07-22T14:38:00-04:00,2025-07-22T18:38:00+00:00,2025-07-22T18:38:00+00:00,SHORT,SUPERIOR,0.0,14.0,37.0,307.0,1.0,7.0,5.1128,2.6099,8.414285714285922,6.696428571428571,0.795840407470269,-1.2954159592526797,0.13073005093404225,-2.1154499151102177,0.37333333333333335,-0.9333333333333333,-2.24,-1.668749292586013,1.0640633842673757,0.12455008488978248,2.0,4.0,-0.8431244989320791,1.4855687606111687,0.9333333333333333,-1.3073005093378285,0.56,0.4258373205741527,0.75,2.37691001697787,3.7333333333333334,0.1334665498884332,-0.019165028817613883,0.8146611341631962,1.0344827586206895,28.16638370118776,36.02666666666667
CFD_ATAS_0448_20250722_1521,atas-mt5-lead-lab-causal-v1,2025-07-22,2025-07-22T15:21:00-04:00,2025-07-22T15:22:00-04:00,2025-07-22T15:22:00-04:00,2025-07-22T19:22:00+00:00,2025-07-22T19:22:00+00:00,SHORT,SUPERIOR,0.0,15.0,21.0,351.0,1.0,7.0,5.3614,2.0992,6.664285714285922,5.267857142857143,0.7904608788852916,-0.12004287245433509,1.1404072883170022,0.3301178992498309,-0.9491525423728813,-0.711864406779661,-0.711864406779661,0.8291096699185462,1.8522716950966633,1.041982306029492,2.0,3.0,-0.13812865648375255,0.9603429796357725,1.423728813559322,-0.21007502679549583,-0.9491525423728813,0.12500000000007752,0.2727272727272727,2.1757770632368025,1.423728813559322,-0.41366011116124024,0.2190571244193156,0.7900084674005424,0.8805970149253732,35.562700964629116,45.79661016949152
CFD_ATAS_0449_20250722_1531,atas-mt5-lead-lab-causal-v1,2025-07-22,2025-07-22T15:31:00-04:00,2025-07-22T15:32:00-04:00,2025-07-22T15:32:00-04:00,2025-07-22T19:32:00+00:00,2025-07-22T19:32:00+00:00,LONG,INFERIOR,1.0,15.0,31.0,361.0,1.0,7.0,6.8515,2.3409,9.714285714285454,4.821428571428571,0.496323529411778,0.46323529411765946,2.079411764706013,0.041176470588386194,0.7777777777777778,-0.2592592592592593,-0.7777777777777778,-0.31454248366011833,2.338671023965272,0.818954248366164,2.0,4.0,0.18066023713035975,0.9985294117648075,1.0370370370370372,0.514705882352955,0.7777777777777778,0.010000000000036379,0.3333333333333333,2.4808823529414674,2.5925925925925926,0.8275485989307569,0.16529927992688895,1.1609048228766625,0.8437499999999999,24.397058823530067,50.03703703703704
CFD_ATAS_0450_20250722_1544,atas-mt5-lead-lab-causal-v1,2025-07-22,2025-07-22T15:44:00-04:00,2025-07-22T15:45:00-04:00,2025-07-22T15:46:00-04:00,2025-07-22T19:45:00+00:00,2025-07-22T19:46:00+00:00,LONG,INFERIOR,1.0,15.0,44.0,374.0,1.0,7.0,6.591,1.8698,7.350000000000624,5.357142857142857,0.7288629737608711,0.6258503401362983,1.442176870748474,-0.5714285714286219,0.0,-0.4666666666666667,-1.8666666666666667,0.6258503401362983,1.9088435374151405,1.295238095238045,1.0,3.0,0.5703917785039327,0.9659863945575431,0.23333333333333334,0.6530612244896414,0.0,0.1653543307086569,0.6666666666666666,3.306122448979707,2.3333333333333335,0.016468684552532326,0.10333109906810704,0.8724035608309426,0.9836065573770492,32.24489795918094,45.03333333333334
CFD_ATAS_0451_20250723_1012,atas-mt5-lead-lab-causal-v1,2025-07-23,2025-07-23T10:12:00-04:00,2025-07-23T10:13:00-04:00,2025-07-23T10:13:00-04:00,2025-07-23T14:13:00+00:00,2025-07-23T14:13:00+00:00,LONG,INFERIOR,1.0,10.0,12.0,42.0,2.0,7.0,8.721,3.991,6.050000000000052,14.642857142857142,2.4203069657614904,1.1570247933884197,3.305785123966914,-0.4132231404958642,-1.1951219512195121,-1.1951219512195121,-0.6829268292682927,2.352146744607932,4.500907075186426,0.2697036887724285,2.0,3.0,-0.7907648737723698,1.272727272727382,1.451219512195122,1.1735537190080139,-1.1097560975609757,0.058823529411764705,0.26666666666666666,4.710743801652852,2.5609756097560976,-1.9166433480342184,-0.2811661908212727,2.019070321811663,0.863157894736842,7.933884297520593,7.939024390243903
CFD_ATAS_0452_20250723_1045,atas-mt5-lead-lab-causal-v1,2025-07-23,2025-07-23T10:45:00-04:00,2025-07-23T10:46:00-04:00,2025-07-23T10:46:00-04:00,2025-07-23T14:46:00+00:00,2025-07-23T14:46:00+00:00,SHORT,SUPERIOR,0.0,10.0,45.0,75.0,2.0,7.0,5.3267,3.5976,3.86428571428587,10.892857142857142,2.8188539741218825,0.28465804066598777,2.3031423290206163,1.2680221811463512,-0.0,0.6885245901639344,-0.9180327868852459,0.28465804066598777,1.614617738856682,2.186054968031597,0.0,2.0,0.7529858478986216,0.905730129389982,0.6885245901639344,0.43992606284675095,-0.0,0.37984496124038003,0.4,3.3382624768948816,2.0655737704918034,0.16042167537938715,-0.10092442250276086,1.0150093808631981,0.7973856209150326,12.42144177449118,10.672131147540984
CFD_ATAS_0453_20250723_1109,atas-mt5-lead-lab-causal-v1,2025-07-23,2025-07-23T11:09:00-04:00,2025-07-23T11:10:00-04:00,2025-07-23T11:10:00-04:00,2025-07-23T15:10:00+00:00,2025-07-23T15:10:00+00:00,SHORT,SUPERIOR,0.0,11.0,9.0,99.0,2.0,7.0,5.7512,2.4977,3.49999999999974,9.196428571428571,2.627551020408358,1.571428571428688,3.2000000000004456,3.171428571428391,0.5436893203883495,-0.5436893203883495,-0.5436893203883495,1.0277392510403385,3.7436893203887953,3.7151178918167407,2.0,3.0,-0.3800349516073554,1.8285714285709407,0.8155339805825242,1.599999999999703,0.5436893203883495,0.9024390243899121,0.18181818181818182,3.8571428571431436,2.5825242718446604,0.6451172607396006,-0.023204966963333247,0.9124767225325393,0.876595744680851,13.714285714286731,12.640776699029127
CFD_ATAS_0454_20250723_1226,atas-mt5-lead-lab-causal-v1,2025-07-23,2025-07-23T12:26:00-04:00,2025-07-23T12:27:00-04:00,2025-07-23T12:27:00-04:00,2025-07-23T16:27:00+00:00,2025-07-23T16:27:00+00:00,SHORT,SUPERIOR,0.0,12.0,26.0,176.0,2.0,7.0,7.0176,2.7789,6.328571428571585,12.857142857142858,2.0316027088035615,0.20541760722335625,0.7426636568849725,-0.9164785553046029,-0.9722222222222222,-0.875,-0.3888888888888889,1.1776398294455785,1.6176636568849725,-0.527589666415714,2.0,3.0,-0.1018398928668628,0.9322799097067532,1.3611111111111112,0.2528216704286577,-0.9722222222222222,0.29896907216494456,0.125,3.2076749435663974,2.236111111111111,-1.0203602241303351,0.1148488450271561,1.2953216374268706,1.0746268656716418,7.963882618510191,11.375
CFD_ATAS_0455_20250723_1333,atas-mt5-lead-lab-causal-v1,2025-07-23,2025-07-23T13:33:00-04:00,2025-07-23T13:34:00-04:00,2025-07-23T13:35:00-04:00,2025-07-23T17:34:00+00:00,2025-07-23T17:35:00+00:00,SHORT,SUPERIOR,0.0,13.0,33.0,243.0,2.0,7.0,5.2321,3.0291,9.314285714286077,6.071428571428571,0.6518404907975206,0.8588957055214389,1.7714723926379679,1.8573619631900335,-0.6176470588235294,-0.411764705882353,-0.411764705882353,1.4765427643449685,2.183237098520321,2.2691266690723864,1.0,2.0,1.3829535200714258,1.1809815950919784,1.0294117647058825,0.8374233128833248,-0.823529411764706,0.5133531157269703,0.2,3.006134969325036,1.4411764705882353,2.218027722520384,-0.2333677106943271,0.6579212916246387,0.9315068493150684,14.37576687116524,24.08823529411765
CFD_ATAS_0456_20250724_1018,atas-mt5-lead-lab-causal-v1,2025-07-24,2025-07-24T10:18:00-04:00,2025-07-24T10:19:00-04:00,2025-07-24T10:19:00-04:00,2025-07-24T14:19:00+00:00,2025-07-24T14:19:00+00:00,SHORT,SUPERIOR,0.0,10.0,18.0,48.0,3.0,7.0,6.2691,1.7541,2.807142857142545,16.517857142857142,5.884223918575717,-0.42748091603084104,0.5343511450382273,-0.8193384223916894,-1.8162162162162163,-0.6810810810810811,-1.8162162162162163,1.3887353001853753,1.2154322261193085,0.9968777938245269,1.0,3.0,-0.5838535279486127,0.7124681933843031,1.8918918918918919,-0.5343511450382273,-1.8918918918918919,0.2839506172837843,0.4444444444444444,2.6717557251911366,2.0432432432432432,-0.4231031609122816,0.34189231495204453,0.8752783964365418,1.1708860759493671,8.335877862595568,6.205405405405406
CFD_ATAS_0457_20250724_1031,atas-mt5-lead-lab-causal-v1,2025-07-24,2025-07-24T10:31:00-04:00,2025-07-24T10:32:00-04:00,2025-07-24T10:32:00-04:00,2025-07-24T14:32:00+00:00,2025-07-24T14:32:00+00:00,SHORT,SUPERIOR,0.0,10.0,31.0,61.0,3.0,7.0,6.1206,3.2714,2.8214285714280516,10.714285714285714,3.797468354431079,-0.9924050632910643,-0.5316455696203511,-0.6379746835441634,-0.35000000000000003,-0.8166666666666668,-0.9333333333333333,-0.6424050632910643,0.2850210970463156,0.2953586497891699,2.0,3.0,-0.34813450604424967,1.2050632911399783,0.5833333333333334,-1.0632911392407023,-0.23333333333333334,0.13636363636357374,0.6666666666666666,3.296202531645919,1.2833333333333334,0.9548424536667399,0.28258435289931044,0.9164733178653688,0.7594936708860759,10.95189873417846,9.566666666666668
CFD_ATAS_0458_20250724_1045,atas-mt5-lead-lab-causal-v1,2025-07-24,2025-07-24T10:45:00-04:00,2025-07-24T10:46:00-04:00,2025-07-24T10:46:00-04:00,2025-07-24T14:46:00+00:00,2025-07-24T14:46:00+00:00,SHORT,SUPERIOR,0.0,10.0,45.0,75.0,3.0,7.0,6.4589,3.4913,2.921428571428675,7.946428571428571,2.7200488997554046,0.20537897310587436,2.56723716381409,-0.44498777506085985,-0.6292134831460674,-0.6292134831460674,-0.3146067415730337,0.8345924562519418,3.196450646960157,-0.13038103348782615,2.0,3.0,-0.4269870716276621,0.5476772616131744,0.9438202247191012,0.3422982885085453,-0.6292134831460674,0.07182320441984064,0.14285714285714285,3.491442542787411,1.4157303370786518,1.41048232699441,-0.16788419904491114,1.0049140049140675,0.5855263157894737,13.349633251833266,12.898876404494382
CFD_ATAS_0459_20250724_1105,atas-mt5-lead-lab-causal-v1,2025-07-24,2025-07-24T11:05:00-04:00,2025-07-24T11:06:00-04:00,2025-07-24T11:06:00-04:00,2025-07-24T15:06:00+00:00,2025-07-24T15:06:00+00:00,LONG,INFERIOR,1.0,11.0,5.0,95.0,3.0,7.0,6.9685,1.545,3.150000000000156,6.964285714285714,2.2108843537413874,0.5714285714283122,1.9682539682541018,1.1428571428566243,-0.1794871794871795,0.0,0.0,0.7509157509154917,1.9682539682541018,1.1428571428566243,2.0,2.0,0.0,0.9523809523809053,0.717948717948718,0.7301587301584631,-0.1794871794871795,0.4090909090906084,0.0,2.0634920634919616,1.6153846153846154,1.0661026965952582,0.0031666821334592143,1.078239608801971,0.75,12.380952380951769,14.717948717948717
CFD_ATAS_0460_20250724_1128,atas-mt5-lead-lab-causal-v1,2025-07-24,2025-07-24T11:28:00-04:00,2025-07-24T11:29:00-04:00,2025-07-24T11:29:00-04:00,2025-07-24T15:29:00+00:00,2025-07-24T15:29:00+00:00,LONG,INFERIOR,1.0,11.0,28.0,118.0,3.0,7.0,7.05,2.25,4.192857142857455,6.517857142857143,1.554514480408743,0.21465076661021185,1.6218057921632492,1.4071550255539051,-0.5753424657534246,-1.5342465753424657,-1.5342465753424657,0.7899932323636365,3.1560523675057146,2.941401600896371,3.0,3.0,-1.24055746147004,0.4054514480410292,0.7671232876712328,0.11925042589436932,-0.5753424657534246,0.7468354430380213,1.0,2.146507666098648,2.8767123287671232,0.35442706093904464,-0.09063474404597119,1.3265536723163738,0.9182389937106917,9.301533219760808,15.726027397260273
CFD_ATAS_0461_20250724_1316,atas-mt5-lead-lab-causal-v1,2025-07-24,2025-07-24T13:16:00-04:00,2025-07-24T13:17:00-04:00,2025-07-24T13:17:00-04:00,2025-07-24T17:17:00+00:00,2025-07-24T17:17:00+00:00,LONG,INFERIOR,1.0,13.0,16.0,226.0,3.0,7.0,5.7299,1.8267,13.621428571428103,6.696428571428571,0.49160985841637767,-0.5652857891974985,0.7928683796541476,-1.4022024121656467,-1.8666666666666667,-0.37333333333333335,0.9333333333333333,1.3013808774691682,1.1662017129874809,-2.33553574549898,1.0,1.0,0.35136571994548044,0.8662821185107262,2.0533333333333332,-0.5579444153119207,-1.8666666666666667,0.34046345811049983,0.2,2.6135291033038683,3.7333333333333334,1.4727157123759935,0.09428884636586563,1.057975034674038,0.9933774834437086,7.627687467226378,18.666666666666668
CFD_ATAS_0462_20250724_1406,atas-mt5-lead-lab-causal-v1,2025-07-24,2025-07-24T14:06:00-04:00,2025-07-24T14:07:00-04:00,2025-07-24T14:07:00-04:00,2025-07-24T18:07:00+00:00,2025-07-24T18:07:00+00:00,SHORT,SUPERIOR,0.0,14.0,6.0,276.0,3.0,7.0,5.6366,1.5234,6.371428571428623,4.464285714285714,0.7006726457399046,-0.3766816143500011,0.10986547085156026,-0.28251121076278635,-0.0,-0.27999999999999997,-1.1199999999999999,-0.3766816143500011,0.3898654708515602,0.8374887892372136,1.0,3.0,0.013207035604049452,0.7533632287000022,0.5599999999999999,-0.36098654708565564,0.27999999999999997,0.19148936170255584,0.6666666666666666,1.6479820627802557,1.96,-0.8295451270742821,-0.06711073186731983,0.7249085737505182,0.8333333333333334,16.307174887892472,28.0
CFD_ATAS_0463_20250724_1508,atas-mt5-lead-lab-causal-v1,2025-07-24,2025-07-24T15:08:00-04:00,2025-07-24T15:09:00-04:00,2025-07-24T15:09:00-04:00,2025-07-24T19:09:00+00:00,2025-07-24T19:09:00+00:00,LONG,INFERIOR,1.0,15.0,8.0,338.0,3.0,7.0,6.7506,2.2762,7.592857142856831,5.178571428571429,0.6820319849482878,0.5926622765757534,0.5926622765757534,-1.0009407337721918,-0.48275862068965514,-0.9655172413793103,-1.206896551724138,1.0754208972654085,1.5581795179550637,0.20595581795194606,2.0,3.0,-0.8486774197426336,0.9614299153343833,1.206896551724138,0.6058325493888355,-0.48275862068965514,0.20540540540540647,0.5555555555555556,2.14675446848589,2.172413793103448,1.0933167706576734,0.0463773399775935,1.2877044215626479,0.9206349206349207,13.683913452493698,24.137931034482758
CFD_ATAS_0464_20250725_1009,atas-mt5-lead-lab-causal-v1,2025-07-25,2025-07-25T10:09:00-04:00,2025-07-25T10:10:00-04:00,2025-07-25T10:10:00-04:00,2025-07-25T14:10:00+00:00,2025-07-25T14:10:00+00:00,LONG,INFERIOR,1.0,10.0,9.0,39.0,4.0,7.0,5.4483,1.8276,3.0785714285710646,11.964285714285714,3.886310904872849,0.779582366589892,1.1368909512762364,0.12993039443204257,0.31343283582089554,-0.10447761194029852,1.1492537313432836,0.46614953076899646,1.241368563216535,-1.019323336911241,1.0,1.0,0.10602781695770726,1.1368909512762364,0.5223880597014926,0.7146171693738708,0.31343283582089554,0.038461538461673,0.5789473684210527,2.371229698375914,1.5671641791044777,1.1231598038836765,-0.05776664057498525,1.403908794788241,1.007518796992481,5.781902552204624,6.686567164179105
CFD_ATAS_0465_20250725_1055,atas-mt5-lead-lab-causal-v1,2025-07-25,2025-07-25T10:55:00-04:00,2025-07-25T10:56:00-04:00,2025-07-25T10:56:00-04:00,2025-07-25T14:56:00+00:00,2025-07-25T14:56:00+00:00,LONG,INFERIOR,1.0,10.0,55.0,85.0,4.0,7.0,6.9814,1.7082,3.085714285714078,6.160714285714286,1.996527777777912,0.9074074074072327,1.7824074074075273,-0.38888888888915085,0.0,-1.2173913043478262,-1.0144927536231885,0.9074074074072327,2.9997987117553535,0.6256038647340376,2.0,3.0,-0.9227941658427986,1.6527777777785964,1.0144927536231885,0.8750000000002947,0.0,0.09836065573775869,0.45454545454545453,3.078703703703911,2.63768115942029,-0.5777046133563112,0.0030998105362325286,1.0653514180024135,0.6666666666666666,9.81944444444487,15.01449275362319
CFD_ATAS_0466_20250725_1156,atas-mt5-lead-lab-causal-v1,2025-07-25,2025-07-25T11:56:00-04:00,2025-07-25T11:57:00-04:00,2025-07-25T12:01:00-04:00,2025-07-25T15:57:00+00:00,2025-07-25T16:01:00+00:00,LONG,INFERIOR,1.0,11.0,56.0,146.0,4.0,7.0,5.4896,1.5394,3.007142857142753,4.821428571428571,1.603325415677015,-0.39904988123541013,-0.06650831353943665,0.5985748218525103,0.7777777777777778,0.5185185185185186,1.0370370370370372,-1.1768276590131879,-0.5850268320579552,-0.4384622151845269,1.0,2.0,1.250633311086481,1.2636579572444573,0.7777777777777778,-0.3657957244662967,0.7777777777777778,0.22499999999980674,0.5,2.0285035629449544,1.8148148148148149,1.5910971448763722,0.29671132144390905,0.8689370485035363,0.7659574468085105,10.475059382423165,20.48148148148148
CFD_ATAS_0467_20250725_1233,atas-mt5-lead-lab-causal-v1,2025-07-25,2025-07-25T12:33:00-04:00,2025-07-25T12:34:00-04:00,2025-07-25T12:35:00-04:00,2025-07-25T16:34:00+00:00,2025-07-25T16:35:00+00:00,LONG,INFERIOR,1.0,12.0,33.0,183.0,4.0,7.0,5.0537,4.1829,8.300000000000832,6.875,0.8283132530119651,1.397590361445906,1.5903614457830608,0.4939759036146713,-0.36363636363636365,-0.9090909090909091,0.0,1.7612267250822695,2.49945235487397,0.4939759036146713,2.0,2.0,0.6206347639571917,1.8072289156624695,0.7272727272727273,1.3012048192773287,-0.36363636363636365,0.17903930131015605,0.0,2.9518072289153667,2.1818181818181817,0.39978744841206326,-0.2694571838622095,2.010380622837471,1.1666666666666665,5.530120481927332,21.09090909090909
CFD_ATAS_0468_20250725_1305,atas-mt5-lead-lab-causal-v1,2025-07-25,2025-07-25T13:05:00-04:00,2025-07-25T13:06:00-04:00,2025-07-25T13:07:00-04:00,2025-07-25T17:06:00+00:00,2025-07-25T17:07:00+00:00,SHORT,SUPERIOR,0.0,13.0,5.0,215.0,4.0,7.0,5.5856,1.982,11.285714285714286,4.285714285714286,0.37974683544303794,-0.35443037974683544,1.0455696202531,0.9126582278480367,-0.0,-0.2916666666666667,1.1666666666666667,-0.35443037974683544,1.3372362869197667,-0.25400843881863,1.0,1.0,1.1666252832350439,0.8772151898735466,1.1666666666666667,-0.32784810126588726,-0.0,0.4835680751173532,0.5,2.170886075949367,2.0416666666666665,-0.6975917405479235,-0.18178327968969346,1.2238574748256958,0.8067226890756303,6.973417721519051,33.833333333333336
CFD_ATAS_0469_20250725_1422,atas-mt5-lead-lab-causal-v1,2025-07-25,2025-07-25T14:22:00-04:00,2025-07-25T14:23:00-04:00,2025-07-25T14:23:00-04:00,2025-07-25T18:23:00+00:00,2025-07-25T18:23:00+00:00,SHORT,SUPERIOR,0.0,14.0,22.0,292.0,4.0,7.0,5.0531,2.7344,4.628571428571637,4.553571428571429,0.9837962962962521,-0.3024691358027699,0.799382716049504,-0.3888888888887142,-0.5490196078431372,-1.3725490196078431,-1.9215686274509802,0.24655047204036729,2.1719317356573473,1.532679738562266,3.0,4.0,-0.9519982115164691,1.1666666666661425,1.0980392156862744,-0.41049382716078975,-0.5490196078431372,0.14999999999989388,0.6363636363636364,2.700617283950496,3.2941176470588234,2.780875266159766,0.171514459936689,0.6708074534162273,0.9189189189189191,18.666666666666142,31.843137254901958
CFD_ATAS_0470_20250725_1519,atas-mt5-lead-lab-causal-v1,2025-07-25,2025-07-25T15:19:00-04:00,2025-07-25T15:20:00-04:00,2025-07-25T15:20:00-04:00,2025-07-25T19:20:00+00:00,2025-07-25T19:20:00+00:00,SHORT,SUPERIOR,0.0,15.0,19.0,349.0,4.0,7.0,6.2244,1.6662,5.185714285714441,3.5714285714285716,0.6887052341597589,-0.038567493113086805,0.4820936639118313,0.1928374655647325,-1.05,-1.05,-2.1,1.0114325068869132,1.5320936639118314,2.2928374655647326,2.0,3.0,0.2745995536292321,0.5785123966941975,1.05,-0.05785123966927944,-1.05,0.09433962264152239,0.75,1.7548209366394867,2.1,-0.2630807631832928,0.24556313174942326,1.0104384133611943,0.8421052631578947,22.77410468319533,40.599999999999994
CFD_ATAS_0471_20250725_1534,atas-mt5-lead-lab-causal-v1,2025-07-25,2025-07-25T15:34:00-04:00,2025-07-25T15:35:00-04:00,2025-07-25T15:35:00-04:00,2025-07-25T19:35:00+00:00,2025-07-25T19:35:00+00:00,SHORT,SUPERIOR,0.0,15.0,34.0,364.0,4.0,7.0,7.229,2.4533,6.592857142857091,4.017857142857143,0.6094257854821283,0.4095341278441006,2.0325027085592833,0.48537378114854324,-0.0,-0.31111111111111106,-0.6222222222222221,0.4095341278441006,2.343613819670394,1.1075960033707655,1.0,2.0,0.1890682102111168,0.6218851570962088,0.9333333333333332,0.4247020585047684,-0.0,0.13559322033900134,0.25,2.426868905742164,2.1777777777777776,-0.6650640359173378,-0.07600155466259162,1.2722260509992818,1.022727272727273,22.008667388949583,36.08888888888889
CFD_ATAS_0472_20250725_1553,atas-mt5-lead-lab-causal-v1,2025-07-25,2025-07-25T15:53:00-04:00,2025-07-25T15:54:00-04:00,2025-07-25T15:54:00-04:00,2025-07-25T19:54:00+00:00,2025-07-25T19:54:00+00:00,LONG,INFERIOR,1.0,15.0,53.0,383.0,4.0,7.0,6.3616,1.6128,4.928571428571429,6.160714285714286,1.25,0.7101449275362318,1.785507246376664,0.5478260869566693,0.8115942028985508,-1.2173913043478262,-2.2318840579710146,-0.10144927536231896,3.00289855072449,2.7797101449276838,2.0,4.0,-0.9888523642417462,0.9739130434781131,1.2173913043478262,0.7710144927534756,0.8115942028985508,0.18120805369135054,0.5789473684210527,2.2724637681160895,3.449275362318841,-2.3643699538700647,-0.10113597760674009,0.9650349650349896,1.422680412371134,29.440579710145368,23.536231884057973
CFD_ATAS_0473_20250728_0956,atas-mt5-lead-lab-causal-v1,2025-07-28,2025-07-28T09:56:00-04:00,2025-07-28T09:57:00-04:00,2025-07-28T09:57:00-04:00,2025-07-28T13:57:00+00:00,2025-07-28T13:57:00+00:00,LONG,INFERIOR,1.0,9.0,56.0,26.0,0.0,7.0,7.2128,1.8723,4.849999999999584,12.232142857142858,2.522091310751321,-1.3195876288663926,-0.41237113402065395,-1.4226804123715562,0.40875912408759124,-0.8175182481751825,-0.20437956204379562,-1.7283467529539838,0.40514711415452853,-1.2183008503277606,2.0,2.0,-0.5292609734885585,1.5670103092781849,0.7153284671532847,-1.2989690721649099,0.40875912408759124,0.4394904458598431,0.09090909090909091,1.8762886597944255,1.635036496350365,1.3314206990054078,-0.34082749891006703,1.1737251512532068,0.9133333333333334,7.010309278351117,4.598540145985401
CFD_ATAS_0474_20250728_1132,atas-mt5-lead-lab-causal-v1,2025-07-28,2025-07-28T11:32:00-04:00,2025-07-28T11:33:00-04:00,2025-07-28T11:33:00-04:00,2025-07-28T15:33:00+00:00,2025-07-28T15:33:00+00:00,SHORT,SUPERIOR,0.0,11.0,32.0,122.0,0.0,7.0,6.207,2.1602,4.15714285714265,11.785714285714286,2.8350515463918944,1.5395189003431944,2.5738831615114557,2.1408934707899596,0.5303030303030303,-0.10606060606060605,-0.8484848484848484,1.009215870040164,2.6799437675720617,2.989378319274808,2.0,3.0,0.03889886016245741,1.9003436426112537,0.8484848484848484,1.491408934707278,0.5303030303030303,0.7120000000000326,0.4444444444444444,3.391752577319407,1.6969696969696968,0.5927497855146667,-0.07725872333494602,1.2502685284639745,1.5903614457831328,8.17869415807601,7.848484848484848
CFD_ATAS_0475_20250728_1225,atas-mt5-lead-lab-causal-v1,2025-07-28,2025-07-28T12:25:00-04:00,2025-07-28T12:26:00-04:00,2025-07-28T12:26:00-04:00,2025-07-28T16:26:00+00:00,2025-07-28T16:26:00+00:00,LONG,INFERIOR,1.0,12.0,25.0,175.0,0.0,7.0,6.5521,1.6754,5.778571428571273,6.071428571428571,1.050679851668755,-1.92088998763949,-1.0902348578497296,-1.4709517923362572,0.411764705882353,-0.411764705882353,-0.823529411764706,-2.332654693521843,-0.6784701519673766,-0.6474223805715512,1.0,2.0,0.3015958873650936,2.1977750309025335,1.0294117647058825,-1.9555006180475278,0.411764705882353,0.37444933920697643,0.4,2.2669962917186095,2.8823529411764706,1.6487782311974515,0.025622587122502642,1.3758503401361195,1.0381679389312974,9.085290482076882,15.23529411764706
CFD_ATAS_0476_20250728_1539,atas-mt5-lead-lab-causal-v1,2025-07-28,2025-07-28T15:39:00-04:00,2025-07-28T15:40:00-04:00,2025-07-28T15:40:00-04:00,2025-07-28T19:40:00+00:00,2025-07-28T19:40:00+00:00,LONG,INFERIOR,1.0,15.0,39.0,369.0,0.0,7.0,5.2424,1.6662,4.614285714285351,4.107142857142857,0.8900928792570361,0.26006191950403373,0.17337461300295195,-0.3250773993808306,-1.2173913043478262,-0.30434782608695654,0.30434782608695654,1.4774532238518598,0.4777224390899085,-0.6294252254677871,1.0,1.0,0.5275542218867012,0.780185758513678,1.5217391304347827,0.2817337461298955,-0.9130434782608696,0.25423728813584406,0.1111111111111111,1.7770897832812431,1.8260869565217392,0.8195357241579833,0.3636577836033838,0.8659517426272312,0.8846153846153845,18.551083591333203,22.521739130434785
CFD_ATAS_0477_20250729_1024,atas-mt5-lead-lab-causal-v1,2025-07-29,2025-07-29T10:24:00-04:00,2025-07-29T10:25:00-04:00,2025-07-29T10:25:00-04:00,2025-07-29T14:25:00+00:00,2025-07-29T14:25:00+00:00,LONG,INFERIOR,1.0,10.0,24.0,54.0,1.0,7.0,5.5529,2.3558,2.607142857142857,10.714285714285714,4.10958904109589,0.15342465753480472,0.4219178082186199,0.7287671232882293,0.35000000000000003,0.35000000000000003,-0.35000000000000003,-0.1965753424651953,0.07191780821861987,1.0787671232882294,1.0,2.0,0.7531444784572038,0.6904109589052259,0.9333333333333333,0.11506849315040585,0.23333333333333334,0.17117117117132472,0.2,2.684931506849315,1.7500000000000002,-0.2963964463508199,0.18152279295832338,0.9605263157895197,0.7741935483870968,6.328767123287671,9.333333333333334
CFD_ATAS_0478_20250729_1043,atas-mt5-lead-lab-causal-v1,2025-07-29,2025-07-29T10:43:00-04:00,2025-07-29T10:44:00-04:00,2025-07-29T10:44:00-04:00,2025-07-29T14:44:00+00:00,2025-07-29T14:44:00+00:00,LONG,INFERIOR,1.0,10.0,43.0,73.0,1.0,7.0,6.9819,2.677,3.4785714285717404,9.375,2.6950718685829207,1.7248459958930693,1.7248459958930693,1.379876796715292,-0.6666666666666666,-1.2,0.4,2.391512662559736,2.9248459958930693,0.979876796715292,2.0,2.0,-0.8567687849599558,2.1273100616018703,1.2,1.6960985626286031,-0.6666666666666666,0.3287671232880672,0.14285714285714285,2.7885010266940045,2.1333333333333333,0.31089002584181324,-0.1627599463704574,1.3269754768395927,0.7954545454545454,7.876796714577722,12.133333333333333
CFD_ATAS_0479_20250729_1110,atas-mt5-lead-lab-causal-v1,2025-07-29,2025-07-29T11:10:00-04:00,2025-07-29T11:11:00-04:00,2025-07-29T11:11:00-04:00,2025-07-29T15:11:00+00:00,2025-07-29T15:11:00+00:00,SHORT,SUPERIOR,0.0,11.0,10.0,100.0,1.0,7.0,7.9459,2.5225,3.385714285714909,10.625,3.1381856540078608,0.5907172995779503,1.3291139240503882,0.6793248945155025,-1.0588235294117647,-1.0588235294117647,-1.411764705882353,1.649540828989715,2.387937453462153,2.0910896003978556,1.0,2.0,-0.6816608111973277,0.9746835443044776,1.2941176470588236,0.6202531645574925,-1.0588235294117647,0.17037037037058594,0.6666666666666666,2.6582278481007764,1.6470588235294117,-0.38461240147910486,-0.017395995282500635,1.1850000000004337,0.9834710743801652,10.160337552740101,13.647058823529411
CFD_ATAS_0480_20250729_1200,atas-mt5-lead-lab-causal-v1,2025-07-29,2025-07-29T12:00:00-04:00,2025-07-29T12:01:00-04:00,2025-07-29T12:02:00-04:00,2025-07-29T16:01:00+00:00,2025-07-29T16:02:00+00:00,LONG,INFERIOR,1.0,12.0,0.0,150.0,1.0,7.0,8.125,2.2188,3.328571428571325,11.25,3.379828326180363,-0.36051502145836434,0.8712446351935974,-0.751072961373414,0.6666666666666666,0.3333333333333333,-0.4444444444444444,-1.0271816881250309,0.5379113018602641,-0.30662851692896953,1.0,3.0,0.5473129520192742,1.2918454935631465,0.7777777777777778,-0.48068669527854774,0.6666666666666666,0.23364485981314767,0.25,2.3733905579404255,1.6666666666666667,1.0096056869636958,0.32012983079100676,1.0286975717439137,0.9064748201438848,12.167381974249306,19.0
CFD_ATAS_0481_20250729_1227,atas-mt5-lead-lab-causal-v1,2025-07-29,2025-07-29T12:27:00-04:00,2025-07-29T12:28:00-04:00,2025-07-29T12:28:00-04:00,2025-07-29T16:28:00+00:00,2025-07-29T16:28:00+00:00,SHORT,SUPERIOR,0.0,12.0,27.0,177.0,1.0,7.0,5.135,2.0438,4.035714285714805,9.464285714285714,2.3451327433625297,1.1150442477874671,1.8831858407073616,2.0318584070786634,1.4528301886792454,0.7924528301886793,1.4528301886792454,-0.33778594089177827,1.0907330105186823,0.579028218399418,1.0,1.0,1.0673747584451088,1.511504424778206,1.8490566037735852,1.1646017699106335,1.4528301886792454,0.7592592592587851,0.44,2.651327433627256,1.9811320754716983,-1.8191928401128563,0.17751285338576017,1.1983032873808173,0.8346456692913385,10.035398230087203,22.58490566037736
CFD_ATAS_0482_20250729_1504,atas-mt5-lead-lab-causal-v1,2025-07-29,2025-07-29T15:04:00-04:00,2025-07-29T15:05:00-04:00,2025-07-29T15:05:00-04:00,2025-07-29T19:05:00+00:00,2025-07-29T19:05:00+00:00,SHORT,SUPERIOR,0.0,15.0,4.0,334.0,1.0,7.0,7.8876,1.6158,8.942857142857454,5.446428571428571,0.6090255591054101,-0.41373801916939607,0.6485623003193849,0.08945686900950019,-0.45901639344262296,-0.6885245901639344,-0.22950819672131148,0.045278374273226896,1.3370868904833193,0.3189650657308117,2.0,2.0,-0.006075843741170696,1.162939297124723,0.9180327868852459,-0.44728434504790776,-0.45901639344262296,0.037735849056568155,0.14285714285714285,2.023961661342027,1.6065573770491803,-0.3064900236948616,0.2406051050626669,0.7669218989280341,0.8970588235294118,23.88498402555811,39.24590163934426
CFD_ATAS_0483_20250730_1113,atas-mt5-lead-lab-causal-v1,2025-07-30,2025-07-30T11:13:00-04:00,2025-07-30T11:14:00-04:00,2025-07-30T11:14:00-04:00,2025-07-30T15:14:00+00:00,2025-07-30T15:14:00+00:00,LONG,INFERIOR,1.0,11.0,13.0,103.0,2.0,7.0,8.6818,2.7648,7.492857142856987,9.196428571428571,1.2273593898951638,1.1344137273594135,0.6939942802670325,-1.121067683507835,-0.4077669902912621,-2.0388349514563107,-2.7184466019417477,1.5421807176506757,2.7328292317233434,1.5973789184339127,2.0,4.0,-0.8129088824468516,1.387988560534065,0.8155339805825242,1.2144899904674282,-0.4077669902912621,0.24561403508765026,0.9090909090909091,3.376549094375569,3.533980582524272,-2.7627391582067458,-0.03950142895233681,2.1408163265305675,1.03,6.579599618684502,9.786407766990292
CFD_ATAS_0484_20250730_1208,atas-mt5-lead-lab-causal-v1,2025-07-30,2025-07-30T12:08:00-04:00,2025-07-30T12:09:00-04:00,2025-07-30T12:11:00-04:00,2025-07-30T16:09:00+00:00,2025-07-30T16:11:00+00:00,LONG,INFERIOR,1.0,12.0,8.0,158.0,2.0,7.0,7.7374,2.269,4.928571428571169,5.892857142857143,1.1956521739131065,0.46666666666654366,1.623188405797187,0.7101449275362693,0.2121212121212121,-0.2121212121212121,-0.2121212121212121,0.25454545454533156,1.8353096179183992,0.9222661396574814,1.0,2.0,0.31811410242093685,0.7507246376813467,1.0606060606060606,0.42608695652146633,0.2121212121212121,0.2413793103448276,0.2,2.3333333333334565,1.0606060606060606,0.7761226929994497,0.10284159895250782,0.7187499999999757,0.7586206896551724,10.266666666666913,15.272727272727272
CFD_ATAS_0485_20250730_1306,atas-mt5-lead-lab-causal-v1,2025-07-30,2025-07-30T13:06:00-04:00,2025-07-30T13:07:00-04:00,2025-07-30T13:07:00-04:00,2025-07-30T17:07:00+00:00,2025-07-30T17:07:00+00:00,LONG,INFERIOR,1.0,13.0,6.0,216.0,2.0,7.0,5.0522,1.6522,10.764285714285506,5.0,0.464499004644999,0.3623092236232344,1.6629064366292317,0.9940278699403655,-1.0,-1.25,-0.5,1.3623092236232344,2.912906436629232,1.4940278699403655,2.0,2.0,-0.2815995166223729,0.7153284671533661,1.25,0.3715992037159992,-1.0,0.3232628398791547,0.25,2.3503649635036274,1.5,-0.47330303497658904,-0.18443549901863068,0.9629392971246156,0.9572649572649571,6.967485069674985,19.25
CFD_ATAS_0486_20250730_1418,atas-mt5-lead-lab-causal-v1,2025-07-30,2025-07-30T14:18:00-04:00,2025-07-30T14:19:00-04:00,2025-07-30T14:19:00-04:00,2025-07-30T18:19:00+00:00,2025-07-30T18:19:00+00:00,LONG,INFERIOR,1.0,14.0,18.0,288.0,2.0,7.0,7.1306,2.1446,9.007142857143274,8.839285714285714,0.9813639968278689,-0.3441712926247234,0.432989690721791,0.888183980967445,-0.14141414141414144,-0.8484848484848485,-0.8484848484848485,-0.20275715121058197,1.2814745392066396,1.7366688294522934,3.0,4.0,0.40636292085130327,0.910388580491712,0.5656565656565657,-0.3330689928627919,-0.14141414141414144,0.5633802816902563,0.5,2.1871530531324144,1.5555555555555556,0.5201377264363178,0.16189396125598232,1.051271363068003,1.7999999999999998,10.014274385408024,12.303030303030305
CFD_ATAS_0487_20250730_1503,atas-mt5-lead-lab-causal-v1,2025-07-30,2025-07-30T15:03:00-04:00,2025-07-30T15:04:00-04:00,2025-07-30T15:04:00-04:00,2025-07-30T19:04:00+00:00,2025-07-30T19:04:00+00:00,SHORT,SUPERIOR,0.0,15.0,3.0,333.0,2.0,7.0,7.3457,2.1605,6.142857142857143,32.589285714285715,5.305232558139535,-0.6023255813954672,0.2441860465116279,1.1883720930231374,0.7671232876712328,-0.23013698630136986,1.380821917808219,-1.3694488690667002,0.47432303281299776,-0.19244982478508166,2.0,2.0,-0.006101546749083504,0.797674418604888,0.8821917808219177,-0.5697674418604651,0.7671232876712328,0.3492822966505978,0.4090909090909091,2.197674418604651,2.7232876712328764,-1.567166981681672,-0.18002739431485795,0.8155523944997713,2.5347222222222223,14.683720930232676,7.134246575342465
CFD_ATAS_0488_20250730_1544,atas-mt5-lead-lab-causal-v1,2025-07-30,2025-07-30T15:44:00-04:00,2025-07-30T15:45:00-04:00,2025-07-30T15:45:00-04:00,2025-07-30T19:45:00+00:00,2025-07-30T19:45:00+00:00,LONG,INFERIOR,1.0,15.0,44.0,374.0,2.0,7.0,5.7647,2.5551,4.707142857142961,16.607142857142858,3.528072837632699,-0.7223065250382295,0.5948406676781327,-0.3611532625191147,-0.22580645161290322,-1.2795698924731183,0.07526881720430108,-0.4965000734253262,1.8744105601512508,-0.4364220797234158,2.0,2.0,-1.080612101986058,1.2959028831559596,0.5268817204301075,-0.7435508345978591,-0.22580645161290322,0.12056737588655776,0.02857142857142857,2.5705614567522894,2.3333333333333335,-0.17102091713359616,-0.13021940493095407,0.8166047087981015,0.7058823529411765,20.37329286798165,14.0
CFD_ATAS_0489_20250731_1001,atas-mt5-lead-lab-causal-v1,2025-07-31,2025-07-31T10:01:00-04:00,2025-07-31T10:02:00-04:00,2025-07-31T10:02:00-04:00,2025-07-31T14:02:00+00:00,2025-07-31T14:02:00+00:00,LONG,INFERIOR,1.0,10.0,1.0,31.0,3.0,7.0,6.8511,3.1849,5.371428571429403,17.053571428571427,3.174867021276104,-0.14893617021260744,1.8989361702126073,1.3031914893615004,0.3664921465968587,-0.5130890052356022,-0.7329842931937174,-0.5154283168094661,2.4120251754482096,2.036175782555218,1.0,2.0,-0.3485661126150572,1.3776595744681426,0.6596858638743456,-0.09308510638296431,0.3664921465968587,0.4666666666666667,0.29411764705882354,3.4255319148933574,2.198952879581152,0.7789995762135493,-0.20055700224821293,1.4269449715373017,0.8197424892703863,5.566489361701537,8.356020942408378
CFD_ATAS_0490_20250731_1117,atas-mt5-lead-lab-causal-v1,2025-07-31,2025-07-31T11:17:00-04:00,2025-07-31T11:18:00-04:00,2025-07-31T11:18:00-04:00,2025-07-31T15:18:00+00:00,2025-07-31T15:18:00+00:00,SHORT,SUPERIOR,0.0,11.0,17.0,107.0,3.0,7.0,7.1772,1.5063,5.935714285713922,16.428571428571427,2.767749699157811,-0.370637785800386,0.16847172081830156,0.16847172081830156,-0.7608695652173914,0.4565217391304348,1.7500000000000002,0.3902317794170054,-0.2880500183121333,-1.5815282791816987,1.0,1.0,0.7771199613531202,1.2466907340550637,1.065217391304348,-0.4211793020457539,-0.7608695652173914,0.06944444444443743,0.5348837209302325,1.853188929001317,2.815217391304348,-1.5284315726887086,-0.3714552218059137,1.154166666666625,1.0279329608938546,8.507821901324228,16.358695652173914
CFD_ATAS_0491_20250731_1128,atas-mt5-lead-lab-causal-v1,2025-07-31,2025-07-31T11:28:00-04:00,2025-07-31T11:29:00-04:00,2025-07-31T11:29:00-04:00,2025-07-31T15:29:00+00:00,2025-07-31T15:29:00+00:00,SHORT,SUPERIOR,0.0,11.0,28.0,118.0,3.0,7.0,6.6993,1.6874,5.735714285714494,16.517857142857142,2.879825653798152,0.22665006226636555,-0.2963885429640015,0.575342465753277,-0.8324324324324325,-1.8918918918918919,-2.118918918918919,1.059082494698798,1.5955033489278905,2.694261384672196,2.0,3.0,-1.302340782255035,0.540473225404459,0.9081081081081082,0.22665006226636555,-0.8324324324324325,0.1594202898550317,0.875,1.7957658779581012,2.7243243243243245,0.8989633973839805,-0.33057587446229375,1.1152777777778464,1.022099447513812,8.804483188044513,16.27027027027027
CFD_ATAS_0492_20250731_1235,atas-mt5-lead-lab-causal-v1,2025-07-31,2025-07-31T12:35:00-04:00,2025-07-31T12:36:00-04:00,2025-07-31T12:36:00-04:00,2025-07-31T16:36:00+00:00,2025-07-31T16:36:00+00:00,LONG,INFERIOR,1.0,12.0,35.0,185.0,3.0,7.0,10.4186,2.3804,18.29285714285678,7.321428571428571,0.4002342834830224,-1.5197188598203732,-0.6395939086292952,-2.514642717688453,0.17073170731707318,-1.024390243902439,0.0,-1.6904505671374463,0.38479633527314383,-2.514642717688453,2.0,2.0,0.19564473036443816,1.541585318235135,0.8536585365853658,-1.4814525575946396,0.34146341463414637,0.5882352941176142,0.0,2.6294416243654553,2.2195121951219514,2.058796051186027,-0.34226903976872164,3.1617283950614525,0.7488584474885843,8.604451386177525,36.707317073170735
CFD_ATAS_0493_20250731_1330,atas-mt5-lead-lab-causal-v1,2025-07-31,2025-07-31T13:30:00-04:00,2025-07-31T13:31:00-04:00,2025-07-31T13:31:00-04:00,2025-07-31T17:31:00+00:00,2025-07-31T17:31:00+00:00,LONG,INFERIOR,1.0,13.0,30.0,240.0,3.0,7.0,5.3932,2.0749,14.449999999999948,15.982142857142858,1.106030647553143,0.6366782006920941,1.0173010380623377,-0.0692041522491352,-0.9385474860335196,-0.9385474860335196,-2.2681564245810053,1.5752256867256138,1.9558485240958574,2.19895227233187,2.0,4.0,-0.18909943496939133,0.9688581314878928,1.6424581005586592,0.6020761245675266,-0.9385474860335196,0.016611295681063926,0.5471698113207547,2.1107266435986234,3.1284916201117317,-2.6039929211048705,-0.1854191889597179,0.9143502824858574,1.721153846153846,13.716262975778646,19.94413407821229
CFD_ATAS_0494_20250731_1527,atas-mt5-lead-lab-causal-v1,2025-07-31,2025-07-31T15:27:00-04:00,2025-07-31T15:28:00-04:00,2025-07-31T15:28:00-04:00,2025-07-31T19:28:00+00:00,2025-07-31T19:28:00+00:00,SHORT,SUPERIOR,0.0,15.0,27.0,357.0,3.0,7.0,5.0365,1.5474,6.392857142857403,14.732142857142858,2.304469273742923,-0.4692737430167407,-0.4849162011170711,-1.0793296089387312,-0.8484848484848485,-0.08484848484848484,0.08484848484848484,0.3792111054681078,-0.4000677162685863,-1.164178093787216,2.0,3.0,0.10457924451460271,1.0480446927375013,1.1878787878787878,-0.5944134078210911,-0.7636363636363636,0.33658536585361004,0.034482758620689655,1.9709497206706523,1.3575757575757574,-1.1382507910429593,-0.29324717930450644,0.6033029996629823,1.1073825503355705,50.71284916200923,30.29090909090909
CFD_ATAS_0495_20250731_1550,atas-mt5-lead-lab-causal-v1,2025-07-31,2025-07-31T15:50:00-04:00,2025-07-31T15:51:00-04:00,2025-07-31T15:51:00-04:00,2025-07-31T19:51:00+00:00,2025-07-31T19:51:00+00:00,LONG,INFERIOR,1.0,15.0,50.0,380.0,3.0,7.0,6.6399,1.9407,9.014285714286027,16.875,1.872028526148905,-0.820919175911385,0.38827258320125435,-1.8304278922344848,0.2222222222222222,-0.8888888888888888,-1.7777777777777777,-1.0431413981336073,1.2771614720901432,-0.05265011445670709,1.0,2.0,-0.5990854545224769,1.2424722662440948,1.7777777777777777,-0.8320126782884022,0.2222222222222222,0.430809399477774,0.6,3.0839936608560006,2.962962962962963,0.4306401653683144,0.1369883619280384,1.1143487858719856,1.2475247524752475,35.965134706813416,26.444444444444443
CFD_ATAS_0496_20250801_1253,atas-mt5-lead-lab-causal-v1,2025-08-01,2025-08-01T12:53:00-04:00,2025-08-01T12:54:00-04:00,2025-08-01T12:54:00-04:00,2025-08-01T16:54:00+00:00,2025-08-01T16:54:00+00:00,LONG,INFERIOR,1.0,12.0,53.0,203.0,4.0,8.0,8.5717,1.646,26.099999999999845,14.375,0.5507662835249075,0.17624521072805402,-0.28735632183908216,-0.3333333333333632,-1.0434782608695652,-0.9565217391304348,-2.0869565217391304,1.2197234715976193,0.6691654172913526,1.7536231884057671,2.0,4.0,-0.044528916540160855,0.5517241379310935,1.826086956521739,0.19157088122605478,-1.0434782608695652,0.0845481049562711,0.8,1.8773946360153368,2.1739130434782608,0.7111489964607748,-0.35682374163684116,1.5582089552238956,1.0189873417721518,11.754789272030694,20.608695652173914
CFD_ATAS_0497_20250804_1010,atas-mt5-lead-lab-causal-v1,2025-08-04,2025-08-04T10:10:00-04:00,2025-08-04T10:11:00-04:00,2025-08-04T10:11:00-04:00,2025-08-04T14:11:00+00:00,2025-08-04T14:11:00+00:00,LONG,INFERIOR,1.0,10.0,10.0,40.0,0.0,8.0,6.8421,2.807,6.38571428571439,14.107142857142858,2.209172259507794,0.28187919463075395,2.3803131991052204,1.4563758389260368,0.08860759493670886,-1.1518987341772151,-1.5949367088607593,0.1932715996940451,3.5322119332824355,3.051312547786796,2.0,3.0,-1.094374048539704,0.6733780760625149,1.240506329113924,0.23489932885905657,0.08860759493670886,0.40969162995590197,0.9,2.8187919463086786,2.8354430379746836,0.004861544097764062,-0.29815031704852607,1.1739986868024446,0.9693251533742332,7.046979865771697,12.493670886075948
CFD_ATAS_0498_20250804_1125,atas-mt5-lead-lab-causal-v1,2025-08-04,2025-08-04T11:25:00-04:00,2025-08-04T11:26:00-04:00,2025-08-04T11:26:00-04:00,2025-08-04T15:26:00+00:00,2025-08-04T15:26:00+00:00,SHORT,SUPERIOR,0.0,11.0,25.0,115.0,0.0,8.0,5.6179,1.5077,5.728571428570961,9.464285714285714,1.6521197007482644,-0.22693266832906858,-0.48877805486275583,-0.7157107231918244,-0.39622641509433965,-1.7169811320754718,-1.3207547169811322,0.16929374676527106,1.228203077212716,0.6050439937893078,3.0,4.0,-1.3858871640729222,0.5411471321693663,0.7924528301886793,-0.279301745635679,-0.39622641509433965,0.3037037037035959,0.5,1.5536159600994965,2.6415094339622645,-0.6168069198081674,0.12478077707601258,0.9870769230768424,0.8379446640316205,7.977556109726464,18.622641509433965
CFD_ATAS_0499_20250804_1134,atas-mt5-lead-lab-causal-v1,2025-08-04,2025-08-04T11:34:00-04:00,2025-08-04T11:35:00-04:00,2025-08-04T11:35:00-04:00,2025-08-04T15:35:00+00:00,2025-08-04T15:35:00+00:00,SHORT,SUPERIOR,0.0,11.0,34.0,124.0,0.0,8.0,7.7322,1.523,4.88571428571439,8.839285714285714,1.8092105263157507,-0.16374269005832712,0.9824561403507073,-0.5730994152045172,-0.0,-1.1313131313131315,-0.8484848484848485,-0.16374269005832712,2.1137692716638385,0.27538543328033127,1.0,2.0,-0.9026370094486423,0.7777777777776123,1.1313131313131315,-0.20467836257309505,-0.0,0.2,0.5,2.190058479532266,2.545454545454546,0.027541030352812343,-0.26932123536655433,0.8691232528589886,0.7983870967741935,10.131578947368205,19.93939393939394
CFD_ATAS_0500_20250805_1049,atas-mt5-lead-lab-causal-v1,2025-08-05,2025-08-05T10:49:00-04:00,2025-08-05T10:50:00-04:00,2025-08-05T10:53:00-04:00,2025-08-05T14:50:00+00:00,2025-08-05T14:53:00+00:00,SHORT,SUPERIOR,0.0,10.0,49.0,79.0,1.0,8.0,6.4366,2.4256,5.221428571428468,17.946428571428573,3.4370725034200413,-0.13406292749672205,1.1491108071135658,-0.4213406292751135,0.13930348258706465,1.6019900497512436,2.646766169154229,-0.2733664100837867,-0.45287924263767776,-3.0681067984293424,1.0,1.0,1.846031332491788,0.9384404924763575,0.6965174129353233,-0.05745554035553895,0.208955223880597,0.14102564102566795,0.7307692307692307,2.9685362517100455,2.716417910447761,-2.0066711119205065,-0.08986958364508406,1.1696000000000106,1.1355932203389834,6.454172366621335,14.34825870646766
CFD_ATAS_0501_20250805_1122,atas-mt5-lead-lab-causal-v1,2025-08-05,2025-08-05T11:22:00-04:00,2025-08-05T11:23:00-04:00,2025-08-05T11:23:00-04:00,2025-08-05T15:23:00+00:00,2025-08-05T15:23:00+00:00,LONG,INFERIOR,1.0,11.0,22.0,112.0,1.0,8.0,7.054,4.0788,11.27142857142878,17.767857142857142,1.5763624841571318,-0.1863117870721108,-0.9049429657795155,-3.060836501901084,-0.21105527638190955,-0.49246231155778897,0.0,0.02474348930979875,-0.41248065422172653,-3.060836501901084,2.0,3.0,0.9331542815042287,1.4904942965778547,0.5628140703517588,-0.11533586818751253,-0.21105527638190955,0.9663865546219276,0.0,4.391634980988512,1.407035175879397,0.7218313141572846,0.03509487206801222,2.2194092827004517,1.0473684210526315,5.216730038022653,14.56281407035176
CFD_ATAS_0502_20250805_1148,atas-mt5-lead-lab-causal-v1,2025-08-05,2025-08-05T11:48:00-04:00,2025-08-05T11:49:00-04:00,2025-08-05T11:49:00-04:00,2025-08-05T15:49:00+00:00,2025-08-05T15:49:00+00:00,SHORT,SUPERIOR,0.0,11.0,48.0,138.0,1.0,8.0,5.961,3.0855,5.271428571429299,18.303571428571427,3.4722222222217427,0.663956639566304,2.8455284552841604,1.081300813008119,-0.0,-0.5463414634146342,-0.7512195121951221,0.663956639566304,3.3918699186987946,1.832520325203241,2.0,3.0,-0.4430602146595683,1.2899728997286812,0.9560975609756098,0.7398373983741577,-0.0,0.23456790123460486,1.0,3.604336043359936,1.8439024390243903,0.36468402294209534,-0.05721404846034928,1.0207468879669304,1.0123456790123457,11.15447154471377,15.502439024390245
CFD_ATAS_0503_20250805_1214,atas-mt5-lead-lab-causal-v1,2025-08-05,2025-08-05T12:14:00-04:00,2025-08-05T12:15:00-04:00,2025-08-05T12:15:00-04:00,2025-08-05T16:15:00+00:00,2025-08-05T16:15:00+00:00,LONG,INFERIOR,1.0,12.0,14.0,164.0,1.0,8.0,5.112,2.2265,5.528571428571273,12.857142857142858,2.3255813953489026,-0.3255813953487148,0.6149870801036397,-0.03617571059444787,0.19444444444444445,-0.09722222222222222,1.2638888888888888,-0.5200258397931592,0.7122093023258619,-1.3000645994833366,1.0,1.0,0.04254063366610757,0.6692506459949825,0.4861111111111111,-0.4160206718345054,0.09722222222222222,0.01785714285720666,0.52,2.2609819121447665,1.6527777777777777,1.243067425691286,0.08697569266078312,0.9302884615384882,0.7659574468085107,10.816537467700432,22.069444444444443
CFD_ATAS_0504_20250805_1234,atas-mt5-lead-lab-causal-v1,2025-08-05,2025-08-05T12:34:00-04:00,2025-08-05T12:35:00-04:00,2025-08-05T12:35:00-04:00,2025-08-05T16:35:00+00:00,2025-08-05T16:35:00+00:00,LONG,INFERIOR,1.0,12.0,34.0,184.0,1.0,8.0,6.011,3.2419,13.492857142857247,11.517857142857142,0.853626257278977,-1.6897829539438187,-0.4372683959768117,-2.8978295394387263,0.0,-0.5426356589147288,0.8682170542635659,-1.6897829539438187,0.10536726293791704,-3.766046593702292,2.0,2.0,0.36960525509473585,1.8676548438324856,0.8682170542635659,-1.674960296453029,-0.10852713178294573,0.43396226415093425,0.4444444444444444,3.8983589200633877,2.604651162790698,2.130591330687226,0.006718493348191111,2.3393188854490923,0.7962962962962963,7.3890947591315435,24.635658914728683
CFD_ATAS_0505_20250805_1251,atas-mt5-lead-lab-causal-v1,2025-08-05,2025-08-05T12:51:00-04:00,2025-08-05T12:52:00-04:00,2025-08-05T12:52:00-04:00,2025-08-05T16:52:00+00:00,2025-08-05T16:52:00+00:00,SHORT,SUPERIOR,0.0,12.0,51.0,201.0,1.0,8.0,5.7071,2.0748,14.028571428570492,13.660714285714286,0.9737780040733848,-0.24236252545810905,1.439918533605036,0.8197556008147187,-1.4640522875816993,-3.202614379084967,-3.202614379084967,1.2216897621235903,4.642532912690003,4.022369979899686,3.0,4.0,-2.9042081788143452,0.7199592668023883,1.4640522875816993,-0.22810590631371272,-1.4640522875816993,0.3221288515406425,0.8974358974358975,2.402240325865533,3.6601307189542482,-0.24615254068222742,-0.40206805635518245,2.3691194209890476,1.0967741935483872,7.106924643584788,20.771241830065357
CFD_ATAS_0506_20250805_1341,atas-mt5-lead-lab-causal-v1,2025-08-05,2025-08-05T13:41:00-04:00,2025-08-05T13:42:00-04:00,2025-08-05T13:42:00-04:00,2025-08-05T17:42:00+00:00,2025-08-05T17:42:00+00:00,LONG,INFERIOR,1.0,13.0,41.0,251.0,1.0,8.0,6.5697,1.7289,13.492857142857247,7.142857142857143,0.529380624669133,-1.0672313393330801,-0.4076230809952324,-1.6304923239809297,-0.175,-0.7,0.875,-0.8922313393330801,0.29237691900476753,-2.5054923239809295,2.0,2.0,-0.2076892292380944,1.348861831657005,1.05,-1.0598200105875504,-0.35,0.5527638190954369,0.38461538461538464,1.8824775013235449,2.1,1.7845781353071384,0.04440370888909814,0.8713099630996114,0.6299212598425197,13.414505029115832,39.725
CFD_ATAS_0507_20250805_1510,atas-mt5-lead-lab-causal-v1,2025-08-05,2025-08-05T15:10:00-04:00,2025-08-05T15:11:00-04:00,2025-08-05T15:11:00-04:00,2025-08-05T19:11:00+00:00,2025-08-05T19:11:00+00:00,SHORT,SUPERIOR,0.0,15.0,10.0,340.0,1.0,8.0,6.5815,2.2426,12.878571428571636,10.535714285714286,0.8180809761508465,-1.0870770937326504,0.5668330560176825,-0.13200221852473545,-0.711864406779661,-0.47457627118644063,-0.47457627118644063,-0.37521268695298937,1.0414093272041232,0.34257405266170515,2.0,3.0,0.06799943309451918,1.3044925124791238,1.542372881355932,-1.1181364392679818,-0.711864406779661,0.038374717832974164,0.3333333333333333,2.1430948419302513,1.542372881355932,-1.0196163032496324,0.05736244228109218,0.7965540092776724,0.8838951310861424,22.43261231281145,26.932203389830505
CFD_ATAS_0508_20250806_1035,atas-mt5-lead-lab-causal-v1,2025-08-06,2025-08-06T10:35:00-04:00,2025-08-06T10:36:00-04:00,2025-08-06T10:36:00-04:00,2025-08-06T14:36:00+00:00,2025-08-06T14:36:00+00:00,SHORT,SUPERIOR,0.0,10.0,35.0,65.0,2.0,8.0,6.6374,2.3491,6.957142857142961,20.357142857142858,2.9260780287473898,-0.2587268993838751,0.7905544147843824,0.8193018480493737,-0.6754385964912281,-1.8421052631578947,-1.1052631578947367,0.41671169710735295,2.632659677942277,1.9245650059441104,3.0,4.0,-1.491777496457252,1.4804928131415571,1.1052631578947367,-0.3305954825460917,-0.7368421052631579,0.46341463414642803,0.34615384615384615,2.8028747433264467,1.9649122807017543,0.4086891326649244,-0.08251472431411927,0.8870673952641651,0.9702127659574468,12.778234086242318,6.692982456140351
CFD_ATAS_0509_20250806_1109,atas-mt5-lead-lab-causal-v1,2025-08-06,2025-08-06T11:09:00-04:00,2025-08-06T11:10:00-04:00,2025-08-06T11:11:00-04:00,2025-08-06T15:10:00+00:00,2025-08-06T15:11:00+00:00,LONG,INFERIOR,1.0,11.0,9.0,99.0,2.0,8.0,6.4235,1.7219,6.935714285714702,12.678571428571429,1.8280123583932992,-0.14418125643665458,0.5190525231717467,-0.8362512873324917,0.7887323943661971,1.084507042253521,1.676056338028169,-0.9329136508028517,-0.5654545190817744,-2.512307625360661,1.0,2.0,1.2837085794918992,0.5911431513905985,0.9859154929577465,-0.18743563336754607,0.7887323943661971,0.2959183673469786,0.3953488372093023,1.8599382080325295,2.563380281690141,1.6407690961938666,-0.13473733935868057,1.0514347590687985,0.7047146401985112,12.817713697218803,11.535211267605634
CFD_ATAS_0510_20250806_1126,atas-mt5-lead-lab-causal-v1,2025-08-06,2025-08-06T11:26:00-04:00,2025-08-06T11:27:00-04:00,2025-08-06T11:27:00-04:00,2025-08-06T15:27:00+00:00,2025-08-06T15:27:00+00:00,SHORT,SUPERIOR,0.0,11.0,26.0,116.0,2.0,8.0,5.813,3.1567,8.86428571428587,10.982142857142858,1.2389202256244747,0.755842062852607,2.8992747784045436,3.0797743755034896,-0.11382113821138211,-0.5691056910569106,-0.0,0.8696632010639891,3.4683804694614544,3.0797743755034896,2.0,2.0,-0.09978775984770429,1.2409347300563842,0.7967479674796748,0.7107171635776652,-0.11382113821138211,0.8950819672129842,0.0,3.700241740531682,1.4796747967479673,2.40717478998958,-0.03916415237512925,1.3401727861770716,0.7711598746081505,10.029008863819488,16.048780487804876
CFD_ATAS_0511_20250806_1435,atas-mt5-lead-lab-causal-v1,2025-08-06,2025-08-06T14:35:00-04:00,2025-08-06T14:36:00-04:00,2025-08-06T14:36:00-04:00,2025-08-06T18:36:00+00:00,2025-08-06T18:36:00+00:00,SHORT,SUPERIOR,0.0,14.0,35.0,305.0,2.0,8.0,7.7006,1.6438,8.75000000000026,5.803571428571429,0.6632653061224294,0.148571428571341,0.6285714285714099,-0.39999999999998814,-0.43076923076923074,-0.6461538461538461,-1.5076923076923077,0.5793406593405718,1.274725274725256,1.1076923076923195,2.0,4.0,-0.24648881403980058,1.1542857142855139,1.2923076923076922,0.1257142857141157,-0.43076923076923074,0.18134715025904002,1.0,1.7028571428572588,1.723076923076923,-0.17361280328495313,-0.3641603875331494,0.6841664339570531,0.9027777777777778,27.02857142857063,48.89230769230769
CFD_ATAS_0512_20250807_1043,atas-mt5-lead-lab-causal-v1,2025-08-07,2025-08-07T10:43:00-04:00,2025-08-07T10:44:00-04:00,2025-08-07T10:46:00-04:00,2025-08-07T14:44:00+00:00,2025-08-07T14:46:00+00:00,LONG,INFERIOR,1.0,10.0,43.0,73.0,3.0,8.0,6.5692,3.3538,7.5,19.285714285714285,2.571428571428571,-0.7066666666665696,0.09333333333343034,0.5733333333332363,0.8425925925925927,0.5185185185185186,1.0370370370370372,-1.5492592592591623,-0.42518518518508824,-0.4637037037038009,2.0,3.0,1.012857409852101,0.960000000000097,1.1018518518518519,-0.679999999999806,0.8425925925925927,0.17269076305214429,0.36363636363636365,2.9066666666665695,1.3611111111111112,1.5005161527895001,-0.06499181145939951,1.3375796178344568,0.9432314410480348,7.226666666666763,6.740740740740741
CFD_ATAS_0513_20250807_1549,atas-mt5-lead-lab-causal-v1,2025-08-07,2025-08-07T15:49:00-04:00,2025-08-07T15:50:00-04:00,2025-08-07T15:51:00-04:00,2025-08-07T19:50:00+00:00,2025-08-07T19:51:00+00:00,LONG,INFERIOR,1.0,15.0,49.0,379.0,3.0,8.0,8.0255,1.7268,16.592857142857092,11.517857142857142,0.6941455015066745,0.7533362031855383,2.199741713301772,1.0004304778305264,0.0,0.10852713178294573,0.5426356589147288,0.7533362031855383,2.091214581518826,0.45779481891579765,1.0,2.0,0.20468535737690424,0.8075764098149847,0.6511627906976745,0.7232027550581167,0.10852713178294573,0.2668810289389387,0.21739130434782608,2.3443822643134826,1.627906976744186,0.8688308411455777,-0.07625014986697964,1.3342906375645274,1.0661157024793388,16.585449849332853,29.62790697674419
CFD_ATAS_0514_20250808_1024,atas-mt5-lead-lab-causal-v1,2025-08-08,2025-08-08T10:24:00-04:00,2025-08-08T10:25:00-04:00,2025-08-08T10:25:00-04:00,2025-08-08T14:25:00+00:00,2025-08-08T14:25:00+00:00,SHORT,SUPERIOR,0.0,10.0,24.0,54.0,4.0,8.0,5.5152,2.6364,3.578571428571325,12.946428571428571,3.6177644710579893,0.5588822355289583,2.6826347305385934,1.7325349301389574,-0.38620689655172413,-0.8689655172413794,-0.5793103448275863,0.9450891320806825,3.5516002477799726,2.3118452749665437,2.0,3.0,-0.8456203775442254,0.8662674650704953,0.8689655172413794,0.4191616766467187,-0.2896551724137931,0.4769230769228531,0.2727272727272727,2.934131736527031,1.7379310344827588,0.8462644060373683,-0.29339326284195016,1.2493765586034435,0.8950617283950617,5.141716566866823,11.489655172413793
CFD_ATAS_0515_20250808_1124,atas-mt5-lead-lab-causal-v1,2025-08-08,2025-08-08T11:24:00-04:00,2025-08-08T11:25:00-04:00,2025-08-08T11:26:00-04:00,2025-08-08T15:25:00+00:00,2025-08-08T15:26:00+00:00,LONG,INFERIOR,1.0,11.0,24.0,114.0,4.0,8.0,9.0897,2.3678,6.49999999999922,9.553571428571429,1.4697802197803962,-0.3999999999998241,0.8615384615389007,-0.10769230769187287,0.5233644859813084,0.0,0.0,-0.9233644859811325,0.8615384615389007,-0.10769230769187287,1.0,2.0,0.6770123654578282,0.6461538461540356,0.7850467289719626,-0.32307692307673797,0.5233644859813084,0.04093567251445317,0.0,2.400000000000064,1.7009345794392523,1.1039983247553335,-0.37031065491841836,2.255266418834698,0.981651376146789,9.692307692308855,18.186915887850468
CFD_ATAS_0516_20250808_1153,atas-mt5-lead-lab-causal-v1,2025-08-08,2025-08-08T11:53:00-04:00,2025-08-08T11:54:00-04:00,2025-08-08T11:54:00-04:00,2025-08-08T15:54:00+00:00,2025-08-08T15:54:00+00:00,SHORT,SUPERIOR,0.0,11.0,53.0,143.0,4.0,8.0,5.2122,2.6328,6.13571428571491,11.517857142857142,1.8771827706633712,0.44004656577363693,1.9557625145516055,0.635622817228916,-0.6511627906976745,-0.7596899224806202,-1.627906976744186,1.0912093564713115,2.7154524370322255,2.263529793973102,2.0,3.0,-0.6282708009101664,0.8149010477298356,1.0852713178294575,0.35855646100065336,-0.7596899224806202,0.17488789237658944,0.6521739130434783,2.493597206053771,1.9534883720930234,2.348878320938159,0.41144880008326995,1.060493827160554,1.162162162162162,10.316647264260194,15.085271317829458
CFD_ATAS_0517_20250808_1204,atas-mt5-lead-lab-causal-v1,2025-08-08,2025-08-08T12:04:00-04:00,2025-08-08T12:05:00-04:00,2025-08-08T12:05:00-04:00,2025-08-08T16:05:00+00:00,2025-08-08T16:05:00+00:00,SHORT,SUPERIOR,0.0,12.0,4.0,154.0,4.0,8.0,5.0189,1.7082,5.899999999999636,8.035714285714286,1.3619854721550477,0.6610169491522132,1.3559322033899142,-0.5932203389830875,0.9333333333333332,-0.15555555555555553,-0.9333333333333332,-0.27231638418112003,1.5114877589454696,0.3401129943502458,2.0,3.0,0.12108468226583984,1.1016949152543052,1.0888888888888888,0.6101694915252147,0.9333333333333332,0.15837104072399233,0.2727272727272727,2.322033898304735,2.6444444444444444,1.1515048964680967,0.340365933544872,0.9981873111781203,0.8256880733944955,10.72881355932319,21.62222222222222
CFD_ATAS_0518_20250808_1313,atas-mt5-lead-lab-causal-v1,2025-08-08,2025-08-08T13:13:00-04:00,2025-08-08T13:14:00-04:00,2025-08-08T13:14:00-04:00,2025-08-08T17:14:00+00:00,2025-08-08T17:14:00+00:00,SHORT,SUPERIOR,0.0,13.0,13.0,223.0,4.0,8.0,5.0687,2.5462,13.449999999999429,9.196428571428571,0.6837493361657221,-0.20074349442385445,1.7843866171004474,0.20817843866166477,0.13592233009708737,-0.8155339805825242,-1.2233009708737865,-0.33666582452094185,2.5999205976829716,1.4314794095354513,1.0,2.0,-0.2367574568597139,0.4981412639405957,0.4077669902912621,-0.1858736059479633,0.13592233009708737,0.055335968379429876,0.36,2.4163568773235227,1.766990291262136,0.17991982689450434,0.1373816422771599,1.040618955512566,1.2046783625730995,11.866171003718138,19.300970873786408
CFD_ATAS_0519_20250808_1343,atas-mt5-lead-lab-causal-v1,2025-08-08,2025-08-08T13:43:00-04:00,2025-08-08T13:44:00-04:00,2025-08-08T13:44:00-04:00,2025-08-08T17:44:00+00:00,2025-08-08T17:44:00+00:00,SHORT,SUPERIOR,0.0,13.0,43.0,253.0,4.0,8.0,6.0313,3.229,9.307142857142805,7.053571428571429,0.7578664620107487,-1.2141212586338503,0.7521105141980088,0.7628549501149668,-0.0,-1.0632911392405062,-2.481012658227848,-1.2141212586338503,1.815401653438515,3.243867608342815,2.0,4.0,-0.35143919688976616,1.5042210283960176,0.7088607594936709,-1.1818879508825852,-0.0,0.20461095100862076,1.0,3.008442056792035,2.6582278481012658,1.210406390948352,0.1532514985355163,0.7011030400861062,0.8729281767955802,19.791250959324824,25.164556962025316
CFD_ATAS_0520_20250811_0953,atas-mt5-lead-lab-causal-v1,2025-08-11,2025-08-11T09:53:00-04:00,2025-08-11T09:54:00-04:00,2025-08-11T09:54:00-04:00,2025-08-11T13:54:00+00:00,2025-08-11T13:54:00+00:00,LONG,INFERIOR,1.0,9.0,53.0,23.0,0.0,8.0,9.8824,1.6471,3.492857142856987,14.553571428571429,4.166666666666853,-0.7157464212679256,-0.5153374233126982,-0.372188139059113,-1.3742331288343559,-1.2883435582822085,-1.2883435582822085,0.6584867075664302,0.7730061349695103,0.9161554192230954,1.0,2.0,-1.094952126801588,1.145194274028681,1.7177914110429449,-0.8016359918198683,-1.2883435582822085,0.13402061855661596,0.5555555555555556,1.4314928425358513,2.061349693251534,0.26874886497447664,0.14623588940350873,1.1670644391408203,1.0061728395061729,8.588957055215108,3.950920245398773
CFD_ATAS_0521_20250811_1109,atas-mt5-lead-lab-causal-v1,2025-08-11,2025-08-11T11:09:00-04:00,2025-08-11T11:10:00-04:00,2025-08-11T11:10:00-04:00,2025-08-11T15:10:00+00:00,2025-08-11T15:10:00+00:00,SHORT,SUPERIOR,0.0,11.0,9.0,99.0,0.0,8.0,6.3082,1.9698,4.585714285714338,9.017857142857142,1.966510903426769,-0.4797507788163526,0.5887850467291239,0.8068535825546667,0.4158415841584159,-0.0,0.27722772277227725,-0.8955923629747684,0.5887850467291239,0.5296258597823894,1.0,2.0,0.33377559380415633,0.8068535825546667,0.9702970297029704,-0.3925233644858182,0.27722772277227725,0.31092436974801735,0.07142857142857142,1.8317757009348759,1.6633663366336635,-1.042381250099856,0.06740675936477694,1.2776119402985682,0.8938053097345133,9.813084112149422,9.564356435643566
CFD_ATAS_0522_20250811_1135,atas-mt5-lead-lab-causal-v1,2025-08-11,2025-08-11T11:35:00-04:00,2025-08-11T11:36:00-04:00,2025-08-11T11:37:00-04:00,2025-08-11T15:36:00+00:00,2025-08-11T15:37:00+00:00,LONG,INFERIOR,1.0,11.0,35.0,125.0,0.0,8.0,6.3981,1.6655,5.971428571428468,8.482142857142858,1.4204545454545703,-0.5191387559806265,0.23444976076579802,-0.3684210526317072,-0.8842105263157894,-0.4421052631578947,0.4421052631578947,0.3650717703351629,0.6765550239236927,-0.8105263157896019,2.0,2.0,0.197827236629949,0.837320574162694,1.3263157894736841,-0.5526315789472562,-1.031578947368421,0.10784313725494916,0.17647058823529413,1.925837320574196,1.9157894736842105,1.0954558790471207,0.19684714030786374,1.4666666666666412,0.9405940594059407,7.753588516746424,10.168421052631578
CFD_ATAS_0523_20250811_1552,atas-mt5-lead-lab-causal-v1,2025-08-11,2025-08-11T15:52:00-04:00,2025-08-11T15:53:00-04:00,2025-08-11T15:53:00-04:00,2025-08-11T19:53:00+00:00,2025-08-11T19:53:00+00:00,LONG,INFERIOR,1.0,15.0,52.0,382.0,0.0,8.0,5.8935,2.0687,8.542857142857299,10.267857142857142,1.201923076923055,-0.5384615384613582,0.7491638795988188,0.0702341137126288,-0.7304347826086957,-3.6521739130434785,-3.0434782608695654,0.1919732441473374,4.401337792642297,3.113712374582194,3.0,3.0,-3.3891728949915803,0.8311036789295804,1.3391304347826087,-0.4565217391301709,-0.7304347826086957,0.028037383177674954,0.7142857142857143,2.013377926421453,4.260869565217392,-2.3624542235258983,-0.4268128411965231,1.1527710843373704,1.329479768786127,14.60869565217356,19.47826086956522
CFD_ATAS_0524_20250812_1017,atas-mt5-lead-lab-causal-v1,2025-08-12,2025-08-12T10:17:00-04:00,2025-08-12T10:18:00-04:00,2025-08-12T10:18:00-04:00,2025-08-12T14:18:00+00:00,2025-08-12T14:18:00+00:00,LONG,INFERIOR,1.0,10.0,17.0,47.0,1.0,8.0,7.0,2.8047,4.442857142856675,20.089285714285715,4.521704180064785,0.6752411575563412,2.385852090032078,2.5659163987144242,0.24888888888888888,1.1199999999999999,2.862222222222222,0.4263522686674523,1.2658520900320782,-0.29630582350779777,0.0,0.0,1.2556096108613484,1.1479099678462714,0.5599999999999999,0.5852090032151682,0.24888888888888888,1.0,1.0,3.0385852090035352,3.2977777777777777,1.759886724080178,0.2953198829450567,1.106761565836168,0.797872340425532,7.54019292604581,9.27111111111111
CFD_ATAS_0525_20250812_1053,atas-mt5-lead-lab-causal-v1,2025-08-12,2025-08-12T10:53:00-04:00,2025-08-12T10:54:00-04:00,2025-08-12T10:55:00-04:00,2025-08-12T14:54:00+00:00,2025-08-12T14:55:00+00:00,LONG,INFERIOR,1.0,10.0,53.0,83.0,1.0,8.0,6.7232,3.0584,4.578571428571324,13.482142857142858,2.9446177847114554,1.0920436817472947,2.8611544461775944,1.5507020280808408,-0.09271523178807947,1.205298013245033,1.7615894039735098,1.1847589135353742,1.6558564329325614,-0.21088737589266904,1.0,1.0,1.422659123182568,1.2449297971912803,0.6490066225165563,1.1138845553819228,-0.09271523178807947,0.37172774869105163,0.9047619047619048,3.6037441497660727,2.225165562913907,1.6998167678031202,0.018868622230977995,1.0746018440905103,0.719047619047619,7.316692667706874,13.814569536423841
CFD_ATAS_0526_20250812_1107,atas-mt5-lead-lab-causal-v1,2025-08-12,2025-08-12T11:07:00-04:00,2025-08-12T11:08:00-04:00,2025-08-12T11:08:00-04:00,2025-08-12T15:08:00+00:00,2025-08-12T15:08:00+00:00,SHORT,SUPERIOR,0.0,11.0,7.0,97.0,1.0,8.0,8.3826,2.395,4.857142857143117,10.982142857142858,2.261029411764585,0.782352941176279,0.8647058823530447,0.8029411764700959,-0.22764227642276422,-1.5934959349593496,-1.9349593495934958,1.0099952175990432,2.4582018173123945,2.7379005260635916,3.0,4.0,-1.3910962223853798,1.13235294117641,1.024390243902439,0.6999999999995131,-0.22764227642276422,0.3070866141730389,1.0,2.26470588235282,2.6178861788617884,2.2373418391930175,-0.1303914418697815,1.0932475884245787,0.7639751552795031,8.5235294117638,17.528455284552845
CFD_ATAS_0527_20250812_1429,atas-mt5-lead-lab-causal-v1,2025-08-12,2025-08-12T14:29:00-04:00,2025-08-12T14:30:00-04:00,2025-08-12T14:30:00-04:00,2025-08-12T18:30:00+00:00,2025-08-12T18:30:00+00:00,SHORT,SUPERIOR,0.0,14.0,29.0,299.0,1.0,8.0,6.4462,2.8797,9.721428571428467,5.892857142857143,0.6061719324026517,0.10286554004408634,2.3041880969876836,1.7487141807494677,-0.4242424242424242,-0.4242424242424242,0.2121212121212121,0.5271079642865105,2.728430521230108,1.5365929686282556,2.0,2.0,-0.37298767045942827,0.9155033063921438,0.6363636363636364,0.0925789860398274,-0.2121212121212121,0.41062801932365706,0.09090909090909091,3.1476855253488925,1.2727272727272727,0.7849188757171557,-0.16180209929540312,0.7652516165307823,1.1282051282051284,25.95297575312291,52.81818181818181
CFD_ATAS_0528_20250813_0955,atas-mt5-lead-lab-causal-v1,2025-08-13,2025-08-13T09:55:00-04:00,2025-08-13T09:56:00-04:00,2025-08-13T09:56:00-04:00,2025-08-13T13:56:00+00:00,2025-08-13T13:56:00+00:00,LONG,INFERIOR,1.0,9.0,55.0,25.0,2.0,8.0,6.8215,2.5382,2.949999999999948,14.375,4.8728813559322885,-0.27118644067772424,0.440677966101456,0.5762711864409347,-2.608695652173913,-2.782608695652174,-2.869565217391304,2.337509211496189,3.22328666175363,3.4458364038322387,2.0,3.0,-2.7055544433728085,0.8135593220331726,2.6956521739130435,-0.37288135593294985,-2.608695652173913,0.2000000000001712,0.9428571428571428,2.169491525423027,3.217391304347826,-4.175897368643934,0.03977543479952382,1.0699481865286198,1.0522875816993464,6.440677966101808,3.739130434782609
CFD_ATAS_0529_20250813_1140,atas-mt5-lead-lab-causal-v1,2025-08-13,2025-08-13T11:40:00-04:00,2025-08-13T11:41:00-04:00,2025-08-13T11:41:00-04:00,2025-08-13T15:41:00+00:00,2025-08-13T15:41:00+00:00,SHORT,SUPERIOR,0.0,11.0,40.0,130.0,2.0,8.0,6.137,1.5103,4.11428571428561,10.803571428571429,2.6258680555556224,-0.5347222222224126,0.19444444444427253,-1.2638888888890978,-0.8099173553719008,-1.2727272727272727,-0.8099173553719008,0.2751951331494882,1.4671717171715453,-0.453971533517197,3.0,3.0,-1.1523617309206435,1.2152777777778085,1.0413223140495869,-0.6562500000001935,-0.8099173553719008,0.4642857142857491,0.4666666666666667,2.260416666666547,1.7355371900826446,-0.48775840537166665,-0.07949636969582533,1.0549450549448454,0.892988929889299,8.920138888888408,16.31404958677686
CFD_ATAS_0530_20250813_1157,atas-mt5-lead-lab-causal-v1,2025-08-13,2025-08-13T11:57:00-04:00,2025-08-13T11:58:00-04:00,2025-08-13T12:00:00-04:00,2025-08-13T15:58:00+00:00,2025-08-13T16:00:00+00:00,SHORT,SUPERIOR,0.0,11.0,57.0,147.0,2.0,8.0,6.4253,2.3579,3.335714285714078,8.303571428571429,2.489293361884523,0.35974304068437474,1.8286937901495706,1.3190578158452522,0.45161290322580644,0.3010752688172043,1.2043010752688172,-0.0918698625414317,1.5276185213323663,0.11475674057643492,1.0,2.0,0.6743578976506532,0.7794432548175995,1.053763440860215,0.4197002141321341,0.45161290322580644,0.423076923076802,0.5714285714285714,2.758029978586023,1.956989247311828,-1.3105394988412298,0.1232186903317716,0.8769953051642047,0.75,14.599571734475411,21.225806451612904
CFD_ATAS_0531_20250813_1419,atas-mt5-lead-lab-causal-v1,2025-08-13,2025-08-13T14:19:00-04:00,2025-08-13T14:20:00-04:00,2025-08-13T14:20:00-04:00,2025-08-13T18:20:00+00:00,2025-08-13T18:20:00+00:00,LONG,INFERIOR,1.0,14.0,19.0,289.0,2.0,8.0,6.2608,1.7369,12.485714285713454,6.964285714285714,0.5577803203661699,1.1613272311213587,2.0743707093821144,1.0331807780319306,-0.5384615384615384,-1.0769230769230769,-2.1538461538461537,1.6997887695828973,3.1512937863051915,3.1870269318780844,3.0,4.0,-0.19566864462275332,1.361556064073317,0.717948717948718,1.1453089244851438,-0.5384615384615384,0.33161953727502674,1.0,2.683066361556243,2.1538461538461537,-0.10643639822089808,0.056882433925907236,1.0429594272075882,0.975,14.064073226545734,26.205128205128204
CFD_ATAS_0532_20250814_1027,atas-mt5-lead-lab-causal-v1,2025-08-14,2025-08-14T10:27:00-04:00,2025-08-14T10:28:00-04:00,2025-08-14T10:28:00-04:00,2025-08-14T14:28:00+00:00,2025-08-14T14:28:00+00:00,SHORT,SUPERIOR,0.0,10.0,27.0,57.0,3.0,8.0,6.4372,2.3216,3.100000000000104,12.232142857142858,3.94585253456208,0.29032258064562094,0.7096774193550496,0.48387096774191923,0.10218978102189781,-0.510948905109489,-0.510948905109489,0.18813279962372315,1.2206263244645386,0.9948198728514082,1.0,2.0,-0.33862183309579946,0.645161290322559,0.9197080291970803,0.2580645161287889,0.10218978102189781,0.14018691588779328,0.2,2.129032258063975,1.635036496350365,0.9248339112765654,0.06970447706657125,1.0357995226730299,0.7653631284916201,6.935483870967509,9.81021897810219
CFD_ATAS_0533_20250814_1038,atas-mt5-lead-lab-causal-v1,2025-08-14,2025-08-14T10:38:00-04:00,2025-08-14T10:39:00-04:00,2025-08-14T10:39:00-04:00,2025-08-14T14:39:00+00:00,2025-08-14T14:39:00+00:00,SHORT,SUPERIOR,0.0,10.0,38.0,68.0,3.0,8.0,7.1412,2.9049,2.6714285714284154,10.535714285714286,3.9438502673799096,0.14973262032140908,1.2727272727278918,1.7593582887704287,0.23728813559322032,-0.0,0.11864406779661016,-0.08755551527181124,1.2727272727278918,1.6407142209738186,1.0,1.0,0.16217653974422086,0.9358288770054023,0.711864406779661,0.07486631016070454,0.23728813559322032,0.7704918032785321,0.14285714285714285,2.695187165775831,1.423728813559322,1.2794033980067698,0.17420098957629584,0.8915375446959606,0.7398119122257054,8.834224598931815,13.169491525423728
CFD_ATAS_0534_20250814_1105,atas-mt5-lead-lab-causal-v1,2025-08-14,2025-08-14T11:05:00-04:00,2025-08-14T11:06:00-04:00,2025-08-14T11:07:00-04:00,2025-08-14T15:06:00+00:00,2025-08-14T15:07:00+00:00,SHORT,SUPERIOR,0.0,11.0,5.0,95.0,3.0,8.0,6.3508,2.5403,3.7714285714285194,10.892857142857142,2.8882575757576157,1.0075757575755786,2.200757575757413,1.5378787878786162,0.22950819672131148,0.45901639344262296,0.45901639344262296,0.7780675608542671,1.7417411823147901,1.0788623944359932,1.0,2.0,0.6893665988473451,1.140151515151338,1.2622950819672132,0.47727272727254094,0.22950819672131148,0.4531249999999689,0.2857142857142857,3.4469696969697443,1.8360655737704918,-1.0927706837706415,-0.3167750635019326,1.246753246753326,0.9494163424124514,9.78409090909143,15.37704918032787
CFD_ATAS_0535_20250814_1538,atas-mt5-lead-lab-causal-v1,2025-08-14,2025-08-14T15:38:00-04:00,2025-08-14T15:39:00-04:00,2025-08-14T15:39:00-04:00,2025-08-14T19:39:00+00:00,2025-08-14T19:39:00+00:00,SHORT,SUPERIOR,0.0,15.0,38.0,368.0,3.0,8.0,5.3568,2.4523,10.700000000000207,6.339285714285714,0.5924566088117376,0.1682242990653493,1.2149532710280138,-0.37383177570092735,-0.7887323943661971,-3.1549295774647885,-2.76056338028169,0.9569566934315464,4.369882848492802,2.3867316045807625,3.0,3.0,-2.7113145861192605,0.6168224299067341,1.1830985915492958,0.14018691588784776,-0.7887323943661971,0.08888888888888889,0.7777777777777778,2.2803738317757927,3.549295774647887,0.5712586000557007,0.016570960312038835,0.9056831922611945,0.9044585987261147,19.757009345793808,26.422535211267604
CFD_ATAS_0536_20250815_0959,atas-mt5-lead-lab-causal-v1,2025-08-15,2025-08-15T09:59:00-04:00,2025-08-15T10:00:00-04:00,2025-08-15T10:01:00-04:00,2025-08-15T14:00:00+00:00,2025-08-15T14:01:00+00:00,SHORT,SUPERIOR,0.0,9.0,59.0,29.0,4.0,8.0,5.4429,3.5745,4.242857142856987,17.767857142857142,4.187710437710592,1.1313131313130016,1.0606060606060996,-0.3063973063971462,-0.1407035175879397,-0.0,-1.1959798994974875,1.2720166489009412,1.0606060606060996,0.8895825931003414,1.0,3.0,0.40504238780800855,2.0505050505052975,0.6331658291457286,1.2255892255894423,-0.21105527638190955,0.06878306878303823,0.8095238095238095,3.2289562289565192,1.6884422110552764,-0.32866620338597213,0.47598049629320144,1.2172131147541623,0.8883928571428571,5.98653198653255,7.8793969849246235
CFD_ATAS_0537_20250815_1028,atas-mt5-lead-lab-causal-v1,2025-08-15,2025-08-15T10:28:00-04:00,2025-08-15T10:29:00-04:00,2025-08-15T10:29:00-04:00,2025-08-15T14:29:00+00:00,2025-08-15T14:29:00+00:00,SHORT,SUPERIOR,0.0,10.0,28.0,58.0,4.0,8.0,5.1494,2.7356,3.3214285714285716,13.839285714285714,4.166666666666666,0.030107526881282307,-0.3010752688172043,-1.9268817204305455,-0.3612903225806452,-2.2580645161290325,-0.3612903225806452,0.3913978494619275,1.9569892473118282,-1.5655913978499003,2.0,2.0,-1.976110227745845,0.572043010752031,1.1741935483870969,-0.0,-0.4516129032258065,0.5333333333334546,0.08695652173913043,2.8301075268821583,2.709677419354839,0.2317305265676404,-0.3220316166759964,0.9677419354838857,0.7029478458049886,9.42365591397937,10.116129032258065
CFD_ATAS_0538_20250815_1256,atas-mt5-lead-lab-causal-v1,2025-08-15,2025-08-15T12:56:00-04:00,2025-08-15T12:57:00-04:00,2025-08-15T12:57:00-04:00,2025-08-15T16:57:00+00:00,2025-08-15T16:57:00+00:00,LONG,INFERIOR,1.0,12.0,56.0,206.0,4.0,8.0,5.7816,1.9171,20.33571428571434,8.482142857142858,0.41710572532490237,0.3147172462239874,1.7309448542325567,0.9195644538110626,0.4421052631578947,0.14736842105263157,0.4421052631578947,-0.12738801693390733,1.5835764331799251,0.47745919065316783,1.0,2.0,0.37266583522793983,0.7769582016156981,0.8842105263157894,0.3048823322796275,0.5894736842105263,0.27379209370423035,0.3333333333333333,2.040744643484364,1.4736842105263157,0.7915547766358529,-0.0719794195300948,3.415716856628743,0.8755760368663595,7.685985247629027,20.77894736842105
CFD_ATAS_0539_20250815_1323,atas-mt5-lead-lab-causal-v1,2025-08-15,2025-08-15T13:23:00-04:00,2025-08-15T13:24:00-04:00,2025-08-15T13:27:00-04:00,2025-08-15T17:24:00+00:00,2025-08-15T17:27:00+00:00,SHORT,SUPERIOR,0.0,13.0,23.0,233.0,4.0,8.0,7.9072,1.9095,12.300000000000312,6.875,0.5589430894308801,-0.7317073170731522,-0.5528455284555072,-0.4471544715447041,0.18181818181818182,-0.18181818181818182,0.5454545454545454,-0.9135254988913339,-0.37102734663732534,-0.9926090169992495,1.0,2.0,1.6821465854628266,1.0650406504063588,0.5454545454545454,-0.7398373983741424,0.18181818181818182,0.16516516516515073,0.23076923076923078,1.9593495934960627,1.6363636363636365,-1.262107309073293,0.15643776077025345,0.6538826656540973,0.7897435897435898,12.707317073170351,25.636363636363637
CFD_ATAS_0540_20250815_1402,atas-mt5-lead-lab-causal-v1,2025-08-15,2025-08-15T14:02:00-04:00,2025-08-15T14:03:00-04:00,2025-08-15T14:03:00-04:00,2025-08-15T18:03:00+00:00,2025-08-15T18:03:00+00:00,LONG,INFERIOR,1.0,14.0,2.0,272.0,4.0,8.0,5.5804,1.852,12.628571428570856,7.232142857142857,0.5726809954751391,0.6255656108598721,0.4276018099548857,0.5226244343890487,0.0,-0.5185185185185186,0.34567901234567905,0.6255656108598721,0.9461203284734043,0.17694542204336966,1.0,1.0,1.9421936623836915,0.934389140271766,1.0370370370370372,0.6018099547510433,-0.17283950617283952,0.14999999999996694,0.2,2.058823529411858,1.9012345679012346,0.860396360523517,-0.025144929452235384,0.9332277645816468,0.9759036144578312,12.37669683257969,24.37037037037037
CFD_ATAS_0541_20250815_1447,atas-mt5-lead-lab-causal-v1,2025-08-15,2025-08-15T14:47:00-04:00,2025-08-15T14:48:00-04:00,2025-08-15T14:48:00-04:00,2025-08-15T18:48:00+00:00,2025-08-15T18:48:00+00:00,LONG,INFERIOR,1.0,14.0,47.0,317.0,4.0,8.0,6.8025,1.878,12.985714285713973,6.160714285714286,0.47442244224423585,0.30803080308031544,1.278327832783197,0.7315731573157492,-1.0144927536231885,-0.6086956521739131,-0.8115942028985508,1.3225235567035039,1.8870234849571101,1.5431673602143001,1.0,2.0,0.5350180784124794,0.5544554455443437,1.0144927536231885,0.29262926292624364,-1.0144927536231885,0.3035143769967769,0.4,1.9713971397139067,1.6231884057971016,0.7308208286037442,0.07154987347312507,1.178988326848215,0.8789808917197452,14.438943894389787,28.608695652173914
CFD_ATAS_0542_20250818_1002,atas-mt5-lead-lab-causal-v1,2025-08-18,2025-08-18T10:02:00-04:00,2025-08-18T10:03:00-04:00,2025-08-18T10:03:00-04:00,2025-08-18T14:03:00+00:00,2025-08-18T14:03:00+00:00,SHORT,SUPERIOR,0.0,10.0,2.0,32.0,0.0,8.0,7.2932,5.0209,3.735714285714234,15.714285714285714,4.206500956023003,-1.4990439770560544,0.8030592734225733,1.3384321223709554,-0.0,-0.875,-0.7954545454545455,-1.4990439770560544,1.6780592734225732,2.133886667825501,2.0,3.0,-0.632678810407147,1.6864244741872092,0.5568181818181819,-1.3384321223709554,-0.0,0.22935779816510699,0.35714285714285715,3.667304015296613,2.0681818181818183,-0.15327240518203827,-0.22453879187927317,1.088449531737692,0.9750692520775621,7.414913957935288,5.25
CFD_ATAS_0543_20250818_1028,atas-mt5-lead-lab-causal-v1,2025-08-18,2025-08-18T10:28:00-04:00,2025-08-18T10:29:00-04:00,2025-08-18T10:29:00-04:00,2025-08-18T14:29:00+00:00,2025-08-18T14:29:00+00:00,LONG,INFERIOR,1.0,10.0,28.0,58.0,0.0,8.0,7.0,2.0307,4.092857142857091,13.125,3.2068062827225536,-0.09773123909196356,-0.5619546247816792,-1.1727748691097848,-2.2857142857142856,-2.380952380952381,-1.0476190476190477,2.187983046622322,1.8189977561707016,-0.12515582149073712,2.0,2.0,-1.9364068468783184,0.7329842931937266,2.4761904761904763,0.0,-2.2857142857142856,0.41379310344813525,0.2558139534883721,2.101221640488327,2.9523809523809526,0.5431533080206914,-0.24625006971272026,1.0903901046622277,0.9423076923076923,7.769633507853324,6.857142857142857
CFD_ATAS_0544_20250818_1046,atas-mt5-lead-lab-causal-v1,2025-08-18,2025-08-18T10:46:00-04:00,2025-08-18T10:47:00-04:00,2025-08-18T10:47:00-04:00,2025-08-18T14:47:00+00:00,2025-08-18T14:47:00+00:00,LONG,INFERIOR,1.0,10.0,46.0,76.0,0.0,8.0,5.0201,2.4235,4.664285714285922,11.160714285714286,2.3928024502296026,-0.021439509953745252,1.9724349157734218,1.5007656967840066,-1.5679999999999998,-3.0239999999999996,-3.6959999999999997,1.5465604900462546,4.996434915773421,5.196765696784007,3.0,4.0,-2.916007404589746,0.6003062787134467,1.7919999999999998,-0.06431852986201572,-1.68,0.4794520547945683,0.9428571428571428,2.615620214395139,3.808,-3.24398599354456,-0.32767103076373255,1.1744604316547977,0.8278145695364238,9.604900459417486,8.511999999999999
CFD_ATAS_0545_20250818_1110,atas-mt5-lead-lab-causal-v1,2025-08-18,2025-08-18T11:10:00-04:00,2025-08-18T11:11:00-04:00,2025-08-18T11:11:00-04:00,2025-08-18T15:11:00+00:00,2025-08-18T15:11:00+00:00,LONG,INFERIOR,1.0,11.0,10.0,100.0,0.0,8.0,5.5188,1.9275,5.514285714285767,10.178571428571429,1.8458549222797753,0.6347150259067297,1.9041450777201891,1.0880829015543938,-0.7368421052631579,0.24561403508771928,0.0,1.3715571311698875,1.65853104263247,1.0880829015543938,1.0,2.0,0.48250018314094884,1.5051813471501128,1.1052631578947367,0.616580310881087,-0.7368421052631579,0.4,0.0,3.2279792746112363,1.719298245614035,0.05058016161040433,-0.1347440454544604,1.3029535864977828,0.8201438848920864,8.28756476683943,10.31578947368421
CFD_ATAS_0546_20250818_1208,atas-mt5-lead-lab-causal-v1,2025-08-18,2025-08-18T12:08:00-04:00,2025-08-18T12:09:00-04:00,2025-08-18T12:09:00-04:00,2025-08-18T16:09:00+00:00,2025-08-18T16:09:00+00:00,SHORT,SUPERIOR,0.0,12.0,8.0,158.0,0.0,8.0,5.689,1.6325,3.892857142857143,6.607142857142857,1.6972477064220184,0.3853211009174312,0.7449541284398062,1.7724770642196228,-0.5675675675675677,0.3783783783783784,0.1891891891891892,0.9528886684849989,0.36657575006142784,1.5832878750304336,1.0,2.0,1.0157212655207872,0.667889908256507,0.945945945945946,0.3596330275223751,-0.7567567567567568,1.0,0.06666666666666667,1.8238532110088006,1.5135135135135136,-0.1163972070481666,0.16579722937493144,0.8740978348035744,0.7668393782383419,11.739449541284591,15.891891891891893
CFD_ATAS_0547_20250818_1215,atas-mt5-lead-lab-causal-v1,2025-08-18,2025-08-18T12:15:00-04:00,2025-08-18T12:16:00-04:00,2025-08-18T12:16:00-04:00,2025-08-18T16:16:00+00:00,2025-08-18T16:16:00+00:00,LONG,INFERIOR,1.0,12.0,15.0,165.0,0.0,8.0,5.9972,1.8108,5.542857142857039,6.964285714285714,1.2564432989690957,0.39690721649498406,1.1005154639179402,-2.363402061855452,0.1794871794871795,-1.435897435897436,-1.0769230769230769,0.21742003700780457,2.5364128998153763,-1.2864789849323752,2.0,3.0,-1.3493954525868712,0.775773195876172,0.5384615384615384,0.46907216494885623,0.1794871794871795,0.5097276264590007,0.3333333333333333,3.6443298969074163,3.051282051282051,1.1477892794289006,-0.0010390505621273912,1.3097046413502267,0.8666666666666666,8.244845360825028,15.076923076923077
CFD_ATAS_0548_20250818_1333,atas-mt5-lead-lab-causal-v1,2025-08-18,2025-08-18T13:33:00-04:00,2025-08-18T13:34:00-04:00,2025-08-18T13:38:00-04:00,2025-08-18T17:34:00+00:00,2025-08-18T17:38:00+00:00,LONG,INFERIOR,1.0,13.0,33.0,243.0,0.0,8.0,5.2039,2.5003,13.592857142857351,7.857142857142857,0.578034682080916,-0.007356805044559148,1.0078822911193235,-0.360483447188751,-1.590909090909091,0.6363636363636364,2.0681818181818183,1.583552285864532,0.3715186547556871,-2.4286652653705696,1.0,2.0,2.4256644342911553,0.5223331581711934,1.75,-0.02942722017877187,-1.75,0.15076923076927554,0.37142857142857144,2.5601681555437854,4.295454545454546,1.0496942770035333,0.05001951939561696,0.9821935483870934,1.1139240506329113,6.547556489752921,13.363636363636365
CFD_ATAS_0549_20250819_1133,atas-mt5-lead-lab-causal-v1,2025-08-19,2025-08-19T11:33:00-04:00,2025-08-19T11:34:00-04:00,2025-08-19T11:34:00-04:00,2025-08-19T15:34:00+00:00,2025-08-19T15:34:00+00:00,SHORT,SUPERIOR,0.0,11.0,33.0,123.0,1.0,8.0,6.087,2.3671,4.571428571428571,11.964285714285714,2.6171875,1.1156250000004775,0.7000000000001592,1.859375,-0.20895522388059704,-0.31343283582089554,-0.6268656716417911,1.3245802238810744,1.0134328358210547,2.486240671641791,2.0,3.0,0.460238247729513,1.2687499999998408,0.6268656716417911,1.0718750000003183,-0.20895522388059704,0.6028368794326864,0.42857142857142855,2.9312499999995225,1.3582089552238807,1.831162386753426,0.18260688957220592,1.0729253981559488,0.7403314917127072,6.890625,21.417910447761194
CFD_ATAS_0550_20250819_1404,atas-mt5-lead-lab-causal-v1,2025-08-19,2025-08-19T14:04:00-04:00,2025-08-19T14:05:00-04:00,2025-08-19T14:05:00-04:00,2025-08-19T18:05:00+00:00,2025-08-19T18:05:00+00:00,LONG,INFERIOR,1.0,14.0,4.0,274.0,1.0,8.0,6.4292,2.115,15.014285714285247,10.446428571428571,0.6957659372026858,-0.0799238820171775,1.8848715509039113,0.4462416745956856,0.47863247863247865,-0.8376068376068376,-2.871794871794872,-0.5585563606496562,2.722478388510749,3.3180365463905575,2.0,4.0,-0.3675111918598732,0.6327307326356049,1.6752136752136753,0.0,0.5982905982905983,0.12810707456980536,0.75,2.4243577545196775,4.427350427350428,-0.014952825097951754,0.008640714703938065,0.9642201834862326,1.1818181818181817,17.86298763082839,31.23076923076923
CFD_ATAS_0551_20250819_1548,atas-mt5-lead-lab-causal-v1,2025-08-19,2025-08-19T15:48:00-04:00,2025-08-19T15:49:00-04:00,2025-08-19T15:49:00-04:00,2025-08-19T19:49:00+00:00,2025-08-19T19:49:00+00:00,LONG,INFERIOR,1.0,15.0,48.0,378.0,1.0,8.0,6.2358,1.798,12.921428571428416,6.071428571428571,0.46987285793256506,0.28634604754013715,1.5323383084576736,0.7119955776672843,-1.0294117647058825,-2.058823529411765,-2.264705882352941,1.3157578122460196,3.5911618378694383,2.9767014600202253,2.0,3.0,-1.8605106394961375,0.9519071310115638,1.8529411764705883,0.2244333886126084,-1.0294117647058825,0.18110236220474132,0.6470588235294118,2.0199004975123493,3.088235294117647,0.3788810037763652,0.16046728271971095,1.242871865338394,0.7431693989071038,23.82089552238829,56.82352941176471
CFD_ATAS_0552_20250820_1349,atas-mt5-lead-lab-causal-v1,2025-08-20,2025-08-20T13:49:00-04:00,2025-08-20T13:50:00-04:00,2025-08-20T13:50:00-04:00,2025-08-20T17:50:00+00:00,2025-08-20T17:50:00+00:00,LONG,INFERIOR,1.0,13.0,49.0,259.0,2.0,8.0,5.5576,2.218,22.00000000000026,10.803571428571429,0.4910714285714228,-0.3318181818181448,0.3318181818181448,-0.4863636363636637,0.0,-1.5041322314049586,-0.23140495867768596,-0.3318181818181448,1.8359504132231033,-0.25495867768597774,1.0,1.0,-0.7620354824084192,0.590909090909084,0.9256198347107438,-0.3727272727273014,-0.11570247933884298,0.10604558969277462,0.08333333333333333,2.1227272727272806,2.3140495867768593,1.224732562275706,0.19257582779176208,0.8650470439545127,0.7806451612903227,18.618181818181696,36.79338842975206
CFD_ATAS_0553_20250820_1437,atas-mt5-lead-lab-causal-v1,2025-08-20,2025-08-20T14:37:00-04:00,2025-08-20T14:38:00-04:00,2025-08-20T14:38:00-04:00,2025-08-20T18:38:00+00:00,2025-08-20T18:38:00+00:00,SHORT,SUPERIOR,0.0,14.0,37.0,307.0,2.0,8.0,10.6282,1.9112,13.77142857142826,13.571428571428571,0.9854771784232588,-1.4232365145227481,-0.25414937759336675,-0.9367219917011075,0.09210526315789473,-1.013157894736842,-2.210526315789474,-1.5153417776806428,0.7590085171434753,1.2738043240883665,1.0,2.0,-0.6659580861647555,1.3796680497925624,0.5526315789473685,-1.2925311203319267,0.09210526315789473,0.286031042128587,0.5217391304347826,1.7863070539418435,2.6710526315789473,-0.703623636651583,-0.28682001188445594,0.8618685739830046,0.9529780564263323,30.272821576764276,29.289473684210527
CFD_ATAS_0554_20250820_1441,atas-mt5-lead-lab-causal-v1,2025-08-20,2025-08-20T14:41:00-04:00,2025-08-20T14:42:00-04:00,2025-08-20T14:42:00-04:00,2025-08-20T18:42:00+00:00,2025-08-20T18:42:00+00:00,SHORT,SUPERIOR,0.0,14.0,41.0,311.0,2.0,8.0,7.5992,2.9493,15.071428571428052,13.392857142857142,0.8886255924170922,0.19905213270142866,1.0483412322274759,0.03317535545023811,-0.6533333333333333,-0.7466666666666667,-0.28,0.852385466034762,1.7950078988941427,0.3131753554502381,2.0,2.0,0.2867883401736229,0.9620853080569052,0.8400000000000001,0.23222748815166677,-0.56,0.0074962518740632955,0.1111111111111111,2.727014218009476,1.6800000000000002,0.9769529263561048,-0.3657614677137665,0.9761739532731661,0.9404388714733541,27.661611374408633,29.68
CFD_ATAS_0555_20250820_1532,atas-mt5-lead-lab-causal-v1,2025-08-20,2025-08-20T15:32:00-04:00,2025-08-20T15:33:00-04:00,2025-08-20T15:33:00-04:00,2025-08-20T19:33:00+00:00,2025-08-20T19:33:00+00:00,SHORT,SUPERIOR,0.0,15.0,32.0,362.0,2.0,8.0,7.3517,1.8399,13.071428571428571,12.857142857142858,0.9836065573770493,0.42841530054633675,1.6142076502731129,0.7114754098360099,0.29166666666666663,-0.7777777777777778,-1.0694444444444444,0.13674863387967012,2.3919854280508908,1.7809198542804543,1.0,2.0,-0.363718844545575,1.2622950819672132,0.6805555555555556,0.4972677595628415,0.29166666666666663,0.2826747720364708,0.6470588235294118,2.0732240437157357,1.9444444444444444,-0.14299310780228083,-0.17628250998321116,0.9014778325123475,1.1250000000000002,31.893989071038362,30.916666666666664
CFD_ATAS_0556_20250821_0959,atas-mt5-lead-lab-causal-v1,2025-08-21,2025-08-21T09:59:00-04:00,2025-08-21T10:00:00-04:00,2025-08-21T10:00:00-04:00,2025-08-21T14:00:00+00:00,2025-08-21T14:00:00+00:00,SHORT,SUPERIOR,0.0,9.0,59.0,29.0,3.0,8.0,5.0432,2.6427,5.421428571428935,29.464285714285715,5.434782608695288,-0.5902503293801877,-1.1067193675888587,0.7378129117259057,0.33939393939393936,0.509090909090909,1.7393939393939393,-0.9296442687741271,-1.6158102766797677,-1.0015810276680335,1.0,1.0,0.8989931779174014,0.830039525691644,0.6787878787878787,-0.5533596837944293,0.29696969696969694,0.2,0.7454545454545455,2.6745718050064085,2.206060606060606,-1.8554621090530703,0.10931924669453717,1.2085987261146747,0.9375000000000001,4.8695652173905755,3.903030303030303
CFD_ATAS_0557_20250821_1023,atas-mt5-lead-lab-causal-v1,2025-08-21,2025-08-21T10:23:00-04:00,2025-08-21T10:24:00-04:00,2025-08-21T10:26:00-04:00,2025-08-21T14:24:00+00:00,2025-08-21T14:26:00+00:00,LONG,INFERIOR,1.0,10.0,23.0,53.0,3.0,8.0,5.9606,2.29,5.871428571428363,16.25,2.767639902676497,-0.8856447688559834,0.22141119221461547,0.5961070559610917,0.46153846153846156,0.9230769230769231,1.0,-1.347183230394445,-0.7016657308623077,-0.4038929440389083,0.0,1.0,1.3059772827087168,1.1751824817521144,0.8461538461538461,-0.9367396593674299,0.46153846153846156,0.21472392638042562,0.7647058823529411,2.401459854014436,1.7692307692307692,1.6646340324640827,-0.005620426750925904,0.9535962877030951,0.5814696485623003,7.2214111922139965,10.23076923076923
CFD_ATAS_0558_20250821_1213,atas-mt5-lead-lab-causal-v1,2025-08-21,2025-08-21T12:13:00-04:00,2025-08-21T12:14:00-04:00,2025-08-21T12:14:00-04:00,2025-08-21T16:14:00+00:00,2025-08-21T16:14:00+00:00,SHORT,SUPERIOR,0.0,12.0,13.0,163.0,3.0,8.0,5.2917,2.4532,8.085714285714598,14.285714285714286,1.7667844522967517,0.2473498233215452,1.2491166077740732,1.3109540636044597,-1.05,-1.75,-1.05,1.2973498233215452,2.999116607774073,2.36095406360446,2.0,2.0,-0.9792585988031715,0.6060070671379657,1.2249999999999999,0.23498233215564793,-1.05,0.37588652482276275,0.35294117647058826,2.6837455830388555,2.275,0.6141399060405892,0.1703490577278896,0.9464882943144007,1.0,15.471731448762473,13.475
CFD_ATAS_0559_20250821_1233,atas-mt5-lead-lab-causal-v1,2025-08-21,2025-08-21T12:33:00-04:00,2025-08-21T12:34:00-04:00,2025-08-21T12:34:00-04:00,2025-08-21T16:34:00+00:00,2025-08-21T16:34:00+00:00,LONG,INFERIOR,1.0,12.0,33.0,183.0,3.0,8.0,5.3914,3.7828,17.72142857142821,12.857142857142858,0.7255139056832072,1.8057234985893154,3.98952035469581,0.8012898024990498,-0.5833333333333333,-1.4583333333333333,0.4861111111111111,2.3890568319226486,5.447853688029143,0.3151786913879387,2.0,2.0,-1.4583333333333333,1.7887948407900816,0.9722222222222222,1.738008867392175,-0.6805555555555556,0.10757575757576013,0.1282051282051282,4.0290205562274926,2.236111111111111,-2.3375127898595536,-0.4637176438695071,2.286635944700414,0.9600000000000001,7.510681176944852,14.972222222222221
CFD_ATAS_0560_20250821_1332,atas-mt5-lead-lab-causal-v1,2025-08-21,2025-08-21T13:32:00-04:00,2025-08-21T13:33:00-04:00,2025-08-21T13:33:00-04:00,2025-08-21T17:33:00+00:00,2025-08-21T17:33:00+00:00,SHORT,SUPERIOR,0.0,13.0,32.0,242.0,3.0,8.0,5.1798,3.0326,14.849999999999843,12.5,0.8417508417508507,0.2558922558922096,3.151515151515136,2.0202020202020416,0.7,-1.0,-1.3,-0.44410774410779036,4.151515151515136,3.320202020202042,1.0,2.0,-0.7691970790369669,0.6936026936026519,1.4,0.3905723905723457,0.7,0.47169811320755795,0.41935483870967744,3.481481481481567,2.6,1.0976613957991268,-0.017952297398810834,0.6070959264126072,0.99644128113879,12.87542087542106,18.3
CFD_ATAS_0561_20250821_1348,atas-mt5-lead-lab-causal-v1,2025-08-21,2025-08-21T13:48:00-04:00,2025-08-21T13:49:00-04:00,2025-08-21T13:51:00-04:00,2025-08-21T17:49:00+00:00,2025-08-21T17:51:00+00:00,LONG,INFERIOR,1.0,13.0,48.0,258.0,3.0,8.0,6.0363,2.2009,16.82142857142831,9.285714285714286,0.5520169851380129,-0.2496815286624675,0.3626326963905773,0.5112526539277346,0.1346153846153846,0.8076923076923076,1.8846153846153844,-0.3842969132778521,-0.4450596113017303,-1.3733627306876497,1.0,1.0,1.8211067933529892,0.6242038216560607,1.0769230769230769,-0.23184713375805188,0.1346153846153846,0.11944444444442423,0.875,2.0093418259023235,3.096153846153846,1.080243699026989,-0.4111253888355125,0.9894957983193123,0.761904761904762,11.366454352441833,24.634615384615383
CFD_ATAS_0562_20250822_1139,atas-mt5-lead-lab-causal-v1,2025-08-22,2025-08-22T11:39:00-04:00,2025-08-22T11:40:00-04:00,2025-08-22T11:40:00-04:00,2025-08-22T15:40:00+00:00,2025-08-22T15:40:00+00:00,LONG,INFERIOR,1.0,11.0,39.0,129.0,4.0,8.0,6.2382,1.9353,5.671428571428415,11.339285714285714,1.9993702770781405,1.234256926952175,2.415617128463671,0.33501259445870407,0.33070866141732286,-1.7637795275590553,-2.204724409448819,0.9035482655348521,4.1793966560227265,2.539737003907523,2.0,3.0,-1.6468340375027106,1.6750629722922374,0.7716535433070867,1.3224181360201874,0.33070866141732286,0.07450980392162569,0.7142857142857143,2.662468513853721,3.5275590551181106,-0.5432781242342696,-0.2189433341186757,1.3080724876441783,0.7426900584795322,6.788413098236963,39.13385826771654
CFD_ATAS_0563_20250822_1256,atas-mt5-lead-lab-causal-v1,2025-08-22,2025-08-22T12:56:00-04:00,2025-08-22T12:57:00-04:00,2025-08-22T13:01:00-04:00,2025-08-22T16:57:00+00:00,2025-08-22T17:01:00+00:00,SHORT,SUPERIOR,0.0,12.0,56.0,206.0,4.0,8.0,5.7335,1.6869,17.81428571428608,8.571428571428571,0.4811547714514737,0.6455493183640606,1.448275862068895,1.7963111467521684,1.3125,2.0416666666666665,3.354166666666667,-0.6669506816359394,-0.5933908045977716,-1.5578555199144986,0.0,0.0,3.718691028266403,1.0609462710505813,1.6041666666666667,0.6736166800320632,1.3125,1.0,1.0,2.3408179631114603,3.5,-0.6406444878058516,0.10031483619026371,2.9672813801311535,0.7191011235955056,7.5725741780271925,51.770833333333336
CFD_ATAS_0564_20250822_1350,atas-mt5-lead-lab-causal-v1,2025-08-22,2025-08-22T13:50:00-04:00,2025-08-22T13:51:00-04:00,2025-08-22T13:55:00-04:00,2025-08-22T17:51:00+00:00,2025-08-22T17:55:00+00:00,SHORT,SUPERIOR,0.0,13.0,50.0,260.0,4.0,8.0,6.0415,1.8048,19.321428571428832,5.892857142857143,0.3049907578558185,-0.7349353049907856,0.27430683918664994,-0.24325323475049648,-1.2727272727272727,-0.6363636363636364,0.6363636363636364,0.5377919677364871,0.9106704755502864,-0.8796168711141328,1.0,2.0,1.2686959674986693,0.9781885397412821,1.4848484848484849,-0.7090573012939283,-1.2727272727272727,0.07952622673435794,0.17647058823529413,1.8321626617375737,2.333333333333333,-1.093721163564364,0.1052328851214748,0.6296554934823224,0.6255924170616114,22.601848428835222,75.3030303030303
CFD_ATAS_0565_20250825_1033,atas-mt5-lead-lab-causal-v1,2025-08-25,2025-08-25T10:33:00-04:00,2025-08-25T10:34:00-04:00,2025-08-25T10:34:00-04:00,2025-08-25T14:34:00+00:00,2025-08-25T14:34:00+00:00,SHORT,SUPERIOR,0.0,10.0,33.0,63.0,0.0,8.0,5.3921,2.1763,2.985714285713974,13.660714285714286,4.575358851675119,-0.10047846889928833,0.5358851674636834,0.7368421052634785,-0.0915032679738562,-1.0065359477124183,-1.0065359477124183,-0.008975200925432122,1.5424211151761016,1.7433780529758969,3.0,4.0,-0.7417392917952479,1.0047846889953203,0.9150326797385621,-0.1339712918665301,-0.0915032679738562,0.3333333333333333,0.7333333333333333,2.6124401913875888,1.7385620915032678,1.3758214266972348,-0.07351581778406098,0.7599999999999207,0.9161676646706587,12.291866028709661,8.601307189542483
CFD_ATAS_0566_20250825_1200,atas-mt5-lead-lab-causal-v1,2025-08-25,2025-08-25T12:00:00-04:00,2025-08-25T12:01:00-04:00,2025-08-25T12:01:00-04:00,2025-08-25T16:01:00+00:00,2025-08-25T16:01:00+00:00,SHORT,SUPERIOR,0.0,12.0,0.0,150.0,0.0,8.0,5.628,1.568,3.5357142857142856,8.303571428571429,2.3484848484848486,-0.0,0.8202020202024318,-0.2828282828282828,-0.7526881720430108,-1.053763440860215,-0.0,0.7526881720430108,1.8739654610626468,-0.2828282828282828,2.0,2.0,-0.7867140791835188,1.0464646464648524,1.3548387096774193,0.05656565656586235,-0.7526881720430108,0.1111111111111111,0.0,1.8949494949486718,1.5053763440860215,1.2951231054573533,-0.2707105087936727,0.6639839034205296,0.9637305699481865,10.88888888888889,20.774193548387096
CFD_ATAS_0567_20250826_1029,atas-mt5-lead-lab-causal-v1,2025-08-26,2025-08-26T10:29:00-04:00,2025-08-26T10:30:00-04:00,2025-08-26T10:30:00-04:00,2025-08-26T14:30:00+00:00,2025-08-26T14:30:00+00:00,LONG,INFERIOR,1.0,10.0,29.0,59.0,1.0,8.0,5.4818,1.6929,3.785714285714026,11.428571428571429,3.018867924528509,-0.39622641509436685,-0.47547169811400897,-0.42264150943456785,0.4375,0.109375,0.21875,-0.8337264150943668,-0.584846698114009,-0.6413915094345679,2.0,3.0,0.30301500230734746,0.8452830188681748,0.875,-0.36981132075512674,0.4375,0.23529411764715324,0.14285714285714285,1.7962264150942708,1.203125,1.2664997071248403,0.131900768431971,1.011450381679362,0.7231638418079096,9.984905660377851,10.609375
CFD_ATAS_0568_20250826_1041,atas-mt5-lead-lab-causal-v1,2025-08-26,2025-08-26T10:41:00-04:00,2025-08-26T10:42:00-04:00,2025-08-26T10:42:00-04:00,2025-08-26T14:42:00+00:00,2025-08-26T14:42:00+00:00,LONG,INFERIOR,1.0,10.0,41.0,71.0,1.0,8.0,5.8804,1.8834,4.99999999999974,10.446428571428571,2.0892857142858228,-0.3000000000000156,0.4799999999995884,-0.3800000000003108,-0.5982905982905983,-0.8376068376068376,-1.1965811965811965,0.2982905982905827,1.317606837606426,0.8165811965808858,2.0,4.0,-0.5871901448077271,0.6199999999997412,1.3162393162393162,-0.2800000000003056,-0.5982905982905983,0.17757009345812821,0.625,1.8000000000000937,2.2735042735042734,-1.296047158863917,-0.12923481942851006,1.3035381750464694,0.6802325581395349,11.280000000000879,11.606837606837606
CFD_ATAS_0569_20250826_1051,atas-mt5-lead-lab-causal-v1,2025-08-26,2025-08-26T10:51:00-04:00,2025-08-26T10:52:00-04:00,2025-08-26T10:52:00-04:00,2025-08-26T14:52:00+00:00,2025-08-26T14:52:00+00:00,LONG,INFERIOR,1.0,10.0,51.0,81.0,1.0,8.0,6.0984,2.33,5.078571428571585,11.517857142857142,2.267932489451407,0.09845288326300682,1.0042194092830994,1.4177215189874415,-0.32558139534883723,-0.7596899224806202,0.21705426356589147,0.42403427861184406,1.7639093317637196,1.20066725542155,2.0,3.0,-0.2178065802281553,0.7876230661040545,0.9767441860465117,0.11814345991603799,-0.32558139534883723,0.6792452830192629,0.1111111111111111,2.3037974683537867,1.8449612403100777,-0.5626932929569617,0.4489835494897624,1.2640000000001206,0.8164556962025316,12.030942334739146,10.96124031007752
CFD_ATAS_0570_20250826_1137,atas-mt5-lead-lab-causal-v1,2025-08-26,2025-08-26T11:37:00-04:00,2025-08-26T11:38:00-04:00,2025-08-26T11:38:00-04:00,2025-08-26T15:38:00+00:00,2025-08-26T15:38:00+00:00,SHORT,SUPERIOR,0.0,11.0,37.0,127.0,1.0,8.0,7.9202,2.6677,4.935714285714182,10.625,2.1526772793054,0.16208393632402388,1.965267727929987,1.823444283646927,-0.7058823529411765,-1.411764705882353,-0.47058823529411764,0.8679662892652004,3.37703243381234,2.2940325189410444,2.0,3.0,-1.1000234458811224,0.7293777134584759,0.9411764705882353,0.12156295224283363,-0.7058823529411765,0.8653846153850997,0.1111111111111111,3.221418234443199,1.7647058823529411,-0.3359956673416835,0.03715224509119486,0.9698245614035133,1.0484581497797356,13.351664254703904,11.882352941176471
CFD_ATAS_0571_20250826_1313,atas-mt5-lead-lab-causal-v1,2025-08-26,2025-08-26T13:13:00-04:00,2025-08-26T13:14:00-04:00,2025-08-26T13:14:00-04:00,2025-08-26T17:14:00+00:00,2025-08-26T17:14:00+00:00,SHORT,SUPERIOR,0.0,13.0,13.0,223.0,1.0,8.0,6.7447,3.1628,14.935714285714441,6.696428571428571,0.44835007173600677,-0.24103299856517982,1.4595887135341303,0.3012912482065966,-0.7466666666666667,-1.8666666666666667,-0.0,0.5056336681014869,3.326255380200797,0.3012912482065966,2.0,2.0,-0.7436962750717067,0.729794356767187,1.3066666666666666,-0.2678144428503081,-0.7466666666666667,0.08571428571428572,0.0,2.778574844571946,2.8000000000000003,-0.42440630610727614,-0.03298395560098688,1.0745118191161447,1.1029411764705883,6.6618842659014135,19.413333333333334
CFD_ATAS_0572_20250826_1519,atas-mt5-lead-lab-causal-v1,2025-08-26,2025-08-26T15:19:00-04:00,2025-08-26T15:20:00-04:00,2025-08-26T15:20:00-04:00,2025-08-26T19:20:00+00:00,2025-08-26T19:20:00+00:00,SHORT,SUPERIOR,0.0,15.0,19.0,349.0,1.0,8.0,7.5345,1.7241,5.957142857142961,4.642857142857143,0.7793764988009457,-0.016786570743160707,0.16786570743404983,-0.889688249400342,-0.5384615384615384,-0.0,0.2692307692307692,0.5216749677183777,0.16786570743404983,-1.1589190186311111,1.0,1.0,1.1229783936158546,0.805755395683317,1.0769230769230769,-0.05035971223009281,-0.5384615384615384,0.47747747747763103,0.2,2.182254196642648,1.8846153846153844,-1.1682668360701418,0.25381840997543165,0.7798036465637966,0.896551724137931,21.52038369304531,27.999999999999996
CFD_ATAS_0573_20250827_1211,atas-mt5-lead-lab-causal-v1,2025-08-27,2025-08-27T12:11:00-04:00,2025-08-27T12:12:00-04:00,2025-08-27T12:12:00-04:00,2025-08-27T16:12:00+00:00,2025-08-27T16:12:00+00:00,LONG,INFERIOR,1.0,12.0,11.0,161.0,2.0,8.0,5.6231,3.2485,7.057142857143325,4.821428571428571,0.6831983805667563,-0.2834008097165804,2.5080971659918396,1.0627530364371764,-0.2592592592592593,-1.0370370370370372,-0.5185185185185186,-0.02414155045732108,3.545134203028877,1.581271554955695,3.0,4.0,-1.0370370370370372,0.8076923076923572,1.0370370370370372,-0.32591093117396436,-0.2592592592592593,0.23510971786832782,0.25,3.1032388663967616,1.8148148148148149,-0.3114757258914025,-0.24090879147849742,1.3808525506639417,0.7397260273972602,9.805668016193785,29.814814814814817
CFD_ATAS_0574_20250827_1325,atas-mt5-lead-lab-causal-v1,2025-08-27,2025-08-27T13:25:00-04:00,2025-08-27T13:26:00-04:00,2025-08-27T13:26:00-04:00,2025-08-27T17:26:00+00:00,2025-08-27T17:26:00+00:00,SHORT,SUPERIOR,0.0,13.0,25.0,235.0,2.0,8.0,8.7416,1.7303,9.035714285714025,6.071428571428571,0.6719367588933,-0.42055335968412866,0.1660079051383447,-0.3320158102766894,0.411764705882353,-0.2058823529411765,-1.647058823529412,-0.8323180655664817,0.3718902580795212,1.3150430132527224,2.0,4.0,0.20693374599290754,0.8853754940711718,1.0294117647058825,-0.39841897233226886,0.411764705882353,0.15151515151512923,0.6666666666666666,1.7043478260871667,2.4705882352941178,-1.2252918796002226,-0.09584822545452304,0.6429479034307073,0.7861271676300577,14.431620553359858,23.676470588235293
CFD_ATAS_0575_20250828_1023,atas-mt5-lead-lab-causal-v1,2025-08-28,2025-08-28T10:23:00-04:00,2025-08-28T10:24:00-04:00,2025-08-28T10:26:00-04:00,2025-08-28T14:24:00+00:00,2025-08-28T14:26:00+00:00,LONG,INFERIOR,1.0,10.0,23.0,53.0,3.0,8.0,7.4353,1.8824,4.278571428571793,18.482142857142858,4.319699499164908,0.5609348914852518,0.4440734557590514,-0.32721202003370126,-0.20289855072463767,0.47342995169082125,0.06763285024154589,0.7638334422098895,-0.029356495931769866,-0.3948448702752472,2.0,3.0,0.8104898968976945,1.2387312186975543,1.0144927536231885,0.607679465775902,-0.13526570048309178,0.07777777777785862,0.03225806451612903,2.5242070116857587,1.893719806763285,0.09119036716633024,0.2407333386951542,1.0033500837522893,0.672077922077922,9.769616026710183,9.198067632850242
CFD_ATAS_0576_20250828_1109,atas-mt5-lead-lab-causal-v1,2025-08-28,2025-08-28T11:09:00-04:00,2025-08-28T11:10:00-04:00,2025-08-28T11:10:00-04:00,2025-08-28T15:10:00+00:00,2025-08-28T15:10:00+00:00,SHORT,SUPERIOR,0.0,11.0,9.0,99.0,3.0,8.0,8.4467,2.17,4.714285714285454,9.553571428571429,2.0265151515152633,0.5727272727274587,1.6333333333335778,1.0393939393943055,-0.3925233644859813,-1.0467289719626167,-0.5233644859813084,0.96525063721344,2.6800623052961945,1.562758425375614,3.0,4.0,-0.7835506246719514,0.9121212121211081,0.6542056074766355,0.5939393939392724,-0.2616822429906542,0.36296296296307073,0.2222222222222222,2.3333333333334623,1.9626168224299065,-0.2482112409752633,0.006019891097304405,1.1428571428570078,0.5721925133689839,10.075757575758132,17.794392523364486
CFD_ATAS_0577_20250828_1134,atas-mt5-lead-lab-causal-v1,2025-08-28,2025-08-28T11:34:00-04:00,2025-08-28T11:35:00-04:00,2025-08-28T11:35:00-04:00,2025-08-28T15:35:00+00:00,2025-08-28T15:35:00+00:00,SHORT,SUPERIOR,0.0,11.0,34.0,124.0,3.0,8.0,6.2691,2.3474,8.75000000000078,13.214285714285714,1.5102040816325184,0.7999999999999287,0.18285714285737603,-3.1428571428568626,-0.0,-0.7567567567567568,-3.027027027027027,0.7999999999999287,0.9396138996141328,-0.11583011582983538,1.0,3.0,-0.07185275406160588,1.0400000000001568,0.5675675675675677,0.8685714285716006,-0.0,0.6626506024096386,1.0,4.388571428571204,3.5945945945945947,-0.7048986124390277,0.48626681238693,2.1012006861063632,1.068592057761733,6.308571428570949,13.716216216216218
CFD_ATAS_0578_20250828_1420,atas-mt5-lead-lab-causal-v1,2025-08-28,2025-08-28T14:20:00-04:00,2025-08-28T14:21:00-04:00,2025-08-28T14:21:00-04:00,2025-08-28T18:21:00+00:00,2025-08-28T18:21:00+00:00,SHORT,SUPERIOR,0.0,14.0,20.0,290.0,3.0,8.0,6.1716,2.2685,9.38571428571465,4.732142857142857,0.5041856925418373,1.4596651445962847,3.292237442922014,1.0761035007608382,-0.5283018867924528,-0.5283018867924528,-1.3207547169811322,1.9879670313887376,3.8205393297144665,2.39685821774197,2.0,3.0,-0.10430100564702134,1.6088280060880624,1.0566037735849056,1.4490106544898953,-0.5283018867924528,0.19535783365568885,0.5555555555555556,3.5053272450529036,1.8490566037735852,0.09438462669919787,0.1853014734193916,0.7004264392324216,0.8907563025210083,19.124809741247354,43.320754716981135
CFD_ATAS_0579_20250828_1531,atas-mt5-lead-lab-causal-v1,2025-08-28,2025-08-28T15:31:00-04:00,2025-08-28T15:32:00-04:00,2025-08-28T15:35:00-04:00,2025-08-28T19:32:00+00:00,2025-08-28T19:35:00+00:00,SHORT,SUPERIOR,0.0,15.0,31.0,361.0,3.0,8.0,8.939,3.523,8.764285714286027,4.821428571428571,0.5501222493887334,0.42216788916062215,2.544417277913437,1.163814180929137,-1.0370370370370372,-0.0,-0.7777777777777778,1.4592049261976594,2.544417277913437,1.9415919587069146,1.0,2.0,1.4982418831264281,1.3349633251834094,1.5555555555555556,0.5933170334148948,-1.0370370370370372,0.2965116279070167,0.17647058823529413,3.879380603096846,2.3333333333333335,-0.5455346857570583,-0.07132965973758915,0.9808153477217978,1.0588235294117645,22.021189894049744,47.18518518518519
CFD_ATAS_0580_20250829_1018,atas-mt5-lead-lab-causal-v1,2025-08-29,2025-08-29T10:18:00-04:00,2025-08-29T10:19:00-04:00,2025-08-29T10:19:00-04:00,2025-08-29T14:19:00+00:00,2025-08-29T14:19:00+00:00,SHORT,SUPERIOR,0.0,10.0,18.0,48.0,4.0,8.0,7.4555,2.1096,4.135714285714649,24.017857142857142,5.807426597581527,0.677029360967829,1.0639032815201201,0.4352331606224271,0.20817843866171004,-0.9888475836431228,0.05204460966542751,0.4688509223061189,2.052750865163243,0.3831885509569996,2.0,2.0,-0.8896163610990123,0.7012089810020173,0.7286245353159851,0.4835924006908038,0.20817843866171004,0.14285714285730786,0.02127659574468085,2.1278065630402403,1.6654275092936803,-0.5568440357275913,0.13871037654647633,0.8628912071536202,1.0781563126252505,7.519861830742526,9.992565055762082
CFD_ATAS_0581_20250829_1133,atas-mt5-lead-lab-causal-v1,2025-08-29,2025-08-29T11:33:00-04:00,2025-08-29T11:34:00-04:00,2025-08-29T11:37:00-04:00,2025-08-29T15:34:00+00:00,2025-08-29T15:37:00+00:00,SHORT,SUPERIOR,0.0,11.0,33.0,123.0,4.0,8.0,5.9847,3.3344,10.86428571428587,11.875,1.0930309007231926,-0.0920447074293215,0.5154503616040664,-2.8165680473374386,-0.10526315789473684,0.42105263157894735,2.1052631578947367,0.013218450465415338,0.09439773002511909,-4.921831205232175,1.0,1.0,1.199245016451153,0.8468113083494898,0.8421052631578947,0.009204470742798206,-0.10526315789473684,0.41129032258064635,0.9090909090909091,4.832347140039379,2.526315789473684,-2.1980509726742326,-0.33856215322407224,2.352668213457455,0.7287671232876712,5.403024326101239,21.263157894736842
CFD_ATAS_0582_20250829_1303,atas-mt5-lead-lab-causal-v1,2025-08-29,2025-08-29T13:03:00-04:00,2025-08-29T13:04:00-04:00,2025-08-29T13:06:00-04:00,2025-08-29T17:04:00+00:00,2025-08-29T17:06:00+00:00,LONG,INFERIOR,1.0,13.0,3.0,213.0,4.0,8.0,6.0677,2.3132,21.77142857142878,9.196428571428571,0.4224081364829356,-1.120734908136372,-2.094488188976291,-1.304461942257105,-0.9514563106796117,-0.9514563106796117,-3.8058252427184467,-0.16927859745676033,-1.1430318782966795,2.5013633004613416,2.0,4.0,3.240009408151433,1.7224409448818734,0.9514563106796117,-1.1069553805773504,-0.8155339805825242,0.35588972431075283,0.7777777777777778,2.5675853018371457,3.941747572815534,0.8688825156647891,-0.23079111336234553,2.0664406779661726,1.1318681318681318,8.50196850393686,27.45631067961165
CFD_ATAS_0583_20250829_1401,atas-mt5-lead-lab-causal-v1,2025-08-29,2025-08-29T14:01:00-04:00,2025-08-29T14:02:00-04:00,2025-08-29T14:02:00-04:00,2025-08-29T18:02:00+00:00,2025-08-29T18:02:00+00:00,LONG,INFERIOR,1.0,14.0,1.0,271.0,4.0,8.0,5.9793,2.1743,17.285714285714285,9.910714285714286,0.5733471074380166,-0.2603305785123967,1.5099173553718168,0.5206611570247934,-0.12612612612612611,-0.8828828828828829,-1.7657657657657657,-0.1342044523862706,2.3928002382547,2.286426922790559,2.0,3.0,-0.5790363024117379,0.7289256198346266,0.8828828828828829,-0.23719008264475439,-0.12612612612612611,0.1724137931034579,0.5384615384615384,2.204132231404875,2.144144144144144,-0.08222639305350035,-0.15417759660021835,0.8554259455638101,1.023041474654378,15.278512396694131,27.369369369369366
CFD_ATAS_0584_20250901_1001,atas-mt5-lead-lab-causal-v1,2025-09-01,2025-09-01T10:01:00-04:00,2025-09-01T10:02:00-04:00,2025-09-01T10:03:00-04:00,2025-09-01T14:02:00+00:00,2025-09-01T14:03:00+00:00,LONG,INFERIOR,1.0,10.0,1.0,31.0,0.0,9.0,5.518,2.2703,3.13571428571361,3.9285714285714284,1.2528473804102926,-0.7334851936229541,0.06378132118359585,-1.7539863325744098,0.6363636363636364,0.3181818181818182,0.3181818181818182,-1.3698488299865903,-0.2544004969982223,-2.072168150756228,1.0,1.0,0.7008569054751371,1.4350797266517898,1.2727272727272727,-0.829157175399508,0.6363636363636364,0.5238095238095238,0.3333333333333333,2.3917995444196496,1.2727272727272727,1.2939017074861427,-0.008735206352285878,0.8314393939390544,0.7096774193548387,5.580865603645849,13.363636363636365
CFD_ATAS_0585_20250901_1159,atas-mt5-lead-lab-causal-v1,2025-09-01,2025-09-01T11:59:00-04:00,2025-09-01T12:00:00-04:00,2025-09-01T12:03:00-04:00,2025-09-01T16:00:00+00:00,2025-09-01T16:03:00+00:00,LONG,INFERIOR,1.0,11.0,59.0,149.0,0.0,9.0,5.4852,2.6788,3.207142857142961,2.3214285714285716,0.723830734966569,1.3095768374155312,2.338530066815069,2.8685968819589105,0.5384615384615384,0.0,-1.6153846153846152,0.7711152989539928,2.338530066815069,4.4839814973435255,1.0,3.0,1.9013850495568474,1.4342984409805895,1.0769230769230769,1.2472160356347035,0.5384615384615384,0.7666666666664241,0.6,3.897550111358448,2.1538461538461537,-3.28453101583891,0.2254920248169786,1.052754982415049,0.7428571428571429,16.930957683742005,27.999999999999996
CFD_ATAS_0586_20250902_1354,atas-mt5-lead-lab-causal-v1,2025-09-02,2025-09-02T13:54:00-04:00,2025-09-02T13:55:00-04:00,2025-09-02T13:55:00-04:00,2025-09-02T17:55:00+00:00,2025-09-02T17:55:00+00:00,LONG,INFERIOR,1.0,13.0,54.0,264.0,1.0,9.0,7.9221,1.6478,16.050000000000313,9.732142857142858,0.6063640409434684,-0.29906542056092317,0.5420560747661632,0.38006230529585205,-1.0275229357798166,-1.7981651376146788,-2.4403669724770642,0.7284575152188935,2.340221212380842,2.8204292777729165,3.0,5.0,-1.0752758779872738,0.8473520249220111,1.4128440366972477,-0.33021806853600044,-1.1559633027522935,0.2449799196786421,1.0,1.719626168224175,3.2110091743119265,0.521387466179428,-0.10120981243423237,0.7020778003437076,1.0092592592592593,15.7632398753891,26.073394495412842
CFD_ATAS_0587_20250902_1358,atas-mt5-lead-lab-causal-v1,2025-09-02,2025-09-02T13:58:00-04:00,2025-09-02T13:59:00-04:00,2025-09-02T13:59:00-04:00,2025-09-02T17:59:00+00:00,2025-09-02T17:59:00+00:00,LONG,INFERIOR,1.0,13.0,58.0,268.0,1.0,9.0,7.881,1.8383,15.50000000000052,9.375,0.6048387096773991,-0.6709677419355552,0.0709677419353876,-0.5677419354840396,-0.5333333333333333,-1.4666666666666666,-1.6,-0.13763440860222187,1.5376344086020541,1.0322580645159605,3.0,4.0,-0.4487713374601056,1.0322580645160944,0.9333333333333333,-0.7032258064516832,-0.4,0.2767295597484939,0.46153846153846156,1.8645161290322894,2.2666666666666666,0.12347519547332883,-0.08746712518934119,0.6849747474747525,0.9813084112149534,16.32258064516074,27.066666666666666
CFD_ATAS_0588_20250902_1439,atas-mt5-lead-lab-causal-v1,2025-09-02,2025-09-02T14:39:00-04:00,2025-09-02T14:40:00-04:00,2025-09-02T14:41:00-04:00,2025-09-02T18:40:00+00:00,2025-09-02T18:41:00+00:00,LONG,INFERIOR,1.0,14.0,39.0,309.0,1.0,9.0,6.0896,1.6727,12.17857142857117,8.392857142857142,0.6891495601173167,-0.7718475073312155,-0.4187683284456372,-2.668621700879822,-0.29787234042553196,0.5957446808510639,-0.14893617021276598,-0.4739751669056836,-1.0145130092967012,-2.519685530667056,1.0,3.0,0.9675176010766201,1.1906158357771515,0.5957446808510639,-0.7143695014660519,-0.14893617021276598,0.6461232604373384,0.07692307692307693,2.8328445747801188,1.4893617021276597,2.3328502563177866,0.07854148408204983,0.8712314767500978,0.8785046728971964,20.77419354838754,30.23404255319149
CFD_ATAS_0589_20250902_1456,atas-mt5-lead-lab-causal-v1,2025-09-02,2025-09-02T14:56:00-04:00,2025-09-02T14:57:00-04:00,2025-09-02T14:57:00-04:00,2025-09-02T18:57:00+00:00,2025-09-02T18:57:00+00:00,LONG,INFERIOR,1.0,14.0,56.0,326.0,1.0,9.0,7.2235,2.5094,10.88571428571465,15.357142857142858,1.4107611548555958,-0.8083989501314739,1.2493438320208219,0.385826771653263,0.813953488372093,-0.6511627906976744,-1.7093023255813953,-1.622352438503567,1.9005066227184964,2.095129097234658,1.0,2.0,-0.6116990445506607,1.6167979002622794,0.8953488372093023,-0.734908136482915,0.813953488372093,0.10344827586198245,0.42857142857142855,2.820209973752919,2.5232558139534884,0.9565054900583545,-0.419012631492315,0.8827106863597094,1.638095238095238,23.241469816272186,16.523255813953487
CFD_ATAS_0590_20250903_1009,atas-mt5-lead-lab-causal-v1,2025-09-03,2025-09-03T10:09:00-04:00,2025-09-03T10:10:00-04:00,2025-09-03T10:10:00-04:00,2025-09-03T14:10:00+00:00,2025-09-03T14:10:00+00:00,SHORT,SUPERIOR,0.0,10.0,9.0,39.0,2.0,9.0,5.244,2.9588,5.057142857141765,21.339285714285715,4.2196327683624935,-0.7316384180786785,0.8305084745765944,0.8107344632774428,0.2928870292887029,-0.23430962343096234,0.17573221757322174,-1.0245254473673815,1.0648180980075568,0.635002245704221,1.0,1.0,-0.05138454545833848,1.225988700564661,0.9372384937238494,-0.7514124293785495,0.2928870292887029,0.18721461187226446,0.058823529411764705,2.531073446328086,1.6987447698744769,0.9267502828294989,0.1502996584929222,1.2849364791286981,1.0127118644067796,5.3389830508486105,4.2761506276150625
CFD_ATAS_0591_20250903_1101,atas-mt5-lead-lab-causal-v1,2025-09-03,2025-09-03T11:01:00-04:00,2025-09-03T11:02:00-04:00,2025-09-03T11:02:00-04:00,2025-09-03T15:02:00+00:00,2025-09-03T15:02:00+00:00,LONG,INFERIOR,1.0,11.0,1.0,91.0,2.0,9.0,7.5881,2.9973,6.028571428571532,10.625,1.7624407582938084,0.6635071090047279,2.5213270142174835,-0.03317535545035709,-0.5882352941176471,-1.1764705882352942,-0.23529411764705882,1.251742403122375,3.697797602452778,0.20211876219670172,2.0,2.0,-0.8639539598822867,0.9952606635070919,0.8235294117647058,0.7132701421799618,-0.5882352941176471,0.006535947712443166,0.1111111111111111,3.284360189573886,1.5294117647058822,-0.1516918598489175,-0.012043769722675148,1.1039895356442992,0.672316384180791,8.31042654028458,14.705882352941176
CFD_ATAS_0592_20250903_1217,atas-mt5-lead-lab-causal-v1,2025-09-03,2025-09-03T12:17:00-04:00,2025-09-03T12:18:00-04:00,2025-09-03T12:18:00-04:00,2025-09-03T16:18:00+00:00,2025-09-03T16:18:00+00:00,SHORT,SUPERIOR,0.0,12.0,17.0,167.0,2.0,9.0,5.738,1.8499,5.957142857143221,9.553571428571429,1.603717026378799,-0.38609112709878635,0.5371702637884475,-0.5371702637890582,-0.2616822429906542,-0.1308411214953271,-0.1308411214953271,-0.12440888410813217,0.6680113852837746,-0.40632914229373107,2.0,2.0,0.005344971413745884,0.9568345323741645,0.5233644859813084,-0.4196642685851063,-0.2616822429906542,0.1702127659574921,0.2,1.9808153477221901,1.308411214953271,-0.46512862864513244,-0.4993492682014799,0.9030860855441415,0.7753623188405797,9.736211031174467,16.355140186915886
CFD_ATAS_0593_20250903_1329,atas-mt5-lead-lab-causal-v1,2025-09-03,2025-09-03T13:29:00-04:00,2025-09-03T13:30:00-04:00,2025-09-03T13:30:00-04:00,2025-09-03T17:30:00+00:00,2025-09-03T17:30:00+00:00,SHORT,SUPERIOR,0.0,13.0,29.0,239.0,2.0,9.0,6.2697,2.0947,14.921428571428676,9.017857142857142,0.6043561512685452,1.0119674485398666,2.298707515557618,1.2130205840113828,-0.27722772277227725,-0.8316831683168318,1.108910891089109,1.289195171312144,3.1303906838744497,0.10410969292227379,2.0,2.0,-0.3993085428026948,1.2331258975587294,0.6930693069306931,1.0789851603637053,-0.27722772277227725,0.2981878088962012,0.3076923076923077,2.714217328865467,2.3564356435643568,-0.48154061384652047,-0.29572653723603043,0.7515740241050335,0.9573459715639809,6.775490665389994,17.326732673267326
CFD_ATAS_0594_20250903_1524,atas-mt5-lead-lab-causal-v1,2025-09-03,2025-09-03T15:24:00-04:00,2025-09-03T15:25:00-04:00,2025-09-03T15:25:00-04:00,2025-09-03T19:25:00+00:00,2025-09-03T19:25:00+00:00,SHORT,SUPERIOR,0.0,15.0,24.0,354.0,2.0,9.0,6.7306,2.2765,9.61428571428587,7.946428571428571,0.8265230312035526,0.9153046062406227,2.787518573551142,0.7800891530460498,-0.3146067415730337,-0.15730337078651685,-0.4719101123595506,1.2299113478136565,2.944821944337659,1.2519992654056002,2.0,3.0,0.18151065838344008,1.3833580980682525,0.7865168539325843,1.1129271916791066,-0.4719101123595506,0.16129032258064516,0.17647058823529413,3.0683506686477955,1.7303370786516854,0.38988604551687916,-0.05966682022303735,0.8174916489523382,0.7911111111111111,16.090638930163262,26.1123595505618
CFD_ATAS_0595_20250904_1003,atas-mt5-lead-lab-causal-v1,2025-09-04,2025-09-04T10:03:00-04:00,2025-09-04T10:04:00-04:00,2025-09-04T10:04:00-04:00,2025-09-04T14:04:00+00:00,2025-09-04T14:04:00+00:00,LONG,INFERIOR,1.0,10.0,3.0,33.0,3.0,9.0,5.6853,4.6193,3.785714285713766,20.535714285714285,5.424528301887537,1.1094339622644955,3.618867924528991,1.6641509433972237,-0.791304347826087,-1.4608695652173913,-2.191304347826087,1.9007383100905826,5.079737489746382,3.855455291223311,3.0,5.0,-1.387806474793242,1.426415094339242,1.2173913043478262,1.0830188679252535,-0.791304347826087,0.2985781990522912,1.0,4.252830188679445,2.617391304347826,-3.5790319914751096,-0.2024742262732122,1.3451776649745093,0.8984374999999999,4.4641509433962625,5.417391304347826
CFD_ATAS_0596_20250904_1026,atas-mt5-lead-lab-causal-v1,2025-09-04,2025-09-04T10:26:00-04:00,2025-09-04T10:27:00-04:00,2025-09-04T10:27:00-04:00,2025-09-04T14:27:00+00:00,2025-09-04T14:27:00+00:00,LONG,INFERIOR,1.0,10.0,26.0,56.0,3.0,9.0,5.9071,2.5242,3.6714285714284154,18.303571428571427,4.9854085603114955,-0.6809338521401067,0.8171206225681281,-1.8249027237356843,-1.229268292682927,0.13658536585365855,1.2975609756097561,0.5483344405428203,0.6805352567144696,-3.1224636993454404,1.0,1.0,0.2459032664467047,0.9533073929961494,1.4341463414634148,-0.6264591439696909,-1.229268292682927,0.37853107344635323,0.34545454545454546,3.4046692607005338,2.8000000000000003,1.4619400068026538,0.09471715941352411,1.0249252243271316,0.8951965065502183,6.182879377432368,7.580487804878049
CFD_ATAS_0597_20250904_1056,atas-mt5-lead-lab-causal-v1,2025-09-04,2025-09-04T10:56:00-04:00,2025-09-04T10:57:00-04:00,2025-09-04T10:57:00-04:00,2025-09-04T14:57:00+00:00,2025-09-04T14:57:00+00:00,LONG,INFERIOR,1.0,10.0,56.0,86.0,3.0,9.0,5.3758,2.4885,5.850000000000104,11.875,2.029914529914494,0.3931623931622618,1.4188034188032692,-0.4957264957261138,0.7368421052631579,-0.5263157894736842,0.0,-0.34367971210089604,1.9451192082769535,-0.4957264957261138,1.0,1.0,-0.20530770156459,0.7863247863245236,1.0526315789473684,0.41025641025665177,0.7368421052631579,0.14871794871786453,0.0,2.5811965811969086,1.7894736842105263,0.19446738549399184,-0.16900392825802615,1.3964194373403165,0.6820512820512821,6.871794871794875,11.68421052631579
CFD_ATAS_0598_20250904_1114,atas-mt5-lead-lab-causal-v1,2025-09-04,2025-09-04T11:14:00-04:00,2025-09-04T11:15:00-04:00,2025-09-04T11:15:00-04:00,2025-09-04T15:15:00+00:00,2025-09-04T15:15:00+00:00,SHORT,SUPERIOR,0.0,11.0,14.0,104.0,3.0,9.0,8.0029,2.1679,5.142857142856883,11.696428571428571,2.2743055555556704,-0.6222222222216878,1.1666666666667256,-0.6222222222216878,-0.7480916030534351,-0.5343511450381679,2.1374045801526718,0.12586938083174737,1.7010178117048935,-2.7596268023743598,2.0,2.0,-0.5343511450381679,0.6999999999997524,1.2824427480916032,-0.563888888888493,-0.7480916030534351,0.14814814814807328,0.45454545454545453,2.0805555555550947,3.5267175572519083,-1.70168571171016,-0.3521222642053741,1.0851544837980693,0.9458483754512635,7.816666666667203,11.86259541984733
CFD_ATAS_0599_20250904_1131,atas-mt5-lead-lab-causal-v1,2025-09-04,2025-09-04T11:31:00-04:00,2025-09-04T11:32:00-04:00,2025-09-04T11:32:00-04:00,2025-09-04T15:32:00+00:00,2025-09-04T15:32:00+00:00,LONG,INFERIOR,1.0,11.0,31.0,121.0,3.0,9.0,5.5616,3.098,7.278571428571793,8.75,1.2021589793915002,-0.8655544651617803,0.4396467124632772,0.4396467124632772,0.42857142857142855,-0.7142857142857143,-0.14285714285714285,-1.2941258937332087,1.1539324267489914,0.58250385532042,2.0,3.0,-0.048536591161142235,1.5662414131502689,1.1428571428571428,-0.8930323846908287,0.42857142857142855,0.13114754098364811,0.05263157894736842,2.8851815505396003,2.4285714285714284,0.6362551360406323,-0.36835923208600013,1.384510869565314,0.7424242424242424,5.632973503434458,16.714285714285715
CFD_ATAS_0600_20250904_1431,atas-mt5-lead-lab-causal-v1,2025-09-04,2025-09-04T14:31:00-04:00,2025-09-04T14:32:00-04:00,2025-09-04T14:32:00-04:00,2025-09-04T18:32:00+00:00,2025-09-04T18:32:00+00:00,SHORT,SUPERIOR,0.0,14.0,31.0,301.0,3.0,9.0,7.1895,1.9754,8.142857142857403,5.089285714285714,0.62499999999998,-0.3929824561399809,0.8473684210527832,0.1719298245615767,-0.24561403508771928,0.24561403508771928,-0.9824561403508771,-0.1473684210522616,0.6017543859650639,1.154385964912454,2.0,4.0,1.449054370478833,1.1912280701754898,0.7368421052631579,-0.24561403508771143,-0.24561403508771928,0.06034482758627719,0.3333333333333333,2.591228070175177,1.719298245614035,-0.6443360317184611,0.299293170342859,0.7345360824742727,0.8769230769230769,17.819298245613286,39.05263157894737
CFD_ATAS_0601_20250904_1553,atas-mt5-lead-lab-causal-v1,2025-09-04,2025-09-04T15:53:00-04:00,2025-09-04T15:54:00-04:00,2025-09-04T15:54:00-04:00,2025-09-04T19:54:00+00:00,2025-09-04T19:54:00+00:00,SHORT,SUPERIOR,0.0,15.0,53.0,383.0,3.0,9.0,6.8614,1.6911,7.88571428571413,7.053571428571429,0.8944746376811772,0.08876811594166167,0.4438405797101537,-0.3931159420292701,-0.8860759493670886,-1.7721518987341771,-2.8354430379746836,0.9748440653087502,2.215992478444331,2.4423270959454135,3.0,4.0,-1.6154377327011042,0.6467391304346108,1.0632911392405062,0.0760869565215561,-0.8860759493670886,0.1402714932127546,0.8888888888888888,1.547101449275485,3.3670886075949364,-0.26955159466183176,-0.4634659920035565,1.054945054945001,1.2845528455284552,19.465579710145313,33.848101265822784
CFD_ATAS_0602_20250905_1003,atas-mt5-lead-lab-causal-v1,2025-09-05,2025-09-05T10:03:00-04:00,2025-09-05T10:04:00-04:00,2025-09-05T10:04:00-04:00,2025-09-05T14:04:00+00:00,2025-09-05T14:04:00+00:00,LONG,INFERIOR,1.0,10.0,3.0,33.0,4.0,9.0,5.3141,4.3613,3.2499999999994804,26.428571428571427,8.131868131869432,-0.7384615384621043,1.2307692307694276,1.0461538461533417,-0.3783783783783784,-0.3310810810810811,-1.087837837837838,-0.3600831600837259,1.5618503118505087,2.1339916839911797,2.0,3.0,-0.1260325625241102,1.0769230769232492,0.6148648648648649,-0.6461538461546211,-0.3783783783783784,0.2048192771082753,0.45098039215686275,3.846153846154461,1.891891891891892,-1.7580249424257948,-0.21926476174123904,1.4820846905534737,0.976897689768977,4.461538461539175,3.6891891891891895
CFD_ATAS_0603_20250905_1102,atas-mt5-lead-lab-causal-v1,2025-09-05,2025-09-05T11:02:00-04:00,2025-09-05T11:03:00-04:00,2025-09-05T11:03:00-04:00,2025-09-05T15:03:00+00:00,2025-09-05T15:03:00+00:00,LONG,INFERIOR,1.0,11.0,2.0,92.0,4.0,9.0,5.6737,2.6281,5.221428571428727,26.517857142857142,5.078659370724883,1.168262653899152,1.9151846785225148,0.5170998632012184,-0.5185185185185185,-1.1784511784511784,-2.686868686868687,1.6867811724176707,3.0936358569736933,3.2039685500699053,2.0,4.0,-1.1522568195892078,1.2831737346102243,1.1313131313131313,1.1299589603285625,-0.5185185185185185,0.12217194570137832,0.9344262295081968,2.145006839945356,2.9225589225589226,-2.7967394688434757,0.15982355259832878,1.5470899470902313,0.9949748743718593,5.956224350204742,14.565656565656566
CFD_ATAS_0604_20250905_1211,atas-mt5-lead-lab-causal-v1,2025-09-05,2025-09-05T12:11:00-04:00,2025-09-05T12:12:00-04:00,2025-09-05T12:12:00-04:00,2025-09-05T16:12:00+00:00,2025-09-05T16:12:00+00:00,SHORT,SUPERIOR,0.0,12.0,11.0,161.0,4.0,9.0,8.013,2.0943,7.757142857143533,16.964285714285715,2.1869244935541374,-0.5930018416203869,0.5027624309393703,1.1344383057088312,-0.07368421052631578,-0.6631578947368421,-2.2105263157894735,-0.5193176310940711,1.1659203256762125,3.3449646214983044,2.0,3.0,-0.25439189323371175,0.8508287292815062,0.5157894736842105,-0.6187845303865926,-0.07368421052631578,0.43137254901961836,0.9375,2.3720073664824857,2.7263157894736842,0.3947728316490272,-0.41236172159328105,0.7771019677997201,0.9620253164556963,21.915285451195142,23.43157894736842
CFD_ATAS_0605_20250905_1322,atas-mt5-lead-lab-causal-v1,2025-09-05,2025-09-05T13:22:00-04:00,2025-09-05T13:23:00-04:00,2025-09-05T13:26:00-04:00,2025-09-05T17:23:00+00:00,2025-09-05T17:26:00+00:00,LONG,INFERIOR,1.0,13.0,22.0,232.0,4.0,9.0,7.2058,1.8103,24.685714285714443,12.678571428571429,0.5135995370370338,-1.0775462962962306,-0.30381944444444253,-2.155092592592461,0.19718309859154928,0.29577464788732394,0.09859154929577464,-1.2747293948877798,-0.5995940923317664,-2.2536841418882356,0.0,1.0,0.5559336643261035,1.4745370370370865,0.49295774647887325,-1.1018518518517268,0.09859154929577464,0.4500846023688528,0.058823529411764705,2.2523148148147416,1.7746478873239435,1.8190834641509563,0.12268439369785401,1.0597976080956582,0.8632218844984803,8.640624999999915,31.352112676056336
CFD_ATAS_0606_20250905_1447,atas-mt5-lead-lab-causal-v1,2025-09-05,2025-09-05T14:47:00-04:00,2025-09-05T14:48:00-04:00,2025-09-05T14:48:00-04:00,2025-09-05T18:48:00+00:00,2025-09-05T18:48:00+00:00,SHORT,SUPERIOR,0.0,14.0,47.0,317.0,4.0,9.0,5.7241,3.5911,13.821428571428571,8.571428571428571,0.6201550387596899,-1.4470284237726099,1.3819121447030003,1.4470284237726099,-1.0208333333333333,-0.2916666666666667,-1.3125,-0.4261950904392766,1.673578811369667,2.75952842377261,1.0,3.0,0.5025263428203592,1.5555555555555556,1.1666666666666667,-1.345736434108422,-1.0208333333333333,0.3105590062111731,0.47368421052631576,3.349870801033539,1.6041666666666667,0.054310471699373954,-0.0060098033284554046,0.5879671832269885,0.803347280334728,28.61498708010336,46.375
CFD_ATAS_0607_20250908_1118,atas-mt5-lead-lab-causal-v1,2025-09-08,2025-09-08T11:18:00-04:00,2025-09-08T11:19:00-04:00,2025-09-08T11:19:00-04:00,2025-09-08T15:19:00+00:00,2025-09-08T15:19:00+00:00,LONG,INFERIOR,1.0,11.0,18.0,108.0,0.0,9.0,6.6437,2.0605,5.428571428571429,8.214285714285714,1.5131578947368418,-0.5526315789473684,0.5710526315786792,0.0,-1.2173913043478262,-1.5217391304347827,-2.739130434782609,0.6647597254004578,2.092791762013462,2.739130434782609,2.0,3.0,-1.4359752871954699,0.9763157894735501,1.5217391304347827,-0.5894736842106603,-1.2173913043478262,0.0,0.75,1.9710526315790813,3.5000000000000004,-0.5922989611333902,0.0008600736159123223,1.5966386554620506,0.8803827751196172,8.36315789473711,14.15217391304348
CFD_ATAS_0608_20250908_1225,atas-mt5-lead-lab-causal-v1,2025-09-08,2025-09-08T12:25:00-04:00,2025-09-08T12:26:00-04:00,2025-09-08T12:28:00-04:00,2025-09-08T16:26:00+00:00,2025-09-08T16:28:00+00:00,SHORT,SUPERIOR,0.0,12.0,25.0,175.0,0.0,9.0,5.4167,1.75,4.578571428571324,7.678571428571429,1.6770670826833456,1.0702028081118722,2.7082683307328144,1.3759750390014325,-0.1627906976744186,-0.0,0.9767441860465116,1.2329935057862909,2.7082683307328144,0.3992308529549209,1.0,1.0,0.052250775926188715,1.3104524180967536,1.1395348837209303,0.8299531981277851,-0.1627906976744186,0.3405405405405682,0.75,3.2761310452418844,1.9534883720930232,-0.6970496442553479,-0.16965060098746695,0.9853958493466174,0.9502762430939228,10.745709828393538,15.13953488372093
CFD_ATAS_0609_20250908_1240,atas-mt5-lead-lab-causal-v1,2025-09-08,2025-09-08T12:40:00-04:00,2025-09-08T12:41:00-04:00,2025-09-08T12:41:00-04:00,2025-09-08T16:41:00+00:00,2025-09-08T16:41:00+00:00,SHORT,SUPERIOR,0.0,12.0,40.0,190.0,0.0,9.0,5.1126,3.4527,18.807142857143067,9.375,0.49848082035700164,-1.3824534751234179,0.5104443600454923,-0.3243448537790718,0.26666666666666666,-0.8,0.5333333333333333,-1.6491201417900845,1.3104443600454925,-0.8576781871124051,1.0,1.0,-0.032251641441058986,1.5685529813900319,0.8,-1.3665020888720325,0.4,0.07891332470895525,0.18181818181818182,2.6213444739839806,2.2666666666666666,-1.616636880079149,-0.4510114093962491,3.9593984962407536,1.1413043478260871,5.423471325484178,12.4
CFD_ATAS_0610_20250908_1451,atas-mt5-lead-lab-causal-v1,2025-09-08,2025-09-08T14:51:00-04:00,2025-09-08T14:52:00-04:00,2025-09-08T14:53:00-04:00,2025-09-08T18:52:00+00:00,2025-09-08T18:53:00+00:00,LONG,INFERIOR,1.0,14.0,51.0,321.0,0.0,9.0,6.3415,2.3462,9.435714285714441,6.964285714285714,0.7380772142316305,0.5828917486752364,1.5791067373199545,1.7910673732018587,0.5384615384615384,-1.0769230769230769,-0.1794871794871795,0.044430210213697974,2.6560298142430314,1.9705545526890382,2.0,2.0,0.5317921378952749,1.155185465556532,1.2564102564102564,0.6464799394396534,0.5384615384615384,0.6525096525096232,0.058823529411764705,2.9886449659349257,1.794871794871795,0.3497047857236067,-0.35634395245724804,1.1659311562224075,1.0064516129032257,15.218773656320563,17.94871794871795
CFD_ATAS_0611_20250909_0954,atas-mt5-lead-lab-causal-v1,2025-09-09,2025-09-09T09:54:00-04:00,2025-09-09T09:55:00-04:00,2025-09-09T09:55:00-04:00,2025-09-09T13:55:00+00:00,2025-09-09T13:55:00+00:00,LONG,INFERIOR,1.0,9.0,54.0,24.0,1.0,9.0,6.0828,2.6391,3.4285714285719484,13.839285714285714,4.036458333332721,-1.0791666666667152,0.7291666666665562,-0.7291666666665562,-0.5419354838709678,-0.1806451612903226,-1.6258064516129034,-0.5372311827957474,0.9098118279568788,0.8966397849463472,2.0,4.0,-0.14450823688579184,1.691666666666198,0.8129032258064517,-1.137500000000252,-0.5419354838709678,0.16778523489931246,0.6428571428571429,2.391666666666516,1.9870967741935486,-2.0735235215873185,0.4056122570469612,1.0909090909092563,0.981012658227848,5.512499999999589,3.883870967741936
CFD_ATAS_0612_20250909_1024,atas-mt5-lead-lab-causal-v1,2025-09-09,2025-09-09T10:24:00-04:00,2025-09-09T10:25:00-04:00,2025-09-09T10:25:00-04:00,2025-09-09T14:25:00+00:00,2025-09-09T14:25:00+00:00,LONG,INFERIOR,1.0,10.0,24.0,54.0,1.0,9.0,7.0112,2.4719,5.15714285714265,12.410714285714286,2.4065096952909557,0.038781163435045694,2.036011080332492,1.6288088642662757,-0.7050359712230215,-0.4028776978417266,0.10071942446043165,0.7438171346580672,2.438888778174219,1.528089439805844,2.0,3.0,-0.34636796192034053,0.8725761772853536,0.8057553956834532,0.09695290858726152,-0.7050359712230215,0.6000000000001039,0.037037037037037035,2.6759002770082767,1.1079136690647482,-0.0002794031386129742,0.32049590284243284,1.465989847715677,0.8224852071005917,8.764542936288583,6.244604316546762
CFD_ATAS_0613_20250909_1521,atas-mt5-lead-lab-causal-v1,2025-09-09,2025-09-09T15:21:00-04:00,2025-09-09T15:22:00-04:00,2025-09-09T15:22:00-04:00,2025-09-09T19:22:00+00:00,2025-09-09T19:22:00+00:00,SHORT,SUPERIOR,0.0,15.0,21.0,351.0,1.0,9.0,7.7527,4.1548,7.821428571428312,4.017857142857143,0.5136986301370035,0.3196347031963576,3.2091324200912448,3.2347031963470463,-0.31111111111111106,-1.2444444444444442,-2.1777777777777776,0.6307458143074687,4.453576864535689,5.412480974124824,3.0,4.0,-0.12197805430494352,1.0228310502283444,0.9333333333333332,0.3452054794521593,-0.31111111111111106,0.9844357976653134,1.0,3.9123287671232316,2.8,1.0229430568584046,-0.10777800535436796,0.9221052631578501,0.7826086956521741,16.6465753424664,32.977777777777774
CFD_ATAS_0614_20250910_1059,atas-mt5-lead-lab-causal-v1,2025-09-10,2025-09-10T10:59:00-04:00,2025-09-10T11:00:00-04:00,2025-09-10T11:00:00-04:00,2025-09-10T15:00:00+00:00,2025-09-10T15:00:00+00:00,SHORT,SUPERIOR,0.0,10.0,59.0,89.0,2.0,9.0,5.1142,1.9178,2.75,11.517857142857142,4.188311688311688,-0.25454545454571914,0.39999999999947083,0.6181818181820827,-0.5426356589147288,0.10852713178294573,0.21705426356589147,0.2880902043690096,0.29147286821652507,0.40112755461619126,1.0,2.0,0.42172751586036866,0.5818181818176527,0.8682170542635659,0.0363636363631072,-0.5426356589147288,0.2881355932205689,0.06666666666666667,2.1818181818181817,2.170542635658915,-0.7721894412090338,0.2922796298933621,0.8406113537118037,0.9020979020979021,14.836363636363371,8.68217054263566
CFD_ATAS_0615_20250910_1120,atas-mt5-lead-lab-causal-v1,2025-09-10,2025-09-10T11:20:00-04:00,2025-09-10T11:21:00-04:00,2025-09-10T11:21:00-04:00,2025-09-10T15:21:00+00:00,2025-09-10T15:21:00+00:00,LONG,INFERIOR,1.0,11.0,20.0,110.0,2.0,9.0,5.3311,2.0397,4.028571428571273,10.982142857142858,2.7260638297873396,-0.595744680850545,0.7943262411349631,0.0,-0.7967479674796748,-2.5040650406504064,-2.9593495934959346,0.2010032866291298,3.2983912817853693,2.9593495934959346,3.0,4.0,-2.3216123216306577,0.9432624113473735,1.2520325203252032,-0.5709219858154443,-0.7967479674796748,0.0,0.6842105263157895,2.184397163120471,3.5284552845528454,-2.93680350947461,0.05779757823151153,1.062146892655319,0.9959514170040485,11.865248226950632,9.105691056910569
CFD_ATAS_0616_20250910_1223,atas-mt5-lead-lab-causal-v1,2025-09-10,2025-09-10T12:23:00-04:00,2025-09-10T12:24:00-04:00,2025-09-10T12:24:00-04:00,2025-09-10T16:24:00+00:00,2025-09-10T16:24:00+00:00,SHORT,SUPERIOR,0.0,12.0,23.0,173.0,2.0,9.0,6.5205,1.5726,5.15714285714265,9.107142857142858,1.7659279778394064,-0.36842105263117053,0.46537396121913743,-0.11634349030443165,-0.6862745098039216,0.4117647058823529,1.784313725490196,0.31785345717275104,0.05360925533678451,-1.9006572157946275,1.0,1.0,0.7403659574675496,0.6011080332414447,1.2352941176470587,-0.271468144043909,-0.6862745098039216,0.052631578947267645,0.5652173913043478,1.59002770083123,3.2941176470588234,-1.68280397168353,0.3656708462765379,0.6364037020713877,1.02,23.637119113573934,10.980392156862745
CFD_ATAS_0617_20250911_1150,atas-mt5-lead-lab-causal-v1,2025-09-11,2025-09-11T11:50:00-04:00,2025-09-11T11:51:00-04:00,2025-09-11T11:51:00-04:00,2025-09-11T15:51:00+00:00,2025-09-11T15:51:00+00:00,SHORT,SUPERIOR,0.0,11.0,50.0,140.0,3.0,9.0,5.6751,2.1026,14.492857142856987,8.392857142857142,0.5791030064071032,-0.8210941350420018,-0.027599802858651715,-1.2005914243470823,-0.7446808510638299,-0.29787234042553196,0.29787234042553196,-0.07641328397817193,0.27027253756688024,-1.4984637647726142,1.0,2.0,0.10891097564865747,1.2074913750616196,0.7446808510638299,-0.8348940364713276,-0.7446808510638299,0.26605504587157597,0.08333333333333333,2.201084277969567,1.9361702127659575,-1.3830684747375366,-0.05825376540531519,3.233466135458508,0.9591836734693877,7.838344011828721,16.23404255319149
CFD_ATAS_0618_20250911_1555,atas-mt5-lead-lab-causal-v1,2025-09-11,2025-09-11T15:55:00-04:00,2025-09-11T15:56:00-04:00,2025-09-11T15:56:00-04:00,2025-09-11T19:56:00+00:00,2025-09-11T19:56:00+00:00,LONG,INFERIOR,1.0,15.0,55.0,385.0,3.0,9.0,5.5614,2.0021,6.97857142857174,7.321428571428571,1.0491299897645385,0.07164790174001727,1.9058341862848764,0.0,-1.1951219512195121,-1.1951219512195121,-2.2195121951219514,1.2667698529595295,3.1009561375043884,2.2195121951219514,2.0,4.0,-1.1266308010354917,1.017400204708558,1.878048780487805,0.18628454452446194,-1.1951219512195121,0.0,0.6190476190476191,2.2640736949849627,2.2195121951219514,-0.3731517566822657,-0.0584107345234049,1.200245700245947,1.5185185185185186,26.466734902762482,18.609756097560975
CFD_ATAS_0619_20250912_1208,atas-mt5-lead-lab-causal-v1,2025-09-12,2025-09-12T12:08:00-04:00,2025-09-12T12:09:00-04:00,2025-09-12T12:09:00-04:00,2025-09-12T16:09:00+00:00,2025-09-12T16:09:00+00:00,SHORT,SUPERIOR,0.0,12.0,8.0,158.0,4.0,9.0,5.1304,1.7971,3.600000000000364,6.339285714285714,1.7609126984125205,-1.027777777777876,-0.9999999999994947,-1.1388888888883695,-0.39436619718309857,-1.971830985915493,-1.7746478873239435,-0.6334115805947775,0.9718309859159983,0.635758998435574,3.0,4.0,-1.4185681804409578,0.9999999999994947,0.5915492957746479,-0.9999999999994947,-0.39436619718309857,0.5061728395056294,0.5294117647058824,1.8888888888884958,2.563380281690141,-0.5155163577594893,-0.006870777681462161,0.8337468982631016,0.9530201342281879,11.055555555554236,17.943661971830984
CFD_ATAS_0620_20250912_1313,atas-mt5-lead-lab-causal-v1,2025-09-12,2025-09-12T13:13:00-04:00,2025-09-12T13:14:00-04:00,2025-09-12T13:15:00-04:00,2025-09-12T17:14:00+00:00,2025-09-12T17:15:00+00:00,SHORT,SUPERIOR,0.0,13.0,13.0,223.0,4.0,9.0,5.1143,2.4871,8.921428571428416,4.196428571428571,0.4703763010408408,0.9527622097678308,2.6004803843075726,2.2978382706165332,-0.0,-0.29787234042553196,-0.8936170212765958,0.9527622097678308,2.8983527247331047,3.191455291893129,1.0,2.0,0.9208724147817269,1.3002401921535824,1.1914893617021278,0.9303442754202709,-0.0,0.6856187290969566,0.42857142857142855,3.429943955164028,2.0851063829787235,0.8148701639779917,-0.18401514580588138,0.891506067094926,0.8545454545454545,6.759007205765055,28.595744680851066
CFD_ATAS_0621_20250912_1358,atas-mt5-lead-lab-causal-v1,2025-09-12,2025-09-12T13:58:00-04:00,2025-09-12T13:59:00-04:00,2025-09-12T13:59:00-04:00,2025-09-12T17:59:00+00:00,2025-09-12T17:59:00+00:00,SHORT,SUPERIOR,0.0,13.0,58.0,268.0,4.0,9.0,6.0536,2.2382,6.678571428571169,4.910714285714286,0.7352941176470874,0.1347593582889932,0.5540106951872963,-0.26951871657744164,-0.7636363636363637,-1.5272727272727273,-1.5272727272727273,0.8983957219253569,2.0812834224600234,1.2577540106952858,3.0,4.0,0.12438676991521128,0.7486631016043073,1.2727272727272727,0.10481283422471195,-0.7636363636363637,0.17307692307688943,0.75,2.2310160427810533,2.5454545454545454,1.5324905437996061,-0.0910313241884032,0.7906976744185861,1.0185185185185186,16.88983957219361,25.70909090909091
CFD_ATAS_0622_20250912_1508,atas-mt5-lead-lab-causal-v1,2025-09-12,2025-09-12T15:08:00-04:00,2025-09-12T15:09:00-04:00,2025-09-12T15:09:00-04:00,2025-09-12T19:09:00+00:00,2025-09-12T19:09:00+00:00,LONG,INFERIOR,1.0,15.0,8.0,338.0,4.0,9.0,5.0725,2.6561,6.057142857143065,4.553571428571429,0.7517688679245026,0.37971698113194235,1.9811320754716302,1.7334905660376765,0.2745098039215686,-1.3725490196078431,-0.8235294117647058,0.10520717721037376,3.353681095079473,2.5570199778023825,2.0,2.0,-0.5125199358731134,0.6273584905658961,0.5490196078431372,0.4127358490565896,0.2745098039215686,0.5329949238577499,0.3333333333333333,2.6745283018862205,2.1960784313725488,-0.38085208038598095,-0.1261322306514151,0.9598189020939735,1.0408163265306123,18.622641509433805,34.588235294117645
CFD_ATAS_0623_20250915_1143,atas-mt5-lead-lab-causal-v1,2025-09-15,2025-09-15T11:43:00-04:00,2025-09-15T11:44:00-04:00,2025-09-15T11:44:00-04:00,2025-09-15T15:44:00+00:00,2025-09-15T15:44:00+00:00,LONG,INFERIOR,1.0,11.0,43.0,133.0,0.0,9.0,6.2178,2.0,5.464285714285454,6.160714285714286,1.1274509803922106,-0.03660130718967738,1.4823529411769407,1.2444444444443705,-0.2028985507246377,-0.4057971014492754,0.6086956521739131,0.1662972435349603,1.888150042626216,0.6357487922704574,2.0,2.0,-0.19351508363649467,0.5307189542479918,0.8115942028985508,-0.018300653594505802,-0.2028985507246377,0.5151515151514316,0.2,1.848366013072383,2.8405797101449277,0.8385752065006256,-0.16672777895941973,1.3492063492063109,0.9650349650349651,10.266666666667556,17.043478260869566
CFD_ATAS_0624_20250915_1206,atas-mt5-lead-lab-causal-v1,2025-09-15,2025-09-15T12:06:00-04:00,2025-09-15T12:07:00-04:00,2025-09-15T12:07:00-04:00,2025-09-15T16:07:00+00:00,2025-09-15T16:07:00+00:00,SHORT,SUPERIOR,0.0,12.0,6.0,156.0,0.0,9.0,6.1938,1.9663,5.185714285714182,6.071428571428571,1.1707988980716486,0.3663911845725892,-0.7327823691458799,0.424242424242573,-0.6176470588235294,-0.823529411764706,-0.2058823529411765,0.9840382433961186,0.09074704261882605,0.6301247771837495,2.0,2.0,0.4673920429595027,0.8677685950413396,0.823529411764706,0.30853994490330683,-0.6176470588235294,0.15068493150695172,0.14285714285714285,1.9283746556474215,1.4411764705882353,-1.1824371183425506,-0.053525481155671,0.991803278688569,0.9855072463768115,12.16804407713565,19.147058823529413
CFD_ATAS_0625_20250915_1235,atas-mt5-lead-lab-causal-v1,2025-09-15,2025-09-15T12:35:00-04:00,2025-09-15T12:36:00-04:00,2025-09-15T12:36:00-04:00,2025-09-15T16:36:00+00:00,2025-09-15T16:36:00+00:00,SHORT,SUPERIOR,0.0,12.0,35.0,185.0,0.0,9.0,6.4846,3.0662,10.221428571429247,5.625,0.5503144654087687,-0.34241788958767827,0.3522012578614696,-1.516422082459718,-0.0,-0.4444444444444444,-1.5555555555555556,-0.34241788958767827,0.796645702305914,0.03913347309583748,2.0,4.0,0.14447531170444564,0.9294199860236982,0.4444444444444444,-0.3717679944094081,-0.0,0.31958762886597936,1.0,2.4164919636616866,2.2222222222222223,-1.5066509095610303,0.4067737733662436,2.0575125808771166,0.9402985074626866,9.421383647798404,21.555555555555557
CFD_ATAS_0626_20250915_1407,atas-mt5-lead-lab-causal-v1,2025-09-15,2025-09-15T14:07:00-04:00,2025-09-15T14:08:00-04:00,2025-09-15T14:08:00-04:00,2025-09-15T18:08:00+00:00,2025-09-15T18:08:00+00:00,SHORT,SUPERIOR,0.0,14.0,7.0,277.0,0.0,9.0,5.0162,2.412,6.035714285714026,4.553571428571429,0.7544378698225177,0.3644970414202546,1.9053254437870641,1.3751479289940214,0.2745098039215686,-0.0,-1.6470588235294117,0.08998723749868598,1.9053254437870641,3.022206752523433,1.0,3.0,0.6599321338818317,0.9443786982244105,0.8235294117647058,0.3147928994079359,0.2745098039215686,0.5646258503400586,0.75,2.866272189349115,2.7450980392156863,1.4040647882779997,-0.11524032670953759,0.7856810785680661,0.7727272727272727,25.365680473374233,26.627450980392155
CFD_ATAS_0627_20250915_1445,atas-mt5-lead-lab-causal-v1,2025-09-15,2025-09-15T14:45:00-04:00,2025-09-15T14:46:00-04:00,2025-09-15T14:50:00-04:00,2025-09-15T18:46:00+00:00,2025-09-15T18:50:00+00:00,SHORT,SUPERIOR,0.0,14.0,45.0,315.0,0.0,9.0,6.0153,2.4885,5.628571428571637,6.071428571428571,1.0786802030456453,-0.39086294416255135,0.4441624365482069,0.5685279187818342,-0.2058823529411765,0.411764705882353,1.8529411764705883,-0.18498059122137486,0.03239773066585394,-1.2844132576887541,2.0,2.0,1.779361970179461,0.994923857867725,1.2352941176470589,-0.3730964467008816,-0.2058823529411765,0.1720430107527071,0.5294117647058824,2.6649746192892416,3.294117647058824,-1.4550433234436386,-0.3197502504388813,0.9173457508732628,1.2363636363636363,28.14213197969465,19.97058823529412
CFD_ATAS_0628_20250916_1440,atas-mt5-lead-lab-causal-v1,2025-09-16,2025-09-16T14:40:00-04:00,2025-09-16T14:41:00-04:00,2025-09-16T14:41:00-04:00,2025-09-16T18:41:00+00:00,2025-09-16T18:41:00+00:00,LONG,INFERIOR,1.0,14.0,40.0,310.0,1.0,9.0,5.4244,1.8253,5.764285714285246,4.285714285714286,0.7434944237918819,-0.9541511771995819,0.5551425030980648,-0.1734820322181058,0.2916666666666667,-1.1666666666666667,0.5833333333333334,-1.2458178438662486,1.7218091697647315,-0.7568153655514391,1.0,1.0,-0.954216963915557,1.6827757125157523,1.1666666666666667,-0.8674101610905289,0.2916666666666667,0.054347826086952225,0.16666666666666666,2.342007434944428,2.3333333333333335,0.9043282399792606,-0.11421502674191353,0.7935103244837483,1.0,20.071871127634335,23.625
CFD_ATAS_0629_20250917_1056,atas-mt5-lead-lab-causal-v1,2025-09-17,2025-09-17T10:56:00-04:00,2025-09-17T10:57:00-04:00,2025-09-17T10:57:00-04:00,2025-09-17T14:57:00+00:00,2025-09-17T14:57:00+00:00,SHORT,SUPERIOR,0.0,10.0,56.0,86.0,2.0,9.0,5.5624,1.881,3.6214285714283636,9.732142857142858,2.6873767258384187,-0.2209072978301865,1.4635108481261159,1.0493096646941393,0.5137614678899083,-0.12844036697247707,-0.6422018348623852,-0.7346687657200948,1.591951215098593,1.6915114995565246,1.0,3.0,-0.06636912516278744,0.966469428007945,1.1559633027522935,-0.2761341222879843,0.5137614678899083,0.4523809523809833,0.3333333333333333,1.93293885601589,2.055045871559633,-0.7390183017217963,-0.3464533485491608,0.8651877133106326,0.9819819819819819,8.145956607495537,13.486238532110091
CFD_ATAS_0630_20250917_1134,atas-mt5-lead-lab-causal-v1,2025-09-17,2025-09-17T11:34:00-04:00,2025-09-17T11:35:00-04:00,2025-09-17T11:35:00-04:00,2025-09-17T15:35:00+00:00,2025-09-17T15:35:00+00:00,SHORT,SUPERIOR,0.0,11.0,34.0,124.0,2.0,9.0,5.5552,1.9431,3.63571428571413,7.142857142857143,1.96463654223977,0.41257367387035165,1.2927308447939687,-0.08251473477387021,0.35,-0.875,-0.35,0.06257367387035168,2.1677308447939687,0.26748526522612975,2.0,3.0,-0.438521675717493,0.9626719056974873,0.525,0.46758349705326535,0.35,0.026548672566309002,0.125,2.2829076620824127,1.75,-0.8117073683041585,-0.26847111921282646,0.9305301645337686,0.8602150537634411,10.369351669941706,19.075
CFD_ATAS_0631_20250917_1207,atas-mt5-lead-lab-causal-v1,2025-09-17,2025-09-17T12:07:00-04:00,2025-09-17T12:08:00-04:00,2025-09-17T12:08:00-04:00,2025-09-17T16:08:00+00:00,2025-09-17T16:08:00+00:00,SHORT,SUPERIOR,0.0,12.0,7.0,157.0,2.0,9.0,5.6112,2.02,3.828571428570805,6.785714285714286,1.7723880597017814,0.39179104477618326,-0.07835820895504661,-0.0,-0.18421052631578946,-0.18421052631578946,0.18421052631578946,0.5760015710919727,0.10585231736074285,-0.18421052631578946,2.0,2.0,0.3491264496564614,1.0447761194031553,1.105263157894737,0.3395522388058354,-0.18421052631578946,0.0,0.06666666666666667,1.9589552238809163,1.8421052631578947,-1.182576292601015,-0.1759610314714691,1.032755298651055,0.9382716049382717,10.708955223882342,21.0
CFD_ATAS_0632_20250917_1425,atas-mt5-lead-lab-causal-v1,2025-09-17,2025-09-17T14:25:00-04:00,2025-09-17T14:26:00-04:00,2025-09-17T14:26:00-04:00,2025-09-17T18:26:00+00:00,2025-09-17T18:26:00+00:00,SHORT,SUPERIOR,0.0,14.0,25.0,295.0,2.0,9.0,5.0588,2.4265,6.571428571428831,35.0,5.326086956521529,0.6391304347826942,1.9782608695651391,2.3130434782608886,0.25,0.14285714285714285,-1.3214285714285714,0.38913043478269416,1.8354037267079963,3.6344720496894602,1.0,3.0,0.33032243581411813,1.4456521739129864,0.5357142857142857,0.6847826086956251,0.25,0.7450980392158016,0.6491228070175439,3.4695652173910565,2.607142857142857,0.18204092811570863,-0.2726111303489133,0.7920792079208011,4.8999999999999995,20.710869565216903,7.107142857142857
CFD_ATAS_0633_20250917_1431,atas-mt5-lead-lab-causal-v1,2025-09-17,2025-09-17T14:31:00-04:00,2025-09-17T14:32:00-04:00,2025-09-17T14:32:00-04:00,2025-09-17T18:32:00+00:00,2025-09-17T18:32:00+00:00,LONG,INFERIOR,1.0,14.0,31.0,301.0,2.0,9.0,5.603,2.2321,6.528571428571793,29.375,4.499452954047889,-0.9956236323850648,0.32166301969397065,-0.7352297592996287,-0.723404255319149,-1.1063829787234043,0.0,-0.2722193770659158,1.428045998417375,-0.7352297592996287,2.0,2.0,-1.0547264330111386,1.3326039387308906,0.8085106382978723,-1.041575492341187,-0.723404255319149,0.21818181818174903,0.0,2.251641137855566,2.25531914893617,0.7244517942083607,-0.25844982019971025,0.8028107158542364,2.4552238805970146,20.846827133478385,8.46808510638298
CFD_ATAS_0634_20250917_1543,atas-mt5-lead-lab-causal-v1,2025-09-17,2025-09-17T15:43:00-04:00,2025-09-17T15:44:00-04:00,2025-09-17T15:45:00-04:00,2025-09-17T19:44:00+00:00,2025-09-17T19:45:00+00:00,LONG,INFERIOR,1.0,15.0,43.0,373.0,2.0,9.0,6.3811,1.9666,7.692857142856935,24.821428571428573,3.2265552460539406,0.4029712163419845,1.3779015784590025,-0.06499535747446786,0.1510791366906475,0.60431654676259,0.050359712230215826,0.25189207965133703,0.7735850316964126,-0.11535506970468368,1.0,2.0,0.8047262707040493,0.7279480037138509,0.6546762589928057,0.3899721448468072,0.1510791366906475,0.02183406113536979,0.030303030303030304,2.2488393686164936,1.5107913669064748,0.8839718054770027,0.36983512257538065,1.2400690846287092,0.7443105756358769,21.513463324048864,12.43884892086331
CFD_ATAS_0635_20250918_1025,atas-mt5-lead-lab-causal-v1,2025-09-18,2025-09-18T10:25:00-04:00,2025-09-18T10:26:00-04:00,2025-09-18T10:26:00-04:00,2025-09-18T14:26:00+00:00,2025-09-18T14:26:00+00:00,SHORT,SUPERIOR,0.0,10.0,25.0,55.0,3.0,9.0,6.0703,1.8749,6.328571428572104,11.160714285714286,1.7635440180585027,0.8216704288939325,2.006772009029246,1.7855530474043324,-0.8959999999999999,-1.7919999999999998,-0.22399999999999998,1.7176704288939324,3.798772009029246,2.0095530474043324,3.0,3.0,-1.5204061815197112,1.0744920993225695,1.3439999999999999,0.8374717832960815,-0.8959999999999999,0.6531791907515034,0.06666666666666667,2.51241534988652,2.5759999999999996,3.046625783899597,-0.07798266903905894,0.9296956977964677,0.5630630630630631,9.875846501127613,16.576
CFD_ATAS_0636_20250918_1348,atas-mt5-lead-lab-causal-v1,2025-09-18,2025-09-18T13:48:00-04:00,2025-09-18T13:49:00-04:00,2025-09-18T13:49:00-04:00,2025-09-18T17:49:00+00:00,2025-09-18T17:49:00+00:00,LONG,INFERIOR,1.0,13.0,48.0,258.0,3.0,9.0,6.0419,2.8063,11.27142857142878,8.928571428571429,0.7921419518377547,0.3726235741442216,1.6590621039287352,0.10646387832673601,-0.13999999999999999,-1.1199999999999999,-0.7,0.5126235741442215,2.779062103928735,0.8064638783267359,3.0,4.0,-1.0069197589053656,1.224334600760692,0.5599999999999999,0.3193916349808536,-0.13999999999999999,0.02884615384608994,0.38461538461538464,2.3776932826361397,1.96,-0.8762417304602912,-0.06495303444545909,1.0250081195193022,1.4388489208633095,18.631178707223988,24.36
CFD_ATAS_0637_20250918_1423,atas-mt5-lead-lab-causal-v1,2025-09-18,2025-09-18T14:23:00-04:00,2025-09-18T14:24:00-04:00,2025-09-18T14:27:00-04:00,2025-09-18T18:24:00+00:00,2025-09-18T18:27:00+00:00,SHORT,SUPERIOR,0.0,14.0,23.0,293.0,3.0,9.0,7.4016,1.6336,10.50000000000026,9.196428571428571,0.8758503401360328,0.5428571428568523,1.009523809523646,0.5428571428568523,0.27184466019417475,-0.0,-0.9514563106796117,0.2710124826626775,1.009523809523646,1.494313453536464,1.0,3.0,0.8872051370387233,0.7142857142856966,0.8155339805825242,0.6190476190476037,0.27184466019417475,0.311475409835857,0.4666666666666667,1.8571428571428112,1.4951456310679612,-0.8528767786030105,-0.2548694621225322,0.92278719397363,1.10752688172043,20.571428571428065,23.650485436893206
CFD_ATAS_0638_20250918_1549,atas-mt5-lead-lab-causal-v1,2025-09-18,2025-09-18T15:49:00-04:00,2025-09-18T15:50:00-04:00,2025-09-18T15:50:00-04:00,2025-09-18T19:50:00+00:00,2025-09-18T19:50:00+00:00,SHORT,SUPERIOR,0.0,15.0,49.0,379.0,3.0,9.0,6.0261,1.9681,4.857142857142597,8.75,1.8014705882353905,-0.4323529411761941,-0.3499999999994195,-1.4823529411759506,-0.8571428571428571,-0.2857142857142857,0.8571428571428571,0.424789915966663,-0.0642857142851338,-2.339495798318808,1.0,1.0,0.001910513236154137,0.7411764705879753,1.2857142857142858,-0.45294117647001325,-1.0,0.4186046511626923,0.3333333333333333,2.1205882352940812,2.2857142857142856,-1.344210371981937,-0.40689557719895864,0.5224740683826016,1.1666666666666667,44.470588235296496,24.857142857142858
CFD_ATAS_0639_20250919_1000,atas-mt5-lead-lab-causal-v1,2025-09-19,2025-09-19T10:00:00-04:00,2025-09-19T10:01:00-04:00,2025-09-19T10:01:00-04:00,2025-09-19T14:01:00+00:00,2025-09-19T14:01:00+00:00,LONG,INFERIOR,1.0,10.0,0.0,30.0,4.0,9.0,6.1765,5.1629,4.457142857143481,15.714285714285714,3.525641025640532,1.4583333333331292,4.35256410256382,3.387820512819712,-0.3181818181818182,-0.1590909090909091,-1.3522727272727273,1.7765151515149473,4.511655011654729,4.740093240092439,2.0,4.0,-0.1526436149324251,1.951923076922967,1.0340909090909092,1.5032051282050811,-0.3181818181818182,0.637130801687585,0.6296296296296297,4.442307692306907,1.75,-0.24525520034749193,-0.3259471055942684,1.3220338983050457,0.8691358024691358,4.442307692306907,5.090909090909091
CFD_ATAS_0640_20250919_1121,atas-mt5-lead-lab-causal-v1,2025-09-19,2025-09-19T11:21:00-04:00,2025-09-19T11:22:00-04:00,2025-09-19T11:23:00-04:00,2025-09-19T15:22:00+00:00,2025-09-19T15:23:00+00:00,SHORT,SUPERIOR,0.0,11.0,21.0,111.0,4.0,9.0,5.1042,1.6771,2.8214285714283114,10.267857142857142,3.639240506329449,0.3544303797468681,1.1341772151902358,0.5670886075957626,0.7304347826086957,-0.12173913043478261,-0.0,-0.37600440286182757,1.2559163456250184,0.5670886075957626,1.0,1.0,0.025722264074720443,1.0632911392406044,1.4608695652173913,0.4253164556964996,0.7304347826086957,0.33333333333383863,0.0,2.0202531645574062,1.7043478260869567,-0.8548467270592891,-0.12617867042414357,0.8467309753483993,0.9426229508196722,12.050632911393516,9.008695652173914
CFD_ATAS_0641_20250919_1514,atas-mt5-lead-lab-causal-v1,2025-09-19,2025-09-19T15:14:00-04:00,2025-09-19T15:15:00-04:00,2025-09-19T15:15:00-04:00,2025-09-19T19:15:00+00:00,2025-09-19T19:15:00+00:00,SHORT,SUPERIOR,0.0,15.0,14.0,344.0,4.0,9.0,7.8338,2.2142,7.285714285714546,5.357142857142857,0.7352941176470326,-0.850980392156433,-0.05490196078401217,-1.207843137254759,-0.9333333333333333,-0.4666666666666667,-1.1666666666666667,0.0823529411769004,0.4117647058826545,-0.04117647058809215,2.0,3.0,0.6657617163114871,1.125490196078491,1.1666666666666667,-0.8235294117646765,-0.9333333333333333,0.39639639639648055,0.45454545454545453,2.168627450980215,1.6333333333333335,-0.8927412600876182,0.1262373597247915,0.9310816978548848,1.176470588235294,14.329411764705071,24.26666666666667
CFD_ATAS_0642_20250919_1551,atas-mt5-lead-lab-causal-v1,2025-09-19,2025-09-19T15:51:00-04:00,2025-09-19T15:52:00-04:00,2025-09-19T15:52:00-04:00,2025-09-19T19:52:00+00:00,2025-09-19T19:52:00+00:00,SHORT,SUPERIOR,0.0,15.0,51.0,381.0,4.0,9.0,5.25,2.8899,6.414285714285662,6.875,1.0718262806236167,-0.23385300668151637,2.244988864142217,0.07795100222717212,0.5454545454545454,-3.090909090909091,-2.909090909090909,-0.7793075521360617,5.335897955051308,2.9870419113180815,2.0,3.0,-2.8263841671927366,0.7171492204903238,1.0909090909090908,-0.171492204900119,0.5454545454545454,0.015974440894570917,0.5333333333333333,2.8530066815143864,4.363636363636363,1.7585090106235215,-0.5849136992627648,0.9558275678552085,1.2941176470588236,19.3630289532291,23.636363636363637
CFD_ATAS_0643_20250922_1006,atas-mt5-lead-lab-causal-v1,2025-09-22,2025-09-22T10:06:00-04:00,2025-09-22T10:07:00-04:00,2025-09-22T10:10:00-04:00,2025-09-22T14:07:00+00:00,2025-09-22T14:10:00+00:00,LONG,INFERIOR,1.0,10.0,6.0,36.0,0.0,9.0,6.0388,2.8627,4.714285714285974,10.714285714285714,2.2727272727271477,0.5303030303030011,0.3181818181818007,2.1000000000001933,0.9333333333333333,0.35000000000000003,0.8166666666666668,-0.40303030303033227,-0.03181818181819934,1.2833333333335264,1.0,1.0,1.2683992770316157,0.784848484848596,1.2833333333333334,0.5090909090911897,0.8166666666666668,0.5409836065573705,0.3684210526315789,2.9060606060606005,1.4000000000000001,1.345944124812657,0.08700507713771115,1.344195519348283,0.9795918367346939,8.060606060605616,6.883333333333334
CFD_ATAS_0644_20250922_1119,atas-mt5-lead-lab-causal-v1,2025-09-22,2025-09-22T11:19:00-04:00,2025-09-22T11:20:00-04:00,2025-09-22T11:20:00-04:00,2025-09-22T15:20:00+00:00,2025-09-22T15:20:00+00:00,LONG,INFERIOR,1.0,11.0,19.0,109.0,0.0,9.0,6.8946,2.8602,3.728571428571221,5.803571428571429,1.5565134099617726,0.26819923371649,0.2145593869729969,1.0996168582372188,0.21538461538461537,-0.6461538461538461,-0.43076923076923074,0.052814618331874646,0.860713233126843,1.5303860890064496,2.0,3.0,0.26405025212353883,1.07279693486596,0.8615384615384615,0.2145593869729969,0.21538461538461537,0.344537815125886,0.2,2.5478927203066553,1.9384615384615385,-1.6663832390769953,-0.07579527136990358,0.9046793760830701,0.783132530120482,10.593869731801357,21.323076923076922
CFD_ATAS_0645_20250922_1152,atas-mt5-lead-lab-causal-v1,2025-09-22,2025-09-22T11:52:00-04:00,2025-09-22T11:53:00-04:00,2025-09-22T11:54:00-04:00,2025-09-22T15:53:00+00:00,2025-09-22T15:54:00+00:00,SHORT,SUPERIOR,0.0,11.0,52.0,142.0,0.0,9.0,8.4384,1.8752,4.857142857142597,5.803571428571429,1.1948529411765345,0.0411764705883873,0.9676470588237309,1.2352941176471248,-0.0,0.21538461538461537,0.21538461538461537,0.0411764705883873,0.7522624434391155,1.0199095022625095,0.0,1.0,0.8797795896066459,0.5764705882351752,0.6461538461538461,0.020588235294568144,-0.0,0.6666666666666666,0.2,1.8735294117645065,1.723076923076923,-0.49004674757151667,0.22942117714342736,1.2307692307692055,0.8227848101265823,8.194117647059112,21.323076923076922
CFD_ATAS_0646_20250922_1230,atas-mt5-lead-lab-causal-v1,2025-09-22,2025-09-22T12:30:00-04:00,2025-09-22T12:31:00-04:00,2025-09-22T12:31:00-04:00,2025-09-22T16:31:00+00:00,2025-09-22T16:31:00+00:00,SHORT,SUPERIOR,0.0,12.0,30.0,180.0,0.0,9.0,5.6547,1.6189,5.171428571428415,8.571428571428571,1.6574585635359615,-2.475138121547599,-1.3149171270724256,-2.726519337017079,-0.4375,-1.0208333333333333,-2.0416666666666665,-2.037638121547599,-0.2940837937390923,-0.6848526703504123,3.0,5.0,-0.9615583663314586,3.2486187845310477,1.1666666666666667,-2.475138121547599,-0.4375,0.5402298850575097,1.0,3.9060773480665567,2.4791666666666665,-0.20997005834593857,-0.09537347787613956,1.18011409942953,1.1228070175438596,12.7430939226526,19.25
CFD_ATAS_0647_20250922_1236,atas-mt5-lead-lab-causal-v1,2025-09-22,2025-09-22T12:36:00-04:00,2025-09-22T12:37:00-04:00,2025-09-22T12:38:00-04:00,2025-09-22T16:37:00+00:00,2025-09-22T16:38:00+00:00,SHORT,SUPERIOR,0.0,12.0,36.0,186.0,0.0,9.0,7.8255,2.6577,9.400000000000416,7.410714285714286,0.7883738601823359,-0.9148936170214683,0.07446808510607007,-0.617021276596027,-0.8433734939759037,-0.8433734939759037,-0.674698795180723,-0.07152012304556465,0.9178415790819737,0.05767751858469594,2.0,2.0,0.3624118681322413,1.3297872340424943,0.8433734939759037,-0.8829787234045259,-0.8433734939759037,0.16384180790968,0.2222222222222222,2.34042553191479,1.5180722891566265,-1.0676864300582927,0.24321286923423696,1.996965098634559,0.9485714285714285,9.563829787233773,23.10843373493976
CFD_ATAS_0648_20250922_1525,atas-mt5-lead-lab-causal-v1,2025-09-22,2025-09-22T15:25:00-04:00,2025-09-22T15:26:00-04:00,2025-09-22T15:26:00-04:00,2025-09-22T19:26:00+00:00,2025-09-22T19:26:00+00:00,SHORT,SUPERIOR,0.0,15.0,25.0,355.0,0.0,9.0,6.6753,2.153,8.878571428571897,5.267857142857143,0.5933226065969116,0.16894609814962905,1.1826226870474035,0.2252614641995054,-0.0,-0.0,-0.23728813559322032,0.16894609814962905,1.1826226870474035,0.4625495997927257,1.0,2.0,0.17290986610321973,0.7433628318586137,0.711864406779661,0.20273531777988266,-0.0,0.07246376811594585,0.1111111111111111,2.12872083668549,1.423728813559322,-0.6028149155532193,0.43371623361673495,1.3002092050210583,1.1919191919191918,22.8640386162498,40.33898305084745
CFD_ATAS_0649_20250922_1544,atas-mt5-lead-lab-causal-v1,2025-09-22,2025-09-22T15:44:00-04:00,2025-09-22T15:45:00-04:00,2025-09-22T15:45:00-04:00,2025-09-22T19:45:00+00:00,2025-09-22T19:45:00+00:00,SHORT,SUPERIOR,0.0,15.0,44.0,374.0,0.0,9.0,7.0332,1.6588,6.021428571428779,4.910714285714286,0.8155397390272554,0.714116251482654,0.9964412811387556,0.5978647686836159,-0.2545454545454546,0.2545454545454546,0.7636363636363637,0.9686617060281086,0.7418958265933011,-0.16577159495274774,2.0,2.0,1.324442445336185,1.3285883748516742,0.7636363636363637,0.7639383155400752,-0.2545454545454546,0.3461538461541287,0.42857142857142855,2.2253855278767958,3.0545454545454547,-1.0261202918117986,0.04267662989898617,0.8695203713254,1.0377358490566038,37.61565836298803,43.27272727272727
CFD_ATAS_0650_20250923_0959,atas-mt5-lead-lab-causal-v1,2025-09-23,2025-09-23T09:59:00-04:00,2025-09-23T10:00:00-04:00,2025-09-23T10:01:00-04:00,2025-09-23T14:00:00+00:00,2025-09-23T14:01:00+00:00,SHORT,SUPERIOR,0.0,9.0,59.0,29.0,1.0,9.0,7.6646,1.7278,2.1142857142848306,13.035714285714286,6.165540540543118,0.709459459459756,1.3243243243245337,1.560810810811119,0.1917808219178082,0.3835616438356164,0.6712328767123287,0.5176786375419478,0.9407626804889173,0.8895779340987903,0.0,0.0,0.5381289031991674,1.135135135134577,0.5753424657534246,0.8513513513513631,0.1917808219178082,0.5238095238094688,1.0,2.554054054054089,1.6301369863013697,-1.36652553519074,0.03690897929326819,0.7512690355327226,0.8538011695906433,8.182432432435508,5.945205479452055
CFD_ATAS_0651_20250923_1018,atas-mt5-lead-lab-causal-v1,2025-09-23,2025-09-23T10:18:00-04:00,2025-09-23T10:19:00-04:00,2025-09-23T10:22:00-04:00,2025-09-23T14:19:00+00:00,2025-09-23T14:22:00+00:00,LONG,INFERIOR,1.0,10.0,18.0,48.0,1.0,9.0,6.6547,2.0927,5.214285714285454,11.696428571428571,2.2431506849316185,-0.9397260273968885,-0.0191780821915027,-0.3068493150682294,0.21374045801526717,0.7480916030534351,-0.10687022900763359,-1.1534664854121557,-0.7672696852449379,-0.19997908606059578,0.0,1.0,1.0930171380137654,0.9780821917805916,0.5343511450381679,-0.8438356164379797,0.10687022900763359,0.117647058823435,0.058823529411764705,1.9178082191781778,1.2824427480916032,1.445945794681259,0.12917359410881654,1.7076023391813469,0.8821548821548821,6.098630136986466,6.8396946564885495
CFD_ATAS_0652_20250923_1134,atas-mt5-lead-lab-causal-v1,2025-09-23,2025-09-23T11:34:00-04:00,2025-09-23T11:35:00-04:00,2025-09-23T11:37:00-04:00,2025-09-23T15:35:00+00:00,2025-09-23T15:37:00+00:00,LONG,INFERIOR,1.0,11.0,34.0,124.0,1.0,9.0,5.8185,3.4108,4.714285714285714,6.517857142857143,1.3825757575757576,0.38181818181802746,1.7818181818177188,0.8484848484848485,0.3835616438356164,-0.3835616438356164,-0.5753424657534246,-0.0017434620175889592,2.165379825653335,1.4238273142382731,2.0,3.0,0.5757159812260285,0.6575757575762206,1.1506849315068493,0.3393939393936307,0.3835616438356164,0.1550387596899487,0.42857142857142855,3.3303030303031846,1.917808219178082,-0.5850723146505701,-0.05634791852429631,1.4982973893303313,0.7724867724867726,7.912121212121058,12.273972602739725
CFD_ATAS_0653_20250923_1427,atas-mt5-lead-lab-causal-v1,2025-09-23,2025-09-23T14:27:00-04:00,2025-09-23T14:28:00-04:00,2025-09-23T14:28:00-04:00,2025-09-23T18:28:00+00:00,2025-09-23T18:28:00+00:00,SHORT,SUPERIOR,0.0,14.0,27.0,297.0,1.0,9.0,5.5909,2.2851,6.807142857143065,11.071428571428571,1.6264428121720385,0.3966421825808825,2.335781741867394,1.704092339978748,-0.0,-2.1451612903225805,-2.032258064516129,0.3966421825808825,4.480943032189975,3.736350404494877,2.0,3.0,-2.03645113150377,0.9548793284364872,0.9032258064516129,0.3819517313743811,-0.0,0.44274809160304707,0.5294117647058824,2.512067156348083,3.3870967741935485,1.1688227698844111,-0.13004283208279654,0.8229706390328324,0.8078175895765473,11.869884575025765,20.661290322580644
CFD_ATAS_0654_20250923_1515,atas-mt5-lead-lab-causal-v1,2025-09-23,2025-09-23T15:15:00-04:00,2025-09-23T15:16:00-04:00,2025-09-23T15:16:00-04:00,2025-09-23T19:16:00+00:00,2025-09-23T19:16:00+00:00,LONG,INFERIOR,1.0,15.0,15.0,345.0,1.0,9.0,6.4362,2.396,6.47857142857174,7.053571428571429,1.0887541345093192,0.06174200661543664,2.114663726571124,1.1730981256888038,-0.17721518987341772,-0.7088607594936709,-0.35443037974683544,0.23895719648885436,2.8235244860647946,1.5275285054356393,2.0,3.0,-0.49505453247464953,0.8798235942668836,0.7088607594936709,0.07717750826901502,-0.35443037974683544,0.3584905660377164,0.2,2.624035281146511,1.4177215189873418,0.558602737161747,0.1838727128254719,0.9885558583106743,0.7181818181818183,14.725468577728291,32.43037974683544
CFD_ATAS_0655_20250923_1525,atas-mt5-lead-lab-causal-v1,2025-09-23,2025-09-23T15:25:00-04:00,2025-09-23T15:26:00-04:00,2025-09-23T15:30:00-04:00,2025-09-23T19:26:00+00:00,2025-09-23T19:30:00+00:00,SHORT,SUPERIOR,0.0,15.0,25.0,355.0,1.0,9.0,5.9825,1.8973,6.407142857142909,8.035714285714286,1.254180602006679,1.1237458193980978,1.9041248606466978,1.9821627647715578,0.15555555555555553,-0.31111111111111106,0.9333333333333332,0.9681902638425423,2.2152359717578087,1.0488294314382247,1.0,1.0,0.5134536583917603,1.2954292084725627,0.9333333333333332,1.0925306577480403,0.15555555555555553,0.5799086757989851,0.5,2.9498327759199356,1.711111111111111,-0.1637542969124662,-0.04310856558241055,0.9857142857142543,0.9045226130653268,14.889632107023518,28.466666666666665
CFD_ATAS_0656_20250924_0957,atas-mt5-lead-lab-causal-v1,2025-09-24,2025-09-24T09:57:00-04:00,2025-09-24T09:58:00-04:00,2025-09-24T09:58:00-04:00,2025-09-24T13:58:00+00:00,2025-09-24T13:58:00+00:00,SHORT,SUPERIOR,0.0,9.0,57.0,27.0,2.0,9.0,6.6456,1.7131,3.2357142857137142,14.642857142857142,4.525386313466583,-0.30905077262698616,-0.30905077262698616,-0.0,-0.34146341463414637,-0.7682926829268293,-0.8536585365853658,0.03241264200716021,0.4592419102998431,0.8536585365853658,2.0,3.0,-0.49357348863069517,0.6181015452539723,0.7682926829268293,-0.27814569536473727,-0.34146341463414637,0.0,0.38461538461538464,1.7924944812362948,1.6219512195121952,-0.7764771115298937,0.19205128033133062,1.0658823529411707,0.9479768786127167,6.953642384107188,7.853658536585366
CFD_ATAS_0657_20250924_1002,atas-mt5-lead-lab-causal-v1,2025-09-24,2025-09-24T10:02:00-04:00,2025-09-24T10:03:00-04:00,2025-09-24T10:03:00-04:00,2025-09-24T14:03:00+00:00,2025-09-24T14:03:00+00:00,SHORT,SUPERIOR,0.0,10.0,2.0,32.0,2.0,9.0,6.7742,1.8065,3.2785714285712726,14.642857142857142,4.466230936819384,-0.24400871459673956,-0.03050108932528596,-0.15250544662310095,0.25609756097560976,0.5975609756097561,0.08536585365853659,-0.5001062755723493,-0.628062064935042,-0.23787130028163755,1.0,2.0,0.6731615745250942,0.9150326797386056,0.9390243902439025,-0.3050108932462019,0.25609756097560976,0.06493506493508948,0.047619047619047616,1.7080610021793963,1.451219512195122,-0.5464290409160383,0.3739261835306688,1.0455580865604532,0.9534883720930232,6.862745098039542,7.853658536585366
CFD_ATAS_0658_20250924_1124,atas-mt5-lead-lab-causal-v1,2025-09-24,2025-09-24T11:24:00-04:00,2025-09-24T11:25:00-04:00,2025-09-24T11:27:00-04:00,2025-09-24T15:25:00+00:00,2025-09-24T15:27:00+00:00,LONG,INFERIOR,1.0,11.0,24.0,114.0,2.0,9.0,5.0956,1.6728,4.278571428570753,8.75,2.0450751252090043,-0.2103505843067017,0.6076794657769,0.397328881469348,0.0,1.1428571428571428,1.4285714285714286,-0.2103505843067017,-0.5351776770802428,-1.0312425471020805,0.0,1.0,1.3038861308350793,0.9115191986640746,0.42857142857142855,-0.28046744574226895,0.0,0.22666666666665372,0.625,1.7295492487476762,2.0,1.9332199805287895,0.2420192614888267,1.1355450236965423,0.8990825688073394,8.43739565943423,14.0
CFD_ATAS_0659_20250924_1254,atas-mt5-lead-lab-causal-v1,2025-09-24,2025-09-24T12:54:00-04:00,2025-09-24T12:55:00-04:00,2025-09-24T12:55:00-04:00,2025-09-24T16:55:00+00:00,2025-09-24T16:55:00+00:00,LONG,INFERIOR,1.0,12.0,54.0,204.0,2.0,9.0,6.2253,2.2134,15.028571428571793,8.928571428571429,0.5941064638783127,-0.5855513307984165,0.8117870722433748,-0.23288973384029854,-0.13999999999999999,-1.1199999999999999,-0.5599999999999999,-0.44555133079841647,1.9317870722433748,0.3271102661597014,2.0,3.0,-0.635521130776673,0.8716730038024055,0.7,-0.5988593155893391,-0.27999999999999997,0.07692307692307693,0.15384615384615385,2.1292775665398724,1.54,1.1857101355160733,-0.06512403003958381,3.249420849420837,0.6993006993006994,8.46387832699604,30.52
CFD_ATAS_0660_20250924_1515,atas-mt5-lead-lab-causal-v1,2025-09-24,2025-09-24T15:15:00-04:00,2025-09-24T15:16:00-04:00,2025-09-24T15:16:00-04:00,2025-09-24T19:16:00+00:00,2025-09-24T19:16:00+00:00,LONG,INFERIOR,1.0,15.0,15.0,345.0,2.0,9.0,8.2339,2.045,13.86428571428535,6.696428571428571,0.4829984544049586,-0.6130860381246941,0.8294693456981156,-0.1226172076249913,-0.37333333333333335,-2.0533333333333332,-2.0533333333333332,-0.23975270479136074,2.8828026790314487,1.9307161257083418,3.0,4.0,-1.6596197481663744,0.8727460072126949,1.12,-0.5698093766101148,-0.18666666666666668,0.04076738609114384,0.8461538461538461,1.918598660484232,2.6133333333333333,0.6919116639176089,-0.49875790876589576,1.4372454646426753,0.9036144578313253,20.62132921174717,40.693333333333335
CFD_ATAS_0661_20250925_1024,atas-mt5-lead-lab-causal-v1,2025-09-25,2025-09-25T10:24:00-04:00,2025-09-25T10:25:00-04:00,2025-09-25T10:28:00-04:00,2025-09-25T14:25:00+00:00,2025-09-25T14:28:00+00:00,LONG,INFERIOR,1.0,10.0,24.0,54.0,3.0,9.0,7.1355,1.9097,7.878571428571637,15.089285714285714,1.9152311876699402,-0.2792384406165854,-0.5584768812331709,-0.40616500453317317,0.6627218934911243,1.0769230769230769,1.988165680473373,-0.9419603341077097,-1.6353999581562477,-2.3943306850065462,1.0,2.0,2.073183993736768,1.0661831368995218,1.3254437869822486,-0.22846781504976563,0.6627218934911243,0.11594202898552444,0.8571428571428571,2.3354487760653995,2.899408284023669,1.6090935492461202,0.2490800302985034,1.2167677881964212,0.6706349206349206,10.509519492293375,14.579881656804734
CFD_ATAS_0662_20250925_1157,atas-mt5-lead-lab-causal-v1,2025-09-25,2025-09-25T11:57:00-04:00,2025-09-25T11:58:00-04:00,2025-09-25T11:58:00-04:00,2025-09-25T15:58:00+00:00,2025-09-25T15:58:00+00:00,LONG,INFERIOR,1.0,11.0,57.0,147.0,3.0,9.0,5.4532,2.5588,9.971428571428728,11.339285714285714,1.1371776504297815,-0.3710601719198379,0.8524355300859465,0.320916905444194,-0.7716535433070867,-0.8818897637795277,-0.7716535433070867,0.40059337138724876,1.7343252938654743,1.0925704487512806,2.0,3.0,-0.32683658753562994,0.7421203438396758,1.1023622047244095,-0.3911174785101685,-0.7716535433070867,0.12698412698415218,0.2413793103448276,2.446991404011569,1.5433070866141734,-0.10862161199733485,0.4257269182948599,1.063214013709071,0.786377708978328,16.39684813753556,24.25196850393701
CFD_ATAS_0663_20250925_1247,atas-mt5-lead-lab-causal-v1,2025-09-25,2025-09-25T12:47:00-04:00,2025-09-25T12:48:00-04:00,2025-09-25T12:51:00-04:00,2025-09-25T16:48:00+00:00,2025-09-25T16:51:00+00:00,LONG,INFERIOR,1.0,12.0,47.0,197.0,3.0,9.0,7.8009,2.0131,22.128571428571636,12.857142857142858,0.5810200129115504,0.2982569399611968,1.9522272433828423,1.360232408005086,-0.875,-0.09722222222222222,-1.1666666666666665,1.1732569399611967,2.0494494656050644,2.5268990746717526,1.0,3.0,0.2274760683512593,0.9987088444158414,1.0694444444444444,0.3479664299548392,-0.875,0.5346358792184189,0.42857142857142855,2.3363460296965894,1.5555555555555556,0.19245137366273823,-0.023416093431676895,2.264619883040909,1.0322580645161292,12.938024531955946,21.38888888888889
CFD_ATAS_0664_20250925_1328,atas-mt5-lead-lab-causal-v1,2025-09-25,2025-09-25T13:28:00-04:00,2025-09-25T13:29:00-04:00,2025-09-25T13:29:00-04:00,2025-09-25T17:29:00+00:00,2025-09-25T17:29:00+00:00,SHORT,SUPERIOR,0.0,13.0,28.0,238.0,3.0,9.0,8.8143,1.6769,15.199999999999948,15.892857142857142,1.0455827067669208,0.7500000000000984,1.2960526315789997,1.0526315789473721,-0.07865168539325842,-0.6292134831460674,-1.4943820224719102,0.8286516853933568,1.9252661147250671,2.547013601419282,2.0,3.0,0.11925530961689833,1.4605263157895265,0.550561797752809,0.8092105263157444,-0.07865168539325842,0.45714285714285713,0.7037037037037037,2.5789473684211095,2.359550561797753,-0.5097489033146227,-0.4768345373829494,0.7591865858009121,1.2805755395683451,18.83552631578949,17.303370786516854
CFD_ATAS_0665_20250925_1452,atas-mt5-lead-lab-causal-v1,2025-09-25,2025-09-25T14:52:00-04:00,2025-09-25T14:53:00-04:00,2025-09-25T14:53:00-04:00,2025-09-25T18:53:00+00:00,2025-09-25T18:53:00+00:00,SHORT,SUPERIOR,0.0,14.0,52.0,322.0,3.0,9.0,9.158,1.9172,11.600000000000104,13.839285714285714,1.1930418719211715,0.35344827586194033,1.1982758620687666,1.3017241379308973,0.1806451612903226,0.1806451612903226,-1.1741935483870969,0.17280311457161773,1.017630700778444,2.4759176863179944,0.0,2.0,0.3770415381974571,1.077586206896542,0.6322580645161291,0.39655172413780204,0.1806451612903226,0.7294685990338486,0.7647058823529411,1.8534482758620523,1.8967741935483873,0.05872481059265489,0.11429381476424036,0.8279378027020304,1.040268456375839,24.681034482758335,19.870967741935484
CFD_ATAS_0666_20250926_1142,atas-mt5-lead-lab-causal-v1,2025-09-26,2025-09-26T11:42:00-04:00,2025-09-26T11:43:00-04:00,2025-09-26T11:43:00-04:00,2025-09-26T15:43:00+00:00,2025-09-26T15:43:00+00:00,SHORT,SUPERIOR,0.0,11.0,42.0,132.0,4.0,9.0,7.035,1.5329,16.83571428571434,14.017857142857142,0.8326262197708926,-0.24352991090382,0.5167585914296091,0.5939753924480253,0.6242038216560509,-0.0,0.535031847133758,-0.867733732559871,0.5167585914296091,0.058943545314267376,2.0,3.0,0.7661044488678417,0.6593126856174377,1.2484076433121019,-0.24946966482821384,0.6242038216560509,0.2777777777777778,0.25,1.615613067458672,1.694267515923567,-1.260073901762732,-0.07182757975319784,3.193766937669576,0.8051282051282052,9.658039881204804,15.248407643312103
CFD_ATAS_0667_20250926_1304,atas-mt5-lead-lab-causal-v1,2025-09-26,2025-09-26T13:04:00-04:00,2025-09-26T13:05:00-04:00,2025-09-26T13:06:00-04:00,2025-09-26T17:05:00+00:00,2025-09-26T17:06:00+00:00,SHORT,SUPERIOR,0.0,13.0,4.0,214.0,4.0,9.0,5.6992,3.2392,15.571428571428571,9.910714285714286,0.636467889908257,0.6422018348623854,3.519266055045825,2.01651376146775,0.25225225225225223,0.5045045045045045,0.37837837837837834,0.3899495826101331,3.01476155054132,1.6381353830893717,1.0,2.0,0.860432432432447,0.8669724770642202,0.7567567567567567,0.5779816513761468,0.25225225225225223,0.4015345268541883,0.17647058823529413,3.8724770642201367,1.5135135135135134,2.0473495119793825,0.20292543125305634,0.9853107344632768,0.7762237762237764,10.442201834862292,21.567567567567565
CFD_ATAS_0668_20250926_1330,atas-mt5-lead-lab-causal-v1,2025-09-26,2025-09-26T13:30:00-04:00,2025-09-26T13:31:00-04:00,2025-09-26T13:32:00-04:00,2025-09-26T17:31:00+00:00,2025-09-26T17:32:00+00:00,LONG,INFERIOR,1.0,13.0,30.0,240.0,4.0,9.0,5.6807,2.4222,21.392857142857142,7.410714285714286,0.34641068447412354,-0.5796327212020713,1.1312186978295802,0.36928213689472267,-0.16867469879518074,-0.3373493975903615,1.0120481927710843,-0.4109580224068906,1.4685680954199416,-0.6427660558763616,2.0,3.0,1.1582693940787352,1.0330550918196315,0.674698795180723,-0.6030050083473134,-0.16867469879518074,0.11669128508120727,0.42857142857142855,2.355926544240469,2.36144578313253,1.1395455485746284,0.05460854678145825,0.998499749958342,0.7410714285714286,10.578297161936527,28.843373493975903
CFD_ATAS_0669_20250926_1534,atas-mt5-lead-lab-causal-v1,2025-09-26,2025-09-26T15:34:00-04:00,2025-09-26T15:35:00-04:00,2025-09-26T15:38:00-04:00,2025-09-26T19:35:00+00:00,2025-09-26T19:38:00+00:00,SHORT,SUPERIOR,0.0,15.0,34.0,364.0,4.0,9.0,6.4809,1.9537,14.028571428571272,5.892857142857143,0.4200610997963387,-0.7627291242363129,0.5560081466394655,0.5132382892057602,0.4242424242424242,-0.0,1.4848484848484849,-1.186971548478737,0.5560081466394655,-0.9716101956427247,1.0,1.0,1.2873046601812044,0.9979633401222108,1.0606060606060606,-0.7841140529531656,0.4242424242424242,0.22360248447206724,0.5384615384615384,1.9317718940936042,1.6969696969696968,-0.7938260934436405,-0.2219749142766515,1.0350461133069813,0.8461538461538461,16.131364562118254,36.90909090909091
CFD_ATAS_0670_20250929_1018,atas-mt5-lead-lab-causal-v1,2025-09-29,2025-09-29T10:18:00-04:00,2025-09-29T10:19:00-04:00,2025-09-29T10:19:00-04:00,2025-09-29T14:19:00+00:00,2025-09-29T14:19:00+00:00,LONG,INFERIOR,1.0,10.0,18.0,48.0,0.0,9.0,7.2371,3.5258,4.592857142856831,13.482142857142858,2.935458786936436,0.08709175738677793,1.088646967340665,1.6329704510109975,-0.2781456953642384,-1.205298013245033,-0.5562913907284768,0.3652374527510163,2.2939449805856977,2.1892618417394742,3.0,3.0,-0.38648100288381293,0.5660964230168289,0.7417218543046358,0.19595645412084445,-0.2781456953642384,0.3807106598985334,0.3,3.7231726283047575,1.7615894039735098,0.025555726958851718,-0.19974532059322628,1.4225663716811248,0.8830409356725147,8.948678071539948,9.456953642384105
CFD_ATAS_0671_20250929_1033,atas-mt5-lead-lab-causal-v1,2025-09-29,2025-09-29T10:33:00-04:00,2025-09-29T10:34:00-04:00,2025-09-29T10:34:00-04:00,2025-09-29T14:34:00+00:00,2025-09-29T14:34:00+00:00,LONG,INFERIOR,1.0,10.0,33.0,63.0,0.0,9.0,5.1463,2.0488,4.542857142857558,10.089285714285714,2.2209119496853313,-0.6163522012584459,-0.44025157232700374,-0.9905660377357585,-0.24778761061946905,-0.37168141592920356,-1.2389380530973453,-0.36856459063897684,-0.06857015639780017,0.24837201536158682,2.0,4.0,-0.11066490829292792,0.9465408805036988,0.8672566371681416,-0.5503144654087547,-0.24778761061946905,0.4945054945051782,0.7142857142857143,1.9371069182394571,1.7345132743362832,0.4275796545605954,-0.36676721897915626,1.1438848920865403,0.6726190476190476,9.113207547169297,12.637168141592921
CFD_ATAS_0672_20250929_1044,atas-mt5-lead-lab-causal-v1,2025-09-29,2025-09-29T10:44:00-04:00,2025-09-29T10:45:00-04:00,2025-09-29T10:45:00-04:00,2025-09-29T14:45:00+00:00,2025-09-29T14:45:00+00:00,LONG,INFERIOR,1.0,10.0,44.0,74.0,0.0,9.0,5.7273,1.9091,4.550000000000312,9.196428571428571,2.021193092621526,-0.4835164835166103,0.835164835164618,0.43956043956040947,-0.13592233009708737,-0.27184466019417475,0.8155339805825242,-0.34759415341952293,1.1070094953587928,-0.3759735410221148,2.0,2.0,-0.1506656896568794,1.0329670329671221,0.5436893203883495,-0.5934065934067126,-0.13592233009708737,0.2,0.42857142857142855,1.8901098901094409,1.766990291262136,0.09922980945433203,0.09549684461427943,1.0741989881956693,0.64375,9.912087912086914,13.864077669902914
CFD_ATAS_0673_20250929_1159,atas-mt5-lead-lab-causal-v1,2025-09-29,2025-09-29T11:59:00-04:00,2025-09-29T12:00:00-04:00,2025-09-29T12:00:00-04:00,2025-09-29T16:00:00+00:00,2025-09-29T16:00:00+00:00,SHORT,SUPERIOR,0.0,11.0,59.0,149.0,0.0,9.0,5.19,3.0312,4.357142857143117,10.982142857142858,2.520491803278538,-0.5508196721306137,0.022950819672630747,1.4918032786884357,-1.024390243902439,-1.024390243902439,-0.3414634146341463,0.4735705717718254,1.0473410635750697,1.833266693322582,2.0,2.0,-0.15362306463563383,0.7803278688519115,1.2520325203252032,-0.5278688524588179,-1.024390243902439,0.4140127388535799,0.13043478260869565,3.1901639344263732,2.16260162601626,-0.06261001621733857,0.1207162847830059,1.011608623548964,0.9461538461538461,12.622950819671379,13.203252032520325
CFD_ATAS_0674_20250930_1133,atas-mt5-lead-lab-causal-v1,2025-09-30,2025-09-30T11:33:00-04:00,2025-09-30T11:34:00-04:00,2025-09-30T11:34:00-04:00,2025-09-30T15:34:00+00:00,2025-09-30T15:34:00+00:00,SHORT,SUPERIOR,0.0,11.0,33.0,123.0,1.0,9.0,7.1935,1.9577,4.757142857143013,14.821428571428571,3.1156156156155133,0.04204204204219361,-0.18918918918872413,-0.6096096096091307,0.42168674698795183,-0.674698795180723,-1.5180722891566265,-0.3796447049457582,0.4855096059919988,0.9084626795474958,2.0,4.0,-0.4298802862594645,0.5255255255255082,0.674698795180723,0.10510510510510165,0.5060240963855421,0.22834645669272843,0.6428571428571429,1.8078078078074424,2.36144578313253,-0.5866892126807728,0.16322453245824656,1.0802919708028977,1.01840490797546,9.711711711711546,9.53012048192771
CFD_ATAS_0675_20250930_1209,atas-mt5-lead-lab-causal-v1,2025-09-30,2025-09-30T12:09:00-04:00,2025-09-30T12:10:00-04:00,2025-09-30T12:10:00-04:00,2025-09-30T16:10:00+00:00,2025-09-30T16:10:00+00:00,LONG,INFERIOR,1.0,12.0,9.0,159.0,1.0,9.0,5.4259,1.537,5.400000000000156,12.946428571428571,2.3974867724867033,0.25925925925952126,0.16666666666693133,0.3888888888892819,0.38620689655172413,-0.9655172413793104,-0.2896551724137931,-0.12694763729220288,1.1321839080462417,0.6785440613030751,2.0,2.0,-0.38120837544556707,0.8333333333333093,0.5793103448275863,0.20370370370410204,0.38620689655172413,0.13907284768231068,0.12,2.11111111111132,2.8000000000000003,0.15429937342524724,-0.0005760785966129568,1.165767154973107,0.9666666666666667,13.148148148147769,10.910344827586208
CFD_ATAS_0676_20250930_1237,atas-mt5-lead-lab-causal-v1,2025-09-30,2025-09-30T12:37:00-04:00,2025-09-30T12:38:00-04:00,2025-09-30T12:38:00-04:00,2025-09-30T16:38:00+00:00,2025-09-30T16:38:00+00:00,LONG,INFERIOR,1.0,12.0,37.0,187.0,1.0,9.0,6.5225,2.3964,14.821428571429092,8.928571428571429,0.6024096385541957,-0.910843373493944,-0.4453012048191633,-2.57734939759032,-0.13999999999999999,0.0,-0.84,-0.7708433734939439,-0.4453012048191633,-1.7373493975903203,2.0,4.0,0.5095846866706851,2.0240963855420975,0.7,-0.8568674698795371,-0.13999999999999999,0.7346153846153473,0.375,3.3869879518071593,1.26,2.057246409196418,-0.04961013945933256,2.809749492213963,0.7117437722419929,6.713253012047957,15.82
CFD_ATAS_0677_20250930_1408,atas-mt5-lead-lab-causal-v1,2025-09-30,2025-09-30T14:08:00-04:00,2025-09-30T14:09:00-04:00,2025-09-30T14:09:00-04:00,2025-09-30T18:09:00+00:00,2025-09-30T18:09:00+00:00,SHORT,SUPERIOR,0.0,14.0,8.0,278.0,1.0,9.0,5.7484,1.8591,12.742857142857247,9.464285714285714,0.7427130044842988,-0.6434977578475854,0.2511210762332389,-0.33744394618828094,-0.5283018867924528,-1.188679245283019,-1.8490566037735852,-0.11519587105513263,1.439800321516258,1.5116126575853042,3.0,4.0,-0.7104810526054727,0.7847533632286932,0.9245283018867926,-0.5336322869954543,-0.5283018867924528,0.1519434628975047,0.875,1.7892376681613633,2.509433962264151,-0.24671444651548072,-0.3057291516029101,0.8483119353304681,1.0192307692307692,10.860986547085227,14.924528301886793
CFD_ATAS_0678_20251001_1011,atas-mt5-lead-lab-causal-v1,2025-10-01,2025-10-01T10:11:00-04:00,2025-10-01T10:12:00-04:00,2025-10-01T10:12:00-04:00,2025-10-01T14:12:00+00:00,2025-10-01T14:12:00+00:00,SHORT,SUPERIOR,0.0,10.0,11.0,41.0,2.0,10.0,7.1241,3.4734,6.585714285714338,18.392857142857142,2.7928416485899996,-0.3340563991324289,1.4121475054228718,0.6832971800433786,-0.20388349514563106,-1.0194174757281553,-0.7475728155339806,-0.13017290398679784,2.431564981151027,1.4308699955773592,3.0,4.0,-0.7006992080846227,1.2451193058569336,0.5436893203883495,-0.3188720173533557,-0.20388349514563106,0.24324324324324326,0.4782608695652174,3.006507592190755,1.766990291262136,1.1140510084511603,-0.37371125523775917,1.2877094972068057,0.8547717842323651,7.409978308025861,6.320388349514563
CFD_ATAS_0679_20251001_1053,atas-mt5-lead-lab-causal-v1,2025-10-01,2025-10-01T10:53:00-04:00,2025-10-01T10:54:00-04:00,2025-10-01T10:54:00-04:00,2025-10-01T14:54:00+00:00,2025-10-01T14:54:00+00:00,SHORT,SUPERIOR,0.0,10.0,53.0,83.0,2.0,10.0,5.1494,3.2385,5.328571428571585,11.785714285714286,2.211796246648729,-0.8445040214476964,0.09383378016085515,0.3190348525470441,-0.3181818181818182,-0.4242424242424242,-0.10606060606060605,-0.5263222032658783,0.5180762044032794,0.4250954586076502,2.0,3.0,0.3750279512411604,1.126005361930262,0.8484848484848484,-0.8257372654151158,-0.3181818181818182,0.12056737588661998,0.047619047619047616,3.021447721179263,1.6969696969696968,-0.6909201573460226,0.10661539710013969,1.0212183436002376,1.0272373540856032,14.694369973189781,15.803030303030303
CFD_ATAS_0680_20251001_1333,atas-mt5-lead-lab-causal-v1,2025-10-01,2025-10-01T13:33:00-04:00,2025-10-01T13:34:00-04:00,2025-10-01T13:34:00-04:00,2025-10-01T17:34:00+00:00,2025-10-01T17:34:00+00:00,SHORT,SUPERIOR,0.0,13.0,33.0,243.0,2.0,10.0,7.4403,1.6444,10.678571428572209,6.428571428571429,0.6020066889631668,0.18729096989965188,0.7117056856185409,0.9364548494982593,-0.9722222222222222,-1.3611111111111112,0.3888888888888889,1.159513192121874,2.072816796729652,0.5475659606093704,2.0,2.0,-0.6365571920000851,0.7210702341137278,1.1666666666666665,0.19665551839449819,-0.9722222222222222,0.3448275862068966,0.1111111111111111,1.7137123745820873,2.9166666666666665,-0.4627119091712192,0.09771737853804172,0.5738963531670205,1.0285714285714287,16.069565217390334,41.02777777777778
CFD_ATAS_0681_20251002_1017,atas-mt5-lead-lab-causal-v1,2025-10-02,2025-10-02T10:17:00-04:00,2025-10-02T10:18:00-04:00,2025-10-02T10:18:00-04:00,2025-10-02T14:18:00+00:00,2025-10-02T14:18:00+00:00,SHORT,SUPERIOR,0.0,10.0,17.0,47.0,3.0,10.0,7.5029,1.9029,3.8142857142858184,15.089285714285714,3.955992509363188,0.7340823970035345,0.9962546816477221,0.7340823970035345,-0.0,-0.7455621301775148,-0.7455621301775148,0.7340823970035345,1.7418168118252368,1.4796445271810494,2.0,3.0,-0.5655963811566006,0.9176029962546566,0.5798816568047338,0.7602996254675718,-0.0,0.37837837837839167,0.8181818181818182,1.8352059925093132,1.7396449704142012,0.1288055609332421,0.09013460794097575,1.1583514099782848,0.7347826086956522,8.04868913857675,10.272189349112427
CFD_ATAS_0682_20251002_1032,atas-mt5-lead-lab-causal-v1,2025-10-02,2025-10-02T10:32:00-04:00,2025-10-02T10:33:00-04:00,2025-10-02T10:35:00-04:00,2025-10-02T14:33:00+00:00,2025-10-02T14:35:00+00:00,SHORT,SUPERIOR,0.0,10.0,32.0,62.0,3.0,10.0,6.5882,1.6471,2.2142857142854546,16.607142857142858,7.50000000000088,0.13548387096742923,0.18064516128935798,-0.6322580645168604,-0.07526881720430108,0.3010752688172043,0.978494623655914,0.21075268817173032,-0.12043010752784633,-1.6107526881727745,2.0,2.0,0.3253129920587995,1.0838709677427198,0.6021505376344086,0.04516129032192876,-0.0,0.3333333333339108,0.37142857142857144,2.1677419354837966,1.5806451612903225,-0.21119211614307032,0.0556203176125793,0.7200929152147941,0.9489795918367347,14.000000000001641,9.333333333333334
CFD_ATAS_0683_20251002_1220,atas-mt5-lead-lab-causal-v1,2025-10-02,2025-10-02T12:20:00-04:00,2025-10-02T12:21:00-04:00,2025-10-02T12:23:00-04:00,2025-10-02T16:21:00+00:00,2025-10-02T16:23:00+00:00,SHORT,SUPERIOR,0.0,12.0,20.0,170.0,3.0,10.0,5.5446,2.2178,3.735714285713974,8.482142857142858,2.270554493308029,0.6156787762904876,1.954110898661536,1.8202676864244314,0.7368421052631579,0.5894736842105263,-0.0,-0.12116332897267024,1.36463721445101,1.8202676864244314,1.0,2.0,0.9090895519932536,0.9101338432117287,0.8842105263157894,0.6692160611855242,0.7368421052631579,0.6666666666665477,0.0,2.7036328871891286,1.4736842105263157,0.2284842382967039,0.33003856300383394,0.9423423423422329,0.7883817427385893,20.02294455067069,20.77894736842105
CFD_ATAS_0684_20251003_1054,atas-mt5-lead-lab-causal-v1,2025-10-03,2025-10-03T10:54:00-04:00,2025-10-03T10:55:00-04:00,2025-10-03T10:55:00-04:00,2025-10-03T14:55:00+00:00,2025-10-03T14:55:00+00:00,SHORT,SUPERIOR,0.0,10.0,54.0,84.0,4.0,10.0,6.9356,3.5,5.47857142857148,10.625,1.9393741851368786,2.482398956974939,4.508474576271277,4.033898305084442,-0.8235294117647058,-1.2941176470588236,-2.0,3.305928368739645,5.8025922233301,6.033898305084442,2.0,3.0,-1.1710115806490649,2.42764015645356,0.9411764705882353,2.42764015645356,-0.7058823529411765,0.8095238095236699,0.8095238095238095,4.745762711864362,2.9411764705882355,2.4931841487687825,-0.30180854270346724,1.2155309033280552,0.6979472140762464,9.035202086049459,11.058823529411764
CFD_ATAS_0685_20251003_1102,atas-mt5-lead-lab-causal-v1,2025-10-03,2025-10-03T11:02:00-04:00,2025-10-03T11:03:00-04:00,2025-10-03T11:03:00-04:00,2025-10-03T15:03:00+00:00,2025-10-03T15:03:00+00:00,LONG,INFERIOR,1.0,11.0,2.0,92.0,4.0,10.0,5.0308,1.8111,7.435714285713922,10.446428571428571,1.4048991354467546,0.47070124879925457,0.712776176753059,0.8472622478385603,-0.47863247863247865,-1.0769230769230769,-1.0769230769230769,0.9493337274317333,1.7896992536761358,1.9241853247616372,3.0,4.0,-0.2281601800393755,0.632084534101954,1.1965811965811965,0.48414985590760895,-0.47863247863247865,0.36416184971095594,0.6923076923076923,1.9769452449569669,1.435897435897436,-0.011441598574266139,-0.3117001515797304,1.5917431192658975,0.709090909090909,7.020172910663265,11.247863247863249
CFD_ATAS_0686_20251003_1427,atas-mt5-lead-lab-causal-v1,2025-10-03,2025-10-03T14:27:00-04:00,2025-10-03T14:28:00-04:00,2025-10-03T14:28:00-04:00,2025-10-03T18:28:00+00:00,2025-10-03T18:28:00+00:00,SHORT,SUPERIOR,0.0,14.0,27.0,297.0,4.0,10.0,6.1739,2.0,7.099999999999584,13.392857142857142,1.8863179074447785,1.056338028169076,1.2676056338028912,0.591549295774785,-0.0,-1.3066666666666666,-1.6800000000000002,1.056338028169076,2.574272300469558,2.2715492957747854,2.0,3.0,-1.2841878329690857,1.394366197182873,0.8400000000000001,0.9999999999998537,-0.0,0.2359550561798258,0.8181818181818182,1.9436619718309973,2.8000000000000003,2.2115067936743285,0.1339506461560821,0.7064676616914972,0.8902077151335311,18.183098591550667,18.293333333333333
CFD_ATAS_0687_20251003_1500,atas-mt5-lead-lab-causal-v1,2025-10-03,2025-10-03T15:00:00-04:00,2025-10-03T15:01:00-04:00,2025-10-03T15:01:00-04:00,2025-10-03T19:01:00+00:00,2025-10-03T19:01:00+00:00,SHORT,SUPERIOR,0.0,15.0,0.0,330.0,4.0,10.0,6.8701,1.6454,6.678571428571429,10.892857142857142,1.6310160427807485,0.20962566844941574,0.5540106951872747,-1.1080213903740046,-0.11475409836065574,-0.3442622950819672,-0.9180327868852459,0.32437976681007147,0.8982729902692419,-0.18998860348875868,2.0,3.0,0.06078486692792064,0.853475935828986,1.0327868852459017,0.0898395721928402,-0.22950819672131148,0.4204545454543693,1.0,2.3957219251336896,1.6065573770491803,-0.4319177251362645,0.04628335715657753,0.8158813263525411,0.8052805280528051,19.330481283422785,22.491803278688526
CFD_ATAS_0688_20251003_1529,atas-mt5-lead-lab-causal-v1,2025-10-03,2025-10-03T15:29:00-04:00,2025-10-03T15:30:00-04:00,2025-10-03T15:30:00-04:00,2025-10-03T19:30:00+00:00,2025-10-03T19:30:00+00:00,LONG,INFERIOR,1.0,15.0,29.0,359.0,4.0,10.0,5.3831,3.2732,5.650000000000156,8.125,1.4380530973450931,-0.4247787610615489,2.4778761061946217,0.9203539823009883,0.0,-0.9230769230769231,0.3076923076923077,-0.4247787610615489,3.4009530292715446,0.6126616746086806,2.0,2.0,-0.9230769230769231,0.47787610619480586,0.46153846153846156,-0.3185840707963226,0.0,0.1884057971015104,0.14285714285714285,2.938053097344794,1.5384615384615385,-0.5736876706828051,-0.35014121559819783,0.82096523092894,0.7647058823529411,22.84955752212365,30.153846153846153
CFD_ATAS_0689_20251003_1543,atas-mt5-lead-lab-causal-v1,2025-10-03,2025-10-03T15:43:00-04:00,2025-10-03T15:44:00-04:00,2025-10-03T15:44:00-04:00,2025-10-03T19:44:00+00:00,2025-10-03T19:44:00+00:00,LONG,INFERIOR,1.0,15.0,43.0,373.0,4.0,10.0,5.5157,1.5518,5.621428571428363,7.5,1.3341804320203798,-0.4447268106734599,0.035578144854006226,-1.5832274459971292,-0.3333333333333333,0.3333333333333333,-0.16666666666666666,-0.11139347734012661,-0.2977551884793271,-1.4165607793304624,2.0,3.0,0.6010837932762418,1.0317662007622976,0.6666666666666666,-0.4091486658194537,-0.3333333333333333,0.5597484276728956,0.047619047619047616,2.2414231257939794,1.8333333333333333,1.4886853747310125,-0.18662889748837141,0.9442111577683248,0.7336244541484717,22.96569250317786,32.666666666666664
CFD_ATAS_0690_20251006_0959,atas-mt5-lead-lab-causal-v1,2025-10-06,2025-10-06T09:59:00-04:00,2025-10-06T10:00:00-04:00,2025-10-06T10:00:00-04:00,2025-10-06T14:00:00+00:00,2025-10-06T14:00:00+00:00,SHORT,SUPERIOR,0.0,9.0,59.0,29.0,0.0,10.0,5.7905,1.8299,9.400000000000157,16.517857142857142,1.757218844984773,0.17021276595728915,0.5851063829787136,-0.12765957446816037,-0.07567567567567568,-0.3783783783783784,-0.3783783783783784,0.24588844163296483,0.963484761357092,0.25071880391021806,2.0,3.0,0.09109717987093924,0.712765957446874,0.6054054054054054,0.19148936170204706,-0.07567567567567568,0.09836065573775869,0.21739130434782608,2.1276595744680495,1.4378378378378378,-0.6634217744506306,0.11060473780968372,2.2229729729731194,0.7581967213114754,5.382978723404398,6.356756756756757
CFD_ATAS_0691_20251006_1339,atas-mt5-lead-lab-causal-v1,2025-10-06,2025-10-06T13:39:00-04:00,2025-10-06T13:40:00-04:00,2025-10-06T13:44:00-04:00,2025-10-06T17:40:00+00:00,2025-10-06T17:44:00+00:00,LONG,INFERIOR,1.0,13.0,39.0,249.0,0.0,10.0,5.4921,1.7776,11.192857142856935,6.964285714285714,0.6222080408423856,0.2233567326100871,1.161455009572453,0.9380982769623658,0.358974358974359,0.8974358974358975,0.5384615384615384,-0.13561762636427188,0.2640191121365555,0.39963673850082737,0.0,1.0,2.045069972807183,0.6432673899171159,0.717948717948718,0.2501595405232325,0.358974358974359,0.4393305439331614,0.2,1.9298021697510226,2.3333333333333335,0.5465039016449599,-0.002736794639259333,0.654006677796319,1.1818181818181817,11.069559668156048,17.76923076923077
CFD_ATAS_0692_20251006_1419,atas-mt5-lead-lab-causal-v1,2025-10-06,2025-10-06T14:19:00-04:00,2025-10-06T14:20:00-04:00,2025-10-06T14:20:00-04:00,2025-10-06T18:20:00+00:00,2025-10-06T18:20:00+00:00,SHORT,SUPERIOR,0.0,14.0,19.0,289.0,0.0,10.0,5.1015,2.0018,7.75,5.714285714285714,0.7373271889400922,-0.06451612903225806,0.6451612903225806,-0.1935483870967742,-0.4375,-1.09375,-1.09375,0.37298387096774194,1.7389112903225805,0.9002016129032258,2.0,3.0,-0.38639745941945874,0.9935483870963987,0.65625,-0.0,-0.4375,0.06666666666666667,0.7142857142857143,2.0,1.75,0.3817572679724163,-0.005789142075349187,0.6734947237740595,0.8888888888888888,16.735483870967837,22.3125
CFD_ATAS_0693_20251006_1505,atas-mt5-lead-lab-causal-v1,2025-10-06,2025-10-06T15:05:00-04:00,2025-10-06T15:06:00-04:00,2025-10-06T15:06:00-04:00,2025-10-06T19:06:00+00:00,2025-10-06T19:06:00+00:00,SHORT,SUPERIOR,0.0,15.0,5.0,335.0,0.0,10.0,5.106,2.664,6.84285714285735,5.803571428571429,0.8481210855949639,0.18997912317316556,1.6659707724427508,1.87056367432134,-0.6461538461538461,-0.6461538461538461,-0.0,0.8361329693270116,2.312124618596597,1.87056367432134,1.0,2.0,0.08414790038189564,1.0375782880999647,1.5076923076923077,0.2630480167013471,-0.6461538461538461,0.790123456790043,0.0,2.805845511481744,2.1538461538461537,0.41762623009599503,0.17059454041645214,0.9346341463414918,1.04,18.95407098121039,24.984615384615385
CFD_ATAS_0694_20251007_1002,atas-mt5-lead-lab-causal-v1,2025-10-07,2025-10-07T10:02:00-04:00,2025-10-07T10:03:00-04:00,2025-10-07T10:03:00-04:00,2025-10-07T14:03:00+00:00,2025-10-07T14:03:00+00:00,LONG,INFERIOR,1.0,10.0,2.0,32.0,1.0,10.0,6.969,2.7876,3.521428571428779,11.964285714285714,3.397565922920692,-0.05679513184604505,0.7383367139965195,-1.1359026369167686,-0.7313432835820896,-0.7313432835820896,-1.462686567164179,0.6745481517360445,1.469679997578609,0.3267839302474105,2.0,3.0,-0.6468451172420964,0.8235294117640375,0.9402985074626866,-0.14198782961459608,-0.7313432835820896,0.26315789473676654,0.5384615384615384,2.5557809330627297,1.7761194029850746,-0.9318720750612035,0.2530986871296803,1.150525087514595,0.8481012658227848,6.389452332656824,3.9701492537313436
CFD_ATAS_0695_20251007_1044,atas-mt5-lead-lab-causal-v1,2025-10-07,2025-10-07T10:44:00-04:00,2025-10-07T10:45:00-04:00,2025-10-07T10:46:00-04:00,2025-10-07T14:45:00+00:00,2025-10-07T14:46:00+00:00,SHORT,SUPERIOR,0.0,10.0,44.0,74.0,1.0,10.0,5.3435,3.2774,2.9928571428575066,12.589285714285714,4.2064439140806344,-0.23389021479735073,2.3054892601434043,1.536992840096008,-0.4964539007092199,-0.0,-0.09929078014184398,0.2625636859118692,2.3054892601434043,1.636283620237852,1.0,2.0,0.08813764762210971,0.8019093078762838,0.7943262411347518,-0.30071599045269476,-0.4964539007092199,0.43396226415106,0.04,3.341288782815823,1.7872340425531916,-0.639311872898557,0.3365618750031988,0.9280177187154386,1.0483271375464684,8.587112171835694,6.156028368794327
CFD_ATAS_0696_20251007_1110,atas-mt5-lead-lab-causal-v1,2025-10-07,2025-10-07T11:10:00-04:00,2025-10-07T11:11:00-04:00,2025-10-07T11:11:00-04:00,2025-10-07T15:11:00+00:00,2025-10-07T15:11:00+00:00,SHORT,SUPERIOR,0.0,11.0,10.0,100.0,1.0,10.0,7.9771,3.0784,4.535714285714026,21.696428571428573,4.783464566929408,-0.5511811023622363,1.3669291338585063,0.15433070866158657,-0.9218106995884773,0.6337448559670782,1.6707818930041152,0.370629597226241,0.7331842778914281,-1.5164511843425286,1.0,2.0,0.763263889547239,1.388976377952675,1.4403292181069958,-0.7275590551179915,-0.9218106995884773,0.0404624277457085,0.43283582089552236,3.3732283464567256,2.9382716049382713,-1.669548508917858,0.3335915162517666,1.3729729729728946,1.9285714285714286,9.744881889763695,9.736625514403292
CFD_ATAS_0697_20251008_1024,atas-mt5-lead-lab-causal-v1,2025-10-08,2025-10-08T10:24:00-04:00,2025-10-08T10:25:00-04:00,2025-10-08T10:25:00-04:00,2025-10-08T14:25:00+00:00,2025-10-08T14:25:00+00:00,LONG,INFERIOR,1.0,10.0,24.0,54.0,2.0,10.0,7.1916,1.8261,4.77142857142774,10.982142857142858,2.3016467065872277,-0.18862275449059335,0.16766467065855936,-0.9850299401200846,0.6829268292682926,-0.22764227642276422,-1.024390243902439,-0.871549583758886,0.3953069470813236,0.039360303782354444,2.0,4.0,-0.05235916948281001,0.7754491017959323,1.2520325203252032,0.020958083832796452,0.6829268292682926,0.2814371257485343,0.42857142857142855,1.6976047904191525,2.6178861788617884,0.36404373319068395,-0.16288283789440292,1.5096045197739345,0.8172757475083057,6.68562874251644,14.227642276422763
CFD_ATAS_0698_20251008_1033,atas-mt5-lead-lab-causal-v1,2025-10-08,2025-10-08T10:33:00-04:00,2025-10-08T10:34:00-04:00,2025-10-08T10:35:00-04:00,2025-10-08T14:34:00+00:00,2025-10-08T14:35:00+00:00,LONG,INFERIOR,1.0,10.0,33.0,63.0,2.0,10.0,7.6688,1.7478,5.285714285713766,10.714285714285714,2.027027027027226,0.11351351351324937,0.4729729729730195,0.5297297297296442,-0.8166666666666668,0.35000000000000003,0.35000000000000003,0.9301801801799161,0.12297297297301946,0.17972972972964413,1.0,2.0,0.9462351450806697,0.6432432432435818,1.2833333333333334,0.0945945945946039,-0.8166666666666668,0.22950819672123815,0.13043478260869565,1.929729729730057,1.5166666666666668,1.1640249113491283,-0.23563211207124943,1.6263736263738564,0.8888888888888888,8.740540540541538,14.583333333333334
CFD_ATAS_0699_20251008_1055,atas-mt5-lead-lab-causal-v1,2025-10-08,2025-10-08T10:55:00-04:00,2025-10-08T10:56:00-04:00,2025-10-08T10:56:00-04:00,2025-10-08T14:56:00+00:00,2025-10-08T14:56:00+00:00,SHORT,SUPERIOR,0.0,10.0,55.0,85.0,2.0,10.0,7.8296,2.1519,4.36428571428509,9.642857142857142,2.2094926350248656,-0.527004909983542,0.3436988543372013,-0.4124386252044749,0.7777777777777778,0.2592592592592593,1.0370370370370372,-1.3047826877613198,0.08443959507794202,-1.4494756622415121,2.0,2.0,0.2802366228281581,0.7332242225861962,0.9074074074074074,-0.4582651391162685,0.7777777777777778,0.16666666666661054,0.5,1.9018003273323474,1.2962962962962963,-1.723580791747644,-0.2643988608827896,1.040885860306579,0.907563025210084,10.585924713585968,16.203703703703706
CFD_ATAS_0700_20251008_1118,atas-mt5-lead-lab-causal-v1,2025-10-08,2025-10-08T11:18:00-04:00,2025-10-08T11:19:00-04:00,2025-10-08T11:19:00-04:00,2025-10-08T15:19:00+00:00,2025-10-08T15:19:00+00:00,LONG,INFERIOR,1.0,11.0,18.0,108.0,2.0,10.0,8.8745,1.9017,5.942857142857455,7.053571428571429,1.1868990384614762,0.1514423076925446,1.1778846153845535,-1.2788461538458418,-0.17721518987341772,-1.7721518987341771,-1.240506329113924,0.3286574975659623,2.9500365141187306,-0.03833982473191777,3.0,4.0,-1.1822424136215668,1.1610576923078761,0.8860759493670886,0.13461538461525513,-0.17721518987341772,0.3518518518518082,0.4117647058823529,3.213942307691894,2.6582278481012658,0.7710783829837246,-0.17052764159523642,1.3000000000000314,0.7314814814814815,10.34855769230715,22.151898734177216
CFD_ATAS_0701_20251009_1102,atas-mt5-lead-lab-causal-v1,2025-10-09,2025-10-09T11:02:00-04:00,2025-10-09T11:03:00-04:00,2025-10-09T11:03:00-04:00,2025-10-09T15:03:00+00:00,2025-10-09T15:03:00+00:00,LONG,INFERIOR,1.0,11.0,2.0,92.0,3.0,10.0,5.3418,3.4684,4.628571428571637,11.607142857142858,2.507716049382603,-0.21604938271603966,2.2685185185184165,0.9074074074075238,-1.1846153846153846,-0.43076923076923074,-0.8615384615384615,0.9685660018993449,2.699287749287647,1.7689458689459854,2.0,4.0,-0.32681754067293906,1.2098765432102936,1.723076923076923,-0.2592592592594048,-1.1846153846153846,0.20792079207923644,0.26666666666666666,3.1543209876546507,2.1538461538461537,0.5701398669144339,0.26567576277376537,1.1717902350814424,0.8754208754208754,8.080246913580197,12.169230769230769
CFD_ATAS_0702_20251009_1342,atas-mt5-lead-lab-causal-v1,2025-10-09,2025-10-09T13:42:00-04:00,2025-10-09T13:43:00-04:00,2025-10-09T13:43:00-04:00,2025-10-09T17:43:00+00:00,2025-10-09T17:43:00+00:00,LONG,INFERIOR,1.0,13.0,42.0,252.0,3.0,10.0,5.2598,1.8504,14.157142857142649,13.125,0.9270938446014264,-0.5862764883955173,-0.40968718466191223,-1.0807265388496112,-0.2857142857142857,-0.19047619047619047,0.47619047619047616,-0.30056220268123157,-0.21921099418572176,-1.5569170150400873,2.0,2.0,0.1165732409261788,0.8829465186680251,0.7619047619047619,-0.6004036326942571,-0.38095238095238093,0.33479212253827195,0.2,1.9071644803229342,1.8095238095238095,1.9075056063633824,0.05836691576462236,1.0896096756459563,0.98,9.56407669021215,13.238095238095237
CFD_ATAS_0703_20251009_1408,atas-mt5-lead-lab-causal-v1,2025-10-09,2025-10-09T14:08:00-04:00,2025-10-09T14:09:00-04:00,2025-10-09T14:09:00-04:00,2025-10-09T18:09:00+00:00,2025-10-09T18:09:00+00:00,SHORT,SUPERIOR,0.0,14.0,8.0,278.0,3.0,10.0,7.1045,1.8507,10.935714285713923,10.178571428571429,0.930764206401076,-0.3200522534291419,0.8138471587199511,0.15545395166564974,-0.6140350877192983,-0.0,0.6140350877192983,0.29398283429015637,0.8138471587199511,-0.45858113605364853,2.0,2.0,0.18765760158314246,1.2344872632266903,0.7368421052631579,-0.39320705421287927,-0.49122807017543857,0.07359307359309814,0.29411764705882354,1.7922926192030617,2.087719298245614,-0.9836118060731974,0.049175137135573525,0.9372513008876313,0.7808219178082192,13.506205094709856,17.07017543859649
CFD_ATAS_0704_20251009_1509,atas-mt5-lead-lab-causal-v1,2025-10-09,2025-10-09T15:09:00-04:00,2025-10-09T15:10:00-04:00,2025-10-09T15:10:00-04:00,2025-10-09T19:10:00+00:00,2025-10-09T19:10:00+00:00,SHORT,SUPERIOR,0.0,15.0,9.0,339.0,3.0,10.0,8.3791,2.6092,7.392857142856623,7.767857142857143,1.0507246376812334,-0.2705314009662026,0.4328502415455305,0.1487922705312146,-0.3218390804597701,-0.3218390804597701,-1.1264367816091954,0.051307679493567515,0.7546893220053006,1.27522905214041,2.0,4.0,-0.1274118559725379,0.7710144927532837,0.8045977011494252,-0.4057971014493039,-0.3218390804597701,0.055276381909470575,0.7777777777777778,2.3671497584542727,1.6091954022988504,1.3996337235427376,0.1692593814652993,0.7715244129705032,0.9942857142857143,19.978743961354162,22.367816091954023
CFD_ATAS_0705_20251010_1007,atas-mt5-lead-lab-causal-v1,2025-10-10,2025-10-10T10:07:00-04:00,2025-10-10T10:08:00-04:00,2025-10-10T10:08:00-04:00,2025-10-10T14:08:00+00:00,2025-10-10T14:08:00+00:00,SHORT,SUPERIOR,0.0,10.0,7.0,37.0,4.0,10.0,8.0551,3.3456,4.36428571428587,17.5,4.009819967266632,-0.9165302782323731,1.4206219312603452,0.5728314238952332,-0.6428571428571429,-0.8571428571428571,-0.5,-0.2736731353752302,2.277764788403202,1.0728314238952332,2.0,3.0,-0.7073088907588888,1.4664484451721305,1.0714285714285714,-0.8477905073651119,-0.6428571428571429,0.13966480446926238,0.22580645161290322,3.2765957446805674,1.7142857142857142,-0.10924313542916492,0.01920624205158314,0.941448382126308,1.065217391304348,9.073649754500162,5.428571428571429
CFD_ATAS_0706_20251010_1124,atas-mt5-lead-lab-causal-v1,2025-10-10,2025-10-10T11:24:00-04:00,2025-10-10T11:25:00-04:00,2025-10-10T11:27:00-04:00,2025-10-10T15:25:00+00:00,2025-10-10T15:27:00+00:00,SHORT,SUPERIOR,0.0,11.0,24.0,114.0,4.0,10.0,5.2262,1.552,2.942857142856675,48.92857142857143,16.626213592235654,0.4077669902915742,0.8495145631069312,-0.7475728155343466,0.791970802919708,0.8941605839416058,2.605839416058394,-0.3842038126281338,-0.044646020834674616,-3.3534122315927406,1.0,1.0,0.9244803943881811,1.2572815533985053,1.1496350364963503,0.3398058252427725,0.8175182481751825,0.30555555555562575,0.75,2.276699029126823,3.065693430656934,-2.433878152278972,0.10774308743492293,0.7870105062080013,3.4904458598726116,20.320388349517547,11.675182481751824
CFD_ATAS_0707_20251010_1200,atas-mt5-lead-lab-causal-v1,2025-10-10,2025-10-10T12:00:00-04:00,2025-10-10T12:01:00-04:00,2025-10-10T12:02:00-04:00,2025-10-10T16:01:00+00:00,2025-10-10T16:02:00+00:00,LONG,INFERIOR,1.0,12.0,0.0,150.0,4.0,10.0,6.4227,1.6418,5.235714285714233,43.482142857142854,8.304911323328868,1.37517053206018,2.4065484311054886,1.7571623465213024,-0.8624229979466119,0.11498973305954827,-0.9199178644763861,2.2375935300067917,2.2915586980459404,2.677080210997689,2.0,4.0,0.19445781355937208,1.4324693042292094,1.0636550308008215,1.4133697135064311,-0.8049281314168378,0.5476190476191146,0.2962962962962963,3.075034106412453,1.6386036960985628,-0.860736776874975,-0.21689129829909026,1.3726591760299116,0.8184873949579832,11.421555252387424,16.501026694045176
CFD_ATAS_0708_20251010_1429,atas-mt5-lead-lab-causal-v1,2025-10-10,2025-10-10T14:29:00-04:00,2025-10-10T14:30:00-04:00,2025-10-10T14:30:00-04:00,2025-10-10T18:30:00+00:00,2025-10-10T18:30:00+00:00,LONG,INFERIOR,1.0,14.0,29.0,299.0,4.0,10.0,6.3863,2.0579,49.55714285714306,21.964285714285715,0.4432113000864784,-0.12712597290291205,-0.3793600461228591,-0.018160853271865552,-0.9105691056910569,-1.8780487804878048,-1.8780487804878048,0.7834431327881448,1.4986887343649458,1.8598879272159392,3.0,4.0,-0.2854737143289218,0.5952724127990751,1.08130081300813,-0.10492937445951266,-0.9105691056910569,0.007287449392723904,0.8918918918918919,1.9149610838858675,2.3902439024390243,0.987801757627838,0.23084703812392107,2.1331283627978803,0.9879518072289157,11.754107812049533,35.68292682926829
CFD_ATAS_0709_20251013_1239,atas-mt5-lead-lab-causal-v1,2025-10-13,2025-10-13T12:39:00-04:00,2025-10-13T12:40:00-04:00,2025-10-13T12:40:00-04:00,2025-10-13T16:40:00+00:00,2025-10-13T16:40:00+00:00,LONG,INFERIOR,1.0,12.0,39.0,189.0,0.0,10.0,6.0617,2.0,27.828571428571063,10.803571428571429,0.3882186858316273,-0.16170431211499187,0.7007186858316313,-0.0359342915811093,0.11570247933884298,-1.0413223140495869,-1.3884297520661157,-0.27740679145383484,1.742040999881218,1.3524954604850064,2.0,3.0,0.28261061270272914,0.8480492813142579,0.4628099173553719,-0.12217659137582391,0.11570247933884298,0.014925373134328358,0.75,1.7464065708418597,2.3140495867768593,1.0716542432984733,0.015669130317241722,2.1430143014301235,0.867383512544803,5.896817248459984,19.09090909090909
CFD_ATAS_0710_20251013_1507,atas-mt5-lead-lab-causal-v1,2025-10-13,2025-10-13T15:07:00-04:00,2025-10-13T15:08:00-04:00,2025-10-13T15:08:00-04:00,2025-10-13T19:08:00+00:00,2025-10-13T19:08:00+00:00,SHORT,SUPERIOR,0.0,15.0,7.0,337.0,0.0,10.0,5.528,2.0498,9.457142857143221,10.625,1.1234894259818298,0.6027190332326822,1.6706948640485817,1.163141993957659,0.23529411764705882,-1.8823529411764706,-1.6470588235294117,0.36742491558562335,3.5530478052250523,2.810200817487071,2.0,2.0,-1.3895985731444158,1.0891238670697523,0.9411764705882353,0.6132930513598007,0.23529411764705882,0.3416149068322518,0.6363636363636364,2.5377643504530742,2.588235294117647,0.7155227277473574,-0.028682564183930698,0.741321388577832,1.2659574468085106,19.90030211480255,22.58823529411765
CFD_ATAS_0711_20251014_1029,atas-mt5-lead-lab-causal-v1,2025-10-14,2025-10-14T10:29:00-04:00,2025-10-14T10:30:00-04:00,2025-10-14T10:30:00-04:00,2025-10-14T14:30:00+00:00,2025-10-14T14:30:00+00:00,SHORT,SUPERIOR,0.0,10.0,29.0,59.0,1.0,10.0,5.8881,1.75,10.307142857142285,20.178571428571427,1.9577269577270662,0.73735273735299,0.30076230076252924,0.11642411642419348,-0.24778761061946905,-0.5575221238938054,-1.6106194690265487,0.9851403479724591,0.8582844246563346,1.7270435854507422,2.0,4.0,0.2140192191777916,0.8731808731809216,0.7433628318584071,0.727650727650768,-0.18584070796460178,0.035502958579903945,0.8666666666666667,1.9986139986139684,1.858407079646018,2.105966105809384,0.19142993687526433,0.749999999999974,0.8218181818181817,12.893970893971398,15.053097345132745
CFD_ATAS_0712_20251014_1109,atas-mt5-lead-lab-causal-v1,2025-10-14,2025-10-14T11:09:00-04:00,2025-10-14T11:10:00-04:00,2025-10-14T11:10:00-04:00,2025-10-14T15:10:00+00:00,2025-10-14T15:10:00+00:00,LONG,INFERIOR,1.0,11.0,9.0,99.0,1.0,10.0,5.5198,2.0723,11.378571428571377,18.392857142857142,1.6164469554300136,0.8612680477086657,2.0301318267418775,1.5204017576898363,-0.8155339805825242,-2.1067961165048543,-1.4951456310679612,1.67680202829119,4.136927943246732,3.0155473887577973,3.0,4.0,-1.6827451675124658,0.9930947897048998,1.4271844660194175,0.7909604519774047,-0.8155339805825242,0.39407744874715567,0.4074074074074074,2.8826114249842556,3.262135922330097,0.0791743214751967,-0.5701489524616453,1.1005181347150486,0.9321266968325791,14.228499686126678,18.893203883495147
CFD_ATAS_0713_20251014_1212,atas-mt5-lead-lab-causal-v1,2025-10-14,2025-10-14T12:12:00-04:00,2025-10-14T12:13:00-04:00,2025-10-14T12:13:00-04:00,2025-10-14T16:13:00+00:00,2025-10-14T16:13:00+00:00,SHORT,SUPERIOR,0.0,12.0,12.0,162.0,1.0,10.0,7.4065,1.7151,8.264285714285766,13.392857142857142,1.6205704407951498,-0.2541054451165034,0.9922212618842651,0.6050129645635226,0.37333333333333335,-1.8666666666666667,-1.4000000000000001,-0.6274387784498368,2.858887928550932,2.0050129645635226,2.0,3.0,-1.624885111714985,0.6655142610198749,0.7466666666666667,-0.2541054451165034,0.37333333333333335,0.25,0.42857142857142855,2.0449438202248826,2.6133333333333333,-0.487023713324757,-0.09789847284598129,0.8451424397370193,0.7614213197969543,19.590319792566596,31.26666666666667
CFD_ATAS_0714_20251014_1254,atas-mt5-lead-lab-causal-v1,2025-10-14,2025-10-14T12:54:00-04:00,2025-10-14T12:55:00-04:00,2025-10-14T12:55:00-04:00,2025-10-14T16:55:00+00:00,2025-10-14T16:55:00+00:00,LONG,INFERIOR,1.0,12.0,54.0,204.0,1.0,10.0,5.3333,2.7601,32.12857142857164,12.5,0.3890618052467738,0.015562472209870951,2.1694086260560335,2.153846153846162,-0.6,-1.3,0.1,0.6155624722098709,3.4694086260560333,2.053846153846162,3.0,4.0,-0.10915193270135205,0.588261449533054,1.2,0.04668741662961286,-0.6,0.966480446927355,0.034482758620689655,2.910182303245868,2.3,-0.9398196315739584,-0.17238785558997166,2.6000000000000445,0.9090909090909091,7.494886616273828,42.1
CFD_ATAS_0715_20251014_1310,atas-mt5-lead-lab-causal-v1,2025-10-14,2025-10-14T13:10:00-04:00,2025-10-14T13:11:00-04:00,2025-10-14T13:11:00-04:00,2025-10-14T17:11:00+00:00,2025-10-14T17:11:00+00:00,SHORT,SUPERIOR,0.0,13.0,10.0,220.0,1.0,10.0,6.9436,1.6698,23.22857142857148,15.089285714285714,0.6496002460024585,-0.21525215252152474,0.8653136531364668,0.12484624846239037,-0.24852071005917162,-0.7455621301775148,-0.7455621301775148,0.033268557537646876,1.6108757833139817,0.8704083786399052,3.0,4.0,-0.18488891911376049,0.8265682656826863,0.9940828402366865,-0.11193111931128683,-0.24852071005917162,0.06131078224096959,0.42857142857142855,1.6574415744157405,1.5739644970414202,-0.3117851354317548,0.008102303054320059,0.9253094323516908,1.0662460567823342,10.3665436654366,34.875739644970416
CFD_ATAS_0716_20251014_1408,atas-mt5-lead-lab-causal-v1,2025-10-14,2025-10-14T14:08:00-04:00,2025-10-14T14:09:00-04:00,2025-10-14T14:10:00-04:00,2025-10-14T18:09:00+00:00,2025-10-14T18:10:00+00:00,SHORT,SUPERIOR,0.0,14.0,8.0,278.0,1.0,10.0,5.4623,1.5574,17.507142857143272,10.357142857142858,0.5915952672378482,0.942472460220296,1.8563851489187646,0.34842921256620807,0.48275862068965514,0.3620689655172414,-0.12068965517241378,0.4597138395306408,1.4943161834015233,0.4691188677386219,1.0,2.0,0.9877432415294982,1.3765809873521933,1.086206896551724,0.9139126886984688,0.603448275862069,0.10356536502543963,0.1111111111111111,2.284781721746172,1.4482758620689655,-1.0465279836873085,0.06878244225977126,0.916947250280589,0.8111888111888113,19.626274989799533,50.810344827586206
CFD_ATAS_0717_20251014_1422,atas-mt5-lead-lab-causal-v1,2025-10-14,2025-10-14T14:22:00-04:00,2025-10-14T14:23:00-04:00,2025-10-14T14:23:00-04:00,2025-10-14T18:23:00+00:00,2025-10-14T18:23:00+00:00,LONG,INFERIOR,1.0,14.0,22.0,292.0,1.0,10.0,5.0417,2.196,16.414285714286184,10.714285714285714,0.6527415143602946,0.30461270670147084,1.6936466492601336,0.7006092254133829,0.5833333333333334,-0.8166666666666668,-1.05,-0.27872062663186253,2.5103133159268003,1.750609225413383,1.0,2.0,0.10305051905942189,0.8102697998258681,0.8166666666666668,0.2132288946910296,0.4666666666666667,0.26077097505669794,0.391304347826087,2.4247171453436636,2.45,-0.08560745046705069,-0.11493478716003058,0.9299878591663479,0.8602150537634409,20.932985204524986,49.11666666666667
CFD_ATAS_0718_20251014_1456,atas-mt5-lead-lab-causal-v1,2025-10-14,2025-10-14T14:56:00-04:00,2025-10-14T14:57:00-04:00,2025-10-14T15:00:00-04:00,2025-10-14T18:57:00+00:00,2025-10-14T19:00:00+00:00,SHORT,SUPERIOR,0.0,14.0,56.0,326.0,1.0,10.0,7.1457,1.5308,16.507142857143013,10.089285714285714,0.6112072695802625,0.03634790134154253,1.1207269580268178,0.3089571614021198,0.8672566371681416,0.8672566371681416,2.106194690265487,-0.8309087358265991,0.25347032085867616,-1.797237528863367,1.0,2.0,1.568186276669066,0.7511899610559011,1.4867256637168142,0.024231934227695023,0.8672566371681416,0.15987460815054957,0.5862068965517241,1.750757247944464,2.7256637168141595,-1.2187503092084297,0.45393010659479693,0.9510288065843426,0.9535864978902954,25.086109909129924,52.15929203539823
CFD_ATAS_0719_20251014_1524,atas-mt5-lead-lab-causal-v1,2025-10-14,2025-10-14T15:24:00-04:00,2025-10-14T15:25:00-04:00,2025-10-14T15:25:00-04:00,2025-10-14T19:25:00+00:00,2025-10-14T19:25:00+00:00,SHORT,SUPERIOR,0.0,15.0,24.0,354.0,1.0,10.0,7.2564,2.5328,17.72857142857174,7.5,0.4230459307010401,0.02820306204673601,1.2634971796938552,-1.2240128928283838,0.16666666666666666,-0.3333333333333333,-2.0,-0.13846360461993065,1.5968305130271885,0.7759871071716162,2.0,4.0,0.150953404843555,0.755842062852607,0.5,0.05640612409347202,0.16666666666666666,0.3140376266280759,0.8571428571428571,2.831587429492336,2.8333333333333335,-1.1780831012346589,0.3460099050380786,1.0987162461266167,0.7533632286995516,25.56889605157082,70.16666666666667
CFD_ATAS_0720_20251014_1540,atas-mt5-lead-lab-causal-v1,2025-10-14,2025-10-14T15:40:00-04:00,2025-10-14T15:41:00-04:00,2025-10-14T15:41:00-04:00,2025-10-14T19:41:00+00:00,2025-10-14T19:41:00+00:00,SHORT,SUPERIOR,0.0,15.0,40.0,370.0,1.0,10.0,9.7455,2.2483,12.13571428571491,23.035714285714285,1.8981753972924273,-1.3431430253088763,-0.1400824014126484,-1.3596233078280644,1.1937984496124032,-0.5968992248062016,3.364341085271318,-2.5369414749212797,0.45681682339355323,-4.723964393099383,2.0,2.0,-0.40543223791457933,1.4255444379045166,1.5736434108527133,-1.3843437316066964,1.1937984496124032,0.3610503282275941,0.484375,2.142436727486647,5.209302325581396,-2.236162325387379,-0.46033358578606776,0.7833102812356143,2.411214953271028,39.981165391404716,22.844961240310077
CFD_ATAS_0721_20251014_1555,atas-mt5-lead-lab-causal-v1,2025-10-14,2025-10-14T15:55:00-04:00,2025-10-14T15:56:00-04:00,2025-10-14T15:58:00-04:00,2025-10-14T19:56:00+00:00,2025-10-14T19:58:00+00:00,SHORT,SUPERIOR,0.0,15.0,55.0,385.0,1.0,10.0,6.0965,1.7093,11.300000000000052,32.5,2.8761061946902524,0.8495575221240831,1.7345132743364684,0.6106194690266746,0.23076923076923078,0.5,-0.8846153846153846,0.6187882913548524,1.2345132743364684,1.4952348536420592,0.0,2.0,0.8169173168264724,1.0442477876105503,0.7307692307692307,0.7876106194691517,0.19230769230769232,0.15231788079472433,0.46938775510204084,2.9026548672565595,2.0384615384615383,-0.40802969345983536,-0.30499223925526453,0.875484228002214,3.3860465116279075,46.32743362831837,16.192307692307693
CFD_ATAS_0722_20251015_0955,atas-mt5-lead-lab-causal-v1,2025-10-15,2025-10-15T09:55:00-04:00,2025-10-15T09:56:00-04:00,2025-10-15T09:56:00-04:00,2025-10-15T13:56:00+00:00,2025-10-15T13:56:00+00:00,SHORT,SUPERIOR,0.0,9.0,55.0,25.0,2.0,10.0,6.2947,1.5579,5.142857142857663,30.089285714285715,5.850694444443853,-0.5444444444442479,0.03888888888902643,-0.36944444444398267,-1.0385756676557862,-1.1632047477744807,-2.5756676557863503,0.49413122321153835,1.202093636663507,2.2062232113423677,2.0,4.0,-1.0494163217561048,0.797222222222566,1.1216617210682491,-0.46666666666619505,-1.0801186943620178,0.1386861313866946,0.9393939393939394,1.7305555555556635,2.7002967359050443,1.7268477826730455,-0.019442955450052278,1.1162790697674918,1.0029761904761905,5.8138888888885845,3.7388724035608307
CFD_ATAS_0723_20251015_1000,atas-mt5-lead-lab-causal-v1,2025-10-15,2025-10-15T10:00:00-04:00,2025-10-15T10:01:00-04:00,2025-10-15T10:01:00-04:00,2025-10-15T14:01:00+00:00,2025-10-15T14:01:00+00:00,SHORT,SUPERIOR,0.0,10.0,0.0,30.0,2.0,10.0,5.4411,2.661,5.607142857143117,24.107142857142858,4.2993630573246415,-0.7490445859873562,0.05350318471324356,1.1235668789807098,-0.7259259259259259,-1.0888888888888888,-0.9333333333333333,-0.023118660061430374,1.1423920736021325,2.0569002123140434,2.0,3.0,-0.7500275816144292,1.9082802547771114,0.8814814814814814,-0.927388535031934,-0.7777777777777778,0.36416184971080273,0.45,3.317197452229535,1.6592592592592592,1.9635241275911521,0.010328082553368057,1.1957349581111916,0.8108108108108109,5.332484076433134,5.703703703703703
CFD_ATAS_0724_20251015_1053,atas-mt5-lead-lab-causal-v1,2025-10-15,2025-10-15T10:53:00-04:00,2025-10-15T10:54:00-04:00,2025-10-15T10:54:00-04:00,2025-10-15T14:54:00+00:00,2025-10-15T14:54:00+00:00,SHORT,SUPERIOR,0.0,10.0,53.0,83.0,2.0,10.0,5.7191,1.6284,4.928571428570129,15.089285714285714,3.0615942028993577,-0.9130434782611102,0.08115942029017172,-0.30434782608703675,-0.0,-0.16568047337278108,0.16568047337278108,-0.9130434782611102,0.24683989366295278,-0.47002829945981783,1.0,1.0,-0.1053304418436866,1.3391304347826665,0.49704142011834324,-0.8115942028987646,-0.08284023668639054,0.13274336283182422,0.14285714285714285,1.6637681159418771,1.4911242603550297,-1.310669874458769,0.25497373024020226,0.7832009080588304,0.9657142857142856,8.501449275364855,14.414201183431953
CFD_ATAS_0725_20251015_1122,atas-mt5-lead-lab-causal-v1,2025-10-15,2025-10-15T11:22:00-04:00,2025-10-15T11:23:00-04:00,2025-10-15T11:23:00-04:00,2025-10-15T15:23:00+00:00,2025-10-15T15:23:00+00:00,SHORT,SUPERIOR,0.0,11.0,22.0,112.0,2.0,10.0,10.8536,5.101,7.214285714285974,14.017857142857142,1.943069306930623,-0.26336633663335135,2.4811881188119935,1.88514851485172,-0.0,-0.445859872611465,0.445859872611465,-0.26336633663335135,2.9270479914234584,1.439288642240255,1.0,1.0,-0.2516336673296763,0.9148514851487846,0.9808917197452229,-0.2217821782176121,-0.0,0.4197530864198487,0.29411764705882354,4.449504950495192,1.515923566878981,-0.7247453911989156,-0.24305385363479315,1.142533936651653,0.98125,12.003960396039474,15.515923566878982
CFD_ATAS_0726_20251015_1127,atas-mt5-lead-lab-causal-v1,2025-10-15,2025-10-15T11:27:00-04:00,2025-10-15T11:28:00-04:00,2025-10-15T11:28:00-04:00,2025-10-15T15:28:00+00:00,2025-10-15T15:28:00+00:00,SHORT,SUPERIOR,0.0,11.0,27.0,117.0,2.0,10.0,6.1527,1.851,7.792857142857558,13.660714285714286,1.7529789184233713,0.4106324472956633,1.7836846929418797,0.24381301558174173,0.45751633986928103,-1.0065359477124183,-0.7320261437908496,-0.04688389257361775,2.790220640654298,0.9758391593725914,2.0,2.0,-0.9326947465511206,0.6544454628783387,1.0980392156862744,0.3721356553617532,0.45751633986928103,0.07335907335899526,0.3333333333333333,2.1173235563701898,2.5620915032679736,0.25598475363040246,-0.2945575025590483,1.2128960533630342,0.9745222929936307,11.112740604949275,15.921568627450979
CFD_ATAS_0727_20251015_1319,atas-mt5-lead-lab-causal-v1,2025-10-15,2025-10-15T13:19:00-04:00,2025-10-15T13:20:00-04:00,2025-10-15T13:20:00-04:00,2025-10-15T17:20:00+00:00,2025-10-15T17:20:00+00:00,SHORT,SUPERIOR,0.0,13.0,19.0,229.0,2.0,10.0,7.0,1.8221,16.02142857142826,32.5,2.0285332144449795,-0.5867142220241771,0.2122157824343348,-0.5367810967453498,0.038461538461538464,-0.6153846153846154,-0.8846153846153846,-0.6251757604857155,0.8276003978189502,0.3478342878700348,1.0,2.0,-0.26136816216849884,0.8987962550154853,0.7307692307692307,-0.49933125278645646,0.07692307692307693,0.18143459915608187,0.26436781609195403,1.7975925100311978,2.6923076923076925,-0.8144244809626981,-0.272521225679594,0.9512298558100003,1.8245614035087718,13.251003120820542,13.884615384615385
CFD_ATAS_0728_20251015_1512,atas-mt5-lead-lab-causal-v1,2025-10-15,2025-10-15T15:12:00-04:00,2025-10-15T15:13:00-04:00,2025-10-15T15:16:00-04:00,2025-10-15T19:13:00+00:00,2025-10-15T19:16:00+00:00,SHORT,SUPERIOR,0.0,15.0,12.0,342.0,2.0,10.0,5.6766,1.8201,18.121428571428623,10.714285714285714,0.5912495072920755,0.2869530942057942,0.8056759952699213,0.7449743791880152,-0.5833333333333334,-0.0,-0.35000000000000003,0.8702864275391275,0.8056759952699213,1.0949743791880153,1.0,3.0,1.2289742834750117,0.6070161608198642,1.4000000000000001,0.32558139534891656,-0.4666666666666667,0.3580901856764202,0.23076923076923078,1.8100118249901005,2.1,-0.7937240028570117,-0.4107912850114157,0.955735543416833,0.8823529411764706,13.056365786361727,42.11666666666667
CFD_ATAS_0729_20251015_1549,atas-mt5-lead-lab-causal-v1,2025-10-15,2025-10-15T15:49:00-04:00,2025-10-15T15:50:00-04:00,2025-10-15T15:50:00-04:00,2025-10-15T19:50:00+00:00,2025-10-15T19:50:00+00:00,LONG,INFERIOR,1.0,15.0,49.0,379.0,2.0,10.0,5.9481,1.6446,14.628571428571636,12.678571428571429,0.8666992187499877,-0.07519531249989946,0.9843750000000855,-0.8613281249998883,-0.09859154929577464,-0.09859154929577464,-0.5915492957746479,0.023396236795875186,1.0829665492958602,-0.26977882922524044,2.0,4.0,0.29056149381372753,0.8681640624997887,0.5915492957746479,-0.06835937499999903,0.0,0.2889908256880497,0.375,2.276367187499918,1.380281690140845,0.3685800611182289,0.05897774322503306,0.8135054617676382,1.1735537190082646,16.17382812499967,35.59154929577465
CFD_ATAS_0730_20251016_1036,atas-mt5-lead-lab-causal-v1,2025-10-16,2025-10-16T10:36:00-04:00,2025-10-16T10:37:00-04:00,2025-10-16T10:37:00-04:00,2025-10-16T14:37:00+00:00,2025-10-16T14:37:00+00:00,SHORT,SUPERIOR,0.0,10.0,36.0,66.0,3.0,10.0,5.5556,3.0556,3.9285714285714284,22.946428571428573,5.840909090909092,0.8145454545456398,2.4945454545461954,1.8581818181825591,-0.21789883268482488,-1.3073929961089494,-0.8715953307392995,1.0324442872304647,3.801938450655145,2.7297771489218587,3.0,3.0,-1.2766564787322916,1.1963636363638217,1.1439688715953307,0.8145454545456398,-0.21789883268482488,0.5934959349594457,0.5,3.0036363636361787,2.124513618677043,2.4040758668670748,-0.33238997088351313,0.7133592736705879,0.9379562043795621,10.716363636363267,5.556420233463035
CFD_ATAS_0731_20251016_1117,atas-mt5-lead-lab-causal-v1,2025-10-16,2025-10-16T11:17:00-04:00,2025-10-16T11:18:00-04:00,2025-10-16T11:18:00-04:00,2025-10-16T15:18:00+00:00,2025-10-16T15:18:00+00:00,LONG,INFERIOR,1.0,11.0,17.0,107.0,3.0,10.0,5.2439,1.8544,8.742857142856467,17.857142857142858,2.042483660130877,-0.1143790849673291,1.098039215686609,0.29738562091530535,0.06999999999999999,-0.77,-0.84,-0.18437908496732908,1.868039215686609,1.1373856209153053,1.0,2.0,-0.719064875823562,0.8120915032678702,0.77,-0.05718954248366455,0.06999999999999999,0.1397849462366601,0.6666666666666666,1.795751633986734,1.54,0.4990270210186015,-0.09433817730931654,1.7960381511371637,0.8771929824561403,6.14215686274524,9.31
CFD_ATAS_0732_20251016_1130,atas-mt5-lead-lab-causal-v1,2025-10-16,2025-10-16T11:30:00-04:00,2025-10-16T11:31:00-04:00,2025-10-16T11:31:00-04:00,2025-10-16T15:31:00+00:00,2025-10-16T15:31:00+00:00,LONG,INFERIOR,1.0,11.0,30.0,120.0,3.0,10.0,5.0047,1.9624,8.13571428571491,18.928571428571427,2.3266022827039476,0.7374890254608741,1.696224758560368,1.720807726075373,-1.7169811320754718,-2.047169811320755,-3.4339622641509435,2.454470157536346,3.743394569881123,5.154769990226317,2.0,4.0,-1.7810863230446627,3.4784899034237,1.9150943396226416,0.6883230904304174,-1.7169811320754718,0.7368421052631579,0.8666666666666667,3.4784899034237,3.566037735849057,-3.2742101197286146,-0.07186408733862025,1.6053558844258817,1.004739336492891,7.719051799823726,9.377358490566039
CFD_ATAS_0733_20251016_1137,atas-mt5-lead-lab-causal-v1,2025-10-16,2025-10-16T11:37:00-04:00,2025-10-16T11:38:00-04:00,2025-10-16T11:38:00-04:00,2025-10-16T15:38:00+00:00,2025-10-16T15:38:00+00:00,SHORT,SUPERIOR,0.0,11.0,37.0,127.0,3.0,10.0,5.2408,1.9336,10.914285714285663,24.107142857142858,2.2087696335078637,-1.1269633507856123,-0.2657068062828571,-1.6125654450263855,-0.6222222222222222,-0.36296296296296293,-1.2444444444444445,-0.50474112856339,0.09725615668010584,-0.3681210005819411,2.0,3.0,-0.17923474146975893,1.3651832460731048,0.9333333333333333,-1.15445026178031,-0.674074074074074,0.4835164835164758,0.375,2.098167539267159,2.2296296296296294,-0.5731255663704379,0.4463449613265695,2.0523841504368057,1.282660332541568,5.753926701570641,7.466666666666667
CFD_ATAS_0734_20251016_1148,atas-mt5-lead-lab-causal-v1,2025-10-16,2025-10-16T11:48:00-04:00,2025-10-16T11:49:00-04:00,2025-10-16T11:49:00-04:00,2025-10-16T15:49:00+00:00,2025-10-16T15:49:00+00:00,SHORT,SUPERIOR,0.0,11.0,48.0,138.0,3.0,10.0,8.6672,2.1219,8.585714285714078,26.25,3.0574043261232022,-1.281198003327818,-0.0,-0.03494176372746129,-0.42857142857142855,-0.6666666666666666,0.3333333333333333,-0.8526265747563895,0.6666666666666666,-0.3682750970607946,2.0,2.0,-0.3955652959703002,1.5374376039934665,1.0952380952380953,-1.2928452579037797,-0.38095238095238093,0.010452961672576335,0.14893617021276595,2.201331114808875,1.8095238095238095,-1.1304923855885778,0.15015054000074993,1.126522961574473,1.3579676674364893,8.991680532446226,8.142857142857142
CFD_ATAS_0735_20251016_1348,atas-mt5-lead-lab-causal-v1,2025-10-16,2025-10-16T13:48:00-04:00,2025-10-16T13:49:00-04:00,2025-10-16T13:49:00-04:00,2025-10-16T17:49:00+00:00,2025-10-16T17:49:00+00:00,SHORT,SUPERIOR,0.0,13.0,48.0,258.0,3.0,10.0,8.3193,2.8807,17.535714285714544,22.5,1.2830957230142377,-0.353564154786187,1.516904276985638,1.802036659877691,-0.1111111111111111,-1.3333333333333333,-0.6666666666666666,-0.24245304367507592,2.8502376103189713,2.4687033265443574,3.0,4.0,-0.8606230291133721,1.0093686354379086,0.6666666666666666,-0.34786150712842895,-0.1111111111111111,0.7181818181817851,0.21428571428571427,2.9197556008146623,1.5555555555555556,-0.6614962861933479,-0.33633084127007845,0.7746923319659322,0.7578947368421053,9.369450101832815,19.88888888888889
CFD_ATAS_0736_20251016_1434,atas-mt5-lead-lab-causal-v1,2025-10-16,2025-10-16T14:34:00-04:00,2025-10-16T14:35:00-04:00,2025-10-16T14:35:00-04:00,2025-10-16T18:35:00+00:00,2025-10-16T18:35:00+00:00,LONG,INFERIOR,1.0,14.0,34.0,304.0,3.0,10.0,6.9471,2.1587,21.77142857142826,27.142857142857142,1.2467191601050047,1.3136482939633736,1.906167979002652,0.9599737532809205,-0.23026315789473684,-0.3223684210526316,-1.5657894736842106,1.5439114518581105,2.2285364000552836,2.525763226965131,2.0,3.0,0.332288980737193,1.4652230971127815,0.7368421052631579,1.2677165354331892,-0.23026315789473684,0.20390243902438995,0.7083333333333334,2.746719160104993,2.7171052631578947,-0.7252486199585279,-0.05516533826718683,1.2141007767376968,1.1968503937007873,8.230971128609076,19.75657894736842
CFD_ATAS_0737_20251017_1126,atas-mt5-lead-lab-causal-v1,2025-10-17,2025-10-17T11:26:00-04:00,2025-10-17T11:27:00-04:00,2025-10-17T11:27:00-04:00,2025-10-17T15:27:00+00:00,2025-10-17T15:27:00+00:00,SHORT,SUPERIOR,0.0,11.0,26.0,116.0,4.0,10.0,5.7816,2.4956,16.171428571428674,25.267857142857142,1.56249999999999,1.2305653710248172,2.7579505300352283,1.9540636042401802,-1.236749116607774,-1.236749116607774,-1.03886925795053,2.467314487632591,3.994699646643002,2.9929328621907105,2.0,2.0,-1.0738838360598189,1.2985865724381542,1.4346289752650176,1.2058303886925719,-1.236749116607774,0.5486111111110997,0.6363636363636364,3.0362190812722005,2.07773851590106,0.05936082227236415,-0.4978872838580543,0.9591188307562122,0.874806800618238,19.404593639575804,11.42756183745583
CFD_ATAS_0738_20251017_1156,atas-mt5-lead-lab-causal-v1,2025-10-17,2025-10-17T11:56:00-04:00,2025-10-17T11:57:00-04:00,2025-10-17T11:59:00-04:00,2025-10-17T15:57:00+00:00,2025-10-17T15:59:00+00:00,LONG,INFERIOR,1.0,11.0,56.0,146.0,4.0,10.0,5.0319,2.3868,13.657142857143429,21.696428571428573,1.5886506276149963,-0.6370292887026892,0.7468619246862145,-1.1349372384936764,0.8065843621399177,0.6337448559670782,1.6707818930041152,-1.443613650842607,0.1131170687191363,-2.8057191314977916,1.0,1.0,0.685038440771077,0.8420502092049856,0.9794238683127572,-0.658995815899554,0.7489711934156378,0.257903494176379,0.5471698113207547,2.2332635983262663,2.074074074074074,1.5591115784620881,-0.32627074569342274,0.8905449464369305,0.8059701492537313,22.97698744769773,13.30864197530864
CFD_ATAS_0739_20251017_1318,atas-mt5-lead-lab-causal-v1,2025-10-17,2025-10-17T13:18:00-04:00,2025-10-17T13:19:00-04:00,2025-10-17T13:23:00-04:00,2025-10-17T17:19:00+00:00,2025-10-17T17:23:00+00:00,SHORT,SUPERIOR,0.0,13.0,18.0,228.0,4.0,10.0,5.5939,1.7186,30.04999999999979,20.089285714285715,0.668528642738298,-0.013311148086449917,1.713810316139779,0.41264559068224765,0.5599999999999999,0.9333333333333332,1.4933333333333332,-0.5733111480864499,0.7804769828064458,-1.0806877426510855,0.0,1.0,1.1330906561204594,0.6189683860232504,0.9333333333333332,0.029950083194724173,0.5599999999999999,0.13566739606129372,0.8,2.259567387687131,2.302222222222222,-1.3357673609585161,0.020756727805619272,0.9138698816118171,1.0273972602739727,15.720465890183064,14.995555555555555
CFD_ATAS_0740_20251017_1344,atas-mt5-lead-lab-causal-v1,2025-10-17,2025-10-17T13:44:00-04:00,2025-10-17T13:45:00-04:00,2025-10-17T13:45:00-04:00,2025-10-17T17:45:00+00:00,2025-10-17T17:45:00+00:00,LONG,INFERIOR,1.0,13.0,44.0,254.0,4.0,10.0,6.0182,3.1067,26.985714285714234,16.964285714285715,0.6286394917946015,-1.4266807834833273,-0.11487559555328386,0.018528321863419833,0.07368421052631578,-1.4,-1.9894736842105263,-1.500364994009643,1.285124404446716,2.008002006073946,2.0,4.0,0.1829273340394904,1.5119110640550315,1.031578947368421,-1.4600317628375368,0.0,0.004541326067211686,0.9310344827586207,2.890418210693494,2.8,0.6241188583825933,-0.17018865332971633,0.839555555555564,0.8597285067873304,17.50555849655898,17.757894736842104
CFD_ATAS_0741_20251020_0954,atas-mt5-lead-lab-causal-v1,2025-10-20,2025-10-20T09:54:00-04:00,2025-10-20T09:55:00-04:00,2025-10-20T09:55:00-04:00,2025-10-20T13:55:00+00:00,2025-10-20T13:55:00+00:00,LONG,INFERIOR,1.0,9.0,54.0,24.0,0.0,10.0,6.2513,1.7286,10.892857142856883,16.160714285714285,1.4836065573770845,0.13770491803279017,0.2111475409835448,0.11934426229501802,0.0,0.23204419889502764,0.6187845303867404,0.13770491803279017,-0.020896657911482847,-0.4994402680917224,1.0,1.0,1.2479235463503309,0.6334426229506344,0.850828729281768,0.1285245901637371,0.0,0.05220883534134082,0.5714285714285714,1.7993442622953253,1.3149171270718232,1.3574630676784911,0.2578405916541559,1.306209850107015,0.9354005167958656,5.710163934426433,7.425414364640885
CFD_ATAS_0742_20251020_1020,atas-mt5-lead-lab-causal-v1,2025-10-20,2025-10-20T10:20:00-04:00,2025-10-20T10:21:00-04:00,2025-10-20T10:21:00-04:00,2025-10-20T14:21:00+00:00,2025-10-20T14:21:00+00:00,SHORT,SUPERIOR,0.0,10.0,20.0,50.0,0.0,10.0,6.5455,1.6818,5.949999999999688,12.767857142857142,2.1458583433374474,-0.01680672268883194,0.9243697478992081,0.6218487394959532,0.1958041958041958,-0.3916083916083916,0.3916083916083916,-0.21261091849302774,1.3159781395075998,0.2302403478875616,1.0,2.0,-0.11412716080008035,0.47058823529402,0.9790209790209791,-0.10084033613421449,0.1958041958041958,0.49333333333366963,0.1111111111111111,1.865546218487248,1.7622377622377623,-1.5367753678144316,-0.120165610839005,0.7702265372167777,0.7688172043010753,10.789915966387241,10.867132867132868
CFD_ATAS_0743_20251020_1151,atas-mt5-lead-lab-causal-v1,2025-10-20,2025-10-20T11:51:00-04:00,2025-10-20T11:52:00-04:00,2025-10-20T11:52:00-04:00,2025-10-20T15:52:00+00:00,2025-10-20T15:52:00+00:00,SHORT,SUPERIOR,0.0,11.0,51.0,141.0,0.0,10.0,7.5767,2.9034,6.350000000000104,9.464285714285714,1.4904386951630801,-0.8346456692912104,0.31496062992125473,-0.8346456692912104,0.1320754716981132,-0.5283018867924528,-2.7735849056603774,-0.9667211409893236,0.8432625167137076,1.9389392363691669,2.0,4.0,-0.3459847005466351,0.9448818897637641,1.4528301886792454,-0.8661417322834505,0.2641509433962264,0.17966101694915004,0.9130434782608695,2.2992125984249303,4.09433962264151,-0.008395034472949729,0.04139962881687393,1.218642906099985,1.0495049504950495,13.496062992125879,24.433962264150946
CFD_ATAS_0744_20251020_1207,atas-mt5-lead-lab-causal-v1,2025-10-20,2025-10-20T12:07:00-04:00,2025-10-20T12:08:00-04:00,2025-10-20T12:08:00-04:00,2025-10-20T16:08:00+00:00,2025-10-20T16:08:00+00:00,SHORT,SUPERIOR,0.0,12.0,7.0,157.0,0.0,10.0,8.2166,1.6845,5.314285714285818,13.125,2.469758064516081,0.6209677419353349,1.3172043010752432,1.185483870967582,0.2857142857142857,-0.47619047619047616,-0.47619047619047616,0.3352534562210492,1.7933947772657195,1.661674347158058,2.0,3.0,-0.30630993369406845,0.9973118279568329,0.8571428571428571,0.6021505376345337,0.19047619047619047,0.7241379310343385,0.3333333333333333,1.8817204301074901,1.5238095238095237,-0.5020641121359696,-0.09596454412906916,0.9920000000000194,1.4271844660194175,19.96505376344088,17.61904761904762
CFD_ATAS_0745_20251020_1402,atas-mt5-lead-lab-causal-v1,2025-10-20,2025-10-20T14:02:00-04:00,2025-10-20T14:03:00-04:00,2025-10-20T14:03:00-04:00,2025-10-20T18:03:00+00:00,2025-10-20T18:03:00+00:00,SHORT,SUPERIOR,0.0,14.0,2.0,272.0,0.0,10.0,5.914,2.2766,8.449999999999948,4.821428571428571,0.5705832628909587,-0.5088757396448874,0.02366863905334069,-0.130177514792728,-0.7777777777777778,-1.5555555555555556,-1.5555555555555556,0.2689020381328904,1.5792241946088963,1.4253780407628276,3.0,4.0,-0.4689877513198924,1.0650887573964563,1.0370370370370372,-0.5443786982246832,-0.7777777777777778,0.041198501872609164,0.5,2.059171597633321,2.851851851851852,-0.36981034488419684,-0.16443239913540794,0.7237687366166946,0.8852459016393442,33.53846153846192,49.77777777777778
CFD_ATAS_0746_20251021_1032,atas-mt5-lead-lab-causal-v1,2025-10-21,2025-10-21T10:32:00-04:00,2025-10-21T10:33:00-04:00,2025-10-21T10:33:00-04:00,2025-10-21T14:33:00+00:00,2025-10-21T14:33:00+00:00,SHORT,SUPERIOR,0.0,10.0,32.0,62.0,1.0,10.0,8.1644,5.2603,5.742857142857247,18.125,3.156094527363127,0.9228855721391601,1.2885572139299448,0.8706467661691385,0.6896551724137931,0.7586206896551724,1.5172413793103448,0.23323039972536697,0.5299365242747724,-0.6465946131412063,1.0,2.0,0.8195081831620412,1.793532338308932,1.2413793103448276,0.9402985074622895,0.6896551724137931,0.38461538461538464,0.4583333333333333,3.3432835820896183,2.0,-1.7884233073268645,0.061203419920115326,1.3444816053511295,1.043701799485861,6.6169154228854525,5.586206896551724
CFD_ATAS_0747_20251021_1137,atas-mt5-lead-lab-causal-v1,2025-10-21,2025-10-21T11:37:00-04:00,2025-10-21T11:38:00-04:00,2025-10-21T11:38:00-04:00,2025-10-21T15:38:00+00:00,2025-10-21T15:38:00+00:00,LONG,INFERIOR,1.0,11.0,37.0,127.0,1.0,10.0,6.0,1.775,4.442857142857714,10.982142857142858,2.471864951768171,0.7877813504822138,1.508038585208973,0.8327974276527897,-2.6178861788617884,-2.7317073170731705,-2.9593495934959346,3.405667529344002,4.239745902282143,3.7921470211487245,2.0,3.0,-2.704212599105582,1.237942122186336,2.8455284552845526,0.6752411575561833,-2.6178861788617884,0.26618705035966705,0.9285714285714286,1.8906752411576406,3.3008130081300813,-0.48692001985699496,-0.5153566831022884,1.017170891251068,0.907749077490775,10.781350482313234,9.21951219512195
CFD_ATAS_0748_20251021_1216,atas-mt5-lead-lab-causal-v1,2025-10-21,2025-10-21T12:16:00-04:00,2025-10-21T12:17:00-04:00,2025-10-21T12:17:00-04:00,2025-10-21T16:17:00+00:00,2025-10-21T16:17:00+00:00,LONG,INFERIOR,1.0,12.0,16.0,166.0,1.0,10.0,5.3081,3.4834,7.285714285714026,7.767857142857143,1.0661764705882733,-0.1784313725489261,0.9607843137255244,-0.2470588235293207,-0.48275862068965514,-0.16091954022988506,-0.16091954022988506,0.30432724814072903,1.1217038539554094,-0.08613928329943565,1.0,2.0,0.3714353480771714,0.8784313725487513,1.4482758620689655,-0.2607843137256992,-0.48275862068965514,0.07563025210081208,0.14285714285714285,2.882352941176573,1.7701149425287355,1.1540645425514313,0.26579066139691454,1.705685618729005,0.7073170731707317,6.5745098039215035,18.18390804597701
CFD_ATAS_0749_20251021_1324,atas-mt5-lead-lab-causal-v1,2025-10-21,2025-10-21T13:24:00-04:00,2025-10-21T13:25:00-04:00,2025-10-21T13:25:00-04:00,2025-10-21T17:25:00+00:00,2025-10-21T17:25:00+00:00,SHORT,SUPERIOR,0.0,13.0,24.0,234.0,1.0,10.0,5.348,1.7949,12.828571428571324,13.125,1.023106904231634,-0.5300668151447138,0.9276169265034617,0.38975501113586064,-0.38095238095238093,-0.9523809523809523,-0.47619047619047616,-0.14911443419233283,1.879997878884414,0.8659454873263368,2.0,3.0,-0.5077251618229118,1.0913140311804097,0.9523809523809523,-0.5690423162582998,-0.2857142857142857,0.1420454545454663,0.1724137931034483,2.0812917594655524,2.1904761904761907,-0.7474783561774,-0.381691080585141,0.8435885392202859,1.3867924528301887,7.997772828507746,11.047619047619047
CFD_ATAS_0750_20251021_1457,atas-mt5-lead-lab-causal-v1,2025-10-21,2025-10-21T14:57:00-04:00,2025-10-21T14:58:00-04:00,2025-10-21T14:58:00-04:00,2025-10-21T18:58:00+00:00,2025-10-21T18:58:00+00:00,SHORT,SUPERIOR,0.0,14.0,57.0,327.0,1.0,10.0,7.4695,1.5759,9.235714285714753,5.892857142857143,0.6380510440834944,-0.17324052590896694,0.5630317092034532,0.5955143078112615,-0.0,-1.0606060606060606,-0.0,-0.17324052590896694,1.623637769809514,0.5955143078112615,1.0,1.0,-0.07052999314478119,0.6929621036350799,0.4242424242424242,-0.10827532869295663,-0.0,0.30726256983237726,0.0,1.580819798917403,1.909090909090909,-0.6683166754871934,0.176524004664661,0.8651722984276284,0.9230769230769231,13.317865429233665,24.606060606060606
CFD_ATAS_0751_20251021_1558,atas-mt5-lead-lab-causal-v1,2025-10-21,2025-10-21T15:58:00-04:00,2025-10-21T15:59:00-04:00,2025-10-21T15:59:00-04:00,2025-10-21T19:59:00+00:00,2025-10-21T19:59:00+00:00,LONG,INFERIOR,1.0,15.0,58.0,388.0,1.0,10.0,6.3636,1.8991,11.82142857142883,7.946428571428571,0.6722054380664505,0.24531722054392438,-0.19456193353467738,-1.4888217522657052,-0.6292134831460674,-1.101123595505618,-2.359550561797753,0.8745307036899918,0.9065616619709407,0.8707288095320476,3.0,4.0,0.33163893677691897,0.8797583081572035,1.101123595505618,0.1861027190332901,-0.6292134831460674,0.6616541353381463,0.8823529411764706,2.241691842900253,3.303370786516854,1.128413363315388,-0.13557662127458048,1.697435897435903,1.521367521367521,12.198187311178042,18.247191011235955
CFD_ATAS_0752_20251022_1013,atas-mt5-lead-lab-causal-v1,2025-10-22,2025-10-22T10:13:00-04:00,2025-10-22T10:14:00-04:00,2025-10-22T10:14:00-04:00,2025-10-22T14:14:00+00:00,2025-10-22T14:14:00+00:00,LONG,INFERIOR,1.0,10.0,13.0,43.0,2.0,10.0,9.7002,2.6618,8.085714285714078,15.803571428571429,1.9545053003534072,-0.21024734982296703,0.5565371024735125,-0.2720848056533573,-1.1073446327683616,-1.2655367231638417,-2.847457627118644,0.8970972829453946,1.822073825637354,2.5753728214652867,2.0,4.0,-0.5075322995729886,0.45759717314452814,1.5819209039548023,-0.18551236749117087,-1.1073446327683616,0.12359550561784434,1.0,2.5724381625441457,3.3220338983050848,-0.615671348591653,-0.10975008657890775,1.7125567322239912,1.0056818181818183,9.659010600706782,7.435028248587571
CFD_ATAS_0753_20251022_1125,atas-mt5-lead-lab-causal-v1,2025-10-22,2025-10-22T11:25:00-04:00,2025-10-22T11:26:00-04:00,2025-10-22T11:26:00-04:00,2025-10-22T15:26:00+00:00,2025-10-22T15:26:00+00:00,SHORT,SUPERIOR,0.0,11.0,25.0,115.0,2.0,10.0,6.2846,2.0285,5.907142857143429,22.767857142857142,3.854292623941586,0.9480048367596491,1.659008464328616,1.7436517533249802,0.2196078431372549,0.27450980392156865,2.4156862745098038,0.7283969936223942,1.3844986604070475,-0.6720345211848235,1.0,1.0,0.46748286972089453,1.2696493349454636,1.1529411764705884,0.9310761789600067,0.2196078431372549,0.5628415300544036,0.6470588235294118,2.691656590084629,3.5686274509803924,-1.6055961146656266,0.146770021462224,0.7318584070796932,1.0828025477707006,16.623941958885446,11.474509803921569
CFD_ATAS_0754_20251022_1203,atas-mt5-lead-lab-causal-v1,2025-10-22,2025-10-22T12:03:00-04:00,2025-10-22T12:04:00-04:00,2025-10-22T12:06:00-04:00,2025-10-22T16:04:00+00:00,2025-10-22T16:06:00+00:00,SHORT,SUPERIOR,0.0,12.0,3.0,153.0,2.0,10.0,5.8382,3.5145,3.75,16.428571428571427,4.3809523809523805,-0.13333333333333333,1.279999999999806,1.6,-0.07608695652173914,1.1413043478260871,1.9782608695652175,-0.057246376811594196,0.13869565217371882,-0.37826086956521743,1.0,1.0,1.427296695480365,0.6666666666666666,1.065217391304348,-0.26666666666666666,-0.07608695652173914,0.6122448979590018,0.9285714285714286,3.2266666666662784,3.195652173913044,-1.322816734537215,-0.09772042839775281,0.6090487238978554,0.8578088578088577,26.18666666666589,17.42391304347826
CFD_ATAS_0755_20251022_1238,atas-mt5-lead-lab-causal-v1,2025-10-22,2025-10-22T12:38:00-04:00,2025-10-22T12:39:00-04:00,2025-10-22T12:39:00-04:00,2025-10-22T16:39:00+00:00,2025-10-22T16:39:00+00:00,LONG,INFERIOR,1.0,12.0,38.0,188.0,2.0,10.0,7.6609,2.0522,16.649999999999896,43.839285714285715,2.6329901329901495,0.6246246246244974,0.8468468468467648,0.3723723723724184,0.0,-0.39918533604887985,0.5987780040733197,0.6246246246244974,1.2460321828956447,-0.22640563170090133,1.0,1.0,-0.068738395992032,0.8288288288287903,0.5132382892057026,0.5705705705705741,-0.0570264765784114,0.20394736842104239,0.42857142857142855,1.8918918918919037,1.6822810590631365,0.4352171143597952,0.28380700531455155,3.4973743435860842,2.5309278350515463,7.92192192192184,9.637474541751526
CFD_ATAS_0756_20251022_1338,atas-mt5-lead-lab-causal-v1,2025-10-22,2025-10-22T13:38:00-04:00,2025-10-22T13:39:00-04:00,2025-10-22T13:39:00-04:00,2025-10-22T17:39:00+00:00,2025-10-22T17:39:00+00:00,LONG,INFERIOR,1.0,13.0,38.0,248.0,2.0,10.0,7.1293,1.9695,24.22142857142847,19.821428571428573,0.81834267177824,-0.6853435564731098,0.2972574461809486,-0.3179003243881175,-0.12612612612612611,-1.8918918918918917,-1.8288288288288286,-0.5592174303469837,2.1891493380728404,1.510928504440711,3.0,4.0,-1.377728604249313,0.9991153052197335,0.5675675675675675,-0.7514007667355095,-0.12612612612612611,0.0963704630788603,0.7073170731707317,1.7918018283691302,2.5855855855855854,0.6174309666332166,-0.12924189617752507,1.5375198367716676,0.9098360655737706,8.975523444411627,21.315315315315313
CFD_ATAS_0757_20251022_1427,atas-mt5-lead-lab-causal-v1,2025-10-22,2025-10-22T14:27:00-04:00,2025-10-22T14:28:00-04:00,2025-10-22T14:28:00-04:00,2025-10-22T18:28:00+00:00,2025-10-22T18:28:00+00:00,LONG,INFERIOR,1.0,14.0,27.0,297.0,2.0,10.0,7.5655,1.9972,20.399999999999896,22.321428571428573,1.0941876750700337,-0.3333333333334777,-0.47058823529422705,-0.524509803921607,0.22399999999999998,-0.952,-0.16799999999999998,-0.5573333333334777,0.4814117647057729,-0.35650980392160697,2.0,2.0,0.443395337628317,0.4901960784313751,0.616,-0.2843137254903402,0.22399999999999998,0.22621564482028006,0.07692307692307693,2.0343137254902066,1.736,1.4230594776368912,-0.31596298877977186,0.988748485373031,1.1286681715575622,13.578431372549089,21.727999999999998
CFD_ATAS_0758_20251022_1458,atas-mt5-lead-lab-causal-v1,2025-10-22,2025-10-22T14:58:00-04:00,2025-10-22T14:59:00-04:00,2025-10-22T14:59:00-04:00,2025-10-22T18:59:00+00:00,2025-10-22T18:59:00+00:00,SHORT,SUPERIOR,0.0,14.0,58.0,328.0,2.0,10.0,8.1145,2.4916,14.800000000000312,16.25,1.09797297297295,0.3648648648647097,0.8716216216214557,0.43243243243227586,-0.0,-0.5384615384615384,-1.8461538461538463,0.3648648648647097,1.4100831600829942,2.278586278586122,1.0,3.0,0.34102360656184966,0.7229729729730069,0.9230769230769231,0.3040540540540477,0.07692307692307693,0.24806201550379836,0.8571428571428571,2.499999999999947,2.6153846153846154,0.12285463674092492,-0.12667477386895665,0.7652816251154414,0.8750000000000001,20.385135135134508,29.846153846153847
CFD_ATAS_0759_20251022_1514,atas-mt5-lead-lab-causal-v1,2025-10-22,2025-10-22T15:14:00-04:00,2025-10-22T15:15:00-04:00,2025-10-22T15:15:00-04:00,2025-10-22T19:15:00+00:00,2025-10-22T19:15:00+00:00,LONG,INFERIOR,1.0,15.0,14.0,344.0,2.0,10.0,5.0712,1.7749,16.228571428570962,19.821428571428573,1.2213908450704578,-0.2588028169012365,-0.030809859154930463,-0.46214788732395695,-0.12612612612612611,-1.135135135135135,-0.6936936936936936,-0.1326766907751104,1.1043252759802047,0.23154580636973665,3.0,3.0,-0.19804086955961653,0.7271126760563141,0.7567567567567567,-0.30193661971818403,-0.06306306306306306,0.2631578947368421,0.44,1.8116197183097766,1.7657657657657657,0.922333295319458,0.07187669474374372,0.9211433204946097,1.08029197080292,18.590669014084863,24.468468468468465
CFD_ATAS_0760_20251023_1049,atas-mt5-lead-lab-causal-v1,2025-10-23,2025-10-23T10:49:00-04:00,2025-10-23T10:50:00-04:00,2025-10-23T10:51:00-04:00,2025-10-23T14:50:00+00:00,2025-10-23T14:51:00+00:00,LONG,INFERIOR,1.0,10.0,49.0,79.0,3.0,10.0,5.3339,1.6909,8.492857142857247,13.571428571428571,1.5979814970563302,0.43566021867123256,1.236333052985687,0.0353238015137911,0.18421052631578946,1.013157894736842,2.210526315789474,0.2514496923554431,0.22317515824884504,-2.175202514275683,0.0,0.0,1.1477020104414566,1.1303616484438854,0.6447368421052632,0.47098402018502367,0.18421052631578946,0.014492753623152747,1.0,1.7073170731707108,4.052631578947368,1.5112599478345417,0.21778561224328669,1.1143392689783933,0.7203791469194313,10.338099243061183,14.644736842105264
CFD_ATAS_0761_20251023_1054,atas-mt5-lead-lab-causal-v1,2025-10-23,2025-10-23T10:54:00-04:00,2025-10-23T10:55:00-04:00,2025-10-23T10:55:00-04:00,2025-10-23T14:55:00+00:00,2025-10-23T14:55:00+00:00,LONG,INFERIOR,1.0,10.0,54.0,84.0,3.0,10.0,5.4624,2.2457,10.092857142856571,13.125,1.3004246284501797,-0.49539985845721135,1.1493276716209466,-0.8322717622078988,-0.5714285714285714,-1.7142857142857142,-2.857142857142857,0.07602871297136005,2.863613385906661,2.0248710949349586,3.0,5.0,-1.2967853141627053,0.8025477707008987,0.9523809523809523,-0.5053078556262114,-0.5714285714285714,0.19004524886872576,1.0,2.4670912951166963,3.0476190476190474,-0.4253926299019745,0.05186845915575699,1.2504424778760355,0.7101449275362318,9.997169143666309,15.142857142857142
CFD_ATAS_0762_20251023_1259,atas-mt5-lead-lab-causal-v1,2025-10-23,2025-10-23T12:59:00-04:00,2025-10-23T13:00:00-04:00,2025-10-23T13:00:00-04:00,2025-10-23T17:00:00+00:00,2025-10-23T17:00:00+00:00,SHORT,SUPERIOR,0.0,12.0,59.0,209.0,3.0,10.0,8.013,1.775,15.935714285714962,5.803571428571429,0.36418646346928085,-0.15688032272522867,0.8722545943523627,0.2823845809054116,-0.6461538461538461,-0.6461538461538461,-0.43076923076923074,0.4892735234286174,1.5184084405062088,0.7131538116746423,2.0,2.0,0.41406271186057264,0.7844016136261434,1.5076923076923077,-0.1819811743611283,-0.6461538461538461,0.13846153846153847,0.3333333333333333,1.976692066337881,1.5076923076923077,-0.7422601571398741,0.30931044061491486,1.2065981611682526,0.6341463414634146,15.236216943074162,41.56923076923077
CFD_ATAS_0763_20251024_1002,atas-mt5-lead-lab-causal-v1,2025-10-24,2025-10-24T10:02:00-04:00,2025-10-24T10:03:00-04:00,2025-10-24T10:04:00-04:00,2025-10-24T14:03:00+00:00,2025-10-24T14:04:00+00:00,LONG,INFERIOR,1.0,10.0,2.0,32.0,4.0,10.0,6.0688,2.8899,3.5071428571422336,19.821428571428573,5.6517311608971355,-0.9124236252549521,0.7413441955201024,0.19959266802468287,-0.9459459459459458,0.06306306306306306,0.9459459459459458,0.0335223206909937,0.6782811324570394,-0.7463532779212629,1.0,1.0,0.16001035394272892,1.7963340122200713,1.1981981981981982,-1.0549898167010061,-1.009009009009009,0.06422018348627527,0.3333333333333333,2.5661914460289696,2.27027027027027,0.7278198983731007,0.07354007618715037,1.0040899795498939,0.9736842105263158,6.27291242362637,5.2972972972972965
CFD_ATAS_0764_20251024_1059,atas-mt5-lead-lab-causal-v1,2025-10-24,2025-10-24T10:59:00-04:00,2025-10-24T11:00:00-04:00,2025-10-24T11:00:00-04:00,2025-10-24T15:00:00+00:00,2025-10-24T15:00:00+00:00,SHORT,SUPERIOR,0.0,10.0,59.0,89.0,4.0,10.0,6.2857,3.5429,4.107142857142597,15.535714285714286,3.782608695652413,0.07304347826069703,1.6069565217388777,1.241739130434507,-0.16091954022988506,-1.4482758620689655,0.3218390804597701,0.2339630184905821,3.0552323838078435,0.9199000499747367,3.0,3.0,-1.1172322234467351,0.7547826086962314,0.7241379310344828,0.04869565217320751,-0.16091954022988506,0.3090909090909572,0.1,3.530434782608919,2.735632183908046,-1.009605456905235,-0.19195005356667588,1.2079831932773177,1.029585798816568,5.746086956522634,7.643678160919539
CFD_ATAS_0765_20251024_1128,atas-mt5-lead-lab-causal-v1,2025-10-24,2025-10-24T11:28:00-04:00,2025-10-24T11:29:00-04:00,2025-10-24T11:29:00-04:00,2025-10-24T15:29:00+00:00,2025-10-24T15:29:00+00:00,LONG,INFERIOR,1.0,11.0,28.0,118.0,4.0,10.0,6.2152,3.296,3.592857142856571,9.375,2.609343936382125,0.612326043736862,2.393638170974131,2.50497017892684,-0.8,-0.6666666666666666,-0.6666666666666666,1.4123260437368619,3.0603048376407975,3.1716368455935067,1.0,2.0,-0.27784011683620824,1.447316103379142,1.3333333333333333,0.55666003976152,-0.9333333333333333,0.8181818181823594,0.45454545454545453,3.813121272365602,1.6,0.5651151624361415,-0.5469763394217458,1.0759358288768341,0.6687898089171975,6.568588469186544,12.666666666666666
CFD_ATAS_0766_20251024_1218,atas-mt5-lead-lab-causal-v1,2025-10-24,2025-10-24T12:18:00-04:00,2025-10-24T12:19:00-04:00,2025-10-24T12:19:00-04:00,2025-10-24T16:19:00+00:00,2025-10-24T16:19:00+00:00,SHORT,SUPERIOR,0.0,12.0,18.0,168.0,4.0,10.0,6.4043,1.9548,5.864285714285351,6.071428571428571,1.0353227771011604,0.8867235079167328,0.7673568818514483,0.11936662606528456,0.2058823529411765,-0.411764705882353,-0.0,0.6808411549755563,1.1791215877338013,0.11936662606528456,1.0,1.0,0.3687283045425669,1.0231425091352644,0.823529411764706,0.8526187576127203,0.2058823529411765,0.03783783783768052,0.0,1.7904993909867128,1.2352941176470589,0.6733560664586843,-0.3391845833120487,0.6126865671641412,0.5887445887445887,28.068209500610507,19.558823529411764
CFD_ATAS_0767_20251024_1249,atas-mt5-lead-lab-causal-v1,2025-10-24,2025-10-24T12:49:00-04:00,2025-10-24T12:50:00-04:00,2025-10-24T12:50:00-04:00,2025-10-24T16:50:00+00:00,2025-10-24T16:50:00+00:00,SHORT,SUPERIOR,0.0,12.0,49.0,199.0,4.0,10.0,5.5573,2.8508,17.849999999999845,8.214285714285714,0.46018407362945574,0.10644257703089477,1.7310924369748864,1.35574229691882,-0.7608695652173914,-1.065217391304348,-2.586956521739131,0.8673121422482861,2.7963098282792345,3.942698818657951,2.0,4.0,0.27071509025573387,0.6162464985994451,1.065217391304348,0.07282913165262093,-0.9130434782608696,0.6436170212765777,0.8095238095238095,2.77871148459378,3.347826086956522,0.8280271138641471,-0.05388256092332486,1.9237875288683222,1.0054644808743167,9.669467787114849,16.282608695652176
CFD_ATAS_0768_20251024_1359,atas-mt5-lead-lab-causal-v1,2025-10-24,2025-10-24T13:59:00-04:00,2025-10-24T14:00:00-04:00,2025-10-24T14:03:00-04:00,2025-10-24T18:00:00+00:00,2025-10-24T18:03:00+00:00,LONG,INFERIOR,1.0,13.0,59.0,269.0,4.0,10.0,7.6248,2.8135,14.692857142857195,5.446428571428571,0.37068546426835064,0.1701507049100626,1.4428779776373803,-0.3062712688381127,-0.45901639344262296,-0.9180327868852459,-1.6065573770491803,0.6291670983526856,2.360910764522626,1.3002861082110677,3.0,4.0,1.585658358732624,0.7554691298005789,1.1475409836065575,0.17695673310636606,-0.45901639344262296,0.0959488272921079,0.7777777777777778,2.7972775887215775,2.0655737704918034,0.8952086042234846,0.09353588546383242,1.037317196167402,0.9457364341085271,12.489061740398595,25.934426229508198
CFD_ATAS_0769_20251024_1404,atas-mt5-lead-lab-causal-v1,2025-10-24,2025-10-24T14:04:00-04:00,2025-10-24T14:05:00-04:00,2025-10-24T14:09:00-04:00,2025-10-24T18:05:00+00:00,2025-10-24T18:09:00+00:00,LONG,INFERIOR,1.0,14.0,4.0,274.0,4.0,10.0,5.2806,1.5767,15.592857142857351,5.267857142857143,0.33783783783783333,-0.6156665139717304,0.39120476408602145,-0.0448923499771418,1.423728813559322,-0.23728813559322032,-0.711864406779661,-2.0393953275310523,0.6284928996792418,0.6669720568025193,2.0,3.0,0.47155793445595234,0.8465414567109836,1.423728813559322,-0.6092533211177198,1.423728813559322,0.018567639257313372,0.2,1.487860742098057,2.847457627118644,0.4439338220904181,-0.23041992888831506,1.1011349306431422,0.921875,11.768208886852797,26.813559322033896
CFD_ATAS_0770_20251027_0954,atas-mt5-lead-lab-causal-v1,2025-10-27,2025-10-27T09:54:00-04:00,2025-10-27T09:55:00-04:00,2025-10-27T09:55:00-04:00,2025-10-27T13:55:00+00:00,2025-10-27T13:55:00+00:00,SHORT,SUPERIOR,0.0,9.0,54.0,24.0,0.0,10.0,5.3133,2.0241,2.592857142857091,16.607142857142858,6.4049586776860785,1.2727272727270176,1.6584022038565018,1.696969696968889,-0.3763440860215054,-0.6774193548387096,-0.5268817204301075,1.649071358748523,2.3358215586952116,2.2238514173989965,2.0,3.0,-0.5200741361582875,1.7741046831950664,0.6774193548387096,1.3112947658394047,-0.45161290322580644,0.6666666666661154,0.2413793103448276,2.7382920110187774,2.10752688172043,1.5810799422964465,-0.08166136993960918,0.9904502046383639,0.8942307692307694,5.322314049586603,3.7634408602150535
CFD_ATAS_0771_20251027_1055,atas-mt5-lead-lab-causal-v1,2025-10-27,2025-10-27T10:55:00-04:00,2025-10-27T10:56:00-04:00,2025-10-27T10:58:00-04:00,2025-10-27T14:56:00+00:00,2025-10-27T14:58:00+00:00,LONG,INFERIOR,1.0,10.0,55.0,85.0,0.0,10.0,5.4658,2.4932,4.042857142856779,10.714285714285714,2.650176678445468,0.44522968197865864,1.310954063604178,0.8162544169610242,0.8166666666666668,0.8166666666666668,0.8166666666666668,-0.3714369846880081,0.49428739693751134,-0.00041224970564257557,1.0,1.0,1.2399079578538659,0.5936395759721448,1.05,0.247349823321577,0.8166666666666668,0.2869565217389764,0.4117647058823529,2.720848056537347,1.6333333333333335,-0.33701078887567315,0.225342414653613,1.0659133709980502,0.8664259927797833,10.166077738516455,8.866666666666667
CFD_ATAS_0772_20251027_1127,atas-mt5-lead-lab-causal-v1,2025-10-27,2025-10-27T11:27:00-04:00,2025-10-27T11:28:00-04:00,2025-10-27T11:28:00-04:00,2025-10-27T15:28:00+00:00,2025-10-27T15:28:00+00:00,SHORT,SUPERIOR,0.0,11.0,27.0,117.0,0.0,10.0,5.075,2.2531,4.27142857142826,7.410714285714286,1.7349498327760464,-0.18729096989950889,1.4515050167226844,0.6086956521736168,-1.180722891566265,-0.8433734939759037,-2.1927710843373496,0.9934319216667562,2.294878510698588,2.8014667365109664,2.0,4.0,-0.46265877944933453,0.44481605351122716,1.180722891566265,-0.23411371237459902,-1.0120481927710843,0.21311475409829223,0.6842105263157895,2.4113712374581997,2.36144578313253,2.6125486660893347,0.09875538450463699,1.0454545454544892,0.7094017094017093,9.62207357859568,13.831325301204819
CFD_ATAS_0773_20251028_1123,atas-mt5-lead-lab-causal-v1,2025-10-28,2025-10-28T11:23:00-04:00,2025-10-28T11:24:00-04:00,2025-10-28T11:25:00-04:00,2025-10-28T15:24:00+00:00,2025-10-28T15:25:00+00:00,SHORT,SUPERIOR,0.0,11.0,23.0,113.0,1.0,10.0,7.6429,2.2857,4.235714285714233,8.035714285714286,1.8971332209106475,-0.04721753794283678,0.5193929173686279,-0.7790893760546597,-0.15555555555555553,0.15555555555555553,0.31111111111111106,0.10833801761271875,0.36383736181307236,-1.0902004871657707,1.0,2.0,0.7441774026569005,0.708263069139975,1.0888888888888888,-0.02360876897184783,-0.15555555555555553,0.3793103448280476,0.2,2.69139966273139,1.8666666666666665,-1.1711117719096436,0.16588545759108142,1.111527647610252,0.7929515418502203,12.559865092749062,10.733333333333333
CFD_ATAS_0774_20251028_1236,atas-mt5-lead-lab-causal-v1,2025-10-28,2025-10-28T12:36:00-04:00,2025-10-28T12:37:00-04:00,2025-10-28T12:39:00-04:00,2025-10-28T16:37:00+00:00,2025-10-28T16:39:00+00:00,SHORT,SUPERIOR,0.0,12.0,36.0,186.0,1.0,10.0,5.6881,4.7784,13.878571428571636,17.767857142857142,1.2802367472979737,-1.1816778178073393,1.3618116314977684,1.6067936181165006,0.2814070351758794,0.07035175879396985,-0.9145728643216081,-1.4630848529832186,1.2914598727037985,2.5213664824381086,1.0,2.0,0.8405671485838067,1.5995882655687368,0.5628140703517588,-1.1240349974265382,0.2814070351758794,0.31276297335209363,0.24528301886792453,3.717961914564945,1.9698492462311559,0.2080381151943959,0.12178522512830738,2.391384615384544,2.6013071895424837,8.826556870818191,7.949748743718593
CFD_ATAS_0775_20251028_1506,atas-mt5-lead-lab-causal-v1,2025-10-28,2025-10-28T15:06:00-04:00,2025-10-28T15:07:00-04:00,2025-10-28T15:07:00-04:00,2025-10-28T19:07:00+00:00,2025-10-28T19:07:00+00:00,SHORT,SUPERIOR,0.0,15.0,6.0,336.0,1.0,10.0,7.7491,2.1266,6.549999999999533,6.785714285714286,1.0359869138495832,0.07633587786260086,-0.6106870229008069,-0.6106870229008069,-0.5526315789473685,-2.3947368421052633,-2.5789473684210527,0.6289674568099693,1.7840498192044563,1.9682603455202456,3.0,4.0,-1.4125250881739224,0.778625954198862,1.105263157894737,0.09160305343545429,-0.7368421052631579,0.17391304347826086,0.875,2.015267175572774,3.5,-0.5953021511331299,-0.07869893177387009,0.854613233923567,1.2561983471074383,18.702290076337214,29.105263157894736
CFD_ATAS_0776_20251028_1521,atas-mt5-lead-lab-causal-v1,2025-10-28,2025-10-28T15:21:00-04:00,2025-10-28T15:22:00-04:00,2025-10-28T15:22:00-04:00,2025-10-28T19:22:00+00:00,2025-10-28T19:22:00+00:00,SHORT,SUPERIOR,0.0,15.0,21.0,351.0,1.0,10.0,5.4474,2.0583,5.507142857142753,5.714285714285714,1.0376134889753763,0.3631647211413817,1.6523994811930225,1.5252918287940673,-0.21875,-1.75,-0.65625,0.5819147211413818,3.4023994811930223,2.1815418287940673,3.0,3.0,-1.3964556159172388,1.2166018158237608,0.65625,0.38132295719818654,-0.21875,0.7777777777782269,0.23076923076923078,2.1063553826197494,2.84375,1.860224754395647,-0.015170602969205247,0.8308189655172484,1.0,22.243839169909627,36.09375
CFD_ATAS_0777_20251029_0958,atas-mt5-lead-lab-causal-v1,2025-10-29,2025-10-29T09:58:00-04:00,2025-10-29T09:59:00-04:00,2025-10-29T09:59:00-04:00,2025-10-29T13:59:00+00:00,2025-10-29T13:59:00+00:00,SHORT,SUPERIOR,0.0,9.0,58.0,28.0,2.0,10.0,6.492,4.9805,4.38571428571439,13.660714285714286,3.1148208469054635,0.5472312703577955,2.8273615635173504,3.2833876221492613,0.2745098039215686,-0.8235294117647058,-1.5555555555555554,0.2727214664362269,3.6508909752820564,4.838943177704817,2.0,4.0,-0.26342641703983816,0.8892508143317287,0.5490196078431372,0.5244299674265317,0.2745098039215686,0.6153846153845796,0.7391304347826086,4.583061889251203,2.1960784313725488,2.846120191789108,-0.2675180801490747,1.1033243486072928,1.0132450331125828,5.9739413680782,4.57516339869281
CFD_ATAS_0778_20251029_1019,atas-mt5-lead-lab-causal-v1,2025-10-29,2025-10-29T10:19:00-04:00,2025-10-29T10:20:00-04:00,2025-10-29T10:20:00-04:00,2025-10-29T14:20:00+00:00,2025-10-29T14:20:00+00:00,SHORT,SUPERIOR,0.0,10.0,19.0,49.0,2.0,10.0,7.8909,3.2836,4.328571428571065,11.785714285714286,2.7227722772279517,0.1848184818488727,0.5775577557756261,-0.23102310231025042,-0.8484848484848484,-0.10606060606060605,-0.3181818181818182,1.0333033303337211,0.6836183618362321,0.08715871587156776,1.0,2.0,0.021957916915451993,0.5775577557756261,1.2727272727272727,-0.06930693069290704,-0.8484848484848484,0.04504504504503619,0.15789473684210525,2.980198019801726,1.5909090909090908,-0.5201274263893466,-0.23177286687826856,0.9869706840389816,0.8979591836734695,7.48514851485161,6.151515151515151
CFD_ATAS_0779_20251029_1035,atas-mt5-lead-lab-causal-v1,2025-10-29,2025-10-29T10:35:00-04:00,2025-10-29T10:36:00-04:00,2025-10-29T10:36:00-04:00,2025-10-29T14:36:00+00:00,2025-10-29T14:36:00+00:00,SHORT,SUPERIOR,0.0,10.0,35.0,65.0,2.0,10.0,5.6932,2.7554,4.957142857142442,9.553571428571429,1.9272334293949742,0.12103746397739572,-1.5129682997119425,-0.48414985590738124,0.1308411214953271,-0.6542056074766355,-0.9158878504672897,-0.009803657517931372,-0.858762692235307,0.43173799455990847,2.0,3.0,0.5040210836930918,0.6657060518731078,0.6542056074766355,0.1613832853024604,0.2616822429906542,0.10169491525413539,0.4666666666666667,2.7435158501440284,1.7009345794392523,0.21572024078463023,0.10287769331566819,1.0531107738998529,0.7642857142857143,9.602305475504835,7.5887850467289715
CFD_ATAS_0780_20251029_1353,atas-mt5-lead-lab-causal-v1,2025-10-29,2025-10-29T13:53:00-04:00,2025-10-29T13:54:00-04:00,2025-10-29T13:56:00-04:00,2025-10-29T17:54:00+00:00,2025-10-29T17:56:00+00:00,LONG,INFERIOR,1.0,13.0,53.0,263.0,2.0,10.0,5.6864,3.3501,13.335714285714078,6.607142857142857,0.49544724156401415,-0.22495982860203886,1.0798071772898956,-0.32244242099620113,-0.7567567567567568,0.7567567567567568,0.1891891891891892,0.5317969281547179,0.3230504205331388,-0.5116316101853904,1.0,3.0,2.111238463142827,0.5623995715050971,1.3243243243243243,-0.20246384574161674,-0.7567567567567568,0.09247311827956148,0.06666666666666667,2.8494911622924923,2.2702702702702706,1.2280864217127179,-0.1376465799674464,1.232343234323413,1.0136986301369861,6.186395286556069,18.72972972972973
CFD_ATAS_0781_20251029_1440,atas-mt5-lead-lab-causal-v1,2025-10-29,2025-10-29T14:40:00-04:00,2025-10-29T14:41:00-04:00,2025-10-29T14:41:00-04:00,2025-10-29T18:41:00+00:00,2025-10-29T18:41:00+00:00,LONG,INFERIOR,1.0,14.0,40.0,310.0,2.0,10.0,5.3793,1.8161,9.099999999999584,39.910714285714285,4.385792778650122,-0.34065934065919634,1.1758241758243095,-0.4615384615381628,0.15659955257270694,-1.284116331096197,-1.628635346756152,-0.4972588932319033,2.4599405069205065,1.1670968852179893,1.0,2.0,-1.2715634917151375,0.868131868131668,1.221476510067114,-0.3846153846154022,0.12527964205816555,0.13207547169803982,0.6341463414634146,2.076923076922932,2.975391498881432,-2.42965082239754,-0.37290355144175796,0.9145728643214993,2.568965517241379,10.593406593406838,6.702460850111857
CFD_ATAS_0782_20251030_1023,atas-mt5-lead-lab-causal-v1,2025-10-30,2025-10-30T10:23:00-04:00,2025-10-30T10:24:00-04:00,2025-10-30T10:27:00-04:00,2025-10-30T14:24:00+00:00,2025-10-30T14:27:00+00:00,SHORT,SUPERIOR,0.0,10.0,23.0,53.0,3.0,10.0,6.6844,1.8074,7.164285714285922,32.5,4.536390827517316,-0.27916251246260404,-0.3908275174475441,-0.8933200398805361,1.1538461538461537,0.5769230769230769,1.6153846153846154,-1.4330086663087578,-0.967750594370621,-2.5087046552651513,1.0,1.0,0.7241340324198693,0.5862412761715701,1.1538461538461537,-0.2233300099703879,1.1153846153846154,0.43835616438348657,0.5384615384615384,1.8424725822532884,1.7692307692307692,-2.1704339430661674,-0.08547103210897225,0.9990039840637596,1.064327485380117,7.4536390827512236,7.384615384615385
CFD_ATAS_0783_20251030_1106,atas-mt5-lead-lab-causal-v1,2025-10-30,2025-10-30T11:06:00-04:00,2025-10-30T11:07:00-04:00,2025-10-30T11:07:00-04:00,2025-10-30T15:07:00+00:00,2025-10-30T15:07:00+00:00,LONG,INFERIOR,1.0,11.0,6.0,96.0,3.0,10.0,5.1233,2.683,7.835714285713558,20.089285714285715,2.5638103919783606,0.025524156790879805,1.812215132178466,1.722880583409458,-0.8711111111111111,-0.9955555555555555,0.0,0.8966352679019909,2.8077706877340214,1.722880583409458,3.0,3.0,-0.7969354668518063,1.2889699179580014,1.0577777777777777,0.03828623518678399,-0.7466666666666666,0.7458563535912202,0.0,2.794895168641731,1.68,-0.047909916007115035,-0.16862870983909295,1.2395480225989841,0.7692307692307692,8.729261622607643,11.946666666666665
CFD_ATAS_0784_20251030_1135,atas-mt5-lead-lab-causal-v1,2025-10-30,2025-10-30T11:35:00-04:00,2025-10-30T11:36:00-04:00,2025-10-30T11:36:00-04:00,2025-10-30T15:36:00+00:00,2025-10-30T15:36:00+00:00,LONG,INFERIOR,1.0,11.0,35.0,125.0,3.0,10.0,7.4833,2.5042,14.321428571428571,13.571428571428571,0.9476309226932669,0.20947630922693267,1.5152119700748639,0.4399002493767618,0.4605263157894737,-0.09210526315789473,-0.8289473684210527,-0.251050006562541,1.6073172332327585,1.2688476177978145,1.0,2.0,0.8152227822696564,0.628428927680798,0.8289473684210527,0.22344139650877898,0.5526315789473685,0.15035799522679455,0.391304347826087,2.6673316708227395,2.118421052631579,-0.04222095795340741,0.07781463846594597,1.9278846153848177,0.6565874730021598,10.431920199501095,17.68421052631579
CFD_ATAS_0785_20251030_1359,atas-mt5-lead-lab-causal-v1,2025-10-30,2025-10-30T13:59:00-04:00,2025-10-30T14:00:00-04:00,2025-10-30T14:00:00-04:00,2025-10-30T18:00:00+00:00,2025-10-30T18:00:00+00:00,LONG,INFERIOR,1.0,13.0,59.0,269.0,3.0,10.0,5.4275,1.7026,20.871428571428883,11.607142857142858,0.5561259411361998,0.45995893223811646,1.6338124572209873,0.852840520191602,0.8615384615384615,0.10769230769230768,-0.10769230769230768,-0.401579529300345,1.5261201495286796,0.9605328278839096,1.0,2.0,0.3944571593388593,0.7953456536617939,0.9692307692307692,0.4312114989732995,0.7538461538461538,0.35317460317460403,0.058823529411764705,2.1560574948664977,1.5076923076923077,0.7220995371089346,-0.14457923974186446,0.7737322918045932,0.9737827715355806,16.491444216290002,20.676923076923075
CFD_ATAS_0786_20251030_1417,atas-mt5-lead-lab-causal-v1,2025-10-30,2025-10-30T14:17:00-04:00,2025-10-30T14:18:00-04:00,2025-10-30T14:18:00-04:00,2025-10-30T18:18:00+00:00,2025-10-30T18:18:00+00:00,SHORT,SUPERIOR,0.0,14.0,17.0,287.0,3.0,10.0,5.6096,1.6865,15.235714285714234,12.5,0.8204406938584181,0.013127051101543667,1.2339428035630131,0.6300984528831697,-1.2,-0.2,1.5,1.2131270511015437,1.433942803563013,-0.8699015471168303,1.0,1.0,-0.023482137348037214,0.4857008907642791,1.3,-0.04594467885611917,-1.2,0.3428571428570909,0.38461538461538464,1.850914205344639,3.3,-0.9435979517443004,0.32765974667778747,0.6864038616250742,1.0852713178294575,22.59165494608545,19.2
CFD_ATAS_0787_20251031_0955,atas-mt5-lead-lab-causal-v1,2025-10-31,2025-10-31T09:55:00-04:00,2025-10-31T09:56:00-04:00,2025-10-31T09:56:00-04:00,2025-10-31T13:56:00+00:00,2025-10-31T13:56:00+00:00,SHORT,SUPERIOR,0.0,9.0,55.0,25.0,4.0,10.0,5.6932,1.6821,4.257142857142753,21.428571428571427,5.033557046979988,1.620805369127898,2.9832214765103107,2.4429530201346297,-0.0,0.058333333333333334,-0.17500000000000002,1.620805369127898,2.9248881431769775,2.6179530201346295,1.0,3.0,0.09106769384265742,1.832214765100545,0.8166666666666668,1.5503355704703492,0.058333333333333334,0.6933333333334304,0.42857142857142855,3.2416107382549417,1.9833333333333334,-0.38543670228020305,0.30725486763430554,1.0101694915253991,1.0480349344978164,7.0,5.25
CFD_ATAS_0788_20251031_1014,atas-mt5-lead-lab-causal-v1,2025-10-31,2025-10-31T10:14:00-04:00,2025-10-31T10:15:00-04:00,2025-10-31T10:15:00-04:00,2025-10-31T14:15:00+00:00,2025-10-31T14:15:00+00:00,SHORT,SUPERIOR,0.0,10.0,14.0,44.0,4.0,10.0,5.1231,1.6462,6.52142857142852,21.339285714285715,3.27217962760134,-0.09200438116078526,0.981380065717646,0.6133625410733893,0.3514644351464435,0.3514644351464435,0.5271966527196652,-0.44346881630722873,0.6299156305712026,0.08616588835372407,1.0,2.0,0.38899684030400433,0.44468784227787256,1.0543933054393304,-0.0,0.3514644351464435,0.4,0.2903225806451613,1.640744797371428,1.8744769874476988,-1.6292259872477173,0.22631168434110038,1.4480570975415554,1.0105708245243128,5.2289156626504205,6.443514644351464
CFD_ATAS_0789_20251031_1140,atas-mt5-lead-lab-causal-v1,2025-10-31,2025-10-31T11:40:00-04:00,2025-10-31T11:41:00-04:00,2025-10-31T11:41:00-04:00,2025-10-31T15:41:00+00:00,2025-10-31T15:41:00+00:00,LONG,INFERIOR,1.0,11.0,40.0,130.0,4.0,10.0,5.7523,1.851,10.321428571428571,12.857142857142858,1.245674740484429,-1.0948096885812444,-0.03875432525930409,-1.8408304498269896,-0.5833333333333333,-0.7777777777777778,-3.208333333333333,-0.5114763552479111,0.7390234525184737,1.3675028835063434,2.0,4.0,-0.5754668065256232,1.5986159169550174,0.7777777777777778,-1.0754325259514161,-0.5833333333333333,0.4656862745097707,0.8461538461538461,2.364013840830591,3.7916666666666665,-1.4506734644663697,0.37986424551779907,1.7708333333334438,1.170731707317073,10.357093425605326,10.88888888888889
CFD_ATAS_0790_20251031_1237,atas-mt5-lead-lab-causal-v1,2025-10-31,2025-10-31T12:37:00-04:00,2025-10-31T12:38:00-04:00,2025-10-31T12:40:00-04:00,2025-10-31T16:38:00+00:00,2025-10-31T16:40:00+00:00,LONG,INFERIOR,1.0,12.0,37.0,187.0,4.0,10.0,5.108,2.0613,15.02142857142878,16.071428571428573,1.0699001426533377,0.5059438896815458,0.5924869234427895,-0.33951497860189556,-0.6222222222222221,-0.15555555555555553,-1.1666666666666665,1.1281661119037678,0.7480424789983451,0.8271516880647709,1.0,3.0,0.7589775513183363,0.7988587731811586,1.0888888888888888,0.49262957679514474,-0.5444444444444444,0.12655086848632996,0.5555555555555556,2.003804089396218,1.5555555555555554,0.8443737437831117,0.0006843579326921947,1.8768406961178732,0.8845208845208846,8.46790299572033,15.166666666666666
CFD_ATAS_0791_20251031_1349,atas-mt5-lead-lab-causal-v1,2025-10-31,2025-10-31T13:49:00-04:00,2025-10-31T13:50:00-04:00,2025-10-31T13:50:00-04:00,2025-10-31T17:50:00+00:00,2025-10-31T17:50:00+00:00,SHORT,SUPERIOR,0.0,13.0,49.0,259.0,4.0,10.0,7.6008,1.5475,10.578571428571324,18.303571428571427,1.7302498311951553,0.189061444969617,0.5104659014181034,-0.6333558406482857,-0.5463414634146342,-0.6829268292682927,-1.1609756097560977,0.7354029083842512,1.193392730686396,0.527619769107812,2.0,4.0,-0.3616741063567333,0.6333558406482857,0.6829268292682927,0.1701553004725865,-0.5463414634146342,0.27125506072876643,0.4857142857142857,2.0324105334233824,1.4341463414634148,0.4345672008346248,-0.13674453133562994,0.5745877788554907,1.0301507537688441,19.955435516542934,17.00487804878049
CFD_ATAS_0792_20251031_1433,atas-mt5-lead-lab-causal-v1,2025-10-31,2025-10-31T14:33:00-04:00,2025-10-31T14:34:00-04:00,2025-10-31T14:34:00-04:00,2025-10-31T18:34:00+00:00,2025-10-31T18:34:00+00:00,LONG,INFERIOR,1.0,14.0,33.0,303.0,4.0,10.0,5.8998,2.9127,10.921428571428935,10.892857142857142,0.9973839110529426,-1.3734466971876587,-0.10987573577507931,-0.32962720732490486,0.5737704918032788,-0.3442622950819672,0.5737704918032788,-1.9472171889909373,0.2343865593068879,-0.9033976991281836,2.0,2.0,0.42735388075014896,1.675604970568877,0.6885245901639344,-1.4650098103335025,0.5737704918032788,0.1153846153845795,0.23809523809523808,2.5088293001962563,1.6065573770491803,1.4293738430710117,-0.498489797174775,1.055574732481937,0.8271186440677966,19.328973185087516,28.57377049180328
CFD_ATAS_0793_20260309_1234,atas-mt5-lead-lab-causal-v1,2026-03-09,2026-03-09T12:34:00-04:00,2026-03-09T12:35:00-04:00,2026-03-09T12:35:00-04:00,2026-03-09T16:35:00+00:00,2026-03-09T16:35:00+00:00,SHORT,SUPERIOR,0.0,12.0,34.0,184.0,0.0,3.0,6.3042,3.558,27.13571428571413,23.125,0.8521979468281176,-0.5785733087654947,0.32061068702292944,-1.6141089760463105,-0.4864864864864865,-1.1891891891891893,-0.10810810810810811,-0.09208682227900822,1.5097998762121188,-1.5060008679382024,2.0,2.0,0.49402249932046854,1.193998420636936,0.6486486486486487,-0.751776783363967,-0.4864864864864865,0.2648125755743643,0.043478260869565216,3.5119768360094694,2.108108108108108,-0.5463825472515187,-0.20649302876373768,1.9407407407406936,1.4153005464480874,6.515398789155052,17.945945945945947
CFD_ATAS_0794_20260309_1248,atas-mt5-lead-lab-causal-v1,2026-03-09,2026-03-09T12:48:00-04:00,2026-03-09T12:49:00-04:00,2026-03-09T12:50:00-04:00,2026-03-09T16:49:00+00:00,2026-03-09T16:50:00+00:00,LONG,INFERIOR,1.0,12.0,48.0,198.0,0.0,3.0,5.0563,2.075,36.45714285714322,14.196428571428571,0.38940047021943186,-0.0027429467084240074,1.3989028213166006,0.5239028213166691,-0.5283018867924528,0.2641509433962264,-0.2641509433962264,0.5255589400840288,1.1347518779203742,0.7880537647128956,1.0,3.0,0.829934670753102,0.4909874608150821,0.9685534591194969,0.02468652037621522,-0.6163522012578616,0.22984356197356623,0.14285714285714285,2.0160658307209833,1.4968553459119498,0.6459846008823605,-0.24088228284341537,2.4115284668084587,0.8664850136239783,4.912617554858846,30.729559748427672
CFD_ATAS_0795_20260309_1506,atas-mt5-lead-lab-causal-v1,2026-03-09,2026-03-09T15:06:00-04:00,2026-03-09T15:07:00-04:00,2026-03-09T15:10:00-04:00,2026-03-09T19:07:00+00:00,2026-03-09T19:10:00+00:00,SHORT,SUPERIOR,0.0,15.0,6.0,336.0,0.0,3.0,5.1887,2.0835,15.314285714285038,12.232142857142858,0.7987406716418264,0.6399253731345467,0.9794776119403418,-0.5027985074625188,-0.0,1.021897810218978,1.8394160583941606,0.6399253731345467,-0.04242019827863619,-2.342214565856679,0.0,0.0,1.8399186392452815,0.9729477611941678,0.7153284671532847,0.6072761194032019,-0.0,0.11613876319753773,1.0,2.611940298507578,2.3503649635036497,-1.35086804733287,-0.0450110615447633,0.9868814729573953,0.9072847682119205,23.70335820895627,35.66423357664233
CFD_ATAS_0796_20260310_1158,atas-mt5-lead-lab-causal-v1,2026-03-10,2026-03-10T11:58:00-04:00,2026-03-10T11:59:00-04:00,2026-03-10T11:59:00-04:00,2026-03-10T15:59:00+00:00,2026-03-10T15:59:00+00:00,SHORT,SUPERIOR,0.0,11.0,58.0,148.0,1.0,3.0,5.8017,2.3965,13.021428571428519,13.660714285714286,1.0490948985189292,0.12287438288552194,2.127262753702752,2.111903455842027,0.1830065359477124,-0.6405228758169934,0.0915032679738562,-0.06013215306219047,2.7677856295197456,2.0204001878681708,1.0,1.0,-0.38997429571722425,0.6450905101479425,0.5490196078431372,0.11519473395501967,0.2745098039215686,0.5789473684210527,0.047619047619047616,2.8798683488754917,2.0130718954248366,0.02642411531422251,-0.020370982097854033,0.9746057203956254,0.9415384615384617,16.34997257268229,21.22875816993464
CFD_ATAS_0797_20260310_1235,atas-mt5-lead-lab-causal-v1,2026-03-10,2026-03-10T12:35:00-04:00,2026-03-10T12:36:00-04:00,2026-03-10T12:36:00-04:00,2026-03-10T16:36:00+00:00,2026-03-10T16:36:00+00:00,SHORT,SUPERIOR,0.0,12.0,35.0,185.0,1.0,3.0,5.8276,3.7647,27.971428571428987,15.982142857142858,0.5713738508682245,0.9938712972420429,2.5025536261490946,1.7911133810009428,-0.0,-0.39106145251396646,-0.7039106145251396,0.9938712972420429,2.893615078663061,2.4950239955260822,1.0,2.0,0.4070106316037221,1.4479060265576904,0.6256983240223464,1.0045965270683703,-0.0,0.3786848072562165,0.36,3.099591419816119,1.4860335195530725,0.9282936944937591,0.2928863241389911,2.196914446002815,0.9944444444444444,7.611338100101954,18.145251396648042
CFD_ATAS_0798_20260310_1348,atas-mt5-lead-lab-causal-v1,2026-03-10,2026-03-10T13:48:00-04:00,2026-03-10T13:49:00-04:00,2026-03-10T13:49:00-04:00,2026-03-10T17:49:00+00:00,2026-03-10T17:49:00+00:00,SHORT,SUPERIOR,0.0,13.0,48.0,258.0,1.0,3.0,7.3687,1.5879,18.36428571428561,21.875,1.1911707506806757,-0.8930377285103915,-0.5118630882925753,0.13613380007779152,-0.9714285714285714,-1.8857142857142857,-1.6571428571428573,0.07839084291817988,1.3738511974217102,1.7932766572206487,3.0,3.0,-0.9598471862576636,1.241540256709419,1.1428571428571428,-1.0073901205756572,-0.9142857142857143,0.056689342403620634,0.7837837837837838,1.6608323609490565,2.4571428571428573,-0.29650361579091467,0.00417700328495831,0.6844136829495475,1.5909090909090908,12.175807078957593,14.857142857142858
CFD_ATAS_0799_20260311_1033,atas-mt5-lead-lab-causal-v1,2026-03-11,2026-03-11T10:33:00-04:00,2026-03-11T10:34:00-04:00,2026-03-11T10:34:00-04:00,2026-03-11T14:34:00+00:00,2026-03-11T14:34:00+00:00,LONG,INFERIOR,1.0,10.0,33.0,63.0,2.0,3.0,6.4579,1.7347,10.064285714286077,26.160714285714285,2.5993612491127522,-0.5166784953868528,0.6458481192334756,0.8048261178138789,-0.764505119453925,-2.054607508532423,-0.9556313993174061,0.24782662406707212,2.7004556277658986,1.760457517131285,3.0,4.0,-1.9165586255360458,0.745209368346318,0.764505119453925,-0.6160397444996952,-0.764505119453925,0.312741312741239,0.29411764705882354,1.8282469836764448,2.7235494880546076,-2.1083531891117464,0.11639339668929384,1.065809379727718,0.9832214765100671,7.263307310148635,7.883959044368601
CFD_ATAS_0800_20260311_1208,atas-mt5-lead-lab-causal-v1,2026-03-11,2026-03-11T12:08:00-04:00,2026-03-11T12:09:00-04:00,2026-03-11T12:10:00-04:00,2026-03-11T16:09:00+00:00,2026-03-11T16:10:00+00:00,SHORT,SUPERIOR,0.0,12.0,8.0,158.0,2.0,3.0,6.4777,1.7482,13.785714285714805,16.517857142857142,1.198186528497364,0.24663212435242787,1.1678756476682441,-0.06528497409336735,-0.0,-0.0,0.7567567567567568,0.24663212435242787,1.1678756476682441,-0.8220417308501241,1.0,1.0,0.4831244549258436,0.56580310880848,0.9081081081081082,0.2248704663211295,-0.0,0.0259365994236698,0.4166666666666667,2.1616580310879487,1.2864864864864864,-1.2565377102758932,-0.034262661842098405,1.0005184033178207,0.744466800804829,10.271502590673347,17.632432432432434
CFD_ATAS_0801_20260311_1331,atas-mt5-lead-lab-causal-v1,2026-03-11,2026-03-11T13:31:00-04:00,2026-03-11T13:32:00-04:00,2026-03-11T13:36:00-04:00,2026-03-11T17:32:00+00:00,2026-03-11T17:36:00+00:00,LONG,INFERIOR,1.0,13.0,31.0,241.0,2.0,3.0,5.2171,2.1898,26.235714285714494,13.75,0.5240947454396909,-0.819493601960244,0.27824666485172866,-0.13340593520283042,-0.6363636363636364,-0.36363636363636365,0.09090909090909091,-0.18312996559660766,0.6418830284880923,-0.22431502611192133,1.0,2.0,1.0127888177751712,1.5360740539068483,1.3636363636363635,-0.8957255649332899,-0.6363636363636364,0.03850385038504097,0.05263157894736842,2.4965967873672548,2.272727272727273,1.2133417417029537,-0.2736640800841531,1.0330473913655005,1.037037037037037,10.268445412469346,21.181818181818183
CFD_ATAS_0802_20260311_1337,atas-mt5-lead-lab-causal-v1,2026-03-11,2026-03-11T13:37:00-04:00,2026-03-11T13:38:00-04:00,2026-03-11T13:38:00-04:00,2026-03-11T17:38:00+00:00,2026-03-11T17:38:00+00:00,LONG,INFERIOR,1.0,13.0,37.0,247.0,2.0,3.0,6.1555,2.1365,24.38571428571413,19.107142857142858,0.7835383714118387,0.20503807850029424,1.9396602226127535,0.9677797305214783,-2.485981308411215,-4.775700934579439,-5.168224299065421,2.6910193869115093,6.715361157192193,6.136004029586899,3.0,4.0,-4.214497594283807,0.7258347978910714,3.336448598130841,0.19683655536025263,-2.5514018691588785,0.3323943661972309,0.9080459770114943,2.5301698886936603,6.08411214953271,-1.6717370885631244,-0.43229373010010824,0.9557670772676194,1.460750853242321,11.047451669595912,15.242990654205608
CFD_ATAS_0803_20260312_1046,atas-mt5-lead-lab-causal-v1,2026-03-12,2026-03-12T10:46:00-04:00,2026-03-12T10:47:00-04:00,2026-03-12T10:47:00-04:00,2026-03-12T14:47:00+00:00,2026-03-12T14:47:00+00:00,SHORT,SUPERIOR,0.0,10.0,46.0,76.0,3.0,3.0,8.7099,3.3755,8.992857142857247,27.053571428571427,3.0083399523430945,-1.0563939634630537,1.5790309769659086,0.389197776012704,-2.402640264026403,-3.0495049504950495,-3.9735973597359737,1.3462463005633492,4.628535927460958,4.362795135748677,2.0,3.0,-2.8119134515085147,1.0563939634630537,3.141914191419142,-1.0452740270057097,-2.402640264026403,0.07972665148063517,0.8431372549019608,3.391580619539278,4.99009900990099,2.2394097858258513,0.09869034095336787,1.0943068231203847,1.130597014925373,8.751389992057168,9.702970297029703
CFD_ATAS_0804_20260312_1226,atas-mt5-lead-lab-causal-v1,2026-03-12,2026-03-12T12:26:00-04:00,2026-03-12T12:27:00-04:00,2026-03-12T12:27:00-04:00,2026-03-12T16:27:00+00:00,2026-03-12T16:27:00+00:00,LONG,INFERIOR,1.0,12.0,26.0,176.0,3.0,3.0,5.3986,2.5172,19.121428571428364,24.642857142857142,1.2887560702278809,0.052297347777363286,1.082555098991458,1.6578259245424543,-1.065217391304348,-2.6884057971014492,-3.0942028985507246,1.1175147390817113,3.770960896092907,4.752028823093179,3.0,4.0,-1.7768286627563783,0.4079193126633956,1.4202898550724639,0.0,-1.1159420289855073,0.6252465483234768,0.9682539682539683,2.4579753455360747,3.956521739130435,-0.16967886381986594,-0.6033735723209093,1.8912045213705295,0.9963898916967509,9.214792678371449,11.108695652173914
CFD_ATAS_0805_20260312_1337,atas-mt5-lead-lab-causal-v1,2026-03-12,2026-03-12T13:37:00-04:00,2026-03-12T13:38:00-04:00,2026-03-12T13:42:00-04:00,2026-03-12T17:38:00+00:00,2026-03-12T17:42:00+00:00,LONG,INFERIOR,1.0,13.0,37.0,247.0,3.0,3.0,8.4066,2.1648,19.31428571428582,16.875,0.8737056213017704,-1.1131656804733667,-0.7818047337279194,-1.1028106508875302,0.07407407407407407,1.4074074074074074,1.1111111111111112,-1.187239754547441,-2.189212141135327,-2.213921761998641,0.0,1.0,2.1446689245761026,1.4600591715974744,0.4444444444444444,-1.0510355029585365,0.07407407407407407,0.27413127413128785,0.42857142857142855,2.2263313609467335,2.2962962962962963,2.1888839436746905,0.5719922322928108,0.8266585142158444,0.8831775700934579,17.541420118343062,16.22222222222222
CFD_ATAS_0806_20260312_1349,atas-mt5-lead-lab-causal-v1,2026-03-12,2026-03-12T13:49:00-04:00,2026-03-12T13:50:00-04:00,2026-03-12T13:50:00-04:00,2026-03-12T17:50:00+00:00,2026-03-12T17:50:00+00:00,SHORT,SUPERIOR,0.0,13.0,49.0,259.0,3.0,3.0,5.5847,2.9609,29.921428571428415,16.339285714285715,0.546073048460256,0.8923370732872097,2.9410360467892254,1.0126521842922964,0.3825136612021858,0.15300546448087432,1.2240437158469946,0.5098234120850239,2.788030582308351,-0.21139153155469814,1.0,2.0,1.1302724127722916,1.2399140606349544,0.6885245901639344,0.8823108140368162,0.3825136612021858,0.1885500933416519,0.32,3.8333731200763133,2.371584699453552,-0.6609950936985985,0.13214574283374209,1.3374840357599032,0.8798076923076923,11.861064693244321,16.754098360655735
CFD_ATAS_0807_20260313_0954,atas-mt5-lead-lab-causal-v1,2026-03-13,2026-03-13T09:54:00-04:00,2026-03-13T09:55:00-04:00,2026-03-13T09:55:00-04:00,2026-03-13T13:55:00+00:00,2026-03-13T13:55:00+00:00,SHORT,SUPERIOR,0.0,9.0,54.0,24.0,4.0,3.0,5.4624,2.3165,11.028571428571793,27.5,2.493523316062094,0.28108808290174303,1.4961139896372564,1.0064766839379886,-0.045454545454545456,-1.6363636363636365,-1.2272727272727273,0.3265426283562885,3.1324776260008926,2.2337494112107157,3.0,4.0,-1.3766346753711167,0.8795336787565137,0.7727272727272727,0.32642487046650837,-0.045454545454545456,0.3236151603499247,0.47368421052631576,2.357512953367798,2.272727272727273,1.0893566808488826,-0.45442252932890637,1.2898913951545483,0.9221556886227545,4.896373056994657,7.090909090909091
CFD_ATAS_0808_20260313_1029,atas-mt5-lead-lab-causal-v1,2026-03-13,2026-03-13T10:29:00-04:00,2026-03-13T10:30:00-04:00,2026-03-13T10:30:00-04:00,2026-03-13T14:30:00+00:00,2026-03-13T14:30:00+00:00,SHORT,SUPERIOR,0.0,10.0,29.0,59.0,4.0,3.0,5.2305,1.5878,9.678571428572468,25.446428571428573,2.629151291512633,0.9918819188193072,1.6428044280442544,0.09298892988943926,0.4421052631578947,-0.04912280701754386,-0.09824561403508772,0.5497766556614125,1.6919272350617982,0.191234543924527,2.0,3.0,0.26191383842570837,1.9734317343173569,0.5894736842105263,1.0125461254610706,0.3929824561403509,0.02912621359227873,0.07692307692307693,3.2339483394829722,1.9157894736842105,0.21373908438124165,0.18977768033443937,0.8781594296825354,0.9500000000000001,8.771955719556027,7.663157894736842
CFD_ATAS_0809_20260313_1105,atas-mt5-lead-lab-causal-v1,2026-03-13,2026-03-13T11:05:00-04:00,2026-03-13T11:06:00-04:00,2026-03-13T11:06:00-04:00,2026-03-13T15:06:00+00:00,2026-03-13T15:06:00+00:00,SHORT,SUPERIOR,0.0,11.0,5.0,95.0,4.0,3.0,5.5801,2.3425,9.121428571427844,26.517857142857142,2.907204385278227,0.7126076742365487,2.6750195771342806,1.765074393109229,0.1414141414141414,-0.6127946127946128,-0.2828282828282828,0.5711935328224073,3.2878141899288935,2.047902675937512,2.0,2.0,-0.5042647020444462,1.0415035238841865,0.98989898989899,0.7235708692250425,0.09427609427609428,0.4923547400612179,0.23076923076923078,3.2122161315585163,1.696969696969697,-0.7103642104248885,-0.3481791007637661,0.9406998158378498,0.9867109634551495,11.719655442443923,12.962962962962964
CFD_ATAS_0810_20260313_1149,atas-mt5-lead-lab-causal-v1,2026-03-13,2026-03-13T11:49:00-04:00,2026-03-13T11:50:00-04:00,2026-03-13T11:50:00-04:00,2026-03-13T15:50:00+00:00,2026-03-13T15:50:00+00:00,SHORT,SUPERIOR,0.0,11.0,49.0,139.0,4.0,3.0,5.8848,2.8836,17.65714285714239,26.25,1.4866504854369327,0.26618122977351105,1.0420711974109071,-1.461165048543687,-0.42857142857142855,-1.0952380952380953,-1.1904761904761905,0.6947526583449396,2.1373092926490025,-0.27068885806749643,2.0,3.0,0.03518405673066376,0.5889967637541433,0.6666666666666666,0.2831715210356062,-0.42857142857142855,0.24385633270320842,0.3333333333333333,4.298543689320379,3.0476190476190474,-0.6619066318668738,-0.13564229879947604,1.8496071829405982,1.135135135135135,9.36731391585773,15.619047619047619
CFD_ATAS_0811_20260313_1321,atas-mt5-lead-lab-causal-v1,2026-03-13,2026-03-13T13:21:00-04:00,2026-03-13T13:22:00-04:00,2026-03-13T13:22:00-04:00,2026-03-13T17:22:00+00:00,2026-03-13T17:22:00+00:00,LONG,INFERIOR,1.0,13.0,21.0,231.0,4.0,3.0,5.4384,2.3361,23.47142857142847,20.267857142857142,0.8635118685331747,0.30249543517948896,1.5337796713329344,0.8265368228848772,-0.24669603524229075,0.18502202643171806,-1.2951541850220265,0.5491914704217797,1.3487576449012164,2.121691007906904,2.0,4.0,0.4739941111368349,0.9202678027998535,0.7400881057268722,0.2811929397443093,-0.30837004405286345,0.3674242424242061,0.42857142857142855,2.3773584905660172,1.8502202643171806,0.4279709488334497,0.38340597881625693,0.9176207763194589,1.0271493212669682,10.063298843578893,20.90748898678414
CFD_ATAS_0812_20260316_1050,atas-mt5-lead-lab-causal-v1,2026-03-16,2026-03-16T10:50:00-04:00,2026-03-16T10:51:00-04:00,2026-03-16T10:51:00-04:00,2026-03-16T14:51:00+00:00,2026-03-16T14:51:00+00:00,SHORT,SUPERIOR,0.0,10.0,50.0,80.0,0.0,3.0,6.1529,1.9748,7.992857142857247,22.678571428571427,2.8373547810544757,-0.012511170687932163,0.32529043789124296,0.8132260947274247,0.6614173228346457,0.16535433070866143,1.0472440944881891,-0.6739284935225779,0.15993610718258153,-0.23401799976076443,1.0,2.0,0.663935284036341,1.2010723860592387,1.0472440944881891,-0.05004468275218381,0.6062992125984252,0.28888888888888886,0.25333333333333335,2.502234137622845,2.204724409448819,-1.1437790575033304,0.051932204990552906,0.9213668176204401,1.0717299578059072,10.109025915996202,6.448818897637795
CFD_ATAS_0813_20260316_1117,atas-mt5-lead-lab-causal-v1,2026-03-16,2026-03-16T11:17:00-04:00,2026-03-16T11:18:00-04:00,2026-03-16T11:18:00-04:00,2026-03-16T15:18:00+00:00,2026-03-16T15:18:00+00:00,SHORT,SUPERIOR,0.0,11.0,17.0,107.0,0.0,3.0,7.1043,1.9632,8.507142857143274,17.410714285714285,2.046599496221562,-0.9168765743071744,0.36439966414758607,-0.7052896725440461,-0.5025641025641026,0.2153846153846154,-1.5794871794871796,-0.41431247174307184,0.14901504876297067,0.8741975069431336,1.0,3.0,0.5056122645299631,1.2107472712009546,0.9333333333333333,-0.9286314021831651,-0.4307692307692308,0.20408163265310164,0.5238095238095238,2.0218303946263507,2.2256410256410257,-0.25782836671086784,0.4085873523157074,1.0474934036939256,0.9443099273607748,14.04701931150225,8.4
CFD_ATAS_0814_20260316_1337,atas-mt5-lead-lab-causal-v1,2026-03-16,2026-03-16T13:37:00-04:00,2026-03-16T13:38:00-04:00,2026-03-16T13:39:00-04:00,2026-03-16T17:38:00+00:00,2026-03-16T17:39:00+00:00,LONG,INFERIOR,1.0,13.0,37.0,247.0,0.0,3.0,5.9599,1.9033,17.578571428571326,10.714285714285714,0.6095083299471794,-0.7964242177976478,0.16497358797224573,-0.8419341731005362,0.5833333333333334,0.4666666666666667,-0.35000000000000003,-1.3797575511309812,-0.30169307869442097,-0.49193417310053617,1.0,2.0,0.7778590075859393,0.9500203169441716,1.1666666666666667,-0.8305566842748141,0.5833333333333334,0.2633451957295687,0.17647058823529413,1.8772856562373128,1.5166666666666668,1.762083360622934,-0.03476050147525759,0.8546622677548115,0.7817589576547231,11.878098334010593,13.766666666666667
CFD_ATAS_0815_20260316_1550,atas-mt5-lead-lab-causal-v1,2026-03-16,2026-03-16T15:50:00-04:00,2026-03-16T15:51:00-04:00,2026-03-16T15:52:00-04:00,2026-03-16T19:51:00+00:00,2026-03-16T19:52:00+00:00,SHORT,SUPERIOR,0.0,15.0,50.0,380.0,0.0,3.0,5.0082,1.7195,13.450000000000468,12.946428571428571,0.9625597450875926,-0.505576208178367,-1.1598513011153635,-0.9293680297397446,0.19310344827586207,-0.2896551724137931,-0.19310344827586207,-0.698679656454229,-0.8701961287015704,-0.7362645814638826,1.0,1.0,1.3462895518953206,0.9665427509293344,1.9310344827586208,-0.4832713754646672,0.2896551724137931,0.24850894632205323,0.16666666666666666,1.7843866171003095,2.027586206896552,-1.2645887349629545,-0.15278485293099184,0.8623769177925779,0.8285714285714285,15.52416356877264,15.641379310344828
CFD_ATAS_0816_20260317_1014,atas-mt5-lead-lab-causal-v1,2026-03-17,2026-03-17T10:14:00-04:00,2026-03-17T10:15:00-04:00,2026-03-17T10:19:00-04:00,2026-03-17T14:15:00+00:00,2026-03-17T14:19:00+00:00,SHORT,SUPERIOR,0.0,10.0,14.0,44.0,1.0,3.0,5.4401,4.28,7.421428571428156,16.785714285714285,2.261790182868269,-0.49855630413872076,2.5466794995186164,2.8026948989413487,0.5957446808510639,0.8936170212765958,2.3085106382978724,-1.0943009849897847,1.6530624782420205,0.4941842606434763,1.0,1.0,1.178468005237556,0.7006737247354596,1.1914893617021278,-0.41770933590022125,0.5957446808510639,0.7375886524822247,0.9393939393939394,3.745909528392797,2.6063829787234045,-1.280352965061624,-0.1959275242207138,1.1361399671950934,0.9591836734693877,6.238691049085911,9.085106382978724
CFD_ATAS_0817_20260317_1102,atas-mt5-lead-lab-causal-v1,2026-03-17,2026-03-17T11:02:00-04:00,2026-03-17T11:03:00-04:00,2026-03-17T11:03:00-04:00,2026-03-17T15:03:00+00:00,2026-03-17T15:03:00+00:00,LONG,INFERIOR,1.0,11.0,2.0,92.0,1.0,3.0,6.7892,1.5054,7.350000000000104,11.785714285714286,1.60349854227403,1.0476190476191318,1.3741496598637282,0.8571428571427461,-0.10606060606060605,0.0,-0.3181818181818182,1.1536796536797378,1.3741496598637282,1.1753246753245643,2.0,3.0,0.14711625495838232,1.4557823129252485,0.8484848484848484,1.1020408163263171,-0.10606060606060605,0.3442622950819411,0.2727272727272727,1.8639455782313652,1.5909090909090908,0.21264206839921193,-0.024960228450266575,1.020327218641576,0.6857142857142857,7.632653061224184,12.939393939393938
CFD_ATAS_0818_20260317_1223,atas-mt5-lead-lab-causal-v1,2026-03-17,2026-03-17T12:23:00-04:00,2026-03-17T12:24:00-04:00,2026-03-17T12:24:00-04:00,2026-03-17T16:24:00+00:00,2026-03-17T16:24:00+00:00,SHORT,SUPERIOR,0.0,12.0,23.0,173.0,1.0,3.0,9.9161,1.7612,8.064285714285559,14.732142857142858,1.8268379096545968,-0.8432240921168437,0.3472099202833531,-1.72364924712156,-0.08484848484848484,-0.08484848484848484,-0.08484848484848484,-0.7583756072683588,0.43205840513183796,-1.6388007622730751,2.0,3.0,0.15498791266776,1.2028343666963048,0.8484848484848485,-0.7936226749337653,-0.08484848484848484,0.4199395770393374,0.043478260869565216,2.6784765279006684,1.4424242424242424,-0.5838806771925918,0.17067211139210198,1.0198735320686612,0.894308943089431,25.185119574845302,11.624242424242423
CFD_ATAS_0819_20260317_1320,atas-mt5-lead-lab-causal-v1,2026-03-17,2026-03-17T13:20:00-04:00,2026-03-17T13:21:00-04:00,2026-03-17T13:21:00-04:00,2026-03-17T17:21:00+00:00,2026-03-17T17:21:00+00:00,LONG,INFERIOR,1.0,13.0,20.0,230.0,1.0,3.0,6.402,3.6839,18.350000000000364,10.982142857142858,0.598481899571806,0.3869209809263435,3.356948228882688,2.2833787465938413,-0.7967479674796748,-0.45528455284552843,0.0,1.1836689484060183,3.8122327817282162,2.2833787465938413,2.0,3.0,-0.17945032792286075,1.2697547683923058,1.1382113821138211,0.43051771117153464,-0.6829268292682926,0.4324045407636611,0.0,3.7493188010898044,1.2520325203252032,-1.1372820055139279,-0.07579984003796737,1.1608676005422771,0.888086642599278,16.69209809264268,15.593495934959348
CFD_ATAS_0820_20260317_1413,atas-mt5-lead-lab-causal-v1,2026-03-17,2026-03-17T14:13:00-04:00,2026-03-17T14:14:00-04:00,2026-03-17T14:18:00-04:00,2026-03-17T18:14:00+00:00,2026-03-17T18:18:00+00:00,LONG,INFERIOR,1.0,14.0,13.0,283.0,1.0,3.0,5.9774,2.0135,14.257142857143013,9.375,0.6575651302605139,-0.6452905811623687,-0.5470941883766965,-0.32264529058105673,-0.4,-1.0666666666666667,-1.0666666666666667,-0.24529058116236868,0.5195724782899701,0.7440213760856099,3.0,4.0,0.9481430706537018,0.9679358717434254,0.5333333333333333,-0.6382765531061034,-0.4,0.09745762711860423,0.5714285714285714,1.7885771543085978,2.0,1.1876224948757614,-0.27715729594839067,0.9268632458788026,0.9722222222222223,21.48396793587146,18.266666666666666
CFD_ATAS_0821_20260318_1004,atas-mt5-lead-lab-causal-v1,2026-03-18,2026-03-18T10:04:00-04:00,2026-03-18T10:05:00-04:00,2026-03-18T10:05:00-04:00,2026-03-18T14:05:00+00:00,2026-03-18T14:05:00+00:00,LONG,INFERIOR,1.0,10.0,4.0,34.0,2.0,3.0,6.5707,2.2428,6.157142857143169,23.75,3.8573085846865793,0.2923433874708647,0.30858468677457185,-0.90951276102119,0.0,-0.6842105263157895,-1.3157894736842106,0.2923433874708647,0.9927952130903613,0.40627671266302057,1.0,2.0,-0.40595567200216465,1.218097447795762,0.8421052631578947,0.30858468677457185,0.0,0.32183908045980136,0.3424657534246575,2.4524361948958218,2.6842105263157894,-0.06853108723649216,0.2730608157109904,1.2732644017726111,0.9779411764705883,8.006960556844614,3.9473684210526314
CFD_ATAS_0822_20260318_1033,atas-mt5-lead-lab-causal-v1,2026-03-18,2026-03-18T10:33:00-04:00,2026-03-18T10:34:00-04:00,2026-03-18T10:34:00-04:00,2026-03-18T14:34:00+00:00,2026-03-18T14:34:00+00:00,LONG,INFERIOR,1.0,10.0,33.0,63.0,2.0,3.0,6.9737,2.7632,13.278571428571533,20.178571428571427,1.5196342119418922,0.06777837547051825,1.9580419580419426,0.4669176976867056,0.5575221238938054,1.2389380530973453,2.168141592920354,-0.48974374842328716,0.7191039049445973,-1.7012238952336485,1.0,1.0,1.3379172064891947,0.5346960731577718,1.3008849557522124,0.03765465303926813,0.5575221238938054,0.13537117903922916,0.813953488372093,2.372243141473892,2.6637168141592924,1.0957425193561559,0.6020766518341552,2.414285714285619,0.8496240601503758,7.402904787520333,9.230088495575222
CFD_ATAS_0823_20260318_1136,atas-mt5-lead-lab-causal-v1,2026-03-18,2026-03-18T11:36:00-04:00,2026-03-18T11:37:00-04:00,2026-03-18T11:37:00-04:00,2026-03-18T15:37:00+00:00,2026-03-18T15:37:00+00:00,LONG,INFERIOR,1.0,11.0,36.0,126.0,2.0,3.0,6.5276,2.1306,16.47857142857148,12.678571428571429,0.769397485912438,0.15778066753372538,0.885999133073385,-0.09102730819245745,-0.09859154929577464,-1.1830985915492958,1.2816901408450705,0.2563722168295,2.0690977246226807,-1.372717449037528,3.0,3.0,-0.5313300074829513,0.8253142609448593,0.5915492957746479,0.2306025140877355,-0.09859154929577464,0.047318611987375185,0.35135135135135137,2.0936280884265215,2.563380281690141,1.2976888533590292,-0.12522716462665187,1.3590574374079134,0.7888888888888889,15.250108365843214,14.690140845070422
CFD_ATAS_0824_20260319_1052,atas-mt5-lead-lab-causal-v1,2026-03-19,2026-03-19T10:52:00-04:00,2026-03-19T10:53:00-04:00,2026-03-19T10:53:00-04:00,2026-03-19T14:53:00+00:00,2026-03-19T14:53:00+00:00,LONG,INFERIOR,1.0,10.0,52.0,82.0,3.0,3.0,5.3115,3.3998,10.078571428570806,27.053571428571427,2.6842664776755734,0.2976612331679844,2.728561304039857,2.629340892983862,-0.9240924092409242,-0.04620462046204621,1.4785478547854787,1.2217536424089086,2.774765924501903,1.1507930381983833,2.0,2.0,0.04327051064186644,0.873139617292682,1.2475247524752475,0.2976612331679844,-0.9240924092409242,0.7681159420289855,0.41025641025641024,3.155209071580562,2.495049504950495,-0.5884007871978095,-0.06669252338923883,0.9905229905229368,0.9439252336448598,10.765414599575434,8.132013201320133
CFD_ATAS_0825_20260319_1332,atas-mt5-lead-lab-causal-v1,2026-03-19,2026-03-19T13:32:00-04:00,2026-03-19T13:33:00-04:00,2026-03-19T13:35:00-04:00,2026-03-19T17:33:00+00:00,2026-03-19T17:35:00+00:00,LONG,INFERIOR,1.0,13.0,32.0,242.0,3.0,3.0,5.6425,2.58,25.742857142857506,16.25,0.6312430632630321,0.8235294117645812,2.4861265260820957,2.8745837957824234,-1.0769230769230769,-0.38461538461538464,-1.1538461538461537,1.900452488687658,2.8707419106974803,4.028429949628578,2.0,3.0,0.796542909474542,1.278024417314134,1.3076923076923077,0.8351831298557041,-1.0769230769230769,0.8705882352941177,0.42857142857142855,3.5854605993341355,1.7692307692307692,-0.2360158178643556,0.007588311304420806,0.8808505438103478,1.0224719101123596,11.26137624861241,15.384615384615385
CFD_ATAS_0826_20260319_1410,atas-mt5-lead-lab-causal-v1,2026-03-19,2026-03-19T14:10:00-04:00,2026-03-19T14:11:00-04:00,2026-03-19T14:12:00-04:00,2026-03-19T18:11:00+00:00,2026-03-19T18:12:00+00:00,SHORT,SUPERIOR,0.0,14.0,10.0,280.0,3.0,3.0,5.7012,3.0579,21.185714285714443,13.482142857142858,0.6363789615643918,-0.07080242751179988,0.3209710047202968,1.4538098449090948,-1.019867549668874,-1.2980132450331126,-2.1324503311258276,0.9490651221570742,1.6189842497534093,3.5862601760349224,2.0,3.0,1.6188894575976362,0.835468644639273,1.1125827814569536,-0.0,-0.9271523178807947,0.4438040345821652,0.696969696969697,3.167228590694446,2.6887417218543046,-0.07397698734327274,-0.16908111996591974,0.8146113705026022,0.9096385542168675,13.683749157113754,18.543046357615893
CFD_ATAS_0827_20260320_1025,atas-mt5-lead-lab-causal-v1,2026-03-20,2026-03-20T10:25:00-04:00,2026-03-20T10:26:00-04:00,2026-03-20T10:26:00-04:00,2026-03-20T14:26:00+00:00,2026-03-20T14:26:00+00:00,SHORT,SUPERIOR,0.0,10.0,25.0,55.0,4.0,3.0,5.1397,2.0808,10.671428571428416,21.25,1.9912985274431347,-0.140562248995986,1.133868808567484,0.290495314591568,0.058823529411764705,-0.5882352941176471,0.47058823529411764,-0.19938577840775068,1.722104102685131,-0.18009292070254962,2.0,2.0,-0.4187344425520517,0.9277108433736438,0.8823529411764706,-0.1686746987954559,-0.0,0.11787072243342431,0.26666666666666666,2.1646586345380476,1.8823529411764706,-0.18878611024392203,-0.13223696115240272,0.9682436811405571,0.7484276729559749,10.073627844712329,11.764705882352942
CFD_ATAS_0828_20260320_1204,atas-mt5-lead-lab-causal-v1,2026-03-20,2026-03-20T12:04:00-04:00,2026-03-20T12:05:00-04:00,2026-03-20T12:05:00-04:00,2026-03-20T16:05:00+00:00,2026-03-20T16:05:00+00:00,SHORT,SUPERIOR,0.0,12.0,4.0,154.0,4.0,3.0,5.7578,1.6115,11.25000000000026,15.0,1.3333333333333026,0.15999999999993164,1.155555555555529,0.24888888888881847,-0.5,-1.5,-2.3333333333333335,0.6599999999999316,2.6555555555555292,2.582222222222152,3.0,5.0,-1.3531253130665089,0.45333333333319353,1.4166666666666667,0.0711111111110448,-0.4166666666666667,0.09150326797384767,1.0,1.706666666666692,3.5833333333333335,1.9998712720463976,-0.42261179575578023,0.8072783188108759,0.7336244541484715,13.173333333333094,17.333333333333332
CFD_ATAS_0829_20260320_1304,atas-mt5-lead-lab-causal-v1,2026-03-20,2026-03-20T13:04:00-04:00,2026-03-20T13:05:00-04:00,2026-03-20T13:05:00-04:00,2026-03-20T17:05:00+00:00,2026-03-20T17:05:00+00:00,LONG,INFERIOR,1.0,13.0,4.0,214.0,4.0,3.0,8.1847,2.0275,24.464285714285975,15.178571428571429,0.6204379562043729,0.5232116788320815,1.0218978102189673,0.4455474452555292,0.0,-0.16470588235294117,0.7411764705882353,0.5232116788320815,1.1866036925719086,-0.29562902533270613,1.0,1.0,0.5403840444644448,1.185401459854002,0.4117647058823529,0.5150364963504487,0.0,0.2482915717540524,0.6923076923076923,2.1091970802920375,1.3176470588235294,0.9580422410845657,-0.3159148341197775,0.9787112444635184,0.9742120343839542,10.885255474452558,17.129411764705882
CFD_ATAS_0830_20260320_1311,atas-mt5-lead-lab-causal-v1,2026-03-20,2026-03-20T13:11:00-04:00,2026-03-20T13:12:00-04:00,2026-03-20T13:12:00-04:00,2026-03-20T17:12:00+00:00,2026-03-20T17:12:00+00:00,LONG,INFERIOR,1.0,13.0,11.0,221.0,4.0,3.0,6.4337,1.5494,27.964285714285456,20.446428571428573,0.7311621966794448,-0.6401021711365817,0.010727969348763178,-1.5805874840356704,-0.0611353711790393,-1.039301310043668,-0.1834061135371179,-0.5789667999575424,1.0500292793924313,-1.3971813704985525,3.0,3.0,-0.8961263100701021,1.3016602809705597,0.4890829694323144,-0.6579821200510136,-0.0611353711790393,0.48785871964677485,0.0967741935483871,2.3136653895275057,1.5283842794759823,0.6278435070987474,-0.4655713914837312,1.0873489793084106,1.2901408450704228,9.522860791826501,12.960698689956331
CFD_ATAS_0831_20260320_1357,atas-mt5-lead-lab-causal-v1,2026-03-20,2026-03-20T13:57:00-04:00,2026-03-20T13:58:00-04:00,2026-03-20T14:01:00-04:00,2026-03-20T17:58:00+00:00,2026-03-20T18:01:00+00:00,LONG,INFERIOR,1.0,13.0,57.0,267.0,4.0,3.0,5.1461,3.1445,22.057142857143326,12.678571428571429,0.5748056994818531,0.9430051813470972,2.2351036269429247,1.6457253886009684,-0.19718309859154928,0.5915492957746479,1.4788732394366197,1.1401882799386465,1.6435543311682768,0.16685214916434865,2.0,2.0,0.957169715043905,0.9747409326424663,0.49295774647887325,0.9067357512953175,-0.19718309859154928,0.30999146029037666,0.6,2.6068652849740377,2.267605633802817,0.5670494692451851,0.36991845836484005,1.05916652375237,0.8208092485549132,13.378886010362509,25.732394366197184
CFD_ATAS_0832_20260320_1535,atas-mt5-lead-lab-causal-v1,2026-03-20,2026-03-20T15:35:00-04:00,2026-03-20T15:36:00-04:00,2026-03-20T15:36:00-04:00,2026-03-20T19:36:00+00:00,2026-03-20T19:36:00+00:00,LONG,INFERIOR,1.0,15.0,35.0,365.0,4.0,3.0,6.8329,1.8252,15.714285714286493,16.517857142857142,1.0511363636363116,-0.8336363636364612,0.22272727272726167,-1.2472727272728044,-0.7567567567567568,-2.345945945945946,-3.254054054054054,-0.07687960687970441,2.5686732186732075,2.0067813267812498,3.0,4.0,-1.982485147449723,1.361818181818207,1.4378378378378378,-0.8718181818181849,-0.7567567567567568,0.3712121212121165,1.0,1.9472727272727697,3.7081081081081084,-0.024702951429573638,0.042210540345763645,0.9740978525570692,1.2012987012987013,18.779090909090115,28.983783783783785
CFD_ATAS_0833_20260323_1012,atas-mt5-lead-lab-causal-v1,2026-03-23,2026-03-23T10:12:00-04:00,2026-03-23T10:13:00-04:00,2026-03-23T10:13:00-04:00,2026-03-23T14:13:00+00:00,2026-03-23T14:13:00+00:00,SHORT,SUPERIOR,0.0,10.0,12.0,42.0,0.0,3.0,9.8621,1.5517,111.2642857142855,31.964285714285715,0.2872825319381144,-0.46016562881171696,0.33973165564613905,-0.5886884509212311,-0.3128491620111732,-0.7821229050279329,-0.4301675977653631,-0.14731646680054378,1.121854560674072,-0.158520853155868,2.0,3.0,0.45834678630694137,0.7801245425948463,0.7430167597765363,-0.46106438980547676,-0.3128491620111732,0.262314777733283,0.22448979591836735,2.3349810618219147,1.759776536312849,-1.4919804265698122,0.07380339037307924,5.16222038111015,0.9226804123711342,8.191307697245936,5.631284916201117
CFD_ATAS_0834_20260323_1131,atas-mt5-lead-lab-causal-v1,2026-03-23,2026-03-23T11:31:00-04:00,2026-03-23T11:32:00-04:00,2026-03-23T11:32:00-04:00,2026-03-23T15:32:00+00:00,2026-03-23T15:32:00+00:00,SHORT,SUPERIOR,0.0,11.0,31.0,121.0,0.0,3.0,5.3667,2.6854,23.092857142857092,19.553571428571427,0.8467367769873201,-0.14723167336845183,1.2081657902875667,0.5759356634704307,-0.31963470319634707,-1.0228310502283107,-0.4474885844748859,0.17240302982789524,2.2309968405158775,1.0234242479453166,3.0,3.0,-0.8209160114812067,0.7924528301886495,0.767123287671233,-0.13857098669969156,-0.31963470319634707,0.2697768762677377,0.28,2.8017321373337833,1.7899543378995435,-0.49938241110143555,-0.3430679068974574,0.5659518599562351,0.8248587570621468,40.978038973090065,13.1689497716895
CFD_ATAS_0835_20260323_1204,atas-mt5-lead-lab-causal-v1,2026-03-23,2026-03-23T12:04:00-04:00,2026-03-23T12:05:00-04:00,2026-03-23T12:08:00-04:00,2026-03-23T16:05:00+00:00,2026-03-23T16:08:00+00:00,SHORT,SUPERIOR,0.0,12.0,4.0,154.0,0.0,3.0,7.3889,2.4971,24.47142857142821,31.875,1.3025394045534344,0.7437244600117162,1.0624635143024093,1.1360186806771617,-0.0,0.43137254901960786,-0.39215686274509803,0.7437244600117162,0.6310909652828014,1.5281755434222597,1.0,3.0,1.5237078402437927,0.8540572095739192,0.5882352941176471,0.71511967308816,-0.0,0.2920168067226792,0.2,2.492702860478729,1.5294117647058822,-0.6922421336571984,-0.2984759972698014,0.7596452328159533,1.460122699386503,38.669585522475735,10.0
CFD_ATAS_0836_20260323_1327,atas-mt5-lead-lab-causal-v1,2026-03-23,2026-03-23T13:27:00-04:00,2026-03-23T13:28:00-04:00,2026-03-23T13:28:00-04:00,2026-03-23T17:28:00+00:00,2026-03-23T17:28:00+00:00,SHORT,SUPERIOR,0.0,13.0,27.0,237.0,0.0,3.0,6.851,1.7927,20.835714285714857,21.607142857142858,1.0370243400753916,0.7631127871100934,1.6894069249228545,1.531025025711375,0.17355371900826447,-1.4462809917355373,-1.3884297520661157,0.589559068101829,3.1356879166583917,2.919454777777491,2.0,3.0,-0.6774661305621468,1.1326705519369953,0.7520661157024793,0.8015083990401226,0.17355371900826447,0.4976599063962899,0.6,2.769283510455907,2.1983471074380163,-0.12138281116647243,0.26158698980328543,0.6752314814815057,0.9877551020408164,45.41720946177452,17.644628099173552
CFD_ATAS_0837_20260324_1056,atas-mt5-lead-lab-causal-v1,2026-03-24,2026-03-24T10:56:00-04:00,2026-03-24T10:57:00-04:00,2026-03-24T10:58:00-04:00,2026-03-24T14:57:00+00:00,2026-03-24T14:58:00+00:00,LONG,INFERIOR,1.0,10.0,56.0,86.0,1.0,3.0,6.6225,3.0763,20.31428571428582,43.839285714285715,2.158052039381142,0.2707454289732757,2.175808720112542,-0.9402250351616676,0.4276985743380855,0.1425661914460285,0.6558044806517311,-0.1569531453648098,2.0332425286665137,-1.5960295158133988,1.0,1.0,0.3911653886803937,0.5414908579465514,1.0264765784114052,0.2559774964838601,0.4276985743380855,0.17767441860463762,0.30666666666666664,3.7215189873416814,1.7678207739307534,1.722817316706495,-0.3317790798441731,1.556650246305498,1.4924012158054711,6.463431786216527,4.761710794297352
CFD_ATAS_0838_20260324_1419,atas-mt5-lead-lab-causal-v1,2026-03-24,2026-03-24T14:19:00-04:00,2026-03-24T14:20:00-04:00,2026-03-24T14:20:00-04:00,2026-03-24T18:20:00+00:00,2026-03-24T18:20:00+00:00,SHORT,SUPERIOR,0.0,14.0,19.0,289.0,1.0,3.0,8.1129,1.73,20.22857142857148,15.714285714285714,0.7768361581920883,0.04943502824858744,0.39053672316391275,-1.082627118643957,-1.590909090909091,-1.0340909090909092,-0.39772727272727276,1.6403441191576784,1.424627632254822,-0.6848998459166844,2.0,2.0,-0.823214023315119,0.6179378531073431,1.9886363636363638,0.0593220338983409,-1.590909090909091,0.2761664564943003,0.13513513513513514,1.858757062146816,2.625,-0.9687554686366334,0.4067792907075717,0.7307444200748289,0.8691358024691358,14.45480225988704,15.988636363636365
CFD_ATAS_0839_20260324_1454,atas-mt5-lead-lab-causal-v1,2026-03-24,2026-03-24T14:54:00-04:00,2026-03-24T14:55:00-04:00,2026-03-24T14:55:00-04:00,2026-03-24T18:55:00+00:00,2026-03-24T18:55:00+00:00,SHORT,SUPERIOR,0.0,14.0,54.0,324.0,1.0,3.0,5.6749,2.2098,14.050000000000052,18.125,1.2900355871886073,0.16370106761560596,1.7081850533807765,0.10676156583629853,-0.13793103448275862,-0.3448275862068966,-0.7586206896551724,0.30163210209836455,2.0530126395876733,0.865382255491471,2.0,4.0,-0.134083822298522,0.612099644128008,0.7586206896551724,0.14234875444839803,-0.13793103448275862,0.03225806451612903,0.5789473684210527,2.142348754448287,1.8620689655172413,-0.30742440948467403,0.3093845695518215,0.6886049361106283,0.9463869463869463,20.811387900355896,13.862068965517242
CFD_ATAS_0840_20260325_1041,atas-mt5-lead-lab-causal-v1,2026-03-25,2026-03-25T10:41:00-04:00,2026-03-25T10:42:00-04:00,2026-03-25T10:42:00-04:00,2026-03-25T14:42:00+00:00,2026-03-25T14:42:00+00:00,SHORT,SUPERIOR,0.0,10.0,41.0,71.0,2.0,3.0,5.9272,2.6662,9.5,20.625,2.1710526315789473,-0.4315789473686508,1.3157894736842106,-0.05263157894736842,-0.8484848484848485,-0.6666666666666666,-0.7272727272727273,0.4169059011161977,1.9824561403508771,0.6746411483253589,1.0,2.0,-0.42252848268430115,0.48421052631563627,1.6363636363636365,-0.3789473684212824,-0.9090909090909091,0.014836795252223598,0.6666666666666666,2.6421052631581246,2.0,-0.01283778207020449,-0.011930853286175507,1.0657051282050722,0.7573770491803279,10.063157894737072,9.636363636363637
CFD_ATAS_0841_20260325_1050,atas-mt5-lead-lab-causal-v1,2026-03-25,2026-03-25T10:50:00-04:00,2026-03-25T10:51:00-04:00,2026-03-25T10:54:00-04:00,2026-03-25T14:51:00+00:00,2026-03-25T14:54:00+00:00,LONG,INFERIOR,1.0,10.0,50.0,80.0,2.0,3.0,6.4957,2.7516,17.185714285714443,19.285714285714285,1.1221945137157003,-0.46550290939317945,0.6342477140482916,-2.9093931837073717,0.32407407407407407,0.5833333333333334,0.3888888888888889,-0.7895769834672535,0.05091438071495824,-3.2982820725962605,1.0,2.0,0.7458350621971207,2.1820448877805285,1.1018518518518519,-0.49459684123025316,0.32407407407407407,0.5694760820045369,0.2,3.875311720698134,1.490740740740741,2.0639984398244313,-0.0869496034606466,1.9064976228208705,0.7176079734219268,5.562759767248622,10.305555555555555
CFD_ATAS_0842_20260325_1258,atas-mt5-lead-lab-causal-v1,2026-03-25,2026-03-25T12:58:00-04:00,2026-03-25T12:59:00-04:00,2026-03-25T13:02:00-04:00,2026-03-25T16:59:00+00:00,2026-03-25T17:02:00+00:00,LONG,INFERIOR,1.0,12.0,58.0,208.0,2.0,3.0,6.6854,1.5912,22.607142857142858,15.0,0.6635071090047393,-0.18578199052119826,0.21232227488164532,0.27867298578211924,-0.16666666666666666,-1.0833333333333333,-0.6666666666666666,-0.019115323854531602,1.2956556082149786,0.9453396524487858,3.0,4.0,0.5002416498095651,1.185466034755102,0.75,-0.19462875197462698,-0.16666666666666666,0.1510791366907278,0.3333333333333333,2.1895734597156395,2.0,0.7857479795862751,-0.07858305330558016,1.5053507728894435,0.8296296296296296,7.904581358609827,15.916666666666666
CFD_ATAS_0843_20260325_1303,atas-mt5-lead-lab-causal-v1,2026-03-25,2026-03-25T13:03:00-04:00,2026-03-25T13:04:00-04:00,2026-03-25T13:04:00-04:00,2026-03-25T17:04:00+00:00,2026-03-25T17:04:00+00:00,LONG,INFERIOR,1.0,13.0,3.0,213.0,2.0,3.0,7.5966,2.5873,27.13571428571361,17.767857142857142,0.6547775730455545,-0.02211108186372932,1.4998683864174083,-0.2505922611214612,-0.9849246231155779,-1.0552763819095479,-0.7035175879396985,0.9628135412518486,2.555144768326956,0.45292532681823733,2.0,2.0,-0.31471620849041204,0.7444064227427383,1.1959798994974875,-0.018425901553040733,-0.9849246231155779,0.0760626398210604,0.25,2.421163464069445,2.5326633165829144,-0.008199136076022602,0.1872822716737549,1.6083827265029682,1.0473684210526315,7.7720452750725,13.437185929648242
CFD_ATAS_0844_20260326_1030,atas-mt5-lead-lab-causal-v1,2026-03-26,2026-03-26T10:30:00-04:00,2026-03-26T10:31:00-04:00,2026-03-26T10:33:00-04:00,2026-03-26T14:31:00+00:00,2026-03-26T14:33:00+00:00,LONG,INFERIOR,1.0,10.0,30.0,60.0,3.0,3.0,5.6224,2.1481,10.699999999999688,18.839285714285715,1.760680907877221,0.21495327102797565,0.5887850467289211,0.018691588785115273,0.7962085308056872,-0.2654028436018957,-1.1279620853080567,-0.5812552597777115,0.8541878903308168,1.146653674093172,1.0,3.0,0.4911408152483112,0.7943925233645092,0.928909952606635,0.205607476635588,0.7962085308056872,0.006134969325176652,0.4146341463414634,2.3551401869156843,2.4549763033175354,-0.13818849751742773,-0.085310171420526,1.0348877374783159,0.6063218390804598,7.121495327102739,9.421800947867299
CFD_ATAS_0845_20260326_1106,atas-mt5-lead-lab-causal-v1,2026-03-26,2026-03-26T11:06:00-04:00,2026-03-26T11:07:00-04:00,2026-03-26T11:07:00-04:00,2026-03-26T15:07:00+00:00,2026-03-26T15:07:00+00:00,LONG,INFERIOR,1.0,11.0,6.0,96.0,3.0,3.0,5.3061,2.4694,10.192857142856676,25.446428571428573,2.496496145760451,0.9025928521374639,2.060266292922309,1.785564120532739,-0.14736842105263157,-0.24561403508771928,-0.343859649122807,1.0499612731900954,2.305880328010028,2.129423769655546,2.0,3.0,0.048051552787451726,0.9222144358796525,0.7859649122807018,0.8829712683952752,-0.14736842105263157,0.7647058823529951,0.1891891891891892,2.786264891380789,1.5228070175438595,0.28109128270989353,-0.4249063534549717,1.031814895155431,0.9827586206896551,11.772950245270335,8.301754385964912
CFD_ATAS_0846_20260326_1120,atas-mt5-lead-lab-causal-v1,2026-03-26,2026-03-26T11:20:00-04:00,2026-03-26T11:21:00-04:00,2026-03-26T11:21:00-04:00,2026-03-26T15:21:00+00:00,2026-03-26T15:21:00+00:00,SHORT,SUPERIOR,0.0,11.0,20.0,110.0,3.0,3.0,7.4918,2.0359,8.549999999999532,16.696428571428573,1.9527986633250862,-0.2573099415201415,1.0760233918130095,0.8538011695910305,-0.4491978609625668,-0.6737967914438502,0.4491978609625668,0.19188791944242528,1.7498201832568596,0.40460330862846366,2.0,2.0,-0.5352431533978019,1.0643274853804305,1.0481283422459893,-0.23391812865498357,-0.4491978609625668,0.4709677419358927,0.23076923076923078,2.2573099415205062,1.8716577540106951,-0.8132729911977807,-0.1766575461746802,0.88930163447246,0.7290448343079923,14.035087719299014,12.652406417112298
CFD_ATAS_0847_20260326_1125,atas-mt5-lead-lab-causal-v1,2026-03-26,2026-03-26T11:25:00-04:00,2026-03-26T11:26:00-04:00,2026-03-26T11:28:00-04:00,2026-03-26T15:26:00+00:00,2026-03-26T15:28:00+00:00,SHORT,SUPERIOR,0.0,11.0,25.0,115.0,3.0,3.0,7.6149,1.7391,8.071428571428571,15.089285714285714,1.8694690265486726,-0.11150442477894136,1.0778761061943298,0.5203539823005244,0.49704142011834324,0.33136094674556216,0.24852071005917162,-0.6085458448972846,0.7465151594487677,0.2718332722413528,1.0,2.0,0.5181337906202349,0.8300884955748606,0.9940828402366865,-0.0,0.49704142011834324,0.2038834951455042,0.13043478260869565,1.7345132743362832,1.2426035502958581,-0.4689368392775915,-0.14637991543140516,0.8395245170876648,0.6926229508196722,14.867256637168142,14.0
CFD_ATAS_0848_20260327_1113,atas-mt5-lead-lab-causal-v1,2026-03-27,2026-03-27T11:13:00-04:00,2026-03-27T11:14:00-04:00,2026-03-27T11:14:00-04:00,2026-03-27T15:14:00+00:00,2026-03-27T15:14:00+00:00,LONG,INFERIOR,1.0,11.0,13.0,103.0,4.0,3.0,7.3791,2.321,11.349999999999843,19.017857142857142,1.6755821271240003,0.13215859030837188,2.0881057268723398,1.4713656387666043,0.06572769953051644,-0.46009389671361506,-1.051643192488263,0.06643089077785544,2.5481996235859548,2.5230088312548675,2.0,4.0,-0.3386591193221396,0.678414096916373,0.5915492957746479,0.15859030836998214,0.06572769953051644,0.5369774919614005,0.8888888888888888,2.572687224669703,1.5774647887323945,0.08100241423365333,-0.4775175674252054,1.1096368715083451,0.8469184890656064,11.718061674008972,11.830985915492958
CFD_ATAS_0849_20260327_1239,atas-mt5-lead-lab-causal-v1,2026-03-27,2026-03-27T12:39:00-04:00,2026-03-27T12:40:00-04:00,2026-03-27T12:40:00-04:00,2026-03-27T16:40:00+00:00,2026-03-27T16:40:00+00:00,LONG,INFERIOR,1.0,12.0,39.0,189.0,4.0,3.0,5.6959,3.0323,25.142857142857142,10.982142857142858,0.43678977272727276,-0.13124999999997106,1.9210227272726983,1.2051136363636075,0.0,-1.8211382113821137,-2.2764227642276422,-0.13124999999997106,3.742160938654812,3.4815364005912497,2.0,3.0,-1.1346272972304037,0.8471590909090619,0.6829268292682926,-0.11136363636360742,-0.11382113821138211,0.41563786008230696,1.0,2.9392045454544586,2.7317073170731705,-0.33968266666270713,-0.3270045900211981,1.9571865443424443,0.7909967845659165,8.09375,20.48780487804878
CFD_ATAS_0850_20260327_1312,atas-mt5-lead-lab-causal-v1,2026-03-27,2026-03-27T13:12:00-04:00,2026-03-27T13:13:00-04:00,2026-03-27T13:13:00-04:00,2026-03-27T17:13:00+00:00,2026-03-27T17:13:00+00:00,LONG,INFERIOR,1.0,13.0,12.0,222.0,4.0,3.0,6.3898,1.631,26.664285714285402,20.803571428571427,0.7802035896062239,0.4800428609697078,1.7889097240825556,0.8963300294669818,-0.18025751072961374,-1.0815450643776825,-1.0214592274678111,0.6603003716993215,2.870454788460238,1.917789256934793,3.0,4.0,-0.9942832399828934,0.7313152960085808,0.6008583690987125,0.2400214304849221,-0.18025751072961374,0.3342657342657546,0.5151515151515151,2.2126975622823726,1.6824034334763949,-1.5395457428573502,-0.25158013411260166,1.053032440056416,1.5850340136054422,10.358424859362591,10.815450643776824
CFD_ATAS_0851_20260327_1341,atas-mt5-lead-lab-causal-v1,2026-03-27,2026-03-27T13:41:00-04:00,2026-03-27T13:42:00-04:00,2026-03-27T13:42:00-04:00,2026-03-27T17:42:00+00:00,2026-03-27T17:42:00+00:00,LONG,INFERIOR,1.0,13.0,41.0,251.0,4.0,3.0,5.603,1.6001,19.43571428571418,10.0,0.5145167217934611,-0.679162072767406,0.0668871738331125,-1.250275633958073,-0.75,-1.75,-2.5,0.07083792723259397,1.8168871738331125,1.249724366041927,3.0,5.0,-0.5433694960713182,0.8489525909592108,1.125,-0.6019845644983869,-0.75,0.4153846153845771,1.0,2.0323410510841713,3.0,0.3099771534870733,-0.10288268539697079,0.7566740823136846,0.7542087542087542,15.126791620727756,29.25
CFD_ATAS_0852_20260327_1424,atas-mt5-lead-lab-causal-v1,2026-03-27,2026-03-27T14:24:00-04:00,2026-03-27T14:25:00-04:00,2026-03-27T14:25:00-04:00,2026-03-27T18:25:00+00:00,2026-03-27T18:25:00+00:00,LONG,INFERIOR,1.0,14.0,24.0,294.0,4.0,3.0,5.6143,6.5043,24.05000000000005,12.321428571428571,0.5123255123255113,-1.6632016632016597,1.9376299376298731,1.7588357588357248,-0.5072463768115942,-1.4202898550724639,-1.318840579710145,-1.1559552863900655,3.357919792702337,3.07767633854587,3.0,3.0,-0.32026960760510215,1.8004158004157664,1.0144927536231885,-1.525987525987553,-0.4057971014492754,0.28600405679513113,0.8666666666666667,4.528066528066428,2.536231884057971,-0.5111264323106326,-0.17601948589252422,1.2239185750636141,1.1694915254237288,12.490644490644526,27.28985507246377
CFD_ATAS_0853_20260327_1543,atas-mt5-lead-lab-causal-v1,2026-03-27,2026-03-27T15:43:00-04:00,2026-03-27T15:44:00-04:00,2026-03-27T15:45:00-04:00,2026-03-27T19:44:00+00:00,2026-03-27T19:45:00+00:00,LONG,INFERIOR,1.0,15.0,43.0,373.0,4.0,3.0,6.901,3.505,11.985714285714234,12.5,1.0429082240762857,0.7592371871274146,1.835518474374263,1.7771156138259303,0.0,-0.3,-2.2,0.7592371871274146,2.135518474374263,3.9771156138259305,1.0,3.0,0.3414719601057004,1.618593563766517,1.0,0.7759237187126959,-0.1,0.731958762886701,0.7857142857142857,3.0369487485102655,2.9,-1.5820370156163215,-0.13532357666518455,0.9309292649098622,1.037037037037037,25.06317044100142,29.0
CFD_ATAS_0854_20260330_1022,atas-mt5-lead-lab-causal-v1,2026-03-30,2026-03-30T10:22:00-04:00,2026-03-30T10:23:00-04:00,2026-03-30T10:23:00-04:00,2026-03-30T14:23:00+00:00,2026-03-30T14:23:00+00:00,SHORT,SUPERIOR,0.0,10.0,22.0,52.0,0.0,3.0,5.7291,1.574,10.257142857143533,24.642857142857142,2.4025069637881424,-0.3119777158774877,-0.5557103064067196,-1.4331476323119543,-1.065217391304348,-0.9130434782608696,-0.6594202898550725,0.7532396754268602,0.35733317185415003,-0.7737273424568818,2.0,2.0,-0.6281861002945452,1.0431754874651833,1.3695652173913044,-0.2924791086350782,-1.0144927536231885,0.9607843137255835,0.35135135135135137,1.9693593314762643,2.130434782608696,-0.3874266012894907,0.15348701877348894,1.10038314176254,1.0203327171903882,8.647632311977217,9.942028985507246
CFD_ATAS_0855_20260330_1301,atas-mt5-lead-lab-causal-v1,2026-03-30,2026-03-30T13:01:00-04:00,2026-03-30T13:02:00-04:00,2026-03-30T13:04:00-04:00,2026-03-30T17:02:00+00:00,2026-03-30T17:04:00+00:00,LONG,INFERIOR,1.0,13.0,1.0,211.0,0.0,3.0,6.5595,1.7093,21.707142857142703,11.785714285714286,0.5429417571569635,0.10134912800266668,0.8614675880224154,0.3639355051004316,-0.5303030303030303,1.1666666666666665,0.7424242424242424,0.631652158305697,-0.3051990786442511,-0.37848873732381083,1.0,3.0,2.1660392519457012,0.8983218163869758,1.1666666666666665,0.12438302073053786,-0.4242424242424242,0.228985507246419,0.28,1.7874300756827697,2.4393939393939394,1.156506419150256,0.311393696573752,1.693036211699221,0.891891891891892,12.806844356696372,23.439393939393938
CFD_ATAS_0856_20260330_1425,atas-mt5-lead-lab-causal-v1,2026-03-30,2026-03-30T14:25:00-04:00,2026-03-30T14:26:00-04:00,2026-03-30T14:26:00-04:00,2026-03-30T18:26:00+00:00,2026-03-30T18:26:00+00:00,LONG,INFERIOR,1.0,14.0,25.0,295.0,0.0,3.0,7.63,2.1253,17.47857142857148,12.589285714285714,0.7202697180220656,0.5549652635881069,2.0138945647732274,1.6134041683694686,-0.8936170212765958,-1.3900709219858156,-2.4822695035460995,1.4485822848647028,3.403965486759043,4.095673671915568,2.0,4.0,-0.6812623995127147,1.0927666530444577,1.2907801418439717,0.5835717204740898,-0.8936170212765958,0.668246445497636,1.0,2.957907642010658,3.0780141843971633,-1.0728009960867264,0.14952607405148768,0.8452504317789264,0.986013986013986,17.638741315896922,29.290780141843975
CFD_ATAS_0857_20260330_1511,atas-mt5-lead-lab-causal-v1,2026-03-30,2026-03-30T15:11:00-04:00,2026-03-30T15:12:00-04:00,2026-03-30T15:12:00-04:00,2026-03-30T19:12:00+00:00,2026-03-30T19:12:00+00:00,LONG,INFERIOR,1.0,15.0,11.0,341.0,0.0,3.0,7.5752,1.5603,16.014285714285766,14.464285714285714,0.9032114183764467,-0.03746654772515433,0.780553077609275,0.1373773416592778,-0.6049382716049383,-2.5925925925925926,-3.6296296296296298,0.567471723879784,3.3731456702018674,3.7670069712889074,3.0,4.0,-1.9027629575631755,0.7305976806423268,1.7283950617283952,-0.06244424620874199,-0.6049382716049383,0.06666666666669606,0.9545454545454546,1.829616413916095,4.407407407407407,-1.2009198034330246,-0.2969110593973091,0.9400419287211556,1.2366412213740459,19.251561106155112,34.567901234567906
CFD_ATAS_0858_20260330_1533,atas-mt5-lead-lab-causal-v1,2026-03-30,2026-03-30T15:33:00-04:00,2026-03-30T15:34:00-04:00,2026-03-30T15:34:00-04:00,2026-03-30T19:34:00+00:00,2026-03-30T19:34:00+00:00,LONG,INFERIOR,1.0,15.0,33.0,363.0,0.0,3.0,6.802,2.0836,12.142857142857142,14.196428571428571,1.1691176470588236,0.18941176470582244,1.0705882352941176,0.8894117647058225,0.5283018867924528,-0.8805031446540881,0.44025157232704404,-0.3388901220866304,1.9510913799482057,0.44916019237877847,2.0,2.0,-0.4726839370363679,0.7823529411764706,0.7924528301886793,0.16470588235294117,0.44025157232704404,0.7105263157893918,0.13513513513513514,1.9929411764706482,2.3773584905660377,0.32010620015663344,-0.22191030571332349,0.7753705815279297,1.213740458015267,25.389411764705823,36.18867924528302
CFD_ATAS_0859_20260331_1112,atas-mt5-lead-lab-causal-v1,2026-03-31,2026-03-31T11:12:00-04:00,2026-03-31T11:13:00-04:00,2026-03-31T11:13:00-04:00,2026-03-31T15:13:00+00:00,2026-03-31T15:13:00+00:00,SHORT,SUPERIOR,0.0,11.0,12.0,102.0,1.0,3.0,7.3142,6.5099,18.392857142856883,22.232142857142858,1.208737864077687,0.3533980582524322,3.8058252427185004,2.734757281553397,-0.39357429718875503,-1.2369477911646587,-0.3373493975903614,0.7469723554411872,5.042773033883159,3.072106679143759,3.0,3.0,-0.6869370568936632,1.6800000000001027,0.7871485943775101,0.29902912621359645,-0.4497991967871486,0.5426105717367732,0.15789473684210525,5.165048543689394,1.855421686746988,2.8674128570061095,-0.07166182986044664,1.25916870415645,1.0121951219512195,10.21048543689331,9.502008032128513
CFD_ATAS_0860_20260331_1120,atas-mt5-lead-lab-causal-v1,2026-03-31,2026-03-31T11:20:00-04:00,2026-03-31T11:21:00-04:00,2026-03-31T11:21:00-04:00,2026-03-31T15:21:00+00:00,2026-03-31T15:21:00+00:00,LONG,INFERIOR,1.0,11.0,20.0,110.0,1.0,3.0,5.0723,3.9619,27.235714285714234,21.160714285714285,0.7769472856018897,-0.40388145816942117,1.5200629425649659,1.8982428533963063,-1.29957805907173,-1.949367088607595,-2.0084388185654007,0.8956966009023088,3.469430031172561,3.906681671961707,2.0,3.0,-1.0984570332525547,0.8628376606346725,1.5358649789029537,-0.381851560451009,-1.358649789029536,0.7014925373134357,0.9444444444444444,3.2751114607920604,2.6582278481012658,0.06919872993199264,-0.0726894802665447,1.8645476772615937,0.9634146341463413,6.895357985837909,9.9831223628692
CFD_ATAS_0861_20260331_1148,atas-mt5-lead-lab-causal-v1,2026-03-31,2026-03-31T11:48:00-04:00,2026-03-31T11:49:00-04:00,2026-03-31T11:50:00-04:00,2026-03-31T15:49:00+00:00,2026-03-31T15:50:00+00:00,SHORT,SUPERIOR,0.0,11.0,48.0,138.0,1.0,3.0,5.5462,1.5634,13.764285714286027,16.517857142857142,1.2000518941359353,0.39958484691228985,0.544888427607668,1.1842241826672788,-0.22702702702702704,0.3027027027027027,1.135135135135135,0.6266118739393169,0.24218572490496526,0.049089047532143715,1.0,2.0,1.4406256763971839,1.2714063310845585,0.6810810810810811,0.38505448884269916,-0.22702702702702704,0.40246913580248733,0.6521739130434783,2.208614426569589,2.27027027027027,-0.8905772229919933,0.38990367208019233,0.8002491694352426,0.7773109243697479,14.312402698494745,12.78918918918919
CFD_ATAS_0862_20260331_1546,atas-mt5-lead-lab-causal-v1,2026-03-31,2026-03-31T15:46:00-04:00,2026-03-31T15:47:00-04:00,2026-03-31T15:47:00-04:00,2026-03-31T19:47:00+00:00,2026-03-31T19:47:00+00:00,SHORT,SUPERIOR,0.0,15.0,46.0,376.0,1.0,3.0,8.8567,2.5399,49.57857142857107,14.464285714285714,0.29174470537386754,0.8108341737502007,1.4441723094654761,1.3655092926091588,-1.3827160493827162,-2.3333333333333335,-1.5555555555555556,2.1935502231329167,3.7775056427988094,2.9210648481647143,3.0,3.0,-0.013226394129580715,1.3433222878547564,1.8148148148148149,0.7926811698602418,-1.3827160493827162,0.6817724068479478,0.5,2.6644575709551837,2.851851851851852,-0.8175116552338696,-0.44473465370246046,2.9523606975755654,1.0451612903225806,12.436824665033917,38.370370370370374
CFD_ATAS_0863_20260401_0954,atas-mt5-lead-lab-causal-v1,2026-04-01,2026-04-01T09:54:00-04:00,2026-04-01T09:55:00-04:00,2026-04-01T09:56:00-04:00,2026-04-01T13:55:00+00:00,2026-04-01T13:56:00+00:00,SHORT,SUPERIOR,0.0,9.0,54.0,24.0,2.0,4.0,7.7551,1.6224,9.857142857142337,32.5,3.2971014492755364,-0.40579710144929676,0.5985507246378604,0.24347826086972568,0.6538461538461539,0.34615384615384615,-0.7307692307692307,-1.0596432552954507,0.25239687848401426,0.9742474916389564,2.0,4.0,0.49791662786267876,1.004347826086788,0.8461538461538461,-0.4159420289853816,0.6153846153846154,0.13793103448283073,0.3584905660377358,1.9173913043477058,2.3846153846153846,-0.8604460181356763,0.21263110848524044,1.051028179741016,1.0535455861070913,7.710144927536638,4.653846153846154
CFD_ATAS_0864_20260401_1044,atas-mt5-lead-lab-causal-v1,2026-04-01,2026-04-01T10:44:00-04:00,2026-04-01T10:45:00-04:00,2026-04-01T10:45:00-04:00,2026-04-01T14:45:00+00:00,2026-04-01T14:45:00+00:00,SHORT,SUPERIOR,0.0,10.0,44.0,74.0,2.0,4.0,5.0868,2.2936,9.09285714285709,29.910714285714285,3.289473684210545,-0.39591516103676294,0.40691280439913974,0.31893165750212576,-0.041791044776119404,-0.29253731343283584,0.25074626865671645,-0.35412411626064355,0.6994501178319756,0.06818538884540931,2.0,3.0,-0.11389033491504309,1.275726630008103,0.5432835820895523,-0.43990573448546993,-0.08358208955223881,0.11836734693883491,0.13043478260869565,2.2215239591517033,1.8388059701492538,0.3800997004759787,-0.005476791176079032,0.9872043427685315,1.129848229342327,13.604084838963239,6.728358208955224
CFD_ATAS_0865_20260401_1125,atas-mt5-lead-lab-causal-v1,2026-04-01,2026-04-01T11:25:00-04:00,2026-04-01T11:26:00-04:00,2026-04-01T11:26:00-04:00,2026-04-01T15:26:00+00:00,2026-04-01T15:26:00+00:00,LONG,INFERIOR,1.0,11.0,25.0,115.0,2.0,4.0,6.5195,1.5569,8.057142857142546,12.321428571428571,1.5292553191489953,-0.198581560283515,-0.0992907801417575,-2.2960992907802305,0.0,-0.9130434782608696,-0.7101449275362319,-0.198581560283515,0.8137526981191121,-1.5859543632439985,1.0,2.0,-0.4361315565876767,0.6826241134752037,0.7101449275362319,-0.26063829787216986,0.0,0.8767772511848946,0.2413793103448276,2.9166666666667793,1.927536231884058,1.2490539070792817,0.052078698943683305,0.8881889763779439,0.5774058577405857,17.574468085107334,19.782608695652176
CFD_ATAS_0866_20260401_1242,atas-mt5-lead-lab-causal-v1,2026-04-01,2026-04-01T12:42:00-04:00,2026-04-01T12:43:00-04:00,2026-04-01T12:43:00-04:00,2026-04-01T16:43:00+00:00,2026-04-01T16:43:00+00:00,SHORT,SUPERIOR,0.0,12.0,42.0,192.0,2.0,4.0,6.2709,1.8248,29.985714285714494,9.553571428571429,0.31860409718913546,1.7708432586945557,2.787994282991833,2.4211529299665853,-0.3925233644859813,-0.9158878504672897,-0.2616822429906542,2.163366623180537,3.7038821334591225,2.6828351729572395,3.0,3.0,-0.17384837618871227,2.5045259647451723,0.7850467289719626,1.8041924726059417,-0.3925233644859813,0.7674418604651126,0.16666666666666666,3.1848499285373766,1.0467289719626167,0.7032645205227229,0.10107023200658846,1.675179569034339,0.895397489539749,6.689852310624133,29.962616822429904
CFD_ATAS_0867_20260402_1021,atas-mt5-lead-lab-causal-v1,2026-04-02,2026-04-02T10:21:00-04:00,2026-04-02T10:22:00-04:00,2026-04-02T10:22:00-04:00,2026-04-02T14:22:00+00:00,2026-04-02T14:22:00+00:00,LONG,INFERIOR,1.0,10.0,21.0,51.0,3.0,4.0,7.8215,1.5061,10.528571428571793,25.892857142857142,2.459294436906292,-0.09497964721844991,0.9782903663499649,1.0067842605157764,1.1586206896551725,0.38620689655172413,1.7862068965517242,-1.2536003368736224,0.5920834697982408,-0.7794226360359477,2.0,2.0,0.5867747125169464,0.7313432835817878,1.4482758620689655,-0.10447761194015669,1.206896551724138,0.5463917525774936,0.5362318840579711,2.118046132971364,2.220689655172414,1.5128254574464854,-0.21633072628306127,1.0846210448860585,0.8978328173374612,8.68113975576646,12.6
CFD_ATAS_0868_20260402_1046,atas-mt5-lead-lab-causal-v1,2026-04-02,2026-04-02T10:46:00-04:00,2026-04-02T10:47:00-04:00,2026-04-02T10:47:00-04:00,2026-04-02T14:47:00+00:00,2026-04-02T14:47:00+00:00,LONG,INFERIOR,1.0,10.0,46.0,76.0,3.0,4.0,5.3103,1.7379,8.36428571428561,62.410714285714285,7.461571306575668,-0.2749786507262267,-0.5977796754910407,-0.191289496157394,-0.5407725321888412,-0.22031473533619456,0.5407725321888412,0.26579388146261457,-0.37746494015484616,-0.7320620283462352,2.0,2.0,-0.04417356608509791,0.7532023911190592,0.580829756795422,-0.2510674637064981,-0.5207439198855508,0.08695652173925938,0.3176470588235294,1.9368061485906238,1.2818311874105865,0.8518118648508007,-0.272126172623288,0.861980125138053,2.1741835147744943,14.442356959863456,9.433476394849786
CFD_ATAS_0869_20260402_1115,atas-mt5-lead-lab-causal-v1,2026-04-02,2026-04-02T11:15:00-04:00,2026-04-02T11:16:00-04:00,2026-04-02T11:16:00-04:00,2026-04-02T15:16:00+00:00,2026-04-02T15:16:00+00:00,LONG,INFERIOR,1.0,11.0,15.0,105.0,3.0,4.0,5.2093,2.1814,10.764285714285766,27.946428571428573,2.5962176509621644,-0.20437956204386223,0.7431984074319805,1.3470471134704647,0.0,-0.8945686900958466,-0.134185303514377,-0.20437956204386223,1.6377670975278271,1.4812324169848416,2.0,2.0,-0.38231039058017996,0.5481088254812209,0.536741214057508,-0.250829462508361,0.0,0.6066945606694192,0.08108108108108109,2.489714664897067,1.6996805111821085,0.7139561820000531,0.03011366724523677,1.0936139332366002,0.833555259653795,14.390179163901857,21.067092651757186
CFD_ATAS_0870_20260402_1127,atas-mt5-lead-lab-causal-v1,2026-04-02,2026-04-02T11:27:00-04:00,2026-04-02T11:28:00-04:00,2026-04-02T11:28:00-04:00,2026-04-02T15:28:00+00:00,2026-04-02T15:28:00+00:00,SHORT,SUPERIOR,0.0,11.0,27.0,117.0,3.0,4.0,6.8567,2.3743,9.942857142857195,28.482142857142858,2.8645833333333184,-0.20114942528735527,1.1666666666665142,-0.04022988505761741,-0.6144200626959248,-1.09717868338558,-2.282131661442006,0.4132706374085695,2.263845350052094,2.2419017763843887,2.0,4.0,-1.0431665706057043,0.9051724137930988,1.0532915360501567,-0.18103448275854658,-0.658307210031348,0.014492753623241894,0.65,2.3333333333333943,2.282131661442006,0.012493122494438794,-0.12482630901160949,1.015687705217098,0.8495339547270306,15.579022988505812,20.670846394984327
CFD_ATAS_0871_20260402_1133,atas-mt5-lead-lab-causal-v1,2026-04-02,2026-04-02T11:33:00-04:00,2026-04-02T11:34:00-04:00,2026-04-02T11:36:00-04:00,2026-04-02T15:34:00+00:00,2026-04-02T15:36:00+00:00,SHORT,SUPERIOR,0.0,11.0,33.0,123.0,3.0,4.0,5.7512,1.5668,11.142857142856883,27.232142857142858,2.4439102564103132,-0.4935897435897551,-1.1128205128203428,-0.5743589743587919,0.7344262295081967,1.0557377049180328,1.9278688524590164,-1.2280159730979519,-2.1685582177383758,-2.5022278268178084,0.0,0.0,1.463010460552435,1.399999999999902,0.9639344262295082,-0.5115384615385388,0.6885245901639344,0.2782608695651665,1.0,2.5217948717948,2.1573770491803277,-1.3537753668195036,0.09428761690913269,1.1251352326000488,0.8122503328894807,13.901282051282505,21.619672131147542
CFD_ATAS_0872_20260402_1234,atas-mt5-lead-lab-causal-v1,2026-04-02,2026-04-02T12:34:00-04:00,2026-04-02T12:35:00-04:00,2026-04-02T12:35:00-04:00,2026-04-02T16:35:00+00:00,2026-04-02T16:35:00+00:00,SHORT,SUPERIOR,0.0,12.0,34.0,184.0,3.0,4.0,6.5954,3.2612,20.528571428571272,19.196428571428573,0.9351078636047393,-0.18997912317335,1.2226861517048793,-1.2908837856645887,0.45581395348837206,-1.3674418604651162,-1.7581395348837208,-0.645793076661722,2.5901280121699957,0.46725574921913204,2.0,3.0,-1.197506995635394,0.886569241475338,0.6511627906976744,-0.2192066805845528,0.39069767441860465,0.26579739217653736,0.4576271186440678,2.6109951287405577,3.3860465116279066,-0.6015472542310495,-0.22406446692066226,1.7801176834933,0.8514851485148516,7.545581071677233,30.66976744186046
CFD_ATAS_0873_20260402_1303,atas-mt5-lead-lab-causal-v1,2026-04-02,2026-04-02T13:03:00-04:00,2026-04-02T13:04:00-04:00,2026-04-02T13:04:00-04:00,2026-04-02T17:04:00+00:00,2026-04-02T17:04:00+00:00,SHORT,SUPERIOR,0.0,13.0,3.0,213.0,3.0,4.0,9.1316,1.8384,26.75000000000026,14.375,0.5373831775700882,-0.3177570093457913,0.5420560747663499,0.17196261682237385,-1.7391304347826086,-1.9130434782608696,0.08695652173913043,1.4213734254368173,2.4550995530272193,0.08500609508324342,2.0,2.0,-0.24479510071054708,0.8299065420560939,2.0869565217391304,-0.328971962616792,-1.6521739130434783,0.11111111111107205,0.022222222222222223,2.059813084112075,2.782608695652174,-0.9860128260182282,0.11763217708660097,1.3893526247449812,0.6652892561983471,9.4878504672896,40.95652173913044
CFD_ATAS_0874_20260406_1210,atas-mt5-lead-lab-causal-v1,2026-04-06,2026-04-06T12:10:00-04:00,2026-04-06T12:11:00-04:00,2026-04-06T12:11:00-04:00,2026-04-06T16:11:00+00:00,2026-04-06T16:11:00+00:00,LONG,INFERIOR,1.0,12.0,10.0,160.0,0.0,4.0,8.2087,3.7747,8.34285714285787,11.696428571428571,1.4019691780820696,-0.45547945205510365,1.6780821917806756,1.8219178082186704,0.21374045801526717,-0.9618320610687023,-1.8167938931297711,-0.6692199100703708,2.639914252849378,3.6387117013484414,2.0,3.0,-0.05707995393406778,0.8989726027396476,0.7480916030534351,-0.3476027397261715,0.21374045801526717,0.474999999999801,0.8095238095238095,3.4999999999997824,2.5648854961832064,-2.0179365672224394,-0.02538244111358456,1.0834879406308628,0.7359550561797753,10.571917808218345,17.633587786259543
CFD_ATAS_0875_20260407_1040,atas-mt5-lead-lab-causal-v1,2026-04-07,2026-04-07T10:40:00-04:00,2026-04-07T10:41:00-04:00,2026-04-07T10:42:00-04:00,2026-04-07T14:41:00+00:00,2026-04-07T14:42:00+00:00,LONG,INFERIOR,1.0,10.0,40.0,70.0,1.0,4.0,5.1738,2.6885,15.38571428571387,26.607142857142858,1.7293407613742342,0.25998142989787143,0.1494893221912288,1.3389043639739435,-0.2348993288590604,-0.9865771812080537,-0.7986577181208053,0.4948807587569318,1.1360665033992825,2.1375620820947487,3.0,3.0,0.27229101628324115,0.7539461467037326,0.610738255033557,0.2469823584029306,-0.2348993288590604,0.5202020202020026,0.68,3.0547818012999897,1.6442953020134228,-0.3444963448222724,-0.12401657231364153,1.0618683756470086,1.0401396160558465,11.211699164345706,11.791946308724832
CFD_ATAS_0876_20260407_1311,atas-mt5-lead-lab-causal-v1,2026-04-07,2026-04-07T13:11:00-04:00,2026-04-07T13:12:00-04:00,2026-04-07T13:12:00-04:00,2026-04-07T17:12:00+00:00,2026-04-07T17:12:00+00:00,LONG,INFERIOR,1.0,13.0,11.0,221.0,1.0,4.0,7.9127,1.6094,25.571428571428832,15.982142857142858,0.6249999999999937,-0.12513966480449645,1.1770949720669701,0.5513966480446302,-0.547486033519553,-0.547486033519553,-0.9385474860335196,0.4223463687150566,1.7245810055865232,1.4899441340781499,2.0,3.0,-0.2867504991924939,1.0871508379887873,0.7039106145251396,-0.08994413407818291,-0.4692737430167598,0.26857142857140087,0.6,1.9240223463687238,1.2513966480446927,1.0224237422733597,0.0786281225411571,1.0830434124943529,1.0,13.929608938547373,22.916201117318437
CFD_ATAS_0877_20260407_1458,atas-mt5-lead-lab-causal-v1,2026-04-07,2026-04-07T14:58:00-04:00,2026-04-07T14:59:00-04:00,2026-04-07T15:02:00-04:00,2026-04-07T18:59:00+00:00,2026-04-07T19:02:00+00:00,SHORT,SUPERIOR,0.0,14.0,58.0,328.0,1.0,4.0,5.2411,2.5288,16.38571428571439,15.803571428571429,0.9644725370531761,-0.20139494333038152,0.3356582388840432,-1.3731473408892676,-0.0790960451977401,-1.344632768361582,1.344632768361582,-0.12229889813264141,1.6802910072456252,-2.7177801092508496,3.0,3.0,0.3296297528971076,0.7750653879686533,1.1073446327683616,-0.17698343504803887,-0.0,0.49889135254990524,0.3333333333333333,3.3443766346991497,2.847457627118644,-1.6637384297617845,-0.3379076669385565,0.8361581920904052,1.340909090909091,24.966870095902106,23.17514124293785
CFD_ATAS_0878_20260407_1523,atas-mt5-lead-lab-causal-v1,2026-04-07,2026-04-07T15:23:00-04:00,2026-04-07T15:24:00-04:00,2026-04-07T15:24:00-04:00,2026-04-07T19:24:00+00:00,2026-04-07T19:24:00+00:00,LONG,INFERIOR,1.0,15.0,23.0,353.0,1.0,4.0,5.3792,1.5795,17.785714285714025,30.892857142857142,1.736947791164684,0.6915662650602101,1.2763052208835937,1.1413654618473654,-1.092485549132948,-1.6184971098265897,-0.08092485549132948,1.784051814193158,2.894802330710183,1.222290317338695,2.0,2.0,-1.2715651377456665,3.373493975903664,1.2138728323699421,0.6746987951807327,-1.1329479768786128,0.8087649402389445,0.02040816326530612,4.188755020080382,3.115606936416185,0.7043830104714628,-0.09183837031129936,1.005654281098552,2.2467532467532467,23.001606425703066,11.855491329479769
CFD_ATAS_0879_20260408_1009,atas-mt5-lead-lab-causal-v1,2026-04-08,2026-04-08T10:09:00-04:00,2026-04-08T10:10:00-04:00,2026-04-08T10:10:00-04:00,2026-04-08T14:10:00+00:00,2026-04-08T14:10:00+00:00,LONG,INFERIOR,1.0,10.0,9.0,39.0,2.0,4.0,6.0141,1.9014,7.435714285713922,22.678571428571427,3.0499519692604755,0.9010566762729566,1.8962536023053727,0.5379442843420051,0.7165354330708662,-0.2755905511811024,-0.44094488188976383,0.1845212432020904,2.171844153486475,0.9788891662317689,2.0,3.0,-0.045668611464165815,1.4793467819405144,1.15748031496063,0.8741594620557585,0.7165354330708662,0.15625000000000888,0.18181818181818182,3.0931796349665297,2.3700787401574805,-0.42486456544693285,-0.2783916691394278,1.12055974165758,0.8089171974522292,6.831892411143368,9.149606299212598
CFD_ATAS_0880_20260408_1124,atas-mt5-lead-lab-causal-v1,2026-04-08,2026-04-08T11:24:00-04:00,2026-04-08T11:25:00-04:00,2026-04-08T11:25:00-04:00,2026-04-08T15:25:00+00:00,2026-04-08T15:25:00+00:00,LONG,INFERIOR,1.0,11.0,24.0,114.0,2.0,4.0,7.0139,2.5764,16.89285714285766,18.392857142857142,1.088794926004195,-0.3078224101480252,0.8287526427061056,-1.9949260042283117,0.20388349514563106,0.13592233009708737,-0.33980582524271846,-0.5117059052936562,0.6928303126090183,-1.6551201789855932,1.0,3.0,0.337374765331658,1.2312896405918854,0.6116504854368933,-0.4321353065538549,0.20388349514563106,0.45479082321187225,0.45454545454545453,3.220295983086668,1.4271844660194175,1.9230006395248913,-0.01877102533852008,1.7882797731570284,0.9321266968325791,5.978858350951191,17.533980582524272
CFD_ATAS_0881_20260408_1359,atas-mt5-lead-lab-causal-v1,2026-04-08,2026-04-08T13:59:00-04:00,2026-04-08T14:00:00-04:00,2026-04-08T14:00:00-04:00,2026-04-08T18:00:00+00:00,2026-04-08T18:00:00+00:00,LONG,INFERIOR,1.0,13.0,59.0,269.0,2.0,4.0,6.3722,2.7338,21.100000000000623,6.607142857142857,0.31313473256600294,0.2843601895734513,2.530805687203786,-0.6161137440758112,0.0,0.7567567567567568,0.945945945945946,0.2843601895734513,1.774048930447029,-1.5620596900217572,0.0,0.0,1.8300072064505248,0.6255924170616274,0.5675675675675677,0.22748815165872657,0.1891891891891892,0.10851419031719269,1.0,3.4549763033175025,1.5135135135135136,0.8170912736155476,0.04604884513444346,1.0765306122449099,0.6820276497695852,15.450236966824189,48.810810810810814
CFD_ATAS_0882_20260408_1500,atas-mt5-lead-lab-causal-v1,2026-04-08,2026-04-08T15:00:00-04:00,2026-04-08T15:01:00-04:00,2026-04-08T15:02:00-04:00,2026-04-08T19:01:00+00:00,2026-04-08T19:02:00+00:00,SHORT,SUPERIOR,0.0,15.0,0.0,330.0,2.0,4.0,6.7573,1.7671,8.07142857142883,13.214285714285714,1.6371681415928676,-1.536283185840839,-0.5699115044245802,-1.003539823008637,0.5675675675675677,1.891891891891892,2.9324324324324325,-2.1038507534084068,-2.4618033963164723,-3.9359722554410697,0.0,0.0,2.0663431047363603,1.9327433628320667,1.3243243243243243,-1.5982300884957041,0.5675675675675677,0.3333333333331337,1.0,2.254867256637186,3.121621621621622,-2.192871498976308,0.1911123218948337,0.540928674006706,1.0459363957597172,40.389380530972154,24.405405405405407
CFD_ATAS_0883_20260408_1522,atas-mt5-lead-lab-causal-v1,2026-04-08,2026-04-08T15:22:00-04:00,2026-04-08T15:23:00-04:00,2026-04-08T15:23:00-04:00,2026-04-08T19:23:00+00:00,2026-04-08T19:23:00+00:00,LONG,INFERIOR,1.0,15.0,22.0,352.0,2.0,4.0,5.106,2.47,11.842857142856571,11.339285714285714,0.9574788902292379,-0.04221954161640735,0.18576598311225376,1.0217129071169349,-0.6614173228346457,-1.4330708661417324,-2.0944881889763782,0.6191977812182383,1.6188368492539862,3.116201096093313,3.0,5.0,-0.15045648537040873,0.7092882991554591,1.1023622047244095,-0.05066344993956594,-0.7716535433070867,0.40740740740739834,1.0,2.2629674306393723,2.425196850393701,-0.4323727182785759,0.2691647546728262,1.0658952105432122,0.8494983277591973,27.52714113389759,28.440944881889767
CFD_ATAS_0884_20260409_1044,atas-mt5-lead-lab-causal-v1,2026-04-09,2026-04-09T10:44:00-04:00,2026-04-09T10:45:00-04:00,2026-04-09T10:45:00-04:00,2026-04-09T14:45:00+00:00,2026-04-09T14:45:00+00:00,SHORT,SUPERIOR,0.0,10.0,44.0,74.0,3.0,4.0,6.8159,2.5411,8.857142857143117,14.107142857142858,1.5927419354838244,-0.6887096774191703,-0.5193548387094978,-1.129032258064483,0.26582278481012656,-0.5316455696202531,-0.17721518987341772,-0.9545324622292969,0.012290730910755276,-0.9518170681910652,2.0,2.0,0.43749128593963754,1.2419354838709313,0.7088607594936709,-0.7112903225805421,0.17721518987341772,0.3546099290780508,0.125,2.416129032258158,1.5949367088607593,-1.3170608936850947,0.4118448951531619,1.3633864760857362,0.7651331719128329,6.480645161290297,10.721518987341772
CFD_ATAS_0885_20260409_1358,atas-mt5-lead-lab-causal-v1,2026-04-09,2026-04-09T13:58:00-04:00,2026-04-09T13:59:00-04:00,2026-04-09T14:00:00-04:00,2026-04-09T17:59:00+00:00,2026-04-09T18:00:00+00:00,SHORT,SUPERIOR,0.0,13.0,58.0,268.0,3.0,4.0,6.9654,2.0858,13.292857142857299,8.035714285714286,0.6045137023105787,-0.7146695325093951,0.556689951638733,-0.2256851155292827,-0.31111111111111106,-0.15555555555555553,0.4666666666666666,-0.4035584213982841,0.7122455071942886,-0.6923517821959493,1.0,2.0,0.47537677218852975,0.7823750671682894,0.6222222222222221,-0.677055346587848,-0.31111111111111106,0.07853403141361855,0.3333333333333333,2.0386888769477443,1.5555555555555554,-1.3208765119596135,0.09751831524322699,0.9199209095402842,0.7563025210084034,11.066093498119326,37.95555555555555
CFD_ATAS_0886_20260409_1436,atas-mt5-lead-lab-causal-v1,2026-04-09,2026-04-09T14:36:00-04:00,2026-04-09T14:37:00-04:00,2026-04-09T14:38:00-04:00,2026-04-09T18:37:00+00:00,2026-04-09T18:38:00+00:00,SHORT,SUPERIOR,0.0,14.0,36.0,306.0,3.0,4.0,5.5627,2.0973,19.671428571428415,12.767857142857142,0.649055918663767,-0.5337690631808322,0.07116920842418492,-3.3957879448075428,0.5874125874125874,-0.1958041958041958,0.1958041958041958,-1.1211816505934196,0.26697340422838073,-3.5915921406117386,1.0,1.0,1.1616519213871057,1.1488743645605743,0.6853146853146853,-0.4829339143064672,0.48951048951048953,0.7213822894168218,0.1111111111111111,4.442992011619572,1.7622377622377623,-2.0811146070475353,-0.004337670510128146,1.44264012572025,1.0592592592592591,9.76543209876562,23.88811188811189
CFD_ATAS_0887_20260409_1451,atas-mt5-lead-lab-causal-v1,2026-04-09,2026-04-09T14:51:00-04:00,2026-04-09T14:52:00-04:00,2026-04-09T14:55:00-04:00,2026-04-09T18:52:00+00:00,2026-04-09T18:55:00+00:00,SHORT,SUPERIOR,0.0,14.0,51.0,321.0,3.0,4.0,6.6639,1.537,18.29285714285678,11.696428571428571,0.6393986723936089,-0.24599765716517474,0.8254588051541735,-1.087856306130519,0.6412213740458016,0.9618320610687023,0.9618320610687023,-0.8872190312109763,-0.13637325591452887,-2.0496883671992214,1.0,2.0,1.2890177005619337,0.5411948457632652,1.0687022900763359,-0.29519718859828925,0.6412213740458016,0.3289256198347348,0.391304347826087,2.1757126122608392,1.9236641221374047,-1.54541746167246,-0.10989488896394156,1.3335068992449544,0.9703703703703703,11.780554470910035,26.076335877862597
CFD_ATAS_0888_20260409_1506,atas-mt5-lead-lab-causal-v1,2026-04-09,2026-04-09T15:06:00-04:00,2026-04-09T15:07:00-04:00,2026-04-09T15:09:00-04:00,2026-04-09T19:07:00+00:00,2026-04-09T19:09:00+00:00,SHORT,SUPERIOR,0.0,15.0,6.0,336.0,3.0,4.0,10.5807,2.6091,15.121428571428364,10.357142857142858,0.6849315068493245,0.21162021728866698,2.169107227208295,-0.2512990080301868,0.603448275862069,0.7241379310344828,0.12068965517241378,-0.39182805857340197,1.4449692961738125,-0.3719886632026006,1.0,2.0,1.5196639280676427,0.6679263108171071,1.086206896551724,0.1851676901274934,0.7241379310344828,0.054755043227656945,0.058823529411764705,3.0486537553140693,1.8103448275862069,-1.0024541881190412,0.303451962085009,1.0202409638554077,0.8592592592592593,20.017949929145338,29.448275862068964
CFD_ATAS_0889_20260410_1443,atas-mt5-lead-lab-causal-v1,2026-04-10,2026-04-10T14:43:00-04:00,2026-04-10T14:44:00-04:00,2026-04-10T14:44:00-04:00,2026-04-10T18:44:00+00:00,2026-04-10T18:44:00+00:00,LONG,INFERIOR,1.0,14.0,43.0,313.0,4.0,4.0,8.2632,1.5936,13.13571428571387,7.678571428571429,0.5845568243610842,0.44915715062546485,0.6090266449157343,-1.2789559543229867,0.3255813953488372,-1.1395348837209303,-1.7906976744186045,0.12357575527662767,1.7485615286366647,0.5117417200956178,2.0,4.0,-0.5766251936425634,0.7156063077760986,1.1395348837209303,0.4719956498097495,0.3255813953488372,0.3193916349809615,0.7333333333333333,2.2838499184340035,3.093023255813953,1.0872887861001648,0.09323492079148583,1.059636992221255,0.9772727272727274,10.444806960304899,22.302325581395348
CFD_ATAS_0890_20260413_1129,atas-mt5-lead-lab-causal-v1,2026-04-13,2026-04-13T11:29:00-04:00,2026-04-13T11:30:00-04:00,2026-04-13T11:33:00-04:00,2026-04-13T15:30:00+00:00,2026-04-13T15:33:00+00:00,SHORT,SUPERIOR,0.0,11.0,29.0,119.0,0.0,4.0,7.39,1.9304,5.221428571429247,10.892857142857142,2.0861833105332455,-0.9192886456905761,0.03830369357058583,-1.5321477428178591,0.9180327868852459,0.22950819672131148,0.6885245901639344,-1.837321432575822,-0.19120450315072565,-2.2206723329817937,2.0,3.0,0.5460812461848245,1.3406292749656268,1.0327868852459017,-0.9575923392611619,0.8032786885245902,0.4444444444444444,0.2727272727272727,2.1833105335157277,1.7213114754098362,-2.1060336684783905,-0.16557416751878049,0.6387068588904339,0.8356164383561644,22.790697674415654,18.475409836065573
CFD_ATAS_0891_20260413_1233,atas-mt5-lead-lab-causal-v1,2026-04-13,2026-04-13T12:33:00-04:00,2026-04-13T12:34:00-04:00,2026-04-13T12:35:00-04:00,2026-04-13T16:34:00+00:00,2026-04-13T16:35:00+00:00,SHORT,SUPERIOR,0.0,12.0,33.0,183.0,0.0,4.0,8.5778,3.7111,11.714285714285975,17.5,1.493902439024357,-1.639024390243928,0.571951219511934,-0.8109756097560795,-0.42857142857142855,0.5714285714285714,-0.5,-1.2104529616724995,0.0005226480833625535,-0.3109756097560795,1.0,3.0,0.999805071226105,2.1768292682926345,2.2142857142857144,-1.6048780487807006,-0.42857142857142855,0.1549755301794564,0.2,3.37195121951212,2.2857142857142856,0.5082103358302494,0.6056298590525716,1.628599801390322,1.3470790378006872,13.82073170731689,14.285714285714286
CFD_ATAS_0892_20260413_1237,atas-mt5-lead-lab-causal-v1,2026-04-13,2026-04-13T12:37:00-04:00,2026-04-13T12:38:00-04:00,2026-04-13T12:38:00-04:00,2026-04-13T16:38:00+00:00,2026-04-13T16:38:00+00:00,SHORT,SUPERIOR,0.0,12.0,37.0,187.0,0.0,4.0,5.077,4.0793,16.500000000000778,17.946428571428573,1.0876623376622865,-0.7151515151514374,1.648484848484815,0.5757575757575486,0.13930348258706465,-0.417910447761194,-0.835820895522388,-0.8544549977385021,2.066395296246009,1.4115784712799366,1.0,2.0,0.11831641960996249,1.5636363636364663,0.34825870646766166,-0.6848484848484084,0.06965174129353233,0.13286713286713286,0.3,3.3515151515151698,2.9253731343283578,2.025682097521656,0.4166889416063675,2.2803553800591905,1.3581081081081083,9.812121212120838,14.696517412935322
CFD_ATAS_0893_20260413_1401,atas-mt5-lead-lab-causal-v1,2026-04-13,2026-04-13T14:01:00-04:00,2026-04-13T14:02:00-04:00,2026-04-13T14:02:00-04:00,2026-04-13T18:02:00+00:00,2026-04-13T18:02:00+00:00,SHORT,SUPERIOR,0.0,14.0,1.0,271.0,0.0,4.0,6.8991,3.9498,13.871428571428623,7.767857142857143,0.5599897013388239,-0.7497425334704887,2.0545829042224435,0.2090628218332658,0.3218390804597701,-0.6436781609195402,-0.16091954022988506,-1.0715816139302587,2.698261065141984,0.3699823620631508,1.0,1.0,-0.5917472025400279,1.0669412976312516,0.8045977011494252,-0.692070030895876,0.3218390804597701,0.03871829105476209,0.07692307692307693,3.2440782698249104,1.6091954022988504,-0.5471384228119847,-0.46548190469448697,0.9182033096926591,0.9666666666666667,20.43048403707521,36.04597701149425
CFD_ATAS_0894_20260413_1500,atas-mt5-lead-lab-causal-v1,2026-04-13,2026-04-13T15:00:00-04:00,2026-04-13T15:01:00-04:00,2026-04-13T15:05:00-04:00,2026-04-13T19:01:00+00:00,2026-04-13T19:05:00+00:00,LONG,INFERIOR,1.0,15.0,0.0,330.0,0.0,4.0,6.7291,1.6371,8.435714285714182,6.696428571428571,0.7938187976291375,-0.7705334462320163,-0.21337849280262594,-0.5571549534293903,0.7466666666666667,0.37333333333333335,-0.37333333333333335,-1.517200112898683,-0.5867118261359593,-0.1838216200960569,1.0,3.0,1.4465872207724024,1.4817950889077236,1.12,-0.7349703640983172,0.7466666666666667,0.27167630057808817,0.2,2.0626587637592926,1.6800000000000002,1.350654268003382,-0.26055337981017657,0.7059175134488963,1.1029411764705883,33.59525825571608,44.053333333333335
CFD_ATAS_0895_20260414_1230,atas-mt5-lead-lab-causal-v1,2026-04-14,2026-04-14T12:30:00-04:00,2026-04-14T12:31:00-04:00,2026-04-14T12:31:00-04:00,2026-04-14T16:31:00+00:00,2026-04-14T16:31:00+00:00,LONG,INFERIOR,1.0,12.0,30.0,180.0,1.0,4.0,5.117,3.2593,11.085714285714078,7.232142857142857,0.6523840206185689,3.057989690721838,3.38273195876295,2.2912371134022362,0.5185185185185186,0.5185185185185186,1.5555555555555556,2.5394711722033194,2.8642134402444315,0.7356815578466807,0.0,0.0,0.5185185185185186,4.1765463917525905,1.0370370370370372,2.58891752577331,0.5185185185185186,0.32315521628501176,1.0,4.97036082474223,1.7283950617283952,0.29784374853322926,0.13484815424563876,1.7302118171682925,0.9310344827586206,8.353092783505181,38.370370370370374
CFD_ATAS_0896_20260414_1320,atas-mt5-lead-lab-causal-v1,2026-04-14,2026-04-14T13:20:00-04:00,2026-04-14T13:21:00-04:00,2026-04-14T13:21:00-04:00,2026-04-14T17:21:00+00:00,2026-04-14T17:21:00+00:00,SHORT,SUPERIOR,0.0,13.0,20.0,230.0,1.0,4.0,6.1474,1.6637,11.807142857143065,7.232142857142857,0.6125226860253975,-1.1433756805807422,-0.13551119177240917,-0.18632788868729366,0.17283950617283952,-1.5555555555555556,-3.111111111111111,-1.3162151867535818,1.4200443637831464,2.9247832224238177,2.0,4.0,-0.5195022325858584,1.2450090744102031,1.3827160493827162,-1.1010284331518259,0.17283950617283952,0.059782608695673124,0.9,1.702359346642315,4.148148148148149,-0.21770216743677875,-0.21850608771314245,0.8920669185105601,1.0125,14.050816696914268,41.65432098765432
CFD_ATAS_0897_20260414_1409,atas-mt5-lead-lab-causal-v1,2026-04-14,2026-04-14T14:09:00-04:00,2026-04-14T14:10:00-04:00,2026-04-14T14:11:00-04:00,2026-04-14T18:10:00+00:00,2026-04-14T18:11:00+00:00,LONG,INFERIOR,1.0,14.0,9.0,279.0,1.0,4.0,6.4186,2.3488,9.228571428571481,5.714285714285714,0.619195046439625,-0.5417956656346719,0.23839009287933446,-1.0835913312693437,0.4375,0.4375,-0.4375,-0.9792956656346719,-0.19910990712066554,-0.6460913312693437,1.0,2.0,1.8562730142799408,0.7801857585140063,1.09375,-0.5634674922601376,0.4375,0.409836065573746,0.16666666666666666,2.4055727554180217,1.96875,1.6073944365158557,-0.11896790239444133,0.9060308555399978,0.920863309352518,21.411764705882074,54.90625
CFD_ATAS_0898_20260414_1553,atas-mt5-lead-lab-causal-v1,2026-04-14,2026-04-14T15:53:00-04:00,2026-04-14T15:54:00-04:00,2026-04-14T15:54:00-04:00,2026-04-14T19:54:00+00:00,2026-04-14T19:54:00+00:00,SHORT,SUPERIOR,0.0,15.0,53.0,383.0,1.0,4.0,5.1051,2.6823,6.349999999999844,9.910714285714286,1.5607424071991385,1.3858267716534627,2.440944881889824,1.496062992126021,-0.0,0.7567567567567567,1.5135135135135134,1.3858267716534627,1.6841881251330673,-0.01745052138749248,0.0,0.0,1.1939463268358235,1.3700787401576284,1.135135135135135,1.3700787401576284,-0.0,0.3815261044176484,1.0,3.1181102362204345,3.5315315315315314,-0.7388936486239532,0.4392180573596506,0.9684095860566287,1.353658536585366,49.98425196850482,34.306306306306304
CFD_ATAS_0899_20260415_1104,atas-mt5-lead-lab-causal-v1,2026-04-15,2026-04-15T11:04:00-04:00,2026-04-15T11:05:00-04:00,2026-04-15T11:07:00-04:00,2026-04-15T15:05:00+00:00,2026-04-15T15:07:00+00:00,LONG,INFERIOR,1.0,11.0,4.0,94.0,2.0,4.0,6.874,3.0016,9.571428571428571,10.089285714285714,1.0541044776119401,-0.282089552238882,-0.9298507462688088,-1.26417910447784,-0.37168141592920356,-0.12389380530973453,0.7433628318584071,0.08959186369032157,-0.8059569409590743,-2.0075419363362474,2.0,3.0,1.3724156844246294,0.982089552238958,0.8672566371681416,-0.43880597014932976,-0.37168141592920356,0.4336917562725136,0.23076923076923078,2.737313432835897,2.4778761061946906,2.130564904523854,0.14866141260838772,1.4316239316238983,0.7434210526315789,10.865671641791046,19.575221238938056
CFD_ATAS_0900_20260415_1109,atas-mt5-lead-lab-causal-v1,2026-04-15,2026-04-15T11:09:00-04:00,2026-04-15T11:10:00-04:00,2026-04-15T11:10:00-04:00,2026-04-15T15:10:00+00:00,2026-04-15T15:10:00+00:00,LONG,INFERIOR,1.0,11.0,9.0,99.0,2.0,4.0,6.808,1.9973,10.735714285714494,11.071428571428571,1.0312707917498136,-0.42847638057238396,0.7265469061875429,-0.2328675981370547,0.6774193548387097,-0.7903225806451613,-1.6935483870967742,-1.1058957354110936,1.5168694868327042,1.4606807889597195,1.0,3.0,-0.18613462973974698,0.7265469061875429,0.9032258064516129,-0.45642049234876275,0.5645161290322581,0.08771929824561403,0.4838709677419355,1.9374584165002273,3.161290322580645,-0.12035308571327549,-0.17351564512390968,1.5243407707910428,0.8464163822525598,9.687292082501475,17.838709677419356
CFD_ATAS_0901_20260415_1138,atas-mt5-lead-lab-causal-v1,2026-04-15,2026-04-15T11:38:00-04:00,2026-04-15T11:39:00-04:00,2026-04-15T11:39:00-04:00,2026-04-15T15:39:00+00:00,2026-04-15T15:39:00+00:00,SHORT,SUPERIOR,0.0,11.0,38.0,128.0,2.0,4.0,5.0115,1.5358,5.778571428571013,10.089285714285714,1.7459826946849215,-0.5883807169347812,-0.5537700865267418,-0.8825710754021717,0.24778761061946905,-0.37168141592920356,-0.9911504424778762,-0.8361683275542503,-0.1820886705975382,0.10857936707570448,1.0,3.0,0.05027187429358194,0.969097651421326,0.7433628318584071,-0.5537700865267418,0.24778761061946905,0.69863013698667,0.4,1.7997527812111238,1.7345132743362832,-1.3233097364012394,-0.10978626415575277,0.6752921535892505,0.9262295081967212,17.997527812115017,21.805309734513276
CFD_ATAS_0902_20260415_1144,atas-mt5-lead-lab-causal-v1,2026-04-15,2026-04-15T11:44:00-04:00,2026-04-15T11:45:00-04:00,2026-04-15T11:45:00-04:00,2026-04-15T15:45:00+00:00,2026-04-15T15:45:00+00:00,SHORT,SUPERIOR,0.0,11.0,44.0,134.0,2.0,4.0,6.0,2.1148,6.649999999999376,10.267857142857142,1.5440386680989633,-0.6165413533832976,0.060150375940074094,-0.8270676691730099,0.48695652173913045,-0.12173913043478261,-2.3130434782608695,-1.103497875122428,0.1818895063748567,1.4859758090878596,1.0,3.0,0.19427613772978278,0.9774436090226482,0.7304347826086957,-0.5413533834584786,0.48695652173913045,0.2401746724890677,0.6551724137931034,1.9548872180452963,3.0434782608695654,-0.14262916156018948,-0.16862047427633048,0.777128547579207,0.9663865546218486,15.63909774436237,22.156521739130437
CFD_ATAS_0903_20260415_1336,atas-mt5-lead-lab-causal-v1,2026-04-15,2026-04-15T13:36:00-04:00,2026-04-15T13:37:00-04:00,2026-04-15T13:37:00-04:00,2026-04-15T17:37:00+00:00,2026-04-15T17:37:00+00:00,SHORT,SUPERIOR,0.0,13.0,36.0,246.0,2.0,4.0,7.0083,1.8272,11.728571428571481,9.107142857142858,0.7764920828258187,-0.14494518879390467,-0.7247259439707641,-0.15347137637021743,-0.6862745098039216,-1.9215686274509802,-2.7450980392156863,0.541329321010017,1.1968426834802162,2.591626662845469,3.0,5.0,-0.3820353731660825,0.5968331303288645,1.0980392156862744,-0.17052375152253274,-0.6862745098039216,0.0559006211180012,1.0,1.8672350791718575,2.8823529411764706,0.2011589943286174,0.2760960293647996,0.8159006211180161,0.7500000000000001,18.4933008526188,29.64705882352941
CFD_ATAS_0904_20260415_1431,atas-mt5-lead-lab-causal-v1,2026-04-15,2026-04-15T14:31:00-04:00,2026-04-15T14:32:00-04:00,2026-04-15T14:32:00-04:00,2026-04-15T18:32:00+00:00,2026-04-15T18:32:00+00:00,SHORT,SUPERIOR,0.0,14.0,31.0,301.0,2.0,4.0,8.6197,3.5174,7.892857142857403,7.857142857142857,0.9954751131221391,-0.3167420814479534,2.3565610859730497,2.001809954750973,-0.7954545454545455,-1.4318181818181819,-1.75,0.4787124640065921,3.788379267791232,3.751809954750973,2.0,3.0,-0.9827046841673358,1.2289592760181514,1.2727272727272727,-0.3547511312216156,-0.9545454545454546,0.5766423357662896,0.7333333333333333,3.585520361991201,2.2272727272727275,2.825723906681535,0.08769118891050516,0.7456140350877494,0.8799999999999999,33.67601809954677,35.47727272727273
CFD_ATAS_0905_20260415_1526,atas-mt5-lead-lab-causal-v1,2026-04-15,2026-04-15T15:26:00-04:00,2026-04-15T15:27:00-04:00,2026-04-15T15:27:00-04:00,2026-04-15T19:27:00+00:00,2026-04-15T19:27:00+00:00,SHORT,SUPERIOR,0.0,15.0,26.0,356.0,2.0,4.0,7.2206,2.9952,7.692857142856675,7.678571428571429,0.9981429897865045,-0.25998142989788026,2.079851439183042,1.9238625812446921,-0.0,-0.9767441860465116,-2.2790697674418605,-0.25998142989788026,3.0565956252295536,4.202932348686552,1.0,3.0,-0.49051208866152335,0.7149489322191707,0.4883720930232558,-0.2209842154128199,-0.0,0.6788990825688502,1.0,3.2107706592389156,2.7674418604651163,0.5533719673485991,-0.17529985072918156,0.9012552301255093,0.9398907103825136,41.03806870938049,45.41860465116279
CFD_ATAS_0906_20260415_1536,atas-mt5-lead-lab-causal-v1,2026-04-15,2026-04-15T15:36:00-04:00,2026-04-15T15:37:00-04:00,2026-04-15T15:40:00-04:00,2026-04-15T19:37:00+00:00,2026-04-15T19:40:00+00:00,LONG,INFERIOR,1.0,15.0,36.0,366.0,2.0,4.0,6.3427,2.3484,10.457142857142701,7.5,0.7172131147541091,-0.5737704918032872,0.6215846994535612,-0.12431693989099056,0.0,2.0,2.5,-0.5737704918032872,-1.3784153005464388,-2.6243169398909907,0.0,0.0,3.146671993116615,0.7554644808741194,1.1666666666666667,-0.5259562841530133,0.0,0.041009463722493054,1.0,2.2377049180329593,3.5,1.602891961897121,-0.1668723503464144,1.145539906103292,0.9230769230769231,30.189890710383033,50.333333333333336
CFD_ATAS_0907_20260416_1014,atas-mt5-lead-lab-causal-v1,2026-04-16,2026-04-16T10:14:00-04:00,2026-04-16T10:15:00-04:00,2026-04-16T10:15:00-04:00,2026-04-16T14:15:00+00:00,2026-04-16T14:15:00+00:00,SHORT,SUPERIOR,0.0,10.0,14.0,44.0,3.0,4.0,7.5426,2.8579,6.235714285713974,18.303571428571427,2.935280641466355,-0.6414662084765498,1.5876288659796942,0.8499427262313118,0.4780487804878049,-0.20487804878048782,-0.6829268292682927,-1.1195149889643548,1.792506914760182,1.5328695554996046,1.0,2.0,-0.13908039635609518,1.090492554410018,0.7512195121951221,-0.5933562428409253,0.4780487804878049,0.23555555555548513,0.23809523809523808,2.5337915234828383,2.253658536585366,1.2970849981702188,-0.2600589809044024,0.8818181818181215,0.7334525939177101,10.904925544101348,9.697560975609758
CFD_ATAS_0908_20260416_1234,atas-mt5-lead-lab-causal-v1,2026-04-16,2026-04-16T12:34:00-04:00,2026-04-16T12:35:00-04:00,2026-04-16T12:35:00-04:00,2026-04-16T16:35:00+00:00,2026-04-16T16:35:00+00:00,LONG,INFERIOR,1.0,12.0,34.0,184.0,3.0,4.0,5.4748,2.2795,18.321428571428832,16.607142857142858,0.9064327485379988,0.9387914230019757,1.0807017543859099,-2.4615984405456945,1.6559139784946235,-2.032258064516129,-2.935483870967742,-0.7171225554926478,3.1129598189020387,0.47388543042204745,2.0,4.0,-1.6791423511457935,1.260818713450195,1.8064516129032258,0.8842105263158166,1.6559139784946235,0.3959613696224833,0.46987951807228917,4.535672514619938,5.569892473118279,-2.1424100472292187,0.41183758305957485,2.6746611053183416,1.3880597014925373,4.710331384015488,17.387096774193548
CFD_ATAS_0909_20260416_1414,atas-mt5-lead-lab-causal-v1,2026-04-16,2026-04-16T14:14:00-04:00,2026-04-16T14:15:00-04:00,2026-04-16T14:15:00-04:00,2026-04-16T18:15:00+00:00,2026-04-16T18:15:00+00:00,SHORT,SUPERIOR,0.0,14.0,14.0,284.0,3.0,4.0,8.1203,2.0771,12.300000000000832,16.785714285714285,1.3646922183506625,-0.569105691056872,0.723577235772427,-0.3577235772355707,-0.5957446808510639,-0.6702127659574468,-0.6702127659574468,0.02663898979419188,1.3937900017298739,0.31248918872187614,2.0,3.0,-0.19198716977011152,0.7479674796748053,0.8936170212765958,-0.5772357723575662,-0.5957446808510639,0.11827956989241213,0.21951219512195122,2.0650406504064827,1.7872340425531916,-1.1274296883099963,0.013114957021176179,0.8416422287390509,1.413533834586466,17.056910569104478,17.20212765957447
CFD_ATAS_0910_20260416_1431,atas-mt5-lead-lab-causal-v1,2026-04-16,2026-04-16T14:31:00-04:00,2026-04-16T14:32:00-04:00,2026-04-16T14:32:00-04:00,2026-04-16T18:32:00+00:00,2026-04-16T18:32:00+00:00,SHORT,SUPERIOR,0.0,14.0,31.0,301.0,3.0,4.0,5.0676,4.2742,13.564285714285559,13.928571428571429,1.026856240126394,0.47919957872565055,1.6145339652449915,2.0273828330700603,-1.2564102564102564,-2.3333333333333335,-1.794871794871795,1.7356098351359068,3.947867298578325,3.822254627941855,3.0,4.0,-1.722370138421292,0.7224855186940041,1.8846153846153846,0.5234333859927947,-1.2564102564102564,0.39912917271406995,0.5882352941176471,3.693522906792984,3.41025641025641,0.44075758718138025,-0.15198208445009243,1.0023752969120698,1.1103202846975089,16.75724065297539,20.73076923076923
CFD_ATAS_0911_20260416_1440,atas-mt5-lead-lab-causal-v1,2026-04-16,2026-04-16T14:40:00-04:00,2026-04-16T14:41:00-04:00,2026-04-16T14:41:00-04:00,2026-04-16T18:41:00+00:00,2026-04-16T18:41:00+00:00,SHORT,SUPERIOR,0.0,14.0,40.0,310.0,3.0,4.0,5.1425,2.0785,18.485714285713975,12.5,0.6761978361669356,0.21097372488416263,1.2279752704791944,-0.45981452859351624,-0.6,-1.1,-1.6,0.8109737248841626,2.3279752704791945,1.1401854714064839,3.0,5.0,-0.03370780976809328,1.049459041731163,0.9,0.2488408037093536,-0.6,0.15769944341372488,1.0,2.6182380216384535,2.1,1.2273616945737178,-0.20691636636689223,1.3718526371587128,0.9589041095890412,14.243431221020293,23.1
CFD_ATAS_0912_20260417_1004,atas-mt5-lead-lab-causal-v1,2026-04-17,2026-04-17T10:04:00-04:00,2026-04-17T10:05:00-04:00,2026-04-17T10:05:00-04:00,2026-04-17T14:05:00+00:00,2026-04-17T14:05:00+00:00,SHORT,SUPERIOR,0.0,10.0,4.0,34.0,4.0,4.0,7.7491,1.8856,4.078571428571324,21.696428571428573,5.319614711033411,0.563922942206491,1.593695271453631,-0.24518388791594323,-0.28806584362139914,-0.05761316872427983,-0.9218106995884773,0.8519887858278901,1.6513084401779108,0.676626811672534,2.0,3.0,0.031190816291230404,0.9807355516637729,0.691358024691358,0.514886164623124,-0.345679012345679,0.07142857142857142,0.6153846153846154,2.8441330998245844,1.4403292181069958,1.6230844890838108,-0.22928619718149898,1.0269784172660532,0.7200000000000001,7.3555166374782965,5.818930041152263
CFD_ATAS_0913_20260417_1029,atas-mt5-lead-lab-causal-v1,2026-04-17,2026-04-17T10:29:00-04:00,2026-04-17T10:30:00-04:00,2026-04-17T10:30:00-04:00,2026-04-17T14:30:00+00:00,2026-04-17T14:30:00+00:00,SHORT,SUPERIOR,0.0,10.0,29.0,59.0,4.0,4.0,5.9818,3.0036,4.621428571428884,17.321428571428573,3.748068006182127,-0.38948995363196465,0.346213292117127,-0.47604327666164,0.21649484536082472,-0.36082474226804123,-0.0,-0.6059847989927893,0.7070380343851682,-0.47604327666164,2.0,2.0,-0.2789481264807898,0.95208655332328,0.7216494845360825,-0.5409582689335029,0.14432989690721648,0.11340206185572037,0.0,2.553323029365976,1.5154639175257731,-0.9457420285166502,-0.4931082259488759,1.141093474426797,0.8699551569506727,9.00154559505396,8.443298969072163
CFD_ATAS_0914_20260417_1058,atas-mt5-lead-lab-causal-v1,2026-04-17,2026-04-17T10:58:00-04:00,2026-04-17T10:59:00-04:00,2026-04-17T10:59:00-04:00,2026-04-17T14:59:00+00:00,2026-04-17T14:59:00+00:00,SHORT,SUPERIOR,0.0,10.0,58.0,88.0,4.0,4.0,5.8869,1.6911,4.678571428571169,16.428571428571427,3.511450381679584,-0.21374045801527905,-0.19236641221406217,-1.1755725190840347,-0.07608695652173914,-2.358695652173913,0.07608695652173914,-0.13765350149353991,2.166329239959851,-1.251659475605774,3.0,3.0,-2.1980801167637845,0.5770992366414089,0.6847826086956522,-0.19236641221406217,-0.07608695652173914,0.6321839080461885,0.015873015873015872,1.6885496183210156,2.5108695652173916,0.011612290434920295,-0.31558371587852035,1.0186625194400216,0.9608355091383811,13.380152671756935,13.771739130434783
CFD_ATAS_0915_20260417_1122,atas-mt5-lead-lab-causal-v1,2026-04-17,2026-04-17T11:22:00-04:00,2026-04-17T11:23:00-04:00,2026-04-17T11:23:00-04:00,2026-04-17T15:23:00+00:00,2026-04-17T15:23:00+00:00,SHORT,SUPERIOR,0.0,11.0,22.0,112.0,4.0,4.0,6.3672,1.6412,5.314285714285818,14.821428571428571,2.7889784946236014,2.465053763441223,3.3306451612903945,2.9919354838711834,-0.42168674698795183,-0.5060240963855421,1.0963855421686748,2.8867405104291746,3.8366692576759367,1.8955499417025086,2.0,2.0,-0.2664179699694603,2.7284946236558607,0.674698795180723,2.483870967742024,-0.3373493975903615,0.7535545023697892,0.3939393939393939,4.15860215053728,2.6144578313253013,0.8658607239146606,-0.2801814038935608,1.0720461095101412,0.8806366047745359,16.784946236558948,15.265060240963855
CFD_ATAS_0916_20260417_1128,atas-mt5-lead-lab-causal-v1,2026-04-17,2026-04-17T11:28:00-04:00,2026-04-17T11:29:00-04:00,2026-04-17T11:29:00-04:00,2026-04-17T15:29:00+00:00,2026-04-17T15:29:00+00:00,SHORT,SUPERIOR,0.0,11.0,28.0,118.0,4.0,4.0,6.2607,3.396,10.34285714285683,14.285714285714286,1.3812154696133014,-0.24171270718232774,0.2513812154698319,-3.277624309392153,-0.2625,-0.525,-0.175,0.020787292817672276,0.776381215469832,-3.1026243093921533,2.0,2.0,0.24174616102711297,0.7734806629834488,1.05,-0.2707182320441367,-0.2625,0.585492227979259,0.09090909090909091,4.669889502762501,1.2249999999999999,-0.9528323919708788,-0.37419872217755074,2.055358410219825,0.8743169398907104,11.495856353591648,15.837499999999999
CFD_ATAS_0917_20260417_1202,atas-mt5-lead-lab-causal-v1,2026-04-17,2026-04-17T12:02:00-04:00,2026-04-17T12:03:00-04:00,2026-04-17T12:03:00-04:00,2026-04-17T16:03:00+00:00,2026-04-17T16:03:00+00:00,SHORT,SUPERIOR,0.0,12.0,2.0,152.0,4.0,4.0,6.2954,1.6081,19.34285714285735,15.803571428571429,0.8170236336779824,-0.1085672082717109,1.5457902511078871,0.2533234859675762,-0.7909604519774012,-1.423728813559322,-0.0790960451977401,0.6823932437056903,2.9695190646672094,0.3324195311653163,2.0,2.0,-1.1813043393169353,0.6617429837518016,1.0282485875706215,-0.06203840472677254,-0.7909604519774012,0.08291032148902835,0.02127659574468085,2.3781388478581724,2.4519774011299433,-0.4765019441474122,0.1703970409422036,1.8309668695064925,1.0504451038575668,12.4025110782865,15.661016949152541
CFD_ATAS_0918_20260417_1313,atas-mt5-lead-lab-causal-v1,2026-04-17,2026-04-17T13:13:00-04:00,2026-04-17T13:14:00-04:00,2026-04-17T13:15:00-04:00,2026-04-17T17:14:00+00:00,2026-04-17T17:15:00+00:00,SHORT,SUPERIOR,0.0,13.0,13.0,223.0,4.0,4.0,5.3435,1.8906,16.18571428571392,13.660714285714286,0.8439982347749528,-0.4386584289498358,0.7043248014120611,-0.18534863195057788,-0.0,0.45751633986928103,-0.6405228758169934,-0.4386584289498358,0.24680846154278008,0.45517424386641553,1.0,2.0,0.7527926356646573,1.0935569285084543,0.9150326797385621,-0.38305383936457255,-0.0,0.075,0.2413793103448276,1.921447484554234,1.8300653594771241,-1.4940593345491753,0.15288984033623076,0.6573832317957552,1.4232558139534885,18.70167696381335,18.666666666666664
CFD_ATAS_0919_20260417_1511,atas-mt5-lead-lab-causal-v1,2026-04-17,2026-04-17T15:11:00-04:00,2026-04-17T15:12:00-04:00,2026-04-17T15:16:00-04:00,2026-04-17T19:12:00+00:00,2026-04-17T19:16:00+00:00,SHORT,SUPERIOR,0.0,15.0,11.0,341.0,4.0,4.0,5.3289,2.3372,13.464285714285195,10.0,0.7427055702918058,-0.5198938992042641,0.32679045092823245,-0.4753315649868638,-0.0,1.375,1.25,-0.5198938992042641,-1.0482095490717676,-1.7253315649868637,0.0,1.0,2.137290108358866,0.7501326259946158,1.0,-0.5050397877986441,-0.0,0.15458937198070605,0.625,2.2281167108754176,2.25,-1.9974804666753032,0.014565923628271067,0.951779853572297,0.8549618320610687,27.58408488063778,25.5
CFD_ATAS_0920_20260420_1033,atas-mt5-lead-lab-causal-v1,2026-04-20,2026-04-20T10:33:00-04:00,2026-04-20T10:34:00-04:00,2026-04-20T10:34:00-04:00,2026-04-20T14:34:00+00:00,2026-04-20T14:34:00+00:00,LONG,INFERIOR,1.0,10.0,33.0,63.0,0.0,4.0,5.276,4.819,7.25000000000026,17.321428571428573,2.3891625615762693,1.241379310344783,1.875862068965751,0.9103448275864753,-0.36082474226804123,-0.6494845360824741,-0.8659793814432989,1.6022040526128243,2.525346605048225,1.7763242090297742,2.0,3.0,-0.4517146367131739,2.868965517241176,0.9381443298969071,1.3103448275861598,-0.36082474226804123,0.32038834951463513,0.8571428571428571,3.765517241379075,1.5154639175257731,-1.915723878168918,-0.11555802564768124,1.360589812332515,0.881818181818182,4.317241379310591,6.639175257731958
CFD_ATAS_0921_20260420_1154,atas-mt5-lead-lab-causal-v1,2026-04-20,2026-04-20T11:54:00-04:00,2026-04-20T11:55:00-04:00,2026-04-20T11:55:00-04:00,2026-04-20T15:55:00+00:00,2026-04-20T15:55:00+00:00,SHORT,SUPERIOR,0.0,11.0,54.0,144.0,0.0,4.0,7.1067,2.8404,9.300000000001091,11.875,1.2768817204299576,-0.39784946236562296,0.5913978494622962,0.04301075268832347,-0.631578947368421,-1.0526315789473684,-0.10526315789473684,0.23372948500279805,1.6440294284096646,0.1482739105830603,2.0,2.0,0.11119690386419136,0.6559139784947814,0.8421052631578947,-0.4193548387093935,-0.631578947368421,0.009569377990466435,0.047619047619047616,2.720430107526484,2.0,-0.883655372966422,-0.0989309197050728,1.3763213530656158,0.5795206971677559,10.161290322579452,21.894736842105264
CFD_ATAS_0922_20260420_1410,atas-mt5-lead-lab-causal-v1,2026-04-20,2026-04-20T14:10:00-04:00,2026-04-20T14:11:00-04:00,2026-04-20T14:11:00-04:00,2026-04-20T18:11:00+00:00,2026-04-20T18:11:00+00:00,LONG,INFERIOR,1.0,14.0,10.0,280.0,0.0,4.0,7.3962,1.8344,19.878571428571636,8.035714285714286,0.40424002874595344,0.9910168882501161,2.399568810636016,1.524254401724888,-0.7777777777777777,0.0,0.0,1.768794666027894,2.399568810636016,1.524254401724888,1.0,2.0,0.6922958835617302,1.3582464965864034,1.5555555555555554,0.9658641753503678,-0.7777777777777777,0.4654377880184883,0.0,2.957959037010353,2.022222222222222,0.44376170147030414,0.0913019752251985,1.1116436988216112,0.9729729729729731,12.88825008983102,32.355555555555554
CFD_ATAS_0923_20260420_1537,atas-mt5-lead-lab-causal-v1,2026-04-20,2026-04-20T15:37:00-04:00,2026-04-20T15:38:00-04:00,2026-04-20T15:38:00-04:00,2026-04-20T19:38:00+00:00,2026-04-20T19:38:00+00:00,SHORT,SUPERIOR,0.0,15.0,37.0,367.0,0.0,4.0,5.2457,2.1282,8.335714285714078,6.428571428571429,0.771208226221099,1.6195372750643078,2.3633247643531883,1.4995715509854701,0.19444444444444445,-0.5833333333333333,0.9722222222222222,1.4250928306198634,2.9466580976865213,0.5273493287632479,1.0,1.0,0.638759695766041,1.6195372750643078,0.5833333333333333,1.5835475578407439,0.19444444444444445,0.43859649122807015,0.3333333333333333,3.335047129391598,2.138888888888889,0.6215532696499985,-0.16858583545629527,0.7806020066889248,1.0588235294117647,30.735218508998283,40.44444444444444
CFD_ATAS_0924_20260421_0959,atas-mt5-lead-lab-causal-v1,2026-04-21,2026-04-21T09:59:00-04:00,2026-04-21T10:00:00-04:00,2026-04-21T10:00:00-04:00,2026-04-21T14:00:00+00:00,2026-04-21T14:00:00+00:00,SHORT,SUPERIOR,0.0,9.0,59.0,29.0,1.0,4.0,6.8787,2.4693,4.678571428570909,18.392857142857142,3.9312977099241,0.6198473282438771,1.3679389312973953,0.7908396946559543,-0.9514563106796117,-1.1553398058252426,-2.3106796116504853,1.5713036389234887,2.523278737122638,3.1015193063064395,2.0,4.0,-0.9207292977558874,0.7908396946567319,1.1553398058252426,0.598473282442659,-0.9514563106796117,0.21387283236973798,1.0,2.393893129770636,2.5145631067961167,2.9150611122113634,-0.21679805772573452,1.1391304347824824,0.8619246861924685,7.8870229007637676,6.116504854368932
CFD_ATAS_0925_20260421_1039,atas-mt5-lead-lab-causal-v1,2026-04-21,2026-04-21T10:39:00-04:00,2026-04-21T10:40:00-04:00,2026-04-21T10:41:00-04:00,2026-04-21T14:40:00+00:00,2026-04-21T14:41:00+00:00,SHORT,SUPERIOR,0.0,10.0,39.0,69.0,1.0,4.0,8.3858,1.7589,6.057142857142026,14.375,2.3732311320757975,-0.6108490566039776,0.1485849056600374,-0.9080188679246529,0.5217391304347826,0.9565217391304348,0.5217391304347826,-1.1325881870387602,-0.8079368334703974,-1.4297579983594355,1.0,2.0,1.1311368525934244,1.3867924528306192,0.8695652173913043,-0.6933962264153096,0.6086956521739131,0.3594771241831091,0.25,1.7004716981133208,1.4782608695652173,-1.9856440090712788,-0.1947389628155596,1.0761421319796074,0.8895027624309393,9.26179245283182,11.043478260869565
CFD_ATAS_0926_20260421_1043,atas-mt5-lead-lab-causal-v1,2026-04-21,2026-04-21T10:43:00-04:00,2026-04-21T10:44:00-04:00,2026-04-21T10:44:00-04:00,2026-04-21T14:44:00+00:00,2026-04-21T14:44:00+00:00,SHORT,SUPERIOR,0.0,10.0,43.0,73.0,1.0,4.0,7.4229,1.5191,5.971428571428468,16.428571428571427,2.7511961722488514,0.8205741626796837,1.7248803827750279,0.4856459330146062,-0.0,-0.2282608695652174,0.4565217391304348,0.8205741626796837,1.9531412523402452,0.029124193884171368,2.0,2.0,-0.03894678255398859,1.188995215311391,0.9130434782608696,1.0047846889952328,-0.0,0.16384180790971367,0.5,2.2440191387562636,2.5108695652173916,-0.6914772165940438,-0.12765968216338344,1.0528967254408648,1.0165745856353592,9.897129186603408,9.663043478260871
CFD_ATAS_0927_20260421_1118,atas-mt5-lead-lab-causal-v1,2026-04-21,2026-04-21T11:18:00-04:00,2026-04-21T11:19:00-04:00,2026-04-21T11:23:00-04:00,2026-04-21T15:19:00+00:00,2026-04-21T15:23:00+00:00,LONG,INFERIOR,1.0,11.0,18.0,108.0,1.0,4.0,6.1267,1.6374,7.899999999999636,19.642857142857142,2.486437613020006,-0.8227848101266202,-0.16455696202523193,-2.7848101265824066,0.19090909090909092,0.06363636363636364,0.06363636363636364,-1.013693901035711,-0.22819332566159556,-2.84844649021877,1.0,2.0,0.19126584296643903,0.9493670886076386,0.8272727272727273,-0.9240506329113428,0.19090909090909092,0.6077348066298831,0.058823529411764705,3.1139240506328707,1.5272727272727273,1.522590682248045,0.1261792790177352,1.3807740324594813,1.1428571428571428,8.101265822785184,11.39090909090909
CFD_ATAS_0928_20260421_1208,atas-mt5-lead-lab-causal-v1,2026-04-21,2026-04-21T12:08:00-04:00,2026-04-21T12:09:00-04:00,2026-04-21T12:11:00-04:00,2026-04-21T16:09:00+00:00,2026-04-21T16:11:00+00:00,LONG,INFERIOR,1.0,12.0,8.0,158.0,1.0,4.0,5.1797,1.6279,7.228571428571221,17.5,2.4209486166008602,-1.0928853754938006,-1.0375494071146543,-2.199604743082765,0.14285714285714285,0.5714285714285714,-0.14285714285714285,-1.2357425183509434,-1.6089779785432257,-2.056747600225622,1.0,3.0,0.8580067449704595,1.563241106719312,0.9285714285714286,-1.1067193675889646,0.21428571428571427,0.9408284023668563,0.07142857142857142,2.600790513833966,1.2857142857142858,1.5382574707119647,0.26062629036531976,0.8616432524477935,0.9824561403508771,13.806324110672232,12.785714285714286
CFD_ATAS_0929_20260421_1314,atas-mt5-lead-lab-causal-v1,2026-04-21,2026-04-21T13:14:00-04:00,2026-04-21T13:15:00-04:00,2026-04-21T13:15:00-04:00,2026-04-21T17:15:00+00:00,2026-04-21T17:15:00+00:00,SHORT,SUPERIOR,0.0,13.0,14.0,224.0,1.0,4.0,7.8381,1.8419,13.671428571428155,22.857142857142858,1.6718913270637918,-0.16091954022994318,1.2654127481713542,0.4608150470219044,-0.2734375,0.109375,1.203125,0.11251795977005682,1.1560377481713542,-0.7423099529780957,2.0,2.0,0.24899381058419293,0.5266457680248815,0.4375,-0.15360501567414553,-0.21875,0.1754874651810489,0.5789473684210527,2.1065830721003245,2.40625,-1.1581234877416557,-0.15671416892041826,0.8426150121065268,1.7964912280701757,12.690700104493594,11.7578125
CFD_ATAS_0930_20260421_1408,atas-mt5-lead-lab-causal-v1,2026-04-21,2026-04-21T14:08:00-04:00,2026-04-21T14:09:00-04:00,2026-04-21T14:10:00-04:00,2026-04-21T18:09:00+00:00,2026-04-21T18:10:00+00:00,LONG,INFERIOR,1.0,14.0,8.0,278.0,1.0,4.0,6.9187,2.3465,26.13571428571439,13.482142857142858,0.5158513254987681,0.5088822082537305,2.0278764689805877,2.092921563268672,-0.46357615894039733,-0.2781456953642384,-0.3708609271523179,0.9724583671941278,2.306022164344826,2.46378249042099,1.0,2.0,0.7081939955708411,0.9182836840666813,0.5562913907284768,0.48592511615198,-0.3708609271523179,0.6412661195779742,0.2857142857142857,2.773981962284766,1.8543046357615893,0.4170760348002633,-0.3035219733188089,1.6947660954146246,0.7512437810945273,9.106313200327923,21.2317880794702
CFD_ATAS_0931_20260422_1117,atas-mt5-lead-lab-causal-v1,2026-04-22,2026-04-22T11:17:00-04:00,2026-04-22T11:18:00-04:00,2026-04-22T11:18:00-04:00,2026-04-22T15:18:00+00:00,2026-04-22T15:18:00+00:00,SHORT,SUPERIOR,0.0,11.0,17.0,107.0,2.0,4.0,8.6673,1.5112,8.02142857142826,13.392857142857142,1.66963490650051,0.48619768477267644,1.6705253784503715,-0.23686553873572044,-0.28,-0.18666666666666668,-0.7466666666666667,0.7661976847726765,1.8571920451170383,0.5098011279309462,2.0,4.0,0.009144503728525403,0.6731967943007335,0.56,0.49866429207481905,-0.28,0.06620209059239192,0.5,2.169189670525644,1.12,-0.35895926869458483,-0.21160527343942748,1.294524495677156,0.8670520231213872,11.656277827248894,14.466666666666667
CFD_ATAS_0932_20260422_1122,atas-mt5-lead-lab-causal-v1,2026-04-22,2026-04-22T11:22:00-04:00,2026-04-22T11:23:00-04:00,2026-04-22T11:23:00-04:00,2026-04-22T15:23:00+00:00,2026-04-22T15:23:00+00:00,SHORT,SUPERIOR,0.0,11.0,22.0,112.0,2.0,4.0,8.0054,2.0485,7.707142857142442,11.071428571428571,1.436515291937056,-0.1427247451346746,1.1547729379052472,0.42817423540307975,-0.33870967741935487,-0.9032258064516129,-1.3548387096774195,0.19598493228468028,2.05799874435686,1.7830129450804992,3.0,4.0,-0.3289485161659785,0.45412418906397256,0.6774193548387097,-0.10379981464357135,-0.33870967741935487,0.1976047904191095,0.8571428571428571,2.3095458758109664,2.596774193548387,1.5826493860009523,-0.07076235767806711,1.2205882352940318,0.7251461988304093,12.131603336423268,17.5
CFD_ATAS_0933_20260423_0953,atas-mt5-lead-lab-causal-v1,2026-04-23,2026-04-23T09:53:00-04:00,2026-04-23T09:54:00-04:00,2026-04-23T09:55:00-04:00,2026-04-23T13:54:00+00:00,2026-04-23T13:55:00+00:00,LONG,INFERIOR,1.0,9.0,53.0,23.0,3.0,4.0,5.0217,2.4957,6.150000000000156,19.910714285714285,3.2375145180022407,0.16260162601625605,1.2357723577233093,1.3983739837395655,-0.12556053811659193,0.8161434977578476,-0.8789237668161436,0.288162164132848,0.41962885996546173,2.277297750555709,1.0,3.0,1.171021593055785,0.48780487804876815,0.7533632286995516,0.17886178861764504,-0.12556053811659193,0.6231884057971931,0.3181818181818182,2.6666666666668357,2.385650224215247,0.5637836230933002,-0.28247543132558905,0.8688193743693268,0.991111111111111,6.99186991869901,6.968609865470852
CFD_ATAS_0934_20260423_1008,atas-mt5-lead-lab-causal-v1,2026-04-23,2026-04-23T10:08:00-04:00,2026-04-23T10:09:00-04:00,2026-04-23T10:09:00-04:00,2026-04-23T14:09:00+00:00,2026-04-23T14:09:00+00:00,SHORT,SUPERIOR,0.0,10.0,8.0,38.0,3.0,4.0,6.0512,1.9274,6.985714285713974,22.142857142857142,3.1697341513293846,-0.7157464212679256,-0.6155419222903119,-1.4458077709610013,-0.3951612903225806,0.16935483870967744,-0.11290322580645161,-0.320585130945345,-0.7848967609999893,-1.3329045451545498,2.0,3.0,0.292137538545273,1.0879345603270385,0.9596774193548387,-0.6871165644171044,-0.45161290322580644,0.6688741721853986,0.05555555555555555,2.2760736196322116,1.8064516129032258,-0.8146592138930516,-0.06317363618445704,1.0613130765056542,1.0735930735930737,7.658486707566804,6.266129032258065
CFD_ATAS_0935_20260423_1051,atas-mt5-lead-lab-causal-v1,2026-04-23,2026-04-23T10:51:00-04:00,2026-04-23T10:52:00-04:00,2026-04-23T10:52:00-04:00,2026-04-23T14:52:00+00:00,2026-04-23T14:52:00+00:00,SHORT,SUPERIOR,0.0,10.0,51.0,81.0,3.0,4.0,7.408,1.9808,11.914285714286182,15.535714285714286,1.303956834532323,-0.5791366906472761,0.40287769784164973,-1.6366906474819503,-0.16091954022988506,-0.4022988505747126,-0.8850574712643677,-0.41821715041739105,0.8051765484163623,-0.7516331762175825,2.0,3.0,0.42708656537830264,0.8309352517986507,0.6436781609195402,-0.5623501199041158,-0.16091954022988506,0.40041067761809374,0.5789473684210527,3.3069544364508316,1.6091954022988504,-0.9439184298758052,0.30422959402484684,1.6763819095478658,0.7963386727688788,8.258992805755193,8.931034482758621
CFD_ATAS_0936_20260423_1210,atas-mt5-lead-lab-causal-v1,2026-04-23,2026-04-23T12:10:00-04:00,2026-04-23T12:11:00-04:00,2026-04-23T12:11:00-04:00,2026-04-23T16:11:00+00:00,2026-04-23T16:11:00+00:00,SHORT,SUPERIOR,0.0,12.0,10.0,160.0,3.0,4.0,6.0788,1.7618,7.571428571428052,15.267857142857142,2.0165094339624026,-0.3169811320752052,-0.39622641509436685,-0.2905660377359651,-0.5730994152046783,-0.08187134502923978,-0.736842105263158,0.25611828312947316,-0.3143550700651271,0.44627606752719284,1.0,2.0,0.22807494114191892,1.0169811320751572,0.9005847953216375,-0.39622641509436685,-0.4912280701754386,0.13924050632910226,0.3333333333333333,1.7301886792452097,1.391812865497076,-1.2251799514849169,0.02971230469056104,0.800604229607242,1.2713754646840147,18.688679245284302,12.526315789473685
CFD_ATAS_0937_20260423_1251,atas-mt5-lead-lab-causal-v1,2026-04-23,2026-04-23T12:51:00-04:00,2026-04-23T12:52:00-04:00,2026-04-23T12:53:00-04:00,2026-04-23T16:52:00+00:00,2026-04-23T16:53:00+00:00,SHORT,SUPERIOR,0.0,12.0,51.0,201.0,3.0,4.0,7.036,2.8082,19.72857142857148,9.375,0.4751991310644448,-0.5829109341057189,1.084721216509662,0.3649529326573461,-0.8,-1.0666666666666667,-0.0,0.21708906589428112,2.1513878831763287,0.3649529326573461,2.0,3.0,0.3923712087748572,1.0340333091961211,1.0666666666666667,-0.48153511947863736,-0.8,0.11881188118807363,0.0,2.767559739319437,1.7333333333333334,-0.6145582666821762,0.019329726702191866,1.7970071567989976,0.7692307692307693,8.358435916002948,20.4
CFD_ATAS_0938_20260423_1449,atas-mt5-lead-lab-causal-v1,2026-04-23,2026-04-23T14:49:00-04:00,2026-04-23T14:50:00-04:00,2026-04-23T14:50:00-04:00,2026-04-23T18:50:00+00:00,2026-04-23T18:50:00+00:00,LONG,INFERIOR,1.0,14.0,49.0,319.0,3.0,4.0,6.8596,2.1992,11.86428571428535,14.464285714285714,1.2191450933173162,-0.2950030102348074,0.10957254665888805,-2.444310656231261,-1.4691358024691359,-1.4691358024691359,-2.3333333333333335,1.1741327922343285,1.578708349128024,-0.11097732289792761,2.0,4.0,-0.9299686229954846,0.9102950030102015,1.6419753086419755,-0.3792895845876095,-1.5555555555555556,0.5894308943088908,0.9310344827586207,3.3124623720650614,2.506172839506173,-0.21877855594865833,0.09300130644505678,1.0439974858579522,0.629126213592233,18.382901866346018,32.75308641975309
CFD_ATAS_0939_20260423_1539,atas-mt5-lead-lab-causal-v1,2026-04-23,2026-04-23T15:39:00-04:00,2026-04-23T15:40:00-04:00,2026-04-23T15:40:00-04:00,2026-04-23T19:40:00+00:00,2026-04-23T19:40:00+00:00,SHORT,SUPERIOR,0.0,15.0,39.0,369.0,3.0,4.0,5.0623,2.0696,9.52142857142878,17.857142857142858,1.8754688672167632,0.4096024005999118,1.1972993248309522,0.9032258064514402,0.5599999999999999,-0.06999999999999999,0.84,-0.15039759940008812,1.2672993248309523,0.06322580645144027,1.0,1.0,0.29843335150839995,0.8402100525131099,0.98,0.42010502625655494,0.63,0.27564102564100473,0.3333333333333333,2.142535633908583,2.03,-1.4355891638060962,0.026342414342220927,0.7818181818182324,1.2195121951219512,22.906226556638504,26.529999999999998
CFD_ATAS_0940_20260424_1011,atas-mt5-lead-lab-causal-v1,2026-04-24,2026-04-24T10:11:00-04:00,2026-04-24T10:12:00-04:00,2026-04-24T10:12:00-04:00,2026-04-24T14:12:00+00:00,2026-04-24T14:12:00+00:00,SHORT,SUPERIOR,0.0,10.0,11.0,41.0,4.0,4.0,6.7606,2.062,22.83571428571408,28.482142857142858,1.2472630591179343,-0.3503284329058524,-1.3487644666876593,-2.715045355020356,-0.7021943573667712,-0.9655172413793103,-1.316614420062696,0.35186592446091874,-0.383247225308349,-1.3984309349576602,2.0,3.0,0.10897793546242371,1.370659993744275,0.9216300940438872,-0.3503284329058524,-0.7021943573667712,0.5605786618444552,0.5769230769230769,3.503284329058524,2.413793103448276,-1.3066635631926269,0.050196465017277606,3.9665012406946456,1.042483660130719,6.034407256803435,4.52037617554859
CFD_ATAS_0941_20260424_1121,atas-mt5-lead-lab-causal-v1,2026-04-24,2026-04-24T11:21:00-04:00,2026-04-24T11:22:00-04:00,2026-04-24T11:22:00-04:00,2026-04-24T15:22:00+00:00,2026-04-24T15:22:00+00:00,SHORT,SUPERIOR,0.0,11.0,21.0,111.0,4.0,4.0,5.7301,4.4915,10.700000000000468,11.607142857142858,1.084779706274986,0.7383177570091095,2.5607476635510857,2.654205607476315,-0.43076923076923074,-0.32307692307692304,0.10769230769230768,1.1690869877783403,2.883824586628009,2.5465132997840074,2.0,3.0,0.335234721614218,1.7289719626167468,0.7538461538461538,0.7570093457942234,-0.43076923076923074,0.8114285714285934,0.06666666666666667,3.6355140186915658,1.8307692307692307,3.60417971612248,0.2292536860985638,1.0788620813828598,0.5496828752642707,18.065420560747146,16.584615384615383
CFD_ATAS_0942_20260424_1147,atas-mt5-lead-lab-causal-v1,2026-04-24,2026-04-24T11:47:00-04:00,2026-04-24T11:48:00-04:00,2026-04-24T11:48:00-04:00,2026-04-24T15:48:00+00:00,2026-04-24T15:48:00+00:00,LONG,INFERIOR,1.0,11.0,47.0,137.0,4.0,4.0,5.7514,1.6184,11.557142857142546,22.142857142857142,1.9159456118665534,0.3028430160692294,1.2200247218790845,0.3028430160692294,0.3951612903225806,-0.22580645161290322,2.314516129032258,-0.0923182742533512,1.4458311734919878,-2.0116731129630288,1.0,2.0,0.08449088800998945,0.519159456118679,1.0725806451612903,0.31149567367139624,0.45161290322580644,0.14170040485827454,0.4823529411764706,1.9381953028431942,4.57258064516129,1.8583568165473074,0.02595863667641673,1.1652862801584403,1.7162629757785466,16.72558714462369,12.92741935483871
CFD_ATAS_0943_20260424_1349,atas-mt5-lead-lab-causal-v1,2026-04-24,2026-04-24T13:49:00-04:00,2026-04-24T13:50:00-04:00,2026-04-24T13:51:00-04:00,2026-04-24T17:50:00+00:00,2026-04-24T17:51:00+00:00,SHORT,SUPERIOR,0.0,13.0,49.0,259.0,4.0,4.0,5.3288,2.0584,22.878571428571377,10.0,0.4370902279113341,-1.049016546987202,0.4327193256322844,-0.4108648142365587,0.125,-0.0,-0.125,-1.174016546987202,0.4327193256322844,-0.2858648142365587,1.0,2.0,0.7579356376154465,1.5429285045269776,0.75,-1.0883546674991265,0.125,0.12176165803105866,0.14285714285714285,2.1548548236028453,1.125,-1.4241009691961548,0.2164796922291826,0.9939487975174756,0.9372384937238494,10.162347798938518,30.0
CFD_ATAS_0944_20260424_1509,atas-mt5-lead-lab-causal-v1,2026-04-24,2026-04-24T15:09:00-04:00,2026-04-24T15:10:00-04:00,2026-04-24T15:10:00-04:00,2026-04-24T19:10:00+00:00,2026-04-24T19:10:00+00:00,SHORT,SUPERIOR,0.0,15.0,9.0,339.0,4.0,4.0,5.0184,3.7659,12.578571428571065,8.035714285714286,0.6388415672913302,-0.2544009085747387,2.1306076093128943,1.9318568994889247,-0.7777777777777777,-1.711111111111111,-2.022222222222222,0.5233768692030389,3.841718720424005,3.954079121711147,3.0,4.0,-0.7721220112000851,0.6757524134014959,1.0888888888888888,-0.27030096536042486,-0.7777777777777777,0.6806722689075287,0.7647058823529411,3.4900624645087293,2.8,2.9371775669374998,0.06904257646116518,1.0173310225302978,0.8571428571428572,22.530380465645,41.22222222222222
CFD_ATAS_0945_20260428_1143,atas-mt5-lead-lab-causal-v1,2026-04-28,2026-04-28T11:43:00-04:00,2026-04-28T11:44:00-04:00,2026-04-28T11:45:00-04:00,2026-04-28T15:44:00+00:00,2026-04-28T15:45:00+00:00,SHORT,SUPERIOR,0.0,11.0,43.0,133.0,1.0,4.0,5.1399,1.634,13.649999999999377,16.517857142857142,1.210099424385194,-1.4505494505494634,-0.7912087912087741,-2.6227106227106893,0.6810810810810811,0.4540540540540541,-0.0,-2.1316305316305444,-1.245262845262828,-2.6227106227106893,1.0,3.0,0.7515895052307688,1.7582417582418386,0.7567567567567568,-1.4871794871795017,0.6810810810810811,0.5792880258899626,0.0,3.040293040293179,1.5135135135135136,-2.2948599213281877,0.24520425886162678,0.9535928143712418,0.7198443579766537,17.780219780220644,14.52972972972973
CFD_ATAS_0946_20260428_1204,atas-mt5-lead-lab-causal-v1,2026-04-28,2026-04-28T12:04:00-04:00,2026-04-28T12:05:00-04:00,2026-04-28T12:05:00-04:00,2026-04-28T16:05:00+00:00,2026-04-28T16:05:00+00:00,SHORT,SUPERIOR,0.0,12.0,4.0,154.0,1.0,4.0,7.7068,1.5505,10.721428571428467,14.285714285714286,1.3324450366422516,-0.13057961359107637,1.16588940706197,-0.2518321119254534,-0.175,-0.2625,-0.7,0.04442038640892362,1.42838940706197,0.44816788807454655,2.0,3.0,-0.15738035161975858,0.9513657561626354,0.7875,-0.12125249833437703,-0.2625,0.08852459016394772,0.4,1.8374417055297327,2.1,0.18948834133490083,0.02986837422343542,0.7795377823941787,0.7692307692307692,22.63690872751528,16.974999999999998
CFD_ATAS_0947_20260428_1234,atas-mt5-lead-lab-causal-v1,2026-04-28,2026-04-28T12:34:00-04:00,2026-04-28T12:35:00-04:00,2026-04-28T12:35:00-04:00,2026-04-28T16:35:00+00:00,2026-04-28T16:35:00+00:00,LONG,INFERIOR,1.0,12.0,34.0,184.0,1.0,4.0,5.2416,3.8445,25.471428571427946,12.321428571428571,0.4837352776219973,0.23948401570381864,2.1396522714526607,-0.8794167134044534,-1.1159420289855073,-1.6231884057971016,-2.4347826086956523,1.355426044689326,3.7628406772497622,1.555365895291199,3.0,4.0,-0.39263594549004177,0.9343802579921424,1.318840579710145,0.22378014582168296,-1.1159420289855073,0.15977175463624765,0.9230769230769231,3.5098149186763887,3.0434782608695654,-2.038264584069325,-0.0453487773995182,2.3483701020743526,0.8363636363636363,9.52832305103784,19.681159420289855
CFD_ATAS_0948_20260428_1259,atas-mt5-lead-lab-causal-v1,2026-04-28,2026-04-28T12:59:00-04:00,2026-04-28T13:00:00-04:00,2026-04-28T13:03:00-04:00,2026-04-28T17:00:00+00:00,2026-04-28T17:03:00+00:00,LONG,INFERIOR,1.0,12.0,59.0,209.0,1.0,4.0,5.1897,3.0945,21.878571428571117,14.732142857142858,0.6733594515181291,-0.15997388181521613,1.974534769833558,0.786157362063381,0.33939393939393936,0.16969696969696968,-0.42424242424242425,-0.49936782120915546,1.8048378001365883,1.2103997863058054,1.0,3.0,1.353278940260114,0.671890303623941,0.5939393939393939,-0.12797910545213964,0.33939393939393936,0.22572178477691027,0.38461538461538464,3.263467189030475,1.612121212121212,0.6933380071687257,-0.17060752558942271,1.8429602888086907,1.0749185667752443,11.093046033300876,16.46060606060606
CFD_ATAS_0949_20260429_1134,atas-mt5-lead-lab-causal-v1,2026-04-29,2026-04-29T11:34:00-04:00,2026-04-29T11:35:00-04:00,2026-04-29T11:38:00-04:00,2026-04-29T15:35:00+00:00,2026-04-29T15:38:00+00:00,LONG,INFERIOR,1.0,11.0,34.0,124.0,2.0,4.0,5.2263,1.6788,10.964285714285975,13.125,1.1970684039087665,-0.6384364820846754,-1.0853420195440808,-2.781758957654657,0.19047619047619047,-0.19047619047619047,0.8571428571428571,-0.8289126725608659,-0.8948658290678904,-3.638901814797514,1.0,1.0,0.8614200992396079,1.5140065146581436,0.9523809523809523,-0.6566775244300181,0.19047619047619047,0.9384615384615385,0.391304347826087,3.4840390879478664,2.0952380952380953,2.2032167025941978,-0.16709894050941224,1.4487966021708598,0.9671052631578948,8.7100977198695,14.571428571428571
CFD_ATAS_0950_20260429_1348,atas-mt5-lead-lab-causal-v1,2026-04-29,2026-04-29T13:48:00-04:00,2026-04-29T13:49:00-04:00,2026-04-29T13:49:00-04:00,2026-04-29T17:49:00+00:00,2026-04-29T17:49:00+00:00,SHORT,SUPERIOR,0.0,13.0,48.0,258.0,2.0,4.0,5.4519,2.1613,14.335714285714078,8.928571428571429,0.622820129546596,-1.1579471848529297,-0.013951170901894504,-0.9138016940706641,-1.68,-1.26,-2.38,0.5220528151470702,1.2460488290981055,1.4661983059293358,1.0,3.0,-0.1938383057657629,1.1579471848529297,3.08,-1.1509715994021095,-1.68,0.25636007827786533,0.7391304347826086,2.0159441953162696,3.6399999999999997,0.25879772801801815,0.3520249700793564,0.95845272206305,0.7936507936507937,13.246636771300743,21.419999999999998
CFD_ATAS_0951_20260429_1434,atas-mt5-lead-lab-causal-v1,2026-04-29,2026-04-29T14:34:00-04:00,2026-04-29T14:35:00-04:00,2026-04-29T14:35:00-04:00,2026-04-29T18:35:00+00:00,2026-04-29T18:35:00+00:00,SHORT,SUPERIOR,0.0,14.0,34.0,304.0,2.0,4.0,6.0243,2.0195,11.942857142856676,13.035714285714286,1.0915071770335356,-0.15071770334922727,0.20933014354067805,-0.9461722488038038,0.0958904109589041,-1.6301369863013697,0.1917808219178082,-0.24660811430813137,1.8394671298420477,-1.1379530707216121,2.0,2.0,-1.461193368669714,0.9712918660286243,1.0547945205479452,-0.17583732057404772,0.2876712328767123,0.39929328621906585,0.05263157894736842,1.9844497607656888,2.4931506849315066,-1.1739501749319712,-0.22735919386822584,0.945433983601835,1.0103806228373702,15.900717703350026,14.671232876712327
CFD_ATAS_0952_20260429_1555,atas-mt5-lead-lab-causal-v1,2026-04-29,2026-04-29T15:55:00-04:00,2026-04-29T15:56:00-04:00,2026-04-29T15:56:00-04:00,2026-04-29T19:56:00+00:00,2026-04-29T19:56:00+00:00,SHORT,SUPERIOR,0.0,15.0,55.0,385.0,2.0,4.0,6.0963,2.0141,9.792857142855999,12.053571428571429,1.2308533916850453,-0.5207877461705905,0.39824945295424324,0.15317286652080564,-0.6222222222222222,-2.074074074074074,-2.9037037037037035,0.1014344760516317,2.4723235270283173,3.0568765702245093,3.0,4.0,-1.4138807719503097,0.684172137125968,1.4518518518518517,-0.5820568927787643,-0.6222222222222222,0.04043126684635484,1.0,2.2873814733775126,3.5259259259259257,0.3720835338335207,-0.5228947681414738,0.7242472266243168,0.891089108910891,19.39168490153414,17.94074074074074
CFD_ATAS_0953_20260429_1559,atas-mt5-lead-lab-causal-v1,2026-04-29,2026-04-29T15:59:00-04:00,2026-04-29T16:00:00-04:00,2026-04-29T16:00:00-04:00,2026-04-29T20:00:00+00:00,2026-04-29T20:00:00+00:00,SHORT,SUPERIOR,0.0,15.0,59.0,389.0,2.0,4.0,5.5407,2.4306,10.642857142856363,15.714285714285714,1.4765100671142022,-0.2536912751675304,-0.26308724832209857,0.5073825503357444,-2.784090909090909,-2.147727272727273,-2.625,2.5303996339233787,1.8846400244051744,3.1323825503357443,2.0,3.0,-1.0563175970047847,1.4375838926178286,3.181818181818182,-0.26308724832209857,-2.784090909090909,0.16875000000008383,0.5789473684210527,2.743624161074095,3.2613636363636367,3.3062832990679336,-0.25737600501453833,0.8142076502731806,1.1972789115646258,17.842953020135674,13.761363636363637
CFD_ATAS_0954_20260430_1012,atas-mt5-lead-lab-causal-v1,2026-04-30,2026-04-30T10:12:00-04:00,2026-04-30T10:13:00-04:00,2026-04-30T10:13:00-04:00,2026-04-30T14:13:00+00:00,2026-04-30T14:13:00+00:00,SHORT,SUPERIOR,0.0,10.0,12.0,42.0,3.0,4.0,6.3471,1.9627,12.871428571428623,30.892857142857142,2.4001109877913334,-0.42730299667036453,-0.9322974472807953,-3.068812430632618,-0.6878612716763006,-0.24277456647398846,1.0520231213872833,0.2605582750059361,-0.6895228808068069,-4.120835552019901,2.0,3.0,0.5002223226612883,0.8079911209765197,1.0520231213872833,-0.45061043285261054,-0.6878612716763006,1.0,0.2653061224489796,4.2264150943397185,2.2658959537572256,-1.5620358993043486,-0.1079651323308837,1.1171729696217945,0.9045751633986929,6.230854605993372,9.427745664739884
CFD_ATAS_0955_20260430_1040,atas-mt5-lead-lab-causal-v1,2026-04-30,2026-04-30T10:40:00-04:00,2026-04-30T10:41:00-04:00,2026-04-30T10:41:00-04:00,2026-04-30T14:41:00+00:00,2026-04-30T14:41:00+00:00,SHORT,SUPERIOR,0.0,10.0,40.0,70.0,3.0,4.0,5.8809,1.6426,11.678571428570908,30.267857142857142,2.5917431192661704,1.1816513761467793,2.0293577981652904,1.498470948012299,-0.9498525073746313,-0.08259587020648967,0.7846607669616519,2.1315038835214106,2.11195366837178,0.7138101810506472,1.0,2.0,0.1671560364588889,1.6097859327217219,1.238938053097345,1.155963302752345,-0.9498525073746313,0.5223880597014925,0.24050632911392406,3.0226299694190324,1.9410029498525074,-0.19264401400661377,-0.3150135223762107,0.9999999999999222,0.9249658935879943,11.756574923547863,10.861356932153393
CFD_ATAS_0956_20260430_1124,atas-mt5-lead-lab-causal-v1,2026-04-30,2026-04-30T11:24:00-04:00,2026-04-30T11:25:00-04:00,2026-04-30T11:25:00-04:00,2026-04-30T15:25:00+00:00,2026-04-30T15:25:00+00:00,SHORT,SUPERIOR,0.0,11.0,24.0,114.0,3.0,4.0,8.7914,2.0608,11.721428571428207,16.964285714285715,1.4472882388787776,-1.313833028640927,-0.2047531992685587,-1.279707495429656,-0.29473684210526313,-1.031578947368421,0.07368421052631578,-1.0190961865356638,0.8268257480998622,-1.3533917059559717,3.0,3.0,-0.6898676712918523,1.629494210846971,0.7368421052631579,-1.3223644119439777,-0.29473684210526313,0.36585365853658536,0.034482758620689655,1.8683729433274217,1.4736842105263157,-1.4149460512737269,-0.08935374742210297,1.1407716371219494,0.6972477064220183,14.912858013406861,19.378947368421052
CFD_ATAS_0957_20260430_1207,atas-mt5-lead-lab-causal-v1,2026-04-30,2026-04-30T12:07:00-04:00,2026-04-30T12:08:00-04:00,2026-04-30T12:08:00-04:00,2026-04-30T16:08:00+00:00,2026-04-30T16:08:00+00:00,SHORT,SUPERIOR,0.0,12.0,7.0,157.0,3.0,4.0,7.2376,2.1657,8.63571428571413,15.267857142857142,1.7679900744417192,-0.22001654259693898,0.9263854425144915,0.7874276261376548,-0.08187134502923978,-1.2280701754385965,-2.619883040935673,-0.13814519756769922,2.1544556179530883,3.4073106670733275,3.0,5.0,-0.9269936152251862,0.7063688999171313,0.6549707602339182,-0.16211745243978326,-0.16374269005847955,0.5230769230774397,1.0,2.269644334160757,2.865497076023392,0.6597882353585096,-0.08561526754360876,0.7974934036939151,0.8860103626943004,21.851116625310652,21.53216374269006
CFD_ATAS_0958_20260430_1450,atas-mt5-lead-lab-causal-v1,2026-04-30,2026-04-30T14:50:00-04:00,2026-04-30T14:51:00-04:00,2026-04-30T14:51:00-04:00,2026-04-30T18:51:00+00:00,2026-04-30T18:51:00+00:00,LONG,INFERIOR,1.0,14.0,50.0,320.0,3.0,4.0,6.2795,2.4958,17.685714285714443,8.035714285714286,0.4543618739903029,0.774636510500842,2.7762520193859994,2.041195476575021,-0.15555555555555553,-0.9333333333333332,-0.9333333333333332,0.9301920660563976,3.7095853527193325,2.974528809908354,3.0,4.0,-0.2899513839880496,1.0743134087237385,1.5555555555555554,0.638933764135656,-0.15555555555555553,0.5813204508856584,0.5,3.189014539580022,1.8666666666666665,-0.47971727166976913,-0.26006067505487895,0.9951768488746099,0.8333333333333335,21.57108239095296,53.35555555555555
CFD_ATAS_0959_20260501_1003,atas-mt5-lead-lab-causal-v1,2026-05-01,2026-05-01T10:03:00-04:00,2026-05-01T10:04:00-04:00,2026-05-01T10:04:00-04:00,2026-05-01T14:04:00+00:00,2026-05-01T14:04:00+00:00,SHORT,SUPERIOR,0.0,10.0,3.0,33.0,4.0,5.0,7.2196,2.7503,6.307142857142805,27.767857142857142,4.402604756511927,0.9830124575312672,1.0622876557192633,0.19026047565130605,-0.49517684887459806,-1.1704180064308682,-1.8456591639871383,1.4781893064058653,2.2327056621501313,2.0359196396384442,2.0,3.0,-1.049742670367409,1.4745186862966124,0.7202572347266881,1.0305775764439495,-0.45016077170418006,0.0410958904109828,0.7735849056603774,2.283125707813942,2.1157556270096465,2.2946254837359925,0.04089166935874391,1.151238591916647,1.1107142857142858,5.993204983012391,10.128617363344052
CFD_ATAS_0960_20260501_1104,atas-mt5-lead-lab-causal-v1,2026-05-01,2026-05-01T11:04:00-04:00,2026-05-01T11:05:00-04:00,2026-05-01T11:06:00-04:00,2026-05-01T15:05:00+00:00,2026-05-01T15:06:00+00:00,SHORT,SUPERIOR,0.0,11.0,4.0,94.0,4.0,5.0,6.431,1.5355,5.307142857142286,20.714285714285715,3.9030955585468536,-0.47106325706599955,-0.4899057873490508,-1.356662180350216,-0.3017241379310345,-0.06034482758620689,0.9051724137931034,-0.16933911913496508,-0.4295609597628439,-2.2618345941433193,2.0,2.0,0.20859965377505807,0.6029609690446165,1.206896551724138,-0.4522207267836338,-0.3017241379310345,0.537313432835671,0.4838709677419355,2.2422611036337465,2.413793103448276,-1.780021591236874,0.22180154852966494,0.8574725908827554,0.9914529914529915,7.122476446837776,14.060344827586206
CFD_ATAS_0961_20260501_1117,atas-mt5-lead-lab-causal-v1,2026-05-01,2026-05-01T11:17:00-04:00,2026-05-01T11:18:00-04:00,2026-05-01T11:20:00-04:00,2026-05-01T15:18:00+00:00,2026-05-01T15:20:00+00:00,SHORT,SUPERIOR,0.0,11.0,17.0,107.0,4.0,5.0,6.3885,2.5657,13.292857142857299,17.946428571428573,1.350080601826959,-0.2332079527137563,0.39871037076834465,-1.8807092960773557,-0.7661691542288557,-0.417910447761194,-0.9751243781094526,0.5329612015150994,0.8166208185295387,-0.9055849179679031,1.0,3.0,0.7790472676293502,0.6921010209565216,1.044776119402985,-0.24073078989795627,-0.6965174129353233,0.49800796812744674,0.5833333333333334,3.9118753358408997,1.7412935323383083,0.6434865748635131,0.24915066980709635,2.1919905771495762,0.9054054054054054,6.462117141321904,16.228855721393032
CFD_ATAS_0962_20260501_1212,atas-mt5-lead-lab-causal-v1,2026-05-01,2026-05-01T12:12:00-04:00,2026-05-01T12:13:00-04:00,2026-05-01T12:13:00-04:00,2026-05-01T16:13:00+00:00,2026-05-01T16:13:00+00:00,SHORT,SUPERIOR,0.0,12.0,12.0,162.0,4.0,5.0,6.3513,1.6595,7.057142857142545,12.321428571428571,1.7459514170041257,1.0344129554655297,0.24089068825922305,0.2834008097166117,0.2028985507246377,-0.4057971014492754,1.0144927536231885,0.831514404740892,0.6466877897084984,-0.7310919439065768,1.0,1.0,0.23577689206463023,1.5161943319839757,0.7101449275362319,1.062753036437294,0.2028985507246377,0.12345679012347897,0.29411764705882354,1.5870445344131288,2.4347826086956523,-1.3909699310607908,-0.11734244005019845,0.7709715177526016,0.9169435215946844,12.597165991903598,24.246376811594203
CFD_ATAS_0963_20260501_1226,atas-mt5-lead-lab-causal-v1,2026-05-01,2026-05-01T12:26:00-04:00,2026-05-01T12:27:00-04:00,2026-05-01T12:28:00-04:00,2026-05-01T16:27:00+00:00,2026-05-01T16:28:00+00:00,SHORT,SUPERIOR,0.0,12.0,26.0,176.0,4.0,5.0,6.1617,2.515,7.292857142857039,17.142857142857142,2.350636630754196,-0.24681684622909084,1.055827619980526,0.7952987267384033,-0.2916666666666667,0.5104166666666666,2.2604166666666665,0.04484982043757585,0.5454109533138595,-1.4651179399282632,2.0,3.0,0.9711728084086342,0.7952987267384033,0.7291666666666667,-0.21939275220352544,-0.21875,0.2612612612612199,0.4626865671641791,2.742409402546562,3.4270833333333335,-1.9252166995615339,0.3236672930066119,0.9831487722676764,1.3241379310344827,12.546523016650521,17.427083333333332
CFD_ATAS_0964_20260504_1139,atas-mt5-lead-lab-causal-v1,2026-05-04,2026-05-04T11:39:00-04:00,2026-05-04T11:40:00-04:00,2026-05-04T11:40:00-04:00,2026-05-04T15:40:00+00:00,2026-05-04T15:40:00+00:00,LONG,INFERIOR,1.0,11.0,39.0,129.0,0.0,5.0,5.5089,4.1282,8.007142857142753,29.553571428571427,3.6909009812667737,0.3996431757360461,2.2105263157895934,2.160570918822417,-0.676737160120846,-0.2537764350453172,-0.676737160120846,1.076380335856892,2.4643027508349107,2.837308078943263,1.0,2.0,0.06440987871709038,0.749330954504916,1.1419939577039275,0.412132024977613,-0.7190332326283988,0.7757847533632214,0.2857142857142857,3.7341659232825593,1.945619335347432,-1.8364363456486583,0.4574324229539224,0.708820739803976,1.511415525114155,17.184656556645894,7.740181268882176
CFD_ATAS_0965_20260504_1203,atas-mt5-lead-lab-causal-v1,2026-05-04,2026-05-04T12:03:00-04:00,2026-05-04T12:04:00-04:00,2026-05-04T12:04:00-04:00,2026-05-04T16:04:00+00:00,2026-05-04T16:04:00+00:00,LONG,INFERIOR,1.0,12.0,3.0,153.0,0.0,5.0,6.5644,3.2747,15.57142857142883,26.339285714285715,1.691513761467862,-0.11559633027518071,0.17981651376141816,-2.6458715596330302,-0.37966101694915255,-1.0915254237288134,-1.2338983050847456,0.26406468667397187,1.2713419374902317,-1.4119732545482846,2.0,3.0,0.08713810987358171,0.7000000000000818,0.5694915254237288,-0.13486238532100522,-0.33220338983050846,0.7202797202797239,0.6190476190476191,5.0284403669723465,2.0406779661016947,0.37088628755858744,-0.13936296428815614,1.6892677256878033,0.9949409780775718,8.836697247706182,9.254237288135593
CFD_ATAS_0966_20260504_1417,atas-mt5-lead-lab-causal-v1,2026-05-04,2026-05-04T14:17:00-04:00,2026-05-04T14:18:00-04:00,2026-05-04T14:18:00-04:00,2026-05-04T18:18:00+00:00,2026-05-04T18:18:00+00:00,LONG,INFERIOR,1.0,14.0,17.0,287.0,0.0,5.0,6.1579,1.7484,16.714285714285193,10.0,0.5982905982906169,-1.1666666666667032,-0.9811965811964812,-1.4239316239316249,-0.25,-0.625,-1.5,-0.9166666666667032,-0.35619658119648123,0.07606837606837513,2.0,4.0,0.9378515185602737,1.7170940170941142,0.875,-1.1965811965812339,-0.125,0.7212121212120196,0.8571428571428571,2.147863247863402,2.25,2.2405904464819644,0.2523484807124137,1.152425510957881,0.9105691056910569,11.73247863247891,32.75
CFD_ATAS_0967_20260504_1439,atas-mt5-lead-lab-causal-v1,2026-05-04,2026-05-04T14:39:00-04:00,2026-05-04T14:40:00-04:00,2026-05-04T14:44:00-04:00,2026-05-04T18:40:00+00:00,2026-05-04T18:44:00+00:00,LONG,INFERIOR,1.0,14.0,39.0,309.0,0.0,5.0,5.369,2.0443,27.692857142856674,11.607142857142858,0.41913850915657147,-0.7330410110910359,-0.28888315708022155,-0.7294299716275857,0.7538461538461538,0.10769230769230768,-0.43076923076923074,-1.4868871649371898,-0.39657546477252925,-0.298660740858355,2.0,4.0,2.340905460900394,1.1988651018829457,1.0769230769230769,-0.743874129481518,0.8615384615384615,0.28693181818183744,0.2222222222222222,2.0005158627804556,1.5076923076923077,0.6949332281597596,-0.3299082625210829,1.5272798896986457,1.1711711711711712,8.182615424297223,28.215384615384615
CFD_ATAS_0968_20260504_1529,atas-mt5-lead-lab-causal-v1,2026-05-04,2026-05-04T15:29:00-04:00,2026-05-04T15:30:00-04:00,2026-05-04T15:30:00-04:00,2026-05-04T19:30:00+00:00,2026-05-04T19:30:00+00:00,SHORT,SUPERIOR,0.0,15.0,29.0,359.0,0.0,5.0,5.3856,1.6901,23.071428571428573,11.25,0.4876160990712074,0.04334365325077399,0.9145510835912681,0.5201238390092879,0.4444444444444444,-0.8888888888888888,-0.7777777777777778,-0.4011007911936704,1.8034399724801569,1.2979016167870658,1.0,2.0,0.10322446445675773,0.48544891640870025,1.1111111111111112,-0.06501547987616099,0.3333333333333333,0.35294117647058826,0.28,1.742414860681146,3.4444444444444446,-0.333308446915317,-0.13855906938626786,0.8582436561711206,0.9960474308300394,13.999999999999998,29.11111111111111
CFD_ATAS_0969_20260505_1035,atas-mt5-lead-lab-causal-v1,2026-05-05,2026-05-05T10:35:00-04:00,2026-05-05T10:36:00-04:00,2026-05-05T10:36:00-04:00,2026-05-05T14:36:00+00:00,2026-05-05T14:36:00+00:00,SHORT,SUPERIOR,0.0,10.0,35.0,65.0,1.0,5.0,6.1594,1.9105,7.128571428572156,17.767857142857142,2.492484969939625,-0.7154308617231697,-0.12625250500970095,-1.2484969939875423,-0.1407035175879397,0.1407035175879397,0.1407035175879397,-0.5747273441352301,-0.2669560225976406,-1.389200511575482,2.0,3.0,0.2545240472464579,1.2625250501000715,0.6331658291457286,-0.6593186372745838,-0.1407035175879397,0.3436293436292883,0.05263157894736842,1.781563126251915,1.1959798994974875,0.42811526982201353,0.16262927667144236,1.0516332982088126,0.8540772532188842,8.234468937875013,9.21608040201005
CFD_ATAS_0970_20260505_1227,atas-mt5-lead-lab-causal-v1,2026-05-05,2026-05-05T12:27:00-04:00,2026-05-05T12:28:00-04:00,2026-05-05T12:28:00-04:00,2026-05-05T16:28:00+00:00,2026-05-05T16:28:00+00:00,LONG,INFERIOR,1.0,12.0,27.0,177.0,1.0,5.0,6.4262,3.3087,5.878571428572156,8.928571428571429,1.5188335358442835,1.2928311057110253,3.7934386391245583,3.3341433778857423,-3.36,-3.6399999999999997,-4.76,4.652831105711025,7.433438639124558,8.094143377885743,3.0,5.0,-3.492936024180206,1.5309842041310378,3.6399999999999997,1.275820170109198,-3.2199999999999998,0.7840000000002014,1.0,4.099635479951261,5.18,-6.309890839400757,-0.2989317595483102,1.0006079027356862,1.0869565217391306,18.303766707167,20.3
CFD_ATAS_0971_20260505_1249,atas-mt5-lead-lab-causal-v1,2026-05-05,2026-05-05T12:49:00-04:00,2026-05-05T12:50:00-04:00,2026-05-05T12:50:00-04:00,2026-05-05T16:50:00+00:00,2026-05-05T16:50:00+00:00,SHORT,SUPERIOR,0.0,12.0,49.0,199.0,1.0,5.0,6.9388,1.6668,19.11428571428639,9.553571428571429,0.4998131539611184,0.7376681614350658,1.2032884902839636,0.3400597907324245,0.3925233644859813,-0.3925233644859813,-1.5700934579439252,0.34514479694908445,1.595811854769945,1.9101532486763497,1.0,3.0,0.059808528055839465,1.0568011958146495,0.6542056074766355,0.7638266068760214,0.3925233644859813,0.14739229024943798,0.6,1.6375186846039809,2.878504672897196,-0.475368127674584,0.40176110271750987,3.24954462659362,1.1630434782608696,10.557548579969884,18.97196261682243
CFD_ATAS_0972_20260506_1109,atas-mt5-lead-lab-causal-v1,2026-05-06,2026-05-06T11:09:00-04:00,2026-05-06T11:10:00-04:00,2026-05-06T11:10:00-04:00,2026-05-06T15:10:00+00:00,2026-05-06T15:10:00+00:00,LONG,INFERIOR,1.0,11.0,9.0,99.0,2.0,5.0,5.9373,2.4887,16.285714285714285,12.142857142857142,0.7456140350877193,-0.7982456140350878,0.9149122807016205,-0.5342105263158342,-0.3088235294117647,-1.1323529411764706,-0.823529411764706,-0.48942208462332304,2.047265221878091,0.28931888544887174,3.0,4.0,-0.5353693260776602,0.964035087719343,0.6176470588235294,-0.8043859649124148,-0.411764705882353,0.13488372093025144,0.4444444444444444,2.259649122806973,1.75,1.1753093244294184,-0.011450864988131186,1.2733873219771066,0.5678496868475991,9.990350877193027,18.323529411764707
CFD_ATAS_0973_20260506_1233,atas-mt5-lead-lab-causal-v1,2026-05-06,2026-05-06T12:33:00-04:00,2026-05-06T12:34:00-04:00,2026-05-06T12:35:00-04:00,2026-05-06T16:34:00+00:00,2026-05-06T16:35:00+00:00,LONG,INFERIOR,1.0,12.0,33.0,183.0,2.0,5.0,5.5573,4.5974,22.392857142857142,7.946428571428571,0.3548644338118022,-0.37065390749598026,2.835725677830941,1.1119617224879408,-0.4719101123595506,-0.15730337078651685,0.15730337078651685,0.10125620486357034,2.993029048617458,0.954658351701424,1.0,1.0,1.1292272742087508,0.736842105263158,0.9438202247191012,-0.2813397129186278,-0.3146067415730337,0.199679230152347,0.14285714285714285,3.9476874003188818,1.2584269662921348,-0.9673893672905967,0.13058837825266667,1.6114109483423193,0.8476190476190476,13.205103668261597,33.348314606741575
CFD_ATAS_0974_20260506_1435,atas-mt5-lead-lab-causal-v1,2026-05-06,2026-05-06T14:35:00-04:00,2026-05-06T14:36:00-04:00,2026-05-06T14:36:00-04:00,2026-05-06T18:36:00+00:00,2026-05-06T18:36:00+00:00,SHORT,SUPERIOR,0.0,14.0,35.0,305.0,2.0,5.0,8.2389,1.6726,8.078571428571065,8.392857142857142,1.0389036251105683,0.3465959328027549,0.8664898320071124,0.21043324491610307,-1.7872340425531916,-4.021276595744681,-2.6808510638297873,2.1338299753559467,4.887766427751794,2.8912843087458904,3.0,3.0,-3.4580254144070577,1.1759504862953667,2.0851063829787235,0.27232537577375393,-1.7872340425531916,0.10967741935491139,0.5,1.7577365163573753,4.617021276595745,2.8777528437919675,-0.07891985144138443,0.6552723059095936,1.125748502994012,36.603006189214824,39.17021276595745
CFD_ATAS_0975_20260507_0955,atas-mt5-lead-lab-causal-v1,2026-05-07,2026-05-07T09:55:00-04:00,2026-05-07T09:56:00-04:00,2026-05-07T09:56:00-04:00,2026-05-07T13:56:00+00:00,2026-05-07T13:56:00+00:00,SHORT,SUPERIOR,0.0,9.0,55.0,25.0,3.0,5.0,5.1957,2.2826,4.492857142856987,24.285714285714285,5.4054054054055936,0.26709062003196776,1.4022257551676283,1.6025437201909967,-0.15441176470588236,-1.4926470588235294,-1.5955882352941178,0.4215023847378501,2.8948728139911575,3.198131955485114,3.0,4.0,-1.294075641116048,1.2241653418124432,0.6176470588235294,0.24483306836297447,-0.10294117647058824,1.0,0.4492753623188406,3.449920508744158,3.1911764705882355,1.8835026354159048,-0.24769108254634165,0.8784916201116298,1.0625,5.475357710652505,3.860294117647059
CFD_ATAS_0976_20260507_1230,atas-mt5-lead-lab-causal-v1,2026-05-07,2026-05-07T12:30:00-04:00,2026-05-07T12:31:00-04:00,2026-05-07T12:32:00-04:00,2026-05-07T16:31:00+00:00,2026-05-07T16:32:00+00:00,SHORT,SUPERIOR,0.0,12.0,30.0,180.0,3.0,5.0,5.3928,2.9554,9.442857142856676,21.696428571428573,2.2976550680787824,1.8956127080184022,1.874432677761138,1.94856278366137,0.345679012345679,0.23045267489711932,-0.23045267489711932,1.5499336956727232,1.6439800028640186,2.179015458558489,1.0,2.0,0.7670737511589749,3.7065052950077475,0.5761316872427983,1.8956127080184022,0.345679012345679,0.380165289256217,0.14285714285714285,3.7065052950077475,1.2098765432098764,1.541041506491534,-0.12205110961680536,1.359383033418905,1.0872483221476512,6.311649016641995,14.172839506172838
CFD_ATAS_0977_20260507_1318,atas-mt5-lead-lab-causal-v1,2026-05-07,2026-05-07T13:18:00-04:00,2026-05-07T13:19:00-04:00,2026-05-07T13:23:00-04:00,2026-05-07T17:19:00+00:00,2026-05-07T17:23:00+00:00,SHORT,SUPERIOR,0.0,13.0,18.0,228.0,3.0,5.0,5.6079,2.1276,16.67857142857195,19.732142857142858,1.1830835117772651,0.1199143468950712,-0.8214132762312814,-0.7674518201284121,0.8235294117647058,1.3936651583710407,2.2171945701357467,-0.7036150648696347,-2.2150784346023222,-2.984646390264159,1.0,1.0,2.6884990652768956,0.8513918629550492,1.2669683257918551,0.05396145610265117,0.8868778280542986,0.39263803680976733,0.813953488372093,1.9426124197000225,2.660633484162896,-2.1057871984480103,0.03066553346454602,0.990666100975814,1.0068337129840548,9.023554603854109,16.217194570135746
CFD_ATAS_0978_20260507_1409,atas-mt5-lead-lab-causal-v1,2026-05-07,2026-05-07T14:09:00-04:00,2026-05-07T14:10:00-04:00,2026-05-07T14:10:00-04:00,2026-05-07T18:10:00+00:00,2026-05-07T18:10:00+00:00,LONG,INFERIOR,1.0,14.0,9.0,279.0,3.0,5.0,6.42,2.0038,14.821428571428312,22.589285714285715,1.5240963855421954,0.47903614457846894,1.8959036144580117,-1.1402409638552944,-1.383399209486166,-1.6600790513833992,-0.8300395256916996,1.862435354064635,3.5559826658414107,-0.3102014381635948,2.0,2.0,-1.3681959284580838,0.6612048192773163,1.9920948616600789,0.4250602409638138,-1.383399209486166,0.2311901504787594,0.2830188679245283,3.501686746988111,2.766798418972332,0.4399389953079833,-0.16298162004299624,1.0159118727049734,1.0765957446808512,16.145542168675178,17.375494071146246
CFD_ATAS_0979_20260507_1424,atas-mt5-lead-lab-causal-v1,2026-05-07,2026-05-07T14:24:00-04:00,2026-05-07T14:25:00-04:00,2026-05-07T14:25:00-04:00,2026-05-07T18:25:00+00:00,2026-05-07T18:25:00+00:00,LONG,INFERIOR,1.0,14.0,24.0,294.0,3.0,5.0,5.293,2.3986,14.650000000000675,16.071428571428573,1.0970258410530944,-1.1740614334468462,0.47781569965868104,-0.6552901023889489,-0.7,-1.0888888888888888,-1.4777777777777776,-0.47406143344684626,1.5667045885475699,0.8224876753888287,2.0,4.0,-0.8715139345173438,1.8703071672352596,1.1666666666666665,-1.201365187713156,-0.6222222222222221,0.165517241379306,0.8260869565217391,2.047781569965776,2.1777777777777776,-0.7280567073351072,-0.3469479814778663,1.0061319597743705,0.767590618336887,16.334470989760536,24.42222222222222
CFD_ATAS_0980_20260507_1518,atas-mt5-lead-lab-causal-v1,2026-05-07,2026-05-07T15:18:00-04:00,2026-05-07T15:19:00-04:00,2026-05-07T15:19:00-04:00,2026-05-07T19:19:00+00:00,2026-05-07T19:19:00+00:00,LONG,INFERIOR,1.0,15.0,18.0,348.0,3.0,5.0,8.5394,2.251,25.785714285714544,16.25,0.6301939058171682,-0.8609418282548672,0.4382271468143718,-1.473684210526301,0.0,-2.076923076923077,-2.5384615384615383,-0.8609418282548672,2.515150223737449,1.0647773279352373,1.0,3.0,-0.8721989985597947,1.0199445983379116,1.3846153846153846,-0.8493074792242836,0.0,0.3619047619047619,0.8918918918918919,2.959002770083045,3.3076923076923075,1.0001590891203813,-0.32629859012969437,1.5016638935107987,0.9732620320855614,11.925207756232567,24.153846153846153
CFD_ATAS_0981_20260507_1537,atas-mt5-lead-lab-causal-v1,2026-05-07,2026-05-07T15:37:00-04:00,2026-05-07T15:38:00-04:00,2026-05-07T15:38:00-04:00,2026-05-07T19:38:00+00:00,2026-05-07T19:38:00+00:00,SHORT,SUPERIOR,0.0,15.0,37.0,367.0,3.0,5.0,7.9111,1.5594,15.164285714285922,16.339285714285715,1.0774846914743141,-0.026377767310265494,0.6330664154499704,0.4945831370701769,-0.6120218579234973,-1.530054644808743,-1.9890710382513659,0.5856440906132317,2.1631210602587134,2.4836541753215426,2.0,3.0,-0.7528262299966751,0.8374941121055476,1.1475409836065573,-0.03956665096551819,-0.6120218579234973,0.37313432835823596,1.0,1.9255770136599368,2.830601092896175,0.4168860874709744,-0.357930661091415,0.7889260497956354,0.9682539682539684,20.277908619877252,24.021857923497265
CFD_ATAS_0982_20260508_1013,atas-mt5-lead-lab-causal-v1,2026-05-08,2026-05-08T10:13:00-04:00,2026-05-08T10:14:00-04:00,2026-05-08T10:14:00-04:00,2026-05-08T14:14:00+00:00,2026-05-08T14:14:00+00:00,SHORT,SUPERIOR,0.0,10.0,13.0,43.0,4.0,5.0,6.0735,2.0,6.835714285713818,20.267857142857142,2.9649947753398056,-0.3803552769068142,-0.6729362591429888,-0.5705329153607535,-0.801762114537445,-0.9251101321585903,-0.24669603524229075,0.42140683763063075,0.25217387301560146,-0.3238368801184627,3.0,4.0,-0.49587838264053485,0.6729362591429888,0.986784140969163,-0.35109717868362245,-0.801762114537445,0.22285714285722602,0.125,2.1358411703238622,1.8502202643171806,0.49553941567124543,-0.03237994419964561,1.0084299262380996,0.8697318007662835,6.992685475444468,13.321585903083701
CFD_ATAS_0983_20260508_1133,atas-mt5-lead-lab-causal-v1,2026-05-08,2026-05-08T11:33:00-04:00,2026-05-08T11:34:00-04:00,2026-05-08T11:35:00-04:00,2026-05-08T15:34:00+00:00,2026-05-08T15:35:00+00:00,SHORT,SUPERIOR,0.0,11.0,33.0,123.0,4.0,5.0,6.2198,3.339,11.307142857143065,16.339285714285715,1.4450410612760316,-1.7068856601392026,-2.8300694883132773,-3.705622236260326,0.30601092896174864,-0.9945355191256829,-0.15300546448087432,-2.012896589100951,-1.8355339691875945,-3.5526167717794515,2.0,3.0,0.8156970728786415,1.7422615287426038,0.53551912568306,-1.6361339229311134,0.30601092896174864,1.0,0.045454545454545456,3.882501579279584,2.2185792349726774,-2.11953001519786,-0.17526787219921694,1.99244808055378,1.1226993865030674,8.48136449778866,20.196721311475407
CFD_ATAS_0984_20260508_1146,atas-mt5-lead-lab-causal-v1,2026-05-08,2026-05-08T11:46:00-04:00,2026-05-08T11:47:00-04:00,2026-05-08T11:47:00-04:00,2026-05-08T15:47:00+00:00,2026-05-08T15:47:00+00:00,SHORT,SUPERIOR,0.0,11.0,46.0,136.0,4.0,5.0,5.7664,1.6702,14.321428571428312,13.482142857142858,0.9413965087281967,0.13965087281795766,1.459351620947505,0.7960099750622062,-0.6490066225165563,-1.390728476821192,-0.09271523178807947,0.7886574953345139,2.8500800977686973,0.8887252068502857,3.0,3.0,-0.9481774870974292,0.36309226932648664,1.1125827814569536,0.12568578553611107,-0.6490066225165563,0.3294797687860433,0.034482758620689655,2.031920199501182,2.5033112582781456,-0.09734972906043132,0.06107526369748576,2.2993119266056357,0.9467084639498433,9.342643391521316,26.516556291390728
CFD_ATAS_0985_20260511_1034,atas-mt5-lead-lab-causal-v1,2026-05-11,2026-05-11T10:34:00-04:00,2026-05-11T10:35:00-04:00,2026-05-11T10:35:00-04:00,2026-05-11T14:35:00+00:00,2026-05-11T14:35:00+00:00,SHORT,SUPERIOR,0.0,10.0,34.0,64.0,0.0,5.0,7.35,2.8233,8.785714285714286,28.928571428571427,3.2926829268292677,0.23902439024373678,1.2747967479675624,0.5804878048778831,-0.5185185185185186,-1.9012345679012346,-1.080246913580247,0.7575429087622554,3.176031315868797,1.66073471845813,3.0,4.0,-1.5591169875635253,0.5463414634145513,0.8209876543209877,0.18211382113804572,-0.5185185185185186,0.1694352159468037,0.30864197530864196,2.754471544715116,2.506172839506173,-0.7834457590037162,-0.04942785073444589,1.153305203938198,1.195571955719557,11.291056910568773,6.481481481481482
CFD_ATAS_0986_20260511_1038,atas-mt5-lead-lab-causal-v1,2026-05-11,2026-05-11T10:38:00-04:00,2026-05-11T10:39:00-04:00,2026-05-11T10:39:00-04:00,2026-05-11T14:39:00+00:00,2026-05-11T14:39:00+00:00,SHORT,SUPERIOR,0.0,10.0,38.0,68.0,0.0,5.0,5.0409,2.234,9.028571428571013,31.875,3.5304588607596563,-0.033227848101589706,1.7943037974681146,0.8528481012655397,0.1568627450980392,-0.3137254901960784,-1.2156862745098038,-0.19009059319962893,2.108029287664193,2.0685343757753434,1.0,3.0,-0.3042943036125507,0.6867088607596059,0.5098039215686274,0.022151898733855882,0.19607843137254902,0.2610169491524437,0.6888888888888889,2.425632911392678,1.7254901960784315,-0.024323557348851516,-0.02783613353580454,1.1703703703703559,1.3053016453382085,10.987341772152082,5.882352941176471
CFD_ATAS_0987_20260511_1433,atas-mt5-lead-lab-causal-v1,2026-05-11,2026-05-11T14:33:00-04:00,2026-05-11T14:34:00-04:00,2026-05-11T14:35:00-04:00,2026-05-11T18:34:00+00:00,2026-05-11T18:35:00+00:00,SHORT,SUPERIOR,0.0,14.0,33.0,303.0,0.0,5.0,6.8408,2.547,11.13571428571413,8.660714285714286,0.7777421423989846,-0.0,1.2661962796666666,0.3502245028866013,0.43298969072164945,0.28865979381443296,1.5876288659793814,-0.43298969072164945,0.9775364858522336,-1.23740436309278,1.0,1.0,1.2051128513597373,0.7273893521486928,1.1546391752577319,-0.05388069275163403,0.43298969072164945,0.16049382716053448,0.5238095238095238,2.6581141757535947,2.1649484536082473,-1.4674457890390198,-0.14729052181467944,0.8061013443640102,1.005181347150259,17.17896087235425,26.845360824742265
CFD_ATAS_0988_20260512_1032,atas-mt5-lead-lab-causal-v1,2026-05-12,2026-05-12T10:32:00-04:00,2026-05-12T10:33:00-04:00,2026-05-12T10:33:00-04:00,2026-05-12T14:33:00+00:00,2026-05-12T14:33:00+00:00,LONG,INFERIOR,1.0,10.0,32.0,62.0,1.0,5.0,5.5379,1.6821,7.714285714285454,30.0,3.88888888888902,-0.324074074074085,-0.194444444444451,0.2851851851848175,-0.20833333333333334,-1.7916666666666667,-3.4583333333333335,-0.11574074074075166,1.5972222222222157,3.743518518518151,3.0,5.0,-1.5414309279959222,0.9333333333329875,1.25,-0.29814814814853546,-0.25,0.2340425531911435,1.0,1.685185185185242,3.8333333333333335,-2.300884722303828,-0.04349452992821274,0.8692152917504483,0.9044414535666216,12.107407407408004,9.083333333333334
CFD_ATAS_0989_20260512_1221,atas-mt5-lead-lab-causal-v1,2026-05-12,2026-05-12T12:21:00-04:00,2026-05-12T12:22:00-04:00,2026-05-12T12:22:00-04:00,2026-05-12T16:22:00+00:00,2026-05-12T16:22:00+00:00,LONG,INFERIOR,1.0,12.0,21.0,171.0,1.0,5.0,5.9577,2.0846,8.86428571428561,20.892857142857142,2.3569701853344354,0.7332796132151577,1.3086220789688352,-0.13537469782441888,-1.435897435897436,-1.2564102564102564,-1.794871794871795,2.1691770491125935,2.5650323353790916,1.6594970970473761,2.0,3.0,-1.2231471372798879,1.263497179693892,1.794871794871795,0.7558420628526292,-1.4957264957264957,0.029411764705895467,0.6521739130434783,1.895245769540633,2.393162393162393,-1.2476158016879633,-0.33801589109596725,0.8262316910785282,0.972972972972973,13.85334407735705,23.213675213675213
CFD_ATAS_0990_20260512_1323,atas-mt5-lead-lab-causal-v1,2026-05-12,2026-05-12T13:23:00-04:00,2026-05-12T13:24:00-04:00,2026-05-12T13:24:00-04:00,2026-05-12T17:24:00+00:00,2026-05-12T17:24:00+00:00,SHORT,SUPERIOR,0.0,13.0,23.0,233.0,1.0,5.0,5.251,1.7184,25.192857142856674,17.053571428571427,0.6769208959455754,0.5398355542953875,1.1828749645591086,0.46838673093278393,-0.9528795811518326,-1.9790575916230368,-2.7120418848167542,1.4927151354472201,3.1619325561821454,3.180428615749538,3.0,5.0,-1.0362580556026295,0.6747944428693066,1.099476439790576,0.54777431244682,-0.9528795811518326,0.15691489361701008,1.0,1.9529345052453162,3.2251308900523563,3.418477607329259,-0.08728068750465509,0.8080183276059314,0.8761467889908255,8.216614686702734,32.47120418848168
CFD_ATAS_0991_20260512_1336,atas-mt5-lead-lab-causal-v1,2026-05-12,2026-05-12T13:36:00-04:00,2026-05-12T13:37:00-04:00,2026-05-12T13:37:00-04:00,2026-05-12T17:37:00+00:00,2026-05-12T17:37:00+00:00,LONG,INFERIOR,1.0,13.0,36.0,246.0,1.0,5.0,7.7159,1.6574,30.57142857142909,19.553571428571427,0.6396028037383068,0.6214953271027932,0.6214953271027932,0.13084112149532487,0.12785388127853883,-0.8310502283105023,0.3835616438356165,0.4936414458242544,1.4525455554132956,-0.25272052234029163,1.0,1.0,-0.08447393836718282,0.9387850467289798,0.6392694063926941,0.5757009345793819,0.12785388127853883,0.05154639175257829,0.11538461538461539,1.7957943925232625,2.17351598173516,1.1596190016999266,0.16161141306952664,0.980526918671253,1.0092165898617511,9.440186915887642,28.31963470319635
CFD_ATAS_0992_20260512_1408,atas-mt5-lead-lab-causal-v1,2026-05-12,2026-05-12T14:08:00-04:00,2026-05-12T14:09:00-04:00,2026-05-12T14:09:00-04:00,2026-05-12T18:09:00+00:00,2026-05-12T18:09:00+00:00,LONG,INFERIOR,1.0,14.0,8.0,278.0,1.0,5.0,5.3229,2.306,21.871428571428883,16.875,0.7715545395166448,-0.06858262573481287,1.2527759634226483,0.6126714565643948,0.07407407407407407,-0.8148148148148148,-1.1111111111111112,-0.14265669980888696,2.067590778237463,1.723782567675506,1.0,3.0,0.004633862287220028,0.9830176355323178,0.5925925925925926,-0.027433050293858615,0.14814814814814814,0.3018018018018247,0.7142857142857143,2.313520574787621,1.7777777777777777,0.4673950450973956,0.20272391168630366,0.821462105969172,0.984375,14.987589810581072,32.81481481481482
CFD_ATAS_0993_20260512_1431,atas-mt5-lead-lab-causal-v1,2026-05-12,2026-05-12T14:31:00-04:00,2026-05-12T14:32:00-04:00,2026-05-12T14:33:00-04:00,2026-05-12T18:32:00+00:00,2026-05-12T18:33:00+00:00,LONG,INFERIOR,1.0,14.0,31.0,301.0,1.0,5.0,6.6299,1.6794,24.307142857143067,14.821428571428571,0.6097560975609704,0.40317367029088635,0.8186893917132471,0.11930649426982082,-0.25301204819277107,-0.25301204819277107,0.42168674698795183,0.6561857184836575,1.071701439906018,-0.302380252718131,2.0,2.0,0.16202766995688378,0.8063473405817727,1.0963855421686748,0.3784895680282371,-0.25301204819277107,0.056092843326917184,0.2,1.7361151924772409,1.9397590361445785,1.128061296045506,-0.27455374590882675,1.0254633117372665,0.9378531073446328,18.052306788127936,37.36144578313253
CFD_ATAS_0994_20260513_1124,atas-mt5-lead-lab-causal-v1,2026-05-13,2026-05-13T11:24:00-04:00,2026-05-13T11:25:00-04:00,2026-05-13T11:25:00-04:00,2026-05-13T15:25:00+00:00,2026-05-13T15:25:00+00:00,LONG,INFERIOR,1.0,11.0,24.0,114.0,2.0,5.0,9.2754,3.2418,10.200000000000207,14.464285714285714,1.4180672268907275,-0.009803921568484586,1.0980392156863235,-1.5294117647057086,-0.17283950617283952,-0.9506172839506173,-0.9506172839506173,0.16303558460435494,2.048656499636941,-0.5787944807550913,2.0,3.0,0.2984602341825433,0.7549019607843698,1.3827160493827162,-0.19607843137254505,-0.17283950617283952,0.3732057416267984,0.5238095238095238,4.245098039215529,2.419753086419753,0.7017535121047618,-0.1606483798588928,1.400686611083933,0.7152317880794702,8.892156862744988,19.01234567901235
CFD_ATAS_0995_20260513_1251,atas-mt5-lead-lab-causal-v1,2026-05-13,2026-05-13T12:51:00-04:00,2026-05-13T12:52:00-04:00,2026-05-13T12:52:00-04:00,2026-05-13T16:52:00+00:00,2026-05-13T16:52:00+00:00,LONG,INFERIOR,1.0,12.0,51.0,201.0,2.0,5.0,6.5818,2.1811,38.8571428571426,10.803571428571429,0.278033088235296,0.9702205882353193,1.7422794117647362,-0.04632352941174629,0.5785123966942148,-0.8099173553719008,0.4628099173553719,0.3917081915411045,2.5521967671366372,-0.5091334467671182,2.0,2.0,-0.7346773984215188,1.4952205882352667,1.3884297520661157,0.9779411764705948,0.5785123966942148,0.009146341463410972,0.14285714285714285,2.2801470588235073,2.1983471074380163,0.8530511462210978,-0.09688389062960888,2.586165913952869,0.7538940809968848,8.343382352941251,34.71074380165289
CFD_ATAS_0996_20260513_1407,atas-mt5-lead-lab-causal-v1,2026-05-13,2026-05-13T14:07:00-04:00,2026-05-13T14:08:00-04:00,2026-05-13T14:09:00-04:00,2026-05-13T18:08:00+00:00,2026-05-13T18:09:00+00:00,SHORT,SUPERIOR,0.0,14.0,7.0,277.0,2.0,5.0,7.9281,2.1223,12.84285714285709,9.821428571428571,0.7647385984427173,0.6929922135707501,1.160177975528483,1.5884315906564046,-0.1272727272727273,-0.2545454545454546,-1.6545454545454545,0.8202649408434775,1.4147234300739375,3.242977045201859,2.0,4.0,1.0800757814178625,1.0667408231368798,0.7636363636363637,0.7007786429365991,-0.1272727272727273,0.5151515151515709,0.8666666666666667,2.2969966629588527,2.4181818181818184,-0.22407648526489146,-0.12222594356948335,0.5863362139246785,1.0476190476190477,25.243604004449548,42.89090909090909
CFD_ATAS_0997_20260513_1413,atas-mt5-lead-lab-causal-v1,2026-05-13,2026-05-13T14:13:00-04:00,2026-05-13T14:14:00-04:00,2026-05-13T14:14:00-04:00,2026-05-13T18:14:00+00:00,2026-05-13T18:14:00+00:00,SHORT,SUPERIOR,0.0,14.0,13.0,283.0,2.0,5.0,6.2231,2.4668,13.585714285714078,10.267857142857142,0.7557833859095804,-0.23554153522613497,1.3617245005257832,0.6256572029442787,-1.3391304347826087,-1.7043478260869567,-2.9217391304347826,1.1035888995564738,3.0660723266127397,3.5473963333790612,2.0,4.0,-1.3111671928984479,1.1188222923239404,1.4608695652173913,-0.2649842271292345,-1.3391304347826087,0.23943661971830985,0.8,2.6719242902208076,3.0434782608695654,2.3438519691188495,-0.07759495824721296,0.6431107354184376,1.0952380952380951,23.863301787592427,42.97391304347826
CFD_ATAS_0998_20260513_1447,atas-mt5-lead-lab-causal-v1,2026-05-13,2026-05-13T14:47:00-04:00,2026-05-13T14:48:00-04:00,2026-05-13T14:48:00-04:00,2026-05-13T18:48:00+00:00,2026-05-13T18:48:00+00:00,SHORT,SUPERIOR,0.0,14.0,47.0,317.0,2.0,5.0,7.7486,1.806,12.435714285714182,10.357142857142858,0.832854681217698,-0.032165422171283285,1.206203331418735,-0.4985640436531356,0.48275862068965514,0.7241379310344828,1.8103448275862069,-0.5149240428609384,0.4820654003842523,-2.3089088712393426,1.0,1.0,1.1426976811134253,0.7398047099368826,0.8448275862068965,-0.08845491097088275,0.3620689655172414,0.14285714285714285,0.5172413793103449,2.0103388856978914,2.293103448275862,-1.5244342596016818,0.03750690077560207,0.8772990677752316,1.0,26.070074669730317,47.43103448275862
CFD_ATAS_0999_20260513_1528,atas-mt5-lead-lab-causal-v1,2026-05-13,2026-05-13T15:28:00-04:00,2026-05-13T15:29:00-04:00,2026-05-13T15:30:00-04:00,2026-05-13T19:29:00+00:00,2026-05-13T19:30:00+00:00,SHORT,SUPERIOR,0.0,15.0,28.0,358.0,2.0,5.0,7.6422,1.9766,15.285714285714286,10.714285714285714,0.7009345794392523,-0.4056074766355616,-1.223364485981356,-2.5252336448597177,0.23333333333333334,-0.9333333333333333,-0.4666666666666667,-0.6389408099688949,-0.2900311526480226,-2.058566978193051,2.0,3.0,0.766987843047779,0.464485981308316,0.5833333333333334,-0.34018691588789807,0.35000000000000003,0.5975232198142324,0.18181818181818182,2.57102803738313,2.3333333333333335,-2.117654641412087,-0.1073630427775579,1.0805352183791714,1.0126582278481013,23.99626168224294,45.85
CFD_ATAS_1000_20260514_1015,atas-mt5-lead-lab-causal-v1,2026-05-14,2026-05-14T10:15:00-04:00,2026-05-14T10:16:00-04:00,2026-05-14T10:16:00-04:00,2026-05-14T14:16:00+00:00,2026-05-14T14:16:00+00:00,SHORT,SUPERIOR,0.0,10.0,15.0,45.0,3.0,5.0,6.025,1.8559,7.107142857143117,24.285714285714285,3.4170854271355533,0.3376884422107358,1.674371859296114,1.54773869346728,-0.9264705882352942,-0.9264705882352942,-2.0073529411764706,1.26415903044603,2.6008424475314085,3.555091634643751,2.0,4.0,-0.8313962511479023,0.7035175879396728,1.3897058823529411,0.3236180904521471,-0.9264705882352942,0.7333333333333333,0.7959183673469388,2.3497487437186093,3.088235294117647,0.8375955127640711,0.06658475933849328,0.8789752650175813,0.7999999999999999,8.695477386934765,9.316176470588236
CFD_ATAS_1001_20260514_1029,atas-mt5-lead-lab-causal-v1,2026-05-14,2026-05-14T10:29:00-04:00,2026-05-14T10:30:00-04:00,2026-05-14T10:30:00-04:00,2026-05-14T14:30:00+00:00,2026-05-14T14:30:00+00:00,LONG,INFERIOR,1.0,10.0,29.0,59.0,3.0,5.0,7.8983,1.8083,8.97857142857174,22.410714285714285,2.4960222752584653,0.4009546539381767,1.2028639618137196,-0.6459824980110341,0.39043824701195223,0.16733067729083667,-0.27888446215139445,0.010516406926224464,1.0355332845228828,-0.3670980358596397,1.0,2.0,0.3560927045256998,0.6793953858391143,1.2270916334661355,0.4120922832140683,0.39043824701195223,0.17901234567900196,0.09433962264150944,2.3389021479712793,1.8406374501992033,0.8798147661100888,-0.04594771527277891,1.1791744840525094,0.8229508196721311,7.5401750198884425,10.095617529880478
CFD_ATAS_1002_20260514_1148,atas-mt5-lead-lab-causal-v1,2026-05-14,2026-05-14T11:48:00-04:00,2026-05-14T11:49:00-04:00,2026-05-14T11:49:00-04:00,2026-05-14T15:49:00+00:00,2026-05-14T15:49:00+00:00,LONG,INFERIOR,1.0,11.0,48.0,138.0,3.0,5.0,6.8892,2.2561,9.728571428571481,13.214285714285714,1.3582966226137958,-0.6270190895740027,0.5653450807635799,-0.3803230543315637,0.0,-0.7567567567567568,-0.5675675675675677,-0.6270190895740027,1.3221018375203366,0.18724451323600394,1.0,2.0,-0.05247178604201779,0.9970631424376611,0.5675675675675677,-0.6784140969161463,0.0,0.13754646840140855,0.5,2.3847283406755393,1.6081081081081081,0.7029815075033113,-0.2190179504507272,1.1931668856768085,0.9487179487179487,7.2158590308370405,23.83783783783784
CFD_ATAS_1003_20260514_1158,atas-mt5-lead-lab-causal-v1,2026-05-14,2026-05-14T11:58:00-04:00,2026-05-14T11:59:00-04:00,2026-05-14T11:59:00-04:00,2026-05-14T15:59:00+00:00,2026-05-14T15:59:00+00:00,LONG,INFERIOR,1.0,11.0,58.0,148.0,3.0,5.0,7.4024,2.484,10.735714285714494,9.375,0.8732534930139552,0.06520292747844308,2.3100465735198537,-0.027944111776378792,-0.13333333333333333,1.0666666666666667,2.2666666666666666,0.19853626081177642,1.243379906853187,-2.2946107784430456,1.0,1.0,1.1315020148134014,0.8103792415170181,0.6666666666666666,0.037258815702064296,-0.13333333333333333,0.006012024048080998,0.8947368421052632,2.3938789088489902,2.2666666666666666,1.4280854134069805,-0.03617444933798049,1.2452361226180215,0.6907894736842105,9.119095143047199,33.6
CFD_ATAS_1004_20260514_1215,atas-mt5-lead-lab-causal-v1,2026-05-14,2026-05-14T12:15:00-04:00,2026-05-14T12:16:00-04:00,2026-05-14T12:16:00-04:00,2026-05-14T16:16:00+00:00,2026-05-14T16:16:00+00:00,LONG,INFERIOR,1.0,12.0,15.0,165.0,3.0,5.0,5.2125,1.9297,12.557142857143065,10.446428571428571,0.831911262798621,0.05574516496023905,1.5688282138794405,0.9476678043231946,1.1965811965811965,-0.717948717948718,-0.47863247863247865,-1.1408360316209576,2.2867769318281583,1.4263002829556732,2.0,2.0,-0.12552050807932194,0.5654152445960068,1.3162393162393162,0.03185437997736223,1.1965811965811965,0.43272727272732564,0.14285714285714285,2.2218430034130483,2.871794871794872,0.40151236951362096,-0.08244926838928011,1.3119402985075022,0.8210526315789474,10.217292377701996,30.99145299145299
CFD_ATAS_1005_20260514_1302,atas-mt5-lead-lab-causal-v1,2026-05-14,2026-05-14T13:02:00-04:00,2026-05-14T13:03:00-04:00,2026-05-14T13:06:00-04:00,2026-05-14T17:03:00+00:00,2026-05-14T17:06:00+00:00,LONG,INFERIOR,1.0,13.0,2.0,212.0,3.0,5.0,5.1275,2.9062,34.00714285714275,14.285714285714286,0.42007981516488263,-0.7968914093677395,1.3644192396555814,-0.30581810543997034,0.0875,0.9624999999999999,1.4874999999999998,-0.8843914093677395,0.4019192396555815,-1.7933181054399703,0.0,0.0,1.987577072681779,0.8498214660786003,0.7,-0.761604704893868,0.0875,0.06607369758575579,1.0,2.6229783658895482,2.4499999999999997,1.4724562741198886,0.01647852337255754,2.152837440651157,0.9411764705882353,6.922075194286978,22.662499999999998
CFD_ATAS_1006_20260514_1326,atas-mt5-lead-lab-causal-v1,2026-05-14,2026-05-14T13:26:00-04:00,2026-05-14T13:27:00-04:00,2026-05-14T13:30:00-04:00,2026-05-14T17:27:00+00:00,2026-05-14T17:30:00+00:00,SHORT,SUPERIOR,0.0,13.0,26.0,236.0,3.0,5.0,6.3123,2.8049,20.235714285714494,26.160714285714285,1.2927991528414975,-0.4793505118249516,1.7790328273914395,1.1563713378045075,0.09556313993174062,1.0989761092150172,0.4778156996587031,-0.5749136517566922,0.6800567181764223,0.6785556381458044,0.0,1.0,1.5169532752377315,0.5683021531944876,1.242320819112628,-0.4447582068478599,0.09556313993174062,0.31200000000001943,0.2,2.8217437345570855,2.2457337883959045,-0.9138226911446055,0.37102211738334284,0.8336030601736182,1.6187845303867403,11.63289798799854,12.37542662116041
CFD_ATAS_1007_20260514_1431,atas-mt5-lead-lab-causal-v1,2026-05-14,2026-05-14T14:31:00-04:00,2026-05-14T14:32:00-04:00,2026-05-14T14:32:00-04:00,2026-05-14T18:32:00+00:00,2026-05-14T18:32:00+00:00,SHORT,SUPERIOR,0.0,14.0,31.0,301.0,3.0,5.0,5.6171,1.9437,12.421428571428935,13.571428571428571,1.0925819436457413,-0.07245543415767684,0.5635422656699087,0.16101207590568822,0.6447368421052632,-1.1973684210526316,-1.105263157894737,-0.71719227626294,1.7609106867225404,1.266275233800425,2.0,3.0,-1.0868398699170747,0.6440483036227529,0.8289473684210527,-0.08050603795284411,0.6447368421052632,0.06802721088435038,0.375,1.8274870615296197,2.486842105263158,-0.7999459499240318,0.18762655207382192,0.8241706161137753,0.8306010928961748,26.188614146060424,23.855263157894736
CFD_ATAS_1008_20260515_1133,atas-mt5-lead-lab-causal-v1,2026-05-15,2026-05-15T11:33:00-04:00,2026-05-15T11:34:00-04:00,2026-05-15T11:34:00-04:00,2026-05-15T15:34:00+00:00,2026-05-15T15:34:00+00:00,LONG,INFERIOR,1.0,11.0,33.0,123.0,4.0,5.0,5.4682,1.8143,16.671428571427896,25.892857142857142,1.553127677806404,-0.4078834618680106,0.743787489288892,-1.1396743787489751,-0.9655172413793104,-0.33793103448275863,1.110344827586207,0.5576337795112998,1.0817185237716507,-2.250019206335182,1.0,1.0,-0.029788813897456717,0.8877463581833686,1.303448275862069,-0.36589545844037313,-0.8689655172413794,0.2878787878787879,0.36507936507936506,2.645244215938323,2.3655172413793104,1.4956013260511203,0.29410314299864915,1.1905126243304731,0.882800608828006,12.812339331619969,11.344827586206897
CFD_ATAS_1009_20260515_1458,atas-mt5-lead-lab-causal-v1,2026-05-15,2026-05-15T14:58:00-04:00,2026-05-15T14:59:00-04:00,2026-05-15T15:02:00-04:00,2026-05-15T18:59:00+00:00,2026-05-15T19:02:00+00:00,LONG,INFERIOR,1.0,14.0,58.0,328.0,4.0,5.0,6.2055,2.1915,26.271428571428,16.160714285714285,0.6151441000543907,0.9820554649265842,0.8107667210440356,1.122892876563374,0.23204419889502764,-1.4696132596685083,-0.7734806629834254,0.7500112660315565,2.280379980712544,1.8963735395467995,2.0,2.0,0.4781051173209321,0.9668297988036356,0.7734806629834254,0.9249592169657347,0.23204419889502764,0.41843971631205673,0.29411764705882354,2.2153344208809895,2.3204419889502765,0.4745525115313896,-0.10196589209618388,1.0105783761505562,0.9402597402597402,11.122349102773516,24.59668508287293
CFD_ATAS_1010_20260515_1537,atas-mt5-lead-lab-causal-v1,2026-05-15,2026-05-15T15:37:00-04:00,2026-05-15T15:38:00-04:00,2026-05-15T15:38:00-04:00,2026-05-15T19:38:00+00:00,2026-05-15T19:38:00+00:00,SHORT,SUPERIOR,0.0,15.0,37.0,367.0,4.0,5.0,5.8907,1.6433,15.535714285714025,15.0,0.9655172413793265,0.09655172413793266,0.6758620689655286,0.6243678160920113,0.6666666666666666,-0.16666666666666666,-0.25,-0.570114942528734,0.8425287356321952,0.8743678160920113,2.0,3.0,0.1808743730049173,0.933333333333349,0.8333333333333334,0.03218390804597755,0.6666666666666666,0.40248962655601034,0.08571428571428572,1.6735632183908327,2.1666666666666665,-0.15957253818207923,0.1411730105081741,0.664426454864819,0.9032258064516129,18.808275862069326,26.5
CFD_ATAS_1011_20260518_1013,atas-mt5-lead-lab-causal-v1,2026-05-18,2026-05-18T10:13:00-04:00,2026-05-18T10:14:00-04:00,2026-05-18T10:14:00-04:00,2026-05-18T14:14:00+00:00,2026-05-18T14:14:00+00:00,LONG,INFERIOR,1.0,10.0,13.0,43.0,0.0,5.0,7.0873,3.746,14.242857142857247,42.232142857142854,2.965145436308905,0.3721163490470876,1.4322968906718523,0.8706118355063599,-0.266384778012685,-0.5623678646934461,-0.266384778012685,0.6385011270597727,1.9946647553652985,1.1369966135190448,2.0,2.0,0.09014916974285975,0.772316950852552,1.06553911205074,0.400200601805209,-0.266384778012685,0.2073578595317386,0.2571428571428571,3.5035105315946056,1.272727272727273,0.3382691524434053,-0.023244263244745784,1.4770370370370478,0.9422310756972111,6.382146439317754,5.357293868921777
CFD_ATAS_1012_20260518_1101,atas-mt5-lead-lab-causal-v1,2026-05-18,2026-05-18T11:01:00-04:00,2026-05-18T11:02:00-04:00,2026-05-18T11:02:00-04:00,2026-05-18T15:02:00+00:00,2026-05-18T15:02:00+00:00,LONG,INFERIOR,1.0,11.0,1.0,91.0,0.0,5.0,6.1078,1.9197,16.828571428571845,39.82142857142857,2.366298811544933,0.07130730050937933,1.0220713073005272,1.9966044142615404,-0.7847533632286996,0.0,0.5650224215246638,0.856060663738079,1.0220713073005272,1.4315819927368767,1.0,2.0,0.49971461607499057,0.51697792869273,1.852017937219731,0.035653650254797754,-0.8161434977578476,1.0,0.21428571428571427,2.3828522920204445,1.883408071748879,0.3457524673808774,0.05910715538811959,1.218200620475742,0.9716775599128539,13.150254668930023,9.668161434977579
CFD_ATAS_1013_20260519_1104,atas-mt5-lead-lab-causal-v1,2026-05-19,2026-05-19T11:04:00-04:00,2026-05-19T11:05:00-04:00,2026-05-19T11:07:00-04:00,2026-05-19T15:05:00+00:00,2026-05-19T15:07:00+00:00,LONG,INFERIOR,1.0,11.0,4.0,94.0,1.0,5.0,6.3301,3.7177,12.357142857143117,30.982142857142858,2.5072254335259587,0.04855491329497331,1.319075144508584,0.7768786127169233,-0.16138328530259366,0.8472622478386167,0.2420749279538905,0.20993819859756696,0.4718128966699673,0.5348036847630327,1.0,2.0,1.3223124763126026,0.5017341040462912,0.7262247838616714,0.16184971098265555,-0.16138328530259366,0.417391304347987,0.125,3.593063583814777,1.7348703170028819,1.3038963092621962,0.3597071483893113,1.0692212608159215,0.8515337423312884,9.484393063583674,13.072046109510087
CFD_ATAS_1014_20260519_1325,atas-mt5-lead-lab-causal-v1,2026-05-19,2026-05-19T13:25:00-04:00,2026-05-19T13:26:00-04:00,2026-05-19T13:26:00-04:00,2026-05-19T17:26:00+00:00,2026-05-19T17:26:00+00:00,LONG,INFERIOR,1.0,13.0,25.0,235.0,1.0,5.0,7.1709,1.7771,34.72857142857148,16.071428571428573,0.4627725215960504,-0.820649938296996,0.4981489099136989,0.18716577540106927,-1.0888888888888888,-1.7888888888888888,0.07777777777777777,0.26823895059189284,2.287037798802588,0.1093879976232915,3.0,3.0,-0.6034076027955031,1.2093788564376782,1.4,-0.8523241464417504,-1.0888888888888888,0.055793991416309016,0.02127659574468085,2.0156314273961304,2.2555555555555555,0.8620541584982406,-0.053482442635323736,0.7891576042850054,0.9756097560975612,11.641711229946488,28.855555555555554
CFD_ATAS_1015_20260519_1445,atas-mt5-lead-lab-causal-v1,2026-05-19,2026-05-19T14:45:00-04:00,2026-05-19T14:46:00-04:00,2026-05-19T14:47:00-04:00,2026-05-19T18:46:00+00:00,2026-05-19T18:47:00+00:00,SHORT,SUPERIOR,0.0,14.0,45.0,315.0,1.0,5.0,5.8359,1.7909,24.442857142857715,18.035714285714285,0.7378725891291469,0.5891291642313405,1.1987142022208657,0.28229105786080416,0.6930693069306931,0.13861386138613863,0.6237623762376238,-0.10394014269935259,1.060100340834727,-0.3414713183768196,2.0,3.0,0.5354786883626712,0.9000584453535733,1.0396039603960396,0.6873173582699716,0.6930693069306931,0.08571428571426247,0.24324324324324326,1.8819403857392896,1.4554455445544556,-1.1252328588050042,-0.17716830255260457,0.8501863354037504,1.0,16.540619520747683,25.712871287128714
CFD_ATAS_1016_20260519_1548,atas-mt5-lead-lab-causal-v1,2026-05-19,2026-05-19T15:48:00-04:00,2026-05-19T15:49:00-04:00,2026-05-19T15:49:00-04:00,2026-05-19T19:49:00+00:00,2026-05-19T19:49:00+00:00,SHORT,SUPERIOR,0.0,15.0,48.0,378.0,1.0,5.0,6.9535,1.6149,17.450000000000728,17.142857142857142,0.9823986901350388,0.6361031518625627,1.0487106017193208,0.1719197707736318,-0.07291666666666667,-0.07291666666666667,1.09375,0.7090198185292294,1.1216272683859876,-0.9218302292263683,2.0,2.0,0.10222474857582711,0.9914040114614435,0.5833333333333334,0.6189111747852413,-0.14583333333333334,0.054545454545447326,0.4838709677419355,1.5931232091691547,1.8958333333333335,-1.1845945798534723,0.23052927106188184,0.7842696629213445,0.8609865470852018,23.16905444125974,27.052083333333336
CFD_ATAS_1017_20260520_1122,atas-mt5-lead-lab-causal-v1,2026-05-20,2026-05-20T11:22:00-04:00,2026-05-20T11:23:00-04:00,2026-05-20T11:23:00-04:00,2026-05-20T15:23:00+00:00,2026-05-20T15:23:00+00:00,SHORT,SUPERIOR,0.0,11.0,22.0,112.0,2.0,5.0,6.5794,1.896,7.842857142856831,32.94642857142857,4.200819672131314,0.14025500910775202,0.6120218579238927,0.3442622950820737,-0.03794037940379404,-0.03794037940379404,-0.3794037940379404,0.17819538851154607,0.6499622373276868,0.7236660891200141,2.0,3.0,0.035639980317773,0.8925318761384691,0.5691056910569106,0.21675774134800668,-0.0,0.13846153846154993,0.38461538461538464,1.9253187613842262,2.124661246612466,1.0960887975957347,-0.14930181492579356,0.8690146418678779,1.121580547112462,11.794171220401198,11.761517615176153
CFD_ATAS_1018_20260520_1524,atas-mt5-lead-lab-causal-v1,2026-05-20,2026-05-20T15:24:00-04:00,2026-05-20T15:25:00-04:00,2026-05-20T15:26:00-04:00,2026-05-20T19:25:00+00:00,2026-05-20T19:26:00+00:00,LONG,INFERIOR,1.0,15.0,24.0,354.0,2.0,5.0,6.249,1.7133,18.457142857142962,8.571428571428571,0.46439628482971873,-0.5905572755418711,0.330495356037071,-1.0348297213621445,-0.4375,0.2916666666666667,0.4375,-0.1530572755418711,0.03882868937040429,-1.4723297213621445,1.0,2.0,0.8202761553924575,1.2461300309597452,1.0208333333333333,-0.595975232198139,-0.4375,0.3596986817325625,0.2727272727272727,2.069659442724289,1.75,1.5225013669290772,0.1702629453591295,1.1864095500458947,0.7384615384615384,20.913312693498334,45.208333333333336
CFD_ATAS_1019_20260521_1024,atas-mt5-lead-lab-causal-v1,2026-05-21,2026-05-21T10:24:00-04:00,2026-05-21T10:25:00-04:00,2026-05-21T10:25:00-04:00,2026-05-21T14:25:00+00:00,2026-05-21T14:25:00+00:00,SHORT,SUPERIOR,0.0,10.0,24.0,54.0,3.0,5.0,6.9644,2.7036,13.085714285713559,38.214285714285715,2.9203056768560574,-0.08406113537135051,0.8788209606987387,0.43558951965073484,0.45794392523364486,-0.3598130841121495,0.8177570093457943,-0.5420050606049953,1.2386340448108881,-0.3821674896950595,2.0,2.0,-0.022742611324146962,0.45851528384282025,0.9485981308411214,-0.09934497816588878,0.45794392523364486,0.21189591078065606,0.3333333333333333,2.613537117903853,1.733644859813084,-1.359364260174417,-0.2800493021308611,0.6534688781879507,1.1367861885790171,7.771834061135858,5.5607476635514015
CFD_ATAS_1020_20260521_1041,atas-mt5-lead-lab-causal-v1,2026-05-21,2026-05-21T10:41:00-04:00,2026-05-21T10:42:00-04:00,2026-05-21T10:42:00-04:00,2026-05-21T14:42:00+00:00,2026-05-21T14:42:00+00:00,LONG,INFERIOR,1.0,10.0,41.0,71.0,3.0,5.0,5.2539,2.4041,10.47857142857122,29.464285714285715,2.8118609406953525,-1.1070211315612393,-0.6584867075666142,-0.8207225630540761,0.21212121212121213,-1.2727272727272727,-0.16969696969696968,-1.3191423436824514,0.6142405651606585,-0.6510255933571064,2.0,2.0,-0.8607932250061474,1.2883435582822342,0.806060606060606,-1.1451942740286527,0.2545454545454545,0.24855491329484508,0.06060606060606061,2.214042263121784,1.993939393939394,1.0262549103348413,0.07829201602734484,0.5612088752869258,0.8661417322834645,9.7055214723929,7.212121212121212
CFD_ATAS_1021_20260521_1324,atas-mt5-lead-lab-causal-v1,2026-05-21,2026-05-21T13:24:00-04:00,2026-05-21T13:25:00-04:00,2026-05-21T13:25:00-04:00,2026-05-21T17:25:00+00:00,2026-05-21T17:25:00+00:00,LONG,INFERIOR,1.0,13.0,24.0,234.0,3.0,5.0,6.1636,1.8251,35.807142857142544,38.57142857142857,1.0771992818671547,-0.4803510871733738,0.3379214043486557,-0.8769200079793023,0.42129629629629634,-1.1342592592592593,0.09722222222222222,-0.9016473834696701,1.472180663607915,-0.9741422302015245,2.0,2.0,-0.6663322661069321,0.9802513464990703,0.6805555555555556,-0.4608019150209496,0.4537037037037037,0.34130434782610275,0.030303030303030304,1.7985238380210997,2.916666666666667,1.263271671013777,-0.3262557042122927,1.1795294117647006,2.297872340425532,5.875922601236775,9.106481481481483
CFD_ATAS_1022_20260521_1500,atas-mt5-lead-lab-causal-v1,2026-05-21,2026-05-21T15:00:00-04:00,2026-05-21T15:01:00-04:00,2026-05-21T15:01:00-04:00,2026-05-21T19:01:00+00:00,2026-05-21T19:01:00+00:00,SHORT,SUPERIOR,0.0,15.0,0.0,330.0,3.0,5.0,5.557,1.9703,14.849999999999843,35.535714285714285,2.3929773929774183,-1.5016835016834684,-0.42424242424237973,-0.5723905723905784,-0.2814070351758794,-0.8090452261306533,-0.9849246231155779,-1.2202764665075891,0.3848028018882736,0.4125340507249995,2.0,3.0,-0.5574960366167724,1.6700336700336387,0.5628140703517588,-1.447811447811463,-0.24623115577889448,0.20190023752969818,0.5833333333333334,1.9124579124577856,1.7587939698492463,-0.8633835863651332,0.09110754427948392,0.6444513329200136,1.9702970297029703,14.168350168350171,12.030150753768844
CFD_ATAS_1023_20260522_1042,atas-mt5-lead-lab-causal-v1,2026-05-22,2026-05-22T10:42:00-04:00,2026-05-22T10:43:00-04:00,2026-05-22T10:43:00-04:00,2026-05-22T14:43:00+00:00,2026-05-22T14:43:00+00:00,SHORT,SUPERIOR,0.0,10.0,42.0,72.0,4.0,5.0,6.0499,1.771,8.521428571428519,17.857142857142858,2.0955574182732737,-0.6102263202012627,0.70410729253982,-0.7627829002514716,-0.21,-1.33,-1.19,-0.4002263202012627,2.03410729253982,0.4272170997485284,3.0,4.0,-1.3018192912797384,1.4199497066217994,0.84,-0.5750209555743571,-0.21,0.22491349480967726,0.68,1.9128248114001856,2.17,1.3201108667226877,-0.20748821931920572,0.9505976095617196,0.6872852233676976,7.2405699916179005,12.6
CFD_ATAS_1024_20260522_1423,atas-mt5-lead-lab-causal-v1,2026-05-22,2026-05-22T14:23:00-04:00,2026-05-22T14:24:00-04:00,2026-05-22T14:24:00-04:00,2026-05-22T18:24:00+00:00,2026-05-22T18:24:00+00:00,SHORT,SUPERIOR,0.0,14.0,23.0,293.0,4.0,5.0,6.1306,2.1065,9.821428571428571,10.178571428571429,1.0363636363636364,0.0916363636365118,2.077090909091057,1.0894545454546196,0.24561403508771928,0.3684210526315789,0.3684210526315789,-0.1539776714512075,1.7086698564594782,0.7210334928230406,1.0,2.0,0.4077799907730271,0.6516363636361414,0.49122807017543857,0.10181818181818182,0.24561403508771928,0.3554817275747492,0.15789473684210525,2.514909090909165,1.5964912280701753,-0.08924147451571746,-0.06445977249979579,0.6304447501146305,0.7402597402597403,28.264727272727125,25.421052631578945
CFD_ATAS_1025_20260525_0959,atas-mt5-lead-lab-causal-v1,2026-05-25,2026-05-25T09:59:00-04:00,2026-05-25T10:00:00-04:00,2026-05-25T10:00:00-04:00,2026-05-25T14:00:00+00:00,2026-05-25T14:00:00+00:00,SHORT,SUPERIOR,0.0,9.0,59.0,29.0,0.0,5.0,5.4483,1.8621,2.9357142857141816,6.696428571428571,2.2810218978103,-0.6812652068126762,0.7834549878343299,0.27250608272482263,-0.56,-0.56,-0.37333333333333335,-0.12126520681267616,1.3434549878343298,0.645839416058156,2.0,3.0,-0.48510307335892383,1.0218978102190144,1.3066666666666666,-0.6131386861311607,-0.56,0.10256410256401885,0.16666666666666666,1.8394160583934822,1.3066666666666666,1.7512344067628,0.24224990093651919,0.9580419580418915,0.9868421052631579,5.892944038929402,8.026666666666667
CFD_ATAS_1026_20260525_1023,atas-mt5-lead-lab-causal-v1,2026-05-25,2026-05-25T10:23:00-04:00,2026-05-25T10:24:00-04:00,2026-05-25T10:24:00-04:00,2026-05-25T14:24:00+00:00,2026-05-25T14:24:00+00:00,SHORT,SUPERIOR,0.0,10.0,23.0,53.0,0.0,5.0,5.0497,1.5421,3.264285714285766,6.607142857142857,2.0240700218818057,1.4704595185993161,1.7461706783371755,0.520787746170893,0.1891891891891892,0.5675675675675677,0.945945945945946,1.2812703294101269,1.178603110769608,-0.4251581997750531,1.0,2.0,0.7343051346638744,1.59299781181639,0.945945945945946,1.409190371990779,0.1891891891891892,0.12408759124092243,0.5555555555555556,2.2056892778995314,2.081081081081081,-1.0170898587191104,-0.01950237213626526,0.9870410367170163,0.9736842105263157,7.6586433260392655,8.135135135135135
CFD_ATAS_1027_20260525_1103,atas-mt5-lead-lab-causal-v1,2026-05-25,2026-05-25T11:03:00-04:00,2026-05-25T11:04:00-04:00,2026-05-25T11:04:00-04:00,2026-05-25T15:04:00+00:00,2026-05-25T15:04:00+00:00,LONG,INFERIOR,1.0,11.0,3.0,93.0,0.0,5.0,5.6422,2.625,3.471428571428208,7.053571428571429,2.0318930041154393,0.0,0.6625514403290779,0.8930041152260118,-0.7088607594936709,-0.7088607594936709,0.17721518987341772,0.7088607594936709,1.3714121998227489,0.715788925352594,2.0,2.0,-0.29719823811091245,0.8353909465015164,1.4177215189873418,0.05761316872449546,-0.8860759493670886,0.34831460674163733,0.09090909090909091,2.506172839506645,1.9493670886075949,0.2649172218651189,0.00295287219702016,0.9999999999999252,1.025974025974026,8.786008230453595,11.873417721518987
CFD_ATAS_1028_20260525_1123,atas-mt5-lead-lab-causal-v1,2026-05-25,2026-05-25T11:23:00-04:00,2026-05-25T11:24:00-04:00,2026-05-25T11:24:00-04:00,2026-05-25T15:24:00+00:00,2026-05-25T15:24:00+00:00,LONG,INFERIOR,1.0,11.0,23.0,113.0,0.0,5.0,5.9512,1.6341,5.285714285714546,14.375,2.7195945945944606,1.3810810810808756,2.345945945946106,1.608108108108029,-0.34782608695652173,-0.6956521739130435,-1.1304347826086956,1.7289071680373973,3.0415981198591493,2.7385428907167246,2.0,4.0,-0.6607800024123761,4.445945945945727,0.782608695652174,1.3621621621622328,-0.34782608695652173,0.5089820359280106,0.8666666666666667,5.297297297297036,1.826086956521739,-0.2990096319067702,-0.014734610223841689,1.488933601609764,2.0379746835443036,5.8270270270266025,5.826086956521739
CFD_ATAS_1029_20260525_1248,atas-mt5-lead-lab-causal-v1,2026-05-25,2026-05-25T12:48:00-04:00,2026-05-25T12:49:00-04:00,2026-05-25T12:49:00-04:00,2026-05-25T16:49:00+00:00,2026-05-25T16:49:00+00:00,SHORT,SUPERIOR,0.0,12.0,48.0,198.0,0.0,5.0,6.2475,1.6613,6.335714285714597,4.642857142857143,0.7328072153325458,-0.22096956031588963,0.2998872604280511,-0.7102593010146212,-1.0769230769230769,-1.8846153846153844,-2.692307692307692,0.8559535166071872,2.1845026450434353,1.9820483912930709,3.0,5.0,-0.8926814629662727,0.6786922209694121,2.1538461538461537,-0.15783540022547138,-1.0769230769230769,0.40540540540545855,1.0,2.162344983089073,3.7692307692307687,0.23372483570471125,-0.5148113109619937,1.4283413848630604,1.0196078431372548,7.939120631341096,18.038461538461537
CFD_ATAS_1030_20260526_1110,atas-mt5-lead-lab-causal-v1,2026-05-26,2026-05-26T11:10:00-04:00,2026-05-26T11:11:00-04:00,2026-05-26T11:11:00-04:00,2026-05-26T15:11:00+00:00,2026-05-26T15:11:00+00:00,SHORT,SUPERIOR,0.0,11.0,10.0,100.0,1.0,5.0,5.495,5.355,9.042857142857299,20.446428571428573,2.261058451816707,0.18799368088435106,0.8072669826223384,1.0284360189572477,1.4061135371179039,0.1222707423580786,0.9170305676855894,-1.218119856233553,0.6849962402642599,0.11140545127165824,2.0,2.0,0.4375424035522867,1.1058451816745465,1.650655021834061,0.1990521327013379,1.4061135371179039,0.23664122137403168,0.2631578947368421,3.3838862559239513,2.1397379912663754,-1.7602882650243958,-0.28530228938869917,1.374592833876267,1.3048433048433048,10.671406003159372,14.244541484716157
CFD_ATAS_1031_20260526_1132,atas-mt5-lead-lab-causal-v1,2026-05-26,2026-05-26T11:32:00-04:00,2026-05-26T11:33:00-04:00,2026-05-26T11:34:00-04:00,2026-05-26T15:33:00+00:00,2026-05-26T15:34:00+00:00,SHORT,SUPERIOR,0.0,11.0,32.0,122.0,1.0,5.0,7.8147,1.6128,6.478571428571221,18.125,2.797684674752019,-0.3241455347296645,-0.0,-1.3120176405733608,-0.06896551724137931,0.5517241379310345,0.896551724137931,-0.2551800174882852,-0.5517241379310345,-2.208569364711292,2.0,2.0,0.6960165242530036,0.8798235942669542,1.103448275862069,-0.30871003307608486,-0.13793103448275862,0.39906103286379524,0.7647058823529411,2.176405733186174,2.4827586206896552,-1.7769235079698293,0.3000908593711677,0.8662846227315653,1.153409090909091,14.895259095921094,16.06896551724138
CFD_ATAS_1032_20260526_1238,atas-mt5-lead-lab-causal-v1,2026-05-26,2026-05-26T12:38:00-04:00,2026-05-26T12:39:00-04:00,2026-05-26T12:39:00-04:00,2026-05-26T16:39:00+00:00,2026-05-26T16:39:00+00:00,LONG,INFERIOR,1.0,12.0,38.0,188.0,1.0,5.0,5.9453,1.9951,20.31428571428608,9.910714285714286,0.4878691983122276,-0.054149085794761895,0.7531645569619759,-0.49718706047829825,0.8828828828828829,0.0,0.7567567567567567,-0.9370319686776447,0.7531645569619759,-1.253943817235055,2.0,2.0,1.2715574445005249,0.6990154711673932,1.135135135135135,-0.06891701828417729,0.8828828828828829,0.23543123543125835,0.3,2.092123769338922,2.018018018018018,1.387955857562409,-0.14959476913203695,3.067961165048876,0.570694087403599,5.606891701828381,29.387387387387385
CFD_ATAS_1033_20260526_1251,atas-mt5-lead-lab-causal-v1,2026-05-26,2026-05-26T12:51:00-04:00,2026-05-26T12:52:00-04:00,2026-05-26T12:52:00-04:00,2026-05-26T16:52:00+00:00,2026-05-26T16:52:00+00:00,SHORT,SUPERIOR,0.0,12.0,51.0,201.0,1.0,5.0,6.8407,2.2657,24.021428571429038,13.392857142857142,0.5575379125780444,-0.27891763306574,1.4653583110318187,1.5236396074932195,-0.28,-0.8400000000000001,1.0266666666666666,0.001082366934260004,2.305358311031819,0.49697294082655286,2.0,2.0,-0.33142877525285197,0.9533154921201729,0.7466666666666667,-0.2914064823074579,-0.28,0.6421052631578692,0.2972972972972973,2.2438299137674864,2.6133333333333333,-0.8435038283931805,-0.308898442818561,3.579563597658509,0.8928571428571428,6.93547427891759,21.746666666666666
CFD_ATAS_1034_20260526_1330,atas-mt5-lead-lab-causal-v1,2026-05-26,2026-05-26T13:30:00-04:00,2026-05-26T13:31:00-04:00,2026-05-26T13:31:00-04:00,2026-05-26T17:31:00+00:00,2026-05-26T17:31:00+00:00,SHORT,SUPERIOR,0.0,13.0,30.0,240.0,1.0,5.0,6.2959,1.865,14.942857142857195,11.160714285714286,0.7468929254302078,-0.2609942638624292,0.4149139579350377,0.11376673040157793,0.22399999999999998,0.22399999999999998,-0.7839999999999999,-0.48499426386242916,0.19091395793503774,0.8977667304015778,1.0,2.0,0.7072933318666182,1.1376673040152925,0.8959999999999999,-0.1204588910133352,0.22399999999999998,0.09189189189191316,0.3333333333333333,1.9942638623326403,1.3439999999999999,-1.1254744742069505,-0.22166494042653007,0.7415809996455174,1.016260162601626,17.714149139579337,26.095999999999997
CFD_ATAS_1035_20260526_1538,atas-mt5-lead-lab-causal-v1,2026-05-26,2026-05-26T15:38:00-04:00,2026-05-26T15:39:00-04:00,2026-05-26T15:39:00-04:00,2026-05-26T19:39:00+00:00,2026-05-26T19:39:00+00:00,SHORT,SUPERIOR,0.0,15.0,38.0,368.0,1.0,5.0,9.4867,2.0923,9.11428571428535,8.125,0.8914576802508194,-0.9435736677114769,-0.03291536050148888,-0.8009404388714255,-1.0769230769230769,-2.1538461538461537,-2.923076923076923,0.1333494092116,2.120930793344665,2.1221364842054973,3.0,4.0,-1.4615348641447221,1.064263322884135,1.3846153846153846,-0.9874608150470614,-1.0769230769230769,0.3054393305439305,0.9047619047619048,2.095611285266382,2.923076923076923,-0.07524534413691075,-0.008052959385591453,0.5501185600344708,0.900990099009901,32.9482758620706,35.84615384615385
CFD_ATAS_1036_20260527_1040,atas-mt5-lead-lab-causal-v1,2026-05-27,2026-05-27T10:40:00-04:00,2026-05-27T10:41:00-04:00,2026-05-27T10:41:00-04:00,2026-05-27T14:41:00+00:00,2026-05-27T14:41:00+00:00,SHORT,SUPERIOR,0.0,10.0,40.0,70.0,2.0,5.0,5.0104,1.888,7.321428571428831,32.5,4.439024390243745,1.1336585365852263,2.458536585365766,2.3902439024389395,-0.5769230769230769,-1.5769230769230769,-1.8461538461538463,1.7105816135083032,4.035459662288843,4.236397748592786,3.0,4.0,-1.5067543474073037,1.5570731707318508,0.8076923076923077,1.201951219512053,-0.5769230769230769,0.9259259259258547,0.96,2.9229268292683876,2.3461538461538463,2.267694307984259,-0.24937878249504916,0.9642521166510122,0.9250317662007624,11.254634146341262,9.692307692307692
CFD_ATAS_1037_20260527_1126,atas-mt5-lead-lab-causal-v1,2026-05-27,2026-05-27T11:26:00-04:00,2026-05-27T11:27:00-04:00,2026-05-27T11:27:00-04:00,2026-05-27T15:27:00+00:00,2026-05-27T15:27:00+00:00,SHORT,SUPERIOR,0.0,11.0,26.0,116.0,2.0,5.0,7.1566,3.281,21.735714285714494,22.678571428571427,1.0433782451527998,0.32665133092336074,0.4002628984555012,0.3358527768648992,-0.16535433070866143,-1.267716535433071,-2.0393700787401574,0.4920056616320222,1.6679794338885723,2.3752228556050565,3.0,5.0,0.3614386849509604,0.6855077226421898,0.7165354330708662,0.2576404863620732,-0.16535433070866143,0.07441386340468555,1.0,2.843246795925013,2.3700787401574805,-0.7716441561774613,-0.22146433634821658,3.026355047240175,0.853781512605042,7.545185672034105,13.88976377952756
CFD_ATAS_1038_20260527_1201,atas-mt5-lead-lab-causal-v1,2026-05-27,2026-05-27T12:01:00-04:00,2026-05-27T12:02:00-04:00,2026-05-27T12:02:00-04:00,2026-05-27T16:02:00+00:00,2026-05-27T16:02:00+00:00,LONG,INFERIOR,1.0,12.0,1.0,151.0,2.0,5.0,8.6779,1.5176,9.242857142857247,20.535714285714285,2.221792890262726,-0.5193199381761133,-0.7573415765069467,-1.5471406491498265,0.48695652173913045,0.12173913043478261,0.8521739130434783,-1.0062764599152438,-0.8790807069417292,-2.3993145621933047,2.0,2.0,0.3149070997642981,1.3848531684697667,0.8521739130434783,-0.3894899536319866,0.48695652173913045,0.877300613496927,0.5384615384615384,2.055641421947427,1.3391304347826087,1.700739119846431,0.31141698793448847,0.8572374958595615,0.9445585215605748,17.743431221019893,15.339130434782609
CFD_ATAS_1039_20260527_1216,atas-mt5-lead-lab-causal-v1,2026-05-27,2026-05-27T12:16:00-04:00,2026-05-27T12:17:00-04:00,2026-05-27T12:17:00-04:00,2026-05-27T16:17:00+00:00,2026-05-27T16:17:00+00:00,LONG,INFERIOR,1.0,12.0,16.0,166.0,2.0,5.0,5.4638,1.6716,12.100000000000104,20.625,1.70454545454544,0.04132231404958642,0.8595041322315178,-0.24793388429751853,-1.0303030303030303,-0.18181818181818182,-0.24242424242424243,1.0716253443526167,1.0413223140496997,-0.0055096418732761,1.0,2.0,0.2716696864027516,0.8181818181816307,1.2727272727272727,0.08264462809917283,-1.0303030303030303,0.10344827586206896,0.1,1.9669421487602534,1.393939393939394,1.0616212515011807,-0.09236846984345272,1.0395826940779307,0.9914163090128755,14.537190082644322,15.272727272727273
CFD_ATAS_1040_20260527_1250,atas-mt5-lead-lab-causal-v1,2026-05-27,2026-05-27T12:50:00-04:00,2026-05-27T12:51:00-04:00,2026-05-27T12:51:00-04:00,2026-05-27T16:51:00+00:00,2026-05-27T16:51:00+00:00,LONG,INFERIOR,1.0,12.0,50.0,200.0,2.0,5.0,7.4427,1.8708,40.08571428571434,13.75,0.34301496792587266,1.0926585887383982,2.4248039914469146,0.2818959372772445,-0.7272727272727273,0.0,-0.09090909090909091,1.8199313160111255,2.4248039914469146,0.37280502818633543,2.0,3.0,0.4607033205001657,1.347113328581609,1.0,1.1101211689237334,-0.6363636363636364,0.06171490988530386,0.02702702702702703,2.581967213114751,1.7272727272727273,0.43459661117791176,-0.20515450660340928,3.4053398058250743,0.8105263157894737,10.971489665003531,22.90909090909091
CFD_ATAS_1041_20260527_1447,atas-mt5-lead-lab-causal-v1,2026-05-27,2026-05-27T14:47:00-04:00,2026-05-27T14:48:00-04:00,2026-05-27T14:49:00-04:00,2026-05-27T18:48:00+00:00,2026-05-27T18:49:00+00:00,LONG,INFERIOR,1.0,14.0,47.0,317.0,2.0,5.0,5.3842,2.1299,20.050000000000573,8.928571428571429,0.4453152832205074,-0.03491271820452407,0.5486284289276652,-0.30922693266835666,0.42,0.7,0.27999999999999997,-0.45491271820452406,-0.1513715710723348,-0.5892269326683566,0.0,1.0,1.26429500851786,0.7381546134664583,0.5599999999999999,-0.05985037406487249,0.5599999999999999,0.12500000000000916,0.2,1.8802992518703068,1.1199999999999999,1.5058512394646277,-0.026876637620102613,0.9367595528116358,0.7407407407407408,24.73815461346563,35.28
CFD_ATAS_1042_20260527_1518,atas-mt5-lead-lab-causal-v1,2026-05-27,2026-05-27T15:18:00-04:00,2026-05-27T15:19:00-04:00,2026-05-27T15:21:00-04:00,2026-05-27T19:19:00+00:00,2026-05-27T19:21:00+00:00,SHORT,SUPERIOR,0.0,15.0,18.0,348.0,2.0,5.0,5.7826,1.5937,16.52142857142878,9.464285714285714,0.5728491137051376,-0.13316039775187982,1.2589710332900397,0.23000432338949048,-0.0,0.1320754716981132,-0.7924528301886793,-0.13316039775187982,1.1268955615919265,1.0224571535781697,0.0,2.0,0.3442059223448423,0.526588845655031,0.9245283018867926,-0.16342412451366067,-0.0,0.09004739336491012,0.75,1.8763510592304131,1.3207547169811322,-0.7763137711739253,0.27625466563049,0.8400217904484796,0.9339207048458149,30.02161694768661,33.28301886792453
CFD_ATAS_1043_20260528_1204,atas-mt5-lead-lab-causal-v1,2026-05-28,2026-05-28T12:04:00-04:00,2026-05-28T12:05:00-04:00,2026-05-28T12:05:00-04:00,2026-05-28T16:05:00+00:00,2026-05-28T16:05:00+00:00,SHORT,SUPERIOR,0.0,12.0,4.0,154.0,3.0,5.0,7.2096,1.6263,11.678571428571429,11.785714285714286,1.0091743119266054,0.30825688073382035,0.959021406727891,-1.0532110091742497,-0.10606060606060605,-0.2121212121212121,0.8484848484848484,0.41431748679442637,1.1711426188491032,-1.901695857659098,2.0,2.0,0.6260879759141861,1.0788990825689941,0.9545454545454545,0.3596330275229981,-0.2121212121212121,0.35446685878959694,0.4,2.91131498470948,2.5454545454545454,-1.0880418220889552,-0.005614328926952935,1.052462182169305,1.03125,18.8122324159022,31.606060606060606
CFD_ATAS_1044_20260528_1524,atas-mt5-lead-lab-causal-v1,2026-05-28,2026-05-28T15:24:00-04:00,2026-05-28T15:25:00-04:00,2026-05-28T15:25:00-04:00,2026-05-28T19:25:00+00:00,2026-05-28T19:25:00+00:00,SHORT,SUPERIOR,0.0,15.0,24.0,354.0,3.0,5.0,7.9551,2.6235,10.57142857142883,9.375,0.8868243243243026,-1.324324324324292,-1.2864864864866614,-0.9554054054055885,-0.9333333333333333,-0.8,-0.8,-0.3909909909909586,-0.4864864864866614,-0.15540540540558845,2.0,3.0,0.023003185022389516,1.9864864864864378,1.2,-1.3527027027029448,-0.9333333333333333,0.2200435729847726,0.3333333333333333,3.1310810810812106,1.6,-1.4195947578215975,0.6111853468198559,1.0537557849769215,1.1170212765957448,41.89594594594506,45.2
CFD_ATAS_1045_20260529_1020,atas-mt5-lead-lab-causal-v1,2026-05-29,2026-05-29T10:20:00-04:00,2026-05-29T10:21:00-04:00,2026-05-29T10:21:00-04:00,2026-05-29T14:21:00+00:00,2026-05-29T14:21:00+00:00,SHORT,SUPERIOR,0.0,10.0,20.0,50.0,4.0,5.0,5.6452,1.8516,6.485714285714494,28.392857142857142,4.377753303964617,-0.1850220264318243,-0.3854625550660669,-0.07709251101321339,-0.9685534591194969,-1.3647798742138364,-0.1320754716981132,0.7835314326876726,0.9793173191477695,0.054982960684899815,2.0,2.0,-1.053639806642925,0.6475770925111046,1.0566037735849056,-0.23127753303964016,-0.9685534591194969,0.02702702702702703,0.03896103896103896,1.8964757709249371,1.8050314465408805,-1.0134547194450203,-0.08313395156867742,1.086124401913882,1.3389473684210524,7.678414096915941,6.031446540880503
CFD_ATAS_1046_20260529_1049,atas-mt5-lead-lab-causal-v1,2026-05-29,2026-05-29T10:49:00-04:00,2026-05-29T10:50:00-04:00,2026-05-29T10:50:00-04:00,2026-05-29T14:50:00+00:00,2026-05-29T14:50:00+00:00,SHORT,SUPERIOR,0.0,10.0,49.0,79.0,4.0,5.0,5.348,1.8065,8.014285714285766,29.642857142857142,3.698752228163969,0.19964349376095797,1.2602495543670118,0.6737967914435736,0.463855421686747,-0.6325301204819277,-0.29518072289156627,-0.264211927925789,1.8927796748489394,0.9689775143351399,2.0,2.0,-0.41653770904480314,0.6488413547237943,0.8012048192771084,0.2245989304811912,0.463855421686747,0.20300751879689377,0.15555555555555556,2.3832442067738757,1.813253012048193,-0.9896746275345031,-0.09188127746116544,1.224890829694326,1.0867430441898527,7.77361853832428,8.981927710843374
CFD_ATAS_1047_20260529_1235,atas-mt5-lead-lab-causal-v1,2026-05-29,2026-05-29T12:35:00-04:00,2026-05-29T12:36:00-04:00,2026-05-29T12:37:00-04:00,2026-05-29T16:36:00+00:00,2026-05-29T16:37:00+00:00,SHORT,SUPERIOR,0.0,12.0,35.0,185.0,4.0,5.0,6.5104,3.7338,21.235714285714494,13.75,0.6474941136898692,-2.1331987891018622,-0.7251934073325508,-1.6811301715439129,-0.09090909090909091,-1.0,-1.9090909090909092,-2.0422896981927714,0.2748065926674492,0.2279607375469963,2.0,4.0,0.5095299287873786,2.6370669357551035,0.7272727272727273,-2.1567440295996754,-0.09090909090909091,0.3123359580052577,0.7241379310344828,2.6370669357551035,3.1818181818181817,-1.6904344780274239,0.08763819926808059,2.879418886198474,0.9840255591054314,6.051126807938051,19.363636363636363
CFD_ATAS_1048_20260529_1322,atas-mt5-lead-lab-causal-v1,2026-05-29,2026-05-29T13:22:00-04:00,2026-05-29T13:23:00-04:00,2026-05-29T13:23:00-04:00,2026-05-29T17:23:00+00:00,2026-05-29T17:23:00+00:00,LONG,INFERIOR,1.0,13.0,22.0,232.0,4.0,5.0,5.2155,1.8143,28.77142857142774,11.607142857142858,0.4034260178748875,0.7994041708043925,0.6534260178748694,1.1226415094339695,0.0,-1.723076923076923,-2.1538461538461537,0.7994041708043925,2.3765029409517924,3.276487663280123,2.0,3.0,0.10609338260000535,1.2616683217477769,0.8615384615384615,0.7750744786494509,0.0,0.28308501314635104,0.8333333333333334,1.7030784508441406,2.8,0.32139957270255415,0.02572542474195388,1.4489208633093296,0.9737827715355806,8.352035749751954,22.93846153846154
CFD_ATAS_1049_20260529_1559,atas-mt5-lead-lab-causal-v1,2026-05-29,2026-05-29T15:59:00-04:00,2026-05-29T16:00:00-04:00,2026-05-29T16:00:00-04:00,2026-05-29T20:00:00+00:00,2026-05-29T20:00:00+00:00,LONG,INFERIOR,1.0,15.0,59.0,389.0,4.0,5.0,6.312,1.6246,11.699999999999948,16.875,1.4423076923076987,0.9572649572647128,0.9572649572647128,-0.03418803418815872,-0.4444444444444444,-0.7407407407407407,-0.7407407407407407,1.4017094017091574,1.6980056980054536,0.706552706552582,2.0,3.0,-0.11060126066095782,1.0854700854701524,1.3333333333333333,0.965811965811908,-0.4444444444444444,0.010810810810852266,0.5,2.1880341880343845,1.8518518518518519,-0.9034163817015048,-0.2855827926908654,0.9666568309235678,1.6085106382978722,22.50427350427354,15.777777777777779
CFD_ATAS_1050_20260601_1106,atas-mt5-lead-lab-causal-v1,2026-06-01,2026-06-01T11:06:00-04:00,2026-06-01T11:07:00-04:00,2026-06-01T11:11:00-04:00,2026-06-01T15:07:00+00:00,2026-06-01T15:11:00+00:00,LONG,INFERIOR,1.0,11.0,6.0,96.0,0.0,6.0,6.3892,2.331,7.36428571428587,16.607142857142858,2.255092143549904,-0.7604267701258774,0.6925315227931922,-0.3937924345297722,0.5268817204301075,1.6559139784946235,0.6774193548387096,-1.287308490555985,-0.9633824557014313,-1.0712117893684818,0.0,1.0,1.884991716602642,1.2900096993210202,0.9032258064516129,-0.8011639185258839,0.5268817204301075,0.11934156378608955,0.20930232558139536,2.3763336566439848,2.3333333333333335,1.9915597765788229,0.04036058683501782,0.9131975199290895,0.7181467181467182,8.052376333656868,10.53763440860215
CFD_ATAS_1051_20260601_1216,atas-mt5-lead-lab-causal-v1,2026-06-01,2026-06-01T12:16:00-04:00,2026-06-01T12:17:00-04:00,2026-06-01T12:17:00-04:00,2026-06-01T16:17:00+00:00,2026-06-01T16:17:00+00:00,LONG,INFERIOR,1.0,12.0,16.0,166.0,0.0,6.0,7.0965,2.2626,24.007142857141975,12.678571428571429,0.5281166319547947,0.6997917286521822,1.4370722999107937,-0.1083011008627818,0.09859154929577464,-0.9859154929577465,-1.1830985915492958,0.6012001793564076,2.42298779286854,1.0747974906865139,2.0,3.0,-0.17561235940063366,0.9288902112466566,0.7887323943661971,0.6664683130021072,0.09859154929577464,0.03376623376621806,0.46153846153846156,2.6158881285332405,1.7746478873239435,0.8195763675925476,0.2450363553795245,2.544284632853798,0.9466666666666668,7.826837250818557,20.704225352112676
CFD_ATAS_1052_20260601_1303,atas-mt5-lead-lab-causal-v1,2026-06-01,2026-06-01T13:03:00-04:00,2026-06-01T13:04:00-04:00,2026-06-01T13:04:00-04:00,2026-06-01T17:04:00+00:00,2026-06-01T17:04:00+00:00,LONG,INFERIOR,1.0,13.0,3.0,213.0,0.0,6.0,5.9924,1.5453,28.557142857143326,13.125,0.45960480240119306,-0.6408204102050665,-0.43071535767880686,-1.1030515257628632,-1.1428571428571428,-2.0,-1.619047619047619,0.5020367326520763,1.5692846423211932,0.5159960932847558,3.0,4.0,-0.8062631581017438,0.9104552276137919,1.5238095238095237,-0.6303151575787791,-1.1428571428571428,0.4430379746835534,0.6296296296296297,1.5652826413206602,2.5714285714285716,1.2378412851811047,-0.2479726466904077,1.0277634961439854,1.065217391304348,7.437718859429644,22.285714285714285
CFD_ATAS_1053_20260601_1307,atas-mt5-lead-lab-causal-v1,2026-06-01,2026-06-01T13:07:00-04:00,2026-06-01T13:08:00-04:00,2026-06-01T13:09:00-04:00,2026-06-01T17:08:00+00:00,2026-06-01T17:09:00+00:00,LONG,INFERIOR,1.0,13.0,7.0,217.0,0.0,6.0,6.0719,1.7705,28.764285714286284,12.321428571428571,0.42835857958777396,0.6222994785200283,1.4601440278122382,1.0568661534641468,0.30434782608695654,0.2028985507246377,-1.4202898550724639,0.3179516524330718,1.2572454770876005,2.4771560085366104,1.0,3.0,1.1619399875260306,1.2863173578345908,0.7101449275362319,0.7126893469083544,0.4057971014492754,0.3689320388349626,0.4117647058823529,1.9120933697541216,2.2318840579710146,0.16567447133286448,-0.08223744621480558,1.0254647313470884,1.0,7.384156940650513,23.73913043478261
CFD_ATAS_1054_20260601_1433,atas-mt5-lead-lab-causal-v1,2026-06-01,2026-06-01T14:33:00-04:00,2026-06-01T14:34:00-04:00,2026-06-01T14:34:00-04:00,2026-06-01T18:34:00+00:00,2026-06-01T18:34:00+00:00,SHORT,SUPERIOR,0.0,14.0,33.0,303.0,0.0,6.0,8.0838,1.6536,15.742857142856726,7.857142857142857,0.49909255898367927,-0.3811252268602642,-0.7876588021779717,-3.7921960072596748,-0.7954545454545455,-0.4772727272727273,0.4772727272727273,0.41432931859428135,-0.3103860749052444,-4.269468734532402,2.0,2.0,0.6874833843699228,0.6860254083484293,1.1136363636363638,-0.3747731397460189,-0.9545454545454546,0.8189300411522978,0.17647058823529413,4.319419237749661,2.2272727272727275,-2.4269558773163546,-0.12094762506814917,0.955560372859287,0.7999999999999999,16.13430127041785,51.06818181818182
CFD_ATAS_1055_20260602_1007,atas-mt5-lead-lab-causal-v1,2026-06-02,2026-06-02T10:07:00-04:00,2026-06-02T10:08:00-04:00,2026-06-02T10:11:00-04:00,2026-06-02T14:08:00+00:00,2026-06-02T14:11:00+00:00,LONG,INFERIOR,1.0,10.0,7.0,37.0,1.0,6.0,5.5721,2.3821,7.75,25.089285714285715,3.237327188940092,0.8774193548386158,2.3225806451612905,0.1935483870967742,-0.498220640569395,0.0,0.99644128113879,1.3756399954080107,2.3225806451612905,-0.8028928940420159,1.0,1.0,0.14020267822464855,1.199999999999906,0.797153024911032,0.7741935483870968,-0.498220640569395,0.043478260869565216,0.5,2.774193548387097,2.1423487544483986,1.0926516309121894,-0.20027537133096773,1.2932061978546785,1.0107913669064748,6.903225806451613,7.97153024911032
CFD_ATAS_1056_20260602_1042,atas-mt5-lead-lab-causal-v1,2026-06-02,2026-06-02T10:42:00-04:00,2026-06-02T10:43:00-04:00,2026-06-02T10:43:00-04:00,2026-06-02T14:43:00+00:00,2026-06-02T14:43:00+00:00,SHORT,SUPERIOR,0.0,10.0,42.0,72.0,1.0,6.0,5.4899,2.0603,7.86428571428561,19.375,2.4636693914623398,-0.38147138964578164,0.979109900090932,1.3351498637602357,-0.6451612903225806,0.12903225806451613,0.1935483870967742,0.263689900676799,0.8500776420264159,1.1416014766634615,2.0,3.0,0.33095891558069496,0.8392370572205345,0.9032258064516129,-0.41961852861026727,-0.6451612903225806,0.6363636363636364,0.07692307692307693,2.250681198910204,1.6774193548387097,0.8514521544991431,0.08385867649082397,1.0556088207095036,0.937365010799136,8.913714804722913,11.548387096774194
CFD_ATAS_1057_20260602_1104,atas-mt5-lead-lab-causal-v1,2026-06-02,2026-06-02T11:04:00-04:00,2026-06-02T11:05:00-04:00,2026-06-02T11:05:00-04:00,2026-06-02T15:05:00+00:00,2026-06-02T15:05:00+00:00,LONG,INFERIOR,1.0,11.0,4.0,94.0,1.0,6.0,5.3333,1.5772,6.107142857142597,13.482142857142858,2.2076023391813804,0.2619883040933401,1.2280701754386487,1.4409356725145621,0.3708609271523179,-1.2980132450331126,-1.1125827814569536,-0.10887262305897777,2.5260834204717613,2.553518453971516,2.0,3.0,-1.0146061897173753,0.8350877192980428,0.6490066225165563,0.3438596491225834,0.3708609271523179,0.6984126984125196,0.4,2.046783625731081,2.596026490066225,0.21044685647630396,-0.31328944237723105,0.817399617590813,0.7844155844155845,11.478362573099664,16.781456953642383
CFD_ATAS_1058_20260602_1204,atas-mt5-lead-lab-causal-v1,2026-06-02,2026-06-02T12:04:00-04:00,2026-06-02T12:05:00-04:00,2026-06-02T12:05:00-04:00,2026-06-02T16:05:00+00:00,2026-06-02T16:05:00+00:00,LONG,INFERIOR,1.0,12.0,4.0,154.0,1.0,6.0,5.2517,2.0632,7.86428571428587,9.642857142857142,1.2261580381471147,0.36875567665776177,-0.03814713896448438,-0.24159854677537615,0.12962962962962965,-0.7777777777777778,-1.425925925925926,0.23912604702813212,0.7396306388132934,1.18432737915055,1.0,2.0,-0.025934859299525638,1.1062670299728226,0.9074074074074074,0.4069028156222461,0.2592592592592593,0.09743589743576732,0.5789473684210527,1.9582198001817992,2.7222222222222223,0.46634313975166214,-0.22029078057592624,1.0328330206379333,0.8780487804878048,8.913714804722618,28.51851851851852
CFD_ATAS_1059_20260602_1211,atas-mt5-lead-lab-causal-v1,2026-06-02,2026-06-02T12:11:00-04:00,2026-06-02T12:12:00-04:00,2026-06-02T12:15:00-04:00,2026-06-02T16:12:00+00:00,2026-06-02T16:15:00+00:00,LONG,INFERIOR,1.0,12.0,11.0,161.0,1.0,6.0,7.1238,1.6745,11.592857142857351,11.25,0.9704251386321452,0.5606900800985728,0.9057301293900022,-1.7079482439925129,0.5555555555555556,-0.1111111111111111,0.8888888888888888,0.005134524543017216,1.0168412405011134,-2.5968371328814017,2.0,3.0,0.8214578142822979,1.078250154035717,0.5555555555555556,0.5434380776339386,0.5555555555555556,0.48529411764704966,0.3333333333333333,3.4935304990757228,2.111111111111111,1.6198504367495543,-0.046704263948222566,1.492413793103525,1.0327868852459017,7.8927911275414475,25.77777777777778
CFD_ATAS_1060_20260602_1228,atas-mt5-lead-lab-causal-v1,2026-06-02,2026-06-02T12:28:00-04:00,2026-06-02T12:29:00-04:00,2026-06-02T12:33:00-04:00,2026-06-02T16:29:00+00:00,2026-06-02T16:33:00+00:00,SHORT,SUPERIOR,0.0,12.0,28.0,178.0,1.0,6.0,6.5844,1.541,10.564285714285559,12.232142857142858,1.1578769438810177,-0.09465855307640438,0.170385395537459,-1.2968221771468087,-0.40875912408759124,0.30656934306569344,0.30656934306569344,0.3141005710111869,-0.13618394752823446,-1.6033915202125022,1.0,2.0,0.7176730350421717,1.1548343475322023,0.6131386861313869,0.037863421230699496,-0.40875912408759124,0.4612794612794745,0.15789473684210525,2.423258958755814,1.9416058394160582,-1.3886020892136217,0.31287202251418766,1.27280550774516,1.1004016064257027,8.661257606491,23.70802919708029
CFD_ATAS_1061_20260602_1404,atas-mt5-lead-lab-causal-v1,2026-06-02,2026-06-02T14:04:00-04:00,2026-06-02T14:05:00-04:00,2026-06-02T14:05:00-04:00,2026-06-02T18:05:00+00:00,2026-06-02T18:05:00+00:00,SHORT,SUPERIOR,0.0,14.0,4.0,274.0,1.0,6.0,5.7945,2.5009,12.47857142857122,9.375,0.7512879221522736,-0.32054951345163674,1.410417859187085,1.3142530051515358,-0.26666666666666666,0.4,0.6666666666666666,-0.05388284678497007,1.010417859187085,0.6475863384848691,1.0,1.0,0.9339697380825722,0.6491127647394478,0.9333333333333333,-0.36863194046955716,-0.13333333333333333,0.4530386740330798,0.5555555555555556,2.4522037779049044,1.8666666666666667,-0.8224568891713563,-0.14848728414481852,0.7724961308865866,0.9333333333333332,18.030910131654565,30.933333333333334
CFD_ATAS_1062_20260602_1428,atas-mt5-lead-lab-causal-v1,2026-06-02,2026-06-02T14:28:00-04:00,2026-06-02T14:29:00-04:00,2026-06-02T14:31:00-04:00,2026-06-02T18:29:00+00:00,2026-06-02T18:31:00+00:00,SHORT,SUPERIOR,0.0,14.0,28.0,298.0,1.0,6.0,6.5244,1.9335,8.814285714286077,7.410714285714286,0.8407617504051518,-1.009724473257822,-0.3290113452189522,-0.13614262560785653,0.3373493975903615,0.8433734939759037,0.16867469879518074,-1.3470738708481835,-1.172384839194856,-0.30481732440303727,0.0,1.0,2.450935082502119,1.5883306320906962,1.0120481927710843,-1.043760129659683,0.3373493975903615,0.04800000000002212,0.09090909090909091,2.609400324149001,1.6867469879518073,-0.727997629313628,-0.48214998514248364,0.6636192524872914,0.7830188679245284,28.658022690436255,39.13253012048193
CFD_ATAS_1063_20260602_1524,atas-mt5-lead-lab-causal-v1,2026-06-02,2026-06-02T15:24:00-04:00,2026-06-02T15:25:00-04:00,2026-06-02T15:27:00-04:00,2026-06-02T19:25:00+00:00,2026-06-02T19:27:00+00:00,LONG,INFERIOR,1.0,15.0,24.0,354.0,1.0,6.0,5.7898,1.7234,10.985714285713714,8.125,0.7395968790637576,0.4551365409623124,1.074122236670991,-0.29128738621594613,-0.15384615384615385,0.46153846153846156,1.5384615384615385,0.6089826948084662,0.6125837751325295,-1.8297489246774847,1.0,1.0,1.5101943157931181,1.0559167750324323,1.0769230769230769,0.42782834850430873,-0.15384615384615385,0.10810810810815129,0.8333333333333334,2.5214564369312766,2.3076923076923075,1.3183475181436224,0.2611778217895687,1.0954415954415555,0.9479166666666667,26.361508452537002,35.69230769230769
CFD_ATAS_1064_20260602_1540,atas-mt5-lead-lab-causal-v1,2026-06-02,2026-06-02T15:40:00-04:00,2026-06-02T15:41:00-04:00,2026-06-02T15:41:00-04:00,2026-06-02T19:41:00+00:00,2026-06-02T19:41:00+00:00,LONG,INFERIOR,1.0,15.0,40.0,370.0,1.0,6.0,5.7177,1.5467,9.628571428571117,8.125,0.8438427299703537,0.415430267062328,0.32195845697315306,0.07270029673598297,0.15384615384615385,-0.9230769230769231,-0.3076923076923077,0.26158411321617414,1.2450353800500762,0.3803926044282907,2.0,3.0,-0.13314855006129409,0.8516320474778479,0.7692307692307693,0.467359050445119,0.3076923076923077,0.026022304832735876,0.14285714285714285,1.609792284866521,2.3076923076923075,0.6525682780667442,-0.03742074116308813,0.9413407821228938,0.9578947368421052,30.077151335312394,35.69230769230769
CFD_ATAS_1065_20260603_0957,atas-mt5-lead-lab-causal-v1,2026-06-03,2026-06-03T09:57:00-04:00,2026-06-03T09:58:00-04:00,2026-06-03T09:58:00-04:00,2026-06-03T13:58:00+00:00,2026-06-03T13:58:00+00:00,LONG,INFERIOR,1.0,9.0,57.0,27.0,2.0,6.0,6.0447,2.8824,6.450000000000208,40.982142857142854,6.353820598006439,-0.8527131782945462,0.6976744186046286,0.8992248062019726,-0.18300653594771243,-0.3355119825708061,-1.4335511982570808,-0.6697066423468337,1.0331864011754348,2.3327760044590535,2.0,3.0,-0.1532989920562332,1.0852713178294224,0.5490196078431373,-0.8682170542633123,-0.18300653594771243,0.2612612612614266,0.7014925373134329,2.7751937984491843,1.769063180827887,-0.930088689828069,0.06855347624509832,1.0191873589164864,1.0087912087912088,6.155038759689273,7.625272331154685
CFD_ATAS_1066_20260603_1142,atas-mt5-lead-lab-causal-v1,2026-06-03,2026-06-03T11:42:00-04:00,2026-06-03T11:43:00-04:00,2026-06-03T11:43:00-04:00,2026-06-03T15:43:00+00:00,2026-06-03T15:43:00+00:00,LONG,INFERIOR,1.0,11.0,42.0,132.0,2.0,6.0,7.6082,1.9314,10.214285714285714,20.714285714285715,2.0279720279720284,-0.019580419580490813,1.076923076923077,0.20559440559426315,-0.24137931034482757,-0.42241379310344823,-0.543103448275862,0.22179889076433676,1.4993368700265253,0.7486978538701251,2.0,3.0,-0.23919347688045897,0.9496503496500648,0.7241379310344828,0.0,-0.3017241379310345,0.09170305676848958,0.42857142857142855,2.036363636363565,1.4482758620689655,-0.3061620920156379,-0.232946552217151,1.4888079125454476,0.983050847457627,9.075524475524547,15.086206896551724
CFD_ATAS_1067_20260603_1213,atas-mt5-lead-lab-causal-v1,2026-06-03,2026-06-03T12:13:00-04:00,2026-06-03T12:14:00-04:00,2026-06-03T12:14:00-04:00,2026-06-03T16:14:00+00:00,2026-06-03T16:14:00+00:00,SHORT,SUPERIOR,0.0,12.0,13.0,163.0,2.0,6.0,5.3946,2.1188,8.20714285714348,15.446428571428571,1.882071366405427,-0.7676240208880247,0.3655352480417477,-0.3046127067014564,0.4046242774566474,-0.3236994219653179,-1.4566473988439306,-1.1722482983446723,0.6892346700070656,1.1520346921424742,2.0,4.0,0.09603478047812379,1.0113141862487467,0.6473988439306358,-0.7798085291559057,0.4046242774566474,0.10040160642569694,0.6428571428571429,2.0835509138382275,2.184971098265896,0.22776866944425575,-0.1344945256759603,1.0478796169631126,0.7828054298642534,11.709312445603807,20.23121387283237
CFD_ATAS_1068_20260603_1301,atas-mt5-lead-lab-causal-v1,2026-06-03,2026-06-03T13:01:00-04:00,2026-06-03T13:02:00-04:00,2026-06-03T13:02:00-04:00,2026-06-03T17:02:00+00:00,2026-06-03T17:02:00+00:00,LONG,INFERIOR,1.0,13.0,1.0,211.0,2.0,6.0,5.1284,1.7952,38.107142857143636,17.053571428571427,0.44751640112463936,0.06560449859418797,1.167760074976546,1.1572633552015332,-0.5863874345549739,-0.8062827225130891,0.07329842931937174,0.6519919331491618,1.974042797489635,1.0839649258821615,2.0,2.0,0.49891392636824167,0.7610121836925805,0.8062827225130891,0.020993439550216524,-0.5863874345549739,0.6437956204379539,0.02857142857142857,1.9025304592314514,1.6858638743455499,0.013582184655640544,-0.37680635343591257,2.9232876712330236,0.9549999999999998,8.121836925960471,18.324607329842934
CFD_ATAS_1069_20260603_1450,atas-mt5-lead-lab-causal-v1,2026-06-03,2026-06-03T14:50:00-04:00,2026-06-03T14:51:00-04:00,2026-06-03T14:51:00-04:00,2026-06-03T18:51:00+00:00,2026-06-03T18:51:00+00:00,LONG,INFERIOR,1.0,14.0,50.0,320.0,2.0,6.0,6.358,2.3359,20.421428571428674,10.267857142857142,0.502798181182229,1.1703392794682328,2.5022735222104795,1.7334732423923294,-0.12173913043478261,-1.3391304347826087,-0.48695652173913045,1.2920784099030154,3.841403956993088,2.2204297641314596,3.0,3.0,-0.4489927436067703,1.4200769499825043,0.8521739130434783,1.1997201818817709,0.0,0.49859154929571836,0.2222222222222222,3.094788387548114,2.3130434782608695,-0.3197829119913434,0.009614673552905392,1.0366207396664124,0.8914728682170543,15.155648828261555,30.434782608695652
CFD_ATAS_1070_20260604_0955,atas-mt5-lead-lab-causal-v1,2026-06-04,2026-06-04T09:55:00-04:00,2026-06-04T09:56:00-04:00,2026-06-04T09:56:00-04:00,2026-06-04T13:56:00+00:00,2026-06-04T13:56:00+00:00,LONG,INFERIOR,1.0,9.0,55.0,25.0,3.0,6.0,6.0787,2.7087,15.764285714286027,42.5,2.695967376529172,-1.1418214771182373,-0.18396012686914168,-1.3130946986860192,-0.058823529411764705,-0.5588235294117647,-0.35294117647058826,-1.0829979477064726,0.37486340254262307,-0.9601535222154309,3.0,4.0,-0.2849993848562864,2.366107838694968,0.8529411764705882,-1.160851835070162,-0.08823529411764706,0.40667976424364666,0.1875,2.7594019030357404,2.0588235294117645,0.055970294954116664,-0.15377610989045765,1.3871778755500086,1.0507726269315674,5.518803806071481,4.147058823529412
CFD_ATAS_1071_20260604_1103,atas-mt5-lead-lab-causal-v1,2026-06-04,2026-06-04T11:03:00-04:00,2026-06-04T11:04:00-04:00,2026-06-04T11:05:00-04:00,2026-06-04T15:04:00+00:00,2026-06-04T15:05:00+00:00,SHORT,SUPERIOR,0.0,11.0,3.0,93.0,3.0,6.0,6.3134,2.3185,16.6071428571426,18.75,1.1290322580645338,-0.4215053763440926,0.6322580645161389,0.0301075268817209,-0.0,0.6,-1.0666666666666667,-0.4215053763440926,0.032258064516138885,1.0967741935483875,0.0,2.0,1.0235430626099697,0.7587096774192791,0.7333333333333333,-0.3974193548386282,-0.06666666666666667,0.008183306055646676,0.47058823529411764,2.34838709677423,2.066666666666667,0.5588795042412431,0.08125775806035172,1.048478015783541,0.7608695652173914,7.647311827957108,12.4
CFD_ATAS_1072_20260604_1140,atas-mt5-lead-lab-causal-v1,2026-06-04,2026-06-04T11:40:00-04:00,2026-06-04T11:41:00-04:00,2026-06-04T11:41:00-04:00,2026-06-04T15:41:00+00:00,2026-06-04T15:41:00+00:00,SHORT,SUPERIOR,0.0,11.0,40.0,130.0,3.0,6.0,5.1536,1.7043,14.057142857142805,13.928571428571429,0.990853658536589,0.07113821138211408,0.42682926829268447,-0.7327235772357233,-0.1794871794871795,-1.0769230769230769,-0.8076923076923077,0.2506253908692936,1.5037523452157613,0.07496873045658436,3.0,4.0,-0.15911276816507616,0.5335365853658556,0.9871794871794871,0.09959349593506324,-0.1794871794871795,0.46188340807173134,0.2903225806451613,2.0843495934958907,1.6153846153846154,-0.7611847596152708,-0.31860583512422996,0.8473627556512482,0.787878787878788,9.624999999999984,22.884615384615383
CFD_ATAS_1073_20260604_1154,atas-mt5-lead-lab-causal-v1,2026-06-04,2026-06-04T11:54:00-04:00,2026-06-04T11:55:00-04:00,2026-06-04T11:55:00-04:00,2026-06-04T15:55:00+00:00,2026-06-04T15:55:00+00:00,SHORT,SUPERIOR,0.0,11.0,54.0,144.0,3.0,6.0,5.7652,1.8661,13.857142857142337,17.142857142857142,1.2371134020619021,0.4690721649484712,0.9525773195877171,0.6855670103093041,0.4375,-1.0208333333333333,-1.4583333333333335,0.031572164948471204,1.9734106529210504,2.1439003436426374,2.0,3.0,-0.9271659498539218,0.7432989690721403,0.5833333333333334,0.45463917525769654,0.5104166666666666,0.26462395543174416,0.5,1.6958762886598575,2.625,-0.774131863323085,-0.146138382971692,0.8899082568807303,1.0666666666666664,11.928865979381838,18.59375
CFD_ATAS_1074_20260604_1454,atas-mt5-lead-lab-causal-v1,2026-06-04,2026-06-04T14:54:00-04:00,2026-06-04T14:55:00-04:00,2026-06-04T14:55:00-04:00,2026-06-04T18:55:00+00:00,2026-06-04T18:55:00+00:00,LONG,INFERIOR,1.0,14.0,54.0,324.0,3.0,6.0,5.422,2.8487,16.592857142857092,8.928571428571429,0.5380972879896702,-0.45200172191132293,1.0908308222125718,1.5428325441238946,-0.98,-1.1199999999999999,-0.84,0.527998278088677,2.2108308222125714,2.3828325441238944,2.0,3.0,0.8234481530461344,0.5604821351699966,1.4,-0.42789496340929806,-0.98,0.5289256198346648,0.375,2.681876883340516,1.54,0.5939435646042011,0.008266946502769374,1.0784586815227377,0.9803921568627451,18.917778734395323,50.12
CFD_ATAS_1075_20260604_1527,atas-mt5-lead-lab-causal-v1,2026-06-04,2026-06-04T15:27:00-04:00,2026-06-04T15:28:00-04:00,2026-06-04T15:28:00-04:00,2026-06-04T19:28:00+00:00,2026-06-04T19:28:00+00:00,SHORT,SUPERIOR,0.0,15.0,27.0,357.0,3.0,6.0,6.2654,1.6765,12.27142857142826,10.982142857142858,0.8949359720605583,-0.5459837019791186,0.04074505238649696,-1.271245634458883,-0.45528455284552843,-0.9105691056910569,-2.048780487804878,-0.09069914913359017,0.9513141580775538,0.7775348533459951,3.0,5.0,-0.5079920711152907,0.9860302677531079,0.7967479674796748,-0.5704307334109574,-0.45528455284552843,0.5200000000000097,1.0,1.882421420256041,2.2764227642276422,-0.06460044148834744,0.0308390173214958,0.8261601346477497,1.0982142857142858,26.932479627474493,40.74796747967479
CFD_ATAS_1076_20260605_1011,atas-mt5-lead-lab-causal-v1,2026-06-05,2026-06-05T10:11:00-04:00,2026-06-05T10:12:00-04:00,2026-06-05T10:12:00-04:00,2026-06-05T14:12:00+00:00,2026-06-05T14:12:00+00:00,LONG,INFERIOR,1.0,10.0,11.0,41.0,4.0,6.0,7.2443,2.6102,7.950000000000467,38.57142857142857,4.8517520215630565,0.4276729559745431,2.2893081761001284,1.3459119496850893,-0.6805555555555556,-0.09722222222222222,1.425925925925926,1.1082285115300987,2.3865303983223507,-0.08001397624083673,1.0,1.0,-0.02788088934921015,1.0817610062890615,1.4583333333333335,0.45283018867903563,-0.6481481481481481,0.4163424124512958,0.5116279069767442,2.7547169811316388,2.560185185185185,0.03666233662994762,-0.08932089761937542,1.2284768211920463,1.1279373368146215,7.987421383647329,8.87962962962963
CFD_ATAS_1077_20260605_1022,atas-mt5-lead-lab-causal-v1,2026-06-05,2026-06-05T10:22:00-04:00,2026-06-05T10:23:00-04:00,2026-06-05T10:23:00-04:00,2026-06-05T14:23:00+00:00,2026-06-05T14:23:00+00:00,LONG,INFERIOR,1.0,10.0,22.0,52.0,4.0,6.0,5.7426,2.3535,7.871428571428623,34.55357142857143,4.389745916515397,0.6733212341196854,1.0544464609799369,-0.12704174228675053,-1.5193798449612401,-2.098191214470284,-1.193798449612403,2.1927010790809254,3.152637675450221,1.0667567073256525,3.0,3.0,-1.8334342064651497,1.20689655172413,1.8087855297157622,0.60980036297631,-1.5555555555555554,0.047619047619047616,0.39759036144578314,2.820326678765954,2.2790697674418605,0.30256091776463684,-0.43289877466311105,1.1319979455571862,0.971141781681305,10.061705989110735,9.912144702842376
CFD_ATAS_1078_20260605_1027,atas-mt5-lead-lab-causal-v1,2026-06-05,2026-06-05T10:27:00-04:00,2026-06-05T10:28:00-04:00,2026-06-05T10:28:00-04:00,2026-06-05T14:28:00+00:00,2026-06-05T14:28:00+00:00,LONG,INFERIOR,1.0,10.0,27.0,57.0,4.0,6.0,5.8693,2.3877,11.15714285714239,31.875,2.8569142125481353,1.308578745198388,2.213828425095863,-0.3495518565942552,-0.11764705882352941,-1.8431372549019607,-1.6862745098039216,1.4262258040219173,4.056965679997823,1.3367226532096663,3.0,4.0,-1.6406822944739057,1.4340588988476914,0.8235294117647058,1.2637644046093977,-0.11764705882352941,0.05794947994059002,0.6417910447761194,3.3341869398206216,2.7450980392156863,-1.199634224601844,-0.22717855450566413,1.571428571428425,0.9060913705583756,8.676056338028468,10.745098039215685
CFD_ATAS_1079_20260605_1109,atas-mt5-lead-lab-causal-v1,2026-06-05,2026-06-05T11:09:00-04:00,2026-06-05T11:10:00-04:00,2026-06-05T11:12:00-04:00,2026-06-05T15:10:00+00:00,2026-06-05T15:12:00+00:00,LONG,INFERIOR,1.0,11.0,9.0,99.0,4.0,6.0,6.9179,1.6181,8.442857142857454,26.696428571428573,3.162013536378902,-0.18950930626082685,-0.4263959390865372,0.3434856175970215,0.0,0.2809364548494983,-1.3578595317725752,-0.18950930626082685,-0.7073323939360355,1.7013451493695968,1.0,3.0,0.6183637403687781,0.5566835871400747,0.7959866220735785,-0.22504230118459723,0.0,0.2521739130432087,0.5918367346938775,1.6345177664977464,2.1538461538461537,-1.2301927141590476,-0.1483476576846145,0.978071990070368,0.861671469740634,13.573604060913464,12.82943143812709
CFD_ATAS_1080_20260605_1203,atas-mt5-lead-lab-causal-v1,2026-06-05,2026-06-05T12:03:00-04:00,2026-06-05T12:04:00-04:00,2026-06-05T12:04:00-04:00,2026-06-05T16:04:00+00:00,2026-06-05T16:04:00+00:00,LONG,INFERIOR,1.0,12.0,3.0,153.0,4.0,6.0,5.9045,1.6329,15.399999999999896,22.589285714285715,1.4668367346938875,0.18831168831178408,0.032467532467532687,-0.525974025973935,-0.05533596837944664,-0.2766798418972332,-1.826086956521739,0.24364765669123073,0.3091473743647659,1.300112930547804,2.0,4.0,0.05120325784975195,0.8116883116883172,1.1620553359683794,0.24025974025978913,-0.05533596837944664,0.2082262210796463,0.9428571428571428,1.5389610389608603,2.5454545454545454,-0.016696180471037495,0.00929163840540709,1.0522205954123818,0.9370370370370371,12.512987012987145,21.857707509881422
CFD_ATAS_1081_20260605_1209,atas-mt5-lead-lab-causal-v1,2026-06-05,2026-06-05T12:09:00-04:00,2026-06-05T12:10:00-04:00,2026-06-05T12:10:00-04:00,2026-06-05T16:10:00+00:00,2026-06-05T16:10:00+00:00,LONG,INFERIOR,1.0,12.0,9.0,159.0,4.0,6.0,6.3275,1.8376,15.414285714285402,22.321428571428573,1.4481000926784353,0.2530120481926346,1.0379981464319024,-0.2659870250233166,0.11199999999999999,-0.952,-1.8479999999999999,0.14101204819263463,1.9899981464319023,1.5820129749766831,2.0,3.0,-0.5893672885414911,0.642261353104834,1.008,0.33734939759017946,0.16799999999999998,0.10224438902748029,0.8048780487804879,1.952734012974922,2.1839999999999997,-1.7965400330577916,-0.10492555961492223,1.0124325592305528,0.9398496240601505,13.156626506024315,23.799999999999997
CFD_ATAS_1082_20260605_1304,atas-mt5-lead-lab-causal-v1,2026-06-05,2026-06-05T13:04:00-04:00,2026-06-05T13:05:00-04:00,2026-06-05T13:06:00-04:00,2026-06-05T17:05:00+00:00,2026-06-05T17:06:00+00:00,LONG,INFERIOR,1.0,13.0,4.0,214.0,4.0,6.0,7.5953,2.2219,33.81428571428556,30.089285714285715,0.8898394592310983,-0.662441909590137,0.07689057879178438,0.3578369243769145,-0.0830860534124629,-0.04154302670623145,-1.370919881305638,-0.5793558561776742,0.11843360549801582,1.7287568056825524,2.0,4.0,0.7684453744922477,0.96408956485009,0.8724035608308605,-0.6003379805660987,-0.04154302670623145,0.15106117353310677,0.4520547945205479,2.0642163075623032,2.409495548961424,0.9830898723886866,-0.17806102189648695,1.2676395769179438,1.306201550387597,14.10646387832706,23.97032640949555
CFD_ATAS_1083_20260605_1444,atas-mt5-lead-lab-causal-v1,2026-06-05,2026-06-05T14:44:00-04:00,2026-06-05T14:45:00-04:00,2026-06-05T14:45:00-04:00,2026-06-05T18:45:00+00:00,2026-06-05T18:45:00+00:00,LONG,INFERIOR,1.0,14.0,44.0,314.0,4.0,6.0,5.6201,2.4491,23.285714285714544,24.642857142857142,1.0582822085889454,-0.8245398773006356,0.9619631901839447,-0.038650306748528325,0.4057971014492754,0.15217391304347827,-1.1159420289855073,-1.230336978749911,0.8097892771404664,1.0772917222369789,2.0,4.0,0.42048629661549586,1.253987730061367,1.5724637681159421,-0.8588957055214629,0.4057971014492754,0.010701545778852208,0.5789473684210527,2.301840490797458,2.4855072463768115,0.18174764536690932,-0.0041223663923737495,0.9887776766757745,1.0656370656370655,26.62576687116535,38.550724637681164
CFD_ATAS_1084_20260605_1513,atas-mt5-lead-lab-causal-v1,2026-06-05,2026-06-05T15:13:00-04:00,2026-06-05T15:14:00-04:00,2026-06-05T15:14:00-04:00,2026-06-05T19:14:00+00:00,2026-06-05T19:14:00+00:00,LONG,INFERIOR,1.0,15.0,13.0,343.0,4.0,6.0,5.0642,1.7238,22.300000000000313,34.107142857142854,1.529468289557954,0.9955156950672832,1.6905829596412645,1.923766816143536,0.18324607329842935,-0.6596858638743456,-1.099476439790576,0.8122696217688539,2.35026882351561,3.023243255934112,2.0,3.0,-0.2840792083001028,1.0627802690583137,0.6230366492146597,1.040358744394637,0.14659685863874347,0.7674418604651223,0.45454545454545453,2.2735426008968616,2.1256544502617802,-1.8562647264838572,0.30338816812044056,0.9882874327318751,1.3427065026362037,30.053811659192437,30.565445026178015
CFD_ATAS_1085_20260605_1536,atas-mt5-lead-lab-causal-v1,2026-06-05,2026-06-05T15:36:00-04:00,2026-06-05T15:37:00-04:00,2026-06-05T15:41:00-04:00,2026-06-05T19:37:00+00:00,2026-06-05T19:41:00+00:00,LONG,INFERIOR,1.0,15.0,36.0,366.0,4.0,6.0,6.9423,1.6307,19.5214285714293,37.232142857142854,1.9072447859494346,-1.6392242956457492,-0.7120380534211969,-1.762166117819255,-0.1342925659472422,0.8393285371702639,0.23501199040767387,-1.504931729698507,-1.5513665905914609,-1.9971781082269289,1.0,2.0,1.054289293170131,1.7672886937430734,0.9400479616306955,-1.5572630808635364,-0.1342925659472422,0.487252124645923,0.0958904109589041,1.9260885473838671,1.9136690647482015,1.7492557416646728,0.028284820297329004,0.9054165976478546,1.0901960784313727,38.69593852908754,30.24940047961631
CFD_ATAS_1086_20260608_1018,atas-mt5-lead-lab-causal-v1,2026-06-08,2026-06-08T10:18:00-04:00,2026-06-08T10:19:00-04:00,2026-06-08T10:19:00-04:00,2026-06-08T14:19:00+00:00,2026-06-08T14:19:00+00:00,SHORT,SUPERIOR,0.0,10.0,18.0,48.0,0.0,6.0,8.0061,1.7351,22.74999999999974,45.089285714285715,1.9819466248037902,-0.7428571428572153,0.3736263736263779,-1.6043956043956227,0.30495049504950494,-0.11089108910891089,1.0811881188118813,-1.0478076379067203,0.4845174627352888,-2.685583723207504,1.0,1.0,0.10695787465393469,1.134065934065915,0.8316831683168316,-0.7472527472527558,0.30495049504950494,0.4180985108820021,0.43820224719101125,2.452747252747249,2.1623762376237625,-1.791240895123415,-0.47216414196701245,1.9100449775113268,0.9555345316934721,8.426373626373755,5.6
CFD_ATAS_1087_20260608_1136,atas-mt5-lead-lab-causal-v1,2026-06-08,2026-06-08T11:36:00-04:00,2026-06-08T11:37:00-04:00,2026-06-08T11:37:00-04:00,2026-06-08T15:37:00+00:00,2026-06-08T15:37:00+00:00,SHORT,SUPERIOR,0.0,11.0,36.0,126.0,0.0,6.0,8.1048,2.3348,10.892857142856883,29.196428571428573,2.680327868852523,-0.5416393442624416,-0.13770491803279017,-0.11934426229501802,-0.42813455657492355,-0.8990825688073394,-0.0856269113149847,-0.1135047876875181,0.7613776507745492,-0.03371735098003331,3.0,3.0,-0.49996158474090074,0.8721311475410044,1.0275229357798166,-0.587540983606705,-0.42813455657492355,0.046594982078830616,0.05,2.3960655737704153,1.45565749235474,-1.2120756317862567,-0.1070337129630672,0.8498188910559722,1.2133580705009277,27.38491803278747,14.085626911314984
CFD_ATAS_1088_20260608_1142,atas-mt5-lead-lab-causal-v1,2026-06-08,2026-06-08T11:42:00-04:00,2026-06-08T11:43:00-04:00,2026-06-08T11:44:00-04:00,2026-06-08T15:43:00+00:00,2026-06-08T15:44:00+00:00,SHORT,SUPERIOR,0.0,11.0,42.0,132.0,0.0,6.0,6.8566,1.7673,13.707142857142442,29.910714285714285,2.182126107347643,-2.0573215216259624,-2.0208441896822404,-1.240229286086541,0.5432835820895523,0.20895522388059704,-1.0447761194029852,-2.6006051037155147,-2.2297994135628376,-0.19545316668355572,1.0,3.0,0.8255206899426933,3.071391349661269,1.0029850746268658,-2.0208441896822404,0.5014925373134329,0.28911564625848907,0.49019607843137253,3.071391349661269,2.1313432835820896,-0.39775733117539,-0.2703445375511831,1.075070028011183,1.2430426716141,23.199583116207062,13.749253731343284
CFD_ATAS_1089_20260608_1218,atas-mt5-lead-lab-causal-v1,2026-06-08,2026-06-08T12:18:00-04:00,2026-06-08T12:19:00-04:00,2026-06-08T12:19:00-04:00,2026-06-08T16:19:00+00:00,2026-06-08T16:19:00+00:00,SHORT,SUPERIOR,0.0,12.0,18.0,168.0,0.0,6.0,7.9842,1.5802,13.128571428571636,21.875,1.666213275299212,0.24374319912954015,0.2665941240478739,1.0282916213275137,-0.17142857142857143,-0.22857142857142856,-1.1428571428571428,0.4151717705581116,0.4951655526193025,2.1711487641846565,2.0,3.0,0.5704373270657379,0.7845484221979735,0.9142857142857143,0.22850924918389193,-0.17142857142857143,0.9183673469385027,0.5555555555555556,1.8509249183894692,2.2857142857142856,0.4847042887449955,-0.05083280415809907,1.011001100110021,0.9007352941176471,30.216539717083364,18.8
CFD_ATAS_1090_20260608_1343,atas-mt5-lead-lab-causal-v1,2026-06-08,2026-06-08T13:43:00-04:00,2026-06-08T13:44:00-04:00,2026-06-08T13:46:00-04:00,2026-06-08T17:44:00+00:00,2026-06-08T17:46:00+00:00,SHORT,SUPERIOR,0.0,13.0,43.0,253.0,0.0,6.0,7.5048,2.4642,28.857142857143117,27.767857142857142,0.9622524752475161,0.3396039603961374,2.016831683168324,1.420792079207908,0.13504823151125403,0.8102893890675241,1.6205787781350482,0.20455572888488335,1.2065422941008,-0.19978669892714018,0.0,0.0,1.1559596299524142,0.6861386138613548,0.40514469453376206,0.3465346534653434,-0.0,0.5437665782493264,1.0,2.526237623762404,1.7106109324758842,-0.6959716879875297,0.13025791158436512,0.6718775985365112,1.2101167315175099,14.37425742574242,14.810289389067524
CFD_ATAS_1091_20260608_1419,atas-mt5-lead-lab-causal-v1,2026-06-08,2026-06-08T14:19:00-04:00,2026-06-08T14:20:00-04:00,2026-06-08T14:22:00-04:00,2026-06-08T18:20:00+00:00,2026-06-08T18:22:00+00:00,SHORT,SUPERIOR,0.0,14.0,19.0,289.0,0.0,6.0,8.1162,2.0845,15.585714285713818,19.375,1.243125572868965,-0.429880843263121,-0.23739688359308772,-1.0779101741521397,0.45161290322580644,-0.0,-0.7741935483870968,-0.8814937464889274,-0.23739688359308772,-0.303716625765043,2.0,3.0,0.2931322076354146,0.8982584784601553,0.9032258064516129,-0.3657195233731099,0.5161290322580645,0.43979057591628673,0.375,2.341888175985405,1.6129032258064515,-1.2966688159962516,0.2895063682253461,0.5437328681783851,0.8732394366197183,35.3208065994511,21.225806451612904
CFD_ATAS_1092_20260608_1532,atas-mt5-lead-lab-causal-v1,2026-06-08,2026-06-08T15:32:00-04:00,2026-06-08T15:33:00-04:00,2026-06-08T15:36:00-04:00,2026-06-08T19:33:00+00:00,2026-06-08T19:36:00+00:00,LONG,INFERIOR,1.0,15.0,32.0,362.0,0.0,6.0,5.4074,1.6938,21.32142857142805,24.553571428571427,1.1515912897822727,-0.6097152428810869,0.7269681742043729,-1.4398659966498148,0.4072727272727273,1.730909090909091,1.8327272727272728,-1.0169879701538143,-1.003940916704718,-3.2725932693770874,0.0,1.0,1.8567142825053202,1.2006700167505504,1.170909090909091,-0.5393634840871153,0.4072727272727273,0.35005701254273786,0.6923076923076923,2.3497487437187528,3.1563636363636367,2.4079505214540653,0.218235417420903,0.922435105067972,1.2731481481481481,25.936348408710852,16.74909090909091
CFD_ATAS_1093_20260609_1139,atas-mt5-lead-lab-causal-v1,2026-06-09,2026-06-09T11:39:00-04:00,2026-06-09T11:40:00-04:00,2026-06-09T11:40:00-04:00,2026-06-09T15:40:00+00:00,2026-06-09T15:40:00+00:00,SHORT,SUPERIOR,0.0,11.0,39.0,129.0,1.0,6.0,6.321,1.5885,11.285714285714546,50.982142857142854,4.517405063291035,0.11518987341797675,1.5772151898736393,0.8240506329116313,-1.0788091068301227,-0.3187390542907181,-0.3922942206654991,1.1939989802480995,1.8959542441643573,1.2163448535771304,1.0,2.0,-0.30158103785180734,0.5670886075950525,1.4711033274956218,0.11518987341797675,-1.0788091068301227,0.3110367892976654,0.16,2.0556962025316627,1.5446584938704029,-0.6984487563971253,0.06927466185977947,1.2367906066536665,1.0535055350553504,7.354430379746666,20.374781085814362
CFD_ATAS_1094_20260609_1202,atas-mt5-lead-lab-causal-v1,2026-06-09,2026-06-09T12:02:00-04:00,2026-06-09T12:03:00-04:00,2026-06-09T12:03:00-04:00,2026-06-09T16:03:00+00:00,2026-06-09T16:03:00+00:00,SHORT,SUPERIOR,0.0,12.0,2.0,152.0,1.0,6.0,6.923,2.6603,11.985714285713973,57.232142857142854,4.775029797377955,-1.6936829558998643,0.2085816448152617,-2.402860548271754,0.5460218408736349,-0.5897035881435257,-0.5460218408736349,-2.2397047967734993,0.7982852329587875,-1.8568387073981194,2.0,3.0,-0.557623761548149,2.1108462455303876,1.0046801872074884,-1.718712753277635,0.5678627145085804,0.38709677419355,0.30864197530864196,2.8367103694875593,1.8346333853354135,-1.5149694901956985,-0.3265556649372843,1.1875442321302099,1.2174738841405508,7.525625744934703,20.377535101404057
CFD_ATAS_1095_20260609_1323,atas-mt5-lead-lab-causal-v1,2026-06-09,2026-06-09T13:23:00-04:00,2026-06-09T13:24:00-04:00,2026-06-09T13:24:00-04:00,2026-06-09T17:24:00+00:00,2026-06-09T17:24:00+00:00,LONG,INFERIOR,1.0,13.0,23.0,233.0,1.0,6.0,7.8627,2.0183,44.82142857142857,46.785714285714285,1.043824701195219,0.336892430278852,1.8294820717131475,1.9834262948206685,-0.8282442748091603,-1.1488549618320612,-0.3473282442748092,1.1651367050880124,2.9783370335452086,2.330754539095478,2.0,2.0,-0.7907793507675769,0.7942629482071388,1.202290076335878,0.32350597609561754,-0.8282442748091603,0.6309439318665663,0.1111111111111111,2.289083665338613,2.00381679389313,0.6853637427395157,-0.3084570335034146,1.4293849658314528,0.7987804878048781,10.680159362549817,34.62595419847328
CFD_ATAS_1096_20260609_1400,atas-mt5-lead-lab-causal-v1,2026-06-09,2026-06-09T14:00:00-04:00,2026-06-09T14:01:00-04:00,2026-06-09T14:03:00-04:00,2026-06-09T18:01:00+00:00,2026-06-09T18:03:00+00:00,LONG,INFERIOR,1.0,14.0,0.0,270.0,1.0,6.0,6.3605,1.9256,50.742857142857765,43.839285714285715,0.8639498873873768,-0.13795045045044876,0.9104729729729761,0.9498873873873901,0.4562118126272912,0.0570264765784114,0.1425661914460285,-0.59416226307774,0.8534464963945647,0.8073211959413615,1.0,2.0,1.2400934863616968,0.8060247747747936,0.8839103869653767,-0.22072072072066065,0.4562118126272912,0.3016270337922462,0.07042253521126761,2.4121621621621614,1.0835030549898166,0.26188469505147083,0.5154220497356031,1.130760047751705,0.9571150097465887,15.00309684684672,36.95315682281059
CFD_ATAS_1097_20260609_1441,atas-mt5-lead-lab-causal-v1,2026-06-09,2026-06-09T14:41:00-04:00,2026-06-09T14:42:00-04:00,2026-06-09T14:42:00-04:00,2026-06-09T18:42:00+00:00,2026-06-09T18:42:00+00:00,LONG,INFERIOR,1.0,14.0,41.0,311.0,1.0,6.0,8.6495,2.3392,50.10000000000063,35.357142857142854,0.70573139435414,0.8363273453093998,1.922155688622716,1.159680638722584,-0.5656565656565657,-1.1666666666666667,-1.3434343434343436,1.4019839109659655,3.0888223552893828,2.5031149821569274,3.0,4.0,-1.0098066127169236,1.0379241516965938,1.0252525252525253,0.8383233532934027,-0.6010101010101011,0.4313288789903628,1.0,2.1257485029939853,2.0505050505050506,0.031012106220513366,-0.1112235652543965,1.0769230769230855,0.8684210526315789,20.618762475049643,45.81818181818182
CFD_ATAS_1098_20260609_1512,atas-mt5-lead-lab-causal-v1,2026-06-09,2026-06-09T15:12:00-04:00,2026-06-09T15:13:00-04:00,2026-06-09T15:13:00-04:00,2026-06-09T19:13:00+00:00,2026-06-09T19:13:00+00:00,LONG,INFERIOR,1.0,15.0,12.0,342.0,1.0,6.0,7.6464,1.5884,50.464285714284934,39.285714285714285,0.7784854918613001,-0.598443029016229,0.3765038924274651,-0.5350318471337663,0.19090909090909092,-1.6227272727272728,-2.5136363636363637,-0.78935211992532,1.9992311651547379,1.9786045165025974,2.0,4.0,-0.7685231242326501,0.8382165605095527,0.9227272727272727,-0.600424628450101,0.1590909090909091,0.17352185089974456,0.8681318681318682,1.8488322717622223,3.309090909090909,0.3488883753749703,-0.3104843837398132,1.106846310512276,1.0784313725490196,25.186128803963587,41.236363636363635
CFD_ATAS_1099_20260610_1252,atas-mt5-lead-lab-causal-v1,2026-06-10,2026-06-10T12:52:00-04:00,2026-06-10T12:53:00-04:00,2026-06-10T12:53:00-04:00,2026-06-10T16:53:00+00:00,2026-06-10T16:53:00+00:00,SHORT,SUPERIOR,0.0,12.0,52.0,202.0,2.0,6.0,6.1566,2.4607,65.19999999999995,37.410714285714285,0.5737839614373361,-0.05368098159509207,1.9432515337423442,1.250000000000001,-0.4009546539379475,-1.3031026252983293,-1.9045346062052506,0.34727367234285544,3.2463541590406733,3.1545346062052517,3.0,5.0,-0.8392620097615602,0.6687116564416961,0.8687350835322196,-0.0429447852760625,-0.4343675417661098,0.41475826972010177,1.0,2.504601226993856,2.4391408114558475,-0.3008042556229768,-0.26839110461529414,2.287146078676967,0.9555302166476625,8.449386503067513,16.639618138424822
CFD_ATAS_1100_20260610_1352,atas-mt5-lead-lab-causal-v1,2026-06-10,2026-06-10T13:52:00-04:00,2026-06-10T13:53:00-04:00,2026-06-10T13:53:00-04:00,2026-06-10T17:53:00+00:00,2026-06-10T17:53:00+00:00,LONG,INFERIOR,1.0,13.0,52.0,262.0,2.0,6.0,5.1664,2.082,48.84285714285657,41.964285714285715,0.8591693477625137,-0.560982743492211,-0.25182801988884446,-0.9929804036268031,-1.251063829787234,-1.6680851063829787,-1.0425531914893618,0.6900810862950231,1.4162570864941342,0.0495727878625587,2.0,3.0,-0.93539691585017,1.0093594618309416,1.3404255319148937,-0.5650775080432643,-1.2212765957446807,0.3527272727272727,0.3465346534653465,2.039192746417075,2.234042553191489,1.1789137215520358,0.20017981647313407,0.9295812941816184,1.2450331125827816,13.0582041532614,15.102127659574467
CFD_ATAS_1101_20260610_1403,atas-mt5-lead-lab-causal-v1,2026-06-10,2026-06-10T14:03:00-04:00,2026-06-10T14:04:00-04:00,2026-06-10T14:08:00-04:00,2026-06-10T18:04:00+00:00,2026-06-10T18:08:00+00:00,LONG,INFERIOR,1.0,14.0,3.0,273.0,2.0,6.0,6.4228,2.5639,61.65714285714265,38.214285714285715,0.6197868396663598,-0.29842446709919046,1.401297497683009,1.062326227988882,0.6542056074766355,0.9485981308411214,1.014018691588785,-0.9526300745758259,0.4526993668418876,0.048307536400097106,1.0,1.0,1.5810089154139724,0.7347080630213066,1.1121495327102804,-0.28707136237257996,0.6214953271028038,0.31086853345988913,0.7560975609756098,2.474976830398502,1.733644859813084,1.113970242384055,0.14412878587689124,1.1888169673598632,1.1145833333333335,10.3443002780353,16.58411214953271
CFD_ATAS_1102_20260610_1421,atas-mt5-lead-lab-causal-v1,2026-06-10,2026-06-10T14:21:00-04:00,2026-06-10T14:22:00-04:00,2026-06-10T14:22:00-04:00,2026-06-10T18:22:00+00:00,2026-06-10T18:22:00+00:00,LONG,INFERIOR,1.0,14.0,21.0,291.0,2.0,6.0,6.9088,2.1675,48.914285714285924,32.94642857142857,0.6735543224299037,0.484521028037396,2.0484813084112212,0.6480724299065541,-0.5691056910569106,0.07588075880758809,-2.086720867208672,1.0536267190943065,1.9726005496036332,2.7347932971152265,1.0,3.0,0.5718840388040725,0.7748247663551666,1.4037940379403795,0.519275700934607,-0.4932249322493225,0.1879075281564943,0.6179775280898876,2.5391355140186955,2.655826558265583,-0.35853424806945566,-0.19081628184802055,0.9577622377622396,1.0588235294117645,13.039135514018696,19.23577235772358
CFD_ATAS_1103_20260611_1012,atas-mt5-lead-lab-causal-v1,2026-06-11,2026-06-11T10:12:00-04:00,2026-06-11T10:13:00-04:00,2026-06-11T10:13:00-04:00,2026-06-11T14:13:00+00:00,2026-06-11T14:13:00+00:00,LONG,INFERIOR,1.0,10.0,12.0,42.0,3.0,6.0,6.1213,2.0891,16.671428571428674,56.42857142857143,3.3847472150813847,0.0419880034276355,1.4995715509854235,-0.8637532133676913,-0.5759493670886076,-1.75,-2.7246835443037973,0.6179373705162431,3.2495715509854235,1.860930330936106,2.0,4.0,-1.7232431601544254,0.7137960582691489,1.0632911392405062,0.0,-0.5537974683544303,0.22360248447206724,0.8723404255319149,2.4892887746358032,3.0348101265822782,-1.5045457081335625,-0.18876588761014076,2.0120689655173485,0.9532428355957768,6.022279348757548,7.0664556962025316
CFD_ATAS_1104_20260611_1126,atas-mt5-lead-lab-causal-v1,2026-06-11,2026-06-11T11:26:00-04:00,2026-06-11T11:27:00-04:00,2026-06-11T11:29:00-04:00,2026-06-11T15:27:00+00:00,2026-06-11T15:29:00+00:00,LONG,INFERIOR,1.0,11.0,26.0,116.0,3.0,6.0,8.8743,4.0141,29.45714285714348,43.392857142857146,1.4730843840930823,0.485451018428675,0.3428709990300112,-2.814258001939854,0.4897119341563786,0.8065843621399177,0.3744855967078189,-0.004260915727703596,-0.46371336310990646,-3.1887435986476733,1.0,3.0,2.0703407206926747,1.646459747817618,1.0946502057613168,0.5126091173617244,0.5185185185185185,0.600289645184634,0.23636363636363636,5.11590688651786,1.4691358024691357,1.7339326268191004,0.13730193969360882,2.779912369396715,0.8364888123924269,6.72502424830255,10.888888888888888
CFD_ATAS_1105_20260611_1404,atas-mt5-lead-lab-causal-v1,2026-06-11,2026-06-11T14:04:00-04:00,2026-06-11T14:05:00-04:00,2026-06-11T14:05:00-04:00,2026-06-11T18:05:00+00:00,2026-06-11T18:05:00+00:00,LONG,INFERIOR,1.0,14.0,4.0,274.0,3.0,6.0,6.9296,2.381,50.09285714285683,43.660714285714285,0.8715956081562867,-0.007985170397789072,1.5690859831741586,0.5789248538428668,0.20040899795501024,-1.918200408997955,-2.2903885480572597,-0.2083941683527993,3.4872863921721136,2.8693134019001265,2.0,3.0,-1.4289248133975974,0.62483958363039,0.9734151329243353,0.007985170397861696,0.20040899795501024,0.2248062015503876,0.6349206349206349,2.3755881933552123,3.6932515337423313,-0.3731636020626559,-0.07123002911402312,0.9831767839618697,0.9654491609081934,9.362612291458777,16.605316973415132
CFD_ATAS_1106_20260611_1535,atas-mt5-lead-lab-causal-v1,2026-06-11,2026-06-11T15:35:00-04:00,2026-06-11T15:36:00-04:00,2026-06-11T15:37:00-04:00,2026-06-11T19:36:00+00:00,2026-06-11T19:37:00+00:00,LONG,INFERIOR,1.0,15.0,35.0,365.0,3.0,6.0,5.0074,4.3874,34.78571428571455,30.535714285714285,0.8778234086242234,0.25297741273098334,2.8000000000000207,2.7683778234085823,0.08187134502923978,0.40935672514619886,0.7777777777777778,0.17110606770174358,2.3906432748538218,1.9906000456308046,0.0,1.0,0.7651110465045371,0.8279260780287203,0.9005847953216375,0.34209445585219533,0.04093567251461989,0.8266094420600538,0.40425531914893614,3.7630390143736254,2.0058479532163744,0.7888793356898021,-0.09264178011143791,1.0142663750911218,1.1194762684124386,13.482546201231932,31.68421052631579
CFD_ATAS_1107_20260612_1034,atas-mt5-lead-lab-causal-v1,2026-06-12,2026-06-12T10:34:00-04:00,2026-06-12T10:35:00-04:00,2026-06-12T10:35:00-04:00,2026-06-12T14:35:00+00:00,2026-06-12T14:35:00+00:00,SHORT,SUPERIOR,0.0,10.0,34.0,64.0,4.0,6.0,5.8732,3.1722,13.02142857142878,47.232142857142854,3.6272627537026296,0.6911684037301041,0.8678003291277415,1.612726275370243,-0.26465028355387527,0.3440453686200378,-0.29111531190926276,0.9558186872839793,0.5237549605077036,1.9038415872795058,1.0,2.0,0.7900828258107357,1.0828304991773308,0.9262759924385634,0.7218869994515539,-0.26465028355387527,0.3571428571428837,0.1506849315068493,3.102578167855246,1.561436672967864,-0.22560744449199538,-0.03899731661541155,1.0710928319624098,0.9841860465116278,9.154141524958769,8.415879017013234
CFD_ATAS_1108_20260612_1137,atas-mt5-lead-lab-causal-v1,2026-06-12,2026-06-12T11:37:00-04:00,2026-06-12T11:38:00-04:00,2026-06-12T11:38:00-04:00,2026-06-12T15:38:00+00:00,2026-06-12T15:38:00+00:00,LONG,INFERIOR,1.0,11.0,37.0,127.0,4.0,6.0,7.1163,2.3266,13.821428571428312,32.5,2.351421188630535,-0.2821705426357695,-1.410852713178321,-1.447028423772637,-0.34615384615384615,-0.5769230769230769,-0.8461538461538461,0.06398330351807663,-0.8339296362552442,-0.6008745776187908,2.0,3.0,-0.044342995652830446,1.0273901808783616,1.6153846153846154,-0.2894056847545274,-0.4230769230769231,0.5813953488371847,0.3142857142857143,2.5105943152453145,2.8076923076923075,-0.7100763285864573,0.03295443542233022,1.002590673575073,0.7383367139959433,10.838242894056998,16.307692307692307
CFD_ATAS_1109_20260612_1143,atas-mt5-lead-lab-causal-v1,2026-06-12,2026-06-12T11:43:00-04:00,2026-06-12T11:44:00-04:00,2026-06-12T11:44:00-04:00,2026-06-12T15:44:00+00:00,2026-06-12T15:44:00+00:00,LONG,INFERIOR,1.0,11.0,43.0,133.0,4.0,6.0,7.8366,2.216,16.871428571428364,40.267857142857146,2.3867485182049406,0.6697713801864635,1.1854360711261789,0.3378492802710041,-0.06208425720620842,-0.7760532150776053,-1.1175166297117516,0.731855637392672,1.961489286203784,1.4553659099827556,3.0,4.0,-0.33638156299310745,1.2684165961050977,0.4966740576496674,0.7171888230314676,-0.03104212860310421,0.09844559585492618,0.6428571428571429,2.3353090601186586,2.079822616407982,-2.732900547940805,-0.0920750693324716,1.2190967741934762,1.0391705069124424,11.43353090601208,13.161862527716185
CFD_ATAS_1110_20260612_1237,atas-mt5-lead-lab-causal-v1,2026-06-12,2026-06-12T12:37:00-04:00,2026-06-12T12:38:00-04:00,2026-06-12T12:39:00-04:00,2026-06-12T16:38:00+00:00,2026-06-12T16:39:00+00:00,LONG,INFERIOR,1.0,12.0,37.0,187.0,4.0,6.0,5.4868,3.7077,45.32857142857184,27.5,0.6066813740939119,-0.44122281752284503,1.5045698077529175,0.5074062401512718,0.36363636363636365,-0.5,0.5454545454545454,-0.8048591811592087,2.0045698077529175,-0.03804830530327363,1.0,1.0,0.6393474351426862,1.0368736211786858,0.9090909090909091,-0.45004727387333404,0.4090909090909091,0.11966701352757725,0.1875,2.9451623069649906,1.8181818181818181,0.8696075618711192,-0.32969226138972235,2.16070820565208,0.6105054509415262,7.697132051686063,19.272727272727273
CFD_ATAS_1111_20260612_1351,atas-mt5-lead-lab-causal-v1,2026-06-12,2026-06-12T13:51:00-04:00,2026-06-12T13:52:00-04:00,2026-06-12T13:55:00-04:00,2026-06-12T17:52:00+00:00,2026-06-12T17:55:00+00:00,LONG,INFERIOR,1.0,13.0,51.0,261.0,4.0,6.0,5.6199,1.588,43.27142857142852,19.107142857142858,0.4415648728953455,-0.7996038296467994,0.5084186200066034,-0.11554968636513714,0.5887850467289719,0.2616822429906542,0.19626168224299065,-1.3883888763757715,0.24673637701594925,-0.3118113686081278,1.0,2.0,0.9769879604453138,1.067679102013884,0.8504672897196262,-0.825024760647096,0.5233644859813084,0.04230118443316257,0.1111111111111111,1.7910201386596256,1.439252336448598,1.2797781402166453,-0.11572652352150606,0.982245642480739,0.7753623188405797,9.796302410036361,27.738317757009344
CFD_ATAS_1112_20260612_1447,atas-mt5-lead-lab-causal-v1,2026-06-12,2026-06-12T14:47:00-04:00,2026-06-12T14:48:00-04:00,2026-06-12T14:48:00-04:00,2026-06-12T18:48:00+00:00,2026-06-12T18:48:00+00:00,LONG,INFERIOR,1.0,14.0,47.0,317.0,4.0,6.0,5.3794,1.6694,39.02142857142904,15.714285714285714,0.40270913417535664,-0.8841295991213513,0.166575141863443,-0.5714808713161944,-1.0340909090909092,-1.1136363636363638,-1.0340909090909092,0.14996130996955792,1.2802115054998067,0.46261003777471477,2.0,3.0,-0.6144770317891843,1.012264323631692,1.3522727272727273,-0.8815669046311817,-1.0340909090909092,0.21380632790030957,0.3023255813953488,1.578619805967454,1.8295454545454546,1.2976042448356573,-0.028502862955779563,1.0923815236952652,0.7736263736263735,13.595094270547154,33.72727272727273
CFD_ATAS_1113_20260612_1453,atas-mt5-lead-lab-causal-v1,2026-06-12,2026-06-12T14:53:00-04:00,2026-06-12T14:54:00-04:00,2026-06-12T14:57:00-04:00,2026-06-12T18:54:00+00:00,2026-06-12T18:57:00+00:00,LONG,INFERIOR,1.0,14.0,53.0,323.0,4.0,6.0,6.8517,3.0157,42.53571428571403,16.875,0.3967254408060477,-0.5101595298069052,1.4999160369437368,0.862804366078862,0.4444444444444444,0.8148148148148148,0.14814814814814814,-0.9546039742513496,0.685101222128922,0.7146562179307139,1.0,2.0,3.0709794028696638,0.7405541561712891,1.1111111111111112,-0.5148614609572162,0.4444444444444444,0.2306725329980982,0.05555555555555555,3.075062972292193,2.2962962962962963,0.7127929611509862,-0.08264429757670855,1.1907618476304571,0.84,12.471872376154566,31.40740740740741
CFD_ATAS_1114_20260612_1519,atas-mt5-lead-lab-causal-v1,2026-06-12,2026-06-12T15:19:00-04:00,2026-06-12T15:20:00-04:00,2026-06-12T15:20:00-04:00,2026-06-12T19:20:00+00:00,2026-06-12T19:20:00+00:00,SHORT,SUPERIOR,0.0,15.0,19.0,349.0,4.0,6.0,5.6827,1.8345,45.22857142857096,18.928571428571427,0.418509159823125,-0.07517372078335575,1.4902084649399545,0.13708149084011395,-0.5283018867924528,-1.7169811320754718,-1.1226415094339623,0.45312816600909706,3.207189597015426,1.2597230002740762,2.0,3.0,-1.156556850994354,0.5615919140872142,1.0566037735849056,-0.08622867972207982,-0.4622641509433963,0.04579025110780667,0.4594594594594595,2.1291850915983175,2.575471698113208,-0.6656505992609771,-0.2158510246532862,1.0944602886526595,0.9614512471655328,11.729311433986224,28.000000000000004
CFD_ATAS_1115_20260615_1019,atas-mt5-lead-lab-causal-v1,2026-06-15,2026-06-15T10:19:00-04:00,2026-06-15T10:20:00-04:00,2026-06-15T10:20:00-04:00,2026-06-15T14:20:00+00:00,2026-06-15T14:20:00+00:00,SHORT,SUPERIOR,0.0,10.0,19.0,49.0,0.0,6.0,6.9142,1.5174,7.242857142858027,31.071428571428573,4.289940828401844,-0.6074950690336574,-0.055226824457787864,-1.0493096646944535,-0.28160919540229884,-0.8045977011494252,0.16091954022988506,-0.3258858736313585,0.7493708766916374,-1.2102292049243386,2.0,2.0,-0.6838675244699798,1.090729783037543,0.603448275862069,-0.6213017751478532,-0.24137931034482757,0.3486238532110046,0.09090909090909091,1.5877712031556248,1.6494252873563218,-0.8115074661999435,-0.016320113898153528,0.9337016574586586,1.0875,10.424063116369537,6.275862068965517
CFD_ATAS_1116_20260615_1040,atas-mt5-lead-lab-causal-v1,2026-06-15,2026-06-15T10:40:00-04:00,2026-06-15T10:41:00-04:00,2026-06-15T10:41:00-04:00,2026-06-15T14:41:00+00:00,2026-06-15T14:41:00+00:00,LONG,INFERIOR,1.0,10.0,40.0,70.0,0.0,6.0,5.0337,2.3717,8.464285714285975,24.732142857142858,2.921940928269952,0.5789029535862222,2.020253164556728,0.9569620253162543,-0.7581227436823105,-0.10108303249097472,-0.9097472924187725,1.3370256972685328,2.121336197047703,1.866709317735027,2.0,4.0,0.12058439529540828,0.8860759493670614,1.0108303249097472,0.4489451476792251,-0.7075812274368231,0.31034482758616844,0.375,2.6700421940930026,1.3140794223826715,-0.3295095782406888,0.07618986533026817,1.1504854368931987,0.8779714738510301,10.774683544303551,7.884476534296029
CFD_ATAS_1117_20260615_1223,atas-mt5-lead-lab-causal-v1,2026-06-15,2026-06-15T12:23:00-04:00,2026-06-15T12:24:00-04:00,2026-06-15T12:24:00-04:00,2026-06-15T16:24:00+00:00,2026-06-15T16:24:00+00:00,SHORT,SUPERIOR,0.0,12.0,23.0,173.0,0.0,6.0,5.6069,2.1556,8.678571428571429,11.875,1.368312757201646,-0.4493827160495504,0.7374485596705304,0.6222222222219707,0.10526315789473684,-1.263157894736842,-2.1052631578947367,-0.5546458739442872,2.0006064544073725,2.7274853801167076,2.0,4.0,-0.799481196230351,1.2329218106996722,0.8421052631578947,-0.3572016460907865,-0.0,0.3292682926828376,0.9090909090909091,2.385185185185269,2.8421052631578947,0.10645230524244621,-0.0957935828449373,0.7938582162692063,0.953405017921147,10.508641975308725,25.157894736842106
CFD_ATAS_1118_20260616_0953,atas-mt5-lead-lab-causal-v1,2026-06-16,2026-06-16T09:53:00-04:00,2026-06-16T09:54:00-04:00,2026-06-16T09:55:00-04:00,2026-06-16T13:54:00+00:00,2026-06-16T13:55:00+00:00,SHORT,SUPERIOR,0.0,9.0,53.0,23.0,1.0,6.0,5.9719,3.4168,7.235714285714754,32.05357142857143,4.429911154984906,-0.46989141164823656,1.243830207304954,0.6633761105625416,-0.19498607242339833,0.5459610027855153,0.233983286908078,-0.27490533922483823,0.6978692045194388,0.42939282365446363,1.0,2.0,0.6120529995342193,1.0503455083911517,0.5459610027855153,-0.3731490621915868,-0.19498607242339833,0.15894039735096546,0.125,3.1233958538994084,1.1699164345403898,0.8173821951911384,-0.34996262656844074,1.0552083333333215,0.8692493946731236,5.459032576505076,4.133704735376044
CFD_ATAS_1119_20260616_1008,atas-mt5-lead-lab-causal-v1,2026-06-16,2026-06-16T10:08:00-04:00,2026-06-16T10:09:00-04:00,2026-06-16T10:09:00-04:00,2026-06-16T14:09:00+00:00,2026-06-16T14:09:00+00:00,SHORT,SUPERIOR,0.0,10.0,8.0,38.0,1.0,6.0,5.0015,1.858,9.485714285713973,29.732142857142858,3.134412650602513,-0.4216867469879657,0.3268072289159035,0.6641566265063528,-0.3783783783783784,-1.3453453453453452,-1.177177177177177,-0.04330836860958731,1.6721525742612489,1.8413338036835298,3.0,4.0,-1.0611551308142149,1.0963855421688642,0.9669669669669669,-0.45331325301198644,-0.3363363363363363,0.4405594405595544,0.45161290322580644,1.8132530120479458,1.84984984984985,-0.1632702345968187,0.14125396134555251,1.2918287937743085,1.0,6.662650602409551,4.666666666666667
CFD_ATAS_1120_20260616_1023,atas-mt5-lead-lab-causal-v1,2026-06-16,2026-06-16T10:23:00-04:00,2026-06-16T10:24:00-04:00,2026-06-16T10:26:00-04:00,2026-06-16T14:24:00+00:00,2026-06-16T14:26:00+00:00,SHORT,SUPERIOR,0.0,10.0,23.0,53.0,1.0,6.0,6.5601,1.902,7.842857142857091,30.357142857142858,3.8706739526411913,1.2367941712205017,2.1548269581053825,1.3642987249545644,1.111764705882353,1.976470588235294,2.9235294117647057,0.12502946533814874,0.17835636987008852,-1.5592306868101413,0.0,1.0,2.115258695244111,1.466302367941722,1.276470588235294,1.2622950819669432,1.1529411764705881,0.46320346320359684,0.922077922077922,2.856102003642728,3.088235294117647,-2.357993107209502,-0.13143040778413223,1.0147874306839735,1.039755351681957,9.996357012750243,6.876470588235294
CFD_ATAS_1121_20260616_1213,atas-mt5-lead-lab-causal-v1,2026-06-16,2026-06-16T12:13:00-04:00,2026-06-16T12:14:00-04:00,2026-06-16T12:14:00-04:00,2026-06-16T16:14:00+00:00,2026-06-16T16:14:00+00:00,LONG,INFERIOR,1.0,12.0,13.0,163.0,1.0,6.0,5.6463,2.458,11.835714285714857,22.767857142857142,1.923657211828513,0.5745322872660544,2.2389861194929517,1.7235968617981632,-0.6039215686274509,0.16470588235294117,0.9333333333333333,1.1784538558935054,2.0742802371400106,0.7902635284648298,1.0,1.0,0.39802804415278575,0.9631864815930099,1.1529411764705884,0.5660832830413682,-0.5490196078431373,0.6257668711655353,0.4358974358974359,2.813518406759006,1.9764705882352942,0.682305227757292,0.013116162886786747,0.9822169531713426,0.8346972176759411,15.926372963185713,21.137254901960784
CFD_ATAS_1122_20260616_1233,atas-mt5-lead-lab-causal-v1,2026-06-16,2026-06-16T12:33:00-04:00,2026-06-16T12:34:00-04:00,2026-06-16T12:34:00-04:00,2026-06-16T16:34:00+00:00,2026-06-16T16:34:00+00:00,LONG,INFERIOR,1.0,12.0,33.0,183.0,1.0,6.0,5.6797,2.5338,19.649999999999896,21.964285714285715,1.1177753544165818,-1.5012722646310512,-2.325699745546938,-3.353689567429932,0.3983739837398374,-1.1951219512195121,-2.7317073170731705,-1.8996462483708887,-1.130577794327426,-0.6219822503567616,1.0,3.0,0.7415288241463003,2.203562340966896,0.7967479674796748,-1.4147582697200722,0.3983739837398374,0.8247809762202706,0.75,3.857506361323139,3.471544715447154,1.27165757789241,0.2126912028274001,1.6552346570397132,0.8324873096446701,10.809160305343458,21.910569105691057
CFD_ATAS_1123_20260617_0954,atas-mt5-lead-lab-causal-v1,2026-06-17,2026-06-17T09:54:00-04:00,2026-06-17T09:55:00-04:00,2026-06-17T09:55:00-04:00,2026-06-17T13:55:00+00:00,2026-06-17T13:55:00+00:00,SHORT,SUPERIOR,0.0,9.0,54.0,24.0,2.0,6.0,5.7467,2.8,8.057142857143065,34.642857142857146,4.299645390070811,0.14893617021285244,1.8120567375888768,0.893617021276663,-0.25257731958762886,-0.21649484536082472,-0.5773195876288659,0.4015134898004813,2.0285515829497016,1.470936608905529,1.0,2.0,0.06053085953317349,1.278368794326118,0.7577319587628866,0.13652482269530286,-0.25257731958762886,0.24161073825506388,0.47058823529411764,3.4627659574469,1.6958762886597936,0.2561161420220496,0.0013433514359797024,1.0134770889487867,0.9810366624525917,5.833333333333183,4.149484536082474
CFD_ATAS_1124_20260617_1100,atas-mt5-lead-lab-causal-v1,2026-06-17,2026-06-17T11:00:00-04:00,2026-06-17T11:01:00-04:00,2026-06-17T11:01:00-04:00,2026-06-17T15:01:00+00:00,2026-06-17T15:01:00+00:00,LONG,INFERIOR,1.0,11.0,0.0,90.0,2.0,6.0,7.7182,2.643,10.985714285714494,40.892857142857146,3.722366710012934,0.46423927178172436,1.8205461638491203,1.2834850455138285,-0.03056768558951965,-0.4890829694323144,-0.8864628820960698,0.494806957371244,2.3096291332814345,2.1699479276098983,3.0,5.0,-0.18025416120226945,0.7282184655396481,0.7947598253275109,0.4005201560469389,0.03056768558951965,0.3760000000000947,1.0,3.2314694408321887,1.3755458515283843,-1.1452769673327163,-0.21191375578456534,1.2235481304694409,1.0943847072879331,10.05851755526639,6.388646288209607
CFD_ATAS_1125_20260619_1233,atas-mt5-lead-lab-causal-v1,2026-06-19,2026-06-19T12:33:00-04:00,2026-06-19T12:34:00-04:00,2026-06-19T12:34:00-04:00,2026-06-19T16:34:00+00:00,2026-06-19T16:34:00+00:00,SHORT,SUPERIOR,0.0,12.0,33.0,183.0,4.0,6.0,5.7853,3.4915,10.492857142856987,5.892857142857143,0.5616065350578708,1.0864533696390184,2.0108917631040435,-0.2096664397550078,-0.4242424242424242,-1.2727272727272727,-0.4242424242424242,1.5106957938814425,3.2836190358313164,0.2145759844874164,3.0,3.0,1.1119251900803204,1.4104833219876982,1.2727272727272727,0.9720898570453463,-0.6363636363636364,0.049549549549568375,0.2,3.8788291354664306,1.909090909090909,1.0997902325799687,-0.32754203678172095,0.949886841254445,0.9635036496350365,14.314499659632684,12.303030303030303
CFD_ATAS_1126_20260622_1138,atas-mt5-lead-lab-causal-v1,2026-06-22,2026-06-22T11:38:00-04:00,2026-06-22T11:39:00-04:00,2026-06-22T11:39:00-04:00,2026-06-22T15:39:00+00:00,2026-06-22T15:39:00+00:00,SHORT,SUPERIOR,0.0,11.0,38.0,128.0,0.0,6.0,7.5894,1.7784,9.25000000000026,29.017857142857142,3.137065637065549,-0.09729729729745189,1.1351351351351033,0.41081081081072063,0.08615384615384615,0.08615384615384615,0.7753846153846154,-0.18345114345129804,1.048981288981257,-0.3645738045738948,1.0,2.0,0.23469573877035427,0.702702702702683,0.56,-0.15135135135150443,0.12923076923076923,0.14615384615379773,0.5,2.1513513513514484,1.8523076923076924,-1.0492831728548329,-0.20897267901963226,0.9613956941351238,0.9339080459770115,15.318918918918568,14.603076923076923
CFD_ATAS_1127_20260623_1049,atas-mt5-lead-lab-causal-v1,2026-06-23,2026-06-23T10:49:00-04:00,2026-06-23T10:50:00-04:00,2026-06-23T10:50:00-04:00,2026-06-23T14:50:00+00:00,2026-06-23T14:50:00+00:00,SHORT,SUPERIOR,0.0,10.0,49.0,79.0,1.0,6.0,6.0608,2.5323,13.278571428572052,42.142857142857146,3.1737493275953326,-0.39913932221617177,0.04518558364728437,0.1280258203335614,-0.11864406779661016,-0.3559322033898305,0.385593220338983,-0.2804952544195616,0.40111778703711487,-0.2575674000054216,2.0,2.0,-0.010797356005195208,0.8735879505111508,0.5932203389830508,-0.5497579343732384,-0.1483050847457627,0.0481586402266505,0.20634920634920634,2.5077998924151044,1.6016949152542372,-1.2137617798109825,-0.20011662840824024,0.8018115160664524,1.1224732461355529,9.714900484130798,10.203389830508474
CFD_ATAS_1128_20260623_1457,atas-mt5-lead-lab-causal-v1,2026-06-23,2026-06-23T14:57:00-04:00,2026-06-23T14:58:00-04:00,2026-06-23T14:59:00-04:00,2026-06-23T18:58:00+00:00,2026-06-23T18:59:00+00:00,SHORT,SUPERIOR,0.0,14.0,57.0,327.0,1.0,6.0,5.2411,2.5157,25.857142857142858,24.375,0.9426795580110497,-0.5878453038672907,-0.23204419889502761,-0.638121546961326,-0.3076923076923077,0.20512820512820512,0.7692307692307693,-0.280152996174983,-0.43717240402323276,-1.407352316192095,1.0,2.0,1.1525307589959808,1.0983425414365204,0.8205128205128205,-0.5104972375689482,-0.3076923076923077,0.25190839694656486,0.29411764705882354,2.320441988950276,1.8461538461538463,-1.5258407908564056,0.1538773411089067,1.0113144293895826,1.4145077720207253,16.513812154696133,19.28205128205128
CFD_ATAS_1129_20260623_1518,atas-mt5-lead-lab-causal-v1,2026-06-23,2026-06-23T15:18:00-04:00,2026-06-23T15:19:00-04:00,2026-06-23T15:23:00-04:00,2026-06-23T19:19:00+00:00,2026-06-23T19:23:00+00:00,SHORT,SUPERIOR,0.0,15.0,18.0,348.0,1.0,6.0,7.3074,2.1095,22.678571428571168,29.107142857142858,1.2834645669291487,-0.35275590551181507,0.8818897637795376,0.7187401574802912,0.12883435582822086,1.1595092024539877,0.8588957055214724,-0.4815902613400359,-0.27761943867445005,-0.14015554804118124,0.0,1.0,1.6556300164541398,1.0229921259842958,0.6871165644171779,-0.2954330708661772,0.12883435582822086,0.35205183585312155,0.5882352941176471,1.966614173228305,1.8895705521472392,-1.3619119234383326,0.6768920761555661,0.9351988217967392,1.458612975391499,18.82834645669313,16.14723926380368
CFD_ATAS_1130_20260624_1019,atas-mt5-lead-lab-causal-v1,2026-06-24,2026-06-24T10:19:00-04:00,2026-06-24T10:20:00-04:00,2026-06-24T10:20:00-04:00,2026-06-24T14:20:00+00:00,2026-06-24T14:20:00+00:00,LONG,INFERIOR,1.0,10.0,19.0,49.0,2.0,6.0,6.491,1.9055,11.407142857143688,47.67857142857143,4.179711959924555,-0.7188478396994479,-0.2191609267376171,-0.7626800250469713,-0.4194756554307116,-0.26217228464419473,-1.7041198501872659,-0.2993721842687363,0.04301135790657762,0.9414398251402946,2.0,4.0,-0.09354050158815587,0.8854101440201645,0.602996254681648,-0.6487163431434742,-0.4194756554307116,0.2566371681416309,0.6842105263157895,1.9198497182216534,2.5168539325842696,-1.4550405450335777,-0.24879711151453046,1.0376868096166754,0.8462757527733756,8.871634314338804,5.820224719101123
CFD_ATAS_1131_20260624_1159,atas-mt5-lead-lab-causal-v1,2026-06-24,2026-06-24T11:59:00-04:00,2026-06-24T12:00:00-04:00,2026-06-24T12:00:00-04:00,2026-06-24T16:00:00+00:00,2026-06-24T16:00:00+00:00,LONG,INFERIOR,1.0,11.0,59.0,149.0,2.0,6.0,5.6928,1.7713,11.13571428571439,27.857142857142858,2.5016035920461603,0.12572161642091206,0.05388069275195947,-0.5208466966003147,0.22435897435897437,-0.8525641025641025,-1.1217948717948718,-0.0986373579380623,0.906444795316062,0.6009481751945571,1.0,2.0,-0.5803469891101533,0.8980115458627241,0.49358974358974356,0.21552277100718448,0.22435897435897437,0.1823899371068578,0.5319148936170213,1.8229634381012647,2.064102564102564,0.3851478657049698,-0.15770340722459283,0.8656302054414364,0.8952654232424677,12.302758178319321,13.73076923076923
CFD_ATAS_1132_20260624_1202,atas-mt5-lead-lab-causal-v1,2026-06-24,2026-06-24T12:02:00-04:00,2026-06-24T12:03:00-04:00,2026-06-24T12:03:00-04:00,2026-06-24T16:03:00+00:00,2026-06-24T16:03:00+00:00,LONG,INFERIOR,1.0,12.0,2.0,152.0,2.0,6.0,5.5318,3.3226,13.892857142857403,27.589285714285715,1.985861182519243,1.014910025706817,1.014910025706817,0.65501285347032,0.31715210355987056,0.4077669902912621,-0.5436893203883495,0.6977579221469465,0.6071430354155549,1.1987021738586696,1.0,2.0,0.7629618468776331,1.25964010282774,0.6796116504854368,0.9933161953726797,0.27184466019417475,0.2577903682718922,0.23076923076923078,2.6632390745500785,1.6763754045307442,0.15999353681615083,-0.23895547595077937,1.0823594880356529,0.8879310344827586,9.861182519280021,13.864077669902912
CFD_ATAS_1133_20260624_1233,atas-mt5-lead-lab-causal-v1,2026-06-24,2026-06-24T12:33:00-04:00,2026-06-24T12:34:00-04:00,2026-06-24T12:34:00-04:00,2026-06-24T16:34:00+00:00,2026-06-24T16:34:00+00:00,LONG,INFERIOR,1.0,12.0,33.0,183.0,2.0,6.0,5.0018,7.3267,37.621428571428886,22.5,0.5980634137079882,0.7097019176001653,4.399088665274313,2.99563318777292,0.2222222222222222,-0.5555555555555556,-1.7777777777777777,0.4874796953779431,4.954644220829868,4.773410965550697,2.0,4.0,0.16042472467864474,1.3316878678565116,0.8333333333333334,0.7681792291627435,0.2222222222222222,0.4876676763305914,0.8,5.385228782988431,2.8333333333333335,-3.9786301339670436,0.03257864596965113,2.686559551134872,0.8102893890675241,6.257072337193835,17.0
CFD_ATAS_1134_20260624_1404,atas-mt5-lead-lab-causal-v1,2026-06-24,2026-06-24T14:04:00-04:00,2026-06-24T14:05:00-04:00,2026-06-24T14:06:00-04:00,2026-06-24T18:05:00+00:00,2026-06-24T18:06:00+00:00,SHORT,SUPERIOR,0.0,14.0,4.0,274.0,2.0,6.0,6.5996,1.8856,30.242857142856728,29.464285714285715,0.9742560226736081,0.48275862068961367,1.2267359470949144,1.0944733112895275,-0.12727272727272726,0.7212121212121212,-0.6787878787878787,0.6100313479623409,0.5055238258827932,1.7732611900774062,1.0,3.0,1.1094393733011338,1.2631081719414678,0.5939393939393939,0.4794520547945271,-0.12727272727272726,0.4804063860667829,0.2857142857142857,2.142654700047242,2.5454545454545454,-0.6607030566913477,0.16622116845080287,0.7225255972696147,0.9428571428571428,12.581483230987418,18.41212121212121
CFD_ATAS_1135_20260624_1428,atas-mt5-lead-lab-causal-v1,2026-06-24,2026-06-24T14:28:00-04:00,2026-06-24T14:29:00-04:00,2026-06-24T14:29:00-04:00,2026-06-24T18:29:00+00:00,2026-06-24T18:29:00+00:00,LONG,INFERIOR,1.0,14.0,28.0,298.0,2.0,6.0,5.0477,2.3491,30.97857142857122,26.607142857142858,0.8588886326954174,-0.35831219737141035,1.378372146645179,-1.0071477980170926,0.7046979865771812,-0.09395973154362416,1.2684563758389262,-1.0630101839485915,1.4723318781888033,-2.275604173856019,2.0,2.0,0.2196330453467246,0.6423795250173443,1.0805369127516777,-0.41318884021210744,0.7516778523489933,0.22478386167147615,0.4426229508196721,2.743832142033682,1.832214765100671,1.5492332894520229,-0.3291646462431523,0.9736221798181534,0.8587896253602305,12.282683882868424,20.389261744966444
CFD_ATAS_1136_20260625_1005,atas-mt5-lead-lab-causal-v1,2026-06-25,2026-06-25T10:05:00-04:00,2026-06-25T10:06:00-04:00,2026-06-25T10:06:00-04:00,2026-06-25T14:06:00+00:00,2026-06-25T14:06:00+00:00,SHORT,SUPERIOR,0.0,10.0,5.0,35.0,3.0,6.0,5.3901,1.8371,11.299999999999532,87.5,7.743362831858728,0.9557522123893557,1.150442477876154,0.3539823008849704,-0.21428571428571427,-0.2571428571428571,-1.4428571428571428,1.17003792667507,1.407585335019011,1.7968394437421131,2.0,4.0,-0.21429494065245047,1.2566371681417094,0.9285714285714286,0.9469026548673602,-0.21428571428571427,0.10416666666668245,0.7372262773722628,1.6106194690263578,2.4714285714285715,0.05258741834374263,-0.02509857844041321,1.241758241758176,0.9468599033816425,4.725663716814162,10.257142857142858
CFD_ATAS_1137_20260625_1048,atas-mt5-lead-lab-causal-v1,2026-06-25,2026-06-25T10:48:00-04:00,2026-06-25T10:49:00-04:00,2026-06-25T10:49:00-04:00,2026-06-25T14:49:00+00:00,2026-06-25T14:49:00+00:00,SHORT,SUPERIOR,0.0,10.0,48.0,78.0,3.0,6.0,5.0927,2.1951,9.442857142856676,49.017857142857146,5.190998487140953,0.18003025718616766,1.7261724659606739,0.074130105900232,-1.198542805100182,-1.1730418943533696,-1.1220400728597448,1.3785730622863497,2.8992143603140432,1.1961701787599768,2.0,3.0,-1.1244839001706404,0.6459909228440534,1.2240437158469946,0.15885022692890347,-1.1730418943533696,0.018276762402108116,0.5641025641025641,2.3933434190619916,1.8870673952641164,0.2455613509182469,0.09209569955958756,0.9286968739023287,0.6699206833435022,9.880484114977719,18.309653916211293
CFD_ATAS_1138_20260625_1126,atas-mt5-lead-lab-causal-v1,2026-06-25,2026-06-25T11:26:00-04:00,2026-06-25T11:27:00-04:00,2026-06-25T11:27:00-04:00,2026-06-25T15:27:00+00:00,2026-06-25T15:27:00+00:00,LONG,INFERIOR,1.0,11.0,26.0,116.0,3.0,6.0,5.586,2.3202,12.014285714285506,46.42857142857143,3.8644470868014937,-0.45778834720571543,0.8989298454220715,0.24970273483948113,0.10769230769230768,-0.08076923076923076,-0.08076923076923076,-0.5654806548980231,0.9796990761913023,0.3304719656087119,1.0,2.0,0.013371468301652034,0.8156956004755778,0.8346153846153845,-0.46611177170054646,0.08076923076923076,0.10135135135135634,0.04918032786885246,2.2057074910820833,1.8038461538461539,0.7253391749965507,-0.04994295172247364,1.1407256697185937,0.8858603066439523,7.765755053507803,19.33076923076923
CFD_ATAS_1139_20260625_1449,atas-mt5-lead-lab-causal-v1,2026-06-25,2026-06-25T14:49:00-04:00,2026-06-25T14:50:00-04:00,2026-06-25T14:50:00-04:00,2026-06-25T18:50:00+00:00,2026-06-25T18:50:00+00:00,SHORT,SUPERIOR,0.0,14.0,49.0,319.0,3.0,6.0,5.304,2.0742,32.37857142857164,28.035714285714285,0.8658724906243049,0.6671078755791497,1.9024928303552282,0.5126847562321399,-0.89171974522293,-1.4713375796178345,0.89171974522293,1.5588276208020797,3.3738304099730625,-0.37903498899079,3.0,3.0,-0.7293449676223396,1.1519964703286707,0.9363057324840764,0.6979924994485517,-0.8471337579617835,0.1458699472759428,0.23255813953488372,2.822854621663272,3.0764331210191083,-0.4104402296441756,-0.369069190520763,0.6808350856112942,0.9359165424739195,29.76351202294269,32.01273885350319
CFD_ATAS_1140_20260625_1520,atas-mt5-lead-lab-causal-v1,2026-06-25,2026-06-25T15:20:00-04:00,2026-06-25T15:21:00-04:00,2026-06-25T15:21:00-04:00,2026-06-25T19:21:00+00:00,2026-06-25T19:21:00+00:00,SHORT,SUPERIOR,0.0,15.0,20.0,350.0,3.0,6.0,6.7843,1.7732,29.900000000000936,27.142857142857142,0.907787864309575,0.36789297658861725,1.615384615384662,1.3979933110368428,0.3223684210526316,-0.4144736842105263,0.4605263157894737,0.04552455553598567,2.0298582995951886,0.9374669952473691,1.0,2.0,0.13968389688366428,0.9264214046822695,1.013157894736842,0.3846153846153726,0.3223684210526316,0.6075581395349003,0.15151515151515152,2.117056856187322,2.0723684210526314,-0.8215451298173441,-0.009788600867188956,0.8951138672083903,0.9325153374233128,32.230769230768246,33.06578947368421
CFD_ATAS_1141_20260625_1548,atas-mt5-lead-lab-causal-v1,2026-06-25,2026-06-25T15:48:00-04:00,2026-06-25T15:49:00-04:00,2026-06-25T15:49:00-04:00,2026-06-25T19:49:00+00:00,2026-06-25T19:49:00+00:00,LONG,INFERIOR,1.0,15.0,48.0,378.0,3.0,6.0,6.1082,3.1222,33.72857142857174,25.803571428571427,0.7650360016941903,0.5633206268530232,2.766200762388771,1.1029224904700432,-0.5813148788927336,-0.629757785467128,-1.4048442906574394,1.144635505745757,3.395958547855899,2.507766781127483,2.0,4.0,-0.4138837563629048,0.9517153748412249,0.6782006920415226,0.5929690808979191,-0.5813148788927336,0.24603174603173153,0.6444444444444445,3.258365099534109,1.986159169550173,-0.12883959804619974,0.1127196904281683,1.1185597536420768,0.932258064516129,28.572215163066254,34.78200692041523
CFD_ATAS_1142_20260626_1057,atas-mt5-lead-lab-causal-v1,2026-06-26,2026-06-26T10:57:00-04:00,2026-06-26T10:58:00-04:00,2026-06-26T10:58:00-04:00,2026-06-26T14:58:00+00:00,2026-06-26T14:58:00+00:00,LONG,INFERIOR,1.0,10.0,57.0,87.0,4.0,6.0,6.4184,2.3403,13.992857142856726,40.625,2.9032669729454668,-0.05717202654410489,1.8723838693211898,0.8218478815722552,0.06153846153846154,0.03076923076923077,0.2153846153846154,-0.11871048808256643,1.8416146385519592,0.6064632661876398,1.0,2.0,0.1384807360857331,0.9504849412965561,0.8923076923076924,0.0,0.09230769230769231,0.27058823529411763,0.07865168539325842,2.4512506380806744,1.9076923076923078,0.9300987059284946,0.33390324951044853,0.9748693704901568,0.9081836327345308,8.597243491577538,11.907692307692308
CFD_ATAS_1143_20260626_1119,atas-mt5-lead-lab-causal-v1,2026-06-26,2026-06-26T11:19:00-04:00,2026-06-26T11:20:00-04:00,2026-06-26T11:20:00-04:00,2026-06-26T15:20:00+00:00,2026-06-26T15:20:00+00:00,SHORT,SUPERIOR,0.0,11.0,19.0,109.0,4.0,6.0,7.0621,1.846,17.328571428570804,37.67857142857143,2.1743610882111253,0.42704039571320734,1.5350370981038461,0.4616652926628361,-0.7630331753554502,-1.1943127962085307,-1.5592417061611374,1.1900735710686576,2.729349894312377,2.0209069988239734,2.0,3.0,-0.899162047001121,1.050288540807994,1.1943127962085307,0.4674361088210376,-0.7298578199052133,0.12158054711245662,0.4845360824742268,2.5449299258038,2.95260663507109,0.11557358099122,-0.1318756018888733,1.1702846116738541,0.920392584514722,8.30420445177264,12.838862559241706
CFD_ATAS_1144_20260626_1148,atas-mt5-lead-lab-causal-v1,2026-06-26,2026-06-26T11:48:00-04:00,2026-06-26T11:49:00-04:00,2026-06-26T11:49:00-04:00,2026-06-26T15:49:00+00:00,2026-06-26T15:49:00+00:00,LONG,INFERIOR,1.0,11.0,48.0,138.0,4.0,6.0,6.0494,1.7284,14.685714285714182,30.446428571428573,2.073200389105073,-0.510700389105062,0.15661478599216946,-0.08171206225685947,-0.12316715542521993,-1.2727272727272727,-2.134897360703812,-0.38753323367984205,1.429342058719442,2.0531852984469525,3.0,5.0,-0.9234481073895816,0.8579766536964051,0.4926686217008797,-0.46303501945520664,-0.08211143695014662,0.04195804195807487,1.0,1.8385214007782231,2.8739002932551316,0.5544198072927043,-0.02571708590955161,0.8982088248143175,0.8296836982968371,9.79863813229564,17.530791788856305
CFD_ATAS_1145_20260626_1221,atas-mt5-lead-lab-causal-v1,2026-06-26,2026-06-26T12:21:00-04:00,2026-06-26T12:22:00-04:00,2026-06-26T12:22:00-04:00,2026-06-26T16:22:00+00:00,2026-06-26T16:22:00+00:00,LONG,INFERIOR,1.0,12.0,21.0,171.0,4.0,6.0,6.3955,4.2205,22.83571428571434,31.696428571428573,1.3880200187675915,1.1648420394118824,3.2186424773224824,1.4013137316233937,-0.552112676056338,-0.9859154929577464,-2.208450704225352,1.7169547154682203,4.204557970280229,3.6097644358487457,2.0,4.0,-0.40284017144664663,1.4888958398498557,1.380281690140845,1.2349077259929881,-0.552112676056338,0.244648318042808,0.6666666666666666,4.046293400062613,2.8788732394366194,-3.850755554420536,0.02924919695489543,1.4436667419281872,0.9196891191709845,10.339067876133788,16.83943661971831
CFD_ATAS_1146_20260626_1433,atas-mt5-lead-lab-causal-v1,2026-06-26,2026-06-26T14:33:00-04:00,2026-06-26T14:34:00-04:00,2026-06-26T14:34:00-04:00,2026-06-26T18:34:00+00:00,2026-06-26T18:34:00+00:00,SHORT,SUPERIOR,0.0,14.0,33.0,303.0,4.0,6.0,7.1084,1.7172,33.13571428571413,21.517857142857142,0.6493856434576448,0.992886397930637,1.9042897176116291,-0.7846518646260007,-1.2780082987551868,-2.3817427385892116,-2.2655601659751037,2.270894696685824,4.286032456200841,1.480908301349103,3.0,3.0,-1.7145831588836855,1.3520155205863176,1.4522821576763485,0.9777969389955217,-1.3360995850622408,0.17082785808146686,0.9069767441860465,3.1235179995688873,2.6721991701244816,-0.47526494741216424,-0.29155572844122174,0.8998157307729705,1.0593406593406594,14.45871955162764,24.804979253112034
CFD_ATAS_1147_20260629_1024,atas-mt5-lead-lab-causal-v1,2026-06-29,2026-06-29T10:24:00-04:00,2026-06-29T10:25:00-04:00,2026-06-29T10:25:00-04:00,2026-06-29T14:25:00+00:00,2026-06-29T14:25:00+00:00,LONG,INFERIOR,1.0,10.0,24.0,54.0,0.0,6.0,7.3657,2.6224,10.064285714285818,56.875,5.651171043293058,-0.3974449964513799,1.2221433640882822,0.8743789921933249,0.7252747252747253,-0.08791208791208792,0.3516483516483517,-1.1227197217261051,1.31005545200037,0.5227306405449732,2.0,2.0,0.010577583278767294,1.053229240596012,1.2527472527472527,-0.40738112136251975,0.7252747252747253,0.3548387096774951,0.17777777777777778,2.5337118523775466,1.7362637362637363,0.1535359776824823,-0.026617700738320958,1.0103979921118469,1.0047318611987381,7.2136266855924,9.956043956043956
CFD_ATAS_1148_20260629_1034,atas-mt5-lead-lab-causal-v1,2026-06-29,2026-06-29T10:34:00-04:00,2026-06-29T10:35:00-04:00,2026-06-29T10:35:00-04:00,2026-06-29T14:35:00+00:00,2026-06-29T14:35:00+00:00,SHORT,SUPERIOR,0.0,10.0,34.0,64.0,0.0,6.0,5.5864,3.8072,13.914285714286182,47.767857142857146,3.433008213552246,-0.6468172484599372,0.9630390143735275,-0.5102669404518851,-0.02616822429906542,-0.8897196261682242,-1.8317757009345794,-0.6206490241608718,1.8527586405417518,1.3215087604826943,2.0,4.0,-0.3363359837415606,1.0061601642710134,0.6803738317757009,-0.5462012320329928,-0.05233644859813084,0.09874826147430317,0.6862745098039216,4.096509240246269,2.642990654205607,1.842193994192079,-0.15221332507388172,1.3969164575116562,0.8594377510040162,5.325462012320045,11.854205607476635
CFD_ATAS_1149_20260629_1145,atas-mt5-lead-lab-causal-v1,2026-06-29,2026-06-29T11:45:00-04:00,2026-06-29T11:46:00-04:00,2026-06-29T11:46:00-04:00,2026-06-29T15:46:00+00:00,2026-06-29T15:46:00+00:00,LONG,INFERIOR,1.0,11.0,45.0,135.0,0.0,6.0,5.894,1.9894,12.714285714285975,23.392857142857142,1.8398876404494005,-0.06292134831454822,0.810112359550488,-0.07865168539325681,-0.8549618320610687,-0.1603053435114504,0.8015267175572519,0.7920404837465205,0.9704177030619384,-0.8801784029505088,1.0,2.0,0.40356946180257786,0.8651685393258249,0.9618320610687023,-0.055056179775337,-0.8015267175572519,0.02857142857142857,0.2830188679245283,2.548314606741635,2.1374045801526718,1.0674066097377497,-0.4003754409239759,1.2059620596206033,0.7308228730822873,8.46292134831432,24.206106870229007
CFD_ATAS_1150_20260629_1508,atas-mt5-lead-lab-causal-v1,2026-06-29,2026-06-29T15:08:00-04:00,2026-06-29T15:09:00-04:00,2026-06-29T15:09:00-04:00,2026-06-29T19:09:00+00:00,2026-06-29T19:09:00+00:00,SHORT,SUPERIOR,0.0,15.0,8.0,338.0,0.0,6.0,5.8002,1.5997,17.150000000000414,15.0,0.8746355685130984,-0.501457725947637,0.09912536443131478,0.1690962099124051,0.3333333333333333,-1.4166666666666667,-1.1666666666666667,-0.8347910592809704,1.5157920310979816,1.335762876579072,2.0,3.0,-0.5171359653274218,0.7638483965013544,0.6666666666666666,-0.48979591836742,0.3333333333333333,0.13122171945690184,0.4117647058823529,1.6209912536444455,2.75,-0.8550391020469504,-0.28710368113134116,0.7149024862289993,1.2873563218390804,35.5102040816318,53.083333333333336
CFD_ATAS_1151_20260630_1029,atas-mt5-lead-lab-causal-v1,2026-06-30,2026-06-30T10:29:00-04:00,2026-06-30T10:30:00-04:00,2026-06-30T10:30:00-04:00,2026-06-30T14:30:00+00:00,2026-06-30T14:30:00+00:00,LONG,INFERIOR,1.0,10.0,29.0,59.0,1.0,6.0,5.9441,2.1788,9.071428571428052,23.839285714285715,2.627952755905662,0.1212598425199326,1.5653543307088311,1.1244094488190421,-0.26217228464419473,0.05243445692883895,0.0,0.38343212716412733,1.5129198737799923,1.1244094488190421,1.0,2.0,0.2063225552279237,0.9259842519687174,0.8913857677902621,0.18740157480324054,-0.2097378277153558,0.4678899082569297,0.0,2.1496062992127216,1.7303370786516854,1.1473835893248863,0.11649671971358198,1.0358890701466796,0.6480582524271845,9.138582677165637,16.41198501872659
CFD_ATAS_1152_20260630_1240,atas-mt5-lead-lab-causal-v1,2026-06-30,2026-06-30T12:40:00-04:00,2026-06-30T12:41:00-04:00,2026-06-30T12:42:00-04:00,2026-06-30T16:41:00+00:00,2026-06-30T16:42:00+00:00,SHORT,SUPERIOR,0.0,12.0,40.0,190.0,1.0,6.0,7.104,2.1341,44.442857142857456,9.642857142857142,0.216972034715524,-0.2970106075217115,1.2442944390870851,1.0485374477659515,0.5185185185185186,-0.0,-0.7777777777777778,-0.8155291260402301,1.2442944390870851,1.8263152255437292,1.0,2.0,0.6645896225628181,1.291546126647404,1.0370370370370372,-0.2475088396014126,0.5185185185185186,0.310666666666657,0.25,2.0363227258116217,1.6851851851851853,-1.073690106229767,-0.22095971906060197,3.4318808604522237,0.8212927756653992,5.991963998714181,49.38888888888889
CFD_ATAS_1153_20260630_1417,atas-mt5-lead-lab-causal-v1,2026-06-30,2026-06-30T14:17:00-04:00,2026-06-30T14:18:00-04:00,2026-06-30T14:18:00-04:00,2026-06-30T18:18:00+00:00,2026-06-30T18:18:00+00:00,SHORT,SUPERIOR,0.0,14.0,17.0,287.0,1.0,6.0,6.5876,1.733,17.47857142857148,11.696428571428571,0.6691867592970965,0.18880261544744453,0.8181446669390651,-0.44626072742128925,-0.0,-0.10687022900763359,-0.21374045801526717,0.18880261544744453,0.9250148959466986,-0.23252026940602208,1.0,2.0,0.6382447542715107,0.48630976706170675,0.6412213740458016,0.12586841029836573,0.10687022900763359,0.14079422382670723,0.14285714285714285,1.8994687372292962,1.1755725190839694,-0.7052459388366271,0.16486087052878307,0.729033219127058,1.2242990654205608,25.425418880261553,45.31297709923664
CFD_ATAS_1154_20260630_1500,atas-mt5-lead-lab-causal-v1,2026-06-30,2026-06-30T15:00:00-04:00,2026-06-30T15:01:00-04:00,2026-06-30T15:01:00-04:00,2026-06-30T19:01:00+00:00,2026-06-30T19:01:00+00:00,SHORT,SUPERIOR,0.0,15.0,0.0,330.0,1.0,6.0,6.3809,1.6171,13.278571428571533,10.178571428571429,0.7665411511565298,-0.37654653039268127,1.129639591178044,1.0317374932760015,-0.9824561403508771,-0.9824561403508771,-1.2280701754385965,0.6059096099581959,2.112095731528921,2.259807668714598,2.0,3.0,-0.8631826637959181,1.2501344809035921,1.3508771929824561,-0.22592791823560876,-0.9824561403508771,0.43769968051121555,0.5,2.1161915008067593,1.5964912280701753,-0.5976036136111457,0.05287922760413531,0.8713381767049725,1.1343283582089554,36.48735879505082,53.29824561403509
CFD_ATAS_1155_20260701_1110,atas-mt5-lead-lab-causal-v1,2026-07-01,2026-07-01T11:10:00-04:00,2026-07-01T11:11:00-04:00,2026-07-01T11:11:00-04:00,2026-07-01T15:11:00+00:00,2026-07-01T15:11:00+00:00,LONG,INFERIOR,1.0,11.0,10.0,100.0,2.0,7.0,6.2836,2.5073,10.00000000000052,26.785714285714285,2.678571428571289,0.7900000000001044,2.6199999999999366,1.6199999999999883,0.0,-0.6066666666666667,-1.26,0.7900000000001044,3.2266666666666035,2.8799999999999883,1.0,2.0,-0.41141808830209387,0.9700000000000223,1.0266666666666666,0.7700000000000327,0.0,0.44751381215470726,0.6,3.339999999999972,2.24,0.03168763432667147,-0.05726343824743671,1.159900579950326,0.974025974025974,10.28999999999961,8.913333333333334
CFD_ATAS_1156_20260701_1238,atas-mt5-lead-lab-causal-v1,2026-07-01,2026-07-01T12:38:00-04:00,2026-07-01T12:39:00-04:00,2026-07-01T12:39:00-04:00,2026-07-01T16:39:00+00:00,2026-07-01T16:39:00+00:00,LONG,INFERIOR,1.0,12.0,38.0,188.0,2.0,7.0,5.341,1.7147,48.55000000000057,14.375,0.2960865087538585,0.0,0.292481977342882,-0.037075180226630054,-0.08695652173913043,-0.08695652173913043,-1.3043478260869565,0.08695652173913043,0.37943849908201244,1.2672726458603265,1.0,3.0,0.9918864593927181,0.9124613800206465,0.782608695652174,-0.04119464469618901,-0.08695652173913043,0.05960264900672463,1.0,1.4891864057672926,1.826086956521739,1.366120305719966,-0.08680229399268126,2.06721411192209,0.7666666666666667,7.139031925849601,18.695652173913043
CFD_ATAS_1157_20260701_1546,atas-mt5-lead-lab-causal-v1,2026-07-01,2026-07-01T15:46:00-04:00,2026-07-01T15:47:00-04:00,2026-07-01T15:47:00-04:00,2026-07-01T19:47:00+00:00,2026-07-01T19:47:00+00:00,LONG,INFERIOR,1.0,15.0,46.0,376.0,2.0,7.0,5.7544,1.6243,14.964285714285975,15.982142857142858,1.0680190930787403,0.9489260143198411,0.6816229116945475,0.4811455847255772,-0.0782122905027933,-0.9385474860335196,-0.4692737430167598,1.0271383048226344,1.620170397728067,0.950419327742337,3.0,3.0,-0.510131853188267,1.0090692124103864,0.8603351955307262,0.9088305489259013,-0.1564245810055866,0.14173228346458328,0.3333333333333333,1.4902147971359636,1.7206703910614525,-1.3473793017308027,0.04493769395481396,0.9014629948364988,1.0437317784256561,23.161813842481845,16.81564245810056
CFD_ATAS_1158_20260702_1051,atas-mt5-lead-lab-causal-v1,2026-07-02,2026-07-02T10:51:00-04:00,2026-07-02T10:52:00-04:00,2026-07-02T10:52:00-04:00,2026-07-02T14:52:00+00:00,2026-07-02T14:52:00+00:00,SHORT,SUPERIOR,0.0,10.0,51.0,81.0,3.0,7.0,6.5887,1.574,12.992857142857506,55.357142857142854,4.260582737767885,-0.3463441451346797,-0.10005497526135369,-0.9620670698185547,-0.31612903225806455,-1.0612903225806452,0.2935483870967742,-0.030215112876615158,0.9612353473192915,-1.2556154569153288,2.0,2.0,-0.9729095928856424,0.7773501924132802,1.0838709677419356,-0.4233095107201641,-0.31612903225806455,0.3333333333333333,0.09352517985611511,1.531610775151251,2.0548387096774197,-0.9380527774273502,-0.2829236559490899,1.1574928412344843,1.2050534499514092,9.836173721824848,9.73225806451613
CFD_ATAS_1159_20260702_1055,atas-mt5-lead-lab-causal-v1,2026-07-02,2026-07-02T10:55:00-04:00,2026-07-02T10:56:00-04:00,2026-07-02T10:56:00-04:00,2026-07-02T14:56:00+00:00,2026-07-02T14:56:00+00:00,SHORT,SUPERIOR,0.0,10.0,55.0,85.0,3.0,7.0,7.142,3.2243,11.692857142857715,53.392857142857146,4.566279780085299,-0.5901038485031442,2.078191814294588,1.7361026267564255,-0.4214046822742475,-0.3745819397993311,0.3043478260869565,-0.16869916622889675,2.4527737540939194,1.431754800669469,2.0,3.0,-0.25675248967069564,1.069028711056759,0.7959866220735785,-0.649969456322385,-0.4214046822742475,0.4709976798144686,0.14285714285714285,3.3011606597434584,2.270903010033445,-0.5979358538310837,-0.3504671370303117,1.0218476903870384,1.1511068334937442,11.117898594990292,10.535117056856187
CFD_ATAS_1160_20260702_1120,atas-mt5-lead-lab-causal-v1,2026-07-02,2026-07-02T11:20:00-04:00,2026-07-02T11:21:00-04:00,2026-07-02T11:21:00-04:00,2026-07-02T15:21:00+00:00,2026-07-02T15:21:00+00:00,SHORT,SUPERIOR,0.0,11.0,20.0,110.0,3.0,7.0,8.8371,1.6597,14.607142857142597,46.42857142857143,3.178484107579519,-0.5887530562348787,-0.13691931540342542,-0.7872860635696962,-0.3769230769230769,-0.02692307692307692,0.6192307692307693,-0.2118299793118018,-0.1099962384803485,-1.4065168328004654,1.0,1.0,0.2701480772834083,1.2459657701712212,1.2653846153846153,-0.5682151589241657,-0.35,0.3276353276353412,0.45098039215686275,1.7936430317846739,1.75,-1.1294379318302468,-0.30284563429544065,1.1910308677926227,0.9051348999129678,14.609290953545344,14.7
CFD_ATAS_1161_20260702_1129,atas-mt5-lead-lab-causal-v1,2026-07-02,2026-07-02T11:29:00-04:00,2026-07-02T11:30:00-04:00,2026-07-02T11:30:00-04:00,2026-07-02T15:30:00+00:00,2026-07-02T15:30:00+00:00,SHORT,SUPERIOR,0.0,11.0,29.0,119.0,3.0,7.0,6.371,2.2995,16.99285714285647,42.232142857142854,2.4852879361077065,-1.3535098781000958,-1.0710382513662056,-1.288776796973655,0.9471458773784356,1.1543340380549685,1.1543340380549685,-2.300655755478531,-2.2253722894211743,-2.4431108350286235,0.0,1.0,1.323794283578443,1.4712063892392344,1.1839323467230445,-1.3711643547711378,1.035940803382664,0.3197080291970676,0.4020618556701031,2.748213535098719,1.8646934460887952,-1.4106496694503559,-0.10016386886674782,1.3165467625898573,0.8553345388788426,13.735182849937365,16.160676532769557
CFD_ATAS_1162_20260702_1233,atas-mt5-lead-lab-causal-v1,2026-07-02,2026-07-02T12:33:00-04:00,2026-07-02T12:34:00-04:00,2026-07-02T12:37:00-04:00,2026-07-02T16:34:00+00:00,2026-07-02T16:37:00+00:00,LONG,INFERIOR,1.0,12.0,33.0,183.0,3.0,7.0,7.002,4.2012,31.04999999999979,25.0,0.805152979066028,0.8599033816425413,0.795491143317259,0.39935587761679675,-0.1,-0.85,-2.1,0.9599033816425413,1.645491143317259,2.499355877616797,3.0,5.0,1.8961375938185665,1.5104669887279154,0.85,0.8115942028985796,-0.1,0.25726141078842746,1.0,3.3526570048308937,2.65,-0.7807139372022791,-0.23614525361362015,1.3040347982600697,0.7954545454545455,11.942028985507303,31.05
CFD_ATAS_1163_20260702_1306,atas-mt5-lead-lab-causal-v1,2026-07-02,2026-07-02T13:06:00-04:00,2026-07-02T13:07:00-04:00,2026-07-02T13:07:00-04:00,2026-07-02T17:07:00+00:00,2026-07-02T17:07:00+00:00,SHORT,SUPERIOR,0.0,13.0,6.0,216.0,3.0,7.0,5.2903,1.7784,32.328571428571585,31.160714285714285,0.9638753866548782,0.7671232876712066,1.661069376933289,1.3981440565621015,-1.002865329512894,-1.4842406876790832,-1.1232091690544412,1.7699886171841006,3.145310064612372,2.5213532256165427,2.0,2.0,-0.9653248610781715,0.7949624392399656,1.3638968481375358,0.7702165267344646,-1.002865329512894,0.590078328981716,0.5384615384615384,2.177640300486115,2.487106017191977,-0.08947077726122778,0.40567920733730095,0.9721834389431917,1.052790346907994,11.46973044631013,29.083094555873927
CFD_ATAS_1164_20260702_1333,atas-mt5-lead-lab-causal-v1,2026-07-02,2026-07-02T13:33:00-04:00,2026-07-02T13:34:00-04:00,2026-07-02T13:36:00-04:00,2026-07-02T17:34:00+00:00,2026-07-02T17:36:00+00:00,LONG,INFERIOR,1.0,13.0,33.0,243.0,3.0,7.0,6.7839,1.9731,55.87142857142914,21.25,0.3803375095883367,0.01789823574533349,-0.21656865251857432,0.0608540015340948,-0.47058823529411764,0.17647058823529413,0.5882352941176471,0.48848647103945114,-0.3930392407538684,-0.5273812925835523,1.0,1.0,2.6268286276201254,1.0577857325492483,1.0588235294117647,0.04116594221425401,-0.47058823529411764,0.033932135728520885,0.38461538461538464,1.8220403988749363,1.9411764705882353,1.4404540900747955,-0.24257380817346114,1.3298197891873547,0.7640449438202247,7.456405011505907,42.64705882352941
CFD_ATAS_1165_20260702_1500,atas-mt5-lead-lab-causal-v1,2026-07-02,2026-07-02T15:00:00-04:00,2026-07-02T15:01:00-04:00,2026-07-02T15:01:00-04:00,2026-07-02T19:01:00+00:00,2026-07-02T19:01:00+00:00,LONG,INFERIOR,1.0,15.0,0.0,330.0,3.0,7.0,6.2477,2.0154,29.5,26.517857142857142,0.898910411622276,-1.1932203389830756,-0.47796610169498926,-0.6406779661017442,-1.2727272727272727,-0.8484848484848485,-1.2255892255892256,0.07950693374419715,0.37051874678985924,0.5849112594874813,1.0,2.0,-0.14128809742322224,1.5627118644067304,1.8383838383838385,-1.2610169491525671,-1.2255892255892256,0.2628650904033529,0.38235294117647056,1.9661016949152543,1.8383838383838385,0.7367751784343133,-0.08952533580517963,0.736054179290669,1.1082089552238807,23.938983050847483,36.390572390572395
CFD_ATAS_1166_20260703_1000,atas-mt5-lead-lab-causal-v1,2026-07-03,2026-07-03T10:00:00-04:00,2026-07-03T10:01:00-04:00,2026-07-03T10:01:00-04:00,2026-07-03T14:01:00+00:00,2026-07-03T14:01:00+00:00,SHORT,SUPERIOR,0.0,10.0,0.0,30.0,4.0,7.0,5.0015,1.9671,5.149999999999896,10.357142857142858,2.011095700416129,2.0582524271849314,3.281553398058601,3.0873786407770436,-0.24137931034482757,-0.8448275862068965,-2.172413793103448,2.299631737529759,4.126380984265498,5.259792433880492,2.0,4.0,-0.601047838879709,2.6213592233010234,0.8448275862068965,1.9611650485441525,-0.24137931034482757,0.7607655502392511,1.0,4.019417475728377,2.293103448275862,3.3731764413105974,0.0734907647934136,0.8069390039171107,0.8656716417910448,5.51456310679651,5.068965517241379
CFD_ATAS_1167_20260703_1236,atas-mt5-lead-lab-causal-v1,2026-07-03,2026-07-03T12:36:00-04:00,2026-07-03T12:37:00-04:00,2026-07-03T12:37:00-04:00,2026-07-03T16:37:00+00:00,2026-07-03T16:37:00+00:00,SHORT,SUPERIOR,0.0,12.0,36.0,186.0,4.0,7.0,6.6792,2.8,11.04285714285704,5.0,0.4527813712807287,0.6338939197930201,2.037516170763279,1.7386804657177346,-0.25,-1.5,-1.5,0.8838939197930201,3.537516170763279,3.2386804657177346,3.0,4.0,-0.694704983268457,0.7335058214746487,1.25,0.3984476067268436,-0.25,0.48979591836721814,0.6,2.6080206985772607,3.25,-0.3188025573960277,-0.3246965529038314,1.5444555444554962,0.9032258064516129,8.13195342820215,14.25
CFD_ATAS_1168_20260706_1003,atas-mt5-lead-lab-causal-v1,2026-07-06,2026-07-06T10:03:00-04:00,2026-07-06T10:04:00-04:00,2026-07-06T10:04:00-04:00,2026-07-06T14:04:00+00:00,2026-07-06T14:04:00+00:00,SHORT,SUPERIOR,0.0,10.0,3.0,33.0,0.0,7.0,5.8111,5.1075,10.121428571428103,37.67857142857143,3.7226534932958675,-0.4050811573746103,3.0529287226537782,1.5215243472126347,0.0995260663507109,-0.3981042654028436,-0.23222748815165875,-0.5046072237253212,3.451032988056622,1.7537518353642936,1.0,1.0,-0.2882569151954511,1.1856033874383047,0.7298578199052133,-0.3556810162313476,0.06635071090047392,0.28205128205131624,0.11475409836065574,4.357092448835626,1.990521327014218,0.09002888480155193,-0.37282533132437196,1.2881818181817586,0.8099808061420345,4.732533521524351,6.203791469194313
CFD_ATAS_1169_20260706_1122,atas-mt5-lead-lab-causal-v1,2026-07-06,2026-07-06T11:22:00-04:00,2026-07-06T11:23:00-04:00,2026-07-06T11:23:00-04:00,2026-07-06T15:23:00+00:00,2026-07-06T15:23:00+00:00,SHORT,SUPERIOR,0.0,11.0,22.0,112.0,0.0,7.0,6.8839,2.7253,9.49999999999974,23.214285714285715,2.443609022556458,0.21052631578947942,1.9473684210526847,1.4421052631580107,-0.5384615384615384,-0.9153846153846154,-1.723076923076923,0.7489878542510179,2.8627530364373,3.165182186234934,2.0,4.0,-0.6717839631457508,0.6736842105264873,1.1307692307692307,0.20000000000015863,-0.6461538461538461,0.5879828326180754,0.7619047619047619,2.905263157895046,2.5846153846153843,0.3831521139902815,0.11892270033862254,0.9268292682926811,1.0420841683366733,9.88421052631583,12.546153846153846
CFD_ATAS_1170_20260706_1203,atas-mt5-lead-lab-causal-v1,2026-07-06,2026-07-06T12:03:00-04:00,2026-07-06T12:04:00-04:00,2026-07-06T12:08:00-04:00,2026-07-06T16:04:00+00:00,2026-07-06T16:08:00+00:00,SHORT,SUPERIOR,0.0,12.0,3.0,153.0,0.0,7.0,5.15,4.9064,9.607142857142597,12.142857142857142,1.263940520446131,0.32267657992550786,3.0706319702603064,3.9866171003717796,0.10294117647058824,0.6176470588235294,0.9264705882352942,0.2197354034549196,2.452984911436777,3.0601465121364857,0.0,1.0,1.7853969213389707,0.5308550185872235,0.6176470588235294,0.34349442379175515,0.10294117647058824,0.9273607748184006,0.42857142857142855,4.715241635687785,1.8529411764705883,0.6175816716991726,-0.003740454523165022,0.93500173792143,0.6167800453514739,9.971747211896105,25.323529411764707
CFD_ATAS_1171_20260706_1221,atas-mt5-lead-lab-causal-v1,2026-07-06,2026-07-06T12:21:00-04:00,2026-07-06T12:22:00-04:00,2026-07-06T12:22:00-04:00,2026-07-06T16:22:00+00:00,2026-07-06T16:22:00+00:00,LONG,INFERIOR,1.0,12.0,21.0,171.0,0.0,7.0,9.9519,2.0559,11.27142857142878,13.125,1.1644486692014993,0.39923954372622833,0.47021546261082664,-1.3219264892269742,-0.7619047619047619,-0.2857142857142857,-1.7142857142857142,1.1611443056309902,0.7559297483251124,0.39235922505874,2.0,4.0,0.44157119607940937,0.5766793409378854,0.9523809523809523,0.46134347275037285,-0.7619047619047619,0.4641744548287268,0.45,2.634980988593172,2.0,0.6165499626809126,0.29785218449372985,1.1476363636364153,1.0103092783505156,9.70595690747777,24.285714285714285
CFD_ATAS_1172_20260706_1259,atas-mt5-lead-lab-causal-v1,2026-07-06,2026-07-06T12:59:00-04:00,2026-07-06T13:00:00-04:00,2026-07-06T13:04:00-04:00,2026-07-06T17:00:00+00:00,2026-07-06T17:04:00+00:00,SHORT,SUPERIOR,0.0,12.0,59.0,209.0,0.0,7.0,5.1859,1.8582,35.47142857142899,13.571428571428571,0.3826016915022106,0.09021345147001543,1.3278292388240491,1.0656463954892945,0.18421052631578946,0.3684210526315789,0.5526315789473685,-0.09399707484577403,0.9594081861924701,0.513014816541926,1.0,2.0,0.9035070611623125,0.6850583971002534,0.9210526315789473,0.12686266612968036,0.18421052631578946,0.6585365853657825,0.23076923076923078,2.0213451469994914,1.9342105263157896,-0.493344794047671,-0.1711458524501392,2.4861076345431403,1.081850533807829,6.4164317358034495,23.486842105263158
CFD_ATAS_1173_20260707_0955,atas-mt5-lead-lab-causal-v1,2026-07-07,2026-07-07T09:55:00-04:00,2026-07-07T09:56:00-04:00,2026-07-07T09:56:00-04:00,2026-07-07T13:56:00+00:00,2026-07-07T13:56:00+00:00,LONG,INFERIOR,1.0,9.0,55.0,25.0,1.0,7.0,5.1243,2.1302,8.007142857143013,44.107142857142854,5.508474576271079,0.39964317573603314,2.073148974130019,1.3487957181087145,-0.5668016194331984,-1.417004048582996,-1.9838056680161944,0.9664447951692315,3.490153022713015,3.332601386124909,3.0,5.0,-1.3146350851151216,0.8117752007136327,0.8785425101214576,0.4121320249775996,-0.5668016194331984,0.48214285714287164,1.0,2.6851025869758622,2.635627530364373,-3.130751896607453,0.23519861297904127,0.9688850475367151,0.8884892086330934,5.74487065120417,5.9797570850202435
CFD_ATAS_1174_20260707_1029,atas-mt5-lead-lab-causal-v1,2026-07-07,2026-07-07T10:29:00-04:00,2026-07-07T10:30:00-04:00,2026-07-07T10:30:00-04:00,2026-07-07T14:30:00+00:00,2026-07-07T14:30:00+00:00,SHORT,SUPERIOR,0.0,10.0,29.0,59.0,1.0,7.0,5.0113,1.5087,9.057142857143065,31.785714285714285,3.509463722397396,1.0047318611985545,1.6561514195583216,1.4794952681385263,-0.4719101123595506,-1.2191011235955056,-0.3146067415730337,1.4766419735581051,2.8752525431538274,1.79410200971156,3.0,3.0,-1.1063961123176485,1.611987381703674,0.7471910112359551,0.9936908517349929,-0.43258426966292135,0.6979166666665265,0.14814814814814814,2.0646687697161212,1.6910112359550562,-0.638397403064762,0.02872545540633045,0.8973814578910141,0.7876106194690266,7.717665615141939,13.410112359550562
CFD_ATAS_1175_20260707_1113,atas-mt5-lead-lab-causal-v1,2026-07-07,2026-07-07T11:13:00-04:00,2026-07-07T11:14:00-04:00,2026-07-07T11:14:00-04:00,2026-07-07T15:14:00+00:00,2026-07-07T15:14:00+00:00,SHORT,SUPERIOR,0.0,11.0,13.0,103.0,1.0,7.0,7.9842,1.5816,14.38571428571465,23.839285714285715,1.657149950347525,-0.2780536246275997,0.2780536246275997,-0.736842105263291,-0.3146067415730337,-1.048689138576779,-1.5730337078651684,0.036553116945434005,1.3267427632043787,0.8361916026018774,3.0,5.0,-0.4431476152108499,0.6464746772591188,0.8913857677902621,-0.27110228401201086,-0.3146067415730337,0.39849624060155314,1.0,2.5024826216483973,1.940074906367041,0.28684601209903043,-0.25595325164578914,1.3458068827263823,0.7585227272727273,8.626613704071433,19.977528089887638
CFD_ATAS_1176_20260707_1526,atas-mt5-lead-lab-causal-v1,2026-07-07,2026-07-07T15:26:00-04:00,2026-07-07T15:27:00-04:00,2026-07-07T15:30:00-04:00,2026-07-07T19:27:00+00:00,2026-07-07T19:30:00+00:00,SHORT,SUPERIOR,0.0,15.0,26.0,356.0,1.0,7.0,7.467,2.2335,19.31428571428582,22.232142857142858,1.1510724852070944,-0.7973372781065798,-0.8335798816567248,-1.8483727810651163,0.39357429718875503,0.9558232931726908,0.8433734939759036,-1.1909115752953348,-1.7894031748294155,-2.69174627504102,1.0,2.0,2.1308957372860324,0.9423076923077248,0.7871485943775101,-0.7818047337277311,0.3373493975903614,0.4265232974910444,0.45454545454545453,2.3816568047337148,1.9678714859437751,-1.9416271215806726,0.45705302505546613,0.8812123187225119,1.0969162995594715,26.156804733727707,21.42168674698795
CFD_ATAS_1177_20260708_1003,atas-mt5-lead-lab-causal-v1,2026-07-08,2026-07-08T10:03:00-04:00,2026-07-08T10:04:00-04:00,2026-07-08T10:04:00-04:00,2026-07-08T14:04:00+00:00,2026-07-08T14:04:00+00:00,LONG,INFERIOR,1.0,10.0,3.0,33.0,2.0,7.0,5.2701,2.6954,13.700000000000728,38.75,2.8284671532845214,-0.744525547445269,0.321167883211768,-2.1605839416056183,-0.1935483870967742,-1.4193548387096775,-1.5483870967741935,-0.5509771603484948,1.7405227219214454,-0.6121968448314248,3.0,4.0,-1.3956383717952356,0.839416058394116,0.7419354838709677,-0.7299270072992313,-0.1935483870967742,0.37185929648240057,0.8888888888888888,2.547445255474158,2.5161290322580645,0.31577370485575107,-0.15561816818748,1.0985108820160583,0.9194915254237287,4.781021897809965,5.129032258064516
CFD_ATAS_1178_20260708_1007,atas-mt5-lead-lab-causal-v1,2026-07-08,2026-07-08T10:07:00-04:00,2026-07-08T10:08:00-04:00,2026-07-08T10:08:00-04:00,2026-07-08T14:08:00+00:00,2026-07-08T14:08:00+00:00,LONG,INFERIOR,1.0,10.0,7.0,37.0,2.0,7.0,5.1251,2.5661,16.70000000000021,34.285714285714285,2.05303678357568,-0.16766467065885482,1.3413173652693136,0.38323353293399626,-0.2916666666666667,-0.14583333333333334,-0.36458333333333337,0.12400199600781187,1.4871506986026468,0.7478168662673297,2.0,3.0,0.041456266818977384,1.0299401197605098,0.7291666666666667,-0.18562874251509845,-0.328125,0.14545454545448383,0.20833333333333334,2.1676646706584815,1.4947916666666667,-0.4254994498253936,-0.1876783746506095,1.237037037036981,0.8533333333333333,4.329341317365172,5.796875
CFD_ATAS_1179_20260708_1159,atas-mt5-lead-lab-causal-v1,2026-07-08,2026-07-08T11:59:00-04:00,2026-07-08T12:00:00-04:00,2026-07-08T12:00:00-04:00,2026-07-08T16:00:00+00:00,2026-07-08T16:00:00+00:00,SHORT,SUPERIOR,0.0,11.0,59.0,149.0,2.0,7.0,5.5599,4.3568,18.664285714285402,23.75,1.2724837351703235,0.7876004592423025,1.8859548411787923,3.429008802143188,-0.3684210526315789,-1.105263157894737,-0.7368421052631579,1.1560215118738815,2.9912179990735295,4.1658509074063454,3.0,4.0,0.9532507868237046,0.9376195943360279,1.0,0.7983161117490389,-0.3684210526315789,0.9248554913295187,0.30434782608695654,4.597014925373367,2.0,0.8773161413633046,-0.001375611825222285,1.2086031452359092,0.8012048192771084,14.133945656334108,15.368421052631579
CFD_ATAS_1180_20260708_1420,atas-mt5-lead-lab-causal-v1,2026-07-08,2026-07-08T14:20:00-04:00,2026-07-08T14:21:00-04:00,2026-07-08T14:24:00-04:00,2026-07-08T18:21:00+00:00,2026-07-08T18:24:00+00:00,LONG,INFERIOR,1.0,14.0,20.0,290.0,2.0,7.0,5.7493,2.2527,28.171428571427636,19.642857142857142,0.6972616632860272,-0.16328600405687804,1.1181541582150472,-0.10649087221095688,-1.0181818181818183,-0.1272727272727273,-1.0818181818181818,0.8548958141249403,1.2454268854877744,0.9753273096072249,1.0,2.0,0.47388625753559277,1.0187626774847176,1.0181818181818183,-0.14198782961460918,-1.0181818181818183,0.03989361702127428,0.3333333333333333,2.3144016227181554,1.590909090909091,0.7366756261926594,0.22440424123336322,0.7636011616650252,1.02803738317757,15.040060851927503,21.572727272727274
CFD_ATAS_1181_20260708_1525,atas-mt5-lead-lab-causal-v1,2026-07-08,2026-07-08T15:25:00-04:00,2026-07-08T15:26:00-04:00,2026-07-08T15:26:00-04:00,2026-07-08T19:26:00+00:00,2026-07-08T19:26:00+00:00,SHORT,SUPERIOR,0.0,15.0,25.0,355.0,2.0,7.0,8.0006,1.9535,21.171428571429196,14.107142857142858,0.6663292847503177,-0.5384615384615913,0.5715249662617228,-0.4203778677463451,-0.35443037974683544,-0.8860759493670886,-0.7974683544303797,-0.18403115871475584,1.4576009156288112,0.37709048668403455,3.0,4.0,0.1828408752570645,0.8549257759783137,0.8860759493670886,-0.5337381916328784,-0.26582278481012656,0.1592128801431346,0.3103448275862069,2.125506072874431,1.6835443037974682,-0.9515516567040238,0.07377969165456548,0.8534408292542607,0.8165374677002584,20.012820512819957,30.037974683544302
CFD_ATAS_1182_20260709_0959,atas-mt5-lead-lab-causal-v1,2026-07-09,2026-07-09T09:59:00-04:00,2026-07-09T10:00:00-04:00,2026-07-09T10:00:00-04:00,2026-07-09T14:00:00+00:00,2026-07-09T14:00:00+00:00,LONG,INFERIOR,1.0,9.0,59.0,29.0,3.0,7.0,6.8596,1.6987,14.142857142856883,28.839285714285715,2.0391414141414517,1.0888888888890118,2.0858585858586243,1.3010101010102277,-0.43343653250773995,-0.30340557275541796,0.26006191950464397,1.5223254213967516,2.389264158614042,1.0409481815055837,2.0,3.0,-0.07014411338331068,1.2090909090910857,0.6934984520123839,1.0818181818181503,-0.43343653250773995,0.4532019704434018,0.15,2.67272727272727,1.1702786377708978,0.7185547067697402,-0.06363057026604768,1.3208805870580016,0.9202279202279202,6.7383838383839105,8.972136222910217
CFD_ATAS_1183_20260709_1023,atas-mt5-lead-lab-causal-v1,2026-07-09,2026-07-09T10:23:00-04:00,2026-07-09T10:24:00-04:00,2026-07-09T10:24:00-04:00,2026-07-09T14:24:00+00:00,2026-07-09T14:24:00+00:00,SHORT,SUPERIOR,0.0,10.0,23.0,53.0,3.0,7.0,5.1327,2.0796,11.70714285714296,44.017857142857146,3.7599145820622,-0.5893837705919434,0.9139719341062164,-1.4179377669309188,-0.5963488843813387,-0.7099391480730223,1.022312373225152,0.00696511378939535,1.6239110821792386,-2.4402501401560706,2.0,2.0,-0.6092081230846431,1.2641854789505063,0.9087221095334685,-0.5979255643685121,-0.5963488843813387,0.28424657534239833,0.4186046511627907,3.2031726662598863,2.5557809330628802,-1.3258173155384005,-0.03666697453960158,0.9618544600938764,1.4500000000000002,8.140329469188396,7.1845841784989855
CFD_ATAS_1184_20260709_1056,atas-mt5-lead-lab-causal-v1,2026-07-09,2026-07-09T10:56:00-04:00,2026-07-09T10:57:00-04:00,2026-07-09T10:57:00-04:00,2026-07-09T14:57:00+00:00,2026-07-09T14:57:00+00:00,SHORT,SUPERIOR,0.0,10.0,56.0,86.0,3.0,7.0,5.4032,1.5286,13.02142857142878,27.857142857142858,2.139330773450322,-0.06143719144262005,-0.046077893582174574,0.6143719144267592,0.358974358974359,-0.9423076923076923,0.08974358974358974,-0.42041155041697903,0.8962297987255177,0.5246283246831694,2.0,2.0,-0.4535568341172527,0.49917718047174187,0.7628205128205128,-0.046077893582174574,0.358974358974359,0.31746031746035414,0.03333333333333333,1.5512890839273434,2.2435897435897436,-0.9391340438307112,-0.03886599829311461,0.9704551503859599,0.9004329004329005,11.99561162918225,11.352564102564102
CFD_ATAS_1185_20260709_1143,atas-mt5-lead-lab-causal-v1,2026-07-09,2026-07-09T11:43:00-04:00,2026-07-09T11:44:00-04:00,2026-07-09T11:44:00-04:00,2026-07-09T15:44:00+00:00,2026-07-09T15:44:00+00:00,SHORT,SUPERIOR,0.0,11.0,43.0,133.0,3.0,7.0,7.1757,2.143,11.207142857142442,13.125,1.1711281070746131,1.061822817080788,2.346717654557065,2.4091778202677756,0.5714285714285714,-0.38095238095238093,-0.8571428571428571,0.49039424565221656,2.727670035509446,3.266320677410633,2.0,3.0,0.3199277647424467,1.142128744423177,1.0476190476190477,1.0885914595284674,0.6666666666666666,0.7031249999999734,0.42857142857142855,3.1854684512426883,2.857142857142857,0.9514220029248107,-0.08798907870453272,0.939239748578229,0.6,19.782026768642922,24.095238095238095
CFD_ATAS_1186_20260709_1249,atas-mt5-lead-lab-causal-v1,2026-07-09,2026-07-09T12:49:00-04:00,2026-07-09T12:50:00-04:00,2026-07-09T12:51:00-04:00,2026-07-09T16:50:00+00:00,2026-07-09T16:51:00+00:00,SHORT,SUPERIOR,0.0,12.0,49.0,199.0,3.0,7.0,6.9663,2.259,28.47857142857174,12.232142857142858,0.4295209430649564,-0.6777025332329744,1.2746425884123005,0.5548031101078189,-0.0,-0.0,1.021897810218978,-0.6777025332329744,1.2746425884123005,-0.46709470011115906,1.0,1.0,0.8322686242029311,1.2114371708051033,0.8175182481751825,-0.6039628793579321,-0.0,0.1516314779270553,0.625,2.781038374717828,1.8394160583941606,-0.4992642283252803,-0.5626718921137371,2.4047044632087746,1.0378787878787878,11.394532229746552,25.854014598540147
CFD_ATAS_1187_20260710_1048,atas-mt5-lead-lab-causal-v1,2026-07-10,2026-07-10T10:48:00-04:00,2026-07-10T10:49:00-04:00,2026-07-10T10:49:00-04:00,2026-07-10T14:49:00+00:00,2026-07-10T14:49:00+00:00,LONG,INFERIOR,1.0,10.0,48.0,78.0,4.0,7.0,6.3015,1.8864,9.150000000000157,34.82142857142857,3.805620608899232,-0.16393442622950538,-0.5573770491801593,-0.3497267759563577,-0.2512820512820513,-0.5743589743589744,0.2871794871794872,0.0873476250525459,0.016981925178815138,-0.6369062631358449,2.0,3.0,-0.16873592966591391,0.71038251366119,0.7897435897435898,-0.13114754098368384,-0.2512820512820513,0.3018867924530439,0.16,2.021857923497233,1.7230769230769232,-0.09753084292257225,-0.31656028718289025,1.2816408204102179,1.1126961483594864,8.240437158469566,8.435897435897436
CFD_ATAS_1188_20260710_1228,atas-mt5-lead-lab-causal-v1,2026-07-10,2026-07-10T12:28:00-04:00,2026-07-10T12:29:00-04:00,2026-07-10T12:29:00-04:00,2026-07-10T16:29:00+00:00,2026-07-10T16:29:00+00:00,SHORT,SUPERIOR,0.0,12.0,28.0,178.0,4.0,7.0,5.6657,3.6644,11.850000000000364,15.267857142857142,1.2884267631102677,0.22784810126557017,2.438818565400585,1.4683544303795175,0.3274853801169591,-1.064327485380117,-0.16374269005847955,-0.09963727885138893,3.503146050780702,1.632097120437997,2.0,2.0,-0.6067439244284665,1.0717299578059356,0.9824561403508772,0.5822784810124562,0.3274853801169591,0.3580246913580173,0.0625,3.341772151898816,1.8830409356725146,1.492929432605382,-0.2313786105519571,1.0294756438101835,0.782608695652174,9.73839662447209,23.251461988304094
CFD_ATAS_1189_20260710_1523,atas-mt5-lead-lab-causal-v1,2026-07-10,2026-07-10T15:23:00-04:00,2026-07-10T15:24:00-04:00,2026-07-10T15:26:00-04:00,2026-07-10T19:24:00+00:00,2026-07-10T19:26:00+00:00,SHORT,SUPERIOR,0.0,15.0,23.0,353.0,4.0,7.0,5.4728,1.5866,14.899999999999636,10.089285714285714,0.677133269415165,-0.16778523489933295,0.29530201342292367,-1.0067114093959977,0.37168141592920356,0.24778761061946905,0.9911504424778762,-0.5394666508285365,0.04751440280345462,-1.997861851873874,1.0,1.0,0.43758922959945734,0.7852348993289271,0.8672566371681416,-0.16107382550321314,0.37168141592920356,0.3865979381443009,0.4444444444444444,1.5906040268457253,1.3628318584070798,-1.6109750292311158,-0.3810778833129106,0.7876156314895129,1.0761904761904761,23.140939597316198,40.01769911504425
CFD_ATAS_1190_20260713_1009,atas-mt5-lead-lab-causal-v1,2026-07-13,2026-07-13T10:09:00-04:00,2026-07-13T10:10:00-04:00,2026-07-13T10:10:00-04:00,2026-07-13T14:10:00+00:00,2026-07-13T14:10:00+00:00,SHORT,SUPERIOR,0.0,10.0,9.0,39.0,0.0,7.0,5.3498,2.3333,11.63571428571439,35.267857142857146,3.0310006138735153,0.48987108655591494,1.426642111724847,0.6617556783300079,-0.4253164556962025,-1.240506329113924,-0.9569620253164556,0.9151875422521174,2.667148440838771,1.6187177036464635,3.0,3.0,-0.8378359774284394,0.6789441375077925,0.7797468354430379,0.3609576427253452,-0.46075949367088603,0.17701149425280666,0.627906976744186,2.810313075506483,1.8430379746835441,1.143778320616883,0.269701509941449,1.6605504587155127,0.9122401847575059,5.440147329649982,6.20253164556962
CFD_ATAS_1191_20260713_1106,atas-mt5-lead-lab-causal-v1,2026-07-13,2026-07-13T11:06:00-04:00,2026-07-13T11:07:00-04:00,2026-07-13T11:07:00-04:00,2026-07-13T15:07:00+00:00,2026-07-13T15:07:00+00:00,LONG,INFERIOR,1.0,11.0,6.0,96.0,0.0,7.0,5.8333,1.6314,10.600000000000623,22.767857142857142,2.147911051212812,-0.2264150943397466,0.5566037735846671,-0.2264150943397466,0.054901960784313725,-0.6588235294117647,-1.0431372549019609,-0.28131705512406036,1.2154273029964318,0.8167221605622142,1.0,3.0,-0.43314945187374,0.849056603773535,0.6588235294117647,-0.2169811320757335,0.0,0.1263157894737608,0.7037037037037037,1.6603773584906742,1.811764705882353,0.9517844030040155,0.026123732727548133,1.0171350239890453,0.7727272727272727,7.745283018867675,11.584313725490196
CFD_ATAS_1192_20260713_1141,atas-mt5-lead-lab-causal-v1,2026-07-13,2026-07-13T11:41:00-04:00,2026-07-13T11:42:00-04:00,2026-07-13T11:42:00-04:00,2026-07-13T15:42:00+00:00,2026-07-13T15:42:00+00:00,LONG,INFERIOR,1.0,11.0,41.0,131.0,0.0,7.0,5.6777,2.5432,12.235714285714234,19.107142857142858,1.5615878575598432,-0.6293053123176336,0.41681260945727294,1.479276123759671,-0.9813084112149533,-0.9158878504672897,-0.1308411214953271,0.3520030988973196,1.3327004599245627,1.610117245254998,2.0,3.0,-0.08791202899799182,1.4057209573847707,1.308411214953271,-0.645650904845125,-1.0467289719626167,0.47757255936683973,0.047619047619047616,2.4600116754231256,1.5046728971962617,-1.6262342379650874,-0.10997604545450888,1.1492787655149006,0.8577154308617234,11.670753064798589,13.80373831775701
CFD_ATAS_1193_20260713_1154,atas-mt5-lead-lab-causal-v1,2026-07-13,2026-07-13T11:54:00-04:00,2026-07-13T11:55:00-04:00,2026-07-13T11:55:00-04:00,2026-07-13T15:55:00+00:00,2026-07-13T15:55:00+00:00,SHORT,SUPERIOR,0.0,11.0,54.0,144.0,0.0,7.0,6.1244,1.7129,10.192857142857195,19.285714285714285,1.8920812894183505,-0.44148563419761516,0.5199719691660086,0.14716187806587172,0.32407407407407407,-1.1666666666666667,0.5833333333333334,-0.7655597082716892,1.6866386358326753,-0.43617145526746165,2.0,2.0,-0.9481485623947165,0.6965662228449834,0.7777777777777778,-0.46110721793980275,0.2592592592592593,0.08287292817680224,0.16363636363636364,1.7561317449195453,2.2037037037037037,-1.159120635713215,0.020672586680525098,0.8888196823419682,0.9621380846325166,14.009810791870915,13.675925925925927
CFD_ATAS_1194_20260713_1209,atas-mt5-lead-lab-causal-v1,2026-07-13,2026-07-13T12:09:00-04:00,2026-07-13T12:10:00-04:00,2026-07-13T12:10:00-04:00,2026-07-13T16:10:00+00:00,2026-07-13T16:10:00+00:00,SHORT,SUPERIOR,0.0,12.0,9.0,159.0,0.0,7.0,5.2288,2.3459,11.485714285714234,16.785714285714285,1.4614427860696582,0.46144278606959044,0.20024875621884303,1.2624378109452792,-0.14893617021276598,-1.1914893617021278,-1.4148936170212767,0.6103789562823564,1.391738117920971,2.677331427966556,3.0,4.0,-0.2356499388041173,1.1057213930348941,0.6702127659574468,0.4527363184080256,-0.22340425531914895,0.6744186046511628,0.6551724137931034,2.2201492537313534,2.1595744680851063,0.13443333885826017,-0.16474976058370125,1.0050000000000183,0.8703703703703703,12.432835820895514,15.712765957446809
CFD_ATAS_1195_20260713_1227,atas-mt5-lead-lab-causal-v1,2026-07-13,2026-07-13T12:27:00-04:00,2026-07-13T12:28:00-04:00,2026-07-13T12:28:00-04:00,2026-07-13T16:28:00+00:00,2026-07-13T16:28:00+00:00,LONG,INFERIOR,1.0,12.0,27.0,177.0,0.0,7.0,6.8697,3.3164,11.171428571428416,17.053571428571427,1.526534526854241,-1.8439897698208672,-0.4923273657289071,-1.0204603580564104,-0.2198952879581152,-0.8062827225130891,-0.8062827225130891,-1.6240944818627518,0.31395535678418196,-0.21417763554332137,3.0,4.0,-0.6004431689107799,2.1751918158567425,0.8795811518324608,-1.8887468030689496,-0.2198952879581152,0.19723183391004984,0.8461538461538461,2.873401534526764,1.6125654450261782,-0.7925497447736257,-0.26632466166008717,1.0528441602154193,0.9227053140096617,12.782608695652286,15.465968586387437
CFD_ATAS_1196_20260713_1248,atas-mt5-lead-lab-causal-v1,2026-07-13,2026-07-13T12:48:00-04:00,2026-07-13T12:49:00-04:00,2026-07-13T12:49:00-04:00,2026-07-13T16:49:00+00:00,2026-07-13T16:49:00+00:00,LONG,INFERIOR,1.0,12.0,48.0,198.0,0.0,7.0,5.0612,1.5859,38.24285714285725,25.535714285714285,0.6677250653716829,0.22749346283154623,0.9308927904370158,0.26410160627564294,-0.48951048951048953,-0.48951048951048953,-0.8811188811188811,0.7170039523420357,1.4204032799475053,1.145220487394524,2.0,3.0,-0.14644062395087099,0.5438924168845518,0.6853146853146853,0.26410160627564294,-0.4405594405594406,0.0819140308191314,0.4090909090909091,1.681359731042188,1.4195804195804196,0.8220706589418924,0.1527425003289977,3.4993464052287675,1.3951219512195123,6.877101232723179,11.405594405594407
CFD_ATAS_1197_20260713_1454,atas-mt5-lead-lab-causal-v1,2026-07-13,2026-07-13T14:54:00-04:00,2026-07-13T14:55:00-04:00,2026-07-13T14:55:00-04:00,2026-07-13T18:55:00+00:00,2026-07-13T18:55:00+00:00,LONG,INFERIOR,1.0,14.0,54.0,324.0,0.0,7.0,6.9624,1.9183,18.24285714285647,14.017857142857142,0.7684025058731685,-0.38919342208314106,1.200469851213707,-0.6358653093188589,-0.535031847133758,-0.6242038216560509,-0.445859872611465,0.1458384250506169,1.824673672869758,-0.1900054367073939,2.0,3.0,-0.34485044316214414,0.8277212216131067,1.2484076433121019,-0.38371182458889436,-0.445859872611465,0.1666666666666928,0.21739130434782608,2.263899765074437,2.050955414012739,0.9505753200777433,0.22278750896707622,0.9681576952236145,0.8509485094850948,16.7956147220054,21.222929936305732
CFD_ATAS_1198_20260714_1000,atas-mt5-lead-lab-causal-v1,2026-07-14,2026-07-14T10:00:00-04:00,2026-07-14T10:01:00-04:00,2026-07-14T10:01:00-04:00,2026-07-14T14:01:00+00:00,2026-07-14T14:01:00+00:00,LONG,INFERIOR,1.0,10.0,0.0,30.0,1.0,7.0,5.0065,2.1768,9.507142857142753,37.32142857142857,3.9256198347107865,-0.305033809166197,0.8625093914350972,1.0308039068368995,-0.06698564593301436,0.10047846889952154,0.9712918660287082,-0.23804816323318262,0.7620309225355757,0.05951204080819128,2.0,2.0,0.28507499588014557,2.3561232156275267,1.105263157894737,-0.3681442524417771,-0.06698564593301436,0.38888888888884876,0.7837837837837838,3.407963936889747,1.6076555023923447,0.924261641826191,0.08055229292855615,1.0626746506985911,0.8418932527693858,5.669421487603521,3.5167464114832536
CFD_ATAS_1199_20260714_1031,atas-mt5-lead-lab-causal-v1,2026-07-14,2026-07-14T10:31:00-04:00,2026-07-14T10:32:00-04:00,2026-07-14T10:32:00-04:00,2026-07-14T14:32:00+00:00,2026-07-14T14:32:00+00:00,SHORT,SUPERIOR,0.0,10.0,31.0,61.0,1.0,7.0,7.2232,1.9865,14.807142857143065,38.392857142857146,2.5928605885190183,-0.1013024602026035,0.7023637240714825,1.1548480463098274,-0.0,-0.7488372093023256,0.4232558139534883,-0.1013024602026035,1.451200933373808,0.7315922323563391,1.0,1.0,-0.31342200024562433,0.6956102267244949,0.8465116279069766,-0.10805595754934545,-0.0,0.8181818181820081,0.20634920634920634,2.2489146164977485,1.6604651162790696,0.20939120929427663,-0.24212206809642633,0.9876131491186179,1.0,7.759768451519281,6.47906976744186
CFD_ATAS_1200_20260714_1118,atas-mt5-lead-lab-causal-v1,2026-07-14,2026-07-14T11:18:00-04:00,2026-07-14T11:19:00-04:00,2026-07-14T11:19:00-04:00,2026-07-14T15:19:00+00:00,2026-07-14T15:19:00+00:00,LONG,INFERIOR,1.0,11.0,18.0,108.0,1.0,7.0,5.7519,1.7895,12.45714285714296,20.089285714285715,1.6126720183486105,0.7224770642201775,1.1639908256880638,1.3646788990825576,-0.6844444444444444,-0.8088888888888889,-0.6844444444444444,1.406921508664622,1.9728797145769525,2.049123343527002,2.0,3.0,-0.2726531797679555,0.8428899082568737,0.9955555555555555,0.7144495412842226,-0.6844444444444444,0.62962962962946,0.3142857142857143,2.0229357798165553,1.182222222222222,0.3247907390339069,-0.14976905587422235,0.9632698149682334,0.5806451612903226,9.223623853210757,14.933333333333332
CFD_ATAS_1201_20260714_1230,atas-mt5-lead-lab-causal-v1,2026-07-14,2026-07-14T12:30:00-04:00,2026-07-14T12:31:00-04:00,2026-07-14T12:31:00-04:00,2026-07-14T16:31:00+00:00,2026-07-14T16:31:00+00:00,SHORT,SUPERIOR,0.0,12.0,30.0,180.0,1.0,7.0,5.9777,2.5337,19.342857142857092,17.410714285714285,0.9001107828655858,2.2075332348597185,2.8899556868538494,1.959379615952813,-0.1435897435897436,-0.2871794871794872,-0.9333333333333333,2.351122978449462,3.1771351740333365,2.892712949286146,2.0,4.0,0.0766128380176647,3.225997045790147,0.9333333333333333,2.3005908419497847,-0.2153846153846154,0.4474616292798052,1.0,4.141063515509537,1.5076923076923079,4.376190489076979,0.15481904188134604,1.0205389108724565,0.8387096774193549,18.86484490398812,18.882051282051282
CFD_ATAS_1202_20260714_1534,atas-mt5-lead-lab-causal-v1,2026-07-14,2026-07-14T15:34:00-04:00,2026-07-14T15:35:00-04:00,2026-07-14T15:35:00-04:00,2026-07-14T19:35:00+00:00,2026-07-14T19:35:00+00:00,SHORT,SUPERIOR,0.0,15.0,34.0,364.0,1.0,7.0,5.3298,2.3896,16.92857142857195,13.035714285714286,0.7700421940928034,-0.9628691983121637,-0.11814345991560818,-0.3721518987341228,-0.0958904109589041,-1.0547945205479452,-0.2876712328767123,-0.8669787873532595,0.936651060632337,-0.08448066585741049,2.0,3.0,-0.49856867126774435,1.270042194092788,0.8630136986301369,-1.039662447257266,-0.0958904109589041,0.1293634496919749,0.12,2.2565400843881593,2.4931506849315066,-1.4234156155760964,-0.18209958548632418,0.8582292232482565,1.0814814814814815,21.555274261602584,25.219178082191778
CFD_ATAS_1203_20260715_0959,atas-mt5-lead-lab-causal-v1,2026-07-15,2026-07-15T09:59:00-04:00,2026-07-15T10:00:00-04:00,2026-07-15T10:00:00-04:00,2026-07-15T14:00:00+00:00,2026-07-15T14:00:00+00:00,SHORT,SUPERIOR,0.0,9.0,59.0,29.0,2.0,7.0,5.2009,1.9484,7.028571428572312,31.25,4.446138211381555,-0.25609756097547404,0.8109756097560992,-0.4410569105688432,-0.52,-1.2,-0.8,0.263902439024526,2.010975609756099,0.3589430894311568,3.0,3.0,-1.1647343495633686,1.4227642276420975,0.92,-0.29878048780463345,-0.52,0.13537117903927218,0.5,1.8211382113817813,1.44,-0.02877917658978672,0.13517325474008626,0.9959514170040344,0.9234828496042216,6.189024390243125,7.12
CFD_ATAS_1204_20260715_1109,atas-mt5-lead-lab-causal-v1,2026-07-15,2026-07-15T11:09:00-04:00,2026-07-15T11:10:00-04:00,2026-07-15T11:12:00-04:00,2026-07-15T15:10:00+00:00,2026-07-15T15:12:00+00:00,LONG,INFERIOR,1.0,11.0,9.0,99.0,2.0,7.0,5.8991,1.7829,8.585714285714857,25.0,2.9118136439265947,0.16306156405963507,1.362728785357731,-1.3394342762062337,0.4,1.35,2.5,-0.23693843594036496,0.01272878535773092,-3.8394342762062337,0.0,0.0,1.4338355555105955,0.9317803660565104,0.5,0.1980033277870932,0.4,0.32951289398279426,1.0,2.900166389351058,3.0,2.5128066870881494,-0.407961711452224,1.0122105263158567,0.7197943444730076,8.898502495839843,17.6
CFD_ATAS_1205_20260715_1210,atas-mt5-lead-lab-causal-v1,2026-07-15,2026-07-15T12:10:00-04:00,2026-07-15T12:11:00-04:00,2026-07-15T12:11:00-04:00,2026-07-15T16:11:00+00:00,2026-07-15T16:11:00+00:00,SHORT,SUPERIOR,0.0,12.0,10.0,160.0,2.0,7.0,5.9275,3.2015,9.485714285713973,21.785714285714285,2.296686746988027,0.9277108433734479,1.7710843373493792,3.1626506024097427,-0.0,-1.319672131147541,-0.3442622950819672,0.9277108433734479,3.09075646849692,3.50691289749171,2.0,2.0,-0.4560740893582869,1.1596385542169056,0.9180327868852459,0.9066265060243563,-0.05737704918032787,1.0,0.15,3.805722891566237,2.0081967213114753,-0.43647052297521177,-0.015802929866557583,0.9108367626886004,0.9190207156308849,14.896084337349812,22.836065573770494
CFD_ATAS_1206_20260715_1511,atas-mt5-lead-lab-causal-v1,2026-07-15,2026-07-15T15:11:00-04:00,2026-07-15T15:12:00-04:00,2026-07-15T15:15:00-04:00,2026-07-15T19:12:00+00:00,2026-07-15T19:15:00+00:00,LONG,INFERIOR,1.0,15.0,11.0,341.0,2.0,7.0,6.5805,2.1714,21.66428571428566,20.0,0.9231783712495901,-0.9139465875370606,0.29080118694375523,0.09693372898130771,-0.8125,-0.4375,-1.4375,-0.1014465875370606,0.7283011869437552,1.5344337289813077,2.0,4.0,0.07866243179923912,1.1262776129243992,0.9375,-0.8862512363994722,-0.8125,0.03677758318742737,0.5348837209302325,1.9709858226177406,1.8125,1.008427608001971,-0.2607781801379015,0.9793348401679054,1.5033557046979868,23.919551599076748,29.0
CFD_ATAS_1207_20260716_0953,atas-mt5-lead-lab-causal-v1,2026-07-16,2026-07-16T09:53:00-04:00,2026-07-16T09:54:00-04:00,2026-07-16T09:54:00-04:00,2026-07-16T13:54:00+00:00,2026-07-16T13:54:00+00:00,LONG,INFERIOR,1.0,9.0,53.0,23.0,3.0,7.0,5.8008,1.8964,8.578571428571324,43.30357142857143,5.047876769358929,-0.11656952539550516,1.5503746877601339,1.0724396336387323,-0.6350515463917525,0.3752577319587629,0.6061855670103092,0.5184820209962474,1.175116955801371,0.46625406662842306,1.0,2.0,0.4214240728431866,0.6761032472938451,1.2412371134020619,-0.139883430474691,-0.6639175257731958,0.4742268041238022,0.25301204819277107,2.1099084096584737,2.049484536082474,-0.8848215951229866,0.034309205492667076,0.9360872954013968,1.0062240663900415,6.061615320566268,6.177319587628865
CFD_ATAS_1208_20260716_1013,atas-mt5-lead-lab-causal-v1,2026-07-16,2026-07-16T10:13:00-04:00,2026-07-16T10:14:00-04:00,2026-07-16T10:14:00-04:00,2026-07-16T14:14:00+00:00,2026-07-16T14:14:00+00:00,LONG,INFERIOR,1.0,10.0,13.0,43.0,3.0,7.0,5.834,1.9245,12.835714285714078,34.107142857142854,2.657206455203159,0.03895381190873742,1.1608235948802048,0.46744574290484897,0.1099476439790576,-0.14659685863874347,0.18324607329842935,-0.07099383207032017,1.3074204535189482,0.2841996696064196,1.0,1.0,0.10443002206924938,0.5765164162494271,0.4764397905759163,0.023372287145185765,0.07329842931937174,0.2521008403361807,0.11627906976744186,2.025598219254346,1.4293193717277488,1.1497095997226234,-0.3554803646286529,1.3400447427292994,0.7876288659793813,7.385642737896557,8.099476439790577
CFD_ATAS_1209_20260716_1035,atas-mt5-lead-lab-causal-v1,2026-07-16,2026-07-16T10:35:00-04:00,2026-07-16T10:36:00-04:00,2026-07-16T10:36:00-04:00,2026-07-16T14:36:00+00:00,2026-07-16T14:36:00+00:00,LONG,INFERIOR,1.0,10.0,35.0,65.0,3.0,7.0,5.0397,1.7063,12.36428571428561,28.928571428571427,2.3396880415944734,-0.008087810514036044,0.889659156556911,-0.1860196418254771,0.6049382716049383,0.12962962962962965,0.3888888888888889,-0.6130260821189744,0.7600295269272813,-0.574908530714366,1.0,2.0,0.4605879270223711,0.7359907567878723,0.8209876543209877,0.02426343154240236,0.6049382716049383,0.05542168674697528,0.1232876712328767,2.03004043905247,1.5123456790123457,1.0174742548891094,0.05214033573177798,1.0415162454873286,0.7248322147651006,9.50317735413064,9.549382716049383
CFD_ATAS_1210_20260716_1047,atas-mt5-lead-lab-causal-v1,2026-07-16,2026-07-16T10:47:00-04:00,2026-07-16T10:48:00-04:00,2026-07-16T10:48:00-04:00,2026-07-16T14:48:00+00:00,2026-07-16T14:48:00+00:00,LONG,INFERIOR,1.0,10.0,47.0,77.0,3.0,7.0,5.4276,1.8596,13.628571428571117,26.160714285714285,1.9195492662474232,-0.726415094339479,0.23480083857448222,-1.08595387840668,-0.23890784982935154,-0.5255972696245734,-0.19112627986348124,-0.4875072445101275,0.7603981081990556,-0.8948275985431988,2.0,2.0,-0.1673754536184012,1.372117400419372,1.1945392491467577,-0.7337526205450902,-0.28668941979522183,0.36097560975611187,0.18181818181818182,2.098532494758851,1.242320819112628,0.041608434336463045,0.27383973301540593,1.0890410958904042,0.7834224598930482,9.23060796645718,10.559726962457338
CFD_ATAS_1211_20260716_1052,atas-mt5-lead-lab-causal-v1,2026-07-16,2026-07-16T10:52:00-04:00,2026-07-16T10:53:00-04:00,2026-07-16T10:53:00-04:00,2026-07-16T14:53:00+00:00,2026-07-16T14:53:00+00:00,LONG,INFERIOR,1.0,10.0,52.0,82.0,3.0,7.0,6.8582,3.3136,19.74285714285647,27.321428571428573,1.3838639652677753,0.0962373371923674,2.102026049204124,-0.8154848046311081,-0.3660130718954248,-1.5555555555555554,-2.0130718954248366,0.46225040908779225,3.657581604759679,1.1975870907937285,2.0,3.0,-0.7765879904393455,0.6331403762663024,1.0522875816993464,0.08104196816201299,-0.3660130718954248,0.159563924677924,0.7096774193548387,4.548480463097079,2.8823529411764706,-2.222924291503752,-0.05840193755977571,1.545429130556292,0.8500000000000002,9.725036179450404,10.11111111111111
CFD_ATAS_1212_20260716_1227,atas-mt5-lead-lab-causal-v1,2026-07-16,2026-07-16T12:27:00-04:00,2026-07-16T12:28:00-04:00,2026-07-16T12:28:00-04:00,2026-07-16T16:28:00+00:00,2026-07-16T16:28:00+00:00,SHORT,SUPERIOR,0.0,12.0,27.0,177.0,3.0,7.0,6.7783,2.8959,12.400000000000157,22.678571428571427,1.828917050691221,0.2177419354839269,2.024193548387247,0.943548387096821,-1.2125984251968505,-1.4881889763779528,-1.8188976377952757,1.4303403606807774,3.5123825247652,2.7624460248920966,2.0,4.0,-1.3383004790485937,1.5887096774193934,1.267716535433071,0.25000000000017286,-1.15748031496063,0.24946695095947669,1.0,3.0645161290322194,2.2598425196850394,0.26557127601609865,-0.009230922004998008,0.9917166523850598,0.9495327102803739,15.48387096774174,12.181102362204726
CFD_ATAS_1213_20260716_1258,atas-mt5-lead-lab-causal-v1,2026-07-16,2026-07-16T12:58:00-04:00,2026-07-16T12:59:00-04:00,2026-07-16T13:00:00-04:00,2026-07-16T16:59:00+00:00,2026-07-16T17:00:00+00:00,LONG,INFERIOR,1.0,12.0,58.0,208.0,3.0,7.0,5.3892,2.5112,41.09999999999958,19.910714285714285,0.4844456030587466,0.8053527980535008,0.9440389294403811,0.5815085158150379,0.25112107623318386,-0.31390134529147984,1.0044843049327354,0.554231721820317,1.2579402747318609,-0.4229757891176975,2.0,2.0,1.6409719413461168,0.9318734793187265,1.3183856502242153,0.8272506082725145,0.31390134529147984,0.17407137654769078,0.47058823529411764,2.3819951338199226,2.008968609865471,0.5372900263917575,0.2557245799029381,3.1966666666666024,0.9291666666666667,7.1897810218978835,13.874439461883409
CFD_ATAS_1214_20260716_1319,atas-mt5-lead-lab-causal-v1,2026-07-16,2026-07-16T13:19:00-04:00,2026-07-16T13:20:00-04:00,2026-07-16T13:20:00-04:00,2026-07-16T17:20:00+00:00,2026-07-16T17:20:00+00:00,SHORT,SUPERIOR,0.0,13.0,19.0,229.0,3.0,7.0,7.4963,1.6544,28.335714285714598,17.946428571428573,0.6333501386438045,-1.0022687169145854,0.26468364003024664,-0.47643055205444396,-0.34825870646766166,-0.2786069651741293,-0.5572139303482586,-0.6540100104469238,0.543290605204376,0.08078337829381466,2.0,3.0,0.3120811378196998,1.563398033778631,0.6965174129353233,-0.9387446433073517,-0.34825870646766166,0.1582649472450122,0.18181818181818182,1.9586589362238251,1.880597014925373,-1.0214264791553505,-0.09704837860627921,0.7680542110358266,0.8463157894736844,10.428535417191718,15.393034825870645
CFD_ATAS_1215_20260716_1508,atas-mt5-lead-lab-causal-v1,2026-07-16,2026-07-16T15:08:00-04:00,2026-07-16T15:09:00-04:00,2026-07-16T15:09:00-04:00,2026-07-16T19:09:00+00:00,2026-07-16T19:09:00+00:00,LONG,INFERIOR,1.0,15.0,8.0,338.0,3.0,7.0,5.4753,1.5975,21.971428571428728,20.535714285714285,0.934655396618979,0.050065019505785166,0.9193758127438497,-1.192457737321221,-0.12173913043478261,-2.373913043478261,-2.130434782608696,0.17180414994056778,3.2932888562221105,0.9379770452874747,3.0,4.0,-2.1001203947227816,0.7555266579973277,0.9739130434782609,0.059167750325063995,-0.12173913043478261,0.3933933933933914,0.6862745098039216,2.7171651495448774,3.165217391304348,0.21469442084823515,-0.29924816220217526,0.9386634116570132,1.1138014527845035,13.449284785435536,17.347826086956523
CFD_ATAS_1216_20260717_1024,atas-mt5-lead-lab-causal-v1,2026-07-17,2026-07-17T10:24:00-04:00,2026-07-17T10:25:00-04:00,2026-07-17T10:26:00-04:00,2026-07-17T14:25:00+00:00,2026-07-17T14:26:00+00:00,LONG,INFERIOR,1.0,10.0,24.0,54.0,4.0,7.0,6.9427,1.8502,12.049999999999793,39.107142857142854,3.2454060462359773,0.4813278008298234,0.6804979253112754,0.224066390041558,0.7351598173515982,0.35159817351598177,0.4474885844748859,-0.2538320165217748,0.3288997517952936,-0.22342219443332786,2.0,3.0,0.5609746943461177,0.946058091286444,1.0228310502283107,0.43983402489621276,0.6712328767123288,0.05986696230600959,0.21212121212121213,1.7427385892116483,1.63013698630137,1.262508346941082,0.41247931380960773,0.9496200394032775,0.909657320872274,7.925311203319638,12.210045662100457
CFD_ATAS_1217_20260717_1222,atas-mt5-lead-lab-causal-v1,2026-07-17,2026-07-17T12:22:00-04:00,2026-07-17T12:23:00-04:00,2026-07-17T12:23:00-04:00,2026-07-17T16:23:00+00:00,2026-07-17T16:23:00+00:00,LONG,INFERIOR,1.0,12.0,22.0,172.0,4.0,7.0,5.5126,1.6728,10.549999999999532,27.321428571428573,2.5897088693298373,-0.48341232227476505,-0.3033175355451061,-1.6398104265402882,-0.6862745098039216,-2.333333333333333,-2.287581699346405,0.20286218752915652,2.030015797788227,0.6477712728061169,3.0,4.0,-2.240149840569539,1.0426540284360652,0.9607843137254901,-0.4454976303318423,-0.6862745098039216,0.4792243767313494,0.9259259259259259,2.5971563981045187,2.9281045751633985,-0.38921163137314563,0.20762580816676052,0.876297834470439,0.9107142857142858,20.53080568720491,20.03921568627451
CFD_ATAS_1218_20260717_1306,atas-mt5-lead-lab-causal-v1,2026-07-17,2026-07-17T13:06:00-04:00,2026-07-17T13:07:00-04:00,2026-07-17T13:11:00-04:00,2026-07-17T17:07:00+00:00,2026-07-17T17:11:00+00:00,SHORT,SUPERIOR,0.0,13.0,6.0,216.0,4.0,7.0,9.3517,1.7638,42.278571428571276,22.410714285714285,0.5300726474066584,-0.7994593681364952,-1.2299374894407884,-1.8354451765500652,-0.6135458167330677,-0.5577689243027889,-0.16733067729083667,-0.18591355140342747,-0.6721685651379995,-1.6681144992592285,1.0,2.0,1.006390927841217,1.1542490285521072,1.0597609561752988,-0.8633215070113226,-0.6135458167330677,0.46578631452580566,0.10344827586206896,2.372360195979042,1.561752988047809,-1.5551484439519052,0.1726633619463865,1.1651574803149356,0.9045045045045045,9.83713465112357,27.888446215139442
CFD_ATAS_1219_20260717_1443,atas-mt5-lead-lab-causal-v1,2026-07-17,2026-07-17T14:43:00-04:00,2026-07-17T14:44:00-04:00,2026-07-17T14:47:00-04:00,2026-07-17T18:44:00+00:00,2026-07-17T18:47:00+00:00,SHORT,SUPERIOR,0.0,14.0,43.0,313.0,4.0,7.0,5.5356,2.3079,32.485714285713975,22.053571428571427,0.678869832893586,0.19085312225156337,1.4006156552330828,1.4067722075638,0.3967611336032389,0.8502024291497976,1.9271255060728747,-0.20590801135167552,0.5504132260832852,-0.5203532985090746,0.0,0.0,1.7174480477149547,1.0096745822339364,0.6801619433198381,0.2462620932277948,0.3967611336032389,0.9461697722567581,1.0,2.3733509234828274,2.097165991902834,-1.196983572677603,0.28786255403545596,1.0526559425992057,1.1076233183856503,14.98504837291129,29.1336032388664
CFD_ATAS_1220_20260717_1503,atas-mt5-lead-lab-causal-v1,2026-07-17,2026-07-17T15:03:00-04:00,2026-07-17T15:04:00-04:00,2026-07-17T15:04:00-04:00,2026-07-17T19:04:00+00:00,2026-07-17T19:04:00+00:00,SHORT,SUPERIOR,0.0,15.0,3.0,333.0,4.0,7.0,8.259,3.3281,27.764285714286025,17.767857142857142,0.6399536917931495,0.35657319269364246,2.679701569333699,1.9917674298944716,-0.7035175879396985,0.2814070351758794,1.407035175879397,1.060090780633341,2.3982945341578197,0.5847322540150746,1.0,1.0,0.671113552228605,1.0084898379212648,0.9849246231155779,0.36017494211473744,-0.7035175879396985,0.5914438502673489,0.5,3.475688191407216,2.7437185929648242,-0.3871809934632394,0.25412879245043135,0.9410482992373926,0.8652173913043478,19.66915358888576,36.16080402010051
CFD_ATAS_1221_20260720_1016,atas-mt5-lead-lab-causal-v1,2026-07-20,2026-07-20T10:16:00-04:00,2026-07-20T10:17:00-04:00,2026-07-20T10:19:00-04:00,2026-07-20T14:17:00+00:00,2026-07-20T14:19:00+00:00,SHORT,SUPERIOR,0.0,10.0,16.0,46.0,0.0,7.0,5.1579,1.8935,10.800000000000052,32.857142857142854,3.0423280423280272,-0.2685185185183151,0.5648148148150142,-0.037037037036834745,0.9510869565217392,0.03804347826086957,-0.3423913043478261,-1.2196054750400545,0.5267713365541447,0.30535426731099136,2.0,3.0,0.3437590696240438,0.7870370370370332,1.483695652173913,-0.25925925925919063,0.9510869565217392,0.02173913043466656,0.1267605633802817,2.166666666666791,2.0543478260869565,-1.2783240359791974,-0.0879320607063633,1.1617364579331628,1.041018387553041,7.138888888889056,7.722826086956522
CFD_ATAS_1222_20260720_1105,atas-mt5-lead-lab-causal-v1,2026-07-20,2026-07-20T11:05:00-04:00,2026-07-20T11:06:00-04:00,2026-07-20T11:06:00-04:00,2026-07-20T15:06:00+00:00,2026-07-20T15:06:00+00:00,LONG,INFERIOR,1.0,11.0,5.0,95.0,0.0,7.0,7.728,2.0333,17.714285714285715,29.464285714285715,1.6633064516129032,0.231451612903349,1.1120967741935894,-2.060483870967742,-1.1878787878787878,-1.696969696969697,-0.6787878787878787,1.4193304007821368,2.8090664711632867,-1.3816959921798633,3.0,3.0,-1.3390503465425165,0.7564516129033079,1.909090909090909,0.1975806451612903,-1.1878787878787878,0.45454545454543804,0.25,3.968548387096733,2.503030303030303,0.33613734729200995,-0.3750292740294241,1.4047012177853357,0.9335219236209336,9.10000000000004,10.818181818181818
CFD_ATAS_1223_20260720_1240,atas-mt5-lead-lab-causal-v1,2026-07-20,2026-07-20T12:40:00-04:00,2026-07-20T12:41:00-04:00,2026-07-20T12:41:00-04:00,2026-07-20T16:41:00+00:00,2026-07-20T16:41:00+00:00,SHORT,SUPERIOR,0.0,12.0,40.0,190.0,0.0,7.0,6.4891,2.1242,25.642857142857142,15.892857142857142,0.6197771587743732,-0.0,1.2596100278551248,0.1754874651810585,0.3146067415730337,-0.3146067415730337,-1.0224719101123596,-0.3146067415730337,1.5742167694281584,1.1979593752934181,1.0,2.0,0.18389030701302259,0.9242339832869365,1.1797752808988764,0.0038997214484112184,0.3146067415730337,0.07487520798669066,0.3939393939393939,1.848467966573873,2.5168539325842696,-0.8202136038195591,-0.44898818881218555,2.288810965891,0.905852417302799,8.555988857938775,20.0561797752809
CFD_ATAS_1224_20260720_1248,atas-mt5-lead-lab-causal-v1,2026-07-20,2026-07-20T12:48:00-04:00,2026-07-20T12:49:00-04:00,2026-07-20T12:49:00-04:00,2026-07-20T16:49:00+00:00,2026-07-20T16:49:00+00:00,SHORT,SUPERIOR,0.0,12.0,48.0,198.0,0.0,7.0,6.9308,2.0401,22.00000000000026,26.160714285714285,1.1891233766233626,0.09090909090908984,1.3181818181818026,1.6590909090908896,-0.0,-1.3378839590443687,-0.5733788395904437,0.09090909090908984,2.6560657772261713,2.2324697486813334,2.0,2.0,-0.4966701842919978,0.6681818181818434,0.4300341296928328,0.19090909090912173,0.04778156996587031,0.9240506329113924,0.2727272727272727,2.627272727272663,1.9590443686006827,-0.37819388035817575,-0.4972023324043588,1.8128310771042433,1.4760705289672544,11.127272727272564,12.184300341296929
CFD_ATAS_1225_20260721_1014,atas-mt5-lead-lab-causal-v1,2026-07-21,2026-07-21T10:14:00-04:00,2026-07-21T10:15:00-04:00,2026-07-21T10:15:00-04:00,2026-07-21T14:15:00+00:00,2026-07-21T14:15:00+00:00,LONG,INFERIOR,1.0,10.0,14.0,44.0,1.0,7.0,6.2516,3.4717,7.642857142857143,30.714285714285715,4.018691588785047,0.0,2.656074766355045,2.760747663551211,0.4069767441860465,1.5465116279069766,1.7093023255813953,-0.4069767441860465,1.1095631384480684,1.0514453379698159,0.0,0.0,1.6707494146703623,0.6803738317757961,0.6511627906976744,0.03925233644850293,0.4069767441860465,0.9547511312217165,1.0,3.768224299065325,2.3604651162790695,0.5681116212361446,0.2415105711282652,0.9490022172949004,0.9088507265521796,9.106542056074575,5.901162790697674
CFD_ATAS_1226_20260721_1203,atas-mt5-lead-lab-causal-v1,2026-07-21,2026-07-21T12:03:00-04:00,2026-07-21T12:04:00-04:00,2026-07-21T12:04:00-04:00,2026-07-21T16:04:00+00:00,2026-07-21T16:04:00+00:00,SHORT,SUPERIOR,0.0,12.0,3.0,153.0,1.0,7.0,6.7046,1.6504,8.621428571428364,14.107142857142858,1.6362883181441985,-0.26677713338848874,0.3595691797848517,1.3338856669428656,-0.7974683544303797,-1.240506329113924,-1.1518987341772151,0.5306912210418909,1.6000755088987757,2.485784401120081,2.0,3.0,-0.3889739549450968,0.6611433305717656,0.9746835443037974,-0.2783761391878231,-0.8860759493670886,0.6084656084657959,0.35135135135135137,2.26180613090312,2.569620253164557,0.643178378682138,-0.0758704296299802,0.7977528089887391,0.9404761904761905,10.61309030654541,18.075949367088608
CFD_ATAS_1227_20260721_1348,atas-mt5-lead-lab-causal-v1,2026-07-21,2026-07-21T13:48:00-04:00,2026-07-21T13:49:00-04:00,2026-07-21T13:49:00-04:00,2026-07-21T17:49:00+00:00,2026-07-21T17:49:00+00:00,SHORT,SUPERIOR,0.0,13.0,48.0,258.0,1.0,7.0,5.2319,1.9433,22.99999999999974,8.303571428571429,0.361024844720501,-0.6391304347826475,0.09999999999996949,-0.9347826086956628,-0.0,-1.3548387096774193,-0.6021505376344086,-0.6391304347826475,1.4548387096773887,-0.33263207106125414,2.0,3.0,0.3224488006646229,1.5000000000000169,0.45161290322580644,-0.6086956521739199,-0.0,0.38738738738738737,0.25,1.8869565217390567,1.956989247311828,-1.2633638487127516,0.13147731640081173,0.7610493973055955,0.9393939393939396,8.317391304347888,35.0752688172043
CFD_ATAS_1228_20260721_1430,atas-mt5-lead-lab-causal-v1,2026-07-21,2026-07-21T14:30:00-04:00,2026-07-21T14:31:00-04:00,2026-07-21T14:34:00-04:00,2026-07-21T18:31:00+00:00,2026-07-21T18:34:00+00:00,SHORT,SUPERIOR,0.0,14.0,30.0,300.0,1.0,7.0,7.0631,1.6791,12.664285714285922,7.321428571428571,0.5781161872532335,0.6948674562887072,1.3028764805414337,0.6948674562887072,0.17073170731707318,-0.17073170731707318,1.3658536585365855,0.524135748971634,1.4736081878585068,-0.6709862022478783,2.0,2.0,0.4339724560322172,0.9238578680203469,0.8536585365853658,0.6316976875352406,0.34146341463414637,0.33587786259538277,0.6666666666666666,1.8240270727578924,2.2195121951219514,-0.9359731418097486,-0.37477084363120294,0.6700680272108899,0.8453608247422679,20.15905245346831,40.97560975609756
CFD_ATAS_1229_20260722_1022,atas-mt5-lead-lab-causal-v1,2026-07-22,2026-07-22T10:22:00-04:00,2026-07-22T10:23:00-04:00,2026-07-22T10:23:00-04:00,2026-07-22T14:23:00+00:00,2026-07-22T14:23:00+00:00,LONG,INFERIOR,1.0,10.0,22.0,52.0,2.0,7.0,6.681,2.9651,8.492857142857247,25.982142857142858,3.0592935239696852,-1.0243902439020838,1.1774600504625592,0.7653490328006635,-0.6735395189003436,-0.24054982817869416,0.6735395189003436,-0.3508507250017402,1.4180098786412534,0.09180951390031988,1.0,2.0,-0.17053766934248327,1.259882253995024,0.9140893470790378,-0.9419680403700473,-0.6254295532646048,0.17426273458450478,0.21212121212121213,2.790580319596351,2.5017182130584192,0.763551435904651,0.005845420512913496,1.017543859649164,1.0300884955752212,7.21783010933583,7.457044673539519
CFD_ATAS_1230_20260722_1040,atas-mt5-lead-lab-causal-v1,2026-07-22,2026-07-22T10:40:00-04:00,2026-07-22T10:41:00-04:00,2026-07-22T10:41:00-04:00,2026-07-22T14:41:00+00:00,2026-07-22T14:41:00+00:00,LONG,INFERIOR,1.0,10.0,40.0,70.0,2.0,7.0,5.6249,1.5505,10.028571428571533,21.875,2.1812678062677837,-2.24358974358972,-3.0413105413105095,-4.437321937321891,-0.05714285714285714,-0.2857142857142857,-0.2857142857142857,-2.186446886446863,-2.755596255596224,-4.1516076516076055,3.0,4.0,0.2084368716098834,3.1011396011394234,0.9714285714285714,-2.2535612535614478,-0.05714285714285714,0.9737417943106291,0.1724137931034483,5.633903133903075,1.7714285714285714,2.2771284236201534,0.18603381190633025,1.20000000000005,0.8672566371681416,11.517094017093896,8.857142857142858
CFD_ATAS_1231_20260722_1128,atas-mt5-lead-lab-causal-v1,2026-07-22,2026-07-22T11:28:00-04:00,2026-07-22T11:29:00-04:00,2026-07-22T11:32:00-04:00,2026-07-22T15:29:00+00:00,2026-07-22T15:32:00+00:00,LONG,INFERIOR,1.0,11.0,28.0,118.0,2.0,7.0,5.439,2.4332,10.84285714285709,13.928571428571429,1.2845849802371605,-0.04611330698287242,1.2173913043478992,1.7891963109355842,-0.1794871794871795,0.0,1.435897435897436,0.13337387250430707,1.2173913043478992,0.3532988750381483,2.0,2.0,0.9491646093958899,0.5994729907773415,0.6282051282051282,-0.027667984189656353,-0.1794871794871795,0.6598639455782481,0.7272727272727273,2.646903820816944,2.2435897435897436,1.016498237887112,0.355874537033103,0.9749518304431506,0.6303030303030304,16.379446640316488,18.128205128205128
CFD_ATAS_1232_20260722_1228,atas-mt5-lead-lab-causal-v1,2026-07-22,2026-07-22T12:28:00-04:00,2026-07-22T12:29:00-04:00,2026-07-22T12:31:00-04:00,2026-07-22T16:29:00+00:00,2026-07-22T16:31:00+00:00,SHORT,SUPERIOR,0.0,12.0,28.0,178.0,2.0,7.0,6.3,2.5426,10.742857142857506,10.089285714285714,0.9391622340425214,-1.0518617021275563,0.9494680851064186,-0.24202127659560105,-0.4955752212389381,0.24778761061946905,-0.24778761061946905,-0.5562864808886181,0.7016804744869495,0.005766334023868003,2.0,3.0,0.5189755238302102,1.0332446808508935,0.9911504424778762,-0.8005319148934545,-0.4955752212389381,0.05701754385961903,0.125,2.2992021276595644,1.6106194690265487,-1.3155802069965297,0.1505589412361799,0.8888888888888768,0.7558528428093646,19.41755319148891,25.026548672566374
CFD_ATAS_1233_20260722_1248,atas-mt5-lead-lab-causal-v1,2026-07-22,2026-07-22T12:48:00-04:00,2026-07-22T12:49:00-04:00,2026-07-22T12:51:00-04:00,2026-07-22T16:49:00+00:00,2026-07-22T16:51:00+00:00,SHORT,SUPERIOR,0.0,12.0,48.0,198.0,2.0,7.0,5.0447,1.5473,28.071428571428832,10.0,0.35623409669210865,-0.08549618320615791,0.9938931297709054,0.03206106870221202,-0.75,-0.5,-0.625,0.6645038167938421,1.4938931297709055,0.657061068702212,2.0,3.0,0.6094002362413449,1.0366412213741139,1.0,-0.07480916030542058,-0.75,0.015075376884385365,0.23809523809523808,2.1124681933841782,2.0,-0.9490097354233918,-0.3266737161245845,1.8381665107576473,0.9911504424778762,8.987786259541876,25.25
CFD_ATAS_1234_20260722_1420,atas-mt5-lead-lab-causal-v1,2026-07-22,2026-07-22T14:20:00-04:00,2026-07-22T14:21:00-04:00,2026-07-22T14:21:00-04:00,2026-07-22T18:21:00+00:00,2026-07-22T18:21:00+00:00,SHORT,SUPERIOR,0.0,14.0,20.0,290.0,2.0,7.0,7.7527,1.5418,13.285714285714546,12.767857142857142,0.9610215053763252,-1.0612903225807886,-1.7462365591398055,-1.1139784946238531,-0.7832167832167832,-1.1748251748251748,-1.0769230769230769,-0.27807353936400536,-0.5714113843146307,-0.03705541770077625,2.0,3.0,-0.1454724620240887,1.256989247311858,1.4685314685314685,-1.023655913978639,-0.7832167832167832,0.36633663366342517,0.4074074074074074,2.3860215053763523,1.5664335664335665,-1.3010209779395838,0.24567588068427532,0.5944391179290908,1.153225806451613,27.059139784945707,19.776223776223777
CFD_ATAS_1235_20260723_1044,atas-mt5-lead-lab-causal-v1,2026-07-23,2026-07-23T10:44:00-04:00,2026-07-23T10:45:00-04:00,2026-07-23T10:45:00-04:00,2026-07-23T14:45:00+00:00,2026-07-23T14:45:00+00:00,LONG,INFERIOR,1.0,10.0,44.0,74.0,3.0,7.0,8.1857,1.5222,16.18571428571522,44.910714285714285,2.7747131509265825,0.17299205648714716,0.006178287731820292,-0.2594880847308331,0.027833001988071572,-0.974155069582505,-2.4771371769383697,0.1451590544990756,0.9803333573143252,2.2176490922075365,2.0,4.0,-0.7298322920222877,0.6734333627538021,0.6401590457256462,0.18534863195056298,0.027833001988071572,0.13636363636366322,0.978021978021978,1.4395410414828858,3.2842942345924455,-0.3580979455481203,0.21326100341872944,1.5121788455122809,1.1067106710671069,12.869373345100936,5.7335984095427435
CFD_ATAS_1236_20260723_1050,atas-mt5-lead-lab-causal-v1,2026-07-23,2026-07-23T10:50:00-04:00,2026-07-23T10:51:00-04:00,2026-07-23T10:51:00-04:00,2026-07-23T14:51:00+00:00,2026-07-23T14:51:00+00:00,LONG,INFERIOR,1.0,10.0,50.0,80.0,3.0,7.0,6.3961,1.6391,13.935714285714441,40.44642857142857,2.9023577652485577,0.1004613018963056,0.889800102511366,0.8969759097898413,-0.3708609271523179,-0.8653421633554085,-0.4635761589403974,0.4713222290486235,1.7551422658667746,1.3605520687302386,3.0,4.0,-0.5107168455744521,0.9256791389029596,0.8962472406181016,0.07175807278318731,-0.40176600441501104,0.38461538461538464,0.3191489361702128,2.6550486929779304,1.5143487858719649,-1.3638955198272393,0.18521340477629658,1.2305266477452244,0.9869281045751632,14.96873398257303,6.768211920529802
CFD_ATAS_1237_20260724_1211,atas-mt5-lead-lab-causal-v1,2026-07-24,2026-07-24T12:11:00-04:00,2026-07-24T12:12:00-04:00,2026-07-24T12:12:00-04:00,2026-07-24T16:12:00+00:00,2026-07-24T16:12:00+00:00,LONG,INFERIOR,1.0,12.0,11.0,161.0,4.0,7.0,5.7847,1.5167,10.214285714286493,19.821428571428573,1.9405594405592927,0.6559440559440771,1.4489510489512234,0.5580419580419868,-1.072072072072072,0.18918918918918917,1.2612612612612613,1.728016128016149,1.2597618597620341,-0.7032193032192745,1.0,2.0,0.4939255986058809,1.1846153846155079,1.3873873873873872,0.6363636363635878,-1.072072072072072,0.19587628865980414,0.2857142857142857,2.1146853146853672,2.5855855855855854,0.96595145030105,-0.38402073225138533,0.8596333032762979,0.7115384615384616,12.374825174824373,18.98198198198198
CFD_ATAS_1238_20260724_1513,atas-mt5-lead-lab-causal-v1,2026-07-24,2026-07-24T15:13:00-04:00,2026-07-24T15:14:00-04:00,2026-07-24T15:14:00-04:00,2026-07-24T19:14:00+00:00,2026-07-24T19:14:00+00:00,SHORT,SUPERIOR,0.0,15.0,13.0,343.0,4.0,7.0,7.089,1.9364,19.871428571428364,21.964285714285715,1.1053199137311402,0.9209202012940061,2.586628324945999,1.3084112149532847,0.17073170731707316,-0.3983739837398374,0.3414634146341463,0.750188493976933,2.9850023086858366,0.9669478003191384,2.0,2.0,-0.335169429936857,1.066858375269638,0.5121951219512195,0.9863407620416337,0.17073170731707316,0.3385416666666859,0.23076923076923078,2.6923076923077205,1.7642276422764227,-0.7966899823361723,-0.22748719969604042,0.7554650373387528,1.1081081081081083,22.28324946081975,18.666666666666664
CFD_ATAS_1239_20260727_1033,atas-mt5-lead-lab-causal-v1,2026-07-27,2026-07-27T10:33:00-04:00,2026-07-27T10:34:00-04:00,2026-07-27T10:34:00-04:00,2026-07-27T14:34:00+00:00,2026-07-27T14:34:00+00:00,LONG,INFERIOR,1.0,10.0,33.0,63.0,0.0,7.0,6.8424,3.3492,12.057142857143324,38.214285714285715,3.1694312796207305,-0.04976303317553456,-0.8625592417062484,-1.1445497630333723,-0.45794392523364486,-0.29439252336448596,-1.5046728971962617,0.4081808920581103,-0.5681667183417625,0.36012313416288944,1.0,3.0,0.362594387148032,0.5805687203791244,0.7850467289719626,-0.10781990521350734,-0.45794392523364486,0.17602040816329917,0.8214285714285714,3.0853080568719786,1.8644859813084111,-1.7527215245083694,0.040696865366857134,1.7067745197169268,1.0,9.156398104265168,14.75233644859813
CFD_ATAS_1240_20260727_1117,atas-mt5-lead-lab-causal-v1,2026-07-27,2026-07-27T11:17:00-04:00,2026-07-27T11:18:00-04:00,2026-07-27T11:18:00-04:00,2026-07-27T15:18:00+00:00,2026-07-27T15:18:00+00:00,LONG,INFERIOR,1.0,11.0,17.0,107.0,0.0,7.0,6.5059,1.7294,10.11428571428587,34.19642857142857,3.381002824858705,-0.5635593220339615,0.8799435028249891,-0.9491525423727228,-0.4386422976501306,-1.3524804177545693,-2.0469973890339426,-0.12491702438383095,2.232423920579558,1.0978448466612196,3.0,5.0,-1.2889416628320247,0.652542372881202,0.6214099216710183,-0.5437853107344549,-0.4386422976501306,0.24742268041231508,1.0,2.1257062146892327,2.668407310704961,-2.6423425728791687,-0.17203675596519552,1.2453825857519703,0.8948598130841121,12.259887005649528,19.775456919060055
CFD_ATAS_1241_20260727_1152,atas-mt5-lead-lab-causal-v1,2026-07-27,2026-07-27T11:52:00-04:00,2026-07-27T11:53:00-04:00,2026-07-27T11:53:00-04:00,2026-07-27T15:53:00+00:00,2026-07-27T15:53:00+00:00,SHORT,SUPERIOR,0.0,11.0,52.0,142.0,0.0,7.0,7.3108,3.0959,8.671428571428676,26.875,3.0992586490938674,-0.8649093904448002,0.3228995057659748,0.46128500823722673,0.6046511627906976,0.13953488372093023,-0.046511627906976744,-1.4695605532354978,0.18336462204504458,0.5077966361442035,2.0,3.0,0.4026383525754195,1.0840197693576508,1.069767441860465,-0.968698517298344,0.6511627906976745,0.1470588235294275,0.037037037037037035,2.871499176276904,1.5348837209302326,-1.15893820770141,-0.21926668838016478,0.9688747007183075,0.7931488801054019,14.887973640856744,25.162790697674417
CFD_ATAS_1242_20260728_1017,atas-mt5-lead-lab-causal-v1,2026-07-28,2026-07-28T10:17:00-04:00,2026-07-28T10:18:00-04:00,2026-07-28T10:18:00-04:00,2026-07-28T14:18:00+00:00,2026-07-28T14:18:00+00:00,LONG,INFERIOR,1.0,10.0,17.0,47.0,1.0,7.0,6.2726,5.0484,16.7285714285707,47.05357142857143,2.8127668659266813,0.35269000853959454,2.7079419299744556,2.343296327924996,0.2656546489563567,-0.15939278937381404,-0.8235294117647058,0.08703535958323783,2.8673347193482694,3.1668257396897017,1.0,3.0,-0.05345012370820167,0.7113578138344476,0.45161290322580644,0.3706233988045003,0.23908918406072105,0.564841498559106,0.4246575342465753,4.190435525192239,1.7533206831119543,-1.6993759108094804,0.2938647177432305,1.2281069743051565,0.979553903345725,6.832621690862765,8.261859582542694
CFD_ATAS_1243_20260728_1109,atas-mt5-lead-lab-causal-v1,2026-07-28,2026-07-28T11:09:00-04:00,2026-07-28T11:10:00-04:00,2026-07-28T11:10:00-04:00,2026-07-28T15:10:00+00:00,2026-07-28T15:10:00+00:00,SHORT,SUPERIOR,0.0,11.0,9.0,99.0,1.0,7.0,7.9729,2.044,15.650000000000157,29.107142857142858,1.8598813327247645,-0.5239616613418943,0.22364217252395943,0.28115015974449914,-0.9447852760736196,-0.5153374233128835,-1.5460122699386503,0.42082361473172536,0.7389795958368429,1.8271624296831495,2.0,4.0,0.1301865756456159,1.1884984025560381,1.030674846625767,-0.5495207667730645,-0.9447852760736196,0.1582733812949998,0.6206896551724138,1.993610223642199,2.361963190184049,-0.6017499952354547,0.08592546902080736,0.9816308243727344,0.7350620067643743,9.68051118210853,13.355828220858896
CFD_ATAS_1244_20260728_1356,atas-mt5-lead-lab-causal-v1,2026-07-28,2026-07-28T13:56:00-04:00,2026-07-28T13:57:00-04:00,2026-07-28T13:59:00-04:00,2026-07-28T17:57:00+00:00,2026-07-28T17:59:00+00:00,SHORT,SUPERIOR,0.0,13.0,56.0,266.0,1.0,7.0,7.1053,1.6389,30.464285714284934,18.839285714285715,0.6184056271981402,0.4759671746776206,1.0110199296600255,1.2243845252051657,-0.995260663507109,0.06635071090047392,0.3981042654028436,1.4712278381847295,0.9446692187595516,0.8262802598023221,1.0,2.0,0.7889112020590865,0.8534583821805611,1.0616113744075828,0.4398593200468329,-0.928909952606635,0.42628571428568823,0.13043478260869565,1.7233294255569023,2.1895734597156395,-0.87106186187332,0.09889452682983707,0.7242931136961707,1.0343137254901962,14.036107854631027,25.279620853080566
CFD_ATAS_1245_20260728_1429,atas-mt5-lead-lab-causal-v1,2026-07-28,2026-07-28T14:29:00-04:00,2026-07-28T14:30:00-04:00,2026-07-28T14:30:00-04:00,2026-07-28T18:30:00+00:00,2026-07-28T18:30:00+00:00,SHORT,SUPERIOR,0.0,14.0,29.0,299.0,1.0,7.0,9.016,1.7867,24.27857142857153,15.178571428571429,0.6251838776110594,0.2553692262428917,1.4539570461900198,0.36245954692553484,-0.4941176470588235,-0.0,-0.0,0.7494868733017153,1.4539570461900198,0.36245954692553484,1.0,2.0,0.6012744830453919,0.7908208296558077,0.4941176470588235,0.36245954692553484,-0.32941176470588235,0.1423948220064624,0.0,2.170638423065628,1.4,-0.9572658770934982,0.32187061386405563,0.7483487450462402,0.8374384236453202,17.612238893792156,31.376470588235293
CFD_ATAS_1246_20260728_1452,atas-mt5-lead-lab-causal-v1,2026-07-28,2026-07-28T14:52:00-04:00,2026-07-28T14:53:00-04:00,2026-07-28T14:57:00-04:00,2026-07-28T18:53:00+00:00,2026-07-28T18:57:00+00:00,SHORT,SUPERIOR,0.0,14.0,52.0,322.0,1.0,7.0,6.6788,2.7833,17.61428571428587,16.517857142857142,0.9377534468775262,-0.26682887266832767,0.8118410381183618,0.8913219789130467,0.7567567567567568,0.15135135135135136,0.6810810810810811,-1.0235856294250845,0.6604896867670105,0.21024089783196553,1.0,2.0,1.2072420942950428,1.0502838605028293,1.0594594594594595,-0.26115166261163825,0.7567567567567568,0.3001912045888378,0.2727272727272727,2.849959448499404,1.7405405405405405,-0.5131741676333029,0.25212696428845793,0.6239089184060892,0.9866666666666665,25.956204379561647,28.832432432432434
CFD_ATAS_1247_20260728_1534,atas-mt5-lead-lab-causal-v1,2026-07-28,2026-07-28T15:34:00-04:00,2026-07-28T15:35:00-04:00,2026-07-28T15:35:00-04:00,2026-07-28T19:35:00+00:00,2026-07-28T19:35:00+00:00,LONG,INFERIOR,1.0,15.0,34.0,364.0,1.0,7.0,5.0919,2.311,18.078571428571585,15.982142857142858,0.8840379296720587,-0.00553141050980066,0.6361122086131908,-1.0564994073489855,0.0782122905027933,-0.547486033519553,-1.094972067039106,-0.08374370101259396,1.183598242132744,0.03847265969012059,2.0,4.0,0.09533686463180643,1.1173449229553842,0.7039106145251396,0.02212564203859894,0.0782122905027933,0.3146622734761442,0.875,2.284472540497767,1.7988826815642458,0.978751961235955,0.14029661857447007,0.9892515145593123,1.0170454545454546,25.62702489134703,29.798882681564244
CFD_ATAS_1248_20260729_1120,atas-mt5-lead-lab-causal-v1,2026-07-29,2026-07-29T11:20:00-04:00,2026-07-29T11:21:00-04:00,2026-07-29T11:21:00-04:00,2026-07-29T15:21:00+00:00,2026-07-29T15:21:00+00:00,LONG,INFERIOR,1.0,11.0,20.0,110.0,2.0,7.0,6.9295,1.7525,20.028571428571272,33.92857142857143,1.6940085592011545,0.32453637660485274,-0.4493580599144115,-2.2467902995720577,0.22105263157894736,-0.9578947368421052,-0.7368421052631579,0.10348374502590538,0.5085366769276938,-1.5099481943088997,1.0,2.0,0.012386812483248496,0.609129814550683,0.7736842105263158,0.28958630527813994,0.18421052631578946,0.5079006772009113,0.29411764705882354,3.624821683309695,2.2842105263157895,0.6988255736326735,-0.2342776849032284,1.6041189931349722,1.0368349249658935,7.69900142653362,14.33157894736842
CFD_ATAS_1249_20260729_1159,atas-mt5-lead-lab-causal-v1,2026-07-29,2026-07-29T11:59:00-04:00,2026-07-29T12:00:00-04:00,2026-07-29T12:00:00-04:00,2026-07-29T16:00:00+00:00,2026-07-29T16:00:00+00:00,SHORT,SUPERIOR,0.0,11.0,59.0,149.0,2.0,7.0,5.8163,2.5915,10.65714285714291,23.839285714285715,2.236930294906155,-0.06568364611266848,1.4168900804291522,1.651474530831296,-1.048689138576779,-1.3632958801498127,-1.048689138576779,0.9830054924641104,2.780185960578965,2.7001636694080746,3.0,4.0,-1.0727224790085454,0.7037533512064308,1.2584269662921348,-0.15951742627352594,-0.9962546816479401,0.9072164948455754,0.45454545454545453,2.4959785522790128,2.411985018726592,-0.21641281346422722,-0.028431684828307158,0.7535353535353919,0.7899408284023668,16.702412868632624,22.284644194756552
CFD_ATAS_1250_20260729_1518,atas-mt5-lead-lab-causal-v1,2026-07-29,2026-07-29T15:18:00-04:00,2026-07-29T15:19:00-04:00,2026-07-29T15:19:00-04:00,2026-07-29T19:19:00+00:00,2026-07-29T19:19:00+00:00,LONG,INFERIOR,1.0,15.0,18.0,348.0,2.0,7.0,6.7565,1.6062,20.057142857142804,45.892857142857146,2.2881054131054195,0.5534188034187324,0.8027065527064823,0.32407407407407496,-0.43579766536964976,-2.2879377431906613,-1.7976653696498053,0.9892164687883822,3.0906442958971434,2.12173944372388,3.0,4.0,-1.803842966366844,0.9223646723646748,0.9260700389105058,0.5683760683761424,-0.4630350194552529,0.10673234811165591,0.6111111111111112,1.9693732193732245,2.88715953307393,-2.0828268712103952,0.009505087464669904,0.8126175661988259,1.1498881431767338,30.617521367521377,15.035019455252918
CFD_ATAS_1251_20260730_1013,atas-mt5-lead-lab-causal-v1,2026-07-30,2026-07-30T10:13:00-04:00,2026-07-30T10:14:00-04:00,2026-07-30T10:14:00-04:00,2026-07-30T14:14:00+00:00,2026-07-30T14:14:00+00:00,SHORT,SUPERIOR,0.0,10.0,13.0,43.0,3.0,7.0,6.0331,1.782,13.86428571428613,30.178571428571427,2.176713034518224,1.0674909840287667,0.7357032457496441,1.0386398763522071,0.7455621301775148,-0.20710059171597633,-0.0,0.3219288538512519,0.9428038374656205,1.0386398763522071,2.0,2.0,0.3203273798851572,1.384853168469872,1.0769230769230769,1.0242143225141898,0.7869822485207101,0.42857142857142855,0.0,2.2215352910869495,1.6568047337278107,-1.1232389799521874,0.1995188606527937,1.0226554267650503,0.8009478672985781,5.719732096857066,12.2603550295858
CFD_ATAS_1252_20260730_1021,atas-mt5-lead-lab-causal-v1,2026-07-30,2026-07-30T10:21:00-04:00,2026-07-30T10:22:00-04:00,2026-07-30T10:22:00-04:00,2026-07-30T14:22:00+00:00,2026-07-30T14:22:00+00:00,SHORT,SUPERIOR,0.0,10.0,21.0,51.0,3.0,7.0,7.1901,2.0867,11.778571428571533,32.05357142857143,2.721346270466926,0.059429957549782704,0.8659793814430442,0.4244996967859271,-0.935933147632312,-1.4818941504178271,-0.7799442896935933,0.9953631051820947,2.347873531860871,1.2044439864795204,3.0,3.0,-1.0711960587998648,0.6707095209218884,1.2479108635097493,0.06791995148568657,-0.8969359331476322,0.3012048192771348,0.35714285714285715,2.334748332322599,2.651810584958217,0.6869746945329663,0.18296795132891988,0.9006007646095182,0.8609112709832135,8.090964220739709,11.54317548746518
CFD_ATAS_1253_20260731_1011,atas-mt5-lead-lab-causal-v1,2026-07-31,2026-07-31T10:11:00-04:00,2026-07-31T10:12:00-04:00,2026-07-31T10:12:00-04:00,2026-07-31T14:12:00+00:00,2026-07-31T14:12:00+00:00,SHORT,SUPERIOR,0.0,10.0,11.0,41.0,4.0,7.0,5.5051,1.7773,13.350000000000884,55.535714285714285,4.15997859818057,0.4719101123597373,1.1610486891385,1.2209737827716727,-0.7652733118971061,-0.36012861736334406,0.7652733118971061,1.2371834242568434,1.521177306501844,0.45570047087456655,2.0,2.0,-0.15551223954954335,0.6142322097378415,0.8778135048231511,0.5093632958803341,-0.7427652733118971,0.4540389972145473,0.3148148148148148,2.0524344569285393,2.0707395498392285,-1.2307396307868146,-0.12432740664361462,1.287190082644707,1.0247116968698518,5.4756554307111385,11.231511254019292
CFD_ATAS_1254_20260731_1025,atas-mt5-lead-lab-causal-v1,2026-07-31,2026-07-31T10:25:00-04:00,2026-07-31T10:26:00-04:00,2026-07-31T10:26:00-04:00,2026-07-31T14:26:00+00:00,2026-07-31T14:26:00+00:00,LONG,INFERIOR,1.0,10.0,25.0,55.0,4.0,7.0,6.3508,1.5369,11.335714285714078,53.392857142857146,4.7101449275363185,-0.8204158790169641,-0.652804032766045,-0.07057340894763717,0.0,-0.7725752508361203,-0.5384615384615384,-0.8204158790169641,0.11977121807007529,0.46788812951390124,2.0,3.0,-0.5512828195985328,1.2879647132957424,0.8193979933110367,-0.8292375551352984,0.023411371237458192,0.04494382022468006,0.2987012987012987,1.5879017013232806,1.591973244147157,0.9533305161246675,-0.05394814246594565,0.9949843260188131,0.9851729818780891,6.448645242596084,12.103678929765886
CFD_ATAS_1255_20260731_1109,atas-mt5-lead-lab-causal-v1,2026-07-31,2026-07-31T11:09:00-04:00,2026-07-31T11:10:00-04:00,2026-07-31T11:10:00-04:00,2026-07-31T15:10:00+00:00,2026-07-31T15:10:00+00:00,LONG,INFERIOR,1.0,11.0,9.0,99.0,4.0,7.0,5.7252,1.5971,11.085714285714078,35.0,3.15721649484542,-0.3067010309279721,-1.100515463917612,-1.181701030927726,-0.35714285714285715,-0.8214285714285714,-1.2857142857142858,0.05044182621488508,-0.2790868924890406,0.10401325478655976,3.0,4.0,-0.4424988450121808,0.8028350515465381,1.0357142857142858,-0.2164948453609601,-0.35714285714285715,0.4295081967212638,0.8181818181818182,1.840206185567176,2.4285714285714284,0.14836257917497594,0.49765791878978394,0.9210682492581629,0.9095127610208815,11.72680412371156,18.464285714285715
CFD_ATAS_1256_20260731_1122,atas-mt5-lead-lab-causal-v1,2026-07-31,2026-07-31T11:22:00-04:00,2026-07-31T11:23:00-04:00,2026-07-31T11:23:00-04:00,2026-07-31T15:23:00+00:00,2026-07-31T15:23:00+00:00,LONG,INFERIOR,1.0,11.0,22.0,112.0,4.0,7.0,8.6393,2.7541,12.957142857142442,39.82142857142857,3.073318632855666,-1.1036383682469473,0.8721058434398836,-0.19294377067255306,-0.1883408071748879,-1.1614349775784754,-0.9730941704035875,-0.9152975610720594,2.033540821018359,0.7801503997310344,3.0,3.0,-1.0036148559109328,1.1576626240353183,0.7847533632286996,-1.1499448732082478,-0.2197309417040359,0.04655493482309377,0.7209302325581395,2.5931642778392816,1.6636771300448432,-1.869508226785676,-0.036141402260935145,1.1003942978465135,1.0644391408114557,13.544652701213224,16.22869955156951
CFD_ATAS_1257_20260731_1126,atas-mt5-lead-lab-causal-v1,2026-07-31,2026-07-31T11:26:00-04:00,2026-07-31T11:27:00-04:00,2026-07-31T11:27:00-04:00,2026-07-31T15:27:00+00:00,2026-07-31T15:27:00+00:00,LONG,INFERIOR,1.0,11.0,26.0,116.0,4.0,7.0,5.4922,3.1103,13.792857142856779,37.5,2.7187985499741787,-0.1377524598654639,1.551527705851773,0.5872604867943171,-0.9666666666666667,-2.033333333333333,-2.1333333333333333,0.8289142068012028,3.584861039185106,2.7205938201276503,3.0,4.0,-1.528882451801231,0.551009839461328,1.4666666666666666,-0.09425168306598253,-0.9666666666666667,0.19999999999996407,0.9142857142857143,3.1393060590367985,2.8,-3.510464233145631,-0.2867160205173734,1.1402421021553162,1.0023866348448687,12.75297773174539,17.233333333333334
CFD_ATAS_1258_20260731_1507,atas-mt5-lead-lab-causal-v1,2026-07-31,2026-07-31T15:07:00-04:00,2026-07-31T15:08:00-04:00,2026-07-31T15:10:00-04:00,2026-07-31T19:08:00+00:00,2026-07-31T19:10:00+00:00,SHORT,SUPERIOR,0.0,15.0,7.0,337.0,4.0,7.0,5.408,2.0738,25.05000000000005,15.357142857142858,0.613059595095522,0.3033932135727956,1.2934131736526049,0.9221556886226946,-0.4883720930232558,-0.0813953488372093,0.813953488372093,0.7917653065960514,1.374808522489814,0.10820220025060157,2.0,2.0,0.9830934440350596,1.0059880239521228,1.1395348837209303,0.25948103792415117,-0.4069767441860465,0.5539568345323779,0.29411764705882354,2.502994011976072,2.2790697674418605,-0.3462246398361496,0.28585189761425045,0.7805475183618928,1.1241830065359477,25.708582834331285,42.081395348837205
CFD_ATAS_1259_20260803_1006,atas-mt5-lead-lab-causal-v1,2026-08-03,2026-08-03T10:06:00-04:00,2026-08-03T10:07:00-04:00,2026-08-03T10:07:00-04:00,2026-08-03T14:07:00+00:00,2026-08-03T14:07:00+00:00,LONG,INFERIOR,1.0,10.0,6.0,36.0,0.0,8.0,5.1537,1.5485,14.714285714285975,37.05357142857143,2.5182038834951013,-2.2019417475728753,-2.140776699029088,-1.7805825242718627,0.26987951807228916,0.40481927710843374,0.0,-2.4718212656451644,-2.545595976137522,-1.7805825242718627,1.0,2.0,0.9073755133071919,2.3378640776699604,0.7421686746987951,-2.208737864077631,0.26987951807228916,0.6238095238095952,0.0,2.358252427184474,2.057831325301205,1.7288512376478156,0.38001543822938677,1.4798850574713407,0.8350100603621731,5.3281553398058294,8.501204819277108
CFD_ATAS_1260_20260803_1109,atas-mt5-lead-lab-causal-v1,2026-08-03,2026-08-03T11:09:00-04:00,2026-08-03T11:10:00-04:00,2026-08-03T11:10:00-04:00,2026-08-03T15:10:00+00:00,2026-08-03T15:10:00+00:00,LONG,INFERIOR,1.0,11.0,9.0,99.0,0.0,8.0,7.299,2.5477,12.792857142857299,15.267857142857142,1.1934673366834025,0.179787828028975,2.4310441094359256,1.5790061418202497,-0.8187134502923977,-0.736842105263158,-1.6374269005847955,0.9985012783213727,3.1678862146990836,3.216433042405045,2.0,4.0,-0.596810250218831,0.6018983807929027,1.3099415204678364,0.2501395868230577,-0.736842105263158,0.4809523809524399,0.5882352941176471,2.7515354550530664,2.374269005847953,-0.7759775000757397,-0.1680768186269445,0.9451187335092373,0.7755102040816326,12.772752652149595,32.09356725146199
CFD_ATAS_1261_20260803_1148,atas-mt5-lead-lab-causal-v1,2026-08-03,2026-08-03T11:48:00-04:00,2026-08-03T11:49:00-04:00,2026-08-03T11:49:00-04:00,2026-08-03T15:49:00+00:00,2026-08-03T15:49:00+00:00,SHORT,SUPERIOR,0.0,11.0,48.0,138.0,0.0,8.0,5.817,2.4002,11.949999999999948,14.375,1.2029288702928922,0.6945606694560091,2.09205020920503,1.238493723849317,0.34782608695652173,0.5217391304347826,0.17391304347826086,0.3467345824994874,1.5703110787702474,1.0645806803710562,0.0,1.0,0.9170972106391159,1.0041841004184144,0.782608695652174,0.7029288702927075,0.34782608695652173,0.37185929648240057,0.2,2.7698744769873382,1.1304347826086956,0.7740665699201489,0.07467673759958965,0.9538198403648681,0.7950617283950616,13.673640167364198,34.08695652173913
CFD_ATAS_1262_20260805_1008,atas-mt5-lead-lab-causal-v1,2026-08-05,2026-08-05T10:08:00-04:00,2026-08-05T10:09:00-04:00,2026-08-05T10:09:00-04:00,2026-08-05T14:09:00+00:00,2026-08-05T14:09:00+00:00,SHORT,SUPERIOR,0.0,10.0,8.0,38.0,2.0,8.0,6.5806,1.8642,11.142857142856624,39.642857142857146,3.5576923076924736,-1.3371794871793536,-0.20641025641020072,-0.1166666666666068,-0.09459459459459459,-0.5045045045045045,-1.009009009009009,-1.2425848925847591,0.29809424809430374,0.8923423423424022,3.0,5.0,-0.4156383248188413,1.9474358974360535,0.5990990990990991,-1.3641025641023665,-0.03153153153153153,0.028824833702869607,1.0,2.0371794871796474,2.207207207207207,-0.7360765244942444,-0.4415102152208044,1.0905277874869028,0.9249999999999999,6.335897435897601,4.13063063063063
CFD_ATAS_1263_20260805_1224,atas-mt5-lead-lab-causal-v1,2026-08-05,2026-08-05T12:24:00-04:00,2026-08-05T12:25:00-04:00,2026-08-05T12:25:00-04:00,2026-08-05T16:25:00+00:00,2026-08-05T16:25:00+00:00,LONG,INFERIOR,1.0,12.0,24.0,174.0,2.0,8.0,5.4584,1.5873,9.25000000000026,22.946428571428573,2.4806949806949112,0.594594594594578,-0.09729729729705859,-0.8432432432431409,0.16342412451361868,-0.8715953307392995,1.2529182879377432,0.4311704700809593,0.7742980334422409,-2.096161531180884,1.0,1.0,-0.4794175860629207,1.4918918918921646,1.0350194552529182,0.627027027027324,0.16342412451361868,0.35779816513759327,0.35384615384615387,2.735135135135373,2.614785992217899,1.283101580776924,-0.04752645145556883,1.025742574257425,1.015810276679842,12.313513513512932,16.233463035019454
CFD_ATAS_1264_20260805_1238,atas-mt5-lead-lab-causal-v1,2026-08-05,2026-08-05T12:38:00-04:00,2026-08-05T12:39:00-04:00,2026-08-05T12:39:00-04:00,2026-08-05T16:39:00+00:00,2026-08-05T16:39:00+00:00,SHORT,SUPERIOR,0.0,12.0,38.0,188.0,2.0,8.0,5.0744,4.4909,36.37142857142836,21.785714285714285,0.5989787902592336,-0.9485467399842946,0.9732914375490422,0.6241162608012805,-0.45901639344262296,-0.9180327868852459,-1.2622950819672132,-0.48953034654167166,1.891324224434288,1.8864113427684936,2.0,3.0,-0.2502029496908749,1.67439120188536,0.7459016393442623,-0.9375490966222179,-0.4016393442622951,0.15885234429671852,0.55,3.068342498036213,1.4918032786885247,-0.33216714000492603,0.01996111468759313,4.033267326732534,0.9644268774703556,5.14139827179893,17.098360655737707
CFD_ATAS_1265_20260806_1142,atas-mt5-lead-lab-causal-v1,2026-08-06,2026-08-06T11:42:00-04:00,2026-08-06T11:43:00-04:00,2026-08-06T11:46:00-04:00,2026-08-06T15:43:00+00:00,2026-08-06T15:46:00+00:00,SHORT,SUPERIOR,0.0,11.0,42.0,132.0,3.0,8.0,5.8545,2.0958,12.378571428571636,22.321428571428573,1.8032313906520183,0.5978072706290747,0.8482400461627094,0.42815926139635646,0.44799999999999995,0.39199999999999996,0.22399999999999998,0.14980727062907473,0.45624004616270947,0.20415926139635648,1.0,2.0,0.7668031841813586,1.0178880553954277,0.8959999999999999,0.5735718407384764,0.39199999999999996,0.16932907348236945,0.14285714285714285,1.9953837276399562,1.5119999999999998,-1.0730787473189618,0.14729108686765158,0.9662670755505941,0.8264462809917357,12.448932487016409,19.936
CFD_ATAS_1266_20260806_1255,atas-mt5-lead-lab-causal-v1,2026-08-06,2026-08-06T12:55:00-04:00,2026-08-06T12:56:00-04:00,2026-08-06T13:00:00-04:00,2026-08-06T16:56:00+00:00,2026-08-06T17:00:00+00:00,SHORT,SUPERIOR,0.0,12.0,55.0,205.0,3.0,8.0,9.38,1.7987,30.685714285714443,18.75,0.6110335195530695,-0.39432029795153345,0.12383612662939837,0.550744878957214,-0.9333333333333333,-0.06666666666666667,-0.9333333333333333,0.5390130353817999,0.19050279329606504,1.4840782122905474,1.0,3.0,1.717135817251983,1.0689013035381458,0.9333333333333333,-0.3812849162011391,-0.8666666666666667,0.2256341789052439,0.35,2.056331471136001,1.5333333333333334,-0.40525096311235503,-0.12439969393598993,2.312163616792316,0.855397148676171,10.043761638733677,23.733333333333334
CFD_ATAS_1267_20260806_1325,atas-mt5-lead-lab-causal-v1,2026-08-06,2026-08-06T13:25:00-04:00,2026-08-06T13:26:00-04:00,2026-08-06T13:26:00-04:00,2026-08-06T17:26:00+00:00,2026-08-06T17:26:00+00:00,SHORT,SUPERIOR,0.0,13.0,25.0,235.0,3.0,8.0,7.853,1.5324,24.692857142857196,16.25,0.658085044836562,0.4940700028927099,1.3809661556262036,1.1136823835695666,-1.3846153846153846,-0.8461538461538461,0.15384615384615385,1.8786853875080944,2.2271200017800497,0.9598362297234128,1.0,1.0,-0.13860768360967857,1.7251952560022514,1.4615384615384615,0.5548163147237771,-1.3846153846153846,0.571725571725589,0.05263157894736842,2.8105293607172905,1.8461538461538463,-0.1319909466412199,-0.19414626762791534,0.7938913767367096,0.8605200945626479,17.328897888342368,27.384615384615383
CFD_ATAS_1268_20260806_1440,atas-mt5-lead-lab-causal-v1,2026-08-06,2026-08-06T14:40:00-04:00,2026-08-06T14:41:00-04:00,2026-08-06T14:41:00-04:00,2026-08-06T18:41:00+00:00,2026-08-06T18:41:00+00:00,LONG,INFERIOR,1.0,14.0,40.0,310.0,3.0,8.0,5.3643,1.7148,22.350000000000104,11.785714285714286,0.5273250239693168,0.5279642058165198,0.6890380313199724,0.10290827740488867,0.3181818181818182,-0.9545454545454545,-1.0606060606060606,0.20978238763470164,1.643583485865427,1.1635143380109492,2.0,3.0,0.8410866366724914,1.033557046979796,0.8484848484848484,0.5145413870246061,0.3181818181818182,0.04842105263156734,0.45454545454545453,1.9597315436241194,2.333333333333333,-1.552958037228779,-0.02718798596996809,0.8536352475787637,0.7927927927927928,20.040268456375646,37.75757575757576
CFD_ATAS_1269_20260807_1004,atas-mt5-lead-lab-causal-v1,2026-08-07,2026-08-07T10:04:00-04:00,2026-08-07T10:05:00-04:00,2026-08-07T10:06:00-04:00,2026-08-07T14:05:00+00:00,2026-08-07T14:06:00+00:00,SHORT,SUPERIOR,0.0,10.0,4.0,34.0,4.0,8.0,5.2958,2.3084,7.814285714285818,40.0,5.118829981718396,-0.30712979890282444,-0.3967093235829895,-3.5703839122483023,0.84375,1.09375,1.4375,-1.1508797989028245,-1.4904593235829895,-5.007883912248302,1.0,2.0,1.3273924664704282,0.6398537477147995,0.90625,-0.3327239488115096,0.84375,0.6533957845432633,0.4423076923076923,4.325411334551952,2.40625,-2.5438661960945823,0.2786587519521957,1.3398652786283154,1.0101465614430665,4.990859232175437,5.0625
CFD_ATAS_1270_20260807_1530,atas-mt5-lead-lab-causal-v1,2026-08-07,2026-08-07T15:30:00-04:00,2026-08-07T15:31:00-04:00,2026-08-07T15:34:00-04:00,2026-08-07T19:31:00+00:00,2026-08-07T19:34:00+00:00,LONG,INFERIOR,1.0,15.0,30.0,360.0,4.0,8.0,7.2585,1.5716,22.764285714285766,13.392857142857142,0.5883275807969864,-1.603388766865387,-1.5067461562597702,-1.9548164417947869,-1.8666666666666667,-1.3066666666666666,-1.0266666666666666,0.2632778998012797,-0.2000794895931035,-0.9281497751281202,1.0,2.0,0.30984796064544934,1.9548164417947869,1.96,-1.6868528396611835,-1.8666666666666667,0.6573116691285363,0.3142857142857143,2.112958895513113,1.96,1.8852975797255445,0.4399446947861005,1.6079717457114004,1.1450381679389312,13.266394728584846,21.746666666666666
CFD_ATAS_1271_20260807_1553,atas-mt5-lead-lab-causal-v1,2026-08-07,2026-08-07T15:53:00-04:00,2026-08-07T15:54:00-04:00,2026-08-07T15:54:00-04:00,2026-08-07T19:54:00+00:00,2026-08-07T19:54:00+00:00,SHORT,SUPERIOR,0.0,15.0,53.0,383.0,4.0,8.0,8.1723,2.6142,13.514285714285506,13.214285714285714,0.9778012684989579,-0.45137420718805993,1.9016913319239732,0.4069767441860528,-1.3243243243243243,-1.3243243243243243,-2.7432432432432434,0.8729501171362644,3.226015656248298,3.1502199874292964,2.0,3.0,-1.1418137211670762,0.8731501057082048,1.6081081081081081,-0.5179704016913399,-1.3243243243243243,0.09466437177280788,0.7837837837837838,2.952431289640745,3.310810810810811,1.9636478963633968,-0.04420619271188371,0.9204573096569906,1.0459363957597172,22.346723044397805,22.04054054054054
