iteration,roc_auc
0,0.5660218671152228
1,0.6904962153069806
2,0.6610597140454163
3,0.8107653490328006
4,0.6947014297729184
5,0.6677880571909167
6,0.6417157275021026
7,0.6837678721614803
8,0.8259041211101766
9,0.6206896551724137
10,0.6433978132884777
11,0.6425567703952902
12,0.6669470142977292
13,0.672834314550042
14,0.7157275021026072
15,0.8040370058873003
16,0.802354920100925
17,0.6980656013456686
18,0.6349873843566022
19,0.8158116063919258
20,0.6375105130361649
21,0.6812447434819175
22,0.7232968881412952
23,0.6526492851135408
24,0.785534062237174
25,0.6854499579478553
26,0.817493692178301
27,0.6476030277544155
28,0.7224558452481076
29,0.7325483599663583
30,0.6257359125315392
31,0.7190916736753574
32,0.6829268292682926
33,0.776282590412111
34,0.6921783010933558
35,0.6568544995794785
36,0.592094196804037
37,0.6097560975609756
38,0.5634987384356602
39,0.6812447434819175
40,0.6854499579478553
41,0.7005887300252314
42,0.7207737594617326
43,0.6829268292682927
44,0.5887300252312868
45,0.6366694701429773
46,0.7132043734230445
47,0.6972245584524811
48,0.6627417998317915
49,0.7224558452481077
50,0.6896551724137931
51,0.687973086627418
52,0.7317073170731708
53,0.753574432296047
54,0.7476871320437343
55,0.6593776282590412
56,0.7661900756938603
57,0.599663582842725
58,0.7409587888982339
59,0.7132043734230445
60,0.6526492851135407
61,0.6745164003364171
62,0.6248948696383516
63,0.6728343145500421
64,0.7266610597140454
65,0.6661059714045416
66,0.6114381833473507
67,0.7661900756938604
68,0.6728343145500421
69,0.7064760302775441
70,0.6619007569386038
71,0.6518082422203533
72,0.6627417998317914
73,0.7409587888982339
74,0.616484440706476
75,0.6358284272497897
76,0.6602186711522288
77,0.6341463414634146
78,0.7157275021026072
79,0.6812447434819175
80,0.6585365853658537
81,0.6635828427249789
82,0.6030277544154752
83,0.6896551724137931
84,0.7342304457527334
85,0.7535744322960471
86,0.6299411269974768
87,0.7081581160639192
88,0.6551724137931034
89,0.7417998317914214
90,0.656013456686291
91,0.7207737594617325
92,0.6745164003364171
93,0.5727502102607234
94,0.727502102607233
95,0.761143818334735
96,0.7375946173254836
97,0.6871320437342304
98,0.7039529015979815
99,0.6232127838519764
100,0.7451640033641715
101,0.6349873843566022
102,0.6097560975609756
103,0.6753574432296047
104,0.712363330529857
105,0.6139613120269134
106,0.7359125315391085
107,0.6476030277544155
108,0.6190075693860386
109,0.671152228763667
110,0.6661059714045416
111,0.7064760302775441
112,0.6862910008410429
113,0.6156433978132885
114,0.7140454163162322
115,0.6274179983179142
116,0.6265769554247267
117,0.6829268292682927
118,0.6568544995794786
119,0.6206896551724138
120,0.7207737594617325
121,0.8065601345668628
122,0.6745164003364171
123,0.6677880571909167
124,0.6509671993271657
125,0.6938603868797308
126,0.7047939444911689
127,0.7064760302775441
128,0.6812447434819175
129,0.6450798990748527
130,0.6787216148023548
131,0.6736753574432296
132,0.6534903280067282
133,0.6745164003364171
134,0.640874684608915
135,0.695542472666106
136,0.7846930193439865
137,0.7325483599663583
138,0.6661059714045416
139,0.6534903280067283
140,0.6383515559293523
141,0.6467619848612279
142,0.7165685449957948
143,0.6963835155592936
144,0.6846089150546678
145,0.7266610597140455
146,0.6778805719091673
147,0.6989066442388562
148,0.607232968881413
149,0.5794785534062237
150,0.6206896551724138
151,0.625735912531539
152,0.6896551724137931
153,0.6947014297729184
154,0.6442388561816652
155,0.6812447434819177
156,0.7098402018502944
157,0.7224558452481076
158,0.6526492851135408
159,0.6661059714045416
160,0.6156433978132885
161,0.7518923465096721
162,0.7325483599663583
163,0.7417998317914214
164,0.6921783010933557
165,0.5912531539108494
166,0.6619007569386038
167,0.6930193439865433
168,0.7527333894028596
169,0.6232127838519764
170,0.68040370058873
171,0.6518082422203532
172,0.6097560975609756
173,0.7300252312867956
174,0.6484440706476029
175,0.7401177460050463
176,0.5651808242220353
177,0.6770395290159799
178,0.7628259041211102
179,0.6181665264928511
180,0.624053826745164
181,0.7460050462573591
182,0.6543313708999159
183,0.5895710681244744
184,0.6248948696383516
185,0.6139613120269134
186,0.6854499579478553
187,0.6442388561816653
188,0.6871320437342304
189,0.6610597140454163
190,0.7510513036164845
191,0.7308662741799832
192,0.8048780487804879
193,0.7249789739276703
194,0.8149705634987384
195,0.6459209419680404
196,0.7165685449957947
197,0.6215306980656014
198,0.6989066442388562
199,0.6980656013456686
200,0.6105971404541631
201,0.7300252312867956
202,0.689655172413793
203,0.7880571909167368
204,0.6442388561816653
205,0.5735912531539109
206,0.631623212783852
207,0.629941126997477
208,0.6938603868797308
209,0.6879730866274179
210,0.6526492851135408
211,0.6307821698906644
212,0.7216148023549201
213,0.6745164003364171
214,0.6349873843566022
215,0.6333052985702271
216,0.7804878048780487
217,0.6492851135407905
218,0.6492851135407905
219,0.671152228763667
220,0.7241379310344827
221,0.7232968881412951
222,0.5870479394449116
223,0.6719932716568545
224,0.7720773759461732
225,0.5719091673675357
226,0.6854499579478553
227,0.704793944491169
228,0.75946173254836
229,0.6307821698906644
230,0.7132043734230445
231,0.6610597140454163
232,0.6761984861227923
233,0.6947014297729185
234,0.657695542472666
235,0.6518082422203533
236,0.5862068965517241
237,0.6644238856181666
238,0.6947014297729184
239,0.6433978132884777
240,0.7729184188393609
241,0.6089150546677881
242,0.5542472666105971
243,0.6888141295206056
244,0.6837678721614803
245,0.7216148023549201
246,0.7241379310344828
247,0.7451640033641715
248,0.703111858704794
249,0.671152228763667
250,0.7821698906644239
251,0.7594617325483599
252,0.7031118587047939
253,0.6156433978132884
254,0.6341463414634146
255,0.6778805719091674
256,0.6989066442388561
257,0.7451640033641715
258,0.744322960470984
259,0.6736753574432296
260,0.6753574432296047
261,0.7359125315391085
262,0.6888141295206055
263,0.6862910008410429
264,0.6526492851135408
265,0.6703111858704794
266,0.5441547518923465
267,0.6989066442388562
268,0.5979814970563498
269,0.7569386038687973
270,0.712363330529857
271,0.6728343145500421
272,0.7031118587047939
273,0.6829268292682926
274,0.687973086627418
275,0.6307821698906644
276,0.6812447434819177
277,0.7586206896551724
278,0.7132043734230445
279,0.7964676198486123
280,0.6602186711522288
281,0.7005887300252313
282,0.656013456686291
283,0.7283431455004206
284,0.6358284272497897
285,0.7081581160639192
286,0.72161480235492
287,0.6694701429772918
288,0.6122792262405383
289,0.6837678721614803
290,0.6619007569386038
291,0.6761984861227922
292,0.6593776282590412
293,0.712363330529857
294,0.704793944491169
295,0.7106812447434819
296,0.7081581160639193
297,0.7451640033641715
298,0.6492851135407907
299,0.7207737594617326
300,0.7779646761984862
301,0.7165685449957948
302,0.5164003364171572
303,0.6206896551724138
304,0.6492851135407905
305,0.6610597140454163
306,0.6745164003364172
307,0.7771236333052987
308,0.6080740117746005
309,0.575273338940286
310,0.6526492851135408
311,0.7073170731707317
312,0.72161480235492
313,0.6417157275021026
314,0.657695542472666
315,0.6947014297729185
316,0.7956265769554247
317,0.7401177460050462
318,0.7157275021026072
319,0.6602186711522288
320,0.6644238856181665
321,0.6904962153069806
322,0.7207737594617326
323,0.7081581160639192
324,0.6896551724137931
325,0.6930193439865433
326,0.7426408746846089
327,0.607232968881413
328,0.6089150546677881
329,0.6812447434819175
330,0.6097560975609756
331,0.7401177460050462
332,0.6534903280067283
333,0.5971404541631624
334,0.8284272497897393
335,0.7586206896551724
336,0.6896551724137931
337,0.7241379310344828
338,0.7064760302775441
339,0.6703111858704794
340,0.6232127838519764
341,0.7073170731707318
342,0.6349873843566022
343,0.7031118587047939
344,0.744322960470984
345,0.6644238856181666
346,0.6854499579478553
347,0.7493692178301093
348,0.6576955424726662
349,0.6265769554247267
350,0.6274179983179142
351,0.6686291000841043
352,0.6787216148023549
353,0.6291000841042894
354,0.6526492851135408
355,0.6837678721614803
356,0.7300252312867955
357,0.6366694701429773
358,0.6694701429772918
359,0.6206896551724138
360,0.735071488645921
361,0.6274179983179142
362,0.704793944491169
363,0.5063078216989066
364,0.6181665264928512
365,0.6795626576955424
366,0.6417157275021026
367,0.6703111858704794
368,0.6677880571909167
369,0.7434819175777965
370,0.5962994112699748
371,0.7140454163162321
372,0.7518923465096721
373,0.6366694701429774
374,0.5937762825904122
375,0.657695542472666
376,0.7502102607232969
377,0.789739276703112
378,0.7586206896551724
379,0.7569386038687973
380,0.7249789739276703
381,0.7619848612279226
382,0.7089991589571069
383,0.6837678721614803
384,0.7232968881412952
385,0.6753574432296047
386,0.6930193439865433
387,0.7956265769554248
388,0.63919259882254
389,0.6703111858704794
390,0.6888141295206056
391,0.6366694701429774
392,0.6627417998317914
393,0.6795626576955425
394,0.7712363330529857
395,0.7905803195962994
396,0.7510513036164844
397,0.6055508830950378
398,0.6030277544154752
399,0.6383515559293524
400,0.7888982338099244
401,0.6534903280067283
402,0.5584524810765349
403,0.7468460891505467
404,0.7216148023549201
405,0.6265769554247266
406,0.7216148023549201
407,0.704793944491169
408,0.7182506307821699
409,0.5668629100084104
410,0.6989066442388562
411,0.7207737594617325
412,0.7106812447434819
413,0.8250630782169891
414,0.6568544995794786
415,0.6223717409587889
416,0.7140454163162322
417,0.6299411269974768
418,0.6888141295206055
419,0.7905803195962995
420,0.7140454163162321
421,0.520605550883095
422,0.687973086627418
423,0.704793944491169
424,0.616484440706476
425,0.6761984861227923
426,0.6467619848612279
427,0.7098402018502944
428,0.6433978132884777
429,0.7417998317914214
430,0.6677880571909167
431,0.5727502102607233
432,0.5466778805719091
433,0.5634987384356602
434,0.6770395290159799
435,0.6770395290159799
436,0.7039529015979815
437,0.7359125315391085
438,0.6341463414634146
439,0.6921783010933558
440,0.6644238856181666
441,0.712363330529857
442,0.7308662741799832
443,0.736753574432296
444,0.6585365853658537
445,0.654331370899916
446,0.6804037005887301
447,0.5769554247266611
448,0.7434819175777965
449,0.6265769554247266
450,0.7064760302775441
451,0.704793944491169
452,0.7258200168208578
453,0.671152228763667
454,0.7409587888982337
455,0.7493692178301093
456,0.727502102607233
457,0.7502102607232969
458,0.6745164003364171
459,0.7056349873843566
460,0.6711522287636669
461,0.6534903280067283
462,0.68040370058873
463,0.7468460891505466
464,0.6980656013456686
465,0.6677880571909167
466,0.6585365853658537
467,0.7148864592094197
468,0.6501261564339781
469,0.7056349873843566
470,0.7485281749369217
471,0.7224558452481076
472,0.6837678721614803
473,0.6837678721614803
474,0.6980656013456686
475,0.6904962153069807
476,0.7022708158116064
477,0.6719932716568545
478,0.6139613120269134
479,0.7182506307821699
480,0.7460050462573591
481,0.6223717409587889
482,0.6248948696383515
483,0.6930193439865433
484,0.7905803195962995
485,0.7544154751892346
486,0.592094196804037
487,0.7207737594617326
488,0.7031118587047939
489,0.6619007569386038
490,0.6408746846089151
491,0.6274179983179142
492,0.6492851135407905
493,0.7064760302775441
494,0.6703111858704794
495,0.6467619848612279
496,0.6206896551724138
497,0.6719932716568545
498,0.6476030277544155
499,0.7089991589571067
500,0.736753574432296
501,0.6560134566862911
502,0.72161480235492
503,0.6652649285113541
504,0.6736753574432296
505,0.6400336417157275
506,0.757779646761985
507,0.7039529015979815
508,0.68040370058873
509,0.753574432296047
510,0.631623212783852
511,0.735071488645921
512,0.7182506307821699
513,0.7628259041211102
514,0.7560975609756098
515,0.7720773759461732
516,0.68040370058873
517,0.6610597140454163
518,0.704793944491169
519,0.6602186711522288
520,0.704793944491169
521,0.7359125315391085
522,0.607232968881413
523,0.6947014297729184
524,0.7325483599663583
525,0.6131202691337259
526,0.6686291000841044
527,0.6274179983179142
528,0.7031118587047939
529,0.5979814970563498
530,0.7333894028595458
531,0.6181665264928511
532,0.6904962153069807
533,0.7788057190916737
534,0.6341463414634146
535,0.7258200168208578
536,0.631623212783852
537,0.6585365853658536
538,0.6232127838519764
539,0.6947014297729185
540,0.6888141295206055
541,0.6291000841042893
542,0.6921783010933558
543,0.7342304457527333
544,0.6761984861227922
545,0.6972245584524811
546,0.5542472666105971
547,0.7695542472666106
548,0.648444070647603
549,0.6635828427249789
550,0.6425567703952901
551,0.7089991589571067
552,0.7056349873843566
553,0.7190916736753574
554,0.657695542472666
555,0.687973086627418
556,0.6745164003364172
557,0.7527333894028596
558,0.6669470142977292
559,0.7317073170731707
560,0.7300252312867956
561,0.6349873843566022
562,0.7712363330529857
563,0.6644238856181666
564,0.6770395290159799
565,0.6349873843566022
566,0.6686291000841044
567,0.6619007569386038
568,0.6669470142977292
569,0.7720773759461733
570,0.7333894028595458
571,0.6366694701429773
572,0.6190075693860387
573,0.6248948696383515
574,0.7527333894028596
575,0.6501261564339781
576,0.7266610597140454
577,0.7258200168208578
578,0.719932716568545
579,0.5719091673675356
580,0.6383515559293524
581,0.6501261564339781
582,0.6585365853658537
583,0.6812447434819175
584,0.671152228763667
585,0.7005887300252313
586,0.616484440706476
587,0.8225399495374264
588,0.7031118587047939
589,0.7005887300252313
590,0.6518082422203532
591,0.5651808242220353
592,0.63919259882254
593,0.6846089150546678
594,0.6534903280067283
595,0.6492851135407905
596,0.7300252312867955
597,0.5904121110176619
598,0.6812447434819177
599,0.6349873843566022
600,0.5534062237174096
601,0.5719091673675358
602,0.6223717409587889
603,0.6661059714045415
604,0.6761984861227922
605,0.624053826745164
606,0.689655172413793
607,0.7493692178301093
608,0.7468460891505466
609,0.6846089150546678
610,0.695542472666106
611,0.6492851135407905
612,0.7098402018502944
613,0.6980656013456686
614,0.5567703952901597
615,0.6989066442388562
616,0.7560975609756098
617,0.7367535744322962
618,0.6551724137931034
619,0.6324642556770396
620,0.6408746846089151
621,0.6627417998317914
622,0.6139613120269134
623,0.6215306980656015
624,0.7308662741799832
625,0.7577796467619848
626,0.7089991589571067
627,0.6896551724137931
628,0.7089991589571069
629,0.7308662741799832
630,0.6761984861227922
631,0.7157275021026072
632,0.7073170731707318
633,0.6543313708999159
634,0.6904962153069806
635,0.6131202691337259
636,0.7762825904121111
637,0.6694701429772919
638,0.689655172413793
639,0.7317073170731707
640,0.7064760302775441
641,0.832632464255677
642,0.6669470142977292
643,0.6921783010933558
644,0.7056349873843566
645,0.6543313708999159
646,0.6551724137931034
647,0.7830109335576115
648,0.648444070647603
649,0.6080740117746005
650,0.5735912531539108
651,0.6904962153069807
652,0.6938603868797308
653,0.7089991589571067
654,0.7022708158116064
655,0.7737594617325484
656,0.7275021026072329
657,0.6265769554247266
658,0.6904962153069806
659,0.7535744322960471
660,0.7359125315391084
661,0.7737594617325483
662,0.6013456686291001
663,0.727502102607233
664,0.7342304457527334
665,0.7813288477712363
666,0.624053826745164
667,0.6442388561816653
668,0.6551724137931034
669,0.6904962153069806
670,0.6257359125315392
671,0.7712363330529858
672,0.7375946173254836
673,0.671152228763667
674,0.7056349873843566
675,0.6930193439865434
676,0.727502102607233
677,0.7317073170731707
678,0.7485281749369218
679,0.6450798990748529
680,0.6904962153069806
681,0.6837678721614803
682,0.7140454163162322
683,0.6131202691337259
684,0.7426408746846089
685,0.6703111858704794
686,0.6980656013456686
687,0.6576955424726662
688,0.624053826745164
689,0.7039529015979815
690,0.6198486122792263
691,0.63919259882254
692,0.6173254835996637
693,0.5946173254835997
694,0.607232968881413
695,0.6787216148023548
696,0.8124474348191758
697,0.7022708158116064
698,0.735071488645921
699,0.6812447434819177
700,0.6518082422203532
701,0.7434819175777965
702,0.6921783010933558
703,0.6442388561816653
704,0.6299411269974768
705,0.6745164003364171
706,0.6661059714045415
707,0.6476030277544155
708,0.6324642556770396
709,0.6013456686291001
710,0.6904962153069806
711,0.6080740117746005
712,0.7771236333052987
713,0.6888141295206055
714,0.6543313708999159
715,0.7031118587047939
716,0.5895710681244744
717,0.7300252312867956
718,0.7266610597140454
719,0.7502102607232969
720,0.6753574432296047
721,0.7031118587047939
722,0.7746005046257359
723,0.6745164003364171
724,0.6223717409587889
725,0.727502102607233
726,0.7190916736753574
727,0.7333894028595458
728,0.6190075693860387
729,0.6694701429772919
730,0.6551724137931034
731,0.6854499579478553
732,0.5567703952901598
733,0.725820016820858
734,0.6795626576955425
735,0.736753574432296
736,0.6736753574432296
737,0.7569386038687972
738,0.687973086627418
739,0.703111858704794
740,0.7384356602186711
741,0.6627417998317914
742,0.6862910008410429
743,0.5971404541631623
744,0.7342304457527333
745,0.6551724137931034
746,0.7502102607232969
747,0.6223717409587889
748,0.704793944491169
749,0.7392767031118587
750,0.7005887300252314
751,0.7661900756938603
752,0.6383515559293523
753,0.6139613120269133
754,0.6501261564339782
755,0.6206896551724138
756,0.6089150546677881
757,0.7115222876366696
758,0.727502102607233
759,0.6745164003364171
760,0.6871320437342304
761,0.5971404541631623
762,0.8006728343145499
763,0.7333894028595459
764,0.6854499579478553
765,0.6778805719091673
766,0.7174095878889823
767,0.7258200168208578
768,0.6719932716568545
769,0.7232968881412952
770,0.6820857863751052
771,0.6206896551724138
772,0.6820857863751051
773,0.6661059714045416
774,0.5592935239697224
775,0.6820857863751052
776,0.7266610597140454
777,0.6030277544154752
778,0.6206896551724138
779,0.6215306980656014
780,0.703111858704794
781,0.6694701429772919
782,0.6703111858704794
783,0.6812447434819177
784,0.6736753574432296
785,0.7258200168208578
786,0.6719932716568545
787,0.6913372582001682
788,0.7258200168208578
789,0.7401177460050462
790,0.7073170731707317
791,0.6181665264928511
792,0.6425567703952901
793,0.6417157275021026
794,0.6619007569386038
795,0.616484440706476
796,0.7283431455004205
797,0.6223717409587889
798,0.6871320437342304
799,0.7645079899074853
800,0.5197645079899075
801,0.6871320437342304
802,0.6980656013456686
803,0.6181665264928511
804,0.6568544995794786
805,0.7056349873843566
806,0.648444070647603
807,0.8124474348191757
808,0.704793944491169
809,0.6829268292682926
810,0.6888141295206055
811,0.7485281749369217
812,0.7190916736753574
813,0.6669470142977292
814,0.736753574432296
815,0.7603027754415475
816,0.7148864592094196
817,0.6761984861227923
818,0.7392767031118587
819,0.6257359125315392
820,0.6829268292682926
821,0.703111858704794
822,0.657695542472666
823,0.6215306980656014
824,0.6055508830950379
825,0.7754415475189235
826,0.648444070647603
827,0.6955424726661059
828,0.6644238856181666
829,0.5996635828427249
830,0.6425567703952901
831,0.6375105130361648
832,0.6324642556770396
833,0.704793944491169
834,0.6442388561816653
835,0.6829268292682926
836,0.7325483599663583
837,0.6173254835996637
838,0.6375105130361648
839,0.6871320437342304
840,0.7342304457527333
841,0.6501261564339782
842,0.6669470142977292
843,0.744322960470984
844,0.657695542472666
845,0.6888141295206055
846,0.5651808242220353
847,0.6820857863751051
848,0.6366694701429773
849,0.6257359125315392
850,0.7325483599663583
851,0.6972245584524811
852,0.6080740117746005
853,0.7266610597140455
854,0.7577796467619848
855,0.712363330529857
856,0.8132884777123632
857,0.6770395290159797
858,0.5870479394449117
859,0.7190916736753574
860,0.6055508830950378
861,0.6745164003364172
862,0.744322960470984
863,0.7552565180824221
864,0.6139613120269134
865,0.5668629100084104
866,0.7089991589571067
867,0.7291841883936081
868,0.6282590412111018
869,0.6635828427249789
870,0.584524810765349
871,0.6652649285113541
872,0.687973086627418
873,0.6055508830950378
874,0.6703111858704793
875,0.6400336417157275
876,0.5895710681244744
877,0.6526492851135408
878,0.6997476871320437
879,0.7300252312867956
880,0.703111858704794
881,0.6795626576955425
882,0.7081581160639192
883,0.7005887300252314
884,0.68040370058873
885,0.719932716568545
886,0.7207737594617325
887,0.6080740117746005
888,0.6778805719091674
889,0.6686291000841044
890,0.6097560975609756
891,0.7788057190916737
892,0.6156433978132885
893,0.6635828427249789
894,0.6055508830950378
895,0.703111858704794
896,0.5685449957947855
897,0.7754415475189235
898,0.6518082422203533
899,0.7249789739276703
900,0.6963835155592936
901,0.5820016820857864
902,0.7485281749369218
903,0.7190916736753574
904,0.5870479394449117
905,0.8040370058873002
906,0.695542472666106
907,0.7098402018502944
908,0.625735912531539
909,0.7148864592094197
910,0.7603027754415476
911,0.7485281749369219
912,0.6417157275021026
913,0.6677880571909167
914,0.6686291000841043
915,0.7300252312867956
916,0.7409587888982337
917,0.6888141295206055
918,0.703111858704794
919,0.7308662741799832
920,0.7190916736753574
921,0.7241379310344828
922,0.7653490328006728
923,0.7174095878889823
924,0.6063919259882254
925,0.7552565180824221
926,0.6619007569386038
927,0.785534062237174
928,0.5264928511354079
929,0.6997476871320437
930,0.5584524810765349
931,0.7746005046257359
932,0.687973086627418
933,0.6812447434819175
934,0.751892346509672
935,0.7401177460050463
936,0.6997476871320438
937,0.7426408746846089
938,0.7897392767031118
939,0.7417998317914214
940,0.6097560975609756
941,0.6593776282590412
942,0.6333052985702271
943,0.7157275021026073
944,0.71825063078217
945,0.6761984861227922
946,0.6652649285113541
947,0.6652649285113541
948,0.6753574432296047
949,0.6619007569386038
950,0.5828427249789739
951,0.671152228763667
952,0.6181665264928512
953,0.6526492851135408
954,0.712363330529857
955,0.7081581160639192
956,0.7157275021026072
957,0.6770395290159797
958,0.6770395290159799
959,0.6904962153069806
960,0.6854499579478555
961,0.7157275021026073
962,0.6148023549201009
963,0.6904962153069806
964,0.7089991589571069
965,0.7148864592094197
966,0.5416316232127839
967,0.6829268292682926
968,0.6904962153069806
969,0.7409587888982337
970,0.6812447434819175
971,0.6795626576955425
972,0.6433978132884778
973,0.7577796467619848
974,0.6627417998317914
975,0.6576955424726662
976,0.6063919259882254
977,0.7409587888982337
978,0.6635828427249789
979,0.7426408746846089
980,0.6366694701429773
981,0.6501261564339781
982,0.6551724137931034
983,0.6164844407064761
984,0.7434819175777965
985,0.6585365853658536
986,0.6812447434819175
987,0.6963835155592935
988,0.671152228763667
989,0.6921783010933558
990,0.5912531539108494
991,0.8477712363330531
992,0.6543313708999159
993,0.736753574432296
994,0.6156433978132885
995,0.656013456686291
996,0.6963835155592936
997,0.7115222876366694
998,0.7653490328006728
999,0.7510513036164844
1000,0.671152228763667
1001,0.616484440706476
1002,0.7081581160639193
1003,0.7317073170731707
1004,0.7712363330529857
1005,0.6021867115222876
1006,0.6829268292682927
1007,0.5946173254835996
1008,0.6980656013456686
1009,0.736753574432296
1010,0.6770395290159797
1011,0.8015138772077376
1012,0.6677880571909167
1013,0.727502102607233
1014,0.7224558452481077
1015,0.5475189234650967
1016,0.7283431455004205
1017,0.7190916736753574
1018,0.7174095878889823
1019,0.7165685449957948
1020,0.6072329688814129
1021,0.6492851135407905
1022,0.6694701429772919
1023,0.6232127838519764
1024,0.6282590412111018
1025,0.6854499579478553
1026,0.7443229604709841
1027,0.8107653490328006
1028,0.6433978132884777
1029,0.6274179983179142
1030,0.7636669470142977
1031,0.6888141295206055
1032,0.7527333894028595
1033,0.6753574432296048
1034,0.7333894028595458
1035,0.689655172413793
1036,0.6644238856181665
1037,0.6854499579478553
1038,0.5517241379310345
1039,0.7056349873843566
1040,0.7678721614802355
1041,0.7300252312867956
1042,0.6770395290159797
1043,0.6963835155592935
1044,0.7232968881412952
1045,0.6366694701429773
1046,0.6021867115222876
1047,0.687973086627418
1048,0.6787216148023549
1049,0.6358284272497897
1050,0.7846930193439865
1051,0.6265769554247267
1052,0.7232968881412952
1053,0.736753574432296
1054,0.704793944491169
1055,0.7014297729184188
1056,0.6963835155592935
1057,0.6610597140454163
1058,0.6837678721614803
1059,0.704793944491169
1060,0.625735912531539
1061,0.7081581160639193
1062,0.719932716568545
1063,0.6383515559293524
1064,0.719932716568545
1065,0.6543313708999158
1066,0.7342304457527333
1067,0.6610597140454163
1068,0.7628259041211101
1069,0.6820857863751052
1070,0.767031118587048
1071,0.8065601345668629
1072,0.687973086627418
1073,0.5988225399495374
1074,0.6551724137931034
1075,0.7182506307821699
1076,0.6736753574432296
1077,0.8191757779646762
1078,0.5719091673675358
1079,0.6518082422203534
1080,0.6316232127838519
1081,0.7148864592094197
1082,0.6661059714045416
1083,0.7468460891505467
1084,0.6787216148023549
1085,0.7073170731707317
1086,0.7056349873843566
1087,0.7325483599663583
1088,0.6005046257359126
1089,0.7342304457527334
1090,0.7005887300252313
1091,0.6736753574432296
1092,0.6963835155592936
1093,0.6652649285113541
1094,0.6644238856181666
1095,0.6644238856181665
1096,0.7014297729184189
1097,0.6299411269974768
1098,0.6980656013456686
1099,0.6610597140454163
1100,0.7148864592094197
1101,0.7325483599663583
1102,0.5962994112699749
1103,0.661900756938604
1104,0.6122792262405383
1105,0.5761143818334734
1106,0.7485281749369218
1107,0.7350714886459209
1108,0.6593776282590412
1109,0.535744322960471
1110,0.7779646761984862
1111,0.529857022708158
1112,0.648444070647603
1113,0.7300252312867956
1114,0.6989066442388562
1115,0.7031118587047939
1116,0.6904962153069807
1117,0.7325483599663583
1118,0.6963835155592936
1119,0.6913372582001681
1120,0.7291841883936081
1121,0.6223717409587888
1122,0.6820857863751052
1123,0.6963835155592936
1124,0.5231286795626577
1125,0.7392767031118588
1126,0.6215306980656014
1127,0.616484440706476
1128,0.7216148023549201
1129,0.6543313708999159
1130,0.6492851135407905
1131,0.6005046257359126
1132,0.6265769554247267
1133,0.6997476871320437
1134,0.6745164003364171
1135,0.6198486122792263
1136,0.593776282590412
1137,0.7493692178301093
1138,0.6282590412111018
1139,0.6820857863751051
1140,0.7342304457527334
1141,0.7754415475189235
1142,0.7451640033641715
1143,0.6156433978132885
1144,0.656013456686291
1145,0.6770395290159797
1146,0.7695542472666106
1147,0.6467619848612279
1148,0.6602186711522288
1149,0.71825063078217
1150,0.6753574432296047
1151,0.6030277544154752
1152,0.6492851135407907
1153,0.6324642556770395
1154,0.7804878048780488
1155,0.6139613120269134
1156,0.7300252312867956
1157,0.6324642556770395
1158,0.6871320437342304
1159,0.6585365853658536
1160,0.6854499579478553
1161,0.712363330529857
1162,0.5912531539108494
1163,0.7434819175777965
1164,0.6955424726661059
1165,0.6425567703952901
1166,0.7098402018502944
1167,0.7207737594617325
1168,0.7754415475189235
1169,0.6366694701429773
1170,0.6837678721614803
1171,0.6248948696383515
1172,0.8040370058873002
1173,0.6139613120269134
1174,0.6602186711522288
1175,0.7073170731707317
1176,0.5811606391925987
1177,0.6038687973086628
1178,0.712363330529857
1179,0.6610597140454163
1180,0.6610597140454163
1181,0.6021867115222876
1182,0.6820857863751051
1183,0.6501261564339781
1184,0.7073170731707318
1185,0.6021867115222876
1186,0.7678721614802355
1187,0.7417998317914213
1188,0.6543313708999159
1189,0.6375105130361648
1190,0.6518082422203533
1191,0.5550883095037847
1192,0.607232968881413
1193,0.7359125315391085
1194,0.7527333894028596
1195,0.7333894028595459
1196,0.6585365853658537
1197,0.7258200168208578
1198,0.592094196804037
1199,0.6904962153069806
1200,0.6585365853658537
1201,0.7258200168208578
1202,0.5962994112699748
1203,0.7586206896551725
1204,0.6476030277544155
1205,0.6703111858704794
1206,0.6930193439865433
1207,0.6619007569386038
1208,0.7275021026072329
1209,0.5660218671152228
1210,0.7417998317914213
1211,0.6509671993271656
1212,0.6972245584524811
1213,0.592094196804037
1214,0.72161480235492
1215,0.6442388561816653
1216,0.6862910008410429
1217,0.6635828427249789
1218,0.6366694701429773
1219,0.6719932716568545
1220,0.7249789739276703
1221,0.6770395290159797
1222,0.5626576955424727
1223,0.7493692178301093
1224,0.592094196804037
1225,0.6265769554247267
1226,0.6576955424726662
1227,0.648444070647603
1228,0.5820016820857864
1229,0.6686291000841044
1230,0.6829268292682927
1231,0.7821698906644239
1232,0.7628259041211102
1233,0.6097560975609756
1234,0.5912531539108494
1235,0.6526492851135408
1236,0.7426408746846088
1237,0.5264928511354079
1238,0.6610597140454163
1239,0.6820857863751051
1240,0.6518082422203533
1241,0.6619007569386038
1242,0.7089991589571069
1243,0.6703111858704794
1244,0.5584524810765349
1245,0.712363330529857
1246,0.68040370058873
1247,0.802354920100925
1248,0.6593776282590412
1249,0.693860386879731
1250,0.6375105130361649
1251,0.6375105130361648
1252,0.7325483599663583
1253,0.7266610597140454
1254,0.7577796467619848
1255,0.7266610597140454
1256,0.7132043734230445
1257,0.6139613120269134
1258,0.6644238856181666
1259,0.6837678721614803
1260,0.7300252312867955
1261,0.6770395290159797
1262,0.7577796467619848
1263,0.599663582842725
1264,0.6820857863751051
1265,0.8216989066442388
1266,0.7359125315391084
1267,0.7115222876366695
1268,0.8074011774600505
1269,0.6728343145500421
1270,0.6551724137931034
1271,0.6543313708999159
1272,0.7249789739276703
1273,0.6980656013456686
1274,0.6450798990748529
1275,0.7039529015979815
1276,0.6232127838519764
1277,0.6181665264928512
1278,0.6030277544154752
1279,0.7098402018502944
1280,0.7005887300252313
1281,0.6114381833473508
1282,0.7089991589571069
1283,0.6232127838519764
1284,0.7014297729184188
1285,0.7586206896551724
1286,0.6736753574432296
1287,0.7653490328006728
1288,0.6846089150546677
1289,0.7182506307821698
1290,0.6837678721614803
1291,0.6837678721614803
1292,0.6190075693860386
1293,0.7157275021026073
1294,0.7207737594617326
1295,0.6568544995794786
1296,0.6585365853658537
1297,0.607232968881413
1298,0.6694701429772919
1299,0.6635828427249789
1300,0.7190916736753574
1301,0.7106812447434819
1302,0.6551724137931035
1303,0.6593776282590412
1304,0.5744322960470984
1305,0.6408746846089151
1306,0.7779646761984861
1307,0.7291841883936081
1308,0.6930193439865433
1309,0.6719932716568545
1310,0.7216148023549201
1311,0.7796467619848613
1312,0.6963835155592936
1313,0.7064760302775441
1314,0.7359125315391085
1315,0.7653490328006729
1316,0.7283431455004205
1317,0.6871320437342304
1318,0.7207737594617325
1319,0.7258200168208578
1320,0.7493692178301093
1321,0.584524810765349
1322,0.6778805719091674
1323,0.6913372582001681
1324,0.6593776282590412
1325,0.5719091673675357
1326,0.6358284272497897
1327,0.6871320437342304
1328,0.7855340622371741
1329,0.6358284272497897
1330,0.6963835155592936
1331,0.7174095878889823
1332,0.6938603868797308
1333,0.5853658536585366
1334,0.7460050462573591
1335,0.7132043734230447
1336,0.7712363330529858
1337,0.6349873843566022
1338,0.6846089150546678
1339,0.671152228763667
1340,0.6551724137931035
1341,0.6400336417157275
1342,0.6005046257359125
1343,0.671152228763667
1344,0.6543313708999159
1345,0.6366694701429773
1346,0.768713204373423
1347,0.6433978132884778
1348,0.7232968881412952
1349,0.8040370058873002
1350,0.5946173254835997
1351,0.704793944491169
1352,0.6576955424726662
1353,0.7132043734230445
1354,0.6518082422203532
1355,0.5735912531539109
1356,0.7560975609756098
1357,0.6888141295206055
1358,0.6063919259882253
1359,0.663582842724979
1360,0.63919259882254
1361,0.6980656013456686
1362,0.6795626576955425
1363,0.5702270815811606
1364,0.7527333894028596
1365,0.8259041211101765
1366,0.736753574432296
1367,0.7880571909167366
1368,0.6030277544154752
1369,0.7182506307821699
1370,0.5466778805719091
1371,0.6879730866274181
1372,0.671152228763667
1373,0.7241379310344828
1374,0.6989066442388562
1375,0.6055508830950379
1376,0.6677880571909167
1377,0.6989066442388561
1378,0.7409587888982339
1379,0.6778805719091674
1380,0.6963835155592935
1381,0.7342304457527333
1382,0.6871320437342304
1383,0.6560134566862911
1384,0.7241379310344828
1385,0.6551724137931034
1386,0.665264928511354
1387,0.7106812447434819
1388,0.6274179983179142
1389,0.6627417998317915
1390,0.6947014297729185
1391,0.735071488645921
1392,0.6728343145500421
1393,0.744322960470984
1394,0.7678721614802355
1395,0.7291841883936081
1396,0.6904962153069806
1397,0.6753574432296048
1398,0.6635828427249789
1399,0.7333894028595458
1400,0.6703111858704794
1401,0.6366694701429773
1402,0.744322960470984
1403,0.6400336417157275
1404,0.6551724137931034
1405,0.6904962153069807
1406,0.5929352396972245
1407,0.6223717409587889
1408,0.7317073170731708
1409,0.6930193439865433
1410,0.7014297729184188
1411,0.648444070647603
1412,0.7132043734230445
1413,0.5693860386879731
1414,0.7636669470142978
1415,0.6610597140454163
1416,0.631623212783852
1417,0.6173254835996635
1418,0.6105971404541631
1419,0.7350714886459209
1420,0.7241379310344828
1421,0.7703952901597981
1422,0.7476871320437343
1423,0.7897392767031118
1424,0.6534903280067283
1425,0.6963835155592935
1426,0.791421362489487
1427,0.7333894028595458
1428,0.7401177460050463
1429,0.6661059714045416
1430,0.7115222876366695
1431,0.7434819175777965
1432,0.7081581160639193
1433,0.7636669470142977
1434,0.6610597140454163
1435,0.7451640033641715
1436,0.5735912531539108
1437,0.6551724137931034
1438,0.5803195962994112
1439,0.6526492851135407
1440,0.7493692178301093
1441,0.6291000841042893
1442,0.6795626576955426
1443,0.7788057190916737
1444,0.6795626576955425
1445,0.6063919259882253
1446,0.6820857863751052
1447,0.736753574432296
1448,0.6560134566862911
1449,0.552565180824222
1450,0.6930193439865433
1451,0.7216148023549201
1452,0.798990748528175
1453,0.6761984861227922
1454,0.5643397813288478
1455,0.7737594617325483
1456,0.7560975609756098
1457,0.808242220353238
1458,0.6122792262405382
1459,0.704793944491169
1460,0.6526492851135408
1461,0.6745164003364171
1462,0.6686291000841044
1463,0.6366694701429773
1464,0.6787216148023549
1465,0.6812447434819175
1466,0.5685449957947855
1467,0.7392767031118588
1468,0.7089991589571069
1469,0.6215306980656014
1470,0.7073170731707317
1471,0.6223717409587889
1472,0.7384356602186711
1473,0.4827586206896552
1474,0.6501261564339781
1475,0.616484440706476
1476,0.6644238856181666
1477,0.6778805719091674
1478,0.830950378469302
1479,0.7014297729184188
1480,0.7417998317914213
1481,0.6543313708999159
1482,0.6904962153069806
1483,0.6307821698906644
1484,0.7140454163162322
1485,0.6761984861227922
1486,0.7182506307821699
1487,0.719932716568545
1488,0.6383515559293524
1489,0.6989066442388562
1490,0.6198486122792263
1491,0.808242220353238
1492,0.6307821698906645
1493,0.7249789739276703
1494,0.6005046257359126
1495,0.7384356602186711
1496,0.6501261564339781
1497,0.7493692178301093
1498,0.7106812447434819
1499,0.6366694701429773
1500,0.6619007569386038
1501,0.7174095878889822
1502,0.7518923465096721
1503,0.744322960470984
1504,0.7249789739276703
1505,0.776282590412111
1506,0.7476871320437342
1507,0.575273338940286
1508,0.7333894028595458
1509,0.6492851135407905
1510,0.6669470142977292
1511,0.7636669470142978
1512,0.5634987384356602
1513,0.6568544995794785
1514,0.7417998317914214
1515,0.7241379310344828
1516,0.7451640033641715
1517,0.6341463414634146
1518,0.671152228763667
1519,0.7174095878889823
1520,0.5954583683767872
1521,0.6585365853658537
1522,0.6972245584524811
1523,0.6829268292682927
1524,0.6476030277544155
1525,0.6585365853658537
1526,0.8275862068965517
1527,0.7317073170731707
1528,0.6862910008410429
1529,0.7182506307821699
1530,0.7384356602186711
1531,0.7266610597140454
1532,0.7703952901597981
1533,0.6602186711522288
1534,0.5777964676198486
1535,0.6644238856181666
1536,0.7552565180824222
1537,0.6753574432296047
1538,0.7746005046257359
1539,0.6476030277544155
1540,0.6097560975609756
1541,0.7796467619848612
1542,0.8099243061396131
1543,0.6787216148023549
1544,0.768713204373423
1545,0.7165685449957948
1546,0.7535744322960471
1547,0.7737594617325483
1548,0.8031959629941127
1549,0.6408746846089151
1550,0.6291000841042893
1551,0.6534903280067283
1552,0.6156433978132885
1553,0.6408746846089151
1554,0.6812447434819175
1555,0.7291841883936081
1556,0.6585365853658537
1557,0.5660218671152228
1558,0.7005887300252313
1559,0.7426408746846089
1560,0.6291000841042893
1561,0.6787216148023549
1562,0.6913372582001682
1563,0.7022708158116063
1564,0.6391925988225399
1565,0.6501261564339781
1566,0.5677039529015979
1567,0.7384356602186711
1568,0.6947014297729185
1569,0.7451640033641715
1570,0.7190916736753574
1571,0.8301093355761144
1572,0.7451640033641715
1573,0.7098402018502944
1574,0.6930193439865434
1575,0.6593776282590412
1576,0.6240538267451641
1577,0.7275021026072329
1578,0.7434819175777965
1579,0.7359125315391085
1580,0.6358284272497897
1581,0.7224558452481077
1582,0.7106812447434819
1583,0.7451640033641715
1584,0.7300252312867956
1585,0.7148864592094196
1586,0.6904962153069806
1587,0.7451640033641715
1588,0.6223717409587889
1589,0.5946173254835997
1590,0.6947014297729184
1591,0.631623212783852
1592,0.6576955424726662
1593,0.744322960470984
1594,0.7081581160639193
1595,0.7838519764507991
1596,0.6635828427249789
1597,0.704793944491169
1598,0.5862068965517241
1599,0.6450798990748527
1600,0.7333894028595458
1601,0.6627417998317914
1602,0.6190075693860387
1603,0.6568544995794786
1604,0.6871320437342304
1605,0.6375105130361649
1606,0.6669470142977292
1607,0.6307821698906645
1608,0.7308662741799832
1609,0.7064760302775441
1610,0.697224558452481
1611,0.5862068965517242
1612,0.6904962153069807
1613,0.6997476871320437
1614,0.7359125315391084
1615,0.767031118587048
1616,0.6812447434819175
1617,0.6433978132884777
1618,0.7426408746846089
1619,0.6181665264928512
1620,0.6677880571909167
1621,0.6829268292682927
1622,0.7022708158116063
1623,0.6400336417157275
1624,0.7931034482758621
1625,0.7325483599663583
1626,0.704793944491169
1627,0.735071488645921
1628,0.6291000841042893
1629,0.5727502102607234
1630,0.7401177460050463
1631,0.599663582842725
1632,0.7056349873843566
1633,0.7148864592094196
1634,0.7375946173254836
1635,0.6324642556770396
1636,0.6206896551724138
1637,0.6274179983179142
1638,0.6206896551724138
1639,0.6610597140454163
1640,0.7283431455004205
1641,0.6366694701429773
1642,0.7603027754415476
1643,0.7165685449957948
1644,0.7417998317914214
1645,0.5332211942809083
1646,0.6139613120269133
1647,0.7031118587047939
1648,0.6753574432296047
1649,0.6265769554247266
1650,0.7241379310344828
1651,0.5735912531539108
1652,0.6282590412111018
1653,0.727502102607233
1654,0.6989066442388562
1655,0.7089991589571069
1656,0.7266610597140454
1657,0.7132043734230445
1658,0.6257359125315392
1659,0.6652649285113541
1660,0.6795626576955425
1661,0.7106812447434818
1662,0.8090832632464255
1663,0.6417157275021026
1664,0.6862910008410429
1665,0.704793944491169
1666,0.7460050462573591
1667,0.5660218671152228
1668,0.7746005046257359
1669,0.6930193439865433
1670,0.6694701429772918
1671,0.663582842724979
1672,0.6745164003364172
1673,0.712363330529857
1674,0.6904962153069807
1675,0.6038687973086627
1676,0.7157275021026073
1677,0.7409587888982339
1678,0.6627417998317914
1679,0.6938603868797308
1680,0.697224558452481
1681,0.7148864592094196
1682,0.5584524810765348
1683,0.7132043734230447
1684,0.7148864592094196
1685,0.6576955424726662
1686,0.6282590412111018
1687,0.6501261564339781
1688,0.6417157275021026
1689,0.6753574432296047
1690,0.7249789739276703
1691,0.6021867115222876
1692,0.6703111858704794
1693,0.6627417998317914
1694,0.7451640033641717
1695,0.6627417998317914
1696,0.7258200168208577
1697,0.6795626576955426
1698,0.656013456686291
1699,0.7073170731707317
1700,0.6568544995794785
1701,0.791421362489487
1702,0.7333894028595458
1703,0.6291000841042893
1704,0.7720773759461733
1705,0.6686291000841043
1706,0.6871320437342304
1707,0.7703952901597981
1708,0.6719932716568545
1709,0.6980656013456685
1710,0.7788057190916737
1711,0.7392767031118587
1712,0.7056349873843566
1713,0.6492851135407905
1714,0.704793944491169
1715,0.5727502102607233
1716,0.6955424726661059
1717,0.4625735912531539
1718,0.6820857863751052
1719,0.5988225399495374
1720,0.6812447434819175
1721,0.671152228763667
1722,0.7073170731707316
1723,0.744322960470984
1724,0.7241379310344828
1725,0.6349873843566022
1726,0.7056349873843566
1727,0.7359125315391085
1728,0.6450798990748529
1729,0.7359125315391084
1730,0.5996635828427249
1731,0.5677039529015979
1732,0.7022708158116064
1733,0.5727502102607233
1734,0.6719932716568545
1735,0.6921783010933558
1736,0.6997476871320437
1737,0.7653490328006729
1738,0.5954583683767872
1739,0.6913372582001682
1740,0.6745164003364171
1741,0.7333894028595458
1742,0.6585365853658536
1743,0.6476030277544155
1744,0.63919259882254
1745,0.7569386038687974
1746,0.6206896551724138
1747,0.6820857863751051
1748,0.6509671993271656
1749,0.7552565180824222
1750,0.7140454163162321
1751,0.5904121110176619
1752,0.6425567703952901
1753,0.7182506307821699
1754,0.7409587888982339
1755,0.6333052985702271
1756,0.6223717409587889
1757,0.6812447434819177
1758,0.7098402018502944
1759,0.6846089150546678
1760,0.6829268292682926
1761,0.7468460891505466
1762,0.661900756938604
1763,0.6005046257359125
1764,0.6812447434819175
1765,0.5946173254835996
1766,0.6476030277544156
1767,0.665264928511354
1768,0.6627417998317915
1769,0.6291000841042893
1770,0.7485281749369218
1771,0.7216148023549201
1772,0.5550883095037846
1773,0.6871320437342304
1774,0.7174095878889823
1775,0.6366694701429773
1776,0.6938603868797308
1777,0.6610597140454163
1778,0.7401177460050463
1779,0.6888141295206055
1780,0.7401177460050463
1781,0.6282590412111018
1782,0.5853658536585366
1783,0.7005887300252313
1784,0.7771236333052987
1785,0.5744322960470984
1786,0.6450798990748529
1787,0.736753574432296
1788,0.6492851135407905
1789,0.648444070647603
1790,0.6442388561816653
1791,0.6131202691337259
1792,0.6063919259882254
1793,0.7005887300252313
1794,0.6299411269974768
1795,0.7207737594617325
1796,0.8099243061396131
1797,0.7249789739276703
1798,0.7132043734230447
1799,0.6602186711522288
1800,0.7283431455004206
1801,0.6728343145500421
1802,0.6846089150546678
1803,0.5121951219512195
1804,0.6947014297729185
1805,0.703111858704794
1806,0.6585365853658537
1807,0.7073170731707317
1808,0.7375946173254837
1809,0.7098402018502943
1810,0.7047939444911689
1811,0.6686291000841043
1812,0.6980656013456686
1813,0.607232968881413
1814,0.7157275021026072
1815,0.7073170731707318
1816,0.687973086627418
1817,0.5618166526492852
1818,0.6972245584524811
1819,0.6105971404541631
1820,0.7392767031118587
1821,0.6854499579478553
1822,0.7039529015979815
1823,0.6921783010933557
1824,0.6921783010933558
1825,0.6248948696383516
1826,0.7325483599663584
1827,0.68040370058873
1828,0.7132043734230445
1829,0.6778805719091674
1830,0.6728343145500421
1831,0.7485281749369217
1832,0.7249789739276703
1833,0.6408746846089151
1834,0.7081581160639193
1835,0.7695542472666106
1836,0.6492851135407905
1837,0.7174095878889823
1838,0.7493692178301093
1839,0.6459209419680404
1840,0.6930193439865433
1841,0.6669470142977292
1842,0.6080740117746005
1843,0.6904962153069806
1844,0.7653490328006729
1845,0.7190916736753575
1846,0.6846089150546678
1847,0.6459209419680404
1848,0.7569386038687973
1849,0.7014297729184189
1850,0.6694701429772919
1851,0.7232968881412952
1852,0.6778805719091674
1853,0.6677880571909167
1854,0.7586206896551724
1855,0.6349873843566022
1856,0.6122792262405382
1857,0.6400336417157275
1858,0.6232127838519764
1859,0.5584524810765349
1860,0.6333052985702271
1861,0.6383515559293524
1862,0.6206896551724138
1863,0.671152228763667
1864,0.727502102607233
1865,0.5786375105130362
1866,0.6997476871320437
1867,0.7266610597140454
1868,0.7502102607232969
1869,0.7325483599663583
1870,0.6921783010933559
1871,0.7258200168208578
1872,0.6787216148023549
1873,0.7317073170731707
1874,0.7157275021026073
1875,0.7451640033641715
1876,0.6703111858704794
1877,0.5870479394449117
1878,0.6829268292682927
1879,0.7384356602186712
1880,0.6534903280067283
1881,0.7359125315391085
1882,0.689655172413793
1883,0.5912531539108494
1884,0.8107653490328007
1885,0.6383515559293523
1886,0.6593776282590411
1887,0.6896551724137931
1888,0.6669470142977292
1889,0.665264928511354
1890,0.6619007569386038
1891,0.6139613120269134
1892,0.6518082422203533
1893,0.7998317914213626
1894,0.7502102607232969
1895,0.7510513036164845
1896,0.7005887300252314
1897,0.6694701429772919
1898,0.7182506307821699
1899,0.5988225399495375
1900,0.695542472666106
1901,0.7485281749369217
1902,0.6602186711522288
1903,0.7308662741799832
1904,0.7569386038687973
1905,0.757779646761985
1906,0.6097560975609756
1907,0.6980656013456686
1908,0.629941126997477
1909,0.6274179983179142
1910,0.7081581160639193
1911,0.6509671993271656
1912,0.6265769554247267
1913,0.7527333894028595
1914,0.5971404541631623
1915,0.7586206896551724
1916,0.7771236333052987
1917,0.7283431455004206
1918,0.6181665264928512
1919,0.7375946173254836
1920,0.5811606391925987
1921,0.6644238856181665
1922,0.7165685449957948
1923,0.7182506307821699
1924,0.5853658536585367
1925,0.6745164003364171
1926,0.6955424726661059
1927,0.6333052985702271
1928,0.7266610597140455
1929,0.7224558452481077
1930,0.7148864592094197
1931,0.7468460891505466
1932,0.6257359125315392
1933,0.665264928511354
1934,0.656013456686291
1935,0.6030277544154752
1936,0.7140454163162321
1937,0.6778805719091674
1938,0.5786375105130361
1939,0.7140454163162321
1940,0.7005887300252313
1941,0.6450798990748529
1942,0.8040370058873002
1943,0.744322960470984
1944,0.671152228763667
1945,0.6518082422203533
1946,0.7132043734230447
1947,0.736753574432296
1948,0.6476030277544155
1949,0.6274179983179142
1950,0.6349873843566022
1951,0.6980656013456685
1952,0.6829268292682926
1953,0.6063919259882253
1954,0.7426408746846089
1955,0.6450798990748529
1956,0.6383515559293524
1957,0.5887300252312868
1958,0.751892346509672
1959,0.7174095878889823
1960,0.7005887300252313
1961,0.7434819175777965
1962,0.7535744322960471
1963,0.6846089150546678
1964,0.7098402018502944
1965,0.6787216148023549
1966,0.7535744322960471
1967,0.6904962153069807
1968,0.7132043734230445
1969,0.5929352396972245
1970,0.6324642556770396
1971,0.631623212783852
1972,0.534062237174096
1973,0.6736753574432296
1974,0.584524810765349
1975,0.6047098402018503
1976,0.5214465937762827
1977,0.6980656013456686
1978,0.6375105130361649
1979,0.625735912531539
1980,0.5769554247266611
1981,0.6299411269974768
1982,0.7056349873843566
1983,0.6854499579478553
1984,0.7291841883936081
1985,0.712363330529857
1986,0.7392767031118587
1987,0.7476871320437343
1988,0.7190916736753574
1989,0.6585365853658537
1990,0.7737594617325483
1991,0.6627417998317915
1992,0.6686291000841044
1993,0.6703111858704794
1994,0.7241379310344828
1995,0.7880571909167368
1996,0.6871320437342304
1997,0.6921783010933558
1998,0.6341463414634146
1999,0.6787216148023549
2000,0.6131202691337257
2001,0.6997476871320437
2002,0.6333052985702271
2003,0.744322960470984
2004,0.6963835155592935
2005,0.7476871320437343
2006,0.6963835155592935
2007,0.7720773759461732
2008,0.607232968881413
2009,0.719932716568545
2010,0.695542472666106
2011,0.6307821698906645
2012,0.689655172413793
2013,0.7115222876366695
2014,0.7434819175777965
2015,0.704793944491169
2016,0.6728343145500421
2017,0.6307821698906645
2018,0.7258200168208578
2019,0.7880571909167368
2020,0.7342304457527334
2021,0.6526492851135408
2022,0.7771236333052987
2023,0.7661900756938604
2024,0.736753574432296
2025,0.6610597140454163
2026,0.6391925988225399
2027,0.7241379310344828
2028,0.6307821698906645
2029,0.6955424726661059
2030,0.6871320437342305
2031,0.607232968881413
2032,0.7661900756938603
2033,0.6501261564339781
2034,0.6703111858704793
2035,0.703111858704794
2036,0.7005887300252313
2037,0.5988225399495374
2038,0.6703111858704794
2039,0.6635828427249789
2040,0.719932716568545
2041,0.7485281749369218
2042,0.6433978132884778
2043,0.7401177460050463
2044,0.7258200168208578
2045,0.6518082422203533
2046,0.6602186711522288
2047,0.6753574432296047
2048,0.7014297729184188
2049,0.7325483599663583
2050,0.6257359125315392
2051,0.7275021026072329
2052,0.6829268292682926
2053,0.648444070647603
2054,0.648444070647603
2055,0.6198486122792263
2056,0.8116063919259882
2057,0.6820857863751051
2058,0.5912531539108495
2059,0.7518923465096721
2060,0.7771236333052985
2061,0.5862068965517241
2062,0.6610597140454163
2063,0.6745164003364171
2064,0.7468460891505466
2065,0.7552565180824222
2066,0.7190916736753574
2067,0.6661059714045416
2068,0.6139613120269134
2069,0.7089991589571069
2070,0.7603027754415475
2071,0.6467619848612279
2072,0.6610597140454163
2073,0.6745164003364171
2074,0.7401177460050462
2075,0.6492851135407905
2076,0.7014297729184189
2077,0.6425567703952902
2078,0.7392767031118587
2079,0.6661059714045416
2080,0.6627417998317914
2081,0.5988225399495374
2082,0.7888982338099243
2083,0.8090832632464255
2084,0.5534062237174096
2085,0.6063919259882253
2086,0.7510513036164844
2087,0.7308662741799832
2088,0.6291000841042893
2089,0.697224558452481
2090,0.6921783010933558
2091,0.6492851135407905
2092,0.7073170731707318
2093,0.6669470142977292
2094,0.6425567703952901
2095,0.736753574432296
2096,0.7359125315391085
2097,0.7729184188393609
2098,0.6551724137931034
2099,0.648444070647603
2100,0.6829268292682927
2101,0.7039529015979815
2102,0.6341463414634146
2103,0.6257359125315392
2104,0.6055508830950378
2105,0.6913372582001682
2106,0.6795626576955425
2107,0.6576955424726662
2108,0.6038687973086627
2109,0.7384356602186711
2110,0.7216148023549201
2111,0.7064760302775442
2112,0.6635828427249789
2113,0.7947855340622372
2114,0.7140454163162321
2115,0.7224558452481077
2116,0.7014297729184188
2117,0.6627417998317914
2118,0.6375105130361649
2119,0.767031118587048
2120,0.7241379310344828
2121,0.6198486122792263
2122,0.6610597140454163
2123,0.7350714886459209
2124,0.6947014297729184
2125,0.7392767031118588
2126,0.7737594617325484
2127,0.757779646761985
2128,0.7527333894028595
2129,0.7207737594617326
2130,0.6644238856181665
2131,0.6198486122792263
2132,0.712363330529857
2133,0.7485281749369217
2134,0.6459209419680403
2135,0.7157275021026073
2136,0.7157275021026073
2137,0.656013456686291
2138,0.6812447434819175
2139,0.7645079899074854
2140,0.8015138772077376
2141,0.7073170731707317
2142,0.6248948696383515
2143,0.7014297729184188
2144,0.6206896551724138
2145,0.68040370058873
2146,0.6661059714045416
2147,0.7157275021026073
2148,0.7098402018502943
2149,0.7417998317914213
2150,0.6307821698906645
2151,0.7022708158116064
2152,0.6509671993271657
2153,0.6938603868797308
2154,0.6921783010933558
2155,0.7056349873843566
2156,0.7746005046257359
2157,0.6635828427249789
2158,0.6358284272497897
2159,0.7064760302775441
2160,0.7132043734230444
2161,0.6619007569386038
2162,0.6862910008410429
2163,0.7476871320437342
2164,0.6282590412111018
2165,0.6989066442388562
2166,0.7081581160639193
2167,0.6686291000841044
2168,0.6257359125315392
2169,0.5996635828427249
2170,0.6063919259882254
2171,0.6534903280067283
2172,0.6728343145500421
2173,0.6896551724137931
2174,0.63919259882254
2175,0.6576955424726662
2176,0.704793944491169
2177,0.68040370058873
2178,0.5264928511354079
2179,0.7552565180824221
2180,0.663582842724979
2181,0.7342304457527334
2182,0.7174095878889823
2183,0.5677039529015979
2184,0.7535744322960471
2185,0.5702270815811606
2186,0.6812447434819177
2187,0.6492851135407905
2188,0.7031118587047939
2189,0.7216148023549201
2190,0.6871320437342303
2191,0.6063919259882254
2192,0.6518082422203532
2193,0.7628259041211101
2194,0.624053826745164
2195,0.7703952901597981
2196,0.6980656013456686
2197,0.6627417998317914
2198,0.656013456686291
2199,0.7056349873843566
2200,0.6467619848612279
2201,0.6862910008410429
2202,0.625735912531539
2203,0.7636669470142977
2204,0.712363330529857
2205,0.7291841883936081
2206,0.7005887300252314
2207,0.6274179983179142
2208,0.7232968881412951
2209,0.7417998317914214
2210,0.671152228763667
2211,0.6349873843566022
2212,0.7115222876366695
2213,0.6198486122792263
2214,0.6122792262405383
2215,0.631623212783852
2216,0.776282590412111
2217,0.7720773759461732
2218,0.5912531539108494
2219,0.6139613120269134
2220,0.7039529015979814
2221,0.6795626576955425
2222,0.616484440706476
2223,0.657695542472666
2224,0.5895710681244744
2225,0.6181665264928512
2226,0.6425567703952902
2227,0.7485281749369218
2228,0.6375105130361649
2229,0.6745164003364171
2230,0.6904962153069806
2231,0.7064760302775441
2232,0.7552565180824222
2233,0.6408746846089151
2234,0.7426408746846089
2235,0.6551724137931034
2236,0.703111858704794
2237,0.6383515559293524
2238,0.7729184188393609
2239,0.6770395290159797
2240,0.5492010092514719
2241,0.6492851135407905
2242,0.7409587888982337
2243,0.757779646761985
2244,0.703111858704794
2245,0.6921783010933557
2246,0.6686291000841044
2247,0.6930193439865433
2248,0.7098402018502944
2249,0.7375946173254836
2250,0.6021867115222876
2251,0.6223717409587889
2252,0.6644238856181665
2253,0.5929352396972246
2254,0.7216148023549201
2255,0.7569386038687973
2256,0.6442388561816653
2257,0.7073170731707317
2258,0.7148864592094197
2259,0.7073170731707317
2260,0.648444070647603
2261,0.6652649285113541
2262,0.6938603868797308
2263,0.5853658536585366
2264,0.6862910008410429
2265,0.6888141295206055
2266,0.6005046257359125
2267,0.8015138772077375
2268,0.6829268292682927
2269,0.8242220353238014
2270,0.6888141295206055
2271,0.6425567703952901
2272,0.6829268292682927
2273,0.6585365853658537
2274,0.6341463414634146
2275,0.742640874684609
2276,0.7190916736753574
2277,0.7224558452481077
2278,0.6619007569386038
2279,0.6248948696383515
2280,0.6114381833473507
2281,0.6417157275021026
2282,0.7014297729184189
2283,0.6602186711522288
2284,0.6467619848612278
2285,0.567703952901598
2286,0.7291841883936081
2287,0.6837678721614803
2288,0.657695542472666
2289,0.6627417998317915
2290,0.6627417998317914
2291,0.7190916736753574
2292,0.6719932716568545
2293,0.7645079899074853
2294,0.6694701429772918
2295,0.7367535744322959
2296,0.7687132043734229
2297,0.6055508830950378
2298,0.6366694701429773
2299,0.7375946173254836
2300,0.6703111858704793
2301,0.663582842724979
2302,0.6871320437342304
2303,0.6089150546677881
2304,0.6627417998317914
2305,0.6450798990748529
2306,0.6719932716568545
2307,0.712363330529857
2308,0.7947855340622372
2309,0.6038687973086627
2310,0.703111858704794
2311,0.6509671993271656
2312,0.6223717409587889
2313,0.6694701429772919
2314,0.7241379310344828
2315,0.6232127838519764
2316,0.6888141295206056
2317,0.7073170731707317
2318,0.6694701429772919
2319,0.6450798990748529
2320,0.7375946173254837
2321,0.712363330529857
2322,0.6904962153069806
2323,0.6190075693860387
2324,0.5693860386879731
2325,0.6837678721614803
2326,0.6560134566862911
2327,0.6476030277544156
2328,0.7207737594617326
2329,0.6375105130361648
2330,0.68040370058873
2331,0.6635828427249789
2332,0.6913372582001682
2333,0.68040370058873
2334,0.6778805719091673
2335,0.6349873843566022
2336,0.5391084945332212
2337,0.7022708158116064
2338,0.6282590412111018
2339,0.68040370058873
2340,0.7258200168208578
2341,0.6509671993271657
2342,0.648444070647603
2343,0.5466778805719091
2344,0.703111858704794
2345,0.6989066442388562
2346,0.6442388561816653
2347,0.7409587888982339
2348,0.5164003364171572
2349,0.6921783010933558
2350,0.607232968881413
2351,0.7115222876366695
2352,0.7182506307821699
2353,0.7451640033641715
2354,0.6602186711522288
2355,0.6837678721614803
2356,0.6871320437342304
2357,0.6602186711522288
2358,0.7081581160639192
2359,0.687973086627418
2360,0.6476030277544155
2361,0.6736753574432296
2362,0.7300252312867956
2363,0.6846089150546678
2364,0.6846089150546678
2365,0.6635828427249789
2366,0.6223717409587889
2367,0.633305298570227
2368,0.6921783010933558
2369,0.6644238856181666
2370,0.7325483599663583
2371,0.6602186711522288
2372,0.6955424726661059
2373,0.6038687973086627
2374,0.7056349873843566
2375,0.7451640033641715
2376,0.7434819175777965
2377,0.5929352396972245
2378,0.5845248107653491
2379,0.6619007569386038
2380,0.7434819175777965
2381,0.6728343145500421
2382,0.6652649285113541
2383,0.7855340622371741
2384,0.7064760302775441
2385,0.5416316232127838
2386,0.6358284272497897
2387,0.6938603868797308
2388,0.6820857863751052
2389,0.7628259041211102
2390,0.6476030277544155
2391,0.6038687973086627
2392,0.7115222876366695
2393,0.5777964676198486
2394,0.6736753574432296
2395,0.7493692178301092
2396,0.6837678721614804
2397,0.6190075693860386
2398,0.7022708158116064
2399,0.6686291000841043
2400,0.7014297729184188
2401,0.6736753574432296
2402,0.7241379310344828
2403,0.6375105130361649
2404,0.7426408746846088
2405,0.6871320437342304
2406,0.6568544995794785
2407,0.6509671993271656
2408,0.7905803195962994
2409,0.6501261564339781
2410,0.7417998317914214
2411,0.6072329688814129
2412,0.6534903280067283
2413,0.6930193439865433
2414,0.6820857863751052
2415,0.7872161480235492
2416,0.6366694701429773
2417,0.7401177460050463
2418,0.7283431455004206
2419,0.6080740117746005
2420,0.5979814970563498
2421,0.6509671993271656
2422,0.6627417998317914
2423,0.5971404541631624
2424,0.6593776282590412
2425,0.6442388561816653
2426,0.6719932716568545
2427,0.6904962153069807
2428,0.6761984861227923
2429,0.7224558452481077
2430,0.6947014297729185
2431,0.7603027754415476
2432,0.7300252312867956
2433,0.6038687973086628
2434,0.703111858704794
2435,0.7460050462573591
2436,0.6745164003364171
2437,0.7493692178301093
2438,0.6862910008410429
2439,0.7132043734230447
2440,0.5828427249789739
2441,0.6551724137931034
2442,0.5937762825904122
2443,0.7014297729184188
2444,0.6694701429772918
2445,0.6947014297729185
2446,0.6551724137931034
2447,0.6888141295206055
2448,0.6391925988225399
2449,0.6122792262405383
2450,0.5500420521446594
2451,0.6013456686291001
2452,0.6232127838519764
2453,0.648444070647603
2454,0.6366694701429773
2455,0.6526492851135408
2456,0.7746005046257358
2457,0.5794785534062237
2458,0.6694701429772919
2459,0.6686291000841044
2460,0.625735912531539
2461,0.6534903280067283
2462,0.7249789739276703
2463,0.7073170731707317
2464,0.7089991589571069
2465,0.6829268292682927
2466,0.7392767031118588
2467,0.7451640033641715
2468,0.697224558452481
2469,0.657695542472666
2470,0.6938603868797308
2471,0.6366694701429773
2472,0.7485281749369219
2473,0.5735912531539108
2474,0.7216148023549201
2475,0.7964676198486123
2476,0.6383515559293524
2477,0.6904962153069806
2478,0.6215306980656014
2479,0.607232968881413
2480,0.7258200168208578
2481,0.7174095878889823
2482,0.7619848612279226
2483,0.7409587888982339
2484,0.7283431455004206
2485,0.735071488645921
2486,0.768713204373423
2487,0.7115222876366695
2488,0.5357443229604709
2489,0.6947014297729184
2490,0.657695542472666
2491,0.7384356602186711
2492,0.687973086627418
2493,0.6770395290159799
2494,0.6627417998317914
2495,0.6156433978132885
2496,0.8116063919259882
2497,0.6728343145500421
2498,0.7670311185870479
2499,0.751892346509672
2500,0.6972245584524811
2501,0.6719932716568545
2502,0.5634987384356602
2503,0.7569386038687973
2504,0.6198486122792262
2505,0.7266610597140454
2506,0.6862910008410428
2507,0.7577796467619848
2508,0.7729184188393607
2509,0.7140454163162321
2510,0.5239697224558453
2511,0.687973086627418
2512,0.7207737594617325
2513,0.729184188393608
2514,0.6551724137931035
2515,0.7872161480235492
2516,0.6795626576955425
2517,0.7073170731707317
2518,0.7317073170731708
2519,0.6677880571909167
2520,0.6576955424726662
2521,0.7653490328006728
2522,0.6568544995794786
2523,0.6602186711522288
2524,0.7367535744322959
2525,0.6812447434819175
2526,0.6232127838519764
2527,0.6366694701429774
2528,0.7628259041211102
2529,0.5391084945332212
2530,0.6913372582001682
2531,0.5954583683767872
2532,0.6568544995794786
2533,0.7064760302775441
2534,0.6846089150546678
2535,0.6694701429772918
2536,0.6333052985702271
2537,0.8889823380992431
2538,0.7333894028595459
2539,0.6736753574432296
2540,0.6669470142977292
2541,0.6694701429772919
2542,0.671152228763667
2543,0.7014297729184189
2544,0.6837678721614803
2545,0.7325483599663583
2546,0.7174095878889823
2547,0.6820857863751052
2548,0.6274179983179142
2549,0.5290159798149705
2550,0.6669470142977292
2551,0.7518923465096721
2552,0.671152228763667
2553,0.7359125315391085
2554,0.6375105130361649
2555,0.6972245584524811
2556,0.7140454163162321
2557,0.7384356602186712
2558,0.7081581160639192
2559,0.6938603868797308
2560,0.6593776282590412
2561,0.6619007569386038
2562,0.7645079899074853
2563,0.6947014297729184
2564,0.6551724137931034
2565,0.5803195962994112
2566,0.6366694701429773
2567,0.6333052985702271
2568,0.7132043734230445
2569,0.63919259882254
2570,0.6131202691337257
2571,0.575273338940286
2572,0.6358284272497897
2573,0.6232127838519764
2574,0.6391925988225399
2575,0.7653490328006729
2576,0.6745164003364171
2577,0.6862910008410429
2578,0.7434819175777965
2579,0.6837678721614802
2580,0.7998317914213625
2581,0.719932716568545
2582,0.6383515559293523
2583,0.5946173254835997
2584,0.6686291000841044
2585,0.8259041211101765
2586,0.6761984861227922
2587,0.5054667788057191
2588,0.5870479394449116
2589,0.616484440706476
2590,0.6862910008410429
2591,0.7064760302775442
2592,0.6122792262405382
2593,0.7729184188393607
2594,0.6736753574432296
2595,0.6417157275021026
2596,0.7014297729184189
2597,0.7342304457527333
2598,0.5979814970563498
2599,0.6921783010933558
2600,0.5475189234650968
2601,0.6862910008410429
2602,0.8031959629941127
2603,0.7762825904121111
2604,0.6375105130361649
2605,0.7241379310344828
2606,0.7132043734230445
2607,0.6921783010933558
2608,0.7073170731707317
2609,0.6778805719091674
2610,0.6526492851135408
2611,0.6021867115222876
2612,0.7157275021026073
2613,0.7089991589571069
2614,0.5777964676198486
2615,0.6677880571909167
2616,0.5954583683767871
2617,0.6854499579478553
2618,0.7426408746846089
2619,0.6728343145500421
2620,0.6190075693860387
2621,0.6997476871320437
2622,0.6947014297729184
2623,0.6930193439865433
2624,0.695542472666106
2625,0.6846089150546678
2626,0.6888141295206055
2627,0.7174095878889823
2628,0.7199327165685451
2629,0.7081581160639193
2630,0.6501261564339781
2631,0.7342304457527333
2632,0.6257359125315392
2633,0.7493692178301093
2634,0.7157275021026073
2635,0.6055508830950378
2636,0.7148864592094197
2637,0.7014297729184188
2638,0.5172413793103448
2639,0.5946173254835996
2640,0.7417998317914213
2641,0.6148023549201009
2642,0.7031118587047939
2643,0.7174095878889823
2644,0.6728343145500421
2645,0.7123633305298571
2646,0.6316232127838519
2647,0.6728343145500421
2648,0.6661059714045415
2649,0.6518082422203532
2650,0.6871320437342304
2651,0.8116063919259883
2652,0.7485281749369218
2653,0.703111858704794
2654,0.6972245584524811
2655,0.7115222876366695
2656,0.5937762825904122
2657,0.6862910008410429
2658,0.744322960470984
2659,0.6518082422203533
2660,0.6871320437342305
2661,0.7846930193439866
2662,0.776282590412111
2663,0.6274179983179142
2664,0.7098402018502944
2665,0.735071488645921
2666,0.5441547518923465
2667,0.6442388561816653
2668,0.6265769554247267
2669,0.689655172413793
2670,0.7468460891505466
2671,0.6534903280067283
2672,0.624053826745164
2673,0.6408746846089151
2674,0.6644238856181665
2675,0.6997476871320437
2676,0.6871320437342304
2677,0.6190075693860387
2678,0.7275021026072329
2679,0.703111858704794
2680,0.7098402018502944
2681,0.6997476871320438
2682,0.6947014297729185
2683,0.6644238856181665
2684,0.6997476871320438
2685,0.768713204373423
2686,0.5634987384356602
2687,0.7089991589571067
2688,0.6652649285113541
2689,0.6694701429772918
2690,0.7485281749369218
2691,0.6232127838519765
2692,0.6282590412111018
2693,0.6669470142977292
2694,0.6089150546677881
2695,0.7232968881412952
2696,0.744322960470984
2697,0.7232968881412952
2698,0.7409587888982337
2699,0.6677880571909167
2700,0.7359125315391084
2701,0.6156433978132885
2702,0.6341463414634145
2703,0.7140454163162321
2704,0.6972245584524811
2705,0.6947014297729184
2706,0.6602186711522289
2707,0.6770395290159799
2708,0.5962994112699747
2709,0.7300252312867956
2710,0.704793944491169
2711,0.6450798990748529
2712,0.7140454163162321
2713,0.7148864592094197
2714,0.5988225399495374
2715,0.7064760302775441
2716,0.663582842724979
2717,0.6989066442388563
2718,0.6534903280067283
2719,0.6417157275021026
2720,0.7031118587047939
2721,0.753574432296047
2722,0.6694701429772919
2723,0.6585365853658537
2724,0.7880571909167368
2725,0.7258200168208578
2726,0.7678721614802354
2727,0.7241379310344828
2728,0.7476871320437343
2729,0.704793944491169
2730,0.6299411269974768
2731,0.697224558452481
2732,0.6030277544154752
2733,0.7157275021026073
2734,0.7300252312867956
2735,0.6543313708999159
2736,0.6972245584524811
2737,0.6383515559293524
2738,0.719932716568545
2739,0.6097560975609756
2740,0.6551724137931034
2741,0.5660218671152228
2742,0.6871320437342304
2743,0.543313708999159
2744,0.7653490328006728
2745,0.5811606391925989
2746,0.5626576955424727
2747,0.6728343145500421
2748,0.6963835155592936
2749,0.7106812447434819
2750,0.6686291000841043
2751,0.6341463414634146
2752,0.6938603868797308
2753,0.6551724137931034
2754,0.6745164003364171
2755,0.6627417998317914
2756,0.5332211942809083
2757,0.7148864592094196
2758,0.7392767031118587
2759,0.7005887300252313
2760,0.6518082422203533
2761,0.6122792262405382
2762,0.5929352396972246
2763,0.6745164003364171
2764,0.6291000841042893
2765,0.7115222876366695
2766,0.7232968881412952
2767,0.72161480235492
2768,0.687973086627418
2769,0.6753574432296047
2770,0.624053826745164
2771,0.5794785534062237
2772,0.7434819175777965
2773,0.7174095878889823
2774,0.8074011774600505
2775,0.7157275021026072
2776,0.7216148023549201
2777,0.6526492851135407
2778,0.7846930193439866
2779,0.6955424726661059
2780,0.6030277544154752
2781,0.5735912531539109
2782,0.6930193439865433
2783,0.6938603868797308
2784,0.7039529015979815
2785,0.6980656013456686
2786,0.6425567703952901
2787,0.7005887300252313
2788,0.704793944491169
2789,0.6534903280067283
2790,0.5878889823380992
2791,0.7106812447434819
2792,0.6097560975609756
2793,0.6476030277544155
2794,0.6778805719091674
2795,0.6669470142977292
2796,0.7695542472666106
2797,0.744322960470984
2798,0.768713204373423
2799,0.7148864592094197
2800,0.7056349873843566
2801,0.7224558452481076
2802,0.6854499579478553
2803,0.7476871320437343
2804,0.6375105130361649
2805,0.7342304457527334
2806,0.6921783010933558
2807,0.6686291000841043
2808,0.6122792262405383
2809,0.6114381833473508
2810,0.6560134566862911
2811,0.7485281749369218
2812,0.736753574432296
2813,0.6904962153069807
2814,0.6820857863751052
2815,0.7510513036164844
2816,0.6358284272497897
2817,0.7746005046257359
2818,0.6417157275021026
2819,0.6930193439865433
2820,0.631623212783852
2821,0.6139613120269134
2822,0.695542472666106
2823,0.6980656013456685
2824,0.6938603868797308
2825,0.6089150546677881
2826,0.6761984861227923
2827,0.6745164003364171
2828,0.6543313708999159
2829,0.7468460891505467
2830,0.5517241379310345
2831,0.6955424726661059
2832,0.7266610597140454
2833,0.6568544995794786
2834,0.5929352396972246
2835,0.7232968881412952
2836,0.6223717409587889
2837,0.6299411269974768
2838,0.6854499579478553
2839,0.6854499579478553
2840,0.6955424726661059
2841,0.7401177460050462
2842,0.7333894028595459
2843,0.6089150546677881
2844,0.7392767031118587
2845,0.6989066442388562
2846,0.7174095878889823
2847,0.6989066442388563
2848,0.7232968881412952
2849,0.6787216148023549
2850,0.6761984861227922
2851,0.6627417998317914
2852,0.5727502102607233
2853,0.7603027754415475
2854,0.6080740117746005
2855,0.6543313708999159
2856,0.6551724137931034
2857,0.648444070647603
2858,0.6383515559293524
2859,0.7720773759461732
2860,0.6602186711522287
2861,0.6677880571909167
2862,0.744322960470984
2863,0.6349873843566023
2864,0.6585365853658536
2865,0.6055508830950379
2866,0.704793944491169
2867,0.6989066442388562
2868,0.5853658536585366
2869,0.5677039529015979
2870,0.6980656013456686
2871,0.7527333894028595
2872,0.5828427249789739
2873,0.6114381833473507
2874,0.7031118587047939
2875,0.7308662741799832
2876,0.5012615643397813
2877,0.7190916736753574
2878,0.6963835155592935
2879,0.6862910008410429
2880,0.7022708158116064
2881,0.6265769554247266
2882,0.7022708158116063
2883,0.7729184188393607
2884,0.7417998317914214
2885,0.7098402018502944
2886,0.6593776282590412
2887,0.6703111858704794
2888,0.6610597140454163
2889,0.6585365853658536
2890,0.648444070647603
2891,0.815811606391926
2892,0.6736753574432296
2893,0.6291000841042893
2894,0.6055508830950378
2895,0.7409587888982339
2896,0.7106812447434819
2897,0.703111858704794
2898,0.751892346509672
2899,0.5702270815811606
2900,0.6358284272497897
2901,0.751892346509672
2902,0.7275021026072329
2903,0.6719932716568545
2904,0.6366694701429773
2905,0.6989066442388562
2906,0.7325483599663583
2907,0.7905803195962994
2908,0.6063919259882254
2909,0.6576955424726662
2910,0.6677880571909167
2911,0.6711522287636669
2912,0.7300252312867956
2913,0.6627417998317914
2914,0.7241379310344828
2915,0.6703111858704794
2916,0.6114381833473507
2917,0.6913372582001682
2918,0.8065601345668629
2919,0.6778805719091674
2920,0.5878889823380993
2921,0.6232127838519764
2922,0.7476871320437342
2923,0.657695542472666
2924,0.7535744322960471
2925,0.7485281749369218
2926,0.6097560975609755
2927,0.5719091673675357
2928,0.592094196804037
2929,0.5887300252312868
2930,0.7014297729184188
2931,0.6913372582001682
2932,0.6164844407064761
2933,0.5416316232127838
2934,0.7897392767031118
2935,0.6930193439865433
2936,0.7157275021026072
2937,0.6291000841042893
2938,0.7451640033641715
2939,0.592094196804037
2940,0.6173254835996635
2941,0.6433978132884777
2942,0.6635828427249789
2943,0.7207737594617326
2944,0.6560134566862911
2945,0.665264928511354
2946,0.624053826745164
2947,0.7073170731707318
2948,0.7569386038687973
2949,0.7081581160639193
2950,0.7089991589571069
2951,0.7493692178301092
2952,0.7106812447434819
2953,0.7611438183347351
2954,0.6047098402018503
2955,0.7014297729184188
2956,0.6526492851135408
2957,0.6509671993271657
2958,0.7089991589571069
2959,0.5677039529015979
2960,0.6291000841042894
2961,0.6736753574432296
2962,0.744322960470984
2963,0.6703111858704794
2964,0.6921783010933558
2965,0.6265769554247266
2966,0.6644238856181666
2967,0.7073170731707317
2968,0.7014297729184188
2969,0.751892346509672
2970,0.7014297729184188
2971,0.6501261564339782
2972,0.689655172413793
2973,0.7804878048780488
2974,0.6307821698906644
2975,0.6114381833473507
2976,0.6492851135407905
2977,0.7359125315391085
2978,0.7098402018502944
2979,0.6459209419680404
2980,0.6492851135407905
2981,0.6719932716568545
2982,0.7401177460050463
2983,0.7174095878889823
2984,0.6904962153069807
2985,0.6324642556770395
2986,0.7426408746846089
2987,0.687973086627418
2988,0.7098402018502943
2989,0.6105971404541632
2990,0.7098402018502944
2991,0.744322960470984
2992,0.6291000841042893
2993,0.6442388561816652
2994,0.6854499579478553
2995,0.7830109335576114
2996,0.7342304457527334
2997,0.7619848612279226
2998,0.6627417998317914
2999,0.6307821698906644
3000,0.6703111858704794
3001,0.6291000841042893
3002,0.7174095878889823
3003,0.6846089150546678
3004,0.6215306980656014
3005,0.59798149705635
3006,0.6568544995794786
3007,0.5508830950378469
3008,0.6526492851135407
3009,0.5971404541631623
3010,0.671152228763667
3011,0.6181665264928511
3012,0.7510513036164844
3013,0.6139613120269134
3014,0.6820857863751051
3015,0.6610597140454163
3016,0.6602186711522288
3017,0.7157275021026073
3018,0.7426408746846089
3019,0.6602186711522288
3020,0.6619007569386038
3021,0.6644238856181665
3022,0.6030277544154752
3023,0.5592935239697224
3024,0.6627417998317914
3025,0.7939444911690496
3026,0.5946173254835997
3027,0.6518082422203532
3028,0.6694701429772918
3029,0.7384356602186711
3030,0.8216989066442388
3031,0.6913372582001682
3032,0.7317073170731707
3033,0.6450798990748529
3034,0.6206896551724138
3035,0.5979814970563498
3036,0.6492851135407905
3037,0.7510513036164844
3038,0.648444070647603
3039,0.6812447434819177
3040,0.6038687973086627
3041,0.6307821698906644
3042,0.6871320437342304
3043,0.7249789739276703
3044,0.5710681244743482
3045,0.5946173254835997
3046,0.5449957947855341
3047,0.6114381833473507
3048,0.725820016820858
3049,0.6644238856181665
3050,0.68040370058873
3051,0.6787216148023548
3052,0.7216148023549201
3053,0.6703111858704793
3054,0.6383515559293523
3055,0.7258200168208578
3056,0.6291000841042893
3057,0.6105971404541631
3058,0.5853658536585366
3059,0.8183347350714887
3060,0.6795626576955425
3061,0.7560975609756098
3062,0.5803195962994112
3063,0.8107653490328007
3064,0.6366694701429773
3065,0.6349873843566022
3066,0.753574432296047
3067,0.7712363330529857
3068,0.6677880571909167
3069,0.7544154751892347
3070,0.7098402018502944
3071,0.6795626576955425
3072,0.6568544995794786
3073,0.7132043734230445
3074,0.6602186711522288
3075,0.6568544995794785
3076,0.7434819175777965
3077,0.7384356602186711
3078,0.7771236333052987
3079,0.6316232127838519
3080,0.7165685449957948
3081,0.7224558452481077
3082,0.7132043734230447
3083,0.704793944491169
3084,0.6795626576955425
3085,0.6719932716568545
3086,0.7165685449957947
3087,0.687973086627418
3088,0.575273338940286
3089,0.5887300252312868
3090,0.7409587888982339
3091,0.7796467619848613
3092,0.6694701429772918
3093,0.6703111858704793
3094,0.6829268292682927
3095,0.5592935239697224
3096,0.768713204373423
3097,0.6232127838519764
3098,0.6728343145500421
3099,0.6661059714045415
3100,0.671152228763667
3101,0.656013456686291
3102,0.6820857863751052
3103,0.6661059714045416
3104,0.6921783010933558
3105,0.5542472666105971
3106,0.7905803195962994
3107,0.7258200168208578
3108,0.6644238856181666
3109,0.7199327165685451
3110,0.7468460891505466
3111,0.7375946173254836
3112,0.6627417998317914
3113,0.8015138772077376
3114,0.6408746846089151
3115,0.631623212783852
3116,0.7375946173254836
3117,0.704793944491169
3118,0.704793944491169
3119,0.7645079899074854
3120,0.6989066442388562
3121,0.7846930193439866
3122,0.631623212783852
3123,0.6770395290159799
3124,0.689655172413793
3125,0.6963835155592935
3126,0.6627417998317914
3127,0.7182506307821699
3128,0.671152228763667
3129,0.6913372582001682
3130,0.6047098402018503
3131,0.7771236333052987
3132,0.7190916736753574
3133,0.7695542472666106
3134,0.5365853658536586
3135,0.689655172413793
3136,0.6854499579478553
3137,0.6736753574432296
3138,0.671152228763667
3139,0.6619007569386038
3140,0.6837678721614803
3141,0.6417157275021026
3142,0.6257359125315392
3143,0.6383515559293523
3144,0.6980656013456686
3145,0.6619007569386038
3146,0.7123633305298571
3147,0.736753574432296
3148,0.6265769554247267
3149,0.7190916736753574
3150,0.7249789739276703
3151,0.7636669470142977
3152,0.7207737594617325
3153,0.7014297729184188
3154,0.625735912531539
3155,0.5979814970563498
3156,0.7317073170731707
3157,0.7535744322960471
3158,0.695542472666106
3159,0.7695542472666106
3160,0.7098402018502944
3161,0.6669470142977292
3162,0.6375105130361648
3163,0.5668629100084104
3164,0.6770395290159797
3165,0.6030277544154752
3166,0.6501261564339782
3167,0.6854499579478553
3168,0.6442388561816652
3169,0.6652649285113541
3170,0.6703111858704794
3171,0.6745164003364171
3172,0.7510513036164845
3173,0.8208578637510513
3174,0.6745164003364171
3175,0.5332211942809083
3176,0.6097560975609756
3177,0.6063919259882253
3178,0.6509671993271656
3179,0.5458368376787216
3180,0.6904962153069806
3181,0.6980656013456686
3182,0.6063919259882254
3183,0.6198486122792263
3184,0.6501261564339781
3185,0.7148864592094197
3186,0.7552565180824221
3187,0.6661059714045416
3188,0.7266610597140455
3189,0.6568544995794785
3190,0.7611438183347351
3191,0.5929352396972245
3192,0.7409587888982339
3193,0.6787216148023549
3194,0.6232127838519764
3195,0.8158116063919261
3196,0.6173254835996635
3197,0.6677880571909166
3198,0.6206896551724138
3199,0.6913372582001682
3200,0.6072329688814129
3201,0.6719932716568545
3202,0.616484440706476
3203,0.6341463414634146
3204,0.6888141295206055
3205,0.6627417998317914
3206,0.5794785534062238
3207,0.6778805719091674
3208,0.7106812447434819
3209,0.6543313708999159
3210,0.7527333894028596
3211,0.5811606391925989
3212,0.703111858704794
3213,0.6644238856181666
3214,0.7560975609756098
3215,0.5828427249789739
3216,0.7569386038687973
3217,0.7628259041211102
3218,0.703111858704794
3219,0.6619007569386038
3220,0.6829268292682927
3221,0.5937762825904122
3222,0.6938603868797308
3223,0.6206896551724138
3224,0.6459209419680404
3225,0.6005046257359126
3226,0.5853658536585366
3227,0.7022708158116064
3228,0.6148023549201009
3229,0.7468460891505467
3230,0.7165685449957947
3231,0.7872161480235491
3232,0.6459209419680404
3233,0.7342304457527333
3234,0.6997476871320437
3235,0.7779646761984861
3236,0.6888141295206055
3237,0.7830109335576114
3238,0.7207737594617326
3239,0.7468460891505466
3240,0.6854499579478553
3241,0.7140454163162322
3242,0.7249789739276703
3243,0.7241379310344828
3244,0.6787216148023549
3245,0.6257359125315392
3246,0.6476030277544156
3247,0.7527333894028596
3248,0.6341463414634146
3249,0.671152228763667
3250,0.6509671993271656
3251,0.6736753574432296
3252,0.6501261564339781
3253,0.6383515559293523
3254,0.7115222876366695
3255,0.6038687973086627
3256,0.6366694701429773
3257,0.6610597140454163
3258,0.6694701429772918
3259,0.7552565180824222
3260,0.6610597140454163
3261,0.6282590412111018
3262,0.7417998317914214
3263,0.7333894028595459
3264,0.6997476871320437
3265,0.6425567703952902
3266,0.7081581160639192
3267,0.7005887300252313
3268,0.6055508830950379
3269,0.7081581160639193
3270,0.7207737594617326
3271,0.6459209419680404
3272,0.663582842724979
3273,0.6156433978132885
3274,0.695542472666106
3275,0.6248948696383515
3276,0.7266610597140454
3277,0.654331370899916
3278,0.6837678721614803
3279,0.7249789739276703
3280,0.7157275021026073
3281,0.6921783010933558
3282,0.7089991589571069
3283,0.7754415475189235
3284,0.7661900756938604
3285,0.5727502102607233
3286,0.7619848612279225
3287,0.6223717409587889
3288,0.7350714886459209
3289,0.5853658536585366
3290,0.6871320437342304
3291,0.6904962153069806
3292,0.5534062237174096
3293,0.6526492851135408
3294,0.6459209419680404
3295,0.6661059714045416
3296,0.6433978132884777
3297,0.6963835155592935
3298,0.7922624053826746
3299,0.7317073170731707
3300,0.6585365853658537
3301,0.6131202691337259
3302,0.7190916736753574
3303,0.7611438183347351
3304,0.7384356602186711
3305,0.7451640033641715
3306,0.68040370058873
3307,0.6837678721614803
3308,0.654331370899916
3309,0.6358284272497897
3310,0.6661059714045416
3311,0.6366694701429773
3312,0.6921783010933558
3313,0.5735912531539108
3314,0.5912531539108494
3315,0.744322960470984
3316,0.6206896551724138
3317,0.7140454163162322
3318,0.6652649285113541
3319,0.5618166526492852
3320,0.6114381833473507
3321,0.7165685449957948
3322,0.631623212783852
3323,0.7182506307821699
3324,0.6686291000841044
3325,0.7880571909167366
3326,0.6888141295206055
3327,0.6627417998317914
3328,0.7712363330529857
3329,0.6047098402018503
3330,0.7804878048780488
3331,0.712363330529857
3332,0.6963835155592936
3333,0.5853658536585366
3334,0.695542472666106
3335,0.6526492851135407
3336,0.5962994112699748
3337,0.6635828427249789
3338,0.6846089150546678
3339,0.7005887300252313
3340,0.6728343145500421
3341,0.7098402018502944
3342,0.7342304457527333
3343,0.6770395290159799
3344,0.7216148023549201
3345,0.7157275021026073
3346,0.7830109335576114
3347,0.719932716568545
3348,0.7174095878889822
3349,0.687973086627418
3350,0.6753574432296047
3351,0.8040370058873002
3352,0.7157275021026072
3353,0.7275021026072329
3354,0.6148023549201009
3355,0.6299411269974768
3356,0.7434819175777965
3357,0.6324642556770395
3358,0.6610597140454163
3359,0.7005887300252314
3360,0.712363330529857
3361,0.6719932716568545
3362,0.6770395290159797
3363,0.712363330529857
3364,0.7434819175777965
3365,0.6703111858704794
3366,0.6753574432296047
3367,0.6812447434819175
3368,0.6862910008410429
3369,0.671152228763667
3370,0.7661900756938603
3371,0.808242220353238
3372,0.592094196804037
3373,0.7737594617325483
3374,0.6930193439865433
3375,0.7064760302775441
3376,0.6156433978132885
3377,0.75946173254836
3378,0.6375105130361649
3379,0.8015138772077376
3380,0.7115222876366695
3381,0.6820857863751051
3382,0.6921783010933557
3383,0.7300252312867956
3384,0.5786375105130361
3385,0.6972245584524811
3386,0.6568544995794785
3387,0.7174095878889823
3388,0.6677880571909168
3389,0.7392767031118587
3390,0.6930193439865433
3391,0.7628259041211102
3392,0.6576955424726662
3393,0.7712363330529857
3394,0.7375946173254836
3395,0.6156433978132885
3396,0.6265769554247267
3397,0.687973086627418
3398,0.6467619848612279
3399,0.6778805719091673
3400,0.584524810765349
3401,0.5702270815811606
3402,0.7796467619848613
3403,0.6282590412111018
3404,0.6148023549201009
3405,0.768713204373423
3406,0.7594617325483599
3407,0.6812447434819175
3408,0.6223717409587889
3409,0.6812447434819177
3410,0.6854499579478553
3411,0.7518923465096721
3412,0.72161480235492
3413,0.6265769554247267
3414,0.7148864592094196
3415,0.68040370058873
3416,0.7232968881412952
3417,0.7754415475189235
3418,0.7249789739276703
3419,0.7527333894028596
3420,0.6568544995794785
3421,0.6063919259882253
3422,0.7611438183347351
3423,0.6787216148023549
3424,0.6089150546677881
3425,0.6930193439865433
3426,0.7417998317914214
3427,0.6173254835996635
3428,0.7283431455004205
3429,0.6307821698906645
3430,0.7703952901597981
3431,0.7392767031118588
3432,0.7342304457527333
3433,0.7880571909167368
3434,0.6291000841042893
3435,0.7401177460050463
3436,0.776282590412111
3437,0.6719932716568545
3438,0.7232968881412952
3439,0.616484440706476
3440,0.6778805719091673
3441,0.6299411269974768
3442,0.7493692178301093
3443,0.7888982338099244
3444,0.6955424726661059
3445,0.6576955424726662
3446,0.5895710681244744
3447,0.6829268292682927
3448,0.6644238856181666
3449,0.6055508830950379
3450,0.5937762825904122
3451,0.6131202691337259
3452,0.6450798990748527
3453,0.6770395290159797
3454,0.5710681244743482
3455,0.7148864592094196
3456,0.7384356602186711
3457,0.8124474348191758
3458,0.6719932716568545
3459,0.6753574432296047
3460,0.7224558452481076
3461,0.6846089150546678
3462,0.7249789739276703
3463,0.5626576955424727
3464,0.7300252312867956
3465,0.7939444911690496
3466,0.5803195962994112
3467,0.6333052985702271
3468,0.6904962153069807
3469,0.6635828427249789
3470,0.7678721614802355
3471,0.695542472666106
3472,0.6543313708999159
3473,0.599663582842725
3474,0.6745164003364171
3475,0.6324642556770395
3476,0.6947014297729184
3477,0.7552565180824221
3478,0.671152228763667
3479,0.6921783010933558
3480,0.6492851135407905
3481,0.6534903280067283
3482,0.785534062237174
3483,0.558452481076535
3484,0.6509671993271656
3485,0.7014297729184188
3486,0.6778805719091674
3487,0.6257359125315392
3488,0.6585365853658537
3489,0.6719932716568545
3490,0.6450798990748529
3491,0.665264928511354
3492,0.6568544995794785
3493,0.7409587888982337
3494,0.6829268292682926
3495,0.6846089150546678
3496,0.5828427249789739
3497,0.7132043734230445
3498,0.8292682926829268
3499,0.735071488645921
3500,0.6719932716568545
3501,0.8267451640033642
3502,0.7182506307821699
3503,0.6307821698906645
3504,0.6534903280067283
3505,0.7022708158116063
3506,0.584524810765349
3507,0.7880571909167368
3508,0.6652649285113541
3509,0.648444070647603
3510,0.7182506307821699
3511,0.7451640033641715
3512,0.6383515559293523
3513,0.7174095878889823
3514,0.6366694701429774
3515,0.6476030277544155
3516,0.6871320437342304
3517,0.6837678721614802
3518,0.6190075693860387
3519,0.6761984861227923
3520,0.6383515559293524
3521,0.6871320437342304
3522,0.5315391084945333
3523,0.6989066442388562
3524,0.6761984861227922
3525,0.6105971404541631
3526,0.7333894028595459
3527,0.6341463414634146
3528,0.6324642556770396
3529,0.6627417998317914
3530,0.5567703952901598
3531,0.7947855340622372
3532,0.6593776282590412
3533,0.6930193439865433
3534,0.6627417998317914
3535,0.7577796467619848
3536,0.6476030277544155
3537,0.6972245584524811
3538,0.7216148023549201
3539,0.7266610597140455
3540,0.7216148023549201
3541,0.7073170731707317
3542,0.6139613120269134
3543,0.6753574432296047
3544,0.7224558452481077
3545,0.624053826745164
3546,0.6921783010933558
3547,0.6980656013456686
3548,0.6635828427249789
3549,0.7317073170731708
3550,0.6408746846089151
3551,0.712363330529857
3552,0.6837678721614803
3553,0.6812447434819177
3554,0.6862910008410429
3555,0.6661059714045416
3556,0.7678721614802355
3557,0.7502102607232969
3558,0.7182506307821699
3559,0.7039529015979815
3560,0.6619007569386038
3561,0.5853658536585367
3562,0.6534903280067283
3563,0.6291000841042893
3564,0.7073170731707317
3565,0.6652649285113541
3566,0.7224558452481076
3567,0.6661059714045416
3568,0.7300252312867956
3569,0.6804037005887301
3570,0.6349873843566022
3571,0.6812447434819177
3572,0.7409587888982337
3573,0.6459209419680403
3574,0.6551724137931034
3575,0.7417998317914214
3576,0.7064760302775441
3577,0.6719932716568545
3578,0.552565180824222
3579,0.7981497056349874
3580,0.7014297729184188
3581,0.5710681244743481
3582,0.607232968881413
3583,0.7157275021026073
3584,0.7157275021026072
3585,0.7039529015979815
3586,0.7577796467619848
3587,0.648444070647603
3588,0.6888141295206056
3589,0.6997476871320437
3590,0.6534903280067285
3591,0.736753574432296
3592,0.6417157275021026
3593,0.6518082422203533
3594,0.6585365853658537
3595,0.7628259041211102
3596,0.6476030277544155
3597,0.7132043734230445
3598,0.5744322960470984
3599,0.6888141295206056
3600,0.5988225399495374
3601,0.6770395290159797
3602,0.648444070647603
3603,0.6055508830950379
3604,0.6879730866274181
3605,0.6904962153069807
3606,0.6703111858704793
3607,0.6534903280067283
3608,0.6265769554247267
3609,0.6694701429772918
3610,0.6316232127838519
3611,0.5971404541631623
3612,0.5988225399495374
3613,0.6341463414634146
3614,0.6375105130361649
3615,0.6055508830950378
3616,0.68040370058873
3617,0.6248948696383515
3618,0.6904962153069807
3619,0.727502102607233
3620,0.5895710681244744
3621,0.631623212783852
3622,0.6375105130361648
3623,0.6619007569386038
3624,0.7510513036164844
3625,0.5937762825904122
3626,0.6904962153069807
3627,0.6862910008410429
3628,0.6947014297729184
3629,0.6459209419680404
3630,0.6989066442388562
3631,0.7207737594617325
3632,0.703111858704794
3633,0.6274179983179142
3634,0.7350714886459209
3635,0.7190916736753574
3636,0.6215306980656014
3637,0.6997476871320437
3638,0.6358284272497897
3639,0.7375946173254836
3640,0.6105971404541631
3641,0.656013456686291
3642,0.5862068965517242
3643,0.7375946173254836
3644,0.7266610597140455
3645,0.6534903280067283
3646,0.6871320437342304
3647,0.624053826745164
3648,0.6425567703952901
3649,0.703111858704794
3650,0.7165685449957947
3651,0.6375105130361649
3652,0.7216148023549201
3653,0.6761984861227923
3654,0.6963835155592936
3655,0.6846089150546678
3656,0.7569386038687973
3657,0.6576955424726662
3658,0.6526492851135408
3659,0.6232127838519765
3660,0.6156433978132885
3661,0.7527333894028595
3662,0.7182506307821699
3663,0.7569386038687973
3664,0.6366694701429773
3665,0.798990748528175
3666,0.6593776282590412
3667,0.753574432296047
3668,0.6543313708999159
3669,0.7081581160639193
3670,0.7031118587047939
3671,0.7232968881412952
3672,0.6652649285113541
3673,0.6215306980656014
3674,0.6417157275021026
3675,0.744322960470984
3676,0.7813288477712362
3677,0.7359125315391085
3678,0.68040370058873
3679,0.68040370058873
3680,0.6349873843566022
3681,0.6963835155592935
3682,0.6072329688814129
3683,0.7115222876366695
3684,0.6206896551724138
3685,0.7375946173254836
3686,0.6265769554247267
3687,0.7132043734230447
3688,0.6686291000841044
3689,0.768713204373423
3690,0.6837678721614803
3691,0.7174095878889823
3692,0.6324642556770396
3693,0.6526492851135408
3694,0.703111858704794
3695,0.6627417998317914
3696,0.6854499579478553
3697,0.6442388561816653
3698,0.6921783010933557
3699,0.6257359125315392
3700,0.7165685449957948
3701,0.6307821698906645
3702,0.7375946173254836
3703,0.6551724137931035
3704,0.6551724137931034
3705,0.6047098402018503
3706,0.6913372582001682
3707,0.7493692178301093
3708,0.7148864592094196
3709,0.6442388561816653
3710,0.671152228763667
3711,0.7821698906644239
3712,0.695542472666106
3713,0.7098402018502944
3714,0.6576955424726662
3715,0.6585365853658537
3716,0.6719932716568545
3717,0.8183347350714887
3718,0.7434819175777965
3719,0.7350714886459209
3720,0.687973086627418
3721,0.6593776282590412
3722,0.6047098402018503
3723,0.7914213624894869
3724,0.6846089150546678
3725,0.7157275021026072
3726,0.7325483599663583
3727,0.7031118587047939
3728,0.6644238856181666
3729,0.7022708158116064
3730,0.5542472666105971
3731,0.7476871320437343
3732,0.6904962153069807
3733,0.6551724137931034
3734,0.744322960470984
3735,0.6871320437342304
3736,0.575273338940286
3737,0.7115222876366696
3738,0.6156433978132885
3739,0.6114381833473507
3740,0.7703952901597981
3741,0.5878889823380993
3742,0.6030277544154752
3743,0.6122792262405383
3744,0.6871320437342304
3745,0.6408746846089151
3746,0.656013456686291
3747,0.6736753574432296
3748,0.695542472666106
3749,0.8006728343145499
3750,0.7005887300252313
3751,0.68040370058873
3752,0.6904962153069807
3753,0.7064760302775441
3754,0.7468460891505466
3755,0.7106812447434819
3756,0.8687973086627419
3757,0.7275021026072329
3758,0.7165685449957947
3759,0.7813288477712363
3760,0.753574432296047
3761,0.5458368376787217
3762,0.6173254835996635
3763,0.6913372582001682
3764,0.7367535744322962
3765,0.6467619848612279
3766,0.80067283431455
3767,0.6677880571909167
3768,0.7300252312867958
3769,0.6686291000841043
3770,0.7535744322960471
3771,0.7123633305298571
3772,0.6526492851135407
3773,0.6038687973086628
3774,0.7073170731707317
3775,0.7207737594617326
3776,0.7317073170731707
3777,0.6602186711522288
3778,0.695542472666106
3779,0.7266610597140454
3780,0.68040370058873
3781,0.712363330529857
3782,0.7670311185870479
3783,0.6795626576955425
3784,0.703111858704794
3785,0.7527333894028595
3786,0.6652649285113541
3787,0.5954583683767872
3788,0.7973086627417999
3789,0.6534903280067283
3790,0.5534062237174096
3791,0.6619007569386038
3792,0.744322960470984
3793,0.6383515559293524
3794,0.7308662741799832
3795,0.7527333894028595
3796,0.5618166526492852
3797,0.7375946173254836
3798,0.7956265769554247
3799,0.6122792262405383
3800,0.6560134566862911
3801,0.6753574432296047
3802,0.6829268292682926
3803,0.6341463414634146
3804,0.6534903280067283
3805,0.6686291000841044
3806,0.6686291000841044
3807,0.657695542472666
3808,0.727502102607233
3809,0.6602186711522288
3810,0.6131202691337257
3811,0.616484440706476
3812,0.7830109335576114
3813,0.6677880571909167
3814,0.7788057190916737
3815,0.7485281749369217
3816,0.6509671993271657
3817,0.6038687973086627
3818,0.6795626576955425
3819,0.6526492851135407
3820,0.6156433978132885
3821,0.7249789739276703
3822,0.7182506307821699
3823,0.7014297729184189
3824,0.7031118587047939
3825,0.629941126997477
3826,0.7460050462573591
3827,0.7401177460050463
3828,0.8031959629941127
3829,0.6947014297729185
3830,0.661900756938604
3831,0.7005887300252313
3832,0.7115222876366695
3833,0.7417998317914214
3834,0.7577796467619848
3835,0.7409587888982339
3836,0.6686291000841043
3837,0.68040370058873
3838,0.7544154751892347
3839,0.6921783010933558
3840,0.7544154751892347
3841,0.7056349873843566
3842,0.7703952901597981
3843,0.6181665264928512
3844,0.6274179983179142
3845,0.6661059714045416
3846,0.6812447434819175
3847,0.6854499579478553
3848,0.7283431455004206
3849,0.7190916736753574
3850,0.6719932716568545
3851,0.6501261564339782
3852,0.569386038687973
3853,0.5946173254835997
3854,0.5618166526492852
3855,0.6812447434819175
3856,0.703111858704794
3857,0.7056349873843566
3858,0.7014297729184189
3859,0.6534903280067283
3860,0.815811606391926
3861,0.7611438183347351
3862,0.6198486122792263
3863,0.6677880571909167
3864,0.6610597140454163
3865,0.6097560975609756
3866,0.6871320437342305
3867,0.7022708158116063
3868,0.6930193439865433
3869,0.6795626576955425
3870,0.6795626576955425
3871,0.663582842724979
3872,0.6585365853658537
3873,0.6652649285113541
3874,0.6013456686291001
3875,0.727502102607233
3876,0.6761984861227923
3877,0.6602186711522288
3878,0.7291841883936081
3879,0.6761984861227922
3880,0.7485281749369218
3881,0.7485281749369218
3882,0.7350714886459209
3883,0.624053826745164
3884,0.656013456686291
3885,0.5870479394449117
3886,0.6854499579478553
3887,0.6736753574432296
3888,0.7005887300252313
3889,0.7249789739276703
3890,0.6526492851135408
3891,0.7106812447434819
3892,0.6837678721614803
3893,0.7266610597140454
3894,0.6862910008410429
3895,0.6257359125315392
3896,0.7846930193439865
3897,0.6846089150546677
3898,0.6846089150546678
3899,0.7544154751892347
3900,0.6913372582001682
3901,0.6862910008410429
3902,0.753574432296047
3903,0.6543313708999159
3904,0.7073170731707317
3905,0.6038687973086627
3906,0.6719932716568545
3907,0.7300252312867956
3908,0.6610597140454163
3909,0.7207737594617325
3910,0.5811606391925989
3911,0.6265769554247267
3912,0.6602186711522288
3913,0.6585365853658536
3914,0.719932716568545
3915,0.68040370058873
3916,0.7308662741799832
3917,0.6400336417157275
3918,0.6240538267451641
3919,0.7325483599663583
3920,0.7064760302775441
3921,0.7266610597140454
3922,0.6778805719091674
3923,0.7931034482758621
3924,0.6913372582001681
3925,0.7207737594617326
3926,0.6862910008410429
3927,0.7359125315391084
3928,0.648444070647603
3929,0.7190916736753574
3930,0.7401177460050463
3931,0.6534903280067282
3932,0.7569386038687973
3933,0.6804037005887301
3934,0.6686291000841043
3935,0.6501261564339781
3936,0.654331370899916
3937,0.6551724137931034
3938,0.7249789739276703
3939,0.7577796467619848
3940,0.7174095878889823
3941,0.7443229604709841
3942,0.6913372582001682
3943,0.6341463414634146
3944,0.7115222876366694
3945,0.7199327165685451
3946,0.6837678721614802
3947,0.7527333894028596
3948,0.7039529015979815
3949,0.7746005046257359
3950,0.5988225399495374
3951,0.5803195962994112
3952,0.7577796467619848
3953,0.663582842724979
3954,0.712363330529857
3955,0.7317073170731707
3956,0.6980656013456686
3957,0.6072329688814129
3958,0.7947855340622372
3959,0.6610597140454163
3960,0.575273338940286
3961,0.584524810765349
3962,0.6947014297729185
3963,0.6299411269974768
3964,0.7619848612279225
3965,0.7098402018502944
3966,0.7417998317914214
3967,0.8116063919259883
3968,0.7384356602186711
3969,0.7510513036164844
3970,0.6349873843566022
3971,0.7291841883936081
3972,0.6745164003364171
3973,0.6820857863751051
3974,0.6989066442388562
3975,0.703111858704794
3976,0.6904962153069807
3977,0.593776282590412
3978,0.7712363330529857
3979,0.7132043734230445
3980,0.7325483599663583
3981,0.736753574432296
3982,0.7081581160639192
3983,0.6526492851135408
3984,0.7266610597140454
3985,0.6265769554247267
3986,0.6349873843566022
3987,0.6837678721614803
3988,0.6963835155592935
3989,0.8048780487804877
3990,0.789739276703112
3991,0.6980656013456686
3992,0.6602186711522288
3993,0.7190916736753574
3994,0.6997476871320437
3995,0.6972245584524811
3996,0.6526492851135407
3997,0.616484440706476
3998,0.6442388561816653
3999,0.6206896551724138
4000,0.7544154751892347
4001,0.6433978132884777
4002,0.6862910008410429
4003,0.689655172413793
4004,0.6509671993271656
4005,0.6005046257359126
4006,0.7174095878889823
4007,0.7636669470142977
4008,0.6274179983179142
4009,0.7527333894028595
4010,0.5912531539108494
4011,0.744322960470984
4012,0.6013456686291001
4013,0.6543313708999159
4014,0.6408746846089151
4015,0.687973086627418
4016,0.7182506307821699
4017,0.6753574432296047
4018,0.7249789739276703
4019,0.6122792262405382
4020,0.751892346509672
4021,0.6619007569386038
4022,0.6223717409587889
4023,0.7291841883936081
4024,0.629941126997477
4025,0.6333052985702271
4026,0.6105971404541631
4027,0.6215306980656012
4028,0.6450798990748527
4029,0.693860386879731
4030,0.5954583683767872
4031,0.7333894028595458
4032,0.5382674516400336
4033,0.7098402018502944
4034,0.7518923465096721
4035,0.6753574432296047
4036,0.7249789739276704
4037,0.712363330529857
4038,0.661900756938604
4039,0.6862910008410429
4040,0.6476030277544154
4041,0.6467619848612279
4042,0.6324642556770396
4043,0.6753574432296047
4044,0.7434819175777965
4045,0.7460050462573591
4046,0.703111858704794
4047,0.725820016820858
4048,0.6038687973086627
4049,0.5643397813288478
4050,0.5820016820857863
4051,0.7165685449957948
4052,0.6257359125315392
4053,0.703111858704794
4054,0.5887300252312868
4055,0.7762825904121111
4056,0.6677880571909167
4057,0.6661059714045416
4058,0.640874684608915
4059,0.6055508830950379
4060,0.6349873843566022
4061,0.6148023549201009
4062,0.6576955424726662
4063,0.6719932716568545
4064,0.6753574432296047
4065,0.7308662741799832
4066,0.6333052985702271
4067,0.8065601345668629
4068,0.5500420521446594
4069,0.7064760302775442
4070,0.6770395290159797
4071,0.671152228763667
4072,0.6206896551724138
4073,0.7375946173254836
4074,0.6644238856181665
4075,0.7190916736753574
4076,0.640874684608915
4077,0.6745164003364171
4078,0.7872161480235491
4079,0.719932716568545
4080,0.6913372582001682
4081,0.6837678721614803
4082,0.6921783010933558
4083,0.7022708158116063
4084,0.6694701429772918
4085,0.6989066442388562
4086,0.6190075693860387
4087,0.6526492851135408
4088,0.5542472666105971
4089,0.6770395290159797
4090,0.7973086627417999
4091,0.7283431455004205
4092,0.6181665264928512
4093,0.7653490328006729
4094,0.648444070647603
4095,0.7064760302775441
4096,0.6476030277544155
4097,0.7333894028595459
4098,0.6375105130361648
4099,0.6307821698906645
4100,0.7165685449957947
4101,0.6787216148023549
4102,0.6703111858704794
4103,0.6921783010933558
4104,0.7560975609756098
4105,0.7510513036164844
4106,0.6089150546677881
4107,0.7973086627417998
4108,0.6114381833473507
4109,0.6963835155592936
4110,0.6980656013456686
4111,0.5769554247266611
4112,0.6593776282590412
4113,0.7560975609756098
4114,0.6585365853658537
4115,0.590412111017662
4116,0.7888982338099243
4117,0.6518082422203533
4118,0.7678721614802355
4119,0.6736753574432297
4120,0.6719932716568545
4121,0.793103448275862
4122,0.5719091673675357
4123,0.7628259041211102
4124,0.6021867115222876
4125,0.6316232127838519
4126,0.687973086627418
4127,0.8233809924306139
4128,0.7157275021026072
4129,0.7544154751892347
4130,0.5988225399495374
4131,0.648444070647603
4132,0.6433978132884778
4133,0.6248948696383516
4134,0.6568544995794786
4135,0.5929352396972245
4136,0.6694701429772918
4137,0.5895710681244744
4138,0.7064760302775441
4139,0.7258200168208578
4140,0.7140454163162321
4141,0.7586206896551725
4142,0.7073170731707318
4143,0.7039529015979815
4144,0.687973086627418
4145,0.7148864592094197
4146,0.6518082422203533
4147,0.6795626576955425
4148,0.7115222876366694
4149,0.6417157275021026
4150,0.6190075693860387
4151,0.7140454163162321
4152,0.624053826745164
4153,0.6719932716568545
4154,0.6122792262405383
4155,0.7157275021026073
4156,0.6963835155592935
4157,0.5735912531539108
4158,0.6518082422203533
4159,0.703111858704794
4160,0.6476030277544155
4161,0.6005046257359126
4162,0.7115222876366695
4163,0.7502102607232969
4164,0.6375105130361648
4165,0.7460050462573591
4166,0.6366694701429773
4167,0.6602186711522288
4168,0.7182506307821699
4169,0.6888141295206055
4170,0.6543313708999159
4171,0.7586206896551724
4172,0.7325483599663583
4173,0.6265769554247267
4174,0.7863751051303617
4175,0.6030277544154752
4176,0.712363330529857
4177,0.6080740117746005
4178,0.6467619848612278
4179,0.625735912531539
4180,0.8292682926829268
4181,0.6888141295206055
4182,0.7291841883936081
4183,0.6114381833473508
4184,0.6795626576955425
4185,0.6728343145500421
4186,0.648444070647603
4187,0.6947014297729185
4188,0.753574432296047
4189,0.6005046257359126
4190,0.7317073170731707
4191,0.6021867115222876
4192,0.7132043734230445
4193,0.7939444911690496
4194,0.6997476871320437
4195,0.6989066442388562
4196,0.6299411269974768
4197,0.8040370058873002
4198,0.6173254835996635
4199,0.7712363330529857
4200,0.6593776282590412
4201,0.6568544995794785
4202,0.6173254835996635
4203,0.6181665264928511
4204,0.7056349873843566
4205,0.7872161480235492
4206,0.7081581160639192
4207,0.5887300252312867
4208,0.7115222876366695
4209,0.6021867115222876
4210,0.6913372582001682
4211,0.7401177460050462
4212,0.5180824222035323
4213,0.6921783010933558
4214,0.7089991589571069
4215,0.7207737594617325
4216,0.5643397813288478
4217,0.7628259041211102
4218,0.6871320437342304
4219,0.7174095878889823
4220,0.6829268292682926
4221,0.7249789739276704
4222,0.7140454163162322
4223,0.8090832632464255
4224,0.704793944491169
4225,0.6190075693860387
4226,0.624053826745164
4227,0.7678721614802354
4228,0.7174095878889823
4229,0.7577796467619848
4230,0.6341463414634146
4231,0.7190916736753575
4232,0.7468460891505467
4233,0.7190916736753574
4234,0.7039529015979814
4235,0.624053826745164
4236,0.7586206896551724
4237,0.6947014297729184
4238,0.7283431455004206
4239,0.6417157275021026
4240,0.6854499579478552
4241,0.5862068965517241
4242,0.6534903280067283
4243,0.6459209419680404
4244,0.6063919259882254
4245,0.719932716568545
4246,0.6661059714045416
4247,0.7384356602186711
4248,0.6534903280067283
4249,0.6896551724137931
4250,0.6795626576955425
4251,0.6425567703952901
4252,0.6501261564339781
4253,0.5769554247266611
4254,0.7645079899074853
4255,0.6879730866274181
4256,0.6122792262405383
4257,0.7005887300252314
4258,0.7056349873843567
4259,0.6913372582001682
4260,0.6526492851135408
4261,0.7157275021026072
4262,0.648444070647603
4263,0.6543313708999159
4264,0.7846930193439866
4265,0.7401177460050463
4266,0.5937762825904122
4267,0.6501261564339781
4268,0.6063919259882253
4269,0.767031118587048
4270,0.6400336417157275
4271,0.5878889823380993
4272,0.6156433978132885
4273,0.6888141295206055
4274,0.624053826745164
4275,0.6745164003364171
4276,0.7014297729184188
4277,0.6980656013456686
4278,0.6753574432296047
4279,0.625735912531539
4280,0.5878889823380992
4281,0.6467619848612279
4282,0.5971404541631624
4283,0.6080740117746005
4284,0.7779646761984862
4285,0.6585365853658537
4286,0.776282590412111
4287,0.6795626576955425
4288,0.629941126997477
4289,0.6871320437342304
4290,0.7232968881412952
4291,0.7746005046257359
4292,0.6635828427249789
4293,0.6021867115222876
4294,0.5727502102607233
4295,0.7266610597140455
4296,0.7594617325483599
4297,0.6442388561816652
4298,0.6888141295206055
4299,0.6417157275021026
4300,0.7804878048780488
4301,0.6694701429772919
4302,0.6190075693860386
4303,0.5870479394449117
4304,0.5710681244743482
4305,0.6661059714045416
4306,0.479394449116905
4307,0.6963835155592936
4308,0.5719091673675358
4309,0.6888141295206055
4310,0.6686291000841044
4311,0.5534062237174096
4312,0.6433978132884777
4313,0.6619007569386038
4314,0.727502102607233
4315,0.5912531539108494
4316,0.6619007569386038
4317,0.6871320437342304
4318,0.6644238856181666
4319,0.7283431455004205
4320,0.6652649285113541
4321,0.6871320437342305
4322,0.68040370058873
4323,0.6955424726661059
4324,0.6299411269974768
4325,0.7746005046257358
4326,0.6719932716568545
4327,0.6190075693860387
4328,0.6291000841042893
4329,0.6148023549201009
4330,0.5719091673675357
4331,0.689655172413793
4332,0.6383515559293524
4333,0.6753574432296048
4334,0.616484440706476
4335,0.7022708158116064
4336,0.7064760302775441
4337,0.6358284272497897
4338,0.5592935239697224
4339,0.6795626576955425
4340,0.6787216148023549
4341,0.7266610597140454
4342,0.6063919259882253
4343,0.7325483599663583
4344,0.7325483599663583
4345,0.6248948696383515
4346,0.7426408746846089
4347,0.6190075693860386
4348,0.6509671993271657
4349,0.7190916736753574
4350,0.6576955424726662
4351,0.6450798990748529
4352,0.6989066442388562
4353,0.7022708158116063
4354,0.6518082422203533
4355,0.6602186711522288
4356,0.7308662741799832
4357,0.7468460891505466
4358,0.6989066442388562
4359,0.7005887300252314
4360,0.6366694701429773
4361,0.6854499579478553
4362,0.7291841883936081
4363,0.6417157275021026
4364,0.6560134566862911
4365,0.5777964676198486
4366,0.6038687973086627
4367,0.6568544995794786
4368,0.5904121110176619
4369,0.625735912531539
4370,0.6989066442388561
4371,0.7325483599663583
4372,0.7005887300252313
4373,0.6492851135407905
4374,0.7518923465096721
4375,0.7039529015979815
4376,0.6753574432296047
4377,0.6089150546677881
4378,0.6736753574432296
4379,0.5744322960470984
4380,0.6206896551724138
4381,0.6904962153069807
4382,0.6038687973086627
4383,0.6652649285113541
4384,0.6190075693860386
4385,0.6417157275021026
4386,0.6442388561816653
4387,0.761143818334735
4388,0.6619007569386038
4389,0.6518082422203532
4390,0.7813288477712363
4391,0.7426408746846089
4392,0.6341463414634146
4393,0.6829268292682927
4394,0.7283431455004206
4395,0.6871320437342304
4396,0.7569386038687973
4397,0.6913372582001681
4398,0.7148864592094197
4399,0.6114381833473507
4400,0.6686291000841043
4401,0.7106812447434819
4402,0.6131202691337259
4403,0.7039529015979814
4404,0.735071488645921
4405,0.7779646761984862
4406,0.7039529015979815
4407,0.7291841883936081
4408,0.6476030277544155
4409,0.7098402018502944
4410,0.7174095878889823
4411,0.5332211942809083
4412,0.6846089150546678
4413,0.5592935239697224
4414,0.6980656013456686
4415,0.6711522287636669
4416,0.671152228763667
4417,0.7426408746846089
4418,0.6829268292682927
4419,0.7333894028595459
4420,0.6080740117746005
4421,0.6703111858704794
4422,0.6778805719091674
4423,0.6206896551724138
4424,0.7838519764507991
4425,0.6989066442388562
4426,0.6366694701429773
4427,0.6408746846089151
4428,0.6896551724137931
4429,0.616484440706476
4430,0.7249789739276703
4431,0.6930193439865433
4432,0.6526492851135408
4433,0.6476030277544155
4434,0.6366694701429773
4435,0.6610597140454163
4436,0.6947014297729185
4437,0.671152228763667
4438,0.5576114381833474
4439,0.6661059714045416
4440,0.7022708158116063
4441,0.6820857863751051
4442,0.663582842724979
4443,0.6728343145500421
4444,0.6711522287636669
4445,0.599663582842725
4446,0.7493692178301093
4447,0.6408746846089151
4448,0.5962994112699748
4449,0.6677880571909168
4450,0.71825063078217
4451,0.6089150546677881
4452,0.7022708158116064
4453,0.6703111858704793
4454,0.7207737594617325
4455,0.616484440706476
4456,0.7485281749369217
4457,0.7275021026072329
4458,0.631623212783852
4459,0.727502102607233
4460,0.616484440706476
4461,0.6442388561816653
4462,0.7392767031118588
4463,0.6198486122792263
4464,0.6787216148023549
4465,0.7300252312867956
4466,0.6997476871320437
4467,0.5887300252312868
4468,0.6972245584524811
4469,0.6837678721614803
4470,0.6375105130361648
4471,0.6576955424726662
4472,0.6433978132884778
4473,0.7182506307821699
4474,0.7325483599663583
4475,0.6307821698906645
4476,0.7409587888982339
4477,0.6467619848612279
4478,0.727502102607233
4479,0.7754415475189236
4480,0.7056349873843566
4481,0.6534903280067283
4482,0.6417157275021026
4483,0.6745164003364171
4484,0.7375946173254837
4485,0.750210260723297
4486,0.6450798990748529
4487,0.663582842724979
4488,0.7258200168208578
4489,0.7064760302775441
4490,0.7005887300252314
4491,0.5946173254835996
4492,0.712363330529857
4493,0.6677880571909167
4494,0.6921783010933558
4495,0.7409587888982337
4496,0.6526492851135408
4497,0.5979814970563498
4498,0.6837678721614803
4499,0.6862910008410429
4500,0.6728343145500421
4501,0.7628259041211102
4502,0.629941126997477
4503,0.6778805719091673
4504,0.5962994112699748
4505,0.7039529015979815
4506,0.6745164003364171
4507,0.5542472666105971
4508,0.5887300252312868
4509,0.6694701429772918
4510,0.7140454163162322
4511,0.7089991589571069
4512,0.7073170731707317
4513,0.520605550883095
4514,0.631623212783852
4515,0.7022708158116063
4516,0.63919259882254
4517,0.7359125315391085
4518,0.6509671993271657
4519,0.847771236333053
4520,0.6972245584524811
4521,0.5685449957947855
4522,0.7073170731707317
4523,0.6585365853658537
4524,0.6248948696383516
4525,0.7064760302775441
4526,0.767031118587048
4527,0.6736753574432296
4528,0.5542472666105971
4529,0.6837678721614802
4530,0.7737594617325484
4531,0.6812447434819177
4532,0.5811606391925987
4533,0.712363330529857
4534,0.7056349873843566
4535,0.7880571909167368
4536,0.7577796467619848
4537,0.5719091673675358
4538,0.7190916736753574
4539,0.6105971404541631
4540,0.6492851135407905
4541,0.6013456686291001
4542,0.7241379310344828
4543,0.616484440706476
4544,0.6610597140454163
4545,0.7174095878889823
4546,0.6736753574432296
4547,0.6534903280067283
4548,0.625735912531539
4549,0.7081581160639193
4550,0.68040370058873
4551,0.5937762825904122
4552,0.7064760302775442
4553,0.7619848612279226
4554,0.6156433978132885
4555,0.719932716568545
4556,0.6593776282590412
4557,0.7081581160639192
4558,0.6072329688814129
4559,0.6888141295206055
4560,0.5508830950378469
4561,0.671152228763667
4562,0.6358284272497897
4563,0.6602186711522288
4564,0.767031118587048
4565,0.6433978132884777
4566,0.6534903280067282
4567,0.7434819175777966
4568,0.6005046257359125
4569,0.6686291000841043
4570,0.6736753574432296
4571,0.7056349873843566
4572,0.6543313708999159
4573,0.7359125315391084
4574,0.6576955424726662
4575,0.5878889823380993
4576,0.6652649285113541
4577,0.7880571909167368
4578,0.6467619848612279
4579,0.6644238856181665
4580,0.6265769554247266
4581,0.6383515559293523
4582,0.6013456686291001
4583,0.7905803195962994
4584,0.7249789739276703
4585,0.7603027754415476
4586,0.6190075693860387
4587,0.7384356602186711
4588,0.7081581160639193
4589,0.6551724137931035
4590,0.6476030277544155
4591,0.7039529015979815
4592,0.6425567703952901
4593,0.5567703952901597
4594,0.7401177460050463
4595,0.5609756097560976
4596,0.6139613120269133
4597,0.6728343145500421
4598,0.6602186711522287
4599,0.7434819175777965
4600,0.6055508830950378
4601,0.719932716568545
4602,0.6627417998317915
4603,0.6871320437342304
4604,0.6888141295206055
4605,0.7560975609756098
4606,0.7535744322960471
4607,0.7628259041211102
4608,0.6862910008410429
4609,0.6677880571909167
4610,0.6232127838519764
4611,0.7283431455004206
4612,0.7333894028595459
4613,0.7232968881412952
4614,0.6719932716568545
4615,0.6568544995794785
4616,0.6736753574432296
4617,0.63919259882254
4618,0.785534062237174
4619,0.7628259041211102
4620,0.6291000841042893
4621,0.7089991589571067
4622,0.7115222876366695
4623,0.7249789739276704
4624,0.5626576955424727
4625,0.6383515559293523
4626,0.7132043734230445
4627,0.6846089150546677
4628,0.5719091673675357
4629,0.7224558452481077
4630,0.693860386879731
4631,0.6534903280067283
4632,0.725820016820858
4633,0.6963835155592936
4634,0.7342304457527333
4635,0.6509671993271656
4636,0.7165685449957947
4637,0.5853658536585366
4638,0.7359125315391085
4639,0.6459209419680403
4640,0.6719932716568545
4641,0.7333894028595458
4642,0.6576955424726662
4643,0.7754415475189235
4644,0.7283431455004206
4645,0.7973086627417998
4646,0.6097560975609756
4647,0.6947014297729185
4648,0.6854499579478553
4649,0.6114381833473507
4650,0.5946173254835997
4651,0.7577796467619848
4652,0.776282590412111
4653,0.6963835155592936
4654,0.7132043734230445
4655,0.7174095878889823
4656,0.6753574432296047
4657,0.6248948696383515
4658,0.7132043734230445
4659,0.6156433978132885
4660,0.6442388561816653
4661,0.6913372582001682
4662,0.6947014297729185
4663,0.7325483599663584
4664,0.6921783010933558
4665,0.6686291000841043
4666,0.4970563498738436
4667,0.7409587888982339
4668,0.7527333894028595
4669,0.75946173254836
4670,0.6930193439865434
4671,0.6232127838519764
4672,0.6282590412111018
4673,0.7291841883936081
4674,0.6080740117746005
4675,0.6492851135407905
4676,0.6930193439865433
4677,0.6644238856181665
4678,0.7552565180824222
4679,0.6753574432296047
4680,0.6745164003364171
4681,0.6543313708999159
4682,0.7056349873843566
4683,0.7771236333052985
4684,0.6585365853658537
4685,0.6854499579478553
4686,0.6736753574432296
4687,0.6122792262405382
4688,0.7014297729184188
4689,0.693860386879731
4690,0.6913372582001682
4691,0.7005887300252313
4692,0.7014297729184188
4693,0.6198486122792263
4694,0.7813288477712363
4695,0.7603027754415476
4696,0.6930193439865433
4697,0.6770395290159799
4698,0.5853658536585366
4699,0.5988225399495375
4700,0.7249789739276703
4701,0.6761984861227922
4702,0.6947014297729184
4703,0.7224558452481077
4704,0.6837678721614803
4705,0.7392767031118587
4706,0.7636669470142977
4707,0.6652649285113541
4708,0.6669470142977292
4709,0.7653490328006729
4710,0.6736753574432296
4711,0.63919259882254
4712,0.704793944491169
4713,0.6333052985702271
4714,0.6635828427249789
4715,0.7720773759461732
4716,0.593776282590412
4717,0.6307821698906644
4718,0.7468460891505467
4719,0.6795626576955425
4720,0.6677880571909167
4721,0.7056349873843566
4722,0.63919259882254
4723,0.7703952901597981
4724,0.5651808242220353
4725,0.6871320437342304
4726,0.7788057190916736
4727,0.6206896551724138
4728,0.6930193439865433
4729,0.5988225399495375
4730,0.6358284272497897
4731,0.767031118587048
4732,0.6947014297729185
4733,0.6425567703952901
4734,0.735071488645921
4735,0.6265769554247266
4736,0.6947014297729185
4737,0.735071488645921
4738,0.6349873843566022
4739,0.6871320437342304
4740,0.7981497056349873
4741,0.6862910008410429
4742,0.7241379310344827
4743,0.6450798990748527
4744,0.6728343145500421
4745,0.7451640033641715
4746,0.7333894028595459
4747,0.7132043734230445
4748,0.6030277544154752
4749,0.8107653490328007
4750,0.6661059714045416
4751,0.704793944491169
4752,0.6921783010933558
4753,0.750210260723297
4754,0.5971404541631623
4755,0.665264928511354
4756,0.7106812447434819
4757,0.6173254835996637
4758,0.6492851135407905
4759,0.7872161480235491
4760,0.656013456686291
4761,0.6938603868797308
4762,0.6375105130361648
4763,0.6442388561816653
4764,0.7678721614802355
4765,0.7333894028595458
4766,0.7451640033641715
4767,0.6307821698906644
4768,0.7409587888982339
4769,0.5273338940285954
4770,0.6568544995794785
4771,0.5735912531539109
4772,0.648444070647603
4773,0.6652649285113541
4774,0.6787216148023549
4775,0.6526492851135407
4776,0.6972245584524811
4777,0.5685449957947856
4778,0.6921783010933558
4779,0.6240538267451641
4780,0.6038687973086627
4781,0.7115222876366695
4782,0.6417157275021026
4783,0.6661059714045415
4784,0.7754415475189235
4785,0.7098402018502944
4786,0.6694701429772919
4787,0.6862910008410429
4788,0.7064760302775441
4789,0.6307821698906644
4790,0.7148864592094196
4791,0.5887300252312868
4792,0.5979814970563498
4793,0.7241379310344828
4794,0.6812447434819175
4795,0.6963835155592936
4796,0.712363330529857
4797,0.7485281749369217
4798,0.7443229604709841
4799,0.7527333894028596
4800,0.6417157275021026
4801,0.6989066442388562
4802,0.7434819175777965
4803,0.7283431455004206
4804,0.6459209419680403
4805,0.6526492851135408
4806,0.624053826745164
4807,0.7047939444911689
4808,0.6854499579478553
4809,0.704793944491169
4810,0.6652649285113541
4811,0.7199327165685449
4812,0.6282590412111018
4813,0.6761984861227922
4814,0.7771236333052985
4815,0.6274179983179142
4816,0.6913372582001682
4817,0.7342304457527334
4818,0.7014297729184188
4819,0.6366694701429773
4820,0.7426408746846089
4821,0.7148864592094196
4822,0.5752733389402859
4823,0.7098402018502944
4824,0.6787216148023548
4825,0.7645079899074853
4826,0.6997476871320437
4827,0.68040370058873
4828,0.7014297729184188
4829,0.68040370058873
4830,0.5954583683767871
4831,0.7460050462573591
4832,0.7460050462573591
4833,0.6450798990748529
4834,0.7653490328006728
4835,0.6694701429772919
4836,0.72161480235492
4837,0.6837678721614803
4838,0.7771236333052985
4839,0.7232968881412952
4840,0.68040370058873
4841,0.6669470142977292
4842,0.6669470142977292
4843,0.6989066442388562
4844,0.6846089150546678
4845,0.6846089150546678
4846,0.6232127838519764
4847,0.5954583683767872
4848,0.6105971404541632
4849,0.6694701429772919
4850,0.7577796467619848
4851,0.625735912531539
4852,0.6728343145500421
4853,0.7031118587047939
4854,0.7106812447434818
4855,0.6795626576955425
4856,0.7350714886459209
4857,0.712363330529857
4858,0.6358284272497897
4859,0.6080740117746005
4860,0.6661059714045416
4861,0.6341463414634146
4862,0.6703111858704794
4863,0.6232127838519765
4864,0.6997476871320437
4865,0.6551724137931034
4866,0.7409587888982339
4867,0.7022708158116063
4868,0.7544154751892347
4869,0.7190916736753574
4870,0.6888141295206055
4871,0.6829268292682926
4872,0.6736753574432296
4873,0.6930193439865433
4874,0.7081581160639193
4875,0.656013456686291
4876,0.7392767031118587
4877,0.5147182506307821
4878,0.5962994112699748
4879,0.7476871320437343
4880,0.6770395290159797
4881,0.8343145500420521
4882,0.6904962153069806
4883,0.6534903280067283
4884,0.7502102607232968
4885,0.7552565180824222
4886,0.6677880571909167
4887,0.648444070647603
4888,0.5946173254835996
4889,0.6795626576955426
4890,0.6425567703952901
4891,0.671152228763667
4892,0.7384356602186711
4893,0.631623212783852
4894,0.7249789739276703
4895,0.5643397813288478
4896,0.7064760302775442
4897,0.6837678721614803
4898,0.5777964676198486
4899,0.719932716568545
4900,0.7392767031118587
4901,0.6476030277544155
4902,0.7872161480235492
4903,0.6913372582001682
4904,0.6787216148023548
4905,0.6492851135407905
4906,0.7148864592094196
4907,0.6947014297729184
4908,0.5500420521446594
4909,0.7064760302775441
4910,0.6055508830950379
4911,0.7157275021026073
4912,0.7485281749369217
4913,0.7502102607232969
4914,0.7880571909167368
4915,0.7375946173254836
4916,0.6778805719091674
4917,0.6400336417157275
4918,0.6770395290159799
4919,0.6736753574432296
4920,0.712363330529857
4921,0.6173254835996635
4922,0.753574432296047
4923,0.6282590412111018
4924,0.6736753574432296
4925,0.776282590412111
4926,0.6408746846089151
4927,0.7098402018502944
4928,0.695542472666106
4929,0.7207737594617326
4930,0.6921783010933558
4931,0.703111858704794
4932,0.6694701429772918
4933,0.7872161480235491
4934,0.7695542472666106
4935,0.7165685449957948
4936,0.6232127838519764
4937,0.5929352396972245
4938,0.607232968881413
4939,0.7031118587047939
4940,0.7232968881412952
4941,0.68040370058873
4942,0.6820857863751052
4943,0.7813288477712362
4944,0.7216148023549201
4945,0.6610597140454163
4946,0.817493692178301
4947,0.6148023549201009
4948,0.7140454163162322
4949,0.7611438183347351
4950,0.6400336417157275
4951,0.8015138772077377
4952,0.6484440706476031
4953,0.8057190916736754
4954,0.6736753574432296
4955,0.5870479394449117
4956,0.6913372582001682
4957,0.7460050462573592
4958,0.6576955424726662
4959,0.7384356602186711
4960,0.5248107653490328
4961,0.6282590412111018
4962,0.6761984861227923
4963,0.7788057190916737
4964,0.68040370058873
4965,0.6156433978132885
4966,0.7115222876366695
4967,0.6644238856181665
4968,0.7106812447434819
4969,0.798990748528175
4970,0.6820857863751052
4971,0.7350714886459209
4972,0.7148864592094196
4973,0.7308662741799832
4974,0.8023549201009251
4975,0.6383515559293523
4976,0.6534903280067283
4977,0.6997476871320437
4978,0.7729184188393607
4979,0.6190075693860387
4980,0.7249789739276703
4981,0.6433978132884778
4982,0.6282590412111018
4983,0.7367535744322959
4984,0.6492851135407905
4985,0.7434819175777965
4986,0.63919259882254
4987,0.7359125315391084
4988,0.7022708158116064
4989,0.6375105130361648
4990,0.6761984861227923
4991,0.7165685449957948
4992,0.6274179983179142
4993,0.6560134566862911
4994,0.6383515559293524
4995,0.5735912531539108
4996,0.7678721614802354
4997,0.7098402018502944
4998,0.5836837678721615
4999,0.6274179983179142
