BurstId,fecha,split,family,prediction_timestamp,burst_event_timestamp,burst_timestamp,family_reason,ExecutionSide,BurstSide,Entry_price,Initial_SL_ticks,Initial_TP_ticks,Result_Label,result TP SL BE,MAE_ticks,MFE_ticks,ExitTime_NY_Milliseconds,causal_row_flag,canonical_source_file,Delta1s,Delta2s,Delta3s,Delta5s,Delta10s,PeakPositiveDelta,PeakNegativeDelta,DeltaChange1s,DeltaChangeZScore,DeltaPercentile,BuySellRatio,TradesPerSecond,ContractsPerSecond,Velocity1s,Velocity3s,Velocity5s,Acceleration1s,Acceleration3s,TicksPerSecond,CumulativeDeltaWindow,OR_WidthTicks,Dist_OR_High_Ticks,Dist_OR_Low_Ticks,Dist_VWAP_Ticks,Dist_POC_Ticks,Dist_VAH_Ticks,Dist_VAL_Ticks,Dist_HVN_Ticks,Dist_LVN_Ticks,PreBurst_Acceptance_Dwell_Ratio_5s,PreBurst_Reclaim_Count_10s,PreBurst_Rotation_Index_10s,PreBurst_Local_Entropy_10s,PreBurst_Path_Efficiency_10s,PreBurst_Price_Per_Delta_3s,PreBurst_Price_Per_Volume_3s,PreBurst_Impulse_Survival_Seconds,PreBurst_Impulse_Decay_Slope_5s,Profile_Std_Ticks,Profile_Skewness,Profile_Excess_Kurtosis,Profile_Normalized_Entropy,Profile_Concentration,Profile_Effective_Nodes,Profile_Local_Maxima_Count,Profile_Position_Percentile,POC_Migration_Ticks,Flow_0_1_DirectionalNetDelta,Flow_1_3_DirectionalNetDelta,Flow_3_5_DirectionalNetDelta,Flow_0_1_GrossAggressive,Flow_1_3_GrossAggressive,Flow_3_5_GrossAggressive,Flow_0_1_CounterflowShare,Flow_1_3_CounterflowShare,Flow_3_5_CounterflowShare,Flow_0_1_DirectionalVelocityTPS,Flow_1_3_DirectionalVelocityTPS,Flow_3_5_DirectionalVelocityTPS,Flow_0_1_TicksPerAggressiveContract,Velocity_Retention_1_3,Velocity_Retention_3_5,Delta_Retention_1_3,Delta_Retention_3_5,Prior_Level_Touches_60s,Prior_Full_Crosses_60s,Prior_Volume_At_Level_Band_60s,Pre_Approach_Distance_Ticks,Pre_Approach_Velocity_TPS,Pre_Approach_Pause_Seconds,Time_Since_Last_Prior_Level_Touch_Seconds,Realized_Volatility_10s_Ticks,Realized_Volatility_30s_Ticks,Realized_Volatility_60s_Ticks,Short_Long_Volatility_Ratio,Flow_Aligned_Segment_Count,Flow_Conflict_Segment_Count,Observation_Coverage_60,GapFill_Seconds_60,Burst_Index_In_Episode,Seconds_Since_Prior_Burst,range,Body_AtEntry,Volume_AtEntry,Delta_AtEntry,Cumulative_Delta_AtEntry,Previous_Volume_AtEntry,Previous_Delta_AtEntry,Delta_Change_AtEntry,BreakOut_TICKS_PER_SEC_AtEntry,Score_AtEntry,Buy_Imbalance_Count_AtEntry,Sell_Imbalance_Count_AtEntry,Seconds_From_Open_AtEntry,Directional_OR_Extension_Ticks_AtEntry,Directional_VWAP_Distance_Ticks_AtEntry,Nearest_OR_Edge_Distance_Ticks_AtEntry,Body_OR_Ratio_AtEntry,Signed_Delta_Share_AtEntry,Signed_Previous_Delta_Share_AtEntry,Prior_Closed_ATR3_Ticks_AtEntry,Prior_Closed_ATR5_Ticks_AtEntry,PreEntry_Directional_Efficiency3_AtEntry,PreEntry_Directional_Delta_Share3_AtEntry,PreEntry_Range_Compression3_AtEntry,PreEntry_Volume_Climax_Ratio_AtEntry,Nearest_OR_Edge_Retest_Count_AtEntry,Nearest_OR_Edge_Acceptance_Ratio3_AtEntry,Directional_CLV_AtEntry,PreEntry_Acceptance_Dwell_Ratio_AtEntry,PreEntry_Reclaim_Count_AtEntry,PreEntry_Rejection_Speed_TPS_AtEntry,PreEntry_Rotation_Index_AtEntry,PreEntry_Local_Entropy_AtEntry,PreEntry_Path_Efficiency_AtEntry,PreEntry_Price_Per_Delta_AtEntry,PreEntry_Price_Per_Volume_AtEntry,Detector_Publish_Delay_Milliseconds,Signal_To_Entry_Latency_Milliseconds,Detector_Publish_To_Entry_Latency_Milliseconds,Liquidity_Burst_Index_In_Episode,Liquidity_Burst_Seconds_Since_Prior_Burst,signed_delta_1s,signed_delta_change_1s,signed_velocity_1s,signed_velocity_3s,signed_acceleration_1s,price_impact_per_100_contracts,absorption_pressure_1s,delta_share_of_volume,mean_trade_size,delta_persistence_1_3,delta_persistence_3_5,direction_consistency,velocity_consistency,flow_price_alignment,acceleration_velocity_ratio,directional_vwap_distance,directional_poc_distance,profile_confluence_4t,burst_efficiency_score,liquidity_absorption_score,burst_side,burst_w1_add_to_aggressive,burst_w1_refill_to_remove,burst_w1_depth_balance,burst_w1_recovery_from_min,burst_w1_refill_latency_ms,burst_w1_aggressive_volume,reference_w3_add_to_aggressive,reference_w3_refill_to_remove,reference_w3_depth_balance,reference_w3_recovery_from_min,reference_w3_refill_latency_ms,reference_w3_aggressive_volume,year,target
LB_20220405_093200_BUY_0001,2022-04-05,discovery,A_TRUE_ABSORPTION,2022-04-05 13:32:01.026000+00:00,2022-04-05 13:32:00+00:00,2022-04-05 13:32:01+00:00,TP; MAE<=10; MFE>=TP inicial,SELL,BUY,15135.0,60,60,TP,60,0,60,09:32:38.947,True,C:\Users\k_99_\Desktop\codding\data_footprint_generator\trade_results_score\score_trade_result_2022-04-05_NY.csv,273,321,338,349,343,273,-19,225,6.879339890608311,1.0,3.904255319148936,445,461,8,4.0,2.4,6,2.333333333333333,8,338,27.0,4.0,31.0,15.435164313678964,13,6,21,-1,0,0.2,0,0.428571428571429,0.954434002924965,0.458333333333333,0.035502958579882,0.021428571428571,4,1.9,6.933576494907072,-0.19081274015497,-0.621934842775609,0.93671145718257,0.070708269071064,26.4490090599718,9,0.994779926444418,,273,65,11,461,99,67,0.203904555314534,0.171717171717172,0.417910447761194,8,2.0,0.0,0.017353579175705,0.25,0.0,0.238095238095238,0.169230769230769,1,1,461,8,2.4,0,,10.4880884817015,12.8840987267251,15.0332963783729,1.708904322161096,2,0,1.0,0,1,,135,20,464,270,-157,2699,-85,355,19.49,7,0,0,121.026,-155,14.73,20,0.15,-0.58,0.03,81.67,68,-1.0,0.03,0.6,0.0,0,0.0,,0,0,0,0,0,0,0,0,25.0,26.0,1.0,1,,273.0,225.0,8.0,4.0,6.0,1.735357917570499,34.125,0.5921908893709328,1.0359550561797752,0.4126984126984127,0.6195266272189349,1.0,1.0,1,0.75,15.435164313678964,13.0,2,0.0293040293040293,6.824999999999998,BUY,0.5555555555555556,0.5357142857142857,-0.3023255813953488,5.0,42.00000000128057,27.0,0.5625,1.0,0.0,0.0,0.0,32.0,2022,1
LB_20220427_093500_BUY_0001,2022-04-27,discovery,A_TRUE_ABSORPTION,2022-04-27 13:35:01.007000+00:00,2022-04-27 13:35:00+00:00,2022-04-27 13:35:01+00:00,TP; MAE<=10; MFE>=TP inicial,SELL,BUY,13120.0,60,60,TP,60,0,60,09:35:01.934,True,C:\Users\k_99_\Desktop\codding\data_footprint_generator\trade_results_score\score_trade_result_2022-04-27_NY.csv,425,450,444,402,393,425,-38,400,13.334978645448688,1.0,3.951388888888889,660,713,19,6.0,3.0,19,7.333333333333333,19,444,48.0,40.0,88.0,41.95550216242192,23,4,56,0,1,1.0,0,0.6,0.91829583405449,0.620689655172414,0.038288288288288,0.020383693045564,1,4.1,23.19966278711744,-0.318414479575048,-0.944811657732071,0.966470461702242,0.031234983181163,77.3958475286853,25,0.999327246516098,,425,19,-42,713,121,78,0.201963534361851,0.421487603305785,0.769230769230769,19,-1.0,-2.0,0.026647966339411,-0.052631578947368,-2.0,0.044705882352941,-2.210526315789474,0,0,0,-26,2.8,1,,19.723082923316,22.113344387496,24.2693221990232,1.990640237932521,1,1,1.0,0,1,,240,95,778,480,1848,3239,-41,521,94.34,10,1,0,301.007,-440,-174.94,200,0.4,-0.62,0.01,110.0,142,-0.44,-0.01,0.46,0.92,2,1.0,,0,0,0,0,0,0,0,0,1.0,7.0,6.0,1,,425.0,400.0,19.0,6.0,19.0,2.664796633941094,22.36842105263158,0.5960729312762973,1.0803030303030303,0.348235294117647,0.5432432432432432,1.0,1.0,1,1.0,41.95550216242192,23.0,3,0.0447058823529411,0.0,BUY,2.2972972972972974,1.0,0.0,9.0,0.0,74.0,,,,0.0,,0.0,2022,1
LB_20220504_093301_SELL_0001,2022-05-04,discovery,A_TRUE_ABSORPTION,2022-05-04 13:33:02.005000+00:00,2022-05-04 13:33:01+00:00,2022-05-04 13:33:02+00:00,TP; MAE<=10; MFE>=TP inicial,BUY,SELL,13075.0,60,60,TP,60,0,60,09:34:01.165,True,C:\Users\k_99_\Desktop\codding\data_footprint_generator\trade_results_score\score_trade_result_2022-05-04_NY.csv,-237,-286,-304,-305,-298,13,-237,-188,-5.751900070701107,1.0,0.088461538461538,142,283,-1,-2.0,-1.4,3,-0.333333333333333,-1,-304,25.0,-32.0,-7.0,-13.516883116883117,-16,-19,-3,0,1,1.0,0,0.166666666666667,0.985228136034252,0.5,0.019736842105263,0.015873015873016,3,0.4,7.506793504992528,0.23692384649789,-0.75660077065917,0.95132915968788,0.057350649350649,28.6378593129572,9,0.025558441558442,,237,67,1,283,95,33,0.081272084805654,0.147368421052632,0.484848484848485,1,2.5,0.5,0.003533568904594,2.5,0.2,0.282700421940928,0.014925373134328,27,5,899,0,1.4,1,2.0,4.69041575982343,9.1104335791443,15.7480157480236,0.729560185670881,3,0,1.0,0,1,,125,30,353,-285,-602,2304,-26,-259,14.96,10,0,1,182.005,-160,-159.65,35,0.24,-0.81,-0.01,110.0,84,-0.34,0.0,0.88,0.8,2,0.5,,0,0,0,0,0,0,0,0,1.0,5.0,4.0,1,,237.0,188.0,1.0,2.0,-3.0,0.3533568904593639,237.0,0.8374558303886925,1.9929577464788728,0.4275668073136427,0.6019736842105263,1.0,1.0,1,-3.0,13.516883116883117,16.0,3,0.0042194092827004,213.3,SELL,0.1871921182266009,0.8444444444444444,-0.0843373493975903,0.0,0.0,203.0,,,,0.0,,0.0,2022,1
LB_20220520_093501_SELL_0001,2022-05-20,discovery,B_CLEAN_BREAKOUT,2022-05-20 13:35:02.005000+00:00,2022-05-20 13:35:01+00:00,2022-05-20 13:35:02+00:00,SL; MFE<=10; MAE>=SL inicial,BUY,SELL,11990.0,60,60,SL,-60,60,0,09:35:15.317,True,C:\Users\k_99_\Desktop\codding\data_footprint_generator\trade_results_score\score_trade_result_2022-05-20_NY.csv,-179,-205,-206,-186,-202,12,-179,-153,-5.299327006652865,1.0,0.356115107913669,335,377,-6,-2.666666666666667,-1.4,-4,-2.0,-6,-206,29.0,-46.0,-17.0,-22.72650296359017,-21,-30,-8,0,-1,1.0,0,0.4,0.650022421648354,0.8125,0.033980582524272,0.01158940397351,2,1.6,11.60159312684224,0.437583861242943,-0.387390007230699,0.936208586250746,0.046670319270807,42.5934180718365,11,0.011306470090153,,179,27,-20,377,227,58,0.262599469496021,0.440528634361233,0.672413793103448,6,0.5,0.0,0.015915119363395,0.083333333333333,0.0,0.150837988826816,-0.740740740740741,21,7,948,-9,1.6,1,19.0,7.87400787401181,13.8202749610853,18.2482875908947,1.056937612689183,2,0,1.0,0,1,,145,40,577,-205,767,2507,241,-446,19.95,9,0,0,302.005,-230,-173.7,85,0.28,-0.36,0.1,110.0,135,-0.15,0.04,0.76,0.75,4,0.67,,0,0,0,0,0,0,0,0,0.0,5.0,5.0,1,,179.0,153.0,6.0,2.666666666666667,4.0,1.5915119363395225,29.83333333333333,0.4748010610079575,1.1253731343283582,0.3836126629422718,0.541747572815534,1.0,1.0,1,0.6666666666666666,22.72650296359017,21.0,2,0.0335195530726257,11.933333333333334,SELL,1.0163934426229508,0.8985507246376812,-0.0534351145038167,0.0,48.00000000250293,61.0,,,,0.0,,0.0,2022,0
LB_20220527_093100_BUY_0001,2022-05-27,discovery,B_CLEAN_BREAKOUT,2022-05-27 13:31:01.019000+00:00,2022-05-27 13:31:00+00:00,2022-05-27 13:31:01+00:00,SL; MFE<=10; MAE>=SL inicial,SELL,BUY,12437.5,60,60,SL,-60,60,0,09:31:29.297,True,C:\Users\k_99_\Desktop\codding\data_footprint_generator\trade_results_score\score_trade_result_2022-05-27_NY.csv,146,164,173,266,380,146,-3,128,3.699491650282806,1.0,2.896103896103896,284,300,6,3.0,1.8,4,2.0,6,173,22.0,6.0,28.0,17.70169374351884,24,14,27,0,1,0.4,0,0.0,0.0,1.0,0.052023121387283,0.021791767554479,3,1.4,6.533980463052432,0.657359394959719,-0.38330245363448,0.914344430889696,0.112685793294158,22.418037587855,8,0.998098859315589,,146,27,93,300,113,255,0.256666666666667,0.380530973451327,0.317647058823529,6,1.5,-0.5,0.02,0.25,-0.333333333333333,0.184931506849315,3.444444444444444,5,1,727,2,1.6,0,1.0,7.34846922834954,11.8743420870379,17.9722007556114,1.001546791334385,2,1,1.0,0,1,,110,30,303,147,3350,5485,401,-254,29.44,9,0,0,61.019,-140,-399.24,30,0.27,-0.49,-0.07,51.67,40,0.0,0.0,0.47,0.0,0,0.0,,0,0,0,0,0,0,0,0,6.0,19.0,13.0,1,,146.0,128.0,6.0,3.0,4.0,2.0,24.33333333333333,0.4866666666666667,1.056338028169014,0.3949771689497717,0.922543352601156,1.0,1.0,1,0.6666666666666666,17.70169374351884,24.0,2,0.0410958904109589,9.733333333333334,BUY,0.868421052631579,0.8918918918918919,-0.0571428571428571,3.0,4.999999997380655,38.0,1.2608695652173914,1.0,0.0,0.0,0.0,46.0,2022,0
LB_20220608_093102_SELL_0001,2022-06-08,discovery,B_CLEAN_BREAKOUT,2022-06-08 13:31:03.007000200+00:00,2022-06-08 13:31:02+00:00,2022-06-08 13:31:03+00:00,SL; MFE<=10; MAE>=SL inicial,BUY,SELL,12648.75,60,60,SL,-60,60,10,09:32:34.911,True,C:\Users\k_99_\Desktop\codding\data_footprint_generator\trade_results_score\score_trade_result_2022-06-08_NY.csv,-260,-275,-338,-336,-388,2,-260,-245,-7.325721496600189,1.0,0.380952380952381,520,580,-5,-3.333333333333333,-2.0,-4,-1.666666666666667,-5,-338,22.0,-31.0,-9.0,-17.69067723591246,-25,-29,-14,-3,2,0.6,0,0.0,0.0,0.933333333333333,0.029585798816568,0.013192612137203,3,1.1,7.650942638212936,-0.48221605297818,-0.430019219875908,0.92427347237898,0.078924694123729,26.0318681865327,7,0.014647596070998,,260,78,-2,580,178,82,0.275862068965517,0.280898876404494,0.51219512195122,6,2.5,0.0,0.010344827586207,0.416666666666667,0.0,0.3,-0.025641025641026,7,1,463,1,2.0,2,2.0,7.28010988928052,10.0995049383621,16.8819430161341,1.05630936457281,2,0,1.0,0,1,,110,50,761,-341,792,5044,-12,-329,16.63,9,0,0,63.007,-155,-76.04,45,0.45,-0.45,0.0,56.67,46,0.0,0.0,0.52,0.0,0,0.0,,0,0,0,0,0,0,0,0,7.0,7.0,0.0,1,,260.0,245.0,5.0,3.333333333333333,4.0,0.8620689655172413,52.0,0.4482758620689655,1.1153846153846154,0.4333333333333333,0.5964497041420118,1.0,1.0,1,0.8,17.69067723591246,25.0,2,0.0192307692307692,26.0,SELL,0.975,0.8666666666666667,-0.0714285714285714,0.0,0.0,40.0,1.25,0.7142857142857143,-0.1666666666666666,0.0,,4.0,2022,0
LB_20220613_093107_SELL_0001,2022-06-13,discovery,A_TRUE_ABSORPTION,2022-06-13 13:31:08.000000100+00:00,2022-06-13 13:31:07+00:00,2022-06-13 13:31:08+00:00,TP; MAE<=10; MFE>=TP inicial,BUY,SELL,11537.5,60,60,TP,60,0,60,09:31:14.022,True,C:\Users\k_99_\Desktop\codding\data_footprint_generator\trade_results_score\score_trade_result_2022-06-13_NY.csv,-110,-134,-152,-179,-136,32,-110,-86,-2.772291249350366,0.970149253731343,0.246575342465753,178,182,0,-1.333333333333333,-0.6,2,0.333333333333333,0,-152,32.0,3.0,35.0,16.555668221456095,10,-5,26,-1,1,0.0,0,0.166666666666667,0.985228136034252,-0.3125,0.026315789473684,0.010309278350515,0,0.5,11.7981869533832,-0.011456435622438,-1.326462728465581,0.952359136058831,0.062664773879538,35.1492685461289,9,0.917866558507402,,110,42,27,182,206,91,0.197802197802198,0.398058252427184,0.351648351648352,1,2.0,-1.0,0.005494505494505,2.0,-0.5,0.381818181818182,0.642857142857143,0,0,0,37,0.4,0,,8.0,12.4899959967968,19.0525588832576,1.028518954453162,2,1,1.0,0,1,,160,15,779,-145,1195,4153,287,-432,1.87,7,0,0,68.0,15,-13.89,15,0.09,-0.19,0.07,86.67,65,0.0,0.0,0.54,0.0,0,0.0,,0,0,0,0,0,0,0,0,0.0,0.0,0.0,1,,110.0,86.0,-0.0,1.333333333333333,-2.0,0.0,440.0,0.6043956043956044,1.0224719101123596,0.4606060606060606,0.7065789473684211,1.0,0.6666666666666666,0,-8.0,-16.555668221456095,-10.0,2,-0.0,440.0,SELL,1.46,1.0,0.0,0.0,420.0000000055297,50.0,,,,0.0,,0.0,2022,1
LB_20220627_093202_SELL_0001,2022-06-27,discovery,B_CLEAN_BREAKOUT,2022-06-27 13:32:03.009000+00:00,2022-06-27 13:32:02+00:00,2022-06-27 13:32:03+00:00,SL; MFE<=10; MAE>=SL inicial,BUY,SELL,12166.25,60,60,SL,-60,60,0,09:32:12.904,True,C:\Users\k_99_\Desktop\codding\data_footprint_generator\trade_results_score\score_trade_result_2022-06-27_NY.csv,-121,-143,-156,-163,-228,4,-121,-99,-2.831692053299826,0.983606557377049,0.238993710691824,171,197,-6,-2.666666666666667,-1.4,-4,-2.666666666666667,-6,-156,30.0,-36.0,-6.0,-20.23932426091037,-19,-27,-6,0,-1,0.6,1,0.333333333333333,0.591672778582328,0.777777777777778,0.051282051282051,0.022346368715084,2,1.4,8.55313106263608,0.08493239366443,-0.837575168487099,0.933267983083748,0.101548568747067,29.8099639564891,12,0.004129516658846,,121,35,7,197,161,127,0.192893401015228,0.391304347826087,0.47244094488189,5,1.0,-1.0,0.025380710659898,0.2,-1.0,0.289256198347107,0.2,10,3,818,0,1.2,2,1.0,8.12403840463596,11.7046999107196,15.8429795177549,1.256061002908648,2,1,1.0,0,1,,150,35,365,-163,-1024,3858,-168,5,11.63,9,0,0,123.009,-180,-119.34,30,0.23,-0.45,-0.04,115.0,85,-0.78,-0.04,0.77,0.0,1,0.0,,0,0,0,0,0,0,0,0,8.0,9.0,1.0,1,,121.0,99.0,6.0,2.666666666666667,4.0,3.045685279187817,20.166666666666668,0.6142131979695431,1.152046783625731,0.4297520661157025,0.6269230769230769,1.0,1.0,1,0.6666666666666666,20.23932426091037,19.0,2,0.0495867768595041,8.066666666666668,SELL,0.375,0.6521739130434783,-0.2105263157894736,0.0,0.0,40.0,3.3684210526315788,1.0,0.0,0.0,0.0,19.0,2022,0
LB_20220720_093414_BUY_0001,2022-07-20,discovery,B_CLEAN_BREAKOUT,2022-07-20 13:34:15.086000+00:00,2022-07-20 13:34:14+00:00,2022-07-20 13:34:15+00:00,SL; MFE<=10; MAE>=SL inicial,SELL,BUY,12301.25,60,60,SL,-60,60,0,09:37:32.635,True,C:\Users\k_99_\Desktop\codding\data_footprint_generator\trade_results_score\score_trade_result_2022-07-20_NY.csv,183,182,184,193,191,183,-8,184,6.70349633598793,1.0,4.893617021276596,153,277,2,0.666666666666667,0.8,2,0.666666666666667,2,184,29.0,2.0,31.0,16.17698300283286,23,9,30,-1,0,1.0,0,0.333333333333333,0.811278124459133,0.5,0.010869565217391,0.005347593582888,1,0.0,8.48823848613152,0.042848200101507,-1.086549562171753,0.94334115471617,0.051203966005666,30.1542981926429,7,0.996104815864023,,183,1,9,277,97,55,0.169675090252708,0.494845360824742,0.418181818181818,2,0.0,1.0,0.007220216606498,0.0,,0.005464480874317,9.0,10,1,903,2,0.8,2,1.0,3.16227766016838,5.56776436283002,10.3440804327886,0.748830864448976,2,0,1.0,0,1,,145,10,1154,322,2990,3113,133,189,0.66,10,0,0,255.086,-155,-52.23,10,0.07,-0.28,-0.04,83.33,88,-0.42,-0.01,0.57,1.16,0,0.0,,0,0,0,0,0,0,0,0,7.0,86.0,79.0,1,,183.0,184.0,2.0,0.666666666666667,2.0,0.7220216606498195,91.5,0.6606498194945848,1.8104575163398693,0.3351548269581056,0.6293478260869565,1.0,1.0,1,1.0,16.17698300283286,23.0,2,0.0109289617486338,73.2,BUY,2.1333333333333333,0.8888888888888888,-0.0588235294117647,1.0,0.0,15.0,2.255813953488372,0.9509803921568628,-0.0251256281407035,0.0,10.000000002037268,43.0,2022,0
LB_20220729_093500_SELL_0001,2022-07-29,discovery,B_CLEAN_BREAKOUT,2022-07-29 13:35:01.099000+00:00,2022-07-29 13:35:00+00:00,2022-07-29 13:35:01+00:00,SL; MFE<=10; MAE>=SL inicial,BUY,SELL,12767.5,60,60,SL,-60,60,0,09:36:00.112,True,C:\Users\k_99_\Desktop\codding\data_footprint_generator\trade_results_score\score_trade_result_2022-07-29_NY.csv,-386,-400,-416,-416,-321,56,-386,-372,-12.47315260910805,1.0,0.303249097472924,591,722,-6,-2.666666666666667,-1.8,-6,-2.0,-6,-416,21.0,-38.0,-17.0,-23.03248996358884,-27,-33,-13,1,2,1.0,0,0.333333333333333,0.863120568566631,0.333333333333333,0.019230769230769,0.009925558312655,1,1.0,9.77230597666896,-0.288260684685062,-0.480582805388804,0.95029873613426,0.045187190738493,38.0291541558339,10,0.018625711884978,,386,30,0,722,84,62,0.232686980609418,0.321428571428571,0.5,6,1.0,0.5,0.008310249307479,0.166666666666667,0.5,0.077720207253886,0.0,10,2,431,-8,1.8,2,43.0,8.0,9.59166304662544,13.4536240470737,1.456553109682571,2,0,1.0,0,1,,105,30,736,-390,-2711,2996,-114,-276,27.3,10,0,2,301.099,-190,-339.62,85,0.29,-0.53,-0.04,95.0,99,-0.35,-0.03,0.9,0.85,3,1.0,,0,0,0,0,0,0,0,0,19.0,99.0,80.0,1,,386.0,372.0,6.0,2.666666666666667,6.0,0.8310249307479224,64.33333333333333,0.5346260387811634,1.22165820642978,0.3592400690846287,0.6,1.0,1.0,1,1.0,23.03248996358884,27.0,2,0.0155440414507772,25.73333333333333,SELL,0.0841121495327102,0.15,-0.7391304347826086,0.0,,107.0,,,,0.0,,0.0,2022,0
LB_20220804_093511_BUY_0001,2022-08-04,discovery,A_TRUE_ABSORPTION,2022-08-04 13:35:12.032000+00:00,2022-08-04 13:35:11+00:00,2022-08-04 13:35:12+00:00,TP; MAE<=10; MFE>=TP inicial,SELL,BUY,13305.0,60,60,TP,60,0,190,09:40:00.065,True,C:\Users\k_99_\Desktop\codding\data_footprint_generator\trade_results_score\score_trade_result_2022-08-04_NY.csv,119,118,176,319,394,119,-6,120,4.464247384558998,1.0,3.163636363636364,201,229,4,2.666666666666667,2.6,2,0.333333333333333,4,176,12.0,21.0,33.0,26.104517691659648,24,14,33,0,1,1.0,0,0.285714285714286,0.543564443199596,0.9375,0.045454545454545,0.017937219730942,5,0.3,9.4807467195612,-0.027702416122562,-0.336725078188282,0.908486912410569,0.05839300758214,34.3179247895729,13,0.999526116259478,,119,57,143,229,217,175,0.240174672489083,0.368663594470046,0.091428571428571,5,2.0,2.5,0.021834061135371,0.4,1.25,0.478991596638655,2.508771929824561,24,3,900,-8,2.6,0,10.0,6.32455532033676,9.32737905308882,12.5698050899765,1.232472045026644,3,0,1.0,0,1,,60,85,1076,354,1728,2392,116,238,7.06,11,2,0,312.032,-165,-75.6,105,1.42,-0.33,-0.05,111.67,101,-0.36,-0.03,1.86,0.66,3,0.67,,0,0,0,0,0,0,0,0,4.0,32.0,28.0,1,,119.0,120.0,4.0,2.666666666666667,2.0,1.7467248908296944,29.75,0.519650655021834,1.1393034825870647,0.4929971988795518,1.0875,1.0,1.0,1,0.5,26.104517691659648,24.0,2,0.0336134453781512,17.849999999999998,BUY,0.75,0.3157894736842105,-0.52,0.0,48.99999999906868,32.0,,,,0.0,,0.0,2022,1
LB_20220809_093105_SELL_0001,2022-08-09,discovery,B_CLEAN_BREAKOUT,2022-08-09 13:31:06.048000+00:00,2022-08-09 13:31:05+00:00,2022-08-09 13:31:06+00:00,SL; MFE<=10; MAE>=SL inicial,BUY,SELL,13072.5,60,60,SL,-60,60,0,09:31:48.490,True,C:\Users\k_99_\Desktop\codding\data_footprint_generator\trade_results_score\score_trade_result_2022-08-09_NY.csv,-161,-202,-211,-255,-238,22,-161,-120,-3.528249454288774,1.0,0.326359832635983,273,317,-6,-4.0,-3.4,-2,-1.666666666666667,-6,-211,26.0,-32.0,-6.0,-17.67691165553081,-29,-31,-12,-3,1,0.4,0,0.142857142857143,0.811278124459133,0.6,0.052132701421801,0.022044088176353,5,0.7,8.10212249829312,0.094276704981561,-1.088569239827587,0.937307236096941,0.065033407572383,27.256260471864,6,0.005345211581292,,161,50,44,317,182,170,0.246056782334385,0.362637362637363,0.370588235294118,7,2.5,3.0,0.022082018927445,0.357142857142857,1.2,0.31055900621118,0.88,8,1,1211,12,3.6,0,1.0,9.74679434480896,13.6747943311773,17.6635217326557,1.351637183908119,3,0,1.0,0,1,,130,40,801,-329,-2692,6002,82,-411,6.61,10,0,0,66.048,-160,-245.03,30,0.31,-0.41,0.01,58.33,47,0.0,0.0,0.45,0.0,0,0.0,,0,0,0,0,0,0,0,0,8.0,48.0,40.0,1,,161.0,120.0,6.0,4.0,2.0,1.892744479495268,26.83333333333333,0.5078864353312302,1.1611721611721613,0.4368530020703933,0.7251184834123223,1.0,1.0,1,0.3333333333333333,17.67691165553081,29.0,2,0.0372670807453416,10.733333333333334,SELL,0.6666666666666666,0.1785714285714285,-0.696969696969697,0.0,,15.0,1.1724137931034482,0.3908045977011494,-0.4380165289256198,0.0,,29.0,2022,0
LB_20220815_093300_BUY_0001,2022-08-15,discovery,B_CLEAN_BREAKOUT,2022-08-15 13:33:01.053000+00:00,2022-08-15 13:33:00+00:00,2022-08-15 13:33:01+00:00,SL; MFE<=10; MAE>=SL inicial,SELL,BUY,13583.75,60,60,SL,-60,60,0,09:34:42.152,True,C:\Users\k_99_\Desktop\codding\data_footprint_generator\trade_results_score\score_trade_result_2022-08-15_NY.csv,201,217,222,211,246,201,-35,185,5.241005274044508,0.994444444444444,5.568181818181818,256,289,4,2.0,1.0,2,1.666666666666667,4,222,25.0,14.0,39.0,17.749337309476473,12,3,23,0,1,1.0,0,0.4,0.91829583405449,0.416666666666667,0.027027027027027,0.016759776536313,2,1.1,10.08508983613216,-0.50555717232571,-0.807351487909353,0.935666406817539,0.074138502319417,32.2869986981331,11,0.99395294897283,,201,21,-11,289,69,81,0.152249134948097,0.347826086956522,0.567901234567901,4,1.0,-0.5,0.013840830449827,0.25,-0.5,0.104477611940299,-0.523809523809524,17,2,599,-9,1.0,2,36.0,5.65685424949238,8.12403840463596,9.05538513813742,1.53018411135201,2,0,1.0,0,1,,125,25,296,204,748,2792,456,-252,23.74,9,0,0,181.053,-195,-203.03,70,0.2,-0.69,-0.16,85.0,59,-0.46,-0.09,0.68,0.81,2,1.0,,0,0,0,0,0,0,0,0,16.0,53.0,37.0,1,,201.0,185.0,4.0,2.0,2.0,1.3840830449826989,50.25,0.6955017301038062,1.12890625,0.3681592039800995,0.5702702702702702,1.0,1.0,1,0.5,17.749337309476473,12.0,3,0.0199004975124378,30.15,BUY,0.144927536231884,0.175438596491228,-0.7014925373134329,0.0,85.99999999569263,69.0,,,,0.0,,0.0,2022,0
LB_20220817_093558_BUY_0001,2022-08-17,discovery,A_TRUE_ABSORPTION,2022-08-17 13:35:59.026000+00:00,2022-08-17 13:35:58+00:00,2022-08-17 13:35:59+00:00,TP; MAE<=10; MFE>=TP inicial,SELL,BUY,13561.25,60,60,TP,60,0,60,09:37:09.586,True,C:\Users\k_99_\Desktop\codding\data_footprint_generator\trade_results_score\score_trade_result_2022-08-17_NY.csv,183,200,197,267,250,183,-42,166,5.724712466710615,0.993333333333333,3.815384615384615,278,313,6,1.666666666666667,1.6,6,1.333333333333333,6,197,17.0,20.0,37.0,25.66739106812996,32,21,34,1,0,1.0,0,0.5,0.985228136034252,0.642857142857143,0.030456852791878,0.013667425968109,1,0.8,7.911371251135688,0.981980616683446,0.479683103595084,0.899120955619609,0.071172443768336,27.5705678075917,12,1.0,,183,14,70,313,126,162,0.207667731629393,0.444444444444444,0.283950617283951,6,0.0,1.5,0.019169329073482,0.0,,0.076502732240437,5.0,3,1,307,-12,1.6,1,33.0,6.92820323027551,9.59166304662544,14.8660687473185,1.141563585970786,2,0,1.0,0,1,,85,100,3653,621,-647,2336,126,495,1.69,11,4,0,359.026,-185,-18.6,100,1.18,-0.17,-0.05,71.67,77,0.16,-0.05,0.84,0.97,3,0.33,,0,0,0,0,0,0,0,0,2.0,26.0,24.0,1,,183.0,166.0,6.0,1.666666666666667,6.0,1.9169329073482428,30.5,0.5846645367412141,1.1258992805755397,0.3588342440801457,0.8131979695431472,1.0,1.0,1,1.0,25.66739106812996,32.0,2,0.0327868852459016,12.2,BUY,0.6,0.1836734693877551,-0.6896551724137931,0.0,65.99999999889405,15.0,,,,0.0,,0.0,2022,1
LB_20220831_093400_SELL_0001,2022-08-31,discovery,B_CLEAN_BREAKOUT,2022-08-31 13:34:01.039000+00:00,2022-08-31 13:34:00+00:00,2022-08-31 13:34:01+00:00,SL; MFE<=10; MAE>=SL inicial,BUY,SELL,12430.0,60,60,SL,-60,60,0,09:34:11.406,True,C:\Users\k_99_\Desktop\codding\data_footprint_generator\trade_results_score\score_trade_result_2022-08-31_NY.csv,-348,-338,-282,-258,-252,56,-348,-358,-12.612080204275548,1.0,0.313609467455621,488,666,-4,-1.333333333333333,0.4,-4,-2.0,-4,-282,34.0,-38.0,-4.0,-13.767205599950444,-16,-29,-2,0,-1,1.0,0,0.8,1.0,0.125,0.014184397163121,0.004545454545455,1,1.8,11.70322364828032,0.086028811550487,-0.880200264461276,0.973500838498914,0.053211918478598,43.3201303060579,13,0.166449854426067,,348,-66,-24,666,214,84,0.238738738738739,0.654205607476636,0.642857142857143,4,0.0,-2.5,0.006006006006006,0.0,,-0.189655172413793,-0.363636363636364,14,3,1687,-5,-0.2,2,1.0,7.07106781186548,12.4498995979887,16.062378404209,1.078327732034385,1,0,1.0,0,1,,170,25,669,-345,3788,3124,238,-583,24.06,12,0,3,241.039,-190,-18.6,20,0.15,-0.52,0.08,91.67,95,-0.13,0.03,0.54,1.0,2,0.67,,0,0,0,0,0,0,0,0,2.0,39.0,37.0,1,,348.0,358.0,4.0,1.333333333333333,4.0,0.6006006006006006,87.0,0.5225225225225225,1.3647540983606556,0.2701149425287356,0.548936170212766,1.0,0.6666666666666666,1,1.0,13.767205599950444,16.0,3,0.0114942528735632,52.2,SELL,0.0,,,0.0,,100.0,0.0,,,0.0,,56.0,2022,0
LB_20220901_093124_SELL_0002,2022-09-01,discovery,B_CLEAN_BREAKOUT,2022-09-01 13:31:25.053000+00:00,2022-09-01 13:31:24+00:00,2022-09-01 13:31:25+00:00,SL; MFE<=10; MAE>=SL inicial,BUY,SELL,12158.75,60,60,SL,-60,60,5,09:33:29.287,True,C:\Users\k_99_\Desktop\codding\data_footprint_generator\trade_results_score\score_trade_result_2022-09-01_NY.csv,-183,-225,-240,-314,-370,-3,-183,-141,-3.777134528782676,0.976190476190476,0.262096774193548,273,313,-6,-3.0,-3.0,-4,-1.333333333333333,-6,-240,23.0,-27.0,-4.0,-13.383719336713716,-8,-19,-6,0,-1,0.2,0,0.0,0.0,1.0,0.033333333333333,0.016949152542373,5,0.4,6.062390726044112,0.296437482061478,-0.77644195260934,0.923794028905576,0.09483349321639,21.7208065768881,7,0.008222557215294,0.0,183,57,74,313,159,184,0.207667731629393,0.320754716981132,0.298913043478261,6,1.0,3.0,0.019169329073482,0.166666666666667,3.0,0.311475409836066,1.298245614035088,1,1,313,11,3.0,1,,8.66025403784439,11.4891252930761,15.3948043183407,1.377945636523871,3,0,1.0,0,1,38.0,115,15,2150,-408,1509,5150,236,-644,0.6,11,0,1,85.053,-135,-44.75,20,0.13,-0.19,0.05,56.67,45,0.0,0.0,0.49,0.0,0,0.0,,0,0,0,0,0,0,0,0,1.0,53.0,52.0,1,38.0,183.0,141.0,6.0,3.0,4.0,1.9169329073482428,30.5,0.5846645367412141,1.1465201465201464,0.4371584699453552,0.785,1.0,1.0,1,0.6666666666666666,13.383719336713716,8.0,2,0.0327868852459016,12.2,SELL,0.85,0.4594594594594595,-0.3703703703703703,5.0,216.00000000034925,40.0,0.5384615384615384,0.1346153846153846,-0.7627118644067796,0.0,,13.0,2022,0
LB_20220928_093328_SELL_0001,2022-09-28,discovery,B_CLEAN_BREAKOUT,2022-09-28 13:33:29.039000+00:00,2022-09-28 13:33:28+00:00,2022-09-28 13:33:29+00:00,SL; MFE<=10; MAE>=SL inicial,BUY,SELL,11297.5,60,60,SL,-60,60,0,09:34:06.303,True,C:\Users\k_99_\Desktop\codding\data_footprint_generator\trade_results_score\score_trade_result_2022-09-28_NY.csv,-190,-199,-216,-213,-198,12,-190,-181,-5.922417297172761,1.0,0.263565891472868,265,326,-4,-1.666666666666667,-1.2,-3,-1.333333333333333,-4,-216,22.0,-30.0,-8.0,-16.498822521943907,-15,-22,-6,0,-1,1.0,1,0.5,0.863120568566631,0.615384615384615,0.023148148148148,0.012820512820513,2,0.7,7.558526516322656,0.105115903550864,-0.393870533593515,0.921551203450451,0.072075929494041,28.5661343664993,8,0.014914722043816,,190,26,-3,326,64,77,0.208588957055215,0.296875,0.519480519480519,4,0.5,0.0,0.012269938650307,0.125,0.0,0.136842105263158,-0.115384615384615,25,9,1179,-3,1.0,3,1.0,5.74456264653803,8.36660026534076,15.4272486205415,0.912103488157591,2,0,1.0,0,1,,110,40,1467,-229,-888,2480,-36,-193,1.38,8,0,0,209.039,-150,188.82,40,0.36,-0.16,-0.01,120.0,88,-0.26,0.01,1.09,0.59,2,0.0,,0,0,0,0,0,0,0,0,0.0,39.0,39.0,1,,190.0,181.0,4.0,1.666666666666667,3.0,1.2269938650306749,47.5,0.5828220858895705,1.230188679245283,0.3789473684210526,0.5916666666666667,1.0,1.0,1,0.75,16.498822521943907,15.0,2,0.0210526315789473,28.5,SELL,0.087719298245614,0.1063829787234042,-0.8076923076923077,0.0,,57.0,,,,0.0,,0.0,2022,0
LB_20221025_093119_BUY_0001,2022-10-25,discovery,B_CLEAN_BREAKOUT,2022-10-25 13:31:20.076000+00:00,2022-10-25 13:31:19+00:00,2022-10-25 13:31:20+00:00,SL; MFE<=10; MAE>=SL inicial,SELL,BUY,11552.5,60,60,SL,-60,60,5,09:32:46.114,True,C:\Users\k_99_\Desktop\codding\data_footprint_generator\trade_results_score\score_trade_result_2022-10-25_NY.csv,252,249,341,369,376,252,-3,255,4.28286907467048,0.974683544303797,5.131147540983607,204,374,4,2.0,1.6,5,1.333333333333333,4,341,27.0,3.0,30.0,13.7142460427659,6,3,20,2,0,0.4,1,0.75,0.970950594454669,0.727272727272727,0.017595307917889,0.010889292196007,1,0.3,7.960799527980168,-0.313066837490461,-1.172809599615899,0.936545494065577,0.073451818939184,24.9303327056334,5,1.0,,252,89,28,374,177,94,0.163101604278075,0.248587570621469,0.351063829787234,4,1.0,1.0,0.010695187165775,0.25,1.0,0.353174603174603,0.314606741573034,14,3,1387,5,1.6,0,1.0,5.56776436283002,8.42614977317636,11.3578166916005,1.200774943574477,3,0,1.0,0,1,,135,15,1414,360,1188,5800,34,326,0.75,11,1,0,80.076,-150,-262.58,15,0.11,-0.25,-0.01,70.0,58,0.0,0.0,0.52,0.0,0,0.0,,0,0,0,0,0,0,0,0,0.0,76.0,76.0,1,,252.0,255.0,4.0,2.0,5.0,1.0695187165775402,63.0,0.6737967914438503,1.8333333333333333,0.451058201058201,0.649266862170088,1.0,1.0,1,1.25,13.7142460427659,6.0,3,0.0158730158730158,37.8,BUY,0.3,0.1333333333333333,-0.7647058823529411,3.0,102.999999995518,20.0,1.2285714285714286,0.5058823529411764,-0.328125,0.0,52.99999999988359,35.0,2022,0
LB_20221026_093108_SELL_0002,2022-10-26,discovery,A_TRUE_ABSORPTION,2022-10-26 13:31:09.077000+00:00,2022-10-26 13:31:08+00:00,2022-10-26 13:31:09+00:00,TP; MAE<=10; MFE>=TP inicial,BUY,SELL,11435.0,60,60,TP,60,0,60,09:31:47.164,True,C:\Users\k_99_\Desktop\codding\data_footprint_generator\trade_results_score\score_trade_result_2022-10-26_NY.csv,-177,-196,-192,-182,-295,20,-177,-158,-3.383512586275668,0.970588235294118,0.354014598540146,348,371,-4,-2.333333333333333,-1.0,-3,-1.0,-4,-192,29.0,-35.0,-6.0,-15.537222696245736,-13,-21,-5,0,1,0.6,1,0.428571428571429,0.811278124459133,0.5,0.036458333333333,0.011290322580645,4,1.4,7.933215058241144,0.285974099793816,-0.523211529579593,0.940892362218528,0.068259385665529,29.8888375499662,10,0.022397610921502,-5.0,177,15,-10,371,249,166,0.261455525606469,0.469879518072289,0.530120481927711,4,1.5,-1.0,0.01078167115903,0.375,-0.666666666666667,0.084745762711864,-0.666666666666667,14,3,1588,-1,1.0,0,1.0,6.48074069840786,8.06225774829855,11.916375287813,1.332159107360655,2,0,1.0,0,1,38.0,145,35,1421,-289,-350,7977,-643,354,3.86,10,0,0,69.077,-175,-304.34,30,0.24,-0.2,-0.08,80.0,62,0.0,0.0,0.55,0.0,0,0.0,,0,0,0,0,0,0,0,0,10.0,77.0,67.0,1,38.0,177.0,158.0,4.0,2.333333333333333,3.0,1.0781671159029649,44.25,0.477088948787062,1.0660919540229885,0.3615819209039548,0.56875,1.0,1.0,1,0.75,15.537222696245736,13.0,2,0.0225988700564971,26.55,SELL,0.0,,,0.0,,55.0,0.1875,1.0,0.0,0.0,72.00000000011642,16.0,2022,1
LB_20221027_093628_SELL_0001,2022-10-27,discovery,A_TRUE_ABSORPTION,2022-10-27 13:36:29.053000+00:00,2022-10-27 13:36:28+00:00,2022-10-27 13:36:29+00:00,TP; MAE<=10; MFE>=TP inicial,BUY,SELL,11396.25,60,60,TP,60,0,60,09:36:43.962,True,C:\Users\k_99_\Desktop\codding\data_footprint_generator\trade_results_score\score_trade_result_2022-10-27_NY.csv,-130,-125,-194,-249,-277,6,-130,-135,-4.061220407066422,0.993333333333333,0.336734693877551,228,262,-6,-4.333333333333333,-3.4,-4,-2.333333333333333,-6,-194,39.0,-43.0,-4.0,-33.71176330231448,-36,-49,-27,-2,0,0.2,0,0.333333333333333,0.591672778582328,0.954545454545455,0.061855670103093,0.024489795918367,3,0.5,11.14283107383672,-0.606415633879439,-0.364364614737108,0.913871707027121,0.048715501471407,39.593106348454,14,0.00011930326891,,130,64,55,262,228,229,0.251908396946565,0.359649122807018,0.379912663755459,7,3.0,2.0,0.026717557251908,0.428571428571429,0.666666666666667,0.492307692307692,0.859375,2,1,361,13,3.4,0,1.0,9.79795897113271,12.2474487139159,15.6843871413581,1.530184111352013,3,0,1.0,0,1,,195,20,1548,-248,-415,3973,23,-271,0.69,10,0,0,389.053,-215,-113.65,20,0.1,-0.16,0.01,113.33,116,-0.25,0.02,0.58,1.17,0,0.0,,0,0,0,0,0,0,0,0,17.0,53.0,36.0,1,,130.0,135.0,6.0,4.333333333333333,4.0,2.2900763358778624,21.666666666666668,0.4961832061068702,1.149122807017544,0.4974358974358974,0.7701030927835052,1.0,1.0,1,0.6666666666666666,33.71176330231448,36.0,2,0.0461538461538461,8.666666666666668,SELL,1.3333333333333333,0.2033898305084746,-0.6619718309859155,0.0,,9.0,0.7333333333333333,0.2716049382716049,-0.5728155339805825,0.0,,30.0,2022,1
LB_20221028_093127_BUY_0001,2022-10-28,discovery,B_CLEAN_BREAKOUT,2022-10-28 13:31:28.046000+00:00,2022-10-28 13:31:27+00:00,2022-10-28 13:31:28+00:00,SL; MFE<=10; MAE>=SL inicial,SELL,BUY,11252.5,60,60,SL,-60,60,0,09:32:17.109,True,C:\Users\k_99_\Desktop\codding\data_footprint_generator\trade_results_score\score_trade_result_2022-10-28_NY.csv,175,175,177,139,137,175,-29,175,4.527997632340718,1.0,3.397260273972603,239,321,4,1.333333333333333,0.6,4,1.666666666666667,4,177,32.0,5.0,37.0,18.217347220942024,14,7,27,0,1,1.0,1,0.75,0.970950594454669,0.333333333333333,0.022598870056497,0.009280742459397,1,0.9,8.98927318912424,-0.097180966073334,-0.84958562814965,0.949491005345603,0.063231634252005,33.2002651217481,10,0.994561710756752,,175,2,-38,321,110,142,0.227414330218069,0.490909090909091,0.633802816901408,4,0.0,-0.5,0.012461059190031,0.0,,0.011428571428571,-19.0,14,3,1675,-2,0.6,3,1.0,4.79583152331272,10.4403065089106,14.560219778561,0.806810632197183,1,0,1.0,0,1,,160,30,3149,583,-1754,7702,578,5,1.07,11,2,0,88.046,-185,-451.62,25,0.19,-0.19,-0.08,85.0,74,0.0,0.0,0.53,0.0,0,0.0,,0,0,0,0,0,0,0,0,0.0,46.0,46.0,1,,175.0,175.0,4.0,1.333333333333333,4.0,1.2461059190031152,43.75,0.5451713395638629,1.343096234309623,0.3371428571428571,0.4711864406779661,1.0,1.0,1,1.0,18.217347220942024,14.0,2,0.0228571428571428,26.25,BUY,0.0769230769230769,0.08,-0.8518518518518519,0.0,336.99999999953434,52.0,0.2222222222222222,1.0,0.0,0.0,620.9999999991851,9.0,2022,0
LB_20221103_093349_BUY_0001,2022-11-03,discovery,A_TRUE_ABSORPTION,2022-11-03 13:33:50.021000+00:00,2022-11-03 13:33:49+00:00,2022-11-03 13:33:50+00:00,TP; MAE<=10; MFE>=TP inicial,SELL,BUY,10846.25,60,60,TP,60,10,60,09:34:40.747,True,C:\Users\k_99_\Desktop\codding\data_footprint_generator\trade_results_score\score_trade_result_2022-11-03_NY.csv,163,171,183,245,341,163,-16,155,4.915606754632433,1.0,2.263565891472868,366,421,6,2.666666666666667,2.4,5,1.333333333333333,6,183,30.0,13.0,43.0,29.454269078167677,37,26,41,1,-1,1.0,1,0.142857142857143,0.811278124459133,0.9375,0.038251366120219,0.012939001848429,5,0.7,8.4430419382144,1.014642925828127,1.166152272123431,0.886190441507741,0.07306641933323,29.7522693432998,12,0.999124027412789,,163,20,62,421,120,160,0.306413301662708,0.416666666666667,0.30625,6,0.5,2.0,0.014251781472684,0.083333333333333,4.0,0.122699386503067,3.1,6,3,471,-1,2.4,1,4.0,7.21110255092798,12.369316876853,18.4390889145858,0.957938964038694,3,0,1.0,0,1,,150,65,3922,788,-522,4076,-6,794,1.3,9,1,1,230.021,-215,98.08,65,0.43,-0.2,0.0,116.67,90,-0.03,-0.02,0.78,0.94,0,0.0,,0,0,0,0,0,0,0,0,1.0,21.0,20.0,1,,163.0,155.0,6.0,2.666666666666667,5.0,1.4251781472684086,27.166666666666668,0.3871733966745843,1.150273224043716,0.3742331288343558,0.8032786885245902,1.0,1.0,1,0.8333333333333334,29.454269078167677,37.0,2,0.0368098159509202,10.866666666666667,BUY,1.0952380952380951,0.3538461538461538,-0.4772727272727273,10.0,49.999999995634425,21.0,,,,0.0,,0.0,2022,1
LB_20230321_093130_BUY_0001,2023-03-21,discovery,B_CLEAN_BREAKOUT,2023-03-21 13:31:31.049993+00:00,2023-03-21 13:31:30+00:00,2023-03-21 13:31:31+00:00,SL; MFE<=10; MAE>=SL inicial,SELL,BUY,12801.25,60,60,SL,-60,60,0,09:32:10.416,True,C:\Users\k_99_\Desktop\codding\data_footprint_generator\trade_results_score\score_trade_result_2023-03-21_NY.csv,179,205,224,225,322,179,-4,153,5.151909232085059,1.0,8.782608695652174,153,225,2,1.333333333333333,0.6,1,1.0,2,224,18.0,3.0,21.0,10.555014278515031,7,1,16,1,0,0.8,1,0.428571428571429,0.811278124459133,0.666666666666667,0.017857142857143,0.01219512195122,3,0.6,6.10452975460924,-0.43850055772589,-1.253590169885336,0.903810468476461,0.133546111204435,16.3416412461798,5,1.0,,179,45,1,225,103,95,0.102222222222222,0.281553398058252,0.494736842105263,2,1.0,0.0,0.008888888888889,0.5,0.0,0.251396648044693,0.022222222222222,14,3,1054,1,0.8,0,1.0,3.3166247903554,5.09901951359278,7.48331477354788,1.085620296683619,2,0,1.0,0,1,,90,15,1411,355,2298,4544,298,57,0.48,11,1,0,91.05,-105,-228.93,15,0.17,-0.25,-0.07,45.0,35,0.0,0.0,0.5,0.0,0,0.0,,0,0,0,0,0,0,0,0,8.41,49.99,41.58,1,,179.0,153.0,2.0,1.333333333333333,1.0,0.8888888888888888,89.5,0.7955555555555556,1.4705882352941178,0.4171322160148976,0.6026785714285714,1.0,1.0,1,0.5,10.555014278515031,7.0,3,0.0111731843575419,71.60000000000001,BUY,,,,,,,,,,,,,2023,0
LB_20230328_093202_SELL_0001,2023-03-28,discovery,B_CLEAN_BREAKOUT,2023-03-28 13:32:03.022952+00:00,2023-03-28 13:32:02+00:00,2023-03-28 13:32:03+00:00,SL; MFE<=10; MAE>=SL inicial,BUY,SELL,12748.75,60,60,SL,-60,60,0,09:33:04.271,True,C:\Users\k_99_\Desktop\codding\data_footprint_generator\trade_results_score\score_trade_result_2023-03-28_NY.csv,-304,-332,-365,-392,-417,4,-304,-276,-9.735627008215143,1.0,0.230379746835443,382,486,-4,-1.666666666666667,-1.0,-3,-1.333333333333333,-4,-365,14.0,-23.0,-9.0,-11.886787496716575,-13,-16,-5,-1,0,1.0,0,0.0,0.0,0.857142857142857,0.016438356164384,0.008608321377331,2,0.9,5.642050212860144,0.070517947958172,-0.661314117962437,0.91583605840231,0.130942999737326,18.3673805173019,5,0.01431573417389,,304,61,27,486,211,59,0.187242798353909,0.355450236966825,0.271186440677966,4,1.0,0.0,0.008230452674897,0.25,0.0,0.200657894736842,0.442622950819672,15,1,878,-4,1.0,1,7.0,4.35889894354067,6.6332495807108,9.32737905308882,1.144702942944676,2,0,1.0,0,1,,70,25,699,-365,-603,3105,-323,-42,8.27,10,0,2,123.023,-115,-120.95,45,0.36,-0.52,-0.1,55.0,43,-0.67,-0.1,0.79,0.0,1,1.0,,0,0,0,0,0,0,0,0,0.62,22.95,22.33,1,,304.0,276.0,4.0,1.666666666666667,3.0,0.823045267489712,76.0,0.6255144032921811,1.2722513089005236,0.400219298245614,0.6443835616438356,1.0,1.0,1,0.75,11.886787496716575,13.0,2,0.0131578947368421,45.6,SELL,,,,,,,,,,,,,2023,0
LB_20230404_093600_SELL_0001,2023-04-04,discovery,A_TRUE_ABSORPTION,2023-04-04 13:36:01.053737900+00:00,2023-04-04 13:36:00+00:00,2023-04-04 13:36:01+00:00,TP; MAE<=10; MFE>=TP inicial,BUY,SELL,13271.25,60,60,TP,60,0,60,09:37:22.128,True,C:\Users\k_99_\Desktop\codding\data_footprint_generator\trade_results_score\score_trade_result_2023-04-04_NY.csv,-180,-180,-180,-194,-287,16,-180,-180,-7.383855127255832,1.0,0.189189189189189,222,264,-1,-0.666666666666667,-0.4,-1,-0.333333333333333,-1,-180,9.0,-16.0,-7.0,-9.549133749133748,-14,-15,-5,1,0,1.0,0,0.5,0.721928094887362,0.8,0.011111111111111,0.006993006993007,1,0.2,5.001639815451632,0.046784531395773,-0.863664194082036,0.941562575658164,0.082467082467082,19.1492587998997,6,0.020582120582121,,180,0,14,264,22,60,0.159090909090909,0.5,0.383333333333333,1,0.5,0.5,0.003787878787879,0.5,1.0,0.0,,10,0,291,-4,0.6,1,18.0,2.23606797749979,4.47213595499958,6.6332495807108,0.82572282384477,2,0,1.0,0,1,,45,10,267,-179,-506,1829,-103,-76,9.49,10,0,1,361.0537,-80,-86.25,35,0.22,-0.67,-0.06,40.0,48,-0.25,-0.02,0.89,0.81,4,1.0,,0,0,0,0,0,0,0,0,20.04,53.74,33.7,1,,180.0,180.0,1.0,0.666666666666667,1.0,0.3787878787878788,180.0,0.6818181818181818,1.1891891891891893,0.3333333333333333,0.6466666666666666,1.0,1.0,1,1.0,9.549133749133748,14.0,2,0.0055555555555555,162.0,SELL,,,,,,,,,,,,,2023,1
LB_20230419_093353_SELL_0001,2023-04-19,discovery,A_TRUE_ABSORPTION,2023-04-19 13:33:54.064843900+00:00,2023-04-19 13:33:53+00:00,2023-04-19 13:33:54+00:00,TP; MAE<=10; MFE>=TP inicial,BUY,SELL,13105.0,60,60,TP,60,0,60,09:34:35.504,True,C:\Users\k_99_\Desktop\codding\data_footprint_generator\trade_results_score\score_trade_result_2023-04-19_NY.csv,-250,-254,-277,-291,-317,14,-250,-246,-7.453952798121727,1.0,0.4279176201373,548,624,-3,-1.333333333333333,-0.4,-3,-1.666666666666667,-3,-277,14.0,5.0,19.0,8.21148331595412,16,4,17,0,-2,0.0,0,0.6,0.91829583405449,0.333333333333333,0.010830324909747,0.00431654676259,1,0.8,6.729450319737992,0.406728392122552,-1.002738525116409,0.945235096609066,0.10596976016684,22.541108315299,7,0.862421793534932,,250,27,14,624,71,126,0.299679487179487,0.309859154929577,0.444444444444444,4,0.0,-1.0,0.006410256410256,0.0,,0.108,0.518518518518519,0,0,0,21,0.4,2,,4.12310562561766,5.65685424949238,8.0,1.262438117295259,1,1,1.0,0,1,,70,10,3799,-129,-2168,2967,111,-240,0.18,10,0,0,234.0648,25,15.02,25,0.14,-0.03,0.04,68.33,49,0.22,-0.01,0.98,0.84,1,0.5,,0,0,0,0,0,0,0,0,24.49,64.84,40.36,1,,250.0,246.0,3.0,1.333333333333333,3.0,0.4807692307692308,83.33333333333333,0.4006410256410256,1.1386861313868613,0.3693333333333333,0.6303249097472924,1.0,1.0,1,1.0,-8.21148331595412,-16.0,3,0.012,58.33333333333333,SELL,,,,,,,,,,,,,2023,1
LB_20230426_093201_SELL_0001,2023-04-26,discovery,A_TRUE_ABSORPTION,2023-04-26 13:32:02.055938+00:00,2023-04-26 13:32:01+00:00,2023-04-26 13:32:02+00:00,TP; MAE<=10; MFE>=TP inicial,BUY,SELL,12921.25,60,60,TP,60,0,60,09:37:00.271,True,C:\Users\k_99_\Desktop\codding\data_footprint_generator\trade_results_score\score_trade_result_2023-04-26_NY.csv,-175,-188,-227,-354,-409,-3,-175,-162,-7.473883976344057,1.0,0.368231046931408,356,379,-5,-2.0,-2.0,-4,-1.0,-5,-227,19.0,-29.0,-10.0,-17.26766150358897,-18,-23,-11,-1,1,1.0,0,0.285714285714286,0.543564443199596,0.9375,0.026431718061674,0.00796812749004,2,0.5,6.350928165426928,-0.481923033762093,-0.108556454486711,0.916910137273547,0.0775406120136,23.3047611071549,8,0.011994710993578,,175,52,127,379,374,245,0.269129287598945,0.43048128342246,0.240816326530612,4,0.5,2.0,0.010554089709763,0.125,4.0,0.297142857142857,2.442307692307692,15,5,886,0,2.0,1,4.0,6.78232998312527,8.54400374531753,11.0905365064094,1.497966100759425,3,0,1.0,0,1,,95,30,502,-190,-206,4147,-565,375,14.59,9,0,0,122.0559,-145,-85.57,50,0.32,-0.38,-0.14,70.0,59,-0.33,-0.14,0.74,0.0,1,1.0,,0,0,0,0,0,0,0,0,9.68,55.94,46.26,1,,175.0,162.0,5.0,2.0,4.0,1.3192612137203166,35.0,0.4617414248021108,1.0646067415730338,0.4323809523809523,0.93568281938326,1.0,1.0,1,0.8,17.26766150358897,18.0,2,0.0285714285714285,17.5,SELL,,,,,,,,,,,,,2023,1
LB_20230503_093500_BUY_0001,2023-05-03,discovery,B_CLEAN_BREAKOUT,2023-05-03 13:35:01.053012900+00:00,2023-05-03 13:35:00+00:00,2023-05-03 13:35:01+00:00,SL; MFE<=10; MAE>=SL inicial,SELL,BUY,13208.75,60,60,SL,-60,60,0,09:45:36.542,True,C:\Users\k_99_\Desktop\codding\data_footprint_generator\trade_results_score\score_trade_result_2023-05-03_NY.csv,190,189,206,209,254,190,-5,191,9.362271233868704,1.0,4.454545454545455,269,300,2,0.666666666666667,0.2,1,0.666666666666667,2,206,10.0,4.0,14.0,8.787591644764143,9,6,12,9,-1,1.0,0,0.333333333333333,0.863120568566631,0.625,0.014563106796117,0.008021390374332,2,0.7,3.258056551081488,0.206435455000678,-0.120786364030716,0.893409155487628,0.118826947018951,13.227322692783,2,0.997095033891271,,190,16,3,300,74,59,0.183333333333333,0.391891891891892,0.474576271186441,2,0.5,0.0,0.006666666666667,0.25,0.0,0.084210526315789,0.1875,27,3,954,-2,0.4,3,1.0,3.16227766016838,4.69041575982343,7.21110255092798,1.074172311059149,2,0,1.0,0,1,,50,10,307,193,496,1933,267,-74,9.5,10,1,0,301.053,-70,-17.03,20,0.2,-0.63,-0.14,53.33,53,-0.22,-0.11,1.07,0.78,3,0.67,,0,0,0,0,0,0,0,0,7.29,53.01,45.72,1,,190.0,191.0,2.0,0.666666666666667,1.0,0.6666666666666666,95.0,0.6333333333333333,1.1152416356877324,0.3614035087719298,0.6087378640776699,1.0,1.0,1,0.5,8.787591644764143,9.0,1,0.0105263157894736,76.0,BUY,,,,,,,,,,,,,2023,0
LB_20230511_093202_SELL_0001,2023-05-11,discovery,B_CLEAN_BREAKOUT,2023-05-11 13:32:03.023827900+00:00,2023-05-11 13:32:02+00:00,2023-05-11 13:32:03+00:00,SL; MFE<=10; MAE>=SL inicial,BUY,SELL,13400.0,60,60,SL,-60,60,0,09:34:11.865,True,C:\Users\k_99_\Desktop\codding\data_footprint_generator\trade_results_score\score_trade_result_2023-05-11_NY.csv,-241,-343,-339,-343,-300,35,-241,-139,-4.698411051185458,1.0,0.258461538461538,270,409,-2,-1.666666666666667,-1.0,0,-0.666666666666667,-2,-339,12.0,-27.0,-15.0,-15.075912657795977,-25,-26,-9,0,-1,1.0,0,0.2,0.650022421648354,0.625,0.011799410029499,0.005625879043601,3,0.6,7.90598781134672,-0.218241676408528,-1.253704690962398,0.951427126304687,0.089901057659502,23.8158127512952,8,0.021920846127602,,241,98,4,409,302,120,0.205378973105134,0.337748344370861,0.483333333333333,2,1.0,0.0,0.004889975550122,0.5,0.0,0.406639004149378,0.040816326530612,17,0,1283,-10,1.0,3,41.0,3.46410161513775,4.58257569495584,6.557438524302,1.293993278441259,2,0,1.0,0,1,,60,20,715,-337,2090,5188,-380,43,6.61,10,0,2,123.0238,-135,-133.39,75,0.33,-0.47,-0.07,53.33,40,-0.82,-0.07,0.89,0.0,1,1.0,,0,0,0,0,0,0,0,0,13.96,23.83,9.87,1,,241.0,139.0,2.0,1.666666666666667,-0.0,0.4889975550122249,120.5,0.589242053789731,1.5148148148148148,0.4688796680497925,0.6070796460176991,1.0,1.0,1,-0.0,15.075912657795977,25.0,2,0.0082987551867219,96.4,SELL,,,,,,,,,,,,,2023,0
LB_20230518_093436_BUY_0001,2023-05-18,discovery,B_CLEAN_BREAKOUT,2023-05-18 13:34:37.130016900+00:00,2023-05-18 13:34:36+00:00,2023-05-18 13:34:37+00:00,SL; MFE<=10; MAE>=SL inicial,SELL,BUY,13681.25,60,60,SL,-60,100,0,09:40:00.007,True,C:\Users\k_99_\Desktop\codding\data_footprint_generator\trade_results_score\score_trade_result_2023-05-18_NY.csv,137,143,163,151,167,137,-9,131,5.360975925957068,1.0,5.724137931034483,155,195,1,1.0,0.6,0,0.666666666666667,1,163,12.0,10.0,22.0,10.83351344479054,11,7,16,2,-1,1.0,0,0.4,0.650022421648354,0.666666666666667,0.012269938650307,0.007782101167315,3,0.2,4.720912105326408,0.193022853531434,-0.238200546538381,0.906092698814344,0.132286567923209,17.8073514014285,6,0.999237175004768,,137,26,-12,195,62,32,0.148717948717949,0.290322580645161,0.6875,1,0.5,0.0,0.005128205128205,0.5,0.0,0.18978102189781,-0.461538461538462,0,0,0,-7,0.6,3,,2.44948974278318,3.3166247903554,4.58257569495584,1.309307341415954,2,0,1.0,0,1,,60,20,1868,184,1445,2599,151,33,0.54,10,0,0,277.13,-110,-87.14,50,0.33,-0.1,-0.06,36.67,36,-0.41,-0.04,0.61,0.83,3,0.67,,0,0,0,0,0,0,0,0,25.0,130.02,105.02,1,,137.0,131.0,1.0,1.0,0.0,0.5128205128205128,137.0,0.7025641025641025,1.2580645161290325,0.3965936739659367,0.5558282208588957,1.0,1.0,1,0.0,10.83351344479054,11.0,2,0.0072992700729927,123.3,BUY,0.1428571428571428,0.208955223880597,-0.654320987654321,2.0,175.99999999947613,98.0,,,,0.0,,0.0,2023,0
LB_20230522_093356_BUY_0001,2023-05-22,discovery,B_CLEAN_BREAKOUT,2023-05-22 13:33:57.065921900+00:00,2023-05-22 13:33:56+00:00,2023-05-22 13:33:57+00:00,SL; MFE<=10; MAE>=SL inicial,SELL,BUY,13876.25,60,60,SL,-60,60,0,09:35:00.300,True,C:\Users\k_99_\Desktop\codding\data_footprint_generator\trade_results_score\score_trade_result_2023-05-22_NY.csv,130,156,181,253,331,130,-6,104,4.542580197052407,1.0,2.226415094339623,305,342,2,1.0,1.0,2,0.666666666666667,2,181,14.0,9.0,23.0,13.980175282373342,13,10,18,0,-1,1.0,0,0.0,0.0,1.0,0.016574585635359,0.005607476635514,1,0.0,4.478098186305456,0.475185771656773,0.552543221029029,0.876450809577718,0.114824014622487,16.7967652400668,6,0.999765665276281,,130,51,72,342,193,176,0.309941520467836,0.367875647668394,0.295454545454545,2,0.5,1.0,0.005847953216374,0.25,2.0,0.392307692307692,1.411764705882353,32,3,1607,-4,1.0,2,8.0,3.74165738677394,5.19615242270663,6.557438524302,1.397672483843414,3,0,1.0,0,1,,70,45,3303,587,-2076,3878,36,551,0.79,11,2,0,237.0659,-115,-77.83,45,0.64,-0.18,-0.01,56.67,42,0.05,0.02,0.81,0.7,0,0.0,,0,0,0,0,0,0,0,0,13.3,65.92,52.62,1,,130.0,104.0,2.0,1.0,2.0,0.5847953216374269,65.0,0.3801169590643274,1.121311475409836,0.4641025641025641,0.8386740331491712,1.0,1.0,1,1.0,13.980175282373342,13.0,2,0.0153846153846153,52.0,BUY,0.425531914893617,2.727272727272727,0.4634146341463415,38.0,55.00000000029104,141.0,,,,0.0,,0.0,2023,0
LB_20230526_093357_BUY_0001,2023-05-26,discovery,A_TRUE_ABSORPTION,2023-05-26 13:33:58.020596+00:00,2023-05-26 13:33:57+00:00,2023-05-26 13:33:58+00:00,TP; MAE<=10; MFE>=TP inicial,SELL,BUY,14045.0,60,60,TP,60,10,60,09:34:53.738,True,C:\Users\k_99_\Desktop\codding\data_footprint_generator\trade_results_score\score_trade_result_2023-05-26_NY.csv,166,224,269,294,452,166,-11,108,4.68817639981748,1.0,2.66,310,366,1,1.0,1.0,0,0.0,1,269,12.0,12.0,24.0,14.308662613981763,13,11,21,0,-1,1.0,0,0.285714285714286,0.543564443199596,0.75,0.011152416356877,0.004392386530015,5,0.0,5.430370329876712,0.784012259526191,0.353258503853742,0.896049199022628,0.09468085106383,18.5304401471181,6,0.992857142857143,,166,103,25,366,317,171,0.273224043715847,0.337539432176656,0.426900584795322,1,1.0,1.0,0.002732240437158,1.0,1.0,0.620481927710843,0.242718446601942,44,7,1962,-7,1.0,0,15.0,2.82842712474619,4.69041575982343,6.40312423743285,1.082003561600918,3,0,1.0,0,1,,60,60,3677,677,1393,2870,-76,753,1.03,11,5,0,238.0206,-120,-166.96,60,1.0,-0.18,0.03,53.33,40,0.0,0.02,0.89,0.89,2,0.0,,0,0,0,0,0,0,0,0,7.97,20.6,12.63,1,,166.0,108.0,1.0,1.0,0.0,0.273224043715847,166.0,0.453551912568306,1.1806451612903226,0.5401606425702812,0.6557620817843867,1.0,1.0,1,0.0,14.308662613981763,13.0,2,0.0060240963855421,149.4,BUY,0.1314285714285714,0.1949152542372881,-0.6737588652482269,5.0,120.99999999918508,175.0,,,,0.0,,0.0,2023,1
LB_20230613_093139_SELL_0001,2023-06-13,discovery,A_TRUE_ABSORPTION,2023-06-13 13:31:40.043985900+00:00,2023-06-13 13:31:39+00:00,2023-06-13 13:31:40+00:00,TP; MAE<=10; MFE>=TP inicial,BUY,SELL,15080.0,60,60,TP,60,5,60,09:32:31.447,True,C:\Users\k_99_\Desktop\codding\data_footprint_generator\trade_results_score\score_trade_result_2023-06-13_NY.csv,-139,-166,-165,-156,-268,16,-139,-112,-2.977203989275192,0.98989898989899,0.141975308641975,173,185,-1,-1.666666666666667,-0.4,1,-0.666666666666667,-1,-165,20.0,-25.0,-5.0,-13.98160046728972,-18,-21,-10,-2,1,1.0,1,0.375,0.91829583405449,0.384615384615385,0.03030303030303,0.01628664495114,3,0.9,5.45638614606344,-0.427130817319441,-0.29355699290568,0.915459273188903,0.09832554517134,20.4340866757413,7,0.006522585669782,,139,26,-9,185,122,189,0.124324324324324,0.39344262295082,0.523809523809524,1,2.0,-1.5,0.005405405405405,2.0,-0.75,0.18705035971223,-0.346153846153846,13,3,1505,-3,0.4,0,1.0,4.58257569495584,7.93725393319377,11.8321595661992,0.948683298050516,2,0,1.0,0,1,,100,30,3732,-218,37,6572,216,-434,0.75,9,0,1,100.044,-125,28.98,25,0.3,-0.06,0.03,51.67,38,0.0,0.0,0.52,0.0,0,0.0,,0,0,0,0,0,0,0,0,1.38,43.99,42.61,1,,139.0,112.0,1.0,1.666666666666667,-1.0,0.5405405405405406,139.0,0.7513513513513513,1.069364161849711,0.39568345323741,0.5672727272727273,1.0,1.0,1,-1.0,13.98160046728972,18.0,2,0.0071942446043165,125.1,SELL,,0.391304347826087,-0.4375,0.0,,0.0,,1.0,0.0,0.0,,0.0,2023,1
LB_20230622_093240_BUY_0001,2023-06-22,discovery,B_CLEAN_BREAKOUT,2023-06-22 13:32:41.030431+00:00,2023-06-22 13:32:40+00:00,2023-06-22 13:32:41+00:00,SL; MFE<=10; MAE>=SL inicial,SELL,BUY,15000.0,60,60,SL,-60,60,0,09:33:15.744,True,C:\Users\k_99_\Desktop\codding\data_footprint_generator\trade_results_score\score_trade_result_2023-06-22_NY.csv,141,177,171,188,255,141,-6,105,2.675621753244732,0.9875,3.169230769230769,219,271,2,1.333333333333333,1.2,1,0.0,2,171,17.0,11.0,28.0,13.581827530483324,18,5,19,0,1,1.0,0,0.0,0.0,1.0,0.023391812865497,0.010610079575597,4,0.3,6.517113925568328,-0.047356759488105,-0.754052969300851,0.946914829416088,0.067797855149111,25.0442494541081,7,0.994050242397532,,141,30,17,271,106,103,0.239852398523985,0.358490566037736,0.41747572815534,2,1.0,1.0,0.007380073800738,0.5,1.0,0.212765957446809,0.566666666666667,23,4,1342,-5,1.2,1,7.0,4.89897948556636,7.61577310586391,12.4096736459909,0.966987556830453,3,0,1.0,0,1,,85,25,2468,140,-1009,5304,132,8,0.61,11,1,0,161.0304,-140,-21.88,55,0.29,-0.06,-0.02,70.0,52,-0.71,-0.02,0.82,0.0,1,1.0,,0,0,0,0,0,0,0,0,8.24,30.43,22.19,1,,141.0,105.0,2.0,1.333333333333333,1.0,0.7380073800738007,70.5,0.5202952029520295,1.2374429223744292,0.4042553191489361,0.6596491228070176,1.0,1.0,1,0.5,13.581827530483324,18.0,2,0.0141843971631205,56.400000000000006,BUY,0.1743119266055046,0.1666666666666666,-0.7142857142857143,0.0,166.00000000471482,109.0,,,,0.0,,0.0,2023,0
LB_20230623_093159_BUY_0001,2023-06-23,discovery,B_CLEAN_BREAKOUT,2023-06-23 13:32:00.009044+00:00,2023-06-23 13:31:59+00:00,2023-06-23 13:32:00+00:00,SL; MFE<=10; MAE>=SL inicial,SELL,BUY,15061.25,60,60,SL,-60,60,10,09:34:31.473,True,C:\Users\k_99_\Desktop\codding\data_footprint_generator\trade_results_score\score_trade_result_2023-06-23_NY.csv,150,171,170,164,200,150,-4,129,4.941094402083296,1.0,4.571428571428571,175,234,1,1.0,0.6,-1,0.0,1,170,18.0,1.0,19.0,10.495059802392095,14,7,16,3,-1,0.4,0,0.5,0.863120568566631,0.555555555555556,0.017647058823529,0.008333333333333,2,0.5,4.75950498591316,0.208634153163491,-0.638317407327592,0.923201620645826,0.104732189287572,18.0779568351239,5,0.993239729589184,,150,20,-6,234,126,72,0.179487179487179,0.420634920634921,0.541666666666667,1,1.0,0.0,0.004273504273504,1.0,0.0,0.133333333333333,-0.3,4,1,447,2,0.6,1,1.0,3.60555127546399,6.78232998312527,11.2694276695846,0.783692049434254,2,0,1.0,0,1,,90,0,10,4,-1644,4549,105,-101,0.0,5,0,0,120.009,-95,152.45,5,0.0,-0.4,-0.02,73.33,53,-0.45,-0.02,0.81,0.0,1,1.0,,0,0,0,0,0,0,0,0,1.1,9.04,7.95,1,,150.0,129.0,1.0,1.0,-1.0,0.4273504273504273,150.0,0.6410256410256411,1.3371428571428572,0.3777777777777777,0.5788235294117647,1.0,1.0,1,-1.0,10.495059802392095,14.0,2,0.0066666666666666,135.0,BUY,2.4285714285714284,0.53125,-0.3061224489795918,8.0,,7.0,26.0,0.2280701754385964,-0.6285714285714286,0.0,166.00000000471482,1.0,2023,0
LB_20230630_093123_BUY_0001,2023-06-30,discovery,B_CLEAN_BREAKOUT,2023-06-30 13:31:24.087132900+00:00,2023-06-30 13:31:23+00:00,2023-06-30 13:31:24+00:00,SL; MFE<=10; MAE>=SL inicial,SELL,BUY,15258.75,60,60,SL,-60,60,10,09:35:48.822,True,C:\Users\k_99_\Desktop\codding\data_footprint_generator\trade_results_score\score_trade_result_2023-06-30_NY.csv,190,196,212,209,211,190,-18,184,7.853069759318624,1.0,6.0,142,266,4,2.333333333333333,1.2,3,1.333333333333333,4,212,13.0,3.0,16.0,8.880450759431652,9,5,12,0,1,0.2,0,0.428571428571429,0.954434002924965,0.4,0.033018867924528,0.02046783625731,3,1.1,3.303982076124304,0.134592366901568,-0.502276806374772,0.886253541181769,0.14192389351625,12.9565597690522,5,0.999183406826719,,190,22,-3,266,76,75,0.142857142857143,0.355263157894737,0.52,4,1.5,-0.5,0.015037593984962,0.375,-0.333333333333333,0.115789473684211,-0.136363636363636,4,1,435,3,1.2,1,1.0,6.08276253029822,7.81024967590665,10.770329614269,1.383399112132242,2,0,1.0,0,1,,65,15,1740,396,2039,4386,28,368,0.62,11,2,0,84.0871,-80,-225.57,15,0.23,-0.23,-0.01,50.0,40,0.0,0.0,0.77,0.0,0,0.0,,0,0,0,0,0,0,0,0,15.49,87.13,71.65,1,,190.0,184.0,4.0,2.333333333333333,3.0,1.5037593984962403,47.5,0.7142857142857143,1.8732394366197185,0.3719298245614035,0.5915094339622642,1.0,1.0,1,0.75,8.880450759431652,9.0,2,0.0210526315789473,28.5,BUY,,0.1333333333333333,-0.7647058823529411,1.0,,0.0,7.0,0.0445859872611464,-0.9146341463414634,0.0,,1.0,2023,0
LB_20230718_093258_SELL_0002,2023-07-18,discovery,B_CLEAN_BREAKOUT,2023-07-18 13:32:59.057619900+00:00,2023-07-18 13:32:58+00:00,2023-07-18 13:32:59+00:00,SL; MFE<=10; MAE>=SL inicial,BUY,SELL,15780.0,60,60,SL,-60,60,0,09:35:29.144,True,C:\Users\k_99_\Desktop\codding\data_footprint_generator\trade_results_score\score_trade_result_2023-07-18_NY.csv,-194,-193,-230,-329,-302,25,-194,-195,-5.825169129926562,1.0,0.432748538011696,428,490,-3,-1.0,-1.2,-3,-0.666666666666667,-3,-230,21.0,-29.0,-8.0,-12.802306029305788,-10,-19,-8,0,-1,1.0,0,0.25,0.721928094887362,0.555555555555556,0.017391304347826,0.006211180124224,1,0.1,6.042811033308144,0.120072779197536,-0.130347298535728,0.909494137472712,0.073824965970054,23.3843380840157,8,0.030827127872528,-9.0,194,36,99,490,154,243,0.302040816326531,0.383116883116883,0.296296296296296,3,0.5,1.5,0.006122448979592,0.166666666666667,3.0,0.185567010309278,2.75,24,7,1128,-2,1.2,0,6.0,4.35889894354067,6.16441400296898,10.2469507659596,1.041976144503454,3,0,1.0,0,1,130.0,105,40,3485,-373,-239,3299,-9,-364,0.68,11,0,1,179.0576,-145,-142.78,40,0.38,-0.11,0.0,63.33,53,0.45,0.0,0.6,0.0,1,0.0,,0,0,0,0,0,0,0,0,5.17,57.62,52.45,1,130.0,194.0,195.0,3.0,1.0,3.0,0.6122448979591837,64.66666666666667,0.3959183673469387,1.144859813084112,0.3951890034364261,0.8582608695652174,1.0,1.0,1,1.0,12.802306029305788,10.0,2,0.0154639175257731,45.266666666666666,SELL,0.0,0.0,-1.0,0.0,,152.0,,,,0.0,,0.0,2023,0
LB_20230720_093345_SELL_0001,2023-07-20,discovery,A_TRUE_ABSORPTION,2023-07-20 13:33:46.040713900+00:00,2023-07-20 13:33:45+00:00,2023-07-20 13:33:46+00:00,TP; MAE<=10; MFE>=TP inicial,BUY,SELL,15871.25,60,60,TP,60,0,60,09:34:44.490,True,C:\Users\k_99_\Desktop\codding\data_footprint_generator\trade_results_score\score_trade_result_2023-07-20_NY.csv,-193,-182,-199,-158,-268,34,-193,-204,-5.485956408240692,1.0,0.488063660477454,441,561,-4,-0.666666666666667,0.0,-5,-1.333333333333333,-4,-199,15.0,16.0,31.0,10.12554895375872,-2,-8,20,-2,3,0.0,0,0.4,1.0,0.4,0.010050251256281,0.002919708029197,1,1.1,11.61457345362072,0.029003615963658,-1.513879564158797,0.93563765603711,0.052957892017567,33.0197028939736,8,0.698940842159649,,193,6,-41,561,124,155,0.327985739750446,0.475806451612903,0.632258064516129,4,-1.0,-1.0,0.007130124777184,-0.25,-1.0,0.031088082901554,-6.833333333333333,0,0,0,31,0.0,1,,4.89897948556636,7.87400787401181,10.3923048454133,1.154700538379248,1,1,1.0,0,1,,75,0,4217,-365,-2793,4707,289,-654,0.0,9,0,1,226.0407,80,87.05,80,0.0,-0.09,0.06,90.0,66,0.74,0.07,1.2,0.99,1,1.0,,0,0,0,0,0,0,0,0,22.0,40.71,18.71,1,,193.0,204.0,4.0,0.666666666666667,5.0,0.7130124777183601,48.25,0.3440285204991087,1.272108843537415,0.3436960276338515,0.4763819095477387,1.0,0.6666666666666666,1,1.25,-10.12554895375872,2.0,3,0.0207253886010362,28.95,SELL,,,,0.0,,0.0,,,,0.0,,0.0,2023,1
LB_20230727_093300_BUY_0001,2023-07-27,discovery,B_CLEAN_BREAKOUT,2023-07-27 13:33:01.089165+00:00,2023-07-27 13:33:00+00:00,2023-07-27 13:33:01+00:00,SL; MFE<=10; MAE>=SL inicial,SELL,BUY,15852.5,60,60,SL,-60,60,0,09:36:02.414,True,C:\Users\k_99_\Desktop\codding\data_footprint_generator\trade_results_score\score_trade_result_2023-07-27_NY.csv,294,293,309,319,306,294,-15,295,8.10638059439162,1.0,3.0,426,588,2,1.0,0.4,2,0.666666666666667,2,309,15.0,5.0,20.0,12.2935532421924,13,8,19,0,1,1.0,0,0.666666666666667,0.811278124459133,0.4,0.009708737864078,0.004231311706629,1,0.6,5.296660660486496,0.330053019365669,-0.499362664720329,0.932480575704834,0.099586103097956,20.1164760303698,6,0.998683055311677,,294,15,10,588,121,146,0.25,0.43801652892562,0.465753424657534,2,0.5,-0.5,0.003401360544218,0.25,-1.0,0.051020408163265,0.666666666666667,11,1,1150,-3,0.4,1,5.0,2.64575131106459,6.557438524302,9.9498743710662,0.651338947278929,2,1,1.0,0,1,,75,10,609,303,3518,4809,481,-178,9.18,10,2,1,181.0892,-100,-225.68,25,0.13,-0.5,-0.1,70.0,53,-0.59,-0.05,0.93,1.06,1,0.5,,0,0,0,0,0,0,0,0,19.05,89.17,70.12,1,,294.0,295.0,2.0,1.0,2.0,0.3401360544217687,147.0,0.5,1.380281690140845,0.3503401360544217,0.6194174757281553,1.0,1.0,1,1.0,12.2935532421924,13.0,2,0.0068027210884353,117.6,BUY,0.3975155279503105,0.7032967032967034,-0.1741935483870967,20.0,150.99999999802094,161.0,,,,0.0,,0.0,2023,0
LB_20230808_093726_SELL_0001,2023-08-08,discovery,A_TRUE_ABSORPTION,2023-08-08 13:37:27.058667+00:00,2023-08-08 13:37:26+00:00,2023-08-08 13:37:27+00:00,TP; MAE<=10; MFE>=TP inicial,BUY,SELL,15350.0,60,60,TP,60,0,65,09:40:00.002,True,C:\Users\k_99_\Desktop\codding\data_footprint_generator\trade_results_score\score_trade_result_2023-08-08_NY.csv,-202,-233,-183,-194,-181,50,-202,-171,-6.932746152724762,1.0,0.165289256198347,201,282,-2,-1.333333333333333,-1.0,1,-0.333333333333333,-2,-183,21.0,-24.0,-3.0,-10.258989657915672,-10,-14,-5,-2,1,0.4,0,0.8,0.91829583405449,0.555555555555556,0.021857923497268,0.009876543209877,2,0.6,4.344643087935736,0.202092847723062,-0.07282531858853,0.8786758549942,0.107875894988067,17.5106761599873,4,0.007040572792363,,202,-19,11,282,123,71,0.141843971631206,0.577235772357724,0.422535211267606,2,1.0,1.0,0.00709219858156,0.5,1.0,-0.094059405940594,0.578947368421053,17,3,1136,3,1.2,0,1.0,4.12310562561766,6.32455532033676,9.48683298050514,1.064581294844753,2,1,1.0,0,1,,105,15,1590,-300,-515,2919,-93,-207,0.55,11,0,2,447.0587,-120,-139.74,15,0.14,-0.19,-0.03,60.0,56,0.06,0.01,0.57,1.17,2,0.0,,0,0,0,0,0,0,0,0,0.65,58.67,58.02,1,,202.0,171.0,2.0,1.333333333333333,-1.0,0.7092198581560284,101.0,0.7163120567375887,1.4029850746268655,0.3019801980198019,0.6360655737704918,1.0,1.0,1,-0.5,10.258989657915672,10.0,2,0.0099009900990099,80.80000000000001,SELL,0.0897435897435897,0.0848484848484848,-0.8435754189944135,0.0,,156.0,0.8,0.6153846153846154,-0.238095238095238,0.0,64.99999999505235,30.0,2023,1
LB_20230824_093139_SELL_0001,2023-08-24,discovery,B_CLEAN_BREAKOUT,2023-08-24 13:31:40.065524+00:00,2023-08-24 13:31:39+00:00,2023-08-24 13:31:40+00:00,SL; MFE<=10; MAE>=SL inicial,BUY,SELL,15300.0,60,60,SL,-60,60,0,09:32:21.831,True,C:\Users\k_99_\Desktop\codding\data_footprint_generator\trade_results_score\score_trade_result_2023-08-24_NY.csv,-181,-180,-162,-225,-255,18,-181,-182,-3.660932110891084,1.0,0.367132867132867,326,391,-3,-0.666666666666667,-0.6,-4,-1.0,-3,-162,26.0,-32.0,-6.0,-13.82028035959165,-9,-21,0,-4,2,1.0,0,0.5,0.863120568566631,0.666666666666667,0.006172839506173,0.001519756838906,1,0.3,8.445598293336,0.397529540211753,-1.099296890190266,0.918308177040977,0.107115648331556,26.1776291578271,7,0.021636446746915,,181,-19,63,391,267,231,0.268542199488491,0.535580524344569,0.363636363636364,3,-1.0,0.5,0.0076726342711,-0.333333333333333,0.5,-0.104972375690608,3.315789473684211,27,7,2897,-3,0.6,1,6.0,3.87298334620742,7.54983443527075,9.9498743710662,0.953462589245592,2,0,1.0,0,1,,130,25,4278,-372,-4658,8849,-463,91,0.62,10,0,0,100.0655,-160,-252.37,30,0.19,-0.09,-0.05,66.67,58,0.0,0.0,0.51,0.0,0,0.0,,0,0,0,0,0,0,0,0,1.41,65.52,64.12,1,,181.0,182.0,3.0,0.666666666666667,4.0,0.7672634271099744,60.333333333333336,0.4629156010230179,1.1993865030674846,0.2983425414364641,0.8333333333333334,1.0,1.0,1,1.3333333333333333,13.82028035959165,9.0,3,0.0165745856353591,42.23333333333333,SELL,,0.1452991452991453,-0.746268656716418,5.0,,0.0,,,,0.0,,0.0,2023,0
LB_20230825_093257_BUY_0001,2023-08-25,discovery,A_TRUE_ABSORPTION,2023-08-25 13:32:58.084006+00:00,2023-08-25 13:32:57+00:00,2023-08-25 13:32:58+00:00,TP; MAE<=10; MFE>=TP inicial,SELL,BUY,14933.75,60,60,TP,60,0,60,09:34:12.960,True,C:\Users\k_99_\Desktop\codding\data_footprint_generator\trade_results_score\score_trade_result_2023-08-25_NY.csv,158,160,162,168,245,158,-21,156,4.872899967548059,1.0,2.549019607843137,196,362,1,0.666666666666667,0.6,0,0.333333333333333,1,162,26.0,7.0,33.0,14.460877099440149,10,4,21,1,-1,1.0,0,0.166666666666667,0.591672778582328,0.444444444444444,0.018518518518519,0.006787330316742,2,0.1,7.885925367732688,-0.265194110496585,-0.925019724708797,0.947067205529264,0.067915222607305,28.9958742689783,8,0.999666755531858,,158,4,6,362,80,192,0.281767955801105,0.475,0.484375,1,1.0,0.0,0.002762430939227,1.0,0.0,0.025316455696203,1.5,7,1,507,-5,0.4,2,6.0,3.60555127546399,7.74596669241483,10.770329614269,0.820008410385801,2,0,1.0,0,1,,130,30,3891,503,2286,4804,76,427,0.52,11,2,0,178.084,-165,-238.96,35,0.23,-0.13,-0.02,90.0,63,0.44,-0.02,0.69,0.0,1,0.0,,0,0,0,0,0,0,0,0,11.02,84.01,72.99,1,,158.0,156.0,1.0,0.666666666666667,0.0,0.2762430939226519,158.0,0.43646408839779,1.846938775510204,0.3417721518987341,0.6222222222222222,1.0,1.0,1,0.0,14.460877099440149,10.0,3,0.0063291139240506,142.20000000000002,BUY,1.6551724137931034,1.3333333333333333,0.1428571428571428,13.0,12.99999999901047,29.0,,,,0.0,,0.0,2023,1
LB_20230829_093105_SELL_0001,2023-08-29,discovery,A_TRUE_ABSORPTION,2023-08-29 13:31:06.065128+00:00,2023-08-29 13:31:05+00:00,2023-08-29 13:31:06+00:00,TP; MAE<=10; MFE>=TP inicial,BUY,SELL,15073.75,60,60,TP,60,0,60,09:32:01.795,True,C:\Users\k_99_\Desktop\codding\data_footprint_generator\trade_results_score\score_trade_result_2023-08-29_NY.csv,-173,-168,-178,-214,-285,8,-173,-178,-4.406511225299119,1.0,0.231111111111111,241,277,-3,-1.0,-0.8,-4,-1.0,-3,-178,13.0,-13.0,0.0,-6.451211380306735,-6,-10,-2,1,0,0.2,0,0.4,0.650022421648354,0.875,0.01685393258427,0.008720930232558,1,0.3,3.821013275746248,0.001489483275625,-0.594960862149169,0.907591534866986,0.112024894420982,13.7808085583259,4,0.057123805290064,,173,5,36,277,67,108,0.187725631768953,0.462686567164179,0.333333333333333,2,0.0,0.5,0.007220216606498,0.0,,0.028901734104046,7.2,2,1,428,4,0.8,1,5.0,3.74165738677394,7.28010988928052,9.8488578017961,0.930580131661588,2,0,1.0,0,1,,65,5,607,-261,-989,3895,373,-634,0.82,9,0,1,66.0651,-65,-70.42,0,0.08,-0.43,0.1,38.33,31,0.0,0.0,0.59,0.0,0,0.0,,0,0,0,0,0,0,0,0,19.08,65.13,46.05,1,,173.0,178.0,3.0,1.0,4.0,1.083032490974729,57.66666666666666,0.6245487364620939,1.1493775933609958,0.3429672447013487,0.7213483146067415,1.0,1.0,1,1.3333333333333333,6.451211380306735,6.0,3,0.0173410404624277,40.36666666666666,SELL,0.0,0.0,-1.0,0.0,,30.0,0.0666666666666666,0.0571428571428571,-0.8918918918918919,0.0,,30.0,2023,1
LB_20230831_093357_BUY_0001,2023-08-31,discovery,A_TRUE_ABSORPTION,2023-08-31 13:33:58.049564+00:00,2023-08-31 13:33:57+00:00,2023-08-31 13:33:58+00:00,TP; MAE<=10; MFE>=TP inicial,SELL,BUY,15552.5,60,60,TP,60,5,60,09:34:37.204,True,C:\Users\k_99_\Desktop\codding\data_footprint_generator\trade_results_score\score_trade_result_2023-08-31_NY.csv,157,202,180,195,241,157,-22,112,3.698944087761485,1.0,3.754385964912281,210,271,3,1.0,0.6,2,1.333333333333333,3,180,25.0,26.0,51.0,21.706876143333687,16,5,32,0,1,1.0,0,0.333333333333333,0.863120568566631,0.666666666666667,0.016666666666667,0.006493506493506,2,0.6,11.08650688686896,-0.299411592627541,-0.681322426773452,0.908704970151413,0.056978370816744,36.2527342250625,13,1.0,,157,23,15,271,191,153,0.210332103321033,0.43979057591623,0.450980392156863,3,0.0,0.0,0.011070110701107,0.0,,0.146496815286624,0.652173913043478,0,0,0,-23,0.6,1,,3.87298334620742,7.74596669241483,10.816653826392,0.877058019307027,1,0,1.0,0,1,,125,65,4901,921,244,4078,104,817,1.12,11,6,0,238.0496,-255,-189.23,130,0.52,-0.19,-0.03,95.0,65,-0.38,-0.05,0.76,0.75,1,1.0,,0,0,0,0,0,0,0,0,0.69,49.56,48.87,1,,157.0,112.0,3.0,1.0,2.0,1.1070110701107012,52.333333333333336,0.5793357933579336,1.2904761904761906,0.3821656050955414,0.65,1.0,1.0,1,0.6666666666666666,21.706876143333687,16.0,2,0.019108280254777,36.63333333333333,BUY,0.1170212765957446,0.282051282051282,-0.56,8.0,167.99999999784632,94.0,,,,0.0,,0.0,2023,1
LB_20230907_093117_SELL_0001,2023-09-07,discovery,B_CLEAN_BREAKOUT,2023-09-07 13:31:18.033798900+00:00,2023-09-07 13:31:17+00:00,2023-09-07 13:31:18+00:00,SL; MFE<=10; MAE>=SL inicial,BUY,SELL,15181.25,60,60,SL,-60,60,0,09:31:52.888,True,C:\Users\k_99_\Desktop\codding\data_footprint_generator\trade_results_score\score_trade_result_2023-09-07_NY.csv,-138,-185,-183,-178,-180,42,-138,-91,-2.686116106609564,0.974025974025974,0.303030303030303,203,258,0,-0.666666666666667,-0.2,1,-0.333333333333333,0,-183,16.0,-18.0,-2.0,-7.693558530230887,-8,-12,-4,-2,1,1.0,1,0.6,0.91829583405449,0.25,0.010928961748634,0.003100775193798,0,0.2,3.9786932318908,0.000564434729527,-0.45531162981554,0.912720784095858,0.127571646752313,15.3984539213085,5,0.034588087323691,,138,45,-5,258,387,237,0.232558139534884,0.441860465116279,0.510548523206751,0,1.0,0.0,0.0,,0.0,0.326086956521739,-0.111111111111111,20,5,3012,0,0.4,2,1.0,3.46410161513775,8.60232526704263,11.7898261225516,0.719712172684879,1,0,1.0,0,1,,80,10,2942,-234,-2812,8194,314,-548,0.55,11,0,2,78.0338,-90,-350.51,10,0.13,-0.08,0.04,61.67,50,0.0,0.0,0.77,0.0,0,0.0,,0,0,0,0,0,0,0,0,21.27,33.8,12.53,1,,138.0,91.0,-0.0,0.666666666666667,-1.0,0.0,552.0,0.5348837209302325,1.270935960591133,0.4420289855072464,0.5836065573770491,1.0,0.6666666666666666,0,-4.0,7.693558530230887,8.0,3,-0.0,552.0,SELL,,1.0,0.0,0.0,,0.0,,,,0.0,,0.0,2023,0
LB_20230914_093127_SELL_0001,2023-09-14,discovery,A_TRUE_ABSORPTION,2023-09-14 13:31:28.062159900+00:00,2023-09-14 13:31:27+00:00,2023-09-14 13:31:28+00:00,TP; MAE<=10; MFE>=TP inicial,BUY,SELL,15602.5,60,60,TP,60,5,60,09:33:18.244,True,C:\Users\k_99_\Desktop\codding\data_footprint_generator\trade_results_score\score_trade_result_2023-09-14_NY.csv,-199,-217,-233,-238,-290,17,-199,-181,-4.866497426246555,1.0,0.311418685121107,313,379,-3,-1.333333333333333,-1.0,-3,-1.333333333333333,-3,-233,28.0,-29.0,-1.0,-13.298839285714283,-3,-21,1,0,-1,0.2,0,0.571428571428571,0.811278124459133,0.666666666666667,0.017167381974249,0.007339449541284,1,0.3,9.18271272220016,0.232974412923812,-1.513376370786966,0.924995479312572,0.086517857142857,24.6749866079306,9,0.02125,,199,34,5,379,166,157,0.237467018469657,0.397590361445783,0.484076433121019,3,0.5,0.5,0.007915567282322,0.166666666666667,1.0,0.170854271356784,0.147058823529412,10,1,1434,4,1.0,1,1.0,5.74456264653803,8.60232526704263,12.8452325786651,1.095445115010334,3,0,1.0,0,1,,140,5,3165,-63,-1820,8050,-176,113,0.18,9,0,0,88.0622,-145,-27.68,5,0.04,-0.02,-0.02,66.67,57,0.0,0.0,0.48,0.0,0,0.0,,0,0,0,0,0,0,0,0,18.87,62.16,43.29,1,,199.0,181.0,3.0,1.333333333333333,3.0,0.7915567282321899,66.33333333333333,0.525065963060686,1.2108626198083068,0.3902847571189279,0.6128755364806867,1.0,1.0,1,1.0,13.298839285714283,3.0,4,0.0150753768844221,46.43333333333333,SELL,,1.0,0.0,0.0,,0.0,,0.3620689655172414,-0.4683544303797468,0.0,,0.0,2023,1
LB_20230915_093253_SELL_0001,2023-09-15,discovery,B_CLEAN_BREAKOUT,2023-09-15 13:32:54.037055900+00:00,2023-09-15 13:32:53+00:00,2023-09-15 13:32:54+00:00,SL; MFE<=10; MAE>=SL inicial,BUY,SELL,15587.5,60,60,SL,-60,80,0,09:40:00.007,True,C:\Users\k_99_\Desktop\codding\data_footprint_generator\trade_results_score\score_trade_result_2023-09-15_NY.csv,-189,-229,-257,-340,-484,6,-189,-149,-4.314764035518798,1.0,0.329787234042553,332,375,-4,-2.333333333333333,-1.6,-3,-1.333333333333333,-4,-257,15.0,-27.0,-12.0,-19.69163987138264,-20,-30,-16,-2,2,1.0,0,0.333333333333333,0.591672778582328,0.818181818181818,0.027237354085603,0.012797074954296,3,0.7,6.94045604468824,-0.535945677150759,-0.003156346045062,0.909909031361589,0.091511254019293,25.407472172536,8,0.009067524115756,,189,68,83,375,172,181,0.248,0.302325581395349,0.270718232044199,4,1.5,0.5,0.010666666666667,0.375,0.333333333333333,0.35978835978836,1.220588235294118,15,3,1239,-4,1.6,1,5.0,5.0,6.6332495807108,10.295630140987,1.189577378577215,3,0,1.0,0,1,,75,65,4380,-560,-2133,4524,232,-792,1.2,11,0,1,174.0371,-135,-248.29,60,0.87,-0.13,0.05,58.33,54,-0.18,0.05,0.78,0.0,0,0.0,,0,0,0,0,0,0,0,0,0.08,37.06,36.97,1,,189.0,149.0,4.0,2.333333333333333,3.0,1.0666666666666669,47.25,0.504,1.129518072289157,0.4532627865961199,0.7937743190661478,1.0,1.0,1,0.75,19.69163987138264,20.0,2,0.0211640211640211,28.35,SELL,0.2456140350877192,0.2456140350877192,-0.6056338028169014,0.0,110.00000000058208,57.0,,,,0.0,,0.0,2023,0
LB_20230919_093101_SELL_0001,2023-09-19,discovery,A_TRUE_ABSORPTION,2023-09-19 13:31:02.011884+00:00,2023-09-19 13:31:01+00:00,2023-09-19 13:31:02+00:00,TP; MAE<=10; MFE>=TP inicial,BUY,SELL,15331.25,60,60,TP,60,0,60,09:32:06.219,True,C:\Users\k_99_\Desktop\codding\data_footprint_generator\trade_results_score\score_trade_result_2023-09-19_NY.csv,-210,-305,-293,-347,-309,12,-210,-115,-3.574529898099804,1.0,0.351851851851852,382,438,-3,-2.0,-2.0,1,-0.666666666666667,-3,-293,16.0,-20.0,-4.0,-9.662417921977598,-8,-13,-5,-1,1,0.4,0,0.6,0.91829583405449,0.692307692307692,0.020477815699659,0.008141112618725,2,0.3,4.61850750079304,0.089366213698971,-0.096796214540087,0.905854956306887,0.110853611432986,16.4452408698472,6,0.031093086133642,,210,83,54,438,299,172,0.26027397260274,0.361204013377926,0.343023255813953,3,1.5,2.0,0.006849315068493,0.5,1.333333333333333,0.395238095238095,0.650602409638554,6,1,1081,6,2.0,0,1.0,6.08276253029822,8.30662386291808,11.916375287813,1.250352063096684,3,0,1.0,0,1,,80,25,679,-307,-1310,4500,-114,-193,12.43,10,0,1,62.0119,-100,-265.29,20,0.31,-0.45,-0.03,46.67,40,0.0,0.0,0.58,0.0,0,0.0,,0,0,0,0,0,0,0,0,5.24,11.88,6.65,1,,210.0,115.0,3.0,2.0,-1.0,0.684931506849315,70.0,0.4794520547945205,1.1465968586387434,0.4650793650793651,0.710580204778157,1.0,1.0,1,-0.3333333333333333,9.662417921977598,8.0,2,0.0142857142857142,49.0,SELL,0.0555555555555555,0.125,-0.7777777777777778,0.0,88.99999999994179,90.0,0.4090909090909091,0.3333333333333333,-0.5,0.0,,44.0,2023,1
LB_20230926_093118_SELL_0002,2023-09-26,discovery,B_CLEAN_BREAKOUT,2023-09-26 13:31:19.035798900+00:00,2023-09-26 13:31:18+00:00,2023-09-26 13:31:19+00:00,SL; MFE<=10; MAE>=SL inicial,BUY,SELL,14818.75,60,60,SL,-60,60,0,09:32:36.371,True,C:\Users\k_99_\Desktop\codding\data_footprint_generator\trade_results_score\score_trade_result_2023-09-26_NY.csv,-146,-174,-174,-144,-141,37,-146,-118,-2.710140661828655,0.974358974358974,0.396694214876033,301,338,-2,-1.0,-0.8,-1,-0.333333333333333,-2,-174,16.0,-16.0,0.0,-8.515577568301646,-11,-15,-6,-2,1,0.2,0,0.2,0.650022421648354,0.714285714285714,0.011494252873563,0.004329004329004,2,0.4,4.285006038666976,-0.4568175682976,-0.914959763239463,0.934115653927783,0.128135484901741,14.8788613562791,4,0.036108004473558,0.0,146,28,-30,338,124,162,0.284023668639053,0.387096774193548,0.592592592592593,2,0.0,0.5,0.005917159763314,0.0,,0.191780821917808,-1.071428571428571,3,1,515,4,0.8,1,1.0,3.0,7.28010988928052,9.4339811320566,0.778936180334248,1,1,1.0,0,1,34.0,80,5,1607,-297,-288,4683,289,-586,0.26,10,0,1,79.0358,-80,-128.78,0,0.06,-0.18,0.06,45.0,36,0.0,0.0,0.56,0.0,0,0.0,,0,0,0,0,0,0,0,0,11.32,35.8,24.48,1,34.0,146.0,118.0,2.0,1.0,1.0,0.591715976331361,73.0,0.4319526627218935,1.1229235880398671,0.3972602739726027,0.496551724137931,1.0,1.0,1,0.5,8.515577568301646,11.0,2,0.0136986301369863,58.400000000000006,SELL,0.2344827586206896,0.4358974358974359,-0.3928571428571428,0.0,34.9999999962165,145.0,0.6482758620689655,0.6861313868613139,-0.1861471861471861,0.0,34.9999999962165,145.0,2023,0
LB_20231002_093150_BUY_0001,2023-10-02,discovery,B_CLEAN_BREAKOUT,2023-10-02 13:31:51.110444+00:00,2023-10-02 13:31:50+00:00,2023-10-02 13:31:51+00:00,SL; MFE<=10; MAE>=SL inicial,SELL,BUY,14880.0,60,60,SL,-60,60,0,09:33:21.704,True,C:\Users\k_99_\Desktop\codding\data_footprint_generator\trade_results_score\score_trade_result_2023-10-02_NY.csv,164,177,205,225,210,164,-45,151,4.701480699951193,1.0,3.075949367088608,278,322,1,0.333333333333333,0.4,1,0.0,1,205,21.0,4.0,25.0,13.22880978865406,20,10,24,1,2,1.0,0,0.4,0.650022421648354,0.6,0.004878048780488,0.002159827213823,1,0.1,6.796308117934144,0.343901175836483,-0.733970021456051,0.949434474360809,0.065850945494994,25.2597961863046,5,0.975194660734149,,164,41,20,322,141,238,0.245341614906832,0.354609929078014,0.457983193277311,0,0.0,0.5,0.0,,,0.25,0.48780487804878,15,5,1198,-2,0.4,3,3.0,4.47213595499958,8.54400374531753,13.0,0.842650088469486,1,0,1.0,0,1,,105,20,3891,457,-2446,5105,-259,716,0.39,9,3,0,111.1104,-125,111.04,20,0.19,-0.12,0.05,51.67,46,0.0,0.0,0.49,0.0,0,0.0,,0,0,0,0,0,0,0,0,27.3,110.44,83.15,1,,164.0,151.0,1.0,0.333333333333333,1.0,0.3105590062111801,164.0,0.5093167701863354,1.158273381294964,0.4166666666666667,0.6585365853658537,1.0,1.0,1,1.0,13.22880978865406,20.0,2,0.0060975609756097,147.6,BUY,35.0,0.625,-0.2307692307692307,16.0,113.00000000483124,1.0,,,,0.0,,0.0,2023,0
LB_20231016_093102_BUY_0001,2023-10-16,discovery,B_CLEAN_BREAKOUT,2023-10-16 13:31:03.023753+00:00,2023-10-16 13:31:02+00:00,2023-10-16 13:31:03+00:00,SL; MFE<=10; MAE>=SL inicial,SELL,BUY,15190.0,60,60,SL,-60,60,0,09:31:43.229,True,C:\Users\k_99_\Desktop\codding\data_footprint_generator\trade_results_score\score_trade_result_2023-10-16_NY.csv,130,151,225,231,196,130,-36,109,3.328807190842174,1.0,2.733333333333333,259,280,5,4.0,2.6,5,1.666666666666667,5,225,12.0,5.0,17.0,10.100570613409417,12,8,13,0,-1,0.6,0,0.2,1.0,0.444444444444444,0.048888888888889,0.017214397496088,1,0.8,3.2164896495778,0.982040356960337,1.415513828289251,0.836686192520973,0.158166904422254,11.7466892929914,4,0.998216833095578,,130,95,6,280,359,88,0.267857142857143,0.367688022284123,0.465909090909091,5,3.0,0.5,0.017857142857143,0.6,0.166666666666667,0.730769230769231,0.063157894736842,4,1,741,8,2.6,1,1.0,9.16515138991168,10.6770782520313,13.2664991614216,1.692228224453297,3,0,1.0,0,1,,60,25,649,233,-23,4968,212,21,8.27,10,2,0,63.0238,-85,-184.52,25,0.42,-0.36,-0.04,40.0,31,0.0,0.0,0.67,0.0,0,0.0,,0,0,0,0,0,0,0,0,0.46,23.75,23.3,1,,130.0,109.0,5.0,4.0,5.0,1.7857142857142858,26.0,0.4642857142857143,1.0810810810810811,0.5769230769230769,0.616,1.0,1.0,1,1.0,10.100570613409417,12.0,2,0.0384615384615384,13.0,BUY,0.5113636363636364,0.3543307086614173,-0.4767441860465116,0.0,84.00000000256114,88.0,0.8888888888888888,0.4545454545454545,-0.375,0.0,114.99999999796272,90.0,2023,0
LB_20231102_093203_SELL_0001,2023-11-02,discovery,A_TRUE_ABSORPTION,2023-11-02 13:32:04.053384+00:00,2023-11-02 13:32:03+00:00,2023-11-02 13:32:04+00:00,TP; MAE<=10; MFE>=TP inicial,BUY,SELL,14908.75,60,60,TP,60,0,60,09:33:17.354,True,C:\Users\k_99_\Desktop\codding\data_footprint_generator\trade_results_score\score_trade_result_2023-11-02_NY.csv,-362,-365,-351,-478,-475,14,-362,-359,-10.55087649972172,1.0,0.206140350877193,366,550,-3,-1.0,-1.0,-3,-0.333333333333333,-3,-351,15.0,-23.0,-8.0,-12.486115033418056,-13,-21,-10,-1,2,1.0,0,0.4,0.650022421648354,0.666666666666667,0.008547008547009,0.004115226337449,1,0.4,5.57410688854764,-0.431810308098823,-0.340349996905673,0.928515722882955,0.108914619222442,20.5979974977522,7,0.028334745363833,,362,-11,127,550,179,253,0.170909090909091,0.53072625698324,0.24901185770751,3,0.0,1.0,0.005454545454545,0.0,,-0.030386740331492,11.545454545454543,19,5,1233,-3,1.0,3,6.0,4.12310562561766,8.48528137423857,11.3137084989848,0.892678553567852,2,0,1.0,0,1,,75,25,959,-467,1477,4086,6,-473,6.17,9,0,2,124.0534,-115,109.07,40,0.33,-0.49,0.0,63.33,49,-0.35,0.0,0.84,0.0,1,1.0,,0,0,0,0,0,0,0,0,4.56,53.38,48.82,1,,362.0,359.0,3.0,1.0,3.0,0.5454545454545454,120.66666666666669,0.6581818181818182,1.5027322404371584,0.3232044198895027,0.8170940170940171,1.0,1.0,1,1.0,12.486115033418056,13.0,2,0.0082872928176795,84.46666666666667,SELL,0.0,0.0,-1.0,0.0,,88.0,,,,0.0,,0.0,2023,1
LB_20240404_093500_BUY_0001,2024-04-04,discovery,B_CLEAN_BREAKOUT,2024-04-04 13:35:01.015194+00:00,2024-04-04 13:35:00+00:00,2024-04-04 13:35:01+00:00,SL; MFE<=10; MAE>=SL inicial,SELL,BUY,18552.5,60,60,SL,-60,60,0,09:37:25.939,True,C:\Users\k_99_\Desktop\codding\data_footprint_generator\trade_results_score\score_trade_result_2024-04-04_NY.csv,316,310,314,323,324,316,-9,322,10.62350239733465,1.0,3.0,500,632,2,0.666666666666667,0.6,3,0.666666666666667,2,314,15.0,0.0,15.0,8.132175412663218,7,4,12,-2,0,0.2,0,0.6,0.91829583405449,0.428571428571429,0.006369426751592,0.002816901408451,1,0.1,4.048854399583712,0.043274988927858,-0.396382323445366,0.902320009761656,0.113821138211382,16.2665273025478,4,0.979243656072924,,316,-2,9,632,78,53,0.25,0.512820512820513,0.415094339622642,2,0.0,0.5,0.003164556962025,0.0,,-0.006329113924051,4.5,5,1,849,3,0.6,2,1.0,3.0,4.35889894354067,7.61577310586391,0.964901281354014,2,0,1.0,0,1,,75,5,638,312,2673,1912,248,64,4.93,11,3,0,301.0152,-75,-249.4,0,0.07,-0.49,-0.13,41.67,49,-0.4,-0.06,0.56,0.71,0,0.0,,0,0,0,0,0,0,0,0,1.54,15.19,13.65,1,,316.0,322.0,2.0,0.666666666666667,3.0,0.3164556962025316,158.0,0.5,1.264,0.3312236286919831,0.6171974522292993,1.0,1.0,1,1.5,8.132175412663218,7.0,3,0.0063291139240506,126.4,BUY,0.0490196078431372,0.0602409638554216,-0.8863636363636364,0.0,177.99999999988358,102.0,0.1372549019607843,0.1443298969072164,-0.7477477477477478,0.0,177.99999999988358,102.0,2024,0
LB_20240409_093342_SELL_0001,2024-04-09,discovery,B_CLEAN_BREAKOUT,2024-04-09 13:33:43.035664900+00:00,2024-04-09 13:33:42+00:00,2024-04-09 13:33:43+00:00,SL; MFE<=10; MAE>=SL inicial,BUY,SELL,18378.75,60,60,SL,-60,60,0,09:34:19.865,True,C:\Users\k_99_\Desktop\codding\data_footprint_generator\trade_results_score\score_trade_result_2024-04-09_NY.csv,-163,-203,-220,-240,-331,5,-163,-123,-3.290273213607787,0.972972972972973,0.220095693779904,171,255,-3,-1.333333333333333,-1.2,-2,-0.333333333333333,-3,-220,18.0,-19.0,-1.0,-11.769953977646283,-13,-17,-8,-7,1,0.2,0,0.0,0.0,1.0,0.022727272727273,0.012019230769231,2,0.5,4.326698523842992,-0.350440055009706,-0.276617413942409,0.905349615519568,0.122813938198554,17.093845438656,4,0.00387902695595,,163,57,20,255,161,88,0.180392156862745,0.322981366459627,0.386363636363636,3,1.0,1.0,0.011764705882353,0.333333333333333,1.0,0.349693251533742,0.350877192982456,1,1,255,5,1.2,1,,4.89897948556636,7.34846922834954,9.89949493661166,1.212183053462654,3,0,1.0,0,1,,90,5,2766,-550,1456,2678,220,-770,0.12,8,0,3,223.0357,-95,174.99,5,0.06,-0.2,0.08,75.0,54,0.19,0.04,0.83,0.68,0,0.0,,0,0,0,0,0,0,0,0,1.84,35.66,33.83,1,,163.0,123.0,3.0,1.333333333333333,2.0,1.1764705882352942,54.333333333333336,0.6392156862745098,1.4912280701754386,0.4498977505112474,0.6545454545454545,1.0,1.0,1,0.6666666666666666,11.769953977646283,13.0,1,0.0184049079754601,38.03333333333333,SELL,0.5757575757575758,0.1759259259259259,-0.7007874015748031,0.0,,33.0,0.1194029850746268,0.0588235294117647,-0.8888888888888888,0.0,143.00000000366708,67.0,2024,0
LB_20240418_093109_SELL_0001,2024-04-18,discovery,B_CLEAN_BREAKOUT,2024-04-18 13:31:10.042140900+00:00,2024-04-18 13:31:09+00:00,2024-04-18 13:31:10+00:00,SL; MFE<=10; MAE>=SL inicial,BUY,SELL,17660.0,60,60,SL,-60,60,0,09:31:48.106,True,C:\Users\k_99_\Desktop\codding\data_footprint_generator\trade_results_score\score_trade_result_2024-04-18_NY.csv,-155,-161,-188,-185,-239,8,-155,-149,-4.365548181392705,1.0,0.356846473029046,280,327,-3,-2.0,-1.6,-3,-0.666666666666667,-3,-188,14.0,-15.0,-1.0,-7.287883211678832,-10,-10,-2,-7,2,0.2,0,0.333333333333333,0.591672778582328,0.8,0.031914893617021,0.0125,1,0.3,3.874157206329296,-0.042201279347106,-0.728965849544287,0.944155409238135,0.094452554744526,15.3169510966403,3,0.038394160583942,,155,33,-3,327,153,75,0.262996941896024,0.392156862745098,0.52,2,1.5,0.5,0.00611620795107,0.75,0.333333333333333,0.212903225806452,-0.090909090909091,10,1,1164,6,1.4,3,1.0,6.08276253029822,10.0995049383621,14.422205101856,1.033105847581788,2,1,1.0,0,1,,70,5,967,-241,-1969,5888,36,-277,0.5,10,0,1,70.0421,-75,-201.02,5,0.07,-0.25,0.01,46.67,39,0.0,0.0,0.67,0.0,0,0.0,,0,0,0,0,0,0,0,0,20.51,42.14,21.63,1,,155.0,149.0,3.0,2.0,3.0,0.9174311926605504,51.66666666666666,0.4740061162079511,1.167857142857143,0.4043010752688172,0.5904255319148937,1.0,1.0,1,1.0,7.287883211678832,10.0,2,0.0193548387096774,36.16666666666666,SELL,0.0,0.0,-1.0,0.0,,94.0,0.0606060606060606,0.0277777777777777,-0.945945945945946,0.0,,33.0,2024,0
LB_20240423_093145_BUY_0001,2024-04-23,discovery,B_CLEAN_BREAKOUT,2024-04-23 13:31:46.110957900+00:00,2024-04-23 13:31:45+00:00,2024-04-23 13:31:46+00:00,SL; MFE<=10; MAE>=SL inicial,SELL,BUY,17445.0,60,60,SL,-60,60,0,09:32:07.204,True,C:\Users\k_99_\Desktop\codding\data_footprint_generator\trade_results_score\score_trade_result_2024-04-23_NY.csv,155,209,199,183,200,155,-18,101,2.769154563912499,0.980952380952381,4.69047619047619,203,239,4,1.666666666666667,0.8,3,1.666666666666667,4,199,19.0,4.0,23.0,11.726092896174864,5,4,15,2,0,0.6,1,0.8,0.91829583405449,0.6,0.025125628140704,0.012406947890819,2,1.0,5.658097335034864,-0.372458409980335,-0.827253936787191,0.926137078774178,0.077868852459016,20.4389830280304,5,1.0,,155,44,-16,239,164,128,0.175732217573222,0.365853658536585,0.5625,3,0.5,0.0,0.01255230125523,0.166666666666667,0.0,0.283870967741935,-0.363636363636364,17,3,1587,1,1.0,1,1.0,4.89897948556636,9.32737905308882,13.114877048604,0.914991421995628,2,0,1.0,0,1,,95,20,3677,423,1255,6579,59,364,0.43,11,1,0,106.111,-115,-214.25,20,0.21,-0.12,-0.01,60.0,47,0.0,0.0,0.63,0.0,0,0.0,,0,0,0,0,0,0,0,0,13.63,110.96,97.33,1,,155.0,101.0,4.0,1.666666666666667,3.0,1.6736401673640169,38.75,0.6485355648535565,1.1773399014778323,0.4279569892473118,0.5517587939698493,1.0,1.0,1,0.75,11.726092896174864,5.0,3,0.0258064516129032,23.25,BUY,0.081081081081081,0.0652173913043478,-0.8775510204081632,1.0,216.999999996915,37.0,0.5769230769230769,0.6081081081081081,-0.2436974789915966,0.0,9.00000000547152,78.0,2024,0
LB_20240502_093112_SELL_0001,2024-05-02,discovery,B_CLEAN_BREAKOUT,2024-05-02 13:31:13.136347+00:00,2024-05-02 13:31:12+00:00,2024-05-02 13:31:13+00:00,SL; MFE<=10; MAE>=SL inicial,BUY,SELL,17571.25,60,60,SL,-60,60,0,09:31:33.032,True,C:\Users\k_99_\Desktop\codding\data_footprint_generator\trade_results_score\score_trade_result_2024-05-02_NY.csv,-254,-251,-243,-246,-277,41,-254,-257,-6.842329042958531,1.0,0.250737463126844,295,424,-3,-1.666666666666667,-0.8,0,-1.0,-3,-243,22.0,-25.0,-3.0,-10.312539067383424,-10,-13,-3,1,0,0.4,0,0.428571428571429,0.954434002924965,0.117647058823529,0.020576131687243,0.008605851979346,2,1.1,5.868827560387112,0.628192760581194,-0.165986855656829,0.910077208295777,0.118264783097887,20.0748143909954,7,0.020752594074259,,254,-11,3,424,157,121,0.200471698113208,0.535031847133758,0.487603305785124,3,1.0,-0.5,0.007075471698113,0.333333333333333,-0.5,-0.043307086614173,0.272727272727273,14,3,1666,1,0.8,0,1.0,7.14142842854285,10.0,15.4919333848297,1.129158979063618,1,2,1.0,0,1,,110,20,1723,-337,105,6283,183,-520,1.52,11,0,1,73.1363,-125,-27.89,15,0.18,-0.2,0.03,56.67,43,0.0,0.0,0.52,0.0,0,0.0,,0,0,0,0,0,0,0,0,75.81,136.35,60.54,1,,254.0,257.0,3.0,1.666666666666667,-0.0,0.7075471698113207,84.66666666666667,0.5990566037735849,1.4372881355932203,0.3188976377952756,0.6074074074074074,1.0,1.0,1,-0.0,10.312539067383424,10.0,3,0.0118110236220472,59.266666666666666,SELL,0.4230769230769231,0.1208791208791208,-0.7843137254901961,0.0,108.00000000017462,26.0,0.8787878787878788,0.7160493827160493,-0.1654676258992805,0.0,,66.0,2024,0
LB_20240503_093157_SELL_0001,2024-05-03,discovery,B_CLEAN_BREAKOUT,2024-05-03 13:31:58.173092900+00:00,2024-05-03 13:31:57+00:00,2024-05-03 13:31:58+00:00,SL; MFE<=10; MAE>=SL inicial,BUY,SELL,17937.5,60,60,SL,-60,60,5,09:33:44.513,True,C:\Users\k_99_\Desktop\codding\data_footprint_generator\trade_results_score\score_trade_result_2024-05-03_NY.csv,-191,-207,-211,-213,-161,36,-191,-175,-5.639325396882412,1.0,0.183760683760684,233,277,-4,-1.0,-1.0,-6,-0.666666666666667,-4,-211,15.0,-23.0,-8.0,-11.379914257046428,-13,-18,-9,0,1,1.0,0,0.714285714285714,0.954434002924965,0.214285714285714,0.018957345971564,0.009732360097324,1,0.4,4.6618839746154,-0.24172638124051,-0.202233309986695,0.904894421432026,0.103347623825595,18.4072162863749,5,0.01505062482897,,191,20,2,277,134,106,0.155234657039711,0.425373134328358,0.490566037735849,3,0.0,1.0,0.010830324909747,0.0,,0.104712041884817,0.1,32,13,2409,-3,1.0,1,3.0,5.65685424949238,7.74596669241483,12.9228479833201,1.072240923861047,2,0,1.0,0,1,,75,40,4364,-340,1997,6600,-398,58,0.69,9,0,2,118.1731,-115,308.13,40,0.53,-0.08,-0.06,68.33,59,0.0,0.0,0.91,0.0,0,0.0,,0,0,0,0,0,0,0,0,32.8,173.09,140.3,1,,191.0,175.0,4.0,1.0,6.0,1.444043321299639,47.75,0.6895306859205776,1.1888412017167382,0.3682373472949389,0.6056872037914692,1.0,1.0,1,1.5,11.379914257046428,13.0,2,0.0209424083769633,28.65,SELL,0.0,0.0,-1.0,0.0,,87.0,,,,0.0,,0.0,2024,0
LB_20240510_093420_BUY_0001,2024-05-10,discovery,B_CLEAN_BREAKOUT,2024-05-10 13:34:21.121966900+00:00,2024-05-10 13:34:20+00:00,2024-05-10 13:34:21+00:00,SL; MFE<=10; MAE>=SL inicial,SELL,BUY,18301.25,60,60,SL,-60,60,0,09:35:00.131,True,C:\Users\k_99_\Desktop\codding\data_footprint_generator\trade_results_score\score_trade_result_2024-05-10_NY.csv,181,185,189,210,212,181,-8,177,6.814161527374841,1.0,6.323529411764706,178,249,2,1.0,0.6,2,0.666666666666667,2,189,15.0,20.0,35.0,17.679814233385663,8,0,26,2,0,1.0,0,0.0,0.0,0.75,0.010582010582011,0.006779661016949,1,0.4,10.44917332111696,-0.130604221501985,-1.463364916255696,0.947321796870109,0.061551543694401,29.8070695887141,9,1.0,,181,8,21,249,46,59,0.136546184738956,0.41304347826087,0.322033898305085,2,0.0,0.0,0.008032128514056,0.0,,0.044198895027624,2.625,0,0,0,-17,0.6,4,,2.44948974278318,4.89897948556636,6.6332495807108,0.904534033733291,1,0,1.0,0,1,,75,25,1210,380,1286,2183,145,235,1.18,11,2,0,261.122,-175,-115.86,100,0.33,-0.31,-0.07,68.33,59,-0.73,-0.06,0.91,0.57,1,1.0,,0,0,0,0,0,0,0,0,8.89,121.97,113.07,1,,181.0,177.0,2.0,1.0,2.0,0.8032128514056225,90.5,0.7269076305220884,1.398876404494382,0.3480662983425414,0.6666666666666666,1.0,1.0,1,1.0,17.679814233385663,8.0,3,0.011049723756906,72.4,BUY,0.2972972972972973,0.2244897959183673,-0.6333333333333333,4.0,44.99999999825377,74.0,,,,0.0,,0.0,2024,0
LB_20240520_093220_BUY_0001,2024-05-20,discovery,B_CLEAN_BREAKOUT,2024-05-20 13:32:21.062444+00:00,2024-05-20 13:32:20+00:00,2024-05-20 13:32:21+00:00,SL; MFE<=10; MAE>=SL inicial,SELL,BUY,18661.25,60,60,SL,-60,60,0,09:33:42.576,True,C:\Users\k_99_\Desktop\codding\data_footprint_generator\trade_results_score\score_trade_result_2024-05-20_NY.csv,117,116,213,254,266,117,-16,118,4.078697443547872,1.0,3.25,206,221,2,1.666666666666667,1.0,2,1.0,2,213,9.0,11.0,20.0,12.208651932544257,15,10,19,0,1,1.0,0,0.571428571428571,0.954434002924965,0.384615384615385,0.023474178403756,0.011037527593819,1,0.3,4.871044337632552,0.497507222696314,-0.710460905260135,0.914427665071404,0.138577563632555,16.886841906521,6,0.998114590970986,,117,96,41,221,232,119,0.235294117647059,0.293103448275862,0.327731092436975,2,1.5,0.0,0.009049773755656,0.75,0.0,0.820512820512821,0.427083333333333,25,4,989,-6,1.0,1,32.0,5.19615242270663,6.48074069840786,8.88819441731559,1.432003111516312,2,0,1.0,0,1,,45,35,1682,260,-207,3322,526,-266,1.66,11,2,0,141.0624,-100,4.62,55,0.78,-0.15,-0.16,41.67,34,-0.75,-0.16,0.93,0.0,1,1.0,,0,0,0,0,0,0,0,0,17.89,62.44,44.55,1,,117.0,118.0,2.0,1.666666666666667,2.0,0.9049773755656108,58.5,0.5294117647058824,1.0728155339805825,0.6068376068376068,0.7154929577464789,1.0,1.0,1,1.0,12.208651932544257,15.0,2,0.017094017094017,46.8,BUY,0.3287671232876712,0.3157894736842105,-0.52,1.0,33.999999999650754,73.0,,,,0.0,,0.0,2024,0
LB_20240611_093350_BUY_0001,2024-06-11,discovery,A_TRUE_ABSORPTION,2024-06-11 13:33:51.059816+00:00,2024-06-11 13:33:50+00:00,2024-06-11 13:33:51+00:00,TP; MAE<=10; MFE>=TP inicial,SELL,BUY,19073.75,60,60,TP,60,0,60,09:40:00.000,True,C:\Users\k_99_\Desktop\codding\data_footprint_generator\trade_results_score\score_trade_result_2024-06-11_NY.csv,262,282,288,290,276,262,-9,242,10.119498657595736,1.0,3.339285714285714,436,486,5,2.0,1.2,5,1.666666666666667,5,288,10.0,6.0,16.0,10.307518927353636,8,5,12,8,0,1.0,0,0.666666666666667,0.811278124459133,0.75,0.020833333333333,0.010600706713781,1,1.0,4.571803426229488,-0.7989490461176,-0.307622134170216,0.85656642114372,0.155753337571519,14.6693320446357,3,1.0,,262,26,2,486,80,78,0.230452674897119,0.3375,0.487179487179487,5,0.5,0.0,0.010288065843621,0.1,0.0,0.099236641221374,0.076923076923077,50,5,2795,0,1.2,3,1.0,5.29150262212918,6.2449979983984,8.71779788708135,1.486783883350054,2,0,1.0,0,1,,50,30,2855,423,619,4451,413,10,0.59,11,1,0,231.0598,-80,-37.98,30,0.6,-0.15,-0.09,70.0,50,0.0,-0.03,1.4,0.89,2,0.0,,0,0,0,0,0,0,0,0,27.55,59.82,32.27,1,,262.0,242.0,5.0,2.0,5.0,1.02880658436214,52.4,0.5390946502057613,1.114678899082569,0.366412213740458,0.6041666666666666,1.0,1.0,1,1.0,10.307518927353636,8.0,1,0.0190839694656488,26.2,BUY,0.15625,0.0806451612903225,-0.8507462686567164,0.0,127.00000000040744,32.0,0.0,0.0,-1.0,0.0,,2.0,2024,1
LB_20240614_093644_BUY_0001,2024-06-14,discovery,B_CLEAN_BREAKOUT,2024-06-14 13:36:45.081257900+00:00,2024-06-14 13:36:44+00:00,2024-06-14 13:36:45+00:00,SL; MFE<=10; MAE>=SL inicial,SELL,BUY,19587.5,60,60,SL,-60,60,0,09:40:04.431,True,C:\Users\k_99_\Desktop\codding\data_footprint_generator\trade_results_score\score_trade_result_2024-06-14_NY.csv,154,166,185,205,203,154,-28,142,7.434036315842095,1.0,5.052631578947368,192,230,2,1.0,0.8,1,0.333333333333333,2,185,8.0,3.0,11.0,9.036032977691562,6,3,10,6,0,0.8,0,0.0,0.0,1.0,0.016216216216216,0.008955223880597,2,0.4,4.89573255599448,-1.097755949658812,0.510786573627583,0.864154366196258,0.128758486905917,16.1449224088211,4,1.0,,154,31,20,230,105,78,0.165217391304348,0.352380952380952,0.371794871794872,3,0.5,0.5,0.01304347826087,0.166666666666667,1.0,0.201298701298701,0.645161290322581,20,1,904,1,0.8,3,1.0,2.64575131106459,4.47213595499958,8.0,0.810092587300982,3,0,1.0,0,1,,40,15,1655,207,553,2333,-115,322,0.33,10,0,0,405.0813,-55,-37.44,15,0.38,-0.13,0.05,51.67,66,-0.45,-0.03,1.29,0.78,4,0.33,,0,0,0,0,0,0,0,0,14.92,81.26,66.34,1,,154.0,142.0,2.0,1.0,1.0,0.8695652173913043,77.0,0.6695652173913044,1.1979166666666667,0.4004329004329004,0.6648648648648648,1.0,1.0,1,0.5,9.036032977691562,6.0,2,0.0129870129870129,61.6,BUY,0.2941176470588235,0.238095238095238,-0.6153846153846154,5.0,209.99999999912689,34.0,0.9148936170212766,0.8269230769230769,-0.0947368421052631,0.0,209.99999999912689,47.0,2024,0
LB_20240708_093223_BUY_0001,2024-07-08,discovery,A_TRUE_ABSORPTION,2024-07-08 13:32:24.063515+00:00,2024-07-08 13:32:23+00:00,2024-07-08 13:32:24+00:00,TP; MAE<=10; MFE>=TP inicial,SELL,BUY,20642.5,60,60,TP,60,0,60,09:34:41.028,True,C:\Users\k_99_\Desktop\codding\data_footprint_generator\trade_results_score\score_trade_result_2024-07-08_NY.csv,141,190,202,207,414,141,-4,92,3.268840801598923,1.0,2.658823529411765,288,311,3,1.666666666666667,1.2,1,0.666666666666667,3,202,15.0,4.0,19.0,12.905668252775692,15,10,17,0,1,0.4,0,0.0,0.0,1.0,0.024752475247525,0.00936329588015,2,0.7,4.223703333494528,0.77052595648323,0.650903569900156,0.875618440110027,0.132899240337257,15.572344527735,7,0.999081726354454,,141,61,5,311,223,147,0.273311897106109,0.36322869955157,0.482993197278912,3,1.0,0.5,0.009646302250804,0.333333333333333,0.5,0.432624113475177,0.081967213114754,6,1,795,2,1.2,2,1.0,6.6332495807108,9.79795897113271,11.3137084989848,1.436140661634501,3,0,1.0,0,1,,75,25,2288,498,2573,3791,-29,527,1.04,11,2,0,144.0635,-95,-94.31,20,0.33,-0.22,0.01,50.0,38,0.5,0.01,0.67,0.0,0,0.0,,0,0,0,0,0,0,0,0,6.88,63.52,56.63,1,,141.0,92.0,3.0,1.666666666666667,1.0,0.964630225080386,47.0,0.4533762057877814,1.0798611111111112,0.4775413711583924,0.6148514851485148,1.0,1.0,1,0.3333333333333333,12.905668252775692,15.0,2,0.0212765957446808,32.9,BUY,0.2857142857142857,0.3529411764705882,-0.4782608695652174,0.0,153.00000000570435,126.0,0.5555555555555556,0.303030303030303,-0.5348837209302325,0.0,99.00000000197906,36.0,2024,1
LB_20240712_093101_BUY_0001,2024-07-12,discovery,A_TRUE_ABSORPTION,2024-07-12 13:31:02.044351900+00:00,2024-07-12 13:31:01+00:00,2024-07-12 13:31:02+00:00,TP; MAE<=10; MFE>=TP inicial,SELL,BUY,20468.75,60,60,TP,60,10,60,09:31:35.576,True,C:\Users\k_99_\Desktop\codding\data_footprint_generator\trade_results_score\score_trade_result_2024-07-12_NY.csv,168,179,184,170,279,168,-21,157,4.031240352436148,1.0,2.460869565217391,351,398,6,2.666666666666667,1.6,5,2.0,6,184,25.0,6.0,31.0,20.03768577494692,24,17,31,-1,1,0.4,0,0.0,0.0,1.0,0.043478260869565,0.012903225806452,3,1.3,8.14121399700312,0.916754124787005,-0.262810914301967,0.897802952952851,0.1017338995046,23.0848097283881,9,0.988853503184713,,168,16,-14,398,222,172,0.28894472361809,0.463963963963964,0.540697674418605,6,1.0,0.5,0.015075376884422,0.166666666666667,0.5,0.095238095238095,-0.875,5,1,792,3,1.8,1,1.0,6.85565460040104,9.48683298050514,13.6381816969859,1.231311915096273,2,1,1.0,0,1,,125,35,554,180,9,5104,298,-118,17.12,9,0,0,62.0444,-155,-163.12,30,0.28,-0.32,-0.06,65.0,49,0.0,0.0,0.52,0.0,0,0.0,,0,0,0,0,0,0,0,0,5.48,44.35,38.87,1,,168.0,157.0,6.0,2.666666666666667,5.0,1.5075376884422111,28.0,0.4221105527638191,1.1339031339031338,0.365079365079365,0.5543478260869565,1.0,1.0,1,0.8333333333333334,20.03768577494692,24.0,2,0.0357142857142857,11.2,BUY,0.0204081632653061,0.0126582278481012,-0.975,0.0,,49.0,1.037037037037037,0.417910447761194,-0.4105263157894737,0.0,74.00000000052387,27.0,2024,1
LB_20240716_093212_BUY_0001,2024-07-16,discovery,A_TRUE_ABSORPTION,2024-07-16 13:32:13.083597900+00:00,2024-07-16 13:32:12+00:00,2024-07-16 13:32:13+00:00,TP; MAE<=10; MFE>=TP inicial,SELL,BUY,20660.0,60,60,TP,60,0,60,09:32:54.561,True,C:\Users\k_99_\Desktop\codding\data_footprint_generator\trade_results_score\score_trade_result_2024-07-16_NY.csv,220,237,257,308,300,220,-15,203,7.022023709586822,1.0,4.928571428571429,285,332,3,2.0,2.0,1,0.666666666666667,3,257,18.0,2.0,20.0,13.864148750726322,16,12,21,-1,2,0.2,0,0.285714285714286,0.543564443199596,0.846153846153846,0.023346303501946,0.011834319526627,5,0.1,5.59434625666532,0.924901662327325,0.030535188095266,0.881190902701975,0.134572922719349,18.2517590760597,6,0.980244044160372,,220,37,51,332,175,121,0.168674698795181,0.394285714285714,0.289256198347107,3,1.5,2.0,0.009036144578313,0.5,1.333333333333333,0.168181818181818,1.378378378378378,2,1,441,8,2.0,0,1.0,5.19615242270663,8.0,10.7238052947636,1.186884852112416,3,0,1.0,0,1,,90,10,1086,364,1169,3147,27,337,0.76,11,1,0,133.0836,-100,-172.7,10,0.11,-0.34,-0.01,55.0,45,-0.36,-0.01,0.61,0.0,0,0.0,,0,0,0,0,0,0,0,0,36.6,83.6,47.0,1,,220.0,203.0,3.0,2.0,1.0,0.9036144578313252,73.33333333333333,0.6626506024096386,1.1649122807017545,0.3893939393939394,0.7190661478599222,1.0,1.0,1,0.3333333333333333,13.864148750726322,16.0,2,0.0136363636363636,51.33333333333333,BUY,0.1016949152542373,0.0845070422535211,-0.8441558441558441,0.0,99.00000000197906,59.0,0.2857142857142857,0.125,-0.7777777777777778,0.0,61.99999999807915,35.0,2024,1
LB_20240722_093156_SELL_0001,2024-07-22,discovery,A_TRUE_ABSORPTION,2024-07-22 13:31:57.031422+00:00,2024-07-22 13:31:56+00:00,2024-07-22 13:31:57+00:00,TP; MAE<=10; MFE>=TP inicial,BUY,SELL,19900.0,60,60,TP,60,10,60,09:32:29.308,True,C:\Users\k_99_\Desktop\codding\data_footprint_generator\trade_results_score\score_trade_result_2024-07-22_NY.csv,-175,-188,-193,-193,-200,20,-175,-162,-5.361112752851035,1.0,0.245689655172414,257,289,-5,-3.0,-1.8,-3,-1.666666666666667,-5,-193,40.0,-48.0,-8.0,-18.208481282337424,-12,-22,-5,0,1,0.6,2,0.6,0.91829583405449,0.333333333333333,0.046632124352332,0.022900763358779,3,1.2,10.85687911797336,0.962381637810533,0.080961092196727,0.906136365832599,0.073145987623009,34.6336692698146,12,0.005985593994116,,175,18,0,289,104,88,0.197231833910035,0.413461538461538,0.5,5,2.0,-0.5,0.017301038062284,0.4,-0.25,0.102857142857143,0.0,34,11,2392,0,1.6,1,1.0,6.85565460040104,9.9498743710662,15.1327459504216,1.109703135092861,2,0,1.0,0,1,,200,40,3983,-495,625,5882,-256,-239,0.7,9,0,1,117.0314,-240,132.42,40,0.2,-0.12,-0.04,91.67,68,0.0,0.0,0.46,0.0,0,0.0,,0,0,0,0,0,0,0,0,4.86,31.42,26.56,1,,175.0,162.0,5.0,3.0,3.0,1.7301038062283738,35.0,0.6055363321799307,1.1245136186770428,0.3676190476190476,0.6,1.0,1.0,1,0.6,18.208481282337424,12.0,2,0.0285714285714285,17.5,SELL,0.0638297872340425,0.0410958904109589,-0.9210526315789472,0.0,,47.0,0.0,0.0,-1.0,0.0,,5.0,2024,1
LB_20240726_093346_SELL_0001,2024-07-26,discovery,B_CLEAN_BREAKOUT,2024-07-26 13:33:47.092358+00:00,2024-07-26 13:33:46+00:00,2024-07-26 13:33:47+00:00,SL; MFE<=10; MAE>=SL inicial,BUY,SELL,19118.75,60,60,SL,-60,60,0,09:34:08.919,True,C:\Users\k_99_\Desktop\codding\data_footprint_generator\trade_results_score\score_trade_result_2024-07-26_NY.csv,-126,-158,-169,-169,-175,14,-126,-94,-3.258607181570375,0.991150442477876,0.165562913907285,125,176,-5,-3.0,-2.2,-3,-1.333333333333333,-5,-169,37.0,-38.0,-1.0,-15.083402889245583,-16,-21,-4,0,1,0.2,0,0.285714285714286,0.543564443199596,0.611111111111111,0.053254437869822,0.03448275862069,5,0.9,8.07986880543992,0.470874922640773,-0.16921445642532,0.931685548886569,0.052199036918138,31.0896721549385,10,0.010465489566613,,126,43,0,176,85,58,0.142045454545455,0.247058823529412,0.5,5,2.0,1.0,0.028409090909091,0.4,0.5,0.341269841269841,0.0,1,1,176,10,2.2,0,,7.21110255092798,12.328828005938,16.8226038412607,1.049987380035216,2,0,1.0,0,1,,185,10,2405,-321,1278,3420,244,-565,0.21,10,0,0,227.0924,-190,-165.01,5,0.05,-0.13,0.07,135.0,100,0.23,0.02,0.73,1.01,1,0.0,,0,0,0,0,0,0,0,0,11.12,92.36,81.23,1,,126.0,94.0,5.0,3.0,3.0,2.840909090909091,25.2,0.7159090909090909,1.408,0.4470899470899471,0.6,1.0,1.0,1,0.6,15.083402889245583,16.0,3,0.0396825396825396,12.6,SELL,0.5555555555555556,0.1219512195121951,-0.782608695652174,0.0,,9.0,0.2758620689655172,0.1025641025641025,-0.813953488372093,0.0,,29.0,2024,0
LB_20240808_093753_SELL_0001,2024-08-08,discovery,A_TRUE_ABSORPTION,2024-08-08 13:37:54.045415900+00:00,2024-08-08 13:37:53+00:00,2024-08-08 13:37:54+00:00,TP; MAE<=10; MFE>=TP inicial,BUY,SELL,18165.0,60,60,TP,60,0,60,09:40:00.513,True,C:\Users\k_99_\Desktop\codding\data_footprint_generator\trade_results_score\score_trade_result_2024-08-08_NY.csv,-172,-167,-172,-197,-176,35,-172,-177,-8.035896265698907,1.0,0.211009174311927,221,264,-12,-4.333333333333333,-3.0,-11,-4.333333333333333,-12,-172,32.0,-63.0,-31.0,-33.36347630459236,-38,-44,-17,-1,0,1.0,0,0.428571428571429,1.0,0.433333333333333,0.069767441860465,0.041095890410959,2,2.0,12.29009934832504,-0.059190436936619,-0.681287957946559,0.932579653326734,0.033843595637502,48.3511373120688,17,0.000293441580672,,172,0,25,264,28,53,0.174242424242424,0.5,0.264150943396226,12,0.0,1.0,0.045454545454545,0.0,,0.0,,6,1,287,-16,3.0,1,37.0,14.3527000944073,15.6843871413581,20.4450483002609,1.719574889047593,2,0,1.0,0,1,,160,155,2510,-416,-1287,1849,13,-429,2.87,8,0,0,474.0454,-315,334.95,155,0.97,-0.17,0.01,130.0,132,0.17,0.04,0.81,0.73,5,0.0,,0,0,0,0,0,0,0,0,26.61,45.42,18.81,1,,172.0,177.0,12.0,4.333333333333333,11.0,4.545454545454546,14.333333333333334,0.6515151515151515,1.1945701357466063,0.3333333333333333,0.6872093023255814,1.0,1.0,1,0.9166666666666666,33.36347630459236,38.0,2,0.0697674418604651,0.0,SELL,3.857142857142857,0.5294117647058824,-0.3076923076923077,0.0,60.00000000494765,7.0,,,,0.0,,0.0,2024,1
LB_20240813_093126_BUY_0001,2024-08-13,discovery,B_CLEAN_BREAKOUT,2024-08-13 13:31:27.070102+00:00,2024-08-13 13:31:26+00:00,2024-08-13 13:31:27+00:00,SL; MFE<=10; MAE>=SL inicial,SELL,BUY,18851.25,60,60,SL,-60,60,0,09:32:08.686,True,C:\Users\k_99_\Desktop\codding\data_footprint_generator\trade_results_score\score_trade_result_2024-08-13_NY.csv,182,188,197,194,215,182,-13,176,7.166396809919765,1.0,4.433962264150943,213,288,5,2.666666666666667,1.6,2,2.0,5,197,23.0,5.0,28.0,15.284381778741864,10,6,22,1,0,0.4,0,0.666666666666667,0.863120568566631,0.722222222222222,0.040609137055838,0.024024024024024,2,1.2,6.905500581691824,0.123246052459861,-1.047702326181315,0.943617493423119,0.072234273318872,23.9852546201616,7,1.0,,182,15,-3,288,45,51,0.184027777777778,0.333333333333333,0.529411764705882,5,1.5,-0.5,0.017361111111111,0.3,-0.333333333333333,0.082417582417582,-0.2,8,1,575,2,1.4,2,1.0,7.87400787401181,12.4096736459909,16.4620776331543,1.171620129110657,2,0,1.0,0,1,,115,25,1189,183,1378,3426,146,37,0.92,11,1,0,87.0701,-140,-362.33,25,0.22,-0.15,-0.04,66.67,56,0.0,0.0,0.58,0.0,0,0.0,,0,0,0,0,0,0,0,0,51.29,70.1,18.81,1,,182.0,176.0,5.0,2.666666666666667,2.0,1.7361111111111112,36.4,0.6319444444444444,1.352112676056338,0.3608058608058608,0.5908629441624366,1.0,1.0,1,0.4,15.284381778741864,10.0,2,0.0274725274725274,18.2,BUY,0.125,0.074074074074074,-0.8620689655172413,0.0,55.00000000029104,16.0,0.3157894736842105,0.125,-0.7777777777777778,0.0,169.99999999825377,19.0,2024,0
LB_20240814_093352_SELL_0001,2024-08-14,discovery,A_TRUE_ABSORPTION,2024-08-14 13:33:53.036680900+00:00,2024-08-14 13:33:52+00:00,2024-08-14 13:33:53+00:00,TP; MAE<=10; MFE>=TP inicial,BUY,SELL,19117.5,60,60,TP,60,0,60,09:34:07.007,True,C:\Users\k_99_\Desktop\codding\data_footprint_generator\trade_results_score\score_trade_result_2024-08-14_NY.csv,-143,-140,-167,-207,-208,12,-143,-146,-6.19874722142693,1.0,0.182857142857143,151,207,-6,-3.0,-2.0,-6,-1.333333333333333,-6,-167,30.0,-39.0,-9.0,-26.60781044317683,-38,-45,-20,-1,1,0.8,0,0.333333333333333,0.591672778582328,0.875,0.053892215568862,0.028753993610224,1,1.2,11.25896183389288,-0.210302964512283,-1.052059478812743,0.950398695056605,0.040719613865731,40.3980264173899,11,0.00210618692409,,143,24,40,207,106,80,0.154589371980676,0.386792452830189,0.25,5,1.5,1.0,0.024154589371981,0.3,0.666666666666667,0.167832167832168,1.666666666666667,24,9,1014,2,2.2,2,2.0,7.48331477354788,10.770329614269,13.5646599662505,1.351327849384355,3,0,1.0,0,1,,150,45,2185,-331,828,2510,-180,-151,0.85,8,0,0,233.0367,-195,17.34,45,0.3,-0.15,-0.07,116.67,94,-0.4,-0.02,0.78,0.79,0,0.0,,0,0,0,0,0,0,0,0,8.35,36.68,28.33,1,,143.0,146.0,6.0,3.0,6.0,2.898550724637681,23.83333333333333,0.6908212560386473,1.3708609271523178,0.3892773892773892,0.7437125748502994,1.0,1.0,1,1.0,26.60781044317683,38.0,2,0.0419580419580419,9.533333333333331,SELL,0.0,0.0,-1.0,0.0,,17.0,,,,0.0,,0.0,2024,1
