family,date,year,half,side,entry_utc,entry,risk_ticks,gross_ticks,net_ticks,net_R,mae_ticks,exit_reason,trailing_activated,fixed_net_ticks,fixed_net_R,fixed_exit_reason,acceptance_utc
IB30_ACCEPTED_BREAKOUT,2022-04-25,2022,2022-H1,LONG,2022-04-25T14:25:02+00:00,13371.75,60.0,19.0,15.0,0.25,-19.0,STOP,True,56.0,0.9333333333333333,TARGET,2022-04-25T14:25:01+00:00
IB30_ACCEPTED_BREAKOUT,2022-04-26,2022,2022-H1,SHORT,2022-04-26T14:01:13+00:00,13247.75,60.0,4.0,0.0,0.0,-5.0,STOP,True,56.0,0.9333333333333333,TARGET,2022-04-26T14:01:12+00:00
IB30_ACCEPTED_BREAKOUT,2022-04-27,2022,2022-H1,SHORT,2022-04-27T14:14:47+00:00,13008.25,60.0,120.0,116.0,1.9333333333333333,-7.0,TARGET,True,56.0,0.9333333333333333,TARGET,2022-04-27T14:14:46+00:00
IB30_ACCEPTED_BREAKOUT,2022-04-28,2022,2022-H1,SHORT,2022-04-28T14:00:45+00:00,13093.5,60.0,18.0,14.0,0.23333333333333334,-25.0,STOP,True,56.0,0.9333333333333333,TARGET,2022-04-28T14:00:44+00:00
IB30_ACCEPTED_BREAKOUT,2022-04-29,2022,2022-H1,SHORT,2022-04-29T14:28:26+00:00,13221.75,60.0,-60.0,-64.0,-1.0666666666666667,-66.0,STOP,False,-64.0,-1.0666666666666667,STOP,2022-04-29T14:28:25+00:00
IB30_ACCEPTED_BREAKOUT,2022-05-02,2022,2022-H1,LONG,2022-05-02T14:26:45+00:00,12974.0,60.0,-60.0,-64.0,-1.0666666666666667,-60.0,STOP,False,-64.0,-1.0666666666666667,STOP,2022-05-02T14:26:44+00:00
IB30_ACCEPTED_BREAKOUT,2022-05-03,2022,2022-H1,LONG,2022-05-03T14:00:06+00:00,13119.5,60.0,36.0,32.0,0.5333333333333333,-22.0,STOP,True,56.0,0.9333333333333333,TARGET,2022-05-03T14:00:05+00:00
IB30_ACCEPTED_BREAKOUT,2022-05-04,2022,2022-H1,SHORT,2022-05-04T14:00:02+00:00,13013.0,60.0,-60.0,-64.0,-1.0666666666666667,-63.0,STOP,False,-64.0,-1.0666666666666667,STOP,2022-05-04T14:00:01+00:00
IB30_ACCEPTED_BREAKOUT,2022-05-05,2022,2022-H1,SHORT,2022-05-05T14:00:54+00:00,13145.5,60.0,-60.0,-64.0,-1.0666666666666667,-62.0,STOP,False,-64.0,-1.0666666666666667,STOP,2022-05-05T14:00:53+00:00
IB30_ACCEPTED_BREAKOUT,2022-05-06,2022,2022-H1,LONG,2022-05-06T14:18:41+00:00,12795.5,60.0,54.0,50.0,0.8333333333333334,-37.0,STOP,True,56.0,0.9333333333333333,TARGET,2022-05-06T14:18:40+00:00
IB30_ACCEPTED_BREAKOUT,2022-05-09,2022,2022-H1,SHORT,2022-05-09T14:00:23+00:00,12415.0,60.0,-60.0,-64.0,-1.0666666666666667,-60.0,STOP,False,-64.0,-1.0666666666666667,STOP,2022-05-09T14:00:22+00:00
IB30_ACCEPTED_BREAKOUT,2022-05-10,2022,2022-H1,SHORT,2022-05-10T14:41:38+00:00,12334.75,60.0,4.0,0.0,0.0,-40.0,STOP,True,56.0,0.9333333333333333,TARGET,2022-05-10T14:41:37+00:00
IB30_ACCEPTED_BREAKOUT,2022-05-12,2022,2022-H1,LONG,2022-05-12T14:09:34+00:00,11912.75,60.0,-60.0,-64.0,-1.0666666666666667,-64.0,STOP,False,-64.0,-1.0666666666666667,STOP,2022-05-12T14:09:33+00:00
IB30_ACCEPTED_BREAKOUT,2022-05-13,2022,2022-H1,LONG,2022-05-13T14:02:07+00:00,12283.0,60.0,31.0,27.0,0.45,-13.0,STOP,True,56.0,0.9333333333333333,TARGET,2022-05-13T14:02:06+00:00
IB30_ACCEPTED_BREAKOUT,2022-05-16,2022,2022-H1,SHORT,2022-05-16T14:01:18+00:00,12212.75,60.0,-60.0,-64.0,-1.0666666666666667,-68.0,STOP,False,-64.0,-1.0666666666666667,STOP,2022-05-16T14:01:17+00:00
IB30_ACCEPTED_BREAKOUT,2022-05-17,2022,2022-H1,SHORT,2022-05-17T14:09:14+00:00,12429.75,60.0,18.0,14.0,0.23333333333333334,-42.0,STOP,True,56.0,0.9333333333333333,TARGET,2022-05-17T14:09:13+00:00
IB30_ACCEPTED_BREAKOUT,2022-05-18,2022,2022-H1,SHORT,2022-05-18T14:30:10+00:00,12287.5,60.0,-60.0,-64.0,-1.0666666666666667,-65.0,STOP,False,-64.0,-1.0666666666666667,STOP,2022-05-18T14:30:09+00:00
IB30_ACCEPTED_BREAKOUT,2022-05-19,2022,2022-H1,LONG,2022-05-19T14:03:17+00:00,11981.25,60.0,-60.0,-64.0,-1.0666666666666667,-67.0,STOP,False,-64.0,-1.0666666666666667,STOP,2022-05-19T14:03:16+00:00
IB30_ACCEPTED_BREAKOUT,2022-05-20,2022,2022-H1,SHORT,2022-05-20T14:07:12+00:00,11943.0,60.0,120.0,116.0,1.9333333333333333,-12.0,TARGET,True,56.0,0.9333333333333333,TARGET,2022-05-20T14:07:11+00:00
IB30_ACCEPTED_BREAKOUT,2022-05-23,2022,2022-H1,SHORT,2022-05-23T14:01:03+00:00,11814.0,60.0,120.0,116.0,1.9333333333333333,-58.0,TARGET,True,56.0,0.9333333333333333,TARGET,2022-05-23T14:01:02+00:00
IB30_ACCEPTED_BREAKOUT,2022-05-24,2022,2022-H1,SHORT,2022-05-24T14:00:03+00:00,11674.0,60.0,120.0,116.0,1.9333333333333333,-6.0,TARGET,True,56.0,0.9333333333333333,TARGET,2022-05-24T14:00:02+00:00
IB30_ACCEPTED_BREAKOUT,2022-05-25,2022,2022-H1,LONG,2022-05-25T14:19:32+00:00,11862.5,60.0,-60.0,-64.0,-1.0666666666666667,-60.0,STOP,False,-64.0,-1.0666666666666667,STOP,2022-05-25T14:19:31+00:00
IB30_ACCEPTED_BREAKOUT,2022-05-26,2022,2022-H1,LONG,2022-05-26T14:00:34+00:00,12129.0,60.0,-60.0,-64.0,-1.0666666666666667,-62.0,STOP,False,-64.0,-1.0666666666666667,STOP,2022-05-26T14:00:33+00:00
IB30_ACCEPTED_BREAKOUT,2022-05-27,2022,2022-H1,LONG,2022-05-27T14:02:06+00:00,12535.5,60.0,-60.0,-64.0,-1.0666666666666667,-60.0,STOP,False,-64.0,-1.0666666666666667,STOP,2022-05-27T14:02:05+00:00
IB30_ACCEPTED_BREAKOUT,2022-05-31,2022,2022-H1,SHORT,2022-05-31T14:04:28+00:00,12518.0,60.0,4.0,0.0,0.0,-33.0,STOP,True,56.0,0.9333333333333333,TARGET,2022-05-31T14:04:27+00:00
IB30_ACCEPTED_BREAKOUT,2022-06-01,2022,2022-H1,SHORT,2022-06-01T14:06:19+00:00,12731.75,60.0,120.0,116.0,1.9333333333333333,-36.0,TARGET,True,56.0,0.9333333333333333,TARGET,2022-06-01T14:06:18+00:00
IB30_ACCEPTED_BREAKOUT,2022-06-02,2022,2022-H1,LONG,2022-06-02T14:01:31+00:00,12577.25,60.0,-60.0,-64.0,-1.0666666666666667,-66.0,STOP,False,-64.0,-1.0666666666666667,STOP,2022-06-02T14:01:30+00:00
IB30_ACCEPTED_BREAKOUT,2022-06-03,2022,2022-H1,LONG,2022-06-03T14:00:56+00:00,12718.25,60.0,-60.0,-64.0,-1.0666666666666667,-66.0,STOP,False,-64.0,-1.0666666666666667,STOP,2022-06-03T14:00:55+00:00
IB30_ACCEPTED_BREAKOUT,2022-06-06,2022,2022-H1,LONG,2022-06-06T14:01:20+00:00,12786.75,60.0,-60.0,-64.0,-1.0666666666666667,-61.0,STOP,False,-64.0,-1.0666666666666667,STOP,2022-06-06T14:01:19+00:00
IB30_ACCEPTED_BREAKOUT,2022-06-07,2022,2022-H1,LONG,2022-06-07T14:28:16+00:00,12585.0,60.0,4.0,0.0,0.0,-13.0,STOP,True,56.0,0.9333333333333333,TARGET,2022-06-07T14:28:15+00:00
IB30_ACCEPTED_BREAKOUT,2022-06-09,2022,2022-H1,LONG,2022-06-09T14:30:03+00:00,12656.5,60.0,7.0,3.0,0.05,-21.0,STOP,True,56.0,0.9333333333333333,TARGET,2022-06-09T14:30:02+00:00
IB30_ACCEPTED_BREAKOUT,2022-06-10,2022,2022-H1,SHORT,2022-06-10T14:00:07+00:00,11939.75,60.0,120.0,116.0,1.9333333333333333,-12.0,TARGET,True,56.0,0.9333333333333333,TARGET,2022-06-10T14:00:06+00:00
IB30_ACCEPTED_BREAKOUT,2022-06-13,2022,2022-H1,SHORT,2022-06-13T14:10:54+00:00,11462.0,60.0,120.0,116.0,1.9333333333333333,-8.0,TARGET,True,56.0,0.9333333333333333,TARGET,2022-06-13T14:10:53+00:00
IB30_ACCEPTED_BREAKOUT,2022-06-14,2022,2022-H1,SHORT,2022-06-14T14:30:31+00:00,11257.0,60.0,-60.0,-64.0,-1.0666666666666667,-60.0,STOP,False,-64.0,-1.0666666666666667,STOP,2022-06-14T14:30:30+00:00
IB30_ACCEPTED_BREAKOUT,2022-06-15,2022,2022-H1,LONG,2022-06-15T14:04:34+00:00,11520.75,60.0,25.0,21.0,0.35,-46.0,STOP,True,56.0,0.9333333333333333,TARGET,2022-06-15T14:04:33+00:00
IB30_ACCEPTED_BREAKOUT,2022-06-16,2022,2022-H1,SHORT,2022-06-16T14:00:16+00:00,11215.0,60.0,120.0,116.0,1.9333333333333333,-55.0,TARGET,True,56.0,0.9333333333333333,TARGET,2022-06-16T14:00:15+00:00
IB30_ACCEPTED_BREAKOUT,2022-06-21,2022,2022-H1,LONG,2022-06-21T14:00:03+00:00,11634.0,60.0,-60.0,-64.0,-1.0666666666666667,-60.0,STOP,False,-64.0,-1.0666666666666667,STOP,2022-06-21T14:00:02+00:00
IB30_ACCEPTED_BREAKOUT,2022-06-22,2022,2022-H1,LONG,2022-06-22T14:14:01+00:00,11624.75,60.0,120.0,116.0,1.9333333333333333,-25.0,TARGET,True,56.0,0.9333333333333333,TARGET,2022-06-22T14:14:00+00:00
IB30_ACCEPTED_BREAKOUT,2022-06-23,2022,2022-H1,LONG,2022-06-23T14:28:21+00:00,11685.5,60.0,-60.0,-64.0,-1.0666666666666667,-63.0,STOP,False,-64.0,-1.0666666666666667,STOP,2022-06-23T14:28:20+00:00
IB30_ACCEPTED_BREAKOUT,2022-06-24,2022,2022-H1,LONG,2022-06-24T14:00:05+00:00,11989.25,60.0,7.0,3.0,0.05,-57.0,STOP,True,56.0,0.9333333333333333,TARGET,2022-06-24T14:00:04+00:00
IB30_ACCEPTED_BREAKOUT,2022-06-28,2022,2022-H1,SHORT,2022-06-28T14:06:20+00:00,12039.5,60.0,37.0,33.0,0.55,-16.0,STOP,True,56.0,0.9333333333333333,TARGET,2022-06-28T14:06:19+00:00
IB30_ACCEPTED_BREAKOUT,2022-06-29,2022,2022-H1,LONG,2022-06-29T14:02:38+00:00,11718.0,60.0,57.0,53.0,0.8833333333333333,-2.0,STOP,True,56.0,0.9333333333333333,TARGET,2022-06-29T14:02:37+00:00
IB30_ACCEPTED_BREAKOUT,2022-06-30,2022,2022-H1,SHORT,2022-06-30T14:00:10+00:00,11389.5,60.0,120.0,116.0,1.9333333333333333,-44.0,TARGET,True,56.0,0.9333333333333333,TARGET,2022-06-30T14:00:09+00:00
IB30_ACCEPTED_BREAKOUT,2022-07-01,2022,2022-H2,LONG,2022-07-01T14:00:23+00:00,11610.0,60.0,-60.0,-64.0,-1.0666666666666667,-60.0,STOP,False,-64.0,-1.0666666666666667,STOP,2022-07-01T14:00:22+00:00
IB30_ACCEPTED_BREAKOUT,2022-07-05,2022,2022-H2,LONG,2022-07-05T14:12:25+00:00,11487.5,60.0,31.0,27.0,0.45,-53.0,STOP,True,56.0,0.9333333333333333,TARGET,2022-07-05T14:12:24+00:00
IB30_ACCEPTED_BREAKOUT,2022-07-07,2022,2022-H2,LONG,2022-07-07T14:17:47+00:00,12050.25,60.0,-60.0,-64.0,-1.0666666666666667,-63.0,STOP,False,-64.0,-1.0666666666666667,STOP,2022-07-07T14:17:46+00:00
IB30_ACCEPTED_BREAKOUT,2022-07-08,2022,2022-H2,LONG,2022-07-08T14:25:54+00:00,12091.75,60.0,120.0,116.0,1.9333333333333333,-9.0,TARGET,True,56.0,0.9333333333333333,TARGET,2022-07-08T14:25:53+00:00
IB30_ACCEPTED_BREAKOUT,2022-07-11,2022,2022-H2,SHORT,2022-07-11T14:01:49+00:00,11853.25,60.0,-60.0,-64.0,-1.0666666666666667,-68.0,STOP,False,-64.0,-1.0666666666666667,STOP,2022-07-11T14:01:48+00:00
IB30_ACCEPTED_BREAKOUT,2022-07-12,2022,2022-H2,SHORT,2022-07-12T14:00:02+00:00,11850.75,60.0,120.0,116.0,1.9333333333333333,-1.0,TARGET,True,56.0,0.9333333333333333,TARGET,2022-07-12T14:00:01+00:00
IB30_ACCEPTED_BREAKOUT,2022-07-13,2022,2022-H2,LONG,2022-07-13T14:31:36+00:00,11700.5,60.0,49.0,45.0,0.75,-24.0,STOP,True,56.0,0.9333333333333333,TARGET,2022-07-13T14:31:35+00:00
IB30_ACCEPTED_BREAKOUT,2022-07-14,2022,2022-H2,SHORT,2022-07-14T14:01:04+00:00,11546.25,60.0,10.0,6.0,0.1,-10.0,STOP,True,56.0,0.9333333333333333,TARGET,2022-07-14T14:01:03+00:00
IB30_ACCEPTED_BREAKOUT,2022-07-19,2022,2022-H2,LONG,2022-07-19T14:27:02+00:00,12081.75,60.0,10.0,6.0,0.1,-9.0,STOP,True,56.0,0.9333333333333333,TARGET,2022-07-19T14:27:01+00:00
IB30_ACCEPTED_BREAKOUT,2022-07-20,2022,2022-H2,LONG,2022-07-20T14:23:09+00:00,12352.75,60.0,120.0,116.0,1.9333333333333333,-30.0,TARGET,True,56.0,0.9333333333333333,TARGET,2022-07-20T14:23:08+00:00
IB30_ACCEPTED_BREAKOUT,2022-07-21,2022,2022-H2,LONG,2022-07-21T14:00:34+00:00,12521.75,60.0,18.0,14.0,0.23333333333333334,-16.0,STOP,True,56.0,0.9333333333333333,TARGET,2022-07-21T14:00:33+00:00
IB30_ACCEPTED_BREAKOUT,2022-07-22,2022,2022-H2,SHORT,2022-07-22T14:00:49+00:00,12564.25,60.0,26.0,22.0,0.36666666666666664,-59.0,STOP,True,56.0,0.9333333333333333,TARGET,2022-07-22T14:00:48+00:00
IB30_ACCEPTED_BREAKOUT,2022-07-25,2022,2022-H2,SHORT,2022-07-25T14:06:18+00:00,12355.0,60.0,-60.0,-64.0,-1.0666666666666667,-64.0,STOP,False,-64.0,-1.0666666666666667,STOP,2022-07-25T14:06:17+00:00
IB30_ACCEPTED_BREAKOUT,2022-07-26,2022,2022-H2,SHORT,2022-07-26T14:20:29+00:00,12192.25,60.0,-60.0,-64.0,-1.0666666666666667,-61.0,STOP,False,-64.0,-1.0666666666666667,STOP,2022-07-26T14:20:28+00:00
IB30_ACCEPTED_BREAKOUT,2022-07-27,2022,2022-H2,LONG,2022-07-27T14:05:03+00:00,12404.5,60.0,-60.0,-64.0,-1.0666666666666667,-60.0,STOP,False,-64.0,-1.0666666666666667,STOP,2022-07-27T14:05:02+00:00
IB30_ACCEPTED_BREAKOUT,2022-07-28,2022,2022-H2,SHORT,2022-07-28T14:32:21+00:00,12450.25,60.0,-60.0,-64.0,-1.0666666666666667,-60.0,STOP,False,-64.0,-1.0666666666666667,STOP,2022-07-28T14:32:20+00:00
IB30_ACCEPTED_BREAKOUT,2022-07-29,2022,2022-H2,LONG,2022-07-29T14:00:55+00:00,12887.25,60.0,-60.0,-64.0,-1.0666666666666667,-64.0,STOP,False,-64.0,-1.0666666666666667,STOP,2022-07-29T14:00:54+00:00
IB30_ACCEPTED_BREAKOUT,2022-08-01,2022,2022-H2,LONG,2022-08-01T14:00:44+00:00,13028.25,60.0,-60.0,-64.0,-1.0666666666666667,-71.0,STOP,False,-64.0,-1.0666666666666667,STOP,2022-08-01T14:00:43+00:00
IB30_ACCEPTED_BREAKOUT,2022-08-02,2022,2022-H2,SHORT,2022-08-02T14:10:01+00:00,12847.75,60.0,51.0,47.0,0.7833333333333333,-28.0,STOP,True,56.0,0.9333333333333333,TARGET,2022-08-02T14:10:00+00:00
IB30_ACCEPTED_BREAKOUT,2022-08-03,2022,2022-H2,LONG,2022-08-03T14:03:35+00:00,13132.0,60.0,120.0,116.0,1.9333333333333333,-20.0,TARGET,True,56.0,0.9333333333333333,TARGET,2022-08-03T14:03:34+00:00
IB30_ACCEPTED_BREAKOUT,2022-08-04,2022,2022-H2,SHORT,2022-08-04T14:17:09+00:00,13242.75,60.0,-60.0,-64.0,-1.0666666666666667,-65.0,STOP,False,-64.0,-1.0666666666666667,STOP,2022-08-04T14:17:08+00:00
IB30_ACCEPTED_BREAKOUT,2022-08-05,2022,2022-H2,LONG,2022-08-05T14:02:36+00:00,13215.5,60.0,9.0,5.0,0.08333333333333333,-13.0,STOP,True,56.0,0.9333333333333333,TARGET,2022-08-05T14:02:35+00:00
IB30_ACCEPTED_BREAKOUT,2022-08-08,2022,2022-H2,LONG,2022-08-08T14:02:41+00:00,13415.0,60.0,-60.0,-64.0,-1.0666666666666667,-62.0,STOP,False,-64.0,-1.0666666666666667,STOP,2022-08-08T14:02:40+00:00
IB30_ACCEPTED_BREAKOUT,2022-08-09,2022,2022-H2,SHORT,2022-08-09T14:00:48+00:00,12989.0,60.0,-60.0,-64.0,-1.0666666666666667,-76.0,STOP,False,-64.0,-1.0666666666666667,STOP,2022-08-09T14:00:47+00:00
IB30_ACCEPTED_BREAKOUT,2022-08-10,2022,2022-H2,SHORT,2022-08-10T14:19:30+00:00,13265.5,60.0,51.0,47.0,0.7833333333333333,-4.0,STOP,True,56.0,0.9333333333333333,TARGET,2022-08-10T14:19:29+00:00
IB30_ACCEPTED_BREAKOUT,2022-08-11,2022,2022-H2,LONG,2022-08-11T14:00:47+00:00,13522.75,60.0,-60.0,-64.0,-1.0666666666666667,-66.0,STOP,False,-64.0,-1.0666666666666667,STOP,2022-08-11T14:00:46+00:00
IB30_ACCEPTED_BREAKOUT,2022-08-12,2022,2022-H2,LONG,2022-08-12T14:10:40+00:00,13442.75,60.0,-60.0,-64.0,-1.0666666666666667,-68.0,STOP,False,-64.0,-1.0666666666666667,STOP,2022-08-12T14:10:39+00:00
IB30_ACCEPTED_BREAKOUT,2022-08-16,2022,2022-H2,SHORT,2022-08-16T14:01:33+00:00,13582.25,60.0,-60.0,-64.0,-1.0666666666666667,-60.0,STOP,False,-64.0,-1.0666666666666667,STOP,2022-08-16T14:01:32+00:00
IB30_ACCEPTED_BREAKOUT,2022-08-17,2022,2022-H2,SHORT,2022-08-17T14:14:15+00:00,13479.5,60.0,-60.0,-64.0,-1.0666666666666667,-60.0,STOP,False,-64.0,-1.0666666666666667,STOP,2022-08-17T14:14:14+00:00
IB30_ACCEPTED_BREAKOUT,2022-08-18,2022,2022-H2,SHORT,2022-08-18T14:00:34+00:00,13433.75,60.0,-60.0,-64.0,-1.0666666666666667,-81.0,STOP,False,-64.0,-1.0666666666666667,STOP,2022-08-18T14:00:33+00:00
IB30_ACCEPTED_BREAKOUT,2022-08-19,2022,2022-H2,SHORT,2022-08-19T14:00:29+00:00,13296.5,60.0,-60.0,-64.0,-1.0666666666666667,-62.0,STOP,False,-64.0,-1.0666666666666667,STOP,2022-08-19T14:00:28+00:00
IB30_ACCEPTED_BREAKOUT,2022-08-22,2022,2022-H2,SHORT,2022-08-22T14:09:03+00:00,13004.5,60.0,-60.0,-64.0,-1.0666666666666667,-65.0,STOP,False,-64.0,-1.0666666666666667,STOP,2022-08-22T14:09:02+00:00
IB30_ACCEPTED_BREAKOUT,2022-08-23,2022,2022-H2,LONG,2022-08-23T14:09:32+00:00,12987.75,60.0,120.0,116.0,1.9333333333333333,-13.0,TARGET,True,56.0,0.9333333333333333,TARGET,2022-08-23T14:09:31+00:00
IB30_ACCEPTED_BREAKOUT,2022-08-24,2022,2022-H2,LONG,2022-08-24T14:00:35+00:00,12918.25,60.0,-60.0,-64.0,-1.0666666666666667,-60.0,STOP,False,-64.0,-1.0666666666666667,STOP,2022-08-24T14:00:34+00:00
IB30_ACCEPTED_BREAKOUT,2022-08-25,2022,2022-H2,LONG,2022-08-25T14:00:04+00:00,13052.5,60.0,22.0,18.0,0.3,-45.0,STOP,True,56.0,0.9333333333333333,TARGET,2022-08-25T14:00:03+00:00
IB30_ACCEPTED_BREAKOUT,2022-08-26,2022,2022-H2,SHORT,2022-08-26T14:01:10+00:00,13081.0,60.0,32.0,28.0,0.4666666666666667,-9.0,STOP,True,56.0,0.9333333333333333,TARGET,2022-08-26T14:01:09+00:00
IB30_ACCEPTED_BREAKOUT,2022-08-29,2022,2022-H2,LONG,2022-08-29T14:17:52+00:00,12607.25,60.0,-60.0,-64.0,-1.0666666666666667,-65.0,STOP,False,-64.0,-1.0666666666666667,STOP,2022-08-29T14:17:51+00:00
IB30_ACCEPTED_BREAKOUT,2022-08-30,2022,2022-H2,SHORT,2022-08-30T14:05:15+00:00,12459.5,60.0,39.0,35.0,0.5833333333333334,-8.0,STOP,True,56.0,0.9333333333333333,TARGET,2022-08-30T14:05:14+00:00
IB30_ACCEPTED_BREAKOUT,2022-08-31,2022,2022-H2,SHORT,2022-08-31T14:28:48+00:00,12389.25,60.0,120.0,116.0,1.9333333333333333,-50.0,TARGET,True,56.0,0.9333333333333333,TARGET,2022-08-31T14:28:47+00:00
IB30_ACCEPTED_BREAKOUT,2022-09-01,2022,2022-H2,SHORT,2022-09-01T14:02:15+00:00,12135.0,60.0,8.0,4.0,0.06666666666666667,-19.0,STOP,True,56.0,0.9333333333333333,TARGET,2022-09-01T14:02:14+00:00
IB30_ACCEPTED_BREAKOUT,2022-09-02,2022,2022-H2,SHORT,2022-09-02T14:00:58+00:00,12286.75,60.0,-60.0,-64.0,-1.0666666666666667,-70.0,STOP,False,-64.0,-1.0666666666666667,STOP,2022-09-02T14:00:57+00:00
IB30_ACCEPTED_BREAKOUT,2022-09-06,2022,2022-H2,SHORT,2022-09-06T14:01:03+00:00,12014.25,60.0,120.0,116.0,1.9333333333333333,-1.0,TARGET,True,56.0,0.9333333333333333,TARGET,2022-09-06T14:01:02+00:00
IB30_ACCEPTED_BREAKOUT,2022-09-07,2022,2022-H2,SHORT,2022-09-07T14:15:11+00:00,12033.0,60.0,-60.0,-64.0,-1.0666666666666667,-62.0,STOP,False,-64.0,-1.0666666666666667,STOP,2022-09-07T14:15:10+00:00
IB30_ACCEPTED_BREAKOUT,2022-09-08,2022,2022-H2,LONG,2022-09-08T14:20:11+00:00,12273.5,60.0,-60.0,-64.0,-1.0666666666666667,-60.0,STOP,False,-64.0,-1.0666666666666667,STOP,2022-09-08T14:20:10+00:00
IB30_ACCEPTED_BREAKOUT,2022-09-09,2022,2022-H2,LONG,2022-09-09T14:00:02+00:00,12507.5,60.0,120.0,116.0,1.9333333333333333,-48.0,TARGET,True,56.0,0.9333333333333333,TARGET,2022-09-09T14:00:01+00:00
IB30_ACCEPTED_BREAKOUT,2022-09-12,2022,2022-H2,LONG,2022-09-12T14:00:03+00:00,12741.25,60.0,-60.0,-64.0,-1.0666666666666667,-60.0,STOP,False,-64.0,-1.0666666666666667,STOP,2022-09-12T14:00:02+00:00
IB30_ACCEPTED_BREAKOUT,2022-09-13,2022,2022-H2,SHORT,2022-09-13T14:00:02+00:00,12302.0,60.0,38.0,34.0,0.5666666666666667,-55.0,STOP,True,56.0,0.9333333333333333,TARGET,2022-09-13T14:00:01+00:00
IB30_ACCEPTED_BREAKOUT,2022-09-14,2022,2022-H2,SHORT,2022-09-14T14:30:11+00:00,12016.75,60.0,-60.0,-64.0,-1.0666666666666667,-66.0,STOP,False,-64.0,-1.0666666666666667,STOP,2022-09-14T14:30:10+00:00
IB30_ACCEPTED_BREAKOUT,2022-09-15,2022,2022-H2,LONG,2022-09-15T14:00:21+00:00,12143.25,60.0,-60.0,-64.0,-1.0666666666666667,-60.0,STOP,False,-64.0,-1.0666666666666667,STOP,2022-09-15T14:00:20+00:00
IB30_ACCEPTED_BREAKOUT,2022-09-19,2022,2022-H2,LONG,2022-09-19T14:13:38+00:00,11932.5,60.0,-60.0,-64.0,-1.0666666666666667,-66.0,STOP,False,-64.0,-1.0666666666666667,STOP,2022-09-19T14:13:37+00:00
IB30_ACCEPTED_BREAKOUT,2022-09-20,2022,2022-H2,LONG,2022-09-20T14:08:12+00:00,11947.25,60.0,-60.0,-64.0,-1.0666666666666667,-63.0,STOP,False,-64.0,-1.0666666666666667,STOP,2022-09-20T14:08:11+00:00
IB30_ACCEPTED_BREAKOUT,2022-09-21,2022,2022-H2,LONG,2022-09-21T14:29:36+00:00,11998.0,60.0,-60.0,-64.0,-1.0666666666666667,-69.0,STOP,False,-64.0,-1.0666666666666667,STOP,2022-09-21T14:29:35+00:00
IB30_ACCEPTED_BREAKOUT,2022-09-22,2022,2022-H2,SHORT,2022-09-22T14:01:09+00:00,11570.5,60.0,-60.0,-64.0,-1.0666666666666667,-63.0,STOP,False,-64.0,-1.0666666666666667,STOP,2022-09-22T14:01:08+00:00
IB30_ACCEPTED_BREAKOUT,2022-09-23,2022,2022-H2,SHORT,2022-09-23T14:00:03+00:00,11347.0,60.0,-60.0,-64.0,-1.0666666666666667,-62.0,STOP,False,-64.0,-1.0666666666666667,STOP,2022-09-23T14:00:02+00:00
IB30_ACCEPTED_BREAKOUT,2022-09-26,2022,2022-H2,LONG,2022-09-26T14:00:03+00:00,11497.75,60.0,28.0,24.0,0.4,-13.0,STOP,True,56.0,0.9333333333333333,TARGET,2022-09-26T14:00:02+00:00
IB30_ACCEPTED_BREAKOUT,2022-09-27,2022,2022-H2,SHORT,2022-09-27T14:00:38+00:00,11459.75,60.0,24.0,20.0,0.3333333333333333,-7.0,STOP,True,56.0,0.9333333333333333,TARGET,2022-09-27T14:00:37+00:00
IB30_ACCEPTED_BREAKOUT,2022-09-28,2022,2022-H2,LONG,2022-09-28T14:00:45+00:00,11361.75,60.0,-60.0,-64.0,-1.0666666666666667,-88.0,STOP,False,-64.0,-1.0666666666666667,STOP,2022-09-28T14:00:44+00:00
IB30_ACCEPTED_BREAKOUT,2022-09-29,2022,2022-H2,SHORT,2022-09-29T14:01:06+00:00,11235.75,60.0,120.0,116.0,1.9333333333333333,-25.0,TARGET,True,56.0,0.9333333333333333,TARGET,2022-09-29T14:01:05+00:00
IB30_ACCEPTED_BREAKOUT,2022-09-30,2022,2022-H2,LONG,2022-09-30T14:26:09+00:00,11274.75,60.0,-60.0,-64.0,-1.0666666666666667,-65.0,STOP,False,-64.0,-1.0666666666666667,STOP,2022-09-30T14:26:08+00:00
IB30_ACCEPTED_BREAKOUT,2022-10-03,2022,2022-H2,LONG,2022-10-03T14:00:18+00:00,11132.5,60.0,120.0,116.0,1.9333333333333333,-51.0,TARGET,True,56.0,0.9333333333333333,TARGET,2022-10-03T14:00:17+00:00
IB30_ACCEPTED_BREAKOUT,2022-10-04,2022,2022-H2,LONG,2022-10-04T14:00:02+00:00,11621.5,60.0,120.0,116.0,1.9333333333333333,-8.0,TARGET,True,56.0,0.9333333333333333,TARGET,2022-10-04T14:00:01+00:00
IB30_ACCEPTED_BREAKOUT,2022-10-05,2022,2022-H2,SHORT,2022-10-05T14:00:34+00:00,11464.5,60.0,120.0,116.0,1.9333333333333333,-52.0,TARGET,True,56.0,0.9333333333333333,TARGET,2022-10-05T14:00:33+00:00
IB30_ACCEPTED_BREAKOUT,2022-10-06,2022,2022-H2,SHORT,2022-10-06T14:01:44+00:00,11586.0,60.0,12.0,8.0,0.13333333333333333,-2.0,STOP,True,56.0,0.9333333333333333,TARGET,2022-10-06T14:01:43+00:00
IB30_ACCEPTED_BREAKOUT,2022-10-07,2022,2022-H2,SHORT,2022-10-07T14:01:26+00:00,11215.75,60.0,-60.0,-64.0,-1.0666666666666667,-62.0,STOP,False,-64.0,-1.0666666666666667,STOP,2022-10-07T14:01:25+00:00
IB30_ACCEPTED_BREAKOUT,2022-10-10,2022,2022-H2,SHORT,2022-10-10T14:00:29+00:00,11000.75,60.0,-60.0,-64.0,-1.0666666666666667,-66.0,STOP,False,-64.0,-1.0666666666666667,STOP,2022-10-10T14:00:28+00:00
IB30_ACCEPTED_BREAKOUT,2022-10-11,2022,2022-H2,SHORT,2022-10-11T14:00:02+00:00,10819.5,60.0,7.0,3.0,0.05,-1.0,STOP,True,56.0,0.9333333333333333,TARGET,2022-10-11T14:00:01+00:00
IB30_ACCEPTED_BREAKOUT,2022-10-13,2022,2022-H2,LONG,2022-10-13T14:04:32+00:00,10633.5,60.0,58.0,54.0,0.9,-10.0,STOP,True,56.0,0.9333333333333333,TARGET,2022-10-13T14:04:31+00:00
IB30_ACCEPTED_BREAKOUT,2022-10-14,2022,2022-H2,SHORT,2022-10-14T14:00:02+00:00,11015.5,60.0,120.0,116.0,1.9333333333333333,-1.0,TARGET,True,56.0,0.9333333333333333,TARGET,2022-10-14T14:00:01+00:00
IB30_ACCEPTED_BREAKOUT,2022-10-17,2022,2022-H2,LONG,2022-10-17T14:14:20+00:00,11119.0,60.0,-60.0,-64.0,-1.0666666666666667,-61.0,STOP,False,-64.0,-1.0666666666666667,STOP,2022-10-17T14:14:19+00:00
IB30_ACCEPTED_BREAKOUT,2022-10-18,2022,2022-H2,SHORT,2022-10-18T14:24:24+00:00,11287.75,60.0,120.0,116.0,1.9333333333333333,-52.0,TARGET,True,56.0,0.9333333333333333,TARGET,2022-10-18T14:24:23+00:00
IB30_ACCEPTED_BREAKOUT,2022-10-19,2022,2022-H2,LONG,2022-10-19T14:15:17+00:00,11215.0,60.0,36.0,32.0,0.5333333333333333,-2.0,STOP,True,56.0,0.9333333333333333,TARGET,2022-10-19T14:15:16+00:00
IB30_ACCEPTED_BREAKOUT,2022-10-20,2022,2022-H2,LONG,2022-10-20T14:02:21+00:00,11238.5,60.0,120.0,116.0,1.9333333333333333,-40.0,TARGET,True,56.0,0.9333333333333333,TARGET,2022-10-20T14:02:20+00:00
IB30_ACCEPTED_BREAKOUT,2022-10-21,2022,2022-H2,LONG,2022-10-21T14:00:02+00:00,11160.0,60.0,-60.0,-64.0,-1.0666666666666667,-64.0,STOP,False,-64.0,-1.0666666666666667,STOP,2022-10-21T14:00:01+00:00
IB30_ACCEPTED_BREAKOUT,2022-10-24,2022,2022-H2,SHORT,2022-10-24T14:02:26+00:00,11296.25,60.0,4.0,0.0,0.0,-31.0,STOP,True,56.0,0.9333333333333333,TARGET,2022-10-24T14:02:25+00:00
IB30_ACCEPTED_BREAKOUT,2022-10-26,2022,2022-H2,LONG,2022-10-26T14:00:07+00:00,11532.0,60.0,24.0,20.0,0.3333333333333333,-55.0,STOP,True,56.0,0.9333333333333333,TARGET,2022-10-26T14:00:06+00:00
IB30_ACCEPTED_BREAKOUT,2022-10-28,2022,2022-H2,LONG,2022-10-28T14:25:53+00:00,11372.75,60.0,47.0,43.0,0.7166666666666667,-16.0,STOP,True,56.0,0.9333333333333333,TARGET,2022-10-28T14:25:52+00:00
IB30_ACCEPTED_BREAKOUT,2022-10-31,2022,2022-H2,SHORT,2022-10-31T14:08:08+00:00,11412.25,60.0,-60.0,-64.0,-1.0666666666666667,-60.0,STOP,False,-64.0,-1.0666666666666667,STOP,2022-10-31T14:08:07+00:00
IB30_ACCEPTED_BREAKOUT,2022-11-01,2022,2022-H2,SHORT,2022-11-01T14:00:05+00:00,11487.75,60.0,-60.0,-64.0,-1.0666666666666667,-84.0,STOP,False,-64.0,-1.0666666666666667,STOP,2022-11-01T14:00:04+00:00
IB30_ACCEPTED_BREAKOUT,2022-11-02,2022,2022-H2,SHORT,2022-11-02T14:14:52+00:00,11269.0,60.0,-60.0,-64.0,-1.0666666666666667,-62.0,STOP,False,-64.0,-1.0666666666666667,STOP,2022-11-02T14:14:51+00:00
IB30_ACCEPTED_BREAKOUT,2022-11-03,2022,2022-H2,SHORT,2022-11-03T14:00:44+00:00,10717.0,60.0,-60.0,-64.0,-1.0666666666666667,-75.0,STOP,False,-64.0,-1.0666666666666667,STOP,2022-11-03T14:00:43+00:00
IB30_ACCEPTED_BREAKOUT,2022-11-04,2022,2022-H2,LONG,2022-11-04T14:41:10+00:00,10967.75,60.0,-60.0,-64.0,-1.0666666666666667,-62.0,STOP,False,-64.0,-1.0666666666666667,STOP,2022-11-04T14:41:09+00:00
IB30_ACCEPTED_BREAKOUT,2022-11-08,2022,2022-H2,LONG,2022-11-08T15:17:01+00:00,11087.25,60.0,37.0,33.0,0.55,-27.0,STOP,True,56.0,0.9333333333333333,TARGET,2022-11-08T15:17:00+00:00
IB30_ACCEPTED_BREAKOUT,2022-11-09,2022,2022-H2,LONG,2022-11-09T15:16:42+00:00,11046.75,60.0,-60.0,-64.0,-1.0666666666666667,-61.0,STOP,False,-64.0,-1.0666666666666667,STOP,2022-11-09T15:16:41+00:00
IB30_ACCEPTED_BREAKOUT,2022-11-10,2022,2022-H2,LONG,2022-11-10T15:00:02+00:00,11460.0,60.0,-60.0,-64.0,-1.0666666666666667,-60.0,STOP,False,-64.0,-1.0666666666666667,STOP,2022-11-10T15:00:01+00:00
IB30_ACCEPTED_BREAKOUT,2022-11-11,2022,2022-H2,LONG,2022-11-11T15:06:11+00:00,11693.5,60.0,-60.0,-64.0,-1.0666666666666667,-75.0,STOP,False,-64.0,-1.0666666666666667,STOP,2022-11-11T15:06:10+00:00
IB30_ACCEPTED_BREAKOUT,2022-11-14,2022,2022-H2,LONG,2022-11-14T15:07:10+00:00,11787.75,60.0,24.0,20.0,0.3333333333333333,-23.0,STOP,True,56.0,0.9333333333333333,TARGET,2022-11-14T15:07:09+00:00
IB30_ACCEPTED_BREAKOUT,2022-11-16,2022,2022-H2,SHORT,2022-11-16T15:15:20+00:00,11747.75,60.0,35.0,31.0,0.5166666666666667,-39.0,STOP,True,56.0,0.9333333333333333,TARGET,2022-11-16T15:15:19+00:00
IB30_ACCEPTED_BREAKOUT,2022-11-17,2022,2022-H2,LONG,2022-11-17T15:16:59+00:00,11636.0,60.0,54.0,50.0,0.8333333333333334,-27.0,STOP,True,56.0,0.9333333333333333,TARGET,2022-11-17T15:16:58+00:00
IB30_ACCEPTED_BREAKOUT,2022-11-18,2022,2022-H2,SHORT,2022-11-18T15:00:39+00:00,11732.5,60.0,120.0,116.0,1.9333333333333333,-21.0,TARGET,True,56.0,0.9333333333333333,TARGET,2022-11-18T15:00:38+00:00
IB30_ACCEPTED_BREAKOUT,2022-11-21,2022,2022-H2,SHORT,2022-11-21T15:06:25+00:00,11625.5,60.0,120.0,116.0,1.9333333333333333,-53.0,TARGET,True,56.0,0.9333333333333333,TARGET,2022-11-21T15:06:24+00:00
IB30_ACCEPTED_BREAKOUT,2022-11-22,2022,2022-H2,LONG,2022-11-22T15:47:50+00:00,11629.25,60.0,41.0,37.0,0.6166666666666667,-16.0,STOP,True,56.0,0.9333333333333333,TARGET,2022-11-22T15:47:49+00:00
IB30_ACCEPTED_BREAKOUT,2022-11-23,2022,2022-H2,LONG,2022-11-23T15:06:30+00:00,11857.25,60.0,-60.0,-64.0,-1.0666666666666667,-60.0,STOP,False,-64.0,-1.0666666666666667,STOP,2022-11-23T15:06:29+00:00
IB30_ACCEPTED_BREAKOUT,2022-11-28,2022,2022-H2,SHORT,2022-11-28T15:25:20+00:00,11688.75,60.0,-60.0,-64.0,-1.0666666666666667,-61.0,STOP,False,-64.0,-1.0666666666666667,STOP,2022-11-28T15:25:19+00:00
IB30_ACCEPTED_BREAKOUT,2022-11-29,2022,2022-H2,SHORT,2022-11-29T15:14:04+00:00,11563.25,60.0,-60.0,-64.0,-1.0666666666666667,-64.0,STOP,False,-64.0,-1.0666666666666667,STOP,2022-11-29T15:14:03+00:00
IB30_ACCEPTED_BREAKOUT,2022-12-01,2022,2022-H2,SHORT,2022-12-01T15:12:27+00:00,12029.25,60.0,120.0,116.0,1.9333333333333333,-9.0,TARGET,True,56.0,0.9333333333333333,TARGET,2022-12-01T15:12:26+00:00
IB30_ACCEPTED_BREAKOUT,2022-12-02,2022,2022-H2,LONG,2022-12-02T15:12:46+00:00,11919.75,60.0,120.0,116.0,1.9333333333333333,-5.0,TARGET,True,56.0,0.9333333333333333,TARGET,2022-12-02T15:12:45+00:00
IB30_ACCEPTED_BREAKOUT,2022-12-05,2022,2022-H2,SHORT,2022-12-05T15:00:02+00:00,11887.25,60.0,9.0,5.0,0.08333333333333333,-21.0,STOP,True,56.0,0.9333333333333333,TARGET,2022-12-05T15:00:01+00:00
IB30_ACCEPTED_BREAKOUT,2022-12-06,2022,2022-H2,SHORT,2022-12-06T15:00:03+00:00,11659.75,60.0,-60.0,-64.0,-1.0666666666666667,-60.0,STOP,False,-64.0,-1.0666666666666667,STOP,2022-12-06T15:00:02+00:00
IB30_ACCEPTED_BREAKOUT,2022-12-07,2022,2022-H2,SHORT,2022-12-07T15:00:02+00:00,11456.0,60.0,4.0,0.0,0.0,-12.0,STOP,True,56.0,0.9333333333333333,TARGET,2022-12-07T15:00:01+00:00
IB30_ACCEPTED_BREAKOUT,2022-12-08,2022,2022-H2,LONG,2022-12-08T15:00:02+00:00,11610.0,60.0,120.0,116.0,1.9333333333333333,-57.0,TARGET,True,56.0,0.9333333333333333,TARGET,2022-12-08T15:00:01+00:00
IB30_ACCEPTED_BREAKOUT,2022-12-09,2022,2022-H2,LONG,2022-12-09T15:31:04+00:00,11663.5,60.0,-60.0,-64.0,-1.0666666666666667,-62.0,STOP,False,-64.0,-1.0666666666666667,STOP,2022-12-09T15:31:03+00:00
IB30_ACCEPTED_BREAKOUT,2022-12-12,2022,2022-H2,SHORT,2022-12-12T15:49:34+00:00,11541.0,60.0,-60.0,-64.0,-1.0666666666666667,-62.0,STOP,False,-64.0,-1.0666666666666667,STOP,2022-12-12T15:49:33+00:00
IB30_ACCEPTED_BREAKOUT,2022-12-13,2022,2022-H2,SHORT,2022-12-13T15:06:57+00:00,12055.5,60.0,15.0,11.0,0.18333333333333332,-35.0,STOP,True,56.0,0.9333333333333333,TARGET,2022-12-13T15:06:56+00:00
IB30_ACCEPTED_BREAKOUT,2022-12-14,2022,2022-H2,LONG,2022-12-14T15:04:38+00:00,11898.0,60.0,48.0,44.0,0.7333333333333333,-21.0,STOP,True,56.0,0.9333333333333333,TARGET,2022-12-14T15:04:37+00:00
IB30_ACCEPTED_BREAKOUT,2022-12-15,2022,2022-H2,SHORT,2022-12-15T15:00:57+00:00,11446.25,60.0,53.0,49.0,0.8166666666666667,-30.0,STOP,True,56.0,0.9333333333333333,TARGET,2022-12-15T15:00:56+00:00
IB30_ACCEPTED_BREAKOUT,2022-12-19,2022,2022-H2,SHORT,2022-12-19T15:02:38+00:00,11253.0,60.0,31.0,27.0,0.45,-35.0,STOP,True,56.0,0.9333333333333333,TARGET,2022-12-19T15:02:37+00:00
IB30_ACCEPTED_BREAKOUT,2022-12-20,2022,2022-H2,LONG,2022-12-20T15:00:27+00:00,11179.0,60.0,41.0,37.0,0.6166666666666667,-32.0,STOP,True,56.0,0.9333333333333333,TARGET,2022-12-20T15:00:26+00:00
IB30_ACCEPTED_BREAKOUT,2022-12-21,2022,2022-H2,LONG,2022-12-21T15:08:06+00:00,11275.5,60.0,23.0,19.0,0.31666666666666665,-1.0,STOP,True,56.0,0.9333333333333333,TARGET,2022-12-21T15:08:05+00:00
IB30_ACCEPTED_BREAKOUT,2022-12-22,2022,2022-H2,SHORT,2022-12-22T15:01:36+00:00,11087.75,60.0,120.0,116.0,1.9333333333333333,-3.0,TARGET,True,56.0,0.9333333333333333,TARGET,2022-12-22T15:01:35+00:00
IB30_ACCEPTED_BREAKOUT,2022-12-23,2022,2022-H2,SHORT,2022-12-23T15:06:31+00:00,10919.25,60.0,-60.0,-64.0,-1.0666666666666667,-61.0,STOP,False,-64.0,-1.0666666666666667,STOP,2022-12-23T15:06:30+00:00
IB30_ACCEPTED_BREAKOUT,2022-12-27,2022,2022-H2,SHORT,2022-12-27T15:02:35+00:00,10904.0,60.0,-60.0,-64.0,-1.0666666666666667,-63.0,STOP,False,-64.0,-1.0666666666666667,STOP,2022-12-27T15:02:34+00:00
IB30_ACCEPTED_BREAKOUT,2022-12-28,2022,2022-H2,SHORT,2022-12-28T15:55:41+00:00,10860.75,60.0,120.0,116.0,1.9333333333333333,-10.0,TARGET,True,56.0,0.9333333333333333,TARGET,2022-12-28T15:55:40+00:00
IB30_ACCEPTED_BREAKOUT,2022-12-29,2022,2022-H2,LONG,2022-12-29T15:00:04+00:00,10978.25,60.0,-60.0,-64.0,-1.0666666666666667,-69.0,STOP,False,-64.0,-1.0666666666666667,STOP,2022-12-29T15:00:03+00:00
IB30_ACCEPTED_BREAKOUT,2022-12-30,2022,2022-H2,LONG,2022-12-30T15:47:52+00:00,10950.25,60.0,24.0,20.0,0.3333333333333333,-1.0,STOP,True,56.0,0.9333333333333333,TARGET,2022-12-30T15:47:51+00:00
IB30_ACCEPTED_BREAKOUT,2023-01-03,2023,2023-H1,SHORT,2023-01-03T15:02:07+00:00,10990.75,60.0,32.0,28.0,0.4666666666666667,-58.0,STOP,True,56.0,0.9333333333333333,TARGET,2023-01-03T15:02:06+00:00
IB30_ACCEPTED_BREAKOUT,2023-01-04,2023,2023-H1,SHORT,2023-01-04T15:00:10+00:00,10945.5,60.0,10.0,6.0,0.1,-18.0,STOP,True,56.0,0.9333333333333333,TARGET,2023-01-04T15:00:09+00:00
IB30_ACCEPTED_BREAKOUT,2023-01-06,2023,2023-H1,LONG,2023-01-06T15:36:09+00:00,10946.75,60.0,38.0,34.0,0.5666666666666667,-42.0,STOP,True,56.0,0.9333333333333333,TARGET,2023-01-06T15:36:08+00:00
IB30_ACCEPTED_BREAKOUT,2023-01-09,2023,2023-H1,LONG,2023-01-09T15:00:02+00:00,11316.75,60.0,-60.0,-64.0,-1.0666666666666667,-64.0,STOP,False,-64.0,-1.0666666666666667,STOP,2023-01-09T15:00:01+00:00
IB30_ACCEPTED_BREAKOUT,2023-01-10,2023,2023-H1,LONG,2023-01-10T15:12:24+00:00,11259.25,60.0,36.0,32.0,0.5333333333333333,-39.0,STOP,True,56.0,0.9333333333333333,TARGET,2023-01-10T15:12:23+00:00
IB30_ACCEPTED_BREAKOUT,2023-01-11,2023,2023-H1,LONG,2023-01-11T15:10:21+00:00,11364.25,60.0,-60.0,-64.0,-1.0666666666666667,-61.0,STOP,False,-64.0,-1.0666666666666667,STOP,2023-01-11T15:10:20+00:00
IB30_ACCEPTED_BREAKOUT,2023-01-13,2023,2023-H1,LONG,2023-01-13T15:00:13+00:00,11489.25,60.0,-60.0,-64.0,-1.0666666666666667,-63.0,STOP,False,-64.0,-1.0666666666666667,STOP,2023-01-13T15:00:12+00:00
IB30_ACCEPTED_BREAKOUT,2023-01-17,2023,2023-H1,LONG,2023-01-17T15:00:21+00:00,11634.25,60.0,120.0,116.0,1.9333333333333333,-16.0,TARGET,True,56.0,0.9333333333333333,TARGET,2023-01-17T15:00:20+00:00
IB30_ACCEPTED_BREAKOUT,2023-01-18,2023,2023-H1,LONG,2023-01-18T15:00:02+00:00,11738.5,60.0,24.0,20.0,0.3333333333333333,-44.0,STOP,True,56.0,0.9333333333333333,TARGET,2023-01-18T15:00:01+00:00
IB30_ACCEPTED_BREAKOUT,2023-01-19,2023,2023-H1,SHORT,2023-01-19T15:46:13+00:00,11342.5,60.0,-60.0,-64.0,-1.0666666666666667,-63.0,STOP,False,-64.0,-1.0666666666666667,STOP,2023-01-19T15:46:12+00:00
IB30_ACCEPTED_BREAKOUT,2023-01-20,2023,2023-H1,LONG,2023-01-20T15:06:31+00:00,11475.5,60.0,-60.0,-64.0,-1.0666666666666667,-60.0,STOP,False,-64.0,-1.0666666666666667,STOP,2023-01-20T15:06:30+00:00
IB30_ACCEPTED_BREAKOUT,2023-01-23,2023,2023-H1,LONG,2023-01-23T15:00:52+00:00,11822.5,60.0,-60.0,-64.0,-1.0666666666666667,-61.0,STOP,False,-64.0,-1.0666666666666667,STOP,2023-01-23T15:00:51+00:00
IB30_ACCEPTED_BREAKOUT,2023-01-24,2023,2023-H1,SHORT,2023-01-24T15:06:02+00:00,11839.0,60.0,-60.0,-64.0,-1.0666666666666667,-63.0,STOP,False,-64.0,-1.0666666666666667,STOP,2023-01-24T15:06:01+00:00
IB30_ACCEPTED_BREAKOUT,2023-01-25,2023,2023-H1,SHORT,2023-01-25T15:00:02+00:00,11620.0,60.0,-60.0,-64.0,-1.0666666666666667,-65.0,STOP,False,-64.0,-1.0666666666666667,STOP,2023-01-25T15:00:01+00:00
IB30_ACCEPTED_BREAKOUT,2023-01-26,2023,2023-H1,SHORT,2023-01-26T15:54:29+00:00,11937.75,60.0,120.0,116.0,1.9333333333333333,-23.0,TARGET,True,56.0,0.9333333333333333,TARGET,2023-01-26T15:54:28+00:00
IB30_ACCEPTED_BREAKOUT,2023-01-27,2023,2023-H1,LONG,2023-01-27T15:02:08+00:00,12151.25,60.0,120.0,116.0,1.9333333333333333,-45.0,TARGET,True,56.0,0.9333333333333333,TARGET,2023-01-27T15:02:07+00:00
IB30_ACCEPTED_BREAKOUT,2023-01-30,2023,2023-H1,LONG,2023-01-30T15:01:48+00:00,12136.0,60.0,-60.0,-64.0,-1.0666666666666667,-62.0,STOP,False,-64.0,-1.0666666666666667,STOP,2023-01-30T15:01:47+00:00
IB30_ACCEPTED_BREAKOUT,2023-01-31,2023,2023-H1,LONG,2023-01-31T15:29:28+00:00,12057.0,60.0,47.0,43.0,0.7166666666666667,-40.0,STOP,True,56.0,0.9333333333333333,TARGET,2023-01-31T15:29:27+00:00
IB30_ACCEPTED_BREAKOUT,2023-02-01,2023,2023-H1,SHORT,2023-02-01T15:51:13+00:00,12097.25,60.0,22.0,18.0,0.3,-27.0,STOP,True,56.0,0.9333333333333333,TARGET,2023-02-01T15:51:12+00:00
IB30_ACCEPTED_BREAKOUT,2023-02-02,2023,2023-H1,SHORT,2023-02-02T15:00:07+00:00,12664.0,60.0,7.0,3.0,0.05,-21.0,STOP,True,56.0,0.9333333333333333,TARGET,2023-02-02T15:00:06+00:00
IB30_ACCEPTED_BREAKOUT,2023-02-03,2023,2023-H1,LONG,2023-02-03T15:14:51+00:00,12756.5,60.0,-60.0,-64.0,-1.0666666666666667,-63.0,STOP,False,-64.0,-1.0666666666666667,STOP,2023-02-03T15:14:50+00:00
IB30_ACCEPTED_BREAKOUT,2023-02-06,2023,2023-H1,LONG,2023-02-06T15:01:20+00:00,12575.25,60.0,-60.0,-64.0,-1.0666666666666667,-63.0,STOP,False,-64.0,-1.0666666666666667,STOP,2023-02-06T15:01:19+00:00
IB30_ACCEPTED_BREAKOUT,2023-02-07,2023,2023-H1,SHORT,2023-02-07T15:00:37+00:00,12484.75,60.0,-60.0,-64.0,-1.0666666666666667,-64.0,STOP,False,-64.0,-1.0666666666666667,STOP,2023-02-07T15:00:36+00:00
IB30_ACCEPTED_BREAKOUT,2023-02-08,2023,2023-H1,SHORT,2023-02-08T15:06:44+00:00,12657.75,60.0,-60.0,-64.0,-1.0666666666666667,-61.0,STOP,False,-64.0,-1.0666666666666667,STOP,2023-02-08T15:06:43+00:00
IB30_ACCEPTED_BREAKOUT,2023-02-09,2023,2023-H1,SHORT,2023-02-09T15:27:17+00:00,12626.25,60.0,-60.0,-64.0,-1.0666666666666667,-65.0,STOP,False,-64.0,-1.0666666666666667,STOP,2023-02-09T15:27:16+00:00
IB30_ACCEPTED_BREAKOUT,2023-02-10,2023,2023-H1,SHORT,2023-02-10T15:00:25+00:00,12307.25,60.0,-60.0,-64.0,-1.0666666666666667,-64.0,STOP,False,-64.0,-1.0666666666666667,STOP,2023-02-10T15:00:24+00:00
IB30_ACCEPTED_BREAKOUT,2023-02-13,2023,2023-H1,LONG,2023-02-13T15:00:02+00:00,12467.5,60.0,-60.0,-64.0,-1.0666666666666667,-60.0,STOP,False,-64.0,-1.0666666666666667,STOP,2023-02-13T15:00:01+00:00
IB30_ACCEPTED_BREAKOUT,2023-02-14,2023,2023-H1,LONG,2023-02-14T15:00:11+00:00,12603.75,60.0,120.0,116.0,1.9333333333333333,-55.0,TARGET,True,56.0,0.9333333333333333,TARGET,2023-02-14T15:00:10+00:00
IB30_ACCEPTED_BREAKOUT,2023-02-15,2023,2023-H1,SHORT,2023-02-15T15:07:15+00:00,12540.0,60.0,-60.0,-64.0,-1.0666666666666667,-70.0,STOP,False,-64.0,-1.0666666666666667,STOP,2023-02-15T15:07:14+00:00
IB30_ACCEPTED_BREAKOUT,2023-02-16,2023,2023-H1,LONG,2023-02-16T15:11:19+00:00,12593.75,60.0,-60.0,-64.0,-1.0666666666666667,-61.0,STOP,False,-64.0,-1.0666666666666667,STOP,2023-02-16T15:11:18+00:00
IB30_ACCEPTED_BREAKOUT,2023-02-21,2023,2023-H1,SHORT,2023-02-21T15:05:16+00:00,12211.75,60.0,-60.0,-64.0,-1.0666666666666667,-61.0,STOP,False,-64.0,-1.0666666666666667,STOP,2023-02-21T15:05:15+00:00
IB30_ACCEPTED_BREAKOUT,2023-02-22,2023,2023-H1,SHORT,2023-02-22T15:00:18+00:00,12112.25,60.0,25.0,21.0,0.35,-31.0,STOP,True,56.0,0.9333333333333333,TARGET,2023-02-22T15:00:17+00:00
IB30_ACCEPTED_BREAKOUT,2023-02-23,2023,2023-H1,SHORT,2023-02-23T15:06:37+00:00,12197.0,60.0,46.0,42.0,0.7,-12.0,STOP,True,56.0,0.9333333333333333,TARGET,2023-02-23T15:06:36+00:00
IB30_ACCEPTED_BREAKOUT,2023-02-24,2023,2023-H1,SHORT,2023-02-24T15:07:48+00:00,11954.25,60.0,13.0,9.0,0.15,-41.0,STOP,True,56.0,0.9333333333333333,TARGET,2023-02-24T15:07:47+00:00
IB30_ACCEPTED_BREAKOUT,2023-02-27,2023,2023-H1,LONG,2023-02-27T15:03:35+00:00,12153.5,60.0,120.0,116.0,1.9333333333333333,-14.0,TARGET,True,56.0,0.9333333333333333,TARGET,2023-02-27T15:03:34+00:00
IB30_ACCEPTED_BREAKOUT,2023-02-28,2023,2023-H1,LONG,2023-02-28T15:01:03+00:00,12115.0,60.0,-60.0,-64.0,-1.0666666666666667,-60.0,STOP,False,-64.0,-1.0666666666666667,STOP,2023-02-28T15:01:02+00:00
IB30_ACCEPTED_BREAKOUT,2023-03-01,2023,2023-H1,SHORT,2023-03-01T15:05:44+00:00,12001.75,60.0,47.0,43.0,0.7166666666666667,-10.0,STOP,True,56.0,0.9333333333333333,TARGET,2023-03-01T15:05:43+00:00
IB30_ACCEPTED_BREAKOUT,2023-03-02,2023,2023-H1,LONG,2023-03-02T15:01:18+00:00,11913.5,60.0,11.0,7.0,0.11666666666666667,-8.0,STOP,True,56.0,0.9333333333333333,TARGET,2023-03-02T15:01:17+00:00
IB30_ACCEPTED_BREAKOUT,2023-03-03,2023,2023-H1,LONG,2023-03-03T15:15:14+00:00,12200.25,60.0,38.0,34.0,0.5666666666666667,-36.0,STOP,True,56.0,0.9333333333333333,TARGET,2023-03-03T15:15:13+00:00
IB30_ACCEPTED_BREAKOUT,2023-03-06,2023,2023-H1,LONG,2023-03-06T15:08:44+00:00,12400.25,60.0,120.0,116.0,1.9333333333333333,-41.0,TARGET,True,56.0,0.9333333333333333,TARGET,2023-03-06T15:08:43+00:00
IB30_ACCEPTED_BREAKOUT,2023-03-07,2023,2023-H1,SHORT,2023-03-07T15:00:09+00:00,12304.25,60.0,15.0,11.0,0.18333333333333332,-49.0,STOP,True,56.0,0.9333333333333333,TARGET,2023-03-07T15:00:08+00:00
IB30_ACCEPTED_BREAKOUT,2023-03-08,2023,2023-H1,SHORT,2023-03-08T15:00:10+00:00,12151.75,60.0,43.0,39.0,0.65,-35.0,STOP,True,56.0,0.9333333333333333,TARGET,2023-03-08T15:00:09+00:00
IB30_ACCEPTED_BREAKOUT,2023-03-09,2023,2023-H1,LONG,2023-03-09T15:03:19+00:00,12341.75,60.0,-60.0,-64.0,-1.0666666666666667,-61.0,STOP,False,-64.0,-1.0666666666666667,STOP,2023-03-09T15:03:18+00:00
IB30_ACCEPTED_BREAKOUT,2023-03-13,2023,2023-H1,LONG,2023-03-13T14:08:19+00:00,11924.25,60.0,37.0,33.0,0.55,-13.0,STOP,True,56.0,0.9333333333333333,TARGET,2023-03-13T14:08:18+00:00
IB30_ACCEPTED_BREAKOUT,2023-03-14,2023,2023-H1,LONG,2023-03-14T14:22:51+00:00,12161.25,60.0,120.0,116.0,1.9333333333333333,-37.0,TARGET,True,56.0,0.9333333333333333,TARGET,2023-03-14T14:22:50+00:00
IB30_ACCEPTED_BREAKOUT,2023-03-15,2023,2023-H1,SHORT,2023-03-15T14:01:26+00:00,12068.75,60.0,-60.0,-64.0,-1.0666666666666667,-91.0,STOP,False,-64.0,-1.0666666666666667,STOP,2023-03-15T14:01:25+00:00
IB30_ACCEPTED_BREAKOUT,2023-03-16,2023,2023-H1,LONG,2023-03-16T14:00:11+00:00,12292.5,60.0,-60.0,-64.0,-1.0666666666666667,-60.0,STOP,False,-64.0,-1.0666666666666667,STOP,2023-03-16T14:00:10+00:00
IB30_ACCEPTED_BREAKOUT,2023-03-20,2023,2023-H1,LONG,2023-03-20T14:50:00+00:00,12635.0,60.0,-60.0,-64.0,-1.0666666666666667,-60.0,STOP,False,-64.0,-1.0666666666666667,STOP,2023-03-20T14:49:59+00:00
IB30_ACCEPTED_BREAKOUT,2023-03-21,2023,2023-H1,LONG,2023-03-21T14:00:02+00:00,12823.75,60.0,-60.0,-64.0,-1.0666666666666667,-113.0,STOP,False,-64.0,-1.0666666666666667,STOP,2023-03-21T14:00:01+00:00
IB30_ACCEPTED_BREAKOUT,2023-03-22,2023,2023-H1,LONG,2023-03-22T14:21:02+00:00,12898.0,60.0,120.0,116.0,1.9333333333333333,-20.0,TARGET,True,56.0,0.9333333333333333,TARGET,2023-03-22T14:21:01+00:00
IB30_ACCEPTED_BREAKOUT,2023-03-23,2023,2023-H1,LONG,2023-03-23T14:00:07+00:00,12899.5,60.0,22.0,18.0,0.3,-10.0,STOP,True,56.0,0.9333333333333333,TARGET,2023-03-23T14:00:06+00:00
IB30_ACCEPTED_BREAKOUT,2023-03-27,2023,2023-H1,SHORT,2023-03-27T14:30:42+00:00,12877.25,60.0,-60.0,-64.0,-1.0666666666666667,-60.0,STOP,False,-64.0,-1.0666666666666667,STOP,2023-03-27T14:30:41+00:00
IB30_ACCEPTED_BREAKOUT,2023-03-28,2023,2023-H1,SHORT,2023-03-28T14:00:38+00:00,12674.0,60.0,-60.0,-64.0,-1.0666666666666667,-62.0,STOP,False,-64.0,-1.0666666666666667,STOP,2023-03-28T14:00:37+00:00
IB30_ACCEPTED_BREAKOUT,2023-03-29,2023,2023-H1,LONG,2023-03-29T14:04:33+00:00,12931.75,60.0,-60.0,-64.0,-1.0666666666666667,-89.0,STOP,False,-64.0,-1.0666666666666667,STOP,2023-03-29T14:04:32+00:00
IB30_ACCEPTED_BREAKOUT,2023-03-30,2023,2023-H1,LONG,2023-03-30T14:00:02+00:00,13082.75,60.0,-60.0,-64.0,-1.0666666666666667,-72.0,STOP,False,-64.0,-1.0666666666666667,STOP,2023-03-30T14:00:01+00:00
IB30_ACCEPTED_BREAKOUT,2023-03-31,2023,2023-H1,LONG,2023-03-31T14:22:23+00:00,13155.0,60.0,120.0,116.0,1.9333333333333333,-56.0,TARGET,True,56.0,0.9333333333333333,TARGET,2023-03-31T14:22:22+00:00
IB30_ACCEPTED_BREAKOUT,2023-04-03,2023,2023-H1,LONG,2023-04-03T14:22:53+00:00,13263.25,60.0,-60.0,-64.0,-1.0666666666666667,-60.0,STOP,False,-64.0,-1.0666666666666667,STOP,2023-04-03T14:22:52+00:00
IB30_ACCEPTED_BREAKOUT,2023-04-04,2023,2023-H1,LONG,2023-04-04T14:00:03+00:00,13300.0,60.0,-60.0,-64.0,-1.0666666666666667,-76.0,STOP,False,-64.0,-1.0666666666666667,STOP,2023-04-04T14:00:02+00:00
IB30_ACCEPTED_BREAKOUT,2023-04-05,2023,2023-H1,SHORT,2023-04-05T14:04:29+00:00,13117.5,60.0,4.0,0.0,0.0,-31.0,STOP,True,56.0,0.9333333333333333,TARGET,2023-04-05T14:04:28+00:00
IB30_ACCEPTED_BREAKOUT,2023-04-06,2023,2023-H1,LONG,2023-04-06T14:02:39+00:00,13015.0,60.0,-60.0,-64.0,-1.0666666666666667,-63.0,STOP,False,-64.0,-1.0666666666666667,STOP,2023-04-06T14:02:38+00:00
IB30_ACCEPTED_BREAKOUT,2023-04-11,2023,2023-H1,SHORT,2023-04-11T14:12:16+00:00,13090.75,60.0,29.0,25.0,0.4166666666666667,-28.0,STOP,True,56.0,0.9333333333333333,TARGET,2023-04-11T14:12:15+00:00
IB30_ACCEPTED_BREAKOUT,2023-04-12,2023,2023-H1,SHORT,2023-04-12T14:55:19+00:00,13032.25,60.0,45.0,41.0,0.6833333333333333,-3.0,STOP,True,56.0,0.9333333333333333,TARGET,2023-04-12T14:55:18+00:00
IB30_ACCEPTED_BREAKOUT,2023-04-13,2023,2023-H1,LONG,2023-04-13T14:05:05+00:00,13084.5,60.0,22.0,18.0,0.3,-23.0,STOP,True,56.0,0.9333333333333333,TARGET,2023-04-13T14:05:04+00:00
IB30_ACCEPTED_BREAKOUT,2023-04-14,2023,2023-H1,LONG,2023-04-14T14:04:23+00:00,13254.5,60.0,-60.0,-64.0,-1.0666666666666667,-67.0,STOP,False,-64.0,-1.0666666666666667,STOP,2023-04-14T14:04:22+00:00
IB30_ACCEPTED_BREAKOUT,2023-04-17,2023,2023-H1,SHORT,2023-04-17T14:06:22+00:00,13139.25,60.0,-60.0,-64.0,-1.0666666666666667,-60.0,STOP,False,-64.0,-1.0666666666666667,STOP,2023-04-17T14:06:21+00:00
IB30_ACCEPTED_BREAKOUT,2023-04-18,2023,2023-H1,SHORT,2023-04-18T14:01:35+00:00,13241.0,60.0,120.0,116.0,1.9333333333333333,-9.0,TARGET,True,56.0,0.9333333333333333,TARGET,2023-04-18T14:01:34+00:00
IB30_ACCEPTED_BREAKOUT,2023-04-19,2023,2023-H1,LONG,2023-04-19T14:39:53+00:00,13134.25,60.0,46.0,42.0,0.7,-40.0,STOP,True,56.0,0.9333333333333333,TARGET,2023-04-19T14:39:52+00:00
IB30_ACCEPTED_BREAKOUT,2023-04-20,2023,2023-H1,LONG,2023-04-20T14:00:19+00:00,13127.0,60.0,-60.0,-64.0,-1.0666666666666667,-60.0,STOP,False,-64.0,-1.0666666666666667,STOP,2023-04-20T14:00:18+00:00
IB30_ACCEPTED_BREAKOUT,2023-04-21,2023,2023-H1,SHORT,2023-04-21T14:00:32+00:00,12993.25,60.0,-60.0,-64.0,-1.0666666666666667,-60.0,STOP,False,-64.0,-1.0666666666666667,STOP,2023-04-21T14:00:31+00:00
IB30_ACCEPTED_BREAKOUT,2023-04-24,2023,2023-H1,SHORT,2023-04-24T14:36:31+00:00,13052.25,60.0,120.0,116.0,1.9333333333333333,-6.0,TARGET,True,56.0,0.9333333333333333,TARGET,2023-04-24T14:36:30+00:00
IB30_ACCEPTED_BREAKOUT,2023-04-25,2023,2023-H1,SHORT,2023-04-25T14:07:44+00:00,12963.75,60.0,32.0,28.0,0.4666666666666667,-39.0,STOP,True,56.0,0.9333333333333333,TARGET,2023-04-25T14:07:43+00:00
IB30_ACCEPTED_BREAKOUT,2023-04-26,2023,2023-H1,LONG,2023-04-26T14:06:55+00:00,12966.0,60.0,-60.0,-64.0,-1.0666666666666667,-64.0,STOP,False,-64.0,-1.0666666666666667,STOP,2023-04-26T14:06:54+00:00
IB30_ACCEPTED_BREAKOUT,2023-04-27,2023,2023-H1,LONG,2023-04-27T14:13:54+00:00,13064.75,60.0,49.0,45.0,0.75,-12.0,STOP,True,56.0,0.9333333333333333,TARGET,2023-04-27T14:13:53+00:00
IB30_ACCEPTED_BREAKOUT,2023-04-28,2023,2023-H1,LONG,2023-04-28T14:09:09+00:00,13244.5,60.0,120.0,116.0,1.9333333333333333,-10.0,TARGET,True,56.0,0.9333333333333333,TARGET,2023-04-28T14:09:08+00:00
IB30_ACCEPTED_BREAKOUT,2023-05-01,2023,2023-H1,SHORT,2023-05-01T14:01:13+00:00,13284.75,60.0,-60.0,-64.0,-1.0666666666666667,-66.0,STOP,False,-64.0,-1.0666666666666667,STOP,2023-05-01T14:01:12+00:00
IB30_ACCEPTED_BREAKOUT,2023-05-02,2023,2023-H1,SHORT,2023-05-02T14:05:07+00:00,13264.25,60.0,-60.0,-64.0,-1.0666666666666667,-61.0,STOP,False,-64.0,-1.0666666666666667,STOP,2023-05-02T14:05:06+00:00
IB30_ACCEPTED_BREAKOUT,2023-05-04,2023,2023-H1,SHORT,2023-05-04T14:17:19+00:00,13026.0,60.0,5.0,1.0,0.016666666666666666,-10.0,STOP,True,56.0,0.9333333333333333,TARGET,2023-05-04T14:17:18+00:00
IB30_ACCEPTED_BREAKOUT,2023-05-05,2023,2023-H1,LONG,2023-05-05T14:00:02+00:00,13194.5,60.0,120.0,116.0,1.9333333333333333,-8.0,TARGET,True,56.0,0.9333333333333333,TARGET,2023-05-05T14:00:01+00:00
IB30_ACCEPTED_BREAKOUT,2023-05-08,2023,2023-H1,SHORT,2023-05-08T14:34:43+00:00,13258.75,60.0,-60.0,-64.0,-1.0666666666666667,-60.0,STOP,False,-64.0,-1.0666666666666667,STOP,2023-05-08T14:34:42+00:00
IB30_ACCEPTED_BREAKOUT,2023-05-09,2023,2023-H1,LONG,2023-05-09T14:00:04+00:00,13312.75,60.0,-60.0,-64.0,-1.0666666666666667,-60.0,STOP,False,-64.0,-1.0666666666666667,STOP,2023-05-09T14:00:03+00:00
IB30_ACCEPTED_BREAKOUT,2023-05-10,2023,2023-H1,LONG,2023-05-10T14:04:08+00:00,13419.25,60.0,-60.0,-64.0,-1.0666666666666667,-62.0,STOP,False,-64.0,-1.0666666666666667,STOP,2023-05-10T14:04:07+00:00
IB30_ACCEPTED_BREAKOUT,2023-05-11,2023,2023-H1,SHORT,2023-05-11T14:33:36+00:00,13370.25,60.0,-60.0,-64.0,-1.0666666666666667,-61.0,STOP,False,-64.0,-1.0666666666666667,STOP,2023-05-11T14:33:35+00:00
IB30_ACCEPTED_BREAKOUT,2023-05-12,2023,2023-H1,SHORT,2023-05-12T14:01:03+00:00,13437.75,60.0,6.0,2.0,0.03333333333333333,-7.0,STOP,True,56.0,0.9333333333333333,TARGET,2023-05-12T14:01:02+00:00
IB30_ACCEPTED_BREAKOUT,2023-05-15,2023,2023-H1,SHORT,2023-05-15T14:06:24+00:00,13373.0,60.0,26.0,22.0,0.36666666666666664,-1.0,STOP,True,56.0,0.9333333333333333,TARGET,2023-05-15T14:06:23+00:00
IB30_ACCEPTED_BREAKOUT,2023-05-16,2023,2023-H1,LONG,2023-05-16T14:56:06+00:00,13516.75,60.0,8.0,4.0,0.06666666666666667,-10.0,STOP,True,56.0,0.9333333333333333,TARGET,2023-05-16T14:56:05+00:00
IB30_ACCEPTED_BREAKOUT,2023-05-18,2023,2023-H1,LONG,2023-05-18T14:06:14+00:00,13719.5,60.0,32.0,28.0,0.4666666666666667,-14.0,STOP,True,56.0,0.9333333333333333,TARGET,2023-05-18T14:06:13+00:00
IB30_ACCEPTED_BREAKOUT,2023-05-19,2023,2023-H1,SHORT,2023-05-19T14:02:34+00:00,13877.0,60.0,4.0,0.0,0.0,-1.0,STOP,True,56.0,0.9333333333333333,TARGET,2023-05-19T14:02:33+00:00
IB30_ACCEPTED_BREAKOUT,2023-05-24,2023,2023-H1,SHORT,2023-05-24T14:04:19+00:00,13619.0,60.0,10.0,6.0,0.1,-9.0,STOP,True,56.0,0.9333333333333333,TARGET,2023-05-24T14:04:18+00:00
IB30_ACCEPTED_BREAKOUT,2023-05-26,2023,2023-H1,LONG,2023-05-26T14:00:17+00:00,14127.25,60.0,7.0,3.0,0.05,-26.0,STOP,True,56.0,0.9333333333333333,TARGET,2023-05-26T14:00:16+00:00
IB30_ACCEPTED_BREAKOUT,2023-05-30,2023,2023-H1,SHORT,2023-05-30T14:00:43+00:00,14423.75,60.0,35.0,31.0,0.5166666666666667,-30.0,STOP,True,56.0,0.9333333333333333,TARGET,2023-05-30T14:00:42+00:00
IB30_ACCEPTED_BREAKOUT,2023-05-31,2023,2023-H1,SHORT,2023-05-31T14:14:44+00:00,14323.75,60.0,52.0,48.0,0.8,-49.0,STOP,True,56.0,0.9333333333333333,TARGET,2023-05-31T14:14:43+00:00
IB30_ACCEPTED_BREAKOUT,2023-06-01,2023,2023-H1,LONG,2023-06-01T14:00:24+00:00,14329.0,60.0,-60.0,-64.0,-1.0666666666666667,-67.0,STOP,False,-64.0,-1.0666666666666667,STOP,2023-06-01T14:00:23+00:00
IB30_ACCEPTED_BREAKOUT,2023-06-02,2023,2023-H1,SHORT,2023-06-02T14:01:37+00:00,14472.5,60.0,-60.0,-64.0,-1.0666666666666667,-65.0,STOP,False,-64.0,-1.0666666666666667,STOP,2023-06-02T14:01:36+00:00
IB30_ACCEPTED_BREAKOUT,2023-06-05,2023,2023-H1,LONG,2023-06-05T14:46:42+00:00,14654.75,60.0,-60.0,-64.0,-1.0666666666666667,-61.0,STOP,False,-64.0,-1.0666666666666667,STOP,2023-06-05T14:46:41+00:00
IB30_ACCEPTED_BREAKOUT,2023-06-06,2023,2023-H1,LONG,2023-06-06T14:10:54+00:00,14564.5,60.0,-60.0,-64.0,-1.0666666666666667,-66.0,STOP,False,-64.0,-1.0666666666666667,STOP,2023-06-06T14:10:53+00:00
IB30_ACCEPTED_BREAKOUT,2023-06-07,2023,2023-H1,SHORT,2023-06-07T14:15:12+00:00,14590.5,60.0,11.0,7.0,0.11666666666666667,-4.0,STOP,True,56.0,0.9333333333333333,TARGET,2023-06-07T14:15:11+00:00
IB30_ACCEPTED_BREAKOUT,2023-06-08,2023,2023-H1,LONG,2023-06-08T14:05:30+00:00,14400.5,60.0,-60.0,-64.0,-1.0666666666666667,-60.0,STOP,False,-64.0,-1.0666666666666667,STOP,2023-06-08T14:05:29+00:00
IB30_ACCEPTED_BREAKOUT,2023-06-09,2023,2023-H1,LONG,2023-06-09T14:02:16+00:00,14669.25,60.0,-60.0,-64.0,-1.0666666666666667,-65.0,STOP,False,-64.0,-1.0666666666666667,STOP,2023-06-09T14:02:15+00:00
IB30_ACCEPTED_BREAKOUT,2023-06-12,2023,2023-H1,SHORT,2023-06-12T14:05:21+00:00,14595.75,60.0,-60.0,-64.0,-1.0666666666666667,-60.0,STOP,False,-64.0,-1.0666666666666667,STOP,2023-06-12T14:05:20+00:00
IB30_ACCEPTED_BREAKOUT,2023-06-13,2023,2023-H1,SHORT,2023-06-13T14:07:11+00:00,14823.5,60.0,10.0,6.0,0.1,-37.0,STOP,True,56.0,0.9333333333333333,TARGET,2023-06-13T14:07:10+00:00
IB30_ACCEPTED_BREAKOUT,2023-06-14,2023,2023-H1,LONG,2023-06-14T14:04:57+00:00,14939.5,60.0,22.0,18.0,0.3,-9.0,STOP,True,56.0,0.9333333333333333,TARGET,2023-06-14T14:04:56+00:00
IB30_ACCEPTED_BREAKOUT,2023-06-15,2023,2023-H1,LONG,2023-06-15T14:05:08+00:00,15039.75,60.0,-60.0,-64.0,-1.0666666666666667,-60.0,STOP,False,-64.0,-1.0666666666666667,STOP,2023-06-15T14:05:06+00:00
IB30_ACCEPTED_BREAKOUT,2023-06-20,2023,2023-H1,SHORT,2023-06-20T14:15:11+00:00,15201.5,60.0,9.0,5.0,0.08333333333333333,-11.0,STOP,True,56.0,0.9333333333333333,TARGET,2023-06-20T14:15:10+00:00
IB30_ACCEPTED_BREAKOUT,2023-06-21,2023,2023-H1,SHORT,2023-06-21T14:00:48+00:00,15114.0,60.0,120.0,116.0,1.9333333333333333,-11.0,TARGET,True,56.0,0.9333333333333333,TARGET,2023-06-21T14:00:47+00:00
IB30_ACCEPTED_BREAKOUT,2023-06-22,2023,2023-H1,LONG,2023-06-22T14:11:26+00:00,15099.5,60.0,120.0,116.0,1.9333333333333333,-4.0,TARGET,True,56.0,0.9333333333333333,TARGET,2023-06-22T14:11:25+00:00
IB30_ACCEPTED_BREAKOUT,2023-06-26,2023,2023-H1,LONG,2023-06-26T14:01:38+00:00,15141.0,60.0,-60.0,-64.0,-1.0666666666666667,-60.0,STOP,False,-64.0,-1.0666666666666667,STOP,2023-06-26T14:01:37+00:00
IB30_ACCEPTED_BREAKOUT,2023-06-27,2023,2023-H1,LONG,2023-06-27T14:00:30+00:00,14975.5,60.0,-60.0,-64.0,-1.0666666666666667,-74.0,STOP,False,-64.0,-1.0666666666666667,STOP,2023-06-27T14:00:29+00:00
IB30_ACCEPTED_BREAKOUT,2023-06-28,2023,2023-H1,LONG,2023-06-28T14:18:59+00:00,15112.0,60.0,13.0,9.0,0.15,-35.0,STOP,True,56.0,0.9333333333333333,TARGET,2023-06-28T14:18:58+00:00
IB30_ACCEPTED_BREAKOUT,2023-06-29,2023,2023-H1,SHORT,2023-06-29T14:07:44+00:00,15076.0,60.0,30.0,26.0,0.43333333333333335,-12.0,STOP,True,56.0,0.9333333333333333,TARGET,2023-06-29T14:07:43+00:00
IB30_ACCEPTED_BREAKOUT,2023-06-30,2023,2023-H1,LONG,2023-06-30T14:05:39+00:00,15333.0,60.0,-60.0,-64.0,-1.0666666666666667,-64.0,STOP,False,-64.0,-1.0666666666666667,STOP,2023-06-30T14:05:38+00:00
IB30_ACCEPTED_BREAKOUT,2023-07-03,2023,2023-H2,SHORT,2023-07-03T14:32:19+00:00,15336.5,60.0,29.0,25.0,0.4166666666666667,-43.0,STOP,True,56.0,0.9333333333333333,TARGET,2023-07-03T14:32:18+00:00
IB30_ACCEPTED_BREAKOUT,2023-07-05,2023,2023-H2,LONG,2023-07-05T14:02:29+00:00,15397.0,60.0,-60.0,-64.0,-1.0666666666666667,-64.0,STOP,False,-64.0,-1.0666666666666667,STOP,2023-07-05T14:02:28+00:00
IB30_ACCEPTED_BREAKOUT,2023-07-06,2023,2023-H2,SHORT,2023-07-06T14:02:28+00:00,15128.25,60.0,7.0,3.0,0.05,-55.0,STOP,True,56.0,0.9333333333333333,TARGET,2023-07-06T14:02:27+00:00
IB30_ACCEPTED_BREAKOUT,2023-07-07,2023,2023-H2,LONG,2023-07-07T14:07:10+00:00,15277.75,60.0,-60.0,-64.0,-1.0666666666666667,-64.0,STOP,False,-64.0,-1.0666666666666667,STOP,2023-07-07T14:07:09+00:00
IB30_ACCEPTED_BREAKOUT,2023-07-11,2023,2023-H2,SHORT,2023-07-11T14:04:50+00:00,15138.5,60.0,49.0,45.0,0.75,-6.0,STOP,True,56.0,0.9333333333333333,TARGET,2023-07-11T14:04:49+00:00
IB30_ACCEPTED_BREAKOUT,2023-07-12,2023,2023-H2,LONG,2023-07-12T14:02:30+00:00,15471.25,60.0,-60.0,-64.0,-1.0666666666666667,-64.0,STOP,False,-64.0,-1.0666666666666667,STOP,2023-07-12T14:02:29+00:00
IB30_ACCEPTED_BREAKOUT,2023-07-14,2023,2023-H2,LONG,2023-07-14T14:03:03+00:00,15813.5,60.0,-60.0,-64.0,-1.0666666666666667,-61.0,STOP,False,-64.0,-1.0666666666666667,STOP,2023-07-14T14:03:02+00:00
IB30_ACCEPTED_BREAKOUT,2023-07-19,2023,2023-H2,SHORT,2023-07-19T14:15:21+00:00,15974.5,60.0,-60.0,-64.0,-1.0666666666666667,-61.0,STOP,False,-64.0,-1.0666666666666667,STOP,2023-07-19T14:15:20+00:00
IB30_ACCEPTED_BREAKOUT,2023-07-20,2023,2023-H2,SHORT,2023-07-20T14:03:25+00:00,15830.25,60.0,50.0,46.0,0.7666666666666667,-10.0,STOP,True,56.0,0.9333333333333333,TARGET,2023-07-20T14:03:24+00:00
IB30_ACCEPTED_BREAKOUT,2023-07-21,2023,2023-H2,SHORT,2023-07-21T14:00:03+00:00,15618.25,60.0,120.0,116.0,1.9333333333333333,-58.0,TARGET,True,56.0,0.9333333333333333,TARGET,2023-07-21T14:00:02+00:00
IB30_ACCEPTED_BREAKOUT,2023-07-25,2023,2023-H2,LONG,2023-07-25T14:01:34+00:00,15670.0,60.0,-60.0,-64.0,-1.0666666666666667,-61.0,STOP,False,-64.0,-1.0666666666666667,STOP,2023-07-25T14:01:33+00:00
IB30_ACCEPTED_BREAKOUT,2023-07-26,2023,2023-H2,SHORT,2023-07-26T14:54:18+00:00,15564.75,60.0,120.0,116.0,1.9333333333333333,-33.0,TARGET,True,56.0,0.9333333333333333,TARGET,2023-07-26T14:54:17+00:00
IB30_ACCEPTED_BREAKOUT,2023-07-27,2023,2023-H2,SHORT,2023-07-27T14:24:58+00:00,15820.75,60.0,120.0,116.0,1.9333333333333333,-4.0,TARGET,True,56.0,0.9333333333333333,TARGET,2023-07-27T14:24:57+00:00
IB30_ACCEPTED_BREAKOUT,2023-07-28,2023,2023-H2,LONG,2023-07-28T14:02:08+00:00,15821.25,60.0,-60.0,-64.0,-1.0666666666666667,-60.0,STOP,False,-64.0,-1.0666666666666667,STOP,2023-07-28T14:02:07+00:00
IB30_ACCEPTED_BREAKOUT,2023-08-01,2023,2023-H2,LONG,2023-08-01T14:05:06+00:00,15810.75,60.0,-60.0,-64.0,-1.0666666666666667,-68.0,STOP,False,-64.0,-1.0666666666666667,STOP,2023-08-01T14:05:05+00:00
IB30_ACCEPTED_BREAKOUT,2023-08-02,2023,2023-H2,SHORT,2023-08-02T14:06:49+00:00,15580.25,60.0,120.0,116.0,1.9333333333333333,-4.0,TARGET,True,56.0,0.9333333333333333,TARGET,2023-08-02T14:06:48+00:00
IB30_ACCEPTED_BREAKOUT,2023-08-03,2023,2023-H2,LONG,2023-08-03T14:00:41+00:00,15459.5,60.0,-60.0,-64.0,-1.0666666666666667,-66.0,STOP,False,-64.0,-1.0666666666666667,STOP,2023-08-03T14:00:40+00:00
IB30_ACCEPTED_BREAKOUT,2023-08-04,2023,2023-H2,SHORT,2023-08-04T14:00:50+00:00,15438.25,60.0,-60.0,-64.0,-1.0666666666666667,-62.0,STOP,False,-64.0,-1.0666666666666667,STOP,2023-08-04T14:00:49+00:00
IB30_ACCEPTED_BREAKOUT,2023-08-07,2023,2023-H2,SHORT,2023-08-07T14:00:43+00:00,15372.75,60.0,4.0,0.0,0.0,-10.0,STOP,True,56.0,0.9333333333333333,TARGET,2023-08-07T14:00:42+00:00
IB30_ACCEPTED_BREAKOUT,2023-08-08,2023,2023-H2,SHORT,2023-08-08T14:01:41+00:00,15271.25,60.0,-60.0,-64.0,-1.0666666666666667,-62.0,STOP,False,-64.0,-1.0666666666666667,STOP,2023-08-08T14:01:40+00:00
IB30_ACCEPTED_BREAKOUT,2023-08-09,2023,2023-H2,SHORT,2023-08-09T14:21:58+00:00,15261.25,60.0,-60.0,-64.0,-1.0666666666666667,-60.0,STOP,False,-64.0,-1.0666666666666667,STOP,2023-08-09T14:21:57+00:00
IB30_ACCEPTED_BREAKOUT,2023-08-10,2023,2023-H2,LONG,2023-08-10T14:00:02+00:00,15430.25,60.0,-60.0,-64.0,-1.0666666666666667,-60.0,STOP,False,-64.0,-1.0666666666666667,STOP,2023-08-10T14:00:01+00:00
IB30_ACCEPTED_BREAKOUT,2023-08-11,2023,2023-H2,LONG,2023-08-11T14:02:24+00:00,15117.25,60.0,-60.0,-64.0,-1.0666666666666667,-64.0,STOP,False,-64.0,-1.0666666666666667,STOP,2023-08-11T14:02:23+00:00
IB30_ACCEPTED_BREAKOUT,2023-08-14,2023,2023-H2,LONG,2023-08-14T14:04:53+00:00,15127.0,60.0,4.0,0.0,0.0,-53.0,STOP,True,56.0,0.9333333333333333,TARGET,2023-08-14T14:04:52+00:00
IB30_ACCEPTED_BREAKOUT,2023-08-15,2023,2023-H2,SHORT,2023-08-15T14:00:06+00:00,15172.25,60.0,120.0,116.0,1.9333333333333333,-34.0,TARGET,True,56.0,0.9333333333333333,TARGET,2023-08-15T14:00:05+00:00
IB30_ACCEPTED_BREAKOUT,2023-08-16,2023,2023-H2,LONG,2023-08-16T14:11:12+00:00,15129.25,60.0,-60.0,-64.0,-1.0666666666666667,-60.0,STOP,False,-64.0,-1.0666666666666667,STOP,2023-08-16T14:11:11+00:00
IB30_ACCEPTED_BREAKOUT,2023-08-17,2023,2023-H2,SHORT,2023-08-17T14:06:37+00:00,14905.5,60.0,-60.0,-64.0,-1.0666666666666667,-60.0,STOP,False,-64.0,-1.0666666666666667,STOP,2023-08-17T14:06:36+00:00
IB30_ACCEPTED_BREAKOUT,2023-08-18,2023,2023-H2,SHORT,2023-08-18T14:03:35+00:00,14617.5,60.0,-60.0,-64.0,-1.0666666666666667,-66.0,STOP,False,-64.0,-1.0666666666666667,STOP,2023-08-18T14:03:34+00:00
IB30_ACCEPTED_BREAKOUT,2023-08-21,2023,2023-H2,LONG,2023-08-21T14:00:02+00:00,14914.25,60.0,13.0,9.0,0.15,-48.0,STOP,True,56.0,0.9333333333333333,TARGET,2023-08-21T14:00:01+00:00
IB30_ACCEPTED_BREAKOUT,2023-08-22,2023,2023-H2,SHORT,2023-08-22T14:31:15+00:00,14995.75,60.0,46.0,42.0,0.7,-4.0,STOP,True,56.0,0.9333333333333333,TARGET,2023-08-22T14:31:14+00:00
IB30_ACCEPTED_BREAKOUT,2023-08-23,2023,2023-H2,LONG,2023-08-23T14:03:13+00:00,15106.5,60.0,-60.0,-64.0,-1.0666666666666667,-61.0,STOP,False,-64.0,-1.0666666666666667,STOP,2023-08-23T14:03:12+00:00
IB30_ACCEPTED_BREAKOUT,2023-08-24,2023,2023-H2,SHORT,2023-08-24T14:07:57+00:00,15180.75,60.0,120.0,116.0,1.9333333333333333,-17.0,TARGET,True,56.0,0.9333333333333333,TARGET,2023-08-24T14:07:56+00:00
IB30_ACCEPTED_BREAKOUT,2023-08-25,2023,2023-H2,LONG,2023-08-25T14:02:18+00:00,14959.25,60.0,-60.0,-64.0,-1.0666666666666667,-68.0,STOP,False,-64.0,-1.0666666666666667,STOP,2023-08-25T14:02:17+00:00
IB30_ACCEPTED_BREAKOUT,2023-08-28,2023,2023-H2,SHORT,2023-08-28T14:53:45+00:00,15000.0,60.0,-60.0,-64.0,-1.0666666666666667,-68.0,STOP,False,-64.0,-1.0666666666666667,STOP,2023-08-28T14:53:44+00:00
IB30_ACCEPTED_BREAKOUT,2023-08-29,2023,2023-H2,LONG,2023-08-29T14:00:09+00:00,15176.75,60.0,26.0,22.0,0.36666666666666664,-41.0,STOP,True,56.0,0.9333333333333333,TARGET,2023-08-29T14:00:08+00:00
IB30_ACCEPTED_BREAKOUT,2023-08-30,2023,2023-H2,LONG,2023-08-30T14:01:14+00:00,15479.25,60.0,52.0,48.0,0.8,-45.0,STOP,True,56.0,0.9333333333333333,TARGET,2023-08-30T14:01:13+00:00
IB30_ACCEPTED_BREAKOUT,2023-08-31,2023,2023-H2,LONG,2023-08-31T14:00:10+00:00,15569.5,60.0,-60.0,-64.0,-1.0666666666666667,-60.0,STOP,False,-64.0,-1.0666666666666667,STOP,2023-08-31T14:00:09+00:00
IB30_ACCEPTED_BREAKOUT,2023-09-01,2023,2023-H2,SHORT,2023-09-01T14:56:23+00:00,15493.0,60.0,-60.0,-64.0,-1.0666666666666667,-66.0,STOP,False,-64.0,-1.0666666666666667,STOP,2023-09-01T14:56:22+00:00
IB30_ACCEPTED_BREAKOUT,2023-09-05,2023,2023-H2,SHORT,2023-09-05T14:04:58+00:00,15445.25,60.0,-60.0,-64.0,-1.0666666666666667,-60.0,STOP,False,-64.0,-1.0666666666666667,STOP,2023-09-05T14:04:57+00:00
IB30_ACCEPTED_BREAKOUT,2023-09-06,2023,2023-H2,SHORT,2023-09-06T14:00:11+00:00,15458.5,60.0,14.0,10.0,0.16666666666666666,-6.0,STOP,True,56.0,0.9333333333333333,TARGET,2023-09-06T14:00:10+00:00
IB30_ACCEPTED_BREAKOUT,2023-09-07,2023,2023-H2,LONG,2023-09-07T14:40:18+00:00,15242.5,60.0,120.0,116.0,1.9333333333333333,-12.0,TARGET,True,56.0,0.9333333333333333,TARGET,2023-09-07T14:40:17+00:00
IB30_ACCEPTED_BREAKOUT,2023-09-08,2023,2023-H2,LONG,2023-09-08T14:05:55+00:00,15373.5,60.0,-60.0,-64.0,-1.0666666666666667,-62.0,STOP,False,-64.0,-1.0666666666666667,STOP,2023-09-08T14:05:54+00:00
IB30_ACCEPTED_BREAKOUT,2023-09-11,2023,2023-H2,SHORT,2023-09-11T14:12:10+00:00,15350.5,60.0,-60.0,-64.0,-1.0666666666666667,-63.0,STOP,False,-64.0,-1.0666666666666667,STOP,2023-09-11T14:12:09+00:00
IB30_ACCEPTED_BREAKOUT,2023-09-12,2023,2023-H2,SHORT,2023-09-12T14:27:54+00:00,15386.5,60.0,4.0,0.0,0.0,-34.0,STOP,True,56.0,0.9333333333333333,TARGET,2023-09-12T14:27:53+00:00
IB30_ACCEPTED_BREAKOUT,2023-09-13,2023,2023-H2,SHORT,2023-09-13T14:05:11+00:00,15295.5,60.0,13.0,9.0,0.15,-30.0,STOP,True,56.0,0.9333333333333333,TARGET,2023-09-13T14:05:10+00:00
IB30_ACCEPTED_BREAKOUT,2023-09-14,2023,2023-H2,SHORT,2023-09-14T14:19:31+00:00,15337.5,60.0,-60.0,-64.0,-1.0666666666666667,-63.0,STOP,False,-64.0,-1.0666666666666667,STOP,2023-09-14T14:19:30+00:00
IB30_ACCEPTED_BREAKOUT,2023-09-18,2023,2023-H2,LONG,2023-09-18T14:12:12+00:00,15435.25,60.0,-60.0,-64.0,-1.0666666666666667,-60.0,STOP,False,-64.0,-1.0666666666666667,STOP,2023-09-18T14:12:11+00:00
IB30_ACCEPTED_BREAKOUT,2023-09-19,2023,2023-H2,SHORT,2023-09-19T14:00:02+00:00,15302.25,60.0,57.0,53.0,0.8833333333333333,-20.0,STOP,True,56.0,0.9333333333333333,TARGET,2023-09-19T14:00:01+00:00
IB30_ACCEPTED_BREAKOUT,2023-09-20,2023,2023-H2,SHORT,2023-09-20T14:14:35+00:00,15372.0,60.0,-60.0,-64.0,-1.0666666666666667,-60.0,STOP,False,-64.0,-1.0666666666666667,STOP,2023-09-20T14:14:34+00:00
IB30_ACCEPTED_BREAKOUT,2023-09-21,2023,2023-H2,SHORT,2023-09-21T14:01:02+00:00,14928.5,60.0,-60.0,-64.0,-1.0666666666666667,-66.0,STOP,False,-64.0,-1.0666666666666667,STOP,2023-09-21T14:01:01+00:00
IB30_ACCEPTED_BREAKOUT,2023-09-22,2023,2023-H2,LONG,2023-09-22T14:06:00+00:00,14951.0,60.0,-60.0,-64.0,-1.0666666666666667,-63.0,STOP,False,-64.0,-1.0666666666666667,STOP,2023-09-22T14:05:59+00:00
IB30_ACCEPTED_BREAKOUT,2023-09-26,2023,2023-H2,SHORT,2023-09-26T14:04:45+00:00,14763.75,60.0,-60.0,-64.0,-1.0666666666666667,-69.0,STOP,False,-64.0,-1.0666666666666667,STOP,2023-09-26T14:04:44+00:00
IB30_ACCEPTED_BREAKOUT,2023-09-27,2023,2023-H2,SHORT,2023-09-27T14:01:56+00:00,14747.25,60.0,120.0,116.0,1.9333333333333333,-8.0,TARGET,True,56.0,0.9333333333333333,TARGET,2023-09-27T14:01:55+00:00
IB30_ACCEPTED_BREAKOUT,2023-09-28,2023,2023-H2,LONG,2023-09-28T14:00:13+00:00,14753.5,60.0,19.0,15.0,0.25,-19.0,STOP,True,56.0,0.9333333333333333,TARGET,2023-09-28T14:00:12+00:00
IB30_ACCEPTED_BREAKOUT,2023-09-29,2023,2023-H2,LONG,2023-09-29T14:00:20+00:00,15047.5,60.0,-60.0,-64.0,-1.0666666666666667,-64.0,STOP,False,-64.0,-1.0666666666666667,STOP,2023-09-29T14:00:19+00:00
IB30_ACCEPTED_BREAKOUT,2023-10-02,2023,2023-H2,LONG,2023-10-02T14:00:41+00:00,14961.5,60.0,-60.0,-64.0,-1.0666666666666667,-66.0,STOP,False,-64.0,-1.0666666666666667,STOP,2023-10-02T14:00:40+00:00
IB30_ACCEPTED_BREAKOUT,2023-10-03,2023,2023-H2,SHORT,2023-10-03T14:02:47+00:00,14871.75,60.0,53.0,49.0,0.8166666666666667,-44.0,STOP,True,56.0,0.9333333333333333,TARGET,2023-10-03T14:02:46+00:00
IB30_ACCEPTED_BREAKOUT,2023-10-04,2023,2023-H2,SHORT,2023-10-04T14:08:40+00:00,14746.5,60.0,-60.0,-64.0,-1.0666666666666667,-65.0,STOP,False,-64.0,-1.0666666666666667,STOP,2023-10-04T14:08:39+00:00
IB30_ACCEPTED_BREAKOUT,2023-10-05,2023,2023-H2,SHORT,2023-10-05T14:00:15+00:00,14817.25,60.0,120.0,116.0,1.9333333333333333,-2.0,TARGET,True,56.0,0.9333333333333333,TARGET,2023-10-05T14:00:14+00:00
IB30_ACCEPTED_BREAKOUT,2023-10-06,2023,2023-H2,LONG,2023-10-06T14:23:52+00:00,14802.5,60.0,120.0,116.0,1.9333333333333333,-1.0,TARGET,True,56.0,0.9333333333333333,TARGET,2023-10-06T14:23:51+00:00
IB30_ACCEPTED_BREAKOUT,2023-10-09,2023,2023-H2,LONG,2023-10-09T14:00:36+00:00,15064.75,60.0,-60.0,-64.0,-1.0666666666666667,-70.0,STOP,False,-64.0,-1.0666666666666667,STOP,2023-10-09T14:00:35+00:00
IB30_ACCEPTED_BREAKOUT,2023-10-10,2023,2023-H2,LONG,2023-10-10T14:00:02+00:00,15245.25,60.0,44.0,40.0,0.6666666666666666,-13.0,STOP,True,56.0,0.9333333333333333,TARGET,2023-10-10T14:00:01+00:00
IB30_ACCEPTED_BREAKOUT,2023-10-11,2023,2023-H2,SHORT,2023-10-11T14:00:20+00:00,15315.25,60.0,-60.0,-64.0,-1.0666666666666667,-61.0,STOP,False,-64.0,-1.0666666666666667,STOP,2023-10-11T14:00:19+00:00
IB30_ACCEPTED_BREAKOUT,2023-10-12,2023,2023-H2,LONG,2023-10-12T14:06:53+00:00,15422.25,60.0,120.0,116.0,1.9333333333333333,-28.0,TARGET,True,56.0,0.9333333333333333,TARGET,2023-10-12T14:06:52+00:00
IB30_ACCEPTED_BREAKOUT,2023-10-13,2023,2023-H2,SHORT,2023-10-13T14:00:37+00:00,15295.5,60.0,-60.0,-64.0,-1.0666666666666667,-63.0,STOP,False,-64.0,-1.0666666666666667,STOP,2023-10-13T14:00:36+00:00
IB30_ACCEPTED_BREAKOUT,2023-10-16,2023,2023-H2,LONG,2023-10-16T14:12:13+00:00,15264.5,60.0,-60.0,-64.0,-1.0666666666666667,-66.0,STOP,False,-64.0,-1.0666666666666667,STOP,2023-10-16T14:12:12+00:00
IB30_ACCEPTED_BREAKOUT,2023-10-17,2023,2023-H2,LONG,2023-10-17T14:09:24+00:00,15145.5,60.0,16.0,12.0,0.2,-52.0,STOP,True,56.0,0.9333333333333333,TARGET,2023-10-17T14:09:23+00:00
IB30_ACCEPTED_BREAKOUT,2023-10-18,2023,2023-H2,LONG,2023-10-18T14:19:16+00:00,15204.0,60.0,19.0,15.0,0.25,-50.0,STOP,True,56.0,0.9333333333333333,TARGET,2023-10-18T14:19:15+00:00
IB30_ACCEPTED_BREAKOUT,2023-10-19,2023,2023-H2,SHORT,2023-10-19T14:28:53+00:00,15019.75,60.0,15.0,11.0,0.18333333333333332,-27.0,STOP,True,56.0,0.9333333333333333,TARGET,2023-10-19T14:28:52+00:00
IB30_ACCEPTED_BREAKOUT,2023-10-20,2023,2023-H2,SHORT,2023-10-20T14:11:22+00:00,14809.5,60.0,120.0,116.0,1.9333333333333333,-10.0,TARGET,True,56.0,0.9333333333333333,TARGET,2023-10-20T14:11:21+00:00
IB30_ACCEPTED_BREAKOUT,2023-10-23,2023,2023-H2,LONG,2023-10-23T14:05:36+00:00,14645.25,60.0,-60.0,-64.0,-1.0666666666666667,-66.0,STOP,False,-64.0,-1.0666666666666667,STOP,2023-10-23T14:05:35+00:00
IB30_ACCEPTED_BREAKOUT,2023-10-24,2023,2023-H2,LONG,2023-10-24T14:10:04+00:00,14839.25,60.0,-60.0,-64.0,-1.0666666666666667,-61.0,STOP,False,-64.0,-1.0666666666666667,STOP,2023-10-24T14:10:03+00:00
IB30_ACCEPTED_BREAKOUT,2023-10-25,2023,2023-H2,SHORT,2023-10-25T14:26:30+00:00,14603.25,60.0,-60.0,-64.0,-1.0666666666666667,-63.0,STOP,False,-64.0,-1.0666666666666667,STOP,2023-10-25T14:26:29+00:00
IB30_ACCEPTED_BREAKOUT,2023-10-26,2023,2023-H2,SHORT,2023-10-26T14:01:57+00:00,14309.75,60.0,-60.0,-64.0,-1.0666666666666667,-61.0,STOP,False,-64.0,-1.0666666666666667,STOP,2023-10-26T14:01:56+00:00
IB30_ACCEPTED_BREAKOUT,2023-10-27,2023,2023-H2,LONG,2023-10-27T14:14:10+00:00,14363.0,60.0,-60.0,-64.0,-1.0666666666666667,-62.0,STOP,False,-64.0,-1.0666666666666667,STOP,2023-10-27T14:14:09+00:00
IB30_ACCEPTED_BREAKOUT,2023-10-30,2023,2023-H2,SHORT,2023-10-30T14:29:02+00:00,14333.0,60.0,-60.0,-64.0,-1.0666666666666667,-62.0,STOP,False,-64.0,-1.0666666666666667,STOP,2023-10-30T14:29:01+00:00
IB30_ACCEPTED_BREAKOUT,2023-10-31,2023,2023-H2,LONG,2023-10-31T14:54:19+00:00,14429.25,60.0,-60.0,-64.0,-1.0666666666666667,-63.0,STOP,False,-64.0,-1.0666666666666667,STOP,2023-10-31T14:54:18+00:00
IB30_ACCEPTED_BREAKOUT,2023-11-01,2023,2023-H2,LONG,2023-11-01T14:20:10+00:00,14583.75,60.0,120.0,116.0,1.9333333333333333,-17.0,TARGET,True,56.0,0.9333333333333333,TARGET,2023-11-01T14:20:09+00:00
IB30_ACCEPTED_BREAKOUT,2023-11-02,2023,2023-H2,SHORT,2023-11-02T14:07:45+00:00,14898.25,60.0,55.0,51.0,0.85,-53.0,STOP,True,56.0,0.9333333333333333,TARGET,2023-11-02T14:07:44+00:00
IB30_ACCEPTED_BREAKOUT,2023-11-03,2023,2023-H2,LONG,2023-11-03T14:00:02+00:00,15144.75,60.0,14.0,10.0,0.16666666666666666,-31.0,STOP,True,56.0,0.9333333333333333,TARGET,2023-11-03T14:00:01+00:00
IB30_ACCEPTED_BREAKOUT,2023-11-06,2023,2023-H2,SHORT,2023-11-06T15:04:03+00:00,15196.5,60.0,-60.0,-64.0,-1.0666666666666667,-61.0,STOP,False,-64.0,-1.0666666666666667,STOP,2023-11-06T15:04:02+00:00
IB30_ACCEPTED_BREAKOUT,2023-11-07,2023,2023-H2,LONG,2023-11-07T15:00:10+00:00,15305.0,60.0,4.0,0.0,0.0,-1.0,STOP,True,56.0,0.9333333333333333,TARGET,2023-11-07T15:00:09+00:00
IB30_ACCEPTED_BREAKOUT,2023-11-08,2023,2023-H2,SHORT,2023-11-08T15:02:02+00:00,15370.75,60.0,28.0,24.0,0.4,-4.0,STOP,True,56.0,0.9333333333333333,TARGET,2023-11-08T15:02:01+00:00
IB30_ACCEPTED_BREAKOUT,2023-11-09,2023,2023-H2,LONG,2023-11-09T15:00:02+00:00,15428.25,60.0,-60.0,-64.0,-1.0666666666666667,-66.0,STOP,False,-64.0,-1.0666666666666667,STOP,2023-11-09T15:00:01+00:00
IB30_ACCEPTED_BREAKOUT,2023-11-13,2023,2023-H2,LONG,2023-11-13T15:46:44+00:00,15540.0,60.0,-60.0,-64.0,-1.0666666666666667,-63.0,STOP,False,-64.0,-1.0666666666666667,STOP,2023-11-13T15:46:43+00:00
IB30_ACCEPTED_BREAKOUT,2023-11-14,2023,2023-H2,LONG,2023-11-14T15:00:44+00:00,15868.75,60.0,15.0,11.0,0.18333333333333332,-1.0,STOP,True,56.0,0.9333333333333333,TARGET,2023-11-14T15:00:43+00:00
IB30_ACCEPTED_BREAKOUT,2023-11-15,2023,2023-H2,LONG,2023-11-15T15:51:30+00:00,15975.5,60.0,-60.0,-64.0,-1.0666666666666667,-61.0,STOP,False,-64.0,-1.0666666666666667,STOP,2023-11-15T15:51:29+00:00
IB30_ACCEPTED_BREAKOUT,2023-11-16,2023,2023-H2,LONG,2023-11-16T15:06:06+00:00,15901.75,60.0,-60.0,-64.0,-1.0666666666666667,-63.0,STOP,False,-64.0,-1.0666666666666667,STOP,2023-11-16T15:06:05+00:00
IB30_ACCEPTED_BREAKOUT,2023-11-17,2023,2023-H2,SHORT,2023-11-17T15:14:25+00:00,15830.0,60.0,-60.0,-64.0,-1.0666666666666667,-60.0,STOP,False,-64.0,-1.0666666666666667,STOP,2023-11-17T15:14:24+00:00
IB30_ACCEPTED_BREAKOUT,2023-11-20,2023,2023-H2,LONG,2023-11-20T15:00:02+00:00,15997.5,60.0,-60.0,-64.0,-1.0666666666666667,-71.0,STOP,False,-64.0,-1.0666666666666667,STOP,2023-11-20T15:00:01+00:00
IB30_ACCEPTED_BREAKOUT,2023-11-21,2023,2023-H2,SHORT,2023-11-21T15:01:19+00:00,15979.5,60.0,-60.0,-64.0,-1.0666666666666667,-62.0,STOP,False,-64.0,-1.0666666666666667,STOP,2023-11-21T15:01:18+00:00
IB30_ACCEPTED_BREAKOUT,2023-11-22,2023,2023-H2,SHORT,2023-11-22T15:01:16+00:00,16033.75,60.0,8.0,4.0,0.06666666666666667,-8.0,STOP,True,56.0,0.9333333333333333,TARGET,2023-11-22T15:01:15+00:00
IB30_ACCEPTED_BREAKOUT,2023-11-27,2023,2023-H2,LONG,2023-11-27T15:09:58+00:00,16042.5,60.0,-60.0,-64.0,-1.0666666666666667,-61.0,STOP,False,-64.0,-1.0666666666666667,STOP,2023-11-27T15:09:57+00:00
IB30_ACCEPTED_BREAKOUT,2023-11-28,2023,2023-H2,LONG,2023-11-28T15:39:41+00:00,16009.0,60.0,120.0,116.0,1.9333333333333333,-5.0,TARGET,True,56.0,0.9333333333333333,TARGET,2023-11-28T15:39:40+00:00
IB30_ACCEPTED_BREAKOUT,2023-11-29,2023,2023-H2,SHORT,2023-11-29T15:05:37+00:00,16144.25,60.0,120.0,116.0,1.9333333333333333,-29.0,TARGET,True,56.0,0.9333333333333333,TARGET,2023-11-29T15:05:36+00:00
IB30_ACCEPTED_BREAKOUT,2023-11-30,2023,2023-H2,SHORT,2023-11-30T15:02:04+00:00,15943.5,60.0,39.0,35.0,0.5833333333333334,-2.0,STOP,True,56.0,0.9333333333333333,TARGET,2023-11-30T15:02:03+00:00
IB30_ACCEPTED_BREAKOUT,2023-12-01,2023,2023-H2,LONG,2023-12-01T15:01:55+00:00,15943.75,60.0,19.0,15.0,0.25,-28.0,STOP,True,56.0,0.9333333333333333,TARGET,2023-12-01T15:01:54+00:00
IB30_ACCEPTED_BREAKOUT,2023-12-04,2023,2023-H2,SHORT,2023-12-04T15:15:59+00:00,15816.75,60.0,120.0,116.0,1.9333333333333333,-17.0,TARGET,True,56.0,0.9333333333333333,TARGET,2023-12-04T15:15:58+00:00
IB30_ACCEPTED_BREAKOUT,2023-12-05,2023,2023-H2,LONG,2023-12-05T15:00:08+00:00,15884.25,60.0,-60.0,-64.0,-1.0666666666666667,-64.0,STOP,False,-64.0,-1.0666666666666667,STOP,2023-12-05T15:00:07+00:00
IB30_ACCEPTED_BREAKOUT,2023-12-06,2023,2023-H2,SHORT,2023-12-06T15:00:25+00:00,15933.5,60.0,4.0,0.0,0.0,-12.0,STOP,True,56.0,0.9333333333333333,TARGET,2023-12-06T15:00:24+00:00
IB30_ACCEPTED_BREAKOUT,2023-12-07,2023,2023-H2,LONG,2023-12-07T15:21:43+00:00,15988.5,60.0,16.0,12.0,0.2,-33.0,STOP,True,56.0,0.9333333333333333,TARGET,2023-12-07T15:21:42+00:00
IB30_ACCEPTED_BREAKOUT,2023-12-08,2023,2023-H2,LONG,2023-12-08T15:00:08+00:00,16031.0,60.0,4.0,0.0,0.0,-16.0,STOP,True,56.0,0.9333333333333333,TARGET,2023-12-08T15:00:07+00:00
IB30_ACCEPTED_BREAKOUT,2023-12-11,2023,2023-H2,LONG,2023-12-11T15:00:56+00:00,16164.25,60.0,-60.0,-64.0,-1.0666666666666667,-62.0,STOP,False,-64.0,-1.0666666666666667,STOP,2023-12-11T15:00:55+00:00
IB30_ACCEPTED_BREAKOUT,2023-12-12,2023,2023-H2,LONG,2023-12-12T15:01:18+00:00,16257.5,60.0,22.0,18.0,0.3,-57.0,STOP,True,56.0,0.9333333333333333,TARGET,2023-12-12T15:01:17+00:00
IB30_ACCEPTED_BREAKOUT,2023-12-14,2023,2023-H2,SHORT,2023-12-14T15:05:02+00:00,16596.75,60.0,-60.0,-64.0,-1.0666666666666667,-64.0,STOP,False,-64.0,-1.0666666666666667,STOP,2023-12-14T15:05:01+00:00
IB30_ACCEPTED_BREAKOUT,2023-12-18,2023,2023-H2,LONG,2023-12-18T15:00:56+00:00,16883.5,60.0,17.0,13.0,0.21666666666666667,-16.0,STOP,True,56.0,0.9333333333333333,TARGET,2023-12-18T15:00:55+00:00
IB30_ACCEPTED_BREAKOUT,2023-12-19,2023,2023-H2,LONG,2023-12-19T15:23:18+00:00,16996.0,60.0,-60.0,-64.0,-1.0666666666666667,-64.0,STOP,False,-64.0,-1.0666666666666667,STOP,2023-12-19T15:23:17+00:00
IB30_ACCEPTED_BREAKOUT,2023-12-20,2023,2023-H2,LONG,2023-12-20T15:00:33+00:00,17028.25,60.0,120.0,116.0,1.9333333333333333,-57.0,TARGET,True,56.0,0.9333333333333333,TARGET,2023-12-20T15:00:32+00:00
IB30_ACCEPTED_BREAKOUT,2023-12-21,2023,2023-H2,SHORT,2023-12-21T15:05:02+00:00,16884.75,60.0,120.0,116.0,1.9333333333333333,-9.0,TARGET,True,56.0,0.9333333333333333,TARGET,2023-12-21T15:05:01+00:00
IB30_ACCEPTED_BREAKOUT,2023-12-26,2023,2023-H2,LONG,2023-12-26T15:25:46+00:00,17053.25,60.0,-60.0,-64.0,-1.0666666666666667,-64.0,STOP,False,-64.0,-1.0666666666666667,STOP,2023-12-26T15:25:45+00:00
IB30_ACCEPTED_BREAKOUT,2023-12-27,2023,2023-H2,LONG,2023-12-27T15:00:58+00:00,17123.5,60.0,-60.0,-64.0,-1.0666666666666667,-60.0,STOP,False,-64.0,-1.0666666666666667,STOP,2023-12-27T15:00:57+00:00
IB30_ACCEPTED_BREAKOUT,2023-12-28,2023,2023-H2,SHORT,2023-12-28T15:05:05+00:00,17113.25,60.0,-60.0,-64.0,-1.0666666666666667,-61.0,STOP,False,-64.0,-1.0666666666666667,STOP,2023-12-28T15:05:04+00:00
IB30_ACCEPTED_BREAKOUT,2023-12-29,2023,2023-H2,SHORT,2023-12-29T15:34:28+00:00,17070.25,60.0,120.0,116.0,1.9333333333333333,-39.0,TARGET,True,56.0,0.9333333333333333,TARGET,2023-12-29T15:34:27+00:00
IB30_ACCEPTED_BREAKOUT,2024-01-02,2024,2024-H1,SHORT,2024-01-02T15:28:49+00:00,16717.25,60.0,26.0,22.0,0.36666666666666664,-52.0,STOP,True,56.0,0.9333333333333333,TARGET,2024-01-02T15:28:48+00:00
IB30_ACCEPTED_BREAKOUT,2024-01-03,2024,2024-H1,LONG,2024-01-03T15:00:22+00:00,16648.75,60.0,-60.0,-64.0,-1.0666666666666667,-70.0,STOP,False,-64.0,-1.0666666666666667,STOP,2024-01-03T15:00:21+00:00
IB30_ACCEPTED_BREAKOUT,2024-01-04,2024,2024-H1,LONG,2024-01-04T15:05:32+00:00,16503.0,60.0,-60.0,-64.0,-1.0666666666666667,-65.0,STOP,False,-64.0,-1.0666666666666667,STOP,2024-01-04T15:05:31+00:00
IB30_ACCEPTED_BREAKOUT,2024-01-05,2024,2024-H1,LONG,2024-01-05T15:00:18+00:00,16497.5,60.0,120.0,116.0,1.9333333333333333,-14.0,TARGET,True,56.0,0.9333333333333333,TARGET,2024-01-05T15:00:17+00:00
IB30_ACCEPTED_BREAKOUT,2024-01-08,2024,2024-H1,LONG,2024-01-08T15:04:21+00:00,16635.5,60.0,22.0,18.0,0.3,-50.0,STOP,True,56.0,0.9333333333333333,TARGET,2024-01-08T15:04:20+00:00
IB30_ACCEPTED_BREAKOUT,2024-01-09,2024,2024-H1,LONG,2024-01-09T15:09:19+00:00,16716.75,60.0,120.0,116.0,1.9333333333333333,-21.0,TARGET,True,56.0,0.9333333333333333,TARGET,2024-01-09T15:09:18+00:00
IB30_ACCEPTED_BREAKOUT,2024-01-10,2024,2024-H1,SHORT,2024-01-10T15:02:52+00:00,16805.75,60.0,-60.0,-64.0,-1.0666666666666667,-60.0,STOP,False,-64.0,-1.0666666666666667,STOP,2024-01-10T15:02:51+00:00
IB30_ACCEPTED_BREAKOUT,2024-01-11,2024,2024-H1,SHORT,2024-01-11T15:03:02+00:00,16923.0,60.0,120.0,116.0,1.9333333333333333,-13.0,TARGET,True,56.0,0.9333333333333333,TARGET,2024-01-11T15:03:01+00:00
IB30_ACCEPTED_BREAKOUT,2024-01-12,2024,2024-H1,SHORT,2024-01-12T15:00:07+00:00,16973.0,60.0,30.0,26.0,0.43333333333333335,-4.0,STOP,True,56.0,0.9333333333333333,TARGET,2024-01-12T15:00:06+00:00
IB30_ACCEPTED_BREAKOUT,2024-01-16,2024,2024-H1,LONG,2024-01-16T15:16:31+00:00,16950.0,60.0,120.0,116.0,1.9333333333333333,-26.0,TARGET,True,56.0,0.9333333333333333,TARGET,2024-01-16T15:16:30+00:00
IB30_ACCEPTED_BREAKOUT,2024-01-17,2024,2024-H1,SHORT,2024-01-17T15:00:12+00:00,16703.25,60.0,-60.0,-64.0,-1.0666666666666667,-61.0,STOP,False,-64.0,-1.0666666666666667,STOP,2024-01-17T15:00:11+00:00
IB30_ACCEPTED_BREAKOUT,2024-01-18,2024,2024-H1,SHORT,2024-01-18T15:03:05+00:00,16992.0,60.0,-60.0,-64.0,-1.0666666666666667,-60.0,STOP,False,-64.0,-1.0666666666666667,STOP,2024-01-18T15:03:04+00:00
IB30_ACCEPTED_BREAKOUT,2024-01-19,2024,2024-H1,LONG,2024-01-19T15:00:02+00:00,17219.0,60.0,-60.0,-64.0,-1.0666666666666667,-65.0,STOP,False,-64.0,-1.0666666666666667,STOP,2024-01-19T15:00:01+00:00
IB30_ACCEPTED_BREAKOUT,2024-01-22,2024,2024-H1,SHORT,2024-01-22T15:29:06+00:00,17491.25,60.0,120.0,116.0,1.9333333333333333,-22.0,TARGET,True,56.0,0.9333333333333333,TARGET,2024-01-22T15:29:05+00:00
IB30_ACCEPTED_BREAKOUT,2024-01-24,2024,2024-H1,LONG,2024-01-24T15:15:23+00:00,17699.5,60.0,120.0,116.0,1.9333333333333333,-19.0,TARGET,True,56.0,0.9333333333333333,TARGET,2024-01-24T15:15:22+00:00
IB30_ACCEPTED_BREAKOUT,2024-01-25,2024,2024-H1,SHORT,2024-01-25T15:03:12+00:00,17659.0,60.0,-60.0,-64.0,-1.0666666666666667,-67.0,STOP,False,-64.0,-1.0666666666666667,STOP,2024-01-25T15:03:11+00:00
IB30_ACCEPTED_BREAKOUT,2024-01-26,2024,2024-H1,SHORT,2024-01-26T15:06:01+00:00,17513.75,60.0,-60.0,-64.0,-1.0666666666666667,-60.0,STOP,False,-64.0,-1.0666666666666667,STOP,2024-01-26T15:06:00+00:00
IB30_ACCEPTED_BREAKOUT,2024-01-29,2024,2024-H1,SHORT,2024-01-29T15:04:27+00:00,17526.75,60.0,-60.0,-64.0,-1.0666666666666667,-63.0,STOP,False,-64.0,-1.0666666666666667,STOP,2024-01-29T15:04:26+00:00
IB30_ACCEPTED_BREAKOUT,2024-01-30,2024,2024-H1,SHORT,2024-01-30T15:00:09+00:00,17653.0,60.0,120.0,116.0,1.9333333333333333,-11.0,TARGET,True,56.0,0.9333333333333333,TARGET,2024-01-30T15:00:08+00:00
IB30_ACCEPTED_BREAKOUT,2024-01-31,2024,2024-H1,SHORT,2024-01-31T15:14:27+00:00,17343.0,60.0,-60.0,-64.0,-1.0666666666666667,-61.0,STOP,False,-64.0,-1.0666666666666667,STOP,2024-01-31T15:14:26+00:00
IB30_ACCEPTED_BREAKOUT,2024-02-01,2024,2024-H1,SHORT,2024-02-01T15:00:12+00:00,17283.25,60.0,-60.0,-64.0,-1.0666666666666667,-60.0,STOP,False,-64.0,-1.0666666666666667,STOP,2024-02-01T15:00:11+00:00
IB30_ACCEPTED_BREAKOUT,2024-02-02,2024,2024-H1,LONG,2024-02-02T15:40:18+00:00,17625.5,60.0,120.0,116.0,1.9333333333333333,-24.0,TARGET,True,56.0,0.9333333333333333,TARGET,2024-02-02T15:40:17+00:00
IB30_ACCEPTED_BREAKOUT,2024-02-05,2024,2024-H1,SHORT,2024-02-05T15:01:25+00:00,17674.5,60.0,-60.0,-64.0,-1.0666666666666667,-63.0,STOP,False,-64.0,-1.0666666666666667,STOP,2024-02-05T15:01:24+00:00
IB30_ACCEPTED_BREAKOUT,2024-02-06,2024,2024-H1,SHORT,2024-02-06T15:00:02+00:00,17648.75,60.0,37.0,33.0,0.55,-16.0,STOP,True,56.0,0.9333333333333333,TARGET,2024-02-06T15:00:01+00:00
IB30_ACCEPTED_BREAKOUT,2024-02-07,2024,2024-H1,LONG,2024-02-07T15:13:05+00:00,17785.5,60.0,120.0,116.0,1.9333333333333333,-2.0,TARGET,True,56.0,0.9333333333333333,TARGET,2024-02-07T15:13:04+00:00
IB30_ACCEPTED_BREAKOUT,2024-02-08,2024,2024-H1,LONG,2024-02-08T15:00:03+00:00,17853.25,60.0,-60.0,-64.0,-1.0666666666666667,-60.0,STOP,False,-64.0,-1.0666666666666667,STOP,2024-02-08T15:00:02+00:00
IB30_ACCEPTED_BREAKOUT,2024-02-09,2024,2024-H1,LONG,2024-02-09T15:00:05+00:00,17947.0,60.0,-60.0,-64.0,-1.0666666666666667,-60.0,STOP,False,-64.0,-1.0666666666666667,STOP,2024-02-09T15:00:04+00:00
IB30_ACCEPTED_BREAKOUT,2024-02-12,2024,2024-H1,LONG,2024-02-12T15:39:08+00:00,18051.5,60.0,120.0,116.0,1.9333333333333333,-12.0,TARGET,True,56.0,0.9333333333333333,TARGET,2024-02-12T15:39:07+00:00
IB30_ACCEPTED_BREAKOUT,2024-02-13,2024,2024-H1,LONG,2024-02-13T15:20:32+00:00,17686.25,60.0,120.0,116.0,1.9333333333333333,-26.0,TARGET,True,56.0,0.9333333333333333,TARGET,2024-02-13T15:20:31+00:00
IB30_ACCEPTED_BREAKOUT,2024-02-14,2024,2024-H1,LONG,2024-02-14T15:19:33+00:00,17826.5,60.0,22.0,18.0,0.3,-16.0,STOP,True,56.0,0.9333333333333333,TARGET,2024-02-14T15:19:32+00:00
IB30_ACCEPTED_BREAKOUT,2024-02-15,2024,2024-H1,SHORT,2024-02-15T15:03:30+00:00,17809.75,60.0,-60.0,-64.0,-1.0666666666666667,-62.0,STOP,False,-64.0,-1.0666666666666667,STOP,2024-02-15T15:03:29+00:00
IB30_ACCEPTED_BREAKOUT,2024-02-16,2024,2024-H1,SHORT,2024-02-16T15:00:02+00:00,17736.0,60.0,16.0,12.0,0.2,-36.0,STOP,True,56.0,0.9333333333333333,TARGET,2024-02-16T15:00:01+00:00
IB30_ACCEPTED_BREAKOUT,2024-02-20,2024,2024-H1,SHORT,2024-02-20T15:01:50+00:00,17540.5,60.0,-60.0,-64.0,-1.0666666666666667,-60.0,STOP,False,-64.0,-1.0666666666666667,STOP,2024-02-20T15:01:49+00:00
IB30_ACCEPTED_BREAKOUT,2024-02-21,2024,2024-H1,LONG,2024-02-21T15:04:12+00:00,17512.5,60.0,-60.0,-64.0,-1.0666666666666667,-69.0,STOP,False,-64.0,-1.0666666666666667,STOP,2024-02-21T15:04:11+00:00
IB30_ACCEPTED_BREAKOUT,2024-02-22,2024,2024-H1,LONG,2024-02-22T15:35:02+00:00,17972.75,60.0,-60.0,-64.0,-1.0666666666666667,-63.0,STOP,False,-64.0,-1.0666666666666667,STOP,2024-02-22T15:35:01+00:00
IB30_ACCEPTED_BREAKOUT,2024-02-23,2024,2024-H1,SHORT,2024-02-23T15:00:54+00:00,18059.25,60.0,-60.0,-64.0,-1.0666666666666667,-62.0,STOP,False,-64.0,-1.0666666666666667,STOP,2024-02-23T15:00:53+00:00
IB30_ACCEPTED_BREAKOUT,2024-02-27,2024,2024-H1,LONG,2024-02-27T15:20:01+00:00,18031.0,60.0,-60.0,-64.0,-1.0666666666666667,-62.0,STOP,False,-64.0,-1.0666666666666667,STOP,2024-02-27T15:20:00+00:00
IB30_ACCEPTED_BREAKOUT,2024-02-29,2024,2024-H1,SHORT,2024-02-29T15:10:40+00:00,18017.5,60.0,120.0,116.0,1.9333333333333333,-14.0,TARGET,True,56.0,0.9333333333333333,TARGET,2024-02-29T15:10:39+00:00
IB30_ACCEPTED_BREAKOUT,2024-03-01,2024,2024-H1,LONG,2024-03-01T15:00:02+00:00,18162.75,60.0,-60.0,-64.0,-1.0666666666666667,-62.0,STOP,False,-64.0,-1.0666666666666667,STOP,2024-03-01T15:00:01+00:00
IB30_ACCEPTED_BREAKOUT,2024-03-04,2024,2024-H1,SHORT,2024-03-04T15:00:19+00:00,18287.25,60.0,-60.0,-64.0,-1.0666666666666667,-60.0,STOP,False,-64.0,-1.0666666666666667,STOP,2024-03-04T15:00:18+00:00
IB30_ACCEPTED_BREAKOUT,2024-03-05,2024,2024-H1,SHORT,2024-03-05T15:08:48+00:00,18018.0,60.0,49.0,45.0,0.75,-5.0,STOP,True,56.0,0.9333333333333333,TARGET,2024-03-05T15:08:47+00:00
IB30_ACCEPTED_BREAKOUT,2024-03-06,2024,2024-H1,SHORT,2024-03-06T15:00:02+00:00,18028.0,60.0,4.0,0.0,0.0,-21.0,STOP,True,56.0,0.9333333333333333,TARGET,2024-03-06T15:00:01+00:00
IB30_ACCEPTED_BREAKOUT,2024-03-07,2024,2024-H1,LONG,2024-03-07T15:15:34+00:00,18229.0,60.0,-60.0,-64.0,-1.0666666666666667,-61.0,STOP,False,-64.0,-1.0666666666666667,STOP,2024-03-07T15:15:33+00:00
IB30_ACCEPTED_BREAKOUT,2024-03-08,2024,2024-H1,LONG,2024-03-08T15:00:04+00:00,18391.25,60.0,49.0,45.0,0.75,-45.0,STOP,True,56.0,0.9333333333333333,TARGET,2024-03-08T15:00:03+00:00
IB30_ACCEPTED_BREAKOUT,2024-03-11,2024,2024-H1,SHORT,2024-03-11T14:02:36+00:00,17892.75,60.0,-60.0,-64.0,-1.0666666666666667,-66.0,STOP,False,-64.0,-1.0666666666666667,STOP,2024-03-11T14:02:35+00:00
IB30_ACCEPTED_BREAKOUT,2024-03-12,2024,2024-H1,LONG,2024-03-12T14:23:44+00:00,18094.25,60.0,120.0,116.0,1.9333333333333333,-16.0,TARGET,True,56.0,0.9333333333333333,TARGET,2024-03-12T14:23:43+00:00
IB30_ACCEPTED_BREAKOUT,2024-03-13,2024,2024-H1,SHORT,2024-03-13T14:00:02+00:00,18085.25,60.0,50.0,46.0,0.7666666666666667,-7.0,STOP,True,56.0,0.9333333333333333,TARGET,2024-03-13T14:00:01+00:00
IB30_ACCEPTED_BREAKOUT,2024-03-14,2024,2024-H1,SHORT,2024-03-14T14:00:02+00:00,17979.5,60.0,25.0,21.0,0.35,-7.0,STOP,True,56.0,0.9333333333333333,TARGET,2024-03-14T14:00:01+00:00
IB30_ACCEPTED_BREAKOUT,2024-03-18,2024,2024-H1,LONG,2024-03-18T14:25:29+00:00,18362.25,60.0,15.0,11.0,0.18333333333333332,-1.0,STOP,True,56.0,0.9333333333333333,TARGET,2024-03-18T14:25:28+00:00
IB30_ACCEPTED_BREAKOUT,2024-03-21,2024,2024-H1,SHORT,2024-03-21T14:31:15+00:00,18624.25,60.0,-60.0,-64.0,-1.0666666666666667,-61.0,STOP,False,-64.0,-1.0666666666666667,STOP,2024-03-21T14:31:14+00:00
IB30_ACCEPTED_BREAKOUT,2024-03-22,2024,2024-H1,LONG,2024-03-22T14:02:02+00:00,18548.0,60.0,8.0,4.0,0.06666666666666667,-21.0,STOP,True,56.0,0.9333333333333333,TARGET,2024-03-22T14:02:01+00:00
IB30_ACCEPTED_BREAKOUT,2024-03-25,2024,2024-H1,LONG,2024-03-25T14:08:19+00:00,18489.5,60.0,120.0,116.0,1.9333333333333333,-3.0,TARGET,True,56.0,0.9333333333333333,TARGET,2024-03-25T14:08:18+00:00
IB30_ACCEPTED_BREAKOUT,2024-03-26,2024,2024-H1,LONG,2024-03-26T14:00:33+00:00,18599.0,60.0,-60.0,-64.0,-1.0666666666666667,-60.0,STOP,False,-64.0,-1.0666666666666667,STOP,2024-03-26T14:00:32+00:00
IB30_ACCEPTED_BREAKOUT,2024-03-27,2024,2024-H1,SHORT,2024-03-27T14:00:28+00:00,18444.0,60.0,120.0,116.0,1.9333333333333333,-56.0,TARGET,True,56.0,0.9333333333333333,TARGET,2024-03-27T14:00:27+00:00
IB30_ACCEPTED_BREAKOUT,2024-04-01,2024,2024-H1,SHORT,2024-04-01T14:51:52+00:00,18477.25,60.0,120.0,116.0,1.9333333333333333,-48.0,TARGET,True,56.0,0.9333333333333333,TARGET,2024-04-01T14:51:51+00:00
IB30_ACCEPTED_BREAKOUT,2024-04-02,2024,2024-H1,SHORT,2024-04-02T14:00:18+00:00,18216.5,60.0,-60.0,-64.0,-1.0666666666666667,-71.0,STOP,False,-64.0,-1.0666666666666667,STOP,2024-04-02T14:00:17+00:00
IB30_ACCEPTED_BREAKOUT,2024-04-03,2024,2024-H1,LONG,2024-04-03T14:00:02+00:00,18290.0,60.0,120.0,116.0,1.9333333333333333,-21.0,TARGET,True,56.0,0.9333333333333333,TARGET,2024-04-03T14:00:01+00:00
IB30_ACCEPTED_BREAKOUT,2024-04-04,2024,2024-H1,SHORT,2024-04-04T14:22:31+00:00,18504.5,60.0,11.0,7.0,0.11666666666666667,-3.0,STOP,True,56.0,0.9333333333333333,TARGET,2024-04-04T14:22:30+00:00
IB30_ACCEPTED_BREAKOUT,2024-04-05,2024,2024-H1,LONG,2024-04-05T14:06:32+00:00,18230.0,60.0,-60.0,-64.0,-1.0666666666666667,-71.0,STOP,False,-64.0,-1.0666666666666667,STOP,2024-04-05T14:06:31+00:00
IB30_ACCEPTED_BREAKOUT,2024-04-08,2024,2024-H1,LONG,2024-04-08T14:29:26+00:00,18337.75,60.0,120.0,116.0,1.9333333333333333,-12.0,TARGET,True,56.0,0.9333333333333333,TARGET,2024-04-08T14:29:25+00:00
IB30_ACCEPTED_BREAKOUT,2024-04-09,2024,2024-H1,SHORT,2024-04-09T14:06:47+00:00,18334.25,60.0,-60.0,-64.0,-1.0666666666666667,-62.0,STOP,False,-64.0,-1.0666666666666667,STOP,2024-04-09T14:06:46+00:00
IB30_ACCEPTED_BREAKOUT,2024-04-10,2024,2024-H1,LONG,2024-04-10T14:33:13+00:00,18209.5,60.0,-60.0,-64.0,-1.0666666666666667,-61.0,STOP,False,-64.0,-1.0666666666666667,STOP,2024-04-10T14:33:12+00:00
IB30_ACCEPTED_BREAKOUT,2024-04-11,2024,2024-H1,SHORT,2024-04-11T14:07:23+00:00,18219.5,60.0,-60.0,-64.0,-1.0666666666666667,-63.0,STOP,False,-64.0,-1.0666666666666667,STOP,2024-04-11T14:07:22+00:00
IB30_ACCEPTED_BREAKOUT,2024-04-12,2024,2024-H1,SHORT,2024-04-12T14:07:30+00:00,18276.75,60.0,-60.0,-64.0,-1.0666666666666667,-65.0,STOP,False,-64.0,-1.0666666666666667,STOP,2024-04-12T14:07:29+00:00
IB30_ACCEPTED_BREAKOUT,2024-04-15,2024,2024-H1,SHORT,2024-04-15T14:08:15+00:00,18260.0,60.0,12.0,8.0,0.13333333333333333,-5.0,STOP,True,56.0,0.9333333333333333,TARGET,2024-04-15T14:08:14+00:00
IB30_ACCEPTED_BREAKOUT,2024-04-16,2024,2024-H1,LONG,2024-04-16T14:14:22+00:00,17913.25,60.0,13.0,9.0,0.15,-34.0,STOP,True,56.0,0.9333333333333333,TARGET,2024-04-16T14:14:21+00:00
IB30_ACCEPTED_BREAKOUT,2024-04-17,2024,2024-H1,SHORT,2024-04-17T14:01:06+00:00,17874.0,60.0,120.0,116.0,1.9333333333333333,-37.0,TARGET,True,56.0,0.9333333333333333,TARGET,2024-04-17T14:01:05+00:00
IB30_ACCEPTED_BREAKOUT,2024-04-18,2024,2024-H1,LONG,2024-04-18T14:35:30+00:00,17680.25,60.0,51.0,47.0,0.7833333333333333,-6.0,STOP,True,56.0,0.9333333333333333,TARGET,2024-04-18T14:35:29+00:00
IB30_ACCEPTED_BREAKOUT,2024-04-19,2024,2024-H1,SHORT,2024-04-19T14:10:16+00:00,17426.25,60.0,-60.0,-64.0,-1.0666666666666667,-61.0,STOP,False,-64.0,-1.0666666666666667,STOP,2024-04-19T14:10:15+00:00
IB30_ACCEPTED_BREAKOUT,2024-04-22,2024,2024-H1,SHORT,2024-04-22T14:14:34+00:00,17262.25,60.0,-60.0,-64.0,-1.0666666666666667,-60.0,STOP,False,-64.0,-1.0666666666666667,STOP,2024-04-22T14:14:33+00:00
IB30_ACCEPTED_BREAKOUT,2024-04-23,2024,2024-H1,LONG,2024-04-23T14:08:31+00:00,17529.0,60.0,-60.0,-64.0,-1.0666666666666667,-60.0,STOP,False,-64.0,-1.0666666666666667,STOP,2024-04-23T14:08:30+00:00
IB30_ACCEPTED_BREAKOUT,2024-04-24,2024,2024-H1,SHORT,2024-04-24T14:35:37+00:00,17708.0,60.0,-60.0,-64.0,-1.0666666666666667,-60.0,STOP,False,-64.0,-1.0666666666666667,STOP,2024-04-24T14:35:36+00:00
IB30_ACCEPTED_BREAKOUT,2024-04-25,2024,2024-H1,LONG,2024-04-25T14:06:50+00:00,17382.75,60.0,-60.0,-64.0,-1.0666666666666667,-62.0,STOP,False,-64.0,-1.0666666666666667,STOP,2024-04-25T14:06:49+00:00
IB30_ACCEPTED_BREAKOUT,2024-04-26,2024,2024-H1,LONG,2024-04-26T14:03:55+00:00,17806.25,60.0,-60.0,-64.0,-1.0666666666666667,-74.0,STOP,False,-64.0,-1.0666666666666667,STOP,2024-04-26T14:03:54+00:00
IB30_ACCEPTED_BREAKOUT,2024-04-30,2024,2024-H1,LONG,2024-04-30T14:02:08+00:00,17891.25,60.0,-60.0,-64.0,-1.0666666666666667,-68.0,STOP,False,-64.0,-1.0666666666666667,STOP,2024-04-30T14:02:07+00:00
IB30_ACCEPTED_BREAKOUT,2024-05-01,2024,2024-H1,SHORT,2024-05-01T14:00:30+00:00,17448.25,60.0,-60.0,-64.0,-1.0666666666666667,-60.0,STOP,False,-64.0,-1.0666666666666667,STOP,2024-05-01T14:00:29+00:00
IB30_ACCEPTED_BREAKOUT,2024-05-02,2024,2024-H1,SHORT,2024-05-02T14:01:14+00:00,17475.0,60.0,120.0,116.0,1.9333333333333333,-15.0,TARGET,True,56.0,0.9333333333333333,TARGET,2024-05-02T14:01:13+00:00
IB30_ACCEPTED_BREAKOUT,2024-05-03,2024,2024-H1,LONG,2024-05-03T14:00:02+00:00,18038.25,60.0,-60.0,-64.0,-1.0666666666666667,-66.0,STOP,False,-64.0,-1.0666666666666667,STOP,2024-05-03T14:00:01+00:00
IB30_ACCEPTED_BREAKOUT,2024-05-06,2024,2024-H1,LONG,2024-05-06T14:00:02+00:00,18112.25,60.0,-60.0,-64.0,-1.0666666666666667,-61.0,STOP,False,-64.0,-1.0666666666666667,STOP,2024-05-06T14:00:01+00:00
IB30_ACCEPTED_BREAKOUT,2024-05-07,2024,2024-H1,SHORT,2024-05-07T14:01:14+00:00,18185.0,60.0,-60.0,-64.0,-1.0666666666666667,-62.0,STOP,False,-64.0,-1.0666666666666667,STOP,2024-05-07T14:01:13+00:00
IB30_ACCEPTED_BREAKOUT,2024-05-08,2024,2024-H1,LONG,2024-05-08T14:00:46+00:00,18176.75,60.0,-60.0,-64.0,-1.0666666666666667,-62.0,STOP,False,-64.0,-1.0666666666666667,STOP,2024-05-08T14:00:45+00:00
IB30_ACCEPTED_BREAKOUT,2024-05-09,2024,2024-H1,LONG,2024-05-09T14:38:15+00:00,18204.5,60.0,-60.0,-64.0,-1.0666666666666667,-63.0,STOP,False,-64.0,-1.0666666666666667,STOP,2024-05-09T14:38:14+00:00
IB30_ACCEPTED_BREAKOUT,2024-05-10,2024,2024-H1,SHORT,2024-05-10T14:19:27+00:00,18253.0,60.0,7.0,3.0,0.05,-12.0,STOP,True,56.0,0.9333333333333333,TARGET,2024-05-10T14:19:26+00:00
IB30_ACCEPTED_BREAKOUT,2024-05-14,2024,2024-H1,LONG,2024-05-14T14:23:25+00:00,18328.75,60.0,120.0,116.0,1.9333333333333333,-15.0,TARGET,True,56.0,0.9333333333333333,TARGET,2024-05-14T14:23:24+00:00
IB30_ACCEPTED_BREAKOUT,2024-05-15,2024,2024-H1,LONG,2024-05-15T14:18:14+00:00,18532.75,60.0,120.0,116.0,1.9333333333333333,-37.0,TARGET,True,56.0,0.9333333333333333,TARGET,2024-05-15T14:18:13+00:00
IB30_ACCEPTED_BREAKOUT,2024-05-16,2024,2024-H1,LONG,2024-05-16T14:23:08+00:00,18717.75,60.0,120.0,116.0,1.9333333333333333,-33.0,TARGET,True,56.0,0.9333333333333333,TARGET,2024-05-16T14:23:07+00:00
IB30_ACCEPTED_BREAKOUT,2024-05-17,2024,2024-H1,LONG,2024-05-17T14:32:56+00:00,18668.5,60.0,-60.0,-64.0,-1.0666666666666667,-61.0,STOP,False,-64.0,-1.0666666666666667,STOP,2024-05-17T14:32:55+00:00
IB30_ACCEPTED_BREAKOUT,2024-05-20,2024,2024-H1,LONG,2024-05-20T14:21:11+00:00,18755.5,60.0,-60.0,-64.0,-1.0666666666666667,-61.0,STOP,False,-64.0,-1.0666666666666667,STOP,2024-05-20T14:21:10+00:00
IB30_ACCEPTED_BREAKOUT,2024-05-21,2024,2024-H1,LONG,2024-05-21T14:03:13+00:00,18720.25,60.0,-60.0,-64.0,-1.0666666666666667,-64.0,STOP,False,-64.0,-1.0666666666666667,STOP,2024-05-21T14:03:12+00:00
IB30_ACCEPTED_BREAKOUT,2024-05-22,2024,2024-H1,LONG,2024-05-22T14:00:08+00:00,18830.75,60.0,-60.0,-64.0,-1.0666666666666667,-63.0,STOP,False,-64.0,-1.0666666666666667,STOP,2024-05-22T14:00:07+00:00
IB30_ACCEPTED_BREAKOUT,2024-05-23,2024,2024-H1,SHORT,2024-05-23T14:54:58+00:00,18836.5,60.0,120.0,116.0,1.9333333333333333,-13.0,TARGET,True,56.0,0.9333333333333333,TARGET,2024-05-23T14:54:57+00:00
IB30_ACCEPTED_BREAKOUT,2024-05-24,2024,2024-H1,LONG,2024-05-24T14:00:35+00:00,18789.25,60.0,-60.0,-64.0,-1.0666666666666667,-61.0,STOP,False,-64.0,-1.0666666666666667,STOP,2024-05-24T14:00:34+00:00
IB30_ACCEPTED_BREAKOUT,2024-05-29,2024,2024-H1,LONG,2024-05-29T14:24:47+00:00,18851.25,60.0,6.0,2.0,0.03333333333333333,-9.0,STOP,True,56.0,0.9333333333333333,TARGET,2024-05-29T14:24:46+00:00
IB30_ACCEPTED_BREAKOUT,2024-05-30,2024,2024-H1,SHORT,2024-05-30T14:12:16+00:00,18694.5,60.0,-60.0,-64.0,-1.0666666666666667,-61.0,STOP,False,-64.0,-1.0666666666666667,STOP,2024-05-30T14:12:15+00:00
IB30_ACCEPTED_BREAKOUT,2024-05-31,2024,2024-H1,SHORT,2024-05-31T14:00:22+00:00,18525.25,60.0,27.0,23.0,0.38333333333333336,-2.0,STOP,True,56.0,0.9333333333333333,TARGET,2024-05-31T14:00:21+00:00
IB30_ACCEPTED_BREAKOUT,2024-06-03,2024,2024-H1,SHORT,2024-06-03T14:10:21+00:00,18647.25,60.0,-60.0,-64.0,-1.0666666666666667,-61.0,STOP,False,-64.0,-1.0666666666666667,STOP,2024-06-03T14:10:20+00:00
IB30_ACCEPTED_BREAKOUT,2024-06-04,2024,2024-H1,LONG,2024-06-04T14:00:09+00:00,18657.5,60.0,-60.0,-64.0,-1.0666666666666667,-81.0,STOP,False,-64.0,-1.0666666666666667,STOP,2024-06-04T14:00:08+00:00
IB30_ACCEPTED_BREAKOUT,2024-06-05,2024,2024-H1,SHORT,2024-06-05T14:00:08+00:00,18806.5,60.0,-60.0,-64.0,-1.0666666666666667,-78.0,STOP,False,-64.0,-1.0666666666666667,STOP,2024-06-05T14:00:07+00:00
IB30_ACCEPTED_BREAKOUT,2024-06-07,2024,2024-H1,LONG,2024-06-07T14:37:15+00:00,19067.25,60.0,120.0,116.0,1.9333333333333333,-41.0,TARGET,True,56.0,0.9333333333333333,TARGET,2024-06-07T14:37:14+00:00
IB30_ACCEPTED_BREAKOUT,2024-06-10,2024,2024-H1,LONG,2024-06-10T14:21:42+00:00,19025.0,60.0,14.0,10.0,0.16666666666666666,-31.0,STOP,True,56.0,0.9333333333333333,TARGET,2024-06-10T14:21:41+00:00
IB30_ACCEPTED_BREAKOUT,2024-06-11,2024,2024-H1,LONG,2024-06-11T14:29:06+00:00,19087.75,60.0,120.0,116.0,1.9333333333333333,-35.0,TARGET,True,56.0,0.9333333333333333,TARGET,2024-06-11T14:29:05+00:00
IB30_ACCEPTED_BREAKOUT,2024-06-12,2024,2024-H1,LONG,2024-06-12T14:14:17+00:00,19508.5,60.0,4.0,0.0,0.0,-8.0,STOP,True,56.0,0.9333333333333333,TARGET,2024-06-12T14:14:16+00:00
IB30_ACCEPTED_BREAKOUT,2024-06-13,2024,2024-H1,SHORT,2024-06-13T14:10:59+00:00,19613.25,60.0,19.0,15.0,0.25,-17.0,STOP,True,56.0,0.9333333333333333,TARGET,2024-06-13T14:10:58+00:00
IB30_ACCEPTED_BREAKOUT,2024-06-14,2024,2024-H1,LONG,2024-06-14T14:24:27+00:00,19647.75,60.0,-60.0,-64.0,-1.0666666666666667,-64.0,STOP,False,-64.0,-1.0666666666666667,STOP,2024-06-14T14:24:26+00:00
IB30_ACCEPTED_BREAKOUT,2024-06-17,2024,2024-H1,LONG,2024-06-17T14:10:58+00:00,19710.75,60.0,-60.0,-64.0,-1.0666666666666667,-63.0,STOP,False,-64.0,-1.0666666666666667,STOP,2024-06-17T14:10:57+00:00
IB30_ACCEPTED_BREAKOUT,2024-06-18,2024,2024-H1,SHORT,2024-06-18T14:45:07+00:00,19888.0,60.0,-60.0,-64.0,-1.0666666666666667,-60.0,STOP,False,-64.0,-1.0666666666666667,STOP,2024-06-18T14:45:06+00:00
IB30_ACCEPTED_BREAKOUT,2024-06-20,2024,2024-H1,SHORT,2024-06-20T14:08:16+00:00,19925.5,60.0,120.0,116.0,1.9333333333333333,-29.0,TARGET,True,56.0,0.9333333333333333,TARGET,2024-06-20T14:08:15+00:00
IB30_ACCEPTED_BREAKOUT,2024-06-24,2024,2024-H1,LONG,2024-06-24T14:01:04+00:00,19968.0,60.0,27.0,23.0,0.38333333333333336,-1.0,STOP,True,56.0,0.9333333333333333,TARGET,2024-06-24T14:01:03+00:00
IB30_ACCEPTED_BREAKOUT,2024-06-25,2024,2024-H1,LONG,2024-06-25T14:00:54+00:00,19853.0,60.0,-60.0,-64.0,-1.0666666666666667,-60.0,STOP,False,-64.0,-1.0666666666666667,STOP,2024-06-25T14:00:53+00:00
IB30_ACCEPTED_BREAKOUT,2024-06-26,2024,2024-H1,LONG,2024-06-26T14:06:09+00:00,20001.0,60.0,4.0,0.0,0.0,-13.0,STOP,True,56.0,0.9333333333333333,TARGET,2024-06-26T14:06:08+00:00
IB30_ACCEPTED_BREAKOUT,2024-06-27,2024,2024-H1,LONG,2024-06-27T14:14:50+00:00,20109.25,60.0,-60.0,-64.0,-1.0666666666666667,-61.0,STOP,False,-64.0,-1.0666666666666667,STOP,2024-06-27T14:14:49+00:00
IB30_ACCEPTED_BREAKOUT,2024-06-28,2024,2024-H1,LONG,2024-06-28T14:00:02+00:00,20162.5,60.0,9.0,5.0,0.08333333333333333,-9.0,STOP,True,56.0,0.9333333333333333,TARGET,2024-06-28T14:00:01+00:00
IB30_ACCEPTED_BREAKOUT,2024-07-01,2024,2024-H2,SHORT,2024-07-01T14:12:22+00:00,19838.25,60.0,-60.0,-64.0,-1.0666666666666667,-67.0,STOP,False,-64.0,-1.0666666666666667,STOP,2024-07-01T14:12:21+00:00
IB30_ACCEPTED_BREAKOUT,2024-07-02,2024,2024-H2,LONG,2024-07-02T14:40:14+00:00,20101.75,60.0,-60.0,-64.0,-1.0666666666666667,-65.0,STOP,False,-64.0,-1.0666666666666667,STOP,2024-07-02T14:40:13+00:00
IB30_ACCEPTED_BREAKOUT,2024-07-03,2024,2024-H2,LONG,2024-07-03T14:06:41+00:00,20285.5,60.0,-60.0,-64.0,-1.0666666666666667,-62.0,STOP,False,-64.0,-1.0666666666666667,STOP,2024-07-03T14:06:40+00:00
IB30_ACCEPTED_BREAKOUT,2024-07-05,2024,2024-H2,LONG,2024-07-05T14:00:44+00:00,20518.0,60.0,45.0,41.0,0.6833333333333333,-5.0,STOP,True,56.0,0.9333333333333333,TARGET,2024-07-05T14:00:43+00:00
IB30_ACCEPTED_BREAKOUT,2024-07-08,2024,2024-H2,SHORT,2024-07-08T14:01:08+00:00,20597.25,60.0,-60.0,-64.0,-1.0666666666666667,-60.0,STOP,False,-64.0,-1.0666666666666667,STOP,2024-07-08T14:01:07+00:00
IB30_ACCEPTED_BREAKOUT,2024-07-09,2024,2024-H2,SHORT,2024-07-09T14:06:12+00:00,20718.5,60.0,-60.0,-64.0,-1.0666666666666667,-60.0,STOP,False,-64.0,-1.0666666666666667,STOP,2024-07-09T14:06:11+00:00
IB30_ACCEPTED_BREAKOUT,2024-07-10,2024,2024-H2,LONG,2024-07-10T14:05:26+00:00,20778.25,60.0,13.0,9.0,0.15,-36.0,STOP,True,56.0,0.9333333333333333,TARGET,2024-07-10T14:05:25+00:00
IB30_ACCEPTED_BREAKOUT,2024-07-11,2024,2024-H2,SHORT,2024-07-11T14:09:39+00:00,20820.75,60.0,120.0,116.0,1.9333333333333333,-27.0,TARGET,True,56.0,0.9333333333333333,TARGET,2024-07-11T14:09:38+00:00
IB30_ACCEPTED_BREAKOUT,2024-07-12,2024,2024-H2,LONG,2024-07-12T14:00:03+00:00,20550.25,60.0,28.0,24.0,0.4,-23.0,STOP,True,56.0,0.9333333333333333,TARGET,2024-07-12T14:00:02+00:00
IB30_ACCEPTED_BREAKOUT,2024-07-15,2024,2024-H2,LONG,2024-07-15T14:05:02+00:00,20667.75,60.0,-60.0,-64.0,-1.0666666666666667,-62.0,STOP,False,-64.0,-1.0666666666666667,STOP,2024-07-15T14:05:01+00:00
IB30_ACCEPTED_BREAKOUT,2024-07-16,2024,2024-H2,SHORT,2024-07-16T14:01:08+00:00,20565.75,60.0,120.0,116.0,1.9333333333333333,-31.0,TARGET,True,56.0,0.9333333333333333,TARGET,2024-07-16T14:01:07+00:00
IB30_ACCEPTED_BREAKOUT,2024-07-17,2024,2024-H2,SHORT,2024-07-17T14:00:11+00:00,20202.5,60.0,120.0,116.0,1.9333333333333333,-38.0,TARGET,True,56.0,0.9333333333333333,TARGET,2024-07-17T14:00:10+00:00
IB30_ACCEPTED_BREAKOUT,2024-07-18,2024,2024-H2,SHORT,2024-07-18T14:31:10+00:00,20016.5,60.0,120.0,116.0,1.9333333333333333,-9.0,TARGET,True,56.0,0.9333333333333333,TARGET,2024-07-18T14:31:09+00:00
IB30_ACCEPTED_BREAKOUT,2024-07-19,2024,2024-H2,SHORT,2024-07-19T14:27:14+00:00,19832.0,60.0,19.0,15.0,0.25,-9.0,STOP,True,56.0,0.9333333333333333,TARGET,2024-07-19T14:27:13+00:00
IB30_ACCEPTED_BREAKOUT,2024-07-23,2024,2024-H2,LONG,2024-07-23T14:21:23+00:00,20036.5,60.0,-60.0,-64.0,-1.0666666666666667,-60.0,STOP,False,-64.0,-1.0666666666666667,STOP,2024-07-23T14:21:22+00:00
IB30_ACCEPTED_BREAKOUT,2024-07-24,2024,2024-H2,SHORT,2024-07-24T14:00:06+00:00,19497.0,60.0,-60.0,-64.0,-1.0666666666666667,-68.0,STOP,False,-64.0,-1.0666666666666667,STOP,2024-07-24T14:00:05+00:00
IB30_ACCEPTED_BREAKOUT,2024-07-25,2024,2024-H2,SHORT,2024-07-25T14:00:32+00:00,19015.5,60.0,-60.0,-64.0,-1.0666666666666667,-74.0,STOP,False,-64.0,-1.0666666666666667,STOP,2024-07-25T14:00:31+00:00
IB30_ACCEPTED_BREAKOUT,2024-07-26,2024,2024-H2,LONG,2024-07-26T14:01:02+00:00,19170.25,60.0,-60.0,-64.0,-1.0666666666666667,-74.0,STOP,False,-64.0,-1.0666666666666667,STOP,2024-07-26T14:01:01+00:00
IB30_ACCEPTED_BREAKOUT,2024-07-29,2024,2024-H2,LONG,2024-07-29T14:00:33+00:00,19371.0,60.0,-60.0,-64.0,-1.0666666666666667,-60.0,STOP,False,-64.0,-1.0666666666666667,STOP,2024-07-29T14:00:32+00:00
IB30_ACCEPTED_BREAKOUT,2024-07-30,2024,2024-H2,SHORT,2024-07-30T14:01:15+00:00,19203.5,60.0,120.0,116.0,1.9333333333333333,-11.0,TARGET,True,56.0,0.9333333333333333,TARGET,2024-07-30T14:01:14+00:00
IB30_ACCEPTED_BREAKOUT,2024-07-31,2024,2024-H2,LONG,2024-07-31T14:01:35+00:00,19416.75,60.0,-60.0,-64.0,-1.0666666666666667,-72.0,STOP,False,-64.0,-1.0666666666666667,STOP,2024-07-31T14:01:34+00:00
IB30_ACCEPTED_BREAKOUT,2024-08-01,2024,2024-H2,SHORT,2024-08-01T14:21:44+00:00,19497.75,60.0,-60.0,-64.0,-1.0666666666666667,-60.0,STOP,False,-64.0,-1.0666666666666667,STOP,2024-08-01T14:21:43+00:00
IB30_ACCEPTED_BREAKOUT,2024-08-02,2024,2024-H2,SHORT,2024-08-02T14:05:08+00:00,18529.0,60.0,120.0,116.0,1.9333333333333333,-7.0,TARGET,True,56.0,0.9333333333333333,TARGET,2024-08-02T14:05:07+00:00
IB30_ACCEPTED_BREAKOUT,2024-08-05,2024,2024-H2,LONG,2024-08-05T14:00:06+00:00,17958.75,60.0,-60.0,-64.0,-1.0666666666666667,-101.0,STOP,False,-64.0,-1.0666666666666667,STOP,2024-08-05T14:00:05+00:00
IB30_ACCEPTED_BREAKOUT,2024-08-06,2024,2024-H2,LONG,2024-08-06T14:02:53+00:00,18181.5,60.0,-60.0,-64.0,-1.0666666666666667,-72.0,STOP,False,-64.0,-1.0666666666666667,STOP,2024-08-06T14:02:52+00:00
IB30_ACCEPTED_BREAKOUT,2024-08-07,2024,2024-H2,SHORT,2024-08-07T14:19:04+00:00,18426.25,60.0,-60.0,-64.0,-1.0666666666666667,-66.0,STOP,False,-64.0,-1.0666666666666667,STOP,2024-08-07T14:19:03+00:00
IB30_ACCEPTED_BREAKOUT,2024-08-08,2024,2024-H2,LONG,2024-08-08T14:02:37+00:00,18248.25,60.0,26.0,22.0,0.36666666666666664,-9.0,STOP,True,56.0,0.9333333333333333,TARGET,2024-08-08T14:02:36+00:00
IB30_ACCEPTED_BREAKOUT,2024-08-09,2024,2024-H2,SHORT,2024-08-09T14:00:08+00:00,18419.0,60.0,-60.0,-64.0,-1.0666666666666667,-67.0,STOP,False,-64.0,-1.0666666666666667,STOP,2024-08-09T14:00:07+00:00
IB30_ACCEPTED_BREAKOUT,2024-08-12,2024,2024-H2,LONG,2024-08-12T14:16:17+00:00,18675.75,60.0,-60.0,-64.0,-1.0666666666666667,-82.0,STOP,False,-64.0,-1.0666666666666667,STOP,2024-08-12T14:16:16+00:00
IB30_ACCEPTED_BREAKOUT,2024-08-13,2024,2024-H2,LONG,2024-08-13T14:01:16+00:00,18913.5,60.0,-60.0,-64.0,-1.0666666666666667,-63.0,STOP,False,-64.0,-1.0666666666666667,STOP,2024-08-13T14:01:15+00:00
IB30_ACCEPTED_BREAKOUT,2024-08-14,2024,2024-H2,SHORT,2024-08-14T14:10:08+00:00,19007.0,60.0,120.0,116.0,1.9333333333333333,-18.0,TARGET,True,56.0,0.9333333333333333,TARGET,2024-08-14T14:10:07+00:00
IB30_ACCEPTED_BREAKOUT,2024-08-15,2024,2024-H2,LONG,2024-08-15T14:00:03+00:00,19463.25,60.0,18.0,14.0,0.23333333333333334,-58.0,STOP,True,56.0,0.9333333333333333,TARGET,2024-08-15T14:00:02+00:00
IB30_ACCEPTED_BREAKOUT,2024-08-16,2024,2024-H2,LONG,2024-08-16T14:02:18+00:00,19538.75,60.0,-60.0,-64.0,-1.0666666666666667,-62.0,STOP,False,-64.0,-1.0666666666666667,STOP,2024-08-16T14:02:17+00:00
IB30_ACCEPTED_BREAKOUT,2024-08-19,2024,2024-H2,SHORT,2024-08-19T14:19:10+00:00,19540.25,60.0,-60.0,-64.0,-1.0666666666666667,-62.0,STOP,False,-64.0,-1.0666666666666667,STOP,2024-08-19T14:19:09+00:00
IB30_ACCEPTED_BREAKOUT,2024-08-20,2024,2024-H2,SHORT,2024-08-20T14:17:43+00:00,19816.0,60.0,-60.0,-64.0,-1.0666666666666667,-65.0,STOP,False,-64.0,-1.0666666666666667,STOP,2024-08-20T14:17:42+00:00
IB30_ACCEPTED_BREAKOUT,2024-08-21,2024,2024-H2,LONG,2024-08-21T14:00:10+00:00,19891.5,60.0,8.0,4.0,0.06666666666666667,-7.0,STOP,True,56.0,0.9333333333333333,TARGET,2024-08-21T14:00:09+00:00
IB30_ACCEPTED_BREAKOUT,2024-08-22,2024,2024-H2,SHORT,2024-08-22T14:06:21+00:00,19942.5,60.0,120.0,116.0,1.9333333333333333,-30.0,TARGET,True,56.0,0.9333333333333333,TARGET,2024-08-22T14:06:20+00:00
IB30_ACCEPTED_BREAKOUT,2024-08-23,2024,2024-H2,LONG,2024-08-23T14:00:03+00:00,19768.75,60.0,21.0,17.0,0.2833333333333333,-1.0,STOP,True,56.0,0.9333333333333333,TARGET,2024-08-23T14:00:02+00:00
IB30_ACCEPTED_BREAKOUT,2024-08-26,2024,2024-H2,SHORT,2024-08-26T14:01:04+00:00,19710.0,60.0,4.0,0.0,0.0,-18.0,STOP,True,56.0,0.9333333333333333,TARGET,2024-08-26T14:01:03+00:00
IB30_ACCEPTED_BREAKOUT,2024-08-27,2024,2024-H2,LONG,2024-08-27T14:10:58+00:00,19575.25,60.0,7.0,3.0,0.05,-18.0,STOP,True,56.0,0.9333333333333333,TARGET,2024-08-27T14:10:57+00:00
IB30_ACCEPTED_BREAKOUT,2024-08-28,2024,2024-H2,SHORT,2024-08-28T14:00:24+00:00,19528.25,60.0,-60.0,-64.0,-1.0666666666666667,-61.0,STOP,False,-64.0,-1.0666666666666667,STOP,2024-08-28T14:00:23+00:00
IB30_ACCEPTED_BREAKOUT,2024-08-29,2024,2024-H2,LONG,2024-08-29T14:00:02+00:00,19666.75,60.0,13.0,9.0,0.15,-3.0,STOP,True,56.0,0.9333333333333333,TARGET,2024-08-29T14:00:01+00:00
IB30_ACCEPTED_BREAKOUT,2024-08-30,2024,2024-H2,LONG,2024-08-30T14:00:08+00:00,19603.25,60.0,23.0,19.0,0.31666666666666665,-3.0,STOP,True,56.0,0.9333333333333333,TARGET,2024-08-30T14:00:07+00:00
IB30_ACCEPTED_BREAKOUT,2024-09-03,2024,2024-H2,SHORT,2024-09-03T14:00:17+00:00,19325.75,60.0,8.0,4.0,0.06666666666666667,-30.0,STOP,True,56.0,0.9333333333333333,TARGET,2024-09-03T14:00:16+00:00
IB30_ACCEPTED_BREAKOUT,2024-09-04,2024,2024-H2,SHORT,2024-09-04T14:00:30+00:00,18852.75,60.0,-60.0,-64.0,-1.0666666666666667,-67.0,STOP,False,-64.0,-1.0666666666666667,STOP,2024-09-04T14:00:29+00:00
IB30_ACCEPTED_BREAKOUT,2024-09-05,2024,2024-H2,LONG,2024-09-05T14:00:02+00:00,19080.0,60.0,-60.0,-64.0,-1.0666666666666667,-66.0,STOP,False,-64.0,-1.0666666666666667,STOP,2024-09-05T14:00:01+00:00
IB30_ACCEPTED_BREAKOUT,2024-09-06,2024,2024-H2,SHORT,2024-09-06T14:00:02+00:00,18724.25,60.0,-60.0,-64.0,-1.0666666666666667,-61.0,STOP,False,-64.0,-1.0666666666666667,STOP,2024-09-06T14:00:01+00:00
IB30_ACCEPTED_BREAKOUT,2024-09-09,2024,2024-H2,LONG,2024-09-09T14:10:38+00:00,18704.0,60.0,7.0,3.0,0.05,-3.0,STOP,True,56.0,0.9333333333333333,TARGET,2024-09-09T14:10:37+00:00
IB30_ACCEPTED_BREAKOUT,2024-09-10,2024,2024-H2,SHORT,2024-09-10T14:13:42+00:00,18712.0,60.0,5.0,1.0,0.016666666666666666,-7.0,STOP,True,56.0,0.9333333333333333,TARGET,2024-09-10T14:13:41+00:00
IB30_ACCEPTED_BREAKOUT,2024-09-11,2024,2024-H2,SHORT,2024-09-11T14:00:09+00:00,18769.5,60.0,51.0,47.0,0.7833333333333333,-22.0,STOP,True,56.0,0.9333333333333333,TARGET,2024-09-11T14:00:08+00:00
IB30_ACCEPTED_BREAKOUT,2024-09-12,2024,2024-H2,LONG,2024-09-12T14:12:25+00:00,19294.5,60.0,45.0,41.0,0.6833333333333333,-20.0,STOP,True,56.0,0.9333333333333333,TARGET,2024-09-12T14:12:24+00:00
IB30_ACCEPTED_BREAKOUT,2024-09-13,2024,2024-H2,LONG,2024-09-13T14:00:05+00:00,19509.75,60.0,-60.0,-64.0,-1.0666666666666667,-62.0,STOP,False,-64.0,-1.0666666666666667,STOP,2024-09-13T14:00:04+00:00
IB30_ACCEPTED_BREAKOUT,2024-09-16,2024,2024-H2,SHORT,2024-09-16T14:34:14+00:00,19311.5,60.0,-60.0,-64.0,-1.0666666666666667,-60.0,STOP,False,-64.0,-1.0666666666666667,STOP,2024-09-16T14:34:13+00:00
IB30_ACCEPTED_BREAKOUT,2024-09-17,2024,2024-H2,LONG,2024-09-17T14:45:04+00:00,19603.5,60.0,-60.0,-64.0,-1.0666666666666667,-74.0,STOP,False,-64.0,-1.0666666666666667,STOP,2024-09-17T14:45:03+00:00
IB30_ACCEPTED_BREAKOUT,2024-09-18,2024,2024-H2,SHORT,2024-09-18T14:11:45+00:00,19429.25,60.0,13.0,9.0,0.15,-21.0,STOP,True,56.0,0.9333333333333333,TARGET,2024-09-18T14:11:44+00:00
IB30_ACCEPTED_BREAKOUT,2024-09-19,2024,2024-H2,LONG,2024-09-19T14:18:01+00:00,19843.0,60.0,4.0,0.0,0.0,-23.0,STOP,True,56.0,0.9333333333333333,TARGET,2024-09-19T14:18:00+00:00
IB30_ACCEPTED_BREAKOUT,2024-09-23,2024,2024-H2,LONG,2024-09-23T14:23:14+00:00,20111.25,60.0,-60.0,-64.0,-1.0666666666666667,-75.0,STOP,False,-64.0,-1.0666666666666667,STOP,2024-09-23T14:23:13+00:00
IB30_ACCEPTED_BREAKOUT,2024-09-24,2024,2024-H2,SHORT,2024-09-24T14:00:03+00:00,20079.5,60.0,120.0,116.0,1.9333333333333333,-13.0,TARGET,True,56.0,0.9333333333333333,TARGET,2024-09-24T14:00:02+00:00
IB30_ACCEPTED_BREAKOUT,2024-09-25,2024,2024-H2,LONG,2024-09-25T14:00:02+00:00,20240.25,60.0,-60.0,-64.0,-1.0666666666666667,-61.0,STOP,False,-64.0,-1.0666666666666667,STOP,2024-09-25T14:00:01+00:00
IB30_ACCEPTED_BREAKOUT,2024-09-26,2024,2024-H2,SHORT,2024-09-26T14:05:07+00:00,20393.75,60.0,-60.0,-64.0,-1.0666666666666667,-62.0,STOP,False,-64.0,-1.0666666666666667,STOP,2024-09-26T14:05:06+00:00
IB30_ACCEPTED_BREAKOUT,2024-09-27,2024,2024-H2,SHORT,2024-09-27T14:12:56+00:00,20307.25,60.0,8.0,4.0,0.06666666666666667,-36.0,STOP,True,56.0,0.9333333333333333,TARGET,2024-09-27T14:12:55+00:00
IB30_ACCEPTED_BREAKOUT,2024-09-30,2024,2024-H2,SHORT,2024-09-30T14:09:15+00:00,20166.75,60.0,-60.0,-64.0,-1.0666666666666667,-63.0,STOP,False,-64.0,-1.0666666666666667,STOP,2024-09-30T14:09:14+00:00
IB30_ACCEPTED_BREAKOUT,2024-10-01,2024,2024-H2,SHORT,2024-10-01T14:09:23+00:00,19974.25,60.0,120.0,116.0,1.9333333333333333,-15.0,TARGET,True,56.0,0.9333333333333333,TARGET,2024-10-01T14:09:22+00:00
IB30_ACCEPTED_BREAKOUT,2024-10-02,2024,2024-H2,LONG,2024-10-02T14:03:24+00:00,19974.5,60.0,-60.0,-64.0,-1.0666666666666667,-63.0,STOP,False,-64.0,-1.0666666666666667,STOP,2024-10-02T14:03:23+00:00
IB30_ACCEPTED_BREAKOUT,2024-10-03,2024,2024-H2,LONG,2024-10-03T14:00:09+00:00,20050.75,60.0,5.0,1.0,0.016666666666666666,-37.0,STOP,True,56.0,0.9333333333333333,TARGET,2024-10-03T14:00:08+00:00
IB30_ACCEPTED_BREAKOUT,2024-10-04,2024,2024-H2,SHORT,2024-10-04T14:00:06+00:00,20071.25,60.0,-60.0,-64.0,-1.0666666666666667,-79.0,STOP,False,-64.0,-1.0666666666666667,STOP,2024-10-04T14:00:05+00:00
IB30_ACCEPTED_BREAKOUT,2024-10-07,2024,2024-H2,LONG,2024-10-07T14:16:52+00:00,20167.0,60.0,21.0,17.0,0.2833333333333333,-57.0,STOP,True,56.0,0.9333333333333333,TARGET,2024-10-07T14:16:51+00:00
IB30_ACCEPTED_BREAKOUT,2024-10-08,2024,2024-H2,LONG,2024-10-08T14:00:02+00:00,20171.75,60.0,120.0,116.0,1.9333333333333333,-12.0,TARGET,True,56.0,0.9333333333333333,TARGET,2024-10-08T14:00:01+00:00
IB30_ACCEPTED_BREAKOUT,2024-10-09,2024,2024-H2,LONG,2024-10-09T14:07:08+00:00,20301.0,60.0,-60.0,-64.0,-1.0666666666666667,-61.0,STOP,False,-64.0,-1.0666666666666667,STOP,2024-10-09T14:07:07+00:00
IB30_ACCEPTED_BREAKOUT,2024-10-10,2024,2024-H2,LONG,2024-10-10T14:05:37+00:00,20394.25,60.0,-60.0,-64.0,-1.0666666666666667,-69.0,STOP,False,-64.0,-1.0666666666666667,STOP,2024-10-10T14:05:36+00:00
IB30_ACCEPTED_BREAKOUT,2024-10-11,2024,2024-H2,LONG,2024-10-11T14:02:27+00:00,20378.0,60.0,-60.0,-64.0,-1.0666666666666667,-64.0,STOP,False,-64.0,-1.0666666666666667,STOP,2024-10-11T14:02:26+00:00
IB30_ACCEPTED_BREAKOUT,2024-10-14,2024,2024-H2,LONG,2024-10-14T14:00:02+00:00,20674.25,60.0,-60.0,-64.0,-1.0666666666666667,-61.0,STOP,False,-64.0,-1.0666666666666667,STOP,2024-10-14T14:00:01+00:00
IB30_ACCEPTED_BREAKOUT,2024-10-15,2024,2024-H2,SHORT,2024-10-15T14:10:57+00:00,20606.25,60.0,120.0,116.0,1.9333333333333333,-32.0,TARGET,True,56.0,0.9333333333333333,TARGET,2024-10-15T14:10:56+00:00
IB30_ACCEPTED_BREAKOUT,2024-10-16,2024,2024-H2,SHORT,2024-10-16T14:00:09+00:00,20213.5,60.0,-60.0,-64.0,-1.0666666666666667,-60.0,STOP,False,-64.0,-1.0666666666666667,STOP,2024-10-16T14:00:08+00:00
IB30_ACCEPTED_BREAKOUT,2024-10-17,2024,2024-H2,SHORT,2024-10-17T14:01:58+00:00,20389.5,60.0,13.0,9.0,0.15,-9.0,STOP,True,56.0,0.9333333333333333,TARGET,2024-10-17T14:01:57+00:00
IB30_ACCEPTED_BREAKOUT,2024-10-18,2024,2024-H2,LONG,2024-10-18T14:08:14+00:00,20515.75,60.0,-60.0,-64.0,-1.0666666666666667,-62.0,STOP,False,-64.0,-1.0666666666666667,STOP,2024-10-18T14:08:13+00:00
IB30_ACCEPTED_BREAKOUT,2024-10-21,2024,2024-H2,LONG,2024-10-21T14:03:23+00:00,20506.75,60.0,120.0,116.0,1.9333333333333333,-50.0,TARGET,True,56.0,0.9333333333333333,TARGET,2024-10-21T14:03:22+00:00
IB30_ACCEPTED_BREAKOUT,2024-10-22,2024,2024-H2,LONG,2024-10-22T14:06:10+00:00,20487.0,60.0,120.0,116.0,1.9333333333333333,-14.0,TARGET,True,56.0,0.9333333333333333,TARGET,2024-10-22T14:06:09+00:00
IB30_ACCEPTED_BREAKOUT,2024-10-23,2024,2024-H2,SHORT,2024-10-23T14:01:30+00:00,20405.0,60.0,120.0,116.0,1.9333333333333333,-51.0,TARGET,True,56.0,0.9333333333333333,TARGET,2024-10-23T14:01:29+00:00
IB30_ACCEPTED_BREAKOUT,2024-10-24,2024,2024-H2,LONG,2024-10-24T14:02:53+00:00,20376.75,60.0,-60.0,-64.0,-1.0666666666666667,-61.0,STOP,False,-64.0,-1.0666666666666667,STOP,2024-10-24T14:02:52+00:00
IB30_ACCEPTED_BREAKOUT,2024-10-25,2024,2024-H2,LONG,2024-10-25T14:00:02+00:00,20663.0,60.0,120.0,116.0,1.9333333333333333,-32.0,TARGET,True,56.0,0.9333333333333333,TARGET,2024-10-25T14:00:01+00:00
IB30_ACCEPTED_BREAKOUT,2024-10-29,2024,2024-H2,LONG,2024-10-29T14:00:04+00:00,20534.25,60.0,-60.0,-64.0,-1.0666666666666667,-81.0,STOP,False,-64.0,-1.0666666666666667,STOP,2024-10-29T14:00:03+00:00
IB30_ACCEPTED_BREAKOUT,2024-10-30,2024,2024-H2,LONG,2024-10-30T14:09:32+00:00,20674.75,60.0,-60.0,-64.0,-1.0666666666666667,-64.0,STOP,False,-64.0,-1.0666666666666667,STOP,2024-10-30T14:09:31+00:00
IB30_ACCEPTED_BREAKOUT,2024-10-31,2024,2024-H2,SHORT,2024-10-31T14:00:24+00:00,20146.25,60.0,-60.0,-64.0,-1.0666666666666667,-60.0,STOP,False,-64.0,-1.0666666666666667,STOP,2024-10-31T14:00:23+00:00
IB30_ACCEPTED_BREAKOUT,2024-11-01,2024,2024-H2,LONG,2024-11-01T14:00:03+00:00,20179.0,60.0,-60.0,-64.0,-1.0666666666666667,-76.0,STOP,False,-64.0,-1.0666666666666667,STOP,2024-11-01T14:00:02+00:00
IB30_ACCEPTED_BREAKOUT,2024-11-04,2024,2024-H2,LONG,2024-11-04T15:00:12+00:00,20144.75,60.0,-60.0,-64.0,-1.0666666666666667,-64.0,STOP,False,-64.0,-1.0666666666666667,STOP,2024-11-04T15:00:11+00:00
IB30_ACCEPTED_BREAKOUT,2024-11-05,2024,2024-H2,LONG,2024-11-05T15:00:02+00:00,20303.5,60.0,11.0,7.0,0.11666666666666667,-6.0,STOP,True,56.0,0.9333333333333333,TARGET,2024-11-05T15:00:01+00:00
IB30_ACCEPTED_BREAKOUT,2024-11-06,2024,2024-H2,LONG,2024-11-06T15:31:31+00:00,20816.5,60.0,-60.0,-64.0,-1.0666666666666667,-63.0,STOP,False,-64.0,-1.0666666666666667,STOP,2024-11-06T15:31:30+00:00
IB30_ACCEPTED_BREAKOUT,2024-11-07,2024,2024-H2,LONG,2024-11-07T15:00:02+00:00,21112.0,60.0,-60.0,-64.0,-1.0666666666666667,-61.0,STOP,False,-64.0,-1.0666666666666667,STOP,2024-11-07T15:00:01+00:00
IB30_ACCEPTED_BREAKOUT,2024-11-08,2024,2024-H2,SHORT,2024-11-08T15:06:41+00:00,21175.5,60.0,-60.0,-64.0,-1.0666666666666667,-62.0,STOP,False,-64.0,-1.0666666666666667,STOP,2024-11-08T15:06:40+00:00
IB30_ACCEPTED_BREAKOUT,2024-11-11,2024,2024-H2,SHORT,2024-11-11T15:01:54+00:00,21161.75,60.0,-60.0,-64.0,-1.0666666666666667,-67.0,STOP,False,-64.0,-1.0666666666666667,STOP,2024-11-11T15:01:53+00:00
IB30_ACCEPTED_BREAKOUT,2024-11-12,2024,2024-H2,SHORT,2024-11-12T15:08:09+00:00,21180.5,60.0,-60.0,-64.0,-1.0666666666666667,-62.0,STOP,False,-64.0,-1.0666666666666667,STOP,2024-11-12T15:08:08+00:00
IB30_ACCEPTED_BREAKOUT,2024-11-13,2024,2024-H2,SHORT,2024-11-13T15:00:29+00:00,21120.0,60.0,46.0,42.0,0.7,-35.0,STOP,True,56.0,0.9333333333333333,TARGET,2024-11-13T15:00:28+00:00
IB30_ACCEPTED_BREAKOUT,2024-11-14,2024,2024-H2,SHORT,2024-11-14T15:19:16+00:00,21060.0,60.0,18.0,14.0,0.23333333333333334,-33.0,STOP,True,56.0,0.9333333333333333,TARGET,2024-11-14T15:19:15+00:00
IB30_ACCEPTED_BREAKOUT,2024-11-15,2024,2024-H2,SHORT,2024-11-15T15:01:47+00:00,20674.5,60.0,-60.0,-64.0,-1.0666666666666667,-62.0,STOP,False,-64.0,-1.0666666666666667,STOP,2024-11-15T15:01:46+00:00
IB30_ACCEPTED_BREAKOUT,2024-11-18,2024,2024-H2,LONG,2024-11-18T15:04:09+00:00,20572.25,60.0,4.0,0.0,0.0,-7.0,STOP,True,56.0,0.9333333333333333,TARGET,2024-11-18T15:04:08+00:00
IB30_ACCEPTED_BREAKOUT,2024-11-19,2024,2024-H2,LONG,2024-11-19T15:29:06+00:00,20591.25,60.0,19.0,15.0,0.25,-24.0,STOP,True,56.0,0.9333333333333333,TARGET,2024-11-19T15:29:05+00:00
IB30_ACCEPTED_BREAKOUT,2024-11-20,2024,2024-H2,SHORT,2024-11-20T15:02:34+00:00,20611.5,60.0,120.0,116.0,1.9333333333333333,-38.0,TARGET,True,56.0,0.9333333333333333,TARGET,2024-11-20T15:02:33+00:00
IB30_ACCEPTED_BREAKOUT,2024-11-21,2024,2024-H2,SHORT,2024-11-21T15:01:34+00:00,20622.5,60.0,9.0,5.0,0.08333333333333333,-26.0,STOP,True,56.0,0.9333333333333333,TARGET,2024-11-21T15:01:33+00:00
IB30_ACCEPTED_BREAKOUT,2024-11-22,2024,2024-H2,SHORT,2024-11-22T15:10:16+00:00,20767.5,60.0,14.0,10.0,0.16666666666666666,-10.0,STOP,True,56.0,0.9333333333333333,TARGET,2024-11-22T15:10:15+00:00
IB30_ACCEPTED_BREAKOUT,2024-11-25,2024,2024-H2,SHORT,2024-11-25T15:00:10+00:00,20915.0,60.0,-60.0,-64.0,-1.0666666666666667,-60.0,STOP,False,-64.0,-1.0666666666666667,STOP,2024-11-25T15:00:09+00:00
IB30_ACCEPTED_BREAKOUT,2024-11-26,2024,2024-H2,SHORT,2024-11-26T15:17:46+00:00,20936.5,60.0,8.0,4.0,0.06666666666666667,-42.0,STOP,True,56.0,0.9333333333333333,TARGET,2024-11-26T15:17:45+00:00
IB30_ACCEPTED_BREAKOUT,2024-11-27,2024,2024-H2,SHORT,2024-11-27T15:01:23+00:00,20837.0,60.0,-60.0,-64.0,-1.0666666666666667,-68.0,STOP,False,-64.0,-1.0666666666666667,STOP,2024-11-27T15:01:22+00:00
IB30_ACCEPTED_BREAKOUT,2024-12-02,2024,2024-H2,LONG,2024-12-02T15:00:24+00:00,21173.5,60.0,32.0,28.0,0.4666666666666667,-57.0,STOP,True,56.0,0.9333333333333333,TARGET,2024-12-02T15:00:23+00:00
IB30_ACCEPTED_BREAKOUT,2024-12-03,2024,2024-H2,LONG,2024-12-03T15:00:46+00:00,21211.75,60.0,29.0,25.0,0.4166666666666667,-44.0,STOP,True,56.0,0.9333333333333333,TARGET,2024-12-03T15:00:45+00:00
IB30_ACCEPTED_BREAKOUT,2024-12-04,2024,2024-H2,LONG,2024-12-04T15:07:55+00:00,21443.0,60.0,25.0,21.0,0.35,-45.0,STOP,True,56.0,0.9333333333333333,TARGET,2024-12-04T15:07:54+00:00
IB30_ACCEPTED_BREAKOUT,2024-12-05,2024,2024-H2,SHORT,2024-12-05T15:50:46+00:00,21487.75,60.0,-60.0,-64.0,-1.0666666666666667,-61.0,STOP,False,-64.0,-1.0666666666666667,STOP,2024-12-05T15:50:45+00:00
IB30_ACCEPTED_BREAKOUT,2024-12-06,2024,2024-H2,LONG,2024-12-06T15:01:06+00:00,21615.25,60.0,-60.0,-64.0,-1.0666666666666667,-60.0,STOP,False,-64.0,-1.0666666666666667,STOP,2024-12-06T15:01:05+00:00
IB30_ACCEPTED_BREAKOUT,2024-12-09,2024,2024-H2,SHORT,2024-12-09T15:26:34+00:00,21578.25,60.0,120.0,116.0,1.9333333333333333,-26.0,TARGET,True,56.0,0.9333333333333333,TARGET,2024-12-09T15:26:33+00:00
IB30_ACCEPTED_BREAKOUT,2024-12-10,2024,2024-H2,LONG,2024-12-10T15:07:37+00:00,21589.75,60.0,8.0,4.0,0.06666666666666667,-50.0,STOP,True,56.0,0.9333333333333333,TARGET,2024-12-10T15:07:36+00:00
IB30_ACCEPTED_BREAKOUT,2024-12-11,2024,2024-H2,LONG,2024-12-11T15:01:04+00:00,21699.25,60.0,-60.0,-64.0,-1.0666666666666667,-60.0,STOP,False,-64.0,-1.0666666666666667,STOP,2024-12-11T15:01:03+00:00
IB30_ACCEPTED_BREAKOUT,2024-12-12,2024,2024-H2,SHORT,2024-12-12T15:09:31+00:00,21654.5,60.0,4.0,0.0,0.0,-19.0,STOP,True,56.0,0.9333333333333333,TARGET,2024-12-12T15:09:30+00:00
IB30_ACCEPTED_BREAKOUT,2024-12-13,2024,2024-H2,SHORT,2024-12-13T15:40:18+00:00,21785.5,60.0,120.0,116.0,1.9333333333333333,-3.0,TARGET,True,56.0,0.9333333333333333,TARGET,2024-12-13T15:40:17+00:00
IB30_ACCEPTED_BREAKOUT,2024-12-16,2024,2024-H2,LONG,2024-12-16T15:00:02+00:00,21975.0,60.0,7.0,3.0,0.05,-39.0,STOP,True,56.0,0.9333333333333333,TARGET,2024-12-16T15:00:01+00:00
IB30_ACCEPTED_BREAKOUT,2024-12-17,2024,2024-H2,SHORT,2024-12-17T15:01:38+00:00,21975.5,60.0,-60.0,-64.0,-1.0666666666666667,-61.0,STOP,False,-64.0,-1.0666666666666667,STOP,2024-12-17T15:01:37+00:00
IB30_ACCEPTED_BREAKOUT,2024-12-18,2024,2024-H2,LONG,2024-12-18T15:05:19+00:00,22001.75,60.0,-60.0,-64.0,-1.0666666666666667,-62.0,STOP,False,-64.0,-1.0666666666666667,STOP,2024-12-18T15:05:18+00:00
IB30_ACCEPTED_BREAKOUT,2024-12-19,2024,2024-H2,SHORT,2024-12-19T15:01:52+00:00,21278.75,60.0,-60.0,-64.0,-1.0666666666666667,-68.0,STOP,False,-64.0,-1.0666666666666667,STOP,2024-12-19T15:01:51+00:00
IB30_ACCEPTED_BREAKOUT,2024-12-23,2024,2024-H2,SHORT,2024-12-23T15:07:09+00:00,21549.0,60.0,-60.0,-64.0,-1.0666666666666667,-65.0,STOP,False,-64.0,-1.0666666666666667,STOP,2024-12-23T15:07:08+00:00
IB30_ACCEPTED_BREAKOUT,2024-12-24,2024,2024-H2,LONG,2024-12-24T15:00:02+00:00,21910.25,60.0,17.0,13.0,0.21666666666666667,-44.0,STOP,True,56.0,0.9333333333333333,TARGET,2024-12-24T15:00:01+00:00
IB30_ACCEPTED_BREAKOUT,2024-12-26,2024,2024-H2,LONG,2024-12-26T15:38:59+00:00,22009.75,60.0,-60.0,-64.0,-1.0666666666666667,-61.0,STOP,False,-64.0,-1.0666666666666667,STOP,2024-12-26T15:38:58+00:00
IB30_ACCEPTED_BREAKOUT,2024-12-27,2024,2024-H2,SHORT,2024-12-27T15:00:50+00:00,21670.5,60.0,120.0,116.0,1.9333333333333333,-11.0,TARGET,True,56.0,0.9333333333333333,TARGET,2024-12-27T15:00:49+00:00
IB30_ACCEPTED_BREAKOUT,2024-12-30,2024,2024-H2,SHORT,2024-12-30T15:00:02+00:00,21282.25,60.0,47.0,43.0,0.7166666666666667,-1.0,STOP,True,56.0,0.9333333333333333,TARGET,2024-12-30T15:00:01+00:00
IB30_ACCEPTED_BREAKOUT,2024-12-31,2024,2024-H2,SHORT,2024-12-31T15:07:57+00:00,21361.0,60.0,-60.0,-64.0,-1.0666666666666667,-62.0,STOP,False,-64.0,-1.0666666666666667,STOP,2024-12-31T15:07:56+00:00
IB30_ACCEPTED_BREAKOUT,2025-01-02,2025,2025-H1,LONG,2025-01-02T15:00:03+00:00,21416.25,60.0,-60.0,-64.0,-1.0666666666666667,-67.0,STOP,False,-64.0,-1.0666666666666667,STOP,2025-01-02T15:00:02+00:00
IB30_ACCEPTED_BREAKOUT,2025-01-03,2025,2025-H1,LONG,2025-01-03T15:05:22+00:00,21436.25,60.0,-60.0,-64.0,-1.0666666666666667,-65.0,STOP,False,-64.0,-1.0666666666666667,STOP,2025-01-03T15:05:21+00:00
IB30_ACCEPTED_BREAKOUT,2025-01-06,2025,2025-H1,LONG,2025-01-06T15:14:21+00:00,21850.75,60.0,-60.0,-64.0,-1.0666666666666667,-63.0,STOP,False,-64.0,-1.0666666666666667,STOP,2025-01-06T15:14:20+00:00
IB30_ACCEPTED_BREAKOUT,2025-01-07,2025,2025-H1,SHORT,2025-01-07T15:00:02+00:00,21678.25,60.0,-60.0,-64.0,-1.0666666666666667,-61.0,STOP,False,-64.0,-1.0666666666666667,STOP,2025-01-07T15:00:01+00:00
IB30_ACCEPTED_BREAKOUT,2025-01-08,2025,2025-H1,LONG,2025-01-08T15:02:31+00:00,21395.0,60.0,-60.0,-64.0,-1.0666666666666667,-79.0,STOP,False,-64.0,-1.0666666666666667,STOP,2025-01-08T15:02:30+00:00
IB30_ACCEPTED_BREAKOUT,2025-01-10,2025,2025-H1,SHORT,2025-01-10T15:00:05+00:00,21000.0,60.0,120.0,116.0,1.9333333333333333,-42.0,TARGET,True,56.0,0.9333333333333333,TARGET,2025-01-10T15:00:04+00:00
IB30_ACCEPTED_BREAKOUT,2025-01-13,2025,2025-H1,LONG,2025-01-13T15:06:56+00:00,20845.75,60.0,-60.0,-64.0,-1.0666666666666667,-60.0,STOP,False,-64.0,-1.0666666666666667,STOP,2025-01-13T15:06:55+00:00
IB30_ACCEPTED_BREAKOUT,2025-01-14,2025,2025-H1,SHORT,2025-01-14T15:38:39+00:00,20959.75,60.0,-60.0,-64.0,-1.0666666666666667,-61.0,STOP,False,-64.0,-1.0666666666666667,STOP,2025-01-14T15:38:38+00:00
IB30_ACCEPTED_BREAKOUT,2025-01-15,2025,2025-H1,LONG,2025-01-15T15:00:28+00:00,21348.75,60.0,47.0,43.0,0.7166666666666667,-16.0,STOP,True,56.0,0.9333333333333333,TARGET,2025-01-15T15:00:27+00:00
IB30_ACCEPTED_BREAKOUT,2025-01-16,2025,2025-H1,SHORT,2025-01-16T15:00:03+00:00,21351.0,60.0,-60.0,-64.0,-1.0666666666666667,-71.0,STOP,False,-64.0,-1.0666666666666667,STOP,2025-01-16T15:00:02+00:00
IB30_ACCEPTED_BREAKOUT,2025-01-17,2025,2025-H1,SHORT,2025-01-17T15:27:31+00:00,21482.5,60.0,-60.0,-64.0,-1.0666666666666667,-69.0,STOP,False,-64.0,-1.0666666666666667,STOP,2025-01-17T15:27:30+00:00
IB30_ACCEPTED_BREAKOUT,2025-01-21,2025,2025-H1,SHORT,2025-01-21T15:11:56+00:00,21566.0,60.0,120.0,116.0,1.9333333333333333,-6.0,TARGET,True,56.0,0.9333333333333333,TARGET,2025-01-21T15:11:55+00:00
IB30_ACCEPTED_BREAKOUT,2025-01-22,2025,2025-H1,LONG,2025-01-22T15:11:11+00:00,22029.25,60.0,-60.0,-64.0,-1.0666666666666667,-60.0,STOP,False,-64.0,-1.0666666666666667,STOP,2025-01-22T15:11:10+00:00
IB30_ACCEPTED_BREAKOUT,2025-01-23,2025,2025-H1,LONG,2025-01-23T15:34:37+00:00,21920.5,60.0,11.0,7.0,0.11666666666666667,-32.0,STOP,True,56.0,0.9333333333333333,TARGET,2025-01-23T15:34:36+00:00
IB30_ACCEPTED_BREAKOUT,2025-01-24,2025,2025-H1,SHORT,2025-01-24T15:20:53+00:00,21999.5,60.0,-60.0,-64.0,-1.0666666666666667,-61.0,STOP,False,-64.0,-1.0666666666666667,STOP,2025-01-24T15:20:52+00:00
IB30_ACCEPTED_BREAKOUT,2025-01-27,2025,2025-H1,LONG,2025-01-27T15:28:42+00:00,21344.25,60.0,44.0,40.0,0.6666666666666666,-16.0,STOP,True,56.0,0.9333333333333333,TARGET,2025-01-27T15:28:41+00:00
IB30_ACCEPTED_BREAKOUT,2025-01-28,2025,2025-H1,LONG,2025-01-28T15:01:27+00:00,21324.5,60.0,20.0,16.0,0.26666666666666666,-17.0,STOP,True,56.0,0.9333333333333333,TARGET,2025-01-28T15:01:26+00:00
IB30_ACCEPTED_BREAKOUT,2025-01-29,2025,2025-H1,SHORT,2025-01-29T15:27:02+00:00,21487.0,60.0,-60.0,-64.0,-1.0666666666666667,-66.0,STOP,False,-64.0,-1.0666666666666667,STOP,2025-01-29T15:27:01+00:00
IB30_ACCEPTED_BREAKOUT,2025-01-30,2025,2025-H1,SHORT,2025-01-30T15:02:58+00:00,21595.5,60.0,30.0,26.0,0.43333333333333335,-15.0,STOP,True,56.0,0.9333333333333333,TARGET,2025-01-30T15:02:57+00:00
IB30_ACCEPTED_BREAKOUT,2025-01-31,2025,2025-H1,LONG,2025-01-31T15:00:15+00:00,21873.25,60.0,120.0,116.0,1.9333333333333333,-12.0,TARGET,True,56.0,0.9333333333333333,TARGET,2025-01-31T15:00:14+00:00
IB30_ACCEPTED_BREAKOUT,2025-02-03,2025,2025-H1,SHORT,2025-02-03T15:02:22+00:00,21167.75,60.0,4.0,0.0,0.0,-13.0,STOP,True,56.0,0.9333333333333333,TARGET,2025-02-03T15:02:21+00:00
IB30_ACCEPTED_BREAKOUT,2025-02-04,2025,2025-H1,LONG,2025-02-04T15:00:03+00:00,21584.0,60.0,29.0,25.0,0.4166666666666667,-46.0,STOP,True,56.0,0.9333333333333333,TARGET,2025-02-04T15:00:02+00:00
IB30_ACCEPTED_BREAKOUT,2025-02-05,2025,2025-H1,LONG,2025-02-05T15:00:03+00:00,21597.75,60.0,-60.0,-64.0,-1.0666666666666667,-61.0,STOP,False,-64.0,-1.0666666666666667,STOP,2025-02-05T15:00:02+00:00
IB30_ACCEPTED_BREAKOUT,2025-02-06,2025,2025-H1,LONG,2025-02-06T15:11:47+00:00,21826.0,60.0,31.0,27.0,0.45,-13.0,STOP,True,56.0,0.9333333333333333,TARGET,2025-02-06T15:11:46+00:00
IB30_ACCEPTED_BREAKOUT,2025-02-07,2025,2025-H1,SHORT,2025-02-07T15:00:07+00:00,21811.75,60.0,28.0,24.0,0.4,-13.0,STOP,True,56.0,0.9333333333333333,TARGET,2025-02-07T15:00:06+00:00
IB30_ACCEPTED_BREAKOUT,2025-02-10,2025,2025-H1,LONG,2025-02-10T15:01:30+00:00,21813.25,60.0,-60.0,-64.0,-1.0666666666666667,-65.0,STOP,False,-64.0,-1.0666666666666667,STOP,2025-02-10T15:01:29+00:00
IB30_ACCEPTED_BREAKOUT,2025-02-11,2025,2025-H1,LONG,2025-02-11T15:00:16+00:00,21808.5,60.0,-60.0,-64.0,-1.0666666666666667,-63.0,STOP,False,-64.0,-1.0666666666666667,STOP,2025-02-11T15:00:15+00:00
IB30_ACCEPTED_BREAKOUT,2025-02-12,2025,2025-H1,LONG,2025-02-12T15:22:51+00:00,21706.5,60.0,-60.0,-64.0,-1.0666666666666667,-65.0,STOP,False,-64.0,-1.0666666666666667,STOP,2025-02-12T15:22:50+00:00
IB30_ACCEPTED_BREAKOUT,2025-02-13,2025,2025-H1,LONG,2025-02-13T15:02:48+00:00,21954.25,60.0,-60.0,-64.0,-1.0666666666666667,-67.0,STOP,False,-64.0,-1.0666666666666667,STOP,2025-02-13T15:02:47+00:00
IB30_ACCEPTED_BREAKOUT,2025-02-14,2025,2025-H1,LONG,2025-02-14T15:08:07+00:00,22143.0,60.0,8.0,4.0,0.06666666666666667,-24.0,STOP,True,56.0,0.9333333333333333,TARGET,2025-02-14T15:08:06+00:00
IB30_ACCEPTED_BREAKOUT,2025-02-18,2025,2025-H1,SHORT,2025-02-18T15:01:35+00:00,22156.5,60.0,-60.0,-64.0,-1.0666666666666667,-65.0,STOP,False,-64.0,-1.0666666666666667,STOP,2025-02-18T15:01:34+00:00
IB30_ACCEPTED_BREAKOUT,2025-02-19,2025,2025-H1,SHORT,2025-02-19T15:02:59+00:00,22149.75,60.0,4.0,0.0,0.0,-29.0,STOP,True,56.0,0.9333333333333333,TARGET,2025-02-19T15:02:58+00:00
IB30_ACCEPTED_BREAKOUT,2025-02-20,2025,2025-H1,SHORT,2025-02-20T15:00:23+00:00,21999.25,60.0,120.0,116.0,1.9333333333333333,-7.0,TARGET,True,56.0,0.9333333333333333,TARGET,2025-02-20T15:00:22+00:00
IB30_ACCEPTED_BREAKOUT,2025-02-21,2025,2025-H1,SHORT,2025-02-21T15:00:07+00:00,22067.0,60.0,-60.0,-64.0,-1.0666666666666667,-90.0,STOP,False,-64.0,-1.0666666666666667,STOP,2025-02-21T15:00:06+00:00
IB30_ACCEPTED_BREAKOUT,2025-02-24,2025,2025-H1,SHORT,2025-02-24T15:01:04+00:00,21556.75,60.0,120.0,116.0,1.9333333333333333,-35.0,TARGET,True,56.0,0.9333333333333333,TARGET,2025-02-24T15:01:03+00:00
IB30_ACCEPTED_BREAKOUT,2025-02-25,2025,2025-H1,SHORT,2025-02-25T15:01:06+00:00,21201.25,60.0,4.0,0.0,0.0,-31.0,STOP,True,56.0,0.9333333333333333,TARGET,2025-02-25T15:01:05+00:00
IB30_ACCEPTED_BREAKOUT,2025-02-26,2025,2025-H1,LONG,2025-02-26T15:03:31+00:00,21314.0,60.0,-60.0,-64.0,-1.0666666666666667,-64.0,STOP,False,-64.0,-1.0666666666666667,STOP,2025-02-26T15:03:30+00:00
IB30_ACCEPTED_BREAKOUT,2025-02-27,2025,2025-H1,SHORT,2025-02-27T15:00:02+00:00,20988.25,60.0,-60.0,-64.0,-1.0666666666666667,-65.0,STOP,False,-64.0,-1.0666666666666667,STOP,2025-02-27T15:00:01+00:00
IB30_ACCEPTED_BREAKOUT,2025-02-28,2025,2025-H1,LONG,2025-02-28T15:02:20+00:00,20650.0,60.0,-60.0,-64.0,-1.0666666666666667,-72.0,STOP,False,-64.0,-1.0666666666666667,STOP,2025-02-28T15:02:19+00:00
IB30_ACCEPTED_BREAKOUT,2025-03-03,2025,2025-H1,SHORT,2025-03-03T15:00:02+00:00,20813.25,60.0,120.0,116.0,1.9333333333333333,-1.0,TARGET,False,56.0,0.9333333333333333,TARGET,2025-03-03T15:00:01+00:00
IB30_ACCEPTED_BREAKOUT,2025-03-04,2025,2025-H1,SHORT,2025-03-04T15:00:02+00:00,20215.0,60.0,120.0,116.0,1.9333333333333333,-12.0,TARGET,True,56.0,0.9333333333333333,TARGET,2025-03-04T15:00:01+00:00
IB30_ACCEPTED_BREAKOUT,2025-03-05,2025,2025-H1,LONG,2025-03-05T15:00:11+00:00,20485.75,60.0,-60.0,-64.0,-1.0666666666666667,-69.0,STOP,False,-64.0,-1.0666666666666667,STOP,2025-03-05T15:00:10+00:00
IB30_ACCEPTED_BREAKOUT,2025-03-06,2025,2025-H1,LONG,2025-03-06T15:03:37+00:00,20355.25,60.0,120.0,116.0,1.9333333333333333,-29.0,TARGET,True,56.0,0.9333333333333333,TARGET,2025-03-06T15:03:36+00:00
IB30_ACCEPTED_BREAKOUT,2025-03-07,2025,2025-H1,SHORT,2025-03-07T15:31:02+00:00,20013.25,60.0,120.0,116.0,1.9333333333333333,-7.0,TARGET,True,56.0,0.9333333333333333,TARGET,2025-03-07T15:31:01+00:00
IB30_ACCEPTED_BREAKOUT,2025-03-10,2025,2025-H1,SHORT,2025-03-10T14:00:15+00:00,19740.0,60.0,-60.0,-64.0,-1.0666666666666667,-62.0,STOP,False,-64.0,-1.0666666666666667,STOP,2025-03-10T14:00:14+00:00
IB30_ACCEPTED_BREAKOUT,2025-03-11,2025,2025-H1,LONG,2025-03-11T14:01:08+00:00,19607.5,60.0,-60.0,-64.0,-1.0666666666666667,-75.0,STOP,False,-64.0,-1.0666666666666667,STOP,2025-03-11T14:01:07+00:00
IB30_ACCEPTED_BREAKOUT,2025-03-12,2025,2025-H1,SHORT,2025-03-12T14:18:29+00:00,19588.75,60.0,-60.0,-64.0,-1.0666666666666667,-62.0,STOP,False,-64.0,-1.0666666666666667,STOP,2025-03-12T14:18:28+00:00
IB30_ACCEPTED_BREAKOUT,2025-03-13,2025,2025-H1,SHORT,2025-03-13T14:00:06+00:00,19338.75,60.0,-60.0,-64.0,-1.0666666666666667,-63.0,STOP,False,-64.0,-1.0666666666666667,STOP,2025-03-13T14:00:05+00:00
IB30_ACCEPTED_BREAKOUT,2025-03-14,2025,2025-H1,SHORT,2025-03-14T14:20:58+00:00,19450.5,60.0,-60.0,-64.0,-1.0666666666666667,-80.0,STOP,False,-64.0,-1.0666666666666667,STOP,2025-03-14T14:20:57+00:00
IB30_ACCEPTED_BREAKOUT,2025-03-17,2025,2025-H1,SHORT,2025-03-17T14:36:51+00:00,19679.25,60.0,-60.0,-64.0,-1.0666666666666667,-63.0,STOP,False,-64.0,-1.0666666666666667,STOP,2025-03-17T14:36:50+00:00
IB30_ACCEPTED_BREAKOUT,2025-03-18,2025,2025-H1,SHORT,2025-03-18T14:00:06+00:00,19445.75,60.0,-60.0,-64.0,-1.0666666666666667,-71.0,STOP,False,-64.0,-1.0666666666666667,STOP,2025-03-18T14:00:05+00:00
IB30_ACCEPTED_BREAKOUT,2025-03-19,2025,2025-H1,LONG,2025-03-19T14:01:06+00:00,19640.5,60.0,4.0,0.0,0.0,-32.0,STOP,True,56.0,0.9333333333333333,TARGET,2025-03-19T14:01:05+00:00
IB30_ACCEPTED_BREAKOUT,2025-03-20,2025,2025-H1,LONG,2025-03-20T14:00:07+00:00,19739.75,60.0,120.0,116.0,1.9333333333333333,-7.0,TARGET,True,56.0,0.9333333333333333,TARGET,2025-03-20T14:00:06+00:00
IB30_ACCEPTED_BREAKOUT,2025-03-24,2025,2025-H1,LONG,2025-03-24T14:21:12+00:00,20340.0,60.0,-60.0,-64.0,-1.0666666666666667,-60.0,STOP,False,-64.0,-1.0666666666666667,STOP,2025-03-24T14:21:11+00:00
IB30_ACCEPTED_BREAKOUT,2025-03-25,2025,2025-H1,LONG,2025-03-25T14:11:23+00:00,20432.0,60.0,-60.0,-64.0,-1.0666666666666667,-60.0,STOP,False,-64.0,-1.0666666666666667,STOP,2025-03-25T14:11:22+00:00
IB30_ACCEPTED_BREAKOUT,2025-03-26,2025,2025-H1,SHORT,2025-03-26T14:09:39+00:00,20300.25,60.0,-60.0,-64.0,-1.0666666666666667,-65.0,STOP,False,-64.0,-1.0666666666666667,STOP,2025-03-26T14:09:38+00:00
IB30_ACCEPTED_BREAKOUT,2025-03-27,2025,2025-H1,LONG,2025-03-27T14:00:11+00:00,20090.75,60.0,-60.0,-64.0,-1.0666666666666667,-68.0,STOP,False,-64.0,-1.0666666666666667,STOP,2025-03-27T14:00:10+00:00
IB30_ACCEPTED_BREAKOUT,2025-03-28,2025,2025-H1,SHORT,2025-03-28T14:00:02+00:00,19817.5,60.0,-60.0,-64.0,-1.0666666666666667,-71.0,STOP,False,-64.0,-1.0666666666666667,STOP,2025-03-28T14:00:01+00:00
IB30_ACCEPTED_BREAKOUT,2025-04-01,2025,2025-H1,SHORT,2025-04-01T14:07:08+00:00,19328.5,60.0,-60.0,-64.0,-1.0666666666666667,-61.0,STOP,False,-64.0,-1.0666666666666667,STOP,2025-04-01T14:07:07+00:00
IB30_ACCEPTED_BREAKOUT,2025-04-02,2025,2025-H1,LONG,2025-04-02T14:01:02+00:00,19584.25,60.0,4.0,0.0,0.0,-39.0,STOP,True,56.0,0.9333333333333333,TARGET,2025-04-02T14:01:01+00:00
IB30_ACCEPTED_BREAKOUT,2025-04-03,2025,2025-H1,SHORT,2025-04-03T14:05:17+00:00,18909.5,60.0,-60.0,-64.0,-1.0666666666666667,-66.0,STOP,False,-64.0,-1.0666666666666667,STOP,2025-04-03T14:05:16+00:00
IB30_ACCEPTED_BREAKOUT,2025-04-04,2025,2025-H1,SHORT,2025-04-04T14:12:08+00:00,18001.25,60.0,34.0,30.0,0.5,-15.0,STOP,True,56.0,0.9333333333333333,TARGET,2025-04-04T14:12:07+00:00
IB30_ACCEPTED_BREAKOUT,2025-04-07,2025,2025-H1,LONG,2025-04-07T14:00:12+00:00,17298.75,60.0,120.0,116.0,1.9333333333333333,-1.0,TARGET,True,56.0,0.9333333333333333,TARGET,2025-04-07T14:00:11+00:00
IB30_ACCEPTED_BREAKOUT,2025-04-08,2025,2025-H1,LONG,2025-04-08T14:00:03+00:00,18266.0,60.0,-60.0,-64.0,-1.0666666666666667,-68.0,STOP,False,-64.0,-1.0666666666666667,STOP,2025-04-08T14:00:02+00:00
IB30_ACCEPTED_BREAKOUT,2025-04-09,2025,2025-H1,LONG,2025-04-09T14:00:43+00:00,17557.25,60.0,16.0,12.0,0.2,-29.0,STOP,True,56.0,0.9333333333333333,TARGET,2025-04-09T14:00:42+00:00
IB30_ACCEPTED_BREAKOUT,2025-04-10,2025,2025-H1,SHORT,2025-04-10T14:00:49+00:00,18649.75,60.0,120.0,116.0,1.9333333333333333,-17.0,TARGET,True,56.0,0.9333333333333333,TARGET,2025-04-10T14:00:48+00:00
IB30_ACCEPTED_BREAKOUT,2025-04-11,2025,2025-H1,SHORT,2025-04-11T14:21:16+00:00,18351.5,60.0,-60.0,-64.0,-1.0666666666666667,-62.0,STOP,False,-64.0,-1.0666666666666667,STOP,2025-04-11T14:21:15+00:00
IB30_ACCEPTED_BREAKOUT,2025-04-15,2025,2025-H1,LONG,2025-04-15T14:11:45+00:00,19120.75,60.0,36.0,32.0,0.5333333333333333,-8.0,STOP,True,56.0,0.9333333333333333,TARGET,2025-04-15T14:11:44+00:00
IB30_ACCEPTED_BREAKOUT,2025-04-16,2025,2025-H1,SHORT,2025-04-16T14:00:02+00:00,18511.25,60.0,-60.0,-64.0,-1.0666666666666667,-73.0,STOP,False,-64.0,-1.0666666666666667,STOP,2025-04-16T14:00:01+00:00
IB30_ACCEPTED_BREAKOUT,2025-04-17,2025,2025-H1,SHORT,2025-04-17T14:19:10+00:00,18369.25,60.0,-60.0,-64.0,-1.0666666666666667,-70.0,STOP,False,-64.0,-1.0666666666666667,STOP,2025-04-17T14:19:09+00:00
IB30_ACCEPTED_BREAKOUT,2025-04-21,2025,2025-H1,SHORT,2025-04-21T14:00:02+00:00,17992.75,60.0,42.0,38.0,0.6333333333333333,-22.0,STOP,True,56.0,0.9333333333333333,TARGET,2025-04-21T14:00:01+00:00
IB30_ACCEPTED_BREAKOUT,2025-04-22,2025,2025-H1,LONG,2025-04-22T14:00:31+00:00,18259.25,60.0,-60.0,-64.0,-1.0666666666666667,-61.0,STOP,False,-64.0,-1.0666666666666667,STOP,2025-04-22T14:00:30+00:00
IB30_ACCEPTED_BREAKOUT,2025-04-23,2025,2025-H1,LONG,2025-04-23T14:00:16+00:00,19129.5,60.0,-60.0,-64.0,-1.0666666666666667,-197.0,STOP,False,-64.0,-1.0666666666666667,STOP,2025-04-23T14:00:15+00:00
IB30_ACCEPTED_BREAKOUT,2025-04-24,2025,2025-H1,LONG,2025-04-24T14:00:22+00:00,19063.25,60.0,120.0,116.0,1.9333333333333333,-57.0,TARGET,True,56.0,0.9333333333333333,TARGET,2025-04-24T14:00:21+00:00
IB30_ACCEPTED_BREAKOUT,2025-04-25,2025,2025-H1,LONG,2025-04-25T14:09:15+00:00,19369.5,60.0,10.0,6.0,0.1,-8.0,STOP,True,56.0,0.9333333333333333,TARGET,2025-04-25T14:09:14+00:00
IB30_ACCEPTED_BREAKOUT,2025-04-28,2025,2025-H1,SHORT,2025-04-28T14:00:05+00:00,19452.0,60.0,15.0,11.0,0.18333333333333332,-21.0,STOP,True,56.0,0.9333333333333333,TARGET,2025-04-28T14:00:04+00:00
IB30_ACCEPTED_BREAKOUT,2025-04-29,2025,2025-H1,LONG,2025-04-29T14:05:15+00:00,19547.5,60.0,120.0,116.0,1.9333333333333333,-11.0,TARGET,True,56.0,0.9333333333333333,TARGET,2025-04-29T14:05:14+00:00
IB30_ACCEPTED_BREAKOUT,2025-04-30,2025,2025-H1,LONG,2025-04-30T14:29:16+00:00,19312.0,60.0,-60.0,-64.0,-1.0666666666666667,-60.0,STOP,False,-64.0,-1.0666666666666667,STOP,2025-04-30T14:29:15+00:00
IB30_ACCEPTED_BREAKOUT,2025-05-01,2025,2025-H1,LONG,2025-05-01T14:28:03+00:00,20003.5,60.0,-60.0,-64.0,-1.0666666666666667,-60.0,STOP,False,-64.0,-1.0666666666666667,STOP,2025-05-01T14:28:02+00:00
IB30_ACCEPTED_BREAKOUT,2025-05-02,2025,2025-H1,LONG,2025-05-02T14:03:14+00:00,20129.75,60.0,-60.0,-64.0,-1.0666666666666667,-65.0,STOP,False,-64.0,-1.0666666666666667,STOP,2025-05-02T14:03:13+00:00
IB30_ACCEPTED_BREAKOUT,2025-05-05,2025,2025-H1,LONG,2025-05-05T14:00:05+00:00,20081.25,60.0,5.0,1.0,0.016666666666666666,-22.0,STOP,True,56.0,0.9333333333333333,TARGET,2025-05-05T14:00:04+00:00
IB30_ACCEPTED_BREAKOUT,2025-05-06,2025,2025-H1,SHORT,2025-05-06T14:00:22+00:00,19745.75,60.0,-60.0,-64.0,-1.0666666666666667,-63.0,STOP,False,-64.0,-1.0666666666666667,STOP,2025-05-06T14:00:21+00:00
IB30_ACCEPTED_BREAKOUT,2025-05-07,2025,2025-H1,LONG,2025-05-07T14:07:19+00:00,19945.5,60.0,-60.0,-64.0,-1.0666666666666667,-65.0,STOP,False,-64.0,-1.0666666666666667,STOP,2025-05-07T14:07:18+00:00
IB30_ACCEPTED_BREAKOUT,2025-05-08,2025,2025-H1,SHORT,2025-05-08T14:08:22+00:00,20058.0,60.0,-60.0,-64.0,-1.0666666666666667,-61.0,STOP,False,-64.0,-1.0666666666666667,STOP,2025-05-08T14:08:21+00:00
IB30_ACCEPTED_BREAKOUT,2025-05-09,2025,2025-H1,SHORT,2025-05-09T14:20:04+00:00,20205.5,60.0,4.0,0.0,0.0,-20.0,STOP,True,56.0,0.9333333333333333,TARGET,2025-05-09T14:20:03+00:00
IB30_ACCEPTED_BREAKOUT,2025-05-12,2025,2025-H1,SHORT,2025-05-12T14:28:06+00:00,20745.0,60.0,26.0,22.0,0.36666666666666664,-6.0,STOP,True,56.0,0.9333333333333333,TARGET,2025-05-12T14:28:05+00:00
IB30_ACCEPTED_BREAKOUT,2025-05-13,2025,2025-H1,LONG,2025-05-13T14:01:06+00:00,21132.5,60.0,120.0,116.0,1.9333333333333333,-11.0,TARGET,True,56.0,0.9333333333333333,TARGET,2025-05-13T14:01:05+00:00
IB30_ACCEPTED_BREAKOUT,2025-05-15,2025,2025-H1,LONG,2025-05-15T14:01:37+00:00,21343.0,60.0,-60.0,-64.0,-1.0666666666666667,-66.0,STOP,False,-64.0,-1.0666666666666667,STOP,2025-05-15T14:01:36+00:00
IB30_ACCEPTED_BREAKOUT,2025-05-16,2025,2025-H1,SHORT,2025-05-16T14:34:14+00:00,21386.5,60.0,17.0,13.0,0.21666666666666667,-30.0,STOP,True,56.0,0.9333333333333333,TARGET,2025-05-16T14:34:13+00:00
IB30_ACCEPTED_BREAKOUT,2025-05-19,2025,2025-H1,LONG,2025-05-19T14:01:43+00:00,21377.75,60.0,47.0,43.0,0.7166666666666667,-12.0,STOP,True,56.0,0.9333333333333333,TARGET,2025-05-19T14:01:42+00:00
IB30_ACCEPTED_BREAKOUT,2025-05-20,2025,2025-H1,LONG,2025-05-20T14:39:25+00:00,21441.5,60.0,-60.0,-64.0,-1.0666666666666667,-69.0,STOP,False,-64.0,-1.0666666666666667,STOP,2025-05-20T14:39:24+00:00
IB30_ACCEPTED_BREAKOUT,2025-05-21,2025,2025-H1,LONG,2025-05-21T14:01:45+00:00,21437.5,60.0,-60.0,-64.0,-1.0666666666666667,-72.0,STOP,False,-64.0,-1.0666666666666667,STOP,2025-05-21T14:01:44+00:00
IB30_ACCEPTED_BREAKOUT,2025-05-22,2025,2025-H1,LONG,2025-05-22T14:00:03+00:00,21299.0,60.0,-60.0,-64.0,-1.0666666666666667,-69.0,STOP,False,-64.0,-1.0666666666666667,STOP,2025-05-22T14:00:02+00:00
IB30_ACCEPTED_BREAKOUT,2025-05-23,2025,2025-H1,LONG,2025-05-23T14:12:20+00:00,20966.0,60.0,53.0,49.0,0.8166666666666667,-2.0,STOP,True,56.0,0.9333333333333333,TARGET,2025-05-23T14:12:19+00:00
IB30_ACCEPTED_BREAKOUT,2025-05-27,2025,2025-H1,LONG,2025-05-27T14:00:02+00:00,21306.0,60.0,6.0,2.0,0.03333333333333333,-39.0,STOP,True,56.0,0.9333333333333333,TARGET,2025-05-27T14:00:01+00:00
IB30_ACCEPTED_BREAKOUT,2025-05-28,2025,2025-H1,SHORT,2025-05-28T14:21:51+00:00,21444.75,60.0,-60.0,-64.0,-1.0666666666666667,-66.0,STOP,False,-64.0,-1.0666666666666667,STOP,2025-05-28T14:21:50+00:00
IB30_ACCEPTED_BREAKOUT,2025-05-29,2025,2025-H1,SHORT,2025-05-29T14:05:02+00:00,21473.5,60.0,120.0,116.0,1.9333333333333333,-36.0,TARGET,True,56.0,0.9333333333333333,TARGET,2025-05-29T14:05:01+00:00
IB30_ACCEPTED_BREAKOUT,2025-05-30,2025,2025-H1,LONG,2025-05-30T14:37:48+00:00,21394.0,60.0,-60.0,-64.0,-1.0666666666666667,-67.0,STOP,False,-64.0,-1.0666666666666667,STOP,2025-05-30T14:37:47+00:00
IB30_ACCEPTED_BREAKOUT,2025-06-02,2025,2025-H1,SHORT,2025-06-02T14:00:21+00:00,21283.0,60.0,120.0,116.0,1.9333333333333333,-35.0,TARGET,True,56.0,0.9333333333333333,TARGET,2025-06-02T14:00:20+00:00
IB30_ACCEPTED_BREAKOUT,2025-06-03,2025,2025-H1,LONG,2025-06-03T14:00:03+00:00,21616.5,60.0,-60.0,-64.0,-1.0666666666666667,-95.0,STOP,False,-64.0,-1.0666666666666667,STOP,2025-06-03T14:00:02+00:00
IB30_ACCEPTED_BREAKOUT,2025-06-04,2025,2025-H1,SHORT,2025-06-04T14:00:09+00:00,21717.25,60.0,-60.0,-64.0,-1.0666666666666667,-60.0,STOP,False,-64.0,-1.0666666666666667,STOP,2025-06-04T14:00:08+00:00
IB30_ACCEPTED_BREAKOUT,2025-06-05,2025,2025-H1,LONG,2025-06-05T14:42:18+00:00,21858.0,60.0,-60.0,-64.0,-1.0666666666666667,-75.0,STOP,False,-64.0,-1.0666666666666667,STOP,2025-06-05T14:42:17+00:00
IB30_ACCEPTED_BREAKOUT,2025-06-06,2025,2025-H1,SHORT,2025-06-06T14:32:14+00:00,21765.0,60.0,-60.0,-64.0,-1.0666666666666667,-67.0,STOP,False,-64.0,-1.0666666666666667,STOP,2025-06-06T14:32:13+00:00
IB30_ACCEPTED_BREAKOUT,2025-06-09,2025,2025-H1,LONG,2025-06-09T14:09:31+00:00,21827.0,60.0,120.0,116.0,1.9333333333333333,-34.0,TARGET,True,56.0,0.9333333333333333,TARGET,2025-06-09T14:09:30+00:00
IB30_ACCEPTED_BREAKOUT,2025-06-11,2025,2025-H1,LONG,2025-06-11T14:22:52+00:00,22024.75,60.0,14.0,10.0,0.16666666666666666,-12.0,STOP,True,56.0,0.9333333333333333,TARGET,2025-06-11T14:22:51+00:00
IB30_ACCEPTED_BREAKOUT,2025-06-12,2025,2025-H1,LONG,2025-06-12T14:07:28+00:00,21898.25,60.0,47.0,43.0,0.7166666666666667,-55.0,STOP,True,56.0,0.9333333333333333,TARGET,2025-06-12T14:07:27+00:00
IB30_ACCEPTED_BREAKOUT,2025-06-13,2025,2025-H1,SHORT,2025-06-13T14:20:56+00:00,21654.25,60.0,-60.0,-64.0,-1.0666666666666667,-67.0,STOP,False,-64.0,-1.0666666666666667,STOP,2025-06-13T14:20:55+00:00
IB30_ACCEPTED_BREAKOUT,2025-06-16,2025,2025-H1,LONG,2025-06-16T14:00:04+00:00,21947.0,60.0,-60.0,-64.0,-1.0666666666666667,-68.0,STOP,False,-64.0,-1.0666666666666667,STOP,2025-06-16T14:00:03+00:00
IB30_ACCEPTED_BREAKOUT,2025-06-17,2025,2025-H1,LONG,2025-06-17T14:11:05+00:00,21886.0,60.0,26.0,22.0,0.36666666666666664,-11.0,STOP,True,56.0,0.9333333333333333,TARGET,2025-06-17T14:11:04+00:00
IB30_ACCEPTED_BREAKOUT,2025-06-18,2025,2025-H1,LONG,2025-06-18T14:04:01+00:00,21801.5,60.0,-60.0,-64.0,-1.0666666666666667,-66.0,STOP,False,-64.0,-1.0666666666666667,STOP,2025-06-18T14:04:00+00:00
IB30_ACCEPTED_BREAKOUT,2025-06-23,2025,2025-H1,LONG,2025-06-23T14:00:02+00:00,21932.75,60.0,34.0,30.0,0.5,-11.0,STOP,True,56.0,0.9333333333333333,TARGET,2025-06-23T14:00:01+00:00
IB30_ACCEPTED_BREAKOUT,2025-06-24,2025,2025-H1,LONG,2025-06-24T14:41:32+00:00,22334.5,60.0,-60.0,-64.0,-1.0666666666666667,-60.0,STOP,False,-64.0,-1.0666666666666667,STOP,2025-06-24T14:41:31+00:00
IB30_ACCEPTED_BREAKOUT,2025-06-25,2025,2025-H1,SHORT,2025-06-25T14:11:29+00:00,22485.5,60.0,17.0,13.0,0.21666666666666667,-38.0,STOP,True,56.0,0.9333333333333333,TARGET,2025-06-25T14:11:28+00:00
IB30_ACCEPTED_BREAKOUT,2025-06-26,2025,2025-H1,LONG,2025-06-26T14:00:10+00:00,22568.0,60.0,-60.0,-64.0,-1.0666666666666667,-60.0,STOP,False,-64.0,-1.0666666666666667,STOP,2025-06-26T14:00:09+00:00
IB30_ACCEPTED_BREAKOUT,2025-06-27,2025,2025-H1,LONG,2025-06-27T14:00:02+00:00,22771.75,60.0,120.0,116.0,1.9333333333333333,-21.0,TARGET,True,56.0,0.9333333333333333,TARGET,2025-06-27T14:00:01+00:00
IB30_ACCEPTED_BREAKOUT,2025-07-01,2025,2025-H2,LONG,2025-07-01T14:15:16+00:00,22834.25,60.0,-60.0,-64.0,-1.0666666666666667,-64.0,STOP,False,-64.0,-1.0666666666666667,STOP,2025-07-01T14:15:15+00:00
IB30_ACCEPTED_BREAKOUT,2025-07-02,2025,2025-H2,LONG,2025-07-02T14:02:25+00:00,22729.75,60.0,120.0,116.0,1.9333333333333333,-29.0,TARGET,True,56.0,0.9333333333333333,TARGET,2025-07-02T14:02:24+00:00
IB30_ACCEPTED_BREAKOUT,2025-07-03,2025,2025-H2,LONG,2025-07-03T14:00:03+00:00,23009.25,60.0,120.0,116.0,1.9333333333333333,-33.0,TARGET,True,56.0,0.9333333333333333,TARGET,2025-07-03T14:00:02+00:00
IB30_ACCEPTED_BREAKOUT,2025-07-07,2025,2025-H2,SHORT,2025-07-07T14:53:24+00:00,22895.0,60.0,-60.0,-64.0,-1.0666666666666667,-60.0,STOP,False,-64.0,-1.0666666666666667,STOP,2025-07-07T14:53:23+00:00
IB30_ACCEPTED_BREAKOUT,2025-07-08,2025,2025-H2,SHORT,2025-07-08T14:00:02+00:00,22878.25,60.0,-60.0,-64.0,-1.0666666666666667,-61.0,STOP,False,-64.0,-1.0666666666666667,STOP,2025-07-08T14:00:01+00:00
IB30_ACCEPTED_BREAKOUT,2025-07-09,2025,2025-H2,LONG,2025-07-09T14:00:08+00:00,23097.5,60.0,-60.0,-64.0,-1.0666666666666667,-65.0,STOP,False,-64.0,-1.0666666666666667,STOP,2025-07-09T14:00:07+00:00
IB30_ACCEPTED_BREAKOUT,2025-07-10,2025,2025-H2,SHORT,2025-07-10T14:00:52+00:00,22935.5,60.0,20.0,16.0,0.26666666666666666,-18.0,STOP,True,56.0,0.9333333333333333,TARGET,2025-07-10T14:00:51+00:00
IB30_ACCEPTED_BREAKOUT,2025-07-11,2025,2025-H2,LONG,2025-07-11T14:07:56+00:00,22969.0,60.0,-60.0,-64.0,-1.0666666666666667,-60.0,STOP,False,-64.0,-1.0666666666666667,STOP,2025-07-11T14:07:55+00:00
IB30_ACCEPTED_BREAKOUT,2025-07-14,2025,2025-H2,LONG,2025-07-14T14:21:05+00:00,22986.75,60.0,-60.0,-64.0,-1.0666666666666667,-63.0,STOP,False,-64.0,-1.0666666666666667,STOP,2025-07-14T14:21:04+00:00
IB30_ACCEPTED_BREAKOUT,2025-07-15,2025,2025-H2,SHORT,2025-07-15T14:01:17+00:00,23122.75,60.0,-60.0,-64.0,-1.0666666666666667,-66.0,STOP,False,-64.0,-1.0666666666666667,STOP,2025-07-15T14:01:16+00:00
IB30_ACCEPTED_BREAKOUT,2025-07-16,2025,2025-H2,SHORT,2025-07-16T14:06:57+00:00,22956.5,60.0,-60.0,-64.0,-1.0666666666666667,-60.0,STOP,False,-64.0,-1.0666666666666667,STOP,2025-07-16T14:06:56+00:00
IB30_ACCEPTED_BREAKOUT,2025-07-17,2025,2025-H2,LONG,2025-07-17T14:00:56+00:00,23160.5,60.0,-60.0,-64.0,-1.0666666666666667,-60.0,STOP,False,-64.0,-1.0666666666666667,STOP,2025-07-17T14:00:55+00:00
IB30_ACCEPTED_BREAKOUT,2025-07-18,2025,2025-H2,SHORT,2025-07-18T14:04:05+00:00,23251.25,60.0,4.0,0.0,0.0,-14.0,STOP,True,56.0,0.9333333333333333,TARGET,2025-07-18T14:04:04+00:00
IB30_ACCEPTED_BREAKOUT,2025-07-21,2025,2025-H2,LONG,2025-07-21T14:00:34+00:00,23397.75,60.0,-60.0,-64.0,-1.0666666666666667,-61.0,STOP,False,-64.0,-1.0666666666666667,STOP,2025-07-21T14:00:33+00:00
IB30_ACCEPTED_BREAKOUT,2025-07-22,2025,2025-H2,SHORT,2025-07-22T14:03:44+00:00,23110.75,60.0,-60.0,-64.0,-1.0666666666666667,-64.0,STOP,False,-64.0,-1.0666666666666667,STOP,2025-07-22T14:03:43+00:00
IB30_ACCEPTED_BREAKOUT,2025-07-23,2025,2025-H2,SHORT,2025-07-23T14:00:12+00:00,23156.25,60.0,-60.0,-64.0,-1.0666666666666667,-60.0,STOP,False,-64.0,-1.0666666666666667,STOP,2025-07-23T14:00:11+00:00
IB30_ACCEPTED_BREAKOUT,2025-07-24,2025,2025-H2,SHORT,2025-07-24T14:09:49+00:00,23329.75,60.0,120.0,116.0,1.9333333333333333,-41.0,TARGET,True,56.0,0.9333333333333333,TARGET,2025-07-24T14:09:48+00:00
IB30_ACCEPTED_BREAKOUT,2025-07-25,2025,2025-H2,LONG,2025-07-25T14:02:11+00:00,23409.75,60.0,-60.0,-64.0,-1.0666666666666667,-61.0,STOP,False,-64.0,-1.0666666666666667,STOP,2025-07-25T14:02:10+00:00
IB30_ACCEPTED_BREAKOUT,2025-07-28,2025,2025-H2,LONG,2025-07-28T14:00:03+00:00,23522.25,60.0,-60.0,-64.0,-1.0666666666666667,-62.0,STOP,False,-64.0,-1.0666666666666667,STOP,2025-07-28T14:00:02+00:00
IB30_ACCEPTED_BREAKOUT,2025-07-29,2025,2025-H2,SHORT,2025-07-29T14:06:56+00:00,23553.25,60.0,-60.0,-64.0,-1.0666666666666667,-63.0,STOP,False,-64.0,-1.0666666666666667,STOP,2025-07-29T14:06:55+00:00
IB30_ACCEPTED_BREAKOUT,2025-07-30,2025,2025-H2,LONG,2025-07-30T14:32:10+00:00,23527.0,60.0,-60.0,-64.0,-1.0666666666666667,-63.0,STOP,False,-64.0,-1.0666666666666667,STOP,2025-07-30T14:32:09+00:00
IB30_ACCEPTED_BREAKOUT,2025-07-31,2025,2025-H2,SHORT,2025-07-31T14:37:14+00:00,23606.25,60.0,-60.0,-64.0,-1.0666666666666667,-65.0,STOP,False,-64.0,-1.0666666666666667,STOP,2025-07-31T14:37:13+00:00
IB30_ACCEPTED_BREAKOUT,2025-08-01,2025,2025-H2,SHORT,2025-08-01T14:00:06+00:00,22857.75,60.0,120.0,116.0,1.9333333333333333,-9.0,TARGET,True,56.0,0.9333333333333333,TARGET,2025-08-01T14:00:05+00:00
IB30_ACCEPTED_BREAKOUT,2025-08-04,2025,2025-H2,LONG,2025-08-04T14:15:34+00:00,23258.5,60.0,-60.0,-64.0,-1.0666666666666667,-61.0,STOP,False,-64.0,-1.0666666666666667,STOP,2025-08-04T14:15:33+00:00
IB30_ACCEPTED_BREAKOUT,2025-08-05,2025,2025-H2,SHORT,2025-08-05T14:17:52+00:00,23301.0,60.0,34.0,30.0,0.5,-41.0,STOP,True,56.0,0.9333333333333333,TARGET,2025-08-05T14:17:51+00:00
IB30_ACCEPTED_BREAKOUT,2025-08-06,2025,2025-H2,LONG,2025-08-06T14:02:37+00:00,23253.0,60.0,120.0,116.0,1.9333333333333333,-51.0,TARGET,True,56.0,0.9333333333333333,TARGET,2025-08-06T14:02:36+00:00
IB30_ACCEPTED_BREAKOUT,2025-08-07,2025,2025-H2,LONG,2025-08-07T14:00:02+00:00,23659.75,60.0,-60.0,-64.0,-1.0666666666666667,-62.0,STOP,False,-64.0,-1.0666666666666667,STOP,2025-08-07T14:00:01+00:00
IB30_ACCEPTED_BREAKOUT,2025-08-08,2025,2025-H2,LONG,2025-08-08T14:01:57+00:00,23650.5,60.0,-60.0,-64.0,-1.0666666666666667,-61.0,STOP,False,-64.0,-1.0666666666666667,STOP,2025-08-08T14:01:56+00:00
IB30_ACCEPTED_BREAKOUT,2025-08-11,2025,2025-H2,LONG,2025-08-11T14:02:11+00:00,23746.5,60.0,-60.0,-64.0,-1.0666666666666667,-62.0,STOP,False,-64.0,-1.0666666666666667,STOP,2025-08-11T14:02:10+00:00
IB30_ACCEPTED_BREAKOUT,2025-08-12,2025,2025-H2,SHORT,2025-08-12T14:00:02+00:00,23642.75,60.0,10.0,6.0,0.1,-57.0,STOP,True,56.0,0.9333333333333333,TARGET,2025-08-12T14:00:01+00:00
IB30_ACCEPTED_BREAKOUT,2025-08-13,2025,2025-H2,SHORT,2025-08-13T14:00:26+00:00,24002.0,60.0,4.0,0.0,0.0,-37.0,STOP,True,56.0,0.9333333333333333,TARGET,2025-08-13T14:00:25+00:00
IB30_ACCEPTED_BREAKOUT,2025-08-14,2025,2025-H2,LONG,2025-08-14T14:30:56+00:00,23962.75,60.0,9.0,5.0,0.08333333333333333,-32.0,STOP,True,56.0,0.9333333333333333,TARGET,2025-08-14T14:30:55+00:00
IB30_ACCEPTED_BREAKOUT,2025-08-18,2025,2025-H2,LONG,2025-08-18T14:24:56+00:00,23817.25,60.0,-60.0,-64.0,-1.0666666666666667,-75.0,STOP,False,-64.0,-1.0666666666666667,STOP,2025-08-18T14:24:55+00:00
IB30_ACCEPTED_BREAKOUT,2025-08-19,2025,2025-H2,SHORT,2025-08-19T14:28:18+00:00,23625.75,60.0,-60.0,-64.0,-1.0666666666666667,-66.0,STOP,False,-64.0,-1.0666666666666667,STOP,2025-08-19T14:28:17+00:00
IB30_ACCEPTED_BREAKOUT,2025-08-20,2025,2025-H2,SHORT,2025-08-20T14:05:37+00:00,23142.5,60.0,50.0,46.0,0.7666666666666667,-52.0,STOP,True,56.0,0.9333333333333333,TARGET,2025-08-20T14:05:36+00:00
IB30_ACCEPTED_BREAKOUT,2025-08-21,2025,2025-H2,SHORT,2025-08-21T14:00:15+00:00,23169.25,60.0,-60.0,-64.0,-1.0666666666666667,-80.0,STOP,False,-64.0,-1.0666666666666667,STOP,2025-08-21T14:00:14+00:00
IB30_ACCEPTED_BREAKOUT,2025-08-22,2025,2025-H2,LONG,2025-08-22T14:00:06+00:00,23351.0,60.0,120.0,116.0,1.9333333333333333,-1.0,TARGET,True,56.0,0.9333333333333333,TARGET,2025-08-22T14:00:05+00:00
IB30_ACCEPTED_BREAKOUT,2025-08-25,2025,2025-H2,LONG,2025-08-25T14:00:03+00:00,23523.5,60.0,4.0,0.0,0.0,-10.0,STOP,True,56.0,0.9333333333333333,TARGET,2025-08-25T14:00:02+00:00
IB30_ACCEPTED_BREAKOUT,2025-08-26,2025,2025-H2,LONG,2025-08-26T14:10:36+00:00,23524.75,60.0,-60.0,-64.0,-1.0666666666666667,-61.0,STOP,False,-64.0,-1.0666666666666667,STOP,2025-08-26T14:10:35+00:00
IB30_ACCEPTED_BREAKOUT,2025-08-27,2025,2025-H2,LONG,2025-08-27T14:14:16+00:00,23566.25,60.0,120.0,116.0,1.9333333333333333,-13.0,TARGET,True,56.0,0.9333333333333333,TARGET,2025-08-27T14:14:15+00:00
IB30_ACCEPTED_BREAKOUT,2025-08-29,2025,2025-H2,SHORT,2025-08-29T14:03:38+00:00,23507.0,60.0,120.0,116.0,1.9333333333333333,-10.0,TARGET,True,56.0,0.9333333333333333,TARGET,2025-08-29T14:03:37+00:00
IB30_ACCEPTED_BREAKOUT,2025-09-02,2025,2025-H2,LONG,2025-09-02T14:00:10+00:00,23261.75,60.0,13.0,9.0,0.15,-16.0,STOP,True,56.0,0.9333333333333333,TARGET,2025-09-02T14:00:09+00:00
IB30_ACCEPTED_BREAKOUT,2025-09-03,2025,2025-H2,LONG,2025-09-03T14:04:09+00:00,23440.5,60.0,-60.0,-64.0,-1.0666666666666667,-60.0,STOP,False,-64.0,-1.0666666666666667,STOP,2025-09-03T14:04:08+00:00
IB30_ACCEPTED_BREAKOUT,2025-09-04,2025,2025-H2,SHORT,2025-09-04T14:02:23+00:00,23456.0,60.0,120.0,116.0,1.9333333333333333,-39.0,TARGET,True,56.0,0.9333333333333333,TARGET,2025-09-04T14:02:22+00:00
IB30_ACCEPTED_BREAKOUT,2025-09-05,2025,2025-H2,SHORT,2025-09-05T14:00:29+00:00,23816.75,60.0,-60.0,-64.0,-1.0666666666666667,-67.0,STOP,False,-64.0,-1.0666666666666667,STOP,2025-09-05T14:00:28+00:00
IB30_ACCEPTED_BREAKOUT,2025-09-08,2025,2025-H2,LONG,2025-09-08T14:32:16+00:00,23877.75,60.0,-60.0,-64.0,-1.0666666666666667,-65.0,STOP,False,-64.0,-1.0666666666666667,STOP,2025-09-08T14:32:15+00:00
IB30_ACCEPTED_BREAKOUT,2025-09-09,2025,2025-H2,SHORT,2025-09-09T14:00:59+00:00,23792.5,60.0,-60.0,-64.0,-1.0666666666666667,-62.0,STOP,False,-64.0,-1.0666666666666667,STOP,2025-09-09T14:00:58+00:00
IB30_ACCEPTED_BREAKOUT,2025-09-11,2025,2025-H2,LONG,2025-09-11T14:06:43+00:00,24000.75,60.0,-60.0,-64.0,-1.0666666666666667,-60.0,STOP,False,-64.0,-1.0666666666666667,STOP,2025-09-11T14:06:42+00:00
IB30_ACCEPTED_BREAKOUT,2025-09-12,2025,2025-H2,LONG,2025-09-12T14:21:19+00:00,24067.25,60.0,120.0,116.0,1.9333333333333333,-17.0,TARGET,True,56.0,0.9333333333333333,TARGET,2025-09-12T14:21:18+00:00
IB30_ACCEPTED_BREAKOUT,2025-09-15,2025,2025-H2,LONG,2025-09-15T14:00:02+00:00,24265.25,60.0,-60.0,-64.0,-1.0666666666666667,-62.0,STOP,False,-64.0,-1.0666666666666667,STOP,2025-09-15T14:00:01+00:00
IB30_ACCEPTED_BREAKOUT,2025-09-17,2025,2025-H2,SHORT,2025-09-17T14:01:32+00:00,24222.75,60.0,4.0,0.0,0.0,-9.0,STOP,True,56.0,0.9333333333333333,TARGET,2025-09-17T14:01:31+00:00
IB30_ACCEPTED_BREAKOUT,2025-09-18,2025,2025-H2,LONG,2025-09-18T14:03:00+00:00,24471.25,60.0,120.0,116.0,1.9333333333333333,-17.0,TARGET,True,56.0,0.9333333333333333,TARGET,2025-09-18T14:02:59+00:00
IB30_ACCEPTED_BREAKOUT,2025-09-22,2025,2025-H2,LONG,2025-09-22T14:02:35+00:00,24883.75,60.0,-60.0,-64.0,-1.0666666666666667,-61.0,STOP,False,-64.0,-1.0666666666666667,STOP,2025-09-22T14:02:34+00:00
IB30_ACCEPTED_BREAKOUT,2025-09-23,2025,2025-H2,SHORT,2025-09-23T14:00:10+00:00,24931.0,60.0,-60.0,-64.0,-1.0666666666666667,-61.0,STOP,False,-64.0,-1.0666666666666667,STOP,2025-09-23T14:00:09+00:00
IB30_ACCEPTED_BREAKOUT,2025-09-25,2025,2025-H2,LONG,2025-09-25T14:11:03+00:00,24582.5,60.0,-60.0,-64.0,-1.0666666666666667,-62.0,STOP,False,-64.0,-1.0666666666666667,STOP,2025-09-25T14:11:02+00:00
IB30_ACCEPTED_BREAKOUT,2025-09-26,2025,2025-H2,LONG,2025-09-26T14:00:12+00:00,24717.75,60.0,4.0,0.0,0.0,-4.0,STOP,True,56.0,0.9333333333333333,TARGET,2025-09-26T14:00:11+00:00
IB30_ACCEPTED_BREAKOUT,2025-09-29,2025,2025-H2,LONG,2025-09-29T14:00:34+00:00,24957.75,60.0,-60.0,-64.0,-1.0666666666666667,-65.0,STOP,False,-64.0,-1.0666666666666667,STOP,2025-09-29T14:00:33+00:00
IB30_ACCEPTED_BREAKOUT,2025-09-30,2025,2025-H2,LONG,2025-09-30T14:48:20+00:00,24836.5,60.0,-60.0,-64.0,-1.0666666666666667,-62.0,STOP,False,-64.0,-1.0666666666666667,STOP,2025-09-30T14:48:19+00:00
IB30_ACCEPTED_BREAKOUT,2025-10-01,2025,2025-H2,LONG,2025-10-01T14:18:02+00:00,24843.25,60.0,120.0,116.0,1.9333333333333333,-20.0,TARGET,True,56.0,0.9333333333333333,TARGET,2025-10-01T14:18:01+00:00
IB30_ACCEPTED_BREAKOUT,2025-10-03,2025,2025-H2,SHORT,2025-10-03T14:00:02+00:00,25095.25,60.0,15.0,11.0,0.18333333333333332,-18.0,STOP,True,56.0,0.9333333333333333,TARGET,2025-10-03T14:00:01+00:00
IB30_ACCEPTED_BREAKOUT,2025-10-06,2025,2025-H2,SHORT,2025-10-06T14:42:34+00:00,25111.75,60.0,-60.0,-64.0,-1.0666666666666667,-68.0,STOP,False,-64.0,-1.0666666666666667,STOP,2025-10-06T14:42:33+00:00
IB30_ACCEPTED_BREAKOUT,2025-10-07,2025,2025-H2,SHORT,2025-10-07T14:03:45+00:00,25215.75,60.0,-60.0,-64.0,-1.0666666666666667,-62.0,STOP,False,-64.0,-1.0666666666666667,STOP,2025-10-07T14:03:44+00:00
IB30_ACCEPTED_BREAKOUT,2025-10-08,2025,2025-H2,LONG,2025-10-08T14:00:24+00:00,25196.5,60.0,120.0,116.0,1.9333333333333333,-46.0,TARGET,True,56.0,0.9333333333333333,TARGET,2025-10-08T14:00:23+00:00
IB30_ACCEPTED_BREAKOUT,2025-10-09,2025,2025-H2,SHORT,2025-10-09T14:21:21+00:00,25249.75,60.0,-60.0,-64.0,-1.0666666666666667,-64.0,STOP,False,-64.0,-1.0666666666666667,STOP,2025-10-09T14:21:20+00:00
IB30_ACCEPTED_BREAKOUT,2025-10-10,2025,2025-H2,SHORT,2025-10-10T14:57:58+00:00,25273.5,60.0,12.0,8.0,0.13333333333333333,-45.0,STOP,True,56.0,0.9333333333333333,TARGET,2025-10-10T14:57:57+00:00
IB30_ACCEPTED_BREAKOUT,2025-10-13,2025,2025-H2,LONG,2025-10-13T14:00:03+00:00,24896.75,60.0,-60.0,-64.0,-1.0666666666666667,-69.0,STOP,False,-64.0,-1.0666666666666667,STOP,2025-10-13T14:00:02+00:00
IB30_ACCEPTED_BREAKOUT,2025-10-14,2025,2025-H2,LONG,2025-10-14T14:20:28+00:00,24654.5,60.0,120.0,116.0,1.9333333333333333,-48.0,TARGET,True,56.0,0.9333333333333333,TARGET,2025-10-14T14:20:27+00:00
IB30_ACCEPTED_BREAKOUT,2025-10-15,2025,2025-H2,LONG,2025-10-15T14:00:10+00:00,25026.0,60.0,120.0,116.0,1.9333333333333333,-26.0,TARGET,True,56.0,0.9333333333333333,TARGET,2025-10-15T14:00:09+00:00
IB30_ACCEPTED_BREAKOUT,2025-10-16,2025,2025-H2,SHORT,2025-10-16T14:12:29+00:00,25019.5,60.0,-60.0,-64.0,-1.0666666666666667,-61.0,STOP,False,-64.0,-1.0666666666666667,STOP,2025-10-16T14:12:28+00:00
IB30_ACCEPTED_BREAKOUT,2025-10-17,2025,2025-H2,LONG,2025-10-17T14:12:07+00:00,24890.25,60.0,-60.0,-64.0,-1.0666666666666667,-61.0,STOP,False,-64.0,-1.0666666666666667,STOP,2025-10-17T14:12:06+00:00
IB30_ACCEPTED_BREAKOUT,2025-10-20,2025,2025-H2,LONG,2025-10-20T14:04:05+00:00,25243.0,60.0,-60.0,-64.0,-1.0666666666666667,-64.0,STOP,False,-64.0,-1.0666666666666667,STOP,2025-10-20T14:04:04+00:00
IB30_ACCEPTED_BREAKOUT,2025-10-21,2025,2025-H2,SHORT,2025-10-21T14:28:58+00:00,25206.0,60.0,-60.0,-64.0,-1.0666666666666667,-65.0,STOP,False,-64.0,-1.0666666666666667,STOP,2025-10-21T14:28:57+00:00
IB30_ACCEPTED_BREAKOUT,2025-10-22,2025,2025-H2,SHORT,2025-10-22T14:27:06+00:00,25152.5,60.0,120.0,116.0,1.9333333333333333,-38.0,TARGET,True,56.0,0.9333333333333333,TARGET,2025-10-22T14:27:05+00:00
IB30_ACCEPTED_BREAKOUT,2025-10-23,2025,2025-H2,LONG,2025-10-23T14:37:02+00:00,25183.0,60.0,-60.0,-64.0,-1.0666666666666667,-66.0,STOP,False,-64.0,-1.0666666666666667,STOP,2025-10-23T14:37:01+00:00
IB30_ACCEPTED_BREAKOUT,2025-10-24,2025,2025-H2,LONG,2025-10-24T14:06:26+00:00,25537.5,60.0,-60.0,-64.0,-1.0666666666666667,-61.0,STOP,False,-64.0,-1.0666666666666667,STOP,2025-10-24T14:06:25+00:00
IB30_ACCEPTED_BREAKOUT,2025-10-27,2025,2025-H2,LONG,2025-10-27T14:01:35+00:00,25860.5,60.0,4.0,0.0,0.0,-20.0,STOP,True,56.0,0.9333333333333333,TARGET,2025-10-27T14:01:34+00:00
IB30_ACCEPTED_BREAKOUT,2025-10-28,2025,2025-H2,SHORT,2025-10-28T14:32:18+00:00,26028.25,60.0,-60.0,-64.0,-1.0666666666666667,-61.0,STOP,False,-64.0,-1.0666666666666667,STOP,2025-10-28T14:32:17+00:00
IB30_ACCEPTED_BREAKOUT,2025-10-29,2025,2025-H2,LONG,2025-10-29T14:00:02+00:00,26325.25,60.0,-60.0,-64.0,-1.0666666666666667,-60.0,STOP,False,-64.0,-1.0666666666666667,STOP,2025-10-29T14:00:01+00:00
IB30_ACCEPTED_BREAKOUT,2025-10-30,2025,2025-H2,LONG,2025-10-30T14:00:23+00:00,26155.25,60.0,49.0,45.0,0.75,-1.0,STOP,True,56.0,0.9333333333333333,TARGET,2025-10-30T14:00:22+00:00
IB30_ACCEPTED_BREAKOUT,2025-10-31,2025,2025-H2,SHORT,2025-10-31T14:04:29+00:00,26073.75,60.0,-60.0,-64.0,-1.0666666666666667,-61.0,STOP,False,-64.0,-1.0666666666666667,STOP,2025-10-31T14:04:28+00:00
IB30_ACCEPTED_BREAKOUT,2025-11-03,2025,2025-H2,SHORT,2025-11-03T15:00:43+00:00,26115.25,60.0,-60.0,-64.0,-1.0666666666666667,-63.0,STOP,False,-64.0,-1.0666666666666667,STOP,2025-11-03T15:00:42+00:00
IB30_ACCEPTED_BREAKOUT,2025-11-04,2025,2025-H2,LONG,2025-11-04T15:00:02+00:00,25882.0,60.0,-60.0,-64.0,-1.0666666666666667,-64.0,STOP,False,-64.0,-1.0666666666666667,STOP,2025-11-04T15:00:01+00:00
IB30_ACCEPTED_BREAKOUT,2025-11-05,2025,2025-H2,LONG,2025-11-05T15:06:13+00:00,25701.5,60.0,4.0,0.0,0.0,-41.0,STOP,True,56.0,0.9333333333333333,TARGET,2025-11-05T15:06:12+00:00
IB30_ACCEPTED_BREAKOUT,2025-11-06,2025,2025-H2,SHORT,2025-11-06T15:00:02+00:00,25493.75,60.0,53.0,49.0,0.8166666666666667,-50.0,STOP,True,56.0,0.9333333333333333,TARGET,2025-11-06T15:00:01+00:00
IB30_ACCEPTED_BREAKOUT,2025-11-07,2025,2025-H2,SHORT,2025-11-07T15:06:18+00:00,24907.0,60.0,40.0,36.0,0.6,-19.0,STOP,True,56.0,0.9333333333333333,TARGET,2025-11-07T15:06:17+00:00
IB30_ACCEPTED_BREAKOUT,2025-11-10,2025,2025-H2,LONG,2025-11-10T15:12:18+00:00,25658.0,60.0,-60.0,-64.0,-1.0666666666666667,-64.0,STOP,False,-64.0,-1.0666666666666667,STOP,2025-11-10T15:12:17+00:00
IB30_ACCEPTED_BREAKOUT,2025-11-11,2025,2025-H2,SHORT,2025-11-11T15:06:41+00:00,25549.75,60.0,-60.0,-64.0,-1.0666666666666667,-62.0,STOP,False,-64.0,-1.0666666666666667,STOP,2025-11-11T15:06:40+00:00
IB30_ACCEPTED_BREAKOUT,2025-11-12,2025,2025-H2,SHORT,2025-11-12T15:36:16+00:00,25559.0,60.0,120.0,116.0,1.9333333333333333,-10.0,TARGET,True,56.0,0.9333333333333333,TARGET,2025-11-12T15:36:15+00:00
IB30_ACCEPTED_BREAKOUT,2025-11-13,2025,2025-H2,SHORT,2025-11-13T15:45:26+00:00,25274.0,60.0,31.0,27.0,0.45,-4.0,STOP,True,56.0,0.9333333333333333,TARGET,2025-11-13T15:45:25+00:00
IB30_ACCEPTED_BREAKOUT,2025-11-14,2025,2025-H2,LONG,2025-11-14T15:06:53+00:00,24974.75,60.0,-60.0,-64.0,-1.0666666666666667,-62.0,STOP,False,-64.0,-1.0666666666666667,STOP,2025-11-14T15:06:52+00:00
IB30_ACCEPTED_BREAKOUT,2025-11-18,2025,2025-H2,SHORT,2025-11-18T15:00:02+00:00,24515.75,60.0,-60.0,-64.0,-1.0666666666666667,-76.0,STOP,False,-64.0,-1.0666666666666667,STOP,2025-11-18T15:00:01+00:00
IB30_ACCEPTED_BREAKOUT,2025-11-19,2025,2025-H2,LONG,2025-11-19T15:02:03+00:00,24903.75,60.0,57.0,53.0,0.8833333333333333,-35.0,STOP,True,56.0,0.9333333333333333,TARGET,2025-11-19T15:02:02+00:00
IB30_ACCEPTED_BREAKOUT,2025-11-20,2025,2025-H2,LONG,2025-11-20T15:00:04+00:00,25292.25,60.0,-60.0,-64.0,-1.0666666666666667,-82.0,STOP,False,-64.0,-1.0666666666666667,STOP,2025-11-20T15:00:03+00:00
IB30_ACCEPTED_BREAKOUT,2025-11-21,2025,2025-H2,SHORT,2025-11-21T15:02:43+00:00,24095.25,60.0,24.0,20.0,0.3333333333333333,-53.0,STOP,True,56.0,0.9333333333333333,TARGET,2025-11-21T15:02:42+00:00
IB30_ACCEPTED_BREAKOUT,2025-11-24,2025,2025-H2,LONG,2025-11-24T15:02:02+00:00,24729.75,60.0,17.0,13.0,0.21666666666666667,-34.0,STOP,True,56.0,0.9333333333333333,TARGET,2025-11-24T15:02:01+00:00
IB30_ACCEPTED_BREAKOUT,2025-11-26,2025,2025-H2,SHORT,2025-11-26T15:00:03+00:00,25144.75,60.0,-60.0,-64.0,-1.0666666666666667,-71.0,STOP,False,-64.0,-1.0666666666666667,STOP,2025-11-26T15:00:02+00:00
IB30_ACCEPTED_BREAKOUT,2025-12-01,2025,2025-H2,LONG,2025-12-01T15:13:40+00:00,25385.75,60.0,-60.0,-64.0,-1.0666666666666667,-62.0,STOP,False,-64.0,-1.0666666666666667,STOP,2025-12-01T15:13:39+00:00
IB30_ACCEPTED_BREAKOUT,2025-12-02,2025,2025-H2,LONG,2025-12-02T15:00:44+00:00,25617.75,60.0,53.0,49.0,0.8166666666666667,-28.0,STOP,True,56.0,0.9333333333333333,TARGET,2025-12-02T15:00:43+00:00
IB30_ACCEPTED_BREAKOUT,2025-12-03,2025,2025-H2,LONG,2025-12-03T15:02:32+00:00,25540.75,60.0,120.0,116.0,1.9333333333333333,-20.0,TARGET,True,56.0,0.9333333333333333,TARGET,2025-12-03T15:02:31+00:00
IB30_ACCEPTED_BREAKOUT,2025-12-04,2025,2025-H2,SHORT,2025-12-04T15:25:30+00:00,25528.0,60.0,-60.0,-64.0,-1.0666666666666667,-63.0,STOP,False,-64.0,-1.0666666666666667,STOP,2025-12-04T15:25:29+00:00
IB30_ACCEPTED_BREAKOUT,2025-12-05,2025,2025-H2,LONG,2025-12-05T15:00:05+00:00,25801.75,60.0,-60.0,-64.0,-1.0666666666666667,-66.0,STOP,False,-64.0,-1.0666666666666667,STOP,2025-12-05T15:00:04+00:00
IB30_ACCEPTED_BREAKOUT,2025-12-08,2025,2025-H2,SHORT,2025-12-08T15:21:34+00:00,25719.0,60.0,28.0,24.0,0.4,-51.0,STOP,True,56.0,0.9333333333333333,TARGET,2025-12-08T15:21:33+00:00
IB30_ACCEPTED_BREAKOUT,2025-12-09,2025,2025-H2,LONG,2025-12-09T15:02:44+00:00,25660.5,60.0,-60.0,-64.0,-1.0666666666666667,-62.0,STOP,False,-64.0,-1.0666666666666667,STOP,2025-12-09T15:02:43+00:00
IB30_ACCEPTED_BREAKOUT,2025-12-10,2025,2025-H2,SHORT,2025-12-10T15:40:23+00:00,25566.5,60.0,-60.0,-64.0,-1.0666666666666667,-60.0,STOP,False,-64.0,-1.0666666666666667,STOP,2025-12-10T15:40:22+00:00
IB30_ACCEPTED_BREAKOUT,2025-12-11,2025,2025-H2,SHORT,2025-12-11T15:00:06+00:00,25394.25,60.0,-60.0,-64.0,-1.0666666666666667,-60.0,STOP,False,-64.0,-1.0666666666666667,STOP,2025-12-11T15:00:05+00:00
IB30_ACCEPTED_BREAKOUT,2025-12-12,2025,2025-H2,SHORT,2025-12-12T15:04:08+00:00,25496.25,60.0,27.0,23.0,0.38333333333333336,-14.0,STOP,True,56.0,0.9333333333333333,TARGET,2025-12-12T15:04:07+00:00
IB30_ACCEPTED_BREAKOUT,2025-12-15,2025,2025-H2,SHORT,2025-12-15T15:00:08+00:00,25209.0,60.0,45.0,41.0,0.6833333333333333,-9.0,STOP,True,56.0,0.9333333333333333,TARGET,2025-12-15T15:00:07+00:00
IB30_ACCEPTED_BREAKOUT,2025-12-16,2025,2025-H2,LONG,2025-12-16T15:00:03+00:00,25160.75,60.0,-60.0,-64.0,-1.0666666666666667,-64.0,STOP,False,-64.0,-1.0666666666666667,STOP,2025-12-16T15:00:02+00:00
IB30_ACCEPTED_BREAKOUT,2025-12-17,2025,2025-H2,SHORT,2025-12-17T15:35:39+00:00,24999.75,60.0,120.0,116.0,1.9333333333333333,-38.0,TARGET,True,56.0,0.9333333333333333,TARGET,2025-12-17T15:35:38+00:00
IB30_ACCEPTED_BREAKOUT,2025-12-18,2025,2025-H2,LONG,2025-12-18T15:28:48+00:00,25098.5,60.0,-60.0,-64.0,-1.0666666666666667,-84.0,STOP,False,-64.0,-1.0666666666666667,STOP,2025-12-18T15:28:47+00:00
IB30_ACCEPTED_BREAKOUT,2025-12-22,2025,2025-H2,SHORT,2025-12-22T15:31:28+00:00,25669.5,60.0,-60.0,-64.0,-1.0666666666666667,-65.0,STOP,False,-64.0,-1.0666666666666667,STOP,2025-12-22T15:31:27+00:00
IB30_ACCEPTED_BREAKOUT,2025-12-23,2025,2025-H2,SHORT,2025-12-23T15:03:07+00:00,25630.25,60.0,-60.0,-64.0,-1.0666666666666667,-65.0,STOP,False,-64.0,-1.0666666666666667,STOP,2025-12-23T15:03:06+00:00
IB30_ACCEPTED_BREAKOUT,2025-12-24,2025,2025-H2,LONG,2025-12-24T15:12:48+00:00,25827.75,60.0,-60.0,-64.0,-1.0666666666666667,-70.0,STOP,False,-64.0,-1.0666666666666667,STOP,2025-12-24T15:12:47+00:00
IB30_ACCEPTED_BREAKOUT,2025-12-26,2025,2025-H2,SHORT,2025-12-26T15:01:12+00:00,25862.5,60.0,30.0,26.0,0.43333333333333335,-10.0,STOP,True,56.0,0.9333333333333333,TARGET,2025-12-26T15:01:11+00:00
IB30_ACCEPTED_BREAKOUT,2025-12-29,2025,2025-H2,SHORT,2025-12-29T15:14:25+00:00,25661.75,60.0,-60.0,-64.0,-1.0666666666666667,-66.0,STOP,False,-64.0,-1.0666666666666667,STOP,2025-12-29T15:14:24+00:00
IB30_ACCEPTED_BREAKOUT,2025-12-31,2025,2025-H2,SHORT,2025-12-31T15:18:17+00:00,25581.0,60.0,-60.0,-64.0,-1.0666666666666667,-60.0,STOP,False,-64.0,-1.0666666666666667,STOP,2025-12-31T15:18:16+00:00
IB30_ACCEPTED_BREAKOUT,2026-01-02,2026,2026-H1,SHORT,2026-01-02T15:12:55+00:00,25629.25,60.0,120.0,116.0,1.9333333333333333,-30.0,TARGET,True,56.0,0.9333333333333333,TARGET,2026-01-02T15:12:54+00:00
IB30_ACCEPTED_BREAKOUT,2026-01-05,2026,2026-H1,LONG,2026-01-05T15:28:22+00:00,25675.75,60.0,-60.0,-64.0,-1.0666666666666667,-60.0,STOP,False,-64.0,-1.0666666666666667,STOP,2026-01-05T15:28:21+00:00
IB30_ACCEPTED_BREAKOUT,2026-01-06,2026,2026-H1,LONG,2026-01-06T15:00:40+00:00,25764.0,60.0,-60.0,-64.0,-1.0666666666666667,-74.0,STOP,False,-64.0,-1.0666666666666667,STOP,2026-01-06T15:00:39+00:00
IB30_ACCEPTED_BREAKOUT,2026-01-07,2026,2026-H1,LONG,2026-01-07T15:33:01+00:00,25881.75,60.0,22.0,18.0,0.3,-15.0,STOP,True,56.0,0.9333333333333333,TARGET,2026-01-07T15:33:00+00:00
IB30_ACCEPTED_BREAKOUT,2026-01-08,2026,2026-H1,SHORT,2026-01-08T15:00:04+00:00,25591.25,60.0,-60.0,-64.0,-1.0666666666666667,-71.0,STOP,False,-64.0,-1.0666666666666667,STOP,2026-01-08T15:00:03+00:00
IB30_ACCEPTED_BREAKOUT,2026-01-09,2026,2026-H1,SHORT,2026-01-09T15:08:31+00:00,25636.25,60.0,23.0,19.0,0.31666666666666665,-26.0,STOP,True,56.0,0.9333333333333333,TARGET,2026-01-09T15:08:30+00:00
IB30_ACCEPTED_BREAKOUT,2026-01-12,2026,2026-H1,LONG,2026-01-12T15:24:16+00:00,25927.75,60.0,-60.0,-64.0,-1.0666666666666667,-63.0,STOP,False,-64.0,-1.0666666666666667,STOP,2026-01-12T15:24:15+00:00
IB30_ACCEPTED_BREAKOUT,2026-01-13,2026,2026-H1,SHORT,2026-01-13T15:02:32+00:00,25926.5,60.0,52.0,48.0,0.8,-8.0,STOP,True,56.0,0.9333333333333333,TARGET,2026-01-13T15:02:31+00:00
IB30_ACCEPTED_BREAKOUT,2026-01-14,2026,2026-H1,SHORT,2026-01-14T15:00:02+00:00,25548.75,60.0,4.0,0.0,0.0,-17.0,STOP,True,56.0,0.9333333333333333,TARGET,2026-01-14T15:00:01+00:00
IB30_ACCEPTED_BREAKOUT,2026-01-15,2026,2026-H1,SHORT,2026-01-15T15:46:18+00:00,25833.5,60.0,-60.0,-64.0,-1.0666666666666667,-62.0,STOP,False,-64.0,-1.0666666666666667,STOP,2026-01-15T15:46:17+00:00
IB30_ACCEPTED_BREAKOUT,2026-01-16,2026,2026-H1,SHORT,2026-01-16T15:00:05+00:00,25725.0,60.0,-60.0,-64.0,-1.0666666666666667,-68.0,STOP,False,-64.0,-1.0666666666666667,STOP,2026-01-16T15:00:04+00:00
IB30_ACCEPTED_BREAKOUT,2026-01-20,2026,2026-H1,LONG,2026-01-20T15:31:38+00:00,25370.25,60.0,31.0,27.0,0.45,-54.0,STOP,True,56.0,0.9333333333333333,TARGET,2026-01-20T15:31:37+00:00
IB30_ACCEPTED_BREAKOUT,2026-01-21,2026,2026-H1,LONG,2026-01-21T15:16:04+00:00,25345.0,60.0,120.0,116.0,1.9333333333333333,-15.0,TARGET,True,56.0,0.9333333333333333,TARGET,2026-01-21T15:16:03+00:00
IB30_ACCEPTED_BREAKOUT,2026-01-22,2026,2026-H1,SHORT,2026-01-22T15:00:10+00:00,25543.25,60.0,-60.0,-64.0,-1.0666666666666667,-66.0,STOP,False,-64.0,-1.0666666666666667,STOP,2026-01-22T15:00:09+00:00
IB30_ACCEPTED_BREAKOUT,2026-01-23,2026,2026-H1,LONG,2026-01-23T15:00:02+00:00,25672.5,60.0,9.0,5.0,0.08333333333333333,-44.0,STOP,True,56.0,0.9333333333333333,TARGET,2026-01-23T15:00:01+00:00
IB30_ACCEPTED_BREAKOUT,2026-01-26,2026,2026-H1,LONG,2026-01-26T15:18:00+00:00,25857.0,60.0,58.0,54.0,0.9,-17.0,STOP,True,56.0,0.9333333333333333,TARGET,2026-01-26T15:17:59+00:00
IB30_ACCEPTED_BREAKOUT,2026-01-27,2026,2026-H1,LONG,2026-01-27T15:01:41+00:00,26059.75,60.0,-60.0,-64.0,-1.0666666666666667,-72.0,STOP,False,-64.0,-1.0666666666666667,STOP,2026-01-27T15:01:40+00:00
IB30_ACCEPTED_BREAKOUT,2026-01-28,2026,2026-H1,SHORT,2026-01-28T15:32:20+00:00,26211.75,60.0,26.0,22.0,0.36666666666666664,-43.0,STOP,True,56.0,0.9333333333333333,TARGET,2026-01-28T15:32:19+00:00
IB30_ACCEPTED_BREAKOUT,2026-01-29,2026,2026-H1,SHORT,2026-01-29T15:00:06+00:00,25853.75,60.0,120.0,116.0,1.9333333333333333,-43.0,TARGET,False,56.0,0.9333333333333333,TARGET,2026-01-29T15:00:05+00:00
IB30_ACCEPTED_BREAKOUT,2026-01-30,2026,2026-H1,SHORT,2026-01-30T15:29:26+00:00,25799.75,60.0,56.0,52.0,0.8666666666666667,-43.0,STOP,True,56.0,0.9333333333333333,TARGET,2026-01-30T15:29:25+00:00
IB30_ACCEPTED_BREAKOUT,2026-02-02,2026,2026-H1,LONG,2026-02-02T15:05:11+00:00,25801.25,60.0,120.0,116.0,1.9333333333333333,-6.0,TARGET,True,56.0,0.9333333333333333,TARGET,2026-02-02T15:05:10+00:00
IB30_ACCEPTED_BREAKOUT,2026-02-03,2026,2026-H1,SHORT,2026-02-03T15:00:03+00:00,25620.0,60.0,-60.0,-64.0,-1.0666666666666667,-63.0,STOP,False,-64.0,-1.0666666666666667,STOP,2026-02-03T15:00:02+00:00
IB30_ACCEPTED_BREAKOUT,2026-02-04,2026,2026-H1,SHORT,2026-02-04T15:00:02+00:00,25167.25,60.0,15.0,11.0,0.18333333333333332,-55.0,STOP,True,56.0,0.9333333333333333,TARGET,2026-02-04T15:00:01+00:00
IB30_ACCEPTED_BREAKOUT,2026-02-05,2026,2026-H1,SHORT,2026-02-05T15:08:38+00:00,24648.5,60.0,-60.0,-64.0,-1.0666666666666667,-62.0,STOP,False,-64.0,-1.0666666666666667,STOP,2026-02-05T15:08:37+00:00
IB30_ACCEPTED_BREAKOUT,2026-02-09,2026,2026-H1,LONG,2026-02-09T15:06:18+00:00,25196.5,60.0,5.0,1.0,0.016666666666666666,-49.0,STOP,True,56.0,0.9333333333333333,TARGET,2026-02-09T15:06:17+00:00
IB30_ACCEPTED_BREAKOUT,2026-02-10,2026,2026-H1,LONG,2026-02-10T15:06:32+00:00,25416.0,60.0,50.0,46.0,0.7666666666666667,-3.0,STOP,True,56.0,0.9333333333333333,TARGET,2026-02-10T15:06:31+00:00
IB30_ACCEPTED_BREAKOUT,2026-02-11,2026,2026-H1,SHORT,2026-02-11T15:02:39+00:00,25286.0,60.0,-60.0,-64.0,-1.0666666666666667,-69.0,STOP,False,-64.0,-1.0666666666666667,STOP,2026-02-11T15:02:38+00:00
IB30_ACCEPTED_BREAKOUT,2026-02-12,2026,2026-H1,SHORT,2026-02-12T15:00:11+00:00,25181.0,60.0,-60.0,-64.0,-1.0666666666666667,-72.0,STOP,False,-64.0,-1.0666666666666667,STOP,2026-02-12T15:00:10+00:00
IB30_ACCEPTED_BREAKOUT,2026-02-13,2026,2026-H1,LONG,2026-02-13T15:28:40+00:00,24856.75,60.0,120.0,116.0,1.9333333333333333,-55.0,TARGET,True,56.0,0.9333333333333333,TARGET,2026-02-13T15:28:39+00:00
IB30_ACCEPTED_BREAKOUT,2026-02-17,2026,2026-H1,SHORT,2026-02-17T15:00:02+00:00,24467.75,60.0,-60.0,-64.0,-1.0666666666666667,-66.0,STOP,False,-64.0,-1.0666666666666667,STOP,2026-02-17T15:00:01+00:00
IB30_ACCEPTED_BREAKOUT,2026-02-18,2026,2026-H1,LONG,2026-02-18T15:00:44+00:00,24958.75,60.0,120.0,116.0,1.9333333333333333,-32.0,TARGET,True,56.0,0.9333333333333333,TARGET,2026-02-18T15:00:43+00:00
IB30_ACCEPTED_BREAKOUT,2026-02-19,2026,2026-H1,LONG,2026-02-19T15:03:26+00:00,24920.75,60.0,120.0,116.0,1.9333333333333333,-8.0,TARGET,True,56.0,0.9333333333333333,TARGET,2026-02-19T15:03:25+00:00
IB30_ACCEPTED_BREAKOUT,2026-02-20,2026,2026-H1,LONG,2026-02-20T15:01:13+00:00,24992.0,60.0,120.0,116.0,1.9333333333333333,-8.0,TARGET,False,56.0,0.9333333333333333,TARGET,2026-02-20T15:01:12+00:00
IB30_ACCEPTED_BREAKOUT,2026-02-23,2026,2026-H1,SHORT,2026-02-23T15:05:42+00:00,24852.75,60.0,-60.0,-64.0,-1.0666666666666667,-83.0,STOP,False,-64.0,-1.0666666666666667,STOP,2026-02-23T15:05:41+00:00
IB30_ACCEPTED_BREAKOUT,2026-02-24,2026,2026-H1,LONG,2026-02-24T15:26:46+00:00,24972.75,60.0,120.0,116.0,1.9333333333333333,-27.0,TARGET,True,56.0,0.9333333333333333,TARGET,2026-02-24T15:26:45+00:00
IB30_ACCEPTED_BREAKOUT,2026-02-25,2026,2026-H1,LONG,2026-02-25T15:00:24+00:00,25353.25,60.0,-60.0,-64.0,-1.0666666666666667,-61.0,STOP,False,-64.0,-1.0666666666666667,STOP,2026-02-25T15:00:23+00:00
IB30_ACCEPTED_BREAKOUT,2026-02-26,2026,2026-H1,SHORT,2026-02-26T15:00:36+00:00,25175.75,60.0,120.0,116.0,1.9333333333333333,-34.0,TARGET,True,56.0,0.9333333333333333,TARGET,2026-02-26T15:00:35+00:00
IB30_ACCEPTED_BREAKOUT,2026-02-27,2026,2026-H1,LONG,2026-02-27T15:02:40+00:00,24949.0,60.0,-60.0,-64.0,-1.0666666666666667,-65.0,STOP,False,-64.0,-1.0666666666666667,STOP,2026-02-27T15:02:39+00:00
IB30_ACCEPTED_BREAKOUT,2026-03-02,2026,2026-H1,LONG,2026-03-02T15:04:03+00:00,24899.0,60.0,-60.0,-64.0,-1.0666666666666667,-60.0,STOP,False,-64.0,-1.0666666666666667,STOP,2026-03-02T15:04:02+00:00
IB30_ACCEPTED_BREAKOUT,2026-03-03,2026,2026-H1,SHORT,2026-03-03T15:02:45+00:00,24476.75,60.0,-60.0,-64.0,-1.0666666666666667,-76.0,STOP,False,-64.0,-1.0666666666666667,STOP,2026-03-03T15:02:44+00:00
IB30_ACCEPTED_BREAKOUT,2026-03-04,2026,2026-H1,LONG,2026-03-04T15:00:32+00:00,24971.5,60.0,-60.0,-64.0,-1.0666666666666667,-64.0,STOP,False,-64.0,-1.0666666666666667,STOP,2026-03-04T15:00:31+00:00
IB30_ACCEPTED_BREAKOUT,2026-03-05,2026,2026-H1,LONG,2026-03-05T15:00:02+00:00,25189.25,60.0,22.0,18.0,0.3,-13.0,STOP,True,56.0,0.9333333333333333,TARGET,2026-03-05T15:00:01+00:00
IB30_ACCEPTED_BREAKOUT,2026-03-06,2026,2026-H1,LONG,2026-03-06T15:00:16+00:00,24751.5,60.0,36.0,32.0,0.5333333333333333,-21.0,STOP,True,56.0,0.9333333333333333,TARGET,2026-03-06T15:00:15+00:00
IB30_ACCEPTED_BREAKOUT,2026-03-09,2026,2026-H1,LONG,2026-03-09T14:44:51+00:00,24530.0,60.0,17.0,13.0,0.21666666666666667,-10.0,STOP,True,56.0,0.9333333333333333,TARGET,2026-03-09T14:44:50+00:00
IB30_ACCEPTED_BREAKOUT,2026-03-10,2026,2026-H1,SHORT,2026-03-10T14:00:38+00:00,24946.5,60.0,46.0,42.0,0.7,-14.0,STOP,True,56.0,0.9333333333333333,TARGET,2026-03-10T14:00:37+00:00
IB30_ACCEPTED_BREAKOUT,2026-03-11,2026,2026-H1,LONG,2026-03-11T14:00:37+00:00,25117.5,60.0,120.0,116.0,1.9333333333333333,-6.0,TARGET,True,56.0,0.9333333333333333,TARGET,2026-03-11T14:00:36+00:00
IB30_ACCEPTED_BREAKOUT,2026-03-12,2026,2026-H1,SHORT,2026-03-12T14:29:42+00:00,24628.25,60.0,4.0,0.0,0.0,-4.0,STOP,True,56.0,0.9333333333333333,TARGET,2026-03-12T14:29:41+00:00
IB30_ACCEPTED_BREAKOUT,2026-03-13,2026,2026-H1,SHORT,2026-03-13T14:42:34+00:00,24605.25,60.0,-60.0,-64.0,-1.0666666666666667,-75.0,STOP,False,-64.0,-1.0666666666666667,STOP,2026-03-13T14:42:33+00:00
IB30_ACCEPTED_BREAKOUT,2026-03-16,2026,2026-H1,LONG,2026-03-16T14:08:40+00:00,24743.25,60.0,10.0,6.0,0.1,-34.0,STOP,True,56.0,0.9333333333333333,TARGET,2026-03-16T14:08:39+00:00
IB30_ACCEPTED_BREAKOUT,2026-03-18,2026,2026-H1,SHORT,2026-03-18T14:13:53+00:00,24685.75,60.0,-60.0,-64.0,-1.0666666666666667,-70.0,STOP,False,-64.0,-1.0666666666666667,STOP,2026-03-18T14:13:52+00:00
IB30_ACCEPTED_BREAKOUT,2026-03-19,2026,2026-H1,LONG,2026-03-19T14:01:02+00:00,24308.5,60.0,-60.0,-64.0,-1.0666666666666667,-71.0,STOP,False,-64.0,-1.0666666666666667,STOP,2026-03-19T14:01:01+00:00
IB30_ACCEPTED_BREAKOUT,2026-03-23,2026,2026-H1,LONG,2026-03-23T14:13:52+00:00,24617.0,60.0,-60.0,-64.0,-1.0666666666666667,-60.0,STOP,False,-64.0,-1.0666666666666667,STOP,2026-03-23T14:13:51+00:00
IB30_ACCEPTED_BREAKOUT,2026-03-24,2026,2026-H1,LONG,2026-03-24T14:52:08+00:00,24324.0,60.0,14.0,10.0,0.16666666666666666,-39.0,STOP,True,56.0,0.9333333333333333,TARGET,2026-03-24T14:52:07+00:00
IB30_ACCEPTED_BREAKOUT,2026-03-25,2026,2026-H1,SHORT,2026-03-25T14:00:21+00:00,24359.5,60.0,120.0,116.0,1.9333333333333333,-17.0,TARGET,True,56.0,0.9333333333333333,TARGET,2026-03-25T14:00:20+00:00
IB30_ACCEPTED_BREAKOUT,2026-03-26,2026,2026-H1,SHORT,2026-03-26T14:55:02+00:00,24051.25,60.0,24.0,20.0,0.3333333333333333,-3.0,STOP,True,56.0,0.9333333333333333,TARGET,2026-03-26T14:55:01+00:00
IB30_ACCEPTED_BREAKOUT,2026-03-27,2026,2026-H1,SHORT,2026-03-27T14:00:03+00:00,23462.5,60.0,-60.0,-64.0,-1.0666666666666667,-86.0,STOP,False,-64.0,-1.0666666666666667,STOP,2026-03-27T14:00:02+00:00
IB30_ACCEPTED_BREAKOUT,2026-03-30,2026,2026-H1,SHORT,2026-03-30T14:41:14+00:00,23291.0,60.0,55.0,51.0,0.85,-30.0,STOP,True,56.0,0.9333333333333333,TARGET,2026-03-30T14:41:13+00:00
IB30_ACCEPTED_BREAKOUT,2026-03-31,2026,2026-H1,LONG,2026-03-31T14:00:48+00:00,23576.75,60.0,-60.0,-64.0,-1.0666666666666667,-64.0,STOP,False,-64.0,-1.0666666666666667,STOP,2026-03-31T14:00:47+00:00
IB30_ACCEPTED_BREAKOUT,2026-04-01,2026,2026-H1,LONG,2026-04-01T14:22:26+00:00,24200.75,60.0,-60.0,-64.0,-1.0666666666666667,-64.0,STOP,False,-64.0,-1.0666666666666667,STOP,2026-04-01T14:22:25+00:00
IB30_ACCEPTED_BREAKOUT,2026-04-02,2026,2026-H1,LONG,2026-04-02T14:00:20+00:00,23918.0,60.0,-60.0,-64.0,-1.0666666666666667,-61.0,STOP,False,-64.0,-1.0666666666666667,STOP,2026-04-02T14:00:19+00:00
IB30_ACCEPTED_BREAKOUT,2026-04-06,2026,2026-H1,LONG,2026-04-06T14:00:32+00:00,24438.75,60.0,-60.0,-64.0,-1.0666666666666667,-81.0,STOP,False,-64.0,-1.0666666666666667,STOP,2026-04-06T14:00:31+00:00
IB30_ACCEPTED_BREAKOUT,2026-04-07,2026,2026-H1,SHORT,2026-04-07T14:00:17+00:00,24106.5,60.0,44.0,40.0,0.6666666666666666,-47.0,STOP,True,56.0,0.9333333333333333,TARGET,2026-04-07T14:00:16+00:00
IB30_ACCEPTED_BREAKOUT,2026-04-08,2026,2026-H1,SHORT,2026-04-08T14:06:31+00:00,25063.5,60.0,-60.0,-64.0,-1.0666666666666667,-70.0,STOP,False,-64.0,-1.0666666666666667,STOP,2026-04-08T14:06:30+00:00
IB30_ACCEPTED_BREAKOUT,2026-04-09,2026,2026-H1,SHORT,2026-04-09T14:10:09+00:00,25005.25,60.0,-60.0,-64.0,-1.0666666666666667,-62.0,STOP,False,-64.0,-1.0666666666666667,STOP,2026-04-09T14:10:08+00:00
IB30_ACCEPTED_BREAKOUT,2026-04-10,2026,2026-H1,SHORT,2026-04-10T14:01:20+00:00,25289.75,60.0,-60.0,-64.0,-1.0666666666666667,-61.0,STOP,False,-64.0,-1.0666666666666667,STOP,2026-04-10T14:01:19+00:00
IB30_ACCEPTED_BREAKOUT,2026-04-13,2026,2026-H1,LONG,2026-04-13T14:00:08+00:00,25311.5,60.0,-60.0,-64.0,-1.0666666666666667,-65.0,STOP,False,-64.0,-1.0666666666666667,STOP,2026-04-13T14:00:07+00:00
IB30_ACCEPTED_BREAKOUT,2026-04-14,2026,2026-H1,LONG,2026-04-14T14:11:20+00:00,25764.25,60.0,-60.0,-64.0,-1.0666666666666667,-60.0,STOP,False,-64.0,-1.0666666666666667,STOP,2026-04-14T14:11:19+00:00
IB30_ACCEPTED_BREAKOUT,2026-04-15,2026,2026-H1,LONG,2026-04-15T14:00:05+00:00,26072.5,60.0,-60.0,-64.0,-1.0666666666666667,-66.0,STOP,False,-64.0,-1.0666666666666667,STOP,2026-04-15T14:00:04+00:00
IB30_ACCEPTED_BREAKOUT,2026-04-17,2026,2026-H1,LONG,2026-04-17T14:00:41+00:00,26743.0,60.0,34.0,30.0,0.5,-51.0,STOP,True,56.0,0.9333333333333333,TARGET,2026-04-17T14:00:40+00:00
IB30_ACCEPTED_BREAKOUT,2026-04-20,2026,2026-H1,SHORT,2026-04-20T14:31:30+00:00,26714.5,60.0,-60.0,-64.0,-1.0666666666666667,-67.0,STOP,False,-64.0,-1.0666666666666667,STOP,2026-04-20T14:31:29+00:00
IB30_ACCEPTED_BREAKOUT,2026-04-21,2026,2026-H1,LONG,2026-04-21T14:00:02+00:00,26838.25,60.0,4.0,0.0,0.0,-44.0,STOP,True,56.0,0.9333333333333333,TARGET,2026-04-21T14:00:01+00:00
IB30_ACCEPTED_BREAKOUT,2026-04-22,2026,2026-H1,LONG,2026-04-22T14:01:39+00:00,26899.25,60.0,-60.0,-64.0,-1.0666666666666667,-62.0,STOP,False,-64.0,-1.0666666666666667,STOP,2026-04-22T14:01:38+00:00
IB30_ACCEPTED_BREAKOUT,2026-04-23,2026,2026-H1,LONG,2026-04-23T14:57:54+00:00,27103.75,60.0,56.0,52.0,0.8666666666666667,-58.0,STOP,True,56.0,0.9333333333333333,TARGET,2026-04-23T14:57:53+00:00
IB30_ACCEPTED_BREAKOUT,2026-04-24,2026,2026-H1,LONG,2026-04-24T14:12:58+00:00,27260.5,60.0,-60.0,-64.0,-1.0666666666666667,-66.0,STOP,False,-64.0,-1.0666666666666667,STOP,2026-04-24T14:12:57+00:00
IB30_ACCEPTED_BREAKOUT,2026-04-28,2026,2026-H1,SHORT,2026-04-28T14:38:21+00:00,27059.0,60.0,7.0,3.0,0.05,-37.0,STOP,True,56.0,0.9333333333333333,TARGET,2026-04-28T14:38:20+00:00
IB30_ACCEPTED_BREAKOUT,2026-04-29,2026,2026-H1,LONG,2026-04-29T14:24:03+00:00,27237.5,60.0,16.0,12.0,0.2,-25.0,STOP,True,56.0,0.9333333333333333,TARGET,2026-04-29T14:24:02+00:00
IB30_ACCEPTED_BREAKOUT,2026-04-30,2026,2026-H1,SHORT,2026-04-30T14:16:17+00:00,27200.75,60.0,120.0,116.0,1.9333333333333333,-8.0,TARGET,True,56.0,0.9333333333333333,TARGET,2026-04-30T14:16:16+00:00
IB30_ACCEPTED_BREAKOUT,2026-05-01,2026,2026-H1,LONG,2026-05-01T14:00:02+00:00,27877.0,60.0,-60.0,-64.0,-1.0666666666666667,-65.0,STOP,False,-64.0,-1.0666666666666667,STOP,2026-05-01T14:00:01+00:00
IB30_ACCEPTED_BREAKOUT,2026-05-04,2026,2026-H1,LONG,2026-05-04T14:12:38+00:00,27900.25,60.0,-60.0,-64.0,-1.0666666666666667,-64.0,STOP,False,-64.0,-1.0666666666666667,STOP,2026-05-04T14:12:37+00:00
IB30_ACCEPTED_BREAKOUT,2026-05-05,2026,2026-H1,LONG,2026-05-05T14:25:03+00:00,28122.25,60.0,8.0,4.0,0.06666666666666667,-41.0,STOP,True,56.0,0.9333333333333333,TARGET,2026-05-05T14:25:02+00:00
IB30_ACCEPTED_BREAKOUT,2026-05-06,2026,2026-H1,LONG,2026-05-06T14:40:06+00:00,28510.25,60.0,5.0,1.0,0.016666666666666666,-30.0,STOP,True,56.0,0.9333333333333333,TARGET,2026-05-06T14:40:05+00:00
IB30_ACCEPTED_BREAKOUT,2026-05-07,2026,2026-H1,LONG,2026-05-07T14:04:36+00:00,28803.75,60.0,120.0,116.0,1.9333333333333333,-30.0,TARGET,True,56.0,0.9333333333333333,TARGET,2026-05-07T14:04:35+00:00
IB30_ACCEPTED_BREAKOUT,2026-05-08,2026,2026-H1,LONG,2026-05-08T14:00:03+00:00,29124.75,60.0,-60.0,-64.0,-1.0666666666666667,-61.0,STOP,False,-64.0,-1.0666666666666667,STOP,2026-05-08T14:00:02+00:00
IB30_ACCEPTED_BREAKOUT,2026-05-11,2026,2026-H1,SHORT,2026-05-11T14:30:04+00:00,29281.0,60.0,-60.0,-64.0,-1.0666666666666667,-60.0,STOP,False,-64.0,-1.0666666666666667,STOP,2026-05-11T14:30:03+00:00
IB30_ACCEPTED_BREAKOUT,2026-05-12,2026,2026-H1,SHORT,2026-05-12T14:00:10+00:00,29106.5,60.0,-60.0,-64.0,-1.0666666666666667,-63.0,STOP,False,-64.0,-1.0666666666666667,STOP,2026-05-12T14:00:09+00:00
IB30_ACCEPTED_BREAKOUT,2026-05-13,2026,2026-H1,LONG,2026-05-13T14:52:35+00:00,29289.5,60.0,120.0,116.0,1.9333333333333333,-3.0,TARGET,True,56.0,0.9333333333333333,TARGET,2026-05-13T14:52:34+00:00
IB30_ACCEPTED_BREAKOUT,2026-05-14,2026,2026-H1,LONG,2026-05-14T14:45:00+00:00,29686.75,60.0,25.0,21.0,0.35,-11.0,STOP,True,56.0,0.9333333333333333,TARGET,2026-05-14T14:44:59+00:00
IB30_ACCEPTED_BREAKOUT,2026-05-15,2026,2026-H1,LONG,2026-05-15T14:13:27+00:00,29295.25,60.0,-60.0,-64.0,-1.0666666666666667,-66.0,STOP,False,-64.0,-1.0666666666666667,STOP,2026-05-15T14:13:26+00:00
IB30_ACCEPTED_BREAKOUT,2026-05-18,2026,2026-H1,SHORT,2026-05-18T14:30:55+00:00,29134.5,60.0,-60.0,-64.0,-1.0666666666666667,-79.0,STOP,False,-64.0,-1.0666666666666667,STOP,2026-05-18T14:30:54+00:00
IB30_ACCEPTED_BREAKOUT,2026-05-19,2026,2026-H1,SHORT,2026-05-19T14:06:00+00:00,28836.75,60.0,5.0,1.0,0.016666666666666666,-29.0,STOP,True,56.0,0.9333333333333333,TARGET,2026-05-19T14:05:59+00:00
IB30_ACCEPTED_BREAKOUT,2026-05-20,2026,2026-H1,SHORT,2026-05-20T14:13:04+00:00,29019.25,60.0,-60.0,-64.0,-1.0666666666666667,-70.0,STOP,False,-64.0,-1.0666666666666667,STOP,2026-05-20T14:13:03+00:00
IB30_ACCEPTED_BREAKOUT,2026-05-21,2026,2026-H1,LONG,2026-05-21T14:01:18+00:00,29319.25,60.0,-60.0,-64.0,-1.0666666666666667,-65.0,STOP,False,-64.0,-1.0666666666666667,STOP,2026-05-21T14:01:17+00:00
IB30_ACCEPTED_BREAKOUT,2026-05-22,2026,2026-H1,SHORT,2026-05-22T14:02:33+00:00,29546.5,60.0,-60.0,-64.0,-1.0666666666666667,-65.0,STOP,False,-64.0,-1.0666666666666667,STOP,2026-05-22T14:02:32+00:00
IB30_ACCEPTED_BREAKOUT,2026-05-26,2026,2026-H1,LONG,2026-05-26T14:00:02+00:00,30012.25,60.0,-60.0,-64.0,-1.0666666666666667,-64.0,STOP,False,-64.0,-1.0666666666666667,STOP,2026-05-26T14:00:01+00:00
IB30_ACCEPTED_BREAKOUT,2026-05-27,2026,2026-H1,SHORT,2026-05-27T14:25:54+00:00,29931.75,60.0,24.0,20.0,0.3333333333333333,-34.0,STOP,True,56.0,0.9333333333333333,TARGET,2026-05-27T14:25:53+00:00
IB30_ACCEPTED_BREAKOUT,2026-05-28,2026,2026-H1,LONG,2026-05-28T14:12:58+00:00,30121.25,60.0,26.0,22.0,0.36666666666666664,-9.0,STOP,True,56.0,0.9333333333333333,TARGET,2026-05-28T14:12:57+00:00
IB30_ACCEPTED_BREAKOUT,2026-05-29,2026,2026-H1,LONG,2026-05-29T14:00:06+00:00,30525.25,60.0,-60.0,-64.0,-1.0666666666666667,-60.0,STOP,False,-64.0,-1.0666666666666667,STOP,2026-05-29T14:00:05+00:00
IB30_ACCEPTED_BREAKOUT,2026-06-01,2026,2026-H1,SHORT,2026-06-01T14:00:46+00:00,30305.25,60.0,-60.0,-64.0,-1.0666666666666667,-71.0,STOP,False,-64.0,-1.0666666666666667,STOP,2026-06-01T14:00:45+00:00
IB30_ACCEPTED_BREAKOUT,2026-06-02,2026,2026-H1,LONG,2026-06-02T14:05:02+00:00,30608.25,60.0,4.0,0.0,0.0,-59.0,STOP,True,56.0,0.9333333333333333,TARGET,2026-06-02T14:05:01+00:00
IB30_ACCEPTED_BREAKOUT,2026-06-04,2026,2026-H1,SHORT,2026-06-04T14:05:21+00:00,30180.0,60.0,50.0,46.0,0.7666666666666667,-13.0,STOP,True,56.0,0.9333333333333333,TARGET,2026-06-04T14:05:20+00:00
IB30_ACCEPTED_BREAKOUT,2026-06-05,2026,2026-H1,SHORT,2026-06-05T14:01:25+00:00,29763.0,60.0,-60.0,-64.0,-1.0666666666666667,-65.0,STOP,False,-64.0,-1.0666666666666667,STOP,2026-06-05T14:01:24+00:00
IB30_ACCEPTED_BREAKOUT,2026-06-08,2026,2026-H1,SHORT,2026-06-08T14:00:22+00:00,29331.5,60.0,-60.0,-64.0,-1.0666666666666667,-64.0,STOP,False,-64.0,-1.0666666666666667,STOP,2026-06-08T14:00:21+00:00
IB30_ACCEPTED_BREAKOUT,2026-06-09,2026,2026-H1,SHORT,2026-06-09T14:00:40+00:00,29629.5,60.0,-60.0,-64.0,-1.0666666666666667,-68.0,STOP,False,-64.0,-1.0666666666666667,STOP,2026-06-09T14:00:39+00:00
IB30_ACCEPTED_BREAKOUT,2026-06-10,2026,2026-H1,LONG,2026-06-10T14:23:53+00:00,29171.0,60.0,120.0,116.0,1.9333333333333333,-33.0,TARGET,True,56.0,0.9333333333333333,TARGET,2026-06-10T14:23:52+00:00
IB30_ACCEPTED_BREAKOUT,2026-06-11,2026,2026-H1,LONG,2026-06-11T14:01:51+00:00,29019.25,60.0,38.0,34.0,0.5666666666666667,-20.0,STOP,True,56.0,0.9333333333333333,TARGET,2026-06-11T14:01:50+00:00
IB30_ACCEPTED_BREAKOUT,2026-06-12,2026,2026-H1,LONG,2026-06-12T14:03:59+00:00,29500.75,60.0,-60.0,-64.0,-1.0666666666666667,-75.0,STOP,False,-64.0,-1.0666666666666667,STOP,2026-06-12T14:03:58+00:00
IB30_ACCEPTED_BREAKOUT,2026-06-16,2026,2026-H1,SHORT,2026-06-16T14:19:39+00:00,30439.5,60.0,6.0,2.0,0.03333333333333333,-2.0,STOP,True,56.0,0.9333333333333333,TARGET,2026-06-16T14:19:38+00:00
IB30_ACCEPTED_BREAKOUT,2026-06-17,2026,2026-H1,SHORT,2026-06-17T14:00:03+00:00,30025.5,60.0,-60.0,-64.0,-1.0666666666666667,-67.0,STOP,False,-64.0,-1.0666666666666667,STOP,2026-06-17T14:00:01+00:00
IB30_ACCEPTED_BREAKOUT,2026-06-22,2026,2026-H1,LONG,2026-06-22T14:00:16+00:00,30944.25,60.0,-60.0,-64.0,-1.0666666666666667,-69.0,STOP,False,-64.0,-1.0666666666666667,STOP,2026-06-22T14:00:15+00:00
IB30_ACCEPTED_BREAKOUT,2026-06-23,2026,2026-H1,LONG,2026-06-23T14:00:18+00:00,29942.0,60.0,120.0,116.0,1.9333333333333333,-36.0,TARGET,True,56.0,0.9333333333333333,TARGET,2026-06-23T14:00:17+00:00
IB30_ACCEPTED_BREAKOUT,2026-06-24,2026,2026-H1,SHORT,2026-06-24T14:20:08+00:00,29558.5,60.0,120.0,116.0,1.9333333333333333,-20.0,TARGET,True,56.0,0.9333333333333333,TARGET,2026-06-24T14:20:07+00:00
IB30_ACCEPTED_BREAKOUT,2026-06-26,2026,2026-H1,LONG,2026-06-26T14:00:13+00:00,29486.0,60.0,120.0,116.0,1.9333333333333333,-32.0,TARGET,False,56.0,0.9333333333333333,TARGET,2026-06-26T14:00:12+00:00
IB30_ACCEPTED_BREAKOUT,2026-06-29,2026,2026-H1,SHORT,2026-06-29T14:00:45+00:00,29551.75,60.0,20.0,16.0,0.26666666666666666,-8.0,STOP,True,56.0,0.9333333333333333,TARGET,2026-06-29T14:00:44+00:00
IB30_ACCEPTED_BREAKOUT,2026-06-30,2026,2026-H1,LONG,2026-06-30T14:03:14+00:00,30370.25,60.0,4.0,0.0,0.0,-26.0,STOP,True,56.0,0.9333333333333333,TARGET,2026-06-30T14:03:13+00:00
IB30_ACCEPTED_BREAKOUT,2026-07-01,2026,2026-H2,LONG,2026-07-01T14:00:05+00:00,30292.0,60.0,4.0,0.0,0.0,-23.0,STOP,True,56.0,0.9333333333333333,TARGET,2026-07-01T14:00:04+00:00
