fecha,prediction_timestamp,split,born_bad_group,born_bad_reason,Result_Label,realized_ticks_for_label,MFE_ticks,MAE_ticks,Trade_Duration,Entry_price,ExecutionSide,canonical_source_file,causal_row_flag,Delta1s,Delta2s,Delta3s,Delta5s,Delta10s,PeakPositiveDelta,PeakNegativeDelta,DeltaChange1s,DeltaChangeZScore,DeltaPercentile,BuySellRatio,TradesPerSecond,ContractsPerSecond,Velocity1s,Velocity3s,Velocity5s,Acceleration1s,Acceleration3s,TicksPerSecond,CumulativeDeltaWindow,OR_WidthTicks,Dist_OR_High_Ticks,Dist_OR_Low_Ticks,Dist_VWAP_Ticks,Dist_POC_Ticks,Dist_VAH_Ticks,Dist_VAL_Ticks,Dist_HVN_Ticks,Dist_LVN_Ticks,range,Body_AtEntry,Volume_AtEntry,Delta_AtEntry,Cumulative_Delta_AtEntry,Previous_Volume_AtEntry,Previous_Delta_AtEntry,Delta_Change_AtEntry,BreakOut_TICKS_PER_SEC_AtEntry,Score_AtEntry,Buy_Imbalance_Count_AtEntry,Sell_Imbalance_Count_AtEntry,signed_delta_1s,signed_delta_change_1s,signed_velocity_1s,signed_velocity_3s,signed_acceleration_1s,price_impact_per_100_contracts,absorption_pressure_1s,delta_share_of_volume,mean_trade_size,delta_persistence_1_3,delta_persistence_3_5,direction_consistency,velocity_consistency,flow_price_alignment,acceleration_velocity_ratio,directional_vwap_distance,directional_poc_distance,profile_confluence_4t,burst_efficiency_score,liquidity_absorption_score,seconds_from_open,minute_from_open,weekday_index,month_index,execution_side_sign,or_position_fraction,distance_nearest_or_edge_ticks,distance_nearest_profile_reference_ticks,vwap_poc_spread_ticks,signed_velocity_decay_1_5,signed_delta_decay_1_5,execution_cvd_alignment
2022-04-05,2022-04-05 13:32:01.026000+00:00,discovery,A_WINNER,Resultado realizado positivo,TP,58.0,60,0,00:37,15135.0,SELL,C:\Users\k_99_\Desktop\codding\data_footprint_generator\trade_results_score\score_trade_result_2022-04-05_NY.csv,True,273,321,338,349,343,273,-19,225,6.879339890608311,1.0,3.904255319148936,445,461,8,4.0,2.4,6,2.333333333333333,8,338,27.0,4.0,31.0,15.435164313678964,13,6,21,-1,0,135,20,464,270,-157,2699,-85,355,19.49,7,0,0,273.0,225.0,8.0,4.0,6.0,1.735357917570499,34.125,0.5921908893709328,1.0359550561797752,0.4126984126984127,0.6195266272189349,1.0,1.0,1,0.75,15.435164313678964,13.0,2,0.029304029304029304,6.824999999999998,121,2.0166666666666666,1,4,-1.0,1.1481481481481481,4.0,0,2.435164313678964,-5.6,-203.2,1.0
2022-04-06,2022-04-06 13:31:01.004000+00:00,discovery,A_WINNER,Resultado realizado positivo,TP,58.0,60,0,00:55,14643.75,SELL,C:\Users\k_99_\Desktop\codding\data_footprint_generator\trade_results_score\score_trade_result_2022-04-06_NY.csv,True,224,242,294,344,349,224,-29,206,7.407896372369047,1.0,4.672131147540984,305,346,9,3.333333333333333,2.8,10,2.0,9,294,32.0,7.0,39.0,22.009356347798033,13,0,30,0,1,160,30,348,222,-2761,5852,852,-630,29.88,6,0,0,224.0,206.0,9.0,3.333333333333333,10.0,2.601156069364162,24.88888888888889,0.6473988439306358,1.1344262295081968,0.4375,0.7020408163265306,1.0,1.0,1,1.1111111111111112,22.009356347798033,13.0,3,0.04017857142857143,2.4888888888888885,61,1.0166666666666666,2,4,-1.0,1.21875,7.0,0,9.009356347798033,-6.2,-155.2,1.0
2022-04-19,2022-04-19 13:31:01.009000+00:00,discovery,A_WINNER,Resultado realizado positivo,TP,58.0,60,15,00:21,13906.25,SELL,C:\Users\k_99_\Desktop\codding\data_footprint_generator\trade_results_score\score_trade_result_2022-04-19_NY.csv,True,150,153,165,167,363,150,-17,147,3.689330932913517,1.0,2.764705882352941,287,320,10,4.0,2.4,10,3.666666666666667,10,165,24.0,8.0,32.0,21.47595967429236,24,20,29,0,1,120,40,323,153,-313,4837,675,-522,39.64,7,0,0,150.0,147.0,10.0,4.0,10.0,3.125,15.0,0.46875,1.1149825783972125,0.36666666666666664,0.6072727272727273,1.0,1.0,1,1.0,21.47595967429236,24.0,2,0.06666666666666667,0.0,61,1.0166666666666666,1,4,-1.0,1.3333333333333333,8.0,0,2.5240403257076416,-7.6,-116.6,1.0
2022-04-26,2022-04-26 13:31:44.003000+00:00,discovery,C_LOSER_MFE_3_TO_30,Perdedor con 2 < MFE <= 30 ticks,SL,-62.0,20,60,00:39,13405.0,BUY,C:\Users\k_99_\Desktop\codding\data_footprint_generator\trade_results_score\score_trade_result_2022-04-26_NY.csv,True,-111,-115,-151,-153,-142,10,-111,-107,-2.904293868925192,0.951456310679612,0.159090909090909,104,153,-4,-1.666666666666667,-1.2,-4,-0.666666666666667,-4,-151,30.0,-37.0,-7.0,-19.48505964332113,-12,-29,-11,-2,0,150,30,2698,-532,979,5770,226,-758,0.68,10,0,2,111.0,107.0,4.0,1.666666666666667,4.0,2.6143790849673203,27.75,0.7254901960784313,1.4711538461538463,0.45345345345345345,0.6079470198675496,1.0,1.0,1,1.0,19.48505964332113,12.0,2,0.036036036036036036,16.65,104,1.7333333333333334,1,4,1.0,-0.23333333333333334,7.0,0,7.485059643321129,-2.8,-80.4,1.0
2022-04-27,2022-04-27 13:35:01.007000+00:00,discovery,A_WINNER,Resultado realizado positivo,TP,58.0,60,0,00:00,13120.0,SELL,C:\Users\k_99_\Desktop\codding\data_footprint_generator\trade_results_score\score_trade_result_2022-04-27_NY.csv,True,470,495,489,447,438,470,-38,445,14.839161558802896,1.0,4.175675675675676,707,766,19,6.0,3.0,19,7.333333333333333,19,489,48.0,40.0,88.0,41.83542545036413,23,4,56,0,1,240,95,779,479,1847,3239,-41,520,94.34,10,1,0,470.0,445.0,19.0,6.0,19.0,2.480417754569191,24.736842105263158,0.6135770234986945,1.0834512022630836,0.3468085106382979,0.5484662576687117,1.0,1.0,1,1.0,41.83542545036413,23.0,3,0.04042553191489362,0.0,301,5.016666666666667,2,4,-1.0,1.8333333333333333,40.0,0,18.835425450364127,-16.0,-380.6,-1.0
2022-05-04,2022-05-04 13:33:02.005000+00:00,discovery,A_WINNER,Resultado realizado positivo,TP,58.0,60,0,00:59,13075.0,BUY,C:\Users\k_99_\Desktop\codding\data_footprint_generator\trade_results_score\score_trade_result_2022-05-04_NY.csv,True,-237,-286,-304,-305,-298,13,-237,-188,-5.751900070701107,1.0,0.088461538461538,142,283,-1,-2.0,-1.4,3,-0.333333333333333,-1,-304,25.0,-32.0,-7.0,-13.516883116883117,-16,-19,-3,0,1,125,30,353,-285,-602,2304,-26,-259,14.96,10,0,1,237.0,188.0,1.0,2.0,-3.0,0.35335689045936397,237.0,0.8374558303886925,1.9929577464788732,0.42756680731364277,0.6019736842105263,1.0,1.0,1,-3.0,13.516883116883117,16.0,3,0.004219409282700422,213.3,182,3.033333333333333,2,5,1.0,-0.28,7.0,0,2.4831168831168835,0.3999999999999999,-176.0,-1.0
2022-05-09,2022-05-09 13:31:13.009000+00:00,discovery,A_WINNER,Resultado realizado positivo,TP,58.0,60,20,00:17,12492.5,SELL,C:\Users\k_99_\Desktop\codding\data_footprint_generator\trade_results_score\score_trade_result_2022-05-09_NY.csv,True,131,119,155,159,265,131,-12,143,3.729604239347046,1.0,3.847826086956522,203,223,5,0.666666666666667,0.8,4,1.666666666666667,5,155,31.0,9.0,40.0,21.26451127819549,30,17,36,2,3,155,50,1173,317,-1578,5479,123,194,3.84,9,0,0,131.0,143.0,5.0,0.666666666666667,4.0,2.242152466367713,26.2,0.5874439461883408,1.0985221674876848,0.3944020356234097,0.6154838709677419,1.0,1.0,1,0.8,21.26451127819549,30.0,2,0.03816793893129771,13.1,73,1.2166666666666666,0,5,-1.0,1.2903225806451613,9.0,2,8.735488721804511,-4.2,-99.2,1.0
2022-05-18,2022-05-18 13:34:58.072000+00:00,discovery,A_WINNER,Resultado realizado positivo,TP,28.0,35,0,00:05,12378.75,SELL,C:\Users\k_99_\Desktop\codding\data_footprint_generator\trade_results_score\score_trade_result_2022-05-18_NY.csv,True,159,158,155,159,153,159,-16,160,5.702942964184415,1.0,3.446153846153846,245,289,4,1.333333333333333,1.0,4,1.333333333333333,4,155,17.0,5.0,22.0,5.81951556297106,11,-2,16,1,0,85,0,3529,-113,-2749,3026,376,-489,0.0,7,0,0,159.0,160.0,4.0,1.333333333333333,4.0,1.3840830449826989,39.75,0.5501730103806228,1.1795918367346938,0.3249475890985325,0.6154838709677419,1.0,1.0,1,1.0,5.81951556297106,11.0,3,0.025157232704402517,23.849999999999998,298,4.966666666666667,2,5,-1.0,1.2941176470588236,5.0,0,5.18048443702894,-3.0,-127.2,1.0
2022-05-20,2022-05-20 13:35:02.005000+00:00,discovery,D_BORN_BAD_MFE_LE_2,Perdedor con MFE <= 2 ticks,SL,-62.0,0,60,00:13,11990.0,BUY,C:\Users\k_99_\Desktop\codding\data_footprint_generator\trade_results_score\score_trade_result_2022-05-20_NY.csv,True,-175,-201,-202,-182,-198,12,-175,-149,-5.160903140567027,1.0,0.361313868613139,332,373,-6,-2.666666666666667,-1.4,-4,-2.0,-6,-202,29.0,-46.0,-17.0,-22.73162955213471,-21,-30,-8,0,-1,145,40,577,-205,767,2507,241,-446,19.95,9,0,0,175.0,149.0,6.0,2.666666666666667,4.0,1.6085790884718498,29.166666666666668,0.4691689008042895,1.1234939759036144,0.38476190476190475,0.5405940594059406,1.0,1.0,1,0.6666666666666666,22.73162955213471,21.0,2,0.03428571428571429,11.666666666666668,302,5.033333333333333,4,5,1.0,-0.5862068965517241,17.0,0,1.7316295521347094,-4.6,-138.6,1.0
2022-05-23,2022-05-23 13:34:21.020000+00:00,discovery,A_WINNER,Resultado realizado positivo,TP,58.0,60,15,00:12,11850.0,BUY,C:\Users\k_99_\Desktop\codding\data_footprint_generator\trade_results_score\score_trade_result_2022-05-23_NY.csv,True,-131,-137,-175,-172,-179,10,-131,-125,-3.440869990764241,0.992307692307692,0.291891891891892,198,239,-3,-2.0,-1.2,-2,-0.333333333333333,-3,-175,36.0,-40.0,-4.0,-19.32867598137059,-11,-26,-8,0,-1,180,25,1254,-260,-1474,2974,-50,-210,1.19,10,0,0,131.0,125.0,3.0,2.0,2.0,1.2552301255230125,43.666666666666664,0.5481171548117155,1.207070707070707,0.44529262086513993,0.5897142857142857,1.0,1.0,1,0.6666666666666666,19.32867598137059,11.0,2,0.022900763358778626,30.566666666666663,261,4.35,0,5,1.0,-0.1111111111111111,4.0,0,8.32867598137059,-1.8,-96.6,-1.0
2022-05-25,2022-05-25 13:35:12.108000+00:00,discovery,A_WINNER,Resultado realizado positivo,TP,58.0,60,35,00:45,11781.25,BUY,C:\Users\k_99_\Desktop\codding\data_footprint_generator\trade_results_score\score_trade_result_2022-05-25_NY.csv,True,-182,-176,-302,-374,-373,20,-182,-188,-6.546671774255782,1.0,0.137440758293839,96,240,-4,-0.666666666666667,-1.4,-5,0.0,-4,-302,34.0,24.0,58.0,19.738269330416255,-2,-9,29,2,0,170,0,1180,-284,538,2315,-277,-7,0.0,10,1,1,182.0,188.0,4.0,0.666666666666667,5.0,1.6666666666666667,45.5,0.7583333333333333,2.5,0.5531135531135531,0.743046357615894,1.0,1.0,1,1.25,-19.738269330416255,2.0,3,0.02197802197802198,27.3,312,5.2,2,5,1.0,1.7058823529411764,24.0,0,21.738269330416255,-2.6,-107.2,1.0
2022-05-27,2022-05-27 13:31:01.006000+00:00,discovery,D_BORN_BAD_MFE_LE_2,Perdedor con MFE <= 2 ticks,SL,-62.0,0,60,00:28,12437.5,SELL,C:\Users\k_99_\Desktop\codding\data_footprint_generator\trade_results_score\score_trade_result_2022-05-27_NY.csv,True,146,164,173,266,380,146,-3,128,3.699491650282806,1.0,2.896103896103896,284,300,6,3.0,1.8,4,2.0,6,173,22.0,6.0,28.0,17.70169374351884,24,14,27,0,1,110,35,302,148,3237,5485,401,-253,34.79,9,0,0,146.0,128.0,6.0,3.0,4.0,2.0,24.333333333333332,0.4866666666666667,1.056338028169014,0.3949771689497717,0.922543352601156,1.0,1.0,1,0.6666666666666666,17.70169374351884,24.0,2,0.0410958904109589,9.733333333333334,61,1.0166666666666666,4,5,-1.0,1.2727272727272727,6.0,0,6.298306256481158,-4.2,-92.8,-1.0
2022-06-08,2022-06-08 13:31:03.007000+00:00,discovery,C_LOSER_MFE_3_TO_30,Perdedor con 2 < MFE <= 30 ticks,SL,-62.0,10,60,01:31,12648.75,BUY,C:\Users\k_99_\Desktop\codding\data_footprint_generator\trade_results_score\score_trade_result_2022-06-08_NY.csv,True,-260,-275,-338,-336,-388,2,-260,-245,-7.325721496600189,1.0,0.380952380952381,520,580,-5,-3.333333333333333,-2.0,-4,-1.666666666666667,-5,-338,22.0,-31.0,-9.0,-17.69067723591246,-25,-29,-14,-3,2,110,50,760,-340,459,5044,-12,-328,16.63,9,0,0,260.0,245.0,5.0,3.333333333333333,4.0,0.8620689655172413,52.0,0.4482758620689655,1.1153846153846154,0.43333333333333335,0.5964497041420118,1.0,1.0,1,0.8,17.69067723591246,25.0,2,0.019230769230769232,26.0,63,1.05,2,6,1.0,-0.4090909090909091,9.0,2,7.30932276408754,-3.0,-192.8,1.0
2022-06-13,2022-06-13 13:31:08.000000100+00:00,discovery,A_WINNER,Resultado realizado positivo,TP,58.0,60,0,00:06,11537.5,BUY,C:\Users\k_99_\Desktop\codding\data_footprint_generator\trade_results_score\score_trade_result_2022-06-13_NY.csv,True,-110,-134,-152,-179,-136,32,-110,-86,-2.772291249350366,0.970149253731343,0.246575342465753,178,182,0,-1.333333333333333,-0.6,2,0.333333333333333,0,-152,32.0,3.0,35.0,16.555668221456095,10,-5,26,-1,1,160,15,779,-145,1195,4153,287,-432,1.87,7,0,0,110.0,86.0,-0.0,1.333333333333333,-2.0,0.0,440.0,0.6043956043956044,1.0224719101123596,0.46060606060606063,0.7065789473684211,1.0,0.6666666666666666,0,-8.0,-16.555668221456095,-10.0,2,-0.0,440.0,68,1.1333333333333333,0,6,1.0,1.09375,3.0,1,6.555668221456095,0.6,-74.2,1.0
2022-06-27,2022-06-27 13:32:03.009000+00:00,discovery,D_BORN_BAD_MFE_LE_2,Perdedor con MFE <= 2 ticks,SL,-62.0,0,60,00:09,12166.25,BUY,C:\Users\k_99_\Desktop\codding\data_footprint_generator\trade_results_score\score_trade_result_2022-06-27_NY.csv,True,-121,-143,-156,-163,-228,4,-121,-99,-2.831692053299826,0.983606557377049,0.238993710691824,171,197,-6,-2.666666666666667,-1.4,-4,-2.666666666666667,-6,-156,30.0,-36.0,-6.0,-20.23932426091037,-19,-27,-6,0,-1,150,35,360,-158,-156,3858,-168,10,11.63,8,0,0,121.0,99.0,6.0,2.666666666666667,4.0,3.045685279187817,20.166666666666668,0.6142131979695431,1.152046783625731,0.4297520661157025,0.6269230769230769,1.0,1.0,1,0.6666666666666666,20.23932426091037,19.0,2,0.049586776859504134,8.066666666666668,123,2.05,0,6,1.0,-0.2,6.0,0,1.2393242609103687,-4.6,-88.4,-1.0
2022-07-07,2022-07-07 13:33:46.097000+00:00,discovery,C_LOSER_MFE_3_TO_30,Perdedor con 2 < MFE <= 30 ticks,SL,-62.0,15,60,00:31,11961.25,SELL,C:\Users\k_99_\Desktop\codding\data_footprint_generator\trade_results_score\score_trade_result_2022-07-07_NY.csv,True,166,192,202,261,332,166,-6,140,4.605528133103445,0.995555555555556,3.0,198,332,1,1.333333333333333,1.0,1,0.666666666666667,1,202,31.0,3.0,34.0,15.746072719227081,17,7,21,1,-1,155,15,2716,584,1686,2823,-401,985,0.33,11,1,0,166.0,140.0,1.0,1.333333333333333,1.0,0.30120481927710846,166.0,0.5,1.6767676767676767,0.40562248995983935,0.7752475247524753,1.0,1.0,1,1.0,15.746072719227081,17.0,2,0.006024096385542169,149.4,226,3.7666666666666666,3,7,-1.0,1.096774193548387,3.0,1,1.2539272807729187,-0.0,-113.8,-1.0
2022-07-18,2022-07-18 13:31:06.004000+00:00,discovery,A_WINNER,Resultado realizado positivo,TP,58.0,60,25,00:23,12096.25,BUY,C:\Users\k_99_\Desktop\codding\data_footprint_generator\trade_results_score\score_trade_result_2022-07-18_NY.csv,True,-155,-161,-168,-313,-359,12,-155,-149,-3.869194418414485,0.969230769230769,0.323144104803493,278,303,-7,-1.666666666666667,-2.2,-8,-1.333333333333333,-7,-168,19.0,-27.0,-8.0,-15.38871923836896,-19,-25,-11,0,1,95,40,871,-335,-910,4697,-145,-190,6.66,11,0,1,155.0,149.0,7.0,1.666666666666667,8.0,2.31023102310231,22.142857142857142,0.5115511551155115,1.089928057553957,0.36129032258064514,1.1178571428571429,1.0,1.0,1,1.1428571428571428,15.38871923836896,19.0,2,0.04516129032258064,6.642857142857144,66,1.1,0,7,1.0,-0.42105263157894735,8.0,0,3.61128076163104,-4.8,-92.4,-1.0
2022-07-19,2022-07-19 13:36:01.015000+00:00,discovery,A_WINNER,Resultado realizado positivo,TP,28.0,55,40,00:58,12028.75,BUY,C:\Users\k_99_\Desktop\codding\data_footprint_generator\trade_results_score\score_trade_result_2022-07-19_NY.csv,True,-253,-244,-241,-253,-238,27,-253,-262,-9.636030067139112,1.0,0.478350515463918,557,717,-9,-2.0,-1.2,-13,-3.0,-9,-241,27.0,-42.0,-15.0,-22.28642257818459,-21,-34,-15,-1,1,135,45,720,-252,987,3025,-213,-39,44.33,8,0,1,253.0,262.0,9.0,2.0,13.0,1.2552301255230125,28.11111111111111,0.3528591352859135,1.2872531418312387,0.31752305665349145,0.6298755186721992,1.0,1.0,1,1.4444444444444444,22.28642257818459,21.0,2,0.03557312252964427,2.8111111111111104,361,6.016666666666667,1,7,1.0,-0.5555555555555556,15.0,1,1.2864225781845917,-7.8,-202.4,1.0
2022-07-20,2022-07-20 13:34:15.086000+00:00,discovery,D_BORN_BAD_MFE_LE_2,Perdedor con MFE <= 2 ticks,SL,-62.0,0,60,03:17,12301.25,SELL,C:\Users\k_99_\Desktop\codding\data_footprint_generator\trade_results_score\score_trade_result_2022-07-20_NY.csv,True,183,182,184,193,191,183,-8,184,6.70349633598793,1.0,4.893617021276596,153,277,2,0.666666666666667,0.8,2,0.666666666666667,2,184,29.0,2.0,31.0,16.17698300283286,23,9,30,-1,0,145,10,1153,323,2991,3113,133,190,0.66,10,0,0,183.0,184.0,2.0,0.666666666666667,2.0,0.7220216606498195,91.5,0.6606498194945848,1.8104575163398693,0.33515482695810567,0.6293478260869565,1.0,1.0,1,1.0,16.17698300283286,23.0,2,0.01092896174863388,73.2,255,4.25,2,7,-1.0,1.0689655172413792,2.0,0,6.823016997167141,-1.2,-144.4,-1.0
2022-07-26,2022-07-26 13:31:12.001000+00:00,discovery,A_WINNER,Resultado realizado positivo,TP,58.0,60,50,00:39,12257.5,BUY,C:\Users\k_99_\Desktop\codding\data_footprint_generator\trade_results_score\score_trade_result_2022-07-26_NY.csv,True,-158,-158,-158,-299,-275,75,-158,-158,-3.729761784772416,0.985915492957746,0.193877551020408,210,234,-8,-3.0,-3.6,-6,-1.0,-8,-158,17.0,-27.0,-10.0,-16.459016393442624,-13,-21,-12,-3,1,85,50,1282,-278,-682,5063,-7,-271,4.17,10,0,0,158.0,158.0,8.0,3.0,6.0,3.4188034188034186,19.75,0.6752136752136753,1.1142857142857143,0.3333333333333333,1.1354430379746836,1.0,1.0,1,0.75,16.459016393442624,13.0,2,0.05063291139240506,3.9499999999999993,72,1.2,1,7,1.0,-0.5882352941176471,10.0,1,3.4590163934426243,-4.4,-98.2,-1.0
2022-07-29,2022-07-29 13:35:01.058000+00:00,discovery,D_BORN_BAD_MFE_LE_2,Perdedor con MFE <= 2 ticks,SL,-62.0,0,60,00:59,12767.5,BUY,C:\Users\k_99_\Desktop\codding\data_footprint_generator\trade_results_score\score_trade_result_2022-07-29_NY.csv,True,-391,-405,-421,-421,-338,56,-391,-377,-12.62696292763266,1.0,0.27859778597786,562,693,-6,-2.666666666666667,-1.8,-6,-2.0,-6,-421,21.0,-38.0,-17.0,-23.07185628742515,-27,-33,-13,1,-1,105,30,735,-391,-2712,2996,-114,-277,28.36,10,0,2,391.0,377.0,6.0,2.666666666666667,6.0,0.8658008658008658,65.16666666666667,0.5642135642135642,1.2330960854092528,0.3589087809036658,0.6,1.0,1.0,1,1.0,23.07185628742515,27.0,2,0.015345268542199489,26.06666666666667,301,5.016666666666667,4,7,1.0,-0.8095238095238095,17.0,1,3.928143712574851,-4.2,-306.8,-1.0
2022-08-01,2022-08-01 13:31:28.044000+00:00,discovery,C_LOSER_MFE_3_TO_30,Perdedor con 2 < MFE <= 30 ticks,SL,-62.0,15,60,00:47,12876.25,BUY,C:\Users\k_99_\Desktop\codding\data_footprint_generator\trade_results_score\score_trade_result_2022-08-01_NY.csv,True,-124,-139,-158,-135,-160,18,-124,-109,-4.357055084236928,1.0,0.2,165,186,-4,-3.0,-1.6,-3,-1.0,-4,-158,15.0,-28.0,-13.0,-16.0989921976593,-17,-21,-13,0,1,75,65,1771,-373,-219,4383,-39,-334,2.32,10,0,0,124.0,109.0,4.0,3.0,3.0,2.150537634408602,31.0,0.6666666666666666,1.1272727272727272,0.42473118279569894,0.5126582278481012,1.0,1.0,1,0.75,16.0989921976593,17.0,2,0.03225806451612903,18.599999999999998,88,1.4666666666666666,0,8,1.0,-0.8666666666666667,13.0,0,0.9010078023407004,-2.4,-97.0,-1.0
2022-08-09,2022-08-09 13:31:05.994000+00:00,discovery,D_BORN_BAD_MFE_LE_2,Perdedor con MFE <= 2 ticks,SL,-62.0,0,60,00:42,13072.5,BUY,C:\Users\k_99_\Desktop\codding\data_footprint_generator\trade_results_score\score_trade_result_2022-08-09_NY.csv,True,-161,-202,-211,-255,-238,22,-161,-120,-3.528249454288774,1.0,0.326359832635983,273,317,-6,-4.0,-3.4,-2,-1.666666666666667,-6,-211,26.0,-32.0,-6.0,-17.67691165553081,-29,-31,-12,-3,1,130,30,800,-328,-2573,6002,82,-410,5.01,9,0,0,161.0,120.0,6.0,4.0,2.0,1.8927444794952681,26.833333333333332,0.5078864353312302,1.1611721611721613,0.43685300207039335,0.7251184834123223,1.0,1.0,1,0.3333333333333333,17.67691165553081,29.0,2,0.037267080745341616,10.733333333333334,65,1.0833333333333333,1,8,1.0,-0.23076923076923078,6.0,1,11.323088344469191,-2.6,-110.0,-1.0
2022-08-15,2022-08-15 13:33:01.027000+00:00,discovery,D_BORN_BAD_MFE_LE_2,Perdedor con MFE <= 2 ticks,SL,-62.0,0,60,01:41,13583.75,SELL,C:\Users\k_99_\Desktop\codding\data_footprint_generator\trade_results_score\score_trade_result_2022-08-15_NY.csv,True,201,217,222,211,246,201,-35,185,5.241005274044508,0.994444444444444,5.568181818181818,256,289,4,2.0,1.0,2,1.666666666666667,4,222,25.0,14.0,39.0,17.749337309476473,12,3,23,0,1,125,20,292,202,746,2792,456,-254,19.47,9,0,0,201.0,185.0,4.0,2.0,2.0,1.3840830449826989,50.25,0.6955017301038062,1.12890625,0.3681592039800995,0.5702702702702702,1.0,1.0,1,0.5,17.749337309476473,12.0,3,0.01990049751243781,30.15,181,3.0166666666666666,0,8,-1.0,1.56,14.0,0,5.7493373094764735,-3.0,-158.8,-1.0
2022-08-17,2022-08-17 13:35:59.026000+00:00,discovery,A_WINNER,Resultado realizado positivo,TP,58.0,60,0,01:10,13561.25,SELL,C:\Users\k_99_\Desktop\codding\data_footprint_generator\trade_results_score\score_trade_result_2022-08-17_NY.csv,True,183,200,197,267,250,183,-42,166,5.724712466710615,0.993333333333333,3.815384615384615,278,313,6,1.666666666666667,1.6,6,1.333333333333333,6,197,17.0,20.0,37.0,25.66739106812996,32,21,34,1,0,85,100,3653,621,-647,2336,126,495,1.69,11,4,0,183.0,166.0,6.0,1.666666666666667,6.0,1.9169329073482428,30.5,0.5846645367412141,1.1258992805755397,0.3588342440801457,0.8131979695431472,1.0,1.0,1,1.0,25.66739106812996,32.0,2,0.03278688524590164,12.200000000000001,359,5.983333333333333,2,8,-1.0,2.176470588235294,20.0,0,6.332608931870041,-4.4,-129.6,1.0
2022-08-31,2022-08-31 13:34:01.039000+00:00,discovery,D_BORN_BAD_MFE_LE_2,Perdedor con MFE <= 2 ticks,SL,-62.0,0,60,00:10,12430.0,BUY,C:\Users\k_99_\Desktop\codding\data_footprint_generator\trade_results_score\score_trade_result_2022-08-31_NY.csv,True,-348,-338,-282,-258,-252,56,-348,-358,-12.612080204275548,1.0,0.313609467455621,488,666,-4,-1.333333333333333,0.4,-4,-2.0,-4,-282,34.0,-38.0,-4.0,-13.767205599950444,-16,-29,-2,0,-1,170,25,670,-344,3789,3124,238,-582,24.06,12,0,3,348.0,358.0,4.0,1.333333333333333,4.0,0.6006006006006006,87.0,0.5225225225225225,1.3647540983606556,0.27011494252873564,0.548936170212766,1.0,0.6666666666666666,1,1.0,13.767205599950444,16.0,3,0.011494252873563218,52.199999999999996,241,4.016666666666667,2,8,1.0,-0.11764705882352941,4.0,0,2.2327944000495563,-4.4,-296.4,1.0
2022-09-01,2022-09-01 13:31:24.990000+00:00,discovery,C_LOSER_MFE_3_TO_30,Perdedor con 2 < MFE <= 30 ticks,SL,-62.0,5,60,02:04,12158.75,BUY,C:\Users\k_99_\Desktop\codding\data_footprint_generator\trade_results_score\score_trade_result_2022-09-01_NY.csv,True,-183,-225,-240,-314,-370,-3,-183,-141,-3.777134528782676,0.976190476190476,0.262096774193548,273,313,-6,-3.0,-3.0,-4,-1.333333333333333,-6,-240,23.0,-27.0,-4.0,-13.383719336713717,-8,-19,-6,0,-1,115,20,2148,-410,2431,5150,236,-646,0.8,11,0,1,183.0,141.0,6.0,3.0,4.0,1.9169329073482428,30.5,0.5846645367412141,1.1465201465201464,0.4371584699453552,0.785,1.0,1.0,1,0.6666666666666666,13.383719336713717,8.0,2,0.03278688524590164,12.200000000000001,84,1.4,3,9,1.0,-0.17391304347826086,4.0,0,5.3837193367137175,-3.0,-120.2,1.0
2022-09-06,2022-09-06 13:34:06.074000+00:00,discovery,C_LOSER_MFE_3_TO_30,Perdedor con 2 < MFE <= 30 ticks,SL,-62.0,20,60,01:06,12106.25,SELL,C:\Users\k_99_\Desktop\codding\data_footprint_generator\trade_results_score\score_trade_result_2022-09-06_NY.csv,True,186,269,255,222,87,186,-123,103,3.725686416073697,0.991836734693878,5.65,147,266,3,1.0,0.8,3,1.0,3,255,39.0,-48.0,-9.0,-19.61395268915745,2,-28,5,2,-1,195,0,1045,103,-1607,3230,-12,115,0.0,9,1,0,186.0,103.0,3.0,1.0,3.0,1.1278195488721805,62.0,0.6992481203007519,1.8095238095238095,0.45698924731182794,0.5223529411764706,1.0,1.0,1,1.0,-19.61395268915745,2.0,3,0.016129032258064516,43.4,246,4.1,1,9,-1.0,-0.23076923076923078,9.0,1,21.61395268915745,-2.2,-141.6,1.0
2022-09-28,2022-09-28 13:33:29.039000+00:00,discovery,D_BORN_BAD_MFE_LE_2,Perdedor con MFE <= 2 ticks,SL,-62.0,0,60,00:37,11297.5,BUY,C:\Users\k_99_\Desktop\codding\data_footprint_generator\trade_results_score\score_trade_result_2022-09-28_NY.csv,True,-190,-199,-216,-213,-198,12,-190,-181,-5.922417297172761,1.0,0.263565891472868,265,326,-4,-1.666666666666667,-1.2,-3,-1.333333333333333,-4,-216,22.0,-30.0,-8.0,-16.498822521943907,-15,-22,-6,0,-1,110,40,1467,-229,-888,2480,-36,-193,1.38,8,0,0,190.0,181.0,4.0,1.666666666666667,3.0,1.2269938650306749,47.5,0.5828220858895705,1.230188679245283,0.37894736842105264,0.5916666666666667,1.0,1.0,1,0.75,16.498822521943907,15.0,2,0.021052631578947368,28.5,209,3.4833333333333334,2,9,1.0,-0.36363636363636365,8.0,0,1.4988225219439073,-2.8,-147.4,-1.0
2022-10-06,2022-10-06 13:32:14.010000+00:00,discovery,A_WINNER,Resultado realizado positivo,TP,58.0,60,25,00:23,11622.5,BUY,C:\Users\k_99_\Desktop\codding\data_footprint_generator\trade_results_score\score_trade_result_2022-10-06_NY.csv,True,-124,-151,-158,-180,-203,7,-124,-97,-3.629431714630986,1.0,0.274853801169591,197,218,-3,-1.333333333333333,-1.0,-1,-0.666666666666667,-3,-158,20.0,6.0,26.0,9.869622517179703,13,-2,19,0,2,100,0,1092,-262,-967,3896,64,-326,0.0,7,0,0,124.0,97.0,3.0,1.333333333333333,1.0,1.3761467889908257,41.333333333333336,0.5688073394495413,1.1065989847715736,0.42473118279569894,0.6835443037974683,1.0,1.0,1,0.3333333333333333,-9.869622517179703,-13.0,3,0.024193548387096774,28.933333333333334,134,2.2333333333333334,3,10,1.0,1.3,6.0,0,3.130377482820297,-2.0,-88.0,-1.0
2022-10-11,2022-10-11 13:31:02.029000+00:00,discovery,A_WINNER,Resultado realizado positivo,TP,58.0,60,45,00:42,10905.0,BUY,C:\Users\k_99_\Desktop\codding\data_footprint_generator\trade_results_score\score_trade_result_2022-10-11_NY.csv,True,-133,-170,-182,-157,-222,24,-133,-96,-4.113796722507239,1.0,0.416666666666667,282,323,-5,-2.0,-1.6,-4,-1.333333333333333,-5,-182,14.0,-19.0,-5.0,-10.517114162738267,-9,-14,-9,1,-2,70,30,442,-174,-1321,4440,-180,6,14.79,9,0,0,133.0,96.0,5.0,2.0,4.0,1.5479876160990713,26.6,0.4117647058823529,1.1453900709219857,0.45614035087719296,0.5175824175824176,1.0,1.0,1,0.8,10.517114162738267,9.0,2,0.03759398496240601,13.3,62,1.0333333333333334,1,10,1.0,-0.35714285714285715,5.0,1,1.5171141627382667,-3.4,-101.6,-1.0
2022-10-18,2022-10-18 13:31:55.993000+00:00,discovery,A_WINNER,Resultado realizado positivo,TP,58.0,60,0,00:08,11400.0,BUY,C:\Users\k_99_\Desktop\codding\data_footprint_generator\trade_results_score\score_trade_result_2022-10-18_NY.csv,True,-148,-188,-226,-264,-428,-9,-148,-108,-2.615729063765239,0.973913043478261,0.229166666666667,136,236,0,-0.666666666666667,-0.4,1,0.333333333333333,0,-226,18.0,-20.0,-2.0,-10.94205827859188,-14,-15,-7,1,0,90,10,4656,-482,829,7218,58,-540,0.18,9,0,2,148.0,108.0,-0.0,0.666666666666667,-1.0,0.0,592.0,0.6271186440677966,1.7352941176470589,0.509009009009009,0.7008849557522124,1.0,0.6666666666666666,0,-4.0,10.94205827859188,14.0,2,-0.0,592.0,115,1.9166666666666667,1,10,1.0,-0.1111111111111111,2.0,0,3.0579417214081204,0.4,-95.2,1.0
2022-10-25,2022-10-25 13:31:20+00:00,discovery,C_LOSER_MFE_3_TO_30,Perdedor con 2 < MFE <= 30 ticks,SL,-62.0,5,60,01:26,11552.5,SELL,C:\Users\k_99_\Desktop\codding\data_footprint_generator\trade_results_score\score_trade_result_2022-10-25_NY.csv,True,252,249,341,369,376,252,-3,255,4.28286907467048,0.974683544303797,5.131147540983607,204,374,4,2.0,1.6,5,1.333333333333333,4,341,27.0,3.0,30.0,13.714246042765899,6,3,20,2,0,135,15,1413,359,1413,5800,34,325,0.75,10,1,0,252.0,255.0,4.0,2.0,5.0,1.0695187165775402,63.0,0.6737967914438503,1.8333333333333333,0.45105820105820105,0.649266862170088,1.0,1.0,1,1.25,13.714246042765899,6.0,3,0.015873015873015872,37.8,80,1.3333333333333333,1,10,-1.0,1.1111111111111112,3.0,0,7.7142460427658985,-2.4,-178.2,-1.0
2022-10-26,2022-10-26 13:31:08.990000+00:00,discovery,A_WINNER,Resultado realizado positivo,TP,58.0,60,0,00:38,11435.0,BUY,C:\Users\k_99_\Desktop\codding\data_footprint_generator\trade_results_score\score_trade_result_2022-10-26_NY.csv,True,-177,-196,-192,-182,-295,20,-177,-158,-3.383512586275668,0.970588235294118,0.354014598540146,348,371,-4,-2.333333333333333,-1.0,-3,-1.0,-4,-192,29.0,-35.0,-6.0,-15.537222696245735,-13,-21,-5,0,1,145,30,1412,-286,-376,7977,-643,357,3.34,9,0,0,177.0,158.0,4.0,2.333333333333333,3.0,1.0781671159029649,44.25,0.477088948787062,1.0660919540229885,0.3615819209039548,0.56875,1.0,1.0,1,0.75,15.537222696245735,13.0,2,0.022598870056497175,26.55,68,1.1333333333333333,2,10,1.0,-0.20689655172413793,6.0,0,2.5372226962457347,-3.0,-140.6,-1.0
2022-10-27,2022-10-27 13:36:29.053000+00:00,discovery,A_WINNER,Resultado realizado positivo,TP,58.0,60,0,00:14,11396.25,BUY,C:\Users\k_99_\Desktop\codding\data_footprint_generator\trade_results_score\score_trade_result_2022-10-27_NY.csv,True,-130,-125,-194,-249,-277,6,-130,-135,-4.265848236332515,0.993333333333333,0.336734693877551,228,262,-6,-4.333333333333333,-3.4,-4,-2.333333333333333,-6,-194,39.0,-43.0,-4.0,-34.14134671199933,-36,-49,-28,-2,0,195,20,1548,-248,-415,3973,23,-271,0.69,10,0,0,130.0,135.0,6.0,4.333333333333333,4.0,2.2900763358778624,21.666666666666668,0.4961832061068702,1.1491228070175439,0.49743589743589745,0.7701030927835052,1.0,1.0,1,0.6666666666666666,34.14134671199933,36.0,2,0.046153846153846156,8.666666666666668,389,6.483333333333333,3,10,1.0,-0.10256410256410256,4.0,0,1.8586532880006672,-2.6,-80.2,-1.0
2022-10-28,2022-10-28 13:31:27.987000+00:00,discovery,D_BORN_BAD_MFE_LE_2,Perdedor con MFE <= 2 ticks,SL,-62.0,0,60,00:49,11252.5,SELL,C:\Users\k_99_\Desktop\codding\data_footprint_generator\trade_results_score\score_trade_result_2022-10-28_NY.csv,True,175,175,177,139,137,175,-29,175,4.527997632340718,1.0,3.397260273972603,239,321,4,1.333333333333333,0.6,4,1.666666666666667,4,177,32.0,5.0,37.0,18.217347220942024,14,7,27,0,1,160,25,3148,582,-2105,7702,578,4,0.89,10,2,0,175.0,175.0,4.0,1.333333333333333,4.0,1.2461059190031152,43.75,0.5451713395638629,1.3430962343096233,0.33714285714285713,0.4711864406779661,1.0,1.0,1,1.0,18.217347220942024,14.0,2,0.022857142857142857,26.25,87,1.45,4,10,-1.0,1.15625,5.0,0,4.217347220942024,-3.4,-147.2,1.0
2022-11-03,2022-11-03 13:33:50.100000+00:00,discovery,A_WINNER,Resultado realizado positivo,TP,28.0,30,0,00:07,10846.25,SELL,C:\Users\k_99_\Desktop\codding\data_footprint_generator\trade_results_score\score_trade_result_2022-11-03_NY.csv,True,163,171,183,245,341,163,-16,155,4.915606754632433,1.0,2.263565891472868,366,421,6,2.666666666666667,2.4,5,1.333333333333333,6,183,30.0,13.0,43.0,29.454269078167673,37,26,41,1,-1,150,65,3925,789,-521,4076,-6,795,1.3,9,1,1,163.0,155.0,6.0,2.666666666666667,5.0,1.4251781472684086,27.166666666666668,0.38717339667458434,1.150273224043716,0.37423312883435583,0.8032786885245902,1.0,1.0,1,0.8333333333333334,29.454269078167673,37.0,2,0.03680981595092025,10.866666666666667,230,3.8333333333333335,3,11,-1.0,1.4333333333333333,13.0,1,7.545730921832327,-3.6,-114.0,1.0
2023-03-21,2023-03-21 13:31:30.982341900+00:00,discovery,D_BORN_BAD_MFE_LE_2,Perdedor con MFE <= 2 ticks,SL,-62.0,0,60,00:39,12801.25,SELL,C:\Users\k_99_\Desktop\codding\data_footprint_generator\trade_results_score\score_trade_result_2023-03-21_NY.csv,True,179,205,224,225,322,179,-4,153,5.151909232085059,1.0,8.782608695652174,153,225,2,1.333333333333333,0.6,1,1.0,2,224,18.0,3.0,21.0,10.555014278515033,7,1,16,1,0,90,10,1410,354,2140,4544,298,56,0.32,11,1,0,179.0,153.0,2.0,1.333333333333333,1.0,0.8888888888888888,89.5,0.7955555555555556,1.4705882352941178,0.4171322160148976,0.6026785714285714,1.0,1.0,1,0.5,10.555014278515033,7.0,3,0.0111731843575419,71.60000000000001,90,1.5,1,3,-1.0,1.1666666666666667,3.0,0,3.555014278515033,-1.4,-134.0,-1.0
2023-03-28,2023-03-28 13:32:03.000621+00:00,discovery,D_BORN_BAD_MFE_LE_2,Perdedor con MFE <= 2 ticks,SL,-62.0,0,60,01:01,12748.75,BUY,C:\Users\k_99_\Desktop\codding\data_footprint_generator\trade_results_score\score_trade_result_2023-03-28_NY.csv,True,-304,-332,-365,-392,-417,4,-304,-276,-9.735627008215143,1.0,0.230379746835443,382,486,-4,-1.666666666666667,-1.0,-3,-1.333333333333333,-4,-365,14.0,-23.0,-9.0,-11.886787496716575,-13,-16,-5,-1,0,70,30,701,-363,-844,3105,-323,-40,10.0,10,0,2,304.0,276.0,4.0,1.666666666666667,3.0,0.823045267489712,76.0,0.6255144032921811,1.2722513089005236,0.40021929824561403,0.6443835616438356,1.0,1.0,1,0.75,11.886787496716575,13.0,2,0.013157894736842105,45.6,123,2.05,1,3,1.0,-0.6428571428571429,9.0,0,1.1132125032834246,-3.0,-225.6,-1.0
2023-03-31,2023-03-31 13:35:01.134903900+00:00,discovery,A_WINNER,Resultado realizado positivo,TP,28.0,45,5,00:31,13126.25,SELL,C:\Users\k_99_\Desktop\codding\data_footprint_generator\trade_results_score\score_trade_result_2023-03-31_NY.csv,True,177,168,171,207,211,177,-10,186,6.414996290368876,1.0,3.80952380952381,257,303,2,1.0,0.6,2,0.666666666666667,2,171,15.0,21.0,36.0,18.759329636782756,24,12,34,1,0,75,10,310,172,-1676,3013,225,-53,8.81,10,1,0,177.0,186.0,2.0,1.0,2.0,0.6600660066006601,88.5,0.5841584158415841,1.178988326848249,0.3220338983050847,0.7263157894736842,1.0,1.0,1,1.0,18.759329636782756,24.0,2,0.011299435028248588,70.8,301,5.016666666666667,4,3,-1.0,2.4,21.0,0,5.240670363217244,-1.4,-135.6,1.0
2023-04-03,2023-04-03 13:32:51.099847900+00:00,discovery,C_LOSER_MFE_3_TO_30,Perdedor con 2 < MFE <= 30 ticks,SL,-62.0,15,60,00:59,13217.5,SELL,C:\Users\k_99_\Desktop\codding\data_footprint_generator\trade_results_score\score_trade_result_2023-04-03_NY.csv,True,153,161,159,208,196,153,-10,145,5.042882329922577,1.0,6.666666666666667,122,207,2,0.333333333333333,0.4,2,0.666666666666667,2,159,9.0,5.0,14.0,8.437623146323759,11,6,13,2,-1,45,15,2119,277,-275,2787,383,-106,0.29,11,1,0,153.0,145.0,2.0,0.333333333333333,2.0,0.966183574879227,76.5,0.7391304347826086,1.6967213114754098,0.3464052287581699,0.7849056603773585,1.0,1.0,1,1.0,8.437623146323759,11.0,2,0.013071895424836602,61.2,171,2.85,0,4,-1.0,1.5555555555555556,5.0,1,2.5623768536762412,-1.6,-111.4,1.0
2023-04-04,2023-04-04 13:36:01.053737900+00:00,discovery,A_WINNER,Resultado realizado positivo,TP,58.0,60,0,01:21,13271.25,BUY,C:\Users\k_99_\Desktop\codding\data_footprint_generator\trade_results_score\score_trade_result_2023-04-04_NY.csv,True,-180,-180,-180,-194,-287,16,-180,-180,-7.383855127255832,1.0,0.189189189189189,222,264,-1,-0.666666666666667,-0.4,-1,-0.333333333333333,-1,-180,9.0,-16.0,-7.0,-9.549133749133748,-14,-15,-5,1,0,45,10,267,-179,-506,1829,-103,-76,9.49,10,0,1,180.0,180.0,1.0,0.666666666666667,1.0,0.3787878787878788,180.0,0.6818181818181818,1.1891891891891893,0.3333333333333333,0.6466666666666666,1.0,1.0,1,1.0,9.549133749133748,14.0,2,0.005555555555555556,162.0,361,6.016666666666667,1,4,1.0,-0.7777777777777778,7.0,0,4.450866250866252,-0.6,-141.2,-1.0
2023-04-10,2023-04-10 13:35:51.089554+00:00,discovery,D_BORN_BAD_MFE_LE_2,Perdedor con MFE <= 2 ticks,SL,-62.0,0,60,05:25,13010.0,BUY,C:\Users\k_99_\Desktop\codding\data_footprint_generator\trade_results_score\score_trade_result_2023-04-10_NY.csv,True,-150,-175,-195,-190,-189,11,-150,-125,-4.589269920286503,0.993333333333333,0.353448275862069,260,314,-3,-1.666666666666667,-1.2,-2,-0.666666666666667,-3,-195,11.0,-33.0,-22.0,-17.60441890308542,-13,-25,-6,-1,0,55,65,2187,-355,-1556,1751,-213,-142,1.27,11,0,2,150.0,125.0,3.0,1.666666666666667,2.0,0.9554140127388535,50.0,0.47770700636942676,1.2076923076923076,0.43333333333333335,0.5846153846153846,1.0,1.0,1,0.6666666666666666,17.60441890308542,13.0,2,0.02,35.0,351,5.85,0,4,1.0,-2.0,22.0,0,4.604418903085421,-1.8,-112.0,-1.0
2023-04-17,2023-04-17 13:33:32.989322+00:00,discovery,D_BORN_BAD_MFE_LE_2,Perdedor con MFE <= 2 ticks,SL,-62.0,0,60,01:46,13172.5,SELL,C:\Users\k_99_\Desktop\codding\data_footprint_generator\trade_results_score\score_trade_result_2023-04-17_NY.csv,True,190,199,283,284,286,190,-9,181,6.547893418065737,1.0,5.318181818181818,257,278,5,2.333333333333333,1.8,5,1.666666666666667,5,283,15.0,4.0,19.0,12.302029836145756,15,8,18,1,0,75,20,1368,398,553,2725,-157,555,0.61,9,1,0,190.0,181.0,5.0,2.333333333333333,5.0,1.7985611510791366,38.0,0.6834532374100719,1.0817120622568093,0.4964912280701754,0.6021201413427562,1.0,1.0,1,1.0,12.302029836145756,15.0,2,0.02631578947368421,19.0,212,3.533333333333333,0,4,-1.0,1.2666666666666666,4.0,0,2.6979701638542437,-3.2,-133.2,-1.0
2023-04-19,2023-04-19 13:33:54.063250900+00:00,discovery,A_WINNER,Resultado realizado positivo,TP,58.0,60,0,00:41,13105.0,BUY,C:\Users\k_99_\Desktop\codding\data_footprint_generator\trade_results_score\score_trade_result_2023-04-19_NY.csv,True,-250,-254,-277,-291,-317,14,-250,-246,-7.453952798121727,1.0,0.4279176201373,548,624,-3,-1.333333333333333,-0.4,-3,-1.666666666666667,-3,-277,14.0,5.0,19.0,8.21148331595412,16,4,17,0,-2,70,10,3801,-127,-2166,2967,111,-238,0.18,10,0,0,250.0,246.0,3.0,1.333333333333333,3.0,0.4807692307692308,83.33333333333333,0.40064102564102566,1.1386861313868613,0.36933333333333335,0.6303249097472924,1.0,1.0,1,1.0,-8.21148331595412,-16.0,3,0.012,58.33333333333333,234,3.9,2,4,1.0,1.3571428571428572,5.0,0,7.788516684045881,-2.6,-191.8,-1.0
2023-04-26,2023-04-26 13:32:02.009678+00:00,discovery,A_WINNER,Resultado realizado positivo,TP,58.0,60,0,04:58,12921.25,BUY,C:\Users\k_99_\Desktop\codding\data_footprint_generator\trade_results_score\score_trade_result_2023-04-26_NY.csv,True,-175,-188,-227,-354,-409,-3,-175,-162,-7.473883976344057,1.0,0.368231046931408,356,379,-5,-2.0,-2.0,-4,-1.0,-5,-227,19.0,-29.0,-10.0,-17.26766150358897,-18,-23,-11,-1,1,95,30,501,-191,273,4147,-565,374,14.93,9,0,0,175.0,162.0,5.0,2.0,4.0,1.3192612137203166,35.0,0.46174142480211083,1.0646067415730338,0.43238095238095237,0.9356828193832599,1.0,1.0,1,0.8,17.26766150358897,18.0,2,0.02857142857142857,17.5,122,2.033333333333333,2,4,1.0,-0.5263157894736842,10.0,1,0.7323384964110318,-3.0,-104.2,1.0
2023-05-03,2023-05-03 13:35:01.053012900+00:00,discovery,D_BORN_BAD_MFE_LE_2,Perdedor con MFE <= 2 ticks,SL,-62.0,0,60,10:35,13208.75,SELL,C:\Users\k_99_\Desktop\codding\data_footprint_generator\trade_results_score\score_trade_result_2023-05-03_NY.csv,True,190,189,206,209,254,190,-5,191,9.362271233868704,1.0,4.454545454545455,269,300,2,0.666666666666667,0.2,1,0.666666666666667,2,206,10.0,4.0,14.0,8.787591644764143,9,6,12,9,-1,50,10,305,191,494,1933,267,-76,9.5,10,1,0,190.0,191.0,2.0,0.666666666666667,1.0,0.6666666666666666,95.0,0.6333333333333333,1.1152416356877324,0.36140350877192984,0.6087378640776699,1.0,1.0,1,0.5,8.787591644764143,9.0,1,0.010526315789473684,76.0,301,5.016666666666667,2,5,-1.0,1.4,4.0,1,0.21240835523585666,-1.8,-148.2,-1.0
2023-05-11,2023-05-11 13:32:03.013955+00:00,discovery,D_BORN_BAD_MFE_LE_2,Perdedor con MFE <= 2 ticks,SL,-62.0,0,60,02:08,13400.0,BUY,C:\Users\k_99_\Desktop\codding\data_footprint_generator\trade_results_score\score_trade_result_2023-05-11_NY.csv,True,-241,-343,-339,-343,-300,35,-241,-139,-4.698411051185458,1.0,0.258461538461538,270,409,-2,-1.666666666666667,-1.0,0,-0.666666666666667,-2,-339,12.0,-27.0,-15.0,-15.075912657795975,-25,-26,-9,0,-1,60,20,718,-336,1897,5188,-380,44,6.64,10,0,2,241.0,139.0,2.0,1.666666666666667,-0.0,0.4889975550122249,120.5,0.589242053789731,1.5148148148148148,0.46887966804979253,0.6070796460176991,1.0,1.0,1,-0.0,15.075912657795975,25.0,2,0.008298755186721992,96.4,123,2.05,3,5,1.0,-1.25,15.0,0,9.924087342204025,-1.0,-172.4,1.0
2023-05-18,2023-05-18 13:34:37.036716+00:00,discovery,D_BORN_BAD_MFE_LE_2,Perdedor con MFE <= 2 ticks,SL,-62.0,0,100,05:22,13681.25,SELL,C:\Users\k_99_\Desktop\codding\data_footprint_generator\trade_results_score\score_trade_result_2023-05-18_NY.csv,True,137,143,163,151,167,137,-9,131,5.360975925957068,1.0,5.724137931034483,155,195,1,1.0,0.6,0,0.666666666666667,1,163,12.0,10.0,22.0,10.83351344479054,11,7,16,2,-1,60,20,1867,185,1446,2599,151,34,0.54,10,0,0,137.0,131.0,1.0,1.0,0.0,0.5128205128205128,137.0,0.7025641025641025,1.2580645161290323,0.39659367396593675,0.5558282208588957,1.0,1.0,1,0.0,10.83351344479054,11.0,2,0.0072992700729927005,123.3,277,4.616666666666666,3,5,-1.0,1.8333333333333333,10.0,1,0.16648655520945965,-0.4,-106.8,-1.0
2023-05-22,2023-05-22 13:33:57.045713+00:00,discovery,D_BORN_BAD_MFE_LE_2,Perdedor con MFE <= 2 ticks,SL,-62.0,0,60,01:03,13876.25,SELL,C:\Users\k_99_\Desktop\codding\data_footprint_generator\trade_results_score\score_trade_result_2023-05-22_NY.csv,True,130,156,181,253,331,130,-6,104,4.542580197052407,1.0,2.226415094339623,305,342,2,1.0,1.0,2,0.666666666666667,2,181,14.0,9.0,23.0,13.980175282373342,13,10,18,0,-1,70,40,3301,587,-2076,3878,36,551,0.7,11,2,0,130.0,104.0,2.0,1.0,2.0,0.5847953216374269,65.0,0.38011695906432746,1.1213114754098361,0.4641025641025641,0.8386740331491712,1.0,1.0,1,1.0,13.980175282373342,13.0,2,0.015384615384615385,52.0,237,3.95,0,5,-1.0,1.6428571428571428,9.0,0,0.9801752823733416,-1.0,-79.4,1.0
2023-05-26,2023-05-26 13:33:57.985923+00:00,discovery,A_WINNER,Resultado realizado positivo,TP,58.0,60,10,00:55,14045.0,SELL,C:\Users\k_99_\Desktop\codding\data_footprint_generator\trade_results_score\score_trade_result_2023-05-26_NY.csv,True,166,224,269,294,452,166,-11,108,4.68817639981748,1.0,2.66,310,366,1,1.0,1.0,0,0.0,1,269,12.0,12.0,24.0,14.308662613981763,13,11,21,0,-1,60,60,3684,676,1874,2870,-76,752,1.03,11,5,0,166.0,108.0,1.0,1.0,0.0,0.273224043715847,166.0,0.453551912568306,1.1806451612903226,0.5401606425702812,0.6557620817843867,1.0,1.0,1,0.0,14.308662613981763,13.0,2,0.006024096385542169,149.4,237,3.95,4,5,-1.0,2.0,12.0,0,1.3086626139817632,-0.0,-107.2,-1.0
2023-05-31,2023-05-31 13:31:56.985792+00:00,discovery,B_LOSER_MFE_GT_30,Perdedor con MFE > 30 ticks,SL,-62.0,50,60,02:35,14348.75,SELL,C:\Users\k_99_\Desktop\codding\data_footprint_generator\trade_results_score\score_trade_result_2023-05-31_NY.csv,True,164,198,221,219,265,164,-10,130,3.827056874695942,1.0,3.075949367088608,233,322,1,0.666666666666667,0.4,0,0.0,1,221,15.0,4.0,19.0,8.396373056994818,5,2,12,-1,1,75,20,4963,-9,-3169,5075,101,-110,0.35,8,2,0,164.0,130.0,1.0,0.666666666666667,0.0,0.3105590062111801,164.0,0.5093167701863354,1.3819742489270386,0.4491869918699187,0.5945701357466063,1.0,1.0,1,0.0,8.396373056994818,5.0,3,0.006097560975609756,147.6,116,1.9333333333333333,2,5,-1.0,1.2666666666666666,4.0,1,3.3963730569948183,-0.6,-120.2,1.0
2023-06-05,2023-06-05 13:35:01.021179900+00:00,discovery,A_WINNER,Resultado realizado positivo,TP,28.0,50,15,01:38,14611.25,SELL,C:\Users\k_99_\Desktop\codding\data_footprint_generator\trade_results_score\score_trade_result_2023-06-05_NY.csv,True,365,473,490,471,506,365,-18,257,8.123917726097543,1.0,2.682027649769585,681,799,4,2.333333333333333,1.4,2,1.0,4,490,14.0,20.0,34.0,17.72559621512021,11,6,24,1,-1,70,20,801,363,2129,2644,306,57,19.59,11,2,0,365.0,257.0,4.0,2.333333333333333,2.0,0.5006257822277848,91.25,0.4568210262828536,1.1732745961820852,0.4474885844748858,0.576734693877551,1.0,1.0,1,0.5,17.72559621512021,11.0,2,0.010958904109589041,54.75,301,5.016666666666667,0,6,-1.0,2.4285714285714284,20.0,1,6.725596215120209,-2.6,-270.8,-1.0
2023-06-13,2023-06-13 13:31:39.996096+00:00,discovery,A_WINNER,Resultado realizado positivo,TP,58.0,60,5,00:51,15080.0,BUY,C:\Users\k_99_\Desktop\codding\data_footprint_generator\trade_results_score\score_trade_result_2023-06-13_NY.csv,True,-139,-166,-165,-156,-268,16,-139,-112,-2.977203989275192,0.98989898989899,0.141975308641975,173,185,-1,-1.666666666666667,-0.4,1,-0.666666666666667,-1,-165,20.0,-25.0,-5.0,-13.98160046728972,-18,-21,-10,-2,1,100,25,3727,-219,745,6572,216,-435,0.63,9,0,1,139.0,112.0,1.0,1.666666666666667,-1.0,0.5405405405405406,139.0,0.7513513513513513,1.069364161849711,0.39568345323741005,0.5672727272727273,1.0,1.0,1,-1.0,13.98160046728972,18.0,2,0.007194244604316547,125.10000000000001,99,1.65,1,6,1.0,-0.25,5.0,1,4.01839953271028,-0.6,-107.8,1.0
2023-06-22,2023-06-22 13:32:41.008240+00:00,discovery,D_BORN_BAD_MFE_LE_2,Perdedor con MFE <= 2 ticks,SL,-62.0,0,60,00:34,15000.0,SELL,C:\Users\k_99_\Desktop\codding\data_footprint_generator\trade_results_score\score_trade_result_2023-06-22_NY.csv,True,141,177,171,188,255,141,-6,105,2.675621753244732,0.9875,3.169230769230769,219,271,2,1.333333333333333,1.2,1,0.0,2,171,17.0,11.0,28.0,13.581827530483325,18,5,19,0,1,85,25,2467,139,-1215,5304,132,7,0.61,11,1,0,141.0,105.0,2.0,1.333333333333333,1.0,0.7380073800738007,70.5,0.5202952029520295,1.2374429223744292,0.40425531914893614,0.6596491228070176,1.0,1.0,1,0.5,13.581827530483325,18.0,2,0.014184397163120567,56.400000000000006,161,2.683333333333333,3,6,-1.0,1.6470588235294117,11.0,0,4.418172469516675,-0.8,-103.4,1.0
2023-06-23,2023-06-23 13:32:00.001096+00:00,discovery,C_LOSER_MFE_3_TO_30,Perdedor con 2 < MFE <= 30 ticks,SL,-62.0,10,60,02:31,15061.25,SELL,C:\Users\k_99_\Desktop\codding\data_footprint_generator\trade_results_score\score_trade_result_2023-06-23_NY.csv,True,150,171,170,164,200,150,-4,129,4.941094402083296,1.0,4.571428571428571,175,234,1,1.0,0.6,-1,0.0,1,170,18.0,1.0,19.0,10.495059802392095,14,7,16,3,-1,90,0,8,6,-2283,4549,105,-99,0.0,5,0,0,150.0,129.0,1.0,1.0,-1.0,0.42735042735042733,150.0,0.6410256410256411,1.3371428571428572,0.37777777777777777,0.5788235294117647,1.0,1.0,1,-1.0,10.495059802392095,14.0,2,0.006666666666666667,135.0,120,2.0,4,6,-1.0,1.0555555555555556,1.0,1,3.5049401976079047,-0.4,-117.2,1.0
2023-06-26,2023-06-26 13:36:09.066138+00:00,discovery,D_BORN_BAD_MFE_LE_2,Perdedor con MFE <= 2 ticks,SL,-62.0,0,60,04:53,15071.25,SELL,C:\Users\k_99_\Desktop\codding\data_footprint_generator\trade_results_score\score_trade_result_2023-06-26_NY.csv,True,179,222,228,224,259,179,-3,136,6.26397636006667,1.0,5.475,232,259,2,2.0,1.0,0,1.0,2,228,19.0,18.0,37.0,21.608135553879183,31,14,36,0,1,95,35,585,257,267,2346,174,83,3.86,12,3,0,179.0,136.0,2.0,2.0,0.0,0.7722007722007722,89.5,0.6911196911196911,1.1163793103448276,0.4245810055865922,0.5894736842105263,1.0,1.0,1,0.0,21.608135553879183,31.0,2,0.0111731843575419,71.60000000000001,369,6.15,0,6,-1.0,1.9473684210526316,18.0,0,9.391864446120817,-1.0,-134.2,-1.0
2023-06-30,2023-06-30 13:31:24.015486+00:00,discovery,C_LOSER_MFE_3_TO_30,Perdedor con 2 < MFE <= 30 ticks,SL,-62.0,10,60,04:24,15258.75,SELL,C:\Users\k_99_\Desktop\codding\data_footprint_generator\trade_results_score\score_trade_result_2023-06-30_NY.csv,True,190,196,212,209,211,190,-18,184,7.853069759318624,1.0,6.0,142,266,4,2.333333333333333,1.2,3,1.333333333333333,4,212,13.0,3.0,16.0,8.880450759431652,9,5,12,0,1,65,15,1739,397,2361,4386,28,369,0.62,11,2,0,190.0,184.0,4.0,2.333333333333333,3.0,1.5037593984962405,47.5,0.7142857142857143,1.8732394366197183,0.3719298245614035,0.5915094339622642,1.0,1.0,1,0.75,8.880450759431652,9.0,2,0.021052631578947368,28.5,84,1.4,4,6,-1.0,1.2307692307692308,3.0,0,0.11954924056834848,-2.8,-148.2,-1.0
2023-07-18,2023-07-18 13:32:59.005171+00:00,discovery,D_BORN_BAD_MFE_LE_2,Perdedor con MFE <= 2 ticks,SL,-62.0,0,60,02:30,15780.0,BUY,C:\Users\k_99_\Desktop\codding\data_footprint_generator\trade_results_score\score_trade_result_2023-07-18_NY.csv,True,-194,-193,-230,-329,-302,25,-194,-195,-5.825169129926562,1.0,0.432748538011696,428,490,-3,-1.0,-1.2,-3,-0.666666666666667,-3,-230,21.0,-29.0,-8.0,-12.802306029305788,-10,-19,-8,0,-1,105,40,3483,-373,-534,3299,-9,-364,0.68,11,0,1,194.0,195.0,3.0,1.0,3.0,0.6122448979591837,64.66666666666667,0.39591836734693875,1.144859813084112,0.3951890034364261,0.8582608695652174,1.0,1.0,1,1.0,12.802306029305788,10.0,2,0.015463917525773196,45.266666666666666,179,2.9833333333333334,1,7,1.0,-0.38095238095238093,8.0,0,2.8023060293057878,-1.8,-128.2,-1.0
2023-07-20,2023-07-20 13:33:46.156092900+00:00,discovery,A_WINNER,Resultado realizado positivo,TP,58.0,60,0,00:58,15871.25,BUY,C:\Users\k_99_\Desktop\codding\data_footprint_generator\trade_results_score\score_trade_result_2023-07-20_NY.csv,True,-193,-182,-199,-162,-182,30,-193,-204,-5.323212031078765,1.0,0.488063660477454,441,561,-4,-0.666666666666667,0.0,-5,-1.333333333333333,-4,-199,15.0,16.0,31.0,10.051278070992444,-2,-9,20,-2,3,75,0,4218,-364,-2792,4707,289,-653,0.0,9,0,1,193.0,204.0,4.0,0.666666666666667,5.0,0.7130124777183601,48.25,0.34402852049910876,1.272108843537415,0.3436960276338515,0.4884422110552764,1.0,0.6666666666666666,1,1.25,-10.051278070992444,2.0,3,0.02072538860103627,28.95,226,3.7666666666666666,3,7,1.0,2.066666666666667,16.0,2,12.051278070992444,-4.0,-160.6,-1.0
2023-07-27,2023-07-27 13:33:01.064236+00:00,discovery,D_BORN_BAD_MFE_LE_2,Perdedor con MFE <= 2 ticks,SL,-62.0,0,60,03:01,15852.5,SELL,C:\Users\k_99_\Desktop\codding\data_footprint_generator\trade_results_score\score_trade_result_2023-07-27_NY.csv,True,294,293,309,319,306,294,-15,295,8.10638059439162,1.0,3.0,426,588,2,1.0,0.4,2,0.666666666666667,2,309,15.0,5.0,20.0,12.2935532421924,13,8,19,0,1,75,10,608,302,3517,4809,481,-179,9.4,10,2,1,294.0,295.0,2.0,1.0,2.0,0.3401360544217687,147.0,0.5,1.380281690140845,0.35034013605442177,0.6194174757281553,1.0,1.0,1,1.0,12.2935532421924,13.0,2,0.006802721088435374,117.60000000000001,181,3.0166666666666666,3,7,-1.0,1.3333333333333333,5.0,0,0.7064467578075995,-1.6,-230.2,-1.0
2023-08-02,2023-08-02 13:35:02.062668900+00:00,discovery,D_BORN_BAD_MFE_LE_2,Perdedor con MFE <= 2 ticks,SL,-62.0,0,60,00:25,15621.25,BUY,C:\Users\k_99_\Desktop\codding\data_footprint_generator\trade_results_score\score_trade_result_2023-08-02_NY.csv,True,-138,-154,-157,-156,-114,25,-138,-122,-2.76221281071378,0.99,0.295918367346939,231,254,-3,-1.0,-0.4,-2,-1.0,-3,-157,16.0,-38.0,-22.0,-18.415549717237386,-26,-28,-12,-4,0,80,20,556,-184,-699,5109,229,-413,9.7,9,0,0,138.0,122.0,3.0,1.0,2.0,1.1811023622047243,46.0,0.5433070866141733,1.0995670995670996,0.37922705314009664,0.5961783439490446,1.0,1.0,1,0.6666666666666666,18.415549717237386,26.0,2,0.021739130434782608,32.199999999999996,302,5.033333333333333,2,8,1.0,-1.375,22.0,0,7.584450282762614,-2.6,-106.8,-1.0
2023-08-08,2023-08-08 13:37:27.022640+00:00,discovery,A_WINNER,Resultado realizado positivo,TP,58.0,65,0,02:32,15350.0,BUY,C:\Users\k_99_\Desktop\codding\data_footprint_generator\trade_results_score\score_trade_result_2023-08-08_NY.csv,True,-202,-233,-183,-194,-181,50,-202,-171,-6.932746152724762,1.0,0.165289256198347,201,282,-2,-1.333333333333333,-1.0,1,-0.333333333333333,-2,-183,21.0,-24.0,-3.0,-10.258989657915672,-10,-14,-5,-2,1,105,15,1587,-301,-516,2919,-93,-208,0.56,11,0,2,202.0,171.0,2.0,1.333333333333333,-1.0,0.7092198581560284,101.0,0.7163120567375887,1.4029850746268657,0.30198019801980197,0.6360655737704918,1.0,1.0,1,-0.5,10.258989657915672,10.0,2,0.009900990099009901,80.80000000000001,447,7.45,1,8,1.0,-0.14285714285714285,3.0,1,0.25898965791567186,-1.0,-163.2,-1.0
2023-08-18,2023-08-18 13:33:12.035103900+00:00,discovery,A_WINNER,Resultado realizado positivo,TP,58.0,60,20,01:08,14667.5,SELL,C:\Users\k_99_\Desktop\codding\data_footprint_generator\trade_results_score\score_trade_result_2023-08-18_NY.csv,True,176,204,215,190,337,176,-17,148,3.75176957605927,0.994764397905759,4.52,167,276,2,1.333333333333333,0.6,0,1.0,2,215,26.0,9.0,35.0,15.237966804979251,15,5,24,3,0,130,20,1408,356,-2400,4669,303,53,1.66,9,1,0,176.0,148.0,2.0,1.333333333333333,0.0,0.7246376811594203,88.0,0.6376811594202898,1.652694610778443,0.4071969696969697,0.5302325581395348,1.0,1.0,1,0.0,15.237966804979251,15.0,2,0.011363636363636364,70.4,192,3.2,4,8,-1.0,1.3461538461538463,9.0,0,0.23796680497925138,-1.4,-138.0,1.0
2023-08-23,2023-08-23 13:35:01.070463900+00:00,discovery,A_WINNER,Resultado realizado positivo,TP,58.0,80,0,04:58,15030.0,SELL,C:\Users\k_99_\Desktop\codding\data_footprint_generator\trade_results_score\score_trade_result_2023-08-23_NY.csv,True,217,228,234,141,138,217,-117,206,7.964657594221526,1.0,2.269005847953216,498,559,6,2.0,0.6,6,1.666666666666667,6,234,22.0,2.0,24.0,6.352761738751498,0,-4,10,0,1,110,5,749,343,-484,2572,-94,437,4.67,9,1,0,217.0,206.0,6.0,2.0,6.0,1.073345259391771,36.166666666666664,0.3881932021466905,1.1224899598393574,0.35944700460829493,0.36153846153846153,1.0,1.0,1,1.0,6.352761738751498,0.0,4,0.027649769585253458,14.466666666666667,301,5.016666666666667,2,8,-1.0,1.0909090909090908,2.0,0,6.352761738751498,-5.4,-188.8,1.0
2023-08-24,2023-08-24 13:31:39.990302900+00:00,discovery,D_BORN_BAD_MFE_LE_2,Perdedor con MFE <= 2 ticks,SL,-62.0,0,60,00:41,15300.0,BUY,C:\Users\k_99_\Desktop\codding\data_footprint_generator\trade_results_score\score_trade_result_2023-08-24_NY.csv,True,-181,-180,-162,-225,-255,18,-181,-182,-3.660932110891084,1.0,0.367132867132867,326,391,-3,-0.666666666666667,-0.6,-4,-1.0,-3,-162,26.0,-32.0,-6.0,-13.82028035959165,-9,-21,0,-4,2,130,30,4277,-371,-3309,8849,-463,92,0.75,9,0,0,181.0,182.0,3.0,0.666666666666667,4.0,0.7672634271099744,60.333333333333336,0.4629156010230179,1.1993865030674846,0.2983425414364641,0.8333333333333334,1.0,1.0,1,1.3333333333333333,13.82028035959165,9.0,3,0.016574585635359115,42.233333333333334,99,1.65,3,8,1.0,-0.23076923076923078,6.0,0,4.820280359591649,-2.4,-136.0,-1.0
2023-08-25,2023-08-25 13:32:58.084006+00:00,discovery,A_WINNER,Resultado realizado positivo,TP,58.0,60,0,01:14,14933.75,SELL,C:\Users\k_99_\Desktop\codding\data_footprint_generator\trade_results_score\score_trade_result_2023-08-25_NY.csv,True,158,160,162,168,245,158,-21,156,4.872899967548059,1.0,2.549019607843137,196,362,1,0.666666666666667,0.6,0,0.333333333333333,1,162,26.0,7.0,33.0,14.460877099440149,10,4,21,1,-1,130,30,3891,503,2286,4804,76,427,0.52,11,2,0,158.0,156.0,1.0,0.666666666666667,0.0,0.27624309392265195,158.0,0.43646408839779005,1.846938775510204,0.34177215189873417,0.6222222222222222,1.0,1.0,1,0.0,14.460877099440149,10.0,3,0.006329113924050633,142.20000000000002,178,2.966666666666667,4,8,-1.0,1.2692307692307692,7.0,1,4.4608770994401485,-0.4,-124.4,-1.0
2023-08-29,2023-08-29 13:31:06.065128+00:00,discovery,A_WINNER,Resultado realizado positivo,TP,58.0,60,0,00:55,15073.75,BUY,C:\Users\k_99_\Desktop\codding\data_footprint_generator\trade_results_score\score_trade_result_2023-08-29_NY.csv,True,-173,-168,-178,-214,-285,8,-173,-178,-4.406511225299119,1.0,0.231111111111111,241,277,-3,-1.0,-0.8,-4,-1.0,-3,-178,13.0,-13.0,0.0,-6.451211380306735,-6,-10,-2,1,0,65,5,610,-258,-986,3895,373,-631,0.82,9,0,1,173.0,178.0,3.0,1.0,4.0,1.0830324909747293,57.666666666666664,0.6245487364620939,1.1493775933609958,0.34296724470134876,0.7213483146067415,1.0,1.0,1,1.3333333333333333,6.451211380306735,6.0,3,0.017341040462427744,40.36666666666666,66,1.1,1,8,1.0,0.0,0.0,0,0.45121138030673524,-2.2,-130.2,-1.0
2023-08-31,2023-08-31 13:33:58.049564+00:00,discovery,A_WINNER,Resultado realizado positivo,TP,58.0,60,5,00:39,15552.5,SELL,C:\Users\k_99_\Desktop\codding\data_footprint_generator\trade_results_score\score_trade_result_2023-08-31_NY.csv,True,186,231,209,224,270,186,-22,141,4.246656586199477,1.0,4.0,247,310,3,1.0,0.6,2,1.333333333333333,3,209,25.0,26.0,51.0,21.64660214825056,16,5,32,0,1,125,65,4901,921,244,4078,104,817,1.12,11,6,0,186.0,141.0,3.0,1.0,2.0,0.967741935483871,62.0,0.6,1.2550607287449393,0.37455197132616486,0.6430622009569378,1.0,1.0,1,0.6666666666666666,21.64660214825056,16.0,2,0.016129032258064516,43.4,238,3.966666666666667,3,8,-1.0,2.04,26.0,0,5.646602148250562,-2.4,-141.2,-1.0
2023-09-05,2023-09-05 13:35:01.066213900+00:00,discovery,A_WINNER,Resultado realizado positivo,TP,58.0,60,30,00:38,15457.5,BUY,C:\Users\k_99_\Desktop\codding\data_footprint_generator\trade_results_score\score_trade_result_2023-09-05_NY.csv,True,-242,-242,-235,-222,-237,12,-242,-242,-7.951439984728167,0.996666666666667,0.349462365591398,435,502,-6,-2.0,-0.8,-7,-2.666666666666667,-6,-235,20.0,-33.0,-13.0,-16.06745225518082,-18,-23,-11,0,2,100,30,516,-230,-2376,2508,-120,-110,28.14,9,0,0,242.0,242.0,6.0,2.0,7.0,1.1952191235059761,40.333333333333336,0.4820717131474104,1.1540229885057471,0.3236914600550964,0.5668085106382978,1.0,1.0,1,1.1666666666666667,16.06745225518082,18.0,2,0.024793388429752067,16.133333333333336,301,5.016666666666667,1,9,1.0,-0.65,13.0,0,1.9325477448191783,-5.2,-197.6,-1.0
2023-09-07,2023-09-07 13:31:17.995107900+00:00,discovery,D_BORN_BAD_MFE_LE_2,Perdedor con MFE <= 2 ticks,SL,-62.0,0,60,00:34,15181.25,BUY,C:\Users\k_99_\Desktop\codding\data_footprint_generator\trade_results_score\score_trade_result_2023-09-07_NY.csv,True,-138,-185,-183,-178,-180,42,-138,-91,-2.686116106609564,0.974025974025974,0.303030303030303,203,258,0,-0.666666666666667,-0.2,1,-0.333333333333333,0,-183,16.0,-18.0,-2.0,-7.693558530230887,-8,-12,-4,-2,1,80,10,2943,-233,-2648,8194,314,-547,0.56,11,0,2,138.0,91.0,-0.0,0.666666666666667,-1.0,0.0,552.0,0.5348837209302325,1.270935960591133,0.4420289855072464,0.5836065573770491,1.0,0.6666666666666666,0,-4.0,7.693558530230887,8.0,3,-0.0,552.0,77,1.2833333333333334,3,9,1.0,-0.125,2.0,1,0.3064414697691129,0.2,-102.4,-1.0
2023-09-14,2023-09-14 13:31:28.018870900+00:00,discovery,A_WINNER,Resultado realizado positivo,TP,58.0,60,5,01:50,15602.5,BUY,C:\Users\k_99_\Desktop\codding\data_footprint_generator\trade_results_score\score_trade_result_2023-09-14_NY.csv,True,-199,-217,-233,-238,-290,17,-199,-181,-4.866497426246555,1.0,0.311418685121107,313,379,-3,-1.333333333333333,-1.0,-3,-1.333333333333333,-3,-233,28.0,-29.0,-1.0,-13.298839285714285,-3,-21,1,0,-1,140,5,3165,-63,-704,8050,-176,113,0.18,8,0,0,199.0,181.0,3.0,1.333333333333333,3.0,0.7915567282321899,66.33333333333333,0.525065963060686,1.2108626198083068,0.39028475711892796,0.6128755364806867,1.0,1.0,1,1.0,13.298839285714285,3.0,4,0.01507537688442211,46.43333333333333,88,1.4666666666666666,3,9,1.0,-0.03571428571428571,1.0,0,10.298839285714285,-2.0,-151.4,-1.0
2023-09-15,2023-09-15 13:32:54.037055900+00:00,discovery,D_BORN_BAD_MFE_LE_2,Perdedor con MFE <= 2 ticks,SL,-62.0,0,80,07:05,15587.5,BUY,C:\Users\k_99_\Desktop\codding\data_footprint_generator\trade_results_score\score_trade_result_2023-09-15_NY.csv,True,-189,-229,-257,-340,-484,6,-189,-149,-4.314764035518798,1.0,0.329787234042553,332,375,-4,-2.333333333333333,-1.6,-3,-1.333333333333333,-4,-257,15.0,-27.0,-12.0,-19.69163987138264,-20,-30,-16,-2,2,75,65,4380,-560,-2133,4524,232,-792,1.2,11,0,1,189.0,149.0,4.0,2.333333333333333,3.0,1.0666666666666667,47.25,0.504,1.1295180722891567,0.4532627865961199,0.7937743190661478,1.0,1.0,1,0.75,19.69163987138264,20.0,2,0.021164021164021163,28.349999999999998,174,2.9,4,9,1.0,-0.8,12.0,2,0.30836012861735895,-2.4,-121.0,-1.0
2023-09-19,2023-09-19 13:31:01.968702900+00:00,discovery,A_WINNER,Resultado realizado positivo,TP,58.0,60,0,01:04,15331.25,BUY,C:\Users\k_99_\Desktop\codding\data_footprint_generator\trade_results_score\score_trade_result_2023-09-19_NY.csv,True,-210,-305,-293,-347,-309,12,-210,-115,-3.574529898099804,1.0,0.351851851851852,382,438,-3,-2.0,-2.0,1,-0.666666666666667,-3,-293,16.0,-20.0,-4.0,-9.662417921977598,-8,-13,-5,-1,1,80,20,686,-314,-2016,4500,-114,-200,10.16,10,0,1,210.0,115.0,3.0,2.0,-1.0,0.684931506849315,70.0,0.4794520547945205,1.1465968586387434,0.4650793650793651,0.710580204778157,1.0,1.0,1,-0.3333333333333333,9.662417921977598,8.0,2,0.014285714285714285,49.0,61,1.0166666666666666,1,9,1.0,-0.25,4.0,1,1.6624179219775979,-1.0,-140.6,-1.0
2023-09-22,2023-09-22 13:35:54.074897+00:00,discovery,A_WINNER,Resultado realizado positivo,TP,28.0,45,0,00:39,14908.75,BUY,C:\Users\k_99_\Desktop\codding\data_footprint_generator\trade_results_score\score_trade_result_2023-09-22_NY.csv,True,-149,-160,-166,-184,-222,5,-149,-138,-4.910205659029591,1.0,0.113095238095238,140,187,-2,-0.666666666666667,-0.6,-2,-0.333333333333333,-2,-166,20.0,-26.0,-6.0,-12.230004611364452,-15,-17,-7,-2,1,100,30,3159,-523,1023,2261,-249,-274,0.55,11,0,1,149.0,138.0,2.0,0.666666666666667,2.0,1.0695187165775402,74.5,0.7967914438502673,1.3357142857142856,0.3713646532438479,0.6650602409638554,1.0,1.0,1,1.0,12.230004611364452,15.0,2,0.013422818791946308,59.6,354,5.9,4,9,1.0,-0.3,6.0,1,2.7699953886355484,-1.4,-112.2,1.0
2023-09-27,2023-09-27 13:31:02.979736900+00:00,discovery,A_WINNER,Resultado realizado positivo,TP,58.0,60,0,03:08,14777.5,SELL,C:\Users\k_99_\Desktop\codding\data_footprint_generator\trade_results_score\score_trade_result_2023-09-27_NY.csv,True,169,201,191,175,127,169,-41,137,4.687522524002715,1.0,5.970588235294118,178,237,2,1.666666666666667,0.8,-1,1.0,2,191,19.0,3.0,22.0,11.014050091631033,9,3,16,0,1,95,15,400,186,1396,4515,293,-107,5.03,10,1,0,169.0,137.0,2.0,1.666666666666667,-1.0,0.8438818565400844,84.5,0.7130801687763713,1.3314606741573034,0.3767258382642998,0.5497382198952879,1.0,1.0,1,-0.5,11.014050091631033,9.0,3,0.011834319526627219,67.60000000000001,62,1.0333333333333334,2,9,-1.0,1.1578947368421053,3.0,0,2.0140500916310327,-1.2,-134.0,-1.0
2023-10-02,2023-10-02 13:31:51.027298900+00:00,discovery,D_BORN_BAD_MFE_LE_2,Perdedor con MFE <= 2 ticks,SL,-62.0,0,60,01:30,14880.0,SELL,C:\Users\k_99_\Desktop\codding\data_footprint_generator\trade_results_score\score_trade_result_2023-10-02_NY.csv,True,164,177,205,225,210,164,-45,151,4.701480699951193,1.0,3.075949367088608,278,322,1,0.333333333333333,0.4,1,0.0,1,205,21.0,4.0,25.0,13.22880978865406,20,10,24,1,2,105,20,3889,459,-1962,5105,-259,718,0.39,9,3,0,164.0,151.0,1.0,0.333333333333333,1.0,0.3105590062111801,164.0,0.5093167701863354,1.158273381294964,0.4166666666666667,0.6585365853658537,1.0,1.0,1,1.0,13.22880978865406,20.0,2,0.006097560975609756,147.6,111,1.85,0,10,-1.0,1.1904761904761905,4.0,1,6.771190211345941,-0.6,-119.0,1.0
2023-10-05,2023-10-05 13:35:55.022804900+00:00,discovery,A_WINNER,Resultado realizado positivo,TP,58.0,60,15,00:39,14923.75,SELL,C:\Users\k_99_\Desktop\codding\data_footprint_generator\trade_results_score\score_trade_result_2023-10-05_NY.csv,True,227,228,230,212,232,227,-11,226,9.34760922636344,1.0,4.026666666666667,304,377,4,2.0,1.2,4,1.333333333333333,4,230,12.0,6.0,18.0,12.554101777340358,11,6,17,1,0,60,25,2422,244,-792,2255,31,213,0.45,11,2,0,227.0,226.0,4.0,2.0,4.0,1.0610079575596818,56.75,0.6021220159151194,1.2401315789473684,0.3377386196769457,0.5530434782608695,1.0,1.0,1,1.0,12.554101777340358,11.0,2,0.01762114537444934,34.05,355,5.916666666666667,3,10,-1.0,1.5,6.0,0,1.5541017773403585,-2.8,-184.6,1.0
2023-10-16,2023-10-16 13:31:03.000457+00:00,discovery,D_BORN_BAD_MFE_LE_2,Perdedor con MFE <= 2 ticks,SL,-62.0,0,60,00:40,15190.0,SELL,C:\Users\k_99_\Desktop\codding\data_footprint_generator\trade_results_score\score_trade_result_2023-10-16_NY.csv,True,130,151,225,231,196,130,-36,109,3.328807190842174,1.0,2.733333333333333,259,280,5,4.0,2.6,5,1.666666666666667,5,225,12.0,5.0,17.0,10.100570613409417,12,8,13,0,-1,60,25,651,231,-225,4968,212,19,8.33,10,2,0,130.0,109.0,5.0,4.0,5.0,1.7857142857142858,26.0,0.4642857142857143,1.0810810810810811,0.5769230769230769,0.616,1.0,1.0,1,1.0,10.100570613409417,12.0,2,0.038461538461538464,13.0,63,1.05,0,10,-1.0,1.4166666666666667,5.0,0,1.8994293865905831,-2.4,-83.8,1.0
2023-10-27,2023-10-27 13:33:30.058052900+00:00,discovery,A_WINNER,Resultado realizado positivo,TP,28.0,30,20,00:12,14345.0,SELL,C:\Users\k_99_\Desktop\codding\data_footprint_generator\trade_results_score\score_trade_result_2023-10-27_NY.csv,True,153,188,198,187,186,153,-25,118,3.391868580890122,0.990430622009569,4.0,196,255,2,1.666666666666667,1.4,2,0.666666666666667,2,198,26.0,4.0,30.0,12.375619366008,9,7,17,4,-1,130,20,2511,389,-1415,4222,8,381,0.67,11,2,0,153.0,118.0,2.0,1.666666666666667,2.0,0.7843137254901961,76.5,0.6,1.3010204081632653,0.43137254901960786,0.5666666666666667,1.0,1.0,1,1.0,12.375619366008,9.0,2,0.013071895424836602,61.2,210,3.5,4,10,-1.0,1.1538461538461537,4.0,1,3.3756193660079994,-0.6000000000000001,-115.6,1.0
2024-03-18,2024-03-18 13:31:21.991889+00:00,discovery,D_BORN_BAD_MFE_LE_2,Perdedor con MFE <= 2 ticks,SL,-62.0,0,60,00:33,18301.25,SELL,C:\Users\k_99_\Desktop\codding\data_footprint_generator\trade_results_score\score_trade_result_2024-03-18_NY.csv,True,186,212,260,301,309,186,-29,160,4.201618516123716,1.0,2.823529411764706,285,390,3,3.333333333333333,2.0,0,1.0,3,260,17.0,2.0,19.0,9.716696741322576,8,6,15,1,0,85,10,2628,242,2699,6795,507,-265,0.45,11,1,0,186.0,160.0,3.0,3.333333333333333,0.0,0.7692307692307693,62.0,0.47692307692307695,1.368421052631579,0.4659498207885305,0.6946153846153846,1.0,1.0,1,0.0,9.716696741322576,8.0,2,0.016129032258064516,43.4,81,1.35,0,3,-1.0,1.1176470588235294,2.0,0,1.7166967413225755,-1.0,-125.8,-1.0
2024-04-02,2024-04-02 13:33:59.056295900+00:00,discovery,A_WINNER,Resultado realizado positivo,TP,28.0,50,15,01:15,18265.0,BUY,C:\Users\k_99_\Desktop\codding\data_footprint_generator\trade_results_score\score_trade_result_2024-04-02_NY.csv,True,-174,-197,-208,-216,-240,12,-174,-151,-4.867735682187324,1.0,0.219730941704036,208,272,-3,-1.666666666666667,-1.2,-1,-0.666666666666667,-3,-208,19.0,-22.0,-3.0,-12.401075627052496,-15,-20,-10,-6,0,95,10,3221,-459,-3061,4022,96,-555,0.17,11,0,3,174.0,151.0,3.0,1.666666666666667,1.0,1.1029411764705883,58.0,0.6397058823529411,1.3076923076923077,0.39846743295019155,0.6230769230769231,1.0,1.0,1,0.3333333333333333,12.401075627052496,15.0,1,0.017241379310344827,40.599999999999994,239,3.9833333333333334,1,4,1.0,-0.15789473684210525,3.0,0,2.5989243729475042,-1.8,-130.8,-1.0
2024-04-03,2024-04-03 13:32:42.040148+00:00,discovery,A_WINNER,Resultado realizado positivo,TP,28.0,35,0,10:52,18268.75,SELL,C:\Users\k_99_\Desktop\codding\data_footprint_generator\trade_results_score\score_trade_result_2024-04-03_NY.csv,True,129,145,176,184,218,129,-11,113,3.803083039815396,1.0,3.263157894736842,175,243,4,1.333333333333333,0.8,5,1.0,4,176,16.0,7.0,23.0,10.956202262399692,13,6,14,1,-1,80,35,2213,155,-4265,3671,197,-42,0.83,9,3,0,129.0,113.0,4.0,1.333333333333333,5.0,1.646090534979424,32.25,0.5308641975308642,1.3885714285714286,0.45478036175710596,0.6272727272727273,1.0,1.0,1,1.25,10.956202262399692,13.0,2,0.031007751937984496,19.349999999999998,162,2.7,2,4,-1.0,1.4375,7.0,1,2.0437977376003076,-3.2,-92.2,1.0
2024-04-04,2024-04-04 13:35:01.015194+00:00,discovery,D_BORN_BAD_MFE_LE_2,Perdedor con MFE <= 2 ticks,SL,-62.0,0,60,02:24,18552.5,SELL,C:\Users\k_99_\Desktop\codding\data_footprint_generator\trade_results_score\score_trade_result_2024-04-04_NY.csv,True,316,310,314,323,324,316,-9,322,10.62350239733465,1.0,3.0,500,632,2,0.666666666666667,0.6,3,0.666666666666667,2,314,15.0,0.0,15.0,8.132175412663218,7,4,12,-2,0,75,5,638,312,2673,1912,248,64,4.93,11,3,0,316.0,322.0,2.0,0.666666666666667,3.0,0.31645569620253167,158.0,0.5,1.264,0.33122362869198313,0.6171974522292993,1.0,1.0,1,1.5,8.132175412663218,7.0,3,0.006329113924050633,126.4,301,5.016666666666667,3,4,-1.0,1.0,0.0,0,1.1321754126632175,-1.4,-251.4,-1.0
2024-04-05,2024-04-05 13:32:49.085073900+00:00,discovery,A_WINNER,Resultado realizado positivo,TP,28.0,30,5,00:21,18151.25,BUY,C:\Users\k_99_\Desktop\codding\data_footprint_generator\trade_results_score\score_trade_result_2024-04-05_NY.csv,True,-264,-275,-282,-314,-248,61,-264,-253,-9.075982321804844,1.0,0.197568389057751,387,394,-6,-2.666666666666667,-2.4,-4,-0.666666666666667,-6,-282,19.0,3.0,22.0,3.226740603820086,7,-4,19,2,1,95,0,3414,-118,139,4202,338,-456,0.0,9,0,0,264.0,253.0,6.0,2.666666666666667,4.0,1.5228426395939085,44.0,0.6700507614213198,1.0180878552971577,0.3560606060606061,0.6680851063829787,1.0,1.0,1,0.6666666666666666,-3.226740603820086,-7.0,3,0.022727272727272728,17.6,169,2.816666666666667,4,4,1.0,1.1578947368421053,3.0,1,3.773259396179914,-3.6,-201.2,1.0
2024-04-09,2024-04-09 13:33:43.005182900+00:00,discovery,D_BORN_BAD_MFE_LE_2,Perdedor con MFE <= 2 ticks,SL,-62.0,0,60,00:36,18378.75,BUY,C:\Users\k_99_\Desktop\codding\data_footprint_generator\trade_results_score\score_trade_result_2024-04-09_NY.csv,True,-163,-203,-220,-240,-331,5,-163,-123,-3.290273213607787,0.972972972972973,0.220095693779904,171,255,-3,-1.333333333333333,-1.2,-2,-0.333333333333333,-3,-220,18.0,-19.0,-1.0,-11.769953977646283,-13,-17,-8,-7,1,90,5,2760,-546,1460,2678,220,-766,0.12,8,0,3,163.0,123.0,3.0,1.333333333333333,2.0,1.1764705882352942,54.333333333333336,0.6392156862745098,1.4912280701754386,0.4498977505112474,0.6545454545454545,1.0,1.0,1,0.6666666666666666,11.769953977646283,13.0,1,0.018404907975460124,38.03333333333333,223,3.716666666666667,1,4,1.0,-0.05555555555555555,1.0,1,1.2300460223537169,-1.8,-115.0,1.0
2024-04-11,2024-04-11 13:31:58.001596+00:00,discovery,A_WINNER,Resultado realizado positivo,TP,28.0,30,20,00:27,18231.25,BUY,C:\Users\k_99_\Desktop\codding\data_footprint_generator\trade_results_score\score_trade_result_2024-04-11_NY.csv,True,-143,-179,-183,-164,-160,28,-143,-107,-3.237168870521373,0.991452991452991,0.270408163265306,229,249,-4,-2.333333333333333,-1.4,-1,-1.333333333333333,-4,-183,17.0,-35.0,-18.0,-19.298155339805824,-22,-34,-14,-2,0,85,90,4771,-543,-2666,5530,-302,-241,1.55,9,0,1,143.0,107.0,4.0,2.333333333333333,1.0,1.606425702811245,35.75,0.5742971887550201,1.0873362445414847,0.42657342657342656,0.5377049180327869,1.0,1.0,1,0.25,19.298155339805824,22.0,2,0.027972027972027972,21.45,118,1.9666666666666666,3,4,1.0,-1.0588235294117647,18.0,0,2.701844660194176,-2.6,-110.2,-1.0
2024-04-17,2024-04-17 13:35:03.057624+00:00,discovery,A_WINNER,Resultado realizado positivo,TP,58.0,60,30,00:51,17922.5,BUY,C:\Users\k_99_\Desktop\codding\data_footprint_generator\trade_results_score\score_trade_result_2024-04-17_NY.csv,True,-150,-157,-175,-225,-254,8,-150,-143,-4.938328246236627,0.996666666666667,0.238578680203046,220,244,-4,-1.666666666666667,-1.2,-4,-1.0,-4,-175,24.0,-30.0,-6.0,-13.566968377635195,-10,-19,-7,0,1,120,25,418,-176,368,2473,-227,51,8.18,8,0,1,150.0,143.0,4.0,1.666666666666667,4.0,1.639344262295082,37.5,0.6147540983606558,1.1090909090909091,0.3888888888888889,0.7714285714285715,1.0,1.0,1,1.0,13.566968377635195,10.0,2,0.02666666666666667,22.5,303,5.05,2,4,1.0,-0.25,6.0,0,3.5669683776351953,-2.8,-105.0,1.0
2024-04-18,2024-04-18 13:31:10.020510+00:00,discovery,D_BORN_BAD_MFE_LE_2,Perdedor con MFE <= 2 ticks,SL,-62.0,0,60,00:38,17660.0,BUY,C:\Users\k_99_\Desktop\codding\data_footprint_generator\trade_results_score\score_trade_result_2024-04-18_NY.csv,True,-155,-161,-188,-185,-239,8,-155,-149,-4.365548181392705,1.0,0.356846473029046,280,327,-3,-2.0,-1.6,-3,-0.666666666666667,-3,-188,14.0,-15.0,-1.0,-7.287883211678832,-10,-10,-2,-7,2,70,5,963,-239,-1344,5888,36,-275,0.5,10,0,1,155.0,149.0,3.0,2.0,3.0,0.9174311926605505,51.666666666666664,0.4740061162079511,1.167857142857143,0.4043010752688172,0.5904255319148937,1.0,1.0,1,1.0,7.287883211678832,10.0,2,0.01935483870967742,36.166666666666664,70,1.1666666666666667,3,4,1.0,-0.07142857142857142,1.0,2,2.7121167883211683,-1.4,-118.0,-1.0
2024-04-23,2024-04-23 13:31:46.013628900+00:00,discovery,D_BORN_BAD_MFE_LE_2,Perdedor con MFE <= 2 ticks,SL,-62.0,0,60,00:21,17445.0,SELL,C:\Users\k_99_\Desktop\codding\data_footprint_generator\trade_results_score\score_trade_result_2024-04-23_NY.csv,True,155,209,199,183,200,155,-18,101,2.769154563912499,0.980952380952381,4.69047619047619,203,239,4,1.666666666666667,0.8,3,1.666666666666667,4,199,19.0,4.0,23.0,11.726092896174864,5,4,15,2,0,95,20,3671,421,968,6579,59,362,0.43,11,1,0,155.0,101.0,4.0,1.666666666666667,3.0,1.6736401673640167,38.75,0.6485355648535565,1.1773399014778325,0.42795698924731185,0.5517587939698493,1.0,1.0,1,0.75,11.726092896174864,5.0,3,0.025806451612903226,23.25,106,1.7666666666666666,1,4,-1.0,1.2105263157894737,4.0,0,6.726092896174864,-3.2,-118.4,-1.0
2024-04-26,2024-04-26 13:31:51.971715+00:00,discovery,A_WINNER,Resultado realizado positivo,TP,58.0,60,25,01:15,17675.0,BUY,C:\Users\k_99_\Desktop\codding\data_footprint_generator\trade_results_score\score_trade_result_2024-04-26_NY.csv,True,-173,-159,-154,-127,-232,20,-173,-187,-6.113225358863536,1.0,0.30241935483871,268,323,-6,-1.666666666666667,-0.8,-5,-2.666666666666667,-6,-154,15.0,-25.0,-10.0,-14.001248699271592,-11,-19,-10,0,1,75,50,4306,-206,1001,5304,-122,-84,0.96,11,0,1,173.0,187.0,6.0,1.666666666666667,5.0,1.8575851393188854,28.833333333333332,0.5356037151702786,1.205223880597015,0.29672447013487474,0.4948051948051948,1.0,1.0,1,0.8333333333333334,14.001248699271592,11.0,2,0.03468208092485549,11.533333333333333,111,1.85,4,4,1.0,-0.6666666666666666,10.0,0,3.001248699271592,-5.2,-147.6,1.0
2024-05-02,2024-05-02 13:31:13.075808+00:00,discovery,D_BORN_BAD_MFE_LE_2,Perdedor con MFE <= 2 ticks,SL,-62.0,0,60,00:19,17571.25,BUY,C:\Users\k_99_\Desktop\codding\data_footprint_generator\trade_results_score\score_trade_result_2024-05-02_NY.csv,True,-254,-251,-243,-246,-277,41,-254,-257,-6.842329042958531,1.0,0.250737463126844,295,424,-3,-1.666666666666667,-0.8,0,-1.0,-3,-243,22.0,-25.0,-3.0,-10.312539067383424,-10,-13,-3,1,0,110,15,1722,-336,637,6283,183,-519,1.15,11,0,1,254.0,257.0,3.0,1.666666666666667,-0.0,0.7075471698113207,84.66666666666667,0.5990566037735849,1.4372881355932203,0.3188976377952756,0.6074074074074074,1.0,1.0,1,-0.0,10.312539067383424,10.0,3,0.011811023622047244,59.266666666666666,73,1.2166666666666666,3,5,1.0,-0.13636363636363635,3.0,0,0.3125390673834243,-2.2,-204.8,1.0
2024-05-03,2024-05-03 13:31:57.993166+00:00,discovery,C_LOSER_MFE_3_TO_30,Perdedor con 2 < MFE <= 30 ticks,SL,-62.0,5,60,01:46,17937.5,BUY,C:\Users\k_99_\Desktop\codding\data_footprint_generator\trade_results_score\score_trade_result_2024-05-03_NY.csv,True,-191,-207,-211,-213,-161,36,-191,-175,-5.639325396882412,1.0,0.183760683760684,233,277,-4,-1.0,-1.0,-6,-0.666666666666667,-4,-211,15.0,-23.0,-8.0,-11.379914257046428,-13,-18,-9,0,1,75,40,4363,-341,1764,6600,-398,57,0.69,9,0,2,191.0,175.0,4.0,1.0,6.0,1.444043321299639,47.75,0.6895306859205776,1.1888412017167382,0.3682373472949389,0.6056872037914692,1.0,1.0,1,1.5,11.379914257046428,13.0,2,0.020942408376963352,28.65,117,1.95,4,5,1.0,-0.5333333333333333,8.0,0,1.620085742953572,-3.0,-148.4,1.0
2024-05-06,2024-05-06 13:31:00.982246900+00:00,discovery,A_WINNER,Resultado realizado positivo,TP,58.0,60,0,03:10,18047.5,BUY,C:\Users\k_99_\Desktop\codding\data_footprint_generator\trade_results_score\score_trade_result_2024-05-06_NY.csv,True,-186,-184,-200,-207,-195,32,-186,-188,-6.933675585872409,1.0,0.290076335877863,261,338,-3,-1.333333333333333,-1.0,-3,-1.0,-3,-200,21.0,-24.0,-3.0,-10.296379245987309,-9,-15,-3,-1,1,105,15,346,-178,1915,5019,-341,163,15.27,8,0,1,186.0,188.0,3.0,1.333333333333333,3.0,0.8875739644970414,62.0,0.5502958579881657,1.2950191570881227,0.35842293906810035,0.621,1.0,1.0,1,1.0,10.296379245987309,9.0,3,0.016129032258064516,43.4,60,1.0,0,5,1.0,-0.14285714285714285,3.0,1,1.2963792459873087,-2.0,-144.6,1.0
2024-05-10,2024-05-10 13:34:21.121966900+00:00,discovery,D_BORN_BAD_MFE_LE_2,Perdedor con MFE <= 2 ticks,SL,-62.0,0,60,00:39,18301.25,SELL,C:\Users\k_99_\Desktop\codding\data_footprint_generator\trade_results_score\score_trade_result_2024-05-10_NY.csv,True,183,178,186,207,203,183,-8,188,7.232189829700328,1.0,6.083333333333333,184,255,2,1.0,0.6,2,0.666666666666667,2,186,15.0,20.0,35.0,17.64154267815192,8,0,26,2,0,75,25,1210,380,1286,2183,145,235,1.18,11,2,0,183.0,188.0,2.0,1.0,2.0,0.7843137254901961,91.5,0.7176470588235294,1.3858695652173914,0.33879781420765026,0.667741935483871,1.0,1.0,1,1.0,17.64154267815192,8.0,3,0.01092896174863388,73.2,261,4.35,4,5,-1.0,2.3333333333333335,20.0,0,9.641542678151922,-1.4,-141.6,-1.0
2024-05-20,2024-05-20 13:32:21.045704+00:00,discovery,D_BORN_BAD_MFE_LE_2,Perdedor con MFE <= 2 ticks,SL,-62.0,0,60,01:21,18661.25,SELL,C:\Users\k_99_\Desktop\codding\data_footprint_generator\trade_results_score\score_trade_result_2024-05-20_NY.csv,True,117,116,213,254,266,117,-16,118,4.078697443547872,1.0,3.25,206,221,2,1.666666666666667,1.0,2,1.0,2,213,9.0,11.0,20.0,12.208651932544257,15,10,19,0,1,45,30,1679,257,-210,3322,526,-269,1.43,9,2,0,117.0,118.0,2.0,1.666666666666667,2.0,0.9049773755656109,58.5,0.5294117647058824,1.0728155339805825,0.6068376068376068,0.7154929577464789,1.0,1.0,1,1.0,12.208651932544257,15.0,2,0.017094017094017096,46.800000000000004,141,2.35,0,5,-1.0,2.2222222222222223,11.0,0,2.7913480674557434,-1.0,-66.2,1.0
2024-05-28,2024-05-28 13:31:43.016359900+00:00,discovery,A_WINNER,Resultado realizado positivo,TP,58.0,60,5,01:03,18936.25,SELL,C:\Users\k_99_\Desktop\codding\data_footprint_generator\trade_results_score\score_trade_result_2024-05-28_NY.csv,True,123,169,189,197,381,123,3,77,2.625166847913332,0.96078431372549,2.64,255,273,2,1.333333333333333,0.8,0,0.666666666666667,2,189,9.0,9.0,18.0,11.416576527852891,13,11,16,1,0,45,40,3038,468,812,4362,224,244,0.93,11,3,0,123.0,77.0,2.0,1.333333333333333,0.0,0.7326007326007326,61.5,0.45054945054945056,1.0705882352941176,0.5121951219512195,0.6253968253968254,1.0,1.0,1,0.0,11.416576527852891,13.0,2,0.016260162601626018,49.2,103,1.7166666666666666,1,5,-1.0,2.0,9.0,0,1.5834234721471088,-1.2,-83.6,-1.0
2024-06-03,2024-06-03 13:31:14.064275+00:00,discovery,C_LOSER_MFE_3_TO_30,Perdedor con 2 < MFE <= 30 ticks,SL,-62.0,20,60,01:11,18708.75,SELL,C:\Users\k_99_\Desktop\codding\data_footprint_generator\trade_results_score\score_trade_result_2024-06-03_NY.csv,True,242,233,250,378,321,242,-61,251,6.996983260307945,1.0,3.813953488372093,207,414,-1,-1.0,0.6,1,-2.0,-1,250,16.0,-10.0,6.0,-1.891949757350842,0,-6,5,0,2,80,0,1923,289,1691,5084,-284,573,0.0,8,2,1,242.0,251.0,-1.0,-1.0,1.0,0.24154589371980675,242.0,0.5845410628019324,2.0,0.3443526170798898,0.9072,1.0,0.3333333333333333,-1,1.0,-1.891949757350842,0.0,3,-0.004132231404958678,217.8,74,1.2333333333333334,0,6,-1.0,0.375,6.0,0,1.891949757350842,1.6,-166.4,-1.0
2024-06-05,2024-06-05 13:35:48.054540900+00:00,discovery,A_WINNER,Resultado realizado positivo,TP,28.0,30,5,01:31,18817.5,BUY,C:\Users\k_99_\Desktop\codding\data_footprint_generator\trade_results_score\score_trade_result_2024-06-05_NY.csv,True,-263,-307,-322,-316,-338,9,-263,-219,-7.625650981202437,1.0,0.195718654434251,319,391,-4,-2.0,-1.2,-3,-1.333333333333333,-4,-322,24.0,-29.0,-5.0,-14.265256530623516,-14,-20,-10,-2,0,120,25,2055,-413,1518,1698,26,-439,0.52,9,0,2,263.0,219.0,4.0,2.0,3.0,1.0230179028132993,65.75,0.6726342710997443,1.225705329153605,0.40811153358681873,0.5888198757763975,1.0,1.0,1,0.75,14.265256530623516,14.0,2,0.015209125475285171,39.449999999999996,348,5.8,2,6,1.0,-0.20833333333333334,5.0,0,0.26525653062351573,-2.8,-199.8,1.0
2024-06-06,2024-06-06 13:34:14.079319+00:00,discovery,A_WINNER,Resultado realizado positivo,TP,28.0,45,0,01:03,19107.5,SELL,C:\Users\k_99_\Desktop\codding\data_footprint_generator\trade_results_score\score_trade_result_2024-06-06_NY.csv,True,121,148,161,178,177,121,-9,94,3.455518124608277,0.992094861660079,6.041666666666667,160,169,2,1.0,1.0,2,0.0,2,161,14.0,2.0,16.0,6.597884000608921,8,4,14,1,-1,70,10,548,162,1557,2287,-227,389,0.71,9,0,0,121.0,94.0,2.0,1.0,2.0,1.183431952662722,60.5,0.7159763313609467,1.05625,0.44352617079889806,0.6633540372670808,1.0,1.0,1,1.0,6.597884000608921,8.0,3,0.01652892561983471,48.400000000000006,254,4.233333333333333,3,6,-1.0,1.1428571428571428,2.0,1,1.4021159993910786,-1.0,-85.4,-1.0
2024-06-10,2024-06-10 13:34:22.116406900+00:00,discovery,A_WINNER,Resultado realizado positivo,TP,58.0,60,15,10:26,19012.5,SELL,C:\Users\k_99_\Desktop\codding\data_footprint_generator\trade_results_score\score_trade_result_2024-06-10_NY.csv,True,164,195,240,257,271,164,-10,133,5.469935231691421,1.0,4.48936170212766,177,258,2,1.333333333333333,1.2,1,0.333333333333333,2,240,12.0,13.0,25.0,14.943342439719682,8,6,20,0,1,60,35,1400,292,-705,2883,65,227,1.58,11,2,0,164.0,133.0,2.0,1.333333333333333,1.0,0.7751937984496124,82.0,0.6356589147286822,1.4576271186440677,0.4878048780487805,0.6425,1.0,1.0,1,0.5,14.943342439719682,8.0,2,0.012195121951219513,65.60000000000001,262,4.366666666666666,0,6,-1.0,2.0833333333333335,13.0,0,6.943342439719682,-0.8,-112.6,1.0
2024-06-11,2024-06-11 13:33:51.059816+00:00,discovery,A_WINNER,Resultado realizado positivo,TP,58.0,60,0,06:08,19073.75,SELL,C:\Users\k_99_\Desktop\codding\data_footprint_generator\trade_results_score\score_trade_result_2024-06-11_NY.csv,True,262,282,288,290,276,262,-9,242,10.119498657595736,1.0,3.339285714285714,436,486,5,2.0,1.2,5,1.666666666666667,5,288,10.0,6.0,16.0,10.307518927353637,8,5,12,8,0,50,30,2855,423,619,4451,413,10,0.59,11,1,0,262.0,242.0,5.0,2.0,5.0,1.02880658436214,52.4,0.5390946502057613,1.114678899082569,0.366412213740458,0.6041666666666666,1.0,1.0,1,1.0,10.307518927353637,8.0,1,0.019083969465648856,26.2,231,3.85,1,6,-1.0,1.6,6.0,0,2.3075189273536374,-3.8,-204.0,-1.0
2024-06-13,2024-06-13 13:32:10.102990900+00:00,discovery,A_WINNER,Resultado realizado positivo,TP,28.0,40,0,01:52,19647.5,SELL,C:\Users\k_99_\Desktop\codding\data_footprint_generator\trade_results_score\score_trade_result_2024-06-13_NY.csv,True,136,139,150,163,286,136,-2,133,6.125635571723989,1.0,4.317073170731707,164,218,3,1.0,0.8,2,1.0,3,150,12.0,3.0,15.0,8.213216821409066,8,5,10,1,0,60,10,770,284,1839,3326,108,176,0.99,10,1,0,136.0,133.0,3.0,1.0,2.0,1.3761467889908257,45.333333333333336,0.6238532110091743,1.329268292682927,0.36764705882352944,0.652,1.0,1.0,1,0.6666666666666666,8.213216821409066,8.0,2,0.022058823529411766,31.733333333333334,130,2.1666666666666665,3,6,-1.0,1.25,3.0,0,0.21321682140906617,-2.2,-103.4,-1.0
2024-06-14,2024-06-14 13:36:45.081257900+00:00,discovery,D_BORN_BAD_MFE_LE_2,Perdedor con MFE <= 2 ticks,SL,-62.0,0,60,03:18,19586.25,SELL,C:\Users\k_99_\Desktop\codding\data_footprint_generator\trade_results_score\score_trade_result_2024-06-14_NY.csv,True,148,160,171,181,175,148,-27,136,7.150422689069443,1.0,7.166666666666667,158,196,1,0.666666666666667,0.6,0,0.0,1,171,8.0,2.0,10.0,8.045896538311942,5,2,9,5,-1,40,15,1655,207,553,2333,-115,322,0.33,10,0,0,148.0,136.0,1.0,0.666666666666667,0.0,0.5102040816326531,148.0,0.7551020408163265,1.240506329113924,0.38513513513513514,0.6350877192982456,1.0,1.0,1,0.0,8.045896538311942,5.0,2,0.006756756756756757,133.20000000000002,405,6.75,4,6,-1.0,1.25,2.0,1,3.0458965383119416,-0.4,-111.8,-1.0
2024-07-08,2024-07-08 13:32:24.047106900+00:00,discovery,A_WINNER,Resultado realizado positivo,TP,58.0,60,0,02:16,20642.5,SELL,C:\Users\k_99_\Desktop\codding\data_footprint_generator\trade_results_score\score_trade_result_2024-07-08_NY.csv,True,141,190,202,207,414,141,-4,92,3.268840801598923,1.0,2.658823529411765,288,311,3,1.666666666666667,1.2,1,0.666666666666667,3,202,15.0,4.0,19.0,12.905668252775692,15,10,17,0,1,75,20,2285,499,2574,3791,-29,528,0.83,11,2,0,141.0,92.0,3.0,1.666666666666667,1.0,0.9646302250803859,47.0,0.4533762057877814,1.0798611111111112,0.47754137115839246,0.6148514851485148,1.0,1.0,1,0.3333333333333333,12.905668252775692,15.0,2,0.02127659574468085,32.9,144,2.4,0,7,-1.0,1.2666666666666666,4.0,0,2.0943317472243077,-1.8,-99.6,-1.0
2024-07-12,2024-07-12 13:31:01.997764900+00:00,discovery,A_WINNER,Resultado realizado positivo,TP,58.0,60,10,00:33,20468.75,SELL,C:\Users\k_99_\Desktop\codding\data_footprint_generator\trade_results_score\score_trade_result_2024-07-12_NY.csv,True,168,179,184,170,279,168,-21,157,4.031240352436148,1.0,2.460869565217391,351,398,6,2.666666666666667,1.6,5,2.0,6,184,25.0,6.0,31.0,20.03768577494692,24,17,31,-1,1,125,30,553,181,118,5104,298,-117,15.02,9,0,0,168.0,157.0,6.0,2.666666666666667,5.0,1.5075376884422111,28.0,0.4221105527638191,1.1339031339031338,0.36507936507936506,0.5543478260869565,1.0,1.0,1,0.8333333333333334,20.03768577494692,24.0,2,0.03571428571428571,11.200000000000001,61,1.0166666666666666,4,7,-1.0,1.24,6.0,1,3.962314225053081,-4.4,-134.0,-1.0
2024-07-15,2024-07-15 13:33:22.030393+00:00,discovery,A_WINNER,Resultado realizado positivo,TP,58.0,60,15,02:16,20630.0,SELL,C:\Users\k_99_\Desktop\codding\data_footprint_generator\trade_results_score\score_trade_result_2024-07-15_NY.csv,True,141,142,156,221,287,141,-2,140,5.354655022680351,1.0,4.810810810810811,186,215,4,1.666666666666667,1.6,4,0.666666666666667,4,156,13.0,5.0,18.0,10.848279107286904,16,6,16,0,1,65,25,1671,373,1423,3852,14,359,1.13,11,1,0,141.0,140.0,4.0,1.666666666666667,4.0,1.8604651162790697,35.25,0.6558139534883721,1.1559139784946237,0.36879432624113473,0.85,1.0,1.0,1,1.0,10.848279107286904,16.0,2,0.028368794326241134,21.15,202,3.3666666666666667,0,7,-1.0,1.3846153846153846,5.0,0,5.1517208927130955,-2.4,-96.8,-1.0
2024-07-16,2024-07-16 13:32:13.083597900+00:00,discovery,A_WINNER,Resultado realizado positivo,TP,58.0,60,0,00:41,20660.0,SELL,C:\Users\k_99_\Desktop\codding\data_footprint_generator\trade_results_score\score_trade_result_2024-07-16_NY.csv,True,220,237,257,308,300,220,-15,203,7.022023709586822,1.0,4.928571428571429,285,332,3,2.0,2.0,1,0.666666666666667,3,257,18.0,2.0,20.0,13.864148750726322,16,12,21,-1,2,90,10,1086,364,1169,3147,27,337,0.76,11,1,0,220.0,203.0,3.0,2.0,1.0,0.9036144578313253,73.33333333333333,0.6626506024096386,1.1649122807017545,0.3893939393939394,0.7190661478599222,1.0,1.0,1,0.3333333333333333,13.864148750726322,16.0,2,0.013636363636363636,51.33333333333333,133,2.216666666666667,1,7,-1.0,1.1111111111111112,2.0,1,2.135851249273678,-1.0,-158.4,-1.0
2024-07-18,2024-07-18 13:31:55.992873+00:00,discovery,C_LOSER_MFE_3_TO_30,Perdedor con 2 < MFE <= 30 ticks,SL,-62.0,15,60,00:24,20112.5,BUY,C:\Users\k_99_\Desktop\codding\data_footprint_generator\trade_results_score\score_trade_result_2024-07-18_NY.csv,True,-220,-236,-236,-239,-285,20,-220,-204,-7.378712958847311,1.0,0.228070175438596,181,350,0,-0.333333333333333,0.0,0,0.666666666666667,0,-236,25.0,-30.0,-5.0,-12.271084337349398,-9,-18,-5,0,1,125,25,4151,-335,-1227,6482,-152,-183,0.45,9,0,1,220.0,204.0,-0.0,0.333333333333333,-0.0,0.0,880.0,0.6285714285714286,1.9337016574585635,0.3575757575757576,0.6076271186440678,1.0,0.3333333333333333,0,-0.0,12.271084337349398,9.0,2,-0.0,880.0,115,1.9166666666666667,3,7,1.0,-0.2,5.0,0,3.2710843373493983,0.0,-172.2,-1.0
2024-07-22,2024-07-22 13:31:56.960902+00:00,discovery,A_WINNER,Resultado realizado positivo,TP,58.0,60,10,00:32,19900.0,BUY,C:\Users\k_99_\Desktop\codding\data_footprint_generator\trade_results_score\score_trade_result_2024-07-22_NY.csv,True,-175,-188,-193,-193,-200,20,-175,-162,-5.361112752851035,1.0,0.245689655172414,257,289,-5,-3.0,-1.8,-3,-1.666666666666667,-5,-193,40.0,-48.0,-8.0,-18.208481282337424,-12,-22,-5,0,1,200,40,3981,-495,-44,5882,-256,-239,0.7,8,0,1,175.0,162.0,5.0,3.0,3.0,1.7301038062283738,35.0,0.6055363321799307,1.1245136186770428,0.3676190476190476,0.6,1.0,1.0,1,0.6,18.208481282337424,12.0,2,0.02857142857142857,17.5,116,1.9333333333333333,0,7,1.0,-0.2,8.0,0,6.208481282337424,-3.2,-136.4,-1.0
2024-07-26,2024-07-26 13:33:47.011124+00:00,discovery,D_BORN_BAD_MFE_LE_2,Perdedor con MFE <= 2 ticks,SL,-62.0,0,60,00:21,19118.75,BUY,C:\Users\k_99_\Desktop\codding\data_footprint_generator\trade_results_score\score_trade_result_2024-07-26_NY.csv,True,-126,-158,-169,-169,-175,14,-126,-94,-3.258607181570375,0.991150442477876,0.165562913907285,125,176,-5,-3.0,-2.2,-3,-1.333333333333333,-5,-169,37.0,-38.0,-1.0,-15.083402889245585,-16,-21,-4,0,1,185,5,2403,-323,1942,3420,244,-567,0.11,8,0,0,126.0,94.0,5.0,3.0,3.0,2.840909090909091,25.2,0.7159090909090909,1.408,0.4470899470899471,0.6,1.0,1.0,1,0.6,15.083402889245585,16.0,3,0.03968253968253968,12.6,227,3.783333333333333,4,7,1.0,-0.02702702702702703,1.0,0,0.9165971107544149,-2.8,-92.2,1.0
2024-07-30,2024-07-30 13:36:39.039649+00:00,discovery,A_WINNER,Resultado realizado positivo,TP,28.0,30,5,00:28,19301.25,SELL,C:\Users\k_99_\Desktop\codding\data_footprint_generator\trade_results_score\score_trade_result_2024-07-30_NY.csv,True,123,139,152,152,176,123,-6,107,4.080113762674797,0.996666666666667,4.514285714285714,160,193,2,1.666666666666667,0.8,2,1.0,2,152,30.0,6.0,36.0,14.191833123806864,8,5,20,3,-1,150,20,2519,85,2300,2254,170,-85,0.51,11,2,0,123.0,107.0,2.0,1.666666666666667,2.0,1.0362694300518134,61.5,0.6373056994818653,1.20625,0.41192411924119243,0.6,1.0,1.0,1,1.0,14.191833123806864,8.0,2,0.016260162601626018,49.2,399,6.65,1,7,-1.0,1.2,6.0,1,6.191833123806864,-1.2,-92.6,-1.0
2024-08-08,2024-08-08 13:37:54.056899+00:00,discovery,A_WINNER,Resultado realizado positivo,TP,58.0,60,0,02:06,18165.0,BUY,C:\Users\k_99_\Desktop\codding\data_footprint_generator\trade_results_score\score_trade_result_2024-08-08_NY.csv,True,-171,-166,-171,-196,-176,35,-171,-176,-8.544019385727433,1.0,0.226244343891403,228,271,-12,-4.333333333333333,-3.0,-11,-4.333333333333333,-12,-171,32.0,-63.0,-31.0,-33.23350458345925,-38,-44,-17,-1,0,160,155,2495,-427,-1298,1849,13,-440,2.87,8,0,0,171.0,176.0,12.0,4.333333333333333,11.0,4.428044280442805,14.25,0.6309963099630996,1.1885964912280702,0.3333333333333333,0.6877192982456141,1.0,1.0,1,0.9166666666666666,33.23350458345925,38.0,2,0.07017543859649122,0.0,474,7.9,3,8,1.0,-0.96875,31.0,0,4.766495416540749,-9.0,-131.8,-1.0
2024-08-13,2024-08-13 13:31:27.059386+00:00,validation,D_BORN_BAD_MFE_LE_2,Perdedor con MFE <= 2 ticks,SL,-62.0,0,60,00:41,18851.25,SELL,C:\Users\k_99_\Desktop\codding\data_footprint_generator\trade_results_score\score_trade_result_2024-08-13_NY.csv,True,182,188,197,194,215,182,-13,176,7.166396809919765,1.0,4.433962264150943,213,288,5,2.666666666666667,1.6,2,2.0,5,197,23.0,5.0,28.0,15.284381778741865,10,6,22,1,0,115,25,1187,181,1376,3426,146,35,0.92,11,1,0,182.0,176.0,5.0,2.666666666666667,2.0,1.7361111111111112,36.4,0.6319444444444444,1.352112676056338,0.3608058608058608,0.5908629441624366,1.0,1.0,1,0.4,15.284381778741865,10.0,2,0.027472527472527472,18.2,87,1.45,1,8,-1.0,1.2173913043478262,5.0,0,5.284381778741865,-3.4,-143.2,-1.0
2024-08-14,2024-08-14 13:33:53.036680900+00:00,validation,A_WINNER,Resultado realizado positivo,TP,58.0,60,0,00:13,19117.5,BUY,C:\Users\k_99_\Desktop\codding\data_footprint_generator\trade_results_score\score_trade_result_2024-08-14_NY.csv,True,-143,-140,-167,-207,-208,12,-143,-146,-6.19874722142693,1.0,0.182857142857143,151,207,-6,-3.0,-2.0,-6,-1.333333333333333,-6,-167,30.0,-39.0,-9.0,-26.60781044317683,-38,-45,-20,-1,1,150,45,2185,-331,828,2510,-180,-151,0.85,8,0,0,143.0,146.0,6.0,3.0,6.0,2.898550724637681,23.833333333333332,0.6908212560386473,1.3708609271523178,0.38927738927738925,0.7437125748502994,1.0,1.0,1,1.0,26.60781044317683,38.0,2,0.04195804195804196,9.533333333333333,233,3.8833333333333333,2,8,1.0,-0.3,9.0,1,11.392189556823169,-4.0,-101.6,1.0
2024-08-15,2024-08-15 13:32:01.032704900+00:00,validation,A_WINNER,Resultado realizado positivo,TP,58.0,60,30,00:32,19375.0,SELL,C:\Users\k_99_\Desktop\codding\data_footprint_generator\trade_results_score\score_trade_result_2024-08-15_NY.csv,True,228,245,270,286,344,228,-12,211,6.906258603785838,1.0,3.505494505494505,353,410,5,2.666666666666667,2.0,5,1.666666666666667,5,270,18.0,6.0,24.0,14.44808510638298,20,11,21,1,0,90,35,422,238,2732,2841,-107,345,33.89,10,1,0,228.0,211.0,5.0,2.666666666666667,5.0,1.2195121951219512,45.6,0.5560975609756098,1.161473087818697,0.39473684210526316,0.6355555555555555,1.0,1.0,1,1.0,14.44808510638298,20.0,2,0.021929824561403508,22.8,121,2.0166666666666666,3,8,-1.0,1.3333333333333333,6.0,0,5.55191489361702,-3.0,-170.8,-1.0
2024-08-20,2024-08-20 13:33:08.062226900+00:00,validation,D_BORN_BAD_MFE_LE_2,Perdedor con MFE <= 2 ticks,SL,-62.0,0,60,04:01,19851.25,SELL,C:\Users\k_99_\Desktop\codding\data_footprint_generator\trade_results_score\score_trade_result_2024-08-20_NY.csv,True,106,126,180,195,230,106,-14,86,3.563298783711191,0.989304812834225,8.571428571428571,86,134,2,1.333333333333333,0.8,2,0.333333333333333,2,180,16.0,11.0,27.0,12.839233038348084,8,1,20,1,0,80,35,525,199,175,2355,47,152,4.34,8,1,0,106.0,86.0,2.0,1.333333333333333,2.0,1.492537313432836,53.0,0.7910447761194029,1.558139534883721,0.5660377358490566,0.65,1.0,1.0,1,1.0,12.839233038348084,8.0,3,0.018867924528301886,42.400000000000006,188,3.1333333333333333,1,8,-1.0,1.6875,11.0,0,4.839233038348084,-1.2,-67.0,-1.0
2024-08-29,2024-08-29 13:31:34.053892+00:00,validation,D_BORN_BAD_MFE_LE_2,Perdedor con MFE <= 2 ticks,SL,-62.0,0,60,00:14,19520.0,SELL,C:\Users\k_99_\Desktop\codding\data_footprint_generator\trade_results_score\score_trade_result_2024-08-29_NY.csv,True,207,178,183,208,262,207,-29,236,8.96513933107542,1.0,4.0,304,345,8,3.0,3.0,8,1.333333333333333,8,183,25.0,8.0,33.0,21.559853549824897,27,18,30,0,2,125,40,2164,316,870,4127,-135,451,1.17,10,0,0,207.0,236.0,8.0,3.0,8.0,2.318840579710145,25.875,0.6,1.1348684210526316,0.2946859903381642,0.6819672131147541,1.0,1.0,1,1.0,21.559853549824897,27.0,2,0.03864734299516908,5.174999999999999,94,1.5666666666666667,3,8,-1.0,1.32,8.0,0,5.440146450175103,-5.0,-165.4,-1.0
2024-09-03,2024-09-03 13:31:01.054393900+00:00,validation,A_WINNER,Resultado realizado positivo,TP,58.0,60,40,00:40,19436.25,BUY,C:\Users\k_99_\Desktop\codding\data_footprint_generator\trade_results_score\score_trade_result_2024-09-03_NY.csv,True,-253,-240,-252,-259,-324,13,-253,-266,-8.789636815475852,1.0,0.318059299191375,438,489,-14,-5.0,-2.8,-15,-5.0,-14,-252,27.0,-38.0,-11.0,-23.71583383503913,-34,-37,-18,0,1,135,55,530,-278,-1176,4493,-261,-17,52.16,8,0,0,253.0,266.0,14.0,5.0,15.0,2.8629856850715747,18.071428571428573,0.5173824130879345,1.1164383561643836,0.33201581027667987,0.6166666666666667,1.0,1.0,1,1.0714285714285714,23.71583383503913,34.0,2,0.05533596837944664,0.0,61,1.0166666666666666,1,9,1.0,-0.4074074074074074,11.0,0,10.284166164960869,-11.2,-201.2,-1.0
2024-09-16,2024-09-16 13:32:07.999488+00:00,validation,D_BORN_BAD_MFE_LE_2,Perdedor con MFE <= 2 ticks,SL,-62.0,0,60,01:02,19628.75,BUY,C:\Users\k_99_\Desktop\codding\data_footprint_generator\trade_results_score\score_trade_result_2024-09-16_NY.csv,True,-119,-142,-151,-161,-176,12,-119,-96,-5.074642008011788,1.0,0.37037037037037,236,259,-8,-4.333333333333333,-2.2,-4,-2.666666666666667,-8,-151,29.0,-38.0,-9.0,-19.132808488790005,-15,-24,-11,-1,1,145,45,550,-180,-926,1963,-31,-149,5.63,8,0,0,119.0,96.0,8.0,4.333333333333333,4.0,3.088803088803089,14.875,0.4594594594594595,1.097457627118644,0.42296918767507,0.6397350993377483,1.0,1.0,1,0.5,19.132808488790005,15.0,2,0.06722689075630252,2.974999999999999,127,2.1166666666666667,0,9,1.0,-0.3103448275862069,9.0,1,4.132808488790005,-5.8,-86.8,-1.0
2024-09-24,2024-09-24 13:32:21.057134+00:00,validation,A_WINNER,Resultado realizado positivo,TP,28.0,30,0,00:46,20112.5,BUY,C:\Users\k_99_\Desktop\codding\data_footprint_generator\trade_results_score\score_trade_result_2024-09-24_NY.csv,True,-206,-217,-214,-198,-226,24,-206,-195,-8.028281392444697,1.0,0.216730038022814,259,320,-7,-2.666666666666667,-1.2,-5,-2.666666666666667,-7,-214,18.0,-34.0,-16.0,-17.66481620405101,-20,-24,-7,0,1,90,40,1102,-258,1728,2682,-426,168,1.9,11,0,1,206.0,195.0,7.0,2.666666666666667,5.0,2.1875,29.428571428571427,0.64375,1.2355212355212355,0.34627831715210355,0.5551401869158878,1.0,1.0,1,0.7142857142857143,17.66481620405101,20.0,2,0.03398058252427184,8.82857142857143,141,2.35,1,9,1.0,-0.8888888888888888,16.0,0,2.335183795948989,-5.8,-166.4,1.0
2024-09-25,2024-09-25 13:33:54.078924900+00:00,validation,D_BORN_BAD_MFE_LE_2,Perdedor con MFE <= 2 ticks,SL,-62.0,0,60,02:09,20186.25,SELL,C:\Users\k_99_\Desktop\codding\data_footprint_generator\trade_results_score\score_trade_result_2024-09-25_NY.csv,True,150,154,159,167,205,150,-14,146,5.646288001640963,1.0,5.6875,133,214,3,1.0,0.8,3,0.666666666666667,3,159,22.0,16.0,38.0,17.603249954354574,17,5,22,1,0,110,80,2360,546,-321,2396,-324,870,1.48,11,2,0,150.0,146.0,3.0,1.0,3.0,1.4018691588785046,50.0,0.7009345794392523,1.6090225563909775,0.35333333333333333,0.630188679245283,1.0,1.0,1,1.0,17.603249954354574,17.0,2,0.02,35.0,234,3.9,2,9,-1.0,1.7272727272727273,16.0,0,0.603249954354574,-2.2,-116.6,1.0
2024-09-26,2024-09-26 13:34:51.029582900+00:00,validation,C_LOSER_MFE_3_TO_30,Perdedor con 2 < MFE <= 30 ticks,SL,-62.0,20,60,00:33,20448.75,BUY,C:\Users\k_99_\Desktop\codding\data_footprint_generator\trade_results_score\score_trade_result_2024-09-26_NY.csv,True,-198,-233,-240,-266,-267,13,-198,-163,-5.271043021468369,1.0,0.229571984435798,276,316,-4,-2.666666666666667,-2.2,-1,-1.0,-4,-240,32.0,-55.0,-23.0,-22.818457867910205,-11,-29,-7,-3,2,160,65,2746,-384,174,3181,-27,-357,1.27,10,0,0,198.0,163.0,4.0,2.666666666666667,1.0,1.2658227848101267,49.5,0.6265822784810127,1.144927536231884,0.40404040404040403,0.665,1.0,1.0,1,0.25,22.818457867910205,11.0,2,0.020202020202020204,29.7,291,4.85,3,9,1.0,-0.71875,23.0,2,11.818457867910205,-1.7999999999999998,-144.8,1.0
2024-10-01,2024-10-01 13:32:40.025437+00:00,validation,A_WINNER,Resultado realizado positivo,TP,28.0,35,0,00:10,20220.0,BUY,C:\Users\k_99_\Desktop\codding\data_footprint_generator\trade_results_score\score_trade_result_2024-10-01_NY.csv,True,-283,-288,-282,-237,-226,49,-283,-278,-11.692543263569036,1.0,0.462998102466793,678,771,-14,-5.333333333333333,-3.2,-13,-4.666666666666667,-14,-282,14.0,-37.0,-23.0,-24.42131365670739,-33,-36,-21,0,1,70,115,2544,-370,-1407,2248,-164,-206,2.87,10,1,0,283.0,278.0,14.0,5.333333333333333,13.0,1.8158236057068742,20.214285714285715,0.3670557717250324,1.1371681415929205,0.3321554770318021,0.5042553191489362,1.0,1.0,1,0.9285714285714286,24.42131365670739,33.0,2,0.04946996466431095,0.0,160,2.6666666666666665,1,10,1.0,-1.6428571428571428,23.0,0,8.57868634329261,-10.8,-235.6,-1.0
2024-10-02,2024-10-02 13:32:33.065570900+00:00,validation,D_BORN_BAD_MFE_LE_2,Perdedor con MFE <= 2 ticks,SL,-62.0,0,60,00:33,19960.0,BUY,C:\Users\k_99_\Desktop\codding\data_footprint_generator\trade_results_score\score_trade_result_2024-10-02_NY.csv,True,-166,-205,-194,-182,-178,18,-166,-127,-5.920758220435011,1.0,0.182266009852217,140,240,-3,-1.0,-0.4,-1,-0.666666666666667,-3,-194,20.0,11.0,31.0,20.114101549247994,19,15,36,-2,2,100,60,2191,-91,-2126,3338,-154,63,1.81,10,0,1,166.0,127.0,3.0,1.0,1.0,1.25,55.333333333333336,0.6916666666666667,1.7142857142857142,0.3895582329317269,0.5628865979381443,1.0,1.0,1,0.3333333333333333,-20.114101549247994,-19.0,2,0.018072289156626505,38.733333333333334,153,2.55,2,10,1.0,1.55,11.0,2,1.1141015492479944,-2.6,-129.6,-1.0
2024-10-03,2024-10-03 13:37:19.045277+00:00,validation,A_WINNER,Resultado realizado positivo,TP,58.0,60,0,00:13,19960.0,BUY,C:\Users\k_99_\Desktop\codding\data_footprint_generator\trade_results_score\score_trade_result_2024-10-03_NY.csv,True,-160,-171,-176,-135,-116,27,-160,-149,-7.120106142772708,1.0,0.23444976076555,234,258,-4,-2.0,-1.2,-4,-1.0,-4,-176,19.0,23.0,42.0,13.103325688073394,-7,-18,28,0,2,95,0,728,-138,-1390,1616,-10,-128,0.0,8,0,0,160.0,149.0,4.0,2.0,4.0,1.550387596899225,40.0,0.6201550387596899,1.1025641025641026,0.36666666666666664,0.4602272727272727,1.0,1.0,1,1.0,-13.103325688073394,7.0,2,0.025,24.0,439,7.316666666666666,3,10,1.0,2.210526315789474,23.0,0,20.103325688073394,-2.8,-133.0,-1.0
2024-10-09,2024-10-09 13:35:04.044838900+00:00,validation,A_WINNER,Resultado realizado positivo,TP,58.0,60,0,01:16,20250.0,BUY,C:\Users\k_99_\Desktop\codding\data_footprint_generator\trade_results_score\score_trade_result_2024-10-09_NY.csv,True,-140,-159,-179,-222,-258,-2,-140,-121,-5.953437998253182,1.0,0.296482412060302,240,258,-2,-1.666666666666667,-1.6,0,0.333333333333333,-2,-179,8.0,-32.0,-24.0,-16.669784359573917,-16,-23,-4,1,0,40,35,549,-217,-555,1652,-216,-1,8.65,9,0,0,140.0,121.0,2.0,1.666666666666667,-0.0,0.7751937984496124,70.0,0.5426356589147286,1.075,0.4261904761904762,0.7441340782122905,1.0,1.0,1,-0.0,16.669784359573917,16.0,3,0.014285714285714285,56.0,304,5.066666666666666,2,10,1.0,-3.0,24.0,0,0.6697843595739172,-0.3999999999999999,-95.6,-1.0
2024-10-22,2024-10-22 13:34:05.072155+00:00,validation,A_WINNER,Resultado realizado positivo,TP,58.0,60,10,00:20,20418.75,SELL,C:\Users\k_99_\Desktop\codding\data_footprint_generator\trade_results_score\score_trade_result_2024-10-22_NY.csv,True,109,128,154,198,230,109,-7,90,2.751427245981916,0.963114754098361,3.794871794871795,153,187,2,1.333333333333333,1.2,0,-0.333333333333333,2,154,27.0,1.0,28.0,19.042473411508045,25,10,35,5,-1,135,5,454,198,-516,3045,189,9,0.99,9,1,0,109.0,90.0,2.0,1.333333333333333,0.0,1.0695187165775402,54.5,0.5828877005347594,1.2222222222222223,0.4709480122324159,0.7714285714285715,1.0,1.0,1,0.0,19.042473411508045,25.0,1,0.01834862385321101,43.6,245,4.083333333333333,1,10,-1.0,1.037037037037037,1.0,1,5.957526588491955,-0.8,-69.4,1.0
2024-10-25,2024-10-25 13:32:40.009855900+00:00,validation,A_WINNER,Resultado realizado positivo,TP,28.0,35,10,01:47,20542.5,SELL,C:\Users\k_99_\Desktop\codding\data_footprint_generator\trade_results_score\score_trade_result_2024-10-25_NY.csv,True,189,186,184,198,212,189,-9,192,3.845445350862947,0.981132075471698,2.303448275862069,423,479,6,2.0,1.4,6,2.0,6,184,30.0,11.0,41.0,18.400513196480937,14,6,22,0,1,150,55,2343,275,123,4153,-21,296,1.37,10,2,0,189.0,192.0,6.0,2.0,6.0,1.2526096033402923,31.5,0.3945720250521921,1.132387706855792,0.32451499118165783,0.6456521739130435,1.0,1.0,1,1.0,18.400513196480937,14.0,2,0.031746031746031744,12.600000000000001,160,2.6666666666666665,4,10,-1.0,1.3666666666666667,11.0,0,4.4005131964809365,-4.6,-149.4,-1.0
2024-10-31,2024-10-31 13:31:30.041027+00:00,validation,D_BORN_BAD_MFE_LE_2,Perdedor con MFE <= 2 ticks,SL,-62.0,0,60,00:14,20321.25,BUY,C:\Users\k_99_\Desktop\codding\data_footprint_generator\trade_results_score\score_trade_result_2024-10-31_NY.csv,True,-165,-197,-189,-224,-244,19,-165,-133,-4.295240688411,1.0,0.357976653696498,241,349,-4,-2.0,-1.2,-4,-1.333333333333333,-4,-189,32.0,-39.0,-7.0,-18.451755881350156,-13,-26,-2,-4,0,160,35,2829,-171,-1806,5972,-112,-59,1.17,11,0,1,165.0,133.0,4.0,2.0,4.0,1.146131805157593,41.25,0.47277936962750716,1.4481327800829875,0.38181818181818183,0.7111111111111111,1.0,1.0,1,1.0,18.451755881350156,13.0,3,0.024242424242424242,24.75,90,1.5,3,10,1.0,-0.21875,7.0,0,5.451755881350156,-2.8,-120.2,-1.0
2025-03-10,2025-03-10 13:31:18.978492500+00:00,validation,A_WINNER,Resultado realizado positivo,TP,58.0,60,0,00:04,19851.25,BUY,C:\Users\k_99_\Desktop\codding\data_footprint_generator\trade_results_score\score_trade_result_2025-03-10_NY.csv,True,-138,-149,-198,-250,-253,7,-138,-127,-4.118588345493116,0.987179487179487,0.303030303030303,184,258,-3,-2.333333333333333,-2.6,-3,-1.0,-3,-198,24.0,-29.0,-5.0,-15.144063415474754,-19,-25,-11,1,-1,120,30,1366,-254,-2145,4437,-271,17,1.58,11,0,1,138.0,127.0,3.0,2.333333333333333,3.0,1.1627906976744187,46.0,0.5348837209302325,1.4021739130434783,0.4782608695652174,0.7575757575757576,1.0,1.0,1,1.0,15.144063415474754,19.0,2,0.021739130434782608,32.199999999999996,78,1.3,0,3,1.0,-0.20833333333333334,5.0,1,3.855936584525246,-0.3999999999999999,-88.0,-1.0
2025-03-13,2025-03-13 13:36:38.022428+00:00,validation,A_WINNER,Resultado realizado positivo,TP,58.0,60,35,00:50,19505.0,BUY,C:\Users\k_99_\Desktop\codding\data_footprint_generator\trade_results_score\score_trade_result_2025-03-13_NY.csv,True,-156,-157,-163,-114,-148,28,-156,-155,-6.857380594170838,1.0,0.333333333333333,238,312,-11,-4.666666666666667,-2.4,-10,-3.666666666666667,-11,-163,39.0,-58.0,-19.0,-33.336513388030276,-46,-51,-25,-1,0,195,90,1944,-188,-476,2039,-173,-15,2.37,10,0,0,156.0,155.0,11.0,4.666666666666667,10.0,3.5256410256410255,14.181818181818182,0.5,1.3109243697478992,0.3482905982905983,0.4196319018404908,1.0,1.0,1,0.9090909090909091,33.336513388030276,46.0,2,0.07051282051282051,0.0,398,6.633333333333334,3,3,1.0,-0.48717948717948717,19.0,0,12.663486611969724,-8.6,-133.2,-1.0
2025-03-14,2025-03-14 13:33:42.060798+00:00,validation,D_BORN_BAD_MFE_LE_2,Perdedor con MFE <= 2 ticks,SL,-62.0,0,60,00:01,19532.5,SELL,C:\Users\k_99_\Desktop\codding\data_footprint_generator\trade_results_score\score_trade_result_2025-03-14_NY.csv,True,305,304,307,304,335,305,-21,306,13.619219638427367,1.0,2.16412213740458,729,829,21,6.333333333333333,3.6,24,7.333333333333333,21,307,31.0,34.0,65.0,28.977994691326312,28,13,38,-1,2,155,155,2311,373,395,2720,18,355,3.69,10,0,0,305.0,306.0,21.0,6.333333333333333,24.0,2.5331724969843186,14.523809523809524,0.36791314837153194,1.1371742112482852,0.3355191256830601,0.5941368078175896,1.0,1.0,1,1.1428571428571428,28.977994691326312,28.0,2,0.06885245901639345,0.0,222,3.7,4,3,-1.0,2.096774193548387,34.0,1,0.9779946913263124,-17.4,-244.2,-1.0
2025-03-17,2025-03-17 13:32:54.074040900+00:00,validation,D_BORN_BAD_MFE_LE_2,Perdedor con MFE <= 2 ticks,SL,-62.0,0,60,00:11,19741.25,SELL,C:\Users\k_99_\Desktop\codding\data_footprint_generator\trade_results_score\score_trade_result_2025-03-17_NY.csv,True,113,109,150,190,190,113,-15,117,4.348749757286855,0.988439306358382,4.323529411764706,160,181,3,2.333333333333333,2.2,2,-0.666666666666667,3,150,18.0,27.0,45.0,24.952838969903816,17,9,36,-1,0,90,100,2141,329,1380,2243,-31,360,1.85,10,0,0,113.0,117.0,3.0,2.333333333333333,2.0,1.6574585635359116,37.666666666666664,0.6243093922651933,1.13125,0.4424778761061947,0.76,1.0,1.0,1,0.6666666666666666,24.952838969903816,17.0,2,0.02654867256637168,26.366666666666664,174,2.9,0,3,-1.0,2.5,27.0,0,7.952838969903816,-0.7999999999999998,-75.0,-1.0
2025-03-18,2025-03-18 13:34:37.075302+00:00,validation,D_BORN_BAD_MFE_LE_2,Perdedor con MFE <= 2 ticks,SL,-62.0,0,60,00:23,19851.25,BUY,C:\Users\k_99_\Desktop\codding\data_footprint_generator\trade_results_score\score_trade_result_2025-03-18_NY.csv,True,-159,-161,-159,-150,-138,15,-159,-157,-7.068261189262053,1.0,0.270642201834862,253,277,-4,-1.666666666666667,-1.0,-3,-1.333333333333333,-4,-159,34.0,-40.0,-6.0,-17.088706525986716,-19,-23,-7,0,-1,170,30,1315,-303,-846,1222,104,-407,0.81,11,0,1,159.0,157.0,4.0,1.666666666666667,3.0,1.444043321299639,39.75,0.5740072202166066,1.0948616600790513,0.3333333333333333,0.5660377358490566,1.0,1.0,1,0.75,17.088706525986716,19.0,2,0.025157232704402517,23.849999999999998,277,4.616666666666666,1,3,1.0,-0.17647058823529413,6.0,0,1.9112934740132843,-3.0,-129.0,-1.0
2025-03-27,2025-03-27 13:31:39.981160900+00:00,validation,A_WINNER,Resultado realizado positivo,TP,58.0,60,0,00:15,20067.5,SELL,C:\Users\k_99_\Desktop\codding\data_footprint_generator\trade_results_score\score_trade_result_2025-03-27_NY.csv,True,156,153,204,203,197,156,-29,159,5.402654862678605,1.0,3.328358208955224,258,290,3,1.666666666666667,1.2,4,0.333333333333333,3,204,32.0,18.0,50.0,26.034395413944807,24,18,46,0,1,160,90,2866,284,-197,4638,144,140,2.25,7,0,0,156.0,159.0,3.0,1.666666666666667,4.0,1.0344827586206897,52.0,0.5379310344827586,1.124031007751938,0.4358974358974359,0.5970588235294118,1.0,1.0,1,1.3333333333333333,26.034395413944807,24.0,2,0.019230769230769232,36.4,99,1.65,3,3,-1.0,1.5625,18.0,0,2.0343954139448073,-1.8,-115.4,1.0
2025-04-03,2025-04-03 13:31:53.994327900+00:00,validation,A_WINNER,Resultado realizado positivo,TP,58.0,60,15,00:22,19001.25,SELL,C:\Users\k_99_\Desktop\codding\data_footprint_generator\trade_results_score\score_trade_result_2025-04-03_NY.csv,True,143,143,152,161,142,143,-21,143,4.078604837637835,1.0,4.48780487804878,108,225,6,1.333333333333333,0.4,6,1.666666666666667,6,152,70.0,2.0,72.0,24.184056967658982,1,-8,36,1,-1,350,10,3762,66,2270,6351,259,-193,0.19,8,1,1,143.0,143.0,6.0,1.333333333333333,6.0,2.6666666666666665,23.833333333333332,0.6355555555555555,2.0833333333333335,0.3543123543123543,0.6355263157894737,1.0,1.0,1,1.0,24.184056967658982,1.0,3,0.04195804195804196,9.533333333333333,113,1.8833333333333333,3,4,-1.0,1.0285714285714285,2.0,1,23.184056967658982,-5.6,-110.8,-1.0
2025-04-21,2025-04-21 13:37:03.015339900+00:00,validation,A_WINNER,Resultado realizado positivo,TP,28.0,45,50,00:23,18073.75,BUY,C:\Users\k_99_\Desktop\codding\data_footprint_generator\trade_results_score\score_trade_result_2025-04-21_NY.csv,True,-152,-211,-228,-222,-224,12,-152,-93,-5.144136813838514,1.0,0.35042735042735,272,316,-9,-5.666666666666667,-3.4,-2,-3.0,-9,-228,21.0,-62.0,-41.0,-49.788900379179594,-51,-64,-44,0,1,105,75,510,-210,-1048,2145,-67,-143,24.87,9,0,0,152.0,93.0,9.0,5.666666666666667,2.0,2.848101265822785,16.88888888888889,0.4810126582278481,1.161764705882353,0.5,0.5842105263157895,1.0,1.0,1,0.2222222222222222,49.788900379179594,51.0,2,0.05921052631578947,1.6888888888888887,423,7.05,0,4,1.0,-1.9523809523809523,41.0,0,1.2110996208204057,-5.6,-107.6,-1.0
2025-04-30,2025-04-30 13:37:43.086769900+00:00,validation,D_BORN_BAD_MFE_LE_2,Perdedor con MFE <= 2 ticks,SL,-62.0,0,110,02:16,19221.25,BUY,C:\Users\k_99_\Desktop\codding\data_footprint_generator\trade_results_score\score_trade_result_2025-04-30_NY.csv,True,-276,-275,-256,-278,-337,19,-276,-277,-14.386078623056804,1.0,0.286821705426357,402,498,-11,-3.666666666666667,-2.6,-10,-3.333333333333333,-11,-256,53.0,-65.0,-12.0,-33.92722206286113,-35,-48,-14,-1,0,265,60,2612,-304,-2173,2476,48,-352,1.39,10,0,0,276.0,277.0,11.0,3.666666666666667,10.0,2.208835341365462,25.09090909090909,0.5542168674698795,1.2388059701492538,0.30917874396135264,0.6515625,1.0,1.0,1,0.9090909090909091,33.92722206286113,35.0,2,0.03985507246376811,0.0,463,7.716666666666667,2,4,1.0,-0.22641509433962265,12.0,0,1.0727779371388735,-8.4,-220.4,-1.0
2025-05-02,2025-05-02 13:36:53.114388900+00:00,validation,D_BORN_BAD_MFE_LE_2,Perdedor con MFE <= 2 ticks,SL,-62.0,0,60,00:19,20050.0,BUY,C:\Users\k_99_\Desktop\codding\data_footprint_generator\trade_results_score\score_trade_result_2025-05-02_NY.csv,True,-195,-171,-191,-204,-202,24,-195,-219,-10.631990698012029,1.0,0.105504587155963,120,241,-3,-1.0,-1.0,-5,-0.666666666666667,-3,-191,25.0,-44.0,-19.0,-33.51034526130432,-30,-48,-21,0,2,125,100,2166,-430,375,2344,-8,-422,1.88,9,0,1,195.0,219.0,3.0,1.0,5.0,1.2448132780082988,65.0,0.8091286307053942,2.0083333333333333,0.3264957264957265,0.6408376963350786,1.0,1.0,1,1.6666666666666667,33.51034526130432,30.0,2,0.015384615384615385,45.5,413,6.883333333333334,4,5,1.0,-0.76,19.0,0,3.510345261304323,-2.0,-154.2,1.0
2025-05-08,2025-05-08 13:31:47.967523+00:00,validation,C_LOSER_MFE_3_TO_30,Perdedor con 2 < MFE <= 30 ticks,SL,-62.0,10,60,00:32,20146.25,BUY,C:\Users\k_99_\Desktop\codding\data_footprint_generator\trade_results_score\score_trade_result_2025-05-08_NY.csv,True,-196,-217,-220,-219,-230,10,-196,-175,-7.969135191145655,1.0,0.228346456692913,228,312,-4,-3.0,-1.2,-1,-1.333333333333333,-4,-220,21.0,-23.0,-2.0,-12.288002726653032,-16,-20,-9,0,1,105,10,1969,-339,-719,3909,-171,-168,0.21,10,0,0,196.0,175.0,4.0,3.0,1.0,1.2820512820512822,49.0,0.6282051282051282,1.368421052631579,0.3741496598639456,0.5972727272727273,1.0,1.0,1,0.25,12.288002726653032,16.0,2,0.02040816326530612,29.4,107,1.7833333333333334,3,5,1.0,-0.09523809523809523,2.0,0,3.7119972733469684,-2.8,-152.2,-1.0
2025-06-05,2025-06-05 13:32:07.981495100+00:00,validation,D_BORN_BAD_MFE_LE_2,Perdedor con MFE <= 2 ticks,SL,-62.0,0,60,00:08,21786.25,BUY,C:\Users\k_99_\Desktop\codding\data_footprint_generator\trade_results_score\score_trade_result_2025-06-05_NY.csv,True,-104,-106,-195,-191,-179,41,-104,-102,-4.106754325066182,1.0,0.354037267080745,210,218,-5,-3.333333333333333,-1.8,-5,-1.333333333333333,-5,-195,29.0,-44.0,-15.0,-21.72935212660732,-39,-44,-11,0,-1,145,55,649,-215,-468,3725,-139,-76,6.89,9,0,1,104.0,102.0,5.0,3.333333333333333,5.0,2.293577981651376,20.8,0.47706422018348627,1.0380952380952382,0.625,0.5876923076923077,1.0,1.0,1,1.0,21.72935212660732,39.0,2,0.04807692307692308,10.4,127,2.1166666666666667,3,6,1.0,-0.5172413793103449,15.0,0,17.27064787339268,-3.2,-65.8,-1.0
2025-06-11,2025-06-11 13:31:39.051111800+00:00,validation,D_BORN_BAD_MFE_LE_2,Perdedor con MFE <= 2 ticks,SL,-62.0,0,60,00:15,21988.75,BUY,C:\Users\k_99_\Desktop\codding\data_footprint_generator\trade_results_score\score_trade_result_2025-06-11_NY.csv,True,-104,-102,-154,-151,-94,23,-104,-106,-3.638262073197087,0.989795918367347,0.22962962962963,157,166,-6,-3.0,-1.8,-6,-2.0,-6,-154,21.0,-29.0,-8.0,-17.396102745792735,-22,-28,-12,0,1,105,45,2127,-219,1211,3519,-231,12,1.15,8,0,0,104.0,106.0,6.0,3.0,6.0,3.6144578313253013,17.333333333333332,0.6265060240963856,1.0573248407643312,0.4935897435897436,0.5883116883116883,1.0,1.0,1,1.0,17.396102745792735,22.0,2,0.057692307692307696,6.933333333333334,99,1.65,2,6,1.0,-0.38095238095238093,8.0,0,4.603897254207265,-4.2,-73.8,1.0
2025-06-20,2025-06-20 13:35:19.031799600+00:00,validation,A_WINNER,Resultado realizado positivo,TP,58.0,60,0,00:10,22105.0,SELL,C:\Users\k_99_\Desktop\codding\data_footprint_generator\trade_results_score\score_trade_result_2025-06-20_NY.csv,True,207,216,229,253,217,207,-11,198,10.143282856586772,1.0,8.13793103448276,208,265,9,3.0,2.2,8,3.0,9,229,47.0,5.0,52.0,21.68152773743828,23,9,29,1,0,235,25,1180,284,3123,1323,57,227,1.31,10,0,0,207.0,198.0,9.0,3.0,8.0,3.3962264150943398,23.0,0.7811320754716982,1.2740384615384615,0.3687600644122383,0.662882096069869,1.0,1.0,1,0.8888888888888888,21.68152773743828,23.0,2,0.043478260869565216,2.2999999999999994,319,5.316666666666666,4,6,-1.0,1.1063829787234043,5.0,0,1.3184722625617198,-6.8,-156.4,-1.0
2025-06-27,2025-06-27 13:32:03.997208400+00:00,validation,A_WINNER,Resultado realizado positivo,TP,58.0,60,0,00:13,22688.75,BUY,C:\Users\k_99_\Desktop\codding\data_footprint_generator\trade_results_score\score_trade_result_2025-06-27_NY.csv,True,-180,-233,-249,-236,-239,18,-180,-127,-3.8393683465826,0.983739837398374,0.340659340659341,322,366,-8,-5.0,-3.2,-6,-2.333333333333333,-8,-249,20.0,-23.0,-3.0,-15.831900257953569,-15,-22,-6,0,2,100,15,594,-252,1888,2757,-65,-187,3.75,9,0,0,180.0,127.0,8.0,5.0,6.0,2.185792349726776,22.5,0.4918032786885246,1.1366459627329193,0.46111111111111114,0.5686746987951807,1.0,1.0,1,0.75,15.831900257953569,15.0,2,0.044444444444444446,4.499999999999999,123,2.05,4,6,1.0,-0.15,3.0,0,0.8319002579535688,-4.8,-132.8,1.0
2025-06-30,2025-06-30 13:31:57.023184400+00:00,validation,C_LOSER_MFE_3_TO_30,Perdedor con 2 < MFE <= 30 ticks,SL,-62.0,10,60,00:40,22850.0,BUY,C:\Users\k_99_\Desktop\codding\data_footprint_generator\trade_results_score\score_trade_result_2025-06-30_NY.csv,True,-167,-126,-155,-149,-257,41,-167,-208,-7.507255081546177,1.0,0.208530805687204,207,255,-1,-1.333333333333333,-0.8,0,-0.666666666666667,-1,-155,20.0,-21.0,-1.0,-10.463781050126432,-7,-18,-6,0,1,100,5,2704,-376,-524,4034,-340,-36,0.09,10,0,3,167.0,208.0,1.0,1.333333333333333,-0.0,0.39215686274509803,167.0,0.6549019607843137,1.2318840579710144,0.3093812375249501,0.5767741935483871,1.0,1.0,1,-0.0,10.463781050126432,7.0,2,0.005988023952095809,150.3,117,1.95,0,6,1.0,-0.05,1.0,0,3.463781050126432,-0.19999999999999996,-137.2,-1.0
2025-07-02,2025-07-02 13:32:39.045646+00:00,validation,A_WINNER,Resultado realizado positivo,TP,58.0,60,25,02:12,22681.25,SELL,C:\Users\k_99_\Desktop\codding\data_footprint_generator\trade_results_score\score_trade_result_2025-07-02_NY.csv,True,159,193,218,229,185,159,-23,125,4.703286027586457,0.987341772151899,4.382978723404255,187,253,6,4.0,3.2,3,1.0,6,218,15.0,7.0,22.0,13.91164095371669,15,10,19,1,0,75,35,1728,200,-479,2458,-126,326,0.9,8,0,0,159.0,125.0,6.0,4.0,3.0,2.3715415019762847,26.5,0.6284584980237155,1.3529411764705883,0.4570230607966457,0.6302752293577981,1.0,1.0,1,0.5,13.91164095371669,15.0,2,0.03773584905660377,10.600000000000001,159,2.65,2,7,-1.0,1.4666666666666666,7.0,0,1.0883590462833101,-2.8,-113.2,1.0
2025-07-08,2025-07-08 13:36:35.028723600+00:00,validation,A_WINNER,Resultado realizado positivo,TP,28.0,30,45,03:48,22901.25,BUY,C:\Users\k_99_\Desktop\codding\data_footprint_generator\trade_results_score\score_trade_result_2025-07-08_NY.csv,True,-138,-141,-150,-149,-146,12,-138,-135,-6.684102861213912,1.0,0.254054054054054,202,232,0,-0.333333333333333,-0.2,0,-0.333333333333333,0,-150,15.0,-32.0,-17.0,-14.429185427752763,-8,-22,1,-1,-3,75,35,1287,-211,131,2114,92,-303,1.0,11,0,1,138.0,135.0,-0.0,0.333333333333333,-0.0,0.0,552.0,0.5948275862068966,1.1485148514851484,0.36231884057971014,0.596,1.0,0.6666666666666666,0,-0.0,14.429185427752763,8.0,3,-0.0,552.0,395,6.583333333333333,1,7,1.0,-1.1333333333333333,17.0,1,6.429185427752763,0.2,-108.2,1.0
2025-07-09,2025-07-09 13:31:01.000763400+00:00,validation,D_BORN_BAD_MFE_LE_2,Perdedor con MFE <= 2 ticks,SL,-62.0,0,60,02:51,23008.75,SELL,C:\Users\k_99_\Desktop\codding\data_footprint_generator\trade_results_score\score_trade_result_2025-07-09_NY.csv,True,151,151,154,156,158,151,-14,151,4.523513409052465,1.0,3.188405797101449,258,289,4,1.333333333333333,0.8,5,1.333333333333333,4,154,21.0,3.0,24.0,10.42282196969697,7,3,17,0,2,105,15,294,150,773,3934,394,-244,14.99,9,0,0,151.0,151.0,4.0,1.333333333333333,5.0,1.3840830449826989,37.75,0.5224913494809689,1.12015503875969,0.33995584988962474,0.6077922077922078,1.0,1.0,1,1.25,10.42282196969697,7.0,3,0.026490066225165563,22.65,61,1.0166666666666666,2,7,-1.0,1.1428571428571428,3.0,0,3.4228219696969706,-3.2,-119.8,-1.0
2025-07-21,2025-07-21 13:31:39.012001200+00:00,validation,D_BORN_BAD_MFE_LE_2,Perdedor con MFE <= 2 ticks,SL,-62.0,0,60,03:33,23291.25,SELL,C:\Users\k_99_\Desktop\codding\data_footprint_generator\trade_results_score\score_trade_result_2025-07-21_NY.csv,True,138,176,191,186,183,138,-11,100,3.346052032469619,1.0,2.703703703703704,284,300,3,2.0,1.2,1,1.0,3,191,25.0,3.0,28.0,10.260262989095574,5,4,13,1,2,125,10,1871,189,275,4368,264,-75,0.26,10,0,0,138.0,100.0,3.0,2.0,1.0,1.0,46.0,0.46,1.056338028169014,0.4613526570048309,0.5842931937172775,1.0,1.0,1,0.3333333333333333,10.260262989095574,5.0,3,0.021739130434782608,32.199999999999996,99,1.65,0,7,-1.0,1.12,3.0,1,5.260262989095574,-1.8,-100.8,-1.0
2025-07-29,2025-07-29 13:31:19.000628300+00:00,validation,A_WINNER,Resultado realizado positivo,TP,58.0,60,0,00:42,23626.25,SELL,C:\Users\k_99_\Desktop\codding\data_footprint_generator\trade_results_score\score_trade_result_2025-07-29_NY.csv,True,126,152,209,214,136,126,-26,100,2.552788475321932,0.987179487179487,5.2,126,186,2,2.333333333333333,1.8,-1,-0.333333333333333,2,209,25.0,2.0,27.0,10.766178428761652,4,2,15,4,0,125,10,1591,79,1138,5955,609,-530,0.53,11,1,1,126.0,100.0,2.0,2.333333333333333,-1.0,1.075268817204301,63.0,0.6774193548387096,1.4761904761904763,0.5529100529100529,0.614354066985646,1.0,1.0,1,-0.5,10.766178428761652,4.0,4,0.015873015873015872,50.400000000000006,79,1.3166666666666667,1,7,-1.0,1.08,2.0,0,6.766178428761652,-0.19999999999999996,-83.2,-1.0
2025-08-14,2025-08-14 13:33:01.048717700+00:00,holdout,A_WINNER,Resultado realizado positivo,TP,58.0,60,0,00:14,23882.5,SELL,C:\Users\k_99_\Desktop\codding\data_footprint_generator\trade_results_score\score_trade_result_2025-08-14_NY.csv,True,112,113,245,226,222,132,-24,111,3.581138905651156,0.988888888888889,3.604651162790698,161,198,1,1.666666666666667,1.4,1,-0.333333333333333,1,245,22.0,7.0,29.0,13.3429441260745,6,5,20,-2,-1,110,10,200,114,-1105,2934,162,-48,9.54,9,0,0,112.0,111.0,1.0,1.666666666666667,1.0,0.5050505050505051,112.0,0.5656565656565656,1.2298136645962734,0.7291666666666666,0.553469387755102,1.0,1.0,1,1.0,13.3429441260745,6.0,2,0.008928571428571428,100.8,181,3.0166666666666666,3,8,-1.0,1.3181818181818181,7.0,1,7.342944126074499,0.3999999999999999,-66.8,1.0
2025-08-19,2025-08-19 13:31:56.983362700+00:00,holdout,D_BORN_BAD_MFE_LE_2,Perdedor con MFE <= 2 ticks,SL,-62.0,0,60,00:13,23728.75,BUY,C:\Users\k_99_\Desktop\codding\data_footprint_generator\trade_results_score\score_trade_result_2025-08-19_NY.csv,True,-426,-467,-481,-500,-467,17,-426,-385,-14.99798149870989,1.0,0.142857142857143,263,568,-3,-2.0,-1.8,-1,-0.333333333333333,-3,-481,17.0,-34.0,-17.0,-18.59530601659751,-27,-33,-13,-1,1,85,85,3811,-497,-603,3902,230,-727,1.49,11,0,2,426.0,385.0,3.0,2.0,1.0,0.528169014084507,142.0,0.75,2.159695817490494,0.3763693270735524,0.6237006237006237,1.0,1.0,1,0.3333333333333333,18.59530601659751,27.0,2,0.007042253521126761,99.39999999999999,116,1.9333333333333333,1,8,1.0,-1.0,17.0,1,8.404693983402488,-1.2,-326.0,-1.0
2025-08-20,2025-08-20 13:32:01.000005400+00:00,holdout,D_BORN_BAD_MFE_LE_2,Perdedor con MFE <= 2 ticks,SL,-62.0,0,60,00:27,23377.5,BUY,C:\Users\k_99_\Desktop\codding\data_footprint_generator\trade_results_score\score_trade_result_2025-08-20_NY.csv,True,-151,-202,-197,-191,-228,21,-151,-100,-3.042801466413277,0.983333333333333,0.383673469387755,283,339,-3,-1.333333333333333,-1.2,-1,-0.333333333333333,-3,-197,39.0,-44.0,-5.0,-19.3237883331721,-6,-30,2,1,-1,195,10,349,-151,-2034,3797,-5,-146,10.0,8,0,0,151.0,100.0,3.0,1.333333333333333,1.0,0.8849557522123894,50.333333333333336,0.44542772861356933,1.197879858657244,0.434878587196468,0.581725888324873,1.0,1.0,1,0.3333333333333333,19.3237883331721,6.0,3,0.019867549668874173,35.233333333333334,121,2.0166666666666666,2,8,1.0,-0.1282051282051282,5.0,1,13.3237883331721,-1.8,-112.8,-1.0
2025-08-21,2025-08-21 13:37:50.099613700+00:00,holdout,D_BORN_BAD_MFE_LE_2,Perdedor con MFE <= 2 ticks,SL,-62.0,0,60,02:15,23281.25,BUY,C:\Users\k_99_\Desktop\codding\data_footprint_generator\trade_results_score\score_trade_result_2025-08-21_NY.csv,True,-185,-191,-214,-267,-151,84,-185,-179,-7.397692309895649,1.0,0.229166666666667,235,295,-5,-1.0,-0.2,-6,-2.333333333333333,-5,-214,54.0,11.0,65.0,30.245199792423456,14,7,45,-1,1,270,50,2767,5,-1214,2293,-35,40,1.0,10,1,1,185.0,179.0,5.0,1.0,6.0,1.694915254237288,37.0,0.6271186440677966,1.2553191489361701,0.3855855855855856,0.7485981308411215,1.0,1.0,1,1.2,-30.245199792423456,-14.0,2,0.02702702702702703,18.5,470,7.833333333333333,3,8,1.0,1.2037037037037037,11.0,1,16.245199792423456,-4.8,-131.6,-1.0
2025-08-29,2025-08-29 13:31:16.068287300+00:00,holdout,A_WINNER,Resultado realizado positivo,TP,58.0,60,5,00:07,23637.5,BUY,C:\Users\k_99_\Desktop\codding\data_footprint_generator\trade_results_score\score_trade_result_2025-08-29_NY.csv,True,-157,-167,-168,-173,-257,28,-157,-147,-3.945811580383804,1.0,0.194871794871795,129,233,-3,-1.666666666666667,-1.0,0,-0.666666666666667,-3,-168,22.0,-25.0,-3.0,-10.618976129710253,-10,-14,-5,-2,0,110,15,1439,-231,-292,5223,375,-606,0.93,11,1,1,157.0,147.0,3.0,1.666666666666667,-0.0,1.2875536480686696,52.333333333333336,0.6738197424892703,1.806201550387597,0.35668789808917195,0.6178571428571429,1.0,1.0,1,-0.0,10.618976129710253,10.0,2,0.01910828025477707,36.63333333333333,76,1.2666666666666666,4,8,1.0,-0.13636363636363635,3.0,0,0.6189761297102532,-2.0,-122.4,-1.0
2025-09-04,2025-09-04 13:32:58.988428900+00:00,holdout,D_BORN_BAD_MFE_LE_2,Perdedor con MFE <= 2 ticks,SL,-62.0,0,60,00:22,23502.5,SELL,C:\Users\k_99_\Desktop\codding\data_footprint_generator\trade_results_score\score_trade_result_2025-09-04_NY.csv,True,146,143,187,202,162,146,-14,149,6.754665410034141,1.0,7.636363636363636,161,190,2,1.333333333333333,1.2,1,0.0,2,187,24.0,12.0,36.0,15.978447133645439,14,2,22,-1,0,120,60,3043,217,939,3902,186,31,1.02,10,0,0,146.0,149.0,2.0,1.333333333333333,1.0,1.0526315789473684,73.0,0.7684210526315789,1.1801242236024845,0.4269406392694064,0.6481283422459893,1.0,1.0,1,0.5,15.978447133645439,14.0,3,0.0136986301369863,58.400000000000006,178,2.966666666666667,3,9,-1.0,1.5,12.0,0,1.9784471336454388,-0.8,-105.6,-1.0
2025-09-05,2025-09-05 13:35:23.044183400+00:00,holdout,A_WINNER,Resultado realizado positivo,TP,58.0,60,20,00:17,23838.75,BUY,C:\Users\k_99_\Desktop\codding\data_footprint_generator\trade_results_score\score_trade_result_2025-09-05_NY.csv,True,-211,-237,-245,-262,-276,7,-211,-185,-5.352630789253395,0.993333333333333,0.197718631178707,187,315,-3,-1.333333333333333,-1.2,-1,0.0,-3,-245,40.0,-51.0,-11.0,-22.718597683673927,-29,-34,-11,-1,1,200,30,1584,-276,2532,2082,-132,-144,1.3,9,0,1,211.0,185.0,3.0,1.333333333333333,1.0,0.9523809523809523,70.33333333333333,0.6698412698412698,1.6844919786096257,0.38704581358609796,0.6416326530612245,1.0,1.0,1,0.3333333333333333,22.718597683673927,29.0,2,0.014218009478672985,49.23333333333333,323,5.383333333333334,4,9,1.0,-0.275,11.0,1,6.281402316326073,-1.8,-158.6,1.0
2025-09-11,2025-09-11 13:36:24.142863600+00:00,holdout,D_BORN_BAD_MFE_LE_2,Perdedor con MFE <= 2 ticks,SL,-62.0,0,60,00:22,23966.25,BUY,C:\Users\k_99_\Desktop\codding\data_footprint_generator\trade_results_score\score_trade_result_2025-09-11_NY.csv,True,-141,-169,-201,-335,-450,3,-141,-113,-4.769176463373088,0.993333333333333,0.27319587628866,159,247,-1,-1.333333333333333,-0.8,1,-0.666666666666667,-1,-201,18.0,-24.0,-6.0,-14.388458642572871,-13,-21,-10,0,1,90,30,1504,-410,35,1995,-157,-253,1.24,9,0,2,141.0,113.0,1.0,1.333333333333333,-1.0,0.4048582995951417,141.0,0.5708502024291497,1.5534591194968554,0.475177304964539,1.0,1.0,1.0,1,-1.0,14.388458642572871,13.0,2,0.0070921985815602835,126.9,384,6.4,3,9,1.0,-0.3333333333333333,6.0,0,1.3884586425728713,-0.19999999999999996,-74.0,1.0
2025-09-12,2025-09-12 13:35:57.048497900+00:00,holdout,A_WINNER,Resultado realizado positivo,TP,28.0,35,5,00:14,24020.0,BUY,C:\Users\k_99_\Desktop\codding\data_footprint_generator\trade_results_score\score_trade_result_2025-09-12_NY.csv,True,-161,-198,-193,-198,-211,5,-161,-124,-4.96705740051441,1.0,0.218446601941748,208,251,-2,-1.0,-1.0,0,-0.333333333333333,-2,-193,20.0,-36.0,-16.0,-17.848141871444135,-16,-24,-6,0,2,100,60,2247,-505,139,1274,-78,-427,1.05,10,0,0,161.0,124.0,2.0,1.0,-0.0,0.796812749003984,80.5,0.6414342629482072,1.2067307692307692,0.3995859213250518,0.6155440414507772,1.0,1.0,1,-0.0,17.848141871444135,16.0,2,0.012422360248447204,64.4,357,5.95,4,9,1.0,-0.8,16.0,0,1.8481418714441347,-1.0,-121.4,1.0
2025-09-16,2025-09-16 13:33:56.159462100+00:00,holdout,A_WINNER,Resultado realizado positivo,TP,28.0,30,35,02:56,24570.0,BUY,C:\Users\k_99_\Desktop\codding\data_footprint_generator\trade_results_score\score_trade_result_2025-09-16_NY.csv,True,-150,-209,-242,-283,-328,-2,-150,-91,-3.152332879743788,0.982978723404255,0.464285714285714,328,410,-3,-2.333333333333333,-1.6,0,-0.666666666666667,-3,-242,16.0,-25.0,-9.0,-14.704737885065754,-15,-20,-10,1,-2,80,40,1936,-364,-1298,2206,-24,-340,0.71,10,0,0,150.0,91.0,3.0,2.333333333333333,-0.0,0.7317073170731707,50.0,0.36585365853658536,1.25,0.5377777777777778,0.7016528925619835,1.0,1.0,1,-0.0,14.704737885065754,15.0,2,0.02,35.0,236,3.933333333333333,1,9,1.0,-0.5625,9.0,1,0.29526211493424626,-1.4,-93.4,-1.0
2025-09-18,2025-09-18 13:32:26.008781800+00:00,holdout,A_WINNER,Resultado realizado positivo,TP,58.0,60,0,00:40,24698.75,SELL,C:\Users\k_99_\Desktop\codding\data_footprint_generator\trade_results_score\score_trade_result_2025-09-18_NY.csv,True,248,268,287,278,369,248,-20,228,7.125652624445122,1.0,11.782608695652174,72,294,1,1.666666666666667,0.4,-2,1.0,1,287,30.0,5.0,35.0,18.128568691320176,23,12,32,0,1,150,25,1956,442,2984,3618,-40,482,0.96,10,1,0,248.0,228.0,1.0,1.666666666666667,-2.0,0.3401360544217687,248.0,0.8435374149659864,4.083333333333333,0.385752688172043,0.581184668989547,1.0,1.0,1,-2.0,18.128568691320176,23.0,2,0.004032258064516129,223.20000000000002,146,2.433333333333333,3,9,-1.0,1.1666666666666667,5.0,0,4.871431308679824,-0.6,-192.4,-1.0
2025-09-23,2025-09-23 13:35:26.055932600+00:00,holdout,D_BORN_BAD_MFE_LE_2,Perdedor con MFE <= 2 ticks,SL,-62.0,0,60,02:04,24986.25,BUY,C:\Users\k_99_\Desktop\codding\data_footprint_generator\trade_results_score\score_trade_result_2025-09-23_NY.csv,True,-192,-206,-187,-206,-210,19,-192,-178,-7.413879001051782,1.0,0.213114754098361,213,296,-2,-1.0,-0.8,0,0.0,-2,-187,12.0,-15.0,-3.0,-7.893241526840029,-5,-10,-3,1,0,60,15,1244,-156,422,2671,-213,57,0.58,11,0,1,192.0,178.0,2.0,1.0,-0.0,0.6756756756756757,96.0,0.6486486486486487,1.3896713615023475,0.3246527777777778,0.6609625668449198,1.0,1.0,1,-0.0,7.893241526840029,5.0,3,0.010416666666666666,76.80000000000001,326,5.433333333333334,1,9,1.0,-0.25,3.0,0,2.893241526840029,-1.2,-150.8,1.0
2025-09-25,2025-09-25 13:36:10.056791600+00:00,holdout,D_BORN_BAD_MFE_LE_2,Perdedor con MFE <= 2 ticks,SL,-62.0,0,60,00:26,24501.25,BUY,C:\Users\k_99_\Desktop\codding\data_footprint_generator\trade_results_score\score_trade_result_2025-09-25_NY.csv,True,-102,-99,-155,-139,-167,20,-102,-105,-3.997483687316537,0.996666666666667,0.310810810810811,138,194,0,-1.0,-1.0,1,0.333333333333333,0,-155,37.0,-62.0,-25.0,-29.61525451695405,-31,-51,-21,-1,1,185,15,791,-171,-4450,3302,-194,23,1.49,10,0,2,102.0,105.0,-0.0,1.0,-1.0,0.0,408.0,0.5257731958762887,1.4057971014492754,0.5065359477124183,0.5380645161290323,1.0,0.6666666666666666,0,-4.0,29.61525451695405,31.0,2,-0.0,408.0,370,6.166666666666667,3,9,1.0,-0.6756756756756757,25.0,1,1.3847454830459505,1.0,-74.2,-1.0
2025-09-26,2025-09-26 13:32:19.027395400+00:00,holdout,D_BORN_BAD_MFE_LE_2,Perdedor con MFE <= 2 ticks,SL,-62.0,0,60,00:12,24663.75,SELL,C:\Users\k_99_\Desktop\codding\data_footprint_generator\trade_results_score\score_trade_result_2025-09-26_NY.csv,True,133,153,162,163,240,133,-12,113,3.006459953866201,0.985507246376812,4.41025641025641,173,211,6,3.333333333333333,1.8,5,2.333333333333333,6,162,43.0,5.0,48.0,30.768065268065268,35,21,47,0,1,215,25,1592,380,637,4657,299,81,1.31,9,0,0,133.0,113.0,6.0,3.333333333333333,5.0,2.843601895734597,22.166666666666668,0.6303317535545023,1.2196531791907514,0.40601503759398494,0.6037037037037037,1.0,1.0,1,0.8333333333333334,30.768065268065268,35.0,2,0.045112781954887216,8.866666666666667,139,2.316666666666667,4,9,-1.0,1.1162790697674418,5.0,0,4.231934731934732,-4.2,-100.4,-1.0
2025-09-30,2025-09-30 13:33:14.066783+00:00,holdout,D_BORN_BAD_MFE_LE_2,Perdedor con MFE <= 2 ticks,SL,-62.0,0,60,00:08,24790.0,BUY,C:\Users\k_99_\Desktop\codding\data_footprint_generator\trade_results_score\score_trade_result_2025-09-30_NY.csv,True,-173,-204,-212,-204,-183,42,-173,-142,-4.377582057186779,0.989637305699482,0.151960784313725,202,235,-1,-1.333333333333333,-0.6,0,0.0,-1,-212,24.0,-33.0,-9.0,-14.262345679012347,-7,-20,-3,0,1,120,20,656,-220,-596,1472,-92,-128,1.42,10,0,2,173.0,142.0,1.0,1.333333333333333,-0.0,0.425531914893617,173.0,0.7361702127659574,1.1633663366336633,0.40847784200385356,0.5773584905660377,1.0,1.0,1,-0.0,14.262345679012347,7.0,3,0.005780346820809248,155.70000000000002,194,3.2333333333333334,1,9,1.0,-0.375,9.0,0,7.262345679012347,-0.4,-132.2,-1.0
2025-10-01,2025-10-01 13:31:34.987880500+00:00,holdout,A_WINNER,Resultado realizado positivo,TP,58.0,60,0,00:05,24807.5,SELL,C:\Users\k_99_\Desktop\codding\data_footprint_generator\trade_results_score\score_trade_result_2025-10-01_NY.csv,True,145,170,201,223,322,145,-14,120,3.741332207061936,0.98936170212766,2.647727272727273,268,321,9,4.333333333333333,2.6,7,2.666666666666667,9,201,20.0,31.0,51.0,36.18367346938776,46,35,50,2,0,100,150,3003,517,73,5283,-625,1142,4.29,10,0,0,145.0,120.0,9.0,4.333333333333333,7.0,2.803738317757009,16.11111111111111,0.4517133956386293,1.1977611940298507,0.46206896551724136,0.6656716417910448,1.0,1.0,1,0.7777777777777778,36.18367346938776,46.0,2,0.06206896551724138,1.6111111111111107,94,1.5666666666666667,2,10,-1.0,2.55,31.0,0,9.816326530612237,-6.4,-100.4,-1.0
2025-10-02,2025-10-02 13:37:22.032887100+00:00,holdout,D_BORN_BAD_MFE_LE_2,Perdedor con MFE <= 2 ticks,SL,-62.0,0,60,00:24,25108.75,BUY,C:\Users\k_99_\Desktop\codding\data_footprint_generator\trade_results_score\score_trade_result_2025-10-02_NY.csv,True,-144,-156,-167,-170,-172,7,-144,-132,-5.059266412709714,1.0,0.105590062111801,120,178,-4,-1.666666666666667,-1.4,-4,-1.333333333333333,-4,-167,25.0,-49.0,-24.0,-22.11747532323092,-31,-39,-12,-2,1,125,25,738,-164,2366,2603,-193,29,1.13,10,0,1,144.0,132.0,4.0,1.666666666666667,4.0,2.247191011235955,36.0,0.8089887640449438,1.4833333333333334,0.38657407407407407,0.6107784431137725,1.0,1.0,1,1.0,22.11747532323092,31.0,2,0.027777777777777776,21.599999999999998,442,7.366666666666666,3,10,1.0,-0.96,24.0,1,8.88252467676908,-2.6,-110.0,1.0
2025-10-08,2025-10-08 13:31:25.999397300+00:00,holdout,D_BORN_BAD_MFE_LE_2,Perdedor con MFE <= 2 ticks,SL,-62.0,0,60,01:05,25107.5,SELL,C:\Users\k_99_\Desktop\codding\data_footprint_generator\trade_results_score\score_trade_result_2025-10-08_NY.csv,True,158,159,163,164,137,158,-16,157,5.154666126325045,1.0,4.224489795918367,221,256,4,1.666666666666667,0.8,4,2.0,4,163,19.0,7.0,26.0,12.101071975497703,15,7,20,0,-1,95,35,1595,221,1098,3634,-238,459,1.35,10,0,0,158.0,157.0,4.0,1.666666666666667,4.0,1.5625,39.5,0.6171875,1.158371040723982,0.3438818565400844,0.603680981595092,1.0,1.0,1,1.0,12.101071975497703,15.0,2,0.02531645569620253,23.7,85,1.4166666666666667,2,10,-1.0,1.368421052631579,7.0,0,2.898928024502297,-3.2,-125.2,-1.0
2025-10-13,2025-10-13 13:34:30.115788700+00:00,holdout,D_BORN_BAD_MFE_LE_2,Perdedor con MFE <= 2 ticks,SL,-62.0,0,60,00:14,24780.0,BUY,C:\Users\k_99_\Desktop\codding\data_footprint_generator\trade_results_score\score_trade_result_2025-10-13_NY.csv,True,-115,-150,-171,-170,-228,1,-115,-80,-3.09364841079215,0.988847583643123,0.323529411764706,209,225,-2,-2.333333333333333,-1.8,1,-0.333333333333333,-2,-171,29.0,-46.0,-17.0,-28.317335167742616,-36,-49,-21,0,-1,145,20,1738,-96,360,3825,-309,213,0.66,11,0,1,115.0,80.0,2.0,2.333333333333333,-1.0,0.8888888888888888,57.5,0.5111111111111111,1.076555023923445,0.4956521739130435,0.5964912280701754,1.0,1.0,1,-0.5,28.317335167742616,36.0,2,0.017391304347826087,46.0,270,4.5,0,10,1.0,-0.5862068965517241,17.0,0,7.682664832257384,-0.19999999999999996,-81.0,1.0
2025-10-17,2025-10-17 13:34:27.045824800+00:00,holdout,C_LOSER_MFE_3_TO_30,Perdedor con 2 < MFE <= 30 ticks,SL,-62.0,30,60,01:03,24780.0,SELL,C:\Users\k_99_\Desktop\codding\data_footprint_generator\trade_results_score\score_trade_result_2025-10-17_NY.csv,True,129,154,154,133,176,129,-23,104,3.620442516634752,0.992481203007519,7.142857142857143,103,171,5,2.666666666666667,1.6,0,1.333333333333333,5,154,57.0,7.0,64.0,33.063306699446834,43,14,45,0,-1,285,35,1303,181,-359,2396,8,173,1.29,11,1,0,129.0,104.0,5.0,2.666666666666667,0.0,2.9239766081871346,25.8,0.7543859649122807,1.6601941747572815,0.3979328165374677,0.5181818181818182,1.0,1.0,1,0.0,33.063306699446834,43.0,2,0.03875968992248062,12.9,267,4.45,4,10,-1.0,1.1228070175438596,7.0,0,9.936693300553166,-3.4,-102.4,1.0
2025-10-20,2025-10-20 13:31:00.963931900+00:00,holdout,B_LOSER_MFE_GT_30,Perdedor con MFE > 30 ticks,SL,-62.0,40,60,01:26,25182.5,SELL,C:\Users\k_99_\Desktop\codding\data_footprint_generator\trade_results_score\score_trade_result_2025-10-20_NY.csv,True,180,184,194,208,205,180,-11,176,4.601504605671835,1.0,2.855670103092784,327,374,7,2.333333333333333,1.6,7,2.0,7,194,49.0,5.0,54.0,24.581407205982323,11,4,36,1,-1,245,25,382,176,2522,5509,829,-653,25.94,8,0,0,180.0,176.0,7.0,2.333333333333333,7.0,1.8716577540106951,25.714285714285715,0.48128342245989303,1.143730886850153,0.3592592592592593,0.643298969072165,1.0,1.0,1,1.0,24.581407205982323,11.0,3,0.03888888888888889,7.714285714285715,60,1.0,0,10,-1.0,1.1020408163265305,5.0,1,13.581407205982323,-5.4,-138.4,-1.0
2025-10-22,2025-10-22 13:33:47.074027600+00:00,holdout,D_BORN_BAD_MFE_LE_2,Perdedor con MFE <= 2 ticks,SL,-62.0,0,60,00:11,25208.75,BUY,C:\Users\k_99_\Desktop\codding\data_footprint_generator\trade_results_score\score_trade_result_2025-10-22_NY.csv,True,-172,-174,-180,-180,-167,11,-172,-170,-6.354399599451033,1.0,0.515492957746479,468,538,-1,-1.666666666666667,-1.2,1,-0.333333333333333,-1,-180,47.0,-51.0,-4.0,-14.81654532362589,-10,-19,-2,1,-1,235,20,2044,-220,-563,2463,-101,-119,0.42,11,0,1,172.0,170.0,1.0,1.666666666666667,-1.0,0.18587360594795538,172.0,0.31970260223048325,1.1495726495726495,0.3488372093023256,0.6,1.0,1.0,1,-1.0,14.81654532362589,10.0,3,0.005813953488372093,154.8,227,3.783333333333333,2,10,1.0,-0.0851063829787234,4.0,1,4.81654532362589,0.19999999999999996,-136.0,-1.0
2025-10-27,2025-10-27 13:35:03.063955400+00:00,holdout,D_BORN_BAD_MFE_LE_2,Perdedor con MFE <= 2 ticks,SL,-62.0,0,60,00:27,25812.5,BUY,C:\Users\k_99_\Desktop\codding\data_footprint_generator\trade_results_score\score_trade_result_2025-10-27_NY.csv,True,-194,-241,-229,-237,-246,32,-194,-147,-5.261540940426489,1.0,0.220883534136546,250,304,-7,-3.0,-2.0,-7,-2.666666666666667,-7,-229,34.0,-36.0,-2.0,-24.47098804279421,-30,-35,-20,-3,0,170,10,536,-242,2333,2204,-202,-40,3.26,9,0,0,194.0,147.0,7.0,3.0,7.0,2.3026315789473686,27.714285714285715,0.6381578947368421,1.216,0.39347079037800686,0.6209606986899563,1.0,1.0,1,1.0,24.47098804279421,30.0,2,0.03608247422680412,8.314285714285715,303,5.05,0,10,1.0,-0.058823529411764705,2.0,0,5.529011957205789,-5.0,-146.6,1.0
2025-10-30,2025-10-30 13:34:53.124208100+00:00,holdout,D_BORN_BAD_MFE_LE_2,Perdedor con MFE <= 2 ticks,SL,-62.0,0,60,00:13,26050.0,BUY,C:\Users\k_99_\Desktop\codding\data_footprint_generator\trade_results_score\score_trade_result_2025-10-30_NY.csv,True,-243,-286,-287,-274,-275,22,-243,-200,-7.771706506772701,1.0,0.252307692307692,258,407,-1,-2.0,-0.8,2,-0.666666666666667,-1,-287,45.0,-62.0,-17.0,-25.39500059658752,-27,-37,-9,0,1,225,45,2248,-280,-4349,2670,-232,-48,0.85,11,0,1,243.0,200.0,1.0,2.0,-2.0,0.2457002457002457,243.0,0.597051597051597,1.5775193798449612,0.3936899862825789,0.572822299651568,1.0,1.0,1,-2.0,25.39500059658752,27.0,2,0.00411522633744856,218.70000000000002,293,4.883333333333334,3,10,1.0,-0.37777777777777777,17.0,0,1.6049994034124815,-0.19999999999999996,-188.2,-1.0
2026-03-11,2026-03-11 13:37:58.216749500+00:00,holdout,A_WINNER,Resultado realizado positivo,TP,58.0,60,0,03:06,25106.25,SELL,C:\Users\k_99_\Desktop\codding\data_footprint_generator\trade_results_score\score_trade_result_2026-03-11_NY.csv,True,154,177,172,182,199,154,-14,131,6.810163952160372,1.0,2.901234567901235,258,316,6,2.0,1.4,4,0.666666666666667,6,172,45.0,12.0,57.0,21.666915351506457,17,11,29,2,-2,225,60,1661,249,-355,1405,19,230,1.03,10,0,0,154.0,131.0,6.0,2.0,4.0,1.8987341772151898,25.666666666666668,0.4873417721518987,1.2248062015503876,0.3722943722943723,0.6348837209302326,1.0,1.0,1,0.6666666666666666,21.666915351506457,17.0,2,0.03896103896103896,10.266666666666667,478,7.966666666666667,2,3,-1.0,1.2666666666666666,12.0,2,4.666915351506457,-4.6,-117.6,1.0
2026-03-24,2026-03-24 13:31:36.009763900+00:00,holdout,A_WINNER,Resultado realizado positivo,TP,58.0,60,0,00:15,24290.0,BUY,C:\Users\k_99_\Desktop\codding\data_footprint_generator\trade_results_score\score_trade_result_2026-03-24_NY.csv,True,-212,-248,-246,-360,-351,16,-212,-176,-4.66035446765843,1.0,0.302631578947368,305,396,0,0.333333333333333,-1.2,2,0.333333333333333,0,-246,46.0,4.0,50.0,18.502827087442473,20,1,34,0,1,230,20,2982,-224,-1372,4628,98,-322,0.56,7,0,1,212.0,176.0,-0.0,-0.333333333333333,-2.0,0.0,848.0,0.5353535353535354,1.298360655737705,0.3867924528301887,0.8780487804878049,1.0,0.3333333333333333,0,-8.0,-18.502827087442473,-20.0,3,-0.0,848.0,96,1.6,1,3,1.0,1.0869565217391304,4.0,0,1.4971729125575273,1.2,-140.0,-1.0
2026-03-31,2026-03-31 13:31:36.032358300+00:00,holdout,A_WINNER,Resultado realizado positivo,TP,58.0,60,0,00:07,23440.0,SELL,C:\Users\k_99_\Desktop\codding\data_footprint_generator\trade_results_score\score_trade_result_2026-03-31_NY.csv,True,140,148,177,176,165,140,-9,132,3.256599287158594,0.978947368421053,2.75,240,300,5,2.333333333333333,1.6,4,1.666666666666667,5,177,40.0,9.0,49.0,23.9990366088632,32,12,37,0,3,200,40,1697,203,5432,4532,632,-429,1.11,9,0,0,140.0,132.0,5.0,2.333333333333333,4.0,1.6666666666666667,28.0,0.4666666666666667,1.25,0.42142857142857143,0.5966101694915255,1.0,1.0,1,0.8,23.9990366088632,32.0,2,0.03571428571428571,14.0,96,1.6,1,3,-1.0,1.225,9.0,0,8.0009633911368,-3.4,-104.8,-1.0
2026-04-10,2026-04-10 13:31:11.016122500+00:00,holdout,C_LOSER_MFE_3_TO_30,Perdedor con 2 < MFE <= 30 ticks,SL,-62.0,25,60,02:44,25352.5,SELL,C:\Users\k_99_\Desktop\codding\data_footprint_generator\trade_results_score\score_trade_result_2026-04-10_NY.csv,True,166,146,153,135,201,166,-20,186,4.191721414032681,0.985714285714286,4.531914893617021,222,260,5,1.666666666666667,1.6,5,0.333333333333333,5,153,27.0,7.0,34.0,18.977061714909883,20,11,27,2,-2,135,30,1074,298,2312,4423,241,57,2.72,9,0,0,166.0,186.0,5.0,1.666666666666667,5.0,1.9230769230769231,33.2,0.6384615384615384,1.1711711711711712,0.3072289156626506,0.5294117647058824,1.0,1.0,1,1.0,18.977061714909883,20.0,2,0.030120481927710843,16.6,71,1.1833333333333333,4,4,-1.0,1.2592592592592593,7.0,2,1.0229382850901168,-3.4,-139.0,-1.0
2026-04-30,2026-04-30 13:33:38.032773+00:00,holdout,D_BORN_BAD_MFE_LE_2,Perdedor con MFE <= 2 ticks,SL,-62.0,0,60,00:07,27377.5,BUY,C:\Users\k_99_\Desktop\codding\data_footprint_generator\trade_results_score\score_trade_result_2026-04-30_NY.csv,True,-152,-185,-187,-207,-304,5,-152,-119,-3.863947801892041,0.995391705069124,0.236180904522613,221,246,-11,-3.666666666666667,-3.4,-9,-2.333333333333333,-11,-187,56.0,-92.0,-36.0,-41.5552122514777,-19,-57,-12,0,-1,280,90,1972,-252,-1659,2815,67,-319,2.37,10,0,0,152.0,119.0,11.0,3.666666666666667,9.0,4.471544715447155,13.818181818181818,0.6178861788617886,1.1131221719457014,0.4100877192982456,0.6641711229946524,1.0,1.0,1,0.8181818181818182,41.5552122514777,19.0,2,0.07236842105263158,0.0,218,3.6333333333333333,3,4,1.0,-0.6428571428571429,36.0,0,22.5552122514777,-7.6,-110.6,-1.0
2026-05-14,2026-05-14 13:32:04.044889500+00:00,holdout,D_BORN_BAD_MFE_LE_2,Perdedor con MFE <= 2 ticks,SL,-62.0,0,60,00:05,29512.5,SELL,C:\Users\k_99_\Desktop\codding\data_footprint_generator\trade_results_score\score_trade_result_2026-05-14_NY.csv,True,120,134,216,208,205,120,-8,106,2.994734149205689,0.991869918699187,2.153846153846154,312,328,4,2.666666666666667,2.2,4,0.666666666666667,4,216,26.0,16.0,42.0,23.040822886531664,21,10,32,-2,1,130,50,631,215,-2047,3078,-22,237,12.36,7,0,0,120.0,106.0,4.0,2.666666666666667,4.0,1.2195121951219512,30.0,0.36585365853658536,1.0512820512820513,0.6,0.5777777777777777,1.0,1.0,1,1.0,23.040822886531664,21.0,2,0.03333333333333333,18.0,124,2.066666666666667,3,5,-1.0,1.6153846153846154,16.0,1,2.0408228865316644,-1.7999999999999998,-78.4,1.0
2026-05-18,2026-05-18 13:35:01.126331500+00:00,holdout,A_WINNER,Resultado realizado positivo,TP,58.0,60,0,00:12,29277.5,BUY,C:\Users\k_99_\Desktop\codding\data_footprint_generator\trade_results_score\score_trade_result_2026-05-18_NY.csv,True,-116,-123,-151,-168,-176,8,-116,-109,-3.245304478396414,0.986666666666667,0.425742574257426,254,288,-9,-3.666666666666667,-2.4,-12,-2.0,-9,-151,41.0,-63.0,-22.0,-32.077881319105785,-34,-47,-20,-3,2,205,50,292,-114,2293,2645,-39,-75,44.39,7,0,0,116.0,109.0,9.0,3.666666666666667,12.0,3.125,12.88888888888889,0.4027777777777778,1.1338582677165354,0.4339080459770115,0.6675496688741722,1.0,1.0,1,1.3333333333333333,32.077881319105785,34.0,2,0.07758620689655173,1.2888888888888888,301,5.016666666666667,0,5,1.0,-0.5365853658536586,22.0,2,1.922118680894215,-6.6,-82.4,1.0
2026-05-19,2026-05-19 13:32:16.027366300+00:00,holdout,D_BORN_BAD_MFE_LE_2,Perdedor con MFE <= 2 ticks,SL,-62.0,0,60,00:47,28968.75,SELL,C:\Users\k_99_\Desktop\codding\data_footprint_generator\trade_results_score\score_trade_result_2026-05-19_NY.csv,True,165,193,204,208,256,165,-10,137,2.539233766965368,0.977777777777778,2.240601503759398,381,431,11,5.0,3.6,7,2.333333333333333,11,204,74.0,20.0,94.0,47.33895576707727,42,7,67,-1,0,370,110,1286,284,366,4358,-32,316,6.86,10,1,0,165.0,137.0,11.0,5.0,7.0,2.5522041763341066,15.0,0.382830626450116,1.1312335958005248,0.4121212121212121,0.611764705882353,1.0,1.0,1,0.6363636363636364,47.33895576707727,42.0,2,0.06666666666666667,0.0,136,2.2666666666666666,1,5,-1.0,1.2702702702702702,20.0,0,5.338955767077273,-7.4,-123.4,-1.0
2026-05-20,2026-05-20 13:35:15.034021400+00:00,holdout,D_BORN_BAD_MFE_LE_2,Perdedor con MFE <= 2 ticks,SL,-62.0,0,60,00:12,29126.25,BUY,C:\Users\k_99_\Desktop\codding\data_footprint_generator\trade_results_score\score_trade_result_2026-05-20_NY.csv,True,-147,-160,-179,-181,-193,8,-147,-134,-5.379798202536737,1.0,0.140350877192982,125,195,-3,-2.0,-1.4,-2,-1.333333333333333,-3,-179,42.0,3.0,45.0,5.429703931402686,-7,-13,22,2,-1,210,0,688,-164,1147,1883,-31,-133,0.0,8,0,0,147.0,134.0,3.0,2.0,2.0,1.5384615384615385,49.0,0.7538461538461538,1.56,0.40589569160997735,0.6067039106145251,1.0,1.0,1,0.6666666666666666,-5.429703931402686,7.0,2,0.02040816326530612,34.3,315,5.25,2,5,1.0,1.0714285714285714,3.0,1,12.429703931402685,-1.6,-110.8,1.0
2026-05-29,2026-05-29 13:32:02.047142100+00:00,holdout,A_WINNER,Resultado realizado positivo,TP,58.0,60,10,00:08,30423.75,SELL,C:\Users\k_99_\Desktop\codding\data_footprint_generator\trade_results_score\score_trade_result_2026-05-29_NY.csv,True,140,171,165,152,117,140,-33,109,2.899487045751394,0.983471074380165,3.692307692307692,193,244,6,2.333333333333333,1.4,5,2.0,6,165,32.0,15.0,47.0,23.024667599720082,24,15,36,0,-1,160,30,332,178,2749,3724,166,12,14.65,9,0,0,140.0,109.0,6.0,2.333333333333333,5.0,2.459016393442623,23.333333333333332,0.5737704918032787,1.2642487046632125,0.39285714285714285,0.5527272727272727,1.0,1.0,1,0.8333333333333334,23.024667599720082,24.0,2,0.04285714285714286,9.333333333333334,122,2.033333333333333,4,5,-1.0,1.46875,15.0,0,0.9753324002799175,-4.6,-109.6,-1.0
2026-06-03,2026-06-03 13:31:52.993126100+00:00,holdout,A_WINNER,Resultado realizado positivo,TP,58.0,60,30,00:58,30801.25,SELL,C:\Users\k_99_\Desktop\codding\data_footprint_generator\trade_results_score\score_trade_result_2026-06-03_NY.csv,True,213,214,208,285,233,213,-24,212,5.842752103512007,1.0,4.736842105263158,248,327,7,2.333333333333333,2.2,7,2.0,7,208,30.0,7.0,37.0,16.720711910815567,9,6,23,1,-1,150,35,3795,447,2834,6431,379,68,0.66,10,1,0,213.0,212.0,7.0,2.333333333333333,7.0,2.140672782874618,30.428571428571427,0.6513761467889908,1.3185483870967742,0.325508607198748,0.8221153846153846,1.0,1.0,1,1.0,16.720711910815567,9.0,2,0.03286384976525822,9.12857142857143,112,1.8666666666666667,2,6,-1.0,1.2333333333333334,7.0,1,7.720711910815567,-4.8,-156.0,-1.0
2026-06-24,2026-06-24 13:32:30.982672100+00:00,holdout,D_BORN_BAD_MFE_LE_2,Perdedor con MFE <= 2 ticks,SL,-62.0,0,60,00:03,29738.75,SELL,C:\Users\k_99_\Desktop\codding\data_footprint_generator\trade_results_score\score_trade_result_2026-06-24_NY.csv,True,198,189,203,191,284,198,-14,207,3.401336288526222,0.98,2.609756097560976,365,444,15,6.333333333333333,3.6,17,4.333333333333333,15,203,62.0,21.0,83.0,53.187353039973125,52,44,69,1,2,310,105,2011,477,3830,3242,526,-49,3.39,7,0,0,198.0,207.0,15.0,6.333333333333333,17.0,3.3783783783783785,13.2,0.44594594594594594,1.2164383561643837,0.34175084175084175,0.5645320197044335,1.0,1.0,1,1.1333333333333333,53.187353039973125,52.0,2,0.07575757575757576,0.0,150,2.5,2,6,-1.0,1.3387096774193548,21.0,1,1.1873530399731251,-11.4,-159.8,-1.0
2026-06-25,2026-06-25 13:31:09.997431400+00:00,holdout,A_WINNER,Resultado realizado positivo,TP,58.0,60,5,00:04,30097.5,BUY,C:\Users\k_99_\Desktop\codding\data_footprint_generator\trade_results_score\score_trade_result_2026-06-25_NY.csv,True,-127,-151,-152,-159,-220,10,-127,-103,-2.651189516559267,0.985507246376812,0.20625,162,193,-10,-4.666666666666667,-3.8,-6,-2.666666666666667,-10,-152,68.0,-77.0,-9.0,-35.00673709998469,-23,-46,-9,-1,0,340,45,817,-223,-54,5732,16,-239,4.5,9,0,0,127.0,103.0,10.0,4.666666666666667,6.0,5.181347150259067,12.7,0.6580310880829016,1.191358024691358,0.3989501312335958,0.6276315789473684,1.0,1.0,1,0.6,35.00673709998469,23.0,2,0.07874015748031496,0.0,69,1.15,3,6,1.0,-0.1323529411764706,9.0,0,12.00673709998469,-6.2,-95.2,-1.0
2026-07-08,2026-07-08 13:31:55.985561100+00:00,holdout,C_LOSER_MFE_3_TO_30,Perdedor con 2 < MFE <= 30 ticks,SL,-62.0,20,60,00:07,29297.5,SELL,C:\Users\k_99_\Desktop\codding\data_footprint_generator\trade_results_score\score_trade_result_2026-07-08_NY.csv,True,139,163,234,247,287,139,-4,115,2.720409602622179,0.973913043478261,4.232558139534884,193,225,9,6.0,4.2,7,3.0,9,234,61.0,16.0,77.0,37.97630385487528,38,21,50,1,-1,305,80,3390,260,-1259,5430,128,132,1.43,9,0,0,139.0,115.0,9.0,6.0,7.0,4.0,15.444444444444445,0.6177777777777778,1.16580310880829,0.5611510791366906,0.6333333333333333,1.0,1.0,1,0.7777777777777778,37.97630385487528,38.0,2,0.06474820143884892,1.544444444444444,115,1.9166666666666667,2,7,-1.0,1.2622950819672132,16.0,1,0.02369614512471685,-4.8,-89.6,1.0
