fecha,BurstId,split,family,prediction_timestamp,burst_timestamp_utc,detector_publish_timestamp_utc,burst_side,burst_price,reference_level,cutoff_seconds_ny,event_seconds_ny,publish_seconds_ny,causal_timestamp_valid,mbp_file_exists,tape_file_exists,mbp_rows_pre_cutoff,tape_rows_pre_cutoff,burst_w1_level_seen,burst_w1_update_count,burst_w1_known_change_count,burst_w1_start_depth,burst_w1_end_depth,burst_w1_min_depth,burst_w1_max_depth,burst_w1_depth_net_change,burst_w1_depth_balance,burst_w1_add_volume,burst_w1_remove_volume,burst_w1_add_events,burst_w1_remove_events,burst_w1_refill_to_remove,burst_w1_recovery_from_min,burst_w1_level_survived,burst_w1_last_update_age_ms,burst_w1_aggressive_volume,burst_w1_counter_volume,burst_w1_execution_imbalance,burst_w1_add_to_aggressive,burst_w1_remove_to_aggressive,burst_w1_refill_latency_ms,burst_w1_refill_events_after_aggression,burst_w1_refill_volume_after_aggression,burst_w3_level_seen,burst_w3_update_count,burst_w3_known_change_count,burst_w3_start_depth,burst_w3_end_depth,burst_w3_min_depth,burst_w3_max_depth,burst_w3_depth_net_change,burst_w3_depth_balance,burst_w3_add_volume,burst_w3_remove_volume,burst_w3_add_events,burst_w3_remove_events,burst_w3_refill_to_remove,burst_w3_recovery_from_min,burst_w3_level_survived,burst_w3_last_update_age_ms,burst_w3_aggressive_volume,burst_w3_counter_volume,burst_w3_execution_imbalance,burst_w3_add_to_aggressive,burst_w3_remove_to_aggressive,burst_w3_refill_latency_ms,burst_w3_refill_events_after_aggression,burst_w3_refill_volume_after_aggression,burst_w5_level_seen,burst_w5_update_count,burst_w5_known_change_count,burst_w5_start_depth,burst_w5_end_depth,burst_w5_min_depth,burst_w5_max_depth,burst_w5_depth_net_change,burst_w5_depth_balance,burst_w5_add_volume,burst_w5_remove_volume,burst_w5_add_events,burst_w5_remove_events,burst_w5_refill_to_remove,burst_w5_recovery_from_min,burst_w5_level_survived,burst_w5_last_update_age_ms,burst_w5_aggressive_volume,burst_w5_counter_volume,burst_w5_execution_imbalance,burst_w5_add_to_aggressive,burst_w5_remove_to_aggressive,burst_w5_refill_latency_ms,burst_w5_refill_events_after_aggression,burst_w5_refill_volume_after_aggression,burst_w10_level_seen,burst_w10_update_count,burst_w10_known_change_count,burst_w10_start_depth,burst_w10_end_depth,burst_w10_min_depth,burst_w10_max_depth,burst_w10_depth_net_change,burst_w10_depth_balance,burst_w10_add_volume,burst_w10_remove_volume,burst_w10_add_events,burst_w10_remove_events,burst_w10_refill_to_remove,burst_w10_recovery_from_min,burst_w10_level_survived,burst_w10_last_update_age_ms,burst_w10_aggressive_volume,burst_w10_counter_volume,burst_w10_execution_imbalance,burst_w10_add_to_aggressive,burst_w10_remove_to_aggressive,burst_w10_refill_latency_ms,burst_w10_refill_events_after_aggression,burst_w10_refill_volume_after_aggression,reference_w1_level_seen,reference_w1_update_count,reference_w1_known_change_count,reference_w1_start_depth,reference_w1_end_depth,reference_w1_min_depth,reference_w1_max_depth,reference_w1_depth_net_change,reference_w1_depth_balance,reference_w1_add_volume,reference_w1_remove_volume,reference_w1_add_events,reference_w1_remove_events,reference_w1_refill_to_remove,reference_w1_recovery_from_min,reference_w1_level_survived,reference_w1_last_update_age_ms,reference_w1_aggressive_volume,reference_w1_counter_volume,reference_w1_execution_imbalance,reference_w1_add_to_aggressive,reference_w1_remove_to_aggressive,reference_w1_refill_latency_ms,reference_w1_refill_events_after_aggression,reference_w1_refill_volume_after_aggression,reference_w3_level_seen,reference_w3_update_count,reference_w3_known_change_count,reference_w3_start_depth,reference_w3_end_depth,reference_w3_min_depth,reference_w3_max_depth,reference_w3_depth_net_change,reference_w3_depth_balance,reference_w3_add_volume,reference_w3_remove_volume,reference_w3_add_events,reference_w3_remove_events,reference_w3_refill_to_remove,reference_w3_recovery_from_min,reference_w3_level_survived,reference_w3_last_update_age_ms,reference_w3_aggressive_volume,reference_w3_counter_volume,reference_w3_execution_imbalance,reference_w3_add_to_aggressive,reference_w3_remove_to_aggressive,reference_w3_refill_latency_ms,reference_w3_refill_events_after_aggression,reference_w3_refill_volume_after_aggression,reference_w5_level_seen,reference_w5_update_count,reference_w5_known_change_count,reference_w5_start_depth,reference_w5_end_depth,reference_w5_min_depth,reference_w5_max_depth,reference_w5_depth_net_change,reference_w5_depth_balance,reference_w5_add_volume,reference_w5_remove_volume,reference_w5_add_events,reference_w5_remove_events,reference_w5_refill_to_remove,reference_w5_recovery_from_min,reference_w5_level_survived,reference_w5_last_update_age_ms,reference_w5_aggressive_volume,reference_w5_counter_volume,reference_w5_execution_imbalance,reference_w5_add_to_aggressive,reference_w5_remove_to_aggressive,reference_w5_refill_latency_ms,reference_w5_refill_events_after_aggression,reference_w5_refill_volume_after_aggression,reference_w10_level_seen,reference_w10_update_count,reference_w10_known_change_count,reference_w10_start_depth,reference_w10_end_depth,reference_w10_min_depth,reference_w10_max_depth,reference_w10_depth_net_change,reference_w10_depth_balance,reference_w10_add_volume,reference_w10_remove_volume,reference_w10_add_events,reference_w10_remove_events,reference_w10_refill_to_remove,reference_w10_recovery_from_min,reference_w10_level_survived,reference_w10_last_update_age_ms,reference_w10_aggressive_volume,reference_w10_counter_volume,reference_w10_execution_imbalance,reference_w10_add_to_aggressive,reference_w10_remove_to_aggressive,reference_w10_refill_latency_ms,reference_w10_refill_events_after_aggression,reference_w10_refill_volume_after_aggression
2022-04-05,LB_20220405_093200_BUY_0001,discovery,A_TRUE_ABSORPTION,2022-04-05 13:32:01.026000+00:00,2022-04-05T13:32:00.0000000Z,2022-04-05T13:32:01.0250000Z,BUY,15135.0,15130.0,34321.026,34320.0,34321.025,1.0,1.0,1.0,13028.0,8943.0,1.0,10.0,9.0,,5.0,0.0,18.0,,-0.3023255813953488,15.0,28.0,4.0,4.0,0.5357142857142857,5.0,1.0,0.0,27.0,13.0,0.35,0.5555555555555556,1.037037037037037,42.00000000128057,4.0,15.0,1.0,10.0,9.0,,5.0,0.0,18.0,,-0.3023255813953488,15.0,28.0,4.0,4.0,0.5357142857142857,5.0,1.0,0.0,27.0,13.0,0.35,0.5555555555555556,1.037037037037037,42.00000000128057,4.0,15.0,1.0,10.0,9.0,,5.0,0.0,18.0,,-0.3023255813953488,15.0,28.0,4.0,4.0,0.5357142857142857,5.0,1.0,0.0,27.0,13.0,0.35,0.5555555555555556,1.037037037037037,42.00000000128057,4.0,15.0,1.0,10.0,9.0,,5.0,0.0,18.0,,-0.3023255813953488,15.0,28.0,4.0,4.0,0.5357142857142857,5.0,1.0,0.0,27.0,13.0,0.35,0.5555555555555556,1.037037037037037,42.00000000128057,4.0,15.0,1.0,10.0,10.0,0.0,0.0,0.0,7.0,0.0,0.0,18.0,18.0,4.0,4.0,1.0,0.0,0.0,704.9999999944703,32.0,1.0,0.9393939393939394,0.5625,0.5625,0.0,4.0,18.0,1.0,10.0,10.0,0.0,0.0,0.0,7.0,0.0,0.0,18.0,18.0,4.0,4.0,1.0,0.0,0.0,704.9999999944703,32.0,1.0,0.9393939393939394,0.5625,0.5625,0.0,4.0,18.0,1.0,10.0,10.0,0.0,0.0,0.0,7.0,0.0,0.0,18.0,18.0,4.0,4.0,1.0,0.0,0.0,704.9999999944703,32.0,1.0,0.9393939393939394,0.5625,0.5625,0.0,4.0,18.0,1.0,10.0,10.0,0.0,0.0,0.0,7.0,0.0,0.0,18.0,18.0,4.0,4.0,1.0,0.0,0.0,704.9999999944703,32.0,1.0,0.9393939393939394,0.5625,0.5625,0.0,4.0,18.0
2022-04-06,LB_20220406_093100_BUY_0001,discovery,C_MIXED_PATH,2022-04-06 13:31:01.004000+00:00,2022-04-06T13:31:00.0000000Z,2022-04-06T13:31:01.0020000Z,BUY,14643.75,14635.0,34261.004,34260.0,34261.002,1.0,1.0,1.0,8747.0,6359.0,1.0,25.0,24.0,,0.0,0.0,24.0,,-0.04477611940298507,64.0,70.0,11.0,13.0,0.9142857142857143,0.0,0.0,2.0000000004074536,50.0,8.0,0.7241379310344828,1.28,1.4,74.00000000052387,11.0,64.0,1.0,25.0,24.0,,0.0,0.0,24.0,,-0.04477611940298507,64.0,70.0,11.0,13.0,0.9142857142857143,0.0,0.0,2.0000000004074536,50.0,8.0,0.7241379310344828,1.28,1.4,74.00000000052387,11.0,64.0,1.0,25.0,24.0,,0.0,0.0,24.0,,-0.04477611940298507,64.0,70.0,11.0,13.0,0.9142857142857143,0.0,0.0,2.0000000004074536,50.0,8.0,0.7241379310344828,1.28,1.4,74.00000000052387,11.0,64.0,1.0,25.0,24.0,,0.0,0.0,24.0,,-0.04477611940298507,64.0,70.0,11.0,13.0,0.9142857142857143,0.0,0.0,2.0000000004074536,50.0,8.0,0.7241379310344828,1.28,1.4,74.00000000052387,11.0,64.0,1.0,17.0,17.0,0.0,0.0,0.0,9.0,0.0,0.0,29.0,29.0,6.0,7.0,1.0,0.0,0.0,751.0000000038417,39.0,2.0,0.9024390243902439,0.7435897435897436,0.7435897435897436,0.0,6.0,29.0,1.0,26.0,25.0,,0.0,0.0,9.0,,-0.0392156862745098,49.0,53.0,10.0,11.0,0.9245283018867925,0.0,0.0,751.0000000038417,54.0,3.0,0.8947368421052632,0.9074074074074074,0.9814814814814815,0.0,10.0,49.0,1.0,26.0,25.0,,0.0,0.0,9.0,,-0.0392156862745098,49.0,53.0,10.0,11.0,0.9245283018867925,0.0,0.0,751.0000000038417,54.0,3.0,0.8947368421052632,0.9074074074074074,0.9814814814814815,0.0,10.0,49.0,1.0,26.0,25.0,,0.0,0.0,9.0,,-0.0392156862745098,49.0,53.0,10.0,11.0,0.9245283018867925,0.0,0.0,751.0000000038417,54.0,3.0,0.8947368421052632,0.9074074074074074,0.9814814814814815,0.0,10.0,49.0
2022-04-19,LB_20220419_093100_BUY_0001,discovery,C_MIXED_PATH,2022-04-19 13:31:01.016000+00:00,2022-04-19T13:31:00.0000000Z,2022-04-19T13:31:01.0090000Z,BUY,13906.25,13896.25,34261.016,34260.0,34261.009,1.0,1.0,1.0,8382.0,5747.0,1.0,31.0,30.0,,7.0,0.0,32.0,,0.016216216216216217,94.0,91.0,12.0,14.0,1.032967032967033,7.0,1.0,7.0000000050640665,43.0,21.0,0.34375,2.186046511627907,2.116279069767442,0.0,12.0,94.0,1.0,31.0,30.0,,7.0,0.0,32.0,,0.016216216216216217,94.0,91.0,12.0,14.0,1.032967032967033,7.0,1.0,7.0000000050640665,43.0,21.0,0.34375,2.186046511627907,2.116279069767442,0.0,12.0,94.0,1.0,31.0,30.0,,7.0,0.0,32.0,,0.016216216216216217,94.0,91.0,12.0,14.0,1.032967032967033,7.0,1.0,7.0000000050640665,43.0,21.0,0.34375,2.186046511627907,2.116279069767442,0.0,12.0,94.0,1.0,31.0,30.0,,7.0,0.0,32.0,,0.016216216216216217,94.0,91.0,12.0,14.0,1.032967032967033,7.0,1.0,7.0000000050640665,43.0,21.0,0.34375,2.186046511627907,2.116279069767442,0.0,12.0,94.0,1.0,16.0,16.0,0.0,0.0,0.0,12.0,0.0,0.0,32.0,32.0,9.0,6.0,1.0,0.0,0.0,637.0000000024447,19.0,4.0,0.6521739130434783,1.6842105263157894,1.6842105263157894,0.0,9.0,32.0,1.0,20.0,19.0,,0.0,0.0,12.0,,-0.1232876712328767,32.0,41.0,9.0,9.0,0.7804878048780488,0.0,0.0,637.0000000024447,22.0,6.0,0.5714285714285714,1.4545454545454546,1.8636363636363635,867.9999999949359,9.0,32.0,1.0,20.0,19.0,,0.0,0.0,12.0,,-0.1232876712328767,32.0,41.0,9.0,9.0,0.7804878048780488,0.0,0.0,637.0000000024447,22.0,6.0,0.5714285714285714,1.4545454545454546,1.8636363636363635,867.9999999949359,9.0,32.0,1.0,20.0,19.0,,0.0,0.0,12.0,,-0.1232876712328767,32.0,41.0,9.0,9.0,0.7804878048780488,0.0,0.0,637.0000000024447,22.0,6.0,0.5714285714285714,1.4545454545454546,1.8636363636363635,867.9999999949359,9.0,32.0
2022-04-26,LB_20220426_093143_SELL_0001,discovery,C_MIXED_PATH,2022-04-26 13:31:44.003000200+00:00,2022-04-26T13:31:43.0000000Z,2022-04-26T13:31:44.0030000Z,SELL,13405.0,13413.75,34304.003,34303.0,34304.003,1.0,1.0,1.0,13532.0,8459.0,1.0,12.0,11.0,,9.0,0.0,9.0,,0.1794871794871795,23.0,16.0,5.0,5.0,1.4375,9.0,1.0,0.0,13.0,2.0,0.7333333333333333,1.7692307692307692,1.2307692307692308,0.0,3.0,14.0,1.0,12.0,11.0,,9.0,0.0,9.0,,0.1794871794871795,23.0,16.0,5.0,5.0,1.4375,9.0,1.0,0.0,13.0,2.0,0.7333333333333333,1.7692307692307692,1.2307692307692308,0.0,3.0,14.0,1.0,12.0,11.0,,9.0,0.0,9.0,,0.1794871794871795,23.0,16.0,5.0,5.0,1.4375,9.0,1.0,0.0,13.0,2.0,0.7333333333333333,1.7692307692307692,1.2307692307692308,0.0,3.0,14.0,1.0,12.0,11.0,,9.0,0.0,9.0,,0.1794871794871795,23.0,16.0,5.0,5.0,1.4375,9.0,1.0,0.0,13.0,2.0,0.7333333333333333,1.7692307692307692,1.2307692307692308,0.0,3.0,14.0,1.0,0.0,0.0,0.0,0.0,0.0,0.0,0.0,,0.0,-0.0,0.0,0.0,,0.0,0.0,4485.999999997148,0.0,0.0,,,,,0.0,0.0,1.0,0.0,0.0,0.0,0.0,0.0,0.0,0.0,,0.0,-0.0,0.0,0.0,,0.0,0.0,4485.999999997148,0.0,0.0,,,,,0.0,0.0,1.0,3.0,3.0,0.0,0.0,0.0,6.0,0.0,0.0,6.0,6.0,1.0,1.0,1.0,0.0,0.0,4485.999999997148,2.0,11.0,-0.6923076923076923,3.0,3.0,,0.0,0.0,1.0,17.0,17.0,0.0,0.0,0.0,9.0,0.0,0.0,31.0,31.0,7.0,5.0,1.0,0.0,0.0,4485.999999997148,20.0,42.0,-0.3548387096774194,1.55,1.55,0.0,7.0,31.0
2022-04-27,LB_20220427_093500_BUY_0001,discovery,A_TRUE_ABSORPTION,2022-04-27 13:35:01.007000+00:00,2022-04-27T13:35:00.0000000Z,2022-04-27T13:35:01.0010000Z,BUY,13120.0,13070.0,34501.007,34500.0,34501.001,1.0,1.0,1.0,36158.0,20187.0,1.0,21.0,20.0,,9.0,0.0,138.0,,0.0,170.0,170.0,8.0,8.0,1.0,9.0,1.0,0.0,74.0,3.0,0.922077922077922,2.2972972972972974,2.2972972972972974,0.0,8.0,170.0,1.0,21.0,20.0,,9.0,0.0,138.0,,0.0,170.0,170.0,8.0,8.0,1.0,9.0,1.0,0.0,74.0,3.0,0.922077922077922,2.2972972972972974,2.2972972972972974,0.0,8.0,170.0,1.0,21.0,20.0,,9.0,0.0,138.0,,0.0,170.0,170.0,8.0,8.0,1.0,9.0,1.0,0.0,74.0,3.0,0.922077922077922,2.2972972972972974,2.2972972972972974,0.0,8.0,170.0,1.0,21.0,20.0,,9.0,0.0,138.0,,0.0,170.0,170.0,8.0,8.0,1.0,9.0,1.0,0.0,74.0,3.0,0.922077922077922,2.2972972972972974,2.2972972972972974,0.0,8.0,170.0,1.0,0.0,0.0,0.0,0.0,0.0,0.0,0.0,,0.0,-0.0,0.0,0.0,,0.0,0.0,173978.99999999936,0.0,0.0,,,,,0.0,0.0,1.0,0.0,0.0,0.0,0.0,0.0,0.0,0.0,,0.0,-0.0,0.0,0.0,,0.0,0.0,173978.99999999936,0.0,0.0,,,,,0.0,0.0,1.0,0.0,0.0,0.0,0.0,0.0,0.0,0.0,,0.0,-0.0,0.0,0.0,,0.0,0.0,173978.99999999936,0.0,0.0,,,,,0.0,0.0,1.0,0.0,0.0,0.0,0.0,0.0,0.0,0.0,,0.0,-0.0,0.0,0.0,,0.0,0.0,173978.99999999936,0.0,0.0,,,,,0.0,0.0
2022-05-04,LB_20220504_093301_SELL_0001,discovery,A_TRUE_ABSORPTION,2022-05-04 13:33:02.005000+00:00,2022-05-04T13:33:01.0000000Z,2022-05-04T13:33:02.0010000Z,SELL,13075.0,13083.75,34382.005,34381.0,34382.001,1.0,1.0,1.0,15794.0,9399.0,1.0,22.0,22.0,7.0,0.0,0.0,9.0,-7.0,-0.08433734939759036,38.0,45.0,10.0,11.0,0.8444444444444444,0.0,0.0,21.000000000640284,203.0,2.0,0.9804878048780488,0.18719211822660098,0.22167487684729065,0.0,1.0,1.0,1.0,30.0,30.0,0.0,0.0,0.0,9.0,0.0,0.0,55.0,55.0,15.0,14.0,1.0,0.0,0.0,21.000000000640284,203.0,2.0,0.9804878048780488,0.270935960591133,0.270935960591133,0.0,1.0,1.0,1.0,30.0,30.0,0.0,0.0,0.0,9.0,0.0,0.0,55.0,55.0,15.0,14.0,1.0,0.0,0.0,21.000000000640284,203.0,2.0,0.9804878048780488,0.270935960591133,0.270935960591133,0.0,1.0,1.0,1.0,30.0,30.0,0.0,0.0,0.0,9.0,0.0,0.0,55.0,55.0,15.0,14.0,1.0,0.0,0.0,21.000000000640284,203.0,2.0,0.9804878048780488,0.270935960591133,0.270935960591133,0.0,1.0,1.0,1.0,0.0,0.0,0.0,0.0,0.0,0.0,0.0,,0.0,-0.0,0.0,0.0,,0.0,0.0,12008.999999998196,0.0,0.0,,,,,0.0,0.0,1.0,0.0,0.0,0.0,0.0,0.0,0.0,0.0,,0.0,-0.0,0.0,0.0,,0.0,0.0,12008.999999998196,0.0,0.0,,,,,0.0,0.0,1.0,0.0,0.0,0.0,0.0,0.0,0.0,0.0,,0.0,-0.0,0.0,0.0,,0.0,0.0,12008.999999998196,6.0,8.0,-0.14285714285714285,0.0,-0.0,,0.0,0.0,1.0,0.0,0.0,0.0,0.0,0.0,0.0,0.0,,0.0,-0.0,0.0,0.0,,0.0,0.0,12008.999999998196,10.0,24.0,-0.4117647058823529,0.0,-0.0,,0.0,0.0
2022-05-09,LB_20220509_093112_BUY_0001,discovery,C_MIXED_PATH,2022-05-09 13:31:13.010000+00:00,2022-05-09T13:31:12.0000000Z,2022-05-09T13:31:13.0090000Z,BUY,12492.5,12481.25,34273.01,34272.0,34273.009,1.0,1.0,1.0,12232.0,7071.0,1.0,23.0,23.0,0.0,0.0,0.0,9.0,0.0,0.0,34.0,34.0,11.0,9.0,1.0,0.0,0.0,29.0000000022701,31.0,18.0,0.2653061224489796,1.096774193548387,1.096774193548387,0.0,11.0,34.0,1.0,37.0,37.0,0.0,0.0,0.0,9.0,0.0,0.0,65.0,65.0,18.0,14.0,1.0,0.0,0.0,29.0000000022701,59.0,20.0,0.4936708860759494,1.1016949152542372,1.1016949152542372,0.0,18.0,65.0,1.0,40.0,39.0,,0.0,0.0,16.0,,-0.02531645569620253,77.0,81.0,19.0,15.0,0.9506172839506173,0.0,0.0,29.0000000022701,61.0,20.0,0.5061728395061729,1.2622950819672132,1.3278688524590163,2.0000000004074536,19.0,77.0,1.0,40.0,39.0,,0.0,0.0,16.0,,-0.02531645569620253,77.0,81.0,19.0,15.0,0.9506172839506173,0.0,0.0,29.0000000022701,61.0,20.0,0.5061728395061729,1.2622950819672132,1.3278688524590163,2.0000000004074536,19.0,77.0,1.0,0.0,0.0,0.0,0.0,0.0,0.0,0.0,,0.0,-0.0,0.0,0.0,,0.0,0.0,2358.0000000001746,0.0,0.0,,,,,0.0,0.0,1.0,15.0,15.0,0.0,0.0,0.0,9.0,0.0,0.0,24.0,24.0,6.0,5.0,1.0,0.0,0.0,2358.0000000001746,5.0,10.0,-0.3333333333333333,4.8,4.8,0.0,4.0,16.0,1.0,15.0,15.0,0.0,0.0,0.0,9.0,0.0,0.0,24.0,24.0,6.0,5.0,1.0,0.0,0.0,2358.0000000001746,5.0,10.0,-0.3333333333333333,4.8,4.8,0.0,4.0,16.0,1.0,15.0,15.0,0.0,0.0,0.0,9.0,0.0,0.0,24.0,24.0,6.0,5.0,1.0,0.0,0.0,2358.0000000001746,5.0,10.0,-0.3333333333333333,4.8,4.8,0.0,4.0,16.0
2022-05-18,LB_20220518_093457_BUY_0001,discovery,C_MIXED_PATH,2022-05-18 13:34:58.072000+00:00,2022-05-18T13:34:57.0000000Z,2022-05-18T13:34:58.0560000Z,BUY,12378.75,12372.5,34498.072,34497.0,34498.056,1.0,1.0,1.0,27404.0,16883.0,1.0,52.0,52.0,0.0,5.0,0.0,9.0,5.0,0.030303030303030304,85.0,80.0,21.0,25.0,1.0625,5.0,1.0,0.0,56.0,42.0,0.14285714285714285,1.5178571428571428,1.4285714285714286,0.0,21.0,85.0,1.0,52.0,52.0,0.0,5.0,0.0,9.0,5.0,0.030303030303030304,85.0,80.0,21.0,25.0,1.0625,5.0,1.0,0.0,56.0,42.0,0.14285714285714285,1.5178571428571428,1.4285714285714286,0.0,21.0,85.0,1.0,52.0,52.0,0.0,5.0,0.0,9.0,5.0,0.030303030303030304,85.0,80.0,21.0,25.0,1.0625,5.0,1.0,0.0,56.0,42.0,0.14285714285714285,1.5178571428571428,1.4285714285714286,0.0,21.0,85.0,1.0,58.0,58.0,0.0,5.0,0.0,9.0,5.0,0.0273224043715847,94.0,89.0,24.0,28.0,1.0561797752808988,5.0,1.0,0.0,59.0,42.0,0.16831683168316833,1.5932203389830508,1.5084745762711864,0.0,24.0,94.0,1.0,0.0,0.0,0.0,0.0,0.0,0.0,0.0,,0.0,-0.0,0.0,0.0,,0.0,0.0,1307.0000000006985,0.0,0.0,,,,,0.0,0.0,1.0,27.0,27.0,0.0,0.0,0.0,90.0,0.0,0.0,135.0,135.0,12.0,11.0,1.0,0.0,0.0,1307.0000000006985,25.0,17.0,0.19047619047619047,5.4,5.4,0.0,10.0,118.0,1.0,37.0,37.0,0.0,0.0,0.0,90.0,0.0,0.0,157.0,157.0,15.0,16.0,1.0,0.0,0.0,1307.0000000006985,35.0,21.0,0.25,4.485714285714286,4.485714285714286,601.9999999989523,15.0,157.0,1.0,60.0,60.0,0.0,0.0,0.0,90.0,0.0,0.0,201.0,201.0,26.0,25.0,1.0,0.0,0.0,1307.0000000006985,50.0,50.0,0.0,4.02,4.02,0.0,25.0,196.0
2022-05-20,LB_20220520_093501_SELL_0001,discovery,B_CLEAN_BREAKOUT,2022-05-20 13:35:02.005000+00:00,2022-05-20T13:35:01.0000000Z,2022-05-20T13:35:02.0000000Z,SELL,11990.0,12011.25,34502.005,34501.0,34502.0,1.0,1.0,1.0,33572.0,19572.0,1.0,34.0,33.0,,0.0,0.0,9.0,,-0.05343511450381679,62.0,69.0,15.0,14.0,0.8985507246376812,0.0,0.0,88.99999999994179,61.0,44.0,0.1619047619047619,1.0163934426229508,1.1311475409836065,48.00000000250293,4.0,14.0,1.0,34.0,33.0,,0.0,0.0,9.0,,-0.05343511450381679,62.0,69.0,15.0,14.0,0.8985507246376812,0.0,0.0,88.99999999994179,61.0,44.0,0.1619047619047619,1.0163934426229508,1.1311475409836065,48.00000000250293,4.0,14.0,1.0,34.0,33.0,,0.0,0.0,9.0,,-0.05343511450381679,62.0,69.0,15.0,14.0,0.8985507246376812,0.0,0.0,88.99999999994179,61.0,44.0,0.1619047619047619,1.0163934426229508,1.1311475409836065,48.00000000250293,4.0,14.0,1.0,34.0,33.0,,0.0,0.0,9.0,,-0.05343511450381679,62.0,69.0,15.0,14.0,0.8985507246376812,0.0,0.0,88.99999999994179,61.0,44.0,0.1619047619047619,1.0163934426229508,1.1311475409836065,48.00000000250293,4.0,14.0,1.0,0.0,0.0,0.0,0.0,0.0,0.0,0.0,,0.0,-0.0,0.0,0.0,,0.0,0.0,19127.999999996973,0.0,0.0,,,,,0.0,0.0,1.0,0.0,0.0,0.0,0.0,0.0,0.0,0.0,,0.0,-0.0,0.0,0.0,,0.0,0.0,19127.999999996973,0.0,0.0,,,,,0.0,0.0,1.0,0.0,0.0,0.0,0.0,0.0,0.0,0.0,,0.0,-0.0,0.0,0.0,,0.0,0.0,19127.999999996973,0.0,0.0,,,,,0.0,0.0,1.0,0.0,0.0,0.0,0.0,0.0,0.0,0.0,,0.0,-0.0,0.0,0.0,,0.0,0.0,19127.999999996973,0.0,0.0,,,,,0.0,0.0
2022-05-23,LB_20220523_093420_SELL_0001,discovery,C_MIXED_PATH,2022-05-23 13:34:21.020000+00:00,2022-05-23T13:34:20.0000000Z,2022-05-23T13:34:21.0010000Z,SELL,11850.0,11855.0,34461.02,34460.0,34461.001,1.0,1.0,1.0,30752.0,17465.0,1.0,7.0,6.0,,0.0,0.0,9.0,,-0.42857142857142855,6.0,15.0,2.0,3.0,0.4,0.0,0.0,396.99999999720603,62.0,16.0,0.5897435897435898,0.0967741935483871,0.24193548387096775,,0.0,0.0,1.0,7.0,6.0,,0.0,0.0,9.0,,-0.42857142857142855,6.0,15.0,2.0,3.0,0.4,0.0,0.0,396.99999999720603,62.0,16.0,0.5897435897435898,0.0967741935483871,0.24193548387096775,,0.0,0.0,1.0,7.0,6.0,,0.0,0.0,9.0,,-0.42857142857142855,6.0,15.0,2.0,3.0,0.4,0.0,0.0,396.99999999720603,62.0,16.0,0.5897435897435898,0.0967741935483871,0.24193548387096775,,0.0,0.0,1.0,7.0,6.0,,0.0,0.0,9.0,,-0.42857142857142855,6.0,15.0,2.0,3.0,0.4,0.0,0.0,396.99999999720603,62.0,16.0,0.5897435897435898,0.0967741935483871,0.24193548387096775,,0.0,0.0,1.0,0.0,0.0,0.0,0.0,0.0,0.0,0.0,,0.0,-0.0,0.0,0.0,,0.0,0.0,1366.9999999983702,0.0,3.0,-1.0,,,,0.0,0.0,1.0,27.0,27.0,0.0,0.0,0.0,10.0,0.0,0.0,60.0,60.0,13.0,11.0,1.0,0.0,0.0,1366.9999999983702,30.0,11.0,0.4634146341463415,2.0,2.0,229.99999999592546,8.0,45.0,1.0,30.0,30.0,0.0,0.0,0.0,10.0,0.0,0.0,68.0,68.0,14.0,13.0,1.0,0.0,0.0,1366.9999999983702,30.0,11.0,0.4634146341463415,2.2666666666666666,2.2666666666666666,229.99999999592546,8.0,45.0,1.0,30.0,30.0,0.0,0.0,0.0,10.0,0.0,0.0,68.0,68.0,14.0,13.0,1.0,0.0,0.0,1366.9999999983702,30.0,11.0,0.4634146341463415,2.2666666666666666,2.2666666666666666,229.99999999592546,8.0,45.0
2022-05-25,LB_20220525_093511_SELL_0001,discovery,C_MIXED_PATH,2022-05-25 13:35:12.108000+00:00,2022-05-25T13:35:11.0000000Z,2022-05-25T13:35:12.0430000Z,SELL,11781.25,11708.75,34512.108,34511.0,34512.043,1.0,1.0,1.0,28960.0,16596.0,1.0,10.0,10.0,0.0,0.0,0.0,7.0,0.0,0.0,16.0,16.0,5.0,4.0,1.0,0.0,0.0,377.9999999969732,7.0,11.0,-0.2222222222222222,2.2857142857142856,2.2857142857142856,0.0,4.0,11.0,1.0,10.0,10.0,0.0,0.0,0.0,7.0,0.0,0.0,16.0,16.0,5.0,4.0,1.0,0.0,0.0,377.9999999969732,7.0,11.0,-0.2222222222222222,2.2857142857142856,2.2857142857142856,0.0,4.0,11.0,1.0,10.0,10.0,0.0,0.0,0.0,7.0,0.0,0.0,16.0,16.0,5.0,4.0,1.0,0.0,0.0,377.9999999969732,7.0,11.0,-0.2222222222222222,2.2857142857142856,2.2857142857142856,0.0,4.0,11.0,1.0,10.0,10.0,0.0,0.0,0.0,7.0,0.0,0.0,16.0,16.0,5.0,4.0,1.0,0.0,0.0,377.9999999969732,7.0,11.0,-0.2222222222222222,2.2857142857142856,2.2857142857142856,0.0,4.0,11.0,1.0,0.0,0.0,0.0,0.0,0.0,0.0,0.0,,0.0,-0.0,0.0,0.0,,0.0,0.0,287834.9999999991,0.0,0.0,,,,,0.0,0.0,1.0,0.0,0.0,0.0,0.0,0.0,0.0,0.0,,0.0,-0.0,0.0,0.0,,0.0,0.0,287834.9999999991,0.0,0.0,,,,,0.0,0.0,1.0,0.0,0.0,0.0,0.0,0.0,0.0,0.0,,0.0,-0.0,0.0,0.0,,0.0,0.0,287834.9999999991,0.0,0.0,,,,,0.0,0.0,1.0,0.0,0.0,0.0,0.0,0.0,0.0,0.0,,0.0,-0.0,0.0,0.0,,0.0,0.0,287834.9999999991,0.0,0.0,,,,,0.0,0.0
2022-05-27,LB_20220527_093100_BUY_0001,discovery,B_CLEAN_BREAKOUT,2022-05-27 13:31:01.019000+00:00,2022-05-27T13:31:00.0000000Z,2022-05-27T13:31:01.0060000Z,BUY,12437.5,12430.0,34261.019,34260.0,34261.006,1.0,1.0,1.0,8416.0,6127.0,1.0,21.0,20.0,,3.0,0.0,9.0,,-0.05714285714285714,33.0,37.0,10.0,8.0,0.8918918918918919,3.0,1.0,0.0,38.0,13.0,0.49019607843137253,0.868421052631579,0.9736842105263158,4.999999997380655,10.0,33.0,1.0,21.0,20.0,,3.0,0.0,9.0,,-0.05714285714285714,33.0,37.0,10.0,8.0,0.8918918918918919,3.0,1.0,0.0,38.0,13.0,0.49019607843137253,0.868421052631579,0.9736842105263158,4.999999997380655,10.0,33.0,1.0,21.0,20.0,,3.0,0.0,9.0,,-0.05714285714285714,33.0,37.0,10.0,8.0,0.8918918918918919,3.0,1.0,0.0,38.0,13.0,0.49019607843137253,0.868421052631579,0.9736842105263158,4.999999997380655,10.0,33.0,1.0,21.0,20.0,,3.0,0.0,9.0,,-0.05714285714285714,33.0,37.0,10.0,8.0,0.8918918918918919,3.0,1.0,0.0,38.0,13.0,0.49019607843137253,0.868421052631579,0.9736842105263158,4.999999997380655,10.0,33.0,1.0,0.0,0.0,0.0,0.0,0.0,0.0,0.0,,0.0,-0.0,0.0,0.0,,0.0,0.0,1008.9999999981956,0.0,0.0,,,,,0.0,0.0,1.0,22.0,22.0,0.0,0.0,0.0,24.0,0.0,0.0,58.0,58.0,10.0,10.0,1.0,0.0,0.0,1008.9999999981956,46.0,6.0,0.7692307692307693,1.2608695652173914,1.2608695652173914,0.0,10.0,58.0,1.0,26.0,25.0,,0.0,0.0,24.0,,-0.06451612903225806,58.0,66.0,10.0,12.0,0.8787878787878788,0.0,0.0,1008.9999999981956,64.0,6.0,0.8285714285714286,0.90625,1.03125,1927.9999999998836,10.0,58.0,1.0,26.0,25.0,,0.0,0.0,24.0,,-0.06451612903225806,58.0,66.0,10.0,12.0,0.8787878787878788,0.0,0.0,1008.9999999981956,64.0,6.0,0.8285714285714286,0.90625,1.03125,1927.9999999998836,10.0,58.0
2022-06-08,LB_20220608_093102_SELL_0001,discovery,B_CLEAN_BREAKOUT,2022-06-08 13:31:03.007000200+00:00,2022-06-08T13:31:02.0000000Z,2022-06-08T13:31:03.0070000Z,SELL,12648.75,12660.0,34263.007,34262.0,34263.007,1.0,1.0,1.0,8268.0,5905.0,1.0,28.0,27.0,,0.0,0.0,9.0,,-0.07142857142857142,39.0,45.0,13.0,12.0,0.8666666666666667,0.0,0.0,358.0000000001746,40.0,14.0,0.48148148148148145,0.975,1.125,0.0,13.0,39.0,1.0,28.0,27.0,,0.0,0.0,9.0,,-0.07142857142857142,39.0,45.0,13.0,12.0,0.8666666666666667,0.0,0.0,358.0000000001746,40.0,14.0,0.48148148148148145,0.975,1.125,0.0,13.0,39.0,1.0,28.0,27.0,,0.0,0.0,9.0,,-0.07142857142857142,39.0,45.0,13.0,12.0,0.8666666666666667,0.0,0.0,358.0000000001746,40.0,14.0,0.48148148148148145,0.975,1.125,0.0,13.0,39.0,1.0,28.0,27.0,,0.0,0.0,9.0,,-0.07142857142857142,39.0,45.0,13.0,12.0,0.8666666666666667,0.0,0.0,358.0000000001746,40.0,14.0,0.48148148148148145,0.975,1.125,0.0,13.0,39.0,1.0,0.0,0.0,0.0,0.0,0.0,0.0,0.0,,0.0,-0.0,0.0,0.0,,0.0,0.0,2979.9999999959255,0.0,0.0,,,,,0.0,0.0,1.0,3.0,3.0,2.0,0.0,0.0,7.0,-2.0,-0.16666666666666666,5.0,7.0,2.0,1.0,0.7142857142857143,0.0,0.0,2979.9999999959255,4.0,2.0,0.3333333333333333,1.25,1.75,,0.0,0.0,1.0,52.0,52.0,8.0,0.0,0.0,9.0,-8.0,-0.047058823529411764,81.0,89.0,22.0,22.0,0.9101123595505618,0.0,0.0,2979.9999999959255,13.0,8.0,0.23809523809523808,6.230769230769231,6.846153846153846,0.0,16.0,63.0,1.0,73.0,73.0,0.0,0.0,0.0,24.0,0.0,0.0,142.0,142.0,31.0,33.0,1.0,0.0,0.0,2979.9999999959255,26.0,8.0,0.5294117647058824,5.461538461538462,5.461538461538462,0.0,27.0,106.0
2022-06-13,LB_20220613_093107_SELL_0001,discovery,A_TRUE_ABSORPTION,2022-06-13 13:31:08.000000100+00:00,2022-06-13T13:31:07.0000000Z,2022-06-13T13:31:08.0000000Z,SELL,11537.5,11493.75,34268.0,34267.0,34268.0,1.0,1.0,1.0,9309.0,5290.0,1.0,35.0,35.0,0.0,0.0,0.0,9.0,0.0,0.0,73.0,73.0,18.0,12.0,1.0,0.0,0.0,48.99999999906868,50.0,18.0,0.47058823529411764,1.46,1.46,420.0000000055297,17.0,66.0,1.0,77.0,77.0,0.0,0.0,0.0,27.0,0.0,0.0,165.0,165.0,36.0,32.0,1.0,0.0,0.0,48.99999999906868,57.0,28.0,0.3411764705882353,2.8947368421052633,2.8947368421052633,0.0,32.0,148.0,1.0,77.0,77.0,0.0,0.0,0.0,27.0,0.0,0.0,165.0,165.0,36.0,32.0,1.0,0.0,0.0,48.99999999906868,57.0,28.0,0.3411764705882353,2.8947368421052633,2.8947368421052633,0.0,32.0,148.0,1.0,110.0,109.0,,0.0,0.0,45.0,,-0.01348747591522158,256.0,263.0,49.0,46.0,0.973384030418251,0.0,0.0,48.99999999906868,58.0,41.0,0.1717171717171717,4.413793103448276,4.5344827586206895,0.0,49.0,256.0,1.0,0.0,0.0,0.0,0.0,0.0,0.0,0.0,,0.0,-0.0,0.0,0.0,,0.0,0.0,61677.00000000332,0.0,0.0,,,,,0.0,0.0,1.0,0.0,0.0,0.0,0.0,0.0,0.0,0.0,,0.0,-0.0,0.0,0.0,,0.0,0.0,61677.00000000332,0.0,0.0,,,,,0.0,0.0,1.0,0.0,0.0,0.0,0.0,0.0,0.0,0.0,,0.0,-0.0,0.0,0.0,,0.0,0.0,61677.00000000332,0.0,0.0,,,,,0.0,0.0,1.0,0.0,0.0,0.0,0.0,0.0,0.0,0.0,,0.0,-0.0,0.0,0.0,,0.0,0.0,61677.00000000332,0.0,0.0,,,,,0.0,0.0
2022-06-27,LB_20220627_093202_SELL_0001,discovery,B_CLEAN_BREAKOUT,2022-06-27 13:32:03.009000+00:00,2022-06-27T13:32:02.0000000Z,2022-06-27T13:32:03.0080000Z,SELL,12166.25,12173.75,34323.009,34322.0,34323.008,1.0,1.0,1.0,16084.0,10800.0,1.0,12.0,11.0,,0.0,0.0,8.0,,-0.21052631578947367,15.0,23.0,4.0,5.0,0.6521739130434783,0.0,0.0,110.00000000058208,40.0,4.0,0.8181818181818182,0.375,0.575,0.0,4.0,15.0,1.0,12.0,11.0,,0.0,0.0,8.0,,-0.21052631578947367,15.0,23.0,4.0,5.0,0.6521739130434783,0.0,0.0,110.00000000058208,40.0,4.0,0.8181818181818182,0.375,0.575,0.0,4.0,15.0,1.0,12.0,11.0,,0.0,0.0,8.0,,-0.21052631578947367,15.0,23.0,4.0,5.0,0.6521739130434783,0.0,0.0,110.00000000058208,40.0,4.0,0.8181818181818182,0.375,0.575,0.0,4.0,15.0,1.0,12.0,11.0,,0.0,0.0,8.0,,-0.21052631578947367,15.0,23.0,4.0,5.0,0.6521739130434783,0.0,0.0,110.00000000058208,40.0,4.0,0.8181818181818182,0.375,0.575,0.0,4.0,15.0,1.0,0.0,0.0,0.0,0.0,0.0,0.0,0.0,,0.0,-0.0,0.0,0.0,,0.0,0.0,1657.999999995809,0.0,0.0,,,,,0.0,0.0,1.0,24.0,24.0,0.0,0.0,0.0,9.0,0.0,0.0,64.0,64.0,12.0,11.0,1.0,0.0,0.0,1657.999999995809,19.0,14.0,0.15151515151515152,3.3684210526315788,3.3684210526315788,0.0,1.0,7.0,1.0,49.0,49.0,0.0,0.0,0.0,12.0,0.0,0.0,106.0,106.0,22.0,20.0,1.0,0.0,0.0,1657.999999995809,55.0,31.0,0.27906976744186046,1.9272727272727272,1.9272727272727272,69.99999999970896,22.0,106.0,1.0,99.0,99.0,0.0,0.0,0.0,12.0,0.0,0.0,212.0,212.0,44.0,41.0,1.0,0.0,0.0,1657.999999995809,72.0,38.0,0.3090909090909091,2.9444444444444446,2.9444444444444446,12.99999999901047,37.0,182.0
2022-07-07,LB_20220707_093345_BUY_0001,discovery,C_MIXED_PATH,2022-07-07 13:33:46.097000+00:00,2022-07-07T13:33:45.0000000Z,2022-07-07T13:33:46.0020000Z,BUY,11961.25,11957.5,34426.097,34425.0,34426.002,1.0,1.0,1.0,19694.0,13055.0,1.0,62.0,61.0,,5.0,0.0,9.0,,-0.010416666666666666,95.0,97.0,29.0,24.0,0.979381443298969,5.0,1.0,141.00000000325963,57.0,39.0,0.1875,1.6666666666666667,1.7017543859649122,0.0,29.0,95.0,1.0,62.0,61.0,,5.0,0.0,9.0,,-0.010416666666666666,95.0,97.0,29.0,24.0,0.979381443298969,5.0,1.0,141.00000000325963,57.0,39.0,0.1875,1.6666666666666667,1.7017543859649122,0.0,29.0,95.0,1.0,62.0,61.0,,5.0,0.0,9.0,,-0.010416666666666666,95.0,97.0,29.0,24.0,0.979381443298969,5.0,1.0,141.00000000325963,57.0,39.0,0.1875,1.6666666666666667,1.7017543859649122,0.0,29.0,95.0,1.0,62.0,61.0,,5.0,0.0,9.0,,-0.010416666666666666,95.0,97.0,29.0,24.0,0.979381443298969,5.0,1.0,141.00000000325963,57.0,39.0,0.1875,1.6666666666666667,1.7017543859649122,0.0,29.0,95.0,1.0,0.0,0.0,0.0,0.0,0.0,0.0,0.0,,0.0,-0.0,0.0,0.0,,0.0,0.0,2292.0000000012806,0.0,0.0,,,,,0.0,0.0,1.0,23.0,23.0,7.0,0.0,0.0,9.0,-7.0,-0.09090909090909091,35.0,42.0,6.0,10.0,0.8333333333333334,0.0,0.0,2292.0000000012806,4.0,11.0,-0.4666666666666667,8.75,10.5,188.00000000192085,6.0,35.0,1.0,56.0,56.0,0.0,0.0,0.0,9.0,0.0,0.0,106.0,106.0,22.0,23.0,1.0,0.0,0.0,2292.0000000012806,60.0,26.0,0.3953488372093023,1.7666666666666666,1.7666666666666666,0.0,22.0,106.0,1.0,56.0,56.0,0.0,0.0,0.0,9.0,0.0,0.0,106.0,106.0,22.0,23.0,1.0,0.0,0.0,2292.0000000012806,60.0,26.0,0.3953488372093023,1.7666666666666666,1.7666666666666666,0.0,22.0,106.0
2022-07-18,LB_20220718_093105_SELL_0001,discovery,C_MIXED_PATH,2022-07-18 13:31:06.004000+00:00,2022-07-18T13:31:05.0000000Z,2022-07-18T13:31:06.0010000Z,SELL,12096.25,12106.25,34266.004,34265.0,34266.001,1.0,1.0,1.0,9354.0,6072.0,1.0,14.0,13.0,,0.0,0.0,8.0,,-0.058823529411764705,16.0,18.0,5.0,6.0,0.8888888888888888,0.0,0.0,19.00000000023283,27.0,28.0,-0.01818181818181818,0.5925925925925926,0.6666666666666666,0.0,3.0,8.0,1.0,14.0,13.0,,0.0,0.0,8.0,,-0.058823529411764705,16.0,18.0,5.0,6.0,0.8888888888888888,0.0,0.0,19.00000000023283,27.0,28.0,-0.01818181818181818,0.5925925925925926,0.6666666666666666,0.0,3.0,8.0,1.0,14.0,13.0,,0.0,0.0,8.0,,-0.058823529411764705,16.0,18.0,5.0,6.0,0.8888888888888888,0.0,0.0,19.00000000023283,27.0,28.0,-0.01818181818181818,0.5925925925925926,0.6666666666666666,0.0,3.0,8.0,1.0,14.0,13.0,,0.0,0.0,8.0,,-0.058823529411764705,16.0,18.0,5.0,6.0,0.8888888888888888,0.0,0.0,19.00000000023283,27.0,28.0,-0.01818181818181818,0.5925925925925926,0.6666666666666666,0.0,3.0,8.0,1.0,0.0,0.0,0.0,0.0,0.0,0.0,0.0,,0.0,-0.0,0.0,0.0,,0.0,0.0,4213.000000003376,0.0,4.0,-1.0,,,,0.0,0.0,1.0,0.0,0.0,0.0,0.0,0.0,0.0,0.0,,0.0,-0.0,0.0,0.0,,0.0,0.0,4213.000000003376,0.0,4.0,-1.0,,,,0.0,0.0,1.0,19.0,19.0,0.0,0.0,0.0,9.0,0.0,0.0,19.0,19.0,6.0,8.0,1.0,0.0,0.0,4213.000000003376,68.0,23.0,0.4945054945054945,0.27941176470588236,0.27941176470588236,0.999999996565748,3.0,10.0,1.0,19.0,19.0,0.0,0.0,0.0,9.0,0.0,0.0,19.0,19.0,6.0,8.0,1.0,0.0,0.0,4213.000000003376,68.0,23.0,0.4945054945054945,0.27941176470588236,0.27941176470588236,0.999999996565748,3.0,10.0
2022-07-19,LB_20220719_093600_SELL_0001,discovery,C_MIXED_PATH,2022-07-19 13:36:01.015000+00:00,2022-07-19T13:36:00.0000000Z,2022-07-19T13:36:01.0090000Z,SELL,12028.75,12047.5,34561.015,34560.0,34561.009,1.0,1.0,1.0,31650.0,20464.0,1.0,101.0,100.0,,0.0,0.0,45.0,,-0.0016207455429497568,308.0,309.0,45.0,38.0,0.9967637540453075,0.0,0.0,256.9999999977881,78.0,46.0,0.25806451612903225,3.948717948717949,3.9615384615384617,0.0,45.0,308.0,1.0,101.0,100.0,,0.0,0.0,45.0,,-0.0016207455429497568,308.0,309.0,45.0,38.0,0.9967637540453075,0.0,0.0,256.9999999977881,78.0,46.0,0.25806451612903225,3.948717948717949,3.9615384615384617,0.0,45.0,308.0,1.0,101.0,100.0,,0.0,0.0,45.0,,-0.0016207455429497568,308.0,309.0,45.0,38.0,0.9967637540453075,0.0,0.0,256.9999999977881,78.0,46.0,0.25806451612903225,3.948717948717949,3.9615384615384617,0.0,45.0,308.0,1.0,101.0,100.0,,0.0,0.0,45.0,,-0.0016207455429497568,308.0,309.0,45.0,38.0,0.9967637540453075,0.0,0.0,256.9999999977881,78.0,46.0,0.25806451612903225,3.948717948717949,3.9615384615384617,0.0,45.0,308.0,1.0,0.0,0.0,0.0,0.0,0.0,0.0,0.0,,0.0,-0.0,0.0,0.0,,0.0,0.0,47078.00000000134,0.0,0.0,,,,,0.0,0.0,1.0,0.0,0.0,0.0,0.0,0.0,0.0,0.0,,0.0,-0.0,0.0,0.0,,0.0,0.0,47078.00000000134,0.0,0.0,,,,,0.0,0.0,1.0,0.0,0.0,0.0,0.0,0.0,0.0,0.0,,0.0,-0.0,0.0,0.0,,0.0,0.0,47078.00000000134,0.0,0.0,,,,,0.0,0.0,1.0,0.0,0.0,0.0,0.0,0.0,0.0,0.0,,0.0,-0.0,0.0,0.0,,0.0,0.0,47078.00000000134,0.0,0.0,,,,,0.0,0.0
2022-07-20,LB_20220720_093414_BUY_0001,discovery,B_CLEAN_BREAKOUT,2022-07-20 13:34:15.086000+00:00,2022-07-20T13:34:14.0000000Z,2022-07-20T13:34:15.0070000Z,BUY,12301.25,12298.75,34455.086,34454.0,34455.007,1.0,1.0,1.0,21762.0,13743.0,1.0,18.0,17.0,,1.0,0.0,12.0,,-0.058823529411764705,32.0,36.0,7.0,7.0,0.8888888888888888,1.0,1.0,0.0,15.0,14.0,0.034482758620689655,2.1333333333333333,2.4,0.0,7.0,32.0,1.0,18.0,17.0,,1.0,0.0,12.0,,-0.058823529411764705,32.0,36.0,7.0,7.0,0.8888888888888888,1.0,1.0,0.0,15.0,14.0,0.034482758620689655,2.1333333333333333,2.4,0.0,7.0,32.0,1.0,18.0,17.0,,1.0,0.0,12.0,,-0.058823529411764705,32.0,36.0,7.0,7.0,0.8888888888888888,1.0,1.0,0.0,15.0,14.0,0.034482758620689655,2.1333333333333333,2.4,0.0,7.0,32.0,1.0,18.0,17.0,,1.0,0.0,12.0,,-0.058823529411764705,32.0,36.0,7.0,7.0,0.8888888888888888,1.0,1.0,0.0,15.0,14.0,0.034482758620689655,2.1333333333333333,2.4,0.0,7.0,32.0,1.0,5.0,5.0,12.0,0.0,0.0,12.0,-12.0,-0.8571428571428571,1.0,13.0,1.0,3.0,0.07692307692307693,0.0,0.0,947.0000000001164,2.0,1.0,0.3333333333333333,0.5,6.5,37.00000000389991,1.0,1.0,1.0,54.0,54.0,5.0,0.0,0.0,14.0,-5.0,-0.02512562814070352,97.0,102.0,22.0,25.0,0.9509803921568627,0.0,0.0,947.0000000001164,43.0,35.0,0.10256410256410256,2.255813953488372,2.372093023255814,10.000000002037268,22.0,97.0,1.0,70.0,70.0,0.0,0.0,0.0,14.0,0.0,0.0,121.0,121.0,30.0,33.0,1.0,0.0,0.0,947.0000000001164,53.0,35.0,0.20454545454545456,2.2830188679245285,2.2830188679245285,0.0,29.0,118.0,1.0,76.0,76.0,0.0,0.0,0.0,14.0,0.0,0.0,135.0,135.0,32.0,37.0,1.0,0.0,0.0,947.0000000001164,58.0,35.0,0.24731182795698925,2.3275862068965516,2.3275862068965516,0.0,32.0,135.0
2022-07-26,LB_20220726_093111_SELL_0001,discovery,C_MIXED_PATH,2022-07-26 13:31:12.026000+00:00,2022-07-26T13:31:11.0000000Z,2022-07-26T13:31:12.0010000Z,SELL,12257.5,12270.0,34272.026,34271.0,34272.001,1.0,1.0,1.0,10948.0,7183.0,1.0,8.0,7.0,,0.0,0.0,14.0,,-0.4666666666666667,8.0,22.0,3.0,4.0,0.36363636363636365,0.0,0.0,98.9999999947031,16.0,6.0,0.45454545454545453,0.5,1.375,0.0,1.0,1.0,1.0,8.0,7.0,,0.0,0.0,14.0,,-0.4666666666666667,8.0,22.0,3.0,4.0,0.36363636363636365,0.0,0.0,98.9999999947031,16.0,6.0,0.45454545454545453,0.5,1.375,0.0,1.0,1.0,1.0,8.0,7.0,,0.0,0.0,14.0,,-0.4666666666666667,8.0,22.0,3.0,4.0,0.36363636363636365,0.0,0.0,98.9999999947031,16.0,6.0,0.45454545454545453,0.5,1.375,0.0,1.0,1.0,1.0,8.0,7.0,,0.0,0.0,14.0,,-0.4666666666666667,8.0,22.0,3.0,4.0,0.36363636363636365,0.0,0.0,98.9999999947031,16.0,6.0,0.45454545454545453,0.5,1.375,0.0,1.0,1.0,1.0,0.0,0.0,0.0,0.0,0.0,0.0,0.0,,0.0,-0.0,0.0,0.0,,0.0,0.0,1574.0000000005239,0.0,0.0,,,,,0.0,0.0,1.0,18.0,18.0,0.0,0.0,0.0,9.0,0.0,0.0,32.0,32.0,7.0,8.0,1.0,0.0,0.0,1574.0000000005239,11.0,13.0,-0.08333333333333333,2.909090909090909,2.909090909090909,943.9999999958673,7.0,32.0,1.0,31.0,31.0,0.0,0.0,0.0,9.0,0.0,0.0,59.0,59.0,13.0,14.0,1.0,0.0,0.0,1574.0000000005239,33.0,37.0,-0.05714285714285714,1.7878787878787878,1.7878787878787878,0.0,9.0,41.0,1.0,31.0,31.0,0.0,0.0,0.0,9.0,0.0,0.0,59.0,59.0,13.0,14.0,1.0,0.0,0.0,1574.0000000005239,33.0,37.0,-0.05714285714285714,1.7878787878787878,1.7878787878787878,0.0,9.0,41.0
2022-07-29,LB_20220729_093500_SELL_0001,discovery,B_CLEAN_BREAKOUT,2022-07-29 13:35:01.099000+00:00,2022-07-29T13:35:00.0000000Z,2022-07-29T13:35:01.0190000Z,SELL,12767.5,12788.75,34501.099,34500.0,34501.019,1.0,1.0,1.0,93267.0,20586.0,1.0,8.0,8.0,51.0,0.0,0.0,55.0,-51.0,-0.7391304347826086,9.0,60.0,3.0,5.0,0.15,0.0,0.0,677.9999999998836,107.0,19.0,0.6984126984126984,0.08411214953271028,0.5607476635514018,,0.0,0.0,1.0,32.0,32.0,37.0,0.0,0.0,57.0,-37.0,-0.3592233009708738,33.0,70.0,15.0,9.0,0.4714285714285714,0.0,0.0,677.9999999998836,107.0,19.0,0.6984126984126984,0.308411214953271,0.6542056074766355,,0.0,0.0,1.0,48.0,48.0,38.0,0.0,0.0,57.0,-38.0,-0.3114754098360656,42.0,80.0,21.0,18.0,0.525,0.0,0.0,677.9999999998836,107.0,19.0,0.6984126984126984,0.3925233644859813,0.7476635514018691,,0.0,0.0,1.0,75.0,75.0,43.0,0.0,0.0,57.0,-43.0,-0.27388535031847133,57.0,100.0,31.0,31.0,0.57,0.0,0.0,677.9999999998836,107.0,19.0,0.6984126984126984,0.5327102803738317,0.9345794392523364,,0.0,0.0,1.0,0.0,0.0,0.0,0.0,0.0,0.0,0.0,,0.0,-0.0,0.0,0.0,,0.0,0.0,53805.00000000029,0.0,0.0,,,,,0.0,0.0,1.0,0.0,0.0,0.0,0.0,0.0,0.0,0.0,,0.0,-0.0,0.0,0.0,,0.0,0.0,53805.00000000029,0.0,0.0,,,,,0.0,0.0,1.0,0.0,0.0,0.0,0.0,0.0,0.0,0.0,,0.0,-0.0,0.0,0.0,,0.0,0.0,53805.00000000029,0.0,0.0,,,,,0.0,0.0,1.0,0.0,0.0,0.0,0.0,0.0,0.0,0.0,,0.0,-0.0,0.0,0.0,,0.0,0.0,53805.00000000029,0.0,0.0,,,,,0.0,0.0
2022-08-01,LB_20220801_093127_SELL_0001,discovery,C_MIXED_PATH,2022-08-01 13:31:28.101000+00:00,2022-08-01T13:31:27.0000000Z,2022-08-01T13:31:28.0200000Z,SELL,12876.25,12892.5,34288.101,34287.0,34288.02,1.0,1.0,1.0,31416.0,6352.0,1.0,13.0,13.0,36.0,0.0,0.0,36.0,-36.0,-0.47368421052631576,20.0,56.0,4.0,9.0,0.35714285714285715,0.0,0.0,139.00000000285218,38.0,10.0,0.5833333333333334,0.5263157894736842,1.4736842105263157,288.00000000046566,3.0,18.0,1.0,25.0,25.0,35.0,0.0,0.0,39.0,-35.0,-0.33980582524271846,34.0,69.0,10.0,13.0,0.4927536231884058,0.0,0.0,139.00000000285218,38.0,10.0,0.5833333333333334,0.8947368421052632,1.8157894736842106,288.00000000046566,3.0,18.0,1.0,28.0,28.0,29.0,0.0,0.0,39.0,-29.0,-0.26126126126126126,41.0,70.0,12.0,14.0,0.5857142857142857,0.0,0.0,139.00000000285218,38.0,10.0,0.5833333333333334,1.0789473684210527,1.8421052631578947,288.00000000046566,3.0,18.0,1.0,68.0,68.0,31.0,0.0,0.0,39.0,-31.0,-0.1751412429378531,73.0,104.0,33.0,30.0,0.7019230769230769,0.0,0.0,139.00000000285218,38.0,10.0,0.5833333333333334,1.9210526315789473,2.736842105263158,288.00000000046566,3.0,18.0,1.0,0.0,0.0,0.0,0.0,0.0,0.0,0.0,,0.0,-0.0,0.0,0.0,,0.0,0.0,16355.999999999767,0.0,0.0,,,,,0.0,0.0,1.0,0.0,0.0,0.0,0.0,0.0,0.0,0.0,,0.0,-0.0,0.0,0.0,,0.0,0.0,16355.999999999767,0.0,0.0,,,,,0.0,0.0,1.0,0.0,0.0,0.0,0.0,0.0,0.0,0.0,,0.0,-0.0,0.0,0.0,,0.0,0.0,16355.999999999767,0.0,0.0,,,,,0.0,0.0,1.0,0.0,0.0,0.0,0.0,0.0,0.0,0.0,,0.0,-0.0,0.0,0.0,,0.0,0.0,16355.999999999767,0.0,0.0,,,,,0.0,0.0
2022-08-04,LB_20220804_093511_BUY_0001,discovery,A_TRUE_ABSORPTION,2022-08-04 13:35:12.032000+00:00,2022-08-04T13:35:11.0000000Z,2022-08-04T13:35:12.0040000Z,BUY,13305.0,13278.75,34512.032,34511.0,34512.004,1.0,1.0,1.0,88190.0,18586.0,1.0,17.0,17.0,52.0,0.0,0.0,52.0,-52.0,-0.52,24.0,76.0,4.0,10.0,0.3157894736842105,0.0,0.0,233.99999999674037,32.0,22.0,0.18518518518518517,0.75,2.375,48.99999999906868,4.0,24.0,1.0,34.0,34.0,52.0,0.0,0.0,54.0,-52.0,-0.4,39.0,91.0,12.0,17.0,0.42857142857142855,0.0,0.0,233.99999999674037,32.0,22.0,0.18518518518518517,1.21875,2.84375,48.99999999906868,4.0,24.0,1.0,40.0,40.0,39.0,0.0,0.0,54.0,-39.0,-0.2689655172413793,53.0,92.0,16.0,18.0,0.5760869565217391,0.0,0.0,233.99999999674037,32.0,22.0,0.18518518518518517,1.65625,2.875,48.99999999906868,4.0,24.0,1.0,56.0,56.0,29.0,0.0,0.0,54.0,-29.0,-0.17365269461077845,69.0,98.0,25.0,24.0,0.7040816326530612,0.0,0.0,233.99999999674037,32.0,22.0,0.18518518518518517,2.15625,3.0625,48.99999999906868,4.0,24.0,1.0,0.0,0.0,0.0,0.0,0.0,0.0,0.0,,0.0,-0.0,0.0,0.0,,0.0,0.0,39896.00000000064,0.0,0.0,,,,,0.0,0.0,1.0,0.0,0.0,0.0,0.0,0.0,0.0,0.0,,0.0,-0.0,0.0,0.0,,0.0,0.0,39896.00000000064,0.0,0.0,,,,,0.0,0.0,1.0,0.0,0.0,0.0,0.0,0.0,0.0,0.0,,0.0,-0.0,0.0,0.0,,0.0,0.0,39896.00000000064,0.0,0.0,,,,,0.0,0.0,1.0,0.0,0.0,0.0,0.0,0.0,0.0,0.0,,0.0,-0.0,0.0,0.0,,0.0,0.0,39896.00000000064,0.0,0.0,,,,,0.0,0.0
2022-08-09,LB_20220809_093105_SELL_0001,discovery,B_CLEAN_BREAKOUT,2022-08-09 13:31:06.048000+00:00,2022-08-09T13:31:05.0000000Z,2022-08-09T13:31:06.0080000Z,SELL,13072.5,13080.0,34266.048,34265.0,34266.008,1.0,1.0,1.0,24822.0,6957.0,1.0,14.0,14.0,46.0,0.0,0.0,51.0,-46.0,-0.696969696969697,10.0,56.0,4.0,9.0,0.17857142857142858,0.0,0.0,338.9999999999418,15.0,14.0,0.034482758620689655,0.6666666666666666,3.7333333333333334,,0.0,0.0,1.0,22.0,22.0,42.0,0.0,0.0,51.0,-42.0,-0.5384615384615384,18.0,60.0,10.0,11.0,0.3,0.0,0.0,338.9999999999418,15.0,14.0,0.034482758620689655,1.2,4.0,,0.0,0.0,1.0,25.0,25.0,39.0,0.0,0.0,51.0,-39.0,-0.46987951807228917,22.0,61.0,12.0,12.0,0.36065573770491804,0.0,0.0,338.9999999999418,15.0,14.0,0.034482758620689655,1.4666666666666666,4.066666666666666,,0.0,0.0,1.0,34.0,34.0,34.0,0.0,0.0,51.0,-34.0,-0.34,33.0,67.0,18.0,15.0,0.4925373134328358,0.0,0.0,338.9999999999418,15.0,14.0,0.034482758620689655,2.2,4.466666666666667,,0.0,0.0,1.0,0.0,0.0,0.0,0.0,0.0,0.0,0.0,,0.0,-0.0,0.0,0.0,,0.0,0.0,1146.0000000006403,1.0,3.0,-0.5,0.0,-0.0,,0.0,0.0,1.0,29.0,29.0,53.0,0.0,0.0,56.0,-53.0,-0.4380165289256198,34.0,87.0,9.0,15.0,0.39080459770114945,0.0,0.0,1146.0000000006403,29.0,12.0,0.4146341463414634,1.1724137931034482,3.0,,0.0,0.0,1.0,42.0,42.0,44.0,0.0,0.0,56.0,-44.0,-0.28205128205128205,56.0,100.0,15.0,20.0,0.56,0.0,0.0,1146.0000000006403,29.0,12.0,0.4146341463414634,1.9310344827586208,3.4482758620689653,,0.0,0.0,1.0,51.0,51.0,43.0,0.0,0.0,56.0,-43.0,-0.2606060606060606,61.0,104.0,20.0,24.0,0.5865384615384616,0.0,0.0,1146.0000000006403,29.0,12.0,0.4146341463414634,2.103448275862069,3.586206896551724,,0.0,0.0
2022-08-15,LB_20220815_093300_BUY_0001,discovery,B_CLEAN_BREAKOUT,2022-08-15 13:33:01.053000+00:00,2022-08-15T13:33:00.0000000Z,2022-08-15T13:33:01.0160000Z,BUY,13583.75,13566.25,34381.053,34380.0,34381.016,1.0,1.0,1.0,43460.0,11812.0,1.0,13.0,13.0,47.0,0.0,0.0,47.0,-47.0,-0.7014925373134329,10.0,57.0,6.0,5.0,0.17543859649122806,0.0,0.0,69.00000000314321,69.0,29.0,0.40816326530612246,0.14492753623188406,0.8260869565217391,85.99999999569263,2.0,4.0,1.0,14.0,14.0,52.0,0.0,0.0,52.0,-52.0,-0.7222222222222222,10.0,62.0,6.0,6.0,0.16129032258064516,0.0,0.0,69.00000000314321,69.0,29.0,0.40816326530612246,0.14492753623188406,0.8985507246376812,85.99999999569263,2.0,4.0,1.0,18.0,18.0,48.0,0.0,0.0,53.0,-48.0,-0.6153846153846154,15.0,63.0,8.0,7.0,0.23809523809523808,0.0,0.0,69.00000000314321,69.0,29.0,0.40816326530612246,0.21739130434782608,0.9130434782608695,85.99999999569263,2.0,4.0,1.0,44.0,44.0,52.0,0.0,0.0,56.0,-52.0,-0.40625,38.0,90.0,19.0,20.0,0.4222222222222222,0.0,0.0,69.00000000314321,69.0,29.0,0.40816326530612246,0.5507246376811594,1.3043478260869565,85.99999999569263,2.0,4.0,1.0,0.0,0.0,0.0,0.0,0.0,0.0,0.0,,0.0,-0.0,0.0,0.0,,0.0,0.0,53625.999999996566,0.0,0.0,,,,,0.0,0.0,1.0,0.0,0.0,0.0,0.0,0.0,0.0,0.0,,0.0,-0.0,0.0,0.0,,0.0,0.0,53625.999999996566,0.0,0.0,,,,,0.0,0.0,1.0,0.0,0.0,0.0,0.0,0.0,0.0,0.0,,0.0,-0.0,0.0,0.0,,0.0,0.0,53625.999999996566,0.0,0.0,,,,,0.0,0.0,1.0,0.0,0.0,0.0,0.0,0.0,0.0,0.0,,0.0,-0.0,0.0,0.0,,0.0,0.0,53625.999999996566,0.0,0.0,,,,,0.0,0.0
2022-08-17,LB_20220817_093558_BUY_0001,discovery,A_TRUE_ABSORPTION,2022-08-17 13:35:59.026000+00:00,2022-08-17T13:35:58.0000000Z,2022-08-17T13:35:59.0020000Z,BUY,13561.25,13536.25,34559.026,34558.0,34559.002,1.0,1.0,1.0,95374.0,17792.0,1.0,14.0,14.0,40.0,0.0,0.0,43.0,-40.0,-0.6896551724137931,9.0,49.0,3.0,8.0,0.1836734693877551,0.0,0.0,48.99999999906868,15.0,10.0,0.2,0.6,3.2666666666666666,65.99999999889405,1.0,4.0,1.0,24.0,24.0,38.0,0.0,0.0,43.0,-38.0,-0.5588235294117647,15.0,53.0,8.0,12.0,0.2830188679245283,0.0,0.0,48.99999999906868,15.0,10.0,0.2,1.0,3.533333333333333,65.99999999889405,1.0,4.0,1.0,37.0,37.0,42.0,0.0,0.0,43.0,-42.0,-0.44680851063829785,26.0,68.0,12.0,18.0,0.38235294117647056,0.0,0.0,48.99999999906868,15.0,10.0,0.2,1.7333333333333334,4.533333333333333,65.99999999889405,1.0,4.0,1.0,62.0,62.0,42.0,0.0,0.0,44.0,-42.0,-0.3230769230769231,44.0,86.0,24.0,29.0,0.5116279069767442,0.0,0.0,48.99999999906868,15.0,10.0,0.2,2.933333333333333,5.733333333333333,65.99999999889405,1.0,4.0,1.0,0.0,0.0,0.0,0.0,0.0,0.0,0.0,,0.0,-0.0,0.0,0.0,,0.0,0.0,33729.999999995925,0.0,0.0,,,,,0.0,0.0,1.0,0.0,0.0,0.0,0.0,0.0,0.0,0.0,,0.0,-0.0,0.0,0.0,,0.0,0.0,33729.999999995925,0.0,0.0,,,,,0.0,0.0,1.0,0.0,0.0,0.0,0.0,0.0,0.0,0.0,,0.0,-0.0,0.0,0.0,,0.0,0.0,33729.999999995925,0.0,0.0,,,,,0.0,0.0,1.0,0.0,0.0,0.0,0.0,0.0,0.0,0.0,,0.0,-0.0,0.0,0.0,,0.0,0.0,33729.999999995925,0.0,0.0,,,,,0.0,0.0
2022-08-31,LB_20220831_093400_SELL_0001,discovery,B_CLEAN_BREAKOUT,2022-08-31 13:34:01.039000+00:00,2022-08-31T13:34:00.0000000Z,2022-08-31T13:34:01.0020000Z,SELL,12430.0,12435.0,34441.039,34440.0,34441.002,1.0,1.0,1.0,74532.0,15927.0,1.0,0.0,0.0,0.0,0.0,0.0,0.0,0.0,,0.0,-0.0,0.0,0.0,,0.0,0.0,1019.9999999967986,100.0,28.0,0.5625,0.0,-0.0,,0.0,0.0,1.0,26.0,26.0,28.0,0.0,0.0,36.0,-28.0,-0.4117647058823529,20.0,48.0,11.0,9.0,0.4166666666666667,0.0,0.0,1019.9999999967986,100.0,28.0,0.5625,0.2,0.48,,0.0,0.0,1.0,43.0,43.0,0.0,0.0,0.0,36.0,0.0,0.0,60.0,60.0,19.0,13.0,1.0,0.0,0.0,1019.9999999967986,102.0,34.0,0.5,0.5882352941176471,0.5882352941176471,618.9999999987776,19.0,60.0,1.0,71.0,71.0,16.0,0.0,0.0,36.0,-16.0,-0.08421052631578947,87.0,103.0,32.0,25.0,0.8446601941747572,0.0,0.0,1019.9999999967986,121.0,74.0,0.24102564102564103,0.71900826446281,0.8512396694214877,3487.9999999975553,19.0,60.0,1.0,0.0,0.0,0.0,0.0,0.0,0.0,0.0,,0.0,-0.0,0.0,0.0,,0.0,0.0,54093.99999999732,7.0,2.0,0.5555555555555556,0.0,-0.0,,0.0,0.0,1.0,0.0,0.0,0.0,0.0,0.0,0.0,0.0,,0.0,-0.0,0.0,0.0,,0.0,0.0,54093.99999999732,56.0,140.0,-0.42857142857142855,0.0,-0.0,,0.0,0.0,1.0,0.0,0.0,0.0,0.0,0.0,0.0,0.0,,0.0,-0.0,0.0,0.0,,0.0,0.0,54093.99999999732,58.0,150.0,-0.4423076923076923,0.0,-0.0,,0.0,0.0,1.0,0.0,0.0,0.0,0.0,0.0,0.0,0.0,,0.0,-0.0,0.0,0.0,,0.0,0.0,54093.99999999732,58.0,155.0,-0.45539906103286387,0.0,-0.0,,0.0,0.0
2022-09-01,LB_20220901_093124_SELL_0002,discovery,B_CLEAN_BREAKOUT,2022-09-01 13:31:25.053000+00:00,2022-09-01T13:31:24.0000000Z,2022-09-01T13:31:25.0010000Z,SELL,12158.75,12163.75,34285.053,34284.0,34285.001,1.0,1.0,1.0,29131.0,7601.0,1.0,12.0,12.0,45.0,5.0,0.0,47.0,-40.0,-0.37037037037037035,34.0,74.0,5.0,6.0,0.4594594594594595,5.0,1.0,40.99999999743886,40.0,21.0,0.3114754098360656,0.85,1.85,216.00000000034925,4.0,32.0,1.0,14.0,14.0,39.0,5.0,0.0,47.0,-34.0,-0.2982456140350877,40.0,74.0,7.0,6.0,0.5405405405405406,5.0,1.0,40.99999999743886,40.0,21.0,0.3114754098360656,1.0,1.85,216.00000000034925,4.0,32.0,1.0,26.0,26.0,38.0,5.0,0.0,47.0,-33.0,-0.2558139534883721,48.0,81.0,12.0,13.0,0.5925925925925926,5.0,1.0,40.99999999743886,40.0,21.0,0.3114754098360656,1.2,2.025,216.00000000034925,4.0,32.0,1.0,38.0,38.0,26.0,5.0,0.0,47.0,-21.0,-0.14482758620689656,62.0,83.0,21.0,15.0,0.7469879518072289,5.0,1.0,40.99999999743886,40.0,21.0,0.3114754098360656,1.55,2.075,216.00000000034925,4.0,32.0,1.0,4.0,4.0,35.0,0.0,0.0,35.0,-35.0,-1.0,0.0,35.0,0.0,4.0,0.0,0.0,0.0,894.9999999967986,13.0,11.0,0.08333333333333333,0.0,2.6923076923076925,,0.0,0.0,1.0,23.0,23.0,45.0,0.0,0.0,47.0,-45.0,-0.7627118644067796,7.0,52.0,5.0,12.0,0.1346153846153846,0.0,0.0,894.9999999967986,13.0,11.0,0.08333333333333333,0.5384615384615384,4.0,,0.0,0.0,1.0,35.0,35.0,42.0,0.0,0.0,47.0,-42.0,-0.45652173913043476,25.0,67.0,12.0,17.0,0.373134328358209,0.0,0.0,894.9999999967986,13.0,11.0,0.08333333333333333,1.9230769230769231,5.153846153846154,,0.0,0.0,1.0,41.0,41.0,33.0,0.0,0.0,47.0,-33.0,-0.32038834951456313,35.0,68.0,16.0,18.0,0.5147058823529411,0.0,0.0,894.9999999967986,13.0,11.0,0.08333333333333333,2.6923076923076925,5.230769230769231,,0.0,0.0
2022-09-06,LB_20220906_093405_BUY_0001,discovery,C_MIXED_PATH,2022-09-06 13:34:06.074000+00:00,2022-09-06T13:34:05.0000000Z,2022-09-06T13:34:06.0050000Z,BUY,12106.25,12166.25,34446.074,34445.0,34446.005,1.0,1.0,1.0,75848.0,17343.0,1.0,14.0,14.0,25.0,2.0,0.0,26.0,-23.0,-0.4339622641509434,15.0,38.0,8.0,6.0,0.39473684210526316,2.0,1.0,0.0,14.0,6.0,0.4,1.0714285714285714,2.7142857142857144,42.00000000128057,6.0,13.0,1.0,24.0,24.0,24.0,2.0,0.0,27.0,-22.0,-0.3548387096774194,20.0,42.0,12.0,9.0,0.47619047619047616,2.0,1.0,0.0,14.0,6.0,0.4,1.4285714285714286,3.0,42.00000000128057,6.0,13.0,1.0,35.0,35.0,25.0,2.0,0.0,28.0,-23.0,-0.3150684931506849,25.0,48.0,17.0,14.0,0.5208333333333334,2.0,1.0,0.0,14.0,6.0,0.4,1.7857142857142858,3.4285714285714284,42.00000000128057,6.0,13.0,1.0,54.0,54.0,0.0,2.0,0.0,29.0,2.0,0.01282051282051282,79.0,77.0,29.0,19.0,1.025974025974026,2.0,1.0,0.0,25.0,23.0,0.041666666666666664,3.16,3.08,14.000000002852175,28.0,68.0,1.0,0.0,0.0,16.0,16.0,16.0,16.0,0.0,,0.0,-0.0,0.0,0.0,,0.0,1.0,6324.000000000524,0.0,0.0,,,,,0.0,0.0,1.0,0.0,0.0,16.0,16.0,16.0,16.0,0.0,,0.0,-0.0,0.0,0.0,,0.0,1.0,6324.000000000524,0.0,0.0,,,,,0.0,0.0,1.0,0.0,0.0,16.0,16.0,16.0,16.0,0.0,,0.0,-0.0,0.0,0.0,,0.0,1.0,6324.000000000524,0.0,0.0,,,,,0.0,0.0,1.0,1.0,1.0,19.0,16.0,16.0,19.0,-3.0,-1.0,0.0,3.0,0.0,1.0,0.0,0.0,1.0,6324.000000000524,0.0,0.0,,,,,0.0,0.0
2022-09-28,LB_20220928_093328_SELL_0001,discovery,B_CLEAN_BREAKOUT,2022-09-28 13:33:29.039000+00:00,2022-09-28T13:33:28.0000000Z,2022-09-28T13:33:29.0000000Z,SELL,11297.5,11307.5,34409.039,34408.0,34409.0,1.0,1.0,1.0,66214.0,14070.0,1.0,2.0,2.0,42.0,0.0,0.0,47.0,-42.0,-0.8076923076923077,5.0,47.0,1.0,1.0,0.10638297872340426,0.0,0.0,867.9999999949359,57.0,31.0,0.29545454545454547,0.08771929824561403,0.8245614035087719,,0.0,0.0,1.0,24.0,24.0,49.0,0.0,0.0,56.0,-49.0,-0.550561797752809,20.0,69.0,12.0,11.0,0.2898550724637681,0.0,0.0,867.9999999949359,57.0,31.0,0.29545454545454547,0.3508771929824561,1.2105263157894737,,0.0,0.0,1.0,38.0,38.0,52.0,0.0,0.0,57.0,-52.0,-0.4727272727272727,29.0,81.0,17.0,17.0,0.35802469135802467,0.0,0.0,867.9999999949359,57.0,31.0,0.29545454545454547,0.5087719298245614,1.4210526315789473,,0.0,0.0,1.0,69.0,69.0,47.0,0.0,0.0,57.0,-47.0,-0.29936305732484075,55.0,102.0,32.0,28.0,0.5392156862745098,0.0,0.0,867.9999999949359,57.0,31.0,0.29545454545454547,0.9649122807017544,1.7894736842105263,,0.0,0.0,1.0,0.0,0.0,0.0,0.0,0.0,0.0,0.0,,0.0,-0.0,0.0,0.0,,0.0,0.0,7931.9999999934225,0.0,0.0,,,,,0.0,0.0,1.0,0.0,0.0,0.0,0.0,0.0,0.0,0.0,,0.0,-0.0,0.0,0.0,,0.0,0.0,7931.9999999934225,0.0,0.0,,,,,0.0,0.0,1.0,0.0,0.0,0.0,0.0,0.0,0.0,0.0,,0.0,-0.0,0.0,0.0,,0.0,0.0,7931.9999999934225,0.0,0.0,,,,,0.0,0.0,1.0,18.0,18.0,0.0,0.0,0.0,13.0,0.0,0.0,27.0,27.0,6.0,11.0,1.0,0.0,0.0,7931.9999999934225,9.0,14.0,-0.21739130434782608,3.0,3.0,61.0000000015134,6.0,27.0
2022-10-06,LB_20221006_093213_SELL_0001,discovery,C_MIXED_PATH,2022-10-06 13:32:14.069000+00:00,2022-10-06T13:32:13.0000000Z,2022-10-06T13:32:14.0100000Z,SELL,11622.5,11590.0,34334.069,34333.0,34334.01,1.0,1.0,1.0,30940.0,10573.0,1.0,15.0,15.0,26.0,0.0,0.0,26.0,-26.0,-0.26,37.0,63.0,6.0,9.0,0.5873015873015873,0.0,0.0,311.0000000015134,63.0,11.0,0.7027027027027027,0.5873015873015873,1.0,72.00000000011642,6.0,37.0,1.0,37.0,37.0,30.0,0.0,0.0,53.0,-30.0,-0.17857142857142858,69.0,99.0,17.0,20.0,0.696969696969697,0.0,0.0,311.0000000015134,63.0,11.0,0.7027027027027027,1.0952380952380953,1.5714285714285714,72.00000000011642,6.0,37.0,1.0,48.0,48.0,46.0,0.0,0.0,53.0,-46.0,-0.23,77.0,123.0,22.0,26.0,0.6260162601626016,0.0,0.0,311.0000000015134,63.0,11.0,0.7027027027027027,1.2222222222222223,1.9523809523809523,72.00000000011642,6.0,37.0,1.0,80.0,80.0,31.0,0.0,0.0,53.0,-31.0,-0.12156862745098039,112.0,143.0,39.0,38.0,0.7832167832167832,0.0,0.0,311.0000000015134,63.0,11.0,0.7027027027027027,1.7777777777777777,2.2698412698412698,72.00000000011642,6.0,37.0,1.0,1.0,1.0,13.0,14.0,13.0,14.0,1.0,1.0,1.0,-0.0,1.0,0.0,,1.0,1.0,424.00000000634464,0.0,0.0,,,,,0.0,0.0,1.0,1.0,1.0,13.0,14.0,13.0,14.0,1.0,1.0,1.0,-0.0,1.0,0.0,,1.0,1.0,424.00000000634464,0.0,0.0,,,,,0.0,0.0,1.0,1.0,1.0,13.0,14.0,13.0,14.0,1.0,1.0,1.0,-0.0,1.0,0.0,,1.0,1.0,424.00000000634464,0.0,0.0,,,,,0.0,0.0,1.0,2.0,2.0,14.0,14.0,13.0,14.0,0.0,0.0,1.0,1.0,1.0,1.0,1.0,1.0,1.0,424.00000000634464,0.0,0.0,,,,,0.0,0.0
2022-10-11,LB_20221011_093101_SELL_0001,discovery,C_MIXED_PATH,2022-10-11 13:31:02.078000+00:00,2022-10-11T13:31:01.0000000Z,2022-10-11T13:31:02.0290000Z,SELL,10905.0,10911.25,34262.078,34261.0,34262.029,1.0,1.0,1.0,17710.0,5249.0,1.0,7.0,7.0,55.0,0.0,0.0,55.0,-55.0,-1.0,0.0,55.0,0.0,6.0,0.0,0.0,0.0,533.000000003085,56.0,13.0,0.6231884057971014,0.0,0.9821428571428571,,0.0,0.0,1.0,20.0,20.0,64.0,0.0,0.0,64.0,-64.0,-0.7111111111111111,13.0,77.0,6.0,12.0,0.16883116883116883,0.0,0.0,533.000000003085,56.0,13.0,0.6231884057971014,0.23214285714285715,1.375,,0.0,0.0,1.0,23.0,23.0,57.0,0.0,0.0,64.0,-57.0,-0.5876288659793815,20.0,77.0,9.0,12.0,0.2597402597402597,0.0,0.0,533.000000003085,56.0,13.0,0.6231884057971014,0.35714285714285715,1.375,,0.0,0.0,1.0,30.0,30.0,40.0,0.0,0.0,64.0,-40.0,-0.3389830508474576,39.0,79.0,14.0,14.0,0.4936708860759494,0.0,0.0,533.000000003085,56.0,13.0,0.6231884057971014,0.6964285714285714,1.4107142857142858,,0.0,0.0,1.0,0.0,0.0,0.0,0.0,0.0,0.0,0.0,,0.0,-0.0,0.0,0.0,,0.0,0.0,1182.0000000006985,7.0,13.0,-0.3,0.0,-0.0,,0.0,0.0,1.0,29.0,29.0,21.0,0.0,0.0,21.0,-21.0,-0.14285714285714285,63.0,84.0,13.0,14.0,0.75,0.0,0.0,1182.0000000006985,66.0,30.0,0.375,0.9545454545454546,1.2727272727272727,127.00000000040745,13.0,63.0,1.0,54.0,54.0,33.0,0.0,0.0,34.0,-33.0,-0.1658291457286432,83.0,116.0,23.0,24.0,0.7155172413793104,0.0,0.0,1182.0000000006985,66.0,30.0,0.375,1.2575757575757576,1.7575757575757576,127.00000000040745,13.0,63.0,1.0,82.0,82.0,40.0,0.0,0.0,50.0,-40.0,-0.13986013986013987,123.0,163.0,34.0,38.0,0.754601226993865,0.0,0.0,1182.0000000006985,66.0,30.0,0.375,1.8636363636363635,2.4696969696969697,127.00000000040745,13.0,63.0
2022-10-18,LB_20221018_093155_SELL_0001,discovery,C_MIXED_PATH,2022-10-18 13:31:56.038000+00:00,2022-10-18T13:31:55.0000000Z,2022-10-18T13:31:56.0070000Z,SELL,11400.0,11402.5,34316.038,34315.0,34316.007,1.0,1.0,1.0,38234.0,11781.0,1.0,0.0,0.0,0.0,0.0,0.0,0.0,0.0,,0.0,-0.0,0.0,0.0,,0.0,0.0,1239.9999999979627,36.0,23.0,0.22033898305084745,0.0,-0.0,,0.0,0.0,1.0,34.0,34.0,47.0,0.0,0.0,47.0,-47.0,-0.43119266055045874,31.0,78.0,13.0,15.0,0.3974358974358974,0.0,0.0,1239.9999999979627,90.0,30.0,0.5,0.34444444444444444,0.8666666666666667,113.00000000483124,4.0,18.0,1.0,66.0,66.0,29.0,0.0,0.0,48.0,-29.0,-0.17159763313609466,70.0,99.0,30.0,25.0,0.7070707070707071,0.0,0.0,1239.9999999979627,90.0,30.0,0.5,0.7777777777777778,1.1,113.00000000483124,4.0,18.0,1.0,120.0,120.0,40.0,0.0,0.0,65.0,-40.0,-0.12269938650306748,143.0,183.0,51.0,49.0,0.7814207650273224,0.0,0.0,1239.9999999979627,90.0,30.0,0.5,1.5888888888888888,2.033333333333333,113.00000000483124,4.0,18.0,1.0,0.0,0.0,0.0,0.0,0.0,0.0,0.0,,0.0,-0.0,0.0,0.0,,0.0,0.0,3160.0000000034925,0.0,0.0,,,,,0.0,0.0,1.0,0.0,0.0,0.0,0.0,0.0,0.0,0.0,,0.0,-0.0,0.0,0.0,,0.0,0.0,3160.0000000034925,37.0,24.0,0.21311475409836064,0.0,-0.0,,0.0,0.0,1.0,15.0,15.0,0.0,0.0,0.0,9.0,0.0,0.0,21.0,21.0,7.0,7.0,1.0,0.0,0.0,3160.0000000034925,94.0,43.0,0.3722627737226277,0.22340425531914893,0.22340425531914893,67.99999999930151,7.0,21.0,1.0,52.0,52.0,32.0,0.0,0.0,40.0,-32.0,-0.18823529411764706,69.0,101.0,21.0,24.0,0.6831683168316832,0.0,0.0,3160.0000000034925,171.0,69.0,0.425,0.40350877192982454,0.5906432748538012,441.9999999954598,11.0,50.0
2022-10-25,LB_20221025_093119_BUY_0001,discovery,B_CLEAN_BREAKOUT,2022-10-25 13:31:20.076000+00:00,2022-10-25T13:31:19.0000000Z,2022-10-25T13:31:20.0000000Z,BUY,11552.5,11548.75,34280.076,34279.0,34280.0,1.0,1.0,1.0,28241.0,7441.0,1.0,13.0,13.0,43.0,4.0,1.0,44.0,-39.0,-0.7647058823529411,6.0,45.0,4.0,9.0,0.13333333333333333,3.0,1.0,29.999999998835847,20.0,12.0,0.25,0.3,2.25,102.99999999551801,2.0,4.0,1.0,30.0,30.0,47.0,4.0,1.0,51.0,-43.0,-0.5180722891566265,20.0,63.0,11.0,18.0,0.31746031746031744,3.0,1.0,29.999999998835847,20.0,12.0,0.25,1.0,3.15,102.99999999551801,2.0,4.0,1.0,32.0,32.0,39.0,4.0,1.0,51.0,-35.0,-0.38461538461538464,28.0,63.0,12.0,18.0,0.4444444444444444,3.0,1.0,29.999999998835847,20.0,12.0,0.25,1.4,3.15,102.99999999551801,2.0,4.0,1.0,41.0,41.0,43.0,4.0,1.0,51.0,-39.0,-0.37142857142857144,33.0,72.0,16.0,22.0,0.4583333333333333,3.0,1.0,29.999999998835847,20.0,12.0,0.25,1.65,3.6,102.99999999551801,2.0,4.0,1.0,7.0,7.0,24.0,0.0,0.0,24.0,-24.0,-0.9230769230769231,1.0,25.0,1.0,5.0,0.04,0.0,0.0,584.0000000025611,6.0,1.0,0.7142857142857143,0.16666666666666666,4.166666666666667,76.00000000093132,1.0,1.0,1.0,37.0,37.0,42.0,0.0,0.0,42.0,-42.0,-0.328125,43.0,85.0,11.0,22.0,0.5058823529411764,0.0,0.0,584.0000000025611,35.0,2.0,0.8918918918918919,1.2285714285714286,2.4285714285714284,52.999999999883585,11.0,43.0,1.0,48.0,48.0,55.0,0.0,0.0,60.0,-55.0,-0.3503184713375796,51.0,106.0,16.0,27.0,0.4811320754716981,0.0,0.0,584.0000000025611,35.0,2.0,0.8918918918918919,1.457142857142857,3.0285714285714285,52.999999999883585,11.0,43.0,1.0,75.0,75.0,46.0,0.0,0.0,60.0,-46.0,-0.21296296296296297,85.0,131.0,31.0,37.0,0.648854961832061,0.0,0.0,584.0000000025611,35.0,2.0,0.8918918918918919,2.4285714285714284,3.742857142857143,52.999999999883585,11.0,43.0
2022-10-26,LB_20221026_093108_SELL_0002,discovery,A_TRUE_ABSORPTION,2022-10-26 13:31:09.077000+00:00,2022-10-26T13:31:08.0000000Z,2022-10-26T13:31:09.0100000Z,SELL,11435.0,11442.5,34269.077,34268.0,34269.01,1.0,1.0,1.0,22453.0,9661.0,1.0,0.0,0.0,0.0,0.0,0.0,0.0,0.0,,0.0,-0.0,0.0,0.0,,0.0,0.0,1034.9999999962165,55.0,48.0,0.06796116504854369,0.0,-0.0,,0.0,0.0,1.0,14.0,14.0,60.0,0.0,0.0,63.0,-60.0,-0.75,10.0,70.0,3.0,8.0,0.14285714285714285,0.0,0.0,1034.9999999962165,109.0,53.0,0.345679012345679,0.09174311926605505,0.6422018348623854,,0.0,0.0,1.0,27.0,27.0,62.0,0.0,0.0,63.0,-62.0,-0.6078431372549019,20.0,82.0,9.0,14.0,0.24390243902439024,0.0,0.0,1034.9999999962165,109.0,53.0,0.345679012345679,0.1834862385321101,0.7522935779816514,,0.0,0.0,1.0,55.0,55.0,53.0,0.0,0.0,68.0,-53.0,-0.32919254658385094,54.0,107.0,23.0,22.0,0.5046728971962616,0.0,0.0,1034.9999999962165,109.0,53.0,0.345679012345679,0.4954128440366973,0.981651376146789,,0.0,0.0,1.0,0.0,0.0,0.0,0.0,0.0,0.0,0.0,,0.0,-0.0,0.0,0.0,,0.0,0.0,2843.0000000007567,0.0,0.0,,,,,0.0,0.0,1.0,2.0,2.0,0.0,0.0,0.0,3.0,0.0,0.0,3.0,3.0,1.0,1.0,1.0,0.0,0.0,2843.0000000007567,16.0,22.0,-0.15789473684210525,0.1875,0.1875,72.00000000011642,1.0,3.0,1.0,33.0,33.0,0.0,0.0,0.0,29.0,0.0,0.0,64.0,64.0,13.0,14.0,1.0,0.0,0.0,2843.0000000007567,38.0,38.0,0.0,1.6842105263157894,1.6842105263157894,184.00000000110595,13.0,64.0,1.0,69.0,69.0,29.0,0.0,0.0,36.0,-29.0,-0.14427860696517414,86.0,115.0,26.0,30.0,0.7478260869565218,0.0,0.0,2843.0000000007567,74.0,80.0,-0.03896103896103896,1.162162162162162,1.554054054054054,2822.0000000001164,13.0,64.0
2022-10-27,LB_20221027_093628_SELL_0001,discovery,A_TRUE_ABSORPTION,2022-10-27 13:36:29.053000+00:00,2022-10-27T13:36:28.0000000Z,2022-10-27T13:36:29.0170000Z,SELL,11396.25,11401.25,34589.053,34588.0,34589.017,1.0,1.0,1.0,108124.0,23341.0,1.0,16.0,16.0,47.0,0.0,0.0,47.0,-47.0,-0.6619718309859155,12.0,59.0,5.0,10.0,0.2033898305084746,0.0,0.0,21.999999997206032,9.0,0.0,1.0,1.3333333333333333,6.555555555555555,,0.0,0.0,1.0,35.0,35.0,30.0,0.0,0.0,51.0,-30.0,-0.2830188679245283,38.0,68.0,15.0,17.0,0.5588235294117647,0.0,0.0,21.999999997206032,9.0,0.0,1.0,4.222222222222222,7.555555555555555,,0.0,0.0,1.0,41.0,41.0,29.0,0.0,0.0,51.0,-29.0,-0.25663716814159293,42.0,71.0,19.0,19.0,0.5915492957746479,0.0,0.0,21.999999997206032,9.0,0.0,1.0,4.666666666666667,7.888888888888889,,0.0,0.0,1.0,46.0,46.0,23.0,0.0,0.0,51.0,-23.0,-0.19327731092436976,48.0,71.0,24.0,19.0,0.676056338028169,0.0,0.0,21.999999997206032,9.0,0.0,1.0,5.333333333333333,7.888888888888889,,0.0,0.0,1.0,9.0,9.0,23.0,0.0,0.0,23.0,-23.0,-1.0,0.0,23.0,0.0,6.0,0.0,0.0,0.0,612.0000000009895,30.0,0.0,1.0,0.0,0.7666666666666667,,0.0,0.0,1.0,33.0,33.0,59.0,0.0,0.0,63.0,-59.0,-0.5728155339805825,22.0,81.0,8.0,18.0,0.2716049382716049,0.0,0.0,612.0000000009895,30.0,0.0,1.0,0.7333333333333333,2.7,,0.0,0.0,1.0,39.0,39.0,36.0,0.0,0.0,64.0,-36.0,-0.24324324324324326,56.0,92.0,12.0,20.0,0.6086956521739131,0.0,0.0,612.0000000009895,30.0,0.0,1.0,1.8666666666666667,3.066666666666667,,0.0,0.0,1.0,44.0,44.0,33.0,0.0,0.0,64.0,-33.0,-0.21568627450980393,60.0,93.0,16.0,21.0,0.6451612903225806,0.0,0.0,612.0000000009895,30.0,0.0,1.0,2.0,3.1,,0.0,0.0
2022-10-28,LB_20221028_093127_BUY_0001,discovery,B_CLEAN_BREAKOUT,2022-10-28 13:31:28.046000+00:00,2022-10-28T13:31:27.0000000Z,2022-10-28T13:31:28.0000000Z,BUY,11252.5,11246.25,34288.046,34287.0,34288.0,1.0,1.0,1.0,34594.0,11139.0,1.0,9.0,9.0,46.0,0.0,0.0,46.0,-46.0,-0.8518518518518519,4.0,50.0,1.0,7.0,0.08,0.0,0.0,90.0000000037835,52.0,26.0,0.3333333333333333,0.07692307692307693,0.9615384615384616,336.99999999953434,1.0,4.0,1.0,19.0,19.0,60.0,0.0,0.0,61.0,-60.0,-0.7692307692307693,9.0,69.0,5.0,12.0,0.13043478260869565,0.0,0.0,90.0000000037835,52.0,26.0,0.3333333333333333,0.17307692307692307,1.3269230769230769,336.99999999953434,1.0,4.0,1.0,27.0,27.0,37.0,0.0,0.0,61.0,-37.0,-0.3394495412844037,36.0,73.0,10.0,15.0,0.4931506849315068,0.0,0.0,90.0000000037835,52.0,26.0,0.3333333333333333,0.6923076923076923,1.4038461538461537,336.99999999953434,1.0,4.0,1.0,48.0,48.0,47.0,0.0,0.0,61.0,-47.0,-0.29559748427672955,56.0,103.0,18.0,26.0,0.5436893203883495,0.0,0.0,90.0000000037835,52.0,26.0,0.3333333333333333,1.0769230769230769,1.9807692307692308,336.99999999953434,1.0,4.0,1.0,0.0,0.0,0.0,0.0,0.0,0.0,0.0,,0.0,-0.0,0.0,0.0,,0.0,0.0,1724.9999999985448,0.0,0.0,,,,,0.0,0.0,1.0,5.0,5.0,0.0,0.0,0.0,1.0,0.0,0.0,2.0,2.0,2.0,2.0,1.0,0.0,0.0,1724.9999999985448,9.0,18.0,-0.3333333333333333,0.2222222222222222,0.2222222222222222,620.9999999991851,2.0,2.0,1.0,5.0,5.0,0.0,0.0,0.0,1.0,0.0,0.0,2.0,2.0,2.0,2.0,1.0,0.0,0.0,1724.9999999985448,11.0,33.0,-0.5,0.18181818181818182,0.18181818181818182,932.0000000006985,2.0,2.0,1.0,51.0,51.0,0.0,0.0,0.0,30.0,0.0,0.0,83.0,83.0,27.0,19.0,1.0,0.0,0.0,1724.9999999985448,46.0,52.0,-0.061224489795918366,1.8043478260869565,1.8043478260869565,18.000000003667083,27.0,83.0
2022-11-03,LB_20221103_093349_BUY_0001,discovery,A_TRUE_ABSORPTION,2022-11-03 13:33:50.021000+00:00,2022-11-03T13:33:49.0000000Z,2022-11-03T13:33:50.0010000Z,BUY,10846.25,10830.0,34430.021,34429.0,34430.001,1.0,1.0,1.0,66631.0,19287.0,1.0,15.0,15.0,52.0,10.0,0.0,52.0,-42.0,-0.4772727272727273,23.0,65.0,6.0,7.0,0.35384615384615387,10.0,1.0,6.000000001222361,21.0,25.0,-0.08695652173913043,1.0952380952380953,3.0952380952380953,49.999999995634425,6.0,23.0,1.0,19.0,19.0,23.0,10.0,0.0,52.0,-13.0,-0.10569105691056911,55.0,68.0,9.0,8.0,0.8088235294117647,10.0,1.0,6.000000001222361,21.0,25.0,-0.08695652173913043,2.619047619047619,3.238095238095238,49.999999995634425,6.0,23.0,1.0,24.0,24.0,23.0,10.0,0.0,52.0,-13.0,-0.10077519379844961,58.0,71.0,11.0,11.0,0.8169014084507042,10.0,1.0,6.000000001222361,21.0,25.0,-0.08695652173913043,2.761904761904762,3.380952380952381,49.999999995634425,6.0,23.0,1.0,27.0,27.0,20.0,10.0,0.0,52.0,-10.0,-0.07462686567164178,62.0,72.0,13.0,12.0,0.8611111111111112,10.0,1.0,6.000000001222361,21.0,25.0,-0.08695652173913043,2.9523809523809526,3.4285714285714284,49.999999995634425,6.0,23.0,1.0,0.0,0.0,0.0,0.0,0.0,0.0,0.0,,0.0,-0.0,0.0,0.0,,0.0,0.0,5546.999999998661,0.0,0.0,,,,,0.0,0.0,1.0,0.0,0.0,0.0,0.0,0.0,0.0,0.0,,0.0,-0.0,0.0,0.0,,0.0,0.0,5546.999999998661,0.0,0.0,,,,,0.0,0.0,1.0,0.0,0.0,0.0,0.0,0.0,0.0,0.0,,0.0,-0.0,0.0,0.0,,0.0,0.0,5546.999999998661,3.0,0.0,1.0,0.0,-0.0,,0.0,0.0,1.0,43.0,43.0,51.0,0.0,0.0,51.0,-51.0,-0.24878048780487805,77.0,128.0,23.0,17.0,0.6015625,0.0,0.0,5546.999999998661,84.0,59.0,0.17482517482517482,0.9166666666666666,1.5238095238095237,479.0000000066357,23.0,77.0
2023-03-21,LB_20230321_093130_BUY_0001,discovery,B_CLEAN_BREAKOUT,2023-03-21 13:31:31.049993+00:00,2023-03-21T13:31:30.0000000Z,2023-03-21T13:31:31.0084149Z,BUY,12801.25,12797.5,34291.049993,34290.0,34291.008414,1.0,0.0,0.0,0.0,0.0,,,,,,,,,,,,,,,,,,,,,,,,,,,,,,,,,,,,,,,,,,,,,,,,,,,,,,,,,,,,,,,,,,,,,,,,,,,,,,,,,,,,,,,,,,,,,,,,,,,,,,,,,,,,,,,,,,,,,,,,,,,,,,,,,,,,,,,,,,,,,,,,,,,,,,,,,,,,,,,,,,,,,,,,,,,,,,,,,,,,,,,,,,,,,,,,,,,,,,,,
2023-03-28,LB_20230328_093202_SELL_0001,discovery,B_CLEAN_BREAKOUT,2023-03-28 13:32:03.022952+00:00,2023-03-28T13:32:02.0000000Z,2023-03-28T13:32:03.0006210Z,SELL,12748.75,12760.0,34323.022952,34322.0,34323.000621,1.0,0.0,0.0,0.0,0.0,,,,,,,,,,,,,,,,,,,,,,,,,,,,,,,,,,,,,,,,,,,,,,,,,,,,,,,,,,,,,,,,,,,,,,,,,,,,,,,,,,,,,,,,,,,,,,,,,,,,,,,,,,,,,,,,,,,,,,,,,,,,,,,,,,,,,,,,,,,,,,,,,,,,,,,,,,,,,,,,,,,,,,,,,,,,,,,,,,,,,,,,,,,,,,,,,,,,,,,,
2023-04-03,LB_20230403_093250_BUY_0001,discovery,C_MIXED_PATH,2023-04-03 13:32:51.099847900+00:00,2023-04-03T13:32:50.0000000Z,2023-04-03T13:32:51.0083010Z,BUY,13217.5,13211.25,34371.099847,34370.0,34371.008301,1.0,0.0,0.0,0.0,0.0,,,,,,,,,,,,,,,,,,,,,,,,,,,,,,,,,,,,,,,,,,,,,,,,,,,,,,,,,,,,,,,,,,,,,,,,,,,,,,,,,,,,,,,,,,,,,,,,,,,,,,,,,,,,,,,,,,,,,,,,,,,,,,,,,,,,,,,,,,,,,,,,,,,,,,,,,,,,,,,,,,,,,,,,,,,,,,,,,,,,,,,,,,,,,,,,,,,,,,,,
2023-04-04,LB_20230404_093600_SELL_0001,discovery,A_TRUE_ABSORPTION,2023-04-04 13:36:01.053737900+00:00,2023-04-04T13:36:00.0000000Z,2023-04-04T13:36:01.0200429Z,SELL,13271.25,13280.0,34561.053737,34560.0,34561.020042,1.0,0.0,0.0,0.0,0.0,,,,,,,,,,,,,,,,,,,,,,,,,,,,,,,,,,,,,,,,,,,,,,,,,,,,,,,,,,,,,,,,,,,,,,,,,,,,,,,,,,,,,,,,,,,,,,,,,,,,,,,,,,,,,,,,,,,,,,,,,,,,,,,,,,,,,,,,,,,,,,,,,,,,,,,,,,,,,,,,,,,,,,,,,,,,,,,,,,,,,,,,,,,,,,,,,,,,,,,,
2023-04-17,LB_20230417_093332_BUY_0001,discovery,C_MIXED_PATH,2023-04-17 13:33:33.085219900+00:00,2023-04-17T13:33:32.0000000Z,2023-04-17T13:33:33.0016539Z,BUY,13172.5,13167.5,34413.085219,34412.0,34413.001653,1.0,0.0,0.0,0.0,0.0,,,,,,,,,,,,,,,,,,,,,,,,,,,,,,,,,,,,,,,,,,,,,,,,,,,,,,,,,,,,,,,,,,,,,,,,,,,,,,,,,,,,,,,,,,,,,,,,,,,,,,,,,,,,,,,,,,,,,,,,,,,,,,,,,,,,,,,,,,,,,,,,,,,,,,,,,,,,,,,,,,,,,,,,,,,,,,,,,,,,,,,,,,,,,,,,,,,,,,,,
2023-04-19,LB_20230419_093353_SELL_0001,discovery,A_TRUE_ABSORPTION,2023-04-19 13:33:54.064843900+00:00,2023-04-19T13:33:53.0000000Z,2023-04-19T13:33:54.0244879Z,SELL,13105.0,13081.25,34434.064843,34433.0,34434.024487,1.0,0.0,0.0,0.0,0.0,,,,,,,,,,,,,,,,,,,,,,,,,,,,,,,,,,,,,,,,,,,,,,,,,,,,,,,,,,,,,,,,,,,,,,,,,,,,,,,,,,,,,,,,,,,,,,,,,,,,,,,,,,,,,,,,,,,,,,,,,,,,,,,,,,,,,,,,,,,,,,,,,,,,,,,,,,,,,,,,,,,,,,,,,,,,,,,,,,,,,,,,,,,,,,,,,,,,,,,,
2023-04-26,LB_20230426_093201_SELL_0001,discovery,A_TRUE_ABSORPTION,2023-04-26 13:32:02.055938+00:00,2023-04-26T13:32:01.0000000Z,2023-04-26T13:32:02.0096780Z,SELL,12921.25,12933.75,34322.055938,34321.0,34322.009678,1.0,0.0,0.0,0.0,0.0,,,,,,,,,,,,,,,,,,,,,,,,,,,,,,,,,,,,,,,,,,,,,,,,,,,,,,,,,,,,,,,,,,,,,,,,,,,,,,,,,,,,,,,,,,,,,,,,,,,,,,,,,,,,,,,,,,,,,,,,,,,,,,,,,,,,,,,,,,,,,,,,,,,,,,,,,,,,,,,,,,,,,,,,,,,,,,,,,,,,,,,,,,,,,,,,,,,,,,,,
2023-05-03,LB_20230503_093500_BUY_0001,discovery,B_CLEAN_BREAKOUT,2023-05-03 13:35:01.053012900+00:00,2023-05-03T13:35:00.0000000Z,2023-05-03T13:35:01.0072930Z,BUY,13208.75,13203.75,34501.053012,34500.0,34501.007293,1.0,0.0,0.0,0.0,0.0,,,,,,,,,,,,,,,,,,,,,,,,,,,,,,,,,,,,,,,,,,,,,,,,,,,,,,,,,,,,,,,,,,,,,,,,,,,,,,,,,,,,,,,,,,,,,,,,,,,,,,,,,,,,,,,,,,,,,,,,,,,,,,,,,,,,,,,,,,,,,,,,,,,,,,,,,,,,,,,,,,,,,,,,,,,,,,,,,,,,,,,,,,,,,,,,,,,,,,,,
2023-05-11,LB_20230511_093202_SELL_0001,discovery,B_CLEAN_BREAKOUT,2023-05-11 13:32:03.023827900+00:00,2023-05-11T13:32:02.0000000Z,2023-05-11T13:32:03.0139550Z,SELL,13400.0,13418.75,34323.023827,34322.0,34323.013955,1.0,0.0,0.0,0.0,0.0,,,,,,,,,,,,,,,,,,,,,,,,,,,,,,,,,,,,,,,,,,,,,,,,,,,,,,,,,,,,,,,,,,,,,,,,,,,,,,,,,,,,,,,,,,,,,,,,,,,,,,,,,,,,,,,,,,,,,,,,,,,,,,,,,,,,,,,,,,,,,,,,,,,,,,,,,,,,,,,,,,,,,,,,,,,,,,,,,,,,,,,,,,,,,,,,,,,,,,,,
2023-05-18,LB_20230518_093436_BUY_0001,discovery,B_CLEAN_BREAKOUT,2023-05-18 13:34:37.130016900+00:00,2023-05-18T13:34:36.0000000Z,2023-05-18T13:34:37.0249959Z,BUY,13681.25,13668.75,34477.130016,34476.0,34477.024995,1.0,1.0,1.0,55371.0,11163.0,1.0,17.0,17.0,65.0,12.0,10.0,66.0,-53.0,-0.654320987654321,14.0,67.0,7.0,9.0,0.208955223880597,2.0,1.0,14.01600000099279,98.0,16.0,0.7192982456140351,0.14285714285714285,0.6836734693877551,175.99999999947613,5.0,10.0,1.0,31.0,31.0,60.0,12.0,10.0,67.0,-48.0,-0.5,24.0,72.0,15.0,12.0,0.3333333333333333,2.0,1.0,14.01600000099279,98.0,16.0,0.7192982456140351,0.24489795918367346,0.7346938775510204,175.99999999947613,5.0,10.0,1.0,37.0,37.0,67.0,12.0,10.0,69.0,-55.0,-0.5045871559633027,27.0,82.0,18.0,15.0,0.32926829268292684,2.0,1.0,14.01600000099279,98.0,16.0,0.7192982456140351,0.2755102040816326,0.8367346938775511,175.99999999947613,5.0,10.0,1.0,60.0,60.0,71.0,12.0,10.0,75.0,-59.0,-0.4125874125874126,42.0,101.0,29.0,26.0,0.4158415841584158,2.0,1.0,14.01600000099279,98.0,16.0,0.7192982456140351,0.42857142857142855,1.030612244897959,175.99999999947613,5.0,10.0,1.0,0.0,0.0,0.0,0.0,0.0,0.0,0.0,,0.0,-0.0,0.0,0.0,,0.0,0.0,79950.0160000025,0.0,0.0,,,,,0.0,0.0,1.0,0.0,0.0,0.0,0.0,0.0,0.0,0.0,,0.0,-0.0,0.0,0.0,,0.0,0.0,79950.0160000025,0.0,0.0,,,,,0.0,0.0,1.0,0.0,0.0,0.0,0.0,0.0,0.0,0.0,,0.0,-0.0,0.0,0.0,,0.0,0.0,79950.0160000025,0.0,0.0,,,,,0.0,0.0,1.0,0.0,0.0,0.0,0.0,0.0,0.0,0.0,,0.0,-0.0,0.0,0.0,,0.0,0.0,79950.0160000025,0.0,0.0,,,,,0.0,0.0
2023-05-22,LB_20230522_093356_BUY_0001,discovery,B_CLEAN_BREAKOUT,2023-05-22 13:33:57.065921900+00:00,2023-05-22T13:33:56.0000000Z,2023-05-22T13:33:57.0132970Z,BUY,13876.25,13865.0,34437.065921,34436.0,34437.013297,1.0,1.0,1.0,54971.0,14289.0,1.0,17.0,17.0,0.0,38.0,0.0,48.0,38.0,0.4634146341463415,60.0,22.0,8.0,6.0,2.727272727272727,38.0,1.0,33.92100000201026,141.0,59.0,0.41,0.425531914893617,0.15602836879432624,55.00000000029104,8.0,60.0,1.0,35.0,35.0,67.0,38.0,0.0,75.0,-29.0,-0.1638418079096045,74.0,103.0,19.0,12.0,0.7184466019417476,38.0,1.0,33.92100000201026,141.0,59.0,0.41,0.524822695035461,0.7304964539007093,55.00000000029104,8.0,60.0,1.0,48.0,48.0,77.0,38.0,0.0,77.0,-39.0,-0.19597989949748743,80.0,119.0,24.0,18.0,0.6722689075630253,38.0,1.0,33.92100000201026,141.0,59.0,0.41,0.5673758865248227,0.8439716312056738,55.00000000029104,8.0,60.0,1.0,56.0,56.0,66.0,38.0,0.0,81.0,-28.0,-0.11666666666666667,106.0,134.0,29.0,20.0,0.7910447761194029,38.0,1.0,33.92100000201026,141.0,59.0,0.41,0.75177304964539,0.950354609929078,55.00000000029104,8.0,60.0,1.0,0.0,0.0,0.0,0.0,0.0,0.0,0.0,,0.0,-0.0,0.0,0.0,,0.0,0.0,10247.921000001952,0.0,0.0,,,,,0.0,0.0,1.0,0.0,0.0,0.0,0.0,0.0,0.0,0.0,,0.0,-0.0,0.0,0.0,,0.0,0.0,10247.921000001952,0.0,0.0,,,,,0.0,0.0,1.0,0.0,0.0,0.0,0.0,0.0,0.0,0.0,,0.0,-0.0,0.0,0.0,,0.0,0.0,10247.921000001952,0.0,0.0,,,,,0.0,0.0,1.0,0.0,0.0,0.0,0.0,0.0,0.0,0.0,,0.0,-0.0,0.0,0.0,,0.0,0.0,10247.921000001952,0.0,4.0,-1.0,,,,0.0,0.0
2023-05-26,LB_20230526_093357_BUY_0001,discovery,A_TRUE_ABSORPTION,2023-05-26 13:33:58.020596+00:00,2023-05-26T13:33:57.0000000Z,2023-05-26T13:33:58.0079660Z,BUY,14045.0,14030.0,34438.020596,34437.0,34438.007966,1.0,1.0,1.0,51704.0,9377.0,1.0,16.0,16.0,100.0,5.0,0.0,101.0,-95.0,-0.6737588652482269,23.0,118.0,5.0,9.0,0.19491525423728814,5.0,1.0,38.59599999850616,175.0,66.0,0.45228215767634855,0.13142857142857142,0.6742857142857143,120.99999999918509,4.0,22.0,1.0,22.0,22.0,107.0,5.0,0.0,107.0,-102.0,-0.6891891891891891,23.0,125.0,5.0,13.0,0.184,5.0,1.0,38.59599999850616,175.0,66.0,0.45228215767634855,0.13142857142857142,0.7142857142857143,120.99999999918509,4.0,22.0,1.0,29.0,29.0,114.0,5.0,0.0,119.0,-109.0,-0.6526946107784432,29.0,138.0,8.0,16.0,0.21014492753623187,5.0,1.0,38.59599999850616,175.0,66.0,0.45228215767634855,0.1657142857142857,0.7885714285714286,120.99999999918509,4.0,22.0,1.0,50.0,50.0,113.0,5.0,0.0,119.0,-108.0,-0.5806451612903226,39.0,147.0,17.0,24.0,0.2653061224489796,5.0,1.0,38.59599999850616,175.0,66.0,0.45228215767634855,0.22285714285714286,0.84,120.99999999918509,4.0,22.0,1.0,0.0,0.0,0.0,0.0,0.0,0.0,0.0,,0.0,-0.0,0.0,0.0,,0.0,0.0,18401.596000003337,0.0,0.0,,,,,0.0,0.0,1.0,0.0,0.0,0.0,0.0,0.0,0.0,0.0,,0.0,-0.0,0.0,0.0,,0.0,0.0,18401.596000003337,0.0,0.0,,,,,0.0,0.0,1.0,0.0,0.0,0.0,0.0,0.0,0.0,0.0,,0.0,-0.0,0.0,0.0,,0.0,0.0,18401.596000003337,0.0,0.0,,,,,0.0,0.0,1.0,0.0,0.0,0.0,0.0,0.0,0.0,0.0,,0.0,-0.0,0.0,0.0,,0.0,0.0,18401.596000003337,0.0,0.0,,,,,0.0,0.0
2023-05-31,LB_20230531_093156_BUY_0001,discovery,C_MIXED_PATH,2023-05-31 13:31:57.052030+00:00,2023-05-31T13:31:56.0000000Z,2023-05-31T13:31:57.0098070Z,BUY,14348.75,14343.75,34317.05203,34316.0,34317.009807,1.0,1.0,1.0,28796.0,4694.0,1.0,15.0,15.0,39.0,25.0,0.0,41.0,-14.0,-0.11864406779661017,52.0,66.0,7.0,7.0,0.7878787878787878,25.0,1.0,0.029999995604157448,0.0,0.0,,,,,0.0,0.0,1.0,39.0,39.0,42.0,25.0,0.0,43.0,-17.0,-0.11564625850340136,65.0,82.0,15.0,20.0,0.7926829268292683,25.0,1.0,0.029999995604157448,0.0,0.0,,,,,0.0,0.0,1.0,45.0,45.0,47.0,25.0,0.0,47.0,-22.0,-0.14285714285714285,66.0,88.0,16.0,24.0,0.75,25.0,1.0,0.029999995604157448,0.0,0.0,,,,,0.0,0.0,1.0,72.0,72.0,48.0,25.0,0.0,59.0,-23.0,-0.1111111111111111,92.0,115.0,33.0,31.0,0.8,25.0,1.0,0.029999995604157448,0.0,0.0,,,,,0.0,0.0,1.0,0.0,0.0,0.0,0.0,0.0,0.0,0.0,,0.0,-0.0,0.0,0.0,,0.0,0.0,6895.029999999679,0.0,0.0,,,,,0.0,0.0,1.0,0.0,0.0,0.0,0.0,0.0,0.0,0.0,,0.0,-0.0,0.0,0.0,,0.0,0.0,6895.029999999679,0.0,0.0,,,,,0.0,0.0,1.0,0.0,0.0,0.0,0.0,0.0,0.0,0.0,,0.0,-0.0,0.0,0.0,,0.0,0.0,6895.029999999679,0.0,0.0,,,,,0.0,0.0,1.0,43.0,43.0,13.0,0.0,0.0,44.0,-13.0,-0.07692307692307693,78.0,91.0,21.0,18.0,0.8571428571428571,0.0,0.0,6895.029999999679,2.0,0.0,1.0,39.0,45.5,12.99999999901047,5.0,23.0
2023-06-05,LB_20230605_093500_BUY_0001,discovery,C_MIXED_PATH,2023-06-05 13:35:01.036505+00:00,2023-06-05T13:35:00.0000000Z,2023-06-05T13:35:01.0020969Z,BUY,14611.25,14586.25,34501.036505,34500.0,34501.002096,1.0,1.0,1.0,37204.0,7859.0,1.0,0.0,0.0,0.0,0.0,0.0,0.0,0.0,,0.0,-0.0,0.0,0.0,,0.0,0.0,148500.50499999634,0.0,0.0,,,,,0.0,0.0,1.0,0.0,0.0,0.0,0.0,0.0,0.0,0.0,,0.0,-0.0,0.0,0.0,,0.0,0.0,148500.50499999634,0.0,0.0,,,,,0.0,0.0,1.0,0.0,0.0,0.0,0.0,0.0,0.0,0.0,,0.0,-0.0,0.0,0.0,,0.0,0.0,148500.50499999634,0.0,0.0,,,,,0.0,0.0,1.0,0.0,0.0,0.0,0.0,0.0,0.0,0.0,,0.0,-0.0,0.0,0.0,,0.0,0.0,148500.50499999634,0.0,0.0,,,,,0.0,0.0,1.0,0.0,0.0,0.0,0.0,0.0,0.0,0.0,,0.0,-0.0,0.0,0.0,,0.0,0.0,194421.50499999843,0.0,0.0,,,,,0.0,0.0,1.0,0.0,0.0,0.0,0.0,0.0,0.0,0.0,,0.0,-0.0,0.0,0.0,,0.0,0.0,194421.50499999843,0.0,0.0,,,,,0.0,0.0,1.0,0.0,0.0,0.0,0.0,0.0,0.0,0.0,,0.0,-0.0,0.0,0.0,,0.0,0.0,194421.50499999843,0.0,0.0,,,,,0.0,0.0,1.0,0.0,0.0,0.0,0.0,0.0,0.0,0.0,,0.0,-0.0,0.0,0.0,,0.0,0.0,194421.50499999843,0.0,0.0,,,,,0.0,0.0
2023-06-13,LB_20230613_093139_SELL_0001,discovery,A_TRUE_ABSORPTION,2023-06-13 13:31:40.043985900+00:00,2023-06-13T13:31:39.0000000Z,2023-06-13T13:31:40.0013759Z,SELL,15080.0,15086.25,34300.043985,34299.0,34300.001375,1.0,1.0,1.0,28015.0,6157.0,1.0,13.0,13.0,28.0,0.0,0.0,39.0,-28.0,-0.4375,18.0,46.0,6.0,3.0,0.391304347826087,0.0,0.0,152.98499999335036,0.0,0.0,,,,,0.0,0.0,1.0,31.0,31.0,67.0,0.0,0.0,70.0,-67.0,-0.5537190082644629,27.0,94.0,10.0,16.0,0.2872340425531915,0.0,0.0,152.98499999335036,0.0,0.0,,,,,0.0,0.0,1.0,46.0,46.0,38.0,0.0,0.0,70.0,-38.0,-0.22093023255813954,67.0,105.0,19.0,21.0,0.638095238095238,0.0,0.0,152.98499999335036,0.0,0.0,,,,,0.0,0.0,1.0,90.0,90.0,65.0,0.0,0.0,92.0,-65.0,-0.20634920634920634,125.0,190.0,39.0,38.0,0.6578947368421053,0.0,0.0,152.98499999335036,0.0,0.0,,,,,0.0,0.0,1.0,0.0,0.0,0.0,0.0,0.0,0.0,0.0,,0.0,-0.0,0.0,0.0,,0.0,0.0,2718.9849999995204,0.0,0.0,,,,,0.0,0.0,1.0,5.0,5.0,0.0,0.0,0.0,3.0,0.0,0.0,5.0,5.0,2.0,3.0,1.0,0.0,0.0,2718.9849999995204,0.0,0.0,,,,,0.0,0.0,1.0,5.0,5.0,0.0,0.0,0.0,3.0,0.0,0.0,5.0,5.0,2.0,3.0,1.0,0.0,0.0,2718.9849999995204,0.0,1.0,-1.0,,,,0.0,0.0,1.0,38.0,38.0,0.0,0.0,0.0,35.0,0.0,0.0,111.0,111.0,15.0,20.0,1.0,0.0,0.0,2718.9849999995204,0.0,1.0,-1.0,,,,0.0,0.0
2023-06-22,LB_20230622_093240_BUY_0001,discovery,B_CLEAN_BREAKOUT,2023-06-22 13:32:41.030431+00:00,2023-06-22T13:32:40.0000000Z,2023-06-22T13:32:41.0082400Z,BUY,15000.0,14986.25,34361.030431,34360.0,34361.00824,1.0,1.0,1.0,46222.0,7658.0,1.0,13.0,13.0,95.0,0.0,0.0,96.0,-95.0,-0.7142857142857143,19.0,114.0,5.0,7.0,0.16666666666666666,0.0,0.0,19.43100000062259,109.0,46.0,0.4064516129032258,0.1743119266055046,1.0458715596330275,166.00000000471482,4.0,18.0,1.0,24.0,24.0,110.0,0.0,0.0,112.0,-110.0,-0.6962025316455697,24.0,134.0,8.0,12.0,0.1791044776119403,0.0,0.0,19.43100000062259,109.0,46.0,0.4064516129032258,0.22018348623853212,1.2293577981651376,166.00000000471482,4.0,18.0,1.0,34.0,34.0,111.0,0.0,0.0,114.0,-111.0,-0.6568047337278107,29.0,140.0,11.0,16.0,0.20714285714285716,0.0,0.0,19.43100000062259,109.0,46.0,0.4064516129032258,0.26605504587155965,1.2844036697247707,166.00000000471482,4.0,18.0,1.0,63.0,63.0,99.0,0.0,0.0,129.0,-99.0,-0.2972972972972973,117.0,216.0,25.0,29.0,0.5416666666666666,0.0,0.0,19.43100000062259,109.0,46.0,0.4064516129032258,1.073394495412844,1.981651376146789,166.00000000471482,4.0,18.0,1.0,0.0,0.0,0.0,0.0,0.0,0.0,0.0,,0.0,-0.0,0.0,0.0,,0.0,0.0,8075.430999997479,0.0,0.0,,,,,0.0,0.0,1.0,0.0,0.0,0.0,0.0,0.0,0.0,0.0,,0.0,-0.0,0.0,0.0,,0.0,0.0,8075.430999997479,0.0,0.0,,,,,0.0,0.0,1.0,0.0,0.0,0.0,0.0,0.0,0.0,0.0,,0.0,-0.0,0.0,0.0,,0.0,0.0,8075.430999997479,0.0,0.0,,,,,0.0,0.0,1.0,20.0,20.0,22.0,0.0,0.0,27.0,-22.0,-0.3793103448275862,18.0,40.0,7.0,12.0,0.45,0.0,0.0,8075.430999997479,21.0,15.0,0.16666666666666666,0.8571428571428571,1.9047619047619047,171.99999999866122,5.0,13.0
2023-06-23,LB_20230623_093159_BUY_0001,discovery,B_CLEAN_BREAKOUT,2023-06-23 13:32:00.009044+00:00,2023-06-23T13:31:59.0000000Z,2023-06-23T13:32:00.0010960Z,BUY,15061.25,15060.0,34320.009044,34319.0,34320.001096,1.0,1.0,1.0,30863.0,4835.0,1.0,10.0,10.0,23.0,8.0,0.0,24.0,-15.0,-0.30612244897959184,17.0,32.0,5.0,5.0,0.53125,8.0,1.0,82.04399999522138,7.0,14.0,-0.3333333333333333,2.4285714285714284,4.571428571428571,,0.0,0.0,1.0,17.0,17.0,28.0,8.0,0.0,31.0,-20.0,-0.30303030303030304,23.0,43.0,8.0,9.0,0.5348837209302325,8.0,1.0,82.04399999522138,7.0,14.0,-0.3333333333333333,3.2857142857142856,6.142857142857143,,0.0,0.0,1.0,28.0,28.0,28.0,8.0,0.0,31.0,-20.0,-0.2564102564102564,29.0,49.0,14.0,14.0,0.5918367346938775,8.0,1.0,82.04399999522138,7.0,14.0,-0.3333333333333333,4.142857142857143,7.0,,0.0,0.0,1.0,38.0,38.0,29.0,8.0,0.0,37.0,-21.0,-0.21212121212121213,39.0,60.0,19.0,19.0,0.65,8.0,1.0,82.04399999522138,7.0,14.0,-0.3333333333333333,5.571428571428571,8.571428571428571,,0.0,0.0,1.0,7.0,7.0,69.0,0.0,0.0,72.0,-69.0,-0.7931034482758621,9.0,78.0,2.0,4.0,0.11538461538461539,0.0,0.0,724.0439999950468,0.0,0.0,,,,,0.0,0.0,1.0,18.0,18.0,88.0,0.0,0.0,88.0,-88.0,-0.6285714285714286,26.0,114.0,6.0,11.0,0.22807017543859648,0.0,0.0,724.0439999950468,1.0,0.0,1.0,26.0,114.0,166.00000000471482,2.0,9.0,1.0,32.0,32.0,86.0,0.0,0.0,89.0,-86.0,-0.5584415584415584,34.0,120.0,14.0,16.0,0.2833333333333333,0.0,0.0,724.0439999950468,1.0,0.0,1.0,34.0,120.0,166.00000000471482,2.0,9.0,1.0,47.0,47.0,92.0,0.0,0.0,98.0,-92.0,-0.4842105263157895,49.0,141.0,22.0,23.0,0.3475177304964539,0.0,0.0,724.0439999950468,1.0,0.0,1.0,49.0,141.0,166.00000000471482,2.0,9.0
2023-06-30,LB_20230630_093123_BUY_0001,discovery,B_CLEAN_BREAKOUT,2023-06-30 13:31:24.087132900+00:00,2023-06-30T13:31:23.0000000Z,2023-06-30T13:31:24.0154860Z,BUY,15258.75,15255.0,34284.087132,34283.0,34284.015486,1.0,1.0,1.0,22621.0,4102.0,1.0,12.0,12.0,55.0,3.0,2.0,55.0,-52.0,-0.7647058823529411,8.0,60.0,3.0,8.0,0.13333333333333333,1.0,1.0,0.1320000010309741,0.0,1.0,-1.0,,,,0.0,0.0,1.0,17.0,17.0,65.0,3.0,2.0,76.0,-62.0,-0.5961538461538461,21.0,83.0,5.0,11.0,0.25301204819277107,1.0,1.0,0.1320000010309741,0.0,1.0,-1.0,,,,0.0,0.0,1.0,22.0,22.0,64.0,3.0,2.0,76.0,-61.0,-0.4728682170542636,34.0,95.0,9.0,12.0,0.35789473684210527,1.0,1.0,0.1320000010309741,0.0,1.0,-1.0,,,,0.0,0.0,1.0,44.0,44.0,67.0,3.0,2.0,78.0,-64.0,-0.2206896551724138,113.0,177.0,20.0,23.0,0.6384180790960452,1.0,1.0,0.1320000010309741,0.0,1.0,-1.0,,,,0.0,0.0,1.0,10.0,10.0,135.0,0.0,0.0,136.0,-135.0,-0.9574468085106383,3.0,138.0,2.0,6.0,0.021739130434782608,0.0,0.0,412.13199999765493,1.0,0.0,1.0,3.0,138.0,,0.0,0.0,1.0,25.0,25.0,150.0,0.0,0.0,151.0,-150.0,-0.9146341463414634,7.0,157.0,5.0,16.0,0.044585987261146494,0.0,0.0,412.13199999765493,1.0,0.0,1.0,7.0,157.0,,0.0,0.0,1.0,31.0,31.0,148.0,0.0,0.0,151.0,-148.0,-0.8809523809523809,10.0,158.0,8.0,17.0,0.06329113924050633,0.0,0.0,412.13199999765493,1.0,0.0,1.0,10.0,158.0,,0.0,0.0,1.0,79.0,79.0,149.0,0.0,0.0,156.0,-149.0,-0.5936254980079682,51.0,200.0,30.0,37.0,0.255,0.0,0.0,412.13199999765493,2.0,0.0,1.0,25.5,100.0,0.0,17.0,29.0
2023-07-18,LB_20230718_093258_SELL_0002,discovery,B_CLEAN_BREAKOUT,2023-07-18 13:32:59.057619900+00:00,2023-07-18T13:32:58.0000000Z,2023-07-18T13:32:59.0051710Z,SELL,15780.0,15790.0,34379.057619,34378.0,34379.005171,1.0,1.0,1.0,43311.0,11573.0,1.0,3.0,3.0,100.0,0.0,0.0,100.0,-100.0,-1.0,0.0,100.0,0.0,3.0,0.0,0.0,0.0,846.6189999962808,152.0,95.0,0.23076923076923078,0.0,0.6578947368421053,,0.0,0.0,1.0,21.0,21.0,108.0,0.0,0.0,108.0,-108.0,-0.8059701492537313,13.0,121.0,9.0,12.0,0.10743801652892562,0.0,0.0,846.6189999962808,152.0,95.0,0.23076923076923078,0.08552631578947369,0.7960526315789473,,0.0,0.0,1.0,41.0,41.0,102.0,0.0,0.0,109.0,-102.0,-0.5930232558139535,35.0,137.0,17.0,21.0,0.25547445255474455,0.0,0.0,846.6189999962808,152.0,95.0,0.23076923076923078,0.23026315789473684,0.9013157894736842,,0.0,0.0,1.0,61.0,61.0,109.0,0.0,0.0,112.0,-109.0,-0.558974358974359,43.0,152.0,22.0,34.0,0.28289473684210525,0.0,0.0,846.6189999962808,152.0,95.0,0.23076923076923078,0.28289473684210525,1.0,,0.0,0.0,1.0,0.0,0.0,0.0,0.0,0.0,0.0,0.0,,0.0,-0.0,0.0,0.0,,0.0,0.0,22055.618999998842,0.0,0.0,,,,,0.0,0.0,1.0,0.0,0.0,0.0,0.0,0.0,0.0,0.0,,0.0,-0.0,0.0,0.0,,0.0,0.0,22055.618999998842,0.0,0.0,,,,,0.0,0.0,1.0,0.0,0.0,0.0,0.0,0.0,0.0,0.0,,0.0,-0.0,0.0,0.0,,0.0,0.0,22055.618999998842,0.0,0.0,,,,,0.0,0.0,1.0,0.0,0.0,0.0,0.0,0.0,0.0,0.0,,0.0,-0.0,0.0,0.0,,0.0,0.0,22055.618999998842,0.0,0.0,,,,,0.0,0.0
2023-07-20,LB_20230720_093345_SELL_0001,discovery,A_TRUE_ABSORPTION,2023-07-20 13:33:46.040713900+00:00,2023-07-20T13:33:45.0000000Z,2023-07-20T13:33:46.0220049Z,SELL,15871.25,15832.5,34426.040713,34425.0,34426.022004,1.0,1.0,1.0,42891.0,8978.0,1.0,0.0,0.0,0.0,0.0,0.0,0.0,0.0,,0.0,-0.0,0.0,0.0,,0.0,0.0,60339.71300000121,0.0,0.0,,,,,0.0,0.0,1.0,0.0,0.0,0.0,0.0,0.0,0.0,0.0,,0.0,-0.0,0.0,0.0,,0.0,0.0,60339.71300000121,0.0,0.0,,,,,0.0,0.0,1.0,0.0,0.0,0.0,0.0,0.0,0.0,0.0,,0.0,-0.0,0.0,0.0,,0.0,0.0,60339.71300000121,0.0,0.0,,,,,0.0,0.0,1.0,0.0,0.0,0.0,0.0,0.0,0.0,0.0,,0.0,-0.0,0.0,0.0,,0.0,0.0,60339.71300000121,0.0,0.0,,,,,0.0,0.0,1.0,0.0,0.0,0.0,0.0,0.0,0.0,0.0,,0.0,-0.0,0.0,0.0,,0.0,0.0,78886.71299999987,0.0,0.0,,,,,0.0,0.0,1.0,0.0,0.0,0.0,0.0,0.0,0.0,0.0,,0.0,-0.0,0.0,0.0,,0.0,0.0,78886.71299999987,0.0,0.0,,,,,0.0,0.0,1.0,0.0,0.0,0.0,0.0,0.0,0.0,0.0,,0.0,-0.0,0.0,0.0,,0.0,0.0,78886.71299999987,0.0,0.0,,,,,0.0,0.0,1.0,0.0,0.0,0.0,0.0,0.0,0.0,0.0,,0.0,-0.0,0.0,0.0,,0.0,0.0,78886.71299999987,0.0,0.0,,,,,0.0,0.0
2023-07-27,LB_20230727_093300_BUY_0001,discovery,B_CLEAN_BREAKOUT,2023-07-27 13:33:01.089165+00:00,2023-07-27T13:33:00.0000000Z,2023-07-27T13:33:01.0190470Z,BUY,15852.5,15846.25,34381.089165,34380.0,34381.019047,1.0,1.0,1.0,44008.0,10410.0,1.0,18.0,18.0,47.0,20.0,0.0,47.0,-27.0,-0.17419354838709677,64.0,91.0,8.0,9.0,0.7032967032967034,20.0,1.0,29.164999999920838,161.0,85.0,0.3089430894308943,0.39751552795031053,0.5652173913043478,150.99999999802094,8.0,64.0,1.0,33.0,33.0,50.0,20.0,0.0,52.0,-30.0,-0.1724137931034483,72.0,102.0,16.0,16.0,0.7058823529411765,20.0,1.0,29.164999999920838,161.0,85.0,0.3089430894308943,0.4472049689440994,0.6335403726708074,150.99999999802094,8.0,64.0,1.0,43.0,43.0,53.0,20.0,0.0,54.0,-33.0,-0.18032786885245902,75.0,108.0,19.0,21.0,0.6944444444444444,20.0,1.0,29.164999999920838,161.0,85.0,0.3089430894308943,0.4658385093167702,0.6708074534161491,150.99999999802094,8.0,64.0,1.0,75.0,75.0,42.0,20.0,0.0,62.0,-22.0,-0.09016393442622951,111.0,133.0,35.0,34.0,0.8345864661654135,20.0,1.0,29.164999999920838,161.0,85.0,0.3089430894308943,0.6894409937888198,0.8260869565217391,150.99999999802094,8.0,64.0,1.0,0.0,0.0,0.0,0.0,0.0,0.0,0.0,,0.0,-0.0,0.0,0.0,,0.0,0.0,11563.164999999572,0.0,0.0,,,,,0.0,0.0,1.0,0.0,0.0,0.0,0.0,0.0,0.0,0.0,,0.0,-0.0,0.0,0.0,,0.0,0.0,11563.164999999572,0.0,0.0,,,,,0.0,0.0,1.0,0.0,0.0,0.0,0.0,0.0,0.0,0.0,,0.0,-0.0,0.0,0.0,,0.0,0.0,11563.164999999572,0.0,0.0,,,,,0.0,0.0,1.0,0.0,0.0,0.0,0.0,0.0,0.0,0.0,,0.0,-0.0,0.0,0.0,,0.0,0.0,11563.164999999572,0.0,0.0,,,,,0.0,0.0
2023-08-08,LB_20230808_093726_SELL_0001,discovery,A_TRUE_ABSORPTION,2023-08-08 13:37:27.058667+00:00,2023-08-08T13:37:26.0000000Z,2023-08-08T13:37:27.0006500Z,SELL,15350.0,15353.75,34647.058667,34646.0,34647.00065,1.0,1.0,1.0,96114.0,19846.0,1.0,11.0,11.0,151.0,0.0,0.0,151.0,-151.0,-0.8435754189944135,14.0,165.0,3.0,8.0,0.08484848484848485,0.0,0.0,506.66699999419507,156.0,25.0,0.7237569060773481,0.08974358974358974,1.0576923076923077,,0.0,0.0,1.0,31.0,31.0,149.0,0.0,0.0,155.0,-149.0,-0.6930232558139535,33.0,182.0,15.0,15.0,0.1813186813186813,0.0,0.0,506.66699999419507,156.0,25.0,0.7237569060773481,0.21153846153846154,1.1666666666666667,,0.0,0.0,1.0,41.0,41.0,158.0,0.0,0.0,158.0,-158.0,-0.6929824561403509,35.0,193.0,17.0,19.0,0.18134715025906736,0.0,0.0,506.66699999419507,156.0,25.0,0.7237569060773481,0.22435897435897437,1.2371794871794872,,0.0,0.0,1.0,92.0,92.0,108.0,0.0,0.0,159.0,-108.0,-0.2634146341463415,151.0,259.0,41.0,42.0,0.583011583011583,0.0,0.0,506.66699999419507,156.0,25.0,0.7237569060773481,0.967948717948718,1.6602564102564104,,0.0,0.0,1.0,0.0,0.0,0.0,0.0,0.0,0.0,0.0,,0.0,-0.0,0.0,0.0,,0.0,0.0,1593.6670000010054,0.0,0.0,,,,,0.0,0.0,1.0,21.0,21.0,15.0,0.0,0.0,31.0,-15.0,-0.23809523809523808,24.0,39.0,9.0,7.0,0.6153846153846154,0.0,0.0,1593.6670000010054,30.0,9.0,0.5384615384615384,0.8,1.3,64.99999999505235,1.0,2.0,1.0,38.0,38.0,34.0,0.0,0.0,36.0,-34.0,-0.2698412698412698,46.0,80.0,17.0,14.0,0.575,0.0,0.0,1593.6670000010054,30.0,9.0,0.5384615384615384,1.5333333333333334,2.6666666666666665,64.99999999505235,1.0,2.0,1.0,113.0,113.0,28.0,0.0,0.0,36.0,-28.0,-0.09722222222222222,130.0,158.0,51.0,41.0,0.8227848101265823,0.0,0.0,1593.6670000010054,30.0,9.0,0.5384615384615384,4.333333333333333,5.266666666666667,64.99999999505235,1.0,2.0
2023-08-24,LB_20230824_093139_SELL_0001,discovery,B_CLEAN_BREAKOUT,2023-08-24 13:31:40.065524+00:00,2023-08-24T13:31:39.0000000Z,2023-08-24T13:31:40.0014090Z,SELL,15300.0,15307.5,34300.065524,34299.0,34300.001409,1.0,1.0,1.0,31120.0,8297.0,1.0,10.0,10.0,105.0,5.0,0.0,105.0,-100.0,-0.746268656716418,17.0,117.0,2.0,8.0,0.1452991452991453,5.0,1.0,0.5239999954937957,0.0,0.0,,,,,0.0,0.0,1.0,35.0,35.0,103.0,5.0,0.0,106.0,-98.0,-0.48514851485148514,52.0,150.0,16.0,17.0,0.3466666666666667,5.0,1.0,0.5239999954937957,0.0,0.0,,,,,0.0,0.0,1.0,55.0,55.0,127.0,5.0,0.0,127.0,-122.0,-0.40939597315436244,88.0,210.0,22.0,28.0,0.41904761904761906,5.0,1.0,0.5239999954937957,0.0,0.0,,,,,0.0,0.0,1.0,80.0,80.0,138.0,5.0,0.0,146.0,-133.0,-0.37464788732394366,111.0,244.0,33.0,42.0,0.45491803278688525,5.0,1.0,0.5239999954937957,0.0,0.0,,,,,0.0,0.0,1.0,0.0,0.0,0.0,0.0,0.0,0.0,0.0,,0.0,-0.0,0.0,0.0,,0.0,0.0,7612.523999996483,0.0,0.0,,,,,0.0,0.0,1.0,0.0,0.0,0.0,0.0,0.0,0.0,0.0,,0.0,-0.0,0.0,0.0,,0.0,0.0,7612.523999996483,0.0,0.0,,,,,0.0,0.0,1.0,0.0,0.0,0.0,0.0,0.0,0.0,0.0,,0.0,-0.0,0.0,0.0,,0.0,0.0,7612.523999996483,0.0,0.0,,,,,0.0,0.0,1.0,4.0,4.0,0.0,0.0,0.0,9.0,0.0,0.0,9.0,9.0,2.0,2.0,1.0,0.0,0.0,7612.523999996483,4.0,2.0,0.3333333333333333,2.25,2.25,2173.9999999990687,2.0,9.0
2023-08-25,LB_20230825_093257_BUY_0001,discovery,A_TRUE_ABSORPTION,2023-08-25 13:32:58.084006+00:00,2023-08-25T13:32:57.0000000Z,2023-08-25T13:32:58.0110190Z,BUY,14933.75,14925.0,34378.084006,34377.0,34378.011019,1.0,1.0,1.0,40561.0,9202.0,1.0,19.0,19.0,6.0,18.0,5.0,25.0,12.0,0.14285714285714285,48.0,36.0,9.0,9.0,1.3333333333333333,13.0,1.0,73.00599999871338,29.0,18.0,0.23404255319148937,1.6551724137931034,1.2413793103448276,12.99999999901047,9.0,48.0,1.0,29.0,29.0,31.0,18.0,5.0,31.0,-13.0,-0.1111111111111111,52.0,65.0,13.0,14.0,0.8,13.0,1.0,73.00599999871338,44.0,32.0,0.15789473684210525,1.1818181818181819,1.4772727272727273,44.00000000168802,10.0,49.0,1.0,35.0,35.0,30.0,18.0,5.0,32.0,-12.0,-0.1,54.0,66.0,15.0,15.0,0.8181818181818182,13.0,1.0,73.00599999871338,44.0,32.0,0.15789473684210525,1.2272727272727273,1.5,44.00000000168802,10.0,49.0,1.0,65.0,65.0,31.0,18.0,5.0,64.0,-13.0,-0.056768558951965066,108.0,121.0,26.0,31.0,0.8925619834710744,13.0,1.0,73.00599999871338,44.0,32.0,0.15789473684210525,2.4545454545454546,2.75,44.00000000168802,10.0,49.0,1.0,0.0,0.0,0.0,0.0,0.0,0.0,0.0,,0.0,-0.0,0.0,0.0,,0.0,0.0,7303.005999994639,0.0,0.0,,,,,0.0,0.0,1.0,0.0,0.0,0.0,0.0,0.0,0.0,0.0,,0.0,-0.0,0.0,0.0,,0.0,0.0,7303.005999994639,0.0,0.0,,,,,0.0,0.0,1.0,0.0,0.0,0.0,0.0,0.0,0.0,0.0,,0.0,-0.0,0.0,0.0,,0.0,0.0,7303.005999994639,0.0,0.0,,,,,0.0,0.0,1.0,25.0,25.0,0.0,0.0,0.0,29.0,0.0,0.0,57.0,57.0,11.0,9.0,1.0,0.0,0.0,7303.005999994639,41.0,40.0,0.012345679012345678,1.3902439024390243,1.3902439024390243,22.00000000448199,11.0,57.0
2023-08-29,LB_20230829_093105_SELL_0001,discovery,A_TRUE_ABSORPTION,2023-08-29 13:31:06.065128+00:00,2023-08-29T13:31:05.0000000Z,2023-08-29T13:31:06.0190829Z,SELL,15073.75,15073.75,34266.065128,34265.0,34266.019082,1.0,1.0,1.0,15738.0,4090.0,1.0,2.0,2.0,26.0,0.0,0.0,26.0,-26.0,-1.0,0.0,26.0,0.0,2.0,0.0,0.0,0.0,726.1280000020633,30.0,3.0,0.8181818181818182,0.0,0.8666666666666667,,0.0,0.0,1.0,9.0,9.0,33.0,0.0,0.0,34.0,-33.0,-0.8918918918918919,2.0,35.0,2.0,5.0,0.05714285714285714,0.0,0.0,726.1280000020633,30.0,3.0,0.8181818181818182,0.06666666666666667,1.1666666666666667,,0.0,0.0,1.0,23.0,23.0,27.0,0.0,0.0,34.0,-27.0,-0.4153846153846154,19.0,46.0,9.0,11.0,0.41304347826086957,0.0,0.0,726.1280000020633,30.0,3.0,0.8181818181818182,0.6333333333333333,1.5333333333333334,,0.0,0.0,1.0,57.0,57.0,76.0,0.0,0.0,83.0,-76.0,-0.40860215053763443,55.0,131.0,21.0,31.0,0.4198473282442748,0.0,0.0,726.1280000020633,30.0,3.0,0.8181818181818182,1.8333333333333333,4.366666666666666,,0.0,0.0,1.0,2.0,2.0,26.0,0.0,0.0,26.0,-26.0,-1.0,0.0,26.0,0.0,2.0,0.0,0.0,0.0,726.1280000020633,30.0,3.0,0.8181818181818182,0.0,0.8666666666666667,,0.0,0.0,1.0,9.0,9.0,33.0,0.0,0.0,34.0,-33.0,-0.8918918918918919,2.0,35.0,2.0,5.0,0.05714285714285714,0.0,0.0,726.1280000020633,30.0,3.0,0.8181818181818182,0.06666666666666667,1.1666666666666667,,0.0,0.0,1.0,23.0,23.0,27.0,0.0,0.0,34.0,-27.0,-0.4153846153846154,19.0,46.0,9.0,11.0,0.41304347826086957,0.0,0.0,726.1280000020633,30.0,3.0,0.8181818181818182,0.6333333333333333,1.5333333333333334,,0.0,0.0,1.0,57.0,57.0,76.0,0.0,0.0,83.0,-76.0,-0.40860215053763443,55.0,131.0,21.0,31.0,0.4198473282442748,0.0,0.0,726.1280000020633,30.0,3.0,0.8181818181818182,1.8333333333333333,4.366666666666666,,0.0,0.0
2023-08-31,LB_20230831_093357_BUY_0001,discovery,A_TRUE_ABSORPTION,2023-08-31 13:33:58.049564+00:00,2023-08-31T13:33:57.0000000Z,2023-08-31T13:33:58.0006949Z,BUY,15552.5,15520.0,34438.049564,34437.0,34438.000694,1.0,1.0,1.0,53773.0,18331.0,1.0,8.0,8.0,55.0,27.0,19.0,57.0,-28.0,-0.56,11.0,39.0,4.0,4.0,0.28205128205128205,8.0,1.0,36.564000001817476,94.0,30.0,0.5161290322580645,0.11702127659574468,0.4148936170212766,167.99999999784632,1.0,8.0,1.0,14.0,14.0,54.0,27.0,19.0,57.0,-27.0,-0.5094339622641509,13.0,40.0,6.0,5.0,0.325,8.0,1.0,36.564000001817476,94.0,30.0,0.5161290322580645,0.13829787234042554,0.425531914893617,167.99999999784632,1.0,8.0,1.0,24.0,24.0,46.0,27.0,19.0,57.0,-19.0,-0.30158730158730157,22.0,41.0,14.0,6.0,0.5365853658536586,8.0,1.0,36.564000001817476,94.0,30.0,0.5161290322580645,0.23404255319148937,0.43617021276595747,167.99999999784632,1.0,8.0,1.0,48.0,48.0,53.0,27.0,19.0,57.0,-26.0,-0.2653061224489796,36.0,62.0,25.0,13.0,0.5806451612903226,8.0,1.0,36.564000001817476,94.0,30.0,0.5161290322580645,0.3829787234042553,0.6595744680851063,167.99999999784632,1.0,8.0,1.0,0.0,0.0,0.0,0.0,0.0,0.0,0.0,,0.0,-0.0,0.0,0.0,,0.0,0.0,167774.56399999937,0.0,0.0,,,,,0.0,0.0,1.0,0.0,0.0,0.0,0.0,0.0,0.0,0.0,,0.0,-0.0,0.0,0.0,,0.0,0.0,167774.56399999937,0.0,0.0,,,,,0.0,0.0,1.0,0.0,0.0,0.0,0.0,0.0,0.0,0.0,,0.0,-0.0,0.0,0.0,,0.0,0.0,167774.56399999937,0.0,0.0,,,,,0.0,0.0,1.0,0.0,0.0,0.0,0.0,0.0,0.0,0.0,,0.0,-0.0,0.0,0.0,,0.0,0.0,167774.56399999937,0.0,0.0,,,,,0.0,0.0
2023-09-05,LB_20230905_093500_SELL_0002,discovery,C_MIXED_PATH,2023-09-05 13:35:01.010477+00:00,2023-09-05T13:35:00.0000000Z,2023-09-05T13:35:01.0020939Z,SELL,15457.5,15473.75,34501.010477,34500.0,34501.002093,1.0,1.0,1.0,76028.0,12966.0,1.0,9.0,9.0,73.0,0.0,0.0,81.0,-73.0,-0.5488721804511278,30.0,103.0,3.0,6.0,0.2912621359223301,0.0,0.0,545.4770000069402,63.0,41.0,0.21153846153846154,0.47619047619047616,1.6349206349206349,119.0000000060536,2.0,12.0,1.0,24.0,24.0,71.0,0.0,0.0,81.0,-71.0,-0.3837837837837838,57.0,128.0,9.0,12.0,0.4453125,0.0,0.0,545.4770000069402,63.0,41.0,0.21153846153846154,0.9047619047619048,2.0317460317460316,119.0000000060536,2.0,12.0,1.0,46.0,46.0,59.0,0.0,0.0,81.0,-59.0,-0.2388663967611336,94.0,153.0,21.0,21.0,0.6143790849673203,0.0,0.0,545.4770000069402,63.0,41.0,0.21153846153846154,1.492063492063492,2.4285714285714284,119.0000000060536,2.0,12.0,1.0,74.0,74.0,50.0,0.0,0.0,81.0,-50.0,-0.14124293785310735,152.0,202.0,33.0,35.0,0.7524752475247525,0.0,0.0,545.4770000069402,63.0,41.0,0.21153846153846154,2.4126984126984126,3.2063492063492065,119.0000000060536,2.0,12.0,1.0,0.0,0.0,0.0,0.0,0.0,0.0,0.0,,0.0,-0.0,0.0,0.0,,0.0,0.0,40308.47700000595,0.0,0.0,,,,,0.0,0.0,1.0,0.0,0.0,0.0,0.0,0.0,0.0,0.0,,0.0,-0.0,0.0,0.0,,0.0,0.0,40308.47700000595,0.0,0.0,,,,,0.0,0.0,1.0,0.0,0.0,0.0,0.0,0.0,0.0,0.0,,0.0,-0.0,0.0,0.0,,0.0,0.0,40308.47700000595,0.0,0.0,,,,,0.0,0.0,1.0,0.0,0.0,0.0,0.0,0.0,0.0,0.0,,0.0,-0.0,0.0,0.0,,0.0,0.0,40308.47700000595,0.0,0.0,,,,,0.0,0.0
2023-09-07,LB_20230907_093117_SELL_0001,discovery,B_CLEAN_BREAKOUT,2023-09-07 13:31:18.033798900+00:00,2023-09-07T13:31:17.0000000Z,2023-09-07T13:31:18.0212729Z,SELL,15181.25,15183.75,34278.033798,34277.0,34278.021272,1.0,1.0,1.0,26971.0,7890.0,1.0,5.0,5.0,0.0,0.0,0.0,2.0,0.0,0.0,2.0,2.0,1.0,2.0,1.0,0.0,0.0,847.7979999952368,0.0,0.0,,,,,0.0,0.0,1.0,31.0,31.0,35.0,0.0,0.0,35.0,-35.0,-0.23809523809523808,56.0,91.0,10.0,16.0,0.6153846153846154,0.0,0.0,847.7979999952368,0.0,0.0,,,,,0.0,0.0,1.0,60.0,60.0,32.0,0.0,0.0,36.0,-32.0,-0.1322314049586777,105.0,137.0,22.0,28.0,0.7664233576642335,0.0,0.0,847.7979999952368,0.0,0.0,,,,,0.0,0.0,1.0,123.0,123.0,34.0,0.0,0.0,49.0,-34.0,-0.10365853658536585,147.0,181.0,49.0,51.0,0.8121546961325967,0.0,0.0,847.7979999952368,0.0,0.0,,,,,0.0,0.0,1.0,0.0,0.0,0.0,0.0,0.0,0.0,0.0,,0.0,-0.0,0.0,0.0,,0.0,0.0,7300.7979999965755,0.0,0.0,,,,,0.0,0.0,1.0,0.0,0.0,0.0,0.0,0.0,0.0,0.0,,0.0,-0.0,0.0,0.0,,0.0,0.0,7300.7979999965755,0.0,0.0,,,,,0.0,0.0,1.0,0.0,0.0,0.0,0.0,0.0,0.0,0.0,,0.0,-0.0,0.0,0.0,,0.0,0.0,7300.7979999965755,0.0,0.0,,,,,0.0,0.0,1.0,37.0,37.0,0.0,0.0,0.0,44.0,0.0,0.0,89.0,89.0,18.0,16.0,1.0,0.0,0.0,7300.7979999965755,1.0,1.0,0.0,89.0,89.0,34.9999999962165,14.0,69.0
2023-09-14,LB_20230914_093127_SELL_0001,discovery,A_TRUE_ABSORPTION,2023-09-14 13:31:28.062159900+00:00,2023-09-14T13:31:27.0000000Z,2023-09-14T13:31:28.0188709Z,SELL,15602.5,15603.75,34288.062159,34287.0,34288.01887,1.0,1.0,1.0,29436.0,7617.0,1.0,2.0,2.0,0.0,0.0,0.0,1.0,0.0,0.0,1.0,1.0,1.0,1.0,1.0,0.0,0.0,303.15900000277907,0.0,0.0,,,,,0.0,0.0,1.0,13.0,13.0,40.0,0.0,0.0,47.0,-40.0,-0.5714285714285714,15.0,55.0,5.0,7.0,0.2727272727272727,0.0,0.0,303.15900000277907,0.0,0.0,,,,,0.0,0.0,1.0,36.0,36.0,59.0,0.0,0.0,59.0,-59.0,-0.37579617834394907,49.0,108.0,14.0,15.0,0.4537037037037037,0.0,0.0,303.15900000277907,0.0,0.0,,,,,0.0,0.0,1.0,70.0,70.0,51.0,0.0,0.0,102.0,-51.0,-0.09426987060998152,245.0,296.0,26.0,33.0,0.8277027027027027,0.0,0.0,303.15900000277907,0.0,0.0,,,,,0.0,0.0,1.0,5.0,5.0,35.0,0.0,0.0,35.0,-35.0,-1.0,0.0,35.0,0.0,2.0,0.0,0.0,0.0,539.1589999999269,0.0,0.0,,,,,0.0,0.0,1.0,34.0,34.0,37.0,0.0,0.0,38.0,-37.0,-0.46835443037974683,21.0,58.0,15.0,14.0,0.3620689655172414,0.0,0.0,539.1589999999269,0.0,0.0,,,,,0.0,0.0,1.0,49.0,49.0,60.0,0.0,0.0,60.0,-60.0,-0.47619047619047616,33.0,93.0,22.0,22.0,0.3548387096774194,0.0,0.0,539.1589999999269,0.0,0.0,,,,,0.0,0.0,1.0,99.0,99.0,73.0,0.0,0.0,123.0,-73.0,-0.16404494382022472,186.0,259.0,39.0,43.0,0.7181467181467182,0.0,0.0,539.1589999999269,0.0,0.0,,,,,0.0,0.0
2023-09-15,LB_20230915_093253_SELL_0001,discovery,B_CLEAN_BREAKOUT,2023-09-15 13:32:54.037055900+00:00,2023-09-15T13:32:53.0000000Z,2023-09-15T13:32:54.0000830Z,SELL,15587.5,15602.5,34374.037055,34373.0,34374.000083,1.0,1.0,1.0,54144.0,14333.0,1.0,19.0,19.0,43.0,0.0,0.0,43.0,-43.0,-0.6056338028169014,14.0,57.0,6.0,11.0,0.24561403508771928,0.0,0.0,120.05499999941094,57.0,26.0,0.37349397590361444,0.24561403508771928,1.0,110.00000000058208,1.0,3.0,1.0,31.0,31.0,46.0,0.0,0.0,66.0,-46.0,-0.35384615384615387,42.0,88.0,9.0,18.0,0.4772727272727273,0.0,0.0,120.05499999941094,57.0,26.0,0.37349397590361444,0.7368421052631579,1.543859649122807,110.00000000058208,1.0,3.0,1.0,43.0,43.0,93.0,0.0,0.0,93.0,-93.0,-0.3924050632911392,72.0,165.0,11.0,24.0,0.43636363636363634,0.0,0.0,120.05499999941094,57.0,26.0,0.37349397590361444,1.263157894736842,2.8947368421052633,110.00000000058208,1.0,3.0,1.0,56.0,56.0,46.0,0.0,0.0,97.0,-46.0,-0.07876712328767123,269.0,315.0,18.0,28.0,0.8539682539682539,0.0,0.0,120.05499999941094,57.0,26.0,0.37349397590361444,4.719298245614035,5.526315789473684,110.00000000058208,1.0,3.0,1.0,0.0,0.0,0.0,0.0,0.0,0.0,0.0,,0.0,-0.0,0.0,0.0,,0.0,0.0,18002.0549999972,0.0,0.0,,,,,0.0,0.0,1.0,0.0,0.0,0.0,0.0,0.0,0.0,0.0,,0.0,-0.0,0.0,0.0,,0.0,0.0,18002.0549999972,0.0,0.0,,,,,0.0,0.0,1.0,0.0,0.0,0.0,0.0,0.0,0.0,0.0,,0.0,-0.0,0.0,0.0,,0.0,0.0,18002.0549999972,0.0,0.0,,,,,0.0,0.0,1.0,0.0,0.0,0.0,0.0,0.0,0.0,0.0,,0.0,-0.0,0.0,0.0,,0.0,0.0,18002.0549999972,0.0,0.0,,,,,0.0,0.0
2023-09-19,LB_20230919_093101_SELL_0001,discovery,A_TRUE_ABSORPTION,2023-09-19 13:31:02.011884+00:00,2023-09-19T13:31:01.0000000Z,2023-09-19T13:31:02.0052370Z,SELL,15331.25,15336.25,34262.011884,34261.0,34262.005237,1.0,1.0,1.0,17984.0,4834.0,1.0,14.0,14.0,35.0,0.0,0.0,37.0,-35.0,-0.7777777777777778,5.0,40.0,3.0,9.0,0.125,0.0,0.0,175.88399999658577,90.0,10.0,0.8,0.05555555555555555,0.4444444444444444,88.99999999994179,1.0,2.0,1.0,32.0,32.0,56.0,0.0,0.0,75.0,-56.0,-0.49122807017543857,29.0,85.0,7.0,20.0,0.3411764705882353,0.0,0.0,175.88399999658577,90.0,10.0,0.8,0.32222222222222224,0.9444444444444444,88.99999999994179,1.0,2.0,1.0,41.0,41.0,58.0,0.0,0.0,108.0,-58.0,-0.232,96.0,154.0,9.0,27.0,0.6233766233766234,0.0,0.0,175.88399999658577,90.0,10.0,0.8,1.0666666666666667,1.711111111111111,88.99999999994179,1.0,2.0,1.0,53.0,53.0,63.0,0.0,0.0,113.0,-63.0,-0.17548746518105848,148.0,211.0,12.0,35.0,0.7014218009478673,0.0,0.0,175.88399999658577,90.0,10.0,0.8,1.6444444444444444,2.3444444444444446,88.99999999994179,1.0,2.0,1.0,0.0,0.0,0.0,0.0,0.0,0.0,0.0,,0.0,-0.0,0.0,0.0,,0.0,0.0,1472.884000002523,0.0,0.0,,,,,0.0,0.0,1.0,21.0,21.0,36.0,0.0,0.0,43.0,-36.0,-0.5,18.0,54.0,10.0,9.0,0.3333333333333333,0.0,0.0,1472.884000002523,44.0,22.0,0.3333333333333333,0.4090909090909091,1.2272727272727273,,0.0,0.0,1.0,41.0,41.0,73.0,0.0,0.0,73.0,-73.0,-0.5748031496062992,27.0,100.0,15.0,21.0,0.27,0.0,0.0,1472.884000002523,44.0,22.0,0.3333333333333333,0.6136363636363636,2.272727272727273,,0.0,0.0,1.0,75.0,75.0,56.0,0.0,0.0,77.0,-56.0,-0.2014388489208633,111.0,167.0,31.0,34.0,0.6646706586826348,0.0,0.0,1472.884000002523,44.0,22.0,0.3333333333333333,2.522727272727273,3.7954545454545454,,0.0,0.0
2023-09-22,LB_20230922_093553_SELL_0001,discovery,C_MIXED_PATH,2023-09-22 13:35:54.074897+00:00,2023-09-22T13:35:53.0000000Z,2023-09-22T13:35:54.0198449Z,SELL,14908.75,14916.25,34554.074897,34553.0,34554.019844,1.0,1.0,1.0,79331.0,18160.0,1.0,2.0,2.0,54.0,0.0,0.0,55.0,-54.0,-0.9642857142857143,1.0,55.0,1.0,1.0,0.01818181818181818,0.0,0.0,826.8969999990077,112.0,9.0,0.8512396694214877,0.008928571428571428,0.49107142857142855,,0.0,0.0,1.0,26.0,26.0,44.0,0.0,0.0,55.0,-44.0,-0.5,22.0,66.0,12.0,11.0,0.3333333333333333,0.0,0.0,826.8969999990077,112.0,9.0,0.8512396694214877,0.19642857142857142,0.5892857142857143,,0.0,0.0,1.0,30.0,30.0,44.0,0.0,0.0,55.0,-44.0,-0.4782608695652174,24.0,68.0,14.0,13.0,0.35294117647058826,0.0,0.0,826.8969999990077,112.0,9.0,0.8512396694214877,0.21428571428571427,0.6071428571428571,,0.0,0.0,1.0,60.0,60.0,56.0,0.0,0.0,59.0,-56.0,-0.4117647058823529,40.0,96.0,23.0,27.0,0.4166666666666667,0.0,0.0,826.8969999990077,112.0,9.0,0.8512396694214877,0.35714285714285715,0.8571428571428571,,0.0,0.0,1.0,0.0,0.0,0.0,0.0,0.0,0.0,0.0,,0.0,-0.0,0.0,0.0,,0.0,0.0,21883.896999999706,0.0,0.0,,,,,0.0,0.0,1.0,0.0,0.0,0.0,0.0,0.0,0.0,0.0,,0.0,-0.0,0.0,0.0,,0.0,0.0,21883.896999999706,0.0,0.0,,,,,0.0,0.0,1.0,0.0,0.0,0.0,0.0,0.0,0.0,0.0,,0.0,-0.0,0.0,0.0,,0.0,0.0,21883.896999999706,0.0,0.0,,,,,0.0,0.0,1.0,0.0,0.0,0.0,0.0,0.0,0.0,0.0,,0.0,-0.0,0.0,0.0,,0.0,0.0,21883.896999999706,0.0,0.0,,,,,0.0,0.0
2023-09-26,LB_20230926_093118_SELL_0002,discovery,B_CLEAN_BREAKOUT,2023-09-26 13:31:19.035798900+00:00,2023-09-26T13:31:18.0000000Z,2023-09-26T13:31:19.0113170Z,SELL,14818.75,14818.75,34279.035798,34278.0,34279.011317,1.0,1.0,1.0,21003.0,5800.0,1.0,13.0,13.0,44.0,0.0,0.0,44.0,-44.0,-0.39285714285714285,34.0,78.0,8.0,4.0,0.4358974358974359,0.0,0.0,366.7979999954696,145.0,40.0,0.5675675675675675,0.23448275862068965,0.5379310344827586,34.9999999962165,7.0,31.0,1.0,40.0,40.0,43.0,0.0,0.0,48.0,-43.0,-0.18614718614718614,94.0,137.0,20.0,14.0,0.6861313868613139,0.0,0.0,366.7979999954696,145.0,40.0,0.5675675675675675,0.6482758620689655,0.9448275862068966,34.9999999962165,7.0,31.0,1.0,67.0,67.0,36.0,0.0,0.0,48.0,-36.0,-0.13043478260869565,120.0,156.0,32.0,22.0,0.7692307692307693,0.0,0.0,366.7979999954696,145.0,40.0,0.5675675675675675,0.8275862068965517,1.0758620689655172,34.9999999962165,7.0,31.0,1.0,104.0,104.0,51.0,0.0,0.0,62.0,-51.0,-0.13972602739726028,157.0,208.0,44.0,41.0,0.7548076923076923,0.0,0.0,366.7979999954696,145.0,40.0,0.5675675675675675,1.0827586206896551,1.4344827586206896,34.9999999962165,7.0,31.0,1.0,13.0,13.0,44.0,0.0,0.0,44.0,-44.0,-0.39285714285714285,34.0,78.0,8.0,4.0,0.4358974358974359,0.0,0.0,366.7979999954696,145.0,40.0,0.5675675675675675,0.23448275862068965,0.5379310344827586,34.9999999962165,7.0,31.0,1.0,40.0,40.0,43.0,0.0,0.0,48.0,-43.0,-0.18614718614718614,94.0,137.0,20.0,14.0,0.6861313868613139,0.0,0.0,366.7979999954696,145.0,40.0,0.5675675675675675,0.6482758620689655,0.9448275862068966,34.9999999962165,7.0,31.0,1.0,67.0,67.0,36.0,0.0,0.0,48.0,-36.0,-0.13043478260869565,120.0,156.0,32.0,22.0,0.7692307692307693,0.0,0.0,366.7979999954696,145.0,40.0,0.5675675675675675,0.8275862068965517,1.0758620689655172,34.9999999962165,7.0,31.0,1.0,104.0,104.0,51.0,0.0,0.0,62.0,-51.0,-0.13972602739726028,157.0,208.0,44.0,41.0,0.7548076923076923,0.0,0.0,366.7979999954696,145.0,40.0,0.5675675675675675,1.0827586206896551,1.4344827586206896,34.9999999962165,7.0,31.0
2023-09-27,LB_20230927_093102_BUY_0001,discovery,C_MIXED_PATH,2023-09-27 13:31:03.091962900+00:00,2023-09-27T13:31:02.0000000Z,2023-09-27T13:31:03.0090050Z,BUY,14777.5,14773.75,34263.091962,34262.0,34263.009005,1.0,1.0,1.0,17970.0,4600.0,1.0,10.0,10.0,76.0,0.0,0.0,76.0,-76.0,-0.8260869565217391,8.0,84.0,3.0,7.0,0.09523809523809523,0.0,0.0,38.961999998718966,61.0,14.0,0.6266666666666667,0.13114754098360656,1.3770491803278688,91.999999996915,2.0,7.0,1.0,20.0,20.0,86.0,0.0,0.0,91.0,-86.0,-0.7543859649122807,14.0,100.0,6.0,14.0,0.14,0.0,0.0,38.961999998718966,61.0,14.0,0.6266666666666667,0.22950819672131148,1.639344262295082,91.999999996915,2.0,7.0,1.0,24.0,24.0,86.0,0.0,0.0,95.0,-86.0,-0.6515151515151515,23.0,109.0,8.0,16.0,0.21100917431192662,0.0,0.0,38.961999998718966,61.0,14.0,0.6266666666666667,0.3770491803278688,1.7868852459016393,91.999999996915,2.0,7.0,1.0,42.0,42.0,99.0,0.0,0.0,101.0,-99.0,-0.559322033898305,39.0,138.0,13.0,24.0,0.2826086956521739,0.0,0.0,38.961999998718966,61.0,14.0,0.6266666666666667,0.639344262295082,2.262295081967213,91.999999996915,2.0,7.0,1.0,0.0,0.0,0.0,0.0,0.0,0.0,0.0,,0.0,-0.0,0.0,0.0,,0.0,0.0,1091.9619999986026,0.0,1.0,-1.0,,,,0.0,0.0,1.0,21.0,21.0,37.0,0.0,0.0,37.0,-37.0,-0.5873015873015873,13.0,50.0,7.0,13.0,0.26,0.0,0.0,1091.9619999986026,49.0,19.0,0.4411764705882353,0.2653061224489796,1.0204081632653061,157.00000000651926,4.0,10.0,1.0,51.0,51.0,23.0,0.0,0.0,39.0,-23.0,-0.14838709677419354,66.0,89.0,21.0,23.0,0.7415730337078652,0.0,0.0,1091.9619999986026,58.0,21.0,0.46835443037974683,1.1379310344827587,1.5344827586206897,57.99999999726424,21.0,66.0,1.0,112.0,112.0,29.0,0.0,0.0,39.0,-29.0,-0.0830945558739255,160.0,189.0,52.0,49.0,0.8465608465608465,0.0,0.0,1091.9619999986026,85.0,24.0,0.5596330275229358,1.8823529411764706,2.223529411764706,93.99999999732245,49.0,153.0
2023-10-02,LB_20231002_093150_BUY_0001,discovery,B_CLEAN_BREAKOUT,2023-10-02 13:31:51.110444+00:00,2023-10-02T13:31:50.0000000Z,2023-10-02T13:31:51.0272989Z,BUY,14880.0,14875.0,34311.110444,34310.0,34311.027298,1.0,1.0,1.0,33207.0,4830.0,1.0,18.0,18.0,37.0,16.0,0.0,37.0,-21.0,-0.23076923076923078,35.0,56.0,6.0,10.0,0.625,16.0,1.0,6.443999998737127,1.0,0.0,1.0,35.0,56.0,113.00000000483124,6.0,35.0,1.0,46.0,46.0,41.0,16.0,0.0,42.0,-25.0,-0.15337423312883436,69.0,94.0,20.0,22.0,0.7340425531914894,16.0,1.0,6.443999998737127,1.0,0.0,1.0,69.0,94.0,113.00000000483124,6.0,35.0,1.0,56.0,56.0,48.0,16.0,0.0,59.0,-32.0,-0.16666666666666666,80.0,112.0,24.0,28.0,0.7142857142857143,16.0,1.0,6.443999998737127,1.0,0.0,1.0,80.0,112.0,113.00000000483124,6.0,35.0,1.0,99.0,99.0,85.0,16.0,0.0,126.0,-69.0,-0.1564625850340136,186.0,255.0,40.0,48.0,0.7294117647058823,16.0,1.0,6.443999998737127,1.0,0.0,1.0,186.0,255.0,113.00000000483124,6.0,35.0,1.0,0.0,0.0,0.0,0.0,0.0,0.0,0.0,,0.0,-0.0,0.0,0.0,,0.0,0.0,5710.443999996642,0.0,0.0,,,,,0.0,0.0,1.0,0.0,0.0,0.0,0.0,0.0,0.0,0.0,,0.0,-0.0,0.0,0.0,,0.0,0.0,5710.443999996642,0.0,0.0,,,,,0.0,0.0,1.0,0.0,0.0,0.0,0.0,0.0,0.0,0.0,,0.0,-0.0,0.0,0.0,,0.0,0.0,5710.443999996642,0.0,0.0,,,,,0.0,0.0,1.0,46.0,46.0,30.0,0.0,0.0,49.0,-30.0,-0.1744186046511628,71.0,101.0,20.0,20.0,0.7029702970297029,0.0,0.0,5710.443999996642,0.0,1.0,-1.0,,,,0.0,0.0
2023-10-05,LB_20231005_093554_BUY_0001,discovery,C_MIXED_PATH,2023-10-05 13:35:55.055152900+00:00,2023-10-05T13:35:54.0000000Z,2023-10-05T13:35:55.0060670Z,BUY,14923.75,14916.25,34555.055152,34554.0,34555.006067,1.0,1.0,1.0,85025.0,16303.0,1.0,13.0,13.0,65.0,25.0,14.0,65.0,-40.0,-0.5263157894736842,18.0,58.0,4.0,7.0,0.3103448275862069,11.0,1.0,34.152000000176486,59.0,32.0,0.2967032967032967,0.3050847457627119,0.9830508474576272,75.00000000436557,3.0,17.0,1.0,22.0,22.0,68.0,25.0,14.0,69.0,-43.0,-0.4725274725274725,24.0,67.0,8.0,12.0,0.3582089552238806,11.0,1.0,34.152000000176486,59.0,32.0,0.2967032967032967,0.4067796610169492,1.1355932203389831,75.00000000436557,3.0,17.0,1.0,38.0,38.0,72.0,25.0,14.0,100.0,-47.0,-0.2781065088757396,61.0,108.0,14.0,21.0,0.5648148148148148,11.0,1.0,34.152000000176486,59.0,32.0,0.2967032967032967,1.0338983050847457,1.8305084745762712,75.00000000436557,3.0,17.0,1.0,67.0,67.0,63.0,25.0,14.0,100.0,-38.0,-0.168141592920354,94.0,132.0,29.0,31.0,0.7121212121212122,11.0,1.0,34.152000000176486,59.0,32.0,0.2967032967032967,1.5932203389830508,2.23728813559322,75.00000000436557,3.0,17.0,1.0,0.0,0.0,0.0,0.0,0.0,0.0,0.0,,0.0,-0.0,0.0,0.0,,0.0,0.0,2600.1519999990705,0.0,0.0,,,,,0.0,0.0,1.0,9.0,9.0,1.0,0.0,0.0,8.0,-1.0,-0.05263157894736842,9.0,10.0,3.0,4.0,0.9,0.0,0.0,2600.1519999990705,5.0,8.0,-0.23076923076923078,1.8,2.0,203.00000000133878,1.0,2.0,1.0,36.0,36.0,0.0,0.0,0.0,27.0,0.0,0.0,60.0,60.0,11.0,17.0,1.0,0.0,0.0,2600.1519999990705,13.0,32.0,-0.4222222222222222,4.615384615384615,4.615384615384615,493.99999999877764,11.0,60.0,1.0,46.0,46.0,0.0,0.0,0.0,27.0,0.0,0.0,73.0,73.0,16.0,21.0,1.0,0.0,0.0,2600.1519999990705,31.0,51.0,-0.24390243902439024,2.3548387096774195,2.3548387096774195,45.99999999481952,16.0,73.0
2023-10-16,LB_20231016_093102_BUY_0001,discovery,B_CLEAN_BREAKOUT,2023-10-16 13:31:03.023753+00:00,2023-10-16T13:31:02.0000000Z,2023-10-16T13:31:03.0004570Z,BUY,15190.0,15183.75,34263.023753,34262.0,34263.000457,1.0,1.0,1.0,18577.0,5281.0,1.0,19.0,19.0,82.0,0.0,0.0,83.0,-82.0,-0.47674418604651164,45.0,127.0,5.0,13.0,0.3543307086614173,0.0,0.0,73.75300000421703,88.0,29.0,0.5042735042735043,0.5113636363636364,1.4431818181818181,84.00000000256114,4.0,44.0,1.0,44.0,44.0,77.0,0.0,0.0,145.0,-77.0,-0.21937321937321938,137.0,214.0,16.0,27.0,0.6401869158878505,0.0,0.0,73.75300000421703,88.0,29.0,0.5042735042735043,1.5568181818181819,2.4318181818181817,84.00000000256114,4.0,44.0,1.0,46.0,46.0,77.0,0.0,0.0,145.0,-77.0,-0.21813031161473087,138.0,215.0,17.0,28.0,0.641860465116279,0.0,0.0,73.75300000421703,88.0,29.0,0.5042735042735043,1.5681818181818181,2.4431818181818183,84.00000000256114,4.0,44.0,1.0,62.0,62.0,98.0,0.0,0.0,149.0,-98.0,-0.14327485380116958,293.0,391.0,24.0,37.0,0.7493606138107417,0.0,0.0,73.75300000421703,88.0,29.0,0.5042735042735043,3.3295454545454546,4.443181818181818,84.00000000256114,4.0,44.0,1.0,2.0,2.0,11.0,0.0,0.0,11.0,-11.0,-1.0,0.0,11.0,0.0,2.0,0.0,0.0,0.0,965.7530000040424,9.0,4.0,0.38461538461538464,0.0,1.2222222222222223,,0.0,0.0,1.0,33.0,33.0,96.0,0.0,0.0,96.0,-96.0,-0.375,80.0,176.0,13.0,18.0,0.45454545454545453,0.0,0.0,965.7530000040424,90.0,44.0,0.34328358208955223,0.8888888888888888,1.9555555555555555,114.99999999796273,12.0,78.0,1.0,42.0,42.0,81.0,0.0,0.0,106.0,-81.0,-0.23615160349854228,131.0,212.0,16.0,21.0,0.6179245283018868,0.0,0.0,965.7530000040424,90.0,44.0,0.34328358208955223,1.4555555555555555,2.3555555555555556,114.99999999796273,12.0,78.0,1.0,68.0,68.0,58.0,0.0,0.0,106.0,-58.0,-0.10431654676258993,249.0,307.0,32.0,30.0,0.8110749185667753,0.0,0.0,965.7530000040424,90.0,44.0,0.34328358208955223,2.7666666666666666,3.411111111111111,114.99999999796273,12.0,78.0
2023-10-27,LB_20231027_093329_BUY_0001,discovery,C_MIXED_PATH,2023-10-27 13:33:30.047860900+00:00,2023-10-27T13:33:29.0000000Z,2023-10-27T13:33:30.0028650Z,BUY,14345.0,14340.0,34410.04786,34409.0,34410.002865,1.0,1.0,1.0,75331.0,15745.0,1.0,17.0,17.0,62.0,28.0,0.0,63.0,-34.0,-0.2833333333333333,43.0,77.0,7.0,9.0,0.5584415584415584,28.0,1.0,46.86000000219792,76.0,36.0,0.35714285714285715,0.5657894736842105,1.013157894736842,118.99999999877764,6.0,42.0,1.0,29.0,29.0,74.0,28.0,0.0,78.0,-46.0,-0.3108108108108108,51.0,97.0,12.0,15.0,0.5257731958762887,28.0,1.0,46.86000000219792,76.0,36.0,0.35714285714285715,0.6710526315789473,1.2763157894736843,118.99999999877764,6.0,42.0,1.0,42.0,42.0,82.0,28.0,0.0,109.0,-54.0,-0.23478260869565218,88.0,142.0,18.0,18.0,0.6197183098591549,28.0,1.0,46.86000000219792,76.0,36.0,0.35714285714285715,1.1578947368421053,1.868421052631579,118.99999999877764,6.0,42.0,1.0,81.0,81.0,67.0,28.0,0.0,137.0,-39.0,-0.04144527098831031,451.0,490.0,29.0,36.0,0.9204081632653062,28.0,1.0,46.86000000219792,76.0,36.0,0.35714285714285715,5.934210526315789,6.447368421052632,118.99999999877764,6.0,42.0,1.0,0.0,0.0,0.0,0.0,0.0,0.0,0.0,,0.0,-0.0,0.0,0.0,,0.0,0.0,2344.859999997425,0.0,0.0,,,,,0.0,0.0,1.0,11.0,11.0,37.0,0.0,0.0,39.0,-37.0,-0.6727272727272727,9.0,46.0,4.0,5.0,0.1956521739130435,0.0,0.0,2344.859999997425,7.0,11.0,-0.2222222222222222,1.2857142857142858,6.571428571428571,199.00000000052387,2.0,6.0,1.0,38.0,38.0,47.0,0.0,0.0,47.0,-47.0,-0.3381294964028777,46.0,93.0,12.0,19.0,0.4946236559139785,0.0,0.0,2344.859999997425,19.0,17.0,0.05555555555555555,2.4210526315789473,4.894736842105263,135.99999999860302,11.0,45.0,1.0,73.0,73.0,117.0,0.0,0.0,117.0,-117.0,-0.3277310924369748,120.0,237.0,26.0,32.0,0.5063291139240507,0.0,0.0,2344.859999997425,19.0,17.0,0.05555555555555555,6.315789473684211,12.473684210526315,135.99999999860302,11.0,45.0
2023-11-02,LB_20231102_093203_SELL_0001,discovery,A_TRUE_ABSORPTION,2023-11-02 13:32:04.053384+00:00,2023-11-02T13:32:03.0000000Z,2023-11-02T13:32:04.0045640Z,SELL,14908.75,14918.75,34324.053384,34323.0,34324.004564,1.0,1.0,1.0,34135.0,6122.0,1.0,2.0,2.0,39.0,0.0,0.0,39.0,-39.0,-1.0,0.0,39.0,0.0,2.0,0.0,0.0,0.0,990.3839999969932,88.0,57.0,0.21379310344827587,0.0,0.4431818181818182,,0.0,0.0,1.0,3.0,3.0,37.0,0.0,0.0,39.0,-37.0,-0.9024390243902439,2.0,39.0,1.0,2.0,0.05128205128205128,0.0,0.0,990.3839999969932,88.0,57.0,0.21379310344827587,0.022727272727272728,0.4431818181818182,,0.0,0.0,1.0,10.0,10.0,47.0,0.0,0.0,48.0,-47.0,-0.8245614035087719,5.0,52.0,4.0,6.0,0.09615384615384616,0.0,0.0,990.3839999969932,88.0,57.0,0.21379310344827587,0.056818181818181816,0.5909090909090909,,0.0,0.0,1.0,23.0,23.0,41.0,0.0,0.0,50.0,-41.0,-0.45054945054945056,25.0,66.0,10.0,11.0,0.3787878787878788,0.0,0.0,990.3839999969932,88.0,57.0,0.21379310344827587,0.2840909090909091,0.75,,0.0,0.0,1.0,0.0,0.0,0.0,0.0,0.0,0.0,0.0,,0.0,-0.0,0.0,0.0,,0.0,0.0,10958.38399999775,0.0,0.0,,,,,0.0,0.0,1.0,0.0,0.0,0.0,0.0,0.0,0.0,0.0,,0.0,-0.0,0.0,0.0,,0.0,0.0,10958.38399999775,0.0,0.0,,,,,0.0,0.0,1.0,0.0,0.0,0.0,0.0,0.0,0.0,0.0,,0.0,-0.0,0.0,0.0,,0.0,0.0,10958.38399999775,0.0,0.0,,,,,0.0,0.0,1.0,0.0,0.0,0.0,0.0,0.0,0.0,0.0,,0.0,-0.0,0.0,0.0,,0.0,0.0,10958.38399999775,0.0,0.0,,,,,0.0,0.0
2024-03-18,LB_20240318_093121_BUY_0001,discovery,C_MIXED_PATH,2024-03-18 13:31:22.022843+00:00,2024-03-18T13:31:21.0000000Z,2024-03-18T13:31:22.0086549Z,BUY,18301.25,18298.75,34282.022843,34281.0,34282.008654,1.0,1.0,1.0,35241.0,10258.0,1.0,11.0,11.0,62.0,30.0,15.0,63.0,-32.0,-0.47058823529411764,18.0,50.0,5.0,6.0,0.36,15.0,1.0,28.84300000005169,29.0,11.0,0.45,0.6206896551724138,1.7241379310344827,211.99999999953434,2.0,15.0,1.0,31.0,31.0,53.0,30.0,15.0,75.0,-23.0,-0.16312056737588654,59.0,82.0,14.0,17.0,0.7195121951219512,15.0,1.0,28.84300000005169,29.0,11.0,0.45,2.0344827586206895,2.8275862068965516,211.99999999953434,2.0,15.0,1.0,33.0,33.0,55.0,30.0,15.0,75.0,-25.0,-0.17482517482517482,59.0,84.0,14.0,19.0,0.7023809523809523,15.0,1.0,28.84300000005169,29.0,11.0,0.45,2.0344827586206895,2.896551724137931,211.99999999953434,2.0,15.0,1.0,47.0,47.0,121.0,30.0,15.0,121.0,-91.0,-0.3684210526315789,78.0,169.0,17.0,27.0,0.46153846153846156,15.0,1.0,28.84300000005169,29.0,11.0,0.45,2.689655172413793,5.827586206896552,211.99999999953434,2.0,15.0,1.0,13.0,13.0,39.0,0.0,0.0,39.0,-39.0,-0.52,18.0,57.0,5.0,8.0,0.3157894736842105,0.0,0.0,423.84299999685027,27.0,43.0,-0.22857142857142856,0.6666666666666666,2.111111111111111,10.000000002037268,4.0,9.0,1.0,37.0,37.0,119.0,0.0,0.0,119.0,-119.0,-0.5586854460093896,47.0,166.0,11.0,23.0,0.28313253012048195,0.0,0.0,423.84299999685027,66.0,54.0,0.1,0.7121212121212122,2.515151515151515,89.99999999650754,5.0,18.0,1.0,52.0,52.0,121.0,0.0,0.0,121.0,-121.0,-0.28074245939675174,155.0,276.0,18.0,29.0,0.5615942028985508,0.0,0.0,423.84299999685027,66.0,54.0,0.1,2.3484848484848486,4.181818181818182,89.99999999650754,5.0,18.0,1.0,90.0,90.0,77.0,0.0,0.0,121.0,-77.0,-0.09517923362175525,366.0,443.0,39.0,45.0,0.8261851015801355,0.0,0.0,423.84299999685027,66.0,54.0,0.1,5.545454545454546,6.712121212121212,89.99999999650754,5.0,18.0
2024-04-02,LB_20240402_093358_SELL_0002,discovery,C_MIXED_PATH,2024-04-02 13:33:59.018225900+00:00,2024-04-02T13:33:58.0000000Z,2024-04-02T13:33:59.0094269Z,SELL,18265.0,18268.75,34439.018225,34438.0,34439.009426,1.0,1.0,1.0,79712.0,21102.0,1.0,13.0,13.0,111.0,0.0,0.0,111.0,-111.0,-0.8222222222222222,12.0,123.0,4.0,8.0,0.0975609756097561,0.0,0.0,0.22500000341096893,37.0,9.0,0.6086956521739131,0.32432432432432434,3.324324324324324,72.99999999668216,2.0,10.0,1.0,27.0,27.0,123.0,0.0,0.0,124.0,-123.0,-0.7834394904458599,17.0,140.0,8.0,16.0,0.12142857142857143,0.0,0.0,0.22500000341096893,37.0,9.0,0.6086956521739131,0.4594594594594595,3.7837837837837838,72.99999999668216,2.0,10.0,1.0,42.0,42.0,123.0,0.0,0.0,126.0,-123.0,-0.7192982456140351,24.0,147.0,14.0,22.0,0.16326530612244897,0.0,0.0,0.22500000341096893,37.0,9.0,0.6086956521739131,0.6486486486486487,3.972972972972973,72.99999999668216,2.0,10.0,1.0,74.0,74.0,124.0,0.0,0.0,134.0,-124.0,-0.49206349206349204,64.0,188.0,26.0,35.0,0.3404255319148936,0.0,0.0,0.22500000341096893,37.0,9.0,0.6086956521739131,1.7297297297297298,5.081081081081081,72.99999999668216,2.0,10.0,1.0,0.0,0.0,0.0,0.0,0.0,0.0,0.0,,0.0,-0.0,0.0,0.0,,0.0,0.0,1167.2249999974156,25.0,4.0,0.7241379310344828,0.0,-0.0,,0.0,0.0,1.0,27.0,27.0,57.0,0.0,0.0,57.0,-57.0,-0.48717948717948717,30.0,87.0,9.0,13.0,0.3448275862068966,0.0,0.0,1167.2249999974156,45.0,7.0,0.7307692307692307,0.6666666666666666,1.9333333333333333,,0.0,0.0,1.0,31.0,31.0,56.0,0.0,0.0,57.0,-56.0,-0.45901639344262296,33.0,89.0,11.0,15.0,0.3707865168539326,0.0,0.0,1167.2249999974156,45.0,7.0,0.7307692307692307,0.7333333333333333,1.9777777777777779,,0.0,0.0,1.0,59.0,59.0,61.0,0.0,0.0,61.0,-61.0,-0.3485714285714286,57.0,118.0,22.0,26.0,0.4830508474576271,0.0,0.0,1167.2249999974156,45.0,7.0,0.7307692307692307,1.2666666666666666,2.6222222222222222,,0.0,0.0
2024-04-03,LB_20240403_093241_BUY_0001,discovery,C_MIXED_PATH,2024-04-03 13:32:42.113757+00:00,2024-04-03T13:32:41.0000000Z,2024-04-03T13:32:42.0210159Z,BUY,18268.75,18260.0,34362.113757,34361.0,34362.021015,1.0,1.0,1.0,48247.0,10228.0,1.0,10.0,10.0,72.0,6.0,0.0,72.0,-66.0,-0.8461538461538461,6.0,72.0,3.0,6.0,0.08333333333333333,6.0,1.0,33.7569999974221,44.0,12.0,0.5714285714285714,0.13636363636363635,1.6363636363636365,112.99999999755528,3.0,6.0,1.0,15.0,15.0,76.0,6.0,0.0,76.0,-70.0,-0.7446808510638298,12.0,82.0,4.0,10.0,0.14634146341463414,6.0,1.0,33.7569999974221,44.0,12.0,0.5714285714285714,0.2727272727272727,1.8636363636363635,112.99999999755528,3.0,6.0,1.0,26.0,26.0,73.0,6.0,0.0,83.0,-67.0,-0.5929203539823009,23.0,90.0,9.0,14.0,0.25555555555555554,6.0,1.0,33.7569999974221,44.0,12.0,0.5714285714285714,0.5227272727272727,2.0454545454545454,112.99999999755528,3.0,6.0,1.0,51.0,51.0,89.0,6.0,0.0,108.0,-83.0,-0.2601880877742947,118.0,201.0,19.0,23.0,0.5870646766169154,6.0,1.0,33.7569999974221,44.0,12.0,0.5714285714285714,2.6818181818181817,4.568181818181818,112.99999999755528,3.0,6.0,1.0,0.0,0.0,0.0,0.0,0.0,0.0,0.0,,0.0,-0.0,0.0,0.0,,0.0,0.0,5713.756999997713,0.0,0.0,,,,,0.0,0.0,1.0,0.0,0.0,0.0,0.0,0.0,0.0,0.0,,0.0,-0.0,0.0,0.0,,0.0,0.0,5713.756999997713,0.0,0.0,,,,,0.0,0.0,1.0,0.0,0.0,0.0,0.0,0.0,0.0,0.0,,0.0,-0.0,0.0,0.0,,0.0,0.0,5713.756999997713,0.0,0.0,,,,,0.0,0.0,1.0,66.0,66.0,20.0,0.0,0.0,45.0,-20.0,-0.09259259259259259,98.0,118.0,34.0,27.0,0.8305084745762712,0.0,0.0,5713.756999997713,36.0,15.0,0.4117647058823529,2.7222222222222223,3.2777777777777777,136.00000000587897,34.0,98.0
2024-04-04,LB_20240404_093500_BUY_0001,discovery,B_CLEAN_BREAKOUT,2024-04-04 13:35:01.015194+00:00,2024-04-04T13:35:00.0000000Z,2024-04-04T13:35:01.0015400Z,BUY,18552.5,18552.5,34501.015194,34500.0,34501.00154,1.0,1.0,1.0,77794.0,16137.0,1.0,8.0,8.0,78.0,0.0,0.0,81.0,-78.0,-0.8863636363636364,5.0,83.0,2.0,4.0,0.060240963855421686,0.0,0.0,669.1940000018803,102.0,31.0,0.5338345864661654,0.049019607843137254,0.8137254901960784,177.99999999988358,1.0,2.0,1.0,22.0,22.0,83.0,0.0,0.0,84.0,-83.0,-0.7477477477477478,14.0,97.0,10.0,9.0,0.14432989690721648,0.0,0.0,669.1940000018803,102.0,31.0,0.5338345864661654,0.13725490196078433,0.9509803921568627,177.99999999988358,1.0,2.0,1.0,29.0,29.0,86.0,0.0,0.0,86.0,-86.0,-0.7288135593220338,16.0,102.0,11.0,13.0,0.1568627450980392,0.0,0.0,669.1940000018803,102.0,31.0,0.5338345864661654,0.1568627450980392,1.0,177.99999999988358,1.0,2.0,1.0,51.0,51.0,84.0,0.0,0.0,92.0,-84.0,-0.49411764705882355,43.0,127.0,21.0,21.0,0.33858267716535434,0.0,0.0,669.1940000018803,102.0,31.0,0.5338345864661654,0.4215686274509804,1.2450980392156863,177.99999999988358,1.0,2.0,1.0,8.0,8.0,78.0,0.0,0.0,81.0,-78.0,-0.8863636363636364,5.0,83.0,2.0,4.0,0.060240963855421686,0.0,0.0,669.1940000018803,102.0,31.0,0.5338345864661654,0.049019607843137254,0.8137254901960784,177.99999999988358,1.0,2.0,1.0,22.0,22.0,83.0,0.0,0.0,84.0,-83.0,-0.7477477477477478,14.0,97.0,10.0,9.0,0.14432989690721648,0.0,0.0,669.1940000018803,102.0,31.0,0.5338345864661654,0.13725490196078433,0.9509803921568627,177.99999999988358,1.0,2.0,1.0,29.0,29.0,86.0,0.0,0.0,86.0,-86.0,-0.7288135593220338,16.0,102.0,11.0,13.0,0.1568627450980392,0.0,0.0,669.1940000018803,102.0,31.0,0.5338345864661654,0.1568627450980392,1.0,177.99999999988358,1.0,2.0,1.0,51.0,51.0,84.0,0.0,0.0,92.0,-84.0,-0.49411764705882355,43.0,127.0,21.0,21.0,0.33858267716535434,0.0,0.0,669.1940000018803,102.0,31.0,0.5338345864661654,0.4215686274509804,1.2450980392156863,177.99999999988358,1.0,2.0
2024-04-05,LB_20240405_093248_SELL_0001,discovery,C_MIXED_PATH,2024-04-05 13:32:49.026914+00:00,2024-04-05T13:32:48.0000000Z,2024-04-05T13:32:49.0023679Z,SELL,18151.25,18123.75,34369.026914,34368.0,34369.002367,1.0,1.0,1.0,63624.0,13474.0,1.0,13.0,13.0,66.0,0.0,0.0,66.0,-66.0,-0.8918918918918919,4.0,70.0,2.0,7.0,0.05714285714285714,0.0,0.0,129.91400000464637,37.0,6.0,0.7209302325581395,0.10810810810810811,1.8918918918918919,,0.0,0.0,1.0,26.0,26.0,67.0,0.0,0.0,71.0,-67.0,-0.29515418502202645,80.0,147.0,8.0,13.0,0.54421768707483,0.0,0.0,129.91400000464637,37.0,6.0,0.7209302325581395,2.1621621621621623,3.972972972972973,,0.0,0.0,1.0,41.0,41.0,47.0,0.0,0.0,90.0,-47.0,-0.1419939577039275,142.0,189.0,17.0,18.0,0.7513227513227513,0.0,0.0,129.91400000464637,37.0,6.0,0.7209302325581395,3.8378378378378377,5.108108108108108,,0.0,0.0,1.0,54.0,54.0,85.0,0.0,0.0,90.0,-85.0,-0.22077922077922077,150.0,235.0,20.0,26.0,0.6382978723404256,0.0,0.0,129.91400000464637,37.0,6.0,0.7209302325581395,4.054054054054054,6.351351351351352,,0.0,0.0,1.0,3.0,3.0,11.0,19.0,11.0,19.0,8.0,1.0,8.0,-0.0,3.0,0.0,,8.0,1.0,71.91400000010617,0.0,0.0,,,,,0.0,0.0,1.0,4.0,4.0,10.0,19.0,10.0,19.0,9.0,1.0,9.0,-0.0,4.0,0.0,,9.0,1.0,71.91400000010617,0.0,0.0,,,,,0.0,0.0,1.0,5.0,5.0,11.0,19.0,10.0,19.0,8.0,0.8,9.0,1.0,4.0,1.0,9.0,9.0,1.0,71.91400000010617,0.0,0.0,,,,,0.0,0.0,1.0,6.0,6.0,10.0,19.0,10.0,19.0,9.0,0.8181818181818182,10.0,1.0,5.0,1.0,10.0,9.0,1.0,71.91400000010617,0.0,0.0,,,,,0.0,0.0
2024-04-09,LB_20240409_093342_SELL_0001,discovery,B_CLEAN_BREAKOUT,2024-04-09 13:33:43.035664900+00:00,2024-04-09T13:33:42.0000000Z,2024-04-09T13:33:43.0018380Z,SELL,18378.75,18380.0,34423.035664,34422.0,34423.001838,1.0,1.0,1.0,60824.0,14825.0,1.0,14.0,14.0,89.0,0.0,0.0,89.0,-89.0,-0.7007874015748031,19.0,108.0,5.0,9.0,0.17592592592592593,0.0,0.0,240.66400000447175,33.0,19.0,0.2692307692307692,0.5757575757575758,3.272727272727273,,0.0,0.0,1.0,21.0,21.0,97.0,0.0,0.0,97.0,-97.0,-0.708029197080292,20.0,117.0,6.0,13.0,0.17094017094017094,0.0,0.0,240.66400000447175,33.0,19.0,0.2692307692307692,0.6060606060606061,3.5454545454545454,,0.0,0.0,1.0,40.0,40.0,104.0,0.0,0.0,113.0,-104.0,-0.5591397849462365,41.0,145.0,15.0,22.0,0.2827586206896552,0.0,0.0,240.66400000447175,33.0,19.0,0.2692307692307692,1.2424242424242424,4.393939393939394,,0.0,0.0,1.0,73.0,73.0,77.0,0.0,0.0,113.0,-77.0,-0.27017543859649124,104.0,181.0,35.0,32.0,0.574585635359116,0.0,0.0,240.66400000447175,33.0,19.0,0.2692307692307692,3.1515151515151514,5.484848484848484,,0.0,0.0,1.0,12.0,12.0,123.0,0.0,0.0,123.0,-123.0,-0.9111111111111111,6.0,129.0,3.0,7.0,0.046511627906976744,0.0,0.0,291.6640000039479,67.0,4.0,0.8873239436619719,0.08955223880597014,1.9253731343283582,143.00000000366708,2.0,4.0,1.0,19.0,19.0,128.0,0.0,0.0,130.0,-128.0,-0.8888888888888888,8.0,136.0,5.0,12.0,0.058823529411764705,0.0,0.0,291.6640000039479,67.0,4.0,0.8873239436619719,0.11940298507462686,2.029850746268657,143.00000000366708,2.0,4.0,1.0,37.0,37.0,133.0,0.0,0.0,145.0,-133.0,-0.6683417085427136,33.0,166.0,11.0,22.0,0.19879518072289157,0.0,0.0,291.6640000039479,67.0,4.0,0.8873239436619719,0.4925373134328358,2.4776119402985075,143.00000000366708,2.0,4.0,1.0,72.0,72.0,128.0,0.0,0.0,170.0,-128.0,-0.3615819209039548,113.0,241.0,25.0,36.0,0.46887966804979253,0.0,0.0,291.6640000039479,67.0,4.0,0.8873239436619719,1.6865671641791045,3.5970149253731343,143.00000000366708,2.0,4.0
2024-04-11,LB_20240411_093157_SELL_0001,discovery,C_MIXED_PATH,2024-04-11 13:31:58.093310+00:00,2024-04-11T13:31:57.0000000Z,2024-04-11T13:31:58.0015960Z,SELL,18231.25,18253.75,34318.09331,34317.0,34318.001596,1.0,1.0,1.0,43073.0,10837.0,1.0,10.0,10.0,52.0,0.0,0.0,58.0,-52.0,-0.5777777777777777,19.0,71.0,5.0,5.0,0.2676056338028169,0.0,0.0,69.30999999894993,20.0,6.0,0.5384615384615384,0.95,3.55,76.99999999749707,1.0,3.0,1.0,27.0,27.0,65.0,0.0,0.0,65.0,-65.0,-0.5284552845528455,29.0,94.0,12.0,11.0,0.30851063829787234,0.0,0.0,69.30999999894993,20.0,6.0,0.5384615384615384,1.45,4.7,76.99999999749707,1.0,3.0,1.0,43.0,43.0,60.0,0.0,0.0,85.0,-60.0,-0.3191489361702128,64.0,124.0,19.0,17.0,0.5161290322580645,0.0,0.0,69.30999999894993,20.0,6.0,0.5384615384615384,3.2,6.2,76.99999999749707,1.0,3.0,1.0,77.0,77.0,110.0,0.0,0.0,111.0,-110.0,-0.171875,265.0,375.0,30.0,31.0,0.7066666666666667,0.0,0.0,69.30999999894993,20.0,6.0,0.5384615384615384,13.25,18.75,76.99999999749707,1.0,3.0,1.0,0.0,0.0,0.0,0.0,0.0,0.0,0.0,,0.0,-0.0,0.0,0.0,,0.0,0.0,42231.309999995574,0.0,0.0,,,,,0.0,0.0,1.0,0.0,0.0,0.0,0.0,0.0,0.0,0.0,,0.0,-0.0,0.0,0.0,,0.0,0.0,42231.309999995574,0.0,0.0,,,,,0.0,0.0,1.0,0.0,0.0,0.0,0.0,0.0,0.0,0.0,,0.0,-0.0,0.0,0.0,,0.0,0.0,42231.309999995574,0.0,0.0,,,,,0.0,0.0,1.0,0.0,0.0,0.0,0.0,0.0,0.0,0.0,,0.0,-0.0,0.0,0.0,,0.0,0.0,42231.309999995574,0.0,0.0,,,,,0.0,0.0
2024-04-17,LB_20240417_093502_SELL_0001,discovery,C_MIXED_PATH,2024-04-17 13:35:03.057624+00:00,2024-04-17T13:35:02.0000000Z,2024-04-17T13:35:03.0035459Z,SELL,17922.5,17930.0,34503.057624,34502.0,34503.003545,1.0,1.0,1.0,81674.0,18213.0,1.0,8.0,8.0,76.0,0.0,0.0,76.0,-76.0,-0.926829268292683,3.0,79.0,2.0,5.0,0.0379746835443038,0.0,0.0,103.62400000303751,57.0,10.0,0.7014925373134329,0.05263157894736842,1.3859649122807018,135.99999999860302,1.0,2.0,1.0,18.0,18.0,70.0,0.0,0.0,78.0,-70.0,-0.7142857142857143,14.0,84.0,7.0,8.0,0.16666666666666666,0.0,0.0,103.62400000303751,57.0,10.0,0.7014925373134329,0.24561403508771928,1.4736842105263157,135.99999999860302,1.0,2.0,1.0,27.0,27.0,73.0,0.0,0.0,78.0,-73.0,-0.584,26.0,99.0,11.0,12.0,0.26262626262626265,0.0,0.0,103.62400000303751,57.0,10.0,0.7014925373134329,0.45614035087719296,1.736842105263158,135.99999999860302,1.0,2.0,1.0,53.0,53.0,89.0,0.0,0.0,109.0,-89.0,-0.34099616858237547,86.0,175.0,23.0,23.0,0.49142857142857144,0.0,0.0,103.62400000303751,57.0,10.0,0.7014925373134329,1.5087719298245614,3.0701754385964914,135.99999999860302,1.0,2.0,1.0,0.0,0.0,0.0,0.0,0.0,0.0,0.0,,0.0,-0.0,0.0,0.0,,0.0,0.0,5354.623999999603,0.0,0.0,,,,,0.0,0.0,1.0,0.0,0.0,0.0,0.0,0.0,0.0,0.0,,0.0,-0.0,0.0,0.0,,0.0,0.0,5354.623999999603,0.0,0.0,,,,,0.0,0.0,1.0,0.0,0.0,0.0,0.0,0.0,0.0,0.0,,0.0,-0.0,0.0,0.0,,0.0,0.0,5354.623999999603,8.0,2.0,0.6,0.0,-0.0,,0.0,0.0,1.0,31.0,31.0,33.0,0.0,0.0,35.0,-33.0,-0.28695652173913044,41.0,74.0,11.0,17.0,0.5540540540540541,0.0,0.0,5354.623999999603,66.0,29.0,0.3894736842105263,0.6212121212121212,1.121212121212121,2167.0000000012806,4.0,17.0
2024-04-18,LB_20240418_093109_SELL_0001,discovery,B_CLEAN_BREAKOUT,2024-04-18 13:31:10.042140900+00:00,2024-04-18T13:31:09.0000000Z,2024-04-18T13:31:10.0205100Z,SELL,17660.0,17661.25,34270.04214,34269.0,34270.02051,1.0,1.0,1.0,27482.0,7267.0,1.0,3.0,3.0,76.0,0.0,0.0,76.0,-76.0,-1.0,0.0,76.0,0.0,3.0,0.0,0.0,0.0,867.1399999948335,94.0,36.0,0.4461538461538462,0.0,0.8085106382978723,,0.0,0.0,1.0,14.0,14.0,94.0,0.0,0.0,95.0,-94.0,-0.9591836734693877,2.0,96.0,2.0,9.0,0.020833333333333332,0.0,0.0,867.1399999948335,94.0,36.0,0.4461538461538462,0.02127659574468085,1.0212765957446808,,0.0,0.0,1.0,23.0,23.0,95.0,0.0,0.0,96.0,-95.0,-0.8260869565217391,10.0,105.0,6.0,12.0,0.09523809523809523,0.0,0.0,867.1399999948335,94.0,36.0,0.4461538461538462,0.10638297872340426,1.1170212765957446,,0.0,0.0,1.0,61.0,61.0,84.0,0.0,0.0,126.0,-84.0,-0.1917808219178082,177.0,261.0,24.0,25.0,0.6781609195402298,0.0,0.0,867.1399999948335,94.0,36.0,0.4461538461538462,1.8829787234042554,2.776595744680851,,0.0,0.0,1.0,3.0,3.0,40.0,0.0,0.0,40.0,-40.0,-1.0,0.0,40.0,0.0,3.0,0.0,0.0,0.0,917.1399999977439,33.0,8.0,0.6097560975609756,0.0,1.2121212121212122,,0.0,0.0,1.0,13.0,13.0,70.0,0.0,0.0,70.0,-70.0,-0.9459459459459459,2.0,72.0,2.0,10.0,0.027777777777777776,0.0,0.0,917.1399999977439,33.0,8.0,0.6097560975609756,0.06060606060606061,2.1818181818181817,,0.0,0.0,1.0,28.0,28.0,76.0,0.0,0.0,76.0,-76.0,-0.7755102040816326,11.0,87.0,8.0,16.0,0.12643678160919541,0.0,0.0,917.1399999977439,33.0,8.0,0.6097560975609756,0.3333333333333333,2.6363636363636362,,0.0,0.0,1.0,70.0,70.0,52.0,0.0,0.0,87.0,-52.0,-0.1111111111111111,208.0,260.0,27.0,30.0,0.8,0.0,0.0,917.1399999977439,33.0,8.0,0.6097560975609756,6.303030303030303,7.878787878787879,,0.0,0.0
2024-04-23,LB_20240423_093145_BUY_0001,discovery,B_CLEAN_BREAKOUT,2024-04-23 13:31:46.110957900+00:00,2024-04-23T13:31:45.0000000Z,2024-04-23T13:31:46.0136289Z,BUY,17445.0,17440.0,34306.110957,34305.0,34306.013628,1.0,1.0,1.0,37150.0,10514.0,1.0,14.0,14.0,59.0,16.0,15.0,59.0,-43.0,-0.8775510204081632,3.0,46.0,3.0,8.0,0.06521739130434782,1.0,1.0,51.95699999603676,37.0,10.0,0.574468085106383,0.08108108108108109,1.2432432432432432,216.999999996915,1.0,1.0,1.0,26.0,26.0,77.0,16.0,15.0,77.0,-61.0,-0.8356164383561644,6.0,67.0,5.0,14.0,0.08955223880597014,1.0,1.0,51.95699999603676,37.0,10.0,0.574468085106383,0.16216216216216217,1.8108108108108107,216.999999996915,1.0,1.0,1.0,34.0,34.0,76.0,16.0,15.0,78.0,-60.0,-0.7142857142857143,12.0,72.0,10.0,17.0,0.16666666666666666,1.0,1.0,51.95699999603676,37.0,10.0,0.574468085106383,0.32432432432432434,1.945945945945946,216.999999996915,1.0,1.0,1.0,62.0,62.0,75.0,16.0,15.0,89.0,-59.0,-0.45038167938931295,36.0,95.0,22.0,27.0,0.37894736842105264,1.0,1.0,51.95699999603676,37.0,10.0,0.574468085106383,0.972972972972973,2.5675675675675675,216.999999996915,1.0,1.0,1.0,0.0,0.0,0.0,0.0,0.0,0.0,0.0,,0.0,-0.0,0.0,0.0,,0.0,0.0,1194.9569999997038,0.0,0.0,,,,,0.0,0.0,1.0,32.0,32.0,29.0,0.0,0.0,32.0,-29.0,-0.24369747899159663,45.0,74.0,14.0,15.0,0.6081081081081081,0.0,0.0,1194.9569999997038,78.0,29.0,0.45794392523364486,0.5769230769230769,0.9487179487179487,9.00000000547152,9.0,37.0,1.0,70.0,70.0,34.0,0.0,0.0,34.0,-34.0,-0.14912280701754385,97.0,131.0,28.0,32.0,0.7404580152671756,0.0,0.0,1194.9569999997038,124.0,73.0,0.25888324873096447,0.782258064516129,1.0564516129032258,134.00000000547152,28.0,97.0,1.0,136.0,136.0,37.0,0.0,0.0,43.0,-37.0,-0.10787172011661808,153.0,190.0,57.0,58.0,0.8052631578947368,0.0,0.0,1194.9569999997038,154.0,81.0,0.31063829787234043,0.9935064935064936,1.2337662337662338,61.99999999807915,52.0,147.0
2024-04-26,LB_20240426_093151_SELL_0001,discovery,C_MIXED_PATH,2024-04-26 13:31:52.036258+00:00,2024-04-26T13:31:51.0000000Z,2024-04-26T13:31:52.0102669Z,SELL,17675.0,17687.5,34312.036258,34311.0,34312.010266,1.0,1.0,1.0,48087.0,10479.0,1.0,13.0,13.0,66.0,0.0,0.0,66.0,-66.0,-0.673469387755102,16.0,82.0,2.0,9.0,0.1951219512195122,0.0,0.0,92.25799999694573,116.0,19.0,0.7185185185185186,0.13793103448275862,0.7068965517241379,250.99999999656575,2.0,16.0,1.0,35.0,35.0,65.0,0.0,0.0,71.0,-65.0,-0.46099290780141844,38.0,103.0,12.0,20.0,0.36893203883495146,0.0,0.0,92.25799999694573,116.0,19.0,0.7185185185185186,0.3275862068965517,0.8879310344827587,250.99999999656575,2.0,16.0,1.0,51.0,51.0,56.0,0.0,0.0,71.0,-56.0,-0.3333333333333333,56.0,112.0,21.0,25.0,0.5,0.0,0.0,92.25799999694573,116.0,19.0,0.7185185185185186,0.4827586206896552,0.9655172413793104,250.99999999656575,2.0,16.0,1.0,79.0,79.0,51.0,0.0,0.0,107.0,-51.0,-0.09026548672566372,257.0,308.0,35.0,35.0,0.8344155844155844,0.0,0.0,92.25799999694573,116.0,19.0,0.7185185185185186,2.2155172413793105,2.6551724137931036,250.99999999656575,2.0,16.0,1.0,0.0,0.0,0.0,0.0,0.0,0.0,0.0,,0.0,-0.0,0.0,0.0,,0.0,0.0,7948.257999996713,0.0,0.0,,,,,0.0,0.0,1.0,0.0,0.0,0.0,0.0,0.0,0.0,0.0,,0.0,-0.0,0.0,0.0,,0.0,0.0,7948.257999996713,0.0,0.0,,,,,0.0,0.0,1.0,0.0,0.0,0.0,0.0,0.0,0.0,0.0,,0.0,-0.0,0.0,0.0,,0.0,0.0,7948.257999996713,0.0,0.0,,,,,0.0,0.0,1.0,35.0,35.0,19.0,0.0,0.0,33.0,-19.0,-0.13286713286713286,62.0,81.0,19.0,12.0,0.7654320987654321,0.0,0.0,7948.257999996713,38.0,1.0,0.9487179487179487,1.631578947368421,2.1315789473684212,100.99999999511056,17.0,54.0
2024-05-02,LB_20240502_093112_SELL_0001,discovery,B_CLEAN_BREAKOUT,2024-05-02 13:31:13.136347+00:00,2024-05-02T13:31:12.0000000Z,2024-05-02T13:31:13.0758080Z,SELL,17571.25,17575.0,34273.136347,34272.0,34273.075808,1.0,1.0,1.0,32838.0,8313.0,1.0,10.0,10.0,80.0,0.0,0.0,80.0,-80.0,-0.7843137254901961,11.0,91.0,3.0,6.0,0.12087912087912088,0.0,0.0,290.3470000019297,26.0,10.0,0.4444444444444444,0.4230769230769231,3.5,108.00000000017462,1.0,1.0,1.0,43.0,43.0,78.0,0.0,0.0,88.0,-78.0,-0.42391304347826086,53.0,131.0,18.0,18.0,0.40458015267175573,0.0,0.0,290.3470000019297,26.0,10.0,0.4444444444444444,2.0384615384615383,5.038461538461538,108.00000000017462,1.0,1.0,1.0,74.0,74.0,56.0,0.0,0.0,88.0,-56.0,-0.224,97.0,153.0,34.0,24.0,0.6339869281045751,0.0,0.0,290.3470000019297,26.0,10.0,0.4444444444444444,3.730769230769231,5.884615384615385,108.00000000017462,1.0,1.0,1.0,112.0,112.0,38.0,0.0,0.0,88.0,-38.0,-0.0811965811965812,215.0,253.0,54.0,36.0,0.849802371541502,0.0,0.0,290.3470000019297,26.0,10.0,0.4444444444444444,8.26923076923077,9.73076923076923,108.00000000017462,1.0,1.0,1.0,0.0,0.0,0.0,0.0,0.0,0.0,0.0,,0.0,-0.0,0.0,0.0,,0.0,0.0,1565.346999996109,33.0,20.0,0.24528301886792453,0.0,-0.0,,0.0,0.0,1.0,27.0,27.0,23.0,0.0,0.0,37.0,-23.0,-0.16546762589928057,58.0,81.0,10.0,13.0,0.7160493827160493,0.0,0.0,1565.346999996109,66.0,41.0,0.2336448598130841,0.8787878787878788,1.2272727272727273,,0.0,0.0,1.0,61.0,61.0,29.0,0.0,0.0,37.0,-29.0,-0.11026615969581749,117.0,146.0,25.0,28.0,0.8013698630136986,0.0,0.0,1565.346999996109,66.0,41.0,0.2336448598130841,1.7727272727272727,2.212121212121212,,0.0,0.0,1.0,117.0,117.0,0.0,0.0,0.0,62.0,0.0,0.0,259.0,259.0,57.0,47.0,1.0,0.0,0.0,1565.346999996109,69.0,53.0,0.13114754098360656,3.753623188405797,3.753623188405797,18.000000003667083,57.0,259.0
2024-05-03,LB_20240503_093157_SELL_0001,discovery,B_CLEAN_BREAKOUT,2024-05-03 13:31:58.173092900+00:00,2024-05-03T13:31:57.0000000Z,2024-05-03T13:31:58.0327950Z,SELL,17937.5,17947.5,34318.173092,34317.0,34318.032795,1.0,1.0,1.0,51635.0,12262.0,1.0,6.0,6.0,64.0,0.0,0.0,64.0,-64.0,-1.0,0.0,64.0,0.0,5.0,0.0,0.0,0.0,379.0919999955804,87.0,12.0,0.7575757575757576,0.0,0.735632183908046,,0.0,0.0,1.0,26.0,26.0,74.0,0.0,0.0,74.0,-74.0,-0.7115384615384616,15.0,89.0,8.0,13.0,0.16853932584269662,0.0,0.0,379.0919999955804,87.0,12.0,0.7575757575757576,0.1724137931034483,1.0229885057471264,,0.0,0.0,1.0,40.0,40.0,80.0,0.0,0.0,84.0,-80.0,-0.6153846153846154,25.0,105.0,11.0,23.0,0.23809523809523808,0.0,0.0,379.0919999955804,87.0,12.0,0.7575757575757576,0.28735632183908044,1.206896551724138,,0.0,0.0,1.0,78.0,78.0,66.0,0.0,0.0,85.0,-66.0,-0.308411214953271,74.0,140.0,32.0,37.0,0.5285714285714286,0.0,0.0,379.0919999955804,87.0,12.0,0.7575757575757576,0.8505747126436781,1.6091954022988506,,0.0,0.0,1.0,0.0,0.0,0.0,0.0,0.0,0.0,0.0,,0.0,-0.0,0.0,0.0,,0.0,0.0,25291.09199999948,0.0,0.0,,,,,0.0,0.0,1.0,0.0,0.0,0.0,0.0,0.0,0.0,0.0,,0.0,-0.0,0.0,0.0,,0.0,0.0,25291.09199999948,0.0,0.0,,,,,0.0,0.0,1.0,0.0,0.0,0.0,0.0,0.0,0.0,0.0,,0.0,-0.0,0.0,0.0,,0.0,0.0,25291.09199999948,0.0,0.0,,,,,0.0,0.0,1.0,0.0,0.0,0.0,0.0,0.0,0.0,0.0,,0.0,-0.0,0.0,0.0,,0.0,0.0,25291.09199999948,0.0,0.0,,,,,0.0,0.0
2024-05-06,LB_20240506_093100_SELL_0001,discovery,C_MIXED_PATH,2024-05-06 13:31:01.055348900+00:00,2024-05-06T13:31:00.0000000Z,2024-05-06T13:31:01.0084809Z,SELL,18047.5,18051.25,34261.055348,34260.0,34261.00848,1.0,1.0,1.0,21261.0,6105.0,1.0,12.0,12.0,105.0,0.0,0.0,105.0,-105.0,-0.7553956834532374,17.0,122.0,5.0,7.0,0.13934426229508196,0.0,0.0,34.348000001045875,40.0,18.0,0.3793103448275862,0.425,3.05,160.00000000349246,1.0,10.0,1.0,25.0,25.0,113.0,0.0,0.0,116.0,-113.0,-0.6686390532544378,28.0,141.0,8.0,12.0,0.19858156028368795,0.0,0.0,34.348000001045875,40.0,18.0,0.3793103448275862,0.7,3.525,160.00000000349246,1.0,10.0,1.0,34.0,34.0,111.0,0.0,0.0,116.0,-111.0,-0.6065573770491803,36.0,147.0,13.0,14.0,0.24489795918367346,0.0,0.0,34.348000001045875,40.0,18.0,0.3793103448275862,0.9,3.675,160.00000000349246,1.0,10.0,1.0,58.0,58.0,76.0,0.0,0.0,116.0,-76.0,-0.3064516129032258,86.0,162.0,20.0,24.0,0.5308641975308642,0.0,0.0,34.348000001045875,40.0,18.0,0.3793103448275862,2.15,4.05,160.00000000349246,1.0,10.0,1.0,0.0,0.0,0.0,0.0,0.0,0.0,0.0,,0.0,-0.0,0.0,0.0,,0.0,0.0,1291.347999998834,23.0,10.0,0.3939393939393939,0.0,-0.0,,0.0,0.0,1.0,27.0,27.0,21.0,0.0,0.0,26.0,-21.0,-0.14482758620689656,62.0,83.0,10.0,16.0,0.7469879518072289,0.0,0.0,1291.347999998834,55.0,33.0,0.25,1.1272727272727272,1.509090909090909,43.999999994412065,9.0,61.0,1.0,60.0,60.0,40.0,0.0,0.0,41.0,-40.0,-0.1724137931034483,96.0,136.0,24.0,31.0,0.7058823529411765,0.0,0.0,1291.347999998834,55.0,33.0,0.25,1.7454545454545454,2.4727272727272727,43.999999994412065,9.0,61.0,1.0,105.0,105.0,96.0,0.0,0.0,96.0,-96.0,-0.24489795918367346,148.0,244.0,45.0,49.0,0.6065573770491803,0.0,0.0,1291.347999998834,55.0,33.0,0.25,2.690909090909091,4.4363636363636365,43.999999994412065,9.0,61.0
2024-05-10,LB_20240510_093420_BUY_0001,discovery,B_CLEAN_BREAKOUT,2024-05-10 13:34:21.121966900+00:00,2024-05-10T13:34:20.0000000Z,2024-05-10T13:34:21.0088940Z,BUY,18301.25,18276.25,34461.121966,34460.0,34461.008894,1.0,1.0,1.0,62174.0,14981.0,1.0,16.0,16.0,85.0,9.0,5.0,87.0,-76.0,-0.6333333333333333,22.0,98.0,6.0,10.0,0.22448979591836735,4.0,1.0,26.965999997628387,74.0,13.0,0.7011494252873564,0.2972972972972973,1.3243243243243243,44.99999999825377,5.0,20.0,1.0,21.0,21.0,94.0,9.0,5.0,94.0,-85.0,-0.648854961832061,23.0,108.0,7.0,14.0,0.21296296296296297,4.0,1.0,26.965999997628387,74.0,13.0,0.7011494252873564,0.3108108108108108,1.4594594594594594,44.99999999825377,5.0,20.0,1.0,25.0,25.0,91.0,9.0,5.0,94.0,-82.0,-0.6029411764705882,27.0,109.0,9.0,15.0,0.24770642201834864,4.0,1.0,26.965999997628387,74.0,13.0,0.7011494252873564,0.36486486486486486,1.472972972972973,44.99999999825377,5.0,20.0,1.0,43.0,43.0,97.0,9.0,5.0,99.0,-88.0,-0.5238095238095238,40.0,128.0,17.0,24.0,0.3125,4.0,1.0,26.965999997628387,74.0,13.0,0.7011494252873564,0.5405405405405406,1.7297297297297298,44.99999999825377,5.0,20.0,1.0,0.0,0.0,0.0,0.0,0.0,0.0,0.0,,0.0,-0.0,0.0,0.0,,0.0,0.0,154003.96599999658,0.0,0.0,,,,,0.0,0.0,1.0,0.0,0.0,0.0,0.0,0.0,0.0,0.0,,0.0,-0.0,0.0,0.0,,0.0,0.0,154003.96599999658,0.0,0.0,,,,,0.0,0.0,1.0,0.0,0.0,0.0,0.0,0.0,0.0,0.0,,0.0,-0.0,0.0,0.0,,0.0,0.0,154003.96599999658,0.0,0.0,,,,,0.0,0.0,1.0,0.0,0.0,0.0,0.0,0.0,0.0,0.0,,0.0,-0.0,0.0,0.0,,0.0,0.0,154003.96599999658,0.0,0.0,,,,,0.0,0.0
2024-05-20,LB_20240520_093220_BUY_0001,discovery,B_CLEAN_BREAKOUT,2024-05-20 13:32:21.062444+00:00,2024-05-20T13:32:20.0000000Z,2024-05-20T13:32:21.0178939Z,BUY,18661.25,18647.5,34341.062444,34340.0,34341.017893,1.0,1.0,1.0,35544.0,9618.0,1.0,16.0,16.0,53.0,1.0,0.0,54.0,-52.0,-0.52,24.0,76.0,6.0,8.0,0.3157894736842105,1.0,1.0,38.444000005256385,73.0,29.0,0.43137254901960786,0.3287671232876712,1.0410958904109588,33.999999999650754,5.0,23.0,1.0,27.0,27.0,74.0,1.0,0.0,75.0,-73.0,-0.5572519083969466,29.0,102.0,9.0,15.0,0.28431372549019607,1.0,1.0,38.444000005256385,73.0,29.0,0.43137254901960786,0.3972602739726027,1.3972602739726028,33.999999999650754,5.0,23.0,1.0,37.0,37.0,78.0,1.0,0.0,78.0,-77.0,-0.5099337748344371,37.0,114.0,12.0,20.0,0.32456140350877194,1.0,1.0,38.444000005256385,73.0,29.0,0.43137254901960786,0.5068493150684932,1.5616438356164384,33.999999999650754,5.0,23.0,1.0,61.0,61.0,82.0,1.0,0.0,82.0,-81.0,-0.43783783783783786,52.0,133.0,19.0,30.0,0.39097744360902253,1.0,1.0,38.444000005256385,73.0,29.0,0.43137254901960786,0.7123287671232876,1.821917808219178,33.999999999650754,5.0,23.0,1.0,0.0,0.0,0.0,0.0,0.0,0.0,0.0,,0.0,-0.0,0.0,0.0,,0.0,0.0,38360.44400000537,0.0,0.0,,,,,0.0,0.0,1.0,0.0,0.0,0.0,0.0,0.0,0.0,0.0,,0.0,-0.0,0.0,0.0,,0.0,0.0,38360.44400000537,0.0,0.0,,,,,0.0,0.0,1.0,0.0,0.0,0.0,0.0,0.0,0.0,0.0,,0.0,-0.0,0.0,0.0,,0.0,0.0,38360.44400000537,0.0,0.0,,,,,0.0,0.0,1.0,0.0,0.0,0.0,0.0,0.0,0.0,0.0,,0.0,-0.0,0.0,0.0,,0.0,0.0,38360.44400000537,0.0,0.0,,,,,0.0,0.0
2024-05-28,LB_20240528_093142_BUY_0001,discovery,C_MIXED_PATH,2024-05-28 13:31:43.048095900+00:00,2024-05-28T13:31:42.0000000Z,2024-05-28T13:31:43.0163599Z,BUY,18936.25,18925.0,34303.048095,34302.0,34303.016359,1.0,1.0,1.0,33849.0,7941.0,1.0,17.0,17.0,51.0,34.0,9.0,51.0,-17.0,-0.13821138211382114,53.0,70.0,9.0,5.0,0.7571428571428571,25.0,1.0,22.0950000002631,87.0,16.0,0.6893203883495146,0.6091954022988506,0.8045977011494253,43.999999994412065,9.0,53.0,1.0,25.0,25.0,64.0,34.0,9.0,64.0,-30.0,-0.21428571428571427,55.0,85.0,11.0,11.0,0.6470588235294118,25.0,1.0,22.0950000002631,87.0,16.0,0.6893203883495146,0.632183908045977,0.9770114942528736,43.999999994412065,9.0,53.0,1.0,31.0,31.0,64.0,34.0,9.0,67.0,-30.0,-0.2,60.0,90.0,14.0,14.0,0.6666666666666666,25.0,1.0,22.0950000002631,87.0,16.0,0.6893203883495146,0.6896551724137931,1.0344827586206897,43.999999994412065,9.0,53.0,1.0,49.0,49.0,80.0,34.0,9.0,83.0,-46.0,-0.21296296296296297,85.0,131.0,25.0,20.0,0.648854961832061,25.0,1.0,22.0950000002631,87.0,16.0,0.6893203883495146,0.9770114942528736,1.5057471264367817,43.999999994412065,9.0,53.0,1.0,0.0,0.0,0.0,0.0,0.0,0.0,0.0,,0.0,-0.0,0.0,0.0,,0.0,0.0,10890.094999995199,0.0,0.0,,,,,0.0,0.0,1.0,0.0,0.0,0.0,0.0,0.0,0.0,0.0,,0.0,-0.0,0.0,0.0,,0.0,0.0,10890.094999995199,0.0,0.0,,,,,0.0,0.0,1.0,0.0,0.0,0.0,0.0,0.0,0.0,0.0,,0.0,-0.0,0.0,0.0,,0.0,0.0,10890.094999995199,0.0,0.0,,,,,0.0,0.0,1.0,0.0,0.0,0.0,0.0,0.0,0.0,0.0,,0.0,-0.0,0.0,0.0,,0.0,0.0,10890.094999995199,0.0,0.0,,,,,0.0,0.0
2024-06-05,LB_20240605_093547_SELL_0002,discovery,C_MIXED_PATH,2024-06-05 13:35:48.054540900+00:00,2024-06-05T13:35:47.0000000Z,2024-06-05T13:35:48.0187420Z,SELL,18817.5,18823.75,34548.05454,34547.0,34548.018742,1.0,1.0,1.0,83126.0,18174.0,1.0,12.0,12.0,83.0,0.0,0.0,83.0,-83.0,-0.7904761904761904,11.0,94.0,4.0,7.0,0.11702127659574468,0.0,0.0,273.53999999468215,77.0,11.0,0.75,0.14285714285714285,1.2207792207792207,56.000000004132744,1.0,3.0,1.0,20.0,20.0,92.0,0.0,0.0,96.0,-92.0,-0.7419354838709677,16.0,108.0,7.0,11.0,0.14814814814814814,0.0,0.0,273.53999999468215,77.0,11.0,0.75,0.2077922077922078,1.4025974025974026,56.000000004132744,1.0,3.0,1.0,24.0,24.0,93.0,0.0,0.0,98.0,-93.0,-0.6888888888888889,21.0,114.0,8.0,13.0,0.18421052631578946,0.0,0.0,273.53999999468215,77.0,11.0,0.75,0.2727272727272727,1.4805194805194806,56.000000004132744,1.0,3.0,1.0,37.0,37.0,106.0,0.0,0.0,106.0,-106.0,-0.49074074074074076,55.0,161.0,13.0,18.0,0.3416149068322981,0.0,0.0,273.53999999468215,77.0,11.0,0.75,0.7142857142857143,2.090909090909091,56.000000004132744,1.0,3.0,1.0,0.0,0.0,0.0,0.0,0.0,0.0,0.0,,0.0,-0.0,0.0,0.0,,0.0,0.0,2652.539999995497,0.0,0.0,,,,,0.0,0.0,1.0,4.0,4.0,0.0,0.0,0.0,11.0,0.0,0.0,11.0,11.0,1.0,3.0,1.0,0.0,0.0,2652.539999995497,34.0,14.0,0.4166666666666667,0.3235294117647059,0.3235294117647059,72.99999999668216,1.0,11.0,1.0,39.0,39.0,13.0,0.0,0.0,31.0,-13.0,-0.08387096774193549,71.0,84.0,17.0,19.0,0.8452380952380952,0.0,0.0,2652.539999995497,34.0,14.0,0.4166666666666667,2.088235294117647,2.4705882352941178,72.99999999668216,1.0,11.0,1.0,87.0,87.0,43.0,0.0,0.0,46.0,-43.0,-0.15087719298245614,121.0,164.0,37.0,42.0,0.7378048780487805,0.0,0.0,2652.539999995497,39.0,14.0,0.4716981132075472,3.1025641025641026,4.205128205128205,52.00000000331784,25.0,104.0
2024-06-06,LB_20240606_093413_BUY_0001,discovery,C_MIXED_PATH,2024-06-06 13:34:14.079319+00:00,2024-06-06T13:34:13.0000000Z,2024-06-06T13:34:14.0312920Z,BUY,19107.5,19105.0,34454.079319,34453.0,34454.031292,1.0,1.0,1.0,62528.0,12942.0,1.0,15.0,15.0,44.0,16.0,3.0,44.0,-28.0,-0.4375,18.0,46.0,5.0,8.0,0.391304347826087,13.0,1.0,33.31899999466259,54.0,12.0,0.6363636363636364,0.3333333333333333,0.8518518518518519,379.0000000008149,5.0,18.0,1.0,26.0,26.0,49.0,16.0,3.0,49.0,-33.0,-0.4177215189873418,23.0,56.0,9.0,13.0,0.4107142857142857,13.0,1.0,33.31899999466259,54.0,12.0,0.6363636363636364,0.42592592592592593,1.037037037037037,379.0000000008149,5.0,18.0,1.0,38.0,38.0,59.0,16.0,3.0,63.0,-43.0,-0.4095238095238095,31.0,74.0,13.0,18.0,0.4189189189189189,13.0,1.0,33.31899999466259,54.0,12.0,0.6363636363636364,0.5740740740740741,1.3703703703703705,379.0000000008149,5.0,18.0,1.0,61.0,61.0,53.0,16.0,3.0,63.0,-37.0,-0.23870967741935484,59.0,96.0,27.0,24.0,0.6145833333333334,13.0,1.0,33.31899999466259,54.0,12.0,0.6363636363636364,1.0925925925925926,1.7777777777777777,379.0000000008149,5.0,18.0,1.0,0.0,0.0,0.0,0.0,0.0,0.0,0.0,,0.0,-0.0,0.0,0.0,,0.0,0.0,1050.318999994488,7.0,1.0,0.75,0.0,-0.0,,0.0,0.0,1.0,24.0,24.0,33.0,0.0,0.0,33.0,-33.0,-0.24087591240875914,52.0,85.0,10.0,13.0,0.611764705882353,0.0,0.0,1050.318999994488,57.0,37.0,0.2127659574468085,0.9122807017543859,1.4912280701754386,25.00000000145519,9.0,51.0,1.0,33.0,33.0,35.0,0.0,0.0,38.0,-35.0,-0.23178807947019867,58.0,93.0,14.0,16.0,0.6236559139784946,0.0,0.0,1050.318999994488,57.0,37.0,0.2127659574468085,1.0175438596491229,1.631578947368421,25.00000000145519,9.0,51.0,1.0,56.0,56.0,39.0,0.0,0.0,41.0,-39.0,-0.1780821917808219,90.0,129.0,25.0,25.0,0.6976744186046512,0.0,0.0,1050.318999994488,62.0,39.0,0.22772277227722773,1.4516129032258065,2.0806451612903225,41.00000000471482,23.0,87.0
2024-06-11,LB_20240611_093350_BUY_0001,discovery,A_TRUE_ABSORPTION,2024-06-11 13:33:51.059816+00:00,2024-06-11T13:33:50.0000000Z,2024-06-11T13:33:51.0275500Z,BUY,19073.75,19066.25,34431.059816,34430.0,34431.02755,1.0,1.0,1.0,60261.0,17099.0,1.0,10.0,10.0,73.0,16.0,16.0,73.0,-57.0,-0.8507462686567164,5.0,62.0,2.0,6.0,0.08064516129032258,0.0,1.0,59.81600000086473,32.0,12.0,0.45454545454545453,0.15625,1.9375,127.00000000040745,2.0,5.0,1.0,12.0,12.0,80.0,16.0,16.0,80.0,-64.0,-0.8648648648648649,5.0,69.0,2.0,8.0,0.07246376811594203,0.0,1.0,59.81600000086473,32.0,12.0,0.45454545454545453,0.15625,2.15625,127.00000000040745,2.0,5.0,1.0,14.0,14.0,80.0,16.0,16.0,80.0,-64.0,-0.7619047619047619,10.0,74.0,3.0,9.0,0.13513513513513514,0.0,1.0,59.81600000086473,32.0,12.0,0.45454545454545453,0.3125,2.3125,127.00000000040745,2.0,5.0,1.0,22.0,22.0,74.0,16.0,16.0,81.0,-58.0,-0.5471698113207547,24.0,82.0,8.0,12.0,0.2926829268292683,0.0,1.0,59.81600000086473,32.0,12.0,0.45454545454545453,0.75,2.5625,127.00000000040745,2.0,5.0,1.0,0.0,0.0,0.0,0.0,0.0,0.0,0.0,,0.0,-0.0,0.0,0.0,,0.0,0.0,2995.816000002378,0.0,0.0,,,,,0.0,0.0,1.0,2.0,2.0,8.0,0.0,0.0,8.0,-8.0,-1.0,0.0,8.0,0.0,2.0,0.0,0.0,0.0,2995.816000002378,2.0,4.0,-0.3333333333333333,0.0,4.0,,0.0,0.0,1.0,34.0,34.0,9.0,0.0,0.0,27.0,-9.0,-0.072,58.0,67.0,17.0,15.0,0.8656716417910447,0.0,0.0,2995.816000002378,38.0,40.0,-0.02564102564102564,1.5263157894736843,1.763157894736842,41.00000000471482,17.0,58.0,1.0,121.0,121.0,16.0,0.0,0.0,27.0,-16.0,-0.0392156862745098,196.0,212.0,56.0,56.0,0.9245283018867925,0.0,0.0,2995.816000002378,102.0,117.0,-0.0684931506849315,1.9215686274509804,2.0784313725490198,177.99999999988358,56.0,196.0
2024-06-13,LB_20240613_093209_BUY_0001,discovery,C_MIXED_PATH,2024-06-13 13:32:10.037595900+00:00,2024-06-13T13:32:09.0000000Z,2024-06-13T13:32:10.0304269Z,BUY,19647.5,19643.75,34330.037595,34329.0,34330.030426,1.0,1.0,1.0,45221.0,9572.0,1.0,12.0,12.0,47.0,13.0,11.0,47.0,-34.0,-0.7391304347826086,6.0,40.0,5.0,7.0,0.15,2.0,1.0,45.59500000323169,29.0,4.0,0.7575757575757576,0.20689655172413793,1.3793103448275863,158.99999999965075,2.0,2.0,1.0,29.0,29.0,46.0,13.0,11.0,59.0,-33.0,-0.44,21.0,54.0,11.0,14.0,0.3888888888888889,2.0,1.0,45.59500000323169,29.0,4.0,0.7575757575757576,0.7241379310344828,1.8620689655172413,158.99999999965075,2.0,2.0,1.0,46.0,46.0,57.0,13.0,11.0,59.0,-44.0,-0.3384615384615385,43.0,87.0,16.0,24.0,0.4942528735632184,2.0,1.0,45.59500000323169,29.0,4.0,0.7575757575757576,1.4827586206896552,3.0,158.99999999965075,2.0,2.0,1.0,67.0,67.0,71.0,13.0,11.0,74.0,-58.0,-0.30526315789473685,66.0,124.0,27.0,33.0,0.532258064516129,2.0,1.0,45.59500000323169,29.0,4.0,0.7575757575757576,2.2758620689655173,4.275862068965517,158.99999999965075,2.0,2.0,1.0,0.0,0.0,0.0,0.0,0.0,0.0,0.0,,0.0,-0.0,0.0,0.0,,0.0,0.0,1106.595000004745,13.0,15.0,-0.07142857142857142,0.0,-0.0,,0.0,0.0,1.0,34.0,34.0,10.0,0.0,0.0,27.0,-10.0,-0.08064516129032258,57.0,67.0,14.0,18.0,0.8507462686567164,0.0,0.0,1106.595000004745,41.0,28.0,0.18840579710144928,1.3902439024390243,1.6341463414634145,69.99999999970896,13.0,55.0,1.0,74.0,74.0,30.0,0.0,0.0,30.0,-30.0,-0.09740259740259741,139.0,169.0,34.0,35.0,0.8224852071005917,0.0,0.0,1106.595000004745,106.0,77.0,0.15846994535519127,1.3113207547169812,1.5943396226415094,21.999999997206032,34.0,139.0,1.0,109.0,109.0,63.0,0.0,0.0,68.0,-63.0,-0.16112531969309463,164.0,227.0,47.0,54.0,0.7224669603524229,0.0,0.0,1106.595000004745,134.0,77.0,0.27014218009478674,1.2238805970149254,1.6940298507462686,134.00000000547152,39.0,153.0
2024-06-14,LB_20240614_093644_BUY_0001,discovery,B_CLEAN_BREAKOUT,2024-06-14 13:36:45.081257900+00:00,2024-06-14T13:36:44.0000000Z,2024-06-14T13:36:45.0149200Z,BUY,19587.5,19583.75,34605.081257,34604.0,34605.01492,1.0,1.0,1.0,93022.0,20779.0,1.0,7.0,7.0,53.0,21.0,16.0,53.0,-32.0,-0.6153846153846154,10.0,42.0,2.0,3.0,0.23809523809523808,5.0,1.0,55.256999999983236,34.0,8.0,0.6190476190476191,0.29411764705882354,1.2352941176470589,209.99999999912689,1.0,5.0,1.0,14.0,14.0,61.0,21.0,16.0,67.0,-40.0,-0.5405405405405406,17.0,57.0,5.0,6.0,0.2982456140350877,5.0,1.0,55.256999999983236,34.0,8.0,0.6190476190476191,0.5,1.6764705882352942,209.99999999912689,1.0,5.0,1.0,35.0,35.0,69.0,21.0,16.0,71.0,-48.0,-0.4067796610169492,35.0,83.0,14.0,15.0,0.42168674698795183,5.0,1.0,55.256999999983236,34.0,8.0,0.6190476190476191,1.0294117647058822,2.4411764705882355,209.99999999912689,1.0,5.0,1.0,49.0,49.0,69.0,21.0,16.0,71.0,-48.0,-0.3157894736842105,52.0,100.0,23.0,19.0,0.52,5.0,1.0,55.256999999983236,34.0,8.0,0.6190476190476191,1.5294117647058822,2.9411764705882355,209.99999999912689,1.0,5.0,1.0,6.0,6.0,0.0,0.0,0.0,3.0,0.0,0.0,4.0,4.0,3.0,3.0,1.0,0.0,0.0,555.2569999999832,8.0,9.0,-0.058823529411764705,0.5,0.5,177.99999999988358,3.0,4.0,1.0,37.0,37.0,9.0,0.0,0.0,23.0,-9.0,-0.09473684210526316,43.0,52.0,17.0,19.0,0.8269230769230769,0.0,0.0,555.2569999999832,47.0,46.0,0.010752688172043012,0.9148936170212766,1.1063829787234043,209.99999999912689,12.0,27.0,1.0,73.0,73.0,38.0,0.0,0.0,42.0,-38.0,-0.19791666666666666,77.0,115.0,28.0,36.0,0.6695652173913044,0.0,0.0,555.2569999999832,97.0,71.0,0.15476190476190477,0.7938144329896907,1.1855670103092784,133.99999999819556,24.0,69.0,1.0,121.0,121.0,71.0,0.0,0.0,71.0,-71.0,-0.23127035830618892,118.0,189.0,45.0,59.0,0.6243386243386243,0.0,0.0,555.2569999999832,123.0,82.0,0.2,0.959349593495935,1.5365853658536586,31.9999999992433,39.0,110.0
2024-07-08,LB_20240708_093223_BUY_0001,discovery,A_TRUE_ABSORPTION,2024-07-08 13:32:24.063515+00:00,2024-07-08T13:32:23.0000000Z,2024-07-08T13:32:24.0068819Z,BUY,20642.5,20637.5,34344.063515,34343.0,34344.006881,1.0,1.0,1.0,42114.0,12160.0,1.0,18.0,18.0,66.0,0.0,0.0,68.0,-66.0,-0.4782608695652174,36.0,102.0,8.0,9.0,0.35294117647058826,0.0,0.0,65.51500000205124,126.0,56.0,0.38461538461538464,0.2857142857142857,0.8095238095238095,153.00000000570435,6.0,34.0,1.0,26.0,26.0,66.0,0.0,0.0,71.0,-66.0,-0.4342105263157895,43.0,109.0,11.0,11.0,0.3944954128440367,0.0,0.0,65.51500000205124,126.0,56.0,0.38461538461538464,0.3412698412698413,0.8650793650793651,153.00000000570435,6.0,34.0,1.0,41.0,41.0,62.0,0.0,0.0,71.0,-62.0,-0.36470588235294116,54.0,116.0,19.0,15.0,0.46551724137931033,0.0,0.0,65.51500000205124,126.0,56.0,0.38461538461538464,0.42857142857142855,0.9206349206349206,153.00000000570435,6.0,34.0,1.0,60.0,60.0,47.0,0.0,0.0,93.0,-47.0,-0.17216117216117216,113.0,160.0,30.0,22.0,0.70625,0.0,0.0,65.51500000205124,126.0,56.0,0.38461538461538464,0.8968253968253969,1.2698412698412698,153.00000000570435,6.0,34.0,1.0,0.0,0.0,0.0,0.0,0.0,0.0,0.0,,0.0,-0.0,0.0,0.0,,0.0,0.0,1471.5150000047288,0.0,0.0,,,,,0.0,0.0,1.0,24.0,24.0,46.0,0.0,0.0,46.0,-46.0,-0.5348837209302325,20.0,66.0,8.0,15.0,0.30303030303030304,0.0,0.0,1471.5150000047288,36.0,17.0,0.3584905660377358,0.5555555555555556,1.8333333333333333,99.00000000197906,4.0,15.0,1.0,40.0,40.0,48.0,0.0,0.0,56.0,-48.0,-0.39344262295081966,37.0,85.0,17.0,19.0,0.43529411764705883,0.0,0.0,1471.5150000047288,36.0,17.0,0.3584905660377358,1.0277777777777777,2.361111111111111,99.00000000197906,4.0,15.0,1.0,72.0,72.0,89.0,0.0,0.0,93.0,-89.0,-0.41784037558685444,62.0,151.0,30.0,34.0,0.4105960264900662,0.0,0.0,1471.5150000047288,36.0,17.0,0.3584905660377358,1.7222222222222223,4.194444444444445,99.00000000197906,4.0,15.0
2024-07-12,LB_20240712_093101_BUY_0001,discovery,A_TRUE_ABSORPTION,2024-07-12 13:31:02.044351900+00:00,2024-07-12T13:31:01.0000000Z,2024-07-12T13:31:02.0054790Z,BUY,20468.75,20461.25,34262.044351,34261.0,34262.005479,1.0,1.0,1.0,27466.0,6212.0,1.0,11.0,11.0,78.0,0.0,0.0,78.0,-78.0,-0.975,1.0,79.0,1.0,8.0,0.012658227848101266,0.0,0.0,260.35099999717204,49.0,10.0,0.6610169491525424,0.02040816326530612,1.6122448979591837,,0.0,0.0,1.0,22.0,22.0,74.0,0.0,0.0,81.0,-74.0,-0.6981132075471698,16.0,90.0,8.0,12.0,0.17777777777777778,0.0,0.0,260.35099999717204,49.0,10.0,0.6610169491525424,0.32653061224489793,1.836734693877551,,0.0,0.0,1.0,27.0,27.0,77.0,0.0,0.0,81.0,-77.0,-0.5968992248062015,26.0,103.0,11.0,14.0,0.2524271844660194,0.0,0.0,260.35099999717204,49.0,10.0,0.6610169491525424,0.5306122448979592,2.1020408163265305,,0.0,0.0,1.0,48.0,48.0,51.0,0.0,0.0,99.0,-51.0,-0.19245283018867926,107.0,158.0,24.0,21.0,0.6772151898734177,0.0,0.0,260.35099999717204,49.0,10.0,0.6610169491525424,2.183673469387755,3.2244897959183674,,0.0,0.0,1.0,3.0,3.0,8.0,0.0,0.0,8.0,-8.0,-1.0,0.0,8.0,0.0,2.0,0.0,0.0,0.0,898.3509999961825,2.0,4.0,-0.3333333333333333,0.0,4.0,,0.0,0.0,1.0,33.0,33.0,39.0,0.0,0.0,40.0,-39.0,-0.4105263157894737,28.0,67.0,12.0,16.0,0.417910447761194,0.0,0.0,898.3509999961825,27.0,19.0,0.17391304347826086,1.037037037037037,2.4814814814814814,74.00000000052387,10.0,26.0,1.0,42.0,42.0,46.0,0.0,0.0,48.0,-46.0,-0.39655172413793105,35.0,81.0,15.0,19.0,0.43209876543209874,0.0,0.0,898.3509999961825,27.0,19.0,0.17391304347826086,1.2962962962962963,3.0,74.00000000052387,10.0,26.0,1.0,73.0,73.0,49.0,0.0,0.0,56.0,-49.0,-0.28654970760233917,61.0,110.0,27.0,35.0,0.5545454545454546,0.0,0.0,898.3509999961825,27.0,19.0,0.17391304347826086,2.259259259259259,4.074074074074074,74.00000000052387,10.0,26.0
2024-07-15,LB_20240715_093321_BUY_0001,discovery,C_MIXED_PATH,2024-07-15 13:33:22.146825900+00:00,2024-07-15T13:33:21.0000000Z,2024-07-15T13:33:22.0208470Z,BUY,20630.0,20623.75,34402.146825,34401.0,34402.020847,1.0,1.0,1.0,73218.0,14816.0,1.0,15.0,15.0,98.0,5.0,0.0,98.0,-93.0,-0.8691588785046729,7.0,100.0,2.0,12.0,0.07,5.0,1.0,0.8250000028056093,69.0,14.0,0.6626506024096386,0.10144927536231885,1.4492753623188406,336.99999999953434,1.0,6.0,1.0,22.0,22.0,98.0,5.0,0.0,104.0,-93.0,-0.7815126050420168,13.0,106.0,5.0,16.0,0.12264150943396226,5.0,1.0,0.8250000028056093,69.0,14.0,0.6626506024096386,0.18840579710144928,1.536231884057971,336.99999999953434,1.0,6.0,1.0,34.0,34.0,92.0,5.0,0.0,104.0,-87.0,-0.6170212765957447,27.0,114.0,12.0,21.0,0.23684210526315788,5.0,1.0,0.8250000028056093,69.0,14.0,0.6626506024096386,0.391304347826087,1.6521739130434783,336.99999999953434,1.0,6.0,1.0,61.0,61.0,111.0,5.0,0.0,132.0,-106.0,-0.2896174863387978,130.0,236.0,27.0,31.0,0.5508474576271186,5.0,1.0,0.8250000028056093,69.0,14.0,0.6626506024096386,1.8840579710144927,3.420289855072464,336.99999999953434,1.0,6.0,1.0,0.0,0.0,0.0,0.0,0.0,0.0,0.0,,0.0,-0.0,0.0,0.0,,0.0,0.0,2864.8250000042026,0.0,0.0,,,,,0.0,0.0,1.0,4.0,4.0,19.0,0.0,0.0,20.0,-19.0,-0.6551724137931034,5.0,24.0,2.0,2.0,0.20833333333333334,0.0,0.0,2864.8250000042026,4.0,9.0,-0.38461538461538464,1.25,6.0,49.999999995634425,1.0,4.0,1.0,31.0,31.0,54.0,0.0,0.0,54.0,-54.0,-0.32142857142857145,57.0,111.0,17.0,14.0,0.5135135135135135,0.0,0.0,2864.8250000042026,53.0,32.0,0.24705882352941178,1.0754716981132075,2.0943396226415096,99.00000000197906,12.0,51.0,1.0,43.0,43.0,59.0,0.0,0.0,59.0,-59.0,-0.31891891891891894,63.0,122.0,23.0,20.0,0.5163934426229508,0.0,0.0,2864.8250000042026,53.0,32.0,0.24705882352941178,1.1886792452830188,2.30188679245283,99.00000000197906,12.0,51.0
2024-07-16,LB_20240716_093212_BUY_0001,discovery,A_TRUE_ABSORPTION,2024-07-16 13:32:13.083597900+00:00,2024-07-16T13:32:12.0000000Z,2024-07-16T13:32:13.0366000Z,BUY,20660.0,20657.5,34333.083597,34332.0,34333.0366,1.0,1.0,1.0,39318.0,9019.0,1.0,10.0,10.0,65.0,0.0,0.0,65.0,-65.0,-0.8441558441558441,6.0,71.0,1.0,6.0,0.08450704225352113,0.0,0.0,552.5969999944209,59.0,20.0,0.4936708860759494,0.1016949152542373,1.2033898305084745,99.00000000197906,1.0,6.0,1.0,18.0,18.0,78.0,0.0,0.0,79.0,-78.0,-0.8297872340425532,8.0,86.0,2.0,12.0,0.09302325581395349,0.0,0.0,552.5969999944209,59.0,20.0,0.4936708860759494,0.13559322033898305,1.4576271186440677,99.00000000197906,1.0,6.0,1.0,30.0,30.0,103.0,0.0,0.0,103.0,-103.0,-0.6821192052980133,24.0,127.0,8.0,16.0,0.1889763779527559,0.0,0.0,552.5969999944209,59.0,20.0,0.4936708860759494,0.4067796610169492,2.152542372881356,99.00000000197906,1.0,6.0,1.0,69.0,69.0,64.0,0.0,0.0,110.0,-64.0,-0.13445378151260504,206.0,270.0,28.0,34.0,0.762962962962963,0.0,0.0,552.5969999944209,59.0,20.0,0.4936708860759494,3.4915254237288136,4.576271186440678,99.00000000197906,1.0,6.0,1.0,2.0,2.0,45.0,0.0,0.0,45.0,-45.0,-1.0,0.0,45.0,0.0,2.0,0.0,0.0,0.0,999.5969999945373,2.0,0.0,1.0,0.0,22.5,,0.0,0.0,1.0,18.0,18.0,70.0,0.0,0.0,70.0,-70.0,-0.7777777777777778,10.0,80.0,6.0,11.0,0.125,0.0,0.0,999.5969999945373,35.0,3.0,0.8421052631578947,0.2857142857142857,2.2857142857142856,61.99999999807915,6.0,10.0,1.0,34.0,34.0,60.0,0.0,0.0,70.0,-60.0,-0.5357142857142857,26.0,86.0,15.0,15.0,0.3023255813953488,0.0,0.0,999.5969999945373,35.0,3.0,0.8421052631578947,0.7428571428571429,2.4571428571428573,61.99999999807915,6.0,10.0,1.0,58.0,58.0,77.0,0.0,0.0,102.0,-77.0,-0.22448979591836735,133.0,210.0,28.0,25.0,0.6333333333333333,0.0,0.0,999.5969999945373,35.0,3.0,0.8421052631578947,3.8,6.0,61.99999999807915,6.0,10.0
2024-07-18,LB_20240718_093155_SELL_0001,discovery,C_MIXED_PATH,2024-07-18 13:31:56.057671900+00:00,2024-07-18T13:31:55.0000000Z,2024-07-18T13:31:56.0146950Z,SELL,20112.5,20118.75,34316.057671,34315.0,34316.014695,1.0,1.0,1.0,42980.0,10695.0,1.0,0.0,0.0,0.0,0.0,0.0,0.0,0.0,,0.0,-0.0,0.0,0.0,,0.0,0.0,1099.6710000035819,19.0,33.0,-0.2692307692307692,0.0,-0.0,,0.0,0.0,1.0,17.0,17.0,25.0,0.0,0.0,32.0,-25.0,-0.4716981132075472,14.0,39.0,6.0,6.0,0.358974358974359,0.0,0.0,1099.6710000035819,72.0,72.0,0.0,0.19444444444444445,0.5416666666666666,1085.9999999956926,1.0,3.0,1.0,46.0,46.0,9.0,0.0,0.0,39.0,-9.0,-0.04433497536945813,97.0,106.0,16.0,18.0,0.9150943396226415,0.0,0.0,1099.6710000035819,96.0,76.0,0.11627906976744186,1.0104166666666667,1.1041666666666667,201.99999999749707,14.0,76.0,1.0,90.0,90.0,59.0,0.0,0.0,59.0,-59.0,-0.1581769436997319,157.0,216.0,30.0,39.0,0.7268518518518519,0.0,0.0,1099.6710000035819,119.0,82.0,0.18407960199004975,1.319327731092437,1.815126050420168,83.00000000599539,18.0,116.0,1.0,0.0,0.0,0.0,0.0,0.0,0.0,0.0,,0.0,-0.0,0.0,0.0,,0.0,0.0,9968.67100000236,0.0,0.0,,,,,0.0,0.0,1.0,0.0,0.0,0.0,0.0,0.0,0.0,0.0,,0.0,-0.0,0.0,0.0,,0.0,0.0,9968.67100000236,0.0,0.0,,,,,0.0,0.0,1.0,0.0,0.0,0.0,0.0,0.0,0.0,0.0,,0.0,-0.0,0.0,0.0,,0.0,0.0,9968.67100000236,0.0,0.0,,,,,0.0,0.0,1.0,2.0,2.0,9.0,0.0,0.0,9.0,-9.0,-1.0,0.0,9.0,0.0,2.0,0.0,0.0,0.0,9968.67100000236,14.0,20.0,-0.17647058823529413,0.0,0.6428571428571429,,0.0,0.0
2024-07-22,LB_20240722_093156_SELL_0001,discovery,A_TRUE_ABSORPTION,2024-07-22 13:31:57.031422+00:00,2024-07-22T13:31:56.0000000Z,2024-07-22T13:31:57.0048590Z,SELL,19900.0,19910.0,34317.031422,34316.0,34317.004859,1.0,1.0,1.0,39808.0,10486.0,1.0,10.0,10.0,70.0,0.0,0.0,70.0,-70.0,-0.9210526315789473,3.0,73.0,2.0,6.0,0.0410958904109589,0.0,0.0,186.42199999885634,47.0,17.0,0.46875,0.06382978723404255,1.553191489361702,,0.0,0.0,1.0,16.0,16.0,72.0,0.0,0.0,72.0,-72.0,-0.8181818181818182,8.0,80.0,4.0,8.0,0.1,0.0,0.0,186.42199999885634,47.0,17.0,0.46875,0.1702127659574468,1.702127659574468,,0.0,0.0,1.0,23.0,23.0,72.0,0.0,0.0,76.0,-72.0,-0.6923076923076923,16.0,88.0,7.0,11.0,0.18181818181818182,0.0,0.0,186.42199999885634,47.0,17.0,0.46875,0.3404255319148936,1.872340425531915,,0.0,0.0,1.0,55.0,55.0,64.0,0.0,0.0,83.0,-64.0,-0.27586206896551724,84.0,148.0,23.0,21.0,0.5675675675675675,0.0,0.0,186.42199999885634,47.0,17.0,0.46875,1.7872340425531914,3.148936170212766,,0.0,0.0,1.0,0.0,0.0,0.0,0.0,0.0,0.0,0.0,,0.0,-0.0,0.0,0.0,,0.0,0.0,2993.421999999555,0.0,0.0,,,,,0.0,0.0,1.0,2.0,2.0,3.0,0.0,0.0,3.0,-3.0,-1.0,0.0,3.0,0.0,1.0,0.0,0.0,0.0,2993.421999999555,5.0,2.0,0.42857142857142855,0.0,0.6,,0.0,0.0,1.0,17.0,17.0,0.0,0.0,0.0,14.0,0.0,0.0,23.0,23.0,6.0,7.0,1.0,0.0,0.0,2993.421999999555,23.0,24.0,-0.02127659574468085,1.0,1.0,391.9999999998254,6.0,23.0,1.0,54.0,54.0,0.0,0.0,0.0,29.0,0.0,0.0,119.0,119.0,23.0,24.0,1.0,0.0,0.0,2993.421999999555,69.0,44.0,0.22123893805309736,1.7246376811594204,1.7246376811594204,2504.000000000815,23.0,119.0
2024-07-26,LB_20240726_093346_SELL_0001,discovery,B_CLEAN_BREAKOUT,2024-07-26 13:33:47.092358+00:00,2024-07-26T13:33:46.0000000Z,2024-07-26T13:33:47.0111240Z,SELL,19118.75,19120.0,34427.092358,34426.0,34427.011124,1.0,1.0,1.0,65834.0,15294.0,1.0,11.0,11.0,36.0,0.0,0.0,38.0,-36.0,-0.782608695652174,5.0,41.0,3.0,5.0,0.12195121951219512,0.0,0.0,315.3579999998328,9.0,4.0,0.38461538461538464,0.5555555555555556,4.555555555555555,,0.0,0.0,1.0,20.0,20.0,56.0,0.0,0.0,57.0,-56.0,-0.6363636363636364,16.0,72.0,7.0,10.0,0.2222222222222222,0.0,0.0,315.3579999998328,9.0,4.0,0.38461538461538464,1.7777777777777777,8.0,,0.0,0.0,1.0,33.0,33.0,59.0,0.0,0.0,61.0,-59.0,-0.4125874125874126,42.0,101.0,12.0,18.0,0.4158415841584158,0.0,0.0,315.3579999998328,9.0,4.0,0.38461538461538464,4.666666666666667,11.222222222222221,,0.0,0.0,1.0,53.0,53.0,59.0,0.0,0.0,61.0,-59.0,-0.29064039408866993,72.0,131.0,22.0,26.0,0.549618320610687,0.0,0.0,315.3579999998328,9.0,4.0,0.38461538461538464,8.0,14.555555555555555,,0.0,0.0,1.0,10.0,10.0,58.0,0.0,0.0,60.0,-58.0,-0.9354838709677419,2.0,60.0,2.0,5.0,0.03333333333333333,0.0,0.0,411.3580000048387,29.0,5.0,0.7058823529411765,0.06896551724137931,2.0689655172413794,,0.0,0.0,1.0,17.0,17.0,70.0,0.0,0.0,70.0,-70.0,-0.813953488372093,8.0,78.0,5.0,8.0,0.10256410256410256,0.0,0.0,411.3580000048387,29.0,5.0,0.7058823529411765,0.27586206896551724,2.689655172413793,,0.0,0.0,1.0,24.0,24.0,78.0,0.0,0.0,80.0,-78.0,-0.609375,25.0,103.0,7.0,12.0,0.24271844660194175,0.0,0.0,411.3580000048387,29.0,5.0,0.7058823529411765,0.8620689655172413,3.5517241379310347,,0.0,0.0,1.0,48.0,48.0,79.0,0.0,0.0,81.0,-79.0,-0.4906832298136646,41.0,120.0,16.0,24.0,0.3416666666666667,0.0,0.0,411.3580000048387,29.0,5.0,0.7058823529411765,1.4137931034482758,4.137931034482759,,0.0,0.0
2024-07-30,LB_20240730_093638_BUY_0001,discovery,C_MIXED_PATH,2024-07-30 13:36:39.134783900+00:00,2024-07-30T13:36:38.0000000Z,2024-07-30T13:36:39.0039230Z,BUY,19301.25,19293.75,34599.134783,34598.0,34599.003923,1.0,1.0,1.0,93722.0,20951.0,1.0,19.0,19.0,17.0,23.0,0.0,23.0,6.0,0.058823529411764705,54.0,48.0,10.0,8.0,1.125,23.0,1.0,35.782999999355525,39.0,15.0,0.4444444444444444,1.3846153846153846,1.2307692307692308,44.99999999825377,10.0,54.0,1.0,26.0,26.0,52.0,23.0,0.0,52.0,-29.0,-0.20567375886524822,56.0,85.0,11.0,11.0,0.6588235294117647,23.0,1.0,35.782999999355525,79.0,20.0,0.5959595959595959,0.7088607594936709,1.0759493670886076,166.00000000471482,10.0,54.0,1.0,33.0,33.0,52.0,23.0,0.0,52.0,-29.0,-0.19727891156462585,59.0,88.0,14.0,14.0,0.6704545454545454,23.0,1.0,35.782999999355525,79.0,20.0,0.5959595959595959,0.7468354430379747,1.1139240506329113,166.00000000471482,10.0,54.0,1.0,51.0,51.0,48.0,23.0,0.0,62.0,-25.0,-0.13812154696132597,78.0,103.0,22.0,19.0,0.7572815533980582,23.0,1.0,35.782999999355525,79.0,20.0,0.5959595959595959,0.9873417721518988,1.3037974683544304,166.00000000471482,10.0,54.0,1.0,0.0,0.0,0.0,0.0,0.0,0.0,0.0,,0.0,-0.0,0.0,0.0,,0.0,0.0,6719.7830000004615,0.0,0.0,,,,,0.0,0.0,1.0,0.0,0.0,0.0,0.0,0.0,0.0,0.0,,0.0,-0.0,0.0,0.0,,0.0,0.0,6719.7830000004615,0.0,0.0,,,,,0.0,0.0,1.0,0.0,0.0,0.0,0.0,0.0,0.0,0.0,,0.0,-0.0,0.0,0.0,,0.0,0.0,6719.7830000004615,0.0,3.0,-1.0,,,,0.0,0.0,1.0,48.0,48.0,17.0,0.0,0.0,17.0,-17.0,-0.12408759124087591,60.0,77.0,21.0,27.0,0.7792207792207793,0.0,0.0,6719.7830000004615,27.0,27.0,0.0,2.2222222222222223,2.8518518518518516,14.999999999417923,15.0,52.0
2024-08-08,LB_20240808_093753_SELL_0001,discovery,A_TRUE_ABSORPTION,2024-08-08 13:37:54.045415900+00:00,2024-08-08T13:37:53.0000000Z,2024-08-08T13:37:54.0266060Z,SELL,18165.0,18203.75,34674.045415,34673.0,34674.026606,1.0,1.0,1.0,130859.0,20111.0,1.0,16.0,16.0,24.0,0.0,0.0,43.0,-24.0,-0.3076923076923077,27.0,51.0,5.0,10.0,0.5294117647058824,0.0,0.0,87.41500000178348,7.0,1.0,0.75,3.857142857142857,7.285714285714286,60.00000000494765,4.0,8.0,1.0,18.0,18.0,26.0,0.0,0.0,43.0,-26.0,-0.325,27.0,53.0,5.0,12.0,0.5094339622641509,0.0,0.0,87.41500000178348,7.0,1.0,0.75,3.857142857142857,7.571428571428571,60.00000000494765,4.0,8.0,1.0,24.0,24.0,19.0,0.0,0.0,43.0,-19.0,-0.21839080459770116,34.0,53.0,10.0,12.0,0.6415094339622641,0.0,0.0,87.41500000178348,7.0,1.0,0.75,4.857142857142857,7.571428571428571,60.00000000494765,4.0,8.0,1.0,31.0,31.0,46.0,0.0,0.0,46.0,-46.0,-0.39655172413793105,35.0,81.0,11.0,18.0,0.43209876543209874,0.0,0.0,87.41500000178348,7.0,1.0,0.75,5.0,11.571428571428571,60.00000000494765,4.0,8.0,1.0,0.0,0.0,0.0,0.0,0.0,0.0,0.0,,0.0,-0.0,0.0,0.0,,0.0,0.0,38182.41500000295,0.0,0.0,,,,,0.0,0.0,1.0,0.0,0.0,0.0,0.0,0.0,0.0,0.0,,0.0,-0.0,0.0,0.0,,0.0,0.0,38182.41500000295,0.0,0.0,,,,,0.0,0.0,1.0,0.0,0.0,0.0,0.0,0.0,0.0,0.0,,0.0,-0.0,0.0,0.0,,0.0,0.0,38182.41500000295,0.0,0.0,,,,,0.0,0.0,1.0,0.0,0.0,0.0,0.0,0.0,0.0,0.0,,0.0,-0.0,0.0,0.0,,0.0,0.0,38182.41500000295,0.0,0.0,,,,,0.0,0.0
2024-08-13,LB_20240813_093126_BUY_0001,discovery,B_CLEAN_BREAKOUT,2024-08-13 13:31:27.070102+00:00,2024-08-13T13:31:26.0000000Z,2024-08-13T13:31:27.0512929Z,BUY,18851.25,18845.0,34287.070102,34286.0,34287.051292,1.0,1.0,1.0,27111.0,4916.0,1.0,10.0,10.0,32.0,7.0,7.0,33.0,-25.0,-0.8620689655172413,2.0,27.0,2.0,5.0,0.07407407407407407,0.0,1.0,0.10199999815085903,16.0,8.0,0.3333333333333333,0.125,1.6875,55.00000000029104,1.0,1.0,1.0,16.0,16.0,30.0,7.0,7.0,50.0,-23.0,-0.22772277227722773,39.0,62.0,6.0,7.0,0.6290322580645161,0.0,1.0,0.10199999815085903,16.0,8.0,0.3333333333333333,2.4375,3.875,55.00000000029104,1.0,1.0,1.0,23.0,23.0,31.0,7.0,7.0,51.0,-24.0,-0.13793103448275862,75.0,99.0,9.0,10.0,0.7575757575757576,0.0,1.0,0.10199999815085903,16.0,8.0,0.3333333333333333,4.6875,6.1875,55.00000000029104,1.0,1.0,1.0,42.0,42.0,49.0,7.0,7.0,53.0,-42.0,-0.14189189189189189,127.0,169.0,21.0,16.0,0.7514792899408284,0.0,1.0,0.10199999815085903,16.0,8.0,0.3333333333333333,7.9375,10.5625,55.00000000029104,1.0,1.0,1.0,6.0,6.0,9.0,0.0,0.0,11.0,-9.0,-0.42857142857142855,6.0,15.0,3.0,3.0,0.4,0.0,0.0,756.1019999993732,10.0,8.0,0.1111111111111111,0.6,1.5,67.99999999930151,3.0,6.0,1.0,12.0,12.0,42.0,0.0,0.0,42.0,-42.0,-0.7777777777777778,6.0,48.0,3.0,8.0,0.125,0.0,0.0,756.1019999993732,19.0,10.0,0.3103448275862069,0.3157894736842105,2.526315789473684,169.99999999825377,3.0,6.0,1.0,21.0,21.0,38.0,0.0,0.0,42.0,-38.0,-0.5277777777777778,17.0,55.0,9.0,11.0,0.3090909090909091,0.0,0.0,756.1019999993732,19.0,10.0,0.3103448275862069,0.8947368421052632,2.8947368421052633,169.99999999825377,3.0,6.0,1.0,49.0,49.0,38.0,0.0,0.0,52.0,-38.0,-0.30158730158730157,44.0,82.0,16.0,24.0,0.5365853658536586,0.0,0.0,756.1019999993732,19.0,10.0,0.3103448275862069,2.3157894736842106,4.315789473684211,169.99999999825377,3.0,6.0
2024-08-14,LB_20240814_093352_SELL_0001,discovery,A_TRUE_ABSORPTION,2024-08-14 13:33:53.036680900+00:00,2024-08-14T13:33:52.0000000Z,2024-08-14T13:33:53.0083490Z,SELL,19117.5,19128.75,34433.03668,34432.0,34433.008349,1.0,1.0,1.0,65345.0,11227.0,1.0,9.0,9.0,70.0,0.0,0.0,70.0,-70.0,-1.0,0.0,70.0,0.0,7.0,0.0,0.0,0.0,323.67999999405583,17.0,10.0,0.25925925925925924,0.0,4.117647058823529,,0.0,0.0,1.0,19.0,19.0,59.0,0.0,0.0,74.0,-59.0,-0.4796747967479675,32.0,91.0,6.0,11.0,0.3516483516483517,0.0,0.0,323.67999999405583,17.0,10.0,0.25925925925925924,1.8823529411764706,5.352941176470588,,0.0,0.0,1.0,30.0,30.0,71.0,0.0,0.0,80.0,-71.0,-0.4409937888198758,45.0,116.0,10.0,15.0,0.3879310344827586,0.0,0.0,323.67999999405583,17.0,10.0,0.25925925925925924,2.6470588235294117,6.823529411764706,,0.0,0.0,1.0,36.0,36.0,49.0,0.0,0.0,80.0,-49.0,-0.2620320855614973,69.0,118.0,14.0,17.0,0.5847457627118644,0.0,0.0,323.67999999405583,17.0,10.0,0.25925925925925924,4.0588235294117645,6.9411764705882355,,0.0,0.0,1.0,0.0,0.0,0.0,0.0,0.0,0.0,0.0,,0.0,-0.0,0.0,0.0,,0.0,0.0,3370.679999999993,0.0,0.0,,,,,0.0,0.0,1.0,0.0,0.0,0.0,0.0,0.0,0.0,0.0,,0.0,-0.0,0.0,0.0,,0.0,0.0,3370.679999999993,0.0,0.0,,,,,0.0,0.0,1.0,25.0,25.0,17.0,0.0,0.0,20.0,-17.0,-0.2786885245901639,22.0,39.0,8.0,10.0,0.5641025641025641,0.0,0.0,3370.679999999993,33.0,11.0,0.5,0.6666666666666666,1.1818181818181819,335.99999999569263,1.0,2.0,1.0,49.0,49.0,26.0,0.0,0.0,40.0,-26.0,-0.203125,51.0,77.0,19.0,19.0,0.6623376623376623,0.0,0.0,3370.679999999993,33.0,11.0,0.5,1.5454545454545454,2.3333333333333335,335.99999999569263,1.0,2.0
2024-08-15,LB_20240815_093200_BUY_0001,validation,C_MIXED_PATH,2024-08-15 13:32:01.085180+00:00,2024-08-15T13:32:00.0000000Z,2024-08-15T13:32:01.0327049Z,BUY,19375.0,19367.5,34321.08518,34320.0,34321.032704,1.0,1.0,1.0,40845.0,7388.0,1.0,12.0,12.0,66.0,0.0,0.0,66.0,-66.0,-0.868421052631579,5.0,71.0,4.0,7.0,0.07042253521126761,0.0,0.0,105.17999999865424,54.0,12.0,0.6363636363636364,0.09259259259259259,1.3148148148148149,14.999999999417923,4.0,5.0,1.0,23.0,23.0,58.0,0.0,0.0,69.0,-58.0,-0.58,21.0,79.0,8.0,10.0,0.26582278481012656,0.0,0.0,105.17999999865424,54.0,12.0,0.6363636363636364,0.3888888888888889,1.462962962962963,14.999999999417923,4.0,5.0,1.0,37.0,37.0,66.0,0.0,0.0,104.0,-66.0,-0.33,67.0,133.0,14.0,17.0,0.5037593984962406,0.0,0.0,105.17999999865424,54.0,12.0,0.6363636363636364,1.2407407407407407,2.462962962962963,14.999999999417923,4.0,5.0,1.0,69.0,69.0,57.0,0.0,0.0,104.0,-57.0,-0.12101910828025478,207.0,264.0,29.0,33.0,0.7840909090909091,0.0,0.0,105.17999999865424,54.0,12.0,0.6363636363636364,3.8333333333333335,4.888888888888889,14.999999999417923,4.0,5.0,1.0,0.0,0.0,0.0,0.0,0.0,0.0,0.0,,0.0,-0.0,0.0,0.0,,0.0,0.0,1288.1800000031944,0.0,0.0,,,,,0.0,0.0,1.0,25.0,25.0,38.0,0.0,0.0,43.0,-38.0,-0.30158730158730157,44.0,82.0,11.0,12.0,0.5365853658536586,0.0,0.0,1288.1800000031944,30.0,18.0,0.25,1.4666666666666666,2.7333333333333334,184.9999999976717,10.0,39.0,1.0,40.0,40.0,50.0,0.0,0.0,56.0,-50.0,-0.3048780487804878,57.0,107.0,16.0,22.0,0.5327102803738317,0.0,0.0,1288.1800000031944,30.0,18.0,0.25,1.9,3.566666666666667,184.9999999976717,10.0,39.0,1.0,69.0,69.0,54.0,0.0,0.0,56.0,-54.0,-0.21951219512195122,96.0,150.0,31.0,34.0,0.64,0.0,0.0,1288.1800000031944,30.0,18.0,0.25,3.2,5.0,184.9999999976717,10.0,39.0
2024-08-20,LB_20240820_093307_BUY_0001,validation,B_CLEAN_BREAKOUT,2024-08-20 13:33:08.114091900+00:00,2024-08-20T13:33:07.0000000Z,2024-08-20T13:33:08.0413509Z,BUY,19851.25,19837.5,34388.114091,34387.0,34388.04135,1.0,1.0,1.0,46796.0,9508.0,1.0,7.0,7.0,50.0,29.0,23.0,51.0,-21.0,-0.5675675675675675,8.0,29.0,4.0,3.0,0.27586206896551724,6.0,1.0,52.09100000502076,18.0,1.0,0.8947368421052632,0.4444444444444444,1.6111111111111112,78.00000000133878,2.0,6.0,1.0,16.0,16.0,50.0,29.0,23.0,51.0,-21.0,-0.44680851063829785,13.0,34.0,8.0,7.0,0.38235294117647056,6.0,1.0,52.09100000502076,18.0,1.0,0.8947368421052632,0.7222222222222222,1.8888888888888888,78.00000000133878,2.0,6.0,1.0,20.0,20.0,64.0,29.0,23.0,66.0,-35.0,-0.5384615384615384,15.0,50.0,9.0,9.0,0.3,6.0,1.0,52.09100000502076,18.0,1.0,0.8947368421052632,0.8333333333333334,2.7777777777777777,78.00000000133878,2.0,6.0,1.0,44.0,44.0,72.0,29.0,23.0,76.0,-43.0,-0.27044025157232704,58.0,101.0,18.0,20.0,0.5742574257425742,6.0,1.0,52.09100000502076,18.0,1.0,0.8947368421052632,3.2222222222222223,5.611111111111111,78.00000000133878,2.0,6.0,1.0,0.0,0.0,0.0,0.0,0.0,0.0,0.0,,0.0,-0.0,0.0,0.0,,0.0,0.0,8996.091000000888,0.0,0.0,,,,,0.0,0.0,1.0,0.0,0.0,0.0,0.0,0.0,0.0,0.0,,0.0,-0.0,0.0,0.0,,0.0,0.0,8996.091000000888,0.0,0.0,,,,,0.0,0.0,1.0,0.0,0.0,0.0,0.0,0.0,0.0,0.0,,0.0,-0.0,0.0,0.0,,0.0,0.0,8996.091000000888,0.0,0.0,,,,,0.0,0.0,1.0,20.0,20.0,0.0,0.0,0.0,18.0,0.0,0.0,27.0,27.0,7.0,7.0,1.0,0.0,0.0,8996.091000000888,14.0,24.0,-0.2631578947368421,1.9285714285714286,1.9285714285714286,4.999999997380655,7.0,27.0
2024-08-29,LB_20240829_093133_BUY_0001,validation,B_CLEAN_BREAKOUT,2024-08-29 13:31:34.071281900+00:00,2024-08-29T13:31:33.0000000Z,2024-08-29T13:31:34.0168820Z,BUY,19520.0,19510.0,34294.071281,34293.0,34294.016882,1.0,1.0,1.0,35991.0,6512.0,1.0,9.0,9.0,60.0,0.0,0.0,61.0,-60.0,-0.8571428571428571,5.0,65.0,3.0,4.0,0.07692307692307693,0.0,0.0,17.281000000366475,49.0,10.0,0.6610169491525424,0.10204081632653061,1.3265306122448979,152.9999999984284,2.0,4.0,1.0,18.0,18.0,54.0,0.0,0.0,61.0,-54.0,-0.34615384615384615,51.0,105.0,9.0,7.0,0.4857142857142857,0.0,0.0,17.281000000366475,49.0,10.0,0.6610169491525424,1.0408163265306123,2.142857142857143,152.9999999984284,2.0,4.0,1.0,25.0,25.0,35.0,0.0,0.0,61.0,-35.0,-0.1912568306010929,74.0,109.0,13.0,10.0,0.6788990825688074,0.0,0.0,17.281000000366475,49.0,10.0,0.6610169491525424,1.510204081632653,2.2244897959183674,152.9999999984284,2.0,4.0,1.0,29.0,29.0,31.0,0.0,0.0,61.0,-31.0,-0.164021164021164,79.0,110.0,16.0,11.0,0.7181818181818181,0.0,0.0,17.281000000366475,49.0,10.0,0.6610169491525424,1.6122448979591837,2.2448979591836733,152.9999999984284,2.0,4.0,1.0,0.0,0.0,0.0,0.0,0.0,0.0,0.0,,0.0,-0.0,0.0,0.0,,0.0,0.0,1170.2809999987949,0.0,0.0,,,,,0.0,0.0,1.0,35.0,35.0,23.0,0.0,0.0,25.0,-23.0,-0.12849162011173185,78.0,101.0,16.0,17.0,0.7722772277227723,0.0,0.0,1170.2809999987949,50.0,20.0,0.42857142857142855,1.56,2.02,78.00000000133878,13.0,75.0,1.0,55.0,55.0,40.0,0.0,0.0,57.0,-40.0,-0.14388489208633093,119.0,159.0,25.0,25.0,0.7484276729559748,0.0,0.0,1170.2809999987949,52.0,20.0,0.4444444444444444,2.2884615384615383,3.0576923076923075,52.00000000331784,21.0,91.0,1.0,76.0,76.0,55.0,0.0,0.0,60.0,-55.0,-0.1421188630490956,166.0,221.0,35.0,34.0,0.751131221719457,0.0,0.0,1170.2809999987949,52.0,20.0,0.4444444444444444,3.1923076923076925,4.25,52.00000000331784,21.0,91.0
2024-09-03,LB_20240903_093100_SELL_0001,validation,C_MIXED_PATH,2024-09-03 13:31:01.107093+00:00,2024-09-03T13:31:00.0000000Z,2024-09-03T13:31:01.0543939Z,SELL,19436.25,19450.0,34261.107093,34260.0,34261.054393,1.0,1.0,1.0,22680.0,5392.0,1.0,9.0,9.0,37.0,0.0,0.0,37.0,-37.0,-0.9024390243902439,2.0,39.0,1.0,8.0,0.05128205128205128,0.0,0.0,402.0929999969667,37.0,27.0,0.15625,0.05405405405405406,1.054054054054054,,0.0,0.0,1.0,10.0,10.0,35.0,0.0,0.0,37.0,-35.0,-0.813953488372093,4.0,39.0,2.0,8.0,0.10256410256410256,0.0,0.0,402.0929999969667,37.0,27.0,0.15625,0.10810810810810811,1.054054054054054,,0.0,0.0,1.0,18.0,18.0,31.0,0.0,0.0,37.0,-31.0,-0.6078431372549019,10.0,41.0,7.0,10.0,0.24390243902439024,0.0,0.0,402.0929999969667,37.0,27.0,0.15625,0.2702702702702703,1.1081081081081081,,0.0,0.0,1.0,24.0,24.0,30.0,0.0,0.0,37.0,-30.0,-0.5172413793103449,14.0,44.0,11.0,12.0,0.3181818181818182,0.0,0.0,402.0929999969667,37.0,27.0,0.15625,0.3783783783783784,1.1891891891891893,,0.0,0.0,1.0,2.0,2.0,34.0,0.0,0.0,34.0,-34.0,-1.0,0.0,34.0,0.0,2.0,0.0,0.0,0.0,893.0929999987711,29.0,8.0,0.5675675675675675,0.0,1.1724137931034482,,0.0,0.0,1.0,15.0,15.0,30.0,0.0,0.0,42.0,-30.0,-0.4411764705882353,19.0,49.0,8.0,7.0,0.3877551020408163,0.0,0.0,893.0929999987711,29.0,8.0,0.5675675675675675,0.6551724137931034,1.6896551724137931,,0.0,0.0,1.0,39.0,39.0,52.0,0.0,0.0,53.0,-52.0,-0.29545454545454547,62.0,114.0,20.0,17.0,0.543859649122807,0.0,0.0,893.0929999987711,55.0,12.0,0.6417910447761194,1.1272727272727272,2.0727272727272728,72.99999999668216,19.0,61.0,1.0,84.0,84.0,81.0,0.0,0.0,81.0,-81.0,-0.26557377049180325,112.0,193.0,39.0,35.0,0.5803108808290155,0.0,0.0,893.0929999987711,55.0,12.0,0.6417910447761194,2.036363636363636,3.5090909090909093,72.99999999668216,19.0,61.0
2024-09-16,LB_20240916_093207_SELL_0001,validation,C_MIXED_PATH,2024-09-16 13:32:08.024535+00:00,2024-09-16T13:32:07.0000000Z,2024-09-16T13:32:08.0098870Z,SELL,19628.75,19640.0,34328.024535,34327.0,34328.009887,1.0,1.0,1.0,39546.0,6040.0,1.0,13.0,13.0,48.0,0.0,0.0,48.0,-48.0,-0.6486486486486487,13.0,61.0,5.0,7.0,0.21311475409836064,0.0,0.0,20.534999996016268,16.0,11.0,0.18518518518518517,0.8125,3.8125,313.00000000192085,1.0,2.0,1.0,21.0,21.0,23.0,0.0,0.0,48.0,-23.0,-0.22330097087378642,40.0,63.0,11.0,8.0,0.6349206349206349,0.0,0.0,20.534999996016268,16.0,11.0,0.18518518518518517,2.5,3.9375,313.00000000192085,1.0,2.0,1.0,21.0,21.0,23.0,0.0,0.0,48.0,-23.0,-0.22330097087378642,40.0,63.0,11.0,8.0,0.6349206349206349,0.0,0.0,20.534999996016268,16.0,11.0,0.18518518518518517,2.5,3.9375,313.00000000192085,1.0,2.0,1.0,41.0,41.0,29.0,0.0,0.0,48.0,-29.0,-0.17791411042944785,67.0,96.0,19.0,19.0,0.6979166666666666,0.0,0.0,20.534999996016268,16.0,11.0,0.18518518518518517,4.1875,6.0,313.00000000192085,1.0,2.0,1.0,0.0,0.0,0.0,0.0,0.0,0.0,0.0,,0.0,-0.0,0.0,0.0,,0.0,0.0,1571.5349999954924,0.0,0.0,,,,,0.0,0.0,1.0,14.0,14.0,42.0,0.0,0.0,42.0,-42.0,-0.45652173913043476,25.0,67.0,7.0,7.0,0.373134328358209,0.0,0.0,1571.5349999954924,6.0,13.0,-0.3684210526315789,4.166666666666667,11.166666666666666,91.00000000034925,4.0,20.0,1.0,29.0,29.0,37.0,0.0,0.0,42.0,-37.0,-0.26618705035971224,51.0,88.0,16.0,10.0,0.5795454545454546,0.0,0.0,1571.5349999954924,6.0,13.0,-0.3684210526315789,8.5,14.666666666666666,91.00000000034925,4.0,20.0,1.0,51.0,51.0,56.0,0.0,0.0,58.0,-56.0,-0.26666666666666666,77.0,133.0,26.0,22.0,0.5789473684210527,0.0,0.0,1571.5349999954924,6.0,13.0,-0.3684210526315789,12.833333333333334,22.166666666666668,91.00000000034925,4.0,20.0
2024-09-24,LB_20240924_093220_SELL_0001,validation,C_MIXED_PATH,2024-09-24 13:32:21.057134+00:00,2024-09-24T13:32:20.0000000Z,2024-09-24T13:32:21.0019980Z,SELL,20112.5,20132.5,34341.057134,34340.0,34341.001998,1.0,1.0,1.0,38870.0,6929.0,1.0,8.0,8.0,44.0,0.0,0.0,44.0,-44.0,-0.7857142857142857,6.0,50.0,2.0,5.0,0.12,0.0,0.0,238.13399999926332,76.0,42.0,0.288135593220339,0.07894736842105263,0.6578947368421053,102.00000000622822,1.0,1.0,1.0,15.0,15.0,44.0,0.0,0.0,46.0,-44.0,-0.5945945945945946,15.0,59.0,6.0,7.0,0.2542372881355932,0.0,0.0,238.13399999926332,76.0,42.0,0.288135593220339,0.19736842105263158,0.7763157894736842,102.00000000622822,1.0,1.0,1.0,17.0,17.0,37.0,0.0,0.0,46.0,-37.0,-0.4567901234567901,22.0,59.0,7.0,7.0,0.3728813559322034,0.0,0.0,238.13399999926332,76.0,42.0,0.288135593220339,0.2894736842105263,0.7763157894736842,102.00000000622822,1.0,1.0,1.0,29.0,29.0,43.0,0.0,0.0,51.0,-43.0,-0.2925170068027211,52.0,95.0,13.0,12.0,0.5473684210526316,0.0,0.0,238.13399999926332,76.0,42.0,0.288135593220339,0.6842105263157895,1.25,102.00000000622822,1.0,1.0,1.0,0.0,0.0,0.0,0.0,0.0,0.0,0.0,,0.0,-0.0,0.0,0.0,,0.0,0.0,41578.13400000305,0.0,0.0,,,,,0.0,0.0,1.0,0.0,0.0,0.0,0.0,0.0,0.0,0.0,,0.0,-0.0,0.0,0.0,,0.0,0.0,41578.13400000305,0.0,0.0,,,,,0.0,0.0,1.0,0.0,0.0,0.0,0.0,0.0,0.0,0.0,,0.0,-0.0,0.0,0.0,,0.0,0.0,41578.13400000305,0.0,0.0,,,,,0.0,0.0,1.0,0.0,0.0,0.0,0.0,0.0,0.0,0.0,,0.0,-0.0,0.0,0.0,,0.0,0.0,41578.13400000305,0.0,0.0,,,,,0.0,0.0
2024-09-25,LB_20240925_093353_BUY_0001,validation,B_CLEAN_BREAKOUT,2024-09-25 13:33:54.095236+00:00,2024-09-25T13:33:53.0000000Z,2024-09-25T13:33:54.0789249Z,BUY,20186.25,20166.25,34434.095236,34433.0,34434.078924,1.0,1.0,1.0,53851.0,10463.0,1.0,22.0,22.0,35.0,0.0,0.0,35.0,-35.0,-0.4794520547945205,19.0,54.0,7.0,12.0,0.35185185185185186,0.0,0.0,0.23599999985890463,35.0,22.0,0.22807017543859648,0.5428571428571428,1.542857142857143,148.00000000104774,6.0,18.0,1.0,25.0,25.0,36.0,0.0,0.0,41.0,-36.0,-0.42857142857142855,24.0,60.0,8.0,14.0,0.4,0.0,0.0,0.23599999985890463,35.0,22.0,0.22807017543859648,0.6857142857142857,1.7142857142857142,148.00000000104774,6.0,18.0,1.0,31.0,31.0,41.0,0.0,0.0,42.0,-41.0,-0.41414141414141414,29.0,70.0,10.0,16.0,0.4142857142857143,0.0,0.0,0.23599999985890463,35.0,22.0,0.22807017543859648,0.8285714285714286,2.0,148.00000000104774,6.0,18.0,1.0,59.0,59.0,40.0,0.0,0.0,42.0,-40.0,-0.2702702702702703,54.0,94.0,23.0,25.0,0.574468085106383,0.0,0.0,0.23599999985890463,35.0,22.0,0.22807017543859648,1.542857142857143,2.6857142857142855,148.00000000104774,6.0,18.0,1.0,0.0,0.0,0.0,0.0,0.0,0.0,0.0,,0.0,-0.0,0.0,0.0,,0.0,0.0,39809.236000000965,0.0,0.0,,,,,0.0,0.0,1.0,0.0,0.0,0.0,0.0,0.0,0.0,0.0,,0.0,-0.0,0.0,0.0,,0.0,0.0,39809.236000000965,0.0,0.0,,,,,0.0,0.0,1.0,0.0,0.0,0.0,0.0,0.0,0.0,0.0,,0.0,-0.0,0.0,0.0,,0.0,0.0,39809.236000000965,0.0,0.0,,,,,0.0,0.0,1.0,0.0,0.0,0.0,0.0,0.0,0.0,0.0,,0.0,-0.0,0.0,0.0,,0.0,0.0,39809.236000000965,0.0,0.0,,,,,0.0,0.0
2024-10-01,LB_20241001_093239_SELL_0001,validation,C_MIXED_PATH,2024-10-01 13:32:40.072322900+00:00,2024-10-01T13:32:39.0000000Z,2024-10-01T13:32:40.0002490Z,SELL,20220.0,20248.75,34360.072322,34359.0,34360.000249,1.0,1.0,1.0,42541.0,8258.0,1.0,12.0,12.0,46.0,0.0,0.0,47.0,-46.0,-0.3770491803278688,38.0,84.0,5.0,7.0,0.4523809523809524,0.0,0.0,135.32200000190642,92.0,82.0,0.05747126436781609,0.41304347826086957,0.9130434782608695,150.99999999802094,4.0,37.0,1.0,14.0,14.0,44.0,0.0,0.0,47.0,-44.0,-0.3548387096774194,40.0,84.0,7.0,7.0,0.47619047619047616,0.0,0.0,135.32200000190642,92.0,82.0,0.05747126436781609,0.43478260869565216,0.9130434782608695,150.99999999802094,4.0,37.0,1.0,15.0,15.0,43.0,0.0,0.0,47.0,-43.0,-0.344,41.0,84.0,8.0,7.0,0.4880952380952381,0.0,0.0,135.32200000190642,92.0,82.0,0.05747126436781609,0.44565217391304346,0.9130434782608695,150.99999999802094,4.0,37.0,1.0,27.0,27.0,61.0,0.0,0.0,63.0,-61.0,-0.3885350318471338,48.0,109.0,14.0,13.0,0.44036697247706424,0.0,0.0,135.32200000190642,92.0,82.0,0.05747126436781609,0.5217391304347826,1.184782608695652,150.99999999802094,4.0,37.0,1.0,0.0,0.0,0.0,0.0,0.0,0.0,0.0,,0.0,-0.0,0.0,0.0,,0.0,0.0,35522.321999997075,0.0,0.0,,,,,0.0,0.0,1.0,0.0,0.0,0.0,0.0,0.0,0.0,0.0,,0.0,-0.0,0.0,0.0,,0.0,0.0,35522.321999997075,0.0,0.0,,,,,0.0,0.0,1.0,0.0,0.0,0.0,0.0,0.0,0.0,0.0,,0.0,-0.0,0.0,0.0,,0.0,0.0,35522.321999997075,0.0,0.0,,,,,0.0,0.0,1.0,0.0,0.0,0.0,0.0,0.0,0.0,0.0,,0.0,-0.0,0.0,0.0,,0.0,0.0,35522.321999997075,0.0,0.0,,,,,0.0,0.0
2024-10-02,LB_20241002_093232_SELL_0001,validation,B_CLEAN_BREAKOUT,2024-10-02 13:32:33.065570900+00:00,2024-10-02T13:32:32.0000000Z,2024-10-02T13:32:33.0172850Z,SELL,19960.0,19921.25,34353.06557,34352.0,34353.017285,1.0,1.0,1.0,49434.0,8804.0,1.0,13.0,13.0,33.0,2.0,0.0,33.0,-31.0,-0.49206349206349204,16.0,47.0,4.0,7.0,0.3404255319148936,2.0,1.0,40.56999999738764,61.0,5.0,0.8484848484848485,0.26229508196721313,0.7704918032786885,131.00000000122236,4.0,16.0,1.0,28.0,28.0,32.0,2.0,0.0,46.0,-30.0,-0.2631578947368421,42.0,72.0,13.0,13.0,0.5833333333333334,2.0,1.0,40.56999999738764,61.0,5.0,0.8484848484848485,0.6885245901639344,1.180327868852459,131.00000000122236,4.0,16.0,1.0,38.0,38.0,23.0,2.0,0.0,46.0,-21.0,-0.14482758620689656,62.0,83.0,20.0,16.0,0.7469879518072289,2.0,1.0,40.56999999738764,61.0,5.0,0.8484848484848485,1.0163934426229508,1.360655737704918,131.00000000122236,4.0,16.0,1.0,72.0,71.0,,2.0,0.0,46.0,,-0.02877697841726619,135.0,143.0,37.0,28.0,0.9440559440559441,2.0,1.0,40.56999999738764,78.0,36.0,0.3684210526315789,1.7307692307692308,1.8333333333333333,2118.9999999987776,37.0,135.0,1.0,0.0,0.0,10.0,10.0,10.0,10.0,0.0,,0.0,-0.0,0.0,0.0,,0.0,1.0,1324.5699999970384,0.0,0.0,,,,,0.0,0.0,1.0,7.0,7.0,10.0,10.0,10.0,11.0,0.0,0.0,3.0,3.0,3.0,3.0,1.0,0.0,1.0,1324.5699999970384,0.0,0.0,,,,,0.0,0.0,1.0,7.0,7.0,10.0,10.0,10.0,11.0,0.0,0.0,3.0,3.0,3.0,3.0,1.0,0.0,1.0,1324.5699999970384,0.0,0.0,,,,,0.0,0.0,1.0,8.0,8.0,11.0,10.0,10.0,11.0,-1.0,-0.14285714285714285,3.0,4.0,3.0,4.0,0.75,0.0,1.0,1324.5699999970384,0.0,0.0,,,,,0.0,0.0
2024-10-03,LB_20241003_093718_SELL_0001,validation,A_TRUE_ABSORPTION,2024-10-03 13:37:19.012471+00:00,2024-10-03T13:37:18.0000000Z,2024-10-03T13:37:19.0081570Z,SELL,19960.0,19907.5,34639.012471,34638.0,34639.008157,1.0,1.0,1.0,105983.0,17345.0,1.0,5.0,5.0,38.0,0.0,0.0,48.0,-38.0,-0.6551724137931034,10.0,48.0,2.0,3.0,0.20833333333333334,0.0,0.0,72.47099999949569,62.0,17.0,0.569620253164557,0.16129032258064516,0.7741935483870968,,0.0,0.0,1.0,17.0,17.0,44.0,0.0,0.0,48.0,-44.0,-0.5116279069767442,21.0,65.0,5.0,9.0,0.3230769230769231,0.0,0.0,72.47099999949569,62.0,17.0,0.569620253164557,0.3387096774193548,1.0483870967741935,,0.0,0.0,1.0,23.0,23.0,39.0,0.0,0.0,48.0,-39.0,-0.4105263157894737,28.0,67.0,9.0,11.0,0.417910447761194,0.0,0.0,72.47099999949569,62.0,17.0,0.569620253164557,0.45161290322580644,1.0806451612903225,,0.0,0.0,1.0,46.0,46.0,44.0,0.0,0.0,51.0,-44.0,-0.28205128205128205,56.0,100.0,18.0,21.0,0.56,0.0,0.0,72.47099999949569,62.0,17.0,0.569620253164557,0.9032258064516129,1.6129032258064515,,0.0,0.0,1.0,0.0,0.0,11.0,11.0,11.0,11.0,0.0,,0.0,-0.0,0.0,0.0,,0.0,1.0,13409.47099999903,0.0,0.0,,,,,0.0,0.0,1.0,0.0,0.0,11.0,11.0,11.0,11.0,0.0,,0.0,-0.0,0.0,0.0,,0.0,1.0,13409.47099999903,0.0,0.0,,,,,0.0,0.0,1.0,0.0,0.0,11.0,11.0,11.0,11.0,0.0,,0.0,-0.0,0.0,0.0,,0.0,1.0,13409.47099999903,0.0,0.0,,,,,0.0,0.0,1.0,0.0,0.0,11.0,11.0,11.0,11.0,0.0,,0.0,-0.0,0.0,0.0,,0.0,1.0,13409.47099999903,0.0,0.0,,,,,0.0,0.0
2024-10-09,LB_20241009_093503_SELL_0001,validation,A_TRUE_ABSORPTION,2024-10-09 13:35:04.050804+00:00,2024-10-09T13:35:03.0000000Z,2024-10-09T13:35:04.0038159Z,SELL,20250.0,20280.0,34504.050804,34503.0,34504.003815,1.0,1.0,1.0,67675.0,11479.0,1.0,13.0,13.0,55.0,0.0,0.0,55.0,-55.0,-0.6179775280898876,17.0,72.0,3.0,9.0,0.2361111111111111,0.0,0.0,253.80399999994552,59.0,16.0,0.5733333333333334,0.288135593220339,1.2203389830508475,197.99999999668216,1.0,9.0,1.0,30.0,30.0,58.0,0.0,0.0,64.0,-58.0,-0.5,29.0,87.0,13.0,13.0,0.3333333333333333,0.0,0.0,253.80399999994552,59.0,16.0,0.5733333333333334,0.4915254237288136,1.4745762711864407,197.99999999668216,1.0,9.0,1.0,44.0,44.0,53.0,0.0,0.0,64.0,-53.0,-0.381294964028777,43.0,96.0,19.0,18.0,0.4479166666666667,0.0,0.0,253.80399999994552,59.0,16.0,0.5733333333333334,0.7288135593220338,1.6271186440677967,197.99999999668216,1.0,9.0,1.0,60.0,60.0,71.0,0.0,0.0,74.0,-71.0,-0.4011299435028249,53.0,124.0,26.0,25.0,0.4274193548387097,0.0,0.0,253.80399999994552,59.0,16.0,0.5733333333333334,0.8983050847457628,2.1016949152542375,197.99999999668216,1.0,9.0,1.0,0.0,0.0,0.0,0.0,0.0,0.0,0.0,,0.0,-0.0,0.0,0.0,,0.0,0.0,235936.8039999972,0.0,0.0,,,,,0.0,0.0,1.0,0.0,0.0,0.0,0.0,0.0,0.0,0.0,,0.0,-0.0,0.0,0.0,,0.0,0.0,235936.8039999972,0.0,0.0,,,,,0.0,0.0,1.0,0.0,0.0,0.0,0.0,0.0,0.0,0.0,,0.0,-0.0,0.0,0.0,,0.0,0.0,235936.8039999972,0.0,0.0,,,,,0.0,0.0,1.0,0.0,0.0,0.0,0.0,0.0,0.0,0.0,,0.0,-0.0,0.0,0.0,,0.0,0.0,235936.8039999972,0.0,0.0,,,,,0.0,0.0
2024-10-17,LB_20241017_093404_SELL_0001,validation,B_CLEAN_BREAKOUT,2024-10-17 13:34:05.036408+00:00,2024-10-17T13:34:04.0000000Z,2024-10-17T13:34:05.0007710Z,SELL,20498.75,20543.75,34445.036408,34444.0,34445.000771,1.0,1.0,1.0,71197.0,15715.0,1.0,12.0,12.0,34.0,0.0,0.0,36.0,-34.0,-0.7083333333333334,7.0,41.0,3.0,9.0,0.17073170731707318,0.0,0.0,166.40799999731826,11.0,6.0,0.29411764705882354,0.6363636363636364,3.727272727272727,,0.0,0.0,1.0,26.0,26.0,28.0,0.0,0.0,36.0,-28.0,-0.2916666666666667,34.0,62.0,12.0,13.0,0.5483870967741935,0.0,0.0,166.40799999731826,11.0,6.0,0.29411764705882354,3.090909090909091,5.636363636363637,,0.0,0.0,1.0,35.0,35.0,29.0,0.0,0.0,36.0,-29.0,-0.2761904761904762,38.0,67.0,15.0,16.0,0.5671641791044776,0.0,0.0,166.40799999731826,11.0,6.0,0.29411764705882354,3.4545454545454546,6.090909090909091,,0.0,0.0,1.0,48.0,48.0,26.0,0.0,0.0,47.0,-26.0,-0.16049382716049382,68.0,94.0,23.0,21.0,0.723404255319149,0.0,0.0,166.40799999731826,11.0,6.0,0.29411764705882354,6.181818181818182,8.545454545454545,,0.0,0.0,1.0,0.0,0.0,0.0,0.0,0.0,0.0,0.0,,0.0,-0.0,0.0,0.0,,0.0,0.0,91093.40800000064,0.0,0.0,,,,,0.0,0.0,1.0,0.0,0.0,0.0,0.0,0.0,0.0,0.0,,0.0,-0.0,0.0,0.0,,0.0,0.0,91093.40800000064,0.0,0.0,,,,,0.0,0.0,1.0,0.0,0.0,0.0,0.0,0.0,0.0,0.0,,0.0,-0.0,0.0,0.0,,0.0,0.0,91093.40800000064,0.0,0.0,,,,,0.0,0.0,1.0,0.0,0.0,0.0,0.0,0.0,0.0,0.0,,0.0,-0.0,0.0,0.0,,0.0,0.0,91093.40800000064,0.0,0.0,,,,,0.0,0.0
2024-10-22,LB_20241022_093404_BUY_0001,validation,A_TRUE_ABSORPTION,2024-10-22 13:34:05.072155+00:00,2024-10-22T13:34:04.0000000Z,2024-10-22T13:34:05.0259059Z,BUY,20418.75,20417.5,34445.072155,34444.0,34445.025905,1.0,1.0,1.0,76619.0,14684.0,1.0,14.0,14.0,42.0,9.0,0.0,42.0,-33.0,-0.3333333333333333,33.0,66.0,7.0,7.0,0.5,9.0,1.0,0.15500000154133886,73.0,29.0,0.43137254901960786,0.4520547945205479,0.9041095890410958,387.0000000024447,7.0,33.0,1.0,30.0,30.0,44.0,9.0,0.0,51.0,-35.0,-0.2755905511811024,46.0,81.0,13.0,13.0,0.5679012345679012,9.0,1.0,0.15500000154133886,73.0,29.0,0.43137254901960786,0.6301369863013698,1.1095890410958904,387.0000000024447,7.0,33.0,1.0,39.0,39.0,44.0,9.0,0.0,51.0,-35.0,-0.2517985611510791,52.0,87.0,16.0,18.0,0.5977011494252874,9.0,1.0,0.15500000154133886,73.0,29.0,0.43137254901960786,0.7123287671232876,1.1917808219178083,387.0000000024447,7.0,33.0,1.0,54.0,54.0,50.0,9.0,0.0,51.0,-41.0,-0.2546583850931677,60.0,101.0,22.0,25.0,0.594059405940594,9.0,1.0,0.15500000154133886,73.0,29.0,0.43137254901960786,0.821917808219178,1.3835616438356164,387.0000000024447,7.0,33.0,1.0,2.0,2.0,17.0,0.0,0.0,31.0,-17.0,-0.37777777777777777,14.0,31.0,1.0,1.0,0.45161290322580644,0.0,0.0,968.155000002298,30.0,6.0,0.6666666666666666,0.4666666666666667,1.0333333333333334,,0.0,0.0,1.0,16.0,16.0,28.0,0.0,0.0,31.0,-28.0,-0.30434782608695654,32.0,60.0,5.0,9.0,0.5333333333333333,0.0,0.0,968.155000002298,42.0,9.0,0.6470588235294118,0.7619047619047619,1.4285714285714286,127.9999999969732,2.0,29.0,1.0,32.0,32.0,31.0,0.0,0.0,43.0,-31.0,-0.22627737226277372,53.0,84.0,11.0,16.0,0.6309523809523809,0.0,0.0,968.155000002298,42.0,9.0,0.6470588235294118,1.2619047619047619,2.0,127.9999999969732,2.0,29.0,1.0,46.0,46.0,31.0,0.0,0.0,43.0,-31.0,-0.19254658385093168,65.0,96.0,16.0,23.0,0.6770833333333334,0.0,0.0,968.155000002298,42.0,9.0,0.6470588235294118,1.5476190476190477,2.2857142857142856,127.9999999969732,2.0,29.0
2024-10-25,LB_20241025_093239_BUY_0002,validation,C_MIXED_PATH,2024-10-25 13:32:40.054712+00:00,2024-10-25T13:32:39.0000000Z,2024-10-25T13:32:40.0098559Z,BUY,20542.5,20528.75,34360.054712,34359.0,34360.009855,1.0,1.0,1.0,45533.0,13156.0,1.0,9.0,9.0,53.0,0.0,0.0,53.0,-53.0,-0.7681159420289855,8.0,61.0,2.0,5.0,0.13114754098360656,0.0,0.0,64.71199999941746,105.0,79.0,0.14130434782608695,0.0761904761904762,0.580952380952381,61.99999999807915,2.0,8.0,1.0,13.0,13.0,43.0,0.0,0.0,53.0,-43.0,-0.5180722891566265,20.0,63.0,4.0,6.0,0.31746031746031744,0.0,0.0,64.71199999941746,105.0,79.0,0.14130434782608695,0.19047619047619047,0.6,61.99999999807915,2.0,8.0,1.0,17.0,17.0,84.0,0.0,0.0,85.0,-84.0,-0.6666666666666666,21.0,105.0,5.0,8.0,0.2,0.0,0.0,64.71199999941746,105.0,79.0,0.14130434782608695,0.2,1.0,61.99999999807915,2.0,8.0,1.0,27.0,27.0,105.0,0.0,0.0,105.0,-105.0,-0.6862745098039216,24.0,129.0,7.0,13.0,0.18604651162790697,0.0,0.0,64.71199999941746,105.0,79.0,0.14130434782608695,0.22857142857142856,1.2285714285714286,61.99999999807915,2.0,8.0,1.0,0.0,0.0,0.0,0.0,0.0,0.0,0.0,,0.0,-0.0,0.0,0.0,,0.0,0.0,33762.7119999961,0.0,0.0,,,,,0.0,0.0,1.0,0.0,0.0,0.0,0.0,0.0,0.0,0.0,,0.0,-0.0,0.0,0.0,,0.0,0.0,33762.7119999961,0.0,0.0,,,,,0.0,0.0,1.0,0.0,0.0,0.0,0.0,0.0,0.0,0.0,,0.0,-0.0,0.0,0.0,,0.0,0.0,33762.7119999961,0.0,0.0,,,,,0.0,0.0,1.0,0.0,0.0,0.0,0.0,0.0,0.0,0.0,,0.0,-0.0,0.0,0.0,,0.0,0.0,33762.7119999961,0.0,0.0,,,,,0.0,0.0
2024-10-31,LB_20241031_093129_SELL_0001,validation,B_CLEAN_BREAKOUT,2024-10-31 13:31:30.061804900+00:00,2024-10-31T13:31:29.0000000Z,2024-10-31T13:31:30.0107460Z,SELL,20321.25,20330.0,34290.061804,34289.0,34290.010746,1.0,1.0,1.0,39885.0,9312.0,1.0,15.0,15.0,33.0,0.0,0.0,33.0,-33.0,-0.6470588235294118,9.0,42.0,5.0,7.0,0.21428571428571427,0.0,0.0,189.80399999418296,11.0,4.0,0.4666666666666667,0.8181818181818182,3.8181818181818183,27.000000001862645,1.0,3.0,1.0,30.0,30.0,59.0,0.0,0.0,59.0,-59.0,-0.3224043715846995,62.0,121.0,11.0,15.0,0.512396694214876,0.0,0.0,189.80399999418296,11.0,4.0,0.4666666666666667,5.636363636363637,11.0,27.000000001862645,1.0,3.0,1.0,45.0,45.0,37.0,0.0,0.0,59.0,-37.0,-0.137546468401487,116.0,153.0,19.0,19.0,0.7581699346405228,0.0,0.0,189.80399999418296,11.0,4.0,0.4666666666666667,10.545454545454545,13.909090909090908,27.000000001862645,1.0,3.0,1.0,74.0,74.0,55.0,0.0,0.0,59.0,-55.0,-0.15151515151515152,154.0,209.0,30.0,31.0,0.7368421052631579,0.0,0.0,189.80399999418296,11.0,4.0,0.4666666666666667,14.0,19.0,27.000000001862645,1.0,3.0,1.0,0.0,0.0,0.0,0.0,0.0,0.0,0.0,,0.0,-0.0,0.0,0.0,,0.0,0.0,5691.80399999459,0.0,0.0,,,,,0.0,0.0,1.0,0.0,0.0,0.0,0.0,0.0,0.0,0.0,,0.0,-0.0,0.0,0.0,,0.0,0.0,5691.80399999459,0.0,0.0,,,,,0.0,0.0,1.0,0.0,0.0,0.0,0.0,0.0,0.0,0.0,,0.0,-0.0,0.0,0.0,,0.0,0.0,5691.80399999459,1.0,6.0,-0.7142857142857143,0.0,-0.0,,0.0,0.0,1.0,41.0,41.0,54.0,0.0,0.0,72.0,-54.0,-0.20300751879699247,106.0,160.0,17.0,23.0,0.6625,0.0,0.0,5691.80399999459,36.0,43.0,-0.08860759493670886,2.9444444444444446,4.444444444444445,1135.0000000020373,9.0,57.0
2025-03-10,LB_20250310_093118_SELL_0001,validation,A_TRUE_ABSORPTION,2025-03-10 13:31:19.077674400+00:00,2025-03-10T13:31:18.0000000Z,2025-03-10T13:31:19.0021456Z,SELL,19851.25,19857.5,34279.077674,34278.0,34279.002145,1.0,0.0,1.0,0.0,5275.0,,,,,,,,,,,,,,,,,,26.0,16.0,0.23809523809523808,,,,,,,,,,,,,,,,,,,,,,,26.0,16.0,0.23809523809523808,,,,,,,,,,,,,,,,,,,,,,,26.0,16.0,0.23809523809523808,,,,,,,,,,,,,,,,,,,,,,,26.0,16.0,0.23809523809523808,,,,,,,,,,,,,,,,,,,,,,,0.0,3.0,-1.0,,,,,,,,,,,,,,,,,,,,,,,18.0,9.0,0.3333333333333333,,,,,,,,,,,,,,,,,,,,,,,20.0,12.0,0.25,,,,,,,,,,,,,,,,,,,,,,,20.0,12.0,0.25,,,,,
2025-03-13,LB_20250313_093637_SELL_0001,validation,C_MIXED_PATH,2025-03-13 13:36:38.066034+00:00,2025-03-13T13:36:37.0000000Z,2025-03-13T13:36:38.0022900Z,SELL,19505.0,19528.75,34598.066034,34597.0,34598.00229,1.0,1.0,1.0,22348.0,3436.0,1.0,0.0,0.0,12.0,12.0,12.0,12.0,0.0,,0.0,-0.0,0.0,0.0,,0.0,1.0,327678.0340000041,0.0,0.0,,,,,0.0,0.0,1.0,0.0,0.0,12.0,12.0,12.0,12.0,0.0,,0.0,-0.0,0.0,0.0,,0.0,1.0,327678.0340000041,0.0,0.0,,,,,0.0,0.0,1.0,0.0,0.0,12.0,12.0,12.0,12.0,0.0,,0.0,-0.0,0.0,0.0,,0.0,1.0,327678.0340000041,0.0,0.0,,,,,0.0,0.0,1.0,0.0,0.0,12.0,12.0,12.0,12.0,0.0,,0.0,-0.0,0.0,0.0,,0.0,1.0,327678.0340000041,0.0,0.0,,,,,0.0,0.0,1.0,0.0,0.0,16.0,16.0,16.0,16.0,0.0,,0.0,-0.0,0.0,0.0,,0.0,1.0,328519.03400000447,0.0,0.0,,,,,0.0,0.0,1.0,0.0,0.0,16.0,16.0,16.0,16.0,0.0,,0.0,-0.0,0.0,0.0,,0.0,1.0,328519.03400000447,0.0,0.0,,,,,0.0,0.0,1.0,0.0,0.0,16.0,16.0,16.0,16.0,0.0,,0.0,-0.0,0.0,0.0,,0.0,1.0,328519.03400000447,0.0,0.0,,,,,0.0,0.0,1.0,0.0,0.0,16.0,16.0,16.0,16.0,0.0,,0.0,-0.0,0.0,0.0,,0.0,1.0,328519.03400000447,0.0,0.0,,,,,0.0,0.0
2025-03-14,LB_20250314_093341_BUY_0001,validation,B_CLEAN_BREAKOUT,2025-03-14 13:33:42.028606+00:00,2025-03-14T13:33:41.0000000Z,2025-03-14T13:33:42.0047510Z,BUY,19532.5,19490.0,34422.028606,34421.0,34422.004751,1.0,1.0,1.0,25146.0,4942.0,1.0,0.0,0.0,0.0,0.0,0.0,0.0,0.0,,0.0,-0.0,0.0,0.0,,0.0,0.0,152945.60600000113,0.0,0.0,,,,,0.0,0.0,1.0,0.0,0.0,0.0,0.0,0.0,0.0,0.0,,0.0,-0.0,0.0,0.0,,0.0,0.0,152945.60600000113,0.0,0.0,,,,,0.0,0.0,1.0,0.0,0.0,0.0,0.0,0.0,0.0,0.0,,0.0,-0.0,0.0,0.0,,0.0,0.0,152945.60600000113,0.0,0.0,,,,,0.0,0.0,1.0,0.0,0.0,0.0,0.0,0.0,0.0,0.0,,0.0,-0.0,0.0,0.0,,0.0,0.0,152945.60600000113,0.0,0.0,,,,,0.0,0.0,1.0,0.0,0.0,0.0,0.0,0.0,0.0,0.0,,0.0,-0.0,0.0,0.0,,0.0,0.0,159727.60600000038,0.0,0.0,,,,,0.0,0.0,1.0,0.0,0.0,0.0,0.0,0.0,0.0,0.0,,0.0,-0.0,0.0,0.0,,0.0,0.0,159727.60600000038,0.0,0.0,,,,,0.0,0.0,1.0,0.0,0.0,0.0,0.0,0.0,0.0,0.0,,0.0,-0.0,0.0,0.0,,0.0,0.0,159727.60600000038,0.0,0.0,,,,,0.0,0.0,1.0,0.0,0.0,0.0,0.0,0.0,0.0,0.0,,0.0,-0.0,0.0,0.0,,0.0,0.0,159727.60600000038,0.0,0.0,,,,,0.0,0.0
2025-03-17,LB_20250317_093253_BUY_0001,validation,B_CLEAN_BREAKOUT,2025-03-17 13:32:54.013999+00:00,2025-03-17T13:32:53.0000000Z,2025-03-17T13:32:54.0009690Z,BUY,19741.25,19707.5,34374.013999,34373.0,34374.000969,1.0,1.0,1.0,47703.0,4171.0,1.0,10.0,10.0,13.0,0.0,0.0,16.0,-13.0,-0.2653061224489796,18.0,31.0,4.0,5.0,0.5806451612903226,0.0,0.0,198.99900000018533,17.0,1.0,0.8888888888888888,1.0588235294117647,1.8235294117647058,57.00000000069849,4.0,18.0,1.0,16.0,16.0,12.0,0.0,0.0,16.0,-12.0,-0.20689655172413793,23.0,35.0,7.0,7.0,0.6571428571428571,0.0,0.0,198.99900000018533,17.0,1.0,0.8888888888888888,1.3529411764705883,2.0588235294117645,57.00000000069849,4.0,18.0,1.0,28.0,28.0,15.0,0.0,0.0,22.0,-15.0,-0.16483516483516483,38.0,53.0,13.0,12.0,0.7169811320754716,0.0,0.0,198.99900000018533,17.0,1.0,0.8888888888888888,2.235294117647059,3.1176470588235294,57.00000000069849,4.0,18.0,1.0,62.0,62.0,19.0,0.0,0.0,22.0,-19.0,-0.12582781456953643,66.0,85.0,30.0,26.0,0.7764705882352941,0.0,0.0,198.99900000018533,17.0,1.0,0.8888888888888888,3.8823529411764706,5.0,57.00000000069849,4.0,18.0,1.0,0.0,0.0,0.0,0.0,0.0,0.0,0.0,,0.0,-0.0,0.0,0.0,,0.0,0.0,74263.99900000251,0.0,0.0,,,,,0.0,0.0,1.0,0.0,0.0,0.0,0.0,0.0,0.0,0.0,,0.0,-0.0,0.0,0.0,,0.0,0.0,74263.99900000251,0.0,0.0,,,,,0.0,0.0,1.0,0.0,0.0,0.0,0.0,0.0,0.0,0.0,,0.0,-0.0,0.0,0.0,,0.0,0.0,74263.99900000251,0.0,0.0,,,,,0.0,0.0,1.0,0.0,0.0,0.0,0.0,0.0,0.0,0.0,,0.0,-0.0,0.0,0.0,,0.0,0.0,74263.99900000251,0.0,0.0,,,,,0.0,0.0
2025-03-18,LB_20250318_093436_SELL_0001,validation,B_CLEAN_BREAKOUT,2025-03-18 13:34:37.075302+00:00,2025-03-18T13:34:36.0000000Z,2025-03-18T13:34:37.0295330Z,SELL,19851.25,19858.75,34477.075302,34476.0,34477.029533,1.0,1.0,1.0,76312.0,6839.0,1.0,7.0,7.0,23.0,0.0,0.0,23.0,-23.0,-0.8518518518518519,2.0,25.0,2.0,3.0,0.08,0.0,0.0,371.3019999995595,74.0,39.0,0.30973451327433627,0.02702702702702703,0.33783783783783783,,0.0,0.0,1.0,13.0,13.0,22.0,0.0,0.0,23.0,-22.0,-0.7333333333333333,4.0,26.0,4.0,4.0,0.15384615384615385,0.0,0.0,371.3019999995595,74.0,39.0,0.30973451327433627,0.05405405405405406,0.35135135135135137,,0.0,0.0,1.0,23.0,23.0,18.0,0.0,0.0,23.0,-18.0,-0.42857142857142855,12.0,30.0,8.0,8.0,0.4,0.0,0.0,371.3019999995595,74.0,39.0,0.30973451327433627,0.16216216216216217,0.40540540540540543,,0.0,0.0,1.0,40.0,40.0,16.0,0.0,0.0,23.0,-16.0,-0.25806451612903225,23.0,39.0,16.0,14.0,0.5897435897435898,0.0,0.0,371.3019999995595,74.0,39.0,0.30973451327433627,0.3108108108108108,0.527027027027027,,0.0,0.0,1.0,0.0,0.0,0.0,0.0,0.0,0.0,0.0,,0.0,-0.0,0.0,0.0,,0.0,0.0,6144.302000000607,0.0,2.0,-1.0,,,,0.0,0.0,1.0,0.0,0.0,0.0,0.0,0.0,0.0,0.0,,0.0,-0.0,0.0,0.0,,0.0,0.0,6144.302000000607,0.0,2.0,-1.0,,,,0.0,0.0,1.0,0.0,0.0,0.0,0.0,0.0,0.0,0.0,,0.0,-0.0,0.0,0.0,,0.0,0.0,6144.302000000607,0.0,2.0,-1.0,,,,0.0,0.0,1.0,40.0,40.0,0.0,0.0,0.0,26.0,0.0,0.0,45.0,45.0,21.0,15.0,1.0,0.0,0.0,6144.302000000607,8.0,12.0,-0.2,5.625,5.625,73.00000000395812,20.0,43.0
2025-03-27,LB_20250327_093139_BUY_0001,validation,A_TRUE_ABSORPTION,2025-03-27 13:31:40.037505+00:00,2025-03-27T13:31:39.0000000Z,2025-03-27T13:31:40.0049649Z,BUY,20067.5,20045.0,34300.037505,34299.0,34300.004964,1.0,1.0,1.0,28864.0,6988.0,1.0,8.0,8.0,36.0,5.0,0.0,36.0,-31.0,-0.6888888888888889,7.0,38.0,3.0,4.0,0.18421052631578946,5.0,1.0,19.505000003846362,32.0,28.0,0.06666666666666667,0.21875,1.1875,263.9999999955762,2.0,6.0,1.0,16.0,16.0,29.0,5.0,0.0,36.0,-24.0,-0.42857142857142855,16.0,40.0,9.0,6.0,0.4,5.0,1.0,19.505000003846362,32.0,28.0,0.06666666666666667,0.5,1.25,263.9999999955762,2.0,6.0,1.0,23.0,23.0,28.0,5.0,0.0,36.0,-23.0,-0.3333333333333333,23.0,46.0,12.0,9.0,0.5,5.0,1.0,19.505000003846362,32.0,28.0,0.06666666666666667,0.71875,1.4375,263.9999999955762,2.0,6.0,1.0,30.0,30.0,24.0,5.0,0.0,36.0,-19.0,-0.21839080459770116,34.0,53.0,16.0,12.0,0.6415094339622641,5.0,1.0,19.505000003846362,32.0,28.0,0.06666666666666667,1.0625,1.65625,263.9999999955762,2.0,6.0,1.0,0.0,0.0,0.0,0.0,0.0,0.0,0.0,,0.0,-0.0,0.0,0.0,,0.0,0.0,19215.50500000012,0.0,0.0,,,,,0.0,0.0,1.0,0.0,0.0,0.0,0.0,0.0,0.0,0.0,,0.0,-0.0,0.0,0.0,,0.0,0.0,19215.50500000012,0.0,0.0,,,,,0.0,0.0,1.0,0.0,0.0,0.0,0.0,0.0,0.0,0.0,,0.0,-0.0,0.0,0.0,,0.0,0.0,19215.50500000012,0.0,0.0,,,,,0.0,0.0,1.0,0.0,0.0,0.0,0.0,0.0,0.0,0.0,,0.0,-0.0,0.0,0.0,,0.0,0.0,19215.50500000012,0.0,0.0,,,,,0.0,0.0
2025-04-03,LB_20250403_093153_BUY_0001,validation,C_MIXED_PATH,2025-04-03 13:31:54.147548+00:00,2025-04-03T13:31:53.0000000Z,2025-04-03T13:31:54.0354350Z,BUY,19001.25,18998.75,34314.147548,34313.0,34314.035435,1.0,1.0,1.0,36953.0,5999.0,1.0,11.0,11.0,17.0,0.0,0.0,20.0,-17.0,-0.7391304347826086,3.0,20.0,2.0,6.0,0.15,0.0,0.0,153.54800000204705,0.0,1.0,-1.0,,,,0.0,0.0,1.0,16.0,16.0,18.0,0.0,0.0,20.0,-18.0,-0.6923076923076923,4.0,22.0,3.0,8.0,0.18181818181818182,0.0,0.0,153.54800000204705,0.0,1.0,-1.0,,,,0.0,0.0,1.0,31.0,31.0,11.0,0.0,0.0,22.0,-11.0,-0.12941176470588237,37.0,48.0,10.0,15.0,0.7708333333333334,0.0,0.0,153.54800000204705,0.0,1.0,-1.0,,,,0.0,0.0,1.0,44.0,44.0,7.0,0.0,0.0,22.0,-7.0,-0.06666666666666667,49.0,56.0,16.0,20.0,0.875,0.0,0.0,153.54800000204705,0.0,1.0,-1.0,,,,0.0,0.0,1.0,8.0,8.0,20.0,0.0,0.0,21.0,-20.0,-0.7692307692307693,3.0,23.0,2.0,6.0,0.13043478260869565,0.0,0.0,296.5479999984382,0.0,0.0,,,,,0.0,0.0,1.0,14.0,14.0,22.0,0.0,0.0,22.0,-22.0,-0.6111111111111112,7.0,29.0,6.0,8.0,0.2413793103448276,0.0,0.0,296.5479999984382,0.0,0.0,,,,,0.0,0.0,1.0,36.0,36.0,14.0,0.0,0.0,26.0,-14.0,-0.08333333333333333,77.0,91.0,15.0,20.0,0.8461538461538461,0.0,0.0,296.5479999984382,1.0,1.0,0.0,77.0,91.0,69.99999999970896,15.0,77.0,1.0,61.0,61.0,22.0,0.0,0.0,26.0,-22.0,-0.09734513274336283,102.0,124.0,25.0,30.0,0.8225806451612904,0.0,0.0,296.5479999984382,1.0,1.0,0.0,102.0,124.0,69.99999999970896,15.0,77.0
2025-04-21,LB_20250421_093702_SELL_0001,validation,C_MIXED_PATH,2025-04-21 13:37:03.051045900+00:00,2025-04-21T13:37:02.0000000Z,2025-04-21T13:37:03.0044640Z,SELL,18073.75,18125.0,34623.051045,34622.0,34623.004464,1.0,1.0,1.0,88923.0,13785.0,1.0,7.0,7.0,9.0,5.0,0.0,9.0,-4.0,-0.25,6.0,10.0,2.0,3.0,0.6,5.0,1.0,6.045000001904555,15.0,20.0,-0.14285714285714285,0.4,0.6666666666666666,55.00000000029104,1.0,5.0,1.0,12.0,12.0,14.0,5.0,0.0,15.0,-9.0,-0.391304347826087,7.0,16.0,3.0,6.0,0.4375,5.0,1.0,6.045000001904555,15.0,20.0,-0.14285714285714285,0.4666666666666667,1.0666666666666667,55.00000000029104,1.0,5.0,1.0,12.0,12.0,14.0,5.0,0.0,15.0,-9.0,-0.391304347826087,7.0,16.0,3.0,6.0,0.4375,5.0,1.0,6.045000001904555,15.0,20.0,-0.14285714285714285,0.4666666666666667,1.0666666666666667,55.00000000029104,1.0,5.0,1.0,19.0,19.0,16.0,5.0,0.0,17.0,-11.0,-0.3548387096774194,10.0,21.0,4.0,11.0,0.47619047619047616,5.0,1.0,6.045000001904555,15.0,20.0,-0.14285714285714285,0.6666666666666666,1.4,55.00000000029104,1.0,5.0,1.0,0.0,0.0,0.0,0.0,0.0,0.0,0.0,,0.0,-0.0,0.0,0.0,,0.0,0.0,42914.04499999771,0.0,0.0,,,,,0.0,0.0,1.0,0.0,0.0,0.0,0.0,0.0,0.0,0.0,,0.0,-0.0,0.0,0.0,,0.0,0.0,42914.04499999771,0.0,0.0,,,,,0.0,0.0,1.0,0.0,0.0,0.0,0.0,0.0,0.0,0.0,,0.0,-0.0,0.0,0.0,,0.0,0.0,42914.04499999771,0.0,0.0,,,,,0.0,0.0,1.0,0.0,0.0,0.0,0.0,0.0,0.0,0.0,,0.0,-0.0,0.0,0.0,,0.0,0.0,42914.04499999771,0.0,0.0,,,,,0.0,0.0
2025-04-30,LB_20250430_093742_SELL_0001,validation,B_CLEAN_BREAKOUT,2025-04-30 13:37:43.086769900+00:00,2025-04-30T13:37:42.0000000Z,2025-04-30T13:37:43.0383260Z,SELL,19221.25,19236.25,34663.086769,34662.0,34663.038326,1.0,1.0,1.0,123254.0,23252.0,1.0,12.0,12.0,29.0,0.0,0.0,29.0,-29.0,-0.8285714285714286,3.0,32.0,3.0,8.0,0.09375,0.0,0.0,226.76900000078604,16.0,16.0,0.0,0.1875,2.0,,0.0,0.0,1.0,12.0,12.0,29.0,0.0,0.0,29.0,-29.0,-0.8285714285714286,3.0,32.0,3.0,8.0,0.09375,0.0,0.0,226.76900000078604,16.0,16.0,0.0,0.1875,2.0,,0.0,0.0,1.0,14.0,14.0,29.0,0.0,0.0,29.0,-29.0,-0.7837837837837838,4.0,33.0,4.0,9.0,0.12121212121212122,0.0,0.0,226.76900000078604,16.0,16.0,0.0,0.25,2.0625,,0.0,0.0,1.0,18.0,18.0,29.0,0.0,0.0,29.0,-29.0,-0.7073170731707317,6.0,35.0,6.0,11.0,0.17142857142857143,0.0,0.0,226.76900000078604,16.0,16.0,0.0,0.375,2.1875,,0.0,0.0,1.0,0.0,0.0,0.0,0.0,0.0,0.0,0.0,,0.0,-0.0,0.0,0.0,,0.0,0.0,2381.768999999622,0.0,0.0,,,,,0.0,0.0,1.0,8.0,8.0,0.0,0.0,0.0,5.0,0.0,0.0,7.0,7.0,3.0,5.0,1.0,0.0,0.0,2381.768999999622,23.0,48.0,-0.352112676056338,0.30434782608695654,0.30434782608695654,120.99999999918509,3.0,7.0,1.0,12.0,12.0,3.0,0.0,0.0,5.0,-3.0,-0.15789473684210525,8.0,11.0,4.0,8.0,0.7272727272727273,0.0,0.0,2381.768999999622,46.0,66.0,-0.17857142857142858,0.17391304347826086,0.2391304347826087,2137.9999999990105,3.0,7.0,1.0,62.0,62.0,20.0,0.0,0.0,24.0,-20.0,-0.10101010101010101,89.0,109.0,25.0,30.0,0.8165137614678899,0.0,0.0,2381.768999999622,73.0,76.0,-0.020134228187919462,1.2191780821917808,1.4931506849315068,326.99999999749707,19.0,81.0
2025-05-02,LB_20250502_093652_SELL_0001,validation,B_CLEAN_BREAKOUT,2025-05-02 13:36:53.114388900+00:00,2025-05-02T13:36:52.0000000Z,2025-05-02T13:36:53.0339969Z,SELL,20050.0,20073.75,34613.114388,34612.0,34613.033996,1.0,1.0,1.0,94929.0,15125.0,1.0,12.0,12.0,151.0,0.0,0.0,151.0,-151.0,-0.8628571428571429,12.0,163.0,3.0,8.0,0.0736196319018405,0.0,0.0,431.3880000045174,139.0,11.0,0.8533333333333334,0.08633093525179857,1.1726618705035972,,0.0,0.0,1.0,31.0,31.0,146.0,0.0,0.0,152.0,-146.0,-0.7227722772277227,28.0,174.0,12.0,16.0,0.16091954022988506,0.0,0.0,431.3880000045174,139.0,11.0,0.8533333333333334,0.2014388489208633,1.2517985611510791,,0.0,0.0,1.0,33.0,33.0,148.0,0.0,0.0,152.0,-148.0,-0.7254901960784313,28.0,176.0,12.0,18.0,0.1590909090909091,0.0,0.0,431.3880000045174,139.0,11.0,0.8533333333333334,0.2014388489208633,1.2661870503597121,,0.0,0.0,1.0,46.0,46.0,147.0,0.0,0.0,155.0,-147.0,-0.665158371040724,37.0,184.0,17.0,22.0,0.20108695652173914,0.0,0.0,431.3880000045174,139.0,11.0,0.8533333333333334,0.26618705035971224,1.3237410071942446,,0.0,0.0,1.0,0.0,0.0,0.0,0.0,0.0,0.0,0.0,,0.0,-0.0,0.0,0.0,,0.0,0.0,37745.388000003004,0.0,0.0,,,,,0.0,0.0,1.0,0.0,0.0,0.0,0.0,0.0,0.0,0.0,,0.0,-0.0,0.0,0.0,,0.0,0.0,37745.388000003004,0.0,0.0,,,,,0.0,0.0,1.0,0.0,0.0,0.0,0.0,0.0,0.0,0.0,,0.0,-0.0,0.0,0.0,,0.0,0.0,37745.388000003004,0.0,0.0,,,,,0.0,0.0,1.0,0.0,0.0,0.0,0.0,0.0,0.0,0.0,,0.0,-0.0,0.0,0.0,,0.0,0.0,37745.388000003004,0.0,0.0,,,,,0.0,0.0
2025-05-08,LB_20250508_093147_SELL_0001,validation,B_CLEAN_BREAKOUT,2025-05-08 13:31:48.096799+00:00,2025-05-08T13:31:47.0000000Z,2025-05-08T13:31:48.0042809Z,SELL,20146.25,20148.75,34308.096799,34307.0,34308.00428,1.0,1.0,1.0,27265.0,5591.0,1.0,7.0,7.0,31.0,0.0,0.0,31.0,-31.0,-0.7209302325581395,6.0,37.0,2.0,5.0,0.16216216216216217,0.0,0.0,227.7990000002319,48.0,21.0,0.391304347826087,0.125,0.7708333333333334,,0.0,0.0,1.0,10.0,10.0,30.0,0.0,0.0,31.0,-30.0,-0.6521739130434783,8.0,38.0,3.0,6.0,0.21052631578947367,0.0,0.0,227.7990000002319,48.0,21.0,0.391304347826087,0.16666666666666666,0.7916666666666666,,0.0,0.0,1.0,15.0,15.0,29.0,0.0,0.0,31.0,-29.0,-0.5918367346938775,10.0,39.0,5.0,7.0,0.2564102564102564,0.0,0.0,227.7990000002319,48.0,21.0,0.391304347826087,0.20833333333333334,0.8125,,0.0,0.0,1.0,31.0,31.0,29.0,0.0,0.0,31.0,-29.0,-0.5087719298245614,14.0,43.0,9.0,11.0,0.32558139534883723,0.0,0.0,227.7990000002319,48.0,21.0,0.391304347826087,0.2916666666666667,0.8958333333333334,,0.0,0.0,1.0,3.0,3.0,22.0,0.0,0.0,22.0,-22.0,-0.6111111111111112,7.0,29.0,1.0,2.0,0.2413793103448276,0.0,0.0,404.7989999962738,24.0,9.0,0.45454545454545453,0.2916666666666667,1.2083333333333333,,0.0,0.0,1.0,7.0,7.0,25.0,0.0,0.0,25.0,-25.0,-0.6097560975609756,8.0,33.0,2.0,5.0,0.24242424242424243,0.0,0.0,404.7989999962738,24.0,9.0,0.45454545454545453,0.3333333333333333,1.375,,0.0,0.0,1.0,9.0,9.0,25.0,0.0,0.0,26.0,-25.0,-0.5813953488372093,9.0,34.0,3.0,6.0,0.2647058823529412,0.0,0.0,404.7989999962738,24.0,9.0,0.45454545454545453,0.375,1.4166666666666667,,0.0,0.0,1.0,23.0,23.0,24.0,0.0,0.0,26.0,-24.0,-0.48,13.0,37.0,7.0,9.0,0.35135135135135137,0.0,0.0,404.7989999962738,24.0,9.0,0.45454545454545453,0.5416666666666666,1.5416666666666667,,0.0,0.0
2025-06-05,LB_20250605_093207_SELL_0001,validation,B_CLEAN_BREAKOUT,2025-06-05 13:32:08.091118800+00:00,2025-06-05T13:32:07.0000000Z,2025-06-05T13:32:08.0072334Z,SELL,21786.25,21805.0,34328.091118,34327.0,34328.007233,1.0,1.0,1.0,25892.0,7583.0,1.0,11.0,11.0,14.0,0.0,0.0,15.0,-14.0,-0.21875,25.0,39.0,5.0,6.0,0.6410256410256411,0.0,0.0,126.11800000013318,43.0,26.0,0.2463768115942029,0.5813953488372093,0.9069767441860465,270.00000000407454,4.0,24.0,1.0,22.0,22.0,15.0,0.0,0.0,15.0,-15.0,-0.2054794520547945,29.0,44.0,9.0,9.0,0.6590909090909091,0.0,0.0,126.11800000013318,43.0,26.0,0.2463768115942029,0.6744186046511628,1.0232558139534884,270.00000000407454,4.0,24.0,1.0,29.0,29.0,13.0,0.0,0.0,22.0,-13.0,-0.14285714285714285,39.0,52.0,13.0,12.0,0.75,0.0,0.0,126.11800000013318,43.0,26.0,0.2463768115942029,0.9069767441860465,1.2093023255813953,270.00000000407454,4.0,24.0,1.0,45.0,45.0,13.0,0.0,0.0,22.0,-13.0,-0.11304347826086956,51.0,64.0,21.0,19.0,0.796875,0.0,0.0,126.11800000013318,43.0,26.0,0.2463768115942029,1.186046511627907,1.4883720930232558,270.00000000407454,4.0,24.0,1.0,0.0,0.0,0.0,0.0,0.0,0.0,0.0,,0.0,-0.0,0.0,0.0,,0.0,0.0,36861.11799999344,0.0,0.0,,,,,0.0,0.0,1.0,0.0,0.0,0.0,0.0,0.0,0.0,0.0,,0.0,-0.0,0.0,0.0,,0.0,0.0,36861.11799999344,0.0,0.0,,,,,0.0,0.0,1.0,0.0,0.0,0.0,0.0,0.0,0.0,0.0,,0.0,-0.0,0.0,0.0,,0.0,0.0,36861.11799999344,0.0,0.0,,,,,0.0,0.0,1.0,0.0,0.0,0.0,0.0,0.0,0.0,0.0,,0.0,-0.0,0.0,0.0,,0.0,0.0,36861.11799999344,0.0,0.0,,,,,0.0,0.0
2025-06-11,LB_20250611_093138_SELL_0001,validation,B_CLEAN_BREAKOUT,2025-06-11 13:31:39.051111800+00:00,2025-06-11T13:31:38.0000000Z,2025-06-11T13:31:39.0088396Z,SELL,21988.75,21998.75,34299.051111,34298.0,34299.008839,1.0,1.0,1.0,28011.0,5155.0,1.0,6.0,6.0,12.0,0.0,0.0,15.0,-12.0,-0.5,6.0,18.0,4.0,2.0,0.3333333333333333,0.0,0.0,540.1110000020708,33.0,8.0,0.6097560975609756,0.18181818181818182,0.5454545454545454,32.99999999580905,1.0,3.0,1.0,13.0,13.0,15.0,0.0,0.0,15.0,-15.0,-0.5172413793103449,7.0,22.0,5.0,5.0,0.3181818181818182,0.0,0.0,540.1110000020708,33.0,8.0,0.6097560975609756,0.21212121212121213,0.6666666666666666,32.99999999580905,1.0,3.0,1.0,20.0,20.0,19.0,0.0,0.0,22.0,-19.0,-0.40425531914893614,14.0,33.0,8.0,9.0,0.42424242424242425,0.0,0.0,540.1110000020708,33.0,8.0,0.6097560975609756,0.42424242424242425,1.0,32.99999999580905,1.0,3.0,1.0,52.0,52.0,13.0,0.0,0.0,28.0,-13.0,-0.11711711711711711,49.0,62.0,22.0,21.0,0.7903225806451613,0.0,0.0,540.1110000020708,33.0,8.0,0.6097560975609756,1.4848484848484849,1.878787878787879,32.99999999580905,1.0,3.0,1.0,0.0,0.0,0.0,0.0,0.0,0.0,0.0,,0.0,-0.0,0.0,0.0,,0.0,0.0,2998.11100000079,0.0,0.0,,,,,0.0,0.0,1.0,2.0,2.0,3.0,0.0,0.0,3.0,-3.0,-1.0,0.0,3.0,0.0,2.0,0.0,0.0,0.0,2998.11100000079,10.0,16.0,-0.23076923076923078,0.0,0.3,,0.0,0.0,1.0,20.0,20.0,8.0,0.0,0.0,13.0,-8.0,-0.16,21.0,29.0,6.0,11.0,0.7241379310344828,0.0,0.0,2998.11100000079,24.0,31.0,-0.12727272727272726,0.875,1.2083333333333333,125.0,4.0,16.0,1.0,65.0,65.0,0.0,0.0,0.0,23.0,0.0,0.0,75.0,75.0,27.0,29.0,1.0,0.0,0.0,2998.11100000079,48.0,51.0,-0.030303030303030304,1.5625,1.5625,285.00000000349246,27.0,75.0
2025-06-20,LB_20250620_093518_BUY_0001,validation,C_MIXED_PATH,2025-06-20 13:35:19.011265700+00:00,2025-06-20T13:35:18.0000000Z,2025-06-20T13:35:19.0007755Z,BUY,22105.0,22098.75,34519.011265,34518.0,34519.000775,1.0,1.0,1.0,77224.0,12623.0,1.0,7.0,7.0,16.0,0.0,0.0,18.0,-16.0,-0.8,2.0,18.0,1.0,5.0,0.1111111111111111,0.0,0.0,13.265000001410954,20.0,1.0,0.9047619047619048,0.1,0.9,,0.0,0.0,1.0,17.0,17.0,16.0,0.0,0.0,31.0,-16.0,-0.2222222222222222,28.0,44.0,5.0,8.0,0.6363636363636364,0.0,0.0,13.265000001410954,20.0,1.0,0.9047619047619048,1.4,2.2,,0.0,0.0,1.0,30.0,30.0,27.0,0.0,0.0,32.0,-27.0,-0.20930232558139536,51.0,78.0,10.0,12.0,0.6538461538461539,0.0,0.0,13.265000001410954,20.0,1.0,0.9047619047619048,2.55,3.9,,0.0,0.0,1.0,49.0,49.0,11.0,0.0,0.0,32.0,-11.0,-0.0582010582010582,89.0,100.0,18.0,18.0,0.89,0.0,0.0,13.265000001410954,20.0,1.0,0.9047619047619048,4.45,5.0,,0.0,0.0,1.0,8.0,8.0,30.0,0.0,0.0,34.0,-30.0,-0.7894736842105263,4.0,34.0,1.0,5.0,0.11764705882352941,0.0,0.0,162.26499999902444,26.0,4.0,0.7333333333333333,0.15384615384615385,1.3076923076923077,,0.0,0.0,1.0,9.0,9.0,31.0,0.0,0.0,34.0,-31.0,-0.7948717948717948,4.0,35.0,1.0,6.0,0.11428571428571428,0.0,0.0,162.26499999902444,26.0,4.0,0.7333333333333333,0.15384615384615385,1.3461538461538463,,0.0,0.0,1.0,11.0,11.0,34.0,0.0,0.0,34.0,-34.0,-0.8095238095238095,4.0,38.0,1.0,8.0,0.10526315789473684,0.0,0.0,162.26499999902444,26.0,4.0,0.7333333333333333,0.15384615384615385,1.4615384615384615,,0.0,0.0,1.0,16.0,16.0,33.0,0.0,0.0,34.0,-33.0,-0.673469387755102,8.0,41.0,4.0,10.0,0.1951219512195122,0.0,0.0,162.26499999902444,26.0,4.0,0.7333333333333333,0.3076923076923077,1.5769230769230769,,0.0,0.0
2025-06-27,LB_20250627_093203_SELL_0001,validation,A_TRUE_ABSORPTION,2025-06-27 13:32:04.024094600+00:00,2025-06-27T13:32:03.0000000Z,2025-06-27T13:32:04.0000913Z,SELL,22688.75,22692.5,34324.024094,34323.0,34324.000091,1.0,1.0,1.0,35095.0,6526.0,1.0,6.0,6.0,20.0,0.0,0.0,20.0,-20.0,-0.9090909090909091,1.0,21.0,1.0,4.0,0.047619047619047616,0.0,0.0,521.0940000033588,43.0,30.0,0.1780821917808219,0.023255813953488372,0.4883720930232558,,0.0,0.0,1.0,11.0,11.0,21.0,0.0,0.0,26.0,-21.0,-0.6,7.0,28.0,3.0,7.0,0.25,0.0,0.0,521.0940000033588,43.0,30.0,0.1780821917808219,0.16279069767441862,0.6511627906976745,,0.0,0.0,1.0,12.0,12.0,19.0,0.0,0.0,26.0,-19.0,-0.5135135135135135,9.0,28.0,4.0,7.0,0.32142857142857145,0.0,0.0,521.0940000033588,43.0,30.0,0.1780821917808219,0.20930232558139536,0.6511627906976745,,0.0,0.0,1.0,23.0,23.0,20.0,0.0,0.0,26.0,-20.0,-0.4166666666666667,14.0,34.0,8.0,11.0,0.4117647058823529,0.0,0.0,521.0940000033588,43.0,30.0,0.1780821917808219,0.32558139534883723,0.7906976744186046,,0.0,0.0,1.0,6.0,6.0,19.0,0.0,0.0,26.0,-19.0,-0.5757575757575758,7.0,26.0,4.0,1.0,0.2692307692307692,0.0,0.0,588.0939999988186,25.0,0.0,1.0,0.28,1.04,,0.0,0.0,1.0,16.0,16.0,30.0,0.0,0.0,32.0,-30.0,-0.5357142857142857,13.0,43.0,8.0,6.0,0.3023255813953488,0.0,0.0,588.0939999988186,25.0,0.0,1.0,0.52,1.72,,0.0,0.0,1.0,20.0,20.0,29.0,0.0,0.0,32.0,-29.0,-0.42028985507246375,20.0,49.0,10.0,8.0,0.40816326530612246,0.0,0.0,588.0939999988186,25.0,0.0,1.0,0.8,1.96,,0.0,0.0,1.0,28.0,28.0,24.0,0.0,0.0,32.0,-24.0,-0.2857142857142857,30.0,54.0,15.0,11.0,0.5555555555555556,0.0,0.0,588.0939999988186,25.0,0.0,1.0,1.2,2.16,,0.0,0.0
2025-06-30,LB_20250630_093156_SELL_0001,validation,B_CLEAN_BREAKOUT,2025-06-30 13:31:57.077600400+00:00,2025-06-30T13:31:56.0000000Z,2025-06-30T13:31:57.0231844Z,SELL,22850.0,22851.25,34317.0776,34316.0,34317.023184,1.0,1.0,1.0,28416.0,6263.0,1.0,0.0,0.0,0.0,0.0,0.0,0.0,0.0,,0.0,-0.0,0.0,0.0,,0.0,0.0,1130.5999999967753,47.0,28.0,0.25333333333333335,0.0,-0.0,,0.0,0.0,1.0,23.0,23.0,53.0,0.0,0.0,53.0,-53.0,-0.7681159420289855,8.0,61.0,6.0,11.0,0.13114754098360656,0.0,0.0,1130.5999999967753,116.0,39.0,0.4967741935483871,0.06896551724137931,0.5258620689655172,,0.0,0.0,1.0,35.0,35.0,50.0,0.0,0.0,53.0,-50.0,-0.6097560975609756,16.0,66.0,13.0,15.0,0.24242424242424243,0.0,0.0,1130.5999999967753,116.0,39.0,0.4967741935483871,0.13793103448275862,0.5689655172413793,,0.0,0.0,1.0,60.0,60.0,49.0,0.0,0.0,53.0,-49.0,-0.44954128440366975,30.0,79.0,26.0,24.0,0.379746835443038,0.0,0.0,1130.5999999967753,116.0,39.0,0.4967741935483871,0.25862068965517243,0.6810344827586207,,0.0,0.0,1.0,0.0,0.0,0.0,0.0,0.0,0.0,0.0,,0.0,-0.0,0.0,0.0,,0.0,0.0,1220.5999999932828,3.0,13.0,-0.625,0.0,-0.0,,0.0,0.0,1.0,28.0,28.0,23.0,0.0,0.0,27.0,-23.0,-0.26436781609195403,32.0,55.0,10.0,17.0,0.5818181818181818,0.0,0.0,1220.5999999932828,17.0,14.0,0.0967741935483871,1.8823529411764706,3.235294117647059,36.999999996623956,9.0,30.0,1.0,42.0,42.0,22.0,0.0,0.0,27.0,-22.0,-0.22448979591836735,38.0,60.0,16.0,20.0,0.6333333333333333,0.0,0.0,1220.5999999932828,17.0,14.0,0.0967741935483871,2.235294117647059,3.5294117647058822,36.999999996623956,9.0,30.0,1.0,65.0,65.0,22.0,0.0,0.0,27.0,-22.0,-0.18333333333333332,49.0,71.0,25.0,27.0,0.6901408450704225,0.0,0.0,1220.5999999932828,17.0,14.0,0.0967741935483871,2.8823529411764706,4.176470588235294,36.999999996623956,9.0,30.0
2025-07-02,LB_20250702_093238_BUY_0001,validation,C_MIXED_PATH,2025-07-02 13:32:39.079186400+00:00,2025-07-02T13:32:38.0000000Z,2025-07-02T13:32:39.0456460Z,BUY,22681.25,22672.5,34359.079186,34358.0,34359.045646,1.0,1.0,1.0,43636.0,7436.0,1.0,14.0,14.0,26.0,22.0,21.0,32.0,-4.0,-0.11764705882352941,15.0,19.0,6.0,6.0,0.7894736842105263,1.0,1.0,17.186000004585367,16.0,2.0,0.7777777777777778,0.9375,1.1875,27.999999998428393,3.0,6.0,1.0,23.0,23.0,26.0,22.0,21.0,32.0,-4.0,-0.09523809523809523,19.0,23.0,9.0,9.0,0.8260869565217391,1.0,1.0,17.186000004585367,16.0,2.0,0.7777777777777778,1.1875,1.4375,27.999999998428393,3.0,6.0,1.0,25.0,25.0,25.0,22.0,21.0,32.0,-3.0,-0.06666666666666667,21.0,24.0,10.0,10.0,0.875,1.0,1.0,17.186000004585367,16.0,2.0,0.7777777777777778,1.3125,1.5,27.999999998428393,3.0,6.0,1.0,28.0,28.0,26.0,22.0,21.0,32.0,-4.0,-0.08,23.0,27.0,11.0,12.0,0.8518518518518519,1.0,1.0,17.186000004585367,16.0,2.0,0.7777777777777778,1.4375,1.6875,27.999999998428393,3.0,6.0,1.0,0.0,0.0,0.0,0.0,0.0,0.0,0.0,,0.0,-0.0,0.0,0.0,,0.0,0.0,1247.1860000005108,0.0,0.0,,,,,0.0,0.0,1.0,19.0,19.0,44.0,0.0,0.0,52.0,-44.0,-0.6470588235294118,12.0,56.0,6.0,9.0,0.21428571428571427,0.0,0.0,1247.1860000005108,30.0,12.0,0.42857142857142855,0.4,1.8666666666666667,100.00000000582077,1.0,2.0,1.0,26.0,26.0,44.0,0.0,0.0,52.0,-44.0,-0.6111111111111112,14.0,58.0,7.0,11.0,0.2413793103448276,0.0,0.0,1247.1860000005108,30.0,12.0,0.42857142857142855,0.4666666666666667,1.9333333333333333,100.00000000582077,1.0,2.0,1.0,36.0,36.0,53.0,0.0,0.0,53.0,-53.0,-0.6091954022988506,17.0,70.0,10.0,16.0,0.24285714285714285,0.0,0.0,1247.1860000005108,30.0,12.0,0.42857142857142855,0.5666666666666667,2.3333333333333335,100.00000000582077,1.0,2.0
2025-07-08,LB_20250708_093634_SELL_0001,validation,C_MIXED_PATH,2025-07-08 13:36:35.028723600+00:00,2025-07-08T13:36:34.0000000Z,2025-07-08T13:36:35.0190299Z,SELL,22901.25,22922.5,34595.028723,34594.0,34595.019029,1.0,1.0,1.0,82619.0,13455.0,1.0,0.0,0.0,0.0,0.0,0.0,0.0,0.0,,0.0,-0.0,0.0,0.0,,0.0,0.0,2994.7230000034324,10.0,8.0,0.1111111111111111,0.0,-0.0,,0.0,0.0,1.0,2.0,2.0,6.0,0.0,0.0,8.0,-6.0,-0.6,2.0,8.0,1.0,1.0,0.25,0.0,0.0,2994.7230000034324,32.0,24.0,0.14285714285714285,0.0625,0.25,,0.0,0.0,1.0,15.0,15.0,0.0,0.0,0.0,8.0,0.0,0.0,23.0,23.0,8.0,5.0,1.0,0.0,0.0,2994.7230000034324,37.0,29.0,0.12121212121212122,0.6216216216216216,0.6216216216216216,8.000000001629815,6.0,19.0,1.0,55.0,55.0,22.0,0.0,0.0,23.0,-22.0,-0.16923076923076924,54.0,76.0,23.0,26.0,0.7105263157894737,0.0,0.0,2994.7230000034324,47.0,30.0,0.22077922077922077,1.148936170212766,1.6170212765957446,232.00000000360887,18.0,43.0,1.0,0.0,0.0,0.0,0.0,0.0,0.0,0.0,,0.0,-0.0,0.0,0.0,,0.0,0.0,182607.723000001,0.0,0.0,,,,,0.0,0.0,1.0,0.0,0.0,0.0,0.0,0.0,0.0,0.0,,0.0,-0.0,0.0,0.0,,0.0,0.0,182607.723000001,0.0,0.0,,,,,0.0,0.0,1.0,0.0,0.0,0.0,0.0,0.0,0.0,0.0,,0.0,-0.0,0.0,0.0,,0.0,0.0,182607.723000001,0.0,0.0,,,,,0.0,0.0,1.0,0.0,0.0,0.0,0.0,0.0,0.0,0.0,,0.0,-0.0,0.0,0.0,,0.0,0.0,182607.723000001,0.0,0.0,,,,,0.0,0.0
2025-07-09,LB_20250709_093100_BUY_0001,validation,B_CLEAN_BREAKOUT,2025-07-09 13:31:01.046351400+00:00,2025-07-09T13:31:00.0000000Z,2025-07-09T13:31:01.0007634Z,BUY,23008.75,23005.0,34261.046351,34260.0,34261.000763,1.0,1.0,1.0,16564.0,3793.0,1.0,13.0,13.0,21.0,7.0,0.0,23.0,-14.0,-0.25,21.0,35.0,6.0,6.0,0.6,7.0,1.0,39.35099999944214,55.0,28.0,0.3253012048192771,0.38181818181818183,0.6363636363636364,30.000000006111804,6.0,21.0,1.0,15.0,15.0,31.0,7.0,0.0,31.0,-24.0,-0.36363636363636365,21.0,45.0,6.0,8.0,0.4666666666666667,7.0,1.0,39.35099999944214,55.0,28.0,0.3253012048192771,0.38181818181818183,0.8181818181818182,30.000000006111804,6.0,21.0,1.0,22.0,22.0,32.0,7.0,0.0,32.0,-25.0,-0.31645569620253167,27.0,52.0,8.0,11.0,0.5192307692307693,7.0,1.0,39.35099999944214,55.0,28.0,0.3253012048192771,0.4909090909090909,0.9454545454545454,30.000000006111804,6.0,21.0,1.0,42.0,42.0,24.0,7.0,0.0,33.0,-17.0,-0.14285714285714285,51.0,68.0,16.0,15.0,0.75,7.0,1.0,39.35099999944214,55.0,28.0,0.3253012048192771,0.9272727272727272,1.2363636363636363,30.000000006111804,6.0,21.0,1.0,6.0,6.0,18.0,0.0,0.0,18.0,-18.0,-0.6923076923076923,4.0,22.0,1.0,5.0,0.18181818181818182,0.0,0.0,814.3509999936214,15.0,4.0,0.5789473684210527,0.26666666666666666,1.4666666666666666,44.99999999825377,1.0,4.0,1.0,33.0,33.0,29.0,0.0,0.0,33.0,-29.0,-0.3333333333333333,29.0,58.0,11.0,15.0,0.5,0.0,0.0,814.3509999936214,33.0,4.0,0.7837837837837838,0.8787878787878788,1.7575757575757576,80.99999999831198,9.0,26.0,1.0,61.0,61.0,34.0,0.0,0.0,34.0,-34.0,-0.26153846153846155,48.0,82.0,24.0,24.0,0.5853658536585366,0.0,0.0,814.3509999936214,33.0,4.0,0.7837837837837838,1.4545454545454546,2.484848484848485,80.99999999831198,9.0,26.0,1.0,111.0,111.0,41.0,0.0,0.0,42.0,-41.0,-0.1759656652360515,96.0,137.0,52.0,42.0,0.7007299270072993,0.0,0.0,814.3509999936214,53.0,22.0,0.41333333333333333,1.8113207547169812,2.5849056603773586,42.99999999784632,44.0,86.0
2025-07-21,LB_20250721_093138_BUY_0001,validation,B_CLEAN_BREAKOUT,2025-07-21 13:31:39.092509500+00:00,2025-07-21T13:31:38.0000000Z,2025-07-21T13:31:39.0120012Z,BUY,23291.25,23287.5,34299.092509,34298.0,34299.012001,1.0,1.0,1.0,24866.0,5771.0,1.0,13.0,13.0,28.0,15.0,0.0,28.0,-13.0,-0.22807017543859648,22.0,35.0,7.0,5.0,0.6285714285714286,15.0,1.0,37.50900000159163,48.0,26.0,0.2972972972972973,0.4583333333333333,0.7291666666666666,110.99999999714782,7.0,22.0,1.0,15.0,15.0,26.0,15.0,0.0,28.0,-11.0,-0.1864406779661017,24.0,35.0,9.0,5.0,0.6857142857142857,15.0,1.0,37.50900000159163,48.0,26.0,0.2972972972972973,0.5,0.7291666666666666,110.99999999714782,7.0,22.0,1.0,17.0,17.0,28.0,15.0,0.0,28.0,-13.0,-0.21311475409836064,24.0,37.0,9.0,7.0,0.6486486486486487,15.0,1.0,37.50900000159163,48.0,26.0,0.2972972972972973,0.5,0.7708333333333334,110.99999999714782,7.0,22.0,1.0,24.0,24.0,28.0,15.0,0.0,29.0,-13.0,-0.19402985074626866,27.0,40.0,12.0,10.0,0.675,15.0,1.0,37.50900000159163,48.0,26.0,0.2972972972972973,0.5625,0.8333333333333334,110.99999999714782,7.0,22.0,1.0,2.0,2.0,5.0,0.0,0.0,6.0,-5.0,-0.7142857142857143,1.0,6.0,1.0,1.0,0.16666666666666666,0.0,0.0,994.5090000037453,6.0,1.0,0.7142857142857143,0.16666666666666666,1.0,,0.0,0.0,1.0,22.0,22.0,42.0,0.0,0.0,42.0,-42.0,-0.7,9.0,51.0,7.0,12.0,0.17647058823529413,0.0,0.0,994.5090000037453,28.0,5.0,0.696969696969697,0.32142857142857145,1.8214285714285714,82.99999999871943,5.0,7.0,1.0,28.0,28.0,39.0,0.0,0.0,42.0,-39.0,-0.582089552238806,14.0,53.0,11.0,14.0,0.2641509433962264,0.0,0.0,994.5090000037453,28.0,5.0,0.696969696969697,0.5,1.8928571428571428,82.99999999871943,5.0,7.0,1.0,42.0,42.0,36.0,0.0,0.0,42.0,-36.0,-0.42857142857142855,24.0,60.0,18.0,19.0,0.4,0.0,0.0,994.5090000037453,28.0,5.0,0.696969696969697,0.8571428571428571,2.142857142857143,82.99999999871943,5.0,7.0
2025-07-29,LB_20250729_093118_BUY_0001,validation,A_TRUE_ABSORPTION,2025-07-29 13:31:19.080777100+00:00,2025-07-29T13:31:18.0000000Z,2025-07-29T13:31:19.0006283Z,BUY,23626.25,23623.75,34279.080777,34278.0,34279.000628,1.0,1.0,1.0,22525.0,6894.0,1.0,15.0,15.0,76.0,6.0,5.0,83.0,-70.0,-0.7608695652173914,11.0,81.0,8.0,7.0,0.13580246913580246,1.0,1.0,55.77700000139885,85.0,9.0,0.8085106382978723,0.12941176470588237,0.9529411764705882,7.0000000050640665,5.0,6.0,1.0,20.0,20.0,74.0,6.0,5.0,83.0,-68.0,-0.6938775510204082,15.0,83.0,11.0,8.0,0.18072289156626506,1.0,1.0,55.77700000139885,85.0,9.0,0.8085106382978723,0.17647058823529413,0.9764705882352941,7.0000000050640665,5.0,6.0,1.0,29.0,29.0,75.0,6.0,5.0,83.0,-69.0,-0.6216216216216216,21.0,90.0,14.0,12.0,0.23333333333333334,1.0,1.0,55.77700000139885,85.0,9.0,0.8085106382978723,0.24705882352941178,1.0588235294117647,7.0000000050640665,5.0,6.0,1.0,39.0,39.0,74.0,6.0,5.0,83.0,-68.0,-0.5573770491803278,27.0,95.0,19.0,16.0,0.28421052631578947,1.0,1.0,55.77700000139885,85.0,9.0,0.8085106382978723,0.3176470588235294,1.1176470588235294,7.0000000050640665,5.0,6.0,1.0,8.0,8.0,29.0,0.0,0.0,31.0,-29.0,-0.8787878787878788,2.0,31.0,1.0,3.0,0.06451612903225806,0.0,0.0,678.7770000009914,32.0,7.0,0.6410256410256411,0.0625,0.96875,97.99999999813735,1.0,2.0,1.0,29.0,29.0,50.0,0.0,0.0,51.0,-50.0,-0.6756756756756757,12.0,62.0,6.0,12.0,0.1935483870967742,0.0,0.0,678.7770000009914,51.0,22.0,0.3972602739726027,0.23529411764705882,1.2156862745098038,104.99999999592546,4.0,9.0,1.0,38.0,38.0,49.0,0.0,0.0,54.0,-49.0,-0.5903614457831325,17.0,66.0,10.0,16.0,0.25757575757575757,0.0,0.0,678.7770000009914,51.0,22.0,0.3972602739726027,0.3333333333333333,1.2941176470588236,104.99999999592546,4.0,9.0,1.0,55.0,55.0,49.0,0.0,0.0,54.0,-49.0,-0.48514851485148514,26.0,75.0,16.0,23.0,0.3466666666666667,0.0,0.0,678.7770000009914,51.0,22.0,0.3972602739726027,0.5098039215686274,1.4705882352941178,104.99999999592546,4.0,9.0
2025-08-14,LB_20250814_093300_BUY_0001,validation,A_TRUE_ABSORPTION,2025-08-14 13:33:01.048717700+00:00,2025-08-14T13:33:00.0000000Z,2025-08-14T13:33:01.0251573Z,BUY,23882.5,23873.75,34381.048717,34380.0,34381.025157,1.0,1.0,1.0,53573.0,10316.0,1.0,18.0,18.0,26.0,0.0,0.0,26.0,-26.0,-0.28888888888888886,32.0,58.0,6.0,10.0,0.5517241379310345,0.0,0.0,75.71699999971315,36.0,22.0,0.2413793103448276,0.8888888888888888,1.6111111111111112,6.999999997788109,5.0,31.0,1.0,44.0,44.0,23.0,0.0,0.0,27.0,-23.0,-0.16312056737588654,59.0,82.0,17.0,21.0,0.7195121951219512,0.0,0.0,75.71699999971315,47.0,24.0,0.323943661971831,1.2553191489361701,1.7446808510638299,108.00000000017462,13.0,53.0,1.0,44.0,44.0,23.0,0.0,0.0,27.0,-23.0,-0.16312056737588654,59.0,82.0,17.0,21.0,0.7195121951219512,0.0,0.0,75.71699999971315,47.0,24.0,0.323943661971831,1.2553191489361701,1.7446808510638299,108.00000000017462,13.0,53.0,1.0,45.0,45.0,23.0,0.0,0.0,27.0,-23.0,-0.16312056737588654,59.0,82.0,17.0,21.0,0.7195121951219512,0.0,0.0,75.71699999971315,47.0,24.0,0.323943661971831,1.2553191489361701,1.7446808510638299,108.00000000017462,13.0,53.0,1.0,0.0,0.0,0.0,0.0,0.0,0.0,0.0,,0.0,-0.0,0.0,0.0,,0.0,0.0,3372.7169999983744,0.0,0.0,,,,,0.0,0.0,1.0,0.0,0.0,0.0,0.0,0.0,0.0,0.0,,0.0,-0.0,0.0,0.0,,0.0,0.0,3372.7169999983744,0.0,0.0,,,,,0.0,0.0,1.0,11.0,11.0,0.0,0.0,0.0,9.0,0.0,0.0,20.0,20.0,6.0,4.0,1.0,0.0,0.0,3372.7169999983744,8.0,14.0,-0.2727272727272727,2.5,2.5,773.9999999976135,4.0,13.0,1.0,61.0,61.0,20.0,0.0,0.0,23.0,-20.0,-0.08264462809917356,111.0,131.0,25.0,29.0,0.8473282442748091,0.0,0.0,3372.7169999983744,27.0,42.0,-0.21739130434782608,4.111111111111111,4.851851851851852,2.0000000004074536,25.0,111.0
2025-08-19,LB_20250819_093156_SELL_0001,holdout,B_CLEAN_BREAKOUT,2025-08-19 13:31:57.018728400+00:00,2025-08-19T13:31:56.0000000Z,2025-08-19T13:31:57.0012638Z,SELL,23728.75,23750.0,34317.018728,34316.0,34317.001263,1.0,1.0,1.0,31809.0,7071.0,1.0,9.0,9.0,20.0,0.0,0.0,26.0,-20.0,-0.5263157894736842,9.0,29.0,4.0,4.0,0.3103448275862069,0.0,0.0,236.72800000349525,45.0,12.0,0.5789473684210527,0.2,0.6444444444444445,,0.0,0.0,1.0,18.0,18.0,14.0,0.0,0.0,26.0,-14.0,-0.2916666666666667,17.0,31.0,10.0,6.0,0.5483870967741935,0.0,0.0,236.72800000349525,45.0,12.0,0.5789473684210527,0.37777777777777777,0.6888888888888889,,0.0,0.0,1.0,18.0,18.0,14.0,0.0,0.0,26.0,-14.0,-0.2916666666666667,17.0,31.0,10.0,6.0,0.5483870967741935,0.0,0.0,236.72800000349525,45.0,12.0,0.5789473684210527,0.37777777777777777,0.6888888888888889,,0.0,0.0,1.0,22.0,22.0,14.0,0.0,0.0,26.0,-14.0,-0.2692307692307692,19.0,33.0,12.0,8.0,0.5757575757575758,0.0,0.0,236.72800000349525,45.0,12.0,0.5789473684210527,0.4222222222222222,0.7333333333333333,,0.0,0.0,1.0,0.0,0.0,0.0,0.0,0.0,0.0,0.0,,0.0,-0.0,0.0,0.0,,0.0,0.0,36712.72800000588,0.0,0.0,,,,,0.0,0.0,1.0,0.0,0.0,0.0,0.0,0.0,0.0,0.0,,0.0,-0.0,0.0,0.0,,0.0,0.0,36712.72800000588,0.0,0.0,,,,,0.0,0.0,1.0,0.0,0.0,0.0,0.0,0.0,0.0,0.0,,0.0,-0.0,0.0,0.0,,0.0,0.0,36712.72800000588,0.0,0.0,,,,,0.0,0.0,1.0,0.0,0.0,0.0,0.0,0.0,0.0,0.0,,0.0,-0.0,0.0,0.0,,0.0,0.0,36712.72800000588,0.0,0.0,,,,,0.0,0.0
2025-08-20,LB_20250820_093200_SELL_0001,holdout,B_CLEAN_BREAKOUT,2025-08-20 13:32:01.064941800+00:00,2025-08-20T13:32:00.0000000Z,2025-08-20T13:32:01.0000054Z,SELL,23377.5,23383.75,34321.064941,34320.0,34321.000005,1.0,1.0,1.0,38106.0,9526.0,1.0,7.0,7.0,21.0,0.0,0.0,26.0,-21.0,-0.6363636363636364,6.0,27.0,3.0,3.0,0.2222222222222222,0.0,0.0,227.94099999737227,45.0,18.0,0.42857142857142855,0.13333333333333333,0.6,,0.0,0.0,1.0,20.0,20.0,16.0,0.0,0.0,26.0,-16.0,-0.32,17.0,33.0,8.0,7.0,0.5151515151515151,0.0,0.0,227.94099999737227,45.0,18.0,0.42857142857142855,0.37777777777777777,0.7333333333333333,,0.0,0.0,1.0,22.0,22.0,16.0,0.0,0.0,26.0,-16.0,-0.3076923076923077,18.0,34.0,9.0,8.0,0.5294117647058824,0.0,0.0,227.94099999737227,45.0,18.0,0.42857142857142855,0.4,0.7555555555555555,,0.0,0.0,1.0,32.0,32.0,19.0,0.0,0.0,26.0,-19.0,-0.30158730158730157,22.0,41.0,13.0,11.0,0.5365853658536586,0.0,0.0,227.94099999737227,45.0,18.0,0.42857142857142855,0.4888888888888889,0.9111111111111111,,0.0,0.0,1.0,0.0,0.0,0.0,0.0,0.0,0.0,0.0,,0.0,-0.0,0.0,0.0,,0.0,0.0,3333.9409999971394,0.0,0.0,,,,,0.0,0.0,1.0,0.0,0.0,0.0,0.0,0.0,0.0,0.0,,0.0,-0.0,0.0,0.0,,0.0,0.0,3333.9409999971394,8.0,12.0,-0.2,0.0,-0.0,,0.0,0.0,1.0,30.0,30.0,0.0,0.0,0.0,23.0,0.0,0.0,56.0,56.0,14.0,13.0,1.0,0.0,0.0,3333.9409999971394,12.0,23.0,-0.3142857142857143,4.666666666666667,4.666666666666667,,0.0,0.0,1.0,74.0,74.0,19.0,0.0,0.0,30.0,-19.0,-0.0657439446366782,135.0,154.0,34.0,31.0,0.8766233766233766,0.0,0.0,3333.9409999971394,20.0,29.0,-0.1836734693877551,6.75,7.7,38.00000000046566,25.0,112.0
2025-08-21,LB_20250821_093749_SELL_0001,holdout,B_CLEAN_BREAKOUT,2025-08-21 13:37:50.099613700+00:00,2025-08-21T13:37:49.0000000Z,2025-08-21T13:37:50.0419364Z,SELL,23281.25,23200.0,34670.099613,34669.0,34670.041936,1.0,1.0,1.0,125848.0,25483.0,1.0,7.0,7.0,24.0,0.0,0.0,26.0,-24.0,-0.75,4.0,28.0,3.0,4.0,0.14285714285714285,0.0,0.0,330.6129999982659,19.0,8.0,0.4074074074074074,0.21052631578947367,1.4736842105263157,,0.0,0.0,1.0,18.0,18.0,22.0,0.0,0.0,26.0,-22.0,-0.5789473684210527,8.0,30.0,6.0,6.0,0.26666666666666666,0.0,0.0,330.6129999982659,19.0,8.0,0.4074074074074074,0.42105263157894735,1.5789473684210527,,0.0,0.0,1.0,39.0,39.0,0.0,0.0,0.0,26.0,0.0,0.0,44.0,44.0,20.0,11.0,1.0,0.0,0.0,330.6129999982659,38.0,17.0,0.38181818181818183,1.1578947368421053,1.1578947368421053,311.0000000015134,20.0,44.0,1.0,58.0,57.0,,0.0,0.0,26.0,,-0.024691358024691357,79.0,83.0,29.0,19.0,0.9518072289156626,0.0,0.0,330.6129999982659,81.0,64.0,0.11724137931034483,0.9753086419753086,1.0246913580246915,343.99999999732245,29.0,79.0,1.0,0.0,0.0,26.0,26.0,26.0,26.0,0.0,,0.0,-0.0,0.0,0.0,,0.0,1.0,6628.613000000769,0.0,0.0,,,,,0.0,0.0,1.0,0.0,0.0,26.0,26.0,26.0,26.0,0.0,,0.0,-0.0,0.0,0.0,,0.0,1.0,6628.613000000769,0.0,0.0,,,,,0.0,0.0,1.0,0.0,0.0,26.0,26.0,26.0,26.0,0.0,,0.0,-0.0,0.0,0.0,,0.0,1.0,6628.613000000769,0.0,0.0,,,,,0.0,0.0,1.0,16.0,16.0,33.0,26.0,26.0,33.0,-7.0,-0.2413793103448276,11.0,18.0,6.0,8.0,0.6111111111111112,0.0,1.0,6628.613000000769,0.0,0.0,,,,,0.0,0.0
2025-08-29,LB_20250829_093115_SELL_0001,holdout,A_TRUE_ABSORPTION,2025-08-29 13:31:16.068287300+00:00,2025-08-29T13:31:15.0000000Z,2025-08-29T13:31:16.0215754Z,SELL,23637.5,23641.25,34276.068287,34275.0,34276.021575,1.0,1.0,1.0,22302.0,6005.0,1.0,13.0,13.0,35.0,0.0,0.0,35.0,-35.0,-0.8536585365853658,3.0,38.0,3.0,7.0,0.07894736842105263,0.0,0.0,130.28699999995297,2.0,3.0,-0.2,1.5,19.0,,0.0,0.0,1.0,19.0,19.0,41.0,0.0,0.0,41.0,-41.0,-0.8723404255319149,3.0,44.0,3.0,12.0,0.06818181818181818,0.0,0.0,130.28699999995297,2.0,3.0,-0.2,1.5,22.0,,0.0,0.0,1.0,27.0,27.0,38.0,0.0,0.0,41.0,-38.0,-0.6551724137931034,10.0,48.0,9.0,14.0,0.20833333333333334,0.0,0.0,130.28699999995297,2.0,3.0,-0.2,5.0,24.0,,0.0,0.0,1.0,39.0,39.0,35.0,0.0,0.0,41.0,-35.0,-0.5223880597014925,16.0,51.0,13.0,16.0,0.3137254901960784,0.0,0.0,130.28699999995297,2.0,3.0,-0.2,8.0,25.5,,0.0,0.0,1.0,2.0,2.0,1.0,0.0,0.0,5.0,-1.0,-0.1111111111111111,4.0,5.0,1.0,1.0,0.8,0.0,0.0,980.2869999984978,18.0,7.0,0.44,0.2222222222222222,0.2777777777777778,,0.0,0.0,1.0,27.0,27.0,21.0,0.0,0.0,26.0,-21.0,-0.2876712328767123,26.0,47.0,12.0,13.0,0.5531914893617021,0.0,0.0,980.2869999984978,23.0,11.0,0.35294117647058826,1.1304347826086956,2.0434782608695654,110.99999999714782,2.0,5.0,1.0,58.0,58.0,11.0,0.0,0.0,26.0,-11.0,-0.08148148148148149,62.0,73.0,29.0,23.0,0.8493150684931506,0.0,0.0,980.2869999984978,42.0,16.0,0.4482758620689655,1.4761904761904763,1.7380952380952381,43.000000005122274,29.0,62.0,1.0,103.0,103.0,38.0,0.0,0.0,44.0,-38.0,-0.13768115942028986,119.0,157.0,48.0,45.0,0.7579617834394905,0.0,0.0,980.2869999984978,42.0,16.0,0.4482758620689655,2.8333333333333335,3.738095238095238,43.000000005122274,29.0,62.0
2025-09-04,LB_20250904_093258_BUY_0001,holdout,B_CLEAN_BREAKOUT,2025-09-04 13:32:59.019380700+00:00,2025-09-04T13:32:58.0000000Z,2025-09-04T13:32:59.0022400Z,BUY,23502.5,23487.5,34379.01938,34378.0,34379.00224,1.0,1.0,1.0,51260.0,10803.0,1.0,6.0,6.0,31.0,0.0,0.0,31.0,-31.0,-0.7948717948717948,4.0,35.0,2.0,4.0,0.11428571428571428,0.0,0.0,65.38000000000466,24.0,4.0,0.7142857142857143,0.16666666666666666,1.4583333333333333,63.9999999984866,2.0,4.0,1.0,15.0,15.0,27.0,0.0,0.0,31.0,-27.0,-0.5510204081632653,11.0,38.0,7.0,6.0,0.2894736842105263,0.0,0.0,65.38000000000466,24.0,4.0,0.7142857142857143,0.4583333333333333,1.5833333333333333,63.9999999984866,2.0,4.0,1.0,16.0,16.0,28.0,0.0,0.0,31.0,-28.0,-0.56,11.0,39.0,7.0,7.0,0.28205128205128205,0.0,0.0,65.38000000000466,24.0,4.0,0.7142857142857143,0.4583333333333333,1.625,63.9999999984866,2.0,4.0,1.0,24.0,24.0,23.0,0.0,0.0,31.0,-23.0,-0.40350877192982454,17.0,40.0,13.0,8.0,0.425,0.0,0.0,65.38000000000466,24.0,4.0,0.7142857142857143,0.7083333333333334,1.6666666666666667,63.9999999984866,2.0,4.0,1.0,0.0,0.0,0.0,0.0,0.0,0.0,0.0,,0.0,-0.0,0.0,0.0,,0.0,0.0,20589.379999997618,0.0,0.0,,,,,0.0,0.0,1.0,0.0,0.0,0.0,0.0,0.0,0.0,0.0,,0.0,-0.0,0.0,0.0,,0.0,0.0,20589.379999997618,0.0,0.0,,,,,0.0,0.0,1.0,0.0,0.0,0.0,0.0,0.0,0.0,0.0,,0.0,-0.0,0.0,0.0,,0.0,0.0,20589.379999997618,0.0,0.0,,,,,0.0,0.0,1.0,0.0,0.0,0.0,0.0,0.0,0.0,0.0,,0.0,-0.0,0.0,0.0,,0.0,0.0,20589.379999997618,0.0,0.0,,,,,0.0,0.0
2025-09-05,LB_20250905_093522_SELL_0001,holdout,C_MIXED_PATH,2025-09-05 13:35:23.036579100+00:00,2025-09-05T13:35:22.0000000Z,2025-09-05T13:35:23.0012930Z,SELL,23838.75,23852.5,34523.036579,34522.0,34523.001293,1.0,1.0,1.0,102170.0,20900.0,1.0,12.0,12.0,152.0,0.0,0.0,155.0,-152.0,-0.8636363636363636,12.0,164.0,5.0,6.0,0.07317073170731707,0.0,0.0,279.57900000183145,44.0,19.0,0.3968253968253968,0.2727272727272727,3.727272727272727,263.9999999955762,1.0,5.0,1.0,20.0,20.0,153.0,0.0,0.0,155.0,-153.0,-0.8010471204188482,19.0,172.0,9.0,9.0,0.11046511627906977,0.0,0.0,279.57900000183145,44.0,19.0,0.3968253968253968,0.4318181818181818,3.909090909090909,263.9999999955762,1.0,5.0,1.0,28.0,28.0,151.0,0.0,0.0,155.0,-151.0,-0.7512437810945274,25.0,176.0,14.0,12.0,0.14204545454545456,0.0,0.0,279.57900000183145,44.0,19.0,0.3968253968253968,0.5681818181818182,4.0,263.9999999955762,1.0,5.0,1.0,53.0,53.0,147.0,0.0,0.0,155.0,-147.0,-0.630901287553648,43.0,190.0,24.0,21.0,0.22631578947368422,0.0,0.0,279.57900000183145,44.0,19.0,0.3968253968253968,0.9772727272727273,4.318181818181818,263.9999999955762,1.0,5.0,1.0,0.0,0.0,0.0,0.0,0.0,0.0,0.0,,0.0,-0.0,0.0,0.0,,0.0,0.0,12377.578999999969,0.0,0.0,,,,,0.0,0.0,1.0,0.0,0.0,0.0,0.0,0.0,0.0,0.0,,0.0,-0.0,0.0,0.0,,0.0,0.0,12377.578999999969,0.0,0.0,,,,,0.0,0.0,1.0,0.0,0.0,0.0,0.0,0.0,0.0,0.0,,0.0,-0.0,0.0,0.0,,0.0,0.0,12377.578999999969,0.0,0.0,,,,,0.0,0.0,1.0,0.0,0.0,0.0,0.0,0.0,0.0,0.0,,0.0,-0.0,0.0,0.0,,0.0,0.0,12377.578999999969,0.0,0.0,,,,,0.0,0.0
2025-09-11,LB_20250911_093623_SELL_0001,holdout,B_CLEAN_BREAKOUT,2025-09-11 13:36:24.142863600+00:00,2025-09-11T13:36:23.0000000Z,2025-09-11T13:36:24.0551411Z,SELL,23966.25,23973.75,34584.142863,34583.0,34584.055141,1.0,1.0,1.0,97417.0,17490.0,1.0,0.0,0.0,0.0,0.0,0.0,0.0,0.0,,0.0,-0.0,0.0,0.0,,0.0,0.0,1105.8630000043195,62.0,39.0,0.22772277227722773,0.0,-0.0,,0.0,0.0,1.0,25.0,25.0,22.0,0.0,0.0,28.0,-22.0,-0.3333333333333333,22.0,44.0,8.0,13.0,0.5,0.0,0.0,1105.8630000043195,114.0,45.0,0.4339622641509434,0.19298245614035087,0.38596491228070173,,0.0,0.0,1.0,31.0,31.0,25.0,0.0,0.0,28.0,-25.0,-0.3424657534246575,24.0,49.0,9.0,17.0,0.4897959183673469,0.0,0.0,1105.8630000043195,114.0,45.0,0.4339622641509434,0.21052631578947367,0.4298245614035088,,0.0,0.0,1.0,52.0,52.0,31.0,0.0,0.0,32.0,-31.0,-0.28440366972477066,39.0,70.0,15.0,29.0,0.5571428571428572,0.0,0.0,1105.8630000043195,114.0,45.0,0.4339622641509434,0.34210526315789475,0.6140350877192983,,0.0,0.0,1.0,0.0,0.0,0.0,0.0,0.0,0.0,0.0,,0.0,-0.0,0.0,0.0,,0.0,0.0,5949.863000001642,0.0,0.0,,,,,0.0,0.0,1.0,0.0,0.0,0.0,0.0,0.0,0.0,0.0,,0.0,-0.0,0.0,0.0,,0.0,0.0,5949.863000001642,0.0,0.0,,,,,0.0,0.0,1.0,0.0,0.0,0.0,0.0,0.0,0.0,0.0,,0.0,-0.0,0.0,0.0,,0.0,0.0,5949.863000001642,0.0,0.0,,,,,0.0,0.0,1.0,39.0,39.0,37.0,0.0,0.0,42.0,-37.0,-0.17535545023696683,87.0,124.0,12.0,20.0,0.7016129032258065,0.0,0.0,5949.863000001642,24.0,9.0,0.45454545454545453,3.625,5.166666666666667,48.99999999906868,9.0,75.0
2025-09-12,LB_20250912_093556_SELL_0001,holdout,C_MIXED_PATH,2025-09-12 13:35:57.019646300+00:00,2025-09-12T13:35:56.0000000Z,2025-09-12T13:35:57.0005644Z,SELL,24020.0,24040.0,34557.019646,34556.0,34557.000564,1.0,1.0,1.0,89465.0,15437.0,1.0,16.0,16.0,72.0,0.0,0.0,72.0,-72.0,-0.5901639344262295,25.0,97.0,6.0,8.0,0.25773195876288657,0.0,0.0,208.6459999991348,57.0,23.0,0.425,0.43859649122807015,1.7017543859649122,,0.0,0.0,1.0,23.0,23.0,68.0,0.0,0.0,79.0,-68.0,-0.4594594594594595,40.0,108.0,12.0,9.0,0.37037037037037035,0.0,0.0,208.6459999991348,57.0,23.0,0.425,0.7017543859649122,1.894736842105263,,0.0,0.0,1.0,34.0,34.0,70.0,0.0,0.0,79.0,-70.0,-0.3977272727272727,53.0,123.0,16.0,14.0,0.43089430894308944,0.0,0.0,208.6459999991348,57.0,23.0,0.425,0.9298245614035088,2.1578947368421053,,0.0,0.0,1.0,59.0,59.0,72.0,0.0,0.0,79.0,-72.0,-0.3103448275862069,80.0,152.0,26.0,23.0,0.5263157894736842,0.0,0.0,208.6459999991348,57.0,23.0,0.425,1.4035087719298245,2.6666666666666665,,0.0,0.0,1.0,0.0,0.0,0.0,0.0,0.0,0.0,0.0,,0.0,-0.0,0.0,0.0,,0.0,0.0,65503.64599999739,0.0,0.0,,,,,0.0,0.0,1.0,0.0,0.0,0.0,0.0,0.0,0.0,0.0,,0.0,-0.0,0.0,0.0,,0.0,0.0,65503.64599999739,0.0,0.0,,,,,0.0,0.0,1.0,0.0,0.0,0.0,0.0,0.0,0.0,0.0,,0.0,-0.0,0.0,0.0,,0.0,0.0,65503.64599999739,0.0,0.0,,,,,0.0,0.0,1.0,0.0,0.0,0.0,0.0,0.0,0.0,0.0,,0.0,-0.0,0.0,0.0,,0.0,0.0,65503.64599999739,0.0,0.0,,,,,0.0,0.0
2025-09-16,LB_20250916_093355_SELL_0001,holdout,C_MIXED_PATH,2025-09-16 13:33:56.159462100+00:00,2025-09-16T13:33:55.0000000Z,2025-09-16T13:33:56.0302521Z,SELL,24570.0,24581.25,34436.159462,34435.0,34436.030252,1.0,1.0,1.0,65101.0,10239.0,1.0,8.0,8.0,30.0,0.0,0.0,31.0,-30.0,-0.5769230769230769,11.0,41.0,4.0,4.0,0.2682926829268293,0.0,0.0,343.4620000043651,61.0,23.0,0.4523809523809524,0.18032786885245902,0.6721311475409836,142.99999999639113,3.0,10.0,1.0,15.0,15.0,31.0,0.0,0.0,34.0,-31.0,-0.49206349206349204,16.0,47.0,7.0,7.0,0.3404255319148936,0.0,0.0,343.4620000043651,61.0,23.0,0.4523809523809524,0.26229508196721313,0.7704918032786885,142.99999999639113,3.0,10.0,1.0,21.0,21.0,34.0,0.0,0.0,35.0,-34.0,-0.4857142857142857,18.0,52.0,9.0,10.0,0.34615384615384615,0.0,0.0,343.4620000043651,61.0,23.0,0.4523809523809524,0.29508196721311475,0.8524590163934426,142.99999999639113,3.0,10.0,1.0,35.0,35.0,37.0,0.0,0.0,37.0,-37.0,-0.4065934065934066,27.0,64.0,13.0,14.0,0.421875,0.0,0.0,343.4620000043651,61.0,23.0,0.4523809523809524,0.4426229508196721,1.0491803278688525,142.99999999639113,3.0,10.0,1.0,0.0,0.0,0.0,0.0,0.0,0.0,0.0,,0.0,-0.0,0.0,0.0,,0.0,0.0,8069.462000006752,0.0,0.0,,,,,0.0,0.0,1.0,0.0,0.0,0.0,0.0,0.0,0.0,0.0,,0.0,-0.0,0.0,0.0,,0.0,0.0,8069.462000006752,0.0,0.0,,,,,0.0,0.0,1.0,0.0,0.0,0.0,0.0,0.0,0.0,0.0,,0.0,-0.0,0.0,0.0,,0.0,0.0,8069.462000006752,0.0,0.0,,,,,0.0,0.0,1.0,21.0,21.0,42.0,0.0,0.0,42.0,-42.0,-0.5833333333333334,15.0,57.0,7.0,13.0,0.2631578947368421,0.0,0.0,8069.462000006752,55.0,31.0,0.27906976744186046,0.2727272727272727,1.0363636363636364,324.9999999970896,6.0,14.0
2025-09-18,LB_20250918_093225_BUY_0001,holdout,A_TRUE_ABSORPTION,2025-09-18 13:32:26.097938300+00:00,2025-09-18T13:32:25.0000000Z,2025-09-18T13:32:26.0087818Z,BUY,24698.75,24692.5,34346.097938,34345.0,34346.008781,1.0,1.0,1.0,49655.0,9657.0,1.0,21.0,21.0,27.0,0.0,0.0,27.0,-27.0,-0.27835051546391754,35.0,62.0,7.0,11.0,0.5645161290322581,0.0,0.0,27.93799999926705,234.0,11.0,0.9102040816326531,0.14957264957264957,0.26495726495726496,19.99999999679858,4.0,25.0,1.0,40.0,40.0,40.0,0.0,0.0,46.0,-40.0,-0.20408163265306123,78.0,118.0,13.0,19.0,0.6610169491525424,0.0,0.0,27.93799999926705,250.0,20.0,0.8518518518518519,0.312,0.472,122.0000000030268,10.0,70.0,1.0,61.0,61.0,48.0,0.0,0.0,53.0,-48.0,-0.19047619047619047,102.0,150.0,22.0,28.0,0.68,0.0,0.0,27.93799999926705,267.0,26.0,0.8225255972696246,0.38202247191011235,0.5617977528089888,86.99999999953434,21.0,97.0,1.0,84.0,84.0,43.0,0.0,0.0,54.0,-43.0,-0.15087719298245614,121.0,164.0,33.0,34.0,0.7378048780487805,0.0,0.0,27.93799999926705,267.0,26.0,0.8225255972696246,0.45318352059925093,0.6142322097378277,86.99999999953434,21.0,97.0,1.0,0.0,0.0,0.0,0.0,0.0,0.0,0.0,,0.0,-0.0,0.0,0.0,,0.0,0.0,2927.9380000007222,0.0,0.0,,,,,0.0,0.0,1.0,3.0,3.0,6.0,0.0,0.0,11.0,-6.0,-0.375,5.0,11.0,1.0,2.0,0.45454545454545453,0.0,0.0,2927.9380000007222,0.0,1.0,-1.0,,,,0.0,0.0,1.0,13.0,13.0,0.0,0.0,0.0,20.0,0.0,0.0,32.0,32.0,6.0,7.0,1.0,0.0,0.0,2927.9380000007222,9.0,16.0,-0.28,3.5555555555555554,3.5555555555555554,21.000000000640284,5.0,28.0,1.0,43.0,43.0,0.0,0.0,0.0,32.0,0.0,0.0,114.0,114.0,20.0,21.0,1.0,0.0,0.0,2927.9380000007222,60.0,48.0,0.1111111111111111,1.9,1.9,14.000000002852175,19.0,107.0
2025-09-23,LB_20250923_093525_SELL_0001,holdout,B_CLEAN_BREAKOUT,2025-09-23 13:35:26.055932600+00:00,2025-09-23T13:35:25.0000000Z,2025-09-23T13:35:26.0025635Z,SELL,24986.25,24990.0,34526.055932,34525.0,34526.002563,1.0,1.0,1.0,81105.0,14140.0,1.0,9.0,9.0,81.0,0.0,0.0,82.0,-81.0,-0.9101123595505618,4.0,85.0,2.0,5.0,0.047058823529411764,0.0,0.0,619.9320000014268,68.0,21.0,0.5280898876404494,0.058823529411764705,1.25,,0.0,0.0,1.0,21.0,21.0,62.0,0.0,0.0,86.0,-62.0,-0.5166666666666667,29.0,91.0,7.0,9.0,0.31868131868131866,0.0,0.0,619.9320000014268,68.0,21.0,0.5280898876404494,0.4264705882352941,1.338235294117647,,0.0,0.0,1.0,26.0,26.0,68.0,0.0,0.0,86.0,-68.0,-0.5074626865671642,33.0,101.0,9.0,10.0,0.32673267326732675,0.0,0.0,619.9320000014268,68.0,21.0,0.5280898876404494,0.4852941176470588,1.4852941176470589,,0.0,0.0,1.0,52.0,52.0,59.0,0.0,0.0,86.0,-59.0,-0.2532188841201717,87.0,146.0,17.0,20.0,0.5958904109589042,0.0,0.0,619.9320000014268,68.0,21.0,0.5280898876404494,1.2794117647058822,2.1470588235294117,,0.0,0.0,1.0,0.0,0.0,0.0,0.0,0.0,0.0,0.0,,0.0,-0.0,0.0,0.0,,0.0,0.0,2179.9320000063744,0.0,0.0,,,,,0.0,0.0,1.0,9.0,9.0,0.0,0.0,0.0,10.0,0.0,0.0,18.0,18.0,2.0,6.0,1.0,0.0,0.0,2179.9320000063744,22.0,18.0,0.1,0.8181818181818182,0.8181818181818182,353.9999999993597,2.0,18.0,1.0,30.0,30.0,3.0,0.0,0.0,35.0,-3.0,-0.023622047244094488,62.0,65.0,10.0,15.0,0.9538461538461539,0.0,0.0,2179.9320000063744,45.0,37.0,0.0975609756097561,1.3777777777777778,1.4444444444444444,1109.0000000040163,2.0,18.0,1.0,97.0,97.0,49.0,0.0,0.0,49.0,-49.0,-0.13725490196078433,154.0,203.0,38.0,44.0,0.7586206896551724,0.0,0.0,2179.9320000063744,46.0,37.0,0.10843373493975904,3.347826086956522,4.413043478260869,158.99999999965075,10.0,62.0
2025-09-25,LB_20250925_093609_SELL_0001,holdout,B_CLEAN_BREAKOUT,2025-09-25 13:36:10.056791600+00:00,2025-09-25T13:36:09.0000000Z,2025-09-25T13:36:10.0374136Z,SELL,24501.25,24532.5,34570.056791,34569.0,34570.037413,1.0,1.0,1.0,113316.0,22684.0,1.0,1.0,1.0,0.0,3.0,0.0,3.0,3.0,1.0,3.0,-0.0,1.0,0.0,,3.0,1.0,10.79100000060862,50.0,33.0,0.20481927710843373,0.06,-0.0,978.000000002794,1.0,3.0,1.0,33.0,33.0,52.0,3.0,0.0,52.0,-49.0,-0.28,63.0,112.0,13.0,16.0,0.5625,3.0,1.0,10.79100000060862,74.0,38.0,0.32142857142857145,0.8513513513513513,1.5135135135135136,114.99999999796273,9.0,45.0,1.0,45.0,45.0,57.0,3.0,0.0,63.0,-54.0,-0.23076923076923078,90.0,144.0,19.0,21.0,0.625,3.0,1.0,10.79100000060862,74.0,38.0,0.32142857142857145,1.2162162162162162,1.945945945945946,114.99999999796273,9.0,45.0,1.0,64.0,64.0,33.0,3.0,0.0,63.0,-30.0,-0.10638297872340426,126.0,156.0,31.0,24.0,0.8076923076923077,3.0,1.0,10.79100000060862,74.0,38.0,0.32142857142857145,1.7027027027027026,2.108108108108108,114.99999999796273,9.0,45.0,1.0,0.0,0.0,0.0,0.0,0.0,0.0,0.0,,0.0,-0.0,0.0,0.0,,0.0,0.0,114913.79100000631,0.0,0.0,,,,,0.0,0.0,1.0,0.0,0.0,0.0,0.0,0.0,0.0,0.0,,0.0,-0.0,0.0,0.0,,0.0,0.0,114913.79100000631,0.0,0.0,,,,,0.0,0.0,1.0,0.0,0.0,0.0,0.0,0.0,0.0,0.0,,0.0,-0.0,0.0,0.0,,0.0,0.0,114913.79100000631,0.0,0.0,,,,,0.0,0.0,1.0,0.0,0.0,0.0,0.0,0.0,0.0,0.0,,0.0,-0.0,0.0,0.0,,0.0,0.0,114913.79100000631,0.0,0.0,,,,,0.0,0.0
2025-09-26,LB_20250926_093218_BUY_0001,holdout,B_CLEAN_BREAKOUT,2025-09-26 13:32:19.078466600+00:00,2025-09-26T13:32:18.0000000Z,2025-09-26T13:32:19.0273954Z,BUY,24663.75,24657.5,34339.078466,34338.0,34339.027395,1.0,1.0,1.0,53416.0,12057.0,1.0,16.0,16.0,36.0,7.0,7.0,38.0,-29.0,-0.7435897435897436,5.0,34.0,4.0,7.0,0.14705882352941177,0.0,1.0,3.466000001935754,29.0,1.0,0.9333333333333333,0.1724137931034483,1.1724137931034482,,0.0,0.0,1.0,22.0,22.0,39.0,7.0,7.0,41.0,-32.0,-0.64,9.0,41.0,6.0,10.0,0.21951219512195122,0.0,1.0,3.466000001935754,29.0,1.0,0.9333333333333333,0.3103448275862069,1.4137931034482758,,0.0,0.0,1.0,36.0,36.0,38.0,7.0,7.0,41.0,-31.0,-0.5254237288135594,14.0,45.0,9.0,12.0,0.3111111111111111,0.0,1.0,3.466000001935754,29.0,1.0,0.9333333333333333,0.4827586206896552,1.5517241379310345,,0.0,0.0,1.0,47.0,47.0,36.0,7.0,7.0,42.0,-29.0,-0.38666666666666666,23.0,52.0,14.0,16.0,0.4423076923076923,0.0,1.0,3.466000001935754,29.0,1.0,0.9333333333333333,0.7931034482758621,1.793103448275862,,0.0,0.0,1.0,7.0,7.0,21.0,0.0,0.0,22.0,-21.0,-0.4666666666666667,12.0,33.0,3.0,4.0,0.36363636363636365,0.0,0.0,697.465999997803,22.0,12.0,0.29411764705882354,0.5454545454545454,1.5,114.00000000139698,2.0,11.0,1.0,28.0,28.0,15.0,0.0,0.0,23.0,-15.0,-0.2542372881355932,22.0,37.0,9.0,8.0,0.5945945945945946,0.0,0.0,697.465999997803,23.0,12.0,0.3142857142857143,0.9565217391304348,1.608695652173913,36.999999996623956,4.0,15.0,1.0,28.0,28.0,15.0,0.0,0.0,23.0,-15.0,-0.2542372881355932,22.0,37.0,9.0,8.0,0.5945945945945946,0.0,0.0,697.465999997803,23.0,12.0,0.3142857142857143,0.9565217391304348,1.608695652173913,36.999999996623956,4.0,15.0,1.0,70.0,70.0,10.0,0.0,0.0,23.0,-10.0,-0.10869565217391304,41.0,51.0,19.0,18.0,0.803921568627451,0.0,0.0,697.465999997803,23.0,12.0,0.3142857142857143,1.7826086956521738,2.217391304347826,36.999999996623956,4.0,15.0
2025-09-30,LB_20250930_093313_SELL_0001,holdout,B_CLEAN_BREAKOUT,2025-09-30 13:33:14.052151400+00:00,2025-09-30T13:33:13.0000000Z,2025-09-30T13:33:14.0160803Z,SELL,24790.0,24801.25,34394.052151,34393.0,34394.01608,1.0,1.0,1.0,50614.0,7726.0,1.0,10.0,10.0,79.0,0.0,0.0,79.0,-79.0,-0.7383177570093458,14.0,93.0,4.0,4.0,0.15053763440860216,0.0,0.0,318.15100000676466,102.0,15.0,0.7435897435897436,0.13725490196078433,0.9117647058823529,336.99999999953434,4.0,14.0,1.0,18.0,18.0,99.0,0.0,0.0,101.0,-99.0,-0.7333333333333333,18.0,117.0,7.0,9.0,0.15384615384615385,0.0,0.0,318.15100000676466,102.0,15.0,0.7435897435897436,0.17647058823529413,1.1470588235294117,336.99999999953434,4.0,14.0,1.0,33.0,33.0,90.0,0.0,0.0,105.0,-90.0,-0.5487804878048781,37.0,127.0,14.0,16.0,0.29133858267716534,0.0,0.0,318.15100000676466,102.0,15.0,0.7435897435897436,0.3627450980392157,1.2450980392156863,336.99999999953434,4.0,14.0,1.0,47.0,47.0,91.0,0.0,0.0,105.0,-91.0,-0.4918918918918919,47.0,138.0,23.0,21.0,0.34057971014492755,0.0,0.0,318.15100000676466,102.0,15.0,0.7435897435897436,0.46078431372549017,1.3529411764705883,336.99999999953434,4.0,14.0,1.0,0.0,0.0,0.0,0.0,0.0,0.0,0.0,,0.0,-0.0,0.0,0.0,,0.0,0.0,19731.150999999954,0.0,0.0,,,,,0.0,0.0,1.0,0.0,0.0,0.0,0.0,0.0,0.0,0.0,,0.0,-0.0,0.0,0.0,,0.0,0.0,19731.150999999954,0.0,0.0,,,,,0.0,0.0,1.0,0.0,0.0,0.0,0.0,0.0,0.0,0.0,,0.0,-0.0,0.0,0.0,,0.0,0.0,19731.150999999954,0.0,0.0,,,,,0.0,0.0,1.0,0.0,0.0,0.0,0.0,0.0,0.0,0.0,,0.0,-0.0,0.0,0.0,,0.0,0.0,19731.150999999954,0.0,0.0,,,,,0.0,0.0
2025-10-01,LB_20251001_093134_BUY_0001,holdout,A_TRUE_ABSORPTION,2025-10-01 13:31:35.071474900+00:00,2025-10-01T13:31:34.0000000Z,2025-10-01T13:31:35.0000079Z,BUY,24807.5,24768.75,34295.071474,34294.0,34295.000007,1.0,1.0,1.0,32702.0,7638.0,1.0,9.0,9.0,21.0,0.0,0.0,23.0,-21.0,-0.6,7.0,28.0,4.0,4.0,0.25,0.0,0.0,481.47400000016205,0.0,0.0,,,,,0.0,0.0,1.0,21.0,21.0,24.0,0.0,0.0,30.0,-24.0,-0.4,18.0,42.0,8.0,10.0,0.42857142857142855,0.0,0.0,481.47400000016205,0.0,0.0,,,,,0.0,0.0,1.0,23.0,23.0,24.0,0.0,0.0,30.0,-24.0,-0.3870967741935484,19.0,43.0,9.0,11.0,0.4418604651162791,0.0,0.0,481.47400000016205,0.0,0.0,,,,,0.0,0.0,1.0,27.0,27.0,21.0,0.0,0.0,30.0,-21.0,-0.3230769230769231,22.0,43.0,12.0,11.0,0.5116279069767442,0.0,0.0,481.47400000016205,0.0,0.0,,,,,0.0,0.0,1.0,0.0,0.0,0.0,0.0,0.0,0.0,0.0,,0.0,-0.0,0.0,0.0,,0.0,0.0,15858.473999993294,0.0,0.0,,,,,0.0,0.0,1.0,0.0,0.0,0.0,0.0,0.0,0.0,0.0,,0.0,-0.0,0.0,0.0,,0.0,0.0,15858.473999993294,0.0,0.0,,,,,0.0,0.0,1.0,0.0,0.0,0.0,0.0,0.0,0.0,0.0,,0.0,-0.0,0.0,0.0,,0.0,0.0,15858.473999993294,0.0,0.0,,,,,0.0,0.0,1.0,0.0,0.0,0.0,0.0,0.0,0.0,0.0,,0.0,-0.0,0.0,0.0,,0.0,0.0,15858.473999993294,0.0,0.0,,,,,0.0,0.0
2025-10-02,LB_20251002_093721_SELL_0001,holdout,B_CLEAN_BREAKOUT,2025-10-02 13:37:22.052539800+00:00,2025-10-02T13:37:21.0000000Z,2025-10-02T13:37:22.0036543Z,SELL,25108.75,25138.75,34642.052539,34641.0,34642.003654,1.0,1.0,1.0,112749.0,19791.0,1.0,5.0,5.0,31.0,0.0,0.0,33.0,-31.0,-0.6595744680851063,8.0,39.0,2.0,3.0,0.20512820512820512,0.0,0.0,375.5389999932959,87.0,10.0,0.7938144329896907,0.09195402298850575,0.4482758620689655,,0.0,0.0,1.0,10.0,10.0,31.0,0.0,0.0,34.0,-31.0,-0.5849056603773585,11.0,42.0,5.0,4.0,0.2619047619047619,0.0,0.0,375.5389999932959,87.0,10.0,0.7938144329896907,0.12643678160919541,0.4827586206896552,,0.0,0.0,1.0,11.0,11.0,30.0,0.0,0.0,34.0,-30.0,-0.5555555555555556,12.0,42.0,6.0,4.0,0.2857142857142857,0.0,0.0,375.5389999932959,87.0,10.0,0.7938144329896907,0.13793103448275862,0.4827586206896552,,0.0,0.0,1.0,28.0,28.0,36.0,0.0,0.0,36.0,-36.0,-0.5294117647058824,16.0,52.0,9.0,14.0,0.3076923076923077,0.0,0.0,375.5389999932959,87.0,10.0,0.7938144329896907,0.1839080459770115,0.5977011494252874,,0.0,0.0,1.0,0.0,0.0,0.0,0.0,0.0,0.0,0.0,,0.0,-0.0,0.0,0.0,,0.0,0.0,192935.53899999824,0.0,0.0,,,,,0.0,0.0,1.0,0.0,0.0,0.0,0.0,0.0,0.0,0.0,,0.0,-0.0,0.0,0.0,,0.0,0.0,192935.53899999824,0.0,0.0,,,,,0.0,0.0,1.0,0.0,0.0,0.0,0.0,0.0,0.0,0.0,,0.0,-0.0,0.0,0.0,,0.0,0.0,192935.53899999824,0.0,0.0,,,,,0.0,0.0,1.0,0.0,0.0,0.0,0.0,0.0,0.0,0.0,,0.0,-0.0,0.0,0.0,,0.0,0.0,192935.53899999824,0.0,0.0,,,,,0.0,0.0
2025-10-08,LB_20251008_093125_BUY_0001,holdout,B_CLEAN_BREAKOUT,2025-10-08 13:31:26.053441900+00:00,2025-10-08T13:31:25.0000000Z,2025-10-08T13:31:26.0100634Z,BUY,25107.5,25098.75,34286.053441,34285.0,34286.010063,1.0,1.0,1.0,23696.0,4832.0,1.0,8.0,8.0,63.0,13.0,11.0,63.0,-50.0,-0.8620689655172413,4.0,54.0,1.0,5.0,0.07407407407407407,2.0,1.0,0.44099999649915844,78.0,9.0,0.7931034482758621,0.05128205128205128,0.6923076923076923,171.99999999866122,1.0,4.0,1.0,10.0,10.0,53.0,13.0,11.0,63.0,-40.0,-0.5882352941176471,14.0,54.0,2.0,5.0,0.25925925925925924,2.0,1.0,0.44099999649915844,78.0,9.0,0.7931034482758621,0.1794871794871795,0.6923076923076923,171.99999999866122,1.0,4.0,1.0,20.0,20.0,49.0,13.0,11.0,63.0,-36.0,-0.3829787234042553,29.0,65.0,8.0,7.0,0.4461538461538462,2.0,1.0,0.44099999649915844,78.0,9.0,0.7931034482758621,0.3717948717948718,0.8333333333333334,171.99999999866122,1.0,4.0,1.0,22.0,22.0,48.0,13.0,11.0,63.0,-35.0,-0.3684210526315789,30.0,65.0,9.0,7.0,0.46153846153846156,2.0,1.0,0.44099999649915844,78.0,9.0,0.7931034482758621,0.38461538461538464,0.8333333333333334,171.99999999866122,1.0,4.0,1.0,0.0,0.0,0.0,0.0,0.0,0.0,0.0,,0.0,-0.0,0.0,0.0,,0.0,0.0,6374.440999999933,0.0,0.0,,,,,0.0,0.0,1.0,0.0,0.0,0.0,0.0,0.0,0.0,0.0,,0.0,-0.0,0.0,0.0,,0.0,0.0,6374.440999999933,0.0,0.0,,,,,0.0,0.0,1.0,0.0,0.0,0.0,0.0,0.0,0.0,0.0,,0.0,-0.0,0.0,0.0,,0.0,0.0,6374.440999999933,0.0,0.0,,,,,0.0,0.0,1.0,53.0,53.0,28.0,0.0,0.0,30.0,-28.0,-0.1346153846153846,90.0,118.0,27.0,23.0,0.7627118644067796,0.0,0.0,6374.440999999933,27.0,31.0,-0.06896551724137931,3.3333333333333335,4.37037037037037,173.00000000250293,23.0,86.0
2025-10-13,LB_20251013_093429_SELL_0001,holdout,B_CLEAN_BREAKOUT,2025-10-13 13:34:30.096709400+00:00,2025-10-13T13:34:29.0000000Z,2025-10-13T13:34:30.0672911Z,SELL,24780.0,24801.25,34470.096709,34469.0,34470.067291,1.0,1.0,1.0,85927.0,17710.0,1.0,2.0,2.0,0.0,9.0,0.0,9.0,9.0,1.0,9.0,-0.0,1.0,0.0,,9.0,1.0,27.708999994501937,40.0,31.0,0.1267605633802817,0.225,-0.0,924.9999999956344,1.0,9.0,1.0,8.0,8.0,32.0,9.0,0.0,35.0,-23.0,-0.46938775510204084,13.0,36.0,2.0,3.0,0.3611111111111111,9.0,1.0,27.708999994501937,70.0,37.0,0.308411214953271,0.18571428571428572,0.5142857142857142,1011.9999999951688,1.0,9.0,1.0,11.0,11.0,31.0,9.0,0.0,35.0,-22.0,-0.4230769230769231,15.0,37.0,4.0,4.0,0.40540540540540543,9.0,1.0,27.708999994501937,70.0,37.0,0.308411214953271,0.21428571428571427,0.5285714285714286,1011.9999999951688,1.0,9.0,1.0,44.0,44.0,31.0,9.0,0.0,35.0,-22.0,-0.2682926829268293,30.0,52.0,17.0,16.0,0.5769230769230769,9.0,1.0,27.708999994501937,70.0,37.0,0.308411214953271,0.42857142857142855,0.7428571428571429,1011.9999999951688,1.0,9.0,1.0,0.0,0.0,0.0,0.0,0.0,0.0,0.0,,0.0,-0.0,0.0,0.0,,0.0,0.0,9785.708999996132,0.0,0.0,,,,,0.0,0.0,1.0,0.0,0.0,0.0,0.0,0.0,0.0,0.0,,0.0,-0.0,0.0,0.0,,0.0,0.0,9785.708999996132,0.0,0.0,,,,,0.0,0.0,1.0,0.0,0.0,0.0,0.0,0.0,0.0,0.0,,0.0,-0.0,0.0,0.0,,0.0,0.0,9785.708999996132,0.0,0.0,,,,,0.0,0.0,1.0,6.0,6.0,10.0,0.0,0.0,10.0,-10.0,-0.5555555555555556,4.0,14.0,2.0,3.0,0.2857142857142857,0.0,0.0,9785.708999996132,14.0,21.0,-0.2,0.2857142857142857,1.0,,0.0,0.0
2025-10-17,LB_20251017_093426_BUY_0002,holdout,C_MIXED_PATH,2025-10-17 13:34:27.067134700+00:00,2025-10-17T13:34:26.0000000Z,2025-10-17T13:34:27.0286352Z,BUY,24780.0,24771.25,34467.067134,34466.0,34467.028635,1.0,1.0,1.0,101583.0,16680.0,1.0,16.0,16.0,71.0,0.0,0.0,74.0,-71.0,-0.5966386554621849,24.0,95.0,8.0,7.0,0.25263157894736843,0.0,0.0,64.13400000019465,83.0,9.0,0.8043478260869565,0.2891566265060241,1.144578313253012,18.000000003667083,8.0,24.0,1.0,37.0,37.0,71.0,0.0,0.0,77.0,-71.0,-0.4965034965034965,36.0,107.0,14.0,17.0,0.3364485981308411,0.0,0.0,64.13400000019465,83.0,9.0,0.8043478260869565,0.43373493975903615,1.2891566265060241,18.000000003667083,8.0,24.0,1.0,61.0,61.0,75.0,0.0,0.0,77.0,-75.0,-0.45454545454545453,45.0,120.0,21.0,26.0,0.375,0.0,0.0,64.13400000019465,83.0,9.0,0.8043478260869565,0.5421686746987951,1.4457831325301205,18.000000003667083,8.0,24.0,1.0,126.0,126.0,79.0,0.0,0.0,81.0,-79.0,-0.33905579399141633,77.0,156.0,41.0,47.0,0.4935897435897436,0.0,0.0,64.13400000019465,83.0,9.0,0.8043478260869565,0.927710843373494,1.8795180722891567,18.000000003667083,8.0,24.0,1.0,0.0,0.0,0.0,0.0,0.0,0.0,0.0,,0.0,-0.0,0.0,0.0,,0.0,0.0,1459.1339999969932,0.0,0.0,,,,,0.0,0.0,1.0,19.0,19.0,11.0,0.0,0.0,18.0,-11.0,-0.2682926829268293,15.0,26.0,7.0,9.0,0.5769230769230769,0.0,0.0,1459.1339999969932,2.0,4.0,-0.3333333333333333,7.5,13.0,152.9999999984284,1.0,1.0,1.0,40.0,40.0,11.0,0.0,0.0,18.0,-11.0,-0.1134020618556701,43.0,54.0,15.0,17.0,0.7962962962962963,0.0,0.0,1459.1339999969932,7.0,7.0,0.0,6.142857142857143,7.714285714285714,101.00000000238651,13.0,41.0,1.0,68.0,68.0,21.0,0.0,0.0,21.0,-21.0,-0.11864406779661017,78.0,99.0,24.0,31.0,0.7878787878787878,0.0,0.0,1459.1339999969932,25.0,15.0,0.25,3.12,3.96,285.00000000349246,22.0,76.0
2025-10-20,LB_20251020_093100_BUY_0001,holdout,C_MIXED_PATH,2025-10-20 13:31:01.005530100+00:00,2025-10-20T13:31:00.0000000Z,2025-10-20T13:31:01.0008473Z,BUY,25182.5,25176.25,34261.00553,34260.0,34261.000847,1.0,1.0,1.0,22022.0,5395.0,1.0,9.0,9.0,19.0,0.0,0.0,21.0,-19.0,-0.6551724137931034,5.0,24.0,3.0,5.0,0.20833333333333334,0.0,0.0,53.53000000468455,33.0,17.0,0.32,0.15151515151515152,0.7272727272727273,1.0000000038417056,1.0,1.0,1.0,15.0,15.0,24.0,0.0,0.0,24.0,-24.0,-0.6666666666666666,6.0,30.0,4.0,7.0,0.2,0.0,0.0,53.53000000468455,33.0,17.0,0.32,0.18181818181818182,0.9090909090909091,1.0000000038417056,1.0,1.0,1.0,20.0,20.0,23.0,0.0,0.0,24.0,-23.0,-0.5609756097560976,9.0,32.0,7.0,9.0,0.28125,0.0,0.0,53.53000000468455,33.0,17.0,0.32,0.2727272727272727,0.9696969696969697,1.0000000038417056,1.0,1.0,1.0,48.0,48.0,22.0,0.0,0.0,25.0,-22.0,-0.25,33.0,55.0,20.0,23.0,0.6,0.0,0.0,53.53000000468455,33.0,17.0,0.32,1.0,1.6666666666666667,1.0000000038417056,1.0,1.0,1.0,13.0,13.0,21.0,0.0,0.0,28.0,-21.0,-0.38181818181818183,17.0,38.0,5.0,7.0,0.4473684210526316,0.0,0.0,353.530000000319,31.0,8.0,0.5897435897435898,0.5483870967741935,1.2258064516129032,0.999999996565748,4.0,15.0,1.0,23.0,23.0,29.0,0.0,0.0,29.0,-29.0,-0.43283582089552236,19.0,48.0,7.0,11.0,0.3958333333333333,0.0,0.0,353.530000000319,31.0,8.0,0.5897435897435898,0.6129032258064516,1.5483870967741935,0.999999996565748,4.0,15.0,1.0,32.0,32.0,32.0,0.0,0.0,33.0,-32.0,-0.4,24.0,56.0,10.0,15.0,0.42857142857142855,0.0,0.0,353.530000000319,31.0,8.0,0.5897435897435898,0.7741935483870968,1.8064516129032258,0.999999996565748,4.0,15.0,1.0,67.0,67.0,24.0,0.0,0.0,33.0,-24.0,-0.21428571428571427,44.0,68.0,22.0,24.0,0.6470588235294118,0.0,0.0,353.530000000319,31.0,8.0,0.5897435897435898,1.4193548387096775,2.193548387096774,0.999999996565748,4.0,15.0
2025-10-22,LB_20251022_093346_SELL_0001,holdout,B_CLEAN_BREAKOUT,2025-10-22 13:33:47.074027600+00:00,2025-10-22T13:33:46.0000000Z,2025-10-22T13:33:47.0017844Z,SELL,25208.75,25213.75,34427.074027,34426.0,34427.001784,1.0,1.0,1.0,66256.0,11723.0,1.0,0.0,0.0,0.0,0.0,0.0,0.0,0.0,,0.0,-0.0,0.0,0.0,,0.0,0.0,1097.0270000034361,7.0,55.0,-0.7741935483870968,0.0,-0.0,,0.0,0.0,1.0,6.0,6.0,30.0,0.0,0.0,30.0,-30.0,-1.0,0.0,30.0,0.0,5.0,0.0,0.0,0.0,1097.0270000034361,56.0,74.0,-0.13846153846153847,0.0,0.5357142857142857,,0.0,0.0,1.0,9.0,9.0,29.0,0.0,0.0,30.0,-29.0,-0.8787878787878788,2.0,31.0,2.0,6.0,0.06451612903225806,0.0,0.0,1097.0270000034361,56.0,74.0,-0.13846153846153847,0.03571428571428571,0.5535714285714286,,0.0,0.0,1.0,19.0,19.0,22.0,0.0,0.0,30.0,-22.0,-0.5,11.0,33.0,9.0,7.0,0.3333333333333333,0.0,0.0,1097.0270000034361,56.0,74.0,-0.13846153846153847,0.19642857142857142,0.5892857142857143,,0.0,0.0,1.0,0.0,0.0,0.0,0.0,0.0,0.0,0.0,,0.0,-0.0,0.0,0.0,,0.0,0.0,2389.0270000047167,0.0,0.0,,,,,0.0,0.0,1.0,13.0,13.0,17.0,0.0,0.0,28.0,-17.0,-0.3469387755102041,16.0,33.0,3.0,9.0,0.48484848484848486,0.0,0.0,2389.0270000047167,5.0,0.0,1.0,3.2,6.6,,0.0,0.0,1.0,41.0,41.0,25.0,0.0,0.0,28.0,-25.0,-0.1724137931034483,60.0,85.0,14.0,22.0,0.7058823529411765,0.0,0.0,2389.0270000047167,16.0,2.0,0.7777777777777778,3.75,5.3125,95.00000000116415,14.0,60.0,1.0,99.0,99.0,12.0,0.0,0.0,28.0,-12.0,-0.03488372093023256,166.0,178.0,41.0,46.0,0.9325842696629213,0.0,0.0,2389.0270000047167,26.0,30.0,-0.07142857142857142,6.384615384615385,6.846153846153846,1429.999999993015,30.0,114.0
2025-10-27,LB_20251027_093502_SELL_0001,holdout,B_CLEAN_BREAKOUT,2025-10-27 13:35:03.050327600+00:00,2025-10-27T13:35:02.0000000Z,2025-10-27T13:35:03.0152161Z,SELL,25812.5,25815.0,34503.050327,34502.0,34503.015216,1.0,1.0,1.0,83825.0,14708.0,1.0,12.0,12.0,22.0,0.0,0.0,24.0,-22.0,-0.4782608695652174,12.0,34.0,4.0,7.0,0.35294117647058826,0.0,0.0,57.32699999498436,24.0,8.0,0.5,0.5,1.4166666666666667,124.00000000343425,2.0,10.0,1.0,19.0,19.0,28.0,0.0,0.0,28.0,-28.0,-0.5,14.0,42.0,6.0,11.0,0.3333333333333333,0.0,0.0,57.32699999498436,24.0,8.0,0.5,0.5833333333333334,1.75,124.00000000343425,2.0,10.0,1.0,22.0,22.0,27.0,0.0,0.0,28.0,-27.0,-0.4426229508196721,17.0,44.0,7.0,13.0,0.38636363636363635,0.0,0.0,57.32699999498436,24.0,8.0,0.5,0.7083333333333334,1.8333333333333333,124.00000000343425,2.0,10.0,1.0,45.0,45.0,29.0,0.0,0.0,30.0,-29.0,-0.3118279569892473,32.0,61.0,15.0,25.0,0.5245901639344263,0.0,0.0,57.32699999498436,24.0,8.0,0.5,1.3333333333333333,2.5416666666666665,124.00000000343425,2.0,10.0,1.0,8.0,8.0,31.0,0.0,0.0,34.0,-31.0,-0.7560975609756098,5.0,36.0,4.0,3.0,0.1388888888888889,0.0,0.0,463.3269999976619,47.0,8.0,0.7090909090909091,0.10638297872340426,0.7659574468085106,,0.0,0.0,1.0,13.0,13.0,31.0,0.0,0.0,34.0,-31.0,-0.6888888888888889,7.0,38.0,6.0,5.0,0.18421052631578946,0.0,0.0,463.3269999976619,47.0,8.0,0.7090909090909091,0.14893617021276595,0.8085106382978723,,0.0,0.0,1.0,17.0,17.0,29.0,0.0,0.0,34.0,-29.0,-0.5471698113207547,12.0,41.0,8.0,7.0,0.2926829268292683,0.0,0.0,463.3269999976619,47.0,8.0,0.7090909090909091,0.2553191489361702,0.8723404255319149,,0.0,0.0,1.0,22.0,22.0,29.0,0.0,0.0,34.0,-29.0,-0.5087719298245614,14.0,43.0,10.0,9.0,0.32558139534883723,0.0,0.0,463.3269999976619,47.0,8.0,0.7090909090909091,0.2978723404255319,0.9148936170212766,,0.0,0.0
2025-10-30,LB_20251030_093452_SELL_0001,holdout,B_CLEAN_BREAKOUT,2025-10-30 13:34:53.124208100+00:00,2025-10-30T13:34:52.0000000Z,2025-10-30T13:34:53.0933580Z,SELL,26050.0,26071.25,34493.124208,34492.0,34493.093358,1.0,1.0,1.0,109878.0,15494.0,1.0,2.0,2.0,113.0,0.0,0.0,113.0,-113.0,-1.0,0.0,113.0,0.0,2.0,0.0,0.0,0.0,921.2079999997513,210.0,67.0,0.516245487364621,0.0,0.5380952380952381,,0.0,0.0,1.0,19.0,19.0,137.0,0.0,0.0,137.0,-137.0,-0.8616352201257862,11.0,148.0,5.0,13.0,0.07432432432432433,0.0,0.0,921.2079999997513,210.0,67.0,0.516245487364621,0.05238095238095238,0.7047619047619048,,0.0,0.0,1.0,28.0,28.0,133.0,0.0,0.0,139.0,-133.0,-0.76,21.0,154.0,11.0,16.0,0.13636363636363635,0.0,0.0,921.2079999997513,210.0,67.0,0.516245487364621,0.1,0.7333333333333333,,0.0,0.0,1.0,53.0,53.0,127.0,0.0,0.0,139.0,-127.0,-0.6580310880829016,33.0,160.0,22.0,22.0,0.20625,0.0,0.0,921.2079999997513,210.0,67.0,0.516245487364621,0.15714285714285714,0.7619047619047619,,0.0,0.0,1.0,0.0,0.0,0.0,0.0,0.0,0.0,0.0,,0.0,-0.0,0.0,0.0,,0.0,0.0,19556.20800000179,0.0,0.0,,,,,0.0,0.0,1.0,0.0,0.0,0.0,0.0,0.0,0.0,0.0,,0.0,-0.0,0.0,0.0,,0.0,0.0,19556.20800000179,0.0,0.0,,,,,0.0,0.0,1.0,0.0,0.0,0.0,0.0,0.0,0.0,0.0,,0.0,-0.0,0.0,0.0,,0.0,0.0,19556.20800000179,0.0,0.0,,,,,0.0,0.0,1.0,0.0,0.0,0.0,0.0,0.0,0.0,0.0,,0.0,-0.0,0.0,0.0,,0.0,0.0,19556.20800000179,0.0,0.0,,,,,0.0,0.0
2026-03-11,LB_20260311_093757_BUY_0001,holdout,A_TRUE_ABSORPTION,2026-03-11 13:37:58.216749500+00:00,2026-03-11T13:37:57.0000000Z,2026-03-11T13:37:58.0465589Z,BUY,25106.25,25091.25,34678.216749,34677.0,34678.046558,1.0,1.0,1.0,127174.0,16309.0,1.0,11.0,11.0,0.0,2.0,0.0,18.0,2.0,0.038461538461538464,27.0,25.0,6.0,4.0,1.08,2.0,1.0,131.74900000012713,5.0,7.0,-0.16666666666666666,5.4,5.0,32.99999999580905,4.0,9.0,1.0,17.0,17.0,18.0,2.0,0.0,21.0,-16.0,-0.21052631578947367,30.0,46.0,9.0,7.0,0.6521739130434783,2.0,1.0,131.74900000012713,28.0,13.0,0.36585365853658536,1.0714285714285714,1.6428571428571428,88.99999999994179,6.0,27.0,1.0,23.0,23.0,19.0,2.0,0.0,21.0,-17.0,-0.20987654320987653,32.0,49.0,11.0,10.0,0.6530612244897959,2.0,1.0,131.74900000012713,28.0,13.0,0.36585365853658536,1.1428571428571428,1.75,88.99999999994179,6.0,27.0,1.0,34.0,34.0,21.0,2.0,0.0,21.0,-19.0,-0.21348314606741572,35.0,54.0,13.0,15.0,0.6481481481481481,2.0,1.0,131.74900000012713,28.0,13.0,0.36585365853658536,1.25,1.9285714285714286,88.99999999994179,6.0,27.0,1.0,0.0,0.0,0.0,0.0,0.0,0.0,0.0,,0.0,-0.0,0.0,0.0,,0.0,0.0,10177.749000002223,0.0,0.0,,,,,0.0,0.0,1.0,0.0,0.0,0.0,0.0,0.0,0.0,0.0,,0.0,-0.0,0.0,0.0,,0.0,0.0,10177.749000002223,0.0,0.0,,,,,0.0,0.0,1.0,0.0,0.0,0.0,0.0,0.0,0.0,0.0,,0.0,-0.0,0.0,0.0,,0.0,0.0,10177.749000002223,0.0,0.0,,,,,0.0,0.0,1.0,0.0,0.0,0.0,0.0,0.0,0.0,0.0,,0.0,-0.0,0.0,0.0,,0.0,0.0,10177.749000002223,0.0,0.0,,,,,0.0,0.0
2026-03-24,LB_20260324_093135_SELL_0001,holdout,A_TRUE_ABSORPTION,2026-03-24 13:31:36.204730900+00:00,2026-03-24T13:31:35.0000000Z,2026-03-24T13:31:36.0097639Z,SELL,24290.0,24227.5,34296.20473,34295.0,34296.009763,1.0,1.0,1.0,30822.0,6014.0,1.0,0.0,0.0,0.0,0.0,0.0,0.0,0.0,,0.0,-0.0,0.0,0.0,,0.0,0.0,15825.729999996838,0.0,0.0,,,,,0.0,0.0,1.0,0.0,0.0,0.0,0.0,0.0,0.0,0.0,,0.0,-0.0,0.0,0.0,,0.0,0.0,15825.729999996838,0.0,0.0,,,,,0.0,0.0,1.0,0.0,0.0,0.0,0.0,0.0,0.0,0.0,,0.0,-0.0,0.0,0.0,,0.0,0.0,15825.729999996838,0.0,0.0,,,,,0.0,0.0,1.0,0.0,0.0,0.0,0.0,0.0,0.0,0.0,,0.0,-0.0,0.0,0.0,,0.0,0.0,15825.729999996838,0.0,0.0,,,,,0.0,0.0,1.0,0.0,0.0,0.0,0.0,0.0,0.0,0.0,,0.0,-0.0,0.0,0.0,,0.0,0.0,22149.729999997362,0.0,0.0,,,,,0.0,0.0,1.0,0.0,0.0,0.0,0.0,0.0,0.0,0.0,,0.0,-0.0,0.0,0.0,,0.0,0.0,22149.729999997362,0.0,0.0,,,,,0.0,0.0,1.0,0.0,0.0,0.0,0.0,0.0,0.0,0.0,,0.0,-0.0,0.0,0.0,,0.0,0.0,22149.729999997362,0.0,0.0,,,,,0.0,0.0,1.0,0.0,0.0,0.0,0.0,0.0,0.0,0.0,,0.0,-0.0,0.0,0.0,,0.0,0.0,22149.729999997362,0.0,0.0,,,,,0.0,0.0
2026-03-31,LB_20260331_093135_BUY_0001,holdout,A_TRUE_ABSORPTION,2026-03-31 13:31:36.103366500+00:00,2026-03-31T13:31:35.0000000Z,2026-03-31T13:31:36.0323583Z,BUY,23440.0,23428.75,34296.103366,34295.0,34296.032358,1.0,1.0,1.0,31417.0,5825.0,1.0,3.0,3.0,0.0,0.0,0.0,9.0,0.0,0.0,9.0,9.0,2.0,1.0,1.0,0.0,0.0,16.366000003472436,45.0,45.0,0.0,0.2,0.2,900.0000000014552,2.0,9.0,1.0,8.0,8.0,35.0,0.0,0.0,36.0,-35.0,-0.6363636363636364,10.0,45.0,3.0,5.0,0.2222222222222222,0.0,0.0,16.366000003472436,45.0,45.0,0.0,0.2222222222222222,1.0,900.0000000014552,2.0,9.0,1.0,14.0,14.0,30.0,0.0,0.0,36.0,-30.0,-0.4838709677419355,16.0,46.0,7.0,6.0,0.34782608695652173,0.0,0.0,16.366000003472436,45.0,45.0,0.0,0.35555555555555557,1.0222222222222221,900.0000000014552,2.0,9.0,1.0,23.0,23.0,34.0,0.0,0.0,36.0,-34.0,-0.4722222222222222,19.0,53.0,10.0,10.0,0.3584905660377358,0.0,0.0,16.366000003472436,45.0,45.0,0.0,0.4222222222222222,1.1777777777777778,900.0000000014552,2.0,9.0,1.0,0.0,0.0,0.0,0.0,0.0,0.0,0.0,,0.0,-0.0,0.0,0.0,,0.0,0.0,4421.366000002308,0.0,0.0,,,,,0.0,0.0,1.0,0.0,0.0,0.0,0.0,0.0,0.0,0.0,,0.0,-0.0,0.0,0.0,,0.0,0.0,4421.366000002308,0.0,0.0,,,,,0.0,0.0,1.0,10.0,10.0,0.0,0.0,0.0,15.0,0.0,0.0,16.0,16.0,5.0,4.0,1.0,0.0,0.0,4421.366000002308,3.0,2.0,0.2,5.333333333333333,5.333333333333333,,0.0,0.0,1.0,17.0,17.0,0.0,0.0,0.0,15.0,0.0,0.0,22.0,22.0,9.0,7.0,1.0,0.0,0.0,4421.366000002308,11.0,34.0,-0.5111111111111111,2.0,2.0,898.9999999976135,8.0,20.0
2026-04-10,LB_20260410_093110_BUY_0001,holdout,C_MIXED_PATH,2026-04-10 13:31:11.048533+00:00,2026-04-10T13:31:10.0000000Z,2026-04-10T13:31:11.0161225Z,BUY,25352.5,25343.75,34271.048533,34270.0,34271.016122,1.0,1.0,1.0,25622.0,5109.0,1.0,5.0,5.0,16.0,6.0,6.0,22.0,-10.0,-0.45454545454545453,6.0,16.0,2.0,3.0,0.375,0.0,1.0,23.532999999588355,33.0,1.0,0.9411764705882353,0.18181818181818182,0.48484848484848486,28.99999999499414,2.0,6.0,1.0,8.0,8.0,15.0,6.0,6.0,22.0,-9.0,-0.36,8.0,17.0,4.0,4.0,0.47058823529411764,0.0,1.0,23.532999999588355,33.0,1.0,0.9411764705882353,0.24242424242424243,0.5151515151515151,28.99999999499414,2.0,6.0,1.0,12.0,12.0,15.0,6.0,6.0,22.0,-9.0,-0.21951219512195122,16.0,25.0,6.0,6.0,0.64,0.0,1.0,23.532999999588355,33.0,1.0,0.9411764705882353,0.48484848484848486,0.7575757575757576,28.99999999499414,2.0,6.0,1.0,48.0,48.0,12.0,6.0,6.0,22.0,-6.0,-0.07692307692307693,36.0,42.0,20.0,16.0,0.8571428571428571,0.0,1.0,23.532999999588355,33.0,1.0,0.9411764705882353,1.0909090909090908,1.2727272727272727,28.99999999499414,2.0,6.0,1.0,0.0,0.0,0.0,0.0,0.0,0.0,0.0,,0.0,-0.0,0.0,0.0,,0.0,0.0,3685.5330000034883,0.0,0.0,,,,,0.0,0.0,1.0,0.0,0.0,0.0,0.0,0.0,0.0,0.0,,0.0,-0.0,0.0,0.0,,0.0,0.0,3685.5330000034883,0.0,0.0,,,,,0.0,0.0,1.0,19.0,19.0,0.0,0.0,0.0,16.0,0.0,0.0,39.0,39.0,8.0,10.0,1.0,0.0,0.0,3685.5330000034883,7.0,10.0,-0.17647058823529413,5.571428571428571,5.571428571428571,2.0000000004074536,8.0,39.0,1.0,31.0,31.0,15.0,0.0,0.0,17.0,-15.0,-0.1282051282051282,51.0,66.0,12.0,15.0,0.7727272727272727,0.0,0.0,3685.5330000034883,15.0,13.0,0.07142857142857142,3.4,4.4,13.000000006286427,9.0,44.0
2026-04-30,LB_20260430_093337_SELL_0001,holdout,B_CLEAN_BREAKOUT,2026-04-30 13:33:38.032773+00:00,2026-04-30T13:33:37.0000000Z,2026-04-30T13:33:38.0011093Z,SELL,27377.5,27422.5,34418.032773,34417.0,34418.001109,1.0,1.0,1.0,93149.0,14103.0,1.0,12.0,12.0,12.0,0.0,0.0,13.0,-12.0,-0.5,6.0,18.0,3.0,7.0,0.3333333333333333,0.0,0.0,104.77299999911338,39.0,3.0,0.8571428571428571,0.15384615384615385,0.46153846153846156,54.00000000372529,1.0,2.0,1.0,21.0,21.0,14.0,0.0,0.0,15.0,-14.0,-0.4375,9.0,23.0,6.0,10.0,0.391304347826087,0.0,0.0,104.77299999911338,39.0,3.0,0.8571428571428571,0.23076923076923078,0.5897435897435898,54.00000000372529,1.0,2.0,1.0,22.0,22.0,13.0,0.0,0.0,15.0,-13.0,-0.3939393939393939,10.0,23.0,7.0,10.0,0.43478260869565216,0.0,0.0,104.77299999911338,39.0,3.0,0.8571428571428571,0.2564102564102564,0.5897435897435898,54.00000000372529,1.0,2.0,1.0,22.0,22.0,13.0,0.0,0.0,15.0,-13.0,-0.3939393939393939,10.0,23.0,7.0,10.0,0.43478260869565216,0.0,0.0,104.77299999911338,39.0,3.0,0.8571428571428571,0.2564102564102564,0.5897435897435898,54.00000000372529,1.0,2.0,1.0,0.0,0.0,0.0,0.0,0.0,0.0,0.0,,0.0,-0.0,0.0,0.0,,0.0,0.0,122756.77300000098,0.0,0.0,,,,,0.0,0.0,1.0,0.0,0.0,0.0,0.0,0.0,0.0,0.0,,0.0,-0.0,0.0,0.0,,0.0,0.0,122756.77300000098,0.0,0.0,,,,,0.0,0.0,1.0,0.0,0.0,0.0,0.0,0.0,0.0,0.0,,0.0,-0.0,0.0,0.0,,0.0,0.0,122756.77300000098,0.0,0.0,,,,,0.0,0.0,1.0,0.0,0.0,0.0,0.0,0.0,0.0,0.0,,0.0,-0.0,0.0,0.0,,0.0,0.0,122756.77300000098,0.0,0.0,,,,,0.0,0.0
2026-05-14,LB_20260514_093203_BUY_0001,holdout,B_CLEAN_BREAKOUT,2026-05-14 13:32:04.070776300+00:00,2026-05-14T13:32:03.0000000Z,2026-05-14T13:32:04.0254609Z,BUY,29512.5,29492.5,34324.070776,34323.0,34324.02546,1.0,0.0,1.0,0.0,7370.0,,,,,,,,,,,,,,,,,,0.0,0.0,,,,,,,,,,,,,,,,,,,,,,,,0.0,0.0,,,,,,,,,,,,,,,,,,,,,,,,0.0,0.0,,,,,,,,,,,,,,,,,,,,,,,,0.0,0.0,,,,,,,,,,,,,,,,,,,,,,,,0.0,0.0,,,,,,,,,,,,,,,,,,,,,,,,0.0,0.0,,,,,,,,,,,,,,,,,,,,,,,,0.0,0.0,,,,,,,,,,,,,,,,,,,,,,,,0.0,0.0,,,,,,
2026-05-18,LB_20260518_093500_SELL_0001,holdout,A_TRUE_ABSORPTION,2026-05-18 13:35:01.117615100+00:00,2026-05-18T13:35:00.0000000Z,2026-05-18T13:35:01.0743993Z,SELL,29277.5,29305.0,34501.117615,34500.0,34501.074399,1.0,1.0,1.0,92480.0,15690.0,1.0,0.0,0.0,0.0,0.0,0.0,0.0,0.0,,0.0,-0.0,0.0,0.0,,0.0,0.0,87041.61500000191,0.0,0.0,,,,,0.0,0.0,1.0,0.0,0.0,0.0,0.0,0.0,0.0,0.0,,0.0,-0.0,0.0,0.0,,0.0,0.0,87041.61500000191,0.0,0.0,,,,,0.0,0.0,1.0,0.0,0.0,0.0,0.0,0.0,0.0,0.0,,0.0,-0.0,0.0,0.0,,0.0,0.0,87041.61500000191,0.0,0.0,,,,,0.0,0.0,1.0,0.0,0.0,0.0,0.0,0.0,0.0,0.0,,0.0,-0.0,0.0,0.0,,0.0,0.0,87041.61500000191,0.0,0.0,,,,,0.0,0.0,1.0,0.0,0.0,0.0,0.0,0.0,0.0,0.0,,0.0,-0.0,0.0,0.0,,0.0,0.0,141824.615000005,0.0,0.0,,,,,0.0,0.0,1.0,0.0,0.0,0.0,0.0,0.0,0.0,0.0,,0.0,-0.0,0.0,0.0,,0.0,0.0,141824.615000005,0.0,0.0,,,,,0.0,0.0,1.0,0.0,0.0,0.0,0.0,0.0,0.0,0.0,,0.0,-0.0,0.0,0.0,,0.0,0.0,141824.615000005,0.0,0.0,,,,,0.0,0.0,1.0,0.0,0.0,0.0,0.0,0.0,0.0,0.0,,0.0,-0.0,0.0,0.0,,0.0,0.0,141824.615000005,0.0,0.0,,,,,0.0,0.0
2026-05-19,LB_20260519_093215_BUY_0001,holdout,B_CLEAN_BREAKOUT,2026-05-19 13:32:16.011735300+00:00,2026-05-19T13:32:15.0000000Z,2026-05-19T13:32:16.0086676Z,BUY,28968.75,28943.75,34336.011735,34335.0,34336.008667,1.0,1.0,1.0,62499.0,13192.0,1.0,18.0,18.0,12.0,0.0,0.0,16.0,-12.0,-0.16216216216216217,31.0,43.0,5.0,9.0,0.7209302325581395,0.0,0.0,66.73500000033528,30.0,17.0,0.2765957446808511,1.0333333333333334,1.4333333333333333,103.99999999935972,5.0,31.0,1.0,21.0,21.0,9.0,0.0,0.0,16.0,-9.0,-0.11392405063291139,35.0,44.0,7.0,10.0,0.7954545454545454,0.0,0.0,66.73500000033528,30.0,17.0,0.2765957446808511,1.1666666666666667,1.4666666666666666,103.99999999935972,5.0,31.0,1.0,25.0,25.0,12.0,0.0,0.0,16.0,-12.0,-0.13953488372093023,37.0,49.0,9.0,12.0,0.7551020408163265,0.0,0.0,66.73500000033528,30.0,17.0,0.2765957446808511,1.2333333333333334,1.6333333333333333,103.99999999935972,5.0,31.0,1.0,36.0,36.0,10.0,0.0,0.0,16.0,-10.0,-0.09803921568627451,46.0,56.0,14.0,17.0,0.8214285714285714,0.0,0.0,66.73500000033528,30.0,17.0,0.2765957446808511,1.5333333333333334,1.8666666666666667,103.99999999935972,5.0,31.0,1.0,0.0,0.0,0.0,0.0,0.0,0.0,0.0,,0.0,-0.0,0.0,0.0,,0.0,0.0,5421.735000003537,0.0,0.0,,,,,0.0,0.0,1.0,0.0,0.0,0.0,0.0,0.0,0.0,0.0,,0.0,-0.0,0.0,0.0,,0.0,0.0,5421.735000003537,0.0,0.0,,,,,0.0,0.0,1.0,0.0,0.0,0.0,0.0,0.0,0.0,0.0,,0.0,-0.0,0.0,0.0,,0.0,0.0,5421.735000003537,1.0,1.0,0.0,0.0,-0.0,,0.0,0.0,1.0,3.0,3.0,0.0,0.0,0.0,26.0,0.0,0.0,26.0,26.0,1.0,2.0,1.0,0.0,0.0,5421.735000003537,6.0,5.0,0.09090909090909091,4.333333333333333,4.333333333333333,,0.0,0.0
2026-05-20,LB_20260520_093514_SELL_0001,holdout,B_CLEAN_BREAKOUT,2026-05-20 13:35:15.034021400+00:00,2026-05-20T13:35:14.0000000Z,2026-05-20T13:35:15.0228140Z,SELL,29126.25,29070.0,34515.034021,34514.0,34515.022814,1.0,1.0,1.0,73056.0,13503.0,1.0,0.0,0.0,0.0,0.0,0.0,0.0,0.0,,0.0,-0.0,0.0,0.0,,0.0,0.0,115534.02099999948,0.0,0.0,,,,,0.0,0.0,1.0,0.0,0.0,0.0,0.0,0.0,0.0,0.0,,0.0,-0.0,0.0,0.0,,0.0,0.0,115534.02099999948,0.0,0.0,,,,,0.0,0.0,1.0,0.0,0.0,0.0,0.0,0.0,0.0,0.0,,0.0,-0.0,0.0,0.0,,0.0,0.0,115534.02099999948,0.0,0.0,,,,,0.0,0.0,1.0,0.0,0.0,0.0,0.0,0.0,0.0,0.0,,0.0,-0.0,0.0,0.0,,0.0,0.0,115534.02099999948,0.0,0.0,,,,,0.0,0.0,1.0,0.0,0.0,0.0,0.0,0.0,0.0,0.0,,0.0,-0.0,0.0,0.0,,0.0,0.0,115875.02099999983,0.0,0.0,,,,,0.0,0.0,1.0,0.0,0.0,0.0,0.0,0.0,0.0,0.0,,0.0,-0.0,0.0,0.0,,0.0,0.0,115875.02099999983,0.0,0.0,,,,,0.0,0.0,1.0,0.0,0.0,0.0,0.0,0.0,0.0,0.0,,0.0,-0.0,0.0,0.0,,0.0,0.0,115875.02099999983,0.0,0.0,,,,,0.0,0.0,1.0,0.0,0.0,0.0,0.0,0.0,0.0,0.0,,0.0,-0.0,0.0,0.0,,0.0,0.0,115875.02099999983,0.0,0.0,,,,,0.0,0.0
2026-05-29,LB_20260529_093201_BUY_0001,holdout,A_TRUE_ABSORPTION,2026-05-29 13:32:02.047142100+00:00,2026-05-29T13:32:01.0000000Z,2026-05-29T13:32:02.0194834Z,BUY,30423.75,30405.0,34322.047142,34321.0,34322.019483,1.0,1.0,1.0,51094.0,10802.0,1.0,8.0,8.0,27.0,19.0,0.0,28.0,-8.0,-0.15384615384615385,22.0,30.0,4.0,3.0,0.7333333333333333,19.0,1.0,39.14200000144774,42.0,25.0,0.2537313432835821,0.5238095238095238,0.7142857142857143,192.00000000273576,2.0,19.0,1.0,11.0,11.0,28.0,19.0,0.0,28.0,-9.0,-0.15789473684210525,24.0,33.0,5.0,5.0,0.7272727272727273,19.0,1.0,39.14200000144774,42.0,25.0,0.2537313432835821,0.5714285714285714,0.7857142857142857,192.00000000273576,2.0,19.0,1.0,11.0,11.0,28.0,19.0,0.0,28.0,-9.0,-0.15789473684210525,24.0,33.0,5.0,5.0,0.7272727272727273,19.0,1.0,39.14200000144774,42.0,25.0,0.2537313432835821,0.5714285714285714,0.7857142857142857,192.00000000273576,2.0,19.0,1.0,30.0,30.0,25.0,19.0,0.0,30.0,-6.0,-0.08108108108108109,34.0,40.0,15.0,10.0,0.85,19.0,1.0,39.14200000144774,42.0,25.0,0.2537313432835821,0.8095238095238095,0.9523809523809523,192.00000000273576,2.0,19.0,1.0,0.0,0.0,0.0,0.0,0.0,0.0,0.0,,0.0,-0.0,0.0,0.0,,0.0,0.0,29023.142000005464,0.0,0.0,,,,,0.0,0.0,1.0,0.0,0.0,0.0,0.0,0.0,0.0,0.0,,0.0,-0.0,0.0,0.0,,0.0,0.0,29023.142000005464,0.0,0.0,,,,,0.0,0.0,1.0,0.0,0.0,0.0,0.0,0.0,0.0,0.0,,0.0,-0.0,0.0,0.0,,0.0,0.0,29023.142000005464,0.0,0.0,,,,,0.0,0.0,1.0,0.0,0.0,0.0,0.0,0.0,0.0,0.0,,0.0,-0.0,0.0,0.0,,0.0,0.0,29023.142000005464,0.0,0.0,,,,,0.0,0.0
2026-06-03,LB_20260603_093152_BUY_0001,holdout,C_MIXED_PATH,2026-06-03 13:31:53.075994+00:00,2026-06-03T13:31:52.0000000Z,2026-06-03T13:31:53.0121000Z,BUY,30801.25,30792.5,34313.075994,34312.0,34313.0121,1.0,1.0,1.0,45487.0,9446.0,1.0,4.0,4.0,20.0,0.0,0.0,20.0,-20.0,-0.7142857142857143,4.0,24.0,1.0,3.0,0.16666666666666666,0.0,0.0,49.99400000087917,32.0,5.0,0.7297297297297297,0.125,0.75,69.99999999970896,1.0,4.0,1.0,4.0,4.0,20.0,0.0,0.0,20.0,-20.0,-0.7142857142857143,4.0,24.0,1.0,3.0,0.16666666666666666,0.0,0.0,49.99400000087917,32.0,5.0,0.7297297297297297,0.125,0.75,69.99999999970896,1.0,4.0,1.0,4.0,4.0,20.0,0.0,0.0,20.0,-20.0,-0.7142857142857143,4.0,24.0,1.0,3.0,0.16666666666666666,0.0,0.0,49.99400000087917,32.0,5.0,0.7297297297297297,0.125,0.75,69.99999999970896,1.0,4.0,1.0,8.0,8.0,20.0,0.0,0.0,21.0,-20.0,-0.625,6.0,26.0,3.0,5.0,0.23076923076923078,0.0,0.0,49.99400000087917,32.0,5.0,0.7297297297297297,0.1875,0.8125,69.99999999970896,1.0,4.0,1.0,0.0,0.0,0.0,0.0,0.0,0.0,0.0,,0.0,-0.0,0.0,0.0,,0.0,0.0,1133.9939999961643,0.0,1.0,-1.0,,,,0.0,0.0,1.0,22.0,22.0,0.0,0.0,0.0,24.0,0.0,0.0,47.0,47.0,9.0,12.0,1.0,0.0,0.0,1133.9939999961643,13.0,26.0,-0.3333333333333333,3.6153846153846154,3.6153846153846154,135.99999999860302,9.0,47.0,1.0,39.0,39.0,44.0,0.0,0.0,45.0,-44.0,-0.24444444444444444,68.0,112.0,16.0,21.0,0.6071428571428571,0.0,0.0,1133.9939999961643,50.0,38.0,0.13636363636363635,1.36,2.24,66.9999999954598,15.0,67.0,1.0,94.0,94.0,13.0,0.0,0.0,45.0,-13.0,-0.03291139240506329,191.0,204.0,40.0,43.0,0.9362745098039216,0.0,0.0,1133.9939999961643,79.0,57.0,0.16176470588235295,2.4177215189873418,2.5822784810126582,150.99999999802094,40.0,191.0
2026-06-24,LB_20260624_093230_BUY_0001,holdout,B_CLEAN_BREAKOUT,2026-06-24 13:32:31.045272400+00:00,2026-06-24T13:32:30.0000000Z,2026-06-24T13:32:31.0079720Z,BUY,29738.75,29712.5,34351.045272,34350.0,34351.007972,1.0,1.0,1.0,75297.0,10389.0,1.0,13.0,13.0,15.0,0.0,0.0,15.0,-15.0,-0.3333333333333333,15.0,30.0,8.0,4.0,0.5,0.0,0.0,294.27200000645826,11.0,9.0,0.1,1.3636363636363635,2.727272727272727,63.00000000192085,7.0,13.0,1.0,19.0,19.0,19.0,0.0,0.0,20.0,-19.0,-0.3584905660377358,17.0,36.0,10.0,8.0,0.4722222222222222,0.0,0.0,294.27200000645826,11.0,9.0,0.1,1.5454545454545454,3.272727272727273,63.00000000192085,7.0,13.0,1.0,27.0,27.0,19.0,0.0,0.0,21.0,-19.0,-0.3220338983050847,20.0,39.0,13.0,11.0,0.5128205128205128,0.0,0.0,294.27200000645826,11.0,9.0,0.1,1.8181818181818181,3.5454545454545454,63.00000000192085,7.0,13.0,1.0,31.0,31.0,19.0,0.0,0.0,21.0,-19.0,-0.30158730158730157,22.0,41.0,15.0,13.0,0.5365853658536586,0.0,0.0,294.27200000645826,11.0,9.0,0.1,2.0,3.727272727272727,63.00000000192085,7.0,13.0,1.0,0.0,0.0,0.0,0.0,0.0,0.0,0.0,,0.0,-0.0,0.0,0.0,,0.0,0.0,2837.2720000043046,0.0,0.0,,,,,0.0,0.0,1.0,2.0,2.0,0.0,0.0,0.0,1.0,0.0,0.0,1.0,1.0,1.0,1.0,1.0,0.0,0.0,2837.2720000043046,0.0,0.0,,,,,0.0,0.0,1.0,20.0,20.0,0.0,0.0,0.0,9.0,0.0,0.0,31.0,31.0,9.0,10.0,1.0,0.0,0.0,2837.2720000043046,7.0,8.0,-0.06666666666666667,4.428571428571429,4.428571428571429,96.99999999429565,8.0,28.0,1.0,47.0,47.0,6.0,0.0,0.0,12.0,-6.0,-0.06382978723404255,44.0,50.0,18.0,20.0,0.88,0.0,0.0,2837.2720000043046,15.0,8.0,0.30434782608695654,2.933333333333333,3.3333333333333335,1779.00000000227,9.0,31.0
2026-06-25,LB_20260625_093109_SELL_0001,holdout,A_TRUE_ABSORPTION,2026-06-25 13:31:10.027207700+00:00,2026-06-25T13:31:09.0000000Z,2026-06-25T13:31:10.0013540Z,SELL,30097.5,30108.75,34270.027207,34269.0,34270.001354,1.0,1.0,1.0,35332.0,6115.0,1.0,9.0,9.0,61.0,0.0,0.0,63.0,-61.0,-0.9384615384615385,2.0,63.0,2.0,5.0,0.031746031746031744,0.0,0.0,109.20700000133365,10.0,8.0,0.1111111111111111,0.2,6.3,,0.0,0.0,1.0,14.0,14.0,59.0,0.0,0.0,63.0,-59.0,-0.855072463768116,5.0,64.0,5.0,6.0,0.078125,0.0,0.0,109.20700000133365,10.0,8.0,0.1111111111111111,0.5,6.4,,0.0,0.0,1.0,29.0,29.0,64.0,0.0,0.0,64.0,-64.0,-0.6808510638297872,15.0,79.0,10.0,15.0,0.189873417721519,0.0,0.0,109.20700000133365,10.0,8.0,0.1111111111111111,1.5,7.9,,0.0,0.0,1.0,44.0,44.0,65.0,0.0,0.0,65.0,-65.0,-0.5462184873949579,27.0,92.0,15.0,21.0,0.29347826086956524,0.0,0.0,109.20700000133365,10.0,8.0,0.1111111111111111,2.7,9.2,,0.0,0.0,1.0,0.0,0.0,0.0,0.0,0.0,0.0,0.0,,0.0,-0.0,0.0,0.0,,0.0,0.0,1040.2069999981904,4.0,2.0,0.3333333333333333,0.0,-0.0,,0.0,0.0,1.0,15.0,15.0,21.0,0.0,0.0,22.0,-21.0,-0.4117647058823529,15.0,36.0,6.0,8.0,0.4166666666666667,0.0,0.0,1040.2069999981904,6.0,2.0,0.5,2.5,6.0,50.00000000291038,3.0,12.0,1.0,28.0,28.0,21.0,0.0,0.0,22.0,-21.0,-0.3559322033898305,19.0,40.0,10.0,12.0,0.475,0.0,0.0,1040.2069999981904,6.0,2.0,0.5,3.1666666666666665,6.666666666666667,50.00000000291038,3.0,12.0,1.0,57.0,57.0,21.0,0.0,0.0,22.0,-21.0,-0.2727272727272727,28.0,49.0,19.0,21.0,0.5714285714285714,0.0,0.0,1040.2069999981904,6.0,2.0,0.5,4.666666666666667,8.166666666666666,50.00000000291038,3.0,12.0
2026-07-08,LB_20260708_093155_BUY_0001,holdout,C_MIXED_PATH,2026-07-08 13:31:56.092945800+00:00,2026-07-08T13:31:55.0000000Z,2026-07-08T13:31:56.0080284Z,BUY,29297.5,29277.5,34316.092945,34315.0,34316.008028,1.0,0.0,0.0,0.0,0.0,,,,,,,,,,,,,,,,,,,,,,,,,,,,,,,,,,,,,,,,,,,,,,,,,,,,,,,,,,,,,,,,,,,,,,,,,,,,,,,,,,,,,,,,,,,,,,,,,,,,,,,,,,,,,,,,,,,,,,,,,,,,,,,,,,,,,,,,,,,,,,,,,,,,,,,,,,,,,,,,,,,,,,,,,,,,,,,,,,,,,,,,,,,,,,,,,,,,,,,,
