BurstId,fecha,year,era,BurstSide,ExecutionSide,family,target,Acceleration1s,Acceleration3s,Body_AtEntry,Body_OR_Ratio_AtEntry,BreakOut_TICKS_PER_SEC_AtEntry,BuySellRatio,Buy_Imbalance_Count_AtEntry,ContractsPerSecond,CumulativeDeltaWindow,Cumulative_Delta_AtEntry,Delta10s,Delta1s,Delta2s,Delta3s,Delta5s,DeltaChange1s,DeltaChangeZScore,DeltaPercentile,Delta_AtEntry,Delta_Change_AtEntry,Delta_Retention_1_3,Delta_Retention_3_5,Directional_OR_Extension_Ticks_AtEntry,Directional_VWAP_Distance_Ticks_AtEntry,Dist_HVN_Ticks,Dist_LVN_Ticks,Dist_OR_High_Ticks,Dist_OR_Low_Ticks,Dist_POC_Ticks,Dist_VAH_Ticks,Dist_VAL_Ticks,Dist_VWAP_Ticks,Flow_0_1_CounterflowShare,Flow_0_1_DirectionalNetDelta,Flow_0_1_DirectionalVelocityTPS,Flow_0_1_GrossAggressive,Flow_0_1_TicksPerAggressiveContract,Flow_1_3_CounterflowShare,Flow_1_3_DirectionalNetDelta,Flow_1_3_DirectionalVelocityTPS,Flow_1_3_GrossAggressive,Flow_3_5_CounterflowShare,Flow_3_5_DirectionalNetDelta,Flow_3_5_DirectionalVelocityTPS,Flow_3_5_GrossAggressive,Flow_Aligned_Segment_Count,Flow_Conflict_Segment_Count,Nearest_OR_Edge_Acceptance_Ratio3_AtEntry,Nearest_OR_Edge_Distance_Ticks_AtEntry,Nearest_OR_Edge_Retest_Count_AtEntry,OR_WidthTicks,PeakNegativeDelta,PeakPositiveDelta,PreBurst_Acceptance_Dwell_Ratio_5s,PreBurst_Impulse_Decay_Slope_5s,PreBurst_Impulse_Survival_Seconds,PreBurst_Local_Entropy_10s,PreBurst_Path_Efficiency_10s,PreBurst_Price_Per_Delta_3s,PreBurst_Price_Per_Volume_3s,PreBurst_Reclaim_Count_10s,PreBurst_Rotation_Index_10s,PreEntry_Directional_Delta_Share3_AtEntry,PreEntry_Directional_Efficiency3_AtEntry,PreEntry_Range_Compression3_AtEntry,PreEntry_Volume_Climax_Ratio_AtEntry,Pre_Approach_Distance_Ticks,Pre_Approach_Pause_Seconds,Pre_Approach_Velocity_TPS,Previous_Delta_AtEntry,Previous_Volume_AtEntry,Prior_Closed_ATR3_Ticks_AtEntry,Prior_Closed_ATR5_Ticks_AtEntry,Prior_Full_Crosses_60s,Prior_Level_Touches_60s,Prior_Volume_At_Level_Band_60s,Profile_Concentration,Profile_Effective_Nodes,Profile_Excess_Kurtosis,Profile_Local_Maxima_Count,Profile_Normalized_Entropy,Profile_Position_Percentile,Profile_Skewness,Profile_Std_Ticks,Realized_Volatility_10s_Ticks,Realized_Volatility_30s_Ticks,Realized_Volatility_60s_Ticks,Score_AtEntry,Seconds_From_Open_AtEntry,Sell_Imbalance_Count_AtEntry,Short_Long_Volatility_Ratio,Signal_To_Entry_Latency_Milliseconds,Signed_Delta_Share_AtEntry,Signed_Previous_Delta_Share_AtEntry,TicksPerSecond,TradesPerSecond,Velocity1s,Velocity3s,Velocity5s,Velocity_Retention_1_3,Velocity_Retention_3_5,Volume_AtEntry,absorption_pressure_1s,acceleration_velocity_ratio,burst_efficiency_score,delta_persistence_1_3,delta_persistence_3_5,delta_share_of_volume,directional_poc_distance,directional_vwap_distance,liquidity_absorption_score,mean_trade_size,price_impact_per_100_contracts,profile_confluence_4t,range,signed_acceleration_1s,signed_delta_1s,signed_delta_change_1s,signed_velocity_1s,signed_velocity_3s
LB_20220405_093200_BUY_0001,2022-04-05,2022,DISCOVERY_2022_2024,BUY,SELL,A_TRUE_ABSORPTION,1,6,2.333333333333333,20,0.15,19.49,3.904255319148936,0,461,338,-157,343,273,321,338,349,225,6.879339890608311,1.0,270,355,0.238095238095238,0.169230769230769,-155,14.73,-1,0,4.0,31.0,13,6,21,15.435164313678964,0.203904555314534,273,8,461,0.017353579175705,0.171717171717172,65,2.0,99,0.417910447761194,11,0.0,67,2,0,0.0,20,0,27.0,-19,273,0.2,1.9,4,0.954434002924965,0.458333333333333,0.035502958579882,0.021428571428571,0,0.428571428571429,0.03,-1.0,0.6,0.0,8,0,2.4,-85,2699,81.67,68,1,1,461,0.070708269071064,26.4490090599718,-0.621934842775609,9,0.93671145718257,0.994779926444418,-0.19081274015497,6.933576494907072,10.4880884817015,12.8840987267251,15.0332963783729,7,121.026,0,1.708904322161096,26.0,-0.58,0.03,8,445,8,4.0,2.4,0.25,0.0,464,34.125,0.75,0.0293040293040293,0.4126984126984127,0.6195266272189349,0.5921908893709328,13.0,15.435164313678964,6.824999999999998,1.0359550561797752,1.735357917570499,2,135,6.0,273.0,225.0,8.0,4.0
LB_20220427_093500_BUY_0001,2022-04-27,2022,DISCOVERY_2022_2024,BUY,SELL,A_TRUE_ABSORPTION,1,19,7.333333333333333,95,0.4,94.34,3.951388888888889,1,713,444,1848,393,425,450,444,402,400,13.334978645448688,1.0,480,521,0.044705882352941,-2.210526315789474,-440,-174.94,0,1,40.0,88.0,23,4,56,41.95550216242192,0.201963534361851,425,19,713,0.026647966339411,0.421487603305785,19,-1.0,121,0.769230769230769,-42,-2.0,78,1,1,1.0,200,2,48.0,-38,425,1.0,4.1,1,0.91829583405449,0.620689655172414,0.038288288288288,0.020383693045564,0,0.6,-0.01,-0.44,0.46,0.92,-26,1,2.8,-41,3239,110.0,142,0,0,0,0.031234983181163,77.3958475286853,-0.944811657732071,25,0.966470461702242,0.999327246516098,-0.318414479575048,23.19966278711744,19.723082923316,22.113344387496,24.2693221990232,10,301.007,0,1.990640237932521,7.0,-0.62,0.01,19,660,19,6.0,3.0,-0.052631578947368,-2.0,778,22.36842105263158,1.0,0.0447058823529411,0.348235294117647,0.5432432432432432,0.5960729312762973,23.0,41.95550216242192,0.0,1.0803030303030303,2.664796633941094,3,240,19.0,425.0,400.0,19.0,6.0
LB_20220504_093301_SELL_0001,2022-05-04,2022,DISCOVERY_2022_2024,SELL,BUY,A_TRUE_ABSORPTION,1,3,-0.333333333333333,30,0.24,14.96,0.088461538461538,0,283,-304,-602,-298,-237,-286,-304,-305,-188,-5.751900070701107,1.0,-285,-259,0.282700421940928,0.014925373134328,-160,-159.65,0,1,-32.0,-7.0,-16,-19,-3,-13.516883116883117,0.081272084805654,237,1,283,0.003533568904594,0.147368421052632,67,2.5,95,0.484848484848485,1,0.5,33,3,0,0.5,35,2,25.0,-237,13,1.0,0.4,3,0.985228136034252,0.5,0.019736842105263,0.015873015873016,0,0.166666666666667,0.0,-0.34,0.88,0.8,0,1,1.4,-26,2304,110.0,84,5,27,899,0.057350649350649,28.6378593129572,-0.75660077065917,9,0.95132915968788,0.025558441558442,0.23692384649789,7.506793504992528,4.69041575982343,9.1104335791443,15.7480157480236,10,182.005,1,0.729560185670881,5.0,-0.81,-0.01,-1,142,-1,-2.0,-1.4,2.5,0.2,353,237.0,-3.0,0.0042194092827004,0.4275668073136427,0.6019736842105263,0.8374558303886925,16.0,13.516883116883117,213.3,1.9929577464788728,0.3533568904593639,3,125,-3.0,237.0,188.0,1.0,2.0
LB_20220520_093501_SELL_0001,2022-05-20,2022,DISCOVERY_2022_2024,SELL,BUY,B_CLEAN_BREAKOUT,0,-4,-2.0,40,0.28,19.95,0.356115107913669,0,377,-206,767,-202,-179,-205,-206,-186,-153,-5.299327006652865,1.0,-205,-446,0.150837988826816,-0.740740740740741,-230,-173.7,0,-1,-46.0,-17.0,-21,-30,-8,-22.72650296359017,0.262599469496021,179,6,377,0.015915119363395,0.440528634361233,27,0.5,227,0.672413793103448,-20,0.0,58,2,0,0.67,85,4,29.0,-179,12,1.0,1.6,2,0.650022421648354,0.8125,0.033980582524272,0.01158940397351,0,0.4,0.04,-0.15,0.76,0.75,-9,1,1.6,241,2507,110.0,135,7,21,948,0.046670319270807,42.5934180718365,-0.387390007230699,11,0.936208586250746,0.011306470090153,0.437583861242943,11.60159312684224,7.87400787401181,13.8202749610853,18.2482875908947,9,302.005,0,1.056937612689183,5.0,-0.36,0.1,-6,335,-6,-2.666666666666667,-1.4,0.083333333333333,0.0,577,29.83333333333333,0.6666666666666666,0.0335195530726257,0.3836126629422718,0.541747572815534,0.4748010610079575,21.0,22.72650296359017,11.933333333333334,1.1253731343283582,1.5915119363395225,2,145,4.0,179.0,153.0,6.0,2.666666666666667
LB_20220527_093100_BUY_0001,2022-05-27,2022,DISCOVERY_2022_2024,BUY,SELL,B_CLEAN_BREAKOUT,0,4,2.0,30,0.27,29.44,2.896103896103896,0,300,173,3350,380,146,164,173,266,128,3.699491650282806,1.0,147,-254,0.184931506849315,3.444444444444444,-140,-399.24,0,1,6.0,28.0,24,14,27,17.70169374351884,0.256666666666667,146,6,300,0.02,0.380530973451327,27,1.5,113,0.317647058823529,93,-0.5,255,2,1,0.0,30,0,22.0,-3,146,0.4,1.4,3,0.0,1.0,0.052023121387283,0.021791767554479,0,0.0,0.0,0.0,0.47,0.0,2,0,1.6,401,5485,51.67,40,1,5,727,0.112685793294158,22.418037587855,-0.38330245363448,8,0.914344430889696,0.998098859315589,0.657359394959719,6.533980463052432,7.34846922834954,11.8743420870379,17.9722007556114,9,61.019,0,1.001546791334385,19.0,-0.49,-0.07,6,284,6,3.0,1.8,0.25,-0.333333333333333,303,24.33333333333333,0.6666666666666666,0.0410958904109589,0.3949771689497717,0.922543352601156,0.4866666666666667,24.0,17.70169374351884,9.733333333333334,1.056338028169014,2.0,2,110,4.0,146.0,128.0,6.0,3.0
LB_20220608_093102_SELL_0001,2022-06-08,2022,DISCOVERY_2022_2024,SELL,BUY,B_CLEAN_BREAKOUT,0,-4,-1.666666666666667,50,0.45,16.63,0.380952380952381,0,580,-338,792,-388,-260,-275,-338,-336,-245,-7.325721496600189,1.0,-341,-329,0.3,-0.025641025641026,-155,-76.04,-3,2,-31.0,-9.0,-25,-29,-14,-17.69067723591246,0.275862068965517,260,6,580,0.010344827586207,0.280898876404494,78,2.5,178,0.51219512195122,-2,0.0,82,2,0,0.0,45,0,22.0,-260,2,0.6,1.1,3,0.0,0.933333333333333,0.029585798816568,0.013192612137203,0,0.0,0.0,0.0,0.52,0.0,1,2,2.0,-12,5044,56.67,46,1,7,463,0.078924694123729,26.0318681865327,-0.430019219875908,7,0.92427347237898,0.014647596070998,-0.48221605297818,7.650942638212936,7.28010988928052,10.0995049383621,16.8819430161341,9,63.007,0,1.05630936457281,7.0,-0.45,0.0,-5,520,-5,-3.333333333333333,-2.0,0.416666666666667,0.0,761,52.0,0.8,0.0192307692307692,0.4333333333333333,0.5964497041420118,0.4482758620689655,25.0,17.69067723591246,26.0,1.1153846153846154,0.8620689655172413,2,110,4.0,260.0,245.0,5.0,3.333333333333333
LB_20220613_093107_SELL_0001,2022-06-13,2022,DISCOVERY_2022_2024,SELL,BUY,A_TRUE_ABSORPTION,1,2,0.333333333333333,15,0.09,1.87,0.246575342465753,0,182,-152,1195,-136,-110,-134,-152,-179,-86,-2.772291249350366,0.970149253731343,-145,-432,0.381818181818182,0.642857142857143,15,-13.89,-1,1,3.0,35.0,10,-5,26,16.555668221456095,0.197802197802198,110,1,182,0.005494505494505,0.398058252427184,42,2.0,206,0.351648351648352,27,-1.0,91,2,1,0.0,15,0,32.0,-110,32,0.0,0.5,0,0.985228136034252,-0.3125,0.026315789473684,0.010309278350515,0,0.166666666666667,0.0,0.0,0.54,0.0,37,0,0.4,287,4153,86.67,65,0,0,0,0.062664773879538,35.1492685461289,-1.326462728465581,9,0.952359136058831,0.917866558507402,-0.011456435622438,11.7981869533832,8.0,12.4899959967968,19.0525588832576,7,68.0,0,1.028518954453162,0.0,-0.19,0.07,0,178,0,-1.333333333333333,-0.6,2.0,-0.5,779,440.0,-8.0,-0.0,0.4606060606060606,0.7065789473684211,0.6043956043956044,-10.0,-16.555668221456095,440.0,1.0224719101123596,0.0,2,160,-2.0,110.0,86.0,-0.0,1.333333333333333
LB_20220627_093202_SELL_0001,2022-06-27,2022,DISCOVERY_2022_2024,SELL,BUY,B_CLEAN_BREAKOUT,0,-4,-2.666666666666667,35,0.23,11.63,0.238993710691824,0,197,-156,-1024,-228,-121,-143,-156,-163,-99,-2.831692053299826,0.983606557377049,-163,5,0.289256198347107,0.2,-180,-119.34,0,-1,-36.0,-6.0,-19,-27,-6,-20.23932426091037,0.192893401015228,121,5,197,0.025380710659898,0.391304347826087,35,1.0,161,0.47244094488189,7,-1.0,127,2,1,0.0,30,1,30.0,-121,4,0.6,1.4,2,0.591672778582328,0.777777777777778,0.051282051282051,0.022346368715084,1,0.333333333333333,-0.04,-0.78,0.77,0.0,0,2,1.2,-168,3858,115.0,85,3,10,818,0.101548568747067,29.8099639564891,-0.837575168487099,12,0.933267983083748,0.004129516658846,0.08493239366443,8.55313106263608,8.12403840463596,11.7046999107196,15.8429795177549,9,123.009,0,1.256061002908648,9.0,-0.45,-0.04,-6,171,-6,-2.666666666666667,-1.4,0.2,-1.0,365,20.166666666666668,0.6666666666666666,0.0495867768595041,0.4297520661157025,0.6269230769230769,0.6142131979695431,19.0,20.23932426091037,8.066666666666668,1.152046783625731,3.045685279187817,2,150,4.0,121.0,99.0,6.0,2.666666666666667
LB_20220720_093414_BUY_0001,2022-07-20,2022,DISCOVERY_2022_2024,BUY,SELL,B_CLEAN_BREAKOUT,0,2,0.666666666666667,10,0.07,0.66,4.893617021276596,0,277,184,2990,191,183,182,184,193,184,6.70349633598793,1.0,322,189,0.005464480874317,9.0,-155,-52.23,-1,0,2.0,31.0,23,9,30,16.17698300283286,0.169675090252708,183,2,277,0.007220216606498,0.494845360824742,1,0.0,97,0.418181818181818,9,1.0,55,2,0,0.0,10,0,29.0,-8,183,1.0,0.0,1,0.811278124459133,0.5,0.010869565217391,0.005347593582888,0,0.333333333333333,-0.01,-0.42,0.57,1.16,2,2,0.8,133,3113,83.33,88,1,10,903,0.051203966005666,30.1542981926429,-1.086549562171753,7,0.94334115471617,0.996104815864023,0.042848200101507,8.48823848613152,3.16227766016838,5.56776436283002,10.3440804327886,10,255.086,0,0.748830864448976,86.0,-0.28,-0.04,2,153,2,0.666666666666667,0.8,0.0,,1154,91.5,1.0,0.0109289617486338,0.3351548269581056,0.6293478260869565,0.6606498194945848,23.0,16.17698300283286,73.2,1.8104575163398693,0.7220216606498195,2,145,2.0,183.0,184.0,2.0,0.666666666666667
LB_20220729_093500_SELL_0001,2022-07-29,2022,DISCOVERY_2022_2024,SELL,BUY,B_CLEAN_BREAKOUT,0,-6,-2.0,30,0.29,27.3,0.303249097472924,0,722,-416,-2711,-321,-386,-400,-416,-416,-372,-12.47315260910805,1.0,-390,-276,0.077720207253886,0.0,-190,-339.62,1,2,-38.0,-17.0,-27,-33,-13,-23.03248996358884,0.232686980609418,386,6,722,0.008310249307479,0.321428571428571,30,1.0,84,0.5,0,0.5,62,2,0,1.0,85,3,21.0,-386,56,1.0,1.0,1,0.863120568566631,0.333333333333333,0.019230769230769,0.009925558312655,0,0.333333333333333,-0.03,-0.35,0.9,0.85,-8,2,1.8,-114,2996,95.0,99,2,10,431,0.045187190738493,38.0291541558339,-0.480582805388804,10,0.95029873613426,0.018625711884978,-0.288260684685062,9.77230597666896,8.0,9.59166304662544,13.4536240470737,10,301.099,2,1.456553109682571,99.0,-0.53,-0.04,-6,591,-6,-2.666666666666667,-1.8,0.166666666666667,0.5,736,64.33333333333333,1.0,0.0155440414507772,0.3592400690846287,0.6,0.5346260387811634,27.0,23.03248996358884,25.73333333333333,1.22165820642978,0.8310249307479224,2,105,6.0,386.0,372.0,6.0,2.666666666666667
LB_20220804_093511_BUY_0001,2022-08-04,2022,DISCOVERY_2022_2024,BUY,SELL,A_TRUE_ABSORPTION,1,2,0.333333333333333,85,1.42,7.06,3.163636363636364,2,229,176,1728,394,119,118,176,319,120,4.464247384558998,1.0,354,238,0.478991596638655,2.508771929824561,-165,-75.6,0,1,21.0,33.0,24,14,33,26.104517691659648,0.240174672489083,119,5,229,0.021834061135371,0.368663594470046,57,2.0,217,0.091428571428571,143,2.5,175,3,0,0.67,105,3,12.0,-6,119,1.0,0.3,5,0.543564443199596,0.9375,0.045454545454545,0.017937219730942,0,0.285714285714286,-0.03,-0.36,1.86,0.66,-8,0,2.6,116,2392,111.67,101,3,24,900,0.05839300758214,34.3179247895729,-0.336725078188282,13,0.908486912410569,0.999526116259478,-0.027702416122562,9.4807467195612,6.32455532033676,9.32737905308882,12.5698050899765,11,312.032,0,1.232472045026644,32.0,-0.33,-0.05,4,201,4,2.666666666666667,2.6,0.4,1.25,1076,29.75,0.5,0.0336134453781512,0.4929971988795518,1.0875,0.519650655021834,24.0,26.104517691659648,17.849999999999998,1.1393034825870647,1.7467248908296944,2,60,2.0,119.0,120.0,4.0,2.666666666666667
LB_20220809_093105_SELL_0001,2022-08-09,2022,DISCOVERY_2022_2024,SELL,BUY,B_CLEAN_BREAKOUT,0,-2,-1.666666666666667,40,0.31,6.61,0.326359832635983,0,317,-211,-2692,-238,-161,-202,-211,-255,-120,-3.528249454288774,1.0,-329,-411,0.31055900621118,0.88,-160,-245.03,-3,1,-32.0,-6.0,-29,-31,-12,-17.67691165553081,0.246056782334385,161,7,317,0.022082018927445,0.362637362637363,50,2.5,182,0.370588235294118,44,3.0,170,3,0,0.0,30,0,26.0,-161,22,0.4,0.7,5,0.811278124459133,0.6,0.052132701421801,0.022044088176353,0,0.142857142857143,0.0,0.0,0.45,0.0,12,0,3.6,82,6002,58.33,47,1,8,1211,0.065033407572383,27.256260471864,-1.088569239827587,6,0.937307236096941,0.005345211581292,0.094276704981561,8.10212249829312,9.74679434480896,13.6747943311773,17.6635217326557,10,66.048,0,1.351637183908119,48.0,-0.41,0.01,-6,273,-6,-4.0,-3.4,0.357142857142857,1.2,801,26.83333333333333,0.3333333333333333,0.0372670807453416,0.4368530020703933,0.7251184834123223,0.5078864353312302,29.0,17.67691165553081,10.733333333333334,1.1611721611721613,1.892744479495268,2,130,2.0,161.0,120.0,6.0,4.0
LB_20220815_093300_BUY_0001,2022-08-15,2022,DISCOVERY_2022_2024,BUY,SELL,B_CLEAN_BREAKOUT,0,2,1.666666666666667,25,0.2,23.74,5.568181818181818,0,289,222,748,246,201,217,222,211,185,5.241005274044508,0.994444444444444,204,-252,0.104477611940299,-0.523809523809524,-195,-203.03,0,1,14.0,39.0,12,3,23,17.749337309476473,0.152249134948097,201,4,289,0.013840830449827,0.347826086956522,21,1.0,69,0.567901234567901,-11,-0.5,81,2,0,1.0,70,2,25.0,-35,201,1.0,1.1,2,0.91829583405449,0.416666666666667,0.027027027027027,0.016759776536313,0,0.4,-0.09,-0.46,0.68,0.81,-9,2,1.0,456,2792,85.0,59,2,17,599,0.074138502319417,32.2869986981331,-0.807351487909353,11,0.935666406817539,0.99395294897283,-0.50555717232571,10.08508983613216,5.65685424949238,8.12403840463596,9.05538513813742,9,181.053,0,1.53018411135201,53.0,-0.69,-0.16,4,256,4,2.0,1.0,0.25,-0.5,296,50.25,0.5,0.0199004975124378,0.3681592039800995,0.5702702702702702,0.6955017301038062,12.0,17.749337309476473,30.15,1.12890625,1.3840830449826989,3,125,2.0,201.0,185.0,4.0,2.0
LB_20220817_093558_BUY_0001,2022-08-17,2022,DISCOVERY_2022_2024,BUY,SELL,A_TRUE_ABSORPTION,1,6,1.333333333333333,100,1.18,1.69,3.815384615384615,4,313,197,-647,250,183,200,197,267,166,5.724712466710615,0.993333333333333,621,495,0.076502732240437,5.0,-185,-18.6,1,0,20.0,37.0,32,21,34,25.66739106812996,0.207667731629393,183,6,313,0.019169329073482,0.444444444444444,14,0.0,126,0.283950617283951,70,1.5,162,2,0,0.33,100,3,17.0,-42,183,1.0,0.8,1,0.985228136034252,0.642857142857143,0.030456852791878,0.013667425968109,0,0.5,-0.05,0.16,0.84,0.97,-12,1,1.6,126,2336,71.67,77,1,3,307,0.071172443768336,27.5705678075917,0.479683103595084,12,0.899120955619609,1.0,0.981980616683446,7.911371251135688,6.92820323027551,9.59166304662544,14.8660687473185,11,359.026,0,1.141563585970786,26.0,-0.17,-0.05,6,278,6,1.666666666666667,1.6,0.0,,3653,30.5,1.0,0.0327868852459016,0.3588342440801457,0.8131979695431472,0.5846645367412141,32.0,25.66739106812996,12.2,1.1258992805755397,1.9169329073482428,2,85,6.0,183.0,166.0,6.0,1.666666666666667
LB_20220831_093400_SELL_0001,2022-08-31,2022,DISCOVERY_2022_2024,SELL,BUY,B_CLEAN_BREAKOUT,0,-4,-2.0,25,0.15,24.06,0.313609467455621,0,666,-282,3788,-252,-348,-338,-282,-258,-358,-12.612080204275548,1.0,-345,-583,-0.189655172413793,-0.363636363636364,-190,-18.6,0,-1,-38.0,-4.0,-16,-29,-2,-13.767205599950444,0.238738738738739,348,4,666,0.006006006006006,0.654205607476636,-66,0.0,214,0.642857142857143,-24,-2.5,84,1,0,0.67,20,2,34.0,-348,56,1.0,1.8,1,1.0,0.125,0.014184397163121,0.004545454545455,0,0.8,0.03,-0.13,0.54,1.0,-5,2,-0.2,238,3124,91.67,95,3,14,1687,0.053211918478598,43.3201303060579,-0.880200264461276,13,0.973500838498914,0.166449854426067,0.086028811550487,11.70322364828032,7.07106781186548,12.4498995979887,16.062378404209,12,241.039,3,1.078327732034385,39.0,-0.52,0.08,-4,488,-4,-1.333333333333333,0.4,0.0,,669,87.0,1.0,0.0114942528735632,0.2701149425287356,0.548936170212766,0.5225225225225225,16.0,13.767205599950444,52.2,1.3647540983606556,0.6006006006006006,3,170,4.0,348.0,358.0,4.0,1.333333333333333
LB_20220901_093124_SELL_0002,2022-09-01,2022,DISCOVERY_2022_2024,SELL,BUY,B_CLEAN_BREAKOUT,0,-4,-1.333333333333333,15,0.13,0.6,0.262096774193548,0,313,-240,1509,-370,-183,-225,-240,-314,-141,-3.777134528782676,0.976190476190476,-408,-644,0.311475409836066,1.298245614035088,-135,-44.75,0,-1,-27.0,-4.0,-8,-19,-6,-13.383719336713716,0.207667731629393,183,6,313,0.019169329073482,0.320754716981132,57,1.0,159,0.298913043478261,74,3.0,184,3,0,0.0,20,0,23.0,-183,-3,0.2,0.4,5,0.0,1.0,0.033333333333333,0.016949152542373,0,0.0,0.0,0.0,0.49,0.0,11,1,3.0,236,5150,56.67,45,1,1,313,0.09483349321639,21.7208065768881,-0.77644195260934,7,0.923794028905576,0.008222557215294,0.296437482061478,6.062390726044112,8.66025403784439,11.4891252930761,15.3948043183407,11,85.053,1,1.377945636523871,53.0,-0.19,0.05,-6,273,-6,-3.0,-3.0,0.166666666666667,3.0,2150,30.5,0.6666666666666666,0.0327868852459016,0.4371584699453552,0.785,0.5846645367412141,8.0,13.383719336713716,12.2,1.1465201465201464,1.9169329073482428,2,115,4.0,183.0,141.0,6.0,3.0
LB_20220928_093328_SELL_0001,2022-09-28,2022,DISCOVERY_2022_2024,SELL,BUY,B_CLEAN_BREAKOUT,0,-3,-1.333333333333333,40,0.36,1.38,0.263565891472868,0,326,-216,-888,-198,-190,-199,-216,-213,-181,-5.922417297172761,1.0,-229,-193,0.136842105263158,-0.115384615384615,-150,188.82,0,-1,-30.0,-8.0,-15,-22,-6,-16.498822521943907,0.208588957055215,190,4,326,0.012269938650307,0.296875,26,0.5,64,0.519480519480519,-3,0.0,77,2,0,0.0,40,2,22.0,-190,12,1.0,0.7,2,0.863120568566631,0.615384615384615,0.023148148148148,0.012820512820513,1,0.5,0.01,-0.26,1.09,0.59,-3,3,1.0,-36,2480,120.0,88,9,25,1179,0.072075929494041,28.5661343664993,-0.393870533593515,8,0.921551203450451,0.014914722043816,0.105115903550864,7.558526516322656,5.74456264653803,8.36660026534076,15.4272486205415,8,209.039,0,0.912103488157591,39.0,-0.16,-0.01,-4,265,-4,-1.666666666666667,-1.2,0.125,0.0,1467,47.5,0.75,0.0210526315789473,0.3789473684210526,0.5916666666666667,0.5828220858895705,15.0,16.498822521943907,28.5,1.230188679245283,1.2269938650306749,2,110,3.0,190.0,181.0,4.0,1.666666666666667
LB_20221025_093119_BUY_0001,2022-10-25,2022,DISCOVERY_2022_2024,BUY,SELL,B_CLEAN_BREAKOUT,0,5,1.333333333333333,15,0.11,0.75,5.131147540983607,1,374,341,1188,376,252,249,341,369,255,4.28286907467048,0.974683544303797,360,326,0.353174603174603,0.314606741573034,-150,-262.58,2,0,3.0,30.0,6,3,20,13.7142460427659,0.163101604278075,252,4,374,0.010695187165775,0.248587570621469,89,1.0,177,0.351063829787234,28,1.0,94,3,0,0.0,15,0,27.0,-3,252,0.4,0.3,1,0.970950594454669,0.727272727272727,0.017595307917889,0.010889292196007,1,0.75,0.0,0.0,0.52,0.0,5,0,1.6,34,5800,70.0,58,3,14,1387,0.073451818939184,24.9303327056334,-1.172809599615899,5,0.936545494065577,1.0,-0.313066837490461,7.960799527980168,5.56776436283002,8.42614977317636,11.3578166916005,11,80.076,0,1.200774943574477,76.0,-0.25,-0.01,4,204,4,2.0,1.6,0.25,1.0,1414,63.0,1.25,0.0158730158730158,0.451058201058201,0.649266862170088,0.6737967914438503,6.0,13.7142460427659,37.8,1.8333333333333333,1.0695187165775402,3,135,5.0,252.0,255.0,4.0,2.0
LB_20221026_093108_SELL_0002,2022-10-26,2022,DISCOVERY_2022_2024,SELL,BUY,A_TRUE_ABSORPTION,1,-3,-1.0,35,0.24,3.86,0.354014598540146,0,371,-192,-350,-295,-177,-196,-192,-182,-158,-3.383512586275668,0.970588235294118,-289,354,0.084745762711864,-0.666666666666667,-175,-304.34,0,1,-35.0,-6.0,-13,-21,-5,-15.537222696245736,0.261455525606469,177,4,371,0.01078167115903,0.469879518072289,15,1.5,249,0.530120481927711,-10,-1.0,166,2,0,0.0,30,0,29.0,-177,20,0.6,1.4,4,0.811278124459133,0.5,0.036458333333333,0.011290322580645,1,0.428571428571429,0.0,0.0,0.55,0.0,-1,0,1.0,-643,7977,80.0,62,3,14,1588,0.068259385665529,29.8888375499662,-0.523211529579593,10,0.940892362218528,0.022397610921502,0.285974099793816,7.933215058241144,6.48074069840786,8.06225774829855,11.916375287813,10,69.077,0,1.332159107360655,77.0,-0.2,-0.08,-4,348,-4,-2.333333333333333,-1.0,0.375,-0.666666666666667,1421,44.25,0.75,0.0225988700564971,0.3615819209039548,0.56875,0.477088948787062,13.0,15.537222696245736,26.55,1.0660919540229885,1.0781671159029649,2,145,3.0,177.0,158.0,4.0,2.333333333333333
LB_20221027_093628_SELL_0001,2022-10-27,2022,DISCOVERY_2022_2024,SELL,BUY,A_TRUE_ABSORPTION,1,-4,-2.333333333333333,20,0.1,0.69,0.336734693877551,0,262,-194,-415,-277,-130,-125,-194,-249,-135,-4.061220407066422,0.993333333333333,-248,-271,0.492307692307692,0.859375,-215,-113.65,-2,0,-43.0,-4.0,-36,-49,-27,-33.71176330231448,0.251908396946565,130,7,262,0.026717557251908,0.359649122807018,64,3.0,228,0.379912663755459,55,2.0,229,3,0,0.0,20,0,39.0,-130,6,0.2,0.5,3,0.591672778582328,0.954545454545455,0.061855670103093,0.024489795918367,0,0.333333333333333,0.02,-0.25,0.58,1.17,13,0,3.4,23,3973,113.33,116,1,2,361,0.048715501471407,39.593106348454,-0.364364614737108,14,0.913871707027121,0.00011930326891,-0.606415633879439,11.14283107383672,9.79795897113271,12.2474487139159,15.6843871413581,10,389.053,0,1.530184111352013,53.0,-0.16,0.01,-6,228,-6,-4.333333333333333,-3.4,0.428571428571429,0.666666666666667,1548,21.666666666666668,0.6666666666666666,0.0461538461538461,0.4974358974358974,0.7701030927835052,0.4961832061068702,36.0,33.71176330231448,8.666666666666668,1.149122807017544,2.2900763358778624,2,195,4.0,130.0,135.0,6.0,4.333333333333333
LB_20221028_093127_BUY_0001,2022-10-28,2022,DISCOVERY_2022_2024,BUY,SELL,B_CLEAN_BREAKOUT,0,4,1.666666666666667,30,0.19,1.07,3.397260273972603,2,321,177,-1754,137,175,175,177,139,175,4.527997632340718,1.0,583,5,0.011428571428571,-19.0,-185,-451.62,0,1,5.0,37.0,14,7,27,18.217347220942024,0.227414330218069,175,4,321,0.012461059190031,0.490909090909091,2,0.0,110,0.633802816901408,-38,-0.5,142,1,0,0.0,25,0,32.0,-29,175,1.0,0.9,1,0.970950594454669,0.333333333333333,0.022598870056497,0.009280742459397,1,0.75,0.0,0.0,0.53,0.0,-2,3,0.6,578,7702,85.0,74,3,14,1675,0.063231634252005,33.2002651217481,-0.84958562814965,10,0.949491005345603,0.994561710756752,-0.097180966073334,8.98927318912424,4.79583152331272,10.4403065089106,14.560219778561,11,88.046,0,0.806810632197183,46.0,-0.19,-0.08,4,239,4,1.333333333333333,0.6,0.0,,3149,43.75,1.0,0.0228571428571428,0.3371428571428571,0.4711864406779661,0.5451713395638629,14.0,18.217347220942024,26.25,1.343096234309623,1.2461059190031152,2,160,4.0,175.0,175.0,4.0,1.333333333333333
LB_20221103_093349_BUY_0001,2022-11-03,2022,DISCOVERY_2022_2024,BUY,SELL,A_TRUE_ABSORPTION,1,5,1.333333333333333,65,0.43,1.3,2.263565891472868,1,421,183,-522,341,163,171,183,245,155,4.915606754632433,1.0,788,794,0.122699386503067,3.1,-215,98.08,1,-1,13.0,43.0,37,26,41,29.45426907816768,0.306413301662708,163,6,421,0.014251781472684,0.416666666666667,20,0.5,120,0.30625,62,2.0,160,3,0,0.0,65,0,30.0,-16,163,1.0,0.7,5,0.811278124459133,0.9375,0.038251366120219,0.012939001848429,1,0.142857142857143,-0.02,-0.03,0.78,0.94,-1,1,2.4,-6,4076,116.67,90,3,6,471,0.07306641933323,29.7522693432998,1.166152272123431,12,0.886190441507741,0.999124027412789,1.014642925828127,8.4430419382144,7.21110255092798,12.369316876853,18.4390889145858,9,230.021,1,0.957938964038694,21.0,-0.2,0.0,6,366,6,2.666666666666667,2.4,0.083333333333333,4.0,3922,27.166666666666668,0.8333333333333334,0.0368098159509202,0.3742331288343558,0.8032786885245902,0.3871733966745843,37.0,29.45426907816768,10.866666666666667,1.150273224043716,1.4251781472684086,2,150,5.0,163.0,155.0,6.0,2.666666666666667
LB_20230321_093130_BUY_0001,2023-03-21,2023,DISCOVERY_2022_2024,BUY,SELL,B_CLEAN_BREAKOUT,0,1,1.0,15,0.17,0.48,8.782608695652174,1,225,224,2298,322,179,205,224,225,153,5.151909232085059,1.0,355,57,0.251396648044693,0.022222222222222,-105,-228.93,1,0,3.0,21.0,7,1,16,10.555014278515031,0.102222222222222,179,2,225,0.008888888888889,0.281553398058252,45,1.0,103,0.494736842105263,1,0.0,95,2,0,0.0,15,0,18.0,-4,179,0.8,0.6,3,0.811278124459133,0.666666666666667,0.017857142857143,0.01219512195122,1,0.428571428571429,0.0,0.0,0.5,0.0,1,0,0.8,298,4544,45.0,35,3,14,1054,0.133546111204435,16.3416412461798,-1.253590169885336,5,0.903810468476461,1.0,-0.43850055772589,6.10452975460924,3.3166247903554,5.09901951359278,7.48331477354788,11,91.05,0,1.085620296683619,49.99,-0.25,-0.07,2,153,2,1.333333333333333,0.6,0.5,0.0,1411,89.5,0.5,0.0111731843575419,0.4171322160148976,0.6026785714285714,0.7955555555555556,7.0,10.555014278515031,71.60000000000001,1.4705882352941178,0.8888888888888888,3,90,1.0,179.0,153.0,2.0,1.333333333333333
LB_20230328_093202_SELL_0001,2023-03-28,2023,DISCOVERY_2022_2024,SELL,BUY,B_CLEAN_BREAKOUT,0,-3,-1.333333333333333,25,0.36,8.27,0.230379746835443,0,486,-365,-603,-417,-304,-332,-365,-392,-276,-9.735627008215143,1.0,-365,-42,0.200657894736842,0.442622950819672,-115,-120.95,-1,0,-23.0,-9.0,-13,-16,-5,-11.886787496716575,0.187242798353909,304,4,486,0.008230452674897,0.355450236966825,61,1.0,211,0.271186440677966,27,0.0,59,2,0,1.0,45,1,14.0,-304,4,1.0,0.9,2,0.0,0.857142857142857,0.016438356164384,0.008608321377331,0,0.0,-0.1,-0.67,0.79,0.0,-4,1,1.0,-323,3105,55.0,43,1,15,878,0.130942999737326,18.3673805173019,-0.661314117962437,5,0.91583605840231,0.01431573417389,0.070517947958172,5.642050212860144,4.35889894354067,6.6332495807108,9.32737905308882,10,123.023,2,1.144702942944676,22.95,-0.52,-0.1,-4,382,-4,-1.666666666666667,-1.0,0.25,0.0,699,76.0,0.75,0.0131578947368421,0.400219298245614,0.6443835616438356,0.6255144032921811,13.0,11.886787496716575,45.6,1.2722513089005236,0.823045267489712,2,70,3.0,304.0,276.0,4.0,1.666666666666667
LB_20230404_093600_SELL_0001,2023-04-04,2023,DISCOVERY_2022_2024,SELL,BUY,A_TRUE_ABSORPTION,1,-1,-0.333333333333333,10,0.22,9.49,0.189189189189189,0,264,-180,-506,-287,-180,-180,-180,-194,-180,-7.383855127255832,1.0,-179,-76,0.0,,-80,-86.25,1,0,-16.0,-7.0,-14,-15,-5,-9.549133749133748,0.159090909090909,180,1,264,0.003787878787879,0.5,0,0.5,22,0.383333333333333,14,0.5,60,2,0,1.0,35,4,9.0,-180,16,1.0,0.2,1,0.721928094887362,0.8,0.011111111111111,0.006993006993007,0,0.5,-0.02,-0.25,0.89,0.81,-4,1,0.6,-103,1829,40.0,48,0,10,291,0.082467082467082,19.1492587998997,-0.863664194082036,6,0.941562575658164,0.020582120582121,0.046784531395773,5.001639815451632,2.23606797749979,4.47213595499958,6.6332495807108,10,361.0537,1,0.82572282384477,53.74,-0.67,-0.06,-1,222,-1,-0.666666666666667,-0.4,0.5,1.0,267,180.0,1.0,0.0055555555555555,0.3333333333333333,0.6466666666666666,0.6818181818181818,14.0,9.549133749133748,162.0,1.1891891891891893,0.3787878787878788,2,45,1.0,180.0,180.0,1.0,0.666666666666667
LB_20230419_093353_SELL_0001,2023-04-19,2023,DISCOVERY_2022_2024,SELL,BUY,A_TRUE_ABSORPTION,1,-3,-1.666666666666667,10,0.14,0.18,0.4279176201373,0,624,-277,-2168,-317,-250,-254,-277,-291,-246,-7.453952798121727,1.0,-129,-240,0.108,0.518518518518519,25,15.02,0,-2,5.0,19.0,16,4,17,8.21148331595412,0.299679487179487,250,4,624,0.006410256410256,0.309859154929577,27,0.0,71,0.444444444444444,14,-1.0,126,1,1,0.5,25,1,14.0,-250,14,0.0,0.8,1,0.91829583405449,0.333333333333333,0.010830324909747,0.00431654676259,0,0.6,-0.01,0.22,0.98,0.84,21,2,0.4,111,2967,68.33,49,0,0,0,0.10596976016684,22.541108315299,-1.002738525116409,7,0.945235096609066,0.862421793534932,0.406728392122552,6.729450319737992,4.12310562561766,5.65685424949238,8.0,10,234.0648,0,1.262438117295259,64.84,-0.03,0.04,-3,548,-3,-1.333333333333333,-0.4,0.0,,3799,83.33333333333333,1.0,0.012,0.3693333333333333,0.6303249097472924,0.4006410256410256,-16.0,-8.21148331595412,58.33333333333333,1.1386861313868613,0.4807692307692308,3,70,3.0,250.0,246.0,3.0,1.333333333333333
LB_20230426_093201_SELL_0001,2023-04-26,2023,DISCOVERY_2022_2024,SELL,BUY,A_TRUE_ABSORPTION,1,-4,-1.0,30,0.32,14.59,0.368231046931408,0,379,-227,-206,-409,-175,-188,-227,-354,-162,-7.473883976344057,1.0,-190,375,0.297142857142857,2.442307692307692,-145,-85.57,-1,1,-29.0,-10.0,-18,-23,-11,-17.26766150358897,0.269129287598945,175,4,379,0.010554089709763,0.43048128342246,52,0.5,374,0.240816326530612,127,2.0,245,3,0,1.0,50,1,19.0,-175,-3,1.0,0.5,2,0.543564443199596,0.9375,0.026431718061674,0.00796812749004,0,0.285714285714286,-0.14,-0.33,0.74,0.0,0,1,2.0,-565,4147,70.0,59,5,15,886,0.0775406120136,23.3047611071549,-0.108556454486711,8,0.916910137273547,0.011994710993578,-0.481923033762093,6.350928165426928,6.78232998312527,8.54400374531753,11.0905365064094,9,122.0559,0,1.497966100759425,55.94,-0.38,-0.14,-5,356,-5,-2.0,-2.0,0.125,4.0,502,35.0,0.8,0.0285714285714285,0.4323809523809523,0.93568281938326,0.4617414248021108,18.0,17.26766150358897,17.5,1.0646067415730338,1.3192612137203166,2,95,4.0,175.0,162.0,5.0,2.0
LB_20230503_093500_BUY_0001,2023-05-03,2023,DISCOVERY_2022_2024,BUY,SELL,B_CLEAN_BREAKOUT,0,1,0.666666666666667,10,0.2,9.5,4.454545454545455,1,300,206,496,254,190,189,206,209,191,9.362271233868704,1.0,193,-74,0.084210526315789,0.1875,-70,-17.03,9,-1,4.0,14.0,9,6,12,8.787591644764143,0.183333333333333,190,2,300,0.006666666666667,0.391891891891892,16,0.5,74,0.474576271186441,3,0.0,59,2,0,0.67,20,3,10.0,-5,190,1.0,0.7,2,0.863120568566631,0.625,0.014563106796117,0.008021390374332,0,0.333333333333333,-0.11,-0.22,1.07,0.78,-2,3,0.4,267,1933,53.33,53,3,27,954,0.118826947018951,13.227322692783,-0.120786364030716,2,0.893409155487628,0.997095033891271,0.206435455000678,3.258056551081488,3.16227766016838,4.69041575982343,7.21110255092798,10,301.053,0,1.074172311059149,53.01,-0.63,-0.14,2,269,2,0.666666666666667,0.2,0.25,0.0,307,95.0,0.5,0.0105263157894736,0.3614035087719298,0.6087378640776699,0.6333333333333333,9.0,8.787591644764143,76.0,1.1152416356877324,0.6666666666666666,1,50,1.0,190.0,191.0,2.0,0.666666666666667
LB_20230511_093202_SELL_0001,2023-05-11,2023,DISCOVERY_2022_2024,SELL,BUY,B_CLEAN_BREAKOUT,0,0,-0.666666666666667,20,0.33,6.61,0.258461538461538,0,409,-339,2090,-300,-241,-343,-339,-343,-139,-4.698411051185458,1.0,-337,43,0.406639004149378,0.040816326530612,-135,-133.39,0,-1,-27.0,-15.0,-25,-26,-9,-15.075912657795977,0.205378973105134,241,2,409,0.004889975550122,0.337748344370861,98,1.0,302,0.483333333333333,4,0.0,120,2,0,1.0,75,1,12.0,-241,35,1.0,0.6,3,0.650022421648354,0.625,0.011799410029499,0.005625879043601,0,0.2,-0.07,-0.82,0.89,0.0,-10,3,1.0,-380,5188,53.33,40,0,17,1283,0.089901057659502,23.8158127512952,-1.253704690962398,8,0.951427126304687,0.021920846127602,-0.218241676408528,7.90598781134672,3.46410161513775,4.58257569495584,6.557438524302,10,123.0238,2,1.293993278441259,23.83,-0.47,-0.07,-2,270,-2,-1.666666666666667,-1.0,0.5,0.0,715,120.5,-0.0,0.0082987551867219,0.4688796680497925,0.6070796460176991,0.589242053789731,25.0,15.075912657795977,96.4,1.5148148148148148,0.4889975550122249,2,60,-0.0,241.0,139.0,2.0,1.666666666666667
LB_20230518_093436_BUY_0001,2023-05-18,2023,DISCOVERY_2022_2024,BUY,SELL,B_CLEAN_BREAKOUT,0,0,0.666666666666667,20,0.33,0.54,5.724137931034483,0,195,163,1445,167,137,143,163,151,131,5.360975925957068,1.0,184,33,0.18978102189781,-0.461538461538462,-110,-87.14,2,-1,10.0,22.0,11,7,16,10.83351344479054,0.148717948717949,137,1,195,0.005128205128205,0.290322580645161,26,0.5,62,0.6875,-12,0.0,32,2,0,0.67,50,3,12.0,-9,137,1.0,0.2,3,0.650022421648354,0.666666666666667,0.012269938650307,0.007782101167315,0,0.4,-0.04,-0.41,0.61,0.83,-7,3,0.6,151,2599,36.67,36,0,0,0,0.132286567923209,17.8073514014285,-0.238200546538381,6,0.906092698814344,0.999237175004768,0.193022853531434,4.720912105326408,2.44948974278318,3.3166247903554,4.58257569495584,10,277.13,0,1.309307341415954,130.02,-0.1,-0.06,1,155,1,1.0,0.6,0.5,0.0,1868,137.0,0.0,0.0072992700729927,0.3965936739659367,0.5558282208588957,0.7025641025641025,11.0,10.83351344479054,123.3,1.2580645161290325,0.5128205128205128,2,60,0.0,137.0,131.0,1.0,1.0
LB_20230522_093356_BUY_0001,2023-05-22,2023,DISCOVERY_2022_2024,BUY,SELL,B_CLEAN_BREAKOUT,0,2,0.666666666666667,45,0.64,0.79,2.226415094339623,2,342,181,-2076,331,130,156,181,253,104,4.542580197052407,1.0,587,551,0.392307692307692,1.411764705882353,-115,-77.83,0,-1,9.0,23.0,13,10,18,13.980175282373342,0.309941520467836,130,2,342,0.005847953216374,0.367875647668394,51,0.5,193,0.295454545454545,72,1.0,176,3,0,0.0,45,0,14.0,-6,130,1.0,0.0,1,0.0,1.0,0.016574585635359,0.005607476635514,0,0.0,0.02,0.05,0.81,0.7,-4,2,1.0,36,3878,56.67,42,3,32,1607,0.114824014622487,16.7967652400668,0.552543221029029,6,0.876450809577718,0.999765665276281,0.475185771656773,4.478098186305456,3.74165738677394,5.19615242270663,6.557438524302,11,237.0659,0,1.397672483843414,65.92,-0.18,-0.01,2,305,2,1.0,1.0,0.25,2.0,3303,65.0,1.0,0.0153846153846153,0.4641025641025641,0.8386740331491712,0.3801169590643274,13.0,13.980175282373342,52.0,1.121311475409836,0.5847953216374269,2,70,2.0,130.0,104.0,2.0,1.0
LB_20230526_093357_BUY_0001,2023-05-26,2023,DISCOVERY_2022_2024,BUY,SELL,A_TRUE_ABSORPTION,1,0,0.0,60,1.0,1.03,2.66,5,366,269,1393,452,166,224,269,294,108,4.68817639981748,1.0,677,753,0.620481927710843,0.242718446601942,-120,-166.96,0,-1,12.0,24.0,13,11,21,14.308662613981763,0.273224043715847,166,1,366,0.002732240437158,0.337539432176656,103,1.0,317,0.426900584795322,25,1.0,171,3,0,0.0,60,2,12.0,-11,166,1.0,0.0,5,0.543564443199596,0.75,0.011152416356877,0.004392386530015,0,0.285714285714286,0.02,0.0,0.89,0.89,-7,0,1.0,-76,2870,53.33,40,7,44,1962,0.09468085106383,18.5304401471181,0.353258503853742,6,0.896049199022628,0.992857142857143,0.784012259526191,5.430370329876712,2.82842712474619,4.69041575982343,6.40312423743285,11,238.0206,0,1.082003561600918,20.6,-0.18,0.03,1,310,1,1.0,1.0,1.0,1.0,3677,166.0,0.0,0.0060240963855421,0.5401606425702812,0.6557620817843867,0.453551912568306,13.0,14.308662613981763,149.4,1.1806451612903226,0.273224043715847,2,60,0.0,166.0,108.0,1.0,1.0
LB_20230613_093139_SELL_0001,2023-06-13,2023,DISCOVERY_2022_2024,SELL,BUY,A_TRUE_ABSORPTION,1,1,-0.666666666666667,30,0.3,0.75,0.141975308641975,0,185,-165,37,-268,-139,-166,-165,-156,-112,-2.977203989275192,0.98989898989899,-218,-434,0.18705035971223,-0.346153846153846,-125,28.98,-2,1,-25.0,-5.0,-18,-21,-10,-13.98160046728972,0.124324324324324,139,1,185,0.005405405405405,0.39344262295082,26,2.0,122,0.523809523809524,-9,-1.5,189,2,0,0.0,25,0,20.0,-139,16,1.0,0.9,3,0.91829583405449,0.384615384615385,0.03030303030303,0.01628664495114,1,0.375,0.0,0.0,0.52,0.0,-3,0,0.4,216,6572,51.67,38,3,13,1505,0.09832554517134,20.4340866757413,-0.29355699290568,7,0.915459273188903,0.006522585669782,-0.427130817319441,5.45638614606344,4.58257569495584,7.93725393319377,11.8321595661992,9,100.044,1,0.948683298050516,43.99,-0.06,0.03,-1,173,-1,-1.666666666666667,-0.4,2.0,-0.75,3732,139.0,-1.0,0.0071942446043165,0.39568345323741,0.5672727272727273,0.7513513513513513,18.0,13.98160046728972,125.1,1.069364161849711,0.5405405405405406,2,100,-1.0,139.0,112.0,1.0,1.666666666666667
LB_20230622_093240_BUY_0001,2023-06-22,2023,DISCOVERY_2022_2024,BUY,SELL,B_CLEAN_BREAKOUT,0,1,0.0,25,0.29,0.61,3.169230769230769,1,271,171,-1009,255,141,177,171,188,105,2.675621753244732,0.9875,140,8,0.212765957446809,0.566666666666667,-140,-21.88,0,1,11.0,28.0,18,5,19,13.581827530483324,0.239852398523985,141,2,271,0.007380073800738,0.358490566037736,30,1.0,106,0.41747572815534,17,1.0,103,3,0,1.0,55,1,17.0,-6,141,1.0,0.3,4,0.0,1.0,0.023391812865497,0.010610079575597,0,0.0,-0.02,-0.71,0.82,0.0,-5,1,1.2,132,5304,70.0,52,4,23,1342,0.067797855149111,25.0442494541081,-0.754052969300851,7,0.946914829416088,0.994050242397532,-0.047356759488105,6.517113925568328,4.89897948556636,7.61577310586391,12.4096736459909,11,161.0304,0,0.966987556830453,30.43,-0.06,-0.02,2,219,2,1.333333333333333,1.2,0.5,1.0,2468,70.5,0.5,0.0141843971631205,0.4042553191489361,0.6596491228070176,0.5202952029520295,18.0,13.581827530483324,56.400000000000006,1.2374429223744292,0.7380073800738007,2,85,1.0,141.0,105.0,2.0,1.333333333333333
LB_20230623_093159_BUY_0001,2023-06-23,2023,DISCOVERY_2022_2024,BUY,SELL,B_CLEAN_BREAKOUT,0,-1,0.0,0,0.0,0.0,4.571428571428571,0,234,170,-1644,200,150,171,170,164,129,4.941094402083296,1.0,4,-101,0.133333333333333,-0.3,-95,152.45,3,-1,1.0,19.0,14,7,16,10.495059802392095,0.179487179487179,150,1,234,0.004273504273504,0.420634920634921,20,1.0,126,0.541666666666667,-6,0.0,72,2,0,1.0,5,1,18.0,-4,150,0.4,0.5,2,0.863120568566631,0.555555555555556,0.017647058823529,0.008333333333333,0,0.5,-0.02,-0.45,0.81,0.0,2,1,0.6,105,4549,73.33,53,1,4,447,0.104732189287572,18.0779568351239,-0.638317407327592,5,0.923201620645826,0.993239729589184,0.208634153163491,4.75950498591316,3.60555127546399,6.78232998312527,11.2694276695846,5,120.009,0,0.783692049434254,9.04,-0.4,-0.02,1,175,1,1.0,0.6,1.0,0.0,10,150.0,-1.0,0.0066666666666666,0.3777777777777777,0.5788235294117647,0.6410256410256411,14.0,10.495059802392095,135.0,1.3371428571428572,0.4273504273504273,2,90,-1.0,150.0,129.0,1.0,1.0
LB_20230630_093123_BUY_0001,2023-06-30,2023,DISCOVERY_2022_2024,BUY,SELL,B_CLEAN_BREAKOUT,0,3,1.333333333333333,15,0.23,0.62,6.0,2,266,212,2039,211,190,196,212,209,184,7.853069759318624,1.0,396,368,0.115789473684211,-0.136363636363636,-80,-225.57,0,1,3.0,16.0,9,5,12,8.880450759431652,0.142857142857143,190,4,266,0.015037593984962,0.355263157894737,22,1.5,76,0.52,-3,-0.5,75,2,0,0.0,15,0,13.0,-18,190,0.2,1.1,3,0.954434002924965,0.4,0.033018867924528,0.02046783625731,0,0.428571428571429,0.0,0.0,0.77,0.0,3,1,1.2,28,4386,50.0,40,1,4,435,0.14192389351625,12.9565597690522,-0.502276806374772,5,0.886253541181769,0.999183406826719,0.134592366901568,3.303982076124304,6.08276253029822,7.81024967590665,10.770329614269,11,84.0871,0,1.383399112132242,87.13,-0.23,-0.01,4,142,4,2.333333333333333,1.2,0.375,-0.333333333333333,1740,47.5,0.75,0.0210526315789473,0.3719298245614035,0.5915094339622642,0.7142857142857143,9.0,8.880450759431652,28.5,1.8732394366197185,1.5037593984962403,2,65,3.0,190.0,184.0,4.0,2.333333333333333
LB_20230718_093258_SELL_0002,2023-07-18,2023,DISCOVERY_2022_2024,SELL,BUY,B_CLEAN_BREAKOUT,0,-3,-0.666666666666667,40,0.38,0.68,0.432748538011696,0,490,-230,-239,-302,-194,-193,-230,-329,-195,-5.825169129926562,1.0,-373,-364,0.185567010309278,2.75,-145,-142.78,0,-1,-29.0,-8.0,-10,-19,-8,-12.802306029305788,0.302040816326531,194,3,490,0.006122448979592,0.383116883116883,36,0.5,154,0.296296296296296,99,1.5,243,3,0,0.0,40,1,21.0,-194,25,1.0,0.1,1,0.721928094887362,0.555555555555556,0.017391304347826,0.006211180124224,0,0.25,0.0,0.45,0.6,0.0,-2,0,1.2,-9,3299,63.33,53,7,24,1128,0.073824965970054,23.3843380840157,-0.130347298535728,8,0.909494137472712,0.030827127872528,0.120072779197536,6.042811033308144,4.35889894354067,6.16441400296898,10.2469507659596,11,179.0576,1,1.041976144503454,57.62,-0.11,0.0,-3,428,-3,-1.0,-1.2,0.166666666666667,3.0,3485,64.66666666666667,1.0,0.0154639175257731,0.3951890034364261,0.8582608695652174,0.3959183673469387,10.0,12.802306029305788,45.266666666666666,1.144859813084112,0.6122448979591837,2,105,3.0,194.0,195.0,3.0,1.0
LB_20230720_093345_SELL_0001,2023-07-20,2023,DISCOVERY_2022_2024,SELL,BUY,A_TRUE_ABSORPTION,1,-5,-1.333333333333333,0,0.0,0.0,0.488063660477454,0,561,-199,-2793,-268,-193,-182,-199,-158,-204,-5.485956408240692,1.0,-365,-654,0.031088082901554,-6.833333333333333,80,87.05,-2,3,16.0,31.0,-2,-8,20,10.12554895375872,0.327985739750446,193,4,561,0.007130124777184,0.475806451612903,6,-1.0,124,0.632258064516129,-41,-1.0,155,1,1,1.0,80,1,15.0,-193,34,0.0,1.1,1,1.0,0.4,0.010050251256281,0.002919708029197,0,0.4,0.07,0.74,1.2,0.99,31,1,0.0,289,4707,90.0,66,0,0,0,0.052957892017567,33.0197028939736,-1.513879564158797,8,0.93563765603711,0.698940842159649,0.029003615963658,11.61457345362072,4.89897948556636,7.87400787401181,10.3923048454133,9,226.0407,1,1.154700538379248,40.71,-0.09,0.06,-4,441,-4,-0.666666666666667,0.0,-0.25,-1.0,4217,48.25,1.25,0.0207253886010362,0.3436960276338515,0.4763819095477387,0.3440285204991087,2.0,-10.12554895375872,28.95,1.272108843537415,0.7130124777183601,3,75,5.0,193.0,204.0,4.0,0.666666666666667
LB_20230727_093300_BUY_0001,2023-07-27,2023,DISCOVERY_2022_2024,BUY,SELL,B_CLEAN_BREAKOUT,0,2,0.666666666666667,10,0.13,9.18,3.0,2,588,309,3518,306,294,293,309,319,295,8.10638059439162,1.0,303,-178,0.051020408163265,0.666666666666667,-100,-225.68,0,1,5.0,20.0,13,8,19,12.2935532421924,0.25,294,2,588,0.003401360544218,0.43801652892562,15,0.5,121,0.465753424657534,10,-0.5,146,2,1,0.5,25,1,15.0,-15,294,1.0,0.6,1,0.811278124459133,0.4,0.009708737864078,0.004231311706629,0,0.666666666666667,-0.05,-0.59,0.93,1.06,-3,1,0.4,481,4809,70.0,53,1,11,1150,0.099586103097956,20.1164760303698,-0.499362664720329,6,0.932480575704834,0.998683055311677,0.330053019365669,5.296660660486496,2.64575131106459,6.557438524302,9.9498743710662,10,181.0892,1,0.651338947278929,89.17,-0.5,-0.1,2,426,2,1.0,0.4,0.25,-1.0,609,147.0,1.0,0.0068027210884353,0.3503401360544217,0.6194174757281553,0.5,13.0,12.2935532421924,117.6,1.380281690140845,0.3401360544217687,2,75,2.0,294.0,295.0,2.0,1.0
LB_20230808_093726_SELL_0001,2023-08-08,2023,DISCOVERY_2022_2024,SELL,BUY,A_TRUE_ABSORPTION,1,1,-0.333333333333333,15,0.14,0.55,0.165289256198347,0,282,-183,-515,-181,-202,-233,-183,-194,-171,-6.932746152724762,1.0,-300,-207,-0.094059405940594,0.578947368421053,-120,-139.74,-2,1,-24.0,-3.0,-10,-14,-5,-10.258989657915672,0.141843971631206,202,2,282,0.00709219858156,0.577235772357724,-19,1.0,123,0.422535211267606,11,1.0,71,2,1,0.0,15,2,21.0,-202,50,0.4,0.6,2,0.91829583405449,0.555555555555556,0.021857923497268,0.009876543209877,0,0.8,0.01,0.06,0.57,1.17,3,0,1.2,-93,2919,60.0,56,3,17,1136,0.107875894988067,17.5106761599873,-0.07282531858853,4,0.8786758549942,0.007040572792363,0.202092847723062,4.344643087935736,4.12310562561766,6.32455532033676,9.48683298050514,11,447.0587,2,1.064581294844753,58.67,-0.19,-0.03,-2,201,-2,-1.333333333333333,-1.0,0.5,1.0,1590,101.0,-0.5,0.0099009900990099,0.3019801980198019,0.6360655737704918,0.7163120567375887,10.0,10.258989657915672,80.80000000000001,1.4029850746268655,0.7092198581560284,2,105,-1.0,202.0,171.0,2.0,1.333333333333333
LB_20230824_093139_SELL_0001,2023-08-24,2023,DISCOVERY_2022_2024,SELL,BUY,B_CLEAN_BREAKOUT,0,-4,-1.0,25,0.19,0.62,0.367132867132867,0,391,-162,-4658,-255,-181,-180,-162,-225,-182,-3.660932110891084,1.0,-372,91,-0.104972375690608,3.315789473684211,-160,-252.37,-4,2,-32.0,-6.0,-9,-21,0,-13.82028035959165,0.268542199488491,181,3,391,0.0076726342711,0.535580524344569,-19,-1.0,267,0.363636363636364,63,0.5,231,2,0,0.0,30,0,26.0,-181,18,1.0,0.3,1,0.863120568566631,0.666666666666667,0.006172839506173,0.001519756838906,0,0.5,0.0,0.0,0.51,0.0,-3,1,0.6,-463,8849,66.67,58,7,27,2897,0.107115648331556,26.1776291578271,-1.099296890190266,7,0.918308177040977,0.021636446746915,0.397529540211753,8.445598293336,3.87298334620742,7.54983443527075,9.9498743710662,10,100.0655,0,0.953462589245592,65.52,-0.09,-0.05,-3,326,-3,-0.666666666666667,-0.6,-0.333333333333333,0.5,4278,60.333333333333336,1.3333333333333333,0.0165745856353591,0.2983425414364641,0.8333333333333334,0.4629156010230179,9.0,13.82028035959165,42.23333333333333,1.1993865030674846,0.7672634271099744,3,130,4.0,181.0,182.0,3.0,0.666666666666667
LB_20230825_093257_BUY_0001,2023-08-25,2023,DISCOVERY_2022_2024,BUY,SELL,A_TRUE_ABSORPTION,1,0,0.333333333333333,30,0.23,0.52,2.549019607843137,2,362,162,2286,245,158,160,162,168,156,4.872899967548059,1.0,503,427,0.025316455696203,1.5,-165,-238.96,1,-1,7.0,33.0,10,4,21,14.460877099440149,0.281767955801105,158,1,362,0.002762430939227,0.475,4,1.0,80,0.484375,6,0.0,192,2,0,0.0,35,1,26.0,-21,158,1.0,0.1,2,0.591672778582328,0.444444444444444,0.018518518518519,0.006787330316742,0,0.166666666666667,-0.02,0.44,0.69,0.0,-5,2,0.4,76,4804,90.0,63,1,7,507,0.067915222607305,28.9958742689783,-0.925019724708797,8,0.947067205529264,0.999666755531858,-0.265194110496585,7.885925367732688,3.60555127546399,7.74596669241483,10.770329614269,11,178.084,0,0.820008410385801,84.01,-0.13,-0.02,1,196,1,0.666666666666667,0.6,1.0,0.0,3891,158.0,0.0,0.0063291139240506,0.3417721518987341,0.6222222222222222,0.43646408839779,10.0,14.460877099440149,142.20000000000002,1.846938775510204,0.2762430939226519,3,130,0.0,158.0,156.0,1.0,0.666666666666667
LB_20230829_093105_SELL_0001,2023-08-29,2023,DISCOVERY_2022_2024,SELL,BUY,A_TRUE_ABSORPTION,1,-4,-1.0,5,0.08,0.82,0.231111111111111,0,277,-178,-989,-285,-173,-168,-178,-214,-178,-4.406511225299119,1.0,-261,-634,0.028901734104046,7.2,-65,-70.42,1,0,-13.0,0.0,-6,-10,-2,-6.451211380306735,0.187725631768953,173,2,277,0.007220216606498,0.462686567164179,5,0.0,67,0.333333333333333,36,0.5,108,2,0,0.0,0,0,13.0,-173,8,0.2,0.3,1,0.650022421648354,0.875,0.01685393258427,0.008720930232558,0,0.4,0.0,0.0,0.59,0.0,4,1,0.8,373,3895,38.33,31,1,2,428,0.112024894420982,13.7808085583259,-0.594960862149169,4,0.907591534866986,0.057123805290064,0.001489483275625,3.821013275746248,3.74165738677394,7.28010988928052,9.8488578017961,9,66.0651,1,0.930580131661588,65.13,-0.43,0.1,-3,241,-3,-1.0,-0.8,0.0,,607,57.66666666666666,1.3333333333333333,0.0173410404624277,0.3429672447013487,0.7213483146067415,0.6245487364620939,6.0,6.451211380306735,40.36666666666666,1.1493775933609958,1.083032490974729,3,65,4.0,173.0,178.0,3.0,1.0
LB_20230831_093357_BUY_0001,2023-08-31,2023,DISCOVERY_2022_2024,BUY,SELL,A_TRUE_ABSORPTION,1,2,1.333333333333333,65,0.52,1.12,3.754385964912281,6,271,180,244,241,157,202,180,195,112,3.698944087761485,1.0,921,817,0.146496815286624,0.652173913043478,-255,-189.23,0,1,26.0,51.0,16,5,32,21.706876143333687,0.210332103321033,157,3,271,0.011070110701107,0.43979057591623,23,0.0,191,0.450980392156863,15,0.0,153,1,0,1.0,130,1,25.0,-22,157,1.0,0.6,2,0.863120568566631,0.666666666666667,0.016666666666667,0.006493506493506,0,0.333333333333333,-0.05,-0.38,0.76,0.75,-23,1,0.6,104,4078,95.0,65,0,0,0,0.056978370816744,36.2527342250625,-0.681322426773452,13,0.908704970151413,1.0,-0.299411592627541,11.08650688686896,3.87298334620742,7.74596669241483,10.816653826392,11,238.0496,0,0.877058019307027,49.56,-0.19,-0.03,3,210,3,1.0,0.6,0.0,,4901,52.333333333333336,0.6666666666666666,0.019108280254777,0.3821656050955414,0.65,0.5793357933579336,16.0,21.706876143333687,36.63333333333333,1.2904761904761906,1.1070110701107012,2,125,2.0,157.0,112.0,3.0,1.0
LB_20230907_093117_SELL_0001,2023-09-07,2023,DISCOVERY_2022_2024,SELL,BUY,B_CLEAN_BREAKOUT,0,1,-0.333333333333333,10,0.13,0.55,0.303030303030303,0,258,-183,-2812,-180,-138,-185,-183,-178,-91,-2.686116106609564,0.974025974025974,-234,-548,0.326086956521739,-0.111111111111111,-90,-350.51,-2,1,-18.0,-2.0,-8,-12,-4,-7.693558530230887,0.232558139534884,138,0,258,0.0,0.441860465116279,45,1.0,387,0.510548523206751,-5,0.0,237,1,0,0.0,10,0,16.0,-138,42,1.0,0.2,0,0.91829583405449,0.25,0.010928961748634,0.003100775193798,1,0.6,0.0,0.0,0.77,0.0,0,2,0.4,314,8194,61.67,50,5,20,3012,0.127571646752313,15.3984539213085,-0.45531162981554,5,0.912720784095858,0.034588087323691,0.000564434729527,3.9786932318908,3.46410161513775,8.60232526704263,11.7898261225516,11,78.0338,2,0.719712172684879,33.8,-0.08,0.04,0,203,0,-0.666666666666667,-0.2,,0.0,2942,552.0,-4.0,-0.0,0.4420289855072464,0.5836065573770491,0.5348837209302325,8.0,7.693558530230887,552.0,1.270935960591133,0.0,3,80,-1.0,138.0,91.0,-0.0,0.666666666666667
LB_20230914_093127_SELL_0001,2023-09-14,2023,DISCOVERY_2022_2024,SELL,BUY,A_TRUE_ABSORPTION,1,-3,-1.333333333333333,5,0.04,0.18,0.311418685121107,0,379,-233,-1820,-290,-199,-217,-233,-238,-181,-4.866497426246555,1.0,-63,113,0.170854271356784,0.147058823529412,-145,-27.68,0,-1,-29.0,-1.0,-3,-21,1,-13.298839285714283,0.237467018469657,199,3,379,0.007915567282322,0.397590361445783,34,0.5,166,0.484076433121019,5,0.5,157,3,0,0.0,5,0,28.0,-199,17,0.2,0.3,1,0.811278124459133,0.666666666666667,0.017167381974249,0.007339449541284,0,0.571428571428571,0.0,0.0,0.48,0.0,4,1,1.0,-176,8050,66.67,57,1,10,1434,0.086517857142857,24.6749866079306,-1.513376370786966,9,0.924995479312572,0.02125,0.232974412923812,9.18271272220016,5.74456264653803,8.60232526704263,12.8452325786651,9,88.0622,0,1.095445115010334,62.16,-0.02,-0.02,-3,313,-3,-1.333333333333333,-1.0,0.166666666666667,1.0,3165,66.33333333333333,1.0,0.0150753768844221,0.3902847571189279,0.6128755364806867,0.525065963060686,3.0,13.298839285714283,46.43333333333333,1.2108626198083068,0.7915567282321899,4,140,3.0,199.0,181.0,3.0,1.333333333333333
LB_20230915_093253_SELL_0001,2023-09-15,2023,DISCOVERY_2022_2024,SELL,BUY,B_CLEAN_BREAKOUT,0,-3,-1.333333333333333,65,0.87,1.2,0.329787234042553,0,375,-257,-2133,-484,-189,-229,-257,-340,-149,-4.314764035518798,1.0,-560,-792,0.35978835978836,1.220588235294118,-135,-248.29,-2,2,-27.0,-12.0,-20,-30,-16,-19.69163987138264,0.248,189,4,375,0.010666666666667,0.302325581395349,68,1.5,172,0.270718232044199,83,0.5,181,3,0,0.0,60,0,15.0,-189,6,1.0,0.7,3,0.591672778582328,0.818181818181818,0.027237354085603,0.012797074954296,0,0.333333333333333,0.05,-0.18,0.78,0.0,-4,1,1.6,232,4524,58.33,54,3,15,1239,0.091511254019293,25.407472172536,-0.003156346045062,8,0.909909031361589,0.009067524115756,-0.535945677150759,6.94045604468824,5.0,6.6332495807108,10.295630140987,11,174.0371,1,1.189577378577215,37.06,-0.13,0.05,-4,332,-4,-2.333333333333333,-1.6,0.375,0.333333333333333,4380,47.25,0.75,0.0211640211640211,0.4532627865961199,0.7937743190661478,0.504,20.0,19.69163987138264,28.35,1.129518072289157,1.0666666666666669,2,75,3.0,189.0,149.0,4.0,2.333333333333333
LB_20230919_093101_SELL_0001,2023-09-19,2023,DISCOVERY_2022_2024,SELL,BUY,A_TRUE_ABSORPTION,1,1,-0.666666666666667,25,0.31,12.43,0.351851851851852,0,438,-293,-1310,-309,-210,-305,-293,-347,-115,-3.574529898099804,1.0,-307,-193,0.395238095238095,0.650602409638554,-100,-265.29,-1,1,-20.0,-4.0,-8,-13,-5,-9.662417921977598,0.26027397260274,210,3,438,0.006849315068493,0.361204013377926,83,1.5,299,0.343023255813953,54,2.0,172,3,0,0.0,20,0,16.0,-210,12,0.4,0.3,2,0.91829583405449,0.692307692307692,0.020477815699659,0.008141112618725,0,0.6,0.0,0.0,0.58,0.0,6,0,2.0,-114,4500,46.67,40,1,6,1081,0.110853611432986,16.4452408698472,-0.096796214540087,6,0.905854956306887,0.031093086133642,0.089366213698971,4.61850750079304,6.08276253029822,8.30662386291808,11.916375287813,10,62.0119,1,1.250352063096684,11.88,-0.45,-0.03,-3,382,-3,-2.0,-2.0,0.5,1.333333333333333,679,70.0,-0.3333333333333333,0.0142857142857142,0.4650793650793651,0.710580204778157,0.4794520547945205,8.0,9.662417921977598,49.0,1.1465968586387434,0.684931506849315,2,80,-1.0,210.0,115.0,3.0,2.0
LB_20230926_093118_SELL_0002,2023-09-26,2023,DISCOVERY_2022_2024,SELL,BUY,B_CLEAN_BREAKOUT,0,-1,-0.333333333333333,5,0.06,0.26,0.396694214876033,0,338,-174,-288,-141,-146,-174,-174,-144,-118,-2.710140661828655,0.974358974358974,-297,-586,0.191780821917808,-1.071428571428571,-80,-128.78,-2,1,-16.0,0.0,-11,-15,-6,-8.515577568301646,0.284023668639053,146,2,338,0.005917159763314,0.387096774193548,28,0.0,124,0.592592592592593,-30,0.5,162,1,1,0.0,0,0,16.0,-146,37,0.2,0.4,2,0.650022421648354,0.714285714285714,0.011494252873563,0.004329004329004,0,0.2,0.0,0.0,0.56,0.0,4,1,0.8,289,4683,45.0,36,1,3,515,0.128135484901741,14.8788613562791,-0.914959763239463,4,0.934115653927783,0.036108004473558,-0.4568175682976,4.285006038666976,3.0,7.28010988928052,9.4339811320566,10,79.0358,1,0.778936180334248,35.8,-0.18,0.06,-2,301,-2,-1.0,-0.8,0.0,,1607,73.0,0.5,0.0136986301369863,0.3972602739726027,0.496551724137931,0.4319526627218935,11.0,8.515577568301646,58.400000000000006,1.1229235880398671,0.591715976331361,2,80,1.0,146.0,118.0,2.0,1.0
LB_20231002_093150_BUY_0001,2023-10-02,2023,DISCOVERY_2022_2024,BUY,SELL,B_CLEAN_BREAKOUT,0,1,0.0,20,0.19,0.39,3.075949367088608,3,322,205,-2446,210,164,177,205,225,151,4.701480699951193,1.0,457,716,0.25,0.48780487804878,-125,111.04,1,2,4.0,25.0,20,10,24,13.22880978865406,0.245341614906832,164,0,322,0.0,0.354609929078014,41,0.0,141,0.457983193277311,20,0.5,238,1,0,0.0,20,0,21.0,-45,164,1.0,0.1,1,0.650022421648354,0.6,0.004878048780488,0.002159827213823,0,0.4,0.0,0.0,0.49,0.0,-2,3,0.4,-259,5105,51.67,46,5,15,1198,0.065850945494994,25.2597961863046,-0.733970021456051,5,0.949434474360809,0.975194660734149,0.343901175836483,6.796308117934144,4.47213595499958,8.54400374531753,13.0,9,111.1104,0,0.842650088469486,110.44,-0.12,0.05,1,278,1,0.333333333333333,0.4,,,3891,164.0,1.0,0.0060975609756097,0.4166666666666667,0.6585365853658537,0.5093167701863354,20.0,13.22880978865406,147.6,1.158273381294964,0.3105590062111801,2,105,1.0,164.0,151.0,1.0,0.333333333333333
LB_20231016_093102_BUY_0001,2023-10-16,2023,DISCOVERY_2022_2024,BUY,SELL,B_CLEAN_BREAKOUT,0,5,1.666666666666667,25,0.42,8.27,2.733333333333333,2,280,225,-23,196,130,151,225,231,109,3.328807190842174,1.0,233,21,0.730769230769231,0.063157894736842,-85,-184.52,0,-1,5.0,17.0,12,8,13,10.100570613409417,0.267857142857143,130,5,280,0.017857142857143,0.367688022284123,95,3.0,359,0.465909090909091,6,0.5,88,3,0,0.0,25,0,12.0,-36,130,0.6,0.8,1,1.0,0.444444444444444,0.048888888888889,0.017214397496088,0,0.2,0.0,0.0,0.67,0.0,8,1,2.6,212,4968,40.0,31,1,4,741,0.158166904422254,11.7466892929914,1.415513828289251,4,0.836686192520973,0.998216833095578,0.982040356960337,3.2164896495778,9.16515138991168,10.6770782520313,13.2664991614216,10,63.0238,0,1.692228224453297,23.75,-0.36,-0.04,5,259,5,4.0,2.6,0.6,0.166666666666667,649,26.0,1.0,0.0384615384615384,0.5769230769230769,0.616,0.4642857142857143,12.0,10.100570613409417,13.0,1.0810810810810811,1.7857142857142858,2,60,5.0,130.0,109.0,5.0,4.0
LB_20231102_093203_SELL_0001,2023-11-02,2023,DISCOVERY_2022_2024,SELL,BUY,A_TRUE_ABSORPTION,1,-3,-0.333333333333333,25,0.33,6.17,0.206140350877193,0,550,-351,1477,-475,-362,-365,-351,-478,-359,-10.55087649972172,1.0,-467,-473,-0.030386740331492,11.545454545454543,-115,109.07,-1,2,-23.0,-8.0,-13,-21,-10,-12.486115033418056,0.170909090909091,362,3,550,0.005454545454545,0.53072625698324,-11,0.0,179,0.24901185770751,127,1.0,253,2,0,1.0,40,1,15.0,-362,14,1.0,0.4,1,0.650022421648354,0.666666666666667,0.008547008547009,0.004115226337449,0,0.4,0.0,-0.35,0.84,0.0,-3,3,1.0,6,4086,63.33,49,5,19,1233,0.108914619222442,20.5979974977522,-0.340349996905673,7,0.928515722882955,0.028334745363833,-0.431810308098823,5.57410688854764,4.12310562561766,8.48528137423857,11.3137084989848,9,124.0534,2,0.892678553567852,53.38,-0.49,0.0,-3,366,-3,-1.0,-1.0,0.0,,959,120.66666666666669,1.0,0.0082872928176795,0.3232044198895027,0.8170940170940171,0.6581818181818182,13.0,12.486115033418056,84.46666666666667,1.5027322404371584,0.5454545454545454,2,75,3.0,362.0,359.0,3.0,1.0
LB_20240404_093500_BUY_0001,2024-04-04,2024,DISCOVERY_2022_2024,BUY,SELL,B_CLEAN_BREAKOUT,0,3,0.666666666666667,5,0.07,4.93,3.0,3,632,314,2673,324,316,310,314,323,322,10.62350239733465,1.0,312,64,-0.006329113924051,4.5,-75,-249.4,-2,0,0.0,15.0,7,4,12,8.132175412663218,0.25,316,2,632,0.003164556962025,0.512820512820513,-2,0.0,78,0.415094339622642,9,0.5,53,2,0,0.0,0,0,15.0,-9,316,0.2,0.1,1,0.91829583405449,0.428571428571429,0.006369426751592,0.002816901408451,0,0.6,-0.06,-0.4,0.56,0.71,3,2,0.6,248,1912,41.67,49,1,5,849,0.113821138211382,16.2665273025478,-0.396382323445366,4,0.902320009761656,0.979243656072924,0.043274988927858,4.048854399583712,3.0,4.35889894354067,7.61577310586391,11,301.0152,0,0.964901281354014,15.19,-0.49,-0.13,2,500,2,0.666666666666667,0.6,0.0,,638,158.0,1.5,0.0063291139240506,0.3312236286919831,0.6171974522292993,0.5,7.0,8.132175412663218,126.4,1.264,0.3164556962025316,3,75,3.0,316.0,322.0,2.0,0.666666666666667
LB_20240409_093342_SELL_0001,2024-04-09,2024,DISCOVERY_2022_2024,SELL,BUY,B_CLEAN_BREAKOUT,0,-2,-0.333333333333333,5,0.06,0.12,0.220095693779904,0,255,-220,1456,-331,-163,-203,-220,-240,-123,-3.290273213607787,0.972972972972973,-550,-770,0.349693251533742,0.350877192982456,-95,174.99,-7,1,-19.0,-1.0,-13,-17,-8,-11.769953977646283,0.180392156862745,163,3,255,0.011764705882353,0.322981366459627,57,1.0,161,0.386363636363636,20,1.0,88,3,0,0.0,5,0,18.0,-163,5,0.2,0.5,2,0.0,1.0,0.022727272727273,0.012019230769231,0,0.0,0.04,0.19,0.83,0.68,5,1,1.2,220,2678,75.0,54,1,1,255,0.122813938198554,17.093845438656,-0.276617413942409,4,0.905349615519568,0.00387902695595,-0.350440055009706,4.326698523842992,4.89897948556636,7.34846922834954,9.89949493661166,8,223.0357,3,1.212183053462654,35.66,-0.2,0.08,-3,171,-3,-1.333333333333333,-1.2,0.333333333333333,1.0,2766,54.333333333333336,0.6666666666666666,0.0184049079754601,0.4498977505112474,0.6545454545454545,0.6392156862745098,13.0,11.769953977646283,38.03333333333333,1.4912280701754386,1.1764705882352942,1,90,2.0,163.0,123.0,3.0,1.333333333333333
LB_20240418_093109_SELL_0001,2024-04-18,2024,DISCOVERY_2022_2024,SELL,BUY,B_CLEAN_BREAKOUT,0,-3,-0.666666666666667,5,0.07,0.5,0.356846473029046,0,327,-188,-1969,-239,-155,-161,-188,-185,-149,-4.365548181392705,1.0,-241,-277,0.212903225806452,-0.090909090909091,-75,-201.02,-7,2,-15.0,-1.0,-10,-10,-2,-7.287883211678832,0.262996941896024,155,2,327,0.00611620795107,0.392156862745098,33,1.5,153,0.52,-3,0.5,75,2,1,0.0,5,0,14.0,-155,8,0.2,0.3,1,0.591672778582328,0.8,0.031914893617021,0.0125,0,0.333333333333333,0.0,0.0,0.67,0.0,6,3,1.4,36,5888,46.67,39,1,10,1164,0.094452554744526,15.3169510966403,-0.728965849544287,3,0.944155409238135,0.038394160583942,-0.042201279347106,3.874157206329296,6.08276253029822,10.0995049383621,14.422205101856,10,70.0421,1,1.033105847581788,42.14,-0.25,0.01,-3,280,-3,-2.0,-1.6,0.75,0.333333333333333,967,51.66666666666666,1.0,0.0193548387096774,0.4043010752688172,0.5904255319148937,0.4740061162079511,10.0,7.287883211678832,36.16666666666666,1.167857142857143,0.9174311926605504,2,70,3.0,155.0,149.0,3.0,2.0
LB_20240423_093145_BUY_0001,2024-04-23,2024,DISCOVERY_2022_2024,BUY,SELL,B_CLEAN_BREAKOUT,0,3,1.666666666666667,20,0.21,0.43,4.69047619047619,1,239,199,1255,200,155,209,199,183,101,2.769154563912499,0.980952380952381,423,364,0.283870967741935,-0.363636363636364,-115,-214.25,2,0,4.0,23.0,5,4,15,11.726092896174864,0.175732217573222,155,3,239,0.01255230125523,0.365853658536585,44,0.5,164,0.5625,-16,0.0,128,2,0,0.0,20,0,19.0,-18,155,0.6,1.0,2,0.91829583405449,0.6,0.025125628140704,0.012406947890819,1,0.8,0.0,0.0,0.63,0.0,1,1,1.0,59,6579,60.0,47,3,17,1587,0.077868852459016,20.4389830280304,-0.827253936787191,5,0.926137078774178,1.0,-0.372458409980335,5.658097335034864,4.89897948556636,9.32737905308882,13.114877048604,11,106.111,0,0.914991421995628,110.96,-0.12,-0.01,4,203,4,1.666666666666667,0.8,0.166666666666667,0.0,3677,38.75,0.75,0.0258064516129032,0.4279569892473118,0.5517587939698493,0.6485355648535565,5.0,11.726092896174864,23.25,1.1773399014778323,1.6736401673640169,3,95,3.0,155.0,101.0,4.0,1.666666666666667
LB_20240502_093112_SELL_0001,2024-05-02,2024,DISCOVERY_2022_2024,SELL,BUY,B_CLEAN_BREAKOUT,0,0,-1.0,20,0.18,1.52,0.250737463126844,0,424,-243,105,-277,-254,-251,-243,-246,-257,-6.842329042958531,1.0,-337,-520,-0.043307086614173,0.272727272727273,-125,-27.89,1,0,-25.0,-3.0,-10,-13,-3,-10.312539067383424,0.200471698113208,254,3,424,0.007075471698113,0.535031847133758,-11,1.0,157,0.487603305785124,3,-0.5,121,1,2,0.0,15,0,22.0,-254,41,0.4,1.1,2,0.954434002924965,0.117647058823529,0.020576131687243,0.008605851979346,0,0.428571428571429,0.0,0.0,0.52,0.0,1,0,0.8,183,6283,56.67,43,3,14,1666,0.118264783097887,20.0748143909954,-0.165986855656829,7,0.910077208295777,0.020752594074259,0.628192760581194,5.868827560387112,7.14142842854285,10.0,15.4919333848297,11,73.1363,1,1.129158979063618,136.35,-0.2,0.03,-3,295,-3,-1.666666666666667,-0.8,0.333333333333333,-0.5,1723,84.66666666666667,-0.0,0.0118110236220472,0.3188976377952756,0.6074074074074074,0.5990566037735849,10.0,10.312539067383424,59.266666666666666,1.4372881355932203,0.7075471698113207,3,110,-0.0,254.0,257.0,3.0,1.666666666666667
LB_20240503_093157_SELL_0001,2024-05-03,2024,DISCOVERY_2022_2024,SELL,BUY,B_CLEAN_BREAKOUT,0,-6,-0.666666666666667,40,0.53,0.69,0.183760683760684,0,277,-211,1997,-161,-191,-207,-211,-213,-175,-5.639325396882412,1.0,-340,58,0.104712041884817,0.1,-115,308.13,0,1,-23.0,-8.0,-13,-18,-9,-11.379914257046428,0.155234657039711,191,3,277,0.010830324909747,0.425373134328358,20,0.0,134,0.490566037735849,2,1.0,106,2,0,0.0,40,0,15.0,-191,36,1.0,0.4,1,0.954434002924965,0.214285714285714,0.018957345971564,0.009732360097324,0,0.714285714285714,0.0,0.0,0.91,0.0,-3,1,1.0,-398,6600,68.33,59,13,32,2409,0.103347623825595,18.4072162863749,-0.202233309986695,5,0.904894421432026,0.01505062482897,-0.24172638124051,4.6618839746154,5.65685424949238,7.74596669241483,12.9228479833201,9,118.1731,2,1.072240923861047,173.09,-0.08,-0.06,-4,233,-4,-1.0,-1.0,0.0,,4364,47.75,1.5,0.0209424083769633,0.3682373472949389,0.6056872037914692,0.6895306859205776,13.0,11.379914257046428,28.65,1.1888412017167382,1.444043321299639,2,75,6.0,191.0,175.0,4.0,1.0
LB_20240510_093420_BUY_0001,2024-05-10,2024,DISCOVERY_2022_2024,BUY,SELL,B_CLEAN_BREAKOUT,0,2,0.666666666666667,25,0.33,1.18,6.323529411764706,2,249,189,1286,212,181,185,189,210,177,6.814161527374841,1.0,380,235,0.044198895027624,2.625,-175,-115.86,2,0,20.0,35.0,8,0,26,17.679814233385663,0.136546184738956,181,2,249,0.008032128514056,0.41304347826087,8,0.0,46,0.322033898305085,21,0.0,59,1,0,1.0,100,1,15.0,-8,181,1.0,0.4,1,0.0,0.75,0.010582010582011,0.006779661016949,0,0.0,-0.06,-0.73,0.91,0.57,-17,4,0.6,145,2183,68.33,59,0,0,0,0.061551543694401,29.8070695887141,-1.463364916255696,9,0.947321796870109,1.0,-0.130604221501985,10.44917332111696,2.44948974278318,4.89897948556636,6.6332495807108,11,261.122,0,0.904534033733291,121.97,-0.31,-0.07,2,178,2,1.0,0.6,0.0,,1210,90.5,1.0,0.011049723756906,0.3480662983425414,0.6666666666666666,0.7269076305220884,8.0,17.679814233385663,72.4,1.398876404494382,0.8032128514056225,3,75,2.0,181.0,177.0,2.0,1.0
LB_20240520_093220_BUY_0001,2024-05-20,2024,DISCOVERY_2022_2024,BUY,SELL,B_CLEAN_BREAKOUT,0,2,1.0,35,0.78,1.66,3.25,2,221,213,-207,266,117,116,213,254,118,4.078697443547872,1.0,260,-266,0.820512820512821,0.427083333333333,-100,4.62,0,1,11.0,20.0,15,10,19,12.208651932544257,0.235294117647059,117,2,221,0.009049773755656,0.293103448275862,96,1.5,232,0.327731092436975,41,0.0,119,2,0,1.0,55,1,9.0,-16,117,1.0,0.3,1,0.954434002924965,0.384615384615385,0.023474178403756,0.011037527593819,0,0.571428571428571,-0.16,-0.75,0.93,0.0,-6,1,1.0,526,3322,41.67,34,4,25,989,0.138577563632555,16.886841906521,-0.710460905260135,6,0.914427665071404,0.998114590970986,0.497507222696314,4.871044337632552,5.19615242270663,6.48074069840786,8.88819441731559,11,141.0624,0,1.432003111516312,62.44,-0.15,-0.16,2,206,2,1.666666666666667,1.0,0.75,0.0,1682,58.5,1.0,0.017094017094017,0.6068376068376068,0.7154929577464789,0.5294117647058824,15.0,12.208651932544257,46.8,1.0728155339805825,0.9049773755656108,2,45,2.0,117.0,118.0,2.0,1.666666666666667
LB_20240611_093350_BUY_0001,2024-06-11,2024,DISCOVERY_2022_2024,BUY,SELL,A_TRUE_ABSORPTION,1,5,1.666666666666667,30,0.6,0.59,3.339285714285714,1,486,288,619,276,262,282,288,290,242,10.119498657595736,1.0,423,10,0.099236641221374,0.076923076923077,-80,-37.98,8,0,6.0,16.0,8,5,12,10.307518927353636,0.230452674897119,262,5,486,0.010288065843621,0.3375,26,0.5,80,0.487179487179487,2,0.0,78,2,0,0.0,30,2,10.0,-9,262,1.0,1.0,1,0.811278124459133,0.75,0.020833333333333,0.010600706713781,0,0.666666666666667,-0.03,0.0,1.4,0.89,0,3,1.2,413,4451,70.0,50,5,50,2795,0.155753337571519,14.6693320446357,-0.307622134170216,3,0.85656642114372,1.0,-0.7989490461176,4.571803426229488,5.29150262212918,6.2449979983984,8.71779788708135,11,231.0598,0,1.486783883350054,59.82,-0.15,-0.09,5,436,5,2.0,1.2,0.1,0.0,2855,52.4,1.0,0.0190839694656488,0.366412213740458,0.6041666666666666,0.5390946502057613,8.0,10.307518927353636,26.2,1.114678899082569,1.02880658436214,1,50,5.0,262.0,242.0,5.0,2.0
LB_20240614_093644_BUY_0001,2024-06-14,2024,DISCOVERY_2022_2024,BUY,SELL,B_CLEAN_BREAKOUT,0,1,0.333333333333333,15,0.38,0.33,5.052631578947368,0,230,185,553,203,154,166,185,205,142,7.434036315842095,1.0,207,322,0.201298701298701,0.645161290322581,-55,-37.44,6,0,3.0,11.0,6,3,10,9.036032977691562,0.165217391304348,154,3,230,0.01304347826087,0.352380952380952,31,0.5,105,0.371794871794872,20,0.5,78,3,0,0.33,15,4,8.0,-28,154,0.8,0.4,2,0.0,1.0,0.016216216216216,0.008955223880597,0,0.0,-0.03,-0.45,1.29,0.78,1,3,0.8,-115,2333,51.67,66,1,20,904,0.128758486905917,16.1449224088211,0.510786573627583,4,0.864154366196258,1.0,-1.097755949658812,4.89573255599448,2.64575131106459,4.47213595499958,8.0,10,405.0813,0,0.810092587300982,81.26,-0.13,0.05,2,192,2,1.0,0.8,0.166666666666667,1.0,1655,77.0,0.5,0.0129870129870129,0.4004329004329004,0.6648648648648648,0.6695652173913044,6.0,9.036032977691562,61.6,1.1979166666666667,0.8695652173913043,2,40,1.0,154.0,142.0,2.0,1.0
LB_20240708_093223_BUY_0001,2024-07-08,2024,DISCOVERY_2022_2024,BUY,SELL,A_TRUE_ABSORPTION,1,1,0.666666666666667,25,0.33,1.04,2.658823529411765,2,311,202,2573,414,141,190,202,207,92,3.268840801598923,1.0,498,527,0.432624113475177,0.081967213114754,-95,-94.31,0,1,4.0,19.0,15,10,17,12.905668252775692,0.273311897106109,141,3,311,0.009646302250804,0.36322869955157,61,1.0,223,0.482993197278912,5,0.5,147,3,0,0.0,20,0,15.0,-4,141,0.4,0.7,2,0.0,1.0,0.024752475247525,0.00936329588015,0,0.0,0.01,0.5,0.67,0.0,2,2,1.2,-29,3791,50.0,38,1,6,795,0.132899240337257,15.572344527735,0.650903569900156,7,0.875618440110027,0.999081726354454,0.77052595648323,4.223703333494528,6.6332495807108,9.79795897113271,11.3137084989848,11,144.0635,0,1.436140661634501,63.52,-0.22,0.01,3,288,3,1.666666666666667,1.2,0.333333333333333,0.5,2288,47.0,0.3333333333333333,0.0212765957446808,0.4775413711583924,0.6148514851485148,0.4533762057877814,15.0,12.905668252775692,32.9,1.0798611111111112,0.964630225080386,2,75,1.0,141.0,92.0,3.0,1.666666666666667
LB_20240712_093101_BUY_0001,2024-07-12,2024,DISCOVERY_2022_2024,BUY,SELL,A_TRUE_ABSORPTION,1,5,2.0,35,0.28,17.12,2.460869565217391,0,398,184,9,279,168,179,184,170,157,4.031240352436148,1.0,180,-118,0.095238095238095,-0.875,-155,-163.12,-1,1,6.0,31.0,24,17,31,20.03768577494692,0.28894472361809,168,6,398,0.015075376884422,0.463963963963964,16,1.0,222,0.540697674418605,-14,0.5,172,2,1,0.0,30,0,25.0,-21,168,0.4,1.3,3,0.0,1.0,0.043478260869565,0.012903225806452,0,0.0,0.0,0.0,0.52,0.0,3,1,1.8,298,5104,65.0,49,1,5,792,0.1017338995046,23.0848097283881,-0.262810914301967,9,0.897802952952851,0.988853503184713,0.916754124787005,8.14121399700312,6.85565460040104,9.48683298050514,13.6381816969859,9,62.0444,0,1.231311915096273,44.35,-0.32,-0.06,6,351,6,2.666666666666667,1.6,0.166666666666667,0.5,554,28.0,0.8333333333333334,0.0357142857142857,0.365079365079365,0.5543478260869565,0.4221105527638191,24.0,20.03768577494692,11.2,1.1339031339031338,1.5075376884422111,2,125,5.0,168.0,157.0,6.0,2.666666666666667
LB_20240716_093212_BUY_0001,2024-07-16,2024,DISCOVERY_2022_2024,BUY,SELL,A_TRUE_ABSORPTION,1,1,0.666666666666667,10,0.11,0.76,4.928571428571429,1,332,257,1169,300,220,237,257,308,203,7.022023709586822,1.0,364,337,0.168181818181818,1.378378378378378,-100,-172.7,-1,2,2.0,20.0,16,12,21,13.864148750726322,0.168674698795181,220,3,332,0.009036144578313,0.394285714285714,37,1.5,175,0.289256198347107,51,2.0,121,3,0,0.0,10,0,18.0,-15,220,0.2,0.1,5,0.543564443199596,0.846153846153846,0.023346303501946,0.011834319526627,0,0.285714285714286,-0.01,-0.36,0.61,0.0,8,0,2.0,27,3147,55.0,45,1,2,441,0.134572922719349,18.2517590760597,0.030535188095266,6,0.881190902701975,0.980244044160372,0.924901662327325,5.59434625666532,5.19615242270663,8.0,10.7238052947636,11,133.0836,0,1.186884852112416,83.6,-0.34,-0.01,3,285,3,2.0,2.0,0.5,1.333333333333333,1086,73.33333333333333,0.3333333333333333,0.0136363636363636,0.3893939393939394,0.7190661478599222,0.6626506024096386,16.0,13.864148750726322,51.33333333333333,1.1649122807017545,0.9036144578313252,2,90,1.0,220.0,203.0,3.0,2.0
LB_20240722_093156_SELL_0001,2024-07-22,2024,DISCOVERY_2022_2024,SELL,BUY,A_TRUE_ABSORPTION,1,-3,-1.666666666666667,40,0.2,0.7,0.245689655172414,0,289,-193,625,-200,-175,-188,-193,-193,-162,-5.361112752851035,1.0,-495,-239,0.102857142857143,0.0,-240,132.42,0,1,-48.0,-8.0,-12,-22,-5,-18.208481282337424,0.197231833910035,175,5,289,0.017301038062284,0.413461538461538,18,2.0,104,0.5,0,-0.5,88,2,0,0.0,40,0,40.0,-175,20,0.6,1.2,3,0.91829583405449,0.333333333333333,0.046632124352332,0.022900763358779,2,0.6,0.0,0.0,0.46,0.0,0,1,1.6,-256,5882,91.67,68,11,34,2392,0.073145987623009,34.6336692698146,0.080961092196727,12,0.906136365832599,0.005985593994116,0.962381637810533,10.85687911797336,6.85565460040104,9.9498743710662,15.1327459504216,9,117.0314,1,1.109703135092861,31.42,-0.12,-0.04,-5,257,-5,-3.0,-1.8,0.4,-0.25,3983,35.0,0.6,0.0285714285714285,0.3676190476190476,0.6,0.6055363321799307,12.0,18.208481282337424,17.5,1.1245136186770428,1.7301038062283738,2,200,3.0,175.0,162.0,5.0,3.0
LB_20240726_093346_SELL_0001,2024-07-26,2024,DISCOVERY_2022_2024,SELL,BUY,B_CLEAN_BREAKOUT,0,-3,-1.333333333333333,10,0.05,0.21,0.165562913907285,0,176,-169,1278,-175,-126,-158,-169,-169,-94,-3.258607181570375,0.991150442477876,-321,-565,0.341269841269841,0.0,-190,-165.01,0,1,-38.0,-1.0,-16,-21,-4,-15.083402889245583,0.142045454545455,126,5,176,0.028409090909091,0.247058823529412,43,2.0,85,0.5,0,1.0,58,2,0,0.0,5,1,37.0,-126,14,0.2,0.9,5,0.543564443199596,0.611111111111111,0.053254437869822,0.03448275862069,0,0.285714285714286,0.02,0.23,0.73,1.01,10,0,2.2,244,3420,135.0,100,1,1,176,0.052199036918138,31.0896721549385,-0.16921445642532,10,0.931685548886569,0.010465489566613,0.470874922640773,8.07986880543992,7.21110255092798,12.328828005938,16.8226038412607,10,227.0924,0,1.049987380035216,92.36,-0.13,0.07,-5,125,-5,-3.0,-2.2,0.4,0.5,2405,25.2,0.6,0.0396825396825396,0.4470899470899471,0.6,0.7159090909090909,16.0,15.083402889245583,12.6,1.408,2.840909090909091,3,185,3.0,126.0,94.0,5.0,3.0
LB_20240808_093753_SELL_0001,2024-08-08,2024,DISCOVERY_2022_2024,SELL,BUY,A_TRUE_ABSORPTION,1,-11,-4.333333333333333,155,0.97,2.87,0.211009174311927,0,264,-172,-1287,-176,-172,-167,-172,-197,-177,-8.035896265698907,1.0,-416,-429,0.0,,-315,334.95,-1,0,-63.0,-31.0,-38,-44,-17,-33.36347630459236,0.174242424242424,172,12,264,0.045454545454545,0.5,0,0.0,28,0.264150943396226,25,1.0,53,2,0,0.0,155,5,32.0,-172,35,1.0,2.0,2,1.0,0.433333333333333,0.069767441860465,0.041095890410959,0,0.428571428571429,0.04,0.17,0.81,0.73,-16,1,3.0,13,1849,130.0,132,1,6,287,0.033843595637502,48.3511373120688,-0.681287957946559,17,0.932579653326734,0.000293441580672,-0.059190436936619,12.29009934832504,14.3527000944073,15.6843871413581,20.4450483002609,8,474.0454,0,1.719574889047593,45.42,-0.17,0.01,-12,221,-12,-4.333333333333333,-3.0,0.0,,2510,14.333333333333334,0.9166666666666666,0.0697674418604651,0.3333333333333333,0.6872093023255814,0.6515151515151515,38.0,33.36347630459236,0.0,1.1945701357466063,4.545454545454546,2,160,11.0,172.0,177.0,12.0,4.333333333333333
LB_20240813_093126_BUY_0001,2024-08-13,2024,DISCOVERY_2022_2024,BUY,SELL,B_CLEAN_BREAKOUT,0,2,2.0,25,0.22,0.92,4.433962264150943,1,288,197,1378,215,182,188,197,194,176,7.166396809919765,1.0,183,37,0.082417582417582,-0.2,-140,-362.33,1,0,5.0,28.0,10,6,22,15.284381778741864,0.184027777777778,182,5,288,0.017361111111111,0.333333333333333,15,1.5,45,0.529411764705882,-3,-0.5,51,2,0,0.0,25,0,23.0,-13,182,0.4,1.2,2,0.863120568566631,0.722222222222222,0.040609137055838,0.024024024024024,0,0.666666666666667,0.0,0.0,0.58,0.0,2,2,1.4,146,3426,66.67,56,1,8,575,0.072234273318872,23.9852546201616,-1.047702326181315,7,0.943617493423119,1.0,0.123246052459861,6.905500581691824,7.87400787401181,12.4096736459909,16.4620776331543,11,87.0701,0,1.171620129110657,70.1,-0.15,-0.04,5,213,5,2.666666666666667,1.6,0.3,-0.333333333333333,1189,36.4,0.4,0.0274725274725274,0.3608058608058608,0.5908629441624366,0.6319444444444444,10.0,15.284381778741864,18.2,1.352112676056338,1.7361111111111112,2,115,2.0,182.0,176.0,5.0,2.666666666666667
LB_20240814_093352_SELL_0001,2024-08-14,2024,DISCOVERY_2022_2024,SELL,BUY,A_TRUE_ABSORPTION,1,-6,-1.333333333333333,45,0.3,0.85,0.182857142857143,0,207,-167,828,-208,-143,-140,-167,-207,-146,-6.19874722142693,1.0,-331,-151,0.167832167832168,1.666666666666667,-195,17.34,-1,1,-39.0,-9.0,-38,-45,-20,-26.60781044317683,0.154589371980676,143,5,207,0.024154589371981,0.386792452830189,24,1.5,106,0.25,40,1.0,80,3,0,0.0,45,0,30.0,-143,12,0.8,1.2,1,0.591672778582328,0.875,0.053892215568862,0.028753993610224,0,0.333333333333333,-0.02,-0.4,0.78,0.79,2,2,2.2,-180,2510,116.67,94,9,24,1014,0.040719613865731,40.3980264173899,-1.052059478812743,11,0.950398695056605,0.00210618692409,-0.210302964512283,11.25896183389288,7.48331477354788,10.770329614269,13.5646599662505,8,233.0367,0,1.351327849384355,36.68,-0.15,-0.07,-6,151,-6,-3.0,-2.0,0.3,0.666666666666667,2185,23.83333333333333,1.0,0.0419580419580419,0.3892773892773892,0.7437125748502994,0.6908212560386473,38.0,26.60781044317683,9.533333333333331,1.3708609271523178,2.898550724637681,2,150,6.0,143.0,146.0,6.0,3.0
LB_20250310_093118_SELL_0001,2025-03-10,2025,OPENED_2025_2026,SELL,BUY,A_TRUE_ABSORPTION,1,-3,-1.0,30,0.25,1.57,0.303030303030303,0,258,-198,-3076,-253,-138,-149,-198,-250,-127,-4.118588345493116,0.987179487179487,-256,15,0.434782608695652,0.866666666666667,-145,-517.59,1,-1,-29.0,-5.0,-19,-25,-11,-15.144063415474754,0.232558139534884,138,3,258,0.011627906976744,0.35981308411215,60,2.0,214,0.350574712643678,52,3.0,174,3,0,0.0,25,0,24.0,-138,7,0.6,-0.6,1,0.721928094887362,0.764705882352941,0.035353535353535,0.014830508474576,0,0.25,0.0,0.0,0.54,0.0,8,2,2.6,-271,4437,65.0,57,3,9,901,0.087540927106669,24.6403919949921,-0.538443041171559,8,0.924590660482191,0.037049801826641,-0.453112105050125,6.885934122873728,8.30662386291808,14.525839046334,20.2731349327133,11,79.0777,1,1.003642999314493,77.67,-0.19,-0.06,-3,184,-3,-2.333333333333333,-2.6,0.666666666666667,1.5,1374,46.0,1.0,0.021739130434782608,0.4782608695652174,0.7575757575757576,0.5348837209302325,19.0,15.144063415474754,32.199999999999996,1.4021739130434783,1.1627906976744187,2,120,3.0,138.0,127.0,3.0,2.333333333333333
LB_20250317_093253_BUY_0001,2025-03-17,2025,OPENED_2025_2026,BUY,SELL,B_CLEAN_BREAKOUT,0,2,-0.666666666666667,95,1.06,1.76,4.323529411764706,0,181,150,1378,190,113,109,150,190,117,4.348749757286855,0.988439306358382,327,358,0.327433628318584,1.081081081081081,-225,-275.68,-1,0,27.0,45.0,17,9,36,24.952838969903816,0.187845303867403,113,3,181,0.016574585635359,0.313131313131313,37,2.0,99,0.291666666666667,40,2.0,96,3,0,1.0,135,1,18.0,-15,113,1.0,0.4,4,0.91829583405449,0.785714285714286,0.046666666666667,0.025,0,0.2,0.01,-0.73,1.07,0.0,-16,0,2.2,-31,2243,96.67,82,0,0,0,0.047005895128762,40.2547921208237,-1.01399013859505,13,0.944582649578682,0.991157306856966,0.034090745987991,11.59764534078552,6.78232998312527,12.6095202129185,17.4355957741627,10,174.014,0,0.952835104749035,14.0,-0.15,0.01,3,160,3,2.333333333333333,2.2,0.666666666666667,1.0,2139,37.666666666666664,0.6666666666666666,0.02654867256637168,0.4424778761061947,0.76,0.6243093922651933,17.0,24.952838969903816,26.366666666666664,1.13125,1.6574585635359116,2,90,2.0,113.0,117.0,3.0,2.333333333333333
LB_20250318_093436_SELL_0001,2025-03-18,2025,OPENED_2025_2026,SELL,BUY,B_CLEAN_BREAKOUT,0,-3,-1.333333333333333,30,0.18,0.81,0.270642201834862,0,277,-159,-846,-138,-159,-161,-159,-150,-157,-7.068261189262053,1.0,-303,-407,0.0,,-200,-381.93,0,-1,-40.0,-6.0,-19,-23,-7,-17.088706525986716,0.212996389891697,159,4,277,0.014440433212996,0.5,0,0.5,28,0.56,-9,-0.5,75,1,0,0.0,30,2,34.0,-159,15,1.0,0.9,2,0.650022421648354,0.545454545454545,0.031446540880503,0.016393442622951,0,0.2,0.06,0.27,0.5,0.64,-2,2,0.8,104,1222,85.0,95,1,12,567,0.077373974208675,30.6311349334126,0.01820401387289,9,0.904293205204867,0.017975771785854,0.309768688578117,8.23120767829016,5.19615242270663,9.2736184954957,12.8452325786651,11,277.0753,1,0.990867388613726,75.3,-0.23,0.09,-4,253,-4,-1.666666666666667,-1.0,0.125,-1.0,1315,39.75,0.75,0.025157232704402517,0.3333333333333333,0.5660377358490566,0.5740072202166066,19.0,17.088706525986716,23.849999999999998,1.0948616600790513,1.444043321299639,2,170,3.0,159.0,157.0,4.0,1.666666666666667
LB_20250327_093139_BUY_0001,2025-03-27,2025,OPENED_2025_2026,BUY,SELL,A_TRUE_ABSORPTION,1,4,0.333333333333333,90,0.56,2.25,3.328358208955224,0,290,204,-1115,197,156,153,204,203,159,5.402654862678605,1.0,281,137,0.307692307692308,-0.020833333333333,-250,45.51,0,1,18.0,50.0,24,18,46,26.034395413944807,0.231034482758621,156,3,290,0.010344827586207,0.346153846153846,48,1.0,156,0.502793296089385,-1,0.5,179,2,1,0.0,90,0,32.0,-29,156,1.0,0.5,1,1.0,0.454545454545455,0.024509803921569,0.011210762331839,0,0.6,0.0,0.0,0.49,0.0,-12,0,1.2,144,4638,78.33,67,5,9,490,0.04799360085322,45.077218403473,-0.805680886671771,13,0.950351969170232,0.983068924143448,0.29692895033127,13.34752396307896,5.0,10.0995049383621,13.4536240470737,8,100.0098,0,0.910345693551607,9.75,-0.1,-0.03,3,258,3,1.666666666666667,1.2,0.333333333333333,0.5,2869,52.0,1.3333333333333333,0.019230769230769232,0.4358974358974359,0.5970588235294118,0.5379310344827586,24.0,26.034395413944807,36.4,1.124031007751938,1.0344827586206897,2,160,4.0,156.0,159.0,3.0,1.666666666666667
LB_20250430_093742_SELL_0001,2025-04-30,2025,OPENED_2025_2026,SELL,BUY,B_CLEAN_BREAKOUT,0,-10,-3.333333333333333,60,0.23,1.39,0.286821705426357,0,498,-256,-2175,-337,-276,-275,-256,-278,-277,-14.386078623056804,1.0,-306,-354,-0.072463768115942,1.1,-325,-719.25,-1,0,-65.0,-12.0,-35,-48,-14,-33.92722206286113,0.22289156626506,276,10,498,0.020080321285141,0.565789473684211,-20,0.0,152,0.411290322580645,22,1.0,124,2,0,0.0,60,2,53.0,-276,19,1.0,2.0,2,0.811278124459133,0.8,0.04296875,0.016923076923077,1,0.571428571428571,-0.01,-0.18,0.52,0.97,1,0,2.6,48,2476,136.67,133,3,12,1110,0.036225054296603,55.6682090393287,-0.772452821136188,16,0.952577767716241,0.001229357046265,0.262485566139045,15.39863123687728,11.6619037896906,14.2828568570857,16.5227116418583,10,463.0868,0,1.728875643015132,86.77,-0.12,0.02,-11,402,-11,-3.666666666666667,-2.6,0.0,,2610,25.09090909090909,0.9090909090909091,0.03985507246376811,0.30917874396135264,0.6515625,0.5542168674698795,35.0,33.92722206286113,0.0,1.2388059701492538,2.208835341365462,2,265,10.0,276.0,277.0,11.0,3.666666666666667
LB_20250502_093652_SELL_0001,2025-05-02,2025,OPENED_2025_2026,SELL,BUY,B_CLEAN_BREAKOUT,0,-5,-0.333333333333333,100,0.8,1.88,0.105504587155963,0,241,-200,374,-227,-195,-180,-200,-215,-210,-10.336254333470254,1.0,-431,-423,0.025641025641026,3.0,-220,185.89,0,2,-44.0,-19.0,-30,-48,-21,-33.49232800905546,0.095435684647303,195,2,241,0.008298755186722,0.481203007518797,5,0.0,133,0.380952380952381,15,0.5,63,2,0,0.0,95,1,25.0,-195,15,1.0,0.2,1,0.91829583405449,0.363636363636364,0.015,0.008021390374332,0,0.6,-0.06,-0.33,0.89,1.22,-15,0,0.8,-8,2344,111.67,110,1,8,293,0.048358697019243,48.4849537567574,-0.397129133584223,14,0.936791529676501,0.011067790215067,-0.248099686545579,13.5268487099436,4.79583152331272,7.48331477354788,13.6381816969859,9,413.1144,1,0.861356769214106,114.39,-0.2,0.0,-3,120,-3,-1.0,-1.0,0.0,,2165,65.0,1.6666666666666667,0.015384615384615385,0.3418803418803419,0.645,0.8091286307053942,30.0,33.49232800905546,45.5,2.0083333333333333,1.2448132780082988,2,125,5.0,195.0,210.0,3.0,1.0
LB_20250508_093147_SELL_0001,2025-05-08,2025,OPENED_2025_2026,SELL,BUY,B_CLEAN_BREAKOUT,0,-1,-1.333333333333333,10,0.1,0.21,0.228346456692913,0,312,-220,-1695,-230,-196,-217,-220,-219,-175,-7.969135191145655,1.0,-338,-167,0.122448979591837,-0.041666666666667,-115,-174.59,0,1,-23.0,-2.0,-16,-20,-9,-12.288002726653032,0.185897435897436,196,5,312,0.016025641025641,0.293103448275862,24,2.5,58,0.507042253521127,-1,-1.0,71,2,0,0.0,10,0,21.0,-196,10,0.2,1.7,3,0.650022421648354,0.588235294117647,0.040909090909091,0.024324324324324,0,0.4,0.0,0.0,0.57,0.0,5,0,1.4,-171,3909,60.0,51,1,1,312,0.072767552828903,20.4300326498496,-0.826135458750824,8,0.937285614950498,0.016700749829584,-0.365769288755117,5.488745307422632,7.41619848709566,11.0453610171873,15.52417469626,10,108.0968,0,1.170168622810033,96.8,-0.17,-0.04,-4,228,-4,-3.0,-1.2,0.5,-0.4,1974,49.0,0.25,0.02040816326530612,0.3741496598639456,0.5972727272727273,0.6282051282051282,16.0,12.288002726653032,29.4,1.368421052631579,1.2820512820512822,2,105,1.0,196.0,175.0,4.0,3.0
LB_20250605_093207_SELL_0001,2025-06-05,2025,OPENED_2025_2026,SELL,BUY,B_CLEAN_BREAKOUT,0,-5,-1.333333333333333,50,0.34,6.18,0.354037267080745,0,218,-195,438,-179,-104,-106,-195,-191,-102,-4.106754325066182,1.0,-214,-75,0.875,-0.043956043956044,-220,-24.12,0,-1,-44.0,-15.0,-39,-44,-11,-21.72935212660732,0.261467889908257,104,6,218,0.027522935779817,0.278048780487805,91,2.0,205,0.53448275862069,-4,-0.5,58,2,0,1.0,75,1,29.0,-104,41,1.0,1.3,1,0.91829583405449,0.6,0.046153846153846,0.021276595744681,0,0.6,-0.04,-0.61,0.91,0.0,-6,2,1.8,-139,3725,131.67,98,1,2,385,0.05217606330366,40.2609476490706,-1.246721483159672,12,0.949525331361501,0.054896142433234,-0.188954983380209,13.23226353257416,7.54983443527075,11.7046999107196,18.5741756210067,10,128.0911,1,0.995642680797728,91.12,-0.33,-0.04,-5,210,-5,-3.333333333333333,-1.8,0.333333333333333,-0.25,650,20.8,1.0,0.04807692307692308,0.625,0.5876923076923077,0.47706422018348627,39.0,21.72935212660732,10.4,1.0380952380952382,2.293577981651376,2,145,5.0,104.0,102.0,5.0,3.333333333333333
LB_20250611_093138_SELL_0001,2025-06-11,2025,OPENED_2025_2026,SELL,BUY,B_CLEAN_BREAKOUT,0,-6,-2.0,45,0.43,1.15,0.22962962962963,0,166,-154,2049,-94,-104,-102,-154,-151,-106,-3.638262073197087,0.989795918367347,-215,16,0.480769230769231,-0.06,-145,48.85,0,1,-29.0,-8.0,-22,-28,-12,-17.396102745792735,0.186746987951807,104,6,166,0.036144578313253,0.316176470588235,50,1.0,136,0.522388059701493,-3,0.0,67,2,0,0.0,40,0,21.0,-104,23,0.6,1.2,1,0.91829583405449,0.5,0.051948051948052,0.026490066225166,1,0.4,0.0,0.0,0.52,0.0,1,2,1.8,-231,3519,55.0,47,5,16,986,0.077590788308237,23.8182343243965,-0.844504092630862,5,0.923256624625377,0.010451727192205,-0.436065219389637,7.015411533420056,7.21110255092798,10.4403065089106,14.3874945699382,8,99.0511,0,1.227699628089699,51.11,-0.1,-0.07,-6,157,-6,-3.0,-1.8,0.166666666666667,0.0,2133,17.333333333333332,1.0,0.057692307692307696,0.4935897435897436,0.5883116883116883,0.6265060240963856,22.0,17.396102745792735,6.933333333333334,1.0573248407643312,3.6144578313253013,2,105,6.0,104.0,106.0,6.0,3.0
LB_20250627_093203_SELL_0001,2025-06-27,2025,OPENED_2025_2026,SELL,BUY,A_TRUE_ABSORPTION,1,-6,-2.333333333333333,15,0.15,3.73,0.340659340659341,0,366,-249,1726,-239,-180,-233,-249,-236,-127,-3.8393683465826,0.983739837398374,-252,-187,0.383333333333333,-0.188405797101449,-115,-183.58,0,2,-23.0,-3.0,-15,-22,-6,-15.831900257953569,0.254098360655738,180,8,366,0.021857923497268,0.319371727748691,69,4.0,191,0.597014925373134,-13,0.5,67,2,1,0.0,15,0,20.0,-180,18,0.2,1.7,4,0.985228136034252,0.619047619047619,0.06425702811245,0.028725314183124,0,0.166666666666667,-0.02,-0.23,0.78,0.0,13,1,3.2,-65,2757,78.33,71,1,1,366,0.065778159931212,27.4994499457686,-0.824374268734415,6,0.932163587131904,0.020922900544569,0.016146651769597,7.6346029607184,10.1488915650922,11.8321595661992,15.4272486205415,9,124.0241,0,1.611408903867102,24.09,-0.42,-0.02,-8,322,-8,-5.0,-3.2,0.5,0.125,594,22.5,0.75,0.044444444444444446,0.46111111111111114,0.5686746987951807,0.4918032786885246,15.0,15.831900257953569,4.499999999999999,1.1366459627329193,2.185792349726776,2,100,6.0,180.0,127.0,8.0,5.0
LB_20250630_093156_SELL_0001,2025-06-30,2025,OPENED_2025_2026,SELL,BUY,B_CLEAN_BREAKOUT,0,0,-0.666666666666667,5,0.05,0.09,0.208530805687204,0,255,-155,-1777,-257,-167,-126,-155,-149,-208,-7.507255081546177,1.0,-380,-40,-0.07185628742515,-0.5,-105,-117.96,0,1,-21.0,-1.0,-7,-18,-6,-10.463781050126432,0.172549019607843,167,1,255,0.003921568627451,0.538461538461538,-12,1.5,156,0.555555555555556,-6,0.0,54,1,1,0.0,5,0,20.0,-167,41,0.4,0.2,3,0.811278124459133,0.777777777777778,0.025806451612903,0.009732360097324,0,0.428571428571429,0.0,0.0,0.58,0.0,3,1,0.8,-340,4034,58.33,44,1,4,589,0.089543358619664,20.2627722191281,-1.131929725998429,6,0.959588860446001,0.034062174624424,-0.067337308229843,5.632504984733712,3.3166247903554,7.48331477354788,11.2694276695846,10,117.0323,3,0.720891836110024,32.29,-0.14,-0.08,-1,207,-1,-1.333333333333333,-0.8,1.5,0.0,2698,167.0,-0.0,0.005988023952095809,0.3093812375249501,0.5767741935483871,0.6549019607843137,7.0,10.463781050126432,150.3,1.2318840579710144,0.39215686274509803,2,100,-0.0,167.0,208.0,1.0,1.333333333333333
LB_20250709_093100_BUY_0001,2025-07-09,2025,OPENED_2025_2026,BUY,SELL,B_CLEAN_BREAKOUT,0,5,1.333333333333333,15,0.14,14.59,3.188405797101449,0,289,154,988,158,151,151,154,156,151,4.523513409052465,1.0,150,-244,0.019867549668874,0.666666666666667,-120,-325.95,0,2,3.0,24.0,7,3,17,10.42282196969697,0.238754325259516,151,4,289,0.013840830449827,0.454545454545455,3,0.0,33,0.481481481481481,2,0.0,54,1,0,0.0,15,0,21.0,-14,151,0.4,0.7,1,0.863120568566631,0.545454545454545,0.025974025974026,0.012422360248447,2,0.666666666666667,0.0,0.0,0.59,0.0,1,3,0.8,394,3934,61.67,45,9,19,989,0.104876893939394,21.4036452668731,-0.832271668062842,6,0.91937971926402,0.987926136363636,-0.493160151551235,6.477175104898536,5.0,7.28010988928052,11.5325625946708,9,61.0284,0,1.061988488107182,28.41,-0.51,-0.1,4,258,4,1.333333333333333,0.8,0.0,,294,37.75,1.25,0.026490066225165563,0.33995584988962474,0.6077922077922078,0.5224913494809689,7.0,10.42282196969697,22.65,1.12015503875969,1.3840830449826989,3,105,5.0,151.0,151.0,4.0,1.333333333333333
LB_20250721_093138_BUY_0001,2025-07-21,2025,OPENED_2025_2026,BUY,SELL,B_CLEAN_BREAKOUT,0,1,1.0,15,0.12,0.38,2.703703703703704,0,300,191,388,183,138,176,191,186,100,3.346052032469619,1.0,189,-75,0.384057971014493,-0.094339622641509,-140,-75.9,1,2,3.0,28.0,5,4,13,10.260262989095574,0.27,138,3,300,0.01,0.232323232323232,53,1.0,99,0.567567567567568,-5,-0.5,37,2,0,0.0,15,0,25.0,-11,138,0.4,0.8,3,0.650022421648354,0.6,0.026178010471204,0.012531328320802,0,0.4,0.0,0.0,0.48,0.0,2,2,1.0,264,4368,60.0,43,3,20,1282,0.123155869146889,19.336520581568,0.219703886772683,6,0.854651262828566,0.982039769082745,-1.086660149127747,7.230674106789632,4.47213595499958,6.40312423743285,9.64365076099296,10,99.0439,0,1.135923668494128,43.91,-0.1,-0.06,3,284,3,2.0,1.2,0.333333333333333,-0.5,1871,46.0,0.3333333333333333,0.021739130434782608,0.4613526570048309,0.5842931937172775,0.46,5.0,10.260262989095574,32.199999999999996,1.056338028169014,1.0,3,125,1.0,138.0,100.0,3.0,2.0
LB_20250729_093118_BUY_0001,2025-07-29,2025,OPENED_2025_2026,BUY,SELL,A_TRUE_ABSORPTION,1,-1,-0.333333333333333,10,0.08,0.52,5.2,1,186,209,774,136,126,152,209,214,100,2.552788475321932,0.987179487179487,80,-529,0.658730158730159,0.060240963855422,-135,-148.66,4,0,2.0,27.0,4,2,15,10.766178428761652,0.161290322580645,126,2,186,0.010752688172043,0.217687074829932,83,2.5,147,0.482758620689655,5,1.5,145,3,0,0.0,10,0,25.0,-26,126,0.4,0.6,4,0.811278124459133,0.470588235294118,0.033492822966507,0.021021021021021,0,0.571428571428571,0.0,0.0,0.55,0.0,8,1,2.0,609,5955,68.33,51,5,18,1386,0.109054593874834,22.008551606092,-0.847055910092899,7,0.927743503664988,1.0,-0.61364056291701,6.901893922913952,6.40312423743285,8.77496438739212,11.7046999107196,11,79.0808,1,1.340007626081363,80.78,-0.05,-0.1,2,126,2,2.333333333333333,1.8,1.25,0.6,1592,63.0,-0.5,0.015873015873015872,0.5529100529100529,0.614354066985646,0.6774193548387096,4.0,10.766178428761652,50.400000000000006,1.4761904761904763,1.075268817204301,4,125,-1.0,126.0,100.0,2.0,2.333333333333333
LB_20250814_093300_BUY_0001,2025-08-14,2025,OPENED_2025_2026,BUY,SELL,A_TRUE_ABSORPTION,1,1,-0.333333333333333,10,0.09,9.54,3.604651162790698,0,198,245,-1106,222,112,113,245,226,111,3.581138905651156,0.988888888888889,113,-49,1.1875,-0.142857142857143,-145,-37.36,-2,-1,7.0,29.0,6,5,20,13.3429441260745,0.217171717171717,112,1,198,0.005050505050505,0.256410256410256,133,2.0,273,0.584070796460177,-19,0.5,113,2,1,0.5,35,2,22.0,-24,132,1.0,0.0,1,0.721928094887362,0.818181818181818,0.020408163265306,0.010615711252654,0,0.5,-0.04,-0.59,1.03,0.85,-1,0,1.2,162,2934,113.33,88,9,45,1916,0.06509670487106,28.3211978755936,-0.582662053859117,7,0.925972466471695,0.990687679083095,-0.39312084054733,7.51361302772524,5.3851648071345,9.05538513813742,16.4620776331543,9,181.0487,0,0.801290472091243,48.72,-0.56,-0.06,1,161,1,1.666666666666667,1.4,2.0,0.25,201,112.0,1.0,0.008928571428571428,0.7291666666666666,0.553469387755102,0.5656565656565656,6.0,13.3429441260745,100.8,1.2298136645962734,0.5050505050505051,2,110,1.0,112.0,111.0,1.0,1.666666666666667
LB_20250819_093156_SELL_0001,2025-08-19,2025,OPENED_2025_2026,SELL,BUY,B_CLEAN_BREAKOUT,0,-1,-0.333333333333333,85,1.0,1.49,0.142857142857143,0,568,-481,-83,-467,-426,-467,-481,-500,-385,-14.99798149870989,1.0,-498,-728,0.129107981220657,0.345454545454545,-170,-127.14,-1,1,-34.0,-17.0,-27,-33,-13,-18.59530601659751,0.125,426,3,568,0.005281690140845,0.329192546583851,55,1.5,161,0.402061855670103,19,1.5,97,3,0,0.0,85,0,17.0,-426,17,1.0,0.4,5,0.591672778582328,0.583333333333333,0.012474012474012,0.008230452674897,0,0.333333333333333,0.0,0.0,0.51,0.0,-8,0,1.8,230,3902,43.33,33,7,16,1001,0.079616182572614,29.068780621707,-0.885848819651998,10,0.940322857304351,0.009984439834025,-0.43459973305825,8.81488943120456,4.89897948556636,7.07106781186548,10.6770782520313,11,117.0634,2,1.123902973898034,63.41,-0.13,0.06,-3,263,-3,-2.0,-1.8,0.5,1.0,3814,142.0,0.3333333333333333,0.007042253521126761,0.3763693270735524,0.6237006237006237,0.75,27.0,18.59530601659751,99.39999999999999,2.159695817490494,0.528169014084507,2,85,1.0,426.0,385.0,3.0,2.0
LB_20250820_093200_SELL_0001,2025-08-20,2025,OPENED_2025_2026,SELL,BUY,B_CLEAN_BREAKOUT,0,-1,-0.333333333333333,10,0.05,9.86,0.383673469387755,0,339,-197,-755,-228,-151,-202,-197,-191,-100,-3.042801466413277,0.983333333333333,-152,-147,0.304635761589404,-0.130434782608696,-220,-103.18,1,-1,-44.0,-5.0,-6,-30,2,-19.3237883331721,0.277286135693215,151,2,339,0.005899705014749,0.294642857142857,46,0.5,112,0.533333333333333,-6,0.5,90,2,1,1.0,25,1,39.0,-151,21,0.8,0.6,2,0.650022421648354,0.928571428571429,0.020304568527919,0.008869179600887,0,0.4,0.0,-0.25,0.53,0.0,0,0,1.0,-5,3797,103.33,86,5,22,1917,0.066750507884299,35.1848179738225,-1.314697067324497,13,0.919770033116229,0.015381638773338,0.422197773448147,13.08245215404432,6.6332495807108,9.05538513813742,13.0384048104053,9,121.0146,0,1.246170604881445,14.59,-0.44,0.0,-3,283,-3,-1.333333333333333,-1.2,0.25,1.0,346,50.333333333333336,0.3333333333333333,0.019867549668874173,0.434878587196468,0.581725888324873,0.44542772861356933,6.0,19.3237883331721,35.233333333333334,1.197879858657244,0.8849557522123894,3,195,1.0,151.0,100.0,3.0,1.333333333333333
LB_20250821_093749_SELL_0001,2025-08-21,2025,OPENED_2025_2026,SELL,BUY,B_CLEAN_BREAKOUT,0,-6,-2.333333333333333,50,0.19,1.0,0.229166666666667,1,295,-214,-1220,-151,-185,-191,-214,-267,-179,-7.397692309895649,1.0,-1,34,0.156756756756757,1.827586206896552,55,24.01,-1,1,11.0,65.0,14,7,45,30.245199792423456,0.186440677966102,185,5,295,0.016949152542373,0.451178451178451,29,-1.5,297,0.373205741626794,53,-1.5,209,1,2,0.0,55,3,54.0,-185,84,0.0,1.1,1,0.650022421648354,-0.411764705882353,0.009345794392523,0.003378378378378,0,0.2,-0.03,-0.1,0.48,0.81,65,1,0.0,-35,2293,128.33,130,0,0,0,0.033063978056194,59.8588008885857,-1.038363977798686,16,0.95681737980377,0.968826451182445,-0.013618881689931,17.0086835124268,8.06225774829855,10.6770782520313,15.0332963783729,10,470.0996,1,1.313645202029132,99.61,0.0,-0.02,-5,235,-5,-1.0,-0.2,-0.3,-1.0,2773,37.0,1.2,0.02702702702702703,0.3855855855855856,0.7485981308411215,0.6271186440677966,-14.0,-30.245199792423456,18.5,1.2553191489361701,1.694915254237288,2,270,6.0,185.0,179.0,5.0,1.0
LB_20250829_093115_SELL_0001,2025-08-29,2025,OPENED_2025_2026,SELL,BUY,A_TRUE_ABSORPTION,1,0,-0.666666666666667,15,0.14,0.93,0.194871794871795,1,233,-168,-289,-257,-157,-167,-168,-173,-147,-3.945811580383804,1.0,-228,-603,0.070063694267516,0.454545454545455,-125,-103.78,-2,0,-25.0,-3.0,-10,-14,-5,-10.618976129710253,0.163090128755365,157,3,233,0.012875536480687,0.446601941747573,11,0.5,103,0.482517482517483,5,-0.5,143,2,1,0.0,15,0,22.0,-157,28,0.4,1.0,2,0.954434002924965,0.444444444444444,0.023809523809524,0.011904761904762,0,0.857142857142857,0.0,0.0,0.59,0.0,1,1,0.8,375,5223,65.0,52,1,12,1040,0.101336135715358,18.9462520436859,0.089290307836406,7,0.902860334647301,0.000450382825402,0.679431811956588,5.048525396584496,6.92820323027551,11.4455231422596,13.6014705087354,11,76.0683,1,1.24770058778409,68.29,-0.16,0.07,-3,129,-3,-1.666666666666667,-1.0,0.166666666666667,-1.0,1442,52.333333333333336,-0.0,0.01910828025477707,0.35668789808917195,0.6178571428571429,0.6738197424892703,10.0,10.618976129710253,36.63333333333333,1.806201550387597,1.2875536480686696,2,110,-0.0,157.0,147.0,3.0,1.666666666666667
LB_20250904_093258_BUY_0001,2025-09-04,2025,OPENED_2025_2026,BUY,SELL,B_CLEAN_BREAKOUT,0,1,0.0,60,0.5,1.02,7.636363636363636,0,190,187,732,162,146,143,187,202,149,6.754665410034141,1.0,217,31,0.280821917808219,0.365853658536585,-180,-53.76,-1,0,12.0,36.0,14,2,22,15.978447133645439,0.115789473684211,146,2,190,0.010526315789474,0.401913875598086,41,1.0,209,0.297297297297297,15,1.0,37,3,0,1.0,60,1,24.0,-14,146,1.0,0.3,4,0.91829583405449,0.3,0.021390374331551,0.010025062656642,0,0.2,-0.05,-0.6,0.76,0.0,-6,1,1.2,186,3902,91.67,71,4,14,892,0.055030474339723,32.8609549879077,-0.933304024287911,9,0.94041131066788,0.987456938433001,-0.345764713436316,9.51811619574008,4.47213595499958,10.6770782520313,15.0332963783729,10,179.0285,0,0.72867925133589,28.52,-0.07,-0.05,2,161,2,1.333333333333333,1.2,0.5,1.0,3043,73.0,0.5,0.0136986301369863,0.4269406392694064,0.6481283422459893,0.7684210526315789,14.0,15.978447133645439,58.400000000000006,1.1801242236024845,1.0526315789473684,3,120,1.0,146.0,149.0,2.0,1.333333333333333
LB_20250911_093623_SELL_0001,2025-09-11,2025,OPENED_2025_2026,SELL,BUY,B_CLEAN_BREAKOUT,0,1,-0.666666666666667,30,0.33,1.24,0.27319587628866,0,247,-201,36,-450,-141,-169,-201,-335,-113,-4.769176463373088,0.993333333333333,-409,-252,0.425531914893617,2.233333333333333,-120,97.58,0,1,-24.0,-6.0,-13,-21,-10,-14.388458642572871,0.214574898785425,141,1,247,0.004048582995951,0.282608695652174,60,1.0,138,0.279605263157895,134,0.0,304,2,0,0.0,30,3,18.0,-141,3,1.0,0.3,3,0.543564443199596,0.75,0.014925373134328,0.007792207792208,0,0.285714285714286,-0.04,-0.09,0.81,0.91,-2,1,0.8,-157,1995,73.33,78,1,12,671,0.078466171883403,21.1453736958427,-0.286795599707351,7,0.925841074009173,0.01269226632247,-0.280678952042249,5.469439297313056,4.69041575982343,7.87400787401181,10.6770782520313,9,384.1429,2,1.076055173697941,142.86,-0.27,-0.08,-1,159,-1,-1.333333333333333,-0.8,1.0,0.0,1501,141.0,-1.0,0.0070921985815602835,0.475177304964539,1.0,0.5708502024291497,13.0,14.388458642572871,126.9,1.5534591194968554,0.4048582995951417,2,90,-1.0,141.0,113.0,1.0,1.333333333333333
LB_20250918_093225_BUY_0001,2025-09-18,2025,OPENED_2025_2026,BUY,SELL,A_TRUE_ABSORPTION,1,-2,1.0,25,0.17,0.96,11.782608695652174,1,294,287,2523,369,248,268,287,278,228,7.125652624445122,1.0,443,483,0.157258064516129,-0.230769230769231,-175,-39.95,0,1,5.0,35.0,23,12,32,18.128568691320176,0.078231292517007,248,1,294,0.003401360544218,0.346456692913386,39,1.5,127,0.539130434782609,-9,-1.5,115,2,0,0.0,25,0,30.0,-20,248,1.0,0.9,3,0.91829583405449,0.133333333333333,0.013937282229965,0.009501187648456,1,0.375,0.01,-0.93,0.72,0.0,-3,1,0.4,-40,3618,108.33,89,5,19,1228,0.064571757041579,32.6110205105958,-0.783765103720747,8,0.957956768776626,0.997317493772753,0.253305286372621,9.25439084103808,5.56776436283002,10.816653826392,17.5214154679352,11,146.0979,0,0.778372142475828,97.94,-0.23,0.01,1,72,1,1.666666666666667,0.4,1.5,-1.0,1957,248.0,-2.0,0.004032258064516129,0.385752688172043,0.581184668989547,0.8435374149659864,23.0,18.128568691320176,223.20000000000002,4.083333333333333,0.3401360544217687,2,150,-2.0,248.0,228.0,1.0,1.666666666666667
LB_20250923_093525_SELL_0001,2025-09-23,2025,OPENED_2025_2026,SELL,BUY,B_CLEAN_BREAKOUT,0,0,0.0,15,0.25,0.58,0.213114754098361,0,296,-187,391,-210,-192,-206,-187,-206,-178,-7.413879001051782,1.0,-157,56,-0.026041666666667,3.8,-75,-54.3,1,0,-15.0,-3.0,-5,-10,-3,-7.893241526840029,0.175675675675676,192,2,296,0.006756756756757,0.53968253968254,-5,0.5,63,0.426356589147287,19,0.5,129,2,1,0.0,15,2,12.0,-192,19,0.6,0.6,2,0.954434002924965,0.545454545454545,0.016042780748663,0.008356545961003,1,0.714285714285714,0.0,-0.05,1.03,1.12,1,0,0.8,-213,2671,61.67,60,9,26,1580,0.111103683401297,15.3367416002059,0.018190399137404,4,0.896774918642645,0.014238919713885,0.495442482199458,3.894666543237192,4.12310562561766,6.2449979983984,8.30662386291808,11,326.0559,1,1.215837517748656,55.93,-0.13,-0.08,-2,213,-2,-1.0,-0.8,0.25,1.0,1245,96.0,-0.0,0.010416666666666666,0.3246527777777778,0.6609625668449198,0.6486486486486487,5.0,7.893241526840029,76.80000000000001,1.3896713615023475,0.6756756756756757,3,60,-0.0,192.0,178.0,2.0,1.0
LB_20250925_093609_SELL_0001,2025-09-25,2025,OPENED_2025_2026,SELL,BUY,B_CLEAN_BREAKOUT,0,1,0.333333333333333,15,0.08,1.49,0.310810810810811,0,194,-155,-4450,-167,-102,-99,-155,-139,-105,-3.997483687316537,0.996666666666667,-171,23,0.519607843137255,-0.30188679245283,-310,-495.98,-1,1,-62.0,-25.0,-31,-51,-21,-29.61525451695405,0.237113402061856,102,0,194,0.0,0.348571428571429,53,1.5,175,0.608108108108108,-16,0.5,74,1,1,0.67,125,3,37.0,-102,20,1.0,-0.2,0,0.863120568566631,0.5,0.019354838709677,0.008130081300813,0,0.333333333333333,-0.06,-0.59,0.51,1.03,-21,2,0.8,-194,3302,95.0,94,0,0,0,0.053089679069384,47.9316320528024,-0.214865041961454,15,0.930484359811122,0.009157660259055,-0.179772290220904,13.0191618769744,3.16227766016838,7.87400787401181,12.2474487139159,10,370.0784,2,0.632455532033675,78.37,-0.22,-0.06,0,138,0,-1.0,-1.0,,0.333333333333333,791,408.0,-4.0,-0.0,0.5065359477124183,0.5380645161290323,0.5257731958762887,31.0,29.61525451695405,408.0,1.4057971014492754,0.0,2,185,-1.0,102.0,105.0,-0.0,1.0
LB_20250926_093218_BUY_0001,2025-09-26,2025,OPENED_2025_2026,BUY,SELL,B_CLEAN_BREAKOUT,0,5,2.333333333333333,25,0.12,1.31,4.41025641025641,0,211,162,1394,240,133,153,162,163,113,3.006459953866201,0.985507246376812,379,80,0.218045112781955,0.03448275862069,-240,-63.06,0,1,5.0,48.0,35,21,47,30.768065268065268,0.184834123222749,133,6,211,0.028436018957346,0.389312977099237,29,2.0,131,0.497005988023952,1,0.0,167,2,0,0.0,25,0,43.0,-12,133,0.2,1.4,3,0.863120568566631,0.8125,0.061728395061728,0.029239766081871,0,0.5,-0.06,-0.73,0.63,0.0,5,0,2.0,299,4657,135.0,99,1,3,342,0.05003885003885,42.2925057906127,-0.568416996460595,14,0.938737748402564,1.0,0.244987866347359,12.01550628173056,7.61577310586391,11.2694276695846,15.52417469626,10,139.0785,0,1.201658604799895,78.47,-0.24,-0.06,6,173,6,3.333333333333333,1.8,0.333333333333333,0.0,1597,22.166666666666668,0.8333333333333334,0.045112781954887216,0.40601503759398494,0.6037037037037037,0.6303317535545023,35.0,30.768065268065268,8.866666666666667,1.2196531791907514,2.843601895734597,2,215,5.0,133.0,113.0,6.0,3.333333333333333
LB_20250930_093313_SELL_0001,2025-09-30,2025,OPENED_2025_2026,SELL,BUY,B_CLEAN_BREAKOUT,0,0,0.0,20,0.17,1.43,0.151960784313725,0,235,-212,-596,-183,-173,-204,-212,-204,-142,-4.377582057186779,0.989637305699482,-220,-128,0.225433526011561,-0.205128205128205,-165,-75.48,0,1,-33.0,-9.0,-7,-20,-3,-14.262345679012347,0.131914893617021,173,1,235,0.004255319148936,0.259259259259259,39,1.5,81,0.605263157894737,-8,0.0,38,2,0,0.5,45,2,24.0,-173,42,1.0,0.6,4,0.91829583405449,0.272727272727273,0.018867924528302,0.012658227848101,0,0.5,-0.06,-0.37,0.71,0.63,-5,0,0.8,-92,1472,85.0,65,4,30,710,0.06315289648623,30.639064920563,-0.766040086975958,11,0.962571249554296,0.020180436847104,0.514053373249437,8.87357264881632,3.87298334620742,6.40312423743285,10.2469507659596,10,194.0259,2,0.925820099772551,25.92,-0.34,-0.06,-1,202,-1,-1.333333333333333,-0.6,1.5,0.0,656,173.0,-0.0,0.005780346820809248,0.40847784200385356,0.5773584905660377,0.7361702127659574,7.0,14.262345679012347,155.70000000000002,1.1633663366336633,0.425531914893617,3,120,-0.0,173.0,142.0,1.0,1.333333333333333
LB_20251001_093134_BUY_0001,2025-10-01,2025,OPENED_2025_2026,BUY,SELL,A_TRUE_ABSORPTION,1,7,2.666666666666667,150,1.5,4.28,2.647727272727273,0,321,201,157,322,145,170,201,223,120,3.741332207061936,0.98936170212766,521,1146,0.386206896551724,0.392857142857143,-255,-264.34,2,0,31.0,51.0,46,35,50,36.18367346938776,0.274143302180685,145,9,321,0.02803738317757,0.369158878504673,56,2.0,214,0.428571428571429,22,0.5,154,3,0,0.0,155,0,20.0,-14,145,1.0,2.1,4,0.543564443199596,1.0,0.064676616915423,0.024299065420561,0,0.285714285714286,0.0,0.0,0.6,0.0,-17,1,2.8,-625,5283,60.0,52,1,2,228,0.068349233184398,33.0077471467718,0.690524514788834,10,0.884972566863826,1.0,1.210772078332985,12.03194653032776,10.0,13.4164078649987,16.8522995463527,10,95.0418,0,1.453504749334528,41.81,-0.17,0.12,9,268,9,4.333333333333333,2.6,0.222222222222222,0.25,3007,16.11111111111111,0.7777777777777778,0.06206896551724138,0.46206896551724136,0.6656716417910448,0.4517133956386293,46.0,36.18367346938776,1.6111111111111107,1.1977611940298507,2.803738317757009,2,100,7.0,145.0,120.0,9.0,4.333333333333333
LB_20251002_093721_SELL_0001,2025-10-02,2025,OPENED_2025_2026,SELL,BUY,B_CLEAN_BREAKOUT,0,-4,-1.333333333333333,25,0.2,1.13,0.105590062111801,0,178,-167,2368,-172,-144,-156,-167,-170,-132,-5.060406395065435,1.0,-162,31,0.159722222222222,0.130434782608696,-245,-62.69,-2,1,-49.0,-24.0,-31,-39,-12,-22.122606962406714,0.095505617977528,144,3,178,0.01685393258427,0.26530612244898,23,0.5,49,0.477611940298507,3,0.0,67,2,0,1.0,120,3,25.0,-144,7,1.0,0.4,1,0.863120568566631,0.636363636363636,0.029940119760479,0.022026431718062,0,0.333333333333333,-0.05,-0.31,0.65,1.08,-19,3,1.0,-193,2603,81.67,76,0,0,0,0.071014694293793,37.3232842255781,-0.794329127396223,10,0.920594581748123,0.005423445974134,-0.13469591813705,11.12265157441832,5.0,5.74456264653803,9.69535971483266,10,442.0329,1,1.263227881599777,32.89,-0.22,-0.07,-4,120,-4,-1.666666666666667,-1.4,0.166666666666667,0.0,736,36.0,1.0,0.027777777777777776,0.38657407407407407,0.6107784431137725,0.8089887640449438,31.0,22.122606962406714,21.599999999999998,1.4833333333333334,2.247191011235955,2,125,4.0,144.0,132.0,4.0,1.666666666666667
LB_20251008_093125_BUY_0001,2025-10-08,2025,OPENED_2025_2026,BUY,SELL,B_CLEAN_BREAKOUT,0,4,2.0,35,0.37,1.34,4.224489795918367,0,256,163,763,137,158,159,163,164,157,5.154666126325045,1.0,220,458,0.031645569620253,0.2,-130,-122.56,0,-1,7.0,26.0,15,7,20,12.101071975497703,0.19140625,158,5,256,0.01953125,0.459016393442623,5,0.5,61,0.495575221238938,1,-0.5,113,2,1,0.0,35,0,19.0,-16,158,1.0,0.8,1,0.650022421648354,0.666666666666667,0.030674846625767,0.015772870662461,0,0.4,0.0,0.0,0.54,0.0,-3,0,0.8,-238,3634,51.67,42,5,23,1245,0.102794793261868,22.100052476453,-0.663689632082947,5,0.92898859405789,0.990811638591118,0.109374521105139,5.80938661281704,5.65685424949238,9.16515138991168,12.7671453348037,10,86.0534,0,1.085317515950723,53.44,-0.14,0.07,4,221,4,1.666666666666667,0.8,0.1,-1.0,1596,39.5,1.0,0.02531645569620253,0.3438818565400844,0.603680981595092,0.6171875,15.0,12.101071975497703,23.7,1.158371040723982,1.5625,2,95,4.0,158.0,157.0,4.0,1.666666666666667
LB_20251013_093429_SELL_0001,2025-10-13,2025,OPENED_2025_2026,SELL,BUY,B_CLEAN_BREAKOUT,0,1,-0.333333333333333,20,0.14,0.66,0.323529411764706,0,225,-171,358,-228,-115,-150,-171,-170,-80,-3.09364841079215,0.988847583643123,-98,211,0.48695652173913,-0.017857142857143,-230,-209.04,0,-1,-46.0,-17.0,-36,-49,-21,-28.317335167742616,0.244444444444444,115,2,225,0.008888888888889,0.318181818181818,56,3.0,154,0.504424778761062,-1,1.5,113,2,1,0.33,85,1,29.0,-115,1,1.0,0.4,5,0.0,1.0,0.046783625730994,0.021108179419525,0,0.0,-0.06,-0.34,0.94,1.12,-7,0,2.0,-309,3825,136.67,123,4,5,343,0.054238543761245,42.1119145897754,-0.899720555729007,12,0.933371530302511,0.010794793099799,-0.499950477984402,13.02864453505992,5.0,10.3440804327886,14.6628782986152,11,270.0869,1,0.835269069584555,86.89,-0.06,-0.08,-2,209,-2,-2.333333333333333,-1.8,1.5,0.5,1736,57.5,-0.5,0.017391304347826087,0.4956521739130435,0.5964912280701754,0.5111111111111111,36.0,28.317335167742616,46.0,1.076555023923445,0.8888888888888888,2,145,-1.0,115.0,80.0,2.0,2.333333333333333
LB_20251022_093346_SELL_0001,2025-10-22,2025,OPENED_2025_2026,SELL,BUY,B_CLEAN_BREAKOUT,0,1,-0.333333333333333,25,0.11,0.53,0.515492957746479,0,538,-180,-561,-167,-172,-174,-180,-180,-170,-6.354399599451033,1.0,-218,-117,0.046511627906977,0.0,-255,-223.48,1,-1,-51.0,-4.0,-10,-19,-2,-14.81654532362589,0.340148698884758,172,2,538,0.003717472118959,0.439393939393939,8,2.5,66,0.5,0,0.5,48,2,0,0.0,20,2,47.0,-172,11,0.6,0.2,3,0.863120568566631,0.416666666666667,0.033333333333333,0.009933774834437,1,0.333333333333333,0.0,0.0,0.51,0.86,2,1,1.2,-101,2463,120.0,81,5,28,1227,0.083126650132011,33.7307789473107,0.693161181551759,15,0.87023648955527,0.040163213057045,1.213990471807164,11.81659839522256,4.89897948556636,8.12403840463596,12.0,11,227.0198,1,1.0,19.84,-0.11,-0.04,-1,468,-1,-1.666666666666667,-1.2,1.25,0.2,2040,172.0,-1.0,0.005813953488372093,0.3488372093023256,0.6,0.31970260223048325,10.0,14.81654532362589,154.8,1.1495726495726495,0.18587360594795538,3,235,-1.0,172.0,170.0,1.0,1.666666666666667
LB_20251027_093502_SELL_0001,2025-10-27,2025,OPENED_2025_2026,SELL,BUY,B_CLEAN_BREAKOUT,0,-7,-2.666666666666667,10,0.06,3.26,0.220883534136546,0,304,-229,2333,-246,-194,-241,-229,-237,-147,-5.261540940426489,1.0,-242,-40,0.180412371134021,0.228571428571429,-180,-27.16,-3,0,-36.0,-2.0,-30,-35,-20,-24.47098804279421,0.180921052631579,194,7,304,0.023026315789474,0.412060301507538,35,1.0,199,0.433333333333333,8,0.0,60,2,0,0.0,10,0,34.0,-194,32,0.2,1.1,1,0.91829583405449,0.6875,0.039301310043668,0.017892644135189,0,0.8,-0.04,-0.37,0.48,0.83,7,1,1.8,-202,2204,81.67,93,1,1,304,0.068659534298301,29.2699125697951,0.020429575593815,8,0.921660515046079,0.001384518565135,-0.798342078075316,8.42468997805944,8.12403840463596,10.0,12.2474487139159,9,303.064,0,1.62480768092719,63.96,-0.45,-0.09,-7,250,-7,-3.0,-2.0,0.142857142857143,0.0,536,27.714285714285715,1.0,0.03608247422680412,0.39347079037800686,0.6209606986899563,0.6381578947368421,30.0,24.47098804279421,8.314285714285715,1.216,2.3026315789473686,2,170,7.0,194.0,147.0,7.0,3.0
LB_20251029_093300_BUY_0001,2025-10-29,2025,OPENED_2025_2026,BUY,SELL,A_TRUE_ABSORPTION,1,3,0.0,10,0.11,9.62,7.528846153846154,2,887,682,2137,708,679,680,682,690,678,10.225302508191312,1.0,675,580,0.004418262150221,2.666666666666667,-100,-93.62,1,2,2.0,20.0,9,6,17,10.454774963001654,0.117249154453213,679,3,887,0.003382187147689,0.481012658227848,3,0.0,79,0.475903614457831,8,0.5,166,2,0,0.0,10,1,18.0,-22,679,0.2,0.7,1,0.91829583405449,0.538461538461538,0.004398826979472,0.003105590062112,0,0.4,-0.07,-0.52,0.83,0.76,2,2,0.8,95,2435,75.0,56,1,5,1181,0.099939061547837,18.7866950841137,-0.6947946391553,3,0.935466216489628,0.994863759031949,0.145396519537398,4.973843445512216,5.56776436283002,8.18535277187245,11.13552872566,11,181.0396,0,1.224744871391593,39.64,-0.76,-0.04,3,344,3,1.0,0.8,0.0,,893,226.33333333333334,1.0,0.004418262150220913,0.33480608738340695,0.6070381231671554,0.7655016910935738,9.0,10.454774963001654,158.43333333333334,2.578488372093023,0.3382187147688839,2,90,3.0,679.0,678.0,3.0,1.0
LB_20251030_093452_SELL_0001,2025-10-30,2025,OPENED_2025_2026,SELL,BUY,B_CLEAN_BREAKOUT,0,2,-0.666666666666667,45,0.2,0.85,0.252307692307692,0,407,-287,-4349,-275,-243,-286,-287,-274,-200,-7.771706506772701,1.0,-280,-48,0.181069958847737,-0.295454545454545,-310,-560.85,0,1,-62.0,-17.0,-27,-37,-9,-25.39500059658752,0.201474201474201,243,1,407,0.002457002457002,0.275510204081633,44,2.0,98,0.638297872340426,-13,-1.0,47,2,0,0.67,85,3,45.0,-243,22,1.0,0.8,3,0.954434002924965,0.583333333333333,0.017421602787456,0.00990099009901,0,0.571428571428571,-0.06,-0.35,0.47,0.94,-13,0,0.8,-232,2670,105.0,127,4,10,395,0.047011096527861,48.1034762433464,-0.217603846489678,14,0.931344875062636,0.020880563178618,0.425612585287158,13.88282071325312,4.69041575982343,10.295630140987,14.6969384566991,11,293.1242,1,0.781735959970569,124.21,-0.12,-0.09,-1,258,-1,-2.0,-0.8,2.0,-0.5,2248,243.0,-2.0,0.00411522633744856,0.3936899862825789,0.572822299651568,0.597051597051597,27.0,25.39500059658752,218.70000000000002,1.5775193798449612,0.2457002457002457,2,225,-2.0,243.0,200.0,1.0,2.0
LB_20260311_093757_BUY_0001,2026-03-11,2026,OPENED_2025_2026,BUY,SELL,A_TRUE_ABSORPTION,1,4,0.666666666666667,60,0.27,1.03,2.901234567901235,0,316,172,-355,199,154,177,172,182,131,6.810163952160372,1.0,249,230,0.116883116883117,0.555555555555556,-285,-411.39,2,-2,12.0,57.0,17,11,29,21.666915351506457,0.256329113924051,154,5,316,0.015822784810127,0.326923076923077,18,0.5,52,0.416666666666667,10,1.0,60,3,0,0.0,60,5,45.0,-14,154,1.0,1.6,2,0.91829583405449,0.48,0.040697674418605,0.019021739130435,0,0.75,0.0,0.02,0.44,0.83,-4,0,1.6,19,1405,100.0,108,11,21,642,0.05428981348637,37.3659813195627,0.776998752003829,16,0.884332191656344,0.99793400286944,-0.655410926735763,9.73328321308784,9.21954445729289,13.5646599662505,18.5202591774521,10,478.2167,0,1.21937708132977,216.75,-0.15,-0.01,6,258,6,2.0,1.4,0.1,2.0,1661,25.666666666666668,0.6666666666666666,0.03896103896103896,0.3722943722943723,0.6348837209302326,0.4873417721518987,17.0,21.666915351506457,10.266666666666667,1.2248062015503876,1.8987341772151898,2,225,4.0,154.0,131.0,6.0,2.0
LB_20260324_093135_SELL_0001,2026-03-24,2026,OPENED_2025_2026,SELL,BUY,A_TRUE_ABSORPTION,1,2,0.333333333333333,20,0.09,0.55,0.302631578947368,0,396,-246,-755,-351,-212,-248,-246,-360,-176,-4.66035446765843,1.0,-223,-321,0.160377358490566,3.352941176470588,20,-201.52,0,1,4.0,50.0,20,1,34,18.502827087442473,0.232323232323232,212,0,396,0.0,0.403409090909091,34,0.0,176,0.322981366459627,114,4.0,322,1,0,0.0,20,0,46.0,-212,16,0.0,-1.1,0,1.0,-0.238095238095238,0.0,0.0,0,0.571428571428571,0.0,0.0,0.59,0.0,57,1,1.4,98,4628,135.0,115,0,0,0,0.037606837606838,51.1686366053402,-0.911308013881158,14,0.961112754006329,0.876923076923077,-0.089297181111916,14.66850082317288,8.54400374531753,21.1187120819429,28.2665880502051,8,96.2047,1,0.740395321122051,204.73,-0.07,0.02,0,305,0,0.333333333333333,-1.2,,,2983,848.0,-8.0,-0.0,0.3867924528301887,0.8780487804878049,0.5353535353535354,-20.0,-18.502827087442473,848.0,1.298360655737705,0.0,3,230,-2.0,212.0,176.0,-0.0,-0.333333333333333
LB_20260331_093135_BUY_0001,2026-03-31,2026,OPENED_2025_2026,BUY,SELL,A_TRUE_ABSORPTION,1,4,1.666666666666667,40,0.2,1.11,2.75,0,300,177,3732,165,140,148,177,176,132,3.256599287158594,0.978947368421053,204,-428,0.264285714285714,-0.027027027027027,-245,-391.6,0,3,9.0,49.0,32,12,37,23.9990366088632,0.266666666666667,140,4,300,0.013333333333333,0.282352941176471,37,1.5,85,0.509803921568627,-1,1.0,51,2,1,0.0,45,0,40.0,-9,140,1.0,0.9,3,0.650022421648354,0.666666666666667,0.045197740112994,0.020779220779221,0,0.4,0.0,0.0,0.54,0.0,0,2,1.8,632,4532,108.33,83,3,21,859,0.042389210019268,43.0083513237871,-0.820751538414182,12,0.947384825994557,0.978965960179833,0.221979055406141,11.77810795272288,6.0,9.8488578017961,17.464249196573,10,96.1034,0,0.84154424798193,103.37,-0.12,-0.14,5,240,5,2.333333333333333,1.6,0.375,0.666666666666667,1700,28.0,0.8,0.03571428571428571,0.42142857142857143,0.5966101694915255,0.4666666666666667,32.0,23.9990366088632,14.0,1.25,1.6666666666666667,2,200,4.0,140.0,132.0,5.0,2.333333333333333
LB_20260430_093337_SELL_0001,2026-04-30,2026,OPENED_2025_2026,SELL,BUY,B_CLEAN_BREAKOUT,0,-9,-2.333333333333333,90,0.32,2.37,0.236180904522613,0,246,-187,-1660,-304,-152,-185,-187,-207,-119,-3.863947801892041,0.995391705069124,-253,-320,0.230263157894737,0.571428571428571,-460,-34.54,0,-1,-92.0,-36.0,-19,-57,-12,-41.5552122514777,0.191056910569106,152,10,246,0.040650406504065,0.315789473684211,35,0.5,95,0.388888888888889,20,2.5,90,3,0,1.0,180,1,56.0,-152,5,1.0,1.6,2,0.591672778582328,0.92,0.064171122994652,0.035190615835777,0,0.333333333333333,-0.04,-0.44,0.73,0.75,-20,0,3.2,67,2815,203.33,147,0,0,0,0.033516926383665,72.9466661483246,-1.043427259790516,25,0.94641685856022,0.00275389575497,0.494687708694675,23.260155512506,12.5299640861417,17.7200451466694,21.3072757526625,10,218.0193,0,1.440447801151232,19.33,-0.13,0.02,-11,221,-11,-3.666666666666667,-3.4,0.05,5.0,1969,13.818181818181818,0.8181818181818182,0.07236842105263158,0.4100877192982456,0.6641711229946524,0.6178861788617886,19.0,41.5552122514777,0.0,1.1131221719457014,4.471544715447155,2,280,9.0,152.0,119.0,11.0,3.666666666666667
LB_20260514_093203_BUY_0001,2026-05-14,2026,OPENED_2025_2026,BUY,SELL,B_CLEAN_BREAKOUT,0,4,0.666666666666667,55,0.42,13.51,2.153846153846154,0,328,216,-2048,205,120,134,216,208,106,2.994734149205689,0.991869918699187,214,236,0.8,-0.083333333333333,-210,124.25,-2,1,16.0,42.0,21,10,32,23.040822886531664,0.317073170731707,120,3,328,0.009146341463415,0.26,96,2.0,200,0.531746031746032,-8,1.5,126,2,1,1.0,80,1,26.0,-8,120,1.0,0.4,1,0.591672778582328,0.8,0.037037037037037,0.015151515151515,0,0.166666666666667,0.01,-0.57,0.94,0.0,-5,1,2.2,-22,3078,121.67,108,7,28,1168,0.051323261545055,36.5477519637047,-0.202838884606574,13,0.92958739894503,0.976963462980821,0.375312325452195,9.7037962069004,6.557438524302,10.4403065089106,19.2613602842582,7,124.0708,0,0.833917136025764,70.78,-0.34,0.01,4,312,4,2.666666666666667,2.2,0.666666666666667,0.75,632,30.0,1.0,0.03333333333333333,0.6,0.5777777777777777,0.36585365853658536,21.0,23.040822886531664,18.0,1.0512820512820513,1.2195121951219512,2,130,4.0,120.0,106.0,4.0,2.666666666666667
LB_20260518_093500_SELL_0001,2026-05-18,2026,OPENED_2025_2026,SELL,BUY,A_TRUE_ABSORPTION,1,-12,-2.0,50,0.24,44.74,0.425742574257426,0,288,-151,2293,-176,-116,-123,-151,-168,-109,-3.245304478396414,0.986666666666667,-114,-75,0.301724137931034,0.485714285714286,-315,251.74,-3,2,-63.0,-22.0,-34,-47,-20,-32.077881319105785,0.298611111111111,116,9,288,0.03125,0.37037037037037,35,1.0,135,0.326530612244898,17,0.0,49,2,0,0.67,110,3,41.0,-116,8,1.0,1.6,1,0.991076059838222,0.5,0.072847682119205,0.026004728132388,0,0.75,-0.01,-0.22,0.95,0.77,-11,0,2.2,-39,2645,195.0,198,5,18,690,0.043165467625899,51.4689377690961,-0.343443818051389,17,0.940645164875973,0.004538650958428,-0.264595233062163,13.42101966646568,11.8321595661992,16.4620776331543,24.1867732448956,7,301.1176,0,1.198289379030555,117.62,-0.39,-0.01,-9,254,-9,-3.666666666666667,-2.4,0.111111111111111,0.0,292,12.88888888888889,1.3333333333333333,0.07758620689655173,0.4339080459770115,0.6675496688741722,0.4027777777777778,34.0,32.077881319105785,1.2888888888888888,1.1338582677165354,3.125,2,205,12.0,116.0,109.0,9.0,3.666666666666667
LB_20260519_093215_BUY_0001,2026-05-19,2026,OPENED_2025_2026,BUY,SELL,B_CLEAN_BREAKOUT,0,7,2.333333333333333,110,0.3,6.85,2.240601503759398,1,431,204,367,256,165,193,204,208,137,2.539233766965368,0.977777777777778,285,317,0.236363636363636,0.102564102564103,-470,-173.66,-1,0,20.0,94.0,42,7,67,47.33895576707727,0.308584686774942,165,12,431,0.02784222737819,0.330434782608696,39,2.5,115,0.464285714285714,4,1.5,56,3,0,0.0,100,1,74.0,-10,165,1.0,2.4,2,0.985228136034252,0.653846153846154,0.07843137254902,0.029304029304029,0,0.5,0.01,-0.45,0.66,0.0,-2,0,3.6,-32,4358,243.33,185,9,22,1613,0.024636058230683,79.0989369521577,-1.063866333104904,21,0.955404495700652,0.993701007838746,-0.034997744230042,23.71101951865304,13.114877048604,19.6977156035922,30.4466746952767,10,136.0613,0,1.055115447908064,61.29,-0.22,0.01,11,381,11,5.0,3.6,0.208333333333333,0.6,1289,15.0,0.6363636363636364,0.06666666666666667,0.4121212121212121,0.611764705882353,0.382830626450116,42.0,47.33895576707727,0.0,1.1312335958005248,2.5522041763341066,2,370,7.0,165.0,137.0,11.0,5.0
LB_20260520_093514_SELL_0001,2026-05-20,2026,OPENED_2025_2026,SELL,BUY,B_CLEAN_BREAKOUT,0,-2,-1.333333333333333,0,0.0,0.0,0.140350877192982,0,195,-171,1147,-185,-147,-152,-171,-173,-142,-5.699795897246119,1.0,-164,-133,0.163265306122449,0.083333333333333,15,179.49,2,-1,3.0,45.0,-7,-13,22,5.433666037226868,0.123076923076923,147,2,195,0.01025641025641,0.35,24,1.5,80,0.470588235294118,2,0.0,34,2,0,1.0,15,2,42.0,-147,8,0.0,0.4,3,0.863120568566631,0.666666666666667,0.035087719298246,0.021818181818182,0,0.666666666666667,0.04,0.32,0.49,0.55,51,0,1.2,-31,1883,103.33,136,0,0,0,0.032802805503102,58.0626454707114,-0.638903210038839,18,0.959239574530532,0.600539519827354,-0.389844378389867,15.70272149112464,4.89897948556636,12.1243556529821,17.4068951855292,8,315.0629,0,0.689381987545712,62.91,-0.24,-0.02,-3,125,-3,-2.0,-1.4,0.75,0.0,688,49.0,0.6666666666666666,0.02040816326530612,0.3877551020408163,0.6070175438596491,0.7538461538461538,7.0,-5.433666037226868,34.3,1.56,1.5384615384615385,2,210,2.0,147.0,142.0,3.0,2.0
LB_20260529_093201_BUY_0001,2026-05-29,2026,OPENED_2025_2026,BUY,SELL,A_TRUE_ABSORPTION,1,5,2.0,30,0.19,14.52,3.692307692307692,0,244,165,2749,117,140,171,165,152,109,2.899487045751394,0.983471074380165,178,12,0.178571428571429,-0.52,-235,-349.94,0,-1,15.0,47.0,24,15,36,23.024667599720082,0.213114754098361,140,6,244,0.024590163934426,0.403100775193798,25,0.5,129,0.618181818181818,-13,0.0,55,2,0,1.0,75,1,32.0,-33,140,1.0,1.3,2,1.0,0.4,0.042424242424242,0.018766756032172,0,0.333333333333333,-0.04,-0.79,0.81,0.0,-8,4,1.4,166,3724,130.0,94,1,13,935,0.056245626312106,38.4627986579219,-0.567690769331527,13,0.937785207426378,0.999037788663401,0.057024758105483,10.15800230477088,6.48074069840786,9.4339811320566,16.7032930884901,9,122.0657,0,0.95038192662298,65.67,-0.54,-0.04,6,193,6,2.333333333333333,1.4,0.083333333333333,0.0,332,23.333333333333332,0.8333333333333334,0.04285714285714286,0.39285714285714285,0.5527272727272727,0.5737704918032787,24.0,23.024667599720082,9.333333333333334,1.2642487046632125,2.459016393442623,2,160,5.0,140.0,109.0,6.0,2.333333333333333
LB_20260624_093230_BUY_0001,2026-06-24,2026,OPENED_2025_2026,BUY,SELL,B_CLEAN_BREAKOUT,0,17,4.333333333333333,110,0.35,3.54,2.609756097560976,0,444,203,3102,284,198,189,203,191,207,3.401336288526222,0.98,476,-50,0.025252525252525,-2.4,-415,151.02,1,2,21.0,83.0,52,44,69,53.187353039973125,0.277027027027027,198,14,444,0.031531531531532,0.467532467532468,5,3.0,77,0.569767441860465,-12,0.0,86,2,0,0.0,105,0,62.0,-14,198,1.0,3.2,1,0.863120568566631,0.638888888888889,0.103448275862069,0.040307101727447,0,0.666666666666667,-0.16,-0.32,0.56,0.0,-2,0,3.8,526,3242,175.0,149,1,6,320,0.04417198522002,53.4186041727331,1.358527783475992,23,0.893095848495082,0.996976822304333,1.181745090430487,16.43733587586464,18.1107702762748,30.1164406927512,36.5102725270574,8,151.0453,0,1.215059295784802,45.27,-0.24,-0.16,15,365,15,6.333333333333333,3.6,0.214285714285714,0.0,2012,13.2,1.1333333333333333,0.07575757575757576,0.34175084175084175,0.5645320197044335,0.44594594594594594,52.0,53.187353039973125,0.0,1.2164383561643837,3.3783783783783785,2,310,17.0,198.0,207.0,15.0,6.333333333333333
LB_20260625_093109_SELL_0001,2026-06-25,2026,OPENED_2025_2026,SELL,BUY,A_TRUE_ABSORPTION,1,-6,-2.666666666666667,45,0.13,4.49,0.20625,0,193,-152,283,-220,-127,-151,-152,-159,-103,-2.651189516559267,0.985507246376812,-216,-232,0.196850393700787,0.28,-385,-193.6,-1,0,-77.0,-9.0,-23,-46,-9,-35.00673709998469,0.170984455958549,127,10,193,0.051813471502591,0.35632183908046,25,1.5,87,0.454545454545455,7,3.0,77,3,0,0.0,45,0,68.0,-127,10,0.2,1.6,2,0.811278124459133,0.625,0.085526315789474,0.046428571428571,0,0.285714285714286,0.0,0.0,0.49,0.0,11,0,4.0,16,5732,166.67,118,1,6,671,0.043484918082989,58.8352899797511,-0.868155506737606,23,0.935279819398575,0.0010718113612,0.604459652647364,20.23997699465296,13.5646599662505,25.6515106767613,31.6385840391128,10,70.0272,0,1.050189079593333,27.21,-0.27,0.0,-10,162,-10,-4.666666666666667,-3.8,0.15,2.0,804,12.7,0.6,0.07874015748031496,0.3989501312335958,0.6276315789473684,0.6580310880829016,23.0,35.00673709998469,0.0,1.191358024691358,5.181347150259067,2,340,6.0,127.0,103.0,10.0,4.666666666666667
