reference,threshold_ticks,horizon_ms,dimension,dimension_value,regime,count,share,lb_count
EXECUTABLE,4,500,ALL,ALL,CONTINUATION,32,0.2882882882882883,111
EXECUTABLE,4,500,ALL,ALL,REVERSAL,49,0.44144144144144143,111
EXECUTABLE,4,500,ALL,ALL,NO_EXPANSION,24,0.21621621621621623,111
EXECUTABLE,4,500,ALL,ALL,AMBIGUOUS,6,0.05405405405405406,111
EXECUTABLE,4,500,SIDE,BUY,CONTINUATION,17,0.25757575757575757,66
EXECUTABLE,4,500,SIDE,BUY,REVERSAL,31,0.4696969696969697,66
EXECUTABLE,4,500,SIDE,BUY,NO_EXPANSION,13,0.19696969696969696,66
EXECUTABLE,4,500,SIDE,BUY,AMBIGUOUS,5,0.07575757575757576,66
EXECUTABLE,4,500,SIDE,SELL,CONTINUATION,15,0.3333333333333333,45
EXECUTABLE,4,500,SIDE,SELL,REVERSAL,18,0.4,45
EXECUTABLE,4,500,SIDE,SELL,NO_EXPANSION,11,0.24444444444444444,45
EXECUTABLE,4,500,SIDE,SELL,AMBIGUOUS,1,0.022222222222222223,45
EXECUTABLE,4,500,SESSION,2022-08-01,CONTINUATION,8,0.32,25
EXECUTABLE,4,500,SESSION,2022-08-01,REVERSAL,11,0.44,25
EXECUTABLE,4,500,SESSION,2022-08-01,NO_EXPANSION,4,0.16,25
EXECUTABLE,4,500,SESSION,2022-08-01,AMBIGUOUS,2,0.08,25
EXECUTABLE,4,500,SESSION,2022-08-02,CONTINUATION,9,0.2903225806451613,31
EXECUTABLE,4,500,SESSION,2022-08-02,REVERSAL,15,0.4838709677419355,31
EXECUTABLE,4,500,SESSION,2022-08-02,NO_EXPANSION,4,0.12903225806451613,31
EXECUTABLE,4,500,SESSION,2022-08-02,AMBIGUOUS,3,0.0967741935483871,31
EXECUTABLE,4,500,SESSION,2022-08-03,CONTINUATION,8,0.2857142857142857,28
EXECUTABLE,4,500,SESSION,2022-08-03,REVERSAL,12,0.42857142857142855,28
EXECUTABLE,4,500,SESSION,2022-08-03,NO_EXPANSION,8,0.2857142857142857,28
EXECUTABLE,4,500,SESSION,2022-08-03,AMBIGUOUS,0,0.0,28
EXECUTABLE,4,500,SESSION,2022-08-04,CONTINUATION,2,0.15384615384615385,13
EXECUTABLE,4,500,SESSION,2022-08-04,REVERSAL,6,0.46153846153846156,13
EXECUTABLE,4,500,SESSION,2022-08-04,NO_EXPANSION,4,0.3076923076923077,13
EXECUTABLE,4,500,SESSION,2022-08-04,AMBIGUOUS,1,0.07692307692307693,13
EXECUTABLE,4,500,SESSION,2022-08-05,CONTINUATION,5,0.35714285714285715,14
EXECUTABLE,4,500,SESSION,2022-08-05,REVERSAL,5,0.35714285714285715,14
EXECUTABLE,4,500,SESSION,2022-08-05,NO_EXPANSION,4,0.2857142857142857,14
EXECUTABLE,4,500,SESSION,2022-08-05,AMBIGUOUS,0,0.0,14
EXECUTABLE,4,500,MONTH,2022-08,CONTINUATION,32,0.2882882882882883,111
EXECUTABLE,4,500,MONTH,2022-08,REVERSAL,49,0.44144144144144143,111
EXECUTABLE,4,500,MONTH,2022-08,NO_EXPANSION,24,0.21621621621621623,111
EXECUTABLE,4,500,MONTH,2022-08,AMBIGUOUS,6,0.05405405405405406,111
EXECUTABLE,4,500,YEAR,2022,CONTINUATION,32,0.2882882882882883,111
EXECUTABLE,4,500,YEAR,2022,REVERSAL,49,0.44144144144144143,111
EXECUTABLE,4,500,YEAR,2022,NO_EXPANSION,24,0.21621621621621623,111
EXECUTABLE,4,500,YEAR,2022,AMBIGUOUS,6,0.05405405405405406,111
EXECUTABLE,4,500,HOUR_NY,10,CONTINUATION,11,0.34375,32
EXECUTABLE,4,500,HOUR_NY,10,REVERSAL,15,0.46875,32
EXECUTABLE,4,500,HOUR_NY,10,NO_EXPANSION,3,0.09375,32
EXECUTABLE,4,500,HOUR_NY,10,AMBIGUOUS,3,0.09375,32
EXECUTABLE,4,500,HOUR_NY,11,CONTINUATION,5,0.2631578947368421,19
EXECUTABLE,4,500,HOUR_NY,11,REVERSAL,5,0.2631578947368421,19
EXECUTABLE,4,500,HOUR_NY,11,NO_EXPANSION,9,0.47368421052631576,19
EXECUTABLE,4,500,HOUR_NY,11,AMBIGUOUS,0,0.0,19
EXECUTABLE,4,500,HOUR_NY,12,CONTINUATION,4,0.4444444444444444,9
EXECUTABLE,4,500,HOUR_NY,12,REVERSAL,4,0.4444444444444444,9
EXECUTABLE,4,500,HOUR_NY,12,NO_EXPANSION,1,0.1111111111111111,9
EXECUTABLE,4,500,HOUR_NY,12,AMBIGUOUS,0,0.0,9
EXECUTABLE,4,500,HOUR_NY,13,CONTINUATION,1,0.16666666666666666,6
EXECUTABLE,4,500,HOUR_NY,13,REVERSAL,2,0.3333333333333333,6
EXECUTABLE,4,500,HOUR_NY,13,NO_EXPANSION,3,0.5,6
EXECUTABLE,4,500,HOUR_NY,13,AMBIGUOUS,0,0.0,6
EXECUTABLE,4,500,HOUR_NY,14,CONTINUATION,2,0.18181818181818182,11
EXECUTABLE,4,500,HOUR_NY,14,REVERSAL,6,0.5454545454545454,11
EXECUTABLE,4,500,HOUR_NY,14,NO_EXPANSION,3,0.2727272727272727,11
EXECUTABLE,4,500,HOUR_NY,14,AMBIGUOUS,0,0.0,11
EXECUTABLE,4,500,HOUR_NY,15,CONTINUATION,3,0.25,12
EXECUTABLE,4,500,HOUR_NY,15,REVERSAL,4,0.3333333333333333,12
EXECUTABLE,4,500,HOUR_NY,15,NO_EXPANSION,4,0.3333333333333333,12
EXECUTABLE,4,500,HOUR_NY,15,AMBIGUOUS,1,0.08333333333333333,12
EXECUTABLE,4,500,HOUR_NY,16,CONTINUATION,1,1.0,1
EXECUTABLE,4,500,HOUR_NY,16,REVERSAL,0,0.0,1
EXECUTABLE,4,500,HOUR_NY,16,NO_EXPANSION,0,0.0,1
EXECUTABLE,4,500,HOUR_NY,16,AMBIGUOUS,0,0.0,1
EXECUTABLE,4,500,HOUR_NY,9,CONTINUATION,5,0.23809523809523808,21
EXECUTABLE,4,500,HOUR_NY,9,REVERSAL,13,0.6190476190476191,21
EXECUTABLE,4,500,HOUR_NY,9,NO_EXPANSION,1,0.047619047619047616,21
EXECUTABLE,4,500,HOUR_NY,9,AMBIGUOUS,2,0.09523809523809523,21
EXECUTABLE,4,1000,ALL,ALL,CONTINUATION,36,0.32432432432432434,111
EXECUTABLE,4,1000,ALL,ALL,REVERSAL,58,0.5225225225225225,111
EXECUTABLE,4,1000,ALL,ALL,NO_EXPANSION,10,0.09009009009009009,111
EXECUTABLE,4,1000,ALL,ALL,AMBIGUOUS,7,0.06306306306306306,111
EXECUTABLE,4,1000,SIDE,BUY,CONTINUATION,19,0.2878787878787879,66
EXECUTABLE,4,1000,SIDE,BUY,REVERSAL,36,0.5454545454545454,66
EXECUTABLE,4,1000,SIDE,BUY,NO_EXPANSION,6,0.09090909090909091,66
EXECUTABLE,4,1000,SIDE,BUY,AMBIGUOUS,5,0.07575757575757576,66
EXECUTABLE,4,1000,SIDE,SELL,CONTINUATION,17,0.37777777777777777,45
EXECUTABLE,4,1000,SIDE,SELL,REVERSAL,22,0.4888888888888889,45
EXECUTABLE,4,1000,SIDE,SELL,NO_EXPANSION,4,0.08888888888888889,45
EXECUTABLE,4,1000,SIDE,SELL,AMBIGUOUS,2,0.044444444444444446,45
EXECUTABLE,4,1000,SESSION,2022-08-01,CONTINUATION,10,0.4,25
EXECUTABLE,4,1000,SESSION,2022-08-01,REVERSAL,11,0.44,25
EXECUTABLE,4,1000,SESSION,2022-08-01,NO_EXPANSION,2,0.08,25
EXECUTABLE,4,1000,SESSION,2022-08-01,AMBIGUOUS,2,0.08,25
EXECUTABLE,4,1000,SESSION,2022-08-02,CONTINUATION,9,0.2903225806451613,31
EXECUTABLE,4,1000,SESSION,2022-08-02,REVERSAL,17,0.5483870967741935,31
EXECUTABLE,4,1000,SESSION,2022-08-02,NO_EXPANSION,1,0.03225806451612903,31
EXECUTABLE,4,1000,SESSION,2022-08-02,AMBIGUOUS,4,0.12903225806451613,31
EXECUTABLE,4,1000,SESSION,2022-08-03,CONTINUATION,9,0.32142857142857145,28
EXECUTABLE,4,1000,SESSION,2022-08-03,REVERSAL,16,0.5714285714285714,28
EXECUTABLE,4,1000,SESSION,2022-08-03,NO_EXPANSION,3,0.10714285714285714,28
EXECUTABLE,4,1000,SESSION,2022-08-03,AMBIGUOUS,0,0.0,28
EXECUTABLE,4,1000,SESSION,2022-08-04,CONTINUATION,2,0.15384615384615385,13
EXECUTABLE,4,1000,SESSION,2022-08-04,REVERSAL,7,0.5384615384615384,13
EXECUTABLE,4,1000,SESSION,2022-08-04,NO_EXPANSION,3,0.23076923076923078,13
EXECUTABLE,4,1000,SESSION,2022-08-04,AMBIGUOUS,1,0.07692307692307693,13
EXECUTABLE,4,1000,SESSION,2022-08-05,CONTINUATION,6,0.42857142857142855,14
EXECUTABLE,4,1000,SESSION,2022-08-05,REVERSAL,7,0.5,14
EXECUTABLE,4,1000,SESSION,2022-08-05,NO_EXPANSION,1,0.07142857142857142,14
EXECUTABLE,4,1000,SESSION,2022-08-05,AMBIGUOUS,0,0.0,14
EXECUTABLE,4,1000,MONTH,2022-08,CONTINUATION,36,0.32432432432432434,111
EXECUTABLE,4,1000,MONTH,2022-08,REVERSAL,58,0.5225225225225225,111
EXECUTABLE,4,1000,MONTH,2022-08,NO_EXPANSION,10,0.09009009009009009,111
EXECUTABLE,4,1000,MONTH,2022-08,AMBIGUOUS,7,0.06306306306306306,111
EXECUTABLE,4,1000,YEAR,2022,CONTINUATION,36,0.32432432432432434,111
EXECUTABLE,4,1000,YEAR,2022,REVERSAL,58,0.5225225225225225,111
EXECUTABLE,4,1000,YEAR,2022,NO_EXPANSION,10,0.09009009009009009,111
EXECUTABLE,4,1000,YEAR,2022,AMBIGUOUS,7,0.06306306306306306,111
EXECUTABLE,4,1000,HOUR_NY,10,CONTINUATION,10,0.3125,32
EXECUTABLE,4,1000,HOUR_NY,10,REVERSAL,16,0.5,32
EXECUTABLE,4,1000,HOUR_NY,10,NO_EXPANSION,2,0.0625,32
EXECUTABLE,4,1000,HOUR_NY,10,AMBIGUOUS,4,0.125,32
EXECUTABLE,4,1000,HOUR_NY,11,CONTINUATION,6,0.3157894736842105,19
EXECUTABLE,4,1000,HOUR_NY,11,REVERSAL,10,0.5263157894736842,19
EXECUTABLE,4,1000,HOUR_NY,11,NO_EXPANSION,3,0.15789473684210525,19
EXECUTABLE,4,1000,HOUR_NY,11,AMBIGUOUS,0,0.0,19
EXECUTABLE,4,1000,HOUR_NY,12,CONTINUATION,5,0.5555555555555556,9
EXECUTABLE,4,1000,HOUR_NY,12,REVERSAL,4,0.4444444444444444,9
EXECUTABLE,4,1000,HOUR_NY,12,NO_EXPANSION,0,0.0,9
EXECUTABLE,4,1000,HOUR_NY,12,AMBIGUOUS,0,0.0,9
EXECUTABLE,4,1000,HOUR_NY,13,CONTINUATION,2,0.3333333333333333,6
EXECUTABLE,4,1000,HOUR_NY,13,REVERSAL,3,0.5,6
EXECUTABLE,4,1000,HOUR_NY,13,NO_EXPANSION,1,0.16666666666666666,6
EXECUTABLE,4,1000,HOUR_NY,13,AMBIGUOUS,0,0.0,6
EXECUTABLE,4,1000,HOUR_NY,14,CONTINUATION,2,0.18181818181818182,11
EXECUTABLE,4,1000,HOUR_NY,14,REVERSAL,7,0.6363636363636364,11
EXECUTABLE,4,1000,HOUR_NY,14,NO_EXPANSION,2,0.18181818181818182,11
EXECUTABLE,4,1000,HOUR_NY,14,AMBIGUOUS,0,0.0,11
EXECUTABLE,4,1000,HOUR_NY,15,CONTINUATION,4,0.3333333333333333,12
EXECUTABLE,4,1000,HOUR_NY,15,REVERSAL,5,0.4166666666666667,12
EXECUTABLE,4,1000,HOUR_NY,15,NO_EXPANSION,2,0.16666666666666666,12
EXECUTABLE,4,1000,HOUR_NY,15,AMBIGUOUS,1,0.08333333333333333,12
EXECUTABLE,4,1000,HOUR_NY,16,CONTINUATION,1,1.0,1
EXECUTABLE,4,1000,HOUR_NY,16,REVERSAL,0,0.0,1
EXECUTABLE,4,1000,HOUR_NY,16,NO_EXPANSION,0,0.0,1
EXECUTABLE,4,1000,HOUR_NY,16,AMBIGUOUS,0,0.0,1
EXECUTABLE,4,1000,HOUR_NY,9,CONTINUATION,6,0.2857142857142857,21
EXECUTABLE,4,1000,HOUR_NY,9,REVERSAL,13,0.6190476190476191,21
EXECUTABLE,4,1000,HOUR_NY,9,NO_EXPANSION,0,0.0,21
EXECUTABLE,4,1000,HOUR_NY,9,AMBIGUOUS,2,0.09523809523809523,21
EXECUTABLE,4,2000,ALL,ALL,CONTINUATION,37,0.3333333333333333,111
EXECUTABLE,4,2000,ALL,ALL,REVERSAL,63,0.5675675675675675,111
EXECUTABLE,4,2000,ALL,ALL,NO_EXPANSION,4,0.036036036036036036,111
EXECUTABLE,4,2000,ALL,ALL,AMBIGUOUS,7,0.06306306306306306,111
EXECUTABLE,4,2000,SIDE,BUY,CONTINUATION,20,0.30303030303030304,66
EXECUTABLE,4,2000,SIDE,BUY,REVERSAL,39,0.5909090909090909,66
EXECUTABLE,4,2000,SIDE,BUY,NO_EXPANSION,2,0.030303030303030304,66
EXECUTABLE,4,2000,SIDE,BUY,AMBIGUOUS,5,0.07575757575757576,66
EXECUTABLE,4,2000,SIDE,SELL,CONTINUATION,17,0.37777777777777777,45
EXECUTABLE,4,2000,SIDE,SELL,REVERSAL,24,0.5333333333333333,45
EXECUTABLE,4,2000,SIDE,SELL,NO_EXPANSION,2,0.044444444444444446,45
EXECUTABLE,4,2000,SIDE,SELL,AMBIGUOUS,2,0.044444444444444446,45
EXECUTABLE,4,2000,SESSION,2022-08-01,CONTINUATION,11,0.44,25
EXECUTABLE,4,2000,SESSION,2022-08-01,REVERSAL,11,0.44,25
EXECUTABLE,4,2000,SESSION,2022-08-01,NO_EXPANSION,1,0.04,25
EXECUTABLE,4,2000,SESSION,2022-08-01,AMBIGUOUS,2,0.08,25
EXECUTABLE,4,2000,SESSION,2022-08-02,CONTINUATION,9,0.2903225806451613,31
EXECUTABLE,4,2000,SESSION,2022-08-02,REVERSAL,18,0.5806451612903226,31
EXECUTABLE,4,2000,SESSION,2022-08-02,NO_EXPANSION,0,0.0,31
EXECUTABLE,4,2000,SESSION,2022-08-02,AMBIGUOUS,4,0.12903225806451613,31
EXECUTABLE,4,2000,SESSION,2022-08-03,CONTINUATION,9,0.32142857142857145,28
EXECUTABLE,4,2000,SESSION,2022-08-03,REVERSAL,18,0.6428571428571429,28
EXECUTABLE,4,2000,SESSION,2022-08-03,NO_EXPANSION,1,0.03571428571428571,28
EXECUTABLE,4,2000,SESSION,2022-08-03,AMBIGUOUS,0,0.0,28
EXECUTABLE,4,2000,SESSION,2022-08-04,CONTINUATION,2,0.15384615384615385,13
EXECUTABLE,4,2000,SESSION,2022-08-04,REVERSAL,8,0.6153846153846154,13
EXECUTABLE,4,2000,SESSION,2022-08-04,NO_EXPANSION,2,0.15384615384615385,13
EXECUTABLE,4,2000,SESSION,2022-08-04,AMBIGUOUS,1,0.07692307692307693,13
EXECUTABLE,4,2000,SESSION,2022-08-05,CONTINUATION,6,0.42857142857142855,14
EXECUTABLE,4,2000,SESSION,2022-08-05,REVERSAL,8,0.5714285714285714,14
EXECUTABLE,4,2000,SESSION,2022-08-05,NO_EXPANSION,0,0.0,14
EXECUTABLE,4,2000,SESSION,2022-08-05,AMBIGUOUS,0,0.0,14
EXECUTABLE,4,2000,MONTH,2022-08,CONTINUATION,37,0.3333333333333333,111
EXECUTABLE,4,2000,MONTH,2022-08,REVERSAL,63,0.5675675675675675,111
EXECUTABLE,4,2000,MONTH,2022-08,NO_EXPANSION,4,0.036036036036036036,111
EXECUTABLE,4,2000,MONTH,2022-08,AMBIGUOUS,7,0.06306306306306306,111
EXECUTABLE,4,2000,YEAR,2022,CONTINUATION,37,0.3333333333333333,111
EXECUTABLE,4,2000,YEAR,2022,REVERSAL,63,0.5675675675675675,111
EXECUTABLE,4,2000,YEAR,2022,NO_EXPANSION,4,0.036036036036036036,111
EXECUTABLE,4,2000,YEAR,2022,AMBIGUOUS,7,0.06306306306306306,111
EXECUTABLE,4,2000,HOUR_NY,10,CONTINUATION,10,0.3125,32
EXECUTABLE,4,2000,HOUR_NY,10,REVERSAL,18,0.5625,32
EXECUTABLE,4,2000,HOUR_NY,10,NO_EXPANSION,0,0.0,32
EXECUTABLE,4,2000,HOUR_NY,10,AMBIGUOUS,4,0.125,32
EXECUTABLE,4,2000,HOUR_NY,11,CONTINUATION,7,0.3684210526315789,19
EXECUTABLE,4,2000,HOUR_NY,11,REVERSAL,11,0.5789473684210527,19
EXECUTABLE,4,2000,HOUR_NY,11,NO_EXPANSION,1,0.05263157894736842,19
EXECUTABLE,4,2000,HOUR_NY,11,AMBIGUOUS,0,0.0,19
EXECUTABLE,4,2000,HOUR_NY,12,CONTINUATION,5,0.5555555555555556,9
EXECUTABLE,4,2000,HOUR_NY,12,REVERSAL,4,0.4444444444444444,9
EXECUTABLE,4,2000,HOUR_NY,12,NO_EXPANSION,0,0.0,9
EXECUTABLE,4,2000,HOUR_NY,12,AMBIGUOUS,0,0.0,9
EXECUTABLE,4,2000,HOUR_NY,13,CONTINUATION,2,0.3333333333333333,6
EXECUTABLE,4,2000,HOUR_NY,13,REVERSAL,4,0.6666666666666666,6
EXECUTABLE,4,2000,HOUR_NY,13,NO_EXPANSION,0,0.0,6
EXECUTABLE,4,2000,HOUR_NY,13,AMBIGUOUS,0,0.0,6
EXECUTABLE,4,2000,HOUR_NY,14,CONTINUATION,2,0.18181818181818182,11
EXECUTABLE,4,2000,HOUR_NY,14,REVERSAL,7,0.6363636363636364,11
EXECUTABLE,4,2000,HOUR_NY,14,NO_EXPANSION,2,0.18181818181818182,11
EXECUTABLE,4,2000,HOUR_NY,14,AMBIGUOUS,0,0.0,11
EXECUTABLE,4,2000,HOUR_NY,15,CONTINUATION,4,0.3333333333333333,12
EXECUTABLE,4,2000,HOUR_NY,15,REVERSAL,6,0.5,12
EXECUTABLE,4,2000,HOUR_NY,15,NO_EXPANSION,1,0.08333333333333333,12
EXECUTABLE,4,2000,HOUR_NY,15,AMBIGUOUS,1,0.08333333333333333,12
EXECUTABLE,4,2000,HOUR_NY,16,CONTINUATION,1,1.0,1
EXECUTABLE,4,2000,HOUR_NY,16,REVERSAL,0,0.0,1
EXECUTABLE,4,2000,HOUR_NY,16,NO_EXPANSION,0,0.0,1
EXECUTABLE,4,2000,HOUR_NY,16,AMBIGUOUS,0,0.0,1
EXECUTABLE,4,2000,HOUR_NY,9,CONTINUATION,6,0.2857142857142857,21
EXECUTABLE,4,2000,HOUR_NY,9,REVERSAL,13,0.6190476190476191,21
EXECUTABLE,4,2000,HOUR_NY,9,NO_EXPANSION,0,0.0,21
EXECUTABLE,4,2000,HOUR_NY,9,AMBIGUOUS,2,0.09523809523809523,21
EXECUTABLE,4,5000,ALL,ALL,CONTINUATION,40,0.36036036036036034,111
EXECUTABLE,4,5000,ALL,ALL,REVERSAL,64,0.5765765765765766,111
EXECUTABLE,4,5000,ALL,ALL,NO_EXPANSION,0,0.0,111
EXECUTABLE,4,5000,ALL,ALL,AMBIGUOUS,7,0.06306306306306306,111
EXECUTABLE,4,5000,SIDE,BUY,CONTINUATION,21,0.3181818181818182,66
EXECUTABLE,4,5000,SIDE,BUY,REVERSAL,40,0.6060606060606061,66
EXECUTABLE,4,5000,SIDE,BUY,NO_EXPANSION,0,0.0,66
EXECUTABLE,4,5000,SIDE,BUY,AMBIGUOUS,5,0.07575757575757576,66
EXECUTABLE,4,5000,SIDE,SELL,CONTINUATION,19,0.4222222222222222,45
EXECUTABLE,4,5000,SIDE,SELL,REVERSAL,24,0.5333333333333333,45
EXECUTABLE,4,5000,SIDE,SELL,NO_EXPANSION,0,0.0,45
EXECUTABLE,4,5000,SIDE,SELL,AMBIGUOUS,2,0.044444444444444446,45
EXECUTABLE,4,5000,SESSION,2022-08-01,CONTINUATION,12,0.48,25
EXECUTABLE,4,5000,SESSION,2022-08-01,REVERSAL,11,0.44,25
EXECUTABLE,4,5000,SESSION,2022-08-01,NO_EXPANSION,0,0.0,25
EXECUTABLE,4,5000,SESSION,2022-08-01,AMBIGUOUS,2,0.08,25
EXECUTABLE,4,5000,SESSION,2022-08-02,CONTINUATION,9,0.2903225806451613,31
EXECUTABLE,4,5000,SESSION,2022-08-02,REVERSAL,18,0.5806451612903226,31
EXECUTABLE,4,5000,SESSION,2022-08-02,NO_EXPANSION,0,0.0,31
EXECUTABLE,4,5000,SESSION,2022-08-02,AMBIGUOUS,4,0.12903225806451613,31
EXECUTABLE,4,5000,SESSION,2022-08-03,CONTINUATION,10,0.35714285714285715,28
EXECUTABLE,4,5000,SESSION,2022-08-03,REVERSAL,18,0.6428571428571429,28
EXECUTABLE,4,5000,SESSION,2022-08-03,NO_EXPANSION,0,0.0,28
EXECUTABLE,4,5000,SESSION,2022-08-03,AMBIGUOUS,0,0.0,28
EXECUTABLE,4,5000,SESSION,2022-08-04,CONTINUATION,3,0.23076923076923078,13
EXECUTABLE,4,5000,SESSION,2022-08-04,REVERSAL,9,0.6923076923076923,13
EXECUTABLE,4,5000,SESSION,2022-08-04,NO_EXPANSION,0,0.0,13
EXECUTABLE,4,5000,SESSION,2022-08-04,AMBIGUOUS,1,0.07692307692307693,13
EXECUTABLE,4,5000,SESSION,2022-08-05,CONTINUATION,6,0.42857142857142855,14
EXECUTABLE,4,5000,SESSION,2022-08-05,REVERSAL,8,0.5714285714285714,14
EXECUTABLE,4,5000,SESSION,2022-08-05,NO_EXPANSION,0,0.0,14
EXECUTABLE,4,5000,SESSION,2022-08-05,AMBIGUOUS,0,0.0,14
EXECUTABLE,4,5000,MONTH,2022-08,CONTINUATION,40,0.36036036036036034,111
EXECUTABLE,4,5000,MONTH,2022-08,REVERSAL,64,0.5765765765765766,111
EXECUTABLE,4,5000,MONTH,2022-08,NO_EXPANSION,0,0.0,111
EXECUTABLE,4,5000,MONTH,2022-08,AMBIGUOUS,7,0.06306306306306306,111
EXECUTABLE,4,5000,YEAR,2022,CONTINUATION,40,0.36036036036036034,111
EXECUTABLE,4,5000,YEAR,2022,REVERSAL,64,0.5765765765765766,111
EXECUTABLE,4,5000,YEAR,2022,NO_EXPANSION,0,0.0,111
EXECUTABLE,4,5000,YEAR,2022,AMBIGUOUS,7,0.06306306306306306,111
EXECUTABLE,4,5000,HOUR_NY,10,CONTINUATION,10,0.3125,32
EXECUTABLE,4,5000,HOUR_NY,10,REVERSAL,18,0.5625,32
EXECUTABLE,4,5000,HOUR_NY,10,NO_EXPANSION,0,0.0,32
EXECUTABLE,4,5000,HOUR_NY,10,AMBIGUOUS,4,0.125,32
EXECUTABLE,4,5000,HOUR_NY,11,CONTINUATION,8,0.42105263157894735,19
EXECUTABLE,4,5000,HOUR_NY,11,REVERSAL,11,0.5789473684210527,19
EXECUTABLE,4,5000,HOUR_NY,11,NO_EXPANSION,0,0.0,19
EXECUTABLE,4,5000,HOUR_NY,11,AMBIGUOUS,0,0.0,19
EXECUTABLE,4,5000,HOUR_NY,12,CONTINUATION,5,0.5555555555555556,9
EXECUTABLE,4,5000,HOUR_NY,12,REVERSAL,4,0.4444444444444444,9
EXECUTABLE,4,5000,HOUR_NY,12,NO_EXPANSION,0,0.0,9
EXECUTABLE,4,5000,HOUR_NY,12,AMBIGUOUS,0,0.0,9
EXECUTABLE,4,5000,HOUR_NY,13,CONTINUATION,2,0.3333333333333333,6
EXECUTABLE,4,5000,HOUR_NY,13,REVERSAL,4,0.6666666666666666,6
EXECUTABLE,4,5000,HOUR_NY,13,NO_EXPANSION,0,0.0,6
EXECUTABLE,4,5000,HOUR_NY,13,AMBIGUOUS,0,0.0,6
EXECUTABLE,4,5000,HOUR_NY,14,CONTINUATION,4,0.36363636363636365,11
EXECUTABLE,4,5000,HOUR_NY,14,REVERSAL,7,0.6363636363636364,11
EXECUTABLE,4,5000,HOUR_NY,14,NO_EXPANSION,0,0.0,11
EXECUTABLE,4,5000,HOUR_NY,14,AMBIGUOUS,0,0.0,11
EXECUTABLE,4,5000,HOUR_NY,15,CONTINUATION,4,0.3333333333333333,12
EXECUTABLE,4,5000,HOUR_NY,15,REVERSAL,7,0.5833333333333334,12
EXECUTABLE,4,5000,HOUR_NY,15,NO_EXPANSION,0,0.0,12
EXECUTABLE,4,5000,HOUR_NY,15,AMBIGUOUS,1,0.08333333333333333,12
EXECUTABLE,4,5000,HOUR_NY,16,CONTINUATION,1,1.0,1
EXECUTABLE,4,5000,HOUR_NY,16,REVERSAL,0,0.0,1
EXECUTABLE,4,5000,HOUR_NY,16,NO_EXPANSION,0,0.0,1
EXECUTABLE,4,5000,HOUR_NY,16,AMBIGUOUS,0,0.0,1
EXECUTABLE,4,5000,HOUR_NY,9,CONTINUATION,6,0.2857142857142857,21
EXECUTABLE,4,5000,HOUR_NY,9,REVERSAL,13,0.6190476190476191,21
EXECUTABLE,4,5000,HOUR_NY,9,NO_EXPANSION,0,0.0,21
EXECUTABLE,4,5000,HOUR_NY,9,AMBIGUOUS,2,0.09523809523809523,21
EXECUTABLE,4,10000,ALL,ALL,CONTINUATION,40,0.36036036036036034,111
EXECUTABLE,4,10000,ALL,ALL,REVERSAL,64,0.5765765765765766,111
EXECUTABLE,4,10000,ALL,ALL,NO_EXPANSION,0,0.0,111
EXECUTABLE,4,10000,ALL,ALL,AMBIGUOUS,7,0.06306306306306306,111
EXECUTABLE,4,10000,SIDE,BUY,CONTINUATION,21,0.3181818181818182,66
EXECUTABLE,4,10000,SIDE,BUY,REVERSAL,40,0.6060606060606061,66
EXECUTABLE,4,10000,SIDE,BUY,NO_EXPANSION,0,0.0,66
EXECUTABLE,4,10000,SIDE,BUY,AMBIGUOUS,5,0.07575757575757576,66
EXECUTABLE,4,10000,SIDE,SELL,CONTINUATION,19,0.4222222222222222,45
EXECUTABLE,4,10000,SIDE,SELL,REVERSAL,24,0.5333333333333333,45
EXECUTABLE,4,10000,SIDE,SELL,NO_EXPANSION,0,0.0,45
EXECUTABLE,4,10000,SIDE,SELL,AMBIGUOUS,2,0.044444444444444446,45
EXECUTABLE,4,10000,SESSION,2022-08-01,CONTINUATION,12,0.48,25
EXECUTABLE,4,10000,SESSION,2022-08-01,REVERSAL,11,0.44,25
EXECUTABLE,4,10000,SESSION,2022-08-01,NO_EXPANSION,0,0.0,25
EXECUTABLE,4,10000,SESSION,2022-08-01,AMBIGUOUS,2,0.08,25
EXECUTABLE,4,10000,SESSION,2022-08-02,CONTINUATION,9,0.2903225806451613,31
EXECUTABLE,4,10000,SESSION,2022-08-02,REVERSAL,18,0.5806451612903226,31
EXECUTABLE,4,10000,SESSION,2022-08-02,NO_EXPANSION,0,0.0,31
EXECUTABLE,4,10000,SESSION,2022-08-02,AMBIGUOUS,4,0.12903225806451613,31
EXECUTABLE,4,10000,SESSION,2022-08-03,CONTINUATION,10,0.35714285714285715,28
EXECUTABLE,4,10000,SESSION,2022-08-03,REVERSAL,18,0.6428571428571429,28
EXECUTABLE,4,10000,SESSION,2022-08-03,NO_EXPANSION,0,0.0,28
EXECUTABLE,4,10000,SESSION,2022-08-03,AMBIGUOUS,0,0.0,28
EXECUTABLE,4,10000,SESSION,2022-08-04,CONTINUATION,3,0.23076923076923078,13
EXECUTABLE,4,10000,SESSION,2022-08-04,REVERSAL,9,0.6923076923076923,13
EXECUTABLE,4,10000,SESSION,2022-08-04,NO_EXPANSION,0,0.0,13
EXECUTABLE,4,10000,SESSION,2022-08-04,AMBIGUOUS,1,0.07692307692307693,13
EXECUTABLE,4,10000,SESSION,2022-08-05,CONTINUATION,6,0.42857142857142855,14
EXECUTABLE,4,10000,SESSION,2022-08-05,REVERSAL,8,0.5714285714285714,14
EXECUTABLE,4,10000,SESSION,2022-08-05,NO_EXPANSION,0,0.0,14
EXECUTABLE,4,10000,SESSION,2022-08-05,AMBIGUOUS,0,0.0,14
EXECUTABLE,4,10000,MONTH,2022-08,CONTINUATION,40,0.36036036036036034,111
EXECUTABLE,4,10000,MONTH,2022-08,REVERSAL,64,0.5765765765765766,111
EXECUTABLE,4,10000,MONTH,2022-08,NO_EXPANSION,0,0.0,111
EXECUTABLE,4,10000,MONTH,2022-08,AMBIGUOUS,7,0.06306306306306306,111
EXECUTABLE,4,10000,YEAR,2022,CONTINUATION,40,0.36036036036036034,111
EXECUTABLE,4,10000,YEAR,2022,REVERSAL,64,0.5765765765765766,111
EXECUTABLE,4,10000,YEAR,2022,NO_EXPANSION,0,0.0,111
EXECUTABLE,4,10000,YEAR,2022,AMBIGUOUS,7,0.06306306306306306,111
EXECUTABLE,4,10000,HOUR_NY,10,CONTINUATION,10,0.3125,32
EXECUTABLE,4,10000,HOUR_NY,10,REVERSAL,18,0.5625,32
EXECUTABLE,4,10000,HOUR_NY,10,NO_EXPANSION,0,0.0,32
EXECUTABLE,4,10000,HOUR_NY,10,AMBIGUOUS,4,0.125,32
EXECUTABLE,4,10000,HOUR_NY,11,CONTINUATION,8,0.42105263157894735,19
EXECUTABLE,4,10000,HOUR_NY,11,REVERSAL,11,0.5789473684210527,19
EXECUTABLE,4,10000,HOUR_NY,11,NO_EXPANSION,0,0.0,19
EXECUTABLE,4,10000,HOUR_NY,11,AMBIGUOUS,0,0.0,19
EXECUTABLE,4,10000,HOUR_NY,12,CONTINUATION,5,0.5555555555555556,9
EXECUTABLE,4,10000,HOUR_NY,12,REVERSAL,4,0.4444444444444444,9
EXECUTABLE,4,10000,HOUR_NY,12,NO_EXPANSION,0,0.0,9
EXECUTABLE,4,10000,HOUR_NY,12,AMBIGUOUS,0,0.0,9
EXECUTABLE,4,10000,HOUR_NY,13,CONTINUATION,2,0.3333333333333333,6
EXECUTABLE,4,10000,HOUR_NY,13,REVERSAL,4,0.6666666666666666,6
EXECUTABLE,4,10000,HOUR_NY,13,NO_EXPANSION,0,0.0,6
EXECUTABLE,4,10000,HOUR_NY,13,AMBIGUOUS,0,0.0,6
EXECUTABLE,4,10000,HOUR_NY,14,CONTINUATION,4,0.36363636363636365,11
EXECUTABLE,4,10000,HOUR_NY,14,REVERSAL,7,0.6363636363636364,11
EXECUTABLE,4,10000,HOUR_NY,14,NO_EXPANSION,0,0.0,11
EXECUTABLE,4,10000,HOUR_NY,14,AMBIGUOUS,0,0.0,11
EXECUTABLE,4,10000,HOUR_NY,15,CONTINUATION,4,0.3333333333333333,12
EXECUTABLE,4,10000,HOUR_NY,15,REVERSAL,7,0.5833333333333334,12
EXECUTABLE,4,10000,HOUR_NY,15,NO_EXPANSION,0,0.0,12
EXECUTABLE,4,10000,HOUR_NY,15,AMBIGUOUS,1,0.08333333333333333,12
EXECUTABLE,4,10000,HOUR_NY,16,CONTINUATION,1,1.0,1
EXECUTABLE,4,10000,HOUR_NY,16,REVERSAL,0,0.0,1
EXECUTABLE,4,10000,HOUR_NY,16,NO_EXPANSION,0,0.0,1
EXECUTABLE,4,10000,HOUR_NY,16,AMBIGUOUS,0,0.0,1
EXECUTABLE,4,10000,HOUR_NY,9,CONTINUATION,6,0.2857142857142857,21
EXECUTABLE,4,10000,HOUR_NY,9,REVERSAL,13,0.6190476190476191,21
EXECUTABLE,4,10000,HOUR_NY,9,NO_EXPANSION,0,0.0,21
EXECUTABLE,4,10000,HOUR_NY,9,AMBIGUOUS,2,0.09523809523809523,21
EXECUTABLE,8,500,ALL,ALL,CONTINUATION,14,0.12612612612612611,111
EXECUTABLE,8,500,ALL,ALL,REVERSAL,19,0.17117117117117117,111
EXECUTABLE,8,500,ALL,ALL,NO_EXPANSION,78,0.7027027027027027,111
EXECUTABLE,8,500,ALL,ALL,AMBIGUOUS,0,0.0,111
EXECUTABLE,8,500,SIDE,BUY,CONTINUATION,9,0.13636363636363635,66
EXECUTABLE,8,500,SIDE,BUY,REVERSAL,12,0.18181818181818182,66
EXECUTABLE,8,500,SIDE,BUY,NO_EXPANSION,45,0.6818181818181818,66
EXECUTABLE,8,500,SIDE,BUY,AMBIGUOUS,0,0.0,66
EXECUTABLE,8,500,SIDE,SELL,CONTINUATION,5,0.1111111111111111,45
EXECUTABLE,8,500,SIDE,SELL,REVERSAL,7,0.15555555555555556,45
EXECUTABLE,8,500,SIDE,SELL,NO_EXPANSION,33,0.7333333333333333,45
EXECUTABLE,8,500,SIDE,SELL,AMBIGUOUS,0,0.0,45
EXECUTABLE,8,500,SESSION,2022-08-01,CONTINUATION,2,0.08,25
EXECUTABLE,8,500,SESSION,2022-08-01,REVERSAL,5,0.2,25
EXECUTABLE,8,500,SESSION,2022-08-01,NO_EXPANSION,18,0.72,25
EXECUTABLE,8,500,SESSION,2022-08-01,AMBIGUOUS,0,0.0,25
EXECUTABLE,8,500,SESSION,2022-08-02,CONTINUATION,5,0.16129032258064516,31
EXECUTABLE,8,500,SESSION,2022-08-02,REVERSAL,6,0.1935483870967742,31
EXECUTABLE,8,500,SESSION,2022-08-02,NO_EXPANSION,20,0.6451612903225806,31
EXECUTABLE,8,500,SESSION,2022-08-02,AMBIGUOUS,0,0.0,31
EXECUTABLE,8,500,SESSION,2022-08-03,CONTINUATION,4,0.14285714285714285,28
EXECUTABLE,8,500,SESSION,2022-08-03,REVERSAL,2,0.07142857142857142,28
EXECUTABLE,8,500,SESSION,2022-08-03,NO_EXPANSION,22,0.7857142857142857,28
EXECUTABLE,8,500,SESSION,2022-08-03,AMBIGUOUS,0,0.0,28
EXECUTABLE,8,500,SESSION,2022-08-04,CONTINUATION,1,0.07692307692307693,13
EXECUTABLE,8,500,SESSION,2022-08-04,REVERSAL,5,0.38461538461538464,13
EXECUTABLE,8,500,SESSION,2022-08-04,NO_EXPANSION,7,0.5384615384615384,13
EXECUTABLE,8,500,SESSION,2022-08-04,AMBIGUOUS,0,0.0,13
EXECUTABLE,8,500,SESSION,2022-08-05,CONTINUATION,2,0.14285714285714285,14
EXECUTABLE,8,500,SESSION,2022-08-05,REVERSAL,1,0.07142857142857142,14
EXECUTABLE,8,500,SESSION,2022-08-05,NO_EXPANSION,11,0.7857142857142857,14
EXECUTABLE,8,500,SESSION,2022-08-05,AMBIGUOUS,0,0.0,14
EXECUTABLE,8,500,MONTH,2022-08,CONTINUATION,14,0.12612612612612611,111
EXECUTABLE,8,500,MONTH,2022-08,REVERSAL,19,0.17117117117117117,111
EXECUTABLE,8,500,MONTH,2022-08,NO_EXPANSION,78,0.7027027027027027,111
EXECUTABLE,8,500,MONTH,2022-08,AMBIGUOUS,0,0.0,111
EXECUTABLE,8,500,YEAR,2022,CONTINUATION,14,0.12612612612612611,111
EXECUTABLE,8,500,YEAR,2022,REVERSAL,19,0.17117117117117117,111
EXECUTABLE,8,500,YEAR,2022,NO_EXPANSION,78,0.7027027027027027,111
EXECUTABLE,8,500,YEAR,2022,AMBIGUOUS,0,0.0,111
EXECUTABLE,8,500,HOUR_NY,10,CONTINUATION,5,0.15625,32
EXECUTABLE,8,500,HOUR_NY,10,REVERSAL,10,0.3125,32
EXECUTABLE,8,500,HOUR_NY,10,NO_EXPANSION,17,0.53125,32
EXECUTABLE,8,500,HOUR_NY,10,AMBIGUOUS,0,0.0,32
EXECUTABLE,8,500,HOUR_NY,11,CONTINUATION,2,0.10526315789473684,19
EXECUTABLE,8,500,HOUR_NY,11,REVERSAL,0,0.0,19
EXECUTABLE,8,500,HOUR_NY,11,NO_EXPANSION,17,0.8947368421052632,19
EXECUTABLE,8,500,HOUR_NY,11,AMBIGUOUS,0,0.0,19
EXECUTABLE,8,500,HOUR_NY,12,CONTINUATION,0,0.0,9
EXECUTABLE,8,500,HOUR_NY,12,REVERSAL,1,0.1111111111111111,9
EXECUTABLE,8,500,HOUR_NY,12,NO_EXPANSION,8,0.8888888888888888,9
EXECUTABLE,8,500,HOUR_NY,12,AMBIGUOUS,0,0.0,9
EXECUTABLE,8,500,HOUR_NY,13,CONTINUATION,0,0.0,6
EXECUTABLE,8,500,HOUR_NY,13,REVERSAL,1,0.16666666666666666,6
EXECUTABLE,8,500,HOUR_NY,13,NO_EXPANSION,5,0.8333333333333334,6
EXECUTABLE,8,500,HOUR_NY,13,AMBIGUOUS,0,0.0,6
EXECUTABLE,8,500,HOUR_NY,14,CONTINUATION,1,0.09090909090909091,11
EXECUTABLE,8,500,HOUR_NY,14,REVERSAL,1,0.09090909090909091,11
EXECUTABLE,8,500,HOUR_NY,14,NO_EXPANSION,9,0.8181818181818182,11
EXECUTABLE,8,500,HOUR_NY,14,AMBIGUOUS,0,0.0,11
EXECUTABLE,8,500,HOUR_NY,15,CONTINUATION,0,0.0,12
EXECUTABLE,8,500,HOUR_NY,15,REVERSAL,2,0.16666666666666666,12
EXECUTABLE,8,500,HOUR_NY,15,NO_EXPANSION,10,0.8333333333333334,12
EXECUTABLE,8,500,HOUR_NY,15,AMBIGUOUS,0,0.0,12
EXECUTABLE,8,500,HOUR_NY,16,CONTINUATION,1,1.0,1
EXECUTABLE,8,500,HOUR_NY,16,REVERSAL,0,0.0,1
EXECUTABLE,8,500,HOUR_NY,16,NO_EXPANSION,0,0.0,1
EXECUTABLE,8,500,HOUR_NY,16,AMBIGUOUS,0,0.0,1
EXECUTABLE,8,500,HOUR_NY,9,CONTINUATION,5,0.23809523809523808,21
EXECUTABLE,8,500,HOUR_NY,9,REVERSAL,4,0.19047619047619047,21
EXECUTABLE,8,500,HOUR_NY,9,NO_EXPANSION,12,0.5714285714285714,21
EXECUTABLE,8,500,HOUR_NY,9,AMBIGUOUS,0,0.0,21
EXECUTABLE,8,1000,ALL,ALL,CONTINUATION,22,0.1981981981981982,111
EXECUTABLE,8,1000,ALL,ALL,REVERSAL,34,0.3063063063063063,111
EXECUTABLE,8,1000,ALL,ALL,NO_EXPANSION,55,0.4954954954954955,111
EXECUTABLE,8,1000,ALL,ALL,AMBIGUOUS,0,0.0,111
EXECUTABLE,8,1000,SIDE,BUY,CONTINUATION,13,0.19696969696969696,66
EXECUTABLE,8,1000,SIDE,BUY,REVERSAL,17,0.25757575757575757,66
EXECUTABLE,8,1000,SIDE,BUY,NO_EXPANSION,36,0.5454545454545454,66
EXECUTABLE,8,1000,SIDE,BUY,AMBIGUOUS,0,0.0,66
EXECUTABLE,8,1000,SIDE,SELL,CONTINUATION,9,0.2,45
EXECUTABLE,8,1000,SIDE,SELL,REVERSAL,17,0.37777777777777777,45
EXECUTABLE,8,1000,SIDE,SELL,NO_EXPANSION,19,0.4222222222222222,45
EXECUTABLE,8,1000,SIDE,SELL,AMBIGUOUS,0,0.0,45
EXECUTABLE,8,1000,SESSION,2022-08-01,CONTINUATION,6,0.24,25
EXECUTABLE,8,1000,SESSION,2022-08-01,REVERSAL,9,0.36,25
EXECUTABLE,8,1000,SESSION,2022-08-01,NO_EXPANSION,10,0.4,25
EXECUTABLE,8,1000,SESSION,2022-08-01,AMBIGUOUS,0,0.0,25
EXECUTABLE,8,1000,SESSION,2022-08-02,CONTINUATION,7,0.22580645161290322,31
EXECUTABLE,8,1000,SESSION,2022-08-02,REVERSAL,13,0.41935483870967744,31
EXECUTABLE,8,1000,SESSION,2022-08-02,NO_EXPANSION,11,0.3548387096774194,31
EXECUTABLE,8,1000,SESSION,2022-08-02,AMBIGUOUS,0,0.0,31
EXECUTABLE,8,1000,SESSION,2022-08-03,CONTINUATION,5,0.17857142857142858,28
EXECUTABLE,8,1000,SESSION,2022-08-03,REVERSAL,4,0.14285714285714285,28
EXECUTABLE,8,1000,SESSION,2022-08-03,NO_EXPANSION,19,0.6785714285714286,28
EXECUTABLE,8,1000,SESSION,2022-08-03,AMBIGUOUS,0,0.0,28
EXECUTABLE,8,1000,SESSION,2022-08-04,CONTINUATION,1,0.07692307692307693,13
EXECUTABLE,8,1000,SESSION,2022-08-04,REVERSAL,6,0.46153846153846156,13
EXECUTABLE,8,1000,SESSION,2022-08-04,NO_EXPANSION,6,0.46153846153846156,13
EXECUTABLE,8,1000,SESSION,2022-08-04,AMBIGUOUS,0,0.0,13
EXECUTABLE,8,1000,SESSION,2022-08-05,CONTINUATION,3,0.21428571428571427,14
EXECUTABLE,8,1000,SESSION,2022-08-05,REVERSAL,2,0.14285714285714285,14
EXECUTABLE,8,1000,SESSION,2022-08-05,NO_EXPANSION,9,0.6428571428571429,14
EXECUTABLE,8,1000,SESSION,2022-08-05,AMBIGUOUS,0,0.0,14
EXECUTABLE,8,1000,MONTH,2022-08,CONTINUATION,22,0.1981981981981982,111
EXECUTABLE,8,1000,MONTH,2022-08,REVERSAL,34,0.3063063063063063,111
EXECUTABLE,8,1000,MONTH,2022-08,NO_EXPANSION,55,0.4954954954954955,111
EXECUTABLE,8,1000,MONTH,2022-08,AMBIGUOUS,0,0.0,111
EXECUTABLE,8,1000,YEAR,2022,CONTINUATION,22,0.1981981981981982,111
EXECUTABLE,8,1000,YEAR,2022,REVERSAL,34,0.3063063063063063,111
EXECUTABLE,8,1000,YEAR,2022,NO_EXPANSION,55,0.4954954954954955,111
EXECUTABLE,8,1000,YEAR,2022,AMBIGUOUS,0,0.0,111
EXECUTABLE,8,1000,HOUR_NY,10,CONTINUATION,7,0.21875,32
EXECUTABLE,8,1000,HOUR_NY,10,REVERSAL,13,0.40625,32
EXECUTABLE,8,1000,HOUR_NY,10,NO_EXPANSION,12,0.375,32
EXECUTABLE,8,1000,HOUR_NY,10,AMBIGUOUS,0,0.0,32
EXECUTABLE,8,1000,HOUR_NY,11,CONTINUATION,2,0.10526315789473684,19
EXECUTABLE,8,1000,HOUR_NY,11,REVERSAL,1,0.05263157894736842,19
EXECUTABLE,8,1000,HOUR_NY,11,NO_EXPANSION,16,0.8421052631578947,19
EXECUTABLE,8,1000,HOUR_NY,11,AMBIGUOUS,0,0.0,19
EXECUTABLE,8,1000,HOUR_NY,12,CONTINUATION,0,0.0,9
EXECUTABLE,8,1000,HOUR_NY,12,REVERSAL,1,0.1111111111111111,9
EXECUTABLE,8,1000,HOUR_NY,12,NO_EXPANSION,8,0.8888888888888888,9
EXECUTABLE,8,1000,HOUR_NY,12,AMBIGUOUS,0,0.0,9
EXECUTABLE,8,1000,HOUR_NY,13,CONTINUATION,1,0.16666666666666666,6
EXECUTABLE,8,1000,HOUR_NY,13,REVERSAL,2,0.3333333333333333,6
EXECUTABLE,8,1000,HOUR_NY,13,NO_EXPANSION,3,0.5,6
EXECUTABLE,8,1000,HOUR_NY,13,AMBIGUOUS,0,0.0,6
EXECUTABLE,8,1000,HOUR_NY,14,CONTINUATION,2,0.18181818181818182,11
EXECUTABLE,8,1000,HOUR_NY,14,REVERSAL,3,0.2727272727272727,11
EXECUTABLE,8,1000,HOUR_NY,14,NO_EXPANSION,6,0.5454545454545454,11
EXECUTABLE,8,1000,HOUR_NY,14,AMBIGUOUS,0,0.0,11
EXECUTABLE,8,1000,HOUR_NY,15,CONTINUATION,2,0.16666666666666666,12
EXECUTABLE,8,1000,HOUR_NY,15,REVERSAL,5,0.4166666666666667,12
EXECUTABLE,8,1000,HOUR_NY,15,NO_EXPANSION,5,0.4166666666666667,12
EXECUTABLE,8,1000,HOUR_NY,15,AMBIGUOUS,0,0.0,12
EXECUTABLE,8,1000,HOUR_NY,16,CONTINUATION,1,1.0,1
EXECUTABLE,8,1000,HOUR_NY,16,REVERSAL,0,0.0,1
EXECUTABLE,8,1000,HOUR_NY,16,NO_EXPANSION,0,0.0,1
EXECUTABLE,8,1000,HOUR_NY,16,AMBIGUOUS,0,0.0,1
EXECUTABLE,8,1000,HOUR_NY,9,CONTINUATION,7,0.3333333333333333,21
EXECUTABLE,8,1000,HOUR_NY,9,REVERSAL,9,0.42857142857142855,21
EXECUTABLE,8,1000,HOUR_NY,9,NO_EXPANSION,5,0.23809523809523808,21
EXECUTABLE,8,1000,HOUR_NY,9,AMBIGUOUS,0,0.0,21
EXECUTABLE,8,2000,ALL,ALL,CONTINUATION,33,0.2972972972972973,111
EXECUTABLE,8,2000,ALL,ALL,REVERSAL,41,0.36936936936936937,111
EXECUTABLE,8,2000,ALL,ALL,NO_EXPANSION,37,0.3333333333333333,111
EXECUTABLE,8,2000,ALL,ALL,AMBIGUOUS,0,0.0,111
EXECUTABLE,8,2000,SIDE,BUY,CONTINUATION,21,0.3181818181818182,66
EXECUTABLE,8,2000,SIDE,BUY,REVERSAL,21,0.3181818181818182,66
EXECUTABLE,8,2000,SIDE,BUY,NO_EXPANSION,24,0.36363636363636365,66
EXECUTABLE,8,2000,SIDE,BUY,AMBIGUOUS,0,0.0,66
EXECUTABLE,8,2000,SIDE,SELL,CONTINUATION,12,0.26666666666666666,45
EXECUTABLE,8,2000,SIDE,SELL,REVERSAL,20,0.4444444444444444,45
EXECUTABLE,8,2000,SIDE,SELL,NO_EXPANSION,13,0.28888888888888886,45
EXECUTABLE,8,2000,SIDE,SELL,AMBIGUOUS,0,0.0,45
EXECUTABLE,8,2000,SESSION,2022-08-01,CONTINUATION,8,0.32,25
EXECUTABLE,8,2000,SESSION,2022-08-01,REVERSAL,10,0.4,25
EXECUTABLE,8,2000,SESSION,2022-08-01,NO_EXPANSION,7,0.28,25
EXECUTABLE,8,2000,SESSION,2022-08-01,AMBIGUOUS,0,0.0,25
EXECUTABLE,8,2000,SESSION,2022-08-02,CONTINUATION,11,0.3548387096774194,31
EXECUTABLE,8,2000,SESSION,2022-08-02,REVERSAL,15,0.4838709677419355,31
EXECUTABLE,8,2000,SESSION,2022-08-02,NO_EXPANSION,5,0.16129032258064516,31
EXECUTABLE,8,2000,SESSION,2022-08-02,AMBIGUOUS,0,0.0,31
EXECUTABLE,8,2000,SESSION,2022-08-03,CONTINUATION,8,0.2857142857142857,28
EXECUTABLE,8,2000,SESSION,2022-08-03,REVERSAL,5,0.17857142857142858,28
EXECUTABLE,8,2000,SESSION,2022-08-03,NO_EXPANSION,15,0.5357142857142857,28
EXECUTABLE,8,2000,SESSION,2022-08-03,AMBIGUOUS,0,0.0,28
EXECUTABLE,8,2000,SESSION,2022-08-04,CONTINUATION,1,0.07692307692307693,13
EXECUTABLE,8,2000,SESSION,2022-08-04,REVERSAL,8,0.6153846153846154,13
EXECUTABLE,8,2000,SESSION,2022-08-04,NO_EXPANSION,4,0.3076923076923077,13
EXECUTABLE,8,2000,SESSION,2022-08-04,AMBIGUOUS,0,0.0,13
EXECUTABLE,8,2000,SESSION,2022-08-05,CONTINUATION,5,0.35714285714285715,14
EXECUTABLE,8,2000,SESSION,2022-08-05,REVERSAL,3,0.21428571428571427,14
EXECUTABLE,8,2000,SESSION,2022-08-05,NO_EXPANSION,6,0.42857142857142855,14
EXECUTABLE,8,2000,SESSION,2022-08-05,AMBIGUOUS,0,0.0,14
EXECUTABLE,8,2000,MONTH,2022-08,CONTINUATION,33,0.2972972972972973,111
EXECUTABLE,8,2000,MONTH,2022-08,REVERSAL,41,0.36936936936936937,111
EXECUTABLE,8,2000,MONTH,2022-08,NO_EXPANSION,37,0.3333333333333333,111
EXECUTABLE,8,2000,MONTH,2022-08,AMBIGUOUS,0,0.0,111
EXECUTABLE,8,2000,YEAR,2022,CONTINUATION,33,0.2972972972972973,111
EXECUTABLE,8,2000,YEAR,2022,REVERSAL,41,0.36936936936936937,111
EXECUTABLE,8,2000,YEAR,2022,NO_EXPANSION,37,0.3333333333333333,111
EXECUTABLE,8,2000,YEAR,2022,AMBIGUOUS,0,0.0,111
EXECUTABLE,8,2000,HOUR_NY,10,CONTINUATION,11,0.34375,32
EXECUTABLE,8,2000,HOUR_NY,10,REVERSAL,16,0.5,32
EXECUTABLE,8,2000,HOUR_NY,10,NO_EXPANSION,5,0.15625,32
EXECUTABLE,8,2000,HOUR_NY,10,AMBIGUOUS,0,0.0,32
EXECUTABLE,8,2000,HOUR_NY,11,CONTINUATION,3,0.15789473684210525,19
EXECUTABLE,8,2000,HOUR_NY,11,REVERSAL,1,0.05263157894736842,19
EXECUTABLE,8,2000,HOUR_NY,11,NO_EXPANSION,15,0.7894736842105263,19
EXECUTABLE,8,2000,HOUR_NY,11,AMBIGUOUS,0,0.0,19
EXECUTABLE,8,2000,HOUR_NY,12,CONTINUATION,2,0.2222222222222222,9
EXECUTABLE,8,2000,HOUR_NY,12,REVERSAL,3,0.3333333333333333,9
EXECUTABLE,8,2000,HOUR_NY,12,NO_EXPANSION,4,0.4444444444444444,9
EXECUTABLE,8,2000,HOUR_NY,12,AMBIGUOUS,0,0.0,9
EXECUTABLE,8,2000,HOUR_NY,13,CONTINUATION,2,0.3333333333333333,6
EXECUTABLE,8,2000,HOUR_NY,13,REVERSAL,2,0.3333333333333333,6
EXECUTABLE,8,2000,HOUR_NY,13,NO_EXPANSION,2,0.3333333333333333,6
EXECUTABLE,8,2000,HOUR_NY,13,AMBIGUOUS,0,0.0,6
EXECUTABLE,8,2000,HOUR_NY,14,CONTINUATION,2,0.18181818181818182,11
EXECUTABLE,8,2000,HOUR_NY,14,REVERSAL,3,0.2727272727272727,11
EXECUTABLE,8,2000,HOUR_NY,14,NO_EXPANSION,6,0.5454545454545454,11
EXECUTABLE,8,2000,HOUR_NY,14,AMBIGUOUS,0,0.0,11
EXECUTABLE,8,2000,HOUR_NY,15,CONTINUATION,3,0.25,12
EXECUTABLE,8,2000,HOUR_NY,15,REVERSAL,6,0.5,12
EXECUTABLE,8,2000,HOUR_NY,15,NO_EXPANSION,3,0.25,12
EXECUTABLE,8,2000,HOUR_NY,15,AMBIGUOUS,0,0.0,12
EXECUTABLE,8,2000,HOUR_NY,16,CONTINUATION,1,1.0,1
EXECUTABLE,8,2000,HOUR_NY,16,REVERSAL,0,0.0,1
EXECUTABLE,8,2000,HOUR_NY,16,NO_EXPANSION,0,0.0,1
EXECUTABLE,8,2000,HOUR_NY,16,AMBIGUOUS,0,0.0,1
EXECUTABLE,8,2000,HOUR_NY,9,CONTINUATION,9,0.42857142857142855,21
EXECUTABLE,8,2000,HOUR_NY,9,REVERSAL,10,0.47619047619047616,21
EXECUTABLE,8,2000,HOUR_NY,9,NO_EXPANSION,2,0.09523809523809523,21
EXECUTABLE,8,2000,HOUR_NY,9,AMBIGUOUS,0,0.0,21
EXECUTABLE,8,5000,ALL,ALL,CONTINUATION,41,0.36936936936936937,111
EXECUTABLE,8,5000,ALL,ALL,REVERSAL,51,0.4594594594594595,111
EXECUTABLE,8,5000,ALL,ALL,NO_EXPANSION,19,0.17117117117117117,111
EXECUTABLE,8,5000,ALL,ALL,AMBIGUOUS,0,0.0,111
EXECUTABLE,8,5000,SIDE,BUY,CONTINUATION,25,0.3787878787878788,66
EXECUTABLE,8,5000,SIDE,BUY,REVERSAL,28,0.42424242424242425,66
EXECUTABLE,8,5000,SIDE,BUY,NO_EXPANSION,13,0.19696969696969696,66
EXECUTABLE,8,5000,SIDE,BUY,AMBIGUOUS,0,0.0,66
EXECUTABLE,8,5000,SIDE,SELL,CONTINUATION,16,0.35555555555555557,45
EXECUTABLE,8,5000,SIDE,SELL,REVERSAL,23,0.5111111111111111,45
EXECUTABLE,8,5000,SIDE,SELL,NO_EXPANSION,6,0.13333333333333333,45
EXECUTABLE,8,5000,SIDE,SELL,AMBIGUOUS,0,0.0,45
EXECUTABLE,8,5000,SESSION,2022-08-01,CONTINUATION,10,0.4,25
EXECUTABLE,8,5000,SESSION,2022-08-01,REVERSAL,12,0.48,25
EXECUTABLE,8,5000,SESSION,2022-08-01,NO_EXPANSION,3,0.12,25
EXECUTABLE,8,5000,SESSION,2022-08-01,AMBIGUOUS,0,0.0,25
EXECUTABLE,8,5000,SESSION,2022-08-02,CONTINUATION,12,0.3870967741935484,31
EXECUTABLE,8,5000,SESSION,2022-08-02,REVERSAL,16,0.5161290322580645,31
EXECUTABLE,8,5000,SESSION,2022-08-02,NO_EXPANSION,3,0.0967741935483871,31
EXECUTABLE,8,5000,SESSION,2022-08-02,AMBIGUOUS,0,0.0,31
EXECUTABLE,8,5000,SESSION,2022-08-03,CONTINUATION,11,0.39285714285714285,28
EXECUTABLE,8,5000,SESSION,2022-08-03,REVERSAL,7,0.25,28
EXECUTABLE,8,5000,SESSION,2022-08-03,NO_EXPANSION,10,0.35714285714285715,28
EXECUTABLE,8,5000,SESSION,2022-08-03,AMBIGUOUS,0,0.0,28
EXECUTABLE,8,5000,SESSION,2022-08-04,CONTINUATION,2,0.15384615384615385,13
EXECUTABLE,8,5000,SESSION,2022-08-04,REVERSAL,10,0.7692307692307693,13
EXECUTABLE,8,5000,SESSION,2022-08-04,NO_EXPANSION,1,0.07692307692307693,13
EXECUTABLE,8,5000,SESSION,2022-08-04,AMBIGUOUS,0,0.0,13
EXECUTABLE,8,5000,SESSION,2022-08-05,CONTINUATION,6,0.42857142857142855,14
EXECUTABLE,8,5000,SESSION,2022-08-05,REVERSAL,6,0.42857142857142855,14
EXECUTABLE,8,5000,SESSION,2022-08-05,NO_EXPANSION,2,0.14285714285714285,14
EXECUTABLE,8,5000,SESSION,2022-08-05,AMBIGUOUS,0,0.0,14
EXECUTABLE,8,5000,MONTH,2022-08,CONTINUATION,41,0.36936936936936937,111
EXECUTABLE,8,5000,MONTH,2022-08,REVERSAL,51,0.4594594594594595,111
EXECUTABLE,8,5000,MONTH,2022-08,NO_EXPANSION,19,0.17117117117117117,111
EXECUTABLE,8,5000,MONTH,2022-08,AMBIGUOUS,0,0.0,111
EXECUTABLE,8,5000,YEAR,2022,CONTINUATION,41,0.36936936936936937,111
EXECUTABLE,8,5000,YEAR,2022,REVERSAL,51,0.4594594594594595,111
EXECUTABLE,8,5000,YEAR,2022,NO_EXPANSION,19,0.17117117117117117,111
EXECUTABLE,8,5000,YEAR,2022,AMBIGUOUS,0,0.0,111
EXECUTABLE,8,5000,HOUR_NY,10,CONTINUATION,12,0.375,32
EXECUTABLE,8,5000,HOUR_NY,10,REVERSAL,20,0.625,32
EXECUTABLE,8,5000,HOUR_NY,10,NO_EXPANSION,0,0.0,32
EXECUTABLE,8,5000,HOUR_NY,10,AMBIGUOUS,0,0.0,32
EXECUTABLE,8,5000,HOUR_NY,11,CONTINUATION,5,0.2631578947368421,19
EXECUTABLE,8,5000,HOUR_NY,11,REVERSAL,4,0.21052631578947367,19
EXECUTABLE,8,5000,HOUR_NY,11,NO_EXPANSION,10,0.5263157894736842,19
EXECUTABLE,8,5000,HOUR_NY,11,AMBIGUOUS,0,0.0,19
EXECUTABLE,8,5000,HOUR_NY,12,CONTINUATION,3,0.3333333333333333,9
EXECUTABLE,8,5000,HOUR_NY,12,REVERSAL,4,0.4444444444444444,9
EXECUTABLE,8,5000,HOUR_NY,12,NO_EXPANSION,2,0.2222222222222222,9
EXECUTABLE,8,5000,HOUR_NY,12,AMBIGUOUS,0,0.0,9
EXECUTABLE,8,5000,HOUR_NY,13,CONTINUATION,3,0.5,6
EXECUTABLE,8,5000,HOUR_NY,13,REVERSAL,2,0.3333333333333333,6
EXECUTABLE,8,5000,HOUR_NY,13,NO_EXPANSION,1,0.16666666666666666,6
EXECUTABLE,8,5000,HOUR_NY,13,AMBIGUOUS,0,0.0,6
EXECUTABLE,8,5000,HOUR_NY,14,CONTINUATION,4,0.36363636363636365,11
EXECUTABLE,8,5000,HOUR_NY,14,REVERSAL,3,0.2727272727272727,11
EXECUTABLE,8,5000,HOUR_NY,14,NO_EXPANSION,4,0.36363636363636365,11
EXECUTABLE,8,5000,HOUR_NY,14,AMBIGUOUS,0,0.0,11
EXECUTABLE,8,5000,HOUR_NY,15,CONTINUATION,3,0.25,12
EXECUTABLE,8,5000,HOUR_NY,15,REVERSAL,7,0.5833333333333334,12
EXECUTABLE,8,5000,HOUR_NY,15,NO_EXPANSION,2,0.16666666666666666,12
EXECUTABLE,8,5000,HOUR_NY,15,AMBIGUOUS,0,0.0,12
EXECUTABLE,8,5000,HOUR_NY,16,CONTINUATION,1,1.0,1
EXECUTABLE,8,5000,HOUR_NY,16,REVERSAL,0,0.0,1
EXECUTABLE,8,5000,HOUR_NY,16,NO_EXPANSION,0,0.0,1
EXECUTABLE,8,5000,HOUR_NY,16,AMBIGUOUS,0,0.0,1
EXECUTABLE,8,5000,HOUR_NY,9,CONTINUATION,10,0.47619047619047616,21
EXECUTABLE,8,5000,HOUR_NY,9,REVERSAL,11,0.5238095238095238,21
EXECUTABLE,8,5000,HOUR_NY,9,NO_EXPANSION,0,0.0,21
EXECUTABLE,8,5000,HOUR_NY,9,AMBIGUOUS,0,0.0,21
EXECUTABLE,8,10000,ALL,ALL,CONTINUATION,48,0.43243243243243246,111
EXECUTABLE,8,10000,ALL,ALL,REVERSAL,59,0.5315315315315315,111
EXECUTABLE,8,10000,ALL,ALL,NO_EXPANSION,4,0.036036036036036036,111
EXECUTABLE,8,10000,ALL,ALL,AMBIGUOUS,0,0.0,111
EXECUTABLE,8,10000,SIDE,BUY,CONTINUATION,29,0.4393939393939394,66
EXECUTABLE,8,10000,SIDE,BUY,REVERSAL,34,0.5151515151515151,66
EXECUTABLE,8,10000,SIDE,BUY,NO_EXPANSION,3,0.045454545454545456,66
EXECUTABLE,8,10000,SIDE,BUY,AMBIGUOUS,0,0.0,66
EXECUTABLE,8,10000,SIDE,SELL,CONTINUATION,19,0.4222222222222222,45
EXECUTABLE,8,10000,SIDE,SELL,REVERSAL,25,0.5555555555555556,45
EXECUTABLE,8,10000,SIDE,SELL,NO_EXPANSION,1,0.022222222222222223,45
EXECUTABLE,8,10000,SIDE,SELL,AMBIGUOUS,0,0.0,45
EXECUTABLE,8,10000,SESSION,2022-08-01,CONTINUATION,10,0.4,25
EXECUTABLE,8,10000,SESSION,2022-08-01,REVERSAL,15,0.6,25
EXECUTABLE,8,10000,SESSION,2022-08-01,NO_EXPANSION,0,0.0,25
EXECUTABLE,8,10000,SESSION,2022-08-01,AMBIGUOUS,0,0.0,25
EXECUTABLE,8,10000,SESSION,2022-08-02,CONTINUATION,15,0.4838709677419355,31
EXECUTABLE,8,10000,SESSION,2022-08-02,REVERSAL,16,0.5161290322580645,31
EXECUTABLE,8,10000,SESSION,2022-08-02,NO_EXPANSION,0,0.0,31
EXECUTABLE,8,10000,SESSION,2022-08-02,AMBIGUOUS,0,0.0,31
EXECUTABLE,8,10000,SESSION,2022-08-03,CONTINUATION,14,0.5,28
EXECUTABLE,8,10000,SESSION,2022-08-03,REVERSAL,11,0.39285714285714285,28
EXECUTABLE,8,10000,SESSION,2022-08-03,NO_EXPANSION,3,0.10714285714285714,28
EXECUTABLE,8,10000,SESSION,2022-08-03,AMBIGUOUS,0,0.0,28
EXECUTABLE,8,10000,SESSION,2022-08-04,CONTINUATION,2,0.15384615384615385,13
EXECUTABLE,8,10000,SESSION,2022-08-04,REVERSAL,10,0.7692307692307693,13
EXECUTABLE,8,10000,SESSION,2022-08-04,NO_EXPANSION,1,0.07692307692307693,13
EXECUTABLE,8,10000,SESSION,2022-08-04,AMBIGUOUS,0,0.0,13
EXECUTABLE,8,10000,SESSION,2022-08-05,CONTINUATION,7,0.5,14
EXECUTABLE,8,10000,SESSION,2022-08-05,REVERSAL,7,0.5,14
EXECUTABLE,8,10000,SESSION,2022-08-05,NO_EXPANSION,0,0.0,14
EXECUTABLE,8,10000,SESSION,2022-08-05,AMBIGUOUS,0,0.0,14
EXECUTABLE,8,10000,MONTH,2022-08,CONTINUATION,48,0.43243243243243246,111
EXECUTABLE,8,10000,MONTH,2022-08,REVERSAL,59,0.5315315315315315,111
EXECUTABLE,8,10000,MONTH,2022-08,NO_EXPANSION,4,0.036036036036036036,111
EXECUTABLE,8,10000,MONTH,2022-08,AMBIGUOUS,0,0.0,111
EXECUTABLE,8,10000,YEAR,2022,CONTINUATION,48,0.43243243243243246,111
EXECUTABLE,8,10000,YEAR,2022,REVERSAL,59,0.5315315315315315,111
EXECUTABLE,8,10000,YEAR,2022,NO_EXPANSION,4,0.036036036036036036,111
EXECUTABLE,8,10000,YEAR,2022,AMBIGUOUS,0,0.0,111
EXECUTABLE,8,10000,HOUR_NY,10,CONTINUATION,12,0.375,32
EXECUTABLE,8,10000,HOUR_NY,10,REVERSAL,20,0.625,32
EXECUTABLE,8,10000,HOUR_NY,10,NO_EXPANSION,0,0.0,32
EXECUTABLE,8,10000,HOUR_NY,10,AMBIGUOUS,0,0.0,32
EXECUTABLE,8,10000,HOUR_NY,11,CONTINUATION,9,0.47368421052631576,19
EXECUTABLE,8,10000,HOUR_NY,11,REVERSAL,10,0.5263157894736842,19
EXECUTABLE,8,10000,HOUR_NY,11,NO_EXPANSION,0,0.0,19
EXECUTABLE,8,10000,HOUR_NY,11,AMBIGUOUS,0,0.0,19
EXECUTABLE,8,10000,HOUR_NY,12,CONTINUATION,4,0.4444444444444444,9
EXECUTABLE,8,10000,HOUR_NY,12,REVERSAL,5,0.5555555555555556,9
EXECUTABLE,8,10000,HOUR_NY,12,NO_EXPANSION,0,0.0,9
EXECUTABLE,8,10000,HOUR_NY,12,AMBIGUOUS,0,0.0,9
EXECUTABLE,8,10000,HOUR_NY,13,CONTINUATION,4,0.6666666666666666,6
EXECUTABLE,8,10000,HOUR_NY,13,REVERSAL,2,0.3333333333333333,6
EXECUTABLE,8,10000,HOUR_NY,13,NO_EXPANSION,0,0.0,6
EXECUTABLE,8,10000,HOUR_NY,13,AMBIGUOUS,0,0.0,6
EXECUTABLE,8,10000,HOUR_NY,14,CONTINUATION,5,0.45454545454545453,11
EXECUTABLE,8,10000,HOUR_NY,14,REVERSAL,3,0.2727272727272727,11
EXECUTABLE,8,10000,HOUR_NY,14,NO_EXPANSION,3,0.2727272727272727,11
EXECUTABLE,8,10000,HOUR_NY,14,AMBIGUOUS,0,0.0,11
EXECUTABLE,8,10000,HOUR_NY,15,CONTINUATION,3,0.25,12
EXECUTABLE,8,10000,HOUR_NY,15,REVERSAL,8,0.6666666666666666,12
EXECUTABLE,8,10000,HOUR_NY,15,NO_EXPANSION,1,0.08333333333333333,12
EXECUTABLE,8,10000,HOUR_NY,15,AMBIGUOUS,0,0.0,12
EXECUTABLE,8,10000,HOUR_NY,16,CONTINUATION,1,1.0,1
EXECUTABLE,8,10000,HOUR_NY,16,REVERSAL,0,0.0,1
EXECUTABLE,8,10000,HOUR_NY,16,NO_EXPANSION,0,0.0,1
EXECUTABLE,8,10000,HOUR_NY,16,AMBIGUOUS,0,0.0,1
EXECUTABLE,8,10000,HOUR_NY,9,CONTINUATION,10,0.47619047619047616,21
EXECUTABLE,8,10000,HOUR_NY,9,REVERSAL,11,0.5238095238095238,21
EXECUTABLE,8,10000,HOUR_NY,9,NO_EXPANSION,0,0.0,21
EXECUTABLE,8,10000,HOUR_NY,9,AMBIGUOUS,0,0.0,21
EXECUTABLE,12,500,ALL,ALL,CONTINUATION,4,0.036036036036036036,111
EXECUTABLE,12,500,ALL,ALL,REVERSAL,7,0.06306306306306306,111
EXECUTABLE,12,500,ALL,ALL,NO_EXPANSION,100,0.9009009009009009,111
EXECUTABLE,12,500,ALL,ALL,AMBIGUOUS,0,0.0,111
EXECUTABLE,12,500,SIDE,BUY,CONTINUATION,2,0.030303030303030304,66
EXECUTABLE,12,500,SIDE,BUY,REVERSAL,6,0.09090909090909091,66
EXECUTABLE,12,500,SIDE,BUY,NO_EXPANSION,58,0.8787878787878788,66
EXECUTABLE,12,500,SIDE,BUY,AMBIGUOUS,0,0.0,66
EXECUTABLE,12,500,SIDE,SELL,CONTINUATION,2,0.044444444444444446,45
EXECUTABLE,12,500,SIDE,SELL,REVERSAL,1,0.022222222222222223,45
EXECUTABLE,12,500,SIDE,SELL,NO_EXPANSION,42,0.9333333333333333,45
EXECUTABLE,12,500,SIDE,SELL,AMBIGUOUS,0,0.0,45
EXECUTABLE,12,500,SESSION,2022-08-01,CONTINUATION,1,0.04,25
EXECUTABLE,12,500,SESSION,2022-08-01,REVERSAL,1,0.04,25
EXECUTABLE,12,500,SESSION,2022-08-01,NO_EXPANSION,23,0.92,25
EXECUTABLE,12,500,SESSION,2022-08-01,AMBIGUOUS,0,0.0,25
EXECUTABLE,12,500,SESSION,2022-08-02,CONTINUATION,1,0.03225806451612903,31
EXECUTABLE,12,500,SESSION,2022-08-02,REVERSAL,3,0.0967741935483871,31
EXECUTABLE,12,500,SESSION,2022-08-02,NO_EXPANSION,27,0.8709677419354839,31
EXECUTABLE,12,500,SESSION,2022-08-02,AMBIGUOUS,0,0.0,31
EXECUTABLE,12,500,SESSION,2022-08-03,CONTINUATION,1,0.03571428571428571,28
EXECUTABLE,12,500,SESSION,2022-08-03,REVERSAL,1,0.03571428571428571,28
EXECUTABLE,12,500,SESSION,2022-08-03,NO_EXPANSION,26,0.9285714285714286,28
EXECUTABLE,12,500,SESSION,2022-08-03,AMBIGUOUS,0,0.0,28
EXECUTABLE,12,500,SESSION,2022-08-04,CONTINUATION,1,0.07692307692307693,13
EXECUTABLE,12,500,SESSION,2022-08-04,REVERSAL,2,0.15384615384615385,13
EXECUTABLE,12,500,SESSION,2022-08-04,NO_EXPANSION,10,0.7692307692307693,13
EXECUTABLE,12,500,SESSION,2022-08-04,AMBIGUOUS,0,0.0,13
EXECUTABLE,12,500,SESSION,2022-08-05,CONTINUATION,0,0.0,14
EXECUTABLE,12,500,SESSION,2022-08-05,REVERSAL,0,0.0,14
EXECUTABLE,12,500,SESSION,2022-08-05,NO_EXPANSION,14,1.0,14
EXECUTABLE,12,500,SESSION,2022-08-05,AMBIGUOUS,0,0.0,14
EXECUTABLE,12,500,MONTH,2022-08,CONTINUATION,4,0.036036036036036036,111
EXECUTABLE,12,500,MONTH,2022-08,REVERSAL,7,0.06306306306306306,111
EXECUTABLE,12,500,MONTH,2022-08,NO_EXPANSION,100,0.9009009009009009,111
EXECUTABLE,12,500,MONTH,2022-08,AMBIGUOUS,0,0.0,111
EXECUTABLE,12,500,YEAR,2022,CONTINUATION,4,0.036036036036036036,111
EXECUTABLE,12,500,YEAR,2022,REVERSAL,7,0.06306306306306306,111
EXECUTABLE,12,500,YEAR,2022,NO_EXPANSION,100,0.9009009009009009,111
EXECUTABLE,12,500,YEAR,2022,AMBIGUOUS,0,0.0,111
EXECUTABLE,12,500,HOUR_NY,10,CONTINUATION,2,0.0625,32
EXECUTABLE,12,500,HOUR_NY,10,REVERSAL,4,0.125,32
EXECUTABLE,12,500,HOUR_NY,10,NO_EXPANSION,26,0.8125,32
EXECUTABLE,12,500,HOUR_NY,10,AMBIGUOUS,0,0.0,32
EXECUTABLE,12,500,HOUR_NY,11,CONTINUATION,1,0.05263157894736842,19
EXECUTABLE,12,500,HOUR_NY,11,REVERSAL,0,0.0,19
EXECUTABLE,12,500,HOUR_NY,11,NO_EXPANSION,18,0.9473684210526315,19
EXECUTABLE,12,500,HOUR_NY,11,AMBIGUOUS,0,0.0,19
EXECUTABLE,12,500,HOUR_NY,12,CONTINUATION,0,0.0,9
EXECUTABLE,12,500,HOUR_NY,12,REVERSAL,1,0.1111111111111111,9
EXECUTABLE,12,500,HOUR_NY,12,NO_EXPANSION,8,0.8888888888888888,9
EXECUTABLE,12,500,HOUR_NY,12,AMBIGUOUS,0,0.0,9
EXECUTABLE,12,500,HOUR_NY,13,CONTINUATION,0,0.0,6
EXECUTABLE,12,500,HOUR_NY,13,REVERSAL,0,0.0,6
EXECUTABLE,12,500,HOUR_NY,13,NO_EXPANSION,6,1.0,6
EXECUTABLE,12,500,HOUR_NY,13,AMBIGUOUS,0,0.0,6
EXECUTABLE,12,500,HOUR_NY,14,CONTINUATION,1,0.09090909090909091,11
EXECUTABLE,12,500,HOUR_NY,14,REVERSAL,0,0.0,11
EXECUTABLE,12,500,HOUR_NY,14,NO_EXPANSION,10,0.9090909090909091,11
EXECUTABLE,12,500,HOUR_NY,14,AMBIGUOUS,0,0.0,11
EXECUTABLE,12,500,HOUR_NY,15,CONTINUATION,0,0.0,12
EXECUTABLE,12,500,HOUR_NY,15,REVERSAL,2,0.16666666666666666,12
EXECUTABLE,12,500,HOUR_NY,15,NO_EXPANSION,10,0.8333333333333334,12
EXECUTABLE,12,500,HOUR_NY,15,AMBIGUOUS,0,0.0,12
EXECUTABLE,12,500,HOUR_NY,16,CONTINUATION,0,0.0,1
EXECUTABLE,12,500,HOUR_NY,16,REVERSAL,0,0.0,1
EXECUTABLE,12,500,HOUR_NY,16,NO_EXPANSION,1,1.0,1
EXECUTABLE,12,500,HOUR_NY,16,AMBIGUOUS,0,0.0,1
EXECUTABLE,12,500,HOUR_NY,9,CONTINUATION,0,0.0,21
EXECUTABLE,12,500,HOUR_NY,9,REVERSAL,0,0.0,21
EXECUTABLE,12,500,HOUR_NY,9,NO_EXPANSION,21,1.0,21
EXECUTABLE,12,500,HOUR_NY,9,AMBIGUOUS,0,0.0,21
EXECUTABLE,12,1000,ALL,ALL,CONTINUATION,10,0.09009009009009009,111
EXECUTABLE,12,1000,ALL,ALL,REVERSAL,17,0.15315315315315314,111
EXECUTABLE,12,1000,ALL,ALL,NO_EXPANSION,84,0.7567567567567568,111
EXECUTABLE,12,1000,ALL,ALL,AMBIGUOUS,0,0.0,111
EXECUTABLE,12,1000,SIDE,BUY,CONTINUATION,5,0.07575757575757576,66
EXECUTABLE,12,1000,SIDE,BUY,REVERSAL,9,0.13636363636363635,66
EXECUTABLE,12,1000,SIDE,BUY,NO_EXPANSION,52,0.7878787878787878,66
EXECUTABLE,12,1000,SIDE,BUY,AMBIGUOUS,0,0.0,66
EXECUTABLE,12,1000,SIDE,SELL,CONTINUATION,5,0.1111111111111111,45
EXECUTABLE,12,1000,SIDE,SELL,REVERSAL,8,0.17777777777777778,45
EXECUTABLE,12,1000,SIDE,SELL,NO_EXPANSION,32,0.7111111111111111,45
EXECUTABLE,12,1000,SIDE,SELL,AMBIGUOUS,0,0.0,45
EXECUTABLE,12,1000,SESSION,2022-08-01,CONTINUATION,1,0.04,25
EXECUTABLE,12,1000,SESSION,2022-08-01,REVERSAL,4,0.16,25
EXECUTABLE,12,1000,SESSION,2022-08-01,NO_EXPANSION,20,0.8,25
EXECUTABLE,12,1000,SESSION,2022-08-01,AMBIGUOUS,0,0.0,25
EXECUTABLE,12,1000,SESSION,2022-08-02,CONTINUATION,5,0.16129032258064516,31
EXECUTABLE,12,1000,SESSION,2022-08-02,REVERSAL,8,0.25806451612903225,31
EXECUTABLE,12,1000,SESSION,2022-08-02,NO_EXPANSION,18,0.5806451612903226,31
EXECUTABLE,12,1000,SESSION,2022-08-02,AMBIGUOUS,0,0.0,31
EXECUTABLE,12,1000,SESSION,2022-08-03,CONTINUATION,3,0.10714285714285714,28
EXECUTABLE,12,1000,SESSION,2022-08-03,REVERSAL,1,0.03571428571428571,28
EXECUTABLE,12,1000,SESSION,2022-08-03,NO_EXPANSION,24,0.8571428571428571,28
EXECUTABLE,12,1000,SESSION,2022-08-03,AMBIGUOUS,0,0.0,28
EXECUTABLE,12,1000,SESSION,2022-08-04,CONTINUATION,1,0.07692307692307693,13
EXECUTABLE,12,1000,SESSION,2022-08-04,REVERSAL,4,0.3076923076923077,13
EXECUTABLE,12,1000,SESSION,2022-08-04,NO_EXPANSION,8,0.6153846153846154,13
EXECUTABLE,12,1000,SESSION,2022-08-04,AMBIGUOUS,0,0.0,13
EXECUTABLE,12,1000,SESSION,2022-08-05,CONTINUATION,0,0.0,14
EXECUTABLE,12,1000,SESSION,2022-08-05,REVERSAL,0,0.0,14
EXECUTABLE,12,1000,SESSION,2022-08-05,NO_EXPANSION,14,1.0,14
EXECUTABLE,12,1000,SESSION,2022-08-05,AMBIGUOUS,0,0.0,14
EXECUTABLE,12,1000,MONTH,2022-08,CONTINUATION,10,0.09009009009009009,111
EXECUTABLE,12,1000,MONTH,2022-08,REVERSAL,17,0.15315315315315314,111
EXECUTABLE,12,1000,MONTH,2022-08,NO_EXPANSION,84,0.7567567567567568,111
EXECUTABLE,12,1000,MONTH,2022-08,AMBIGUOUS,0,0.0,111
EXECUTABLE,12,1000,YEAR,2022,CONTINUATION,10,0.09009009009009009,111
EXECUTABLE,12,1000,YEAR,2022,REVERSAL,17,0.15315315315315314,111
EXECUTABLE,12,1000,YEAR,2022,NO_EXPANSION,84,0.7567567567567568,111
EXECUTABLE,12,1000,YEAR,2022,AMBIGUOUS,0,0.0,111
EXECUTABLE,12,1000,HOUR_NY,10,CONTINUATION,4,0.125,32
EXECUTABLE,12,1000,HOUR_NY,10,REVERSAL,9,0.28125,32
EXECUTABLE,12,1000,HOUR_NY,10,NO_EXPANSION,19,0.59375,32
EXECUTABLE,12,1000,HOUR_NY,10,AMBIGUOUS,0,0.0,32
EXECUTABLE,12,1000,HOUR_NY,11,CONTINUATION,1,0.05263157894736842,19
EXECUTABLE,12,1000,HOUR_NY,11,REVERSAL,0,0.0,19
EXECUTABLE,12,1000,HOUR_NY,11,NO_EXPANSION,18,0.9473684210526315,19
EXECUTABLE,12,1000,HOUR_NY,11,AMBIGUOUS,0,0.0,19
EXECUTABLE,12,1000,HOUR_NY,12,CONTINUATION,0,0.0,9
EXECUTABLE,12,1000,HOUR_NY,12,REVERSAL,1,0.1111111111111111,9
EXECUTABLE,12,1000,HOUR_NY,12,NO_EXPANSION,8,0.8888888888888888,9
EXECUTABLE,12,1000,HOUR_NY,12,AMBIGUOUS,0,0.0,9
EXECUTABLE,12,1000,HOUR_NY,13,CONTINUATION,0,0.0,6
EXECUTABLE,12,1000,HOUR_NY,13,REVERSAL,1,0.16666666666666666,6
EXECUTABLE,12,1000,HOUR_NY,13,NO_EXPANSION,5,0.8333333333333334,6
EXECUTABLE,12,1000,HOUR_NY,13,AMBIGUOUS,0,0.0,6
EXECUTABLE,12,1000,HOUR_NY,14,CONTINUATION,1,0.09090909090909091,11
EXECUTABLE,12,1000,HOUR_NY,14,REVERSAL,1,0.09090909090909091,11
EXECUTABLE,12,1000,HOUR_NY,14,NO_EXPANSION,9,0.8181818181818182,11
EXECUTABLE,12,1000,HOUR_NY,14,AMBIGUOUS,0,0.0,11
EXECUTABLE,12,1000,HOUR_NY,15,CONTINUATION,0,0.0,12
EXECUTABLE,12,1000,HOUR_NY,15,REVERSAL,3,0.25,12
EXECUTABLE,12,1000,HOUR_NY,15,NO_EXPANSION,9,0.75,12
EXECUTABLE,12,1000,HOUR_NY,15,AMBIGUOUS,0,0.0,12
EXECUTABLE,12,1000,HOUR_NY,16,CONTINUATION,1,1.0,1
EXECUTABLE,12,1000,HOUR_NY,16,REVERSAL,0,0.0,1
EXECUTABLE,12,1000,HOUR_NY,16,NO_EXPANSION,0,0.0,1
EXECUTABLE,12,1000,HOUR_NY,16,AMBIGUOUS,0,0.0,1
EXECUTABLE,12,1000,HOUR_NY,9,CONTINUATION,3,0.14285714285714285,21
EXECUTABLE,12,1000,HOUR_NY,9,REVERSAL,2,0.09523809523809523,21
EXECUTABLE,12,1000,HOUR_NY,9,NO_EXPANSION,16,0.7619047619047619,21
EXECUTABLE,12,1000,HOUR_NY,9,AMBIGUOUS,0,0.0,21
EXECUTABLE,12,2000,ALL,ALL,CONTINUATION,23,0.2072072072072072,111
EXECUTABLE,12,2000,ALL,ALL,REVERSAL,20,0.18018018018018017,111
EXECUTABLE,12,2000,ALL,ALL,NO_EXPANSION,68,0.6126126126126126,111
EXECUTABLE,12,2000,ALL,ALL,AMBIGUOUS,0,0.0,111
EXECUTABLE,12,2000,SIDE,BUY,CONTINUATION,14,0.21212121212121213,66
EXECUTABLE,12,2000,SIDE,BUY,REVERSAL,11,0.16666666666666666,66
EXECUTABLE,12,2000,SIDE,BUY,NO_EXPANSION,41,0.6212121212121212,66
EXECUTABLE,12,2000,SIDE,BUY,AMBIGUOUS,0,0.0,66
EXECUTABLE,12,2000,SIDE,SELL,CONTINUATION,9,0.2,45
EXECUTABLE,12,2000,SIDE,SELL,REVERSAL,9,0.2,45
EXECUTABLE,12,2000,SIDE,SELL,NO_EXPANSION,27,0.6,45
EXECUTABLE,12,2000,SIDE,SELL,AMBIGUOUS,0,0.0,45
EXECUTABLE,12,2000,SESSION,2022-08-01,CONTINUATION,4,0.16,25
EXECUTABLE,12,2000,SESSION,2022-08-01,REVERSAL,5,0.2,25
EXECUTABLE,12,2000,SESSION,2022-08-01,NO_EXPANSION,16,0.64,25
EXECUTABLE,12,2000,SESSION,2022-08-01,AMBIGUOUS,0,0.0,25
EXECUTABLE,12,2000,SESSION,2022-08-02,CONTINUATION,9,0.2903225806451613,31
EXECUTABLE,12,2000,SESSION,2022-08-02,REVERSAL,8,0.25806451612903225,31
EXECUTABLE,12,2000,SESSION,2022-08-02,NO_EXPANSION,14,0.45161290322580644,31
EXECUTABLE,12,2000,SESSION,2022-08-02,AMBIGUOUS,0,0.0,31
EXECUTABLE,12,2000,SESSION,2022-08-03,CONTINUATION,6,0.21428571428571427,28
EXECUTABLE,12,2000,SESSION,2022-08-03,REVERSAL,2,0.07142857142857142,28
EXECUTABLE,12,2000,SESSION,2022-08-03,NO_EXPANSION,20,0.7142857142857143,28
EXECUTABLE,12,2000,SESSION,2022-08-03,AMBIGUOUS,0,0.0,28
EXECUTABLE,12,2000,SESSION,2022-08-04,CONTINUATION,1,0.07692307692307693,13
EXECUTABLE,12,2000,SESSION,2022-08-04,REVERSAL,5,0.38461538461538464,13
EXECUTABLE,12,2000,SESSION,2022-08-04,NO_EXPANSION,7,0.5384615384615384,13
EXECUTABLE,12,2000,SESSION,2022-08-04,AMBIGUOUS,0,0.0,13
EXECUTABLE,12,2000,SESSION,2022-08-05,CONTINUATION,3,0.21428571428571427,14
EXECUTABLE,12,2000,SESSION,2022-08-05,REVERSAL,0,0.0,14
EXECUTABLE,12,2000,SESSION,2022-08-05,NO_EXPANSION,11,0.7857142857142857,14
EXECUTABLE,12,2000,SESSION,2022-08-05,AMBIGUOUS,0,0.0,14
EXECUTABLE,12,2000,MONTH,2022-08,CONTINUATION,23,0.2072072072072072,111
EXECUTABLE,12,2000,MONTH,2022-08,REVERSAL,20,0.18018018018018017,111
EXECUTABLE,12,2000,MONTH,2022-08,NO_EXPANSION,68,0.6126126126126126,111
EXECUTABLE,12,2000,MONTH,2022-08,AMBIGUOUS,0,0.0,111
EXECUTABLE,12,2000,YEAR,2022,CONTINUATION,23,0.2072072072072072,111
EXECUTABLE,12,2000,YEAR,2022,REVERSAL,20,0.18018018018018017,111
EXECUTABLE,12,2000,YEAR,2022,NO_EXPANSION,68,0.6126126126126126,111
EXECUTABLE,12,2000,YEAR,2022,AMBIGUOUS,0,0.0,111
EXECUTABLE,12,2000,HOUR_NY,10,CONTINUATION,7,0.21875,32
EXECUTABLE,12,2000,HOUR_NY,10,REVERSAL,9,0.28125,32
EXECUTABLE,12,2000,HOUR_NY,10,NO_EXPANSION,16,0.5,32
EXECUTABLE,12,2000,HOUR_NY,10,AMBIGUOUS,0,0.0,32
EXECUTABLE,12,2000,HOUR_NY,11,CONTINUATION,3,0.15789473684210525,19
EXECUTABLE,12,2000,HOUR_NY,11,REVERSAL,0,0.0,19
EXECUTABLE,12,2000,HOUR_NY,11,NO_EXPANSION,16,0.8421052631578947,19
EXECUTABLE,12,2000,HOUR_NY,11,AMBIGUOUS,0,0.0,19
EXECUTABLE,12,2000,HOUR_NY,12,CONTINUATION,1,0.1111111111111111,9
EXECUTABLE,12,2000,HOUR_NY,12,REVERSAL,1,0.1111111111111111,9
EXECUTABLE,12,2000,HOUR_NY,12,NO_EXPANSION,7,0.7777777777777778,9
EXECUTABLE,12,2000,HOUR_NY,12,AMBIGUOUS,0,0.0,9
EXECUTABLE,12,2000,HOUR_NY,13,CONTINUATION,0,0.0,6
EXECUTABLE,12,2000,HOUR_NY,13,REVERSAL,1,0.16666666666666666,6
EXECUTABLE,12,2000,HOUR_NY,13,NO_EXPANSION,5,0.8333333333333334,6
EXECUTABLE,12,2000,HOUR_NY,13,AMBIGUOUS,0,0.0,6
EXECUTABLE,12,2000,HOUR_NY,14,CONTINUATION,2,0.18181818181818182,11
EXECUTABLE,12,2000,HOUR_NY,14,REVERSAL,1,0.09090909090909091,11
EXECUTABLE,12,2000,HOUR_NY,14,NO_EXPANSION,8,0.7272727272727273,11
EXECUTABLE,12,2000,HOUR_NY,14,AMBIGUOUS,0,0.0,11
EXECUTABLE,12,2000,HOUR_NY,15,CONTINUATION,1,0.08333333333333333,12
EXECUTABLE,12,2000,HOUR_NY,15,REVERSAL,4,0.3333333333333333,12
EXECUTABLE,12,2000,HOUR_NY,15,NO_EXPANSION,7,0.5833333333333334,12
EXECUTABLE,12,2000,HOUR_NY,15,AMBIGUOUS,0,0.0,12
EXECUTABLE,12,2000,HOUR_NY,16,CONTINUATION,1,1.0,1
EXECUTABLE,12,2000,HOUR_NY,16,REVERSAL,0,0.0,1
EXECUTABLE,12,2000,HOUR_NY,16,NO_EXPANSION,0,0.0,1
EXECUTABLE,12,2000,HOUR_NY,16,AMBIGUOUS,0,0.0,1
EXECUTABLE,12,2000,HOUR_NY,9,CONTINUATION,8,0.38095238095238093,21
EXECUTABLE,12,2000,HOUR_NY,9,REVERSAL,4,0.19047619047619047,21
EXECUTABLE,12,2000,HOUR_NY,9,NO_EXPANSION,9,0.42857142857142855,21
EXECUTABLE,12,2000,HOUR_NY,9,AMBIGUOUS,0,0.0,21
EXECUTABLE,12,5000,ALL,ALL,CONTINUATION,35,0.3153153153153153,111
EXECUTABLE,12,5000,ALL,ALL,REVERSAL,31,0.27927927927927926,111
EXECUTABLE,12,5000,ALL,ALL,NO_EXPANSION,45,0.40540540540540543,111
EXECUTABLE,12,5000,ALL,ALL,AMBIGUOUS,0,0.0,111
EXECUTABLE,12,5000,SIDE,BUY,CONTINUATION,25,0.3787878787878788,66
EXECUTABLE,12,5000,SIDE,BUY,REVERSAL,17,0.25757575757575757,66
EXECUTABLE,12,5000,SIDE,BUY,NO_EXPANSION,24,0.36363636363636365,66
EXECUTABLE,12,5000,SIDE,BUY,AMBIGUOUS,0,0.0,66
EXECUTABLE,12,5000,SIDE,SELL,CONTINUATION,10,0.2222222222222222,45
EXECUTABLE,12,5000,SIDE,SELL,REVERSAL,14,0.3111111111111111,45
EXECUTABLE,12,5000,SIDE,SELL,NO_EXPANSION,21,0.4666666666666667,45
EXECUTABLE,12,5000,SIDE,SELL,AMBIGUOUS,0,0.0,45
EXECUTABLE,12,5000,SESSION,2022-08-01,CONTINUATION,7,0.28,25
EXECUTABLE,12,5000,SESSION,2022-08-01,REVERSAL,8,0.32,25
EXECUTABLE,12,5000,SESSION,2022-08-01,NO_EXPANSION,10,0.4,25
EXECUTABLE,12,5000,SESSION,2022-08-01,AMBIGUOUS,0,0.0,25
EXECUTABLE,12,5000,SESSION,2022-08-02,CONTINUATION,12,0.3870967741935484,31
EXECUTABLE,12,5000,SESSION,2022-08-02,REVERSAL,11,0.3548387096774194,31
EXECUTABLE,12,5000,SESSION,2022-08-02,NO_EXPANSION,8,0.25806451612903225,31
EXECUTABLE,12,5000,SESSION,2022-08-02,AMBIGUOUS,0,0.0,31
EXECUTABLE,12,5000,SESSION,2022-08-03,CONTINUATION,9,0.32142857142857145,28
EXECUTABLE,12,5000,SESSION,2022-08-03,REVERSAL,4,0.14285714285714285,28
EXECUTABLE,12,5000,SESSION,2022-08-03,NO_EXPANSION,15,0.5357142857142857,28
EXECUTABLE,12,5000,SESSION,2022-08-03,AMBIGUOUS,0,0.0,28
EXECUTABLE,12,5000,SESSION,2022-08-04,CONTINUATION,1,0.07692307692307693,13
EXECUTABLE,12,5000,SESSION,2022-08-04,REVERSAL,6,0.46153846153846156,13
EXECUTABLE,12,5000,SESSION,2022-08-04,NO_EXPANSION,6,0.46153846153846156,13
EXECUTABLE,12,5000,SESSION,2022-08-04,AMBIGUOUS,0,0.0,13
EXECUTABLE,12,5000,SESSION,2022-08-05,CONTINUATION,6,0.42857142857142855,14
EXECUTABLE,12,5000,SESSION,2022-08-05,REVERSAL,2,0.14285714285714285,14
EXECUTABLE,12,5000,SESSION,2022-08-05,NO_EXPANSION,6,0.42857142857142855,14
EXECUTABLE,12,5000,SESSION,2022-08-05,AMBIGUOUS,0,0.0,14
EXECUTABLE,12,5000,MONTH,2022-08,CONTINUATION,35,0.3153153153153153,111
EXECUTABLE,12,5000,MONTH,2022-08,REVERSAL,31,0.27927927927927926,111
EXECUTABLE,12,5000,MONTH,2022-08,NO_EXPANSION,45,0.40540540540540543,111
EXECUTABLE,12,5000,MONTH,2022-08,AMBIGUOUS,0,0.0,111
EXECUTABLE,12,5000,YEAR,2022,CONTINUATION,35,0.3153153153153153,111
EXECUTABLE,12,5000,YEAR,2022,REVERSAL,31,0.27927927927927926,111
EXECUTABLE,12,5000,YEAR,2022,NO_EXPANSION,45,0.40540540540540543,111
EXECUTABLE,12,5000,YEAR,2022,AMBIGUOUS,0,0.0,111
EXECUTABLE,12,5000,HOUR_NY,10,CONTINUATION,10,0.3125,32
EXECUTABLE,12,5000,HOUR_NY,10,REVERSAL,14,0.4375,32
EXECUTABLE,12,5000,HOUR_NY,10,NO_EXPANSION,8,0.25,32
EXECUTABLE,12,5000,HOUR_NY,10,AMBIGUOUS,0,0.0,32
EXECUTABLE,12,5000,HOUR_NY,11,CONTINUATION,4,0.21052631578947367,19
EXECUTABLE,12,5000,HOUR_NY,11,REVERSAL,0,0.0,19
EXECUTABLE,12,5000,HOUR_NY,11,NO_EXPANSION,15,0.7894736842105263,19
EXECUTABLE,12,5000,HOUR_NY,11,AMBIGUOUS,0,0.0,19
EXECUTABLE,12,5000,HOUR_NY,12,CONTINUATION,2,0.2222222222222222,9
EXECUTABLE,12,5000,HOUR_NY,12,REVERSAL,2,0.2222222222222222,9
EXECUTABLE,12,5000,HOUR_NY,12,NO_EXPANSION,5,0.5555555555555556,9
EXECUTABLE,12,5000,HOUR_NY,12,AMBIGUOUS,0,0.0,9
EXECUTABLE,12,5000,HOUR_NY,13,CONTINUATION,0,0.0,6
EXECUTABLE,12,5000,HOUR_NY,13,REVERSAL,1,0.16666666666666666,6
EXECUTABLE,12,5000,HOUR_NY,13,NO_EXPANSION,5,0.8333333333333334,6
EXECUTABLE,12,5000,HOUR_NY,13,AMBIGUOUS,0,0.0,6
EXECUTABLE,12,5000,HOUR_NY,14,CONTINUATION,2,0.18181818181818182,11
EXECUTABLE,12,5000,HOUR_NY,14,REVERSAL,3,0.2727272727272727,11
EXECUTABLE,12,5000,HOUR_NY,14,NO_EXPANSION,6,0.5454545454545454,11
EXECUTABLE,12,5000,HOUR_NY,14,AMBIGUOUS,0,0.0,11
EXECUTABLE,12,5000,HOUR_NY,15,CONTINUATION,3,0.25,12
EXECUTABLE,12,5000,HOUR_NY,15,REVERSAL,4,0.3333333333333333,12
EXECUTABLE,12,5000,HOUR_NY,15,NO_EXPANSION,5,0.4166666666666667,12
EXECUTABLE,12,5000,HOUR_NY,15,AMBIGUOUS,0,0.0,12
EXECUTABLE,12,5000,HOUR_NY,16,CONTINUATION,1,1.0,1
EXECUTABLE,12,5000,HOUR_NY,16,REVERSAL,0,0.0,1
EXECUTABLE,12,5000,HOUR_NY,16,NO_EXPANSION,0,0.0,1
EXECUTABLE,12,5000,HOUR_NY,16,AMBIGUOUS,0,0.0,1
EXECUTABLE,12,5000,HOUR_NY,9,CONTINUATION,13,0.6190476190476191,21
EXECUTABLE,12,5000,HOUR_NY,9,REVERSAL,7,0.3333333333333333,21
EXECUTABLE,12,5000,HOUR_NY,9,NO_EXPANSION,1,0.047619047619047616,21
EXECUTABLE,12,5000,HOUR_NY,9,AMBIGUOUS,0,0.0,21
EXECUTABLE,12,10000,ALL,ALL,CONTINUATION,48,0.43243243243243246,111
EXECUTABLE,12,10000,ALL,ALL,REVERSAL,36,0.32432432432432434,111
EXECUTABLE,12,10000,ALL,ALL,NO_EXPANSION,27,0.24324324324324326,111
EXECUTABLE,12,10000,ALL,ALL,AMBIGUOUS,0,0.0,111
EXECUTABLE,12,10000,SIDE,BUY,CONTINUATION,30,0.45454545454545453,66
EXECUTABLE,12,10000,SIDE,BUY,REVERSAL,18,0.2727272727272727,66
EXECUTABLE,12,10000,SIDE,BUY,NO_EXPANSION,18,0.2727272727272727,66
EXECUTABLE,12,10000,SIDE,BUY,AMBIGUOUS,0,0.0,66
EXECUTABLE,12,10000,SIDE,SELL,CONTINUATION,18,0.4,45
EXECUTABLE,12,10000,SIDE,SELL,REVERSAL,18,0.4,45
EXECUTABLE,12,10000,SIDE,SELL,NO_EXPANSION,9,0.2,45
EXECUTABLE,12,10000,SIDE,SELL,AMBIGUOUS,0,0.0,45
EXECUTABLE,12,10000,SESSION,2022-08-01,CONTINUATION,8,0.32,25
EXECUTABLE,12,10000,SESSION,2022-08-01,REVERSAL,10,0.4,25
EXECUTABLE,12,10000,SESSION,2022-08-01,NO_EXPANSION,7,0.28,25
EXECUTABLE,12,10000,SESSION,2022-08-01,AMBIGUOUS,0,0.0,25
EXECUTABLE,12,10000,SESSION,2022-08-02,CONTINUATION,15,0.4838709677419355,31
EXECUTABLE,12,10000,SESSION,2022-08-02,REVERSAL,12,0.3870967741935484,31
EXECUTABLE,12,10000,SESSION,2022-08-02,NO_EXPANSION,4,0.12903225806451613,31
EXECUTABLE,12,10000,SESSION,2022-08-02,AMBIGUOUS,0,0.0,31
EXECUTABLE,12,10000,SESSION,2022-08-03,CONTINUATION,13,0.4642857142857143,28
EXECUTABLE,12,10000,SESSION,2022-08-03,REVERSAL,4,0.14285714285714285,28
EXECUTABLE,12,10000,SESSION,2022-08-03,NO_EXPANSION,11,0.39285714285714285,28
EXECUTABLE,12,10000,SESSION,2022-08-03,AMBIGUOUS,0,0.0,28
EXECUTABLE,12,10000,SESSION,2022-08-04,CONTINUATION,4,0.3076923076923077,13
EXECUTABLE,12,10000,SESSION,2022-08-04,REVERSAL,6,0.46153846153846156,13
EXECUTABLE,12,10000,SESSION,2022-08-04,NO_EXPANSION,3,0.23076923076923078,13
EXECUTABLE,12,10000,SESSION,2022-08-04,AMBIGUOUS,0,0.0,13
EXECUTABLE,12,10000,SESSION,2022-08-05,CONTINUATION,8,0.5714285714285714,14
EXECUTABLE,12,10000,SESSION,2022-08-05,REVERSAL,4,0.2857142857142857,14
EXECUTABLE,12,10000,SESSION,2022-08-05,NO_EXPANSION,2,0.14285714285714285,14
EXECUTABLE,12,10000,SESSION,2022-08-05,AMBIGUOUS,0,0.0,14
EXECUTABLE,12,10000,MONTH,2022-08,CONTINUATION,48,0.43243243243243246,111
EXECUTABLE,12,10000,MONTH,2022-08,REVERSAL,36,0.32432432432432434,111
EXECUTABLE,12,10000,MONTH,2022-08,NO_EXPANSION,27,0.24324324324324326,111
EXECUTABLE,12,10000,MONTH,2022-08,AMBIGUOUS,0,0.0,111
EXECUTABLE,12,10000,YEAR,2022,CONTINUATION,48,0.43243243243243246,111
EXECUTABLE,12,10000,YEAR,2022,REVERSAL,36,0.32432432432432434,111
EXECUTABLE,12,10000,YEAR,2022,NO_EXPANSION,27,0.24324324324324326,111
EXECUTABLE,12,10000,YEAR,2022,AMBIGUOUS,0,0.0,111
EXECUTABLE,12,10000,HOUR_NY,10,CONTINUATION,13,0.40625,32
EXECUTABLE,12,10000,HOUR_NY,10,REVERSAL,16,0.5,32
EXECUTABLE,12,10000,HOUR_NY,10,NO_EXPANSION,3,0.09375,32
EXECUTABLE,12,10000,HOUR_NY,10,AMBIGUOUS,0,0.0,32
EXECUTABLE,12,10000,HOUR_NY,11,CONTINUATION,8,0.42105263157894735,19
EXECUTABLE,12,10000,HOUR_NY,11,REVERSAL,1,0.05263157894736842,19
EXECUTABLE,12,10000,HOUR_NY,11,NO_EXPANSION,10,0.5263157894736842,19
EXECUTABLE,12,10000,HOUR_NY,11,AMBIGUOUS,0,0.0,19
EXECUTABLE,12,10000,HOUR_NY,12,CONTINUATION,4,0.4444444444444444,9
EXECUTABLE,12,10000,HOUR_NY,12,REVERSAL,3,0.3333333333333333,9
EXECUTABLE,12,10000,HOUR_NY,12,NO_EXPANSION,2,0.2222222222222222,9
EXECUTABLE,12,10000,HOUR_NY,12,AMBIGUOUS,0,0.0,9
EXECUTABLE,12,10000,HOUR_NY,13,CONTINUATION,3,0.5,6
EXECUTABLE,12,10000,HOUR_NY,13,REVERSAL,1,0.16666666666666666,6
EXECUTABLE,12,10000,HOUR_NY,13,NO_EXPANSION,2,0.3333333333333333,6
EXECUTABLE,12,10000,HOUR_NY,13,AMBIGUOUS,0,0.0,6
EXECUTABLE,12,10000,HOUR_NY,14,CONTINUATION,2,0.18181818181818182,11
EXECUTABLE,12,10000,HOUR_NY,14,REVERSAL,3,0.2727272727272727,11
EXECUTABLE,12,10000,HOUR_NY,14,NO_EXPANSION,6,0.5454545454545454,11
EXECUTABLE,12,10000,HOUR_NY,14,AMBIGUOUS,0,0.0,11
EXECUTABLE,12,10000,HOUR_NY,15,CONTINUATION,4,0.3333333333333333,12
EXECUTABLE,12,10000,HOUR_NY,15,REVERSAL,5,0.4166666666666667,12
EXECUTABLE,12,10000,HOUR_NY,15,NO_EXPANSION,3,0.25,12
EXECUTABLE,12,10000,HOUR_NY,15,AMBIGUOUS,0,0.0,12
EXECUTABLE,12,10000,HOUR_NY,16,CONTINUATION,1,1.0,1
EXECUTABLE,12,10000,HOUR_NY,16,REVERSAL,0,0.0,1
EXECUTABLE,12,10000,HOUR_NY,16,NO_EXPANSION,0,0.0,1
EXECUTABLE,12,10000,HOUR_NY,16,AMBIGUOUS,0,0.0,1
EXECUTABLE,12,10000,HOUR_NY,9,CONTINUATION,13,0.6190476190476191,21
EXECUTABLE,12,10000,HOUR_NY,9,REVERSAL,7,0.3333333333333333,21
EXECUTABLE,12,10000,HOUR_NY,9,NO_EXPANSION,1,0.047619047619047616,21
EXECUTABLE,12,10000,HOUR_NY,9,AMBIGUOUS,0,0.0,21
EXECUTABLE,16,500,ALL,ALL,CONTINUATION,4,0.036036036036036036,111
EXECUTABLE,16,500,ALL,ALL,REVERSAL,4,0.036036036036036036,111
EXECUTABLE,16,500,ALL,ALL,NO_EXPANSION,103,0.9279279279279279,111
EXECUTABLE,16,500,ALL,ALL,AMBIGUOUS,0,0.0,111
EXECUTABLE,16,500,SIDE,BUY,CONTINUATION,2,0.030303030303030304,66
EXECUTABLE,16,500,SIDE,BUY,REVERSAL,4,0.06060606060606061,66
EXECUTABLE,16,500,SIDE,BUY,NO_EXPANSION,60,0.9090909090909091,66
EXECUTABLE,16,500,SIDE,BUY,AMBIGUOUS,0,0.0,66
EXECUTABLE,16,500,SIDE,SELL,CONTINUATION,2,0.044444444444444446,45
EXECUTABLE,16,500,SIDE,SELL,REVERSAL,0,0.0,45
EXECUTABLE,16,500,SIDE,SELL,NO_EXPANSION,43,0.9555555555555556,45
EXECUTABLE,16,500,SIDE,SELL,AMBIGUOUS,0,0.0,45
EXECUTABLE,16,500,SESSION,2022-08-01,CONTINUATION,1,0.04,25
EXECUTABLE,16,500,SESSION,2022-08-01,REVERSAL,0,0.0,25
EXECUTABLE,16,500,SESSION,2022-08-01,NO_EXPANSION,24,0.96,25
EXECUTABLE,16,500,SESSION,2022-08-01,AMBIGUOUS,0,0.0,25
EXECUTABLE,16,500,SESSION,2022-08-02,CONTINUATION,1,0.03225806451612903,31
EXECUTABLE,16,500,SESSION,2022-08-02,REVERSAL,2,0.06451612903225806,31
EXECUTABLE,16,500,SESSION,2022-08-02,NO_EXPANSION,28,0.9032258064516129,31
EXECUTABLE,16,500,SESSION,2022-08-02,AMBIGUOUS,0,0.0,31
EXECUTABLE,16,500,SESSION,2022-08-03,CONTINUATION,1,0.03571428571428571,28
EXECUTABLE,16,500,SESSION,2022-08-03,REVERSAL,1,0.03571428571428571,28
EXECUTABLE,16,500,SESSION,2022-08-03,NO_EXPANSION,26,0.9285714285714286,28
EXECUTABLE,16,500,SESSION,2022-08-03,AMBIGUOUS,0,0.0,28
EXECUTABLE,16,500,SESSION,2022-08-04,CONTINUATION,1,0.07692307692307693,13
EXECUTABLE,16,500,SESSION,2022-08-04,REVERSAL,1,0.07692307692307693,13
EXECUTABLE,16,500,SESSION,2022-08-04,NO_EXPANSION,11,0.8461538461538461,13
EXECUTABLE,16,500,SESSION,2022-08-04,AMBIGUOUS,0,0.0,13
EXECUTABLE,16,500,SESSION,2022-08-05,CONTINUATION,0,0.0,14
EXECUTABLE,16,500,SESSION,2022-08-05,REVERSAL,0,0.0,14
EXECUTABLE,16,500,SESSION,2022-08-05,NO_EXPANSION,14,1.0,14
EXECUTABLE,16,500,SESSION,2022-08-05,AMBIGUOUS,0,0.0,14
EXECUTABLE,16,500,MONTH,2022-08,CONTINUATION,4,0.036036036036036036,111
EXECUTABLE,16,500,MONTH,2022-08,REVERSAL,4,0.036036036036036036,111
EXECUTABLE,16,500,MONTH,2022-08,NO_EXPANSION,103,0.9279279279279279,111
EXECUTABLE,16,500,MONTH,2022-08,AMBIGUOUS,0,0.0,111
EXECUTABLE,16,500,YEAR,2022,CONTINUATION,4,0.036036036036036036,111
EXECUTABLE,16,500,YEAR,2022,REVERSAL,4,0.036036036036036036,111
EXECUTABLE,16,500,YEAR,2022,NO_EXPANSION,103,0.9279279279279279,111
EXECUTABLE,16,500,YEAR,2022,AMBIGUOUS,0,0.0,111
EXECUTABLE,16,500,HOUR_NY,10,CONTINUATION,2,0.0625,32
EXECUTABLE,16,500,HOUR_NY,10,REVERSAL,2,0.0625,32
EXECUTABLE,16,500,HOUR_NY,10,NO_EXPANSION,28,0.875,32
EXECUTABLE,16,500,HOUR_NY,10,AMBIGUOUS,0,0.0,32
EXECUTABLE,16,500,HOUR_NY,11,CONTINUATION,1,0.05263157894736842,19
EXECUTABLE,16,500,HOUR_NY,11,REVERSAL,0,0.0,19
EXECUTABLE,16,500,HOUR_NY,11,NO_EXPANSION,18,0.9473684210526315,19
EXECUTABLE,16,500,HOUR_NY,11,AMBIGUOUS,0,0.0,19
EXECUTABLE,16,500,HOUR_NY,12,CONTINUATION,0,0.0,9
EXECUTABLE,16,500,HOUR_NY,12,REVERSAL,1,0.1111111111111111,9
EXECUTABLE,16,500,HOUR_NY,12,NO_EXPANSION,8,0.8888888888888888,9
EXECUTABLE,16,500,HOUR_NY,12,AMBIGUOUS,0,0.0,9
EXECUTABLE,16,500,HOUR_NY,13,CONTINUATION,0,0.0,6
EXECUTABLE,16,500,HOUR_NY,13,REVERSAL,0,0.0,6
EXECUTABLE,16,500,HOUR_NY,13,NO_EXPANSION,6,1.0,6
EXECUTABLE,16,500,HOUR_NY,13,AMBIGUOUS,0,0.0,6
EXECUTABLE,16,500,HOUR_NY,14,CONTINUATION,1,0.09090909090909091,11
EXECUTABLE,16,500,HOUR_NY,14,REVERSAL,0,0.0,11
EXECUTABLE,16,500,HOUR_NY,14,NO_EXPANSION,10,0.9090909090909091,11
EXECUTABLE,16,500,HOUR_NY,14,AMBIGUOUS,0,0.0,11
EXECUTABLE,16,500,HOUR_NY,15,CONTINUATION,0,0.0,12
EXECUTABLE,16,500,HOUR_NY,15,REVERSAL,1,0.08333333333333333,12
EXECUTABLE,16,500,HOUR_NY,15,NO_EXPANSION,11,0.9166666666666666,12
EXECUTABLE,16,500,HOUR_NY,15,AMBIGUOUS,0,0.0,12
EXECUTABLE,16,500,HOUR_NY,16,CONTINUATION,0,0.0,1
EXECUTABLE,16,500,HOUR_NY,16,REVERSAL,0,0.0,1
EXECUTABLE,16,500,HOUR_NY,16,NO_EXPANSION,1,1.0,1
EXECUTABLE,16,500,HOUR_NY,16,AMBIGUOUS,0,0.0,1
EXECUTABLE,16,500,HOUR_NY,9,CONTINUATION,0,0.0,21
EXECUTABLE,16,500,HOUR_NY,9,REVERSAL,0,0.0,21
EXECUTABLE,16,500,HOUR_NY,9,NO_EXPANSION,21,1.0,21
EXECUTABLE,16,500,HOUR_NY,9,AMBIGUOUS,0,0.0,21
EXECUTABLE,16,1000,ALL,ALL,CONTINUATION,6,0.05405405405405406,111
EXECUTABLE,16,1000,ALL,ALL,REVERSAL,7,0.06306306306306306,111
EXECUTABLE,16,1000,ALL,ALL,NO_EXPANSION,98,0.8828828828828829,111
EXECUTABLE,16,1000,ALL,ALL,AMBIGUOUS,0,0.0,111
EXECUTABLE,16,1000,SIDE,BUY,CONTINUATION,2,0.030303030303030304,66
EXECUTABLE,16,1000,SIDE,BUY,REVERSAL,5,0.07575757575757576,66
EXECUTABLE,16,1000,SIDE,BUY,NO_EXPANSION,59,0.8939393939393939,66
EXECUTABLE,16,1000,SIDE,BUY,AMBIGUOUS,0,0.0,66
EXECUTABLE,16,1000,SIDE,SELL,CONTINUATION,4,0.08888888888888889,45
EXECUTABLE,16,1000,SIDE,SELL,REVERSAL,2,0.044444444444444446,45
EXECUTABLE,16,1000,SIDE,SELL,NO_EXPANSION,39,0.8666666666666667,45
EXECUTABLE,16,1000,SIDE,SELL,AMBIGUOUS,0,0.0,45
EXECUTABLE,16,1000,SESSION,2022-08-01,CONTINUATION,2,0.08,25
EXECUTABLE,16,1000,SESSION,2022-08-01,REVERSAL,0,0.0,25
EXECUTABLE,16,1000,SESSION,2022-08-01,NO_EXPANSION,23,0.92,25
EXECUTABLE,16,1000,SESSION,2022-08-01,AMBIGUOUS,0,0.0,25
EXECUTABLE,16,1000,SESSION,2022-08-02,CONTINUATION,1,0.03225806451612903,31
EXECUTABLE,16,1000,SESSION,2022-08-02,REVERSAL,5,0.16129032258064516,31
EXECUTABLE,16,1000,SESSION,2022-08-02,NO_EXPANSION,25,0.8064516129032258,31
EXECUTABLE,16,1000,SESSION,2022-08-02,AMBIGUOUS,0,0.0,31
EXECUTABLE,16,1000,SESSION,2022-08-03,CONTINUATION,2,0.07142857142857142,28
EXECUTABLE,16,1000,SESSION,2022-08-03,REVERSAL,1,0.03571428571428571,28
EXECUTABLE,16,1000,SESSION,2022-08-03,NO_EXPANSION,25,0.8928571428571429,28
EXECUTABLE,16,1000,SESSION,2022-08-03,AMBIGUOUS,0,0.0,28
EXECUTABLE,16,1000,SESSION,2022-08-04,CONTINUATION,1,0.07692307692307693,13
EXECUTABLE,16,1000,SESSION,2022-08-04,REVERSAL,1,0.07692307692307693,13
EXECUTABLE,16,1000,SESSION,2022-08-04,NO_EXPANSION,11,0.8461538461538461,13
EXECUTABLE,16,1000,SESSION,2022-08-04,AMBIGUOUS,0,0.0,13
EXECUTABLE,16,1000,SESSION,2022-08-05,CONTINUATION,0,0.0,14
EXECUTABLE,16,1000,SESSION,2022-08-05,REVERSAL,0,0.0,14
EXECUTABLE,16,1000,SESSION,2022-08-05,NO_EXPANSION,14,1.0,14
EXECUTABLE,16,1000,SESSION,2022-08-05,AMBIGUOUS,0,0.0,14
EXECUTABLE,16,1000,MONTH,2022-08,CONTINUATION,6,0.05405405405405406,111
EXECUTABLE,16,1000,MONTH,2022-08,REVERSAL,7,0.06306306306306306,111
EXECUTABLE,16,1000,MONTH,2022-08,NO_EXPANSION,98,0.8828828828828829,111
EXECUTABLE,16,1000,MONTH,2022-08,AMBIGUOUS,0,0.0,111
EXECUTABLE,16,1000,YEAR,2022,CONTINUATION,6,0.05405405405405406,111
EXECUTABLE,16,1000,YEAR,2022,REVERSAL,7,0.06306306306306306,111
EXECUTABLE,16,1000,YEAR,2022,NO_EXPANSION,98,0.8828828828828829,111
EXECUTABLE,16,1000,YEAR,2022,AMBIGUOUS,0,0.0,111
EXECUTABLE,16,1000,HOUR_NY,10,CONTINUATION,4,0.125,32
EXECUTABLE,16,1000,HOUR_NY,10,REVERSAL,4,0.125,32
EXECUTABLE,16,1000,HOUR_NY,10,NO_EXPANSION,24,0.75,32
EXECUTABLE,16,1000,HOUR_NY,10,AMBIGUOUS,0,0.0,32
EXECUTABLE,16,1000,HOUR_NY,11,CONTINUATION,1,0.05263157894736842,19
EXECUTABLE,16,1000,HOUR_NY,11,REVERSAL,0,0.0,19
EXECUTABLE,16,1000,HOUR_NY,11,NO_EXPANSION,18,0.9473684210526315,19
EXECUTABLE,16,1000,HOUR_NY,11,AMBIGUOUS,0,0.0,19
EXECUTABLE,16,1000,HOUR_NY,12,CONTINUATION,0,0.0,9
EXECUTABLE,16,1000,HOUR_NY,12,REVERSAL,1,0.1111111111111111,9
EXECUTABLE,16,1000,HOUR_NY,12,NO_EXPANSION,8,0.8888888888888888,9
EXECUTABLE,16,1000,HOUR_NY,12,AMBIGUOUS,0,0.0,9
EXECUTABLE,16,1000,HOUR_NY,13,CONTINUATION,0,0.0,6
EXECUTABLE,16,1000,HOUR_NY,13,REVERSAL,0,0.0,6
EXECUTABLE,16,1000,HOUR_NY,13,NO_EXPANSION,6,1.0,6
EXECUTABLE,16,1000,HOUR_NY,13,AMBIGUOUS,0,0.0,6
EXECUTABLE,16,1000,HOUR_NY,14,CONTINUATION,1,0.09090909090909091,11
EXECUTABLE,16,1000,HOUR_NY,14,REVERSAL,0,0.0,11
EXECUTABLE,16,1000,HOUR_NY,14,NO_EXPANSION,10,0.9090909090909091,11
EXECUTABLE,16,1000,HOUR_NY,14,AMBIGUOUS,0,0.0,11
EXECUTABLE,16,1000,HOUR_NY,15,CONTINUATION,0,0.0,12
EXECUTABLE,16,1000,HOUR_NY,15,REVERSAL,2,0.16666666666666666,12
EXECUTABLE,16,1000,HOUR_NY,15,NO_EXPANSION,10,0.8333333333333334,12
EXECUTABLE,16,1000,HOUR_NY,15,AMBIGUOUS,0,0.0,12
EXECUTABLE,16,1000,HOUR_NY,16,CONTINUATION,0,0.0,1
EXECUTABLE,16,1000,HOUR_NY,16,REVERSAL,0,0.0,1
EXECUTABLE,16,1000,HOUR_NY,16,NO_EXPANSION,1,1.0,1
EXECUTABLE,16,1000,HOUR_NY,16,AMBIGUOUS,0,0.0,1
EXECUTABLE,16,1000,HOUR_NY,9,CONTINUATION,0,0.0,21
EXECUTABLE,16,1000,HOUR_NY,9,REVERSAL,0,0.0,21
EXECUTABLE,16,1000,HOUR_NY,9,NO_EXPANSION,21,1.0,21
EXECUTABLE,16,1000,HOUR_NY,9,AMBIGUOUS,0,0.0,21
EXECUTABLE,16,2000,ALL,ALL,CONTINUATION,16,0.14414414414414414,111
EXECUTABLE,16,2000,ALL,ALL,REVERSAL,13,0.11711711711711711,111
EXECUTABLE,16,2000,ALL,ALL,NO_EXPANSION,82,0.7387387387387387,111
EXECUTABLE,16,2000,ALL,ALL,AMBIGUOUS,0,0.0,111
EXECUTABLE,16,2000,SIDE,BUY,CONTINUATION,7,0.10606060606060606,66
EXECUTABLE,16,2000,SIDE,BUY,REVERSAL,7,0.10606060606060606,66
EXECUTABLE,16,2000,SIDE,BUY,NO_EXPANSION,52,0.7878787878787878,66
EXECUTABLE,16,2000,SIDE,BUY,AMBIGUOUS,0,0.0,66
EXECUTABLE,16,2000,SIDE,SELL,CONTINUATION,9,0.2,45
EXECUTABLE,16,2000,SIDE,SELL,REVERSAL,6,0.13333333333333333,45
EXECUTABLE,16,2000,SIDE,SELL,NO_EXPANSION,30,0.6666666666666666,45
EXECUTABLE,16,2000,SIDE,SELL,AMBIGUOUS,0,0.0,45
EXECUTABLE,16,2000,SESSION,2022-08-01,CONTINUATION,4,0.16,25
EXECUTABLE,16,2000,SESSION,2022-08-01,REVERSAL,2,0.08,25
EXECUTABLE,16,2000,SESSION,2022-08-01,NO_EXPANSION,19,0.76,25
EXECUTABLE,16,2000,SESSION,2022-08-01,AMBIGUOUS,0,0.0,25
EXECUTABLE,16,2000,SESSION,2022-08-02,CONTINUATION,4,0.12903225806451613,31
EXECUTABLE,16,2000,SESSION,2022-08-02,REVERSAL,7,0.22580645161290322,31
EXECUTABLE,16,2000,SESSION,2022-08-02,NO_EXPANSION,20,0.6451612903225806,31
EXECUTABLE,16,2000,SESSION,2022-08-02,AMBIGUOUS,0,0.0,31
EXECUTABLE,16,2000,SESSION,2022-08-03,CONTINUATION,6,0.21428571428571427,28
EXECUTABLE,16,2000,SESSION,2022-08-03,REVERSAL,1,0.03571428571428571,28
EXECUTABLE,16,2000,SESSION,2022-08-03,NO_EXPANSION,21,0.75,28
EXECUTABLE,16,2000,SESSION,2022-08-03,AMBIGUOUS,0,0.0,28
EXECUTABLE,16,2000,SESSION,2022-08-04,CONTINUATION,1,0.07692307692307693,13
EXECUTABLE,16,2000,SESSION,2022-08-04,REVERSAL,3,0.23076923076923078,13
EXECUTABLE,16,2000,SESSION,2022-08-04,NO_EXPANSION,9,0.6923076923076923,13
EXECUTABLE,16,2000,SESSION,2022-08-04,AMBIGUOUS,0,0.0,13
EXECUTABLE,16,2000,SESSION,2022-08-05,CONTINUATION,1,0.07142857142857142,14
EXECUTABLE,16,2000,SESSION,2022-08-05,REVERSAL,0,0.0,14
EXECUTABLE,16,2000,SESSION,2022-08-05,NO_EXPANSION,13,0.9285714285714286,14
EXECUTABLE,16,2000,SESSION,2022-08-05,AMBIGUOUS,0,0.0,14
EXECUTABLE,16,2000,MONTH,2022-08,CONTINUATION,16,0.14414414414414414,111
EXECUTABLE,16,2000,MONTH,2022-08,REVERSAL,13,0.11711711711711711,111
EXECUTABLE,16,2000,MONTH,2022-08,NO_EXPANSION,82,0.7387387387387387,111
EXECUTABLE,16,2000,MONTH,2022-08,AMBIGUOUS,0,0.0,111
EXECUTABLE,16,2000,YEAR,2022,CONTINUATION,16,0.14414414414414414,111
EXECUTABLE,16,2000,YEAR,2022,REVERSAL,13,0.11711711711711711,111
EXECUTABLE,16,2000,YEAR,2022,NO_EXPANSION,82,0.7387387387387387,111
EXECUTABLE,16,2000,YEAR,2022,AMBIGUOUS,0,0.0,111
EXECUTABLE,16,2000,HOUR_NY,10,CONTINUATION,6,0.1875,32
EXECUTABLE,16,2000,HOUR_NY,10,REVERSAL,7,0.21875,32
EXECUTABLE,16,2000,HOUR_NY,10,NO_EXPANSION,19,0.59375,32
EXECUTABLE,16,2000,HOUR_NY,10,AMBIGUOUS,0,0.0,32
EXECUTABLE,16,2000,HOUR_NY,11,CONTINUATION,1,0.05263157894736842,19
EXECUTABLE,16,2000,HOUR_NY,11,REVERSAL,0,0.0,19
EXECUTABLE,16,2000,HOUR_NY,11,NO_EXPANSION,18,0.9473684210526315,19
EXECUTABLE,16,2000,HOUR_NY,11,AMBIGUOUS,0,0.0,19
EXECUTABLE,16,2000,HOUR_NY,12,CONTINUATION,0,0.0,9
EXECUTABLE,16,2000,HOUR_NY,12,REVERSAL,1,0.1111111111111111,9
EXECUTABLE,16,2000,HOUR_NY,12,NO_EXPANSION,8,0.8888888888888888,9
EXECUTABLE,16,2000,HOUR_NY,12,AMBIGUOUS,0,0.0,9
EXECUTABLE,16,2000,HOUR_NY,13,CONTINUATION,0,0.0,6
EXECUTABLE,16,2000,HOUR_NY,13,REVERSAL,1,0.16666666666666666,6
EXECUTABLE,16,2000,HOUR_NY,13,NO_EXPANSION,5,0.8333333333333334,6
EXECUTABLE,16,2000,HOUR_NY,13,AMBIGUOUS,0,0.0,6
EXECUTABLE,16,2000,HOUR_NY,14,CONTINUATION,2,0.18181818181818182,11
EXECUTABLE,16,2000,HOUR_NY,14,REVERSAL,0,0.0,11
EXECUTABLE,16,2000,HOUR_NY,14,NO_EXPANSION,9,0.8181818181818182,11
EXECUTABLE,16,2000,HOUR_NY,14,AMBIGUOUS,0,0.0,11
EXECUTABLE,16,2000,HOUR_NY,15,CONTINUATION,1,0.08333333333333333,12
EXECUTABLE,16,2000,HOUR_NY,15,REVERSAL,3,0.25,12
EXECUTABLE,16,2000,HOUR_NY,15,NO_EXPANSION,8,0.6666666666666666,12
EXECUTABLE,16,2000,HOUR_NY,15,AMBIGUOUS,0,0.0,12
EXECUTABLE,16,2000,HOUR_NY,16,CONTINUATION,1,1.0,1
EXECUTABLE,16,2000,HOUR_NY,16,REVERSAL,0,0.0,1
EXECUTABLE,16,2000,HOUR_NY,16,NO_EXPANSION,0,0.0,1
EXECUTABLE,16,2000,HOUR_NY,16,AMBIGUOUS,0,0.0,1
EXECUTABLE,16,2000,HOUR_NY,9,CONTINUATION,5,0.23809523809523808,21
EXECUTABLE,16,2000,HOUR_NY,9,REVERSAL,1,0.047619047619047616,21
EXECUTABLE,16,2000,HOUR_NY,9,NO_EXPANSION,15,0.7142857142857143,21
EXECUTABLE,16,2000,HOUR_NY,9,AMBIGUOUS,0,0.0,21
EXECUTABLE,16,5000,ALL,ALL,CONTINUATION,29,0.26126126126126126,111
EXECUTABLE,16,5000,ALL,ALL,REVERSAL,25,0.22522522522522523,111
EXECUTABLE,16,5000,ALL,ALL,NO_EXPANSION,57,0.5135135135135135,111
EXECUTABLE,16,5000,ALL,ALL,AMBIGUOUS,0,0.0,111
EXECUTABLE,16,5000,SIDE,BUY,CONTINUATION,19,0.2878787878787879,66
EXECUTABLE,16,5000,SIDE,BUY,REVERSAL,14,0.21212121212121213,66
EXECUTABLE,16,5000,SIDE,BUY,NO_EXPANSION,33,0.5,66
EXECUTABLE,16,5000,SIDE,BUY,AMBIGUOUS,0,0.0,66
EXECUTABLE,16,5000,SIDE,SELL,CONTINUATION,10,0.2222222222222222,45
EXECUTABLE,16,5000,SIDE,SELL,REVERSAL,11,0.24444444444444444,45
EXECUTABLE,16,5000,SIDE,SELL,NO_EXPANSION,24,0.5333333333333333,45
EXECUTABLE,16,5000,SIDE,SELL,AMBIGUOUS,0,0.0,45
EXECUTABLE,16,5000,SESSION,2022-08-01,CONTINUATION,7,0.28,25
EXECUTABLE,16,5000,SESSION,2022-08-01,REVERSAL,4,0.16,25
EXECUTABLE,16,5000,SESSION,2022-08-01,NO_EXPANSION,14,0.56,25
EXECUTABLE,16,5000,SESSION,2022-08-01,AMBIGUOUS,0,0.0,25
EXECUTABLE,16,5000,SESSION,2022-08-02,CONTINUATION,9,0.2903225806451613,31
EXECUTABLE,16,5000,SESSION,2022-08-02,REVERSAL,12,0.3870967741935484,31
EXECUTABLE,16,5000,SESSION,2022-08-02,NO_EXPANSION,10,0.3225806451612903,31
EXECUTABLE,16,5000,SESSION,2022-08-02,AMBIGUOUS,0,0.0,31
EXECUTABLE,16,5000,SESSION,2022-08-03,CONTINUATION,7,0.25,28
EXECUTABLE,16,5000,SESSION,2022-08-03,REVERSAL,3,0.10714285714285714,28
EXECUTABLE,16,5000,SESSION,2022-08-03,NO_EXPANSION,18,0.6428571428571429,28
EXECUTABLE,16,5000,SESSION,2022-08-03,AMBIGUOUS,0,0.0,28
EXECUTABLE,16,5000,SESSION,2022-08-04,CONTINUATION,1,0.07692307692307693,13
EXECUTABLE,16,5000,SESSION,2022-08-04,REVERSAL,6,0.46153846153846156,13
EXECUTABLE,16,5000,SESSION,2022-08-04,NO_EXPANSION,6,0.46153846153846156,13
EXECUTABLE,16,5000,SESSION,2022-08-04,AMBIGUOUS,0,0.0,13
EXECUTABLE,16,5000,SESSION,2022-08-05,CONTINUATION,5,0.35714285714285715,14
EXECUTABLE,16,5000,SESSION,2022-08-05,REVERSAL,0,0.0,14
EXECUTABLE,16,5000,SESSION,2022-08-05,NO_EXPANSION,9,0.6428571428571429,14
EXECUTABLE,16,5000,SESSION,2022-08-05,AMBIGUOUS,0,0.0,14
EXECUTABLE,16,5000,MONTH,2022-08,CONTINUATION,29,0.26126126126126126,111
EXECUTABLE,16,5000,MONTH,2022-08,REVERSAL,25,0.22522522522522523,111
EXECUTABLE,16,5000,MONTH,2022-08,NO_EXPANSION,57,0.5135135135135135,111
EXECUTABLE,16,5000,MONTH,2022-08,AMBIGUOUS,0,0.0,111
EXECUTABLE,16,5000,YEAR,2022,CONTINUATION,29,0.26126126126126126,111
EXECUTABLE,16,5000,YEAR,2022,REVERSAL,25,0.22522522522522523,111
EXECUTABLE,16,5000,YEAR,2022,NO_EXPANSION,57,0.5135135135135135,111
EXECUTABLE,16,5000,YEAR,2022,AMBIGUOUS,0,0.0,111
EXECUTABLE,16,5000,HOUR_NY,10,CONTINUATION,10,0.3125,32
EXECUTABLE,16,5000,HOUR_NY,10,REVERSAL,10,0.3125,32
EXECUTABLE,16,5000,HOUR_NY,10,NO_EXPANSION,12,0.375,32
EXECUTABLE,16,5000,HOUR_NY,10,AMBIGUOUS,0,0.0,32
EXECUTABLE,16,5000,HOUR_NY,11,CONTINUATION,3,0.15789473684210525,19
EXECUTABLE,16,5000,HOUR_NY,11,REVERSAL,0,0.0,19
EXECUTABLE,16,5000,HOUR_NY,11,NO_EXPANSION,16,0.8421052631578947,19
EXECUTABLE,16,5000,HOUR_NY,11,AMBIGUOUS,0,0.0,19
EXECUTABLE,16,5000,HOUR_NY,12,CONTINUATION,1,0.1111111111111111,9
EXECUTABLE,16,5000,HOUR_NY,12,REVERSAL,1,0.1111111111111111,9
EXECUTABLE,16,5000,HOUR_NY,12,NO_EXPANSION,7,0.7777777777777778,9
EXECUTABLE,16,5000,HOUR_NY,12,AMBIGUOUS,0,0.0,9
EXECUTABLE,16,5000,HOUR_NY,13,CONTINUATION,0,0.0,6
EXECUTABLE,16,5000,HOUR_NY,13,REVERSAL,1,0.16666666666666666,6
EXECUTABLE,16,5000,HOUR_NY,13,NO_EXPANSION,5,0.8333333333333334,6
EXECUTABLE,16,5000,HOUR_NY,13,AMBIGUOUS,0,0.0,6
EXECUTABLE,16,5000,HOUR_NY,14,CONTINUATION,2,0.18181818181818182,11
EXECUTABLE,16,5000,HOUR_NY,14,REVERSAL,2,0.18181818181818182,11
EXECUTABLE,16,5000,HOUR_NY,14,NO_EXPANSION,7,0.6363636363636364,11
EXECUTABLE,16,5000,HOUR_NY,14,AMBIGUOUS,0,0.0,11
EXECUTABLE,16,5000,HOUR_NY,15,CONTINUATION,2,0.16666666666666666,12
EXECUTABLE,16,5000,HOUR_NY,15,REVERSAL,4,0.3333333333333333,12
EXECUTABLE,16,5000,HOUR_NY,15,NO_EXPANSION,6,0.5,12
EXECUTABLE,16,5000,HOUR_NY,15,AMBIGUOUS,0,0.0,12
EXECUTABLE,16,5000,HOUR_NY,16,CONTINUATION,1,1.0,1
EXECUTABLE,16,5000,HOUR_NY,16,REVERSAL,0,0.0,1
EXECUTABLE,16,5000,HOUR_NY,16,NO_EXPANSION,0,0.0,1
EXECUTABLE,16,5000,HOUR_NY,16,AMBIGUOUS,0,0.0,1
EXECUTABLE,16,5000,HOUR_NY,9,CONTINUATION,10,0.47619047619047616,21
EXECUTABLE,16,5000,HOUR_NY,9,REVERSAL,7,0.3333333333333333,21
EXECUTABLE,16,5000,HOUR_NY,9,NO_EXPANSION,4,0.19047619047619047,21
EXECUTABLE,16,5000,HOUR_NY,9,AMBIGUOUS,0,0.0,21
EXECUTABLE,16,10000,ALL,ALL,CONTINUATION,41,0.36936936936936937,111
EXECUTABLE,16,10000,ALL,ALL,REVERSAL,31,0.27927927927927926,111
EXECUTABLE,16,10000,ALL,ALL,NO_EXPANSION,39,0.35135135135135137,111
EXECUTABLE,16,10000,ALL,ALL,AMBIGUOUS,0,0.0,111
EXECUTABLE,16,10000,SIDE,BUY,CONTINUATION,25,0.3787878787878788,66
EXECUTABLE,16,10000,SIDE,BUY,REVERSAL,16,0.24242424242424243,66
EXECUTABLE,16,10000,SIDE,BUY,NO_EXPANSION,25,0.3787878787878788,66
EXECUTABLE,16,10000,SIDE,BUY,AMBIGUOUS,0,0.0,66
EXECUTABLE,16,10000,SIDE,SELL,CONTINUATION,16,0.35555555555555557,45
EXECUTABLE,16,10000,SIDE,SELL,REVERSAL,15,0.3333333333333333,45
EXECUTABLE,16,10000,SIDE,SELL,NO_EXPANSION,14,0.3111111111111111,45
EXECUTABLE,16,10000,SIDE,SELL,AMBIGUOUS,0,0.0,45
EXECUTABLE,16,10000,SESSION,2022-08-01,CONTINUATION,8,0.32,25
EXECUTABLE,16,10000,SESSION,2022-08-01,REVERSAL,7,0.28,25
EXECUTABLE,16,10000,SESSION,2022-08-01,NO_EXPANSION,10,0.4,25
EXECUTABLE,16,10000,SESSION,2022-08-01,AMBIGUOUS,0,0.0,25
EXECUTABLE,16,10000,SESSION,2022-08-02,CONTINUATION,11,0.3548387096774194,31
EXECUTABLE,16,10000,SESSION,2022-08-02,REVERSAL,13,0.41935483870967744,31
EXECUTABLE,16,10000,SESSION,2022-08-02,NO_EXPANSION,7,0.22580645161290322,31
EXECUTABLE,16,10000,SESSION,2022-08-02,AMBIGUOUS,0,0.0,31
EXECUTABLE,16,10000,SESSION,2022-08-03,CONTINUATION,12,0.42857142857142855,28
EXECUTABLE,16,10000,SESSION,2022-08-03,REVERSAL,3,0.10714285714285714,28
EXECUTABLE,16,10000,SESSION,2022-08-03,NO_EXPANSION,13,0.4642857142857143,28
EXECUTABLE,16,10000,SESSION,2022-08-03,AMBIGUOUS,0,0.0,28
EXECUTABLE,16,10000,SESSION,2022-08-04,CONTINUATION,2,0.15384615384615385,13
EXECUTABLE,16,10000,SESSION,2022-08-04,REVERSAL,6,0.46153846153846156,13
EXECUTABLE,16,10000,SESSION,2022-08-04,NO_EXPANSION,5,0.38461538461538464,13
EXECUTABLE,16,10000,SESSION,2022-08-04,AMBIGUOUS,0,0.0,13
EXECUTABLE,16,10000,SESSION,2022-08-05,CONTINUATION,8,0.5714285714285714,14
EXECUTABLE,16,10000,SESSION,2022-08-05,REVERSAL,2,0.14285714285714285,14
EXECUTABLE,16,10000,SESSION,2022-08-05,NO_EXPANSION,4,0.2857142857142857,14
EXECUTABLE,16,10000,SESSION,2022-08-05,AMBIGUOUS,0,0.0,14
EXECUTABLE,16,10000,MONTH,2022-08,CONTINUATION,41,0.36936936936936937,111
EXECUTABLE,16,10000,MONTH,2022-08,REVERSAL,31,0.27927927927927926,111
EXECUTABLE,16,10000,MONTH,2022-08,NO_EXPANSION,39,0.35135135135135137,111
EXECUTABLE,16,10000,MONTH,2022-08,AMBIGUOUS,0,0.0,111
EXECUTABLE,16,10000,YEAR,2022,CONTINUATION,41,0.36936936936936937,111
EXECUTABLE,16,10000,YEAR,2022,REVERSAL,31,0.27927927927927926,111
EXECUTABLE,16,10000,YEAR,2022,NO_EXPANSION,39,0.35135135135135137,111
EXECUTABLE,16,10000,YEAR,2022,AMBIGUOUS,0,0.0,111
EXECUTABLE,16,10000,HOUR_NY,10,CONTINUATION,14,0.4375,32
EXECUTABLE,16,10000,HOUR_NY,10,REVERSAL,13,0.40625,32
EXECUTABLE,16,10000,HOUR_NY,10,NO_EXPANSION,5,0.15625,32
EXECUTABLE,16,10000,HOUR_NY,10,AMBIGUOUS,0,0.0,32
EXECUTABLE,16,10000,HOUR_NY,11,CONTINUATION,6,0.3157894736842105,19
EXECUTABLE,16,10000,HOUR_NY,11,REVERSAL,1,0.05263157894736842,19
EXECUTABLE,16,10000,HOUR_NY,11,NO_EXPANSION,12,0.631578947368421,19
EXECUTABLE,16,10000,HOUR_NY,11,AMBIGUOUS,0,0.0,19
EXECUTABLE,16,10000,HOUR_NY,12,CONTINUATION,2,0.2222222222222222,9
EXECUTABLE,16,10000,HOUR_NY,12,REVERSAL,2,0.2222222222222222,9
EXECUTABLE,16,10000,HOUR_NY,12,NO_EXPANSION,5,0.5555555555555556,9
EXECUTABLE,16,10000,HOUR_NY,12,AMBIGUOUS,0,0.0,9
EXECUTABLE,16,10000,HOUR_NY,13,CONTINUATION,2,0.3333333333333333,6
EXECUTABLE,16,10000,HOUR_NY,13,REVERSAL,1,0.16666666666666666,6
EXECUTABLE,16,10000,HOUR_NY,13,NO_EXPANSION,3,0.5,6
EXECUTABLE,16,10000,HOUR_NY,13,AMBIGUOUS,0,0.0,6
EXECUTABLE,16,10000,HOUR_NY,14,CONTINUATION,2,0.18181818181818182,11
EXECUTABLE,16,10000,HOUR_NY,14,REVERSAL,2,0.18181818181818182,11
EXECUTABLE,16,10000,HOUR_NY,14,NO_EXPANSION,7,0.6363636363636364,11
EXECUTABLE,16,10000,HOUR_NY,14,AMBIGUOUS,0,0.0,11
EXECUTABLE,16,10000,HOUR_NY,15,CONTINUATION,3,0.25,12
EXECUTABLE,16,10000,HOUR_NY,15,REVERSAL,5,0.4166666666666667,12
EXECUTABLE,16,10000,HOUR_NY,15,NO_EXPANSION,4,0.3333333333333333,12
EXECUTABLE,16,10000,HOUR_NY,15,AMBIGUOUS,0,0.0,12
EXECUTABLE,16,10000,HOUR_NY,16,CONTINUATION,1,1.0,1
EXECUTABLE,16,10000,HOUR_NY,16,REVERSAL,0,0.0,1
EXECUTABLE,16,10000,HOUR_NY,16,NO_EXPANSION,0,0.0,1
EXECUTABLE,16,10000,HOUR_NY,16,AMBIGUOUS,0,0.0,1
EXECUTABLE,16,10000,HOUR_NY,9,CONTINUATION,11,0.5238095238095238,21
EXECUTABLE,16,10000,HOUR_NY,9,REVERSAL,7,0.3333333333333333,21
EXECUTABLE,16,10000,HOUR_NY,9,NO_EXPANSION,3,0.14285714285714285,21
EXECUTABLE,16,10000,HOUR_NY,9,AMBIGUOUS,0,0.0,21
LAST_TRADE,4,500,ALL,ALL,CONTINUATION,39,0.35135135135135137,111
LAST_TRADE,4,500,ALL,ALL,REVERSAL,42,0.3783783783783784,111
LAST_TRADE,4,500,ALL,ALL,NO_EXPANSION,26,0.23423423423423423,111
LAST_TRADE,4,500,ALL,ALL,AMBIGUOUS,4,0.036036036036036036,111
LAST_TRADE,4,500,SIDE,BUY,CONTINUATION,23,0.3484848484848485,66
LAST_TRADE,4,500,SIDE,BUY,REVERSAL,28,0.42424242424242425,66
LAST_TRADE,4,500,SIDE,BUY,NO_EXPANSION,12,0.18181818181818182,66
LAST_TRADE,4,500,SIDE,BUY,AMBIGUOUS,3,0.045454545454545456,66
LAST_TRADE,4,500,SIDE,SELL,CONTINUATION,16,0.35555555555555557,45
LAST_TRADE,4,500,SIDE,SELL,REVERSAL,14,0.3111111111111111,45
LAST_TRADE,4,500,SIDE,SELL,NO_EXPANSION,14,0.3111111111111111,45
LAST_TRADE,4,500,SIDE,SELL,AMBIGUOUS,1,0.022222222222222223,45
LAST_TRADE,4,500,SESSION,2022-08-01,CONTINUATION,9,0.36,25
LAST_TRADE,4,500,SESSION,2022-08-01,REVERSAL,11,0.44,25
LAST_TRADE,4,500,SESSION,2022-08-01,NO_EXPANSION,4,0.16,25
LAST_TRADE,4,500,SESSION,2022-08-01,AMBIGUOUS,1,0.04,25
LAST_TRADE,4,500,SESSION,2022-08-02,CONTINUATION,9,0.2903225806451613,31
LAST_TRADE,4,500,SESSION,2022-08-02,REVERSAL,14,0.45161290322580644,31
LAST_TRADE,4,500,SESSION,2022-08-02,NO_EXPANSION,5,0.16129032258064516,31
LAST_TRADE,4,500,SESSION,2022-08-02,AMBIGUOUS,3,0.0967741935483871,31
LAST_TRADE,4,500,SESSION,2022-08-03,CONTINUATION,11,0.39285714285714285,28
LAST_TRADE,4,500,SESSION,2022-08-03,REVERSAL,8,0.2857142857142857,28
LAST_TRADE,4,500,SESSION,2022-08-03,NO_EXPANSION,9,0.32142857142857145,28
LAST_TRADE,4,500,SESSION,2022-08-03,AMBIGUOUS,0,0.0,28
LAST_TRADE,4,500,SESSION,2022-08-04,CONTINUATION,3,0.23076923076923078,13
LAST_TRADE,4,500,SESSION,2022-08-04,REVERSAL,6,0.46153846153846156,13
LAST_TRADE,4,500,SESSION,2022-08-04,NO_EXPANSION,4,0.3076923076923077,13
LAST_TRADE,4,500,SESSION,2022-08-04,AMBIGUOUS,0,0.0,13
LAST_TRADE,4,500,SESSION,2022-08-05,CONTINUATION,7,0.5,14
LAST_TRADE,4,500,SESSION,2022-08-05,REVERSAL,3,0.21428571428571427,14
LAST_TRADE,4,500,SESSION,2022-08-05,NO_EXPANSION,4,0.2857142857142857,14
LAST_TRADE,4,500,SESSION,2022-08-05,AMBIGUOUS,0,0.0,14
LAST_TRADE,4,500,MONTH,2022-08,CONTINUATION,39,0.35135135135135137,111
LAST_TRADE,4,500,MONTH,2022-08,REVERSAL,42,0.3783783783783784,111
LAST_TRADE,4,500,MONTH,2022-08,NO_EXPANSION,26,0.23423423423423423,111
LAST_TRADE,4,500,MONTH,2022-08,AMBIGUOUS,4,0.036036036036036036,111
LAST_TRADE,4,500,YEAR,2022,CONTINUATION,39,0.35135135135135137,111
LAST_TRADE,4,500,YEAR,2022,REVERSAL,42,0.3783783783783784,111
LAST_TRADE,4,500,YEAR,2022,NO_EXPANSION,26,0.23423423423423423,111
LAST_TRADE,4,500,YEAR,2022,AMBIGUOUS,4,0.036036036036036036,111
LAST_TRADE,4,500,HOUR_NY,10,CONTINUATION,12,0.375,32
LAST_TRADE,4,500,HOUR_NY,10,REVERSAL,16,0.5,32
LAST_TRADE,4,500,HOUR_NY,10,NO_EXPANSION,2,0.0625,32
LAST_TRADE,4,500,HOUR_NY,10,AMBIGUOUS,2,0.0625,32
LAST_TRADE,4,500,HOUR_NY,11,CONTINUATION,4,0.21052631578947367,19
LAST_TRADE,4,500,HOUR_NY,11,REVERSAL,4,0.21052631578947367,19
LAST_TRADE,4,500,HOUR_NY,11,NO_EXPANSION,11,0.5789473684210527,19
LAST_TRADE,4,500,HOUR_NY,11,AMBIGUOUS,0,0.0,19
LAST_TRADE,4,500,HOUR_NY,12,CONTINUATION,5,0.5555555555555556,9
LAST_TRADE,4,500,HOUR_NY,12,REVERSAL,4,0.4444444444444444,9
LAST_TRADE,4,500,HOUR_NY,12,NO_EXPANSION,0,0.0,9
LAST_TRADE,4,500,HOUR_NY,12,AMBIGUOUS,0,0.0,9
LAST_TRADE,4,500,HOUR_NY,13,CONTINUATION,1,0.16666666666666666,6
LAST_TRADE,4,500,HOUR_NY,13,REVERSAL,1,0.16666666666666666,6
LAST_TRADE,4,500,HOUR_NY,13,NO_EXPANSION,3,0.5,6
LAST_TRADE,4,500,HOUR_NY,13,AMBIGUOUS,1,0.16666666666666666,6
LAST_TRADE,4,500,HOUR_NY,14,CONTINUATION,3,0.2727272727272727,11
LAST_TRADE,4,500,HOUR_NY,14,REVERSAL,4,0.36363636363636365,11
LAST_TRADE,4,500,HOUR_NY,14,NO_EXPANSION,4,0.36363636363636365,11
LAST_TRADE,4,500,HOUR_NY,14,AMBIGUOUS,0,0.0,11
LAST_TRADE,4,500,HOUR_NY,15,CONTINUATION,5,0.4166666666666667,12
LAST_TRADE,4,500,HOUR_NY,15,REVERSAL,1,0.08333333333333333,12
LAST_TRADE,4,500,HOUR_NY,15,NO_EXPANSION,5,0.4166666666666667,12
LAST_TRADE,4,500,HOUR_NY,15,AMBIGUOUS,1,0.08333333333333333,12
LAST_TRADE,4,500,HOUR_NY,16,CONTINUATION,1,1.0,1
LAST_TRADE,4,500,HOUR_NY,16,REVERSAL,0,0.0,1
LAST_TRADE,4,500,HOUR_NY,16,NO_EXPANSION,0,0.0,1
LAST_TRADE,4,500,HOUR_NY,16,AMBIGUOUS,0,0.0,1
LAST_TRADE,4,500,HOUR_NY,9,CONTINUATION,8,0.38095238095238093,21
LAST_TRADE,4,500,HOUR_NY,9,REVERSAL,12,0.5714285714285714,21
LAST_TRADE,4,500,HOUR_NY,9,NO_EXPANSION,1,0.047619047619047616,21
LAST_TRADE,4,500,HOUR_NY,9,AMBIGUOUS,0,0.0,21
LAST_TRADE,4,1000,ALL,ALL,CONTINUATION,43,0.38738738738738737,111
LAST_TRADE,4,1000,ALL,ALL,REVERSAL,50,0.45045045045045046,111
LAST_TRADE,4,1000,ALL,ALL,NO_EXPANSION,13,0.11711711711711711,111
LAST_TRADE,4,1000,ALL,ALL,AMBIGUOUS,5,0.04504504504504504,111
LAST_TRADE,4,1000,SIDE,BUY,CONTINUATION,24,0.36363636363636365,66
LAST_TRADE,4,1000,SIDE,BUY,REVERSAL,32,0.48484848484848486,66
LAST_TRADE,4,1000,SIDE,BUY,NO_EXPANSION,7,0.10606060606060606,66
LAST_TRADE,4,1000,SIDE,BUY,AMBIGUOUS,3,0.045454545454545456,66
LAST_TRADE,4,1000,SIDE,SELL,CONTINUATION,19,0.4222222222222222,45
LAST_TRADE,4,1000,SIDE,SELL,REVERSAL,18,0.4,45
LAST_TRADE,4,1000,SIDE,SELL,NO_EXPANSION,6,0.13333333333333333,45
LAST_TRADE,4,1000,SIDE,SELL,AMBIGUOUS,2,0.044444444444444446,45
LAST_TRADE,4,1000,SESSION,2022-08-01,CONTINUATION,12,0.48,25
LAST_TRADE,4,1000,SESSION,2022-08-01,REVERSAL,11,0.44,25
LAST_TRADE,4,1000,SESSION,2022-08-01,NO_EXPANSION,1,0.04,25
LAST_TRADE,4,1000,SESSION,2022-08-01,AMBIGUOUS,1,0.04,25
LAST_TRADE,4,1000,SESSION,2022-08-02,CONTINUATION,8,0.25806451612903225,31
LAST_TRADE,4,1000,SESSION,2022-08-02,REVERSAL,18,0.5806451612903226,31
LAST_TRADE,4,1000,SESSION,2022-08-02,NO_EXPANSION,1,0.03225806451612903,31
LAST_TRADE,4,1000,SESSION,2022-08-02,AMBIGUOUS,4,0.12903225806451613,31
LAST_TRADE,4,1000,SESSION,2022-08-03,CONTINUATION,13,0.4642857142857143,28
LAST_TRADE,4,1000,SESSION,2022-08-03,REVERSAL,11,0.39285714285714285,28
LAST_TRADE,4,1000,SESSION,2022-08-03,NO_EXPANSION,4,0.14285714285714285,28
LAST_TRADE,4,1000,SESSION,2022-08-03,AMBIGUOUS,0,0.0,28
LAST_TRADE,4,1000,SESSION,2022-08-04,CONTINUATION,3,0.23076923076923078,13
LAST_TRADE,4,1000,SESSION,2022-08-04,REVERSAL,6,0.46153846153846156,13
LAST_TRADE,4,1000,SESSION,2022-08-04,NO_EXPANSION,4,0.3076923076923077,13
LAST_TRADE,4,1000,SESSION,2022-08-04,AMBIGUOUS,0,0.0,13
LAST_TRADE,4,1000,SESSION,2022-08-05,CONTINUATION,7,0.5,14
LAST_TRADE,4,1000,SESSION,2022-08-05,REVERSAL,4,0.2857142857142857,14
LAST_TRADE,4,1000,SESSION,2022-08-05,NO_EXPANSION,3,0.21428571428571427,14
LAST_TRADE,4,1000,SESSION,2022-08-05,AMBIGUOUS,0,0.0,14
LAST_TRADE,4,1000,MONTH,2022-08,CONTINUATION,43,0.38738738738738737,111
LAST_TRADE,4,1000,MONTH,2022-08,REVERSAL,50,0.45045045045045046,111
LAST_TRADE,4,1000,MONTH,2022-08,NO_EXPANSION,13,0.11711711711711711,111
LAST_TRADE,4,1000,MONTH,2022-08,AMBIGUOUS,5,0.04504504504504504,111
LAST_TRADE,4,1000,YEAR,2022,CONTINUATION,43,0.38738738738738737,111
LAST_TRADE,4,1000,YEAR,2022,REVERSAL,50,0.45045045045045046,111
LAST_TRADE,4,1000,YEAR,2022,NO_EXPANSION,13,0.11711711711711711,111
LAST_TRADE,4,1000,YEAR,2022,AMBIGUOUS,5,0.04504504504504504,111
LAST_TRADE,4,1000,HOUR_NY,10,CONTINUATION,11,0.34375,32
LAST_TRADE,4,1000,HOUR_NY,10,REVERSAL,16,0.5,32
LAST_TRADE,4,1000,HOUR_NY,10,NO_EXPANSION,2,0.0625,32
LAST_TRADE,4,1000,HOUR_NY,10,AMBIGUOUS,3,0.09375,32
LAST_TRADE,4,1000,HOUR_NY,11,CONTINUATION,5,0.2631578947368421,19
LAST_TRADE,4,1000,HOUR_NY,11,REVERSAL,8,0.42105263157894735,19
LAST_TRADE,4,1000,HOUR_NY,11,NO_EXPANSION,6,0.3157894736842105,19
LAST_TRADE,4,1000,HOUR_NY,11,AMBIGUOUS,0,0.0,19
LAST_TRADE,4,1000,HOUR_NY,12,CONTINUATION,5,0.5555555555555556,9
LAST_TRADE,4,1000,HOUR_NY,12,REVERSAL,4,0.4444444444444444,9
LAST_TRADE,4,1000,HOUR_NY,12,NO_EXPANSION,0,0.0,9
LAST_TRADE,4,1000,HOUR_NY,12,AMBIGUOUS,0,0.0,9
LAST_TRADE,4,1000,HOUR_NY,13,CONTINUATION,2,0.3333333333333333,6
LAST_TRADE,4,1000,HOUR_NY,13,REVERSAL,1,0.16666666666666666,6
LAST_TRADE,4,1000,HOUR_NY,13,NO_EXPANSION,2,0.3333333333333333,6
LAST_TRADE,4,1000,HOUR_NY,13,AMBIGUOUS,1,0.16666666666666666,6
LAST_TRADE,4,1000,HOUR_NY,14,CONTINUATION,4,0.36363636363636365,11
LAST_TRADE,4,1000,HOUR_NY,14,REVERSAL,5,0.45454545454545453,11
LAST_TRADE,4,1000,HOUR_NY,14,NO_EXPANSION,2,0.18181818181818182,11
LAST_TRADE,4,1000,HOUR_NY,14,AMBIGUOUS,0,0.0,11
LAST_TRADE,4,1000,HOUR_NY,15,CONTINUATION,6,0.5,12
LAST_TRADE,4,1000,HOUR_NY,15,REVERSAL,4,0.3333333333333333,12
LAST_TRADE,4,1000,HOUR_NY,15,NO_EXPANSION,1,0.08333333333333333,12
LAST_TRADE,4,1000,HOUR_NY,15,AMBIGUOUS,1,0.08333333333333333,12
LAST_TRADE,4,1000,HOUR_NY,16,CONTINUATION,1,1.0,1
LAST_TRADE,4,1000,HOUR_NY,16,REVERSAL,0,0.0,1
LAST_TRADE,4,1000,HOUR_NY,16,NO_EXPANSION,0,0.0,1
LAST_TRADE,4,1000,HOUR_NY,16,AMBIGUOUS,0,0.0,1
LAST_TRADE,4,1000,HOUR_NY,9,CONTINUATION,9,0.42857142857142855,21
LAST_TRADE,4,1000,HOUR_NY,9,REVERSAL,12,0.5714285714285714,21
LAST_TRADE,4,1000,HOUR_NY,9,NO_EXPANSION,0,0.0,21
LAST_TRADE,4,1000,HOUR_NY,9,AMBIGUOUS,0,0.0,21
LAST_TRADE,4,2000,ALL,ALL,CONTINUATION,44,0.3963963963963964,111
LAST_TRADE,4,2000,ALL,ALL,REVERSAL,55,0.4954954954954955,111
LAST_TRADE,4,2000,ALL,ALL,NO_EXPANSION,7,0.06306306306306306,111
LAST_TRADE,4,2000,ALL,ALL,AMBIGUOUS,5,0.04504504504504504,111
LAST_TRADE,4,2000,SIDE,BUY,CONTINUATION,24,0.36363636363636365,66
LAST_TRADE,4,2000,SIDE,BUY,REVERSAL,35,0.5303030303030303,66
LAST_TRADE,4,2000,SIDE,BUY,NO_EXPANSION,4,0.06060606060606061,66
LAST_TRADE,4,2000,SIDE,BUY,AMBIGUOUS,3,0.045454545454545456,66
LAST_TRADE,4,2000,SIDE,SELL,CONTINUATION,20,0.4444444444444444,45
LAST_TRADE,4,2000,SIDE,SELL,REVERSAL,20,0.4444444444444444,45
LAST_TRADE,4,2000,SIDE,SELL,NO_EXPANSION,3,0.06666666666666667,45
LAST_TRADE,4,2000,SIDE,SELL,AMBIGUOUS,2,0.044444444444444446,45
LAST_TRADE,4,2000,SESSION,2022-08-01,CONTINUATION,12,0.48,25
LAST_TRADE,4,2000,SESSION,2022-08-01,REVERSAL,11,0.44,25
LAST_TRADE,4,2000,SESSION,2022-08-01,NO_EXPANSION,1,0.04,25
LAST_TRADE,4,2000,SESSION,2022-08-01,AMBIGUOUS,1,0.04,25
LAST_TRADE,4,2000,SESSION,2022-08-02,CONTINUATION,8,0.25806451612903225,31
LAST_TRADE,4,2000,SESSION,2022-08-02,REVERSAL,18,0.5806451612903226,31
LAST_TRADE,4,2000,SESSION,2022-08-02,NO_EXPANSION,1,0.03225806451612903,31
LAST_TRADE,4,2000,SESSION,2022-08-02,AMBIGUOUS,4,0.12903225806451613,31
LAST_TRADE,4,2000,SESSION,2022-08-03,CONTINUATION,13,0.4642857142857143,28
LAST_TRADE,4,2000,SESSION,2022-08-03,REVERSAL,13,0.4642857142857143,28
LAST_TRADE,4,2000,SESSION,2022-08-03,NO_EXPANSION,2,0.07142857142857142,28
LAST_TRADE,4,2000,SESSION,2022-08-03,AMBIGUOUS,0,0.0,28
LAST_TRADE,4,2000,SESSION,2022-08-04,CONTINUATION,3,0.23076923076923078,13
LAST_TRADE,4,2000,SESSION,2022-08-04,REVERSAL,7,0.5384615384615384,13
LAST_TRADE,4,2000,SESSION,2022-08-04,NO_EXPANSION,3,0.23076923076923078,13
LAST_TRADE,4,2000,SESSION,2022-08-04,AMBIGUOUS,0,0.0,13
LAST_TRADE,4,2000,SESSION,2022-08-05,CONTINUATION,8,0.5714285714285714,14
LAST_TRADE,4,2000,SESSION,2022-08-05,REVERSAL,6,0.42857142857142855,14
LAST_TRADE,4,2000,SESSION,2022-08-05,NO_EXPANSION,0,0.0,14
LAST_TRADE,4,2000,SESSION,2022-08-05,AMBIGUOUS,0,0.0,14
LAST_TRADE,4,2000,MONTH,2022-08,CONTINUATION,44,0.3963963963963964,111
LAST_TRADE,4,2000,MONTH,2022-08,REVERSAL,55,0.4954954954954955,111
LAST_TRADE,4,2000,MONTH,2022-08,NO_EXPANSION,7,0.06306306306306306,111
LAST_TRADE,4,2000,MONTH,2022-08,AMBIGUOUS,5,0.04504504504504504,111
LAST_TRADE,4,2000,YEAR,2022,CONTINUATION,44,0.3963963963963964,111
LAST_TRADE,4,2000,YEAR,2022,REVERSAL,55,0.4954954954954955,111
LAST_TRADE,4,2000,YEAR,2022,NO_EXPANSION,7,0.06306306306306306,111
LAST_TRADE,4,2000,YEAR,2022,AMBIGUOUS,5,0.04504504504504504,111
LAST_TRADE,4,2000,HOUR_NY,10,CONTINUATION,11,0.34375,32
LAST_TRADE,4,2000,HOUR_NY,10,REVERSAL,18,0.5625,32
LAST_TRADE,4,2000,HOUR_NY,10,NO_EXPANSION,0,0.0,32
LAST_TRADE,4,2000,HOUR_NY,10,AMBIGUOUS,3,0.09375,32
LAST_TRADE,4,2000,HOUR_NY,11,CONTINUATION,6,0.3157894736842105,19
LAST_TRADE,4,2000,HOUR_NY,11,REVERSAL,11,0.5789473684210527,19
LAST_TRADE,4,2000,HOUR_NY,11,NO_EXPANSION,2,0.10526315789473684,19
LAST_TRADE,4,2000,HOUR_NY,11,AMBIGUOUS,0,0.0,19
LAST_TRADE,4,2000,HOUR_NY,12,CONTINUATION,5,0.5555555555555556,9
LAST_TRADE,4,2000,HOUR_NY,12,REVERSAL,4,0.4444444444444444,9
LAST_TRADE,4,2000,HOUR_NY,12,NO_EXPANSION,0,0.0,9
LAST_TRADE,4,2000,HOUR_NY,12,AMBIGUOUS,0,0.0,9
LAST_TRADE,4,2000,HOUR_NY,13,CONTINUATION,2,0.3333333333333333,6
LAST_TRADE,4,2000,HOUR_NY,13,REVERSAL,1,0.16666666666666666,6
LAST_TRADE,4,2000,HOUR_NY,13,NO_EXPANSION,2,0.3333333333333333,6
LAST_TRADE,4,2000,HOUR_NY,13,AMBIGUOUS,1,0.16666666666666666,6
LAST_TRADE,4,2000,HOUR_NY,14,CONTINUATION,4,0.36363636363636365,11
LAST_TRADE,4,2000,HOUR_NY,14,REVERSAL,5,0.45454545454545453,11
LAST_TRADE,4,2000,HOUR_NY,14,NO_EXPANSION,2,0.18181818181818182,11
LAST_TRADE,4,2000,HOUR_NY,14,AMBIGUOUS,0,0.0,11
LAST_TRADE,4,2000,HOUR_NY,15,CONTINUATION,6,0.5,12
LAST_TRADE,4,2000,HOUR_NY,15,REVERSAL,4,0.3333333333333333,12
LAST_TRADE,4,2000,HOUR_NY,15,NO_EXPANSION,1,0.08333333333333333,12
LAST_TRADE,4,2000,HOUR_NY,15,AMBIGUOUS,1,0.08333333333333333,12
LAST_TRADE,4,2000,HOUR_NY,16,CONTINUATION,1,1.0,1
LAST_TRADE,4,2000,HOUR_NY,16,REVERSAL,0,0.0,1
LAST_TRADE,4,2000,HOUR_NY,16,NO_EXPANSION,0,0.0,1
LAST_TRADE,4,2000,HOUR_NY,16,AMBIGUOUS,0,0.0,1
LAST_TRADE,4,2000,HOUR_NY,9,CONTINUATION,9,0.42857142857142855,21
LAST_TRADE,4,2000,HOUR_NY,9,REVERSAL,12,0.5714285714285714,21
LAST_TRADE,4,2000,HOUR_NY,9,NO_EXPANSION,0,0.0,21
LAST_TRADE,4,2000,HOUR_NY,9,AMBIGUOUS,0,0.0,21
LAST_TRADE,4,5000,ALL,ALL,CONTINUATION,49,0.44144144144144143,111
LAST_TRADE,4,5000,ALL,ALL,REVERSAL,57,0.5135135135135135,111
LAST_TRADE,4,5000,ALL,ALL,NO_EXPANSION,0,0.0,111
LAST_TRADE,4,5000,ALL,ALL,AMBIGUOUS,5,0.04504504504504504,111
LAST_TRADE,4,5000,SIDE,BUY,CONTINUATION,26,0.3939393939393939,66
LAST_TRADE,4,5000,SIDE,BUY,REVERSAL,37,0.5606060606060606,66
LAST_TRADE,4,5000,SIDE,BUY,NO_EXPANSION,0,0.0,66
LAST_TRADE,4,5000,SIDE,BUY,AMBIGUOUS,3,0.045454545454545456,66
LAST_TRADE,4,5000,SIDE,SELL,CONTINUATION,23,0.5111111111111111,45
LAST_TRADE,4,5000,SIDE,SELL,REVERSAL,20,0.4444444444444444,45
LAST_TRADE,4,5000,SIDE,SELL,NO_EXPANSION,0,0.0,45
LAST_TRADE,4,5000,SIDE,SELL,AMBIGUOUS,2,0.044444444444444446,45
LAST_TRADE,4,5000,SESSION,2022-08-01,CONTINUATION,13,0.52,25
LAST_TRADE,4,5000,SESSION,2022-08-01,REVERSAL,11,0.44,25
LAST_TRADE,4,5000,SESSION,2022-08-01,NO_EXPANSION,0,0.0,25
LAST_TRADE,4,5000,SESSION,2022-08-01,AMBIGUOUS,1,0.04,25
LAST_TRADE,4,5000,SESSION,2022-08-02,CONTINUATION,9,0.2903225806451613,31
LAST_TRADE,4,5000,SESSION,2022-08-02,REVERSAL,18,0.5806451612903226,31
LAST_TRADE,4,5000,SESSION,2022-08-02,NO_EXPANSION,0,0.0,31
LAST_TRADE,4,5000,SESSION,2022-08-02,AMBIGUOUS,4,0.12903225806451613,31
LAST_TRADE,4,5000,SESSION,2022-08-03,CONTINUATION,14,0.5,28
LAST_TRADE,4,5000,SESSION,2022-08-03,REVERSAL,14,0.5,28
LAST_TRADE,4,5000,SESSION,2022-08-03,NO_EXPANSION,0,0.0,28
LAST_TRADE,4,5000,SESSION,2022-08-03,AMBIGUOUS,0,0.0,28
LAST_TRADE,4,5000,SESSION,2022-08-04,CONTINUATION,5,0.38461538461538464,13
LAST_TRADE,4,5000,SESSION,2022-08-04,REVERSAL,8,0.6153846153846154,13
LAST_TRADE,4,5000,SESSION,2022-08-04,NO_EXPANSION,0,0.0,13
LAST_TRADE,4,5000,SESSION,2022-08-04,AMBIGUOUS,0,0.0,13
LAST_TRADE,4,5000,SESSION,2022-08-05,CONTINUATION,8,0.5714285714285714,14
LAST_TRADE,4,5000,SESSION,2022-08-05,REVERSAL,6,0.42857142857142855,14
LAST_TRADE,4,5000,SESSION,2022-08-05,NO_EXPANSION,0,0.0,14
LAST_TRADE,4,5000,SESSION,2022-08-05,AMBIGUOUS,0,0.0,14
LAST_TRADE,4,5000,MONTH,2022-08,CONTINUATION,49,0.44144144144144143,111
LAST_TRADE,4,5000,MONTH,2022-08,REVERSAL,57,0.5135135135135135,111
LAST_TRADE,4,5000,MONTH,2022-08,NO_EXPANSION,0,0.0,111
LAST_TRADE,4,5000,MONTH,2022-08,AMBIGUOUS,5,0.04504504504504504,111
LAST_TRADE,4,5000,YEAR,2022,CONTINUATION,49,0.44144144144144143,111
LAST_TRADE,4,5000,YEAR,2022,REVERSAL,57,0.5135135135135135,111
LAST_TRADE,4,5000,YEAR,2022,NO_EXPANSION,0,0.0,111
LAST_TRADE,4,5000,YEAR,2022,AMBIGUOUS,5,0.04504504504504504,111
LAST_TRADE,4,5000,HOUR_NY,10,CONTINUATION,11,0.34375,32
LAST_TRADE,4,5000,HOUR_NY,10,REVERSAL,18,0.5625,32
LAST_TRADE,4,5000,HOUR_NY,10,NO_EXPANSION,0,0.0,32
LAST_TRADE,4,5000,HOUR_NY,10,AMBIGUOUS,3,0.09375,32
LAST_TRADE,4,5000,HOUR_NY,11,CONTINUATION,8,0.42105263157894735,19
LAST_TRADE,4,5000,HOUR_NY,11,REVERSAL,11,0.5789473684210527,19
LAST_TRADE,4,5000,HOUR_NY,11,NO_EXPANSION,0,0.0,19
LAST_TRADE,4,5000,HOUR_NY,11,AMBIGUOUS,0,0.0,19
LAST_TRADE,4,5000,HOUR_NY,12,CONTINUATION,5,0.5555555555555556,9
LAST_TRADE,4,5000,HOUR_NY,12,REVERSAL,4,0.4444444444444444,9
LAST_TRADE,4,5000,HOUR_NY,12,NO_EXPANSION,0,0.0,9
LAST_TRADE,4,5000,HOUR_NY,12,AMBIGUOUS,0,0.0,9
LAST_TRADE,4,5000,HOUR_NY,13,CONTINUATION,4,0.6666666666666666,6
LAST_TRADE,4,5000,HOUR_NY,13,REVERSAL,1,0.16666666666666666,6
LAST_TRADE,4,5000,HOUR_NY,13,NO_EXPANSION,0,0.0,6
LAST_TRADE,4,5000,HOUR_NY,13,AMBIGUOUS,1,0.16666666666666666,6
LAST_TRADE,4,5000,HOUR_NY,14,CONTINUATION,5,0.45454545454545453,11
LAST_TRADE,4,5000,HOUR_NY,14,REVERSAL,6,0.5454545454545454,11
LAST_TRADE,4,5000,HOUR_NY,14,NO_EXPANSION,0,0.0,11
LAST_TRADE,4,5000,HOUR_NY,14,AMBIGUOUS,0,0.0,11
LAST_TRADE,4,5000,HOUR_NY,15,CONTINUATION,6,0.5,12
LAST_TRADE,4,5000,HOUR_NY,15,REVERSAL,5,0.4166666666666667,12
LAST_TRADE,4,5000,HOUR_NY,15,NO_EXPANSION,0,0.0,12
LAST_TRADE,4,5000,HOUR_NY,15,AMBIGUOUS,1,0.08333333333333333,12
LAST_TRADE,4,5000,HOUR_NY,16,CONTINUATION,1,1.0,1
LAST_TRADE,4,5000,HOUR_NY,16,REVERSAL,0,0.0,1
LAST_TRADE,4,5000,HOUR_NY,16,NO_EXPANSION,0,0.0,1
LAST_TRADE,4,5000,HOUR_NY,16,AMBIGUOUS,0,0.0,1
LAST_TRADE,4,5000,HOUR_NY,9,CONTINUATION,9,0.42857142857142855,21
LAST_TRADE,4,5000,HOUR_NY,9,REVERSAL,12,0.5714285714285714,21
LAST_TRADE,4,5000,HOUR_NY,9,NO_EXPANSION,0,0.0,21
LAST_TRADE,4,5000,HOUR_NY,9,AMBIGUOUS,0,0.0,21
LAST_TRADE,4,10000,ALL,ALL,CONTINUATION,49,0.44144144144144143,111
LAST_TRADE,4,10000,ALL,ALL,REVERSAL,57,0.5135135135135135,111
LAST_TRADE,4,10000,ALL,ALL,NO_EXPANSION,0,0.0,111
LAST_TRADE,4,10000,ALL,ALL,AMBIGUOUS,5,0.04504504504504504,111
LAST_TRADE,4,10000,SIDE,BUY,CONTINUATION,26,0.3939393939393939,66
LAST_TRADE,4,10000,SIDE,BUY,REVERSAL,37,0.5606060606060606,66
LAST_TRADE,4,10000,SIDE,BUY,NO_EXPANSION,0,0.0,66
LAST_TRADE,4,10000,SIDE,BUY,AMBIGUOUS,3,0.045454545454545456,66
LAST_TRADE,4,10000,SIDE,SELL,CONTINUATION,23,0.5111111111111111,45
LAST_TRADE,4,10000,SIDE,SELL,REVERSAL,20,0.4444444444444444,45
LAST_TRADE,4,10000,SIDE,SELL,NO_EXPANSION,0,0.0,45
LAST_TRADE,4,10000,SIDE,SELL,AMBIGUOUS,2,0.044444444444444446,45
LAST_TRADE,4,10000,SESSION,2022-08-01,CONTINUATION,13,0.52,25
LAST_TRADE,4,10000,SESSION,2022-08-01,REVERSAL,11,0.44,25
LAST_TRADE,4,10000,SESSION,2022-08-01,NO_EXPANSION,0,0.0,25
LAST_TRADE,4,10000,SESSION,2022-08-01,AMBIGUOUS,1,0.04,25
LAST_TRADE,4,10000,SESSION,2022-08-02,CONTINUATION,9,0.2903225806451613,31
LAST_TRADE,4,10000,SESSION,2022-08-02,REVERSAL,18,0.5806451612903226,31
LAST_TRADE,4,10000,SESSION,2022-08-02,NO_EXPANSION,0,0.0,31
LAST_TRADE,4,10000,SESSION,2022-08-02,AMBIGUOUS,4,0.12903225806451613,31
LAST_TRADE,4,10000,SESSION,2022-08-03,CONTINUATION,14,0.5,28
LAST_TRADE,4,10000,SESSION,2022-08-03,REVERSAL,14,0.5,28
LAST_TRADE,4,10000,SESSION,2022-08-03,NO_EXPANSION,0,0.0,28
LAST_TRADE,4,10000,SESSION,2022-08-03,AMBIGUOUS,0,0.0,28
LAST_TRADE,4,10000,SESSION,2022-08-04,CONTINUATION,5,0.38461538461538464,13
LAST_TRADE,4,10000,SESSION,2022-08-04,REVERSAL,8,0.6153846153846154,13
LAST_TRADE,4,10000,SESSION,2022-08-04,NO_EXPANSION,0,0.0,13
LAST_TRADE,4,10000,SESSION,2022-08-04,AMBIGUOUS,0,0.0,13
LAST_TRADE,4,10000,SESSION,2022-08-05,CONTINUATION,8,0.5714285714285714,14
LAST_TRADE,4,10000,SESSION,2022-08-05,REVERSAL,6,0.42857142857142855,14
LAST_TRADE,4,10000,SESSION,2022-08-05,NO_EXPANSION,0,0.0,14
LAST_TRADE,4,10000,SESSION,2022-08-05,AMBIGUOUS,0,0.0,14
LAST_TRADE,4,10000,MONTH,2022-08,CONTINUATION,49,0.44144144144144143,111
LAST_TRADE,4,10000,MONTH,2022-08,REVERSAL,57,0.5135135135135135,111
LAST_TRADE,4,10000,MONTH,2022-08,NO_EXPANSION,0,0.0,111
LAST_TRADE,4,10000,MONTH,2022-08,AMBIGUOUS,5,0.04504504504504504,111
LAST_TRADE,4,10000,YEAR,2022,CONTINUATION,49,0.44144144144144143,111
LAST_TRADE,4,10000,YEAR,2022,REVERSAL,57,0.5135135135135135,111
LAST_TRADE,4,10000,YEAR,2022,NO_EXPANSION,0,0.0,111
LAST_TRADE,4,10000,YEAR,2022,AMBIGUOUS,5,0.04504504504504504,111
LAST_TRADE,4,10000,HOUR_NY,10,CONTINUATION,11,0.34375,32
LAST_TRADE,4,10000,HOUR_NY,10,REVERSAL,18,0.5625,32
LAST_TRADE,4,10000,HOUR_NY,10,NO_EXPANSION,0,0.0,32
LAST_TRADE,4,10000,HOUR_NY,10,AMBIGUOUS,3,0.09375,32
LAST_TRADE,4,10000,HOUR_NY,11,CONTINUATION,8,0.42105263157894735,19
LAST_TRADE,4,10000,HOUR_NY,11,REVERSAL,11,0.5789473684210527,19
LAST_TRADE,4,10000,HOUR_NY,11,NO_EXPANSION,0,0.0,19
LAST_TRADE,4,10000,HOUR_NY,11,AMBIGUOUS,0,0.0,19
LAST_TRADE,4,10000,HOUR_NY,12,CONTINUATION,5,0.5555555555555556,9
LAST_TRADE,4,10000,HOUR_NY,12,REVERSAL,4,0.4444444444444444,9
LAST_TRADE,4,10000,HOUR_NY,12,NO_EXPANSION,0,0.0,9
LAST_TRADE,4,10000,HOUR_NY,12,AMBIGUOUS,0,0.0,9
LAST_TRADE,4,10000,HOUR_NY,13,CONTINUATION,4,0.6666666666666666,6
LAST_TRADE,4,10000,HOUR_NY,13,REVERSAL,1,0.16666666666666666,6
LAST_TRADE,4,10000,HOUR_NY,13,NO_EXPANSION,0,0.0,6
LAST_TRADE,4,10000,HOUR_NY,13,AMBIGUOUS,1,0.16666666666666666,6
LAST_TRADE,4,10000,HOUR_NY,14,CONTINUATION,5,0.45454545454545453,11
LAST_TRADE,4,10000,HOUR_NY,14,REVERSAL,6,0.5454545454545454,11
LAST_TRADE,4,10000,HOUR_NY,14,NO_EXPANSION,0,0.0,11
LAST_TRADE,4,10000,HOUR_NY,14,AMBIGUOUS,0,0.0,11
LAST_TRADE,4,10000,HOUR_NY,15,CONTINUATION,6,0.5,12
LAST_TRADE,4,10000,HOUR_NY,15,REVERSAL,5,0.4166666666666667,12
LAST_TRADE,4,10000,HOUR_NY,15,NO_EXPANSION,0,0.0,12
LAST_TRADE,4,10000,HOUR_NY,15,AMBIGUOUS,1,0.08333333333333333,12
LAST_TRADE,4,10000,HOUR_NY,16,CONTINUATION,1,1.0,1
LAST_TRADE,4,10000,HOUR_NY,16,REVERSAL,0,0.0,1
LAST_TRADE,4,10000,HOUR_NY,16,NO_EXPANSION,0,0.0,1
LAST_TRADE,4,10000,HOUR_NY,16,AMBIGUOUS,0,0.0,1
LAST_TRADE,4,10000,HOUR_NY,9,CONTINUATION,9,0.42857142857142855,21
LAST_TRADE,4,10000,HOUR_NY,9,REVERSAL,12,0.5714285714285714,21
LAST_TRADE,4,10000,HOUR_NY,9,NO_EXPANSION,0,0.0,21
LAST_TRADE,4,10000,HOUR_NY,9,AMBIGUOUS,0,0.0,21
LAST_TRADE,8,500,ALL,ALL,CONTINUATION,19,0.17117117117117117,111
LAST_TRADE,8,500,ALL,ALL,REVERSAL,11,0.0990990990990991,111
LAST_TRADE,8,500,ALL,ALL,NO_EXPANSION,80,0.7207207207207207,111
LAST_TRADE,8,500,ALL,ALL,AMBIGUOUS,1,0.009009009009009009,111
LAST_TRADE,8,500,SIDE,BUY,CONTINUATION,11,0.16666666666666666,66
LAST_TRADE,8,500,SIDE,BUY,REVERSAL,10,0.15151515151515152,66
LAST_TRADE,8,500,SIDE,BUY,NO_EXPANSION,44,0.6666666666666666,66
LAST_TRADE,8,500,SIDE,BUY,AMBIGUOUS,1,0.015151515151515152,66
LAST_TRADE,8,500,SIDE,SELL,CONTINUATION,8,0.17777777777777778,45
LAST_TRADE,8,500,SIDE,SELL,REVERSAL,1,0.022222222222222223,45
LAST_TRADE,8,500,SIDE,SELL,NO_EXPANSION,36,0.8,45
LAST_TRADE,8,500,SIDE,SELL,AMBIGUOUS,0,0.0,45
LAST_TRADE,8,500,SESSION,2022-08-01,CONTINUATION,5,0.2,25
LAST_TRADE,8,500,SESSION,2022-08-01,REVERSAL,1,0.04,25
LAST_TRADE,8,500,SESSION,2022-08-01,NO_EXPANSION,19,0.76,25
LAST_TRADE,8,500,SESSION,2022-08-01,AMBIGUOUS,0,0.0,25
LAST_TRADE,8,500,SESSION,2022-08-02,CONTINUATION,6,0.1935483870967742,31
LAST_TRADE,8,500,SESSION,2022-08-02,REVERSAL,4,0.12903225806451613,31
LAST_TRADE,8,500,SESSION,2022-08-02,NO_EXPANSION,20,0.6451612903225806,31
LAST_TRADE,8,500,SESSION,2022-08-02,AMBIGUOUS,1,0.03225806451612903,31
LAST_TRADE,8,500,SESSION,2022-08-03,CONTINUATION,5,0.17857142857142858,28
LAST_TRADE,8,500,SESSION,2022-08-03,REVERSAL,2,0.07142857142857142,28
LAST_TRADE,8,500,SESSION,2022-08-03,NO_EXPANSION,21,0.75,28
LAST_TRADE,8,500,SESSION,2022-08-03,AMBIGUOUS,0,0.0,28
LAST_TRADE,8,500,SESSION,2022-08-04,CONTINUATION,1,0.07692307692307693,13
LAST_TRADE,8,500,SESSION,2022-08-04,REVERSAL,3,0.23076923076923078,13
LAST_TRADE,8,500,SESSION,2022-08-04,NO_EXPANSION,9,0.6923076923076923,13
LAST_TRADE,8,500,SESSION,2022-08-04,AMBIGUOUS,0,0.0,13
LAST_TRADE,8,500,SESSION,2022-08-05,CONTINUATION,2,0.14285714285714285,14
LAST_TRADE,8,500,SESSION,2022-08-05,REVERSAL,1,0.07142857142857142,14
LAST_TRADE,8,500,SESSION,2022-08-05,NO_EXPANSION,11,0.7857142857142857,14
LAST_TRADE,8,500,SESSION,2022-08-05,AMBIGUOUS,0,0.0,14
LAST_TRADE,8,500,MONTH,2022-08,CONTINUATION,19,0.17117117117117117,111
LAST_TRADE,8,500,MONTH,2022-08,REVERSAL,11,0.0990990990990991,111
LAST_TRADE,8,500,MONTH,2022-08,NO_EXPANSION,80,0.7207207207207207,111
LAST_TRADE,8,500,MONTH,2022-08,AMBIGUOUS,1,0.009009009009009009,111
LAST_TRADE,8,500,YEAR,2022,CONTINUATION,19,0.17117117117117117,111
LAST_TRADE,8,500,YEAR,2022,REVERSAL,11,0.0990990990990991,111
LAST_TRADE,8,500,YEAR,2022,NO_EXPANSION,80,0.7207207207207207,111
LAST_TRADE,8,500,YEAR,2022,AMBIGUOUS,1,0.009009009009009009,111
LAST_TRADE,8,500,HOUR_NY,10,CONTINUATION,7,0.21875,32
LAST_TRADE,8,500,HOUR_NY,10,REVERSAL,5,0.15625,32
LAST_TRADE,8,500,HOUR_NY,10,NO_EXPANSION,19,0.59375,32
LAST_TRADE,8,500,HOUR_NY,10,AMBIGUOUS,1,0.03125,32
LAST_TRADE,8,500,HOUR_NY,11,CONTINUATION,1,0.05263157894736842,19
LAST_TRADE,8,500,HOUR_NY,11,REVERSAL,0,0.0,19
LAST_TRADE,8,500,HOUR_NY,11,NO_EXPANSION,18,0.9473684210526315,19
LAST_TRADE,8,500,HOUR_NY,11,AMBIGUOUS,0,0.0,19
LAST_TRADE,8,500,HOUR_NY,12,CONTINUATION,0,0.0,9
LAST_TRADE,8,500,HOUR_NY,12,REVERSAL,1,0.1111111111111111,9
LAST_TRADE,8,500,HOUR_NY,12,NO_EXPANSION,8,0.8888888888888888,9
LAST_TRADE,8,500,HOUR_NY,12,AMBIGUOUS,0,0.0,9
LAST_TRADE,8,500,HOUR_NY,13,CONTINUATION,1,0.16666666666666666,6
LAST_TRADE,8,500,HOUR_NY,13,REVERSAL,0,0.0,6
LAST_TRADE,8,500,HOUR_NY,13,NO_EXPANSION,5,0.8333333333333334,6
LAST_TRADE,8,500,HOUR_NY,13,AMBIGUOUS,0,0.0,6
LAST_TRADE,8,500,HOUR_NY,14,CONTINUATION,1,0.09090909090909091,11
LAST_TRADE,8,500,HOUR_NY,14,REVERSAL,0,0.0,11
LAST_TRADE,8,500,HOUR_NY,14,NO_EXPANSION,10,0.9090909090909091,11
LAST_TRADE,8,500,HOUR_NY,14,AMBIGUOUS,0,0.0,11
LAST_TRADE,8,500,HOUR_NY,15,CONTINUATION,2,0.16666666666666666,12
LAST_TRADE,8,500,HOUR_NY,15,REVERSAL,2,0.16666666666666666,12
LAST_TRADE,8,500,HOUR_NY,15,NO_EXPANSION,8,0.6666666666666666,12
LAST_TRADE,8,500,HOUR_NY,15,AMBIGUOUS,0,0.0,12
LAST_TRADE,8,500,HOUR_NY,16,CONTINUATION,1,1.0,1
LAST_TRADE,8,500,HOUR_NY,16,REVERSAL,0,0.0,1
LAST_TRADE,8,500,HOUR_NY,16,NO_EXPANSION,0,0.0,1
LAST_TRADE,8,500,HOUR_NY,16,AMBIGUOUS,0,0.0,1
LAST_TRADE,8,500,HOUR_NY,9,CONTINUATION,6,0.2857142857142857,21
LAST_TRADE,8,500,HOUR_NY,9,REVERSAL,3,0.14285714285714285,21
LAST_TRADE,8,500,HOUR_NY,9,NO_EXPANSION,12,0.5714285714285714,21
LAST_TRADE,8,500,HOUR_NY,9,AMBIGUOUS,0,0.0,21
LAST_TRADE,8,1000,ALL,ALL,CONTINUATION,27,0.24324324324324326,111
LAST_TRADE,8,1000,ALL,ALL,REVERSAL,24,0.21621621621621623,111
LAST_TRADE,8,1000,ALL,ALL,NO_EXPANSION,59,0.5315315315315315,111
LAST_TRADE,8,1000,ALL,ALL,AMBIGUOUS,1,0.009009009009009009,111
LAST_TRADE,8,1000,SIDE,BUY,CONTINUATION,15,0.22727272727272727,66
LAST_TRADE,8,1000,SIDE,BUY,REVERSAL,13,0.19696969696969696,66
LAST_TRADE,8,1000,SIDE,BUY,NO_EXPANSION,37,0.5606060606060606,66
LAST_TRADE,8,1000,SIDE,BUY,AMBIGUOUS,1,0.015151515151515152,66
LAST_TRADE,8,1000,SIDE,SELL,CONTINUATION,12,0.26666666666666666,45
LAST_TRADE,8,1000,SIDE,SELL,REVERSAL,11,0.24444444444444444,45
LAST_TRADE,8,1000,SIDE,SELL,NO_EXPANSION,22,0.4888888888888889,45
LAST_TRADE,8,1000,SIDE,SELL,AMBIGUOUS,0,0.0,45
LAST_TRADE,8,1000,SESSION,2022-08-01,CONTINUATION,9,0.36,25
LAST_TRADE,8,1000,SESSION,2022-08-01,REVERSAL,6,0.24,25
LAST_TRADE,8,1000,SESSION,2022-08-01,NO_EXPANSION,10,0.4,25
LAST_TRADE,8,1000,SESSION,2022-08-01,AMBIGUOUS,0,0.0,25
LAST_TRADE,8,1000,SESSION,2022-08-02,CONTINUATION,8,0.25806451612903225,31
LAST_TRADE,8,1000,SESSION,2022-08-02,REVERSAL,8,0.25806451612903225,31
LAST_TRADE,8,1000,SESSION,2022-08-02,NO_EXPANSION,14,0.45161290322580644,31
LAST_TRADE,8,1000,SESSION,2022-08-02,AMBIGUOUS,1,0.03225806451612903,31
LAST_TRADE,8,1000,SESSION,2022-08-03,CONTINUATION,6,0.21428571428571427,28
LAST_TRADE,8,1000,SESSION,2022-08-03,REVERSAL,3,0.10714285714285714,28
LAST_TRADE,8,1000,SESSION,2022-08-03,NO_EXPANSION,19,0.6785714285714286,28
LAST_TRADE,8,1000,SESSION,2022-08-03,AMBIGUOUS,0,0.0,28
LAST_TRADE,8,1000,SESSION,2022-08-04,CONTINUATION,1,0.07692307692307693,13
LAST_TRADE,8,1000,SESSION,2022-08-04,REVERSAL,5,0.38461538461538464,13
LAST_TRADE,8,1000,SESSION,2022-08-04,NO_EXPANSION,7,0.5384615384615384,13
LAST_TRADE,8,1000,SESSION,2022-08-04,AMBIGUOUS,0,0.0,13
LAST_TRADE,8,1000,SESSION,2022-08-05,CONTINUATION,3,0.21428571428571427,14
LAST_TRADE,8,1000,SESSION,2022-08-05,REVERSAL,2,0.14285714285714285,14
LAST_TRADE,8,1000,SESSION,2022-08-05,NO_EXPANSION,9,0.6428571428571429,14
LAST_TRADE,8,1000,SESSION,2022-08-05,AMBIGUOUS,0,0.0,14
LAST_TRADE,8,1000,MONTH,2022-08,CONTINUATION,27,0.24324324324324326,111
LAST_TRADE,8,1000,MONTH,2022-08,REVERSAL,24,0.21621621621621623,111
LAST_TRADE,8,1000,MONTH,2022-08,NO_EXPANSION,59,0.5315315315315315,111
LAST_TRADE,8,1000,MONTH,2022-08,AMBIGUOUS,1,0.009009009009009009,111
LAST_TRADE,8,1000,YEAR,2022,CONTINUATION,27,0.24324324324324326,111
LAST_TRADE,8,1000,YEAR,2022,REVERSAL,24,0.21621621621621623,111
LAST_TRADE,8,1000,YEAR,2022,NO_EXPANSION,59,0.5315315315315315,111
LAST_TRADE,8,1000,YEAR,2022,AMBIGUOUS,1,0.009009009009009009,111
LAST_TRADE,8,1000,HOUR_NY,10,CONTINUATION,8,0.25,32
LAST_TRADE,8,1000,HOUR_NY,10,REVERSAL,9,0.28125,32
LAST_TRADE,8,1000,HOUR_NY,10,NO_EXPANSION,14,0.4375,32
LAST_TRADE,8,1000,HOUR_NY,10,AMBIGUOUS,1,0.03125,32
LAST_TRADE,8,1000,HOUR_NY,11,CONTINUATION,2,0.10526315789473684,19
LAST_TRADE,8,1000,HOUR_NY,11,REVERSAL,1,0.05263157894736842,19
LAST_TRADE,8,1000,HOUR_NY,11,NO_EXPANSION,16,0.8421052631578947,19
LAST_TRADE,8,1000,HOUR_NY,11,AMBIGUOUS,0,0.0,19
LAST_TRADE,8,1000,HOUR_NY,12,CONTINUATION,0,0.0,9
LAST_TRADE,8,1000,HOUR_NY,12,REVERSAL,1,0.1111111111111111,9
LAST_TRADE,8,1000,HOUR_NY,12,NO_EXPANSION,8,0.8888888888888888,9
LAST_TRADE,8,1000,HOUR_NY,12,AMBIGUOUS,0,0.0,9
LAST_TRADE,8,1000,HOUR_NY,13,CONTINUATION,2,0.3333333333333333,6
LAST_TRADE,8,1000,HOUR_NY,13,REVERSAL,2,0.3333333333333333,6
LAST_TRADE,8,1000,HOUR_NY,13,NO_EXPANSION,2,0.3333333333333333,6
LAST_TRADE,8,1000,HOUR_NY,13,AMBIGUOUS,0,0.0,6
LAST_TRADE,8,1000,HOUR_NY,14,CONTINUATION,2,0.18181818181818182,11
LAST_TRADE,8,1000,HOUR_NY,14,REVERSAL,1,0.09090909090909091,11
LAST_TRADE,8,1000,HOUR_NY,14,NO_EXPANSION,8,0.7272727272727273,11
LAST_TRADE,8,1000,HOUR_NY,14,AMBIGUOUS,0,0.0,11
LAST_TRADE,8,1000,HOUR_NY,15,CONTINUATION,5,0.4166666666666667,12
LAST_TRADE,8,1000,HOUR_NY,15,REVERSAL,2,0.16666666666666666,12
LAST_TRADE,8,1000,HOUR_NY,15,NO_EXPANSION,5,0.4166666666666667,12
LAST_TRADE,8,1000,HOUR_NY,15,AMBIGUOUS,0,0.0,12
LAST_TRADE,8,1000,HOUR_NY,16,CONTINUATION,1,1.0,1
LAST_TRADE,8,1000,HOUR_NY,16,REVERSAL,0,0.0,1
LAST_TRADE,8,1000,HOUR_NY,16,NO_EXPANSION,0,0.0,1
LAST_TRADE,8,1000,HOUR_NY,16,AMBIGUOUS,0,0.0,1
LAST_TRADE,8,1000,HOUR_NY,9,CONTINUATION,7,0.3333333333333333,21
LAST_TRADE,8,1000,HOUR_NY,9,REVERSAL,8,0.38095238095238093,21
LAST_TRADE,8,1000,HOUR_NY,9,NO_EXPANSION,6,0.2857142857142857,21
LAST_TRADE,8,1000,HOUR_NY,9,AMBIGUOUS,0,0.0,21
LAST_TRADE,8,2000,ALL,ALL,CONTINUATION,37,0.3333333333333333,111
LAST_TRADE,8,2000,ALL,ALL,REVERSAL,30,0.2702702702702703,111
LAST_TRADE,8,2000,ALL,ALL,NO_EXPANSION,43,0.38738738738738737,111
LAST_TRADE,8,2000,ALL,ALL,AMBIGUOUS,1,0.009009009009009009,111
LAST_TRADE,8,2000,SIDE,BUY,CONTINUATION,24,0.36363636363636365,66
LAST_TRADE,8,2000,SIDE,BUY,REVERSAL,16,0.24242424242424243,66
LAST_TRADE,8,2000,SIDE,BUY,NO_EXPANSION,25,0.3787878787878788,66
LAST_TRADE,8,2000,SIDE,BUY,AMBIGUOUS,1,0.015151515151515152,66
LAST_TRADE,8,2000,SIDE,SELL,CONTINUATION,13,0.28888888888888886,45
LAST_TRADE,8,2000,SIDE,SELL,REVERSAL,14,0.3111111111111111,45
LAST_TRADE,8,2000,SIDE,SELL,NO_EXPANSION,18,0.4,45
LAST_TRADE,8,2000,SIDE,SELL,AMBIGUOUS,0,0.0,45
LAST_TRADE,8,2000,SESSION,2022-08-01,CONTINUATION,10,0.4,25
LAST_TRADE,8,2000,SESSION,2022-08-01,REVERSAL,8,0.32,25
LAST_TRADE,8,2000,SESSION,2022-08-01,NO_EXPANSION,7,0.28,25
LAST_TRADE,8,2000,SESSION,2022-08-01,AMBIGUOUS,0,0.0,25
LAST_TRADE,8,2000,SESSION,2022-08-02,CONTINUATION,11,0.3548387096774194,31
LAST_TRADE,8,2000,SESSION,2022-08-02,REVERSAL,11,0.3548387096774194,31
LAST_TRADE,8,2000,SESSION,2022-08-02,NO_EXPANSION,8,0.25806451612903225,31
LAST_TRADE,8,2000,SESSION,2022-08-02,AMBIGUOUS,1,0.03225806451612903,31
LAST_TRADE,8,2000,SESSION,2022-08-03,CONTINUATION,9,0.32142857142857145,28
LAST_TRADE,8,2000,SESSION,2022-08-03,REVERSAL,3,0.10714285714285714,28
LAST_TRADE,8,2000,SESSION,2022-08-03,NO_EXPANSION,16,0.5714285714285714,28
LAST_TRADE,8,2000,SESSION,2022-08-03,AMBIGUOUS,0,0.0,28
LAST_TRADE,8,2000,SESSION,2022-08-04,CONTINUATION,2,0.15384615384615385,13
LAST_TRADE,8,2000,SESSION,2022-08-04,REVERSAL,6,0.46153846153846156,13
LAST_TRADE,8,2000,SESSION,2022-08-04,NO_EXPANSION,5,0.38461538461538464,13
LAST_TRADE,8,2000,SESSION,2022-08-04,AMBIGUOUS,0,0.0,13
LAST_TRADE,8,2000,SESSION,2022-08-05,CONTINUATION,5,0.35714285714285715,14
LAST_TRADE,8,2000,SESSION,2022-08-05,REVERSAL,2,0.14285714285714285,14
LAST_TRADE,8,2000,SESSION,2022-08-05,NO_EXPANSION,7,0.5,14
LAST_TRADE,8,2000,SESSION,2022-08-05,AMBIGUOUS,0,0.0,14
LAST_TRADE,8,2000,MONTH,2022-08,CONTINUATION,37,0.3333333333333333,111
LAST_TRADE,8,2000,MONTH,2022-08,REVERSAL,30,0.2702702702702703,111
LAST_TRADE,8,2000,MONTH,2022-08,NO_EXPANSION,43,0.38738738738738737,111
LAST_TRADE,8,2000,MONTH,2022-08,AMBIGUOUS,1,0.009009009009009009,111
LAST_TRADE,8,2000,YEAR,2022,CONTINUATION,37,0.3333333333333333,111
LAST_TRADE,8,2000,YEAR,2022,REVERSAL,30,0.2702702702702703,111
LAST_TRADE,8,2000,YEAR,2022,NO_EXPANSION,43,0.38738738738738737,111
LAST_TRADE,8,2000,YEAR,2022,AMBIGUOUS,1,0.009009009009009009,111
LAST_TRADE,8,2000,HOUR_NY,10,CONTINUATION,12,0.375,32
LAST_TRADE,8,2000,HOUR_NY,10,REVERSAL,12,0.375,32
LAST_TRADE,8,2000,HOUR_NY,10,NO_EXPANSION,7,0.21875,32
LAST_TRADE,8,2000,HOUR_NY,10,AMBIGUOUS,1,0.03125,32
LAST_TRADE,8,2000,HOUR_NY,11,CONTINUATION,3,0.15789473684210525,19
LAST_TRADE,8,2000,HOUR_NY,11,REVERSAL,1,0.05263157894736842,19
LAST_TRADE,8,2000,HOUR_NY,11,NO_EXPANSION,15,0.7894736842105263,19
LAST_TRADE,8,2000,HOUR_NY,11,AMBIGUOUS,0,0.0,19
LAST_TRADE,8,2000,HOUR_NY,12,CONTINUATION,2,0.2222222222222222,9
LAST_TRADE,8,2000,HOUR_NY,12,REVERSAL,2,0.2222222222222222,9
LAST_TRADE,8,2000,HOUR_NY,12,NO_EXPANSION,5,0.5555555555555556,9
LAST_TRADE,8,2000,HOUR_NY,12,AMBIGUOUS,0,0.0,9
LAST_TRADE,8,2000,HOUR_NY,13,CONTINUATION,2,0.3333333333333333,6
LAST_TRADE,8,2000,HOUR_NY,13,REVERSAL,2,0.3333333333333333,6
LAST_TRADE,8,2000,HOUR_NY,13,NO_EXPANSION,2,0.3333333333333333,6
LAST_TRADE,8,2000,HOUR_NY,13,AMBIGUOUS,0,0.0,6
LAST_TRADE,8,2000,HOUR_NY,14,CONTINUATION,2,0.18181818181818182,11
LAST_TRADE,8,2000,HOUR_NY,14,REVERSAL,2,0.18181818181818182,11
LAST_TRADE,8,2000,HOUR_NY,14,NO_EXPANSION,7,0.6363636363636364,11
LAST_TRADE,8,2000,HOUR_NY,14,AMBIGUOUS,0,0.0,11
LAST_TRADE,8,2000,HOUR_NY,15,CONTINUATION,5,0.4166666666666667,12
LAST_TRADE,8,2000,HOUR_NY,15,REVERSAL,2,0.16666666666666666,12
LAST_TRADE,8,2000,HOUR_NY,15,NO_EXPANSION,5,0.4166666666666667,12
LAST_TRADE,8,2000,HOUR_NY,15,AMBIGUOUS,0,0.0,12
LAST_TRADE,8,2000,HOUR_NY,16,CONTINUATION,1,1.0,1
LAST_TRADE,8,2000,HOUR_NY,16,REVERSAL,0,0.0,1
LAST_TRADE,8,2000,HOUR_NY,16,NO_EXPANSION,0,0.0,1
LAST_TRADE,8,2000,HOUR_NY,16,AMBIGUOUS,0,0.0,1
LAST_TRADE,8,2000,HOUR_NY,9,CONTINUATION,10,0.47619047619047616,21
LAST_TRADE,8,2000,HOUR_NY,9,REVERSAL,9,0.42857142857142855,21
LAST_TRADE,8,2000,HOUR_NY,9,NO_EXPANSION,2,0.09523809523809523,21
LAST_TRADE,8,2000,HOUR_NY,9,AMBIGUOUS,0,0.0,21
LAST_TRADE,8,5000,ALL,ALL,CONTINUATION,52,0.46846846846846846,111
LAST_TRADE,8,5000,ALL,ALL,REVERSAL,36,0.32432432432432434,111
LAST_TRADE,8,5000,ALL,ALL,NO_EXPANSION,22,0.1981981981981982,111
LAST_TRADE,8,5000,ALL,ALL,AMBIGUOUS,1,0.009009009009009009,111
LAST_TRADE,8,5000,SIDE,BUY,CONTINUATION,31,0.4696969696969697,66
LAST_TRADE,8,5000,SIDE,BUY,REVERSAL,19,0.2878787878787879,66
LAST_TRADE,8,5000,SIDE,BUY,NO_EXPANSION,15,0.22727272727272727,66
LAST_TRADE,8,5000,SIDE,BUY,AMBIGUOUS,1,0.015151515151515152,66
LAST_TRADE,8,5000,SIDE,SELL,CONTINUATION,21,0.4666666666666667,45
LAST_TRADE,8,5000,SIDE,SELL,REVERSAL,17,0.37777777777777777,45
LAST_TRADE,8,5000,SIDE,SELL,NO_EXPANSION,7,0.15555555555555556,45
LAST_TRADE,8,5000,SIDE,SELL,AMBIGUOUS,0,0.0,45
LAST_TRADE,8,5000,SESSION,2022-08-01,CONTINUATION,12,0.48,25
LAST_TRADE,8,5000,SESSION,2022-08-01,REVERSAL,9,0.36,25
LAST_TRADE,8,5000,SESSION,2022-08-01,NO_EXPANSION,4,0.16,25
LAST_TRADE,8,5000,SESSION,2022-08-01,AMBIGUOUS,0,0.0,25
LAST_TRADE,8,5000,SESSION,2022-08-02,CONTINUATION,14,0.45161290322580644,31
LAST_TRADE,8,5000,SESSION,2022-08-02,REVERSAL,13,0.41935483870967744,31
LAST_TRADE,8,5000,SESSION,2022-08-02,NO_EXPANSION,3,0.0967741935483871,31
LAST_TRADE,8,5000,SESSION,2022-08-02,AMBIGUOUS,1,0.03225806451612903,31
LAST_TRADE,8,5000,SESSION,2022-08-03,CONTINUATION,14,0.5,28
LAST_TRADE,8,5000,SESSION,2022-08-03,REVERSAL,3,0.10714285714285714,28
LAST_TRADE,8,5000,SESSION,2022-08-03,NO_EXPANSION,11,0.39285714285714285,28
LAST_TRADE,8,5000,SESSION,2022-08-03,AMBIGUOUS,0,0.0,28
LAST_TRADE,8,5000,SESSION,2022-08-04,CONTINUATION,5,0.38461538461538464,13
LAST_TRADE,8,5000,SESSION,2022-08-04,REVERSAL,6,0.46153846153846156,13
LAST_TRADE,8,5000,SESSION,2022-08-04,NO_EXPANSION,2,0.15384615384615385,13
LAST_TRADE,8,5000,SESSION,2022-08-04,AMBIGUOUS,0,0.0,13
LAST_TRADE,8,5000,SESSION,2022-08-05,CONTINUATION,7,0.5,14
LAST_TRADE,8,5000,SESSION,2022-08-05,REVERSAL,5,0.35714285714285715,14
LAST_TRADE,8,5000,SESSION,2022-08-05,NO_EXPANSION,2,0.14285714285714285,14
LAST_TRADE,8,5000,SESSION,2022-08-05,AMBIGUOUS,0,0.0,14
LAST_TRADE,8,5000,MONTH,2022-08,CONTINUATION,52,0.46846846846846846,111
LAST_TRADE,8,5000,MONTH,2022-08,REVERSAL,36,0.32432432432432434,111
LAST_TRADE,8,5000,MONTH,2022-08,NO_EXPANSION,22,0.1981981981981982,111
LAST_TRADE,8,5000,MONTH,2022-08,AMBIGUOUS,1,0.009009009009009009,111
LAST_TRADE,8,5000,YEAR,2022,CONTINUATION,52,0.46846846846846846,111
LAST_TRADE,8,5000,YEAR,2022,REVERSAL,36,0.32432432432432434,111
LAST_TRADE,8,5000,YEAR,2022,NO_EXPANSION,22,0.1981981981981982,111
LAST_TRADE,8,5000,YEAR,2022,AMBIGUOUS,1,0.009009009009009009,111
LAST_TRADE,8,5000,HOUR_NY,10,CONTINUATION,14,0.4375,32
LAST_TRADE,8,5000,HOUR_NY,10,REVERSAL,15,0.46875,32
LAST_TRADE,8,5000,HOUR_NY,10,NO_EXPANSION,2,0.0625,32
LAST_TRADE,8,5000,HOUR_NY,10,AMBIGUOUS,1,0.03125,32
LAST_TRADE,8,5000,HOUR_NY,11,CONTINUATION,6,0.3157894736842105,19
LAST_TRADE,8,5000,HOUR_NY,11,REVERSAL,2,0.10526315789473684,19
LAST_TRADE,8,5000,HOUR_NY,11,NO_EXPANSION,11,0.5789473684210527,19
LAST_TRADE,8,5000,HOUR_NY,11,AMBIGUOUS,0,0.0,19
LAST_TRADE,8,5000,HOUR_NY,12,CONTINUATION,5,0.5555555555555556,9
LAST_TRADE,8,5000,HOUR_NY,12,REVERSAL,3,0.3333333333333333,9
LAST_TRADE,8,5000,HOUR_NY,12,NO_EXPANSION,1,0.1111111111111111,9
LAST_TRADE,8,5000,HOUR_NY,12,AMBIGUOUS,0,0.0,9
LAST_TRADE,8,5000,HOUR_NY,13,CONTINUATION,4,0.6666666666666666,6
LAST_TRADE,8,5000,HOUR_NY,13,REVERSAL,2,0.3333333333333333,6
LAST_TRADE,8,5000,HOUR_NY,13,NO_EXPANSION,0,0.0,6
LAST_TRADE,8,5000,HOUR_NY,13,AMBIGUOUS,0,0.0,6
LAST_TRADE,8,5000,HOUR_NY,14,CONTINUATION,4,0.36363636363636365,11
LAST_TRADE,8,5000,HOUR_NY,14,REVERSAL,3,0.2727272727272727,11
LAST_TRADE,8,5000,HOUR_NY,14,NO_EXPANSION,4,0.36363636363636365,11
LAST_TRADE,8,5000,HOUR_NY,14,AMBIGUOUS,0,0.0,11
LAST_TRADE,8,5000,HOUR_NY,15,CONTINUATION,6,0.5,12
LAST_TRADE,8,5000,HOUR_NY,15,REVERSAL,2,0.16666666666666666,12
LAST_TRADE,8,5000,HOUR_NY,15,NO_EXPANSION,4,0.3333333333333333,12
LAST_TRADE,8,5000,HOUR_NY,15,AMBIGUOUS,0,0.0,12
LAST_TRADE,8,5000,HOUR_NY,16,CONTINUATION,1,1.0,1
LAST_TRADE,8,5000,HOUR_NY,16,REVERSAL,0,0.0,1
LAST_TRADE,8,5000,HOUR_NY,16,NO_EXPANSION,0,0.0,1
LAST_TRADE,8,5000,HOUR_NY,16,AMBIGUOUS,0,0.0,1
LAST_TRADE,8,5000,HOUR_NY,9,CONTINUATION,12,0.5714285714285714,21
LAST_TRADE,8,5000,HOUR_NY,9,REVERSAL,9,0.42857142857142855,21
LAST_TRADE,8,5000,HOUR_NY,9,NO_EXPANSION,0,0.0,21
LAST_TRADE,8,5000,HOUR_NY,9,AMBIGUOUS,0,0.0,21
LAST_TRADE,8,10000,ALL,ALL,CONTINUATION,57,0.5135135135135135,111
LAST_TRADE,8,10000,ALL,ALL,REVERSAL,48,0.43243243243243246,111
LAST_TRADE,8,10000,ALL,ALL,NO_EXPANSION,5,0.04504504504504504,111
LAST_TRADE,8,10000,ALL,ALL,AMBIGUOUS,1,0.009009009009009009,111
LAST_TRADE,8,10000,SIDE,BUY,CONTINUATION,34,0.5151515151515151,66
LAST_TRADE,8,10000,SIDE,BUY,REVERSAL,27,0.4090909090909091,66
LAST_TRADE,8,10000,SIDE,BUY,NO_EXPANSION,4,0.06060606060606061,66
LAST_TRADE,8,10000,SIDE,BUY,AMBIGUOUS,1,0.015151515151515152,66
LAST_TRADE,8,10000,SIDE,SELL,CONTINUATION,23,0.5111111111111111,45
LAST_TRADE,8,10000,SIDE,SELL,REVERSAL,21,0.4666666666666667,45
LAST_TRADE,8,10000,SIDE,SELL,NO_EXPANSION,1,0.022222222222222223,45
LAST_TRADE,8,10000,SIDE,SELL,AMBIGUOUS,0,0.0,45
LAST_TRADE,8,10000,SESSION,2022-08-01,CONTINUATION,12,0.48,25
LAST_TRADE,8,10000,SESSION,2022-08-01,REVERSAL,13,0.52,25
LAST_TRADE,8,10000,SESSION,2022-08-01,NO_EXPANSION,0,0.0,25
LAST_TRADE,8,10000,SESSION,2022-08-01,AMBIGUOUS,0,0.0,25
LAST_TRADE,8,10000,SESSION,2022-08-02,CONTINUATION,16,0.5161290322580645,31
LAST_TRADE,8,10000,SESSION,2022-08-02,REVERSAL,14,0.45161290322580644,31
LAST_TRADE,8,10000,SESSION,2022-08-02,NO_EXPANSION,0,0.0,31
LAST_TRADE,8,10000,SESSION,2022-08-02,AMBIGUOUS,1,0.03225806451612903,31
LAST_TRADE,8,10000,SESSION,2022-08-03,CONTINUATION,17,0.6071428571428571,28
LAST_TRADE,8,10000,SESSION,2022-08-03,REVERSAL,8,0.2857142857142857,28
LAST_TRADE,8,10000,SESSION,2022-08-03,NO_EXPANSION,3,0.10714285714285714,28
LAST_TRADE,8,10000,SESSION,2022-08-03,AMBIGUOUS,0,0.0,28
LAST_TRADE,8,10000,SESSION,2022-08-04,CONTINUATION,5,0.38461538461538464,13
LAST_TRADE,8,10000,SESSION,2022-08-04,REVERSAL,6,0.46153846153846156,13
LAST_TRADE,8,10000,SESSION,2022-08-04,NO_EXPANSION,2,0.15384615384615385,13
LAST_TRADE,8,10000,SESSION,2022-08-04,AMBIGUOUS,0,0.0,13
LAST_TRADE,8,10000,SESSION,2022-08-05,CONTINUATION,7,0.5,14
LAST_TRADE,8,10000,SESSION,2022-08-05,REVERSAL,7,0.5,14
LAST_TRADE,8,10000,SESSION,2022-08-05,NO_EXPANSION,0,0.0,14
LAST_TRADE,8,10000,SESSION,2022-08-05,AMBIGUOUS,0,0.0,14
LAST_TRADE,8,10000,MONTH,2022-08,CONTINUATION,57,0.5135135135135135,111
LAST_TRADE,8,10000,MONTH,2022-08,REVERSAL,48,0.43243243243243246,111
LAST_TRADE,8,10000,MONTH,2022-08,NO_EXPANSION,5,0.04504504504504504,111
LAST_TRADE,8,10000,MONTH,2022-08,AMBIGUOUS,1,0.009009009009009009,111
LAST_TRADE,8,10000,YEAR,2022,CONTINUATION,57,0.5135135135135135,111
LAST_TRADE,8,10000,YEAR,2022,REVERSAL,48,0.43243243243243246,111
LAST_TRADE,8,10000,YEAR,2022,NO_EXPANSION,5,0.04504504504504504,111
LAST_TRADE,8,10000,YEAR,2022,AMBIGUOUS,1,0.009009009009009009,111
LAST_TRADE,8,10000,HOUR_NY,10,CONTINUATION,15,0.46875,32
LAST_TRADE,8,10000,HOUR_NY,10,REVERSAL,16,0.5,32
LAST_TRADE,8,10000,HOUR_NY,10,NO_EXPANSION,0,0.0,32
LAST_TRADE,8,10000,HOUR_NY,10,AMBIGUOUS,1,0.03125,32
LAST_TRADE,8,10000,HOUR_NY,11,CONTINUATION,9,0.47368421052631576,19
LAST_TRADE,8,10000,HOUR_NY,11,REVERSAL,10,0.5263157894736842,19
LAST_TRADE,8,10000,HOUR_NY,11,NO_EXPANSION,0,0.0,19
LAST_TRADE,8,10000,HOUR_NY,11,AMBIGUOUS,0,0.0,19
LAST_TRADE,8,10000,HOUR_NY,12,CONTINUATION,5,0.5555555555555556,9
LAST_TRADE,8,10000,HOUR_NY,12,REVERSAL,4,0.4444444444444444,9
LAST_TRADE,8,10000,HOUR_NY,12,NO_EXPANSION,0,0.0,9
LAST_TRADE,8,10000,HOUR_NY,12,AMBIGUOUS,0,0.0,9
LAST_TRADE,8,10000,HOUR_NY,13,CONTINUATION,4,0.6666666666666666,6
LAST_TRADE,8,10000,HOUR_NY,13,REVERSAL,2,0.3333333333333333,6
LAST_TRADE,8,10000,HOUR_NY,13,NO_EXPANSION,0,0.0,6
LAST_TRADE,8,10000,HOUR_NY,13,AMBIGUOUS,0,0.0,6
LAST_TRADE,8,10000,HOUR_NY,14,CONTINUATION,5,0.45454545454545453,11
LAST_TRADE,8,10000,HOUR_NY,14,REVERSAL,3,0.2727272727272727,11
LAST_TRADE,8,10000,HOUR_NY,14,NO_EXPANSION,3,0.2727272727272727,11
LAST_TRADE,8,10000,HOUR_NY,14,AMBIGUOUS,0,0.0,11
LAST_TRADE,8,10000,HOUR_NY,15,CONTINUATION,6,0.5,12
LAST_TRADE,8,10000,HOUR_NY,15,REVERSAL,4,0.3333333333333333,12
LAST_TRADE,8,10000,HOUR_NY,15,NO_EXPANSION,2,0.16666666666666666,12
LAST_TRADE,8,10000,HOUR_NY,15,AMBIGUOUS,0,0.0,12
LAST_TRADE,8,10000,HOUR_NY,16,CONTINUATION,1,1.0,1
LAST_TRADE,8,10000,HOUR_NY,16,REVERSAL,0,0.0,1
LAST_TRADE,8,10000,HOUR_NY,16,NO_EXPANSION,0,0.0,1
LAST_TRADE,8,10000,HOUR_NY,16,AMBIGUOUS,0,0.0,1
LAST_TRADE,8,10000,HOUR_NY,9,CONTINUATION,12,0.5714285714285714,21
LAST_TRADE,8,10000,HOUR_NY,9,REVERSAL,9,0.42857142857142855,21
LAST_TRADE,8,10000,HOUR_NY,9,NO_EXPANSION,0,0.0,21
LAST_TRADE,8,10000,HOUR_NY,9,AMBIGUOUS,0,0.0,21
LAST_TRADE,12,500,ALL,ALL,CONTINUATION,7,0.06306306306306306,111
LAST_TRADE,12,500,ALL,ALL,REVERSAL,6,0.05405405405405406,111
LAST_TRADE,12,500,ALL,ALL,NO_EXPANSION,98,0.8828828828828829,111
LAST_TRADE,12,500,ALL,ALL,AMBIGUOUS,0,0.0,111
LAST_TRADE,12,500,SIDE,BUY,CONTINUATION,3,0.045454545454545456,66
LAST_TRADE,12,500,SIDE,BUY,REVERSAL,6,0.09090909090909091,66
LAST_TRADE,12,500,SIDE,BUY,NO_EXPANSION,57,0.8636363636363636,66
LAST_TRADE,12,500,SIDE,BUY,AMBIGUOUS,0,0.0,66
LAST_TRADE,12,500,SIDE,SELL,CONTINUATION,4,0.08888888888888889,45
LAST_TRADE,12,500,SIDE,SELL,REVERSAL,0,0.0,45
LAST_TRADE,12,500,SIDE,SELL,NO_EXPANSION,41,0.9111111111111111,45
LAST_TRADE,12,500,SIDE,SELL,AMBIGUOUS,0,0.0,45
LAST_TRADE,12,500,SESSION,2022-08-01,CONTINUATION,2,0.08,25
LAST_TRADE,12,500,SESSION,2022-08-01,REVERSAL,0,0.0,25
LAST_TRADE,12,500,SESSION,2022-08-01,NO_EXPANSION,23,0.92,25
LAST_TRADE,12,500,SESSION,2022-08-01,AMBIGUOUS,0,0.0,25
LAST_TRADE,12,500,SESSION,2022-08-02,CONTINUATION,2,0.06451612903225806,31
LAST_TRADE,12,500,SESSION,2022-08-02,REVERSAL,3,0.0967741935483871,31
LAST_TRADE,12,500,SESSION,2022-08-02,NO_EXPANSION,26,0.8387096774193549,31
LAST_TRADE,12,500,SESSION,2022-08-02,AMBIGUOUS,0,0.0,31
LAST_TRADE,12,500,SESSION,2022-08-03,CONTINUATION,2,0.07142857142857142,28
LAST_TRADE,12,500,SESSION,2022-08-03,REVERSAL,1,0.03571428571428571,28
LAST_TRADE,12,500,SESSION,2022-08-03,NO_EXPANSION,25,0.8928571428571429,28
LAST_TRADE,12,500,SESSION,2022-08-03,AMBIGUOUS,0,0.0,28
LAST_TRADE,12,500,SESSION,2022-08-04,CONTINUATION,1,0.07692307692307693,13
LAST_TRADE,12,500,SESSION,2022-08-04,REVERSAL,2,0.15384615384615385,13
LAST_TRADE,12,500,SESSION,2022-08-04,NO_EXPANSION,10,0.7692307692307693,13
LAST_TRADE,12,500,SESSION,2022-08-04,AMBIGUOUS,0,0.0,13
LAST_TRADE,12,500,SESSION,2022-08-05,CONTINUATION,0,0.0,14
LAST_TRADE,12,500,SESSION,2022-08-05,REVERSAL,0,0.0,14
LAST_TRADE,12,500,SESSION,2022-08-05,NO_EXPANSION,14,1.0,14
LAST_TRADE,12,500,SESSION,2022-08-05,AMBIGUOUS,0,0.0,14
LAST_TRADE,12,500,MONTH,2022-08,CONTINUATION,7,0.06306306306306306,111
LAST_TRADE,12,500,MONTH,2022-08,REVERSAL,6,0.05405405405405406,111
LAST_TRADE,12,500,MONTH,2022-08,NO_EXPANSION,98,0.8828828828828829,111
LAST_TRADE,12,500,MONTH,2022-08,AMBIGUOUS,0,0.0,111
LAST_TRADE,12,500,YEAR,2022,CONTINUATION,7,0.06306306306306306,111
LAST_TRADE,12,500,YEAR,2022,REVERSAL,6,0.05405405405405406,111
LAST_TRADE,12,500,YEAR,2022,NO_EXPANSION,98,0.8828828828828829,111
LAST_TRADE,12,500,YEAR,2022,AMBIGUOUS,0,0.0,111
LAST_TRADE,12,500,HOUR_NY,10,CONTINUATION,4,0.125,32
LAST_TRADE,12,500,HOUR_NY,10,REVERSAL,3,0.09375,32
LAST_TRADE,12,500,HOUR_NY,10,NO_EXPANSION,25,0.78125,32
LAST_TRADE,12,500,HOUR_NY,10,AMBIGUOUS,0,0.0,32
LAST_TRADE,12,500,HOUR_NY,11,CONTINUATION,1,0.05263157894736842,19
LAST_TRADE,12,500,HOUR_NY,11,REVERSAL,0,0.0,19
LAST_TRADE,12,500,HOUR_NY,11,NO_EXPANSION,18,0.9473684210526315,19
LAST_TRADE,12,500,HOUR_NY,11,AMBIGUOUS,0,0.0,19
LAST_TRADE,12,500,HOUR_NY,12,CONTINUATION,0,0.0,9
LAST_TRADE,12,500,HOUR_NY,12,REVERSAL,1,0.1111111111111111,9
LAST_TRADE,12,500,HOUR_NY,12,NO_EXPANSION,8,0.8888888888888888,9
LAST_TRADE,12,500,HOUR_NY,12,AMBIGUOUS,0,0.0,9
LAST_TRADE,12,500,HOUR_NY,13,CONTINUATION,0,0.0,6
LAST_TRADE,12,500,HOUR_NY,13,REVERSAL,0,0.0,6
LAST_TRADE,12,500,HOUR_NY,13,NO_EXPANSION,6,1.0,6
LAST_TRADE,12,500,HOUR_NY,13,AMBIGUOUS,0,0.0,6
LAST_TRADE,12,500,HOUR_NY,14,CONTINUATION,1,0.09090909090909091,11
LAST_TRADE,12,500,HOUR_NY,14,REVERSAL,0,0.0,11
LAST_TRADE,12,500,HOUR_NY,14,NO_EXPANSION,10,0.9090909090909091,11
LAST_TRADE,12,500,HOUR_NY,14,AMBIGUOUS,0,0.0,11
LAST_TRADE,12,500,HOUR_NY,15,CONTINUATION,0,0.0,12
LAST_TRADE,12,500,HOUR_NY,15,REVERSAL,2,0.16666666666666666,12
LAST_TRADE,12,500,HOUR_NY,15,NO_EXPANSION,10,0.8333333333333334,12
LAST_TRADE,12,500,HOUR_NY,15,AMBIGUOUS,0,0.0,12
LAST_TRADE,12,500,HOUR_NY,16,CONTINUATION,0,0.0,1
LAST_TRADE,12,500,HOUR_NY,16,REVERSAL,0,0.0,1
LAST_TRADE,12,500,HOUR_NY,16,NO_EXPANSION,1,1.0,1
LAST_TRADE,12,500,HOUR_NY,16,AMBIGUOUS,0,0.0,1
LAST_TRADE,12,500,HOUR_NY,9,CONTINUATION,1,0.047619047619047616,21
LAST_TRADE,12,500,HOUR_NY,9,REVERSAL,0,0.0,21
LAST_TRADE,12,500,HOUR_NY,9,NO_EXPANSION,20,0.9523809523809523,21
LAST_TRADE,12,500,HOUR_NY,9,AMBIGUOUS,0,0.0,21
LAST_TRADE,12,1000,ALL,ALL,CONTINUATION,12,0.10810810810810811,111
LAST_TRADE,12,1000,ALL,ALL,REVERSAL,12,0.10810810810810811,111
LAST_TRADE,12,1000,ALL,ALL,NO_EXPANSION,87,0.7837837837837838,111
LAST_TRADE,12,1000,ALL,ALL,AMBIGUOUS,0,0.0,111
LAST_TRADE,12,1000,SIDE,BUY,CONTINUATION,5,0.07575757575757576,66
LAST_TRADE,12,1000,SIDE,BUY,REVERSAL,7,0.10606060606060606,66
LAST_TRADE,12,1000,SIDE,BUY,NO_EXPANSION,54,0.8181818181818182,66
LAST_TRADE,12,1000,SIDE,BUY,AMBIGUOUS,0,0.0,66
LAST_TRADE,12,1000,SIDE,SELL,CONTINUATION,7,0.15555555555555556,45
LAST_TRADE,12,1000,SIDE,SELL,REVERSAL,5,0.1111111111111111,45
LAST_TRADE,12,1000,SIDE,SELL,NO_EXPANSION,33,0.7333333333333333,45
LAST_TRADE,12,1000,SIDE,SELL,AMBIGUOUS,0,0.0,45
LAST_TRADE,12,1000,SESSION,2022-08-01,CONTINUATION,2,0.08,25
LAST_TRADE,12,1000,SESSION,2022-08-01,REVERSAL,2,0.08,25
LAST_TRADE,12,1000,SESSION,2022-08-01,NO_EXPANSION,21,0.84,25
LAST_TRADE,12,1000,SESSION,2022-08-01,AMBIGUOUS,0,0.0,25
LAST_TRADE,12,1000,SESSION,2022-08-02,CONTINUATION,6,0.1935483870967742,31
LAST_TRADE,12,1000,SESSION,2022-08-02,REVERSAL,7,0.22580645161290322,31
LAST_TRADE,12,1000,SESSION,2022-08-02,NO_EXPANSION,18,0.5806451612903226,31
LAST_TRADE,12,1000,SESSION,2022-08-02,AMBIGUOUS,0,0.0,31
LAST_TRADE,12,1000,SESSION,2022-08-03,CONTINUATION,3,0.10714285714285714,28
LAST_TRADE,12,1000,SESSION,2022-08-03,REVERSAL,1,0.03571428571428571,28
LAST_TRADE,12,1000,SESSION,2022-08-03,NO_EXPANSION,24,0.8571428571428571,28
LAST_TRADE,12,1000,SESSION,2022-08-03,AMBIGUOUS,0,0.0,28
LAST_TRADE,12,1000,SESSION,2022-08-04,CONTINUATION,1,0.07692307692307693,13
LAST_TRADE,12,1000,SESSION,2022-08-04,REVERSAL,2,0.15384615384615385,13
LAST_TRADE,12,1000,SESSION,2022-08-04,NO_EXPANSION,10,0.7692307692307693,13
LAST_TRADE,12,1000,SESSION,2022-08-04,AMBIGUOUS,0,0.0,13
LAST_TRADE,12,1000,SESSION,2022-08-05,CONTINUATION,0,0.0,14
LAST_TRADE,12,1000,SESSION,2022-08-05,REVERSAL,0,0.0,14
LAST_TRADE,12,1000,SESSION,2022-08-05,NO_EXPANSION,14,1.0,14
LAST_TRADE,12,1000,SESSION,2022-08-05,AMBIGUOUS,0,0.0,14
LAST_TRADE,12,1000,MONTH,2022-08,CONTINUATION,12,0.10810810810810811,111
LAST_TRADE,12,1000,MONTH,2022-08,REVERSAL,12,0.10810810810810811,111
LAST_TRADE,12,1000,MONTH,2022-08,NO_EXPANSION,87,0.7837837837837838,111
LAST_TRADE,12,1000,MONTH,2022-08,AMBIGUOUS,0,0.0,111
LAST_TRADE,12,1000,YEAR,2022,CONTINUATION,12,0.10810810810810811,111
LAST_TRADE,12,1000,YEAR,2022,REVERSAL,12,0.10810810810810811,111
LAST_TRADE,12,1000,YEAR,2022,NO_EXPANSION,87,0.7837837837837838,111
LAST_TRADE,12,1000,YEAR,2022,AMBIGUOUS,0,0.0,111
LAST_TRADE,12,1000,HOUR_NY,10,CONTINUATION,6,0.1875,32
LAST_TRADE,12,1000,HOUR_NY,10,REVERSAL,7,0.21875,32
LAST_TRADE,12,1000,HOUR_NY,10,NO_EXPANSION,19,0.59375,32
LAST_TRADE,12,1000,HOUR_NY,10,AMBIGUOUS,0,0.0,32
LAST_TRADE,12,1000,HOUR_NY,11,CONTINUATION,1,0.05263157894736842,19
LAST_TRADE,12,1000,HOUR_NY,11,REVERSAL,0,0.0,19
LAST_TRADE,12,1000,HOUR_NY,11,NO_EXPANSION,18,0.9473684210526315,19
LAST_TRADE,12,1000,HOUR_NY,11,AMBIGUOUS,0,0.0,19
LAST_TRADE,12,1000,HOUR_NY,12,CONTINUATION,0,0.0,9
LAST_TRADE,12,1000,HOUR_NY,12,REVERSAL,1,0.1111111111111111,9
LAST_TRADE,12,1000,HOUR_NY,12,NO_EXPANSION,8,0.8888888888888888,9
LAST_TRADE,12,1000,HOUR_NY,12,AMBIGUOUS,0,0.0,9
LAST_TRADE,12,1000,HOUR_NY,13,CONTINUATION,0,0.0,6
LAST_TRADE,12,1000,HOUR_NY,13,REVERSAL,1,0.16666666666666666,6
LAST_TRADE,12,1000,HOUR_NY,13,NO_EXPANSION,5,0.8333333333333334,6
LAST_TRADE,12,1000,HOUR_NY,13,AMBIGUOUS,0,0.0,6
LAST_TRADE,12,1000,HOUR_NY,14,CONTINUATION,1,0.09090909090909091,11
LAST_TRADE,12,1000,HOUR_NY,14,REVERSAL,0,0.0,11
LAST_TRADE,12,1000,HOUR_NY,14,NO_EXPANSION,10,0.9090909090909091,11
LAST_TRADE,12,1000,HOUR_NY,14,AMBIGUOUS,0,0.0,11
LAST_TRADE,12,1000,HOUR_NY,15,CONTINUATION,0,0.0,12
LAST_TRADE,12,1000,HOUR_NY,15,REVERSAL,2,0.16666666666666666,12
LAST_TRADE,12,1000,HOUR_NY,15,NO_EXPANSION,10,0.8333333333333334,12
LAST_TRADE,12,1000,HOUR_NY,15,AMBIGUOUS,0,0.0,12
LAST_TRADE,12,1000,HOUR_NY,16,CONTINUATION,1,1.0,1
LAST_TRADE,12,1000,HOUR_NY,16,REVERSAL,0,0.0,1
LAST_TRADE,12,1000,HOUR_NY,16,NO_EXPANSION,0,0.0,1
LAST_TRADE,12,1000,HOUR_NY,16,AMBIGUOUS,0,0.0,1
LAST_TRADE,12,1000,HOUR_NY,9,CONTINUATION,3,0.14285714285714285,21
LAST_TRADE,12,1000,HOUR_NY,9,REVERSAL,1,0.047619047619047616,21
LAST_TRADE,12,1000,HOUR_NY,9,NO_EXPANSION,17,0.8095238095238095,21
LAST_TRADE,12,1000,HOUR_NY,9,AMBIGUOUS,0,0.0,21
LAST_TRADE,12,2000,ALL,ALL,CONTINUATION,22,0.1981981981981982,111
LAST_TRADE,12,2000,ALL,ALL,REVERSAL,15,0.13513513513513514,111
LAST_TRADE,12,2000,ALL,ALL,NO_EXPANSION,74,0.6666666666666666,111
LAST_TRADE,12,2000,ALL,ALL,AMBIGUOUS,0,0.0,111
LAST_TRADE,12,2000,SIDE,BUY,CONTINUATION,12,0.18181818181818182,66
LAST_TRADE,12,2000,SIDE,BUY,REVERSAL,8,0.12121212121212122,66
LAST_TRADE,12,2000,SIDE,BUY,NO_EXPANSION,46,0.696969696969697,66
LAST_TRADE,12,2000,SIDE,BUY,AMBIGUOUS,0,0.0,66
LAST_TRADE,12,2000,SIDE,SELL,CONTINUATION,10,0.2222222222222222,45
LAST_TRADE,12,2000,SIDE,SELL,REVERSAL,7,0.15555555555555556,45
LAST_TRADE,12,2000,SIDE,SELL,NO_EXPANSION,28,0.6222222222222222,45
LAST_TRADE,12,2000,SIDE,SELL,AMBIGUOUS,0,0.0,45
LAST_TRADE,12,2000,SESSION,2022-08-01,CONTINUATION,5,0.2,25
LAST_TRADE,12,2000,SESSION,2022-08-01,REVERSAL,4,0.16,25
LAST_TRADE,12,2000,SESSION,2022-08-01,NO_EXPANSION,16,0.64,25
LAST_TRADE,12,2000,SESSION,2022-08-01,AMBIGUOUS,0,0.0,25
LAST_TRADE,12,2000,SESSION,2022-08-02,CONTINUATION,7,0.22580645161290322,31
LAST_TRADE,12,2000,SESSION,2022-08-02,REVERSAL,7,0.22580645161290322,31
LAST_TRADE,12,2000,SESSION,2022-08-02,NO_EXPANSION,17,0.5483870967741935,31
LAST_TRADE,12,2000,SESSION,2022-08-02,AMBIGUOUS,0,0.0,31
LAST_TRADE,12,2000,SESSION,2022-08-03,CONTINUATION,6,0.21428571428571427,28
LAST_TRADE,12,2000,SESSION,2022-08-03,REVERSAL,1,0.03571428571428571,28
LAST_TRADE,12,2000,SESSION,2022-08-03,NO_EXPANSION,21,0.75,28
LAST_TRADE,12,2000,SESSION,2022-08-03,AMBIGUOUS,0,0.0,28
LAST_TRADE,12,2000,SESSION,2022-08-04,CONTINUATION,1,0.07692307692307693,13
LAST_TRADE,12,2000,SESSION,2022-08-04,REVERSAL,3,0.23076923076923078,13
LAST_TRADE,12,2000,SESSION,2022-08-04,NO_EXPANSION,9,0.6923076923076923,13
LAST_TRADE,12,2000,SESSION,2022-08-04,AMBIGUOUS,0,0.0,13
LAST_TRADE,12,2000,SESSION,2022-08-05,CONTINUATION,3,0.21428571428571427,14
LAST_TRADE,12,2000,SESSION,2022-08-05,REVERSAL,0,0.0,14
LAST_TRADE,12,2000,SESSION,2022-08-05,NO_EXPANSION,11,0.7857142857142857,14
LAST_TRADE,12,2000,SESSION,2022-08-05,AMBIGUOUS,0,0.0,14
LAST_TRADE,12,2000,MONTH,2022-08,CONTINUATION,22,0.1981981981981982,111
LAST_TRADE,12,2000,MONTH,2022-08,REVERSAL,15,0.13513513513513514,111
LAST_TRADE,12,2000,MONTH,2022-08,NO_EXPANSION,74,0.6666666666666666,111
LAST_TRADE,12,2000,MONTH,2022-08,AMBIGUOUS,0,0.0,111
LAST_TRADE,12,2000,YEAR,2022,CONTINUATION,22,0.1981981981981982,111
LAST_TRADE,12,2000,YEAR,2022,REVERSAL,15,0.13513513513513514,111
LAST_TRADE,12,2000,YEAR,2022,NO_EXPANSION,74,0.6666666666666666,111
LAST_TRADE,12,2000,YEAR,2022,AMBIGUOUS,0,0.0,111
LAST_TRADE,12,2000,HOUR_NY,10,CONTINUATION,7,0.21875,32
LAST_TRADE,12,2000,HOUR_NY,10,REVERSAL,8,0.25,32
LAST_TRADE,12,2000,HOUR_NY,10,NO_EXPANSION,17,0.53125,32
LAST_TRADE,12,2000,HOUR_NY,10,AMBIGUOUS,0,0.0,32
LAST_TRADE,12,2000,HOUR_NY,11,CONTINUATION,3,0.15789473684210525,19
LAST_TRADE,12,2000,HOUR_NY,11,REVERSAL,0,0.0,19
LAST_TRADE,12,2000,HOUR_NY,11,NO_EXPANSION,16,0.8421052631578947,19
LAST_TRADE,12,2000,HOUR_NY,11,AMBIGUOUS,0,0.0,19
LAST_TRADE,12,2000,HOUR_NY,12,CONTINUATION,0,0.0,9
LAST_TRADE,12,2000,HOUR_NY,12,REVERSAL,1,0.1111111111111111,9
LAST_TRADE,12,2000,HOUR_NY,12,NO_EXPANSION,8,0.8888888888888888,9
LAST_TRADE,12,2000,HOUR_NY,12,AMBIGUOUS,0,0.0,9
LAST_TRADE,12,2000,HOUR_NY,13,CONTINUATION,0,0.0,6
LAST_TRADE,12,2000,HOUR_NY,13,REVERSAL,1,0.16666666666666666,6
LAST_TRADE,12,2000,HOUR_NY,13,NO_EXPANSION,5,0.8333333333333334,6
LAST_TRADE,12,2000,HOUR_NY,13,AMBIGUOUS,0,0.0,6
LAST_TRADE,12,2000,HOUR_NY,14,CONTINUATION,2,0.18181818181818182,11
LAST_TRADE,12,2000,HOUR_NY,14,REVERSAL,0,0.0,11
LAST_TRADE,12,2000,HOUR_NY,14,NO_EXPANSION,9,0.8181818181818182,11
LAST_TRADE,12,2000,HOUR_NY,14,AMBIGUOUS,0,0.0,11
LAST_TRADE,12,2000,HOUR_NY,15,CONTINUATION,1,0.08333333333333333,12
LAST_TRADE,12,2000,HOUR_NY,15,REVERSAL,3,0.25,12
LAST_TRADE,12,2000,HOUR_NY,15,NO_EXPANSION,8,0.6666666666666666,12
LAST_TRADE,12,2000,HOUR_NY,15,AMBIGUOUS,0,0.0,12
LAST_TRADE,12,2000,HOUR_NY,16,CONTINUATION,1,1.0,1
LAST_TRADE,12,2000,HOUR_NY,16,REVERSAL,0,0.0,1
LAST_TRADE,12,2000,HOUR_NY,16,NO_EXPANSION,0,0.0,1
LAST_TRADE,12,2000,HOUR_NY,16,AMBIGUOUS,0,0.0,1
LAST_TRADE,12,2000,HOUR_NY,9,CONTINUATION,8,0.38095238095238093,21
LAST_TRADE,12,2000,HOUR_NY,9,REVERSAL,2,0.09523809523809523,21
LAST_TRADE,12,2000,HOUR_NY,9,NO_EXPANSION,11,0.5238095238095238,21
LAST_TRADE,12,2000,HOUR_NY,9,AMBIGUOUS,0,0.0,21
LAST_TRADE,12,5000,ALL,ALL,CONTINUATION,38,0.34234234234234234,111
LAST_TRADE,12,5000,ALL,ALL,REVERSAL,29,0.26126126126126126,111
LAST_TRADE,12,5000,ALL,ALL,NO_EXPANSION,44,0.3963963963963964,111
LAST_TRADE,12,5000,ALL,ALL,AMBIGUOUS,0,0.0,111
LAST_TRADE,12,5000,SIDE,BUY,CONTINUATION,25,0.3787878787878788,66
LAST_TRADE,12,5000,SIDE,BUY,REVERSAL,18,0.2727272727272727,66
LAST_TRADE,12,5000,SIDE,BUY,NO_EXPANSION,23,0.3484848484848485,66
LAST_TRADE,12,5000,SIDE,BUY,AMBIGUOUS,0,0.0,66
LAST_TRADE,12,5000,SIDE,SELL,CONTINUATION,13,0.28888888888888886,45
LAST_TRADE,12,5000,SIDE,SELL,REVERSAL,11,0.24444444444444444,45
LAST_TRADE,12,5000,SIDE,SELL,NO_EXPANSION,21,0.4666666666666667,45
LAST_TRADE,12,5000,SIDE,SELL,AMBIGUOUS,0,0.0,45
LAST_TRADE,12,5000,SESSION,2022-08-01,CONTINUATION,8,0.32,25
LAST_TRADE,12,5000,SESSION,2022-08-01,REVERSAL,6,0.24,25
LAST_TRADE,12,5000,SESSION,2022-08-01,NO_EXPANSION,11,0.44,25
LAST_TRADE,12,5000,SESSION,2022-08-01,AMBIGUOUS,0,0.0,25
LAST_TRADE,12,5000,SESSION,2022-08-02,CONTINUATION,13,0.41935483870967744,31
LAST_TRADE,12,5000,SESSION,2022-08-02,REVERSAL,12,0.3870967741935484,31
LAST_TRADE,12,5000,SESSION,2022-08-02,NO_EXPANSION,6,0.1935483870967742,31
LAST_TRADE,12,5000,SESSION,2022-08-02,AMBIGUOUS,0,0.0,31
LAST_TRADE,12,5000,SESSION,2022-08-03,CONTINUATION,9,0.32142857142857145,28
LAST_TRADE,12,5000,SESSION,2022-08-03,REVERSAL,4,0.14285714285714285,28
LAST_TRADE,12,5000,SESSION,2022-08-03,NO_EXPANSION,15,0.5357142857142857,28
LAST_TRADE,12,5000,SESSION,2022-08-03,AMBIGUOUS,0,0.0,28
LAST_TRADE,12,5000,SESSION,2022-08-04,CONTINUATION,2,0.15384615384615385,13
LAST_TRADE,12,5000,SESSION,2022-08-04,REVERSAL,6,0.46153846153846156,13
LAST_TRADE,12,5000,SESSION,2022-08-04,NO_EXPANSION,5,0.38461538461538464,13
LAST_TRADE,12,5000,SESSION,2022-08-04,AMBIGUOUS,0,0.0,13
LAST_TRADE,12,5000,SESSION,2022-08-05,CONTINUATION,6,0.42857142857142855,14
LAST_TRADE,12,5000,SESSION,2022-08-05,REVERSAL,1,0.07142857142857142,14
LAST_TRADE,12,5000,SESSION,2022-08-05,NO_EXPANSION,7,0.5,14
LAST_TRADE,12,5000,SESSION,2022-08-05,AMBIGUOUS,0,0.0,14
LAST_TRADE,12,5000,MONTH,2022-08,CONTINUATION,38,0.34234234234234234,111
LAST_TRADE,12,5000,MONTH,2022-08,REVERSAL,29,0.26126126126126126,111
LAST_TRADE,12,5000,MONTH,2022-08,NO_EXPANSION,44,0.3963963963963964,111
LAST_TRADE,12,5000,MONTH,2022-08,AMBIGUOUS,0,0.0,111
LAST_TRADE,12,5000,YEAR,2022,CONTINUATION,38,0.34234234234234234,111
LAST_TRADE,12,5000,YEAR,2022,REVERSAL,29,0.26126126126126126,111
LAST_TRADE,12,5000,YEAR,2022,NO_EXPANSION,44,0.3963963963963964,111
LAST_TRADE,12,5000,YEAR,2022,AMBIGUOUS,0,0.0,111
LAST_TRADE,12,5000,HOUR_NY,10,CONTINUATION,11,0.34375,32
LAST_TRADE,12,5000,HOUR_NY,10,REVERSAL,13,0.40625,32
LAST_TRADE,12,5000,HOUR_NY,10,NO_EXPANSION,8,0.25,32
LAST_TRADE,12,5000,HOUR_NY,10,AMBIGUOUS,0,0.0,32
LAST_TRADE,12,5000,HOUR_NY,11,CONTINUATION,4,0.21052631578947367,19
LAST_TRADE,12,5000,HOUR_NY,11,REVERSAL,0,0.0,19
LAST_TRADE,12,5000,HOUR_NY,11,NO_EXPANSION,15,0.7894736842105263,19
LAST_TRADE,12,5000,HOUR_NY,11,AMBIGUOUS,0,0.0,19
LAST_TRADE,12,5000,HOUR_NY,12,CONTINUATION,2,0.2222222222222222,9
LAST_TRADE,12,5000,HOUR_NY,12,REVERSAL,2,0.2222222222222222,9
LAST_TRADE,12,5000,HOUR_NY,12,NO_EXPANSION,5,0.5555555555555556,9
LAST_TRADE,12,5000,HOUR_NY,12,AMBIGUOUS,0,0.0,9
LAST_TRADE,12,5000,HOUR_NY,13,CONTINUATION,1,0.16666666666666666,6
LAST_TRADE,12,5000,HOUR_NY,13,REVERSAL,1,0.16666666666666666,6
LAST_TRADE,12,5000,HOUR_NY,13,NO_EXPANSION,4,0.6666666666666666,6
LAST_TRADE,12,5000,HOUR_NY,13,AMBIGUOUS,0,0.0,6
LAST_TRADE,12,5000,HOUR_NY,14,CONTINUATION,2,0.18181818181818182,11
LAST_TRADE,12,5000,HOUR_NY,14,REVERSAL,2,0.18181818181818182,11
LAST_TRADE,12,5000,HOUR_NY,14,NO_EXPANSION,7,0.6363636363636364,11
LAST_TRADE,12,5000,HOUR_NY,14,AMBIGUOUS,0,0.0,11
LAST_TRADE,12,5000,HOUR_NY,15,CONTINUATION,4,0.3333333333333333,12
LAST_TRADE,12,5000,HOUR_NY,15,REVERSAL,4,0.3333333333333333,12
LAST_TRADE,12,5000,HOUR_NY,15,NO_EXPANSION,4,0.3333333333333333,12
LAST_TRADE,12,5000,HOUR_NY,15,AMBIGUOUS,0,0.0,12
LAST_TRADE,12,5000,HOUR_NY,16,CONTINUATION,1,1.0,1
LAST_TRADE,12,5000,HOUR_NY,16,REVERSAL,0,0.0,1
LAST_TRADE,12,5000,HOUR_NY,16,NO_EXPANSION,0,0.0,1
LAST_TRADE,12,5000,HOUR_NY,16,AMBIGUOUS,0,0.0,1
LAST_TRADE,12,5000,HOUR_NY,9,CONTINUATION,13,0.6190476190476191,21
LAST_TRADE,12,5000,HOUR_NY,9,REVERSAL,7,0.3333333333333333,21
LAST_TRADE,12,5000,HOUR_NY,9,NO_EXPANSION,1,0.047619047619047616,21
LAST_TRADE,12,5000,HOUR_NY,9,AMBIGUOUS,0,0.0,21
LAST_TRADE,12,10000,ALL,ALL,CONTINUATION,50,0.45045045045045046,111
LAST_TRADE,12,10000,ALL,ALL,REVERSAL,35,0.3153153153153153,111
LAST_TRADE,12,10000,ALL,ALL,NO_EXPANSION,26,0.23423423423423423,111
LAST_TRADE,12,10000,ALL,ALL,AMBIGUOUS,0,0.0,111
LAST_TRADE,12,10000,SIDE,BUY,CONTINUATION,31,0.4696969696969697,66
LAST_TRADE,12,10000,SIDE,BUY,REVERSAL,20,0.30303030303030304,66
LAST_TRADE,12,10000,SIDE,BUY,NO_EXPANSION,15,0.22727272727272727,66
LAST_TRADE,12,10000,SIDE,BUY,AMBIGUOUS,0,0.0,66
LAST_TRADE,12,10000,SIDE,SELL,CONTINUATION,19,0.4222222222222222,45
LAST_TRADE,12,10000,SIDE,SELL,REVERSAL,15,0.3333333333333333,45
LAST_TRADE,12,10000,SIDE,SELL,NO_EXPANSION,11,0.24444444444444444,45
LAST_TRADE,12,10000,SIDE,SELL,AMBIGUOUS,0,0.0,45
LAST_TRADE,12,10000,SESSION,2022-08-01,CONTINUATION,10,0.4,25
LAST_TRADE,12,10000,SESSION,2022-08-01,REVERSAL,9,0.36,25
LAST_TRADE,12,10000,SESSION,2022-08-01,NO_EXPANSION,6,0.24,25
LAST_TRADE,12,10000,SESSION,2022-08-01,AMBIGUOUS,0,0.0,25
LAST_TRADE,12,10000,SESSION,2022-08-02,CONTINUATION,14,0.45161290322580644,31
LAST_TRADE,12,10000,SESSION,2022-08-02,REVERSAL,13,0.41935483870967744,31
LAST_TRADE,12,10000,SESSION,2022-08-02,NO_EXPANSION,4,0.12903225806451613,31
LAST_TRADE,12,10000,SESSION,2022-08-02,AMBIGUOUS,0,0.0,31
LAST_TRADE,12,10000,SESSION,2022-08-03,CONTINUATION,13,0.4642857142857143,28
LAST_TRADE,12,10000,SESSION,2022-08-03,REVERSAL,4,0.14285714285714285,28
LAST_TRADE,12,10000,SESSION,2022-08-03,NO_EXPANSION,11,0.39285714285714285,28
LAST_TRADE,12,10000,SESSION,2022-08-03,AMBIGUOUS,0,0.0,28
LAST_TRADE,12,10000,SESSION,2022-08-04,CONTINUATION,4,0.3076923076923077,13
LAST_TRADE,12,10000,SESSION,2022-08-04,REVERSAL,6,0.46153846153846156,13
LAST_TRADE,12,10000,SESSION,2022-08-04,NO_EXPANSION,3,0.23076923076923078,13
LAST_TRADE,12,10000,SESSION,2022-08-04,AMBIGUOUS,0,0.0,13
LAST_TRADE,12,10000,SESSION,2022-08-05,CONTINUATION,9,0.6428571428571429,14
LAST_TRADE,12,10000,SESSION,2022-08-05,REVERSAL,3,0.21428571428571427,14
LAST_TRADE,12,10000,SESSION,2022-08-05,NO_EXPANSION,2,0.14285714285714285,14
LAST_TRADE,12,10000,SESSION,2022-08-05,AMBIGUOUS,0,0.0,14
LAST_TRADE,12,10000,MONTH,2022-08,CONTINUATION,50,0.45045045045045046,111
LAST_TRADE,12,10000,MONTH,2022-08,REVERSAL,35,0.3153153153153153,111
LAST_TRADE,12,10000,MONTH,2022-08,NO_EXPANSION,26,0.23423423423423423,111
LAST_TRADE,12,10000,MONTH,2022-08,AMBIGUOUS,0,0.0,111
LAST_TRADE,12,10000,YEAR,2022,CONTINUATION,50,0.45045045045045046,111
LAST_TRADE,12,10000,YEAR,2022,REVERSAL,35,0.3153153153153153,111
LAST_TRADE,12,10000,YEAR,2022,NO_EXPANSION,26,0.23423423423423423,111
LAST_TRADE,12,10000,YEAR,2022,AMBIGUOUS,0,0.0,111
LAST_TRADE,12,10000,HOUR_NY,10,CONTINUATION,16,0.5,32
LAST_TRADE,12,10000,HOUR_NY,10,REVERSAL,15,0.46875,32
LAST_TRADE,12,10000,HOUR_NY,10,NO_EXPANSION,1,0.03125,32
LAST_TRADE,12,10000,HOUR_NY,10,AMBIGUOUS,0,0.0,32
LAST_TRADE,12,10000,HOUR_NY,11,CONTINUATION,7,0.3684210526315789,19
LAST_TRADE,12,10000,HOUR_NY,11,REVERSAL,2,0.10526315789473684,19
LAST_TRADE,12,10000,HOUR_NY,11,NO_EXPANSION,10,0.5263157894736842,19
LAST_TRADE,12,10000,HOUR_NY,11,AMBIGUOUS,0,0.0,19
LAST_TRADE,12,10000,HOUR_NY,12,CONTINUATION,4,0.4444444444444444,9
LAST_TRADE,12,10000,HOUR_NY,12,REVERSAL,3,0.3333333333333333,9
LAST_TRADE,12,10000,HOUR_NY,12,NO_EXPANSION,2,0.2222222222222222,9
LAST_TRADE,12,10000,HOUR_NY,12,AMBIGUOUS,0,0.0,9
LAST_TRADE,12,10000,HOUR_NY,13,CONTINUATION,3,0.5,6
LAST_TRADE,12,10000,HOUR_NY,13,REVERSAL,1,0.16666666666666666,6
LAST_TRADE,12,10000,HOUR_NY,13,NO_EXPANSION,2,0.3333333333333333,6
LAST_TRADE,12,10000,HOUR_NY,13,AMBIGUOUS,0,0.0,6
LAST_TRADE,12,10000,HOUR_NY,14,CONTINUATION,2,0.18181818181818182,11
LAST_TRADE,12,10000,HOUR_NY,14,REVERSAL,2,0.18181818181818182,11
LAST_TRADE,12,10000,HOUR_NY,14,NO_EXPANSION,7,0.6363636363636364,11
LAST_TRADE,12,10000,HOUR_NY,14,AMBIGUOUS,0,0.0,11
LAST_TRADE,12,10000,HOUR_NY,15,CONTINUATION,4,0.3333333333333333,12
LAST_TRADE,12,10000,HOUR_NY,15,REVERSAL,5,0.4166666666666667,12
LAST_TRADE,12,10000,HOUR_NY,15,NO_EXPANSION,3,0.25,12
LAST_TRADE,12,10000,HOUR_NY,15,AMBIGUOUS,0,0.0,12
LAST_TRADE,12,10000,HOUR_NY,16,CONTINUATION,1,1.0,1
LAST_TRADE,12,10000,HOUR_NY,16,REVERSAL,0,0.0,1
LAST_TRADE,12,10000,HOUR_NY,16,NO_EXPANSION,0,0.0,1
LAST_TRADE,12,10000,HOUR_NY,16,AMBIGUOUS,0,0.0,1
LAST_TRADE,12,10000,HOUR_NY,9,CONTINUATION,13,0.6190476190476191,21
LAST_TRADE,12,10000,HOUR_NY,9,REVERSAL,7,0.3333333333333333,21
LAST_TRADE,12,10000,HOUR_NY,9,NO_EXPANSION,1,0.047619047619047616,21
LAST_TRADE,12,10000,HOUR_NY,9,AMBIGUOUS,0,0.0,21
LAST_TRADE,16,500,ALL,ALL,CONTINUATION,4,0.036036036036036036,111
LAST_TRADE,16,500,ALL,ALL,REVERSAL,3,0.02702702702702703,111
LAST_TRADE,16,500,ALL,ALL,NO_EXPANSION,104,0.9369369369369369,111
LAST_TRADE,16,500,ALL,ALL,AMBIGUOUS,0,0.0,111
LAST_TRADE,16,500,SIDE,BUY,CONTINUATION,2,0.030303030303030304,66
LAST_TRADE,16,500,SIDE,BUY,REVERSAL,3,0.045454545454545456,66
LAST_TRADE,16,500,SIDE,BUY,NO_EXPANSION,61,0.9242424242424242,66
LAST_TRADE,16,500,SIDE,BUY,AMBIGUOUS,0,0.0,66
LAST_TRADE,16,500,SIDE,SELL,CONTINUATION,2,0.044444444444444446,45
LAST_TRADE,16,500,SIDE,SELL,REVERSAL,0,0.0,45
LAST_TRADE,16,500,SIDE,SELL,NO_EXPANSION,43,0.9555555555555556,45
LAST_TRADE,16,500,SIDE,SELL,AMBIGUOUS,0,0.0,45
LAST_TRADE,16,500,SESSION,2022-08-01,CONTINUATION,1,0.04,25
LAST_TRADE,16,500,SESSION,2022-08-01,REVERSAL,0,0.0,25
LAST_TRADE,16,500,SESSION,2022-08-01,NO_EXPANSION,24,0.96,25
LAST_TRADE,16,500,SESSION,2022-08-01,AMBIGUOUS,0,0.0,25
LAST_TRADE,16,500,SESSION,2022-08-02,CONTINUATION,1,0.03225806451612903,31
LAST_TRADE,16,500,SESSION,2022-08-02,REVERSAL,1,0.03225806451612903,31
LAST_TRADE,16,500,SESSION,2022-08-02,NO_EXPANSION,29,0.9354838709677419,31
LAST_TRADE,16,500,SESSION,2022-08-02,AMBIGUOUS,0,0.0,31
LAST_TRADE,16,500,SESSION,2022-08-03,CONTINUATION,1,0.03571428571428571,28
LAST_TRADE,16,500,SESSION,2022-08-03,REVERSAL,1,0.03571428571428571,28
LAST_TRADE,16,500,SESSION,2022-08-03,NO_EXPANSION,26,0.9285714285714286,28
LAST_TRADE,16,500,SESSION,2022-08-03,AMBIGUOUS,0,0.0,28
LAST_TRADE,16,500,SESSION,2022-08-04,CONTINUATION,1,0.07692307692307693,13
LAST_TRADE,16,500,SESSION,2022-08-04,REVERSAL,1,0.07692307692307693,13
LAST_TRADE,16,500,SESSION,2022-08-04,NO_EXPANSION,11,0.8461538461538461,13
LAST_TRADE,16,500,SESSION,2022-08-04,AMBIGUOUS,0,0.0,13
LAST_TRADE,16,500,SESSION,2022-08-05,CONTINUATION,0,0.0,14
LAST_TRADE,16,500,SESSION,2022-08-05,REVERSAL,0,0.0,14
LAST_TRADE,16,500,SESSION,2022-08-05,NO_EXPANSION,14,1.0,14
LAST_TRADE,16,500,SESSION,2022-08-05,AMBIGUOUS,0,0.0,14
LAST_TRADE,16,500,MONTH,2022-08,CONTINUATION,4,0.036036036036036036,111
LAST_TRADE,16,500,MONTH,2022-08,REVERSAL,3,0.02702702702702703,111
LAST_TRADE,16,500,MONTH,2022-08,NO_EXPANSION,104,0.9369369369369369,111
LAST_TRADE,16,500,MONTH,2022-08,AMBIGUOUS,0,0.0,111
LAST_TRADE,16,500,YEAR,2022,CONTINUATION,4,0.036036036036036036,111
LAST_TRADE,16,500,YEAR,2022,REVERSAL,3,0.02702702702702703,111
LAST_TRADE,16,500,YEAR,2022,NO_EXPANSION,104,0.9369369369369369,111
LAST_TRADE,16,500,YEAR,2022,AMBIGUOUS,0,0.0,111
LAST_TRADE,16,500,HOUR_NY,10,CONTINUATION,2,0.0625,32
LAST_TRADE,16,500,HOUR_NY,10,REVERSAL,1,0.03125,32
LAST_TRADE,16,500,HOUR_NY,10,NO_EXPANSION,29,0.90625,32
LAST_TRADE,16,500,HOUR_NY,10,AMBIGUOUS,0,0.0,32
LAST_TRADE,16,500,HOUR_NY,11,CONTINUATION,1,0.05263157894736842,19
LAST_TRADE,16,500,HOUR_NY,11,REVERSAL,0,0.0,19
LAST_TRADE,16,500,HOUR_NY,11,NO_EXPANSION,18,0.9473684210526315,19
LAST_TRADE,16,500,HOUR_NY,11,AMBIGUOUS,0,0.0,19
LAST_TRADE,16,500,HOUR_NY,12,CONTINUATION,0,0.0,9
LAST_TRADE,16,500,HOUR_NY,12,REVERSAL,1,0.1111111111111111,9
LAST_TRADE,16,500,HOUR_NY,12,NO_EXPANSION,8,0.8888888888888888,9
LAST_TRADE,16,500,HOUR_NY,12,AMBIGUOUS,0,0.0,9
LAST_TRADE,16,500,HOUR_NY,13,CONTINUATION,0,0.0,6
LAST_TRADE,16,500,HOUR_NY,13,REVERSAL,0,0.0,6
LAST_TRADE,16,500,HOUR_NY,13,NO_EXPANSION,6,1.0,6
LAST_TRADE,16,500,HOUR_NY,13,AMBIGUOUS,0,0.0,6
LAST_TRADE,16,500,HOUR_NY,14,CONTINUATION,1,0.09090909090909091,11
LAST_TRADE,16,500,HOUR_NY,14,REVERSAL,0,0.0,11
LAST_TRADE,16,500,HOUR_NY,14,NO_EXPANSION,10,0.9090909090909091,11
LAST_TRADE,16,500,HOUR_NY,14,AMBIGUOUS,0,0.0,11
LAST_TRADE,16,500,HOUR_NY,15,CONTINUATION,0,0.0,12
LAST_TRADE,16,500,HOUR_NY,15,REVERSAL,1,0.08333333333333333,12
LAST_TRADE,16,500,HOUR_NY,15,NO_EXPANSION,11,0.9166666666666666,12
LAST_TRADE,16,500,HOUR_NY,15,AMBIGUOUS,0,0.0,12
LAST_TRADE,16,500,HOUR_NY,16,CONTINUATION,0,0.0,1
LAST_TRADE,16,500,HOUR_NY,16,REVERSAL,0,0.0,1
LAST_TRADE,16,500,HOUR_NY,16,NO_EXPANSION,1,1.0,1
LAST_TRADE,16,500,HOUR_NY,16,AMBIGUOUS,0,0.0,1
LAST_TRADE,16,500,HOUR_NY,9,CONTINUATION,0,0.0,21
LAST_TRADE,16,500,HOUR_NY,9,REVERSAL,0,0.0,21
LAST_TRADE,16,500,HOUR_NY,9,NO_EXPANSION,21,1.0,21
LAST_TRADE,16,500,HOUR_NY,9,AMBIGUOUS,0,0.0,21
LAST_TRADE,16,1000,ALL,ALL,CONTINUATION,7,0.06306306306306306,111
LAST_TRADE,16,1000,ALL,ALL,REVERSAL,5,0.04504504504504504,111
LAST_TRADE,16,1000,ALL,ALL,NO_EXPANSION,99,0.8918918918918919,111
LAST_TRADE,16,1000,ALL,ALL,AMBIGUOUS,0,0.0,111
LAST_TRADE,16,1000,SIDE,BUY,CONTINUATION,3,0.045454545454545456,66
LAST_TRADE,16,1000,SIDE,BUY,REVERSAL,4,0.06060606060606061,66
LAST_TRADE,16,1000,SIDE,BUY,NO_EXPANSION,59,0.8939393939393939,66
LAST_TRADE,16,1000,SIDE,BUY,AMBIGUOUS,0,0.0,66
LAST_TRADE,16,1000,SIDE,SELL,CONTINUATION,4,0.08888888888888889,45
LAST_TRADE,16,1000,SIDE,SELL,REVERSAL,1,0.022222222222222223,45
LAST_TRADE,16,1000,SIDE,SELL,NO_EXPANSION,40,0.8888888888888888,45
LAST_TRADE,16,1000,SIDE,SELL,AMBIGUOUS,0,0.0,45
LAST_TRADE,16,1000,SESSION,2022-08-01,CONTINUATION,2,0.08,25
LAST_TRADE,16,1000,SESSION,2022-08-01,REVERSAL,0,0.0,25
LAST_TRADE,16,1000,SESSION,2022-08-01,NO_EXPANSION,23,0.92,25
LAST_TRADE,16,1000,SESSION,2022-08-01,AMBIGUOUS,0,0.0,25
LAST_TRADE,16,1000,SESSION,2022-08-02,CONTINUATION,2,0.06451612903225806,31
LAST_TRADE,16,1000,SESSION,2022-08-02,REVERSAL,3,0.0967741935483871,31
LAST_TRADE,16,1000,SESSION,2022-08-02,NO_EXPANSION,26,0.8387096774193549,31
LAST_TRADE,16,1000,SESSION,2022-08-02,AMBIGUOUS,0,0.0,31
LAST_TRADE,16,1000,SESSION,2022-08-03,CONTINUATION,2,0.07142857142857142,28
LAST_TRADE,16,1000,SESSION,2022-08-03,REVERSAL,1,0.03571428571428571,28
LAST_TRADE,16,1000,SESSION,2022-08-03,NO_EXPANSION,25,0.8928571428571429,28
LAST_TRADE,16,1000,SESSION,2022-08-03,AMBIGUOUS,0,0.0,28
LAST_TRADE,16,1000,SESSION,2022-08-04,CONTINUATION,1,0.07692307692307693,13
LAST_TRADE,16,1000,SESSION,2022-08-04,REVERSAL,1,0.07692307692307693,13
LAST_TRADE,16,1000,SESSION,2022-08-04,NO_EXPANSION,11,0.8461538461538461,13
LAST_TRADE,16,1000,SESSION,2022-08-04,AMBIGUOUS,0,0.0,13
LAST_TRADE,16,1000,SESSION,2022-08-05,CONTINUATION,0,0.0,14
LAST_TRADE,16,1000,SESSION,2022-08-05,REVERSAL,0,0.0,14
LAST_TRADE,16,1000,SESSION,2022-08-05,NO_EXPANSION,14,1.0,14
LAST_TRADE,16,1000,SESSION,2022-08-05,AMBIGUOUS,0,0.0,14
LAST_TRADE,16,1000,MONTH,2022-08,CONTINUATION,7,0.06306306306306306,111
LAST_TRADE,16,1000,MONTH,2022-08,REVERSAL,5,0.04504504504504504,111
LAST_TRADE,16,1000,MONTH,2022-08,NO_EXPANSION,99,0.8918918918918919,111
LAST_TRADE,16,1000,MONTH,2022-08,AMBIGUOUS,0,0.0,111
LAST_TRADE,16,1000,YEAR,2022,CONTINUATION,7,0.06306306306306306,111
LAST_TRADE,16,1000,YEAR,2022,REVERSAL,5,0.04504504504504504,111
LAST_TRADE,16,1000,YEAR,2022,NO_EXPANSION,99,0.8918918918918919,111
LAST_TRADE,16,1000,YEAR,2022,AMBIGUOUS,0,0.0,111
LAST_TRADE,16,1000,HOUR_NY,10,CONTINUATION,4,0.125,32
LAST_TRADE,16,1000,HOUR_NY,10,REVERSAL,3,0.09375,32
LAST_TRADE,16,1000,HOUR_NY,10,NO_EXPANSION,25,0.78125,32
LAST_TRADE,16,1000,HOUR_NY,10,AMBIGUOUS,0,0.0,32
LAST_TRADE,16,1000,HOUR_NY,11,CONTINUATION,1,0.05263157894736842,19
LAST_TRADE,16,1000,HOUR_NY,11,REVERSAL,0,0.0,19
LAST_TRADE,16,1000,HOUR_NY,11,NO_EXPANSION,18,0.9473684210526315,19
LAST_TRADE,16,1000,HOUR_NY,11,AMBIGUOUS,0,0.0,19
LAST_TRADE,16,1000,HOUR_NY,12,CONTINUATION,0,0.0,9
LAST_TRADE,16,1000,HOUR_NY,12,REVERSAL,1,0.1111111111111111,9
LAST_TRADE,16,1000,HOUR_NY,12,NO_EXPANSION,8,0.8888888888888888,9
LAST_TRADE,16,1000,HOUR_NY,12,AMBIGUOUS,0,0.0,9
LAST_TRADE,16,1000,HOUR_NY,13,CONTINUATION,0,0.0,6
LAST_TRADE,16,1000,HOUR_NY,13,REVERSAL,0,0.0,6
LAST_TRADE,16,1000,HOUR_NY,13,NO_EXPANSION,6,1.0,6
LAST_TRADE,16,1000,HOUR_NY,13,AMBIGUOUS,0,0.0,6
LAST_TRADE,16,1000,HOUR_NY,14,CONTINUATION,1,0.09090909090909091,11
LAST_TRADE,16,1000,HOUR_NY,14,REVERSAL,0,0.0,11
LAST_TRADE,16,1000,HOUR_NY,14,NO_EXPANSION,10,0.9090909090909091,11
LAST_TRADE,16,1000,HOUR_NY,14,AMBIGUOUS,0,0.0,11
LAST_TRADE,16,1000,HOUR_NY,15,CONTINUATION,0,0.0,12
LAST_TRADE,16,1000,HOUR_NY,15,REVERSAL,1,0.08333333333333333,12
LAST_TRADE,16,1000,HOUR_NY,15,NO_EXPANSION,11,0.9166666666666666,12
LAST_TRADE,16,1000,HOUR_NY,15,AMBIGUOUS,0,0.0,12
LAST_TRADE,16,1000,HOUR_NY,16,CONTINUATION,0,0.0,1
LAST_TRADE,16,1000,HOUR_NY,16,REVERSAL,0,0.0,1
LAST_TRADE,16,1000,HOUR_NY,16,NO_EXPANSION,1,1.0,1
LAST_TRADE,16,1000,HOUR_NY,16,AMBIGUOUS,0,0.0,1
LAST_TRADE,16,1000,HOUR_NY,9,CONTINUATION,1,0.047619047619047616,21
LAST_TRADE,16,1000,HOUR_NY,9,REVERSAL,0,0.0,21
LAST_TRADE,16,1000,HOUR_NY,9,NO_EXPANSION,20,0.9523809523809523,21
LAST_TRADE,16,1000,HOUR_NY,9,AMBIGUOUS,0,0.0,21
LAST_TRADE,16,2000,ALL,ALL,CONTINUATION,18,0.16216216216216217,111
LAST_TRADE,16,2000,ALL,ALL,REVERSAL,12,0.10810810810810811,111
LAST_TRADE,16,2000,ALL,ALL,NO_EXPANSION,81,0.7297297297297297,111
LAST_TRADE,16,2000,ALL,ALL,AMBIGUOUS,0,0.0,111
LAST_TRADE,16,2000,SIDE,BUY,CONTINUATION,8,0.12121212121212122,66
LAST_TRADE,16,2000,SIDE,BUY,REVERSAL,7,0.10606060606060606,66
LAST_TRADE,16,2000,SIDE,BUY,NO_EXPANSION,51,0.7727272727272727,66
LAST_TRADE,16,2000,SIDE,BUY,AMBIGUOUS,0,0.0,66
LAST_TRADE,16,2000,SIDE,SELL,CONTINUATION,10,0.2222222222222222,45
LAST_TRADE,16,2000,SIDE,SELL,REVERSAL,5,0.1111111111111111,45
LAST_TRADE,16,2000,SIDE,SELL,NO_EXPANSION,30,0.6666666666666666,45
LAST_TRADE,16,2000,SIDE,SELL,AMBIGUOUS,0,0.0,45
LAST_TRADE,16,2000,SESSION,2022-08-01,CONTINUATION,4,0.16,25
LAST_TRADE,16,2000,SESSION,2022-08-01,REVERSAL,2,0.08,25
LAST_TRADE,16,2000,SESSION,2022-08-01,NO_EXPANSION,19,0.76,25
LAST_TRADE,16,2000,SESSION,2022-08-01,AMBIGUOUS,0,0.0,25
LAST_TRADE,16,2000,SESSION,2022-08-02,CONTINUATION,5,0.16129032258064516,31
LAST_TRADE,16,2000,SESSION,2022-08-02,REVERSAL,7,0.22580645161290322,31
LAST_TRADE,16,2000,SESSION,2022-08-02,NO_EXPANSION,19,0.6129032258064516,31
LAST_TRADE,16,2000,SESSION,2022-08-02,AMBIGUOUS,0,0.0,31
LAST_TRADE,16,2000,SESSION,2022-08-03,CONTINUATION,6,0.21428571428571427,28
LAST_TRADE,16,2000,SESSION,2022-08-03,REVERSAL,1,0.03571428571428571,28
LAST_TRADE,16,2000,SESSION,2022-08-03,NO_EXPANSION,21,0.75,28
LAST_TRADE,16,2000,SESSION,2022-08-03,AMBIGUOUS,0,0.0,28
LAST_TRADE,16,2000,SESSION,2022-08-04,CONTINUATION,1,0.07692307692307693,13
LAST_TRADE,16,2000,SESSION,2022-08-04,REVERSAL,2,0.15384615384615385,13
LAST_TRADE,16,2000,SESSION,2022-08-04,NO_EXPANSION,10,0.7692307692307693,13
LAST_TRADE,16,2000,SESSION,2022-08-04,AMBIGUOUS,0,0.0,13
LAST_TRADE,16,2000,SESSION,2022-08-05,CONTINUATION,2,0.14285714285714285,14
LAST_TRADE,16,2000,SESSION,2022-08-05,REVERSAL,0,0.0,14
LAST_TRADE,16,2000,SESSION,2022-08-05,NO_EXPANSION,12,0.8571428571428571,14
LAST_TRADE,16,2000,SESSION,2022-08-05,AMBIGUOUS,0,0.0,14
LAST_TRADE,16,2000,MONTH,2022-08,CONTINUATION,18,0.16216216216216217,111
LAST_TRADE,16,2000,MONTH,2022-08,REVERSAL,12,0.10810810810810811,111
LAST_TRADE,16,2000,MONTH,2022-08,NO_EXPANSION,81,0.7297297297297297,111
LAST_TRADE,16,2000,MONTH,2022-08,AMBIGUOUS,0,0.0,111
LAST_TRADE,16,2000,YEAR,2022,CONTINUATION,18,0.16216216216216217,111
LAST_TRADE,16,2000,YEAR,2022,REVERSAL,12,0.10810810810810811,111
LAST_TRADE,16,2000,YEAR,2022,NO_EXPANSION,81,0.7297297297297297,111
LAST_TRADE,16,2000,YEAR,2022,AMBIGUOUS,0,0.0,111
LAST_TRADE,16,2000,HOUR_NY,10,CONTINUATION,6,0.1875,32
LAST_TRADE,16,2000,HOUR_NY,10,REVERSAL,6,0.1875,32
LAST_TRADE,16,2000,HOUR_NY,10,NO_EXPANSION,20,0.625,32
LAST_TRADE,16,2000,HOUR_NY,10,AMBIGUOUS,0,0.0,32
LAST_TRADE,16,2000,HOUR_NY,11,CONTINUATION,2,0.10526315789473684,19
LAST_TRADE,16,2000,HOUR_NY,11,REVERSAL,0,0.0,19
LAST_TRADE,16,2000,HOUR_NY,11,NO_EXPANSION,17,0.8947368421052632,19
LAST_TRADE,16,2000,HOUR_NY,11,AMBIGUOUS,0,0.0,19
LAST_TRADE,16,2000,HOUR_NY,12,CONTINUATION,0,0.0,9
LAST_TRADE,16,2000,HOUR_NY,12,REVERSAL,1,0.1111111111111111,9
LAST_TRADE,16,2000,HOUR_NY,12,NO_EXPANSION,8,0.8888888888888888,9
LAST_TRADE,16,2000,HOUR_NY,12,AMBIGUOUS,0,0.0,9
LAST_TRADE,16,2000,HOUR_NY,13,CONTINUATION,0,0.0,6
LAST_TRADE,16,2000,HOUR_NY,13,REVERSAL,1,0.16666666666666666,6
LAST_TRADE,16,2000,HOUR_NY,13,NO_EXPANSION,5,0.8333333333333334,6
LAST_TRADE,16,2000,HOUR_NY,13,AMBIGUOUS,0,0.0,6
LAST_TRADE,16,2000,HOUR_NY,14,CONTINUATION,2,0.18181818181818182,11
LAST_TRADE,16,2000,HOUR_NY,14,REVERSAL,0,0.0,11
LAST_TRADE,16,2000,HOUR_NY,14,NO_EXPANSION,9,0.8181818181818182,11
LAST_TRADE,16,2000,HOUR_NY,14,AMBIGUOUS,0,0.0,11
LAST_TRADE,16,2000,HOUR_NY,15,CONTINUATION,1,0.08333333333333333,12
LAST_TRADE,16,2000,HOUR_NY,15,REVERSAL,3,0.25,12
LAST_TRADE,16,2000,HOUR_NY,15,NO_EXPANSION,8,0.6666666666666666,12
LAST_TRADE,16,2000,HOUR_NY,15,AMBIGUOUS,0,0.0,12
LAST_TRADE,16,2000,HOUR_NY,16,CONTINUATION,1,1.0,1
LAST_TRADE,16,2000,HOUR_NY,16,REVERSAL,0,0.0,1
LAST_TRADE,16,2000,HOUR_NY,16,NO_EXPANSION,0,0.0,1
LAST_TRADE,16,2000,HOUR_NY,16,AMBIGUOUS,0,0.0,1
LAST_TRADE,16,2000,HOUR_NY,9,CONTINUATION,6,0.2857142857142857,21
LAST_TRADE,16,2000,HOUR_NY,9,REVERSAL,1,0.047619047619047616,21
LAST_TRADE,16,2000,HOUR_NY,9,NO_EXPANSION,14,0.6666666666666666,21
LAST_TRADE,16,2000,HOUR_NY,9,AMBIGUOUS,0,0.0,21
LAST_TRADE,16,5000,ALL,ALL,CONTINUATION,29,0.26126126126126126,111
LAST_TRADE,16,5000,ALL,ALL,REVERSAL,22,0.1981981981981982,111
LAST_TRADE,16,5000,ALL,ALL,NO_EXPANSION,60,0.5405405405405406,111
LAST_TRADE,16,5000,ALL,ALL,AMBIGUOUS,0,0.0,111
LAST_TRADE,16,5000,SIDE,BUY,CONTINUATION,19,0.2878787878787879,66
LAST_TRADE,16,5000,SIDE,BUY,REVERSAL,11,0.16666666666666666,66
LAST_TRADE,16,5000,SIDE,BUY,NO_EXPANSION,36,0.5454545454545454,66
LAST_TRADE,16,5000,SIDE,BUY,AMBIGUOUS,0,0.0,66
LAST_TRADE,16,5000,SIDE,SELL,CONTINUATION,10,0.2222222222222222,45
LAST_TRADE,16,5000,SIDE,SELL,REVERSAL,11,0.24444444444444444,45
LAST_TRADE,16,5000,SIDE,SELL,NO_EXPANSION,24,0.5333333333333333,45
LAST_TRADE,16,5000,SIDE,SELL,AMBIGUOUS,0,0.0,45
LAST_TRADE,16,5000,SESSION,2022-08-01,CONTINUATION,7,0.28,25
LAST_TRADE,16,5000,SESSION,2022-08-01,REVERSAL,4,0.16,25
LAST_TRADE,16,5000,SESSION,2022-08-01,NO_EXPANSION,14,0.56,25
LAST_TRADE,16,5000,SESSION,2022-08-01,AMBIGUOUS,0,0.0,25
LAST_TRADE,16,5000,SESSION,2022-08-02,CONTINUATION,9,0.2903225806451613,31
LAST_TRADE,16,5000,SESSION,2022-08-02,REVERSAL,11,0.3548387096774194,31
LAST_TRADE,16,5000,SESSION,2022-08-02,NO_EXPANSION,11,0.3548387096774194,31
LAST_TRADE,16,5000,SESSION,2022-08-02,AMBIGUOUS,0,0.0,31
LAST_TRADE,16,5000,SESSION,2022-08-03,CONTINUATION,7,0.25,28
LAST_TRADE,16,5000,SESSION,2022-08-03,REVERSAL,2,0.07142857142857142,28
LAST_TRADE,16,5000,SESSION,2022-08-03,NO_EXPANSION,19,0.6785714285714286,28
LAST_TRADE,16,5000,SESSION,2022-08-03,AMBIGUOUS,0,0.0,28
LAST_TRADE,16,5000,SESSION,2022-08-04,CONTINUATION,1,0.07692307692307693,13
LAST_TRADE,16,5000,SESSION,2022-08-04,REVERSAL,5,0.38461538461538464,13
LAST_TRADE,16,5000,SESSION,2022-08-04,NO_EXPANSION,7,0.5384615384615384,13
LAST_TRADE,16,5000,SESSION,2022-08-04,AMBIGUOUS,0,0.0,13
LAST_TRADE,16,5000,SESSION,2022-08-05,CONTINUATION,5,0.35714285714285715,14
LAST_TRADE,16,5000,SESSION,2022-08-05,REVERSAL,0,0.0,14
LAST_TRADE,16,5000,SESSION,2022-08-05,NO_EXPANSION,9,0.6428571428571429,14
LAST_TRADE,16,5000,SESSION,2022-08-05,AMBIGUOUS,0,0.0,14
LAST_TRADE,16,5000,MONTH,2022-08,CONTINUATION,29,0.26126126126126126,111
LAST_TRADE,16,5000,MONTH,2022-08,REVERSAL,22,0.1981981981981982,111
LAST_TRADE,16,5000,MONTH,2022-08,NO_EXPANSION,60,0.5405405405405406,111
LAST_TRADE,16,5000,MONTH,2022-08,AMBIGUOUS,0,0.0,111
LAST_TRADE,16,5000,YEAR,2022,CONTINUATION,29,0.26126126126126126,111
LAST_TRADE,16,5000,YEAR,2022,REVERSAL,22,0.1981981981981982,111
LAST_TRADE,16,5000,YEAR,2022,NO_EXPANSION,60,0.5405405405405406,111
LAST_TRADE,16,5000,YEAR,2022,AMBIGUOUS,0,0.0,111
LAST_TRADE,16,5000,HOUR_NY,10,CONTINUATION,10,0.3125,32
LAST_TRADE,16,5000,HOUR_NY,10,REVERSAL,10,0.3125,32
LAST_TRADE,16,5000,HOUR_NY,10,NO_EXPANSION,12,0.375,32
LAST_TRADE,16,5000,HOUR_NY,10,AMBIGUOUS,0,0.0,32
LAST_TRADE,16,5000,HOUR_NY,11,CONTINUATION,3,0.15789473684210525,19
LAST_TRADE,16,5000,HOUR_NY,11,REVERSAL,0,0.0,19
LAST_TRADE,16,5000,HOUR_NY,11,NO_EXPANSION,16,0.8421052631578947,19
LAST_TRADE,16,5000,HOUR_NY,11,AMBIGUOUS,0,0.0,19
LAST_TRADE,16,5000,HOUR_NY,12,CONTINUATION,1,0.1111111111111111,9
LAST_TRADE,16,5000,HOUR_NY,12,REVERSAL,1,0.1111111111111111,9
LAST_TRADE,16,5000,HOUR_NY,12,NO_EXPANSION,7,0.7777777777777778,9
LAST_TRADE,16,5000,HOUR_NY,12,AMBIGUOUS,0,0.0,9
LAST_TRADE,16,5000,HOUR_NY,13,CONTINUATION,0,0.0,6
LAST_TRADE,16,5000,HOUR_NY,13,REVERSAL,1,0.16666666666666666,6
LAST_TRADE,16,5000,HOUR_NY,13,NO_EXPANSION,5,0.8333333333333334,6
LAST_TRADE,16,5000,HOUR_NY,13,AMBIGUOUS,0,0.0,6
LAST_TRADE,16,5000,HOUR_NY,14,CONTINUATION,2,0.18181818181818182,11
LAST_TRADE,16,5000,HOUR_NY,14,REVERSAL,1,0.09090909090909091,11
LAST_TRADE,16,5000,HOUR_NY,14,NO_EXPANSION,8,0.7272727272727273,11
LAST_TRADE,16,5000,HOUR_NY,14,AMBIGUOUS,0,0.0,11
LAST_TRADE,16,5000,HOUR_NY,15,CONTINUATION,2,0.16666666666666666,12
LAST_TRADE,16,5000,HOUR_NY,15,REVERSAL,3,0.25,12
LAST_TRADE,16,5000,HOUR_NY,15,NO_EXPANSION,7,0.5833333333333334,12
LAST_TRADE,16,5000,HOUR_NY,15,AMBIGUOUS,0,0.0,12
LAST_TRADE,16,5000,HOUR_NY,16,CONTINUATION,1,1.0,1
LAST_TRADE,16,5000,HOUR_NY,16,REVERSAL,0,0.0,1
LAST_TRADE,16,5000,HOUR_NY,16,NO_EXPANSION,0,0.0,1
LAST_TRADE,16,5000,HOUR_NY,16,AMBIGUOUS,0,0.0,1
LAST_TRADE,16,5000,HOUR_NY,9,CONTINUATION,10,0.47619047619047616,21
LAST_TRADE,16,5000,HOUR_NY,9,REVERSAL,6,0.2857142857142857,21
LAST_TRADE,16,5000,HOUR_NY,9,NO_EXPANSION,5,0.23809523809523808,21
LAST_TRADE,16,5000,HOUR_NY,9,AMBIGUOUS,0,0.0,21
LAST_TRADE,16,10000,ALL,ALL,CONTINUATION,42,0.3783783783783784,111
LAST_TRADE,16,10000,ALL,ALL,REVERSAL,31,0.27927927927927926,111
LAST_TRADE,16,10000,ALL,ALL,NO_EXPANSION,38,0.34234234234234234,111
LAST_TRADE,16,10000,ALL,ALL,AMBIGUOUS,0,0.0,111
LAST_TRADE,16,10000,SIDE,BUY,CONTINUATION,25,0.3787878787878788,66
LAST_TRADE,16,10000,SIDE,BUY,REVERSAL,16,0.24242424242424243,66
LAST_TRADE,16,10000,SIDE,BUY,NO_EXPANSION,25,0.3787878787878788,66
LAST_TRADE,16,10000,SIDE,BUY,AMBIGUOUS,0,0.0,66
LAST_TRADE,16,10000,SIDE,SELL,CONTINUATION,17,0.37777777777777777,45
LAST_TRADE,16,10000,SIDE,SELL,REVERSAL,15,0.3333333333333333,45
LAST_TRADE,16,10000,SIDE,SELL,NO_EXPANSION,13,0.28888888888888886,45
LAST_TRADE,16,10000,SIDE,SELL,AMBIGUOUS,0,0.0,45
LAST_TRADE,16,10000,SESSION,2022-08-01,CONTINUATION,8,0.32,25
LAST_TRADE,16,10000,SESSION,2022-08-01,REVERSAL,7,0.28,25
LAST_TRADE,16,10000,SESSION,2022-08-01,NO_EXPANSION,10,0.4,25
LAST_TRADE,16,10000,SESSION,2022-08-01,AMBIGUOUS,0,0.0,25
LAST_TRADE,16,10000,SESSION,2022-08-02,CONTINUATION,11,0.3548387096774194,31
LAST_TRADE,16,10000,SESSION,2022-08-02,REVERSAL,13,0.41935483870967744,31
LAST_TRADE,16,10000,SESSION,2022-08-02,NO_EXPANSION,7,0.22580645161290322,31
LAST_TRADE,16,10000,SESSION,2022-08-02,AMBIGUOUS,0,0.0,31
LAST_TRADE,16,10000,SESSION,2022-08-03,CONTINUATION,12,0.42857142857142855,28
LAST_TRADE,16,10000,SESSION,2022-08-03,REVERSAL,3,0.10714285714285714,28
LAST_TRADE,16,10000,SESSION,2022-08-03,NO_EXPANSION,13,0.4642857142857143,28
LAST_TRADE,16,10000,SESSION,2022-08-03,AMBIGUOUS,0,0.0,28
LAST_TRADE,16,10000,SESSION,2022-08-04,CONTINUATION,3,0.23076923076923078,13
LAST_TRADE,16,10000,SESSION,2022-08-04,REVERSAL,6,0.46153846153846156,13
LAST_TRADE,16,10000,SESSION,2022-08-04,NO_EXPANSION,4,0.3076923076923077,13
LAST_TRADE,16,10000,SESSION,2022-08-04,AMBIGUOUS,0,0.0,13
LAST_TRADE,16,10000,SESSION,2022-08-05,CONTINUATION,8,0.5714285714285714,14
LAST_TRADE,16,10000,SESSION,2022-08-05,REVERSAL,2,0.14285714285714285,14
LAST_TRADE,16,10000,SESSION,2022-08-05,NO_EXPANSION,4,0.2857142857142857,14
LAST_TRADE,16,10000,SESSION,2022-08-05,AMBIGUOUS,0,0.0,14
LAST_TRADE,16,10000,MONTH,2022-08,CONTINUATION,42,0.3783783783783784,111
LAST_TRADE,16,10000,MONTH,2022-08,REVERSAL,31,0.27927927927927926,111
LAST_TRADE,16,10000,MONTH,2022-08,NO_EXPANSION,38,0.34234234234234234,111
LAST_TRADE,16,10000,MONTH,2022-08,AMBIGUOUS,0,0.0,111
LAST_TRADE,16,10000,YEAR,2022,CONTINUATION,42,0.3783783783783784,111
LAST_TRADE,16,10000,YEAR,2022,REVERSAL,31,0.27927927927927926,111
LAST_TRADE,16,10000,YEAR,2022,NO_EXPANSION,38,0.34234234234234234,111
LAST_TRADE,16,10000,YEAR,2022,AMBIGUOUS,0,0.0,111
LAST_TRADE,16,10000,HOUR_NY,10,CONTINUATION,14,0.4375,32
LAST_TRADE,16,10000,HOUR_NY,10,REVERSAL,13,0.40625,32
LAST_TRADE,16,10000,HOUR_NY,10,NO_EXPANSION,5,0.15625,32
LAST_TRADE,16,10000,HOUR_NY,10,AMBIGUOUS,0,0.0,32
LAST_TRADE,16,10000,HOUR_NY,11,CONTINUATION,6,0.3157894736842105,19
LAST_TRADE,16,10000,HOUR_NY,11,REVERSAL,1,0.05263157894736842,19
LAST_TRADE,16,10000,HOUR_NY,11,NO_EXPANSION,12,0.631578947368421,19
LAST_TRADE,16,10000,HOUR_NY,11,AMBIGUOUS,0,0.0,19
LAST_TRADE,16,10000,HOUR_NY,12,CONTINUATION,3,0.3333333333333333,9
LAST_TRADE,16,10000,HOUR_NY,12,REVERSAL,2,0.2222222222222222,9
LAST_TRADE,16,10000,HOUR_NY,12,NO_EXPANSION,4,0.4444444444444444,9
LAST_TRADE,16,10000,HOUR_NY,12,AMBIGUOUS,0,0.0,9
LAST_TRADE,16,10000,HOUR_NY,13,CONTINUATION,2,0.3333333333333333,6
LAST_TRADE,16,10000,HOUR_NY,13,REVERSAL,1,0.16666666666666666,6
LAST_TRADE,16,10000,HOUR_NY,13,NO_EXPANSION,3,0.5,6
LAST_TRADE,16,10000,HOUR_NY,13,AMBIGUOUS,0,0.0,6
LAST_TRADE,16,10000,HOUR_NY,14,CONTINUATION,2,0.18181818181818182,11
LAST_TRADE,16,10000,HOUR_NY,14,REVERSAL,2,0.18181818181818182,11
LAST_TRADE,16,10000,HOUR_NY,14,NO_EXPANSION,7,0.6363636363636364,11
LAST_TRADE,16,10000,HOUR_NY,14,AMBIGUOUS,0,0.0,11
LAST_TRADE,16,10000,HOUR_NY,15,CONTINUATION,3,0.25,12
LAST_TRADE,16,10000,HOUR_NY,15,REVERSAL,4,0.3333333333333333,12
LAST_TRADE,16,10000,HOUR_NY,15,NO_EXPANSION,5,0.4166666666666667,12
LAST_TRADE,16,10000,HOUR_NY,15,AMBIGUOUS,0,0.0,12
LAST_TRADE,16,10000,HOUR_NY,16,CONTINUATION,1,1.0,1
LAST_TRADE,16,10000,HOUR_NY,16,REVERSAL,0,0.0,1
LAST_TRADE,16,10000,HOUR_NY,16,NO_EXPANSION,0,0.0,1
LAST_TRADE,16,10000,HOUR_NY,16,AMBIGUOUS,0,0.0,1
LAST_TRADE,16,10000,HOUR_NY,9,CONTINUATION,11,0.5238095238095238,21
LAST_TRADE,16,10000,HOUR_NY,9,REVERSAL,8,0.38095238095238093,21
LAST_TRADE,16,10000,HOUR_NY,9,NO_EXPANSION,2,0.09523809523809523,21
LAST_TRADE,16,10000,HOUR_NY,9,AMBIGUOUS,0,0.0,21
MID,4,500,ALL,ALL,CONTINUATION,38,0.34234234234234234,111
MID,4,500,ALL,ALL,REVERSAL,36,0.32432432432432434,111
MID,4,500,ALL,ALL,NO_EXPANSION,30,0.2702702702702703,111
MID,4,500,ALL,ALL,AMBIGUOUS,7,0.06306306306306306,111
MID,4,500,SIDE,BUY,CONTINUATION,22,0.3333333333333333,66
MID,4,500,SIDE,BUY,REVERSAL,21,0.3181818181818182,66
MID,4,500,SIDE,BUY,NO_EXPANSION,17,0.25757575757575757,66
MID,4,500,SIDE,BUY,AMBIGUOUS,6,0.09090909090909091,66
MID,4,500,SIDE,SELL,CONTINUATION,16,0.35555555555555557,45
MID,4,500,SIDE,SELL,REVERSAL,15,0.3333333333333333,45
MID,4,500,SIDE,SELL,NO_EXPANSION,13,0.28888888888888886,45
MID,4,500,SIDE,SELL,AMBIGUOUS,1,0.022222222222222223,45
MID,4,500,SESSION,2022-08-01,CONTINUATION,8,0.32,25
MID,4,500,SESSION,2022-08-01,REVERSAL,8,0.32,25
MID,4,500,SESSION,2022-08-01,NO_EXPANSION,7,0.28,25
MID,4,500,SESSION,2022-08-01,AMBIGUOUS,2,0.08,25
MID,4,500,SESSION,2022-08-02,CONTINUATION,11,0.3548387096774194,31
MID,4,500,SESSION,2022-08-02,REVERSAL,12,0.3870967741935484,31
MID,4,500,SESSION,2022-08-02,NO_EXPANSION,5,0.16129032258064516,31
MID,4,500,SESSION,2022-08-02,AMBIGUOUS,3,0.0967741935483871,31
MID,4,500,SESSION,2022-08-03,CONTINUATION,11,0.39285714285714285,28
MID,4,500,SESSION,2022-08-03,REVERSAL,8,0.2857142857142857,28
MID,4,500,SESSION,2022-08-03,NO_EXPANSION,9,0.32142857142857145,28
MID,4,500,SESSION,2022-08-03,AMBIGUOUS,0,0.0,28
MID,4,500,SESSION,2022-08-04,CONTINUATION,3,0.23076923076923078,13
MID,4,500,SESSION,2022-08-04,REVERSAL,5,0.38461538461538464,13
MID,4,500,SESSION,2022-08-04,NO_EXPANSION,4,0.3076923076923077,13
MID,4,500,SESSION,2022-08-04,AMBIGUOUS,1,0.07692307692307693,13
MID,4,500,SESSION,2022-08-05,CONTINUATION,5,0.35714285714285715,14
MID,4,500,SESSION,2022-08-05,REVERSAL,3,0.21428571428571427,14
MID,4,500,SESSION,2022-08-05,NO_EXPANSION,5,0.35714285714285715,14
MID,4,500,SESSION,2022-08-05,AMBIGUOUS,1,0.07142857142857142,14
MID,4,500,MONTH,2022-08,CONTINUATION,38,0.34234234234234234,111
MID,4,500,MONTH,2022-08,REVERSAL,36,0.32432432432432434,111
MID,4,500,MONTH,2022-08,NO_EXPANSION,30,0.2702702702702703,111
MID,4,500,MONTH,2022-08,AMBIGUOUS,7,0.06306306306306306,111
MID,4,500,YEAR,2022,CONTINUATION,38,0.34234234234234234,111
MID,4,500,YEAR,2022,REVERSAL,36,0.32432432432432434,111
MID,4,500,YEAR,2022,NO_EXPANSION,30,0.2702702702702703,111
MID,4,500,YEAR,2022,AMBIGUOUS,7,0.06306306306306306,111
MID,4,500,HOUR_NY,10,CONTINUATION,12,0.375,32
MID,4,500,HOUR_NY,10,REVERSAL,13,0.40625,32
MID,4,500,HOUR_NY,10,NO_EXPANSION,4,0.125,32
MID,4,500,HOUR_NY,10,AMBIGUOUS,3,0.09375,32
MID,4,500,HOUR_NY,11,CONTINUATION,5,0.2631578947368421,19
MID,4,500,HOUR_NY,11,REVERSAL,4,0.21052631578947367,19
MID,4,500,HOUR_NY,11,NO_EXPANSION,10,0.5263157894736842,19
MID,4,500,HOUR_NY,11,AMBIGUOUS,0,0.0,19
MID,4,500,HOUR_NY,12,CONTINUATION,5,0.5555555555555556,9
MID,4,500,HOUR_NY,12,REVERSAL,3,0.3333333333333333,9
MID,4,500,HOUR_NY,12,NO_EXPANSION,1,0.1111111111111111,9
MID,4,500,HOUR_NY,12,AMBIGUOUS,0,0.0,9
MID,4,500,HOUR_NY,13,CONTINUATION,2,0.3333333333333333,6
MID,4,500,HOUR_NY,13,REVERSAL,1,0.16666666666666666,6
MID,4,500,HOUR_NY,13,NO_EXPANSION,3,0.5,6
MID,4,500,HOUR_NY,13,AMBIGUOUS,0,0.0,6
MID,4,500,HOUR_NY,14,CONTINUATION,2,0.18181818181818182,11
MID,4,500,HOUR_NY,14,REVERSAL,5,0.45454545454545453,11
MID,4,500,HOUR_NY,14,NO_EXPANSION,4,0.36363636363636365,11
MID,4,500,HOUR_NY,14,AMBIGUOUS,0,0.0,11
MID,4,500,HOUR_NY,15,CONTINUATION,4,0.3333333333333333,12
MID,4,500,HOUR_NY,15,REVERSAL,1,0.08333333333333333,12
MID,4,500,HOUR_NY,15,NO_EXPANSION,5,0.4166666666666667,12
MID,4,500,HOUR_NY,15,AMBIGUOUS,2,0.16666666666666666,12
MID,4,500,HOUR_NY,16,CONTINUATION,1,1.0,1
MID,4,500,HOUR_NY,16,REVERSAL,0,0.0,1
MID,4,500,HOUR_NY,16,NO_EXPANSION,0,0.0,1
MID,4,500,HOUR_NY,16,AMBIGUOUS,0,0.0,1
MID,4,500,HOUR_NY,9,CONTINUATION,7,0.3333333333333333,21
MID,4,500,HOUR_NY,9,REVERSAL,9,0.42857142857142855,21
MID,4,500,HOUR_NY,9,NO_EXPANSION,3,0.14285714285714285,21
MID,4,500,HOUR_NY,9,AMBIGUOUS,2,0.09523809523809523,21
MID,4,1000,ALL,ALL,CONTINUATION,47,0.42342342342342343,111
MID,4,1000,ALL,ALL,REVERSAL,42,0.3783783783783784,111
MID,4,1000,ALL,ALL,NO_EXPANSION,14,0.12612612612612611,111
MID,4,1000,ALL,ALL,AMBIGUOUS,8,0.07207207207207207,111
MID,4,1000,SIDE,BUY,CONTINUATION,27,0.4090909090909091,66
MID,4,1000,SIDE,BUY,REVERSAL,23,0.3484848484848485,66
MID,4,1000,SIDE,BUY,NO_EXPANSION,9,0.13636363636363635,66
MID,4,1000,SIDE,BUY,AMBIGUOUS,7,0.10606060606060606,66
MID,4,1000,SIDE,SELL,CONTINUATION,20,0.4444444444444444,45
MID,4,1000,SIDE,SELL,REVERSAL,19,0.4222222222222222,45
MID,4,1000,SIDE,SELL,NO_EXPANSION,5,0.1111111111111111,45
MID,4,1000,SIDE,SELL,AMBIGUOUS,1,0.022222222222222223,45
MID,4,1000,SESSION,2022-08-01,CONTINUATION,13,0.52,25
MID,4,1000,SESSION,2022-08-01,REVERSAL,9,0.36,25
MID,4,1000,SESSION,2022-08-01,NO_EXPANSION,0,0.0,25
MID,4,1000,SESSION,2022-08-01,AMBIGUOUS,3,0.12,25
MID,4,1000,SESSION,2022-08-02,CONTINUATION,12,0.3870967741935484,31
MID,4,1000,SESSION,2022-08-02,REVERSAL,14,0.45161290322580644,31
MID,4,1000,SESSION,2022-08-02,NO_EXPANSION,2,0.06451612903225806,31
MID,4,1000,SESSION,2022-08-02,AMBIGUOUS,3,0.0967741935483871,31
MID,4,1000,SESSION,2022-08-03,CONTINUATION,13,0.4642857142857143,28
MID,4,1000,SESSION,2022-08-03,REVERSAL,9,0.32142857142857145,28
MID,4,1000,SESSION,2022-08-03,NO_EXPANSION,6,0.21428571428571427,28
MID,4,1000,SESSION,2022-08-03,AMBIGUOUS,0,0.0,28
MID,4,1000,SESSION,2022-08-04,CONTINUATION,3,0.23076923076923078,13
MID,4,1000,SESSION,2022-08-04,REVERSAL,5,0.38461538461538464,13
MID,4,1000,SESSION,2022-08-04,NO_EXPANSION,4,0.3076923076923077,13
MID,4,1000,SESSION,2022-08-04,AMBIGUOUS,1,0.07692307692307693,13
MID,4,1000,SESSION,2022-08-05,CONTINUATION,6,0.42857142857142855,14
MID,4,1000,SESSION,2022-08-05,REVERSAL,5,0.35714285714285715,14
MID,4,1000,SESSION,2022-08-05,NO_EXPANSION,2,0.14285714285714285,14
MID,4,1000,SESSION,2022-08-05,AMBIGUOUS,1,0.07142857142857142,14
MID,4,1000,MONTH,2022-08,CONTINUATION,47,0.42342342342342343,111
MID,4,1000,MONTH,2022-08,REVERSAL,42,0.3783783783783784,111
MID,4,1000,MONTH,2022-08,NO_EXPANSION,14,0.12612612612612611,111
MID,4,1000,MONTH,2022-08,AMBIGUOUS,8,0.07207207207207207,111
MID,4,1000,YEAR,2022,CONTINUATION,47,0.42342342342342343,111
MID,4,1000,YEAR,2022,REVERSAL,42,0.3783783783783784,111
MID,4,1000,YEAR,2022,NO_EXPANSION,14,0.12612612612612611,111
MID,4,1000,YEAR,2022,AMBIGUOUS,8,0.07207207207207207,111
MID,4,1000,HOUR_NY,10,CONTINUATION,13,0.40625,32
MID,4,1000,HOUR_NY,10,REVERSAL,14,0.4375,32
MID,4,1000,HOUR_NY,10,NO_EXPANSION,2,0.0625,32
MID,4,1000,HOUR_NY,10,AMBIGUOUS,3,0.09375,32
MID,4,1000,HOUR_NY,11,CONTINUATION,7,0.3684210526315789,19
MID,4,1000,HOUR_NY,11,REVERSAL,6,0.3157894736842105,19
MID,4,1000,HOUR_NY,11,NO_EXPANSION,6,0.3157894736842105,19
MID,4,1000,HOUR_NY,11,AMBIGUOUS,0,0.0,19
MID,4,1000,HOUR_NY,12,CONTINUATION,6,0.6666666666666666,9
MID,4,1000,HOUR_NY,12,REVERSAL,3,0.3333333333333333,9
MID,4,1000,HOUR_NY,12,NO_EXPANSION,0,0.0,9
MID,4,1000,HOUR_NY,12,AMBIGUOUS,0,0.0,9
MID,4,1000,HOUR_NY,13,CONTINUATION,3,0.5,6
MID,4,1000,HOUR_NY,13,REVERSAL,1,0.16666666666666666,6
MID,4,1000,HOUR_NY,13,NO_EXPANSION,2,0.3333333333333333,6
MID,4,1000,HOUR_NY,13,AMBIGUOUS,0,0.0,6
MID,4,1000,HOUR_NY,14,CONTINUATION,3,0.2727272727272727,11
MID,4,1000,HOUR_NY,14,REVERSAL,6,0.5454545454545454,11
MID,4,1000,HOUR_NY,14,NO_EXPANSION,2,0.18181818181818182,11
MID,4,1000,HOUR_NY,14,AMBIGUOUS,0,0.0,11
MID,4,1000,HOUR_NY,15,CONTINUATION,6,0.5,12
MID,4,1000,HOUR_NY,15,REVERSAL,2,0.16666666666666666,12
MID,4,1000,HOUR_NY,15,NO_EXPANSION,2,0.16666666666666666,12
MID,4,1000,HOUR_NY,15,AMBIGUOUS,2,0.16666666666666666,12
MID,4,1000,HOUR_NY,16,CONTINUATION,1,1.0,1
MID,4,1000,HOUR_NY,16,REVERSAL,0,0.0,1
MID,4,1000,HOUR_NY,16,NO_EXPANSION,0,0.0,1
MID,4,1000,HOUR_NY,16,AMBIGUOUS,0,0.0,1
MID,4,1000,HOUR_NY,9,CONTINUATION,8,0.38095238095238093,21
MID,4,1000,HOUR_NY,9,REVERSAL,10,0.47619047619047616,21
MID,4,1000,HOUR_NY,9,NO_EXPANSION,0,0.0,21
MID,4,1000,HOUR_NY,9,AMBIGUOUS,3,0.14285714285714285,21
MID,4,2000,ALL,ALL,CONTINUATION,50,0.45045045045045046,111
MID,4,2000,ALL,ALL,REVERSAL,47,0.42342342342342343,111
MID,4,2000,ALL,ALL,NO_EXPANSION,6,0.05405405405405406,111
MID,4,2000,ALL,ALL,AMBIGUOUS,8,0.07207207207207207,111
MID,4,2000,SIDE,BUY,CONTINUATION,28,0.42424242424242425,66
MID,4,2000,SIDE,BUY,REVERSAL,27,0.4090909090909091,66
MID,4,2000,SIDE,BUY,NO_EXPANSION,4,0.06060606060606061,66
MID,4,2000,SIDE,BUY,AMBIGUOUS,7,0.10606060606060606,66
MID,4,2000,SIDE,SELL,CONTINUATION,22,0.4888888888888889,45
MID,4,2000,SIDE,SELL,REVERSAL,20,0.4444444444444444,45
MID,4,2000,SIDE,SELL,NO_EXPANSION,2,0.044444444444444446,45
MID,4,2000,SIDE,SELL,AMBIGUOUS,1,0.022222222222222223,45
MID,4,2000,SESSION,2022-08-01,CONTINUATION,13,0.52,25
MID,4,2000,SESSION,2022-08-01,REVERSAL,9,0.36,25
MID,4,2000,SESSION,2022-08-01,NO_EXPANSION,0,0.0,25
MID,4,2000,SESSION,2022-08-01,AMBIGUOUS,3,0.12,25
MID,4,2000,SESSION,2022-08-02,CONTINUATION,12,0.3870967741935484,31
MID,4,2000,SESSION,2022-08-02,REVERSAL,14,0.45161290322580644,31
MID,4,2000,SESSION,2022-08-02,NO_EXPANSION,2,0.06451612903225806,31
MID,4,2000,SESSION,2022-08-02,AMBIGUOUS,3,0.0967741935483871,31
MID,4,2000,SESSION,2022-08-03,CONTINUATION,14,0.5,28
MID,4,2000,SESSION,2022-08-03,REVERSAL,12,0.42857142857142855,28
MID,4,2000,SESSION,2022-08-03,NO_EXPANSION,2,0.07142857142857142,28
MID,4,2000,SESSION,2022-08-03,AMBIGUOUS,0,0.0,28
MID,4,2000,SESSION,2022-08-04,CONTINUATION,4,0.3076923076923077,13
MID,4,2000,SESSION,2022-08-04,REVERSAL,7,0.5384615384615384,13
MID,4,2000,SESSION,2022-08-04,NO_EXPANSION,1,0.07692307692307693,13
MID,4,2000,SESSION,2022-08-04,AMBIGUOUS,1,0.07692307692307693,13
MID,4,2000,SESSION,2022-08-05,CONTINUATION,7,0.5,14
MID,4,2000,SESSION,2022-08-05,REVERSAL,5,0.35714285714285715,14
MID,4,2000,SESSION,2022-08-05,NO_EXPANSION,1,0.07142857142857142,14
MID,4,2000,SESSION,2022-08-05,AMBIGUOUS,1,0.07142857142857142,14
MID,4,2000,MONTH,2022-08,CONTINUATION,50,0.45045045045045046,111
MID,4,2000,MONTH,2022-08,REVERSAL,47,0.42342342342342343,111
MID,4,2000,MONTH,2022-08,NO_EXPANSION,6,0.05405405405405406,111
MID,4,2000,MONTH,2022-08,AMBIGUOUS,8,0.07207207207207207,111
MID,4,2000,YEAR,2022,CONTINUATION,50,0.45045045045045046,111
MID,4,2000,YEAR,2022,REVERSAL,47,0.42342342342342343,111
MID,4,2000,YEAR,2022,NO_EXPANSION,6,0.05405405405405406,111
MID,4,2000,YEAR,2022,AMBIGUOUS,8,0.07207207207207207,111
MID,4,2000,HOUR_NY,10,CONTINUATION,13,0.40625,32
MID,4,2000,HOUR_NY,10,REVERSAL,15,0.46875,32
MID,4,2000,HOUR_NY,10,NO_EXPANSION,1,0.03125,32
MID,4,2000,HOUR_NY,10,AMBIGUOUS,3,0.09375,32
MID,4,2000,HOUR_NY,11,CONTINUATION,9,0.47368421052631576,19
MID,4,2000,HOUR_NY,11,REVERSAL,8,0.42105263157894735,19
MID,4,2000,HOUR_NY,11,NO_EXPANSION,2,0.10526315789473684,19
MID,4,2000,HOUR_NY,11,AMBIGUOUS,0,0.0,19
MID,4,2000,HOUR_NY,12,CONTINUATION,6,0.6666666666666666,9
MID,4,2000,HOUR_NY,12,REVERSAL,3,0.3333333333333333,9
MID,4,2000,HOUR_NY,12,NO_EXPANSION,0,0.0,9
MID,4,2000,HOUR_NY,12,AMBIGUOUS,0,0.0,9
MID,4,2000,HOUR_NY,13,CONTINUATION,3,0.5,6
MID,4,2000,HOUR_NY,13,REVERSAL,2,0.3333333333333333,6
MID,4,2000,HOUR_NY,13,NO_EXPANSION,1,0.16666666666666666,6
MID,4,2000,HOUR_NY,13,AMBIGUOUS,0,0.0,6
MID,4,2000,HOUR_NY,14,CONTINUATION,4,0.36363636363636365,11
MID,4,2000,HOUR_NY,14,REVERSAL,6,0.5454545454545454,11
MID,4,2000,HOUR_NY,14,NO_EXPANSION,1,0.09090909090909091,11
MID,4,2000,HOUR_NY,14,AMBIGUOUS,0,0.0,11
MID,4,2000,HOUR_NY,15,CONTINUATION,6,0.5,12
MID,4,2000,HOUR_NY,15,REVERSAL,3,0.25,12
MID,4,2000,HOUR_NY,15,NO_EXPANSION,1,0.08333333333333333,12
MID,4,2000,HOUR_NY,15,AMBIGUOUS,2,0.16666666666666666,12
MID,4,2000,HOUR_NY,16,CONTINUATION,1,1.0,1
MID,4,2000,HOUR_NY,16,REVERSAL,0,0.0,1
MID,4,2000,HOUR_NY,16,NO_EXPANSION,0,0.0,1
MID,4,2000,HOUR_NY,16,AMBIGUOUS,0,0.0,1
MID,4,2000,HOUR_NY,9,CONTINUATION,8,0.38095238095238093,21
MID,4,2000,HOUR_NY,9,REVERSAL,10,0.47619047619047616,21
MID,4,2000,HOUR_NY,9,NO_EXPANSION,0,0.0,21
MID,4,2000,HOUR_NY,9,AMBIGUOUS,3,0.14285714285714285,21
MID,4,5000,ALL,ALL,CONTINUATION,54,0.4864864864864865,111
MID,4,5000,ALL,ALL,REVERSAL,49,0.44144144144144143,111
MID,4,5000,ALL,ALL,NO_EXPANSION,0,0.0,111
MID,4,5000,ALL,ALL,AMBIGUOUS,8,0.07207207207207207,111
MID,4,5000,SIDE,BUY,CONTINUATION,30,0.45454545454545453,66
MID,4,5000,SIDE,BUY,REVERSAL,29,0.4393939393939394,66
MID,4,5000,SIDE,BUY,NO_EXPANSION,0,0.0,66
MID,4,5000,SIDE,BUY,AMBIGUOUS,7,0.10606060606060606,66
MID,4,5000,SIDE,SELL,CONTINUATION,24,0.5333333333333333,45
MID,4,5000,SIDE,SELL,REVERSAL,20,0.4444444444444444,45
MID,4,5000,SIDE,SELL,NO_EXPANSION,0,0.0,45
MID,4,5000,SIDE,SELL,AMBIGUOUS,1,0.022222222222222223,45
MID,4,5000,SESSION,2022-08-01,CONTINUATION,13,0.52,25
MID,4,5000,SESSION,2022-08-01,REVERSAL,9,0.36,25
MID,4,5000,SESSION,2022-08-01,NO_EXPANSION,0,0.0,25
MID,4,5000,SESSION,2022-08-01,AMBIGUOUS,3,0.12,25
MID,4,5000,SESSION,2022-08-02,CONTINUATION,14,0.45161290322580644,31
MID,4,5000,SESSION,2022-08-02,REVERSAL,14,0.45161290322580644,31
MID,4,5000,SESSION,2022-08-02,NO_EXPANSION,0,0.0,31
MID,4,5000,SESSION,2022-08-02,AMBIGUOUS,3,0.0967741935483871,31
MID,4,5000,SESSION,2022-08-03,CONTINUATION,15,0.5357142857142857,28
MID,4,5000,SESSION,2022-08-03,REVERSAL,13,0.4642857142857143,28
MID,4,5000,SESSION,2022-08-03,NO_EXPANSION,0,0.0,28
MID,4,5000,SESSION,2022-08-03,AMBIGUOUS,0,0.0,28
MID,4,5000,SESSION,2022-08-04,CONTINUATION,4,0.3076923076923077,13
MID,4,5000,SESSION,2022-08-04,REVERSAL,8,0.6153846153846154,13
MID,4,5000,SESSION,2022-08-04,NO_EXPANSION,0,0.0,13
MID,4,5000,SESSION,2022-08-04,AMBIGUOUS,1,0.07692307692307693,13
MID,4,5000,SESSION,2022-08-05,CONTINUATION,8,0.5714285714285714,14
MID,4,5000,SESSION,2022-08-05,REVERSAL,5,0.35714285714285715,14
MID,4,5000,SESSION,2022-08-05,NO_EXPANSION,0,0.0,14
MID,4,5000,SESSION,2022-08-05,AMBIGUOUS,1,0.07142857142857142,14
MID,4,5000,MONTH,2022-08,CONTINUATION,54,0.4864864864864865,111
MID,4,5000,MONTH,2022-08,REVERSAL,49,0.44144144144144143,111
MID,4,5000,MONTH,2022-08,NO_EXPANSION,0,0.0,111
MID,4,5000,MONTH,2022-08,AMBIGUOUS,8,0.07207207207207207,111
MID,4,5000,YEAR,2022,CONTINUATION,54,0.4864864864864865,111
MID,4,5000,YEAR,2022,REVERSAL,49,0.44144144144144143,111
MID,4,5000,YEAR,2022,NO_EXPANSION,0,0.0,111
MID,4,5000,YEAR,2022,AMBIGUOUS,8,0.07207207207207207,111
MID,4,5000,HOUR_NY,10,CONTINUATION,14,0.4375,32
MID,4,5000,HOUR_NY,10,REVERSAL,15,0.46875,32
MID,4,5000,HOUR_NY,10,NO_EXPANSION,0,0.0,32
MID,4,5000,HOUR_NY,10,AMBIGUOUS,3,0.09375,32
MID,4,5000,HOUR_NY,11,CONTINUATION,11,0.5789473684210527,19
MID,4,5000,HOUR_NY,11,REVERSAL,8,0.42105263157894735,19
MID,4,5000,HOUR_NY,11,NO_EXPANSION,0,0.0,19
MID,4,5000,HOUR_NY,11,AMBIGUOUS,0,0.0,19
MID,4,5000,HOUR_NY,12,CONTINUATION,6,0.6666666666666666,9
MID,4,5000,HOUR_NY,12,REVERSAL,3,0.3333333333333333,9
MID,4,5000,HOUR_NY,12,NO_EXPANSION,0,0.0,9
MID,4,5000,HOUR_NY,12,AMBIGUOUS,0,0.0,9
MID,4,5000,HOUR_NY,13,CONTINUATION,4,0.6666666666666666,6
MID,4,5000,HOUR_NY,13,REVERSAL,2,0.3333333333333333,6
MID,4,5000,HOUR_NY,13,NO_EXPANSION,0,0.0,6
MID,4,5000,HOUR_NY,13,AMBIGUOUS,0,0.0,6
MID,4,5000,HOUR_NY,14,CONTINUATION,4,0.36363636363636365,11
MID,4,5000,HOUR_NY,14,REVERSAL,7,0.6363636363636364,11
MID,4,5000,HOUR_NY,14,NO_EXPANSION,0,0.0,11
MID,4,5000,HOUR_NY,14,AMBIGUOUS,0,0.0,11
MID,4,5000,HOUR_NY,15,CONTINUATION,6,0.5,12
MID,4,5000,HOUR_NY,15,REVERSAL,4,0.3333333333333333,12
MID,4,5000,HOUR_NY,15,NO_EXPANSION,0,0.0,12
MID,4,5000,HOUR_NY,15,AMBIGUOUS,2,0.16666666666666666,12
MID,4,5000,HOUR_NY,16,CONTINUATION,1,1.0,1
MID,4,5000,HOUR_NY,16,REVERSAL,0,0.0,1
MID,4,5000,HOUR_NY,16,NO_EXPANSION,0,0.0,1
MID,4,5000,HOUR_NY,16,AMBIGUOUS,0,0.0,1
MID,4,5000,HOUR_NY,9,CONTINUATION,8,0.38095238095238093,21
MID,4,5000,HOUR_NY,9,REVERSAL,10,0.47619047619047616,21
MID,4,5000,HOUR_NY,9,NO_EXPANSION,0,0.0,21
MID,4,5000,HOUR_NY,9,AMBIGUOUS,3,0.14285714285714285,21
MID,4,10000,ALL,ALL,CONTINUATION,54,0.4864864864864865,111
MID,4,10000,ALL,ALL,REVERSAL,49,0.44144144144144143,111
MID,4,10000,ALL,ALL,NO_EXPANSION,0,0.0,111
MID,4,10000,ALL,ALL,AMBIGUOUS,8,0.07207207207207207,111
MID,4,10000,SIDE,BUY,CONTINUATION,30,0.45454545454545453,66
MID,4,10000,SIDE,BUY,REVERSAL,29,0.4393939393939394,66
MID,4,10000,SIDE,BUY,NO_EXPANSION,0,0.0,66
MID,4,10000,SIDE,BUY,AMBIGUOUS,7,0.10606060606060606,66
MID,4,10000,SIDE,SELL,CONTINUATION,24,0.5333333333333333,45
MID,4,10000,SIDE,SELL,REVERSAL,20,0.4444444444444444,45
MID,4,10000,SIDE,SELL,NO_EXPANSION,0,0.0,45
MID,4,10000,SIDE,SELL,AMBIGUOUS,1,0.022222222222222223,45
MID,4,10000,SESSION,2022-08-01,CONTINUATION,13,0.52,25
MID,4,10000,SESSION,2022-08-01,REVERSAL,9,0.36,25
MID,4,10000,SESSION,2022-08-01,NO_EXPANSION,0,0.0,25
MID,4,10000,SESSION,2022-08-01,AMBIGUOUS,3,0.12,25
MID,4,10000,SESSION,2022-08-02,CONTINUATION,14,0.45161290322580644,31
MID,4,10000,SESSION,2022-08-02,REVERSAL,14,0.45161290322580644,31
MID,4,10000,SESSION,2022-08-02,NO_EXPANSION,0,0.0,31
MID,4,10000,SESSION,2022-08-02,AMBIGUOUS,3,0.0967741935483871,31
MID,4,10000,SESSION,2022-08-03,CONTINUATION,15,0.5357142857142857,28
MID,4,10000,SESSION,2022-08-03,REVERSAL,13,0.4642857142857143,28
MID,4,10000,SESSION,2022-08-03,NO_EXPANSION,0,0.0,28
MID,4,10000,SESSION,2022-08-03,AMBIGUOUS,0,0.0,28
MID,4,10000,SESSION,2022-08-04,CONTINUATION,4,0.3076923076923077,13
MID,4,10000,SESSION,2022-08-04,REVERSAL,8,0.6153846153846154,13
MID,4,10000,SESSION,2022-08-04,NO_EXPANSION,0,0.0,13
MID,4,10000,SESSION,2022-08-04,AMBIGUOUS,1,0.07692307692307693,13
MID,4,10000,SESSION,2022-08-05,CONTINUATION,8,0.5714285714285714,14
MID,4,10000,SESSION,2022-08-05,REVERSAL,5,0.35714285714285715,14
MID,4,10000,SESSION,2022-08-05,NO_EXPANSION,0,0.0,14
MID,4,10000,SESSION,2022-08-05,AMBIGUOUS,1,0.07142857142857142,14
MID,4,10000,MONTH,2022-08,CONTINUATION,54,0.4864864864864865,111
MID,4,10000,MONTH,2022-08,REVERSAL,49,0.44144144144144143,111
MID,4,10000,MONTH,2022-08,NO_EXPANSION,0,0.0,111
MID,4,10000,MONTH,2022-08,AMBIGUOUS,8,0.07207207207207207,111
MID,4,10000,YEAR,2022,CONTINUATION,54,0.4864864864864865,111
MID,4,10000,YEAR,2022,REVERSAL,49,0.44144144144144143,111
MID,4,10000,YEAR,2022,NO_EXPANSION,0,0.0,111
MID,4,10000,YEAR,2022,AMBIGUOUS,8,0.07207207207207207,111
MID,4,10000,HOUR_NY,10,CONTINUATION,14,0.4375,32
MID,4,10000,HOUR_NY,10,REVERSAL,15,0.46875,32
MID,4,10000,HOUR_NY,10,NO_EXPANSION,0,0.0,32
MID,4,10000,HOUR_NY,10,AMBIGUOUS,3,0.09375,32
MID,4,10000,HOUR_NY,11,CONTINUATION,11,0.5789473684210527,19
MID,4,10000,HOUR_NY,11,REVERSAL,8,0.42105263157894735,19
MID,4,10000,HOUR_NY,11,NO_EXPANSION,0,0.0,19
MID,4,10000,HOUR_NY,11,AMBIGUOUS,0,0.0,19
MID,4,10000,HOUR_NY,12,CONTINUATION,6,0.6666666666666666,9
MID,4,10000,HOUR_NY,12,REVERSAL,3,0.3333333333333333,9
MID,4,10000,HOUR_NY,12,NO_EXPANSION,0,0.0,9
MID,4,10000,HOUR_NY,12,AMBIGUOUS,0,0.0,9
MID,4,10000,HOUR_NY,13,CONTINUATION,4,0.6666666666666666,6
MID,4,10000,HOUR_NY,13,REVERSAL,2,0.3333333333333333,6
MID,4,10000,HOUR_NY,13,NO_EXPANSION,0,0.0,6
MID,4,10000,HOUR_NY,13,AMBIGUOUS,0,0.0,6
MID,4,10000,HOUR_NY,14,CONTINUATION,4,0.36363636363636365,11
MID,4,10000,HOUR_NY,14,REVERSAL,7,0.6363636363636364,11
MID,4,10000,HOUR_NY,14,NO_EXPANSION,0,0.0,11
MID,4,10000,HOUR_NY,14,AMBIGUOUS,0,0.0,11
MID,4,10000,HOUR_NY,15,CONTINUATION,6,0.5,12
MID,4,10000,HOUR_NY,15,REVERSAL,4,0.3333333333333333,12
MID,4,10000,HOUR_NY,15,NO_EXPANSION,0,0.0,12
MID,4,10000,HOUR_NY,15,AMBIGUOUS,2,0.16666666666666666,12
MID,4,10000,HOUR_NY,16,CONTINUATION,1,1.0,1
MID,4,10000,HOUR_NY,16,REVERSAL,0,0.0,1
MID,4,10000,HOUR_NY,16,NO_EXPANSION,0,0.0,1
MID,4,10000,HOUR_NY,16,AMBIGUOUS,0,0.0,1
MID,4,10000,HOUR_NY,9,CONTINUATION,8,0.38095238095238093,21
MID,4,10000,HOUR_NY,9,REVERSAL,10,0.47619047619047616,21
MID,4,10000,HOUR_NY,9,NO_EXPANSION,0,0.0,21
MID,4,10000,HOUR_NY,9,AMBIGUOUS,3,0.14285714285714285,21
MID,8,500,ALL,ALL,CONTINUATION,16,0.14414414414414414,111
MID,8,500,ALL,ALL,REVERSAL,11,0.0990990990990991,111
MID,8,500,ALL,ALL,NO_EXPANSION,83,0.7477477477477478,111
MID,8,500,ALL,ALL,AMBIGUOUS,1,0.009009009009009009,111
MID,8,500,SIDE,BUY,CONTINUATION,11,0.16666666666666666,66
MID,8,500,SIDE,BUY,REVERSAL,8,0.12121212121212122,66
MID,8,500,SIDE,BUY,NO_EXPANSION,46,0.696969696969697,66
MID,8,500,SIDE,BUY,AMBIGUOUS,1,0.015151515151515152,66
MID,8,500,SIDE,SELL,CONTINUATION,5,0.1111111111111111,45
MID,8,500,SIDE,SELL,REVERSAL,3,0.06666666666666667,45
MID,8,500,SIDE,SELL,NO_EXPANSION,37,0.8222222222222222,45
MID,8,500,SIDE,SELL,AMBIGUOUS,0,0.0,45
MID,8,500,SESSION,2022-08-01,CONTINUATION,2,0.08,25
MID,8,500,SESSION,2022-08-01,REVERSAL,2,0.08,25
MID,8,500,SESSION,2022-08-01,NO_EXPANSION,21,0.84,25
MID,8,500,SESSION,2022-08-01,AMBIGUOUS,0,0.0,25
MID,8,500,SESSION,2022-08-02,CONTINUATION,5,0.16129032258064516,31
MID,8,500,SESSION,2022-08-02,REVERSAL,4,0.12903225806451613,31
MID,8,500,SESSION,2022-08-02,NO_EXPANSION,21,0.6774193548387096,31
MID,8,500,SESSION,2022-08-02,AMBIGUOUS,1,0.03225806451612903,31
MID,8,500,SESSION,2022-08-03,CONTINUATION,5,0.17857142857142858,28
MID,8,500,SESSION,2022-08-03,REVERSAL,1,0.03571428571428571,28
MID,8,500,SESSION,2022-08-03,NO_EXPANSION,22,0.7857142857142857,28
MID,8,500,SESSION,2022-08-03,AMBIGUOUS,0,0.0,28
MID,8,500,SESSION,2022-08-04,CONTINUATION,1,0.07692307692307693,13
MID,8,500,SESSION,2022-08-04,REVERSAL,4,0.3076923076923077,13
MID,8,500,SESSION,2022-08-04,NO_EXPANSION,8,0.6153846153846154,13
MID,8,500,SESSION,2022-08-04,AMBIGUOUS,0,0.0,13
MID,8,500,SESSION,2022-08-05,CONTINUATION,3,0.21428571428571427,14
MID,8,500,SESSION,2022-08-05,REVERSAL,0,0.0,14
MID,8,500,SESSION,2022-08-05,NO_EXPANSION,11,0.7857142857142857,14
MID,8,500,SESSION,2022-08-05,AMBIGUOUS,0,0.0,14
MID,8,500,MONTH,2022-08,CONTINUATION,16,0.14414414414414414,111
MID,8,500,MONTH,2022-08,REVERSAL,11,0.0990990990990991,111
MID,8,500,MONTH,2022-08,NO_EXPANSION,83,0.7477477477477478,111
MID,8,500,MONTH,2022-08,AMBIGUOUS,1,0.009009009009009009,111
MID,8,500,YEAR,2022,CONTINUATION,16,0.14414414414414414,111
MID,8,500,YEAR,2022,REVERSAL,11,0.0990990990990991,111
MID,8,500,YEAR,2022,NO_EXPANSION,83,0.7477477477477478,111
MID,8,500,YEAR,2022,AMBIGUOUS,1,0.009009009009009009,111
MID,8,500,HOUR_NY,10,CONTINUATION,6,0.1875,32
MID,8,500,HOUR_NY,10,REVERSAL,6,0.1875,32
MID,8,500,HOUR_NY,10,NO_EXPANSION,19,0.59375,32
MID,8,500,HOUR_NY,10,AMBIGUOUS,1,0.03125,32
MID,8,500,HOUR_NY,11,CONTINUATION,2,0.10526315789473684,19
MID,8,500,HOUR_NY,11,REVERSAL,0,0.0,19
MID,8,500,HOUR_NY,11,NO_EXPANSION,17,0.8947368421052632,19
MID,8,500,HOUR_NY,11,AMBIGUOUS,0,0.0,19
MID,8,500,HOUR_NY,12,CONTINUATION,0,0.0,9
MID,8,500,HOUR_NY,12,REVERSAL,1,0.1111111111111111,9
MID,8,500,HOUR_NY,12,NO_EXPANSION,8,0.8888888888888888,9
MID,8,500,HOUR_NY,12,AMBIGUOUS,0,0.0,9
MID,8,500,HOUR_NY,13,CONTINUATION,0,0.0,6
MID,8,500,HOUR_NY,13,REVERSAL,0,0.0,6
MID,8,500,HOUR_NY,13,NO_EXPANSION,6,1.0,6
MID,8,500,HOUR_NY,13,AMBIGUOUS,0,0.0,6
MID,8,500,HOUR_NY,14,CONTINUATION,1,0.09090909090909091,11
MID,8,500,HOUR_NY,14,REVERSAL,0,0.0,11
MID,8,500,HOUR_NY,14,NO_EXPANSION,10,0.9090909090909091,11
MID,8,500,HOUR_NY,14,AMBIGUOUS,0,0.0,11
MID,8,500,HOUR_NY,15,CONTINUATION,0,0.0,12
MID,8,500,HOUR_NY,15,REVERSAL,2,0.16666666666666666,12
MID,8,500,HOUR_NY,15,NO_EXPANSION,10,0.8333333333333334,12
MID,8,500,HOUR_NY,15,AMBIGUOUS,0,0.0,12
MID,8,500,HOUR_NY,16,CONTINUATION,1,1.0,1
MID,8,500,HOUR_NY,16,REVERSAL,0,0.0,1
MID,8,500,HOUR_NY,16,NO_EXPANSION,0,0.0,1
MID,8,500,HOUR_NY,16,AMBIGUOUS,0,0.0,1
MID,8,500,HOUR_NY,9,CONTINUATION,6,0.2857142857142857,21
MID,8,500,HOUR_NY,9,REVERSAL,2,0.09523809523809523,21
MID,8,500,HOUR_NY,9,NO_EXPANSION,13,0.6190476190476191,21
MID,8,500,HOUR_NY,9,AMBIGUOUS,0,0.0,21
MID,8,1000,ALL,ALL,CONTINUATION,25,0.22522522522522523,111
MID,8,1000,ALL,ALL,REVERSAL,27,0.24324324324324326,111
MID,8,1000,ALL,ALL,NO_EXPANSION,58,0.5225225225225225,111
MID,8,1000,ALL,ALL,AMBIGUOUS,1,0.009009009009009009,111
MID,8,1000,SIDE,BUY,CONTINUATION,15,0.22727272727272727,66
MID,8,1000,SIDE,BUY,REVERSAL,14,0.21212121212121213,66
MID,8,1000,SIDE,BUY,NO_EXPANSION,36,0.5454545454545454,66
MID,8,1000,SIDE,BUY,AMBIGUOUS,1,0.015151515151515152,66
MID,8,1000,SIDE,SELL,CONTINUATION,10,0.2222222222222222,45
MID,8,1000,SIDE,SELL,REVERSAL,13,0.28888888888888886,45
MID,8,1000,SIDE,SELL,NO_EXPANSION,22,0.4888888888888889,45
MID,8,1000,SIDE,SELL,AMBIGUOUS,0,0.0,45
MID,8,1000,SESSION,2022-08-01,CONTINUATION,7,0.28,25
MID,8,1000,SESSION,2022-08-01,REVERSAL,8,0.32,25
MID,8,1000,SESSION,2022-08-01,NO_EXPANSION,10,0.4,25
MID,8,1000,SESSION,2022-08-01,AMBIGUOUS,0,0.0,25
MID,8,1000,SESSION,2022-08-02,CONTINUATION,8,0.25806451612903225,31
MID,8,1000,SESSION,2022-08-02,REVERSAL,8,0.25806451612903225,31
MID,8,1000,SESSION,2022-08-02,NO_EXPANSION,14,0.45161290322580644,31
MID,8,1000,SESSION,2022-08-02,AMBIGUOUS,1,0.03225806451612903,31
MID,8,1000,SESSION,2022-08-03,CONTINUATION,6,0.21428571428571427,28
MID,8,1000,SESSION,2022-08-03,REVERSAL,3,0.10714285714285714,28
MID,8,1000,SESSION,2022-08-03,NO_EXPANSION,19,0.6785714285714286,28
MID,8,1000,SESSION,2022-08-03,AMBIGUOUS,0,0.0,28
MID,8,1000,SESSION,2022-08-04,CONTINUATION,1,0.07692307692307693,13
MID,8,1000,SESSION,2022-08-04,REVERSAL,6,0.46153846153846156,13
MID,8,1000,SESSION,2022-08-04,NO_EXPANSION,6,0.46153846153846156,13
MID,8,1000,SESSION,2022-08-04,AMBIGUOUS,0,0.0,13
MID,8,1000,SESSION,2022-08-05,CONTINUATION,3,0.21428571428571427,14
MID,8,1000,SESSION,2022-08-05,REVERSAL,2,0.14285714285714285,14
MID,8,1000,SESSION,2022-08-05,NO_EXPANSION,9,0.6428571428571429,14
MID,8,1000,SESSION,2022-08-05,AMBIGUOUS,0,0.0,14
MID,8,1000,MONTH,2022-08,CONTINUATION,25,0.22522522522522523,111
MID,8,1000,MONTH,2022-08,REVERSAL,27,0.24324324324324326,111
MID,8,1000,MONTH,2022-08,NO_EXPANSION,58,0.5225225225225225,111
MID,8,1000,MONTH,2022-08,AMBIGUOUS,1,0.009009009009009009,111
MID,8,1000,YEAR,2022,CONTINUATION,25,0.22522522522522523,111
MID,8,1000,YEAR,2022,REVERSAL,27,0.24324324324324326,111
MID,8,1000,YEAR,2022,NO_EXPANSION,58,0.5225225225225225,111
MID,8,1000,YEAR,2022,AMBIGUOUS,1,0.009009009009009009,111
MID,8,1000,HOUR_NY,10,CONTINUATION,9,0.28125,32
MID,8,1000,HOUR_NY,10,REVERSAL,11,0.34375,32
MID,8,1000,HOUR_NY,10,NO_EXPANSION,11,0.34375,32
MID,8,1000,HOUR_NY,10,AMBIGUOUS,1,0.03125,32
MID,8,1000,HOUR_NY,11,CONTINUATION,2,0.10526315789473684,19
MID,8,1000,HOUR_NY,11,REVERSAL,1,0.05263157894736842,19
MID,8,1000,HOUR_NY,11,NO_EXPANSION,16,0.8421052631578947,19
MID,8,1000,HOUR_NY,11,AMBIGUOUS,0,0.0,19
MID,8,1000,HOUR_NY,12,CONTINUATION,0,0.0,9
MID,8,1000,HOUR_NY,12,REVERSAL,1,0.1111111111111111,9
MID,8,1000,HOUR_NY,12,NO_EXPANSION,8,0.8888888888888888,9
MID,8,1000,HOUR_NY,12,AMBIGUOUS,0,0.0,9
MID,8,1000,HOUR_NY,13,CONTINUATION,1,0.16666666666666666,6
MID,8,1000,HOUR_NY,13,REVERSAL,2,0.3333333333333333,6
MID,8,1000,HOUR_NY,13,NO_EXPANSION,3,0.5,6
MID,8,1000,HOUR_NY,13,AMBIGUOUS,0,0.0,6
MID,8,1000,HOUR_NY,14,CONTINUATION,2,0.18181818181818182,11
MID,8,1000,HOUR_NY,14,REVERSAL,1,0.09090909090909091,11
MID,8,1000,HOUR_NY,14,NO_EXPANSION,8,0.7272727272727273,11
MID,8,1000,HOUR_NY,14,AMBIGUOUS,0,0.0,11
MID,8,1000,HOUR_NY,15,CONTINUATION,3,0.25,12
MID,8,1000,HOUR_NY,15,REVERSAL,3,0.25,12
MID,8,1000,HOUR_NY,15,NO_EXPANSION,6,0.5,12
MID,8,1000,HOUR_NY,15,AMBIGUOUS,0,0.0,12
MID,8,1000,HOUR_NY,16,CONTINUATION,1,1.0,1
MID,8,1000,HOUR_NY,16,REVERSAL,0,0.0,1
MID,8,1000,HOUR_NY,16,NO_EXPANSION,0,0.0,1
MID,8,1000,HOUR_NY,16,AMBIGUOUS,0,0.0,1
MID,8,1000,HOUR_NY,9,CONTINUATION,7,0.3333333333333333,21
MID,8,1000,HOUR_NY,9,REVERSAL,8,0.38095238095238093,21
MID,8,1000,HOUR_NY,9,NO_EXPANSION,6,0.2857142857142857,21
MID,8,1000,HOUR_NY,9,AMBIGUOUS,0,0.0,21
MID,8,2000,ALL,ALL,CONTINUATION,34,0.3063063063063063,111
MID,8,2000,ALL,ALL,REVERSAL,34,0.3063063063063063,111
MID,8,2000,ALL,ALL,NO_EXPANSION,42,0.3783783783783784,111
MID,8,2000,ALL,ALL,AMBIGUOUS,1,0.009009009009009009,111
MID,8,2000,SIDE,BUY,CONTINUATION,22,0.3333333333333333,66
MID,8,2000,SIDE,BUY,REVERSAL,17,0.25757575757575757,66
MID,8,2000,SIDE,BUY,NO_EXPANSION,26,0.3939393939393939,66
MID,8,2000,SIDE,BUY,AMBIGUOUS,1,0.015151515151515152,66
MID,8,2000,SIDE,SELL,CONTINUATION,12,0.26666666666666666,45
MID,8,2000,SIDE,SELL,REVERSAL,17,0.37777777777777777,45
MID,8,2000,SIDE,SELL,NO_EXPANSION,16,0.35555555555555557,45
MID,8,2000,SIDE,SELL,AMBIGUOUS,0,0.0,45
MID,8,2000,SESSION,2022-08-01,CONTINUATION,8,0.32,25
MID,8,2000,SESSION,2022-08-01,REVERSAL,10,0.4,25
MID,8,2000,SESSION,2022-08-01,NO_EXPANSION,7,0.28,25
MID,8,2000,SESSION,2022-08-01,AMBIGUOUS,0,0.0,25
MID,8,2000,SESSION,2022-08-02,CONTINUATION,11,0.3548387096774194,31
MID,8,2000,SESSION,2022-08-02,REVERSAL,12,0.3870967741935484,31
MID,8,2000,SESSION,2022-08-02,NO_EXPANSION,7,0.22580645161290322,31
MID,8,2000,SESSION,2022-08-02,AMBIGUOUS,1,0.03225806451612903,31
MID,8,2000,SESSION,2022-08-03,CONTINUATION,8,0.2857142857142857,28
MID,8,2000,SESSION,2022-08-03,REVERSAL,4,0.14285714285714285,28
MID,8,2000,SESSION,2022-08-03,NO_EXPANSION,16,0.5714285714285714,28
MID,8,2000,SESSION,2022-08-03,AMBIGUOUS,0,0.0,28
MID,8,2000,SESSION,2022-08-04,CONTINUATION,2,0.15384615384615385,13
MID,8,2000,SESSION,2022-08-04,REVERSAL,6,0.46153846153846156,13
MID,8,2000,SESSION,2022-08-04,NO_EXPANSION,5,0.38461538461538464,13
MID,8,2000,SESSION,2022-08-04,AMBIGUOUS,0,0.0,13
MID,8,2000,SESSION,2022-08-05,CONTINUATION,5,0.35714285714285715,14
MID,8,2000,SESSION,2022-08-05,REVERSAL,2,0.14285714285714285,14
MID,8,2000,SESSION,2022-08-05,NO_EXPANSION,7,0.5,14
MID,8,2000,SESSION,2022-08-05,AMBIGUOUS,0,0.0,14
MID,8,2000,MONTH,2022-08,CONTINUATION,34,0.3063063063063063,111
MID,8,2000,MONTH,2022-08,REVERSAL,34,0.3063063063063063,111
MID,8,2000,MONTH,2022-08,NO_EXPANSION,42,0.3783783783783784,111
MID,8,2000,MONTH,2022-08,AMBIGUOUS,1,0.009009009009009009,111
MID,8,2000,YEAR,2022,CONTINUATION,34,0.3063063063063063,111
MID,8,2000,YEAR,2022,REVERSAL,34,0.3063063063063063,111
MID,8,2000,YEAR,2022,NO_EXPANSION,42,0.3783783783783784,111
MID,8,2000,YEAR,2022,AMBIGUOUS,1,0.009009009009009009,111
MID,8,2000,HOUR_NY,10,CONTINUATION,11,0.34375,32
MID,8,2000,HOUR_NY,10,REVERSAL,13,0.40625,32
MID,8,2000,HOUR_NY,10,NO_EXPANSION,7,0.21875,32
MID,8,2000,HOUR_NY,10,AMBIGUOUS,1,0.03125,32
MID,8,2000,HOUR_NY,11,CONTINUATION,3,0.15789473684210525,19
MID,8,2000,HOUR_NY,11,REVERSAL,1,0.05263157894736842,19
MID,8,2000,HOUR_NY,11,NO_EXPANSION,15,0.7894736842105263,19
MID,8,2000,HOUR_NY,11,AMBIGUOUS,0,0.0,19
MID,8,2000,HOUR_NY,12,CONTINUATION,2,0.2222222222222222,9
MID,8,2000,HOUR_NY,12,REVERSAL,2,0.2222222222222222,9
MID,8,2000,HOUR_NY,12,NO_EXPANSION,5,0.5555555555555556,9
MID,8,2000,HOUR_NY,12,AMBIGUOUS,0,0.0,9
MID,8,2000,HOUR_NY,13,CONTINUATION,2,0.3333333333333333,6
MID,8,2000,HOUR_NY,13,REVERSAL,2,0.3333333333333333,6
MID,8,2000,HOUR_NY,13,NO_EXPANSION,2,0.3333333333333333,6
MID,8,2000,HOUR_NY,13,AMBIGUOUS,0,0.0,6
MID,8,2000,HOUR_NY,14,CONTINUATION,2,0.18181818181818182,11
MID,8,2000,HOUR_NY,14,REVERSAL,2,0.18181818181818182,11
MID,8,2000,HOUR_NY,14,NO_EXPANSION,7,0.6363636363636364,11
MID,8,2000,HOUR_NY,14,AMBIGUOUS,0,0.0,11
MID,8,2000,HOUR_NY,15,CONTINUATION,3,0.25,12
MID,8,2000,HOUR_NY,15,REVERSAL,5,0.4166666666666667,12
MID,8,2000,HOUR_NY,15,NO_EXPANSION,4,0.3333333333333333,12
MID,8,2000,HOUR_NY,15,AMBIGUOUS,0,0.0,12
MID,8,2000,HOUR_NY,16,CONTINUATION,1,1.0,1
MID,8,2000,HOUR_NY,16,REVERSAL,0,0.0,1
MID,8,2000,HOUR_NY,16,NO_EXPANSION,0,0.0,1
MID,8,2000,HOUR_NY,16,AMBIGUOUS,0,0.0,1
MID,8,2000,HOUR_NY,9,CONTINUATION,10,0.47619047619047616,21
MID,8,2000,HOUR_NY,9,REVERSAL,9,0.42857142857142855,21
MID,8,2000,HOUR_NY,9,NO_EXPANSION,2,0.09523809523809523,21
MID,8,2000,HOUR_NY,9,AMBIGUOUS,0,0.0,21
MID,8,5000,ALL,ALL,CONTINUATION,47,0.42342342342342343,111
MID,8,5000,ALL,ALL,REVERSAL,40,0.36036036036036034,111
MID,8,5000,ALL,ALL,NO_EXPANSION,23,0.2072072072072072,111
MID,8,5000,ALL,ALL,AMBIGUOUS,1,0.009009009009009009,111
MID,8,5000,SIDE,BUY,CONTINUATION,29,0.4393939393939394,66
MID,8,5000,SIDE,BUY,REVERSAL,20,0.30303030303030304,66
MID,8,5000,SIDE,BUY,NO_EXPANSION,16,0.24242424242424243,66
MID,8,5000,SIDE,BUY,AMBIGUOUS,1,0.015151515151515152,66
MID,8,5000,SIDE,SELL,CONTINUATION,18,0.4,45
MID,8,5000,SIDE,SELL,REVERSAL,20,0.4444444444444444,45
MID,8,5000,SIDE,SELL,NO_EXPANSION,7,0.15555555555555556,45
MID,8,5000,SIDE,SELL,AMBIGUOUS,0,0.0,45
MID,8,5000,SESSION,2022-08-01,CONTINUATION,10,0.4,25
MID,8,5000,SESSION,2022-08-01,REVERSAL,11,0.44,25
MID,8,5000,SESSION,2022-08-01,NO_EXPANSION,4,0.16,25
MID,8,5000,SESSION,2022-08-01,AMBIGUOUS,0,0.0,25
MID,8,5000,SESSION,2022-08-02,CONTINUATION,13,0.41935483870967744,31
MID,8,5000,SESSION,2022-08-02,REVERSAL,14,0.45161290322580644,31
MID,8,5000,SESSION,2022-08-02,NO_EXPANSION,3,0.0967741935483871,31
MID,8,5000,SESSION,2022-08-02,AMBIGUOUS,1,0.03225806451612903,31
MID,8,5000,SESSION,2022-08-03,CONTINUATION,13,0.4642857142857143,28
MID,8,5000,SESSION,2022-08-03,REVERSAL,4,0.14285714285714285,28
MID,8,5000,SESSION,2022-08-03,NO_EXPANSION,11,0.39285714285714285,28
MID,8,5000,SESSION,2022-08-03,AMBIGUOUS,0,0.0,28
MID,8,5000,SESSION,2022-08-04,CONTINUATION,4,0.3076923076923077,13
MID,8,5000,SESSION,2022-08-04,REVERSAL,6,0.46153846153846156,13
MID,8,5000,SESSION,2022-08-04,NO_EXPANSION,3,0.23076923076923078,13
MID,8,5000,SESSION,2022-08-04,AMBIGUOUS,0,0.0,13
MID,8,5000,SESSION,2022-08-05,CONTINUATION,7,0.5,14
MID,8,5000,SESSION,2022-08-05,REVERSAL,5,0.35714285714285715,14
MID,8,5000,SESSION,2022-08-05,NO_EXPANSION,2,0.14285714285714285,14
MID,8,5000,SESSION,2022-08-05,AMBIGUOUS,0,0.0,14
MID,8,5000,MONTH,2022-08,CONTINUATION,47,0.42342342342342343,111
MID,8,5000,MONTH,2022-08,REVERSAL,40,0.36036036036036034,111
MID,8,5000,MONTH,2022-08,NO_EXPANSION,23,0.2072072072072072,111
MID,8,5000,MONTH,2022-08,AMBIGUOUS,1,0.009009009009009009,111
MID,8,5000,YEAR,2022,CONTINUATION,47,0.42342342342342343,111
MID,8,5000,YEAR,2022,REVERSAL,40,0.36036036036036034,111
MID,8,5000,YEAR,2022,NO_EXPANSION,23,0.2072072072072072,111
MID,8,5000,YEAR,2022,AMBIGUOUS,1,0.009009009009009009,111
MID,8,5000,HOUR_NY,10,CONTINUATION,12,0.375,32
MID,8,5000,HOUR_NY,10,REVERSAL,16,0.5,32
MID,8,5000,HOUR_NY,10,NO_EXPANSION,3,0.09375,32
MID,8,5000,HOUR_NY,10,AMBIGUOUS,1,0.03125,32
MID,8,5000,HOUR_NY,11,CONTINUATION,6,0.3157894736842105,19
MID,8,5000,HOUR_NY,11,REVERSAL,2,0.10526315789473684,19
MID,8,5000,HOUR_NY,11,NO_EXPANSION,11,0.5789473684210527,19
MID,8,5000,HOUR_NY,11,AMBIGUOUS,0,0.0,19
MID,8,5000,HOUR_NY,12,CONTINUATION,5,0.5555555555555556,9
MID,8,5000,HOUR_NY,12,REVERSAL,3,0.3333333333333333,9
MID,8,5000,HOUR_NY,12,NO_EXPANSION,1,0.1111111111111111,9
MID,8,5000,HOUR_NY,12,AMBIGUOUS,0,0.0,9
MID,8,5000,HOUR_NY,13,CONTINUATION,4,0.6666666666666666,6
MID,8,5000,HOUR_NY,13,REVERSAL,2,0.3333333333333333,6
MID,8,5000,HOUR_NY,13,NO_EXPANSION,0,0.0,6
MID,8,5000,HOUR_NY,13,AMBIGUOUS,0,0.0,6
MID,8,5000,HOUR_NY,14,CONTINUATION,4,0.36363636363636365,11
MID,8,5000,HOUR_NY,14,REVERSAL,3,0.2727272727272727,11
MID,8,5000,HOUR_NY,14,NO_EXPANSION,4,0.36363636363636365,11
MID,8,5000,HOUR_NY,14,AMBIGUOUS,0,0.0,11
MID,8,5000,HOUR_NY,15,CONTINUATION,3,0.25,12
MID,8,5000,HOUR_NY,15,REVERSAL,5,0.4166666666666667,12
MID,8,5000,HOUR_NY,15,NO_EXPANSION,4,0.3333333333333333,12
MID,8,5000,HOUR_NY,15,AMBIGUOUS,0,0.0,12
MID,8,5000,HOUR_NY,16,CONTINUATION,1,1.0,1
MID,8,5000,HOUR_NY,16,REVERSAL,0,0.0,1
MID,8,5000,HOUR_NY,16,NO_EXPANSION,0,0.0,1
MID,8,5000,HOUR_NY,16,AMBIGUOUS,0,0.0,1
MID,8,5000,HOUR_NY,9,CONTINUATION,12,0.5714285714285714,21
MID,8,5000,HOUR_NY,9,REVERSAL,9,0.42857142857142855,21
MID,8,5000,HOUR_NY,9,NO_EXPANSION,0,0.0,21
MID,8,5000,HOUR_NY,9,AMBIGUOUS,0,0.0,21
MID,8,10000,ALL,ALL,CONTINUATION,53,0.4774774774774775,111
MID,8,10000,ALL,ALL,REVERSAL,51,0.4594594594594595,111
MID,8,10000,ALL,ALL,NO_EXPANSION,6,0.05405405405405406,111
MID,8,10000,ALL,ALL,AMBIGUOUS,1,0.009009009009009009,111
MID,8,10000,SIDE,BUY,CONTINUATION,33,0.5,66
MID,8,10000,SIDE,BUY,REVERSAL,27,0.4090909090909091,66
MID,8,10000,SIDE,BUY,NO_EXPANSION,5,0.07575757575757576,66
MID,8,10000,SIDE,BUY,AMBIGUOUS,1,0.015151515151515152,66
MID,8,10000,SIDE,SELL,CONTINUATION,20,0.4444444444444444,45
MID,8,10000,SIDE,SELL,REVERSAL,24,0.5333333333333333,45
MID,8,10000,SIDE,SELL,NO_EXPANSION,1,0.022222222222222223,45
MID,8,10000,SIDE,SELL,AMBIGUOUS,0,0.0,45
MID,8,10000,SESSION,2022-08-01,CONTINUATION,10,0.4,25
MID,8,10000,SESSION,2022-08-01,REVERSAL,15,0.6,25
MID,8,10000,SESSION,2022-08-01,NO_EXPANSION,0,0.0,25
MID,8,10000,SESSION,2022-08-01,AMBIGUOUS,0,0.0,25
MID,8,10000,SESSION,2022-08-02,CONTINUATION,15,0.4838709677419355,31
MID,8,10000,SESSION,2022-08-02,REVERSAL,15,0.4838709677419355,31
MID,8,10000,SESSION,2022-08-02,NO_EXPANSION,0,0.0,31
MID,8,10000,SESSION,2022-08-02,AMBIGUOUS,1,0.03225806451612903,31
MID,8,10000,SESSION,2022-08-03,CONTINUATION,16,0.5714285714285714,28
MID,8,10000,SESSION,2022-08-03,REVERSAL,8,0.2857142857142857,28
MID,8,10000,SESSION,2022-08-03,NO_EXPANSION,4,0.14285714285714285,28
MID,8,10000,SESSION,2022-08-03,AMBIGUOUS,0,0.0,28
MID,8,10000,SESSION,2022-08-04,CONTINUATION,5,0.38461538461538464,13
MID,8,10000,SESSION,2022-08-04,REVERSAL,6,0.46153846153846156,13
MID,8,10000,SESSION,2022-08-04,NO_EXPANSION,2,0.15384615384615385,13
MID,8,10000,SESSION,2022-08-04,AMBIGUOUS,0,0.0,13
MID,8,10000,SESSION,2022-08-05,CONTINUATION,7,0.5,14
MID,8,10000,SESSION,2022-08-05,REVERSAL,7,0.5,14
MID,8,10000,SESSION,2022-08-05,NO_EXPANSION,0,0.0,14
MID,8,10000,SESSION,2022-08-05,AMBIGUOUS,0,0.0,14
MID,8,10000,MONTH,2022-08,CONTINUATION,53,0.4774774774774775,111
MID,8,10000,MONTH,2022-08,REVERSAL,51,0.4594594594594595,111
MID,8,10000,MONTH,2022-08,NO_EXPANSION,6,0.05405405405405406,111
MID,8,10000,MONTH,2022-08,AMBIGUOUS,1,0.009009009009009009,111
MID,8,10000,YEAR,2022,CONTINUATION,53,0.4774774774774775,111
MID,8,10000,YEAR,2022,REVERSAL,51,0.4594594594594595,111
MID,8,10000,YEAR,2022,NO_EXPANSION,6,0.05405405405405406,111
MID,8,10000,YEAR,2022,AMBIGUOUS,1,0.009009009009009009,111
MID,8,10000,HOUR_NY,10,CONTINUATION,14,0.4375,32
MID,8,10000,HOUR_NY,10,REVERSAL,17,0.53125,32
MID,8,10000,HOUR_NY,10,NO_EXPANSION,0,0.0,32
MID,8,10000,HOUR_NY,10,AMBIGUOUS,1,0.03125,32
MID,8,10000,HOUR_NY,11,CONTINUATION,9,0.47368421052631576,19
MID,8,10000,HOUR_NY,11,REVERSAL,10,0.5263157894736842,19
MID,8,10000,HOUR_NY,11,NO_EXPANSION,0,0.0,19
MID,8,10000,HOUR_NY,11,AMBIGUOUS,0,0.0,19
MID,8,10000,HOUR_NY,12,CONTINUATION,5,0.5555555555555556,9
MID,8,10000,HOUR_NY,12,REVERSAL,4,0.4444444444444444,9
MID,8,10000,HOUR_NY,12,NO_EXPANSION,0,0.0,9
MID,8,10000,HOUR_NY,12,AMBIGUOUS,0,0.0,9
MID,8,10000,HOUR_NY,13,CONTINUATION,4,0.6666666666666666,6
MID,8,10000,HOUR_NY,13,REVERSAL,2,0.3333333333333333,6
MID,8,10000,HOUR_NY,13,NO_EXPANSION,0,0.0,6
MID,8,10000,HOUR_NY,13,AMBIGUOUS,0,0.0,6
MID,8,10000,HOUR_NY,14,CONTINUATION,5,0.45454545454545453,11
MID,8,10000,HOUR_NY,14,REVERSAL,3,0.2727272727272727,11
MID,8,10000,HOUR_NY,14,NO_EXPANSION,3,0.2727272727272727,11
MID,8,10000,HOUR_NY,14,AMBIGUOUS,0,0.0,11
MID,8,10000,HOUR_NY,15,CONTINUATION,3,0.25,12
MID,8,10000,HOUR_NY,15,REVERSAL,6,0.5,12
MID,8,10000,HOUR_NY,15,NO_EXPANSION,3,0.25,12
MID,8,10000,HOUR_NY,15,AMBIGUOUS,0,0.0,12
MID,8,10000,HOUR_NY,16,CONTINUATION,1,1.0,1
MID,8,10000,HOUR_NY,16,REVERSAL,0,0.0,1
MID,8,10000,HOUR_NY,16,NO_EXPANSION,0,0.0,1
MID,8,10000,HOUR_NY,16,AMBIGUOUS,0,0.0,1
MID,8,10000,HOUR_NY,9,CONTINUATION,12,0.5714285714285714,21
MID,8,10000,HOUR_NY,9,REVERSAL,9,0.42857142857142855,21
MID,8,10000,HOUR_NY,9,NO_EXPANSION,0,0.0,21
MID,8,10000,HOUR_NY,9,AMBIGUOUS,0,0.0,21
MID,12,500,ALL,ALL,CONTINUATION,5,0.04504504504504504,111
MID,12,500,ALL,ALL,REVERSAL,7,0.06306306306306306,111
MID,12,500,ALL,ALL,NO_EXPANSION,99,0.8918918918918919,111
MID,12,500,ALL,ALL,AMBIGUOUS,0,0.0,111
MID,12,500,SIDE,BUY,CONTINUATION,2,0.030303030303030304,66
MID,12,500,SIDE,BUY,REVERSAL,6,0.09090909090909091,66
MID,12,500,SIDE,BUY,NO_EXPANSION,58,0.8787878787878788,66
MID,12,500,SIDE,BUY,AMBIGUOUS,0,0.0,66
MID,12,500,SIDE,SELL,CONTINUATION,3,0.06666666666666667,45
MID,12,500,SIDE,SELL,REVERSAL,1,0.022222222222222223,45
MID,12,500,SIDE,SELL,NO_EXPANSION,41,0.9111111111111111,45
MID,12,500,SIDE,SELL,AMBIGUOUS,0,0.0,45
MID,12,500,SESSION,2022-08-01,CONTINUATION,1,0.04,25
MID,12,500,SESSION,2022-08-01,REVERSAL,1,0.04,25
MID,12,500,SESSION,2022-08-01,NO_EXPANSION,23,0.92,25
MID,12,500,SESSION,2022-08-01,AMBIGUOUS,0,0.0,25
MID,12,500,SESSION,2022-08-02,CONTINUATION,1,0.03225806451612903,31
MID,12,500,SESSION,2022-08-02,REVERSAL,3,0.0967741935483871,31
MID,12,500,SESSION,2022-08-02,NO_EXPANSION,27,0.8709677419354839,31
MID,12,500,SESSION,2022-08-02,AMBIGUOUS,0,0.0,31
MID,12,500,SESSION,2022-08-03,CONTINUATION,2,0.07142857142857142,28
MID,12,500,SESSION,2022-08-03,REVERSAL,1,0.03571428571428571,28
MID,12,500,SESSION,2022-08-03,NO_EXPANSION,25,0.8928571428571429,28
MID,12,500,SESSION,2022-08-03,AMBIGUOUS,0,0.0,28
MID,12,500,SESSION,2022-08-04,CONTINUATION,1,0.07692307692307693,13
MID,12,500,SESSION,2022-08-04,REVERSAL,2,0.15384615384615385,13
MID,12,500,SESSION,2022-08-04,NO_EXPANSION,10,0.7692307692307693,13
MID,12,500,SESSION,2022-08-04,AMBIGUOUS,0,0.0,13
MID,12,500,SESSION,2022-08-05,CONTINUATION,0,0.0,14
MID,12,500,SESSION,2022-08-05,REVERSAL,0,0.0,14
MID,12,500,SESSION,2022-08-05,NO_EXPANSION,14,1.0,14
MID,12,500,SESSION,2022-08-05,AMBIGUOUS,0,0.0,14
MID,12,500,MONTH,2022-08,CONTINUATION,5,0.04504504504504504,111
MID,12,500,MONTH,2022-08,REVERSAL,7,0.06306306306306306,111
MID,12,500,MONTH,2022-08,NO_EXPANSION,99,0.8918918918918919,111
MID,12,500,MONTH,2022-08,AMBIGUOUS,0,0.0,111
MID,12,500,YEAR,2022,CONTINUATION,5,0.04504504504504504,111
MID,12,500,YEAR,2022,REVERSAL,7,0.06306306306306306,111
MID,12,500,YEAR,2022,NO_EXPANSION,99,0.8918918918918919,111
MID,12,500,YEAR,2022,AMBIGUOUS,0,0.0,111
MID,12,500,HOUR_NY,10,CONTINUATION,3,0.09375,32
MID,12,500,HOUR_NY,10,REVERSAL,4,0.125,32
MID,12,500,HOUR_NY,10,NO_EXPANSION,25,0.78125,32
MID,12,500,HOUR_NY,10,AMBIGUOUS,0,0.0,32
MID,12,500,HOUR_NY,11,CONTINUATION,1,0.05263157894736842,19
MID,12,500,HOUR_NY,11,REVERSAL,0,0.0,19
MID,12,500,HOUR_NY,11,NO_EXPANSION,18,0.9473684210526315,19
MID,12,500,HOUR_NY,11,AMBIGUOUS,0,0.0,19
MID,12,500,HOUR_NY,12,CONTINUATION,0,0.0,9
MID,12,500,HOUR_NY,12,REVERSAL,1,0.1111111111111111,9
MID,12,500,HOUR_NY,12,NO_EXPANSION,8,0.8888888888888888,9
MID,12,500,HOUR_NY,12,AMBIGUOUS,0,0.0,9
MID,12,500,HOUR_NY,13,CONTINUATION,0,0.0,6
MID,12,500,HOUR_NY,13,REVERSAL,0,0.0,6
MID,12,500,HOUR_NY,13,NO_EXPANSION,6,1.0,6
MID,12,500,HOUR_NY,13,AMBIGUOUS,0,0.0,6
MID,12,500,HOUR_NY,14,CONTINUATION,1,0.09090909090909091,11
MID,12,500,HOUR_NY,14,REVERSAL,0,0.0,11
MID,12,500,HOUR_NY,14,NO_EXPANSION,10,0.9090909090909091,11
MID,12,500,HOUR_NY,14,AMBIGUOUS,0,0.0,11
MID,12,500,HOUR_NY,15,CONTINUATION,0,0.0,12
MID,12,500,HOUR_NY,15,REVERSAL,2,0.16666666666666666,12
MID,12,500,HOUR_NY,15,NO_EXPANSION,10,0.8333333333333334,12
MID,12,500,HOUR_NY,15,AMBIGUOUS,0,0.0,12
MID,12,500,HOUR_NY,16,CONTINUATION,0,0.0,1
MID,12,500,HOUR_NY,16,REVERSAL,0,0.0,1
MID,12,500,HOUR_NY,16,NO_EXPANSION,1,1.0,1
MID,12,500,HOUR_NY,16,AMBIGUOUS,0,0.0,1
MID,12,500,HOUR_NY,9,CONTINUATION,0,0.0,21
MID,12,500,HOUR_NY,9,REVERSAL,0,0.0,21
MID,12,500,HOUR_NY,9,NO_EXPANSION,21,1.0,21
MID,12,500,HOUR_NY,9,AMBIGUOUS,0,0.0,21
MID,12,1000,ALL,ALL,CONTINUATION,10,0.09009009009009009,111
MID,12,1000,ALL,ALL,REVERSAL,15,0.13513513513513514,111
MID,12,1000,ALL,ALL,NO_EXPANSION,86,0.7747747747747747,111
MID,12,1000,ALL,ALL,AMBIGUOUS,0,0.0,111
MID,12,1000,SIDE,BUY,CONTINUATION,5,0.07575757575757576,66
MID,12,1000,SIDE,BUY,REVERSAL,9,0.13636363636363635,66
MID,12,1000,SIDE,BUY,NO_EXPANSION,52,0.7878787878787878,66
MID,12,1000,SIDE,BUY,AMBIGUOUS,0,0.0,66
MID,12,1000,SIDE,SELL,CONTINUATION,5,0.1111111111111111,45
MID,12,1000,SIDE,SELL,REVERSAL,6,0.13333333333333333,45
MID,12,1000,SIDE,SELL,NO_EXPANSION,34,0.7555555555555555,45
MID,12,1000,SIDE,SELL,AMBIGUOUS,0,0.0,45
MID,12,1000,SESSION,2022-08-01,CONTINUATION,1,0.04,25
MID,12,1000,SESSION,2022-08-01,REVERSAL,4,0.16,25
MID,12,1000,SESSION,2022-08-01,NO_EXPANSION,20,0.8,25
MID,12,1000,SESSION,2022-08-01,AMBIGUOUS,0,0.0,25
MID,12,1000,SESSION,2022-08-02,CONTINUATION,5,0.16129032258064516,31
MID,12,1000,SESSION,2022-08-02,REVERSAL,6,0.1935483870967742,31
MID,12,1000,SESSION,2022-08-02,NO_EXPANSION,20,0.6451612903225806,31
MID,12,1000,SESSION,2022-08-02,AMBIGUOUS,0,0.0,31
MID,12,1000,SESSION,2022-08-03,CONTINUATION,3,0.10714285714285714,28
MID,12,1000,SESSION,2022-08-03,REVERSAL,1,0.03571428571428571,28
MID,12,1000,SESSION,2022-08-03,NO_EXPANSION,24,0.8571428571428571,28
MID,12,1000,SESSION,2022-08-03,AMBIGUOUS,0,0.0,28
MID,12,1000,SESSION,2022-08-04,CONTINUATION,1,0.07692307692307693,13
MID,12,1000,SESSION,2022-08-04,REVERSAL,4,0.3076923076923077,13
MID,12,1000,SESSION,2022-08-04,NO_EXPANSION,8,0.6153846153846154,13
MID,12,1000,SESSION,2022-08-04,AMBIGUOUS,0,0.0,13
MID,12,1000,SESSION,2022-08-05,CONTINUATION,0,0.0,14
MID,12,1000,SESSION,2022-08-05,REVERSAL,0,0.0,14
MID,12,1000,SESSION,2022-08-05,NO_EXPANSION,14,1.0,14
MID,12,1000,SESSION,2022-08-05,AMBIGUOUS,0,0.0,14
MID,12,1000,MONTH,2022-08,CONTINUATION,10,0.09009009009009009,111
MID,12,1000,MONTH,2022-08,REVERSAL,15,0.13513513513513514,111
MID,12,1000,MONTH,2022-08,NO_EXPANSION,86,0.7747747747747747,111
MID,12,1000,MONTH,2022-08,AMBIGUOUS,0,0.0,111
MID,12,1000,YEAR,2022,CONTINUATION,10,0.09009009009009009,111
MID,12,1000,YEAR,2022,REVERSAL,15,0.13513513513513514,111
MID,12,1000,YEAR,2022,NO_EXPANSION,86,0.7747747747747747,111
MID,12,1000,YEAR,2022,AMBIGUOUS,0,0.0,111
MID,12,1000,HOUR_NY,10,CONTINUATION,4,0.125,32
MID,12,1000,HOUR_NY,10,REVERSAL,8,0.25,32
MID,12,1000,HOUR_NY,10,NO_EXPANSION,20,0.625,32
MID,12,1000,HOUR_NY,10,AMBIGUOUS,0,0.0,32
MID,12,1000,HOUR_NY,11,CONTINUATION,1,0.05263157894736842,19
MID,12,1000,HOUR_NY,11,REVERSAL,0,0.0,19
MID,12,1000,HOUR_NY,11,NO_EXPANSION,18,0.9473684210526315,19
MID,12,1000,HOUR_NY,11,AMBIGUOUS,0,0.0,19
MID,12,1000,HOUR_NY,12,CONTINUATION,0,0.0,9
MID,12,1000,HOUR_NY,12,REVERSAL,1,0.1111111111111111,9
MID,12,1000,HOUR_NY,12,NO_EXPANSION,8,0.8888888888888888,9
MID,12,1000,HOUR_NY,12,AMBIGUOUS,0,0.0,9
MID,12,1000,HOUR_NY,13,CONTINUATION,0,0.0,6
MID,12,1000,HOUR_NY,13,REVERSAL,1,0.16666666666666666,6
MID,12,1000,HOUR_NY,13,NO_EXPANSION,5,0.8333333333333334,6
MID,12,1000,HOUR_NY,13,AMBIGUOUS,0,0.0,6
MID,12,1000,HOUR_NY,14,CONTINUATION,1,0.09090909090909091,11
MID,12,1000,HOUR_NY,14,REVERSAL,0,0.0,11
MID,12,1000,HOUR_NY,14,NO_EXPANSION,10,0.9090909090909091,11
MID,12,1000,HOUR_NY,14,AMBIGUOUS,0,0.0,11
MID,12,1000,HOUR_NY,15,CONTINUATION,0,0.0,12
MID,12,1000,HOUR_NY,15,REVERSAL,3,0.25,12
MID,12,1000,HOUR_NY,15,NO_EXPANSION,9,0.75,12
MID,12,1000,HOUR_NY,15,AMBIGUOUS,0,0.0,12
MID,12,1000,HOUR_NY,16,CONTINUATION,1,1.0,1
MID,12,1000,HOUR_NY,16,REVERSAL,0,0.0,1
MID,12,1000,HOUR_NY,16,NO_EXPANSION,0,0.0,1
MID,12,1000,HOUR_NY,16,AMBIGUOUS,0,0.0,1
MID,12,1000,HOUR_NY,9,CONTINUATION,3,0.14285714285714285,21
MID,12,1000,HOUR_NY,9,REVERSAL,2,0.09523809523809523,21
MID,12,1000,HOUR_NY,9,NO_EXPANSION,16,0.7619047619047619,21
MID,12,1000,HOUR_NY,9,AMBIGUOUS,0,0.0,21
MID,12,2000,ALL,ALL,CONTINUATION,24,0.21621621621621623,111
MID,12,2000,ALL,ALL,REVERSAL,17,0.15315315315315314,111
MID,12,2000,ALL,ALL,NO_EXPANSION,70,0.6306306306306306,111
MID,12,2000,ALL,ALL,AMBIGUOUS,0,0.0,111
MID,12,2000,SIDE,BUY,CONTINUATION,15,0.22727272727272727,66
MID,12,2000,SIDE,BUY,REVERSAL,9,0.13636363636363635,66
MID,12,2000,SIDE,BUY,NO_EXPANSION,42,0.6363636363636364,66
MID,12,2000,SIDE,BUY,AMBIGUOUS,0,0.0,66
MID,12,2000,SIDE,SELL,CONTINUATION,9,0.2,45
MID,12,2000,SIDE,SELL,REVERSAL,8,0.17777777777777778,45
MID,12,2000,SIDE,SELL,NO_EXPANSION,28,0.6222222222222222,45
MID,12,2000,SIDE,SELL,AMBIGUOUS,0,0.0,45
MID,12,2000,SESSION,2022-08-01,CONTINUATION,5,0.2,25
MID,12,2000,SESSION,2022-08-01,REVERSAL,5,0.2,25
MID,12,2000,SESSION,2022-08-01,NO_EXPANSION,15,0.6,25
MID,12,2000,SESSION,2022-08-01,AMBIGUOUS,0,0.0,25
MID,12,2000,SESSION,2022-08-02,CONTINUATION,9,0.2903225806451613,31
MID,12,2000,SESSION,2022-08-02,REVERSAL,7,0.22580645161290322,31
MID,12,2000,SESSION,2022-08-02,NO_EXPANSION,15,0.4838709677419355,31
MID,12,2000,SESSION,2022-08-02,AMBIGUOUS,0,0.0,31
MID,12,2000,SESSION,2022-08-03,CONTINUATION,6,0.21428571428571427,28
MID,12,2000,SESSION,2022-08-03,REVERSAL,1,0.03571428571428571,28
MID,12,2000,SESSION,2022-08-03,NO_EXPANSION,21,0.75,28
MID,12,2000,SESSION,2022-08-03,AMBIGUOUS,0,0.0,28
MID,12,2000,SESSION,2022-08-04,CONTINUATION,1,0.07692307692307693,13
MID,12,2000,SESSION,2022-08-04,REVERSAL,4,0.3076923076923077,13
MID,12,2000,SESSION,2022-08-04,NO_EXPANSION,8,0.6153846153846154,13
MID,12,2000,SESSION,2022-08-04,AMBIGUOUS,0,0.0,13
MID,12,2000,SESSION,2022-08-05,CONTINUATION,3,0.21428571428571427,14
MID,12,2000,SESSION,2022-08-05,REVERSAL,0,0.0,14
MID,12,2000,SESSION,2022-08-05,NO_EXPANSION,11,0.7857142857142857,14
MID,12,2000,SESSION,2022-08-05,AMBIGUOUS,0,0.0,14
MID,12,2000,MONTH,2022-08,CONTINUATION,24,0.21621621621621623,111
MID,12,2000,MONTH,2022-08,REVERSAL,17,0.15315315315315314,111
MID,12,2000,MONTH,2022-08,NO_EXPANSION,70,0.6306306306306306,111
MID,12,2000,MONTH,2022-08,AMBIGUOUS,0,0.0,111
MID,12,2000,YEAR,2022,CONTINUATION,24,0.21621621621621623,111
MID,12,2000,YEAR,2022,REVERSAL,17,0.15315315315315314,111
MID,12,2000,YEAR,2022,NO_EXPANSION,70,0.6306306306306306,111
MID,12,2000,YEAR,2022,AMBIGUOUS,0,0.0,111
MID,12,2000,HOUR_NY,10,CONTINUATION,8,0.25,32
MID,12,2000,HOUR_NY,10,REVERSAL,9,0.28125,32
MID,12,2000,HOUR_NY,10,NO_EXPANSION,15,0.46875,32
MID,12,2000,HOUR_NY,10,AMBIGUOUS,0,0.0,32
MID,12,2000,HOUR_NY,11,CONTINUATION,3,0.15789473684210525,19
MID,12,2000,HOUR_NY,11,REVERSAL,0,0.0,19
MID,12,2000,HOUR_NY,11,NO_EXPANSION,16,0.8421052631578947,19
MID,12,2000,HOUR_NY,11,AMBIGUOUS,0,0.0,19
MID,12,2000,HOUR_NY,12,CONTINUATION,1,0.1111111111111111,9
MID,12,2000,HOUR_NY,12,REVERSAL,1,0.1111111111111111,9
MID,12,2000,HOUR_NY,12,NO_EXPANSION,7,0.7777777777777778,9
MID,12,2000,HOUR_NY,12,AMBIGUOUS,0,0.0,9
MID,12,2000,HOUR_NY,13,CONTINUATION,0,0.0,6
MID,12,2000,HOUR_NY,13,REVERSAL,1,0.16666666666666666,6
MID,12,2000,HOUR_NY,13,NO_EXPANSION,5,0.8333333333333334,6
MID,12,2000,HOUR_NY,13,AMBIGUOUS,0,0.0,6
MID,12,2000,HOUR_NY,14,CONTINUATION,2,0.18181818181818182,11
MID,12,2000,HOUR_NY,14,REVERSAL,0,0.0,11
MID,12,2000,HOUR_NY,14,NO_EXPANSION,9,0.8181818181818182,11
MID,12,2000,HOUR_NY,14,AMBIGUOUS,0,0.0,11
MID,12,2000,HOUR_NY,15,CONTINUATION,1,0.08333333333333333,12
MID,12,2000,HOUR_NY,15,REVERSAL,3,0.25,12
MID,12,2000,HOUR_NY,15,NO_EXPANSION,8,0.6666666666666666,12
MID,12,2000,HOUR_NY,15,AMBIGUOUS,0,0.0,12
MID,12,2000,HOUR_NY,16,CONTINUATION,1,1.0,1
MID,12,2000,HOUR_NY,16,REVERSAL,0,0.0,1
MID,12,2000,HOUR_NY,16,NO_EXPANSION,0,0.0,1
MID,12,2000,HOUR_NY,16,AMBIGUOUS,0,0.0,1
MID,12,2000,HOUR_NY,9,CONTINUATION,8,0.38095238095238093,21
MID,12,2000,HOUR_NY,9,REVERSAL,3,0.14285714285714285,21
MID,12,2000,HOUR_NY,9,NO_EXPANSION,10,0.47619047619047616,21
MID,12,2000,HOUR_NY,9,AMBIGUOUS,0,0.0,21
MID,12,5000,ALL,ALL,CONTINUATION,35,0.3153153153153153,111
MID,12,5000,ALL,ALL,REVERSAL,29,0.26126126126126126,111
MID,12,5000,ALL,ALL,NO_EXPANSION,47,0.42342342342342343,111
MID,12,5000,ALL,ALL,AMBIGUOUS,0,0.0,111
MID,12,5000,SIDE,BUY,CONTINUATION,25,0.3787878787878788,66
MID,12,5000,SIDE,BUY,REVERSAL,17,0.25757575757575757,66
MID,12,5000,SIDE,BUY,NO_EXPANSION,24,0.36363636363636365,66
MID,12,5000,SIDE,BUY,AMBIGUOUS,0,0.0,66
MID,12,5000,SIDE,SELL,CONTINUATION,10,0.2222222222222222,45
MID,12,5000,SIDE,SELL,REVERSAL,12,0.26666666666666666,45
MID,12,5000,SIDE,SELL,NO_EXPANSION,23,0.5111111111111111,45
MID,12,5000,SIDE,SELL,AMBIGUOUS,0,0.0,45
MID,12,5000,SESSION,2022-08-01,CONTINUATION,7,0.28,25
MID,12,5000,SESSION,2022-08-01,REVERSAL,7,0.28,25
MID,12,5000,SESSION,2022-08-01,NO_EXPANSION,11,0.44,25
MID,12,5000,SESSION,2022-08-01,AMBIGUOUS,0,0.0,25
MID,12,5000,SESSION,2022-08-02,CONTINUATION,12,0.3870967741935484,31
MID,12,5000,SESSION,2022-08-02,REVERSAL,11,0.3548387096774194,31
MID,12,5000,SESSION,2022-08-02,NO_EXPANSION,8,0.25806451612903225,31
MID,12,5000,SESSION,2022-08-02,AMBIGUOUS,0,0.0,31
MID,12,5000,SESSION,2022-08-03,CONTINUATION,9,0.32142857142857145,28
MID,12,5000,SESSION,2022-08-03,REVERSAL,4,0.14285714285714285,28
MID,12,5000,SESSION,2022-08-03,NO_EXPANSION,15,0.5357142857142857,28
MID,12,5000,SESSION,2022-08-03,AMBIGUOUS,0,0.0,28
MID,12,5000,SESSION,2022-08-04,CONTINUATION,1,0.07692307692307693,13
MID,12,5000,SESSION,2022-08-04,REVERSAL,6,0.46153846153846156,13
MID,12,5000,SESSION,2022-08-04,NO_EXPANSION,6,0.46153846153846156,13
MID,12,5000,SESSION,2022-08-04,AMBIGUOUS,0,0.0,13
MID,12,5000,SESSION,2022-08-05,CONTINUATION,6,0.42857142857142855,14
MID,12,5000,SESSION,2022-08-05,REVERSAL,1,0.07142857142857142,14
MID,12,5000,SESSION,2022-08-05,NO_EXPANSION,7,0.5,14
MID,12,5000,SESSION,2022-08-05,AMBIGUOUS,0,0.0,14
MID,12,5000,MONTH,2022-08,CONTINUATION,35,0.3153153153153153,111
MID,12,5000,MONTH,2022-08,REVERSAL,29,0.26126126126126126,111
MID,12,5000,MONTH,2022-08,NO_EXPANSION,47,0.42342342342342343,111
MID,12,5000,MONTH,2022-08,AMBIGUOUS,0,0.0,111
MID,12,5000,YEAR,2022,CONTINUATION,35,0.3153153153153153,111
MID,12,5000,YEAR,2022,REVERSAL,29,0.26126126126126126,111
MID,12,5000,YEAR,2022,NO_EXPANSION,47,0.42342342342342343,111
MID,12,5000,YEAR,2022,AMBIGUOUS,0,0.0,111
MID,12,5000,HOUR_NY,10,CONTINUATION,10,0.3125,32
MID,12,5000,HOUR_NY,10,REVERSAL,13,0.40625,32
MID,12,5000,HOUR_NY,10,NO_EXPANSION,9,0.28125,32
MID,12,5000,HOUR_NY,10,AMBIGUOUS,0,0.0,32
MID,12,5000,HOUR_NY,11,CONTINUATION,4,0.21052631578947367,19
MID,12,5000,HOUR_NY,11,REVERSAL,0,0.0,19
MID,12,5000,HOUR_NY,11,NO_EXPANSION,15,0.7894736842105263,19
MID,12,5000,HOUR_NY,11,AMBIGUOUS,0,0.0,19
MID,12,5000,HOUR_NY,12,CONTINUATION,2,0.2222222222222222,9
MID,12,5000,HOUR_NY,12,REVERSAL,2,0.2222222222222222,9
MID,12,5000,HOUR_NY,12,NO_EXPANSION,5,0.5555555555555556,9
MID,12,5000,HOUR_NY,12,AMBIGUOUS,0,0.0,9
MID,12,5000,HOUR_NY,13,CONTINUATION,0,0.0,6
MID,12,5000,HOUR_NY,13,REVERSAL,1,0.16666666666666666,6
MID,12,5000,HOUR_NY,13,NO_EXPANSION,5,0.8333333333333334,6
MID,12,5000,HOUR_NY,13,AMBIGUOUS,0,0.0,6
MID,12,5000,HOUR_NY,14,CONTINUATION,2,0.18181818181818182,11
MID,12,5000,HOUR_NY,14,REVERSAL,2,0.18181818181818182,11
MID,12,5000,HOUR_NY,14,NO_EXPANSION,7,0.6363636363636364,11
MID,12,5000,HOUR_NY,14,AMBIGUOUS,0,0.0,11
MID,12,5000,HOUR_NY,15,CONTINUATION,3,0.25,12
MID,12,5000,HOUR_NY,15,REVERSAL,4,0.3333333333333333,12
MID,12,5000,HOUR_NY,15,NO_EXPANSION,5,0.4166666666666667,12
MID,12,5000,HOUR_NY,15,AMBIGUOUS,0,0.0,12
MID,12,5000,HOUR_NY,16,CONTINUATION,1,1.0,1
MID,12,5000,HOUR_NY,16,REVERSAL,0,0.0,1
MID,12,5000,HOUR_NY,16,NO_EXPANSION,0,0.0,1
MID,12,5000,HOUR_NY,16,AMBIGUOUS,0,0.0,1
MID,12,5000,HOUR_NY,9,CONTINUATION,13,0.6190476190476191,21
MID,12,5000,HOUR_NY,9,REVERSAL,7,0.3333333333333333,21
MID,12,5000,HOUR_NY,9,NO_EXPANSION,1,0.047619047619047616,21
MID,12,5000,HOUR_NY,9,AMBIGUOUS,0,0.0,21
MID,12,10000,ALL,ALL,CONTINUATION,50,0.45045045045045046,111
MID,12,10000,ALL,ALL,REVERSAL,34,0.3063063063063063,111
MID,12,10000,ALL,ALL,NO_EXPANSION,27,0.24324324324324326,111
MID,12,10000,ALL,ALL,AMBIGUOUS,0,0.0,111
MID,12,10000,SIDE,BUY,CONTINUATION,31,0.4696969696969697,66
MID,12,10000,SIDE,BUY,REVERSAL,18,0.2727272727272727,66
MID,12,10000,SIDE,BUY,NO_EXPANSION,17,0.25757575757575757,66
MID,12,10000,SIDE,BUY,AMBIGUOUS,0,0.0,66
MID,12,10000,SIDE,SELL,CONTINUATION,19,0.4222222222222222,45
MID,12,10000,SIDE,SELL,REVERSAL,16,0.35555555555555557,45
MID,12,10000,SIDE,SELL,NO_EXPANSION,10,0.2222222222222222,45
MID,12,10000,SIDE,SELL,AMBIGUOUS,0,0.0,45
MID,12,10000,SESSION,2022-08-01,CONTINUATION,8,0.32,25
MID,12,10000,SESSION,2022-08-01,REVERSAL,9,0.36,25
MID,12,10000,SESSION,2022-08-01,NO_EXPANSION,8,0.32,25
MID,12,10000,SESSION,2022-08-01,AMBIGUOUS,0,0.0,25
MID,12,10000,SESSION,2022-08-02,CONTINUATION,15,0.4838709677419355,31
MID,12,10000,SESSION,2022-08-02,REVERSAL,12,0.3870967741935484,31
MID,12,10000,SESSION,2022-08-02,NO_EXPANSION,4,0.12903225806451613,31
MID,12,10000,SESSION,2022-08-02,AMBIGUOUS,0,0.0,31
MID,12,10000,SESSION,2022-08-03,CONTINUATION,13,0.4642857142857143,28
MID,12,10000,SESSION,2022-08-03,REVERSAL,4,0.14285714285714285,28
MID,12,10000,SESSION,2022-08-03,NO_EXPANSION,11,0.39285714285714285,28
MID,12,10000,SESSION,2022-08-03,AMBIGUOUS,0,0.0,28
MID,12,10000,SESSION,2022-08-04,CONTINUATION,5,0.38461538461538464,13
MID,12,10000,SESSION,2022-08-04,REVERSAL,6,0.46153846153846156,13
MID,12,10000,SESSION,2022-08-04,NO_EXPANSION,2,0.15384615384615385,13
MID,12,10000,SESSION,2022-08-04,AMBIGUOUS,0,0.0,13
MID,12,10000,SESSION,2022-08-05,CONTINUATION,9,0.6428571428571429,14
MID,12,10000,SESSION,2022-08-05,REVERSAL,3,0.21428571428571427,14
MID,12,10000,SESSION,2022-08-05,NO_EXPANSION,2,0.14285714285714285,14
MID,12,10000,SESSION,2022-08-05,AMBIGUOUS,0,0.0,14
MID,12,10000,MONTH,2022-08,CONTINUATION,50,0.45045045045045046,111
MID,12,10000,MONTH,2022-08,REVERSAL,34,0.3063063063063063,111
MID,12,10000,MONTH,2022-08,NO_EXPANSION,27,0.24324324324324326,111
MID,12,10000,MONTH,2022-08,AMBIGUOUS,0,0.0,111
MID,12,10000,YEAR,2022,CONTINUATION,50,0.45045045045045046,111
MID,12,10000,YEAR,2022,REVERSAL,34,0.3063063063063063,111
MID,12,10000,YEAR,2022,NO_EXPANSION,27,0.24324324324324326,111
MID,12,10000,YEAR,2022,AMBIGUOUS,0,0.0,111
MID,12,10000,HOUR_NY,10,CONTINUATION,15,0.46875,32
MID,12,10000,HOUR_NY,10,REVERSAL,15,0.46875,32
MID,12,10000,HOUR_NY,10,NO_EXPANSION,2,0.0625,32
MID,12,10000,HOUR_NY,10,AMBIGUOUS,0,0.0,32
MID,12,10000,HOUR_NY,11,CONTINUATION,8,0.42105263157894735,19
MID,12,10000,HOUR_NY,11,REVERSAL,1,0.05263157894736842,19
MID,12,10000,HOUR_NY,11,NO_EXPANSION,10,0.5263157894736842,19
MID,12,10000,HOUR_NY,11,AMBIGUOUS,0,0.0,19
MID,12,10000,HOUR_NY,12,CONTINUATION,4,0.4444444444444444,9
MID,12,10000,HOUR_NY,12,REVERSAL,3,0.3333333333333333,9
MID,12,10000,HOUR_NY,12,NO_EXPANSION,2,0.2222222222222222,9
MID,12,10000,HOUR_NY,12,AMBIGUOUS,0,0.0,9
MID,12,10000,HOUR_NY,13,CONTINUATION,3,0.5,6
MID,12,10000,HOUR_NY,13,REVERSAL,1,0.16666666666666666,6
MID,12,10000,HOUR_NY,13,NO_EXPANSION,2,0.3333333333333333,6
MID,12,10000,HOUR_NY,13,AMBIGUOUS,0,0.0,6
MID,12,10000,HOUR_NY,14,CONTINUATION,2,0.18181818181818182,11
MID,12,10000,HOUR_NY,14,REVERSAL,2,0.18181818181818182,11
MID,12,10000,HOUR_NY,14,NO_EXPANSION,7,0.6363636363636364,11
MID,12,10000,HOUR_NY,14,AMBIGUOUS,0,0.0,11
MID,12,10000,HOUR_NY,15,CONTINUATION,4,0.3333333333333333,12
MID,12,10000,HOUR_NY,15,REVERSAL,5,0.4166666666666667,12
MID,12,10000,HOUR_NY,15,NO_EXPANSION,3,0.25,12
MID,12,10000,HOUR_NY,15,AMBIGUOUS,0,0.0,12
MID,12,10000,HOUR_NY,16,CONTINUATION,1,1.0,1
MID,12,10000,HOUR_NY,16,REVERSAL,0,0.0,1
MID,12,10000,HOUR_NY,16,NO_EXPANSION,0,0.0,1
MID,12,10000,HOUR_NY,16,AMBIGUOUS,0,0.0,1
MID,12,10000,HOUR_NY,9,CONTINUATION,13,0.6190476190476191,21
MID,12,10000,HOUR_NY,9,REVERSAL,7,0.3333333333333333,21
MID,12,10000,HOUR_NY,9,NO_EXPANSION,1,0.047619047619047616,21
MID,12,10000,HOUR_NY,9,AMBIGUOUS,0,0.0,21
MID,16,500,ALL,ALL,CONTINUATION,4,0.036036036036036036,111
MID,16,500,ALL,ALL,REVERSAL,1,0.009009009009009009,111
MID,16,500,ALL,ALL,NO_EXPANSION,106,0.954954954954955,111
MID,16,500,ALL,ALL,AMBIGUOUS,0,0.0,111
MID,16,500,SIDE,BUY,CONTINUATION,2,0.030303030303030304,66
MID,16,500,SIDE,BUY,REVERSAL,1,0.015151515151515152,66
MID,16,500,SIDE,BUY,NO_EXPANSION,63,0.9545454545454546,66
MID,16,500,SIDE,BUY,AMBIGUOUS,0,0.0,66
MID,16,500,SIDE,SELL,CONTINUATION,2,0.044444444444444446,45
MID,16,500,SIDE,SELL,REVERSAL,0,0.0,45
MID,16,500,SIDE,SELL,NO_EXPANSION,43,0.9555555555555556,45
MID,16,500,SIDE,SELL,AMBIGUOUS,0,0.0,45
MID,16,500,SESSION,2022-08-01,CONTINUATION,1,0.04,25
MID,16,500,SESSION,2022-08-01,REVERSAL,0,0.0,25
MID,16,500,SESSION,2022-08-01,NO_EXPANSION,24,0.96,25
MID,16,500,SESSION,2022-08-01,AMBIGUOUS,0,0.0,25
MID,16,500,SESSION,2022-08-02,CONTINUATION,1,0.03225806451612903,31
MID,16,500,SESSION,2022-08-02,REVERSAL,0,0.0,31
MID,16,500,SESSION,2022-08-02,NO_EXPANSION,30,0.967741935483871,31
MID,16,500,SESSION,2022-08-02,AMBIGUOUS,0,0.0,31
MID,16,500,SESSION,2022-08-03,CONTINUATION,1,0.03571428571428571,28
MID,16,500,SESSION,2022-08-03,REVERSAL,0,0.0,28
MID,16,500,SESSION,2022-08-03,NO_EXPANSION,27,0.9642857142857143,28
MID,16,500,SESSION,2022-08-03,AMBIGUOUS,0,0.0,28
MID,16,500,SESSION,2022-08-04,CONTINUATION,1,0.07692307692307693,13
MID,16,500,SESSION,2022-08-04,REVERSAL,1,0.07692307692307693,13
MID,16,500,SESSION,2022-08-04,NO_EXPANSION,11,0.8461538461538461,13
MID,16,500,SESSION,2022-08-04,AMBIGUOUS,0,0.0,13
MID,16,500,SESSION,2022-08-05,CONTINUATION,0,0.0,14
MID,16,500,SESSION,2022-08-05,REVERSAL,0,0.0,14
MID,16,500,SESSION,2022-08-05,NO_EXPANSION,14,1.0,14
MID,16,500,SESSION,2022-08-05,AMBIGUOUS,0,0.0,14
MID,16,500,MONTH,2022-08,CONTINUATION,4,0.036036036036036036,111
MID,16,500,MONTH,2022-08,REVERSAL,1,0.009009009009009009,111
MID,16,500,MONTH,2022-08,NO_EXPANSION,106,0.954954954954955,111
MID,16,500,MONTH,2022-08,AMBIGUOUS,0,0.0,111
MID,16,500,YEAR,2022,CONTINUATION,4,0.036036036036036036,111
MID,16,500,YEAR,2022,REVERSAL,1,0.009009009009009009,111
MID,16,500,YEAR,2022,NO_EXPANSION,106,0.954954954954955,111
MID,16,500,YEAR,2022,AMBIGUOUS,0,0.0,111
MID,16,500,HOUR_NY,10,CONTINUATION,2,0.0625,32
MID,16,500,HOUR_NY,10,REVERSAL,0,0.0,32
MID,16,500,HOUR_NY,10,NO_EXPANSION,30,0.9375,32
MID,16,500,HOUR_NY,10,AMBIGUOUS,0,0.0,32
MID,16,500,HOUR_NY,11,CONTINUATION,1,0.05263157894736842,19
MID,16,500,HOUR_NY,11,REVERSAL,0,0.0,19
MID,16,500,HOUR_NY,11,NO_EXPANSION,18,0.9473684210526315,19
MID,16,500,HOUR_NY,11,AMBIGUOUS,0,0.0,19
MID,16,500,HOUR_NY,12,CONTINUATION,0,0.0,9
MID,16,500,HOUR_NY,12,REVERSAL,0,0.0,9
MID,16,500,HOUR_NY,12,NO_EXPANSION,9,1.0,9
MID,16,500,HOUR_NY,12,AMBIGUOUS,0,0.0,9
MID,16,500,HOUR_NY,13,CONTINUATION,0,0.0,6
MID,16,500,HOUR_NY,13,REVERSAL,0,0.0,6
MID,16,500,HOUR_NY,13,NO_EXPANSION,6,1.0,6
MID,16,500,HOUR_NY,13,AMBIGUOUS,0,0.0,6
MID,16,500,HOUR_NY,14,CONTINUATION,1,0.09090909090909091,11
MID,16,500,HOUR_NY,14,REVERSAL,0,0.0,11
MID,16,500,HOUR_NY,14,NO_EXPANSION,10,0.9090909090909091,11
MID,16,500,HOUR_NY,14,AMBIGUOUS,0,0.0,11
MID,16,500,HOUR_NY,15,CONTINUATION,0,0.0,12
MID,16,500,HOUR_NY,15,REVERSAL,1,0.08333333333333333,12
MID,16,500,HOUR_NY,15,NO_EXPANSION,11,0.9166666666666666,12
MID,16,500,HOUR_NY,15,AMBIGUOUS,0,0.0,12
MID,16,500,HOUR_NY,16,CONTINUATION,0,0.0,1
MID,16,500,HOUR_NY,16,REVERSAL,0,0.0,1
MID,16,500,HOUR_NY,16,NO_EXPANSION,1,1.0,1
MID,16,500,HOUR_NY,16,AMBIGUOUS,0,0.0,1
MID,16,500,HOUR_NY,9,CONTINUATION,0,0.0,21
MID,16,500,HOUR_NY,9,REVERSAL,0,0.0,21
MID,16,500,HOUR_NY,9,NO_EXPANSION,21,1.0,21
MID,16,500,HOUR_NY,9,AMBIGUOUS,0,0.0,21
MID,16,1000,ALL,ALL,CONTINUATION,6,0.05405405405405406,111
MID,16,1000,ALL,ALL,REVERSAL,4,0.036036036036036036,111
MID,16,1000,ALL,ALL,NO_EXPANSION,101,0.9099099099099099,111
MID,16,1000,ALL,ALL,AMBIGUOUS,0,0.0,111
MID,16,1000,SIDE,BUY,CONTINUATION,2,0.030303030303030304,66
MID,16,1000,SIDE,BUY,REVERSAL,3,0.045454545454545456,66
MID,16,1000,SIDE,BUY,NO_EXPANSION,61,0.9242424242424242,66
MID,16,1000,SIDE,BUY,AMBIGUOUS,0,0.0,66
MID,16,1000,SIDE,SELL,CONTINUATION,4,0.08888888888888889,45
MID,16,1000,SIDE,SELL,REVERSAL,1,0.022222222222222223,45
MID,16,1000,SIDE,SELL,NO_EXPANSION,40,0.8888888888888888,45
MID,16,1000,SIDE,SELL,AMBIGUOUS,0,0.0,45
MID,16,1000,SESSION,2022-08-01,CONTINUATION,2,0.08,25
MID,16,1000,SESSION,2022-08-01,REVERSAL,0,0.0,25
MID,16,1000,SESSION,2022-08-01,NO_EXPANSION,23,0.92,25
MID,16,1000,SESSION,2022-08-01,AMBIGUOUS,0,0.0,25
MID,16,1000,SESSION,2022-08-02,CONTINUATION,1,0.03225806451612903,31
MID,16,1000,SESSION,2022-08-02,REVERSAL,3,0.0967741935483871,31
MID,16,1000,SESSION,2022-08-02,NO_EXPANSION,27,0.8709677419354839,31
MID,16,1000,SESSION,2022-08-02,AMBIGUOUS,0,0.0,31
MID,16,1000,SESSION,2022-08-03,CONTINUATION,2,0.07142857142857142,28
MID,16,1000,SESSION,2022-08-03,REVERSAL,0,0.0,28
MID,16,1000,SESSION,2022-08-03,NO_EXPANSION,26,0.9285714285714286,28
MID,16,1000,SESSION,2022-08-03,AMBIGUOUS,0,0.0,28
MID,16,1000,SESSION,2022-08-04,CONTINUATION,1,0.07692307692307693,13
MID,16,1000,SESSION,2022-08-04,REVERSAL,1,0.07692307692307693,13
MID,16,1000,SESSION,2022-08-04,NO_EXPANSION,11,0.8461538461538461,13
MID,16,1000,SESSION,2022-08-04,AMBIGUOUS,0,0.0,13
MID,16,1000,SESSION,2022-08-05,CONTINUATION,0,0.0,14
MID,16,1000,SESSION,2022-08-05,REVERSAL,0,0.0,14
MID,16,1000,SESSION,2022-08-05,NO_EXPANSION,14,1.0,14
MID,16,1000,SESSION,2022-08-05,AMBIGUOUS,0,0.0,14
MID,16,1000,MONTH,2022-08,CONTINUATION,6,0.05405405405405406,111
MID,16,1000,MONTH,2022-08,REVERSAL,4,0.036036036036036036,111
MID,16,1000,MONTH,2022-08,NO_EXPANSION,101,0.9099099099099099,111
MID,16,1000,MONTH,2022-08,AMBIGUOUS,0,0.0,111
MID,16,1000,YEAR,2022,CONTINUATION,6,0.05405405405405406,111
MID,16,1000,YEAR,2022,REVERSAL,4,0.036036036036036036,111
MID,16,1000,YEAR,2022,NO_EXPANSION,101,0.9099099099099099,111
MID,16,1000,YEAR,2022,AMBIGUOUS,0,0.0,111
MID,16,1000,HOUR_NY,10,CONTINUATION,4,0.125,32
MID,16,1000,HOUR_NY,10,REVERSAL,2,0.0625,32
MID,16,1000,HOUR_NY,10,NO_EXPANSION,26,0.8125,32
MID,16,1000,HOUR_NY,10,AMBIGUOUS,0,0.0,32
MID,16,1000,HOUR_NY,11,CONTINUATION,1,0.05263157894736842,19
MID,16,1000,HOUR_NY,11,REVERSAL,0,0.0,19
MID,16,1000,HOUR_NY,11,NO_EXPANSION,18,0.9473684210526315,19
MID,16,1000,HOUR_NY,11,AMBIGUOUS,0,0.0,19
MID,16,1000,HOUR_NY,12,CONTINUATION,0,0.0,9
MID,16,1000,HOUR_NY,12,REVERSAL,0,0.0,9
MID,16,1000,HOUR_NY,12,NO_EXPANSION,9,1.0,9
MID,16,1000,HOUR_NY,12,AMBIGUOUS,0,0.0,9
MID,16,1000,HOUR_NY,13,CONTINUATION,0,0.0,6
MID,16,1000,HOUR_NY,13,REVERSAL,0,0.0,6
MID,16,1000,HOUR_NY,13,NO_EXPANSION,6,1.0,6
MID,16,1000,HOUR_NY,13,AMBIGUOUS,0,0.0,6
MID,16,1000,HOUR_NY,14,CONTINUATION,1,0.09090909090909091,11
MID,16,1000,HOUR_NY,14,REVERSAL,0,0.0,11
MID,16,1000,HOUR_NY,14,NO_EXPANSION,10,0.9090909090909091,11
MID,16,1000,HOUR_NY,14,AMBIGUOUS,0,0.0,11
MID,16,1000,HOUR_NY,15,CONTINUATION,0,0.0,12
MID,16,1000,HOUR_NY,15,REVERSAL,2,0.16666666666666666,12
MID,16,1000,HOUR_NY,15,NO_EXPANSION,10,0.8333333333333334,12
MID,16,1000,HOUR_NY,15,AMBIGUOUS,0,0.0,12
MID,16,1000,HOUR_NY,16,CONTINUATION,0,0.0,1
MID,16,1000,HOUR_NY,16,REVERSAL,0,0.0,1
MID,16,1000,HOUR_NY,16,NO_EXPANSION,1,1.0,1
MID,16,1000,HOUR_NY,16,AMBIGUOUS,0,0.0,1
MID,16,1000,HOUR_NY,9,CONTINUATION,0,0.0,21
MID,16,1000,HOUR_NY,9,REVERSAL,0,0.0,21
MID,16,1000,HOUR_NY,9,NO_EXPANSION,21,1.0,21
MID,16,1000,HOUR_NY,9,AMBIGUOUS,0,0.0,21
MID,16,2000,ALL,ALL,CONTINUATION,17,0.15315315315315314,111
MID,16,2000,ALL,ALL,REVERSAL,12,0.10810810810810811,111
MID,16,2000,ALL,ALL,NO_EXPANSION,82,0.7387387387387387,111
MID,16,2000,ALL,ALL,AMBIGUOUS,0,0.0,111
MID,16,2000,SIDE,BUY,CONTINUATION,8,0.12121212121212122,66
MID,16,2000,SIDE,BUY,REVERSAL,6,0.09090909090909091,66
MID,16,2000,SIDE,BUY,NO_EXPANSION,52,0.7878787878787878,66
MID,16,2000,SIDE,BUY,AMBIGUOUS,0,0.0,66
MID,16,2000,SIDE,SELL,CONTINUATION,9,0.2,45
MID,16,2000,SIDE,SELL,REVERSAL,6,0.13333333333333333,45
MID,16,2000,SIDE,SELL,NO_EXPANSION,30,0.6666666666666666,45
MID,16,2000,SIDE,SELL,AMBIGUOUS,0,0.0,45
MID,16,2000,SESSION,2022-08-01,CONTINUATION,5,0.2,25
MID,16,2000,SESSION,2022-08-01,REVERSAL,2,0.08,25
MID,16,2000,SESSION,2022-08-01,NO_EXPANSION,18,0.72,25
MID,16,2000,SESSION,2022-08-01,AMBIGUOUS,0,0.0,25
MID,16,2000,SESSION,2022-08-02,CONTINUATION,4,0.12903225806451613,31
MID,16,2000,SESSION,2022-08-02,REVERSAL,6,0.1935483870967742,31
MID,16,2000,SESSION,2022-08-02,NO_EXPANSION,21,0.6774193548387096,31
MID,16,2000,SESSION,2022-08-02,AMBIGUOUS,0,0.0,31
MID,16,2000,SESSION,2022-08-03,CONTINUATION,6,0.21428571428571427,28
MID,16,2000,SESSION,2022-08-03,REVERSAL,1,0.03571428571428571,28
MID,16,2000,SESSION,2022-08-03,NO_EXPANSION,21,0.75,28
MID,16,2000,SESSION,2022-08-03,AMBIGUOUS,0,0.0,28
MID,16,2000,SESSION,2022-08-04,CONTINUATION,1,0.07692307692307693,13
MID,16,2000,SESSION,2022-08-04,REVERSAL,3,0.23076923076923078,13
MID,16,2000,SESSION,2022-08-04,NO_EXPANSION,9,0.6923076923076923,13
MID,16,2000,SESSION,2022-08-04,AMBIGUOUS,0,0.0,13
MID,16,2000,SESSION,2022-08-05,CONTINUATION,1,0.07142857142857142,14
MID,16,2000,SESSION,2022-08-05,REVERSAL,0,0.0,14
MID,16,2000,SESSION,2022-08-05,NO_EXPANSION,13,0.9285714285714286,14
MID,16,2000,SESSION,2022-08-05,AMBIGUOUS,0,0.0,14
MID,16,2000,MONTH,2022-08,CONTINUATION,17,0.15315315315315314,111
MID,16,2000,MONTH,2022-08,REVERSAL,12,0.10810810810810811,111
MID,16,2000,MONTH,2022-08,NO_EXPANSION,82,0.7387387387387387,111
MID,16,2000,MONTH,2022-08,AMBIGUOUS,0,0.0,111
MID,16,2000,YEAR,2022,CONTINUATION,17,0.15315315315315314,111
MID,16,2000,YEAR,2022,REVERSAL,12,0.10810810810810811,111
MID,16,2000,YEAR,2022,NO_EXPANSION,82,0.7387387387387387,111
MID,16,2000,YEAR,2022,AMBIGUOUS,0,0.0,111
MID,16,2000,HOUR_NY,10,CONTINUATION,6,0.1875,32
MID,16,2000,HOUR_NY,10,REVERSAL,6,0.1875,32
MID,16,2000,HOUR_NY,10,NO_EXPANSION,20,0.625,32
MID,16,2000,HOUR_NY,10,AMBIGUOUS,0,0.0,32
MID,16,2000,HOUR_NY,11,CONTINUATION,1,0.05263157894736842,19
MID,16,2000,HOUR_NY,11,REVERSAL,0,0.0,19
MID,16,2000,HOUR_NY,11,NO_EXPANSION,18,0.9473684210526315,19
MID,16,2000,HOUR_NY,11,AMBIGUOUS,0,0.0,19
MID,16,2000,HOUR_NY,12,CONTINUATION,0,0.0,9
MID,16,2000,HOUR_NY,12,REVERSAL,1,0.1111111111111111,9
MID,16,2000,HOUR_NY,12,NO_EXPANSION,8,0.8888888888888888,9
MID,16,2000,HOUR_NY,12,AMBIGUOUS,0,0.0,9
MID,16,2000,HOUR_NY,13,CONTINUATION,0,0.0,6
MID,16,2000,HOUR_NY,13,REVERSAL,1,0.16666666666666666,6
MID,16,2000,HOUR_NY,13,NO_EXPANSION,5,0.8333333333333334,6
MID,16,2000,HOUR_NY,13,AMBIGUOUS,0,0.0,6
MID,16,2000,HOUR_NY,14,CONTINUATION,2,0.18181818181818182,11
MID,16,2000,HOUR_NY,14,REVERSAL,0,0.0,11
MID,16,2000,HOUR_NY,14,NO_EXPANSION,9,0.8181818181818182,11
MID,16,2000,HOUR_NY,14,AMBIGUOUS,0,0.0,11
MID,16,2000,HOUR_NY,15,CONTINUATION,1,0.08333333333333333,12
MID,16,2000,HOUR_NY,15,REVERSAL,3,0.25,12
MID,16,2000,HOUR_NY,15,NO_EXPANSION,8,0.6666666666666666,12
MID,16,2000,HOUR_NY,15,AMBIGUOUS,0,0.0,12
MID,16,2000,HOUR_NY,16,CONTINUATION,1,1.0,1
MID,16,2000,HOUR_NY,16,REVERSAL,0,0.0,1
MID,16,2000,HOUR_NY,16,NO_EXPANSION,0,0.0,1
MID,16,2000,HOUR_NY,16,AMBIGUOUS,0,0.0,1
MID,16,2000,HOUR_NY,9,CONTINUATION,6,0.2857142857142857,21
MID,16,2000,HOUR_NY,9,REVERSAL,1,0.047619047619047616,21
MID,16,2000,HOUR_NY,9,NO_EXPANSION,14,0.6666666666666666,21
MID,16,2000,HOUR_NY,9,AMBIGUOUS,0,0.0,21
MID,16,5000,ALL,ALL,CONTINUATION,29,0.26126126126126126,111
MID,16,5000,ALL,ALL,REVERSAL,22,0.1981981981981982,111
MID,16,5000,ALL,ALL,NO_EXPANSION,60,0.5405405405405406,111
MID,16,5000,ALL,ALL,AMBIGUOUS,0,0.0,111
MID,16,5000,SIDE,BUY,CONTINUATION,19,0.2878787878787879,66
MID,16,5000,SIDE,BUY,REVERSAL,11,0.16666666666666666,66
MID,16,5000,SIDE,BUY,NO_EXPANSION,36,0.5454545454545454,66
MID,16,5000,SIDE,BUY,AMBIGUOUS,0,0.0,66
MID,16,5000,SIDE,SELL,CONTINUATION,10,0.2222222222222222,45
MID,16,5000,SIDE,SELL,REVERSAL,11,0.24444444444444444,45
MID,16,5000,SIDE,SELL,NO_EXPANSION,24,0.5333333333333333,45
MID,16,5000,SIDE,SELL,AMBIGUOUS,0,0.0,45
MID,16,5000,SESSION,2022-08-01,CONTINUATION,7,0.28,25
MID,16,5000,SESSION,2022-08-01,REVERSAL,4,0.16,25
MID,16,5000,SESSION,2022-08-01,NO_EXPANSION,14,0.56,25
MID,16,5000,SESSION,2022-08-01,AMBIGUOUS,0,0.0,25
MID,16,5000,SESSION,2022-08-02,CONTINUATION,9,0.2903225806451613,31
MID,16,5000,SESSION,2022-08-02,REVERSAL,11,0.3548387096774194,31
MID,16,5000,SESSION,2022-08-02,NO_EXPANSION,11,0.3548387096774194,31
MID,16,5000,SESSION,2022-08-02,AMBIGUOUS,0,0.0,31
MID,16,5000,SESSION,2022-08-03,CONTINUATION,7,0.25,28
MID,16,5000,SESSION,2022-08-03,REVERSAL,3,0.10714285714285714,28
MID,16,5000,SESSION,2022-08-03,NO_EXPANSION,18,0.6428571428571429,28
MID,16,5000,SESSION,2022-08-03,AMBIGUOUS,0,0.0,28
MID,16,5000,SESSION,2022-08-04,CONTINUATION,1,0.07692307692307693,13
MID,16,5000,SESSION,2022-08-04,REVERSAL,4,0.3076923076923077,13
MID,16,5000,SESSION,2022-08-04,NO_EXPANSION,8,0.6153846153846154,13
MID,16,5000,SESSION,2022-08-04,AMBIGUOUS,0,0.0,13
MID,16,5000,SESSION,2022-08-05,CONTINUATION,5,0.35714285714285715,14
MID,16,5000,SESSION,2022-08-05,REVERSAL,0,0.0,14
MID,16,5000,SESSION,2022-08-05,NO_EXPANSION,9,0.6428571428571429,14
MID,16,5000,SESSION,2022-08-05,AMBIGUOUS,0,0.0,14
MID,16,5000,MONTH,2022-08,CONTINUATION,29,0.26126126126126126,111
MID,16,5000,MONTH,2022-08,REVERSAL,22,0.1981981981981982,111
MID,16,5000,MONTH,2022-08,NO_EXPANSION,60,0.5405405405405406,111
MID,16,5000,MONTH,2022-08,AMBIGUOUS,0,0.0,111
MID,16,5000,YEAR,2022,CONTINUATION,29,0.26126126126126126,111
MID,16,5000,YEAR,2022,REVERSAL,22,0.1981981981981982,111
MID,16,5000,YEAR,2022,NO_EXPANSION,60,0.5405405405405406,111
MID,16,5000,YEAR,2022,AMBIGUOUS,0,0.0,111
MID,16,5000,HOUR_NY,10,CONTINUATION,10,0.3125,32
MID,16,5000,HOUR_NY,10,REVERSAL,10,0.3125,32
MID,16,5000,HOUR_NY,10,NO_EXPANSION,12,0.375,32
MID,16,5000,HOUR_NY,10,AMBIGUOUS,0,0.0,32
MID,16,5000,HOUR_NY,11,CONTINUATION,3,0.15789473684210525,19
MID,16,5000,HOUR_NY,11,REVERSAL,0,0.0,19
MID,16,5000,HOUR_NY,11,NO_EXPANSION,16,0.8421052631578947,19
MID,16,5000,HOUR_NY,11,AMBIGUOUS,0,0.0,19
MID,16,5000,HOUR_NY,12,CONTINUATION,1,0.1111111111111111,9
MID,16,5000,HOUR_NY,12,REVERSAL,1,0.1111111111111111,9
MID,16,5000,HOUR_NY,12,NO_EXPANSION,7,0.7777777777777778,9
MID,16,5000,HOUR_NY,12,AMBIGUOUS,0,0.0,9
MID,16,5000,HOUR_NY,13,CONTINUATION,0,0.0,6
MID,16,5000,HOUR_NY,13,REVERSAL,1,0.16666666666666666,6
MID,16,5000,HOUR_NY,13,NO_EXPANSION,5,0.8333333333333334,6
MID,16,5000,HOUR_NY,13,AMBIGUOUS,0,0.0,6
MID,16,5000,HOUR_NY,14,CONTINUATION,2,0.18181818181818182,11
MID,16,5000,HOUR_NY,14,REVERSAL,1,0.09090909090909091,11
MID,16,5000,HOUR_NY,14,NO_EXPANSION,8,0.7272727272727273,11
MID,16,5000,HOUR_NY,14,AMBIGUOUS,0,0.0,11
MID,16,5000,HOUR_NY,15,CONTINUATION,2,0.16666666666666666,12
MID,16,5000,HOUR_NY,15,REVERSAL,4,0.3333333333333333,12
MID,16,5000,HOUR_NY,15,NO_EXPANSION,6,0.5,12
MID,16,5000,HOUR_NY,15,AMBIGUOUS,0,0.0,12
MID,16,5000,HOUR_NY,16,CONTINUATION,1,1.0,1
MID,16,5000,HOUR_NY,16,REVERSAL,0,0.0,1
MID,16,5000,HOUR_NY,16,NO_EXPANSION,0,0.0,1
MID,16,5000,HOUR_NY,16,AMBIGUOUS,0,0.0,1
MID,16,5000,HOUR_NY,9,CONTINUATION,10,0.47619047619047616,21
MID,16,5000,HOUR_NY,9,REVERSAL,5,0.23809523809523808,21
MID,16,5000,HOUR_NY,9,NO_EXPANSION,6,0.2857142857142857,21
MID,16,5000,HOUR_NY,9,AMBIGUOUS,0,0.0,21
MID,16,10000,ALL,ALL,CONTINUATION,42,0.3783783783783784,111
MID,16,10000,ALL,ALL,REVERSAL,31,0.27927927927927926,111
MID,16,10000,ALL,ALL,NO_EXPANSION,38,0.34234234234234234,111
MID,16,10000,ALL,ALL,AMBIGUOUS,0,0.0,111
MID,16,10000,SIDE,BUY,CONTINUATION,25,0.3787878787878788,66
MID,16,10000,SIDE,BUY,REVERSAL,16,0.24242424242424243,66
MID,16,10000,SIDE,BUY,NO_EXPANSION,25,0.3787878787878788,66
MID,16,10000,SIDE,BUY,AMBIGUOUS,0,0.0,66
MID,16,10000,SIDE,SELL,CONTINUATION,17,0.37777777777777777,45
MID,16,10000,SIDE,SELL,REVERSAL,15,0.3333333333333333,45
MID,16,10000,SIDE,SELL,NO_EXPANSION,13,0.28888888888888886,45
MID,16,10000,SIDE,SELL,AMBIGUOUS,0,0.0,45
MID,16,10000,SESSION,2022-08-01,CONTINUATION,8,0.32,25
MID,16,10000,SESSION,2022-08-01,REVERSAL,7,0.28,25
MID,16,10000,SESSION,2022-08-01,NO_EXPANSION,10,0.4,25
MID,16,10000,SESSION,2022-08-01,AMBIGUOUS,0,0.0,25
MID,16,10000,SESSION,2022-08-02,CONTINUATION,11,0.3548387096774194,31
MID,16,10000,SESSION,2022-08-02,REVERSAL,13,0.41935483870967744,31
MID,16,10000,SESSION,2022-08-02,NO_EXPANSION,7,0.22580645161290322,31
MID,16,10000,SESSION,2022-08-02,AMBIGUOUS,0,0.0,31
MID,16,10000,SESSION,2022-08-03,CONTINUATION,12,0.42857142857142855,28
MID,16,10000,SESSION,2022-08-03,REVERSAL,3,0.10714285714285714,28
MID,16,10000,SESSION,2022-08-03,NO_EXPANSION,13,0.4642857142857143,28
MID,16,10000,SESSION,2022-08-03,AMBIGUOUS,0,0.0,28
MID,16,10000,SESSION,2022-08-04,CONTINUATION,3,0.23076923076923078,13
MID,16,10000,SESSION,2022-08-04,REVERSAL,6,0.46153846153846156,13
MID,16,10000,SESSION,2022-08-04,NO_EXPANSION,4,0.3076923076923077,13
MID,16,10000,SESSION,2022-08-04,AMBIGUOUS,0,0.0,13
MID,16,10000,SESSION,2022-08-05,CONTINUATION,8,0.5714285714285714,14
MID,16,10000,SESSION,2022-08-05,REVERSAL,2,0.14285714285714285,14
MID,16,10000,SESSION,2022-08-05,NO_EXPANSION,4,0.2857142857142857,14
MID,16,10000,SESSION,2022-08-05,AMBIGUOUS,0,0.0,14
MID,16,10000,MONTH,2022-08,CONTINUATION,42,0.3783783783783784,111
MID,16,10000,MONTH,2022-08,REVERSAL,31,0.27927927927927926,111
MID,16,10000,MONTH,2022-08,NO_EXPANSION,38,0.34234234234234234,111
MID,16,10000,MONTH,2022-08,AMBIGUOUS,0,0.0,111
MID,16,10000,YEAR,2022,CONTINUATION,42,0.3783783783783784,111
MID,16,10000,YEAR,2022,REVERSAL,31,0.27927927927927926,111
MID,16,10000,YEAR,2022,NO_EXPANSION,38,0.34234234234234234,111
MID,16,10000,YEAR,2022,AMBIGUOUS,0,0.0,111
MID,16,10000,HOUR_NY,10,CONTINUATION,14,0.4375,32
MID,16,10000,HOUR_NY,10,REVERSAL,13,0.40625,32
MID,16,10000,HOUR_NY,10,NO_EXPANSION,5,0.15625,32
MID,16,10000,HOUR_NY,10,AMBIGUOUS,0,0.0,32
MID,16,10000,HOUR_NY,11,CONTINUATION,6,0.3157894736842105,19
MID,16,10000,HOUR_NY,11,REVERSAL,1,0.05263157894736842,19
MID,16,10000,HOUR_NY,11,NO_EXPANSION,12,0.631578947368421,19
MID,16,10000,HOUR_NY,11,AMBIGUOUS,0,0.0,19
MID,16,10000,HOUR_NY,12,CONTINUATION,3,0.3333333333333333,9
MID,16,10000,HOUR_NY,12,REVERSAL,2,0.2222222222222222,9
MID,16,10000,HOUR_NY,12,NO_EXPANSION,4,0.4444444444444444,9
MID,16,10000,HOUR_NY,12,AMBIGUOUS,0,0.0,9
MID,16,10000,HOUR_NY,13,CONTINUATION,2,0.3333333333333333,6
MID,16,10000,HOUR_NY,13,REVERSAL,1,0.16666666666666666,6
MID,16,10000,HOUR_NY,13,NO_EXPANSION,3,0.5,6
MID,16,10000,HOUR_NY,13,AMBIGUOUS,0,0.0,6
MID,16,10000,HOUR_NY,14,CONTINUATION,2,0.18181818181818182,11
MID,16,10000,HOUR_NY,14,REVERSAL,2,0.18181818181818182,11
MID,16,10000,HOUR_NY,14,NO_EXPANSION,7,0.6363636363636364,11
MID,16,10000,HOUR_NY,14,AMBIGUOUS,0,0.0,11
MID,16,10000,HOUR_NY,15,CONTINUATION,3,0.25,12
MID,16,10000,HOUR_NY,15,REVERSAL,5,0.4166666666666667,12
MID,16,10000,HOUR_NY,15,NO_EXPANSION,4,0.3333333333333333,12
MID,16,10000,HOUR_NY,15,AMBIGUOUS,0,0.0,12
MID,16,10000,HOUR_NY,16,CONTINUATION,1,1.0,1
MID,16,10000,HOUR_NY,16,REVERSAL,0,0.0,1
MID,16,10000,HOUR_NY,16,NO_EXPANSION,0,0.0,1
MID,16,10000,HOUR_NY,16,AMBIGUOUS,0,0.0,1
MID,16,10000,HOUR_NY,9,CONTINUATION,11,0.5238095238095238,21
MID,16,10000,HOUR_NY,9,REVERSAL,7,0.3333333333333333,21
MID,16,10000,HOUR_NY,9,NO_EXPANSION,3,0.14285714285714285,21
MID,16,10000,HOUR_NY,9,AMBIGUOUS,0,0.0,21
