feature_a,family_a,feature_b,family_b,spearman,pearson,abs_spearman,redundant_ge_0_90
Velocity1s,PERSISTENCE_EXHAUSTION,TicksPerSecond,TIME_REGIME,1.0,1.0,1.0,1
OR_WidthTicks,AUCTION_THEORY,range,OTHER_CAUSAL_CONTEXT,1.0,1.0,1.0,1
Nearest_OR_Edge_Distance_Ticks_AtEntry,AUCTION_THEORY,distance_nearest_or_edge_ticks,AUCTION_THEORY,1.0,0.9999999999999994,1.0,1
Delta3s,FLOW_BURST_QUALITY,CumulativeDeltaWindow,FLOW_BURST_QUALITY,1.0,1.0,1.0,1
seconds_from_open,TIME_REGIME,minute_from_open,TIME_REGIME,1.0,0.9999999999999999,1.0,1
Seconds_From_Open_AtEntry,TIME_REGIME,seconds_from_open,TIME_REGIME,0.9998972505969597,0.9999999441317484,0.9998972505969597,1
Seconds_From_Open_AtEntry,TIME_REGIME,minute_from_open,TIME_REGIME,0.9998972505969597,0.9999999441317482,0.9998972505969597,1
absorption_pressure_1s,EFFORT_VS_RESULT,burst_efficiency_score,EFFORT_VS_RESULT,-0.999748470334271,-0.5057543314985182,0.999748470334271,1
absorption_pressure_1s,EFFORT_VS_RESULT,liquidity_absorption_score,OTHER_CAUSAL_CONTEXT,0.9855846964787106,0.9991394179325503,0.9855846964787106,1
burst_efficiency_score,EFFORT_VS_RESULT,liquidity_absorption_score,OTHER_CAUSAL_CONTEXT,-0.9853322792961432,-0.4915845036060105,0.9853322792961432,1
Profile_Std_Ticks,AUCTION_THEORY,Profile_Effective_Nodes,AUCTION_THEORY,0.9800804828973843,0.9807970315761011,0.9800804828973843,1
Delta1s,FLOW_BURST_QUALITY,Delta2s,FLOW_BURST_QUALITY,0.9769313925423113,0.9951044982829621,0.9769313925423113,1
Delta1s,FLOW_BURST_QUALITY,DeltaChange1s,FLOW_BURST_QUALITY,0.9716171320638416,0.9931470210863004,0.9716171320638416,1
signed_velocity_1s,PERSISTENCE_EXHAUSTION,signed_velocity_decay_1_5,PERSISTENCE_EXHAUSTION,-0.965665181583357,-0.9761325157324224,0.965665181583357,1
signed_delta_1s,FLOW_BURST_QUALITY,signed_delta_decay_1_5,PERSISTENCE_EXHAUSTION,-0.9651678969441456,-0.9854542228062572,0.9651678969441456,1
Velocity3s,PERSISTENCE_EXHAUSTION,Velocity5s,PERSISTENCE_EXHAUSTION,0.964929549955365,0.9643368557072189,0.964929549955365,1
Delta2s,FLOW_BURST_QUALITY,CumulativeDeltaWindow,FLOW_BURST_QUALITY,0.9644901445552856,0.9929804499141436,0.9644901445552856,1
Delta2s,FLOW_BURST_QUALITY,Delta3s,FLOW_BURST_QUALITY,0.9644901445552856,0.9929804499141436,0.9644901445552856,1
signed_velocity_1s,PERSISTENCE_EXHAUSTION,liquidity_absorption_score,OTHER_CAUSAL_CONTEXT,-0.9627817878585804,-0.46168965004517964,0.9627817878585804,1
price_impact_per_100_contracts,EFFORT_VS_RESULT,absorption_pressure_1s,EFFORT_VS_RESULT,-0.962685546472006,-0.510914544916131,0.962685546472006,1
price_impact_per_100_contracts,EFFORT_VS_RESULT,burst_efficiency_score,EFFORT_VS_RESULT,0.9626266161866572,0.9486683965112876,0.9626266161866572,1
Dist_VWAP_Ticks,AUCTION_THEORY,Dist_VAL_Ticks,AUCTION_THEORY,0.9592930104153975,0.9719217940609136,0.9592930104153975,1
Delta5s,FLOW_BURST_QUALITY,CumulativeDeltaWindow,FLOW_BURST_QUALITY,0.9537783781201179,0.9881222459886173,0.9537783781201179,1
Delta3s,FLOW_BURST_QUALITY,Delta5s,FLOW_BURST_QUALITY,0.9537783781201179,0.9881222459886173,0.9537783781201179,1
DeltaChange1s,FLOW_BURST_QUALITY,DeltaChangeZScore,FLOW_BURST_QUALITY,0.9524654543503978,0.9816827236837303,0.9524654543503978,1
Dist_POC_Ticks,AUCTION_THEORY,Dist_VAH_Ticks,AUCTION_THEORY,0.9476986359080508,0.9541250668042137,0.9476986359080508,1
Dist_OR_Low_Ticks,AUCTION_THEORY,Dist_VAL_Ticks,AUCTION_THEORY,0.946512415147595,0.9555136458807202,0.946512415147595,1
Dist_OR_Low_Ticks,AUCTION_THEORY,Dist_VWAP_Ticks,AUCTION_THEORY,0.9456479364714834,0.9525507664873616,0.9456479364714834,1
price_impact_per_100_contracts,EFFORT_VS_RESULT,liquidity_absorption_score,OTHER_CAUSAL_CONTEXT,-0.9435010548301798,-0.49676638983114835,0.9435010548301798,1
Acceleration3s,PERSISTENCE_EXHAUSTION,TicksPerSecond,TIME_REGIME,0.9407360921154436,0.9457508413169015,0.9407360921154436,1
Velocity1s,PERSISTENCE_EXHAUSTION,Acceleration3s,PERSISTENCE_EXHAUSTION,0.9407360921154436,0.9457508413169015,0.9407360921154436,1
Delta1s,FLOW_BURST_QUALITY,CumulativeDeltaWindow,FLOW_BURST_QUALITY,0.9400124586137222,0.9886559928539844,0.9400124586137222,1
Delta1s,FLOW_BURST_QUALITY,Delta3s,FLOW_BURST_QUALITY,0.9400124586137222,0.9886559928539844,0.9400124586137222,1
Delta5s,FLOW_BURST_QUALITY,Delta10s,FLOW_BURST_QUALITY,0.9388763367338083,0.9797924122751235,0.9388763367338083,1
Delta1s,FLOW_BURST_QUALITY,DeltaChangeZScore,FLOW_BURST_QUALITY,0.9374018683161822,0.9761905284065091,0.9374018683161822,1
PreBurst_Price_Per_Delta_3s,EFFORT_VS_RESULT,PreBurst_Price_Per_Volume_3s,EFFORT_VS_RESULT,0.9373510326446559,0.9328932147647442,0.9373510326446559,1
Acceleration1s,PERSISTENCE_EXHAUSTION,TicksPerSecond,TIME_REGIME,0.937318241188708,0.9433346669678124,0.937318241188708,1
Velocity1s,PERSISTENCE_EXHAUSTION,Acceleration1s,PERSISTENCE_EXHAUSTION,0.937318241188708,0.9433346669678124,0.937318241188708,1
Velocity1s,PERSISTENCE_EXHAUSTION,Velocity3s,PERSISTENCE_EXHAUSTION,0.9371511625810444,0.9456323977170819,0.9371511625810444,1
Velocity3s,PERSISTENCE_EXHAUSTION,TicksPerSecond,TIME_REGIME,0.9371511625810444,0.9456323977170819,0.9371511625810444,1
Directional_OR_Extension_Ticks_AtEntry,AUCTION_THEORY,directional_vwap_distance,AUCTION_THEORY,-0.9333877669468948,-0.9259901147134006,0.9333877669468948,1
Profile_Concentration,AUCTION_THEORY,Profile_Effective_Nodes,AUCTION_THEORY,-0.9331007320518858,-0.8268475214482355,0.9331007320518858,1
Dist_VWAP_Ticks,AUCTION_THEORY,Dist_POC_Ticks,AUCTION_THEORY,0.9320863155048215,0.9455351053603351,0.9320863155048215,1
Dist_POC_Ticks,AUCTION_THEORY,Dist_VAL_Ticks,AUCTION_THEORY,0.9283896589957338,0.9372990359519305,0.9283896589957338,1
Velocity5s,PERSISTENCE_EXHAUSTION,TicksPerSecond,TIME_REGIME,0.9230866942288699,0.9165972652553697,0.9230866942288699,1
Velocity1s,PERSISTENCE_EXHAUSTION,Velocity5s,PERSISTENCE_EXHAUSTION,0.9230866942288699,0.9165972652553697,0.9230866942288699,1
Delta2s,FLOW_BURST_QUALITY,Delta5s,FLOW_BURST_QUALITY,0.9224196705806041,0.9796429535866991,0.9224196705806041,1
Dist_VWAP_Ticks,AUCTION_THEORY,Dist_VAH_Ticks,AUCTION_THEORY,0.9181230613431178,0.9411070168627258,0.9181230613431178,1
signed_velocity_1s,PERSISTENCE_EXHAUSTION,burst_efficiency_score,EFFORT_VS_RESULT,0.9169700783010757,0.8589450533595543,0.9169700783010757,1
signed_velocity_1s,PERSISTENCE_EXHAUSTION,absorption_pressure_1s,EFFORT_VS_RESULT,-0.9166697855085065,-0.4622651025186548,0.9166697855085065,1
Dist_OR_High_Ticks,AUCTION_THEORY,Dist_VWAP_Ticks,AUCTION_THEORY,0.9165718533235303,0.9434292929329808,0.9165718533235303,1
liquidity_absorption_score,OTHER_CAUSAL_CONTEXT,signed_velocity_decay_1_5,PERSISTENCE_EXHAUSTION,0.9158400611745526,0.43983516108315646,0.9158400611745526,1
Delta1s,FLOW_BURST_QUALITY,Delta5s,FLOW_BURST_QUALITY,0.912175866654616,0.9772192755854443,0.912175866654616,1
Delta2s,FLOW_BURST_QUALITY,DeltaChange1s,FLOW_BURST_QUALITY,0.9105731955138859,0.9767348338765092,0.9105731955138859,1
Prior_Closed_ATR3_Ticks_AtEntry,AUCTION_THEORY,Prior_Closed_ATR5_Ticks_AtEntry,AUCTION_THEORY,0.9084947345510309,0.9129251609485945,0.9084947345510309,1
Profile_Effective_Nodes,AUCTION_THEORY,Profile_Local_Maxima_Count,AUCTION_THEORY,0.907994758444268,0.9091180157237074,0.907994758444268,1
Profile_Std_Ticks,AUCTION_THEORY,Profile_Local_Maxima_Count,AUCTION_THEORY,0.9010477984165907,0.8932858182621038,0.9010477984165907,1
Delta10s,FLOW_BURST_QUALITY,CumulativeDeltaWindow,FLOW_BURST_QUALITY,0.8989836394650619,0.9669776578499664,0.8989836394650619,1
Delta3s,FLOW_BURST_QUALITY,Delta10s,FLOW_BURST_QUALITY,0.8989836394650619,0.9669776578499664,0.8989836394650619,1
velocity_consistency,PERSISTENCE_EXHAUSTION,flow_price_alignment,OTHER_CAUSAL_CONTEXT,0.8939456334991192,0.8941193516547107,0.8939456334991192,0
Delta2s,FLOW_BURST_QUALITY,DeltaChangeZScore,FLOW_BURST_QUALITY,0.8937158517008508,0.961110311585416,0.8937158517008508,1
signed_delta_1s,FLOW_BURST_QUALITY,signed_delta_change_1s,FLOW_BURST_QUALITY,0.892940828066199,0.9532555876377098,0.892940828066199,1
Dist_OR_High_Ticks,AUCTION_THEORY,or_position_fraction,AUCTION_THEORY,0.8927859392596722,0.8814727034112677,0.8927859392596722,0
signed_acceleration_1s,PERSISTENCE_EXHAUSTION,signed_velocity_decay_1_5,PERSISTENCE_EXHAUSTION,-0.8889653651183729,-0.929265943176134,0.8889653651183729,1
DeltaChange1s,FLOW_BURST_QUALITY,CumulativeDeltaWindow,FLOW_BURST_QUALITY,0.8879171572320461,0.9710431541331191,0.8879171572320461,1
Delta3s,FLOW_BURST_QUALITY,DeltaChange1s,FLOW_BURST_QUALITY,0.8879171572320461,0.9710431541331191,0.8879171572320461,1
Profile_Std_Ticks,AUCTION_THEORY,Profile_Concentration,AUCTION_THEORY,-0.8875593989468727,-0.7845022918071771,0.8875593989468727,0
Dist_OR_High_Ticks,AUCTION_THEORY,Dist_OR_Low_Ticks,AUCTION_THEORY,0.8872601178705476,0.8773272349764997,0.8872601178705476,0
signed_delta_change_1s,FLOW_BURST_QUALITY,signed_delta_decay_1_5,PERSISTENCE_EXHAUSTION,-0.8865556664755884,-0.9532918743352642,0.8865556664755884,1
Velocity3s,PERSISTENCE_EXHAUSTION,Acceleration3s,PERSISTENCE_EXHAUSTION,0.8855640108871826,0.8877669987977908,0.8855640108871826,0
signed_velocity_1s,PERSISTENCE_EXHAUSTION,signed_acceleration_1s,PERSISTENCE_EXHAUSTION,0.8801233459007961,0.915331561843452,0.8801233459007961,1
Delta5s,FLOW_BURST_QUALITY,DeltaChange1s,FLOW_BURST_QUALITY,0.8795040163589364,0.9619988327782374,0.8795040163589364,1
Dist_OR_Low_Ticks,AUCTION_THEORY,Dist_POC_Ticks,AUCTION_THEORY,0.8784687160626528,0.8680932124654412,0.8784687160626528,0
Dist_VAH_Ticks,AUCTION_THEORY,Dist_VAL_Ticks,AUCTION_THEORY,0.8777967459270014,0.8851888882298953,0.8777967459270014,0
Delta2s,FLOW_BURST_QUALITY,Delta10s,FLOW_BURST_QUALITY,0.8765380170037116,0.9571908656907842,0.8765380170037116,1
Acceleration1s,PERSISTENCE_EXHAUSTION,Acceleration3s,PERSISTENCE_EXHAUSTION,0.8757597999941013,0.9028092979993958,0.8757597999941013,1
signed_velocity_1s,PERSISTENCE_EXHAUSTION,price_impact_per_100_contracts,EFFORT_VS_RESULT,0.8737955976657817,0.8077683830202005,0.8737955976657817,0
DeltaChangeZScore,FLOW_BURST_QUALITY,CumulativeDeltaWindow,FLOW_BURST_QUALITY,0.8693682850977467,0.9541581752263187,0.8693682850977467,1
Delta3s,FLOW_BURST_QUALITY,DeltaChangeZScore,FLOW_BURST_QUALITY,0.8693682850977467,0.9541581752263186,0.8693682850977467,1
Delta1s,FLOW_BURST_QUALITY,Delta10s,FLOW_BURST_QUALITY,0.8685661078078226,0.9546303830048704,0.8685661078078226,1
Dist_OR_High_Ticks,AUCTION_THEORY,Dist_VAL_Ticks,AUCTION_THEORY,0.8685007587057982,0.8699444932624266,0.8685007587057982,0
TradesPerSecond,TIME_REGIME,ContractsPerSecond,FLOW_BURST_QUALITY,0.8667201850565318,0.9265776851067908,0.8667201850565318,1
PeakPositiveDelta,FLOW_BURST_QUALITY,execution_side_sign,OTHER_CAUSAL_CONTEXT,-0.8659799727003623,-0.8685350815724708,0.8659799727003623,0
Delta1s,FLOW_BURST_QUALITY,execution_side_sign,OTHER_CAUSAL_CONTEXT,-0.8658835712293882,-0.9432052149480363,0.8658835712293882,1
Delta3s,FLOW_BURST_QUALITY,execution_side_sign,OTHER_CAUSAL_CONTEXT,-0.8658798641234122,-0.9581295229963195,0.8658798641234122,1
CumulativeDeltaWindow,FLOW_BURST_QUALITY,execution_side_sign,OTHER_CAUSAL_CONTEXT,-0.8658798641234122,-0.9581295229963195,0.8658798641234122,1
DeltaChange1s,FLOW_BURST_QUALITY,execution_side_sign,OTHER_CAUSAL_CONTEXT,-0.8658780105882793,-0.9273629841083139,0.8658780105882793,1
Delta5s,FLOW_BURST_QUALITY,execution_side_sign,OTHER_CAUSAL_CONTEXT,-0.8658752303078983,-0.9537758884949746,0.8658752303078983,1
Delta2s,FLOW_BURST_QUALITY,execution_side_sign,OTHER_CAUSAL_CONTEXT,-0.8658743035537229,-0.9465183119647439,0.8658743035537229,1
Delta10s,FLOW_BURST_QUALITY,execution_side_sign,OTHER_CAUSAL_CONTEXT,-0.8658650361756308,-0.9515639688637442,0.8658650361756308,1
BuySellRatio,OTHER_CAUSAL_CONTEXT,execution_side_sign,OTHER_CAUSAL_CONTEXT,-0.8658557690950964,-0.8615004294833848,0.8658557690950964,0
DeltaChangeZScore,FLOW_BURST_QUALITY,execution_side_sign,OTHER_CAUSAL_CONTEXT,-0.8658511356664083,-0.9172287549766176,0.8658511356664083,1
Velocity5s,PERSISTENCE_EXHAUSTION,execution_side_sign,OTHER_CAUSAL_CONTEXT,-0.8653251241287795,-0.849218698490691,0.8653251241287795,0
PreBurst_Price_Per_Delta_3s,EFFORT_VS_RESULT,signed_velocity_3s,PERSISTENCE_EXHAUSTION,0.8647599955597437,0.8762001664977852,0.8647599955597437,0
Velocity1s,PERSISTENCE_EXHAUSTION,execution_side_sign,OTHER_CAUSAL_CONTEXT,-0.8643049183494744,-0.793299783666035,0.8643049183494744,0
TicksPerSecond,TIME_REGIME,execution_side_sign,OTHER_CAUSAL_CONTEXT,-0.8643049183494744,-0.793299783666035,0.8643049183494744,0
Delta_AtEntry,FLOW_BURST_QUALITY,execution_side_sign,OTHER_CAUSAL_CONTEXT,-0.8639450891892652,-0.8884088571292789,0.8639450891892652,0
burst_efficiency_score,EFFORT_VS_RESULT,signed_velocity_decay_1_5,PERSISTENCE_EXHAUSTION,-0.8631808369186682,-0.8012322378024038,0.8631808369186682,0
PeakNegativeDelta,FLOW_BURST_QUALITY,execution_side_sign,OTHER_CAUSAL_CONTEXT,-0.8631678855529547,-0.8653252180822009,0.8631678855529547,0
absorption_pressure_1s,EFFORT_VS_RESULT,signed_velocity_decay_1_5,PERSISTENCE_EXHAUSTION,0.8626544936494086,0.438764277134614,0.8626544936494086,0
Velocity3s,PERSISTENCE_EXHAUSTION,execution_side_sign,OTHER_CAUSAL_CONTEXT,-0.862591008876794,-0.8449481729882647,0.862591008876794,0
Dist_OR_High_Ticks,AUCTION_THEORY,Dist_VAH_Ticks,AUCTION_THEORY,0.8611600375326577,0.9150693366922366,0.8611600375326577,1
Delta5s,FLOW_BURST_QUALITY,DeltaChangeZScore,FLOW_BURST_QUALITY,0.8593286772298412,0.9426621812970088,0.8593286772298412,1
Dist_OR_High_Ticks,AUCTION_THEORY,Dist_POC_Ticks,AUCTION_THEORY,0.8583553337658238,0.8689802307276633,0.8583553337658238,0
Delta10s,FLOW_BURST_QUALITY,DeltaChange1s,FLOW_BURST_QUALITY,0.8531449746011907,0.9395337334855689,0.8531449746011907,1
Profile_Position_Percentile,AUCTION_THEORY,execution_side_sign,OTHER_CAUSAL_CONTEXT,-0.8512046042435972,-0.8755411791945232,0.8512046042435972,0
signed_acceleration_1s,PERSISTENCE_EXHAUSTION,liquidity_absorption_score,OTHER_CAUSAL_CONTEXT,-0.8506290658458598,-0.40839313579767544,0.8506290658458598,0
Velocity5s,PERSISTENCE_EXHAUSTION,Dist_VAH_Ticks,AUCTION_THEORY,0.847982544634346,0.8474679894541008,0.847982544634346,0
Delta10s,FLOW_BURST_QUALITY,Delta_AtEntry,FLOW_BURST_QUALITY,0.8455614861126305,0.9011052912203246,0.8455614861126305,1
Velocity3s,PERSISTENCE_EXHAUSTION,Dist_VWAP_Ticks,AUCTION_THEORY,0.8454272730892094,0.8762553694951449,0.8454272730892094,0
Delta10s,FLOW_BURST_QUALITY,PeakNegativeDelta,FLOW_BURST_QUALITY,0.8425946092773866,0.8960345596284678,0.8425946092773866,0
Velocity3s,PERSISTENCE_EXHAUSTION,Dist_VAH_Ticks,AUCTION_THEORY,0.8422071280714314,0.8513111862627355,0.8422071280714314,0
Velocity5s,PERSISTENCE_EXHAUSTION,Dist_POC_Ticks,AUCTION_THEORY,0.8399592895165733,0.8521729814532569,0.8399592895165733,0
Velocity3s,PERSISTENCE_EXHAUSTION,Dist_POC_Ticks,AUCTION_THEORY,0.8382677780493585,0.866103149919162,0.8382677780493585,0
Delta1s,FLOW_BURST_QUALITY,PeakNegativeDelta,FLOW_BURST_QUALITY,0.8378150148076967,0.9280311619847632,0.8378150148076967,1
directional_vwap_distance,AUCTION_THEORY,directional_poc_distance,AUCTION_THEORY,0.8368721590657777,0.8630737622049437,0.8368721590657777,0
PreBurst_Price_Per_Volume_3s,EFFORT_VS_RESULT,signed_velocity_3s,PERSISTENCE_EXHAUSTION,0.8360721473139241,0.8428431773060721,0.8360721473139241,0
Dist_OR_Low_Ticks,AUCTION_THEORY,Dist_VAH_Ticks,AUCTION_THEORY,0.8360280050533943,0.8247563514907792,0.8360280050533943,0
Velocity5s,PERSISTENCE_EXHAUSTION,Dist_VWAP_Ticks,AUCTION_THEORY,0.8358151005880039,0.8633613899655962,0.8358151005880039,0
Delta2s,FLOW_BURST_QUALITY,PeakNegativeDelta,FLOW_BURST_QUALITY,0.8356213396428687,0.9196793559602073,0.8356213396428687,1
PeakNegativeDelta,FLOW_BURST_QUALITY,DeltaChangeZScore,FLOW_BURST_QUALITY,0.834876473441525,0.9146177900409717,0.834876473441525,1
Profile_Concentration,AUCTION_THEORY,Prior_Closed_ATR5_Ticks_AtEntry,AUCTION_THEORY,-0.8343943079897861,-0.7498105540391845,0.8343943079897861,0
Profile_Effective_Nodes,AUCTION_THEORY,Prior_Closed_ATR5_Ticks_AtEntry,AUCTION_THEORY,0.8331504802819878,0.8564244217242546,0.8331504802819878,0
PeakNegativeDelta,FLOW_BURST_QUALITY,DeltaChange1s,FLOW_BURST_QUALITY,0.8330441462971422,0.9261753642727906,0.8330441462971422,1
Delta5s,FLOW_BURST_QUALITY,Delta_AtEntry,FLOW_BURST_QUALITY,0.8301463522073473,0.8859094171444111,0.8301463522073473,0
Delta1s,FLOW_BURST_QUALITY,PeakPositiveDelta,FLOW_BURST_QUALITY,0.8299064691660184,0.9177203241241239,0.8299064691660184,1
Profile_Effective_Nodes,AUCTION_THEORY,Prior_Closed_ATR3_Ticks_AtEntry,AUCTION_THEORY,0.8297446215164977,0.8232482437289957,0.8297446215164977,0
Velocity3s,PERSISTENCE_EXHAUSTION,Profile_Position_Percentile,AUCTION_THEORY,0.8294015432614168,0.8122272144680776,0.8294015432614168,0
price_impact_per_100_contracts,EFFORT_VS_RESULT,signed_velocity_decay_1_5,PERSISTENCE_EXHAUSTION,-0.8292596495124175,-0.7496883599440973,0.8292596495124175,0
Delta3s,FLOW_BURST_QUALITY,PeakNegativeDelta,FLOW_BURST_QUALITY,0.8288509637032345,0.9113774336332562,0.8288509637032345,1
PeakNegativeDelta,FLOW_BURST_QUALITY,CumulativeDeltaWindow,FLOW_BURST_QUALITY,0.8288509637032345,0.9113774336332562,0.8288509637032345,1
Dist_OR_Low_Ticks,AUCTION_THEORY,or_position_fraction,AUCTION_THEORY,0.8273361294383653,0.8230270464418417,0.8273361294383653,0
Delta10s,FLOW_BURST_QUALITY,PeakPositiveDelta,FLOW_BURST_QUALITY,0.8266570829163287,0.883464401823344,0.8266570829163287,0
Delta5s,FLOW_BURST_QUALITY,PeakNegativeDelta,FLOW_BURST_QUALITY,0.8235940179117294,0.9061568535096506,0.8235940179117294,1
Delta2s,FLOW_BURST_QUALITY,PeakPositiveDelta,FLOW_BURST_QUALITY,0.8226314453519271,0.915469529656198,0.8226314453519271,1
Velocity5s,PERSISTENCE_EXHAUSTION,Acceleration3s,PERSISTENCE_EXHAUSTION,0.8207823302683204,0.800179289614663,0.8207823302683204,0
Delta5s,FLOW_BURST_QUALITY,PeakPositiveDelta,FLOW_BURST_QUALITY,0.8203544287932261,0.8983727707479046,0.8203544287932261,0
PreBurst_Price_Per_Delta_3s,EFFORT_VS_RESULT,absorption_pressure_1s,EFFORT_VS_RESULT,-0.8203309288140241,-0.4221330024801401,0.8203309288140241,0
PreBurst_Price_Per_Delta_3s,EFFORT_VS_RESULT,burst_efficiency_score,EFFORT_VS_RESULT,0.8200345737562119,0.8859640543658754,0.8200345737562119,0
Delta2s,FLOW_BURST_QUALITY,Delta_AtEntry,FLOW_BURST_QUALITY,0.8197657556050096,0.8785216370405793,0.8197657556050096,0
Delta1s,FLOW_BURST_QUALITY,Delta_AtEntry,FLOW_BURST_QUALITY,0.8192714863562128,0.8737189139902996,0.8192714863562128,0
Dist_VWAP_Ticks,AUCTION_THEORY,Profile_Position_Percentile,AUCTION_THEORY,0.8177027596554858,0.9054703415027587,0.8177027596554858,1
Dist_VAH_Ticks,AUCTION_THEORY,Profile_Position_Percentile,AUCTION_THEORY,0.8174707375817126,0.876763931497115,0.8174707375817126,0
Velocity5s,PERSISTENCE_EXHAUSTION,Profile_Position_Percentile,AUCTION_THEORY,0.8174163442553998,0.8136350617024107,0.8174163442553998,0
PreBurst_Impulse_Decay_Slope_5s,PERSISTENCE_EXHAUSTION,signed_velocity_decay_1_5,PERSISTENCE_EXHAUSTION,-0.8167677936573471,-0.8916948987057797,0.8167677936573471,0
Velocity1s,PERSISTENCE_EXHAUSTION,Profile_Position_Percentile,AUCTION_THEORY,0.8162666591514006,0.7508983834958154,0.8162666591514006,0
TicksPerSecond,TIME_REGIME,Profile_Position_Percentile,AUCTION_THEORY,0.8162666591514006,0.7508983834958154,0.8162666591514006,0
Delta10s,FLOW_BURST_QUALITY,DeltaChangeZScore,FLOW_BURST_QUALITY,0.8160711515535046,0.9189940044647305,0.8160711515535046,1
Velocity5s,PERSISTENCE_EXHAUSTION,Acceleration1s,PERSISTENCE_EXHAUSTION,0.8146045881653009,0.7938160185207791,0.8146045881653009,0
Profile_Concentration,AUCTION_THEORY,Profile_Local_Maxima_Count,AUCTION_THEORY,-0.8142193957934305,-0.7197968822369576,0.8142193957934305,0
PeakPositiveDelta,FLOW_BURST_QUALITY,DeltaChange1s,FLOW_BURST_QUALITY,0.8132750069224733,0.9087799875923291,0.8132750069224733,1
CumulativeDeltaWindow,FLOW_BURST_QUALITY,Delta_AtEntry,FLOW_BURST_QUALITY,0.8126813492176652,0.880927231883059,0.8126813492176652,0
Delta3s,FLOW_BURST_QUALITY,Delta_AtEntry,FLOW_BURST_QUALITY,0.8126813492176652,0.880927231883059,0.8126813492176652,0
Velocity3s,PERSISTENCE_EXHAUSTION,Acceleration1s,PERSISTENCE_EXHAUSTION,0.8118643964896058,0.8228620631593696,0.8118643964896058,0
PeakPositiveDelta,FLOW_BURST_QUALITY,CumulativeDeltaWindow,FLOW_BURST_QUALITY,0.8114109603672807,0.9143208924232082,0.8114109603672807,1
Delta3s,FLOW_BURST_QUALITY,PeakPositiveDelta,FLOW_BURST_QUALITY,0.8114109603672807,0.9143208924232082,0.8114109603672807,1
Profile_Position_Percentile,AUCTION_THEORY,Delta_AtEntry,FLOW_BURST_QUALITY,0.8101200935697039,0.8386862304591242,0.8101200935697039,0
Dist_OR_High_Ticks,AUCTION_THEORY,Profile_Position_Percentile,AUCTION_THEORY,0.809655002770142,0.8907610478194056,0.809655002770142,0
DeltaChange1s,FLOW_BURST_QUALITY,Delta_AtEntry,FLOW_BURST_QUALITY,0.8085461176804156,0.8569935560645119,0.8085461176804156,0
PreEntry_Volume_Climax_Ratio_AtEntry,FLOW_BURST_QUALITY,minute_from_open,TIME_REGIME,0.8074751916459252,0.8310659248958144,0.8074751916459252,0
PreEntry_Volume_Climax_Ratio_AtEntry,FLOW_BURST_QUALITY,seconds_from_open,TIME_REGIME,0.8074751916459252,0.831065924895814,0.8074751916459252,0
Velocity1s,PERSISTENCE_EXHAUSTION,Dist_POC_Ticks,AUCTION_THEORY,0.8074734764776099,0.8134914179912031,0.8074734764776099,0
TicksPerSecond,TIME_REGIME,Dist_POC_Ticks,AUCTION_THEORY,0.8074734764776099,0.8134914179912031,0.8074734764776099,0
Body_AtEntry,OTHER_CAUSAL_CONTEXT,Body_OR_Ratio_AtEntry,AUCTION_THEORY,0.8069448064022848,0.7304604460067422,0.8069448064022848,0
Acceleration3s,PERSISTENCE_EXHAUSTION,execution_side_sign,OTHER_CAUSAL_CONTEXT,-0.8068407435500258,-0.7062367716570466,0.8068407435500258,0
Seconds_From_Open_AtEntry,TIME_REGIME,PreEntry_Volume_Climax_Ratio_AtEntry,FLOW_BURST_QUALITY,0.8067941037128437,0.8310794614303345,0.8067941037128437,0
TicksPerSecond,TIME_REGIME,Dist_VWAP_Ticks,AUCTION_THEORY,0.806334103011894,0.8325170417004709,0.806334103011894,0
Velocity1s,PERSISTENCE_EXHAUSTION,Dist_VWAP_Ticks,AUCTION_THEORY,0.806334103011894,0.8325170417004709,0.806334103011894,0
Profile_Concentration,AUCTION_THEORY,Prior_Closed_ATR3_Ticks_AtEntry,AUCTION_THEORY,-0.8053410606315249,-0.7066242537948797,0.8053410606315249,0
PeakPositiveDelta,FLOW_BURST_QUALITY,DeltaChangeZScore,FLOW_BURST_QUALITY,0.8051906436766415,0.891540666609113,0.8051906436766415,0
Profile_Position_Percentile,AUCTION_THEORY,or_position_fraction,AUCTION_THEORY,0.80368037567436,0.9095151784864242,0.80368037567436,1
TicksPerSecond,TIME_REGIME,Dist_VAH_Ticks,AUCTION_THEORY,0.799773179552799,0.7942338387008108,0.799773179552799,0
Velocity1s,PERSISTENCE_EXHAUSTION,Dist_VAH_Ticks,AUCTION_THEORY,0.799773179552799,0.7942338387008108,0.799773179552799,0
signed_acceleration_1s,PERSISTENCE_EXHAUSTION,absorption_pressure_1s,EFFORT_VS_RESULT,-0.7990688433525545,-0.40822404179792343,0.7990688433525545,0
Dist_POC_Ticks,AUCTION_THEORY,Profile_Position_Percentile,AUCTION_THEORY,0.798885043563703,0.8675657668344156,0.798885043563703,0
signed_acceleration_1s,PERSISTENCE_EXHAUSTION,burst_efficiency_score,EFFORT_VS_RESULT,0.7982756698196679,0.7645875640146977,0.7982756698196679,0
Velocity3s,PERSISTENCE_EXHAUSTION,Dist_VAL_Ticks,AUCTION_THEORY,0.7962942248682238,0.8409367178433877,0.7962942248682238,0
PreBurst_Price_Per_Delta_3s,EFFORT_VS_RESULT,price_impact_per_100_contracts,EFFORT_VS_RESULT,0.7959325020494049,0.8345139938803686,0.7959325020494049,0
PreBurst_Price_Per_Delta_3s,EFFORT_VS_RESULT,liquidity_absorption_score,OTHER_CAUSAL_CONTEXT,-0.7953582888145925,-0.4063660013874789,0.7953582888145925,0
Dist_POC_Ticks,AUCTION_THEORY,or_position_fraction,AUCTION_THEORY,0.7951795317988113,0.8067949184939189,0.7951795317988113,0
Velocity5s,PERSISTENCE_EXHAUSTION,Dist_VAL_Ticks,AUCTION_THEORY,0.7950260633676721,0.8247715364368563,0.7950260633676721,0
Dist_VWAP_Ticks,AUCTION_THEORY,or_position_fraction,AUCTION_THEORY,0.7945416308704675,0.8534504570743138,0.7945416308704675,0
Previous_Volume_AtEntry,FLOW_BURST_QUALITY,Seconds_From_Open_AtEntry,TIME_REGIME,-0.7944034359388898,-0.7136102076244533,0.7944034359388898,0
Dist_VAL_Ticks,AUCTION_THEORY,or_position_fraction,AUCTION_THEORY,0.7936842037151188,0.8151807775458829,0.7936842037151188,0
Dist_VAH_Ticks,AUCTION_THEORY,or_position_fraction,AUCTION_THEORY,0.7933702855887997,0.8204308436839548,0.7933702855887997,0
Previous_Volume_AtEntry,FLOW_BURST_QUALITY,minute_from_open,TIME_REGIME,-0.7933472735534592,-0.7135978329207924,0.7933472735534592,0
Previous_Volume_AtEntry,FLOW_BURST_QUALITY,seconds_from_open,TIME_REGIME,-0.7933472735534592,-0.7135978329207928,0.7933472735534592,0
Volume_AtEntry,FLOW_BURST_QUALITY,Signed_Delta_Share_AtEntry,FLOW_BURST_QUALITY,0.7932472058156986,0.690526478936108,0.7932472058156986,0
Dist_VAH_Ticks,AUCTION_THEORY,execution_side_sign,OTHER_CAUSAL_CONTEXT,-0.7928775048892854,-0.7833725819231776,0.7928775048892854,0
Delta10s,FLOW_BURST_QUALITY,Velocity5s,PERSISTENCE_EXHAUSTION,0.7916199173515123,0.8366275029320263,0.7916199173515123,0
PreBurst_Price_Per_Volume_3s,EFFORT_VS_RESULT,price_impact_per_100_contracts,EFFORT_VS_RESULT,0.7901700249780779,0.8484079790937431,0.7901700249780779,0
Profile_Effective_Nodes,AUCTION_THEORY,range,OTHER_CAUSAL_CONTEXT,0.7890189951622355,0.8357771888238313,0.7890189951622355,0
OR_WidthTicks,AUCTION_THEORY,Profile_Effective_Nodes,AUCTION_THEORY,0.7890189951622355,0.835777188823832,0.7890189951622355,0
DeltaChangeZScore,FLOW_BURST_QUALITY,Delta_AtEntry,FLOW_BURST_QUALITY,0.7884449905824776,0.8415166111533999,0.7884449905824776,0
DeltaChangeZScore,FLOW_BURST_QUALITY,BuySellRatio,OTHER_CAUSAL_CONTEXT,0.786409876343061,0.803525161531559,0.786409876343061,0
PeakPositiveDelta,FLOW_BURST_QUALITY,Velocity5s,PERSISTENCE_EXHAUSTION,0.7851777238592177,0.770742750954693,0.7851777238592177,0
PreBurst_Impulse_Decay_Slope_5s,PERSISTENCE_EXHAUSTION,signed_velocity_1s,PERSISTENCE_EXHAUSTION,0.7847335345932541,0.8640481628597598,0.7847335345932541,0
Profile_Std_Ticks,AUCTION_THEORY,Prior_Closed_ATR3_Ticks_AtEntry,AUCTION_THEORY,0.783568836501038,0.7816564976572713,0.783568836501038,0
DeltaChange1s,FLOW_BURST_QUALITY,TicksPerSecond,TIME_REGIME,0.7817638824044284,0.7976281599190727,0.7817638824044284,0
DeltaChange1s,FLOW_BURST_QUALITY,Velocity1s,PERSISTENCE_EXHAUSTION,0.7817638824044284,0.7976281599190727,0.7817638824044284,0
Seconds_From_Open_AtEntry,TIME_REGIME,Nearest_OR_Edge_Retest_Count_AtEntry,ACCEPTANCE_RECLAIM,0.7817224502602615,0.7681300349576162,0.7817224502602615,0
PeakNegativeDelta,FLOW_BURST_QUALITY,Delta_AtEntry,FLOW_BURST_QUALITY,0.7816842507900299,0.8103389140489091,0.7816842507900299,0
Profile_Excess_Kurtosis,AUCTION_THEORY,Profile_Normalized_Entropy,AUCTION_THEORY,-0.7814075945031893,-0.8064686172297524,0.7814075945031893,0
Nearest_OR_Edge_Retest_Count_AtEntry,ACCEPTANCE_RECLAIM,minute_from_open,TIME_REGIME,0.7811662861193781,0.7681244587128463,0.7811662861193781,0
Nearest_OR_Edge_Retest_Count_AtEntry,ACCEPTANCE_RECLAIM,seconds_from_open,TIME_REGIME,0.7811662861193781,0.7681244587128465,0.7811662861193781,0
PeakPositiveDelta,FLOW_BURST_QUALITY,Delta_AtEntry,FLOW_BURST_QUALITY,0.7810511424556759,0.8085574628853259,0.7810511424556759,0
Delta5s,FLOW_BURST_QUALITY,Velocity5s,PERSISTENCE_EXHAUSTION,0.7788685263818291,0.8315400328766531,0.7788685263818291,0
Dist_VAL_Ticks,AUCTION_THEORY,Profile_Position_Percentile,AUCTION_THEORY,0.7775749842202712,0.8637574651942644,0.7775749842202712,0
ContractsPerSecond,FLOW_BURST_QUALITY,signed_delta_1s,FLOW_BURST_QUALITY,0.7769088326381547,0.837282890551773,0.7769088326381547,0
BuySellRatio,OTHER_CAUSAL_CONTEXT,Profile_Position_Percentile,AUCTION_THEORY,0.7761218322527285,0.7190467678265124,0.7761218322527285,0
PeakPositiveDelta,FLOW_BURST_QUALITY,Velocity3s,PERSISTENCE_EXHAUSTION,0.7743430140501362,0.7853048458758288,0.7743430140501362,0
Profile_Local_Maxima_Count,AUCTION_THEORY,Prior_Closed_ATR3_Ticks_AtEntry,AUCTION_THEORY,0.7741329616598703,0.7882829289106857,0.7741329616598703,0
OR_WidthTicks,AUCTION_THEORY,Prior_Closed_ATR3_Ticks_AtEntry,AUCTION_THEORY,0.7739905150720389,0.8428253970350171,0.7739905150720389,0
range,OTHER_CAUSAL_CONTEXT,Prior_Closed_ATR3_Ticks_AtEntry,AUCTION_THEORY,0.7739905150720389,0.8428253970350168,0.7739905150720389,0
Acceleration3s,PERSISTENCE_EXHAUSTION,Profile_Position_Percentile,AUCTION_THEORY,0.7735759341597095,0.6698243611194458,0.7735759341597095,0
signed_acceleration_1s,PERSISTENCE_EXHAUSTION,acceleration_velocity_ratio,PERSISTENCE_EXHAUSTION,0.772516930216909,0.47987541466082984,0.772516930216909,0
Velocity1s,PERSISTENCE_EXHAUSTION,Dist_VAL_Ticks,AUCTION_THEORY,0.7703258885168138,0.7977643295894643,0.7703258885168138,0
TicksPerSecond,TIME_REGIME,Dist_VAL_Ticks,AUCTION_THEORY,0.7703258885168138,0.7977643295894643,0.7703258885168138,0
Dist_VAH_Ticks,AUCTION_THEORY,Delta_AtEntry,FLOW_BURST_QUALITY,0.7691139799437039,0.7591434901783596,0.7691139799437039,0
Profile_Std_Ticks,AUCTION_THEORY,Prior_Closed_ATR5_Ticks_AtEntry,AUCTION_THEORY,0.769109409626091,0.7856215139292987,0.769109409626091,0
Velocity3s,PERSISTENCE_EXHAUSTION,Dist_OR_High_Ticks,AUCTION_THEORY,0.7680917696362427,0.7913540091391698,0.7680917696362427,0
Delta10s,FLOW_BURST_QUALITY,Velocity3s,PERSISTENCE_EXHAUSTION,0.7645779056931489,0.821078485939718,0.7645779056931489,0
Delta1s,FLOW_BURST_QUALITY,BuySellRatio,OTHER_CAUSAL_CONTEXT,0.7645603223394961,0.8214107175587847,0.7645603223394961,0
Dist_POC_Ticks,AUCTION_THEORY,execution_side_sign,OTHER_CAUSAL_CONTEXT,-0.764169693686444,-0.7725860522229417,0.764169693686444,0
Delta1s,FLOW_BURST_QUALITY,TicksPerSecond,TIME_REGIME,0.7637523115996273,0.7929750568073536,0.7637523115996273,0
Delta1s,FLOW_BURST_QUALITY,Velocity1s,PERSISTENCE_EXHAUSTION,0.7637523115996273,0.7929750568073536,0.7637523115996273,0
Delta_AtEntry,FLOW_BURST_QUALITY,Delta_Change_AtEntry,FLOW_BURST_QUALITY,0.7636679659840814,0.7658586711772551,0.7636679659840814,0
Profile_Local_Maxima_Count,AUCTION_THEORY,Prior_Closed_ATR5_Ticks_AtEntry,AUCTION_THEORY,0.7633926262633104,0.813698685866427,0.7633926262633104,0
Delta3s,FLOW_BURST_QUALITY,Velocity3s,PERSISTENCE_EXHAUSTION,0.7630050666682638,0.8324061357421337,0.7630050666682638,0
Velocity3s,PERSISTENCE_EXHAUSTION,CumulativeDeltaWindow,FLOW_BURST_QUALITY,0.7630050666682638,0.8324061357421337,0.7630050666682638,0
Velocity5s,PERSISTENCE_EXHAUSTION,Dist_OR_High_Ticks,AUCTION_THEORY,0.7630010280986971,0.7847994910361636,0.7630010280986971,0
PeakPositiveDelta,FLOW_BURST_QUALITY,Profile_Position_Percentile,AUCTION_THEORY,0.7628066690619364,0.7572289039630571,0.7628066690619364,0
DeltaChange1s,FLOW_BURST_QUALITY,BuySellRatio,OTHER_CAUSAL_CONTEXT,0.7627177240439663,0.8065168593902152,0.7627177240439663,0
Velocity5s,PERSISTENCE_EXHAUSTION,Delta_AtEntry,FLOW_BURST_QUALITY,0.7623912195362683,0.7662276270936684,0.7623912195362683,0
OR_WidthTicks,AUCTION_THEORY,Profile_Std_Ticks,AUCTION_THEORY,0.7621796033468886,0.8060188527903608,0.7621796033468886,0
Profile_Std_Ticks,AUCTION_THEORY,range,OTHER_CAUSAL_CONTEXT,0.7621796033468886,0.8060188527903606,0.7621796033468886,0
PeakPositiveDelta,FLOW_BURST_QUALITY,Velocity1s,PERSISTENCE_EXHAUSTION,0.7605089161324506,0.7687468815766461,0.7605089161324506,0
PeakPositiveDelta,FLOW_BURST_QUALITY,TicksPerSecond,TIME_REGIME,0.7605089161324506,0.7687468815766461,0.7605089161324506,0
OR_WidthTicks,AUCTION_THEORY,Profile_Local_Maxima_Count,AUCTION_THEORY,0.760439077631805,0.7930614947435068,0.760439077631805,0
Profile_Local_Maxima_Count,AUCTION_THEORY,range,OTHER_CAUSAL_CONTEXT,0.760439077631805,0.7930614947435073,0.760439077631805,0
Acceleration1s,PERSISTENCE_EXHAUSTION,execution_side_sign,OTHER_CAUSAL_CONTEXT,-0.7599296857332994,-0.6630336859918613,0.7599296857332994,0
DeltaChangeZScore,FLOW_BURST_QUALITY,Velocity1s,PERSISTENCE_EXHAUSTION,0.7590946569283277,0.7815525195022119,0.7590946569283277,0
DeltaChangeZScore,FLOW_BURST_QUALITY,TicksPerSecond,TIME_REGIME,0.7590946569283277,0.7815525195022119,0.7590946569283277,0
Dist_POC_Ticks,AUCTION_THEORY,Delta_AtEntry,FLOW_BURST_QUALITY,0.7572727117978834,0.7539855696813492,0.7572727117978834,0
Delta2s,FLOW_BURST_QUALITY,BuySellRatio,OTHER_CAUSAL_CONTEXT,0.757057998953318,0.8252238986179592,0.757057998953318,0
Delta10s,FLOW_BURST_QUALITY,TicksPerSecond,TIME_REGIME,0.7567386067769221,0.7794861259282856,0.7567386067769221,0
Delta10s,FLOW_BURST_QUALITY,Velocity1s,PERSISTENCE_EXHAUSTION,0.7567386067769221,0.7794861259282856,0.7567386067769221,0
signed_acceleration_1s,PERSISTENCE_EXHAUSTION,price_impact_per_100_contracts,EFFORT_VS_RESULT,0.756449913498708,0.7048760910280245,0.756449913498708,0
Velocity5s,PERSISTENCE_EXHAUSTION,CumulativeDeltaWindow,FLOW_BURST_QUALITY,0.7540445867291412,0.8260655788162699,0.7540445867291412,0
Delta3s,FLOW_BURST_QUALITY,Velocity5s,PERSISTENCE_EXHAUSTION,0.7540445867291412,0.8260655788162699,0.7540445867291412,0
PreBurst_Price_Per_Volume_3s,EFFORT_VS_RESULT,burst_efficiency_score,EFFORT_VS_RESULT,0.7530798937913952,0.8110339901921969,0.7530798937913952,0
PreBurst_Price_Per_Volume_3s,EFFORT_VS_RESULT,absorption_pressure_1s,EFFORT_VS_RESULT,-0.753026999813388,-0.41495728718296215,0.753026999813388,0
signed_velocity_1s,PERSISTENCE_EXHAUSTION,signed_velocity_3s,PERSISTENCE_EXHAUSTION,0.7528308452703986,0.8455742751321669,0.7528308452703986,0
Delta5s,FLOW_BURST_QUALITY,Velocity3s,PERSISTENCE_EXHAUSTION,0.7523788315537469,0.8116863730329725,0.7523788315537469,0
TicksPerSecond,TIME_REGIME,Delta_AtEntry,FLOW_BURST_QUALITY,0.7519277914884123,0.7165886405163949,0.7519277914884123,0
Velocity1s,PERSISTENCE_EXHAUSTION,Delta_AtEntry,FLOW_BURST_QUALITY,0.7519277914884123,0.7165886405163949,0.7519277914884123,0
Delta10s,FLOW_BURST_QUALITY,Profile_Position_Percentile,AUCTION_THEORY,0.7518803583941825,0.8550345685179165,0.7518803583941825,0
Dist_VWAP_Ticks,AUCTION_THEORY,execution_side_sign,OTHER_CAUSAL_CONTEXT,-0.7508226031503394,-0.7710706745315331,0.7508226031503394,0
PeakPositiveDelta,FLOW_BURST_QUALITY,BuySellRatio,OTHER_CAUSAL_CONTEXT,0.7498886844226369,0.7657707131168187,0.7498886844226369,0
Dist_OR_Low_Ticks,AUCTION_THEORY,Profile_Position_Percentile,AUCTION_THEORY,0.7492610399353751,0.8403218852935737,0.7492610399353751,0
PreBurst_Local_Entropy_10s,TEMPORAL_SEQUENCE,PreBurst_Path_Efficiency_10s,TEMPORAL_SEQUENCE,-0.7486447396784388,-0.6271062058118329,0.7486447396784388,0
Velocity3s,PERSISTENCE_EXHAUSTION,Dist_OR_Low_Ticks,AUCTION_THEORY,0.7482838282734245,0.7937004169337072,0.7482838282734245,0
range,OTHER_CAUSAL_CONTEXT,Prior_Closed_ATR5_Ticks_AtEntry,AUCTION_THEORY,0.7468937631403177,0.8201972520653347,0.7468937631403177,0
OR_WidthTicks,AUCTION_THEORY,Prior_Closed_ATR5_Ticks_AtEntry,AUCTION_THEORY,0.7468937631403177,0.8201972520653344,0.7468937631403177,0
Acceleration3s,PERSISTENCE_EXHAUSTION,Dist_POC_Ticks,AUCTION_THEORY,0.7468286991599842,0.743750070220792,0.7468286991599842,0
DeltaChange1s,FLOW_BURST_QUALITY,Acceleration3s,PERSISTENCE_EXHAUSTION,0.7463183481960032,0.7363714779485269,0.7463183481960032,0
Velocity3s,PERSISTENCE_EXHAUSTION,Delta_AtEntry,FLOW_BURST_QUALITY,0.7455489377242402,0.7524529282069531,0.7455489377242402,0
signed_velocity_3s,PERSISTENCE_EXHAUSTION,liquidity_absorption_score,OTHER_CAUSAL_CONTEXT,-0.7450166252673714,-0.41283479600998,0.7450166252673714,0
BuySellRatio,OTHER_CAUSAL_CONTEXT,Delta_AtEntry,FLOW_BURST_QUALITY,0.7447093840479647,0.7350072677782922,0.7447093840479647,0
Delta5s,FLOW_BURST_QUALITY,TicksPerSecond,TIME_REGIME,0.7443930330434714,0.7718585346388875,0.7443930330434714,0
Delta5s,FLOW_BURST_QUALITY,Velocity1s,PERSISTENCE_EXHAUSTION,0.7443930330434714,0.7718585346388875,0.7443930330434714,0
DeltaChangeZScore,FLOW_BURST_QUALITY,Profile_Position_Percentile,AUCTION_THEORY,0.7421406707441742,0.8101798609414252,0.7421406707441742,0
Delta2s,FLOW_BURST_QUALITY,Velocity1s,PERSISTENCE_EXHAUSTION,0.7420658428313708,0.7805630483688396,0.7420658428313708,0
Delta2s,FLOW_BURST_QUALITY,TicksPerSecond,TIME_REGIME,0.7420658428313708,0.7805630483688396,0.7420658428313708,0
Acceleration3s,PERSISTENCE_EXHAUSTION,Dist_VWAP_Ticks,AUCTION_THEORY,0.7420448239455852,0.7545770375415731,0.7420448239455852,0
PreBurst_Impulse_Decay_Slope_5s,PERSISTENCE_EXHAUSTION,liquidity_absorption_score,OTHER_CAUSAL_CONTEXT,-0.7409671872680589,-0.40468995596282953,0.7409671872680589,0
Velocity5s,PERSISTENCE_EXHAUSTION,Dist_OR_Low_Ticks,AUCTION_THEORY,0.7406437083338218,0.7719730937007647,0.7406437083338218,0
Velocity1s,PERSISTENCE_EXHAUSTION,CumulativeDeltaWindow,FLOW_BURST_QUALITY,0.7405665482315908,0.7851790164776817,0.7405665482315908,0
TicksPerSecond,TIME_REGIME,CumulativeDeltaWindow,FLOW_BURST_QUALITY,0.7405665482315908,0.7851790164776817,0.7405665482315908,0
Delta3s,FLOW_BURST_QUALITY,Velocity1s,PERSISTENCE_EXHAUSTION,0.7405665482315908,0.7851790164776817,0.7405665482315908,0
Delta3s,FLOW_BURST_QUALITY,TicksPerSecond,TIME_REGIME,0.7405665482315908,0.7851790164776817,0.7405665482315908,0
Delta1s,FLOW_BURST_QUALITY,Acceleration3s,PERSISTENCE_EXHAUSTION,0.7404052670652755,0.7313743017298266,0.7404052670652755,0
Delta2s,FLOW_BURST_QUALITY,Velocity3s,PERSISTENCE_EXHAUSTION,0.7385776075529179,0.8130840721237645,0.7385776075529179,0
Acceleration3s,PERSISTENCE_EXHAUSTION,Dist_VAH_Ticks,AUCTION_THEORY,0.7381448927479755,0.7192255693960699,0.7381448927479755,0
Delta10s,FLOW_BURST_QUALITY,Dist_VAH_Ticks,AUCTION_THEORY,0.7366302295591235,0.7676236385685689,0.7366302295591235,0
Dist_VWAP_Ticks,AUCTION_THEORY,Delta_AtEntry,FLOW_BURST_QUALITY,0.7360597979090446,0.7590114842393488,0.7360597979090446,0
PeakNegativeDelta,FLOW_BURST_QUALITY,Velocity1s,PERSISTENCE_EXHAUSTION,0.7338264336322994,0.6962396083669284,0.7338264336322994,0
PeakNegativeDelta,FLOW_BURST_QUALITY,TicksPerSecond,TIME_REGIME,0.7338264336322994,0.6962396083669284,0.7338264336322994,0
Delta1s,FLOW_BURST_QUALITY,Velocity3s,PERSISTENCE_EXHAUSTION,0.7335328111829996,0.8114493921580775,0.7335328111829996,0
PeakNegativeDelta,FLOW_BURST_QUALITY,Profile_Position_Percentile,AUCTION_THEORY,0.7332569007262317,0.7873438683127328,0.7332569007262317,0
DeltaChange1s,FLOW_BURST_QUALITY,Velocity3s,PERSISTENCE_EXHAUSTION,0.7325233570774456,0.7992577041689333,0.7325233570774456,0
DeltaChange1s,FLOW_BURST_QUALITY,Acceleration1s,PERSISTENCE_EXHAUSTION,0.7322515050339918,0.7088444079725457,0.7322515050339918,0
PeakPositiveDelta,FLOW_BURST_QUALITY,Acceleration3s,PERSISTENCE_EXHAUSTION,0.7298800815052144,0.7207232529926313,0.7298800815052144,0
DeltaChange1s,FLOW_BURST_QUALITY,Velocity5s,PERSISTENCE_EXHAUSTION,0.7289223187637617,0.7899776316884476,0.7289223187637617,0
Delta5s,FLOW_BURST_QUALITY,BuySellRatio,OTHER_CAUSAL_CONTEXT,0.7283965286017027,0.8205591869959662,0.7283965286017027,0
Delta_AtEntry,FLOW_BURST_QUALITY,or_position_fraction,AUCTION_THEORY,0.7283741449820439,0.7596980720523018,0.7283741449820439,0
Delta2s,FLOW_BURST_QUALITY,Acceleration3s,PERSISTENCE_EXHAUSTION,0.7274816562983867,0.7193298816719197,0.7274816562983867,0
PeakNegativeDelta,FLOW_BURST_QUALITY,BuySellRatio,OTHER_CAUSAL_CONTEXT,0.7268402956214876,0.731857923178153,0.7268402956214876,0
DeltaChangeZScore,FLOW_BURST_QUALITY,Velocity3s,PERSISTENCE_EXHAUSTION,0.7261806917711157,0.7859603786181188,0.7261806917711157,0
Delta2s,FLOW_BURST_QUALITY,Velocity5s,PERSISTENCE_EXHAUSTION,0.7257338467792919,0.8022401664926854,0.7257338467792919,0
Directional_OR_Extension_Ticks_AtEntry,AUCTION_THEORY,directional_poc_distance,AUCTION_THEORY,-0.7254654178870432,-0.7475426974920352,0.7254654178870432,0
Delta1s,FLOW_BURST_QUALITY,Velocity5s,PERSISTENCE_EXHAUSTION,0.7254586596700421,0.801262992141939,0.7254586596700421,0
Dist_VAL_Ticks,AUCTION_THEORY,Delta_AtEntry,FLOW_BURST_QUALITY,0.724818917098626,0.720989251664786,0.724818917098626,0
execution_side_sign,OTHER_CAUSAL_CONTEXT,or_position_fraction,AUCTION_THEORY,-0.7246913889730824,-0.7592590955790817,0.7246913889730824,0
DeltaChangeZScore,FLOW_BURST_QUALITY,Acceleration3s,PERSISTENCE_EXHAUSTION,0.7244400231228454,0.7245412336619287,0.7244400231228454,0
Velocity5s,PERSISTENCE_EXHAUSTION,or_position_fraction,AUCTION_THEORY,0.7239512188548545,0.7281503317356445,0.7239512188548545,0
Delta3s,FLOW_BURST_QUALITY,BuySellRatio,OTHER_CAUSAL_CONTEXT,0.723818504353787,0.833161588772231,0.723818504353787,0
BuySellRatio,OTHER_CAUSAL_CONTEXT,CumulativeDeltaWindow,FLOW_BURST_QUALITY,0.723818504353787,0.8331615887722309,0.723818504353787,0
PreBurst_Price_Per_Volume_3s,EFFORT_VS_RESULT,liquidity_absorption_score,OTHER_CAUSAL_CONTEXT,-0.7230343109827452,-0.40023977855202103,0.7230343109827452,0
Acceleration3s,PERSISTENCE_EXHAUSTION,CumulativeDeltaWindow,FLOW_BURST_QUALITY,0.7227494725086324,0.7184927855787344,0.7227494725086324,0
Delta3s,FLOW_BURST_QUALITY,Acceleration3s,PERSISTENCE_EXHAUSTION,0.7227494725086324,0.7184927855787342,0.7227494725086324,0
signed_velocity_3s,PERSISTENCE_EXHAUSTION,burst_efficiency_score,EFFORT_VS_RESULT,0.7216346290135555,0.7989874710363651,0.7216346290135555,0
signed_velocity_3s,PERSISTENCE_EXHAUSTION,absorption_pressure_1s,EFFORT_VS_RESULT,-0.7211902581683213,-0.4165827557183995,0.7211902581683213,0
signed_delta_change_1s,FLOW_BURST_QUALITY,delta_persistence_1_3,PERSISTENCE_EXHAUSTION,-0.7186101881653748,-0.5445910099821485,0.7186101881653748,0
TicksPerSecond,TIME_REGIME,Dist_OR_Low_Ticks,AUCTION_THEORY,0.7181738476575219,0.7657024358275426,0.7181738476575219,0
Velocity1s,PERSISTENCE_EXHAUSTION,Dist_OR_Low_Ticks,AUCTION_THEORY,0.7181738476575219,0.7657024358275426,0.7181738476575219,0
ContractsPerSecond,FLOW_BURST_QUALITY,signed_delta_decay_1_5,PERSISTENCE_EXHAUSTION,-0.7175563457453081,-0.8227949381928593,0.7175563457453081,0
Velocity1s,PERSISTENCE_EXHAUSTION,Dist_OR_High_Ticks,AUCTION_THEORY,0.7171793134369628,0.752838277875333,0.7171793134369628,0
TicksPerSecond,TIME_REGIME,Dist_OR_High_Ticks,AUCTION_THEORY,0.7171793134369628,0.752838277875333,0.7171793134369628,0
PeakNegativeDelta,FLOW_BURST_QUALITY,Velocity5s,PERSISTENCE_EXHAUSTION,0.7165750939270179,0.7139632265102523,0.7165750939270179,0
DeltaChangeZScore,FLOW_BURST_QUALITY,Velocity5s,PERSISTENCE_EXHAUSTION,0.7163740538408826,0.7736760017765457,0.7163740538408826,0
Delta5s,FLOW_BURST_QUALITY,Profile_Position_Percentile,AUCTION_THEORY,0.7162867273819814,0.8282590737707016,0.7162867273819814,0
Delta10s,FLOW_BURST_QUALITY,Acceleration3s,PERSISTENCE_EXHAUSTION,0.7162363772292739,0.6986296146880167,0.7162363772292739,0
PreBurst_Price_Per_Delta_3s,EFFORT_VS_RESULT,signed_velocity_1s,PERSISTENCE_EXHAUSTION,0.7152809945269131,0.7368243244773051,0.7152809945269131,0
PeakNegativeDelta,FLOW_BURST_QUALITY,Velocity3s,PERSISTENCE_EXHAUSTION,0.7140311278362197,0.7206327907409609,0.7140311278362197,0
OR_WidthTicks,AUCTION_THEORY,Profile_Concentration,AUCTION_THEORY,-0.7125731067176294,-0.6623404196220886,0.7125731067176294,0
Profile_Concentration,AUCTION_THEORY,range,OTHER_CAUSAL_CONTEXT,-0.7125731067176294,-0.6623404196220882,0.7125731067176294,0
Dist_OR_High_Ticks,AUCTION_THEORY,execution_side_sign,OTHER_CAUSAL_CONTEXT,-0.71181810808038,-0.7424274047100653,0.71181810808038,0
PeakNegativeDelta,FLOW_BURST_QUALITY,Dist_VAH_Ticks,AUCTION_THEORY,0.7111346522851966,0.6909982256755701,0.7111346522851966,0
DeltaChange1s,FLOW_BURST_QUALITY,Profile_Position_Percentile,AUCTION_THEORY,0.709855184478643,0.8119844048301414,0.709855184478643,0
Delta2s,FLOW_BURST_QUALITY,Profile_Position_Percentile,AUCTION_THEORY,0.70958853472821,0.8205885540730297,0.70958853472821,0
Dist_VAL_Ticks,AUCTION_THEORY,execution_side_sign,OTHER_CAUSAL_CONTEXT,-0.7090816275287747,-0.7177593683012251,0.7090816275287747,0
Delta1s,FLOW_BURST_QUALITY,Profile_Position_Percentile,AUCTION_THEORY,0.7074936511622562,0.82140422537279,0.7074936511622562,0
BreakOut_TICKS_PER_SEC_AtEntry,OTHER_CAUSAL_CONTEXT,Signed_Delta_Share_AtEntry,FLOW_BURST_QUALITY,-0.7074605625272319,-0.6100661798030841,0.7074605625272319,0
Profile_Normalized_Entropy,AUCTION_THEORY,Profile_Concentration,AUCTION_THEORY,-0.7066269960186652,-0.7062709959716396,0.7066269960186652,0
Delta10s,FLOW_BURST_QUALITY,Dist_POC_Ticks,AUCTION_THEORY,0.7056599506295135,0.7530896904996466,0.7056599506295135,0
Acceleration3s,PERSISTENCE_EXHAUSTION,Dist_VAL_Ticks,AUCTION_THEORY,0.7047797578096443,0.7224322641426454,0.7047797578096443,0
Dist_OR_High_Ticks,AUCTION_THEORY,Delta_AtEntry,FLOW_BURST_QUALITY,0.7043254454544569,0.7311971553525585,0.7043254454544569,0
Velocity3s,PERSISTENCE_EXHAUSTION,or_position_fraction,AUCTION_THEORY,0.7031725972139039,0.7162356821604923,0.7031725972139039,0
Acceleration1s,PERSISTENCE_EXHAUSTION,Profile_Position_Percentile,AUCTION_THEORY,0.7023941742532255,0.627134933815548,0.7023941742532255,0
PreBurst_Impulse_Decay_Slope_5s,PERSISTENCE_EXHAUSTION,burst_efficiency_score,EFFORT_VS_RESULT,0.7021182093151025,0.7230068099668484,0.7021182093151025,0
Acceleration1s,PERSISTENCE_EXHAUSTION,Dist_VWAP_Ticks,AUCTION_THEORY,0.70170214267286,0.714589722127791,0.70170214267286,0
PeakNegativeDelta,FLOW_BURST_QUALITY,Acceleration3s,PERSISTENCE_EXHAUSTION,0.7016129797048613,0.6362917477326085,0.7016129797048613,0
PreBurst_Impulse_Decay_Slope_5s,PERSISTENCE_EXHAUSTION,absorption_pressure_1s,EFFORT_VS_RESULT,-0.7007920281221377,-0.4041301377991895,0.7007920281221377,0
Acceleration1s,PERSISTENCE_EXHAUSTION,Dist_POC_Ticks,AUCTION_THEORY,0.7000571085124874,0.6988696155097394,0.7000571085124874,0
PreBurst_Impulse_Decay_Slope_5s,PERSISTENCE_EXHAUSTION,signed_velocity_3s,PERSISTENCE_EXHAUSTION,0.6982216548023957,0.8039783429351268,0.6982216548023957,0
Acceleration3s,PERSISTENCE_EXHAUSTION,Delta_AtEntry,FLOW_BURST_QUALITY,0.6980675535041273,0.6388695102239048,0.6980675535041273,0
BuySellRatio,OTHER_CAUSAL_CONTEXT,Velocity3s,PERSISTENCE_EXHAUSTION,0.6977018523966276,0.686112551963726,0.6977018523966276,0
BuySellRatio,OTHER_CAUSAL_CONTEXT,TicksPerSecond,TIME_REGIME,0.6963808368846733,0.6259073448967946,0.6963808368846733,0
BuySellRatio,OTHER_CAUSAL_CONTEXT,Velocity1s,PERSISTENCE_EXHAUSTION,0.6963808368846733,0.6259073448967946,0.6963808368846733,0
Delta3s,FLOW_BURST_QUALITY,Profile_Position_Percentile,AUCTION_THEORY,0.6955659125374966,0.8333537124992606,0.6955659125374966,0
CumulativeDeltaWindow,FLOW_BURST_QUALITY,Profile_Position_Percentile,AUCTION_THEORY,0.6955659125374966,0.8333537124992606,0.6955659125374966,0
Delta10s,FLOW_BURST_QUALITY,Dist_VWAP_Ticks,AUCTION_THEORY,0.6952057324475504,0.7628366699048492,0.6952057324475504,0
Previous_Volume_AtEntry,FLOW_BURST_QUALITY,Nearest_OR_Edge_Retest_Count_AtEntry,ACCEPTANCE_RECLAIM,-0.6945492947612242,-0.6229821564049012,0.6945492947612242,0
BuySellRatio,OTHER_CAUSAL_CONTEXT,Velocity5s,PERSISTENCE_EXHAUSTION,0.6941141303160545,0.6706885565685461,0.6941141303160545,0
Delta5s,FLOW_BURST_QUALITY,Acceleration3s,PERSISTENCE_EXHAUSTION,0.6931243111496291,0.6869428245568071,0.6931243111496291,0
DeltaChangeZScore,FLOW_BURST_QUALITY,Acceleration1s,PERSISTENCE_EXHAUSTION,0.6929535379062236,0.6861392820804214,0.6929535379062236,0
Body_AtEntry,OTHER_CAUSAL_CONTEXT,distance_nearest_or_edge_ticks,AUCTION_THEORY,0.6902123530027173,0.674408266882613,0.6902123530027173,0
Body_AtEntry,OTHER_CAUSAL_CONTEXT,Nearest_OR_Edge_Distance_Ticks_AtEntry,AUCTION_THEORY,0.6902123530027173,0.674408266882613,0.6902123530027173,0
PeakPositiveDelta,FLOW_BURST_QUALITY,Dist_VAH_Ticks,AUCTION_THEORY,0.6897539284716449,0.6739698179337537,0.6897539284716449,0
PeakPositiveDelta,FLOW_BURST_QUALITY,Dist_VWAP_Ticks,AUCTION_THEORY,0.6890446769289118,0.7010795134792546,0.6890446769289118,0
Delta1s,FLOW_BURST_QUALITY,Acceleration1s,PERSISTENCE_EXHAUSTION,0.6866332431516252,0.6832654302087663,0.6866332431516252,0
Delta10s,FLOW_BURST_QUALITY,or_position_fraction,AUCTION_THEORY,0.6856731561653805,0.7582222874507559,0.6856731561653805,0
Profile_Local_Maxima_Count,AUCTION_THEORY,Directional_OR_Extension_Ticks_AtEntry,AUCTION_THEORY,-0.6845250832265827,-0.6264697307317199,0.6845250832265827,0
Acceleration1s,PERSISTENCE_EXHAUSTION,Dist_VAH_Ticks,AUCTION_THEORY,0.6845196509278405,0.6855445632120614,0.6845196509278405,0
Delta10s,FLOW_BURST_QUALITY,BuySellRatio,OTHER_CAUSAL_CONTEXT,0.6843568722698615,0.7968414038311533,0.6843568722698615,0
Dist_OR_Low_Ticks,AUCTION_THEORY,Delta_AtEntry,FLOW_BURST_QUALITY,0.6833972131510072,0.684633357928411,0.6833972131510072,0
Dist_OR_Low_Ticks,AUCTION_THEORY,execution_side_sign,OTHER_CAUSAL_CONTEXT,-0.6821601235783392,-0.6821110699747424,0.6821601235783392,0
ContractsPerSecond,FLOW_BURST_QUALITY,signed_delta_change_1s,FLOW_BURST_QUALITY,0.6804629222477812,0.8170722730529771,0.6804629222477812,0
signed_velocity_3s,PERSISTENCE_EXHAUSTION,price_impact_per_100_contracts,EFFORT_VS_RESULT,0.6779355786354374,0.7412311936141368,0.6779355786354374,0
Acceleration1s,PERSISTENCE_EXHAUSTION,Dist_VAL_Ticks,AUCTION_THEORY,0.6776428398899901,0.6883800446981163,0.6776428398899901,0
Delta5s,FLOW_BURST_QUALITY,Dist_VAH_Ticks,AUCTION_THEORY,0.676252028695968,0.7334925500102025,0.676252028695968,0
Delta_AtEntry,FLOW_BURST_QUALITY,Buy_Imbalance_Count_AtEntry,FLOW_BURST_QUALITY,0.6759809190867517,0.6700377436377627,0.6759809190867517,0
PreBurst_Impulse_Decay_Slope_5s,PERSISTENCE_EXHAUSTION,price_impact_per_100_contracts,EFFORT_VS_RESULT,0.675398283725996,0.6655354007490765,0.675398283725996,0
PeakPositiveDelta,FLOW_BURST_QUALITY,Acceleration1s,PERSISTENCE_EXHAUSTION,0.6751817776107097,0.6688534113954172,0.6751817776107097,0
PeakPositiveDelta,FLOW_BURST_QUALITY,Dist_POC_Ticks,AUCTION_THEORY,0.6751695223086012,0.6645208003458057,0.6751695223086012,0
OR_WidthTicks,AUCTION_THEORY,Directional_OR_Extension_Ticks_AtEntry,AUCTION_THEORY,-0.6731081910152125,-0.6243470167210754,0.6731081910152125,0
range,OTHER_CAUSAL_CONTEXT,Directional_OR_Extension_Ticks_AtEntry,AUCTION_THEORY,-0.6731081910152125,-0.6243470167210755,0.6731081910152125,0
PeakNegativeDelta,FLOW_BURST_QUALITY,Dist_POC_Ticks,AUCTION_THEORY,0.6729820763238731,0.6874200739547358,0.6729820763238731,0
TicksPerSecond,TIME_REGIME,or_position_fraction,AUCTION_THEORY,0.6714241115158176,0.6526393461537777,0.6714241115158176,0
Velocity1s,PERSISTENCE_EXHAUSTION,or_position_fraction,AUCTION_THEORY,0.6714241115158176,0.6526393461537777,0.6714241115158176,0
Acceleration1s,PERSISTENCE_EXHAUSTION,Delta_AtEntry,FLOW_BURST_QUALITY,0.669753945768369,0.6027966274060744,0.669753945768369,0
Delta10s,FLOW_BURST_QUALITY,Dist_VAL_Ticks,AUCTION_THEORY,0.6675246669326734,0.7150458348416063,0.6675246669326734,0
Delta5s,FLOW_BURST_QUALITY,or_position_fraction,AUCTION_THEORY,0.6670815856716984,0.7402334358014535,0.6670815856716984,0
PeakPositiveDelta,FLOW_BURST_QUALITY,PeakNegativeDelta,FLOW_BURST_QUALITY,0.6654194864427867,0.7205697432951019,0.6654194864427867,0
Delta10s,FLOW_BURST_QUALITY,Acceleration1s,PERSISTENCE_EXHAUSTION,0.6649948962906321,0.6538039216239482,0.6649948962906321,0
DeltaChange1s,FLOW_BURST_QUALITY,Dist_VAH_Ticks,AUCTION_THEORY,0.6643434070939671,0.720750980401427,0.6643434070939671,0
CumulativeDeltaWindow,FLOW_BURST_QUALITY,Dist_VAH_Ticks,AUCTION_THEORY,0.6631786976543095,0.7412350117040338,0.6631786976543095,0
Delta3s,FLOW_BURST_QUALITY,Dist_VAH_Ticks,AUCTION_THEORY,0.6631786976543095,0.7412350117040338,0.6631786976543095,0
DeltaChangeZScore,FLOW_BURST_QUALITY,Dist_VAH_Ticks,AUCTION_THEORY,0.66248852005819,0.7224314877116832,0.66248852005819,0
Delta5s,FLOW_BURST_QUALITY,Acceleration1s,PERSISTENCE_EXHAUSTION,0.6619037721472044,0.6522489183595176,0.6619037721472044,0
Acceleration3s,PERSISTENCE_EXHAUSTION,Dist_OR_High_Ticks,AUCTION_THEORY,0.6609284982379626,0.6823360030018428,0.6609284982379626,0
Acceleration3s,PERSISTENCE_EXHAUSTION,Dist_OR_Low_Ticks,AUCTION_THEORY,0.6583368026976539,0.6908694796075401,0.6583368026976539,0
Delta10s,FLOW_BURST_QUALITY,Dist_OR_High_Ticks,AUCTION_THEORY,0.6577105569441454,0.7299462471919099,0.6577105569441454,0
TradesPerSecond,TIME_REGIME,delta_share_of_volume,FLOW_BURST_QUALITY,-0.653718046302093,-0.5935187135876696,0.653718046302093,0
DeltaChange1s,FLOW_BURST_QUALITY,Dist_POC_Ticks,AUCTION_THEORY,0.6530491985649645,0.717709202249059,0.6530491985649645,0
Delta5s,FLOW_BURST_QUALITY,Dist_POC_Ticks,AUCTION_THEORY,0.6518072689197931,0.7248100582595967,0.6518072689197931,0
Profile_Effective_Nodes,AUCTION_THEORY,Directional_OR_Extension_Ticks_AtEntry,AUCTION_THEORY,-0.6499783000461079,-0.5345899044350226,0.6499783000461079,0
PeakNegativeDelta,FLOW_BURST_QUALITY,Acceleration1s,PERSISTENCE_EXHAUSTION,0.6491940954175953,0.5907513443190366,0.6491940954175953,0
PeakNegativeDelta,FLOW_BURST_QUALITY,or_position_fraction,AUCTION_THEORY,0.6487774473370677,0.6907784178422404,0.6487774473370677,0
DeltaChange1s,FLOW_BURST_QUALITY,Dist_VWAP_Ticks,AUCTION_THEORY,0.6478560598883807,0.726516742956301,0.6478560598883807,0
DeltaChangeZScore,FLOW_BURST_QUALITY,or_position_fraction,AUCTION_THEORY,0.6475809257586568,0.7182564452223089,0.6475809257586568,0
PreBurst_Price_Per_Volume_3s,EFFORT_VS_RESULT,signed_velocity_1s,PERSISTENCE_EXHAUSTION,0.6468630689228455,0.6654290607330293,0.6468630689228455,0
delta_persistence_1_3,PERSISTENCE_EXHAUSTION,signed_delta_decay_1_5,PERSISTENCE_EXHAUSTION,0.6456149514000153,0.5222247553722793,0.6456149514000153,0
Buy_Imbalance_Count_AtEntry,FLOW_BURST_QUALITY,execution_side_sign,OTHER_CAUSAL_CONTEXT,-0.6455929814726039,-0.537035704244403,0.6455929814726039,0
DeltaChangeZScore,FLOW_BURST_QUALITY,Dist_POC_Ticks,AUCTION_THEORY,0.6450591037016907,0.7119448153606853,0.6450591037016907,0
Acceleration1s,PERSISTENCE_EXHAUSTION,CumulativeDeltaWindow,FLOW_BURST_QUALITY,0.6449897752693884,0.6609104209914267,0.6449897752693884,0
Delta3s,FLOW_BURST_QUALITY,Acceleration1s,PERSISTENCE_EXHAUSTION,0.6449897752693884,0.6609104209914267,0.6449897752693884,0
PeakPositiveDelta,FLOW_BURST_QUALITY,Dist_VAL_Ticks,AUCTION_THEORY,0.6449443123641339,0.6552283268717113,0.6449443123641339,0
BuySellRatio,OTHER_CAUSAL_CONTEXT,Acceleration3s,PERSISTENCE_EXHAUSTION,0.6420407949742957,0.5761597688608162,0.6420407949742957,0
Delta3s,FLOW_BURST_QUALITY,Dist_POC_Ticks,AUCTION_THEORY,0.6416072430617158,0.736368938546797,0.6416072430617158,0
CumulativeDeltaWindow,FLOW_BURST_QUALITY,Dist_POC_Ticks,AUCTION_THEORY,0.6416072430617158,0.736368938546797,0.6416072430617158,0
Delta1s,FLOW_BURST_QUALITY,Dist_VAH_Ticks,AUCTION_THEORY,0.6408461133874039,0.7246664895180135,0.6408461133874039,0
PeakPositiveDelta,FLOW_BURST_QUALITY,Dist_OR_High_Ticks,AUCTION_THEORY,0.6398555939841233,0.6794385896848947,0.6398555939841233,0
Profile_Normalized_Entropy,AUCTION_THEORY,Profile_Effective_Nodes,AUCTION_THEORY,0.639719166060191,0.555590744733237,0.639719166060191,0
Delta2s,FLOW_BURST_QUALITY,Buy_Imbalance_Count_AtEntry,FLOW_BURST_QUALITY,0.6395014405863951,0.5451591537405949,0.6395014405863951,0
Signed_Previous_Delta_Share_AtEntry,FLOW_BURST_QUALITY,PreEntry_Directional_Delta_Share3_AtEntry,FLOW_BURST_QUALITY,0.6393728101934052,0.6969293931822762,0.6393728101934052,0
Delta5s,FLOW_BURST_QUALITY,Dist_VWAP_Ticks,AUCTION_THEORY,0.6380031126243944,0.7316155736675564,0.6380031126243944,0
Delta2s,FLOW_BURST_QUALITY,Dist_VAH_Ticks,AUCTION_THEORY,0.6371759756677137,0.7202304688838258,0.6371759756677137,0
Profile_Local_Maxima_Count,AUCTION_THEORY,directional_vwap_distance,AUCTION_THEORY,0.6353846119868768,0.4784412582381502,0.6353846119868768,0
Delta5s,FLOW_BURST_QUALITY,Buy_Imbalance_Count_AtEntry,FLOW_BURST_QUALITY,0.6351194277735648,0.5459984687862743,0.6351194277735648,0
PeakPositiveDelta,FLOW_BURST_QUALITY,or_position_fraction,AUCTION_THEORY,0.6351040404649038,0.6677632213960871,0.6351040404649038,0
Delta1s,FLOW_BURST_QUALITY,Dist_POC_Ticks,AUCTION_THEORY,0.6349203961935417,0.7232474176452955,0.6349203961935417,0
PreBurst_Rotation_Index_10s,TEMPORAL_SEQUENCE,PreBurst_Local_Entropy_10s,TEMPORAL_SEQUENCE,0.6337979438565641,0.7379886023123916,0.6337979438565641,0
PeakNegativeDelta,FLOW_BURST_QUALITY,Dist_VWAP_Ticks,AUCTION_THEORY,0.6330366995448591,0.6828934026068394,0.6330366995448591,0
Delta2s,FLOW_BURST_QUALITY,Acceleration1s,PERSISTENCE_EXHAUSTION,0.6330153476886817,0.6543310614165694,0.6330153476886817,0
Delta10s,FLOW_BURST_QUALITY,Buy_Imbalance_Count_AtEntry,FLOW_BURST_QUALITY,0.6324844278212832,0.5599971306500412,0.6324844278212832,0
Delta3s,FLOW_BURST_QUALITY,or_position_fraction,AUCTION_THEORY,0.6310084191036927,0.7376515225212543,0.6310084191036927,0
CumulativeDeltaWindow,FLOW_BURST_QUALITY,or_position_fraction,AUCTION_THEORY,0.6310084191036927,0.7376515225212543,0.6310084191036927,0
Acceleration1s,PERSISTENCE_EXHAUSTION,Dist_OR_Low_Ticks,AUCTION_THEORY,0.6303735136777593,0.6566676613520309,0.6303735136777593,0
CumulativeDeltaWindow,FLOW_BURST_QUALITY,Dist_VWAP_Ticks,AUCTION_THEORY,0.6292109099937881,0.7429412766906152,0.6292109099937881,0
Delta3s,FLOW_BURST_QUALITY,Dist_VWAP_Ticks,AUCTION_THEORY,0.6292109099937881,0.7429412766906152,0.6292109099937881,0
Profile_Std_Ticks,AUCTION_THEORY,Directional_OR_Extension_Ticks_AtEntry,AUCTION_THEORY,-0.6289497162908277,-0.5029303985812112,0.6289497162908277,0
Profile_Position_Percentile,AUCTION_THEORY,Buy_Imbalance_Count_AtEntry,FLOW_BURST_QUALITY,0.6287767365231495,0.48386377315369367,0.6287767365231495,0
DeltaChangeZScore,FLOW_BURST_QUALITY,Dist_VWAP_Ticks,AUCTION_THEORY,0.6285842715869686,0.7134767227872296,0.6285842715869686,0
Delta2s,FLOW_BURST_QUALITY,Dist_POC_Ticks,AUCTION_THEORY,0.6268086576886841,0.7201987503888488,0.6268086576886841,0
Delta1s,FLOW_BURST_QUALITY,Dist_VWAP_Ticks,AUCTION_THEORY,0.6224814710171191,0.7316331286559491,0.6224814710171191,0
PreEntry_Volume_Climax_Ratio_AtEntry,FLOW_BURST_QUALITY,Nearest_OR_Edge_Retest_Count_AtEntry,ACCEPTANCE_RECLAIM,0.622203435208182,0.6217994920942866,0.622203435208182,0
PeakPositiveDelta,FLOW_BURST_QUALITY,Buy_Imbalance_Count_AtEntry,FLOW_BURST_QUALITY,0.621192128596243,0.5138433330259221,0.621192128596243,0
Delta10s,FLOW_BURST_QUALITY,Dist_OR_Low_Ticks,AUCTION_THEORY,0.6203150182011938,0.6737758669450165,0.6203150182011938,0
CumulativeDeltaWindow,FLOW_BURST_QUALITY,Buy_Imbalance_Count_AtEntry,FLOW_BURST_QUALITY,0.6201240103194767,0.5401465952804576,0.6201240103194767,0
Delta3s,FLOW_BURST_QUALITY,Buy_Imbalance_Count_AtEntry,FLOW_BURST_QUALITY,0.6201240103194767,0.5401465952804576,0.6201240103194767,0
Body_AtEntry,OTHER_CAUSAL_CONTEXT,directional_vwap_distance,AUCTION_THEORY,0.6194396459029999,0.5373819732966127,0.6194396459029999,0
Acceleration1s,PERSISTENCE_EXHAUSTION,Dist_OR_High_Ticks,AUCTION_THEORY,0.6189555167991734,0.6433550602851816,0.6189555167991734,0
PreBurst_Price_Per_Delta_3s,EFFORT_VS_RESULT,PreBurst_Impulse_Decay_Slope_5s,PERSISTENCE_EXHAUSTION,0.6182356984140157,0.6802929036098861,0.6182356984140157,0
Delta5s,FLOW_BURST_QUALITY,Dist_VAL_Ticks,AUCTION_THEORY,0.6175587010580097,0.6864620535520627,0.6175587010580097,0
Delta5s,FLOW_BURST_QUALITY,Dist_OR_High_Ticks,AUCTION_THEORY,0.6171959302077781,0.7063539092590607,0.6171959302077781,0
PeakNegativeDelta,FLOW_BURST_QUALITY,Dist_OR_High_Ticks,AUCTION_THEORY,0.6171534002593595,0.6630137555656044,0.6171534002593595,0
Profile_Std_Ticks,AUCTION_THEORY,Profile_Normalized_Entropy,AUCTION_THEORY,0.6165118369793228,0.5275216340266122,0.6165118369793228,0
signed_velocity_3s,PERSISTENCE_EXHAUSTION,signed_velocity_decay_1_5,PERSISTENCE_EXHAUSTION,-0.6161913761021438,-0.747538338826999,0.6161913761021438,0
DeltaChange1s,FLOW_BURST_QUALITY,Dist_VAL_Ticks,AUCTION_THEORY,0.615452515241328,0.6796089849218603,0.615452515241328,0
Delta2s,FLOW_BURST_QUALITY,Dist_VWAP_Ticks,AUCTION_THEORY,0.612031016931509,0.7281381091502774,0.612031016931509,0
Delta2s,FLOW_BURST_QUALITY,or_position_fraction,AUCTION_THEORY,0.6096979621892156,0.7247472393288451,0.6096979621892156,0
signed_velocity_3s,PERSISTENCE_EXHAUSTION,directional_vwap_distance,AUCTION_THEORY,0.6083534460459928,0.6558793281737724,0.6083534460459928,0
Delta3s,FLOW_BURST_QUALITY,Dist_OR_High_Ticks,AUCTION_THEORY,0.607617136816325,0.7175938352438213,0.607617136816325,0
CumulativeDeltaWindow,FLOW_BURST_QUALITY,Dist_OR_High_Ticks,AUCTION_THEORY,0.607617136816325,0.7175938352438213,0.607617136816325,0
PeakPositiveDelta,FLOW_BURST_QUALITY,Dist_OR_Low_Ticks,AUCTION_THEORY,0.6074847948586451,0.6326919506406666,0.6074847948586451,0
Acceleration3s,PERSISTENCE_EXHAUSTION,or_position_fraction,AUCTION_THEORY,0.6068740024974643,0.572701541215293,0.6068740024974643,0
DeltaChangeZScore,FLOW_BURST_QUALITY,Dist_OR_High_Ticks,AUCTION_THEORY,0.606157782827107,0.7082843457037481,0.606157782827107,0
BuySellRatio,OTHER_CAUSAL_CONTEXT,Dist_VAH_Ticks,AUCTION_THEORY,0.6059228733688938,0.6178503179117499,0.6059228733688938,0
Delta1s,FLOW_BURST_QUALITY,Buy_Imbalance_Count_AtEntry,FLOW_BURST_QUALITY,0.6056001294106372,0.5279191334784639,0.6056001294106372,0
DeltaChange1s,FLOW_BURST_QUALITY,or_position_fraction,AUCTION_THEORY,0.6051121890917741,0.7029922138745648,0.6051121890917741,0
BuySellRatio,OTHER_CAUSAL_CONTEXT,Dist_POC_Ticks,AUCTION_THEORY,0.6039519962531363,0.6140725112025073,0.6039519962531363,0
DeltaChange1s,FLOW_BURST_QUALITY,Dist_OR_High_Ticks,AUCTION_THEORY,0.6033977095269821,0.7020237538807578,0.6033977095269821,0
PreBurst_Price_Per_Volume_3s,EFFORT_VS_RESULT,PreBurst_Impulse_Decay_Slope_5s,PERSISTENCE_EXHAUSTION,0.6032020148343498,0.6350636444212164,0.6032020148343498,0
Delta1s,FLOW_BURST_QUALITY,or_position_fraction,AUCTION_THEORY,0.6008819343993169,0.7189440228235432,0.6008819343993169,0
Delta3s,FLOW_BURST_QUALITY,Dist_VAL_Ticks,AUCTION_THEORY,0.5990873843891588,0.6960936487969241,0.5990873843891588,0
CumulativeDeltaWindow,FLOW_BURST_QUALITY,Dist_VAL_Ticks,AUCTION_THEORY,0.5990873843891588,0.6960936487969241,0.5990873843891588,0
BuySellRatio,OTHER_CAUSAL_CONTEXT,or_position_fraction,AUCTION_THEORY,0.5990817047670646,0.6060143685862598,0.5990817047670646,0
DeltaChangeZScore,FLOW_BURST_QUALITY,Buy_Imbalance_Count_AtEntry,FLOW_BURST_QUALITY,0.5974962641172962,0.5087084163167491,0.5974962641172962,0
Delta_Change_AtEntry,FLOW_BURST_QUALITY,execution_side_sign,OTHER_CAUSAL_CONTEXT,-0.5943204454226569,-0.5737731726973339,0.5943204454226569,0
PreBurst_Price_Per_Delta_3s,EFFORT_VS_RESULT,signed_velocity_decay_1_5,PERSISTENCE_EXHAUSTION,-0.5940466426080798,-0.6348020036702314,0.5940466426080798,0
PeakNegativeDelta,FLOW_BURST_QUALITY,Dist_VAL_Ticks,AUCTION_THEORY,0.5938038581865828,0.6345275121481189,0.5938038581865828,0
Volume_AtEntry,FLOW_BURST_QUALITY,BreakOut_TICKS_PER_SEC_AtEntry,OTHER_CAUSAL_CONTEXT,-0.5931039425467042,-0.4213320245548985,0.5931039425467042,0
Delta1s,FLOW_BURST_QUALITY,Dist_VAL_Ticks,AUCTION_THEORY,0.592362824123636,0.6843678062584119,0.592362824123636,0
BuySellRatio,OTHER_CAUSAL_CONTEXT,Acceleration1s,PERSISTENCE_EXHAUSTION,0.5909498168051801,0.4939572583858272,0.5909498168051801,0
Acceleration1s,PERSISTENCE_EXHAUSTION,or_position_fraction,AUCTION_THEORY,0.5890198558348293,0.5303442419347746,0.5890198558348293,0
Directional_OR_Extension_Ticks_AtEntry,AUCTION_THEORY,Prior_Closed_ATR5_Ticks_AtEntry,AUCTION_THEORY,-0.5889754497890592,-0.5813942744345267,0.5889754497890592,0
Directional_OR_Extension_Ticks_AtEntry,AUCTION_THEORY,Prior_Closed_ATR3_Ticks_AtEntry,AUCTION_THEORY,-0.5872537568887631,-0.6000465735348327,0.5872537568887631,0
DeltaChangeZScore,FLOW_BURST_QUALITY,Dist_VAL_Ticks,AUCTION_THEORY,0.5865644956173587,0.652474346810768,0.5865644956173587,0
PeakNegativeDelta,FLOW_BURST_QUALITY,Sell_Imbalance_Count_AtEntry,FLOW_BURST_QUALITY,-0.5862849747833179,-0.6244253606257778,0.5862849747833179,0
DeltaChange1s,FLOW_BURST_QUALITY,Dist_OR_Low_Ticks,AUCTION_THEORY,0.5838961108996958,0.6514289511461788,0.5838961108996958,0
Delta2s,FLOW_BURST_QUALITY,Delta_Change_AtEntry,FLOW_BURST_QUALITY,0.5834115538707059,0.5885814024457043,0.5834115538707059,0
PeakNegativeDelta,FLOW_BURST_QUALITY,Dist_OR_Low_Ticks,AUCTION_THEORY,0.5828839276269216,0.6146114957911246,0.5828839276269216,0
BuySellRatio,OTHER_CAUSAL_CONTEXT,Dist_VWAP_Ticks,AUCTION_THEORY,0.582752808095206,0.6100452540618764,0.582752808095206,0
Profile_Effective_Nodes,AUCTION_THEORY,directional_vwap_distance,AUCTION_THEORY,0.582366539663513,0.33602612951262856,0.582366539663513,0
Delta1s,FLOW_BURST_QUALITY,Dist_OR_High_Ticks,AUCTION_THEORY,0.5823033199945284,0.707681542453896,0.5823033199945284,0
Profile_Excess_Kurtosis,AUCTION_THEORY,vwap_poc_spread_ticks,AUCTION_THEORY,-0.5821781754355922,-0.44443214150006094,0.5821781754355922,0
Delta10s,FLOW_BURST_QUALITY,Delta_Change_AtEntry,FLOW_BURST_QUALITY,0.5814156592740061,0.5948029484760561,0.5814156592740061,0
Delta2s,FLOW_BURST_QUALITY,Dist_VAL_Ticks,AUCTION_THEORY,0.5806475784861436,0.681075714152517,0.5806475784861436,0
Delta2s,FLOW_BURST_QUALITY,Dist_OR_High_Ticks,AUCTION_THEORY,0.5790009874697672,0.7049003945297614,0.5790009874697672,0
Delta5s,FLOW_BURST_QUALITY,Delta_Change_AtEntry,FLOW_BURST_QUALITY,0.5776486530145178,0.5863350872399414,0.5776486530145178,0
PreEntry_Directional_Efficiency3_AtEntry,OTHER_CAUSAL_CONTEXT,PreEntry_Directional_Delta_Share3_AtEntry,FLOW_BURST_QUALITY,0.576998175536463,0.5512054056781858,0.576998175536463,0
Nearest_OR_Edge_Distance_Ticks_AtEntry,AUCTION_THEORY,Body_OR_Ratio_AtEntry,AUCTION_THEORY,0.5765958489303316,0.48485851048130696,0.5765958489303316,0
Body_OR_Ratio_AtEntry,AUCTION_THEORY,distance_nearest_or_edge_ticks,AUCTION_THEORY,0.5765958489303316,0.4848585104813063,0.5765958489303316,0
signed_delta_1s,FLOW_BURST_QUALITY,delta_persistence_1_3,PERSISTENCE_EXHAUSTION,-0.5742896768189995,-0.44678203826181057,0.5742896768189995,0
Previous_Volume_AtEntry,FLOW_BURST_QUALITY,PreEntry_Volume_Climax_Ratio_AtEntry,FLOW_BURST_QUALITY,-0.572486737566296,-0.6200595699442231,0.572486737566296,0
DeltaChangeZScore,FLOW_BURST_QUALITY,Dist_OR_Low_Ticks,AUCTION_THEORY,0.5716888841811829,0.6274334361894691,0.5716888841811829,0
Delta5s,FLOW_BURST_QUALITY,Dist_OR_Low_Ticks,AUCTION_THEORY,0.5712765673168445,0.6487904041959056,0.5712765673168445,0
Delta2s,FLOW_BURST_QUALITY,Sell_Imbalance_Count_AtEntry,FLOW_BURST_QUALITY,-0.5695265447803761,-0.5875850831847634,0.5695265447803761,0
Nearest_OR_Edge_Retest_Count_AtEntry,ACCEPTANCE_RECLAIM,Nearest_OR_Edge_Acceptance_Ratio3_AtEntry,ACCEPTANCE_RECLAIM,0.569247574588948,0.42655023149711163,0.569247574588948,0
Delta1s,FLOW_BURST_QUALITY,Delta_Change_AtEntry,FLOW_BURST_QUALITY,0.5688734529471012,0.5843338502289913,0.5688734529471012,0
Body_AtEntry,OTHER_CAUSAL_CONTEXT,directional_poc_distance,AUCTION_THEORY,0.568725653400511,0.4860681415886793,0.568725653400511,0
CumulativeDeltaWindow,FLOW_BURST_QUALITY,Dist_OR_Low_Ticks,AUCTION_THEORY,0.5685175543456584,0.6650342626681597,0.5685175543456584,0
Delta3s,FLOW_BURST_QUALITY,Dist_OR_Low_Ticks,AUCTION_THEORY,0.5685175543456584,0.6650342626681597,0.5685175543456584,0
Delta1s,FLOW_BURST_QUALITY,Dist_OR_Low_Ticks,AUCTION_THEORY,0.5677481041827926,0.658637741346267,0.5677481041827926,0
Sell_Imbalance_Count_AtEntry,FLOW_BURST_QUALITY,execution_side_sign,OTHER_CAUSAL_CONTEXT,0.5675576010081673,0.5339377511272771,0.5675576010081673,0
Delta_AtEntry,FLOW_BURST_QUALITY,Sell_Imbalance_Count_AtEntry,FLOW_BURST_QUALITY,-0.5662541127358782,-0.5357206512542471,0.5662541127358782,0
Profile_Std_Ticks,AUCTION_THEORY,directional_vwap_distance,AUCTION_THEORY,0.56580761162721,0.30658911062773997,0.56580761162721,0
PreBurst_Impulse_Decay_Slope_5s,PERSISTENCE_EXHAUSTION,signed_acceleration_1s,PERSISTENCE_EXHAUSTION,0.5654830669824279,0.7118761431551566,0.5654830669824279,0
PeakNegativeDelta,FLOW_BURST_QUALITY,Buy_Imbalance_Count_AtEntry,FLOW_BURST_QUALITY,0.5645280642904072,0.46186571104321783,0.5645280642904072,0
Delta3s,FLOW_BURST_QUALITY,Delta_Change_AtEntry,FLOW_BURST_QUALITY,0.5642740864021486,0.5828874015085181,0.5642740864021486,0
CumulativeDeltaWindow,FLOW_BURST_QUALITY,Delta_Change_AtEntry,FLOW_BURST_QUALITY,0.5642740864021486,0.5828874015085181,0.5642740864021486,0
Delta2s,FLOW_BURST_QUALITY,Dist_OR_Low_Ticks,AUCTION_THEORY,0.5638119908122344,0.6576924433458061,0.5638119908122344,0
Delta_Change_AtEntry,FLOW_BURST_QUALITY,Buy_Imbalance_Count_AtEntry,FLOW_BURST_QUALITY,0.5630508088285779,0.5532182060907588,0.5630508088285779,0
PreBurst_Price_Per_Delta_3s,EFFORT_VS_RESULT,directional_vwap_distance,AUCTION_THEORY,0.5628573324573376,0.6216234055241451,0.5628573324573376,0
DeltaChange1s,FLOW_BURST_QUALITY,Buy_Imbalance_Count_AtEntry,FLOW_BURST_QUALITY,0.5626389581912966,0.5008574574817866,0.5626389581912966,0
Delta1s,FLOW_BURST_QUALITY,Sell_Imbalance_Count_AtEntry,FLOW_BURST_QUALITY,-0.5620690349968461,-0.5820532872161022,0.5620690349968461,0
CumulativeDeltaWindow,FLOW_BURST_QUALITY,Sell_Imbalance_Count_AtEntry,FLOW_BURST_QUALITY,-0.5607983862199093,-0.5731441965807075,0.5607983862199093,0
Delta3s,FLOW_BURST_QUALITY,Sell_Imbalance_Count_AtEntry,FLOW_BURST_QUALITY,-0.5607983862199093,-0.5731441965807075,0.5607983862199093,0
BuySellRatio,OTHER_CAUSAL_CONTEXT,Sell_Imbalance_Count_AtEntry,FLOW_BURST_QUALITY,-0.5606815870334392,-0.47532440579815133,0.5606815870334392,0
PreBurst_Impulse_Survival_Seconds,AUCTION_THEORY,acceleration_velocity_ratio,PERSISTENCE_EXHAUSTION,-0.5596493026199493,0.017225661947297903,0.5596493026199493,0
signed_velocity_3s,PERSISTENCE_EXHAUSTION,directional_poc_distance,AUCTION_THEORY,0.5596267032189772,0.6278226849385449,0.5596267032189772,0
Nearest_OR_Edge_Distance_Ticks_AtEntry,AUCTION_THEORY,directional_vwap_distance,AUCTION_THEORY,0.5575514819022933,0.46497031503024416,0.5575514819022933,0
directional_vwap_distance,AUCTION_THEORY,distance_nearest_or_edge_ticks,AUCTION_THEORY,0.5575514819022933,0.4649703150302439,0.5575514819022933,0
BuySellRatio,OTHER_CAUSAL_CONTEXT,Dist_VAL_Ticks,AUCTION_THEORY,0.5563591764858713,0.5692341761232266,0.5563591764858713,0
Profile_Concentration,AUCTION_THEORY,Directional_OR_Extension_Ticks_AtEntry,AUCTION_THEORY,0.555423544050469,0.4087877144894953,0.555423544050469,0
TradesPerSecond,TIME_REGIME,signed_delta_1s,FLOW_BURST_QUALITY,0.5535139332115281,0.6817169231210807,0.5535139332115281,0
OR_WidthTicks,AUCTION_THEORY,directional_vwap_distance,AUCTION_THEORY,0.5517552583369348,0.3950326688619788,0.5517552583369348,0
range,OTHER_CAUSAL_CONTEXT,directional_vwap_distance,AUCTION_THEORY,0.5517552583369348,0.3950326688619787,0.5517552583369348,0
Dist_HVN_Ticks,AUCTION_THEORY,Profile_Position_Percentile,AUCTION_THEORY,0.5515082915502357,0.394955749325569,0.5515082915502357,0
BuySellRatio,OTHER_CAUSAL_CONTEXT,Dist_OR_High_Ticks,AUCTION_THEORY,0.5493104073709463,0.593632668855033,0.5493104073709463,0
BuySellRatio,OTHER_CAUSAL_CONTEXT,Buy_Imbalance_Count_AtEntry,FLOW_BURST_QUALITY,0.5477938742335242,0.42228020820014117,0.5477938742335242,0
DeltaChange1s,FLOW_BURST_QUALITY,Sell_Imbalance_Count_AtEntry,FLOW_BURST_QUALITY,-0.5431206845587779,-0.5681530620487114,0.5431206845587779,0
OR_WidthTicks,AUCTION_THEORY,PreEntry_Range_Compression3_AtEntry,OTHER_CAUSAL_CONTEXT,-0.5414939351223618,-0.46990684686545175,0.5414939351223618,0
range,OTHER_CAUSAL_CONTEXT,PreEntry_Range_Compression3_AtEntry,OTHER_CAUSAL_CONTEXT,-0.5414939351223618,-0.46990684686545187,0.5414939351223618,0
DeltaChange1s,FLOW_BURST_QUALITY,Delta_Change_AtEntry,FLOW_BURST_QUALITY,0.5406589385280316,0.5719235054869569,0.5406589385280316,0
BuySellRatio,OTHER_CAUSAL_CONTEXT,Delta_Change_AtEntry,FLOW_BURST_QUALITY,0.5390428589088736,0.498482819016379,0.5390428589088736,0
Delta5s,FLOW_BURST_QUALITY,Sell_Imbalance_Count_AtEntry,FLOW_BURST_QUALITY,-0.537169404277776,-0.5617017901583337,0.537169404277776,0
DeltaChangeZScore,FLOW_BURST_QUALITY,Delta_Change_AtEntry,FLOW_BURST_QUALITY,0.5355166693729942,0.5623579933147945,0.5355166693729942,0
PeakPositiveDelta,FLOW_BURST_QUALITY,Delta_Change_AtEntry,FLOW_BURST_QUALITY,0.535026888749103,0.5284404328737765,0.535026888749103,0
ContractsPerSecond,FLOW_BURST_QUALITY,delta_share_of_volume,FLOW_BURST_QUALITY,-0.5335526083415705,-0.4740997608727558,0.5335526083415705,0
PreBurst_Price_Per_Volume_3s,EFFORT_VS_RESULT,signed_velocity_decay_1_5,PERSISTENCE_EXHAUSTION,-0.5324975784606838,-0.5603348595047234,0.5324975784606838,0
Buy_Imbalance_Count_AtEntry,FLOW_BURST_QUALITY,or_position_fraction,AUCTION_THEORY,0.5316164695467585,0.5021793070900071,0.5316164695467585,0
PreBurst_Acceptance_Dwell_Ratio_5s,ACCEPTANCE_RECLAIM,distance_nearest_or_edge_ticks,AUCTION_THEORY,0.5309695081638892,0.41016802027941074,0.5309695081638892,0
PreBurst_Acceptance_Dwell_Ratio_5s,ACCEPTANCE_RECLAIM,Nearest_OR_Edge_Distance_Ticks_AtEntry,AUCTION_THEORY,0.5309695081638892,0.410168020279411,0.5309695081638892,0
BuySellRatio,OTHER_CAUSAL_CONTEXT,Dist_OR_Low_Ticks,AUCTION_THEORY,0.5305071968445862,0.5282355816181276,0.5305071968445862,0
Profile_Position_Percentile,AUCTION_THEORY,Delta_Change_AtEntry,FLOW_BURST_QUALITY,0.5295232180005065,0.49365354296996855,0.5295232180005065,0
Body_AtEntry,OTHER_CAUSAL_CONTEXT,Directional_OR_Extension_Ticks_AtEntry,AUCTION_THEORY,-0.5289031851127652,-0.5537071121188357,0.5289031851127652,0
DeltaChangeZScore,FLOW_BURST_QUALITY,Sell_Imbalance_Count_AtEntry,FLOW_BURST_QUALITY,-0.5269326305609113,-0.5506137555317335,0.5269326305609113,0
signed_velocity_1s,PERSISTENCE_EXHAUSTION,directional_vwap_distance,AUCTION_THEORY,0.5247559777333233,0.5664917215546131,0.5247559777333233,0
directional_vwap_distance,AUCTION_THEORY,liquidity_absorption_score,OTHER_CAUSAL_CONTEXT,-0.5245287877143356,-0.3279991441356239,0.5245287877143356,0
PeakNegativeDelta,FLOW_BURST_QUALITY,Delta_Change_AtEntry,FLOW_BURST_QUALITY,0.522359449886084,0.5409190668112049,0.522359449886084,0
Prior_Closed_ATR5_Ticks_AtEntry,AUCTION_THEORY,directional_vwap_distance,AUCTION_THEORY,0.5223155811798406,0.42867316723209037,0.5223155811798406,0
signed_velocity_3s,PERSISTENCE_EXHAUSTION,signed_acceleration_1s,PERSISTENCE_EXHAUSTION,0.5201158313866288,0.65546392736911,0.5201158313866288,0
PreBurst_Price_Per_Volume_3s,EFFORT_VS_RESULT,directional_vwap_distance,AUCTION_THEORY,0.5187749838197905,0.5761474461780693,0.5187749838197905,0
Delta10s,FLOW_BURST_QUALITY,Sell_Imbalance_Count_AtEntry,FLOW_BURST_QUALITY,-0.5186050032515311,-0.5398696113849066,0.5186050032515311,0
PreBurst_Price_Per_Delta_3s,EFFORT_VS_RESULT,signed_acceleration_1s,PERSISTENCE_EXHAUSTION,0.5160179256130754,0.5707465551034511,0.5160179256130754,0
acceleration_velocity_ratio,PERSISTENCE_EXHAUSTION,signed_velocity_decay_1_5,PERSISTENCE_EXHAUSTION,-0.5146630745977112,-0.391377358184332,0.5146630745977112,0
directional_vwap_distance,AUCTION_THEORY,burst_efficiency_score,EFFORT_VS_RESULT,0.5136451076899247,0.5650799801020041,0.5136451076899247,0
absorption_pressure_1s,EFFORT_VS_RESULT,directional_vwap_distance,AUCTION_THEORY,-0.5134158010564076,-0.33099145701973043,0.5134158010564076,0
Profile_Concentration,AUCTION_THEORY,directional_vwap_distance,AUCTION_THEORY,-0.5125476261826277,-0.25750827276915095,0.5125476261826277,0
Prior_Closed_ATR3_Ticks_AtEntry,AUCTION_THEORY,directional_vwap_distance,AUCTION_THEORY,0.5121921614553887,0.44056689235775287,0.5121921614553887,0
Profile_Std_Ticks,AUCTION_THEORY,vwap_poc_spread_ticks,AUCTION_THEORY,0.5119825334988656,0.6421537876828389,0.5119825334988656,0
Seconds_From_Open_AtEntry,TIME_REGIME,Prior_Closed_ATR5_Ticks_AtEntry,AUCTION_THEORY,0.5104703166234764,0.4232877465050687,0.5104703166234764,0
Prior_Closed_ATR5_Ticks_AtEntry,AUCTION_THEORY,minute_from_open,TIME_REGIME,0.5102508579871509,0.4232950701267623,0.5102508579871509,0
Prior_Closed_ATR5_Ticks_AtEntry,AUCTION_THEORY,seconds_from_open,TIME_REGIME,0.5102508579871509,0.4232950701267626,0.5102508579871509,0
Profile_Local_Maxima_Count,AUCTION_THEORY,Nearest_OR_Edge_Distance_Ticks_AtEntry,AUCTION_THEORY,0.5096054162765855,0.6271471238808122,0.5096054162765855,0
Profile_Local_Maxima_Count,AUCTION_THEORY,distance_nearest_or_edge_ticks,AUCTION_THEORY,0.5096054162765855,0.627147123880812,0.5096054162765855,0
Velocity5s,PERSISTENCE_EXHAUSTION,Delta_Change_AtEntry,FLOW_BURST_QUALITY,0.5084851540024367,0.47151599637330477,0.5084851540024367,0
Body_AtEntry,OTHER_CAUSAL_CONTEXT,BreakOut_TICKS_PER_SEC_AtEntry,OTHER_CAUSAL_CONTEXT,0.5057409872374116,0.20615399345596327,0.5057409872374116,0
Directional_OR_Extension_Ticks_AtEntry,AUCTION_THEORY,signed_velocity_3s,PERSISTENCE_EXHAUSTION,-0.5055569540515035,-0.5988100717532511,0.5055569540515035,0
TradesPerSecond,TIME_REGIME,signed_delta_change_1s,FLOW_BURST_QUALITY,0.49790795439513164,0.677993530262952,0.49790795439513164,0
DeltaPercentile,FLOW_BURST_QUALITY,signed_delta_change_1s,FLOW_BURST_QUALITY,0.4947113758477824,0.3583764308959557,0.4947113758477824,0
Directional_OR_Extension_Ticks_AtEntry,AUCTION_THEORY,Nearest_OR_Edge_Distance_Ticks_AtEntry,AUCTION_THEORY,-0.493632438804178,-0.49537374381933413,0.493632438804178,0
Directional_OR_Extension_Ticks_AtEntry,AUCTION_THEORY,distance_nearest_or_edge_ticks,AUCTION_THEORY,-0.493632438804178,-0.49537374381933413,0.493632438804178,0
Profile_Std_Ticks,AUCTION_THEORY,distance_nearest_or_edge_ticks,AUCTION_THEORY,0.4932122673823028,0.5653818379178143,0.4932122673823028,0
Profile_Std_Ticks,AUCTION_THEORY,Nearest_OR_Edge_Distance_Ticks_AtEntry,AUCTION_THEORY,0.4932122673823028,0.565381837917814,0.4932122673823028,0
PreBurst_Price_Per_Delta_3s,EFFORT_VS_RESULT,Directional_OR_Extension_Ticks_AtEntry,AUCTION_THEORY,-0.4924522967321138,-0.5680539144037279,0.4924522967321138,0
PreBurst_Acceptance_Dwell_Ratio_5s,ACCEPTANCE_RECLAIM,Body_OR_Ratio_AtEntry,AUCTION_THEORY,0.4923843369084388,0.40760798737628234,0.4923843369084388,0
Dist_VAH_Ticks,AUCTION_THEORY,Buy_Imbalance_Count_AtEntry,FLOW_BURST_QUALITY,0.49182479644734606,0.41405303642604835,0.49182479644734606,0
TradesPerSecond,TIME_REGIME,signed_delta_decay_1_5,PERSISTENCE_EXHAUSTION,-0.4904779287027319,-0.6684298766383454,0.4904779287027319,0
Dist_HVN_Ticks,AUCTION_THEORY,execution_side_sign,OTHER_CAUSAL_CONTEXT,-0.4876648252858554,-0.43991051901265676,0.4876648252858554,0
Score_AtEntry,OTHER_CAUSAL_CONTEXT,Directional_VWAP_Distance_Ticks_AtEntry,AUCTION_THEORY,-0.48622754774061,-0.4427947327104928,0.48622754774061,0
PreBurst_Price_Per_Delta_3s,EFFORT_VS_RESULT,directional_poc_distance,AUCTION_THEORY,0.4849981265681498,0.6152598990603176,0.4849981265681498,0
Dist_OR_High_Ticks,AUCTION_THEORY,Buy_Imbalance_Count_AtEntry,FLOW_BURST_QUALITY,0.48459540097741155,0.4490898276528278,0.48459540097741155,0
Profile_Effective_Nodes,AUCTION_THEORY,distance_nearest_or_edge_ticks,AUCTION_THEORY,0.48400777724131416,0.5528128855521893,0.48400777724131416,0
Profile_Effective_Nodes,AUCTION_THEORY,Nearest_OR_Edge_Distance_Ticks_AtEntry,AUCTION_THEORY,0.48400777724131416,0.5528128855521892,0.48400777724131416,0
BreakOut_TICKS_PER_SEC_AtEntry,OTHER_CAUSAL_CONTEXT,directional_vwap_distance,AUCTION_THEORY,0.48391216737619175,0.2876956621392308,0.48391216737619175,0
Dist_VAH_Ticks,AUCTION_THEORY,Delta_Change_AtEntry,FLOW_BURST_QUALITY,0.4837077811848136,0.42735718902504516,0.4837077811848136,0
Velocity3s,PERSISTENCE_EXHAUSTION,Delta_Change_AtEntry,FLOW_BURST_QUALITY,0.4831677423257304,0.44195794316215486,0.4831677423257304,0
Velocity3s,PERSISTENCE_EXHAUSTION,Buy_Imbalance_Count_AtEntry,FLOW_BURST_QUALITY,0.4807198985251322,0.34471181518818167,0.4807198985251322,0
Velocity5s,PERSISTENCE_EXHAUSTION,Buy_Imbalance_Count_AtEntry,FLOW_BURST_QUALITY,0.47989577512355813,0.3528319056472621,0.47989577512355813,0
BuySellRatio,OTHER_CAUSAL_CONTEXT,Dist_HVN_Ticks,AUCTION_THEORY,0.47876388022959054,0.39453207952677527,0.47876388022959054,0
signed_velocity_1s,PERSISTENCE_EXHAUSTION,directional_poc_distance,AUCTION_THEORY,0.4769386300498929,0.518753606347458,0.4769386300498929,0
price_impact_per_100_contracts,EFFORT_VS_RESULT,directional_vwap_distance,AUCTION_THEORY,0.4761968995159286,0.5078469494619455,0.4761968995159286,0
directional_poc_distance,AUCTION_THEORY,distance_nearest_or_edge_ticks,AUCTION_THEORY,0.4742154764467192,0.4271569578718079,0.4742154764467192,0
Nearest_OR_Edge_Distance_Ticks_AtEntry,AUCTION_THEORY,directional_poc_distance,AUCTION_THEORY,0.4742154764467192,0.427156957871808,0.4742154764467192,0
Nearest_OR_Edge_Distance_Ticks_AtEntry,AUCTION_THEORY,Nearest_OR_Edge_Acceptance_Ratio3_AtEntry,ACCEPTANCE_RECLAIM,0.47405382110985356,0.48774758025330117,0.47405382110985356,0
Nearest_OR_Edge_Acceptance_Ratio3_AtEntry,ACCEPTANCE_RECLAIM,distance_nearest_or_edge_ticks,AUCTION_THEORY,0.47405382110985356,0.48774758025330117,0.47405382110985356,0
DeltaPercentile,FLOW_BURST_QUALITY,signed_delta_decay_1_5,PERSISTENCE_EXHAUSTION,-0.4709027513179688,-0.3444755382033702,0.4709027513179688,0
Velocity1s,PERSISTENCE_EXHAUSTION,Delta_Change_AtEntry,FLOW_BURST_QUALITY,0.47051331103680627,0.4045690615312507,0.47051331103680627,0
TicksPerSecond,TIME_REGIME,Delta_Change_AtEntry,FLOW_BURST_QUALITY,0.47051331103680627,0.4045690615312507,0.47051331103680627,0
Profile_Normalized_Entropy,AUCTION_THEORY,vwap_poc_spread_ticks,AUCTION_THEORY,0.46903548953294233,0.4417739784005935,0.46903548953294233,0
directional_poc_distance,AUCTION_THEORY,liquidity_absorption_score,OTHER_CAUSAL_CONTEXT,-0.4669805984726348,-0.3679112066465971,0.4669805984726348,0
PreBurst_Rotation_Index_10s,TEMPORAL_SEQUENCE,PreBurst_Path_Efficiency_10s,TEMPORAL_SEQUENCE,-0.4658808571008705,-0.43856732470436177,0.4658808571008705,0
Profile_Normalized_Entropy,AUCTION_THEORY,Profile_Local_Maxima_Count,AUCTION_THEORY,0.46501643571405477,0.3485150032043801,0.46501643571405477,0
TicksPerSecond,TIME_REGIME,Buy_Imbalance_Count_AtEntry,FLOW_BURST_QUALITY,0.46480687748507366,0.31978665761468056,0.46480687748507366,0
Velocity1s,PERSISTENCE_EXHAUSTION,Buy_Imbalance_Count_AtEntry,FLOW_BURST_QUALITY,0.46480687748507366,0.31978665761468056,0.46480687748507366,0
Acceleration3s,PERSISTENCE_EXHAUSTION,Buy_Imbalance_Count_AtEntry,FLOW_BURST_QUALITY,0.4641166449341965,0.29537287220692465,0.4641166449341965,0
Body_AtEntry,OTHER_CAUSAL_CONTEXT,liquidity_absorption_score,OTHER_CAUSAL_CONTEXT,-0.4635145880579047,-0.11234827545083163,0.4635145880579047,0
Profile_Position_Percentile,AUCTION_THEORY,Sell_Imbalance_Count_AtEntry,FLOW_BURST_QUALITY,-0.46345760395367086,-0.5249369779534581,0.46345760395367086,0
Body_AtEntry,OTHER_CAUSAL_CONTEXT,signed_velocity_1s,PERSISTENCE_EXHAUSTION,0.46232859539079074,0.5791860574931449,0.46232859539079074,0
PreBurst_Acceptance_Dwell_Ratio_5s,ACCEPTANCE_RECLAIM,Directional_OR_Extension_Ticks_AtEntry,AUCTION_THEORY,-0.4620422309403728,-0.5090464190250233,0.4620422309403728,0
Profile_Concentration,AUCTION_THEORY,vwap_poc_spread_ticks,AUCTION_THEORY,-0.46203176505843574,-0.4905945334384342,0.46203176505843574,0
directional_poc_distance,AUCTION_THEORY,profile_confluence_4t,AUCTION_THEORY,-0.4616825668492542,-0.37957223112519767,0.4616825668492542,0
Profile_Local_Maxima_Count,AUCTION_THEORY,directional_poc_distance,AUCTION_THEORY,0.4602168495040739,0.4422440030947921,0.4602168495040739,0
Dist_VWAP_Ticks,AUCTION_THEORY,Buy_Imbalance_Count_AtEntry,FLOW_BURST_QUALITY,0.4588850597416038,0.3957794447430861,0.4588850597416038,0
directional_poc_distance,AUCTION_THEORY,burst_efficiency_score,EFFORT_VS_RESULT,0.4587740083865983,0.5593357396127895,0.4587740083865983,0
absorption_pressure_1s,EFFORT_VS_RESULT,directional_poc_distance,AUCTION_THEORY,-0.4585841848068179,-0.37070094219400385,0.4585841848068179,0
Dist_POC_Ticks,AUCTION_THEORY,Buy_Imbalance_Count_AtEntry,FLOW_BURST_QUALITY,0.458237342243785,0.38992122813612434,0.458237342243785,0
Body_AtEntry,OTHER_CAUSAL_CONTEXT,burst_efficiency_score,EFFORT_VS_RESULT,0.4577946018080725,0.5536086121323709,0.4577946018080725,0
Sell_Imbalance_Count_AtEntry,FLOW_BURST_QUALITY,or_position_fraction,AUCTION_THEORY,-0.4566829789333991,-0.45563117614815557,0.4566829789333991,0
Profile_Effective_Nodes,AUCTION_THEORY,vwap_poc_spread_ticks,AUCTION_THEORY,0.4562352840446937,0.5669605689638451,0.4562352840446937,0
PreBurst_Acceptance_Dwell_Ratio_5s,ACCEPTANCE_RECLAIM,Body_AtEntry,OTHER_CAUSAL_CONTEXT,0.45509038419960346,0.3952548801223036,0.45509038419960346,0
signed_velocity_1s,PERSISTENCE_EXHAUSTION,acceleration_velocity_ratio,PERSISTENCE_EXHAUSTION,0.455074484961669,0.36535367098128285,0.455074484961669,0
PreBurst_Price_Per_Volume_3s,EFFORT_VS_RESULT,Directional_OR_Extension_Ticks_AtEntry,AUCTION_THEORY,-0.45474957191903015,-0.5389902051494938,0.45474957191903015,0
Body_AtEntry,OTHER_CAUSAL_CONTEXT,absorption_pressure_1s,EFFORT_VS_RESULT,-0.45407599536845206,-0.11573375337469863,0.45407599536845206,0
PreBurst_Price_Per_Volume_3s,EFFORT_VS_RESULT,signed_acceleration_1s,PERSISTENCE_EXHAUSTION,0.4526737846456521,0.4784408024201942,0.4526737846456521,0
BreakOut_TICKS_PER_SEC_AtEntry,OTHER_CAUSAL_CONTEXT,directional_poc_distance,AUCTION_THEORY,0.4521552653630647,0.21968853065756463,0.4521552653630647,0
BreakOut_TICKS_PER_SEC_AtEntry,OTHER_CAUSAL_CONTEXT,distance_nearest_or_edge_ticks,AUCTION_THEORY,0.45081547795406796,0.33195305081070076,0.45081547795406796,0
BreakOut_TICKS_PER_SEC_AtEntry,OTHER_CAUSAL_CONTEXT,Nearest_OR_Edge_Distance_Ticks_AtEntry,AUCTION_THEORY,0.45081547795406796,0.3319530508107007,0.45081547795406796,0
TradesPerSecond,TIME_REGIME,mean_trade_size,FLOW_BURST_QUALITY,-0.45012977465301535,-0.3622457174489266,0.45012977465301535,0
Previous_Delta_AtEntry,FLOW_BURST_QUALITY,or_position_fraction,AUCTION_THEORY,0.44852638192396094,0.4335448521937934,0.44852638192396094,0
Dist_POC_Ticks,AUCTION_THEORY,Delta_Change_AtEntry,FLOW_BURST_QUALITY,0.44765011367535373,0.42128019986070575,0.44765011367535373,0
TicksPerSecond,TIME_REGIME,Dist_HVN_Ticks,AUCTION_THEORY,0.4473760209359193,0.32809240616543517,0.4473760209359193,0
Velocity1s,PERSISTENCE_EXHAUSTION,Dist_HVN_Ticks,AUCTION_THEORY,0.4473760209359193,0.32809240616543517,0.4473760209359193,0
DeltaPercentile,FLOW_BURST_QUALITY,signed_delta_1s,FLOW_BURST_QUALITY,0.44695670925070524,0.3277822441861361,0.44695670925070524,0
acceleration_velocity_ratio,PERSISTENCE_EXHAUSTION,liquidity_absorption_score,OTHER_CAUSAL_CONTEXT,-0.44657759661794105,-0.6195990655060478,0.44657759661794105,0
PreEntry_Directional_Efficiency3_AtEntry,OTHER_CAUSAL_CONTEXT,Nearest_OR_Edge_Acceptance_Ratio3_AtEntry,ACCEPTANCE_RECLAIM,-0.44460998527789286,-0.33050898147888347,0.44460998527789286,0
PreBurst_Price_Per_Volume_3s,EFFORT_VS_RESULT,directional_poc_distance,AUCTION_THEORY,0.44331905448882597,0.5644224861882841,0.44331905448882597,0
PreBurst_Impulse_Decay_Slope_5s,PERSISTENCE_EXHAUSTION,directional_vwap_distance,AUCTION_THEORY,0.44268725447607365,0.5165810467474542,0.44268725447607365,0
Directional_VWAP_Distance_Ticks_AtEntry,AUCTION_THEORY,execution_cvd_alignment,OTHER_CAUSAL_CONTEXT,0.439815458252847,0.3851559251330678,0.439815458252847,0
PeakNegativeDelta,FLOW_BURST_QUALITY,Dist_HVN_Ticks,AUCTION_THEORY,0.43731616537726486,0.3702997606834724,0.43731616537726486,0
directional_vwap_distance,AUCTION_THEORY,signed_velocity_decay_1_5,PERSISTENCE_EXHAUSTION,-0.43548696524458885,-0.49001360218554535,0.43548696524458885,0
Dist_OR_Low_Ticks,AUCTION_THEORY,Previous_Delta_AtEntry,FLOW_BURST_QUALITY,0.4342506996959338,0.3889471962568207,0.4342506996959338,0
Prior_Closed_ATR5_Ticks_AtEntry,AUCTION_THEORY,PreEntry_Volume_Climax_Ratio_AtEntry,FLOW_BURST_QUALITY,0.43375307006492947,0.3546685562993216,0.43375307006492947,0
PeakNegativeDelta,FLOW_BURST_QUALITY,signed_delta_1s,FLOW_BURST_QUALITY,-0.43308644312251515,-0.4477172413332649,0.43308644312251515,0
Dist_VWAP_Ticks,AUCTION_THEORY,Delta_Change_AtEntry,FLOW_BURST_QUALITY,0.4318595815519989,0.4283026004469241,0.4318595815519989,0
Profile_Normalized_Entropy,AUCTION_THEORY,Prior_Closed_ATR3_Ticks_AtEntry,AUCTION_THEORY,0.4313336880054952,0.35887851722586633,0.4313336880054952,0
PreBurst_Acceptance_Dwell_Ratio_5s,ACCEPTANCE_RECLAIM,directional_vwap_distance,AUCTION_THEORY,0.4288393875130151,0.5393291300022114,0.4288393875130151,0
PreBurst_Impulse_Survival_Seconds,AUCTION_THEORY,velocity_consistency,PERSISTENCE_EXHAUSTION,0.42790787167628314,0.3709828805059575,0.42790787167628314,0
Body_AtEntry,OTHER_CAUSAL_CONTEXT,signed_velocity_3s,PERSISTENCE_EXHAUSTION,0.4269177206794032,0.5400448532851321,0.4269177206794032,0
Score_AtEntry,OTHER_CAUSAL_CONTEXT,Buy_Imbalance_Count_AtEntry,FLOW_BURST_QUALITY,0.4268111634051852,0.37272005241696343,0.4268111634051852,0
Dist_HVN_Ticks,AUCTION_THEORY,Delta_AtEntry,FLOW_BURST_QUALITY,0.42480537855849443,0.3755218231713014,0.42480537855849443,0
PreBurst_Acceptance_Dwell_Ratio_5s,ACCEPTANCE_RECLAIM,directional_poc_distance,AUCTION_THEORY,0.4245336310779435,0.4671298548493497,0.4245336310779435,0
Directional_OR_Extension_Ticks_AtEntry,AUCTION_THEORY,signed_velocity_1s,PERSISTENCE_EXHAUSTION,-0.42427279027169795,-0.5553302815237323,0.42427279027169795,0
Profile_Excess_Kurtosis,AUCTION_THEORY,Profile_Concentration,AUCTION_THEORY,0.42403784408579137,0.39224922723923084,0.42403784408579137,0
Dist_VAL_Ticks,AUCTION_THEORY,Previous_Delta_AtEntry,FLOW_BURST_QUALITY,0.4221592704309473,0.40950824301407057,0.4221592704309473,0
Directional_OR_Extension_Ticks_AtEntry,AUCTION_THEORY,liquidity_absorption_score,OTHER_CAUSAL_CONTEXT,0.4219776474927351,0.25252731183282057,0.4219776474927351,0
BreakOut_TICKS_PER_SEC_AtEntry,OTHER_CAUSAL_CONTEXT,Body_OR_Ratio_AtEntry,AUCTION_THEORY,0.4219514148568611,0.05293729896545866,0.4219514148568611,0
Dist_VAL_Ticks,AUCTION_THEORY,Buy_Imbalance_Count_AtEntry,FLOW_BURST_QUALITY,0.42071483641746554,0.3460872832504048,0.42071483641746554,0
PreBurst_Impulse_Survival_Seconds,AUCTION_THEORY,flow_price_alignment,OTHER_CAUSAL_CONTEXT,0.4205769357136679,0.36235100904956835,0.4205769357136679,0
price_impact_per_100_contracts,EFFORT_VS_RESULT,directional_poc_distance,AUCTION_THEORY,0.4199800041728826,0.4977071320908485,0.4199800041728826,0
PreBurst_Acceptance_Dwell_Ratio_5s,ACCEPTANCE_RECLAIM,Nearest_OR_Edge_Retest_Count_AtEntry,ACCEPTANCE_RECLAIM,0.4195918236951289,0.3797257479340793,0.4195918236951289,0
Profile_Std_Ticks,AUCTION_THEORY,Profile_Excess_Kurtosis,AUCTION_THEORY,-0.4195556316623143,-0.2866933265627237,0.4195556316623143,0
Body_AtEntry,OTHER_CAUSAL_CONTEXT,signed_velocity_decay_1_5,PERSISTENCE_EXHAUSTION,-0.4191214358151265,-0.5404483826688552,0.4191214358151265,0
PreEntry_Range_Compression3_AtEntry,OTHER_CAUSAL_CONTEXT,Nearest_OR_Edge_Acceptance_Ratio3_AtEntry,ACCEPTANCE_RECLAIM,0.4173731017304806,0.3636184654709098,0.4173731017304806,0
DeltaPercentile,FLOW_BURST_QUALITY,delta_persistence_1_3,PERSISTENCE_EXHAUSTION,-0.416863080216889,-0.3272200993715939,0.416863080216889,0
PeakNegativeDelta,FLOW_BURST_QUALITY,signed_delta_decay_1_5,PERSISTENCE_EXHAUSTION,0.4163045177515408,0.44074044933325085,0.4163045177515408,0
Acceleration3s,PERSISTENCE_EXHAUSTION,Dist_HVN_Ticks,AUCTION_THEORY,0.41621676894916504,0.2834239923868388,0.41621676894916504,0
PreBurst_Impulse_Decay_Slope_5s,PERSISTENCE_EXHAUSTION,Profile_Local_Maxima_Count,AUCTION_THEORY,0.4155540014770492,0.5680658210992664,0.4155540014770492,0
Dist_POC_Ticks,AUCTION_THEORY,Sell_Imbalance_Count_AtEntry,FLOW_BURST_QUALITY,-0.4154033178291462,-0.39191809471873057,0.4154033178291462,0
DeltaChangeZScore,FLOW_BURST_QUALITY,Dist_HVN_Ticks,AUCTION_THEORY,0.41527614742319835,0.4170008181005975,0.41527614742319835,0
Dist_OR_High_Ticks,AUCTION_THEORY,Delta_Change_AtEntry,FLOW_BURST_QUALITY,0.41369353625110156,0.42300349993687003,0.41369353625110156,0
absorption_pressure_1s,EFFORT_VS_RESULT,acceleration_velocity_ratio,PERSISTENCE_EXHAUSTION,-0.4135779032510462,-0.6150804300379576,0.4135779032510462,0
Dist_HVN_Ticks,AUCTION_THEORY,Dist_LVN_Ticks,AUCTION_THEORY,-0.41350937040763075,-0.3502919246106001,0.41350937040763075,0
Directional_OR_Extension_Ticks_AtEntry,AUCTION_THEORY,burst_efficiency_score,EFFORT_VS_RESULT,-0.4134924047698433,-0.5373466376336162,0.4134924047698433,0
Directional_OR_Extension_Ticks_AtEntry,AUCTION_THEORY,absorption_pressure_1s,EFFORT_VS_RESULT,0.4128856523717727,0.25566014906878026,0.4128856523717727,0
price_impact_per_100_contracts,EFFORT_VS_RESULT,velocity_consistency,PERSISTENCE_EXHAUSTION,0.4127716420751226,0.3358541909560793,0.4127716420751226,0
Body_AtEntry,OTHER_CAUSAL_CONTEXT,price_impact_per_100_contracts,EFFORT_VS_RESULT,0.4121083628475759,0.5057334194371582,0.4121083628475759,0
Profile_Normalized_Entropy,AUCTION_THEORY,Prior_Closed_ATR5_Ticks_AtEntry,AUCTION_THEORY,0.41176477394577427,0.36880771828585557,0.41176477394577427,0
Profile_Position_Percentile,AUCTION_THEORY,Previous_Delta_AtEntry,FLOW_BURST_QUALITY,0.41161486036187594,0.4220339155549516,0.41161486036187594,0
Dist_VAH_Ticks,AUCTION_THEORY,Sell_Imbalance_Count_AtEntry,FLOW_BURST_QUALITY,-0.4112347983887784,-0.38167048123202796,0.4112347983887784,0
Profile_Concentration,AUCTION_THEORY,Nearest_OR_Edge_Distance_Ticks_AtEntry,AUCTION_THEORY,-0.41090585379399847,-0.42224629803357433,0.41090585379399847,0
Profile_Concentration,AUCTION_THEORY,distance_nearest_or_edge_ticks,AUCTION_THEORY,-0.41090585379399847,-0.4222462980335743,0.41090585379399847,0
PreBurst_Price_Per_Delta_3s,EFFORT_VS_RESULT,range,OTHER_CAUSAL_CONTEXT,0.4103449959727655,0.4721131323138026,0.4103449959727655,0
OR_WidthTicks,AUCTION_THEORY,PreBurst_Price_Per_Delta_3s,EFFORT_VS_RESULT,0.4103449959727655,0.47211313231380275,0.4103449959727655,0
acceleration_velocity_ratio,PERSISTENCE_EXHAUSTION,burst_efficiency_score,EFFORT_VS_RESULT,0.41025841636834826,0.37160990433192603,0.41025841636834826,0
PreBurst_Impulse_Decay_Slope_5s,PERSISTENCE_EXHAUSTION,Directional_OR_Extension_Ticks_AtEntry,AUCTION_THEORY,-0.40844458295070624,-0.5337725617474111,0.40844458295070624,0
Acceleration3s,PERSISTENCE_EXHAUSTION,Previous_Delta_AtEntry,FLOW_BURST_QUALITY,0.40752663438630726,0.38843642386062466,0.40752663438630726,0
DeltaChange1s,FLOW_BURST_QUALITY,Dist_HVN_Ticks,AUCTION_THEORY,0.4068368962169112,0.39311470287165,0.4068368962169112,0
PreBurst_Acceptance_Dwell_Ratio_5s,ACCEPTANCE_RECLAIM,PreEntry_Directional_Efficiency3_AtEntry,OTHER_CAUSAL_CONTEXT,-0.40650935126714294,-0.4081418941870249,0.40650935126714294,0
Dist_VWAP_Ticks,AUCTION_THEORY,Previous_Delta_AtEntry,FLOW_BURST_QUALITY,0.404731427724133,0.40983486910572464,0.404731427724133,0
signed_velocity_1s,PERSISTENCE_EXHAUSTION,flow_price_alignment,OTHER_CAUSAL_CONTEXT,0.4045431976131528,0.3226442044621086,0.4045431976131528,0
BreakOut_TICKS_PER_SEC_AtEntry,OTHER_CAUSAL_CONTEXT,signed_velocity_1s,PERSISTENCE_EXHAUSTION,0.4044219956125616,0.5790808370481924,0.4044219956125616,0
PeakPositiveDelta,FLOW_BURST_QUALITY,Sell_Imbalance_Count_AtEntry,FLOW_BURST_QUALITY,-0.40429538532867754,-0.42683574636417654,0.40429538532867754,0
OR_WidthTicks,AUCTION_THEORY,PreBurst_Impulse_Decay_Slope_5s,PERSISTENCE_EXHAUSTION,0.40318638003050783,0.4679556067278027,0.40318638003050783,0
PreBurst_Impulse_Decay_Slope_5s,PERSISTENCE_EXHAUSTION,range,OTHER_CAUSAL_CONTEXT,0.40318638003050783,0.46795560672780273,0.40318638003050783,0
Dist_OR_High_Ticks,AUCTION_THEORY,Sell_Imbalance_Count_AtEntry,FLOW_BURST_QUALITY,-0.40312803370770356,-0.3924937823714718,0.40312803370770356,0
Delta_Change_AtEntry,FLOW_BURST_QUALITY,or_position_fraction,AUCTION_THEORY,0.40292400477921786,0.41324921963682026,0.40292400477921786,0
BreakOut_TICKS_PER_SEC_AtEntry,OTHER_CAUSAL_CONTEXT,Directional_OR_Extension_Ticks_AtEntry,AUCTION_THEORY,-0.4028173863934255,-0.28147381024704454,0.4028173863934255,0
PreBurst_Price_Per_Delta_3s,EFFORT_VS_RESULT,Profile_Local_Maxima_Count,AUCTION_THEORY,0.40266941038948995,0.5373526435568846,0.40266941038948995,0
Acceleration1s,PERSISTENCE_EXHAUSTION,Dist_HVN_Ticks,AUCTION_THEORY,0.4023582624686848,0.2884965855156377,0.4023582624686848,0
Profile_Effective_Nodes,AUCTION_THEORY,directional_poc_distance,AUCTION_THEORY,0.4015601584667475,0.33308283908141995,0.4015601584667475,0
Acceleration3s,PERSISTENCE_EXHAUSTION,Delta_Change_AtEntry,FLOW_BURST_QUALITY,0.4012730814022591,0.3317465849920742,0.4012730814022591,0
flow_price_alignment,OTHER_CAUSAL_CONTEXT,burst_efficiency_score,EFFORT_VS_RESULT,0.40080798528388456,0.3340391504856337,0.40080798528388456,0
Dist_VAH_Ticks,AUCTION_THEORY,Dist_HVN_Ticks,AUCTION_THEORY,0.4008009004546997,0.3394193521708684,0.4008009004546997,0
Acceleration1s,PERSISTENCE_EXHAUSTION,Delta_Change_AtEntry,FLOW_BURST_QUALITY,0.4005382354524276,0.31057904264069935,0.4005382354524276,0
Dist_OR_High_Ticks,AUCTION_THEORY,Previous_Delta_AtEntry,FLOW_BURST_QUALITY,0.4003656412525913,0.3791020409015594,0.4003656412525913,0
delta_share_of_volume,FLOW_BURST_QUALITY,mean_trade_size,FLOW_BURST_QUALITY,0.40026478329884824,0.4391088030648611,0.40026478329884824,0
price_impact_per_100_contracts,EFFORT_VS_RESULT,flow_price_alignment,OTHER_CAUSAL_CONTEXT,0.3997187965557427,0.3218434426229256,0.3997187965557427,0
Dist_OR_Low_Ticks,AUCTION_THEORY,Buy_Imbalance_Count_AtEntry,FLOW_BURST_QUALITY,0.3997175701245034,0.33717301767453245,0.3997175701245034,0
BreakOut_TICKS_PER_SEC_AtEntry,OTHER_CAUSAL_CONTEXT,signed_velocity_3s,PERSISTENCE_EXHAUSTION,0.3991878420761415,0.4523524359862799,0.3991878420761415,0
flow_price_alignment,OTHER_CAUSAL_CONTEXT,liquidity_absorption_score,OTHER_CAUSAL_CONTEXT,-0.39895434017427256,-0.7618558991132873,0.39895434017427256,0
absorption_pressure_1s,EFFORT_VS_RESULT,flow_price_alignment,OTHER_CAUSAL_CONTEXT,-0.39890437872510004,-0.7584991805609231,0.39890437872510004,0
Delta1s,FLOW_BURST_QUALITY,Dist_HVN_Ticks,AUCTION_THEORY,0.39858170649189073,0.39805361776659337,0.39858170649189073,0
Acceleration1s,PERSISTENCE_EXHAUSTION,Buy_Imbalance_Count_AtEntry,FLOW_BURST_QUALITY,0.3980743802648197,0.25519807406955775,0.3980743802648197,0
Profile_Local_Maxima_Count,AUCTION_THEORY,Body_AtEntry,OTHER_CAUSAL_CONTEXT,0.39791267808253034,0.5253844790200166,0.39791267808253034,0
Dist_VAL_Ticks,AUCTION_THEORY,Delta_Change_AtEntry,FLOW_BURST_QUALITY,0.3952923418483819,0.39348057024176064,0.3952923418483819,0
PreBurst_Price_Per_Delta_3s,EFFORT_VS_RESULT,mean_trade_size,FLOW_BURST_QUALITY,-0.39432997414612087,-0.2801249821208752,0.39432997414612087,0
Profile_Local_Maxima_Count,AUCTION_THEORY,signed_velocity_3s,PERSISTENCE_EXHAUSTION,0.39349194783124586,0.578435263605325,0.39349194783124586,0
PreBurst_Price_Per_Delta_3s,EFFORT_VS_RESULT,Body_AtEntry,OTHER_CAUSAL_CONTEXT,0.39265238978239786,0.5279958087140376,0.39265238978239786,0
Dist_POC_Ticks,AUCTION_THEORY,Previous_Delta_AtEntry,FLOW_BURST_QUALITY,0.39222345580276063,0.4134488413791928,0.39222345580276063,0
flow_price_alignment,OTHER_CAUSAL_CONTEXT,signed_velocity_decay_1_5,PERSISTENCE_EXHAUSTION,-0.39207900500925225,-0.3155647733575322,0.39207900500925225,0
mean_trade_size,FLOW_BURST_QUALITY,liquidity_absorption_score,OTHER_CAUSAL_CONTEXT,0.39163394280833985,0.3161281494844692,0.39163394280833985,0
price_impact_per_100_contracts,EFFORT_VS_RESULT,acceleration_velocity_ratio,PERSISTENCE_EXHAUSTION,0.3915658413193452,0.37253789839113677,0.3915658413193452,0
BreakOut_TICKS_PER_SEC_AtEntry,OTHER_CAUSAL_CONTEXT,signed_velocity_decay_1_5,PERSISTENCE_EXHAUSTION,-0.3885186803228184,-0.6112786889102091,0.3885186803228184,0
PeakNegativeDelta,FLOW_BURST_QUALITY,signed_delta_change_1s,FLOW_BURST_QUALITY,-0.38770924778981153,-0.4281611739158451,0.38770924778981153,0
absorption_pressure_1s,EFFORT_VS_RESULT,mean_trade_size,FLOW_BURST_QUALITY,0.38734984120393445,0.3276078004404998,0.38734984120393445,0
mean_trade_size,FLOW_BURST_QUALITY,burst_efficiency_score,EFFORT_VS_RESULT,-0.38723778288119115,-0.30107737494074965,0.38723778288119115,0
directional_poc_distance,AUCTION_THEORY,signed_velocity_decay_1_5,PERSISTENCE_EXHAUSTION,-0.3864724860873256,-0.44243621565030616,0.3864724860873256,0
Profile_Local_Maxima_Count,AUCTION_THEORY,liquidity_absorption_score,OTHER_CAUSAL_CONTEXT,-0.3862950387040388,-0.08637015722244891,0.3862950387040388,0
Previous_Delta_AtEntry,FLOW_BURST_QUALITY,execution_side_sign,OTHER_CAUSAL_CONTEXT,-0.3860476845983906,-0.37018934446024965,0.3860476845983906,0
velocity_consistency,PERSISTENCE_EXHAUSTION,burst_efficiency_score,EFFORT_VS_RESULT,0.3859857467236235,0.33058146249268305,0.3859857467236235,0
Directional_OR_Extension_Ticks_AtEntry,AUCTION_THEORY,price_impact_per_100_contracts,EFFORT_VS_RESULT,-0.3851692634614102,-0.4947564597257526,0.3851692634614102,0
Dist_VAH_Ticks,AUCTION_THEORY,Previous_Delta_AtEntry,FLOW_BURST_QUALITY,0.38487876720614705,0.4114477577878778,0.38487876720614705,0
absorption_pressure_1s,EFFORT_VS_RESULT,velocity_consistency,PERSISTENCE_EXHAUSTION,-0.38464475960394695,-0.8386912112539626,0.38464475960394695,0
Profile_Local_Maxima_Count,AUCTION_THEORY,signed_velocity_1s,PERSISTENCE_EXHAUSTION,0.38453511001758817,0.5695646206187618,0.38453511001758817,0
Velocity1s,PERSISTENCE_EXHAUSTION,Previous_Delta_AtEntry,FLOW_BURST_QUALITY,0.38398055546208887,0.38661804605278566,0.38398055546208887,0
TicksPerSecond,TIME_REGIME,Previous_Delta_AtEntry,FLOW_BURST_QUALITY,0.38398055546208887,0.38661804605278566,0.38398055546208887,0
PreBurst_Impulse_Decay_Slope_5s,PERSISTENCE_EXHAUSTION,Body_AtEntry,OTHER_CAUSAL_CONTEXT,0.38339051067271585,0.5104631860392391,0.38339051067271585,0
Nearest_OR_Edge_Acceptance_Ratio3_AtEntry,ACCEPTANCE_RECLAIM,seconds_from_open,TIME_REGIME,0.3829776556916471,0.27814412904554475,0.3829776556916471,0
Nearest_OR_Edge_Acceptance_Ratio3_AtEntry,ACCEPTANCE_RECLAIM,minute_from_open,TIME_REGIME,0.3829776556916471,0.27814412904554503,0.3829776556916471,0
Volume_AtEntry,FLOW_BURST_QUALITY,PreEntry_Directional_Efficiency3_AtEntry,OTHER_CAUSAL_CONTEXT,0.38278391951430124,0.360221835003675,0.38278391951430124,0
Seconds_From_Open_AtEntry,TIME_REGIME,Nearest_OR_Edge_Acceptance_Ratio3_AtEntry,ACCEPTANCE_RECLAIM,0.3826326686721006,0.2781324755162025,0.3826326686721006,0
Delta2s,FLOW_BURST_QUALITY,Dist_HVN_Ticks,AUCTION_THEORY,0.381813192337896,0.3979746500090005,0.381813192337896,0
PreBurst_Price_Per_Volume_3s,EFFORT_VS_RESULT,velocity_consistency,PERSISTENCE_EXHAUSTION,0.3816340917830316,0.3358184114350418,0.3816340917830316,0
Dist_OR_Low_Ticks,AUCTION_THEORY,Sell_Imbalance_Count_AtEntry,FLOW_BURST_QUALITY,-0.3816070869887171,-0.37709891805653867,0.3816070869887171,0
Profile_Local_Maxima_Count,AUCTION_THEORY,burst_efficiency_score,EFFORT_VS_RESULT,0.38089865199722506,0.5395470274964075,0.38089865199722506,0
range,OTHER_CAUSAL_CONTEXT,directional_poc_distance,AUCTION_THEORY,0.3805908155247218,0.33841467558484545,0.3805908155247218,0
OR_WidthTicks,AUCTION_THEORY,directional_poc_distance,AUCTION_THEORY,0.3805908155247218,0.3384146755848456,0.3805908155247218,0
Velocity3s,PERSISTENCE_EXHAUSTION,Dist_HVN_Ticks,AUCTION_THEORY,0.38016761153000944,0.32626442638483144,0.38016761153000944,0
PreBurst_Price_Per_Delta_3s,EFFORT_VS_RESULT,Prior_Closed_ATR3_Ticks_AtEntry,AUCTION_THEORY,0.3801406784754204,0.5589262823501365,0.3801406784754204,0
Profile_Local_Maxima_Count,AUCTION_THEORY,absorption_pressure_1s,EFFORT_VS_RESULT,-0.37815823366751783,-0.09124134795398614,0.37815823366751783,0
Prior_Closed_ATR5_Ticks_AtEntry,AUCTION_THEORY,Nearest_OR_Edge_Retest_Count_AtEntry,ACCEPTANCE_RECLAIM,0.3779142384526374,0.3067523374165219,0.3779142384526374,0
Velocity5s,PERSISTENCE_EXHAUSTION,Dist_HVN_Ticks,AUCTION_THEORY,0.3778734848998889,0.3270050240016296,0.3778734848998889,0
Dist_VAL_Ticks,AUCTION_THEORY,Sell_Imbalance_Count_AtEntry,FLOW_BURST_QUALITY,-0.3762766602111459,-0.38325168055142855,0.3762766602111459,0
PeakPositiveDelta,FLOW_BURST_QUALITY,Dist_HVN_Ticks,AUCTION_THEORY,0.37613400739140984,0.3526773940495684,0.37613400739140984,0
Profile_Excess_Kurtosis,AUCTION_THEORY,Profile_Effective_Nodes,AUCTION_THEORY,-0.3757052956034077,-0.2646545188355249,0.3757052956034077,0
Velocity3s,PERSISTENCE_EXHAUSTION,Previous_Delta_AtEntry,FLOW_BURST_QUALITY,0.37548840622010116,0.3800589982082072,0.37548840622010116,0
velocity_consistency,PERSISTENCE_EXHAUSTION,liquidity_absorption_score,OTHER_CAUSAL_CONTEXT,-0.37546392310675936,-0.8390827246830529,0.37546392310675936,0
OR_WidthTicks,AUCTION_THEORY,signed_velocity_3s,PERSISTENCE_EXHAUSTION,0.37531452874676335,0.4544747447858262,0.37531452874676335,0
range,OTHER_CAUSAL_CONTEXT,signed_velocity_3s,PERSISTENCE_EXHAUSTION,0.37531452874676335,0.4544747447858262,0.37531452874676335,0
signed_velocity_3s,PERSISTENCE_EXHAUSTION,velocity_consistency,PERSISTENCE_EXHAUSTION,0.37509125781680264,0.35042047190833103,0.37509125781680264,0
PreBurst_Impulse_Decay_Slope_5s,PERSISTENCE_EXHAUSTION,BreakOut_TICKS_PER_SEC_AtEntry,OTHER_CAUSAL_CONTEXT,0.3744284378318332,0.552820094916175,0.3744284378318332,0
Previous_Delta_AtEntry,FLOW_BURST_QUALITY,Delta_Change_AtEntry,FLOW_BURST_QUALITY,-0.37431743116602473,-0.4447653892719953,0.37431743116602473,0
Body_AtEntry,OTHER_CAUSAL_CONTEXT,signed_acceleration_1s,PERSISTENCE_EXHAUSTION,0.37278823782724024,0.4782941546411892,0.37278823782724024,0
Prior_Closed_ATR5_Ticks_AtEntry,AUCTION_THEORY,directional_poc_distance,AUCTION_THEORY,0.37146795908119323,0.4315388154190187,0.37146795908119323,0
signed_acceleration_1s,PERSISTENCE_EXHAUSTION,directional_vwap_distance,AUCTION_THEORY,0.3694326363202796,0.4262258312399968,0.3694326363202796,0
Dist_VAH_Ticks,AUCTION_THEORY,Profile_Skewness,AUCTION_THEORY,0.3690764246061464,0.35187280395353887,0.3690764246061464,0
ContractsPerSecond,FLOW_BURST_QUALITY,delta_persistence_1_3,PERSISTENCE_EXHAUSTION,-0.36850403182664854,-0.3485617514258931,0.36850403182664854,0
Profile_Std_Ticks,AUCTION_THEORY,directional_poc_distance,AUCTION_THEORY,0.36819821384433943,0.29297726821569703,0.36819821384433943,0
Previous_Volume_AtEntry,FLOW_BURST_QUALITY,Prior_Closed_ATR5_Ticks_AtEntry,AUCTION_THEORY,-0.3679753676874882,-0.28701234765125155,0.3679753676874882,0
OR_WidthTicks,AUCTION_THEORY,liquidity_absorption_score,OTHER_CAUSAL_CONTEXT,-0.3677248787542896,-0.04566441803424804,0.3677248787542896,0
range,OTHER_CAUSAL_CONTEXT,liquidity_absorption_score,OTHER_CAUSAL_CONTEXT,-0.3677248787542896,-0.04566441803424809,0.3677248787542896,0
Profile_Normalized_Entropy,AUCTION_THEORY,range,OTHER_CAUSAL_CONTEXT,0.36719347038553984,0.32386696892080596,0.36719347038553984,0
OR_WidthTicks,AUCTION_THEORY,Profile_Normalized_Entropy,AUCTION_THEORY,0.36719347038553984,0.3238669689208058,0.36719347038553984,0
Profile_Local_Maxima_Count,AUCTION_THEORY,vwap_poc_spread_ticks,AUCTION_THEORY,0.3670389360415251,0.4361678163487107,0.3670389360415251,0
PreBurst_Impulse_Decay_Slope_5s,PERSISTENCE_EXHAUSTION,Profile_Effective_Nodes,AUCTION_THEORY,0.36679218882146253,0.48947172114651877,0.36679218882146253,0
OR_WidthTicks,AUCTION_THEORY,PreBurst_Price_Per_Volume_3s,EFFORT_VS_RESULT,0.36524496866892303,0.44596430566241246,0.36524496866892303,0
PreBurst_Price_Per_Volume_3s,EFFORT_VS_RESULT,range,OTHER_CAUSAL_CONTEXT,0.36524496866892303,0.4459643056624125,0.36524496866892303,0
Directional_OR_Extension_Ticks_AtEntry,AUCTION_THEORY,signed_velocity_decay_1_5,PERSISTENCE_EXHAUSTION,0.36514356952410726,0.5019793326012352,0.36514356952410726,0
Nearest_OR_Edge_Retest_Count_AtEntry,ACCEPTANCE_RECLAIM,distance_nearest_or_edge_ticks,AUCTION_THEORY,0.3647522601605757,0.32455146633670817,0.3647522601605757,0
Nearest_OR_Edge_Distance_Ticks_AtEntry,AUCTION_THEORY,Nearest_OR_Edge_Retest_Count_AtEntry,ACCEPTANCE_RECLAIM,0.3647522601605757,0.3245514663367082,0.3647522601605757,0
Dist_POC_Ticks,AUCTION_THEORY,Profile_Skewness,AUCTION_THEORY,0.36384117106318303,0.37046827043556907,0.36384117106318303,0
PreBurst_Price_Per_Volume_3s,EFFORT_VS_RESULT,Profile_Local_Maxima_Count,AUCTION_THEORY,0.3635168896835126,0.5179262039072782,0.3635168896835126,0
PreBurst_Price_Per_Volume_3s,EFFORT_VS_RESULT,Prior_Closed_ATR3_Ticks_AtEntry,AUCTION_THEORY,0.3632281151967527,0.5305158058700243,0.3632281151967527,0
PreBurst_Impulse_Survival_Seconds,AUCTION_THEORY,signed_velocity_3s,PERSISTENCE_EXHAUSTION,0.3627751721187771,0.2716904187155201,0.3627751721187771,0
OR_WidthTicks,AUCTION_THEORY,burst_efficiency_score,EFFORT_VS_RESULT,0.36255671613198376,0.47601610180249104,0.36255671613198376,0
range,OTHER_CAUSAL_CONTEXT,burst_efficiency_score,EFFORT_VS_RESULT,0.36255671613198376,0.47601610180249104,0.36255671613198376,0
PreBurst_Impulse_Decay_Slope_5s,PERSISTENCE_EXHAUSTION,Profile_Std_Ticks,AUCTION_THEORY,0.3624293432871246,0.4855076977579516,0.3624293432871246,0
BreakOut_TICKS_PER_SEC_AtEntry,OTHER_CAUSAL_CONTEXT,PreEntry_Directional_Efficiency3_AtEntry,OTHER_CAUSAL_CONTEXT,-0.3615037171186583,-0.16811362325833812,0.3615037171186583,0
Dist_POC_Ticks,AUCTION_THEORY,Dist_HVN_Ticks,AUCTION_THEORY,0.3614984759477197,0.3117177201191914,0.3614984759477197,0
OR_WidthTicks,AUCTION_THEORY,absorption_pressure_1s,EFFORT_VS_RESULT,-0.36145355553143443,-0.0515568173114417,0.36145355553143443,0
range,OTHER_CAUSAL_CONTEXT,absorption_pressure_1s,EFFORT_VS_RESULT,-0.36145355553143443,-0.05155681731144167,0.36145355553143443,0
PreBurst_Acceptance_Dwell_Ratio_5s,ACCEPTANCE_RECLAIM,PreEntry_Directional_Delta_Share3_AtEntry,FLOW_BURST_QUALITY,-0.36135660975750356,-0.353102904333341,0.36135660975750356,0
PreBurst_Impulse_Decay_Slope_5s,PERSISTENCE_EXHAUSTION,directional_poc_distance,AUCTION_THEORY,0.3609701813821421,0.46954765764473694,0.3609701813821421,0
Profile_Local_Maxima_Count,AUCTION_THEORY,price_impact_per_100_contracts,EFFORT_VS_RESULT,0.35849601449790974,0.4962696888913955,0.35849601449790974,0
Prior_Closed_ATR3_Ticks_AtEntry,AUCTION_THEORY,directional_poc_distance,AUCTION_THEORY,0.35847415206520694,0.411236602323155,0.35847415206520694,0
range,OTHER_CAUSAL_CONTEXT,price_impact_per_100_contracts,EFFORT_VS_RESULT,0.35832383644586857,0.4529829180066712,0.35832383644586857,0
OR_WidthTicks,AUCTION_THEORY,price_impact_per_100_contracts,EFFORT_VS_RESULT,0.35832383644586857,0.45298291800667123,0.35832383644586857,0
PreBurst_Path_Efficiency_10s,TEMPORAL_SEQUENCE,velocity_consistency,PERSISTENCE_EXHAUSTION,0.3576472462895785,0.4325883571124247,0.3576472462895785,0
Velocity1s,PERSISTENCE_EXHAUSTION,Sell_Imbalance_Count_AtEntry,FLOW_BURST_QUALITY,-0.35532449410641037,-0.2807502567091328,0.35532449410641037,0
TicksPerSecond,TIME_REGIME,Sell_Imbalance_Count_AtEntry,FLOW_BURST_QUALITY,-0.35532449410641037,-0.2807502567091328,0.35532449410641037,0
PreBurst_Price_Per_Volume_3s,EFFORT_VS_RESULT,Body_AtEntry,OTHER_CAUSAL_CONTEXT,0.3552096047757097,0.48985322220466915,0.3552096047757097,0
OR_WidthTicks,AUCTION_THEORY,signed_velocity_1s,PERSISTENCE_EXHAUSTION,0.3549358134805124,0.46703789512357696,0.3549358134805124,0
range,OTHER_CAUSAL_CONTEXT,signed_velocity_1s,PERSISTENCE_EXHAUSTION,0.3549358134805124,0.4670378951235771,0.3549358134805124,0
Prior_Closed_ATR3_Ticks_AtEntry,AUCTION_THEORY,burst_efficiency_score,EFFORT_VS_RESULT,0.3548338111819496,0.5515211465928838,0.3548338111819496,0
Prior_Closed_ATR3_Ticks_AtEntry,AUCTION_THEORY,liquidity_absorption_score,OTHER_CAUSAL_CONTEXT,-0.3544954759000956,-0.07510334715478423,0.3544954759000956,0
signed_velocity_3s,PERSISTENCE_EXHAUSTION,mean_trade_size,FLOW_BURST_QUALITY,-0.354018654775127,-0.24906771118795223,0.354018654775127,0
PeakNegativeDelta,FLOW_BURST_QUALITY,Previous_Delta_AtEntry,FLOW_BURST_QUALITY,0.3539712769723455,0.3111056884579096,0.3539712769723455,0
Velocity5s,PERSISTENCE_EXHAUSTION,Sell_Imbalance_Count_AtEntry,FLOW_BURST_QUALITY,-0.35390501573857197,-0.3067061981141111,0.35390501573857197,0
Acceleration3s,PERSISTENCE_EXHAUSTION,Sell_Imbalance_Count_AtEntry,FLOW_BURST_QUALITY,-0.3535647259521337,-0.2538458147534178,0.3535647259521337,0
Dist_OR_Low_Ticks,AUCTION_THEORY,Delta_Change_AtEntry,FLOW_BURST_QUALITY,0.35283155134727395,0.3735808145832183,0.35283155134727395,0
TradesPerSecond,TIME_REGIME,signed_velocity_1s,PERSISTENCE_EXHAUSTION,0.3527671359897403,0.4067014779422498,0.3527671359897403,0
Prior_Closed_ATR3_Ticks_AtEntry,AUCTION_THEORY,absorption_pressure_1s,EFFORT_VS_RESULT,-0.352453462894168,-0.08415135125357223,0.352453462894168,0
Profile_Concentration,AUCTION_THEORY,directional_poc_distance,AUCTION_THEORY,-0.35227882705379715,-0.294941776060968,0.35227882705379715,0
Velocity5s,PERSISTENCE_EXHAUSTION,Previous_Delta_AtEntry,FLOW_BURST_QUALITY,0.35217684163916824,0.3545678946639177,0.35217684163916824,0
signed_velocity_3s,PERSISTENCE_EXHAUSTION,flow_price_alignment,OTHER_CAUSAL_CONTEXT,0.35153020178036204,0.33580643042552094,0.35153020178036204,0
DeltaPercentile,FLOW_BURST_QUALITY,ContractsPerSecond,FLOW_BURST_QUALITY,0.35140311975846306,0.2660496036808238,0.35140311975846306,0
TradesPerSecond,TIME_REGIME,signed_acceleration_1s,PERSISTENCE_EXHAUSTION,0.3510235831190816,0.43135881997381864,0.3510235831190816,0
Profile_Local_Maxima_Count,AUCTION_THEORY,signed_velocity_decay_1_5,PERSISTENCE_EXHAUSTION,-0.35097582720525283,-0.5353785009929868,0.35097582720525283,0
BreakOut_TICKS_PER_SEC_AtEntry,OTHER_CAUSAL_CONTEXT,liquidity_absorption_score,OTHER_CAUSAL_CONTEXT,-0.3503881878254645,-0.15451827907341265,0.3503881878254645,0
signed_velocity_1s,PERSISTENCE_EXHAUSTION,velocity_consistency,PERSISTENCE_EXHAUSTION,0.3503292812051351,0.30293850734164435,0.3503292812051351,0
TradesPerSecond,TIME_REGIME,signed_velocity_decay_1_5,PERSISTENCE_EXHAUSTION,-0.3495233511694248,-0.4334750740553248,0.3495233511694248,0
Dist_VWAP_Ticks,AUCTION_THEORY,Sell_Imbalance_Count_AtEntry,FLOW_BURST_QUALITY,-0.34949760763421434,-0.37903959602126874,0.34949760763421434,0
Prior_Closed_ATR3_Ticks_AtEntry,AUCTION_THEORY,signed_velocity_3s,PERSISTENCE_EXHAUSTION,0.3492428972030323,0.4960134834593518,0.3492428972030323,0
Dist_HVN_Ticks,AUCTION_THEORY,Buy_Imbalance_Count_AtEntry,FLOW_BURST_QUALITY,0.34821828273116223,0.20950674678361533,0.34821828273116223,0
Dist_HVN_Ticks,AUCTION_THEORY,or_position_fraction,AUCTION_THEORY,0.3482076562692133,0.31116093863559396,0.3482076562692133,0
Delta5s,FLOW_BURST_QUALITY,Dist_HVN_Ticks,AUCTION_THEORY,0.3467277206289977,0.3921881359528501,0.3467277206289977,0
Body_OR_Ratio_AtEntry,AUCTION_THEORY,profile_confluence_4t,AUCTION_THEORY,-0.346041834052764,-0.2777500466372498,0.346041834052764,0
PreBurst_Price_Per_Delta_3s,EFFORT_VS_RESULT,velocity_consistency,PERSISTENCE_EXHAUSTION,0.34571208181677826,0.3233139721895432,0.34571208181677826,0
range,OTHER_CAUSAL_CONTEXT,Body_OR_Ratio_AtEntry,AUCTION_THEORY,-0.3447508489238717,-0.3002470767095781,0.3447508489238717,0
OR_WidthTicks,AUCTION_THEORY,Body_OR_Ratio_AtEntry,AUCTION_THEORY,-0.3447508489238717,-0.3002470767095782,0.3447508489238717,0
PeakPositiveDelta,FLOW_BURST_QUALITY,Previous_Delta_AtEntry,FLOW_BURST_QUALITY,0.3440043961999897,0.32748613336340526,0.3440043961999897,0
Velocity3s,PERSISTENCE_EXHAUSTION,Sell_Imbalance_Count_AtEntry,FLOW_BURST_QUALITY,-0.341735065433036,-0.32444934360773625,0.341735065433036,0
Delta_Change_AtEntry,FLOW_BURST_QUALITY,Sell_Imbalance_Count_AtEntry,FLOW_BURST_QUALITY,-0.34159242470498635,-0.35769896807691853,0.34159242470498635,0
CumulativeDeltaWindow,FLOW_BURST_QUALITY,Dist_HVN_Ticks,AUCTION_THEORY,0.3403235306204,0.3937272557638685,0.3403235306204,0
Delta3s,FLOW_BURST_QUALITY,Dist_HVN_Ticks,AUCTION_THEORY,0.3403235306204,0.3937272557638685,0.3403235306204,0
PreBurst_Price_Per_Delta_3s,EFFORT_VS_RESULT,Prior_Closed_ATR5_Ticks_AtEntry,AUCTION_THEORY,0.3402254571205254,0.4997420912738534,0.3402254571205254,0
Acceleration1s,PERSISTENCE_EXHAUSTION,Previous_Delta_AtEntry,FLOW_BURST_QUALITY,0.33989980243606543,0.37018588046845163,0.33989980243606543,0
signed_velocity_1s,PERSISTENCE_EXHAUSTION,mean_trade_size,FLOW_BURST_QUALITY,-0.3398301006707016,-0.27784635537787783,0.3398301006707016,0
PreBurst_Price_Per_Delta_3s,EFFORT_VS_RESULT,signed_delta_1s,FLOW_BURST_QUALITY,-0.33949078616704287,-0.266257984948331,0.33949078616704287,0
Previous_Volume_AtEntry,FLOW_BURST_QUALITY,Nearest_OR_Edge_Acceptance_Ratio3_AtEntry,ACCEPTANCE_RECLAIM,-0.33900974303471815,-0.3031614285020708,0.33900974303471815,0
Delta10s,FLOW_BURST_QUALITY,Dist_HVN_Ticks,AUCTION_THEORY,0.33863263163569757,0.385882993430862,0.33863263163569757,0
range,OTHER_CAUSAL_CONTEXT,signed_velocity_decay_1_5,PERSISTENCE_EXHAUSTION,-0.33778539148093556,-0.4464775127025762,0.33778539148093556,0
OR_WidthTicks,AUCTION_THEORY,signed_velocity_decay_1_5,PERSISTENCE_EXHAUSTION,-0.33778539148093556,-0.446477512702576,0.33778539148093556,0
Body_AtEntry,OTHER_CAUSAL_CONTEXT,profile_confluence_4t,AUCTION_THEORY,-0.337603639984958,-0.2629386087930064,0.337603639984958,0
Signed_Previous_Delta_Share_AtEntry,FLOW_BURST_QUALITY,PreEntry_Directional_Efficiency3_AtEntry,OTHER_CAUSAL_CONTEXT,0.33626147504237935,0.34405467823124164,0.33626147504237935,0
Dist_VAL_Ticks,AUCTION_THEORY,Dist_HVN_Ticks,AUCTION_THEORY,0.3357709907883551,0.258007068963956,0.3357709907883551,0
PreBurst_Price_Per_Volume_3s,EFFORT_VS_RESULT,Prior_Closed_ATR5_Ticks_AtEntry,AUCTION_THEORY,0.3346513877119095,0.48225488543447564,0.3346513877119095,0
PreBurst_Price_Per_Volume_3s,EFFORT_VS_RESULT,Sell_Imbalance_Count_AtEntry,FLOW_BURST_QUALITY,-0.33425339441133783,-0.31298910918012,0.33425339441133783,0
Dist_VWAP_Ticks,AUCTION_THEORY,Dist_HVN_Ticks,AUCTION_THEORY,0.33414522262262913,0.29470839600573157,0.33414522262262913,0
PreBurst_Price_Per_Delta_3s,EFFORT_VS_RESULT,Sell_Imbalance_Count_AtEntry,FLOW_BURST_QUALITY,-0.3336387039042117,-0.31494634384788545,0.3336387039042117,0
Dist_OR_High_Ticks,AUCTION_THEORY,Dist_HVN_Ticks,AUCTION_THEORY,0.3335187515595379,0.3020315224494625,0.3335187515595379,0
PreBurst_Price_Per_Volume_3s,EFFORT_VS_RESULT,flow_price_alignment,OTHER_CAUSAL_CONTEXT,0.33348529198068816,0.3031568006748042,0.33348529198068816,0
Prior_Closed_ATR3_Ticks_AtEntry,AUCTION_THEORY,price_impact_per_100_contracts,EFFORT_VS_RESULT,0.3328173094458061,0.49910292714440063,0.3328173094458061,0
PreEntry_Directional_Efficiency3_AtEntry,OTHER_CAUSAL_CONTEXT,directional_vwap_distance,AUCTION_THEORY,-0.33240783836927507,-0.4146952845986039,0.33240783836927507,0
PreBurst_Rotation_Index_10s,TEMPORAL_SEQUENCE,delta_persistence_1_3,PERSISTENCE_EXHAUSTION,-0.3319426406726931,-0.2574795057475895,0.3319426406726931,0
PeakNegativeDelta,FLOW_BURST_QUALITY,ContractsPerSecond,FLOW_BURST_QUALITY,-0.33180758987420533,-0.3994779081525577,0.33180758987420533,0
Profile_Concentration,AUCTION_THEORY,seconds_from_open,TIME_REGIME,-0.33161076701615266,-0.3274876662469026,0.33161076701615266,0
Profile_Concentration,AUCTION_THEORY,minute_from_open,TIME_REGIME,-0.33161076701615266,-0.3274876662469025,0.33161076701615266,0
Profile_Concentration,AUCTION_THEORY,Seconds_From_Open_AtEntry,TIME_REGIME,-0.33132411490217906,-0.3274638665148822,0.33132411490217906,0
Prior_Closed_ATR3_Ticks_AtEntry,AUCTION_THEORY,signed_velocity_1s,PERSISTENCE_EXHAUSTION,0.3313142103469671,0.46227412341179774,0.3313142103469671,0
DeltaChange1s,FLOW_BURST_QUALITY,Cumulative_Delta_AtEntry,FLOW_BURST_QUALITY,0.3311438881392492,0.30718079968060763,0.3311438881392492,0
Score_AtEntry,OTHER_CAUSAL_CONTEXT,absorption_pressure_1s,EFFORT_VS_RESULT,0.33055637675756705,-0.001669335614793105,0.33055637675756705,0
Score_AtEntry,OTHER_CAUSAL_CONTEXT,liquidity_absorption_score,OTHER_CAUSAL_CONTEXT,0.3303968729865533,-0.010091572497318863,0.3303968729865533,0
PreEntry_Directional_Delta_Share3_AtEntry,FLOW_BURST_QUALITY,Nearest_OR_Edge_Acceptance_Ratio3_AtEntry,ACCEPTANCE_RECLAIM,-0.32995187539481713,-0.31187085725047664,0.32995187539481713,0
Prior_Closed_ATR5_Ticks_AtEntry,AUCTION_THEORY,signed_velocity_3s,PERSISTENCE_EXHAUSTION,0.3291571801560977,0.4855963049060714,0.3291571801560977,0
PreBurst_Path_Efficiency_10s,TEMPORAL_SEQUENCE,profile_confluence_4t,AUCTION_THEORY,-0.3289346829112015,-0.27975928844083775,0.3289346829112015,0
BreakOut_TICKS_PER_SEC_AtEntry,OTHER_CAUSAL_CONTEXT,signed_acceleration_1s,PERSISTENCE_EXHAUSTION,0.32891720521200624,0.5810447272299867,0.32891720521200624,0
Score_AtEntry,OTHER_CAUSAL_CONTEXT,burst_efficiency_score,EFFORT_VS_RESULT,-0.32854705321507105,-0.2889549125315812,0.32854705321507105,0
PreBurst_Impulse_Decay_Slope_5s,PERSISTENCE_EXHAUSTION,Prior_Closed_ATR3_Ticks_AtEntry,AUCTION_THEORY,0.32832844906283215,0.44469276615108816,0.32832844906283215,0
signed_acceleration_1s,PERSISTENCE_EXHAUSTION,flow_price_alignment,OTHER_CAUSAL_CONTEXT,0.3283026909262286,0.23688828238164059,0.3283026909262286,0
PreBurst_Impulse_Decay_Slope_5s,PERSISTENCE_EXHAUSTION,Prior_Closed_ATR5_Ticks_AtEntry,AUCTION_THEORY,0.3276918206191315,0.47286963039336816,0.3276918206191315,0
signed_acceleration_1s,PERSISTENCE_EXHAUSTION,directional_poc_distance,AUCTION_THEORY,0.32692282367445324,0.39269739880055143,0.32692282367445324,0
Delta1s,FLOW_BURST_QUALITY,Cumulative_Delta_AtEntry,FLOW_BURST_QUALITY,0.32689909850886983,0.3002409202940404,0.32689909850886983,0
Signed_Delta_Share_AtEntry,FLOW_BURST_QUALITY,PreEntry_Directional_Efficiency3_AtEntry,OTHER_CAUSAL_CONTEXT,0.32632343755581716,0.31615705772866465,0.32632343755581716,0
Directional_OR_Extension_Ticks_AtEntry,AUCTION_THEORY,PreEntry_Directional_Efficiency3_AtEntry,OTHER_CAUSAL_CONTEXT,0.3258015167030086,0.3812520191775243,0.3258015167030086,0
Dist_HVN_Ticks,AUCTION_THEORY,Sell_Imbalance_Count_AtEntry,FLOW_BURST_QUALITY,-0.3254863377132903,-0.2816487412335193,0.3254863377132903,0
Sell_Imbalance_Count_AtEntry,FLOW_BURST_QUALITY,burst_efficiency_score,EFFORT_VS_RESULT,-0.32470165825102504,-0.31111020565822645,0.32470165825102504,0
PreBurst_Impulse_Decay_Slope_5s,PERSISTENCE_EXHAUSTION,flow_price_alignment,OTHER_CAUSAL_CONTEXT,0.3244157057431264,0.3522709352903995,0.3244157057431264,0
DeltaChangeZScore,FLOW_BURST_QUALITY,Previous_Delta_AtEntry,FLOW_BURST_QUALITY,0.32413832964267897,0.32212752271580497,0.32413832964267897,0
Profile_Excess_Kurtosis,AUCTION_THEORY,profile_confluence_4t,AUCTION_THEORY,-0.3239535006481993,-0.28070009198657675,0.3239535006481993,0
Prior_Closed_ATR5_Ticks_AtEntry,AUCTION_THEORY,liquidity_absorption_score,OTHER_CAUSAL_CONTEXT,-0.32378313685989984,-0.08598772214714771,0.32378313685989984,0
Sell_Imbalance_Count_AtEntry,FLOW_BURST_QUALITY,absorption_pressure_1s,EFFORT_VS_RESULT,0.3231672518406023,0.22944760219918708,0.3231672518406023,0
PreBurst_Price_Per_Delta_3s,EFFORT_VS_RESULT,Profile_Effective_Nodes,AUCTION_THEORY,0.32283481422054094,0.4101167330674993,0.32283481422054094,0
Buy_Imbalance_Count_AtEntry,FLOW_BURST_QUALITY,Sell_Imbalance_Count_AtEntry,FLOW_BURST_QUALITY,-0.32282722695005167,-0.27625298050571473,0.32282722695005167,0
PreEntry_Directional_Efficiency3_AtEntry,OTHER_CAUSAL_CONTEXT,directional_poc_distance,AUCTION_THEORY,-0.32131053959138317,-0.36957117932145345,0.32131053959138317,0
PreBurst_Impulse_Decay_Slope_5s,PERSISTENCE_EXHAUSTION,delta_persistence_3_5,PERSISTENCE_EXHAUSTION,-0.3201713384830074,-0.32494646677316863,0.3201713384830074,0
Prior_Closed_ATR3_Ticks_AtEntry,AUCTION_THEORY,PreEntry_Volume_Climax_Ratio_AtEntry,FLOW_BURST_QUALITY,0.3200892807205579,0.20992882398470863,0.3200892807205579,0
Profile_Effective_Nodes,AUCTION_THEORY,signed_velocity_1s,PERSISTENCE_EXHAUSTION,0.3200576317332048,0.48448023919451744,0.3200576317332048,0
Sell_Imbalance_Count_AtEntry,FLOW_BURST_QUALITY,price_impact_per_100_contracts,EFFORT_VS_RESULT,-0.3200507133910381,-0.301204095997373,0.3200507133910381,0
Body_OR_Ratio_AtEntry,AUCTION_THEORY,PreEntry_Range_Compression3_AtEntry,OTHER_CAUSAL_CONTEXT,0.31979744716083147,0.32688538583448534,0.31979744716083147,0
Body_OR_Ratio_AtEntry,AUCTION_THEORY,directional_poc_distance,AUCTION_THEORY,0.319648633296345,0.1874778444085537,0.319648633296345,0
PreBurst_Price_Per_Volume_3s,EFFORT_VS_RESULT,signed_delta_1s,FLOW_BURST_QUALITY,-0.31852735241304897,-0.2542585713027438,0.31852735241304897,0
Prior_Closed_ATR5_Ticks_AtEntry,AUCTION_THEORY,signed_velocity_1s,PERSISTENCE_EXHAUSTION,0.3170621383682929,0.47035721772144756,0.3170621383682929,0
PreBurst_Path_Efficiency_10s,TEMPORAL_SEQUENCE,flow_price_alignment,OTHER_CAUSAL_CONTEXT,0.3164120180140153,0.38074776985477615,0.3164120180140153,0
PreEntry_Range_Compression3_AtEntry,OTHER_CAUSAL_CONTEXT,Nearest_OR_Edge_Retest_Count_AtEntry,ACCEPTANCE_RECLAIM,0.3163489485604257,0.26809662259154565,0.3163489485604257,0
signed_acceleration_1s,PERSISTENCE_EXHAUSTION,mean_trade_size,FLOW_BURST_QUALITY,-0.31625699549669817,-0.28614898714035375,0.31625699549669817,0
Score_AtEntry,OTHER_CAUSAL_CONTEXT,signed_acceleration_1s,PERSISTENCE_EXHAUSTION,-0.3160062683715225,-0.2755159483007953,0.3160062683715225,0
Prior_Closed_ATR5_Ticks_AtEntry,AUCTION_THEORY,burst_efficiency_score,EFFORT_VS_RESULT,0.31599303857758315,0.5022674733706293,0.31599303857758315,0
Dist_OR_Low_Ticks,AUCTION_THEORY,Dist_HVN_Ticks,AUCTION_THEORY,0.3159887479265027,0.23224155429155188,0.3159887479265027,0
Dist_HVN_Ticks,AUCTION_THEORY,Delta_Change_AtEntry,FLOW_BURST_QUALITY,0.31531653681796884,0.24043665929818278,0.31531653681796884,0
Profile_Effective_Nodes,AUCTION_THEORY,liquidity_absorption_score,OTHER_CAUSAL_CONTEXT,-0.3149227896933549,-0.03186262462795819,0.3149227896933549,0
Delta10s,FLOW_BURST_QUALITY,Previous_Delta_AtEntry,FLOW_BURST_QUALITY,0.3148641865389711,0.3560870721559221,0.3148641865389711,0
Delta10s,FLOW_BURST_QUALITY,Cumulative_Delta_AtEntry,FLOW_BURST_QUALITY,0.3147381321009864,0.3034598310188726,0.3147381321009864,0
PreBurst_Price_Per_Delta_3s,EFFORT_VS_RESULT,signed_delta_decay_1_5,PERSISTENCE_EXHAUSTION,0.3145899779638829,0.2376265736291301,0.3145899779638829,0
Prior_Closed_ATR5_Ticks_AtEntry,AUCTION_THEORY,absorption_pressure_1s,EFFORT_VS_RESULT,-0.3135670269061368,-0.09236487008685441,0.3135670269061368,0
Profile_Effective_Nodes,AUCTION_THEORY,signed_velocity_3s,PERSISTENCE_EXHAUSTION,0.3122327220242643,0.44316265942778044,0.3122327220242643,0
minute_from_open,TIME_REGIME,distance_nearest_or_edge_ticks,AUCTION_THEORY,0.31207221591869905,0.3601484806609466,0.31207221591869905,0
Nearest_OR_Edge_Distance_Ticks_AtEntry,AUCTION_THEORY,seconds_from_open,TIME_REGIME,0.31207221591869905,0.36014848066094685,0.31207221591869905,0
Nearest_OR_Edge_Distance_Ticks_AtEntry,AUCTION_THEORY,minute_from_open,TIME_REGIME,0.31207221591869905,0.3601484806609469,0.31207221591869905,0
seconds_from_open,TIME_REGIME,distance_nearest_or_edge_ticks,AUCTION_THEORY,0.31207221591869905,0.36014848066094696,0.31207221591869905,0
DeltaChange1s,FLOW_BURST_QUALITY,Previous_Delta_AtEntry,FLOW_BURST_QUALITY,0.31182604661601276,0.3292268008126979,0.31182604661601276,0
Profile_Std_Ticks,AUCTION_THEORY,signed_velocity_3s,PERSISTENCE_EXHAUSTION,0.311648750985253,0.42694013952577853,0.311648750985253,0
Seconds_From_Open_AtEntry,TIME_REGIME,distance_nearest_or_edge_ticks,AUCTION_THEORY,0.3116230320146257,0.36010687712333567,0.3116230320146257,0
Seconds_From_Open_AtEntry,TIME_REGIME,Nearest_OR_Edge_Distance_Ticks_AtEntry,AUCTION_THEORY,0.3116230320146257,0.3601068771233359,0.3116230320146257,0
Delta2s,FLOW_BURST_QUALITY,Cumulative_Delta_AtEntry,FLOW_BURST_QUALITY,0.3112802154517508,0.29116274437601286,0.3112802154517508,0
PreBurst_Price_Per_Delta_3s,EFFORT_VS_RESULT,Profile_Std_Ticks,AUCTION_THEORY,0.3109121382323933,0.39009765254491285,0.3109121382323933,0
Prior_Closed_ATR5_Ticks_AtEntry,AUCTION_THEORY,price_impact_per_100_contracts,EFFORT_VS_RESULT,0.3101366717774664,0.4529676449571004,0.3101366717774664,0
DeltaChangeZScore,FLOW_BURST_QUALITY,Cumulative_Delta_AtEntry,FLOW_BURST_QUALITY,0.30924269018365513,0.29722674750727685,0.30924269018365513,0
BreakOut_TICKS_PER_SEC_AtEntry,OTHER_CAUSAL_CONTEXT,burst_efficiency_score,EFFORT_VS_RESULT,0.3076895912964903,0.30989218157448334,0.3076895912964903,0
Profile_Effective_Nodes,AUCTION_THEORY,burst_efficiency_score,EFFORT_VS_RESULT,0.30754871959979274,0.4375499780588766,0.30754871959979274,0
PreBurst_Acceptance_Dwell_Ratio_5s,ACCEPTANCE_RECLAIM,Nearest_OR_Edge_Acceptance_Ratio3_AtEntry,ACCEPTANCE_RECLAIM,0.30702088121938775,0.23420472558541458,0.30702088121938775,0
PreBurst_Path_Efficiency_10s,TEMPORAL_SEQUENCE,Profile_Normalized_Entropy,AUCTION_THEORY,-0.30691961341955293,-0.31932579346931383,0.30691961341955293,0
Score_AtEntry,OTHER_CAUSAL_CONTEXT,price_impact_per_100_contracts,EFFORT_VS_RESULT,-0.3069040792718843,-0.2625631331426676,0.3069040792718843,0
BreakOut_TICKS_PER_SEC_AtEntry,OTHER_CAUSAL_CONTEXT,absorption_pressure_1s,EFFORT_VS_RESULT,-0.3065475233012963,-0.14523636602565246,0.3065475233012963,0
PeakNegativeDelta,FLOW_BURST_QUALITY,Cumulative_Delta_AtEntry,FLOW_BURST_QUALITY,0.3064974344356779,0.2579093720332398,0.3064974344356779,0
BuySellRatio,OTHER_CAUSAL_CONTEXT,Previous_Delta_AtEntry,FLOW_BURST_QUALITY,0.30563508262812933,0.27031989977077536,0.30563508262812933,0
Profile_Effective_Nodes,AUCTION_THEORY,absorption_pressure_1s,EFFORT_VS_RESULT,-0.3052445240114647,-0.03577313399809238,0.3052445240114647,0
PreBurst_Price_Per_Delta_3s,EFFORT_VS_RESULT,flow_price_alignment,OTHER_CAUSAL_CONTEXT,0.3039504849262256,0.2972559212672311,0.3039504849262256,0
PreBurst_Price_Per_Volume_3s,EFFORT_VS_RESULT,Profile_Effective_Nodes,AUCTION_THEORY,0.3033600719256154,0.4110815649571185,0.3033600719256154,0
Prior_Closed_ATR5_Ticks_AtEntry,AUCTION_THEORY,distance_nearest_or_edge_ticks,AUCTION_THEORY,0.30309458928618566,0.40050520153164676,0.30309458928618566,0
Nearest_OR_Edge_Distance_Ticks_AtEntry,AUCTION_THEORY,Prior_Closed_ATR5_Ticks_AtEntry,AUCTION_THEORY,0.30309458928618566,0.40050520153164715,0.30309458928618566,0
PreBurst_Path_Efficiency_10s,TEMPORAL_SEQUENCE,signed_velocity_3s,PERSISTENCE_EXHAUSTION,0.30273224277741045,0.2969936654382391,0.30273224277741045,0
PreBurst_Path_Efficiency_10s,TEMPORAL_SEQUENCE,PreBurst_Price_Per_Delta_3s,EFFORT_VS_RESULT,0.3024940274473653,0.29691136818349445,0.3024940274473653,0
Profile_Concentration,AUCTION_THEORY,liquidity_absorption_score,OTHER_CAUSAL_CONTEXT,0.3018895825035711,0.0009870758195307614,0.3018895825035711,0
PreBurst_Path_Efficiency_10s,TEMPORAL_SEQUENCE,directional_poc_distance,AUCTION_THEORY,0.30180411730375745,0.4457029977881868,0.30180411730375745,0
Dist_VAL_Ticks,AUCTION_THEORY,Profile_Skewness,AUCTION_THEORY,0.3011322293402138,0.30458026439342295,0.3011322293402138,0
PreBurst_Acceptance_Dwell_Ratio_5s,ACCEPTANCE_RECLAIM,Seconds_From_Open_AtEntry,TIME_REGIME,0.30080798151688654,0.23226934465910698,0.30080798151688654,0
Profile_Effective_Nodes,AUCTION_THEORY,minute_from_open,TIME_REGIME,0.30076295509987594,0.2986745616019269,0.30076295509987594,0
Profile_Effective_Nodes,AUCTION_THEORY,seconds_from_open,TIME_REGIME,0.30076295509987594,0.2986745616019274,0.30076295509987594,0
PreBurst_Acceptance_Dwell_Ratio_5s,ACCEPTANCE_RECLAIM,seconds_from_open,TIME_REGIME,0.3006852513498022,0.23226180768959007,0.3006852513498022,0
PreBurst_Acceptance_Dwell_Ratio_5s,ACCEPTANCE_RECLAIM,minute_from_open,TIME_REGIME,0.3006852513498022,0.2322618076895902,0.3006852513498022,0
PreBurst_Price_Per_Delta_3s,EFFORT_VS_RESULT,BreakOut_TICKS_PER_SEC_AtEntry,OTHER_CAUSAL_CONTEXT,0.3006019029023209,0.2122384407057442,0.3006019029023209,0
Profile_Effective_Nodes,AUCTION_THEORY,price_impact_per_100_contracts,EFFORT_VS_RESULT,0.3005619248714716,0.4171397163279644,0.3005619248714716,0
PreBurst_Acceptance_Dwell_Ratio_5s,ACCEPTANCE_RECLAIM,BreakOut_TICKS_PER_SEC_AtEntry,OTHER_CAUSAL_CONTEXT,0.30044927608642374,0.061769193969127736,0.30044927608642374,0
Sell_Imbalance_Count_AtEntry,FLOW_BURST_QUALITY,velocity_consistency,PERSISTENCE_EXHAUSTION,-0.2999412569867902,-0.2541653443755161,0.2999412569867902,0
Profile_Effective_Nodes,AUCTION_THEORY,Seconds_From_Open_AtEntry,TIME_REGIME,0.29992722291193974,0.29864113132510167,0.29992722291193974,0
Delta3s,FLOW_BURST_QUALITY,Previous_Delta_AtEntry,FLOW_BURST_QUALITY,0.29978583292171224,0.34599175988925707,0.29978583292171224,0
CumulativeDeltaWindow,FLOW_BURST_QUALITY,Previous_Delta_AtEntry,FLOW_BURST_QUALITY,0.29978583292171224,0.34599175988925707,0.29978583292171224,0
velocity_consistency,PERSISTENCE_EXHAUSTION,signed_velocity_decay_1_5,PERSISTENCE_EXHAUSTION,-0.2996694790019372,-0.27090377116577957,0.2996694790019372,0
Profile_Effective_Nodes,AUCTION_THEORY,Body_AtEntry,OTHER_CAUSAL_CONTEXT,0.2994879220459316,0.4028475941523914,0.2994879220459316,0
Sell_Imbalance_Count_AtEntry,FLOW_BURST_QUALITY,liquidity_absorption_score,OTHER_CAUSAL_CONTEXT,0.2991624321388189,0.2157921206458777,0.2991624321388189,0
Profile_Std_Ticks,AUCTION_THEORY,signed_velocity_1s,PERSISTENCE_EXHAUSTION,0.2986006144531763,0.46891655772276075,0.2986006144531763,0
ContractsPerSecond,FLOW_BURST_QUALITY,PreBurst_Price_Per_Volume_3s,EFFORT_VS_RESULT,-0.29834271338665447,-0.25201623836898757,0.29834271338665447,0
Profile_Effective_Nodes,AUCTION_THEORY,signed_velocity_decay_1_5,PERSISTENCE_EXHAUSTION,-0.2982043309810248,-0.47394301647879733,0.2982043309810248,0
Profile_Normalized_Entropy,AUCTION_THEORY,Body_OR_Ratio_AtEntry,AUCTION_THEORY,-0.29796446609331534,-0.2831653583518045,0.29796446609331534,0
price_impact_per_100_contracts,EFFORT_VS_RESULT,mean_trade_size,FLOW_BURST_QUALITY,-0.2977454497294243,-0.23563963648780525,0.2977454497294243,0
PreBurst_Price_Per_Volume_3s,EFFORT_VS_RESULT,PreBurst_Impulse_Survival_Seconds,AUCTION_THEORY,0.2977051818923906,0.28123868551050846,0.2977051818923906,0
Profile_Concentration,AUCTION_THEORY,burst_efficiency_score,EFFORT_VS_RESULT,-0.2959334947612845,-0.30886403064456097,0.2959334947612845,0
Acceleration1s,PERSISTENCE_EXHAUSTION,Sell_Imbalance_Count_AtEntry,FLOW_BURST_QUALITY,-0.29559850164094204,-0.2140322251124289,0.29559850164094204,0
TradesPerSecond,TIME_REGIME,BreakOut_TICKS_PER_SEC_AtEntry,OTHER_CAUSAL_CONTEXT,0.2953128563524379,0.5520088955502431,0.2953128563524379,0
PreBurst_Price_Per_Delta_3s,EFFORT_VS_RESULT,Profile_Concentration,AUCTION_THEORY,-0.29526924485332995,-0.2910627275174718,0.29526924485332995,0
Prior_Closed_ATR3_Ticks_AtEntry,AUCTION_THEORY,signed_velocity_decay_1_5,PERSISTENCE_EXHAUSTION,-0.2951273761893645,-0.4175083240791915,0.2951273761893645,0
PreBurst_Impulse_Decay_Slope_5s,PERSISTENCE_EXHAUSTION,Profile_Concentration,AUCTION_THEORY,-0.29511840144196305,-0.3054429812934607,0.29511840144196305,0
Delta5s,FLOW_BURST_QUALITY,Previous_Delta_AtEntry,FLOW_BURST_QUALITY,0.29430538939559314,0.34772016541481143,0.29430538939559314,0
Profile_Concentration,AUCTION_THEORY,price_impact_per_100_contracts,EFFORT_VS_RESULT,-0.2942726570675858,-0.2993303696495973,0.2942726570675858,0
Profile_Concentration,AUCTION_THEORY,absorption_pressure_1s,EFFORT_VS_RESULT,0.293786241960488,0.0036894600117163877,0.293786241960488,0
Sell_Imbalance_Count_AtEntry,FLOW_BURST_QUALITY,mean_trade_size,FLOW_BURST_QUALITY,0.29319276969066466,0.1566728035868644,0.29319276969066466,0
DeltaPercentile,FLOW_BURST_QUALITY,PreBurst_Price_Per_Delta_3s,EFFORT_VS_RESULT,-0.29310127781162354,-0.25694619203345814,0.29310127781162354,0
Directional_OR_Extension_Ticks_AtEntry,AUCTION_THEORY,signed_acceleration_1s,PERSISTENCE_EXHAUSTION,-0.29307755993280277,-0.419227413133114,0.29307755993280277,0
Profile_Std_Ticks,AUCTION_THEORY,liquidity_absorption_score,OTHER_CAUSAL_CONTEXT,-0.29255996408486584,-0.03306505909087734,0.29255996408486584,0
PreBurst_Price_Per_Volume_3s,EFFORT_VS_RESULT,mean_trade_size,FLOW_BURST_QUALITY,-0.2923263477523034,-0.18874137767417196,0.2923263477523034,0
Delta1s,FLOW_BURST_QUALITY,Previous_Delta_AtEntry,FLOW_BURST_QUALITY,0.29223718398730525,0.333764943873274,0.29223718398730525,0
flow_price_alignment,OTHER_CAUSAL_CONTEXT,acceleration_velocity_ratio,PERSISTENCE_EXHAUSTION,0.2920392098846721,0.5094952717015794,0.2920392098846721,0
PreBurst_Price_Per_Volume_3s,EFFORT_VS_RESULT,Profile_Concentration,AUCTION_THEORY,-0.29168356781298566,-0.3048020759741518,0.29168356781298566,0
PreBurst_Local_Entropy_10s,TEMPORAL_SEQUENCE,PreBurst_Impulse_Survival_Seconds,AUCTION_THEORY,-0.29036214726540455,-0.28824127086701423,0.29036214726540455,0
PreBurst_Path_Efficiency_10s,TEMPORAL_SEQUENCE,directional_vwap_distance,AUCTION_THEORY,0.29016911876591683,0.5127273381375889,0.29016911876591683,0
Volume_AtEntry,FLOW_BURST_QUALITY,Score_AtEntry,OTHER_CAUSAL_CONTEXT,0.28984881870931767,0.23937473936422785,0.28984881870931767,0
PreBurst_Price_Per_Volume_3s,EFFORT_VS_RESULT,Profile_Std_Ticks,AUCTION_THEORY,0.2896950302656652,0.383381354378487,0.2896950302656652,0
Profile_Normalized_Entropy,AUCTION_THEORY,Nearest_OR_Edge_Acceptance_Ratio3_AtEntry,ACCEPTANCE_RECLAIM,0.2895586264058956,0.30138875268082743,0.2895586264058956,0
Cumulative_Delta_AtEntry,FLOW_BURST_QUALITY,execution_side_sign,OTHER_CAUSAL_CONTEXT,-0.28861704522213605,-0.28079456574779454,0.28861704522213605,0
Profile_Concentration,AUCTION_THEORY,signed_velocity_1s,PERSISTENCE_EXHAUSTION,-0.28806331979254807,-0.32471631721028293,0.28806331979254807,0
Profile_Std_Ticks,AUCTION_THEORY,burst_efficiency_score,EFFORT_VS_RESULT,0.28795953373595407,0.41804437856761445,0.28795953373595407,0
Delta2s,FLOW_BURST_QUALITY,Previous_Delta_AtEntry,FLOW_BURST_QUALITY,0.2875140610110237,0.33403435439952545,0.2875140610110237,0
PreBurst_Rotation_Index_10s,TEMPORAL_SEQUENCE,PreBurst_Impulse_Survival_Seconds,AUCTION_THEORY,-0.28649115814096193,-0.3202931296687213,0.28649115814096193,0
Body_OR_Ratio_AtEntry,AUCTION_THEORY,directional_vwap_distance,AUCTION_THEORY,0.28632283659001084,0.2149553000028207,0.28632283659001084,0
Prior_Closed_ATR5_Ticks_AtEntry,AUCTION_THEORY,signed_velocity_decay_1_5,PERSISTENCE_EXHAUSTION,-0.2862188466744827,-0.4414052010755711,0.2862188466744827,0
Profile_Std_Ticks,AUCTION_THEORY,absorption_pressure_1s,EFFORT_VS_RESULT,-0.2859968363218734,-0.036974156127835715,0.2859968363218734,0
Velocity5s,PERSISTENCE_EXHAUSTION,Profile_Skewness,AUCTION_THEORY,0.2856386268687617,0.3083545699190793,0.2856386268687617,0
PreBurst_Path_Efficiency_10s,TEMPORAL_SEQUENCE,signed_delta_decay_1_5,PERSISTENCE_EXHAUSTION,0.285615207446119,0.19815394370833347,0.285615207446119,0
mean_trade_size,FLOW_BURST_QUALITY,weekday_index,TIME_REGIME,0.28558741242411256,0.18235151941388106,0.28558741242411256,0
Profile_Excess_Kurtosis,AUCTION_THEORY,Nearest_OR_Edge_Acceptance_Ratio3_AtEntry,ACCEPTANCE_RECLAIM,-0.2838893727947596,-0.28977993692597837,0.2838893727947596,0
Sell_Imbalance_Count_AtEntry,FLOW_BURST_QUALITY,signed_velocity_3s,PERSISTENCE_EXHAUSTION,-0.2832601623098841,-0.2724960003809782,0.2832601623098841,0
Score_AtEntry,OTHER_CAUSAL_CONTEXT,signed_velocity_1s,PERSISTENCE_EXHAUSTION,-0.2830157562260788,-0.23184873156915,0.2830157562260788,0
Delta_AtEntry,FLOW_BURST_QUALITY,Cumulative_Delta_AtEntry,FLOW_BURST_QUALITY,0.2829994820150604,0.27865223865097444,0.2829994820150604,0
Prior_Closed_ATR3_Ticks_AtEntry,AUCTION_THEORY,vwap_poc_spread_ticks,AUCTION_THEORY,0.2828654895489626,0.34692094818188146,0.2828654895489626,0
PeakNegativeDelta,FLOW_BURST_QUALITY,delta_persistence_1_3,PERSISTENCE_EXHAUSTION,0.28264011112183474,0.26566407773458295,0.28264011112183474,0
PreBurst_Local_Entropy_10s,TEMPORAL_SEQUENCE,Profile_Normalized_Entropy,AUCTION_THEORY,0.28261673624039496,0.2808908944214421,0.28261673624039496,0
Seconds_From_Open_AtEntry,TIME_REGIME,Prior_Closed_ATR3_Ticks_AtEntry,AUCTION_THEORY,0.2824137303502673,0.19093150249819138,0.2824137303502673,0
Prior_Closed_ATR3_Ticks_AtEntry,AUCTION_THEORY,minute_from_open,TIME_REGIME,0.2823806546671295,0.19092526734624338,0.2823806546671295,0
Prior_Closed_ATR3_Ticks_AtEntry,AUCTION_THEORY,seconds_from_open,TIME_REGIME,0.2823806546671295,0.19092526734624374,0.2823806546671295,0
Profile_Std_Ticks,AUCTION_THEORY,price_impact_per_100_contracts,EFFORT_VS_RESULT,0.281953141679103,0.39505703921259316,0.281953141679103,0
OR_WidthTicks,AUCTION_THEORY,vwap_poc_spread_ticks,AUCTION_THEORY,0.28106492163242003,0.36535565747939286,0.28106492163242003,0
range,OTHER_CAUSAL_CONTEXT,vwap_poc_spread_ticks,AUCTION_THEORY,0.28106492163242003,0.3653556574793928,0.28106492163242003,0
Profile_Concentration,AUCTION_THEORY,signed_velocity_3s,PERSISTENCE_EXHAUSTION,-0.28040953271017466,-0.30733486878285304,0.28040953271017466,0
PeakNegativeDelta,FLOW_BURST_QUALITY,PreBurst_Path_Efficiency_10s,TEMPORAL_SEQUENCE,0.28017549896646343,0.22516914278772196,0.28017549896646343,0
mean_trade_size,FLOW_BURST_QUALITY,signed_velocity_decay_1_5,PERSISTENCE_EXHAUSTION,0.27930717344799166,0.2392098062528643,0.27930717344799166,0
BreakOut_TICKS_PER_SEC_AtEntry,OTHER_CAUSAL_CONTEXT,mean_trade_size,FLOW_BURST_QUALITY,-0.27919436258716634,-0.17657563912497762,0.27919436258716634,0
Profile_Std_Ticks,AUCTION_THEORY,signed_velocity_decay_1_5,PERSISTENCE_EXHAUSTION,-0.27877214770975345,-0.46253726306231224,0.27877214770975345,0
DeltaPercentile,FLOW_BURST_QUALITY,Prior_Closed_ATR3_Ticks_AtEntry,AUCTION_THEORY,-0.27859667732593957,-0.20242506095968202,0.27859667732593957,0
Profile_Std_Ticks,AUCTION_THEORY,Body_AtEntry,OTHER_CAUSAL_CONTEXT,0.27796324101402664,0.3699364900737359,0.27796324101402664,0
Prior_Closed_ATR3_Ticks_AtEntry,AUCTION_THEORY,distance_nearest_or_edge_ticks,AUCTION_THEORY,0.27663719653316166,0.3485243536085098,0.27663719653316166,0
Nearest_OR_Edge_Distance_Ticks_AtEntry,AUCTION_THEORY,Prior_Closed_ATR3_Ticks_AtEntry,AUCTION_THEORY,0.27663719653316166,0.3485243536085099,0.27663719653316166,0
Profile_Local_Maxima_Count,AUCTION_THEORY,BreakOut_TICKS_PER_SEC_AtEntry,OTHER_CAUSAL_CONTEXT,0.27578036882261436,0.2641040087459359,0.27578036882261436,0
PreBurst_Price_Per_Volume_3s,EFFORT_VS_RESULT,signed_delta_decay_1_5,PERSISTENCE_EXHAUSTION,0.27497562454384333,0.2259392126612919,0.27497562454384333,0
DeltaChangeZScore,FLOW_BURST_QUALITY,Profile_Effective_Nodes,AUCTION_THEORY,-0.27430112590436234,-0.17466419475279943,0.27430112590436234,0
Directional_OR_Extension_Ticks_AtEntry,AUCTION_THEORY,Directional_VWAP_Distance_Ticks_AtEntry,AUCTION_THEORY,0.27308252876294803,0.2821969584754486,0.27308252876294803,0
Volume_AtEntry,FLOW_BURST_QUALITY,Nearest_OR_Edge_Acceptance_Ratio3_AtEntry,ACCEPTANCE_RECLAIM,-0.27301740294000676,-0.236215397751741,0.27301740294000676,0
PreEntry_Directional_Delta_Share3_AtEntry,FLOW_BURST_QUALITY,distance_nearest_or_edge_ticks,AUCTION_THEORY,-0.27174002853579965,-0.24751451137365918,0.27174002853579965,0
Nearest_OR_Edge_Distance_Ticks_AtEntry,AUCTION_THEORY,PreEntry_Directional_Delta_Share3_AtEntry,FLOW_BURST_QUALITY,-0.27174002853579965,-0.24751451137365912,0.27174002853579965,0
signed_delta_1s,FLOW_BURST_QUALITY,absorption_pressure_1s,EFFORT_VS_RESULT,0.2716277078128346,0.11423068294226058,0.2716277078128346,0
Dist_VAH_Ticks,AUCTION_THEORY,Nearest_OR_Edge_Retest_Count_AtEntry,ACCEPTANCE_RECLAIM,-0.27144618384818775,-0.25241573909989545,0.27144618384818775,0
Dist_POC_Ticks,AUCTION_THEORY,Nearest_OR_Edge_Retest_Count_AtEntry,ACCEPTANCE_RECLAIM,-0.27065594544891863,-0.27104065492237667,0.27065594544891863,0
signed_delta_1s,FLOW_BURST_QUALITY,burst_efficiency_score,EFFORT_VS_RESULT,-0.27055827574391006,-0.20763694936981353,0.27055827574391006,0
signed_velocity_1s,PERSISTENCE_EXHAUSTION,distance_nearest_or_edge_ticks,AUCTION_THEORY,0.2705189647457785,0.42889931969820283,0.2705189647457785,0
Nearest_OR_Edge_Distance_Ticks_AtEntry,AUCTION_THEORY,signed_velocity_1s,PERSISTENCE_EXHAUSTION,0.2705189647457785,0.428899319698203,0.2705189647457785,0
directional_vwap_distance,AUCTION_THEORY,profile_confluence_4t,AUCTION_THEORY,-0.2698900974610732,-0.2280512135432799,0.2698900974610732,0
DeltaPercentile,FLOW_BURST_QUALITY,PreBurst_Price_Per_Volume_3s,EFFORT_VS_RESULT,-0.26967487945056906,-0.23750639504379412,0.26967487945056906,0
mean_trade_size,FLOW_BURST_QUALITY,signed_delta_decay_1_5,PERSISTENCE_EXHAUSTION,-0.26948960984473247,-0.2056853607605855,0.26948960984473247,0
CumulativeDeltaWindow,FLOW_BURST_QUALITY,Cumulative_Delta_AtEntry,FLOW_BURST_QUALITY,0.26937406431624383,0.2820962463298671,0.26937406431624383,0
Delta3s,FLOW_BURST_QUALITY,Cumulative_Delta_AtEntry,FLOW_BURST_QUALITY,0.26937406431624383,0.2820962463298671,0.26937406431624383,0
DeltaPercentile,FLOW_BURST_QUALITY,TradesPerSecond,TIME_REGIME,0.26918226155217295,0.20361917289433856,0.26918226155217295,0
signed_velocity_3s,PERSISTENCE_EXHAUSTION,distance_nearest_or_edge_ticks,AUCTION_THEORY,0.26900422348503156,0.40952483432557274,0.26900422348503156,0
Nearest_OR_Edge_Distance_Ticks_AtEntry,AUCTION_THEORY,signed_velocity_3s,PERSISTENCE_EXHAUSTION,0.26900422348503156,0.40952483432557285,0.26900422348503156,0
PeakPositiveDelta,FLOW_BURST_QUALITY,Cumulative_Delta_AtEntry,FLOW_BURST_QUALITY,0.26834764234041275,0.31389400051585675,0.26834764234041275,0
PreBurst_Path_Efficiency_10s,TEMPORAL_SEQUENCE,Body_OR_Ratio_AtEntry,AUCTION_THEORY,0.26810425356283446,0.16967001007000135,0.26810425356283446,0
absorption_pressure_1s,EFFORT_VS_RESULT,signed_delta_decay_1_5,PERSISTENCE_EXHAUSTION,-0.2670742305732866,-0.09289845546860925,0.2670742305732866,0
PreBurst_Price_Per_Delta_3s,EFFORT_VS_RESULT,signed_delta_change_1s,FLOW_BURST_QUALITY,-0.2662856291723056,-0.22073685829186984,0.2662856291723056,0
signed_delta_1s,FLOW_BURST_QUALITY,price_impact_per_100_contracts,EFFORT_VS_RESULT,-0.26602847159145326,-0.2146419644184326,0.26602847159145326,0
burst_efficiency_score,EFFORT_VS_RESULT,signed_delta_decay_1_5,PERSISTENCE_EXHAUSTION,0.265982144942665,0.18775757978791371,0.265982144942665,0
BreakOut_TICKS_PER_SEC_AtEntry,OTHER_CAUSAL_CONTEXT,price_impact_per_100_contracts,EFFORT_VS_RESULT,0.26577351567495855,0.22166593492728404,0.26577351567495855,0
Profile_Concentration,AUCTION_THEORY,PreEntry_Volume_Climax_Ratio_AtEntry,FLOW_BURST_QUALITY,-0.26504434090212364,-0.28543021840684185,0.26504434090212364,0
delta_persistence_1_3,PERSISTENCE_EXHAUSTION,signed_velocity_decay_1_5,PERSISTENCE_EXHAUSTION,0.2648964898910406,0.2655472373820764,0.2648964898910406,0
Previous_Delta_AtEntry,FLOW_BURST_QUALITY,month_index,TIME_REGIME,-0.26454393412515675,-0.26542054681109867,0.26454393412515675,0
Profile_Effective_Nodes,AUCTION_THEORY,Buy_Imbalance_Count_AtEntry,FLOW_BURST_QUALITY,-0.2640746827888907,-0.1724110158843358,0.2640746827888907,0
Profile_Local_Maxima_Count,AUCTION_THEORY,signed_acceleration_1s,PERSISTENCE_EXHAUSTION,0.2631703356551811,0.4337974948037862,0.2631703356551811,0
PreBurst_Local_Entropy_10s,TEMPORAL_SEQUENCE,delta_persistence_1_3,PERSISTENCE_EXHAUSTION,-0.26309700090301147,-0.21723842259626333,0.26309700090301147,0
PreBurst_Path_Efficiency_10s,TEMPORAL_SEQUENCE,Sell_Imbalance_Count_AtEntry,FLOW_BURST_QUALITY,-0.26307940844289246,-0.2393350737602123,0.26307940844289246,0
velocity_consistency,PERSISTENCE_EXHAUSTION,directional_poc_distance,AUCTION_THEORY,0.26201590703577227,0.32881932661885693,0.26201590703577227,0
signed_delta_change_1s,FLOW_BURST_QUALITY,acceleration_velocity_ratio,PERSISTENCE_EXHAUSTION,0.26172013618020723,0.14702172893543375,0.26172013618020723,0
Prior_Closed_ATR3_Ticks_AtEntry,AUCTION_THEORY,signed_acceleration_1s,PERSISTENCE_EXHAUSTION,0.26101698940448037,0.35441789325761935,0.26101698940448037,0
PreBurst_Price_Per_Delta_3s,EFFORT_VS_RESULT,PreBurst_Impulse_Survival_Seconds,AUCTION_THEORY,0.26085423598505025,0.22110141214110252,0.26085423598505025,0
Dist_OR_Low_Ticks,AUCTION_THEORY,PreBurst_Acceptance_Dwell_Ratio_5s,ACCEPTANCE_RECLAIM,-0.2601932228573424,-0.21651584205937674,0.2601932228573424,0
delta_persistence_1_3,PERSISTENCE_EXHAUSTION,acceleration_velocity_ratio,PERSISTENCE_EXHAUSTION,-0.2600653599767204,-0.11599678290660148,0.2600653599767204,0
Acceleration3s,PERSISTENCE_EXHAUSTION,Cumulative_Delta_AtEntry,FLOW_BURST_QUALITY,0.25917856910716436,0.25427172653370345,0.25917856910716436,0
Dist_VAH_Ticks,AUCTION_THEORY,Profile_Effective_Nodes,AUCTION_THEORY,-0.258891891618725,-0.24767108834923282,0.258891891618725,0
OR_WidthTicks,AUCTION_THEORY,signed_acceleration_1s,PERSISTENCE_EXHAUSTION,0.2585767198281695,0.36262831215623126,0.2585767198281695,0
range,OTHER_CAUSAL_CONTEXT,signed_acceleration_1s,PERSISTENCE_EXHAUSTION,0.2585767198281695,0.3626283121562313,0.2585767198281695,0
BreakOut_TICKS_PER_SEC_AtEntry,OTHER_CAUSAL_CONTEXT,Signed_Previous_Delta_Share_AtEntry,FLOW_BURST_QUALITY,-0.25825742010389835,-0.12781881106077098,0.25825742010389835,0
PreBurst_Price_Per_Volume_3s,EFFORT_VS_RESULT,BreakOut_TICKS_PER_SEC_AtEntry,OTHER_CAUSAL_CONTEXT,0.25802550037649497,0.1458891420817785,0.25802550037649497,0
Score_AtEntry,OTHER_CAUSAL_CONTEXT,signed_velocity_decay_1_5,PERSISTENCE_EXHAUSTION,0.2579023382308429,0.21130084352599512,0.2579023382308429,0
PreBurst_Path_Efficiency_10s,TEMPORAL_SEQUENCE,mean_trade_size,FLOW_BURST_QUALITY,-0.2575618976855384,-0.33761951708470467,0.2575618976855384,0
Velocity3s,PERSISTENCE_EXHAUSTION,Cumulative_Delta_AtEntry,FLOW_BURST_QUALITY,0.25721490807107555,0.2484293549194301,0.25721490807107555,0
Profile_Skewness,AUCTION_THEORY,or_position_fraction,AUCTION_THEORY,0.256806639978724,0.2304612801015221,0.256806639978724,0
Nearest_OR_Edge_Distance_Ticks_AtEntry,AUCTION_THEORY,liquidity_absorption_score,OTHER_CAUSAL_CONTEXT,-0.2567602112806179,-0.058156772520589484,0.2567602112806179,0
liquidity_absorption_score,OTHER_CAUSAL_CONTEXT,distance_nearest_or_edge_ticks,AUCTION_THEORY,-0.2567602112806179,-0.05815677252058942,0.2567602112806179,0
Dist_OR_Low_Ticks,AUCTION_THEORY,Nearest_OR_Edge_Retest_Count_AtEntry,ACCEPTANCE_RECLAIM,-0.2561192632676707,-0.22379335008929113,0.2561192632676707,0
PreBurst_Impulse_Survival_Seconds,AUCTION_THEORY,delta_persistence_1_3,PERSISTENCE_EXHAUSTION,0.255124653820958,0.18285268389224815,0.255124653820958,0
Profile_Concentration,AUCTION_THEORY,signed_velocity_decay_1_5,PERSISTENCE_EXHAUSTION,0.2548717618035755,0.30589128226404094,0.2548717618035755,0
Previous_Delta_AtEntry,FLOW_BURST_QUALITY,Sell_Imbalance_Count_AtEntry,FLOW_BURST_QUALITY,-0.25484319773052216,-0.2055325819489062,0.25484319773052216,0
TradesPerSecond,TIME_REGIME,signed_velocity_3s,PERSISTENCE_EXHAUSTION,0.2547653195130304,0.2725681580164054,0.2547653195130304,0
Dist_VWAP_Ticks,AUCTION_THEORY,Nearest_OR_Edge_Retest_Count_AtEntry,ACCEPTANCE_RECLAIM,-0.25451538054647227,-0.24023865065827704,0.25451538054647227,0
TradesPerSecond,TIME_REGIME,delta_persistence_1_3,PERSISTENCE_EXHAUSTION,-0.25447792758347054,-0.25491040264947384,0.25447792758347054,0
signed_delta_change_1s,FLOW_BURST_QUALITY,signed_acceleration_1s,PERSISTENCE_EXHAUSTION,0.25435552101421255,0.33331783766445455,0.25435552101421255,0
OR_WidthTicks,AUCTION_THEORY,Buy_Imbalance_Count_AtEntry,FLOW_BURST_QUALITY,-0.2543267478537016,-0.18850648776106577,0.2543267478537016,0
range,OTHER_CAUSAL_CONTEXT,Buy_Imbalance_Count_AtEntry,FLOW_BURST_QUALITY,-0.2543267478537016,-0.18850648776106566,0.2543267478537016,0
signed_acceleration_1s,PERSISTENCE_EXHAUSTION,velocity_consistency,PERSISTENCE_EXHAUSTION,0.254243204662263,0.21450859633945965,0.254243204662263,0
PeakNegativeDelta,FLOW_BURST_QUALITY,TradesPerSecond,TIME_REGIME,-0.2539394550061755,-0.287424525446709,0.2539394550061755,0
Profile_Local_Maxima_Count,AUCTION_THEORY,minute_from_open,TIME_REGIME,0.25374379732909014,0.28125257993977987,0.25374379732909014,0
Profile_Local_Maxima_Count,AUCTION_THEORY,seconds_from_open,TIME_REGIME,0.25374379732909014,0.28125257993978003,0.25374379732909014,0
Prior_Closed_ATR5_Ticks_AtEntry,AUCTION_THEORY,vwap_poc_spread_ticks,AUCTION_THEORY,0.2530729104892318,0.328338777853744,0.2530729104892318,0
Profile_Local_Maxima_Count,AUCTION_THEORY,Seconds_From_Open_AtEntry,TIME_REGIME,0.25292136123043446,0.2812249988534786,0.25292136123043446,0
PreEntry_Directional_Delta_Share3_AtEntry,FLOW_BURST_QUALITY,seconds_from_open,TIME_REGIME,-0.2529037436788484,-0.10493634394457717,0.2529037436788484,0
PreEntry_Directional_Delta_Share3_AtEntry,FLOW_BURST_QUALITY,minute_from_open,TIME_REGIME,-0.2529037436788484,-0.10493634394457704,0.2529037436788484,0
Seconds_From_Open_AtEntry,TIME_REGIME,PreEntry_Directional_Delta_Share3_AtEntry,FLOW_BURST_QUALITY,-0.2525222464295816,-0.10494568411917536,0.2525222464295816,0
PreBurst_Reclaim_Count_10s,ACCEPTANCE_RECLAIM,Nearest_OR_Edge_Acceptance_Ratio3_AtEntry,ACCEPTANCE_RECLAIM,-0.2524156258504417,-0.2447510070437696,0.2524156258504417,0
Delta5s,FLOW_BURST_QUALITY,Cumulative_Delta_AtEntry,FLOW_BURST_QUALITY,0.25189707330689565,0.27394781228256965,0.25189707330689565,0
flow_price_alignment,OTHER_CAUSAL_CONTEXT,directional_poc_distance,AUCTION_THEORY,0.25185071904844286,0.2776747298118204,0.25185071904844286,0
PreBurst_Price_Per_Volume_3s,EFFORT_VS_RESULT,signed_delta_change_1s,FLOW_BURST_QUALITY,-0.25173527355926595,-0.22938331737026071,0.25173527355926595,0
PreBurst_Path_Efficiency_10s,TEMPORAL_SEQUENCE,PreBurst_Impulse_Survival_Seconds,AUCTION_THEORY,0.2513947575469774,0.30332099165811177,0.2513947575469774,0
Directional_OR_Extension_Ticks_AtEntry,AUCTION_THEORY,PreEntry_Range_Compression3_AtEntry,OTHER_CAUSAL_CONTEXT,0.2511027371891535,0.2309053822977506,0.2511027371891535,0
Seconds_From_Open_AtEntry,TIME_REGIME,PreEntry_Range_Compression3_AtEntry,OTHER_CAUSAL_CONTEXT,0.25006450871356123,0.21002933713273877,0.25006450871356123,0
PreBurst_Acceptance_Dwell_Ratio_5s,ACCEPTANCE_RECLAIM,Signed_Previous_Delta_Share_AtEntry,FLOW_BURST_QUALITY,-0.24968842515373685,-0.21860328379688077,0.24968842515373685,0
ContractsPerSecond,FLOW_BURST_QUALITY,price_impact_per_100_contracts,EFFORT_VS_RESULT,-0.2495533769654591,-0.20767575325848575,0.2495533769654591,0
PreBurst_Path_Efficiency_10s,TEMPORAL_SEQUENCE,delta_persistence_1_3,PERSISTENCE_EXHAUSTION,0.2495084625492152,0.180845526328456,0.2495084625492152,0
PreBurst_Impulse_Survival_Seconds,AUCTION_THEORY,directional_vwap_distance,AUCTION_THEORY,0.24929132193208942,0.22829929826967238,0.24929132193208942,0
Dist_VAH_Ticks,AUCTION_THEORY,Profile_Std_Ticks,AUCTION_THEORY,-0.24908985843148634,-0.2368345497318109,0.24908985843148634,0
mean_trade_size,FLOW_BURST_QUALITY,month_index,TIME_REGIME,0.24842278040002244,0.18367093079734376,0.24842278040002244,0
PreBurst_Path_Efficiency_10s,TEMPORAL_SEQUENCE,PreBurst_Price_Per_Volume_3s,EFFORT_VS_RESULT,0.24824173136932384,0.24451106147727672,0.24824173136932384,0
PreEntry_Range_Compression3_AtEntry,OTHER_CAUSAL_CONTEXT,seconds_from_open,TIME_REGIME,0.24803135186070457,0.20998587188762263,0.24803135186070457,0
PreEntry_Range_Compression3_AtEntry,OTHER_CAUSAL_CONTEXT,minute_from_open,TIME_REGIME,0.24803135186070457,0.2099858718876229,0.24803135186070457,0
Directional_VWAP_Distance_Ticks_AtEntry,AUCTION_THEORY,directional_vwap_distance,AUCTION_THEORY,-0.24739928935314012,-0.25586025724665823,0.24739928935314012,0
velocity_consistency,PERSISTENCE_EXHAUSTION,directional_vwap_distance,AUCTION_THEORY,0.24706517202869205,0.323402736032148,0.24706517202869205,0
Profile_Std_Ticks,AUCTION_THEORY,seconds_from_open,TIME_REGIME,0.2468167468909812,0.23794759249792255,0.2468167468909812,0
Profile_Std_Ticks,AUCTION_THEORY,minute_from_open,TIME_REGIME,0.2468167468909812,0.2379475924979222,0.2468167468909812,0
Body_AtEntry,OTHER_CAUSAL_CONTEXT,Prior_Closed_ATR3_Ticks_AtEntry,AUCTION_THEORY,0.24664425364258305,0.38367342728399867,0.24664425364258305,0
PreBurst_Local_Entropy_10s,TEMPORAL_SEQUENCE,signed_delta_decay_1_5,PERSISTENCE_EXHAUSTION,-0.24661060577439783,-0.16745379388544063,0.24661060577439783,0
DeltaChangeZScore,FLOW_BURST_QUALITY,Profile_Std_Ticks,AUCTION_THEORY,-0.2466030223896571,-0.151208392237628,0.2466030223896571,0
Profile_Std_Ticks,AUCTION_THEORY,Seconds_From_Open_AtEntry,TIME_REGIME,0.24610214478359518,0.23791184502779797,0.24610214478359518,0
Prior_Closed_ATR5_Ticks_AtEntry,AUCTION_THEORY,signed_acceleration_1s,PERSISTENCE_EXHAUSTION,0.24590416564243475,0.36785430616948933,0.24590416564243475,0
Profile_Excess_Kurtosis,AUCTION_THEORY,Body_OR_Ratio_AtEntry,AUCTION_THEORY,0.24589837034564452,0.27203362047899454,0.24589837034564452,0
PeakPositiveDelta,FLOW_BURST_QUALITY,signed_delta_decay_1_5,PERSISTENCE_EXHAUSTION,-0.24587698663807633,-0.2722034457217057,0.24587698663807633,0
DeltaChangeZScore,FLOW_BURST_QUALITY,Profile_Local_Maxima_Count,AUCTION_THEORY,-0.24574656154838403,-0.14818354092331854,0.24574656154838403,0
Profile_Effective_Nodes,AUCTION_THEORY,Profile_Position_Percentile,AUCTION_THEORY,-0.24498421656446343,-0.06008818306493404,0.24498421656446343,0
price_impact_per_100_contracts,EFFORT_VS_RESULT,signed_delta_decay_1_5,PERSISTENCE_EXHAUSTION,0.2447617196746837,0.19280621004463547,0.2447617196746837,0
PreBurst_Acceptance_Dwell_Ratio_5s,ACCEPTANCE_RECLAIM,Score_AtEntry,OTHER_CAUSAL_CONTEXT,0.24446001518688668,0.2925089144791209,0.24446001518688668,0
PreBurst_Local_Entropy_10s,TEMPORAL_SEQUENCE,velocity_consistency,PERSISTENCE_EXHAUSTION,-0.2439687585354389,-0.15643794764351418,0.2439687585354389,0
DeltaPercentile,FLOW_BURST_QUALITY,Profile_Concentration,AUCTION_THEORY,0.2436885545285803,0.12985150909998028,0.2436885545285803,0
PreBurst_Impulse_Survival_Seconds,AUCTION_THEORY,signed_acceleration_1s,PERSISTENCE_EXHAUSTION,-0.24317489428592393,-0.21271017671966194,0.24317489428592393,0
Profile_Std_Ticks,AUCTION_THEORY,Buy_Imbalance_Count_AtEntry,FLOW_BURST_QUALITY,-0.24269865875642602,-0.15228408972827223,0.24269865875642602,0
PreBurst_Impulse_Survival_Seconds,AUCTION_THEORY,directional_poc_distance,AUCTION_THEORY,0.24201540882106573,0.2309437558868437,0.24201540882106573,0
Profile_Position_Percentile,AUCTION_THEORY,range,OTHER_CAUSAL_CONTEXT,-0.2419741826148208,-0.021005712967414436,0.2419741826148208,0
OR_WidthTicks,AUCTION_THEORY,Profile_Position_Percentile,AUCTION_THEORY,-0.2419741826148208,-0.021005712967414342,0.2419741826148208,0
PreEntry_Directional_Delta_Share3_AtEntry,FLOW_BURST_QUALITY,Nearest_OR_Edge_Retest_Count_AtEntry,ACCEPTANCE_RECLAIM,-0.24150473763287827,-0.1137718923616251,0.24150473763287827,0
Nearest_OR_Edge_Distance_Ticks_AtEntry,AUCTION_THEORY,vwap_poc_spread_ticks,AUCTION_THEORY,0.2414849029230524,0.31713179666286895,0.2414849029230524,0
distance_nearest_or_edge_ticks,AUCTION_THEORY,vwap_poc_spread_ticks,AUCTION_THEORY,0.2414849029230524,0.31713179666286895,0.2414849029230524,0
BreakOut_TICKS_PER_SEC_AtEntry,OTHER_CAUSAL_CONTEXT,PreEntry_Directional_Delta_Share3_AtEntry,FLOW_BURST_QUALITY,-0.24139490333587563,-0.02758792281139016,0.24139490333587563,0
Profile_Concentration,AUCTION_THEORY,Body_AtEntry,OTHER_CAUSAL_CONTEXT,-0.24128989191876163,-0.2913175931391418,0.24128989191876163,0
DeltaPercentile,FLOW_BURST_QUALITY,OR_WidthTicks,AUCTION_THEORY,-0.24101150089887743,-0.19755058356696148,0.24101150089887743,0
DeltaPercentile,FLOW_BURST_QUALITY,range,OTHER_CAUSAL_CONTEXT,-0.24101150089887743,-0.1975505835669613,0.24101150089887743,0
signed_velocity_3s,PERSISTENCE_EXHAUSTION,profile_confluence_4t,AUCTION_THEORY,-0.24077027697537354,-0.19884073431493457,0.24077027697537354,0
signed_acceleration_1s,PERSISTENCE_EXHAUSTION,month_index,TIME_REGIME,-0.24043863169229773,-0.2185741662702814,0.24043863169229773,0
PreBurst_Reclaim_Count_10s,ACCEPTANCE_RECLAIM,Nearest_OR_Edge_Distance_Ticks_AtEntry,AUCTION_THEORY,-0.24027257119937578,-0.22121679545571096,0.24027257119937578,0
PreBurst_Reclaim_Count_10s,ACCEPTANCE_RECLAIM,distance_nearest_or_edge_ticks,AUCTION_THEORY,-0.24027257119937578,-0.22121679545571088,0.24027257119937578,0
Profile_Position_Percentile,AUCTION_THEORY,Cumulative_Delta_AtEntry,FLOW_BURST_QUALITY,0.23978929616282352,0.2338207041436024,0.23978929616282352,0
Profile_Effective_Nodes,AUCTION_THEORY,PreEntry_Volume_Climax_Ratio_AtEntry,FLOW_BURST_QUALITY,0.23970125713713333,0.21277959265248475,0.23970125713713333,0
burst_efficiency_score,EFFORT_VS_RESULT,distance_nearest_or_edge_ticks,AUCTION_THEORY,0.23961001599755477,0.3499300155017049,0.23961001599755477,0
Nearest_OR_Edge_Distance_Ticks_AtEntry,AUCTION_THEORY,burst_efficiency_score,EFFORT_VS_RESULT,0.23961001599755477,0.349930015501705,0.23961001599755477,0
Volume_AtEntry,FLOW_BURST_QUALITY,Buy_Imbalance_Count_AtEntry,FLOW_BURST_QUALITY,0.23921453510418997,0.3149499672059465,0.23921453510418997,0
PreBurst_Path_Efficiency_10s,TEMPORAL_SEQUENCE,burst_efficiency_score,EFFORT_VS_RESULT,0.23909455421051684,0.23416325156701975,0.23909455421051684,0
Nearest_OR_Edge_Distance_Ticks_AtEntry,AUCTION_THEORY,absorption_pressure_1s,EFFORT_VS_RESULT,-0.23906083281606,-0.05893080985765896,0.23906083281606,0
absorption_pressure_1s,EFFORT_VS_RESULT,distance_nearest_or_edge_ticks,AUCTION_THEORY,-0.23906083281606,-0.05893080985765889,0.23906083281606,0
PreBurst_Path_Efficiency_10s,TEMPORAL_SEQUENCE,absorption_pressure_1s,EFFORT_VS_RESULT,-0.23884592607562777,-0.42857727808016377,0.23884592607562777,0
DeltaChangeZScore,FLOW_BURST_QUALITY,Profile_Concentration,AUCTION_THEORY,0.23825506228862536,0.23477159020149715,0.23825506228862536,0
DeltaPercentile,FLOW_BURST_QUALITY,Prior_Closed_ATR5_Ticks_AtEntry,AUCTION_THEORY,-0.23784122528585247,-0.14714311202445507,0.23784122528585247,0
distance_nearest_or_edge_ticks,AUCTION_THEORY,signed_velocity_decay_1_5,PERSISTENCE_EXHAUSTION,-0.23752537405408794,-0.4018209249385832,0.23752537405408794,0
Nearest_OR_Edge_Distance_Ticks_AtEntry,AUCTION_THEORY,signed_velocity_decay_1_5,PERSISTENCE_EXHAUSTION,-0.23752537405408794,-0.4018209249385832,0.23752537405408794,0
Profile_Normalized_Entropy,AUCTION_THEORY,profile_confluence_4t,AUCTION_THEORY,0.23714766822083388,0.2276295183748233,0.23714766822083388,0
signed_acceleration_1s,PERSISTENCE_EXHAUSTION,delta_persistence_1_3,PERSISTENCE_EXHAUSTION,-0.23702213603233183,-0.22251637160978893,0.23702213603233183,0
PreBurst_Acceptance_Dwell_Ratio_5s,ACCEPTANCE_RECLAIM,Previous_Volume_AtEntry,FLOW_BURST_QUALITY,-0.23663772464980118,-0.19054743283774886,0.23663772464980118,0
Dist_VAH_Ticks,AUCTION_THEORY,distance_nearest_or_edge_ticks,AUCTION_THEORY,-0.23632009420961653,-0.3270015770545736,0.23632009420961653,0
Dist_VAH_Ticks,AUCTION_THEORY,Nearest_OR_Edge_Distance_Ticks_AtEntry,AUCTION_THEORY,-0.23632009420961653,-0.3270015770545736,0.23632009420961653,0
Profile_Position_Percentile,AUCTION_THEORY,Directional_OR_Extension_Ticks_AtEntry,AUCTION_THEORY,0.2360262590900651,0.1286376892107218,0.2360262590900651,0
Previous_Volume_AtEntry,FLOW_BURST_QUALITY,PreEntry_Directional_Efficiency3_AtEntry,OTHER_CAUSAL_CONTEXT,0.2359577715938918,0.14938117843868182,0.2359577715938918,0
PreBurst_Acceptance_Dwell_Ratio_5s,ACCEPTANCE_RECLAIM,profile_confluence_4t,AUCTION_THEORY,-0.23538961362061103,-0.2554097932125225,0.23538961362061103,0
TicksPerSecond,TIME_REGIME,Cumulative_Delta_AtEntry,FLOW_BURST_QUALITY,0.23505499856088907,0.23199828418548177,0.23505499856088907,0
Velocity1s,PERSISTENCE_EXHAUSTION,Cumulative_Delta_AtEntry,FLOW_BURST_QUALITY,0.23505499856088907,0.23199828418548177,0.23505499856088907,0
Body_AtEntry,OTHER_CAUSAL_CONTEXT,Prior_Closed_ATR5_Ticks_AtEntry,AUCTION_THEORY,0.23446864987504928,0.3679038469058586,0.23446864987504928,0
Nearest_OR_Edge_Acceptance_Ratio3_AtEntry,ACCEPTANCE_RECLAIM,vwap_poc_spread_ticks,AUCTION_THEORY,0.2342013013987234,0.25767536422686504,0.2342013013987234,0
Profile_Position_Percentile,AUCTION_THEORY,Prior_Closed_ATR5_Ticks_AtEntry,AUCTION_THEORY,-0.2337396146981248,-0.11265325516121906,0.2337396146981248,0
Dist_VAH_Ticks,AUCTION_THEORY,Directional_OR_Extension_Ticks_AtEntry,AUCTION_THEORY,0.23348686659663137,0.20756853493943664,0.23348686659663137,0
Score_AtEntry,OTHER_CAUSAL_CONTEXT,execution_cvd_alignment,OTHER_CAUSAL_CONTEXT,-0.23343806580331317,-0.26592739247804,0.23343806580331317,0
Profile_Local_Maxima_Count,AUCTION_THEORY,Buy_Imbalance_Count_AtEntry,FLOW_BURST_QUALITY,-0.23294467807426383,-0.14523463757782124,0.23294467807426383,0
PreBurst_Price_Per_Delta_3s,EFFORT_VS_RESULT,Score_AtEntry,OTHER_CAUSAL_CONTEXT,-0.23270720671933684,-0.21210128480471022,0.23270720671933684,0
Cumulative_Delta_AtEntry,FLOW_BURST_QUALITY,Signed_Delta_Share_AtEntry,FLOW_BURST_QUALITY,-0.23268979540040904,-0.1675049689107912,0.23268979540040904,0
Sell_Imbalance_Count_AtEntry,FLOW_BURST_QUALITY,flow_price_alignment,OTHER_CAUSAL_CONTEXT,-0.2326595550703174,-0.20487155207816143,0.2326595550703174,0
Volume_AtEntry,FLOW_BURST_QUALITY,Signed_Previous_Delta_Share_AtEntry,FLOW_BURST_QUALITY,0.23247422791813932,0.1888491704620403,0.23247422791813932,0
Previous_Volume_AtEntry,FLOW_BURST_QUALITY,PreEntry_Range_Compression3_AtEntry,OTHER_CAUSAL_CONTEXT,-0.23227136809010374,-0.24508267283513688,0.23227136809010374,0
PreEntry_Volume_Climax_Ratio_AtEntry,FLOW_BURST_QUALITY,Nearest_OR_Edge_Acceptance_Ratio3_AtEntry,ACCEPTANCE_RECLAIM,0.2320723038032039,0.21886845480181488,0.2320723038032039,0
Dist_OR_High_Ticks,AUCTION_THEORY,Directional_OR_Extension_Ticks_AtEntry,AUCTION_THEORY,0.23194810099826665,0.27001713614041983,0.23194810099826665,0
PreBurst_Path_Efficiency_10s,TEMPORAL_SEQUENCE,signed_delta_1s,FLOW_BURST_QUALITY,-0.23179572578764526,-0.17354287970788548,0.23179572578764526,0
PreBurst_Rotation_Index_10s,TEMPORAL_SEQUENCE,PreBurst_Impulse_Decay_Slope_5s,PERSISTENCE_EXHAUSTION,0.2315519832967827,0.2126438673520805,0.2315519832967827,0
directional_poc_distance,AUCTION_THEORY,or_position_fraction,AUCTION_THEORY,-0.2313864638252706,-0.2126368677588165,0.2313864638252706,0
Buy_Imbalance_Count_AtEntry,FLOW_BURST_QUALITY,signed_velocity_3s,PERSISTENCE_EXHAUSTION,-0.23129489052438615,-0.22984886029191137,0.23129489052438615,0
Signed_Previous_Delta_Share_AtEntry,FLOW_BURST_QUALITY,velocity_consistency,PERSISTENCE_EXHAUSTION,-0.23096214189350736,-0.19030160756762537,0.23096214189350736,0
PreBurst_Impulse_Decay_Slope_5s,PERSISTENCE_EXHAUSTION,velocity_consistency,PERSISTENCE_EXHAUSTION,0.23020413504740309,0.2934410247425074,0.23020413504740309,0
PreBurst_Local_Entropy_10s,TEMPORAL_SEQUENCE,Profile_Effective_Nodes,AUCTION_THEORY,0.23004598336703988,0.2126460062225235,0.23004598336703988,0
Delta_AtEntry,FLOW_BURST_QUALITY,Previous_Delta_AtEntry,FLOW_BURST_QUALITY,0.2299151482978286,0.2352816690342132,0.2299151482978286,0
Profile_Concentration,AUCTION_THEORY,signed_acceleration_1s,PERSISTENCE_EXHAUSTION,-0.22985732368097353,-0.2709902119629168,0.22985732368097353,0
Signed_Delta_Share_AtEntry,FLOW_BURST_QUALITY,directional_poc_distance,AUCTION_THEORY,-0.2298313783453784,-0.17946581149648014,0.2298313783453784,0
Previous_Volume_AtEntry,FLOW_BURST_QUALITY,Nearest_OR_Edge_Distance_Ticks_AtEntry,AUCTION_THEORY,-0.22971789868502607,-0.24755755605954505,0.22971789868502607,0
Previous_Volume_AtEntry,FLOW_BURST_QUALITY,distance_nearest_or_edge_ticks,AUCTION_THEORY,-0.22971789868502607,-0.24755755605954508,0.22971789868502607,0
Velocity5s,PERSISTENCE_EXHAUSTION,Cumulative_Delta_AtEntry,FLOW_BURST_QUALITY,0.22960280898600002,0.2312907588932598,0.22960280898600002,0
PreBurst_Price_Per_Delta_3s,EFFORT_VS_RESULT,profile_confluence_4t,AUCTION_THEORY,-0.2293232261921851,-0.23533208125427738,0.2293232261921851,0
Profile_Concentration,AUCTION_THEORY,Score_AtEntry,OTHER_CAUSAL_CONTEXT,0.2292135483807985,0.21412506527578873,0.2292135483807985,0
Directional_OR_Extension_Ticks_AtEntry,AUCTION_THEORY,or_position_fraction,AUCTION_THEORY,0.2287529533386499,0.1839913254163573,0.2287529533386499,0
PeakPositiveDelta,FLOW_BURST_QUALITY,signed_delta_1s,FLOW_BURST_QUALITY,0.2282909839535524,0.27359900807690635,0.2282909839535524,0
DeltaPercentile,FLOW_BURST_QUALITY,directional_vwap_distance,AUCTION_THEORY,-0.22813462190743083,-0.1312524651518832,0.22813462190743083,0
Sell_Imbalance_Count_AtEntry,FLOW_BURST_QUALITY,signed_velocity_1s,PERSISTENCE_EXHAUSTION,-0.22810428154030923,-0.23367234011814617,0.22810428154030923,0
PreBurst_Local_Entropy_10s,TEMPORAL_SEQUENCE,Body_OR_Ratio_AtEntry,AUCTION_THEORY,-0.22806439923292865,-0.19545186087167196,0.22806439923292865,0
liquidity_absorption_score,OTHER_CAUSAL_CONTEXT,month_index,TIME_REGIME,0.22790900193363647,0.05543127291537827,0.22790900193363647,0
PreBurst_Price_Per_Delta_3s,EFFORT_VS_RESULT,Buy_Imbalance_Count_AtEntry,FLOW_BURST_QUALITY,-0.22789796115843547,-0.24564577108139718,0.22789796115843547,0
TradesPerSecond,TIME_REGIME,acceleration_velocity_ratio,PERSISTENCE_EXHAUSTION,0.22773734960426423,0.15770121859707026,0.22773734960426423,0
Dist_VAH_Ticks,AUCTION_THEORY,Profile_Concentration,AUCTION_THEORY,0.22764188762742366,0.2662572855004403,0.22764188762742366,0
Profile_Effective_Nodes,AUCTION_THEORY,signed_acceleration_1s,PERSISTENCE_EXHAUSTION,0.2275975267499394,0.38222750728643945,0.2275975267499394,0
Velocity3s,PERSISTENCE_EXHAUSTION,Profile_Skewness,AUCTION_THEORY,0.22737377545635976,0.2728690154697303,0.22737377545635976,0
Score_AtEntry,OTHER_CAUSAL_CONTEXT,acceleration_velocity_ratio,PERSISTENCE_EXHAUSTION,-0.22724916929090966,0.09835455025885126,0.22724916929090966,0
Dist_VAL_Ticks,AUCTION_THEORY,PreBurst_Acceptance_Dwell_Ratio_5s,ACCEPTANCE_RECLAIM,-0.22711857833283514,-0.20508572787579793,0.22711857833283514,0
PreBurst_Impulse_Decay_Slope_5s,PERSISTENCE_EXHAUSTION,distance_nearest_or_edge_ticks,AUCTION_THEORY,0.226847661992406,0.39633188642665723,0.226847661992406,0
PreBurst_Impulse_Decay_Slope_5s,PERSISTENCE_EXHAUSTION,Nearest_OR_Edge_Distance_Ticks_AtEntry,AUCTION_THEORY,0.226847661992406,0.39633188642665723,0.226847661992406,0
Signed_Delta_Share_AtEntry,FLOW_BURST_QUALITY,mean_trade_size,FLOW_BURST_QUALITY,0.22672505628182038,0.13835946742019037,0.22672505628182038,0
signed_acceleration_1s,PERSISTENCE_EXHAUSTION,distance_nearest_or_edge_ticks,AUCTION_THEORY,0.2259784096409553,0.339055855749584,0.2259784096409553,0
Nearest_OR_Edge_Distance_Ticks_AtEntry,AUCTION_THEORY,signed_acceleration_1s,PERSISTENCE_EXHAUSTION,0.2259784096409553,0.33905585574958425,0.2259784096409553,0
PreEntry_Range_Compression3_AtEntry,OTHER_CAUSAL_CONTEXT,PreEntry_Volume_Climax_Ratio_AtEntry,FLOW_BURST_QUALITY,0.22595373618892542,0.286243889724115,0.22595373618892542,0
TradesPerSecond,TIME_REGIME,PreBurst_Impulse_Decay_Slope_5s,PERSISTENCE_EXHAUSTION,0.22553667587901238,0.3456236195095502,0.22553667587901238,0
signed_delta_1s,FLOW_BURST_QUALITY,mean_trade_size,FLOW_BURST_QUALITY,0.22543175758384862,0.2044909433364275,0.22543175758384862,0
PreBurst_Local_Entropy_10s,TEMPORAL_SEQUENCE,profile_confluence_4t,AUCTION_THEORY,0.22536259876135933,0.15292440310917801,0.22536259876135933,0
absorption_pressure_1s,EFFORT_VS_RESULT,month_index,TIME_REGIME,0.22350422809529258,0.05786149486981349,0.22350422809529258,0
OR_WidthTicks,AUCTION_THEORY,Dist_OR_High_Ticks,AUCTION_THEORY,-0.2233015185763344,-0.1594516033116593,0.2233015185763344,0
Dist_OR_High_Ticks,AUCTION_THEORY,range,OTHER_CAUSAL_CONTEXT,-0.2233015185763344,-0.15945160331165922,0.2233015185763344,0
burst_efficiency_score,EFFORT_VS_RESULT,month_index,TIME_REGIME,-0.22285977862865572,-0.2244752637131114,0.22285977862865572,0
Nearest_OR_Edge_Distance_Ticks_AtEntry,AUCTION_THEORY,PreEntry_Directional_Efficiency3_AtEntry,OTHER_CAUSAL_CONTEXT,-0.22278481103993936,-0.23830553005884814,0.22278481103993936,0
PreEntry_Directional_Efficiency3_AtEntry,OTHER_CAUSAL_CONTEXT,distance_nearest_or_edge_ticks,AUCTION_THEORY,-0.22278481103993936,-0.2383055300588481,0.22278481103993936,0
Volume_AtEntry,FLOW_BURST_QUALITY,mean_trade_size,FLOW_BURST_QUALITY,0.22275639825047516,0.16996856532399346,0.22275639825047516,0
Previous_Delta_AtEntry,FLOW_BURST_QUALITY,directional_poc_distance,AUCTION_THEORY,-0.22248544610711266,-0.12511005268553074,0.22248544610711266,0
Velocity1s,PERSISTENCE_EXHAUSTION,Profile_Skewness,AUCTION_THEORY,0.22234659562621817,0.255468581131255,0.22234659562621817,0
TicksPerSecond,TIME_REGIME,Profile_Skewness,AUCTION_THEORY,0.22234659562621817,0.255468581131255,0.22234659562621817,0
Profile_Std_Ticks,AUCTION_THEORY,Nearest_OR_Edge_Acceptance_Ratio3_AtEntry,ACCEPTANCE_RECLAIM,0.22233542174750864,0.20708709148757115,0.22233542174750864,0
Dist_LVN_Ticks,AUCTION_THEORY,Previous_Volume_AtEntry,FLOW_BURST_QUALITY,0.22227624227124307,0.19307810879666798,0.22227624227124307,0
Directional_VWAP_Distance_Ticks_AtEntry,AUCTION_THEORY,PreEntry_Range_Compression3_AtEntry,OTHER_CAUSAL_CONTEXT,0.2221877350483852,0.22560950658431483,0.2221877350483852,0
PreBurst_Path_Efficiency_10s,TEMPORAL_SEQUENCE,signed_delta_change_1s,FLOW_BURST_QUALITY,-0.22095565900185027,-0.16750046430956772,0.22095565900185027,0
PreBurst_Rotation_Index_10s,TEMPORAL_SEQUENCE,signed_velocity_decay_1_5,PERSISTENCE_EXHAUSTION,-0.22092849077909943,-0.24109379702364203,0.22092849077909943,0
range,OTHER_CAUSAL_CONTEXT,Score_AtEntry,OTHER_CAUSAL_CONTEXT,-0.22051468667041144,-0.15436415057164277,0.22051468667041144,0
OR_WidthTicks,AUCTION_THEORY,Score_AtEntry,OTHER_CAUSAL_CONTEXT,-0.22051468667041144,-0.15436415057164285,0.22051468667041144,0
PeakNegativeDelta,FLOW_BURST_QUALITY,Profile_Effective_Nodes,AUCTION_THEORY,-0.22044301129815536,-0.1329497367126593,0.22044301129815536,0
Dist_LVN_Ticks,AUCTION_THEORY,PreEntry_Volume_Climax_Ratio_AtEntry,FLOW_BURST_QUALITY,-0.22036587886005451,-0.24515541987576644,0.22036587886005451,0
PreEntry_Directional_Efficiency3_AtEntry,OTHER_CAUSAL_CONTEXT,Nearest_OR_Edge_Retest_Count_AtEntry,ACCEPTANCE_RECLAIM,-0.22028526536781456,-0.11154989664340205,0.22028526536781456,0
Buy_Imbalance_Count_AtEntry,FLOW_BURST_QUALITY,Prior_Closed_ATR5_Ticks_AtEntry,AUCTION_THEORY,-0.2201751688684008,-0.19401844356009476,0.2201751688684008,0
month_index,TIME_REGIME,signed_velocity_decay_1_5,PERSISTENCE_EXHAUSTION,0.2200652194796617,0.2218578119076927,0.2200652194796617,0
PreBurst_Price_Per_Volume_3s,EFFORT_VS_RESULT,profile_confluence_4t,AUCTION_THEORY,-0.22000280158593805,-0.21894484853113597,0.22000280158593805,0
signed_acceleration_1s,PERSISTENCE_EXHAUSTION,delta_share_of_volume,FLOW_BURST_QUALITY,-0.21983468903381753,-0.2410455171734036,0.21983468903381753,0
PreEntry_Directional_Efficiency3_AtEntry,OTHER_CAUSAL_CONTEXT,minute_from_open,TIME_REGIME,-0.21982930164079326,-0.07694691308735127,0.21982930164079326,0
PreEntry_Directional_Efficiency3_AtEntry,OTHER_CAUSAL_CONTEXT,seconds_from_open,TIME_REGIME,-0.21982930164079326,-0.07694691308735133,0.21982930164079326,0
Body_OR_Ratio_AtEntry,AUCTION_THEORY,signed_velocity_1s,PERSISTENCE_EXHAUSTION,0.21922964125071825,0.1432643551691809,0.21922964125071825,0
delta_persistence_1_3,PERSISTENCE_EXHAUSTION,execution_cvd_alignment,OTHER_CAUSAL_CONTEXT,0.21919364863946267,0.2503689719318828,0.21919364863946267,0
Seconds_From_Open_AtEntry,TIME_REGIME,PreEntry_Directional_Efficiency3_AtEntry,OTHER_CAUSAL_CONTEXT,-0.21906691655196756,-0.07692979399316345,0.21906691655196756,0
velocity_consistency,PERSISTENCE_EXHAUSTION,profile_confluence_4t,AUCTION_THEORY,-0.2188122273187047,-0.18036298841281606,0.2188122273187047,0
PreBurst_Impulse_Decay_Slope_5s,PERSISTENCE_EXHAUSTION,Score_AtEntry,OTHER_CAUSAL_CONTEXT,-0.2188075077287678,-0.1455541058234884,0.2188075077287678,0
Dist_LVN_Ticks,AUCTION_THEORY,Seconds_From_Open_AtEntry,TIME_REGIME,-0.21869197737236395,-0.19090945918637692,0.21869197737236395,0
Dist_VAH_Ticks,AUCTION_THEORY,Profile_Local_Maxima_Count,AUCTION_THEORY,-0.21845277600591453,-0.23501920451132594,0.21845277600591453,0
Score_AtEntry,OTHER_CAUSAL_CONTEXT,Prior_Closed_ATR3_Ticks_AtEntry,AUCTION_THEORY,-0.21778722212360724,-0.1792132387052946,0.21778722212360724,0
PreBurst_Local_Entropy_10s,TEMPORAL_SEQUENCE,Profile_Concentration,AUCTION_THEORY,-0.2176723451590221,-0.1903742187786059,0.2176723451590221,0
signed_delta_change_1s,FLOW_BURST_QUALITY,signed_velocity_decay_1_5,PERSISTENCE_EXHAUSTION,-0.21738138169556387,-0.3297660179984759,0.21738138169556387,0
Dist_LVN_Ticks,AUCTION_THEORY,seconds_from_open,TIME_REGIME,-0.21712789640137647,-0.19084411146202898,0.21712789640137647,0
Dist_LVN_Ticks,AUCTION_THEORY,minute_from_open,TIME_REGIME,-0.21712789640137647,-0.1908441114620291,0.21712789640137647,0
Sell_Imbalance_Count_AtEntry,FLOW_BURST_QUALITY,signed_delta_1s,FLOW_BURST_QUALITY,0.21576534869558908,0.28577275822324805,0.21576534869558908,0
Profile_Concentration,AUCTION_THEORY,Profile_Position_Percentile,AUCTION_THEORY,0.21509627930321346,0.12519309545627327,0.21509627930321346,0
Dist_VWAP_Ticks,AUCTION_THEORY,Cumulative_Delta_AtEntry,FLOW_BURST_QUALITY,0.21485936897983646,0.24193690224307943,0.21485936897983646,0
Profile_Concentration,AUCTION_THEORY,Buy_Imbalance_Count_AtEntry,FLOW_BURST_QUALITY,0.2145087366986405,0.19650460881625184,0.2145087366986405,0
Buy_Imbalance_Count_AtEntry,FLOW_BURST_QUALITY,signed_velocity_1s,PERSISTENCE_EXHAUSTION,-0.21428845870296057,-0.1838124314182719,0.21428845870296057,0
flow_price_alignment,OTHER_CAUSAL_CONTEXT,directional_vwap_distance,AUCTION_THEORY,0.21408316641649425,0.26130508065097147,0.21408316641649425,0
TradesPerSecond,TIME_REGIME,Signed_Delta_Share_AtEntry,FLOW_BURST_QUALITY,-0.21395164069578262,-0.2992807886403278,0.21395164069578262,0
PreBurst_Path_Efficiency_10s,TEMPORAL_SEQUENCE,delta_persistence_3_5,PERSISTENCE_EXHAUSTION,0.21387250560136042,0.13233323278194714,0.21387250560136042,0
Prior_Closed_ATR3_Ticks_AtEntry,AUCTION_THEORY,Nearest_OR_Edge_Retest_Count_AtEntry,ACCEPTANCE_RECLAIM,0.21343068229574982,0.10647359363159713,0.21343068229574982,0
Delta10s,FLOW_BURST_QUALITY,Profile_Skewness,AUCTION_THEORY,0.21333019390662558,0.22018182795016517,0.21333019390662558,0
Body_OR_Ratio_AtEntry,AUCTION_THEORY,liquidity_absorption_score,OTHER_CAUSAL_CONTEXT,-0.2131203159645405,-0.022792111310021443,0.2131203159645405,0
PreBurst_Price_Per_Volume_3s,EFFORT_VS_RESULT,Score_AtEntry,OTHER_CAUSAL_CONTEXT,-0.21309047126650926,-0.18685729281632502,0.21309047126650926,0
PreBurst_Rotation_Index_10s,TEMPORAL_SEQUENCE,signed_delta_decay_1_5,PERSISTENCE_EXHAUSTION,-0.2121398018823666,-0.19626120354721951,0.2121398018823666,0
OR_WidthTicks,AUCTION_THEORY,Body_AtEntry,OTHER_CAUSAL_CONTEXT,0.21212841666930468,0.30206748177615417,0.21212841666930468,0
range,OTHER_CAUSAL_CONTEXT,Body_AtEntry,OTHER_CAUSAL_CONTEXT,0.21212841666930468,0.30206748177615417,0.21212841666930468,0
BuySellRatio,OTHER_CAUSAL_CONTEXT,Dist_LVN_Ticks,AUCTION_THEORY,-0.21211760579637048,-0.1379423355380987,0.21211760579637048,0
TradesPerSecond,TIME_REGIME,liquidity_absorption_score,OTHER_CAUSAL_CONTEXT,-0.21202308842006848,-0.14526629016061446,0.21202308842006848,0
Profile_Local_Maxima_Count,AUCTION_THEORY,Profile_Position_Percentile,AUCTION_THEORY,-0.21197125704698025,-0.07115935515689825,0.21197125704698025,0
Profile_Effective_Nodes,AUCTION_THEORY,Score_AtEntry,OTHER_CAUSAL_CONTEXT,-0.21185427043106383,-0.16002711206151826,0.21185427043106383,0
Acceleration3s,PERSISTENCE_EXHAUSTION,Nearest_OR_Edge_Retest_Count_AtEntry,ACCEPTANCE_RECLAIM,-0.21170700189300598,-0.21495235635587834,0.21170700189300598,0
Dist_VAL_Ticks,AUCTION_THEORY,Nearest_OR_Edge_Retest_Count_AtEntry,ACCEPTANCE_RECLAIM,-0.2114586345797854,-0.2152096513639091,0.2114586345797854,0
PreBurst_Acceptance_Dwell_Ratio_5s,ACCEPTANCE_RECLAIM,PreEntry_Volume_Climax_Ratio_AtEntry,FLOW_BURST_QUALITY,0.21140179148270452,0.21390699650941114,0.21140179148270452,0
Profile_Concentration,AUCTION_THEORY,Nearest_OR_Edge_Acceptance_Ratio3_AtEntry,ACCEPTANCE_RECLAIM,-0.21139244384694394,-0.20363936489808762,0.21139244384694394,0
Body_OR_Ratio_AtEntry,AUCTION_THEORY,burst_efficiency_score,EFFORT_VS_RESULT,0.21133281238633445,0.14940341068587595,0.21133281238633445,0
PreBurst_Local_Entropy_10s,TEMPORAL_SEQUENCE,Prior_Closed_ATR3_Ticks_AtEntry,AUCTION_THEORY,0.21125017861874104,0.17145160680989982,0.21125017861874104,0
Profile_Effective_Nodes,AUCTION_THEORY,Nearest_OR_Edge_Acceptance_Ratio3_AtEntry,ACCEPTANCE_RECLAIM,0.21108800612659964,0.18344690756278856,0.21108800612659964,0
PreBurst_Path_Efficiency_10s,TEMPORAL_SEQUENCE,liquidity_absorption_score,OTHER_CAUSAL_CONTEXT,-0.21085981613304933,-0.42299279526267425,0.21085981613304933,0
Directional_VWAP_Distance_Ticks_AtEntry,AUCTION_THEORY,acceleration_velocity_ratio,PERSISTENCE_EXHAUSTION,0.21083782797423783,0.17535672818060022,0.21083782797423783,0
Directional_OR_Extension_Ticks_AtEntry,AUCTION_THEORY,vwap_poc_spread_ticks,AUCTION_THEORY,-0.21053421508213732,-0.09990119640878554,0.21053421508213732,0
Dist_VAH_Ticks,AUCTION_THEORY,Cumulative_Delta_AtEntry,FLOW_BURST_QUALITY,0.21009588415286692,0.2444337618651502,0.21009588415286692,0
PreBurst_Local_Entropy_10s,TEMPORAL_SEQUENCE,Profile_Std_Ticks,AUCTION_THEORY,0.20999905456653264,0.19195293359264126,0.20999905456653264,0
Profile_Concentration,AUCTION_THEORY,Nearest_OR_Edge_Retest_Count_AtEntry,ACCEPTANCE_RECLAIM,-0.20995866197807686,-0.2215510196889757,0.20995866197807686,0
mean_trade_size,FLOW_BURST_QUALITY,delta_persistence_1_3,PERSISTENCE_EXHAUSTION,-0.20990725064508525,-0.12464318121623584,0.20990725064508525,0
profile_confluence_4t,AUCTION_THEORY,burst_efficiency_score,EFFORT_VS_RESULT,-0.20978909312668936,-0.20609527223043042,0.20978909312668936,0
PreBurst_Local_Entropy_10s,TEMPORAL_SEQUENCE,signed_delta_change_1s,FLOW_BURST_QUALITY,0.20942182270134843,0.17371950380537,0.20942182270134843,0
delta_share_of_volume,FLOW_BURST_QUALITY,liquidity_absorption_score,OTHER_CAUSAL_CONTEXT,0.20927511899454773,0.13189928079507135,0.20927511899454773,0
Sell_Imbalance_Count_AtEntry,FLOW_BURST_QUALITY,signed_delta_decay_1_5,PERSISTENCE_EXHAUSTION,-0.2090235707489767,-0.2780492866494292,0.2090235707489767,0
Profile_Effective_Nodes,AUCTION_THEORY,execution_side_sign,OTHER_CAUSAL_CONTEXT,0.20879421508219748,0.14555218515944146,0.20879421508219748,0
ContractsPerSecond,FLOW_BURST_QUALITY,signed_velocity_decay_1_5,PERSISTENCE_EXHAUSTION,-0.2082682191579707,-0.3348770095100772,0.2082682191579707,0
Delta_Change_AtEntry,FLOW_BURST_QUALITY,Score_AtEntry,OTHER_CAUSAL_CONTEXT,0.20801886900622152,0.20102899909764557,0.20801886900622152,0
DeltaPercentile,FLOW_BURST_QUALITY,Directional_OR_Extension_Ticks_AtEntry,AUCTION_THEORY,0.20798779148219834,0.13325763915469654,0.20798779148219834,0
signed_velocity_1s,PERSISTENCE_EXHAUSTION,delta_share_of_volume,FLOW_BURST_QUALITY,-0.20797799458199837,-0.20996006328400327,0.20797799458199837,0
PreEntry_Range_Compression3_AtEntry,OTHER_CAUSAL_CONTEXT,distance_nearest_or_edge_ticks,AUCTION_THEORY,0.20794243521045372,0.18623701195442743,0.20794243521045372,0
Nearest_OR_Edge_Distance_Ticks_AtEntry,AUCTION_THEORY,PreEntry_Range_Compression3_AtEntry,OTHER_CAUSAL_CONTEXT,0.20794243521045372,0.18623701195442743,0.20794243521045372,0
Body_OR_Ratio_AtEntry,AUCTION_THEORY,absorption_pressure_1s,EFFORT_VS_RESULT,-0.2078595264691566,-0.02369249807313128,0.2078595264691566,0
Dist_VAH_Ticks,AUCTION_THEORY,PreEntry_Volume_Climax_Ratio_AtEntry,FLOW_BURST_QUALITY,-0.20778188664486405,-0.25554963175537576,0.20778188664486405,0
directional_vwap_distance,AUCTION_THEORY,vwap_poc_spread_ticks,AUCTION_THEORY,0.20766728027740913,-0.026914234546840114,0.20766728027740913,0
absorption_pressure_1s,EFFORT_VS_RESULT,profile_confluence_4t,AUCTION_THEORY,0.20749796259813905,0.12833206535972352,0.20749796259813905,0
price_impact_per_100_contracts,EFFORT_VS_RESULT,month_index,TIME_REGIME,-0.20710333981832083,-0.19536281196161964,0.20710333981832083,0
signed_velocity_1s,PERSISTENCE_EXHAUSTION,month_index,TIME_REGIME,-0.20686756720483992,-0.21833323342330052,0.20686756720483992,0
Delta_Change_AtEntry,FLOW_BURST_QUALITY,PreEntry_Range_Compression3_AtEntry,OTHER_CAUSAL_CONTEXT,0.20684166522063907,0.16629809191314932,0.20684166522063907,0
PreBurst_Local_Entropy_10s,TEMPORAL_SEQUENCE,PreBurst_Impulse_Decay_Slope_5s,PERSISTENCE_EXHAUSTION,0.2068233116485541,0.09085530459378056,0.2068233116485541,0
Dist_POC_Ticks,AUCTION_THEORY,Seconds_From_Open_AtEntry,TIME_REGIME,-0.2067058440389677,-0.25401408368106204,0.2067058440389677,0
PeakNegativeDelta,FLOW_BURST_QUALITY,Profile_Std_Ticks,AUCTION_THEORY,-0.20654731348767574,-0.11872464505431465,0.20654731348767574,0
Cumulative_Delta_AtEntry,FLOW_BURST_QUALITY,Delta_Change_AtEntry,FLOW_BURST_QUALITY,0.20626531814741575,0.16537140327089217,0.20626531814741575,0
PreBurst_Rotation_Index_10s,TEMPORAL_SEQUENCE,signed_delta_change_1s,FLOW_BURST_QUALITY,0.20598511425284607,0.20071339598053448,0.20598511425284607,0
Dist_HVN_Ticks,AUCTION_THEORY,Profile_Effective_Nodes,AUCTION_THEORY,-0.20584417388201376,-0.14333007524047922,0.20584417388201376,0
PreBurst_Acceptance_Dwell_Ratio_5s,ACCEPTANCE_RECLAIM,PreEntry_Range_Compression3_AtEntry,OTHER_CAUSAL_CONTEXT,0.20583962674487233,0.2052103593010613,0.20583962674487233,0
PreBurst_Path_Efficiency_10s,TEMPORAL_SEQUENCE,Delta_Change_AtEntry,FLOW_BURST_QUALITY,0.2058297964836241,0.19036263321369776,0.2058297964836241,0
Profile_Std_Ticks,AUCTION_THEORY,Profile_Position_Percentile,AUCTION_THEORY,-0.2056922732296178,-0.0369314056546429,0.2056922732296178,0
Cumulative_Delta_AtEntry,FLOW_BURST_QUALITY,Buy_Imbalance_Count_AtEntry,FLOW_BURST_QUALITY,0.20561969700197202,0.12310630587462278,0.20561969700197202,0
Dist_POC_Ticks,AUCTION_THEORY,minute_from_open,TIME_REGIME,-0.20549037172041498,-0.25404837365874566,0.20549037172041498,0
Dist_POC_Ticks,AUCTION_THEORY,seconds_from_open,TIME_REGIME,-0.20549037172041498,-0.25404837365874583,0.20549037172041498,0
Dist_VWAP_Ticks,AUCTION_THEORY,Profile_Skewness,AUCTION_THEORY,0.20526135536624,0.23707156556172107,0.20526135536624,0
DeltaPercentile,FLOW_BURST_QUALITY,Profile_Local_Maxima_Count,AUCTION_THEORY,-0.20525291977275853,-0.12740189291316462,0.20525291977275853,0
Dist_LVN_Ticks,AUCTION_THEORY,Score_AtEntry,OTHER_CAUSAL_CONTEXT,-0.20523385484868287,-0.19062767227602131,0.20523385484868287,0
Acceleration1s,PERSISTENCE_EXHAUSTION,Profile_Skewness,AUCTION_THEORY,0.20502809785451265,0.2528901135360387,0.20502809785451265,0
Profile_Excess_Kurtosis,AUCTION_THEORY,delta_share_of_volume,FLOW_BURST_QUALITY,-0.20497008084636775,-0.299643327082154,0.20497008084636775,0
PreBurst_Rotation_Index_10s,TEMPORAL_SEQUENCE,mean_trade_size,FLOW_BURST_QUALITY,0.20456225033124495,0.16018119617956483,0.20456225033124495,0
Score_AtEntry,OTHER_CAUSAL_CONTEXT,signed_velocity_3s,PERSISTENCE_EXHAUSTION,-0.20429325843687332,-0.19592915239447614,0.20429325843687332,0
PreEntry_Directional_Efficiency3_AtEntry,OTHER_CAUSAL_CONTEXT,PreEntry_Range_Compression3_AtEntry,OTHER_CAUSAL_CONTEXT,-0.2039868883980353,-0.10840066679644704,0.2039868883980353,0
Dist_HVN_Ticks,AUCTION_THEORY,BreakOut_TICKS_PER_SEC_AtEntry,OTHER_CAUSAL_CONTEXT,-0.20382865150300838,-0.07332900382796398,0.20382865150300838,0
PreBurst_Path_Efficiency_10s,TEMPORAL_SEQUENCE,delta_share_of_volume,FLOW_BURST_QUALITY,-0.2037111108718681,-0.21539542912105814,0.2037111108718681,0
PreBurst_Path_Efficiency_10s,TEMPORAL_SEQUENCE,Profile_Excess_Kurtosis,AUCTION_THEORY,0.2034199777201868,0.26165244226278656,0.2034199777201868,0
Nearest_OR_Edge_Distance_Ticks_AtEntry,AUCTION_THEORY,price_impact_per_100_contracts,EFFORT_VS_RESULT,0.2033407488202849,0.3097010037124983,0.2033407488202849,0
price_impact_per_100_contracts,EFFORT_VS_RESULT,distance_nearest_or_edge_ticks,AUCTION_THEORY,0.2033407488202849,0.3097010037124982,0.2033407488202849,0
Profile_Std_Ticks,AUCTION_THEORY,PreEntry_Volume_Climax_Ratio_AtEntry,FLOW_BURST_QUALITY,0.2032702910240416,0.17250786349784902,0.2032702910240416,0
Dist_VAH_Ticks,AUCTION_THEORY,Seconds_From_Open_AtEntry,TIME_REGIME,-0.20319355665396588,-0.27187680162433375,0.20319355665396588,0
Dist_VAH_Ticks,AUCTION_THEORY,minute_from_open,TIME_REGIME,-0.20294028580515622,-0.2719187940305977,0.20294028580515622,0
Dist_VAH_Ticks,AUCTION_THEORY,seconds_from_open,TIME_REGIME,-0.20294028580515622,-0.27191879403059765,0.20294028580515622,0
PreBurst_Impulse_Survival_Seconds,AUCTION_THEORY,Directional_OR_Extension_Ticks_AtEntry,AUCTION_THEORY,-0.2027458882126922,-0.1626134268782891,0.2027458882126922,0
Previous_Delta_AtEntry,FLOW_BURST_QUALITY,distance_nearest_or_edge_ticks,AUCTION_THEORY,-0.202617192060118,-0.1610650729245794,0.202617192060118,0
Previous_Delta_AtEntry,FLOW_BURST_QUALITY,Nearest_OR_Edge_Distance_Ticks_AtEntry,AUCTION_THEORY,-0.202617192060118,-0.16106507292457936,0.202617192060118,0
Profile_Std_Ticks,AUCTION_THEORY,signed_acceleration_1s,PERSISTENCE_EXHAUSTION,0.20249848571707135,0.36708315492162147,0.20249848571707135,0
Profile_Position_Percentile,AUCTION_THEORY,directional_poc_distance,AUCTION_THEORY,-0.2023939517623872,-0.1578110038475542,0.2023939517623872,0
DeltaChangeZScore,FLOW_BURST_QUALITY,Profile_Normalized_Entropy,AUCTION_THEORY,-0.202367395864549,-0.19496256129197678,0.202367395864549,0
Dist_OR_Low_Ticks,AUCTION_THEORY,Body_OR_Ratio_AtEntry,AUCTION_THEORY,-0.20228503334485917,-0.14797728214832903,0.20228503334485917,0
OR_WidthTicks,AUCTION_THEORY,PreBurst_Local_Entropy_10s,TEMPORAL_SEQUENCE,0.20224333520847582,0.2351928845828195,0.20224333520847582,0
PreBurst_Local_Entropy_10s,TEMPORAL_SEQUENCE,range,OTHER_CAUSAL_CONTEXT,0.20224333520847582,0.23519288458281967,0.20224333520847582,0
PeakPositiveDelta,FLOW_BURST_QUALITY,signed_delta_change_1s,FLOW_BURST_QUALITY,0.2019992363255495,0.25597722235124054,0.2019992363255495,0
ContractsPerSecond,FLOW_BURST_QUALITY,signed_acceleration_1s,PERSISTENCE_EXHAUSTION,0.20195824406170632,0.3271543667793073,0.20195824406170632,0
Profile_Std_Ticks,AUCTION_THEORY,PreEntry_Range_Compression3_AtEntry,OTHER_CAUSAL_CONTEXT,-0.20181114096455416,-0.20067241710429173,0.20181114096455416,0
Profile_Std_Ticks,AUCTION_THEORY,Score_AtEntry,OTHER_CAUSAL_CONTEXT,-0.20163604845378486,-0.16075229295003488,0.20163604845378486,0
Profile_Position_Percentile,AUCTION_THEORY,Score_AtEntry,OTHER_CAUSAL_CONTEXT,0.20140291386738218,-0.004304782391443715,0.20140291386738218,0
profile_confluence_4t,AUCTION_THEORY,liquidity_absorption_score,OTHER_CAUSAL_CONTEXT,0.20132721989154764,0.12471631565904635,0.20132721989154764,0
Profile_Concentration,AUCTION_THEORY,Previous_Volume_AtEntry,FLOW_BURST_QUALITY,0.20129307899865867,0.20118436964681885,0.20129307899865867,0
BuySellRatio,OTHER_CAUSAL_CONTEXT,Cumulative_Delta_AtEntry,FLOW_BURST_QUALITY,0.20097286363607908,0.26274990077895677,0.20097286363607908,0
range,OTHER_CAUSAL_CONTEXT,Nearest_OR_Edge_Acceptance_Ratio3_AtEntry,ACCEPTANCE_RECLAIM,-0.20084059283003797,-0.18612426304324095,0.20084059283003797,0
OR_WidthTicks,AUCTION_THEORY,Nearest_OR_Edge_Acceptance_Ratio3_AtEntry,ACCEPTANCE_RECLAIM,-0.20084059283003797,-0.18612426304324087,0.20084059283003797,0
Score_AtEntry,OTHER_CAUSAL_CONTEXT,seconds_from_open,TIME_REGIME,0.20062358228496466,0.19890873380734228,0.20062358228496466,0
Score_AtEntry,OTHER_CAUSAL_CONTEXT,minute_from_open,TIME_REGIME,0.20062358228496466,0.19890873380734223,0.20062358228496466,0
Prior_Closed_ATR5_Ticks_AtEntry,AUCTION_THEORY,PreEntry_Directional_Efficiency3_AtEntry,OTHER_CAUSAL_CONTEXT,-0.2006219790011859,-0.11980038109564231,0.2006219790011859,0
Profile_Local_Maxima_Count,AUCTION_THEORY,PreEntry_Range_Compression3_AtEntry,OTHER_CAUSAL_CONTEXT,-0.2005899737483802,-0.18910346230131328,0.2005899737483802,0
Score_AtEntry,OTHER_CAUSAL_CONTEXT,Seconds_From_Open_AtEntry,TIME_REGIME,0.20025640085477872,0.19894627373670892,0.20025640085477872,0
Sell_Imbalance_Count_AtEntry,FLOW_BURST_QUALITY,signed_delta_change_1s,FLOW_BURST_QUALITY,0.20010811841741477,0.2625010803145524,0.20010811841741477,0
PreBurst_Local_Entropy_10s,TEMPORAL_SEQUENCE,Prior_Closed_ATR5_Ticks_AtEntry,AUCTION_THEORY,0.19987474020796434,0.17367022107242855,0.19987474020796434,0
DeltaPercentile,FLOW_BURST_QUALITY,price_impact_per_100_contracts,EFFORT_VS_RESULT,-0.19982417042379239,-0.20389386594381065,0.19982417042379239,0
Profile_Effective_Nodes,AUCTION_THEORY,Nearest_OR_Edge_Retest_Count_AtEntry,ACCEPTANCE_RECLAIM,0.19964359002865656,0.16582942452334093,0.19964359002865656,0
velocity_consistency,PERSISTENCE_EXHAUSTION,acceleration_velocity_ratio,PERSISTENCE_EXHAUSTION,0.19945506460794132,0.47265142642570623,0.19945506460794132,0
CumulativeDeltaWindow,FLOW_BURST_QUALITY,Profile_Effective_Nodes,AUCTION_THEORY,-0.1994179781453377,-0.11039954481343094,0.1994179781453377,0
Delta3s,FLOW_BURST_QUALITY,Profile_Effective_Nodes,AUCTION_THEORY,-0.1994179781453377,-0.11039954481343094,0.1994179781453377,0
PreBurst_Local_Entropy_10s,TEMPORAL_SEQUENCE,delta_persistence_3_5,PERSISTENCE_EXHAUSTION,-0.19918651084501898,-0.17271233519571091,0.19918651084501898,0
Profile_Local_Maxima_Count,AUCTION_THEORY,Score_AtEntry,OTHER_CAUSAL_CONTEXT,-0.19901357411299767,-0.1571440264161662,0.19901357411299767,0
PreBurst_Impulse_Decay_Slope_5s,PERSISTENCE_EXHAUSTION,Delta_Change_AtEntry,FLOW_BURST_QUALITY,-0.19876684918683915,-0.13009008074081393,0.19876684918683915,0
Delta10s,FLOW_BURST_QUALITY,Profile_Normalized_Entropy,AUCTION_THEORY,-0.19866751577192643,-0.18896143198856624,0.19866751577192643,0
Volume_AtEntry,FLOW_BURST_QUALITY,Previous_Volume_AtEntry,FLOW_BURST_QUALITY,0.19865404909039147,0.28526669471131444,0.19865404909039147,0
Body_AtEntry,OTHER_CAUSAL_CONTEXT,Volume_AtEntry,FLOW_BURST_QUALITY,0.19858112569950875,0.23131675959563996,0.19858112569950875,0
Buy_Imbalance_Count_AtEntry,FLOW_BURST_QUALITY,Prior_Closed_ATR3_Ticks_AtEntry,AUCTION_THEORY,-0.19856645948997156,-0.1754089144690677,0.19856645948997156,0
Buy_Imbalance_Count_AtEntry,FLOW_BURST_QUALITY,liquidity_absorption_score,OTHER_CAUSAL_CONTEXT,0.1980411931292034,-0.005042759908635354,0.1980411931292034,0
DeltaPercentile,FLOW_BURST_QUALITY,burst_efficiency_score,EFFORT_VS_RESULT,-0.1979521566003173,-0.20692185444403055,0.1979521566003173,0
Dist_VWAP_Ticks,AUCTION_THEORY,PreEntry_Volume_Climax_Ratio_AtEntry,FLOW_BURST_QUALITY,-0.1979506449771797,-0.22686488014233414,0.1979506449771797,0
PreBurst_Price_Per_Volume_3s,EFFORT_VS_RESULT,delta_persistence_3_5,PERSISTENCE_EXHAUSTION,-0.19763834052931567,-0.15604782653293706,0.19763834052931567,0
PeakNegativeDelta,FLOW_BURST_QUALITY,DeltaPercentile,FLOW_BURST_QUALITY,-0.19754928552293763,-0.1794973941434765,0.19754928552293763,0
DeltaPercentile,FLOW_BURST_QUALITY,absorption_pressure_1s,EFFORT_VS_RESULT,0.19744977926678606,-0.0005534775408093961,0.19744977926678606,0
PreBurst_Price_Per_Delta_3s,EFFORT_VS_RESULT,Nearest_OR_Edge_Distance_Ticks_AtEntry,AUCTION_THEORY,0.19712897591465578,0.32631898297318185,0.19712897591465578,0
PreBurst_Price_Per_Delta_3s,EFFORT_VS_RESULT,distance_nearest_or_edge_ticks,AUCTION_THEORY,0.19712897591465578,0.3263189829731819,0.19712897591465578,0
Dist_OR_Low_Ticks,AUCTION_THEORY,Nearest_OR_Edge_Distance_Ticks_AtEntry,AUCTION_THEORY,-0.19686772452712292,-0.09370624220314369,0.19686772452712292,0
Dist_OR_Low_Ticks,AUCTION_THEORY,distance_nearest_or_edge_ticks,AUCTION_THEORY,-0.19686772452712292,-0.09370624220314361,0.19686772452712292,0
price_impact_per_100_contracts,EFFORT_VS_RESULT,profile_confluence_4t,AUCTION_THEORY,-0.19657187400612047,-0.1799227396855011,0.19657187400612047,0
Dist_VAH_Ticks,AUCTION_THEORY,Prior_Closed_ATR5_Ticks_AtEntry,AUCTION_THEORY,-0.196420646742057,-0.24941747534561576,0.196420646742057,0
PreBurst_Rotation_Index_10s,TEMPORAL_SEQUENCE,delta_persistence_3_5,PERSISTENCE_EXHAUSTION,-0.19638973047684183,-0.19668247234226321,0.19638973047684183,0
Sell_Imbalance_Count_AtEntry,FLOW_BURST_QUALITY,delta_persistence_1_3,PERSISTENCE_EXHAUSTION,-0.19628838874461912,-0.16420798224892783,0.19628838874461912,0
Profile_Skewness,AUCTION_THEORY,Delta_AtEntry,FLOW_BURST_QUALITY,0.19625235995059978,0.2213197880818582,0.19625235995059978,0
Signed_Delta_Share_AtEntry,FLOW_BURST_QUALITY,directional_vwap_distance,AUCTION_THEORY,-0.1960782438784922,-0.1924097088328523,0.1960782438784922,0
directional_vwap_distance,AUCTION_THEORY,or_position_fraction,AUCTION_THEORY,-0.19603037424463457,-0.17468254005243752,0.19603037424463457,0
PeakNegativeDelta,FLOW_BURST_QUALITY,month_index,TIME_REGIME,-0.19583064408191594,-0.18248792893529647,0.19583064408191594,0
PreBurst_Price_Per_Delta_3s,EFFORT_VS_RESULT,Nearest_OR_Edge_Acceptance_Ratio3_AtEntry,ACCEPTANCE_RECLAIM,-0.19536637085258554,-0.1946078656713833,0.19536637085258554,0
Body_AtEntry,OTHER_CAUSAL_CONTEXT,Previous_Delta_AtEntry,FLOW_BURST_QUALITY,-0.19532669436211242,-0.10283109593720335,0.19532669436211242,0
PeakNegativeDelta,FLOW_BURST_QUALITY,Profile_Normalized_Entropy,AUCTION_THEORY,-0.195077101059922,-0.21166000838985863,0.195077101059922,0
BreakOut_TICKS_PER_SEC_AtEntry,OTHER_CAUSAL_CONTEXT,profile_confluence_4t,AUCTION_THEORY,-0.19505023453517997,0.02485402400745909,0.19505023453517997,0
Previous_Delta_AtEntry,FLOW_BURST_QUALITY,Body_OR_Ratio_AtEntry,AUCTION_THEORY,-0.19504263073426642,-0.12666068617131646,0.19504263073426642,0
Dist_OR_High_Ticks,AUCTION_THEORY,Prior_Closed_ATR5_Ticks_AtEntry,AUCTION_THEORY,-0.19491084835042616,-0.25830010933001274,0.19491084835042616,0
PreBurst_Impulse_Survival_Seconds,AUCTION_THEORY,PreBurst_Impulse_Decay_Slope_5s,PERSISTENCE_EXHAUSTION,0.19477725336879445,0.08907070814763918,0.19477725336879445,0
Delta3s,FLOW_BURST_QUALITY,Profile_Local_Maxima_Count,AUCTION_THEORY,-0.1947319858678677,-0.0949854311248131,0.1947319858678677,0
CumulativeDeltaWindow,FLOW_BURST_QUALITY,Profile_Local_Maxima_Count,AUCTION_THEORY,-0.1947319858678677,-0.0949854311248131,0.1947319858678677,0
Buy_Imbalance_Count_AtEntry,FLOW_BURST_QUALITY,burst_efficiency_score,EFFORT_VS_RESULT,-0.19472667869562668,-0.21235772542912953,0.19472667869562668,0
Nearest_OR_Edge_Distance_Ticks_AtEntry,AUCTION_THEORY,Signed_Previous_Delta_Share_AtEntry,FLOW_BURST_QUALITY,-0.1943545128176915,-0.11806356041655529,0.1943545128176915,0
Signed_Previous_Delta_Share_AtEntry,FLOW_BURST_QUALITY,distance_nearest_or_edge_ticks,AUCTION_THEORY,-0.1943545128176915,-0.11806356041655527,0.1943545128176915,0
Dist_VWAP_Ticks,AUCTION_THEORY,Seconds_From_Open_AtEntry,TIME_REGIME,-0.19433623014683848,-0.219693339911483,0.19433623014683848,0
BreakOut_TICKS_PER_SEC_AtEntry,OTHER_CAUSAL_CONTEXT,or_position_fraction,AUCTION_THEORY,-0.19404731508798054,-0.06978819818712452,0.19404731508798054,0
ContractsPerSecond,FLOW_BURST_QUALITY,BreakOut_TICKS_PER_SEC_AtEntry,OTHER_CAUSAL_CONTEXT,0.19395755407964865,0.48445982577413527,0.19395755407964865,0
Dist_POC_Ticks,AUCTION_THEORY,distance_nearest_or_edge_ticks,AUCTION_THEORY,-0.19392076354417967,-0.22732372788852362,0.19392076354417967,0
Dist_POC_Ticks,AUCTION_THEORY,Nearest_OR_Edge_Distance_Ticks_AtEntry,AUCTION_THEORY,-0.19392076354417967,-0.22732372788852373,0.19392076354417967,0
signed_velocity_3s,PERSISTENCE_EXHAUSTION,delta_share_of_volume,FLOW_BURST_QUALITY,-0.1938263800800714,-0.19180033014580236,0.1938263800800714,0
Score_AtEntry,OTHER_CAUSAL_CONTEXT,PreEntry_Volume_Climax_Ratio_AtEntry,FLOW_BURST_QUALITY,0.19371531346315324,0.21131856487274622,0.19371531346315324,0
Body_OR_Ratio_AtEntry,AUCTION_THEORY,signed_velocity_3s,PERSISTENCE_EXHAUSTION,0.19359330013575635,0.15401958107307653,0.19359330013575635,0
Signed_Delta_Share_AtEntry,FLOW_BURST_QUALITY,flow_price_alignment,OTHER_CAUSAL_CONTEXT,-0.19357074247804731,-0.16130284312087584,0.19357074247804731,0
Dist_LVN_Ticks,AUCTION_THEORY,signed_delta_change_1s,FLOW_BURST_QUALITY,0.19354961074052815,0.1788898608930402,0.19354961074052815,0
Body_OR_Ratio_AtEntry,AUCTION_THEORY,Prior_Closed_ATR3_Ticks_AtEntry,AUCTION_THEORY,-0.1934824022669667,-0.1596620163800837,0.1934824022669667,0
Volume_AtEntry,FLOW_BURST_QUALITY,signed_velocity_3s,PERSISTENCE_EXHAUSTION,-0.19330216285611754,-0.1915199273536059,0.19330216285611754,0
Acceleration3s,PERSISTENCE_EXHAUSTION,Profile_Skewness,AUCTION_THEORY,0.19325772631427043,0.23046585201281405,0.19325772631427043,0
Profile_Local_Maxima_Count,AUCTION_THEORY,Nearest_OR_Edge_Acceptance_Ratio3_AtEntry,ACCEPTANCE_RECLAIM,0.1931987407674669,0.16564877120922974,0.1931987407674669,0
PeakNegativeDelta,FLOW_BURST_QUALITY,Profile_Local_Maxima_Count,AUCTION_THEORY,-0.1931660386370359,-0.10135708246858642,0.1931660386370359,0
profile_confluence_4t,AUCTION_THEORY,distance_nearest_or_edge_ticks,AUCTION_THEORY,-0.1929073980345544,-0.10858574773072861,0.1929073980345544,0
Nearest_OR_Edge_Distance_Ticks_AtEntry,AUCTION_THEORY,profile_confluence_4t,AUCTION_THEORY,-0.1929073980345544,-0.10858574773072861,0.1929073980345544,0
Dist_VWAP_Ticks,AUCTION_THEORY,minute_from_open,TIME_REGIME,-0.19267145148512507,-0.2197245088413714,0.19267145148512507,0
Dist_VWAP_Ticks,AUCTION_THEORY,seconds_from_open,TIME_REGIME,-0.19267145148512507,-0.2197245088413715,0.19267145148512507,0
Buy_Imbalance_Count_AtEntry,FLOW_BURST_QUALITY,absorption_pressure_1s,EFFORT_VS_RESULT,0.19259358380159944,-0.0024139364164149683,0.19259358380159944,0
Buy_Imbalance_Count_AtEntry,FLOW_BURST_QUALITY,Directional_OR_Extension_Ticks_AtEntry,AUCTION_THEORY,0.19241720339863297,0.06140600134398816,0.19241720339863297,0
Dist_HVN_Ticks,AUCTION_THEORY,Profile_Concentration,AUCTION_THEORY,0.192354935782642,0.21653112664475604,0.192354935782642,0
Delta5s,FLOW_BURST_QUALITY,Profile_Normalized_Entropy,AUCTION_THEORY,-0.19210475062396837,-0.16676642611052772,0.19210475062396837,0
DeltaChangeZScore,FLOW_BURST_QUALITY,OR_WidthTicks,AUCTION_THEORY,-0.1917659442827073,-0.10051958865110822,0.1917659442827073,0
DeltaChangeZScore,FLOW_BURST_QUALITY,range,OTHER_CAUSAL_CONTEXT,-0.1917659442827073,-0.10051958865110831,0.1917659442827073,0
PreBurst_Price_Per_Volume_3s,EFFORT_VS_RESULT,distance_nearest_profile_reference_ticks,AUCTION_THEORY,-0.19169337719942936,-0.15208830370797544,0.19169337719942936,0
signed_velocity_1s,PERSISTENCE_EXHAUSTION,profile_confluence_4t,AUCTION_THEORY,-0.1915268826071566,-0.13333582355390858,0.1915268826071566,0
Dist_OR_High_Ticks,AUCTION_THEORY,directional_poc_distance,AUCTION_THEORY,-0.1913126038807682,-0.2615218614221563,0.1913126038807682,0
OR_WidthTicks,AUCTION_THEORY,PreBurst_Rotation_Index_10s,TEMPORAL_SEQUENCE,0.19106786971330086,0.25596456688442326,0.19106786971330086,0
PreBurst_Rotation_Index_10s,TEMPORAL_SEQUENCE,range,OTHER_CAUSAL_CONTEXT,0.19106786971330086,0.25596456688442326,0.19106786971330086,0
Profile_Position_Percentile,AUCTION_THEORY,directional_vwap_distance,AUCTION_THEORY,-0.19105477061278592,-0.11606570418243063,0.19105477061278592,0
Dist_OR_Low_Ticks,AUCTION_THEORY,Cumulative_Delta_AtEntry,FLOW_BURST_QUALITY,0.19105183873793707,0.22371170571295637,0.19105183873793707,0
Score_AtEntry,OTHER_CAUSAL_CONTEXT,Prior_Closed_ATR5_Ticks_AtEntry,AUCTION_THEORY,-0.19104061270503006,-0.1541688769642408,0.19104061270503006,0
Profile_Std_Ticks,AUCTION_THEORY,execution_side_sign,OTHER_CAUSAL_CONTEXT,0.19101707823880504,0.13257005094844143,0.19101707823880504,0
delta_share_of_volume,FLOW_BURST_QUALITY,directional_vwap_distance,AUCTION_THEORY,-0.19076342831363027,-0.1799106042247169,0.19076342831363027,0
Sell_Imbalance_Count_AtEntry,FLOW_BURST_QUALITY,signed_velocity_decay_1_5,PERSISTENCE_EXHAUSTION,0.19074147814454978,0.18975907657394947,0.19074147814454978,0
Delta5s,FLOW_BURST_QUALITY,Profile_Effective_Nodes,AUCTION_THEORY,-0.19056140531002463,-0.11642290081920263,0.19056140531002463,0
Sell_Imbalance_Count_AtEntry,FLOW_BURST_QUALITY,signed_acceleration_1s,PERSISTENCE_EXHAUSTION,-0.190405964881904,-0.1804104400538084,0.190405964881904,0
PreBurst_Path_Efficiency_10s,TEMPORAL_SEQUENCE,Delta_AtEntry,FLOW_BURST_QUALITY,0.1903958074888675,0.17079224361644868,0.1903958074888675,0
DeltaChangeZScore,FLOW_BURST_QUALITY,Prior_Closed_ATR5_Ticks_AtEntry,AUCTION_THEORY,-0.19008299199259301,-0.14297144302321152,0.19008299199259301,0
PreBurst_Path_Efficiency_10s,TEMPORAL_SEQUENCE,price_impact_per_100_contracts,EFFORT_VS_RESULT,0.19008201817482848,0.1908121634181282,0.19008201817482848,0
Signed_Delta_Share_AtEntry,FLOW_BURST_QUALITY,signed_velocity_3s,PERSISTENCE_EXHAUSTION,-0.1894869182889256,-0.18207523783678475,0.1894869182889256,0
PreBurst_Local_Entropy_10s,TEMPORAL_SEQUENCE,signed_delta_1s,FLOW_BURST_QUALITY,0.18944716853718474,0.12474612582255538,0.18944716853718474,0
Profile_Local_Maxima_Count,AUCTION_THEORY,Nearest_OR_Edge_Retest_Count_AtEntry,ACCEPTANCE_RECLAIM,0.18858013905179513,0.17574941395537128,0.18858013905179513,0
Previous_Delta_AtEntry,FLOW_BURST_QUALITY,Seconds_From_Open_AtEntry,TIME_REGIME,-0.18856999748972655,-0.19285459627206858,0.18856999748972655,0
Delta3s,FLOW_BURST_QUALITY,Profile_Normalized_Entropy,AUCTION_THEORY,-0.18842613265445302,-0.16283363652656468,0.18842613265445302,0
CumulativeDeltaWindow,FLOW_BURST_QUALITY,Profile_Normalized_Entropy,AUCTION_THEORY,-0.18842613265445302,-0.16283363652656468,0.18842613265445302,0
ContractsPerSecond,FLOW_BURST_QUALITY,signed_velocity_1s,PERSISTENCE_EXHAUSTION,0.18840155585903787,0.2906464799704355,0.18840155585903787,0
Previous_Delta_AtEntry,FLOW_BURST_QUALITY,Buy_Imbalance_Count_AtEntry,FLOW_BURST_QUALITY,0.18836540324378734,0.09708968027303236,0.18836540324378734,0
Score_AtEntry,OTHER_CAUSAL_CONTEXT,mean_trade_size,FLOW_BURST_QUALITY,0.18828587759456236,0.11837977873042689,0.18828587759456236,0
DeltaPercentile,FLOW_BURST_QUALITY,Profile_Effective_Nodes,AUCTION_THEORY,-0.18827349461685705,-0.12189424515606634,0.18827349461685705,0
absorption_pressure_1s,EFFORT_VS_RESULT,delta_share_of_volume,FLOW_BURST_QUALITY,0.18812163063489595,0.13469857691941142,0.18812163063489595,0
PreBurst_Impulse_Decay_Slope_5s,PERSISTENCE_EXHAUSTION,PreEntry_Range_Compression3_AtEntry,OTHER_CAUSAL_CONTEXT,-0.18808576972926536,-0.15055087306612525,0.18808576972926536,0
Profile_Excess_Kurtosis,AUCTION_THEORY,Body_AtEntry,OTHER_CAUSAL_CONTEXT,0.18768757339572978,0.20554235288191203,0.18768757339572978,0
Cumulative_Delta_AtEntry,FLOW_BURST_QUALITY,delta_share_of_volume,FLOW_BURST_QUALITY,0.1876532480921345,0.15505646422410355,0.1876532480921345,0
Previous_Delta_AtEntry,FLOW_BURST_QUALITY,minute_from_open,TIME_REGIME,-0.18752221103956637,-0.19281920821966428,0.18752221103956637,0
Previous_Delta_AtEntry,FLOW_BURST_QUALITY,seconds_from_open,TIME_REGIME,-0.18752221103956637,-0.1928192082196644,0.18752221103956637,0
Dist_HVN_Ticks,AUCTION_THEORY,Profile_Std_Ticks,AUCTION_THEORY,-0.1872764775653884,-0.12976142692276826,0.1872764775653884,0
PreBurst_Local_Entropy_10s,TEMPORAL_SEQUENCE,Profile_Local_Maxima_Count,AUCTION_THEORY,0.18723848061267354,0.13557216063355673,0.18723848061267354,0
Body_OR_Ratio_AtEntry,AUCTION_THEORY,signed_acceleration_1s,PERSISTENCE_EXHAUSTION,0.18720386855382895,0.10287723344679094,0.18720386855382895,0
Delta_Change_AtEntry,FLOW_BURST_QUALITY,Body_OR_Ratio_AtEntry,AUCTION_THEORY,0.18713755643226357,0.16606465398897227,0.18713755643226357,0
delta_persistence_3_5,PERSISTENCE_EXHAUSTION,signed_delta_decay_1_5,PERSISTENCE_EXHAUSTION,0.18712045157342078,0.18834649146679763,0.18712045157342078,0
PeakNegativeDelta,FLOW_BURST_QUALITY,Dist_LVN_Ticks,AUCTION_THEORY,-0.18709422460442765,-0.15967090498801376,0.18709422460442765,0
Dist_POC_Ticks,AUCTION_THEORY,PreEntry_Volume_Climax_Ratio_AtEntry,FLOW_BURST_QUALITY,-0.18695512645601706,-0.22290612975946975,0.18695512645601706,0
PreBurst_Impulse_Decay_Slope_5s,PERSISTENCE_EXHAUSTION,Buy_Imbalance_Count_AtEntry,FLOW_BURST_QUALITY,-0.18662132338804552,-0.17811637848799067,0.18662132338804552,0
PeakPositiveDelta,FLOW_BURST_QUALITY,Profile_Effective_Nodes,AUCTION_THEORY,-0.18659182562743748,-0.05984661188205117,0.18659182562743748,0
delta_share_of_volume,FLOW_BURST_QUALITY,burst_efficiency_score,EFFORT_VS_RESULT,-0.18618040415923418,-0.21611756799926304,0.18618040415923418,0
PreBurst_Path_Efficiency_10s,TEMPORAL_SEQUENCE,Body_AtEntry,OTHER_CAUSAL_CONTEXT,0.18588535062165532,0.10405157599125332,0.18588535062165532,0
Previous_Volume_AtEntry,FLOW_BURST_QUALITY,PreEntry_Directional_Delta_Share3_AtEntry,FLOW_BURST_QUALITY,0.18558376595983012,0.12400142256419243,0.18558376595983012,0
PreBurst_Price_Per_Volume_3s,EFFORT_VS_RESULT,Nearest_OR_Edge_Distance_Ticks_AtEntry,AUCTION_THEORY,0.18558341594974875,0.32567080988869707,0.18558341594974875,0
PreBurst_Price_Per_Volume_3s,EFFORT_VS_RESULT,distance_nearest_or_edge_ticks,AUCTION_THEORY,0.18558341594974875,0.3256708098886969,0.18558341594974875,0
Profile_Excess_Kurtosis,AUCTION_THEORY,Profile_Local_Maxima_Count,AUCTION_THEORY,-0.1852701793272425,-0.015136441428999333,0.1852701793272425,0
Acceleration3s,PERSISTENCE_EXHAUSTION,Seconds_From_Open_AtEntry,TIME_REGIME,-0.18523797621390045,-0.22688885880666113,0.18523797621390045,0
Dist_VAH_Ticks,AUCTION_THEORY,Nearest_OR_Edge_Acceptance_Ratio3_AtEntry,ACCEPTANCE_RECLAIM,-0.18504420970216923,-0.16127960251912413,0.18504420970216923,0
Body_OR_Ratio_AtEntry,AUCTION_THEORY,signed_velocity_decay_1_5,PERSISTENCE_EXHAUSTION,-0.1849001201679572,-0.11288867017381135,0.1849001201679572,0
Dist_POC_Ticks,AUCTION_THEORY,PreBurst_Acceptance_Dwell_Ratio_5s,ACCEPTANCE_RECLAIM,-0.18464279575327885,-0.17026657843132814,0.18464279575327885,0
Previous_Volume_AtEntry,FLOW_BURST_QUALITY,delta_share_of_volume,FLOW_BURST_QUALITY,-0.18403810136062826,-0.14143338922587986,0.18403810136062826,0
Profile_Effective_Nodes,AUCTION_THEORY,PreEntry_Range_Compression3_AtEntry,OTHER_CAUSAL_CONTEXT,-0.18391390969979177,-0.20061916570367166,0.18391390969979177,0
delta_share_of_volume,FLOW_BURST_QUALITY,signed_velocity_decay_1_5,PERSISTENCE_EXHAUSTION,0.18389636991407493,0.19682101224461815,0.18389636991407493,0
PeakPositiveDelta,FLOW_BURST_QUALITY,Profile_Local_Maxima_Count,AUCTION_THEORY,-0.18371445591686056,-0.059221330921580204,0.18371445591686056,0
PreBurst_Local_Entropy_10s,TEMPORAL_SEQUENCE,Profile_Excess_Kurtosis,AUCTION_THEORY,-0.18364914246465333,-0.27305717721887046,0.18364914246465333,0
Acceleration3s,PERSISTENCE_EXHAUSTION,minute_from_open,TIME_REGIME,-0.18332112166283954,-0.2268964213460885,0.18332112166283954,0
Acceleration3s,PERSISTENCE_EXHAUSTION,seconds_from_open,TIME_REGIME,-0.18332112166283954,-0.22689642134608853,0.18332112166283954,0
delta_share_of_volume,FLOW_BURST_QUALITY,directional_poc_distance,AUCTION_THEORY,-0.18327823141459743,-0.16489847019452034,0.18327823141459743,0
Profile_Local_Maxima_Count,AUCTION_THEORY,execution_side_sign,OTHER_CAUSAL_CONTEXT,0.18306318684737366,0.12512206836421494,0.18306318684737366,0
PreBurst_Price_Per_Volume_3s,EFFORT_VS_RESULT,delta_persistence_1_3,PERSISTENCE_EXHAUSTION,0.18246190104146384,0.14564751636403758,0.18246190104146384,0
Velocity1s,PERSISTENCE_EXHAUSTION,Nearest_OR_Edge_Retest_Count_AtEntry,ACCEPTANCE_RECLAIM,-0.18237883398745688,-0.1834984883610869,0.18237883398745688,0
TicksPerSecond,TIME_REGIME,Nearest_OR_Edge_Retest_Count_AtEntry,ACCEPTANCE_RECLAIM,-0.18237883398745688,-0.1834984883610869,0.18237883398745688,0
PreBurst_Impulse_Decay_Slope_5s,PERSISTENCE_EXHAUSTION,mean_trade_size,FLOW_BURST_QUALITY,-0.18226394647378788,-0.1438294082475541,0.18226394647378788,0
PreBurst_Path_Efficiency_10s,TEMPORAL_SEQUENCE,Signed_Delta_Share_AtEntry,FLOW_BURST_QUALITY,-0.18213740080434587,-0.18117687039067865,0.18213740080434587,0
PreBurst_Local_Entropy_10s,TEMPORAL_SEQUENCE,delta_share_of_volume,FLOW_BURST_QUALITY,0.1816352280879872,0.20868563910649401,0.1816352280879872,0
Body_OR_Ratio_AtEntry,AUCTION_THEORY,price_impact_per_100_contracts,EFFORT_VS_RESULT,0.18157141157305867,0.13599321038150855,0.18157141157305867,0
OR_WidthTicks,AUCTION_THEORY,or_position_fraction,AUCTION_THEORY,-0.1811671965572253,-0.03833910170744837,0.1811671965572253,0
range,OTHER_CAUSAL_CONTEXT,or_position_fraction,AUCTION_THEORY,-0.1811671965572253,-0.03833910170744826,0.1811671965572253,0
PreBurst_Rotation_Index_10s,TEMPORAL_SEQUENCE,acceleration_velocity_ratio,PERSISTENCE_EXHAUSTION,0.1811604307220937,0.07305646561892233,0.1811604307220937,0
Previous_Delta_AtEntry,FLOW_BURST_QUALITY,Nearest_OR_Edge_Retest_Count_AtEntry,ACCEPTANCE_RECLAIM,-0.18111777908408142,-0.1679835103758542,0.18111777908408142,0
Body_OR_Ratio_AtEntry,AUCTION_THEORY,Prior_Closed_ATR5_Ticks_AtEntry,AUCTION_THEORY,-0.18095879713095261,-0.1575015971939466,0.18095879713095261,0
PreEntry_Directional_Delta_Share3_AtEntry,FLOW_BURST_QUALITY,PreEntry_Volume_Climax_Ratio_AtEntry,FLOW_BURST_QUALITY,-0.18089503268613738,-0.060382069832111834,0.18089503268613738,0
Dist_VAH_Ticks,AUCTION_THEORY,Profile_Normalized_Entropy,AUCTION_THEORY,-0.1797646199993033,-0.1787070639090052,0.1797646199993033,0
CumulativeDeltaWindow,FLOW_BURST_QUALITY,Profile_Std_Ticks,AUCTION_THEORY,-0.17968617060201247,-0.09700401232090261,0.17968617060201247,0
Delta3s,FLOW_BURST_QUALITY,Profile_Std_Ticks,AUCTION_THEORY,-0.17968617060201247,-0.09700401232090261,0.17968617060201247,0
Volume_AtEntry,FLOW_BURST_QUALITY,PreEntry_Directional_Delta_Share3_AtEntry,FLOW_BURST_QUALITY,0.17930559991821052,0.18501223822810484,0.17930559991821052,0
PreBurst_Reclaim_Count_10s,ACCEPTANCE_RECLAIM,PreBurst_Rotation_Index_10s,TEMPORAL_SEQUENCE,0.17899257095192972,0.1881443794226753,0.17899257095192972,0
CumulativeDeltaWindow,FLOW_BURST_QUALITY,delta_persistence_1_3,PERSISTENCE_EXHAUSTION,0.178498304145685,0.1439048225649839,0.178498304145685,0
Delta3s,FLOW_BURST_QUALITY,delta_persistence_1_3,PERSISTENCE_EXHAUSTION,0.178498304145685,0.1439048225649839,0.178498304145685,0
Directional_OR_Extension_Ticks_AtEntry,AUCTION_THEORY,velocity_consistency,PERSISTENCE_EXHAUSTION,-0.17837605382470473,-0.24936195819723073,0.17837605382470473,0
Profile_Effective_Nodes,AUCTION_THEORY,BreakOut_TICKS_PER_SEC_AtEntry,OTHER_CAUSAL_CONTEXT,0.17829943000953874,0.2150177285408391,0.17829943000953874,0
signed_velocity_3s,PERSISTENCE_EXHAUSTION,delta_persistence_3_5,PERSISTENCE_EXHAUSTION,-0.17820072797249906,-0.14861087832380962,0.17820072797249906,0
Dist_HVN_Ticks,AUCTION_THEORY,velocity_consistency,PERSISTENCE_EXHAUSTION,0.17807521704647866,0.08837473462734181,0.17807521704647866,0
Body_OR_Ratio_AtEntry,AUCTION_THEORY,distance_nearest_profile_reference_ticks,AUCTION_THEORY,-0.17799265163315067,-0.18810701869166452,0.17799265163315067,0
Body_AtEntry,OTHER_CAUSAL_CONTEXT,delta_share_of_volume,FLOW_BURST_QUALITY,-0.1779835314351735,-0.11549551089942371,0.1779835314351735,0
Dist_OR_Low_Ticks,AUCTION_THEORY,PreEntry_Directional_Delta_Share3_AtEntry,FLOW_BURST_QUALITY,0.17772969445760373,0.06919094309856066,0.17772969445760373,0
Dist_VAL_Ticks,AUCTION_THEORY,vwap_poc_spread_ticks,AUCTION_THEORY,0.17729695058088446,0.16053529121611973,0.17729695058088446,0
Dist_VAH_Ticks,AUCTION_THEORY,Profile_Excess_Kurtosis,AUCTION_THEORY,0.177220417371722,0.14871667292748456,0.177220417371722,0
DeltaChangeZScore,FLOW_BURST_QUALITY,Nearest_OR_Edge_Distance_Ticks_AtEntry,AUCTION_THEORY,-0.17698484572818438,-0.10422994653093579,0.17698484572818438,0
DeltaChangeZScore,FLOW_BURST_QUALITY,distance_nearest_or_edge_ticks,AUCTION_THEORY,-0.17698484572818438,-0.10422994653093587,0.17698484572818438,0
Dist_HVN_Ticks,AUCTION_THEORY,range,OTHER_CAUSAL_CONTEXT,-0.17695500499392328,-0.11550792763102756,0.17695500499392328,0
OR_WidthTicks,AUCTION_THEORY,Dist_HVN_Ticks,AUCTION_THEORY,-0.17695500499392328,-0.11550792763102759,0.17695500499392328,0
Dist_VWAP_Ticks,AUCTION_THEORY,PreBurst_Acceptance_Dwell_Ratio_5s,ACCEPTANCE_RECLAIM,-0.17645176771444063,-0.18904485631015983,0.17645176771444063,0
month_index,TIME_REGIME,or_position_fraction,AUCTION_THEORY,-0.17605905871124622,-0.19456291757803618,0.17605905871124622,0
PeakPositiveDelta,FLOW_BURST_QUALITY,Score_AtEntry,OTHER_CAUSAL_CONTEXT,0.17604935862663396,0.11152591119135605,0.17604935862663396,0
Dist_VAL_Ticks,AUCTION_THEORY,Cumulative_Delta_AtEntry,FLOW_BURST_QUALITY,0.17600575067266971,0.21074230489058757,0.17600575067266971,0
BreakOut_TICKS_PER_SEC_AtEntry,OTHER_CAUSAL_CONTEXT,Nearest_OR_Edge_Acceptance_Ratio3_AtEntry,ACCEPTANCE_RECLAIM,0.1757933219810002,0.20886381775081678,0.1757933219810002,0
Directional_OR_Extension_Ticks_AtEntry,AUCTION_THEORY,PreEntry_Volume_Climax_Ratio_AtEntry,FLOW_BURST_QUALITY,-0.1757097191866437,-0.11851904138308245,0.1757097191866437,0
PreBurst_Price_Per_Volume_3s,EFFORT_VS_RESULT,Buy_Imbalance_Count_AtEntry,FLOW_BURST_QUALITY,-0.17545365100804997,-0.2244500065550909,0.17545365100804997,0
PreBurst_Path_Efficiency_10s,TEMPORAL_SEQUENCE,Profile_Effective_Nodes,AUCTION_THEORY,-0.1753618281718518,-0.20611066118013865,0.1753618281718518,0
Nearest_OR_Edge_Acceptance_Ratio3_AtEntry,ACCEPTANCE_RECLAIM,absorption_pressure_1s,EFFORT_VS_RESULT,0.17531200935428198,0.053043421230458215,0.17531200935428198,0
Delta5s,FLOW_BURST_QUALITY,Profile_Skewness,AUCTION_THEORY,0.17528635377007656,0.1725616194695836,0.17528635377007656,0
DeltaPercentile,FLOW_BURST_QUALITY,signed_velocity_3s,PERSISTENCE_EXHAUSTION,-0.17511170566427373,-0.14938155665168143,0.17511170566427373,0
ContractsPerSecond,FLOW_BURST_QUALITY,PreBurst_Price_Per_Delta_3s,EFFORT_VS_RESULT,-0.17506424642665197,-0.1443941881329188,0.17506424642665197,0
Body_OR_Ratio_AtEntry,AUCTION_THEORY,velocity_consistency,PERSISTENCE_EXHAUSTION,0.17498890216120191,0.07798692188139597,0.17498890216120191,0
PreEntry_Volume_Climax_Ratio_AtEntry,FLOW_BURST_QUALITY,distance_nearest_or_edge_ticks,AUCTION_THEORY,0.17495342275741113,0.26763323678449447,0.17495342275741113,0
Nearest_OR_Edge_Distance_Ticks_AtEntry,AUCTION_THEORY,PreEntry_Volume_Climax_Ratio_AtEntry,FLOW_BURST_QUALITY,0.17495342275741113,0.2676332367844944,0.17495342275741113,0
Delta2s,FLOW_BURST_QUALITY,Profile_Effective_Nodes,AUCTION_THEORY,-0.17481738354923004,-0.09954119729335827,0.17481738354923004,0
PreBurst_Impulse_Survival_Seconds,AUCTION_THEORY,Directional_VWAP_Distance_Ticks_AtEntry,AUCTION_THEORY,-0.17462526780229434,-0.126775876386948,0.17462526780229434,0
Profile_Normalized_Entropy,AUCTION_THEORY,Score_AtEntry,OTHER_CAUSAL_CONTEXT,-0.1745971629494232,-0.17011533464586553,0.1745971629494232,0
Acceleration1s,PERSISTENCE_EXHAUSTION,Cumulative_Delta_AtEntry,FLOW_BURST_QUALITY,0.1745208040035739,0.16489078222365688,0.1745208040035739,0
Signed_Delta_Share_AtEntry,FLOW_BURST_QUALITY,velocity_consistency,PERSISTENCE_EXHAUSTION,-0.17440698033696747,-0.16111247968148215,0.17440698033696747,0
Profile_Concentration,AUCTION_THEORY,execution_side_sign,OTHER_CAUSAL_CONTEXT,-0.17428565532737686,-0.19362639210056462,0.17428565532737686,0
Dist_OR_Low_Ticks,AUCTION_THEORY,directional_poc_distance,AUCTION_THEORY,-0.17414492013859093,-0.085203709309841,0.17414492013859093,0
DeltaChange1s,FLOW_BURST_QUALITY,Profile_Effective_Nodes,AUCTION_THEORY,-0.17414385274423544,-0.10325981181523775,0.17414385274423544,0
Profile_Concentration,AUCTION_THEORY,Body_OR_Ratio_AtEntry,AUCTION_THEORY,0.17389416373046732,0.1481039743135908,0.17389416373046732,0
signed_delta_decay_1_5,PERSISTENCE_EXHAUSTION,execution_cvd_alignment,OTHER_CAUSAL_CONTEXT,0.17384979092597366,0.1373313695663149,0.17384979092597366,0
Delta5s,FLOW_BURST_QUALITY,Profile_Local_Maxima_Count,AUCTION_THEORY,-0.17382929797516186,-0.09726814535817199,0.17382929797516186,0
Nearest_OR_Edge_Acceptance_Ratio3_AtEntry,ACCEPTANCE_RECLAIM,burst_efficiency_score,EFFORT_VS_RESULT,-0.17379163845031229,-0.15489127446486137,0.17379163845031229,0
Dist_HVN_Ticks,AUCTION_THEORY,Nearest_OR_Edge_Distance_Ticks_AtEntry,AUCTION_THEORY,-0.1737367844919491,-0.14562438521938145,0.1737367844919491,0
Dist_HVN_Ticks,AUCTION_THEORY,distance_nearest_or_edge_ticks,AUCTION_THEORY,-0.1737367844919491,-0.14562438521938142,0.1737367844919491,0
mean_trade_size,FLOW_BURST_QUALITY,velocity_consistency,PERSISTENCE_EXHAUSTION,-0.17353246674635198,-0.22104567307147116,0.17353246674635198,0
PreEntry_Directional_Delta_Share3_AtEntry,FLOW_BURST_QUALITY,PreEntry_Range_Compression3_AtEntry,OTHER_CAUSAL_CONTEXT,-0.1733460818434668,-0.15303225081660243,0.1733460818434668,0
ContractsPerSecond,FLOW_BURST_QUALITY,execution_cvd_alignment,OTHER_CAUSAL_CONTEXT,-0.17332008791290257,-0.14200331608310132,0.17332008791290257,0
PeakNegativeDelta,FLOW_BURST_QUALITY,Profile_Concentration,AUCTION_THEORY,0.17327342178096114,0.18189608338952495,0.17327342178096114,0
PreBurst_Price_Per_Volume_3s,EFFORT_VS_RESULT,Volume_AtEntry,FLOW_BURST_QUALITY,-0.1731163991393864,-0.1357010246634083,0.1731163991393864,0
signed_delta_1s,FLOW_BURST_QUALITY,execution_cvd_alignment,OTHER_CAUSAL_CONTEXT,-0.17296828348247917,-0.12049813485397466,0.17296828348247917,0
Signed_Delta_Share_AtEntry,FLOW_BURST_QUALITY,signed_delta_change_1s,FLOW_BURST_QUALITY,-0.1728555832646156,-0.29724664407315654,0.1728555832646156,0
Nearest_OR_Edge_Retest_Count_AtEntry,ACCEPTANCE_RECLAIM,absorption_pressure_1s,EFFORT_VS_RESULT,0.1727402666471946,0.04536126506263388,0.1727402666471946,0
PeakNegativeDelta,FLOW_BURST_QUALITY,PreBurst_Local_Entropy_10s,TEMPORAL_SEQUENCE,-0.17256468574635203,-0.09085009262688053,0.17256468574635203,0
Acceleration3s,PERSISTENCE_EXHAUSTION,Signed_Previous_Delta_Share_AtEntry,FLOW_BURST_QUALITY,-0.17230869923530026,-0.17810887032907197,0.17230869923530026,0
Delta_Change_AtEntry,FLOW_BURST_QUALITY,PreEntry_Directional_Efficiency3_AtEntry,OTHER_CAUSAL_CONTEXT,-0.17202868463281074,-0.13223674156020748,0.17202868463281074,0
PreEntry_Volume_Climax_Ratio_AtEntry,FLOW_BURST_QUALITY,month_index,TIME_REGIME,0.1719542836954985,0.15700898659525014,0.1719542836954985,0
PreBurst_Impulse_Decay_Slope_5s,PERSISTENCE_EXHAUSTION,month_index,TIME_REGIME,-0.17169662695706356,-0.1852840144653736,0.17169662695706356,0
Nearest_OR_Edge_Retest_Count_AtEntry,ACCEPTANCE_RECLAIM,burst_efficiency_score,EFFORT_VS_RESULT,-0.17126009720994284,-0.08385474759763785,0.17126009720994284,0
Dist_OR_High_Ticks,AUCTION_THEORY,PreEntry_Volume_Climax_Ratio_AtEntry,FLOW_BURST_QUALITY,-0.171240903489877,-0.21385667416291956,0.171240903489877,0
PreBurst_Local_Entropy_10s,TEMPORAL_SEQUENCE,flow_price_alignment,OTHER_CAUSAL_CONTEXT,-0.17114896865893545,-0.13445359428587333,0.17114896865893545,0
Profile_Std_Ticks,AUCTION_THEORY,BreakOut_TICKS_PER_SEC_AtEntry,OTHER_CAUSAL_CONTEXT,0.17100346486008197,0.2087677099968531,0.17100346486008197,0
signed_velocity_3s,PERSISTENCE_EXHAUSTION,delta_persistence_1_3,PERSISTENCE_EXHAUSTION,0.17099257958391673,0.12990159755862032,0.17099257958391673,0
Nearest_OR_Edge_Acceptance_Ratio3_AtEntry,ACCEPTANCE_RECLAIM,execution_cvd_alignment,OTHER_CAUSAL_CONTEXT,0.1708065315339366,0.16532152837830136,0.1708065315339366,0
Body_OR_Ratio_AtEntry,AUCTION_THEORY,mean_trade_size,FLOW_BURST_QUALITY,-0.1706446811722402,-0.07663484119986846,0.1706446811722402,0
Velocity1s,PERSISTENCE_EXHAUSTION,Seconds_From_Open_AtEntry,TIME_REGIME,-0.17049313401526406,-0.20950756927582218,0.17049313401526406,0
TicksPerSecond,TIME_REGIME,Seconds_From_Open_AtEntry,TIME_REGIME,-0.17049313401526406,-0.20950756927582218,0.17049313401526406,0
Dist_OR_High_Ticks,AUCTION_THEORY,directional_vwap_distance,AUCTION_THEORY,-0.17007121347438944,-0.22941733857987873,0.17007121347438944,0
PeakPositiveDelta,FLOW_BURST_QUALITY,Prior_Closed_ATR5_Ticks_AtEntry,AUCTION_THEORY,-0.1698537803277031,-0.09515362530973379,0.1698537803277031,0
DeltaChange1s,FLOW_BURST_QUALITY,Nearest_OR_Edge_Retest_Count_AtEntry,ACCEPTANCE_RECLAIM,-0.16978490010908315,-0.15501944918482463,0.16978490010908315,0
signed_delta_change_1s,FLOW_BURST_QUALITY,execution_cvd_alignment,OTHER_CAUSAL_CONTEXT,-0.16973666294797632,-0.1353433364193522,0.16973666294797632,0
Delta1s,FLOW_BURST_QUALITY,Profile_Effective_Nodes,AUCTION_THEORY,-0.16963904434881594,-0.10183483780065207,0.16963904434881594,0
Buy_Imbalance_Count_AtEntry,FLOW_BURST_QUALITY,signed_velocity_decay_1_5,PERSISTENCE_EXHAUSTION,0.16939180759563044,0.15171140785064646,0.16939180759563044,0
Previous_Delta_AtEntry,FLOW_BURST_QUALITY,profile_confluence_4t,AUCTION_THEORY,0.16915614314178504,0.14349464831276573,0.16915614314178504,0
PreBurst_Impulse_Survival_Seconds,AUCTION_THEORY,signed_delta_change_1s,FLOW_BURST_QUALITY,-0.16905734235478367,-0.11386927175137722,0.16905734235478367,0
TradesPerSecond,TIME_REGIME,Body_AtEntry,OTHER_CAUSAL_CONTEXT,0.16902581076910783,0.1302095840776695,0.16902581076910783,0
Dist_LVN_Ticks,AUCTION_THEORY,Buy_Imbalance_Count_AtEntry,FLOW_BURST_QUALITY,-0.16889534448808335,-0.10967622415099408,0.16889534448808335,0
flow_price_alignment,OTHER_CAUSAL_CONTEXT,or_position_fraction,AUCTION_THEORY,0.16887012834141543,0.12861124555888914,0.16887012834141543,0
DeltaChangeZScore,FLOW_BURST_QUALITY,Nearest_OR_Edge_Retest_Count_AtEntry,ACCEPTANCE_RECLAIM,-0.16885748130800998,-0.15131677999219706,0.16885748130800998,0
Signed_Previous_Delta_Share_AtEntry,FLOW_BURST_QUALITY,flow_price_alignment,OTHER_CAUSAL_CONTEXT,-0.16874945253764176,-0.16927486411535686,0.16874945253764176,0
TicksPerSecond,TIME_REGIME,seconds_from_open,TIME_REGIME,-0.1686843982020268,-0.20953150659453748,0.1686843982020268,0
Velocity1s,PERSISTENCE_EXHAUSTION,seconds_from_open,TIME_REGIME,-0.1686843982020268,-0.20953150659453748,0.1686843982020268,0
TicksPerSecond,TIME_REGIME,minute_from_open,TIME_REGIME,-0.1686843982020268,-0.20953150659453745,0.1686843982020268,0
Velocity1s,PERSISTENCE_EXHAUSTION,minute_from_open,TIME_REGIME,-0.1686843982020268,-0.20953150659453745,0.1686843982020268,0
Cumulative_Delta_AtEntry,FLOW_BURST_QUALITY,distance_nearest_or_edge_ticks,AUCTION_THEORY,-0.16845803939067955,-0.14267446583815324,0.16845803939067955,0
Cumulative_Delta_AtEntry,FLOW_BURST_QUALITY,Nearest_OR_Edge_Distance_Ticks_AtEntry,AUCTION_THEORY,-0.16845803939067955,-0.14267446583815324,0.16845803939067955,0
DeltaChangeZScore,FLOW_BURST_QUALITY,TradesPerSecond,TIME_REGIME,-0.16845032271346919,-0.09391479783449634,0.16845032271346919,0
Delta5s,FLOW_BURST_QUALITY,Profile_Concentration,AUCTION_THEORY,0.1683680568842705,0.18883439158478946,0.1683680568842705,0
PreEntry_Directional_Delta_Share3_AtEntry,FLOW_BURST_QUALITY,directional_vwap_distance,AUCTION_THEORY,-0.1683488913038531,-0.23045237022235948,0.1683488913038531,0
BuySellRatio,OTHER_CAUSAL_CONTEXT,PreEntry_Directional_Efficiency3_AtEntry,OTHER_CAUSAL_CONTEXT,-0.1681400083939979,-0.2134709822238034,0.1681400083939979,0
Velocity3s,PERSISTENCE_EXHAUSTION,Nearest_OR_Edge_Retest_Count_AtEntry,ACCEPTANCE_RECLAIM,-0.16796952588702208,-0.1711811369451536,0.16796952588702208,0
delta_persistence_1_3,PERSISTENCE_EXHAUSTION,weekday_index,TIME_REGIME,-0.16789721951840192,-0.1338666788820579,0.16789721951840192,0
Delta5s,FLOW_BURST_QUALITY,Profile_Std_Ticks,AUCTION_THEORY,-0.16778368341588404,-0.10078381579953638,0.16778368341588404,0
Profile_Effective_Nodes,AUCTION_THEORY,delta_persistence_3_5,PERSISTENCE_EXHAUSTION,-0.1677019697296114,-0.18001460053418805,0.1677019697296114,0
Velocity5s,PERSISTENCE_EXHAUSTION,Profile_Effective_Nodes,AUCTION_THEORY,-0.16770018544394993,-0.06453151683522186,0.16770018544394993,0
Delta_Change_AtEntry,FLOW_BURST_QUALITY,velocity_consistency,PERSISTENCE_EXHAUSTION,0.16767876333059947,0.10415185866332381,0.16767876333059947,0
Directional_OR_Extension_Ticks_AtEntry,AUCTION_THEORY,delta_share_of_volume,FLOW_BURST_QUALITY,0.16763182334903673,0.15650785966000966,0.16763182334903673,0
Delta2s,FLOW_BURST_QUALITY,Profile_Local_Maxima_Count,AUCTION_THEORY,-0.16760741828657977,-0.0860646895226386,0.16760741828657977,0
Directional_OR_Extension_Ticks_AtEntry,AUCTION_THEORY,minute_from_open,TIME_REGIME,-0.16756499022487953,-0.11773394582062753,0.16756499022487953,0
Directional_OR_Extension_Ticks_AtEntry,AUCTION_THEORY,seconds_from_open,TIME_REGIME,-0.16756499022487953,-0.11773394582062768,0.16756499022487953,0
Seconds_From_Open_AtEntry,TIME_REGIME,Directional_OR_Extension_Ticks_AtEntry,AUCTION_THEORY,-0.16731866616320665,-0.11771333080814478,0.16731866616320665,0
Profile_Position_Percentile,AUCTION_THEORY,Prior_Closed_ATR3_Ticks_AtEntry,AUCTION_THEORY,-0.16708725908132324,-0.0364043882537587,0.16708725908132324,0
Directional_OR_Extension_Ticks_AtEntry,AUCTION_THEORY,flow_price_alignment,OTHER_CAUSAL_CONTEXT,-0.16703003189455642,-0.19075189207102183,0.16703003189455642,0
Dist_OR_Low_Ticks,AUCTION_THEORY,Seconds_From_Open_AtEntry,TIME_REGIME,-0.16690058424443777,-0.15339517806816216,0.16690058424443777,0
Velocity3s,PERSISTENCE_EXHAUSTION,Seconds_From_Open_AtEntry,TIME_REGIME,-0.16685514359237982,-0.21569040644860482,0.16685514359237982,0
Dist_POC_Ticks,AUCTION_THEORY,Directional_OR_Extension_Ticks_AtEntry,AUCTION_THEORY,0.16683927295069448,0.08101477843166166,0.16683927295069448,0
Acceleration1s,PERSISTENCE_EXHAUSTION,Profile_Normalized_Entropy,AUCTION_THEORY,-0.16673065605981136,-0.14624510140881902,0.16673065605981136,0
Delta_AtEntry,FLOW_BURST_QUALITY,Score_AtEntry,OTHER_CAUSAL_CONTEXT,0.16669006001061934,0.16070221110069619,0.16669006001061934,0
PreEntry_Directional_Efficiency3_AtEntry,OTHER_CAUSAL_CONTEXT,profile_confluence_4t,AUCTION_THEORY,0.16664043166890694,0.20128343987263317,0.16664043166890694,0
DeltaChange1s,FLOW_BURST_QUALITY,Profile_Normalized_Entropy,AUCTION_THEORY,-0.16659834691878828,-0.16492355814438528,0.16659834691878828,0
Velocity3s,PERSISTENCE_EXHAUSTION,Profile_Effective_Nodes,AUCTION_THEORY,-0.16640264779779088,-0.03590158532831791,0.16640264779779088,0
PreBurst_Price_Per_Delta_3s,EFFORT_VS_RESULT,delta_share_of_volume,FLOW_BURST_QUALITY,-0.16639035902241825,-0.18711908956575057,0.16639035902241825,0
Dist_LVN_Ticks,AUCTION_THEORY,PreBurst_Path_Efficiency_10s,TEMPORAL_SEQUENCE,-0.16631085720739308,-0.1273088999442942,0.16631085720739308,0
Dist_VAH_Ticks,AUCTION_THEORY,directional_vwap_distance,AUCTION_THEORY,-0.16628548587641057,-0.1774073024175203,0.16628548587641057,0
signed_delta_change_1s,FLOW_BURST_QUALITY,mean_trade_size,FLOW_BURST_QUALITY,0.1662431743562414,0.1660929076036032,0.1662431743562414,0
Delta5s,FLOW_BURST_QUALITY,delta_persistence_1_3,PERSISTENCE_EXHAUSTION,0.16610868631737555,0.14142289286828685,0.16610868631737555,0
PreBurst_Impulse_Decay_Slope_5s,PERSISTENCE_EXHAUSTION,signed_delta_decay_1_5,PERSISTENCE_EXHAUSTION,-0.16593003883996624,-0.285576181709788,0.16593003883996624,0
Previous_Volume_AtEntry,FLOW_BURST_QUALITY,velocity_consistency,PERSISTENCE_EXHAUSTION,-0.16569496682511764,-0.1946443937821683,0.16569496682511764,0
month_index,TIME_REGIME,execution_side_sign,OTHER_CAUSAL_CONTEXT,0.16563193181194227,0.16633764090664907,0.16563193181194227,0
Delta1s,FLOW_BURST_QUALITY,Nearest_OR_Edge_Retest_Count_AtEntry,ACCEPTANCE_RECLAIM,-0.1655089858386998,-0.147933114912071,0.1655089858386998,0
TradesPerSecond,TIME_REGIME,Profile_Excess_Kurtosis,AUCTION_THEORY,0.16532932630316283,0.10815012096519967,0.16532932630316283,0
DeltaChangeZScore,FLOW_BURST_QUALITY,month_index,TIME_REGIME,-0.16522540791732512,-0.17747685874790434,0.16522540791732512,0
Velocity3s,PERSISTENCE_EXHAUSTION,minute_from_open,TIME_REGIME,-0.1650910745761184,-0.21571397868286757,0.1650910745761184,0
Velocity3s,PERSISTENCE_EXHAUSTION,seconds_from_open,TIME_REGIME,-0.1650910745761184,-0.21571397868286757,0.1650910745761184,0
Nearest_OR_Edge_Acceptance_Ratio3_AtEntry,ACCEPTANCE_RECLAIM,liquidity_absorption_score,OTHER_CAUSAL_CONTEXT,0.16503437721890413,0.04860839992067362,0.16503437721890413,0
PreBurst_Acceptance_Dwell_Ratio_5s,ACCEPTANCE_RECLAIM,PreBurst_Local_Entropy_10s,TEMPORAL_SEQUENCE,-0.16500386240600054,-0.15388996188885676,0.16500386240600054,0
Dist_OR_Low_Ticks,AUCTION_THEORY,minute_from_open,TIME_REGIME,-0.16497665675644596,-0.15342658341954823,0.16497665675644596,0
Dist_OR_Low_Ticks,AUCTION_THEORY,seconds_from_open,TIME_REGIME,-0.16497665675644596,-0.15342658341954807,0.16497665675644596,0
BuySellRatio,OTHER_CAUSAL_CONTEXT,Profile_Effective_Nodes,AUCTION_THEORY,-0.16496299586581856,-0.13255517552536875,0.16496299586581856,0
Profile_Local_Maxima_Count,AUCTION_THEORY,Previous_Volume_AtEntry,FLOW_BURST_QUALITY,-0.16484001692855835,-0.16635574654536442,0.16484001692855835,0
Previous_Volume_AtEntry,FLOW_BURST_QUALITY,Previous_Delta_AtEntry,FLOW_BURST_QUALITY,0.16482848450380086,0.1198004603506189,0.16482848450380086,0
Delta10s,FLOW_BURST_QUALITY,month_index,TIME_REGIME,-0.1647864416621192,-0.18391419607439702,0.1647864416621192,0
Delta3s,FLOW_BURST_QUALITY,Profile_Concentration,AUCTION_THEORY,0.16475352909385052,0.17882472815221528,0.16475352909385052,0
CumulativeDeltaWindow,FLOW_BURST_QUALITY,Profile_Concentration,AUCTION_THEORY,0.16475352909385052,0.17882472815221528,0.16475352909385052,0
PreBurst_Reclaim_Count_10s,ACCEPTANCE_RECLAIM,profile_confluence_4t,AUCTION_THEORY,0.16470468717439588,0.17103918504227317,0.16470468717439588,0
PreBurst_Path_Efficiency_10s,TEMPORAL_SEQUENCE,execution_side_sign,OTHER_CAUSAL_CONTEXT,-0.1646412913916005,-0.15287588343898903,0.1646412913916005,0
Volume_AtEntry,FLOW_BURST_QUALITY,Body_OR_Ratio_AtEntry,AUCTION_THEORY,0.16459988219616414,0.2804263331642268,0.16459988219616414,0
Profile_Local_Maxima_Count,AUCTION_THEORY,PreEntry_Volume_Climax_Ratio_AtEntry,FLOW_BURST_QUALITY,0.16456626786437356,0.18896040364048547,0.16456626786437356,0
Profile_Normalized_Entropy,AUCTION_THEORY,Nearest_OR_Edge_Distance_Ticks_AtEntry,AUCTION_THEORY,0.16452704441667393,0.15912383315058143,0.16452704441667393,0
Profile_Normalized_Entropy,AUCTION_THEORY,distance_nearest_or_edge_ticks,AUCTION_THEORY,0.16452704441667393,0.15912383315058146,0.16452704441667393,0
signed_delta_change_1s,FLOW_BURST_QUALITY,absorption_pressure_1s,EFFORT_VS_RESULT,0.16393016264824367,0.06511553308772235,0.16393016264824367,0
PeakNegativeDelta,FLOW_BURST_QUALITY,profile_confluence_4t,AUCTION_THEORY,-0.16390124886208077,-0.10762545732501427,0.16390124886208077,0
Prior_Closed_ATR5_Ticks_AtEntry,AUCTION_THEORY,weekday_index,TIME_REGIME,0.16387645025863706,0.12122277471234937,0.16387645025863706,0
Nearest_OR_Edge_Acceptance_Ratio3_AtEntry,ACCEPTANCE_RECLAIM,price_impact_per_100_contracts,EFFORT_VS_RESULT,-0.16379736816170803,-0.1686175331177194,0.16379736816170803,0
Directional_VWAP_Distance_Ticks_AtEntry,AUCTION_THEORY,Nearest_OR_Edge_Acceptance_Ratio3_AtEntry,ACCEPTANCE_RECLAIM,0.16377311066080638,0.14134209371851184,0.16377311066080638,0
signed_delta_change_1s,FLOW_BURST_QUALITY,burst_efficiency_score,EFFORT_VS_RESULT,-0.16371074696213067,-0.14019377643750305,0.16371074696213067,0
Directional_VWAP_Distance_Ticks_AtEntry,AUCTION_THEORY,directional_poc_distance,AUCTION_THEORY,-0.16366912009293996,-0.20199359108247353,0.16366912009293996,0
Dist_OR_Low_Ticks,AUCTION_THEORY,BreakOut_TICKS_PER_SEC_AtEntry,OTHER_CAUSAL_CONTEXT,-0.16338782582490502,0.02547459201684622,0.16338782582490502,0
Signed_Previous_Delta_Share_AtEntry,FLOW_BURST_QUALITY,Nearest_OR_Edge_Acceptance_Ratio3_AtEntry,ACCEPTANCE_RECLAIM,-0.16324696578888176,-0.15484545881652736,0.16324696578888176,0
PeakNegativeDelta,FLOW_BURST_QUALITY,velocity_consistency,PERSISTENCE_EXHAUSTION,0.16302045638936252,0.13030400575575327,0.16302045638936252,0
Profile_Excess_Kurtosis,AUCTION_THEORY,Prior_Closed_ATR3_Ticks_AtEntry,AUCTION_THEORY,-0.16242134868353456,-0.09030592891059698,0.16242134868353456,0
Delta2s,FLOW_BURST_QUALITY,Profile_Normalized_Entropy,AUCTION_THEORY,-0.1623400601008168,-0.15952366632067383,0.1623400601008168,0
Delta10s,FLOW_BURST_QUALITY,Profile_Effective_Nodes,AUCTION_THEORY,-0.16232761990436625,-0.11965262503524265,0.16232761990436625,0
Profile_Effective_Nodes,AUCTION_THEORY,Previous_Volume_AtEntry,FLOW_BURST_QUALITY,-0.16231020410793587,-0.15131394163765108,0.16231020410793587,0
Dist_VAH_Ticks,AUCTION_THEORY,PreBurst_Acceptance_Dwell_Ratio_5s,ACCEPTANCE_RECLAIM,-0.16225368073803953,-0.1752825285790208,0.16225368073803953,0
Score_AtEntry,OTHER_CAUSAL_CONTEXT,Body_OR_Ratio_AtEntry,AUCTION_THEORY,0.162238786061765,0.19213595139192188,0.162238786061765,0
Volume_AtEntry,FLOW_BURST_QUALITY,weekday_index,TIME_REGIME,0.16207183057757246,0.16991376691664417,0.16207183057757246,0
Profile_Std_Ticks,AUCTION_THEORY,delta_persistence_3_5,PERSISTENCE_EXHAUSTION,-0.161789825645763,-0.1876544886344762,0.161789825645763,0
Dist_HVN_Ticks,AUCTION_THEORY,Profile_Normalized_Entropy,AUCTION_THEORY,-0.1617286781347601,-0.20149942363210072,0.1617286781347601,0
Dist_VAL_Ticks,AUCTION_THEORY,directional_poc_distance,AUCTION_THEORY,-0.16168936886969065,-0.10893281164669243,0.16168936886969065,0
Profile_Position_Percentile,AUCTION_THEORY,distance_nearest_or_edge_ticks,AUCTION_THEORY,-0.1614858923241901,-0.15505464186623302,0.1614858923241901,0
Profile_Position_Percentile,AUCTION_THEORY,Nearest_OR_Edge_Distance_Ticks_AtEntry,AUCTION_THEORY,-0.1614858923241901,-0.155054641866233,0.1614858923241901,0
PreBurst_Impulse_Survival_Seconds,AUCTION_THEORY,Score_AtEntry,OTHER_CAUSAL_CONTEXT,0.16141608419053954,0.17551327364000166,0.16141608419053954,0
Dist_VAH_Ticks,AUCTION_THEORY,range,OTHER_CAUSAL_CONTEXT,-0.16134709078029844,-0.10077338246436499,0.16134709078029844,0
OR_WidthTicks,AUCTION_THEORY,Dist_VAH_Ticks,AUCTION_THEORY,-0.16134709078029844,-0.10077338246436515,0.16134709078029844,0
Body_AtEntry,OTHER_CAUSAL_CONTEXT,mean_trade_size,FLOW_BURST_QUALITY,-0.16118741318683577,-0.0850821042860142,0.16118741318683577,0
Buy_Imbalance_Count_AtEntry,FLOW_BURST_QUALITY,price_impact_per_100_contracts,EFFORT_VS_RESULT,-0.1611375315888909,-0.20348543504315011,0.1611375315888909,0
Buy_Imbalance_Count_AtEntry,FLOW_BURST_QUALITY,mean_trade_size,FLOW_BURST_QUALITY,0.16106127830399328,0.08412191910723654,0.16106127830399328,0
Profile_Excess_Kurtosis,AUCTION_THEORY,velocity_consistency,PERSISTENCE_EXHAUSTION,0.1610280082526887,0.13401010058282742,0.1610280082526887,0
Dist_HVN_Ticks,AUCTION_THEORY,Profile_Excess_Kurtosis,AUCTION_THEORY,0.16089559771854395,0.1476102719575453,0.16089559771854395,0
PeakPositiveDelta,FLOW_BURST_QUALITY,Profile_Concentration,AUCTION_THEORY,0.16084202952322774,0.14887256031504176,0.16084202952322774,0
Previous_Volume_AtEntry,FLOW_BURST_QUALITY,Signed_Delta_Share_AtEntry,FLOW_BURST_QUALITY,0.1607442854558491,0.16402950868752428,0.1607442854558491,0
Profile_Normalized_Entropy,AUCTION_THEORY,execution_side_sign,OTHER_CAUSAL_CONTEXT,0.16069137421184146,0.15565541965799265,0.16069137421184146,0
PeakPositiveDelta,FLOW_BURST_QUALITY,Profile_Std_Ticks,AUCTION_THEORY,-0.16068789040454606,-0.04381697217939139,0.16068789040454606,0
Sell_Imbalance_Count_AtEntry,FLOW_BURST_QUALITY,month_index,TIME_REGIME,0.16068552887115686,0.16520392214321347,0.16068552887115686,0
signed_delta_change_1s,FLOW_BURST_QUALITY,signed_velocity_1s,PERSISTENCE_EXHAUSTION,0.16041034832756268,0.2722687833949093,0.16041034832756268,0
Delta1s,FLOW_BURST_QUALITY,Profile_Normalized_Entropy,AUCTION_THEORY,-0.16021619897255268,-0.16294157854123562,0.16021619897255268,0
PreBurst_Rotation_Index_10s,TEMPORAL_SEQUENCE,PreEntry_Range_Compression3_AtEntry,OTHER_CAUSAL_CONTEXT,-0.16014453748207857,-0.19359943439346636,0.16014453748207857,0
Signed_Delta_Share_AtEntry,FLOW_BURST_QUALITY,Nearest_OR_Edge_Acceptance_Ratio3_AtEntry,ACCEPTANCE_RECLAIM,-0.16006101107404397,-0.19980193446693223,0.16006101107404397,0
Dist_LVN_Ticks,AUCTION_THEORY,Nearest_OR_Edge_Retest_Count_AtEntry,ACCEPTANCE_RECLAIM,-0.16002086988183253,-0.14488454908078904,0.16002086988183253,0
Velocity5s,PERSISTENCE_EXHAUSTION,Profile_Concentration,AUCTION_THEORY,0.1598720618532589,0.12975503382088782,0.1598720618532589,0
Dist_HVN_Ticks,AUCTION_THEORY,directional_vwap_distance,AUCTION_THEORY,-0.15953378893150263,-0.05086308020710795,0.15953378893150263,0
Dist_POC_Ticks,AUCTION_THEORY,Cumulative_Delta_AtEntry,FLOW_BURST_QUALITY,0.15938580708393477,0.209059068648402,0.15938580708393477,0
Acceleration3s,PERSISTENCE_EXHAUSTION,PreEntry_Volume_Climax_Ratio_AtEntry,FLOW_BURST_QUALITY,-0.15929471676679066,-0.16953753257020535,0.15929471676679066,0
PreBurst_Path_Efficiency_10s,TEMPORAL_SEQUENCE,Profile_Std_Ticks,AUCTION_THEORY,-0.15907614903481918,-0.2026166293650673,0.15907614903481918,0
PeakNegativeDelta,FLOW_BURST_QUALITY,OR_WidthTicks,AUCTION_THEORY,-0.15907317141512223,-0.03797399804413284,0.15907317141512223,0
PeakNegativeDelta,FLOW_BURST_QUALITY,range,OTHER_CAUSAL_CONTEXT,-0.15907317141512223,-0.03797399804413293,0.15907317141512223,0
Delta1s,FLOW_BURST_QUALITY,Profile_Local_Maxima_Count,AUCTION_THEORY,-0.15900794308014354,-0.0831212383572781,0.15900794308014354,0
distance_nearest_profile_reference_ticks,AUCTION_THEORY,execution_cvd_alignment,OTHER_CAUSAL_CONTEXT,0.15884341499019114,0.15855353456936597,0.15884341499019114,0
delta_persistence_1_3,PERSISTENCE_EXHAUSTION,profile_confluence_4t,AUCTION_THEORY,-0.1587866037694384,-0.15146914198197506,0.1587866037694384,0
PeakNegativeDelta,FLOW_BURST_QUALITY,Nearest_OR_Edge_Retest_Count_AtEntry,ACCEPTANCE_RECLAIM,-0.1586469227635042,-0.15401610509084976,0.1586469227635042,0
Dist_OR_Low_Ticks,AUCTION_THEORY,PreEntry_Volume_Climax_Ratio_AtEntry,FLOW_BURST_QUALITY,-0.15862878954851642,-0.17621284835871387,0.15862878954851642,0
Profile_Std_Ticks,AUCTION_THEORY,Body_OR_Ratio_AtEntry,AUCTION_THEORY,-0.15830988523606948,-0.12719237145607623,0.15830988523606948,0
PreBurst_Price_Per_Delta_3s,EFFORT_VS_RESULT,Volume_AtEntry,FLOW_BURST_QUALITY,-0.15821322348418276,-0.1404908160018744,0.15821322348418276,0
Profile_Normalized_Entropy,AUCTION_THEORY,delta_share_of_volume,FLOW_BURST_QUALITY,0.15804339055328295,0.19563732066425743,0.15804339055328295,0
Profile_Skewness,AUCTION_THEORY,Previous_Delta_AtEntry,FLOW_BURST_QUALITY,0.1577249590218571,0.19622196735383995,0.1577249590218571,0
DeltaPercentile,FLOW_BURST_QUALITY,Profile_Std_Ticks,AUCTION_THEORY,-0.15770002283098353,-0.1023972278187695,0.15770002283098353,0
Directional_OR_Extension_Ticks_AtEntry,AUCTION_THEORY,PreEntry_Directional_Delta_Share3_AtEntry,FLOW_BURST_QUALITY,0.15723751219402973,0.2025353835317276,0.15723751219402973,0
PreBurst_Rotation_Index_10s,TEMPORAL_SEQUENCE,Signed_Previous_Delta_Share_AtEntry,FLOW_BURST_QUALITY,-0.156680393107447,-0.10867896455850902,0.156680393107447,0
DeltaChange1s,FLOW_BURST_QUALITY,Profile_Concentration,AUCTION_THEORY,0.15659974898668508,0.17492998356818876,0.15659974898668508,0
DeltaChangeZScore,FLOW_BURST_QUALITY,Dist_LVN_Ticks,AUCTION_THEORY,-0.1565828455632924,-0.12403668434770306,0.1565828455632924,0
PeakPositiveDelta,FLOW_BURST_QUALITY,Nearest_OR_Edge_Retest_Count_AtEntry,ACCEPTANCE_RECLAIM,-0.1565118680543252,-0.1187903936831328,0.1565118680543252,0
BreakOut_TICKS_PER_SEC_AtEntry,OTHER_CAUSAL_CONTEXT,delta_share_of_volume,FLOW_BURST_QUALITY,-0.1564248158848248,-0.21287264628637004,0.1564248158848248,0
Delta2s,FLOW_BURST_QUALITY,Nearest_OR_Edge_Retest_Count_AtEntry,ACCEPTANCE_RECLAIM,-0.15620928288007915,-0.14035933754704477,0.15620928288007915,0
Sell_Imbalance_Count_AtEntry,FLOW_BURST_QUALITY,PreEntry_Range_Compression3_AtEntry,OTHER_CAUSAL_CONTEXT,-0.15614853427831532,-0.15581416945923265,0.15614853427831532,0
profile_confluence_4t,AUCTION_THEORY,signed_delta_decay_1_5,PERSISTENCE_EXHAUSTION,-0.15598698184320045,-0.1260855991186218,0.15598698184320045,0
signed_velocity_1s,PERSISTENCE_EXHAUSTION,delta_persistence_1_3,PERSISTENCE_EXHAUSTION,-0.1559170170049136,-0.17537647456534416,0.1559170170049136,0
Profile_Effective_Nodes,AUCTION_THEORY,Body_OR_Ratio_AtEntry,AUCTION_THEORY,-0.15573998909847467,-0.1218464786173016,0.15573998909847467,0
DeltaChange1s,FLOW_BURST_QUALITY,Profile_Local_Maxima_Count,AUCTION_THEORY,-0.15566660295634902,-0.07858955178408383,0.15566660295634902,0
DeltaChange1s,FLOW_BURST_QUALITY,TradesPerSecond,TIME_REGIME,-0.15549916087578,-0.09179846592832068,0.15549916087578,0
PeakNegativeDelta,FLOW_BURST_QUALITY,PreEntry_Directional_Efficiency3_AtEntry,OTHER_CAUSAL_CONTEXT,-0.15534177173290212,-0.14164012862020378,0.15534177173290212,0
signed_delta_change_1s,FLOW_BURST_QUALITY,price_impact_per_100_contracts,EFFORT_VS_RESULT,-0.15528255475976036,-0.14586364465658913,0.15528255475976036,0
Dist_HVN_Ticks,AUCTION_THEORY,directional_poc_distance,AUCTION_THEORY,-0.15527718809868055,-0.07951671888001943,0.15527718809868055,0
velocity_consistency,PERSISTENCE_EXHAUSTION,execution_side_sign,OTHER_CAUSAL_CONTEXT,-0.15512678107232347,-0.10580043529438425,0.15512678107232347,0
PreBurst_Acceptance_Dwell_Ratio_5s,ACCEPTANCE_RECLAIM,PreBurst_Path_Efficiency_10s,TEMPORAL_SEQUENCE,0.15471016712379124,0.3158425589755156,0.15471016712379124,0
PreBurst_Rotation_Index_10s,TEMPORAL_SEQUENCE,signed_acceleration_1s,PERSISTENCE_EXHAUSTION,0.15468828589626374,0.22917523959767622,0.15468828589626374,0
Velocity3s,PERSISTENCE_EXHAUSTION,Profile_Concentration,AUCTION_THEORY,0.15465276884730378,0.11815970393930463,0.15465276884730378,0
PreBurst_Price_Per_Delta_3s,EFFORT_VS_RESULT,Nearest_OR_Edge_Retest_Count_AtEntry,ACCEPTANCE_RECLAIM,-0.15447944676219846,-0.1065845921938024,0.15447944676219846,0
Dist_HVN_Ticks,AUCTION_THEORY,Previous_Delta_AtEntry,FLOW_BURST_QUALITY,0.1543806700420338,0.15963712831443583,0.1543806700420338,0
TradesPerSecond,TIME_REGIME,Profile_Normalized_Entropy,AUCTION_THEORY,-0.15420462236327112,-0.05942459380138104,0.15420462236327112,0
PreBurst_Path_Efficiency_10s,TEMPORAL_SEQUENCE,signed_velocity_1s,PERSISTENCE_EXHAUSTION,0.1540267888292134,0.17576466426072454,0.1540267888292134,0
PreEntry_Directional_Delta_Share3_AtEntry,FLOW_BURST_QUALITY,directional_poc_distance,AUCTION_THEORY,-0.15388415009253273,-0.20497740220055916,0.15388415009253273,0
PreEntry_Range_Compression3_AtEntry,OTHER_CAUSAL_CONTEXT,directional_vwap_distance,AUCTION_THEORY,-0.15385324132351902,-0.09381659786287946,0.15385324132351902,0
Profile_Std_Ticks,AUCTION_THEORY,Nearest_OR_Edge_Retest_Count_AtEntry,ACCEPTANCE_RECLAIM,0.15372213567551274,0.1023844072845703,0.15372213567551274,0
Prior_Closed_ATR5_Ticks_AtEntry,AUCTION_THEORY,execution_side_sign,OTHER_CAUSAL_CONTEXT,0.15356982491496662,0.12936851043060532,0.15356982491496662,0
DeltaChange1s,FLOW_BURST_QUALITY,Profile_Std_Ticks,AUCTION_THEORY,-0.1535280324307938,-0.08406790849002108,0.1535280324307938,0
DeltaChange1s,FLOW_BURST_QUALITY,PreEntry_Directional_Efficiency3_AtEntry,OTHER_CAUSAL_CONTEXT,-0.15347808675621377,-0.17145330206582976,0.15347808675621377,0
acceleration_velocity_ratio,PERSISTENCE_EXHAUSTION,month_index,TIME_REGIME,-0.15337800280065078,-0.05228037910545044,0.15337800280065078,0
Dist_OR_High_Ticks,AUCTION_THEORY,month_index,TIME_REGIME,-0.15327661869070916,-0.14525539381282898,0.15327661869070916,0
Dist_VAL_Ticks,AUCTION_THEORY,PreEntry_Volume_Climax_Ratio_AtEntry,FLOW_BURST_QUALITY,-0.15312777991119902,-0.1895709622945746,0.15312777991119902,0
Dist_HVN_Ticks,AUCTION_THEORY,flow_price_alignment,OTHER_CAUSAL_CONTEXT,0.15307777466088462,0.08694909206759749,0.15307777466088462,0
Delta3s,FLOW_BURST_QUALITY,ContractsPerSecond,FLOW_BURST_QUALITY,-0.15306463220066058,-0.11306323537248412,0.15306463220066058,0
ContractsPerSecond,FLOW_BURST_QUALITY,CumulativeDeltaWindow,FLOW_BURST_QUALITY,-0.15306463220066058,-0.11306323537248415,0.15306463220066058,0
PreBurst_Path_Efficiency_10s,TEMPORAL_SEQUENCE,Directional_OR_Extension_Ticks_AtEntry,AUCTION_THEORY,-0.15306416554903066,-0.3071228906257639,0.15306416554903066,0
Signed_Previous_Delta_Share_AtEntry,FLOW_BURST_QUALITY,directional_vwap_distance,AUCTION_THEORY,-0.15304063425922762,-0.17300557236110556,0.15304063425922762,0
Dist_HVN_Ticks,AUCTION_THEORY,signed_velocity_3s,PERSISTENCE_EXHAUSTION,-0.15293388366602528,-0.13941293646728925,0.15293388366602528,0
PreBurst_Impulse_Decay_Slope_5s,PERSISTENCE_EXHAUSTION,Sell_Imbalance_Count_AtEntry,FLOW_BURST_QUALITY,-0.15293015920024722,-0.16006095091113157,0.15293015920024722,0
signed_acceleration_1s,PERSISTENCE_EXHAUSTION,vwap_poc_spread_ticks,AUCTION_THEORY,0.152929441500584,0.2458072917894349,0.152929441500584,0
PreBurst_Reclaim_Count_10s,ACCEPTANCE_RECLAIM,Nearest_OR_Edge_Retest_Count_AtEntry,ACCEPTANCE_RECLAIM,-0.1527977797912875,-0.1642047065698729,0.1527977797912875,0
Delta1s,FLOW_BURST_QUALITY,TradesPerSecond,TIME_REGIME,-0.15270121869545827,-0.07562383855237767,0.15270121869545827,0
Dist_HVN_Ticks,AUCTION_THEORY,Directional_OR_Extension_Ticks_AtEntry,AUCTION_THEORY,0.1526823650379921,0.08884122659881266,0.1526823650379921,0
BuySellRatio,OTHER_CAUSAL_CONTEXT,Profile_Local_Maxima_Count,AUCTION_THEORY,-0.15248035522215414,-0.14500883145788024,0.15248035522215414,0
PreBurst_Rotation_Index_10s,TEMPORAL_SEQUENCE,Body_OR_Ratio_AtEntry,AUCTION_THEORY,-0.15245326390943026,-0.1320936499973644,0.15245326390943026,0
signed_velocity_decay_1_5,PERSISTENCE_EXHAUSTION,signed_delta_decay_1_5,PERSISTENCE_EXHAUSTION,0.1524256134185979,0.30874504986375634,0.1524256134185979,0
Nearest_OR_Edge_Retest_Count_AtEntry,ACCEPTANCE_RECLAIM,execution_side_sign,OTHER_CAUSAL_CONTEXT,0.15235743350635725,0.14374125342013408,0.15235743350635725,0
Dist_LVN_Ticks,AUCTION_THEORY,signed_delta_1s,FLOW_BURST_QUALITY,0.15218926513915254,0.14242057239317837,0.15218926513915254,0
Nearest_OR_Edge_Retest_Count_AtEntry,ACCEPTANCE_RECLAIM,price_impact_per_100_contracts,EFFORT_VS_RESULT,-0.15218728524041283,-0.09822765321888356,0.15218728524041283,0
Acceleration1s,PERSISTENCE_EXHAUSTION,month_index,TIME_REGIME,-0.15217106588507323,-0.13291492798634658,0.15217106588507323,0
Delta2s,FLOW_BURST_QUALITY,Profile_Std_Ticks,AUCTION_THEORY,-0.15201828043565146,-0.08391862248208277,0.15201828043565146,0
Dist_OR_High_Ticks,AUCTION_THEORY,Nearest_OR_Edge_Retest_Count_AtEntry,ACCEPTANCE_RECLAIM,-0.1520181238592419,-0.2320108387302194,0.1520181238592419,0
BreakOut_TICKS_PER_SEC_AtEntry,OTHER_CAUSAL_CONTEXT,Score_AtEntry,OTHER_CAUSAL_CONTEXT,-0.1518962854894601,-0.22102301735864605,0.1518962854894601,0
Delta10s,FLOW_BURST_QUALITY,Profile_Concentration,AUCTION_THEORY,0.1518496915146798,0.19139759739942638,0.1518496915146798,0
Profile_Normalized_Entropy,AUCTION_THEORY,Directional_OR_Extension_Ticks_AtEntry,AUCTION_THEORY,-0.15178436465169487,-0.059527906189075476,0.15178436465169487,0
Previous_Volume_AtEntry,FLOW_BURST_QUALITY,flow_price_alignment,OTHER_CAUSAL_CONTEXT,-0.15168068140220559,-0.19179883581781013,0.15168068140220559,0
Dist_VAL_Ticks,AUCTION_THEORY,Profile_Normalized_Entropy,AUCTION_THEORY,0.15168065787446142,0.12306784608290419,0.15168065787446142,0
Prior_Closed_ATR5_Ticks_AtEntry,AUCTION_THEORY,Nearest_OR_Edge_Acceptance_Ratio3_AtEntry,ACCEPTANCE_RECLAIM,0.15148519616987663,0.0755528141498487,0.15148519616987663,0
Delta_AtEntry,FLOW_BURST_QUALITY,Nearest_OR_Edge_Retest_Count_AtEntry,ACCEPTANCE_RECLAIM,-0.15144728014106862,-0.16256312886586435,0.15144728014106862,0
Signed_Delta_Share_AtEntry,FLOW_BURST_QUALITY,Signed_Previous_Delta_Share_AtEntry,FLOW_BURST_QUALITY,0.15130968455698382,0.20202735092643972,0.15130968455698382,0
DeltaChangeZScore,FLOW_BURST_QUALITY,ContractsPerSecond,FLOW_BURST_QUALITY,-0.1512378749323953,-0.1454795783210867,0.1512378749323953,0
Buy_Imbalance_Count_AtEntry,FLOW_BURST_QUALITY,directional_poc_distance,AUCTION_THEORY,-0.151046405599393,-0.07253218549805997,0.151046405599393,0
Profile_Effective_Nodes,AUCTION_THEORY,or_position_fraction,AUCTION_THEORY,-0.15102344425044711,-0.0583805840511683,0.15102344425044711,0
Velocity5s,PERSISTENCE_EXHAUSTION,Profile_Std_Ticks,AUCTION_THEORY,-0.1509614622457828,-0.05787153111776903,0.1509614622457828,0
Previous_Volume_AtEntry,FLOW_BURST_QUALITY,Prior_Closed_ATR3_Ticks_AtEntry,AUCTION_THEORY,-0.15085775927604678,-0.11279859230432346,0.15085775927604678,0
BreakOut_TICKS_PER_SEC_AtEntry,OTHER_CAUSAL_CONTEXT,weekday_index,TIME_REGIME,-0.15085466890199659,-0.1076234669819982,0.15085466890199659,0
Acceleration3s,PERSISTENCE_EXHAUSTION,Profile_Effective_Nodes,AUCTION_THEORY,-0.1507176221674083,-0.008708903140010079,0.1507176221674083,0
Velocity3s,PERSISTENCE_EXHAUSTION,PreEntry_Volume_Climax_Ratio_AtEntry,FLOW_BURST_QUALITY,-0.15050032325583793,-0.19313067123143013,0.15050032325583793,0
Dist_OR_Low_Ticks,AUCTION_THEORY,vwap_poc_spread_ticks,AUCTION_THEORY,0.15037367525194476,0.17090706008667783,0.15037367525194476,0
TradesPerSecond,TIME_REGIME,distance_nearest_or_edge_ticks,AUCTION_THEORY,0.15017713868906649,0.18949144982881283,0.15017713868906649,0
TradesPerSecond,TIME_REGIME,Nearest_OR_Edge_Distance_Ticks_AtEntry,AUCTION_THEORY,0.15017713868906649,0.1894914498288129,0.15017713868906649,0
PeakPositiveDelta,FLOW_BURST_QUALITY,month_index,TIME_REGIME,-0.15007529569230296,-0.1748310411906656,0.15007529569230296,0
Delta3s,FLOW_BURST_QUALITY,TradesPerSecond,TIME_REGIME,-0.14993053520180574,-0.06440084898399999,0.14993053520180574,0
TradesPerSecond,TIME_REGIME,CumulativeDeltaWindow,FLOW_BURST_QUALITY,-0.14993053520180574,-0.06440084898400002,0.14993053520180574,0
Prior_Closed_ATR5_Ticks_AtEntry,AUCTION_THEORY,or_position_fraction,AUCTION_THEORY,-0.14979051699628276,-0.12565645865333322,0.14979051699628276,0
DeltaPercentile,FLOW_BURST_QUALITY,liquidity_absorption_score,OTHER_CAUSAL_CONTEXT,0.1495085402409022,-0.016013938158344586,0.1495085402409022,0
Volume_AtEntry,FLOW_BURST_QUALITY,or_position_fraction,AUCTION_THEORY,0.14918381240276318,0.12858303566131482,0.14918381240276318,0
Delta5s,FLOW_BURST_QUALITY,range,OTHER_CAUSAL_CONTEXT,-0.1491353272706726,-0.05279350803976387,0.1491353272706726,0
Delta5s,FLOW_BURST_QUALITY,OR_WidthTicks,AUCTION_THEORY,-0.1491353272706726,-0.052793508039763896,0.1491353272706726,0
Acceleration1s,PERSISTENCE_EXHAUSTION,Seconds_From_Open_AtEntry,TIME_REGIME,-0.14912814521640202,-0.18617921812666355,0.14912814521640202,0
Profile_Excess_Kurtosis,AUCTION_THEORY,PreEntry_Directional_Efficiency3_AtEntry,OTHER_CAUSAL_CONTEXT,0.14879480739697248,0.10709270531009515,0.14879480739697248,0
Body_AtEntry,OTHER_CAUSAL_CONTEXT,velocity_consistency,PERSISTENCE_EXHAUSTION,0.14878458614833276,0.09748227515418549,0.14878458614833276,0
PreBurst_Local_Entropy_10s,TEMPORAL_SEQUENCE,Sell_Imbalance_Count_AtEntry,FLOW_BURST_QUALITY,0.1486236014282777,0.12796127274518776,0.1486236014282777,0
Velocity1s,PERSISTENCE_EXHAUSTION,Profile_Effective_Nodes,AUCTION_THEORY,-0.14855455297345507,-0.012657676531788195,0.14855455297345507,0
TicksPerSecond,TIME_REGIME,Profile_Effective_Nodes,AUCTION_THEORY,-0.14855455297345507,-0.012657676531788195,0.14855455297345507,0
BuySellRatio,OTHER_CAUSAL_CONTEXT,PreEntry_Range_Compression3_AtEntry,OTHER_CAUSAL_CONTEXT,0.14835361803448313,0.12583597777856265,0.14835361803448313,0
Delta1s,FLOW_BURST_QUALITY,Profile_Std_Ticks,AUCTION_THEORY,-0.1482674659215982,-0.08447633966411389,0.1482674659215982,0
Dist_OR_Low_Ticks,AUCTION_THEORY,range,OTHER_CAUSAL_CONTEXT,0.1481420970289048,0.3338615139135311,0.1481420970289048,0
OR_WidthTicks,AUCTION_THEORY,Dist_OR_Low_Ticks,AUCTION_THEORY,0.1481420970289048,0.333861513913531,0.1481420970289048,0
Acceleration3s,PERSISTENCE_EXHAUSTION,Profile_Concentration,AUCTION_THEORY,0.14813670125157302,0.11431086215917012,0.14813670125157302,0
Body_OR_Ratio_AtEntry,AUCTION_THEORY,weekday_index,TIME_REGIME,-0.14810142387903835,-0.13372384192496609,0.14810142387903835,0
PreBurst_Local_Entropy_10s,TEMPORAL_SEQUENCE,Score_AtEntry,OTHER_CAUSAL_CONTEXT,-0.14808086666977188,-0.16345243537204432,0.14808086666977188,0
Signed_Delta_Share_AtEntry,FLOW_BURST_QUALITY,signed_velocity_1s,PERSISTENCE_EXHAUSTION,-0.14807695918992214,-0.189096667666135,0.14807695918992214,0
Profile_Local_Maxima_Count,AUCTION_THEORY,PreEntry_Directional_Efficiency3_AtEntry,OTHER_CAUSAL_CONTEXT,-0.14793293662684662,-0.127360306941325,0.14793293662684662,0
Profile_Normalized_Entropy,AUCTION_THEORY,velocity_consistency,PERSISTENCE_EXHAUSTION,-0.1479273429861195,-0.13861175623456226,0.1479273429861195,0
Delta2s,FLOW_BURST_QUALITY,delta_persistence_1_3,PERSISTENCE_EXHAUSTION,0.14772621461032248,0.1258532114163965,0.14772621461032248,0
Nearest_OR_Edge_Retest_Count_AtEntry,ACCEPTANCE_RECLAIM,liquidity_absorption_score,OTHER_CAUSAL_CONTEXT,0.14754885065587905,0.04273485661626804,0.14754885065587905,0
Dist_OR_High_Ticks,AUCTION_THEORY,Profile_Effective_Nodes,AUCTION_THEORY,-0.1475473949591944,-0.16246087385541774,0.1475473949591944,0
mean_trade_size,FLOW_BURST_QUALITY,acceleration_velocity_ratio,PERSISTENCE_EXHAUSTION,-0.14725003839361897,-0.16893370016197726,0.14725003839361897,0
Acceleration1s,PERSISTENCE_EXHAUSTION,seconds_from_open,TIME_REGIME,-0.14713609145038514,-0.18619919059012455,0.14713609145038514,0
Acceleration1s,PERSISTENCE_EXHAUSTION,minute_from_open,TIME_REGIME,-0.14713609145038514,-0.18619919059012457,0.14713609145038514,0
Velocity3s,PERSISTENCE_EXHAUSTION,Profile_Std_Ticks,AUCTION_THEORY,-0.1471104574275441,-0.026164570557995644,0.1471104574275441,0
Buy_Imbalance_Count_AtEntry,FLOW_BURST_QUALITY,Body_OR_Ratio_AtEntry,AUCTION_THEORY,0.1470218786457506,0.27037052923673344,0.1470218786457506,0
Previous_Delta_AtEntry,FLOW_BURST_QUALITY,directional_vwap_distance,AUCTION_THEORY,-0.147009465436142,-0.04203729581618955,0.147009465436142,0
weekday_index,TIME_REGIME,month_index,TIME_REGIME,0.14695150099966833,0.14918468432933615,0.14695150099966833,0
PeakNegativeDelta,FLOW_BURST_QUALITY,PreEntry_Range_Compression3_AtEntry,OTHER_CAUSAL_CONTEXT,0.1468719936284057,0.11878956806801341,0.1468719936284057,0
Profile_Normalized_Entropy,AUCTION_THEORY,PreEntry_Directional_Efficiency3_AtEntry,OTHER_CAUSAL_CONTEXT,-0.14673595674129375,-0.10229370441166043,0.14673595674129375,0
PreBurst_Impulse_Survival_Seconds,AUCTION_THEORY,Profile_Excess_Kurtosis,AUCTION_THEORY,0.1466288681272276,0.16470938964178305,0.1466288681272276,0
Profile_Std_Ticks,AUCTION_THEORY,PreEntry_Directional_Efficiency3_AtEntry,OTHER_CAUSAL_CONTEXT,-0.14655805815987577,-0.0892358079390595,0.14655805815987577,0
Buy_Imbalance_Count_AtEntry,FLOW_BURST_QUALITY,directional_vwap_distance,AUCTION_THEORY,-0.1465246177641899,-0.03761516872944285,0.1465246177641899,0
Dist_LVN_Ticks,AUCTION_THEORY,Delta_Change_AtEntry,FLOW_BURST_QUALITY,-0.14620598790493403,-0.12973832112777325,0.14620598790493403,0
Volume_AtEntry,FLOW_BURST_QUALITY,velocity_consistency,PERSISTENCE_EXHAUSTION,-0.1461497925299074,-0.21335921746636063,0.1461497925299074,0
Profile_Effective_Nodes,AUCTION_THEORY,PreEntry_Directional_Efficiency3_AtEntry,OTHER_CAUSAL_CONTEXT,-0.14608727776758673,-0.09121966801725848,0.14608727776758673,0
DeltaPercentile,FLOW_BURST_QUALITY,directional_poc_distance,AUCTION_THEORY,-0.14607708016210214,-0.11113179653088512,0.14607708016210214,0
PreBurst_Local_Entropy_10s,TEMPORAL_SEQUENCE,directional_poc_distance,AUCTION_THEORY,-0.14582088228160126,-0.13727528057631297,0.14582088228160126,0
PreBurst_Rotation_Index_10s,TEMPORAL_SEQUENCE,delta_share_of_volume,FLOW_BURST_QUALITY,0.14581785595560717,0.1540749163768737,0.14581785595560717,0
PeakNegativeDelta,FLOW_BURST_QUALITY,mean_trade_size,FLOW_BURST_QUALITY,-0.14577134129695085,-0.0529195854134563,0.14577134129695085,0
Score_AtEntry,OTHER_CAUSAL_CONTEXT,delta_persistence_1_3,PERSISTENCE_EXHAUSTION,-0.1456893464033645,-0.16218222167628163,0.1456893464033645,0
Delta3s,FLOW_BURST_QUALITY,DeltaPercentile,FLOW_BURST_QUALITY,-0.1456553106698155,-0.07794272664242,0.1456553106698155,0
DeltaPercentile,FLOW_BURST_QUALITY,CumulativeDeltaWindow,FLOW_BURST_QUALITY,-0.1456553106698155,-0.07794272664241995,0.1456553106698155,0
mean_trade_size,FLOW_BURST_QUALITY,flow_price_alignment,OTHER_CAUSAL_CONTEXT,-0.1456349734888072,-0.19198708861403133,0.1456349734888072,0
Signed_Delta_Share_AtEntry,FLOW_BURST_QUALITY,PreEntry_Directional_Delta_Share3_AtEntry,FLOW_BURST_QUALITY,0.14536254484626895,0.1713510609984828,0.14536254484626895,0
Nearest_OR_Edge_Acceptance_Ratio3_AtEntry,ACCEPTANCE_RECLAIM,signed_velocity_1s,PERSISTENCE_EXHAUSTION,-0.14534810324631317,-0.09238443114763893,0.14534810324631317,0
TicksPerSecond,TIME_REGIME,Nearest_OR_Edge_Distance_Ticks_AtEntry,AUCTION_THEORY,-0.14516478770953636,-0.09238725515132727,0.14516478770953636,0
Velocity1s,PERSISTENCE_EXHAUSTION,Nearest_OR_Edge_Distance_Ticks_AtEntry,AUCTION_THEORY,-0.14516478770953636,-0.09238725515132727,0.14516478770953636,0
TicksPerSecond,TIME_REGIME,distance_nearest_or_edge_ticks,AUCTION_THEORY,-0.14516478770953636,-0.09238725515132724,0.14516478770953636,0
Velocity1s,PERSISTENCE_EXHAUSTION,distance_nearest_or_edge_ticks,AUCTION_THEORY,-0.14516478770953636,-0.09238725515132724,0.14516478770953636,0
signed_velocity_3s,PERSISTENCE_EXHAUSTION,distance_nearest_profile_reference_ticks,AUCTION_THEORY,-0.14509140509240556,-0.10567051791877463,0.14509140509240556,0
PreBurst_Impulse_Survival_Seconds,AUCTION_THEORY,profile_confluence_4t,AUCTION_THEORY,-0.1449586084248397,-0.13170730581372467,0.1449586084248397,0
DeltaChangeZScore,FLOW_BURST_QUALITY,PreEntry_Directional_Efficiency3_AtEntry,OTHER_CAUSAL_CONTEXT,-0.1449461234526373,-0.16815017400028284,0.1449461234526373,0
Delta5s,FLOW_BURST_QUALITY,month_index,TIME_REGIME,-0.14487858932456468,-0.17875289755569443,0.14487858932456468,0
PreBurst_Path_Efficiency_10s,TEMPORAL_SEQUENCE,PreEntry_Directional_Efficiency3_AtEntry,OTHER_CAUSAL_CONTEXT,-0.14480701204295665,-0.17291568691430242,0.14480701204295665,0
Prior_Closed_ATR3_Ticks_AtEntry,AUCTION_THEORY,PreEntry_Directional_Efficiency3_AtEntry,OTHER_CAUSAL_CONTEXT,-0.14478496373173966,-0.11079312082547611,0.14478496373173966,0
PreBurst_Rotation_Index_10s,TEMPORAL_SEQUENCE,Profile_Effective_Nodes,AUCTION_THEORY,0.14478454868818927,0.1892443251873818,0.14478454868818927,0
PreBurst_Price_Per_Delta_3s,EFFORT_VS_RESULT,delta_persistence_1_3,PERSISTENCE_EXHAUSTION,0.1447350113799747,0.0994942645528653,0.1447350113799747,0
Seconds_From_Open_AtEntry,TIME_REGIME,profile_confluence_4t,AUCTION_THEORY,-0.14460338616792492,-0.15698342830664846,0.14460338616792492,0
PreBurst_Acceptance_Dwell_Ratio_5s,ACCEPTANCE_RECLAIM,Sell_Imbalance_Count_AtEntry,FLOW_BURST_QUALITY,0.1445256944261828,0.14783375485844585,0.1445256944261828,0
Dist_LVN_Ticks,AUCTION_THEORY,Signed_Delta_Share_AtEntry,FLOW_BURST_QUALITY,-0.14440412450980436,-0.11942383589177753,0.14440412450980436,0
PreBurst_Price_Per_Volume_3s,EFFORT_VS_RESULT,Nearest_OR_Edge_Acceptance_Ratio3_AtEntry,ACCEPTANCE_RECLAIM,-0.14439774090337767,-0.1556827534695471,0.14439774090337767,0
Delta2s,FLOW_BURST_QUALITY,TradesPerSecond,TIME_REGIME,-0.14438847814712744,-0.06113789564235966,0.14438847814712744,0
Dist_HVN_Ticks,AUCTION_THEORY,Body_AtEntry,OTHER_CAUSAL_CONTEXT,-0.14433410657640827,-0.13117753896541456,0.14433410657640827,0
flow_price_alignment,OTHER_CAUSAL_CONTEXT,profile_confluence_4t,AUCTION_THEORY,-0.1442893379405376,-0.15535401938746313,0.1442893379405376,0
TradesPerSecond,TIME_REGIME,flow_price_alignment,OTHER_CAUSAL_CONTEXT,0.1441672183167722,0.11925008414081645,0.1441672183167722,0
Dist_OR_Low_Ticks,AUCTION_THEORY,PreEntry_Range_Compression3_AtEntry,OTHER_CAUSAL_CONTEXT,-0.14414518602313475,-0.14573400895119323,0.14414518602313475,0
DeltaChangeZScore,FLOW_BURST_QUALITY,PreBurst_Path_Efficiency_10s,TEMPORAL_SEQUENCE,0.1441056621890055,0.1512487721188739,0.1441056621890055,0
Body_OR_Ratio_AtEntry,AUCTION_THEORY,Nearest_OR_Edge_Retest_Count_AtEntry,ACCEPTANCE_RECLAIM,0.1440005366501809,0.12903216073052193,0.1440005366501809,0
Cumulative_Delta_AtEntry,FLOW_BURST_QUALITY,month_index,TIME_REGIME,-0.14391359342108817,-0.1450565107817705,0.14391359342108817,0
Dist_VAL_Ticks,AUCTION_THEORY,Seconds_From_Open_AtEntry,TIME_REGIME,-0.14390133902447105,-0.17369687141625692,0.14390133902447105,0
PreBurst_Impulse_Decay_Slope_5s,PERSISTENCE_EXHAUSTION,distance_nearest_profile_reference_ticks,AUCTION_THEORY,-0.14370578223411326,-0.08634384512820324,0.14370578223411326,0
Delta10s,FLOW_BURST_QUALITY,Profile_Std_Ticks,AUCTION_THEORY,-0.14367069981355785,-0.10681696164481756,0.14367069981355785,0
Score_AtEntry,OTHER_CAUSAL_CONTEXT,Sell_Imbalance_Count_AtEntry,FLOW_BURST_QUALITY,0.1435132458384226,0.17612008267640972,0.1435132458384226,0
TicksPerSecond,TIME_REGIME,Profile_Concentration,AUCTION_THEORY,0.14348536234518036,0.10626390963383837,0.14348536234518036,0
Velocity1s,PERSISTENCE_EXHAUSTION,Profile_Concentration,AUCTION_THEORY,0.14348536234518036,0.10626390963383837,0.14348536234518036,0
Delta3s,FLOW_BURST_QUALITY,weekday_index,TIME_REGIME,-0.14347898241524787,-0.10447716708711054,0.14347898241524787,0
CumulativeDeltaWindow,FLOW_BURST_QUALITY,weekday_index,TIME_REGIME,-0.14347898241524787,-0.10447716708711054,0.14347898241524787,0
PreBurst_Price_Per_Volume_3s,EFFORT_VS_RESULT,Body_OR_Ratio_AtEntry,AUCTION_THEORY,0.14345344084880768,0.15370388985692915,0.14345344084880768,0
BreakOut_TICKS_PER_SEC_AtEntry,OTHER_CAUSAL_CONTEXT,Buy_Imbalance_Count_AtEntry,FLOW_BURST_QUALITY,-0.14340318895052115,-0.11716261456512801,0.14340318895052115,0
DeltaChange1s,FLOW_BURST_QUALITY,month_index,TIME_REGIME,-0.1432626406730669,-0.18088869015345185,0.1432626406730669,0
PreBurst_Price_Per_Delta_3s,EFFORT_VS_RESULT,Body_OR_Ratio_AtEntry,AUCTION_THEORY,0.14297708974652776,0.15858321651147705,0.14297708974652776,0
Dist_VAH_Ticks,AUCTION_THEORY,velocity_consistency,PERSISTENCE_EXHAUSTION,0.1429671563744965,0.0899183725731981,0.1429671563744965,0
PreEntry_Directional_Efficiency3_AtEntry,OTHER_CAUSAL_CONTEXT,execution_side_sign,OTHER_CAUSAL_CONTEXT,0.1423769091012265,0.15971321148649376,0.1423769091012265,0
BreakOut_TICKS_PER_SEC_AtEntry,OTHER_CAUSAL_CONTEXT,signed_delta_change_1s,FLOW_BURST_QUALITY,0.14237419913909194,0.4368419400569666,0.14237419913909194,0
ContractsPerSecond,FLOW_BURST_QUALITY,acceleration_velocity_ratio,PERSISTENCE_EXHAUSTION,0.14227571630353136,0.11000432597912255,0.14227571630353136,0
Velocity1s,PERSISTENCE_EXHAUSTION,Profile_Normalized_Entropy,AUCTION_THEORY,-0.14223792492246642,-0.11599637360382062,0.14223792492246642,0
TicksPerSecond,TIME_REGIME,Profile_Normalized_Entropy,AUCTION_THEORY,-0.14223792492246642,-0.11599637360382062,0.14223792492246642,0
Dist_VAL_Ticks,AUCTION_THEORY,seconds_from_open,TIME_REGIME,-0.1421954202880911,-0.17371967788157505,0.1421954202880911,0
Dist_VAL_Ticks,AUCTION_THEORY,minute_from_open,TIME_REGIME,-0.1421954202880911,-0.17371967788157516,0.1421954202880911,0
DeltaChangeZScore,FLOW_BURST_QUALITY,Prior_Closed_ATR3_Ticks_AtEntry,AUCTION_THEORY,-0.14217354421878736,-0.09304672118154278,0.14217354421878736,0
Seconds_From_Open_AtEntry,TIME_REGIME,mean_trade_size,FLOW_BURST_QUALITY,0.14205475845479362,-0.03190570309501302,0.14205475845479362,0
BuySellRatio,OTHER_CAUSAL_CONTEXT,OR_WidthTicks,AUCTION_THEORY,-0.14198669076246045,-0.07938045044002424,0.14198669076246045,0
BuySellRatio,OTHER_CAUSAL_CONTEXT,range,OTHER_CAUSAL_CONTEXT,-0.14198669076246045,-0.07938045044002419,0.14198669076246045,0
Dist_VAL_Ticks,AUCTION_THEORY,Body_OR_Ratio_AtEntry,AUCTION_THEORY,-0.1419695903122957,-0.0974164946800377,0.1419695903122957,0
Delta3s,FLOW_BURST_QUALITY,signed_delta_1s,FLOW_BURST_QUALITY,-0.14196305889738783,-0.09198924770982747,0.14196305889738783,0
CumulativeDeltaWindow,FLOW_BURST_QUALITY,signed_delta_1s,FLOW_BURST_QUALITY,-0.14196305889738783,-0.09198924770982747,0.14196305889738783,0
mean_trade_size,FLOW_BURST_QUALITY,minute_from_open,TIME_REGIME,0.14170757311130727,-0.031928758305642256,0.14170757311130727,0
mean_trade_size,FLOW_BURST_QUALITY,seconds_from_open,TIME_REGIME,0.14170757311130727,-0.031928758305642145,0.14170757311130727,0
Dist_OR_High_Ticks,AUCTION_THEORY,Cumulative_Delta_AtEntry,FLOW_BURST_QUALITY,0.1416856766672776,0.22164155187228796,0.1416856766672776,0
PeakNegativeDelta,FLOW_BURST_QUALITY,PreBurst_Price_Per_Volume_3s,EFFORT_VS_RESULT,0.14164011309783894,0.14720408153973358,0.14164011309783894,0
profile_confluence_4t,AUCTION_THEORY,minute_from_open,TIME_REGIME,-0.14161010181424222,-0.1569887772251555,0.14161010181424222,0
profile_confluence_4t,AUCTION_THEORY,seconds_from_open,TIME_REGIME,-0.14161010181424222,-0.15698877722515547,0.14161010181424222,0
PreBurst_Impulse_Survival_Seconds,AUCTION_THEORY,Sell_Imbalance_Count_AtEntry,FLOW_BURST_QUALITY,-0.14138623794564584,-0.0937834468275543,0.14138623794564584,0
Velocity5s,PERSISTENCE_EXHAUSTION,Nearest_OR_Edge_Retest_Count_AtEntry,ACCEPTANCE_RECLAIM,-0.14137164196197932,-0.15189101477212097,0.14137164196197932,0
signed_delta_1s,FLOW_BURST_QUALITY,liquidity_absorption_score,OTHER_CAUSAL_CONTEXT,0.14128349631017215,0.07635793913179736,0.14128349631017215,0
Delta_Change_AtEntry,FLOW_BURST_QUALITY,profile_confluence_4t,AUCTION_THEORY,-0.14122281619321428,-0.12765171063606093,0.14122281619321428,0
PreBurst_Price_Per_Delta_3s,EFFORT_VS_RESULT,Profile_Excess_Kurtosis,AUCTION_THEORY,0.1411135394108855,0.27868228239923476,0.1411135394108855,0
Delta3s,FLOW_BURST_QUALITY,month_index,TIME_REGIME,-0.14068985285948166,-0.1731738465645798,0.14068985285948166,0
CumulativeDeltaWindow,FLOW_BURST_QUALITY,month_index,TIME_REGIME,-0.14068985285948166,-0.1731738465645798,0.14068985285948166,0
Dist_LVN_Ticks,AUCTION_THEORY,execution_side_sign,OTHER_CAUSAL_CONTEXT,0.1404199284910341,0.1139481754075191,0.1404199284910341,0
Profile_Position_Percentile,AUCTION_THEORY,signed_velocity_3s,PERSISTENCE_EXHAUSTION,-0.1403049442129014,-0.050307894528479946,0.1403049442129014,0
PreBurst_Rotation_Index_10s,TEMPORAL_SEQUENCE,Profile_Normalized_Entropy,AUCTION_THEORY,0.14028502293531792,0.1875094581950808,0.14028502293531792,0
Previous_Delta_AtEntry,FLOW_BURST_QUALITY,PreEntry_Volume_Climax_Ratio_AtEntry,FLOW_BURST_QUALITY,-0.14022137228368733,-0.14812081662914492,0.14022137228368733,0
TradesPerSecond,TIME_REGIME,execution_cvd_alignment,OTHER_CAUSAL_CONTEXT,-0.14015954264218897,-0.13300990376459737,0.14015954264218897,0
Dist_VAH_Ticks,AUCTION_THEORY,Prior_Closed_ATR3_Ticks_AtEntry,AUCTION_THEORY,-0.1401140082410608,-0.17089877553570862,0.1401140082410608,0
Directional_VWAP_Distance_Ticks_AtEntry,AUCTION_THEORY,signed_velocity_3s,PERSISTENCE_EXHAUSTION,-0.14006685437539462,-0.10077990813551077,0.14006685437539462,0
delta_share_of_volume,FLOW_BURST_QUALITY,acceleration_velocity_ratio,PERSISTENCE_EXHAUSTION,-0.1400124444647585,-0.07164157893123371,0.1400124444647585,0
ContractsPerSecond,FLOW_BURST_QUALITY,Profile_Excess_Kurtosis,AUCTION_THEORY,0.14000597262711614,0.0494375982984314,0.14000597262711614,0
Delta_AtEntry,FLOW_BURST_QUALITY,velocity_consistency,PERSISTENCE_EXHAUSTION,0.1399739625663536,0.10892292023085295,0.1399739625663536,0
Signed_Delta_Share_AtEntry,FLOW_BURST_QUALITY,signed_velocity_decay_1_5,PERSISTENCE_EXHAUSTION,0.1398803370530147,0.19240040491319,0.1398803370530147,0
DeltaChange1s,FLOW_BURST_QUALITY,PreBurst_Path_Efficiency_10s,TEMPORAL_SEQUENCE,0.1398795399346974,0.14680233089080305,0.1398795399346974,0
liquidity_absorption_score,OTHER_CAUSAL_CONTEXT,signed_delta_decay_1_5,PERSISTENCE_EXHAUSTION,-0.13984682436546603,-0.055912365058724815,0.13984682436546603,0
Acceleration3s,PERSISTENCE_EXHAUSTION,distance_nearest_or_edge_ticks,AUCTION_THEORY,-0.13984532060740498,-0.06512618422020441,0.13984532060740498,0
Acceleration3s,PERSISTENCE_EXHAUSTION,Nearest_OR_Edge_Distance_Ticks_AtEntry,AUCTION_THEORY,-0.13984532060740498,-0.06512618422020447,0.13984532060740498,0
Dist_OR_Low_Ticks,AUCTION_THEORY,month_index,TIME_REGIME,-0.13979897239290157,-0.16083580515780962,0.13979897239290157,0
Acceleration1s,PERSISTENCE_EXHAUSTION,Nearest_OR_Edge_Retest_Count_AtEntry,ACCEPTANCE_RECLAIM,-0.13979094535763104,-0.17280946323479998,0.13979094535763104,0
ContractsPerSecond,FLOW_BURST_QUALITY,PreBurst_Impulse_Decay_Slope_5s,PERSISTENCE_EXHAUSTION,0.13956916515696227,0.2690337715894612,0.13956916515696227,0
PreBurst_Reclaim_Count_10s,ACCEPTANCE_RECLAIM,PreBurst_Local_Entropy_10s,TEMPORAL_SEQUENCE,0.1393435162737185,0.17031764812509118,0.1393435162737185,0
Delta10s,FLOW_BURST_QUALITY,Nearest_OR_Edge_Retest_Count_AtEntry,ACCEPTANCE_RECLAIM,-0.13929828556141022,-0.1392472186090105,0.13929828556141022,0
CumulativeDeltaWindow,FLOW_BURST_QUALITY,signed_delta_change_1s,FLOW_BURST_QUALITY,-0.13922602268215384,-0.09444867902561586,0.13922602268215384,0
Delta3s,FLOW_BURST_QUALITY,signed_delta_change_1s,FLOW_BURST_QUALITY,-0.13922602268215384,-0.09444867902561586,0.13922602268215384,0
TradesPerSecond,TIME_REGIME,month_index,TIME_REGIME,-0.13920587580442875,-0.12400123837160652,0.13920587580442875,0
OR_WidthTicks,AUCTION_THEORY,execution_side_sign,OTHER_CAUSAL_CONTEXT,0.13918903972560587,0.055105113857529545,0.13918903972560587,0
range,OTHER_CAUSAL_CONTEXT,execution_side_sign,OTHER_CAUSAL_CONTEXT,0.13918903972560587,0.055105113857529545,0.13918903972560587,0
DeltaChangeZScore,FLOW_BURST_QUALITY,Seconds_From_Open_AtEntry,TIME_REGIME,-0.13917975940750887,-0.15725307658784052,0.13917975940750887,0
Delta1s,FLOW_BURST_QUALITY,Profile_Concentration,AUCTION_THEORY,0.13917641087548505,0.17168819177112615,0.13917641087548505,0
Delta3s,FLOW_BURST_QUALITY,signed_delta_decay_1_5,PERSISTENCE_EXHAUSTION,0.13912117435930743,0.0918213629297308,0.13912117435930743,0
CumulativeDeltaWindow,FLOW_BURST_QUALITY,signed_delta_decay_1_5,PERSISTENCE_EXHAUSTION,0.13912117435930743,0.0918213629297308,0.13912117435930743,0
Velocity5s,PERSISTENCE_EXHAUSTION,Profile_Normalized_Entropy,AUCTION_THEORY,-0.13909280936471588,-0.10387642368444566,0.13909280936471588,0
Signed_Delta_Share_AtEntry,FLOW_BURST_QUALITY,signed_acceleration_1s,PERSISTENCE_EXHAUSTION,-0.1389944749506528,-0.18303904670336937,0.1389944749506528,0
PreEntry_Range_Compression3_AtEntry,OTHER_CAUSAL_CONTEXT,signed_velocity_decay_1_5,PERSISTENCE_EXHAUSTION,0.13888973498869725,0.15597515154549527,0.13888973498869725,0
Delta10s,FLOW_BURST_QUALITY,signed_delta_1s,FLOW_BURST_QUALITY,-0.13880944376032886,-0.10651646138318276,0.13880944376032886,0
Previous_Volume_AtEntry,FLOW_BURST_QUALITY,Body_OR_Ratio_AtEntry,AUCTION_THEORY,-0.13880773448113398,-0.14210339395759466,0.13880773448113398,0
Delta_Change_AtEntry,FLOW_BURST_QUALITY,delta_persistence_1_3,PERSISTENCE_EXHAUSTION,0.13840494553394625,0.1124373462841303,0.13840494553394625,0
TradesPerSecond,TIME_REGIME,directional_poc_distance,AUCTION_THEORY,0.13831822270254887,0.07616816707923009,0.13831822270254887,0
Dist_VWAP_Ticks,AUCTION_THEORY,directional_poc_distance,AUCTION_THEORY,-0.13819295972244766,-0.14919738692857992,0.13819295972244766,0
ContractsPerSecond,FLOW_BURST_QUALITY,Sell_Imbalance_Count_AtEntry,FLOW_BURST_QUALITY,0.13818838242950282,0.20162792198466403,0.13818838242950282,0
DeltaChangeZScore,FLOW_BURST_QUALITY,seconds_from_open,TIME_REGIME,-0.13815367035592183,-0.1572936744258118,0.13815367035592183,0
DeltaChangeZScore,FLOW_BURST_QUALITY,minute_from_open,TIME_REGIME,-0.13815367035592183,-0.15729367442581177,0.13815367035592183,0
Dist_LVN_Ticks,AUCTION_THEORY,signed_delta_decay_1_5,PERSISTENCE_EXHAUSTION,-0.13807775958678087,-0.1329165099805018,0.13807775958678087,0
PreBurst_Rotation_Index_10s,TEMPORAL_SEQUENCE,signed_delta_1s,FLOW_BURST_QUALITY,0.13793505062569344,0.14298596687307255,0.13793505062569344,0
Directional_OR_Extension_Ticks_AtEntry,AUCTION_THEORY,Body_OR_Ratio_AtEntry,AUCTION_THEORY,-0.1378289468887766,-0.11259934521834132,0.1378289468887766,0
Dist_OR_Low_Ticks,AUCTION_THEORY,Profile_Skewness,AUCTION_THEORY,0.1375251222186567,0.14054285940477487,0.1375251222186567,0
Delta2s,FLOW_BURST_QUALITY,Profile_Concentration,AUCTION_THEORY,0.13749458175706442,0.16711145952038592,0.13749458175706442,0
signed_delta_1s,FLOW_BURST_QUALITY,signed_velocity_decay_1_5,PERSISTENCE_EXHAUSTION,-0.13746339278916425,-0.27124537104398644,0.13746339278916425,0
Prior_Closed_ATR5_Ticks_AtEntry,AUCTION_THEORY,delta_persistence_3_5,PERSISTENCE_EXHAUSTION,-0.13733982444854723,-0.16813562560665643,0.13733982444854723,0
PreBurst_Rotation_Index_10s,TEMPORAL_SEQUENCE,Prior_Closed_ATR5_Ticks_AtEntry,AUCTION_THEORY,0.13720122788037742,0.19959483317202759,0.13720122788037742,0
Delta10s,FLOW_BURST_QUALITY,Profile_Local_Maxima_Count,AUCTION_THEORY,-0.13718101909903715,-0.09465365443319868,0.13718101909903715,0
range,OTHER_CAUSAL_CONTEXT,delta_persistence_3_5,PERSISTENCE_EXHAUSTION,-0.1370960202717195,-0.12909323140527396,0.1370960202717195,0
OR_WidthTicks,AUCTION_THEORY,delta_persistence_3_5,PERSISTENCE_EXHAUSTION,-0.1370960202717195,-0.12909323140527407,0.1370960202717195,0
Velocity5s,PERSISTENCE_EXHAUSTION,Seconds_From_Open_AtEntry,TIME_REGIME,-0.1370500377924463,-0.19928938534257612,0.1370500377924463,0
Delta_AtEntry,FLOW_BURST_QUALITY,PreEntry_Range_Compression3_AtEntry,OTHER_CAUSAL_CONTEXT,0.13696407352747858,0.10674945430525998,0.13696407352747858,0
acceleration_velocity_ratio,PERSISTENCE_EXHAUSTION,vwap_poc_spread_ticks,AUCTION_THEORY,0.13666423874686975,0.1334669257340407,0.13666423874686975,0
PeakNegativeDelta,FLOW_BURST_QUALITY,Prior_Closed_ATR5_Ticks_AtEntry,AUCTION_THEORY,-0.13652407301536762,-0.07569112227492823,0.13652407301536762,0
weekday_index,TIME_REGIME,signed_delta_decay_1_5,PERSISTENCE_EXHAUSTION,-0.13644896215907587,-0.08429587211150398,0.13644896215907587,0
Delta3s,FLOW_BURST_QUALITY,Nearest_OR_Edge_Retest_Count_AtEntry,ACCEPTANCE_RECLAIM,-0.1363783812102754,-0.13368524054325465,0.1363783812102754,0
CumulativeDeltaWindow,FLOW_BURST_QUALITY,Nearest_OR_Edge_Retest_Count_AtEntry,ACCEPTANCE_RECLAIM,-0.1363783812102754,-0.13368524054325465,0.1363783812102754,0
Dist_OR_High_Ticks,AUCTION_THEORY,Seconds_From_Open_AtEntry,TIME_REGIME,-0.13624158171000597,-0.21256356335492954,0.13624158171000597,0
Prior_Closed_ATR5_Ticks_AtEntry,AUCTION_THEORY,execution_cvd_alignment,OTHER_CAUSAL_CONTEXT,0.13623160095728626,0.10905652093278027,0.13623160095728626,0
PreBurst_Local_Entropy_10s,TEMPORAL_SEQUENCE,mean_trade_size,FLOW_BURST_QUALITY,0.13617269624287826,0.17982646185734524,0.13617269624287826,0
PreEntry_Directional_Efficiency3_AtEntry,OTHER_CAUSAL_CONTEXT,PreEntry_Volume_Climax_Ratio_AtEntry,FLOW_BURST_QUALITY,-0.13611398375181058,-0.05404767944894638,0.13611398375181058,0
PeakNegativeDelta,FLOW_BURST_QUALITY,Nearest_OR_Edge_Distance_Ticks_AtEntry,AUCTION_THEORY,-0.13606698733385503,-0.10284661651103973,0.13606698733385503,0
PeakNegativeDelta,FLOW_BURST_QUALITY,distance_nearest_or_edge_ticks,AUCTION_THEORY,-0.13606698733385503,-0.10284661651103975,0.13606698733385503,0
Delta2s,FLOW_BURST_QUALITY,ContractsPerSecond,FLOW_BURST_QUALITY,-0.13592956280089188,-0.11541590277249772,0.13592956280089188,0
PeakPositiveDelta,FLOW_BURST_QUALITY,Profile_Skewness,AUCTION_THEORY,0.13591859036083914,0.1072578865986638,0.13591859036083914,0
Buy_Imbalance_Count_AtEntry,FLOW_BURST_QUALITY,signed_acceleration_1s,PERSISTENCE_EXHAUSTION,-0.13590827726427696,-0.12885276899803225,0.13590827726427696,0
PreBurst_Path_Efficiency_10s,TEMPORAL_SEQUENCE,BreakOut_TICKS_PER_SEC_AtEntry,OTHER_CAUSAL_CONTEXT,0.13579325890599248,0.05672003245356077,0.13579325890599248,0
Signed_Delta_Share_AtEntry,FLOW_BURST_QUALITY,weekday_index,TIME_REGIME,0.13576149935779558,0.14690185525316804,0.13576149935779558,0
PreBurst_Acceptance_Dwell_Ratio_5s,ACCEPTANCE_RECLAIM,Previous_Delta_AtEntry,FLOW_BURST_QUALITY,-0.13573332683191702,-0.1714512161341644,0.13573332683191702,0
Dist_HVN_Ticks,AUCTION_THEORY,Profile_Local_Maxima_Count,AUCTION_THEORY,-0.13554313901180304,-0.1136129443055912,0.13554313901180304,0
Signed_Delta_Share_AtEntry,FLOW_BURST_QUALITY,signed_delta_1s,FLOW_BURST_QUALITY,-0.13553255348358656,-0.3002920112622852,0.13553255348358656,0
BuySellRatio,OTHER_CAUSAL_CONTEXT,Profile_Concentration,AUCTION_THEORY,0.13539393485539364,0.14977207301682205,0.13539393485539364,0
Velocity5s,PERSISTENCE_EXHAUSTION,seconds_from_open,TIME_REGIME,-0.13528267549184553,-0.19932415344280957,0.13528267549184553,0
Velocity5s,PERSISTENCE_EXHAUSTION,minute_from_open,TIME_REGIME,-0.13528267549184553,-0.1993241534428096,0.13528267549184553,0
PreBurst_Local_Entropy_10s,TEMPORAL_SEQUENCE,PreEntry_Directional_Delta_Share3_AtEntry,FLOW_BURST_QUALITY,0.13526358851902112,0.09847368965984962,0.13526358851902112,0
Acceleration3s,PERSISTENCE_EXHAUSTION,Profile_Normalized_Entropy,AUCTION_THEORY,-0.13520203602945022,-0.11250954987127222,0.13520203602945022,0
Dist_LVN_Ticks,AUCTION_THEORY,Profile_Position_Percentile,AUCTION_THEORY,-0.13517295502552115,-0.02089430703227391,0.13517295502552115,0
mean_trade_size,FLOW_BURST_QUALITY,directional_poc_distance,AUCTION_THEORY,-0.1350301516489378,-0.10018678695218028,0.1350301516489378,0
Profile_Normalized_Entropy,AUCTION_THEORY,mean_trade_size,FLOW_BURST_QUALITY,0.13471924037712352,0.19164093901206383,0.13471924037712352,0
Dist_OR_High_Ticks,AUCTION_THEORY,seconds_from_open,TIME_REGIME,-0.13452601524070915,-0.21259985333311454,0.13452601524070915,0
Dist_OR_High_Ticks,AUCTION_THEORY,minute_from_open,TIME_REGIME,-0.13452601524070915,-0.2125998533331146,0.13452601524070915,0
profile_confluence_4t,AUCTION_THEORY,signed_velocity_decay_1_5,PERSISTENCE_EXHAUSTION,0.13446769678800533,0.08977713002505723,0.13446769678800533,0
PreBurst_Impulse_Decay_Slope_5s,PERSISTENCE_EXHAUSTION,acceleration_velocity_ratio,PERSISTENCE_EXHAUSTION,0.13442162442884625,0.2636744153334541,0.13442162442884625,0
Signed_Delta_Share_AtEntry,FLOW_BURST_QUALITY,acceleration_velocity_ratio,PERSISTENCE_EXHAUSTION,-0.1344104955378422,-0.09644603033196367,0.1344104955378422,0
PreBurst_Price_Per_Delta_3s,EFFORT_VS_RESULT,delta_persistence_3_5,PERSISTENCE_EXHAUSTION,-0.13435444409283573,-0.09253964606377607,0.13435444409283573,0
Profile_Normalized_Entropy,AUCTION_THEORY,Delta_AtEntry,FLOW_BURST_QUALITY,-0.13416628494986743,-0.169271821351648,0.13416628494986743,0
Profile_Position_Percentile,AUCTION_THEORY,Nearest_OR_Edge_Retest_Count_AtEntry,ACCEPTANCE_RECLAIM,-0.13414541609925532,-0.1842623654087045,0.13414541609925532,0
Volume_AtEntry,FLOW_BURST_QUALITY,flow_price_alignment,OTHER_CAUSAL_CONTEXT,-0.13410922218342894,-0.12607880902143162,0.13410922218342894,0
Delta5s,FLOW_BURST_QUALITY,Dist_LVN_Ticks,AUCTION_THEORY,-0.13405651104219715,-0.12504832526300183,0.13405651104219715,0
Dist_VWAP_Ticks,AUCTION_THEORY,distance_nearest_or_edge_ticks,AUCTION_THEORY,-0.13365811825418789,-0.159301815204821,0.13365811825418789,0
Dist_VWAP_Ticks,AUCTION_THEORY,Nearest_OR_Edge_Distance_Ticks_AtEntry,AUCTION_THEORY,-0.13365811825418789,-0.15930181520482112,0.13365811825418789,0
Dist_OR_High_Ticks,AUCTION_THEORY,Prior_Closed_ATR3_Ticks_AtEntry,AUCTION_THEORY,-0.1334640841910727,-0.19913806197720982,0.1334640841910727,0
Cumulative_Delta_AtEntry,FLOW_BURST_QUALITY,or_position_fraction,AUCTION_THEORY,0.13346033854311773,0.18257643556638004,0.13346033854311773,0
Directional_VWAP_Distance_Ticks_AtEntry,AUCTION_THEORY,signed_acceleration_1s,PERSISTENCE_EXHAUSTION,0.13338618338967684,0.11887776430944233,0.13338618338967684,0
Nearest_OR_Edge_Acceptance_Ratio3_AtEntry,ACCEPTANCE_RECLAIM,signed_velocity_decay_1_5,PERSISTENCE_EXHAUSTION,0.13330598811578262,0.06579471506299829,0.13330598811578262,0
PeakPositiveDelta,FLOW_BURST_QUALITY,ContractsPerSecond,FLOW_BURST_QUALITY,0.1332014512220381,0.18728583195247336,0.1332014512220381,0
PreEntry_Volume_Climax_Ratio_AtEntry,FLOW_BURST_QUALITY,mean_trade_size,FLOW_BURST_QUALITY,0.13314889588791026,-0.04253297959291061,0.13314889588791026,0
Profile_Normalized_Entropy,AUCTION_THEORY,Buy_Imbalance_Count_AtEntry,FLOW_BURST_QUALITY,-0.13289165966958974,-0.16279126191870735,0.13289165966958974,0
BuySellRatio,OTHER_CAUSAL_CONTEXT,Profile_Std_Ticks,AUCTION_THEORY,-0.13287026879695357,-0.11641246790873083,0.13287026879695357,0
PreEntry_Directional_Efficiency3_AtEntry,OTHER_CAUSAL_CONTEXT,velocity_consistency,PERSISTENCE_EXHAUSTION,-0.13282009891085317,-0.13022925526949192,0.13282009891085317,0
Delta2s,FLOW_BURST_QUALITY,DeltaPercentile,FLOW_BURST_QUALITY,-0.13269498722204814,-0.08043787280278374,0.13269498722204814,0
DeltaChange1s,FLOW_BURST_QUALITY,ContractsPerSecond,FLOW_BURST_QUALITY,-0.1326762813218263,-0.13999468763200312,0.1326762813218263,0
Cumulative_Delta_AtEntry,FLOW_BURST_QUALITY,Score_AtEntry,OTHER_CAUSAL_CONTEXT,0.13254991900403332,0.1433117293367226,0.13254991900403332,0
price_impact_per_100_contracts,EFFORT_VS_RESULT,vwap_poc_spread_ticks,AUCTION_THEORY,0.13250703780140516,0.2347187743586175,0.13250703780140516,0
Profile_Normalized_Entropy,AUCTION_THEORY,Delta_Change_AtEntry,FLOW_BURST_QUALITY,-0.13228447584639477,-0.1244285688009088,0.13228447584639477,0
Profile_Excess_Kurtosis,AUCTION_THEORY,distance_nearest_profile_reference_ticks,AUCTION_THEORY,0.1322719101993609,0.07849973405260581,0.1322719101993609,0
PreBurst_Local_Entropy_10s,TEMPORAL_SEQUENCE,signed_velocity_decay_1_5,PERSISTENCE_EXHAUSTION,-0.13205456713208255,-0.11873508524705736,0.13205456713208255,0
TicksPerSecond,TIME_REGIME,PreEntry_Volume_Climax_Ratio_AtEntry,FLOW_BURST_QUALITY,-0.1320266159793682,-0.15922000868378128,0.1320266159793682,0
Velocity1s,PERSISTENCE_EXHAUSTION,PreEntry_Volume_Climax_Ratio_AtEntry,FLOW_BURST_QUALITY,-0.1320266159793682,-0.15922000868378128,0.1320266159793682,0
Dist_OR_High_Ticks,AUCTION_THEORY,Profile_Skewness,AUCTION_THEORY,0.13197968203849905,0.12582448596790619,0.13197968203849905,0
signed_velocity_3s,PERSISTENCE_EXHAUSTION,month_index,TIME_REGIME,-0.13150779102573557,-0.14184540652404964,0.13150779102573557,0
Delta1s,FLOW_BURST_QUALITY,ContractsPerSecond,FLOW_BURST_QUALITY,-0.13150723350694216,-0.12741531998707964,0.13150723350694216,0
signed_acceleration_1s,PERSISTENCE_EXHAUSTION,profile_confluence_4t,AUCTION_THEORY,-0.1313582335962237,-0.08966278377287265,0.1313582335962237,0
Profile_Concentration,AUCTION_THEORY,or_position_fraction,AUCTION_THEORY,0.13134334749564072,0.12257133232162366,0.13134334749564072,0
Dist_POC_Ticks,AUCTION_THEORY,BreakOut_TICKS_PER_SEC_AtEntry,OTHER_CAUSAL_CONTEXT,-0.13113811717192186,-0.08083528173272558,0.13113811717192186,0
PeakPositiveDelta,FLOW_BURST_QUALITY,Seconds_From_Open_AtEntry,TIME_REGIME,-0.13110816536531542,-0.09147876711233373,0.13110816536531542,0
Delta2s,FLOW_BURST_QUALITY,month_index,TIME_REGIME,-0.13108120798248085,-0.1711162548760239,0.13108120798248085,0
Acceleration3s,PERSISTENCE_EXHAUSTION,Score_AtEntry,OTHER_CAUSAL_CONTEXT,0.1310540983814394,0.07052407734847621,0.1310540983814394,0
Acceleration3s,PERSISTENCE_EXHAUSTION,Prior_Closed_ATR5_Ticks_AtEntry,AUCTION_THEORY,-0.13103993001556793,-0.06980740032742501,0.13103993001556793,0
Profile_Position_Percentile,AUCTION_THEORY,Seconds_From_Open_AtEntry,TIME_REGIME,-0.1309874319093359,-0.15574246774033654,0.1309874319093359,0
PeakNegativeDelta,FLOW_BURST_QUALITY,Signed_Previous_Delta_Share_AtEntry,FLOW_BURST_QUALITY,-0.1309392576599919,-0.15120426004634915,0.1309392576599919,0
Delta2s,FLOW_BURST_QUALITY,Score_AtEntry,OTHER_CAUSAL_CONTEXT,0.13091660798116594,0.058232088461670446,0.13091660798116594,0
PeakPositiveDelta,FLOW_BURST_QUALITY,OR_WidthTicks,AUCTION_THEORY,-0.13077607195364313,-0.033042234884310406,0.13077607195364313,0
PeakPositiveDelta,FLOW_BURST_QUALITY,range,OTHER_CAUSAL_CONTEXT,-0.13077607195364313,-0.033042234884310386,0.13077607195364313,0
ContractsPerSecond,FLOW_BURST_QUALITY,Signed_Delta_Share_AtEntry,FLOW_BURST_QUALITY,-0.13064113807585165,-0.24625926376888194,0.13064113807585165,0
Dist_VAL_Ticks,AUCTION_THEORY,Profile_Excess_Kurtosis,AUCTION_THEORY,-0.13063174394784283,-0.06893606771442257,0.13063174394784283,0
PeakPositiveDelta,FLOW_BURST_QUALITY,PreBurst_Local_Entropy_10s,TEMPORAL_SEQUENCE,0.13050192583674888,0.05488515740585354,0.13050192583674888,0
Profile_Position_Percentile,AUCTION_THEORY,seconds_from_open,TIME_REGIME,-0.1301414131518408,-0.15578091238899197,0.1301414131518408,0
Profile_Position_Percentile,AUCTION_THEORY,minute_from_open,TIME_REGIME,-0.1301414131518408,-0.15578091238899192,0.1301414131518408,0
Score_AtEntry,OTHER_CAUSAL_CONTEXT,month_index,TIME_REGIME,0.1300109835731796,0.14825722479506898,0.1300109835731796,0
Velocity3s,PERSISTENCE_EXHAUSTION,distance_nearest_or_edge_ticks,AUCTION_THEORY,-0.12999698123321302,-0.10852052342600055,0.12999698123321302,0
Velocity3s,PERSISTENCE_EXHAUSTION,Nearest_OR_Edge_Distance_Ticks_AtEntry,AUCTION_THEORY,-0.12999698123321302,-0.10852052342600052,0.12999698123321302,0
Score_AtEntry,OTHER_CAUSAL_CONTEXT,Signed_Delta_Share_AtEntry,FLOW_BURST_QUALITY,0.12994772573306193,0.09185465278700489,0.12994772573306193,0
PeakPositiveDelta,FLOW_BURST_QUALITY,minute_from_open,TIME_REGIME,-0.1299387128367187,-0.09148806626484549,0.1299387128367187,0
PeakPositiveDelta,FLOW_BURST_QUALITY,seconds_from_open,TIME_REGIME,-0.1299387128367187,-0.09148806626484561,0.1299387128367187,0
Dist_HVN_Ticks,AUCTION_THEORY,Signed_Previous_Delta_Share_AtEntry,FLOW_BURST_QUALITY,-0.12966794430892323,-0.14494368756048,0.12966794430892323,0
ContractsPerSecond,FLOW_BURST_QUALITY,Body_AtEntry,OTHER_CAUSAL_CONTEXT,0.12958549746561784,0.10230414760740679,0.12958549746561784,0
Delta1s,FLOW_BURST_QUALITY,month_index,TIME_REGIME,-0.12957740364629472,-0.1766167682153682,0.12957740364629472,0
delta_share_of_volume,FLOW_BURST_QUALITY,distance_nearest_or_edge_ticks,AUCTION_THEORY,-0.12955895028103048,-0.09001451326768124,0.12955895028103048,0
Nearest_OR_Edge_Distance_Ticks_AtEntry,AUCTION_THEORY,delta_share_of_volume,FLOW_BURST_QUALITY,-0.12955895028103048,-0.09001451326768123,0.12955895028103048,0
Profile_Effective_Nodes,AUCTION_THEORY,Delta_AtEntry,FLOW_BURST_QUALITY,-0.1294742430122151,-0.08583056631818457,0.1294742430122151,0
TradesPerSecond,TIME_REGIME,PreBurst_Reclaim_Count_10s,ACCEPTANCE_RECLAIM,-0.12942421808052754,-0.10820282289672158,0.12942421808052754,0
PreBurst_Impulse_Survival_Seconds,AUCTION_THEORY,Body_AtEntry,OTHER_CAUSAL_CONTEXT,0.12918610529477895,0.12314424011640097,0.12918610529477895,0
PreBurst_Rotation_Index_10s,TEMPORAL_SEQUENCE,Delta_Change_AtEntry,FLOW_BURST_QUALITY,-0.12910745874709467,-0.1396776510772331,0.12910745874709467,0
Velocity3s,PERSISTENCE_EXHAUSTION,Profile_Normalized_Entropy,AUCTION_THEORY,-0.12907281700911977,-0.10570582582539204,0.12907281700911977,0
PreEntry_Volume_Climax_Ratio_AtEntry,FLOW_BURST_QUALITY,absorption_pressure_1s,EFFORT_VS_RESULT,0.12901127931943454,0.0029448778098988184,0.12901127931943454,0
PreBurst_Price_Per_Delta_3s,EFFORT_VS_RESULT,Directional_VWAP_Distance_Ticks_AtEntry,AUCTION_THEORY,-0.1289425635278321,-0.07102813669216657,0.1289425635278321,0
PreBurst_Path_Efficiency_10s,TEMPORAL_SEQUENCE,Profile_Concentration,AUCTION_THEORY,0.12891454862332938,0.15545023281777273,0.12891454862332938,0
TradesPerSecond,TIME_REGIME,Body_OR_Ratio_AtEntry,AUCTION_THEORY,0.1286741966954976,0.026644587155109527,0.1286741966954976,0
PreEntry_Range_Compression3_AtEntry,OTHER_CAUSAL_CONTEXT,signed_delta_decay_1_5,PERSISTENCE_EXHAUSTION,0.12864510195711035,0.12715262707304859,0.12864510195711035,0
PreBurst_Acceptance_Dwell_Ratio_5s,ACCEPTANCE_RECLAIM,velocity_consistency,PERSISTENCE_EXHAUSTION,0.12863646193684658,0.20353997288439435,0.12863646193684658,0
Velocity5s,PERSISTENCE_EXHAUSTION,Nearest_OR_Edge_Distance_Ticks_AtEntry,AUCTION_THEORY,-0.1286072934484512,-0.12958518932272212,0.1286072934484512,0
Velocity5s,PERSISTENCE_EXHAUSTION,distance_nearest_or_edge_ticks,AUCTION_THEORY,-0.1286072934484512,-0.12958518932272212,0.1286072934484512,0
Directional_OR_Extension_Ticks_AtEntry,AUCTION_THEORY,Signed_Delta_Share_AtEntry,FLOW_BURST_QUALITY,0.12853692531533764,0.11265835198916448,0.12853692531533764,0
Dist_VAL_Ticks,AUCTION_THEORY,Nearest_OR_Edge_Distance_Ticks_AtEntry,AUCTION_THEORY,-0.12844278047909066,-0.07839233998901879,0.12844278047909066,0
Dist_VAL_Ticks,AUCTION_THEORY,distance_nearest_or_edge_ticks,AUCTION_THEORY,-0.12844278047909066,-0.07839233998901879,0.12844278047909066,0
Delta1s,FLOW_BURST_QUALITY,delta_persistence_1_3,PERSISTENCE_EXHAUSTION,0.12843875664403734,0.12657280711969385,0.12843875664403734,0
PreBurst_Local_Entropy_10s,TEMPORAL_SEQUENCE,directional_vwap_distance,AUCTION_THEORY,-0.12841521780730553,-0.13545259038296514,0.12841521780730553,0
PreEntry_Volume_Climax_Ratio_AtEntry,FLOW_BURST_QUALITY,burst_efficiency_score,EFFORT_VS_RESULT,-0.12837539430741,-0.09901146301590809,0.12837539430741,0
PreBurst_Price_Per_Delta_3s,EFFORT_VS_RESULT,month_index,TIME_REGIME,-0.1283543528682758,-0.13454244278333566,0.1283543528682758,0
signed_delta_1s,FLOW_BURST_QUALITY,profile_confluence_4t,AUCTION_THEORY,0.1283087037325724,0.10520052361369492,0.1283087037325724,0
Directional_OR_Extension_Ticks_AtEntry,AUCTION_THEORY,Signed_Previous_Delta_Share_AtEntry,FLOW_BURST_QUALITY,0.1282441480439682,0.12568539564469927,0.1282441480439682,0
PeakPositiveDelta,FLOW_BURST_QUALITY,delta_persistence_1_3,PERSISTENCE_EXHAUSTION,-0.1281169428960344,-0.051897216038421116,0.1281169428960344,0
Seconds_From_Open_AtEntry,TIME_REGIME,absorption_pressure_1s,EFFORT_VS_RESULT,0.1280810320945709,-0.009423844393301763,0.1280810320945709,0
Delta2s,FLOW_BURST_QUALITY,Dist_LVN_Ticks,AUCTION_THEORY,-0.12806550943881984,-0.12608135865355155,0.12806550943881984,0
Acceleration1s,PERSISTENCE_EXHAUSTION,Nearest_OR_Edge_Distance_Ticks_AtEntry,AUCTION_THEORY,-0.12803558408767174,-0.04915630564746266,0.12803558408767174,0
Acceleration1s,PERSISTENCE_EXHAUSTION,distance_nearest_or_edge_ticks,AUCTION_THEORY,-0.12803558408767174,-0.04915630564746276,0.12803558408767174,0
Delta10s,FLOW_BURST_QUALITY,delta_persistence_1_3,PERSISTENCE_EXHAUSTION,0.12803037032901185,0.13681436307827102,0.12803037032901185,0
Acceleration3s,PERSISTENCE_EXHAUSTION,Profile_Std_Ticks,AUCTION_THEORY,-0.12794024356908842,0.016653149280199224,0.12794024356908842,0
PreBurst_Impulse_Decay_Slope_5s,PERSISTENCE_EXHAUSTION,delta_persistence_1_3,PERSISTENCE_EXHAUSTION,-0.12792160385073764,-0.1581845846665855,0.12792160385073764,0
Delta3s,FLOW_BURST_QUALITY,range,OTHER_CAUSAL_CONTEXT,-0.12788069547691217,-0.041455497781481866,0.12788069547691217,0
CumulativeDeltaWindow,FLOW_BURST_QUALITY,OR_WidthTicks,AUCTION_THEORY,-0.12788069547691217,-0.04145549778148193,0.12788069547691217,0
Delta3s,FLOW_BURST_QUALITY,OR_WidthTicks,AUCTION_THEORY,-0.12788069547691217,-0.04145549778148193,0.12788069547691217,0
CumulativeDeltaWindow,FLOW_BURST_QUALITY,range,OTHER_CAUSAL_CONTEXT,-0.12788069547691217,-0.041455497781481866,0.12788069547691217,0
absorption_pressure_1s,EFFORT_VS_RESULT,seconds_from_open,TIME_REGIME,0.12787690710214497,-0.009419873960795418,0.12787690710214497,0
absorption_pressure_1s,EFFORT_VS_RESULT,minute_from_open,TIME_REGIME,0.12787690710214497,-0.00941987396079549,0.12787690710214497,0
Seconds_From_Open_AtEntry,TIME_REGIME,directional_vwap_distance,AUCTION_THEORY,0.12785650070636587,0.08659209316087092,0.12785650070636587,0
DeltaChangeZScore,FLOW_BURST_QUALITY,Score_AtEntry,OTHER_CAUSAL_CONTEXT,0.1278370428058284,0.06104546987135102,0.1278370428058284,0
PreBurst_Impulse_Survival_Seconds,AUCTION_THEORY,Previous_Volume_AtEntry,FLOW_BURST_QUALITY,-0.12781867811908318,-0.15875105388946054,0.12781867811908318,0
DeltaChange1s,FLOW_BURST_QUALITY,signed_delta_1s,FLOW_BURST_QUALITY,-0.12764627458936714,-0.11036253800674008,0.12764627458936714,0
PreBurst_Path_Efficiency_10s,TEMPORAL_SEQUENCE,Directional_VWAP_Distance_Ticks_AtEntry,AUCTION_THEORY,-0.1276036403460883,-0.16695272856578747,0.1276036403460883,0
PreBurst_Price_Per_Delta_3s,EFFORT_VS_RESULT,PreEntry_Directional_Delta_Share3_AtEntry,FLOW_BURST_QUALITY,0.12759892771378498,-0.004769065394654132,0.12759892771378498,0
directional_vwap_distance,AUCTION_THEORY,minute_from_open,TIME_REGIME,0.1275463901307205,0.08662014639630301,0.1275463901307205,0
directional_vwap_distance,AUCTION_THEORY,seconds_from_open,TIME_REGIME,0.1275463901307205,0.08662014639630321,0.1275463901307205,0
Dist_VAL_Ticks,AUCTION_THEORY,Profile_Std_Ticks,AUCTION_THEORY,0.12724207652710656,0.22604945202556606,0.12724207652710656,0
Dist_POC_Ticks,AUCTION_THEORY,Previous_Volume_AtEntry,FLOW_BURST_QUALITY,0.12723148672010615,0.08208676003436008,0.12723148672010615,0
Dist_VAL_Ticks,AUCTION_THEORY,PreEntry_Directional_Delta_Share3_AtEntry,FLOW_BURST_QUALITY,0.12720124021102802,0.01774271773817933,0.12720124021102802,0
PreBurst_Reclaim_Count_10s,ACCEPTANCE_RECLAIM,Body_OR_Ratio_AtEntry,AUCTION_THEORY,-0.12715091417215568,-0.14939569139911685,0.12715091417215568,0
Dist_LVN_Ticks,AUCTION_THEORY,Delta_AtEntry,FLOW_BURST_QUALITY,-0.12709087616038742,-0.10797646510948923,0.12709087616038742,0
Delta1s,FLOW_BURST_QUALITY,Dist_LVN_Ticks,AUCTION_THEORY,-0.12704757210967113,-0.12164563652060634,0.12704757210967113,0
TradesPerSecond,TIME_REGIME,PreBurst_Path_Efficiency_10s,TEMPORAL_SEQUENCE,0.12684263937882861,0.06853523626224067,0.12684263937882861,0
Profile_Position_Percentile,AUCTION_THEORY,signed_velocity_1s,PERSISTENCE_EXHAUSTION,-0.12665834030169884,-0.03097187468139272,0.12665834030169884,0
DeltaChangeZScore,FLOW_BURST_QUALITY,signed_delta_1s,FLOW_BURST_QUALITY,-0.1266019249165498,-0.11385731369527408,0.1266019249165498,0
Profile_Skewness,AUCTION_THEORY,execution_side_sign,OTHER_CAUSAL_CONTEXT,-0.12653138576767559,-0.14604260143015532,0.12653138576767559,0
Body_OR_Ratio_AtEntry,AUCTION_THEORY,PreEntry_Directional_Delta_Share3_AtEntry,FLOW_BURST_QUALITY,-0.12645342967732628,-0.1066085478151357,0.12645342967732628,0
Seconds_From_Open_AtEntry,TIME_REGIME,burst_efficiency_score,EFFORT_VS_RESULT,-0.12642099765716544,-0.03587110729341706,0.12642099765716544,0
Previous_Delta_AtEntry,FLOW_BURST_QUALITY,Prior_Closed_ATR5_Ticks_AtEntry,AUCTION_THEORY,-0.12639678316862785,-0.08898997278860939,0.12639678316862785,0
PreBurst_Path_Efficiency_10s,TEMPORAL_SEQUENCE,or_position_fraction,AUCTION_THEORY,0.12627655224036702,0.05201754960157267,0.12627655224036702,0
PeakPositiveDelta,FLOW_BURST_QUALITY,Directional_OR_Extension_Ticks_AtEntry,AUCTION_THEORY,0.126271653775597,-0.031807111735198845,0.126271653775597,0
burst_efficiency_score,EFFORT_VS_RESULT,minute_from_open,TIME_REGIME,-0.12620598488457171,-0.035846849376766576,0.12620598488457171,0
burst_efficiency_score,EFFORT_VS_RESULT,seconds_from_open,TIME_REGIME,-0.12620598488457171,-0.03584684937676642,0.12620598488457171,0
DeltaPercentile,FLOW_BURST_QUALITY,PreBurst_Path_Efficiency_10s,TEMPORAL_SEQUENCE,-0.12616692873306126,-0.05205581356626215,0.12616692873306126,0
Signed_Previous_Delta_Share_AtEntry,FLOW_BURST_QUALITY,profile_confluence_4t,AUCTION_THEORY,0.12596009506886593,0.11666409725210068,0.12596009506886593,0
CumulativeDeltaWindow,FLOW_BURST_QUALITY,Prior_Closed_ATR5_Ticks_AtEntry,AUCTION_THEORY,-0.12591015552302207,-0.09421652147502792,0.12591015552302207,0
Delta3s,FLOW_BURST_QUALITY,Prior_Closed_ATR5_Ticks_AtEntry,AUCTION_THEORY,-0.12591015552302207,-0.09421652147502792,0.12591015552302207,0
Score_AtEntry,OTHER_CAUSAL_CONTEXT,signed_delta_decay_1_5,PERSISTENCE_EXHAUSTION,-0.12578380444038295,-0.1607602077506386,0.12578380444038295,0
BuySellRatio,OTHER_CAUSAL_CONTEXT,PreBurst_Path_Efficiency_10s,TEMPORAL_SEQUENCE,0.12573755411091403,-0.007771167629751737,0.12573755411091403,0
execution_side_sign,OTHER_CAUSAL_CONTEXT,distance_nearest_or_edge_ticks,AUCTION_THEORY,0.12572406257028837,0.11997252264692072,0.12572406257028837,0
Nearest_OR_Edge_Distance_Ticks_AtEntry,AUCTION_THEORY,execution_side_sign,OTHER_CAUSAL_CONTEXT,0.12572406257028837,0.11997252264692079,0.12572406257028837,0
Profile_Local_Maxima_Count,AUCTION_THEORY,or_position_fraction,AUCTION_THEORY,-0.12571899587242497,-0.08280721055190422,0.12571899587242497,0
Dist_OR_High_Ticks,AUCTION_THEORY,Volume_AtEntry,FLOW_BURST_QUALITY,0.12563836679096865,0.09901072585177012,0.12563836679096865,0
Delta5s,FLOW_BURST_QUALITY,Prior_Closed_ATR5_Ticks_AtEntry,AUCTION_THEORY,-0.12554766977470233,-0.10156064761859851,0.12554766977470233,0
PreEntry_Range_Compression3_AtEntry,OTHER_CAUSAL_CONTEXT,or_position_fraction,AUCTION_THEORY,0.12546355372176876,0.024807620706497654,0.12546355372176876,0
Sell_Imbalance_Count_AtEntry,FLOW_BURST_QUALITY,Body_OR_Ratio_AtEntry,AUCTION_THEORY,-0.12539413729610763,-0.10252776472919024,0.12539413729610763,0
Dist_HVN_Ticks,AUCTION_THEORY,Previous_Volume_AtEntry,FLOW_BURST_QUALITY,-0.1253931769033587,-0.174719317834693,0.1253931769033587,0
Prior_Closed_ATR3_Ticks_AtEntry,AUCTION_THEORY,weekday_index,TIME_REGIME,0.12529595871401963,0.09989964253845808,0.12529595871401963,0
DeltaPercentile,FLOW_BURST_QUALITY,Body_AtEntry,OTHER_CAUSAL_CONTEXT,-0.1252355736981869,-0.09220212470825387,0.1252355736981869,0
Dist_OR_High_Ticks,AUCTION_THEORY,flow_price_alignment,OTHER_CAUSAL_CONTEXT,0.12519329482150582,0.08531578945944278,0.12519329482150582,0
Cumulative_Delta_AtEntry,FLOW_BURST_QUALITY,Directional_VWAP_Distance_Ticks_AtEntry,AUCTION_THEORY,-0.12513806241705552,-0.07496451395359008,0.12513806241705552,0
Body_OR_Ratio_AtEntry,AUCTION_THEORY,flow_price_alignment,OTHER_CAUSAL_CONTEXT,0.12513529902974188,0.08684021767641557,0.12513529902974188,0
PreBurst_Impulse_Decay_Slope_5s,PERSISTENCE_EXHAUSTION,Nearest_OR_Edge_Acceptance_Ratio3_AtEntry,ACCEPTANCE_RECLAIM,-0.1250720955439886,-0.052258098438404794,0.1250720955439886,0
PreBurst_Path_Efficiency_10s,TEMPORAL_SEQUENCE,range,OTHER_CAUSAL_CONTEXT,-0.12500589555415786,-0.1822388495632485,0.12500589555415786,0
OR_WidthTicks,AUCTION_THEORY,PreBurst_Path_Efficiency_10s,TEMPORAL_SEQUENCE,-0.12500589555415786,-0.18223884956324835,0.12500589555415786,0
Delta2s,FLOW_BURST_QUALITY,signed_delta_change_1s,FLOW_BURST_QUALITY,-0.12493591270808822,-0.10339970036544298,0.12493591270808822,0
PreBurst_Rotation_Index_10s,TEMPORAL_SEQUENCE,price_impact_per_100_contracts,EFFORT_VS_RESULT,0.12482013353024063,0.11217549730804476,0.12482013353024063,0
Dist_LVN_Ticks,AUCTION_THEORY,delta_persistence_1_3,PERSISTENCE_EXHAUSTION,-0.1247891981637979,-0.14230888498876504,0.1247891981637979,0
BuySellRatio,OTHER_CAUSAL_CONTEXT,month_index,TIME_REGIME,-0.12476731577817601,-0.06645446639952364,0.12476731577817601,0
Profile_Excess_Kurtosis,AUCTION_THEORY,Nearest_OR_Edge_Distance_Ticks_AtEntry,AUCTION_THEORY,-0.12471312096200161,-0.02512259578963601,0.12471312096200161,0
Profile_Excess_Kurtosis,AUCTION_THEORY,distance_nearest_or_edge_ticks,AUCTION_THEORY,-0.12471312096200161,-0.02512259578963599,0.12471312096200161,0
Velocity5s,PERSISTENCE_EXHAUSTION,Profile_Local_Maxima_Count,AUCTION_THEORY,-0.12459823392132087,-0.044082004041142125,0.12459823392132087,0
Nearest_OR_Edge_Distance_Ticks_AtEntry,AUCTION_THEORY,mean_trade_size,FLOW_BURST_QUALITY,-0.12459650865102555,-0.11338441027362249,0.12459650865102555,0
mean_trade_size,FLOW_BURST_QUALITY,distance_nearest_or_edge_ticks,AUCTION_THEORY,-0.12459650865102555,-0.11338441027362238,0.12459650865102555,0
DeltaChange1s,FLOW_BURST_QUALITY,Signed_Previous_Delta_Share_AtEntry,FLOW_BURST_QUALITY,-0.12454571816771409,-0.15370737551708274,0.12454571816771409,0
PreBurst_Reclaim_Count_10s,ACCEPTANCE_RECLAIM,mean_trade_size,FLOW_BURST_QUALITY,0.12443032910519732,0.16443406850663198,0.12443032910519732,0
Dist_VWAP_Ticks,AUCTION_THEORY,month_index,TIME_REGIME,-0.12441573415606402,-0.12759513885545837,0.12441573415606402,0
Nearest_OR_Edge_Retest_Count_AtEntry,ACCEPTANCE_RECLAIM,signed_velocity_3s,PERSISTENCE_EXHAUSTION,-0.12439878072052846,-0.0852536284427271,0.12439878072052846,0
Acceleration3s,PERSISTENCE_EXHAUSTION,Previous_Volume_AtEntry,FLOW_BURST_QUALITY,0.12436960173159907,0.10532253797750275,0.12436960173159907,0
Directional_OR_Extension_Ticks_AtEntry,AUCTION_THEORY,delta_persistence_3_5,PERSISTENCE_EXHAUSTION,0.12432632668883997,0.10614335977073365,0.12432632668883997,0
Delta5s,FLOW_BURST_QUALITY,signed_delta_change_1s,FLOW_BURST_QUALITY,-0.12431738158784073,-0.10563556819000691,0.12431738158784073,0
Dist_OR_Low_Ticks,AUCTION_THEORY,Nearest_OR_Edge_Acceptance_Ratio3_AtEntry,ACCEPTANCE_RECLAIM,-0.12421586376739649,-0.09279531095129127,0.12421586376739649,0
Score_AtEntry,OTHER_CAUSAL_CONTEXT,signed_delta_1s,FLOW_BURST_QUALITY,0.12421265565445817,0.14368633557035915,0.12421265565445817,0
Dist_POC_Ticks,AUCTION_THEORY,Nearest_OR_Edge_Acceptance_Ratio3_AtEntry,ACCEPTANCE_RECLAIM,-0.12416548830039342,-0.12992658318243172,0.12416548830039342,0
PreBurst_Impulse_Survival_Seconds,AUCTION_THEORY,Body_OR_Ratio_AtEntry,AUCTION_THEORY,0.12412612002100809,0.19885037475306233,0.12412612002100809,0
Delta5s,FLOW_BURST_QUALITY,signed_delta_1s,FLOW_BURST_QUALITY,-0.124022602623908,-0.10490619113925174,0.124022602623908,0
TicksPerSecond,TIME_REGIME,month_index,TIME_REGIME,-0.12399282163788683,-0.12862646770820674,0.12399282163788683,0
Velocity1s,PERSISTENCE_EXHAUSTION,month_index,TIME_REGIME,-0.12399282163788683,-0.12862646770820674,0.12399282163788683,0
Dist_LVN_Ticks,AUCTION_THEORY,BreakOut_TICKS_PER_SEC_AtEntry,OTHER_CAUSAL_CONTEXT,0.12390142130492189,0.1612476626982233,0.12390142130492189,0
Signed_Previous_Delta_Share_AtEntry,FLOW_BURST_QUALITY,directional_poc_distance,AUCTION_THEORY,-0.12380910778827105,-0.1740554845266962,0.12380910778827105,0
Acceleration1s,PERSISTENCE_EXHAUSTION,Profile_Excess_Kurtosis,AUCTION_THEORY,0.12364307915706962,0.1776865188149339,0.12364307915706962,0
BreakOut_TICKS_PER_SEC_AtEntry,OTHER_CAUSAL_CONTEXT,flow_price_alignment,OTHER_CAUSAL_CONTEXT,0.12359607805532358,0.09957822048793412,0.12359607805532358,0
TicksPerSecond,TIME_REGIME,Profile_Std_Ticks,AUCTION_THEORY,-0.12359506925736294,0.009238168708438377,0.12359506925736294,0
Velocity1s,PERSISTENCE_EXHAUSTION,Profile_Std_Ticks,AUCTION_THEORY,-0.12359506925736294,0.009238168708438377,0.12359506925736294,0
Delta_AtEntry,FLOW_BURST_QUALITY,month_index,TIME_REGIME,-0.12354273526961566,-0.09983719577480858,0.12354273526961566,0
Dist_OR_High_Ticks,AUCTION_THEORY,Profile_Local_Maxima_Count,AUCTION_THEORY,-0.12343424905755675,-0.18562310093395057,0.12343424905755675,0
DeltaPercentile,FLOW_BURST_QUALITY,Sell_Imbalance_Count_AtEntry,FLOW_BURST_QUALITY,0.12323931871054358,0.013585556770950353,0.12323931871054358,0
TradesPerSecond,TIME_REGIME,Cumulative_Delta_AtEntry,FLOW_BURST_QUALITY,-0.12321728077507166,-0.030330525360370737,0.12321728077507166,0
PreBurst_Impulse_Decay_Slope_5s,PERSISTENCE_EXHAUSTION,Previous_Delta_AtEntry,FLOW_BURST_QUALITY,0.12307608042841417,0.13940954418543294,0.12307608042841417,0
delta_persistence_3_5,PERSISTENCE_EXHAUSTION,acceleration_velocity_ratio,PERSISTENCE_EXHAUSTION,0.12303317961979132,-0.03948863121100822,0.12303317961979132,0
Velocity3s,PERSISTENCE_EXHAUSTION,Prior_Closed_ATR5_Ticks_AtEntry,AUCTION_THEORY,-0.12300599502479821,-0.06121526154008049,0.12300599502479821,0
PreEntry_Directional_Delta_Share3_AtEntry,FLOW_BURST_QUALITY,signed_velocity_1s,PERSISTENCE_EXHAUSTION,0.12294613878753387,0.01948431538571,0.12294613878753387,0
Delta1s,FLOW_BURST_QUALITY,DeltaPercentile,FLOW_BURST_QUALITY,-0.12286371340453173,-0.07500021022301623,0.12286371340453173,0
Delta1s,FLOW_BURST_QUALITY,PreBurst_Path_Efficiency_10s,TEMPORAL_SEQUENCE,0.12285191579807439,0.1370985494914019,0.12285191579807439,0
PreBurst_Price_Per_Delta_3s,EFFORT_VS_RESULT,Profile_Position_Percentile,AUCTION_THEORY,-0.1227779315282218,-0.06147232971085638,0.1227779315282218,0
PreBurst_Rotation_Index_10s,TEMPORAL_SEQUENCE,Profile_Concentration,AUCTION_THEORY,-0.1227727741140613,-0.12944055216005704,0.1227727741140613,0
Nearest_OR_Edge_Acceptance_Ratio3_AtEntry,ACCEPTANCE_RECLAIM,signed_velocity_3s,PERSISTENCE_EXHAUSTION,-0.1227302840538544,-0.10724087172583273,0.1227302840538544,0
Delta5s,FLOW_BURST_QUALITY,PreEntry_Range_Compression3_AtEntry,OTHER_CAUSAL_CONTEXT,0.12235931768211106,0.08694344754524695,0.12235931768211106,0
OR_WidthTicks,AUCTION_THEORY,PreEntry_Directional_Delta_Share3_AtEntry,FLOW_BURST_QUALITY,0.12235805945866425,0.07251567230229027,0.12235805945866425,0
range,OTHER_CAUSAL_CONTEXT,PreEntry_Directional_Delta_Share3_AtEntry,FLOW_BURST_QUALITY,0.12235805945866425,0.07251567230229022,0.12235805945866425,0
Dist_VAH_Ticks,AUCTION_THEORY,BreakOut_TICKS_PER_SEC_AtEntry,OTHER_CAUSAL_CONTEXT,-0.12225206186278303,-0.1027598851613577,0.12225206186278303,0
PreEntry_Volume_Climax_Ratio_AtEntry,FLOW_BURST_QUALITY,price_impact_per_100_contracts,EFFORT_VS_RESULT,-0.1222352757855689,-0.0994108357140432,0.1222352757855689,0
Profile_Local_Maxima_Count,AUCTION_THEORY,Cumulative_Delta_AtEntry,FLOW_BURST_QUALITY,-0.12215644563519747,-0.06227120736519434,0.12215644563519747,0
PreBurst_Local_Entropy_10s,TEMPORAL_SEQUENCE,Directional_VWAP_Distance_Ticks_AtEntry,AUCTION_THEORY,0.1221466535273744,0.0682344489184594,0.1221466535273744,0
Profile_Effective_Nodes,AUCTION_THEORY,Delta_Change_AtEntry,FLOW_BURST_QUALITY,-0.12211483920001578,-0.06317749980072741,0.12211483920001578,0
price_impact_per_100_contracts,EFFORT_VS_RESULT,distance_nearest_profile_reference_ticks,AUCTION_THEORY,-0.12210940126270839,-0.08176284166971189,0.12210940126270839,0
Acceleration1s,PERSISTENCE_EXHAUSTION,Directional_VWAP_Distance_Ticks_AtEntry,AUCTION_THEORY,-0.12207860254932917,-0.08220608479897895,0.12207860254932917,0
Seconds_From_Open_AtEntry,TIME_REGIME,execution_side_sign,OTHER_CAUSAL_CONTEXT,0.12199995872916379,0.15763021532273103,0.12199995872916379,0
DeltaChangeZScore,FLOW_BURST_QUALITY,Directional_OR_Extension_Ticks_AtEntry,AUCTION_THEORY,0.1219833435025259,-0.0024282089465469036,0.1219833435025259,0
Score_AtEntry,OTHER_CAUSAL_CONTEXT,distance_nearest_profile_reference_ticks,AUCTION_THEORY,-0.12193265127961933,-0.12373446996114709,0.12193265127961933,0
Profile_Concentration,AUCTION_THEORY,PreEntry_Directional_Efficiency3_AtEntry,OTHER_CAUSAL_CONTEXT,0.12190825715900967,0.041650389926714264,0.12190825715900967,0
range,OTHER_CAUSAL_CONTEXT,Delta_Change_AtEntry,FLOW_BURST_QUALITY,-0.1217886051899534,-0.06237090188920113,0.1217886051899534,0
OR_WidthTicks,AUCTION_THEORY,Delta_Change_AtEntry,FLOW_BURST_QUALITY,-0.1217886051899534,-0.062370901889201115,0.1217886051899534,0
PreEntry_Directional_Delta_Share3_AtEntry,FLOW_BURST_QUALITY,liquidity_absorption_score,OTHER_CAUSAL_CONTEXT,-0.12172742512712464,0.017883956278147914,0.12172742512712464,0
DeltaChangeZScore,FLOW_BURST_QUALITY,delta_persistence_1_3,PERSISTENCE_EXHAUSTION,0.12171696199850526,0.1261394551876713,0.12171696199850526,0
Dist_LVN_Ticks,AUCTION_THEORY,PreBurst_Reclaim_Count_10s,ACCEPTANCE_RECLAIM,-0.12168669422559475,-0.08017981995593701,0.12168669422559475,0
Buy_Imbalance_Count_AtEntry,FLOW_BURST_QUALITY,PreEntry_Range_Compression3_AtEntry,OTHER_CAUSAL_CONTEXT,0.1216734142447049,0.08674375932977767,0.1216734142447049,0
Profile_Position_Percentile,AUCTION_THEORY,BreakOut_TICKS_PER_SEC_AtEntry,OTHER_CAUSAL_CONTEXT,-0.12165802807032242,-0.044743276128603,0.12165802807032242,0
Directional_OR_Extension_Ticks_AtEntry,AUCTION_THEORY,Nearest_OR_Edge_Retest_Count_AtEntry,ACCEPTANCE_RECLAIM,-0.12159887475252633,-0.11343177996191546,0.12159887475252633,0
PreBurst_Price_Per_Delta_3s,EFFORT_VS_RESULT,distance_nearest_profile_reference_ticks,AUCTION_THEORY,-0.12155107763756215,-0.0820017089892776,0.12155107763756215,0
Nearest_OR_Edge_Retest_Count_AtEntry,ACCEPTANCE_RECLAIM,signed_velocity_1s,PERSISTENCE_EXHAUSTION,-0.12150200246586856,-0.01960822840250962,0.12150200246586856,0
PreBurst_Impulse_Decay_Slope_5s,PERSISTENCE_EXHAUSTION,Volume_AtEntry,FLOW_BURST_QUALITY,-0.12144231632606733,-0.15244822082942572,0.12144231632606733,0
PreBurst_Reclaim_Count_10s,ACCEPTANCE_RECLAIM,range,OTHER_CAUSAL_CONTEXT,0.12142885736125844,0.12808778778286162,0.12142885736125844,0
OR_WidthTicks,AUCTION_THEORY,PreBurst_Reclaim_Count_10s,ACCEPTANCE_RECLAIM,0.12142885736125844,0.12808778778286145,0.12142885736125844,0
Nearest_OR_Edge_Retest_Count_AtEntry,ACCEPTANCE_RECLAIM,execution_cvd_alignment,OTHER_CAUSAL_CONTEXT,0.12139917651741966,0.12206579568487494,0.12139917651741966,0
seconds_from_open,TIME_REGIME,execution_side_sign,OTHER_CAUSAL_CONTEXT,0.12131528118057526,0.15767652387527703,0.12131528118057526,0
minute_from_open,TIME_REGIME,execution_side_sign,OTHER_CAUSAL_CONTEXT,0.12131528118057526,0.15767652387527703,0.12131528118057526,0
Profile_Skewness,AUCTION_THEORY,acceleration_velocity_ratio,PERSISTENCE_EXHAUSTION,-0.12124319426307226,-0.036138978018769904,0.12124319426307226,0
Delta10s,FLOW_BURST_QUALITY,PreBurst_Path_Efficiency_10s,TEMPORAL_SEQUENCE,0.12122883173530058,0.13780958334419544,0.12122883173530058,0
PreBurst_Price_Per_Volume_3s,EFFORT_VS_RESULT,Profile_Skewness,AUCTION_THEORY,-0.12122801290903544,-0.07749864767790238,0.12122801290903544,0
PreBurst_Rotation_Index_10s,TEMPORAL_SEQUENCE,Profile_Local_Maxima_Count,AUCTION_THEORY,0.1211509252811228,0.1444157473168559,0.1211509252811228,0
Profile_Concentration,AUCTION_THEORY,Delta_AtEntry,FLOW_BURST_QUALITY,0.12103627343273271,0.15766813338275296,0.12103627343273271,0
range,OTHER_CAUSAL_CONTEXT,Directional_VWAP_Distance_Ticks_AtEntry,AUCTION_THEORY,-0.12101397422306345,-0.16269001110236392,0.12101397422306345,0
OR_WidthTicks,AUCTION_THEORY,Directional_VWAP_Distance_Ticks_AtEntry,AUCTION_THEORY,-0.12101397422306345,-0.16269001110236395,0.12101397422306345,0
Dist_VAH_Ticks,AUCTION_THEORY,flow_price_alignment,OTHER_CAUSAL_CONTEXT,0.1209034649585237,0.08246983146701053,0.1209034649585237,0
Delta5s,FLOW_BURST_QUALITY,weekday_index,TIME_REGIME,-0.12085218445014817,-0.10041890762528143,0.12085218445014817,0
Previous_Delta_AtEntry,FLOW_BURST_QUALITY,Directional_OR_Extension_Ticks_AtEntry,AUCTION_THEORY,0.12080831356958667,0.047551580287064944,0.12080831356958667,0
Velocity3s,PERSISTENCE_EXHAUSTION,Profile_Local_Maxima_Count,AUCTION_THEORY,-0.12079701215354606,-0.01806927408892792,0.12079701215354606,0
Body_AtEntry,OTHER_CAUSAL_CONTEXT,distance_nearest_profile_reference_ticks,AUCTION_THEORY,-0.12070402721236383,-0.10149698005562238,0.12070402721236383,0
velocity_consistency,PERSISTENCE_EXHAUSTION,or_position_fraction,AUCTION_THEORY,0.12069115480352426,0.1091357557694956,0.12069115480352426,0
Delta2s,FLOW_BURST_QUALITY,PreBurst_Price_Per_Volume_3s,EFFORT_VS_RESULT,0.12052379782924554,0.046902968439857924,0.12052379782924554,0
PreEntry_Directional_Delta_Share3_AtEntry,FLOW_BURST_QUALITY,signed_acceleration_1s,PERSISTENCE_EXHAUSTION,0.12047637524062356,0.018554894604405167,0.12047637524062356,0
Profile_Local_Maxima_Count,AUCTION_THEORY,delta_share_of_volume,FLOW_BURST_QUALITY,-0.12038647433665733,-0.12740538402263876,0.12038647433665733,0
PreBurst_Impulse_Decay_Slope_5s,PERSISTENCE_EXHAUSTION,delta_share_of_volume,FLOW_BURST_QUALITY,-0.12029686478477426,-0.14311243688225017,0.12029686478477426,0
Delta2s,FLOW_BURST_QUALITY,signed_delta_1s,FLOW_BURST_QUALITY,-0.1201840639763825,-0.10077831447194219,0.1201840639763825,0
PreBurst_Acceptance_Dwell_Ratio_5s,ACCEPTANCE_RECLAIM,or_position_fraction,AUCTION_THEORY,-0.11999399716060158,-0.1735445748640201,0.11999399716060158,0
Dist_HVN_Ticks,AUCTION_THEORY,signed_velocity_1s,PERSISTENCE_EXHAUSTION,-0.1197730681745707,-0.10741993691419334,0.1197730681745707,0
Prior_Closed_ATR3_Ticks_AtEntry,AUCTION_THEORY,delta_persistence_3_5,PERSISTENCE_EXHAUSTION,-0.11972307786662457,-0.14234003787934799,0.11972307786662457,0
Previous_Volume_AtEntry,FLOW_BURST_QUALITY,profile_confluence_4t,AUCTION_THEORY,0.11957333942217513,0.20624814582459028,0.11957333942217513,0
Acceleration1s,PERSISTENCE_EXHAUSTION,Profile_Effective_Nodes,AUCTION_THEORY,-0.1195126889921285,-0.0074690449687956455,0.1195126889921285,0
BuySellRatio,OTHER_CAUSAL_CONTEXT,Nearest_OR_Edge_Distance_Ticks_AtEntry,AUCTION_THEORY,-0.1194885180128984,-0.11420626289174586,0.1194885180128984,0
BuySellRatio,OTHER_CAUSAL_CONTEXT,distance_nearest_or_edge_ticks,AUCTION_THEORY,-0.1194885180128984,-0.11420626289174586,0.1194885180128984,0
Profile_Skewness,AUCTION_THEORY,distance_nearest_profile_reference_ticks,AUCTION_THEORY,-0.11934542889287775,-0.07951174266033213,0.11934542889287775,0
Delta1s,FLOW_BURST_QUALITY,PreEntry_Directional_Efficiency3_AtEntry,OTHER_CAUSAL_CONTEXT,-0.11931584128067674,-0.15649647044009268,0.11931584128067674,0
PreBurst_Price_Per_Volume_3s,EFFORT_VS_RESULT,PreEntry_Directional_Delta_Share3_AtEntry,FLOW_BURST_QUALITY,0.11911227086213284,0.03979405483673374,0.11911227086213284,0
BreakOut_TICKS_PER_SEC_AtEntry,OTHER_CAUSAL_CONTEXT,acceleration_velocity_ratio,PERSISTENCE_EXHAUSTION,0.11910709258105377,0.1346839363830566,0.11910709258105377,0
Profile_Excess_Kurtosis,AUCTION_THEORY,signed_velocity_3s,PERSISTENCE_EXHAUSTION,0.11908483958996051,0.23866700995941154,0.11908483958996051,0
CumulativeDeltaWindow,FLOW_BURST_QUALITY,Profile_Skewness,AUCTION_THEORY,0.11903515791676866,0.14507549407804665,0.11903515791676866,0
Delta3s,FLOW_BURST_QUALITY,Profile_Skewness,AUCTION_THEORY,0.11903515791676866,0.14507549407804665,0.11903515791676866,0
Delta10s,FLOW_BURST_QUALITY,mean_trade_size,FLOW_BURST_QUALITY,-0.11901624993258747,0.03538378595891773,0.11901624993258747,0
Profile_Concentration,AUCTION_THEORY,BreakOut_TICKS_PER_SEC_AtEntry,OTHER_CAUSAL_CONTEXT,-0.11894692478549537,-0.1338142745113139,0.11894692478549537,0
Dist_VAL_Ticks,AUCTION_THEORY,BreakOut_TICKS_PER_SEC_AtEntry,OTHER_CAUSAL_CONTEXT,-0.11893090317394801,-0.012046512693503923,0.11893090317394801,0
Delta5s,FLOW_BURST_QUALITY,TradesPerSecond,TIME_REGIME,-0.11890192672132098,-0.07307948943251515,0.11890192672132098,0
Dist_LVN_Ticks,AUCTION_THEORY,signed_velocity_1s,PERSISTENCE_EXHAUSTION,0.11879361483624615,0.12716174063756397,0.11879361483624615,0
Dist_OR_Low_Ticks,AUCTION_THEORY,Prior_Closed_ATR3_Ticks_AtEntry,AUCTION_THEORY,0.11877662953203492,0.2195628824983646,0.11877662953203492,0
Volume_AtEntry,FLOW_BURST_QUALITY,Nearest_OR_Edge_Retest_Count_AtEntry,ACCEPTANCE_RECLAIM,-0.11873550176819396,-0.11074079041406287,0.11873550176819396,0
Delta10s,FLOW_BURST_QUALITY,signed_delta_change_1s,FLOW_BURST_QUALITY,-0.11870304560675742,-0.10768304394391046,0.11870304560675742,0
Dist_VWAP_Ticks,AUCTION_THEORY,Directional_OR_Extension_Ticks_AtEntry,AUCTION_THEORY,0.118692341238819,0.07837578191736076,0.118692341238819,0
Profile_Normalized_Entropy,AUCTION_THEORY,Volume_AtEntry,FLOW_BURST_QUALITY,-0.11868457413056814,-0.10228744068934335,0.11868457413056814,0
Dist_VAH_Ticks,AUCTION_THEORY,month_index,TIME_REGIME,-0.11863647126782645,-0.10930882277612058,0.11863647126782645,0
PreEntry_Volume_Climax_Ratio_AtEntry,FLOW_BURST_QUALITY,directional_vwap_distance,AUCTION_THEORY,0.11863173181677292,0.10010639184849991,0.11863173181677292,0
DeltaChangeZScore,FLOW_BURST_QUALITY,signed_delta_decay_1_5,PERSISTENCE_EXHAUSTION,0.11855993391359872,0.11624929957784734,0.11855993391359872,0
PeakNegativeDelta,FLOW_BURST_QUALITY,PreBurst_Rotation_Index_10s,TEMPORAL_SEQUENCE,-0.11846936140165212,-0.09124287716247345,0.11846936140165212,0
PreBurst_Rotation_Index_10s,TEMPORAL_SEQUENCE,Profile_Std_Ticks,AUCTION_THEORY,0.1183893374154924,0.16167119928886267,0.1183893374154924,0
Dist_VWAP_Ticks,AUCTION_THEORY,Nearest_OR_Edge_Acceptance_Ratio3_AtEntry,ACCEPTANCE_RECLAIM,-0.11835915308661175,-0.08609449530491914,0.11835915308661175,0
BreakOut_TICKS_PER_SEC_AtEntry,OTHER_CAUSAL_CONTEXT,velocity_consistency,PERSISTENCE_EXHAUSTION,0.11824908971895869,0.07691476675687156,0.11824908971895869,0
Cumulative_Delta_AtEntry,FLOW_BURST_QUALITY,Prior_Closed_ATR3_Ticks_AtEntry,AUCTION_THEORY,-0.11817463967766956,-0.03401707346709088,0.11817463967766956,0
TradesPerSecond,TIME_REGIME,directional_vwap_distance,AUCTION_THEORY,0.11810766593871962,0.1361814661570004,0.11810766593871962,0
PreEntry_Range_Compression3_AtEntry,OTHER_CAUSAL_CONTEXT,signed_velocity_1s,PERSISTENCE_EXHAUSTION,-0.11803857380609575,-0.14214561381967283,0.11803857380609575,0
PreBurst_Price_Per_Volume_3s,EFFORT_VS_RESULT,month_index,TIME_REGIME,-0.11789152486945512,-0.10954743591271592,0.11789152486945512,0
Dist_LVN_Ticks,AUCTION_THEORY,Sell_Imbalance_Count_AtEntry,FLOW_BURST_QUALITY,0.1178848132409615,0.09479863579224139,0.1178848132409615,0
burst_efficiency_score,EFFORT_VS_RESULT,vwap_poc_spread_ticks,AUCTION_THEORY,0.11786905824879089,0.18803431894427738,0.11786905824879089,0
PeakNegativeDelta,FLOW_BURST_QUALITY,Score_AtEntry,OTHER_CAUSAL_CONTEXT,0.11780758270586567,0.009464305037163657,0.11780758270586567,0
Dist_POC_Ticks,AUCTION_THEORY,directional_vwap_distance,AUCTION_THEORY,-0.11779368084226957,-0.09206151397670731,0.11779368084226957,0
Dist_OR_High_Ticks,AUCTION_THEORY,Profile_Concentration,AUCTION_THEORY,0.1176477058567281,0.19006533872901427,0.1176477058567281,0
Delta1s,FLOW_BURST_QUALITY,PreBurst_Price_Per_Volume_3s,EFFORT_VS_RESULT,0.11732704004678125,0.04935522392041973,0.11732704004678125,0
acceleration_velocity_ratio,PERSISTENCE_EXHAUSTION,or_position_fraction,AUCTION_THEORY,0.11730208526741331,0.06402037075011982,0.11730208526741331,0
Acceleration3s,PERSISTENCE_EXHAUSTION,delta_share_of_volume,FLOW_BURST_QUALITY,0.1172848753686026,0.0987939127376095,0.1172848753686026,0
PreEntry_Directional_Delta_Share3_AtEntry,FLOW_BURST_QUALITY,burst_efficiency_score,EFFORT_VS_RESULT,0.1170133782911494,0.020570012247422574,0.1170133782911494,0
PreBurst_Impulse_Decay_Slope_5s,PERSISTENCE_EXHAUSTION,Body_OR_Ratio_AtEntry,AUCTION_THEORY,0.11687538863561474,0.09717752453518788,0.11687538863561474,0
Profile_Position_Percentile,AUCTION_THEORY,PreEntry_Range_Compression3_AtEntry,OTHER_CAUSAL_CONTEXT,0.11679682400869922,0.08034161222061126,0.11679682400869922,0
Dist_OR_High_Ticks,AUCTION_THEORY,PreEntry_Range_Compression3_AtEntry,OTHER_CAUSAL_CONTEXT,0.11672899203309502,0.08660455956144149,0.11672899203309502,0
PreEntry_Directional_Delta_Share3_AtEntry,FLOW_BURST_QUALITY,absorption_pressure_1s,EFFORT_VS_RESULT,-0.11665097315989666,0.01916985504030015,0.11665097315989666,0
Dist_OR_High_Ticks,AUCTION_THEORY,Profile_Std_Ticks,AUCTION_THEORY,-0.11661328498168395,-0.13224684870249115,0.11661328498168395,0
PreBurst_Impulse_Decay_Slope_5s,PERSISTENCE_EXHAUSTION,profile_confluence_4t,AUCTION_THEORY,-0.11658579332346398,-0.1055782859257656,0.11658579332346398,0
vwap_poc_spread_ticks,AUCTION_THEORY,signed_velocity_decay_1_5,PERSISTENCE_EXHAUSTION,-0.11655454370843917,-0.2693491746730495,0.11655454370843917,0
absorption_pressure_1s,EFFORT_VS_RESULT,vwap_poc_spread_ticks,AUCTION_THEORY,-0.1163958533693175,-0.09130619156787417,0.1163958533693175,0
Delta1s,FLOW_BURST_QUALITY,signed_delta_1s,FLOW_BURST_QUALITY,-0.11616386530234728,-0.10578229455219372,0.11616386530234728,0
Profile_Std_Ticks,AUCTION_THEORY,Previous_Volume_AtEntry,FLOW_BURST_QUALITY,-0.11608600120517074,-0.09617738910713909,0.11608600120517074,0
Dist_POC_Ticks,AUCTION_THEORY,month_index,TIME_REGIME,-0.11607454232497293,-0.10263034339633742,0.11607454232497293,0
Delta2s,FLOW_BURST_QUALITY,PreBurst_Path_Efficiency_10s,TEMPORAL_SEQUENCE,0.11603026815442832,0.12742724936640987,0.11603026815442832,0
Profile_Skewness,AUCTION_THEORY,distance_nearest_or_edge_ticks,AUCTION_THEORY,-0.11595041203467647,-0.12980421161519273,0.11595041203467647,0
Profile_Skewness,AUCTION_THEORY,Nearest_OR_Edge_Distance_Ticks_AtEntry,AUCTION_THEORY,-0.11595041203467647,-0.12980421161519273,0.11595041203467647,0
TradesPerSecond,TIME_REGIME,PreBurst_Price_Per_Volume_3s,EFFORT_VS_RESULT,-0.11594841989570982,-0.13380770396017594,0.11594841989570982,0
Directional_VWAP_Distance_Ticks_AtEntry,AUCTION_THEORY,Signed_Delta_Share_AtEntry,FLOW_BURST_QUALITY,0.11590160153940451,0.09985751752219243,0.11590160153940451,0
Dist_OR_Low_Ticks,AUCTION_THEORY,Previous_Volume_AtEntry,FLOW_BURST_QUALITY,0.1158897474327822,0.0658551832216943,0.1158897474327822,0
PreEntry_Range_Compression3_AtEntry,OTHER_CAUSAL_CONTEXT,signed_delta_change_1s,FLOW_BURST_QUALITY,-0.11577469026835525,-0.11070418274302304,0.11577469026835525,0
DeltaChange1s,FLOW_BURST_QUALITY,Dist_LVN_Ticks,AUCTION_THEORY,-0.11564318248137971,-0.11486219496063067,0.11564318248137971,0
PreEntry_Directional_Delta_Share3_AtEntry,FLOW_BURST_QUALITY,signed_velocity_3s,PERSISTENCE_EXHAUSTION,0.1155694008317292,0.014219464067412728,0.1155694008317292,0
PreBurst_Path_Efficiency_10s,TEMPORAL_SEQUENCE,signed_acceleration_1s,PERSISTENCE_EXHAUSTION,0.11550525983931571,0.11248099876868466,0.11550525983931571,0
Signed_Previous_Delta_Share_AtEntry,FLOW_BURST_QUALITY,vwap_poc_spread_ticks,AUCTION_THEORY,-0.11539964150605782,-0.0474878975689044,0.11539964150605782,0
PreBurst_Rotation_Index_10s,TEMPORAL_SEQUENCE,signed_velocity_1s,PERSISTENCE_EXHAUSTION,0.11531988276513108,0.15529953693422094,0.11531988276513108,0
PeakNegativeDelta,FLOW_BURST_QUALITY,PreBurst_Impulse_Decay_Slope_5s,PERSISTENCE_EXHAUSTION,-0.11508999243502249,-0.056087895759833084,0.11508999243502249,0
Profile_Std_Ticks,AUCTION_THEORY,or_position_fraction,AUCTION_THEORY,-0.11502603429552224,-0.025723261273746374,0.11502603429552224,0
PreBurst_Acceptance_Dwell_Ratio_5s,ACCEPTANCE_RECLAIM,delta_share_of_volume,FLOW_BURST_QUALITY,-0.11501217055225862,-0.08252964361990203,0.11501217055225862,0
PeakPositiveDelta,FLOW_BURST_QUALITY,acceleration_velocity_ratio,PERSISTENCE_EXHAUSTION,0.11497636058692841,0.15845951566425603,0.11497636058692841,0
Dist_VAL_Ticks,AUCTION_THEORY,Prior_Closed_ATR3_Ticks_AtEntry,AUCTION_THEORY,0.11493487312150069,0.17523992481248368,0.11493487312150069,0
Delta5s,FLOW_BURST_QUALITY,PreBurst_Path_Efficiency_10s,TEMPORAL_SEQUENCE,0.11488224464732262,0.129453649268,0.11488224464732262,0
PeakPositiveDelta,FLOW_BURST_QUALITY,Previous_Volume_AtEntry,FLOW_BURST_QUALITY,0.11483911837735557,-0.008251452860148535,0.11483911837735557,0
flow_price_alignment,OTHER_CAUSAL_CONTEXT,execution_side_sign,OTHER_CAUSAL_CONTEXT,-0.11480512587765167,-0.07326823493316752,0.11480512587765167,0
Delta5s,FLOW_BURST_QUALITY,Nearest_OR_Edge_Retest_Count_AtEntry,ACCEPTANCE_RECLAIM,-0.11479114354870859,-0.12696638901139193,0.11479114354870859,0
Delta10s,FLOW_BURST_QUALITY,signed_delta_decay_1_5,PERSISTENCE_EXHAUSTION,0.11455148122031839,0.09886035928118102,0.11455148122031839,0
Delta2s,FLOW_BURST_QUALITY,signed_delta_decay_1_5,PERSISTENCE_EXHAUSTION,0.11436433517753045,0.09892445314746273,0.11436433517753045,0
BreakOut_TICKS_PER_SEC_AtEntry,OTHER_CAUSAL_CONTEXT,signed_delta_1s,FLOW_BURST_QUALITY,0.11415960673790868,0.4389710871223105,0.11415960673790868,0
Dist_VWAP_Ticks,AUCTION_THEORY,Previous_Volume_AtEntry,FLOW_BURST_QUALITY,0.11411245570499248,0.07148764250968269,0.11411245570499248,0
Dist_VAL_Ticks,AUCTION_THEORY,Profile_Concentration,AUCTION_THEORY,-0.11409025258638517,-0.11301686803416702,0.11409025258638517,0
PeakPositiveDelta,FLOW_BURST_QUALITY,Profile_Normalized_Entropy,AUCTION_THEORY,-0.11402013140257829,-0.1046785507001191,0.11402013140257829,0
Seconds_From_Open_AtEntry,TIME_REGIME,liquidity_absorption_score,OTHER_CAUSAL_CONTEXT,0.1139891836444198,-0.011413182247335419,0.1139891836444198,0
Profile_Excess_Kurtosis,AUCTION_THEORY,directional_poc_distance,AUCTION_THEORY,0.11396147217193989,0.20211870399970577,0.11396147217193989,0
Velocity1s,PERSISTENCE_EXHAUSTION,Score_AtEntry,OTHER_CAUSAL_CONTEXT,0.11393672013877604,0.03827133259243336,0.11393672013877604,0
TicksPerSecond,TIME_REGIME,Score_AtEntry,OTHER_CAUSAL_CONTEXT,0.11393672013877604,0.03827133259243336,0.11393672013877604,0
DeltaChange1s,FLOW_BURST_QUALITY,range,OTHER_CAUSAL_CONTEXT,-0.1137555097089368,-0.0388602054657472,0.1137555097089368,0
DeltaChange1s,FLOW_BURST_QUALITY,OR_WidthTicks,AUCTION_THEORY,-0.1137555097089368,-0.038860205465747186,0.1137555097089368,0
DeltaChange1s,FLOW_BURST_QUALITY,Seconds_From_Open_AtEntry,TIME_REGIME,-0.11362568517060631,-0.12712392013185925,0.11362568517060631,0
CumulativeDeltaWindow,FLOW_BURST_QUALITY,PreBurst_Price_Per_Volume_3s,EFFORT_VS_RESULT,0.11353877246123792,0.0356112288255262,0.11353877246123792,0
Delta3s,FLOW_BURST_QUALITY,PreBurst_Price_Per_Volume_3s,EFFORT_VS_RESULT,0.11353877246123792,0.0356112288255262,0.11353877246123792,0
PreBurst_Acceptance_Dwell_Ratio_5s,ACCEPTANCE_RECLAIM,Profile_Local_Maxima_Count,AUCTION_THEORY,0.11345565107405484,0.0747565966712367,0.11345565107405484,0
Profile_Skewness,AUCTION_THEORY,Profile_Excess_Kurtosis,AUCTION_THEORY,0.11345091827561112,0.12702904724898775,0.11345091827561112,0
Acceleration1s,PERSISTENCE_EXHAUSTION,Profile_Concentration,AUCTION_THEORY,0.11336438188396171,0.08958253830693698,0.11336438188396171,0
liquidity_absorption_score,OTHER_CAUSAL_CONTEXT,minute_from_open,TIME_REGIME,0.11329650068489945,-0.011411131660167472,0.11329650068489945,0
liquidity_absorption_score,OTHER_CAUSAL_CONTEXT,seconds_from_open,TIME_REGIME,0.11329650068489945,-0.011411131660167422,0.11329650068489945,0
TicksPerSecond,TIME_REGIME,Prior_Closed_ATR5_Ticks_AtEntry,AUCTION_THEORY,-0.1131975286680106,-0.0573683292749694,0.1131975286680106,0
Velocity1s,PERSISTENCE_EXHAUSTION,Prior_Closed_ATR5_Ticks_AtEntry,AUCTION_THEORY,-0.1131975286680106,-0.0573683292749694,0.1131975286680106,0
Body_AtEntry,OTHER_CAUSAL_CONTEXT,flow_price_alignment,OTHER_CAUSAL_CONTEXT,0.1131049958423323,0.110078222782339,0.1131049958423323,0
Profile_Concentration,AUCTION_THEORY,weekday_index,TIME_REGIME,-0.11309194821050031,-0.13172655986398807,0.11309194821050031,0
liquidity_absorption_score,OTHER_CAUSAL_CONTEXT,vwap_poc_spread_ticks,AUCTION_THEORY,-0.11307292006406049,-0.08925908012153737,0.11307292006406049,0
Sell_Imbalance_Count_AtEntry,FLOW_BURST_QUALITY,profile_confluence_4t,AUCTION_THEORY,0.11306632220137544,0.09579113323795586,0.11306632220137544,0
ContractsPerSecond,FLOW_BURST_QUALITY,PreEntry_Directional_Delta_Share3_AtEntry,FLOW_BURST_QUALITY,0.11291233721768827,0.030371005295503788,0.11291233721768827,0
mean_trade_size,FLOW_BURST_QUALITY,directional_vwap_distance,AUCTION_THEORY,-0.11287964570351153,-0.12349159899792352,0.11287964570351153,0
DeltaChange1s,FLOW_BURST_QUALITY,minute_from_open,TIME_REGIME,-0.11250381356970192,-0.12715792296871797,0.11250381356970192,0
DeltaChange1s,FLOW_BURST_QUALITY,seconds_from_open,TIME_REGIME,-0.11250381356970192,-0.12715792296871803,0.11250381356970192,0
Cumulative_Delta_AtEntry,FLOW_BURST_QUALITY,flow_price_alignment,OTHER_CAUSAL_CONTEXT,0.11247858209588286,0.09208269944523231,0.11247858209588286,0
Profile_Excess_Kurtosis,AUCTION_THEORY,Score_AtEntry,OTHER_CAUSAL_CONTEXT,0.11242251611165276,0.08634028521740697,0.11242251611165276,0
Dist_VAL_Ticks,AUCTION_THEORY,profile_confluence_4t,AUCTION_THEORY,0.11239175668001275,0.05194292767738992,0.11239175668001275,0
Profile_Effective_Nodes,AUCTION_THEORY,Cumulative_Delta_AtEntry,FLOW_BURST_QUALITY,-0.11237638597542703,-0.062457504759199506,0.11237638597542703,0
delta_share_of_volume,FLOW_BURST_QUALITY,delta_persistence_1_3,PERSISTENCE_EXHAUSTION,-0.11224191647843083,-0.12776392821517413,0.11224191647843083,0
PreBurst_Acceptance_Dwell_Ratio_5s,ACCEPTANCE_RECLAIM,Prior_Closed_ATR5_Ticks_AtEntry,AUCTION_THEORY,0.11222446567536962,0.08770750771270551,0.11222446567536962,0
signed_velocity_1s,PERSISTENCE_EXHAUSTION,vwap_poc_spread_ticks,AUCTION_THEORY,0.11216158302696985,0.23105751328629634,0.11216158302696985,0
Profile_Local_Maxima_Count,AUCTION_THEORY,delta_persistence_3_5,PERSISTENCE_EXHAUSTION,-0.1121200442272893,-0.14471908612137185,0.1121200442272893,0
PreBurst_Price_Per_Delta_3s,EFFORT_VS_RESULT,PreEntry_Range_Compression3_AtEntry,OTHER_CAUSAL_CONTEXT,-0.11210410343944593,-0.07325194512961836,0.11210410343944593,0
DeltaChangeZScore,FLOW_BURST_QUALITY,PreBurst_Impulse_Decay_Slope_5s,PERSISTENCE_EXHAUSTION,-0.1120547755945663,-0.04406682460558919,0.1120547755945663,0
PreBurst_Acceptance_Dwell_Ratio_5s,ACCEPTANCE_RECLAIM,flow_price_alignment,OTHER_CAUSAL_CONTEXT,0.11199949697321578,0.1737736710676073,0.11199949697321578,0
DeltaChangeZScore,FLOW_BURST_QUALITY,Directional_VWAP_Distance_Ticks_AtEntry,AUCTION_THEORY,-0.11196540947814547,-0.0556250578691173,0.11196540947814547,0
PeakNegativeDelta,FLOW_BURST_QUALITY,price_impact_per_100_contracts,EFFORT_VS_RESULT,0.11189861451798179,0.11495859033123536,0.11189861451798179,0
Delta10s,FLOW_BURST_QUALITY,Score_AtEntry,OTHER_CAUSAL_CONTEXT,0.1116528096371381,0.06902609883242822,0.1116528096371381,0
Velocity5s,PERSISTENCE_EXHAUSTION,Score_AtEntry,OTHER_CAUSAL_CONTEXT,0.11156397994814725,0.03158762957724239,0.11156397994814725,0
Profile_Local_Maxima_Count,AUCTION_THEORY,Delta_AtEntry,FLOW_BURST_QUALITY,-0.11152786846361808,-0.04490401573669376,0.11152786846361808,0
PreEntry_Range_Compression3_AtEntry,OTHER_CAUSAL_CONTEXT,delta_persistence_1_3,PERSISTENCE_EXHAUSTION,0.11152672613197125,0.1602326193158129,0.11152672613197125,0
Profile_Concentration,AUCTION_THEORY,delta_persistence_3_5,PERSISTENCE_EXHAUSTION,0.11137820170705422,0.08730012183339603,0.11137820170705422,0
Body_OR_Ratio_AtEntry,AUCTION_THEORY,delta_persistence_1_3,PERSISTENCE_EXHAUSTION,0.11119655082169887,0.14017473512963782,0.11119655082169887,0
PreEntry_Directional_Efficiency3_AtEntry,OTHER_CAUSAL_CONTEXT,delta_share_of_volume,FLOW_BURST_QUALITY,-0.11115948067495438,-0.14201744117218168,0.11115948067495438,0
Seconds_From_Open_AtEntry,TIME_REGIME,execution_cvd_alignment,OTHER_CAUSAL_CONTEXT,0.11111881993348213,0.08622860972701772,0.11111881993348213,0
PreEntry_Directional_Delta_Share3_AtEntry,FLOW_BURST_QUALITY,velocity_consistency,PERSISTENCE_EXHAUSTION,-0.11108513716295035,-0.10036208446347673,0.11108513716295035,0
Delta2s,FLOW_BURST_QUALITY,Prior_Closed_ATR5_Ticks_AtEntry,AUCTION_THEORY,-0.11094019713781413,-0.08609363274629951,0.11094019713781413,0
Signed_Delta_Share_AtEntry,FLOW_BURST_QUALITY,Prior_Closed_ATR3_Ticks_AtEntry,AUCTION_THEORY,0.11078218819481268,0.13301684364406613,0.11078218819481268,0
Delta_AtEntry,FLOW_BURST_QUALITY,PreEntry_Directional_Efficiency3_AtEntry,OTHER_CAUSAL_CONTEXT,-0.1107031530485699,-0.10091897535023754,0.1107031530485699,0
PreBurst_Rotation_Index_10s,TEMPORAL_SEQUENCE,Prior_Closed_ATR3_Ticks_AtEntry,AUCTION_THEORY,0.11062295504789564,0.15881760149887786,0.11062295504789564,0
ContractsPerSecond,FLOW_BURST_QUALITY,Dist_HVN_Ticks,AUCTION_THEORY,-0.11060650373765005,-0.07983878942587606,0.11060650373765005,0
ContractsPerSecond,FLOW_BURST_QUALITY,Previous_Volume_AtEntry,FLOW_BURST_QUALITY,0.11048247802682444,0.0243765907530861,0.11048247802682444,0
Delta5s,FLOW_BURST_QUALITY,ContractsPerSecond,FLOW_BURST_QUALITY,-0.11046616801742193,-0.11712334714448273,0.11046616801742193,0
DeltaChange1s,FLOW_BURST_QUALITY,PreBurst_Price_Per_Volume_3s,EFFORT_VS_RESULT,0.11046572613204636,0.051631232989668145,0.11046572613204636,0
BuySellRatio,OTHER_CAUSAL_CONTEXT,acceleration_velocity_ratio,PERSISTENCE_EXHAUSTION,0.11046213215477897,0.0954044422403741,0.11046213215477897,0
Velocity3s,PERSISTENCE_EXHAUSTION,Score_AtEntry,OTHER_CAUSAL_CONTEXT,0.1103041237549934,0.0345205857721545,0.1103041237549934,0
profile_confluence_4t,AUCTION_THEORY,distance_nearest_profile_reference_ticks,AUCTION_THEORY,-0.11030167558008343,-0.10221035481822421,0.11030167558008343,0
Velocity3s,PERSISTENCE_EXHAUSTION,PreEntry_Directional_Efficiency3_AtEntry,OTHER_CAUSAL_CONTEXT,-0.11016773427891204,-0.1257373078916488,0.11016773427891204,0
profile_confluence_4t,AUCTION_THEORY,vwap_poc_spread_ticks,AUCTION_THEORY,0.11012001665481541,0.1441508532782844,0.11012001665481541,0
Delta1s,FLOW_BURST_QUALITY,signed_delta_change_1s,FLOW_BURST_QUALITY,-0.11009236182346399,-0.10951882543778739,0.11009236182346399,0
Dist_LVN_Ticks,AUCTION_THEORY,Prior_Closed_ATR5_Ticks_AtEntry,AUCTION_THEORY,-0.1099945349481011,-0.08851213486342689,0.1099945349481011,0
Profile_Position_Percentile,AUCTION_THEORY,Body_AtEntry,OTHER_CAUSAL_CONTEXT,-0.10993306158624373,-0.07654481703374888,0.10993306158624373,0
Signed_Previous_Delta_Share_AtEntry,FLOW_BURST_QUALITY,Prior_Closed_ATR3_Ticks_AtEntry,AUCTION_THEORY,0.10993026993050306,0.08005569498386225,0.10993026993050306,0
Delta10s,FLOW_BURST_QUALITY,Prior_Closed_ATR5_Ticks_AtEntry,AUCTION_THEORY,-0.10989426334121355,-0.10704547491152386,0.10989426334121355,0
seconds_from_open,TIME_REGIME,execution_cvd_alignment,OTHER_CAUSAL_CONTEXT,0.10987554225802824,0.08618750851392636,0.10987554225802824,0
minute_from_open,TIME_REGIME,execution_cvd_alignment,OTHER_CAUSAL_CONTEXT,0.10987554225802824,0.08618750851392636,0.10987554225802824,0
Dist_OR_High_Ticks,AUCTION_THEORY,acceleration_velocity_ratio,PERSISTENCE_EXHAUSTION,0.10982657875700252,0.06487432234224723,0.10982657875700252,0
Score_AtEntry,OTHER_CAUSAL_CONTEXT,execution_side_sign,OTHER_CAUSAL_CONTEXT,-0.1098184345146091,-0.0693918137218128,0.1098184345146091,0
TradesPerSecond,TIME_REGIME,execution_side_sign,OTHER_CAUSAL_CONTEXT,0.10980501628784943,0.09001672596378626,0.10980501628784943,0
Profile_Normalized_Entropy,AUCTION_THEORY,directional_vwap_distance,AUCTION_THEORY,0.10966650969647673,-0.07544399463488771,0.10966650969647673,0
Dist_OR_High_Ticks,AUCTION_THEORY,Body_OR_Ratio_AtEntry,AUCTION_THEORY,0.1096534553420589,-0.0021192672914826702,0.1096534553420589,0
Dist_OR_High_Ticks,AUCTION_THEORY,mean_trade_size,FLOW_BURST_QUALITY,-0.10965313078399312,-0.03921374576340339,0.10965313078399312,0
Signed_Delta_Share_AtEntry,FLOW_BURST_QUALITY,signed_delta_decay_1_5,PERSISTENCE_EXHAUSTION,0.10962749826734562,0.2786344629569763,0.10962749826734562,0
Delta2s,FLOW_BURST_QUALITY,weekday_index,TIME_REGIME,-0.1095291928421968,-0.09729686740516945,0.1095291928421968,0
Dist_OR_Low_Ticks,AUCTION_THEORY,Body_AtEntry,OTHER_CAUSAL_CONTEXT,-0.109478823172676,0.03671511680900647,0.109478823172676,0
Dist_HVN_Ticks,AUCTION_THEORY,PreEntry_Range_Compression3_AtEntry,OTHER_CAUSAL_CONTEXT,0.10939262092562228,0.2356714322975008,0.10939262092562228,0
Body_OR_Ratio_AtEntry,AUCTION_THEORY,delta_persistence_3_5,PERSISTENCE_EXHAUSTION,0.10932906897746095,0.11638137579985533,0.10932906897746095,0
TradesPerSecond,TIME_REGIME,absorption_pressure_1s,EFFORT_VS_RESULT,-0.10923222985387177,-0.12156849231039572,0.10923222985387177,0
Dist_LVN_Ticks,AUCTION_THEORY,signed_acceleration_1s,PERSISTENCE_EXHAUSTION,0.10917321541053136,0.1546307671519043,0.10917321541053136,0
Dist_HVN_Ticks,AUCTION_THEORY,PreBurst_Path_Efficiency_10s,TEMPORAL_SEQUENCE,0.10915132391957466,0.09611200604739888,0.10915132391957466,0
PreBurst_Reclaim_Count_10s,ACCEPTANCE_RECLAIM,Signed_Delta_Share_AtEntry,FLOW_BURST_QUALITY,0.10914692551599224,0.04839324294204047,0.10914692551599224,0
BuySellRatio,OTHER_CAUSAL_CONTEXT,Prior_Closed_ATR5_Ticks_AtEntry,AUCTION_THEORY,-0.10911916958280947,-0.10742068818907409,0.10911916958280947,0
PeakNegativeDelta,FLOW_BURST_QUALITY,weekday_index,TIME_REGIME,-0.10909591688276514,-0.09321087339579873,0.10909591688276514,0
TradesPerSecond,TIME_REGIME,burst_efficiency_score,EFFORT_VS_RESULT,0.10904706249245591,0.06700643682300769,0.10904706249245591,0
Cumulative_Delta_AtEntry,FLOW_BURST_QUALITY,PreEntry_Range_Compression3_AtEntry,OTHER_CAUSAL_CONTEXT,-0.10882004773675659,-0.10704320583712033,0.10882004773675659,0
Volume_AtEntry,FLOW_BURST_QUALITY,signed_velocity_1s,PERSISTENCE_EXHAUSTION,-0.10859885346969969,-0.12921325357501032,0.10859885346969969,0
TradesPerSecond,TIME_REGIME,Dist_LVN_Ticks,AUCTION_THEORY,0.10852075343850677,0.07653292592366048,0.10852075343850677,0
Profile_Skewness,AUCTION_THEORY,signed_acceleration_1s,PERSISTENCE_EXHAUSTION,-0.10850256627778439,-0.011835647248928915,0.10850256627778439,0
Profile_Std_Ticks,AUCTION_THEORY,Delta_Change_AtEntry,FLOW_BURST_QUALITY,-0.10843260020956019,-0.062157301029452404,0.10843260020956019,0
Signed_Previous_Delta_Share_AtEntry,FLOW_BURST_QUALITY,Nearest_OR_Edge_Retest_Count_AtEntry,ACCEPTANCE_RECLAIM,-0.10841607536905608,-0.05472716546280389,0.10841607536905608,0
Sell_Imbalance_Count_AtEntry,FLOW_BURST_QUALITY,weekday_index,TIME_REGIME,0.10836163757318597,0.10975218241796125,0.10836163757318597,0
BuySellRatio,OTHER_CAUSAL_CONTEXT,Score_AtEntry,OTHER_CAUSAL_CONTEXT,0.10825214477687806,0.08817045244438568,0.10825214477687806,0
Volume_AtEntry,FLOW_BURST_QUALITY,directional_poc_distance,AUCTION_THEORY,-0.10787318804614714,-0.16846578856884734,0.10787318804614714,0
Dist_VAH_Ticks,AUCTION_THEORY,profile_confluence_4t,AUCTION_THEORY,-0.10786943905832502,-0.007560581449741717,0.10786943905832502,0
Directional_OR_Extension_Ticks_AtEntry,AUCTION_THEORY,profile_confluence_4t,AUCTION_THEORY,0.10775921133480154,0.11065068130765189,0.10775921133480154,0
profile_confluence_4t,AUCTION_THEORY,execution_cvd_alignment,OTHER_CAUSAL_CONTEXT,-0.10770165628288116,-0.109265198024928,0.10770165628288116,0
PreBurst_Reclaim_Count_10s,ACCEPTANCE_RECLAIM,Seconds_From_Open_AtEntry,TIME_REGIME,-0.10761342966812257,-0.11888959890439384,0.10761342966812257,0
PeakPositiveDelta,FLOW_BURST_QUALITY,distance_nearest_or_edge_ticks,AUCTION_THEORY,-0.1076026016254007,-0.005755361007450053,0.1076026016254007,0
PeakPositiveDelta,FLOW_BURST_QUALITY,Nearest_OR_Edge_Distance_Ticks_AtEntry,AUCTION_THEORY,-0.1076026016254007,-0.005755361007450201,0.1076026016254007,0
Delta3s,FLOW_BURST_QUALITY,Dist_LVN_Ticks,AUCTION_THEORY,-0.107595131968581,-0.12261558935657031,0.107595131968581,0
CumulativeDeltaWindow,FLOW_BURST_QUALITY,Dist_LVN_Ticks,AUCTION_THEORY,-0.107595131968581,-0.12261558935657031,0.107595131968581,0
ContractsPerSecond,FLOW_BURST_QUALITY,PreEntry_Directional_Efficiency3_AtEntry,OTHER_CAUSAL_CONTEXT,0.10757228898083873,0.025639789084277137,0.10757228898083873,0
Dist_OR_Low_Ticks,AUCTION_THEORY,Volume_AtEntry,FLOW_BURST_QUALITY,0.10755455821564804,0.1169009794217743,0.10755455821564804,0
Dist_HVN_Ticks,AUCTION_THEORY,Prior_Closed_ATR3_Ticks_AtEntry,AUCTION_THEORY,-0.10753096252873406,-0.09339456928678035,0.10753096252873406,0
Cumulative_Delta_AtEntry,FLOW_BURST_QUALITY,Previous_Delta_AtEntry,FLOW_BURST_QUALITY,0.10743962635793002,0.138170867832613,0.10743962635793002,0
Dist_VAL_Ticks,AUCTION_THEORY,month_index,TIME_REGIME,-0.10740638015456684,-0.11816935213947645,0.10740638015456684,0
PreBurst_Reclaim_Count_10s,ACCEPTANCE_RECLAIM,seconds_from_open,TIME_REGIME,-0.10723378399628261,-0.1188727777155896,0.10723378399628261,0
PreBurst_Reclaim_Count_10s,ACCEPTANCE_RECLAIM,minute_from_open,TIME_REGIME,-0.10723378399628261,-0.11887277771558977,0.10723378399628261,0
Dist_LVN_Ticks,AUCTION_THEORY,PreEntry_Range_Compression3_AtEntry,OTHER_CAUSAL_CONTEXT,-0.10716023586607988,-0.08111572351201456,0.10716023586607988,0
Dist_VAH_Ticks,AUCTION_THEORY,PreBurst_Path_Efficiency_10s,TEMPORAL_SEQUENCE,0.10688660690892315,0.024552957300589658,0.10688660690892315,0
PreBurst_Acceptance_Dwell_Ratio_5s,ACCEPTANCE_RECLAIM,Signed_Delta_Share_AtEntry,FLOW_BURST_QUALITY,-0.10686214704711447,-0.11268032003042534,0.10686214704711447,0
Profile_Concentration,AUCTION_THEORY,Cumulative_Delta_AtEntry,FLOW_BURST_QUALITY,0.10685388929320605,0.08446141986568083,0.10685388929320605,0
DeltaChange1s,FLOW_BURST_QUALITY,signed_delta_decay_1_5,PERSISTENCE_EXHAUSTION,0.10670789465764678,0.1093456636458462,0.10670789465764678,0
ContractsPerSecond,FLOW_BURST_QUALITY,absorption_pressure_1s,EFFORT_VS_RESULT,0.10667577174253158,0.016797156181958237,0.10667577174253158,0
ContractsPerSecond,FLOW_BURST_QUALITY,burst_efficiency_score,EFFORT_VS_RESULT,-0.10664030639884504,-0.07762655225777394,0.10664030639884504,0
PreBurst_Impulse_Decay_Slope_5s,PERSISTENCE_EXHAUSTION,Delta_AtEntry,FLOW_BURST_QUALITY,-0.10658542789595604,-0.041083712500505125,0.10658542789595604,0
acceleration_velocity_ratio,PERSISTENCE_EXHAUSTION,execution_side_sign,OTHER_CAUSAL_CONTEXT,-0.10648403075921056,-0.18347958017016,0.10648403075921056,0
Velocity5s,PERSISTENCE_EXHAUSTION,Prior_Closed_ATR5_Ticks_AtEntry,AUCTION_THEORY,-0.10646165459925465,-0.07024418469762272,0.10646165459925465,0
Body_OR_Ratio_AtEntry,AUCTION_THEORY,Signed_Previous_Delta_Share_AtEntry,FLOW_BURST_QUALITY,-0.10643320670746263,-0.054635267390402587,0.10643320670746263,0
Delta_AtEntry,FLOW_BURST_QUALITY,weekday_index,TIME_REGIME,-0.10642312697527977,-0.08190198408551846,0.10642312697527977,0
delta_share_of_volume,FLOW_BURST_QUALITY,weekday_index,TIME_REGIME,0.1063351485176643,0.11908372619932844,0.1063351485176643,0
ContractsPerSecond,FLOW_BURST_QUALITY,signed_velocity_3s,PERSISTENCE_EXHAUSTION,0.10629891092711422,0.15126163117256786,0.10629891092711422,0
TicksPerSecond,TIME_REGIME,Signed_Previous_Delta_Share_AtEntry,FLOW_BURST_QUALITY,-0.10625026235060803,-0.13699279986111623,0.10625026235060803,0
Velocity1s,PERSISTENCE_EXHAUSTION,Signed_Previous_Delta_Share_AtEntry,FLOW_BURST_QUALITY,-0.10625026235060803,-0.13699279986111623,0.10625026235060803,0
ContractsPerSecond,FLOW_BURST_QUALITY,PreEntry_Range_Compression3_AtEntry,OTHER_CAUSAL_CONTEXT,-0.1062112063070243,-0.08848916606269415,0.1062112063070243,0
PeakNegativeDelta,FLOW_BURST_QUALITY,PreBurst_Price_Per_Delta_3s,EFFORT_VS_RESULT,0.10617721427343298,0.12331905008180288,0.10617721427343298,0
delta_share_of_volume,FLOW_BURST_QUALITY,signed_delta_decay_1_5,PERSISTENCE_EXHAUSTION,-0.10611588752390162,-0.05871402889474035,0.10611588752390162,0
PreEntry_Volume_Climax_Ratio_AtEntry,FLOW_BURST_QUALITY,liquidity_absorption_score,OTHER_CAUSAL_CONTEXT,0.10598637861255432,0.0005473211760728999,0.10598637861255432,0
Profile_Concentration,AUCTION_THEORY,Delta_Change_AtEntry,FLOW_BURST_QUALITY,0.10598383903855249,0.08571034779665758,0.10598383903855249,0
Profile_Std_Ticks,AUCTION_THEORY,Cumulative_Delta_AtEntry,FLOW_BURST_QUALITY,-0.10596772122094268,-0.06448182685026671,0.10596772122094268,0
PreBurst_Impulse_Decay_Slope_5s,PERSISTENCE_EXHAUSTION,signed_delta_1s,FLOW_BURST_QUALITY,0.10572587460364397,0.22724785508397471,0.10572587460364397,0
PreBurst_Impulse_Decay_Slope_5s,PERSISTENCE_EXHAUSTION,signed_delta_change_1s,FLOW_BURST_QUALITY,0.10568076310325424,0.23423406399397645,0.10568076310325424,0
DeltaPercentile,FLOW_BURST_QUALITY,weekday_index,TIME_REGIME,0.1056332310109351,0.18069829267989976,0.1056332310109351,0
Body_AtEntry,OTHER_CAUSAL_CONTEXT,Previous_Volume_AtEntry,FLOW_BURST_QUALITY,-0.10548994821047393,-0.1456799550582111,0.10548994821047393,0
Dist_POC_Ticks,AUCTION_THEORY,Volume_AtEntry,FLOW_BURST_QUALITY,0.10541722397431011,0.10434540659497664,0.10541722397431011,0
PreBurst_Price_Per_Delta_3s,EFFORT_VS_RESULT,seconds_from_open,TIME_REGIME,-0.10536168858788683,-0.018884976923554033,0.10536168858788683,0
PreBurst_Price_Per_Delta_3s,EFFORT_VS_RESULT,minute_from_open,TIME_REGIME,-0.10536168858788683,-0.018884976923554238,0.10536168858788683,0
DeltaChangeZScore,FLOW_BURST_QUALITY,directional_poc_distance,AUCTION_THEORY,-0.10528946601824388,-0.05604139344990892,0.10528946601824388,0
Volume_AtEntry,FLOW_BURST_QUALITY,liquidity_absorption_score,OTHER_CAUSAL_CONTEXT,0.10528265150720294,0.22462114046108622,0.10528265150720294,0
Dist_OR_High_Ticks,AUCTION_THEORY,velocity_consistency,PERSISTENCE_EXHAUSTION,0.10520367414963956,0.07740102454824804,0.10520367414963956,0
Profile_Position_Percentile,AUCTION_THEORY,liquidity_absorption_score,OTHER_CAUSAL_CONTEXT,0.10515187443526045,-0.10904714074928377,0.10515187443526045,0
PreBurst_Local_Entropy_10s,TEMPORAL_SEQUENCE,acceleration_velocity_ratio,PERSISTENCE_EXHAUSTION,0.10511389972169351,-0.0896146631570763,0.10511389972169351,0
range,OTHER_CAUSAL_CONTEXT,weekday_index,TIME_REGIME,0.10497697819690481,0.10485774613671965,0.10497697819690481,0
OR_WidthTicks,AUCTION_THEORY,weekday_index,TIME_REGIME,0.10497697819690481,0.10485774613671973,0.10497697819690481,0
Score_AtEntry,OTHER_CAUSAL_CONTEXT,or_position_fraction,AUCTION_THEORY,0.10476660199050157,0.032368657843864626,0.10476660199050157,0
DeltaChangeZScore,FLOW_BURST_QUALITY,signed_delta_change_1s,FLOW_BURST_QUALITY,-0.1046370745774006,-0.11674604633099418,0.1046370745774006,0
DeltaChange1s,FLOW_BURST_QUALITY,delta_persistence_1_3,PERSISTENCE_EXHAUSTION,0.1046302173199752,0.12582361433261863,0.1046302173199752,0
Profile_Excess_Kurtosis,AUCTION_THEORY,Prior_Closed_ATR5_Ticks_AtEntry,AUCTION_THEORY,-0.1045842877476056,-0.06091953605469924,0.1045842877476056,0
Profile_Skewness,AUCTION_THEORY,price_impact_per_100_contracts,EFFORT_VS_RESULT,-0.10451358815150248,-0.049007952090513736,0.10451358815150248,0
PreBurst_Price_Per_Delta_3s,EFFORT_VS_RESULT,Seconds_From_Open_AtEntry,TIME_REGIME,-0.10448074284694323,-0.018912980375044595,0.10448074284694323,0
PreBurst_Acceptance_Dwell_Ratio_5s,ACCEPTANCE_RECLAIM,Profile_Position_Percentile,AUCTION_THEORY,-0.1041812144285805,-0.16512874434774308,0.1041812144285805,0
DeltaPercentile,FLOW_BURST_QUALITY,execution_cvd_alignment,OTHER_CAUSAL_CONTEXT,-0.10411740414596972,-0.09411647907856248,0.10411740414596972,0
Delta10s,FLOW_BURST_QUALITY,ContractsPerSecond,FLOW_BURST_QUALITY,-0.10409638152076295,-0.110481984721372,0.10409638152076295,0
PreBurst_Price_Per_Volume_3s,EFFORT_VS_RESULT,Directional_VWAP_Distance_Ticks_AtEntry,AUCTION_THEORY,-0.10392623788751636,-0.08984810020229002,0.10392623788751636,0
DeltaChangeZScore,FLOW_BURST_QUALITY,Body_AtEntry,OTHER_CAUSAL_CONTEXT,-0.10390173777168779,-0.06488245409577484,0.10390173777168779,0
ContractsPerSecond,FLOW_BURST_QUALITY,Dist_LVN_Ticks,AUCTION_THEORY,0.10388342380999806,0.07810272376706612,0.10388342380999806,0
PeakPositiveDelta,FLOW_BURST_QUALITY,PreBurst_Price_Per_Delta_3s,EFFORT_VS_RESULT,-0.10365065962470373,-0.08079816487946369,0.10365065962470373,0
Delta1s,FLOW_BURST_QUALITY,signed_delta_decay_1_5,PERSISTENCE_EXHAUSTION,0.10363358670127808,0.10430335301829523,0.10363358670127808,0
Profile_Position_Percentile,AUCTION_THEORY,PreEntry_Volume_Climax_Ratio_AtEntry,FLOW_BURST_QUALITY,-0.10352871037197015,-0.13947828428640643,0.10352871037197015,0
PreBurst_Reclaim_Count_10s,ACCEPTANCE_RECLAIM,PreBurst_Path_Efficiency_10s,TEMPORAL_SEQUENCE,-0.10352448268151278,-0.06111063800169269,0.10352448268151278,0
DeltaChangeZScore,FLOW_BURST_QUALITY,PreEntry_Range_Compression3_AtEntry,OTHER_CAUSAL_CONTEXT,0.10348877535378513,0.1097804789034279,0.10348877535378513,0
PeakNegativeDelta,FLOW_BURST_QUALITY,Profile_Skewness,AUCTION_THEORY,0.10338176531561868,0.11923569876278296,0.10338176531561868,0
Dist_VAH_Ticks,AUCTION_THEORY,directional_poc_distance,AUCTION_THEORY,-0.10337507412223158,-0.2196911246738208,0.10337507412223158,0
Delta2s,FLOW_BURST_QUALITY,price_impact_per_100_contracts,EFFORT_VS_RESULT,0.10328011871570567,0.040142564846238425,0.10328011871570567,0
Delta5s,FLOW_BURST_QUALITY,Score_AtEntry,OTHER_CAUSAL_CONTEXT,0.10327556707607373,0.05547461961284213,0.10327556707607373,0
Profile_Skewness,AUCTION_THEORY,signed_velocity_1s,PERSISTENCE_EXHAUSTION,-0.10315400020142976,-0.025198091445143286,0.10315400020142976,0
Dist_HVN_Ticks,AUCTION_THEORY,signed_delta_change_1s,FLOW_BURST_QUALITY,-0.10313242297150557,-0.04879274310137998,0.10313242297150557,0
Volume_AtEntry,FLOW_BURST_QUALITY,price_impact_per_100_contracts,EFFORT_VS_RESULT,-0.10309015760933307,-0.09030599597757392,0.10309015760933307,0
PreBurst_Reclaim_Count_10s,ACCEPTANCE_RECLAIM,Profile_Concentration,AUCTION_THEORY,0.10308823973485126,0.09329746048573379,0.10308823973485126,0
Profile_Excess_Kurtosis,AUCTION_THEORY,flow_price_alignment,OTHER_CAUSAL_CONTEXT,0.10303593569770998,0.11397033485146904,0.10303593569770998,0
PreBurst_Path_Efficiency_10s,TEMPORAL_SEQUENCE,Profile_Position_Percentile,AUCTION_THEORY,0.10301492759580105,0.0478512791603241,0.10301492759580105,0
BreakOut_TICKS_PER_SEC_AtEntry,OTHER_CAUSAL_CONTEXT,Prior_Closed_ATR5_Ticks_AtEntry,AUCTION_THEORY,0.10271521987716091,0.1749691110960898,0.10271521987716091,0
PreBurst_Impulse_Decay_Slope_5s,PERSISTENCE_EXHAUSTION,Signed_Delta_Share_AtEntry,FLOW_BURST_QUALITY,-0.10271329743948249,-0.1868596494834166,0.10271329743948249,0
Delta5s,FLOW_BURST_QUALITY,signed_delta_decay_1_5,PERSISTENCE_EXHAUSTION,0.10270892200521758,0.09631694098136792,0.10270892200521758,0
Delta_Change_AtEntry,FLOW_BURST_QUALITY,signed_velocity_decay_1_5,PERSISTENCE_EXHAUSTION,0.10266158857243078,0.07018590613320655,0.10266158857243078,0
delta_persistence_3_5,PERSISTENCE_EXHAUSTION,weekday_index,TIME_REGIME,-0.10263611166937295,-0.1585340443895447,0.10263611166937295,0
Profile_Position_Percentile,AUCTION_THEORY,absorption_pressure_1s,EFFORT_VS_RESULT,0.10262478993306183,-0.11321842875483064,0.10262478993306183,0
Delta3s,FLOW_BURST_QUALITY,mean_trade_size,FLOW_BURST_QUALITY,-0.10259042074795172,0.049085439579439234,0.10259042074795172,0
CumulativeDeltaWindow,FLOW_BURST_QUALITY,mean_trade_size,FLOW_BURST_QUALITY,-0.10259042074795172,0.049085439579439234,0.10259042074795172,0
Profile_Skewness,AUCTION_THEORY,liquidity_absorption_score,OTHER_CAUSAL_CONTEXT,0.10255729691750695,0.04537095765044373,0.10255729691750695,0
PreBurst_Path_Efficiency_10s,TEMPORAL_SEQUENCE,Cumulative_Delta_AtEntry,FLOW_BURST_QUALITY,0.10255501061723654,0.10175059458770237,0.10255501061723654,0
Signed_Delta_Share_AtEntry,FLOW_BURST_QUALITY,liquidity_absorption_score,OTHER_CAUSAL_CONTEXT,0.102546424629102,0.16000225323566414,0.102546424629102,0
Delta10s,FLOW_BURST_QUALITY,range,OTHER_CAUSAL_CONTEXT,-0.1024418342552299,-0.04773585060862676,0.1024418342552299,0
Delta10s,FLOW_BURST_QUALITY,OR_WidthTicks,AUCTION_THEORY,-0.1024418342552299,-0.04773585060862682,0.1024418342552299,0
Seconds_From_Open_AtEntry,TIME_REGIME,price_impact_per_100_contracts,EFFORT_VS_RESULT,-0.10242644175640765,-0.03155221906329002,0.10242644175640765,0
Delta1s,FLOW_BURST_QUALITY,price_impact_per_100_contracts,EFFORT_VS_RESULT,0.10242599725679899,0.0397931605519194,0.10242599725679899,0
price_impact_per_100_contracts,EFFORT_VS_RESULT,seconds_from_open,TIME_REGIME,-0.10242198091301938,-0.031529847458616714,0.10242198091301938,0
price_impact_per_100_contracts,EFFORT_VS_RESULT,minute_from_open,TIME_REGIME,-0.10242198091301938,-0.0315298474586168,0.10242198091301938,0
Profile_Position_Percentile,AUCTION_THEORY,burst_efficiency_score,EFFORT_VS_RESULT,-0.10238006809557873,-0.04746069921567106,0.10238006809557873,0
Dist_OR_Low_Ticks,AUCTION_THEORY,Profile_Std_Ticks,AUCTION_THEORY,0.10229383740566635,0.2655410887944849,0.10229383740566635,0
signed_delta_1s,FLOW_BURST_QUALITY,signed_acceleration_1s,PERSISTENCE_EXHAUSTION,0.10227622416951772,0.23100990535765104,0.10227622416951772,0
PreBurst_Rotation_Index_10s,TEMPORAL_SEQUENCE,Previous_Delta_AtEntry,FLOW_BURST_QUALITY,0.1022574968664578,0.08442507137533452,0.1022574968664578,0
PreEntry_Range_Compression3_AtEntry,OTHER_CAUSAL_CONTEXT,signed_velocity_3s,PERSISTENCE_EXHAUSTION,-0.10219200062026054,-0.10157108187623937,0.10219200062026054,0
Profile_Position_Percentile,AUCTION_THEORY,month_index,TIME_REGIME,-0.10210781091489474,-0.18283810710995965,0.10210781091489474,0
Volume_AtEntry,FLOW_BURST_QUALITY,Cumulative_Delta_AtEntry,FLOW_BURST_QUALITY,-0.1021063638280946,-0.1264867584178229,0.1021063638280946,0
PreBurst_Impulse_Survival_Seconds,AUCTION_THEORY,PreEntry_Directional_Efficiency3_AtEntry,OTHER_CAUSAL_CONTEXT,-0.10205673348027788,-0.11079286226483392,0.10205673348027788,0
delta_share_of_volume,FLOW_BURST_QUALITY,month_index,TIME_REGIME,0.10203380510624803,0.09754791549727308,0.10203380510624803,0
Profile_Skewness,AUCTION_THEORY,absorption_pressure_1s,EFFORT_VS_RESULT,0.10194082279015716,0.04530733922907746,0.10194082279015716,0
PeakPositiveDelta,FLOW_BURST_QUALITY,Prior_Closed_ATR3_Ticks_AtEntry,AUCTION_THEORY,-0.10190398848414675,-0.07723359895881815,0.10190398848414675,0
PreBurst_Acceptance_Dwell_Ratio_5s,ACCEPTANCE_RECLAIM,price_impact_per_100_contracts,EFFORT_VS_RESULT,-0.10189908812198774,-0.03704696503166737,0.10189908812198774,0
Dist_VWAP_Ticks,AUCTION_THEORY,PreEntry_Directional_Delta_Share3_AtEntry,FLOW_BURST_QUALITY,0.10182679322039968,0.014861927867138063,0.10182679322039968,0
PreEntry_Range_Compression3_AtEntry,OTHER_CAUSAL_CONTEXT,signed_delta_1s,FLOW_BURST_QUALITY,-0.10173358685308322,-0.11311270603048759,0.10173358685308322,0
PreBurst_Price_Per_Delta_3s,EFFORT_VS_RESULT,Profile_Skewness,AUCTION_THEORY,-0.10173017935596122,-0.018377791151727236,0.10173017935596122,0
ContractsPerSecond,FLOW_BURST_QUALITY,distance_nearest_or_edge_ticks,AUCTION_THEORY,0.1016319635884294,0.1550489617125089,0.1016319635884294,0
ContractsPerSecond,FLOW_BURST_QUALITY,Nearest_OR_Edge_Distance_Ticks_AtEntry,AUCTION_THEORY,0.1016319635884294,0.15504896171250887,0.1016319635884294,0
Cumulative_Delta_AtEntry,FLOW_BURST_QUALITY,velocity_consistency,PERSISTENCE_EXHAUSTION,0.10161074198675786,0.0913232458798143,0.10161074198675786,0
PreBurst_Price_Per_Volume_3s,EFFORT_VS_RESULT,vwap_poc_spread_ticks,AUCTION_THEORY,0.1015117380453447,0.12555902787360146,0.1015117380453447,0
Profile_Normalized_Entropy,AUCTION_THEORY,Profile_Position_Percentile,AUCTION_THEORY,-0.10130094783197789,-0.05642143521359236,0.10130094783197789,0
Dist_VAL_Ticks,AUCTION_THEORY,Profile_Effective_Nodes,AUCTION_THEORY,0.1012917420533842,0.20657492738519576,0.1012917420533842,0
PreEntry_Directional_Delta_Share3_AtEntry,FLOW_BURST_QUALITY,profile_confluence_4t,AUCTION_THEORY,0.10126178010234804,0.1114463553552378,0.10126178010234804,0
Dist_POC_Ticks,AUCTION_THEORY,directional_poc_distance,AUCTION_THEORY,-0.10117419778139945,-0.14795021280341375,0.10117419778139945,0
Dist_VAH_Ticks,AUCTION_THEORY,Score_AtEntry,OTHER_CAUSAL_CONTEXT,0.10115831226976332,0.03787589555046071,0.10115831226976332,0
TradesPerSecond,TIME_REGIME,Buy_Imbalance_Count_AtEntry,FLOW_BURST_QUALITY,-0.1011239330165146,-0.0029485059138038765,0.1011239330165146,0
Profile_Skewness,AUCTION_THEORY,burst_efficiency_score,EFFORT_VS_RESULT,-0.10108199721237707,-0.03130596591206972,0.10108199721237707,0
Profile_Normalized_Entropy,AUCTION_THEORY,Sell_Imbalance_Count_AtEntry,FLOW_BURST_QUALITY,0.10108016467465579,0.1402326800904641,0.10108016467465579,0
Profile_Normalized_Entropy,AUCTION_THEORY,flow_price_alignment,OTHER_CAUSAL_CONTEXT,-0.10107049798587309,-0.10142325503116773,0.10107049798587309,0
Delta1s,FLOW_BURST_QUALITY,Score_AtEntry,OTHER_CAUSAL_CONTEXT,0.10100281750661455,0.0491852856209134,0.10100281750661455,0
Dist_LVN_Ticks,AUCTION_THEORY,signed_velocity_decay_1_5,PERSISTENCE_EXHAUSTION,-0.10099911507102383,-0.12449468651152985,0.10099911507102383,0
Profile_Skewness,AUCTION_THEORY,delta_persistence_3_5,PERSISTENCE_EXHAUSTION,0.10099449028390121,0.049335701777791646,0.10099449028390121,0
DeltaChange1s,FLOW_BURST_QUALITY,Prior_Closed_ATR5_Ticks_AtEntry,AUCTION_THEORY,-0.10096190980836534,-0.08725764474255661,0.10096190980836534,0
Cumulative_Delta_AtEntry,FLOW_BURST_QUALITY,delta_persistence_1_3,PERSISTENCE_EXHAUSTION,-0.10095810127252344,-0.1397898326773559,0.10095810127252344,0
Delta1s,FLOW_BURST_QUALITY,OR_WidthTicks,AUCTION_THEORY,-0.10095515526226287,-0.035143952478565624,0.10095515526226287,0
Delta1s,FLOW_BURST_QUALITY,range,OTHER_CAUSAL_CONTEXT,-0.10095515526226287,-0.035143952478565665,0.10095515526226287,0
range,OTHER_CAUSAL_CONTEXT,distance_nearest_or_edge_ticks,AUCTION_THEORY,0.10093389588490535,0.18824675178638633,0.10093389588490535,0
OR_WidthTicks,AUCTION_THEORY,Nearest_OR_Edge_Distance_Ticks_AtEntry,AUCTION_THEORY,0.10093389588490535,0.18824675178638633,0.10093389588490535,0
range,OTHER_CAUSAL_CONTEXT,Nearest_OR_Edge_Distance_Ticks_AtEntry,AUCTION_THEORY,0.10093389588490535,0.18824675178638625,0.10093389588490535,0
OR_WidthTicks,AUCTION_THEORY,distance_nearest_or_edge_ticks,AUCTION_THEORY,0.10093389588490535,0.1882467517863864,0.10093389588490535,0
Body_OR_Ratio_AtEntry,AUCTION_THEORY,vwap_poc_spread_ticks,AUCTION_THEORY,-0.10091125500288944,-0.1258639664896655,0.10091125500288944,0
PreBurst_Impulse_Survival_Seconds,AUCTION_THEORY,Profile_Local_Maxima_Count,AUCTION_THEORY,0.10086241313648245,0.061511885268116684,0.10086241313648245,0
TradesPerSecond,TIME_REGIME,Dist_HVN_Ticks,AUCTION_THEORY,-0.1008462485806499,-0.053704115518295945,0.1008462485806499,0
Delta3s,FLOW_BURST_QUALITY,PreBurst_Path_Efficiency_10s,TEMPORAL_SEQUENCE,0.10080726452151682,0.1215150513169348,0.10080726452151682,0
CumulativeDeltaWindow,FLOW_BURST_QUALITY,PreBurst_Path_Efficiency_10s,TEMPORAL_SEQUENCE,0.10080726452151682,0.1215150513169348,0.10080726452151682,0
or_position_fraction,AUCTION_THEORY,distance_nearest_or_edge_ticks,AUCTION_THEORY,-0.10080172260631906,-0.17333868041681236,0.10080172260631906,0
Nearest_OR_Edge_Distance_Ticks_AtEntry,AUCTION_THEORY,or_position_fraction,AUCTION_THEORY,-0.10080172260631906,-0.17333868041681239,0.10080172260631906,0
PeakPositiveDelta,FLOW_BURST_QUALITY,directional_poc_distance,AUCTION_THEORY,-0.1007949329932257,-0.044786939078047656,0.1007949329932257,0
Dist_OR_Low_Ticks,AUCTION_THEORY,profile_confluence_4t,AUCTION_THEORY,0.10074612958988384,0.06122153716633446,0.10074612958988384,0
PeakNegativeDelta,FLOW_BURST_QUALITY,absorption_pressure_1s,EFFORT_VS_RESULT,-0.10074050186587713,-0.1201933911442895,0.10074050186587713,0
Velocity1s,PERSISTENCE_EXHAUSTION,PreBurst_Path_Efficiency_10s,TEMPORAL_SEQUENCE,0.10072885391238832,0.07246072012426637,0.10072885391238832,0
TicksPerSecond,TIME_REGIME,PreBurst_Path_Efficiency_10s,TEMPORAL_SEQUENCE,0.10072885391238832,0.07246072012426637,0.10072885391238832,0
Profile_Concentration,AUCTION_THEORY,execution_cvd_alignment,OTHER_CAUSAL_CONTEXT,-0.100723833552608,-0.11490895987215154,0.100723833552608,0
PreBurst_Price_Per_Volume_3s,EFFORT_VS_RESULT,Signed_Delta_Share_AtEntry,FLOW_BURST_QUALITY,-0.10069515469639272,-0.01457914998479871,0.10069515469639272,0
CumulativeDeltaWindow,FLOW_BURST_QUALITY,PreEntry_Directional_Efficiency3_AtEntry,OTHER_CAUSAL_CONTEXT,-0.10067549662187446,-0.14771367112386322,0.10067549662187446,0
Delta3s,FLOW_BURST_QUALITY,PreEntry_Directional_Efficiency3_AtEntry,OTHER_CAUSAL_CONTEXT,-0.10067549662187446,-0.14771367112386322,0.10067549662187446,0
Seconds_From_Open_AtEntry,TIME_REGIME,directional_poc_distance,AUCTION_THEORY,0.10064711489792291,0.13238960399803107,0.10064711489792291,0
PreBurst_Path_Efficiency_10s,TEMPORAL_SEQUENCE,PreEntry_Range_Compression3_AtEntry,OTHER_CAUSAL_CONTEXT,0.10059939571385992,0.14169328003864004,0.10059939571385992,0
Profile_Excess_Kurtosis,AUCTION_THEORY,Volume_AtEntry,FLOW_BURST_QUALITY,0.10042392699171704,0.06005301273735112,0.10042392699171704,0
Delta5s,FLOW_BURST_QUALITY,acceleration_velocity_ratio,PERSISTENCE_EXHAUSTION,0.10041068601994493,0.18612629767712138,0.10041068601994493,0
PreBurst_Path_Efficiency_10s,TEMPORAL_SEQUENCE,Prior_Closed_ATR3_Ticks_AtEntry,AUCTION_THEORY,-0.10038673934428358,-0.1019763520744643,0.10038673934428358,0
Delta2s,FLOW_BURST_QUALITY,PreEntry_Directional_Efficiency3_AtEntry,OTHER_CAUSAL_CONTEXT,-0.10034507804903367,-0.14217574555246115,0.10034507804903367,0
Body_AtEntry,OTHER_CAUSAL_CONTEXT,Delta_Change_AtEntry,FLOW_BURST_QUALITY,0.10014463419945195,0.1134586835019092,0.10014463419945195,0
Profile_Excess_Kurtosis,AUCTION_THEORY,burst_efficiency_score,EFFORT_VS_RESULT,0.10007160537238888,0.205668496954468,0.10007160537238888,0
BreakOut_TICKS_PER_SEC_AtEntry,OTHER_CAUSAL_CONTEXT,Directional_VWAP_Distance_Ticks_AtEntry,AUCTION_THEORY,-0.10005191644949023,-0.060471933235162194,0.10005191644949023,0
TradesPerSecond,TIME_REGIME,weekday_index,TIME_REGIME,-0.10001250992748162,-0.0860020280276696,0.10001250992748162,0
Delta10s,FLOW_BURST_QUALITY,Body_OR_Ratio_AtEntry,AUCTION_THEORY,0.09998769758568249,0.07082265411061642,0.09998769758568249,0
BreakOut_TICKS_PER_SEC_AtEntry,OTHER_CAUSAL_CONTEXT,distance_nearest_profile_reference_ticks,AUCTION_THEORY,-0.09997626856316687,-0.03306899674370838,0.09997626856316687,0
Delta10s,FLOW_BURST_QUALITY,profile_confluence_4t,AUCTION_THEORY,-0.09997260514150942,-0.08452040621828631,0.09997260514150942,0
PreBurst_Price_Per_Delta_3s,EFFORT_VS_RESULT,acceleration_velocity_ratio,PERSISTENCE_EXHAUSTION,0.09995407612164672,0.18407381420521274,0.09995407612164672,0
PreBurst_Price_Per_Volume_3s,EFFORT_VS_RESULT,Nearest_OR_Edge_Retest_Count_AtEntry,ACCEPTANCE_RECLAIM,-0.09986602786094385,-0.07411161597853658,0.09986602786094385,0
TradesPerSecond,TIME_REGIME,PreBurst_Local_Entropy_10s,TEMPORAL_SEQUENCE,-0.09985202538772721,-0.03796492986551778,0.09985202538772721,0
Dist_VAL_Ticks,AUCTION_THEORY,Directional_OR_Extension_Ticks_AtEntry,AUCTION_THEORY,0.09973257434316213,0.0016427557555781197,0.09973257434316213,0
PreEntry_Directional_Efficiency3_AtEntry,OTHER_CAUSAL_CONTEXT,delta_persistence_1_3,PERSISTENCE_EXHAUSTION,-0.09971777455971736,-0.1552225841024517,0.09971777455971736,0
OR_WidthTicks,AUCTION_THEORY,distance_nearest_profile_reference_ticks,AUCTION_THEORY,0.0997109437378817,0.09125493855650008,0.0997109437378817,0
range,OTHER_CAUSAL_CONTEXT,distance_nearest_profile_reference_ticks,AUCTION_THEORY,0.0997109437378817,0.09125493855650008,0.0997109437378817,0
Velocity5s,PERSISTENCE_EXHAUSTION,PreEntry_Directional_Efficiency3_AtEntry,OTHER_CAUSAL_CONTEXT,-0.09962553895934309,-0.10231733279029027,0.09962553895934309,0
Dist_POC_Ticks,AUCTION_THEORY,signed_velocity_3s,PERSISTENCE_EXHAUSTION,-0.09960945986741718,-0.05901469329323445,0.09960945986741718,0
Profile_Excess_Kurtosis,AUCTION_THEORY,signed_velocity_1s,PERSISTENCE_EXHAUSTION,0.09944855416022054,0.15811627843092416,0.09944855416022054,0
Dist_VAH_Ticks,AUCTION_THEORY,Volume_AtEntry,FLOW_BURST_QUALITY,0.09937177817303218,0.10475545145567962,0.09937177817303218,0
Delta2s,FLOW_BURST_QUALITY,range,OTHER_CAUSAL_CONTEXT,-0.0993473956223285,-0.03162573211006314,0.0993473956223285,0
Delta2s,FLOW_BURST_QUALITY,OR_WidthTicks,AUCTION_THEORY,-0.0993473956223285,-0.031625732110063184,0.0993473956223285,0
directional_poc_distance,AUCTION_THEORY,seconds_from_open,TIME_REGIME,0.09934088244496204,0.13242446304353092,0.09934088244496204,0
directional_poc_distance,AUCTION_THEORY,minute_from_open,TIME_REGIME,0.09934088244496204,0.13242446304353064,0.09934088244496204,0
PeakNegativeDelta,FLOW_BURST_QUALITY,burst_efficiency_score,EFFORT_VS_RESULT,0.09932057854951233,0.10300380399634636,0.09932057854951233,0
Delta10s,FLOW_BURST_QUALITY,PreBurst_Price_Per_Volume_3s,EFFORT_VS_RESULT,0.0992657919015691,0.04346409337525742,0.0992657919015691,0
Dist_LVN_Ticks,AUCTION_THEORY,Nearest_OR_Edge_Distance_Ticks_AtEntry,AUCTION_THEORY,0.09924972526252435,0.07658780852506984,0.09924972526252435,0
Dist_LVN_Ticks,AUCTION_THEORY,distance_nearest_or_edge_ticks,AUCTION_THEORY,0.09924972526252435,0.07658780852506976,0.09924972526252435,0
Delta1s,FLOW_BURST_QUALITY,Prior_Closed_ATR5_Ticks_AtEntry,AUCTION_THEORY,-0.09919308811166057,-0.08713165239165753,0.09919308811166057,0
Dist_LVN_Ticks,AUCTION_THEORY,PreBurst_Local_Entropy_10s,TEMPORAL_SEQUENCE,0.09917612056239569,0.0405886179124586,0.09917612056239569,0
Cumulative_Delta_AtEntry,FLOW_BURST_QUALITY,Sell_Imbalance_Count_AtEntry,FLOW_BURST_QUALITY,-0.09910098366729651,-0.07052948515252093,0.09910098366729651,0
Previous_Volume_AtEntry,FLOW_BURST_QUALITY,Sell_Imbalance_Count_AtEntry,FLOW_BURST_QUALITY,0.09903012300480435,0.139086045494893,0.09903012300480435,0
Profile_Skewness,AUCTION_THEORY,signed_velocity_3s,PERSISTENCE_EXHAUSTION,-0.09898847829911543,-0.05840703366573621,0.09898847829911543,0
Velocity5s,PERSISTENCE_EXHAUSTION,PreBurst_Path_Efficiency_10s,TEMPORAL_SEQUENCE,0.09889630304448416,0.0690925597416548,0.09889630304448416,0
PreEntry_Directional_Delta_Share3_AtEntry,FLOW_BURST_QUALITY,price_impact_per_100_contracts,EFFORT_VS_RESULT,0.09884724763888639,0.04346522198561801,0.09884724763888639,0
Dist_VAL_Ticks,AUCTION_THEORY,PreBurst_Local_Entropy_10s,TEMPORAL_SEQUENCE,0.09880832598923978,0.12327486708229471,0.09880832598923978,0
Dist_POC_Ticks,AUCTION_THEORY,PreEntry_Directional_Delta_Share3_AtEntry,FLOW_BURST_QUALITY,0.09879369131077763,0.004071900339774869,0.09879369131077763,0
Body_AtEntry,OTHER_CAUSAL_CONTEXT,or_position_fraction,AUCTION_THEORY,-0.09870737650977146,-0.10789168228554732,0.09870737650977146,0
DeltaChange1s,FLOW_BURST_QUALITY,Nearest_OR_Edge_Distance_Ticks_AtEntry,AUCTION_THEORY,-0.0986028369654919,-0.04977658656219249,0.0986028369654919,0
DeltaChange1s,FLOW_BURST_QUALITY,distance_nearest_or_edge_ticks,AUCTION_THEORY,-0.0986028369654919,-0.04977658656219263,0.0986028369654919,0
Buy_Imbalance_Count_AtEntry,FLOW_BURST_QUALITY,distance_nearest_profile_reference_ticks,AUCTION_THEORY,-0.09859456537047802,-0.13446066107707455,0.09859456537047802,0
vwap_poc_spread_ticks,AUCTION_THEORY,execution_cvd_alignment,OTHER_CAUSAL_CONTEXT,0.09857314671518576,0.031453738403517915,0.09857314671518576,0
Delta5s,FLOW_BURST_QUALITY,PreBurst_Price_Per_Volume_3s,EFFORT_VS_RESULT,0.09852846269702914,0.03912403643123843,0.09852846269702914,0
Profile_Skewness,AUCTION_THEORY,Signed_Previous_Delta_Share_AtEntry,FLOW_BURST_QUALITY,0.09849400251403374,0.013816681874557781,0.09849400251403374,0
DeltaChange1s,FLOW_BURST_QUALITY,signed_delta_change_1s,FLOW_BURST_QUALITY,-0.09845151339450525,-0.11537057096557027,0.09845151339450525,0
Profile_Std_Ticks,AUCTION_THEORY,Delta_AtEntry,FLOW_BURST_QUALITY,-0.09839588676551167,-0.06646586575477856,0.09839588676551167,0
minute_from_open,TIME_REGIME,month_index,TIME_REGIME,0.09836751067448729,0.08997193290596195,0.09836751067448729,0
seconds_from_open,TIME_REGIME,month_index,TIME_REGIME,0.09836751067448729,0.08997193290596202,0.09836751067448729,0
DeltaChange1s,FLOW_BURST_QUALITY,price_impact_per_100_contracts,EFFORT_VS_RESULT,0.09829373171782738,0.038876888736111975,0.09829373171782738,0
Seconds_From_Open_AtEntry,TIME_REGIME,month_index,TIME_REGIME,0.09825590835735955,0.08998244482587216,0.09825590835735955,0
Profile_Excess_Kurtosis,AUCTION_THEORY,absorption_pressure_1s,EFFORT_VS_RESULT,-0.0982227140805464,-0.10393617518866477,0.0982227140805464,0
Delta_AtEntry,FLOW_BURST_QUALITY,acceleration_velocity_ratio,PERSISTENCE_EXHAUSTION,0.09818263740038957,0.13938868216180703,0.09818263740038957,0
Delta1s,FLOW_BURST_QUALITY,Nearest_OR_Edge_Distance_Ticks_AtEntry,AUCTION_THEORY,-0.09813593663456648,-0.057889102897239086,0.09813593663456648,0
Delta1s,FLOW_BURST_QUALITY,distance_nearest_or_edge_ticks,AUCTION_THEORY,-0.09813593663456648,-0.05788910289723916,0.09813593663456648,0
Acceleration3s,PERSISTENCE_EXHAUSTION,Profile_Excess_Kurtosis,AUCTION_THEORY,0.09804278697001169,0.11649237285617635,0.09804278697001169,0
Acceleration3s,PERSISTENCE_EXHAUSTION,Profile_Local_Maxima_Count,AUCTION_THEORY,-0.09803774708635753,0.017378902177901785,0.09803774708635753,0
Acceleration1s,PERSISTENCE_EXHAUSTION,Profile_Std_Ticks,AUCTION_THEORY,-0.09783566214834018,0.022621462268824,0.09783566214834018,0
TicksPerSecond,TIME_REGIME,Directional_VWAP_Distance_Ticks_AtEntry,AUCTION_THEORY,-0.09781970564345445,-0.07380635663902624,0.09781970564345445,0
Velocity1s,PERSISTENCE_EXHAUSTION,Directional_VWAP_Distance_Ticks_AtEntry,AUCTION_THEORY,-0.09781970564345445,-0.07380635663902624,0.09781970564345445,0
Delta2s,FLOW_BURST_QUALITY,distance_nearest_profile_reference_ticks,AUCTION_THEORY,-0.09775345428618201,-0.07967163213456344,0.09775345428618201,0
PreBurst_Path_Efficiency_10s,TEMPORAL_SEQUENCE,Nearest_OR_Edge_Retest_Count_AtEntry,ACCEPTANCE_RECLAIM,-0.09774361768435136,-0.09944703280821944,0.09774361768435136,0
Profile_Excess_Kurtosis,AUCTION_THEORY,liquidity_absorption_score,OTHER_CAUSAL_CONTEXT,-0.0976955338544322,-0.09965061586464496,0.0976955338544322,0
Acceleration1s,PERSISTENCE_EXHAUSTION,Signed_Previous_Delta_Share_AtEntry,FLOW_BURST_QUALITY,-0.09760221888031705,-0.1328778115493087,0.09760221888031705,0
Profile_Excess_Kurtosis,AUCTION_THEORY,range,OTHER_CAUSAL_CONTEXT,-0.0975956462379591,-0.05718550726565948,0.0975956462379591,0
OR_WidthTicks,AUCTION_THEORY,Profile_Excess_Kurtosis,AUCTION_THEORY,-0.0975956462379591,-0.057185507265659456,0.0975956462379591,0
signed_delta_1s,FLOW_BURST_QUALITY,weekday_index,TIME_REGIME,0.097595584262407,0.05395594150104383,0.097595584262407,0
PreEntry_Range_Compression3_AtEntry,OTHER_CAUSAL_CONTEXT,price_impact_per_100_contracts,EFFORT_VS_RESULT,-0.0975760182621598,-0.1080205408433549,0.0975760182621598,0
OR_WidthTicks,AUCTION_THEORY,BreakOut_TICKS_PER_SEC_AtEntry,OTHER_CAUSAL_CONTEXT,0.09748117318817669,0.09841111272367162,0.09748117318817669,0
range,OTHER_CAUSAL_CONTEXT,BreakOut_TICKS_PER_SEC_AtEntry,OTHER_CAUSAL_CONTEXT,0.09748117318817669,0.0984111127236717,0.09748117318817669,0
Acceleration3s,PERSISTENCE_EXHAUSTION,month_index,TIME_REGIME,-0.09743097809281646,-0.11171422941590227,0.09743097809281646,0
Dist_HVN_Ticks,AUCTION_THEORY,PreBurst_Price_Per_Delta_3s,EFFORT_VS_RESULT,-0.09737661822350221,-0.13326608485108524,0.09737661822350221,0
Dist_VAH_Ticks,AUCTION_THEORY,signed_velocity_3s,PERSISTENCE_EXHAUSTION,-0.09736764895602303,-0.12629354613248284,0.09736764895602303,0
PreBurst_Local_Entropy_10s,TEMPORAL_SEQUENCE,Delta_Change_AtEntry,FLOW_BURST_QUALITY,-0.09729931258858167,-0.106593767841272,0.09729931258858167,0
Prior_Closed_ATR3_Ticks_AtEntry,AUCTION_THEORY,delta_share_of_volume,FLOW_BURST_QUALITY,-0.09718054872502854,-0.13188354262629082,0.09718054872502854,0
signed_delta_change_1s,FLOW_BURST_QUALITY,weekday_index,TIME_REGIME,0.09717406457214946,0.0681833084295729,0.09717406457214946,0
Directional_VWAP_Distance_Ticks_AtEntry,AUCTION_THEORY,Nearest_OR_Edge_Retest_Count_AtEntry,ACCEPTANCE_RECLAIM,0.0971517084995044,0.08450429606870244,0.0971517084995044,0
Delta2s,FLOW_BURST_QUALITY,distance_nearest_or_edge_ticks,AUCTION_THEORY,-0.09710010404259765,-0.06413029664813255,0.09710010404259765,0
Delta2s,FLOW_BURST_QUALITY,Nearest_OR_Edge_Distance_Ticks_AtEntry,AUCTION_THEORY,-0.09710010404259765,-0.06413029664813252,0.09710010404259765,0
Previous_Volume_AtEntry,FLOW_BURST_QUALITY,signed_acceleration_1s,PERSISTENCE_EXHAUSTION,0.09704211754138961,0.030837655553865244,0.09704211754138961,0
PreEntry_Directional_Efficiency3_AtEntry,OTHER_CAUSAL_CONTEXT,flow_price_alignment,OTHER_CAUSAL_CONTEXT,-0.09701543025404641,-0.06332340055800754,0.09701543025404641,0
Seconds_From_Open_AtEntry,TIME_REGIME,Signed_Previous_Delta_Share_AtEntry,FLOW_BURST_QUALITY,-0.09693509846187728,-0.06092756254188748,0.09693509846187728,0
DeltaChangeZScore,FLOW_BURST_QUALITY,velocity_consistency,PERSISTENCE_EXHAUSTION,0.09682849399741897,0.08813213796851817,0.09682849399741897,0
Signed_Previous_Delta_Share_AtEntry,FLOW_BURST_QUALITY,minute_from_open,TIME_REGIME,-0.09674776389601247,-0.06095825670613493,0.09674776389601247,0
Signed_Previous_Delta_Share_AtEntry,FLOW_BURST_QUALITY,seconds_from_open,TIME_REGIME,-0.09674776389601247,-0.06095825670613501,0.09674776389601247,0
Profile_Skewness,AUCTION_THEORY,vwap_poc_spread_ticks,AUCTION_THEORY,-0.09672503103728755,-0.08368686546065034,0.09672503103728755,0
DeltaChangeZScore,FLOW_BURST_QUALITY,distance_nearest_profile_reference_ticks,AUCTION_THEORY,-0.09670138201407352,-0.08920040363228916,0.09670138201407352,0
Previous_Volume_AtEntry,FLOW_BURST_QUALITY,absorption_pressure_1s,EFFORT_VS_RESULT,-0.09663347051542985,0.1201533760681205,0.09663347051542985,0
Profile_Skewness,AUCTION_THEORY,signed_velocity_decay_1_5,PERSISTENCE_EXHAUSTION,0.0966254174787314,0.028784469525924092,0.0966254174787314,0
Volume_AtEntry,FLOW_BURST_QUALITY,signed_velocity_decay_1_5,PERSISTENCE_EXHAUSTION,0.09654840897146837,0.10830795684745322,0.09654840897146837,0
Body_AtEntry,OTHER_CAUSAL_CONTEXT,Nearest_OR_Edge_Retest_Count_AtEntry,ACCEPTANCE_RECLAIM,0.09652182568261959,0.1626933730145945,0.09652182568261959,0
Dist_VWAP_Ticks,AUCTION_THEORY,vwap_poc_spread_ticks,AUCTION_THEORY,0.09651098077828674,0.050965848087269006,0.09651098077828674,0
Dist_VAL_Ticks,AUCTION_THEORY,range,OTHER_CAUSAL_CONTEXT,0.09639199228344887,0.2568483500220509,0.09639199228344887,0
OR_WidthTicks,AUCTION_THEORY,Dist_VAL_Ticks,AUCTION_THEORY,0.09639199228344887,0.25684835002205103,0.09639199228344887,0
Dist_HVN_Ticks,AUCTION_THEORY,liquidity_absorption_score,OTHER_CAUSAL_CONTEXT,0.09628316225095418,-0.037416054134526554,0.09628316225095418,0
Dist_HVN_Ticks,AUCTION_THEORY,signed_acceleration_1s,PERSISTENCE_EXHAUSTION,-0.09624579428706284,-0.10192401001504031,0.09624579428706284,0
BreakOut_TICKS_PER_SEC_AtEntry,OTHER_CAUSAL_CONTEXT,month_index,TIME_REGIME,-0.09623878271719531,-0.1387400336397153,0.09623878271719531,0
Profile_Std_Ticks,AUCTION_THEORY,profile_confluence_4t,AUCTION_THEORY,0.09588200830853916,0.0846234057818602,0.09588200830853916,0
DeltaPercentile,FLOW_BURST_QUALITY,distance_nearest_or_edge_ticks,AUCTION_THEORY,-0.09587676269143743,0.023899886861990776,0.09587676269143743,0
DeltaPercentile,FLOW_BURST_QUALITY,Nearest_OR_Edge_Distance_Ticks_AtEntry,AUCTION_THEORY,-0.09587676269143743,0.02389988686199077,0.09587676269143743,0
Profile_Concentration,AUCTION_THEORY,PreEntry_Range_Compression3_AtEntry,OTHER_CAUSAL_CONTEXT,0.09585799030442359,0.1163008067068661,0.09585799030442359,0
Velocity3s,PERSISTENCE_EXHAUSTION,Previous_Volume_AtEntry,FLOW_BURST_QUALITY,0.09580268372575722,0.07241076462542827,0.09580268372575722,0
PreEntry_Volume_Climax_Ratio_AtEntry,FLOW_BURST_QUALITY,directional_poc_distance,AUCTION_THEORY,0.09577821272694234,0.11536497090294263,0.09577821272694234,0
Nearest_OR_Edge_Acceptance_Ratio3_AtEntry,ACCEPTANCE_RECLAIM,delta_share_of_volume,FLOW_BURST_QUALITY,0.0957226136039399,0.09186078725028052,0.0957226136039399,0
Dist_POC_Ticks,AUCTION_THEORY,Profile_Effective_Nodes,AUCTION_THEORY,-0.09571499397664922,-0.044735650588991024,0.09571499397664922,0
Previous_Volume_AtEntry,FLOW_BURST_QUALITY,burst_efficiency_score,EFFORT_VS_RESULT,0.09571225233797874,0.024191082511489385,0.09571225233797874,0
Profile_Effective_Nodes,AUCTION_THEORY,weekday_index,TIME_REGIME,0.09568964780491315,0.09009544480684273,0.09568964780491315,0
Previous_Delta_AtEntry,FLOW_BURST_QUALITY,delta_persistence_1_3,PERSISTENCE_EXHAUSTION,-0.09563797177888897,-0.03877922211639033,0.09563797177888897,0
Profile_Skewness,AUCTION_THEORY,Profile_Position_Percentile,AUCTION_THEORY,0.09560882382754078,0.15837620159689267,0.09560882382754078,0
DeltaChangeZScore,FLOW_BURST_QUALITY,delta_share_of_volume,FLOW_BURST_QUALITY,0.09560860961688296,0.07141232072446109,0.09560860961688296,0
signed_acceleration_1s,PERSISTENCE_EXHAUSTION,signed_delta_decay_1_5,PERSISTENCE_EXHAUSTION,-0.09558718021906486,-0.2526031708186064,0.09558718021906486,0
range,OTHER_CAUSAL_CONTEXT,Delta_AtEntry,FLOW_BURST_QUALITY,-0.09556715666005412,-0.027857562307799184,0.09556715666005412,0
OR_WidthTicks,AUCTION_THEORY,Delta_AtEntry,FLOW_BURST_QUALITY,-0.09556715666005412,-0.027857562307799216,0.09556715666005412,0
Body_AtEntry,OTHER_CAUSAL_CONTEXT,Sell_Imbalance_Count_AtEntry,FLOW_BURST_QUALITY,-0.09540614227514427,-0.11379181612286192,0.09540614227514427,0
PreEntry_Directional_Efficiency3_AtEntry,OTHER_CAUSAL_CONTEXT,distance_nearest_profile_reference_ticks,AUCTION_THEORY,0.09532130512675047,0.1779391371682164,0.09532130512675047,0
PreBurst_Acceptance_Dwell_Ratio_5s,ACCEPTANCE_RECLAIM,Profile_Excess_Kurtosis,AUCTION_THEORY,0.09531865027088042,0.13830985097331966,0.09531865027088042,0
DeltaChange1s,FLOW_BURST_QUALITY,Directional_VWAP_Distance_Ticks_AtEntry,AUCTION_THEORY,-0.09529599257959803,-0.06832608481210353,0.09529599257959803,0
Dist_OR_Low_Ticks,AUCTION_THEORY,Profile_Concentration,AUCTION_THEORY,-0.09526685006101522,-0.14048994512664098,0.09526685006101522,0
DeltaPercentile,FLOW_BURST_QUALITY,profile_confluence_4t,AUCTION_THEORY,0.0952271357467077,0.13570941493607538,0.0952271357467077,0
Acceleration1s,PERSISTENCE_EXHAUSTION,PreBurst_Path_Efficiency_10s,TEMPORAL_SEQUENCE,0.09511197756610297,0.0774336192062736,0.09511197756610297,0
PreBurst_Reclaim_Count_10s,ACCEPTANCE_RECLAIM,PreBurst_Impulse_Decay_Slope_5s,PERSISTENCE_EXHAUSTION,0.09506913210834113,0.039201917477933695,0.09506913210834113,0
ContractsPerSecond,FLOW_BURST_QUALITY,Profile_Normalized_Entropy,AUCTION_THEORY,-0.0950248475764527,0.016307772869658933,0.0950248475764527,0
PreEntry_Range_Compression3_AtEntry,OTHER_CAUSAL_CONTEXT,liquidity_absorption_score,OTHER_CAUSAL_CONTEXT,0.09499668162928197,-0.012576026379365156,0.09499668162928197,0
Dist_POC_Ticks,AUCTION_THEORY,delta_persistence_3_5,PERSISTENCE_EXHAUSTION,0.09489289244516577,0.030186864662061032,0.09489289244516577,0
Directional_VWAP_Distance_Ticks_AtEntry,AUCTION_THEORY,delta_persistence_3_5,PERSISTENCE_EXHAUSTION,0.09480193675943582,0.043010521906724164,0.09480193675943582,0
DeltaPercentile,FLOW_BURST_QUALITY,Velocity5s,PERSISTENCE_EXHAUSTION,-0.09468353510081658,-0.11149763310484026,0.09468353510081658,0
Velocity5s,PERSISTENCE_EXHAUSTION,month_index,TIME_REGIME,-0.09466177835988698,-0.10791549667206947,0.09466177835988698,0
Dist_OR_Low_Ticks,AUCTION_THEORY,PreBurst_Local_Entropy_10s,TEMPORAL_SEQUENCE,0.09457298017225207,0.12441661192407437,0.09457298017225207,0
PreBurst_Local_Entropy_10s,TEMPORAL_SEQUENCE,signed_velocity_3s,PERSISTENCE_EXHAUSTION,-0.0945623511476264,-0.06529823596114244,0.0945623511476264,0
PreBurst_Impulse_Survival_Seconds,AUCTION_THEORY,distance_nearest_profile_reference_ticks,AUCTION_THEORY,-0.09431813336424734,-0.09180379498524392,0.09431813336424734,0
CumulativeDeltaWindow,FLOW_BURST_QUALITY,Prior_Closed_ATR3_Ticks_AtEntry,AUCTION_THEORY,-0.09412747319735922,-0.042103256906299326,0.09412747319735922,0
Delta3s,FLOW_BURST_QUALITY,Prior_Closed_ATR3_Ticks_AtEntry,AUCTION_THEORY,-0.09412747319735922,-0.042103256906299326,0.09412747319735922,0
PreBurst_Path_Efficiency_10s,TEMPORAL_SEQUENCE,distance_nearest_profile_reference_ticks,AUCTION_THEORY,-0.09409841931643613,-0.1035896831806598,0.09409841931643613,0
PeakNegativeDelta,FLOW_BURST_QUALITY,flow_price_alignment,OTHER_CAUSAL_CONTEXT,0.09409612996950929,0.045355594132436075,0.09409612996950929,0
Profile_Effective_Nodes,AUCTION_THEORY,distance_nearest_profile_reference_ticks,AUCTION_THEORY,0.09404746742890172,0.06770228043097846,0.09404746742890172,0
Previous_Delta_AtEntry,FLOW_BURST_QUALITY,delta_persistence_3_5,PERSISTENCE_EXHAUSTION,-0.09404004555106514,-0.12260631326540333,0.09404004555106514,0
CumulativeDeltaWindow,FLOW_BURST_QUALITY,acceleration_velocity_ratio,PERSISTENCE_EXHAUSTION,0.09401046018017152,0.1700307353483965,0.09401046018017152,0
Delta3s,FLOW_BURST_QUALITY,acceleration_velocity_ratio,PERSISTENCE_EXHAUSTION,0.09401046018017152,0.1700307353483965,0.09401046018017152,0
Nearest_OR_Edge_Retest_Count_AtEntry,ACCEPTANCE_RECLAIM,delta_persistence_1_3,PERSISTENCE_EXHAUSTION,-0.09399654402682783,-0.0941522175337305,0.09399654402682783,0
PreEntry_Range_Compression3_AtEntry,OTHER_CAUSAL_CONTEXT,delta_persistence_3_5,PERSISTENCE_EXHAUSTION,0.09389154984956762,0.036684739917739156,0.09389154984956762,0
Previous_Volume_AtEntry,FLOW_BURST_QUALITY,liquidity_absorption_score,OTHER_CAUSAL_CONTEXT,-0.09373621947515473,0.1223865312568662,0.09373621947515473,0
Score_AtEntry,OTHER_CAUSAL_CONTEXT,PreEntry_Directional_Delta_Share3_AtEntry,FLOW_BURST_QUALITY,-0.09373540944620554,-0.07660278816550795,0.09373540944620554,0
Velocity3s,PERSISTENCE_EXHAUSTION,OR_WidthTicks,AUCTION_THEORY,-0.09371756128079622,0.07834629200891724,0.09371756128079622,0
Velocity3s,PERSISTENCE_EXHAUSTION,range,OTHER_CAUSAL_CONTEXT,-0.09371756128079622,0.07834629200891723,0.09371756128079622,0
mean_trade_size,FLOW_BURST_QUALITY,or_position_fraction,AUCTION_THEORY,-0.09368722193934441,-0.04726811847723988,0.09368722193934441,0
Dist_VAH_Ticks,AUCTION_THEORY,Previous_Volume_AtEntry,FLOW_BURST_QUALITY,0.09352096250163018,0.07198714344021859,0.09352096250163018,0
Acceleration1s,PERSISTENCE_EXHAUSTION,PreBurst_Impulse_Decay_Slope_5s,PERSISTENCE_EXHAUSTION,-0.09349979093475748,0.03006470748259849,0.09349979093475748,0
Prior_Closed_ATR3_Ticks_AtEntry,AUCTION_THEORY,execution_side_sign,OTHER_CAUSAL_CONTEXT,0.09344051531729433,0.05804954620199815,0.09344051531729433,0
Volume_AtEntry,FLOW_BURST_QUALITY,delta_persistence_3_5,PERSISTENCE_EXHAUSTION,0.09343637856818732,0.02116240036230864,0.09343637856818732,0
Profile_Skewness,AUCTION_THEORY,Directional_VWAP_Distance_Ticks_AtEntry,AUCTION_THEORY,0.09341581403313498,0.041338985984563745,0.09341581403313498,0
DeltaChangeZScore,FLOW_BURST_QUALITY,PreEntry_Volume_Climax_Ratio_AtEntry,FLOW_BURST_QUALITY,-0.0934132564557764,-0.08650840128804901,0.0934132564557764,0
Dist_LVN_Ticks,AUCTION_THEORY,month_index,TIME_REGIME,0.09324312930776257,0.07201683251537953,0.09324312930776257,0
Seconds_From_Open_AtEntry,TIME_REGIME,Directional_VWAP_Distance_Ticks_AtEntry,AUCTION_THEORY,0.09321888779485424,0.03542187315405768,0.09321888779485424,0
OR_WidthTicks,AUCTION_THEORY,PreEntry_Volume_Climax_Ratio_AtEntry,FLOW_BURST_QUALITY,0.09316115509303009,0.057570584237636856,0.09316115509303009,0
range,OTHER_CAUSAL_CONTEXT,PreEntry_Volume_Climax_Ratio_AtEntry,FLOW_BURST_QUALITY,0.09316115509303009,0.05757058423763685,0.09316115509303009,0
Seconds_From_Open_AtEntry,TIME_REGIME,signed_velocity_1s,PERSISTENCE_EXHAUSTION,-0.093046666918178,0.024477024037929423,0.093046666918178,0
Volume_AtEntry,FLOW_BURST_QUALITY,absorption_pressure_1s,EFFORT_VS_RESULT,0.09297636312968825,0.2240194644269238,0.09297636312968825,0
Signed_Delta_Share_AtEntry,FLOW_BURST_QUALITY,or_position_fraction,AUCTION_THEORY,0.0928763197692845,0.0941202211212392,0.0928763197692845,0
delta_persistence_3_5,PERSISTENCE_EXHAUSTION,distance_nearest_or_edge_ticks,AUCTION_THEORY,-0.09278382477707979,-0.10696064494121466,0.09278382477707979,0
Nearest_OR_Edge_Distance_Ticks_AtEntry,AUCTION_THEORY,delta_persistence_3_5,PERSISTENCE_EXHAUSTION,-0.09278382477707979,-0.10696064494121471,0.09278382477707979,0
directional_poc_distance,AUCTION_THEORY,execution_cvd_alignment,OTHER_CAUSAL_CONTEXT,0.09273630548449187,0.0629325835649704,0.09273630548449187,0
Profile_Skewness,AUCTION_THEORY,signed_delta_1s,FLOW_BURST_QUALITY,0.09271653652452974,-0.027699269044291895,0.09271653652452974,0
Directional_VWAP_Distance_Ticks_AtEntry,AUCTION_THEORY,minute_from_open,TIME_REGIME,0.09245138467926732,0.03541743228084758,0.09245138467926732,0
Directional_VWAP_Distance_Ticks_AtEntry,AUCTION_THEORY,seconds_from_open,TIME_REGIME,0.09245138467926732,0.0354174322808474,0.09245138467926732,0
Body_OR_Ratio_AtEntry,AUCTION_THEORY,Nearest_OR_Edge_Acceptance_Ratio3_AtEntry,ACCEPTANCE_RECLAIM,0.09244695804127047,0.05846654401791113,0.09244695804127047,0
Buy_Imbalance_Count_AtEntry,FLOW_BURST_QUALITY,delta_persistence_3_5,PERSISTENCE_EXHAUSTION,0.09244565152072802,0.03586947918976831,0.09244565152072802,0
PreEntry_Volume_Climax_Ratio_AtEntry,FLOW_BURST_QUALITY,execution_side_sign,OTHER_CAUSAL_CONTEXT,0.09242048770836982,0.10070034225993202,0.09242048770836982,0
Velocity3s,PERSISTENCE_EXHAUSTION,month_index,TIME_REGIME,-0.09230282726411222,-0.11388265415890571,0.09230282726411222,0
Seconds_From_Open_AtEntry,TIME_REGIME,weekday_index,TIME_REGIME,0.09228499278410458,0.0955376582405748,0.09228499278410458,0
PeakPositiveDelta,FLOW_BURST_QUALITY,delta_share_of_volume,FLOW_BURST_QUALITY,0.09224458777489208,0.07458734687409815,0.09224458777489208,0
signed_velocity_1s,PERSISTENCE_EXHAUSTION,minute_from_open,TIME_REGIME,-0.09220594101353555,0.024527681802638732,0.09220594101353555,0
signed_velocity_1s,PERSISTENCE_EXHAUSTION,seconds_from_open,TIME_REGIME,-0.09220594101353555,0.0245276818026387,0.09220594101353555,0
Nearest_OR_Edge_Retest_Count_AtEntry,ACCEPTANCE_RECLAIM,or_position_fraction,AUCTION_THEORY,-0.09216484351199926,-0.1620338953789641,0.09216484351199926,0
PreBurst_Local_Entropy_10s,TEMPORAL_SEQUENCE,signed_acceleration_1s,PERSISTENCE_EXHAUSTION,0.09213781629212886,0.12898380138803442,0.09213781629212886,0
PreBurst_Rotation_Index_10s,TEMPORAL_SEQUENCE,signed_velocity_3s,PERSISTENCE_EXHAUSTION,-0.09203612163635078,-0.03471496508612236,0.09203612163635078,0
Delta2s,FLOW_BURST_QUALITY,vwap_poc_spread_ticks,AUCTION_THEORY,0.09202694968162337,0.05132681136099367,0.09202694968162337,0
BuySellRatio,OTHER_CAUSAL_CONTEXT,Profile_Normalized_Entropy,AUCTION_THEORY,-0.09200357465977155,-0.027973747156890532,0.09200357465977155,0
PreBurst_Path_Efficiency_10s,TEMPORAL_SEQUENCE,PreEntry_Directional_Delta_Share3_AtEntry,FLOW_BURST_QUALITY,-0.09193158389902116,-0.08714393286346116,0.09193158389902116,0
Profile_Std_Ticks,AUCTION_THEORY,velocity_consistency,PERSISTENCE_EXHAUSTION,-0.09189229033840318,-0.0407892066733949,0.09189229033840318,0
Velocity5s,PERSISTENCE_EXHAUSTION,PreEntry_Volume_Climax_Ratio_AtEntry,FLOW_BURST_QUALITY,-0.0918568162812603,-0.15755753034790726,0.0918568162812603,0
Profile_Normalized_Entropy,AUCTION_THEORY,seconds_from_open,TIME_REGIME,0.09183699730799935,0.07624365038132976,0.09183699730799935,0
Profile_Normalized_Entropy,AUCTION_THEORY,minute_from_open,TIME_REGIME,0.09183699730799935,0.07624365038132969,0.09183699730799935,0
PreEntry_Directional_Efficiency3_AtEntry,OTHER_CAUSAL_CONTEXT,vwap_poc_spread_ticks,AUCTION_THEORY,-0.09177397306272116,-0.014386070151983328,0.09177397306272116,0
PreBurst_Path_Efficiency_10s,TEMPORAL_SEQUENCE,Profile_Local_Maxima_Count,AUCTION_THEORY,-0.09170000819022266,-0.08312212835480359,0.09170000819022266,0
DeltaPercentile,FLOW_BURST_QUALITY,Nearest_OR_Edge_Acceptance_Ratio3_AtEntry,ACCEPTANCE_RECLAIM,0.09159564229724329,0.19575708351246368,0.09159564229724329,0
Directional_VWAP_Distance_Ticks_AtEntry,AUCTION_THEORY,distance_nearest_profile_reference_ticks,AUCTION_THEORY,0.09157518958339948,0.10579787597835996,0.09157518958339948,0
Dist_OR_High_Ticks,AUCTION_THEORY,signed_velocity_3s,PERSISTENCE_EXHAUSTION,-0.0915723230102513,-0.11698736666397025,0.0915723230102513,0
minute_from_open,TIME_REGIME,weekday_index,TIME_REGIME,0.09149800283649297,0.09550910807516531,0.09149800283649297,0
seconds_from_open,TIME_REGIME,weekday_index,TIME_REGIME,0.09149800283649297,0.09550910807516544,0.09149800283649297,0
Delta10s,FLOW_BURST_QUALITY,Profile_Excess_Kurtosis,AUCTION_THEORY,0.09149083048661466,0.11368039872093372,0.09149083048661466,0
DeltaPercentile,FLOW_BURST_QUALITY,Acceleration1s,PERSISTENCE_EXHAUSTION,-0.09129550182101834,-0.06645086983618886,0.09129550182101834,0
Delta2s,FLOW_BURST_QUALITY,PreBurst_Acceptance_Dwell_Ratio_5s,ACCEPTANCE_RECLAIM,-0.09122520171564619,-0.047969380884054995,0.09122520171564619,0
delta_share_of_volume,FLOW_BURST_QUALITY,minute_from_open,TIME_REGIME,0.0911903071103667,0.08002764854679345,0.0911903071103667,0
delta_share_of_volume,FLOW_BURST_QUALITY,seconds_from_open,TIME_REGIME,0.0911903071103667,0.08002764854679341,0.0911903071103667,0
PreBurst_Local_Entropy_10s,TEMPORAL_SEQUENCE,Body_AtEntry,OTHER_CAUSAL_CONTEXT,-0.09117203871749695,-0.0038384540707566985,0.09117203871749695,0
Dist_LVN_Ticks,AUCTION_THEORY,liquidity_absorption_score,OTHER_CAUSAL_CONTEXT,-0.09114899322321929,-0.04617922228031338,0.09114899322321929,0
Sell_Imbalance_Count_AtEntry,FLOW_BURST_QUALITY,acceleration_velocity_ratio,PERSISTENCE_EXHAUSTION,-0.09079651533789804,-0.1917383272680293,0.09079651533789804,0
range,OTHER_CAUSAL_CONTEXT,mean_trade_size,FLOW_BURST_QUALITY,0.09077085032479562,0.0888698200908751,0.09077085032479562,0
OR_WidthTicks,AUCTION_THEORY,mean_trade_size,FLOW_BURST_QUALITY,0.09077085032479562,0.08886982009087521,0.09077085032479562,0
BreakOut_TICKS_PER_SEC_AtEntry,OTHER_CAUSAL_CONTEXT,Prior_Closed_ATR3_Ticks_AtEntry,AUCTION_THEORY,0.09075452325565514,0.07359888921458176,0.09075452325565514,0
BuySellRatio,OTHER_CAUSAL_CONTEXT,delta_persistence_1_3,PERSISTENCE_EXHAUSTION,0.0907525394875112,0.07954541820724424,0.0907525394875112,0
PreEntry_Directional_Delta_Share3_AtEntry,FLOW_BURST_QUALITY,or_position_fraction,AUCTION_THEORY,0.09075177554617979,0.07544694208128294,0.09075177554617979,0
Profile_Normalized_Entropy,AUCTION_THEORY,Seconds_From_Open_AtEntry,TIME_REGIME,0.09073162378526478,0.07621241794534218,0.09073162378526478,0
Delta10s,FLOW_BURST_QUALITY,TradesPerSecond,TIME_REGIME,-0.09068588105136088,-0.06245316214639833,0.09068588105136088,0
Velocity5s,PERSISTENCE_EXHAUSTION,range,OTHER_CAUSAL_CONTEXT,-0.09068181506944811,0.046524788612122565,0.09068181506944811,0
Velocity5s,PERSISTENCE_EXHAUSTION,OR_WidthTicks,AUCTION_THEORY,-0.09068181506944811,0.046524788612122614,0.09068181506944811,0
PreEntry_Range_Compression3_AtEntry,OTHER_CAUSAL_CONTEXT,profile_confluence_4t,AUCTION_THEORY,-0.09066256012485933,-0.08947242515851912,0.09066256012485933,0
Profile_Normalized_Entropy,AUCTION_THEORY,Nearest_OR_Edge_Retest_Count_AtEntry,ACCEPTANCE_RECLAIM,0.09065968950374714,0.07919378054929693,0.09065968950374714,0
Sell_Imbalance_Count_AtEntry,FLOW_BURST_QUALITY,directional_vwap_distance,AUCTION_THEORY,-0.09062966841268966,-0.08879447792408558,0.09062966841268966,0
Seconds_From_Open_AtEntry,TIME_REGIME,delta_share_of_volume,FLOW_BURST_QUALITY,0.09061905001859893,0.08002985890021218,0.09061905001859893,0
Delta10s,FLOW_BURST_QUALITY,price_impact_per_100_contracts,EFFORT_VS_RESULT,0.09055042695843547,0.026572467918254756,0.09055042695843547,0
Volume_AtEntry,FLOW_BURST_QUALITY,burst_efficiency_score,EFFORT_VS_RESULT,-0.09053291828450838,-0.10917370204483,0.09053291828450838,0
Dist_POC_Ticks,AUCTION_THEORY,Prior_Closed_ATR5_Ticks_AtEntry,AUCTION_THEORY,-0.09027322872073519,-0.08295212301183034,0.09027322872073519,0
OR_WidthTicks,AUCTION_THEORY,delta_share_of_volume,FLOW_BURST_QUALITY,-0.09023276653587817,-0.09428035748244763,0.09023276653587817,0
range,OTHER_CAUSAL_CONTEXT,delta_share_of_volume,FLOW_BURST_QUALITY,-0.09023276653587817,-0.09428035748244772,0.09023276653587817,0
CumulativeDeltaWindow,FLOW_BURST_QUALITY,Directional_OR_Extension_Ticks_AtEntry,AUCTION_THEORY,0.09020793040329066,-0.02961689985997829,0.09020793040329066,0
Delta3s,FLOW_BURST_QUALITY,Directional_OR_Extension_Ticks_AtEntry,AUCTION_THEORY,0.09020793040329066,-0.02961689985997829,0.09020793040329066,0
Volume_AtEntry,FLOW_BURST_QUALITY,Sell_Imbalance_Count_AtEntry,FLOW_BURST_QUALITY,0.09017242428871255,0.07243008499647272,0.09017242428871255,0
Profile_Local_Maxima_Count,AUCTION_THEORY,weekday_index,TIME_REGIME,0.08998697282443678,0.06514207040288025,0.08998697282443678,0
Delta_Change_AtEntry,FLOW_BURST_QUALITY,flow_price_alignment,OTHER_CAUSAL_CONTEXT,0.08998382873495223,0.028252185498312547,0.08998382873495223,0
PreBurst_Acceptance_Dwell_Ratio_5s,ACCEPTANCE_RECLAIM,Profile_Effective_Nodes,AUCTION_THEORY,0.08996066911134444,0.007894739669762483,0.08996066911134444,0
Dist_LVN_Ticks,AUCTION_THEORY,PreBurst_Acceptance_Dwell_Ratio_5s,ACCEPTANCE_RECLAIM,-0.08995479071308629,-0.1244558150012838,0.08995479071308629,0
DeltaPercentile,FLOW_BURST_QUALITY,flow_price_alignment,OTHER_CAUSAL_CONTEXT,0.08991400438309737,0.0762635009595351,0.08991400438309737,0
Acceleration3s,PERSISTENCE_EXHAUSTION,PreEntry_Directional_Efficiency3_AtEntry,OTHER_CAUSAL_CONTEXT,-0.08984737503676964,-0.10788906096972699,0.08984737503676964,0
Previous_Volume_AtEntry,FLOW_BURST_QUALITY,signed_velocity_decay_1_5,PERSISTENCE_EXHAUSTION,-0.08975399194041948,-0.0029503991166959067,0.08975399194041948,0
Acceleration1s,PERSISTENCE_EXHAUSTION,signed_velocity_decay_1_5,PERSISTENCE_EXHAUSTION,0.08970509786128035,0.012184176277174174,0.08970509786128035,0
Signed_Delta_Share_AtEntry,FLOW_BURST_QUALITY,profile_confluence_4t,AUCTION_THEORY,0.08967777269321751,0.026573872765789028,0.08967777269321751,0
Dist_OR_Low_Ticks,AUCTION_THEORY,price_impact_per_100_contracts,EFFORT_VS_RESULT,0.08966075598625371,0.08453836090267311,0.08966075598625371,0
PreBurst_Impulse_Decay_Slope_5s,PERSISTENCE_EXHAUSTION,Profile_Position_Percentile,AUCTION_THEORY,-0.08956913187341338,-0.027777144344389326,0.08956913187341338,0
Nearest_OR_Edge_Retest_Count_AtEntry,ACCEPTANCE_RECLAIM,signed_velocity_decay_1_5,PERSISTENCE_EXHAUSTION,0.08955345309730753,-0.027732291694451756,0.08955345309730753,0
Previous_Volume_AtEntry,FLOW_BURST_QUALITY,signed_velocity_1s,PERSISTENCE_EXHAUSTION,0.0895314503725885,0.001168784188666259,0.0895314503725885,0
Score_AtEntry,OTHER_CAUSAL_CONTEXT,Nearest_OR_Edge_Retest_Count_AtEntry,ACCEPTANCE_RECLAIM,0.08952544357267207,0.07065911913793234,0.08952544357267207,0
Dist_HVN_Ticks,AUCTION_THEORY,Prior_Closed_ATR5_Ticks_AtEntry,AUCTION_THEORY,-0.08948025081993981,-0.07442650897609117,0.08948025081993981,0
PeakPositiveDelta,FLOW_BURST_QUALITY,delta_persistence_3_5,PERSISTENCE_EXHAUSTION,-0.08941361169915654,-0.07943081734343223,0.08941361169915654,0
delta_persistence_1_3,PERSISTENCE_EXHAUSTION,execution_side_sign,OTHER_CAUSAL_CONTEXT,-0.08940968948034961,-0.1154986984194329,0.08940968948034961,0
Delta_AtEntry,FLOW_BURST_QUALITY,delta_persistence_1_3,PERSISTENCE_EXHAUSTION,0.08930727275840811,0.09417272798072655,0.08930727275840811,0
Delta_Change_AtEntry,FLOW_BURST_QUALITY,signed_velocity_3s,PERSISTENCE_EXHAUSTION,-0.08929465278394734,-0.056964914738504215,0.08929465278394734,0
PreBurst_Impulse_Decay_Slope_5s,PERSISTENCE_EXHAUSTION,vwap_poc_spread_ticks,AUCTION_THEORY,0.08918093843715248,0.24134372065835924,0.08918093843715248,0
BuySellRatio,OTHER_CAUSAL_CONTEXT,Seconds_From_Open_AtEntry,TIME_REGIME,-0.08915669098061524,-0.10462168649952754,0.08915669098061524,0
Prior_Closed_ATR3_Ticks_AtEntry,AUCTION_THEORY,signed_delta_1s,FLOW_BURST_QUALITY,-0.08906430602331182,-0.12103754967923815,0.08906430602331182,0
signed_velocity_3s,PERSISTENCE_EXHAUSTION,or_position_fraction,AUCTION_THEORY,-0.08903869643259062,-0.08100045329790746,0.08903869643259062,0
DeltaPercentile,FLOW_BURST_QUALITY,Nearest_OR_Edge_Retest_Count_AtEntry,ACCEPTANCE_RECLAIM,0.08901218564071078,0.21497065512941949,0.08901218564071078,0
Delta_Change_AtEntry,FLOW_BURST_QUALITY,Directional_VWAP_Distance_Ticks_AtEntry,AUCTION_THEORY,-0.08896666132044831,-0.06371140411810157,0.08896666132044831,0
Profile_Local_Maxima_Count,AUCTION_THEORY,Delta_Change_AtEntry,FLOW_BURST_QUALITY,-0.08895621636257818,-0.04168097088723227,0.08895621636257818,0
Previous_Delta_AtEntry,FLOW_BURST_QUALITY,PreEntry_Range_Compression3_AtEntry,OTHER_CAUSAL_CONTEXT,-0.08894239547856343,-0.1026732274458282,0.08894239547856343,0
BuySellRatio,OTHER_CAUSAL_CONTEXT,seconds_from_open,TIME_REGIME,-0.08883296858119087,-0.10467495271303955,0.08883296858119087,0
BuySellRatio,OTHER_CAUSAL_CONTEXT,minute_from_open,TIME_REGIME,-0.08883296858119087,-0.10467495271303953,0.08883296858119087,0
Dist_VAL_Ticks,AUCTION_THEORY,directional_vwap_distance,AUCTION_THEORY,-0.0888208494075422,-0.06666333811372396,0.0888208494075422,0
Delta5s,FLOW_BURST_QUALITY,distance_nearest_profile_reference_ticks,AUCTION_THEORY,-0.08881274615368633,-0.08566978930988932,0.08881274615368633,0
Dist_LVN_Ticks,AUCTION_THEORY,directional_poc_distance,AUCTION_THEORY,0.08876618288784315,0.05255556501641237,0.08876618288784315,0
signed_delta_1s,FLOW_BURST_QUALITY,acceleration_velocity_ratio,PERSISTENCE_EXHAUSTION,0.08868146772623411,0.06693654364438642,0.08868146772623411,0
Dist_LVN_Ticks,AUCTION_THEORY,Profile_Normalized_Entropy,AUCTION_THEORY,0.08861235928389767,0.09336356325750876,0.08861235928389767,0
signed_delta_1s,FLOW_BURST_QUALITY,distance_nearest_profile_reference_ticks,AUCTION_THEORY,-0.08858700118051072,-0.037669194175237446,0.08858700118051072,0
Acceleration3s,PERSISTENCE_EXHAUSTION,Directional_VWAP_Distance_Ticks_AtEntry,AUCTION_THEORY,-0.08856509568673643,-0.06149819982466095,0.08856509568673643,0
Body_AtEntry,OTHER_CAUSAL_CONTEXT,delta_persistence_1_3,PERSISTENCE_EXHAUSTION,0.08850938816135917,0.013660290484917972,0.08850938816135917,0
CumulativeDeltaWindow,FLOW_BURST_QUALITY,Score_AtEntry,OTHER_CAUSAL_CONTEXT,0.08846262793723048,0.049900502791730666,0.08846262793723048,0
Delta3s,FLOW_BURST_QUALITY,Score_AtEntry,OTHER_CAUSAL_CONTEXT,0.08846262793723048,0.049900502791730666,0.08846262793723048,0
PreBurst_Path_Efficiency_10s,TEMPORAL_SEQUENCE,Score_AtEntry,OTHER_CAUSAL_CONTEXT,0.08845559495858295,0.14441210894854806,0.08845559495858295,0
DeltaChange1s,FLOW_BURST_QUALITY,DeltaPercentile,FLOW_BURST_QUALITY,-0.08843972361150833,-0.06762160492490776,0.08843972361150833,0
PreBurst_Impulse_Survival_Seconds,AUCTION_THEORY,execution_cvd_alignment,OTHER_CAUSAL_CONTEXT,-0.08842947169175173,-0.0400374675775561,0.08842947169175173,0
PeakNegativeDelta,FLOW_BURST_QUALITY,BreakOut_TICKS_PER_SEC_AtEntry,OTHER_CAUSAL_CONTEXT,-0.0884251275242032,-0.10400193772396482,0.0884251275242032,0
TicksPerSecond,TIME_REGIME,Previous_Volume_AtEntry,FLOW_BURST_QUALITY,0.08834485811822088,0.08372487759103123,0.08834485811822088,0
Velocity1s,PERSISTENCE_EXHAUSTION,Previous_Volume_AtEntry,FLOW_BURST_QUALITY,0.08834485811822088,0.08372487759103123,0.08834485811822088,0
BreakOut_TICKS_PER_SEC_AtEntry,OTHER_CAUSAL_CONTEXT,Nearest_OR_Edge_Retest_Count_AtEntry,ACCEPTANCE_RECLAIM,0.08830471491083138,0.1175436050321823,0.08830471491083138,0
Profile_Normalized_Entropy,AUCTION_THEORY,or_position_fraction,AUCTION_THEORY,-0.08825433861221099,-0.049368790863991846,0.08825433861221099,0
Profile_Normalized_Entropy,AUCTION_THEORY,Directional_VWAP_Distance_Ticks_AtEntry,AUCTION_THEORY,0.08821439273941521,0.051555348298526024,0.08821439273941521,0
PreBurst_Rotation_Index_10s,TEMPORAL_SEQUENCE,liquidity_absorption_score,OTHER_CAUSAL_CONTEXT,-0.0880734209954857,0.0981106247969914,0.0880734209954857,0
Profile_Skewness,AUCTION_THEORY,delta_persistence_1_3,PERSISTENCE_EXHAUSTION,-0.08802929958300702,-0.12662616882672367,0.08802929958300702,0
PreBurst_Impulse_Survival_Seconds,AUCTION_THEORY,Profile_Normalized_Entropy,AUCTION_THEORY,-0.08797327612800884,-0.13181260379970075,0.08797327612800884,0
liquidity_absorption_score,OTHER_CAUSAL_CONTEXT,distance_nearest_profile_reference_ticks,AUCTION_THEORY,0.08795983334507398,-0.015456355561500504,0.08795983334507398,0
DeltaPercentile,FLOW_BURST_QUALITY,mean_trade_size,FLOW_BURST_QUALITY,0.08790534254447555,0.10614253230861302,0.08790534254447555,0
Dist_OR_Low_Ticks,AUCTION_THEORY,directional_vwap_distance,AUCTION_THEORY,-0.08780522577822754,-0.027026383092235772,0.08780522577822754,0
Cumulative_Delta_AtEntry,FLOW_BURST_QUALITY,PreEntry_Directional_Efficiency3_AtEntry,OTHER_CAUSAL_CONTEXT,-0.08776474649613072,-0.035315628280059824,0.08776474649613072,0
TicksPerSecond,TIME_REGIME,Dist_LVN_Ticks,AUCTION_THEORY,-0.08765486554958996,-0.04217123322906965,0.08765486554958996,0
Velocity1s,PERSISTENCE_EXHAUSTION,Dist_LVN_Ticks,AUCTION_THEORY,-0.08765486554958996,-0.04217123322906965,0.08765486554958996,0
DeltaChange1s,FLOW_BURST_QUALITY,PreEntry_Range_Compression3_AtEntry,OTHER_CAUSAL_CONTEXT,0.08757689610647014,0.08235346096803246,0.08757689610647014,0
Delta_Change_AtEntry,FLOW_BURST_QUALITY,directional_poc_distance,AUCTION_THEORY,0.08754685285427127,0.10159862960877768,0.08754685285427127,0
BuySellRatio,OTHER_CAUSAL_CONTEXT,TradesPerSecond,TIME_REGIME,-0.08754356153795549,-0.246687854765762,0.08754356153795549,0
directional_vwap_distance,AUCTION_THEORY,signed_delta_decay_1_5,PERSISTENCE_EXHAUSTION,0.08746652739902995,-0.023401723502240603,0.08746652739902995,0
Dist_HVN_Ticks,AUCTION_THEORY,Nearest_OR_Edge_Retest_Count_AtEntry,ACCEPTANCE_RECLAIM,0.0873730912958851,0.16625510625156695,0.0873730912958851,0
PreBurst_Local_Entropy_10s,TEMPORAL_SEQUENCE,Nearest_OR_Edge_Acceptance_Ratio3_AtEntry,ACCEPTANCE_RECLAIM,0.08729187031916501,0.07499072355501925,0.08729187031916501,0
PreEntry_Volume_Climax_Ratio_AtEntry,FLOW_BURST_QUALITY,delta_persistence_3_5,PERSISTENCE_EXHAUSTION,-0.08725645633435908,-0.12347990392227381,0.08725645633435908,0
Dist_VWAP_Ticks,AUCTION_THEORY,Volume_AtEntry,FLOW_BURST_QUALITY,0.08725125995473548,0.10104112416384763,0.08725125995473548,0
acceleration_velocity_ratio,PERSISTENCE_EXHAUSTION,execution_cvd_alignment,OTHER_CAUSAL_CONTEXT,0.08723593411077167,0.05755863311573375,0.08723593411077167,0
Delta10s,FLOW_BURST_QUALITY,PreEntry_Range_Compression3_AtEntry,OTHER_CAUSAL_CONTEXT,0.08715378564349327,0.07503403642715556,0.08715378564349327,0
Dist_OR_Low_Ticks,AUCTION_THEORY,acceleration_velocity_ratio,PERSISTENCE_EXHAUSTION,0.08712741559576657,0.010200126731450583,0.08712741559576657,0
PeakPositiveDelta,FLOW_BURST_QUALITY,PreBurst_Impulse_Survival_Seconds,AUCTION_THEORY,-0.08711998722412584,-0.014724793345706231,0.08711998722412584,0
Nearest_OR_Edge_Retest_Count_AtEntry,ACCEPTANCE_RECLAIM,signed_delta_decay_1_5,PERSISTENCE_EXHAUSTION,-0.08706651755945649,-0.08445739888880947,0.08706651755945649,0
PreEntry_Volume_Climax_Ratio_AtEntry,FLOW_BURST_QUALITY,signed_velocity_1s,PERSISTENCE_EXHAUSTION,-0.08706304173672952,-0.03491105587241484,0.08706304173672952,0
Velocity3s,PERSISTENCE_EXHAUSTION,directional_poc_distance,AUCTION_THEORY,-0.08704956089446886,-0.029250273180882795,0.08704956089446886,0
Dist_OR_Low_Ticks,AUCTION_THEORY,flow_price_alignment,OTHER_CAUSAL_CONTEXT,0.087014987835511,0.08646324392082791,0.087014987835511,0
DeltaPercentile,FLOW_BURST_QUALITY,Dist_LVN_Ticks,AUCTION_THEORY,0.0869627943045019,0.059160062397553836,0.0869627943045019,0
Delta1s,FLOW_BURST_QUALITY,distance_nearest_profile_reference_ticks,AUCTION_THEORY,-0.08690634446984337,-0.08233817034902091,0.08690634446984337,0
signed_delta_1s,FLOW_BURST_QUALITY,execution_side_sign,OTHER_CAUSAL_CONTEXT,0.08680289656790889,0.0788905069553009,0.08680289656790889,0
PreBurst_Reclaim_Count_10s,ACCEPTANCE_RECLAIM,PreEntry_Range_Compression3_AtEntry,OTHER_CAUSAL_CONTEXT,-0.08663471949307984,-0.10012942524599451,0.08663471949307984,0
TicksPerSecond,TIME_REGIME,PreEntry_Directional_Efficiency3_AtEntry,OTHER_CAUSAL_CONTEXT,-0.08659378761213074,-0.11895521728504259,0.08659378761213074,0
Velocity1s,PERSISTENCE_EXHAUSTION,PreEntry_Directional_Efficiency3_AtEntry,OTHER_CAUSAL_CONTEXT,-0.08659378761213074,-0.11895521728504259,0.08659378761213074,0
Dist_VWAP_Ticks,AUCTION_THEORY,directional_vwap_distance,AUCTION_THEORY,-0.08657048675028897,-0.10167422804017884,0.08657048675028897,0
Profile_Skewness,AUCTION_THEORY,Nearest_OR_Edge_Acceptance_Ratio3_AtEntry,ACCEPTANCE_RECLAIM,-0.08653702129471766,-0.09081218156287152,0.08653702129471766,0
Dist_LVN_Ticks,AUCTION_THEORY,Signed_Previous_Delta_Share_AtEntry,FLOW_BURST_QUALITY,-0.0864936202344112,-0.10213879361719691,0.0864936202344112,0
Dist_VAL_Ticks,AUCTION_THEORY,Profile_Local_Maxima_Count,AUCTION_THEORY,0.08645946370002186,0.1524794817089594,0.08645946370002186,0
DeltaPercentile,FLOW_BURST_QUALITY,Score_AtEntry,OTHER_CAUSAL_CONTEXT,0.08640674092183838,0.049546537323889875,0.08640674092183838,0
burst_efficiency_score,EFFORT_VS_RESULT,distance_nearest_profile_reference_ticks,AUCTION_THEORY,-0.08638474016163972,-0.03185497434727591,0.08638474016163972,0
Dist_HVN_Ticks,AUCTION_THEORY,weekday_index,TIME_REGIME,-0.08635062780269415,-0.0623983436442214,0.08635062780269415,0
PreEntry_Volume_Climax_Ratio_AtEntry,FLOW_BURST_QUALITY,execution_cvd_alignment,OTHER_CAUSAL_CONTEXT,0.08631300047661773,0.07766520579947371,0.08631300047661773,0
PreBurst_Local_Entropy_10s,TEMPORAL_SEQUENCE,PreEntry_Directional_Efficiency3_AtEntry,OTHER_CAUSAL_CONTEXT,0.08623297897969467,0.03267686183102142,0.08623297897969467,0
Dist_VAL_Ticks,AUCTION_THEORY,signed_velocity_3s,PERSISTENCE_EXHAUSTION,-0.0862289869691504,0.04101137157754745,0.0862289869691504,0
Dist_LVN_Ticks,AUCTION_THEORY,acceleration_velocity_ratio,PERSISTENCE_EXHAUSTION,0.08618614357578422,-0.0546257897447849,0.08618614357578422,0
Dist_OR_High_Ticks,AUCTION_THEORY,PreBurst_Path_Efficiency_10s,TEMPORAL_SEQUENCE,0.08618195570814273,0.022748427431055405,0.08618195570814273,0
Profile_Skewness,AUCTION_THEORY,Volume_AtEntry,FLOW_BURST_QUALITY,0.08618100751429175,0.08378992955016147,0.08618100751429175,0
delta_persistence_3_5,PERSISTENCE_EXHAUSTION,signed_velocity_decay_1_5,PERSISTENCE_EXHAUSTION,0.0861146804902262,0.10342803691601918,0.0861146804902262,0
TicksPerSecond,TIME_REGIME,Profile_Excess_Kurtosis,AUCTION_THEORY,0.08608177037671245,0.11629688012175396,0.08608177037671245,0
Velocity1s,PERSISTENCE_EXHAUSTION,Profile_Excess_Kurtosis,AUCTION_THEORY,0.08608177037671245,0.11629688012175396,0.08608177037671245,0
Signed_Delta_Share_AtEntry,FLOW_BURST_QUALITY,vwap_poc_spread_ticks,AUCTION_THEORY,0.08604656879683069,0.07442595019540084,0.08604656879683069,0
Velocity3s,PERSISTENCE_EXHAUSTION,Prior_Closed_ATR3_Ticks_AtEntry,AUCTION_THEORY,-0.08604614941668501,-0.0029896332406472853,0.08604614941668501,0
Profile_Normalized_Entropy,AUCTION_THEORY,Body_AtEntry,OTHER_CAUSAL_CONTEXT,-0.08600852791856674,-0.04402301271397078,0.08600852791856674,0
PeakPositiveDelta,FLOW_BURST_QUALITY,PreEntry_Volume_Climax_Ratio_AtEntry,FLOW_BURST_QUALITY,-0.08597106591698833,-0.050593640038260196,0.08597106591698833,0
PreEntry_Directional_Delta_Share3_AtEntry,FLOW_BURST_QUALITY,signed_velocity_decay_1_5,PERSISTENCE_EXHAUSTION,-0.08596393504304892,-0.0077617480137175425,0.08596393504304892,0
PreBurst_Impulse_Decay_Slope_5s,PERSISTENCE_EXHAUSTION,execution_side_sign,OTHER_CAUSAL_CONTEXT,0.0859270451168028,0.04205067666484714,0.0859270451168028,0
BuySellRatio,OTHER_CAUSAL_CONTEXT,Body_AtEntry,OTHER_CAUSAL_CONTEXT,-0.08582215217167576,-0.062194767394567606,0.08582215217167576,0
PreBurst_Reclaim_Count_10s,ACCEPTANCE_RECLAIM,signed_delta_1s,FLOW_BURST_QUALITY,-0.08581713969385758,-0.10365198968924283,0.08581713969385758,0
PreBurst_Price_Per_Volume_3s,EFFORT_VS_RESULT,Previous_Volume_AtEntry,FLOW_BURST_QUALITY,-0.08581651065948749,-0.11244688556377054,0.08581651065948749,0
Delta_Change_AtEntry,FLOW_BURST_QUALITY,delta_persistence_3_5,PERSISTENCE_EXHAUSTION,0.085795504410806,0.07872747292740545,0.085795504410806,0
Previous_Volume_AtEntry,FLOW_BURST_QUALITY,Directional_OR_Extension_Ticks_AtEntry,AUCTION_THEORY,0.08577598684686692,0.04114989087426798,0.08577598684686692,0
absorption_pressure_1s,EFFORT_VS_RESULT,distance_nearest_profile_reference_ticks,AUCTION_THEORY,0.0857136435656197,-0.01616911270650569,0.0857136435656197,0
Delta10s,FLOW_BURST_QUALITY,Dist_LVN_Ticks,AUCTION_THEORY,-0.0857029568931212,-0.10571156578493277,0.0857029568931212,0
DeltaChange1s,FLOW_BURST_QUALITY,PreEntry_Volume_Climax_Ratio_AtEntry,FLOW_BURST_QUALITY,-0.08569246071832738,-0.07676420385852882,0.08569246071832738,0
Delta5s,FLOW_BURST_QUALITY,Prior_Closed_ATR3_Ticks_AtEntry,AUCTION_THEORY,-0.08565250185585158,-0.04636200524694237,0.08565250185585158,0
month_index,TIME_REGIME,distance_nearest_profile_reference_ticks,AUCTION_THEORY,0.08562183448218359,0.03601069830772228,0.08562183448218359,0
Delta1s,FLOW_BURST_QUALITY,Seconds_From_Open_AtEntry,TIME_REGIME,-0.08562117042370615,-0.11897710828807094,0.08562117042370615,0
Previous_Volume_AtEntry,FLOW_BURST_QUALITY,BreakOut_TICKS_PER_SEC_AtEntry,OTHER_CAUSAL_CONTEXT,-0.0855510631926456,-0.019466775127480393,0.0855510631926456,0
Velocity5s,PERSISTENCE_EXHAUSTION,acceleration_velocity_ratio,PERSISTENCE_EXHAUSTION,0.0854655844799104,0.11354241149372948,0.0854655844799104,0
acceleration_velocity_ratio,PERSISTENCE_EXHAUSTION,signed_delta_decay_1_5,PERSISTENCE_EXHAUSTION,-0.08545348372002846,-0.08722095824410651,0.08545348372002846,0
Delta5s,FLOW_BURST_QUALITY,Directional_OR_Extension_Ticks_AtEntry,AUCTION_THEORY,0.08540249346098061,-0.02887792525794918,0.08540249346098061,0
Delta_Change_AtEntry,FLOW_BURST_QUALITY,signed_velocity_1s,PERSISTENCE_EXHAUSTION,-0.0853633712862597,-0.0524356082624778,0.0853633712862597,0
PreBurst_Path_Efficiency_10s,TEMPORAL_SEQUENCE,Volume_AtEntry,FLOW_BURST_QUALITY,-0.08533122374494274,-0.13279512231324098,0.08533122374494274,0
Profile_Position_Percentile,AUCTION_THEORY,signed_velocity_decay_1_5,PERSISTENCE_EXHAUSTION,0.08530415544207984,0.020237209626304833,0.08530415544207984,0
signed_velocity_3s,PERSISTENCE_EXHAUSTION,vwap_poc_spread_ticks,AUCTION_THEORY,0.08529855943993263,0.10979877493826311,0.08529855943993263,0
PeakNegativeDelta,FLOW_BURST_QUALITY,seconds_from_open,TIME_REGIME,-0.08527645454668803,-0.12310641870866935,0.08527645454668803,0
PeakNegativeDelta,FLOW_BURST_QUALITY,minute_from_open,TIME_REGIME,-0.08527645454668803,-0.12310641870866938,0.08527645454668803,0
Delta2s,FLOW_BURST_QUALITY,velocity_consistency,PERSISTENCE_EXHAUSTION,0.0852480163620835,0.07835446049433045,0.0852480163620835,0
Prior_Closed_ATR5_Ticks_AtEntry,AUCTION_THEORY,profile_confluence_4t,AUCTION_THEORY,-0.08515868470260007,-0.1046746917857273,0.08515868470260007,0
Previous_Delta_AtEntry,FLOW_BURST_QUALITY,signed_velocity_decay_1_5,PERSISTENCE_EXHAUSTION,-0.08513363394673952,-0.10933179088462203,0.08513363394673952,0
Delta1s,FLOW_BURST_QUALITY,weekday_index,TIME_REGIME,-0.08507683995075198,-0.09037738787215743,0.08507683995075198,0
Volume_AtEntry,FLOW_BURST_QUALITY,Delta_Change_AtEntry,FLOW_BURST_QUALITY,0.08505387173709901,0.13069585275511383,0.08505387173709901,0
DeltaChange1s,FLOW_BURST_QUALITY,velocity_consistency,PERSISTENCE_EXHAUSTION,0.08502465755477102,0.0732442013799259,0.08502465755477102,0
Dist_LVN_Ticks,AUCTION_THEORY,Prior_Closed_ATR3_Ticks_AtEntry,AUCTION_THEORY,-0.08500429786807141,-0.07591399782741051,0.08500429786807141,0
Dist_POC_Ticks,AUCTION_THEORY,velocity_consistency,PERSISTENCE_EXHAUSTION,0.08493478562306174,0.06816864917512677,0.08493478562306174,0
Seconds_From_Open_AtEntry,TIME_REGIME,signed_acceleration_1s,PERSISTENCE_EXHAUSTION,-0.08493303508384313,0.014751855020266925,0.08493303508384313,0
mean_trade_size,FLOW_BURST_QUALITY,profile_confluence_4t,AUCTION_THEORY,0.08484191182913928,0.04485073992093485,0.08484191182913928,0
Delta1s,FLOW_BURST_QUALITY,Signed_Previous_Delta_Share_AtEntry,FLOW_BURST_QUALITY,-0.08474043826966578,-0.13652347330942835,0.08474043826966578,0
PeakNegativeDelta,FLOW_BURST_QUALITY,Seconds_From_Open_AtEntry,TIME_REGIME,-0.08473357187437884,-0.12305468702057397,0.08473357187437884,0
PreBurst_Impulse_Survival_Seconds,AUCTION_THEORY,burst_efficiency_score,EFFORT_VS_RESULT,0.08469317270814988,0.05024628603443041,0.08469317270814988,0
PreBurst_Reclaim_Count_10s,ACCEPTANCE_RECLAIM,Previous_Volume_AtEntry,FLOW_BURST_QUALITY,0.08468010368889624,0.111441055482646,0.08468010368889624,0
Delta1s,FLOW_BURST_QUALITY,minute_from_open,TIME_REGIME,-0.08461736915522206,-0.11901156309314649,0.08461736915522206,0
Delta1s,FLOW_BURST_QUALITY,seconds_from_open,TIME_REGIME,-0.08461736915522206,-0.11901156309314656,0.08461736915522206,0
PreBurst_Rotation_Index_10s,TEMPORAL_SEQUENCE,directional_poc_distance,AUCTION_THEORY,-0.08453084753619289,-0.08126272144377997,0.08453084753619289,0
DeltaPercentile,FLOW_BURST_QUALITY,execution_side_sign,OTHER_CAUSAL_CONTEXT,0.08451329763934147,0.060697024564676745,0.08451329763934147,0
PeakPositiveDelta,FLOW_BURST_QUALITY,Volume_AtEntry,FLOW_BURST_QUALITY,0.0844833132036274,0.02370069102155245,0.0844833132036274,0
Delta5s,FLOW_BURST_QUALITY,mean_trade_size,FLOW_BURST_QUALITY,-0.08443679551382906,0.049966742432894756,0.08443679551382906,0
signed_acceleration_1s,PERSISTENCE_EXHAUSTION,seconds_from_open,TIME_REGIME,-0.08442900118139186,0.014778037624793938,0.08442900118139186,0
signed_acceleration_1s,PERSISTENCE_EXHAUSTION,minute_from_open,TIME_REGIME,-0.08442900118139186,0.014778037624794033,0.08442900118139186,0
Profile_Excess_Kurtosis,AUCTION_THEORY,Directional_VWAP_Distance_Ticks_AtEntry,AUCTION_THEORY,-0.08442570315510081,-0.075125890429426,0.08442570315510081,0
Dist_LVN_Ticks,AUCTION_THEORY,mean_trade_size,FLOW_BURST_QUALITY,-0.0843254155588112,-0.0100285724176725,0.0843254155588112,0
BreakOut_TICKS_PER_SEC_AtEntry,OTHER_CAUSAL_CONTEXT,signed_delta_decay_1_5,PERSISTENCE_EXHAUSTION,-0.08430948026642049,-0.43997079507278636,0.08430948026642049,0
Delta10s,FLOW_BURST_QUALITY,velocity_consistency,PERSISTENCE_EXHAUSTION,0.08426321521312806,0.08734753583405115,0.08426321521312806,0
Signed_Previous_Delta_Share_AtEntry,FLOW_BURST_QUALITY,execution_side_sign,OTHER_CAUSAL_CONTEXT,0.0841546076218267,0.1147543723737994,0.0841546076218267,0
signed_delta_1s,FLOW_BURST_QUALITY,directional_vwap_distance,AUCTION_THEORY,-0.08414725168447311,0.014134604810698104,0.08414725168447311,0
PreBurst_Reclaim_Count_10s,ACCEPTANCE_RECLAIM,month_index,TIME_REGIME,0.08413489359904498,0.08735563445561158,0.08413489359904498,0
Dist_HVN_Ticks,AUCTION_THEORY,absorption_pressure_1s,EFFORT_VS_RESULT,0.08410794828970285,-0.03761418634774198,0.08410794828970285,0
BuySellRatio,OTHER_CAUSAL_CONTEXT,Nearest_OR_Edge_Retest_Count_AtEntry,ACCEPTANCE_RECLAIM,-0.08408072357379529,-0.07570097680904295,0.08408072357379529,0
PreBurst_Reclaim_Count_10s,ACCEPTANCE_RECLAIM,signed_delta_change_1s,FLOW_BURST_QUALITY,-0.08399306151877936,-0.09330663919231572,0.08399306151877936,0
Acceleration1s,PERSISTENCE_EXHAUSTION,profile_confluence_4t,AUCTION_THEORY,0.08397504864449094,0.10243540837210936,0.08397504864449094,0
CumulativeDeltaWindow,FLOW_BURST_QUALITY,PreEntry_Range_Compression3_AtEntry,OTHER_CAUSAL_CONTEXT,0.08396497316715858,0.07907920065656798,0.08396497316715858,0
Delta3s,FLOW_BURST_QUALITY,PreEntry_Range_Compression3_AtEntry,OTHER_CAUSAL_CONTEXT,0.08396497316715858,0.07907920065656798,0.08396497316715858,0
ContractsPerSecond,FLOW_BURST_QUALITY,profile_confluence_4t,AUCTION_THEORY,0.0839375700286633,0.10364725795859601,0.0839375700286633,0
Dist_HVN_Ticks,AUCTION_THEORY,burst_efficiency_score,EFFORT_VS_RESULT,-0.08383074238554883,-0.1207950649967563,0.08383074238554883,0
TicksPerSecond,TIME_REGIME,Profile_Local_Maxima_Count,AUCTION_THEORY,-0.08376844880986412,0.018652403804965075,0.08376844880986412,0
Velocity1s,PERSISTENCE_EXHAUSTION,Profile_Local_Maxima_Count,AUCTION_THEORY,-0.08376844880986412,0.018652403804965075,0.08376844880986412,0
Velocity1s,PERSISTENCE_EXHAUSTION,Nearest_OR_Edge_Acceptance_Ratio3_AtEntry,ACCEPTANCE_RECLAIM,-0.08373730496488109,-0.06633584279779142,0.08373730496488109,0
TicksPerSecond,TIME_REGIME,Nearest_OR_Edge_Acceptance_Ratio3_AtEntry,ACCEPTANCE_RECLAIM,-0.08373730496488109,-0.06633584279779142,0.08373730496488109,0
Prior_Closed_ATR3_Ticks_AtEntry,AUCTION_THEORY,or_position_fraction,AUCTION_THEORY,-0.08373309183768972,-0.06482938544677061,0.08373309183768972,0
Acceleration1s,PERSISTENCE_EXHAUSTION,signed_velocity_1s,PERSISTENCE_EXHAUSTION,-0.08373304052746787,0.0062458693334419306,0.08373304052746787,0
PreBurst_Impulse_Survival_Seconds,AUCTION_THEORY,absorption_pressure_1s,EFFORT_VS_RESULT,-0.08369945597555617,-0.27665314836401794,0.08369945597555617,0
Delta2s,FLOW_BURST_QUALITY,mean_trade_size,FLOW_BURST_QUALITY,-0.08369499955978564,0.04505743988965816,0.08369499955978564,0
Delta10s,FLOW_BURST_QUALITY,weekday_index,TIME_REGIME,-0.08362900310675664,-0.08009863329772482,0.08362900310675664,0
PeakPositiveDelta,FLOW_BURST_QUALITY,PreBurst_Acceptance_Dwell_Ratio_5s,ACCEPTANCE_RECLAIM,-0.0836272001947624,-0.0498681938329413,0.0836272001947624,0
Delta_AtEntry,FLOW_BURST_QUALITY,Prior_Closed_ATR5_Ticks_AtEntry,AUCTION_THEORY,-0.08350451435454487,-0.08189136227513272,0.08350451435454487,0
Dist_OR_Low_Ticks,AUCTION_THEORY,signed_delta_1s,FLOW_BURST_QUALITY,-0.08347680034666607,-0.039357032690607516,0.08347680034666607,0
DeltaPercentile,FLOW_BURST_QUALITY,Dist_OR_Low_Ticks,AUCTION_THEORY,-0.08343882333041193,-0.13322017491973143,0.08343882333041193,0
Prior_Closed_ATR3_Ticks_AtEntry,AUCTION_THEORY,distance_nearest_profile_reference_ticks,AUCTION_THEORY,0.0834022442126497,0.06555780377526645,0.0834022442126497,0
Previous_Volume_AtEntry,FLOW_BURST_QUALITY,Score_AtEntry,OTHER_CAUSAL_CONTEXT,-0.08330431490266768,-0.07656529605599699,0.08330431490266768,0
CumulativeDeltaWindow,FLOW_BURST_QUALITY,price_impact_per_100_contracts,EFFORT_VS_RESULT,0.08326170801434742,0.027001222808075254,0.08326170801434742,0
Delta3s,FLOW_BURST_QUALITY,price_impact_per_100_contracts,EFFORT_VS_RESULT,0.08326170801434742,0.027001222808075254,0.08326170801434742,0
Profile_Skewness,AUCTION_THEORY,signed_delta_decay_1_5,PERSISTENCE_EXHAUSTION,-0.08325181464760589,0.017741384205965334,0.08325181464760589,0
Dist_POC_Ticks,AUCTION_THEORY,Profile_Std_Ticks,AUCTION_THEORY,-0.08319495885849557,-0.03414752790478021,0.08319495885849557,0
PreBurst_Price_Per_Delta_3s,EFFORT_VS_RESULT,Signed_Delta_Share_AtEntry,FLOW_BURST_QUALITY,-0.08310250233997622,-0.017802814264703242,0.08310250233997622,0
Directional_VWAP_Distance_Ticks_AtEntry,AUCTION_THEORY,delta_share_of_volume,FLOW_BURST_QUALITY,0.08305872204728226,0.06275826960774655,0.08305872204728226,0
Delta_AtEntry,FLOW_BURST_QUALITY,mean_trade_size,FLOW_BURST_QUALITY,-0.08303348010741567,0.04526113124882992,0.08303348010741567,0
Nearest_OR_Edge_Acceptance_Ratio3_AtEntry,ACCEPTANCE_RECLAIM,delta_persistence_3_5,PERSISTENCE_EXHAUSTION,-0.08278055589729258,-0.11302348250032031,0.08278055589729258,0
Dist_VAH_Ticks,AUCTION_THEORY,signed_delta_decay_1_5,PERSISTENCE_EXHAUSTION,0.08268675355179271,0.0816925895976158,0.08268675355179271,0
Profile_Normalized_Entropy,AUCTION_THEORY,delta_persistence_3_5,PERSISTENCE_EXHAUSTION,-0.08266941226006844,-0.07234015943632635,0.08266941226006844,0
BuySellRatio,OTHER_CAUSAL_CONTEXT,Directional_VWAP_Distance_Ticks_AtEntry,AUCTION_THEORY,-0.08259601543428888,-0.030766414973304526,0.08259601543428888,0
Dist_VWAP_Ticks,AUCTION_THEORY,signed_velocity_3s,PERSISTENCE_EXHAUSTION,-0.08246274435750156,-0.009384614580946613,0.08246274435750156,0
DeltaPercentile,FLOW_BURST_QUALITY,TicksPerSecond,TIME_REGIME,-0.08218118233541478,-0.097685969082748,0.08218118233541478,0
DeltaPercentile,FLOW_BURST_QUALITY,Velocity1s,PERSISTENCE_EXHAUSTION,-0.08218118233541478,-0.097685969082748,0.08218118233541478,0
PreBurst_Impulse_Survival_Seconds,AUCTION_THEORY,distance_nearest_or_edge_ticks,AUCTION_THEORY,0.08207638819751933,0.08216836848624605,0.08207638819751933,0
PreBurst_Impulse_Survival_Seconds,AUCTION_THEORY,Nearest_OR_Edge_Distance_Ticks_AtEntry,AUCTION_THEORY,0.08207638819751933,0.08216836848624605,0.08207638819751933,0
delta_share_of_volume,FLOW_BURST_QUALITY,execution_cvd_alignment,OTHER_CAUSAL_CONTEXT,0.08190611267007152,0.09020004457170658,0.08190611267007152,0
Dist_OR_Low_Ticks,AUCTION_THEORY,Directional_OR_Extension_Ticks_AtEntry,AUCTION_THEORY,0.08185775567323418,-0.04567983304892329,0.08185775567323418,0
Dist_POC_Ticks,AUCTION_THEORY,Profile_Local_Maxima_Count,AUCTION_THEORY,-0.08184438003303918,-0.05937809562226462,0.08184438003303918,0
PreEntry_Range_Compression3_AtEntry,OTHER_CAUSAL_CONTEXT,execution_side_sign,OTHER_CAUSAL_CONTEXT,-0.08176176415546242,-0.08262174581187914,0.08176176415546242,0
DeltaPercentile,FLOW_BURST_QUALITY,Velocity3s,PERSISTENCE_EXHAUSTION,-0.08169595024448612,-0.12776258973582819,0.08169595024448612,0
PreEntry_Range_Compression3_AtEntry,OTHER_CAUSAL_CONTEXT,distance_nearest_profile_reference_ticks,AUCTION_THEORY,-0.08166748115931963,-0.08609922973910121,0.08166748115931963,0
signed_velocity_3s,PERSISTENCE_EXHAUSTION,seconds_from_open,TIME_REGIME,-0.08163935112457263,0.0011893131357963412,0.08163935112457263,0
signed_velocity_3s,PERSISTENCE_EXHAUSTION,minute_from_open,TIME_REGIME,-0.08163935112457263,0.001189313135796204,0.08163935112457263,0
PeakPositiveDelta,FLOW_BURST_QUALITY,directional_vwap_distance,AUCTION_THEORY,-0.0816252266263144,0.056697573432768454,0.0816252266263144,0
Dist_OR_Low_Ticks,AUCTION_THEORY,Profile_Normalized_Entropy,AUCTION_THEORY,0.08159612666199101,0.09130288949601327,0.08159612666199101,0
Seconds_From_Open_AtEntry,TIME_REGIME,signed_velocity_3s,PERSISTENCE_EXHAUSTION,-0.08156847136418173,0.0011400897750883038,0.08156847136418173,0
Signed_Previous_Delta_Share_AtEntry,FLOW_BURST_QUALITY,weekday_index,TIME_REGIME,0.08148456012192205,0.10955850548551038,0.08148456012192205,0
Dist_HVN_Ticks,AUCTION_THEORY,Score_AtEntry,OTHER_CAUSAL_CONTEXT,0.08146049724619253,0.06895648003363271,0.08146049724619253,0
Acceleration3s,PERSISTENCE_EXHAUSTION,Prior_Closed_ATR3_Ticks_AtEntry,AUCTION_THEORY,-0.08142891098992165,-0.028001800559189646,0.08142891098992165,0
Seconds_From_Open_AtEntry,TIME_REGIME,signed_velocity_decay_1_5,PERSISTENCE_EXHAUSTION,0.08139797139457487,-0.05241962056601426,0.08139797139457487,0
Signed_Delta_Share_AtEntry,FLOW_BURST_QUALITY,distance_nearest_profile_reference_ticks,AUCTION_THEORY,0.08137183344285015,0.10218795634583444,0.08137183344285015,0
PreBurst_Rotation_Index_10s,TEMPORAL_SEQUENCE,Directional_OR_Extension_Ticks_AtEntry,AUCTION_THEORY,-0.08130762216124146,-0.0939493419974324,0.08130762216124146,0
Previous_Delta_AtEntry,FLOW_BURST_QUALITY,PreEntry_Directional_Efficiency3_AtEntry,OTHER_CAUSAL_CONTEXT,0.08128659396288776,0.05930975223801251,0.08128659396288776,0
Velocity5s,PERSISTENCE_EXHAUSTION,Directional_OR_Extension_Ticks_AtEntry,AUCTION_THEORY,0.08123626491468014,-0.0430223591950674,0.08123626491468014,0
Sell_Imbalance_Count_AtEntry,FLOW_BURST_QUALITY,distance_nearest_profile_reference_ticks,AUCTION_THEORY,0.08122293329627674,0.050056463733983245,0.08122293329627674,0
Buy_Imbalance_Count_AtEntry,FLOW_BURST_QUALITY,weekday_index,TIME_REGIME,-0.08120593646136127,-0.034441229117437175,0.08120593646136127,0
Dist_POC_Ticks,AUCTION_THEORY,mean_trade_size,FLOW_BURST_QUALITY,-0.08120588817440637,-0.003220587715689042,0.08120588817440637,0
Dist_VAH_Ticks,AUCTION_THEORY,PreEntry_Directional_Delta_Share3_AtEntry,FLOW_BURST_QUALITY,0.08116198233246076,-0.004136648523999533,0.08116198233246076,0
Velocity3s,PERSISTENCE_EXHAUSTION,Signed_Previous_Delta_Share_AtEntry,FLOW_BURST_QUALITY,-0.08115859568362628,-0.11931993272809942,0.08115859568362628,0
Nearest_OR_Edge_Retest_Count_AtEntry,ACCEPTANCE_RECLAIM,delta_share_of_volume,FLOW_BURST_QUALITY,0.08097062127145417,0.0727040562408261,0.08097062127145417,0
Nearest_OR_Edge_Acceptance_Ratio3_AtEntry,ACCEPTANCE_RECLAIM,profile_confluence_4t,AUCTION_THEORY,0.08092870536865766,0.07360342569370626,0.08092870536865766,0
Dist_VAH_Ticks,AUCTION_THEORY,PreBurst_Impulse_Decay_Slope_5s,PERSISTENCE_EXHAUSTION,-0.08088328158439938,-0.10620086764596341,0.08088328158439938,0
PeakNegativeDelta,FLOW_BURST_QUALITY,signed_velocity_decay_1_5,PERSISTENCE_EXHAUSTION,0.08081342817906535,0.05546315533045948,0.08081342817906535,0
Velocity5s,PERSISTENCE_EXHAUSTION,Dist_LVN_Ticks,AUCTION_THEORY,-0.08078737815660245,-0.06564339718619831,0.08078737815660245,0
PreBurst_Rotation_Index_10s,TEMPORAL_SEQUENCE,Profile_Excess_Kurtosis,AUCTION_THEORY,-0.08071628949704154,-0.17755313149957613,0.08071628949704154,0
DeltaPercentile,FLOW_BURST_QUALITY,seconds_from_open,TIME_REGIME,0.08065288416904509,0.21645443907490722,0.08065288416904509,0
DeltaPercentile,FLOW_BURST_QUALITY,minute_from_open,TIME_REGIME,0.08065288416904509,0.21645443907490725,0.08065288416904509,0
ContractsPerSecond,FLOW_BURST_QUALITY,Signed_Previous_Delta_Share_AtEntry,FLOW_BURST_QUALITY,0.08064014297155132,0.021448589355720974,0.08064014297155132,0
Delta2s,FLOW_BURST_QUALITY,acceleration_velocity_ratio,PERSISTENCE_EXHAUSTION,0.08052834236141367,0.16623108211206816,0.08052834236141367,0
PeakNegativeDelta,FLOW_BURST_QUALITY,Profile_Excess_Kurtosis,AUCTION_THEORY,0.08046488886188519,0.1107950126892374,0.08046488886188519,0
seconds_from_open,TIME_REGIME,signed_velocity_decay_1_5,PERSISTENCE_EXHAUSTION,0.08044233881714173,-0.052470403932091014,0.08044233881714173,0
minute_from_open,TIME_REGIME,signed_velocity_decay_1_5,PERSISTENCE_EXHAUSTION,0.08044233881714173,-0.052470403932091,0.08044233881714173,0
TradesPerSecond,TIME_REGIME,Previous_Volume_AtEntry,FLOW_BURST_QUALITY,0.08034968905150998,-0.003949990457882022,0.08034968905150998,0
Profile_Skewness,AUCTION_THEORY,signed_delta_change_1s,FLOW_BURST_QUALITY,0.08032144007473711,0.002058666035043463,0.08032144007473711,0
Body_AtEntry,OTHER_CAUSAL_CONTEXT,weekday_index,TIME_REGIME,-0.08028411320883341,-0.045261939799748234,0.08028411320883341,0
PreBurst_Acceptance_Dwell_Ratio_5s,ACCEPTANCE_RECLAIM,Profile_Skewness,AUCTION_THEORY,-0.08013100716052392,-0.08176931411647587,0.08013100716052392,0
Delta1s,FLOW_BURST_QUALITY,Directional_VWAP_Distance_Ticks_AtEntry,AUCTION_THEORY,-0.0801048886121136,-0.05434940633398464,0.0801048886121136,0
Nearest_OR_Edge_Retest_Count_AtEntry,ACCEPTANCE_RECLAIM,weekday_index,TIME_REGIME,0.08008930975720896,0.10373579460109646,0.08008930975720896,0
DeltaPercentile,FLOW_BURST_QUALITY,Seconds_From_Open_AtEntry,TIME_REGIME,0.08007423488658157,0.2164598162189945,0.08007423488658157,0
PreBurst_Price_Per_Volume_3s,EFFORT_VS_RESULT,Cumulative_Delta_AtEntry,FLOW_BURST_QUALITY,0.08002311755282582,0.07786440022783621,0.08002311755282582,0
signed_delta_1s,FLOW_BURST_QUALITY,or_position_fraction,AUCTION_THEORY,-0.08001695501914009,-0.08958070428122715,0.08001695501914009,0
PreBurst_Impulse_Survival_Seconds,AUCTION_THEORY,Nearest_OR_Edge_Acceptance_Ratio3_AtEntry,ACCEPTANCE_RECLAIM,-0.07998211230487351,-0.07667150670382439,0.07998211230487351,0
Delta_Change_AtEntry,FLOW_BURST_QUALITY,signed_delta_change_1s,FLOW_BURST_QUALITY,-0.07986419589358298,-0.0977642043803948,0.07986419589358298,0
PreBurst_Acceptance_Dwell_Ratio_5s,ACCEPTANCE_RECLAIM,Directional_VWAP_Distance_Ticks_AtEntry,AUCTION_THEORY,-0.07979303128676404,-0.09487700005978093,0.07979303128676404,0
TradesPerSecond,TIME_REGIME,Delta_Change_AtEntry,FLOW_BURST_QUALITY,-0.07966225239287082,-0.03897924077515858,0.07966225239287082,0
Dist_VAH_Ticks,AUCTION_THEORY,signed_delta_1s,FLOW_BURST_QUALITY,-0.07965988908362198,-0.08070180632948742,0.07965988908362198,0
Prior_Closed_ATR3_Ticks_AtEntry,AUCTION_THEORY,mean_trade_size,FLOW_BURST_QUALITY,0.07963504020266683,0.054381908045827994,0.07963504020266683,0
mean_trade_size,FLOW_BURST_QUALITY,distance_nearest_profile_reference_ticks,AUCTION_THEORY,0.07956715321912554,-0.0193534337794216,0.07956715321912554,0
PreEntry_Directional_Efficiency3_AtEntry,OTHER_CAUSAL_CONTEXT,execution_cvd_alignment,OTHER_CAUSAL_CONTEXT,-0.0795633235867857,-0.08290384456275922,0.0795633235867857,0
Score_AtEntry,OTHER_CAUSAL_CONTEXT,delta_share_of_volume,FLOW_BURST_QUALITY,0.07952144614562018,0.07037998271949056,0.07952144614562018,0
PreBurst_Local_Entropy_10s,TEMPORAL_SEQUENCE,vwap_poc_spread_ticks,AUCTION_THEORY,0.07951869547277073,0.10707246651088428,0.07951869547277073,0
PeakNegativeDelta,FLOW_BURST_QUALITY,Prior_Closed_ATR3_Ticks_AtEntry,AUCTION_THEORY,-0.07940262075015035,0.0021343259406569814,0.07940262075015035,0
Dist_OR_Low_Ticks,AUCTION_THEORY,Profile_Effective_Nodes,AUCTION_THEORY,0.07939296701005744,0.2511574577996524,0.07939296701005744,0
Delta_AtEntry,FLOW_BURST_QUALITY,signed_delta_change_1s,FLOW_BURST_QUALITY,-0.07936558917293858,-0.08817212855324265,0.07936558917293858,0
PreBurst_Reclaim_Count_10s,ACCEPTANCE_RECLAIM,Prior_Closed_ATR3_Ticks_AtEntry,AUCTION_THEORY,0.0793065450968474,0.08156088305199831,0.0793065450968474,0
Dist_OR_Low_Ticks,AUCTION_THEORY,distance_nearest_profile_reference_ticks,AUCTION_THEORY,0.07926502979085885,0.09698553031471575,0.07926502979085885,0
Velocity3s,PERSISTENCE_EXHAUSTION,Directional_OR_Extension_Ticks_AtEntry,AUCTION_THEORY,0.07924957281048758,-0.07490705900440003,0.07924957281048758,0
Delta2s,FLOW_BURST_QUALITY,PreBurst_Price_Per_Delta_3s,EFFORT_VS_RESULT,0.07922262930435078,0.013974052963326563,0.07922262930435078,0
Nearest_OR_Edge_Retest_Count_AtEntry,ACCEPTANCE_RECLAIM,signed_delta_1s,FLOW_BURST_QUALITY,0.07916927872913296,0.060218060778951386,0.07916927872913296,0
Prior_Closed_ATR5_Ticks_AtEntry,AUCTION_THEORY,mean_trade_size,FLOW_BURST_QUALITY,0.07912024252585889,0.03535494969684327,0.07912024252585889,0
Dist_OR_High_Ticks,AUCTION_THEORY,PreBurst_Acceptance_Dwell_Ratio_5s,ACCEPTANCE_RECLAIM,-0.07911013076458687,-0.18742869625789518,0.07911013076458687,0
Velocity5s,PERSISTENCE_EXHAUSTION,Profile_Excess_Kurtosis,AUCTION_THEORY,0.0790486149445522,0.07972239207931416,0.0790486149445522,0
DeltaPercentile,FLOW_BURST_QUALITY,Previous_Volume_AtEntry,FLOW_BURST_QUALITY,-0.07899011731719303,-0.20139847299095248,0.07899011731719303,0
ContractsPerSecond,FLOW_BURST_QUALITY,execution_side_sign,OTHER_CAUSAL_CONTEXT,0.07895621868096118,0.10660872792518496,0.07895621868096118,0
PreBurst_Path_Efficiency_10s,TEMPORAL_SEQUENCE,Prior_Closed_ATR5_Ticks_AtEntry,AUCTION_THEORY,-0.07895394813135322,-0.10536615092337016,0.07895394813135322,0
PreBurst_Price_Per_Volume_3s,EFFORT_VS_RESULT,Profile_Excess_Kurtosis,AUCTION_THEORY,0.07894215796036422,0.17076715616058877,0.07894215796036422,0
signed_delta_1s,FLOW_BURST_QUALITY,signed_velocity_1s,PERSISTENCE_EXHAUSTION,0.07889496277129415,0.22164858939569493,0.07889496277129415,0
Delta5s,FLOW_BURST_QUALITY,DeltaPercentile,FLOW_BURST_QUALITY,-0.07888175224382907,-0.05446459709831893,0.07888175224382907,0
Delta1s,FLOW_BURST_QUALITY,velocity_consistency,PERSISTENCE_EXHAUSTION,0.07874646372797636,0.07645592927882675,0.07874646372797636,0
Nearest_OR_Edge_Retest_Count_AtEntry,ACCEPTANCE_RECLAIM,mean_trade_size,FLOW_BURST_QUALITY,0.07872906439807704,-0.059552884285503115,0.07872906439807704,0
Prior_Closed_ATR3_Ticks_AtEntry,AUCTION_THEORY,Nearest_OR_Edge_Acceptance_Ratio3_AtEntry,ACCEPTANCE_RECLAIM,0.07869169058242752,-0.0010124610578777008,0.07869169058242752,0
PreEntry_Range_Compression3_AtEntry,OTHER_CAUSAL_CONTEXT,absorption_pressure_1s,EFFORT_VS_RESULT,0.07869097355644558,-0.015081579070628242,0.07869097355644558,0
Cumulative_Delta_AtEntry,FLOW_BURST_QUALITY,Nearest_OR_Edge_Acceptance_Ratio3_AtEntry,ACCEPTANCE_RECLAIM,-0.07866958351385163,-0.11760091109636858,0.07866958351385163,0
Acceleration1s,PERSISTENCE_EXHAUSTION,Score_AtEntry,OTHER_CAUSAL_CONTEXT,0.07863652264806575,0.029152418767516126,0.07863652264806575,0
signed_delta_change_1s,FLOW_BURST_QUALITY,execution_side_sign,OTHER_CAUSAL_CONTEXT,0.07860821509187921,0.08109957510952019,0.07860821509187921,0
CumulativeDeltaWindow,FLOW_BURST_QUALITY,PreBurst_Impulse_Decay_Slope_5s,PERSISTENCE_EXHAUSTION,-0.07833970005751166,0.0032524827292987235,0.07833970005751166,0
Delta3s,FLOW_BURST_QUALITY,PreBurst_Impulse_Decay_Slope_5s,PERSISTENCE_EXHAUSTION,-0.07833970005751166,0.0032524827292987235,0.07833970005751166,0
Delta3s,FLOW_BURST_QUALITY,velocity_consistency,PERSISTENCE_EXHAUSTION,0.0783275457261121,0.07054164577542357,0.0783275457261121,0
CumulativeDeltaWindow,FLOW_BURST_QUALITY,velocity_consistency,PERSISTENCE_EXHAUSTION,0.0783275457261121,0.07054164577542357,0.0783275457261121,0
Velocity5s,PERSISTENCE_EXHAUSTION,PreBurst_Acceptance_Dwell_Ratio_5s,ACCEPTANCE_RECLAIM,-0.07825455640414765,-0.05275294316131991,0.07825455640414765,0
Sell_Imbalance_Count_AtEntry,FLOW_BURST_QUALITY,Nearest_OR_Edge_Retest_Count_AtEntry,ACCEPTANCE_RECLAIM,0.0782537425920708,0.07325707000159354,0.0782537425920708,0
Profile_Skewness,AUCTION_THEORY,Signed_Delta_Share_AtEntry,FLOW_BURST_QUALITY,0.078185021906508,0.07370231980886667,0.078185021906508,0
PreBurst_Path_Efficiency_10s,TEMPORAL_SEQUENCE,month_index,TIME_REGIME,-0.07818023267077724,-0.06985153642133116,0.07818023267077724,0
TradesPerSecond,TIME_REGIME,PreEntry_Directional_Delta_Share3_AtEntry,FLOW_BURST_QUALITY,0.07812998304483075,0.005513759547849956,0.07812998304483075,0
PreBurst_Reclaim_Count_10s,ACCEPTANCE_RECLAIM,Buy_Imbalance_Count_AtEntry,FLOW_BURST_QUALITY,0.07808745335359794,-0.009053309948879068,0.07808745335359794,0
Delta5s,FLOW_BURST_QUALITY,PreEntry_Directional_Efficiency3_AtEntry,OTHER_CAUSAL_CONTEXT,-0.07798791841901274,-0.13567010767722307,0.07798791841901274,0
Dist_VAL_Ticks,AUCTION_THEORY,Volume_AtEntry,FLOW_BURST_QUALITY,0.07794851569450727,0.09562928678910113,0.07794851569450727,0
Profile_Excess_Kurtosis,AUCTION_THEORY,mean_trade_size,FLOW_BURST_QUALITY,-0.07793372561712622,-0.14409497169182714,0.07793372561712622,0
Dist_OR_High_Ticks,AUCTION_THEORY,BreakOut_TICKS_PER_SEC_AtEntry,OTHER_CAUSAL_CONTEXT,-0.07792882956106836,-0.02342200746409064,0.07792882956106836,0
Delta1s,FLOW_BURST_QUALITY,PreBurst_Price_Per_Delta_3s,EFFORT_VS_RESULT,0.07791985396322738,0.016537046264946592,0.07791985396322738,0
PreBurst_Path_Efficiency_10s,TEMPORAL_SEQUENCE,Buy_Imbalance_Count_AtEntry,FLOW_BURST_QUALITY,0.07788283633149634,0.06472815275658422,0.07788283633149634,0
PreEntry_Range_Compression3_AtEntry,OTHER_CAUSAL_CONTEXT,burst_efficiency_score,EFFORT_VS_RESULT,-0.07773419326777578,-0.08654414450167668,0.07773419326777578,0
PreBurst_Rotation_Index_10s,TEMPORAL_SEQUENCE,profile_confluence_4t,AUCTION_THEORY,0.07758272530953056,0.07207980499579329,0.07758272530953056,0
Acceleration1s,PERSISTENCE_EXHAUSTION,delta_persistence_1_3,PERSISTENCE_EXHAUSTION,0.07758012485737566,0.07630402574712675,0.07758012485737566,0
PreBurst_Impulse_Survival_Seconds,AUCTION_THEORY,price_impact_per_100_contracts,EFFORT_VS_RESULT,0.07756610755010805,0.05363351387306495,0.07756610755010805,0
CumulativeDeltaWindow,FLOW_BURST_QUALITY,Nearest_OR_Edge_Distance_Ticks_AtEntry,AUCTION_THEORY,-0.07752337996555046,-0.07109894477373324,0.07752337996555046,0
CumulativeDeltaWindow,FLOW_BURST_QUALITY,distance_nearest_or_edge_ticks,AUCTION_THEORY,-0.07752337996555046,-0.07109894477373326,0.07752337996555046,0
Delta3s,FLOW_BURST_QUALITY,distance_nearest_or_edge_ticks,AUCTION_THEORY,-0.07752337996555046,-0.07109894477373326,0.07752337996555046,0
Delta3s,FLOW_BURST_QUALITY,Nearest_OR_Edge_Distance_Ticks_AtEntry,AUCTION_THEORY,-0.07752337996555046,-0.07109894477373324,0.07752337996555046,0
distance_nearest_profile_reference_ticks,AUCTION_THEORY,signed_delta_decay_1_5,PERSISTENCE_EXHAUSTION,0.077509594564107,0.03156198265924086,0.077509594564107,0
Profile_Skewness,AUCTION_THEORY,BreakOut_TICKS_PER_SEC_AtEntry,OTHER_CAUSAL_CONTEXT,-0.0774917988600021,-0.0853626378087348,0.0774917988600021,0
ContractsPerSecond,FLOW_BURST_QUALITY,directional_poc_distance,AUCTION_THEORY,0.07736724118017249,0.03754988296192676,0.07736724118017249,0
Nearest_OR_Edge_Acceptance_Ratio3_AtEntry,ACCEPTANCE_RECLAIM,weekday_index,TIME_REGIME,0.07734803561386062,0.06881022482354288,0.07734803561386062,0
PreBurst_Impulse_Survival_Seconds,AUCTION_THEORY,Cumulative_Delta_AtEntry,FLOW_BURST_QUALITY,0.07733783510849758,0.09085730516332789,0.07733783510849758,0
Dist_LVN_Ticks,AUCTION_THEORY,execution_cvd_alignment,OTHER_CAUSAL_CONTEXT,-0.07719772237266755,-0.07463823396975929,0.07719772237266755,0
Dist_HVN_Ticks,AUCTION_THEORY,Cumulative_Delta_AtEntry,FLOW_BURST_QUALITY,0.07718101285381641,0.08375617461283831,0.07718101285381641,0
Profile_Std_Ticks,AUCTION_THEORY,distance_nearest_profile_reference_ticks,AUCTION_THEORY,0.07716534156961496,0.05144665059553689,0.07716534156961496,0
Profile_Effective_Nodes,AUCTION_THEORY,velocity_consistency,PERSISTENCE_EXHAUSTION,-0.07715103496683944,-0.03627775814516742,0.07715103496683944,0
Delta_AtEntry,FLOW_BURST_QUALITY,signed_delta_1s,FLOW_BURST_QUALITY,-0.07710314664704651,-0.07999439614646277,0.07710314664704651,0
PreBurst_Rotation_Index_10s,TEMPORAL_SEQUENCE,Nearest_OR_Edge_Retest_Count_AtEntry,ACCEPTANCE_RECLAIM,0.0770744107383067,0.1434557163798215,0.0770744107383067,0
signed_velocity_3s,PERSISTENCE_EXHAUSTION,acceleration_velocity_ratio,PERSISTENCE_EXHAUSTION,0.076940510663265,0.2025976885618685,0.076940510663265,0
PeakPositiveDelta,FLOW_BURST_QUALITY,PreEntry_Directional_Delta_Share3_AtEntry,FLOW_BURST_QUALITY,0.07690444376259001,-0.021578108771086624,0.07690444376259001,0
Dist_VAL_Ticks,AUCTION_THEORY,Body_AtEntry,OTHER_CAUSAL_CONTEXT,-0.07673054888709012,0.04140843209686696,0.07673054888709012,0
PreBurst_Acceptance_Dwell_Ratio_5s,ACCEPTANCE_RECLAIM,PreBurst_Price_Per_Volume_3s,EFFORT_VS_RESULT,-0.07668548169354081,-0.01644683652931226,0.07668548169354081,0
Dist_LVN_Ticks,AUCTION_THEORY,PreBurst_Impulse_Decay_Slope_5s,PERSISTENCE_EXHAUSTION,0.07664425665701377,0.06461736945209191,0.07664425665701377,0
Dist_OR_Low_Ticks,AUCTION_THEORY,Profile_Local_Maxima_Count,AUCTION_THEORY,0.07661629412173204,0.20827665584240043,0.07661629412173204,0
Acceleration3s,PERSISTENCE_EXHAUSTION,Nearest_OR_Edge_Acceptance_Ratio3_AtEntry,ACCEPTANCE_RECLAIM,-0.07658402627110954,-0.02982648770229552,0.07658402627110954,0
PreEntry_Directional_Efficiency3_AtEntry,OTHER_CAUSAL_CONTEXT,signed_velocity_3s,PERSISTENCE_EXHAUSTION,-0.07650112750703174,-0.12180830954884517,0.07650112750703174,0
PreEntry_Range_Compression3_AtEntry,OTHER_CAUSAL_CONTEXT,mean_trade_size,FLOW_BURST_QUALITY,-0.07647715897979519,-0.08021124285357406,0.07647715897979519,0
Dist_LVN_Ticks,AUCTION_THEORY,price_impact_per_100_contracts,EFFORT_VS_RESULT,0.07644433408559569,0.06356179581129577,0.07644433408559569,0
Profile_Std_Ticks,AUCTION_THEORY,delta_share_of_volume,FLOW_BURST_QUALITY,-0.07641453800906965,-0.06536576760968563,0.07641453800906965,0
Seconds_From_Open_AtEntry,TIME_REGIME,flow_price_alignment,OTHER_CAUSAL_CONTEXT,0.07633161896079572,0.07316097595894673,0.07633161896079572,0
Delta10s,FLOW_BURST_QUALITY,acceleration_velocity_ratio,PERSISTENCE_EXHAUSTION,0.0762912569950337,0.1644577550507797,0.0762912569950337,0
CumulativeDeltaWindow,FLOW_BURST_QUALITY,directional_poc_distance,AUCTION_THEORY,-0.07627998022691158,-0.027703551633294937,0.07627998022691158,0
Delta3s,FLOW_BURST_QUALITY,directional_poc_distance,AUCTION_THEORY,-0.07627998022691158,-0.027703551633294937,0.07627998022691158,0
PeakPositiveDelta,FLOW_BURST_QUALITY,execution_cvd_alignment,OTHER_CAUSAL_CONTEXT,-0.07618149280292727,-0.061878631155067816,0.07618149280292727,0
BreakOut_TICKS_PER_SEC_AtEntry,OTHER_CAUSAL_CONTEXT,seconds_from_open,TIME_REGIME,-0.07615625000441441,-0.022542081661687932,0.07615625000441441,0
BreakOut_TICKS_PER_SEC_AtEntry,OTHER_CAUSAL_CONTEXT,minute_from_open,TIME_REGIME,-0.07615625000441441,-0.022542081661687682,0.07615625000441441,0
BreakOut_TICKS_PER_SEC_AtEntry,OTHER_CAUSAL_CONTEXT,Seconds_From_Open_AtEntry,TIME_REGIME,-0.07614735457776652,-0.022616880819848095,0.07614735457776652,0
delta_persistence_3_5,PERSISTENCE_EXHAUSTION,velocity_consistency,PERSISTENCE_EXHAUSTION,0.07603583289733626,-0.06422511959890481,0.07603583289733626,0
Dist_VAH_Ticks,AUCTION_THEORY,delta_persistence_3_5,PERSISTENCE_EXHAUSTION,0.07603579984301236,0.03363956784889469,0.07603579984301236,0
PreBurst_Price_Per_Delta_3s,EFFORT_VS_RESULT,PreEntry_Volume_Climax_Ratio_AtEntry,FLOW_BURST_QUALITY,-0.07597989584043144,-0.06074030536319013,0.07597989584043144,0
TradesPerSecond,TIME_REGIME,Directional_OR_Extension_Ticks_AtEntry,AUCTION_THEORY,-0.07594278343750106,-0.12176063231176562,0.07594278343750106,0
Dist_VAH_Ticks,AUCTION_THEORY,mean_trade_size,FLOW_BURST_QUALITY,-0.07581440236443562,-0.0021382981080656275,0.07581440236443562,0
DeltaChangeZScore,FLOW_BURST_QUALITY,BreakOut_TICKS_PER_SEC_AtEntry,OTHER_CAUSAL_CONTEXT,-0.07578555348907573,0.029949760578780977,0.07578555348907573,0
DeltaPercentile,FLOW_BURST_QUALITY,acceleration_velocity_ratio,PERSISTENCE_EXHAUSTION,0.0757714209214266,0.1584420961046587,0.0757714209214266,0
Directional_VWAP_Distance_Ticks_AtEntry,AUCTION_THEORY,Signed_Previous_Delta_Share_AtEntry,FLOW_BURST_QUALITY,-0.07576874096691665,-0.07299964069330703,0.07576874096691665,0
Profile_Excess_Kurtosis,AUCTION_THEORY,Previous_Volume_AtEntry,FLOW_BURST_QUALITY,-0.07573748420044173,-0.08371491183171753,0.07573748420044173,0
Profile_Skewness,AUCTION_THEORY,PreEntry_Volume_Climax_Ratio_AtEntry,FLOW_BURST_QUALITY,-0.0757188630886591,-0.11391850809090151,0.0757188630886591,0
Nearest_OR_Edge_Retest_Count_AtEntry,ACCEPTANCE_RECLAIM,signed_acceleration_1s,PERSISTENCE_EXHAUSTION,-0.07565380543515042,0.013106650520935658,0.07565380543515042,0
PreBurst_Acceptance_Dwell_Ratio_5s,ACCEPTANCE_RECLAIM,PreBurst_Impulse_Decay_Slope_5s,PERSISTENCE_EXHAUSTION,-0.07564038146720178,0.03728500041750327,0.07564038146720178,0
Acceleration1s,PERSISTENCE_EXHAUSTION,weekday_index,TIME_REGIME,-0.07562670374502296,-0.026061272669981175,0.07562670374502296,0
flow_price_alignment,OTHER_CAUSAL_CONTEXT,minute_from_open,TIME_REGIME,0.07559166509062501,0.07316418435217906,0.07559166509062501,0
flow_price_alignment,OTHER_CAUSAL_CONTEXT,seconds_from_open,TIME_REGIME,0.07559166509062501,0.07316418435217892,0.07559166509062501,0
DeltaChange1s,FLOW_BURST_QUALITY,distance_nearest_profile_reference_ticks,AUCTION_THEORY,-0.07542195161191968,-0.08445060517328734,0.07542195161191968,0
PreBurst_Rotation_Index_10s,TEMPORAL_SEQUENCE,velocity_consistency,PERSISTENCE_EXHAUSTION,-0.07536238154013444,-0.11471408586616083,0.07536238154013444,0
Cumulative_Delta_AtEntry,FLOW_BURST_QUALITY,distance_nearest_profile_reference_ticks,AUCTION_THEORY,-0.07534897417291944,-0.09383170618806161,0.07534897417291944,0
ContractsPerSecond,FLOW_BURST_QUALITY,Body_OR_Ratio_AtEntry,AUCTION_THEORY,0.07523080344197602,0.004239326082626731,0.07523080344197602,0
ContractsPerSecond,FLOW_BURST_QUALITY,Cumulative_Delta_AtEntry,FLOW_BURST_QUALITY,-0.07521114684505115,0.014023591459384217,0.07521114684505115,0
Sell_Imbalance_Count_AtEntry,FLOW_BURST_QUALITY,delta_share_of_volume,FLOW_BURST_QUALITY,0.07513863538846854,0.0831744874186284,0.07513863538846854,0
Cumulative_Delta_AtEntry,FLOW_BURST_QUALITY,signed_delta_change_1s,FLOW_BURST_QUALITY,0.07505972428923251,0.1095906666820762,0.07505972428923251,0
directional_vwap_distance,AUCTION_THEORY,distance_nearest_profile_reference_ticks,AUCTION_THEORY,-0.07505633720345183,-0.1352659783723763,0.07505633720345183,0
PreBurst_Rotation_Index_10s,TEMPORAL_SEQUENCE,distance_nearest_or_edge_ticks,AUCTION_THEORY,-0.0750250727451115,-0.07271961705905232,0.0750250727451115,0
PreBurst_Rotation_Index_10s,TEMPORAL_SEQUENCE,Nearest_OR_Edge_Distance_Ticks_AtEntry,AUCTION_THEORY,-0.0750250727451115,-0.0727196170590523,0.0750250727451115,0
Dist_LVN_Ticks,AUCTION_THEORY,delta_persistence_3_5,PERSISTENCE_EXHAUSTION,0.07499247209349152,0.10148864428852762,0.07499247209349152,0
Acceleration3s,PERSISTENCE_EXHAUSTION,velocity_consistency,PERSISTENCE_EXHAUSTION,0.07493793450738735,0.04607381246220791,0.07493793450738735,0
PreBurst_Rotation_Index_10s,TEMPORAL_SEQUENCE,burst_efficiency_score,EFFORT_VS_RESULT,0.07493026917107384,0.09273488809539368,0.07493026917107384,0
Profile_Normalized_Entropy,AUCTION_THEORY,signed_delta_decay_1_5,PERSISTENCE_EXHAUSTION,-0.07485449716470259,-0.14009929876570612,0.07485449716470259,0
Body_AtEntry,OTHER_CAUSAL_CONTEXT,month_index,TIME_REGIME,-0.07484269642568536,-0.1057569019134464,0.07484269642568536,0
DeltaPercentile,FLOW_BURST_QUALITY,Dist_POC_Ticks,AUCTION_THEORY,-0.07476369355694958,-0.14458135068029387,0.07476369355694958,0
PreBurst_Reclaim_Count_10s,ACCEPTANCE_RECLAIM,weekday_index,TIME_REGIME,0.07475929226584617,0.07178700524905388,0.07475929226584617,0
signed_velocity_1s,PERSISTENCE_EXHAUSTION,signed_delta_decay_1_5,PERSISTENCE_EXHAUSTION,-0.0746955653277359,-0.24237736493663278,0.0746955653277359,0
Acceleration1s,PERSISTENCE_EXHAUSTION,Nearest_OR_Edge_Acceptance_Ratio3_AtEntry,ACCEPTANCE_RECLAIM,-0.07468741629150706,-0.05640902842927093,0.07468741629150706,0
Profile_Skewness,AUCTION_THEORY,Buy_Imbalance_Count_AtEntry,FLOW_BURST_QUALITY,0.07465864177288985,0.13731822839554808,0.07465864177288985,0
Acceleration1s,PERSISTENCE_EXHAUSTION,PreEntry_Directional_Efficiency3_AtEntry,OTHER_CAUSAL_CONTEXT,-0.07460148720725031,-0.0951635016221619,0.07460148720725031,0
Delta2s,FLOW_BURST_QUALITY,Prior_Closed_ATR3_Ticks_AtEntry,AUCTION_THEORY,-0.07457866091969328,-0.03751505228337882,0.07457866091969328,0
Cumulative_Delta_AtEntry,FLOW_BURST_QUALITY,mean_trade_size,FLOW_BURST_QUALITY,0.0745196166781464,0.15566443485550496,0.0745196166781464,0
distance_nearest_profile_reference_ticks,AUCTION_THEORY,signed_velocity_decay_1_5,PERSISTENCE_EXHAUSTION,0.0744523182694464,0.0518102442262077,0.0744523182694464,0
Score_AtEntry,OTHER_CAUSAL_CONTEXT,flow_price_alignment,OTHER_CAUSAL_CONTEXT,0.074411354435673,0.1258666929276315,0.074411354435673,0
delta_persistence_1_3,PERSISTENCE_EXHAUSTION,distance_nearest_or_edge_ticks,AUCTION_THEORY,0.07436174048447819,0.074788292770942,0.07436174048447819,0
Nearest_OR_Edge_Distance_Ticks_AtEntry,AUCTION_THEORY,delta_persistence_1_3,PERSISTENCE_EXHAUSTION,0.07436174048447819,0.07478829277094196,0.07436174048447819,0
Nearest_OR_Edge_Acceptance_Ratio3_AtEntry,ACCEPTANCE_RECLAIM,signed_acceleration_1s,PERSISTENCE_EXHAUSTION,-0.07434093759218731,-0.043047722721610795,0.07434093759218731,0
Body_OR_Ratio_AtEntry,AUCTION_THEORY,delta_share_of_volume,FLOW_BURST_QUALITY,-0.07429641298380245,-0.024531791446564952,0.07429641298380245,0
Velocity5s,PERSISTENCE_EXHAUSTION,Nearest_OR_Edge_Acceptance_Ratio3_AtEntry,ACCEPTANCE_RECLAIM,-0.07425418044195356,-0.07343615813467558,0.07425418044195356,0
Delta_Change_AtEntry,FLOW_BURST_QUALITY,distance_nearest_or_edge_ticks,AUCTION_THEORY,0.0742093152808807,0.087147892899443,0.0742093152808807,0
Delta_Change_AtEntry,FLOW_BURST_QUALITY,Nearest_OR_Edge_Distance_Ticks_AtEntry,AUCTION_THEORY,0.0742093152808807,0.08714789289944298,0.0742093152808807,0
PreBurst_Reclaim_Count_10s,ACCEPTANCE_RECLAIM,Delta_AtEntry,FLOW_BURST_QUALITY,0.07411857120282515,0.07593095290347544,0.07411857120282515,0
Velocity3s,PERSISTENCE_EXHAUSTION,PreBurst_Path_Efficiency_10s,TEMPORAL_SEQUENCE,0.07410158671747517,0.061251433480095874,0.07410158671747517,0
Delta_Change_AtEntry,FLOW_BURST_QUALITY,Seconds_From_Open_AtEntry,TIME_REGIME,0.07408358752497933,0.032894122358289944,0.07408358752497933,0
Delta_AtEntry,FLOW_BURST_QUALITY,signed_delta_decay_1_5,PERSISTENCE_EXHAUSTION,0.0739970931167638,0.08488090791802722,0.0739970931167638,0
PreBurst_Path_Efficiency_10s,TEMPORAL_SEQUENCE,Signed_Previous_Delta_Share_AtEntry,FLOW_BURST_QUALITY,-0.07397338277934994,-0.08908597504296263,0.07397338277934994,0
Dist_POC_Ticks,AUCTION_THEORY,Signed_Previous_Delta_Share_AtEntry,FLOW_BURST_QUALITY,0.07391485636431434,-0.0037325824171750613,0.07391485636431434,0
BuySellRatio,OTHER_CAUSAL_CONTEXT,weekday_index,TIME_REGIME,-0.07388842022112073,-0.028495162335503685,0.07388842022112073,0
Delta10s,FLOW_BURST_QUALITY,Nearest_OR_Edge_Acceptance_Ratio3_AtEntry,ACCEPTANCE_RECLAIM,-0.07383572255058707,-0.05500715885688795,0.07383572255058707,0
Dist_VAH_Ticks,AUCTION_THEORY,distance_nearest_profile_reference_ticks,AUCTION_THEORY,0.07377170120346756,0.06945231886817824,0.07377170120346756,0
PreEntry_Volume_Climax_Ratio_AtEntry,FLOW_BURST_QUALITY,delta_persistence_1_3,PERSISTENCE_EXHAUSTION,-0.07374759904218199,-0.03465526546754093,0.07374759904218199,0
Delta_Change_AtEntry,FLOW_BURST_QUALITY,seconds_from_open,TIME_REGIME,0.07373476623258747,0.032827528135953986,0.07373476623258747,0
Delta_Change_AtEntry,FLOW_BURST_QUALITY,minute_from_open,TIME_REGIME,0.07373476623258747,0.032827528135953965,0.07373476623258747,0
PreBurst_Acceptance_Dwell_Ratio_5s,ACCEPTANCE_RECLAIM,PreBurst_Price_Per_Delta_3s,EFFORT_VS_RESULT,-0.07370166669966084,0.01780152537786365,0.07370166669966084,0
TradesPerSecond,TIME_REGIME,Acceleration3s,PERSISTENCE_EXHAUSTION,-0.07369813150317318,0.0038544638583948346,0.07369813150317318,0
PreBurst_Price_Per_Delta_3s,EFFORT_VS_RESULT,Delta_Change_AtEntry,FLOW_BURST_QUALITY,-0.07363669055575943,-0.09074638986887688,0.07363669055575943,0
Profile_Position_Percentile,AUCTION_THEORY,flow_price_alignment,OTHER_CAUSAL_CONTEXT,0.07362288772130332,0.10873229881886429,0.07362288772130332,0
Cumulative_Delta_AtEntry,FLOW_BURST_QUALITY,Previous_Volume_AtEntry,FLOW_BURST_QUALITY,-0.07354774770729383,-0.0915713408799753,0.07354774770729383,0
PreBurst_Rotation_Index_10s,TEMPORAL_SEQUENCE,execution_cvd_alignment,OTHER_CAUSAL_CONTEXT,0.07344087626176128,0.08440840985009747,0.07344087626176128,0
PreBurst_Price_Per_Volume_3s,EFFORT_VS_RESULT,acceleration_velocity_ratio,PERSISTENCE_EXHAUSTION,0.07338167807233573,0.17755417914775296,0.07338167807233573,0
Delta10s,FLOW_BURST_QUALITY,PreEntry_Directional_Efficiency3_AtEntry,OTHER_CAUSAL_CONTEXT,-0.07336156287758193,-0.13151034871096998,0.07336156287758193,0
DeltaChange1s,FLOW_BURST_QUALITY,weekday_index,TIME_REGIME,-0.0733381948585526,-0.08105202355869943,0.0733381948585526,0
Delta3s,FLOW_BURST_QUALITY,Seconds_From_Open_AtEntry,TIME_REGIME,-0.07329538100357992,-0.11694676630214759,0.07329538100357992,0
CumulativeDeltaWindow,FLOW_BURST_QUALITY,Seconds_From_Open_AtEntry,TIME_REGIME,-0.07329538100357992,-0.11694676630214759,0.07329538100357992,0
Acceleration1s,PERSISTENCE_EXHAUSTION,PreEntry_Volume_Climax_Ratio_AtEntry,FLOW_BURST_QUALITY,-0.07325261648987905,-0.11636777872836658,0.07325261648987905,0
PreEntry_Range_Compression3_AtEntry,OTHER_CAUSAL_CONTEXT,vwap_poc_spread_ticks,AUCTION_THEORY,-0.07320757643315653,-0.08718892684025481,0.07320757643315653,0
Delta_AtEntry,FLOW_BURST_QUALITY,Directional_VWAP_Distance_Ticks_AtEntry,AUCTION_THEORY,-0.07318472347095466,-0.07519748920153155,0.07318472347095466,0
Profile_Position_Percentile,AUCTION_THEORY,price_impact_per_100_contracts,EFFORT_VS_RESULT,-0.07318442361433387,-0.04249837951576745,0.07318442361433387,0
Directional_VWAP_Distance_Ticks_AtEntry,AUCTION_THEORY,flow_price_alignment,OTHER_CAUSAL_CONTEXT,0.07302028368541835,0.07410170649239087,0.07302028368541835,0
directional_poc_distance,AUCTION_THEORY,signed_delta_decay_1_5,PERSISTENCE_EXHAUSTION,0.07297941010439485,0.01437590722441589,0.07297941010439485,0
Profile_Std_Ticks,AUCTION_THEORY,Profile_Skewness,AUCTION_THEORY,-0.07296117128301725,-0.06415330068304473,0.07296117128301725,0
Prior_Closed_ATR3_Ticks_AtEntry,AUCTION_THEORY,PreEntry_Range_Compression3_AtEntry,OTHER_CAUSAL_CONTEXT,0.0729539329149218,0.002196549169966917,0.0729539329149218,0
TradesPerSecond,TIME_REGIME,PreBurst_Rotation_Index_10s,TEMPORAL_SEQUENCE,-0.07294705451150367,0.0005990169460077689,0.07294705451150367,0
Delta2s,FLOW_BURST_QUALITY,Profile_Skewness,AUCTION_THEORY,0.07277689482288595,0.12087261465568928,0.07277689482288595,0
Directional_OR_Extension_Ticks_AtEntry,AUCTION_THEORY,signed_delta_1s,FLOW_BURST_QUALITY,0.07275081039815331,-0.035443521470135596,0.07275081039815331,0
Delta3s,FLOW_BURST_QUALITY,seconds_from_open,TIME_REGIME,-0.07271098341036449,-0.11698179967045451,0.07271098341036449,0
Delta3s,FLOW_BURST_QUALITY,minute_from_open,TIME_REGIME,-0.07271098341036449,-0.1169817996704545,0.07271098341036449,0
CumulativeDeltaWindow,FLOW_BURST_QUALITY,seconds_from_open,TIME_REGIME,-0.07271098341036449,-0.11698179967045451,0.07271098341036449,0
CumulativeDeltaWindow,FLOW_BURST_QUALITY,minute_from_open,TIME_REGIME,-0.07271098341036449,-0.1169817996704545,0.07271098341036449,0
Signed_Delta_Share_AtEntry,FLOW_BURST_QUALITY,execution_cvd_alignment,OTHER_CAUSAL_CONTEXT,0.07262043086050045,0.08410284954064208,0.07262043086050045,0
Dist_OR_High_Ticks,AUCTION_THEORY,PreBurst_Reclaim_Count_10s,ACCEPTANCE_RECLAIM,-0.07255070156798292,-0.017276329262483587,0.07255070156798292,0
Profile_Skewness,AUCTION_THEORY,Score_AtEntry,OTHER_CAUSAL_CONTEXT,0.07253414472918765,0.04266198014701699,0.07253414472918765,0
BuySellRatio,OTHER_CAUSAL_CONTEXT,velocity_consistency,PERSISTENCE_EXHAUSTION,0.0725231307380888,0.012131589970436556,0.0725231307380888,0
PreBurst_Reclaim_Count_10s,ACCEPTANCE_RECLAIM,Volume_AtEntry,FLOW_BURST_QUALITY,0.07250801702024456,0.0445122927016761,0.07250801702024456,0
DeltaChange1s,FLOW_BURST_QUALITY,Profile_Skewness,AUCTION_THEORY,0.07244327763137842,0.11660354202175391,0.07244327763137842,0
Profile_Normalized_Entropy,AUCTION_THEORY,Signed_Previous_Delta_Share_AtEntry,FLOW_BURST_QUALITY,0.07239147290344151,0.08872276522526576,0.07239147290344151,0
Profile_Excess_Kurtosis,AUCTION_THEORY,signed_velocity_decay_1_5,PERSISTENCE_EXHAUSTION,-0.0723416143761737,-0.10946517148081439,0.0723416143761737,0
execution_side_sign,OTHER_CAUSAL_CONTEXT,signed_delta_decay_1_5,PERSISTENCE_EXHAUSTION,-0.07232963072131397,-0.08022667838929723,0.07232963072131397,0
PeakNegativeDelta,FLOW_BURST_QUALITY,PreEntry_Volume_Climax_Ratio_AtEntry,FLOW_BURST_QUALITY,-0.07231001739391689,-0.08336500412780669,0.07231001739391689,0
PreEntry_Directional_Delta_Share3_AtEntry,FLOW_BURST_QUALITY,distance_nearest_profile_reference_ticks,AUCTION_THEORY,-0.07228825588402149,-0.004697652811497922,0.07228825588402149,0
PreBurst_Rotation_Index_10s,TEMPORAL_SEQUENCE,absorption_pressure_1s,EFFORT_VS_RESULT,-0.07225684488528067,0.10085636567566764,0.07225684488528067,0
ContractsPerSecond,FLOW_BURST_QUALITY,PreBurst_Reclaim_Count_10s,ACCEPTANCE_RECLAIM,-0.07221572985706869,-0.07861680023991957,0.07221572985706869,0
PreEntry_Volume_Climax_Ratio_AtEntry,FLOW_BURST_QUALITY,signed_velocity_decay_1_5,PERSISTENCE_EXHAUSTION,0.07219972022301495,0.012118603103395851,0.07219972022301495,0
PreBurst_Acceptance_Dwell_Ratio_5s,ACCEPTANCE_RECLAIM,absorption_pressure_1s,EFFORT_VS_RESULT,0.07214593098363,-0.08189386733408188,0.07214593098363,0
or_position_fraction,AUCTION_THEORY,signed_delta_decay_1_5,PERSISTENCE_EXHAUSTION,0.0721286139494875,0.08116303970301557,0.0721286139494875,0
Delta_Change_AtEntry,FLOW_BURST_QUALITY,directional_vwap_distance,AUCTION_THEORY,0.07211430406577735,0.10589057806097546,0.07211430406577735,0
Prior_Closed_ATR3_Ticks_AtEntry,AUCTION_THEORY,execution_cvd_alignment,OTHER_CAUSAL_CONTEXT,0.0720660594518563,0.03866701292398682,0.0720660594518563,0
Delta5s,FLOW_BURST_QUALITY,delta_persistence_3_5,PERSISTENCE_EXHAUSTION,-0.07205545840465902,-0.11408359607026665,0.07205545840465902,0
Profile_Position_Percentile,AUCTION_THEORY,velocity_consistency,PERSISTENCE_EXHAUSTION,0.07200926450467757,0.10899142392044911,0.07200926450467757,0
delta_share_of_volume,FLOW_BURST_QUALITY,distance_nearest_profile_reference_ticks,AUCTION_THEORY,-0.07198938791299311,-0.13212152502834804,0.07198938791299311,0
Directional_OR_Extension_Ticks_AtEntry,AUCTION_THEORY,execution_side_sign,OTHER_CAUSAL_CONTEXT,-0.07182860229630676,0.03030683297771907,0.07182860229630676,0
Dist_HVN_Ticks,AUCTION_THEORY,signed_delta_1s,FLOW_BURST_QUALITY,-0.07180757174431726,-0.03941300062300426,0.07180757174431726,0
Profile_Skewness,AUCTION_THEORY,Nearest_OR_Edge_Retest_Count_AtEntry,ACCEPTANCE_RECLAIM,-0.07173266415401786,-0.1186874334411298,0.07173266415401786,0
CumulativeDeltaWindow,FLOW_BURST_QUALITY,distance_nearest_profile_reference_ticks,AUCTION_THEORY,-0.07169339072230657,-0.0789576053526346,0.07169339072230657,0
Delta3s,FLOW_BURST_QUALITY,distance_nearest_profile_reference_ticks,AUCTION_THEORY,-0.07169339072230657,-0.0789576053526346,0.07169339072230657,0
PreBurst_Rotation_Index_10s,TEMPORAL_SEQUENCE,Sell_Imbalance_Count_AtEntry,FLOW_BURST_QUALITY,0.07166286013213875,0.10815849127720531,0.07166286013213875,0
Body_OR_Ratio_AtEntry,AUCTION_THEORY,month_index,TIME_REGIME,-0.07162572482609764,-0.05130265655312461,0.07162572482609764,0
PreBurst_Reclaim_Count_10s,ACCEPTANCE_RECLAIM,Delta_Change_AtEntry,FLOW_BURST_QUALITY,0.0716224777186755,0.0770182093069968,0.0716224777186755,0
Volume_AtEntry,FLOW_BURST_QUALITY,directional_vwap_distance,AUCTION_THEORY,-0.07161487179985244,-0.11460677064141359,0.07161487179985244,0
Dist_POC_Ticks,AUCTION_THEORY,Profile_Concentration,AUCTION_THEORY,0.07161066092977807,0.10030948207067271,0.07161066092977807,0
Delta2s,FLOW_BURST_QUALITY,Directional_OR_Extension_Ticks_AtEntry,AUCTION_THEORY,0.0715796085762688,-0.03543967761548875,0.0715796085762688,0
Profile_Skewness,AUCTION_THEORY,minute_from_open,TIME_REGIME,-0.07152154032774495,-0.14411682355613628,0.07152154032774495,0
Profile_Skewness,AUCTION_THEORY,seconds_from_open,TIME_REGIME,-0.07152154032774495,-0.14411682355613625,0.07152154032774495,0
Velocity3s,PERSISTENCE_EXHAUSTION,PreBurst_Acceptance_Dwell_Ratio_5s,ACCEPTANCE_RECLAIM,-0.07147431183785867,-0.045519899763086194,0.07147431183785867,0
DeltaChangeZScore,FLOW_BURST_QUALITY,DeltaPercentile,FLOW_BURST_QUALITY,-0.07146484799965197,-0.05706720393762665,0.07146484799965197,0
Acceleration1s,PERSISTENCE_EXHAUSTION,Dist_LVN_Ticks,AUCTION_THEORY,-0.0714580909069698,-0.03489051007155809,0.0714580909069698,0
Previous_Volume_AtEntry,FLOW_BURST_QUALITY,Signed_Previous_Delta_Share_AtEntry,FLOW_BURST_QUALITY,0.07142339916627168,0.048710658079461316,0.07142339916627168,0
Dist_LVN_Ticks,AUCTION_THEORY,velocity_consistency,PERSISTENCE_EXHAUSTION,-0.07136292621478996,-0.05972780134862575,0.07136292621478996,0
PreEntry_Range_Compression3_AtEntry,OTHER_CAUSAL_CONTEXT,execution_cvd_alignment,OTHER_CAUSAL_CONTEXT,0.07135013025518513,0.030184326213436582,0.07135013025518513,0
range,OTHER_CAUSAL_CONTEXT,Signed_Delta_Share_AtEntry,FLOW_BURST_QUALITY,0.0713012835699262,0.14065380424413762,0.0713012835699262,0
OR_WidthTicks,AUCTION_THEORY,Signed_Delta_Share_AtEntry,FLOW_BURST_QUALITY,0.0713012835699262,0.1406538042441377,0.0713012835699262,0
Profile_Concentration,AUCTION_THEORY,distance_nearest_profile_reference_ticks,AUCTION_THEORY,-0.07125205660037286,-0.08009510307465333,0.07125205660037286,0
DeltaChangeZScore,FLOW_BURST_QUALITY,Profile_Skewness,AUCTION_THEORY,0.07118883513849052,0.09952462478502505,0.07118883513849052,0
Dist_OR_Low_Ticks,AUCTION_THEORY,Profile_Excess_Kurtosis,AUCTION_THEORY,-0.0711755454900175,-0.038575768556403094,0.0711755454900175,0
Sell_Imbalance_Count_AtEntry,FLOW_BURST_QUALITY,PreEntry_Directional_Delta_Share3_AtEntry,FLOW_BURST_QUALITY,-0.07117415569058978,-0.005467503591842728,0.07117415569058978,0
PreBurst_Price_Per_Volume_3s,EFFORT_VS_RESULT,delta_share_of_volume,FLOW_BURST_QUALITY,0.07107431294253794,0.057929684238899826,0.07107431294253794,0
Cumulative_Delta_AtEntry,FLOW_BURST_QUALITY,PreEntry_Volume_Climax_Ratio_AtEntry,FLOW_BURST_QUALITY,-0.07106530560132761,-0.08124935581046065,0.07106530560132761,0
DeltaChange1s,FLOW_BURST_QUALITY,Signed_Delta_Share_AtEntry,FLOW_BURST_QUALITY,-0.07102274655520564,-0.035596509919326474,0.07102274655520564,0
Delta_Change_AtEntry,FLOW_BURST_QUALITY,execution_cvd_alignment,OTHER_CAUSAL_CONTEXT,-0.07097342523300125,-0.0913128610785025,0.07097342523300125,0
PeakNegativeDelta,FLOW_BURST_QUALITY,signed_velocity_1s,PERSISTENCE_EXHAUSTION,-0.07094904327717472,-0.03177745935103599,0.07094904327717472,0
DeltaChange1s,FLOW_BURST_QUALITY,PreBurst_Price_Per_Delta_3s,EFFORT_VS_RESULT,0.07091215585591167,0.019358907042116878,0.07091215585591167,0
Delta3s,FLOW_BURST_QUALITY,delta_share_of_volume,FLOW_BURST_QUALITY,0.07089219969428238,0.05204121145012627,0.07089219969428238,0
CumulativeDeltaWindow,FLOW_BURST_QUALITY,delta_share_of_volume,FLOW_BURST_QUALITY,0.07089219969428238,0.05204121145012627,0.07089219969428238,0
flow_price_alignment,OTHER_CAUSAL_CONTEXT,weekday_index,TIME_REGIME,0.07069415426014558,0.10144659655814811,0.07069415426014558,0
Delta5s,FLOW_BURST_QUALITY,PreEntry_Directional_Delta_Share3_AtEntry,FLOW_BURST_QUALITY,0.07065279631919012,-0.01148135390615584,0.07065279631919012,0
PeakNegativeDelta,FLOW_BURST_QUALITY,Directional_VWAP_Distance_Ticks_AtEntry,AUCTION_THEORY,-0.07063664226692111,-0.05184306110602936,0.07063664226692111,0
Profile_Std_Ticks,AUCTION_THEORY,weekday_index,TIME_REGIME,0.07055128763196751,0.06813806090974685,0.07055128763196751,0
Dist_LVN_Ticks,AUCTION_THEORY,absorption_pressure_1s,EFFORT_VS_RESULT,-0.07053961685805113,-0.04119078749842251,0.07053961685805113,0
Delta_AtEntry,FLOW_BURST_QUALITY,flow_price_alignment,OTHER_CAUSAL_CONTEXT,0.07048961976385437,0.057325816715896906,0.07048961976385437,0
PreBurst_Impulse_Decay_Slope_5s,PERSISTENCE_EXHAUSTION,PreEntry_Volume_Climax_Ratio_AtEntry,FLOW_BURST_QUALITY,-0.0704867386398151,0.007671968130406285,0.0704867386398151,0
DeltaPercentile,FLOW_BURST_QUALITY,BuySellRatio,OTHER_CAUSAL_CONTEXT,-0.07046066812366009,-0.017089662300076525,0.07046066812366009,0
Profile_Skewness,AUCTION_THEORY,month_index,TIME_REGIME,-0.07042033344029659,-0.03722960206715377,0.07042033344029659,0
Dist_VAH_Ticks,AUCTION_THEORY,signed_velocity_1s,PERSISTENCE_EXHAUSTION,-0.07037097305634918,-0.10279954743825084,0.07037097305634918,0
PeakPositiveDelta,FLOW_BURST_QUALITY,PreEntry_Directional_Efficiency3_AtEntry,OTHER_CAUSAL_CONTEXT,-0.07036176386025486,-0.16658850879199438,0.07036176386025486,0
PreBurst_Acceptance_Dwell_Ratio_5s,ACCEPTANCE_RECLAIM,burst_efficiency_score,EFFORT_VS_RESULT,-0.07035381019622225,0.014741027536162899,0.07035381019622225,0
PreBurst_Path_Efficiency_10s,TEMPORAL_SEQUENCE,vwap_poc_spread_ticks,AUCTION_THEORY,-0.07032423145441524,-0.1728531179406065,0.07032423145441524,0
Profile_Skewness,AUCTION_THEORY,Seconds_From_Open_AtEntry,TIME_REGIME,-0.07029838606104713,-0.1441430131828424,0.07029838606104713,0
PreBurst_Reclaim_Count_10s,ACCEPTANCE_RECLAIM,PreEntry_Volume_Climax_Ratio_AtEntry,FLOW_BURST_QUALITY,-0.0702293671727571,-0.092639469754147,0.0702293671727571,0
Dist_OR_High_Ticks,AUCTION_THEORY,Previous_Volume_AtEntry,FLOW_BURST_QUALITY,0.07022611595287158,0.06117814585489429,0.07022611595287158,0
Dist_HVN_Ticks,AUCTION_THEORY,PreEntry_Volume_Climax_Ratio_AtEntry,FLOW_BURST_QUALITY,0.07006669938976254,0.15676096210300372,0.07006669938976254,0
BuySellRatio,OTHER_CAUSAL_CONTEXT,PreBurst_Acceptance_Dwell_Ratio_5s,ACCEPTANCE_RECLAIM,-0.06996728895132637,-0.05479723586000765,0.06996728895132637,0
PreBurst_Local_Entropy_10s,TEMPORAL_SEQUENCE,Nearest_OR_Edge_Retest_Count_AtEntry,ACCEPTANCE_RECLAIM,0.06976207678334709,0.10299474699902683,0.06976207678334709,0
Buy_Imbalance_Count_AtEntry,FLOW_BURST_QUALITY,velocity_consistency,PERSISTENCE_EXHAUSTION,0.06959760789091073,0.036437255129008014,0.06959760789091073,0
Prior_Closed_ATR3_Ticks_AtEntry,AUCTION_THEORY,month_index,TIME_REGIME,0.06956857141062926,-0.02983822225048151,0.06956857141062926,0
BuySellRatio,OTHER_CAUSAL_CONTEXT,PreBurst_Reclaim_Count_10s,ACCEPTANCE_RECLAIM,0.06955662899243548,0.09056136206275812,0.06955662899243548,0
velocity_consistency,PERSISTENCE_EXHAUSTION,signed_delta_decay_1_5,PERSISTENCE_EXHAUSTION,0.06951924318178355,0.09339464770274797,0.06951924318178355,0
PeakPositiveDelta,FLOW_BURST_QUALITY,vwap_poc_spread_ticks,AUCTION_THEORY,0.06949105267231864,0.07737075231725302,0.06949105267231864,0
Delta5s,FLOW_BURST_QUALITY,PreBurst_Acceptance_Dwell_Ratio_5s,ACCEPTANCE_RECLAIM,-0.0694228853357083,-0.048027452531711944,0.0694228853357083,0
DeltaChange1s,FLOW_BURST_QUALITY,Score_AtEntry,OTHER_CAUSAL_CONTEXT,0.06933992932853494,0.037864967871715005,0.06933992932853494,0
PeakPositiveDelta,FLOW_BURST_QUALITY,PreBurst_Path_Efficiency_10s,TEMPORAL_SEQUENCE,-0.06933530062255537,0.012643128596891276,0.06933530062255537,0
Volume_AtEntry,FLOW_BURST_QUALITY,Delta_AtEntry,FLOW_BURST_QUALITY,0.0691862873263144,0.12496356784242976,0.0691862873263144,0
Delta10s,FLOW_BURST_QUALITY,distance_nearest_profile_reference_ticks,AUCTION_THEORY,-0.06916434445152404,-0.07564815748390208,0.06916434445152404,0
PreBurst_Local_Entropy_10s,TEMPORAL_SEQUENCE,Delta_AtEntry,FLOW_BURST_QUALITY,-0.06909169492199581,-0.07444230840254933,0.06909169492199581,0
DeltaPercentile,FLOW_BURST_QUALITY,Signed_Delta_Share_AtEntry,FLOW_BURST_QUALITY,-0.0690622945234429,-0.07149559772855875,0.0690622945234429,0
Profile_Position_Percentile,AUCTION_THEORY,signed_acceleration_1s,PERSISTENCE_EXHAUSTION,-0.0690393282649752,-0.014459032822770314,0.0690393282649752,0
signed_delta_change_1s,FLOW_BURST_QUALITY,profile_confluence_4t,AUCTION_THEORY,0.06902968360671483,0.08798855478467682,0.06902968360671483,0
Dist_OR_Low_Ticks,AUCTION_THEORY,absorption_pressure_1s,EFFORT_VS_RESULT,-0.06877429694127753,-0.11069366766130949,0.06877429694127753,0
Delta_Change_AtEntry,FLOW_BURST_QUALITY,PreEntry_Directional_Delta_Share3_AtEntry,FLOW_BURST_QUALITY,-0.06876386537062505,-0.005698834510122596,0.06876386537062505,0
DeltaChangeZScore,FLOW_BURST_QUALITY,weekday_index,TIME_REGIME,-0.06876132421369172,-0.06972797737984922,0.06876132421369172,0
PreBurst_Acceptance_Dwell_Ratio_5s,ACCEPTANCE_RECLAIM,Profile_Concentration,AUCTION_THEORY,-0.06875327389982423,-0.03514562450486598,0.06875327389982423,0
PreBurst_Reclaim_Count_10s,ACCEPTANCE_RECLAIM,delta_persistence_1_3,PERSISTENCE_EXHAUSTION,-0.06869623161116897,-0.09933263118929285,0.06869623161116897,0
velocity_consistency,PERSISTENCE_EXHAUSTION,distance_nearest_profile_reference_ticks,AUCTION_THEORY,-0.06867790121526207,0.0017230535207024837,0.06867790121526207,0
Profile_Excess_Kurtosis,AUCTION_THEORY,PreEntry_Directional_Delta_Share3_AtEntry,FLOW_BURST_QUALITY,0.06860936522659654,-0.019321248097531427,0.06860936522659654,0
Delta_Change_AtEntry,FLOW_BURST_QUALITY,month_index,TIME_REGIME,0.06853045045781833,0.08359564983046543,0.06853045045781833,0
weekday_index,TIME_REGIME,execution_side_sign,OTHER_CAUSAL_CONTEXT,0.06850136242160744,0.07071771793229632,0.06850136242160744,0
Body_AtEntry,OTHER_CAUSAL_CONTEXT,acceleration_velocity_ratio,PERSISTENCE_EXHAUSTION,0.06849409544885365,0.1315617864045355,0.06849409544885365,0
Signed_Delta_Share_AtEntry,FLOW_BURST_QUALITY,absorption_pressure_1s,EFFORT_VS_RESULT,0.06848921229696878,0.14827870751915032,0.06848921229696878,0
Profile_Skewness,AUCTION_THEORY,Profile_Concentration,AUCTION_THEORY,0.0684746778543602,0.059092823743018726,0.0684746778543602,0
Previous_Delta_AtEntry,FLOW_BURST_QUALITY,BreakOut_TICKS_PER_SEC_AtEntry,OTHER_CAUSAL_CONTEXT,-0.06847441150186478,0.027972681410579535,0.06847441150186478,0
Delta2s,FLOW_BURST_QUALITY,absorption_pressure_1s,EFFORT_VS_RESULT,-0.06844221633082402,-0.07949742913556102,0.06844221633082402,0
Dist_OR_Low_Ticks,AUCTION_THEORY,burst_efficiency_score,EFFORT_VS_RESULT,0.06841326657024076,0.09264502517850778,0.06841326657024076,0
Directional_VWAP_Distance_Ticks_AtEntry,AUCTION_THEORY,signed_velocity_decay_1_5,PERSISTENCE_EXHAUSTION,-0.0684110526144031,-0.03709556611951978,0.0684110526144031,0
Profile_Std_Ticks,AUCTION_THEORY,Signed_Delta_Share_AtEntry,FLOW_BURST_QUALITY,0.06832757152891189,0.07365223661485576,0.06832757152891189,0
delta_persistence_1_3,PERSISTENCE_EXHAUSTION,directional_vwap_distance,AUCTION_THEORY,0.06832143912681868,0.05503513589071617,0.06832143912681868,0
PeakPositiveDelta,FLOW_BURST_QUALITY,signed_acceleration_1s,PERSISTENCE_EXHAUSTION,0.06830062156195169,0.15293992870263648,0.06830062156195169,0
PreBurst_Acceptance_Dwell_Ratio_5s,ACCEPTANCE_RECLAIM,signed_delta_decay_1_5,PERSISTENCE_EXHAUSTION,0.06828987573711755,-0.008310301812428896,0.06828987573711755,0
Delta1s,FLOW_BURST_QUALITY,PreEntry_Range_Compression3_AtEntry,OTHER_CAUSAL_CONTEXT,0.06826960726275552,0.07343884515144397,0.06826960726275552,0
Dist_LVN_Ticks,AUCTION_THEORY,signed_velocity_3s,PERSISTENCE_EXHAUSTION,0.06818424732132237,0.06371099754665835,0.06818424732132237,0
Delta10s,FLOW_BURST_QUALITY,Seconds_From_Open_AtEntry,TIME_REGIME,-0.06816753983615016,-0.12281870534146068,0.06816753983615016,0
PreBurst_Impulse_Survival_Seconds,AUCTION_THEORY,delta_persistence_3_5,PERSISTENCE_EXHAUSTION,-0.06796388018456834,-0.0521661158790956,0.06796388018456834,0
PreBurst_Acceptance_Dwell_Ratio_5s,ACCEPTANCE_RECLAIM,execution_cvd_alignment,OTHER_CAUSAL_CONTEXT,0.06787720571382257,0.05573961337495573,0.06787720571382257,0
Dist_LVN_Ticks,AUCTION_THEORY,burst_efficiency_score,EFFORT_VS_RESULT,0.06779640224770475,0.07052742550358963,0.06779640224770475,0
PreBurst_Acceptance_Dwell_Ratio_5s,ACCEPTANCE_RECLAIM,liquidity_absorption_score,OTHER_CAUSAL_CONTEXT,0.06766374876344489,-0.08289634679472498,0.06766374876344489,0
ContractsPerSecond,FLOW_BURST_QUALITY,velocity_consistency,PERSISTENCE_EXHAUSTION,-0.06766042785554215,-0.0841747385655588,0.06766042785554215,0
Dist_OR_Low_Ticks,AUCTION_THEORY,Signed_Previous_Delta_Share_AtEntry,FLOW_BURST_QUALITY,0.06757502086240995,-0.00693004860877098,0.06757502086240995,0
Delta_AtEntry,FLOW_BURST_QUALITY,execution_cvd_alignment,OTHER_CAUSAL_CONTEXT,-0.06756827926171498,-0.068667362673771,0.06756827926171498,0
BuySellRatio,OTHER_CAUSAL_CONTEXT,flow_price_alignment,OTHER_CAUSAL_CONTEXT,0.06755160110460832,0.014345378653242369,0.06755160110460832,0
PreBurst_Rotation_Index_10s,TEMPORAL_SEQUENCE,Signed_Delta_Share_AtEntry,FLOW_BURST_QUALITY,0.0675467065011533,0.058662163634000924,0.0675467065011533,0
Dist_LVN_Ticks,AUCTION_THEORY,Directional_VWAP_Distance_Ticks_AtEntry,AUCTION_THEORY,0.06754155275723604,0.05087627273191413,0.06754155275723604,0
Delta1s,FLOW_BURST_QUALITY,acceleration_velocity_ratio,PERSISTENCE_EXHAUSTION,0.06748785227090272,0.14882908296970998,0.06748785227090272,0
PreBurst_Price_Per_Delta_3s,EFFORT_VS_RESULT,vwap_poc_spread_ticks,AUCTION_THEORY,0.06746479385896532,0.07201028948793585,0.06746479385896532,0
Delta10s,FLOW_BURST_QUALITY,seconds_from_open,TIME_REGIME,-0.06745953192015813,-0.12284910166488348,0.06745953192015813,0
Delta10s,FLOW_BURST_QUALITY,minute_from_open,TIME_REGIME,-0.06745953192015813,-0.12284910166488336,0.06745953192015813,0
ContractsPerSecond,FLOW_BURST_QUALITY,Profile_Skewness,AUCTION_THEORY,0.06745349219394925,0.01406701255959453,0.06745349219394925,0
PeakPositiveDelta,FLOW_BURST_QUALITY,distance_nearest_profile_reference_ticks,AUCTION_THEORY,-0.06741744237458219,-0.08138642876363492,0.06741744237458219,0
PreBurst_Impulse_Decay_Slope_5s,PERSISTENCE_EXHAUSTION,PreEntry_Directional_Delta_Share3_AtEntry,FLOW_BURST_QUALITY,0.06727254305381045,-0.021120725693518045,0.06727254305381045,0
PeakPositiveDelta,FLOW_BURST_QUALITY,burst_efficiency_score,EFFORT_VS_RESULT,-0.06725779121213354,-0.05089353981795947,0.06725779121213354,0
Dist_VAH_Ticks,AUCTION_THEORY,signed_delta_change_1s,FLOW_BURST_QUALITY,-0.06723323237838984,-0.06653253266157659,0.06723323237838984,0
Dist_OR_High_Ticks,AUCTION_THEORY,PreBurst_Price_Per_Delta_3s,EFFORT_VS_RESULT,-0.06706966740472098,-0.15558889080718827,0.06706966740472098,0
Dist_POC_Ticks,AUCTION_THEORY,signed_delta_decay_1_5,PERSISTENCE_EXHAUSTION,0.06705074977306587,0.09594415757538065,0.06705074977306587,0
Profile_Effective_Nodes,AUCTION_THEORY,delta_share_of_volume,FLOW_BURST_QUALITY,-0.06700907903229573,-0.05307907124448652,0.06700907903229573,0
Cumulative_Delta_AtEntry,FLOW_BURST_QUALITY,weekday_index,TIME_REGIME,0.06699765156777736,0.03900137284507241,0.06699765156777736,0
Delta5s,FLOW_BURST_QUALITY,vwap_poc_spread_ticks,AUCTION_THEORY,0.06698889264891737,0.03252353459444262,0.06698889264891737,0
ContractsPerSecond,FLOW_BURST_QUALITY,Volume_AtEntry,FLOW_BURST_QUALITY,0.06693124933086723,0.024289555894677458,0.06693124933086723,0
Dist_VWAP_Ticks,AUCTION_THEORY,Prior_Closed_ATR5_Ticks_AtEntry,AUCTION_THEORY,-0.06690979548971722,-0.05459753405625445,0.06690979548971722,0
Signed_Delta_Share_AtEntry,FLOW_BURST_QUALITY,burst_efficiency_score,EFFORT_VS_RESULT,-0.06683236719718313,-0.04500616365842639,0.06683236719718313,0
TicksPerSecond,TIME_REGIME,Prior_Closed_ATR3_Ticks_AtEntry,AUCTION_THEORY,-0.06668375167789206,-0.011052513484634213,0.06668375167789206,0
Velocity1s,PERSISTENCE_EXHAUSTION,Prior_Closed_ATR3_Ticks_AtEntry,AUCTION_THEORY,-0.06668375167789206,-0.011052513484634213,0.06668375167789206,0
Prior_Closed_ATR3_Ticks_AtEntry,AUCTION_THEORY,signed_delta_decay_1_5,PERSISTENCE_EXHAUSTION,0.06659587043662475,0.09856020823911668,0.06659587043662475,0
Cumulative_Delta_AtEntry,FLOW_BURST_QUALITY,Prior_Closed_ATR5_Ticks_AtEntry,AUCTION_THEORY,-0.06659081041491181,-0.020970432700876583,0.06659081041491181,0
PreEntry_Directional_Efficiency3_AtEntry,OTHER_CAUSAL_CONTEXT,burst_efficiency_score,EFFORT_VS_RESULT,0.066581291633581,0.0001760096300296094,0.066581291633581,0
Previous_Delta_AtEntry,FLOW_BURST_QUALITY,Prior_Closed_ATR3_Ticks_AtEntry,AUCTION_THEORY,-0.06653042536037124,-0.03571836934401791,0.06653042536037124,0
Dist_POC_Ticks,AUCTION_THEORY,signed_delta_1s,FLOW_BURST_QUALITY,-0.06646215681947125,-0.0971879250596401,0.06646215681947125,0
Delta1s,FLOW_BURST_QUALITY,Profile_Skewness,AUCTION_THEORY,0.06641372118217723,0.11960945504186606,0.06641372118217723,0
Velocity5s,PERSISTENCE_EXHAUSTION,Prior_Closed_ATR3_Ticks_AtEntry,AUCTION_THEORY,-0.06640885305238584,-0.011808354722123052,0.06640885305238584,0
Sell_Imbalance_Count_AtEntry,FLOW_BURST_QUALITY,directional_poc_distance,AUCTION_THEORY,-0.06638041345571874,-0.05250361375869385,0.06638041345571874,0
delta_persistence_1_3,PERSISTENCE_EXHAUSTION,seconds_from_open,TIME_REGIME,-0.06633221042126665,-0.10997527023434914,0.06633221042126665,0
delta_persistence_1_3,PERSISTENCE_EXHAUSTION,minute_from_open,TIME_REGIME,-0.06633221042126665,-0.10997527023434933,0.06633221042126665,0
Profile_Normalized_Entropy,AUCTION_THEORY,weekday_index,TIME_REGIME,0.06633161866795381,0.10994211725233093,0.06633161866795381,0
TradesPerSecond,TIME_REGIME,PreEntry_Directional_Efficiency3_AtEntry,OTHER_CAUSAL_CONTEXT,0.06631800254403249,0.014661825730592784,0.06631800254403249,0
Body_OR_Ratio_AtEntry,AUCTION_THEORY,signed_delta_decay_1_5,PERSISTENCE_EXHAUSTION,0.0662968181865641,0.01168937521477388,0.0662968181865641,0
PreBurst_Impulse_Survival_Seconds,AUCTION_THEORY,signed_delta_decay_1_5,PERSISTENCE_EXHAUSTION,0.06624610542687116,0.028011312560147255,0.06624610542687116,0
Acceleration3s,PERSISTENCE_EXHAUSTION,directional_poc_distance,AUCTION_THEORY,-0.06622851881456397,-0.032539679537414115,0.06622851881456397,0
Cumulative_Delta_AtEntry,FLOW_BURST_QUALITY,BreakOut_TICKS_PER_SEC_AtEntry,OTHER_CAUSAL_CONTEXT,0.06618819088197046,0.09909542936920139,0.06618819088197046,0
PreBurst_Reclaim_Count_10s,ACCEPTANCE_RECLAIM,Body_AtEntry,OTHER_CAUSAL_CONTEXT,-0.06613003939087889,-0.09424486159451223,0.06613003939087889,0
Previous_Delta_AtEntry,FLOW_BURST_QUALITY,velocity_consistency,PERSISTENCE_EXHAUSTION,-0.06612962055010674,-0.00570991809067719,0.06612962055010674,0
PreEntry_Directional_Efficiency3_AtEntry,OTHER_CAUSAL_CONTEXT,absorption_pressure_1s,EFFORT_VS_RESULT,-0.0661033304340198,0.040681098448741605,0.0661033304340198,0
Delta2s,FLOW_BURST_QUALITY,burst_efficiency_score,EFFORT_VS_RESULT,0.06606897828718435,0.024652384944064756,0.06606897828718435,0
Nearest_OR_Edge_Retest_Count_AtEntry,ACCEPTANCE_RECLAIM,profile_confluence_4t,AUCTION_THEORY,-0.06606757008739773,-0.10973858642472925,0.06606757008739773,0
Dist_VAL_Ticks,AUCTION_THEORY,PreEntry_Range_Compression3_AtEntry,OTHER_CAUSAL_CONTEXT,-0.06604866778822596,-0.0737325970297814,0.06604866778822596,0
Signed_Delta_Share_AtEntry,FLOW_BURST_QUALITY,price_impact_per_100_contracts,EFFORT_VS_RESULT,-0.0660303766530825,-0.01240634301491257,0.0660303766530825,0
PreBurst_Path_Efficiency_10s,TEMPORAL_SEQUENCE,execution_cvd_alignment,OTHER_CAUSAL_CONTEXT,-0.06600075075285503,-0.07631505993392308,0.06600075075285503,0
Dist_LVN_Ticks,AUCTION_THEORY,Volume_AtEntry,FLOW_BURST_QUALITY,-0.06599834711133376,-0.0491891669346601,0.06599834711133376,0
Acceleration1s,PERSISTENCE_EXHAUSTION,Previous_Volume_AtEntry,FLOW_BURST_QUALITY,0.0659799374409083,0.07242419885132079,0.0659799374409083,0
Velocity5s,PERSISTENCE_EXHAUSTION,Previous_Volume_AtEntry,FLOW_BURST_QUALITY,0.0659464386870225,0.04958072294928869,0.0659464386870225,0
PreBurst_Rotation_Index_10s,TEMPORAL_SEQUENCE,or_position_fraction,AUCTION_THEORY,-0.06594609092754049,-0.04118007063986768,0.06594609092754049,0
DeltaChangeZScore,FLOW_BURST_QUALITY,signed_velocity_1s,PERSISTENCE_EXHAUSTION,-0.06592453038447574,-0.011823763449524235,0.06592453038447574,0
Dist_OR_Low_Ticks,AUCTION_THEORY,velocity_consistency,PERSISTENCE_EXHAUSTION,0.06588639055479355,0.06932859663664408,0.06588639055479355,0
Profile_Skewness,AUCTION_THEORY,Profile_Effective_Nodes,AUCTION_THEORY,-0.06588466972045036,-0.06671637728268176,0.06588466972045036,0
PreEntry_Range_Compression3_AtEntry,OTHER_CAUSAL_CONTEXT,signed_acceleration_1s,PERSISTENCE_EXHAUSTION,-0.0658737269605465,-0.11216334743981282,0.0658737269605465,0
CumulativeDeltaWindow,FLOW_BURST_QUALITY,PreBurst_Acceptance_Dwell_Ratio_5s,ACCEPTANCE_RECLAIM,-0.06587321066608694,-0.04007875954713401,0.06587321066608694,0
Delta3s,FLOW_BURST_QUALITY,PreBurst_Acceptance_Dwell_Ratio_5s,ACCEPTANCE_RECLAIM,-0.06587321066608694,-0.04007875954713401,0.06587321066608694,0
directional_poc_distance,AUCTION_THEORY,vwap_poc_spread_ticks,AUCTION_THEORY,0.06574057629408826,0.03178838491613791,0.06574057629408826,0
PeakNegativeDelta,FLOW_BURST_QUALITY,Directional_OR_Extension_Ticks_AtEntry,AUCTION_THEORY,0.06572100501441919,-0.04551751042623916,0.06572100501441919,0
Dist_HVN_Ticks,AUCTION_THEORY,signed_velocity_decay_1_5,PERSISTENCE_EXHAUSTION,0.06568807674686362,0.07193737093082836,0.06568807674686362,0
PeakPositiveDelta,FLOW_BURST_QUALITY,absorption_pressure_1s,EFFORT_VS_RESULT,0.06567923441941266,-0.02207552091348709,0.06567923441941266,0
signed_velocity_1s,PERSISTENCE_EXHAUSTION,distance_nearest_profile_reference_ticks,AUCTION_THEORY,-0.06565206893901314,-0.05477182952318185,0.06565206893901314,0
Dist_HVN_Ticks,AUCTION_THEORY,PreBurst_Reclaim_Count_10s,ACCEPTANCE_RECLAIM,0.06564061176390681,-0.00576974409899322,0.06564061176390681,0
Profile_Excess_Kurtosis,AUCTION_THEORY,execution_side_sign,OTHER_CAUSAL_CONTEXT,-0.0655314064030937,-0.07943755720468232,0.0655314064030937,0
Dist_OR_High_Ticks,AUCTION_THEORY,vwap_poc_spread_ticks,AUCTION_THEORY,0.06550261379549685,-0.007013468161139993,0.06550261379549685,0
Body_AtEntry,OTHER_CAUSAL_CONTEXT,Seconds_From_Open_AtEntry,TIME_REGIME,0.06537507133325865,0.14459938911980263,0.06537507133325865,0
PreEntry_Directional_Delta_Share3_AtEntry,FLOW_BURST_QUALITY,delta_persistence_3_5,PERSISTENCE_EXHAUSTION,-0.0653451690239273,-0.09246965780801586,0.0653451690239273,0
ContractsPerSecond,FLOW_BURST_QUALITY,vwap_poc_spread_ticks,AUCTION_THEORY,-0.06533854661026031,0.004151219099017058,0.06533854661026031,0
Seconds_From_Open_AtEntry,TIME_REGIME,delta_persistence_1_3,PERSISTENCE_EXHAUSTION,-0.06527332429140952,-0.10993897573897407,0.06527332429140952,0
Velocity5s,PERSISTENCE_EXHAUSTION,directional_poc_distance,AUCTION_THEORY,-0.0652667907089619,-0.012628363712010959,0.0652667907089619,0
Dist_LVN_Ticks,AUCTION_THEORY,PreBurst_Impulse_Survival_Seconds,AUCTION_THEORY,-0.06525853371106968,-0.04530409121968774,0.06525853371106968,0
Acceleration3s,PERSISTENCE_EXHAUSTION,Body_AtEntry,OTHER_CAUSAL_CONTEXT,-0.06524429666782126,-0.03994201111306622,0.06524429666782126,0
Profile_Effective_Nodes,AUCTION_THEORY,execution_cvd_alignment,OTHER_CAUSAL_CONTEXT,0.06523750073514112,-0.002524781943917107,0.06523750073514112,0
Previous_Volume_AtEntry,FLOW_BURST_QUALITY,directional_vwap_distance,AUCTION_THEORY,-0.06523616725480774,-0.036778158251387465,0.06523616725480774,0
BuySellRatio,OTHER_CAUSAL_CONTEXT,Directional_OR_Extension_Ticks_AtEntry,AUCTION_THEORY,0.06522514471538177,0.04855780791658422,0.06522514471538177,0
PreBurst_Impulse_Survival_Seconds,AUCTION_THEORY,signed_velocity_1s,PERSISTENCE_EXHAUSTION,0.065196880235536,0.007192890252450886,0.065196880235536,0
Delta1s,FLOW_BURST_QUALITY,absorption_pressure_1s,EFFORT_VS_RESULT,-0.06519349554418802,-0.07356299514282967,0.06519349554418802,0
Body_AtEntry,OTHER_CAUSAL_CONTEXT,seconds_from_open,TIME_REGIME,0.06517560532424838,0.14462267347749666,0.06517560532424838,0
Body_AtEntry,OTHER_CAUSAL_CONTEXT,minute_from_open,TIME_REGIME,0.06517560532424838,0.14462267347749638,0.06517560532424838,0
Profile_Excess_Kurtosis,AUCTION_THEORY,signed_delta_decay_1_5,PERSISTENCE_EXHAUSTION,0.06516215621069134,0.11037387007330736,0.06516215621069134,0
Dist_OR_Low_Ticks,AUCTION_THEORY,signed_delta_decay_1_5,PERSISTENCE_EXHAUSTION,0.06512372017576967,0.030160925166307796,0.06512372017576967,0
DeltaPercentile,FLOW_BURST_QUALITY,Profile_Normalized_Entropy,AUCTION_THEORY,-0.06500588093497246,-0.06323477063281914,0.06500588093497246,0
Nearest_OR_Edge_Acceptance_Ratio3_AtEntry,ACCEPTANCE_RECLAIM,distance_nearest_profile_reference_ticks,AUCTION_THEORY,0.06497974759298278,0.05795732450700429,0.06497974759298278,0
PreBurst_Price_Per_Volume_3s,EFFORT_VS_RESULT,Profile_Position_Percentile,AUCTION_THEORY,-0.06495614068919531,-0.03077802003560232,0.06495614068919531,0
PreBurst_Path_Efficiency_10s,TEMPORAL_SEQUENCE,distance_nearest_or_edge_ticks,AUCTION_THEORY,0.06488661557863751,0.07624053606029224,0.06488661557863751,0
PreBurst_Path_Efficiency_10s,TEMPORAL_SEQUENCE,Nearest_OR_Edge_Distance_Ticks_AtEntry,AUCTION_THEORY,0.06488661557863751,0.07624053606029231,0.06488661557863751,0
Delta2s,FLOW_BURST_QUALITY,BreakOut_TICKS_PER_SEC_AtEntry,OTHER_CAUSAL_CONTEXT,-0.06488401770525788,0.05166309565354822,0.06488401770525788,0
DeltaPercentile,FLOW_BURST_QUALITY,Acceleration3s,PERSISTENCE_EXHAUSTION,-0.06484297099456172,-0.0899131592896097,0.06484297099456172,0
Acceleration1s,PERSISTENCE_EXHAUSTION,signed_acceleration_1s,PERSISTENCE_EXHAUSTION,-0.06481579752570284,-0.035086515801491386,0.06481579752570284,0
Seconds_From_Open_AtEntry,TIME_REGIME,or_position_fraction,AUCTION_THEORY,-0.06481331842927812,-0.12643850926486344,0.06481331842927812,0
PreEntry_Directional_Delta_Share3_AtEntry,FLOW_BURST_QUALITY,vwap_poc_spread_ticks,AUCTION_THEORY,-0.06473799722337917,0.043626358251149314,0.06473799722337917,0
Delta10s,FLOW_BURST_QUALITY,absorption_pressure_1s,EFFORT_VS_RESULT,-0.06472652625251077,-0.09089584526736583,0.06472652625251077,0
Sell_Imbalance_Count_AtEntry,FLOW_BURST_QUALITY,PreEntry_Volume_Climax_Ratio_AtEntry,FLOW_BURST_QUALITY,0.06472218165107231,0.0463724910675362,0.06472218165107231,0
Velocity1s,PERSISTENCE_EXHAUSTION,Body_AtEntry,OTHER_CAUSAL_CONTEXT,-0.06468654772976362,-0.017307216865691855,0.06468654772976362,0
TicksPerSecond,TIME_REGIME,Body_AtEntry,OTHER_CAUSAL_CONTEXT,-0.06468654772976362,-0.017307216865691855,0.06468654772976362,0
Dist_VAL_Ticks,AUCTION_THEORY,Previous_Volume_AtEntry,FLOW_BURST_QUALITY,0.06467034123336753,0.04213566825607522,0.06467034123336753,0
Profile_Std_Ticks,AUCTION_THEORY,month_index,TIME_REGIME,0.06466750399273602,-0.021496789285140587,0.06466750399273602,0
signed_delta_change_1s,FLOW_BURST_QUALITY,velocity_consistency,PERSISTENCE_EXHAUSTION,-0.0646345363830921,-0.10881400993689572,0.0646345363830921,0
Directional_VWAP_Distance_Ticks_AtEntry,AUCTION_THEORY,vwap_poc_spread_ticks,AUCTION_THEORY,0.06461749218716555,0.10665478205137598,0.06461749218716555,0
Delta1s,FLOW_BURST_QUALITY,delta_share_of_volume,FLOW_BURST_QUALITY,0.06460662133943143,0.051616875395282355,0.06460662133943143,0
signed_delta_1s,FLOW_BURST_QUALITY,directional_poc_distance,AUCTION_THEORY,-0.06459230923276485,-0.026390528560161622,0.06459230923276485,0
PreBurst_Reclaim_Count_10s,ACCEPTANCE_RECLAIM,Profile_Local_Maxima_Count,AUCTION_THEORY,-0.06455949898442662,-0.058807619016748955,0.06455949898442662,0
Dist_VWAP_Ticks,AUCTION_THEORY,BreakOut_TICKS_PER_SEC_AtEntry,OTHER_CAUSAL_CONTEXT,-0.06451405803370895,-0.016338648103376898,0.06451405803370895,0
PeakPositiveDelta,FLOW_BURST_QUALITY,Dist_LVN_Ticks,AUCTION_THEORY,-0.0645132401631697,-0.05231063306211738,0.0645132401631697,0
Velocity1s,PERSISTENCE_EXHAUSTION,range,OTHER_CAUSAL_CONTEXT,-0.06447498424248871,0.09640452568202233,0.06447498424248871,0
Velocity1s,PERSISTENCE_EXHAUSTION,OR_WidthTicks,AUCTION_THEORY,-0.06447498424248871,0.09640452568202233,0.06447498424248871,0
TicksPerSecond,TIME_REGIME,range,OTHER_CAUSAL_CONTEXT,-0.06447498424248871,0.09640452568202233,0.06447498424248871,0
TicksPerSecond,TIME_REGIME,OR_WidthTicks,AUCTION_THEORY,-0.06447498424248871,0.09640452568202233,0.06447498424248871,0
Prior_Closed_ATR3_Ticks_AtEntry,AUCTION_THEORY,signed_delta_change_1s,FLOW_BURST_QUALITY,-0.06444968427903161,-0.10438644284723554,0.06444968427903161,0
Prior_Closed_ATR5_Ticks_AtEntry,AUCTION_THEORY,month_index,TIME_REGIME,0.06444118110302285,-0.023847431864107725,0.06444118110302285,0
PreBurst_Impulse_Survival_Seconds,AUCTION_THEORY,vwap_poc_spread_ticks,AUCTION_THEORY,-0.0644036287893962,-0.07195342489777729,0.0644036287893962,0
delta_share_of_volume,FLOW_BURST_QUALITY,vwap_poc_spread_ticks,AUCTION_THEORY,0.06427991194185724,0.08881897476876521,0.06427991194185724,0
absorption_pressure_1s,EFFORT_VS_RESULT,weekday_index,TIME_REGIME,0.06420740996216827,0.011797532078425321,0.06420740996216827,0
PreEntry_Directional_Delta_Share3_AtEntry,FLOW_BURST_QUALITY,signed_delta_decay_1_5,PERSISTENCE_EXHAUSTION,-0.0641958770640248,-0.05023492214086715,0.0641958770640248,0
profile_confluence_4t,AUCTION_THEORY,weekday_index,TIME_REGIME,0.06414657953031516,0.07586951538151229,0.06414657953031516,0
Profile_Normalized_Entropy,AUCTION_THEORY,absorption_pressure_1s,EFFORT_VS_RESULT,0.06413255903779394,0.1270664830617006,0.06413255903779394,0
PreBurst_Impulse_Decay_Slope_5s,PERSISTENCE_EXHAUSTION,Profile_Normalized_Entropy,AUCTION_THEORY,0.06405703984142967,0.04642295019657197,0.06405703984142967,0
PreBurst_Rotation_Index_10s,TEMPORAL_SEQUENCE,Delta_AtEntry,FLOW_BURST_QUALITY,-0.06405510817471788,-0.09096265210738698,0.06405510817471788,0
Delta_AtEntry,FLOW_BURST_QUALITY,distance_nearest_or_edge_ticks,AUCTION_THEORY,-0.06400548378494698,-0.021062839892836614,0.06400548378494698,0
Delta_AtEntry,FLOW_BURST_QUALITY,Nearest_OR_Edge_Distance_Ticks_AtEntry,AUCTION_THEORY,-0.06400548378494698,-0.021062839892836624,0.06400548378494698,0
Profile_Normalized_Entropy,AUCTION_THEORY,burst_efficiency_score,EFFORT_VS_RESULT,-0.063926549825354,-0.06184093210383143,0.063926549825354,0
Velocity3s,PERSISTENCE_EXHAUSTION,Profile_Excess_Kurtosis,AUCTION_THEORY,0.06392628976730609,0.07932341610631086,0.06392628976730609,0
Buy_Imbalance_Count_AtEntry,FLOW_BURST_QUALITY,delta_persistence_1_3,PERSISTENCE_EXHAUSTION,0.06390692497007638,0.08227436520766092,0.06390692497007638,0
Signed_Previous_Delta_Share_AtEntry,FLOW_BURST_QUALITY,signed_delta_1s,FLOW_BURST_QUALITY,0.06390212817452876,0.05050866223376405,0.06390212817452876,0
Dist_VAH_Ticks,AUCTION_THEORY,vwap_poc_spread_ticks,AUCTION_THEORY,-0.06387918853156085,-0.15037814433081095,0.06387918853156085,0
PreBurst_Price_Per_Delta_3s,EFFORT_VS_RESULT,Profile_Normalized_Entropy,AUCTION_THEORY,-0.06385160228481933,-0.11208578228883516,0.06385160228481933,0
PreEntry_Directional_Efficiency3_AtEntry,OTHER_CAUSAL_CONTEXT,signed_velocity_decay_1_5,PERSISTENCE_EXHAUSTION,-0.06385151737277335,0.00564974880456303,0.06385151737277335,0
DeltaChange1s,FLOW_BURST_QUALITY,absorption_pressure_1s,EFFORT_VS_RESULT,-0.06376850684262225,-0.06561509107009207,0.06376850684262225,0
seconds_from_open,TIME_REGIME,or_position_fraction,AUCTION_THEORY,-0.06376351510560645,-0.1264802836032314,0.06376351510560645,0
minute_from_open,TIME_REGIME,or_position_fraction,AUCTION_THEORY,-0.06376351510560645,-0.12648028360323135,0.06376351510560645,0
PreBurst_Reclaim_Count_10s,ACCEPTANCE_RECLAIM,Directional_OR_Extension_Ticks_AtEntry,AUCTION_THEORY,-0.06369853122291982,-0.07395065373097469,0.06369853122291982,0
PreBurst_Price_Per_Volume_3s,EFFORT_VS_RESULT,weekday_index,TIME_REGIME,-0.06368754595723525,-0.017729042273922038,0.06368754595723525,0
PreBurst_Path_Efficiency_10s,TEMPORAL_SEQUENCE,Nearest_OR_Edge_Acceptance_Ratio3_AtEntry,ACCEPTANCE_RECLAIM,-0.06361463057216699,-0.04556813358602366,0.06361463057216699,0
PreBurst_Impulse_Survival_Seconds,AUCTION_THEORY,Buy_Imbalance_Count_AtEntry,FLOW_BURST_QUALITY,-0.06360906986721444,0.010411039660589086,0.06360906986721444,0
Cumulative_Delta_AtEntry,FLOW_BURST_QUALITY,Signed_Previous_Delta_Share_AtEntry,FLOW_BURST_QUALITY,-0.06349049529614928,-0.031662939139509835,0.06349049529614928,0
PreBurst_Price_Per_Volume_3s,EFFORT_VS_RESULT,PreEntry_Range_Compression3_AtEntry,OTHER_CAUSAL_CONTEXT,-0.06348530254932903,-0.05704145110937732,0.06348530254932903,0
Delta2s,FLOW_BURST_QUALITY,Seconds_From_Open_AtEntry,TIME_REGIME,-0.06342050765647415,-0.11081612992592584,0.06342050765647415,0
PreBurst_Rotation_Index_10s,TEMPORAL_SEQUENCE,Profile_Skewness,AUCTION_THEORY,-0.06326853459484187,-0.06116269107370329,0.06326853459484187,0
Dist_POC_Ticks,AUCTION_THEORY,signed_delta_change_1s,FLOW_BURST_QUALITY,-0.06322012264184138,-0.08923525759222785,0.06322012264184138,0
Dist_LVN_Ticks,AUCTION_THEORY,flow_price_alignment,OTHER_CAUSAL_CONTEXT,-0.06318895104716726,-0.05085336064801333,0.06318895104716726,0
Profile_Concentration,AUCTION_THEORY,Signed_Delta_Share_AtEntry,FLOW_BURST_QUALITY,-0.06316006604093896,-0.02963515977768808,0.06316006604093896,0
Acceleration1s,PERSISTENCE_EXHAUSTION,Prior_Closed_ATR5_Ticks_AtEntry,AUCTION_THEORY,-0.063155264283615,-0.06134714382827888,0.063155264283615,0
Dist_POC_Ticks,AUCTION_THEORY,flow_price_alignment,OTHER_CAUSAL_CONTEXT,0.06300218798607121,0.05808464912264849,0.06300218798607121,0
PreBurst_Price_Per_Delta_3s,EFFORT_VS_RESULT,weekday_index,TIME_REGIME,-0.06276852663400376,-0.037529283547018705,0.06276852663400376,0
Delta1s,FLOW_BURST_QUALITY,PreBurst_Acceptance_Dwell_Ratio_5s,ACCEPTANCE_RECLAIM,-0.06274887141188436,-0.03796335678108605,0.06274887141188436,0
DeltaChangeZScore,FLOW_BURST_QUALITY,signed_velocity_decay_1_5,PERSISTENCE_EXHAUSTION,0.06272405453402109,0.017730314827498466,0.06272405453402109,0
Delta1s,FLOW_BURST_QUALITY,burst_efficiency_score,EFFORT_VS_RESULT,0.06270337042394478,0.023087477242722736,0.06270337042394478,0
DeltaChange1s,FLOW_BURST_QUALITY,PreEntry_Directional_Delta_Share3_AtEntry,FLOW_BURST_QUALITY,-0.06269847820145309,-0.0817922774218479,0.06269847820145309,0
Delta5s,FLOW_BURST_QUALITY,profile_confluence_4t,AUCTION_THEORY,-0.06266866320454145,-0.04751780996121549,0.06266866320454145,0
Cumulative_Delta_AtEntry,FLOW_BURST_QUALITY,price_impact_per_100_contracts,EFFORT_VS_RESULT,0.06261439185284493,0.05272364541411922,0.06261439185284493,0
Velocity3s,PERSISTENCE_EXHAUSTION,signed_velocity_3s,PERSISTENCE_EXHAUSTION,-0.062556046231034,0.05483279814731561,0.062556046231034,0
Delta2s,FLOW_BURST_QUALITY,minute_from_open,TIME_REGIME,-0.06251505253865496,-0.1108505985833217,0.06251505253865496,0
Delta2s,FLOW_BURST_QUALITY,seconds_from_open,TIME_REGIME,-0.06251505253865496,-0.11085059858332179,0.06251505253865496,0
seconds_from_open,TIME_REGIME,signed_delta_decay_1_5,PERSISTENCE_EXHAUSTION,-0.06251324615997934,-0.08599375233974375,0.06251324615997934,0
minute_from_open,TIME_REGIME,signed_delta_decay_1_5,PERSISTENCE_EXHAUSTION,-0.06251324615997934,-0.08599375233974396,0.06251324615997934,0
Acceleration1s,PERSISTENCE_EXHAUSTION,directional_poc_distance,AUCTION_THEORY,-0.06248840918941767,-0.025007937676966227,0.06248840918941767,0
PreBurst_Acceptance_Dwell_Ratio_5s,ACCEPTANCE_RECLAIM,Volume_AtEntry,FLOW_BURST_QUALITY,0.062483061100514305,0.04361214439759268,0.062483061100514305,0
PreBurst_Acceptance_Dwell_Ratio_5s,ACCEPTANCE_RECLAIM,PreBurst_Rotation_Index_10s,TEMPORAL_SEQUENCE,-0.062474214148439115,-0.103798745346798,0.062474214148439115,0
Prior_Closed_ATR5_Ticks_AtEntry,AUCTION_THEORY,distance_nearest_profile_reference_ticks,AUCTION_THEORY,0.06243231592445723,0.065703489879645,0.06243231592445723,0
Delta10s,FLOW_BURST_QUALITY,burst_efficiency_score,EFFORT_VS_RESULT,0.06236486872971642,0.01858071884898804,0.06236486872971642,0
Velocity1s,PERSISTENCE_EXHAUSTION,PreBurst_Acceptance_Dwell_Ratio_5s,ACCEPTANCE_RECLAIM,-0.06235769895929004,-0.037091194187658036,0.06235769895929004,0
TicksPerSecond,TIME_REGIME,PreBurst_Acceptance_Dwell_Ratio_5s,ACCEPTANCE_RECLAIM,-0.06235769895929004,-0.037091194187658036,0.06235769895929004,0
Delta5s,FLOW_BURST_QUALITY,Body_OR_Ratio_AtEntry,AUCTION_THEORY,0.06234741523463828,0.042552672206938875,0.06234741523463828,0
TradesPerSecond,TIME_REGIME,Prior_Closed_ATR3_Ticks_AtEntry,AUCTION_THEORY,-0.06232315673984905,-0.029257185074805715,0.06232315673984905,0
Delta2s,FLOW_BURST_QUALITY,Directional_VWAP_Distance_Ticks_AtEntry,AUCTION_THEORY,-0.06232025988627611,-0.04194951313717662,0.06232025988627611,0
PreBurst_Price_Per_Volume_3s,EFFORT_VS_RESULT,Delta_Change_AtEntry,FLOW_BURST_QUALITY,-0.0623003280381802,-0.08572665645650122,0.0623003280381802,0
Delta3s,FLOW_BURST_QUALITY,PreBurst_Price_Per_Delta_3s,EFFORT_VS_RESULT,0.06220546858078594,-0.0014696667230662925,0.06220546858078594,0
CumulativeDeltaWindow,FLOW_BURST_QUALITY,PreBurst_Price_Per_Delta_3s,EFFORT_VS_RESULT,0.06220546858078594,-0.0014696667230662925,0.06220546858078594,0
Profile_Skewness,AUCTION_THEORY,PreEntry_Directional_Efficiency3_AtEntry,OTHER_CAUSAL_CONTEXT,0.0621755542055819,0.07724791034292215,0.0621755542055819,0
mean_trade_size,FLOW_BURST_QUALITY,delta_persistence_3_5,PERSISTENCE_EXHAUSTION,-0.06212259698583222,-0.07243132953076054,0.06212259698583222,0
PreEntry_Volume_Climax_Ratio_AtEntry,FLOW_BURST_QUALITY,signed_velocity_3s,PERSISTENCE_EXHAUSTION,-0.06205995643510959,-0.029658292571020962,0.06205995643510959,0
Buy_Imbalance_Count_AtEntry,FLOW_BURST_QUALITY,Nearest_OR_Edge_Retest_Count_AtEntry,ACCEPTANCE_RECLAIM,-0.06204915302776621,-0.04012213206998834,0.06204915302776621,0
Dist_OR_High_Ticks,AUCTION_THEORY,PreEntry_Directional_Delta_Share3_AtEntry,FLOW_BURST_QUALITY,0.062040793870867056,0.035545485007100676,0.062040793870867056,0
Previous_Delta_AtEntry,FLOW_BURST_QUALITY,Score_AtEntry,OTHER_CAUSAL_CONTEXT,0.06199001834434543,-0.08001923998154659,0.06199001834434543,0
Buy_Imbalance_Count_AtEntry,FLOW_BURST_QUALITY,Signed_Delta_Share_AtEntry,FLOW_BURST_QUALITY,0.0619483606155279,0.08312094827898676,0.0619483606155279,0
Dist_OR_High_Ticks,AUCTION_THEORY,signed_delta_decay_1_5,PERSISTENCE_EXHAUSTION,0.06190234317780996,0.037814149503088625,0.06190234317780996,0
Profile_Concentration,AUCTION_THEORY,velocity_consistency,PERSISTENCE_EXHAUSTION,0.06189499032479355,0.037845985603575626,0.06189499032479355,0
PreBurst_Impulse_Survival_Seconds,AUCTION_THEORY,liquidity_absorption_score,OTHER_CAUSAL_CONTEXT,-0.06186972997388803,-0.28093290781034236,0.06186972997388803,0
DeltaPercentile,FLOW_BURST_QUALITY,Dist_VWAP_Ticks,AUCTION_THEORY,-0.061850904182615095,-0.1080860689351723,0.061850904182615095,0
Dist_OR_High_Ticks,AUCTION_THEORY,Score_AtEntry,OTHER_CAUSAL_CONTEXT,0.06180182389534815,0.0013858342750252724,0.06180182389534815,0
Profile_Effective_Nodes,AUCTION_THEORY,Signed_Delta_Share_AtEntry,FLOW_BURST_QUALITY,0.06174451646466457,0.07434219516098385,0.06174451646466457,0
ContractsPerSecond,FLOW_BURST_QUALITY,Directional_VWAP_Distance_Ticks_AtEntry,AUCTION_THEORY,-0.061731579698807035,-0.06453502879089158,0.061731579698807035,0
OR_WidthTicks,AUCTION_THEORY,Signed_Previous_Delta_Share_AtEntry,FLOW_BURST_QUALITY,0.06169153284360325,0.04307976187744844,0.06169153284360325,0
range,OTHER_CAUSAL_CONTEXT,Signed_Previous_Delta_Share_AtEntry,FLOW_BURST_QUALITY,0.06169153284360325,0.04307976187744841,0.06169153284360325,0
Acceleration3s,PERSISTENCE_EXHAUSTION,OR_WidthTicks,AUCTION_THEORY,-0.06166620619544488,0.08094581824518583,0.06166620619544488,0
Acceleration3s,PERSISTENCE_EXHAUSTION,range,OTHER_CAUSAL_CONTEXT,-0.06166620619544488,0.08094581824518589,0.06166620619544488,0
BuySellRatio,OTHER_CAUSAL_CONTEXT,execution_cvd_alignment,OTHER_CAUSAL_CONTEXT,-0.061653352596555785,0.0046964644513219364,0.061653352596555785,0
PreEntry_Volume_Climax_Ratio_AtEntry,FLOW_BURST_QUALITY,or_position_fraction,AUCTION_THEORY,-0.06154394594910574,-0.10607306745516962,0.06154394594910574,0
ContractsPerSecond,FLOW_BURST_QUALITY,directional_vwap_distance,AUCTION_THEORY,0.06154106334562048,0.08176320657469228,0.06154106334562048,0
burst_efficiency_score,EFFORT_VS_RESULT,weekday_index,TIME_REGIME,-0.0615260464772655,-0.06051877857317817,0.0615260464772655,0
Delta1s,FLOW_BURST_QUALITY,Nearest_OR_Edge_Acceptance_Ratio3_AtEntry,ACCEPTANCE_RECLAIM,-0.06133211523513273,-0.03998167442019703,0.06133211523513273,0
PreEntry_Range_Compression3_AtEntry,OTHER_CAUSAL_CONTEXT,directional_poc_distance,AUCTION_THEORY,-0.061310586069177046,-0.07669546727968332,0.061310586069177046,0
Profile_Skewness,AUCTION_THEORY,Body_OR_Ratio_AtEntry,AUCTION_THEORY,-0.0612898813015215,-0.017505967798274492,0.0612898813015215,0
Delta2s,FLOW_BURST_QUALITY,delta_share_of_volume,FLOW_BURST_QUALITY,0.06127197574336376,0.04302118734345162,0.06127197574336376,0
DeltaPercentile,FLOW_BURST_QUALITY,Delta_AtEntry,FLOW_BURST_QUALITY,-0.061253067422594794,-0.02635626355687356,0.061253067422594794,0
Delta10s,FLOW_BURST_QUALITY,PreEntry_Directional_Delta_Share3_AtEntry,FLOW_BURST_QUALITY,0.061208946562366265,-0.00562903026024995,0.061208946562366265,0
DeltaChange1s,FLOW_BURST_QUALITY,burst_efficiency_score,EFFORT_VS_RESULT,0.0611884033091307,0.020944981692570905,0.0611884033091307,0
Velocity3s,PERSISTENCE_EXHAUSTION,PreBurst_Impulse_Decay_Slope_5s,PERSISTENCE_EXHAUSTION,-0.06117648950760742,0.037282612996671,0.06117648950760742,0
BuySellRatio,OTHER_CAUSAL_CONTEXT,directional_poc_distance,AUCTION_THEORY,-0.06117139051479295,-0.07152324299576918,0.06117139051479295,0
PreBurst_Impulse_Decay_Slope_5s,PERSISTENCE_EXHAUSTION,Profile_Skewness,AUCTION_THEORY,-0.06116134590270981,-0.06559577542018609,0.06116134590270981,0
TicksPerSecond,TIME_REGIME,delta_persistence_1_3,PERSISTENCE_EXHAUSTION,0.06115957202916375,0.06118596050215307,0.06115957202916375,0
Velocity1s,PERSISTENCE_EXHAUSTION,delta_persistence_1_3,PERSISTENCE_EXHAUSTION,0.06115957202916375,0.06118596050215307,0.06115957202916375,0
PreEntry_Directional_Efficiency3_AtEntry,OTHER_CAUSAL_CONTEXT,liquidity_absorption_score,OTHER_CAUSAL_CONTEXT,-0.06114059985253135,0.04404394557827816,0.06114059985253135,0
Delta1s,FLOW_BURST_QUALITY,mean_trade_size,FLOW_BURST_QUALITY,-0.06112554227566102,0.05167680918683194,0.06112554227566102,0
Profile_Concentration,AUCTION_THEORY,mean_trade_size,FLOW_BURST_QUALITY,-0.061083653160919855,-0.06009929244777934,0.061083653160919855,0
DeltaPercentile,FLOW_BURST_QUALITY,Profile_Skewness,AUCTION_THEORY,0.0610724367917647,-0.03054859716769797,0.0610724367917647,0
Dist_HVN_Ticks,AUCTION_THEORY,PreEntry_Directional_Delta_Share3_AtEntry,FLOW_BURST_QUALITY,-0.06105244314813459,-0.1405539984445805,0.06105244314813459,0
Delta_AtEntry,FLOW_BURST_QUALITY,vwap_poc_spread_ticks,AUCTION_THEORY,0.061050058441506225,0.004500520088399089,0.061050058441506225,0
BreakOut_TICKS_PER_SEC_AtEntry,OTHER_CAUSAL_CONTEXT,execution_side_sign,OTHER_CAUSAL_CONTEXT,0.06100944793823221,0.013353411861652955,0.06100944793823221,0
PeakPositiveDelta,FLOW_BURST_QUALITY,Body_AtEntry,OTHER_CAUSAL_CONTEXT,-0.0609988927213345,0.02476220259168656,0.0609988927213345,0
PreBurst_Impulse_Survival_Seconds,AUCTION_THEORY,seconds_from_open,TIME_REGIME,0.06088533597018997,0.024927677969378486,0.06088533597018997,0
PreBurst_Impulse_Survival_Seconds,AUCTION_THEORY,minute_from_open,TIME_REGIME,0.06088533597018997,0.024927677969378382,0.06088533597018997,0
Velocity1s,PERSISTENCE_EXHAUSTION,PreBurst_Impulse_Decay_Slope_5s,PERSISTENCE_EXHAUSTION,-0.060768659752387134,0.05224163404777623,0.060768659752387134,0
TicksPerSecond,TIME_REGIME,PreBurst_Impulse_Decay_Slope_5s,PERSISTENCE_EXHAUSTION,-0.060768659752387134,0.05224163404777623,0.060768659752387134,0
Acceleration3s,PERSISTENCE_EXHAUSTION,signed_velocity_1s,PERSISTENCE_EXHAUSTION,-0.06069038495012254,0.03681622766781575,0.06069038495012254,0
Delta5s,FLOW_BURST_QUALITY,distance_nearest_or_edge_ticks,AUCTION_THEORY,-0.06067261758041131,-0.06564226712414523,0.06067261758041131,0
Delta5s,FLOW_BURST_QUALITY,Nearest_OR_Edge_Distance_Ticks_AtEntry,AUCTION_THEORY,-0.06067261758041131,-0.06564226712414516,0.06067261758041131,0
PreBurst_Reclaim_Count_10s,ACCEPTANCE_RECLAIM,PreEntry_Directional_Delta_Share3_AtEntry,FLOW_BURST_QUALITY,0.060636670371565386,0.09038005731152253,0.060636670371565386,0
Velocity3s,PERSISTENCE_EXHAUSTION,Nearest_OR_Edge_Acceptance_Ratio3_AtEntry,ACCEPTANCE_RECLAIM,-0.060631044670408266,-0.05686976484332831,0.060631044670408266,0
Seconds_From_Open_AtEntry,TIME_REGIME,signed_delta_decay_1_5,PERSISTENCE_EXHAUSTION,-0.06062636325981903,-0.08592662249404588,0.06062636325981903,0
PreBurst_Reclaim_Count_10s,ACCEPTANCE_RECLAIM,distance_nearest_profile_reference_ticks,AUCTION_THEORY,-0.06059701863577964,-0.08353827734299697,0.06059701863577964,0
DeltaChangeZScore,FLOW_BURST_QUALITY,Nearest_OR_Edge_Acceptance_Ratio3_AtEntry,ACCEPTANCE_RECLAIM,-0.06058790064332378,-0.04791590443946066,0.06058790064332378,0
Acceleration3s,PERSISTENCE_EXHAUSTION,signed_acceleration_1s,PERSISTENCE_EXHAUSTION,-0.060511434619518654,0.014551299964991557,0.060511434619518654,0
delta_persistence_3_5,PERSISTENCE_EXHAUSTION,execution_cvd_alignment,OTHER_CAUSAL_CONTEXT,0.06039923106418554,0.004420375607931721,0.06039923106418554,0
PreBurst_Reclaim_Count_10s,ACCEPTANCE_RECLAIM,directional_poc_distance,AUCTION_THEORY,-0.060389982097712055,-0.016216519093629367,0.060389982097712055,0
PreBurst_Impulse_Survival_Seconds,AUCTION_THEORY,Seconds_From_Open_AtEntry,TIME_REGIME,0.06038809253292745,0.024920236055023616,0.06038809253292745,0
Dist_OR_Low_Ticks,AUCTION_THEORY,PreBurst_Price_Per_Volume_3s,EFFORT_VS_RESULT,0.060339919893105366,0.09354132691787811,0.060339919893105366,0
TicksPerSecond,TIME_REGIME,BreakOut_TICKS_PER_SEC_AtEntry,OTHER_CAUSAL_CONTEXT,-0.06032435722086625,0.07489379157809359,0.06032435722086625,0
Velocity1s,PERSISTENCE_EXHAUSTION,BreakOut_TICKS_PER_SEC_AtEntry,OTHER_CAUSAL_CONTEXT,-0.06032435722086625,0.07489379157809359,0.06032435722086625,0
Previous_Volume_AtEntry,FLOW_BURST_QUALITY,distance_nearest_profile_reference_ticks,AUCTION_THEORY,0.06030346211018444,0.07110361124515997,0.06030346211018444,0
Delta1s,FLOW_BURST_QUALITY,Prior_Closed_ATR3_Ticks_AtEntry,AUCTION_THEORY,-0.06029284221565606,-0.037345731826445135,0.06029284221565606,0
Velocity3s,PERSISTENCE_EXHAUSTION,Body_AtEntry,OTHER_CAUSAL_CONTEXT,-0.06019122551321738,-0.006036436760917543,0.06019122551321738,0
ContractsPerSecond,FLOW_BURST_QUALITY,Dist_OR_Low_Ticks,AUCTION_THEORY,-0.06017519416699311,-0.015938779236615852,0.06017519416699311,0
PeakNegativeDelta,FLOW_BURST_QUALITY,Body_OR_Ratio_AtEntry,AUCTION_THEORY,0.06016218459537653,0.02165510880006998,0.06016218459537653,0
Body_AtEntry,OTHER_CAUSAL_CONTEXT,signed_delta_decay_1_5,PERSISTENCE_EXHAUSTION,0.06012419056334655,-0.07140306780434828,0.06012419056334655,0
Volume_AtEntry,FLOW_BURST_QUALITY,signed_acceleration_1s,PERSISTENCE_EXHAUSTION,-0.06001178301350281,-0.08496169860026857,0.06001178301350281,0
signed_velocity_3s,PERSISTENCE_EXHAUSTION,execution_side_sign,OTHER_CAUSAL_CONTEXT,0.06000590786839147,0.021796257207421076,0.06000590786839147,0
Buy_Imbalance_Count_AtEntry,FLOW_BURST_QUALITY,Seconds_From_Open_AtEntry,TIME_REGIME,0.059972626710740114,0.05070837246326909,0.059972626710740114,0
PreBurst_Rotation_Index_10s,TEMPORAL_SEQUENCE,Directional_VWAP_Distance_Ticks_AtEntry,AUCTION_THEORY,0.05994924756071221,0.050254451494496206,0.05994924756071221,0
Delta1s,FLOW_BURST_QUALITY,Signed_Delta_Share_AtEntry,FLOW_BURST_QUALITY,-0.059928604642562264,-0.030532986346970728,0.059928604642562264,0
TradesPerSecond,TIME_REGIME,Profile_Concentration,AUCTION_THEORY,0.059831941470831936,-0.025314169330279846,0.059831941470831936,0
Buy_Imbalance_Count_AtEntry,FLOW_BURST_QUALITY,minute_from_open,TIME_REGIME,0.05982649355046042,0.0506831852807669,0.05982649355046042,0
Buy_Imbalance_Count_AtEntry,FLOW_BURST_QUALITY,seconds_from_open,TIME_REGIME,0.05982649355046042,0.05068318528076683,0.05982649355046042,0
Dist_HVN_Ticks,AUCTION_THEORY,PreBurst_Price_Per_Volume_3s,EFFORT_VS_RESULT,-0.05982104787238664,-0.08342657169903415,0.05982104787238664,0
PreBurst_Reclaim_Count_10s,ACCEPTANCE_RECLAIM,Directional_VWAP_Distance_Ticks_AtEntry,AUCTION_THEORY,-0.05976072173267404,-0.12678268635878429,0.05976072173267404,0
DeltaPercentile,FLOW_BURST_QUALITY,PreEntry_Directional_Efficiency3_AtEntry,OTHER_CAUSAL_CONTEXT,0.05973050959832328,0.013085210767224013,0.05973050959832328,0
TicksPerSecond,TIME_REGIME,signed_velocity_1s,PERSISTENCE_EXHAUSTION,-0.05965493174653102,0.033743106937470145,0.05965493174653102,0
Velocity1s,PERSISTENCE_EXHAUSTION,signed_velocity_1s,PERSISTENCE_EXHAUSTION,-0.05965493174653102,0.033743106937470145,0.05965493174653102,0
PreBurst_Acceptance_Dwell_Ratio_5s,ACCEPTANCE_RECLAIM,signed_velocity_1s,PERSISTENCE_EXHAUSTION,-0.05962742281525979,0.026906015035745533,0.05962742281525979,0
Profile_Skewness,AUCTION_THEORY,weekday_index,TIME_REGIME,0.05958584465954352,0.07908375575544903,0.05958584465954352,0
BreakOut_TICKS_PER_SEC_AtEntry,OTHER_CAUSAL_CONTEXT,PreEntry_Volume_Climax_Ratio_AtEntry,FLOW_BURST_QUALITY,-0.05953694023786776,0.040830334006727066,0.05953694023786776,0
PeakPositiveDelta,FLOW_BURST_QUALITY,Directional_VWAP_Distance_Ticks_AtEntry,AUCTION_THEORY,-0.059465587494731825,-0.0659715225150831,0.059465587494731825,0
PreBurst_Reclaim_Count_10s,ACCEPTANCE_RECLAIM,BreakOut_TICKS_PER_SEC_AtEntry,OTHER_CAUSAL_CONTEXT,-0.0594154516227871,-0.08586801691989197,0.0594154516227871,0
PreBurst_Local_Entropy_10s,TEMPORAL_SEQUENCE,Previous_Delta_AtEntry,FLOW_BURST_QUALITY,0.059318718506315045,0.05742897887651097,0.059318718506315045,0
Prior_Closed_ATR5_Ticks_AtEntry,AUCTION_THEORY,delta_share_of_volume,FLOW_BURST_QUALITY,-0.059219400263327615,-0.09202127317627769,0.059219400263327615,0
DeltaPercentile,FLOW_BURST_QUALITY,PreBurst_Acceptance_Dwell_Ratio_5s,ACCEPTANCE_RECLAIM,-0.059191656930369305,-0.04769305048276113,0.059191656930369305,0
Dist_VAL_Ticks,AUCTION_THEORY,Signed_Previous_Delta_Share_AtEntry,FLOW_BURST_QUALITY,0.05915405715393907,-0.020177576281806206,0.05915405715393907,0
TicksPerSecond,TIME_REGIME,weekday_index,TIME_REGIME,-0.059122077851506256,-0.038024848965743596,0.059122077851506256,0
Velocity1s,PERSISTENCE_EXHAUSTION,weekday_index,TIME_REGIME,-0.059122077851506256,-0.038024848965743596,0.059122077851506256,0
TradesPerSecond,TIME_REGIME,vwap_poc_spread_ticks,AUCTION_THEORY,-0.05907630928095666,0.0002655085725518868,0.05907630928095666,0
weekday_index,TIME_REGIME,vwap_poc_spread_ticks,AUCTION_THEORY,-0.05906879280310155,0.022166994669352964,0.05906879280310155,0
Dist_LVN_Ticks,AUCTION_THEORY,Directional_OR_Extension_Ticks_AtEntry,AUCTION_THEORY,0.05902261314171534,0.09737240696559085,0.05902261314171534,0
PreBurst_Path_Efficiency_10s,TEMPORAL_SEQUENCE,Previous_Delta_AtEntry,FLOW_BURST_QUALITY,-0.05899805621463431,-0.04984230351466531,0.05899805621463431,0
Delta1s,FLOW_BURST_QUALITY,Directional_OR_Extension_Ticks_AtEntry,AUCTION_THEORY,0.058962965934860126,-0.04216763868870235,0.058962965934860126,0
DeltaChange1s,FLOW_BURST_QUALITY,delta_share_of_volume,FLOW_BURST_QUALITY,0.05896147154045526,0.061129349190065844,0.05896147154045526,0
Acceleration3s,PERSISTENCE_EXHAUSTION,acceleration_velocity_ratio,PERSISTENCE_EXHAUSTION,-0.05891201635548863,-0.0371418344523336,0.05891201635548863,0
Dist_HVN_Ticks,AUCTION_THEORY,Nearest_OR_Edge_Acceptance_Ratio3_AtEntry,ACCEPTANCE_RECLAIM,0.05891121743201649,0.04984979326237642,0.05891121743201649,0
Delta3s,FLOW_BURST_QUALITY,Signed_Delta_Share_AtEntry,FLOW_BURST_QUALITY,-0.05877081413428827,-0.034576394950313054,0.05877081413428827,0
CumulativeDeltaWindow,FLOW_BURST_QUALITY,Signed_Delta_Share_AtEntry,FLOW_BURST_QUALITY,-0.05877081413428827,-0.034576394950313054,0.05877081413428827,0
Delta_AtEntry,FLOW_BURST_QUALITY,Directional_OR_Extension_Ticks_AtEntry,AUCTION_THEORY,0.05876559346190314,-0.03925375714319444,0.05876559346190314,0
PreBurst_Path_Efficiency_10s,TEMPORAL_SEQUENCE,acceleration_velocity_ratio,PERSISTENCE_EXHAUSTION,0.058729492553794976,0.35258215362358947,0.058729492553794976,0
Dist_VAL_Ticks,AUCTION_THEORY,distance_nearest_profile_reference_ticks,AUCTION_THEORY,0.05870043620137132,0.08159239404179244,0.05870043620137132,0
Cumulative_Delta_AtEntry,FLOW_BURST_QUALITY,Nearest_OR_Edge_Retest_Count_AtEntry,ACCEPTANCE_RECLAIM,-0.05869932536239749,-0.08071650541467479,0.05869932536239749,0
Dist_OR_High_Ticks,AUCTION_THEORY,Profile_Normalized_Entropy,AUCTION_THEORY,-0.058687857637338574,-0.06926065841808952,0.058687857637338574,0
Nearest_OR_Edge_Retest_Count_AtEntry,ACCEPTANCE_RECLAIM,signed_delta_change_1s,FLOW_BURST_QUALITY,0.05866188611843467,0.06484272545400982,0.05866188611843467,0
Delta_Change_AtEntry,FLOW_BURST_QUALITY,acceleration_velocity_ratio,PERSISTENCE_EXHAUSTION,0.058650728769376936,0.14191786286472283,0.058650728769376936,0
PreBurst_Acceptance_Dwell_Ratio_5s,ACCEPTANCE_RECLAIM,weekday_index,TIME_REGIME,-0.05859210588915922,-0.05241125979641937,0.05859210588915922,0
Dist_OR_Low_Ticks,AUCTION_THEORY,liquidity_absorption_score,OTHER_CAUSAL_CONTEXT,-0.058558944842441465,-0.10580002344889454,0.058558944842441465,0
DeltaChange1s,FLOW_BURST_QUALITY,Prior_Closed_ATR3_Ticks_AtEntry,AUCTION_THEORY,-0.058518549268838274,-0.03667336333080595,0.058518549268838274,0
Velocity1s,PERSISTENCE_EXHAUSTION,velocity_consistency,PERSISTENCE_EXHAUSTION,0.05851809117837488,0.02929239126932865,0.05851809117837488,0
TicksPerSecond,TIME_REGIME,velocity_consistency,PERSISTENCE_EXHAUSTION,0.05851809117837488,0.02929239126932865,0.05851809117837488,0
PeakPositiveDelta,FLOW_BURST_QUALITY,mean_trade_size,FLOW_BURST_QUALITY,0.05849163909914638,0.11738334728723233,0.05849163909914638,0
Dist_VWAP_Ticks,AUCTION_THEORY,delta_persistence_3_5,PERSISTENCE_EXHAUSTION,0.058477141284089214,-0.01793086722337954,0.058477141284089214,0
PreBurst_Reclaim_Count_10s,ACCEPTANCE_RECLAIM,signed_velocity_decay_1_5,PERSISTENCE_EXHAUSTION,-0.05843050558574955,-0.010901836028620446,0.05843050558574955,0
PreBurst_Acceptance_Dwell_Ratio_5s,ACCEPTANCE_RECLAIM,PreBurst_Impulse_Survival_Seconds,AUCTION_THEORY,0.058429826139986214,0.07791379262177194,0.058429826139986214,0
PreBurst_Reclaim_Count_10s,ACCEPTANCE_RECLAIM,burst_efficiency_score,EFFORT_VS_RESULT,0.058419415982296836,0.029066598099012724,0.058419415982296836,0
Directional_VWAP_Distance_Ticks_AtEntry,AUCTION_THEORY,delta_persistence_1_3,PERSISTENCE_EXHAUSTION,0.05840222273125262,0.0695105542271697,0.05840222273125262,0
Profile_Local_Maxima_Count,AUCTION_THEORY,Previous_Delta_AtEntry,FLOW_BURST_QUALITY,-0.0582331244623619,0.0004552323875722922,0.0582331244623619,0
Previous_Volume_AtEntry,FLOW_BURST_QUALITY,execution_side_sign,OTHER_CAUSAL_CONTEXT,-0.058211471180279625,-0.0028643467663154063,0.058211471180279625,0
Dist_OR_Low_Ticks,AUCTION_THEORY,Signed_Delta_Share_AtEntry,FLOW_BURST_QUALITY,0.05820068551999666,0.06427471574752631,0.05820068551999666,0
BuySellRatio,OTHER_CAUSAL_CONTEXT,delta_persistence_3_5,PERSISTENCE_EXHAUSTION,-0.05817349731471783,-0.094391807833707,0.05817349731471783,0
Delta10s,FLOW_BURST_QUALITY,PreBurst_Rotation_Index_10s,TEMPORAL_SEQUENCE,-0.05813897669108203,-0.058134506655218326,0.05813897669108203,0
PreEntry_Directional_Delta_Share3_AtEntry,FLOW_BURST_QUALITY,acceleration_velocity_ratio,PERSISTENCE_EXHAUSTION,0.058128777861881115,0.018463103397633136,0.058128777861881115,0
mean_trade_size,FLOW_BURST_QUALITY,execution_cvd_alignment,OTHER_CAUSAL_CONTEXT,0.05806866890666957,-0.02275868320075207,0.05806866890666957,0
OR_WidthTicks,AUCTION_THEORY,PreBurst_Acceptance_Dwell_Ratio_5s,ACCEPTANCE_RECLAIM,-0.0580544490441534,-0.07724904375150572,0.0580544490441534,0
PreBurst_Acceptance_Dwell_Ratio_5s,ACCEPTANCE_RECLAIM,range,OTHER_CAUSAL_CONTEXT,-0.0580544490441534,-0.07724904375150576,0.0580544490441534,0
Directional_OR_Extension_Ticks_AtEntry,AUCTION_THEORY,weekday_index,TIME_REGIME,-0.058007183704272866,-0.03788674844083149,0.058007183704272866,0
Delta5s,FLOW_BURST_QUALITY,price_impact_per_100_contracts,EFFORT_VS_RESULT,0.05800073647287611,0.018755214443059137,0.05800073647287611,0
delta_share_of_volume,FLOW_BURST_QUALITY,velocity_consistency,PERSISTENCE_EXHAUSTION,0.05799373493493909,-0.007368908583715377,0.05799373493493909,0
DeltaPercentile,FLOW_BURST_QUALITY,BreakOut_TICKS_PER_SEC_AtEntry,OTHER_CAUSAL_CONTEXT,-0.05794186772512647,0.10933976342611912,0.05794186772512647,0
Delta1s,FLOW_BURST_QUALITY,vwap_poc_spread_ticks,AUCTION_THEORY,0.05788777998870685,0.04134706574980337,0.05788777998870685,0
PreBurst_Reclaim_Count_10s,ACCEPTANCE_RECLAIM,absorption_pressure_1s,EFFORT_VS_RESULT,-0.057656341396441775,-0.013081660180065326,0.057656341396441775,0
delta_persistence_1_3,PERSISTENCE_EXHAUSTION,directional_poc_distance,AUCTION_THEORY,0.05764023177328345,0.057522676141864654,0.05764023177328345,0
BuySellRatio,OTHER_CAUSAL_CONTEXT,ContractsPerSecond,FLOW_BURST_QUALITY,-0.057550160744515605,-0.19645188586720208,0.057550160744515605,0
Sell_Imbalance_Count_AtEntry,FLOW_BURST_QUALITY,Prior_Closed_ATR3_Ticks_AtEntry,AUCTION_THEORY,-0.05749212950430364,-0.10146032682772778,0.05749212950430364,0
PreBurst_Rotation_Index_10s,TEMPORAL_SEQUENCE,distance_nearest_profile_reference_ticks,AUCTION_THEORY,0.05745895300487833,0.09068407907112577,0.05745895300487833,0
PreEntry_Directional_Delta_Share3_AtEntry,FLOW_BURST_QUALITY,signed_delta_1s,FLOW_BURST_QUALITY,0.05745682032336467,0.029073936281455343,0.05745682032336467,0
Profile_Skewness,AUCTION_THEORY,PreEntry_Directional_Delta_Share3_AtEntry,FLOW_BURST_QUALITY,0.05743147169618019,-0.026506983475105897,0.05743147169618019,0
Delta2s,FLOW_BURST_QUALITY,Nearest_OR_Edge_Acceptance_Ratio3_AtEntry,ACCEPTANCE_RECLAIM,-0.0574024290654746,-0.035744499632492106,0.0574024290654746,0
DeltaPercentile,FLOW_BURST_QUALITY,Previous_Delta_AtEntry,FLOW_BURST_QUALITY,-0.05737609587187563,-0.14754944458521288,0.05737609587187563,0
Directional_VWAP_Distance_Ticks_AtEntry,AUCTION_THEORY,Body_OR_Ratio_AtEntry,AUCTION_THEORY,0.05737507285191874,0.07848866478594768,0.05737507285191874,0
Signed_Delta_Share_AtEntry,FLOW_BURST_QUALITY,Prior_Closed_ATR5_Ticks_AtEntry,AUCTION_THEORY,0.057338779483583034,0.08216396168078885,0.057338779483583034,0
DeltaPercentile,FLOW_BURST_QUALITY,signed_velocity_1s,PERSISTENCE_EXHAUSTION,-0.05733860868574612,-0.055530181631001284,0.05733860868574612,0
Dist_HVN_Ticks,AUCTION_THEORY,delta_persistence_3_5,PERSISTENCE_EXHAUSTION,-0.0573299982171161,-0.07730511275593434,0.0573299982171161,0
Delta10s,FLOW_BURST_QUALITY,PreEntry_Volume_Climax_Ratio_AtEntry,FLOW_BURST_QUALITY,-0.057303793731326644,-0.07408691563736808,0.057303793731326644,0
Delta10s,FLOW_BURST_QUALITY,DeltaPercentile,FLOW_BURST_QUALITY,-0.057259379652716755,-0.06702444541780485,0.057259379652716755,0
Dist_VAH_Ticks,AUCTION_THEORY,signed_velocity_decay_1_5,PERSISTENCE_EXHAUSTION,0.05719769038506778,0.09032909009933633,0.05719769038506778,0
Body_OR_Ratio_AtEntry,AUCTION_THEORY,PreEntry_Volume_Climax_Ratio_AtEntry,FLOW_BURST_QUALITY,-0.057176447704718136,-0.012890421025881199,0.057176447704718136,0
Signed_Delta_Share_AtEntry,FLOW_BURST_QUALITY,distance_nearest_or_edge_ticks,AUCTION_THEORY,-0.05712755836345518,-0.08890785352558289,0.05712755836345518,0
Nearest_OR_Edge_Distance_Ticks_AtEntry,AUCTION_THEORY,Signed_Delta_Share_AtEntry,FLOW_BURST_QUALITY,-0.05712755836345518,-0.08890785352558286,0.05712755836345518,0
Delta5s,FLOW_BURST_QUALITY,PreBurst_Impulse_Decay_Slope_5s,PERSISTENCE_EXHAUSTION,-0.05705426559196944,0.006186551506645652,0.05705426559196944,0
DeltaChange1s,FLOW_BURST_QUALITY,acceleration_velocity_ratio,PERSISTENCE_EXHAUSTION,0.057033478946841645,0.12636841268414092,0.057033478946841645,0
signed_delta_change_1s,FLOW_BURST_QUALITY,delta_share_of_volume,FLOW_BURST_QUALITY,0.0570295852263,0.01941588069962226,0.0570295852263,0
Delta10s,FLOW_BURST_QUALITY,PreBurst_Price_Per_Delta_3s,EFFORT_VS_RESULT,0.05678131813234945,0.01594305536870251,0.05678131813234945,0
PreBurst_Reclaim_Count_10s,ACCEPTANCE_RECLAIM,PreBurst_Price_Per_Delta_3s,EFFORT_VS_RESULT,0.056775039720546705,0.002676811604727778,0.056775039720546705,0
Signed_Previous_Delta_Share_AtEntry,FLOW_BURST_QUALITY,PreEntry_Volume_Climax_Ratio_AtEntry,FLOW_BURST_QUALITY,-0.05675988477540055,-0.005693330342065078,0.05675988477540055,0
Dist_OR_High_Ticks,AUCTION_THEORY,signed_delta_1s,FLOW_BURST_QUALITY,-0.056624652210249586,-0.033957661260828186,0.056624652210249586,0
Dist_VWAP_Ticks,AUCTION_THEORY,PreEntry_Range_Compression3_AtEntry,OTHER_CAUSAL_CONTEXT,-0.056614258775313675,-0.03594144105089904,0.056614258775313675,0
signed_delta_1s,FLOW_BURST_QUALITY,velocity_consistency,PERSISTENCE_EXHAUSTION,-0.056507355418897676,-0.10729232558098128,0.056507355418897676,0
TradesPerSecond,TIME_REGIME,TicksPerSecond,TIME_REGIME,-0.056504430415395615,0.022627397825035932,0.056504430415395615,0
TradesPerSecond,TIME_REGIME,Velocity1s,PERSISTENCE_EXHAUSTION,-0.056504430415395615,0.022627397825035932,0.056504430415395615,0
Previous_Delta_AtEntry,FLOW_BURST_QUALITY,signed_delta_1s,FLOW_BURST_QUALITY,-0.05637754167541143,-0.011657921360791646,0.05637754167541143,0
PreBurst_Reclaim_Count_10s,ACCEPTANCE_RECLAIM,execution_cvd_alignment,OTHER_CAUSAL_CONTEXT,-0.056334263429466555,-0.06567750994278516,0.056334263429466555,0
Signed_Previous_Delta_Share_AtEntry,FLOW_BURST_QUALITY,delta_persistence_3_5,PERSISTENCE_EXHAUSTION,0.05632497749723909,0.0006310821632105214,0.05632497749723909,0
PreBurst_Reclaim_Count_10s,ACCEPTANCE_RECLAIM,price_impact_per_100_contracts,EFFORT_VS_RESULT,0.05616575784415539,0.04694903424690743,0.05616575784415539,0
signed_velocity_3s,PERSISTENCE_EXHAUSTION,weekday_index,TIME_REGIME,-0.05616140058007372,-0.027688296863834602,0.05616140058007372,0
Seconds_From_Open_AtEntry,TIME_REGIME,Body_OR_Ratio_AtEntry,AUCTION_THEORY,0.05615437218656121,0.06908997550867542,0.05615437218656121,0
Dist_POC_Ticks,AUCTION_THEORY,PreBurst_Impulse_Decay_Slope_5s,PERSISTENCE_EXHAUSTION,-0.056135581430461094,-0.04581925267059175,0.056135581430461094,0
PreBurst_Impulse_Survival_Seconds,AUCTION_THEORY,BreakOut_TICKS_PER_SEC_AtEntry,OTHER_CAUSAL_CONTEXT,0.05600149069642662,-0.10199083608904583,0.05600149069642662,0
TradesPerSecond,TIME_REGIME,PreEntry_Range_Compression3_AtEntry,OTHER_CAUSAL_CONTEXT,-0.05597665402470526,-0.04727959430063647,0.05597665402470526,0
Acceleration1s,PERSISTENCE_EXHAUSTION,liquidity_absorption_score,OTHER_CAUSAL_CONTEXT,0.05597012154628996,0.05105822501440886,0.05597012154628996,0
PreBurst_Price_Per_Delta_3s,EFFORT_VS_RESULT,or_position_fraction,AUCTION_THEORY,-0.05595185473626307,-0.09386106318535865,0.05595185473626307,0
Body_OR_Ratio_AtEntry,AUCTION_THEORY,minute_from_open,TIME_REGIME,0.0559438207891702,0.06909939284517164,0.0559438207891702,0
Body_OR_Ratio_AtEntry,AUCTION_THEORY,seconds_from_open,TIME_REGIME,0.0559438207891702,0.06909939284517154,0.0559438207891702,0
signed_delta_1s,FLOW_BURST_QUALITY,delta_share_of_volume,FLOW_BURST_QUALITY,0.05586679505122512,0.0417778380534567,0.05586679505122512,0
PreEntry_Volume_Climax_Ratio_AtEntry,FLOW_BURST_QUALITY,vwap_poc_spread_ticks,AUCTION_THEORY,0.055863080314085975,0.09130251383523233,0.055863080314085975,0
DeltaChangeZScore,FLOW_BURST_QUALITY,PreBurst_Price_Per_Volume_3s,EFFORT_VS_RESULT,0.05585029244853099,0.009911030166515188,0.05585029244853099,0
TicksPerSecond,TIME_REGIME,directional_poc_distance,AUCTION_THEORY,-0.05583355044144291,-0.007910942926443405,0.05583355044144291,0
Velocity1s,PERSISTENCE_EXHAUSTION,directional_poc_distance,AUCTION_THEORY,-0.05583355044144291,-0.007910942926443405,0.05583355044144291,0
PreBurst_Impulse_Decay_Slope_5s,PERSISTENCE_EXHAUSTION,Nearest_OR_Edge_Retest_Count_AtEntry,ACCEPTANCE_RECLAIM,-0.055760752695173124,0.037924261922512595,0.055760752695173124,0
Acceleration1s,PERSISTENCE_EXHAUSTION,Body_AtEntry,OTHER_CAUSAL_CONTEXT,-0.05571691388529456,-0.0033519019207155845,0.05571691388529456,0
Dist_VAH_Ticks,AUCTION_THEORY,PreBurst_Price_Per_Delta_3s,EFFORT_VS_RESULT,-0.055692267840127985,-0.12184202095511508,0.055692267840127985,0
PeakPositiveDelta,FLOW_BURST_QUALITY,Nearest_OR_Edge_Acceptance_Ratio3_AtEntry,ACCEPTANCE_RECLAIM,-0.05564127504484275,0.0032492761066110418,0.05564127504484275,0
Acceleration3s,PERSISTENCE_EXHAUSTION,PreBurst_Reclaim_Count_10s,ACCEPTANCE_RECLAIM,0.05563303909821082,0.023213771866262695,0.05563303909821082,0
PreEntry_Range_Compression3_AtEntry,OTHER_CAUSAL_CONTEXT,flow_price_alignment,OTHER_CAUSAL_CONTEXT,0.05554910248233203,0.0616194003344375,0.05554910248233203,0
Dist_VAL_Ticks,AUCTION_THEORY,Prior_Closed_ATR5_Ticks_AtEntry,AUCTION_THEORY,0.055481075660108674,0.09707311634993,0.055481075660108674,0
TradesPerSecond,TIME_REGIME,PreBurst_Acceptance_Dwell_Ratio_5s,ACCEPTANCE_RECLAIM,0.05541404928095738,0.03399782113488132,0.05541404928095738,0
Score_AtEntry,OTHER_CAUSAL_CONTEXT,delta_persistence_3_5,PERSISTENCE_EXHAUSTION,-0.05540294424921236,-0.030408115260825208,0.05540294424921236,0
PreBurst_Impulse_Survival_Seconds,AUCTION_THEORY,Profile_Skewness,AUCTION_THEORY,0.05539732251299622,0.0437201267205777,0.05539732251299622,0
liquidity_absorption_score,OTHER_CAUSAL_CONTEXT,weekday_index,TIME_REGIME,0.05534874097116709,0.008770943394699854,0.05534874097116709,0
PreBurst_Rotation_Index_10s,TEMPORAL_SEQUENCE,Previous_Volume_AtEntry,FLOW_BURST_QUALITY,0.05524555019081387,0.09140159741274563,0.05524555019081387,0
price_impact_per_100_contracts,EFFORT_VS_RESULT,execution_cvd_alignment,OTHER_CAUSAL_CONTEXT,0.05520509814838385,0.04478591680801508,0.05520509814838385,0
Delta2s,FLOW_BURST_QUALITY,Signed_Previous_Delta_Share_AtEntry,FLOW_BURST_QUALITY,-0.05514636619078108,-0.12053302763377802,0.05514636619078108,0
Delta_AtEntry,FLOW_BURST_QUALITY,BreakOut_TICKS_PER_SEC_AtEntry,OTHER_CAUSAL_CONTEXT,-0.055101514897372035,-0.00999048840737158,0.055101514897372035,0
weekday_index,TIME_REGIME,distance_nearest_profile_reference_ticks,AUCTION_THEORY,0.055056104747598436,0.05856868985076726,0.055056104747598436,0
ContractsPerSecond,FLOW_BURST_QUALITY,Score_AtEntry,OTHER_CAUSAL_CONTEXT,0.055033637103306554,0.09584880284829307,0.055033637103306554,0
PreEntry_Directional_Efficiency3_AtEntry,OTHER_CAUSAL_CONTEXT,month_index,TIME_REGIME,0.05497079043141052,0.1012153623520774,0.05497079043141052,0
Profile_Position_Percentile,AUCTION_THEORY,delta_persistence_1_3,PERSISTENCE_EXHAUSTION,0.05494170373077851,0.08673785814856859,0.05494170373077851,0
Dist_HVN_Ticks,AUCTION_THEORY,PreBurst_Impulse_Decay_Slope_5s,PERSISTENCE_EXHAUSTION,-0.054870696610671225,-0.04233623506636325,0.054870696610671225,0
Signed_Delta_Share_AtEntry,FLOW_BURST_QUALITY,seconds_from_open,TIME_REGIME,0.05486193078412741,0.08200242731847175,0.05486193078412741,0
Signed_Delta_Share_AtEntry,FLOW_BURST_QUALITY,minute_from_open,TIME_REGIME,0.05486193078412741,0.08200242731847152,0.05486193078412741,0
Seconds_From_Open_AtEntry,TIME_REGIME,Signed_Delta_Share_AtEntry,FLOW_BURST_QUALITY,0.054846656880428835,0.08207528798502527,0.054846656880428835,0
Delta10s,FLOW_BURST_QUALITY,Prior_Closed_ATR3_Ticks_AtEntry,AUCTION_THEORY,-0.05484252022288287,-0.04441104789150044,0.05484252022288287,0
Buy_Imbalance_Count_AtEntry,FLOW_BURST_QUALITY,acceleration_velocity_ratio,PERSISTENCE_EXHAUSTION,0.05482486804380165,0.09756206679186032,0.05482486804380165,0
TradesPerSecond,TIME_REGIME,Seconds_From_Open_AtEntry,TIME_REGIME,-0.054782263465404844,0.03858318574379949,0.054782263465404844,0
PreBurst_Acceptance_Dwell_Ratio_5s,ACCEPTANCE_RECLAIM,Delta_AtEntry,FLOW_BURST_QUALITY,-0.054764612234626225,-0.0058931973355981085,0.054764612234626225,0
BuySellRatio,OTHER_CAUSAL_CONTEXT,vwap_poc_spread_ticks,AUCTION_THEORY,0.0547286630892243,0.039602751518026696,0.0547286630892243,0
Dist_VWAP_Ticks,AUCTION_THEORY,acceleration_velocity_ratio,PERSISTENCE_EXHAUSTION,0.054720186822012205,0.021499474573779178,0.054720186822012205,0
Delta2s,FLOW_BURST_QUALITY,PreBurst_Rotation_Index_10s,TEMPORAL_SEQUENCE,-0.054706280799012734,-0.02706196106109737,0.054706280799012734,0
TicksPerSecond,TIME_REGIME,delta_share_of_volume,FLOW_BURST_QUALITY,0.054703127013593734,0.039778360169848266,0.054703127013593734,0
Velocity1s,PERSISTENCE_EXHAUSTION,delta_share_of_volume,FLOW_BURST_QUALITY,0.054703127013593734,0.039778360169848266,0.054703127013593734,0
Delta3s,FLOW_BURST_QUALITY,vwap_poc_spread_ticks,AUCTION_THEORY,0.054655266001705734,0.028649221217710165,0.054655266001705734,0
CumulativeDeltaWindow,FLOW_BURST_QUALITY,vwap_poc_spread_ticks,AUCTION_THEORY,0.054655266001705734,0.028649221217710165,0.054655266001705734,0
range,OTHER_CAUSAL_CONTEXT,seconds_from_open,TIME_REGIME,0.05458625074021323,0.10197640306799419,0.05458625074021323,0
OR_WidthTicks,AUCTION_THEORY,seconds_from_open,TIME_REGIME,0.05458625074021323,0.10197640306799415,0.05458625074021323,0
OR_WidthTicks,AUCTION_THEORY,minute_from_open,TIME_REGIME,0.05458625074021323,0.10197640306799378,0.05458625074021323,0
range,OTHER_CAUSAL_CONTEXT,minute_from_open,TIME_REGIME,0.05458625074021323,0.10197640306799372,0.05458625074021323,0
Profile_Normalized_Entropy,AUCTION_THEORY,execution_cvd_alignment,OTHER_CAUSAL_CONTEXT,0.054484066548029945,0.07645036975329954,0.054484066548029945,0
Profile_Excess_Kurtosis,AUCTION_THEORY,Delta_Change_AtEntry,FLOW_BURST_QUALITY,0.054433563442942055,0.09263360755124021,0.054433563442942055,0
DeltaChangeZScore,FLOW_BURST_QUALITY,Previous_Volume_AtEntry,FLOW_BURST_QUALITY,0.05439022902335088,0.005175058005909227,0.05439022902335088,0
Buy_Imbalance_Count_AtEntry,FLOW_BURST_QUALITY,profile_confluence_4t,AUCTION_THEORY,-0.05438607613077973,-0.01344174763849183,0.05438607613077973,0
PreBurst_Acceptance_Dwell_Ratio_5s,ACCEPTANCE_RECLAIM,distance_nearest_profile_reference_ticks,AUCTION_THEORY,-0.054378774280805696,-0.07654549417817155,0.054378774280805696,0
Nearest_OR_Edge_Acceptance_Ratio3_AtEntry,ACCEPTANCE_RECLAIM,or_position_fraction,AUCTION_THEORY,0.05436577876448051,0.012476347115290169,0.05436577876448051,0
DeltaChange1s,FLOW_BURST_QUALITY,profile_confluence_4t,AUCTION_THEORY,-0.05436310176935739,-0.04880356344346732,0.05436310176935739,0
TradesPerSecond,TIME_REGIME,price_impact_per_100_contracts,EFFORT_VS_RESULT,-0.054333597026480634,-0.0789804599325749,0.054333597026480634,0
Acceleration1s,PERSISTENCE_EXHAUSTION,burst_efficiency_score,EFFORT_VS_RESULT,-0.054297580286851124,-0.09705290148594314,0.054297580286851124,0
ContractsPerSecond,FLOW_BURST_QUALITY,Acceleration3s,PERSISTENCE_EXHAUSTION,-0.05427565480174607,-0.02507691422956054,0.05427565480174607,0
PeakPositiveDelta,FLOW_BURST_QUALITY,signed_velocity_3s,PERSISTENCE_EXHAUSTION,-0.054240878317569664,0.06589650121020565,0.054240878317569664,0
Velocity3s,PERSISTENCE_EXHAUSTION,acceleration_velocity_ratio,PERSISTENCE_EXHAUSTION,0.05423680204920391,0.06923445037564693,0.05423680204920391,0
profile_confluence_4t,AUCTION_THEORY,or_position_fraction,AUCTION_THEORY,0.0542319917941539,0.006208422020289733,0.0542319917941539,0
DeltaChange1s,FLOW_BURST_QUALITY,Nearest_OR_Edge_Acceptance_Ratio3_AtEntry,ACCEPTANCE_RECLAIM,-0.05414844621498543,-0.044486983678323655,0.05414844621498543,0
Profile_Excess_Kurtosis,AUCTION_THEORY,weekday_index,TIME_REGIME,0.05411079131527028,-0.051381945447505774,0.05411079131527028,0
OR_WidthTicks,AUCTION_THEORY,Seconds_From_Open_AtEntry,TIME_REGIME,0.054096509020109776,0.10196972617143613,0.054096509020109776,0
range,OTHER_CAUSAL_CONTEXT,Seconds_From_Open_AtEntry,TIME_REGIME,0.054096509020109776,0.10196972617143625,0.054096509020109776,0
BuySellRatio,OTHER_CAUSAL_CONTEXT,signed_delta_1s,FLOW_BURST_QUALITY,-0.054090822728716986,-0.04266667595821373,0.054090822728716986,0
Delta3s,FLOW_BURST_QUALITY,Body_OR_Ratio_AtEntry,AUCTION_THEORY,0.05397924694184441,0.03440162679225718,0.05397924694184441,0
CumulativeDeltaWindow,FLOW_BURST_QUALITY,Body_OR_Ratio_AtEntry,AUCTION_THEORY,0.05397924694184441,0.03440162679225718,0.05397924694184441,0
Dist_POC_Ticks,AUCTION_THEORY,Body_AtEntry,OTHER_CAUSAL_CONTEXT,-0.05390523808518559,-0.046510005801642426,0.05390523808518559,0
Delta5s,FLOW_BURST_QUALITY,PreBurst_Rotation_Index_10s,TEMPORAL_SEQUENCE,-0.053818448358751894,-0.02560232197098546,0.053818448358751894,0
Nearest_OR_Edge_Acceptance_Ratio3_AtEntry,ACCEPTANCE_RECLAIM,velocity_consistency,PERSISTENCE_EXHAUSTION,-0.05381767917830531,-0.028797187070472286,0.05381767917830531,0
Delta_AtEntry,FLOW_BURST_QUALITY,Body_OR_Ratio_AtEntry,AUCTION_THEORY,0.053784333757099984,0.08927489891499125,0.053784333757099984,0
DeltaChange1s,FLOW_BURST_QUALITY,Body_OR_Ratio_AtEntry,AUCTION_THEORY,0.0537467627371846,0.027324488573062293,0.0537467627371846,0
TradesPerSecond,TIME_REGIME,minute_from_open,TIME_REGIME,-0.05373889056314362,0.03864887295341081,0.05373889056314362,0
TradesPerSecond,TIME_REGIME,seconds_from_open,TIME_REGIME,-0.05373889056314362,0.03864887295341061,0.05373889056314362,0
Velocity1s,PERSISTENCE_EXHAUSTION,signed_velocity_decay_1_5,PERSISTENCE_EXHAUSTION,0.053734157508328224,-0.028701977608601766,0.053734157508328224,0
TicksPerSecond,TIME_REGIME,signed_velocity_decay_1_5,PERSISTENCE_EXHAUSTION,0.053734157508328224,-0.028701977608601766,0.053734157508328224,0
Acceleration1s,PERSISTENCE_EXHAUSTION,absorption_pressure_1s,EFFORT_VS_RESULT,0.0537173670887015,0.04989595909220537,0.0537173670887015,0
Dist_VWAP_Ticks,AUCTION_THEORY,velocity_consistency,PERSISTENCE_EXHAUSTION,0.0536776064557887,0.064819883869456,0.0536776064557887,0
Delta5s,FLOW_BURST_QUALITY,directional_poc_distance,AUCTION_THEORY,-0.05362632477432875,-0.009332351263349121,0.05362632477432875,0
Body_OR_Ratio_AtEntry,AUCTION_THEORY,Signed_Delta_Share_AtEntry,FLOW_BURST_QUALITY,-0.053625127635211996,0.049845403339524155,0.053625127635211996,0
Dist_POC_Ticks,AUCTION_THEORY,Body_OR_Ratio_AtEntry,AUCTION_THEORY,-0.05356953542811052,-0.07450140207478957,0.05356953542811052,0
PreEntry_Directional_Efficiency3_AtEntry,OTHER_CAUSAL_CONTEXT,signed_velocity_1s,PERSISTENCE_EXHAUSTION,0.0535654273688525,-0.024139156795116024,0.0535654273688525,0
Dist_HVN_Ticks,AUCTION_THEORY,price_impact_per_100_contracts,EFFORT_VS_RESULT,-0.05356108661558606,-0.0961013040706507,0.05356108661558606,0
ContractsPerSecond,FLOW_BURST_QUALITY,Directional_OR_Extension_Ticks_AtEntry,AUCTION_THEORY,-0.053543612362676754,-0.09302389664360383,0.053543612362676754,0
Delta_Change_AtEntry,FLOW_BURST_QUALITY,vwap_poc_spread_ticks,AUCTION_THEORY,0.053481029595828046,-0.0006395832503768154,0.053481029595828046,0
OR_WidthTicks,AUCTION_THEORY,execution_cvd_alignment,OTHER_CAUSAL_CONTEXT,0.05345061403598934,-0.004855739004178125,0.05345061403598934,0
range,OTHER_CAUSAL_CONTEXT,execution_cvd_alignment,OTHER_CAUSAL_CONTEXT,0.05345061403598934,-0.004855739004178089,0.05345061403598934,0
Acceleration1s,PERSISTENCE_EXHAUSTION,flow_price_alignment,OTHER_CAUSAL_CONTEXT,-0.05339560664163836,-0.044481148252269856,0.05339560664163836,0
Delta1s,FLOW_BURST_QUALITY,PreBurst_Rotation_Index_10s,TEMPORAL_SEQUENCE,-0.05333416933662451,-0.038545565863603,0.05333416933662451,0
Sell_Imbalance_Count_AtEntry,FLOW_BURST_QUALITY,execution_cvd_alignment,OTHER_CAUSAL_CONTEXT,0.053258150176035766,0.08192274087137098,0.053258150176035766,0
Acceleration3s,PERSISTENCE_EXHAUSTION,weekday_index,TIME_REGIME,-0.053220503456562894,-0.031373138400277584,0.053220503456562894,0
PreBurst_Acceptance_Dwell_Ratio_5s,ACCEPTANCE_RECLAIM,signed_delta_1s,FLOW_BURST_QUALITY,-0.053219953268611814,0.010300542854169401,0.053219953268611814,0
TradesPerSecond,TIME_REGIME,Prior_Closed_ATR5_Ticks_AtEntry,AUCTION_THEORY,-0.05320230826080187,0.023304800009350687,0.05320230826080187,0
PeakNegativeDelta,FLOW_BURST_QUALITY,Nearest_OR_Edge_Acceptance_Ratio3_AtEntry,ACCEPTANCE_RECLAIM,-0.05317641637925291,-0.08382547326168646,0.05317641637925291,0
Dist_OR_Low_Ticks,AUCTION_THEORY,PreBurst_Reclaim_Count_10s,ACCEPTANCE_RECLAIM,0.05307740126222484,0.045768912223719864,0.05307740126222484,0
Dist_LVN_Ticks,AUCTION_THEORY,delta_share_of_volume,FLOW_BURST_QUALITY,0.05305229141517214,0.05271286046397234,0.05305229141517214,0
Buy_Imbalance_Count_AtEntry,FLOW_BURST_QUALITY,Directional_VWAP_Distance_Ticks_AtEntry,AUCTION_THEORY,-0.05297805714686915,-0.03598545010961208,0.05297805714686915,0
Velocity5s,PERSISTENCE_EXHAUSTION,execution_cvd_alignment,OTHER_CAUSAL_CONTEXT,0.05294550490796634,0.06889321681132721,0.05294550490796634,0
Delta_AtEntry,FLOW_BURST_QUALITY,Seconds_From_Open_AtEntry,TIME_REGIME,-0.05292674678393755,-0.10275982025198882,0.05292674678393755,0
Velocity3s,PERSISTENCE_EXHAUSTION,Dist_LVN_Ticks,AUCTION_THEORY,-0.05288356046519837,-0.0510160013904827,0.05288356046519837,0
Profile_Normalized_Entropy,AUCTION_THEORY,liquidity_absorption_score,OTHER_CAUSAL_CONTEXT,0.052858560894045926,0.12350147698105494,0.052858560894045926,0
Velocity3s,PERSISTENCE_EXHAUSTION,Directional_VWAP_Distance_Ticks_AtEntry,AUCTION_THEORY,-0.05285837130345065,-0.04726221924567895,0.05285837130345065,0
Dist_POC_Ticks,AUCTION_THEORY,Signed_Delta_Share_AtEntry,FLOW_BURST_QUALITY,0.05282697963780455,0.06510901767692792,0.05282697963780455,0
PeakPositiveDelta,FLOW_BURST_QUALITY,PreBurst_Rotation_Index_10s,TEMPORAL_SEQUENCE,0.05280580307195791,0.03232931879925699,0.05280580307195791,0
flow_price_alignment,OTHER_CAUSAL_CONTEXT,vwap_poc_spread_ticks,AUCTION_THEORY,0.05278909332553211,0.07594526861066235,0.05278909332553211,0
Profile_Skewness,AUCTION_THEORY,Directional_OR_Extension_Ticks_AtEntry,AUCTION_THEORY,0.052752389571208196,0.014868801258428923,0.052752389571208196,0
Delta5s,FLOW_BURST_QUALITY,BreakOut_TICKS_PER_SEC_AtEntry,OTHER_CAUSAL_CONTEXT,-0.052724877299580426,0.03940402633999528,0.052724877299580426,0
PreBurst_Acceptance_Dwell_Ratio_5s,ACCEPTANCE_RECLAIM,signed_velocity_decay_1_5,PERSISTENCE_EXHAUSTION,0.05271134205161908,-0.027193003760012577,0.05271134205161908,0
Delta_AtEntry,FLOW_BURST_QUALITY,delta_persistence_3_5,PERSISTENCE_EXHAUSTION,0.052689824645523665,-0.0025898379780046883,0.052689824645523665,0
TradesPerSecond,TIME_REGIME,Profile_Skewness,AUCTION_THEORY,0.052684474383031574,0.02358286851441789,0.052684474383031574,0
Dist_OR_Low_Ticks,AUCTION_THEORY,PreBurst_Rotation_Index_10s,TEMPORAL_SEQUENCE,0.052600098585036066,0.07922249333694661,0.052600098585036066,0
Delta_AtEntry,FLOW_BURST_QUALITY,minute_from_open,TIME_REGIME,-0.052570398777332786,-0.10280668011825542,0.052570398777332786,0
Delta_AtEntry,FLOW_BURST_QUALITY,seconds_from_open,TIME_REGIME,-0.052570398777332786,-0.10280668011825544,0.052570398777332786,0
Delta2s,FLOW_BURST_QUALITY,liquidity_absorption_score,OTHER_CAUSAL_CONTEXT,-0.052543127963461236,-0.07357685413693359,0.052543127963461236,0
Delta1s,FLOW_BURST_QUALITY,PreEntry_Volume_Climax_Ratio_AtEntry,FLOW_BURST_QUALITY,-0.052530074051891036,-0.06817196416526262,0.052530074051891036,0
Signed_Previous_Delta_Share_AtEntry,FLOW_BURST_QUALITY,or_position_fraction,AUCTION_THEORY,0.05250288725706385,0.012236784264948408,0.05250288725706385,0
PreBurst_Reclaim_Count_10s,ACCEPTANCE_RECLAIM,signed_delta_decay_1_5,PERSISTENCE_EXHAUSTION,0.05244922028218254,0.0780730299644129,0.05244922028218254,0
Dist_HVN_Ticks,AUCTION_THEORY,delta_share_of_volume,FLOW_BURST_QUALITY,0.05244014038567149,0.09031790330006924,0.05244014038567149,0
Profile_Position_Percentile,AUCTION_THEORY,Body_OR_Ratio_AtEntry,AUCTION_THEORY,0.05242349248437382,-0.04028028888607632,0.05242349248437382,0
Dist_OR_High_Ticks,AUCTION_THEORY,delta_persistence_3_5,PERSISTENCE_EXHAUSTION,0.05240597657868071,0.015825097985865646,0.05240597657868071,0
Seconds_From_Open_AtEntry,TIME_REGIME,velocity_consistency,PERSISTENCE_EXHAUSTION,0.0523641721488576,0.06410152237741537,0.0523641721488576,0
Delta2s,FLOW_BURST_QUALITY,PreEntry_Range_Compression3_AtEntry,OTHER_CAUSAL_CONTEXT,0.05235278272676059,0.06511542682909853,0.05235278272676059,0
PreBurst_Path_Efficiency_10s,TEMPORAL_SEQUENCE,PreEntry_Volume_Climax_Ratio_AtEntry,FLOW_BURST_QUALITY,0.052332636407049764,0.05956558932419434,0.052332636407049764,0
Cumulative_Delta_AtEntry,FLOW_BURST_QUALITY,directional_poc_distance,AUCTION_THEORY,0.05231053514351507,0.08043593776936407,0.05231053514351507,0
PreBurst_Reclaim_Count_10s,ACCEPTANCE_RECLAIM,Profile_Normalized_Entropy,AUCTION_THEORY,-0.05224767657567604,-0.03357918994865303,0.05224767657567604,0
Delta_Change_AtEntry,FLOW_BURST_QUALITY,PreEntry_Volume_Climax_Ratio_AtEntry,FLOW_BURST_QUALITY,0.0522398004653451,0.07719944181838033,0.0522398004653451,0
Dist_VWAP_Ticks,AUCTION_THEORY,PreBurst_Local_Entropy_10s,TEMPORAL_SEQUENCE,0.05220935314822523,0.0729220080000477,0.05220935314822523,0
PreEntry_Volume_Climax_Ratio_AtEntry,FLOW_BURST_QUALITY,signed_delta_decay_1_5,PERSISTENCE_EXHAUSTION,-0.05220490667038522,-0.07967874950335314,0.05220490667038522,0
Velocity3s,PERSISTENCE_EXHAUSTION,delta_share_of_volume,FLOW_BURST_QUALITY,0.05216190154749771,0.03368489201815009,0.05216190154749771,0
Buy_Imbalance_Count_AtEntry,FLOW_BURST_QUALITY,distance_nearest_or_edge_ticks,AUCTION_THEORY,-0.0521451829082796,0.04851896337625447,0.0521451829082796,0
Buy_Imbalance_Count_AtEntry,FLOW_BURST_QUALITY,Nearest_OR_Edge_Distance_Ticks_AtEntry,AUCTION_THEORY,-0.0521451829082796,0.04851896337625438,0.0521451829082796,0
Cumulative_Delta_AtEntry,FLOW_BURST_QUALITY,signed_delta_decay_1_5,PERSISTENCE_EXHAUSTION,-0.05210489476646241,-0.09713049982481559,0.05210489476646241,0
Acceleration3s,PERSISTENCE_EXHAUSTION,delta_persistence_1_3,PERSISTENCE_EXHAUSTION,0.052061407835538746,0.050014302726547735,0.052061407835538746,0
PreEntry_Volume_Climax_Ratio_AtEntry,FLOW_BURST_QUALITY,signed_acceleration_1s,PERSISTENCE_EXHAUSTION,-0.051994187973077734,-0.02992038396079233,0.051994187973077734,0
DeltaChangeZScore,FLOW_BURST_QUALITY,PreBurst_Rotation_Index_10s,TEMPORAL_SEQUENCE,-0.05198854815178596,-0.06245352510801539,0.05198854815178596,0
Profile_Effective_Nodes,AUCTION_THEORY,month_index,TIME_REGIME,0.051959020021679736,-0.03279459629321894,0.051959020021679736,0
Dist_VWAP_Ticks,AUCTION_THEORY,distance_nearest_profile_reference_ticks,AUCTION_THEORY,0.051958198475473706,0.07237383120356222,0.051958198475473706,0
price_impact_per_100_contracts,EFFORT_VS_RESULT,delta_share_of_volume,FLOW_BURST_QUALITY,0.05189338122399896,0.034780850147198165,0.05189338122399896,0
Sell_Imbalance_Count_AtEntry,FLOW_BURST_QUALITY,vwap_poc_spread_ticks,AUCTION_THEORY,-0.05180828265080844,-0.050126236185729166,0.05180828265080844,0
directional_poc_distance,AUCTION_THEORY,distance_nearest_profile_reference_ticks,AUCTION_THEORY,-0.05180474529201739,-0.05770834959316845,0.05180474529201739,0
TradesPerSecond,TIME_REGIME,Volume_AtEntry,FLOW_BURST_QUALITY,-0.05178012583417255,-0.05764992641070669,0.05178012583417255,0
Delta_AtEntry,FLOW_BURST_QUALITY,signed_velocity_3s,PERSISTENCE_EXHAUSTION,-0.051772606609830955,-0.011784440855819206,0.051772606609830955,0
TradesPerSecond,TIME_REGIME,Directional_VWAP_Distance_Ticks_AtEntry,AUCTION_THEORY,-0.05175117230148592,-0.06073286522700934,0.05175117230148592,0
Profile_Position_Percentile,AUCTION_THEORY,weekday_index,TIME_REGIME,-0.05173767607102446,-0.03266950224805809,0.05173767607102446,0
Velocity5s,PERSISTENCE_EXHAUSTION,signed_velocity_3s,PERSISTENCE_EXHAUSTION,-0.0517337150773881,0.03648963916947028,0.0517337150773881,0
PreBurst_Acceptance_Dwell_Ratio_5s,ACCEPTANCE_RECLAIM,Delta_Change_AtEntry,FLOW_BURST_QUALITY,0.05171086212439457,0.10799824968184746,0.05171086212439457,0
Nearest_OR_Edge_Distance_Ticks_AtEntry,AUCTION_THEORY,weekday_index,TIME_REGIME,-0.051651953165188676,-0.03551024606636145,0.051651953165188676,0
weekday_index,TIME_REGIME,distance_nearest_or_edge_ticks,AUCTION_THEORY,-0.051651953165188676,-0.03551024606636146,0.051651953165188676,0
Delta3s,FLOW_BURST_QUALITY,PreEntry_Directional_Delta_Share3_AtEntry,FLOW_BURST_QUALITY,0.05160541187551967,-0.027544006120876176,0.05160541187551967,0
CumulativeDeltaWindow,FLOW_BURST_QUALITY,PreEntry_Directional_Delta_Share3_AtEntry,FLOW_BURST_QUALITY,0.05160541187551967,-0.027544006120876176,0.05160541187551967,0
Profile_Concentration,AUCTION_THEORY,Signed_Previous_Delta_Share_AtEntry,FLOW_BURST_QUALITY,-0.05143525653243044,-0.07802291716031323,0.05143525653243044,0
Profile_Position_Percentile,AUCTION_THEORY,acceleration_velocity_ratio,PERSISTENCE_EXHAUSTION,0.051415392584967405,0.0377098489632135,0.051415392584967405,0
Delta10s,FLOW_BURST_QUALITY,liquidity_absorption_score,OTHER_CAUSAL_CONTEXT,-0.05141434443315407,-0.08588476359068554,0.05141434443315407,0
PreBurst_Acceptance_Dwell_Ratio_5s,ACCEPTANCE_RECLAIM,Profile_Std_Ticks,AUCTION_THEORY,0.051393604020339566,-0.03313029176675466,0.051393604020339566,0
CumulativeDeltaWindow,FLOW_BURST_QUALITY,profile_confluence_4t,AUCTION_THEORY,-0.05138716496939816,-0.04761346313290343,0.05138716496939816,0
Delta3s,FLOW_BURST_QUALITY,profile_confluence_4t,AUCTION_THEORY,-0.05138716496939816,-0.04761346313290343,0.05138716496939816,0
Profile_Normalized_Entropy,AUCTION_THEORY,directional_poc_distance,AUCTION_THEORY,0.0513550720149211,-0.005348204687372039,0.0513550720149211,0
velocity_consistency,PERSISTENCE_EXHAUSTION,minute_from_open,TIME_REGIME,0.05133265133515835,0.06409394664922986,0.05133265133515835,0
velocity_consistency,PERSISTENCE_EXHAUSTION,seconds_from_open,TIME_REGIME,0.05133265133515835,0.06409394664922981,0.05133265133515835,0
PeakPositiveDelta,FLOW_BURST_QUALITY,PreBurst_Price_Per_Volume_3s,EFFORT_VS_RESULT,-0.05129327745718176,-0.04729397405997371,0.05129327745718176,0
Acceleration3s,PERSISTENCE_EXHAUSTION,BreakOut_TICKS_PER_SEC_AtEntry,OTHER_CAUSAL_CONTEXT,-0.05126349942981072,0.10746959681683078,0.05126349942981072,0
Body_AtEntry,OTHER_CAUSAL_CONTEXT,PreEntry_Directional_Delta_Share3_AtEntry,FLOW_BURST_QUALITY,-0.051261047233534536,-0.06322589997599512,0.051261047233534536,0
ContractsPerSecond,FLOW_BURST_QUALITY,or_position_fraction,AUCTION_THEORY,-0.05117372806705187,-0.05242734467716093,0.05117372806705187,0
PreBurst_Rotation_Index_10s,TEMPORAL_SEQUENCE,PreBurst_Price_Per_Delta_3s,EFFORT_VS_RESULT,-0.05110101001268877,-0.030267488906892168,0.05110101001268877,0
Dist_VAH_Ticks,AUCTION_THEORY,Body_AtEntry,OTHER_CAUSAL_CONTEXT,-0.05107041691812571,-0.10815073327637235,0.05107041691812571,0
Delta10s,FLOW_BURST_QUALITY,Volume_AtEntry,FLOW_BURST_QUALITY,0.050983363734713835,0.051771439568523564,0.050983363734713835,0
Body_AtEntry,OTHER_CAUSAL_CONTEXT,Directional_VWAP_Distance_Ticks_AtEntry,AUCTION_THEORY,-0.050943677884750065,0.010331787844345148,0.050943677884750065,0
Acceleration1s,PERSISTENCE_EXHAUSTION,BreakOut_TICKS_PER_SEC_AtEntry,OTHER_CAUSAL_CONTEXT,-0.05088884622763567,0.04671748488514806,0.05088884622763567,0
Dist_HVN_Ticks,AUCTION_THEORY,Profile_Skewness,AUCTION_THEORY,0.050860114796939526,-0.05290985658663909,0.050860114796939526,0
Prior_Closed_ATR5_Ticks_AtEntry,AUCTION_THEORY,signed_delta_1s,FLOW_BURST_QUALITY,-0.05063910426822988,-0.032616443968470916,0.05063910426822988,0
DeltaChangeZScore,FLOW_BURST_QUALITY,acceleration_velocity_ratio,PERSISTENCE_EXHAUSTION,0.05062679861839783,0.11295360816098964,0.05062679861839783,0
PreBurst_Price_Per_Volume_3s,EFFORT_VS_RESULT,minute_from_open,TIME_REGIME,-0.05062193698358706,0.02610694351217149,0.05062193698358706,0
PreBurst_Price_Per_Volume_3s,EFFORT_VS_RESULT,seconds_from_open,TIME_REGIME,-0.05062193698358706,0.026106943512171715,0.05062193698358706,0
Body_AtEntry,OTHER_CAUSAL_CONTEXT,Nearest_OR_Edge_Acceptance_Ratio3_AtEntry,ACCEPTANCE_RECLAIM,-0.050575082253170756,-0.038373330860368884,0.050575082253170756,0
Profile_Local_Maxima_Count,AUCTION_THEORY,PreEntry_Directional_Delta_Share3_AtEntry,FLOW_BURST_QUALITY,-0.050531132551112676,-0.06228051429731036,0.050531132551112676,0
Cumulative_Delta_AtEntry,FLOW_BURST_QUALITY,vwap_poc_spread_ticks,AUCTION_THEORY,-0.0504730510723918,-0.027700029646257743,0.0504730510723918,0
Previous_Volume_AtEntry,FLOW_BURST_QUALITY,Directional_VWAP_Distance_Ticks_AtEntry,AUCTION_THEORY,-0.050470964586445906,-0.01909306592592734,0.050470964586445906,0
Delta2s,FLOW_BURST_QUALITY,signed_acceleration_1s,PERSISTENCE_EXHAUSTION,0.050463326598011095,0.07061957473170542,0.050463326598011095,0
Delta10s,FLOW_BURST_QUALITY,Signed_Previous_Delta_Share_AtEntry,FLOW_BURST_QUALITY,-0.050363916478043606,-0.0967197892548512,0.050363916478043606,0
Profile_Normalized_Entropy,AUCTION_THEORY,PreEntry_Volume_Climax_Ratio_AtEntry,FLOW_BURST_QUALITY,0.050334998391452654,0.060529639796240445,0.050334998391452654,0
acceleration_velocity_ratio,PERSISTENCE_EXHAUSTION,seconds_from_open,TIME_REGIME,-0.05028976035115313,0.07420378467934889,0.05028976035115313,0
acceleration_velocity_ratio,PERSISTENCE_EXHAUSTION,minute_from_open,TIME_REGIME,-0.05028976035115313,0.07420378467934902,0.05028976035115313,0
BuySellRatio,OTHER_CAUSAL_CONTEXT,signed_delta_change_1s,FLOW_BURST_QUALITY,-0.05024023574410225,-0.048984247263711145,0.05024023574410225,0
Delta_AtEntry,FLOW_BURST_QUALITY,delta_share_of_volume,FLOW_BURST_QUALITY,-0.05022160051142238,-0.0524640183807218,0.05022160051142238,0
Dist_LVN_Ticks,AUCTION_THEORY,profile_confluence_4t,AUCTION_THEORY,0.05021714651534952,0.038909808620472525,0.05021714651534952,0
PreBurst_Rotation_Index_10s,TEMPORAL_SEQUENCE,Buy_Imbalance_Count_AtEntry,FLOW_BURST_QUALITY,-0.05020111766019126,-0.06794088939494781,0.05020111766019126,0
TradesPerSecond,TIME_REGIME,Profile_Local_Maxima_Count,AUCTION_THEORY,0.05016249814035671,0.11913565806249131,0.05016249814035671,0
TradesPerSecond,TIME_REGIME,Dist_OR_Low_Ticks,AUCTION_THEORY,-0.05004014807747763,0.027237160682208463,0.05004014807747763,0
Previous_Volume_AtEntry,FLOW_BURST_QUALITY,execution_cvd_alignment,OTHER_CAUSAL_CONTEXT,-0.0500035224864303,-0.06309660107728493,0.0500035224864303,0
PreBurst_Path_Efficiency_10s,TEMPORAL_SEQUENCE,signed_velocity_decay_1_5,PERSISTENCE_EXHAUSTION,-0.04996607909804629,-0.08707316772977661,0.04996607909804629,0
Seconds_From_Open_AtEntry,TIME_REGIME,acceleration_velocity_ratio,PERSISTENCE_EXHAUSTION,-0.04995110620992048,0.07424053266135318,0.04995110620992048,0
Profile_Effective_Nodes,AUCTION_THEORY,Previous_Delta_AtEntry,FLOW_BURST_QUALITY,-0.049944988381040806,-0.024058711512497086,0.049944988381040806,0
PreBurst_Local_Entropy_10s,TEMPORAL_SEQUENCE,PreEntry_Range_Compression3_AtEntry,OTHER_CAUSAL_CONTEXT,-0.04993594874433729,-0.20014834793804484,0.04993594874433729,0
Delta10s,FLOW_BURST_QUALITY,signed_acceleration_1s,PERSISTENCE_EXHAUSTION,0.04991990949722238,0.049469264912863305,0.04991990949722238,0
Delta10s,FLOW_BURST_QUALITY,PreBurst_Acceptance_Dwell_Ratio_5s,ACCEPTANCE_RECLAIM,-0.04989714830865067,-0.021269795137913352,0.04989714830865067,0
Velocity5s,PERSISTENCE_EXHAUSTION,Body_AtEntry,OTHER_CAUSAL_CONTEXT,-0.04989605441435725,-0.007273667503465196,0.04989605441435725,0
Directional_VWAP_Distance_Ticks_AtEntry,AUCTION_THEORY,execution_side_sign,OTHER_CAUSAL_CONTEXT,0.04984569742362978,0.05808545496697471,0.04984569742362978,0
Delta1s,FLOW_BURST_QUALITY,liquidity_absorption_score,OTHER_CAUSAL_CONTEXT,-0.049840825616354396,-0.0674239207803092,0.049840825616354396,0
PreBurst_Price_Per_Volume_3s,EFFORT_VS_RESULT,Seconds_From_Open_AtEntry,TIME_REGIME,-0.04982688592736871,0.026080233753505114,0.04982688592736871,0
BuySellRatio,OTHER_CAUSAL_CONTEXT,PreBurst_Impulse_Survival_Seconds,AUCTION_THEORY,-0.04982257768205401,-0.017567652987938737,0.04982257768205401,0
DeltaPercentile,FLOW_BURST_QUALITY,Buy_Imbalance_Count_AtEntry,FLOW_BURST_QUALITY,0.04982115593330862,0.02928636741193228,0.04982115593330862,0
Profile_Excess_Kurtosis,AUCTION_THEORY,PreEntry_Range_Compression3_AtEntry,OTHER_CAUSAL_CONTEXT,-0.049816351218713535,-0.028686404674580446,0.049816351218713535,0
ContractsPerSecond,FLOW_BURST_QUALITY,Nearest_OR_Edge_Acceptance_Ratio3_AtEntry,ACCEPTANCE_RECLAIM,-0.04972346632496425,0.07835568795340739,0.04972346632496425,0
Dist_OR_High_Ticks,AUCTION_THEORY,Nearest_OR_Edge_Acceptance_Ratio3_AtEntry,ACCEPTANCE_RECLAIM,0.04963214894628783,-0.0024277010673228816,0.04963214894628783,0
Dist_VWAP_Ticks,AUCTION_THEORY,flow_price_alignment,OTHER_CAUSAL_CONTEXT,0.04960593877049193,0.0708745844216752,0.04960593877049193,0
Dist_VAL_Ticks,AUCTION_THEORY,Nearest_OR_Edge_Acceptance_Ratio3_AtEntry,ACCEPTANCE_RECLAIM,-0.0495673423084779,-0.05150178610045765,0.0495673423084779,0
execution_side_sign,OTHER_CAUSAL_CONTEXT,vwap_poc_spread_ticks,AUCTION_THEORY,-0.04949712611297503,0.0006073832975579433,0.04949712611297503,0
Body_AtEntry,OTHER_CAUSAL_CONTEXT,Cumulative_Delta_AtEntry,FLOW_BURST_QUALITY,-0.04938457198540227,-0.038762291365927105,0.04938457198540227,0
Delta5s,FLOW_BURST_QUALITY,velocity_consistency,PERSISTENCE_EXHAUSTION,0.04936581584614634,0.056711098325997716,0.04936581584614634,0
BreakOut_TICKS_PER_SEC_AtEntry,OTHER_CAUSAL_CONTEXT,Sell_Imbalance_Count_AtEntry,FLOW_BURST_QUALITY,-0.04935313659978152,-0.055487031963063246,0.04935313659978152,0
signed_delta_1s,FLOW_BURST_QUALITY,minute_from_open,TIME_REGIME,0.04934428493309865,0.0584764980707277,0.04934428493309865,0
signed_delta_1s,FLOW_BURST_QUALITY,seconds_from_open,TIME_REGIME,0.04934428493309865,0.058476498070727446,0.04934428493309865,0
Profile_Normalized_Entropy,AUCTION_THEORY,signed_velocity_1s,PERSISTENCE_EXHAUSTION,-0.04932456424184572,-0.0012369200029653854,0.04932456424184572,0
Delta10s,FLOW_BURST_QUALITY,vwap_poc_spread_ticks,AUCTION_THEORY,0.04929228497603674,0.0019963342072867466,0.04929228497603674,0
PreBurst_Local_Entropy_10s,TEMPORAL_SEQUENCE,PreBurst_Price_Per_Delta_3s,EFFORT_VS_RESULT,-0.0492862040073436,-0.05931728713825055,0.0492862040073436,0
Delta5s,FLOW_BURST_QUALITY,Seconds_From_Open_AtEntry,TIME_REGIME,-0.049239351257486706,-0.10824496838938813,0.049239351257486706,0
Profile_Skewness,AUCTION_THEORY,directional_vwap_distance,AUCTION_THEORY,-0.04912881544586669,-0.01875362174023287,0.04912881544586669,0
Profile_Position_Percentile,AUCTION_THEORY,Volume_AtEntry,FLOW_BURST_QUALITY,0.049096765203152294,0.07082987201061451,0.049096765203152294,0
DeltaChange1s,FLOW_BURST_QUALITY,mean_trade_size,FLOW_BURST_QUALITY,-0.04906087686365253,0.05885138419955541,0.04906087686365253,0
TradesPerSecond,TIME_REGIME,Delta_AtEntry,FLOW_BURST_QUALITY,-0.04904394178049204,-0.021209854700626214,0.04904394178049204,0
Delta10s,FLOW_BURST_QUALITY,Directional_OR_Extension_Ticks_AtEntry,AUCTION_THEORY,0.049023231273935854,-0.03598058929006445,0.049023231273935854,0
PreEntry_Directional_Delta_Share3_AtEntry,FLOW_BURST_QUALITY,mean_trade_size,FLOW_BURST_QUALITY,-0.04901816700154618,0.0767624768191968,0.04901816700154618,0
ContractsPerSecond,FLOW_BURST_QUALITY,Profile_Local_Maxima_Count,AUCTION_THEORY,0.04900033688267322,0.10467514053671766,0.04900033688267322,0
PreBurst_Impulse_Decay_Slope_5s,PERSISTENCE_EXHAUSTION,Seconds_From_Open_AtEntry,TIME_REGIME,-0.04897583681688199,0.07408118036279762,0.04897583681688199,0
PeakPositiveDelta,FLOW_BURST_QUALITY,DeltaPercentile,FLOW_BURST_QUALITY,0.04891198579030773,0.04503288026979925,0.04891198579030773,0
Velocity3s,PERSISTENCE_EXHAUSTION,directional_vwap_distance,AUCTION_THEORY,-0.04890600282275203,0.07394754469035093,0.04890600282275203,0
delta_persistence_1_3,PERSISTENCE_EXHAUSTION,delta_persistence_3_5,PERSISTENCE_EXHAUSTION,-0.048836821015138025,-0.0501746145102932,0.048836821015138025,0
Profile_Concentration,AUCTION_THEORY,signed_delta_1s,FLOW_BURST_QUALITY,0.04883186522271589,-0.03227868515078632,0.04883186522271589,0
Acceleration3s,PERSISTENCE_EXHAUSTION,PreBurst_Impulse_Decay_Slope_5s,PERSISTENCE_EXHAUSTION,-0.04878993421361742,0.056295540049525146,0.04878993421361742,0
Delta10s,FLOW_BURST_QUALITY,Signed_Delta_Share_AtEntry,FLOW_BURST_QUALITY,-0.04876871443434823,-0.02351227302472879,0.04876871443434823,0
BuySellRatio,OTHER_CAUSAL_CONTEXT,distance_nearest_profile_reference_ticks,AUCTION_THEORY,-0.048704134185404986,-0.08937641064529073,0.048704134185404986,0
or_position_fraction,AUCTION_THEORY,vwap_poc_spread_ticks,AUCTION_THEORY,0.04868009140720113,0.0744558616377192,0.04868009140720113,0
Dist_HVN_Ticks,AUCTION_THEORY,Signed_Delta_Share_AtEntry,FLOW_BURST_QUALITY,0.048654073395531024,-0.008456777615346751,0.048654073395531024,0
ContractsPerSecond,FLOW_BURST_QUALITY,Profile_Position_Percentile,AUCTION_THEORY,-0.048589614607587865,-0.09016461266269199,0.048589614607587865,0
TradesPerSecond,TIME_REGIME,velocity_consistency,PERSISTENCE_EXHAUSTION,0.048560815298302536,0.038178380715195734,0.048560815298302536,0
ContractsPerSecond,FLOW_BURST_QUALITY,Dist_VAH_Ticks,AUCTION_THEORY,-0.04851306550499486,-0.06847425007607479,0.04851306550499486,0
PreBurst_Acceptance_Dwell_Ratio_5s,ACCEPTANCE_RECLAIM,Prior_Closed_ATR3_Ticks_AtEntry,AUCTION_THEORY,0.048502232376369754,0.04700296331030343,0.048502232376369754,0
Score_AtEntry,OTHER_CAUSAL_CONTEXT,signed_delta_change_1s,FLOW_BURST_QUALITY,0.048444401143591095,0.10366763827977497,0.048444401143591095,0
Delta5s,FLOW_BURST_QUALITY,seconds_from_open,TIME_REGIME,-0.048405224500545546,-0.1082810254076735,0.048405224500545546,0
Delta5s,FLOW_BURST_QUALITY,minute_from_open,TIME_REGIME,-0.048405224500545546,-0.10828102540767348,0.048405224500545546,0
Dist_OR_Low_Ticks,AUCTION_THEORY,signed_acceleration_1s,PERSISTENCE_EXHAUSTION,0.04838838895624676,0.1385353644275693,0.04838838895624676,0
Signed_Previous_Delta_Share_AtEntry,FLOW_BURST_QUALITY,signed_delta_decay_1_5,PERSISTENCE_EXHAUSTION,-0.0483653476546397,-0.0514459176630301,0.0483653476546397,0
Acceleration3s,PERSISTENCE_EXHAUSTION,PreBurst_Rotation_Index_10s,TEMPORAL_SEQUENCE,0.04835979342373012,0.01733078496380357,0.04835979342373012,0
Signed_Delta_Share_AtEntry,FLOW_BURST_QUALITY,Nearest_OR_Edge_Retest_Count_AtEntry,ACCEPTANCE_RECLAIM,-0.048316615434949584,-0.05662452446932499,0.048316615434949584,0
Cumulative_Delta_AtEntry,FLOW_BURST_QUALITY,directional_vwap_distance,AUCTION_THEORY,0.0482897384305835,0.10643083243586271,0.0482897384305835,0
Profile_Excess_Kurtosis,AUCTION_THEORY,Previous_Delta_AtEntry,FLOW_BURST_QUALITY,-0.04827751544790615,0.016871207398580862,0.04827751544790615,0
Velocity5s,PERSISTENCE_EXHAUSTION,PreBurst_Price_Per_Delta_3s,EFFORT_VS_RESULT,-0.048232654463377045,-0.027357140220771663,0.048232654463377045,0
Delta2s,FLOW_BURST_QUALITY,PreBurst_Impulse_Decay_Slope_5s,PERSISTENCE_EXHAUSTION,-0.04822853674337255,0.015969222718005948,0.04822853674337255,0
PreBurst_Reclaim_Count_10s,ACCEPTANCE_RECLAIM,vwap_poc_spread_ticks,AUCTION_THEORY,-0.04817826116805796,-0.03290459698894486,0.04817826116805796,0
Buy_Imbalance_Count_AtEntry,FLOW_BURST_QUALITY,delta_share_of_volume,FLOW_BURST_QUALITY,0.048095226830096274,-0.027446035402692342,0.048095226830096274,0
flow_price_alignment,OTHER_CAUSAL_CONTEXT,distance_nearest_profile_reference_ticks,AUCTION_THEORY,-0.04804025141411678,-0.004542439766326983,0.04804025141411678,0
PreBurst_Impulse_Decay_Slope_5s,PERSISTENCE_EXHAUSTION,seconds_from_open,TIME_REGIME,-0.047971562904727656,0.07414151180590138,0.047971562904727656,0
PreBurst_Impulse_Decay_Slope_5s,PERSISTENCE_EXHAUSTION,minute_from_open,TIME_REGIME,-0.047971562904727656,0.07414151180590141,0.047971562904727656,0
Dist_POC_Ticks,AUCTION_THEORY,weekday_index,TIME_REGIME,-0.04791140264819155,-0.03249548317413182,0.04791140264819155,0
Acceleration3s,PERSISTENCE_EXHAUSTION,Volume_AtEntry,FLOW_BURST_QUALITY,0.047902759397657355,0.04058944133251835,0.047902759397657355,0
ContractsPerSecond,FLOW_BURST_QUALITY,Dist_VAL_Ticks,AUCTION_THEORY,-0.047887594652466094,-0.034964252621652994,0.047887594652466094,0
Delta2s,FLOW_BURST_QUALITY,directional_poc_distance,AUCTION_THEORY,-0.047854772888031534,-0.014570634406913491,0.047854772888031534,0
Delta5s,FLOW_BURST_QUALITY,Profile_Excess_Kurtosis,AUCTION_THEORY,0.04779447180268501,0.06667551947156282,0.04779447180268501,0
Dist_LVN_Ticks,AUCTION_THEORY,Profile_Std_Ticks,AUCTION_THEORY,0.04776860178473499,0.033356323986547635,0.04776860178473499,0
DeltaChangeZScore,FLOW_BURST_QUALITY,directional_vwap_distance,AUCTION_THEORY,-0.04775033177790145,0.054542047657561,0.04775033177790145,0
Dist_HVN_Ticks,AUCTION_THEORY,Seconds_From_Open_AtEntry,TIME_REGIME,0.0477499479097326,0.10766189582909644,0.0477499479097326,0
Profile_Normalized_Entropy,AUCTION_THEORY,Previous_Volume_AtEntry,FLOW_BURST_QUALITY,-0.04767974622176863,-0.03578315310949238,0.04767974622176863,0
PreBurst_Local_Entropy_10s,TEMPORAL_SEQUENCE,price_impact_per_100_contracts,EFFORT_VS_RESULT,0.047661008344336286,0.058176268975358617,0.047661008344336286,0
PreBurst_Local_Entropy_10s,TEMPORAL_SEQUENCE,signed_velocity_1s,PERSISTENCE_EXHAUSTION,0.04765564053449527,0.06080621115749777,0.04765564053449527,0
Velocity5s,PERSISTENCE_EXHAUSTION,directional_vwap_distance,AUCTION_THEORY,-0.04763537528913671,0.05180607508340337,0.04763537528913671,0
Seconds_From_Open_AtEntry,TIME_REGIME,signed_delta_1s,FLOW_BURST_QUALITY,0.04761165728895814,0.058413184341681725,0.04761165728895814,0
Profile_Local_Maxima_Count,AUCTION_THEORY,Signed_Previous_Delta_Share_AtEntry,FLOW_BURST_QUALITY,-0.04757586259423735,-0.03576607825724403,0.04757586259423735,0
Profile_Position_Percentile,AUCTION_THEORY,Previous_Volume_AtEntry,FLOW_BURST_QUALITY,0.047568719736748366,-0.011228724023330116,0.047568719736748366,0
PreBurst_Impulse_Decay_Slope_5s,PERSISTENCE_EXHAUSTION,Signed_Previous_Delta_Share_AtEntry,FLOW_BURST_QUALITY,-0.04754026198074178,-0.09606059095840672,0.04754026198074178,0
Dist_OR_Low_Ticks,AUCTION_THEORY,Prior_Closed_ATR5_Ticks_AtEntry,AUCTION_THEORY,0.04751243648522376,0.15207286301717818,0.04751243648522376,0
Profile_Effective_Nodes,AUCTION_THEORY,mean_trade_size,FLOW_BURST_QUALITY,0.047489292112982015,0.035644313195147964,0.047489292112982015,0
delta_persistence_1_3,PERSISTENCE_EXHAUSTION,flow_price_alignment,OTHER_CAUSAL_CONTEXT,-0.04747020309600983,-0.0036758735516024656,0.04747020309600983,0
Velocity5s,PERSISTENCE_EXHAUSTION,PreEntry_Directional_Delta_Share3_AtEntry,FLOW_BURST_QUALITY,0.04745882547854627,0.003671214659805801,0.04745882547854627,0
TradesPerSecond,TIME_REGIME,Dist_VAL_Ticks,AUCTION_THEORY,-0.047443608926687066,0.005370674825471126,0.047443608926687066,0
Profile_Position_Percentile,AUCTION_THEORY,signed_delta_change_1s,FLOW_BURST_QUALITY,-0.04743475841809926,-0.09193795697165497,0.04743475841809926,0
Dist_VAL_Ticks,AUCTION_THEORY,flow_price_alignment,OTHER_CAUSAL_CONTEXT,0.047401645277367455,0.06462545378209457,0.047401645277367455,0
CumulativeDeltaWindow,FLOW_BURST_QUALITY,Signed_Previous_Delta_Share_AtEntry,FLOW_BURST_QUALITY,-0.047370168588154904,-0.11582201168616843,0.047370168588154904,0
Delta3s,FLOW_BURST_QUALITY,Signed_Previous_Delta_Share_AtEntry,FLOW_BURST_QUALITY,-0.047370168588154904,-0.11582201168616843,0.047370168588154904,0
PreBurst_Impulse_Survival_Seconds,AUCTION_THEORY,PreEntry_Directional_Delta_Share3_AtEntry,FLOW_BURST_QUALITY,-0.04736945018960348,-0.04441846089630185,0.04736945018960348,0
TicksPerSecond,TIME_REGIME,signed_velocity_3s,PERSISTENCE_EXHAUSTION,-0.04733832014804195,0.05892185959052903,0.04733832014804195,0
Velocity1s,PERSISTENCE_EXHAUSTION,signed_velocity_3s,PERSISTENCE_EXHAUSTION,-0.04733832014804195,0.05892185959052903,0.04733832014804195,0
PreBurst_Reclaim_Count_10s,ACCEPTANCE_RECLAIM,Profile_Effective_Nodes,AUCTION_THEORY,-0.04729565018187235,-0.03787034257154616,0.04729565018187235,0
delta_share_of_volume,FLOW_BURST_QUALITY,execution_side_sign,OTHER_CAUSAL_CONTEXT,-0.0472318675456169,-0.05143376663282451,0.0472318675456169,0
DeltaPercentile,FLOW_BURST_QUALITY,Delta_Change_AtEntry,FLOW_BURST_QUALITY,-0.04722238871390236,0.07332822711544719,0.04722238871390236,0
DeltaChangeZScore,FLOW_BURST_QUALITY,Signed_Delta_Share_AtEntry,FLOW_BURST_QUALITY,-0.0472121118888733,-0.04322591025595056,0.0472121118888733,0
TradesPerSecond,TIME_REGIME,Acceleration1s,PERSISTENCE_EXHAUSTION,-0.0471040885438893,0.0016407028463845345,0.0471040885438893,0
Dist_LVN_Ticks,AUCTION_THEORY,PreEntry_Directional_Efficiency3_AtEntry,OTHER_CAUSAL_CONTEXT,0.047091211292606884,0.08598423525017519,0.047091211292606884,0
TicksPerSecond,TIME_REGIME,vwap_poc_spread_ticks,AUCTION_THEORY,0.047071975999277774,0.004139391117009225,0.047071975999277774,0
Velocity1s,PERSISTENCE_EXHAUSTION,vwap_poc_spread_ticks,AUCTION_THEORY,0.047071975999277774,0.004139391117009225,0.047071975999277774,0
PreBurst_Rotation_Index_10s,TEMPORAL_SEQUENCE,Cumulative_Delta_AtEntry,FLOW_BURST_QUALITY,-0.04703326537091235,-0.037446719198380274,0.04703326537091235,0
ContractsPerSecond,FLOW_BURST_QUALITY,PreBurst_Acceptance_Dwell_Ratio_5s,ACCEPTANCE_RECLAIM,0.04702642124048748,0.03695654960556691,0.04702642124048748,0
Dist_HVN_Ticks,AUCTION_THEORY,minute_from_open,TIME_REGIME,0.04698167662271084,0.10761777337000163,0.04698167662271084,0
Dist_HVN_Ticks,AUCTION_THEORY,seconds_from_open,TIME_REGIME,0.04698167662271084,0.10761777337000157,0.04698167662271084,0
signed_acceleration_1s,PERSISTENCE_EXHAUSTION,delta_persistence_3_5,PERSISTENCE_EXHAUSTION,0.04694901518862275,0.0001916350542492092,0.04694901518862275,0
PreBurst_Price_Per_Volume_3s,EFFORT_VS_RESULT,PreEntry_Directional_Efficiency3_AtEntry,OTHER_CAUSAL_CONTEXT,-0.046925340948987794,-0.067225441166263,0.046925340948987794,0
Body_OR_Ratio_AtEntry,AUCTION_THEORY,execution_side_sign,OTHER_CAUSAL_CONTEXT,-0.04690644201009808,-0.044333198582934955,0.04690644201009808,0
ContractsPerSecond,FLOW_BURST_QUALITY,month_index,TIME_REGIME,-0.04689360352668831,-0.03959842342503082,0.04689360352668831,0
ContractsPerSecond,FLOW_BURST_QUALITY,Profile_Concentration,AUCTION_THEORY,0.04684347591889154,-0.042204732518006154,0.04684347591889154,0
Delta3s,FLOW_BURST_QUALITY,PreEntry_Volume_Climax_Ratio_AtEntry,FLOW_BURST_QUALITY,-0.046837321831186655,-0.06157579200542435,0.046837321831186655,0
CumulativeDeltaWindow,FLOW_BURST_QUALITY,PreEntry_Volume_Climax_Ratio_AtEntry,FLOW_BURST_QUALITY,-0.046837321831186655,-0.06157579200542435,0.046837321831186655,0
Delta1s,FLOW_BURST_QUALITY,BreakOut_TICKS_PER_SEC_AtEntry,OTHER_CAUSAL_CONTEXT,-0.046816459679286576,0.048636744946674644,0.046816459679286576,0
Nearest_OR_Edge_Acceptance_Ratio3_AtEntry,ACCEPTANCE_RECLAIM,signed_delta_decay_1_5,PERSISTENCE_EXHAUSTION,-0.04678462831932238,-0.12398521793531682,0.04678462831932238,0
DeltaChange1s,FLOW_BURST_QUALITY,liquidity_absorption_score,OTHER_CAUSAL_CONTEXT,-0.04668165302926799,-0.059295237087961986,0.04668165302926799,0
TradesPerSecond,TIME_REGIME,Profile_Position_Percentile,AUCTION_THEORY,-0.04666213385815638,-0.03734345352938137,0.04666213385815638,0
Body_AtEntry,OTHER_CAUSAL_CONTEXT,execution_cvd_alignment,OTHER_CAUSAL_CONTEXT,0.04657136118507711,-0.04758327215010322,0.04657136118507711,0
Acceleration3s,PERSISTENCE_EXHAUSTION,liquidity_absorption_score,OTHER_CAUSAL_CONTEXT,0.046551138288181935,0.03672399410874214,0.046551138288181935,0
Velocity3s,PERSISTENCE_EXHAUSTION,PreBurst_Price_Per_Delta_3s,EFFORT_VS_RESULT,-0.04651193394283278,-0.008652859569871963,0.04651193394283278,0
Acceleration1s,PERSISTENCE_EXHAUSTION,PreBurst_Acceptance_Dwell_Ratio_5s,ACCEPTANCE_RECLAIM,-0.04650800069697585,-0.035790796845652624,0.04650800069697585,0
DeltaChangeZScore,FLOW_BURST_QUALITY,Signed_Previous_Delta_Share_AtEntry,FLOW_BURST_QUALITY,-0.04647120855341779,-0.11938197063513696,0.04647120855341779,0
Acceleration3s,PERSISTENCE_EXHAUSTION,PreBurst_Path_Efficiency_10s,TEMPORAL_SEQUENCE,0.04637856939224731,0.05127303850276634,0.04637856939224731,0
Profile_Position_Percentile,AUCTION_THEORY,delta_share_of_volume,FLOW_BURST_QUALITY,0.04624252360135093,0.001179745211494459,0.04624252360135093,0
Dist_VAH_Ticks,AUCTION_THEORY,PreBurst_Rotation_Index_10s,TEMPORAL_SEQUENCE,-0.0461267852690412,-0.036220634355992966,0.0461267852690412,0
Velocity3s,PERSISTENCE_EXHAUSTION,PreBurst_Impulse_Survival_Seconds,AUCTION_THEORY,-0.04611808884739788,-0.005329998559741921,0.04611808884739788,0
signed_velocity_1s,PERSISTENCE_EXHAUSTION,execution_side_sign,OTHER_CAUSAL_CONTEXT,0.04609178702246416,0.015341088223800595,0.04609178702246416,0
PreBurst_Local_Entropy_10s,TEMPORAL_SEQUENCE,execution_side_sign,OTHER_CAUSAL_CONTEXT,0.046065964731050554,0.054851393304963775,0.046065964731050554,0
Velocity5s,PERSISTENCE_EXHAUSTION,distance_nearest_profile_reference_ticks,AUCTION_THEORY,-0.04605417609504735,-0.037774767602600824,0.04605417609504735,0
Dist_LVN_Ticks,AUCTION_THEORY,Previous_Delta_AtEntry,FLOW_BURST_QUALITY,-0.046045720574423465,0.045702938039003035,0.046045720574423465,0
BuySellRatio,OTHER_CAUSAL_CONTEXT,signed_velocity_3s,PERSISTENCE_EXHAUSTION,-0.04599281391017462,-0.09061233604700226,0.04599281391017462,0
CumulativeDeltaWindow,FLOW_BURST_QUALITY,Profile_Excess_Kurtosis,AUCTION_THEORY,0.045955974847868265,0.06313780943927183,0.045955974847868265,0
Delta3s,FLOW_BURST_QUALITY,Profile_Excess_Kurtosis,AUCTION_THEORY,0.045955974847868265,0.06313780943927183,0.045955974847868265,0
Volume_AtEntry,FLOW_BURST_QUALITY,profile_confluence_4t,AUCTION_THEORY,0.045947843049471214,0.09978441598641988,0.045947843049471214,0
BuySellRatio,OTHER_CAUSAL_CONTEXT,Signed_Previous_Delta_Share_AtEntry,FLOW_BURST_QUALITY,-0.04592036990968028,-0.05610595372929474,0.04592036990968028,0
Acceleration3s,PERSISTENCE_EXHAUSTION,signed_velocity_decay_1_5,PERSISTENCE_EXHAUSTION,0.04578635776787777,-0.03262473128924284,0.04578635776787777,0
Acceleration1s,PERSISTENCE_EXHAUSTION,Volume_AtEntry,FLOW_BURST_QUALITY,0.045757766239248925,0.03457559185766036,0.045757766239248925,0
PreBurst_Local_Entropy_10s,TEMPORAL_SEQUENCE,Signed_Previous_Delta_Share_AtEntry,FLOW_BURST_QUALITY,0.045706522922298154,0.01216701318149167,0.045706522922298154,0
Velocity5s,PERSISTENCE_EXHAUSTION,Signed_Delta_Share_AtEntry,FLOW_BURST_QUALITY,-0.045596202373189586,-0.044789079699563576,0.045596202373189586,0
PreBurst_Local_Entropy_10s,TEMPORAL_SEQUENCE,Signed_Delta_Share_AtEntry,FLOW_BURST_QUALITY,0.04550758857510329,-0.0038427274856858286,0.04550758857510329,0
CumulativeDeltaWindow,FLOW_BURST_QUALITY,absorption_pressure_1s,EFFORT_VS_RESULT,-0.04549322231478241,-0.07041759399099018,0.04549322231478241,0
Delta3s,FLOW_BURST_QUALITY,absorption_pressure_1s,EFFORT_VS_RESULT,-0.04549322231478241,-0.07041759399099018,0.04549322231478241,0
Volume_AtEntry,FLOW_BURST_QUALITY,signed_delta_1s,FLOW_BURST_QUALITY,0.04544958310146753,-0.005764964831918513,0.04544958310146753,0
Delta_Change_AtEntry,FLOW_BURST_QUALITY,signed_delta_decay_1_5,PERSISTENCE_EXHAUSTION,0.04543333447538039,0.08753429071524939,0.04543333447538039,0
Velocity3s,PERSISTENCE_EXHAUSTION,vwap_poc_spread_ticks,AUCTION_THEORY,0.045234567750068344,-0.024807754996139283,0.045234567750068344,0
signed_delta_change_1s,FLOW_BURST_QUALITY,or_position_fraction,AUCTION_THEORY,-0.04522622215170085,-0.06363860807201775,0.04522622215170085,0
Dist_OR_Low_Ticks,AUCTION_THEORY,signed_delta_change_1s,FLOW_BURST_QUALITY,-0.04521925596048612,-0.019962691866789492,0.04521925596048612,0
Delta2s,FLOW_BURST_QUALITY,Body_AtEntry,OTHER_CAUSAL_CONTEXT,-0.045214207096970035,-0.008981326652706755,0.045214207096970035,0
BuySellRatio,OTHER_CAUSAL_CONTEXT,PreBurst_Impulse_Decay_Slope_5s,PERSISTENCE_EXHAUSTION,-0.04520524172661653,-0.06678373093195578,0.04520524172661653,0
Delta1s,FLOW_BURST_QUALITY,PreBurst_Impulse_Decay_Slope_5s,PERSISTENCE_EXHAUSTION,-0.045204548202288364,0.011503040435857637,0.045204548202288364,0
BuySellRatio,OTHER_CAUSAL_CONTEXT,Nearest_OR_Edge_Acceptance_Ratio3_AtEntry,ACCEPTANCE_RECLAIM,0.04519845617698733,0.04366808041747432,0.04519845617698733,0
Profile_Normalized_Entropy,AUCTION_THEORY,BreakOut_TICKS_PER_SEC_AtEntry,OTHER_CAUSAL_CONTEXT,0.045165192710707076,0.06411588909073691,0.045165192710707076,0
Directional_VWAP_Distance_Ticks_AtEntry,AUCTION_THEORY,price_impact_per_100_contracts,EFFORT_VS_RESULT,0.04513587870828154,0.036422249736588856,0.04513587870828154,0
Velocity1s,PERSISTENCE_EXHAUSTION,signed_acceleration_1s,PERSISTENCE_EXHAUSTION,-0.04512247326396746,0.023608505091039962,0.04512247326396746,0
TicksPerSecond,TIME_REGIME,signed_acceleration_1s,PERSISTENCE_EXHAUSTION,-0.04512247326396746,0.023608505091039962,0.04512247326396746,0
Velocity1s,PERSISTENCE_EXHAUSTION,signed_delta_change_1s,FLOW_BURST_QUALITY,-0.04506971629729693,0.01641726570598127,0.04506971629729693,0
TicksPerSecond,TIME_REGIME,signed_delta_change_1s,FLOW_BURST_QUALITY,-0.04506971629729693,0.01641726570598127,0.04506971629729693,0
Profile_Local_Maxima_Count,AUCTION_THEORY,Directional_VWAP_Distance_Ticks_AtEntry,AUCTION_THEORY,-0.04506711352113572,-0.06084607758652163,0.04506711352113572,0
Score_AtEntry,OTHER_CAUSAL_CONTEXT,Signed_Previous_Delta_Share_AtEntry,FLOW_BURST_QUALITY,0.0449810583199505,0.0720099488852476,0.0449810583199505,0
PreEntry_Directional_Efficiency3_AtEntry,OTHER_CAUSAL_CONTEXT,signed_acceleration_1s,PERSISTENCE_EXHAUSTION,0.04495220098170696,0.011657139646856116,0.04495220098170696,0
Body_AtEntry,OTHER_CAUSAL_CONTEXT,execution_side_sign,OTHER_CAUSAL_CONTEXT,0.044938441175523564,0.01745253663100235,0.044938441175523564,0
DeltaChangeZScore,FLOW_BURST_QUALITY,signed_velocity_3s,PERSISTENCE_EXHAUSTION,-0.044922672510213105,-0.014742521863309987,0.044922672510213105,0
mean_trade_size,FLOW_BURST_QUALITY,vwap_poc_spread_ticks,AUCTION_THEORY,-0.04485646829169977,0.07055067369689864,0.04485646829169977,0
Velocity5s,PERSISTENCE_EXHAUSTION,delta_persistence_1_3,PERSISTENCE_EXHAUSTION,0.044852594686306625,0.07267935317411298,0.044852594686306625,0
Profile_Excess_Kurtosis,AUCTION_THEORY,price_impact_per_100_contracts,EFFORT_VS_RESULT,0.04482548257772898,0.11254931630455098,0.04482548257772898,0
Body_AtEntry,OTHER_CAUSAL_CONTEXT,Score_AtEntry,OTHER_CAUSAL_CONTEXT,0.044803018169558236,0.04847407821747485,0.044803018169558236,0
Score_AtEntry,OTHER_CAUSAL_CONTEXT,directional_vwap_distance,AUCTION_THEORY,-0.04478004990950122,0.07757241056002726,0.04478004990950122,0
DeltaChangeZScore,FLOW_BURST_QUALITY,price_impact_per_100_contracts,EFFORT_VS_RESULT,0.044776247329434436,0.0017142992264162617,0.044776247329434436,0
DeltaChange1s,FLOW_BURST_QUALITY,Directional_OR_Extension_Ticks_AtEntry,AUCTION_THEORY,0.044750026747906534,-0.049590848867730714,0.044750026747906534,0
Signed_Previous_Delta_Share_AtEntry,FLOW_BURST_QUALITY,acceleration_velocity_ratio,PERSISTENCE_EXHAUSTION,-0.04463108600429952,-0.09996212765242245,0.04463108600429952,0
Dist_VAH_Ticks,AUCTION_THEORY,PreBurst_Impulse_Survival_Seconds,AUCTION_THEORY,0.04461814233020606,0.01036596979511295,0.04461814233020606,0
Dist_POC_Ticks,AUCTION_THEORY,signed_velocity_1s,PERSISTENCE_EXHAUSTION,-0.04459595235398568,-0.026254963080819253,0.04459595235398568,0
Signed_Previous_Delta_Share_AtEntry,FLOW_BURST_QUALITY,Prior_Closed_ATR5_Ticks_AtEntry,AUCTION_THEORY,0.04454191639178161,0.04635181435421875,0.04454191639178161,0
PreBurst_Local_Entropy_10s,TEMPORAL_SEQUENCE,execution_cvd_alignment,OTHER_CAUSAL_CONTEXT,0.044489309253271436,0.042687242487177486,0.044489309253271436,0
profile_confluence_4t,AUCTION_THEORY,execution_side_sign,OTHER_CAUSAL_CONTEXT,0.04446684743365303,0.06275854021519338,0.04446684743365303,0
Delta2s,FLOW_BURST_QUALITY,Signed_Delta_Share_AtEntry,FLOW_BURST_QUALITY,-0.04442824432483608,-0.02592478879738239,0.04442824432483608,0
OR_WidthTicks,AUCTION_THEORY,signed_delta_1s,FLOW_BURST_QUALITY,-0.04436578136076978,-0.014262035832219693,0.04436578136076978,0
range,OTHER_CAUSAL_CONTEXT,signed_delta_1s,FLOW_BURST_QUALITY,-0.04436578136076978,-0.014262035832219638,0.04436578136076978,0
TradesPerSecond,TIME_REGIME,profile_confluence_4t,AUCTION_THEORY,0.04436136607739375,0.0676648391276884,0.04436136607739375,0
DeltaPercentile,FLOW_BURST_QUALITY,Dist_VAL_Ticks,AUCTION_THEORY,-0.044344056767551064,-0.12802429089335068,0.044344056767551064,0
Nearest_OR_Edge_Retest_Count_AtEntry,ACCEPTANCE_RECLAIM,directional_vwap_distance,AUCTION_THEORY,0.04429676889510999,0.04427555461037969,0.04429676889510999,0
Sell_Imbalance_Count_AtEntry,FLOW_BURST_QUALITY,Signed_Delta_Share_AtEntry,FLOW_BURST_QUALITY,0.04423075950995366,-0.025152763848546606,0.04423075950995366,0
Previous_Volume_AtEntry,FLOW_BURST_QUALITY,Delta_Change_AtEntry,FLOW_BURST_QUALITY,-0.04412269933602169,-0.08038466879276052,0.04412269933602169,0
Delta5s,FLOW_BURST_QUALITY,Signed_Delta_Share_AtEntry,FLOW_BURST_QUALITY,-0.044116690976981385,-0.02485724690206486,0.044116690976981385,0
Volume_AtEntry,FLOW_BURST_QUALITY,Directional_VWAP_Distance_Ticks_AtEntry,AUCTION_THEORY,0.04410296256580565,0.0998610382967098,0.04410296256580565,0
Profile_Excess_Kurtosis,AUCTION_THEORY,signed_delta_change_1s,FLOW_BURST_QUALITY,-0.04408667070889641,-0.12408842054841163,0.04408667070889641,0
Velocity5s,PERSISTENCE_EXHAUSTION,flow_price_alignment,OTHER_CAUSAL_CONTEXT,0.044081384216305135,0.027792732489665312,0.044081384216305135,0
PreBurst_Reclaim_Count_10s,ACCEPTANCE_RECLAIM,Profile_Std_Ticks,AUCTION_THEORY,-0.0440509696301982,-0.030734746116530442,0.0440509696301982,0
DeltaChangeZScore,FLOW_BURST_QUALITY,PreBurst_Local_Entropy_10s,TEMPORAL_SEQUENCE,-0.04395093919123979,-0.04998073611985315,0.04395093919123979,0
PreBurst_Impulse_Decay_Slope_5s,PERSISTENCE_EXHAUSTION,Cumulative_Delta_AtEntry,FLOW_BURST_QUALITY,0.043945909197401926,0.08150157934313036,0.043945909197401926,0
Profile_Excess_Kurtosis,AUCTION_THEORY,acceleration_velocity_ratio,PERSISTENCE_EXHAUSTION,-0.04392654550981924,0.06377869739268852,0.04392654550981924,0
Dist_OR_Low_Ticks,AUCTION_THEORY,PreBurst_Impulse_Decay_Slope_5s,PERSISTENCE_EXHAUSTION,0.043884583123476616,0.15574097675798024,0.043884583123476616,0
Dist_HVN_Ticks,AUCTION_THEORY,signed_delta_decay_1_5,PERSISTENCE_EXHAUSTION,0.04384734545870561,0.022090194044637586,0.04384734545870561,0
BuySellRatio,OTHER_CAUSAL_CONTEXT,Prior_Closed_ATR3_Ticks_AtEntry,AUCTION_THEORY,-0.043767350512981286,-0.05556006625541497,0.043767350512981286,0
Profile_Std_Ticks,AUCTION_THEORY,PreEntry_Directional_Delta_Share3_AtEntry,FLOW_BURST_QUALITY,-0.04376063527693146,0.006471275330660995,0.04376063527693146,0
Dist_VWAP_Ticks,AUCTION_THEORY,Profile_Effective_Nodes,AUCTION_THEORY,-0.043683376856885996,0.02685375407767312,0.043683376856885996,0
Acceleration1s,PERSISTENCE_EXHAUSTION,signed_delta_change_1s,FLOW_BURST_QUALITY,-0.04359987792592717,0.016250347992258406,0.04359987792592717,0
Delta5s,FLOW_BURST_QUALITY,PreBurst_Price_Per_Delta_3s,EFFORT_VS_RESULT,0.04349864288484474,-0.0004739606845152532,0.04349864288484474,0
Dist_POC_Ticks,AUCTION_THEORY,PreBurst_Price_Per_Delta_3s,EFFORT_VS_RESULT,-0.04349706970121741,-0.04649671602096468,0.04349706970121741,0
Cumulative_Delta_AtEntry,FLOW_BURST_QUALITY,delta_persistence_3_5,PERSISTENCE_EXHAUSTION,0.04349557124684992,0.021731254675556488,0.04349557124684992,0
Dist_LVN_Ticks,AUCTION_THEORY,Profile_Excess_Kurtosis,AUCTION_THEORY,-0.04349474354590636,-0.08651431377222543,0.04349474354590636,0
PeakPositiveDelta,FLOW_BURST_QUALITY,signed_velocity_decay_1_5,PERSISTENCE_EXHAUSTION,-0.04349219245075042,-0.14638698741630923,0.04349219245075042,0
Profile_Skewness,AUCTION_THEORY,Delta_Change_AtEntry,FLOW_BURST_QUALITY,0.043489056565877066,0.07413307067727576,0.043489056565877066,0
BuySellRatio,OTHER_CAUSAL_CONTEXT,Volume_AtEntry,FLOW_BURST_QUALITY,-0.043413952313974914,0.01061329719881434,0.043413952313974914,0
PreEntry_Directional_Delta_Share3_AtEntry,FLOW_BURST_QUALITY,signed_delta_change_1s,FLOW_BURST_QUALITY,0.043401553517393436,0.03234618062066744,0.043401553517393436,0
Acceleration3s,PERSISTENCE_EXHAUSTION,vwap_poc_spread_ticks,AUCTION_THEORY,0.043364624639109,0.022754566121646315,0.043364624639109,0
Directional_VWAP_Distance_Ticks_AtEntry,AUCTION_THEORY,burst_efficiency_score,EFFORT_VS_RESULT,0.04333981608559479,0.05570429386181976,0.04333981608559479,0
PeakNegativeDelta,FLOW_BURST_QUALITY,liquidity_absorption_score,OTHER_CAUSAL_CONTEXT,-0.04333513540271122,-0.10128585307898173,0.04333513540271122,0
Acceleration3s,PERSISTENCE_EXHAUSTION,signed_velocity_3s,PERSISTENCE_EXHAUSTION,-0.043289397913735754,0.06016423386320608,0.043289397913735754,0
Delta_AtEntry,FLOW_BURST_QUALITY,signed_velocity_1s,PERSISTENCE_EXHAUSTION,-0.043280813804038476,0.0041551610320339,0.043280813804038476,0
Acceleration3s,PERSISTENCE_EXHAUSTION,absorption_pressure_1s,EFFORT_VS_RESULT,0.043235367540571244,0.035234840193716296,0.043235367540571244,0
CumulativeDeltaWindow,FLOW_BURST_QUALITY,burst_efficiency_score,EFFORT_VS_RESULT,0.04323528785714085,0.009873337758072904,0.04323528785714085,0
Delta3s,FLOW_BURST_QUALITY,burst_efficiency_score,EFFORT_VS_RESULT,0.04323528785714085,0.009873337758072904,0.04323528785714085,0
Dist_VAH_Ticks,AUCTION_THEORY,signed_acceleration_1s,PERSISTENCE_EXHAUSTION,-0.04322187541298196,-0.06240918350476032,0.04322187541298196,0
Buy_Imbalance_Count_AtEntry,FLOW_BURST_QUALITY,execution_cvd_alignment,OTHER_CAUSAL_CONTEXT,-0.04322170272739136,-0.04238908709925764,0.04322170272739136,0
signed_velocity_3s,PERSISTENCE_EXHAUSTION,signed_delta_decay_1_5,PERSISTENCE_EXHAUSTION,0.04318218079242901,-0.08921091993100741,0.04318218079242901,0
Delta10s,FLOW_BURST_QUALITY,distance_nearest_or_edge_ticks,AUCTION_THEORY,-0.043151565566975074,-0.0670425895402843,0.043151565566975074,0
Delta10s,FLOW_BURST_QUALITY,Nearest_OR_Edge_Distance_Ticks_AtEntry,AUCTION_THEORY,-0.043151565566975074,-0.0670425895402843,0.043151565566975074,0
Profile_Position_Percentile,AUCTION_THEORY,vwap_poc_spread_ticks,AUCTION_THEORY,0.0431495574944792,0.034246347488926854,0.0431495574944792,0
Directional_OR_Extension_Ticks_AtEntry,AUCTION_THEORY,signed_delta_decay_1_5,PERSISTENCE_EXHAUSTION,-0.04314125383561202,0.054377150013014526,0.04314125383561202,0
Cumulative_Delta_AtEntry,FLOW_BURST_QUALITY,signed_velocity_3s,PERSISTENCE_EXHAUSTION,0.04313628139825615,0.043212811642794814,0.04313628139825615,0
Delta10s,FLOW_BURST_QUALITY,delta_persistence_3_5,PERSISTENCE_EXHAUSTION,-0.04308314059356514,-0.10225958656685084,0.04308314059356514,0
PreBurst_Local_Entropy_10s,TEMPORAL_SEQUENCE,Cumulative_Delta_AtEntry,FLOW_BURST_QUALITY,-0.04303453274537477,-0.08592448202929456,0.04303453274537477,0
Dist_OR_Low_Ticks,AUCTION_THEORY,signed_velocity_decay_1_5,PERSISTENCE_EXHAUSTION,-0.042965866587279355,-0.1571672440253928,0.042965866587279355,0
PreBurst_Rotation_Index_10s,TEMPORAL_SEQUENCE,Score_AtEntry,OTHER_CAUSAL_CONTEXT,-0.04289160676253419,-0.0703391070415413,0.04289160676253419,0
DeltaChange1s,FLOW_BURST_QUALITY,PreBurst_Impulse_Decay_Slope_5s,PERSISTENCE_EXHAUSTION,-0.04285331044726802,0.006076029611123055,0.04285331044726802,0
velocity_consistency,PERSISTENCE_EXHAUSTION,weekday_index,TIME_REGIME,0.042832305683480405,0.0584087578566863,0.042832305683480405,0
PreBurst_Path_Efficiency_10s,TEMPORAL_SEQUENCE,PreBurst_Impulse_Decay_Slope_5s,PERSISTENCE_EXHAUSTION,-0.04273077197025467,0.06591434281704632,0.04273077197025467,0
Delta1s,FLOW_BURST_QUALITY,Body_AtEntry,OTHER_CAUSAL_CONTEXT,-0.042719169104805506,-0.006561720605070769,0.042719169104805506,0
Buy_Imbalance_Count_AtEntry,FLOW_BURST_QUALITY,PreEntry_Directional_Efficiency3_AtEntry,OTHER_CAUSAL_CONTEXT,-0.04265095348452775,-0.032327267196561246,0.04265095348452775,0
delta_persistence_1_3,PERSISTENCE_EXHAUSTION,burst_efficiency_score,EFFORT_VS_RESULT,0.04260825735576432,0.03312641545068033,0.04260825735576432,0
Profile_Normalized_Entropy,AUCTION_THEORY,Cumulative_Delta_AtEntry,FLOW_BURST_QUALITY,-0.0425531914893617,-0.0024731731753636255,0.0425531914893617,0
ContractsPerSecond,FLOW_BURST_QUALITY,TicksPerSecond,TIME_REGIME,-0.04252281914536606,-0.008556301060967652,0.04252281914536606,0
ContractsPerSecond,FLOW_BURST_QUALITY,Velocity1s,PERSISTENCE_EXHAUSTION,-0.04252281914536606,-0.008556301060967652,0.04252281914536606,0
Profile_Excess_Kurtosis,AUCTION_THEORY,Seconds_From_Open_AtEntry,TIME_REGIME,0.0424204803287812,0.025584081780451257,0.0424204803287812,0
Dist_VWAP_Ticks,AUCTION_THEORY,Score_AtEntry,OTHER_CAUSAL_CONTEXT,0.04236290731604249,-0.017630946642247222,0.04236290731604249,0
Body_OR_Ratio_AtEntry,AUCTION_THEORY,execution_cvd_alignment,OTHER_CAUSAL_CONTEXT,0.04231813327984925,-0.020095303434924206,0.04231813327984925,0
Velocity5s,PERSISTENCE_EXHAUSTION,PreBurst_Impulse_Survival_Seconds,AUCTION_THEORY,-0.042297888457737354,-0.0006836596126792706,0.042297888457737354,0
Profile_Normalized_Entropy,AUCTION_THEORY,signed_velocity_3s,PERSISTENCE_EXHAUSTION,-0.042274331525176796,-0.06376660434196382,0.042274331525176796,0
PreEntry_Volume_Climax_Ratio_AtEntry,FLOW_BURST_QUALITY,signed_delta_1s,FLOW_BURST_QUALITY,0.04222946034852499,0.05400545651795673,0.04222946034852499,0
Previous_Volume_AtEntry,FLOW_BURST_QUALITY,price_impact_per_100_contracts,EFFORT_VS_RESULT,0.04219251228207058,0.012845345109626947,0.04219251228207058,0
Velocity5s,PERSISTENCE_EXHAUSTION,weekday_index,TIME_REGIME,-0.04219248589108867,-0.03662867558291053,0.04219248589108867,0
Profile_Effective_Nodes,AUCTION_THEORY,profile_confluence_4t,AUCTION_THEORY,0.04210414150374686,0.023373133434204454,0.04210414150374686,0
Acceleration3s,PERSISTENCE_EXHAUSTION,profile_confluence_4t,AUCTION_THEORY,0.042086884456814536,0.06543422849693982,0.042086884456814536,0
DeltaPercentile,FLOW_BURST_QUALITY,velocity_consistency,PERSISTENCE_EXHAUSTION,0.04205986480656734,0.020702145840009154,0.04205986480656734,0
seconds_from_open,TIME_REGIME,vwap_poc_spread_ticks,AUCTION_THEORY,0.0419624433853474,0.09895093833632974,0.0419624433853474,0
minute_from_open,TIME_REGIME,vwap_poc_spread_ticks,AUCTION_THEORY,0.0419624433853474,0.09895093833632966,0.0419624433853474,0
PreBurst_Local_Entropy_10s,TEMPORAL_SEQUENCE,Profile_Position_Percentile,AUCTION_THEORY,-0.04194776500988757,-0.01434474022764922,0.04194776500988757,0
Nearest_OR_Edge_Retest_Count_AtEntry,ACCEPTANCE_RECLAIM,acceleration_velocity_ratio,PERSISTENCE_EXHAUSTION,-0.04190998011386974,0.03742184441669025,0.04190998011386974,0
PreBurst_Reclaim_Count_10s,ACCEPTANCE_RECLAIM,liquidity_absorption_score,OTHER_CAUSAL_CONTEXT,-0.04189372329654367,-0.009370448398711498,0.04189372329654367,0
PreBurst_Impulse_Survival_Seconds,AUCTION_THEORY,Profile_Position_Percentile,AUCTION_THEORY,-0.04189181722598233,0.0007443198264467902,0.04189181722598233,0
PreBurst_Local_Entropy_10s,TEMPORAL_SEQUENCE,Previous_Volume_AtEntry,FLOW_BURST_QUALITY,0.04186540641733227,0.03292097575502089,0.04186540641733227,0
PeakNegativeDelta,FLOW_BURST_QUALITY,Body_AtEntry,OTHER_CAUSAL_CONTEXT,-0.041832522424905885,-0.027038293356241565,0.041832522424905885,0
Nearest_OR_Edge_Retest_Count_AtEntry,ACCEPTANCE_RECLAIM,flow_price_alignment,OTHER_CAUSAL_CONTEXT,0.04180192559434013,0.037080118800481905,0.04180192559434013,0
Delta2s,FLOW_BURST_QUALITY,PreEntry_Volume_Climax_Ratio_AtEntry,FLOW_BURST_QUALITY,-0.04176419046977623,-0.0601774570028029,0.04176419046977623,0
Profile_Normalized_Entropy,AUCTION_THEORY,acceleration_velocity_ratio,PERSISTENCE_EXHAUSTION,-0.04174471292631658,-0.1260996819576212,0.04174471292631658,0
Dist_VAL_Ticks,AUCTION_THEORY,signed_delta_1s,FLOW_BURST_QUALITY,-0.04173796250546674,-0.043447553167289696,0.04173796250546674,0
Dist_HVN_Ticks,AUCTION_THEORY,PreBurst_Local_Entropy_10s,TEMPORAL_SEQUENCE,-0.041712387651384505,-0.026055229323436332,0.041712387651384505,0
signed_delta_change_1s,FLOW_BURST_QUALITY,liquidity_absorption_score,OTHER_CAUSAL_CONTEXT,0.0416692983574829,0.029342719043617776,0.0416692983574829,0
Score_AtEntry,OTHER_CAUSAL_CONTEXT,velocity_consistency,PERSISTENCE_EXHAUSTION,0.04165476313724889,0.10292821950134554,0.04165476313724889,0
Dist_VAH_Ticks,AUCTION_THEORY,delta_persistence_1_3,PERSISTENCE_EXHAUSTION,0.041616879237532045,0.0022182329526478227,0.041616879237532045,0
absorption_pressure_1s,EFFORT_VS_RESULT,delta_persistence_1_3,PERSISTENCE_EXHAUSTION,-0.04152048410963197,0.00569935454179661,0.04152048410963197,0
OR_WidthTicks,AUCTION_THEORY,Nearest_OR_Edge_Retest_Count_AtEntry,ACCEPTANCE_RECLAIM,-0.041478794490594474,-0.004650059264794803,0.041478794490594474,0
range,OTHER_CAUSAL_CONTEXT,Nearest_OR_Edge_Retest_Count_AtEntry,ACCEPTANCE_RECLAIM,-0.041478794490594474,-0.004650059264794809,0.041478794490594474,0
PreEntry_Volume_Climax_Ratio_AtEntry,FLOW_BURST_QUALITY,velocity_consistency,PERSISTENCE_EXHAUSTION,-0.04137754216000885,0.027390238624326928,0.04137754216000885,0
Profile_Normalized_Entropy,AUCTION_THEORY,signed_delta_change_1s,FLOW_BURST_QUALITY,0.04132737386287711,0.13961460083448882,0.04132737386287711,0
Nearest_OR_Edge_Acceptance_Ratio3_AtEntry,ACCEPTANCE_RECLAIM,month_index,TIME_REGIME,-0.04132665014675965,-0.04106739353207447,0.04132665014675965,0
Sell_Imbalance_Count_AtEntry,FLOW_BURST_QUALITY,PreEntry_Directional_Efficiency3_AtEntry,OTHER_CAUSAL_CONTEXT,0.04125196334241765,0.022536017725756054,0.04125196334241765,0
Profile_Concentration,AUCTION_THEORY,Previous_Delta_AtEntry,FLOW_BURST_QUALITY,0.041233030951184545,0.09006218109976756,0.041233030951184545,0
Profile_Position_Percentile,AUCTION_THEORY,distance_nearest_profile_reference_ticks,AUCTION_THEORY,-0.041170802295389435,0.045912670010755975,0.041170802295389435,0
Acceleration3s,PERSISTENCE_EXHAUSTION,PreEntry_Range_Compression3_AtEntry,OTHER_CAUSAL_CONTEXT,-0.04116291767323859,-0.05618971739635365,0.04116291767323859,0
TicksPerSecond,TIME_REGIME,signed_delta_1s,FLOW_BURST_QUALITY,-0.04115879656538998,0.03962683860698299,0.04115879656538998,0
Velocity1s,PERSISTENCE_EXHAUSTION,signed_delta_1s,FLOW_BURST_QUALITY,-0.04115879656538998,0.03962683860698299,0.04115879656538998,0
Volume_AtEntry,FLOW_BURST_QUALITY,month_index,TIME_REGIME,0.041155233089861964,0.018635756688765305,0.041155233089861964,0
Previous_Volume_AtEntry,FLOW_BURST_QUALITY,acceleration_velocity_ratio,PERSISTENCE_EXHAUSTION,0.04093501567338603,-0.08225758298085278,0.04093501567338603,0
DeltaChange1s,FLOW_BURST_QUALITY,PreBurst_Rotation_Index_10s,TEMPORAL_SEQUENCE,-0.0409205119257218,-0.0516384628473562,0.0409205119257218,0
PeakPositiveDelta,FLOW_BURST_QUALITY,TradesPerSecond,TIME_REGIME,0.040904410296290765,0.18237304907482335,0.040904410296290765,0
Delta3s,FLOW_BURST_QUALITY,PreBurst_Rotation_Index_10s,TEMPORAL_SEQUENCE,-0.04090125070422356,-0.011717326009292484,0.04090125070422356,0
CumulativeDeltaWindow,FLOW_BURST_QUALITY,PreBurst_Rotation_Index_10s,TEMPORAL_SEQUENCE,-0.04090125070422356,-0.011717326009292484,0.04090125070422356,0
Delta1s,FLOW_BURST_QUALITY,profile_confluence_4t,AUCTION_THEORY,-0.04089976750773216,-0.045926014104009004,0.04089976750773216,0
Directional_VWAP_Distance_Ticks_AtEntry,AUCTION_THEORY,absorption_pressure_1s,EFFORT_VS_RESULT,-0.0408071528152099,-0.013577275843433831,0.0408071528152099,0
or_position_fraction,AUCTION_THEORY,execution_cvd_alignment,OTHER_CAUSAL_CONTEXT,-0.04068447915239419,-0.03241252376982955,0.04068447915239419,0
Delta3s,FLOW_BURST_QUALITY,Nearest_OR_Edge_Acceptance_Ratio3_AtEntry,ACCEPTANCE_RECLAIM,-0.040666557815208476,-0.028857830645272968,0.040666557815208476,0
CumulativeDeltaWindow,FLOW_BURST_QUALITY,Nearest_OR_Edge_Acceptance_Ratio3_AtEntry,ACCEPTANCE_RECLAIM,-0.040666557815208476,-0.028857830645272968,0.040666557815208476,0
Delta_Change_AtEntry,FLOW_BURST_QUALITY,liquidity_absorption_score,OTHER_CAUSAL_CONTEXT,0.04065963154100605,-0.059779771053121135,0.04065963154100605,0
TradesPerSecond,TIME_REGIME,Signed_Previous_Delta_Share_AtEntry,FLOW_BURST_QUALITY,0.040597702653540936,-0.026752414542388185,0.040597702653540936,0
Acceleration3s,PERSISTENCE_EXHAUSTION,burst_efficiency_score,EFFORT_VS_RESULT,-0.040594528235894795,-0.06970201689199314,0.040594528235894795,0
Dist_VWAP_Ticks,AUCTION_THEORY,mean_trade_size,FLOW_BURST_QUALITY,-0.0405262222832006,-0.0019851871216446837,0.0405262222832006,0
PreBurst_Acceptance_Dwell_Ratio_5s,ACCEPTANCE_RECLAIM,month_index,TIME_REGIME,-0.04047180625727891,-0.03853200446987737,0.04047180625727891,0
ContractsPerSecond,FLOW_BURST_QUALITY,Previous_Delta_AtEntry,FLOW_BURST_QUALITY,-0.04047133071372748,-0.0021368491103472796,0.04047133071372748,0
Delta1s,FLOW_BURST_QUALITY,signed_acceleration_1s,PERSISTENCE_EXHAUSTION,0.04046889949988459,0.060192239255116076,0.04046889949988459,0
delta_persistence_3_5,PERSISTENCE_EXHAUSTION,vwap_poc_spread_ticks,AUCTION_THEORY,-0.04046458065208912,-0.14655248624868855,0.04046458065208912,0
DeltaPercentile,FLOW_BURST_QUALITY,Directional_VWAP_Distance_Ticks_AtEntry,AUCTION_THEORY,0.04045204313181335,0.08031254550425782,0.04045204313181335,0
Delta1s,FLOW_BURST_QUALITY,delta_persistence_3_5,PERSISTENCE_EXHAUSTION,-0.04039652665802155,-0.058557616089571496,0.04039652665802155,0
PreBurst_Impulse_Survival_Seconds,AUCTION_THEORY,signed_delta_1s,FLOW_BURST_QUALITY,-0.04038746152896947,-0.0031928739990952433,0.04038746152896947,0
PreEntry_Directional_Efficiency3_AtEntry,OTHER_CAUSAL_CONTEXT,delta_persistence_3_5,PERSISTENCE_EXHAUSTION,0.04037807282418858,0.034800052356887934,0.04037807282418858,0
signed_velocity_1s,PERSISTENCE_EXHAUSTION,delta_persistence_3_5,PERSISTENCE_EXHAUSTION,-0.04035206942087326,-0.04307636346490958,0.04035206942087326,0
PeakNegativeDelta,FLOW_BURST_QUALITY,PreBurst_Impulse_Survival_Seconds,AUCTION_THEORY,0.04029847519499196,0.030100951273908043,0.04029847519499196,0
signed_velocity_1s,PERSISTENCE_EXHAUSTION,or_position_fraction,AUCTION_THEORY,-0.04029170093593556,-0.04189909557962819,0.04029170093593556,0
BuySellRatio,OTHER_CAUSAL_CONTEXT,signed_delta_decay_1_5,PERSISTENCE_EXHAUSTION,0.04027865629544879,0.037898498805027936,0.04027865629544879,0
Dist_POC_Ticks,AUCTION_THEORY,PreBurst_Path_Efficiency_10s,TEMPORAL_SEQUENCE,0.04025747877796212,-0.012508147489523086,0.04025747877796212,0
ContractsPerSecond,FLOW_BURST_QUALITY,Seconds_From_Open_AtEntry,TIME_REGIME,-0.040207513055090245,0.04035123437925345,0.040207513055090245,0
Seconds_From_Open_AtEntry,TIME_REGIME,vwap_poc_spread_ticks,AUCTION_THEORY,0.04017295260927266,0.09890557155529968,0.04017295260927266,0
Acceleration3s,PERSISTENCE_EXHAUSTION,PreBurst_Price_Per_Volume_3s,EFFORT_VS_RESULT,0.04017089629138736,0.004158707510528918,0.04017089629138736,0
Profile_Excess_Kurtosis,AUCTION_THEORY,seconds_from_open,TIME_REGIME,0.04016637716759888,0.025559772102119346,0.04016637716759888,0
Profile_Excess_Kurtosis,AUCTION_THEORY,minute_from_open,TIME_REGIME,0.04016637716759888,0.025559772102119342,0.04016637716759888,0
Signed_Previous_Delta_Share_AtEntry,FLOW_BURST_QUALITY,signed_velocity_decay_1_5,PERSISTENCE_EXHAUSTION,0.04007804409259196,0.09376002195320822,0.04007804409259196,0
Acceleration1s,PERSISTENCE_EXHAUSTION,PreBurst_Price_Per_Volume_3s,EFFORT_VS_RESULT,0.040073809971688,-0.005350008866685378,0.040073809971688,0
Volume_AtEntry,FLOW_BURST_QUALITY,minute_from_open,TIME_REGIME,0.04005510246415256,0.0018544452167862735,0.04005510246415256,0
Volume_AtEntry,FLOW_BURST_QUALITY,seconds_from_open,TIME_REGIME,0.04005510246415256,0.0018544452167863594,0.04005510246415256,0
DeltaChangeZScore,FLOW_BURST_QUALITY,PreBurst_Acceptance_Dwell_Ratio_5s,ACCEPTANCE_RECLAIM,-0.04004895930672127,-0.02849637056460328,0.04004895930672127,0
PeakPositiveDelta,FLOW_BURST_QUALITY,PreEntry_Range_Compression3_AtEntry,OTHER_CAUSAL_CONTEXT,0.04003010824661065,0.022778057619190082,0.04003010824661065,0
Acceleration3s,PERSISTENCE_EXHAUSTION,Directional_OR_Extension_Ticks_AtEntry,AUCTION_THEORY,0.03987957513006135,-0.10413043522298342,0.03987957513006135,0
delta_persistence_3_5,PERSISTENCE_EXHAUSTION,profile_confluence_4t,AUCTION_THEORY,-0.039838381379576876,-0.07111546505925309,0.039838381379576876,0
PreBurst_Rotation_Index_10s,TEMPORAL_SEQUENCE,PreEntry_Directional_Efficiency3_AtEntry,OTHER_CAUSAL_CONTEXT,0.03983275426682312,0.03493074535090535,0.03983275426682312,0
Velocity3s,PERSISTENCE_EXHAUSTION,PreEntry_Directional_Delta_Share3_AtEntry,FLOW_BURST_QUALITY,0.039752356690506814,-0.036483475156673065,0.039752356690506814,0
Nearest_OR_Edge_Retest_Count_AtEntry,ACCEPTANCE_RECLAIM,delta_persistence_3_5,PERSISTENCE_EXHAUSTION,-0.0395744845984996,-0.09832079026316656,0.0395744845984996,0
Dist_OR_Low_Ticks,AUCTION_THEORY,PreEntry_Directional_Efficiency3_AtEntry,OTHER_CAUSAL_CONTEXT,0.03955384097953372,0.003344889234657639,0.03955384097953372,0
signed_delta_change_1s,FLOW_BURST_QUALITY,month_index,TIME_REGIME,-0.03946054820546043,-0.017983163125222166,0.03946054820546043,0
directional_poc_distance,AUCTION_THEORY,execution_side_sign,OTHER_CAUSAL_CONTEXT,0.03942152300793067,-0.007439010765327007,0.03942152300793067,0
Delta5s,FLOW_BURST_QUALITY,signed_velocity_1s,PERSISTENCE_EXHAUSTION,-0.0393684888530081,0.019024064174787723,0.0393684888530081,0
PeakNegativeDelta,FLOW_BURST_QUALITY,delta_persistence_3_5,PERSISTENCE_EXHAUSTION,0.039358447904010815,-0.02442407924858072,0.039358447904010815,0
Dist_HVN_Ticks,AUCTION_THEORY,PreBurst_Impulse_Survival_Seconds,AUCTION_THEORY,0.039354084363886675,0.023345920746899892,0.039354084363886675,0
Dist_VAL_Ticks,AUCTION_THEORY,signed_velocity_1s,PERSISTENCE_EXHAUSTION,-0.03926197913858605,0.0881477791361582,0.03926197913858605,0
Profile_Normalized_Entropy,AUCTION_THEORY,signed_delta_1s,FLOW_BURST_QUALITY,0.03924574043786114,0.12754591711857177,0.03924574043786114,0
Delta3s,FLOW_BURST_QUALITY,signed_acceleration_1s,PERSISTENCE_EXHAUSTION,0.03922461181916253,0.06202821776057251,0.03922461181916253,0
CumulativeDeltaWindow,FLOW_BURST_QUALITY,signed_acceleration_1s,PERSISTENCE_EXHAUSTION,0.03922461181916253,0.06202821776057251,0.03922461181916253,0
Volume_AtEntry,FLOW_BURST_QUALITY,Seconds_From_Open_AtEntry,TIME_REGIME,0.039203346893454206,0.0019077956536597226,0.039203346893454206,0
Buy_Imbalance_Count_AtEntry,FLOW_BURST_QUALITY,signed_delta_1s,FLOW_BURST_QUALITY,0.03918897649460735,0.0160487329478683,0.03918897649460735,0
Velocity3s,PERSISTENCE_EXHAUSTION,signed_velocity_1s,PERSISTENCE_EXHAUSTION,-0.03915464157434717,0.05399731491007942,0.03915464157434717,0
delta_persistence_1_3,PERSISTENCE_EXHAUSTION,month_index,TIME_REGIME,-0.039120390511575495,-0.03175045065663218,0.039120390511575495,0
Velocity3s,PERSISTENCE_EXHAUSTION,velocity_consistency,PERSISTENCE_EXHAUSTION,0.03910601109568285,0.04577621131680072,0.03910601109568285,0
ContractsPerSecond,FLOW_BURST_QUALITY,seconds_from_open,TIME_REGIME,-0.03908983772528085,0.040407103227823614,0.03908983772528085,0
ContractsPerSecond,FLOW_BURST_QUALITY,minute_from_open,TIME_REGIME,-0.03908983772528085,0.040407103227823836,0.03908983772528085,0
Dist_OR_High_Ticks,AUCTION_THEORY,weekday_index,TIME_REGIME,-0.03908041005999038,-0.04688073641640718,0.03908041005999038,0
PreBurst_Price_Per_Volume_3s,EFFORT_VS_RESULT,PreEntry_Volume_Climax_Ratio_AtEntry,FLOW_BURST_QUALITY,-0.03904228750445064,-0.020479217152606817,0.03904228750445064,0
Dist_LVN_Ticks,AUCTION_THEORY,Profile_Effective_Nodes,AUCTION_THEORY,0.03903958350905188,0.01773679853734686,0.03903958350905188,0
PreBurst_Impulse_Survival_Seconds,AUCTION_THEORY,Profile_Std_Ticks,AUCTION_THEORY,0.039036315527350436,-0.03104925350025868,0.039036315527350436,0
Signed_Previous_Delta_Share_AtEntry,FLOW_BURST_QUALITY,execution_cvd_alignment,OTHER_CAUSAL_CONTEXT,-0.03896053234975861,-0.04046492852212756,0.03896053234975861,0
Body_OR_Ratio_AtEntry,AUCTION_THEORY,acceleration_velocity_ratio,PERSISTENCE_EXHAUSTION,0.03888713691425123,0.12348541073486433,0.03888713691425123,0
Delta3s,FLOW_BURST_QUALITY,delta_persistence_3_5,PERSISTENCE_EXHAUSTION,-0.03888508932997278,-0.061200303031822036,0.03888508932997278,0
CumulativeDeltaWindow,FLOW_BURST_QUALITY,delta_persistence_3_5,PERSISTENCE_EXHAUSTION,-0.03888508932997278,-0.061200303031822036,0.03888508932997278,0
Delta_Change_AtEntry,FLOW_BURST_QUALITY,burst_efficiency_score,EFFORT_VS_RESULT,-0.03884163337621041,-0.07865394903785357,0.03884163337621041,0
PreBurst_Local_Entropy_10s,TEMPORAL_SEQUENCE,Profile_Skewness,AUCTION_THEORY,0.03882895856305997,0.039454835983896284,0.03882895856305997,0
Dist_VAL_Ticks,AUCTION_THEORY,Signed_Delta_Share_AtEntry,FLOW_BURST_QUALITY,0.03869991282439256,0.05102717026506759,0.03869991282439256,0
Dist_OR_High_Ticks,AUCTION_THEORY,Directional_VWAP_Distance_Ticks_AtEntry,AUCTION_THEORY,0.0386740624462672,0.0337501285571619,0.0386740624462672,0
Previous_Volume_AtEntry,FLOW_BURST_QUALITY,directional_poc_distance,AUCTION_THEORY,-0.03862774464114229,-0.07302850905606077,0.03862774464114229,0
Dist_POC_Ticks,AUCTION_THEORY,PreBurst_Local_Entropy_10s,TEMPORAL_SEQUENCE,0.03860195067112385,0.05544410947785994,0.03860195067112385,0
Volume_AtEntry,FLOW_BURST_QUALITY,Nearest_OR_Edge_Distance_Ticks_AtEntry,AUCTION_THEORY,0.0385937049995867,0.009713311059350518,0.0385937049995867,0
Volume_AtEntry,FLOW_BURST_QUALITY,distance_nearest_or_edge_ticks,AUCTION_THEORY,0.0385937049995867,0.009713311059350483,0.0385937049995867,0
Profile_Excess_Kurtosis,AUCTION_THEORY,Nearest_OR_Edge_Retest_Count_AtEntry,ACCEPTANCE_RECLAIM,0.038571153246452834,0.022095573520243734,0.038571153246452834,0
Previous_Delta_AtEntry,FLOW_BURST_QUALITY,mean_trade_size,FLOW_BURST_QUALITY,-0.038546748208974795,-0.0629760699645645,0.038546748208974795,0
PreBurst_Price_Per_Delta_3s,EFFORT_VS_RESULT,Cumulative_Delta_AtEntry,FLOW_BURST_QUALITY,0.038527153520766445,0.06903299588783494,0.038527153520766445,0
TicksPerSecond,TIME_REGIME,profile_confluence_4t,AUCTION_THEORY,0.03844429961096727,0.052412871964927846,0.03844429961096727,0
Velocity1s,PERSISTENCE_EXHAUSTION,profile_confluence_4t,AUCTION_THEORY,0.03844429961096727,0.052412871964927846,0.03844429961096727,0
DeltaChangeZScore,FLOW_BURST_QUALITY,profile_confluence_4t,AUCTION_THEORY,-0.03844206809536856,-0.0470758070215443,0.03844206809536856,0
range,OTHER_CAUSAL_CONTEXT,Sell_Imbalance_Count_AtEntry,FLOW_BURST_QUALITY,0.03840991854366304,-0.004794597249610496,0.03840991854366304,0
OR_WidthTicks,AUCTION_THEORY,Sell_Imbalance_Count_AtEntry,FLOW_BURST_QUALITY,0.03840991854366304,-0.004794597249610475,0.03840991854366304,0
Delta10s,FLOW_BURST_QUALITY,Body_AtEntry,OTHER_CAUSAL_CONTEXT,0.03834903720065247,0.021706134109152505,0.03834903720065247,0
Signed_Delta_Share_AtEntry,FLOW_BURST_QUALITY,delta_persistence_1_3,PERSISTENCE_EXHAUSTION,0.03831991172741973,-0.0016092641624413026,0.03831991172741973,0
CumulativeDeltaWindow,FLOW_BURST_QUALITY,BreakOut_TICKS_PER_SEC_AtEntry,OTHER_CAUSAL_CONTEXT,-0.03827832661044987,0.04670249966783143,0.03827832661044987,0
Delta3s,FLOW_BURST_QUALITY,BreakOut_TICKS_PER_SEC_AtEntry,OTHER_CAUSAL_CONTEXT,-0.03827832661044987,0.04670249966783143,0.03827832661044987,0
Directional_VWAP_Distance_Ticks_AtEntry,AUCTION_THEORY,or_position_fraction,AUCTION_THEORY,0.038270660200041724,-0.009807614819146755,0.038270660200041724,0
Velocity3s,PERSISTENCE_EXHAUSTION,PreBurst_Rotation_Index_10s,TEMPORAL_SEQUENCE,0.038267311374941895,0.024556665878782035,0.038267311374941895,0
Delta1s,FLOW_BURST_QUALITY,directional_poc_distance,AUCTION_THEORY,-0.03821781446985265,-0.012003545842514007,0.03821781446985265,0
Body_AtEntry,OTHER_CAUSAL_CONTEXT,Signed_Previous_Delta_Share_AtEntry,FLOW_BURST_QUALITY,-0.038214178452704674,-0.007411891903225202,0.038214178452704674,0
BuySellRatio,OTHER_CAUSAL_CONTEXT,BreakOut_TICKS_PER_SEC_AtEntry,OTHER_CAUSAL_CONTEXT,-0.038146669806750265,-0.04990648110066066,0.038146669806750265,0
PreBurst_Price_Per_Delta_3s,EFFORT_VS_RESULT,Signed_Previous_Delta_Share_AtEntry,FLOW_BURST_QUALITY,-0.03814621969683638,-0.10425774843064611,0.03814621969683638,0
range,OTHER_CAUSAL_CONTEXT,month_index,TIME_REGIME,0.03813914671839966,-0.045545776175747815,0.03813914671839966,0
OR_WidthTicks,AUCTION_THEORY,month_index,TIME_REGIME,0.03813914671839966,-0.045545776175747704,0.03813914671839966,0
PreBurst_Impulse_Survival_Seconds,AUCTION_THEORY,signed_velocity_decay_1_5,PERSISTENCE_EXHAUSTION,0.03813597391248318,0.08380355777556134,0.03813597391248318,0
PreEntry_Volume_Climax_Ratio_AtEntry,FLOW_BURST_QUALITY,flow_price_alignment,OTHER_CAUSAL_CONTEXT,0.03807872786314336,0.06628800904377648,0.03807872786314336,0
Signed_Delta_Share_AtEntry,FLOW_BURST_QUALITY,month_index,TIME_REGIME,0.03805296313444428,0.0664155772029984,0.03805296313444428,0
PreEntry_Directional_Delta_Share3_AtEntry,FLOW_BURST_QUALITY,delta_share_of_volume,FLOW_BURST_QUALITY,-0.038052097159455074,-0.024505146899755553,0.038052097159455074,0
Profile_Position_Percentile,AUCTION_THEORY,execution_cvd_alignment,OTHER_CAUSAL_CONTEXT,-0.03804191023073395,-0.03784400819153437,0.03804191023073395,0
signed_delta_change_1s,FLOW_BURST_QUALITY,delta_persistence_3_5,PERSISTENCE_EXHAUSTION,0.03802162945637622,-0.02117912712584925,0.03802162945637622,0
acceleration_velocity_ratio,PERSISTENCE_EXHAUSTION,distance_nearest_or_edge_ticks,AUCTION_THEORY,0.038001286324275296,0.0698952431408471,0.038001286324275296,0
Nearest_OR_Edge_Distance_Ticks_AtEntry,AUCTION_THEORY,acceleration_velocity_ratio,PERSISTENCE_EXHAUSTION,0.038001286324275296,0.06989524314084718,0.038001286324275296,0
weekday_index,TIME_REGIME,execution_cvd_alignment,OTHER_CAUSAL_CONTEXT,0.037972799633892336,0.04053326675852119,0.037972799633892336,0
Profile_Excess_Kurtosis,AUCTION_THEORY,signed_acceleration_1s,PERSISTENCE_EXHAUSTION,0.03795123215827283,0.08398982938738991,0.03795123215827283,0
Prior_Closed_ATR3_Ticks_AtEntry,AUCTION_THEORY,delta_persistence_1_3,PERSISTENCE_EXHAUSTION,0.037931131532796016,0.08281857674404462,0.037931131532796016,0
Delta2s,FLOW_BURST_QUALITY,profile_confluence_4t,AUCTION_THEORY,-0.037928840235715494,-0.04300174775183862,0.037928840235715494,0
Delta5s,FLOW_BURST_QUALITY,signed_velocity_decay_1_5,PERSISTENCE_EXHAUSTION,0.037927227906911595,-0.019913977500053397,0.037927227906911595,0
Dist_VWAP_Ticks,AUCTION_THEORY,signed_delta_1s,FLOW_BURST_QUALITY,-0.03782430523081702,-0.0407892210840217,0.03782430523081702,0
Velocity3s,PERSISTENCE_EXHAUSTION,delta_persistence_1_3,PERSISTENCE_EXHAUSTION,0.03781069107748975,0.06194018885954236,0.03781069107748975,0
signed_delta_change_1s,FLOW_BURST_QUALITY,distance_nearest_profile_reference_ticks,AUCTION_THEORY,-0.037808258982560725,-0.006848589577659517,0.037808258982560725,0
Dist_POC_Ticks,AUCTION_THEORY,vwap_poc_spread_ticks,AUCTION_THEORY,0.03777637413279744,-0.034381495225531085,0.03777637413279744,0
Velocity5s,PERSISTENCE_EXHAUSTION,PreBurst_Impulse_Decay_Slope_5s,PERSISTENCE_EXHAUSTION,-0.03775395329517708,0.03470764448956812,0.03775395329517708,0
ContractsPerSecond,FLOW_BURST_QUALITY,Prior_Closed_ATR5_Ticks_AtEntry,AUCTION_THEORY,-0.037712116780815555,0.019755775674967706,0.037712116780815555,0
Cumulative_Delta_AtEntry,FLOW_BURST_QUALITY,Directional_OR_Extension_Ticks_AtEntry,AUCTION_THEORY,-0.03770841956157598,-0.07945393165901701,0.03770841956157598,0
Buy_Imbalance_Count_AtEntry,FLOW_BURST_QUALITY,flow_price_alignment,OTHER_CAUSAL_CONTEXT,0.03768701398566987,0.004269269247495884,0.03768701398566987,0
PreBurst_Acceptance_Dwell_Ratio_5s,ACCEPTANCE_RECLAIM,vwap_poc_spread_ticks,AUCTION_THEORY,-0.03760513375799599,-0.14846636521261045,0.03760513375799599,0
Body_OR_Ratio_AtEntry,AUCTION_THEORY,PreEntry_Directional_Efficiency3_AtEntry,OTHER_CAUSAL_CONTEXT,-0.037577202397844865,-0.014054506583155157,0.037577202397844865,0
DeltaChange1s,FLOW_BURST_QUALITY,Profile_Excess_Kurtosis,AUCTION_THEORY,0.037556283604956255,0.07892906952884625,0.037556283604956255,0
Acceleration1s,PERSISTENCE_EXHAUSTION,Profile_Local_Maxima_Count,AUCTION_THEORY,-0.03750335907170132,0.0632901101712209,0.03750335907170132,0
Profile_Concentration,AUCTION_THEORY,profile_confluence_4t,AUCTION_THEORY,-0.037427443668823175,-0.06406010325686118,0.037427443668823175,0
Body_AtEntry,OTHER_CAUSAL_CONTEXT,delta_persistence_3_5,PERSISTENCE_EXHAUSTION,0.037378218589519493,0.013015858843826394,0.037378218589519493,0
Dist_OR_High_Ticks,AUCTION_THEORY,signed_delta_change_1s,FLOW_BURST_QUALITY,-0.03732630379074744,-0.021910531773921743,0.03732630379074744,0
Dist_OR_High_Ticks,AUCTION_THEORY,PreBurst_Rotation_Index_10s,TEMPORAL_SEQUENCE,-0.03732449619562137,-0.04734304789462518,0.03732449619562137,0
Delta5s,FLOW_BURST_QUALITY,execution_cvd_alignment,OTHER_CAUSAL_CONTEXT,0.03727960922538689,0.016973307931679775,0.03727960922538689,0
Nearest_OR_Edge_Acceptance_Ratio3_AtEntry,ACCEPTANCE_RECLAIM,delta_persistence_1_3,PERSISTENCE_EXHAUSTION,0.03723177308097588,0.09002797953301989,0.03723177308097588,0
Delta5s,FLOW_BURST_QUALITY,Body_AtEntry,OTHER_CAUSAL_CONTEXT,-0.037224152298271314,-0.006447809385289101,0.037224152298271314,0
Score_AtEntry,OTHER_CAUSAL_CONTEXT,Nearest_OR_Edge_Acceptance_Ratio3_AtEntry,ACCEPTANCE_RECLAIM,-0.03721508767287667,-0.04883536450764603,0.03721508767287667,0
Velocity1s,PERSISTENCE_EXHAUSTION,PreBurst_Price_Per_Volume_3s,EFFORT_VS_RESULT,0.03719573417542056,0.0031796488862507297,0.03719573417542056,0
TicksPerSecond,TIME_REGIME,PreBurst_Price_Per_Volume_3s,EFFORT_VS_RESULT,0.03719573417542056,0.0031796488862507297,0.03719573417542056,0
acceleration_velocity_ratio,PERSISTENCE_EXHAUSTION,distance_nearest_profile_reference_ticks,AUCTION_THEORY,0.03716646785770589,-0.008671088642153508,0.03716646785770589,0
DeltaPercentile,FLOW_BURST_QUALITY,PreBurst_Local_Entropy_10s,TEMPORAL_SEQUENCE,-0.03705723408464543,-0.008927777737231777,0.03705723408464543,0
Velocity5s,PERSISTENCE_EXHAUSTION,velocity_consistency,PERSISTENCE_EXHAUSTION,0.03705679887498156,0.027144792446191498,0.03705679887498156,0
ContractsPerSecond,FLOW_BURST_QUALITY,Dist_POC_Ticks,AUCTION_THEORY,-0.03704524742318935,-0.07322041196204523,0.03704524742318935,0
Nearest_OR_Edge_Distance_Ticks_AtEntry,AUCTION_THEORY,execution_cvd_alignment,OTHER_CAUSAL_CONTEXT,0.036990262850793654,-0.061487322678734246,0.036990262850793654,0
distance_nearest_or_edge_ticks,AUCTION_THEORY,execution_cvd_alignment,OTHER_CAUSAL_CONTEXT,0.036990262850793654,-0.06148732267873422,0.036990262850793654,0
Directional_OR_Extension_Ticks_AtEntry,AUCTION_THEORY,distance_nearest_profile_reference_ticks,AUCTION_THEORY,0.03696982390520773,0.07605968234185807,0.03696982390520773,0
PreBurst_Path_Efficiency_10s,TEMPORAL_SEQUENCE,Previous_Volume_AtEntry,FLOW_BURST_QUALITY,-0.036953944123497055,-0.058391024454005895,0.036953944123497055,0
price_impact_per_100_contracts,EFFORT_VS_RESULT,execution_side_sign,OTHER_CAUSAL_CONTEXT,-0.03695132733752447,0.015062191241918611,0.03695132733752447,0
Body_OR_Ratio_AtEntry,AUCTION_THEORY,signed_delta_change_1s,FLOW_BURST_QUALITY,-0.03694907109147368,-0.020003285002843867,0.03694907109147368,0
Delta_Change_AtEntry,FLOW_BURST_QUALITY,Nearest_OR_Edge_Retest_Count_AtEntry,ACCEPTANCE_RECLAIM,-0.03683033280375559,-0.03866986843052406,0.03683033280375559,0
signed_acceleration_1s,PERSISTENCE_EXHAUSTION,execution_cvd_alignment,OTHER_CAUSAL_CONTEXT,0.03679630984332627,0.0001726503074218355,0.03679630984332627,0
PeakNegativeDelta,FLOW_BURST_QUALITY,acceleration_velocity_ratio,PERSISTENCE_EXHAUSTION,0.03678722166287712,0.10616552916954232,0.03678722166287712,0
delta_share_of_volume,FLOW_BURST_QUALITY,profile_confluence_4t,AUCTION_THEORY,0.03676801473262413,0.019312072935486247,0.03676801473262413,0
price_impact_per_100_contracts,EFFORT_VS_RESULT,weekday_index,TIME_REGIME,-0.03676492234583898,-0.016005113326281246,0.03676492234583898,0
PreBurst_Local_Entropy_10s,TEMPORAL_SEQUENCE,Buy_Imbalance_Count_AtEntry,FLOW_BURST_QUALITY,-0.036685633480452756,-0.056376167206793774,0.036685633480452756,0
Previous_Delta_AtEntry,FLOW_BURST_QUALITY,signed_velocity_1s,PERSISTENCE_EXHAUSTION,0.03667034280419045,0.08504571247548379,0.03667034280419045,0
Profile_Std_Ticks,AUCTION_THEORY,flow_price_alignment,OTHER_CAUSAL_CONTEXT,-0.03661695910965684,0.004554539985073493,0.03661695910965684,0
delta_persistence_3_5,PERSISTENCE_EXHAUSTION,or_position_fraction,AUCTION_THEORY,0.03657261383273003,-0.04669055839719029,0.03657261383273003,0
Velocity1s,PERSISTENCE_EXHAUSTION,Directional_OR_Extension_Ticks_AtEntry,AUCTION_THEORY,0.0365620086561776,-0.10393589412551324,0.0365620086561776,0
TicksPerSecond,TIME_REGIME,Directional_OR_Extension_Ticks_AtEntry,AUCTION_THEORY,0.0365620086561776,-0.10393589412551324,0.0365620086561776,0
TradesPerSecond,TIME_REGIME,PreBurst_Price_Per_Delta_3s,EFFORT_VS_RESULT,0.036512467504663824,-0.0027073849158581083,0.036512467504663824,0
Acceleration1s,PERSISTENCE_EXHAUSTION,acceleration_velocity_ratio,PERSISTENCE_EXHAUSTION,-0.03648682355752893,-0.084080116860033,0.03648682355752893,0
Acceleration1s,PERSISTENCE_EXHAUSTION,distance_nearest_profile_reference_ticks,AUCTION_THEORY,-0.03647673389316541,-0.04520842615814322,0.03647673389316541,0
Dist_HVN_Ticks,AUCTION_THEORY,vwap_poc_spread_ticks,AUCTION_THEORY,-0.036442269726958854,-0.02423782976926252,0.036442269726958854,0
Delta_AtEntry,FLOW_BURST_QUALITY,directional_poc_distance,AUCTION_THEORY,-0.03643874680759615,0.020431698981764036,0.03643874680759615,0
Delta3s,FLOW_BURST_QUALITY,Body_AtEntry,OTHER_CAUSAL_CONTEXT,-0.0364340346919337,-0.008453419233978531,0.0364340346919337,0
CumulativeDeltaWindow,FLOW_BURST_QUALITY,Body_AtEntry,OTHER_CAUSAL_CONTEXT,-0.0364340346919337,-0.008453419233978531,0.0364340346919337,0
TradesPerSecond,TIME_REGIME,OR_WidthTicks,AUCTION_THEORY,-0.03641447673028807,0.019547214860410677,0.03641447673028807,0
TradesPerSecond,TIME_REGIME,range,OTHER_CAUSAL_CONTEXT,-0.03641447673028807,0.019547214860410826,0.03641447673028807,0
Delta_AtEntry,FLOW_BURST_QUALITY,signed_velocity_decay_1_5,PERSISTENCE_EXHAUSTION,0.03636084077660817,-0.0023287360165166527,0.03636084077660817,0
Delta2s,FLOW_BURST_QUALITY,PreEntry_Directional_Delta_Share3_AtEntry,FLOW_BURST_QUALITY,0.03630676963396911,-0.03181723874785293,0.03630676963396911,0
Profile_Skewness,AUCTION_THEORY,directional_poc_distance,AUCTION_THEORY,0.03628617594646811,0.015972917351504693,0.03628617594646811,0
Directional_VWAP_Distance_Ticks_AtEntry,AUCTION_THEORY,weekday_index,TIME_REGIME,0.036283456756506245,0.002737456732335014,0.036283456756506245,0
Delta_Change_AtEntry,FLOW_BURST_QUALITY,absorption_pressure_1s,EFFORT_VS_RESULT,0.03627709945919949,-0.06196684323393213,0.03627709945919949,0
PreEntry_Directional_Efficiency3_AtEntry,OTHER_CAUSAL_CONTEXT,acceleration_velocity_ratio,PERSISTENCE_EXHAUSTION,0.03626140686372945,0.03384943938572672,0.03626140686372945,0
Volume_AtEntry,FLOW_BURST_QUALITY,delta_share_of_volume,FLOW_BURST_QUALITY,-0.03623481564856958,-0.06029644347841936,0.03623481564856958,0
PreBurst_Local_Entropy_10s,TEMPORAL_SEQUENCE,Directional_OR_Extension_Ticks_AtEntry,AUCTION_THEORY,0.03622466808689672,0.008300792314121041,0.03622466808689672,0
Buy_Imbalance_Count_AtEntry,FLOW_BURST_QUALITY,PreEntry_Volume_Climax_Ratio_AtEntry,FLOW_BURST_QUALITY,0.03619459232607771,0.07522056001942229,0.03619459232607771,0
PreEntry_Directional_Efficiency3_AtEntry,OTHER_CAUSAL_CONTEXT,signed_delta_1s,FLOW_BURST_QUALITY,0.03613544959656247,-0.07273678733659819,0.03613544959656247,0
Velocity1s,PERSISTENCE_EXHAUSTION,Volume_AtEntry,FLOW_BURST_QUALITY,0.03592022447123327,0.02883951667996525,0.03592022447123327,0
TicksPerSecond,TIME_REGIME,Volume_AtEntry,FLOW_BURST_QUALITY,0.03592022447123327,0.02883951667996525,0.03592022447123327,0
Velocity3s,PERSISTENCE_EXHAUSTION,weekday_index,TIME_REGIME,-0.03590723065688646,-0.02731969618811014,0.03590723065688646,0
PreBurst_Impulse_Survival_Seconds,AUCTION_THEORY,Signed_Delta_Share_AtEntry,FLOW_BURST_QUALITY,-0.035898589910741484,0.0008613468483739773,0.035898589910741484,0
Dist_VAL_Ticks,AUCTION_THEORY,signed_delta_change_1s,FLOW_BURST_QUALITY,-0.03584663597483071,-0.03158170675517043,0.03584663597483071,0
Profile_Skewness,AUCTION_THEORY,execution_cvd_alignment,OTHER_CAUSAL_CONTEXT,0.035844780623703915,0.060724035896707745,0.035844780623703915,0
Dist_VAH_Ticks,AUCTION_THEORY,PreEntry_Range_Compression3_AtEntry,OTHER_CAUSAL_CONTEXT,0.035821126745970974,0.017291447318070363,0.035821126745970974,0
Profile_Excess_Kurtosis,AUCTION_THEORY,month_index,TIME_REGIME,0.035726280172838604,0.023495303054389332,0.035726280172838604,0
Velocity5s,PERSISTENCE_EXHAUSTION,signed_velocity_1s,PERSISTENCE_EXHAUSTION,-0.035687284777424326,0.023157686022851807,0.035687284777424326,0
CumulativeDeltaWindow,FLOW_BURST_QUALITY,execution_cvd_alignment,OTHER_CAUSAL_CONTEXT,0.035666740083834074,0.011338066009794985,0.035666740083834074,0
Delta3s,FLOW_BURST_QUALITY,execution_cvd_alignment,OTHER_CAUSAL_CONTEXT,0.035666740083834074,0.011338066009794985,0.035666740083834074,0
PreBurst_Rotation_Index_10s,TEMPORAL_SEQUENCE,Profile_Position_Percentile,AUCTION_THEORY,-0.035577433661572566,-0.05743952572709921,0.035577433661572566,0
PreEntry_Directional_Efficiency3_AtEntry,OTHER_CAUSAL_CONTEXT,price_impact_per_100_contracts,EFFORT_VS_RESULT,0.0354966806606426,0.0017729851074898962,0.0354966806606426,0
DeltaPercentile,FLOW_BURST_QUALITY,PreEntry_Directional_Delta_Share3_AtEntry,FLOW_BURST_QUALITY,0.03539753422989289,-0.008787245094832414,0.03539753422989289,0
Volume_AtEntry,FLOW_BURST_QUALITY,execution_side_sign,OTHER_CAUSAL_CONTEXT,-0.0353800258969963,-0.04750723031104301,0.0353800258969963,0
Score_AtEntry,OTHER_CAUSAL_CONTEXT,profile_confluence_4t,AUCTION_THEORY,-0.03536154340136308,-0.04950648715485613,0.03536154340136308,0
Body_AtEntry,OTHER_CAUSAL_CONTEXT,PreEntry_Volume_Climax_Ratio_AtEntry,FLOW_BURST_QUALITY,-0.03535038337523949,0.016023367286480166,0.03535038337523949,0
PreBurst_Impulse_Survival_Seconds,AUCTION_THEORY,Volume_AtEntry,FLOW_BURST_QUALITY,-0.03519384228228756,-0.026817135991564427,0.03519384228228756,0
Delta_AtEntry,FLOW_BURST_QUALITY,Nearest_OR_Edge_Acceptance_Ratio3_AtEntry,ACCEPTANCE_RECLAIM,-0.0351150647378988,-0.0525787907995136,0.0351150647378988,0
Dist_POC_Ticks,AUCTION_THEORY,acceleration_velocity_ratio,PERSISTENCE_EXHAUSTION,0.03509853466014286,0.010474815280904447,0.03509853466014286,0
Delta1s,FLOW_BURST_QUALITY,Body_OR_Ratio_AtEntry,AUCTION_THEORY,0.03506861724029841,0.025952447691468497,0.03506861724029841,0
Sell_Imbalance_Count_AtEntry,FLOW_BURST_QUALITY,Seconds_From_Open_AtEntry,TIME_REGIME,0.034957645946717686,0.05289821209941824,0.034957645946717686,0
DeltaPercentile,FLOW_BURST_QUALITY,distance_nearest_profile_reference_ticks,AUCTION_THEORY,-0.03493685239379797,-0.02257310303940657,0.03493685239379797,0
Score_AtEntry,OTHER_CAUSAL_CONTEXT,vwap_poc_spread_ticks,AUCTION_THEORY,-0.03492384746220146,-0.06499758240836617,0.03492384746220146,0
Dist_OR_High_Ticks,AUCTION_THEORY,distance_nearest_profile_reference_ticks,AUCTION_THEORY,0.03490822522162616,0.05511445123092789,0.03490822522162616,0
Dist_VAH_Ticks,AUCTION_THEORY,liquidity_absorption_score,OTHER_CAUSAL_CONTEXT,0.03490630021884211,-0.06247166010618138,0.03490630021884211,0
Profile_Local_Maxima_Count,AUCTION_THEORY,Body_OR_Ratio_AtEntry,AUCTION_THEORY,-0.03485443492042586,0.009706054280904612,0.03485443492042586,0
Acceleration1s,PERSISTENCE_EXHAUSTION,signed_velocity_3s,PERSISTENCE_EXHAUSTION,-0.03484753762426254,0.06547975679657195,0.03484753762426254,0
Directional_VWAP_Distance_Ticks_AtEntry,AUCTION_THEORY,mean_trade_size,FLOW_BURST_QUALITY,-0.03482819219193773,0.013664214824835917,0.03482819219193773,0
Profile_Normalized_Entropy,AUCTION_THEORY,signed_acceleration_1s,PERSISTENCE_EXHAUSTION,-0.0348038886728192,0.02208509718096376,0.0348038886728192,0
PreBurst_Rotation_Index_10s,TEMPORAL_SEQUENCE,flow_price_alignment,OTHER_CAUSAL_CONTEXT,-0.034748348270511674,-0.04624818240508096,0.034748348270511674,0
signed_delta_1s,FLOW_BURST_QUALITY,signed_velocity_3s,PERSISTENCE_EXHAUSTION,-0.0346753851743542,0.08299536324149083,0.0346753851743542,0
delta_persistence_1_3,PERSISTENCE_EXHAUSTION,velocity_consistency,PERSISTENCE_EXHAUSTION,0.03465490409766597,0.056019165035573346,0.03465490409766597,0
Sell_Imbalance_Count_AtEntry,FLOW_BURST_QUALITY,seconds_from_open,TIME_REGIME,0.03462345480150693,0.05292399681893243,0.03462345480150693,0
Sell_Imbalance_Count_AtEntry,FLOW_BURST_QUALITY,minute_from_open,TIME_REGIME,0.03462345480150693,0.05292399681893238,0.03462345480150693,0
Profile_Local_Maxima_Count,AUCTION_THEORY,delta_persistence_1_3,PERSISTENCE_EXHAUSTION,0.03458800835250615,0.030427468813886898,0.03458800835250615,0
Nearest_OR_Edge_Acceptance_Ratio3_AtEntry,ACCEPTANCE_RECLAIM,execution_side_sign,OTHER_CAUSAL_CONTEXT,0.0345472826126836,0.03678157429609235,0.0345472826126836,0
PreBurst_Impulse_Survival_Seconds,AUCTION_THEORY,Delta_Change_AtEntry,FLOW_BURST_QUALITY,0.03453914975283683,0.0660807058287187,0.03453914975283683,0
Acceleration1s,PERSISTENCE_EXHAUSTION,signed_delta_1s,FLOW_BURST_QUALITY,-0.03436925577335135,0.0555230927426232,0.03436925577335135,0
Directional_VWAP_Distance_Ticks_AtEntry,AUCTION_THEORY,PreEntry_Directional_Efficiency3_AtEntry,OTHER_CAUSAL_CONTEXT,0.03436913813199444,0.09186615259323674,0.03436913813199444,0
Velocity3s,PERSISTENCE_EXHAUSTION,BreakOut_TICKS_PER_SEC_AtEntry,OTHER_CAUSAL_CONTEXT,-0.0343413968755873,0.05490567955890876,0.0343413968755873,0
Previous_Volume_AtEntry,FLOW_BURST_QUALITY,vwap_poc_spread_ticks,AUCTION_THEORY,0.034340119804077855,0.02862239284496465,0.034340119804077855,0
delta_persistence_1_3,PERSISTENCE_EXHAUSTION,or_position_fraction,AUCTION_THEORY,0.034243679716080805,0.0649510557365185,0.034243679716080805,0
Delta_Change_AtEntry,FLOW_BURST_QUALITY,weekday_index,TIME_REGIME,-0.034098401244494,-0.033097818073005665,0.034098401244494,0
PreEntry_Range_Compression3_AtEntry,OTHER_CAUSAL_CONTEXT,velocity_consistency,PERSISTENCE_EXHAUSTION,0.0340934287885567,0.030401735389998377,0.0340934287885567,0
Velocity1s,PERSISTENCE_EXHAUSTION,liquidity_absorption_score,OTHER_CAUSAL_CONTEXT,0.03406668879175133,0.008363651784395508,0.03406668879175133,0
TicksPerSecond,TIME_REGIME,liquidity_absorption_score,OTHER_CAUSAL_CONTEXT,0.03406668879175133,0.008363651784395508,0.03406668879175133,0
Profile_Concentration,AUCTION_THEORY,acceleration_velocity_ratio,PERSISTENCE_EXHAUSTION,-0.034065795651911125,0.05633109578543253,0.034065795651911125,0
delta_share_of_volume,FLOW_BURST_QUALITY,delta_persistence_3_5,PERSISTENCE_EXHAUSTION,-0.03401121006418849,-0.07025793501798588,0.03401121006418849,0
Velocity3s,PERSISTENCE_EXHAUSTION,Signed_Delta_Share_AtEntry,FLOW_BURST_QUALITY,-0.03398561523011182,-0.04995072876157187,0.03398561523011182,0
Sell_Imbalance_Count_AtEntry,FLOW_BURST_QUALITY,Signed_Previous_Delta_Share_AtEntry,FLOW_BURST_QUALITY,0.033978244561175916,0.09197764178312813,0.033978244561175916,0
Dist_VAH_Ticks,AUCTION_THEORY,weekday_index,TIME_REGIME,-0.0338840177258224,-0.023998225146958194,0.0338840177258224,0
Dist_OR_High_Ticks,AUCTION_THEORY,Dist_LVN_Ticks,AUCTION_THEORY,0.03388191933965967,0.04834773901726766,0.03388191933965967,0
Acceleration3s,PERSISTENCE_EXHAUSTION,PreBurst_Acceptance_Dwell_Ratio_5s,ACCEPTANCE_RECLAIM,-0.03386641120324739,-0.00843649614994306,0.03386641120324739,0
Directional_VWAP_Distance_Ticks_AtEntry,AUCTION_THEORY,liquidity_absorption_score,OTHER_CAUSAL_CONTEXT,-0.03386535882641094,-0.011824782656607262,0.03386535882641094,0
Profile_Skewness,AUCTION_THEORY,mean_trade_size,FLOW_BURST_QUALITY,-0.03383499686423451,-0.00017430540705188507,0.03383499686423451,0
Dist_VWAP_Ticks,AUCTION_THEORY,Body_OR_Ratio_AtEntry,AUCTION_THEORY,-0.03383054107132098,-0.058246820891832994,0.03383054107132098,0
delta_persistence_3_5,PERSISTENCE_EXHAUSTION,directional_vwap_distance,AUCTION_THEORY,-0.033794688919550515,-0.06010515254634151,0.033794688919550515,0
Body_AtEntry,OTHER_CAUSAL_CONTEXT,PreEntry_Directional_Efficiency3_AtEntry,OTHER_CAUSAL_CONTEXT,-0.03377999603959061,-0.05474474214473261,0.03377999603959061,0
Profile_Skewness,AUCTION_THEORY,profile_confluence_4t,AUCTION_THEORY,0.03376814245833161,0.026090683052159093,0.03376814245833161,0
DeltaPercentile,FLOW_BURST_QUALITY,PreBurst_Impulse_Decay_Slope_5s,PERSISTENCE_EXHAUSTION,-0.03375875554387877,-0.044574133428757066,0.03375875554387877,0
ContractsPerSecond,FLOW_BURST_QUALITY,Prior_Closed_ATR3_Ticks_AtEntry,AUCTION_THEORY,-0.033720207570847295,-0.03226744192471343,0.033720207570847295,0
Previous_Delta_AtEntry,FLOW_BURST_QUALITY,weekday_index,TIME_REGIME,-0.0336493344378189,-0.06405292742799369,0.0336493344378189,0
Dist_VAH_Ticks,AUCTION_THEORY,PreBurst_Local_Entropy_10s,TEMPORAL_SEQUENCE,-0.03364546013121457,0.01722380717600037,0.03364546013121457,0
Profile_Excess_Kurtosis,AUCTION_THEORY,Sell_Imbalance_Count_AtEntry,FLOW_BURST_QUALITY,-0.033617164786354826,-0.0840829978179365,0.033617164786354826,0
Profile_Concentration,AUCTION_THEORY,Directional_VWAP_Distance_Ticks_AtEntry,AUCTION_THEORY,-0.033614452673487734,0.0170578221544829,0.033614452673487734,0
Dist_OR_High_Ticks,AUCTION_THEORY,PreBurst_Impulse_Decay_Slope_5s,PERSISTENCE_EXHAUSTION,-0.03358028354523184,-0.07513090383369847,0.03358028354523184,0
Velocity5s,PERSISTENCE_EXHAUSTION,Directional_VWAP_Distance_Ticks_AtEntry,AUCTION_THEORY,-0.03352674728422748,-0.045620279539551195,0.03352674728422748,0
Delta10s,FLOW_BURST_QUALITY,execution_cvd_alignment,OTHER_CAUSAL_CONTEXT,0.03351540793611328,0.012857114043680588,0.03351540793611328,0
PreBurst_Acceptance_Dwell_Ratio_5s,ACCEPTANCE_RECLAIM,signed_delta_change_1s,FLOW_BURST_QUALITY,-0.03348672170036442,0.011636349333752898,0.03348672170036442,0
Previous_Volume_AtEntry,FLOW_BURST_QUALITY,weekday_index,TIME_REGIME,0.03344737548513025,0.07178131201529218,0.03344737548513025,0
Dist_POC_Ticks,AUCTION_THEORY,Score_AtEntry,OTHER_CAUSAL_CONTEXT,0.0334282274565235,0.003964883810933938,0.0334282274565235,0
DeltaPercentile,FLOW_BURST_QUALITY,delta_persistence_3_5,PERSISTENCE_EXHAUSTION,0.033407727683234766,-0.09462897476723794,0.033407727683234766,0
Dist_VAL_Ticks,AUCTION_THEORY,velocity_consistency,PERSISTENCE_EXHAUSTION,0.03340147118781604,0.052565153156643125,0.03340147118781604,0
Previous_Volume_AtEntry,FLOW_BURST_QUALITY,month_index,TIME_REGIME,-0.03339084854927016,-0.027060955449519176,0.03339084854927016,0
Volume_AtEntry,FLOW_BURST_QUALITY,acceleration_velocity_ratio,PERSISTENCE_EXHAUSTION,-0.03334763570165702,0.0003965585738520533,0.03334763570165702,0
burst_efficiency_score,EFFORT_VS_RESULT,execution_cvd_alignment,OTHER_CAUSAL_CONTEXT,0.03333810800152992,0.027688119815015448,0.03333810800152992,0
Dist_OR_Low_Ticks,AUCTION_THEORY,signed_velocity_3s,PERSISTENCE_EXHAUSTION,-0.033300540641056885,0.10922160162526773,0.033300540641056885,0
Dist_VWAP_Ticks,AUCTION_THEORY,PreBurst_Impulse_Survival_Seconds,AUCTION_THEORY,-0.033250078336300046,-0.024865612082386822,0.033250078336300046,0
Signed_Previous_Delta_Share_AtEntry,FLOW_BURST_QUALITY,price_impact_per_100_contracts,EFFORT_VS_RESULT,-0.03324767445666994,-0.06035233100015883,0.03324767445666994,0
weekday_index,TIME_REGIME,or_position_fraction,AUCTION_THEORY,-0.033241928967062656,-0.028673564702999147,0.033241928967062656,0
Dist_VWAP_Ticks,AUCTION_THEORY,PreBurst_Price_Per_Delta_3s,EFFORT_VS_RESULT,-0.03323365662333573,-0.030414378570451598,0.03323365662333573,0
PreBurst_Acceptance_Dwell_Ratio_5s,ACCEPTANCE_RECLAIM,signed_velocity_3s,PERSISTENCE_EXHAUSTION,-0.033089436985419024,0.02606274642311329,0.033089436985419024,0
Dist_VAL_Ticks,AUCTION_THEORY,mean_trade_size,FLOW_BURST_QUALITY,-0.033055216663826305,0.017985355213706714,0.033055216663826305,0
velocity_consistency,PERSISTENCE_EXHAUSTION,month_index,TIME_REGIME,-0.03305159737802991,0.005352031839586142,0.03305159737802991,0
Score_AtEntry,OTHER_CAUSAL_CONTEXT,directional_poc_distance,AUCTION_THEORY,-0.033012220140080636,0.03711671858039307,0.033012220140080636,0
DeltaChange1s,FLOW_BURST_QUALITY,Body_AtEntry,OTHER_CAUSAL_CONTEXT,-0.032980623226631325,-0.003617404941574214,0.032980623226631325,0
DeltaPercentile,FLOW_BURST_QUALITY,Body_OR_Ratio_AtEntry,AUCTION_THEORY,0.03293058120398188,-0.011858335379432566,0.03293058120398188,0
Score_AtEntry,OTHER_CAUSAL_CONTEXT,PreEntry_Range_Compression3_AtEntry,OTHER_CAUSAL_CONTEXT,0.032923855690456305,0.04659341422275479,0.032923855690456305,0
PreBurst_Impulse_Survival_Seconds,AUCTION_THEORY,Profile_Effective_Nodes,AUCTION_THEORY,0.03289279223401771,-0.02444334754775284,0.03289279223401771,0
Dist_OR_Low_Ticks,AUCTION_THEORY,PreBurst_Price_Per_Delta_3s,EFFORT_VS_RESULT,0.03286347390790801,0.08093760989472644,0.03286347390790801,0
DeltaChange1s,FLOW_BURST_QUALITY,PreBurst_Local_Entropy_10s,TEMPORAL_SEQUENCE,-0.0328507487960768,-0.0419996558732514,0.0328507487960768,0
Profile_Concentration,AUCTION_THEORY,delta_persistence_1_3,PERSISTENCE_EXHAUSTION,-0.03280148296194528,0.0039250940595433005,0.03280148296194528,0
Profile_Std_Ticks,AUCTION_THEORY,acceleration_velocity_ratio,PERSISTENCE_EXHAUSTION,-0.032779800422873595,-0.08592406807927457,0.032779800422873595,0
PeakPositiveDelta,FLOW_BURST_QUALITY,liquidity_absorption_score,OTHER_CAUSAL_CONTEXT,0.0327141924237715,-0.030226276715982173,0.0327141924237715,0
Delta10s,FLOW_BURST_QUALITY,Previous_Volume_AtEntry,FLOW_BURST_QUALITY,0.03270529912262544,-0.011958420108158362,0.03270529912262544,0
Dist_VWAP_Ticks,AUCTION_THEORY,signed_delta_decay_1_5,PERSISTENCE_EXHAUSTION,0.032668840026528194,0.03724012445758359,0.032668840026528194,0
PreBurst_Reclaim_Count_10s,ACCEPTANCE_RECLAIM,acceleration_velocity_ratio,PERSISTENCE_EXHAUSTION,-0.03264982351532529,-0.037009887164899405,0.03264982351532529,0
Profile_Normalized_Entropy,AUCTION_THEORY,delta_persistence_1_3,PERSISTENCE_EXHAUSTION,-0.03262167843513744,-0.07245488756943598,0.03262167843513744,0
Previous_Delta_AtEntry,FLOW_BURST_QUALITY,distance_nearest_profile_reference_ticks,AUCTION_THEORY,0.03258403139063022,0.001949395909972298,0.03258403139063022,0
BuySellRatio,OTHER_CAUSAL_CONTEXT,Previous_Volume_AtEntry,FLOW_BURST_QUALITY,0.03258293965700257,-0.05502969521188061,0.03258293965700257,0
Dist_VAL_Ticks,AUCTION_THEORY,acceleration_velocity_ratio,PERSISTENCE_EXHAUSTION,0.03249209763545745,-0.0005575297104213383,0.03249209763545745,0
Previous_Delta_AtEntry,FLOW_BURST_QUALITY,Signed_Previous_Delta_Share_AtEntry,FLOW_BURST_QUALITY,-0.03247365360407312,-0.18227168659207468,0.03247365360407312,0
ContractsPerSecond,FLOW_BURST_QUALITY,Delta_AtEntry,FLOW_BURST_QUALITY,-0.032468470781786815,-0.055429946051769874,0.032468470781786815,0
PreBurst_Reclaim_Count_10s,ACCEPTANCE_RECLAIM,Previous_Delta_AtEntry,FLOW_BURST_QUALITY,-0.03245445684879196,-0.010651105450915112,0.03245445684879196,0
Profile_Local_Maxima_Count,AUCTION_THEORY,distance_nearest_profile_reference_ticks,AUCTION_THEORY,0.03241046320877789,0.03485619708520227,0.03241046320877789,0
DeltaChangeZScore,FLOW_BURST_QUALITY,mean_trade_size,FLOW_BURST_QUALITY,-0.03223603800691919,0.04548948882171134,0.03223603800691919,0
Directional_VWAP_Distance_Ticks_AtEntry,AUCTION_THEORY,signed_velocity_1s,PERSISTENCE_EXHAUSTION,0.03221253354424976,0.0028746850850227944,0.03221253354424976,0
Profile_Effective_Nodes,AUCTION_THEORY,Sell_Imbalance_Count_AtEntry,FLOW_BURST_QUALITY,0.03218468982086903,-0.013816925230598213,0.03218468982086903,0
Nearest_OR_Edge_Retest_Count_AtEntry,ACCEPTANCE_RECLAIM,distance_nearest_profile_reference_ticks,AUCTION_THEORY,0.032137044302878365,0.03971691488546849,0.032137044302878365,0
absorption_pressure_1s,EFFORT_VS_RESULT,execution_cvd_alignment,OTHER_CAUSAL_CONTEXT,-0.032081559356442566,-0.01828967341034828,0.032081559356442566,0
Profile_Std_Ticks,AUCTION_THEORY,Directional_VWAP_Distance_Ticks_AtEntry,AUCTION_THEORY,-0.032073290808681876,-0.03621712029387038,0.032073290808681876,0
PreBurst_Local_Entropy_10s,TEMPORAL_SEQUENCE,Seconds_From_Open_AtEntry,TIME_REGIME,-0.03207207441643552,-0.025579794614779376,0.03207207441643552,0
Delta10s,FLOW_BURST_QUALITY,flow_price_alignment,OTHER_CAUSAL_CONTEXT,0.032045694542617895,0.03474732146305633,0.032045694542617895,0
TradesPerSecond,TIME_REGIME,Sell_Imbalance_Count_AtEntry,FLOW_BURST_QUALITY,0.032025831649002676,0.06230889505061028,0.032025831649002676,0
Dist_VAL_Ticks,AUCTION_THEORY,PreBurst_Price_Per_Delta_3s,EFFORT_VS_RESULT,-0.03196650349899035,0.02451292279352803,0.03196650349899035,0
Body_AtEntry,OTHER_CAUSAL_CONTEXT,vwap_poc_spread_ticks,AUCTION_THEORY,0.03194878576390805,0.08159978613323478,0.03194878576390805,0
PreBurst_Local_Entropy_10s,TEMPORAL_SEQUENCE,seconds_from_open,TIME_REGIME,-0.03192692285873611,-0.025554202147437928,0.03192692285873611,0
PreBurst_Local_Entropy_10s,TEMPORAL_SEQUENCE,minute_from_open,TIME_REGIME,-0.03192692285873611,-0.02555420214743785,0.03192692285873611,0
execution_side_sign,OTHER_CAUSAL_CONTEXT,signed_velocity_decay_1_5,PERSISTENCE_EXHAUSTION,-0.03191651998870241,-0.017373793488971778,0.03191651998870241,0
delta_persistence_1_3,PERSISTENCE_EXHAUSTION,liquidity_absorption_score,OTHER_CAUSAL_CONTEXT,0.031905863671734626,0.023225720145619074,0.031905863671734626,0
PreBurst_Reclaim_Count_10s,ACCEPTANCE_RECLAIM,PreBurst_Price_Per_Volume_3s,EFFORT_VS_RESULT,0.03187906658226293,-0.014217110641830906,0.03187906658226293,0
PreBurst_Path_Efficiency_10s,TEMPORAL_SEQUENCE,weekday_index,TIME_REGIME,-0.03185940574459985,-0.013605663122688426,0.03185940574459985,0
Delta_AtEntry,FLOW_BURST_QUALITY,Previous_Volume_AtEntry,FLOW_BURST_QUALITY,0.0318393487666377,-0.0012228938951287826,0.0318393487666377,0
PreBurst_Reclaim_Count_10s,ACCEPTANCE_RECLAIM,execution_side_sign,OTHER_CAUSAL_CONTEXT,-0.03180893613722806,-0.04667266980833927,0.03180893613722806,0
delta_share_of_volume,FLOW_BURST_QUALITY,or_position_fraction,AUCTION_THEORY,-0.031789420508909455,-0.018795932407909617,0.031789420508909455,0
Buy_Imbalance_Count_AtEntry,FLOW_BURST_QUALITY,signed_delta_change_1s,FLOW_BURST_QUALITY,-0.0317616510783391,-0.03803537535729158,0.0317616510783391,0
Velocity5s,PERSISTENCE_EXHAUSTION,Signed_Previous_Delta_Share_AtEntry,FLOW_BURST_QUALITY,-0.0316632598987538,-0.06968241920805099,0.0316632598987538,0
DeltaChange1s,FLOW_BURST_QUALITY,Previous_Volume_AtEntry,FLOW_BURST_QUALITY,0.03166012010026764,-0.02153890152539465,0.03166012010026764,0
acceleration_velocity_ratio,PERSISTENCE_EXHAUSTION,directional_poc_distance,AUCTION_THEORY,0.031628145972129526,0.20824212380245435,0.031628145972129526,0
Cumulative_Delta_AtEntry,FLOW_BURST_QUALITY,acceleration_velocity_ratio,PERSISTENCE_EXHAUSTION,0.03162458436967039,0.14257834532498734,0.03162458436967039,0
BuySellRatio,OTHER_CAUSAL_CONTEXT,signed_velocity_1s,PERSISTENCE_EXHAUSTION,-0.031502941760860256,-0.09999467604034054,0.031502941760860256,0
Acceleration1s,PERSISTENCE_EXHAUSTION,PreBurst_Local_Entropy_10s,TEMPORAL_SEQUENCE,0.031500815330414864,-0.030911760271424546,0.031500815330414864,0
Acceleration1s,PERSISTENCE_EXHAUSTION,OR_WidthTicks,AUCTION_THEORY,-0.031469999129621846,0.08715568233709639,0.031469999129621846,0
Acceleration1s,PERSISTENCE_EXHAUSTION,range,OTHER_CAUSAL_CONTEXT,-0.031469999129621846,0.08715568233709635,0.031469999129621846,0
Dist_HVN_Ticks,AUCTION_THEORY,Body_OR_Ratio_AtEntry,AUCTION_THEORY,0.03141293998017467,0.0016402082583408316,0.03141293998017467,0
Delta2s,FLOW_BURST_QUALITY,delta_persistence_3_5,PERSISTENCE_EXHAUSTION,-0.03137565917015594,-0.05907305358322491,0.03137565917015594,0
Acceleration1s,PERSISTENCE_EXHAUSTION,delta_share_of_volume,FLOW_BURST_QUALITY,0.03133066506168308,0.05609071176005966,0.03133066506168308,0
Profile_Excess_Kurtosis,AUCTION_THEORY,signed_delta_1s,FLOW_BURST_QUALITY,-0.031316529584109014,-0.10445217164705377,0.031316529584109014,0
DeltaPercentile,FLOW_BURST_QUALITY,month_index,TIME_REGIME,-0.031231895533376523,0.033829706427348276,0.031231895533376523,0
DeltaChangeZScore,FLOW_BURST_QUALITY,delta_persistence_3_5,PERSISTENCE_EXHAUSTION,0.031221771762133508,-0.02936702433162431,0.031221771762133508,0
Delta5s,FLOW_BURST_QUALITY,signed_acceleration_1s,PERSISTENCE_EXHAUSTION,0.031199637545136574,0.050889616396845506,0.031199637545136574,0
PreBurst_Rotation_Index_10s,TEMPORAL_SEQUENCE,execution_side_sign,OTHER_CAUSAL_CONTEXT,0.031157557263867777,0.0433265734978904,0.031157557263867777,0
DeltaPercentile,FLOW_BURST_QUALITY,PreBurst_Impulse_Survival_Seconds,AUCTION_THEORY,-0.031122122754820434,0.0029969871993414054,0.031122122754820434,0
Acceleration3s,PERSISTENCE_EXHAUSTION,signed_delta_change_1s,FLOW_BURST_QUALITY,-0.031085907736913394,0.027282523288994127,0.031085907736913394,0
Dist_HVN_Ticks,AUCTION_THEORY,month_index,TIME_REGIME,-0.03104220980678368,-0.027834761959463647,0.03104220980678368,0
Dist_VAH_Ticks,AUCTION_THEORY,Signed_Delta_Share_AtEntry,FLOW_BURST_QUALITY,0.031027135095187966,0.029016885926100258,0.031027135095187966,0
PreBurst_Reclaim_Count_10s,ACCEPTANCE_RECLAIM,Prior_Closed_ATR5_Ticks_AtEntry,AUCTION_THEORY,0.03100478053172919,0.021876000556904588,0.03100478053172919,0
Dist_POC_Ticks,AUCTION_THEORY,range,OTHER_CAUSAL_CONTEXT,-0.03100426618450592,0.07890641841519096,0.03100426618450592,0
OR_WidthTicks,AUCTION_THEORY,Dist_POC_Ticks,AUCTION_THEORY,-0.03100426618450592,0.07890641841519092,0.03100426618450592,0
Dist_VAH_Ticks,AUCTION_THEORY,acceleration_velocity_ratio,PERSISTENCE_EXHAUSTION,0.03097980320086058,0.053694334630773784,0.03097980320086058,0
PreBurst_Reclaim_Count_10s,ACCEPTANCE_RECLAIM,velocity_consistency,PERSISTENCE_EXHAUSTION,0.03093599685469037,0.04960487081316115,0.03093599685469037,0
PreBurst_Impulse_Survival_Seconds,AUCTION_THEORY,PreEntry_Volume_Climax_Ratio_AtEntry,FLOW_BURST_QUALITY,-0.030877790527452657,0.02213411562341642,0.030877790527452657,0
TicksPerSecond,TIME_REGIME,absorption_pressure_1s,EFFORT_VS_RESULT,0.03087722268051527,0.006733447029374108,0.03087722268051527,0
Velocity1s,PERSISTENCE_EXHAUSTION,absorption_pressure_1s,EFFORT_VS_RESULT,0.03087722268051527,0.006733447029374108,0.03087722268051527,0
Nearest_OR_Edge_Acceptance_Ratio3_AtEntry,ACCEPTANCE_RECLAIM,acceleration_velocity_ratio,PERSISTENCE_EXHAUSTION,0.03086268038253253,0.06960913288282038,0.03086268038253253,0
PreEntry_Directional_Efficiency3_AtEntry,OTHER_CAUSAL_CONTEXT,weekday_index,TIME_REGIME,-0.030780466886347443,0.026218102073556366,0.030780466886347443,0
ContractsPerSecond,FLOW_BURST_QUALITY,mean_trade_size,FLOW_BURST_QUALITY,-0.030763105305250744,-0.039031383122923084,0.030763105305250744,0
delta_persistence_3_5,PERSISTENCE_EXHAUSTION,minute_from_open,TIME_REGIME,-0.030695144474845712,-0.11032791907919878,0.030695144474845712,0
delta_persistence_3_5,PERSISTENCE_EXHAUSTION,seconds_from_open,TIME_REGIME,-0.030695144474845712,-0.11032791907919891,0.030695144474845712,0
Delta5s,FLOW_BURST_QUALITY,Directional_VWAP_Distance_Ticks_AtEntry,AUCTION_THEORY,-0.030689239619988127,-0.042816049734715034,0.030689239619988127,0
TicksPerSecond,TIME_REGIME,burst_efficiency_score,EFFORT_VS_RESULT,-0.030606344658144977,-0.06230870633490397,0.030606344658144977,0
Velocity1s,PERSISTENCE_EXHAUSTION,burst_efficiency_score,EFFORT_VS_RESULT,-0.030606344658144977,-0.06230870633490397,0.030606344658144977,0
Velocity3s,PERSISTENCE_EXHAUSTION,Volume_AtEntry,FLOW_BURST_QUALITY,0.030601401191428665,0.042015007306982946,0.030601401191428665,0
Delta3s,FLOW_BURST_QUALITY,signed_velocity_decay_1_5,PERSISTENCE_EXHAUSTION,0.030595136972369222,-0.03231890638598832,0.030595136972369222,0
CumulativeDeltaWindow,FLOW_BURST_QUALITY,signed_velocity_decay_1_5,PERSISTENCE_EXHAUSTION,0.030595136972369222,-0.03231890638598832,0.030595136972369222,0
Buy_Imbalance_Count_AtEntry,FLOW_BURST_QUALITY,vwap_poc_spread_ticks,AUCTION_THEORY,0.03054897614685488,-0.01150902421895031,0.03054897614685488,0
Signed_Previous_Delta_Share_AtEntry,FLOW_BURST_QUALITY,burst_efficiency_score,EFFORT_VS_RESULT,-0.030533830367802935,-0.0971290691270996,0.030533830367802935,0
PreBurst_Impulse_Decay_Slope_5s,PERSISTENCE_EXHAUSTION,execution_cvd_alignment,OTHER_CAUSAL_CONTEXT,-0.03053148888200097,-0.050426999204805825,0.03053148888200097,0
Dist_LVN_Ticks,AUCTION_THEORY,PreBurst_Price_Per_Volume_3s,EFFORT_VS_RESULT,0.030528511857087312,0.009154249670913276,0.030528511857087312,0
DeltaChangeZScore,FLOW_BURST_QUALITY,flow_price_alignment,OTHER_CAUSAL_CONTEXT,0.03050701144025085,0.024675047343933873,0.03050701144025085,0
PeakNegativeDelta,FLOW_BURST_QUALITY,PreEntry_Directional_Delta_Share3_AtEntry,FLOW_BURST_QUALITY,-0.030434847098775968,-0.07220209339890321,0.030434847098775968,0
PreBurst_Impulse_Decay_Slope_5s,PERSISTENCE_EXHAUSTION,Profile_Excess_Kurtosis,AUCTION_THEORY,0.030385481730300454,0.13043927097893482,0.030385481730300454,0
DeltaPercentile,FLOW_BURST_QUALITY,Volume_AtEntry,FLOW_BURST_QUALITY,-0.030378245150707122,-0.041373937589831385,0.030378245150707122,0
Dist_POC_Ticks,AUCTION_THEORY,distance_nearest_profile_reference_ticks,AUCTION_THEORY,0.030354376485072665,0.03707277480166878,0.030354376485072665,0
Profile_Position_Percentile,AUCTION_THEORY,signed_delta_1s,FLOW_BURST_QUALITY,-0.0303538723339964,-0.10417168977579383,0.0303538723339964,0
DeltaChange1s,FLOW_BURST_QUALITY,PreBurst_Reclaim_Count_10s,ACCEPTANCE_RECLAIM,0.03033707698718479,0.03885187529506775,0.03033707698718479,0
CumulativeDeltaWindow,FLOW_BURST_QUALITY,liquidity_absorption_score,OTHER_CAUSAL_CONTEXT,-0.030324406777044927,-0.06512913346393773,0.030324406777044927,0
Delta3s,FLOW_BURST_QUALITY,liquidity_absorption_score,OTHER_CAUSAL_CONTEXT,-0.030324406777044927,-0.06512913346393773,0.030324406777044927,0
OR_WidthTicks,AUCTION_THEORY,Previous_Volume_AtEntry,FLOW_BURST_QUALITY,0.030290478604809348,0.015304967432643809,0.030290478604809348,0
range,OTHER_CAUSAL_CONTEXT,Previous_Volume_AtEntry,FLOW_BURST_QUALITY,0.030290478604809348,0.015304967432643915,0.030290478604809348,0
Dist_VAH_Ticks,AUCTION_THEORY,Dist_LVN_Ticks,AUCTION_THEORY,-0.030289388586139145,0.00661426773275463,0.030289388586139145,0
Profile_Position_Percentile,AUCTION_THEORY,profile_confluence_4t,AUCTION_THEORY,0.030281647739515718,-0.03225380371453339,0.030281647739515718,0
DeltaChangeZScore,FLOW_BURST_QUALITY,PreEntry_Directional_Delta_Share3_AtEntry,FLOW_BURST_QUALITY,-0.03018140305832225,-0.06259859787643407,0.03018140305832225,0
PreBurst_Reclaim_Count_10s,ACCEPTANCE_RECLAIM,Sell_Imbalance_Count_AtEntry,FLOW_BURST_QUALITY,0.030168377980603588,-0.006473319296752464,0.030168377980603588,0
Profile_Concentration,AUCTION_THEORY,signed_delta_decay_1_5,PERSISTENCE_EXHAUSTION,-0.030153711797516882,0.04630693925668865,0.030153711797516882,0
Delta5s,FLOW_BURST_QUALITY,delta_share_of_volume,FLOW_BURST_QUALITY,0.030123351087318426,0.04133332248705421,0.030123351087318426,0
Acceleration1s,PERSISTENCE_EXHAUSTION,vwap_poc_spread_ticks,AUCTION_THEORY,-0.030111876686345,-0.029406999786876765,0.030111876686345,0
Acceleration3s,PERSISTENCE_EXHAUSTION,distance_nearest_profile_reference_ticks,AUCTION_THEORY,-0.03010922921092343,-0.01763619492049299,0.03010922921092343,0
Dist_OR_High_Ticks,AUCTION_THEORY,signed_acceleration_1s,PERSISTENCE_EXHAUSTION,0.030030140618693305,-0.03952775990258854,0.030030140618693305,0
Volume_AtEntry,FLOW_BURST_QUALITY,Directional_OR_Extension_Ticks_AtEntry,AUCTION_THEORY,0.030029089554016102,0.061580237117271244,0.030029089554016102,0
PreBurst_Acceptance_Dwell_Ratio_5s,ACCEPTANCE_RECLAIM,execution_side_sign,OTHER_CAUSAL_CONTEXT,0.0300206538160534,0.0049576638405280146,0.0300206538160534,0
PreBurst_Reclaim_Count_10s,ACCEPTANCE_RECLAIM,Cumulative_Delta_AtEntry,FLOW_BURST_QUALITY,0.029940045625648753,0.01272308392030792,0.029940045625648753,0
Dist_OR_Low_Ticks,AUCTION_THEORY,execution_cvd_alignment,OTHER_CAUSAL_CONTEXT,-0.02993830712059965,-0.03502882978692692,0.02993830712059965,0
DeltaPercentile,FLOW_BURST_QUALITY,PreEntry_Range_Compression3_AtEntry,OTHER_CAUSAL_CONTEXT,-0.029908312972285935,0.08510575795558911,0.029908312972285935,0
Acceleration3s,PERSISTENCE_EXHAUSTION,delta_persistence_3_5,PERSISTENCE_EXHAUSTION,-0.029903208620870675,-0.06356661872631972,0.029903208620870675,0
PreBurst_Impulse_Survival_Seconds,AUCTION_THEORY,Signed_Previous_Delta_Share_AtEntry,FLOW_BURST_QUALITY,-0.02983225133888554,-0.009415009775216008,0.02983225133888554,0
Volume_AtEntry,FLOW_BURST_QUALITY,delta_persistence_1_3,PERSISTENCE_EXHAUSTION,-0.029824037538442507,-0.06823900945113144,0.029824037538442507,0
Velocity1s,PERSISTENCE_EXHAUSTION,distance_nearest_profile_reference_ticks,AUCTION_THEORY,-0.029823905646440968,-0.02661967966764598,0.029823905646440968,0
TicksPerSecond,TIME_REGIME,distance_nearest_profile_reference_ticks,AUCTION_THEORY,-0.029823905646440968,-0.02661967966764598,0.029823905646440968,0
Velocity5s,PERSISTENCE_EXHAUSTION,vwap_poc_spread_ticks,AUCTION_THEORY,0.029812032557319595,-0.03541315334385268,0.029812032557319595,0
Velocity3s,PERSISTENCE_EXHAUSTION,absorption_pressure_1s,EFFORT_VS_RESULT,0.02979225482471042,-0.024778786562577412,0.02979225482471042,0
Dist_LVN_Ticks,AUCTION_THEORY,distance_nearest_profile_reference_ticks,AUCTION_THEORY,0.029774050608180235,0.08618992647603246,0.029774050608180235,0
Nearest_OR_Edge_Retest_Count_AtEntry,ACCEPTANCE_RECLAIM,month_index,TIME_REGIME,0.0297250437684592,0.027680555178624618,0.0297250437684592,0
Profile_Position_Percentile,AUCTION_THEORY,Directional_VWAP_Distance_Ticks_AtEntry,AUCTION_THEORY,-0.029695056553268293,-0.035079345598562406,0.029695056553268293,0
Signed_Previous_Delta_Share_AtEntry,FLOW_BURST_QUALITY,delta_persistence_1_3,PERSISTENCE_EXHAUSTION,0.029690320113708167,-0.03641357936700669,0.029690320113708167,0
Delta_AtEntry,FLOW_BURST_QUALITY,Signed_Previous_Delta_Share_AtEntry,FLOW_BURST_QUALITY,-0.0296549387557798,-0.030259044526293792,0.0296549387557798,0
delta_persistence_1_3,PERSISTENCE_EXHAUSTION,vwap_poc_spread_ticks,AUCTION_THEORY,0.02961851473143023,0.021772600135706824,0.02961851473143023,0
Profile_Local_Maxima_Count,AUCTION_THEORY,acceleration_velocity_ratio,PERSISTENCE_EXHAUSTION,-0.029610427798886525,-0.04001506190155549,0.029610427798886525,0
TradesPerSecond,TIME_REGIME,Dist_VAH_Ticks,AUCTION_THEORY,-0.029594850233452142,-0.02561777833050348,0.029594850233452142,0
Directional_OR_Extension_Ticks_AtEntry,AUCTION_THEORY,mean_trade_size,FLOW_BURST_QUALITY,0.029581612944988803,0.05884998178588208,0.029581612944988803,0
Delta5s,FLOW_BURST_QUALITY,absorption_pressure_1s,EFFORT_VS_RESULT,-0.029578731058180683,-0.0780242592658505,0.029578731058180683,0
Profile_Excess_Kurtosis,AUCTION_THEORY,PreEntry_Volume_Climax_Ratio_AtEntry,FLOW_BURST_QUALITY,0.029427973808641067,0.020498191599963633,0.029427973808641067,0
Volume_AtEntry,FLOW_BURST_QUALITY,Prior_Closed_ATR3_Ticks_AtEntry,AUCTION_THEORY,0.02939221287739952,0.023977602369292167,0.02939221287739952,0
BuySellRatio,OTHER_CAUSAL_CONTEXT,Signed_Delta_Share_AtEntry,FLOW_BURST_QUALITY,-0.029371204735453554,-0.006632271615910181,0.029371204735453554,0
TradesPerSecond,TIME_REGIME,delta_persistence_3_5,PERSISTENCE_EXHAUSTION,0.029352299318847138,-0.01987543443289665,0.029352299318847138,0
Acceleration3s,PERSISTENCE_EXHAUSTION,PreBurst_Local_Entropy_10s,TEMPORAL_SEQUENCE,0.029340001725161487,0.02303485133532481,0.029340001725161487,0
PeakPositiveDelta,FLOW_BURST_QUALITY,price_impact_per_100_contracts,EFFORT_VS_RESULT,-0.029332516985742293,-0.032706651466672766,0.029332516985742293,0
CumulativeDeltaWindow,FLOW_BURST_QUALITY,PreBurst_Impulse_Survival_Seconds,AUCTION_THEORY,-0.029326521922536476,0.003989125126195403,0.029326521922536476,0
Delta3s,FLOW_BURST_QUALITY,PreBurst_Impulse_Survival_Seconds,AUCTION_THEORY,-0.029326521922536476,0.003989125126195403,0.029326521922536476,0
Prior_Closed_ATR5_Ticks_AtEntry,AUCTION_THEORY,PreEntry_Directional_Delta_Share3_AtEntry,FLOW_BURST_QUALITY,-0.02931686637421196,0.02160952659639767,0.02931686637421196,0
Volume_AtEntry,FLOW_BURST_QUALITY,signed_delta_decay_1_5,PERSISTENCE_EXHAUSTION,-0.0292643509652715,0.008963518834087046,0.0292643509652715,0
Dist_VAL_Ticks,AUCTION_THEORY,delta_persistence_3_5,PERSISTENCE_EXHAUSTION,0.0292044048398545,-0.04329180437363584,0.0292044048398545,0
or_position_fraction,AUCTION_THEORY,distance_nearest_profile_reference_ticks,AUCTION_THEORY,-0.029178392468862238,0.03569403734561796,0.029178392468862238,0
Velocity3s,PERSISTENCE_EXHAUSTION,burst_efficiency_score,EFFORT_VS_RESULT,-0.029145240532287654,-0.029938162939508187,0.029145240532287654,0
acceleration_velocity_ratio,PERSISTENCE_EXHAUSTION,weekday_index,TIME_REGIME,-0.02907399813075441,0.03363564446023181,0.02907399813075441,0
Cumulative_Delta_AtEntry,FLOW_BURST_QUALITY,signed_delta_1s,FLOW_BURST_QUALITY,0.02901526023535536,0.0863455358040904,0.02901526023535536,0
Seconds_From_Open_AtEntry,TIME_REGIME,delta_persistence_3_5,PERSISTENCE_EXHAUSTION,-0.029014885248575328,-0.1103007262894764,0.029014885248575328,0
Dist_LVN_Ticks,AUCTION_THEORY,PreBurst_Rotation_Index_10s,TEMPORAL_SEQUENCE,-0.028953271707008805,-0.036985551284077586,0.028953271707008805,0
signed_delta_change_1s,FLOW_BURST_QUALITY,vwap_poc_spread_ticks,AUCTION_THEORY,0.028943718118717567,0.04387361541522501,0.028943718118717567,0
BuySellRatio,OTHER_CAUSAL_CONTEXT,PreEntry_Directional_Delta_Share3_AtEntry,FLOW_BURST_QUALITY,-0.028872926127461264,-0.04808452881130342,0.028872926127461264,0
Velocity5s,PERSISTENCE_EXHAUSTION,delta_persistence_3_5,PERSISTENCE_EXHAUSTION,-0.028870327679634916,-0.11324332642595383,0.028870327679634916,0
Signed_Previous_Delta_Share_AtEntry,FLOW_BURST_QUALITY,absorption_pressure_1s,EFFORT_VS_RESULT,0.028702920019116812,0.10460006107764044,0.028702920019116812,0
PreEntry_Directional_Delta_Share3_AtEntry,FLOW_BURST_QUALITY,flow_price_alignment,OTHER_CAUSAL_CONTEXT,-0.028614251445456915,-0.033620539293634094,0.028614251445456915,0
Dist_POC_Ticks,AUCTION_THEORY,Profile_Excess_Kurtosis,AUCTION_THEORY,0.028573174040814477,0.06618004818477025,0.028573174040814477,0
DeltaChange1s,FLOW_BURST_QUALITY,directional_vwap_distance,AUCTION_THEORY,0.028572315392359993,0.09577142891309799,0.028572315392359993,0
Nearest_OR_Edge_Acceptance_Ratio3_AtEntry,ACCEPTANCE_RECLAIM,signed_delta_1s,FLOW_BURST_QUALITY,0.028520502978162873,0.1236100555474575,0.028520502978162873,0
Buy_Imbalance_Count_AtEntry,FLOW_BURST_QUALITY,Signed_Previous_Delta_Share_AtEntry,FLOW_BURST_QUALITY,0.028485527731564562,0.003854196670874179,0.028485527731564562,0
ContractsPerSecond,FLOW_BURST_QUALITY,Dist_VWAP_Ticks,AUCTION_THEORY,-0.02846399941934382,-0.03237946301192695,0.02846399941934382,0
Delta3s,FLOW_BURST_QUALITY,Directional_VWAP_Distance_Ticks_AtEntry,AUCTION_THEORY,-0.02843752041799478,-0.033467682154829474,0.02843752041799478,0
CumulativeDeltaWindow,FLOW_BURST_QUALITY,Directional_VWAP_Distance_Ticks_AtEntry,AUCTION_THEORY,-0.02843752041799478,-0.033467682154829474,0.02843752041799478,0
Previous_Delta_AtEntry,FLOW_BURST_QUALITY,burst_efficiency_score,EFFORT_VS_RESULT,0.02838338445940912,0.09236725329227216,0.02838338445940912,0
Dist_VAL_Ticks,AUCTION_THEORY,delta_share_of_volume,FLOW_BURST_QUALITY,0.02834671481037023,0.0050604392452974194,0.02834671481037023,0
Profile_Excess_Kurtosis,AUCTION_THEORY,Delta_AtEntry,FLOW_BURST_QUALITY,0.02829566714134395,0.1126352792938309,0.02829566714134395,0
Signed_Previous_Delta_Share_AtEntry,FLOW_BURST_QUALITY,PreEntry_Range_Compression3_AtEntry,OTHER_CAUSAL_CONTEXT,0.02826400928351551,-0.01317277643081056,0.02826400928351551,0
Velocity1s,PERSISTENCE_EXHAUSTION,PreEntry_Range_Compression3_AtEntry,OTHER_CAUSAL_CONTEXT,-0.02813495823392886,-0.04995084126302912,0.02813495823392886,0
TicksPerSecond,TIME_REGIME,PreEntry_Range_Compression3_AtEntry,OTHER_CAUSAL_CONTEXT,-0.02813495823392886,-0.04995084126302912,0.02813495823392886,0
Dist_OR_High_Ticks,AUCTION_THEORY,delta_persistence_1_3,PERSISTENCE_EXHAUSTION,0.028049656725759875,0.03827830639100398,0.028049656725759875,0
ContractsPerSecond,FLOW_BURST_QUALITY,PreBurst_Path_Efficiency_10s,TEMPORAL_SEQUENCE,-0.028045937478548444,-0.06287978869535368,0.028045937478548444,0
DeltaPercentile,FLOW_BURST_QUALITY,PreEntry_Volume_Climax_Ratio_AtEntry,FLOW_BURST_QUALITY,0.028043398576932707,0.15730698424290906,0.028043398576932707,0
PreEntry_Volume_Climax_Ratio_AtEntry,FLOW_BURST_QUALITY,delta_share_of_volume,FLOW_BURST_QUALITY,0.028031496888251024,0.038182760290136473,0.028031496888251024,0
signed_acceleration_1s,PERSISTENCE_EXHAUSTION,or_position_fraction,AUCTION_THEORY,0.02800663646212707,0.00361860472127546,0.02800663646212707,0
Nearest_OR_Edge_Acceptance_Ratio3_AtEntry,ACCEPTANCE_RECLAIM,mean_trade_size,FLOW_BURST_QUALITY,-0.02800113876603672,-0.05172762679876045,0.02800113876603672,0
signed_delta_1s,FLOW_BURST_QUALITY,delta_persistence_3_5,PERSISTENCE_EXHAUSTION,-0.028000920624798524,-0.06428404520744131,0.028000920624798524,0
Previous_Delta_AtEntry,FLOW_BURST_QUALITY,execution_cvd_alignment,OTHER_CAUSAL_CONTEXT,0.02795928797036482,0.04237535318268843,0.02795928797036482,0
Dist_OR_Low_Ticks,AUCTION_THEORY,Score_AtEntry,OTHER_CAUSAL_CONTEXT,-0.027914891967800084,-0.07371502667919468,0.027914891967800084,0
Profile_Position_Percentile,AUCTION_THEORY,PreEntry_Directional_Efficiency3_AtEntry,OTHER_CAUSAL_CONTEXT,-0.027896880336469893,-0.0406866209808642,0.027896880336469893,0
TicksPerSecond,TIME_REGIME,execution_cvd_alignment,OTHER_CAUSAL_CONTEXT,0.02786470873586853,0.03769866275790256,0.02786470873586853,0
Velocity1s,PERSISTENCE_EXHAUSTION,execution_cvd_alignment,OTHER_CAUSAL_CONTEXT,0.02786470873586853,0.03769866275790256,0.02786470873586853,0
DeltaChangeZScore,FLOW_BURST_QUALITY,Profile_Excess_Kurtosis,AUCTION_THEORY,0.027762318592405497,0.07143205345495582,0.027762318592405497,0
DeltaChange1s,FLOW_BURST_QUALITY,directional_poc_distance,AUCTION_THEORY,-0.02774571089237214,-0.008816024338926512,0.02774571089237214,0
Delta3s,FLOW_BURST_QUALITY,signed_velocity_1s,PERSISTENCE_EXHAUSTION,-0.0277215452409993,0.03470896594381231,0.0277215452409993,0
CumulativeDeltaWindow,FLOW_BURST_QUALITY,signed_velocity_1s,PERSISTENCE_EXHAUSTION,-0.0277215452409993,0.03470896594381231,0.0277215452409993,0
Dist_LVN_Ticks,AUCTION_THEORY,weekday_index,TIME_REGIME,-0.027689576998130638,-0.02426325777042568,0.027689576998130638,0
Velocity5s,PERSISTENCE_EXHAUSTION,BreakOut_TICKS_PER_SEC_AtEntry,OTHER_CAUSAL_CONTEXT,-0.02765565967385344,0.04080419384689177,0.02765565967385344,0
Acceleration1s,PERSISTENCE_EXHAUSTION,price_impact_per_100_contracts,EFFORT_VS_RESULT,-0.02765118707086932,-0.0935518157275928,0.02765118707086932,0
PreBurst_Impulse_Survival_Seconds,AUCTION_THEORY,delta_share_of_volume,FLOW_BURST_QUALITY,0.027647244667976665,0.007043334170001307,0.027647244667976665,0
Profile_Position_Percentile,AUCTION_THEORY,Signed_Delta_Share_AtEntry,FLOW_BURST_QUALITY,-0.027625164012647307,0.035880653300854125,0.027625164012647307,0
Profile_Std_Ticks,AUCTION_THEORY,Previous_Delta_AtEntry,FLOW_BURST_QUALITY,-0.027604275925166167,0.001372317775161977,0.027604275925166167,0
Directional_VWAP_Distance_Ticks_AtEntry,AUCTION_THEORY,profile_confluence_4t,AUCTION_THEORY,-0.027588913368796996,0.019900524339788245,0.027588913368796996,0
Delta_AtEntry,FLOW_BURST_QUALITY,price_impact_per_100_contracts,EFFORT_VS_RESULT,0.027529279346791353,-0.035275281341675895,0.027529279346791353,0
Previous_Delta_AtEntry,FLOW_BURST_QUALITY,signed_acceleration_1s,PERSISTENCE_EXHAUSTION,0.027489522486724052,0.08252648658638524,0.027489522486724052,0
Profile_Normalized_Entropy,AUCTION_THEORY,signed_velocity_decay_1_5,PERSISTENCE_EXHAUSTION,0.027434678498505696,-0.03596265589720657,0.027434678498505696,0
Velocity3s,PERSISTENCE_EXHAUSTION,flow_price_alignment,OTHER_CAUSAL_CONTEXT,0.02741807256884337,0.04943123339019005,0.02741807256884337,0
Profile_Effective_Nodes,AUCTION_THEORY,flow_price_alignment,OTHER_CAUSAL_CONTEXT,-0.027387947245379265,0.007207178503306295,0.027387947245379265,0
Volume_AtEntry,FLOW_BURST_QUALITY,Prior_Closed_ATR5_Ticks_AtEntry,AUCTION_THEORY,-0.027384576854523588,-0.06149615287383415,0.027384576854523588,0
Previous_Volume_AtEntry,FLOW_BURST_QUALITY,signed_delta_decay_1_5,PERSISTENCE_EXHAUSTION,0.027383889251268573,0.028349815646583957,0.027383889251268573,0
Dist_OR_Low_Ticks,AUCTION_THEORY,mean_trade_size,FLOW_BURST_QUALITY,-0.027371480348086497,0.005757893629734858,0.027371480348086497,0
Dist_OR_High_Ticks,AUCTION_THEORY,Signed_Delta_Share_AtEntry,FLOW_BURST_QUALITY,0.027322427839834205,-0.004292656782430014,0.027322427839834205,0
Nearest_OR_Edge_Distance_Ticks_AtEntry,AUCTION_THEORY,flow_price_alignment,OTHER_CAUSAL_CONTEXT,0.02730085110159614,0.01164545103495363,0.02730085110159614,0
flow_price_alignment,OTHER_CAUSAL_CONTEXT,distance_nearest_or_edge_ticks,AUCTION_THEORY,0.02730085110159614,0.011645451034953597,0.02730085110159614,0
Dist_VAL_Ticks,AUCTION_THEORY,PreBurst_Rotation_Index_10s,TEMPORAL_SEQUENCE,0.027242618153881834,0.03992256871029693,0.027242618153881834,0
DeltaChange1s,FLOW_BURST_QUALITY,PreBurst_Acceptance_Dwell_Ratio_5s,ACCEPTANCE_RECLAIM,-0.027237446572859654,-0.025650560540437198,0.027237446572859654,0
BreakOut_TICKS_PER_SEC_AtEntry,OTHER_CAUSAL_CONTEXT,delta_persistence_3_5,PERSISTENCE_EXHAUSTION,-0.027153627484684834,-0.0533728420611196,0.027153627484684834,0
execution_side_sign,OTHER_CAUSAL_CONTEXT,distance_nearest_profile_reference_ticks,AUCTION_THEORY,0.02711383936018147,0.04299384627090523,0.02711383936018147,0
Delta5s,FLOW_BURST_QUALITY,Volume_AtEntry,FLOW_BURST_QUALITY,0.02702248556889035,0.03365727578531361,0.02702248556889035,0
PreBurst_Reclaim_Count_10s,ACCEPTANCE_RECLAIM,or_position_fraction,AUCTION_THEORY,-0.02701592613030417,0.003835116516433791,0.02701592613030417,0
Velocity5s,PERSISTENCE_EXHAUSTION,burst_efficiency_score,EFFORT_VS_RESULT,-0.027015666398919315,-0.04540600234789855,0.027015666398919315,0
Prior_Closed_ATR3_Ticks_AtEntry,AUCTION_THEORY,PreEntry_Directional_Delta_Share3_AtEntry,FLOW_BURST_QUALITY,0.027009284210918014,0.03161722447053326,0.027009284210918014,0
Delta5s,FLOW_BURST_QUALITY,burst_efficiency_score,EFFORT_VS_RESULT,0.02700090448290227,0.004088406653244731,0.02700090448290227,0
PeakNegativeDelta,FLOW_BURST_QUALITY,PreBurst_Reclaim_Count_10s,ACCEPTANCE_RECLAIM,0.02690121391080101,0.07188754169502463,0.02690121391080101,0
Profile_Std_Ticks,AUCTION_THEORY,execution_cvd_alignment,OTHER_CAUSAL_CONTEXT,0.026883585467777936,-0.04214761903508723,0.026883585467777936,0
DeltaChangeZScore,FLOW_BURST_QUALITY,execution_cvd_alignment,OTHER_CAUSAL_CONTEXT,-0.026883585467777936,-0.020235611316848992,0.026883585467777936,0
Profile_Concentration,AUCTION_THEORY,delta_share_of_volume,FLOW_BURST_QUALITY,0.026859285216331158,0.014811840196569262,0.026859285216331158,0
ContractsPerSecond,FLOW_BURST_QUALITY,Dist_OR_High_Ticks,AUCTION_THEORY,-0.026802344902389957,-0.03625055771619812,0.026802344902389957,0
DeltaPercentile,FLOW_BURST_QUALITY,Dist_OR_High_Ticks,AUCTION_THEORY,-0.026781653108646143,-0.03894737304414124,0.026781653108646143,0
Profile_Normalized_Entropy,AUCTION_THEORY,Signed_Delta_Share_AtEntry,FLOW_BURST_QUALITY,-0.02676909183574872,-0.0644870049051093,0.02676909183574872,0
Dist_OR_Low_Ticks,AUCTION_THEORY,delta_persistence_3_5,PERSISTENCE_EXHAUSTION,0.026769054728885706,-0.04764336210492844,0.026769054728885706,0
Previous_Volume_AtEntry,FLOW_BURST_QUALITY,delta_persistence_1_3,PERSISTENCE_EXHAUSTION,0.026677454951669344,-0.007666205468510616,0.026677454951669344,0
Delta2s,FLOW_BURST_QUALITY,Body_OR_Ratio_AtEntry,AUCTION_THEORY,0.026652677663082987,0.024514786986411467,0.026652677663082987,0
Acceleration3s,PERSISTENCE_EXHAUSTION,mean_trade_size,FLOW_BURST_QUALITY,-0.026639154643794797,0.04004584530879112,0.026639154643794797,0
Dist_POC_Ticks,AUCTION_THEORY,signed_velocity_decay_1_5,PERSISTENCE_EXHAUSTION,0.026611041905604663,0.02353701656164201,0.026611041905604663,0
Delta1s,FLOW_BURST_QUALITY,PreBurst_Reclaim_Count_10s,ACCEPTANCE_RECLAIM,0.026555286754193212,0.041316573837598,0.026555286754193212,0
signed_delta_1s,FLOW_BURST_QUALITY,distance_nearest_or_edge_ticks,AUCTION_THEORY,0.02652559740081483,0.1404689276431917,0.02652559740081483,0
Nearest_OR_Edge_Distance_Ticks_AtEntry,AUCTION_THEORY,signed_delta_1s,FLOW_BURST_QUALITY,0.02652559740081483,0.14046892764319183,0.02652559740081483,0
DeltaChange1s,FLOW_BURST_QUALITY,delta_persistence_3_5,PERSISTENCE_EXHAUSTION,-0.026514498799768263,-0.05720777265195914,0.026514498799768263,0
Delta1s,FLOW_BURST_QUALITY,Previous_Volume_AtEntry,FLOW_BURST_QUALITY,0.02651221633651841,-0.021737351761853894,0.02651221633651841,0
Dist_OR_High_Ticks,AUCTION_THEORY,PreBurst_Price_Per_Volume_3s,EFFORT_VS_RESULT,-0.026498877800437134,-0.12907658034026953,0.026498877800437134,0
PreBurst_Price_Per_Volume_3s,EFFORT_VS_RESULT,execution_side_sign,OTHER_CAUSAL_CONTEXT,-0.02649156137327992,0.004149251544938917,0.02649156137327992,0
Velocity5s,PERSISTENCE_EXHAUSTION,absorption_pressure_1s,EFFORT_VS_RESULT,0.026480332362312665,-0.04755431124996519,0.026480332362312665,0
PreBurst_Acceptance_Dwell_Ratio_5s,ACCEPTANCE_RECLAIM,Profile_Normalized_Entropy,AUCTION_THEORY,-0.026473201132758035,-0.06454022600776692,0.026473201132758035,0
PreBurst_Impulse_Survival_Seconds,AUCTION_THEORY,month_index,TIME_REGIME,0.026459229547543504,0.04256795867354063,0.026459229547543504,0
Dist_HVN_Ticks,AUCTION_THEORY,PreEntry_Directional_Efficiency3_AtEntry,OTHER_CAUSAL_CONTEXT,0.026412837313619972,-0.032968355550225606,0.026412837313619972,0
Profile_Local_Maxima_Count,AUCTION_THEORY,signed_delta_1s,FLOW_BURST_QUALITY,-0.026378289790502166,0.05676631316626571,0.026378289790502166,0
Dist_VAL_Ticks,AUCTION_THEORY,PreBurst_Impulse_Survival_Seconds,AUCTION_THEORY,-0.02633541970674941,-0.024030363061878873,0.02633541970674941,0
DeltaPercentile,FLOW_BURST_QUALITY,Dist_VAH_Ticks,AUCTION_THEORY,-0.026285914052795213,-0.0717086980428145,0.026285914052795213,0
TradesPerSecond,TIME_REGIME,PreEntry_Volume_Climax_Ratio_AtEntry,FLOW_BURST_QUALITY,-0.026267527638819732,0.07234048045642082,0.026267527638819732,0
DeltaChange1s,FLOW_BURST_QUALITY,signed_acceleration_1s,PERSISTENCE_EXHAUSTION,0.02623621652964843,0.0471001881216231,0.02623621652964843,0
Dist_VAH_Ticks,AUCTION_THEORY,PreEntry_Directional_Efficiency3_AtEntry,OTHER_CAUSAL_CONTEXT,0.02621315024845805,0.03976843601069993,0.02621315024845805,0
DeltaChange1s,FLOW_BURST_QUALITY,vwap_poc_spread_ticks,AUCTION_THEORY,0.026166315804330875,0.02902256799098933,0.026166315804330875,0
Velocity3s,PERSISTENCE_EXHAUSTION,distance_nearest_profile_reference_ticks,AUCTION_THEORY,-0.026154351480088756,-0.02920912745174758,0.026154351480088756,0
Velocity1s,PERSISTENCE_EXHAUSTION,PreBurst_Rotation_Index_10s,TEMPORAL_SEQUENCE,0.026140662188645115,-0.0045855070506022316,0.026140662188645115,0
TicksPerSecond,TIME_REGIME,PreBurst_Rotation_Index_10s,TEMPORAL_SEQUENCE,0.026140662188645115,-0.0045855070506022316,0.026140662188645115,0
ContractsPerSecond,FLOW_BURST_QUALITY,PreBurst_Impulse_Survival_Seconds,AUCTION_THEORY,-0.026101454475997276,-0.015589737458790283,0.026101454475997276,0
Previous_Delta_AtEntry,FLOW_BURST_QUALITY,absorption_pressure_1s,EFFORT_VS_RESULT,-0.025980002868412806,-0.026622804293107438,0.025980002868412806,0
Dist_VWAP_Ticks,AUCTION_THEORY,price_impact_per_100_contracts,EFFORT_VS_RESULT,0.025949116514194397,-0.030924153067181877,0.025949116514194397,0
PeakNegativeDelta,FLOW_BURST_QUALITY,distance_nearest_profile_reference_ticks,AUCTION_THEORY,-0.025941900847160172,-0.06658049110554104,0.025941900847160172,0
Previous_Delta_AtEntry,FLOW_BURST_QUALITY,PreEntry_Directional_Delta_Share3_AtEntry,FLOW_BURST_QUALITY,0.025938498752238165,-0.05038550382835035,0.025938498752238165,0
Dist_VAL_Ticks,AUCTION_THEORY,signed_delta_decay_1_5,PERSISTENCE_EXHAUSTION,0.0259260980669217,0.03402391785375188,0.0259260980669217,0
ContractsPerSecond,FLOW_BURST_QUALITY,PreBurst_Rotation_Index_10s,TEMPORAL_SEQUENCE,-0.025922762416460184,0.07484764293194326,0.025922762416460184,0
Delta1s,FLOW_BURST_QUALITY,Profile_Excess_Kurtosis,AUCTION_THEORY,0.02587322400338349,0.07037930893628332,0.02587322400338349,0
Profile_Position_Percentile,AUCTION_THEORY,Signed_Previous_Delta_Share_AtEntry,FLOW_BURST_QUALITY,-0.025829572971840804,-0.04533278315681876,0.025829572971840804,0
Profile_Effective_Nodes,AUCTION_THEORY,PreEntry_Directional_Delta_Share3_AtEntry,FLOW_BURST_QUALITY,-0.02579748774200286,0.025120227606460335,0.02579748774200286,0
Profile_Effective_Nodes,AUCTION_THEORY,Directional_VWAP_Distance_Ticks_AtEntry,AUCTION_THEORY,-0.025780213194057964,-0.051089285161660045,0.025780213194057964,0
DeltaPercentile,FLOW_BURST_QUALITY,PreBurst_Reclaim_Count_10s,ACCEPTANCE_RECLAIM,-0.02575940871585995,0.0071768378683284405,0.02575940871585995,0
Previous_Delta_AtEntry,FLOW_BURST_QUALITY,price_impact_per_100_contracts,EFFORT_VS_RESULT,0.025745013846359736,0.07912371964549705,0.025745013846359736,0
Dist_VWAP_Ticks,AUCTION_THEORY,PreBurst_Path_Efficiency_10s,TEMPORAL_SEQUENCE,0.025742639993273503,-0.03415191789101099,0.025742639993273503,0
TradesPerSecond,TIME_REGIME,Dist_VWAP_Ticks,AUCTION_THEORY,-0.02569149445575918,0.011710270642187498,0.02569149445575918,0
Delta_Change_AtEntry,FLOW_BURST_QUALITY,distance_nearest_profile_reference_ticks,AUCTION_THEORY,-0.0256362819924693,-0.03955093798320709,0.0256362819924693,0
Dist_VAL_Ticks,AUCTION_THEORY,price_impact_per_100_contracts,EFFORT_VS_RESULT,0.025578595137397825,0.03404713613272633,0.025578595137397825,0
Dist_VWAP_Ticks,AUCTION_THEORY,signed_velocity_1s,PERSISTENCE_EXHAUSTION,-0.02553624884026346,0.02721299194745083,0.02553624884026346,0
Dist_VWAP_Ticks,AUCTION_THEORY,profile_confluence_4t,AUCTION_THEORY,0.025526398141065387,0.01944493554296476,0.025526398141065387,0
Prior_Closed_ATR5_Ticks_AtEntry,AUCTION_THEORY,signed_delta_decay_1_5,PERSISTENCE_EXHAUSTION,0.02538966562838953,0.00456870052490455,0.02538966562838953,0
Acceleration1s,PERSISTENCE_EXHAUSTION,execution_cvd_alignment,OTHER_CAUSAL_CONTEXT,0.025370964678535047,0.015639857342922336,0.025370964678535047,0
PreBurst_Acceptance_Dwell_Ratio_5s,ACCEPTANCE_RECLAIM,PreBurst_Reclaim_Count_10s,ACCEPTANCE_RECLAIM,-0.02530230148609944,0.005377930480515252,0.02530230148609944,0
Dist_VAH_Ticks,AUCTION_THEORY,PreBurst_Price_Per_Volume_3s,EFFORT_VS_RESULT,-0.02527083473062447,-0.1140252167259823,0.02527083473062447,0
PreBurst_Price_Per_Delta_3s,EFFORT_VS_RESULT,PreEntry_Directional_Efficiency3_AtEntry,OTHER_CAUSAL_CONTEXT,0.025269354061360452,-0.050246642103122775,0.025269354061360452,0
Delta_AtEntry,FLOW_BURST_QUALITY,distance_nearest_profile_reference_ticks,AUCTION_THEORY,-0.02523774001485481,-0.041519873212493605,0.02523774001485481,0
Prior_Closed_ATR5_Ticks_AtEntry,AUCTION_THEORY,signed_delta_change_1s,FLOW_BURST_QUALITY,-0.025101991323181746,-0.0224464744841108,0.025101991323181746,0
Delta2s,FLOW_BURST_QUALITY,signed_velocity_3s,PERSISTENCE_EXHAUSTION,0.02504031380762556,0.03670982997159348,0.02504031380762556,0
PreBurst_Price_Per_Volume_3s,EFFORT_VS_RESULT,Profile_Normalized_Entropy,AUCTION_THEORY,-0.025026890208041712,-0.05125634467464306,0.025026890208041712,0
PreBurst_Rotation_Index_10s,TEMPORAL_SEQUENCE,weekday_index,TIME_REGIME,0.02501977599902924,0.034586372922019444,0.02501977599902924,0
Dist_LVN_Ticks,AUCTION_THEORY,or_position_fraction,AUCTION_THEORY,-0.025017838763867917,0.018584115444801957,0.025017838763867917,0
Previous_Delta_AtEntry,FLOW_BURST_QUALITY,Nearest_OR_Edge_Acceptance_Ratio3_AtEntry,ACCEPTANCE_RECLAIM,-0.025012157249905183,-0.04905622030221111,0.025012157249905183,0
Profile_Normalized_Entropy,AUCTION_THEORY,price_impact_per_100_contracts,EFFORT_VS_RESULT,-0.024949426907518207,-0.019836655761366777,0.024949426907518207,0
DeltaChangeZScore,FLOW_BURST_QUALITY,Body_OR_Ratio_AtEntry,AUCTION_THEORY,0.02494940833581626,0.010744472219360209,0.02494940833581626,0
profile_confluence_4t,AUCTION_THEORY,month_index,TIME_REGIME,0.024914967965139565,0.03345661473142854,0.024914967965139565,0
Buy_Imbalance_Count_AtEntry,FLOW_BURST_QUALITY,PreEntry_Directional_Delta_Share3_AtEntry,FLOW_BURST_QUALITY,-0.024815896911232004,-0.08647852227437648,0.024815896911232004,0
Previous_Volume_AtEntry,FLOW_BURST_QUALITY,mean_trade_size,FLOW_BURST_QUALITY,-0.024757132445107438,0.050263565469829345,0.024757132445107438,0
PreBurst_Price_Per_Delta_3s,EFFORT_VS_RESULT,execution_side_sign,OTHER_CAUSAL_CONTEXT,0.024748721981108283,0.03619659823052815,0.024748721981108283,0
PreBurst_Rotation_Index_10s,TEMPORAL_SEQUENCE,Body_AtEntry,OTHER_CAUSAL_CONTEXT,-0.024681958849124486,0.02497147130263563,0.024681958849124486,0
BuySellRatio,OTHER_CAUSAL_CONTEXT,PreBurst_Price_Per_Delta_3s,EFFORT_VS_RESULT,-0.02459680483418205,-0.11566576746193695,0.02459680483418205,0
Dist_LVN_Ticks,AUCTION_THEORY,Profile_Concentration,AUCTION_THEORY,-0.02452438467930019,-0.03479631812885805,0.02452438467930019,0
TicksPerSecond,TIME_REGIME,PreBurst_Reclaim_Count_10s,ACCEPTANCE_RECLAIM,0.024518417477530908,0.017578909251165405,0.024518417477530908,0
Velocity1s,PERSISTENCE_EXHAUSTION,PreBurst_Reclaim_Count_10s,ACCEPTANCE_RECLAIM,0.024518417477530908,0.017578909251165405,0.024518417477530908,0
PreBurst_Price_Per_Volume_3s,EFFORT_VS_RESULT,Signed_Previous_Delta_Share_AtEntry,FLOW_BURST_QUALITY,-0.02450301503422445,-0.05233908392317825,0.02450301503422445,0
Profile_Position_Percentile,AUCTION_THEORY,PreEntry_Directional_Delta_Share3_AtEntry,FLOW_BURST_QUALITY,0.024486033844464804,0.00804465194718607,0.024486033844464804,0
Delta10s,FLOW_BURST_QUALITY,PreBurst_Reclaim_Count_10s,ACCEPTANCE_RECLAIM,0.02446752685885752,0.043525392593808485,0.02446752685885752,0
Velocity5s,PERSISTENCE_EXHAUSTION,PreBurst_Reclaim_Count_10s,ACCEPTANCE_RECLAIM,-0.024418274801030718,-0.004174915591448894,0.024418274801030718,0
Profile_Skewness,AUCTION_THEORY,Cumulative_Delta_AtEntry,FLOW_BURST_QUALITY,-0.02435035746393253,0.0315445398126194,0.02435035746393253,0
DeltaChangeZScore,FLOW_BURST_QUALITY,PreBurst_Reclaim_Count_10s,ACCEPTANCE_RECLAIM,0.024344147282906382,0.02015507324015039,0.024344147282906382,0
Delta_AtEntry,FLOW_BURST_QUALITY,profile_confluence_4t,AUCTION_THEORY,-0.024229320709613575,-0.035504867101714487,0.024229320709613575,0
Velocity3s,PERSISTENCE_EXHAUSTION,signed_velocity_decay_1_5,PERSISTENCE_EXHAUSTION,0.02413956852875083,-0.04898118066138411,0.02413956852875083,0
DeltaChangeZScore,FLOW_BURST_QUALITY,signed_acceleration_1s,PERSISTENCE_EXHAUSTION,-0.02412963338847783,0.0077211411070131535,0.02412963338847783,0
Velocity3s,PERSISTENCE_EXHAUSTION,liquidity_absorption_score,OTHER_CAUSAL_CONTEXT,0.024127199023048766,-0.023452797468834392,0.024127199023048766,0
Delta2s,FLOW_BURST_QUALITY,Profile_Excess_Kurtosis,AUCTION_THEORY,0.02411340687019648,0.062397125122956885,0.02411340687019648,0
PreEntry_Directional_Delta_Share3_AtEntry,FLOW_BURST_QUALITY,month_index,TIME_REGIME,-0.02409305696637078,0.022506695284032412,0.02409305696637078,0
PeakPositiveDelta,FLOW_BURST_QUALITY,Body_OR_Ratio_AtEntry,AUCTION_THEORY,0.024049239477012745,0.02646243524610216,0.024049239477012745,0
velocity_consistency,PERSISTENCE_EXHAUSTION,distance_nearest_or_edge_ticks,AUCTION_THEORY,0.024043429779223545,0.01473025029234412,0.024043429779223545,0
Nearest_OR_Edge_Distance_Ticks_AtEntry,AUCTION_THEORY,velocity_consistency,PERSISTENCE_EXHAUSTION,0.024043429779223545,0.01473025029234413,0.024043429779223545,0
Profile_Position_Percentile,AUCTION_THEORY,mean_trade_size,FLOW_BURST_QUALITY,-0.024000840803770494,-0.01405118659002198,0.024000840803770494,0
Body_AtEntry,OTHER_CAUSAL_CONTEXT,signed_delta_change_1s,FLOW_BURST_QUALITY,-0.02389396821883404,0.07036585158137793,0.02389396821883404,0
signed_delta_change_1s,FLOW_BURST_QUALITY,directional_vwap_distance,AUCTION_THEORY,-0.023891785956882388,0.04126375927925437,0.023891785956882388,0
Velocity5s,PERSISTENCE_EXHAUSTION,Volume_AtEntry,FLOW_BURST_QUALITY,0.023862727037859875,0.041684289394367115,0.023862727037859875,0
PreBurst_Local_Entropy_10s,TEMPORAL_SEQUENCE,liquidity_absorption_score,OTHER_CAUSAL_CONTEXT,-0.023776121586867986,0.11136525858908194,0.023776121586867986,0
Delta2s,FLOW_BURST_QUALITY,PreBurst_Reclaim_Count_10s,ACCEPTANCE_RECLAIM,0.023773256589245926,0.04295906312977183,0.023773256589245926,0
ContractsPerSecond,FLOW_BURST_QUALITY,flow_price_alignment,OTHER_CAUSAL_CONTEXT,0.023746927151887868,0.022472476748435177,0.023746927151887868,0
Delta10s,FLOW_BURST_QUALITY,Directional_VWAP_Distance_Ticks_AtEntry,AUCTION_THEORY,-0.023744976430396716,-0.051616220863268565,0.023744976430396716,0
Dist_OR_Low_Ticks,AUCTION_THEORY,Directional_VWAP_Distance_Ticks_AtEntry,AUCTION_THEORY,-0.023710194349380438,-0.04685965101201504,0.023710194349380438,0
Delta10s,FLOW_BURST_QUALITY,PreBurst_Local_Entropy_10s,TEMPORAL_SEQUENCE,-0.023635491227497373,-0.05033521255883404,0.023635491227497373,0
Cumulative_Delta_AtEntry,FLOW_BURST_QUALITY,seconds_from_open,TIME_REGIME,-0.023622873316871164,-0.06845820874975622,0.023622873316871164,0
Cumulative_Delta_AtEntry,FLOW_BURST_QUALITY,minute_from_open,TIME_REGIME,-0.023622873316871164,-0.06845820874975628,0.023622873316871164,0
Delta_AtEntry,FLOW_BURST_QUALITY,PreEntry_Volume_Climax_Ratio_AtEntry,FLOW_BURST_QUALITY,-0.023618127101433965,-0.02256555000592459,0.023618127101433965,0
Dist_VAL_Ticks,AUCTION_THEORY,PreBurst_Path_Efficiency_10s,TEMPORAL_SEQUENCE,-0.023515068926742686,-0.08475805455001544,0.023515068926742686,0
PreBurst_Impulse_Survival_Seconds,AUCTION_THEORY,Prior_Closed_ATR5_Ticks_AtEntry,AUCTION_THEORY,0.023510428146027475,0.01853940379354041,0.023510428146027475,0
Prior_Closed_ATR5_Ticks_AtEntry,AUCTION_THEORY,flow_price_alignment,OTHER_CAUSAL_CONTEXT,0.02348212993740916,0.06514956531454855,0.02348212993740916,0
Dist_VWAP_Ticks,AUCTION_THEORY,delta_share_of_volume,FLOW_BURST_QUALITY,0.023481539593811985,0.0017085312840953804,0.023481539593811985,0
Previous_Delta_AtEntry,FLOW_BURST_QUALITY,Signed_Delta_Share_AtEntry,FLOW_BURST_QUALITY,0.023470370390178363,-0.0482645696213908,0.023470370390178363,0
vwap_poc_spread_ticks,AUCTION_THEORY,signed_delta_decay_1_5,PERSISTENCE_EXHAUSTION,-0.023462400441015302,-0.0688146065362471,0.023462400441015302,0
Velocity1s,PERSISTENCE_EXHAUSTION,acceleration_velocity_ratio,PERSISTENCE_EXHAUSTION,-0.023406768687762588,-0.0031974511108012224,0.023406768687762588,0
TicksPerSecond,TIME_REGIME,acceleration_velocity_ratio,PERSISTENCE_EXHAUSTION,-0.023406768687762588,-0.0031974511108012224,0.023406768687762588,0
range,OTHER_CAUSAL_CONTEXT,profile_confluence_4t,AUCTION_THEORY,0.023403217101828584,0.03255424612163329,0.023403217101828584,0
OR_WidthTicks,AUCTION_THEORY,profile_confluence_4t,AUCTION_THEORY,0.023403217101828584,0.032554246121633226,0.023403217101828584,0
Dist_LVN_Ticks,AUCTION_THEORY,Body_OR_Ratio_AtEntry,AUCTION_THEORY,-0.02337758427726354,-0.05695716496247899,0.02337758427726354,0
PreBurst_Price_Per_Delta_3s,EFFORT_VS_RESULT,Previous_Volume_AtEntry,FLOW_BURST_QUALITY,0.023375533658384705,-0.03337648866469823,0.023375533658384705,0
PeakPositiveDelta,FLOW_BURST_QUALITY,Signed_Previous_Delta_Share_AtEntry,FLOW_BURST_QUALITY,-0.023286243248797706,-0.09776920241582626,0.023286243248797706,0
Signed_Delta_Share_AtEntry,FLOW_BURST_QUALITY,delta_persistence_3_5,PERSISTENCE_EXHAUSTION,-0.0232712057890299,-0.037986271673437835,0.0232712057890299,0
PreBurst_Impulse_Survival_Seconds,AUCTION_THEORY,Prior_Closed_ATR3_Ticks_AtEntry,AUCTION_THEORY,0.023214805228951963,0.03714698030742857,0.023214805228951963,0
Dist_OR_High_Ticks,AUCTION_THEORY,signed_velocity_1s,PERSISTENCE_EXHAUSTION,-0.023202345325874122,-0.08325992538717171,0.023202345325874122,0
PreEntry_Volume_Climax_Ratio_AtEntry,FLOW_BURST_QUALITY,signed_delta_change_1s,FLOW_BURST_QUALITY,0.023187813901046957,0.04648270334577636,0.023187813901046957,0
Delta1s,FLOW_BURST_QUALITY,signed_velocity_3s,PERSISTENCE_EXHAUSTION,0.023167925572527177,0.03733294196600816,0.023167925572527177,0
Profile_Effective_Nodes,AUCTION_THEORY,signed_delta_1s,FLOW_BURST_QUALITY,-0.02315826215331816,0.0776526317875902,0.02315826215331816,0
Delta2s,FLOW_BURST_QUALITY,Previous_Volume_AtEntry,FLOW_BURST_QUALITY,0.023128774086278822,-0.021672781399289895,0.023128774086278822,0
delta_persistence_3_5,PERSISTENCE_EXHAUSTION,month_index,TIME_REGIME,-0.02311202999917953,0.00949145434471083,0.02311202999917953,0
BuySellRatio,OTHER_CAUSAL_CONTEXT,Profile_Skewness,AUCTION_THEORY,0.02310470859610009,0.05975412937766678,0.02310470859610009,0
Dist_VWAP_Ticks,AUCTION_THEORY,signed_delta_change_1s,FLOW_BURST_QUALITY,-0.02301411977622458,-0.026061778148608664,0.02301411977622458,0
Profile_Skewness,AUCTION_THEORY,Prior_Closed_ATR5_Ticks_AtEntry,AUCTION_THEORY,-0.022921967757995848,-0.050435408722660724,0.022921967757995848,0
Directional_VWAP_Distance_Ticks_AtEntry,AUCTION_THEORY,Prior_Closed_ATR5_Ticks_AtEntry,AUCTION_THEORY,0.022896277684857157,-0.034863951245821666,0.022896277684857157,0
Dist_OR_High_Ticks,AUCTION_THEORY,Profile_Excess_Kurtosis,AUCTION_THEORY,-0.022782959148487675,-0.011286938140365571,0.022782959148487675,0
Dist_OR_High_Ticks,AUCTION_THEORY,execution_cvd_alignment,OTHER_CAUSAL_CONTEXT,-0.022773723308815417,-0.03421352795688946,0.022773723308815417,0
liquidity_absorption_score,OTHER_CAUSAL_CONTEXT,execution_cvd_alignment,OTHER_CAUSAL_CONTEXT,-0.022764627587076248,-0.014122196169624577,0.022764627587076248,0
Directional_OR_Extension_Ticks_AtEntry,AUCTION_THEORY,Nearest_OR_Edge_Acceptance_Ratio3_AtEntry,ACCEPTANCE_RECLAIM,-0.022734606555826754,0.03665456884965526,0.022734606555826754,0
BuySellRatio,OTHER_CAUSAL_CONTEXT,Profile_Excess_Kurtosis,AUCTION_THEORY,-0.022732259152360844,-0.06951787550430912,0.022732259152360844,0
Cumulative_Delta_AtEntry,FLOW_BURST_QUALITY,Seconds_From_Open_AtEntry,TIME_REGIME,-0.022680765443726186,-0.06848057659676962,0.022680765443726186,0
range,OTHER_CAUSAL_CONTEXT,Previous_Delta_AtEntry,FLOW_BURST_QUALITY,-0.022680637753456464,0.055472685345690394,0.022680637753456464,0
OR_WidthTicks,AUCTION_THEORY,Previous_Delta_AtEntry,FLOW_BURST_QUALITY,-0.022680637753456464,0.05547268534569034,0.022680637753456464,0
Delta_AtEntry,FLOW_BURST_QUALITY,signed_acceleration_1s,PERSISTENCE_EXHAUSTION,0.022651039080495282,0.03708796192237001,0.022651039080495282,0
PeakNegativeDelta,FLOW_BURST_QUALITY,signed_velocity_3s,PERSISTENCE_EXHAUSTION,-0.022631100401435126,0.022232943709928794,0.022631100401435126,0
directional_poc_distance,AUCTION_THEORY,weekday_index,TIME_REGIME,0.02249523034040593,0.01880250082353427,0.02249523034040593,0
Volume_AtEntry,FLOW_BURST_QUALITY,PreEntry_Range_Compression3_AtEntry,OTHER_CAUSAL_CONTEXT,-0.022493069060922487,0.004724449375928865,0.022493069060922487,0
Dist_POC_Ticks,AUCTION_THEORY,Dist_LVN_Ticks,AUCTION_THEORY,-0.02249174762022212,-0.00952430721895958,0.02249174762022212,0
TicksPerSecond,TIME_REGIME,Signed_Delta_Share_AtEntry,FLOW_BURST_QUALITY,-0.02246569734904273,-0.06631260207208434,0.02246569734904273,0
Velocity1s,PERSISTENCE_EXHAUSTION,Signed_Delta_Share_AtEntry,FLOW_BURST_QUALITY,-0.02246569734904273,-0.06631260207208434,0.02246569734904273,0
signed_acceleration_1s,PERSISTENCE_EXHAUSTION,distance_nearest_profile_reference_ticks,AUCTION_THEORY,-0.022428837527895845,0.005656218143963443,0.022428837527895845,0
Profile_Skewness,AUCTION_THEORY,Profile_Normalized_Entropy,AUCTION_THEORY,-0.022406781112205145,-0.02386342550263221,0.022406781112205145,0
PreBurst_Impulse_Decay_Slope_5s,PERSISTENCE_EXHAUSTION,or_position_fraction,AUCTION_THEORY,-0.02237549352630929,-0.03819780073731803,0.02237549352630929,0
Prior_Closed_ATR3_Ticks_AtEntry,AUCTION_THEORY,acceleration_velocity_ratio,PERSISTENCE_EXHAUSTION,0.022367751695789376,-0.05196734410639723,0.022367751695789376,0
Dist_VAH_Ticks,AUCTION_THEORY,burst_efficiency_score,EFFORT_VS_RESULT,-0.022322315075125953,-0.12751238669414752,0.022322315075125953,0
Dist_OR_Low_Ticks,AUCTION_THEORY,PreBurst_Impulse_Survival_Seconds,AUCTION_THEORY,-0.02230032399038466,-0.025811433807633687,0.02230032399038466,0
Acceleration3s,PERSISTENCE_EXHAUSTION,Signed_Delta_Share_AtEntry,FLOW_BURST_QUALITY,-0.022286674566346053,-0.07193734658332494,0.022286674566346053,0
Profile_Normalized_Entropy,AUCTION_THEORY,PreEntry_Directional_Delta_Share3_AtEntry,FLOW_BURST_QUALITY,-0.022268544964985558,0.013762404200305157,0.022268544964985558,0
PreBurst_Rotation_Index_10s,TEMPORAL_SEQUENCE,month_index,TIME_REGIME,0.022244785303940532,0.02936520398817867,0.022244785303940532,0
Delta3s,FLOW_BURST_QUALITY,directional_vwap_distance,AUCTION_THEORY,-0.022240559815051995,0.07073007416229846,0.022240559815051995,0
CumulativeDeltaWindow,FLOW_BURST_QUALITY,directional_vwap_distance,AUCTION_THEORY,-0.022240559815051995,0.07073007416229846,0.022240559815051995,0
PeakNegativeDelta,FLOW_BURST_QUALITY,signed_acceleration_1s,PERSISTENCE_EXHAUSTION,-0.02212242749791527,-0.02393131883851207,0.02212242749791527,0
PreBurst_Impulse_Decay_Slope_5s,PERSISTENCE_EXHAUSTION,Previous_Volume_AtEntry,FLOW_BURST_QUALITY,0.022085588555682472,-0.05511132838698846,0.022085588555682472,0
Dist_VAH_Ticks,AUCTION_THEORY,absorption_pressure_1s,EFFORT_VS_RESULT,0.022064007005201943,-0.06508312181534402,0.022064007005201943,0
PreBurst_Impulse_Decay_Slope_5s,PERSISTENCE_EXHAUSTION,PreEntry_Directional_Efficiency3_AtEntry,OTHER_CAUSAL_CONTEXT,0.021918380230057773,-0.06961491910900883,0.021918380230057773,0
Profile_Std_Ticks,AUCTION_THEORY,mean_trade_size,FLOW_BURST_QUALITY,0.021901669381593436,0.026873118314793675,0.021901669381593436,0
signed_delta_change_1s,FLOW_BURST_QUALITY,seconds_from_open,TIME_REGIME,0.021892528379360388,0.054809083025579686,0.021892528379360388,0
signed_delta_change_1s,FLOW_BURST_QUALITY,minute_from_open,TIME_REGIME,0.021892528379360388,0.05480908302557986,0.021892528379360388,0
PreEntry_Directional_Efficiency3_AtEntry,OTHER_CAUSAL_CONTEXT,mean_trade_size,FLOW_BURST_QUALITY,-0.02184577560962699,-0.052968704895557106,0.02184577560962699,0
DeltaPercentile,FLOW_BURST_QUALITY,Profile_Position_Percentile,AUCTION_THEORY,0.021831447064183426,-0.03637304510371442,0.021831447064183426,0
PreBurst_Acceptance_Dwell_Ratio_5s,ACCEPTANCE_RECLAIM,Buy_Imbalance_Count_AtEntry,FLOW_BURST_QUALITY,0.021792983871336154,0.09509150821282804,0.021792983871336154,0
PreBurst_Local_Entropy_10s,TEMPORAL_SEQUENCE,weekday_index,TIME_REGIME,-0.021771749814432906,0.04204246839153958,0.021771749814432906,0
Dist_VWAP_Ticks,AUCTION_THEORY,Profile_Std_Ticks,AUCTION_THEORY,-0.021764630335202706,0.04721001993117439,0.021764630335202706,0
Delta_Change_AtEntry,FLOW_BURST_QUALITY,signed_acceleration_1s,PERSISTENCE_EXHAUSTION,-0.02171496364026451,-0.020420811404063998,0.02171496364026451,0
Delta_AtEntry,FLOW_BURST_QUALITY,PreEntry_Directional_Delta_Share3_AtEntry,FLOW_BURST_QUALITY,-0.021684301416418066,-0.042357287038329805,0.021684301416418066,0
Dist_POC_Ticks,AUCTION_THEORY,PreBurst_Price_Per_Volume_3s,EFFORT_VS_RESULT,-0.021630205495286516,-0.03810521583218933,0.021630205495286516,0
Delta_Change_AtEntry,FLOW_BURST_QUALITY,BreakOut_TICKS_PER_SEC_AtEntry,OTHER_CAUSAL_CONTEXT,-0.021567001044064883,-0.02771260595648691,0.021567001044064883,0
PreBurst_Reclaim_Count_10s,ACCEPTANCE_RECLAIM,Score_AtEntry,OTHER_CAUSAL_CONTEXT,-0.021533560194168674,-0.011395682710967846,0.021533560194168674,0
Dist_VWAP_Ticks,AUCTION_THEORY,execution_cvd_alignment,OTHER_CAUSAL_CONTEXT,-0.02150686837422235,-0.023142988845423634,0.02150686837422235,0
Acceleration3s,PERSISTENCE_EXHAUSTION,directional_vwap_distance,AUCTION_THEORY,-0.021506242839439284,0.09344514120579983,0.021506242839439284,0
PreBurst_Impulse_Survival_Seconds,AUCTION_THEORY,weekday_index,TIME_REGIME,-0.0214968264588339,-0.05671393115112657,0.0214968264588339,0
Dist_VAL_Ticks,AUCTION_THEORY,PreBurst_Reclaim_Count_10s,ACCEPTANCE_RECLAIM,0.021479976980195208,0.022020977492212976,0.021479976980195208,0
Dist_OR_Low_Ticks,AUCTION_THEORY,signed_velocity_1s,PERSISTENCE_EXHAUSTION,0.02139245334408267,0.14753296267103114,0.02139245334408267,0
Dist_VWAP_Ticks,AUCTION_THEORY,Profile_Local_Maxima_Count,AUCTION_THEORY,-0.021356743451423882,-0.0012018713682974667,0.021356743451423882,0
Profile_Local_Maxima_Count,AUCTION_THEORY,signed_delta_change_1s,FLOW_BURST_QUALITY,-0.021348533354260568,0.04561093297530026,0.021348533354260568,0
BuySellRatio,OTHER_CAUSAL_CONTEXT,price_impact_per_100_contracts,EFFORT_VS_RESULT,0.021346805362675192,-0.04715727701819822,0.021346805362675192,0
ContractsPerSecond,FLOW_BURST_QUALITY,Acceleration1s,PERSISTENCE_EXHAUSTION,-0.02133556193549473,-0.01813133948169143,0.02133556193549473,0
Dist_VWAP_Ticks,AUCTION_THEORY,Signed_Previous_Delta_Share_AtEntry,FLOW_BURST_QUALITY,0.021331468378063868,-0.03868064495696545,0.021331468378063868,0
Signed_Previous_Delta_Share_AtEntry,FLOW_BURST_QUALITY,mean_trade_size,FLOW_BURST_QUALITY,0.021138526878699535,0.10955839492176307,0.021138526878699535,0
Cumulative_Delta_AtEntry,FLOW_BURST_QUALITY,profile_confluence_4t,AUCTION_THEORY,-0.021090881522287736,-0.024587390678396878,0.021090881522287736,0
PeakPositiveDelta,FLOW_BURST_QUALITY,BreakOut_TICKS_PER_SEC_AtEntry,OTHER_CAUSAL_CONTEXT,-0.021090360956074687,0.20864211939146116,0.021090360956074687,0
Dist_VWAP_Ticks,AUCTION_THEORY,Profile_Concentration,AUCTION_THEORY,0.021088231516760134,0.04821114321694271,0.021088231516760134,0
Delta2s,FLOW_BURST_QUALITY,flow_price_alignment,OTHER_CAUSAL_CONTEXT,0.02103288263126942,0.02598704851929773,0.02103288263126942,0
Profile_Normalized_Entropy,AUCTION_THEORY,PreEntry_Range_Compression3_AtEntry,OTHER_CAUSAL_CONTEXT,-0.020999646398467457,-0.05795170204068471,0.020999646398467457,0
PreBurst_Impulse_Survival_Seconds,AUCTION_THEORY,mean_trade_size,FLOW_BURST_QUALITY,-0.020863081240170857,0.009049416952976203,0.020863081240170857,0
TradesPerSecond,TIME_REGIME,Dist_OR_High_Ticks,AUCTION_THEORY,0.020836079997794528,0.01857384504762978,0.020836079997794528,0
PeakPositiveDelta,FLOW_BURST_QUALITY,profile_confluence_4t,AUCTION_THEORY,0.02080982724169578,0.003024487921149208,0.02080982724169578,0
Profile_Concentration,AUCTION_THEORY,signed_delta_change_1s,FLOW_BURST_QUALITY,0.020802829130811135,-0.045418911534430395,0.020802829130811135,0
Acceleration1s,PERSISTENCE_EXHAUSTION,Directional_OR_Extension_Ticks_AtEntry,AUCTION_THEORY,0.020753127055240336,-0.09972136890302172,0.020753127055240336,0
Signed_Delta_Share_AtEntry,FLOW_BURST_QUALITY,execution_side_sign,OTHER_CAUSAL_CONTEXT,0.02074992217068953,0.015172720858617397,0.02074992217068953,0
Dist_VWAP_Ticks,AUCTION_THEORY,Body_AtEntry,OTHER_CAUSAL_CONTEXT,-0.020723652794361273,-0.012513482015377896,0.020723652794361273,0
Acceleration3s,PERSISTENCE_EXHAUSTION,PreBurst_Price_Per_Delta_3s,EFFORT_VS_RESULT,-0.020720504802576284,-0.023165534472147614,0.020720504802576284,0
Acceleration1s,PERSISTENCE_EXHAUSTION,delta_persistence_3_5,PERSISTENCE_EXHAUSTION,0.020712389013168603,-0.06802611374206369,0.020712389013168603,0
PreEntry_Directional_Delta_Share3_AtEntry,FLOW_BURST_QUALITY,delta_persistence_1_3,PERSISTENCE_EXHAUSTION,-0.02069736253179433,-0.10346671886525512,0.02069736253179433,0
signed_delta_change_1s,FLOW_BURST_QUALITY,signed_velocity_3s,PERSISTENCE_EXHAUSTION,-0.020660198774186102,0.07986400810569419,0.020660198774186102,0
Dist_OR_High_Ticks,AUCTION_THEORY,price_impact_per_100_contracts,EFFORT_VS_RESULT,0.02062035849722392,-0.14207856657494414,0.02062035849722392,0
PreBurst_Impulse_Survival_Seconds,AUCTION_THEORY,Delta_AtEntry,FLOW_BURST_QUALITY,-0.02061949295994707,0.03874797692011566,0.02061949295994707,0
PreEntry_Range_Compression3_AtEntry,OTHER_CAUSAL_CONTEXT,acceleration_velocity_ratio,PERSISTENCE_EXHAUSTION,0.020585769656351297,0.09448402510302568,0.020585769656351297,0
BuySellRatio,OTHER_CAUSAL_CONTEXT,profile_confluence_4t,AUCTION_THEORY,0.020454771566303476,-0.010864472726853354,0.020454771566303476,0
PreEntry_Directional_Delta_Share3_AtEntry,FLOW_BURST_QUALITY,execution_cvd_alignment,OTHER_CAUSAL_CONTEXT,-0.020453342695997415,0.019977280168992962,0.020453342695997415,0
Dist_OR_High_Ticks,AUCTION_THEORY,profile_confluence_4t,AUCTION_THEORY,0.020431033242856327,0.04754366496639101,0.020431033242856327,0
Seconds_From_Open_AtEntry,TIME_REGIME,signed_delta_change_1s,FLOW_BURST_QUALITY,0.020291213966964265,0.05475598551629012,0.020291213966964265,0
Delta1s,FLOW_BURST_QUALITY,execution_cvd_alignment,OTHER_CAUSAL_CONTEXT,-0.020253059721821225,-0.01242851338470578,0.020253059721821225,0
TradesPerSecond,TIME_REGIME,Previous_Delta_AtEntry,FLOW_BURST_QUALITY,0.020212885524957272,0.02937508202599425,0.020212885524957272,0
Profile_Local_Maxima_Count,AUCTION_THEORY,flow_price_alignment,OTHER_CAUSAL_CONTEXT,0.02018686000015699,0.063577021240578,0.02018686000015699,0
Cumulative_Delta_AtEntry,FLOW_BURST_QUALITY,PreEntry_Directional_Delta_Share3_AtEntry,FLOW_BURST_QUALITY,0.01999152626337489,0.020737700740500777,0.01999152626337489,0
Signed_Delta_Share_AtEntry,FLOW_BURST_QUALITY,PreEntry_Volume_Climax_Ratio_AtEntry,FLOW_BURST_QUALITY,-0.019976356557070564,-0.039247026189388676,0.019976356557070564,0
Dist_POC_Ticks,AUCTION_THEORY,delta_persistence_1_3,PERSISTENCE_EXHAUSTION,0.019890559238260764,0.006543397583222823,0.019890559238260764,0
Profile_Std_Ticks,AUCTION_THEORY,signed_delta_decay_1_5,PERSISTENCE_EXHAUSTION,-0.019862021137868897,-0.10437426481922,0.019862021137868897,0
PreBurst_Reclaim_Count_10s,ACCEPTANCE_RECLAIM,Signed_Previous_Delta_Share_AtEntry,FLOW_BURST_QUALITY,-0.019835973212068328,-0.014072947897303505,0.019835973212068328,0
Previous_Delta_AtEntry,FLOW_BURST_QUALITY,liquidity_absorption_score,OTHER_CAUSAL_CONTEXT,-0.019820876895008225,-0.025016889426913103,0.019820876895008225,0
acceleration_velocity_ratio,PERSISTENCE_EXHAUSTION,directional_vwap_distance,AUCTION_THEORY,0.019819584097691974,0.22368849604954014,0.019819584097691974,0
Prior_Closed_ATR3_Ticks_AtEntry,AUCTION_THEORY,velocity_consistency,PERSISTENCE_EXHAUSTION,-0.01980510304239276,0.020746403201082415,0.01980510304239276,0
PreBurst_Reclaim_Count_10s,ACCEPTANCE_RECLAIM,signed_velocity_1s,PERSISTENCE_EXHAUSTION,0.019780580561298278,-0.02189221107853926,0.019780580561298278,0
PreBurst_Acceptance_Dwell_Ratio_5s,ACCEPTANCE_RECLAIM,signed_acceleration_1s,PERSISTENCE_EXHAUSTION,-0.01972839985852826,0.032460962144532673,0.01972839985852826,0
directional_vwap_distance,AUCTION_THEORY,execution_cvd_alignment,OTHER_CAUSAL_CONTEXT,0.01971462934303715,-0.01984950622199769,0.01971462934303715,0
Profile_Skewness,AUCTION_THEORY,Previous_Volume_AtEntry,FLOW_BURST_QUALITY,-0.01965197531142796,0.0035415489873954435,0.01965197531142796,0
TradesPerSecond,TIME_REGIME,Velocity3s,PERSISTENCE_EXHAUSTION,-0.01960404941082152,0.027476209384627047,0.01960404941082152,0
OR_WidthTicks,AUCTION_THEORY,velocity_consistency,PERSISTENCE_EXHAUSTION,-0.019562890979674244,-0.009415293881826972,0.019562890979674244,0
range,OTHER_CAUSAL_CONTEXT,velocity_consistency,PERSISTENCE_EXHAUSTION,-0.019562890979674244,-0.009415293881826983,0.019562890979674244,0
DeltaChangeZScore,FLOW_BURST_QUALITY,vwap_poc_spread_ticks,AUCTION_THEORY,0.0194999785949741,0.013967253743383774,0.0194999785949741,0
DeltaChange1s,FLOW_BURST_QUALITY,BreakOut_TICKS_PER_SEC_AtEntry,OTHER_CAUSAL_CONTEXT,-0.019411552024759353,0.044442985784273276,0.019411552024759353,0
Prior_Closed_ATR5_Ticks_AtEntry,AUCTION_THEORY,acceleration_velocity_ratio,PERSISTENCE_EXHAUSTION,0.01936054385118014,-0.0321052558590576,0.01936054385118014,0
Profile_Local_Maxima_Count,AUCTION_THEORY,month_index,TIME_REGIME,0.01929728341581505,-0.06687739806584832,0.01929728341581505,0
Profile_Position_Percentile,AUCTION_THEORY,signed_delta_decay_1_5,PERSISTENCE_EXHAUSTION,0.01929693241218103,0.10036142453098124,0.01929693241218103,0
PeakNegativeDelta,FLOW_BURST_QUALITY,Volume_AtEntry,FLOW_BURST_QUALITY,-0.019234783307855892,0.0054530679891806886,0.019234783307855892,0
Directional_VWAP_Distance_Ticks_AtEntry,AUCTION_THEORY,PreEntry_Directional_Delta_Share3_AtEntry,FLOW_BURST_QUALITY,-0.019234701081900847,-0.00760759579024717,0.019234701081900847,0
Acceleration1s,PERSISTENCE_EXHAUSTION,velocity_consistency,PERSISTENCE_EXHAUSTION,0.019233968544252134,-0.005012518143815628,0.019233968544252134,0
Acceleration1s,PERSISTENCE_EXHAUSTION,signed_delta_decay_1_5,PERSISTENCE_EXHAUSTION,0.019225298686810836,-0.04981398463450527,0.019225298686810836,0
Previous_Delta_AtEntry,FLOW_BURST_QUALITY,signed_velocity_3s,PERSISTENCE_EXHAUSTION,-0.01921849668268204,0.0696896240871877,0.01921849668268204,0
Dist_OR_High_Ticks,AUCTION_THEORY,distance_nearest_or_edge_ticks,AUCTION_THEORY,0.01921712859359082,-0.1939754649718042,0.01921712859359082,0
Dist_OR_High_Ticks,AUCTION_THEORY,Nearest_OR_Edge_Distance_Ticks_AtEntry,AUCTION_THEORY,0.01921712859359082,-0.19397546497180418,0.01921712859359082,0
PreBurst_Reclaim_Count_10s,ACCEPTANCE_RECLAIM,PreBurst_Impulse_Survival_Seconds,AUCTION_THEORY,-0.019163420156337624,-0.05114370063987428,0.019163420156337624,0
Profile_Excess_Kurtosis,AUCTION_THEORY,directional_vwap_distance,AUCTION_THEORY,0.019148936170212766,0.23429233752421483,0.019148936170212766,0
Delta5s,FLOW_BURST_QUALITY,PreBurst_Impulse_Survival_Seconds,AUCTION_THEORY,-0.019042306182712174,0.0161132486354798,0.019042306182712174,0
Delta10s,FLOW_BURST_QUALITY,directional_vwap_distance,AUCTION_THEORY,0.018992984392581815,0.08683237787497963,0.018992984392581815,0
Velocity5s,PERSISTENCE_EXHAUSTION,mean_trade_size,FLOW_BURST_QUALITY,-0.018955160210108287,-0.0029418347455861305,0.018955160210108287,0
Delta_Change_AtEntry,FLOW_BURST_QUALITY,price_impact_per_100_contracts,EFFORT_VS_RESULT,-0.01894292935361538,-0.08485353688027475,0.01894292935361538,0
Acceleration3s,PERSISTENCE_EXHAUSTION,signed_delta_1s,FLOW_BURST_QUALITY,-0.018861710128777336,0.06573061830928587,0.018861710128777336,0
PreBurst_Rotation_Index_10s,TEMPORAL_SEQUENCE,PreEntry_Volume_Climax_Ratio_AtEntry,FLOW_BURST_QUALITY,-0.018848651142946322,-0.016447097612762186,0.018848651142946322,0
Delta1s,FLOW_BURST_QUALITY,directional_vwap_distance,AUCTION_THEORY,0.01883926900420105,0.08606330579039996,0.01883926900420105,0
Dist_VAL_Ticks,AUCTION_THEORY,Dist_LVN_Ticks,AUCTION_THEORY,-0.018763927214367898,0.022047954925426258,0.018763927214367898,0
Velocity5s,PERSISTENCE_EXHAUSTION,profile_confluence_4t,AUCTION_THEORY,-0.018747014919358096,-0.012064988973565227,0.018747014919358096,0
Delta5s,FLOW_BURST_QUALITY,Nearest_OR_Edge_Acceptance_Ratio3_AtEntry,ACCEPTANCE_RECLAIM,-0.018734228280380922,-0.03203894916961633,0.018734228280380922,0
Dist_POC_Ticks,AUCTION_THEORY,PreBurst_Impulse_Survival_Seconds,AUCTION_THEORY,-0.018690108915754792,-0.01052737581260169,0.018690108915754792,0
Velocity3s,PERSISTENCE_EXHAUSTION,execution_cvd_alignment,OTHER_CAUSAL_CONTEXT,0.01867435475282737,0.03386967368763331,0.01867435475282737,0
DeltaChange1s,FLOW_BURST_QUALITY,execution_cvd_alignment,OTHER_CAUSAL_CONTEXT,-0.018639864464137693,-0.02232242023727741,0.018639864464137693,0
price_impact_per_100_contracts,EFFORT_VS_RESULT,or_position_fraction,AUCTION_THEORY,0.018627277868032158,-0.06149226436834516,0.018627277868032158,0
Velocity5s,PERSISTENCE_EXHAUSTION,signed_velocity_decay_1_5,PERSISTENCE_EXHAUSTION,0.01860797812630452,-0.02552789304976952,0.01860797812630452,0
Nearest_OR_Edge_Retest_Count_AtEntry,ACCEPTANCE_RECLAIM,directional_poc_distance,AUCTION_THEORY,0.018607563944197995,0.029964834566565016,0.018607563944197995,0
Nearest_OR_Edge_Acceptance_Ratio3_AtEntry,ACCEPTANCE_RECLAIM,signed_delta_change_1s,FLOW_BURST_QUALITY,0.018468888692476784,0.09828069153474366,0.018468888692476784,0
PeakNegativeDelta,FLOW_BURST_QUALITY,Previous_Volume_AtEntry,FLOW_BURST_QUALITY,0.018448051770222386,-0.021399682019680226,0.018448051770222386,0
Previous_Volume_AtEntry,FLOW_BURST_QUALITY,delta_persistence_3_5,PERSISTENCE_EXHAUSTION,0.018442826916760253,0.08309102344409229,0.018442826916760253,0
BuySellRatio,OTHER_CAUSAL_CONTEXT,PreBurst_Local_Entropy_10s,TEMPORAL_SEQUENCE,-0.018413199410498862,0.02652991218745177,0.018413199410498862,0
Dist_LVN_Ticks,AUCTION_THEORY,Body_AtEntry,OTHER_CAUSAL_CONTEXT,0.018337206060618404,-0.00328129479689411,0.018337206060618404,0
Delta3s,FLOW_BURST_QUALITY,signed_velocity_3s,PERSISTENCE_EXHAUSTION,0.018326739789822213,0.025295901046068867,0.018326739789822213,0
CumulativeDeltaWindow,FLOW_BURST_QUALITY,signed_velocity_3s,PERSISTENCE_EXHAUSTION,0.018326739789822213,0.025295901046068867,0.018326739789822213,0
ContractsPerSecond,FLOW_BURST_QUALITY,PreBurst_Local_Entropy_10s,TEMPORAL_SEQUENCE,-0.01831418787414786,0.0323751219485962,0.01831418787414786,0
Dist_HVN_Ticks,AUCTION_THEORY,PreBurst_Rotation_Index_10s,TEMPORAL_SEQUENCE,0.01829690976956238,-0.007456210793852422,0.01829690976956238,0
Directional_VWAP_Distance_Ticks_AtEntry,AUCTION_THEORY,signed_delta_decay_1_5,PERSISTENCE_EXHAUSTION,0.018280166021920508,0.0640529032277288,0.018280166021920508,0
Velocity5s,PERSISTENCE_EXHAUSTION,signed_acceleration_1s,PERSISTENCE_EXHAUSTION,0.01827317949550121,0.05523715400744007,0.01827317949550121,0
Previous_Volume_AtEntry,FLOW_BURST_QUALITY,signed_delta_1s,FLOW_BURST_QUALITY,-0.018244268851314447,-0.015911126640193222,0.018244268851314447,0
PeakNegativeDelta,FLOW_BURST_QUALITY,vwap_poc_spread_ticks,AUCTION_THEORY,-0.01821789991791425,-0.017019544903335574,0.01821789991791425,0
directional_vwap_distance,AUCTION_THEORY,weekday_index,TIME_REGIME,0.018173496394856548,0.003027416062030802,0.018173496394856548,0
Acceleration1s,PERSISTENCE_EXHAUSTION,PreBurst_Impulse_Survival_Seconds,AUCTION_THEORY,-0.018158620959904552,0.013979604155775531,0.018158620959904552,0
TradesPerSecond,TIME_REGIME,distance_nearest_profile_reference_ticks,AUCTION_THEORY,-0.018144327142760663,0.05192063344976778,0.018144327142760663,0
Buy_Imbalance_Count_AtEntry,FLOW_BURST_QUALITY,Nearest_OR_Edge_Acceptance_Ratio3_AtEntry,ACCEPTANCE_RECLAIM,0.018126229997038775,0.05194341889497236,0.018126229997038775,0
Sell_Imbalance_Count_AtEntry,FLOW_BURST_QUALITY,Nearest_OR_Edge_Acceptance_Ratio3_AtEntry,ACCEPTANCE_RECLAIM,-0.018118942918052182,0.0027064589275819814,0.018118942918052182,0
signed_velocity_1s,PERSISTENCE_EXHAUSTION,weekday_index,TIME_REGIME,-0.01805451000365258,-0.031477218919719024,0.01805451000365258,0
Profile_Std_Ticks,AUCTION_THEORY,signed_delta_1s,FLOW_BURST_QUALITY,-0.018052655272594937,0.07723091429595923,0.018052655272594937,0
Velocity5s,PERSISTENCE_EXHAUSTION,liquidity_absorption_score,OTHER_CAUSAL_CONTEXT,0.017997347538592036,-0.04668262699059632,0.017997347538592036,0
signed_delta_1s,FLOW_BURST_QUALITY,month_index,TIME_REGIME,0.017981541346635436,0.0004095759274261263,0.017981541346635436,0
flow_price_alignment,OTHER_CAUSAL_CONTEXT,month_index,TIME_REGIME,-0.017899570693728824,-0.0020522789732768743,0.017899570693728824,0
Profile_Local_Maxima_Count,AUCTION_THEORY,Volume_AtEntry,FLOW_BURST_QUALITY,-0.0178961791752142,-0.008830710054537167,0.0178961791752142,0
Dist_VWAP_Ticks,AUCTION_THEORY,weekday_index,TIME_REGIME,-0.017877725205790167,-0.006977173130051412,0.017877725205790167,0
Profile_Skewness,AUCTION_THEORY,Body_AtEntry,OTHER_CAUSAL_CONTEXT,-0.017863144450103324,0.012736713684240546,0.017863144450103324,0
Velocity5s,PERSISTENCE_EXHAUSTION,PreBurst_Rotation_Index_10s,TEMPORAL_SEQUENCE,0.017843687241709965,-0.006061752630268158,0.017843687241709965,0
Acceleration1s,PERSISTENCE_EXHAUSTION,Signed_Delta_Share_AtEntry,FLOW_BURST_QUALITY,-0.01783454162976986,-0.06357752599784533,0.01783454162976986,0
PreBurst_Price_Per_Volume_3s,EFFORT_VS_RESULT,execution_cvd_alignment,OTHER_CAUSAL_CONTEXT,0.017743261357729717,0.022029003549212566,0.017743261357729717,0
directional_poc_distance,AUCTION_THEORY,month_index,TIME_REGIME,0.017684655665549644,0.02976492331947745,0.017684655665549644,0
Profile_Excess_Kurtosis,AUCTION_THEORY,Cumulative_Delta_AtEntry,FLOW_BURST_QUALITY,0.017616336315766944,0.00017661970510208334,0.017616336315766944,0
Delta1s,FLOW_BURST_QUALITY,PreBurst_Impulse_Survival_Seconds,AUCTION_THEORY,-0.017596437920516215,0.010741961930389283,0.017596437920516215,0
Dist_HVN_Ticks,AUCTION_THEORY,PreBurst_Acceptance_Dwell_Ratio_5s,ACCEPTANCE_RECLAIM,0.01754843929875493,0.07506288462859356,0.01754843929875493,0
month_index,TIME_REGIME,signed_delta_decay_1_5,PERSISTENCE_EXHAUSTION,-0.017526525297313904,-0.005425895826427079,0.017526525297313904,0
Delta5s,FLOW_BURST_QUALITY,liquidity_absorption_score,OTHER_CAUSAL_CONTEXT,-0.017514394733637223,-0.07270784280927954,0.017514394733637223,0
Dist_VAH_Ticks,AUCTION_THEORY,Signed_Previous_Delta_Share_AtEntry,FLOW_BURST_QUALITY,0.01749880187873673,-0.037223036676658175,0.01749880187873673,0
Dist_VAL_Ticks,AUCTION_THEORY,PreEntry_Directional_Efficiency3_AtEntry,OTHER_CAUSAL_CONTEXT,0.017475226583915187,-0.007586523713992052,0.017475226583915187,0
Dist_POC_Ticks,AUCTION_THEORY,PreEntry_Range_Compression3_AtEntry,OTHER_CAUSAL_CONTEXT,-0.017453902199434327,-0.037530454066798544,0.017453902199434327,0
Signed_Previous_Delta_Share_AtEntry,FLOW_BURST_QUALITY,signed_delta_change_1s,FLOW_BURST_QUALITY,0.017438619211465594,0.033241170886280307,0.017438619211465594,0
Dist_VAL_Ticks,AUCTION_THEORY,execution_cvd_alignment,OTHER_CAUSAL_CONTEXT,-0.01739114123599453,-0.023793245348273102,0.01739114123599453,0
OR_WidthTicks,AUCTION_THEORY,PreBurst_Impulse_Survival_Seconds,AUCTION_THEORY,0.01737907334002387,-0.013538439696412208,0.01737907334002387,0
PreBurst_Impulse_Survival_Seconds,AUCTION_THEORY,range,OTHER_CAUSAL_CONTEXT,0.01737907334002387,-0.013538439696412283,0.01737907334002387,0
PreEntry_Volume_Climax_Ratio_AtEntry,FLOW_BURST_QUALITY,acceleration_velocity_ratio,PERSISTENCE_EXHAUSTION,0.017345524478255797,0.04922475069870472,0.017345524478255797,0
Delta5s,FLOW_BURST_QUALITY,directional_vwap_distance,AUCTION_THEORY,-0.017329991208999362,0.07531904312715797,0.017329991208999362,0
TicksPerSecond,TIME_REGIME,PreBurst_Price_Per_Delta_3s,EFFORT_VS_RESULT,-0.017294617839223262,-0.015404164934900611,0.017294617839223262,0
Velocity1s,PERSISTENCE_EXHAUSTION,PreBurst_Price_Per_Delta_3s,EFFORT_VS_RESULT,-0.017294617839223262,-0.015404164934900611,0.017294617839223262,0
range,OTHER_CAUSAL_CONTEXT,flow_price_alignment,OTHER_CAUSAL_CONTEXT,-0.017275209457049568,0.010286592235452164,0.017275209457049568,0
OR_WidthTicks,AUCTION_THEORY,flow_price_alignment,OTHER_CAUSAL_CONTEXT,-0.017275209457049568,0.010286592235452119,0.017275209457049568,0
Delta_Change_AtEntry,FLOW_BURST_QUALITY,Prior_Closed_ATR5_Ticks_AtEntry,AUCTION_THEORY,-0.017271406935643805,-0.016590145465192614,0.017271406935643805,0
velocity_consistency,PERSISTENCE_EXHAUSTION,vwap_poc_spread_ticks,AUCTION_THEORY,0.017214168315749033,0.037593361375008766,0.017214168315749033,0
OR_WidthTicks,AUCTION_THEORY,PreEntry_Directional_Efficiency3_AtEntry,OTHER_CAUSAL_CONTEXT,-0.01720890369289495,-0.026988087890905146,0.01720890369289495,0
range,OTHER_CAUSAL_CONTEXT,PreEntry_Directional_Efficiency3_AtEntry,OTHER_CAUSAL_CONTEXT,-0.01720890369289495,-0.026988087890905104,0.01720890369289495,0
Previous_Volume_AtEntry,FLOW_BURST_QUALITY,signed_delta_change_1s,FLOW_BURST_QUALITY,-0.01718300968805117,-0.023955051378378132,0.01718300968805117,0
Buy_Imbalance_Count_AtEntry,FLOW_BURST_QUALITY,signed_delta_decay_1_5,PERSISTENCE_EXHAUSTION,-0.0171769586453623,0.002472894795084127,0.0171769586453623,0
BuySellRatio,OTHER_CAUSAL_CONTEXT,delta_share_of_volume,FLOW_BURST_QUALITY,0.017158525856745696,0.33723023905429367,0.017158525856745696,0
PreBurst_Price_Per_Volume_3s,EFFORT_VS_RESULT,Previous_Delta_AtEntry,FLOW_BURST_QUALITY,0.01711898093146616,0.07804398416614895,0.01711898093146616,0
Velocity3s,PERSISTENCE_EXHAUSTION,PreBurst_Local_Entropy_10s,TEMPORAL_SEQUENCE,0.017077013934339875,0.04035103290798428,0.017077013934339875,0
Signed_Previous_Delta_Share_AtEntry,FLOW_BURST_QUALITY,liquidity_absorption_score,OTHER_CAUSAL_CONTEXT,0.01703025178989147,0.1029525502522188,0.01703025178989147,0
PreBurst_Reclaim_Count_10s,ACCEPTANCE_RECLAIM,directional_vwap_distance,AUCTION_THEORY,0.017001113258493312,0.045809689730193254,0.017001113258493312,0
BuySellRatio,OTHER_CAUSAL_CONTEXT,signed_acceleration_1s,PERSISTENCE_EXHAUSTION,0.016927025171753797,-0.08166827875435885,0.016927025171753797,0
Dist_VAH_Ticks,AUCTION_THEORY,Body_OR_Ratio_AtEntry,AUCTION_THEORY,0.01689489596304785,-0.026683357444690504,0.01689489596304785,0
Sell_Imbalance_Count_AtEntry,FLOW_BURST_QUALITY,Directional_OR_Extension_Ticks_AtEntry,AUCTION_THEORY,-0.016888878946409648,0.015618117993685813,0.016888878946409648,0
PreEntry_Directional_Delta_Share3_AtEntry,FLOW_BURST_QUALITY,weekday_index,TIME_REGIME,0.016839009725256815,0.11878212697672597,0.016839009725256815,0
signed_acceleration_1s,PERSISTENCE_EXHAUSTION,execution_side_sign,OTHER_CAUSAL_CONTEXT,-0.016838796383176913,-0.012927775265957087,0.016838796383176913,0
PreBurst_Reclaim_Count_10s,ACCEPTANCE_RECLAIM,Profile_Position_Percentile,AUCTION_THEORY,0.016819080068613945,0.01620804520316486,0.016819080068613945,0
Profile_Std_Ticks,AUCTION_THEORY,Sell_Imbalance_Count_AtEntry,FLOW_BURST_QUALITY,0.016805953998745328,-0.025295343287032812,0.016805953998745328,0
Directional_VWAP_Distance_Ticks_AtEntry,AUCTION_THEORY,month_index,TIME_REGIME,0.016772607477178278,0.037785555631866766,0.016772607477178278,0
directional_vwap_distance,AUCTION_THEORY,month_index,TIME_REGIME,-0.01676828853615158,-0.07831092832617427,0.01676828853615158,0
execution_side_sign,OTHER_CAUSAL_CONTEXT,execution_cvd_alignment,OTHER_CAUSAL_CONTEXT,-0.016766318775371096,-0.0167663187753711,0.016766318775371096,0
PreEntry_Directional_Efficiency3_AtEntry,OTHER_CAUSAL_CONTEXT,signed_delta_decay_1_5,PERSISTENCE_EXHAUSTION,-0.01672380198400478,0.05879501576706411,0.01672380198400478,0
Dist_POC_Ticks,AUCTION_THEORY,Prior_Closed_ATR3_Ticks_AtEntry,AUCTION_THEORY,-0.016637591677040348,0.00913080149188938,0.016637591677040348,0
DeltaChange1s,FLOW_BURST_QUALITY,PreBurst_Impulse_Survival_Seconds,AUCTION_THEORY,-0.016614319427540818,0.014762518430846196,0.016614319427540818,0
signed_delta_1s,FLOW_BURST_QUALITY,flow_price_alignment,OTHER_CAUSAL_CONTEXT,0.016579690144852038,-0.016379121381282963,0.016579690144852038,0
TicksPerSecond,TIME_REGIME,signed_delta_decay_1_5,PERSISTENCE_EXHAUSTION,0.016577639685436227,-0.0401706845737545,0.016577639685436227,0
Velocity1s,PERSISTENCE_EXHAUSTION,signed_delta_decay_1_5,PERSISTENCE_EXHAUSTION,0.016577639685436227,-0.0401706845737545,0.016577639685436227,0
BuySellRatio,OTHER_CAUSAL_CONTEXT,PreEntry_Volume_Climax_Ratio_AtEntry,FLOW_BURST_QUALITY,-0.016554881462064172,-0.04054920796443205,0.016554881462064172,0
Profile_Effective_Nodes,AUCTION_THEORY,acceleration_velocity_ratio,PERSISTENCE_EXHAUSTION,-0.016543565743042127,-0.07758379171308884,0.016543565743042127,0
PreBurst_Path_Efficiency_10s,TEMPORAL_SEQUENCE,Profile_Skewness,AUCTION_THEORY,-0.016538435961729468,0.0049701179696118114,0.016538435961729468,0
Signed_Previous_Delta_Share_AtEntry,FLOW_BURST_QUALITY,delta_share_of_volume,FLOW_BURST_QUALITY,0.01652089678201407,0.03382586839292142,0.01652089678201407,0
PeakNegativeDelta,FLOW_BURST_QUALITY,PreBurst_Acceptance_Dwell_Ratio_5s,ACCEPTANCE_RECLAIM,0.016458833480225997,-0.011461995401503807,0.016458833480225997,0
Dist_HVN_Ticks,AUCTION_THEORY,distance_nearest_profile_reference_ticks,AUCTION_THEORY,-0.016447846088500202,-0.09308233434721003,0.016447846088500202,0
Profile_Skewness,AUCTION_THEORY,Prior_Closed_ATR3_Ticks_AtEntry,AUCTION_THEORY,-0.016396075562126886,-0.003979055459335671,0.016396075562126886,0
PreEntry_Volume_Climax_Ratio_AtEntry,FLOW_BURST_QUALITY,weekday_index,TIME_REGIME,0.01636945299093491,0.015091823949191813,0.01636945299093491,0
range,OTHER_CAUSAL_CONTEXT,Volume_AtEntry,FLOW_BURST_QUALITY,0.016298805266244124,0.04600115972952787,0.016298805266244124,0
OR_WidthTicks,AUCTION_THEORY,Volume_AtEntry,FLOW_BURST_QUALITY,0.016298805266244124,0.04600115972952786,0.016298805266244124,0
PeakPositiveDelta,FLOW_BURST_QUALITY,Signed_Delta_Share_AtEntry,FLOW_BURST_QUALITY,-0.016273745924218812,-0.12705837393190716,0.016273745924218812,0
Profile_Std_Ticks,AUCTION_THEORY,Signed_Previous_Delta_Share_AtEntry,FLOW_BURST_QUALITY,-0.016245195459611166,0.015343214613396208,0.016245195459611166,0
Profile_Normalized_Entropy,AUCTION_THEORY,Previous_Delta_AtEntry,FLOW_BURST_QUALITY,-0.0162444827850563,-0.047701209210569855,0.0162444827850563,0
TradesPerSecond,TIME_REGIME,Dist_POC_Ticks,AUCTION_THEORY,-0.01623803588019194,-0.02469322010118995,0.01623803588019194,0
PreBurst_Local_Entropy_10s,TEMPORAL_SEQUENCE,month_index,TIME_REGIME,0.01609892532214421,0.027867434668856297,0.01609892532214421,0
signed_velocity_3s,PERSISTENCE_EXHAUSTION,execution_cvd_alignment,OTHER_CAUSAL_CONTEXT,-0.016058027554784943,-0.022497470836155997,0.016058027554784943,0
Profile_Excess_Kurtosis,AUCTION_THEORY,or_position_fraction,AUCTION_THEORY,-0.016051886617826104,-0.04531126752545275,0.016051886617826104,0
PeakPositiveDelta,FLOW_BURST_QUALITY,velocity_consistency,PERSISTENCE_EXHAUSTION,0.016030613518280296,0.019069113900808447,0.016030613518280296,0
Delta5s,FLOW_BURST_QUALITY,Signed_Previous_Delta_Share_AtEntry,FLOW_BURST_QUALITY,-0.015913272213587727,-0.09563583805128387,0.015913272213587727,0
Dist_POC_Ticks,AUCTION_THEORY,price_impact_per_100_contracts,EFFORT_VS_RESULT,0.01582199597179901,-0.046400887487098065,0.01582199597179901,0
Dist_OR_High_Ticks,AUCTION_THEORY,PreBurst_Impulse_Survival_Seconds,AUCTION_THEORY,-0.015740316635086113,-0.02013977588353642,0.015740316635086113,0
directional_vwap_distance,AUCTION_THEORY,execution_side_sign,OTHER_CAUSAL_CONTEXT,0.015685708979463916,-0.08016117009784454,0.015685708979463916,0
Nearest_OR_Edge_Distance_Ticks_AtEntry,AUCTION_THEORY,distance_nearest_profile_reference_ticks,AUCTION_THEORY,-0.015609994665501238,-0.04239986129147106,0.015609994665501238,0
distance_nearest_or_edge_ticks,AUCTION_THEORY,distance_nearest_profile_reference_ticks,AUCTION_THEORY,-0.015609994665501238,-0.042399861291470935,0.015609994665501238,0
Dist_POC_Ticks,AUCTION_THEORY,PreBurst_Rotation_Index_10s,TEMPORAL_SEQUENCE,-0.015559396372032122,-0.02280509027215119,0.015559396372032122,0
TradesPerSecond,TIME_REGIME,Score_AtEntry,OTHER_CAUSAL_CONTEXT,-0.015504641411100343,0.027854258868408286,0.015504641411100343,0
Buy_Imbalance_Count_AtEntry,FLOW_BURST_QUALITY,month_index,TIME_REGIME,0.015503582115190767,-0.0014758041508608384,0.015503582115190767,0
PreBurst_Rotation_Index_10s,TEMPORAL_SEQUENCE,PreEntry_Directional_Delta_Share3_AtEntry,FLOW_BURST_QUALITY,0.015451950565565944,0.017284596179176798,0.015451950565565944,0
PreBurst_Impulse_Survival_Seconds,AUCTION_THEORY,Nearest_OR_Edge_Retest_Count_AtEntry,ACCEPTANCE_RECLAIM,-0.01545021792493258,-0.06820013912624838,0.01545021792493258,0
signed_delta_change_1s,FLOW_BURST_QUALITY,flow_price_alignment,OTHER_CAUSAL_CONTEXT,0.01542546996769947,-0.018289410411259952,0.01542546996769947,0
Velocity5s,PERSISTENCE_EXHAUSTION,signed_delta_change_1s,FLOW_BURST_QUALITY,-0.015391505384069096,0.007136790057742782,0.015391505384069096,0
Acceleration3s,PERSISTENCE_EXHAUSTION,PreEntry_Directional_Delta_Share3_AtEntry,FLOW_BURST_QUALITY,-0.015318338559591438,-0.09675304465992947,0.015318338559591438,0
PreBurst_Reclaim_Count_10s,ACCEPTANCE_RECLAIM,delta_persistence_3_5,PERSISTENCE_EXHAUSTION,-0.015304815752032856,-0.04339100033970532,0.015304815752032856,0
Delta_Change_AtEntry,FLOW_BURST_QUALITY,signed_delta_1s,FLOW_BURST_QUALITY,-0.015196032843239126,-0.0660035035218883,0.015196032843239126,0
Body_AtEntry,OTHER_CAUSAL_CONTEXT,PreEntry_Range_Compression3_AtEntry,OTHER_CAUSAL_CONTEXT,0.015131225672184162,0.004959565761768468,0.015131225672184162,0
Prior_Closed_ATR3_Ticks_AtEntry,AUCTION_THEORY,flow_price_alignment,OTHER_CAUSAL_CONTEXT,0.015129114391652213,0.05326775170642581,0.015129114391652213,0
Velocity5s,PERSISTENCE_EXHAUSTION,PreEntry_Range_Compression3_AtEntry,OTHER_CAUSAL_CONTEXT,0.015069724790077618,-0.0011048902717601932,0.015069724790077618,0
month_index,TIME_REGIME,vwap_poc_spread_ticks,AUCTION_THEORY,0.015060147360092868,-0.020588578832260205,0.015060147360092868,0
Cumulative_Delta_AtEntry,FLOW_BURST_QUALITY,execution_cvd_alignment,OTHER_CAUSAL_CONTEXT,-0.015054807861955644,-0.03048835994120512,0.015054807861955644,0
Dist_LVN_Ticks,AUCTION_THEORY,directional_vwap_distance,AUCTION_THEORY,-0.015041416243534006,-0.06160417818950496,0.015041416243534006,0
Velocity3s,PERSISTENCE_EXHAUSTION,mean_trade_size,FLOW_BURST_QUALITY,-0.014980645208803005,0.01769491656875673,0.014980645208803005,0
Dist_HVN_Ticks,AUCTION_THEORY,Directional_VWAP_Distance_Ticks_AtEntry,AUCTION_THEORY,0.014933244154146394,0.04335824691441319,0.014933244154146394,0
Body_AtEntry,OTHER_CAUSAL_CONTEXT,Delta_AtEntry,FLOW_BURST_QUALITY,-0.014768745144505921,0.049296502218534835,0.014768745144505921,0
Dist_OR_High_Ticks,AUCTION_THEORY,Body_AtEntry,OTHER_CAUSAL_CONTEXT,0.01476363604781427,-0.11533208870455358,0.01476363604781427,0
Profile_Std_Ticks,AUCTION_THEORY,delta_persistence_1_3,PERSISTENCE_EXHAUSTION,0.014752533318567403,-0.010055703432479772,0.014752533318567403,0
Delta_AtEntry,FLOW_BURST_QUALITY,Signed_Delta_Share_AtEntry,FLOW_BURST_QUALITY,-0.01470712793964596,-0.0008172130557314817,0.01470712793964596,0
Dist_POC_Ticks,AUCTION_THEORY,PreEntry_Directional_Efficiency3_AtEntry,OTHER_CAUSAL_CONTEXT,0.014605969599511583,0.01492754096529409,0.014605969599511583,0
Velocity3s,PERSISTENCE_EXHAUSTION,PreBurst_Reclaim_Count_10s,ACCEPTANCE_RECLAIM,0.014508939501627493,0.011406061416613659,0.014508939501627493,0
Cumulative_Delta_AtEntry,FLOW_BURST_QUALITY,signed_velocity_decay_1_5,PERSISTENCE_EXHAUSTION,-0.014368505884445363,-0.04972259415019745,0.014368505884445363,0
Acceleration1s,PERSISTENCE_EXHAUSTION,directional_vwap_distance,AUCTION_THEORY,-0.014284445070948846,0.09623437870367234,0.014284445070948846,0
Dist_POC_Ticks,AUCTION_THEORY,signed_acceleration_1s,PERSISTENCE_EXHAUSTION,-0.014276985040691196,-0.015404339959204972,0.014276985040691196,0
Signed_Previous_Delta_Share_AtEntry,FLOW_BURST_QUALITY,distance_nearest_profile_reference_ticks,AUCTION_THEORY,-0.014248380040497747,0.020730468226886855,0.014248380040497747,0
Dist_VWAP_Ticks,AUCTION_THEORY,Profile_Excess_Kurtosis,AUCTION_THEORY,-0.014217218202834026,0.008833632509807244,0.014217218202834026,0
Dist_VWAP_Ticks,AUCTION_THEORY,Directional_VWAP_Distance_Ticks_AtEntry,AUCTION_THEORY,-0.014208656192473993,-0.005943707437544519,0.014208656192473993,0
PeakNegativeDelta,FLOW_BURST_QUALITY,Signed_Delta_Share_AtEntry,FLOW_BURST_QUALITY,-0.014193633579335407,0.06698526727018284,0.014193633579335407,0
Profile_Concentration,AUCTION_THEORY,flow_price_alignment,OTHER_CAUSAL_CONTEXT,0.014185333050648855,-0.01864240345163297,0.014185333050648855,0
DeltaPercentile,FLOW_BURST_QUALITY,vwap_poc_spread_ticks,AUCTION_THEORY,-0.013930198657395492,0.031189511854077503,0.013930198657395492,0
PreBurst_Local_Entropy_10s,TEMPORAL_SEQUENCE,PreEntry_Volume_Climax_Ratio_AtEntry,FLOW_BURST_QUALITY,-0.013876677778899659,-0.03557546786496404,0.013876677778899659,0
Dist_VAH_Ticks,AUCTION_THEORY,Directional_VWAP_Distance_Ticks_AtEntry,AUCTION_THEORY,-0.013875327293012699,0.004460317115564299,0.013875327293012699,0
OR_WidthTicks,AUCTION_THEORY,delta_persistence_1_3,PERSISTENCE_EXHAUSTION,-0.013861163313694455,-0.04042417634692615,0.013861163313694455,0
range,OTHER_CAUSAL_CONTEXT,delta_persistence_1_3,PERSISTENCE_EXHAUSTION,-0.013861163313694455,-0.04042417634692622,0.013861163313694455,0
Volume_AtEntry,FLOW_BURST_QUALITY,execution_cvd_alignment,OTHER_CAUSAL_CONTEXT,-0.01380025530987503,-0.01138702656425447,0.01380025530987503,0
PreBurst_Price_Per_Volume_3s,EFFORT_VS_RESULT,or_position_fraction,AUCTION_THEORY,-0.01378620202574839,-0.06328086790861372,0.01378620202574839,0
Dist_POC_Ticks,AUCTION_THEORY,delta_share_of_volume,FLOW_BURST_QUALITY,-0.013782449506926853,-0.008944322731576556,0.013782449506926853,0
delta_persistence_3_5,PERSISTENCE_EXHAUSTION,liquidity_absorption_score,OTHER_CAUSAL_CONTEXT,0.013643511200722299,0.02021964310813793,0.013643511200722299,0
Directional_OR_Extension_Ticks_AtEntry,AUCTION_THEORY,execution_cvd_alignment,OTHER_CAUSAL_CONTEXT,-0.013625362933783667,0.02825676841323515,0.013625362933783667,0
Dist_VAL_Ticks,AUCTION_THEORY,signed_velocity_decay_1_5,PERSISTENCE_EXHAUSTION,0.013613124871798244,-0.09964374566815681,0.013613124871798244,0
Acceleration3s,PERSISTENCE_EXHAUSTION,Dist_LVN_Ticks,AUCTION_THEORY,-0.013553610920430571,0.022135168069440787,0.013553610920430571,0
Profile_Skewness,AUCTION_THEORY,velocity_consistency,PERSISTENCE_EXHAUSTION,-0.013533665587535505,-0.006789792636295229,0.013533665587535505,0
PreBurst_Impulse_Decay_Slope_5s,PERSISTENCE_EXHAUSTION,Directional_VWAP_Distance_Ticks_AtEntry,AUCTION_THEORY,0.01348535392054207,-0.036136125339474086,0.01348535392054207,0
Previous_Delta_AtEntry,FLOW_BURST_QUALITY,Directional_VWAP_Distance_Ticks_AtEntry,AUCTION_THEORY,-0.013423264138237984,-0.008440886721740459,0.013423264138237984,0
Body_AtEntry,OTHER_CAUSAL_CONTEXT,Buy_Imbalance_Count_AtEntry,FLOW_BURST_QUALITY,-0.0133592004776318,0.07559077033029785,0.0133592004776318,0
Body_AtEntry,OTHER_CAUSAL_CONTEXT,signed_delta_1s,FLOW_BURST_QUALITY,-0.013346072327972979,0.07765451900208772,0.013346072327972979,0
Dist_VAH_Ticks,AUCTION_THEORY,execution_cvd_alignment,OTHER_CAUSAL_CONTEXT,-0.013269273612517812,-0.01747171850451643,0.013269273612517812,0
TradesPerSecond,TIME_REGIME,Profile_Std_Ticks,AUCTION_THEORY,0.013181821601280206,0.10140132931598964,0.013181821601280206,0
BuySellRatio,OTHER_CAUSAL_CONTEXT,directional_vwap_distance,AUCTION_THEORY,-0.013181285485898125,-0.011352848424491514,0.013181285485898125,0
Dist_POC_Ticks,AUCTION_THEORY,Profile_Normalized_Entropy,AUCTION_THEORY,-0.013158135077997974,-0.045728878027208465,0.013158135077997974,0
DeltaPercentile,FLOW_BURST_QUALITY,delta_share_of_volume,FLOW_BURST_QUALITY,0.013156996397406829,0.03778790988610226,0.013156996397406829,0
Velocity5s,PERSISTENCE_EXHAUSTION,PreBurst_Local_Entropy_10s,TEMPORAL_SEQUENCE,0.01310410908823273,0.02162173365995866,0.01310410908823273,0
Dist_POC_Ticks,AUCTION_THEORY,execution_cvd_alignment,OTHER_CAUSAL_CONTEXT,-0.013088066313461108,-0.008492317590177708,0.013088066313461108,0
Profile_Effective_Nodes,AUCTION_THEORY,signed_delta_decay_1_5,PERSISTENCE_EXHAUSTION,-0.013050839840239968,-0.10543947514960895,0.013050839840239968,0
Profile_Std_Ticks,AUCTION_THEORY,signed_delta_change_1s,FLOW_BURST_QUALITY,-0.013049397651926803,0.07025372660666312,0.013049397651926803,0
PeakNegativeDelta,FLOW_BURST_QUALITY,directional_poc_distance,AUCTION_THEORY,0.013011739166112195,0.015621323404915781,0.013011739166112195,0
Dist_HVN_Ticks,AUCTION_THEORY,profile_confluence_4t,AUCTION_THEORY,0.012993257977092734,-0.1758115379249472,0.012993257977092734,0
Nearest_OR_Edge_Retest_Count_AtEntry,ACCEPTANCE_RECLAIM,velocity_consistency,PERSISTENCE_EXHAUSTION,0.012992620999955325,0.026776718066032806,0.012992620999955325,0
Profile_Local_Maxima_Count,AUCTION_THEORY,velocity_consistency,PERSISTENCE_EXHAUSTION,-0.012971723686164373,0.022580757864166426,0.012971723686164373,0
ContractsPerSecond,FLOW_BURST_QUALITY,delta_persistence_3_5,PERSISTENCE_EXHAUSTION,0.012922098162139847,-0.03995422574630352,0.012922098162139847,0
Acceleration1s,PERSISTENCE_EXHAUSTION,PreBurst_Price_Per_Delta_3s,EFFORT_VS_RESULT,-0.012797414870026575,-0.01740029198201442,0.012797414870026575,0
or_position_fraction,AUCTION_THEORY,signed_velocity_decay_1_5,PERSISTENCE_EXHAUSTION,0.012792202553434799,0.020812764994634497,0.012792202553434799,0
Sell_Imbalance_Count_AtEntry,FLOW_BURST_QUALITY,delta_persistence_3_5,PERSISTENCE_EXHAUSTION,0.012772846785635542,0.05614944207994943,0.012772846785635542,0
Dist_VAL_Ticks,AUCTION_THEORY,signed_acceleration_1s,PERSISTENCE_EXHAUSTION,-0.01275996267757658,0.08910090195973155,0.01275996267757658,0
Seconds_From_Open_AtEntry,TIME_REGIME,distance_nearest_profile_reference_ticks,AUCTION_THEORY,0.01273475363683197,0.0022286811277802323,0.01273475363683197,0
month_index,TIME_REGIME,distance_nearest_or_edge_ticks,AUCTION_THEORY,0.012702336824193698,-0.03353185778511922,0.012702336824193698,0
Nearest_OR_Edge_Distance_Ticks_AtEntry,AUCTION_THEORY,month_index,TIME_REGIME,0.012702336824193698,-0.03353185778511927,0.012702336824193698,0
Dist_LVN_Ticks,AUCTION_THEORY,Cumulative_Delta_AtEntry,FLOW_BURST_QUALITY,0.012638061920923177,0.023458650303504445,0.012638061920923177,0
Dist_OR_High_Ticks,AUCTION_THEORY,Signed_Previous_Delta_Share_AtEntry,FLOW_BURST_QUALITY,-0.012595964943059796,-0.029189897421088268,0.012595964943059796,0
DeltaChange1s,FLOW_BURST_QUALITY,signed_velocity_3s,PERSISTENCE_EXHAUSTION,0.012574084045063867,0.03759784433814474,0.012574084045063867,0
delta_persistence_3_5,PERSISTENCE_EXHAUSTION,distance_nearest_profile_reference_ticks,AUCTION_THEORY,-0.012512913881815258,-0.035939753797867374,0.012512913881815258,0
DeltaChangeZScore,FLOW_BURST_QUALITY,liquidity_absorption_score,OTHER_CAUSAL_CONTEXT,0.012491584092048032,-0.07055935214465267,0.012491584092048032,0
PreBurst_Impulse_Survival_Seconds,AUCTION_THEORY,Previous_Delta_AtEntry,FLOW_BURST_QUALITY,-0.01248944440621031,-0.04591090702691933,0.01248944440621031,0
ContractsPerSecond,FLOW_BURST_QUALITY,PreEntry_Volume_Climax_Ratio_AtEntry,FLOW_BURST_QUALITY,-0.012461600634088233,0.07419298152759717,0.012461600634088233,0
Signed_Delta_Share_AtEntry,FLOW_BURST_QUALITY,delta_share_of_volume,FLOW_BURST_QUALITY,0.012337457883454705,-0.019209586197773812,0.012337457883454705,0
PreBurst_Reclaim_Count_10s,ACCEPTANCE_RECLAIM,PreEntry_Directional_Efficiency3_AtEntry,OTHER_CAUSAL_CONTEXT,-0.01226911414480128,-0.00854149036672073,0.01226911414480128,0
TicksPerSecond,TIME_REGIME,mean_trade_size,FLOW_BURST_QUALITY,-0.012239298191704035,0.012585001507071827,0.012239298191704035,0
Velocity1s,PERSISTENCE_EXHAUSTION,mean_trade_size,FLOW_BURST_QUALITY,-0.012239298191704035,0.012585001507071827,0.012239298191704035,0
signed_delta_change_1s,FLOW_BURST_QUALITY,directional_poc_distance,AUCTION_THEORY,-0.012236550424309905,0.004605373648560441,0.012236550424309905,0
Profile_Position_Percentile,AUCTION_THEORY,delta_persistence_3_5,PERSISTENCE_EXHAUSTION,-0.012213791916122122,-0.040515297431742155,0.012213791916122122,0
Delta10s,FLOW_BURST_QUALITY,BreakOut_TICKS_PER_SEC_AtEntry,OTHER_CAUSAL_CONTEXT,-0.01210768583763231,0.042914055672624005,0.01210768583763231,0
Velocity1s,PERSISTENCE_EXHAUSTION,PreBurst_Local_Entropy_10s,TEMPORAL_SEQUENCE,0.01209107154581306,0.008286583830996517,0.01209107154581306,0
TicksPerSecond,TIME_REGIME,PreBurst_Local_Entropy_10s,TEMPORAL_SEQUENCE,0.01209107154581306,0.008286583830996517,0.01209107154581306,0
PreBurst_Rotation_Index_10s,TEMPORAL_SEQUENCE,PreBurst_Price_Per_Volume_3s,EFFORT_VS_RESULT,-0.012075476063900333,-0.0046409992170142935,0.012075476063900333,0
Previous_Volume_AtEntry,FLOW_BURST_QUALITY,or_position_fraction,AUCTION_THEORY,0.012055517027202466,-0.013374184596033775,0.012055517027202466,0
Delta1s,FLOW_BURST_QUALITY,PreBurst_Local_Entropy_10s,TEMPORAL_SEQUENCE,-0.011991175777899592,-0.026904259874660493,0.011991175777899592,0
PreBurst_Reclaim_Count_10s,ACCEPTANCE_RECLAIM,Profile_Skewness,AUCTION_THEORY,-0.011951420894906788,-0.0031712868898831495,0.011951420894906788,0
TicksPerSecond,TIME_REGIME,Body_OR_Ratio_AtEntry,AUCTION_THEORY,-0.011848028578950072,-0.04455877110761903,0.011848028578950072,0
Velocity1s,PERSISTENCE_EXHAUSTION,Body_OR_Ratio_AtEntry,AUCTION_THEORY,-0.011848028578950072,-0.04455877110761903,0.011848028578950072,0
Delta_AtEntry,FLOW_BURST_QUALITY,absorption_pressure_1s,EFFORT_VS_RESULT,-0.011795567752030054,-0.08635763160060704,0.011795567752030054,0
Delta10s,FLOW_BURST_QUALITY,PreBurst_Impulse_Decay_Slope_5s,PERSISTENCE_EXHAUSTION,-0.011791026018705093,0.013326991445273646,0.011791026018705093,0
PreBurst_Local_Entropy_10s,TEMPORAL_SEQUENCE,or_position_fraction,AUCTION_THEORY,-0.011722016173535377,0.042405256372863014,0.011722016173535377,0
PreBurst_Local_Entropy_10s,TEMPORAL_SEQUENCE,BreakOut_TICKS_PER_SEC_AtEntry,OTHER_CAUSAL_CONTEXT,0.0116612533219211,0.042607554295717366,0.0116612533219211,0
Dist_VAH_Ticks,AUCTION_THEORY,PreBurst_Reclaim_Count_10s,ACCEPTANCE_RECLAIM,0.011512315158440338,0.03748093990390471,0.011512315158440338,0
Profile_Excess_Kurtosis,AUCTION_THEORY,Signed_Delta_Share_AtEntry,FLOW_BURST_QUALITY,0.011395067012641515,0.021822962162253306,0.011395067012641515,0
DeltaChangeZScore,FLOW_BURST_QUALITY,PreBurst_Impulse_Survival_Seconds,AUCTION_THEORY,-0.01136574280090597,0.007460057065236213,0.01136574280090597,0
BreakOut_TICKS_PER_SEC_AtEntry,OTHER_CAUSAL_CONTEXT,vwap_poc_spread_ticks,AUCTION_THEORY,0.011359269683984062,0.1076687296279933,0.011359269683984062,0
Delta5s,FLOW_BURST_QUALITY,flow_price_alignment,OTHER_CAUSAL_CONTEXT,0.011301581331271173,0.00885365588974093,0.011301581331271173,0
Profile_Skewness,AUCTION_THEORY,Profile_Local_Maxima_Count,AUCTION_THEORY,-0.01129955719848383,-0.021593715108305538,0.01129955719848383,0
Profile_Concentration,AUCTION_THEORY,Sell_Imbalance_Count_AtEntry,FLOW_BURST_QUALITY,-0.011257413352615929,-0.04417258968905456,0.011257413352615929,0
OR_WidthTicks,AUCTION_THEORY,signed_delta_change_1s,FLOW_BURST_QUALITY,-0.011256863686123978,0.0019714162724770576,0.011256863686123978,0
range,OTHER_CAUSAL_CONTEXT,signed_delta_change_1s,FLOW_BURST_QUALITY,-0.011256863686123978,0.0019714162724771968,0.011256863686123978,0
Volume_AtEntry,FLOW_BURST_QUALITY,Previous_Delta_AtEntry,FLOW_BURST_QUALITY,0.01122495175852957,-0.02348894136173302,0.01122495175852957,0
seconds_from_open,TIME_REGIME,distance_nearest_profile_reference_ticks,AUCTION_THEORY,0.011207129270455573,0.0021873501985434822,0.011207129270455573,0
minute_from_open,TIME_REGIME,distance_nearest_profile_reference_ticks,AUCTION_THEORY,0.011207129270455573,0.0021873501985434146,0.011207129270455573,0
Dist_VWAP_Ticks,AUCTION_THEORY,PreBurst_Rotation_Index_10s,TEMPORAL_SEQUENCE,0.011153148402243955,0.018589666433368908,0.011153148402243955,0
Velocity3s,PERSISTENCE_EXHAUSTION,PreEntry_Range_Compression3_AtEntry,OTHER_CAUSAL_CONTEXT,-0.011152383020835486,-0.029637696239871763,0.011152383020835486,0
Profile_Excess_Kurtosis,AUCTION_THEORY,Profile_Position_Percentile,AUCTION_THEORY,-0.011101356303834423,-0.0022384800353066306,0.011101356303834423,0
BuySellRatio,OTHER_CAUSAL_CONTEXT,PreBurst_Price_Per_Volume_3s,EFFORT_VS_RESULT,-0.011081500508374807,-0.028287687502320122,0.011081500508374807,0
OR_WidthTicks,AUCTION_THEORY,Cumulative_Delta_AtEntry,FLOW_BURST_QUALITY,-0.011079362636201948,0.02484982729432028,0.011079362636201948,0
range,OTHER_CAUSAL_CONTEXT,Cumulative_Delta_AtEntry,FLOW_BURST_QUALITY,-0.011079362636201948,0.024849827294320247,0.011079362636201948,0
PeakNegativeDelta,FLOW_BURST_QUALITY,directional_vwap_distance,AUCTION_THEORY,0.011069889597595134,0.10106396014271143,0.011069889597595134,0
Acceleration3s,PERSISTENCE_EXHAUSTION,flow_price_alignment,OTHER_CAUSAL_CONTEXT,0.011047260599574718,0.03625252153360913,0.011047260599574718,0
Delta_Change_AtEntry,FLOW_BURST_QUALITY,Prior_Closed_ATR3_Ticks_AtEntry,AUCTION_THEORY,0.01100612803505865,0.023316921044249355,0.01100612803505865,0
CumulativeDeltaWindow,FLOW_BURST_QUALITY,flow_price_alignment,OTHER_CAUSAL_CONTEXT,0.010981179379528198,0.02811705795934267,0.010981179379528198,0
Delta3s,FLOW_BURST_QUALITY,flow_price_alignment,OTHER_CAUSAL_CONTEXT,0.010981179379528198,0.02811705795934267,0.010981179379528198,0
Dist_OR_High_Ticks,AUCTION_THEORY,delta_share_of_volume,FLOW_BURST_QUALITY,-0.010962182711024296,0.01986896634768829,0.010962182711024296,0
ContractsPerSecond,FLOW_BURST_QUALITY,Delta_Change_AtEntry,FLOW_BURST_QUALITY,-0.010948385584546746,-0.04966591799762673,0.010948385584546746,0
Signed_Previous_Delta_Share_AtEntry,FLOW_BURST_QUALITY,signed_acceleration_1s,PERSISTENCE_EXHAUSTION,-0.010934880669407322,-0.09896382456985607,0.010934880669407322,0
Directional_VWAP_Distance_Ticks_AtEntry,AUCTION_THEORY,velocity_consistency,PERSISTENCE_EXHAUSTION,0.010921230317705508,-0.006123082806589514,0.010921230317705508,0
Dist_OR_High_Ticks,AUCTION_THEORY,absorption_pressure_1s,EFFORT_VS_RESULT,-0.010847660947484126,-0.08968141714597781,0.010847660947484126,0
PreBurst_Reclaim_Count_10s,ACCEPTANCE_RECLAIM,signed_velocity_3s,PERSISTENCE_EXHAUSTION,-0.010837239981530104,-0.048228952750590845,0.010837239981530104,0
Acceleration3s,PERSISTENCE_EXHAUSTION,execution_cvd_alignment,OTHER_CAUSAL_CONTEXT,0.010787024206918136,0.02611846845047989,0.010787024206918136,0
Profile_Skewness,AUCTION_THEORY,PreEntry_Range_Compression3_AtEntry,OTHER_CAUSAL_CONTEXT,-0.01068395549840463,-0.09671276671321032,0.01068395549840463,0
DeltaPercentile,FLOW_BURST_QUALITY,Dist_HVN_Ticks,AUCTION_THEORY,0.010668570905789435,-0.0060075759029537545,0.010668570905789435,0
PeakNegativeDelta,FLOW_BURST_QUALITY,delta_share_of_volume,FLOW_BURST_QUALITY,-0.010665387972143595,0.012173870675465147,0.010665387972143595,0
absorption_pressure_1s,EFFORT_VS_RESULT,execution_side_sign,OTHER_CAUSAL_CONTEXT,0.010631584274699164,0.0970755463647049,0.010631584274699164,0
Velocity5s,PERSISTENCE_EXHAUSTION,signed_delta_decay_1_5,PERSISTENCE_EXHAUSTION,-0.010537686800755177,-0.015383312929221264,0.010537686800755177,0
ContractsPerSecond,FLOW_BURST_QUALITY,OR_WidthTicks,AUCTION_THEORY,0.010535891293749265,0.03841635200336461,0.010535891293749265,0
ContractsPerSecond,FLOW_BURST_QUALITY,range,OTHER_CAUSAL_CONTEXT,0.010535891293749265,0.038416352003364754,0.010535891293749265,0
PreBurst_Impulse_Survival_Seconds,AUCTION_THEORY,PreEntry_Range_Compression3_AtEntry,OTHER_CAUSAL_CONTEXT,0.010516901619392088,0.05319127084898782,0.010516901619392088,0
TicksPerSecond,TIME_REGIME,directional_vwap_distance,AUCTION_THEORY,-0.010469027320401315,0.10080633867157261,0.010469027320401315,0
Velocity1s,PERSISTENCE_EXHAUSTION,directional_vwap_distance,AUCTION_THEORY,-0.010469027320401315,0.10080633867157261,0.010469027320401315,0
Dist_LVN_Ticks,AUCTION_THEORY,PreBurst_Price_Per_Delta_3s,EFFORT_VS_RESULT,0.010442608424287436,0.03129979087761991,0.010442608424287436,0
Profile_Local_Maxima_Count,AUCTION_THEORY,Sell_Imbalance_Count_AtEntry,FLOW_BURST_QUALITY,0.01040566717143088,-0.05012754665012218,0.01040566717143088,0
Dist_OR_High_Ticks,AUCTION_THEORY,burst_efficiency_score,EFFORT_VS_RESULT,0.010379241788157457,-0.1453147618126148,0.010379241788157457,0
PreBurst_Rotation_Index_10s,TEMPORAL_SEQUENCE,Volume_AtEntry,FLOW_BURST_QUALITY,0.010313663594070727,0.04206896205472044,0.010313663594070727,0
Cumulative_Delta_AtEntry,FLOW_BURST_QUALITY,signed_velocity_1s,PERSISTENCE_EXHAUSTION,0.010200239510524053,0.035988332369360804,0.010200239510524053,0
BreakOut_TICKS_PER_SEC_AtEntry,OTHER_CAUSAL_CONTEXT,PreEntry_Range_Compression3_AtEntry,OTHER_CAUSAL_CONTEXT,0.010193090603963818,-0.0928638205559784,0.010193090603963818,0
PreBurst_Reclaim_Count_10s,ACCEPTANCE_RECLAIM,delta_share_of_volume,FLOW_BURST_QUALITY,-0.010164593282188591,-0.012115171164044723,0.010164593282188591,0
Delta3s,FLOW_BURST_QUALITY,Previous_Volume_AtEntry,FLOW_BURST_QUALITY,0.010074620481086123,-0.02336006985329995,0.010074620481086123,0
CumulativeDeltaWindow,FLOW_BURST_QUALITY,Previous_Volume_AtEntry,FLOW_BURST_QUALITY,0.010074620481086123,-0.02336006985329995,0.010074620481086123,0
PreEntry_Directional_Efficiency3_AtEntry,OTHER_CAUSAL_CONTEXT,signed_delta_change_1s,FLOW_BURST_QUALITY,-0.010063891432791648,-0.06498791445183241,0.010063891432791648,0
PreBurst_Local_Entropy_10s,TEMPORAL_SEQUENCE,distance_nearest_or_edge_ticks,AUCTION_THEORY,-0.010060826265362095,-0.05039372785463269,0.010060826265362095,0
PreBurst_Local_Entropy_10s,TEMPORAL_SEQUENCE,Nearest_OR_Edge_Distance_Ticks_AtEntry,AUCTION_THEORY,-0.010060826265362095,-0.05039372785463275,0.010060826265362095,0
Profile_Normalized_Entropy,AUCTION_THEORY,month_index,TIME_REGIME,-0.010017783711423976,0.0020010052518768646,0.010017783711423976,0
Dist_VWAP_Ticks,AUCTION_THEORY,PreBurst_Impulse_Decay_Slope_5s,PERSISTENCE_EXHAUSTION,-0.009974056900035092,0.0338832031245293,0.009974056900035092,0
weekday_index,TIME_REGIME,signed_velocity_decay_1_5,PERSISTENCE_EXHAUSTION,0.009973344809459305,0.021182025700029243,0.009973344809459305,0
Dist_LVN_Ticks,AUCTION_THEORY,Profile_Local_Maxima_Count,AUCTION_THEORY,-0.009943253861195177,-0.008981773515357257,0.009943253861195177,0
PreEntry_Volume_Climax_Ratio_AtEntry,FLOW_BURST_QUALITY,profile_confluence_4t,AUCTION_THEORY,-0.009923542128753293,-0.033511232961428876,0.009923542128753293,0
Directional_OR_Extension_Ticks_AtEntry,AUCTION_THEORY,signed_delta_change_1s,FLOW_BURST_QUALITY,0.009896167111796115,-0.051943856717149114,0.009896167111796115,0
Velocity3s,PERSISTENCE_EXHAUSTION,signed_delta_decay_1_5,PERSISTENCE_EXHAUSTION,-0.00984782854557085,-0.023887656607471337,0.00984782854557085,0
Acceleration3s,PERSISTENCE_EXHAUSTION,PreBurst_Impulse_Survival_Seconds,AUCTION_THEORY,0.00983464490889464,0.006261682168657218,0.00983464490889464,0
Nearest_OR_Edge_Acceptance_Ratio3_AtEntry,ACCEPTANCE_RECLAIM,flow_price_alignment,OTHER_CAUSAL_CONTEXT,0.009809215976716756,0.02116600617683603,0.009809215976716756,0
delta_persistence_3_5,PERSISTENCE_EXHAUSTION,execution_side_sign,OTHER_CAUSAL_CONTEXT,-0.00976012204853719,0.047574824375552174,0.00976012204853719,0
Delta_AtEntry,FLOW_BURST_QUALITY,burst_efficiency_score,EFFORT_VS_RESULT,0.00972835739315067,-0.019039803598752753,0.00972835739315067,0
Signed_Previous_Delta_Share_AtEntry,FLOW_BURST_QUALITY,month_index,TIME_REGIME,-0.00969482326762659,0.032337868359762885,0.00969482326762659,0
Profile_Concentration,AUCTION_THEORY,PreEntry_Directional_Delta_Share3_AtEntry,FLOW_BURST_QUALITY,-0.00969477790101477,-0.07953412083254106,0.00969477790101477,0
PreBurst_Price_Per_Delta_3s,EFFORT_VS_RESULT,Delta_AtEntry,FLOW_BURST_QUALITY,-0.009643149938872247,-0.03237728155687062,0.009643149938872247,0
BuySellRatio,OTHER_CAUSAL_CONTEXT,Body_OR_Ratio_AtEntry,AUCTION_THEORY,0.009636091291257084,0.025152923430025023,0.009636091291257084,0
Previous_Delta_AtEntry,FLOW_BURST_QUALITY,signed_delta_change_1s,FLOW_BURST_QUALITY,0.009620201152884315,0.02495856419308732,0.009620201152884315,0
Dist_HVN_Ticks,AUCTION_THEORY,mean_trade_size,FLOW_BURST_QUALITY,0.009603771595059643,-0.029761681036624243,0.009603771595059643,0
Volume_AtEntry,FLOW_BURST_QUALITY,PreEntry_Volume_Climax_Ratio_AtEntry,FLOW_BURST_QUALITY,-0.009595990181320442,-0.041401635513045994,0.009595990181320442,0
PreBurst_Path_Efficiency_10s,TEMPORAL_SEQUENCE,Seconds_From_Open_AtEntry,TIME_REGIME,0.009591907296545079,-0.006955299600859927,0.009591907296545079,0
Acceleration1s,PERSISTENCE_EXHAUSTION,Prior_Closed_ATR3_Ticks_AtEntry,AUCTION_THEORY,-0.009536455177556729,-0.01890665504473547,0.009536455177556729,0
Dist_VAH_Ticks,AUCTION_THEORY,price_impact_per_100_contracts,EFFORT_VS_RESULT,-0.009527553360939987,-0.12801228632916986,0.009527553360939987,0
Cumulative_Delta_AtEntry,FLOW_BURST_QUALITY,signed_acceleration_1s,PERSISTENCE_EXHAUSTION,0.009500194915024305,0.057758953130363215,0.009500194915024305,0
Cumulative_Delta_AtEntry,FLOW_BURST_QUALITY,liquidity_absorption_score,OTHER_CAUSAL_CONTEXT,0.009488037822786097,-0.13403626537407415,0.009488037822786097,0
PreEntry_Range_Compression3_AtEntry,OTHER_CAUSAL_CONTEXT,delta_share_of_volume,FLOW_BURST_QUALITY,0.009390837713157633,-0.00864352356176304,0.009390837713157633,0
Acceleration1s,PERSISTENCE_EXHAUSTION,PreBurst_Reclaim_Count_10s,ACCEPTANCE_RECLAIM,-0.009320575058009916,0.0017043596775807848,0.009320575058009916,0
PreBurst_Impulse_Decay_Slope_5s,PERSISTENCE_EXHAUSTION,weekday_index,TIME_REGIME,-0.009275812109151032,0.0024619016965173285,0.009275812109151032,0
Profile_Effective_Nodes,AUCTION_THEORY,Volume_AtEntry,FLOW_BURST_QUALITY,0.009274807648885454,-0.003976024282215433,0.009274807648885454,0
Delta_Change_AtEntry,FLOW_BURST_QUALITY,Signed_Delta_Share_AtEntry,FLOW_BURST_QUALITY,-0.009258992579167036,0.03117786427647387,0.009258992579167036,0
burst_efficiency_score,EFFORT_VS_RESULT,execution_side_sign,OTHER_CAUSAL_CONTEXT,-0.009237821946113898,0.02436424202482925,0.009237821946113898,0
Delta3s,FLOW_BURST_QUALITY,Volume_AtEntry,FLOW_BURST_QUALITY,-0.009208757528871243,0.018661320212394045,0.009208757528871243,0
CumulativeDeltaWindow,FLOW_BURST_QUALITY,Volume_AtEntry,FLOW_BURST_QUALITY,-0.009208757528871243,0.018661320212394045,0.009208757528871243,0
Dist_LVN_Ticks,AUCTION_THEORY,Nearest_OR_Edge_Acceptance_Ratio3_AtEntry,ACCEPTANCE_RECLAIM,-0.009201167710777135,0.006695332199827079,0.009201167710777135,0
Delta5s,FLOW_BURST_QUALITY,PreEntry_Volume_Climax_Ratio_AtEntry,FLOW_BURST_QUALITY,-0.009200887461798979,-0.04492981735644897,0.009200887461798979,0
Velocity1s,PERSISTENCE_EXHAUSTION,delta_persistence_3_5,PERSISTENCE_EXHAUSTION,-0.009193796293799515,-0.08439989727185634,0.009193796293799515,0
TicksPerSecond,TIME_REGIME,delta_persistence_3_5,PERSISTENCE_EXHAUSTION,-0.009193796293799515,-0.08439989727185634,0.009193796293799515,0
ContractsPerSecond,FLOW_BURST_QUALITY,Profile_Std_Ticks,AUCTION_THEORY,0.009183316350228246,0.09991180361036064,0.009183316350228246,0
TradesPerSecond,TIME_REGIME,Profile_Effective_Nodes,AUCTION_THEORY,-0.009159632125995128,0.08865920315583911,0.009159632125995128,0
Previous_Volume_AtEntry,FLOW_BURST_QUALITY,signed_velocity_3s,PERSISTENCE_EXHAUSTION,-0.00915391744909996,-0.050783827142220246,0.00915391744909996,0
Dist_VAL_Ticks,AUCTION_THEORY,liquidity_absorption_score,OTHER_CAUSAL_CONTEXT,0.009149958907475454,-0.06703570130104175,0.009149958907475454,0
Profile_Excess_Kurtosis,AUCTION_THEORY,BreakOut_TICKS_PER_SEC_AtEntry,OTHER_CAUSAL_CONTEXT,0.009128519776198274,0.0684611482860899,0.009128519776198274,0
DeltaPercentile,FLOW_BURST_QUALITY,or_position_fraction,AUCTION_THEORY,0.009124657834860725,-0.04149503666296504,0.009124657834860725,0
price_impact_per_100_contracts,EFFORT_VS_RESULT,delta_persistence_3_5,PERSISTENCE_EXHAUSTION,-0.009081879286839994,0.011408671155773485,0.009081879286839994,0
Delta2s,FLOW_BURST_QUALITY,Volume_AtEntry,FLOW_BURST_QUALITY,0.009050296791928446,0.021480108633429845,0.009050296791928446,0
Profile_Effective_Nodes,AUCTION_THEORY,Signed_Previous_Delta_Share_AtEntry,FLOW_BURST_QUALITY,0.009033924032648077,0.03635715427416906,0.009033924032648077,0
PreBurst_Rotation_Index_10s,TEMPORAL_SEQUENCE,vwap_poc_spread_ticks,AUCTION_THEORY,0.008999051505742713,0.07769766558852173,0.008999051505742713,0
Dist_HVN_Ticks,AUCTION_THEORY,acceleration_velocity_ratio,PERSISTENCE_EXHAUSTION,-0.008966152230850748,0.039509986566096646,0.008966152230850748,0
flow_price_alignment,OTHER_CAUSAL_CONTEXT,signed_delta_decay_1_5,PERSISTENCE_EXHAUSTION,-0.008962102981746973,-0.008457523185452693,0.008962102981746973,0
ContractsPerSecond,FLOW_BURST_QUALITY,Velocity3s,PERSISTENCE_EXHAUSTION,-0.008953958296164381,-0.003435942860294467,0.008953958296164381,0
Profile_Concentration,AUCTION_THEORY,month_index,TIME_REGIME,0.00894668633680309,-0.0075351656690033075,0.00894668633680309,0
Dist_VAL_Ticks,AUCTION_THEORY,Directional_VWAP_Distance_Ticks_AtEntry,AUCTION_THEORY,0.008892791407654841,-0.0006331406083779459,0.008892791407654841,0
Profile_Std_Ticks,AUCTION_THEORY,Volume_AtEntry,FLOW_BURST_QUALITY,0.008733259914020922,0.0010211363387016641,0.008733259914020922,0
BuySellRatio,OTHER_CAUSAL_CONTEXT,absorption_pressure_1s,EFFORT_VS_RESULT,-0.008729147067696242,0.04344529609699111,0.008729147067696242,0
signed_velocity_decay_1_5,PERSISTENCE_EXHAUSTION,execution_cvd_alignment,OTHER_CAUSAL_CONTEXT,0.008608747444189746,0.05581320181088484,0.008608747444189746,0
PreBurst_Price_Per_Delta_3s,EFFORT_VS_RESULT,execution_cvd_alignment,OTHER_CAUSAL_CONTEXT,0.008602802592830005,-0.018447421192401166,0.008602802592830005,0
TradesPerSecond,TIME_REGIME,Nearest_OR_Edge_Retest_Count_AtEntry,ACCEPTANCE_RECLAIM,-0.008602265038019495,0.04676240953578666,0.008602265038019495,0
DeltaChange1s,FLOW_BURST_QUALITY,Volume_AtEntry,FLOW_BURST_QUALITY,-0.008583690990978887,0.005601236501808501,0.008583690990978887,0
Directional_VWAP_Distance_Ticks_AtEntry,AUCTION_THEORY,Prior_Closed_ATR3_Ticks_AtEntry,AUCTION_THEORY,-0.00858342477521111,-0.026520105064044112,0.00858342477521111,0
Volume_AtEntry,FLOW_BURST_QUALITY,vwap_poc_spread_ticks,AUCTION_THEORY,0.008570581543073472,0.03482917630999472,0.008570581543073472,0
PreBurst_Path_Efficiency_10s,TEMPORAL_SEQUENCE,seconds_from_open,TIME_REGIME,0.008569979519598283,-0.0069566162812773,0.008569979519598283,0
PreBurst_Path_Efficiency_10s,TEMPORAL_SEQUENCE,minute_from_open,TIME_REGIME,0.008569979519598283,-0.006956616281277342,0.008569979519598283,0
Profile_Position_Percentile,AUCTION_THEORY,Nearest_OR_Edge_Acceptance_Ratio3_AtEntry,ACCEPTANCE_RECLAIM,0.008568276656983124,-0.021752658694858686,0.008568276656983124,0
Dist_POC_Ticks,AUCTION_THEORY,profile_confluence_4t,AUCTION_THEORY,0.008567796115725522,0.02054250787398606,0.008567796115725522,0
PeakPositiveDelta,FLOW_BURST_QUALITY,weekday_index,TIME_REGIME,-0.008566589048420618,-0.05180217970336794,0.008566589048420618,0
Delta5s,FLOW_BURST_QUALITY,PreBurst_Local_Entropy_10s,TEMPORAL_SEQUENCE,-0.008540457349663732,-0.02013848792912098,0.008540457349663732,0
Profile_Local_Maxima_Count,AUCTION_THEORY,profile_confluence_4t,AUCTION_THEORY,-0.008529443157603029,-0.002065857107241334,0.008529443157603029,0
BuySellRatio,OTHER_CAUSAL_CONTEXT,PreBurst_Rotation_Index_10s,TEMPORAL_SEQUENCE,-0.008404677527473446,0.043457669442306494,0.008404677527473446,0
Velocity5s,PERSISTENCE_EXHAUSTION,price_impact_per_100_contracts,EFFORT_VS_RESULT,-0.008375347875635267,-0.059352866226233286,0.008375347875635267,0
OR_WidthTicks,AUCTION_THEORY,signed_delta_decay_1_5,PERSISTENCE_EXHAUSTION,0.008371770679710339,-0.012230685570495605,0.008371770679710339,0
range,OTHER_CAUSAL_CONTEXT,signed_delta_decay_1_5,PERSISTENCE_EXHAUSTION,0.008371770679710339,-0.012230685570495755,0.008371770679710339,0
BuySellRatio,OTHER_CAUSAL_CONTEXT,burst_efficiency_score,EFFORT_VS_RESULT,0.008359324680369868,-0.11206727045905258,0.008359324680369868,0
ContractsPerSecond,FLOW_BURST_QUALITY,Nearest_OR_Edge_Retest_Count_AtEntry,ACCEPTANCE_RECLAIM,-0.008332343542378426,0.0445661275868303,0.008332343542378426,0
ContractsPerSecond,FLOW_BURST_QUALITY,liquidity_absorption_score,OTHER_CAUSAL_CONTEXT,-0.008275777934101846,-0.014806015534235753,0.008275777934101846,0
PreBurst_Reclaim_Count_10s,ACCEPTANCE_RECLAIM,flow_price_alignment,OTHER_CAUSAL_CONTEXT,0.00826743301407865,0.019568758216386466,0.00826743301407865,0
DeltaPercentile,FLOW_BURST_QUALITY,PreBurst_Rotation_Index_10s,TEMPORAL_SEQUENCE,0.008228753858176723,0.03239964193688899,0.008228753858176723,0
Acceleration1s,PERSISTENCE_EXHAUSTION,Body_OR_Ratio_AtEntry,AUCTION_THEORY,-0.008184310484861526,-0.021029628457567725,0.008184310484861526,0
Acceleration1s,PERSISTENCE_EXHAUSTION,PreEntry_Range_Compression3_AtEntry,OTHER_CAUSAL_CONTEXT,-0.008125409574709263,-0.03144127167064476,0.008125409574709263,0
Profile_Skewness,AUCTION_THEORY,delta_share_of_volume,FLOW_BURST_QUALITY,-0.008114723482237123,-0.058935234555771356,0.008114723482237123,0
BreakOut_TICKS_PER_SEC_AtEntry,OTHER_CAUSAL_CONTEXT,execution_cvd_alignment,OTHER_CAUSAL_CONTEXT,-0.008066327522112544,-0.007679473082979901,0.008066327522112544,0
Profile_Local_Maxima_Count,AUCTION_THEORY,signed_delta_decay_1_5,PERSISTENCE_EXHAUSTION,0.008034692351564,-0.07441931335299509,0.008034692351564,0
distance_nearest_or_edge_ticks,AUCTION_THEORY,signed_delta_decay_1_5,PERSISTENCE_EXHAUSTION,-0.008016519032451779,-0.14044929484590726,0.008016519032451779,0
Nearest_OR_Edge_Distance_Ticks_AtEntry,AUCTION_THEORY,signed_delta_decay_1_5,PERSISTENCE_EXHAUSTION,-0.008016519032451779,-0.1404492948459075,0.008016519032451779,0
Directional_VWAP_Distance_Ticks_AtEntry,AUCTION_THEORY,signed_delta_change_1s,FLOW_BURST_QUALITY,0.008008168736197205,-0.05361034217413983,0.008008168736197205,0
Prior_Closed_ATR5_Ticks_AtEntry,AUCTION_THEORY,velocity_consistency,PERSISTENCE_EXHAUSTION,-0.007987707144885618,0.035908601554561305,0.007987707144885618,0
Profile_Skewness,AUCTION_THEORY,range,OTHER_CAUSAL_CONTEXT,0.007979626028587056,0.041967248880869654,0.007979626028587056,0
OR_WidthTicks,AUCTION_THEORY,Profile_Skewness,AUCTION_THEORY,0.007979626028587056,0.041967248880869654,0.007979626028587056,0
month_index,TIME_REGIME,execution_cvd_alignment,OTHER_CAUSAL_CONTEXT,0.007955731695278776,0.013632395430085481,0.007955731695278776,0
PeakPositiveDelta,FLOW_BURST_QUALITY,PreBurst_Impulse_Decay_Slope_5s,PERSISTENCE_EXHAUSTION,0.007950398929932887,0.10668811935066988,0.007950398929932887,0
signed_acceleration_1s,PERSISTENCE_EXHAUSTION,weekday_index,TIME_REGIME,-0.007812165222594926,-0.03360758403432612,0.007812165222594926,0
PeakPositiveDelta,FLOW_BURST_QUALITY,flow_price_alignment,OTHER_CAUSAL_CONTEXT,0.007777454132283284,-0.004486247064052673,0.007777454132283284,0
delta_persistence_3_5,PERSISTENCE_EXHAUSTION,directional_poc_distance,AUCTION_THEORY,-0.007774484811850575,-0.07432392427858892,0.007774484811850575,0
Velocity3s,PERSISTENCE_EXHAUSTION,PreBurst_Price_Per_Volume_3s,EFFORT_VS_RESULT,0.00775144455847559,0.01990322456083731,0.00775144455847559,0
PreBurst_Acceptance_Dwell_Ratio_5s,ACCEPTANCE_RECLAIM,Cumulative_Delta_AtEntry,FLOW_BURST_QUALITY,0.007662362116989693,0.03554450684102624,0.007662362116989693,0
Profile_Local_Maxima_Count,AUCTION_THEORY,Signed_Delta_Share_AtEntry,FLOW_BURST_QUALITY,0.007654561418835716,0.020385548934947977,0.007654561418835716,0
Previous_Delta_AtEntry,FLOW_BURST_QUALITY,delta_share_of_volume,FLOW_BURST_QUALITY,-0.007652468750674922,-0.027550742380263907,0.007652468750674922,0
Profile_Normalized_Entropy,AUCTION_THEORY,distance_nearest_profile_reference_ticks,AUCTION_THEORY,0.007608561206157929,0.01966027399390148,0.007608561206157929,0
signed_velocity_1s,PERSISTENCE_EXHAUSTION,execution_cvd_alignment,OTHER_CAUSAL_CONTEXT,0.00759811448289274,-0.0476249538575347,0.00759811448289274,0
BuySellRatio,OTHER_CAUSAL_CONTEXT,liquidity_absorption_score,OTHER_CAUSAL_CONTEXT,-0.007573130281761191,0.04484437467706203,0.007573130281761191,0
PreEntry_Volume_Climax_Ratio_AtEntry,FLOW_BURST_QUALITY,distance_nearest_profile_reference_ticks,AUCTION_THEORY,0.007508538364635396,-0.02993175416176043,0.007508538364635396,0
PreBurst_Reclaim_Count_10s,ACCEPTANCE_RECLAIM,signed_acceleration_1s,PERSISTENCE_EXHAUSTION,-0.007391977990347627,-0.030430165038713177,0.007391977990347627,0
ContractsPerSecond,FLOW_BURST_QUALITY,weekday_index,TIME_REGIME,0.007389253272567452,-0.011994595544271977,0.007389253272567452,0
Profile_Excess_Kurtosis,AUCTION_THEORY,delta_persistence_1_3,PERSISTENCE_EXHAUSTION,0.0073741261292026555,0.05447591118819534,0.0073741261292026555,0
Previous_Delta_AtEntry,FLOW_BURST_QUALITY,signed_delta_decay_1_5,PERSISTENCE_EXHAUSTION,0.007341057908644782,-0.014080084986127974,0.007341057908644782,0
Delta_Change_AtEntry,FLOW_BURST_QUALITY,mean_trade_size,FLOW_BURST_QUALITY,0.0072778022752221375,0.0833726796481982,0.0072778022752221375,0
Dist_VWAP_Ticks,AUCTION_THEORY,PreBurst_Reclaim_Count_10s,ACCEPTANCE_RECLAIM,0.00727068886161097,0.01864503830400707,0.00727068886161097,0
velocity_consistency,PERSISTENCE_EXHAUSTION,execution_cvd_alignment,OTHER_CAUSAL_CONTEXT,-0.0072510080517918666,0.01380275772069655,0.0072510080517918666,0
Delta10s,FLOW_BURST_QUALITY,signed_velocity_3s,PERSISTENCE_EXHAUSTION,0.00724803735451048,0.027746172829794143,0.00724803735451048,0
Dist_OR_Low_Ticks,AUCTION_THEORY,PreBurst_Path_Efficiency_10s,TEMPORAL_SEQUENCE,0.0072033319643431005,-0.06686742578274425,0.0072033319643431005,0
Profile_Skewness,AUCTION_THEORY,Sell_Imbalance_Count_AtEntry,FLOW_BURST_QUALITY,0.007075637811170226,-0.008012814927654094,0.007075637811170226,0
DeltaChange1s,FLOW_BURST_QUALITY,signed_velocity_1s,PERSISTENCE_EXHAUSTION,-0.0070567710792540095,0.03555924209043588,0.0070567710792540095,0
Dist_VAL_Ticks,AUCTION_THEORY,weekday_index,TIME_REGIME,0.007044146635273732,0.012848968563914596,0.007044146635273732,0
Velocity5s,PERSISTENCE_EXHAUSTION,Body_OR_Ratio_AtEntry,AUCTION_THEORY,-0.007036419170719196,-0.03137666933252579,0.007036419170719196,0
Previous_Delta_AtEntry,FLOW_BURST_QUALITY,vwap_poc_spread_ticks,AUCTION_THEORY,0.007027360256073242,0.007235523350193931,0.007027360256073242,0
Dist_POC_Ticks,AUCTION_THEORY,liquidity_absorption_score,OTHER_CAUSAL_CONTEXT,0.00697082763143598,-0.057592557653208344,0.00697082763143598,0
Profile_Effective_Nodes,AUCTION_THEORY,signed_delta_change_1s,FLOW_BURST_QUALITY,-0.006875765298226524,0.07773130982106034,0.006875765298226524,0
PeakPositiveDelta,FLOW_BURST_QUALITY,Profile_Excess_Kurtosis,AUCTION_THEORY,0.006835641749313414,0.0204951510181987,0.006835641749313414,0
Velocity3s,PERSISTENCE_EXHAUSTION,signed_delta_change_1s,FLOW_BURST_QUALITY,-0.0068307954142315325,0.013860350309442054,0.0068307954142315325,0
PreEntry_Range_Compression3_AtEntry,OTHER_CAUSAL_CONTEXT,month_index,TIME_REGIME,-0.0068138658210081015,0.010569569940173149,0.0068138658210081015,0
Delta1s,FLOW_BURST_QUALITY,PreEntry_Directional_Delta_Share3_AtEntry,FLOW_BURST_QUALITY,-0.006806228960188802,-0.05503331716032445,0.006806228960188802,0
signed_delta_1s,FLOW_BURST_QUALITY,vwap_poc_spread_ticks,AUCTION_THEORY,-0.0067967722625979984,0.05279232198503432,0.0067967722625979984,0
Dist_HVN_Ticks,AUCTION_THEORY,delta_persistence_1_3,PERSISTENCE_EXHAUSTION,0.006739151731830648,-0.04031305505116875,0.006739151731830648,0
Velocity5s,PERSISTENCE_EXHAUSTION,signed_delta_1s,FLOW_BURST_QUALITY,-0.0067248817887216655,0.008580895321718525,0.0067248817887216655,0
PreBurst_Acceptance_Dwell_Ratio_5s,ACCEPTANCE_RECLAIM,delta_persistence_3_5,PERSISTENCE_EXHAUSTION,-0.00670997083138854,0.029565514259460687,0.00670997083138854,0
PreBurst_Price_Per_Delta_3s,EFFORT_VS_RESULT,Previous_Delta_AtEntry,FLOW_BURST_QUALITY,0.0066324750467470946,0.09206756676741486,0.0066324750467470946,0
PreBurst_Rotation_Index_10s,TEMPORAL_SEQUENCE,directional_vwap_distance,AUCTION_THEORY,-0.006599877716825162,0.0012431984985103797,0.006599877716825162,0
Delta2s,FLOW_BURST_QUALITY,PreBurst_Impulse_Survival_Seconds,AUCTION_THEORY,-0.006588621898768867,0.00722728718773099,0.006588621898768867,0
Profile_Local_Maxima_Count,AUCTION_THEORY,mean_trade_size,FLOW_BURST_QUALITY,0.006576197308028104,-0.0288801930030961,0.006576197308028104,0
PreBurst_Price_Per_Volume_3s,EFFORT_VS_RESULT,Delta_AtEntry,FLOW_BURST_QUALITY,0.006539354391450969,-0.03699793330406609,0.006539354391450969,0
delta_persistence_3_5,PERSISTENCE_EXHAUSTION,flow_price_alignment,OTHER_CAUSAL_CONTEXT,-0.006515936968624211,-0.11765416427293919,0.006515936968624211,0
Previous_Delta_AtEntry,FLOW_BURST_QUALITY,acceleration_velocity_ratio,PERSISTENCE_EXHAUSTION,0.006505257718954871,-0.020358604168130023,0.006505257718954871,0
TicksPerSecond,TIME_REGIME,PreBurst_Impulse_Survival_Seconds,AUCTION_THEORY,0.006343765643683768,0.005989633536485884,0.006343765643683768,0
Velocity1s,PERSISTENCE_EXHAUSTION,PreBurst_Impulse_Survival_Seconds,AUCTION_THEORY,0.006343765643683768,0.005989633536485884,0.006343765643683768,0
Body_AtEntry,OTHER_CAUSAL_CONTEXT,Signed_Delta_Share_AtEntry,FLOW_BURST_QUALITY,0.0063296486497755825,0.052205659834794416,0.0063296486497755825,0
Dist_LVN_Ticks,AUCTION_THEORY,PreEntry_Directional_Delta_Share3_AtEntry,FLOW_BURST_QUALITY,0.006311451173907999,0.011035376606589068,0.006311451173907999,0
DeltaChangeZScore,FLOW_BURST_QUALITY,absorption_pressure_1s,EFFORT_VS_RESULT,-0.006149756086765529,-0.07643335202519687,0.006149756086765529,0
PreBurst_Local_Entropy_10s,TEMPORAL_SEQUENCE,Volume_AtEntry,FLOW_BURST_QUALITY,-0.006124441182341801,0.007868893669644215,0.006124441182341801,0
DeltaPercentile,FLOW_BURST_QUALITY,signed_velocity_decay_1_5,PERSISTENCE_EXHAUSTION,-0.006034116417180707,0.006906737870985414,0.006034116417180707,0
Delta10s,FLOW_BURST_QUALITY,signed_velocity_1s,PERSISTENCE_EXHAUSTION,-0.006006592052868986,0.023576732862192553,0.006006592052868986,0
Prior_Closed_ATR5_Ticks_AtEntry,AUCTION_THEORY,delta_persistence_1_3,PERSISTENCE_EXHAUSTION,0.005977300450657332,0.03144972474467268,0.005977300450657332,0
PreBurst_Reclaim_Count_10s,ACCEPTANCE_RECLAIM,Profile_Excess_Kurtosis,AUCTION_THEORY,0.005972093189313289,-0.002265672450671459,0.005972093189313289,0
Dist_VAL_Ticks,AUCTION_THEORY,Score_AtEntry,OTHER_CAUSAL_CONTEXT,-0.0059424052616012185,-0.050998672926084475,0.0059424052616012185,0
ContractsPerSecond,FLOW_BURST_QUALITY,Velocity5s,PERSISTENCE_EXHAUSTION,0.0059218266073916585,0.007159965427324699,0.0059218266073916585,0
TradesPerSecond,TIME_REGIME,or_position_fraction,AUCTION_THEORY,-0.005912435168158313,0.005899939458813467,0.005912435168158313,0
TradesPerSecond,TIME_REGIME,Nearest_OR_Edge_Acceptance_Ratio3_AtEntry,ACCEPTANCE_RECLAIM,-0.005882870470786174,0.08689456212636054,0.005882870470786174,0
Velocity3s,PERSISTENCE_EXHAUSTION,delta_persistence_3_5,PERSISTENCE_EXHAUSTION,-0.005880376322073445,-0.05057475720532172,0.005880376322073445,0
absorption_pressure_1s,EFFORT_VS_RESULT,or_position_fraction,AUCTION_THEORY,-0.005859807712687619,-0.14530648161775583,0.005859807712687619,0
Dist_VWAP_Ticks,AUCTION_THEORY,Profile_Normalized_Entropy,AUCTION_THEORY,0.005852134081082238,-0.01099160954235266,0.005852134081082238,0
Profile_Excess_Kurtosis,AUCTION_THEORY,Directional_OR_Extension_Ticks_AtEntry,AUCTION_THEORY,-0.0057340950307137855,-0.1304519528399596,0.0057340950307137855,0
Volume_AtEntry,FLOW_BURST_QUALITY,distance_nearest_profile_reference_ticks,AUCTION_THEORY,-0.005686245130369634,-0.00837382415439844,0.005686245130369634,0
Profile_Concentration,AUCTION_THEORY,Volume_AtEntry,FLOW_BURST_QUALITY,-0.005661635409947386,-2.9801946803151442e-05,0.005661635409947386,0
OR_WidthTicks,AUCTION_THEORY,acceleration_velocity_ratio,PERSISTENCE_EXHAUSTION,0.005660635770936655,-0.10644537303206524,0.005660635770936655,0
range,OTHER_CAUSAL_CONTEXT,acceleration_velocity_ratio,PERSISTENCE_EXHAUSTION,0.005660635770936655,-0.10644537303206528,0.005660635770936655,0
Velocity1s,PERSISTENCE_EXHAUSTION,flow_price_alignment,OTHER_CAUSAL_CONTEXT,0.005550065392048547,0.0039961420580222435,0.005550065392048547,0
TicksPerSecond,TIME_REGIME,flow_price_alignment,OTHER_CAUSAL_CONTEXT,0.005550065392048547,0.0039961420580222435,0.005550065392048547,0
PreBurst_Acceptance_Dwell_Ratio_5s,ACCEPTANCE_RECLAIM,mean_trade_size,FLOW_BURST_QUALITY,0.005521072245176328,-0.023385108691211225,0.005521072245176328,0
Acceleration1s,PERSISTENCE_EXHAUSTION,mean_trade_size,FLOW_BURST_QUALITY,-0.005373601828670105,0.010696161836552372,0.005373601828670105,0
flow_price_alignment,OTHER_CAUSAL_CONTEXT,execution_cvd_alignment,OTHER_CAUSAL_CONTEXT,0.005366274516698206,0.023973165074269175,0.005366274516698206,0
Delta_Change_AtEntry,FLOW_BURST_QUALITY,delta_share_of_volume,FLOW_BURST_QUALITY,0.0053652788435944385,-0.030119408178903413,0.0053652788435944385,0
Dist_POC_Ticks,AUCTION_THEORY,PreBurst_Reclaim_Count_10s,ACCEPTANCE_RECLAIM,0.005306623372468578,0.035357536245715866,0.005306623372468578,0
Sell_Imbalance_Count_AtEntry,FLOW_BURST_QUALITY,distance_nearest_or_edge_ticks,AUCTION_THEORY,0.005120622402799681,-0.03728318558493212,0.005120622402799681,0
Sell_Imbalance_Count_AtEntry,FLOW_BURST_QUALITY,Nearest_OR_Edge_Distance_Ticks_AtEntry,AUCTION_THEORY,0.005120622402799681,-0.03728318558493217,0.005120622402799681,0
PreBurst_Local_Entropy_10s,TEMPORAL_SEQUENCE,PreBurst_Price_Per_Volume_3s,EFFORT_VS_RESULT,-0.005088664431980262,-0.0011889794174476834,0.005088664431980262,0
price_impact_per_100_contracts,EFFORT_VS_RESULT,delta_persistence_1_3,PERSISTENCE_EXHAUSTION,0.005068084669792265,0.00327172131747629,0.005068084669792265,0
Acceleration1s,PERSISTENCE_EXHAUSTION,PreEntry_Directional_Delta_Share3_AtEntry,FLOW_BURST_QUALITY,-0.004960804386420201,-0.10041776549287096,0.004960804386420201,0
Dist_OR_High_Ticks,AUCTION_THEORY,liquidity_absorption_score,OTHER_CAUSAL_CONTEXT,-0.004956491867808197,-0.08755615962116288,0.004956491867808197,0
PreBurst_Rotation_Index_10s,TEMPORAL_SEQUENCE,Nearest_OR_Edge_Acceptance_Ratio3_AtEntry,ACCEPTANCE_RECLAIM,0.004928268249356036,0.01034979228810902,0.004928268249356036,0
burst_efficiency_score,EFFORT_VS_RESULT,or_position_fraction,AUCTION_THEORY,0.00491824686460452,-0.06855581541561061,0.00491824686460452,0
Score_AtEntry,OTHER_CAUSAL_CONTEXT,distance_nearest_or_edge_ticks,AUCTION_THEORY,-0.004893230763148624,0.03387167611177639,0.004893230763148624,0
Score_AtEntry,OTHER_CAUSAL_CONTEXT,Nearest_OR_Edge_Distance_Ticks_AtEntry,AUCTION_THEORY,-0.004893230763148624,0.03387167611177644,0.004893230763148624,0
Delta10s,FLOW_BURST_QUALITY,PreBurst_Impulse_Survival_Seconds,AUCTION_THEORY,-0.004889729810963162,0.028704841853275966,0.004889729810963162,0
Dist_LVN_Ticks,AUCTION_THEORY,vwap_poc_spread_ticks,AUCTION_THEORY,-0.004873038571328671,-0.035109272200225965,0.004873038571328671,0
Previous_Volume_AtEntry,FLOW_BURST_QUALITY,Buy_Imbalance_Count_AtEntry,FLOW_BURST_QUALITY,-0.004865231637981465,-0.04477566579812555,0.004865231637981465,0
Velocity5s,PERSISTENCE_EXHAUSTION,delta_share_of_volume,FLOW_BURST_QUALITY,0.004860471308764988,-0.008612374365251953,0.004860471308764988,0
PreEntry_Directional_Efficiency3_AtEntry,OTHER_CAUSAL_CONTEXT,or_position_fraction,AUCTION_THEORY,0.00483805128619402,0.0044366341116888666,0.00483805128619402,0
Previous_Delta_AtEntry,FLOW_BURST_QUALITY,flow_price_alignment,OTHER_CAUSAL_CONTEXT,-0.004828202475111711,0.037145103864943844,0.004828202475111711,0
DeltaPercentile,FLOW_BURST_QUALITY,Profile_Excess_Kurtosis,AUCTION_THEORY,0.0047710031181821145,-0.004537436641485186,0.0047710031181821145,0
DeltaPercentile,FLOW_BURST_QUALITY,signed_acceleration_1s,PERSISTENCE_EXHAUSTION,-0.0046981934235312646,-0.019762307109804936,0.0046981934235312646,0
Score_AtEntry,OTHER_CAUSAL_CONTEXT,weekday_index,TIME_REGIME,-0.004667935112838542,0.0017170480699257318,0.004667935112838542,0
Dist_LVN_Ticks,AUCTION_THEORY,Profile_Skewness,AUCTION_THEORY,-0.0046408838299541195,0.02654537009239021,0.0046408838299541195,0
TradesPerSecond,TIME_REGIME,PreBurst_Impulse_Survival_Seconds,AUCTION_THEORY,-0.004601112974585415,-0.014064657312183955,0.004601112974585415,0
Dist_VAL_Ticks,AUCTION_THEORY,PreBurst_Impulse_Decay_Slope_5s,PERSISTENCE_EXHAUSTION,-0.004550064803444258,0.09070752204574142,0.004550064803444258,0
Dist_VWAP_Ticks,AUCTION_THEORY,Signed_Delta_Share_AtEntry,FLOW_BURST_QUALITY,0.004452235354121727,0.022730630838879315,0.004452235354121727,0
Nearest_OR_Edge_Acceptance_Ratio3_AtEntry,ACCEPTANCE_RECLAIM,directional_vwap_distance,AUCTION_THEORY,0.0042549366426073085,-0.047651402241016064,0.0042549366426073085,0
PreBurst_Acceptance_Dwell_Ratio_5s,ACCEPTANCE_RECLAIM,delta_persistence_1_3,PERSISTENCE_EXHAUSTION,-0.004196390704871557,0.05597494943205424,0.004196390704871557,0
Cumulative_Delta_AtEntry,FLOW_BURST_QUALITY,Body_OR_Ratio_AtEntry,AUCTION_THEORY,0.0041739396434769,-0.04647945008398284,0.0041739396434769,0
Dist_VAH_Ticks,AUCTION_THEORY,delta_share_of_volume,FLOW_BURST_QUALITY,-0.0041547143439898135,0.00804331212013929,0.0041547143439898135,0
Delta5s,FLOW_BURST_QUALITY,PreBurst_Reclaim_Count_10s,ACCEPTANCE_RECLAIM,-0.004145493184870977,0.0362342556205531,0.004145493184870977,0
delta_share_of_volume,FLOW_BURST_QUALITY,flow_price_alignment,OTHER_CAUSAL_CONTEXT,-0.00414454987915024,-0.03095319074161966,0.00414454987915024,0
Acceleration3s,PERSISTENCE_EXHAUSTION,Body_OR_Ratio_AtEntry,AUCTION_THEORY,-0.004030153905352075,-0.0497070965834794,0.004030153905352075,0
Dist_OR_Low_Ticks,AUCTION_THEORY,weekday_index,TIME_REGIME,0.004013690299285131,0.0062090787602043325,0.004013690299285131,0
Dist_VWAP_Ticks,AUCTION_THEORY,burst_efficiency_score,EFFORT_VS_RESULT,0.003983769521648321,-0.026405654976963577,0.003983769521648321,0
Dist_VWAP_Ticks,AUCTION_THEORY,signed_acceleration_1s,PERSISTENCE_EXHAUSTION,0.0039659543851609394,0.04673138198094894,0.0039659543851609394,0
Dist_VWAP_Ticks,AUCTION_THEORY,Prior_Closed_ATR3_Ticks_AtEntry,AUCTION_THEORY,-0.0039437935734444665,0.025035051890976733,0.0039437935734444665,0
Delta10s,FLOW_BURST_QUALITY,delta_share_of_volume,FLOW_BURST_QUALITY,0.0039418367697230325,0.020724308941735818,0.0039418367697230325,0
Delta_AtEntry,FLOW_BURST_QUALITY,Prior_Closed_ATR3_Ticks_AtEntry,AUCTION_THEORY,-0.003932068359673735,-0.0003404023109019031,0.003932068359673735,0
Acceleration3s,PERSISTENCE_EXHAUSTION,price_impact_per_100_contracts,EFFORT_VS_RESULT,-0.003931797231456123,-0.06396006953773833,0.003931797231456123,0
DeltaChangeZScore,FLOW_BURST_QUALITY,PreBurst_Price_Per_Delta_3s,EFFORT_VS_RESULT,0.0039299879917843875,-0.030885904826461925,0.0039299879917843875,0
delta_persistence_1_3,PERSISTENCE_EXHAUSTION,distance_nearest_profile_reference_ticks,AUCTION_THEORY,0.003920376647649377,-0.003276570268123533,0.003920376647649377,0
Profile_Excess_Kurtosis,AUCTION_THEORY,Buy_Imbalance_Count_AtEntry,FLOW_BURST_QUALITY,0.003912829320600879,0.059530778430325844,0.003912829320600879,0
Dist_HVN_Ticks,AUCTION_THEORY,execution_cvd_alignment,OTHER_CAUSAL_CONTEXT,0.00390620584724275,-0.007068359994638256,0.00390620584724275,0
Dist_OR_High_Ticks,AUCTION_THEORY,PreEntry_Directional_Efficiency3_AtEntry,OTHER_CAUSAL_CONTEXT,0.0038920042868647816,0.017242835028952675,0.0038920042868647816,0
Velocity3s,PERSISTENCE_EXHAUSTION,Body_OR_Ratio_AtEntry,AUCTION_THEORY,-0.003881407375899817,-0.03796073130451144,0.003881407375899817,0
ContractsPerSecond,FLOW_BURST_QUALITY,distance_nearest_profile_reference_ticks,AUCTION_THEORY,-0.003860016202839381,0.062389895981234546,0.003860016202839381,0
Dist_VWAP_Ticks,AUCTION_THEORY,absorption_pressure_1s,EFFORT_VS_RESULT,-0.0038486813240530527,-0.07548517257433411,0.0038486813240530527,0
Dist_VWAP_Ticks,AUCTION_THEORY,PreEntry_Directional_Efficiency3_AtEntry,OTHER_CAUSAL_CONTEXT,0.0037944465719516643,-0.005036959758203607,0.0037944465719516643,0
DeltaChangeZScore,FLOW_BURST_QUALITY,burst_efficiency_score,EFFORT_VS_RESULT,0.003748296847074804,-0.02336988993605006,0.003748296847074804,0
PreBurst_Impulse_Survival_Seconds,AUCTION_THEORY,or_position_fraction,AUCTION_THEORY,-0.0037257224386842472,-0.006934064898484261,0.0037257224386842472,0
distance_nearest_profile_reference_ticks,AUCTION_THEORY,vwap_poc_spread_ticks,AUCTION_THEORY,0.0036024620034461282,0.03659612075495734,0.0036024620034461282,0
Delta2s,FLOW_BURST_QUALITY,directional_vwap_distance,AUCTION_THEORY,0.0035940000119893383,0.07693392525465585,0.0035940000119893383,0
Cumulative_Delta_AtEntry,FLOW_BURST_QUALITY,burst_efficiency_score,EFFORT_VS_RESULT,-0.003587747296229224,0.03080655537465151,0.003587747296229224,0
Delta10s,FLOW_BURST_QUALITY,signed_velocity_decay_1_5,PERSISTENCE_EXHAUSTION,-0.003577189930381131,-0.023599703952986217,0.003577189930381131,0
Delta_Change_AtEntry,FLOW_BURST_QUALITY,Nearest_OR_Edge_Acceptance_Ratio3_AtEntry,ACCEPTANCE_RECLAIM,0.0035765822058166394,-0.015997549499329626,0.0035765822058166394,0
BuySellRatio,OTHER_CAUSAL_CONTEXT,signed_velocity_decay_1_5,PERSISTENCE_EXHAUSTION,0.0035568025786018183,0.08414518768833089,0.0035568025786018183,0
BreakOut_TICKS_PER_SEC_AtEntry,OTHER_CAUSAL_CONTEXT,delta_persistence_1_3,PERSISTENCE_EXHAUSTION,-0.003521718548689758,-0.11082521290396664,0.003521718548689758,0
Score_AtEntry,OTHER_CAUSAL_CONTEXT,PreEntry_Directional_Efficiency3_AtEntry,OTHER_CAUSAL_CONTEXT,-0.003492480019044987,-0.007420738567367927,0.003492480019044987,0
Dist_VWAP_Ticks,AUCTION_THEORY,range,OTHER_CAUSAL_CONTEXT,-0.0034831870932839066,0.10641183998463857,0.0034831870932839066,0
OR_WidthTicks,AUCTION_THEORY,Dist_VWAP_Ticks,AUCTION_THEORY,-0.0034831870932839066,0.10641183998463861,0.0034831870932839066,0
Directional_VWAP_Distance_Ticks_AtEntry,AUCTION_THEORY,distance_nearest_or_edge_ticks,AUCTION_THEORY,-0.003474201777353578,-0.01815638497650231,0.003474201777353578,0
Directional_VWAP_Distance_Ticks_AtEntry,AUCTION_THEORY,Nearest_OR_Edge_Distance_Ticks_AtEntry,AUCTION_THEORY,-0.003474201777353578,-0.01815638497650233,0.003474201777353578,0
DeltaChange1s,FLOW_BURST_QUALITY,signed_velocity_decay_1_5,PERSISTENCE_EXHAUSTION,0.0033630373326642912,-0.02704243017158065,0.0033630373326642912,0
Profile_Excess_Kurtosis,AUCTION_THEORY,delta_persistence_3_5,PERSISTENCE_EXHAUSTION,-0.00322363830205492,0.04289614731235205,0.00322363830205492,0
Nearest_OR_Edge_Distance_Ticks_AtEntry,AUCTION_THEORY,signed_delta_change_1s,FLOW_BURST_QUALITY,-0.003093752697342706,0.10085031754241684,0.003093752697342706,0
signed_delta_change_1s,FLOW_BURST_QUALITY,distance_nearest_or_edge_ticks,AUCTION_THEORY,-0.003093752697342706,0.1008503175424169,0.003093752697342706,0
Delta5s,FLOW_BURST_QUALITY,signed_velocity_3s,PERSISTENCE_EXHAUSTION,0.0030567747980379777,0.01969319399037958,0.0030567747980379777,0
PreEntry_Directional_Delta_Share3_AtEntry,FLOW_BURST_QUALITY,execution_side_sign,OTHER_CAUSAL_CONTEXT,-0.0030189846604617744,0.04596972904711104,0.0030189846604617744,0
PeakPositiveDelta,FLOW_BURST_QUALITY,PreBurst_Reclaim_Count_10s,ACCEPTANCE_RECLAIM,0.0030063887929177215,-0.0038704930108999945,0.0030063887929177215,0
Delta_AtEntry,FLOW_BURST_QUALITY,liquidity_absorption_score,OTHER_CAUSAL_CONTEXT,-0.002987528617700921,-0.08283136263225864,0.002987528617700921,0
PreBurst_Rotation_Index_10s,TEMPORAL_SEQUENCE,BreakOut_TICKS_PER_SEC_AtEntry,OTHER_CAUSAL_CONTEXT,0.002960730385571453,0.11352947451242726,0.002960730385571453,0
Profile_Skewness,AUCTION_THEORY,flow_price_alignment,OTHER_CAUSAL_CONTEXT,-0.0029481565677553345,0.004437682278712752,0.0029481565677553345,0
Prior_Closed_ATR3_Ticks_AtEntry,AUCTION_THEORY,profile_confluence_4t,AUCTION_THEORY,0.0028879674487353926,-0.037684295542344294,0.0028879674487353926,0
Dist_POC_Ticks,AUCTION_THEORY,Directional_VWAP_Distance_Ticks_AtEntry,AUCTION_THEORY,0.002830765593671818,-0.018560692769152683,0.002830765593671818,0
Delta_Change_AtEntry,FLOW_BURST_QUALITY,Signed_Previous_Delta_Share_AtEntry,FLOW_BURST_QUALITY,-0.0028187088146912854,0.09270333767383543,0.0028187088146912854,0
Dist_VWAP_Ticks,AUCTION_THEORY,Dist_LVN_Ticks,AUCTION_THEORY,0.002803544876789816,0.02685584497633461,0.002803544876789816,0
DeltaChange1s,FLOW_BURST_QUALITY,flow_price_alignment,OTHER_CAUSAL_CONTEXT,0.0027452889682002416,0.0007220527960875273,0.0027452889682002416,0
Delta2s,FLOW_BURST_QUALITY,PreBurst_Local_Entropy_10s,TEMPORAL_SEQUENCE,-0.0027084192178328187,-0.013851765362503722,0.0027084192178328187,0
ContractsPerSecond,FLOW_BURST_QUALITY,Buy_Imbalance_Count_AtEntry,FLOW_BURST_QUALITY,0.0025940853444342505,0.02131208279732687,0.0025940853444342505,0
Dist_HVN_Ticks,AUCTION_THEORY,Volume_AtEntry,FLOW_BURST_QUALITY,0.002588105929636682,-0.018328491777778195,0.002588105929636682,0
Profile_Effective_Nodes,AUCTION_THEORY,delta_persistence_1_3,PERSISTENCE_EXHAUSTION,-0.0025472307964444587,-0.01830493569246814,0.0025472307964444587,0
Delta1s,FLOW_BURST_QUALITY,flow_price_alignment,OTHER_CAUSAL_CONTEXT,0.0025423461883634806,0.01449522492636782,0.0025423461883634806,0
Velocity3s,PERSISTENCE_EXHAUSTION,profile_confluence_4t,AUCTION_THEORY,0.002513559335259572,-0.004656139428435094,0.002513559335259572,0
liquidity_absorption_score,OTHER_CAUSAL_CONTEXT,or_position_fraction,AUCTION_THEORY,0.002490863996834392,-0.14173991679977402,0.002490863996834392,0
Profile_Excess_Kurtosis,AUCTION_THEORY,Signed_Previous_Delta_Share_AtEntry,FLOW_BURST_QUALITY,-0.0024166229254199817,-0.04617151134683539,0.0024166229254199817,0
Velocity3s,PERSISTENCE_EXHAUSTION,price_impact_per_100_contracts,EFFORT_VS_RESULT,-0.002363448945590632,-0.03463239970103933,0.002363448945590632,0
Dist_VWAP_Ticks,AUCTION_THEORY,delta_persistence_1_3,PERSISTENCE_EXHAUSTION,0.0023503020289882483,0.017933256916323394,0.0023503020289882483,0
Delta2s,FLOW_BURST_QUALITY,execution_cvd_alignment,OTHER_CAUSAL_CONTEXT,-0.0023299730827925184,-0.003929222489782797,0.0023299730827925184,0
Velocity3s,PERSISTENCE_EXHAUSTION,signed_acceleration_1s,PERSISTENCE_EXHAUSTION,0.002266206911477196,0.06804105467199285,0.002266206911477196,0
PreBurst_Rotation_Index_10s,TEMPORAL_SEQUENCE,seconds_from_open,TIME_REGIME,0.0022628941712723046,0.028416503896562688,0.0022628941712723046,0
PreBurst_Rotation_Index_10s,TEMPORAL_SEQUENCE,minute_from_open,TIME_REGIME,0.0022628941712723046,0.028416503896562622,0.0022628941712723046,0
ContractsPerSecond,FLOW_BURST_QUALITY,Profile_Effective_Nodes,AUCTION_THEORY,-0.0022412429414193414,0.09218515471263691,0.0022412429414193414,0
Profile_Local_Maxima_Count,AUCTION_THEORY,execution_cvd_alignment,OTHER_CAUSAL_CONTEXT,0.0021596574279012753,-0.03496394140047002,0.0021596574279012753,0
Profile_Excess_Kurtosis,AUCTION_THEORY,execution_cvd_alignment,OTHER_CAUSAL_CONTEXT,0.0021506868374222346,-0.027713321748222695,0.0021506868374222346,0
Dist_OR_Low_Ticks,AUCTION_THEORY,delta_persistence_1_3,PERSISTENCE_EXHAUSTION,0.002149660543715357,0.01689892428440986,0.002149660543715357,0
Directional_VWAP_Distance_Ticks_AtEntry,AUCTION_THEORY,signed_delta_1s,FLOW_BURST_QUALITY,-0.0021235899478731384,-0.05116299214443833,0.0021235899478731384,0
DeltaChangeZScore,FLOW_BURST_QUALITY,Volume_AtEntry,FLOW_BURST_QUALITY,0.0021233808418403806,-0.0010450832767048784,0.0021233808418403806,0
Body_OR_Ratio_AtEntry,AUCTION_THEORY,signed_delta_1s,FLOW_BURST_QUALITY,-0.0021000283357281014,0.023104682070364493,0.0021000283357281014,0
Volume_AtEntry,FLOW_BURST_QUALITY,signed_delta_change_1s,FLOW_BURST_QUALITY,-0.0020967681561537463,-0.03492933999523183,0.0020967681561537463,0
TradesPerSecond,TIME_REGIME,Velocity5s,PERSISTENCE_EXHAUSTION,-0.002091096937910651,0.03213449603277345,0.002091096937910651,0
Dist_VWAP_Ticks,AUCTION_THEORY,PreBurst_Price_Per_Volume_3s,EFFORT_VS_RESULT,-0.0020570339967437637,-0.016254565492801246,0.0020570339967437637,0
Directional_OR_Extension_Ticks_AtEntry,AUCTION_THEORY,delta_persistence_1_3,PERSISTENCE_EXHAUSTION,-0.002056635180184295,-0.01785549341404092,0.002056635180184295,0
Dist_VWAP_Ticks,AUCTION_THEORY,signed_velocity_decay_1_5,PERSISTENCE_EXHAUSTION,0.002047747708039619,-0.04101789491591146,0.002047747708039619,0
OR_WidthTicks,AUCTION_THEORY,Dist_LVN_Ticks,AUCTION_THEORY,0.0020390322831969503,-0.04734922273894829,0.0020390322831969503,0
Dist_LVN_Ticks,AUCTION_THEORY,range,OTHER_CAUSAL_CONTEXT,0.0020390322831969503,-0.04734922273894839,0.0020390322831969503,0
Signed_Previous_Delta_Share_AtEntry,FLOW_BURST_QUALITY,signed_velocity_3s,PERSISTENCE_EXHAUSTION,-0.001976285047371002,-0.06727979476958985,0.001976285047371002,0
PeakNegativeDelta,FLOW_BURST_QUALITY,execution_cvd_alignment,OTHER_CAUSAL_CONTEXT,-0.0019717035138602586,0.008824042838504919,0.0019717035138602586,0
Prior_Closed_ATR5_Ticks_AtEntry,AUCTION_THEORY,PreEntry_Range_Compression3_AtEntry,OTHER_CAUSAL_CONTEXT,-0.001962602424645188,-0.06275934063828038,0.001962602424645188,0
Body_OR_Ratio_AtEntry,AUCTION_THEORY,or_position_fraction,AUCTION_THEORY,0.0019467275767945807,-0.0786927312465692,0.0019467275767945807,0
Delta3s,FLOW_BURST_QUALITY,PreBurst_Local_Entropy_10s,TEMPORAL_SEQUENCE,-0.0019081678109735402,-0.006099669151853107,0.0019081678109735402,0
CumulativeDeltaWindow,FLOW_BURST_QUALITY,PreBurst_Local_Entropy_10s,TEMPORAL_SEQUENCE,-0.0019081678109735402,-0.006099669151853107,0.0019081678109735402,0
Dist_VAL_Ticks,AUCTION_THEORY,absorption_pressure_1s,EFFORT_VS_RESULT,0.0018565291781144839,-0.07133732728716889,0.0018565291781144839,0
delta_persistence_3_5,PERSISTENCE_EXHAUSTION,burst_efficiency_score,EFFORT_VS_RESULT,-0.0018495545797518273,-9.203896442703079e-05,0.0018495545797518273,0
PreEntry_Range_Compression3_AtEntry,OTHER_CAUSAL_CONTEXT,weekday_index,TIME_REGIME,-0.0018298872931851106,-0.024599942120636514,0.0018298872931851106,0
Dist_VAL_Ticks,AUCTION_THEORY,PreBurst_Price_Per_Volume_3s,EFFORT_VS_RESULT,0.0017986960646138494,0.038334035919453203,0.0017986960646138494,0
Signed_Previous_Delta_Share_AtEntry,FLOW_BURST_QUALITY,signed_velocity_1s,PERSISTENCE_EXHAUSTION,-0.001756443202155209,-0.07842615104557549,0.001756443202155209,0
Directional_OR_Extension_Ticks_AtEntry,AUCTION_THEORY,acceleration_velocity_ratio,PERSISTENCE_EXHAUSTION,0.0016919503822056513,-0.11835011059433348,0.0016919503822056513,0
PreBurst_Acceptance_Dwell_Ratio_5s,ACCEPTANCE_RECLAIM,acceleration_velocity_ratio,PERSISTENCE_EXHAUSTION,-0.0016726537736955311,0.10964785047569078,0.0016726537736955311,0
Dist_VAL_Ticks,AUCTION_THEORY,burst_efficiency_score,EFFORT_VS_RESULT,-0.001621078805531064,0.03737762502942298,0.001621078805531064,0
Velocity1s,PERSISTENCE_EXHAUSTION,PreEntry_Directional_Delta_Share3_AtEntry,FLOW_BURST_QUALITY,0.0015926647086324276,-0.06782196693008613,0.0015926647086324276,0
TicksPerSecond,TIME_REGIME,PreEntry_Directional_Delta_Share3_AtEntry,FLOW_BURST_QUALITY,0.0015926647086324276,-0.06782196693008613,0.0015926647086324276,0
mean_trade_size,FLOW_BURST_QUALITY,execution_side_sign,OTHER_CAUSAL_CONTEXT,0.0015685742554872417,-0.07786461193083619,0.0015685742554872417,0
acceleration_velocity_ratio,PERSISTENCE_EXHAUSTION,profile_confluence_4t,AUCTION_THEORY,-0.0014947266598623141,-0.09598341756068426,0.0014947266598623141,0
Signed_Delta_Share_AtEntry,FLOW_BURST_QUALITY,PreEntry_Range_Compression3_AtEntry,OTHER_CAUSAL_CONTEXT,0.001453413680418214,0.009195985208834296,0.001453413680418214,0
Directional_VWAP_Distance_Ticks_AtEntry,AUCTION_THEORY,PreEntry_Volume_Climax_Ratio_AtEntry,FLOW_BURST_QUALITY,-0.001416004590838453,0.005055443088562561,0.001416004590838453,0
Nearest_OR_Edge_Acceptance_Ratio3_AtEntry,ACCEPTANCE_RECLAIM,directional_poc_distance,AUCTION_THEORY,-0.0013891099428885514,-0.03501215338216358,0.0013891099428885514,0
PreBurst_Rotation_Index_10s,TEMPORAL_SEQUENCE,Seconds_From_Open_AtEntry,TIME_REGIME,0.0013887690570257509,0.02842331742035395,0.0013887690570257509,0
Velocity5s,PERSISTENCE_EXHAUSTION,PreBurst_Price_Per_Volume_3s,EFFORT_VS_RESULT,-0.0013772169555725353,-0.00566531897466589,0.0013772169555725353,0
DeltaPercentile,FLOW_BURST_QUALITY,Signed_Previous_Delta_Share_AtEntry,FLOW_BURST_QUALITY,-0.0012740081698275456,-0.02487042182333928,0.0012740081698275456,0
Delta1s,FLOW_BURST_QUALITY,signed_velocity_1s,PERSISTENCE_EXHAUSTION,-0.0012532007074758417,0.041469556062346175,0.0012532007074758417,0
Delta1s,FLOW_BURST_QUALITY,Volume_AtEntry,FLOW_BURST_QUALITY,0.0011944464668989763,0.014287567853441995,0.0011944464668989763,0
Delta10s,FLOW_BURST_QUALITY,directional_poc_distance,AUCTION_THEORY,-0.0011847076068715419,0.018204436754616943,0.0011847076068715419,0
Sell_Imbalance_Count_AtEntry,FLOW_BURST_QUALITY,Prior_Closed_ATR5_Ticks_AtEntry,AUCTION_THEORY,-0.001176391601010041,-0.05844905128569216,0.001176391601010041,0
PreBurst_Local_Entropy_10s,TEMPORAL_SEQUENCE,burst_efficiency_score,EFFORT_VS_RESULT,-0.0011316088992630927,0.013655853036158738,0.0011316088992630927,0
TicksPerSecond,TIME_REGIME,price_impact_per_100_contracts,EFFORT_VS_RESULT,-0.0010972259619315846,-0.06687423331830541,0.0010972259619315846,0
Velocity1s,PERSISTENCE_EXHAUSTION,price_impact_per_100_contracts,EFFORT_VS_RESULT,-0.0010972259619315846,-0.06687423331830541,0.0010972259619315846,0
Dist_OR_Low_Ticks,AUCTION_THEORY,delta_share_of_volume,FLOW_BURST_QUALITY,0.0010330755797243298,-0.026859162831545734,0.0010330755797243298,0
Cumulative_Delta_AtEntry,FLOW_BURST_QUALITY,absorption_pressure_1s,EFFORT_VS_RESULT,0.0009739432716596992,-0.13005205045097987,0.0009739432716596992,0
Nearest_OR_Edge_Retest_Count_AtEntry,ACCEPTANCE_RECLAIM,vwap_poc_spread_ticks,AUCTION_THEORY,0.0009456789838486577,-0.027880776702683394,0.0009456789838486577,0
PreBurst_Local_Entropy_10s,TEMPORAL_SEQUENCE,distance_nearest_profile_reference_ticks,AUCTION_THEORY,0.0009330003326583324,0.09474958841114528,0.0009330003326583324,0
BuySellRatio,OTHER_CAUSAL_CONTEXT,mean_trade_size,FLOW_BURST_QUALITY,0.0009225635279219345,0.3603420952758313,0.0009225635279219345,0
PreBurst_Impulse_Survival_Seconds,AUCTION_THEORY,execution_side_sign,OTHER_CAUSAL_CONTEXT,0.0009148183964707524,-0.021413862125208044,0.0009148183964707524,0
absorption_pressure_1s,EFFORT_VS_RESULT,delta_persistence_3_5,PERSISTENCE_EXHAUSTION,-0.0008990361048639185,0.018974892520569057,0.0008990361048639185,0
Delta_Change_AtEntry,FLOW_BURST_QUALITY,Directional_OR_Extension_Ticks_AtEntry,AUCTION_THEORY,0.0008864603248629904,-0.06763222956953897,0.0008864603248629904,0
Dist_POC_Ticks,AUCTION_THEORY,absorption_pressure_1s,EFFORT_VS_RESULT,-0.0008522402328004412,-0.06209634772108392,0.0008522402328004412,0
Dist_POC_Ticks,AUCTION_THEORY,burst_efficiency_score,EFFORT_VS_RESULT,0.0007709159440860374,-0.04409036726262282,0.0007709159440860374,0
Velocity3s,PERSISTENCE_EXHAUSTION,signed_delta_1s,FLOW_BURST_QUALITY,0.0007463706740831781,0.02627625854966787,0.0007463706740831781,0
Sell_Imbalance_Count_AtEntry,FLOW_BURST_QUALITY,Directional_VWAP_Distance_Ticks_AtEntry,AUCTION_THEORY,0.0007385788354156142,0.002994853776797211,0.0007385788354156142,0
Delta2s,FLOW_BURST_QUALITY,signed_velocity_1s,PERSISTENCE_EXHAUSTION,-0.0007076186877238064,0.046024069861737835,0.0007076186877238064,0
PreBurst_Impulse_Survival_Seconds,AUCTION_THEORY,Profile_Concentration,AUCTION_THEORY,0.0006921013805217554,0.02304640654258802,0.0006921013805217554,0
Delta2s,FLOW_BURST_QUALITY,signed_velocity_decay_1_5,PERSISTENCE_EXHAUSTION,0.0006843858774720643,-0.04395455822466284,0.0006843858774720643,0
CumulativeDeltaWindow,FLOW_BURST_QUALITY,PreBurst_Reclaim_Count_10s,ACCEPTANCE_RECLAIM,0.000549841480123828,0.03651782575473027,0.000549841480123828,0
Delta3s,FLOW_BURST_QUALITY,PreBurst_Reclaim_Count_10s,ACCEPTANCE_RECLAIM,0.000549841480123828,0.03651782575473027,0.000549841480123828,0
Dist_OR_Low_Ticks,AUCTION_THEORY,Dist_LVN_Ticks,AUCTION_THEORY,-0.0005473666070090073,0.023147258508572452,0.0005473666070090073,0
Directional_OR_Extension_Ticks_AtEntry,AUCTION_THEORY,month_index,TIME_REGIME,-0.000523838696572749,0.08637996595848037,0.000523838696572749,0
Delta5s,FLOW_BURST_QUALITY,Previous_Volume_AtEntry,FLOW_BURST_QUALITY,0.0005148057493122726,-0.02512795589123409,0.0005148057493122726,0
Acceleration1s,PERSISTENCE_EXHAUSTION,PreBurst_Rotation_Index_10s,TEMPORAL_SEQUENCE,-0.0005147636051342865,-0.05085551976144627,0.0005147636051342865,0
DeltaPercentile,FLOW_BURST_QUALITY,Cumulative_Delta_AtEntry,FLOW_BURST_QUALITY,0.0004932862674695563,-0.05480900717261853,0.0004932862674695563,0
Acceleration3s,PERSISTENCE_EXHAUSTION,signed_delta_decay_1_5,PERSISTENCE_EXHAUSTION,0.00047668305202288577,-0.06318921245324406,0.00047668305202288577,0
Dist_VAL_Ticks,AUCTION_THEORY,delta_persistence_1_3,PERSISTENCE_EXHAUSTION,0.0003843670981965673,0.005717071842823684,0.0003843670981965673,0
Dist_VWAP_Ticks,AUCTION_THEORY,liquidity_absorption_score,OTHER_CAUSAL_CONTEXT,0.00034895084952936233,-0.07204082644764387,0.00034895084952936233,0
liquidity_absorption_score,OTHER_CAUSAL_CONTEXT,execution_side_sign,OTHER_CAUSAL_CONTEXT,0.00034862019165033986,0.09419234574110583,0.00034862019165033986,0
Score_AtEntry,OTHER_CAUSAL_CONTEXT,Directional_OR_Extension_Ticks_AtEntry,AUCTION_THEORY,0.0002969949004507098,-0.06680944414949135,0.0002969949004507098,0
Delta_AtEntry,FLOW_BURST_QUALITY,directional_vwap_distance,AUCTION_THEORY,0.00028897156094117806,0.0847293292422864,0.00028897156094117806,0
Dist_OR_High_Ticks,AUCTION_THEORY,signed_velocity_decay_1_5,PERSISTENCE_EXHAUSTION,-0.000244319311221747,0.06270259610309949,0.000244319311221747,0
Delta1s,FLOW_BURST_QUALITY,signed_velocity_decay_1_5,PERSISTENCE_EXHAUSTION,-0.00019385785551814732,-0.0364167861694423,0.00019385785551814732,0
PreBurst_Local_Entropy_10s,TEMPORAL_SEQUENCE,absorption_pressure_1s,EFFORT_VS_RESULT,0.00010540983258484783,0.1148628067827831,0.00010540983258484783,0
PeakPositiveDelta,FLOW_BURST_QUALITY,signed_velocity_1s,PERSISTENCE_EXHAUSTION,-9.940284583950646e-05,0.12924585225208704,9.940284583950646e-05,0
Dist_OR_High_Ticks,AUCTION_THEORY,PreBurst_Local_Entropy_10s,TEMPORAL_SEQUENCE,3.981847768876107e-05,0.010563581398792488,3.981847768876107e-05,0
