Detector_VERSION,BurstId,Burst_Timestamp_UTC,Burst_Feature_Available_Timestamp_UTC,Burst_Timestamp_NY,Response_Available_Timestamp_UTC,Response_Horizon_Seconds,Side,Burst_Price,Response_Price,Broken_Level,Directional_Displacement_Ticks,Response_MFE_Ticks,Response_MAE_Ticks,Acceptance_Dwell_Ratio,Reclaim_Count,Rejection_Speed_TPS,Directional_Delta,Response_Volume,Effort_Result_Delta,Effort_Result_Volume,Momentum_Survival_Ratio,Rotation_Index,Local_Entropy,Path_Efficiency,Response_POC_Migration_Ticks,AvailableBeforeEntry,Model_Eligibility,born_bad_group,fecha
liquidity-burst-detector-2026-07-18-v2-response-families,LB_20220405_093200_BUY_0001,2022-04-05 13:32:00+00:00,2022-04-05 13:32:01+00:00,2022-04-05 09:32:00,2022-04-05 13:32:02+00:00,1,BUY,15135.0,15128.75,15130.0,-5,1,5,0.0,1,5.0,-13,153,-0.384615384615385,-0.032679738562092,0.0,0.0,0.0,-1.0,0,0,POST_BURST_ONLY,A_WINNER,2022-04-05
liquidity-burst-detector-2026-07-18-v2-response-families,LB_20220405_093200_BUY_0001,2022-04-05 13:32:00+00:00,2022-04-05 13:32:01+00:00,2022-04-05 09:32:00,2022-04-05 13:32:04+00:00,3,BUY,15135.0,15132.5,15130.0,-2,1,6,0.666666666666667,1,2.0,-34,294,-0.058823529411765,-0.006802721088435,0.666666666666667,0.5,0.91829583405449,-0.25,0,0,POST_BURST_ONLY,A_WINNER,2022-04-05
liquidity-burst-detector-2026-07-18-v2-response-families,LB_20220405_093200_BUY_0001,2022-04-05 13:32:00+00:00,2022-04-05 13:32:01+00:00,2022-04-05 09:32:00,2022-04-05 13:32:06+00:00,5,BUY,15135.0,15133.75,15130.0,-1,1,6,0.8,1,1.2,-42,410,-0.023809523809524,-0.002439024390244,0.6,0.333333333333333,0.811278124459133,-0.111111111111111,0,0,POST_BURST_ONLY,A_WINNER,2022-04-05
liquidity-burst-detector-2026-07-18-v2-response-families,LB_20220406_093100_BUY_0001,2022-04-06 13:31:00+00:00,2022-04-06 13:31:01+00:00,2022-04-06 09:31:00,2022-04-06 13:31:02+00:00,1,BUY,14643.75,14636.25,14635.0,-6,0,6,1.0,0,6.0,-15,137,-0.4,-0.043795620437956,0.0,0.0,0.0,-1.0,0,0,POST_BURST_ONLY,A_WINNER,2022-04-06
liquidity-burst-detector-2026-07-18-v2-response-families,LB_20220406_093100_BUY_0001,2022-04-06 13:31:00+00:00,2022-04-06 13:31:01+00:00,2022-04-06 09:31:00,2022-04-06 13:31:04+00:00,3,BUY,14643.75,14635.0,14635.0,-7,0,7,1.0,0,2.333333333333333,-20,308,-0.35,-0.022727272727273,0.0,0.0,0.0,-1.0,0,0,POST_BURST_ONLY,A_WINNER,2022-04-06
liquidity-burst-detector-2026-07-18-v2-response-families,LB_20220406_093100_BUY_0001,2022-04-06 13:31:00+00:00,2022-04-06 13:31:01+00:00,2022-04-06 09:31:00,2022-04-06 13:31:06+00:00,5,BUY,14643.75,14636.25,14635.0,-6,0,7,1.0,0,1.4,-42,430,-0.142857142857143,-0.013953488372093,0.2,0.666666666666667,0.811278124459133,-0.6,0,0,POST_BURST_ONLY,A_WINNER,2022-04-06
liquidity-burst-detector-2026-07-18-v2-response-families,LB_20220419_093100_BUY_0001,2022-04-19 13:31:00+00:00,2022-04-19 13:31:01+00:00,2022-04-19 09:31:00,2022-04-19 13:31:02+00:00,1,BUY,13906.25,13907.5,13896.25,1,3,0,1.0,0,0.0,55,139,0.018181818181818,0.007194244604317,1.0,0.0,0.0,1.0,0,0,POST_BURST_ONLY,A_WINNER,2022-04-19
liquidity-burst-detector-2026-07-18-v2-response-families,LB_20220419_093100_BUY_0001,2022-04-19 13:31:00+00:00,2022-04-19 13:31:01+00:00,2022-04-19 09:31:00,2022-04-19 13:31:04+00:00,3,BUY,13906.25,13907.5,13896.25,1,3,1,1.0,0,0.333333333333333,45,285,0.022222222222222,0.003508771929825,0.666666666666667,1.0,0.91829583405449,0.333333333333333,0,0,POST_BURST_ONLY,A_WINNER,2022-04-19
liquidity-burst-detector-2026-07-18-v2-response-families,LB_20220419_093100_BUY_0001,2022-04-19 13:31:00+00:00,2022-04-19 13:31:01+00:00,2022-04-19 09:31:00,2022-04-19 13:31:06+00:00,5,BUY,13906.25,13902.5,13896.25,-3,3,3,1.0,0,0.6,47,413,-0.063829787234043,-0.00726392251816,0.4,0.75,0.970950594454669,-0.428571428571429,0,0,POST_BURST_ONLY,A_WINNER,2022-04-19
liquidity-burst-detector-2026-07-18-v2-response-families,LB_20220426_093143_SELL_0001,2022-04-26 13:31:43+00:00,2022-04-26 13:31:44+00:00,2022-04-26 09:31:43,2022-04-26 13:31:45+00:00,1,SELL,13405.0,13406.25,13413.75,-1,0,1,1.0,0,1.0,-10,54,-0.1,-0.018518518518519,0.0,0.0,0.0,-1.0,0,0,POST_BURST_ONLY,C_LOSER_MFE_3_TO_30,2022-04-26
liquidity-burst-detector-2026-07-18-v2-response-families,LB_20220426_093143_SELL_0001,2022-04-26 13:31:43+00:00,2022-04-26 13:31:44+00:00,2022-04-26 09:31:43,2022-04-26 13:31:47+00:00,3,SELL,13405.0,13408.75,13413.75,-3,3,4,1.0,0,1.333333333333333,47,299,-0.063829787234043,-0.010033444816054,0.333333333333333,1.0,0.91829583405449,-0.428571428571429,0,0,POST_BURST_ONLY,C_LOSER_MFE_3_TO_30,2022-04-26
liquidity-burst-detector-2026-07-18-v2-response-families,LB_20220426_093143_SELL_0001,2022-04-26 13:31:43+00:00,2022-04-26 13:31:44+00:00,2022-04-26 09:31:43,2022-04-26 13:31:49+00:00,5,SELL,13405.0,13408.75,13413.75,-3,3,4,1.0,0,0.8,44,378,-0.068181818181818,-0.007936507936508,0.4,0.75,0.970950594454669,-0.333333333333333,0,0,POST_BURST_ONLY,C_LOSER_MFE_3_TO_30,2022-04-26
liquidity-burst-detector-2026-07-18-v2-response-families,LB_20220427_093500_BUY_0001,2022-04-27 13:35:00+00:00,2022-04-27 13:35:01+00:00,2022-04-27 09:35:00,2022-04-27 13:35:02+00:00,1,BUY,13120.0,13106.25,13070.0,-11,1,12,1.0,0,12.0,-24,212,-0.458333333333333,-0.05188679245283,0.0,0.0,0.0,-1.0,0,0,POST_BURST_ONLY,A_WINNER,2022-04-27
liquidity-burst-detector-2026-07-18-v2-response-families,LB_20220427_093500_BUY_0001,2022-04-27 13:35:00+00:00,2022-04-27 13:35:01+00:00,2022-04-27 09:35:00,2022-04-27 13:35:04+00:00,3,BUY,13120.0,13111.25,13070.0,-7,1,14,1.0,0,4.666666666666667,-6,348,-1.166666666666667,-0.020114942528736,0.333333333333333,1.0,1.0,-0.466666666666667,0,0,POST_BURST_ONLY,A_WINNER,2022-04-27
liquidity-burst-detector-2026-07-18-v2-response-families,LB_20220504_093301_SELL_0001,2022-05-04 13:33:01+00:00,2022-05-04 13:33:02+00:00,2022-05-04 09:33:01,2022-05-04 13:33:03+00:00,1,SELL,13075.0,13072.5,13083.75,2,3,0,1.0,0,0.0,11,107,0.181818181818182,0.018691588785047,1.0,0.0,0.0,1.0,0,0,POST_BURST_ONLY,A_WINNER,2022-05-04
liquidity-burst-detector-2026-07-18-v2-response-families,LB_20220504_093301_SELL_0001,2022-05-04 13:33:01+00:00,2022-05-04 13:33:02+00:00,2022-05-04 09:33:01,2022-05-04 13:33:05+00:00,3,SELL,13075.0,13077.5,13083.75,-2,3,4,1.0,0,1.333333333333333,-26,268,-0.076923076923077,-0.007462686567164,0.333333333333333,0.5,0.91829583405449,-0.333333333333333,0,0,POST_BURST_ONLY,A_WINNER,2022-05-04
liquidity-burst-detector-2026-07-18-v2-response-families,LB_20220504_093301_SELL_0001,2022-05-04 13:33:01+00:00,2022-05-04 13:33:02+00:00,2022-05-04 09:33:01,2022-05-04 13:33:07+00:00,5,SELL,13075.0,13077.5,13083.75,-2,3,4,1.0,0,0.8,-50,352,-0.04,-0.005681818181818,0.4,0.75,0.970950594454669,-0.2,0,0,POST_BURST_ONLY,A_WINNER,2022-05-04
liquidity-burst-detector-2026-07-18-v2-response-families,LB_20220509_093112_BUY_0001,2022-05-09 13:31:12+00:00,2022-05-09 13:31:13+00:00,2022-05-09 09:31:12,2022-05-09 13:31:14+00:00,1,BUY,12492.5,12492.5,12481.25,0,2,1,1.0,0,1.0,12,66,0.0,0.0,0.0,0.0,0.0,0.0,0,0,POST_BURST_ONLY,A_WINNER,2022-05-09
liquidity-burst-detector-2026-07-18-v2-response-families,LB_20220509_093112_BUY_0001,2022-05-09 13:31:12+00:00,2022-05-09 13:31:13+00:00,2022-05-09 09:31:12,2022-05-09 13:31:16+00:00,3,BUY,12492.5,12495.0,12481.25,2,3,1,1.0,0,0.333333333333333,18,172,0.111111111111111,0.011627906976744,0.666666666666667,0.0,0.0,1.0,0,0,POST_BURST_ONLY,A_WINNER,2022-05-09
liquidity-burst-detector-2026-07-18-v2-response-families,LB_20220509_093112_BUY_0001,2022-05-09 13:31:12+00:00,2022-05-09 13:31:13+00:00,2022-05-09 09:31:12,2022-05-09 13:31:18+00:00,5,BUY,12492.5,12496.25,12481.25,3,3,1,1.0,0,0.2,6,246,0.5,0.01219512195122,0.6,0.666666666666667,0.811278124459133,0.6,0,0,POST_BURST_ONLY,A_WINNER,2022-05-09
liquidity-burst-detector-2026-07-18-v2-response-families,LB_20220518_093457_BUY_0001,2022-05-18 13:34:57+00:00,2022-05-18 13:34:58+00:00,2022-05-18 09:34:57,2022-05-18 13:34:59+00:00,1,BUY,12378.75,12378.75,12372.5,0,1,1,1.0,0,1.0,-2,28,0.0,0.0,0.0,0.0,0.0,0.0,0,0,POST_BURST_ONLY,A_WINNER,2022-05-18
liquidity-burst-detector-2026-07-18-v2-response-families,LB_20220518_093457_BUY_0001,2022-05-18 13:34:57+00:00,2022-05-18 13:34:58+00:00,2022-05-18 09:34:57,2022-05-18 13:35:01+00:00,3,BUY,12378.75,12370.0,12372.5,-7,1,7,0.666666666666667,1,2.333333333333333,-146,266,-0.047945205479452,-0.026315789473684,0.0,0.0,0.0,-1.0,0,0,POST_BURST_ONLY,A_WINNER,2022-05-18
liquidity-burst-detector-2026-07-18-v2-response-families,LB_20220518_093457_BUY_0001,2022-05-18 13:34:57+00:00,2022-05-18 13:34:58+00:00,2022-05-18 09:34:57,2022-05-18 13:35:03+00:00,5,BUY,12378.75,12372.5,12372.5,-5,1,7,0.6,1,1.4,-66,430,-0.075757575757576,-0.011627906976744,0.2,0.5,0.91829583405449,-0.555555555555556,0,0,POST_BURST_ONLY,A_WINNER,2022-05-18
liquidity-burst-detector-2026-07-18-v2-response-families,LB_20220520_093501_SELL_0001,2022-05-20 13:35:01+00:00,2022-05-20 13:35:02+00:00,2022-05-20 09:35:01,2022-05-20 13:35:03+00:00,1,SELL,11990.0,11987.5,12011.25,2,2,1,1.0,0,1.0,-15,99,0.133333333333333,0.02020202020202,1.0,0.0,0.0,1.0,0,0,POST_BURST_ONLY,D_BORN_BAD_MFE_LE_2,2022-05-20
liquidity-burst-detector-2026-07-18-v2-response-families,LB_20220520_093501_SELL_0001,2022-05-20 13:35:01+00:00,2022-05-20 13:35:02+00:00,2022-05-20 09:35:01,2022-05-20 13:35:05+00:00,3,SELL,11990.0,11986.25,12011.25,3,7,1,1.0,0,0.333333333333333,125,493,0.024,0.006085192697769,0.666666666666667,0.5,0.91829583405449,0.6,0,0,POST_BURST_ONLY,D_BORN_BAD_MFE_LE_2,2022-05-20
liquidity-burst-detector-2026-07-18-v2-response-families,LB_20220520_093501_SELL_0001,2022-05-20 13:35:01+00:00,2022-05-20 13:35:02+00:00,2022-05-20 09:35:01,2022-05-20 13:35:07+00:00,5,SELL,11990.0,11982.5,12011.25,6,8,1,1.0,0,0.2,207,729,0.028985507246377,0.008230452674897,0.6,0.666666666666667,0.811278124459133,0.75,0,0,POST_BURST_ONLY,D_BORN_BAD_MFE_LE_2,2022-05-20
liquidity-burst-detector-2026-07-18-v2-response-families,LB_20220523_093420_SELL_0001,2022-05-23 13:34:20+00:00,2022-05-23 13:34:21+00:00,2022-05-23 09:34:20,2022-05-23 13:34:22+00:00,1,SELL,11850.0,11850.0,11855.0,0,3,1,1.0,0,1.0,-41,131,0.0,0.0,0.0,0.0,0.0,0.0,0,0,POST_BURST_ONLY,A_WINNER,2022-05-23
liquidity-burst-detector-2026-07-18-v2-response-families,LB_20220523_093420_SELL_0001,2022-05-23 13:34:20+00:00,2022-05-23 13:34:21+00:00,2022-05-23 09:34:20,2022-05-23 13:34:24+00:00,3,SELL,11850.0,11850.0,11855.0,0,3,3,1.0,0,1.0,-63,259,0.0,0.0,0.0,0.0,0.0,0.0,0,0,POST_BURST_ONLY,A_WINNER,2022-05-23
liquidity-burst-detector-2026-07-18-v2-response-families,LB_20220523_093420_SELL_0001,2022-05-23 13:34:20+00:00,2022-05-23 13:34:21+00:00,2022-05-23 09:34:20,2022-05-23 13:34:26+00:00,5,SELL,11850.0,11853.75,11855.0,-3,3,6,1.0,0,1.2,-60,398,-0.05,-0.007537688442211,0.2,1.0,1.0,-0.6,0,0,POST_BURST_ONLY,A_WINNER,2022-05-23
liquidity-burst-detector-2026-07-18-v2-response-families,LB_20220527_093100_BUY_0001,2022-05-27 13:31:00+00:00,2022-05-27 13:31:01+00:00,2022-05-27 09:31:00,2022-05-27 13:31:02+00:00,1,BUY,12437.5,12438.75,12430.0,1,1,1,1.0,0,1.0,-12,122,0.083333333333333,0.008196721311475,1.0,0.0,0.0,1.0,0,0,POST_BURST_ONLY,D_BORN_BAD_MFE_LE_2,2022-05-27
liquidity-burst-detector-2026-07-18-v2-response-families,LB_20220527_093100_BUY_0001,2022-05-27 13:31:00+00:00,2022-05-27 13:31:01+00:00,2022-05-27 09:31:00,2022-05-27 13:31:04+00:00,3,BUY,12437.5,12433.75,12430.0,-3,2,3,1.0,0,1.0,-27,381,-0.111111111111111,-0.007874015748031,0.333333333333333,0.5,0.91829583405449,-0.6,0,0,POST_BURST_ONLY,D_BORN_BAD_MFE_LE_2,2022-05-27
liquidity-burst-detector-2026-07-18-v2-response-families,LB_20220527_093100_BUY_0001,2022-05-27 13:31:00+00:00,2022-05-27 13:31:01+00:00,2022-05-27 09:31:00,2022-05-27 13:31:06+00:00,5,BUY,12437.5,12432.5,12430.0,-4,2,4,1.0,0,0.8,-36,530,-0.111111111111111,-0.007547169811321,0.4,0.75,0.970950594454669,-0.5,0,0,POST_BURST_ONLY,D_BORN_BAD_MFE_LE_2,2022-05-27
liquidity-burst-detector-2026-07-18-v2-response-families,LB_20220608_093102_SELL_0001,2022-06-08 13:31:02+00:00,2022-06-08 13:31:03+00:00,2022-06-08 09:31:02,2022-06-08 13:31:04+00:00,1,SELL,12648.75,12643.75,12660.0,4,5,0,1.0,0,0.0,33,171,0.121212121212121,0.023391812865497,1.0,0.0,0.0,1.0,0,0,POST_BURST_ONLY,C_LOSER_MFE_3_TO_30,2022-06-08
liquidity-burst-detector-2026-07-18-v2-response-families,LB_20220608_093102_SELL_0001,2022-06-08 13:31:02+00:00,2022-06-08 13:31:03+00:00,2022-06-08 09:31:02,2022-06-08 13:31:06+00:00,3,SELL,12648.75,12648.75,12660.0,0,5,1,1.0,0,0.333333333333333,-20,410,0.0,0.0,0.333333333333333,0.5,0.91829583405449,0.0,0,0,POST_BURST_ONLY,C_LOSER_MFE_3_TO_30,2022-06-08
liquidity-burst-detector-2026-07-18-v2-response-families,LB_20220608_093102_SELL_0001,2022-06-08 13:31:02+00:00,2022-06-08 13:31:03+00:00,2022-06-08 09:31:02,2022-06-08 13:31:08+00:00,5,SELL,12648.75,12647.5,12660.0,1,5,2,1.0,0,0.4,-22,538,0.045454545454545,0.00185873605948,0.4,0.5,0.970950594454669,0.090909090909091,0,0,POST_BURST_ONLY,C_LOSER_MFE_3_TO_30,2022-06-08
liquidity-burst-detector-2026-07-18-v2-response-families,LB_20220613_093107_SELL_0001,2022-06-13 13:31:07+00:00,2022-06-13 13:31:08+00:00,2022-06-13 09:31:07,2022-06-13 13:31:09+00:00,1,SELL,11537.5,11538.75,11493.75,-1,1,1,0.0,0,1.0,-11,57,-0.090909090909091,-0.017543859649123,0.0,0.0,0.0,-1.0,0,0,POST_BURST_ONLY,A_WINNER,2022-06-13
liquidity-burst-detector-2026-07-18-v2-response-families,LB_20220613_093107_SELL_0001,2022-06-13 13:31:07+00:00,2022-06-13 13:31:08+00:00,2022-06-13 09:31:07,2022-06-13 13:31:11+00:00,3,SELL,11537.5,11545.0,11493.75,-6,1,6,0.0,0,2.0,-32,132,-0.1875,-0.045454545454545,0.0,0.0,0.0,-1.0,0,0,POST_BURST_ONLY,A_WINNER,2022-06-13
liquidity-burst-detector-2026-07-18-v2-response-families,LB_20220613_093107_SELL_0001,2022-06-13 13:31:07+00:00,2022-06-13 13:31:08+00:00,2022-06-13 09:31:07,2022-06-13 13:31:13+00:00,5,SELL,11537.5,11547.5,11493.75,-8,1,9,0.0,0,1.8,-53,233,-0.150943396226415,-0.034334763948498,0.0,0.0,0.0,-1.0,0,0,POST_BURST_ONLY,A_WINNER,2022-06-13
liquidity-burst-detector-2026-07-18-v2-response-families,LB_20220627_093202_SELL_0001,2022-06-27 13:32:02+00:00,2022-06-27 13:32:03+00:00,2022-06-27 09:32:02,2022-06-27 13:32:04+00:00,1,SELL,12166.25,12163.75,12173.75,2,3,0,1.0,0,0.0,18,116,0.111111111111111,0.017241379310345,1.0,0.0,0.0,1.0,0,0,POST_BURST_ONLY,D_BORN_BAD_MFE_LE_2,2022-06-27
liquidity-burst-detector-2026-07-18-v2-response-families,LB_20220627_093202_SELL_0001,2022-06-27 13:32:02+00:00,2022-06-27 13:32:03+00:00,2022-06-27 09:32:02,2022-06-27 13:32:06+00:00,3,SELL,12166.25,12165.0,12173.75,1,3,0,1.0,0,0.0,-23,293,0.043478260869565,0.003412969283276,0.333333333333333,1.0,1.0,0.333333333333333,0,0,POST_BURST_ONLY,D_BORN_BAD_MFE_LE_2,2022-06-27
liquidity-burst-detector-2026-07-18-v2-response-families,LB_20220627_093202_SELL_0001,2022-06-27 13:32:02+00:00,2022-06-27 13:32:03+00:00,2022-06-27 09:32:02,2022-06-27 13:32:08+00:00,5,SELL,12166.25,12161.25,12173.75,4,5,1,1.0,0,0.2,30,484,0.133333333333333,0.008264462809917,0.4,1.0,0.91829583405449,0.666666666666667,0,0,POST_BURST_ONLY,D_BORN_BAD_MFE_LE_2,2022-06-27
liquidity-burst-detector-2026-07-18-v2-response-families,LB_20220707_093345_BUY_0001,2022-07-07 13:33:45+00:00,2022-07-07 13:33:46+00:00,2022-07-07 09:33:45,2022-07-07 13:33:47+00:00,1,BUY,11961.25,11961.25,11957.5,0,0,1,1.0,0,1.0,18,48,0.0,0.0,0.0,0.0,0.0,0.0,0,0,POST_BURST_ONLY,C_LOSER_MFE_3_TO_30,2022-07-07
liquidity-burst-detector-2026-07-18-v2-response-families,LB_20220707_093345_BUY_0001,2022-07-07 13:33:45+00:00,2022-07-07 13:33:46+00:00,2022-07-07 09:33:45,2022-07-07 13:33:49+00:00,3,BUY,11961.25,11963.75,11957.5,2,2,2,1.0,0,0.666666666666667,43,193,0.046511627906977,0.010362694300518,0.333333333333333,0.0,0.0,1.0,0,0,POST_BURST_ONLY,C_LOSER_MFE_3_TO_30,2022-07-07
liquidity-burst-detector-2026-07-18-v2-response-families,LB_20220707_093345_BUY_0001,2022-07-07 13:33:45+00:00,2022-07-07 13:33:46+00:00,2022-07-07 09:33:45,2022-07-07 13:33:51+00:00,5,BUY,11961.25,11962.5,11957.5,1,2,2,1.0,0,0.4,31,283,0.032258064516129,0.003533568904594,0.2,1.0,1.0,0.333333333333333,0,0,POST_BURST_ONLY,C_LOSER_MFE_3_TO_30,2022-07-07
liquidity-burst-detector-2026-07-18-v2-response-families,LB_20220718_093105_SELL_0001,2022-07-18 13:31:05+00:00,2022-07-18 13:31:06+00:00,2022-07-18 09:31:05,2022-07-18 13:31:07+00:00,1,SELL,12096.25,12093.75,12106.25,2,3,1,1.0,0,1.0,72,194,0.027777777777778,0.010309278350515,1.0,0.0,0.0,1.0,0,0,POST_BURST_ONLY,A_WINNER,2022-07-18
liquidity-burst-detector-2026-07-18-v2-response-families,LB_20220718_093105_SELL_0001,2022-07-18 13:31:05+00:00,2022-07-18 13:31:06+00:00,2022-07-18 09:31:05,2022-07-18 13:31:09+00:00,3,SELL,12096.25,12095.0,12106.25,1,3,1,1.0,0,0.333333333333333,62,366,0.016129032258065,0.002732240437158,0.666666666666667,1.0,0.91829583405449,0.142857142857143,0,0,POST_BURST_ONLY,A_WINNER,2022-07-18
liquidity-burst-detector-2026-07-18-v2-response-families,LB_20220718_093105_SELL_0001,2022-07-18 13:31:05+00:00,2022-07-18 13:31:06+00:00,2022-07-18 09:31:05,2022-07-18 13:31:11+00:00,5,SELL,12096.25,12095.0,12106.25,1,3,1,1.0,0,0.2,54,502,0.018518518518519,0.00199203187251,0.6,1.0,0.970950594454669,0.111111111111111,0,0,POST_BURST_ONLY,A_WINNER,2022-07-18
liquidity-burst-detector-2026-07-18-v2-response-families,LB_20220719_093600_SELL_0001,2022-07-19 13:36:00+00:00,2022-07-19 13:36:01+00:00,2022-07-19 09:36:00,2022-07-19 13:36:02+00:00,1,SELL,12028.75,12028.75,12047.5,0,1,1,1.0,0,1.0,2,78,0.0,0.0,0.0,0.0,0.0,0.0,0,0,POST_BURST_ONLY,A_WINNER,2022-07-19
liquidity-burst-detector-2026-07-18-v2-response-families,LB_20220719_093600_SELL_0001,2022-07-19 13:36:00+00:00,2022-07-19 13:36:01+00:00,2022-07-19 09:36:00,2022-07-19 13:36:04+00:00,3,SELL,12028.75,12028.75,12047.5,0,1,1,1.0,0,0.333333333333333,-10,232,0.0,0.0,0.333333333333333,1.0,1.0,0.0,0,0,POST_BURST_ONLY,A_WINNER,2022-07-19
liquidity-burst-detector-2026-07-18-v2-response-families,LB_20220719_093600_SELL_0001,2022-07-19 13:36:00+00:00,2022-07-19 13:36:01+00:00,2022-07-19 09:36:00,2022-07-19 13:36:06+00:00,5,SELL,12028.75,12030.0,12047.5,-1,1,2,1.0,0,0.4,-78,444,-0.012820512820513,-0.002252252252252,0.2,0.5,0.91829583405449,-0.333333333333333,0,0,POST_BURST_ONLY,A_WINNER,2022-07-19
liquidity-burst-detector-2026-07-18-v2-response-families,LB_20220720_093414_BUY_0001,2022-07-20 13:34:14+00:00,2022-07-20 13:34:15+00:00,2022-07-20 09:34:14,2022-07-20 13:34:16+00:00,1,BUY,12301.25,12300.0,12298.75,-1,0,2,1.0,0,2.0,-12,60,-0.083333333333333,-0.016666666666667,0.0,0.0,0.0,-1.0,0,0,POST_BURST_ONLY,D_BORN_BAD_MFE_LE_2,2022-07-20
liquidity-burst-detector-2026-07-18-v2-response-families,LB_20220720_093414_BUY_0001,2022-07-20 13:34:14+00:00,2022-07-20 13:34:15+00:00,2022-07-20 09:34:14,2022-07-20 13:34:18+00:00,3,BUY,12301.25,12297.5,12298.75,-3,0,3,0.666666666666667,1,1.0,-22,170,-0.136363636363636,-0.017647058823529,0.0,0.0,0.0,-1.0,0,0,POST_BURST_ONLY,D_BORN_BAD_MFE_LE_2,2022-07-20
liquidity-burst-detector-2026-07-18-v2-response-families,LB_20220720_093414_BUY_0001,2022-07-20 13:34:14+00:00,2022-07-20 13:34:15+00:00,2022-07-20 09:34:14,2022-07-20 13:34:20+00:00,5,BUY,12301.25,12295.0,12298.75,-5,0,6,0.4,1,1.2,-23,299,-0.217391304347826,-0.016722408026756,0.0,0.0,0.0,-1.0,0,0,POST_BURST_ONLY,D_BORN_BAD_MFE_LE_2,2022-07-20
liquidity-burst-detector-2026-07-18-v2-response-families,LB_20220726_093111_SELL_0001,2022-07-26 13:31:11+00:00,2022-07-26 13:31:12+00:00,2022-07-26 09:31:11,2022-07-26 13:31:13+00:00,1,SELL,12257.5,12260.0,12270.0,-2,1,3,1.0,0,3.0,24,162,-0.083333333333333,-0.012345679012346,0.0,0.0,0.0,-1.0,0,0,POST_BURST_ONLY,A_WINNER,2022-07-26
liquidity-burst-detector-2026-07-18-v2-response-families,LB_20220726_093111_SELL_0001,2022-07-26 13:31:11+00:00,2022-07-26 13:31:12+00:00,2022-07-26 09:31:11,2022-07-26 13:31:15+00:00,3,SELL,12257.5,12261.25,12270.0,-3,1,3,1.0,0,1.0,-32,312,-0.09375,-0.009615384615385,0.333333333333333,1.0,0.91829583405449,-0.428571428571429,0,0,POST_BURST_ONLY,A_WINNER,2022-07-26
liquidity-burst-detector-2026-07-18-v2-response-families,LB_20220726_093111_SELL_0001,2022-07-26 13:31:11+00:00,2022-07-26 13:31:12+00:00,2022-07-26 09:31:11,2022-07-26 13:31:17+00:00,5,SELL,12257.5,12258.75,12270.0,-1,1,3,1.0,0,0.6,-27,413,-0.037037037037037,-0.002421307506053,0.6,0.75,0.970950594454669,-0.111111111111111,0,0,POST_BURST_ONLY,A_WINNER,2022-07-26
liquidity-burst-detector-2026-07-18-v2-response-families,LB_20220729_093500_SELL_0001,2022-07-29 13:35:00+00:00,2022-07-29 13:35:01+00:00,2022-07-29 09:35:00,2022-07-29 13:35:02+00:00,1,SELL,12767.5,12771.25,12788.75,-3,1,3,1.0,0,3.0,-32,134,-0.09375,-0.022388059701493,0.0,0.0,0.0,-1.0,0,0,POST_BURST_ONLY,D_BORN_BAD_MFE_LE_2,2022-07-29
liquidity-burst-detector-2026-07-18-v2-response-families,LB_20220729_093500_SELL_0001,2022-07-29 13:35:00+00:00,2022-07-29 13:35:01+00:00,2022-07-29 09:35:00,2022-07-29 13:35:04+00:00,3,SELL,12767.5,12768.75,12788.75,-1,1,3,1.0,0,1.0,-37,309,-0.027027027027027,-0.003236245954693,0.333333333333333,1.0,1.0,-0.2,0,0,POST_BURST_ONLY,D_BORN_BAD_MFE_LE_2,2022-07-29
liquidity-burst-detector-2026-07-18-v2-response-families,LB_20220729_093500_SELL_0001,2022-07-29 13:35:00+00:00,2022-07-29 13:35:01+00:00,2022-07-29 09:35:00,2022-07-29 13:35:06+00:00,5,SELL,12767.5,12767.5,12788.75,0,1,4,1.0,0,0.8,-49,443,0.0,0.0,0.4,1.0,1.0,0.0,0,0,POST_BURST_ONLY,D_BORN_BAD_MFE_LE_2,2022-07-29
liquidity-burst-detector-2026-07-18-v2-response-families,LB_20220801_093127_SELL_0001,2022-08-01 13:31:27+00:00,2022-08-01 13:31:28+00:00,2022-08-01 09:31:27,2022-08-01 13:31:29+00:00,1,SELL,12876.25,12876.25,12892.5,0,1,1,1.0,0,1.0,-7,39,0.0,0.0,0.0,0.0,0.0,0.0,0,0,POST_BURST_ONLY,C_LOSER_MFE_3_TO_30,2022-08-01
liquidity-burst-detector-2026-07-18-v2-response-families,LB_20220801_093127_SELL_0001,2022-08-01 13:31:27+00:00,2022-08-01 13:31:28+00:00,2022-08-01 09:31:27,2022-08-01 13:31:31+00:00,3,SELL,12876.25,12880.0,12892.5,-3,1,5,1.0,0,1.666666666666667,-23,231,-0.130434782608696,-0.012987012987013,0.333333333333333,1.0,1.0,-0.428571428571429,0,0,POST_BURST_ONLY,C_LOSER_MFE_3_TO_30,2022-08-01
liquidity-burst-detector-2026-07-18-v2-response-families,LB_20220801_093127_SELL_0001,2022-08-01 13:31:27+00:00,2022-08-01 13:31:28+00:00,2022-08-01 09:31:27,2022-08-01 13:31:33+00:00,5,SELL,12876.25,12882.5,12892.5,-5,1,7,1.0,0,1.4,-41,325,-0.121951219512195,-0.015384615384615,0.2,1.0,0.91829583405449,-0.555555555555556,0,0,POST_BURST_ONLY,C_LOSER_MFE_3_TO_30,2022-08-01
liquidity-burst-detector-2026-07-18-v2-response-families,LB_20220809_093105_SELL_0001,2022-08-09 13:31:05+00:00,2022-08-09 13:31:06+00:00,2022-08-09 09:31:05,2022-08-09 13:31:07+00:00,1,SELL,13072.5,13072.5,13080.0,0,3,1,1.0,0,1.0,57,205,0.0,0.0,0.0,0.0,0.0,0.0,0,0,POST_BURST_ONLY,D_BORN_BAD_MFE_LE_2,2022-08-09
liquidity-burst-detector-2026-07-18-v2-response-families,LB_20220809_093105_SELL_0001,2022-08-09 13:31:05+00:00,2022-08-09 13:31:06+00:00,2022-08-09 09:31:05,2022-08-09 13:31:09+00:00,3,SELL,13072.5,13067.5,13080.0,4,6,1,1.0,0,0.333333333333333,178,652,0.02247191011236,0.006134969325153,0.333333333333333,0.0,0.0,1.0,0,0,POST_BURST_ONLY,D_BORN_BAD_MFE_LE_2,2022-08-09
liquidity-burst-detector-2026-07-18-v2-response-families,LB_20220809_093105_SELL_0001,2022-08-09 13:31:05+00:00,2022-08-09 13:31:06+00:00,2022-08-09 09:31:05,2022-08-09 13:31:11+00:00,5,SELL,13072.5,13072.5,13080.0,0,6,1,1.0,0,0.2,101,905,0.0,0.0,0.2,0.5,0.91829583405449,0.0,0,0,POST_BURST_ONLY,D_BORN_BAD_MFE_LE_2,2022-08-09
liquidity-burst-detector-2026-07-18-v2-response-families,LB_20220815_093300_BUY_0001,2022-08-15 13:33:00+00:00,2022-08-15 13:33:01+00:00,2022-08-15 09:33:00,2022-08-15 13:33:02+00:00,1,BUY,13583.75,13587.5,13566.25,3,5,0,1.0,0,0.0,148,380,0.02027027027027,0.007894736842105,1.0,0.0,0.0,1.0,0,0,POST_BURST_ONLY,D_BORN_BAD_MFE_LE_2,2022-08-15
liquidity-burst-detector-2026-07-18-v2-response-families,LB_20220815_093300_BUY_0001,2022-08-15 13:33:00+00:00,2022-08-15 13:33:01+00:00,2022-08-15 09:33:00,2022-08-15 13:33:04+00:00,3,BUY,13583.75,13583.75,13566.25,0,5,0,1.0,0,0.0,87,607,0.0,0.0,0.333333333333333,0.5,0.91829583405449,0.0,0,0,POST_BURST_ONLY,D_BORN_BAD_MFE_LE_2,2022-08-15
liquidity-burst-detector-2026-07-18-v2-response-families,LB_20220815_093300_BUY_0001,2022-08-15 13:33:00+00:00,2022-08-15 13:33:01+00:00,2022-08-15 09:33:00,2022-08-15 13:33:06+00:00,5,BUY,13583.75,13583.75,13566.25,0,5,2,1.0,0,0.4,80,774,0.0,0.0,0.4,0.75,0.970950594454669,0.0,0,0,POST_BURST_ONLY,D_BORN_BAD_MFE_LE_2,2022-08-15
liquidity-burst-detector-2026-07-18-v2-response-families,LB_20220817_093558_BUY_0001,2022-08-17 13:35:58+00:00,2022-08-17 13:35:59+00:00,2022-08-17 09:35:58,2022-08-17 13:36:00+00:00,1,BUY,13561.25,13565.0,13536.25,3,4,0,1.0,0,0.0,68,148,0.044117647058824,0.02027027027027,1.0,0.0,0.0,1.0,0,0,POST_BURST_ONLY,A_WINNER,2022-08-17
liquidity-burst-detector-2026-07-18-v2-response-families,LB_20220817_093558_BUY_0001,2022-08-17 13:35:58+00:00,2022-08-17 13:35:59+00:00,2022-08-17 09:35:58,2022-08-17 13:36:02+00:00,3,BUY,13561.25,13561.25,13536.25,0,4,1,1.0,0,0.333333333333333,11,407,0.0,0.0,0.333333333333333,1.0,1.0,0.0,0,0,POST_BURST_ONLY,A_WINNER,2022-08-17
liquidity-burst-detector-2026-07-18-v2-response-families,LB_20220817_093558_BUY_0001,2022-08-17 13:35:58+00:00,2022-08-17 13:35:59+00:00,2022-08-17 09:35:58,2022-08-17 13:36:04+00:00,5,BUY,13561.25,13560.0,13536.25,-1,4,1,1.0,0,0.2,-14,522,-0.071428571428571,-0.001915708812261,0.2,0.5,0.91829583405449,-0.142857142857143,0,0,POST_BURST_ONLY,A_WINNER,2022-08-17
liquidity-burst-detector-2026-07-18-v2-response-families,LB_20220831_093400_SELL_0001,2022-08-31 13:34:00+00:00,2022-08-31 13:34:01+00:00,2022-08-31 09:34:00,2022-08-31 13:34:02+00:00,1,SELL,12430.0,12427.5,12435.0,2,4,0,1.0,0,0.0,1,77,2.0,0.025974025974026,1.0,0.0,0.0,1.0,0,0,POST_BURST_ONLY,D_BORN_BAD_MFE_LE_2,2022-08-31
liquidity-burst-detector-2026-07-18-v2-response-families,LB_20220831_093400_SELL_0001,2022-08-31 13:34:00+00:00,2022-08-31 13:34:01+00:00,2022-08-31 09:34:00,2022-08-31 13:34:04+00:00,3,SELL,12430.0,12428.75,12435.0,1,4,0,1.0,0,0.0,-7,217,0.142857142857143,0.004608294930876,0.333333333333333,1.0,1.0,0.333333333333333,0,0,POST_BURST_ONLY,D_BORN_BAD_MFE_LE_2,2022-08-31
liquidity-burst-detector-2026-07-18-v2-response-families,LB_20220831_093400_SELL_0001,2022-08-31 13:34:00+00:00,2022-08-31 13:34:01+00:00,2022-08-31 09:34:00,2022-08-31 13:34:06+00:00,5,SELL,12430.0,12430.0,12435.0,0,4,1,1.0,0,0.2,-6,276,0.0,0.0,0.4,1.0,1.0,0.0,0,0,POST_BURST_ONLY,D_BORN_BAD_MFE_LE_2,2022-08-31
liquidity-burst-detector-2026-07-18-v2-response-families,LB_20220901_093124_SELL_0002,2022-09-01 13:31:24+00:00,2022-09-01 13:31:25+00:00,2022-09-01 09:31:24,2022-09-01 13:31:26+00:00,1,SELL,12158.75,12161.25,12163.75,-2,0,3,1.0,0,3.0,3,103,-0.666666666666667,-0.019417475728155,0.0,0.0,0.0,-1.0,0,0,POST_BURST_ONLY,C_LOSER_MFE_3_TO_30,2022-09-01
liquidity-burst-detector-2026-07-18-v2-response-families,LB_20220901_093124_SELL_0002,2022-09-01 13:31:24+00:00,2022-09-01 13:31:25+00:00,2022-09-01 09:31:24,2022-09-01 13:31:28+00:00,3,SELL,12158.75,12160.0,12163.75,-1,0,3,1.0,0,1.0,-45,243,-0.022222222222222,-0.004115226337449,0.333333333333333,1.0,0.91829583405449,-0.2,0,0,POST_BURST_ONLY,C_LOSER_MFE_3_TO_30,2022-09-01
liquidity-burst-detector-2026-07-18-v2-response-families,LB_20220901_093124_SELL_0002,2022-09-01 13:31:24+00:00,2022-09-01 13:31:25+00:00,2022-09-01 09:31:24,2022-09-01 13:31:30+00:00,5,SELL,12158.75,12160.0,12163.75,-1,0,3,1.0,0,0.6,-19,373,-0.052631578947368,-0.002680965147453,0.2,1.0,0.91829583405449,-0.2,0,0,POST_BURST_ONLY,C_LOSER_MFE_3_TO_30,2022-09-01
liquidity-burst-detector-2026-07-18-v2-response-families,LB_20220906_093405_BUY_0001,2022-09-06 13:34:05+00:00,2022-09-06 13:34:06+00:00,2022-09-06 09:34:05,2022-09-06 13:34:07+00:00,1,BUY,12106.25,12107.5,12166.25,1,1,0,0.0,0,0.0,8,36,0.125,0.027777777777778,1.0,0.0,0.0,1.0,0,0,POST_BURST_ONLY,C_LOSER_MFE_3_TO_30,2022-09-06
liquidity-burst-detector-2026-07-18-v2-response-families,LB_20220906_093405_BUY_0001,2022-09-06 13:34:05+00:00,2022-09-06 13:34:06+00:00,2022-09-06 09:34:05,2022-09-06 13:34:09+00:00,3,BUY,12106.25,12108.75,12166.25,2,3,0,0.0,0,0.0,18,150,0.111111111111111,0.013333333333333,0.666666666666667,0.5,0.91829583405449,0.5,0,0,POST_BURST_ONLY,C_LOSER_MFE_3_TO_30,2022-09-06
liquidity-burst-detector-2026-07-18-v2-response-families,LB_20220906_093405_BUY_0001,2022-09-06 13:34:05+00:00,2022-09-06 13:34:06+00:00,2022-09-06 09:34:05,2022-09-06 13:34:11+00:00,5,BUY,12106.25,12105.0,12166.25,-1,4,1,0.0,0,0.2,13,239,-0.076923076923077,-0.00418410041841,0.4,0.25,0.970950594454669,-0.142857142857143,0,0,POST_BURST_ONLY,C_LOSER_MFE_3_TO_30,2022-09-06
liquidity-burst-detector-2026-07-18-v2-response-families,LB_20220928_093328_SELL_0001,2022-09-28 13:33:28+00:00,2022-09-28 13:33:29+00:00,2022-09-28 09:33:28,2022-09-28 13:33:30+00:00,1,SELL,11297.5,11297.5,11307.5,0,0,1,1.0,0,1.0,-4,62,0.0,0.0,0.0,0.0,0.0,0.0,0,0,POST_BURST_ONLY,D_BORN_BAD_MFE_LE_2,2022-09-28
liquidity-burst-detector-2026-07-18-v2-response-families,LB_20220928_093328_SELL_0001,2022-09-28 13:33:28+00:00,2022-09-28 13:33:29+00:00,2022-09-28 09:33:28,2022-09-28 13:33:32+00:00,3,SELL,11297.5,11295.0,11307.5,2,2,1,1.0,0,0.333333333333333,13,145,0.153846153846154,0.013793103448276,0.333333333333333,0.0,0.0,1.0,0,0,POST_BURST_ONLY,D_BORN_BAD_MFE_LE_2,2022-09-28
liquidity-burst-detector-2026-07-18-v2-response-families,LB_20220928_093328_SELL_0001,2022-09-28 13:33:28+00:00,2022-09-28 13:33:29+00:00,2022-09-28 09:33:28,2022-09-28 13:33:34+00:00,5,SELL,11297.5,11296.25,11307.5,1,3,1,1.0,0,0.2,30,238,0.033333333333333,0.004201680672269,0.2,1.0,1.0,0.333333333333333,0,0,POST_BURST_ONLY,D_BORN_BAD_MFE_LE_2,2022-09-28
liquidity-burst-detector-2026-07-18-v2-response-families,LB_20221006_093213_SELL_0001,2022-10-06 13:32:13+00:00,2022-10-06 13:32:14+00:00,2022-10-06 09:32:13,2022-10-06 13:32:15+00:00,1,SELL,11622.5,11621.25,11590.0,1,2,1,0.0,0,1.0,11,85,0.090909090909091,0.011764705882353,1.0,0.0,0.0,1.0,0,0,POST_BURST_ONLY,A_WINNER,2022-10-06
liquidity-burst-detector-2026-07-18-v2-response-families,LB_20221006_093213_SELL_0001,2022-10-06 13:32:13+00:00,2022-10-06 13:32:14+00:00,2022-10-06 09:32:13,2022-10-06 13:32:17+00:00,3,SELL,11622.5,11617.5,11590.0,4,5,1,0.0,0,0.333333333333333,34,206,0.117647058823529,0.019417475728155,1.0,0.0,0.0,1.0,0,0,POST_BURST_ONLY,A_WINNER,2022-10-06
liquidity-burst-detector-2026-07-18-v2-response-families,LB_20221006_093213_SELL_0001,2022-10-06 13:32:13+00:00,2022-10-06 13:32:14+00:00,2022-10-06 09:32:13,2022-10-06 13:32:19+00:00,5,SELL,11622.5,11617.5,11590.0,4,5,1,0.0,0,0.2,40,292,0.1,0.013698630136986,0.6,0.0,0.0,1.0,0,0,POST_BURST_ONLY,A_WINNER,2022-10-06
liquidity-burst-detector-2026-07-18-v2-response-families,LB_20221011_093101_SELL_0001,2022-10-11 13:31:01+00:00,2022-10-11 13:31:02+00:00,2022-10-11 09:31:01,2022-10-11 13:31:03+00:00,1,SELL,10905.0,10898.75,10911.25,5,5,0,1.0,0,0.0,71,147,0.070422535211268,0.034013605442177,1.0,0.0,0.0,1.0,0,0,POST_BURST_ONLY,A_WINNER,2022-10-11
liquidity-burst-detector-2026-07-18-v2-response-families,LB_20221011_093101_SELL_0001,2022-10-11 13:31:01+00:00,2022-10-11 13:31:02+00:00,2022-10-11 09:31:01,2022-10-11 13:31:05+00:00,3,SELL,10905.0,10896.25,10911.25,7,7,0,1.0,0,0.0,116,444,0.060344827586207,0.015765765765766,1.0,0.0,0.0,1.0,0,0,POST_BURST_ONLY,A_WINNER,2022-10-11
liquidity-burst-detector-2026-07-18-v2-response-families,LB_20221011_093101_SELL_0001,2022-10-11 13:31:01+00:00,2022-10-11 13:31:02+00:00,2022-10-11 09:31:01,2022-10-11 13:31:07+00:00,5,SELL,10905.0,10896.25,10911.25,7,7,0,1.0,0,0.0,112,628,0.0625,0.011146496815287,0.8,0.5,0.721928094887362,0.777777777777778,0,0,POST_BURST_ONLY,A_WINNER,2022-10-11
liquidity-burst-detector-2026-07-18-v2-response-families,LB_20221018_093155_SELL_0001,2022-10-18 13:31:55+00:00,2022-10-18 13:31:56+00:00,2022-10-18 09:31:55,2022-10-18 13:31:57+00:00,1,SELL,11400.0,11398.75,11402.5,1,1,0,1.0,0,0.0,9,89,0.111111111111111,0.01123595505618,1.0,0.0,0.0,1.0,0,0,POST_BURST_ONLY,A_WINNER,2022-10-18
liquidity-burst-detector-2026-07-18-v2-response-families,LB_20221018_093155_SELL_0001,2022-10-18 13:31:55+00:00,2022-10-18 13:31:56+00:00,2022-10-18 09:31:55,2022-10-18 13:31:59+00:00,3,SELL,11400.0,11402.5,11402.5,-2,1,4,1.0,0,1.333333333333333,-15,299,-0.133333333333333,-0.006688963210702,0.333333333333333,0.5,0.91829583405449,-0.5,0,0,POST_BURST_ONLY,A_WINNER,2022-10-18
liquidity-burst-detector-2026-07-18-v2-response-families,LB_20221018_093155_SELL_0001,2022-10-18 13:31:55+00:00,2022-10-18 13:31:56+00:00,2022-10-18 09:31:55,2022-10-18 13:32:01+00:00,5,SELL,11400.0,11410.0,11402.5,-8,1,10,0.8,1,2.0,-37,557,-0.216216216216216,-0.014362657091562,0.2,0.333333333333333,0.811278124459133,-0.8,0,0,POST_BURST_ONLY,A_WINNER,2022-10-18
liquidity-burst-detector-2026-07-18-v2-response-families,LB_20221025_093119_BUY_0001,2022-10-25 13:31:19+00:00,2022-10-25 13:31:20+00:00,2022-10-25 09:31:19,2022-10-25 13:31:21+00:00,1,BUY,11552.5,11555.0,11548.75,2,2,0,1.0,0,0.0,16,86,0.125,0.023255813953488,1.0,0.0,0.0,1.0,0,0,POST_BURST_ONLY,C_LOSER_MFE_3_TO_30,2022-10-25
liquidity-burst-detector-2026-07-18-v2-response-families,LB_20221025_093119_BUY_0001,2022-10-25 13:31:19+00:00,2022-10-25 13:31:20+00:00,2022-10-25 09:31:19,2022-10-25 13:31:23+00:00,3,BUY,11552.5,11553.75,11548.75,1,3,0,1.0,0,0.0,38,278,0.026315789473684,0.003597122302158,0.333333333333333,1.0,1.0,0.333333333333333,0,0,POST_BURST_ONLY,C_LOSER_MFE_3_TO_30,2022-10-25
liquidity-burst-detector-2026-07-18-v2-response-families,LB_20221025_093119_BUY_0001,2022-10-25 13:31:19+00:00,2022-10-25 13:31:20+00:00,2022-10-25 09:31:19,2022-10-25 13:31:25+00:00,5,BUY,11552.5,11555.0,11548.75,2,3,0,1.0,0,0.0,61,403,0.032786885245902,0.004962779156328,0.4,1.0,0.91829583405449,0.5,0,0,POST_BURST_ONLY,C_LOSER_MFE_3_TO_30,2022-10-25
liquidity-burst-detector-2026-07-18-v2-response-families,LB_20221026_093108_SELL_0002,2022-10-26 13:31:08+00:00,2022-10-26 13:31:09+00:00,2022-10-26 09:31:08,2022-10-26 13:31:10+00:00,1,SELL,11435.0,11437.5,11442.5,-2,1,4,1.0,0,4.0,-25,313,-0.08,-0.006389776357827,0.0,0.0,0.0,-1.0,0,0,POST_BURST_ONLY,A_WINNER,2022-10-26
liquidity-burst-detector-2026-07-18-v2-response-families,LB_20221026_093108_SELL_0002,2022-10-26 13:31:08+00:00,2022-10-26 13:31:09+00:00,2022-10-26 09:31:08,2022-10-26 13:31:12+00:00,3,SELL,11435.0,11443.75,11442.5,-7,1,7,0.666666666666667,1,2.333333333333333,-62,554,-0.112903225806452,-0.012635379061372,0.0,0.0,0.0,-1.0,0,0,POST_BURST_ONLY,A_WINNER,2022-10-26
liquidity-burst-detector-2026-07-18-v2-response-families,LB_20221026_093108_SELL_0002,2022-10-26 13:31:08+00:00,2022-10-26 13:31:09+00:00,2022-10-26 09:31:08,2022-10-26 13:31:14+00:00,5,SELL,11435.0,11443.75,11442.5,-7,1,8,0.6,2,1.6,-125,763,-0.056,-0.009174311926606,0.2,0.5,0.721928094887362,-0.777777777777778,0,0,POST_BURST_ONLY,A_WINNER,2022-10-26
liquidity-burst-detector-2026-07-18-v2-response-families,LB_20221027_093628_SELL_0001,2022-10-27 13:36:28+00:00,2022-10-27 13:36:29+00:00,2022-10-27 09:36:28,2022-10-27 13:36:30+00:00,1,SELL,11396.25,11400.0,11401.25,-3,0,6,1.0,0,6.0,10,212,-0.3,-0.014150943396226,0.0,0.0,0.0,-1.0,0,0,POST_BURST_ONLY,A_WINNER,2022-10-27
liquidity-burst-detector-2026-07-18-v2-response-families,LB_20221027_093628_SELL_0001,2022-10-27 13:36:28+00:00,2022-10-27 13:36:29+00:00,2022-10-27 09:36:28,2022-10-27 13:36:32+00:00,3,SELL,11396.25,11401.25,11401.25,-4,0,6,1.0,0,2.0,-7,419,-0.571428571428571,-0.009546539379475,0.333333333333333,1.0,0.91829583405449,-0.666666666666667,0,0,POST_BURST_ONLY,A_WINNER,2022-10-27
liquidity-burst-detector-2026-07-18-v2-response-families,LB_20221027_093628_SELL_0001,2022-10-27 13:36:28+00:00,2022-10-27 13:36:29+00:00,2022-10-27 09:36:28,2022-10-27 13:36:34+00:00,5,SELL,11396.25,11401.25,11401.25,-4,0,6,1.0,0,1.2,-34,536,-0.117647058823529,-0.007462686567164,0.4,1.0,0.970950594454669,-0.5,0,0,POST_BURST_ONLY,A_WINNER,2022-10-27
liquidity-burst-detector-2026-07-18-v2-response-families,LB_20221028_093127_BUY_0001,2022-10-28 13:31:27+00:00,2022-10-28 13:31:28+00:00,2022-10-28 09:31:27,2022-10-28 13:31:29+00:00,1,BUY,11252.5,11251.25,11246.25,-1,1,1,1.0,0,1.0,-23,53,-0.043478260869565,-0.018867924528302,0.0,0.0,0.0,-1.0,0,0,POST_BURST_ONLY,D_BORN_BAD_MFE_LE_2,2022-10-28
liquidity-burst-detector-2026-07-18-v2-response-families,LB_20221028_093127_BUY_0001,2022-10-28 13:31:27+00:00,2022-10-28 13:31:28+00:00,2022-10-28 09:31:27,2022-10-28 13:31:31+00:00,3,BUY,11252.5,11250.0,11246.25,-2,1,6,1.0,0,2.0,-108,616,-0.018518518518519,-0.003246753246753,0.333333333333333,0.5,0.91829583405449,-0.333333333333333,0,0,POST_BURST_ONLY,D_BORN_BAD_MFE_LE_2,2022-10-28
liquidity-burst-detector-2026-07-18-v2-response-families,LB_20221028_093127_BUY_0001,2022-10-28 13:31:27+00:00,2022-10-28 13:31:28+00:00,2022-10-28 09:31:27,2022-10-28 13:31:33+00:00,5,BUY,11252.5,11255.0,11246.25,2,3,6,1.0,0,1.2,-112,858,0.017857142857143,0.002331002331002,0.6,0.25,0.970950594454669,0.2,0,0,POST_BURST_ONLY,D_BORN_BAD_MFE_LE_2,2022-10-28
liquidity-burst-detector-2026-07-18-v2-response-families,LB_20221103_093349_BUY_0001,2022-11-03 13:33:49+00:00,2022-11-03 13:33:50+00:00,2022-11-03 09:33:49,2022-11-03 13:33:51+00:00,1,BUY,10846.25,10843.75,10830.0,-2,0,3,1.0,0,3.0,-5,165,-0.4,-0.012121212121212,0.0,0.0,0.0,-1.0,0,0,POST_BURST_ONLY,A_WINNER,2022-11-03
liquidity-burst-detector-2026-07-18-v2-response-families,LB_20221103_093349_BUY_0001,2022-11-03 13:33:49+00:00,2022-11-03 13:33:50+00:00,2022-11-03 09:33:49,2022-11-03 13:33:53+00:00,3,BUY,10846.25,10841.25,10830.0,-4,0,5,1.0,0,1.666666666666667,-2,418,-2.0,-0.009569377990431,0.0,0.0,0.0,-1.0,0,0,POST_BURST_ONLY,A_WINNER,2022-11-03
liquidity-burst-detector-2026-07-18-v2-response-families,LB_20221103_093349_BUY_0001,2022-11-03 13:33:49+00:00,2022-11-03 13:33:50+00:00,2022-11-03 09:33:49,2022-11-03 13:33:55+00:00,5,BUY,10846.25,10840.0,10830.0,-5,0,6,1.0,0,1.2,-47,547,-0.106382978723404,-0.009140767824497,0.0,0.0,0.0,-1.0,0,0,POST_BURST_ONLY,A_WINNER,2022-11-03
liquidity-burst-detector-2026-07-18-v2-response-families,LB_20230321_093130_BUY_0001,2023-03-21 13:31:30+00:00,2023-03-21 13:31:31+00:00,2023-03-21 09:31:30,2023-03-21 13:31:32+00:00,1,BUY,12801.25,12798.75,12797.5,-2,0,3,1.0,0,3.0,-12,104,-0.166666666666667,-0.019230769230769,0.0,0.0,0.0,-1.0,0,0,POST_BURST_ONLY,D_BORN_BAD_MFE_LE_2,2023-03-21
liquidity-burst-detector-2026-07-18-v2-response-families,LB_20230321_093130_BUY_0001,2023-03-21 13:31:30+00:00,2023-03-21 13:31:31+00:00,2023-03-21 09:31:30,2023-03-21 13:31:34+00:00,3,BUY,12801.25,12800.0,12797.5,-1,0,3,1.0,0,1.0,-1,161,-1.0,-0.006211180124224,0.333333333333333,1.0,1.0,-0.333333333333333,0,0,POST_BURST_ONLY,D_BORN_BAD_MFE_LE_2,2023-03-21
liquidity-burst-detector-2026-07-18-v2-response-families,LB_20230321_093130_BUY_0001,2023-03-21 13:31:30+00:00,2023-03-21 13:31:31+00:00,2023-03-21 09:31:30,2023-03-21 13:31:36+00:00,5,BUY,12801.25,12800.0,12797.5,-1,0,3,1.0,0,0.6,0,234,0.0,-0.004273504273504,0.4,1.0,1.0,-0.2,0,0,POST_BURST_ONLY,D_BORN_BAD_MFE_LE_2,2023-03-21
liquidity-burst-detector-2026-07-18-v2-response-families,LB_20230328_093202_SELL_0001,2023-03-28 13:32:02+00:00,2023-03-28 13:32:03+00:00,2023-03-28 09:32:02,2023-03-28 13:32:04+00:00,1,SELL,12748.75,12750.0,12760.0,-1,0,2,1.0,0,2.0,-31,127,-0.032258064516129,-0.007874015748031,0.0,0.0,0.0,-1.0,0,0,POST_BURST_ONLY,D_BORN_BAD_MFE_LE_2,2023-03-28
liquidity-burst-detector-2026-07-18-v2-response-families,LB_20230328_093202_SELL_0001,2023-03-28 13:32:02+00:00,2023-03-28 13:32:03+00:00,2023-03-28 09:32:02,2023-03-28 13:32:06+00:00,3,SELL,12748.75,12747.5,12760.0,1,2,2,1.0,0,0.666666666666667,-29,383,0.03448275862069,0.002610966057441,0.666666666666667,0.5,0.91829583405449,0.333333333333333,0,0,POST_BURST_ONLY,D_BORN_BAD_MFE_LE_2,2023-03-28
liquidity-burst-detector-2026-07-18-v2-response-families,LB_20230328_093202_SELL_0001,2023-03-28 13:32:02+00:00,2023-03-28 13:32:03+00:00,2023-03-28 09:32:02,2023-03-28 13:32:08+00:00,5,SELL,12748.75,12746.25,12760.0,2,4,2,1.0,0,0.4,70,660,0.028571428571429,0.003030303030303,0.6,0.5,0.970950594454669,0.333333333333333,0,0,POST_BURST_ONLY,D_BORN_BAD_MFE_LE_2,2023-03-28
liquidity-burst-detector-2026-07-18-v2-response-families,LB_20230403_093250_BUY_0001,2023-04-03 13:32:50+00:00,2023-04-03 13:32:51+00:00,2023-04-03 09:32:50,2023-04-03 13:32:52+00:00,1,BUY,13217.5,13218.75,13211.25,1,1,0,1.0,0,0.0,24,84,0.041666666666667,0.011904761904762,1.0,0.0,0.0,1.0,0,0,POST_BURST_ONLY,C_LOSER_MFE_3_TO_30,2023-04-03
liquidity-burst-detector-2026-07-18-v2-response-families,LB_20230403_093250_BUY_0001,2023-04-03 13:32:50+00:00,2023-04-03 13:32:51+00:00,2023-04-03 09:32:50,2023-04-03 13:32:54+00:00,3,BUY,13217.5,13216.25,13211.25,-1,1,2,1.0,0,0.666666666666667,-32,220,-0.03125,-0.004545454545455,0.333333333333333,0.5,0.91829583405449,-0.333333333333333,0,0,POST_BURST_ONLY,C_LOSER_MFE_3_TO_30,2023-04-03
liquidity-burst-detector-2026-07-18-v2-response-families,LB_20230403_093250_BUY_0001,2023-04-03 13:32:50+00:00,2023-04-03 13:32:51+00:00,2023-04-03 09:32:50,2023-04-03 13:32:56+00:00,5,BUY,13217.5,13215.0,13211.25,-2,1,2,1.0,0,0.4,-48,294,-0.041666666666667,-0.006802721088435,0.2,0.333333333333333,0.811278124459133,-0.5,0,0,POST_BURST_ONLY,C_LOSER_MFE_3_TO_30,2023-04-03
liquidity-burst-detector-2026-07-18-v2-response-families,LB_20230404_093600_SELL_0001,2023-04-04 13:36:00+00:00,2023-04-04 13:36:01+00:00,2023-04-04 09:36:00,2023-04-04 13:36:02+00:00,1,SELL,13271.25,13270.0,13280.0,1,2,0,1.0,0,0.0,27,81,0.037037037037037,0.012345679012346,1.0,0.0,0.0,1.0,0,0,POST_BURST_ONLY,A_WINNER,2023-04-04
liquidity-burst-detector-2026-07-18-v2-response-families,LB_20230404_093600_SELL_0001,2023-04-04 13:36:00+00:00,2023-04-04 13:36:01+00:00,2023-04-04 09:36:00,2023-04-04 13:36:04+00:00,3,SELL,13271.25,13268.75,13280.0,2,2,1,1.0,0,0.333333333333333,88,234,0.022727272727273,0.008547008547009,0.666666666666667,0.0,0.0,1.0,0,0,POST_BURST_ONLY,A_WINNER,2023-04-04
liquidity-burst-detector-2026-07-18-v2-response-families,LB_20230404_093600_SELL_0001,2023-04-04 13:36:00+00:00,2023-04-04 13:36:01+00:00,2023-04-04 09:36:00,2023-04-04 13:36:06+00:00,5,SELL,13271.25,13270.0,13280.0,1,2,1,1.0,0,0.2,47,325,0.021276595744681,0.003076923076923,0.4,0.5,0.91829583405449,0.333333333333333,0,0,POST_BURST_ONLY,A_WINNER,2023-04-04
liquidity-burst-detector-2026-07-18-v2-response-families,LB_20230417_093332_BUY_0001,2023-04-17 13:33:32+00:00,2023-04-17 13:33:33+00:00,2023-04-17 09:33:32,2023-04-17 13:33:34+00:00,1,BUY,13172.5,13173.75,13167.5,1,2,0,1.0,0,0.0,25,99,0.04,0.01010101010101,1.0,0.0,0.0,1.0,0,0,POST_BURST_ONLY,A_WINNER,2023-04-17
liquidity-burst-detector-2026-07-18-v2-response-families,LB_20230417_093332_BUY_0001,2023-04-17 13:33:32+00:00,2023-04-17 13:33:33+00:00,2023-04-17 09:33:32,2023-04-17 13:33:36+00:00,3,BUY,13172.5,13171.25,13167.5,-1,2,2,1.0,0,0.666666666666667,-30,210,-0.033333333333333,-0.004761904761905,0.333333333333333,0.5,0.91829583405449,-0.333333333333333,0,0,POST_BURST_ONLY,A_WINNER,2023-04-17
liquidity-burst-detector-2026-07-18-v2-response-families,LB_20230417_093332_BUY_0001,2023-04-17 13:33:32+00:00,2023-04-17 13:33:33+00:00,2023-04-17 09:33:32,2023-04-17 13:33:38+00:00,5,BUY,13172.5,13171.25,13167.5,-1,2,2,1.0,0,0.4,-29,301,-0.03448275862069,-0.003322259136213,0.2,0.5,0.91829583405449,-0.333333333333333,0,0,POST_BURST_ONLY,A_WINNER,2023-04-17
liquidity-burst-detector-2026-07-18-v2-response-families,LB_20230419_093353_SELL_0001,2023-04-19 13:33:53+00:00,2023-04-19 13:33:54+00:00,2023-04-19 09:33:53,2023-04-19 13:33:55+00:00,1,SELL,13105.0,13106.25,13081.25,-1,0,1,0.0,0,1.0,27,131,-0.037037037037037,-0.00763358778626,0.0,0.0,0.0,-1.0,0,0,POST_BURST_ONLY,A_WINNER,2023-04-19
liquidity-burst-detector-2026-07-18-v2-response-families,LB_20230419_093353_SELL_0001,2023-04-19 13:33:53+00:00,2023-04-19 13:33:54+00:00,2023-04-19 09:33:53,2023-04-19 13:33:57+00:00,3,SELL,13105.0,13106.25,13081.25,-1,0,2,0.0,0,0.666666666666667,78,322,-0.012820512820513,-0.003105590062112,0.333333333333333,0.5,0.91829583405449,-0.333333333333333,0,0,POST_BURST_ONLY,A_WINNER,2023-04-19
liquidity-burst-detector-2026-07-18-v2-response-families,LB_20230419_093353_SELL_0001,2023-04-19 13:33:53+00:00,2023-04-19 13:33:54+00:00,2023-04-19 09:33:53,2023-04-19 13:33:59+00:00,5,SELL,13105.0,13107.5,13081.25,-2,0,2,0.0,0,0.4,125,441,-0.016,-0.00453514739229,0.2,0.666666666666667,0.811278124459133,-0.5,0,0,POST_BURST_ONLY,A_WINNER,2023-04-19
liquidity-burst-detector-2026-07-18-v2-response-families,LB_20230426_093201_SELL_0001,2023-04-26 13:32:01+00:00,2023-04-26 13:32:02+00:00,2023-04-26 09:32:01,2023-04-26 13:32:03+00:00,1,SELL,12921.25,12921.25,12933.75,0,1,1,1.0,0,1.0,23,147,0.0,0.0,0.0,0.0,0.0,0.0,0,0,POST_BURST_ONLY,A_WINNER,2023-04-26
liquidity-burst-detector-2026-07-18-v2-response-families,LB_20230426_093201_SELL_0001,2023-04-26 13:32:01+00:00,2023-04-26 13:32:02+00:00,2023-04-26 09:32:01,2023-04-26 13:32:05+00:00,3,SELL,12921.25,12923.75,12933.75,-2,2,4,1.0,0,1.333333333333333,37,425,-0.054054054054054,-0.004705882352941,0.0,0.0,0.0,-1.0,0,0,POST_BURST_ONLY,A_WINNER,2023-04-26
liquidity-burst-detector-2026-07-18-v2-response-families,LB_20230426_093201_SELL_0001,2023-04-26 13:32:01+00:00,2023-04-26 13:32:02+00:00,2023-04-26 09:32:01,2023-04-26 13:32:07+00:00,5,SELL,12921.25,12925.0,12933.75,-3,2,4,1.0,0,0.8,37,561,-0.081081081081081,-0.005347593582888,0.0,0.0,0.0,-1.0,0,0,POST_BURST_ONLY,A_WINNER,2023-04-26
liquidity-burst-detector-2026-07-18-v2-response-families,LB_20230503_093500_BUY_0001,2023-05-03 13:35:00+00:00,2023-05-03 13:35:01+00:00,2023-05-03 09:35:00,2023-05-03 13:35:02+00:00,1,BUY,13208.75,13211.25,13203.75,2,2,0,1.0,0,0.0,61,111,0.032786885245902,0.018018018018018,1.0,0.0,0.0,1.0,0,0,POST_BURST_ONLY,D_BORN_BAD_MFE_LE_2,2023-05-03
liquidity-burst-detector-2026-07-18-v2-response-families,LB_20230503_093500_BUY_0001,2023-05-03 13:35:00+00:00,2023-05-03 13:35:01+00:00,2023-05-03 09:35:00,2023-05-03 13:35:04+00:00,3,BUY,13208.75,13213.75,13203.75,4,4,0,1.0,0,0.0,131,275,0.030534351145038,0.014545454545455,1.0,0.0,0.0,1.0,0,0,POST_BURST_ONLY,D_BORN_BAD_MFE_LE_2,2023-05-03
liquidity-burst-detector-2026-07-18-v2-response-families,LB_20230503_093500_BUY_0001,2023-05-03 13:35:00+00:00,2023-05-03 13:35:01+00:00,2023-05-03 09:35:00,2023-05-03 13:35:06+00:00,5,BUY,13208.75,13211.25,13203.75,2,4,0,1.0,0,0.0,92,376,0.021739130434783,0.00531914893617,0.6,0.25,0.970950594454669,0.333333333333333,0,0,POST_BURST_ONLY,D_BORN_BAD_MFE_LE_2,2023-05-03
liquidity-burst-detector-2026-07-18-v2-response-families,LB_20230511_093202_SELL_0001,2023-05-11 13:32:02+00:00,2023-05-11 13:32:03+00:00,2023-05-11 09:32:02,2023-05-11 13:32:04+00:00,1,SELL,13400.0,13400.0,13418.75,0,1,0,1.0,0,0.0,19,195,0.0,0.0,0.0,0.0,0.0,0.0,0,0,POST_BURST_ONLY,D_BORN_BAD_MFE_LE_2,2023-05-11
liquidity-burst-detector-2026-07-18-v2-response-families,LB_20230511_093202_SELL_0001,2023-05-11 13:32:02+00:00,2023-05-11 13:32:03+00:00,2023-05-11 09:32:02,2023-05-11 13:32:06+00:00,3,SELL,13400.0,13400.0,13418.75,0,1,1,1.0,0,0.333333333333333,-34,492,0.0,0.0,0.0,0.0,0.0,0.0,0,0,POST_BURST_ONLY,D_BORN_BAD_MFE_LE_2,2023-05-11
liquidity-burst-detector-2026-07-18-v2-response-families,LB_20230511_093202_SELL_0001,2023-05-11 13:32:02+00:00,2023-05-11 13:32:03+00:00,2023-05-11 09:32:02,2023-05-11 13:32:08+00:00,5,SELL,13400.0,13398.75,13418.75,1,1,1,1.0,0,0.2,-19,723,0.052631578947368,0.001383125864454,0.2,1.0,1.0,0.333333333333333,0,0,POST_BURST_ONLY,D_BORN_BAD_MFE_LE_2,2023-05-11
liquidity-burst-detector-2026-07-18-v2-response-families,LB_20230518_093436_BUY_0001,2023-05-18 13:34:36+00:00,2023-05-18 13:34:37+00:00,2023-05-18 09:34:36,2023-05-18 13:34:38+00:00,1,BUY,13681.25,13681.25,13668.75,0,0,0,1.0,0,0.0,-14,40,0.0,0.0,0.0,0.0,0.0,0.0,0,0,POST_BURST_ONLY,D_BORN_BAD_MFE_LE_2,2023-05-18
liquidity-burst-detector-2026-07-18-v2-response-families,LB_20230518_093436_BUY_0001,2023-05-18 13:34:36+00:00,2023-05-18 13:34:37+00:00,2023-05-18 09:34:36,2023-05-18 13:34:40+00:00,3,BUY,13681.25,13681.25,13668.75,0,1,1,1.0,0,0.333333333333333,-14,160,0.0,0.0,0.0,0.0,0.0,0.0,0,0,POST_BURST_ONLY,D_BORN_BAD_MFE_LE_2,2023-05-18
liquidity-burst-detector-2026-07-18-v2-response-families,LB_20230518_093436_BUY_0001,2023-05-18 13:34:36+00:00,2023-05-18 13:34:37+00:00,2023-05-18 09:34:36,2023-05-18 13:34:42+00:00,5,BUY,13681.25,13681.25,13668.75,0,1,1,1.0,0,0.2,11,259,0.0,0.0,0.0,0.0,0.0,0.0,0,0,POST_BURST_ONLY,D_BORN_BAD_MFE_LE_2,2023-05-18
liquidity-burst-detector-2026-07-18-v2-response-families,LB_20230522_093356_BUY_0001,2023-05-22 13:33:56+00:00,2023-05-22 13:33:57+00:00,2023-05-22 09:33:56,2023-05-22 13:33:58+00:00,1,BUY,13876.25,13875.0,13865.0,-1,0,1,1.0,0,1.0,-3,49,-0.333333333333333,-0.020408163265306,0.0,0.0,0.0,-1.0,0,0,POST_BURST_ONLY,D_BORN_BAD_MFE_LE_2,2023-05-22
liquidity-burst-detector-2026-07-18-v2-response-families,LB_20230522_093356_BUY_0001,2023-05-22 13:33:56+00:00,2023-05-22 13:33:57+00:00,2023-05-22 09:33:56,2023-05-22 13:34:00+00:00,3,BUY,13876.25,13876.25,13865.0,0,1,1,1.0,0,0.333333333333333,63,335,0.0,0.0,0.333333333333333,1.0,0.91829583405449,0.0,0,0,POST_BURST_ONLY,D_BORN_BAD_MFE_LE_2,2023-05-22
liquidity-burst-detector-2026-07-18-v2-response-families,LB_20230522_093356_BUY_0001,2023-05-22 13:33:56+00:00,2023-05-22 13:33:57+00:00,2023-05-22 09:33:56,2023-05-22 13:34:02+00:00,5,BUY,13876.25,13878.75,13865.0,2,2,1,1.0,0,0.2,115,641,0.017391304347826,0.003120124804992,0.6,0.75,0.970950594454669,0.333333333333333,0,0,POST_BURST_ONLY,D_BORN_BAD_MFE_LE_2,2023-05-22
liquidity-burst-detector-2026-07-18-v2-response-families,LB_20230526_093357_BUY_0001,2023-05-26 13:33:57+00:00,2023-05-26 13:33:58+00:00,2023-05-26 09:33:57,2023-05-26 13:33:59+00:00,1,BUY,14045.0,14045.0,14030.0,0,1,0,1.0,0,0.0,0,118,0.0,0.0,0.0,0.0,0.0,0.0,0,0,POST_BURST_ONLY,A_WINNER,2023-05-26
liquidity-burst-detector-2026-07-18-v2-response-families,LB_20230526_093357_BUY_0001,2023-05-26 13:33:57+00:00,2023-05-26 13:33:58+00:00,2023-05-26 09:33:57,2023-05-26 13:34:01+00:00,3,BUY,14045.0,14046.25,14030.0,1,2,1,1.0,0,0.333333333333333,54,508,0.018518518518519,0.001968503937008,0.333333333333333,0.0,0.0,1.0,0,0,POST_BURST_ONLY,A_WINNER,2023-05-26
liquidity-burst-detector-2026-07-18-v2-response-families,LB_20230526_093357_BUY_0001,2023-05-26 13:33:57+00:00,2023-05-26 13:33:58+00:00,2023-05-26 09:33:57,2023-05-26 13:34:03+00:00,5,BUY,14045.0,14046.25,14030.0,1,2,1,1.0,0,0.2,55,659,0.018181818181818,0.001517450682853,0.2,0.0,0.0,1.0,0,0,POST_BURST_ONLY,A_WINNER,2023-05-26
liquidity-burst-detector-2026-07-18-v2-response-families,LB_20230531_093156_BUY_0001,2023-05-31 13:31:56+00:00,2023-05-31 13:31:57+00:00,2023-05-31 09:31:56,2023-05-31 13:31:58+00:00,1,BUY,14348.75,14350.0,14343.75,1,1,0,1.0,0,0.0,14,104,0.071428571428571,0.009615384615385,1.0,0.0,0.0,1.0,0,0,POST_BURST_ONLY,B_LOSER_MFE_GT_30,2023-05-31
liquidity-burst-detector-2026-07-18-v2-response-families,LB_20230531_093156_BUY_0001,2023-05-31 13:31:56+00:00,2023-05-31 13:31:57+00:00,2023-05-31 09:31:56,2023-05-31 13:32:00+00:00,3,BUY,14348.75,14355.0,14343.75,5,5,0,1.0,0,0.0,191,573,0.026178010471204,0.008726003490401,1.0,0.0,0.0,1.0,0,0,POST_BURST_ONLY,B_LOSER_MFE_GT_30,2023-05-31
liquidity-burst-detector-2026-07-18-v2-response-families,LB_20230531_093156_BUY_0001,2023-05-31 13:31:56+00:00,2023-05-31 13:31:57+00:00,2023-05-31 09:31:56,2023-05-31 13:32:02+00:00,5,BUY,14348.75,14355.0,14343.75,5,6,0,1.0,0,0.0,189,891,0.026455026455026,0.005611672278339,0.6,0.0,0.0,1.0,0,0,POST_BURST_ONLY,B_LOSER_MFE_GT_30,2023-05-31
liquidity-burst-detector-2026-07-18-v2-response-families,LB_20230605_093500_BUY_0001,2023-06-05 13:35:00+00:00,2023-06-05 13:35:01+00:00,2023-06-05 09:35:00,2023-06-05 13:35:02+00:00,1,BUY,14611.25,14611.25,14586.25,0,1,0,1.0,0,0.0,0,110,0.0,0.0,0.0,0.0,0.0,0.0,0,0,POST_BURST_ONLY,A_WINNER,2023-06-05
liquidity-burst-detector-2026-07-18-v2-response-families,LB_20230605_093500_BUY_0001,2023-06-05 13:35:00+00:00,2023-06-05 13:35:01+00:00,2023-06-05 09:35:00,2023-06-05 13:35:04+00:00,3,BUY,14611.25,14607.5,14586.25,-3,1,3,1.0,0,1.0,-32,322,-0.09375,-0.009316770186335,0.0,0.0,0.0,-1.0,0,0,POST_BURST_ONLY,A_WINNER,2023-06-05
liquidity-burst-detector-2026-07-18-v2-response-families,LB_20230605_093500_BUY_0001,2023-06-05 13:35:00+00:00,2023-06-05 13:35:01+00:00,2023-06-05 09:35:00,2023-06-05 13:35:06+00:00,5,BUY,14611.25,14603.75,14586.25,-6,1,6,1.0,0,1.2,-100,532,-0.06,-0.011278195488722,0.0,0.0,0.0,-1.0,0,0,POST_BURST_ONLY,A_WINNER,2023-06-05
liquidity-burst-detector-2026-07-18-v2-response-families,LB_20230613_093139_SELL_0001,2023-06-13 13:31:39+00:00,2023-06-13 13:31:40+00:00,2023-06-13 09:31:39,2023-06-13 13:31:41+00:00,1,SELL,15080.0,15080.0,15086.25,0,1,0,1.0,0,0.0,-33,127,0.0,0.0,0.0,0.0,0.0,0.0,0,0,POST_BURST_ONLY,A_WINNER,2023-06-13
liquidity-burst-detector-2026-07-18-v2-response-families,LB_20230613_093139_SELL_0001,2023-06-13 13:31:39+00:00,2023-06-13 13:31:40+00:00,2023-06-13 09:31:39,2023-06-13 13:31:43+00:00,3,SELL,15080.0,15081.25,15086.25,-1,2,2,1.0,0,0.666666666666667,-84,412,-0.011904761904762,-0.002427184466019,0.0,0.0,0.0,-1.0,0,0,POST_BURST_ONLY,A_WINNER,2023-06-13
liquidity-burst-detector-2026-07-18-v2-response-families,LB_20230613_093139_SELL_0001,2023-06-13 13:31:39+00:00,2023-06-13 13:31:40+00:00,2023-06-13 09:31:39,2023-06-13 13:31:45+00:00,5,SELL,15080.0,15078.75,15086.25,1,2,2,1.0,0,0.4,-57,585,0.017543859649123,0.001709401709402,0.4,0.5,0.91829583405449,0.333333333333333,0,0,POST_BURST_ONLY,A_WINNER,2023-06-13
liquidity-burst-detector-2026-07-18-v2-response-families,LB_20230622_093240_BUY_0001,2023-06-22 13:32:40+00:00,2023-06-22 13:32:41+00:00,2023-06-22 09:32:40,2023-06-22 13:32:42+00:00,1,BUY,15000.0,15007.5,14986.25,6,6,0,1.0,0,0.0,166,338,0.036144578313253,0.017751479289941,1.0,0.0,0.0,1.0,0,0,POST_BURST_ONLY,D_BORN_BAD_MFE_LE_2,2023-06-22
liquidity-burst-detector-2026-07-18-v2-response-families,LB_20230622_093240_BUY_0001,2023-06-22 13:32:40+00:00,2023-06-22 13:32:41+00:00,2023-06-22 09:32:40,2023-06-22 13:32:44+00:00,3,BUY,15000.0,15003.75,14986.25,3,6,0,1.0,0,0.0,146,550,0.020547945205479,0.005454545454545,0.333333333333333,1.0,1.0,0.333333333333333,0,0,POST_BURST_ONLY,D_BORN_BAD_MFE_LE_2,2023-06-22
liquidity-burst-detector-2026-07-18-v2-response-families,LB_20230622_093240_BUY_0001,2023-06-22 13:32:40+00:00,2023-06-22 13:32:41+00:00,2023-06-22 09:32:40,2023-06-22 13:32:46+00:00,5,BUY,15000.0,15003.75,14986.25,3,6,0,1.0,0,0.0,128,682,0.0234375,0.004398826979472,0.4,1.0,1.0,0.272727272727273,0,0,POST_BURST_ONLY,D_BORN_BAD_MFE_LE_2,2023-06-22
liquidity-burst-detector-2026-07-18-v2-response-families,LB_20230623_093159_BUY_0001,2023-06-23 13:31:59+00:00,2023-06-23 13:32:00+00:00,2023-06-23 09:31:59,2023-06-23 13:32:01+00:00,1,BUY,15061.25,15060.0,15060.0,-1,1,1,1.0,0,1.0,-40,192,-0.025,-0.005208333333333,0.0,0.0,0.0,-1.0,0,0,POST_BURST_ONLY,C_LOSER_MFE_3_TO_30,2023-06-23
liquidity-burst-detector-2026-07-18-v2-response-families,LB_20230623_093159_BUY_0001,2023-06-23 13:31:59+00:00,2023-06-23 13:32:00+00:00,2023-06-23 09:31:59,2023-06-23 13:32:03+00:00,3,BUY,15061.25,15062.5,15060.0,1,1,2,1.0,0,0.666666666666667,-25,337,0.04,0.002967359050445,0.333333333333333,1.0,1.0,0.333333333333333,0,0,POST_BURST_ONLY,C_LOSER_MFE_3_TO_30,2023-06-23
liquidity-burst-detector-2026-07-18-v2-response-families,LB_20230623_093159_BUY_0001,2023-06-23 13:31:59+00:00,2023-06-23 13:32:00+00:00,2023-06-23 09:31:59,2023-06-23 13:32:05+00:00,5,BUY,15061.25,15065.0,15060.0,3,3,2,1.0,0,0.4,76,578,0.039473684210526,0.005190311418685,0.6,0.333333333333333,0.811278124459133,0.6,0,0,POST_BURST_ONLY,C_LOSER_MFE_3_TO_30,2023-06-23
liquidity-burst-detector-2026-07-18-v2-response-families,LB_20230626_093608_BUY_0001,2023-06-26 13:36:08+00:00,2023-06-26 13:36:09+00:00,2023-06-26 09:36:08,2023-06-26 13:36:10+00:00,1,BUY,15071.25,15072.5,15048.75,1,1,0,1.0,0,0.0,27,101,0.037037037037037,0.00990099009901,1.0,0.0,0.0,1.0,0,0,POST_BURST_ONLY,D_BORN_BAD_MFE_LE_2,2023-06-26
liquidity-burst-detector-2026-07-18-v2-response-families,LB_20230626_093608_BUY_0001,2023-06-26 13:36:08+00:00,2023-06-26 13:36:09+00:00,2023-06-26 09:36:08,2023-06-26 13:36:12+00:00,3,BUY,15071.25,15072.5,15048.75,1,2,0,1.0,0,0.0,46,254,0.021739130434783,0.003937007874016,0.333333333333333,0.0,0.0,1.0,0,0,POST_BURST_ONLY,D_BORN_BAD_MFE_LE_2,2023-06-26
liquidity-burst-detector-2026-07-18-v2-response-families,LB_20230626_093608_BUY_0001,2023-06-26 13:36:08+00:00,2023-06-26 13:36:09+00:00,2023-06-26 09:36:08,2023-06-26 13:36:14+00:00,5,BUY,15071.25,15071.25,15048.75,0,2,1,1.0,0,0.2,17,375,0.0,0.0,0.2,1.0,1.0,0.0,0,0,POST_BURST_ONLY,D_BORN_BAD_MFE_LE_2,2023-06-26
liquidity-burst-detector-2026-07-18-v2-response-families,LB_20230630_093123_BUY_0001,2023-06-30 13:31:23+00:00,2023-06-30 13:31:24+00:00,2023-06-30 09:31:23,2023-06-30 13:31:25+00:00,1,BUY,15258.75,15263.75,15255.0,4,4,0,1.0,0,0.0,81,173,0.049382716049383,0.023121387283237,1.0,0.0,0.0,1.0,0,0,POST_BURST_ONLY,C_LOSER_MFE_3_TO_30,2023-06-30
liquidity-burst-detector-2026-07-18-v2-response-families,LB_20230630_093123_BUY_0001,2023-06-30 13:31:23+00:00,2023-06-30 13:31:24+00:00,2023-06-30 09:31:23,2023-06-30 13:31:27+00:00,3,BUY,15258.75,15262.5,15255.0,3,4,0,1.0,0,0.0,107,369,0.02803738317757,0.008130081300813,0.333333333333333,1.0,1.0,0.6,0,0,POST_BURST_ONLY,C_LOSER_MFE_3_TO_30,2023-06-30
liquidity-burst-detector-2026-07-18-v2-response-families,LB_20230630_093123_BUY_0001,2023-06-30 13:31:23+00:00,2023-06-30 13:31:24+00:00,2023-06-30 09:31:23,2023-06-30 13:31:29+00:00,5,BUY,15258.75,15265.0,15255.0,5,6,0,1.0,0,0.0,157,597,0.031847133757962,0.008375209380235,0.4,1.0,0.91829583405449,0.714285714285714,0,0,POST_BURST_ONLY,C_LOSER_MFE_3_TO_30,2023-06-30
liquidity-burst-detector-2026-07-18-v2-response-families,LB_20230718_093258_SELL_0002,2023-07-18 13:32:58+00:00,2023-07-18 13:32:59+00:00,2023-07-18 09:32:58,2023-07-18 13:33:00+00:00,1,SELL,15780.0,15781.25,15790.0,-1,1,1,1.0,0,1.0,23,121,-0.043478260869565,-0.008264462809917,0.0,0.0,0.0,-1.0,0,0,POST_BURST_ONLY,D_BORN_BAD_MFE_LE_2,2023-07-18
liquidity-burst-detector-2026-07-18-v2-response-families,LB_20230718_093258_SELL_0002,2023-07-18 13:32:58+00:00,2023-07-18 13:32:59+00:00,2023-07-18 09:32:58,2023-07-18 13:33:02+00:00,3,SELL,15780.0,15780.0,15790.0,0,1,2,1.0,0,0.666666666666667,23,347,0.0,0.0,0.333333333333333,1.0,1.0,0.0,0,0,POST_BURST_ONLY,D_BORN_BAD_MFE_LE_2,2023-07-18
liquidity-burst-detector-2026-07-18-v2-response-families,LB_20230718_093258_SELL_0002,2023-07-18 13:32:58+00:00,2023-07-18 13:32:59+00:00,2023-07-18 09:32:58,2023-07-18 13:33:04+00:00,5,SELL,15780.0,15780.0,15790.0,0,1,2,1.0,0,0.4,50,498,0.0,0.0,0.4,1.0,1.0,0.0,0,0,POST_BURST_ONLY,D_BORN_BAD_MFE_LE_2,2023-07-18
liquidity-burst-detector-2026-07-18-v2-response-families,LB_20230720_093345_SELL_0001,2023-07-20 13:33:45+00:00,2023-07-20 13:33:46+00:00,2023-07-20 09:33:45,2023-07-20 13:33:47+00:00,1,SELL,15871.25,15871.25,15832.5,0,1,1,0.0,0,1.0,-8,68,0.0,0.0,0.0,0.0,0.0,0.0,0,0,POST_BURST_ONLY,A_WINNER,2023-07-20
liquidity-burst-detector-2026-07-18-v2-response-families,LB_20230720_093345_SELL_0001,2023-07-20 13:33:45+00:00,2023-07-20 13:33:46+00:00,2023-07-20 09:33:45,2023-07-20 13:33:49+00:00,3,SELL,15871.25,15872.5,15832.5,-1,1,2,0.0,0,0.666666666666667,-21,141,-0.047619047619048,-0.00709219858156,0.0,0.0,0.0,-1.0,0,0,POST_BURST_ONLY,A_WINNER,2023-07-20
liquidity-burst-detector-2026-07-18-v2-response-families,LB_20230720_093345_SELL_0001,2023-07-20 13:33:45+00:00,2023-07-20 13:33:46+00:00,2023-07-20 09:33:45,2023-07-20 13:33:51+00:00,5,SELL,15871.25,15873.75,15832.5,-2,1,3,0.0,0,0.6,-18,268,-0.111111111111111,-0.007462686567164,0.0,0.0,0.0,-1.0,2,0,POST_BURST_ONLY,A_WINNER,2023-07-20
liquidity-burst-detector-2026-07-18-v2-response-families,LB_20230727_093300_BUY_0001,2023-07-27 13:33:00+00:00,2023-07-27 13:33:01+00:00,2023-07-27 09:33:00,2023-07-27 13:33:02+00:00,1,BUY,15852.5,15852.5,15846.25,0,1,0,1.0,0,0.0,25,137,0.0,0.0,0.0,0.0,0.0,0.0,0,0,POST_BURST_ONLY,D_BORN_BAD_MFE_LE_2,2023-07-27
liquidity-burst-detector-2026-07-18-v2-response-families,LB_20230727_093300_BUY_0001,2023-07-27 13:33:00+00:00,2023-07-27 13:33:01+00:00,2023-07-27 09:33:00,2023-07-27 13:33:04+00:00,3,BUY,15852.5,15853.75,15846.25,1,2,0,1.0,0,0.0,140,492,0.007142857142857,0.002032520325203,0.333333333333333,0.0,0.0,1.0,0,0,POST_BURST_ONLY,D_BORN_BAD_MFE_LE_2,2023-07-27
liquidity-burst-detector-2026-07-18-v2-response-families,LB_20230727_093300_BUY_0001,2023-07-27 13:33:00+00:00,2023-07-27 13:33:01+00:00,2023-07-27 09:33:00,2023-07-27 13:33:06+00:00,5,BUY,15852.5,15855.0,15846.25,2,3,0,1.0,0,0.0,175,727,0.011428571428571,0.002751031636864,0.4,0.0,0.0,1.0,0,0,POST_BURST_ONLY,D_BORN_BAD_MFE_LE_2,2023-07-27
liquidity-burst-detector-2026-07-18-v2-response-families,LB_20230802_093453_BUY_0001,2023-08-02 13:34:53+00:00,2023-08-02 13:34:54+00:00,2023-08-02 09:34:53,2023-08-02 13:34:55+00:00,1,BUY,15626.25,15623.75,15668.75,-2,0,2,0.0,0,2.0,-3,103,-0.666666666666667,-0.019417475728155,0.0,0.0,0.0,-1.0,0,0,POST_BURST_ONLY,A_WINNER,2023-08-02
liquidity-burst-detector-2026-07-18-v2-response-families,LB_20230802_093453_BUY_0001,2023-08-02 13:34:53+00:00,2023-08-02 13:34:54+00:00,2023-08-02 09:34:53,2023-08-02 13:34:57+00:00,3,BUY,15626.25,15623.75,15668.75,-2,0,3,0.0,0,1.0,66,454,-0.03030303030303,-0.004405286343612,0.0,0.0,0.0,-1.0,0,0,POST_BURST_ONLY,A_WINNER,2023-08-02
liquidity-burst-detector-2026-07-18-v2-response-families,LB_20230802_093453_BUY_0001,2023-08-02 13:34:53+00:00,2023-08-02 13:34:54+00:00,2023-08-02 09:34:53,2023-08-02 13:34:59+00:00,5,BUY,15626.25,15625.0,15668.75,-1,0,3,0.0,0,0.6,67,563,-0.014925373134328,-0.001776198934281,0.2,1.0,1.0,-0.333333333333333,0,0,POST_BURST_ONLY,A_WINNER,2023-08-02
liquidity-burst-detector-2026-07-18-v2-response-families,LB_20230808_093726_SELL_0001,2023-08-08 13:37:26+00:00,2023-08-08 13:37:27+00:00,2023-08-08 09:37:26,2023-08-08 13:37:28+00:00,1,SELL,15350.0,15353.75,15353.75,-3,0,3,1.0,0,3.0,7,81,-0.428571428571429,-0.037037037037037,0.0,0.0,0.0,-1.0,0,0,POST_BURST_ONLY,A_WINNER,2023-08-08
liquidity-burst-detector-2026-07-18-v2-response-families,LB_20230808_093726_SELL_0001,2023-08-08 13:37:26+00:00,2023-08-08 13:37:27+00:00,2023-08-08 09:37:26,2023-08-08 13:37:30+00:00,3,SELL,15350.0,15353.75,15353.75,-3,0,3,1.0,0,1.0,9,147,-0.333333333333333,-0.020408163265306,0.0,0.0,0.0,-1.0,0,0,POST_BURST_ONLY,A_WINNER,2023-08-08
liquidity-burst-detector-2026-07-18-v2-response-families,LB_20230808_093726_SELL_0001,2023-08-08 13:37:26+00:00,2023-08-08 13:37:27+00:00,2023-08-08 09:37:26,2023-08-08 13:37:32+00:00,5,SELL,15350.0,15353.75,15353.75,-3,0,3,1.0,0,0.6,-9,207,-0.333333333333333,-0.014492753623188,0.2,1.0,0.91829583405449,-0.6,0,0,POST_BURST_ONLY,A_WINNER,2023-08-08
liquidity-burst-detector-2026-07-18-v2-response-families,LB_20230824_093139_SELL_0001,2023-08-24 13:31:39+00:00,2023-08-24 13:31:40+00:00,2023-08-24 09:31:39,2023-08-24 13:31:41+00:00,1,SELL,15300.0,15301.25,15307.5,-1,0,2,1.0,0,2.0,-6,144,-0.166666666666667,-0.006944444444444,0.0,0.0,0.0,-1.0,0,0,POST_BURST_ONLY,D_BORN_BAD_MFE_LE_2,2023-08-24
liquidity-burst-detector-2026-07-18-v2-response-families,LB_20230824_093139_SELL_0001,2023-08-24 13:31:39+00:00,2023-08-24 13:31:40+00:00,2023-08-24 09:31:39,2023-08-24 13:31:43+00:00,3,SELL,15300.0,15300.0,15307.5,0,0,2,1.0,0,0.666666666666667,21,341,0.0,0.0,0.333333333333333,1.0,1.0,0.0,0,0,POST_BURST_ONLY,D_BORN_BAD_MFE_LE_2,2023-08-24
liquidity-burst-detector-2026-07-18-v2-response-families,LB_20230824_093139_SELL_0001,2023-08-24 13:31:39+00:00,2023-08-24 13:31:40+00:00,2023-08-24 09:31:39,2023-08-24 13:31:45+00:00,5,SELL,15300.0,15300.0,15307.5,0,1,2,1.0,0,0.4,10,512,0.0,0.0,0.4,1.0,1.0,0.0,0,0,POST_BURST_ONLY,D_BORN_BAD_MFE_LE_2,2023-08-24
liquidity-burst-detector-2026-07-18-v2-response-families,LB_20230825_093257_BUY_0001,2023-08-25 13:32:57+00:00,2023-08-25 13:32:58+00:00,2023-08-25 09:32:57,2023-08-25 13:32:59+00:00,1,BUY,14933.75,14931.25,14925.0,-2,0,2,1.0,0,2.0,-48,112,-0.041666666666667,-0.017857142857143,0.0,0.0,0.0,-1.0,0,0,POST_BURST_ONLY,A_WINNER,2023-08-25
liquidity-burst-detector-2026-07-18-v2-response-families,LB_20230825_093257_BUY_0001,2023-08-25 13:32:57+00:00,2023-08-25 13:32:58+00:00,2023-08-25 09:32:57,2023-08-25 13:33:01+00:00,3,BUY,14933.75,14931.25,14925.0,-2,0,4,1.0,0,1.333333333333333,-85,333,-0.023529411764706,-0.006006006006006,0.0,0.0,0.0,-1.0,0,0,POST_BURST_ONLY,A_WINNER,2023-08-25
liquidity-burst-detector-2026-07-18-v2-response-families,LB_20230825_093257_BUY_0001,2023-08-25 13:32:57+00:00,2023-08-25 13:32:58+00:00,2023-08-25 09:32:57,2023-08-25 13:33:03+00:00,5,BUY,14933.75,14932.5,14925.0,-1,0,4,1.0,0,0.8,-99,463,-0.01010101010101,-0.002159827213823,0.2,1.0,1.0,-0.333333333333333,0,0,POST_BURST_ONLY,A_WINNER,2023-08-25
liquidity-burst-detector-2026-07-18-v2-response-families,LB_20230829_093105_SELL_0001,2023-08-29 13:31:05+00:00,2023-08-29 13:31:06+00:00,2023-08-29 09:31:05,2023-08-29 13:31:07+00:00,1,SELL,15073.75,15070.0,15073.75,3,4,0,1.0,0,0.0,31,99,0.096774193548387,0.03030303030303,1.0,0.0,0.0,1.0,0,0,POST_BURST_ONLY,A_WINNER,2023-08-29
liquidity-burst-detector-2026-07-18-v2-response-families,LB_20230829_093105_SELL_0001,2023-08-29 13:31:05+00:00,2023-08-29 13:31:06+00:00,2023-08-29 09:31:05,2023-08-29 13:31:09+00:00,3,SELL,15073.75,15068.75,15073.75,4,4,0,1.0,0,0.0,58,272,0.068965517241379,0.014705882352941,0.666666666666667,0.0,0.0,1.0,0,0,POST_BURST_ONLY,A_WINNER,2023-08-29
liquidity-burst-detector-2026-07-18-v2-response-families,LB_20230829_093105_SELL_0001,2023-08-29 13:31:05+00:00,2023-08-29 13:31:06+00:00,2023-08-29 09:31:05,2023-08-29 13:31:11+00:00,5,SELL,15073.75,15068.75,15073.75,4,5,0,1.0,0,0.0,70,436,0.057142857142857,0.009174311926606,0.4,0.0,0.0,1.0,0,0,POST_BURST_ONLY,A_WINNER,2023-08-29
liquidity-burst-detector-2026-07-18-v2-response-families,LB_20230831_093357_BUY_0001,2023-08-31 13:33:57+00:00,2023-08-31 13:33:58+00:00,2023-08-31 09:33:57,2023-08-31 13:33:59+00:00,1,BUY,15552.5,15548.75,15520.0,-3,0,3,1.0,0,3.0,-48,166,-0.0625,-0.018072289156627,0.0,0.0,0.0,-1.0,0,0,POST_BURST_ONLY,A_WINNER,2023-08-31
liquidity-burst-detector-2026-07-18-v2-response-families,LB_20230831_093357_BUY_0001,2023-08-31 13:33:57+00:00,2023-08-31 13:33:58+00:00,2023-08-31 09:33:57,2023-08-31 13:34:01+00:00,3,BUY,15552.5,15551.25,15520.0,-1,0,4,1.0,0,1.333333333333333,-45,325,-0.022222222222222,-0.003076923076923,0.666666666666667,0.5,0.91829583405449,-0.2,0,0,POST_BURST_ONLY,A_WINNER,2023-08-31
liquidity-burst-detector-2026-07-18-v2-response-families,LB_20230831_093357_BUY_0001,2023-08-31 13:33:57+00:00,2023-08-31 13:33:58+00:00,2023-08-31 09:33:57,2023-08-31 13:34:03+00:00,5,BUY,15552.5,15550.0,15520.0,-2,1,4,1.0,0,0.8,-58,604,-0.03448275862069,-0.003311258278146,0.6,0.5,0.970950594454669,-0.2,0,0,POST_BURST_ONLY,A_WINNER,2023-08-31
liquidity-burst-detector-2026-07-18-v2-response-families,LB_20230905_093500_SELL_0002,2023-09-05 13:35:00+00:00,2023-09-05 13:35:01+00:00,2023-09-05 09:35:00,2023-09-05 13:35:02+00:00,1,SELL,15457.5,15458.75,15473.75,-1,1,2,1.0,0,2.0,-10,94,-0.1,-0.01063829787234,0.0,0.0,0.0,-1.0,0,0,POST_BURST_ONLY,A_WINNER,2023-09-05
liquidity-burst-detector-2026-07-18-v2-response-families,LB_20230905_093500_SELL_0002,2023-09-05 13:35:00+00:00,2023-09-05 13:35:01+00:00,2023-09-05 09:35:00,2023-09-05 13:35:04+00:00,3,SELL,15457.5,15458.75,15473.75,-1,1,2,1.0,0,0.666666666666667,-33,215,-0.03030303030303,-0.004651162790698,0.333333333333333,0.5,0.91829583405449,-0.333333333333333,0,0,POST_BURST_ONLY,A_WINNER,2023-09-05
liquidity-burst-detector-2026-07-18-v2-response-families,LB_20230905_093500_SELL_0002,2023-09-05 13:35:00+00:00,2023-09-05 13:35:01+00:00,2023-09-05 09:35:00,2023-09-05 13:35:06+00:00,5,SELL,15457.5,15455.0,15473.75,2,3,2,1.0,0,0.4,-14,330,0.142857142857143,0.006060606060606,0.4,0.333333333333333,1.0,0.333333333333333,0,0,POST_BURST_ONLY,A_WINNER,2023-09-05
liquidity-burst-detector-2026-07-18-v2-response-families,LB_20230907_093117_SELL_0001,2023-09-07 13:31:17+00:00,2023-09-07 13:31:18+00:00,2023-09-07 09:31:17,2023-09-07 13:31:19+00:00,1,SELL,15181.25,15181.25,15183.75,0,1,0,1.0,0,0.0,14,104,0.0,0.0,0.0,0.0,0.0,0.0,0,0,POST_BURST_ONLY,D_BORN_BAD_MFE_LE_2,2023-09-07
liquidity-burst-detector-2026-07-18-v2-response-families,LB_20230907_093117_SELL_0001,2023-09-07 13:31:17+00:00,2023-09-07 13:31:18+00:00,2023-09-07 09:31:17,2023-09-07 13:31:21+00:00,3,SELL,15181.25,15181.25,15183.75,0,2,0,1.0,0,0.0,33,447,0.0,0.0,0.333333333333333,1.0,1.0,0.0,0,0,POST_BURST_ONLY,D_BORN_BAD_MFE_LE_2,2023-09-07
liquidity-burst-detector-2026-07-18-v2-response-families,LB_20230907_093117_SELL_0001,2023-09-07 13:31:17+00:00,2023-09-07 13:31:18+00:00,2023-09-07 09:31:17,2023-09-07 13:31:23+00:00,5,SELL,15181.25,15180.0,15183.75,1,3,0,1.0,0,0.0,113,827,0.008849557522124,0.001209189842805,0.4,1.0,1.0,0.2,0,0,POST_BURST_ONLY,D_BORN_BAD_MFE_LE_2,2023-09-07
liquidity-burst-detector-2026-07-18-v2-response-families,LB_20230914_093127_SELL_0001,2023-09-14 13:31:27+00:00,2023-09-14 13:31:28+00:00,2023-09-14 09:31:27,2023-09-14 13:31:29+00:00,1,SELL,15602.5,15602.5,15603.75,0,1,1,1.0,0,1.0,23,111,0.0,0.0,0.0,0.0,0.0,0.0,0,0,POST_BURST_ONLY,A_WINNER,2023-09-14
liquidity-burst-detector-2026-07-18-v2-response-families,LB_20230914_093127_SELL_0001,2023-09-14 13:31:27+00:00,2023-09-14 13:31:28+00:00,2023-09-14 09:31:27,2023-09-14 13:31:31+00:00,3,SELL,15602.5,15601.25,15603.75,1,2,1,1.0,0,0.333333333333333,58,306,0.017241379310345,0.003267973856209,0.333333333333333,0.0,0.0,1.0,0,0,POST_BURST_ONLY,A_WINNER,2023-09-14
liquidity-burst-detector-2026-07-18-v2-response-families,LB_20230914_093127_SELL_0001,2023-09-14 13:31:27+00:00,2023-09-14 13:31:28+00:00,2023-09-14 09:31:27,2023-09-14 13:31:33+00:00,5,SELL,15602.5,15600.0,15603.75,2,4,1,1.0,0,0.2,146,642,0.013698630136986,0.003115264797508,0.4,0.0,0.0,1.0,0,0,POST_BURST_ONLY,A_WINNER,2023-09-14
liquidity-burst-detector-2026-07-18-v2-response-families,LB_20230915_093253_SELL_0001,2023-09-15 13:32:53+00:00,2023-09-15 13:32:54+00:00,2023-09-15 09:32:53,2023-09-15 13:32:55+00:00,1,SELL,15587.5,15586.25,15602.5,1,2,1,1.0,0,1.0,29,177,0.03448275862069,0.005649717514124,1.0,0.0,0.0,1.0,0,0,POST_BURST_ONLY,D_BORN_BAD_MFE_LE_2,2023-09-15
liquidity-burst-detector-2026-07-18-v2-response-families,LB_20230915_093253_SELL_0001,2023-09-15 13:32:53+00:00,2023-09-15 13:32:54+00:00,2023-09-15 09:32:53,2023-09-15 13:32:57+00:00,3,SELL,15587.5,15587.5,15602.5,0,2,1,1.0,0,0.333333333333333,5,395,0.0,0.0,0.333333333333333,1.0,1.0,0.0,0,0,POST_BURST_ONLY,D_BORN_BAD_MFE_LE_2,2023-09-15
liquidity-burst-detector-2026-07-18-v2-response-families,LB_20230915_093253_SELL_0001,2023-09-15 13:32:53+00:00,2023-09-15 13:32:54+00:00,2023-09-15 09:32:53,2023-09-15 13:32:59+00:00,5,SELL,15587.5,15585.0,15602.5,2,4,1,1.0,0,0.2,107,671,0.018691588785047,0.002980625931446,0.4,0.666666666666667,1.0,0.333333333333333,0,0,POST_BURST_ONLY,D_BORN_BAD_MFE_LE_2,2023-09-15
liquidity-burst-detector-2026-07-18-v2-response-families,LB_20230919_093101_SELL_0001,2023-09-19 13:31:01+00:00,2023-09-19 13:31:02+00:00,2023-09-19 09:31:01,2023-09-19 13:31:03+00:00,1,SELL,15331.25,15331.25,15336.25,0,2,0,1.0,0,0.0,31,249,0.0,0.0,0.0,0.0,0.0,0.0,0,0,POST_BURST_ONLY,A_WINNER,2023-09-19
liquidity-burst-detector-2026-07-18-v2-response-families,LB_20230919_093101_SELL_0001,2023-09-19 13:31:01+00:00,2023-09-19 13:31:02+00:00,2023-09-19 09:31:01,2023-09-19 13:31:05+00:00,3,SELL,15331.25,15331.25,15336.25,0,2,1,1.0,0,0.333333333333333,27,513,0.0,0.0,0.333333333333333,1.0,1.0,0.0,0,0,POST_BURST_ONLY,A_WINNER,2023-09-19
liquidity-burst-detector-2026-07-18-v2-response-families,LB_20230919_093101_SELL_0001,2023-09-19 13:31:01+00:00,2023-09-19 13:31:02+00:00,2023-09-19 09:31:01,2023-09-19 13:31:07+00:00,5,SELL,15331.25,15327.5,15336.25,3,5,1,1.0,0,0.2,134,892,0.022388059701493,0.003363228699552,0.4,1.0,0.91829583405449,0.6,0,0,POST_BURST_ONLY,A_WINNER,2023-09-19
liquidity-burst-detector-2026-07-18-v2-response-families,LB_20230922_093553_SELL_0001,2023-09-22 13:35:53+00:00,2023-09-22 13:35:54+00:00,2023-09-22 09:35:53,2023-09-22 13:35:55+00:00,1,SELL,14908.75,14908.75,14916.25,0,1,0,1.0,0,0.0,18,94,0.0,0.0,0.0,0.0,0.0,0.0,0,0,POST_BURST_ONLY,A_WINNER,2023-09-22
liquidity-burst-detector-2026-07-18-v2-response-families,LB_20230922_093553_SELL_0001,2023-09-22 13:35:53+00:00,2023-09-22 13:35:54+00:00,2023-09-22 09:35:53,2023-09-22 13:35:57+00:00,3,SELL,14908.75,14910.0,14916.25,-1,1,2,1.0,0,0.666666666666667,-19,209,-0.052631578947368,-0.004784688995215,0.0,0.0,0.0,-1.0,0,0,POST_BURST_ONLY,A_WINNER,2023-09-22
liquidity-burst-detector-2026-07-18-v2-response-families,LB_20230922_093553_SELL_0001,2023-09-22 13:35:53+00:00,2023-09-22 13:35:54+00:00,2023-09-22 09:35:53,2023-09-22 13:35:59+00:00,5,SELL,14908.75,14911.25,14916.25,-2,1,2,1.0,0,0.4,-42,290,-0.047619047619048,-0.006896551724138,0.0,0.0,0.0,-1.0,0,0,POST_BURST_ONLY,A_WINNER,2023-09-22
liquidity-burst-detector-2026-07-18-v2-response-families,LB_20230927_093102_BUY_0001,2023-09-27 13:31:02+00:00,2023-09-27 13:31:03+00:00,2023-09-27 09:31:02,2023-09-27 13:31:04+00:00,1,BUY,14777.5,14778.75,14773.75,1,1,0,1.0,0,0.0,44,112,0.022727272727273,0.008928571428571,1.0,0.0,0.0,1.0,0,0,POST_BURST_ONLY,A_WINNER,2023-09-27
liquidity-burst-detector-2026-07-18-v2-response-families,LB_20230927_093102_BUY_0001,2023-09-27 13:31:02+00:00,2023-09-27 13:31:03+00:00,2023-09-27 09:31:02,2023-09-27 13:31:06+00:00,3,BUY,14777.5,14776.25,14773.75,-1,2,1,1.0,0,0.333333333333333,11,273,-0.090909090909091,-0.003663003663004,0.333333333333333,0.5,0.91829583405449,-0.333333333333333,0,0,POST_BURST_ONLY,A_WINNER,2023-09-27
liquidity-burst-detector-2026-07-18-v2-response-families,LB_20230927_093102_BUY_0001,2023-09-27 13:31:02+00:00,2023-09-27 13:31:03+00:00,2023-09-27 09:31:02,2023-09-27 13:31:08+00:00,5,BUY,14777.5,14780.0,14773.75,2,2,1,1.0,0,0.2,100,480,0.02,0.004166666666667,0.6,0.5,0.970950594454669,0.333333333333333,0,0,POST_BURST_ONLY,A_WINNER,2023-09-27
liquidity-burst-detector-2026-07-18-v2-response-families,LB_20231002_093150_BUY_0001,2023-10-02 13:31:50+00:00,2023-10-02 13:31:51+00:00,2023-10-02 09:31:50,2023-10-02 13:31:52+00:00,1,BUY,14880.0,14880.0,14875.0,0,1,0,1.0,0,0.0,-13,55,0.0,0.0,0.0,0.0,0.0,0.0,0,0,POST_BURST_ONLY,D_BORN_BAD_MFE_LE_2,2023-10-02
liquidity-burst-detector-2026-07-18-v2-response-families,LB_20231002_093150_BUY_0001,2023-10-02 13:31:50+00:00,2023-10-02 13:31:51+00:00,2023-10-02 09:31:50,2023-10-02 13:31:54+00:00,3,BUY,14880.0,14883.75,14875.0,3,3,0,1.0,0,0.0,0,188,0.0,0.015957446808511,0.666666666666667,0.0,0.0,1.0,0,0,POST_BURST_ONLY,D_BORN_BAD_MFE_LE_2,2023-10-02
liquidity-burst-detector-2026-07-18-v2-response-families,LB_20231002_093150_BUY_0001,2023-10-02 13:31:50+00:00,2023-10-02 13:31:51+00:00,2023-10-02 09:31:50,2023-10-02 13:31:56+00:00,5,BUY,14880.0,14883.75,14875.0,3,4,0,1.0,0,0.0,-13,293,0.230769230769231,0.010238907849829,0.4,0.0,0.0,1.0,0,0,POST_BURST_ONLY,D_BORN_BAD_MFE_LE_2,2023-10-02
liquidity-burst-detector-2026-07-18-v2-response-families,LB_20231005_093554_BUY_0001,2023-10-05 13:35:54+00:00,2023-10-05 13:35:55+00:00,2023-10-05 09:35:54,2023-10-05 13:35:56+00:00,1,BUY,14923.75,14923.75,14916.25,0,0,1,1.0,0,1.0,9,115,0.0,0.0,0.0,0.0,0.0,0.0,0,0,POST_BURST_ONLY,A_WINNER,2023-10-05
liquidity-burst-detector-2026-07-18-v2-response-families,LB_20231005_093554_BUY_0001,2023-10-05 13:35:54+00:00,2023-10-05 13:35:55+00:00,2023-10-05 09:35:54,2023-10-05 13:35:58+00:00,3,BUY,14923.75,14920.0,14916.25,-3,0,3,1.0,0,1.0,-24,224,-0.125,-0.013392857142857,0.0,0.0,0.0,-1.0,0,0,POST_BURST_ONLY,A_WINNER,2023-10-05
liquidity-burst-detector-2026-07-18-v2-response-families,LB_20231005_093554_BUY_0001,2023-10-05 13:35:54+00:00,2023-10-05 13:35:55+00:00,2023-10-05 09:35:54,2023-10-05 13:36:00+00:00,5,BUY,14923.75,14920.0,14916.25,-3,0,4,1.0,0,0.8,-41,289,-0.073170731707317,-0.01038062283737,0.2,0.666666666666667,0.811278124459133,-0.6,0,0,POST_BURST_ONLY,A_WINNER,2023-10-05
liquidity-burst-detector-2026-07-18-v2-response-families,LB_20231016_093102_BUY_0001,2023-10-16 13:31:02+00:00,2023-10-16 13:31:03+00:00,2023-10-16 09:31:02,2023-10-16 13:31:04+00:00,1,BUY,15190.0,15190.0,15183.75,0,1,1,1.0,0,1.0,15,153,0.0,0.0,0.0,0.0,0.0,0.0,0,0,POST_BURST_ONLY,D_BORN_BAD_MFE_LE_2,2023-10-16
liquidity-burst-detector-2026-07-18-v2-response-families,LB_20231016_093102_BUY_0001,2023-10-16 13:31:02+00:00,2023-10-16 13:31:03+00:00,2023-10-16 09:31:02,2023-10-16 13:31:06+00:00,3,BUY,15190.0,15191.25,15183.75,1,2,1,1.0,0,0.333333333333333,14,422,0.071428571428571,0.002369668246445,0.333333333333333,0.0,0.0,1.0,0,0,POST_BURST_ONLY,D_BORN_BAD_MFE_LE_2,2023-10-16
liquidity-burst-detector-2026-07-18-v2-response-families,LB_20231016_093102_BUY_0001,2023-10-16 13:31:02+00:00,2023-10-16 13:31:03+00:00,2023-10-16 09:31:02,2023-10-16 13:31:08+00:00,5,BUY,15190.0,15192.5,15183.75,2,2,1,1.0,0,0.2,73,653,0.027397260273973,0.003062787136294,0.4,0.0,0.0,1.0,0,0,POST_BURST_ONLY,D_BORN_BAD_MFE_LE_2,2023-10-16
liquidity-burst-detector-2026-07-18-v2-response-families,LB_20231025_093201_SELL_0001,2023-10-25 13:32:01+00:00,2023-10-25 13:32:02+00:00,2023-10-25 09:32:01,2023-10-25 13:32:03+00:00,1,SELL,14698.75,14698.75,14726.25,0,0,1,1.0,0,1.0,-15,123,0.0,0.0,0.0,0.0,0.0,0.0,0,0,POST_BURST_ONLY,D_BORN_BAD_MFE_LE_2,2023-10-25
liquidity-burst-detector-2026-07-18-v2-response-families,LB_20231025_093201_SELL_0001,2023-10-25 13:32:01+00:00,2023-10-25 13:32:02+00:00,2023-10-25 09:32:01,2023-10-25 13:32:05+00:00,3,SELL,14698.75,14697.5,14726.25,1,1,2,1.0,0,0.666666666666667,-16,292,0.0625,0.003424657534247,0.333333333333333,0.0,0.0,1.0,0,0,POST_BURST_ONLY,D_BORN_BAD_MFE_LE_2,2023-10-25
liquidity-burst-detector-2026-07-18-v2-response-families,LB_20231025_093201_SELL_0001,2023-10-25 13:32:01+00:00,2023-10-25 13:32:02+00:00,2023-10-25 09:32:01,2023-10-25 13:32:07+00:00,5,SELL,14698.75,14695.0,14726.25,3,4,2,1.0,0,0.4,133,701,0.022556390977444,0.004279600570613,0.6,0.0,0.0,1.0,0,0,POST_BURST_ONLY,D_BORN_BAD_MFE_LE_2,2023-10-25
liquidity-burst-detector-2026-07-18-v2-response-families,LB_20231027_093329_BUY_0001,2023-10-27 13:33:29+00:00,2023-10-27 13:33:30+00:00,2023-10-27 09:33:29,2023-10-27 13:33:31+00:00,1,BUY,14345.0,14346.25,14340.0,1,2,1,1.0,0,1.0,9,127,0.111111111111111,0.007874015748031,1.0,0.0,0.0,1.0,0,0,POST_BURST_ONLY,A_WINNER,2023-10-27
liquidity-burst-detector-2026-07-18-v2-response-families,LB_20231027_093329_BUY_0001,2023-10-27 13:33:29+00:00,2023-10-27 13:33:30+00:00,2023-10-27 09:33:29,2023-10-27 13:33:33+00:00,3,BUY,14345.0,14347.5,14340.0,2,3,1,1.0,0,0.333333333333333,21,307,0.095238095238095,0.006514657980456,0.666666666666667,0.0,0.0,1.0,0,0,POST_BURST_ONLY,A_WINNER,2023-10-27
liquidity-burst-detector-2026-07-18-v2-response-families,LB_20231027_093329_BUY_0001,2023-10-27 13:33:29+00:00,2023-10-27 13:33:30+00:00,2023-10-27 09:33:29,2023-10-27 13:33:35+00:00,5,BUY,14345.0,14347.5,14340.0,2,4,1,1.0,0,0.2,57,519,0.035087719298246,0.003853564547206,0.6,0.333333333333333,0.811278124459133,0.5,0,0,POST_BURST_ONLY,A_WINNER,2023-10-27
liquidity-burst-detector-2026-07-18-v2-response-families,LB_20231102_093203_SELL_0001,2023-11-02 13:32:03+00:00,2023-11-02 13:32:04+00:00,2023-11-02 09:32:03,2023-11-02 13:32:05+00:00,1,SELL,14908.75,14906.25,14918.75,2,2,1,1.0,0,1.0,18,162,0.111111111111111,0.012345679012346,1.0,0.0,0.0,1.0,0,0,POST_BURST_ONLY,A_WINNER,2023-11-02
liquidity-burst-detector-2026-07-18-v2-response-families,LB_20231102_093203_SELL_0001,2023-11-02 13:32:03+00:00,2023-11-02 13:32:04+00:00,2023-11-02 09:32:03,2023-11-02 13:32:07+00:00,3,SELL,14908.75,14906.25,14918.75,2,3,1,1.0,0,0.333333333333333,56,402,0.035714285714286,0.004975124378109,0.333333333333333,0.0,0.0,1.0,0,0,POST_BURST_ONLY,A_WINNER,2023-11-02
liquidity-burst-detector-2026-07-18-v2-response-families,LB_20231102_093203_SELL_0001,2023-11-02 13:32:03+00:00,2023-11-02 13:32:04+00:00,2023-11-02 09:32:03,2023-11-02 13:32:09+00:00,5,SELL,14908.75,14907.5,14918.75,1,3,1,1.0,0,0.2,23,577,0.043478260869565,0.001733102253033,0.2,1.0,1.0,0.333333333333333,0,0,POST_BURST_ONLY,A_WINNER,2023-11-02
liquidity-burst-detector-2026-07-18-v2-response-families,LB_20240318_093121_BUY_0001,2024-03-18 13:31:21+00:00,2024-03-18 13:31:22+00:00,2024-03-18 09:31:21,2024-03-18 13:31:23+00:00,1,BUY,18301.25,18300.0,18298.75,-1,0,2,1.0,0,2.0,21,101,-0.047619047619048,-0.00990099009901,0.0,0.0,0.0,-1.0,0,0,POST_BURST_ONLY,D_BORN_BAD_MFE_LE_2,2024-03-18
liquidity-burst-detector-2026-07-18-v2-response-families,LB_20240318_093121_BUY_0001,2024-03-18 13:31:21+00:00,2024-03-18 13:31:22+00:00,2024-03-18 09:31:21,2024-03-18 13:31:25+00:00,3,BUY,18301.25,18298.75,18298.75,-2,1,2,1.0,0,0.666666666666667,25,407,-0.08,-0.004914004914005,0.333333333333333,1.0,0.91829583405449,-0.5,0,0,POST_BURST_ONLY,D_BORN_BAD_MFE_LE_2,2024-03-18
liquidity-burst-detector-2026-07-18-v2-response-families,LB_20240318_093121_BUY_0001,2024-03-18 13:31:21+00:00,2024-03-18 13:31:22+00:00,2024-03-18 09:31:21,2024-03-18 13:31:27+00:00,5,BUY,18301.25,18296.25,18298.75,-4,1,4,0.8,1,0.8,35,529,-0.114285714285714,-0.007561436672968,0.2,0.666666666666667,0.811278124459133,-0.666666666666667,0,0,POST_BURST_ONLY,D_BORN_BAD_MFE_LE_2,2024-03-18
liquidity-burst-detector-2026-07-18-v2-response-families,LB_20240402_093358_SELL_0002,2024-04-02 13:33:58+00:00,2024-04-02 13:33:59+00:00,2024-04-02 09:33:58,2024-04-02 13:34:00+00:00,1,SELL,18265.0,18265.0,18268.75,0,1,1,1.0,0,1.0,28,122,0.0,0.0,0.0,0.0,0.0,0.0,0,0,POST_BURST_ONLY,A_WINNER,2024-04-02
liquidity-burst-detector-2026-07-18-v2-response-families,LB_20240402_093358_SELL_0002,2024-04-02 13:33:58+00:00,2024-04-02 13:33:59+00:00,2024-04-02 09:33:58,2024-04-02 13:34:02+00:00,3,SELL,18265.0,18265.0,18268.75,0,1,1,1.0,0,0.333333333333333,46,440,0.0,0.0,0.0,0.0,0.0,0.0,0,0,POST_BURST_ONLY,A_WINNER,2024-04-02
liquidity-burst-detector-2026-07-18-v2-response-families,LB_20240402_093358_SELL_0002,2024-04-02 13:33:58+00:00,2024-04-02 13:33:59+00:00,2024-04-02 09:33:58,2024-04-02 13:34:04+00:00,5,SELL,18265.0,18263.75,18268.75,1,1,2,1.0,0,0.4,61,663,0.016393442622951,0.001508295625943,0.2,0.0,0.0,1.0,0,0,POST_BURST_ONLY,A_WINNER,2024-04-02
liquidity-burst-detector-2026-07-18-v2-response-families,LB_20240403_093241_BUY_0001,2024-04-03 13:32:41+00:00,2024-04-03 13:32:42+00:00,2024-04-03 09:32:41,2024-04-03 13:32:43+00:00,1,BUY,18268.75,18270.0,18260.0,1,1,0,1.0,0,0.0,43,125,0.023255813953488,0.008,1.0,0.0,0.0,1.0,0,0,POST_BURST_ONLY,A_WINNER,2024-04-03
liquidity-burst-detector-2026-07-18-v2-response-families,LB_20240403_093241_BUY_0001,2024-04-03 13:32:41+00:00,2024-04-03 13:32:42+00:00,2024-04-03 09:32:41,2024-04-03 13:32:45+00:00,3,BUY,18268.75,18272.5,18260.0,3,3,0,1.0,0,0.0,70,326,0.042857142857143,0.00920245398773,0.666666666666667,0.0,0.0,1.0,0,0,POST_BURST_ONLY,A_WINNER,2024-04-03
liquidity-burst-detector-2026-07-18-v2-response-families,LB_20240403_093241_BUY_0001,2024-04-03 13:32:41+00:00,2024-04-03 13:32:42+00:00,2024-04-03 09:32:41,2024-04-03 13:32:47+00:00,5,BUY,18268.75,18272.5,18260.0,3,4,0,1.0,0,0.0,113,529,0.026548672566372,0.005671077504726,0.4,0.0,0.0,1.0,0,0,POST_BURST_ONLY,A_WINNER,2024-04-03
liquidity-burst-detector-2026-07-18-v2-response-families,LB_20240404_093500_BUY_0001,2024-04-04 13:35:00+00:00,2024-04-04 13:35:01+00:00,2024-04-04 09:35:00,2024-04-04 13:35:02+00:00,1,BUY,18552.5,18552.5,18552.5,0,2,0,1.0,0,0.0,17,125,0.0,0.0,0.0,0.0,0.0,0.0,0,0,POST_BURST_ONLY,D_BORN_BAD_MFE_LE_2,2024-04-04
liquidity-burst-detector-2026-07-18-v2-response-families,LB_20240404_093500_BUY_0001,2024-04-04 13:35:00+00:00,2024-04-04 13:35:01+00:00,2024-04-04 09:35:00,2024-04-04 13:35:04+00:00,3,BUY,18552.5,18553.75,18552.5,1,2,0,1.0,0,0.0,41,245,0.024390243902439,0.004081632653061,0.333333333333333,0.0,0.0,1.0,0,0,POST_BURST_ONLY,D_BORN_BAD_MFE_LE_2,2024-04-04
liquidity-burst-detector-2026-07-18-v2-response-families,LB_20240404_093500_BUY_0001,2024-04-04 13:35:00+00:00,2024-04-04 13:35:01+00:00,2024-04-04 09:35:00,2024-04-04 13:35:06+00:00,5,BUY,18552.5,18556.25,18552.5,3,3,0,1.0,0,0.0,71,355,0.042253521126761,0.008450704225352,0.6,0.0,0.0,1.0,0,0,POST_BURST_ONLY,D_BORN_BAD_MFE_LE_2,2024-04-04
liquidity-burst-detector-2026-07-18-v2-response-families,LB_20240405_093248_SELL_0001,2024-04-05 13:32:48+00:00,2024-04-05 13:32:49+00:00,2024-04-05 09:32:48,2024-04-05 13:32:50+00:00,1,SELL,18153.75,18153.75,18123.75,0,2,1,0.0,0,1.0,-22,64,0.0,0.0,0.0,0.0,0.0,0.0,0,0,POST_BURST_ONLY,C_LOSER_MFE_3_TO_30,2024-04-05
liquidity-burst-detector-2026-07-18-v2-response-families,LB_20240405_093248_SELL_0001,2024-04-05 13:32:48+00:00,2024-04-05 13:32:49+00:00,2024-04-05 09:32:48,2024-04-05 13:32:52+00:00,3,SELL,18153.75,18158.75,18123.75,-4,2,4,0.0,0,1.333333333333333,-43,179,-0.093023255813953,-0.022346368715084,0.0,0.0,0.0,-1.0,-11,0,POST_BURST_ONLY,C_LOSER_MFE_3_TO_30,2024-04-05
liquidity-burst-detector-2026-07-18-v2-response-families,LB_20240405_093248_SELL_0001,2024-04-05 13:32:48+00:00,2024-04-05 13:32:49+00:00,2024-04-05 09:32:48,2024-04-05 13:32:54+00:00,5,SELL,18153.75,18160.0,18123.75,-5,2,5,0.0,0,1.0,-35,327,-0.142857142857143,-0.015290519877676,0.2,0.666666666666667,0.811278124459133,-0.555555555555556,-11,0,POST_BURST_ONLY,C_LOSER_MFE_3_TO_30,2024-04-05
liquidity-burst-detector-2026-07-18-v2-response-families,LB_20240409_093342_SELL_0001,2024-04-09 13:33:42+00:00,2024-04-09 13:33:43+00:00,2024-04-09 09:33:42,2024-04-09 13:33:44+00:00,1,SELL,18378.75,18378.75,18380.0,0,1,0,1.0,0,0.0,14,88,0.0,0.0,0.0,0.0,0.0,0.0,0,0,POST_BURST_ONLY,D_BORN_BAD_MFE_LE_2,2024-04-09
liquidity-burst-detector-2026-07-18-v2-response-families,LB_20240409_093342_SELL_0001,2024-04-09 13:33:42+00:00,2024-04-09 13:33:43+00:00,2024-04-09 09:33:42,2024-04-09 13:33:46+00:00,3,SELL,18378.75,18378.75,18380.0,0,2,1,1.0,0,0.333333333333333,31,323,0.0,0.0,0.333333333333333,1.0,1.0,0.0,0,0,POST_BURST_ONLY,D_BORN_BAD_MFE_LE_2,2024-04-09
liquidity-burst-detector-2026-07-18-v2-response-families,LB_20240409_093342_SELL_0001,2024-04-09 13:33:42+00:00,2024-04-09 13:33:43+00:00,2024-04-09 09:33:42,2024-04-09 13:33:48+00:00,5,SELL,18378.75,18375.0,18380.0,3,4,1,1.0,0,0.2,96,564,0.03125,0.00531914893617,0.6,0.666666666666667,0.811278124459133,0.6,0,0,POST_BURST_ONLY,D_BORN_BAD_MFE_LE_2,2024-04-09
liquidity-burst-detector-2026-07-18-v2-response-families,LB_20240411_093157_SELL_0001,2024-04-11 13:31:57+00:00,2024-04-11 13:31:58+00:00,2024-04-11 09:31:57,2024-04-11 13:31:59+00:00,1,SELL,18231.25,18230.0,18253.75,1,2,1,1.0,0,1.0,70,170,0.014285714285714,0.005882352941176,1.0,0.0,0.0,1.0,0,0,POST_BURST_ONLY,A_WINNER,2024-04-11
liquidity-burst-detector-2026-07-18-v2-response-families,LB_20240411_093157_SELL_0001,2024-04-11 13:31:57+00:00,2024-04-11 13:31:58+00:00,2024-04-11 09:31:57,2024-04-11 13:32:01+00:00,3,SELL,18231.25,18233.75,18253.75,-2,2,3,1.0,0,1.0,72,538,-0.027777777777778,-0.003717472118959,0.333333333333333,0.5,0.91829583405449,-0.5,0,0,POST_BURST_ONLY,A_WINNER,2024-04-11
liquidity-burst-detector-2026-07-18-v2-response-families,LB_20240411_093157_SELL_0001,2024-04-11 13:31:57+00:00,2024-04-11 13:31:58+00:00,2024-04-11 09:31:57,2024-04-11 13:32:03+00:00,5,SELL,18231.25,18232.5,18253.75,-1,2,3,1.0,0,0.6,47,735,-0.021276595744681,-0.001360544217687,0.4,0.75,0.970950594454669,-0.142857142857143,0,0,POST_BURST_ONLY,A_WINNER,2024-04-11
liquidity-burst-detector-2026-07-18-v2-response-families,LB_20240417_093502_SELL_0001,2024-04-17 13:35:02+00:00,2024-04-17 13:35:03+00:00,2024-04-17 09:35:02,2024-04-17 13:35:04+00:00,1,SELL,17922.5,17922.5,17930.0,0,1,1,1.0,0,1.0,7,121,0.0,0.0,0.0,0.0,0.0,0.0,0,0,POST_BURST_ONLY,A_WINNER,2024-04-17
liquidity-burst-detector-2026-07-18-v2-response-families,LB_20240417_093502_SELL_0001,2024-04-17 13:35:02+00:00,2024-04-17 13:35:03+00:00,2024-04-17 09:35:02,2024-04-17 13:35:06+00:00,3,SELL,17922.5,17923.75,17930.0,-1,1,2,1.0,0,0.666666666666667,-28,356,-0.035714285714286,-0.002808988764045,0.0,0.0,0.0,-1.0,0,0,POST_BURST_ONLY,A_WINNER,2024-04-17
liquidity-burst-detector-2026-07-18-v2-response-families,LB_20240417_093502_SELL_0001,2024-04-17 13:35:02+00:00,2024-04-17 13:35:03+00:00,2024-04-17 09:35:02,2024-04-17 13:35:08+00:00,5,SELL,17922.5,17922.5,17930.0,0,1,2,1.0,0,0.4,-16,466,0.0,0.0,0.2,1.0,1.0,0.0,0,0,POST_BURST_ONLY,A_WINNER,2024-04-17
liquidity-burst-detector-2026-07-18-v2-response-families,LB_20240418_093109_SELL_0001,2024-04-18 13:31:09+00:00,2024-04-18 13:31:10+00:00,2024-04-18 09:31:09,2024-04-18 13:31:11+00:00,1,SELL,17660.0,17661.25,17661.25,-1,1,2,1.0,0,2.0,-14,90,-0.071428571428571,-0.011111111111111,0.0,0.0,0.0,-1.0,0,0,POST_BURST_ONLY,D_BORN_BAD_MFE_LE_2,2024-04-18
liquidity-burst-detector-2026-07-18-v2-response-families,LB_20240418_093109_SELL_0001,2024-04-18 13:31:09+00:00,2024-04-18 13:31:10+00:00,2024-04-18 09:31:09,2024-04-18 13:31:13+00:00,3,SELL,17660.0,17660.0,17661.25,0,3,2,1.0,0,0.666666666666667,5,263,0.0,0.0,0.333333333333333,1.0,0.91829583405449,0.0,0,0,POST_BURST_ONLY,D_BORN_BAD_MFE_LE_2,2024-04-18
liquidity-burst-detector-2026-07-18-v2-response-families,LB_20240418_093109_SELL_0001,2024-04-18 13:31:09+00:00,2024-04-18 13:31:10+00:00,2024-04-18 09:31:09,2024-04-18 13:31:15+00:00,5,SELL,17660.0,17661.25,17661.25,-1,3,2,1.0,0,0.4,2,394,-0.5,-0.00253807106599,0.2,0.666666666666667,0.811278124459133,-0.142857142857143,0,0,POST_BURST_ONLY,D_BORN_BAD_MFE_LE_2,2024-04-18
liquidity-burst-detector-2026-07-18-v2-response-families,LB_20240423_093145_BUY_0001,2024-04-23 13:31:45+00:00,2024-04-23 13:31:46+00:00,2024-04-23 09:31:45,2024-04-23 13:31:47+00:00,1,BUY,17445.0,17445.0,17440.0,0,1,1,1.0,0,1.0,27,145,0.0,0.0,0.0,0.0,0.0,0.0,0,0,POST_BURST_ONLY,D_BORN_BAD_MFE_LE_2,2024-04-23
liquidity-burst-detector-2026-07-18-v2-response-families,LB_20240423_093145_BUY_0001,2024-04-23 13:31:45+00:00,2024-04-23 13:31:46+00:00,2024-04-23 09:31:45,2024-04-23 13:31:49+00:00,3,BUY,17445.0,17441.25,17440.0,-3,1,3,1.0,0,1.0,9,321,-0.333333333333333,-0.009345794392523,0.0,0.0,0.0,-1.0,0,0,POST_BURST_ONLY,D_BORN_BAD_MFE_LE_2,2024-04-23
liquidity-burst-detector-2026-07-18-v2-response-families,LB_20240423_093145_BUY_0001,2024-04-23 13:31:45+00:00,2024-04-23 13:31:46+00:00,2024-04-23 09:31:45,2024-04-23 13:31:51+00:00,5,BUY,17445.0,17442.5,17440.0,-2,1,4,1.0,0,0.8,-4,450,-0.5,-0.004444444444444,0.2,0.333333333333333,0.811278124459133,-0.333333333333333,0,0,POST_BURST_ONLY,D_BORN_BAD_MFE_LE_2,2024-04-23
liquidity-burst-detector-2026-07-18-v2-response-families,LB_20240426_093151_SELL_0001,2024-04-26 13:31:51+00:00,2024-04-26 13:31:52+00:00,2024-04-26 09:31:51,2024-04-26 13:31:53+00:00,1,SELL,17675.0,17675.0,17687.5,0,1,2,1.0,0,2.0,-5,133,0.0,0.0,0.0,0.0,0.0,0.0,0,0,POST_BURST_ONLY,A_WINNER,2024-04-26
liquidity-burst-detector-2026-07-18-v2-response-families,LB_20240426_093151_SELL_0001,2024-04-26 13:31:51+00:00,2024-04-26 13:31:52+00:00,2024-04-26 09:31:51,2024-04-26 13:31:55+00:00,3,SELL,17675.0,17678.75,17687.5,-3,1,3,1.0,0,1.0,-25,301,-0.12,-0.009966777408638,0.0,0.0,0.0,-1.0,0,0,POST_BURST_ONLY,A_WINNER,2024-04-26
liquidity-burst-detector-2026-07-18-v2-response-families,LB_20240426_093151_SELL_0001,2024-04-26 13:31:51+00:00,2024-04-26 13:31:52+00:00,2024-04-26 09:31:51,2024-04-26 13:31:57+00:00,5,SELL,17675.0,17682.5,17687.5,-6,1,8,1.0,0,1.6,-50,498,-0.12,-0.012048192771084,0.2,0.666666666666667,0.811278124459133,-0.75,0,0,POST_BURST_ONLY,A_WINNER,2024-04-26
liquidity-burst-detector-2026-07-18-v2-response-families,LB_20240502_093112_SELL_0001,2024-05-02 13:31:12+00:00,2024-05-02 13:31:13+00:00,2024-05-02 09:31:12,2024-05-02 13:31:14+00:00,1,SELL,17571.25,17568.75,17575.0,2,4,0,1.0,0,0.0,55,183,0.036363636363636,0.010928961748634,1.0,0.0,0.0,1.0,0,0,POST_BURST_ONLY,D_BORN_BAD_MFE_LE_2,2024-05-02
liquidity-burst-detector-2026-07-18-v2-response-families,LB_20240502_093112_SELL_0001,2024-05-02 13:31:12+00:00,2024-05-02 13:31:13+00:00,2024-05-02 09:31:12,2024-05-02 13:31:16+00:00,3,SELL,17571.25,17568.75,17575.0,2,4,0,1.0,0,0.0,7,397,0.285714285714286,0.005037783375315,0.666666666666667,1.0,0.91829583405449,0.333333333333333,0,0,POST_BURST_ONLY,D_BORN_BAD_MFE_LE_2,2024-05-02
liquidity-burst-detector-2026-07-18-v2-response-families,LB_20240502_093112_SELL_0001,2024-05-02 13:31:12+00:00,2024-05-02 13:31:13+00:00,2024-05-02 09:31:12,2024-05-02 13:31:18+00:00,5,SELL,17571.25,17568.75,17575.0,2,4,0,1.0,0,0.0,-16,546,0.125,0.003663003663004,0.6,0.75,0.970950594454669,0.25,0,0,POST_BURST_ONLY,D_BORN_BAD_MFE_LE_2,2024-05-02
liquidity-burst-detector-2026-07-18-v2-response-families,LB_20240503_093157_SELL_0001,2024-05-03 13:31:57+00:00,2024-05-03 13:31:58+00:00,2024-05-03 09:31:57,2024-05-03 13:31:59+00:00,1,SELL,17937.5,17937.5,17947.5,0,1,1,1.0,0,1.0,-21,57,0.0,0.0,0.0,0.0,0.0,0.0,0,0,POST_BURST_ONLY,C_LOSER_MFE_3_TO_30,2024-05-03
liquidity-burst-detector-2026-07-18-v2-response-families,LB_20240503_093157_SELL_0001,2024-05-03 13:31:57+00:00,2024-05-03 13:31:58+00:00,2024-05-03 09:31:57,2024-05-03 13:32:01+00:00,3,SELL,17937.5,17935.0,17947.5,2,2,1,1.0,0,0.333333333333333,-18,252,0.111111111111111,0.007936507936508,0.333333333333333,1.0,1.0,0.5,0,0,POST_BURST_ONLY,C_LOSER_MFE_3_TO_30,2024-05-03
liquidity-burst-detector-2026-07-18-v2-response-families,LB_20240503_093157_SELL_0001,2024-05-03 13:31:57+00:00,2024-05-03 13:31:58+00:00,2024-05-03 09:31:57,2024-05-03 13:32:03+00:00,5,SELL,17937.5,17940.0,17947.5,-2,2,2,1.0,0,0.4,-59,443,-0.033898305084746,-0.00451467268623,0.2,0.666666666666667,0.811278124459133,-0.25,0,0,POST_BURST_ONLY,C_LOSER_MFE_3_TO_30,2024-05-03
liquidity-burst-detector-2026-07-18-v2-response-families,LB_20240506_093100_SELL_0001,2024-05-06 13:31:00+00:00,2024-05-06 13:31:01+00:00,2024-05-06 09:31:00,2024-05-06 13:31:02+00:00,1,SELL,18047.5,18051.25,18051.25,-3,1,4,1.0,0,4.0,-50,188,-0.06,-0.015957446808511,0.0,0.0,0.0,-1.0,0,0,POST_BURST_ONLY,A_WINNER,2024-05-06
liquidity-burst-detector-2026-07-18-v2-response-families,LB_20240506_093100_SELL_0001,2024-05-06 13:31:00+00:00,2024-05-06 13:31:01+00:00,2024-05-06 09:31:00,2024-05-06 13:31:04+00:00,3,SELL,18047.5,18052.5,18051.25,-4,1,4,0.666666666666667,1,1.333333333333333,-50,368,-0.08,-0.010869565217391,0.0,0.0,0.0,-1.0,0,0,POST_BURST_ONLY,A_WINNER,2024-05-06
liquidity-burst-detector-2026-07-18-v2-response-families,LB_20240506_093100_SELL_0001,2024-05-06 13:31:00+00:00,2024-05-06 13:31:01+00:00,2024-05-06 09:31:00,2024-05-06 13:31:06+00:00,5,SELL,18047.5,18057.5,18051.25,-8,1,8,0.4,1,1.6,-143,573,-0.055944055944056,-0.013961605584642,0.0,0.0,0.0,-1.0,3,0,POST_BURST_ONLY,A_WINNER,2024-05-06
liquidity-burst-detector-2026-07-18-v2-response-families,LB_20240510_093420_BUY_0001,2024-05-10 13:34:20+00:00,2024-05-10 13:34:21+00:00,2024-05-10 09:34:20,2024-05-10 13:34:22+00:00,1,BUY,18301.25,18300.0,18276.25,-1,1,1,1.0,0,1.0,-9,135,-0.111111111111111,-0.007407407407407,0.0,0.0,0.0,-1.0,0,0,POST_BURST_ONLY,D_BORN_BAD_MFE_LE_2,2024-05-10
liquidity-burst-detector-2026-07-18-v2-response-families,LB_20240510_093420_BUY_0001,2024-05-10 13:34:20+00:00,2024-05-10 13:34:21+00:00,2024-05-10 09:34:20,2024-05-10 13:34:24+00:00,3,BUY,18301.25,18298.75,18276.25,-2,1,2,1.0,0,0.666666666666667,-60,244,-0.033333333333333,-0.008196721311475,0.0,0.0,0.0,-1.0,0,0,POST_BURST_ONLY,D_BORN_BAD_MFE_LE_2,2024-05-10
liquidity-burst-detector-2026-07-18-v2-response-families,LB_20240510_093420_BUY_0001,2024-05-10 13:34:20+00:00,2024-05-10 13:34:21+00:00,2024-05-10 09:34:20,2024-05-10 13:34:26+00:00,5,BUY,18301.25,18302.5,18276.25,1,1,2,1.0,0,0.4,-9,367,0.111111111111111,0.002724795640327,0.2,0.5,0.91829583405449,0.2,0,0,POST_BURST_ONLY,D_BORN_BAD_MFE_LE_2,2024-05-10
liquidity-burst-detector-2026-07-18-v2-response-families,LB_20240520_093220_BUY_0001,2024-05-20 13:32:20+00:00,2024-05-20 13:32:21+00:00,2024-05-20 09:32:20,2024-05-20 13:32:22+00:00,1,BUY,18661.25,18661.25,18647.5,0,1,1,1.0,0,1.0,0,62,0.0,0.0,0.0,0.0,0.0,0.0,0,0,POST_BURST_ONLY,D_BORN_BAD_MFE_LE_2,2024-05-20
liquidity-burst-detector-2026-07-18-v2-response-families,LB_20240520_093220_BUY_0001,2024-05-20 13:32:20+00:00,2024-05-20 13:32:21+00:00,2024-05-20 09:32:20,2024-05-20 13:32:24+00:00,3,BUY,18661.25,18661.25,18647.5,0,1,1,1.0,0,0.333333333333333,-20,190,0.0,0.0,0.333333333333333,1.0,1.0,0.0,0,0,POST_BURST_ONLY,D_BORN_BAD_MFE_LE_2,2024-05-20
liquidity-burst-detector-2026-07-18-v2-response-families,LB_20240520_093220_BUY_0001,2024-05-20 13:32:20+00:00,2024-05-20 13:32:21+00:00,2024-05-20 09:32:20,2024-05-20 13:32:26+00:00,5,BUY,18661.25,18661.25,18647.5,0,1,1,1.0,0,0.2,8,308,0.0,0.0,0.2,1.0,1.0,0.0,0,0,POST_BURST_ONLY,D_BORN_BAD_MFE_LE_2,2024-05-20
liquidity-burst-detector-2026-07-18-v2-response-families,LB_20240528_093142_BUY_0001,2024-05-28 13:31:42+00:00,2024-05-28 13:31:43+00:00,2024-05-28 09:31:42,2024-05-28 13:31:44+00:00,1,BUY,18936.25,18935.0,18925.0,-1,0,1,1.0,0,1.0,5,79,-0.2,-0.012658227848101,0.0,0.0,0.0,-1.0,0,0,POST_BURST_ONLY,A_WINNER,2024-05-28
liquidity-burst-detector-2026-07-18-v2-response-families,LB_20240528_093142_BUY_0001,2024-05-28 13:31:42+00:00,2024-05-28 13:31:43+00:00,2024-05-28 09:31:42,2024-05-28 13:31:46+00:00,3,BUY,18936.25,18936.25,18925.0,0,0,1,1.0,0,0.333333333333333,16,208,0.0,0.0,0.333333333333333,1.0,1.0,0.0,0,0,POST_BURST_ONLY,A_WINNER,2024-05-28
liquidity-burst-detector-2026-07-18-v2-response-families,LB_20240528_093142_BUY_0001,2024-05-28 13:31:42+00:00,2024-05-28 13:31:43+00:00,2024-05-28 09:31:42,2024-05-28 13:31:48+00:00,5,BUY,18936.25,18933.75,18925.0,-2,0,2,1.0,0,0.4,-10,412,-0.2,-0.004854368932039,0.2,0.666666666666667,0.811278124459133,-0.5,0,0,POST_BURST_ONLY,A_WINNER,2024-05-28
liquidity-burst-detector-2026-07-18-v2-response-families,LB_20240603_093113_BUY_0001,2024-06-03 13:31:13+00:00,2024-06-03 13:31:14+00:00,2024-06-03 09:31:13,2024-06-03 13:31:15+00:00,1,BUY,18708.75,18708.75,18721.25,0,1,1,0.0,0,1.0,-14,50,0.0,0.0,0.0,0.0,0.0,0.0,0,0,POST_BURST_ONLY,C_LOSER_MFE_3_TO_30,2024-06-03
liquidity-burst-detector-2026-07-18-v2-response-families,LB_20240603_093113_BUY_0001,2024-06-03 13:31:13+00:00,2024-06-03 13:31:14+00:00,2024-06-03 09:31:13,2024-06-03 13:31:17+00:00,3,BUY,18708.75,18710.0,18721.25,1,1,1,0.0,0,0.333333333333333,-32,152,0.03125,0.006578947368421,0.333333333333333,0.0,0.0,1.0,0,0,POST_BURST_ONLY,C_LOSER_MFE_3_TO_30,2024-06-03
liquidity-burst-detector-2026-07-18-v2-response-families,LB_20240603_093113_BUY_0001,2024-06-03 13:31:13+00:00,2024-06-03 13:31:14+00:00,2024-06-03 09:31:13,2024-06-03 13:31:19+00:00,5,BUY,18708.75,18711.25,18721.25,2,3,1,0.0,0,0.2,-39,259,0.051282051282051,0.007722007722008,0.4,0.0,0.0,1.0,0,0,POST_BURST_ONLY,C_LOSER_MFE_3_TO_30,2024-06-03
liquidity-burst-detector-2026-07-18-v2-response-families,LB_20240605_093547_SELL_0002,2024-06-05 13:35:47+00:00,2024-06-05 13:35:48+00:00,2024-06-05 09:35:47,2024-06-05 13:35:49+00:00,1,SELL,18817.5,18817.5,18823.75,0,1,1,1.0,0,1.0,34,120,0.0,0.0,0.0,0.0,0.0,0.0,0,0,POST_BURST_ONLY,A_WINNER,2024-06-05
liquidity-burst-detector-2026-07-18-v2-response-families,LB_20240605_093547_SELL_0002,2024-06-05 13:35:47+00:00,2024-06-05 13:35:48+00:00,2024-06-05 09:35:47,2024-06-05 13:35:51+00:00,3,SELL,18817.5,18818.75,18823.75,-1,1,2,1.0,0,0.666666666666667,7,203,-0.142857142857143,-0.004926108374384,0.0,0.0,0.0,-1.0,0,0,POST_BURST_ONLY,A_WINNER,2024-06-05
liquidity-burst-detector-2026-07-18-v2-response-families,LB_20240605_093547_SELL_0002,2024-06-05 13:35:47+00:00,2024-06-05 13:35:48+00:00,2024-06-05 09:35:47,2024-06-05 13:35:53+00:00,5,SELL,18817.5,18816.25,18823.75,1,3,2,1.0,0,0.4,54,400,0.018518518518519,0.0025,0.2,1.0,0.91829583405449,0.2,0,0,POST_BURST_ONLY,A_WINNER,2024-06-05
liquidity-burst-detector-2026-07-18-v2-response-families,LB_20240606_093413_BUY_0001,2024-06-06 13:34:13+00:00,2024-06-06 13:34:14+00:00,2024-06-06 09:34:13,2024-06-06 13:34:15+00:00,1,BUY,19107.5,19107.5,19105.0,0,1,0,1.0,0,0.0,-2,14,0.0,0.0,0.0,0.0,0.0,0.0,0,0,POST_BURST_ONLY,A_WINNER,2024-06-06
liquidity-burst-detector-2026-07-18-v2-response-families,LB_20240606_093413_BUY_0001,2024-06-06 13:34:13+00:00,2024-06-06 13:34:14+00:00,2024-06-06 09:34:13,2024-06-06 13:34:17+00:00,3,BUY,19107.5,19108.75,19105.0,1,1,1,1.0,0,0.333333333333333,8,94,0.125,0.01063829787234,0.333333333333333,0.0,0.0,1.0,0,0,POST_BURST_ONLY,A_WINNER,2024-06-06
liquidity-burst-detector-2026-07-18-v2-response-families,LB_20240606_093413_BUY_0001,2024-06-06 13:34:13+00:00,2024-06-06 13:34:14+00:00,2024-06-06 09:34:13,2024-06-06 13:34:19+00:00,5,BUY,19107.5,19110.0,19105.0,2,3,1,1.0,0,0.2,28,188,0.071428571428571,0.01063829787234,0.4,0.0,0.0,1.0,0,0,POST_BURST_ONLY,A_WINNER,2024-06-06
liquidity-burst-detector-2026-07-18-v2-response-families,LB_20240610_093421_BUY_0001,2024-06-10 13:34:21+00:00,2024-06-10 13:34:22+00:00,2024-06-10 09:34:21,2024-06-10 13:34:23+00:00,1,BUY,19012.5,19016.25,18996.25,3,3,0,1.0,0,0.0,62,120,0.048387096774194,0.025,1.0,0.0,0.0,1.0,0,0,POST_BURST_ONLY,A_WINNER,2024-06-10
liquidity-burst-detector-2026-07-18-v2-response-families,LB_20240610_093421_BUY_0001,2024-06-10 13:34:21+00:00,2024-06-10 13:34:22+00:00,2024-06-10 09:34:21,2024-06-10 13:34:25+00:00,3,BUY,19012.5,19016.25,18996.25,3,4,0,1.0,0,0.0,82,334,0.036585365853659,0.008982035928144,0.666666666666667,1.0,0.91829583405449,0.6,0,0,POST_BURST_ONLY,A_WINNER,2024-06-10
liquidity-burst-detector-2026-07-18-v2-response-families,LB_20240610_093421_BUY_0001,2024-06-10 13:34:21+00:00,2024-06-10 13:34:22+00:00,2024-06-10 09:34:21,2024-06-10 13:34:27+00:00,5,BUY,19012.5,19013.75,18996.25,1,4,0,1.0,0,0.0,62,448,0.016129032258065,0.002232142857143,0.4,0.75,0.970950594454669,0.142857142857143,0,0,POST_BURST_ONLY,A_WINNER,2024-06-10
liquidity-burst-detector-2026-07-18-v2-response-families,LB_20240611_093350_BUY_0001,2024-06-11 13:33:50+00:00,2024-06-11 13:33:51+00:00,2024-06-11 09:33:50,2024-06-11 13:33:52+00:00,1,BUY,19073.75,19075.0,19066.25,1,2,0,1.0,0,0.0,66,166,0.015151515151515,0.006024096385542,1.0,0.0,0.0,1.0,0,0,POST_BURST_ONLY,A_WINNER,2024-06-11
liquidity-burst-detector-2026-07-18-v2-response-families,LB_20240611_093350_BUY_0001,2024-06-11 13:33:50+00:00,2024-06-11 13:33:51+00:00,2024-06-11 09:33:50,2024-06-11 13:33:54+00:00,3,BUY,19073.75,19075.0,19066.25,1,2,1,1.0,0,0.333333333333333,36,300,0.027777777777778,0.003333333333333,0.666666666666667,1.0,0.91829583405449,0.2,0,0,POST_BURST_ONLY,A_WINNER,2024-06-11
liquidity-burst-detector-2026-07-18-v2-response-families,LB_20240611_093350_BUY_0001,2024-06-11 13:33:50+00:00,2024-06-11 13:33:51+00:00,2024-06-11 09:33:50,2024-06-11 13:33:56+00:00,5,BUY,19073.75,19075.0,19066.25,1,2,1,1.0,0,0.2,78,454,0.012820512820513,0.002202643171806,0.6,0.75,0.970950594454669,0.142857142857143,0,0,POST_BURST_ONLY,A_WINNER,2024-06-11
liquidity-burst-detector-2026-07-18-v2-response-families,LB_20240613_093209_BUY_0001,2024-06-13 13:32:09+00:00,2024-06-13 13:32:10+00:00,2024-06-13 09:32:09,2024-06-13 13:32:11+00:00,1,BUY,19647.5,19647.5,19643.75,0,0,2,1.0,0,2.0,-1,71,0.0,0.0,0.0,0.0,0.0,0.0,0,0,POST_BURST_ONLY,A_WINNER,2024-06-13
liquidity-burst-detector-2026-07-18-v2-response-families,LB_20240613_093209_BUY_0001,2024-06-13 13:32:09+00:00,2024-06-13 13:32:10+00:00,2024-06-13 09:32:09,2024-06-13 13:32:13+00:00,3,BUY,19647.5,19642.5,19643.75,-4,0,4,0.666666666666667,1,1.333333333333333,-6,214,-0.666666666666667,-0.018691588785047,0.0,0.0,0.0,-1.0,0,0,POST_BURST_ONLY,A_WINNER,2024-06-13
liquidity-burst-detector-2026-07-18-v2-response-families,LB_20240613_093209_BUY_0001,2024-06-13 13:32:09+00:00,2024-06-13 13:32:10+00:00,2024-06-13 09:32:09,2024-06-13 13:32:15+00:00,5,BUY,19647.5,19643.75,19643.75,-3,0,7,0.6,1,1.4,-37,447,-0.081081081081081,-0.006711409395973,0.2,0.333333333333333,0.811278124459133,-0.333333333333333,2,0,POST_BURST_ONLY,A_WINNER,2024-06-13
liquidity-burst-detector-2026-07-18-v2-response-families,LB_20240614_093644_BUY_0001,2024-06-14 13:36:44+00:00,2024-06-14 13:36:45+00:00,2024-06-14 09:36:44,2024-06-14 13:36:46+00:00,1,BUY,19587.5,19587.5,19583.75,0,0,1,1.0,0,1.0,2,72,0.0,0.0,0.0,0.0,0.0,0.0,0,0,POST_BURST_ONLY,D_BORN_BAD_MFE_LE_2,2024-06-14
liquidity-burst-detector-2026-07-18-v2-response-families,LB_20240614_093644_BUY_0001,2024-06-14 13:36:44+00:00,2024-06-14 13:36:45+00:00,2024-06-14 09:36:44,2024-06-14 13:36:48+00:00,3,BUY,19587.5,19587.5,19583.75,0,0,2,1.0,0,0.666666666666667,-5,147,0.0,0.0,0.333333333333333,1.0,1.0,0.0,0,0,POST_BURST_ONLY,D_BORN_BAD_MFE_LE_2,2024-06-14
liquidity-burst-detector-2026-07-18-v2-response-families,LB_20240614_093644_BUY_0001,2024-06-14 13:36:44+00:00,2024-06-14 13:36:45+00:00,2024-06-14 09:36:44,2024-06-14 13:36:50+00:00,5,BUY,19587.5,19586.25,19583.75,-1,0,2,1.0,0,0.4,19,237,-0.052631578947368,-0.0042194092827,0.2,1.0,0.91829583405449,-0.333333333333333,0,0,POST_BURST_ONLY,D_BORN_BAD_MFE_LE_2,2024-06-14
liquidity-burst-detector-2026-07-18-v2-response-families,LB_20240708_093223_BUY_0001,2024-07-08 13:32:23+00:00,2024-07-08 13:32:24+00:00,2024-07-08 09:32:23,2024-07-08 13:32:25+00:00,1,BUY,20642.5,20638.75,20637.5,-3,1,3,1.0,0,3.0,-51,173,-0.058823529411765,-0.017341040462428,0.0,0.0,0.0,-1.0,0,0,POST_BURST_ONLY,A_WINNER,2024-07-08
liquidity-burst-detector-2026-07-18-v2-response-families,LB_20240708_093223_BUY_0001,2024-07-08 13:32:23+00:00,2024-07-08 13:32:24+00:00,2024-07-08 09:32:23,2024-07-08 13:32:27+00:00,3,BUY,20642.5,20641.25,20637.5,-1,1,3,1.0,0,1.0,-81,369,-0.012345679012346,-0.002710027100271,0.666666666666667,0.5,0.91829583405449,-0.2,0,0,POST_BURST_ONLY,A_WINNER,2024-07-08
liquidity-burst-detector-2026-07-18-v2-response-families,LB_20240708_093223_BUY_0001,2024-07-08 13:32:23+00:00,2024-07-08 13:32:24+00:00,2024-07-08 09:32:23,2024-07-08 13:32:29+00:00,5,BUY,20642.5,20641.25,20637.5,-1,1,3,1.0,0,0.6,-85,543,-0.011764705882353,-0.001841620626151,0.4,0.5,0.91829583405449,-0.2,0,0,POST_BURST_ONLY,A_WINNER,2024-07-08
liquidity-burst-detector-2026-07-18-v2-response-families,LB_20240712_093101_BUY_0001,2024-07-12 13:31:01+00:00,2024-07-12 13:31:02+00:00,2024-07-12 09:31:01,2024-07-12 13:31:03+00:00,1,BUY,20468.75,20467.5,20461.25,-1,1,1,1.0,0,1.0,-17,131,-0.058823529411765,-0.00763358778626,0.0,0.0,0.0,-1.0,0,0,POST_BURST_ONLY,A_WINNER,2024-07-12
liquidity-burst-detector-2026-07-18-v2-response-families,LB_20240712_093101_BUY_0001,2024-07-12 13:31:01+00:00,2024-07-12 13:31:02+00:00,2024-07-12 09:31:01,2024-07-12 13:31:05+00:00,3,BUY,20468.75,20468.75,20461.25,0,2,1,1.0,0,0.333333333333333,-42,442,0.0,0.0,0.333333333333333,1.0,0.91829583405449,0.0,0,0,POST_BURST_ONLY,A_WINNER,2024-07-12
liquidity-burst-detector-2026-07-18-v2-response-families,LB_20240712_093101_BUY_0001,2024-07-12 13:31:01+00:00,2024-07-12 13:31:02+00:00,2024-07-12 09:31:01,2024-07-12 13:31:07+00:00,5,BUY,20468.75,20465.0,20461.25,-3,2,3,1.0,0,0.6,-129,725,-0.023255813953488,-0.004137931034483,0.2,0.5,0.721928094887362,-0.428571428571429,0,0,POST_BURST_ONLY,A_WINNER,2024-07-12
liquidity-burst-detector-2026-07-18-v2-response-families,LB_20240715_093321_BUY_0001,2024-07-15 13:33:21+00:00,2024-07-15 13:33:22+00:00,2024-07-15 09:33:21,2024-07-15 13:33:23+00:00,1,BUY,20630.0,20631.25,20623.75,1,1,1,1.0,0,1.0,0,62,0.0,0.016129032258065,1.0,0.0,0.0,1.0,0,0,POST_BURST_ONLY,A_WINNER,2024-07-15
liquidity-burst-detector-2026-07-18-v2-response-families,LB_20240715_093321_BUY_0001,2024-07-15 13:33:21+00:00,2024-07-15 13:33:22+00:00,2024-07-15 09:33:21,2024-07-15 13:33:25+00:00,3,BUY,20630.0,20628.75,20623.75,-1,1,1,1.0,0,0.333333333333333,-19,199,-0.052631578947368,-0.005025125628141,0.333333333333333,0.5,0.91829583405449,-0.333333333333333,0,0,POST_BURST_ONLY,A_WINNER,2024-07-15
liquidity-burst-detector-2026-07-18-v2-response-families,LB_20240715_093321_BUY_0001,2024-07-15 13:33:21+00:00,2024-07-15 13:33:22+00:00,2024-07-15 09:33:21,2024-07-15 13:33:27+00:00,5,BUY,20630.0,20628.75,20623.75,-1,1,2,1.0,0,0.4,-21,325,-0.047619047619048,-0.003076923076923,0.2,0.5,0.91829583405449,-0.333333333333333,0,0,POST_BURST_ONLY,A_WINNER,2024-07-15
liquidity-burst-detector-2026-07-18-v2-response-families,LB_20240716_093212_BUY_0001,2024-07-16 13:32:12+00:00,2024-07-16 13:32:13+00:00,2024-07-16 09:32:12,2024-07-16 13:32:14+00:00,1,BUY,20660.0,20658.75,20657.5,-1,1,1,1.0,0,1.0,3,81,-0.333333333333333,-0.012345679012346,0.0,0.0,0.0,-1.0,0,0,POST_BURST_ONLY,A_WINNER,2024-07-16
liquidity-burst-detector-2026-07-18-v2-response-families,LB_20240716_093212_BUY_0001,2024-07-16 13:32:12+00:00,2024-07-16 13:32:13+00:00,2024-07-16 09:32:12,2024-07-16 13:32:16+00:00,3,BUY,20660.0,20661.25,20657.5,1,1,2,1.0,0,0.666666666666667,22,218,0.045454545454545,0.004587155963303,0.333333333333333,0.5,0.91829583405449,0.2,0,0,POST_BURST_ONLY,A_WINNER,2024-07-16
liquidity-burst-detector-2026-07-18-v2-response-families,LB_20240716_093212_BUY_0001,2024-07-16 13:32:12+00:00,2024-07-16 13:32:13+00:00,2024-07-16 09:32:12,2024-07-16 13:32:18+00:00,5,BUY,20660.0,20662.5,20657.5,2,2,2,1.0,0,0.4,39,313,0.051282051282051,0.006389776357827,0.4,0.333333333333333,1.0,0.333333333333333,0,0,POST_BURST_ONLY,A_WINNER,2024-07-16
liquidity-burst-detector-2026-07-18-v2-response-families,LB_20240718_093155_SELL_0001,2024-07-18 13:31:55+00:00,2024-07-18 13:31:56+00:00,2024-07-18 09:31:55,2024-07-18 13:31:57+00:00,1,SELL,20112.5,20115.0,20118.75,-2,0,3,1.0,0,3.0,-30,94,-0.066666666666667,-0.021276595744681,0.0,0.0,0.0,-1.0,0,0,POST_BURST_ONLY,C_LOSER_MFE_3_TO_30,2024-07-18
liquidity-burst-detector-2026-07-18-v2-response-families,LB_20240718_093155_SELL_0001,2024-07-18 13:31:55+00:00,2024-07-18 13:31:56+00:00,2024-07-18 09:31:55,2024-07-18 13:31:59+00:00,3,SELL,20112.5,20113.75,20118.75,-1,1,3,1.0,0,1.0,-21,227,-0.047619047619048,-0.004405286343612,0.333333333333333,1.0,0.91829583405449,-0.142857142857143,0,0,POST_BURST_ONLY,C_LOSER_MFE_3_TO_30,2024-07-18
liquidity-burst-detector-2026-07-18-v2-response-families,LB_20240718_093155_SELL_0001,2024-07-18 13:31:55+00:00,2024-07-18 13:31:56+00:00,2024-07-18 09:31:55,2024-07-18 13:32:01+00:00,5,SELL,20112.5,20113.75,20118.75,-1,2,3,1.0,0,0.6,-56,540,-0.017857142857143,-0.001851851851852,0.4,1.0,0.970950594454669,-0.090909090909091,0,0,POST_BURST_ONLY,C_LOSER_MFE_3_TO_30,2024-07-18
liquidity-burst-detector-2026-07-18-v2-response-families,LB_20240722_093156_SELL_0001,2024-07-22 13:31:56+00:00,2024-07-22 13:31:57+00:00,2024-07-22 09:31:56,2024-07-22 13:31:58+00:00,1,SELL,19900.0,19901.25,19910.0,-1,1,1,1.0,0,1.0,-21,133,-0.047619047619048,-0.007518796992481,0.0,0.0,0.0,-1.0,0,0,POST_BURST_ONLY,A_WINNER,2024-07-22
liquidity-burst-detector-2026-07-18-v2-response-families,LB_20240722_093156_SELL_0001,2024-07-22 13:31:56+00:00,2024-07-22 13:31:57+00:00,2024-07-22 09:31:56,2024-07-22 13:32:00+00:00,3,SELL,19900.0,19902.5,19910.0,-2,1,2,1.0,0,0.666666666666667,-23,359,-0.08695652173913,-0.005571030640669,0.0,0.0,0.0,-1.0,0,0,POST_BURST_ONLY,A_WINNER,2024-07-22
liquidity-burst-detector-2026-07-18-v2-response-families,LB_20240722_093156_SELL_0001,2024-07-22 13:31:56+00:00,2024-07-22 13:31:57+00:00,2024-07-22 09:31:56,2024-07-22 13:32:02+00:00,5,SELL,19900.0,19901.25,19910.0,-1,1,3,1.0,0,0.6,-4,630,-0.25,-0.001587301587302,0.2,0.5,0.91829583405449,-0.333333333333333,0,0,POST_BURST_ONLY,A_WINNER,2024-07-22
liquidity-burst-detector-2026-07-18-v2-response-families,LB_20240726_093346_SELL_0001,2024-07-26 13:33:46+00:00,2024-07-26 13:33:47+00:00,2024-07-26 09:33:46,2024-07-26 13:33:48+00:00,1,SELL,19118.75,19117.5,19120.0,1,1,1,1.0,0,1.0,25,111,0.04,0.009009009009009,1.0,0.0,0.0,1.0,0,0,POST_BURST_ONLY,D_BORN_BAD_MFE_LE_2,2024-07-26
liquidity-burst-detector-2026-07-18-v2-response-families,LB_20240726_093346_SELL_0001,2024-07-26 13:33:46+00:00,2024-07-26 13:33:47+00:00,2024-07-26 09:33:46,2024-07-26 13:33:50+00:00,3,SELL,19118.75,19121.25,19120.0,-2,1,2,0.666666666666667,1,0.666666666666667,-11,221,-0.181818181818182,-0.009049773755656,0.333333333333333,0.5,0.91829583405449,-0.5,0,0,POST_BURST_ONLY,D_BORN_BAD_MFE_LE_2,2024-07-26
liquidity-burst-detector-2026-07-18-v2-response-families,LB_20240726_093346_SELL_0001,2024-07-26 13:33:46+00:00,2024-07-26 13:33:47+00:00,2024-07-26 09:33:46,2024-07-26 13:33:52+00:00,5,SELL,19118.75,19120.0,19120.0,-1,1,3,0.6,1,0.6,-14,292,-0.071428571428571,-0.003424657534247,0.4,0.666666666666667,1.0,-0.2,0,0,POST_BURST_ONLY,D_BORN_BAD_MFE_LE_2,2024-07-26
liquidity-burst-detector-2026-07-18-v2-response-families,LB_20240730_093638_BUY_0001,2024-07-30 13:36:38+00:00,2024-07-30 13:36:39+00:00,2024-07-30 09:36:38,2024-07-30 13:36:40+00:00,1,BUY,19301.25,19297.5,19293.75,-3,0,3,1.0,0,3.0,-16,44,-0.1875,-0.068181818181818,0.0,0.0,0.0,-1.0,0,0,POST_BURST_ONLY,A_WINNER,2024-07-30
liquidity-burst-detector-2026-07-18-v2-response-families,LB_20240730_093638_BUY_0001,2024-07-30 13:36:38+00:00,2024-07-30 13:36:39+00:00,2024-07-30 09:36:38,2024-07-30 13:36:42+00:00,3,BUY,19301.25,19297.5,19293.75,-3,0,4,1.0,0,1.333333333333333,-14,116,-0.214285714285714,-0.025862068965517,0.333333333333333,0.5,0.91829583405449,-0.6,0,0,POST_BURST_ONLY,A_WINNER,2024-07-30
liquidity-burst-detector-2026-07-18-v2-response-families,LB_20240730_093638_BUY_0001,2024-07-30 13:36:38+00:00,2024-07-30 13:36:39+00:00,2024-07-30 09:36:38,2024-07-30 13:36:44+00:00,5,BUY,19301.25,19295.0,19293.75,-5,0,6,1.0,0,1.2,-35,183,-0.142857142857143,-0.027322404371585,0.2,0.666666666666667,0.811278124459133,-0.714285714285714,0,0,POST_BURST_ONLY,A_WINNER,2024-07-30
liquidity-burst-detector-2026-07-18-v2-response-families,LB_20240808_093753_SELL_0001,2024-08-08 13:37:53+00:00,2024-08-08 13:37:54+00:00,2024-08-08 09:37:53,2024-08-08 13:37:55+00:00,1,SELL,18165.0,18163.75,18203.75,1,1,2,1.0,0,2.0,3,87,0.333333333333333,0.011494252873563,1.0,0.0,0.0,1.0,0,0,POST_BURST_ONLY,A_WINNER,2024-08-08
liquidity-burst-detector-2026-07-18-v2-response-families,LB_20240808_093753_SELL_0001,2024-08-08 13:37:53+00:00,2024-08-08 13:37:54+00:00,2024-08-08 09:37:53,2024-08-08 13:37:57+00:00,3,SELL,18165.0,18162.5,18203.75,2,5,2,1.0,0,0.666666666666667,40,244,0.05,0.008196721311475,0.666666666666667,0.5,0.91829583405449,0.333333333333333,0,0,POST_BURST_ONLY,A_WINNER,2024-08-08
liquidity-burst-detector-2026-07-18-v2-response-families,LB_20240808_093753_SELL_0001,2024-08-08 13:37:53+00:00,2024-08-08 13:37:54+00:00,2024-08-08 09:37:53,2024-08-08 13:37:59+00:00,5,SELL,18165.0,18158.75,18203.75,5,7,2,1.0,0,0.4,77,365,0.064935064935065,0.013698630136986,0.8,0.5,0.721928094887362,0.555555555555556,0,0,POST_BURST_ONLY,A_WINNER,2024-08-08
liquidity-burst-detector-2026-07-18-v2-response-families,LB_20240813_093126_BUY_0001,2024-08-13 13:31:26+00:00,2024-08-13 13:31:27+00:00,2024-08-13 09:31:26,2024-08-13 13:31:28+00:00,1,BUY,18851.25,18852.5,18845.0,1,2,0,1.0,0,0.0,32,82,0.03125,0.01219512195122,1.0,0.0,0.0,1.0,0,0,POST_BURST_ONLY,D_BORN_BAD_MFE_LE_2,2024-08-13
liquidity-burst-detector-2026-07-18-v2-response-families,LB_20240813_093126_BUY_0001,2024-08-13 13:31:26+00:00,2024-08-13 13:31:27+00:00,2024-08-13 09:31:26,2024-08-13 13:31:30+00:00,3,BUY,18851.25,18855.0,18845.0,3,4,0,1.0,0,0.0,69,261,0.043478260869565,0.011494252873563,0.666666666666667,0.0,0.0,1.0,0,0,POST_BURST_ONLY,D_BORN_BAD_MFE_LE_2,2024-08-13
liquidity-burst-detector-2026-07-18-v2-response-families,LB_20240813_093126_BUY_0001,2024-08-13 13:31:26+00:00,2024-08-13 13:31:27+00:00,2024-08-13 09:31:26,2024-08-13 13:31:32+00:00,5,BUY,18851.25,18853.75,18845.0,2,5,0,1.0,0,0.0,72,410,0.027777777777778,0.004878048780488,0.6,0.333333333333333,0.811278124459133,0.25,0,0,POST_BURST_ONLY,D_BORN_BAD_MFE_LE_2,2024-08-13
liquidity-burst-detector-2026-07-18-v2-response-families,LB_20240814_093352_SELL_0001,2024-08-14 13:33:52+00:00,2024-08-14 13:33:53+00:00,2024-08-14 09:33:52,2024-08-14 13:33:54+00:00,1,SELL,19117.5,19120.0,19128.75,-2,1,2,1.0,0,2.0,-10,64,-0.2,-0.03125,0.0,0.0,0.0,-1.0,0,0,POST_BURST_ONLY,A_WINNER,2024-08-14
liquidity-burst-detector-2026-07-18-v2-response-families,LB_20240814_093352_SELL_0001,2024-08-14 13:33:52+00:00,2024-08-14 13:33:53+00:00,2024-08-14 09:33:52,2024-08-14 13:33:56+00:00,3,SELL,19117.5,19120.0,19128.75,-2,1,3,1.0,0,1.0,-11,135,-0.181818181818182,-0.014814814814815,0.333333333333333,1.0,0.91829583405449,-0.5,0,0,POST_BURST_ONLY,A_WINNER,2024-08-14
liquidity-burst-detector-2026-07-18-v2-response-families,LB_20240814_093352_SELL_0001,2024-08-14 13:33:52+00:00,2024-08-14 13:33:53+00:00,2024-08-14 09:33:52,2024-08-14 13:33:58+00:00,5,SELL,19117.5,19120.0,19128.75,-2,1,3,1.0,0,0.6,-1,191,-2.0,-0.010471204188482,0.4,1.0,0.970950594454669,-0.333333333333333,0,0,POST_BURST_ONLY,A_WINNER,2024-08-14
liquidity-burst-detector-2026-07-18-v2-response-families,LB_20240815_093200_BUY_0001,2024-08-15 13:32:00+00:00,2024-08-15 13:32:01+00:00,2024-08-15 09:32:00,2024-08-15 13:32:02+00:00,1,BUY,19375.0,19375.0,19367.5,0,1,1,1.0,0,1.0,-2,96,0.0,0.0,0.0,0.0,0.0,0.0,0,0,POST_BURST_ONLY,A_WINNER,2024-08-15
liquidity-burst-detector-2026-07-18-v2-response-families,LB_20240815_093200_BUY_0001,2024-08-15 13:32:00+00:00,2024-08-15 13:32:01+00:00,2024-08-15 09:32:00,2024-08-15 13:32:04+00:00,3,BUY,19375.0,19377.5,19367.5,2,3,1,1.0,0,0.333333333333333,-14,234,0.142857142857143,0.008547008547009,0.333333333333333,0.0,0.0,1.0,0,0,POST_BURST_ONLY,A_WINNER,2024-08-15
liquidity-burst-detector-2026-07-18-v2-response-families,LB_20240815_093200_BUY_0001,2024-08-15 13:32:00+00:00,2024-08-15 13:32:01+00:00,2024-08-15 09:32:00,2024-08-15 13:32:06+00:00,5,BUY,19375.0,19375.0,19367.5,0,3,1,1.0,0,0.2,-19,377,0.0,0.0,0.4,1.0,0.91829583405449,0.0,0,0,POST_BURST_ONLY,A_WINNER,2024-08-15
liquidity-burst-detector-2026-07-18-v2-response-families,LB_20240820_093307_BUY_0001,2024-08-20 13:33:07+00:00,2024-08-20 13:33:08+00:00,2024-08-20 09:33:07,2024-08-20 13:33:09+00:00,1,BUY,19851.25,19851.25,19837.5,0,0,2,1.0,0,2.0,14,44,0.0,0.0,0.0,0.0,0.0,0.0,0,0,POST_BURST_ONLY,D_BORN_BAD_MFE_LE_2,2024-08-20
liquidity-burst-detector-2026-07-18-v2-response-families,LB_20240820_093307_BUY_0001,2024-08-20 13:33:07+00:00,2024-08-20 13:33:08+00:00,2024-08-20 09:33:07,2024-08-20 13:33:11+00:00,3,BUY,19851.25,19851.25,19837.5,0,0,2,1.0,0,0.666666666666667,-7,139,0.0,0.0,0.333333333333333,1.0,1.0,0.0,0,0,POST_BURST_ONLY,D_BORN_BAD_MFE_LE_2,2024-08-20
liquidity-burst-detector-2026-07-18-v2-response-families,LB_20240820_093307_BUY_0001,2024-08-20 13:33:07+00:00,2024-08-20 13:33:08+00:00,2024-08-20 09:33:07,2024-08-20 13:33:13+00:00,5,BUY,19851.25,19850.0,19837.5,-1,0,3,1.0,0,0.6,10,236,-0.1,-0.004237288135593,0.4,1.0,1.0,-0.142857142857143,0,0,POST_BURST_ONLY,D_BORN_BAD_MFE_LE_2,2024-08-20
liquidity-burst-detector-2026-07-18-v2-response-families,LB_20240829_093133_BUY_0001,2024-08-29 13:31:33+00:00,2024-08-29 13:31:34+00:00,2024-08-29 09:31:33,2024-08-29 13:31:35+00:00,1,BUY,19520.0,19521.25,19510.0,1,2,1,1.0,0,1.0,22,106,0.045454545454545,0.009433962264151,1.0,0.0,0.0,1.0,0,0,POST_BURST_ONLY,D_BORN_BAD_MFE_LE_2,2024-08-29
liquidity-burst-detector-2026-07-18-v2-response-families,LB_20240829_093133_BUY_0001,2024-08-29 13:31:33+00:00,2024-08-29 13:31:34+00:00,2024-08-29 09:31:33,2024-08-29 13:31:37+00:00,3,BUY,19520.0,19525.0,19510.0,4,4,1,1.0,0,0.333333333333333,49,265,0.081632653061224,0.015094339622642,1.0,0.0,0.0,1.0,0,0,POST_BURST_ONLY,D_BORN_BAD_MFE_LE_2,2024-08-29
liquidity-burst-detector-2026-07-18-v2-response-families,LB_20240829_093133_BUY_0001,2024-08-29 13:31:33+00:00,2024-08-29 13:31:34+00:00,2024-08-29 09:31:33,2024-08-29 13:31:39+00:00,5,BUY,19520.0,19523.75,19510.0,3,5,1,1.0,0,0.2,57,405,0.052631578947368,0.007407407407407,0.8,0.5,0.721928094887362,0.333333333333333,0,0,POST_BURST_ONLY,D_BORN_BAD_MFE_LE_2,2024-08-29
liquidity-burst-detector-2026-07-18-v2-response-families,LB_20240903_093100_SELL_0001,2024-09-03 13:31:00+00:00,2024-09-03 13:31:01+00:00,2024-09-03 09:31:00,2024-09-03 13:31:02+00:00,1,SELL,19436.25,19441.25,19450.0,-4,2,6,1.0,0,6.0,-12,210,-0.333333333333333,-0.019047619047619,0.0,0.0,0.0,-1.0,0,0,POST_BURST_ONLY,A_WINNER,2024-09-03
liquidity-burst-detector-2026-07-18-v2-response-families,LB_20240903_093100_SELL_0001,2024-09-03 13:31:00+00:00,2024-09-03 13:31:01+00:00,2024-09-03 09:31:00,2024-09-03 13:31:04+00:00,3,SELL,19436.25,19441.25,19450.0,-4,2,6,1.0,0,2.0,-19,337,-0.210526315789474,-0.01186943620178,0.333333333333333,1.0,0.91829583405449,-0.666666666666667,0,0,POST_BURST_ONLY,A_WINNER,2024-09-03
liquidity-burst-detector-2026-07-18-v2-response-families,LB_20240903_093100_SELL_0001,2024-09-03 13:31:00+00:00,2024-09-03 13:31:01+00:00,2024-09-03 09:31:00,2024-09-03 13:31:06+00:00,5,SELL,19436.25,19440.0,19450.0,-3,2,6,1.0,0,1.2,2,438,-1.5,-0.006849315068493,0.4,1.0,0.970950594454669,-0.333333333333333,0,0,POST_BURST_ONLY,A_WINNER,2024-09-03
liquidity-burst-detector-2026-07-18-v2-response-families,LB_20240916_093207_SELL_0001,2024-09-16 13:32:07+00:00,2024-09-16 13:32:08+00:00,2024-09-16 09:32:07,2024-09-16 13:32:09+00:00,1,SELL,19628.75,19628.75,19640.0,0,1,1,1.0,0,1.0,5,81,0.0,0.0,0.0,0.0,0.0,0.0,0,0,POST_BURST_ONLY,D_BORN_BAD_MFE_LE_2,2024-09-16
liquidity-burst-detector-2026-07-18-v2-response-families,LB_20240916_093207_SELL_0001,2024-09-16 13:32:07+00:00,2024-09-16 13:32:08+00:00,2024-09-16 09:32:07,2024-09-16 13:32:11+00:00,3,SELL,19628.75,19631.25,19640.0,-2,2,2,1.0,0,0.666666666666667,7,167,-0.285714285714286,-0.011976047904192,0.0,0.0,0.0,-1.0,0,0,POST_BURST_ONLY,D_BORN_BAD_MFE_LE_2,2024-09-16
liquidity-burst-detector-2026-07-18-v2-response-families,LB_20240916_093207_SELL_0001,2024-09-16 13:32:07+00:00,2024-09-16 13:32:08+00:00,2024-09-16 09:32:07,2024-09-16 13:32:13+00:00,5,SELL,19628.75,19627.5,19640.0,1,4,2,1.0,0,0.4,21,231,0.047619047619048,0.004329004329004,0.4,0.333333333333333,1.0,0.2,0,0,POST_BURST_ONLY,D_BORN_BAD_MFE_LE_2,2024-09-16
liquidity-burst-detector-2026-07-18-v2-response-families,LB_20240924_093220_SELL_0001,2024-09-24 13:32:20+00:00,2024-09-24 13:32:21+00:00,2024-09-24 09:32:20,2024-09-24 13:32:22+00:00,1,SELL,20112.5,20116.25,20132.5,-3,0,3,1.0,0,3.0,1,61,-3.0,-0.049180327868852,0.0,0.0,0.0,-1.0,0,0,POST_BURST_ONLY,A_WINNER,2024-09-24
liquidity-burst-detector-2026-07-18-v2-response-families,LB_20240924_093220_SELL_0001,2024-09-24 13:32:20+00:00,2024-09-24 13:32:21+00:00,2024-09-24 09:32:20,2024-09-24 13:32:24+00:00,3,SELL,20112.5,20118.75,20132.5,-5,0,5,1.0,0,1.666666666666667,-14,136,-0.357142857142857,-0.036764705882353,0.0,0.0,0.0,-1.0,0,0,POST_BURST_ONLY,A_WINNER,2024-09-24
liquidity-burst-detector-2026-07-18-v2-response-families,LB_20240924_093220_SELL_0001,2024-09-24 13:32:20+00:00,2024-09-24 13:32:21+00:00,2024-09-24 09:32:20,2024-09-24 13:32:26+00:00,5,SELL,20112.5,20113.75,20132.5,-1,0,5,1.0,0,1.0,6,226,-0.166666666666667,-0.004424778761062,0.4,0.25,0.970950594454669,-0.111111111111111,0,0,POST_BURST_ONLY,A_WINNER,2024-09-24
liquidity-burst-detector-2026-07-18-v2-response-families,LB_20240925_093353_BUY_0001,2024-09-25 13:33:53+00:00,2024-09-25 13:33:54+00:00,2024-09-25 09:33:53,2024-09-25 13:33:55+00:00,1,BUY,20186.25,20186.25,20166.25,0,1,1,1.0,0,1.0,-12,56,0.0,0.0,0.0,0.0,0.0,0.0,0,0,POST_BURST_ONLY,D_BORN_BAD_MFE_LE_2,2024-09-25
liquidity-burst-detector-2026-07-18-v2-response-families,LB_20240925_093353_BUY_0001,2024-09-25 13:33:53+00:00,2024-09-25 13:33:54+00:00,2024-09-25 09:33:53,2024-09-25 13:33:57+00:00,3,BUY,20186.25,20186.25,20166.25,0,1,1,1.0,0,0.333333333333333,8,104,0.0,0.0,0.0,0.0,0.0,0.0,0,0,POST_BURST_ONLY,D_BORN_BAD_MFE_LE_2,2024-09-25
liquidity-burst-detector-2026-07-18-v2-response-families,LB_20240925_093353_BUY_0001,2024-09-25 13:33:53+00:00,2024-09-25 13:33:54+00:00,2024-09-25 09:33:53,2024-09-25 13:33:59+00:00,5,BUY,20186.25,20190.0,20166.25,3,3,1,1.0,0,0.2,49,233,0.061224489795918,0.012875536480687,0.4,0.0,0.0,1.0,0,0,POST_BURST_ONLY,D_BORN_BAD_MFE_LE_2,2024-09-25
liquidity-burst-detector-2026-07-18-v2-response-families,LB_20241001_093239_SELL_0001,2024-10-01 13:32:39+00:00,2024-10-01 13:32:40+00:00,2024-10-01 09:32:39,2024-10-01 13:32:41+00:00,1,SELL,20220.0,20223.75,20248.75,-3,1,4,1.0,0,4.0,-14,102,-0.214285714285714,-0.029411764705882,0.0,0.0,0.0,-1.0,0,0,POST_BURST_ONLY,D_BORN_BAD_MFE_LE_2,2024-10-01
liquidity-burst-detector-2026-07-18-v2-response-families,LB_20241001_093239_SELL_0001,2024-10-01 13:32:39+00:00,2024-10-01 13:32:40+00:00,2024-10-01 09:32:39,2024-10-01 13:32:43+00:00,3,SELL,20220.0,20227.5,20248.75,-6,1,7,1.0,0,2.333333333333333,-32,236,-0.1875,-0.025423728813559,0.0,0.0,0.0,-1.0,0,0,POST_BURST_ONLY,D_BORN_BAD_MFE_LE_2,2024-10-01
liquidity-burst-detector-2026-07-18-v2-response-families,LB_20241001_093239_SELL_0001,2024-10-01 13:32:39+00:00,2024-10-01 13:32:40+00:00,2024-10-01 09:32:39,2024-10-01 13:32:45+00:00,5,SELL,20220.0,20231.25,20248.75,-9,1,10,1.0,0,2.0,-70,406,-0.128571428571429,-0.022167487684729,0.0,0.0,0.0,-1.0,0,0,POST_BURST_ONLY,D_BORN_BAD_MFE_LE_2,2024-10-01
liquidity-burst-detector-2026-07-18-v2-response-families,LB_20241002_093232_SELL_0001,2024-10-02 13:32:32+00:00,2024-10-02 13:32:33+00:00,2024-10-02 09:32:32,2024-10-02 13:32:34+00:00,1,SELL,19960.0,19962.5,19921.25,-2,0,2,0.0,0,2.0,4,42,-0.5,-0.047619047619048,0.0,0.0,0.0,-1.0,0,0,POST_BURST_ONLY,D_BORN_BAD_MFE_LE_2,2024-10-02
liquidity-burst-detector-2026-07-18-v2-response-families,LB_20241002_093232_SELL_0001,2024-10-02 13:32:32+00:00,2024-10-02 13:32:33+00:00,2024-10-02 09:32:32,2024-10-02 13:32:36+00:00,3,SELL,19960.0,19962.5,19921.25,-2,1,2,0.0,0,0.666666666666667,-11,171,-0.181818181818182,-0.011695906432749,0.333333333333333,1.0,0.91829583405449,-0.333333333333333,0,0,POST_BURST_ONLY,D_BORN_BAD_MFE_LE_2,2024-10-02
liquidity-burst-detector-2026-07-18-v2-response-families,LB_20241002_093232_SELL_0001,2024-10-02 13:32:32+00:00,2024-10-02 13:32:33+00:00,2024-10-02 09:32:32,2024-10-02 13:32:38+00:00,5,SELL,19960.0,19958.75,19921.25,1,2,2,0.0,0,0.4,7,251,0.142857142857143,0.00398406374502,0.4,1.0,0.970950594454669,0.090909090909091,0,0,POST_BURST_ONLY,D_BORN_BAD_MFE_LE_2,2024-10-02
liquidity-burst-detector-2026-07-18-v2-response-families,LB_20241003_093718_SELL_0001,2024-10-03 13:37:18+00:00,2024-10-03 13:37:19+00:00,2024-10-03 09:37:18,2024-10-03 13:37:20+00:00,1,SELL,19960.0,19965.0,19907.5,-4,1,4,0.0,0,4.0,-43,81,-0.093023255813953,-0.049382716049383,0.0,0.0,0.0,-1.0,0,0,POST_BURST_ONLY,A_WINNER,2024-10-03
liquidity-burst-detector-2026-07-18-v2-response-families,LB_20241003_093718_SELL_0001,2024-10-03 13:37:18+00:00,2024-10-03 13:37:19+00:00,2024-10-03 09:37:18,2024-10-03 13:37:22+00:00,3,SELL,19960.0,19966.25,19907.5,-5,1,5,0.0,0,1.666666666666667,-55,151,-0.090909090909091,-0.033112582781457,0.333333333333333,1.0,0.91829583405449,-0.714285714285714,0,0,POST_BURST_ONLY,A_WINNER,2024-10-03
liquidity-burst-detector-2026-07-18-v2-response-families,LB_20241003_093718_SELL_0001,2024-10-03 13:37:18+00:00,2024-10-03 13:37:19+00:00,2024-10-03 09:37:18,2024-10-03 13:37:24+00:00,5,SELL,19960.0,19967.5,19907.5,-6,1,8,0.0,0,1.6,-64,188,-0.09375,-0.031914893617021,0.4,0.75,0.970950594454669,-0.6,0,0,POST_BURST_ONLY,A_WINNER,2024-10-03
liquidity-burst-detector-2026-07-18-v2-response-families,LB_20241009_093503_SELL_0001,2024-10-09 13:35:03+00:00,2024-10-09 13:35:04+00:00,2024-10-09 09:35:03,2024-10-09 13:35:05+00:00,1,SELL,20250.0,20251.25,20280.0,-1,0,2,1.0,0,2.0,26,88,-0.038461538461538,-0.011363636363636,0.0,0.0,0.0,-1.0,0,0,POST_BURST_ONLY,A_WINNER,2024-10-09
liquidity-burst-detector-2026-07-18-v2-response-families,LB_20241009_093503_SELL_0001,2024-10-09 13:35:03+00:00,2024-10-09 13:35:04+00:00,2024-10-09 09:35:03,2024-10-09 13:35:07+00:00,3,SELL,20250.0,20253.75,20280.0,-3,0,5,1.0,0,1.666666666666667,28,192,-0.107142857142857,-0.015625,0.333333333333333,0.5,0.91829583405449,-0.6,0,0,POST_BURST_ONLY,A_WINNER,2024-10-09
liquidity-burst-detector-2026-07-18-v2-response-families,LB_20241009_093503_SELL_0001,2024-10-09 13:35:03+00:00,2024-10-09 13:35:04+00:00,2024-10-09 09:35:03,2024-10-09 13:35:09+00:00,5,SELL,20250.0,20251.25,20280.0,-1,0,5,1.0,0,1.0,27,251,-0.037037037037037,-0.00398406374502,0.4,0.333333333333333,1.0,-0.142857142857143,0,0,POST_BURST_ONLY,A_WINNER,2024-10-09
liquidity-burst-detector-2026-07-18-v2-response-families,LB_20241022_093404_BUY_0001,2024-10-22 13:34:04+00:00,2024-10-22 13:34:05+00:00,2024-10-22 09:34:04,2024-10-22 13:34:06+00:00,1,BUY,20418.75,20417.5,20417.5,-1,0,2,1.0,0,2.0,-8,56,-0.125,-0.017857142857143,0.0,0.0,0.0,-1.0,0,0,POST_BURST_ONLY,A_WINNER,2024-10-22
liquidity-burst-detector-2026-07-18-v2-response-families,LB_20241022_093404_BUY_0001,2024-10-22 13:34:04+00:00,2024-10-22 13:34:05+00:00,2024-10-22 09:34:04,2024-10-22 13:34:08+00:00,3,BUY,20418.75,20420.0,20417.5,1,1,2,1.0,0,0.666666666666667,-15,125,0.066666666666667,0.008,0.333333333333333,1.0,1.0,0.333333333333333,0,0,POST_BURST_ONLY,A_WINNER,2024-10-22
liquidity-burst-detector-2026-07-18-v2-response-families,LB_20241022_093404_BUY_0001,2024-10-22 13:34:04+00:00,2024-10-22 13:34:05+00:00,2024-10-22 09:34:04,2024-10-22 13:34:10+00:00,5,BUY,20418.75,20418.75,20417.5,0,2,2,1.0,0,0.4,66,314,0.0,0.0,0.2,1.0,0.91829583405449,0.0,0,0,POST_BURST_ONLY,A_WINNER,2024-10-22
liquidity-burst-detector-2026-07-18-v2-response-families,LB_20241025_093239_BUY_0002,2024-10-25 13:32:39+00:00,2024-10-25 13:32:40+00:00,2024-10-25 09:32:39,2024-10-25 13:32:41+00:00,1,BUY,20542.5,20541.25,20528.75,-1,1,3,1.0,0,3.0,-76,190,-0.013157894736842,-0.005263157894737,0.0,0.0,0.0,-1.0,0,0,POST_BURST_ONLY,A_WINNER,2024-10-25
liquidity-burst-detector-2026-07-18-v2-response-families,LB_20241025_093239_BUY_0002,2024-10-25 13:32:39+00:00,2024-10-25 13:32:40+00:00,2024-10-25 09:32:39,2024-10-25 13:32:43+00:00,3,BUY,20542.5,20540.0,20528.75,-2,1,3,1.0,0,1.0,-59,345,-0.033898305084746,-0.005797101449275,0.333333333333333,1.0,0.91829583405449,-0.5,0,0,POST_BURST_ONLY,A_WINNER,2024-10-25
liquidity-burst-detector-2026-07-18-v2-response-families,LB_20241025_093239_BUY_0002,2024-10-25 13:32:39+00:00,2024-10-25 13:32:40+00:00,2024-10-25 09:32:39,2024-10-25 13:32:45+00:00,5,BUY,20542.5,20538.75,20528.75,-3,1,3,1.0,0,0.6,-96,440,-0.03125,-0.006818181818182,0.2,0.666666666666667,0.811278124459133,-0.6,0,0,POST_BURST_ONLY,A_WINNER,2024-10-25
liquidity-burst-detector-2026-07-18-v2-response-families,LB_20241031_093129_SELL_0001,2024-10-31 13:31:29+00:00,2024-10-31 13:31:30+00:00,2024-10-31 09:31:29,2024-10-31 13:31:31+00:00,1,SELL,20321.25,20322.5,20330.0,-1,1,1,1.0,0,1.0,10,84,-0.1,-0.011904761904762,0.0,0.0,0.0,-1.0,0,0,POST_BURST_ONLY,D_BORN_BAD_MFE_LE_2,2024-10-31
liquidity-burst-detector-2026-07-18-v2-response-families,LB_20241031_093129_SELL_0001,2024-10-31 13:31:29+00:00,2024-10-31 13:31:30+00:00,2024-10-31 09:31:29,2024-10-31 13:31:33+00:00,3,SELL,20321.25,20322.5,20330.0,-1,1,3,1.0,0,1.0,-31,231,-0.032258064516129,-0.004329004329004,0.333333333333333,0.5,0.91829583405449,-0.333333333333333,0,0,POST_BURST_ONLY,D_BORN_BAD_MFE_LE_2,2024-10-31
liquidity-burst-detector-2026-07-18-v2-response-families,LB_20241031_093129_SELL_0001,2024-10-31 13:31:29+00:00,2024-10-31 13:31:30+00:00,2024-10-31 09:31:29,2024-10-31 13:31:35+00:00,5,SELL,20321.25,20321.25,20330.0,0,1,3,1.0,0,0.6,-46,358,0.0,0.0,0.4,0.333333333333333,1.0,0.0,0,0,POST_BURST_ONLY,D_BORN_BAD_MFE_LE_2,2024-10-31
liquidity-burst-detector-2026-07-18-v2-response-families,LB_20250310_093118_SELL_0001,2025-03-10 13:31:18+00:00,2025-03-10 13:31:19+00:00,2025-03-10 09:31:18,2025-03-10 13:31:20+00:00,1,SELL,19851.25,19853.75,19857.5,-2,2,3,1.0,0,3.0,-1,97,-2.0,-0.020618556701031,0.0,0.0,0.0,-1.0,0,0,POST_BURST_ONLY,A_WINNER,2025-03-10
liquidity-burst-detector-2026-07-18-v2-response-families,LB_20250310_093118_SELL_0001,2025-03-10 13:31:18+00:00,2025-03-10 13:31:19+00:00,2025-03-10 09:31:18,2025-03-10 13:31:22+00:00,3,SELL,19851.25,19862.5,19857.5,-9,2,10,0.666666666666667,1,3.333333333333333,-35,195,-0.257142857142857,-0.046153846153846,0.0,0.0,0.0,-1.0,0,0,POST_BURST_ONLY,A_WINNER,2025-03-10
liquidity-burst-detector-2026-07-18-v2-response-families,LB_20250310_093118_SELL_0001,2025-03-10 13:31:18+00:00,2025-03-10 13:31:19+00:00,2025-03-10 09:31:18,2025-03-10 13:31:24+00:00,5,SELL,19851.25,19872.5,19857.5,-17,2,17,0.4,1,3.4,-80,316,-0.2125,-0.05379746835443,0.0,0.0,0.0,-1.0,0,0,POST_BURST_ONLY,A_WINNER,2025-03-10
liquidity-burst-detector-2026-07-18-v2-response-families,LB_20250313_093637_SELL_0001,2025-03-13 13:36:37+00:00,2025-03-13 13:36:38+00:00,2025-03-13 09:36:37,2025-03-13 13:36:39+00:00,1,SELL,19505.0,19506.25,19528.75,-1,1,2,1.0,0,2.0,-10,96,-0.1,-0.010416666666667,0.0,0.0,0.0,-1.0,0,0,POST_BURST_ONLY,A_WINNER,2025-03-13
liquidity-burst-detector-2026-07-18-v2-response-families,LB_20250313_093637_SELL_0001,2025-03-13 13:36:37+00:00,2025-03-13 13:36:38+00:00,2025-03-13 09:36:37,2025-03-13 13:36:41+00:00,3,SELL,19505.0,19498.75,19528.75,5,6,2,1.0,0,0.666666666666667,83,407,0.060240963855422,0.012285012285012,0.666666666666667,0.5,0.91829583405449,0.714285714285714,0,0,POST_BURST_ONLY,A_WINNER,2025-03-13
liquidity-burst-detector-2026-07-18-v2-response-families,LB_20250313_093637_SELL_0001,2025-03-13 13:36:37+00:00,2025-03-13 13:36:38+00:00,2025-03-13 09:36:37,2025-03-13 13:36:43+00:00,5,SELL,19505.0,19497.5,19528.75,6,6,2,1.0,0,0.4,62,494,0.096774193548387,0.012145748987854,0.6,0.333333333333333,0.811278124459133,0.75,0,0,POST_BURST_ONLY,A_WINNER,2025-03-13
liquidity-burst-detector-2026-07-18-v2-response-families,LB_20250317_093253_BUY_0001,2025-03-17 13:32:53+00:00,2025-03-17 13:32:54+00:00,2025-03-17 09:32:53,2025-03-17 13:32:55+00:00,1,BUY,19741.25,19742.5,19707.5,1,7,0,1.0,0,0.0,80,226,0.0125,0.004424778761062,1.0,0.0,0.0,1.0,0,0,POST_BURST_ONLY,D_BORN_BAD_MFE_LE_2,2025-03-17
liquidity-burst-detector-2026-07-18-v2-response-families,LB_20250317_093253_BUY_0001,2025-03-17 13:32:53+00:00,2025-03-17 13:32:54+00:00,2025-03-17 09:32:53,2025-03-17 13:32:57+00:00,3,BUY,19741.25,19741.25,19707.5,0,7,1,1.0,0,0.333333333333333,89,315,0.0,0.0,0.666666666666667,0.5,0.91829583405449,0.0,0,0,POST_BURST_ONLY,D_BORN_BAD_MFE_LE_2,2025-03-17
liquidity-burst-detector-2026-07-18-v2-response-families,LB_20250317_093253_BUY_0001,2025-03-17 13:32:53+00:00,2025-03-17 13:32:54+00:00,2025-03-17 09:32:53,2025-03-17 13:32:59+00:00,5,BUY,19741.25,19746.25,19707.5,4,7,1,1.0,0,0.2,85,345,0.047058823529412,0.011594202898551,0.6,0.666666666666667,0.811278124459133,0.5,0,0,POST_BURST_ONLY,D_BORN_BAD_MFE_LE_2,2025-03-17
liquidity-burst-detector-2026-07-18-v2-response-families,LB_20250318_093436_SELL_0001,2025-03-18 13:34:36+00:00,2025-03-18 13:34:37+00:00,2025-03-18 09:34:36,2025-03-18 13:34:38+00:00,1,SELL,19851.25,19850.0,19858.75,1,1,2,1.0,0,2.0,-21,77,0.047619047619048,0.012987012987013,1.0,0.0,0.0,1.0,0,0,POST_BURST_ONLY,D_BORN_BAD_MFE_LE_2,2025-03-18
liquidity-burst-detector-2026-07-18-v2-response-families,LB_20250318_093436_SELL_0001,2025-03-18 13:34:36+00:00,2025-03-18 13:34:37+00:00,2025-03-18 09:34:36,2025-03-18 13:34:40+00:00,3,SELL,19851.25,19846.25,19858.75,4,4,2,1.0,0,0.666666666666667,-15,175,0.266666666666667,0.022857142857143,0.666666666666667,0.0,0.0,1.0,0,0,POST_BURST_ONLY,D_BORN_BAD_MFE_LE_2,2025-03-18
liquidity-burst-detector-2026-07-18-v2-response-families,LB_20250318_093436_SELL_0001,2025-03-18 13:34:36+00:00,2025-03-18 13:34:37+00:00,2025-03-18 09:34:36,2025-03-18 13:34:42+00:00,5,SELL,19851.25,19847.5,19858.75,3,4,2,1.0,0,0.4,-13,233,0.230769230769231,0.012875536480687,0.6,0.666666666666667,0.811278124459133,0.428571428571429,0,0,POST_BURST_ONLY,D_BORN_BAD_MFE_LE_2,2025-03-18
liquidity-burst-detector-2026-07-18-v2-response-families,LB_20250327_093139_BUY_0001,2025-03-27 13:31:39+00:00,2025-03-27 13:31:40+00:00,2025-03-27 09:31:39,2025-03-27 13:31:41+00:00,1,BUY,20067.5,20067.5,20045.0,0,1,1,1.0,0,1.0,-5,53,0.0,0.0,0.0,0.0,0.0,0.0,0,0,POST_BURST_ONLY,A_WINNER,2025-03-27
liquidity-burst-detector-2026-07-18-v2-response-families,LB_20250327_093139_BUY_0001,2025-03-27 13:31:39+00:00,2025-03-27 13:31:40+00:00,2025-03-27 09:31:39,2025-03-27 13:31:43+00:00,3,BUY,20067.5,20067.5,20045.0,0,1,1,1.0,0,0.333333333333333,-8,134,0.0,0.0,0.333333333333333,1.0,1.0,0.0,0,0,POST_BURST_ONLY,A_WINNER,2025-03-27
liquidity-burst-detector-2026-07-18-v2-response-families,LB_20250327_093139_BUY_0001,2025-03-27 13:31:39+00:00,2025-03-27 13:31:40+00:00,2025-03-27 09:31:39,2025-03-27 13:31:45+00:00,5,BUY,20067.5,20066.25,20045.0,-1,1,2,1.0,0,0.4,-72,262,-0.013888888888889,-0.00381679389313,0.4,1.0,1.0,-0.2,0,0,POST_BURST_ONLY,A_WINNER,2025-03-27
liquidity-burst-detector-2026-07-18-v2-response-families,LB_20250403_093153_BUY_0001,2025-04-03 13:31:53+00:00,2025-04-03 13:31:54+00:00,2025-04-03 09:31:53,2025-04-03 13:31:55+00:00,1,BUY,19001.25,19006.25,18998.75,4,5,0,1.0,0,0.0,-26,112,0.153846153846154,0.035714285714286,1.0,0.0,0.0,1.0,0,0,POST_BURST_ONLY,A_WINNER,2025-04-03
liquidity-burst-detector-2026-07-18-v2-response-families,LB_20250403_093153_BUY_0001,2025-04-03 13:31:53+00:00,2025-04-03 13:31:54+00:00,2025-04-03 09:31:53,2025-04-03 13:31:57+00:00,3,BUY,19001.25,19005.0,18998.75,3,5,1,1.0,0,0.333333333333333,-59,249,0.050847457627119,0.012048192771084,0.666666666666667,1.0,0.91829583405449,0.333333333333333,0,0,POST_BURST_ONLY,A_WINNER,2025-04-03
liquidity-burst-detector-2026-07-18-v2-response-families,LB_20250403_093153_BUY_0001,2025-04-03 13:31:53+00:00,2025-04-03 13:31:54+00:00,2025-04-03 09:31:53,2025-04-03 13:31:59+00:00,5,BUY,19001.25,19001.25,18998.75,0,5,1,1.0,0,0.2,-69,321,0.0,0.0,0.4,0.75,0.970950594454669,0.0,0,0,POST_BURST_ONLY,A_WINNER,2025-04-03
liquidity-burst-detector-2026-07-18-v2-response-families,LB_20250421_093702_SELL_0001,2025-04-21 13:37:02+00:00,2025-04-21 13:37:03+00:00,2025-04-21 09:37:02,2025-04-21 13:37:04+00:00,1,SELL,18073.75,18068.75,18125.0,4,5,4,1.0,0,4.0,-5,281,0.8,0.01423487544484,1.0,0.0,0.0,1.0,0,0,POST_BURST_ONLY,A_WINNER,2025-04-21
liquidity-burst-detector-2026-07-18-v2-response-families,LB_20250421_093702_SELL_0001,2025-04-21 13:37:02+00:00,2025-04-21 13:37:03+00:00,2025-04-21 09:37:02,2025-04-21 13:37:06+00:00,3,SELL,18073.75,18080.0,18125.0,-5,5,5,1.0,0,1.666666666666667,-53,425,-0.094339622641509,-0.011764705882353,0.333333333333333,0.5,0.91829583405449,-0.384615384615385,0,0,POST_BURST_ONLY,A_WINNER,2025-04-21
liquidity-burst-detector-2026-07-18-v2-response-families,LB_20250421_093702_SELL_0001,2025-04-21 13:37:02+00:00,2025-04-21 13:37:03+00:00,2025-04-21 09:37:02,2025-04-21 13:37:08+00:00,5,SELL,18073.75,18071.25,18125.0,2,5,5,1.0,0,1.0,42,624,0.047619047619048,0.003205128205128,0.6,0.5,0.970950594454669,0.1,0,0,POST_BURST_ONLY,A_WINNER,2025-04-21
liquidity-burst-detector-2026-07-18-v2-response-families,LB_20250430_093742_SELL_0001,2025-04-30 13:37:42+00:00,2025-04-30 13:37:43+00:00,2025-04-30 09:37:42,2025-04-30 13:37:44+00:00,1,SELL,19221.25,19227.5,19236.25,-5,0,5,1.0,0,5.0,-11,79,-0.454545454545455,-0.063291139240506,0.0,0.0,0.0,-1.0,0,0,POST_BURST_ONLY,D_BORN_BAD_MFE_LE_2,2025-04-30
liquidity-burst-detector-2026-07-18-v2-response-families,LB_20250430_093742_SELL_0001,2025-04-30 13:37:42+00:00,2025-04-30 13:37:43+00:00,2025-04-30 09:37:42,2025-04-30 13:37:46+00:00,3,SELL,19221.25,19223.75,19236.25,-2,0,6,1.0,0,2.0,-23,169,-0.08695652173913,-0.011834319526627,0.333333333333333,1.0,1.0,-0.25,0,0,POST_BURST_ONLY,D_BORN_BAD_MFE_LE_2,2025-04-30
liquidity-burst-detector-2026-07-18-v2-response-families,LB_20250430_093742_SELL_0001,2025-04-30 13:37:42+00:00,2025-04-30 13:37:43+00:00,2025-04-30 09:37:42,2025-04-30 13:37:48+00:00,5,SELL,19221.25,19221.25,19236.25,0,2,6,1.0,0,1.2,17,299,0.0,0.0,0.4,0.666666666666667,1.0,0.0,0,0,POST_BURST_ONLY,D_BORN_BAD_MFE_LE_2,2025-04-30
liquidity-burst-detector-2026-07-18-v2-response-families,LB_20250508_093147_SELL_0001,2025-05-08 13:31:47+00:00,2025-05-08 13:31:48+00:00,2025-05-08 09:31:47,2025-05-08 13:31:49+00:00,1,SELL,20146.25,20147.5,20148.75,-1,1,1,1.0,0,1.0,2,68,-0.5,-0.014705882352941,0.0,0.0,0.0,-1.0,0,0,POST_BURST_ONLY,C_LOSER_MFE_3_TO_30,2025-05-08
liquidity-burst-detector-2026-07-18-v2-response-families,LB_20250508_093147_SELL_0001,2025-05-08 13:31:47+00:00,2025-05-08 13:31:48+00:00,2025-05-08 09:31:47,2025-05-08 13:31:51+00:00,3,SELL,20146.25,20147.5,20148.75,-1,1,3,0.666666666666667,1,1.0,-22,158,-0.045454545454545,-0.006329113924051,0.333333333333333,0.5,0.91829583405449,-0.2,0,0,POST_BURST_ONLY,C_LOSER_MFE_3_TO_30,2025-05-08
liquidity-burst-detector-2026-07-18-v2-response-families,LB_20250508_093147_SELL_0001,2025-05-08 13:31:47+00:00,2025-05-08 13:31:48+00:00,2025-05-08 09:31:47,2025-05-08 13:31:53+00:00,5,SELL,20146.25,20145.0,20148.75,1,2,3,0.8,1,0.6,-14,240,0.071428571428571,0.004166666666667,0.4,0.333333333333333,1.0,0.142857142857143,0,0,POST_BURST_ONLY,C_LOSER_MFE_3_TO_30,2025-05-08
liquidity-burst-detector-2026-07-18-v2-response-families,LB_20250605_093207_SELL_0001,2025-06-05 13:32:07+00:00,2025-06-05 13:32:08+00:00,2025-06-05 09:32:07,2025-06-05 13:32:09+00:00,1,SELL,21786.25,21781.25,21805.0,4,4,0,1.0,0,0.0,5,91,0.8,0.043956043956044,1.0,0.0,0.0,1.0,0,0,POST_BURST_ONLY,D_BORN_BAD_MFE_LE_2,2025-06-05
liquidity-burst-detector-2026-07-18-v2-response-families,LB_20250605_093207_SELL_0001,2025-06-05 13:32:07+00:00,2025-06-05 13:32:08+00:00,2025-06-05 09:32:07,2025-06-05 13:32:11+00:00,3,SELL,21786.25,21782.5,21805.0,3,5,0,1.0,0,0.0,-9,189,0.333333333333333,0.015873015873016,0.333333333333333,1.0,1.0,0.6,0,0,POST_BURST_ONLY,D_BORN_BAD_MFE_LE_2,2025-06-05
liquidity-burst-detector-2026-07-18-v2-response-families,LB_20250605_093207_SELL_0001,2025-06-05 13:32:07+00:00,2025-06-05 13:32:08+00:00,2025-06-05 09:32:07,2025-06-05 13:32:13+00:00,5,SELL,21786.25,21782.5,21805.0,3,5,1,1.0,0,0.2,-60,354,0.05,0.008474576271186,0.4,0.666666666666667,1.0,0.428571428571429,0,0,POST_BURST_ONLY,D_BORN_BAD_MFE_LE_2,2025-06-05
liquidity-burst-detector-2026-07-18-v2-response-families,LB_20250611_093138_SELL_0001,2025-06-11 13:31:38+00:00,2025-06-11 13:31:39+00:00,2025-06-11 09:31:38,2025-06-11 13:31:40+00:00,1,SELL,21988.75,21985.0,21998.75,3,6,0,1.0,0,0.0,-35,267,0.085714285714286,0.01123595505618,1.0,0.0,0.0,1.0,0,0,POST_BURST_ONLY,D_BORN_BAD_MFE_LE_2,2025-06-11
liquidity-burst-detector-2026-07-18-v2-response-families,LB_20250611_093138_SELL_0001,2025-06-11 13:31:38+00:00,2025-06-11 13:31:39+00:00,2025-06-11 09:31:38,2025-06-11 13:31:42+00:00,3,SELL,21988.75,21988.75,21998.75,0,6,1,1.0,0,0.333333333333333,-29,371,0.0,0.0,0.333333333333333,1.0,1.0,0.0,0,0,POST_BURST_ONLY,D_BORN_BAD_MFE_LE_2,2025-06-11
liquidity-burst-detector-2026-07-18-v2-response-families,LB_20250611_093138_SELL_0001,2025-06-11 13:31:38+00:00,2025-06-11 13:31:39+00:00,2025-06-11 09:31:38,2025-06-11 13:31:44+00:00,5,SELL,21988.75,21986.25,21998.75,2,6,1,1.0,0,0.2,-34,458,0.058823529411765,0.004366812227074,0.6,0.666666666666667,0.811278124459133,0.25,0,0,POST_BURST_ONLY,D_BORN_BAD_MFE_LE_2,2025-06-11
liquidity-burst-detector-2026-07-18-v2-response-families,LB_20250620_093518_BUY_0001,2025-06-20 13:35:18+00:00,2025-06-20 13:35:19+00:00,2025-06-20 09:35:18,2025-06-20 13:35:20+00:00,1,BUY,22105.0,22105.0,22098.75,0,5,1,1.0,0,1.0,73,231,0.0,0.0,0.0,0.0,0.0,0.0,0,0,POST_BURST_ONLY,A_WINNER,2025-06-20
liquidity-burst-detector-2026-07-18-v2-response-families,LB_20250620_093518_BUY_0001,2025-06-20 13:35:18+00:00,2025-06-20 13:35:19+00:00,2025-06-20 09:35:18,2025-06-20 13:35:22+00:00,3,BUY,22105.0,22106.25,22098.75,1,5,1,1.0,0,0.333333333333333,61,357,0.016393442622951,0.002801120448179,0.333333333333333,0.0,0.0,1.0,0,0,POST_BURST_ONLY,A_WINNER,2025-06-20
liquidity-burst-detector-2026-07-18-v2-response-families,LB_20250620_093518_BUY_0001,2025-06-20 13:35:18+00:00,2025-06-20 13:35:19+00:00,2025-06-20 09:35:18,2025-06-20 13:35:24+00:00,5,BUY,22105.0,22102.5,22098.75,-2,5,3,1.0,0,0.6,49,437,-0.040816326530612,-0.004576659038902,0.2,0.5,0.91829583405449,-0.5,0,0,POST_BURST_ONLY,A_WINNER,2025-06-20
liquidity-burst-detector-2026-07-18-v2-response-families,LB_20250627_093203_SELL_0001,2025-06-27 13:32:03+00:00,2025-06-27 13:32:04+00:00,2025-06-27 09:32:03,2025-06-27 13:32:05+00:00,1,SELL,22688.75,22688.75,22692.5,0,1,1,1.0,0,1.0,-13,73,0.0,0.0,0.0,0.0,0.0,0.0,0,0,POST_BURST_ONLY,A_WINNER,2025-06-27
liquidity-burst-detector-2026-07-18-v2-response-families,LB_20250627_093203_SELL_0001,2025-06-27 13:32:03+00:00,2025-06-27 13:32:04+00:00,2025-06-27 09:32:03,2025-06-27 13:32:07+00:00,3,SELL,22688.75,22690.0,22692.5,-1,1,2,1.0,0,0.666666666666667,-32,186,-0.03125,-0.005376344086022,0.0,0.0,0.0,-1.0,0,0,POST_BURST_ONLY,A_WINNER,2025-06-27
liquidity-burst-detector-2026-07-18-v2-response-families,LB_20250627_093203_SELL_0001,2025-06-27 13:32:03+00:00,2025-06-27 13:32:04+00:00,2025-06-27 09:32:03,2025-06-27 13:32:09+00:00,5,SELL,22688.75,22695.0,22692.5,-5,1,6,0.6,1,1.2,-79,273,-0.063291139240506,-0.018315018315018,0.0,0.0,0.0,-1.0,0,0,POST_BURST_ONLY,A_WINNER,2025-06-27
liquidity-burst-detector-2026-07-18-v2-response-families,LB_20250630_093156_SELL_0001,2025-06-30 13:31:56+00:00,2025-06-30 13:31:57+00:00,2025-06-30 09:31:56,2025-06-30 13:31:58+00:00,1,SELL,22850.0,22850.0,22851.25,0,0,2,1.0,0,2.0,-29,125,0.0,0.0,0.0,0.0,0.0,0.0,0,0,POST_BURST_ONLY,C_LOSER_MFE_3_TO_30,2025-06-30
liquidity-burst-detector-2026-07-18-v2-response-families,LB_20250630_093156_SELL_0001,2025-06-30 13:31:56+00:00,2025-06-30 13:31:57+00:00,2025-06-30 09:31:56,2025-06-30 13:32:00+00:00,3,SELL,22850.0,22848.75,22851.25,1,1,2,1.0,0,0.666666666666667,7,259,0.142857142857143,0.003861003861004,0.333333333333333,0.0,0.0,1.0,0,0,POST_BURST_ONLY,C_LOSER_MFE_3_TO_30,2025-06-30
liquidity-burst-detector-2026-07-18-v2-response-families,LB_20250630_093156_SELL_0001,2025-06-30 13:31:56+00:00,2025-06-30 13:31:57+00:00,2025-06-30 09:31:56,2025-06-30 13:32:02+00:00,5,SELL,22850.0,22851.25,22851.25,-1,1,2,0.8,1,0.4,-28,410,-0.035714285714286,-0.002439024390244,0.4,1.0,0.91829583405449,-0.2,0,0,POST_BURST_ONLY,C_LOSER_MFE_3_TO_30,2025-06-30
liquidity-burst-detector-2026-07-18-v2-response-families,LB_20250702_093238_BUY_0001,2025-07-02 13:32:38+00:00,2025-07-02 13:32:39+00:00,2025-07-02 09:32:38,2025-07-02 13:32:40+00:00,1,BUY,22681.25,22682.5,22672.5,1,1,1,1.0,0,1.0,-8,66,0.125,0.015151515151515,1.0,0.0,0.0,1.0,0,0,POST_BURST_ONLY,A_WINNER,2025-07-02
liquidity-burst-detector-2026-07-18-v2-response-families,LB_20250702_093238_BUY_0001,2025-07-02 13:32:38+00:00,2025-07-02 13:32:39+00:00,2025-07-02 09:32:38,2025-07-02 13:32:42+00:00,3,BUY,22681.25,22685.0,22672.5,3,4,1,1.0,0,0.333333333333333,63,275,0.047619047619048,0.010909090909091,1.0,0.0,0.0,1.0,0,0,POST_BURST_ONLY,A_WINNER,2025-07-02
liquidity-burst-detector-2026-07-18-v2-response-families,LB_20250702_093238_BUY_0001,2025-07-02 13:32:38+00:00,2025-07-02 13:32:39+00:00,2025-07-02 09:32:38,2025-07-02 13:32:44+00:00,5,BUY,22681.25,22685.0,22672.5,3,4,1,1.0,0,0.2,40,364,0.075,0.008241758241758,0.8,0.5,0.721928094887362,0.428571428571429,0,0,POST_BURST_ONLY,A_WINNER,2025-07-02
liquidity-burst-detector-2026-07-18-v2-response-families,LB_20250708_093634_SELL_0001,2025-07-08 13:36:34+00:00,2025-07-08 13:36:35+00:00,2025-07-08 09:36:34,2025-07-08 13:36:36+00:00,1,SELL,22901.25,22902.5,22922.5,-1,0,3,1.0,0,3.0,-10,32,-0.1,-0.03125,0.0,0.0,0.0,-1.0,0,0,POST_BURST_ONLY,A_WINNER,2025-07-08
liquidity-burst-detector-2026-07-18-v2-response-families,LB_20250708_093634_SELL_0001,2025-07-08 13:36:34+00:00,2025-07-08 13:36:35+00:00,2025-07-08 09:36:34,2025-07-08 13:36:38+00:00,3,SELL,22901.25,22902.5,22922.5,-1,0,3,1.0,0,1.0,-10,62,-0.1,-0.016129032258065,0.0,0.0,0.0,-1.0,0,0,POST_BURST_ONLY,A_WINNER,2025-07-08
liquidity-burst-detector-2026-07-18-v2-response-families,LB_20250708_093634_SELL_0001,2025-07-08 13:36:34+00:00,2025-07-08 13:36:35+00:00,2025-07-08 09:36:34,2025-07-08 13:36:40+00:00,5,SELL,22901.25,22902.5,22922.5,-1,0,3,1.0,0,0.6,23,159,-0.043478260869565,-0.006289308176101,0.2,1.0,0.91829583405449,-0.333333333333333,0,0,POST_BURST_ONLY,A_WINNER,2025-07-08
liquidity-burst-detector-2026-07-18-v2-response-families,LB_20250709_093100_BUY_0001,2025-07-09 13:31:00+00:00,2025-07-09 13:31:01+00:00,2025-07-09 09:31:00,2025-07-09 13:31:02+00:00,1,BUY,23008.75,23008.75,23005.0,0,1,1,1.0,0,1.0,-18,84,0.0,0.0,0.0,0.0,0.0,0.0,0,0,POST_BURST_ONLY,D_BORN_BAD_MFE_LE_2,2025-07-09
liquidity-burst-detector-2026-07-18-v2-response-families,LB_20250709_093100_BUY_0001,2025-07-09 13:31:00+00:00,2025-07-09 13:31:01+00:00,2025-07-09 09:31:00,2025-07-09 13:31:04+00:00,3,BUY,23008.75,23007.5,23005.0,-1,1,2,1.0,0,0.666666666666667,-10,276,-0.1,-0.003623188405797,0.0,0.0,0.0,-1.0,0,0,POST_BURST_ONLY,D_BORN_BAD_MFE_LE_2,2025-07-09
liquidity-burst-detector-2026-07-18-v2-response-families,LB_20250709_093100_BUY_0001,2025-07-09 13:31:00+00:00,2025-07-09 13:31:01+00:00,2025-07-09 09:31:00,2025-07-09 13:31:06+00:00,5,BUY,23008.75,23008.75,23005.0,0,1,2,1.0,0,0.4,1,383,0.0,0.0,0.2,1.0,1.0,0.0,0,0,POST_BURST_ONLY,D_BORN_BAD_MFE_LE_2,2025-07-09
liquidity-burst-detector-2026-07-18-v2-response-families,LB_20250721_093138_BUY_0001,2025-07-21 13:31:38+00:00,2025-07-21 13:31:39+00:00,2025-07-21 09:31:38,2025-07-21 13:31:40+00:00,1,BUY,23291.25,23290.0,23287.5,-1,0,1,1.0,0,1.0,3,49,-0.333333333333333,-0.020408163265306,0.0,0.0,0.0,-1.0,0,0,POST_BURST_ONLY,D_BORN_BAD_MFE_LE_2,2025-07-21
liquidity-burst-detector-2026-07-18-v2-response-families,LB_20250721_093138_BUY_0001,2025-07-21 13:31:38+00:00,2025-07-21 13:31:39+00:00,2025-07-21 09:31:38,2025-07-21 13:31:42+00:00,3,BUY,23291.25,23288.75,23287.5,-2,0,3,1.0,0,1.0,1,117,-2.0,-0.017094017094017,0.0,0.0,0.0,-1.0,0,0,POST_BURST_ONLY,D_BORN_BAD_MFE_LE_2,2025-07-21
liquidity-burst-detector-2026-07-18-v2-response-families,LB_20250721_093138_BUY_0001,2025-07-21 13:31:38+00:00,2025-07-21 13:31:39+00:00,2025-07-21 09:31:38,2025-07-21 13:31:44+00:00,5,BUY,23291.25,23290.0,23287.5,-1,0,3,1.0,0,0.6,17,207,-0.058823529411765,-0.004830917874396,0.2,0.5,0.91829583405449,-0.333333333333333,0,0,POST_BURST_ONLY,D_BORN_BAD_MFE_LE_2,2025-07-21
liquidity-burst-detector-2026-07-18-v2-response-families,LB_20250729_093118_BUY_0001,2025-07-29 13:31:18+00:00,2025-07-29 13:31:19+00:00,2025-07-29 09:31:18,2025-07-29 13:31:20+00:00,1,BUY,23626.25,23627.5,23623.75,1,2,0,1.0,0,0.0,52,156,0.019230769230769,0.006410256410256,1.0,0.0,0.0,1.0,0,0,POST_BURST_ONLY,A_WINNER,2025-07-29
liquidity-burst-detector-2026-07-18-v2-response-families,LB_20250729_093118_BUY_0001,2025-07-29 13:31:18+00:00,2025-07-29 13:31:19+00:00,2025-07-29 09:31:18,2025-07-29 13:31:22+00:00,3,BUY,23626.25,23625.0,23623.75,-1,2,3,1.0,0,1.0,-44,446,-0.022727272727273,-0.002242152466368,0.333333333333333,1.0,1.0,-0.333333333333333,0,0,POST_BURST_ONLY,A_WINNER,2025-07-29
liquidity-burst-detector-2026-07-18-v2-response-families,LB_20250729_093118_BUY_0001,2025-07-29 13:31:18+00:00,2025-07-29 13:31:19+00:00,2025-07-29 09:31:18,2025-07-29 13:31:24+00:00,5,BUY,23626.25,23621.25,23623.75,-4,2,4,0.8,1,0.8,-87,559,-0.045977011494253,-0.007155635062612,0.2,0.333333333333333,0.811278124459133,-0.666666666666667,0,0,POST_BURST_ONLY,A_WINNER,2025-07-29
liquidity-burst-detector-2026-07-18-v2-response-families,LB_20250814_093300_BUY_0001,2025-08-14 13:33:00+00:00,2025-08-14 13:33:01+00:00,2025-08-14 09:33:00,2025-08-14 13:33:02+00:00,1,BUY,23882.5,23880.0,23873.75,-2,1,2,1.0,0,2.0,-18,44,-0.111111111111111,-0.045454545454545,0.0,0.0,0.0,-1.0,0,0,POST_BURST_ONLY,A_WINNER,2025-08-14
liquidity-burst-detector-2026-07-18-v2-response-families,LB_20250814_093300_BUY_0001,2025-08-14 13:33:00+00:00,2025-08-14 13:33:01+00:00,2025-08-14 09:33:00,2025-08-14 13:33:04+00:00,3,BUY,23882.5,23877.5,23873.75,-4,1,4,1.0,0,1.333333333333333,-26,132,-0.153846153846154,-0.03030303030303,0.0,0.0,0.0,-1.0,0,0,POST_BURST_ONLY,A_WINNER,2025-08-14
liquidity-burst-detector-2026-07-18-v2-response-families,LB_20250814_093300_BUY_0001,2025-08-14 13:33:00+00:00,2025-08-14 13:33:01+00:00,2025-08-14 09:33:00,2025-08-14 13:33:06+00:00,5,BUY,23882.5,23877.5,23873.75,-4,1,5,1.0,0,1.0,-21,209,-0.19047619047619,-0.019138755980861,0.0,0.0,0.0,-1.0,0,0,POST_BURST_ONLY,A_WINNER,2025-08-14
liquidity-burst-detector-2026-07-18-v2-response-families,LB_20250819_093156_SELL_0001,2025-08-19 13:31:56+00:00,2025-08-19 13:31:57+00:00,2025-08-19 09:31:56,2025-08-19 13:31:58+00:00,1,SELL,23728.75,23727.5,23750.0,1,2,0,1.0,0,0.0,40,162,0.025,0.006172839506173,1.0,0.0,0.0,1.0,0,0,POST_BURST_ONLY,D_BORN_BAD_MFE_LE_2,2025-08-19
liquidity-burst-detector-2026-07-18-v2-response-families,LB_20250819_093156_SELL_0001,2025-08-19 13:31:56+00:00,2025-08-19 13:31:57+00:00,2025-08-19 09:31:56,2025-08-19 13:32:00+00:00,3,SELL,23728.75,23725.0,23750.0,3,4,0,1.0,0,0.0,61,443,0.049180327868852,0.006772009029345,0.666666666666667,1.0,0.91829583405449,0.6,0,0,POST_BURST_ONLY,D_BORN_BAD_MFE_LE_2,2025-08-19
liquidity-burst-detector-2026-07-18-v2-response-families,LB_20250819_093156_SELL_0001,2025-08-19 13:31:56+00:00,2025-08-19 13:31:57+00:00,2025-08-19 09:31:56,2025-08-19 13:32:02+00:00,5,SELL,23728.75,23722.5,23750.0,5,6,0,1.0,0,0.0,104,764,0.048076923076923,0.006544502617801,0.8,0.5,0.721928094887362,0.714285714285714,0,0,POST_BURST_ONLY,D_BORN_BAD_MFE_LE_2,2025-08-19
liquidity-burst-detector-2026-07-18-v2-response-families,LB_20250820_093200_SELL_0001,2025-08-20 13:32:00+00:00,2025-08-20 13:32:01+00:00,2025-08-20 09:32:00,2025-08-20 13:32:02+00:00,1,SELL,23377.5,23372.5,23383.75,4,4,0,1.0,0,0.0,12,194,0.333333333333333,0.020618556701031,1.0,0.0,0.0,1.0,0,0,POST_BURST_ONLY,D_BORN_BAD_MFE_LE_2,2025-08-20
liquidity-burst-detector-2026-07-18-v2-response-families,LB_20250820_093200_SELL_0001,2025-08-20 13:32:00+00:00,2025-08-20 13:32:01+00:00,2025-08-20 09:32:00,2025-08-20 13:32:04+00:00,3,SELL,23377.5,23372.5,23383.75,4,5,0,1.0,0,0.0,22,384,0.181818181818182,0.010416666666667,0.666666666666667,1.0,0.91829583405449,0.666666666666667,0,0,POST_BURST_ONLY,D_BORN_BAD_MFE_LE_2,2025-08-20
liquidity-burst-detector-2026-07-18-v2-response-families,LB_20250820_093200_SELL_0001,2025-08-20 13:32:00+00:00,2025-08-20 13:32:01+00:00,2025-08-20 09:32:00,2025-08-20 13:32:06+00:00,5,SELL,23377.5,23370.0,23383.75,6,6,0,1.0,0,0.0,45,607,0.133333333333333,0.009884678747941,0.6,0.666666666666667,0.811278124459133,0.75,0,0,POST_BURST_ONLY,D_BORN_BAD_MFE_LE_2,2025-08-20
liquidity-burst-detector-2026-07-18-v2-response-families,LB_20250821_093749_SELL_0001,2025-08-21 13:37:49+00:00,2025-08-21 13:37:50+00:00,2025-08-21 09:37:49,2025-08-21 13:37:51+00:00,1,SELL,23281.25,23278.75,23200.0,2,3,0,0.0,0,0.0,42,84,0.047619047619048,0.023809523809524,1.0,0.0,0.0,1.0,0,0,POST_BURST_ONLY,D_BORN_BAD_MFE_LE_2,2025-08-21
liquidity-burst-detector-2026-07-18-v2-response-families,LB_20250821_093749_SELL_0001,2025-08-21 13:37:49+00:00,2025-08-21 13:37:50+00:00,2025-08-21 09:37:49,2025-08-21 13:37:53+00:00,3,SELL,23281.25,23278.75,23200.0,2,3,0,0.0,0,0.0,57,155,0.035087719298246,0.012903225806452,0.666666666666667,1.0,0.91829583405449,0.5,0,0,POST_BURST_ONLY,D_BORN_BAD_MFE_LE_2,2025-08-21
liquidity-burst-detector-2026-07-18-v2-response-families,LB_20250821_093749_SELL_0001,2025-08-21 13:37:49+00:00,2025-08-21 13:37:50+00:00,2025-08-21 09:37:49,2025-08-21 13:37:55+00:00,5,SELL,23281.25,23287.5,23200.0,-5,3,6,0.0,0,1.2,-101,401,-0.04950495049505,-0.012468827930175,0.4,0.75,0.970950594454669,-0.454545454545455,0,0,POST_BURST_ONLY,D_BORN_BAD_MFE_LE_2,2025-08-21
liquidity-burst-detector-2026-07-18-v2-response-families,LB_20250829_093115_SELL_0001,2025-08-29 13:31:15+00:00,2025-08-29 13:31:16+00:00,2025-08-29 09:31:15,2025-08-29 13:31:17+00:00,1,SELL,23637.5,23638.75,23641.25,-1,1,1,1.0,0,1.0,4,102,-0.25,-0.009803921568627,0.0,0.0,0.0,-1.0,0,0,POST_BURST_ONLY,A_WINNER,2025-08-29
liquidity-burst-detector-2026-07-18-v2-response-families,LB_20250829_093115_SELL_0001,2025-08-29 13:31:15+00:00,2025-08-29 13:31:16+00:00,2025-08-29 09:31:15,2025-08-29 13:31:19+00:00,3,SELL,23637.5,23640.0,23641.25,-2,1,3,1.0,0,1.0,5,237,-0.4,-0.008438818565401,0.0,0.0,0.0,-1.0,0,0,POST_BURST_ONLY,A_WINNER,2025-08-29
liquidity-burst-detector-2026-07-18-v2-response-families,LB_20250829_093115_SELL_0001,2025-08-29 13:31:15+00:00,2025-08-29 13:31:16+00:00,2025-08-29 09:31:15,2025-08-29 13:31:21+00:00,5,SELL,23637.5,23640.0,23641.25,-2,1,3,1.0,0,0.6,-1,347,-2.0,-0.005763688760807,0.2,0.333333333333333,0.811278124459133,-0.5,0,0,POST_BURST_ONLY,A_WINNER,2025-08-29
liquidity-burst-detector-2026-07-18-v2-response-families,LB_20250904_093258_BUY_0001,2025-09-04 13:32:58+00:00,2025-09-04 13:32:59+00:00,2025-09-04 09:32:58,2025-09-04 13:33:00+00:00,1,BUY,23502.5,23506.25,23487.5,3,3,0,1.0,0,0.0,17,105,0.176470588235294,0.028571428571429,1.0,0.0,0.0,1.0,0,0,POST_BURST_ONLY,D_BORN_BAD_MFE_LE_2,2025-09-04
liquidity-burst-detector-2026-07-18-v2-response-families,LB_20250904_093258_BUY_0001,2025-09-04 13:32:58+00:00,2025-09-04 13:32:59+00:00,2025-09-04 09:32:58,2025-09-04 13:33:02+00:00,3,BUY,23502.5,23502.5,23487.5,0,3,0,1.0,0,0.0,28,248,0.0,0.0,0.333333333333333,0.5,0.91829583405449,0.0,0,0,POST_BURST_ONLY,D_BORN_BAD_MFE_LE_2,2025-09-04
liquidity-burst-detector-2026-07-18-v2-response-families,LB_20250904_093258_BUY_0001,2025-09-04 13:32:58+00:00,2025-09-04 13:32:59+00:00,2025-09-04 09:32:58,2025-09-04 13:33:04+00:00,5,BUY,23502.5,23507.5,23487.5,4,5,0,1.0,0,0.0,46,364,0.08695652173913,0.010989010989011,0.6,0.5,0.970950594454669,0.4,0,0,POST_BURST_ONLY,D_BORN_BAD_MFE_LE_2,2025-09-04
liquidity-burst-detector-2026-07-18-v2-response-families,LB_20250905_093522_SELL_0001,2025-09-05 13:35:22+00:00,2025-09-05 13:35:23+00:00,2025-09-05 09:35:22,2025-09-05 13:35:24+00:00,1,SELL,23838.75,23840.0,23852.5,-1,0,2,1.0,0,2.0,-28,158,-0.035714285714286,-0.006329113924051,0.0,0.0,0.0,-1.0,0,0,POST_BURST_ONLY,A_WINNER,2025-09-05
liquidity-burst-detector-2026-07-18-v2-response-families,LB_20250905_093522_SELL_0001,2025-09-05 13:35:22+00:00,2025-09-05 13:35:23+00:00,2025-09-05 09:35:22,2025-09-05 13:35:26+00:00,3,SELL,23838.75,23842.5,23852.5,-3,0,5,1.0,0,1.666666666666667,-49,327,-0.061224489795918,-0.009174311926606,0.333333333333333,0.5,0.91829583405449,-0.6,0,0,POST_BURST_ONLY,A_WINNER,2025-09-05
liquidity-burst-detector-2026-07-18-v2-response-families,LB_20250905_093522_SELL_0001,2025-09-05 13:35:22+00:00,2025-09-05 13:35:23+00:00,2025-09-05 09:35:22,2025-09-05 13:35:28+00:00,5,SELL,23838.75,23835.0,23852.5,3,4,5,1.0,0,1.0,67,563,0.044776119402985,0.005328596802842,0.6,0.25,0.970950594454669,0.272727272727273,0,0,POST_BURST_ONLY,A_WINNER,2025-09-05
liquidity-burst-detector-2026-07-18-v2-response-families,LB_20250911_093623_SELL_0001,2025-09-11 13:36:23+00:00,2025-09-11 13:36:24+00:00,2025-09-11 09:36:23,2025-09-11 13:36:25+00:00,1,SELL,23966.25,23966.25,23973.75,0,0,1,1.0,0,1.0,6,40,0.0,0.0,0.0,0.0,0.0,0.0,0,0,POST_BURST_ONLY,D_BORN_BAD_MFE_LE_2,2025-09-11
liquidity-burst-detector-2026-07-18-v2-response-families,LB_20250911_093623_SELL_0001,2025-09-11 13:36:23+00:00,2025-09-11 13:36:24+00:00,2025-09-11 09:36:23,2025-09-11 13:36:27+00:00,3,SELL,23966.25,23965.0,23973.75,1,1,1,1.0,0,0.333333333333333,11,161,0.090909090909091,0.006211180124224,0.333333333333333,0.0,0.0,1.0,0,0,POST_BURST_ONLY,D_BORN_BAD_MFE_LE_2,2025-09-11
liquidity-burst-detector-2026-07-18-v2-response-families,LB_20250911_093623_SELL_0001,2025-09-11 13:36:23+00:00,2025-09-11 13:36:24+00:00,2025-09-11 09:36:23,2025-09-11 13:36:29+00:00,5,SELL,23966.25,23963.75,23973.75,2,2,1,1.0,0,0.2,32,276,0.0625,0.007246376811594,0.4,0.0,0.0,1.0,0,0,POST_BURST_ONLY,D_BORN_BAD_MFE_LE_2,2025-09-11
liquidity-burst-detector-2026-07-18-v2-response-families,LB_20250912_093556_SELL_0001,2025-09-12 13:35:56+00:00,2025-09-12 13:35:57+00:00,2025-09-12 09:35:56,2025-09-12 13:35:58+00:00,1,SELL,24020.0,24020.0,24040.0,0,1,0,1.0,0,0.0,-19,103,0.0,0.0,0.0,0.0,0.0,0.0,0,0,POST_BURST_ONLY,A_WINNER,2025-09-12
liquidity-burst-detector-2026-07-18-v2-response-families,LB_20250912_093556_SELL_0001,2025-09-12 13:35:56+00:00,2025-09-12 13:35:57+00:00,2025-09-12 09:35:56,2025-09-12 13:36:00+00:00,3,SELL,24020.0,24022.5,24040.0,-2,1,2,1.0,0,0.666666666666667,7,261,-0.285714285714286,-0.007662835249042,0.0,0.0,0.0,-1.0,0,0,POST_BURST_ONLY,A_WINNER,2025-09-12
liquidity-burst-detector-2026-07-18-v2-response-families,LB_20250912_093556_SELL_0001,2025-09-12 13:35:56+00:00,2025-09-12 13:35:57+00:00,2025-09-12 09:35:56,2025-09-12 13:36:02+00:00,5,SELL,24020.0,24023.75,24040.0,-3,1,3,1.0,0,0.6,-10,422,-0.3,-0.007109004739336,0.2,0.666666666666667,0.811278124459133,-0.428571428571429,0,0,POST_BURST_ONLY,A_WINNER,2025-09-12
liquidity-burst-detector-2026-07-18-v2-response-families,LB_20250916_093355_SELL_0001,2025-09-16 13:33:55+00:00,2025-09-16 13:33:56+00:00,2025-09-16 09:33:55,2025-09-16 13:33:57+00:00,1,SELL,24570.0,24571.25,24581.25,-1,0,2,1.0,0,2.0,-1,41,-1.0,-0.024390243902439,0.0,0.0,0.0,-1.0,0,0,POST_BURST_ONLY,A_WINNER,2025-09-16
liquidity-burst-detector-2026-07-18-v2-response-families,LB_20250916_093355_SELL_0001,2025-09-16 13:33:55+00:00,2025-09-16 13:33:56+00:00,2025-09-16 09:33:55,2025-09-16 13:33:59+00:00,3,SELL,24570.0,24570.0,24581.25,0,0,2,1.0,0,0.666666666666667,-27,129,0.0,0.0,0.333333333333333,1.0,1.0,0.0,0,0,POST_BURST_ONLY,A_WINNER,2025-09-16
liquidity-burst-detector-2026-07-18-v2-response-families,LB_20250916_093355_SELL_0001,2025-09-16 13:33:55+00:00,2025-09-16 13:33:56+00:00,2025-09-16 09:33:55,2025-09-16 13:34:01+00:00,5,SELL,24570.0,24566.25,24581.25,3,3,2,1.0,0,0.4,-38,290,0.078947368421053,0.010344827586207,0.4,1.0,1.0,0.428571428571429,0,0,POST_BURST_ONLY,A_WINNER,2025-09-16
liquidity-burst-detector-2026-07-18-v2-response-families,LB_20250918_093225_BUY_0001,2025-09-18 13:32:25+00:00,2025-09-18 13:32:26+00:00,2025-09-18 09:32:25,2025-09-18 13:32:27+00:00,1,BUY,24698.75,24698.75,24692.5,0,1,1,1.0,0,1.0,10,58,0.0,0.0,0.0,0.0,0.0,0.0,0,0,POST_BURST_ONLY,A_WINNER,2025-09-18
liquidity-burst-detector-2026-07-18-v2-response-families,LB_20250918_093225_BUY_0001,2025-09-18 13:32:25+00:00,2025-09-18 13:32:26+00:00,2025-09-18 09:32:25,2025-09-18 13:32:29+00:00,3,BUY,24698.75,24696.25,24692.5,-2,1,4,1.0,0,1.333333333333333,0,174,0.0,-0.011494252873563,0.0,0.0,0.0,-1.0,0,0,POST_BURST_ONLY,A_WINNER,2025-09-18
liquidity-burst-detector-2026-07-18-v2-response-families,LB_20250918_093225_BUY_0001,2025-09-18 13:32:25+00:00,2025-09-18 13:32:26+00:00,2025-09-18 09:32:25,2025-09-18 13:32:31+00:00,5,BUY,24698.75,24696.25,24692.5,-2,1,4,1.0,0,0.8,-17,309,-0.117647058823529,-0.006472491909385,0.2,1.0,0.91829583405449,-0.5,0,0,POST_BURST_ONLY,A_WINNER,2025-09-18
liquidity-burst-detector-2026-07-18-v2-response-families,LB_20250923_093525_SELL_0001,2025-09-23 13:35:25+00:00,2025-09-23 13:35:26+00:00,2025-09-23 09:35:25,2025-09-23 13:35:27+00:00,1,SELL,24986.25,24985.0,24990.0,1,2,0,1.0,0,0.0,28,98,0.035714285714286,0.010204081632653,1.0,0.0,0.0,1.0,0,0,POST_BURST_ONLY,D_BORN_BAD_MFE_LE_2,2025-09-23
liquidity-burst-detector-2026-07-18-v2-response-families,LB_20250923_093525_SELL_0001,2025-09-23 13:35:25+00:00,2025-09-23 13:35:26+00:00,2025-09-23 09:35:25,2025-09-23 13:35:29+00:00,3,SELL,24986.25,24986.25,24990.0,0,2,0,1.0,0,0.0,0,228,0.0,0.0,0.333333333333333,1.0,1.0,0.0,0,0,POST_BURST_ONLY,D_BORN_BAD_MFE_LE_2,2025-09-23
liquidity-burst-detector-2026-07-18-v2-response-families,LB_20250923_093525_SELL_0001,2025-09-23 13:35:25+00:00,2025-09-23 13:35:26+00:00,2025-09-23 09:35:25,2025-09-23 13:35:31+00:00,5,SELL,24986.25,24985.0,24990.0,1,3,0,1.0,0,0.0,5,433,0.2,0.002309468822171,0.4,1.0,0.91829583405449,0.333333333333333,0,0,POST_BURST_ONLY,D_BORN_BAD_MFE_LE_2,2025-09-23
liquidity-burst-detector-2026-07-18-v2-response-families,LB_20250925_093609_SELL_0001,2025-09-25 13:36:09+00:00,2025-09-25 13:36:10+00:00,2025-09-25 09:36:09,2025-09-25 13:36:11+00:00,1,SELL,24501.25,24500.0,24532.5,1,1,1,1.0,0,1.0,15,53,0.066666666666667,0.018867924528302,1.0,0.0,0.0,1.0,0,0,POST_BURST_ONLY,D_BORN_BAD_MFE_LE_2,2025-09-25
liquidity-burst-detector-2026-07-18-v2-response-families,LB_20250925_093609_SELL_0001,2025-09-25 13:36:09+00:00,2025-09-25 13:36:10+00:00,2025-09-25 09:36:09,2025-09-25 13:36:13+00:00,3,SELL,24501.25,24503.75,24532.5,-2,2,2,1.0,0,0.666666666666667,-5,131,-0.4,-0.015267175572519,0.666666666666667,0.5,0.91829583405449,-0.333333333333333,0,0,POST_BURST_ONLY,D_BORN_BAD_MFE_LE_2,2025-09-25
liquidity-burst-detector-2026-07-18-v2-response-families,LB_20250925_093609_SELL_0001,2025-09-25 13:36:09+00:00,2025-09-25 13:36:10+00:00,2025-09-25 09:36:09,2025-09-25 13:36:15+00:00,5,SELL,24501.25,24503.75,24532.5,-2,2,3,1.0,0,0.6,-22,200,-0.090909090909091,-0.01,0.6,0.75,0.970950594454669,-0.25,0,0,POST_BURST_ONLY,D_BORN_BAD_MFE_LE_2,2025-09-25
liquidity-burst-detector-2026-07-18-v2-response-families,LB_20250926_093218_BUY_0001,2025-09-26 13:32:18+00:00,2025-09-26 13:32:19+00:00,2025-09-26 09:32:18,2025-09-26 13:32:20+00:00,1,BUY,24663.75,24661.25,24657.5,-2,1,2,1.0,0,2.0,3,117,-0.666666666666667,-0.017094017094017,0.0,0.0,0.0,-1.0,0,0,POST_BURST_ONLY,D_BORN_BAD_MFE_LE_2,2025-09-26
liquidity-burst-detector-2026-07-18-v2-response-families,LB_20250926_093218_BUY_0001,2025-09-26 13:32:18+00:00,2025-09-26 13:32:19+00:00,2025-09-26 09:32:18,2025-09-26 13:32:22+00:00,3,BUY,24663.75,24663.75,24657.5,0,1,2,1.0,0,0.666666666666667,-12,260,0.0,0.0,0.666666666666667,0.5,0.91829583405449,0.0,0,0,POST_BURST_ONLY,D_BORN_BAD_MFE_LE_2,2025-09-26
liquidity-burst-detector-2026-07-18-v2-response-families,LB_20250926_093218_BUY_0001,2025-09-26 13:32:18+00:00,2025-09-26 13:32:19+00:00,2025-09-26 09:32:18,2025-09-26 13:32:24+00:00,5,BUY,24663.75,24661.25,24657.5,-2,1,4,1.0,0,0.8,-51,435,-0.03921568627451,-0.004597701149425,0.4,0.5,0.970950594454669,-0.333333333333333,0,0,POST_BURST_ONLY,D_BORN_BAD_MFE_LE_2,2025-09-26
liquidity-burst-detector-2026-07-18-v2-response-families,LB_20250930_093313_SELL_0001,2025-09-30 13:33:13+00:00,2025-09-30 13:33:14+00:00,2025-09-30 09:33:13,2025-09-30 13:33:15+00:00,1,SELL,24790.0,24791.25,24801.25,-1,1,1,1.0,0,1.0,5,43,-0.2,-0.023255813953488,0.0,0.0,0.0,-1.0,0,0,POST_BURST_ONLY,D_BORN_BAD_MFE_LE_2,2025-09-30
liquidity-burst-detector-2026-07-18-v2-response-families,LB_20250930_093313_SELL_0001,2025-09-30 13:33:13+00:00,2025-09-30 13:33:14+00:00,2025-09-30 09:33:13,2025-09-30 13:33:17+00:00,3,SELL,24790.0,24786.25,24801.25,3,3,1,1.0,0,0.333333333333333,45,185,0.066666666666667,0.016216216216216,0.666666666666667,0.5,0.91829583405449,0.6,0,0,POST_BURST_ONLY,D_BORN_BAD_MFE_LE_2,2025-09-30
liquidity-burst-detector-2026-07-18-v2-response-families,LB_20250930_093313_SELL_0001,2025-09-30 13:33:13+00:00,2025-09-30 13:33:14+00:00,2025-09-30 09:33:13,2025-09-30 13:33:19+00:00,5,SELL,24790.0,24782.5,24801.25,6,7,1,1.0,0,0.2,111,317,0.054054054054054,0.018927444794953,0.6,0.333333333333333,0.811278124459133,0.75,0,0,POST_BURST_ONLY,D_BORN_BAD_MFE_LE_2,2025-09-30
liquidity-burst-detector-2026-07-18-v2-response-families,LB_20251001_093134_BUY_0001,2025-10-01 13:31:34+00:00,2025-10-01 13:31:35+00:00,2025-10-01 09:31:34,2025-10-01 13:31:36+00:00,1,BUY,24807.5,24803.75,24768.75,-3,0,4,1.0,0,4.0,-2,118,-1.5,-0.025423728813559,0.0,0.0,0.0,-1.0,0,0,POST_BURST_ONLY,A_WINNER,2025-10-01
liquidity-burst-detector-2026-07-18-v2-response-families,LB_20251001_093134_BUY_0001,2025-10-01 13:31:34+00:00,2025-10-01 13:31:35+00:00,2025-10-01 09:31:34,2025-10-01 13:31:38+00:00,3,BUY,24807.5,24800.0,24768.75,-6,0,8,1.0,0,2.666666666666667,-34,306,-0.176470588235294,-0.019607843137255,0.333333333333333,0.5,0.91829583405449,-0.75,0,0,POST_BURST_ONLY,A_WINNER,2025-10-01
liquidity-burst-detector-2026-07-18-v2-response-families,LB_20251001_093134_BUY_0001,2025-10-01 13:31:34+00:00,2025-10-01 13:31:35+00:00,2025-10-01 09:31:34,2025-10-01 13:31:40+00:00,5,BUY,24807.5,24793.75,24768.75,-11,0,11,1.0,0,2.2,-93,441,-0.118279569892473,-0.024943310657596,0.2,0.5,0.721928094887362,-0.846153846153846,0,0,POST_BURST_ONLY,A_WINNER,2025-10-01
liquidity-burst-detector-2026-07-18-v2-response-families,LB_20251002_093721_SELL_0001,2025-10-02 13:37:21+00:00,2025-10-02 13:37:22+00:00,2025-10-02 09:37:21,2025-10-02 13:37:23+00:00,1,SELL,25108.75,25108.75,25138.75,0,1,0,1.0,0,0.0,13,71,0.0,0.0,0.0,0.0,0.0,0.0,0,0,POST_BURST_ONLY,D_BORN_BAD_MFE_LE_2,2025-10-02
liquidity-burst-detector-2026-07-18-v2-response-families,LB_20251002_093721_SELL_0001,2025-10-02 13:37:21+00:00,2025-10-02 13:37:22+00:00,2025-10-02 09:37:21,2025-10-02 13:37:25+00:00,3,SELL,25108.75,25107.5,25138.75,1,3,0,1.0,0,0.0,53,219,0.018867924528302,0.004566210045662,0.333333333333333,0.0,0.0,1.0,0,0,POST_BURST_ONLY,D_BORN_BAD_MFE_LE_2,2025-10-02
liquidity-burst-detector-2026-07-18-v2-response-families,LB_20251002_093721_SELL_0001,2025-10-02 13:37:21+00:00,2025-10-02 13:37:22+00:00,2025-10-02 09:37:21,2025-10-02 13:37:27+00:00,5,SELL,25108.75,25107.5,25138.75,1,3,0,1.0,0,0.0,42,262,0.023809523809524,0.00381679389313,0.2,0.0,0.0,1.0,0,0,POST_BURST_ONLY,D_BORN_BAD_MFE_LE_2,2025-10-02
liquidity-burst-detector-2026-07-18-v2-response-families,LB_20251008_093125_BUY_0001,2025-10-08 13:31:25+00:00,2025-10-08 13:31:26+00:00,2025-10-08 09:31:25,2025-10-08 13:31:27+00:00,1,BUY,25107.5,25107.5,25098.75,0,0,1,1.0,0,1.0,-16,52,0.0,0.0,0.0,0.0,0.0,0.0,0,0,POST_BURST_ONLY,D_BORN_BAD_MFE_LE_2,2025-10-08
liquidity-burst-detector-2026-07-18-v2-response-families,LB_20251008_093125_BUY_0001,2025-10-08 13:31:25+00:00,2025-10-08 13:31:26+00:00,2025-10-08 09:31:25,2025-10-08 13:31:29+00:00,3,BUY,25107.5,25103.75,25098.75,-3,0,3,1.0,0,1.0,-26,150,-0.115384615384615,-0.02,0.0,0.0,0.0,-1.0,0,0,POST_BURST_ONLY,D_BORN_BAD_MFE_LE_2,2025-10-08
liquidity-burst-detector-2026-07-18-v2-response-families,LB_20251008_093125_BUY_0001,2025-10-08 13:31:25+00:00,2025-10-08 13:31:26+00:00,2025-10-08 09:31:25,2025-10-08 13:31:31+00:00,5,BUY,25107.5,25105.0,25098.75,-2,0,4,1.0,0,0.8,-36,228,-0.055555555555556,-0.008771929824561,0.2,0.5,0.91829583405449,-0.5,0,0,POST_BURST_ONLY,D_BORN_BAD_MFE_LE_2,2025-10-08
liquidity-burst-detector-2026-07-18-v2-response-families,LB_20251013_093429_SELL_0001,2025-10-13 13:34:29+00:00,2025-10-13 13:34:30+00:00,2025-10-13 09:34:29,2025-10-13 13:34:31+00:00,1,SELL,24780.0,24781.25,24801.25,-1,0,3,1.0,0,3.0,-7,73,-0.142857142857143,-0.013698630136986,0.0,0.0,0.0,-1.0,0,0,POST_BURST_ONLY,D_BORN_BAD_MFE_LE_2,2025-10-13
liquidity-burst-detector-2026-07-18-v2-response-families,LB_20251013_093429_SELL_0001,2025-10-13 13:34:29+00:00,2025-10-13 13:34:30+00:00,2025-10-13 09:34:29,2025-10-13 13:34:33+00:00,3,SELL,24780.0,24778.75,24801.25,1,1,3,1.0,0,1.0,-2,214,0.5,0.004672897196262,0.666666666666667,0.5,0.91829583405449,0.333333333333333,0,0,POST_BURST_ONLY,D_BORN_BAD_MFE_LE_2,2025-10-13
liquidity-burst-detector-2026-07-18-v2-response-families,LB_20251013_093429_SELL_0001,2025-10-13 13:34:29+00:00,2025-10-13 13:34:30+00:00,2025-10-13 09:34:29,2025-10-13 13:34:35+00:00,5,SELL,24780.0,24780.0,24801.25,0,1,3,1.0,0,0.6,11,345,0.0,0.0,0.4,0.666666666666667,1.0,0.0,0,0,POST_BURST_ONLY,D_BORN_BAD_MFE_LE_2,2025-10-13
liquidity-burst-detector-2026-07-18-v2-response-families,LB_20251017_093426_BUY_0002,2025-10-17 13:34:26+00:00,2025-10-17 13:34:27+00:00,2025-10-17 09:34:26,2025-10-17 13:34:28+00:00,1,BUY,24780.0,24780.0,24771.25,0,1,1,1.0,0,1.0,-1,65,0.0,0.0,0.0,0.0,0.0,0.0,0,0,POST_BURST_ONLY,C_LOSER_MFE_3_TO_30,2025-10-17
liquidity-burst-detector-2026-07-18-v2-response-families,LB_20251017_093426_BUY_0002,2025-10-17 13:34:26+00:00,2025-10-17 13:34:27+00:00,2025-10-17 09:34:26,2025-10-17 13:34:30+00:00,3,BUY,24780.0,24785.0,24771.25,4,5,1,1.0,0,0.333333333333333,68,216,0.058823529411765,0.018518518518519,0.666666666666667,0.0,0.0,1.0,0,0,POST_BURST_ONLY,C_LOSER_MFE_3_TO_30,2025-10-17
liquidity-burst-detector-2026-07-18-v2-response-families,LB_20251017_093426_BUY_0002,2025-10-17 13:34:26+00:00,2025-10-17 13:34:27+00:00,2025-10-17 09:34:26,2025-10-17 13:34:32+00:00,5,BUY,24780.0,24791.25,24771.25,9,10,1,1.0,0,0.2,92,434,0.097826086956522,0.02073732718894,0.8,0.0,0.0,1.0,0,0,POST_BURST_ONLY,C_LOSER_MFE_3_TO_30,2025-10-17
liquidity-burst-detector-2026-07-18-v2-response-families,LB_20251020_093100_BUY_0001,2025-10-20 13:31:00+00:00,2025-10-20 13:31:01+00:00,2025-10-20 09:31:00,2025-10-20 13:31:02+00:00,1,BUY,25182.5,25178.75,25176.25,-3,1,3,1.0,0,3.0,-53,147,-0.056603773584906,-0.020408163265306,0.0,0.0,0.0,-1.0,0,0,POST_BURST_ONLY,B_LOSER_MFE_GT_30,2025-10-20
liquidity-burst-detector-2026-07-18-v2-response-families,LB_20251020_093100_BUY_0001,2025-10-20 13:31:00+00:00,2025-10-20 13:31:01+00:00,2025-10-20 09:31:00,2025-10-20 13:31:04+00:00,3,BUY,25182.5,25181.25,25176.25,-1,1,4,1.0,0,1.333333333333333,-25,285,-0.04,-0.003508771929825,0.333333333333333,1.0,1.0,-0.2,0,0,POST_BURST_ONLY,B_LOSER_MFE_GT_30,2025-10-20
liquidity-burst-detector-2026-07-18-v2-response-families,LB_20251020_093100_BUY_0001,2025-10-20 13:31:00+00:00,2025-10-20 13:31:01+00:00,2025-10-20 09:31:00,2025-10-20 13:31:06+00:00,5,BUY,25182.5,25182.5,25176.25,0,2,4,1.0,0,0.8,-9,419,0.0,0.0,0.4,0.666666666666667,1.0,0.0,0,0,POST_BURST_ONLY,B_LOSER_MFE_GT_30,2025-10-20
liquidity-burst-detector-2026-07-18-v2-response-families,LB_20251022_093346_SELL_0001,2025-10-22 13:33:46+00:00,2025-10-22 13:33:47+00:00,2025-10-22 09:33:46,2025-10-22 13:33:48+00:00,1,SELL,25208.75,25207.5,25213.75,1,1,0,1.0,0,0.0,-1,51,1.0,0.019607843137255,1.0,0.0,0.0,1.0,0,0,POST_BURST_ONLY,D_BORN_BAD_MFE_LE_2,2025-10-22
liquidity-burst-detector-2026-07-18-v2-response-families,LB_20251022_093346_SELL_0001,2025-10-22 13:33:46+00:00,2025-10-22 13:33:47+00:00,2025-10-22 09:33:46,2025-10-22 13:33:50+00:00,3,SELL,25208.75,25208.75,25213.75,0,2,1,1.0,0,0.333333333333333,-19,159,0.0,0.0,0.666666666666667,0.5,0.91829583405449,0.0,0,0,POST_BURST_ONLY,D_BORN_BAD_MFE_LE_2,2025-10-22
liquidity-burst-detector-2026-07-18-v2-response-families,LB_20251022_093346_SELL_0001,2025-10-22 13:33:46+00:00,2025-10-22 13:33:47+00:00,2025-10-22 09:33:46,2025-10-22 13:33:52+00:00,5,SELL,25208.75,25202.5,25213.75,5,5,1,1.0,0,0.2,75,363,0.066666666666667,0.013774104683196,0.8,0.5,0.721928094887362,0.555555555555556,0,0,POST_BURST_ONLY,D_BORN_BAD_MFE_LE_2,2025-10-22
liquidity-burst-detector-2026-07-18-v2-response-families,LB_20251027_093502_SELL_0001,2025-10-27 13:35:02+00:00,2025-10-27 13:35:03+00:00,2025-10-27 09:35:02,2025-10-27 13:35:04+00:00,1,SELL,25812.5,25812.5,25815.0,0,2,2,1.0,0,2.0,34,170,0.0,0.0,0.0,0.0,0.0,0.0,0,0,POST_BURST_ONLY,D_BORN_BAD_MFE_LE_2,2025-10-27
liquidity-burst-detector-2026-07-18-v2-response-families,LB_20251027_093502_SELL_0001,2025-10-27 13:35:02+00:00,2025-10-27 13:35:03+00:00,2025-10-27 09:35:02,2025-10-27 13:35:06+00:00,3,SELL,25812.5,25813.75,25815.0,-1,2,2,1.0,0,0.666666666666667,-29,471,-0.03448275862069,-0.002123142250531,0.0,0.0,0.0,-1.0,0,0,POST_BURST_ONLY,D_BORN_BAD_MFE_LE_2,2025-10-27
liquidity-burst-detector-2026-07-18-v2-response-families,LB_20251027_093502_SELL_0001,2025-10-27 13:35:02+00:00,2025-10-27 13:35:03+00:00,2025-10-27 09:35:02,2025-10-27 13:35:08+00:00,5,SELL,25812.5,25811.25,25815.0,1,2,3,1.0,0,0.6,-42,624,0.023809523809524,0.001602564102564,0.2,0.5,0.91829583405449,0.2,0,0,POST_BURST_ONLY,D_BORN_BAD_MFE_LE_2,2025-10-27
liquidity-burst-detector-2026-07-18-v2-response-families,LB_20251030_093452_SELL_0001,2025-10-30 13:34:52+00:00,2025-10-30 13:34:53+00:00,2025-10-30 09:34:52,2025-10-30 13:34:54+00:00,1,SELL,26050.0,26046.25,26071.25,3,3,3,1.0,0,3.0,12,156,0.25,0.019230769230769,1.0,0.0,0.0,1.0,0,0,POST_BURST_ONLY,D_BORN_BAD_MFE_LE_2,2025-10-30
liquidity-burst-detector-2026-07-18-v2-response-families,LB_20251030_093452_SELL_0001,2025-10-30 13:34:52+00:00,2025-10-30 13:34:53+00:00,2025-10-30 09:34:52,2025-10-30 13:34:56+00:00,3,SELL,26050.0,26046.25,26071.25,3,5,3,1.0,0,1.0,108,368,0.027777777777778,0.008152173913043,0.666666666666667,0.5,0.91829583405449,0.6,0,0,POST_BURST_ONLY,D_BORN_BAD_MFE_LE_2,2025-10-30
liquidity-burst-detector-2026-07-18-v2-response-families,LB_20251030_093452_SELL_0001,2025-10-30 13:34:52+00:00,2025-10-30 13:34:53+00:00,2025-10-30 09:34:52,2025-10-30 13:34:58+00:00,5,SELL,26050.0,26048.75,26071.25,1,5,3,1.0,0,0.6,91,463,0.010989010989011,0.002159827213823,0.4,0.333333333333333,1.0,0.142857142857143,0,0,POST_BURST_ONLY,D_BORN_BAD_MFE_LE_2,2025-10-30
liquidity-burst-detector-2026-07-18-v2-response-families,LB_20260311_093757_BUY_0001,2026-03-11 13:37:57+00:00,2026-03-11 13:37:58+00:00,2026-03-11 09:37:57,2026-03-11 13:37:59+00:00,1,BUY,25106.25,25105.0,25091.25,-1,1,2,1.0,0,2.0,9,27,-0.111111111111111,-0.037037037037037,0.0,0.0,0.0,-1.0,0,0,POST_BURST_ONLY,A_WINNER,2026-03-11
liquidity-burst-detector-2026-07-18-v2-response-families,LB_20260311_093757_BUY_0001,2026-03-11 13:37:57+00:00,2026-03-11 13:37:58+00:00,2026-03-11 09:37:57,2026-03-11 13:38:01+00:00,3,BUY,25106.25,25105.0,25091.25,-1,1,3,1.0,0,1.0,3,113,-0.333333333333333,-0.008849557522124,0.333333333333333,1.0,0.91829583405449,-0.333333333333333,0,0,POST_BURST_ONLY,A_WINNER,2026-03-11
liquidity-burst-detector-2026-07-18-v2-response-families,LB_20260311_093757_BUY_0001,2026-03-11 13:37:57+00:00,2026-03-11 13:37:58+00:00,2026-03-11 09:37:57,2026-03-11 13:38:03+00:00,5,BUY,25106.25,25102.5,25091.25,-3,1,4,1.0,0,0.8,-10,188,-0.3,-0.015957446808511,0.2,0.666666666666667,0.811278124459133,-0.6,0,0,POST_BURST_ONLY,A_WINNER,2026-03-11
liquidity-burst-detector-2026-07-18-v2-response-families,LB_20260324_093135_SELL_0001,2026-03-24 13:31:35+00:00,2026-03-24 13:31:36+00:00,2026-03-24 09:31:35,2026-03-24 13:31:37+00:00,1,SELL,24290.0,24287.5,24227.5,2,2,0,0.0,0,0.0,2,30,1.0,0.066666666666667,1.0,0.0,0.0,1.0,0,0,POST_BURST_ONLY,A_WINNER,2026-03-24
liquidity-burst-detector-2026-07-18-v2-response-families,LB_20260324_093135_SELL_0001,2026-03-24 13:31:35+00:00,2026-03-24 13:31:36+00:00,2026-03-24 09:31:35,2026-03-24 13:31:39+00:00,3,SELL,24290.0,24292.5,24227.5,-2,2,2,0.0,0,0.666666666666667,-38,92,-0.052631578947368,-0.021739130434783,0.333333333333333,0.5,0.91829583405449,-0.333333333333333,0,0,POST_BURST_ONLY,A_WINNER,2026-03-24
liquidity-burst-detector-2026-07-18-v2-response-families,LB_20260324_093135_SELL_0001,2026-03-24 13:31:35+00:00,2026-03-24 13:31:36+00:00,2026-03-24 09:31:35,2026-03-24 13:31:41+00:00,5,SELL,24290.0,24295.0,24227.5,-4,2,5,0.0,0,1.0,-56,164,-0.071428571428571,-0.024390243902439,0.2,0.25,0.721928094887362,-0.5,0,0,POST_BURST_ONLY,A_WINNER,2026-03-24
liquidity-burst-detector-2026-07-18-v2-response-families,LB_20260331_093135_BUY_0001,2026-03-31 13:31:35+00:00,2026-03-31 13:31:36+00:00,2026-03-31 09:31:35,2026-03-31 13:31:37+00:00,1,BUY,23440.0,23441.25,23428.75,1,2,1,1.0,0,1.0,22,64,0.045454545454545,0.015625,1.0,0.0,0.0,1.0,0,0,POST_BURST_ONLY,A_WINNER,2026-03-31
liquidity-burst-detector-2026-07-18-v2-response-families,LB_20260331_093135_BUY_0001,2026-03-31 13:31:35+00:00,2026-03-31 13:31:36+00:00,2026-03-31 09:31:35,2026-03-31 13:31:39+00:00,3,BUY,23440.0,23437.5,23428.75,-2,3,3,1.0,0,1.0,7,133,-0.285714285714286,-0.015037593984962,0.333333333333333,0.5,0.91829583405449,-0.5,0,0,POST_BURST_ONLY,A_WINNER,2026-03-31
liquidity-burst-detector-2026-07-18-v2-response-families,LB_20260331_093135_BUY_0001,2026-03-31 13:31:35+00:00,2026-03-31 13:31:36+00:00,2026-03-31 09:31:35,2026-03-31 13:31:41+00:00,5,BUY,23440.0,23430.0,23428.75,-8,3,9,1.0,0,1.8,-48,266,-0.166666666666667,-0.030075187969925,0.2,0.25,0.721928094887362,-0.8,0,0,POST_BURST_ONLY,A_WINNER,2026-03-31
liquidity-burst-detector-2026-07-18-v2-response-families,LB_20260410_093110_BUY_0001,2026-04-10 13:31:10+00:00,2026-04-10 13:31:11+00:00,2026-04-10 09:31:10,2026-04-10 13:31:12+00:00,1,BUY,25352.5,25351.25,25343.75,-1,0,3,1.0,0,3.0,-10,60,-0.1,-0.016666666666667,0.0,0.0,0.0,-1.0,0,0,POST_BURST_ONLY,C_LOSER_MFE_3_TO_30,2026-04-10
liquidity-burst-detector-2026-07-18-v2-response-families,LB_20260410_093110_BUY_0001,2026-04-10 13:31:10+00:00,2026-04-10 13:31:11+00:00,2026-04-10 09:31:10,2026-04-10 13:31:14+00:00,3,BUY,25352.5,25355.0,25343.75,2,3,3,1.0,0,1.0,-70,470,0.028571428571429,0.004255319148936,0.666666666666667,0.5,0.91829583405449,0.5,0,0,POST_BURST_ONLY,C_LOSER_MFE_3_TO_30,2026-04-10
liquidity-burst-detector-2026-07-18-v2-response-families,LB_20260410_093110_BUY_0001,2026-04-10 13:31:10+00:00,2026-04-10 13:31:11+00:00,2026-04-10 09:31:10,2026-04-10 13:31:16+00:00,5,BUY,25352.5,25356.25,25343.75,3,3,3,1.0,0,0.6,-91,617,0.032967032967033,0.004862236628849,0.6,0.333333333333333,0.811278124459133,0.6,0,0,POST_BURST_ONLY,C_LOSER_MFE_3_TO_30,2026-04-10
liquidity-burst-detector-2026-07-18-v2-response-families,LB_20260430_093337_SELL_0001,2026-04-30 13:33:37+00:00,2026-04-30 13:33:38+00:00,2026-04-30 09:33:37,2026-04-30 13:33:39+00:00,1,SELL,27377.5,27382.5,27422.5,-4,0,4,1.0,0,4.0,7,69,-0.571428571428571,-0.057971014492754,0.0,0.0,0.0,-1.0,0,0,POST_BURST_ONLY,D_BORN_BAD_MFE_LE_2,2026-04-30
liquidity-burst-detector-2026-07-18-v2-response-families,LB_20260430_093337_SELL_0001,2026-04-30 13:33:37+00:00,2026-04-30 13:33:38+00:00,2026-04-30 09:33:37,2026-04-30 13:33:41+00:00,3,SELL,27377.5,27378.75,27422.5,-1,2,4,1.0,0,1.333333333333333,35,195,-0.028571428571429,-0.005128205128205,0.666666666666667,0.5,0.91829583405449,-0.142857142857143,0,0,POST_BURST_ONLY,D_BORN_BAD_MFE_LE_2,2026-04-30
liquidity-burst-detector-2026-07-18-v2-response-families,LB_20260430_093337_SELL_0001,2026-04-30 13:33:37+00:00,2026-04-30 13:33:38+00:00,2026-04-30 09:33:37,2026-04-30 13:33:43+00:00,5,SELL,27377.5,27372.5,27422.5,4,6,4,1.0,0,0.8,81,321,0.049382716049383,0.012461059190031,0.8,0.25,0.721928094887362,0.333333333333333,0,0,POST_BURST_ONLY,D_BORN_BAD_MFE_LE_2,2026-04-30
liquidity-burst-detector-2026-07-18-v2-response-families,LB_20260514_093203_BUY_0001,2026-05-14 13:32:03+00:00,2026-05-14 13:32:04+00:00,2026-05-14 09:32:03,2026-05-14 13:32:05+00:00,1,BUY,29512.5,29512.5,29492.5,0,2,1,1.0,0,1.0,12,94,0.0,0.0,0.0,0.0,0.0,0.0,0,0,POST_BURST_ONLY,D_BORN_BAD_MFE_LE_2,2026-05-14
liquidity-burst-detector-2026-07-18-v2-response-families,LB_20260514_093203_BUY_0001,2026-05-14 13:32:03+00:00,2026-05-14 13:32:04+00:00,2026-05-14 09:32:03,2026-05-14 13:32:07+00:00,3,BUY,29512.5,29512.5,29492.5,0,3,1,1.0,0,0.333333333333333,26,260,0.0,0.0,0.333333333333333,1.0,1.0,0.0,0,0,POST_BURST_ONLY,D_BORN_BAD_MFE_LE_2,2026-05-14
liquidity-burst-detector-2026-07-18-v2-response-families,LB_20260514_093203_BUY_0001,2026-05-14 13:32:03+00:00,2026-05-14 13:32:04+00:00,2026-05-14 09:32:03,2026-05-14 13:32:09+00:00,5,BUY,29512.5,29523.75,29492.5,9,10,2,1.0,0,0.4,105,497,0.085714285714286,0.018108651911469,0.6,0.666666666666667,0.811278124459133,0.818181818181818,0,0,POST_BURST_ONLY,D_BORN_BAD_MFE_LE_2,2026-05-14
liquidity-burst-detector-2026-07-18-v2-response-families,LB_20260518_093500_SELL_0001,2026-05-18 13:35:00+00:00,2026-05-18 13:35:01+00:00,2026-05-18 09:35:00,2026-05-18 13:35:02+00:00,1,SELL,29277.5,29282.5,29305.0,-4,2,4,1.0,0,4.0,-11,45,-0.363636363636364,-0.088888888888889,0.0,0.0,0.0,-1.0,0,0,POST_BURST_ONLY,A_WINNER,2026-05-18
liquidity-burst-detector-2026-07-18-v2-response-families,LB_20260518_093500_SELL_0001,2026-05-18 13:35:00+00:00,2026-05-18 13:35:01+00:00,2026-05-18 09:35:00,2026-05-18 13:35:04+00:00,3,SELL,29277.5,29281.25,29305.0,-3,2,4,1.0,0,1.333333333333333,-31,161,-0.096774193548387,-0.018633540372671,0.333333333333333,1.0,0.91829583405449,-0.333333333333333,0,0,POST_BURST_ONLY,A_WINNER,2026-05-18
liquidity-burst-detector-2026-07-18-v2-response-families,LB_20260518_093500_SELL_0001,2026-05-18 13:35:00+00:00,2026-05-18 13:35:01+00:00,2026-05-18 09:35:00,2026-05-18 13:35:06+00:00,5,SELL,29277.5,29280.0,29305.0,-2,2,5,1.0,0,1.0,-19,259,-0.105263157894737,-0.007722007722008,0.4,1.0,1.0,-0.2,0,0,POST_BURST_ONLY,A_WINNER,2026-05-18
liquidity-burst-detector-2026-07-18-v2-response-families,LB_20260519_093215_BUY_0001,2026-05-19 13:32:15+00:00,2026-05-19 13:32:16+00:00,2026-05-19 09:32:15,2026-05-19 13:32:17+00:00,1,BUY,28968.75,28975.0,28943.75,5,5,0,1.0,0,0.0,38,128,0.131578947368421,0.0390625,1.0,0.0,0.0,1.0,0,0,POST_BURST_ONLY,D_BORN_BAD_MFE_LE_2,2026-05-19
liquidity-burst-detector-2026-07-18-v2-response-families,LB_20260519_093215_BUY_0001,2026-05-19 13:32:15+00:00,2026-05-19 13:32:16+00:00,2026-05-19 09:32:15,2026-05-19 13:32:19+00:00,3,BUY,28968.75,28970.0,28943.75,1,7,0,1.0,0,0.0,26,258,0.038461538461538,0.003875968992248,0.333333333333333,1.0,1.0,0.111111111111111,0,0,POST_BURST_ONLY,D_BORN_BAD_MFE_LE_2,2026-05-19
liquidity-burst-detector-2026-07-18-v2-response-families,LB_20260519_093215_BUY_0001,2026-05-19 13:32:15+00:00,2026-05-19 13:32:16+00:00,2026-05-19 09:32:15,2026-05-19 13:32:21+00:00,5,BUY,28968.75,28968.75,28943.75,0,7,1,1.0,0,0.2,23,441,0.0,0.0,0.2,0.5,0.91829583405449,0.0,0,0,POST_BURST_ONLY,D_BORN_BAD_MFE_LE_2,2026-05-19
liquidity-burst-detector-2026-07-18-v2-response-families,LB_20260520_093514_SELL_0001,2026-05-20 13:35:14+00:00,2026-05-20 13:35:15+00:00,2026-05-20 09:35:14,2026-05-20 13:35:16+00:00,1,SELL,29126.25,29126.25,29070.0,0,1,1,0.0,0,1.0,7,49,0.0,0.0,0.0,0.0,0.0,0.0,0,0,POST_BURST_ONLY,D_BORN_BAD_MFE_LE_2,2026-05-20
liquidity-burst-detector-2026-07-18-v2-response-families,LB_20260520_093514_SELL_0001,2026-05-20 13:35:14+00:00,2026-05-20 13:35:15+00:00,2026-05-20 09:35:14,2026-05-20 13:35:18+00:00,3,SELL,29126.25,29126.25,29070.0,0,3,1,0.0,0,0.333333333333333,23,127,0.0,0.0,0.333333333333333,1.0,1.0,0.0,0,0,POST_BURST_ONLY,D_BORN_BAD_MFE_LE_2,2026-05-20
liquidity-burst-detector-2026-07-18-v2-response-families,LB_20260520_093514_SELL_0001,2026-05-20 13:35:14+00:00,2026-05-20 13:35:15+00:00,2026-05-20 09:35:14,2026-05-20 13:35:20+00:00,5,SELL,29126.25,29122.5,29070.0,3,4,1,0.0,0,0.2,56,222,0.053571428571429,0.013513513513514,0.6,0.666666666666667,0.811278124459133,0.428571428571429,0,0,POST_BURST_ONLY,D_BORN_BAD_MFE_LE_2,2026-05-20
liquidity-burst-detector-2026-07-18-v2-response-families,LB_20260529_093201_BUY_0001,2026-05-29 13:32:01+00:00,2026-05-29 13:32:02+00:00,2026-05-29 09:32:01,2026-05-29 13:32:03+00:00,1,BUY,30423.75,30425.0,30405.0,1,1,2,1.0,0,2.0,70,158,0.014285714285714,0.006329113924051,1.0,0.0,0.0,1.0,0,0,POST_BURST_ONLY,A_WINNER,2026-05-29
liquidity-burst-detector-2026-07-18-v2-response-families,LB_20260529_093201_BUY_0001,2026-05-29 13:32:01+00:00,2026-05-29 13:32:02+00:00,2026-05-29 09:32:01,2026-05-29 13:32:05+00:00,3,BUY,30423.75,30422.5,30405.0,-1,2,2,1.0,0,0.666666666666667,324,688,-0.003086419753086,-0.001453488372093,0.333333333333333,0.5,0.91829583405449,-0.333333333333333,0,0,POST_BURST_ONLY,A_WINNER,2026-05-29
liquidity-burst-detector-2026-07-18-v2-response-families,LB_20260529_093201_BUY_0001,2026-05-29 13:32:01+00:00,2026-05-29 13:32:02+00:00,2026-05-29 09:32:01,2026-05-29 13:32:07+00:00,5,BUY,30423.75,30416.25,30405.0,-6,2,9,1.0,0,1.8,224,1010,-0.026785714285714,-0.005940594059406,0.4,0.5,0.970950594454669,-0.6,0,0,POST_BURST_ONLY,A_WINNER,2026-05-29
liquidity-burst-detector-2026-07-18-v2-response-families,LB_20260603_093152_BUY_0001,2026-06-03 13:31:52+00:00,2026-06-03 13:31:53+00:00,2026-06-03 09:31:52,2026-06-03 13:31:54+00:00,1,BUY,30801.25,30802.5,30792.5,1,1,0,1.0,0,0.0,45,105,0.022222222222222,0.00952380952381,1.0,0.0,0.0,1.0,0,0,POST_BURST_ONLY,A_WINNER,2026-06-03
liquidity-burst-detector-2026-07-18-v2-response-families,LB_20260603_093152_BUY_0001,2026-06-03 13:31:52+00:00,2026-06-03 13:31:53+00:00,2026-06-03 09:31:52,2026-06-03 13:31:56+00:00,3,BUY,30801.25,30802.5,30792.5,1,2,0,1.0,0,0.0,66,272,0.015151515151515,0.003676470588235,0.666666666666667,1.0,0.91829583405449,0.333333333333333,0,0,POST_BURST_ONLY,A_WINNER,2026-06-03
liquidity-burst-detector-2026-07-18-v2-response-families,LB_20260603_093152_BUY_0001,2026-06-03 13:31:52+00:00,2026-06-03 13:31:53+00:00,2026-06-03 09:31:52,2026-06-03 13:31:58+00:00,5,BUY,30801.25,30800.0,30792.5,-1,2,1,1.0,0,0.2,68,370,-0.014705882352941,-0.002702702702703,0.4,1.0,1.0,-0.2,0,0,POST_BURST_ONLY,A_WINNER,2026-06-03
liquidity-burst-detector-2026-07-18-v2-response-families,LB_20260624_093230_BUY_0001,2026-06-24 13:32:30+00:00,2026-06-24 13:32:31+00:00,2026-06-24 09:32:30,2026-06-24 13:32:32+00:00,1,BUY,29738.75,29742.5,29712.5,3,4,0,1.0,0,0.0,-8,88,0.375,0.034090909090909,1.0,0.0,0.0,1.0,0,0,POST_BURST_ONLY,D_BORN_BAD_MFE_LE_2,2026-06-24
liquidity-burst-detector-2026-07-18-v2-response-families,LB_20260624_093230_BUY_0001,2026-06-24 13:32:30+00:00,2026-06-24 13:32:31+00:00,2026-06-24 09:32:30,2026-06-24 13:32:34+00:00,3,BUY,29738.75,29748.75,29712.5,8,8,1,1.0,0,0.333333333333333,10,178,0.8,0.044943820224719,0.666666666666667,1.0,0.91829583405449,0.666666666666667,0,0,POST_BURST_ONLY,D_BORN_BAD_MFE_LE_2,2026-06-24
liquidity-burst-detector-2026-07-18-v2-response-families,LB_20260625_093109_SELL_0001,2026-06-25 13:31:09+00:00,2026-06-25 13:31:10+00:00,2026-06-25 09:31:09,2026-06-25 13:31:11+00:00,1,SELL,30097.5,30098.75,30108.75,-1,1,4,1.0,0,4.0,10,90,-0.1,-0.011111111111111,0.0,0.0,0.0,-1.0,0,0,POST_BURST_ONLY,A_WINNER,2026-06-25
liquidity-burst-detector-2026-07-18-v2-response-families,LB_20260625_093109_SELL_0001,2026-06-25 13:31:09+00:00,2026-06-25 13:31:10+00:00,2026-06-25 09:31:09,2026-06-25 13:31:13+00:00,3,SELL,30097.5,30101.25,30108.75,-3,1,4,1.0,0,1.333333333333333,23,177,-0.130434782608696,-0.016949152542373,0.0,0.0,0.0,-1.0,0,0,POST_BURST_ONLY,A_WINNER,2026-06-25
liquidity-burst-detector-2026-07-18-v2-response-families,LB_20260625_093109_SELL_0001,2026-06-25 13:31:09+00:00,2026-06-25 13:31:10+00:00,2026-06-25 09:31:09,2026-06-25 13:31:15+00:00,5,SELL,30097.5,30108.75,30108.75,-9,1,12,1.0,0,2.4,-24,328,-0.375,-0.027439024390244,0.0,0.0,0.0,-1.0,0,0,POST_BURST_ONLY,A_WINNER,2026-06-25
liquidity-burst-detector-2026-07-18-v2-response-families,LB_20260708_093155_BUY_0001,2026-07-08 13:31:55+00:00,2026-07-08 13:31:56+00:00,2026-07-08 09:31:55,2026-07-08 13:31:57+00:00,1,BUY,29297.5,29292.5,29277.5,-4,0,7,1.0,0,7.0,-5,63,-0.8,-0.063492063492063,0.0,0.0,0.0,-1.0,0,0,POST_BURST_ONLY,C_LOSER_MFE_3_TO_30,2026-07-08
liquidity-burst-detector-2026-07-18-v2-response-families,LB_20260708_093155_BUY_0001,2026-07-08 13:31:55+00:00,2026-07-08 13:31:56+00:00,2026-07-08 09:31:55,2026-07-08 13:31:59+00:00,3,BUY,29297.5,29293.75,29277.5,-3,0,7,1.0,0,2.333333333333333,2,174,-1.5,-0.017241379310345,0.333333333333333,1.0,0.91829583405449,-0.333333333333333,0,0,POST_BURST_ONLY,C_LOSER_MFE_3_TO_30,2026-07-08
liquidity-burst-detector-2026-07-18-v2-response-families,LB_20260708_093155_BUY_0001,2026-07-08 13:31:55+00:00,2026-07-08 13:31:56+00:00,2026-07-08 09:31:55,2026-07-08 13:32:01+00:00,5,BUY,29297.5,29297.5,29277.5,0,2,7,1.0,0,1.4,44,380,0.0,0.0,0.6,0.75,0.970950594454669,0.0,0,0,POST_BURST_ONLY,C_LOSER_MFE_3_TO_30,2026-07-08
