reference,threshold_ticks,horizon_ms,dimension,dimension_value,regime,count,share,lb_count
EXECUTABLE,4,500,ALL,ALL,CONTINUATION,31,0.29245283018867924,106
EXECUTABLE,4,500,ALL,ALL,REVERSAL,46,0.4339622641509434,106
EXECUTABLE,4,500,ALL,ALL,NO_EXPANSION,24,0.22641509433962265,106
EXECUTABLE,4,500,ALL,ALL,AMBIGUOUS,5,0.04716981132075472,106
EXECUTABLE,4,500,SIDE,BUY,CONTINUATION,17,0.2698412698412698,63
EXECUTABLE,4,500,SIDE,BUY,REVERSAL,28,0.4444444444444444,63
EXECUTABLE,4,500,SIDE,BUY,NO_EXPANSION,13,0.20634920634920634,63
EXECUTABLE,4,500,SIDE,BUY,AMBIGUOUS,5,0.07936507936507936,63
EXECUTABLE,4,500,SIDE,SELL,CONTINUATION,14,0.32558139534883723,43
EXECUTABLE,4,500,SIDE,SELL,REVERSAL,18,0.4186046511627907,43
EXECUTABLE,4,500,SIDE,SELL,NO_EXPANSION,11,0.2558139534883721,43
EXECUTABLE,4,500,SIDE,SELL,AMBIGUOUS,0,0.0,43
EXECUTABLE,4,500,SESSION,2022-08-01,CONTINUATION,8,0.3333333333333333,24
EXECUTABLE,4,500,SESSION,2022-08-01,REVERSAL,11,0.4583333333333333,24
EXECUTABLE,4,500,SESSION,2022-08-01,NO_EXPANSION,4,0.16666666666666666,24
EXECUTABLE,4,500,SESSION,2022-08-01,AMBIGUOUS,1,0.041666666666666664,24
EXECUTABLE,4,500,SESSION,2022-08-02,CONTINUATION,9,0.3,30
EXECUTABLE,4,500,SESSION,2022-08-02,REVERSAL,14,0.4666666666666667,30
EXECUTABLE,4,500,SESSION,2022-08-02,NO_EXPANSION,4,0.13333333333333333,30
EXECUTABLE,4,500,SESSION,2022-08-02,AMBIGUOUS,3,0.1,30
EXECUTABLE,4,500,SESSION,2022-08-03,CONTINUATION,7,0.2692307692307692,26
EXECUTABLE,4,500,SESSION,2022-08-03,REVERSAL,11,0.4230769230769231,26
EXECUTABLE,4,500,SESSION,2022-08-03,NO_EXPANSION,8,0.3076923076923077,26
EXECUTABLE,4,500,SESSION,2022-08-03,AMBIGUOUS,0,0.0,26
EXECUTABLE,4,500,SESSION,2022-08-04,CONTINUATION,2,0.16666666666666666,12
EXECUTABLE,4,500,SESSION,2022-08-04,REVERSAL,5,0.4166666666666667,12
EXECUTABLE,4,500,SESSION,2022-08-04,NO_EXPANSION,4,0.3333333333333333,12
EXECUTABLE,4,500,SESSION,2022-08-04,AMBIGUOUS,1,0.08333333333333333,12
EXECUTABLE,4,500,SESSION,2022-08-05,CONTINUATION,5,0.35714285714285715,14
EXECUTABLE,4,500,SESSION,2022-08-05,REVERSAL,5,0.35714285714285715,14
EXECUTABLE,4,500,SESSION,2022-08-05,NO_EXPANSION,4,0.2857142857142857,14
EXECUTABLE,4,500,SESSION,2022-08-05,AMBIGUOUS,0,0.0,14
EXECUTABLE,4,500,MONTH,2022-08,CONTINUATION,31,0.29245283018867924,106
EXECUTABLE,4,500,MONTH,2022-08,REVERSAL,46,0.4339622641509434,106
EXECUTABLE,4,500,MONTH,2022-08,NO_EXPANSION,24,0.22641509433962265,106
EXECUTABLE,4,500,MONTH,2022-08,AMBIGUOUS,5,0.04716981132075472,106
EXECUTABLE,4,500,YEAR,2022,CONTINUATION,31,0.29245283018867924,106
EXECUTABLE,4,500,YEAR,2022,REVERSAL,46,0.4339622641509434,106
EXECUTABLE,4,500,YEAR,2022,NO_EXPANSION,24,0.22641509433962265,106
EXECUTABLE,4,500,YEAR,2022,AMBIGUOUS,5,0.04716981132075472,106
EXECUTABLE,4,500,HOUR_NY,10,CONTINUATION,10,0.3448275862068966,29
EXECUTABLE,4,500,HOUR_NY,10,REVERSAL,14,0.4827586206896552,29
EXECUTABLE,4,500,HOUR_NY,10,NO_EXPANSION,3,0.10344827586206896,29
EXECUTABLE,4,500,HOUR_NY,10,AMBIGUOUS,2,0.06896551724137931,29
EXECUTABLE,4,500,HOUR_NY,11,CONTINUATION,5,0.2631578947368421,19
EXECUTABLE,4,500,HOUR_NY,11,REVERSAL,5,0.2631578947368421,19
EXECUTABLE,4,500,HOUR_NY,11,NO_EXPANSION,9,0.47368421052631576,19
EXECUTABLE,4,500,HOUR_NY,11,AMBIGUOUS,0,0.0,19
EXECUTABLE,4,500,HOUR_NY,12,CONTINUATION,4,0.4444444444444444,9
EXECUTABLE,4,500,HOUR_NY,12,REVERSAL,4,0.4444444444444444,9
EXECUTABLE,4,500,HOUR_NY,12,NO_EXPANSION,1,0.1111111111111111,9
EXECUTABLE,4,500,HOUR_NY,12,AMBIGUOUS,0,0.0,9
EXECUTABLE,4,500,HOUR_NY,13,CONTINUATION,1,0.16666666666666666,6
EXECUTABLE,4,500,HOUR_NY,13,REVERSAL,2,0.3333333333333333,6
EXECUTABLE,4,500,HOUR_NY,13,NO_EXPANSION,3,0.5,6
EXECUTABLE,4,500,HOUR_NY,13,AMBIGUOUS,0,0.0,6
EXECUTABLE,4,500,HOUR_NY,14,CONTINUATION,2,0.18181818181818182,11
EXECUTABLE,4,500,HOUR_NY,14,REVERSAL,6,0.5454545454545454,11
EXECUTABLE,4,500,HOUR_NY,14,NO_EXPANSION,3,0.2727272727272727,11
EXECUTABLE,4,500,HOUR_NY,14,AMBIGUOUS,0,0.0,11
EXECUTABLE,4,500,HOUR_NY,15,CONTINUATION,3,0.3,10
EXECUTABLE,4,500,HOUR_NY,15,REVERSAL,2,0.2,10
EXECUTABLE,4,500,HOUR_NY,15,NO_EXPANSION,4,0.4,10
EXECUTABLE,4,500,HOUR_NY,15,AMBIGUOUS,1,0.1,10
EXECUTABLE,4,500,HOUR_NY,16,CONTINUATION,1,1.0,1
EXECUTABLE,4,500,HOUR_NY,16,REVERSAL,0,0.0,1
EXECUTABLE,4,500,HOUR_NY,16,NO_EXPANSION,0,0.0,1
EXECUTABLE,4,500,HOUR_NY,16,AMBIGUOUS,0,0.0,1
EXECUTABLE,4,500,HOUR_NY,9,CONTINUATION,5,0.23809523809523808,21
EXECUTABLE,4,500,HOUR_NY,9,REVERSAL,13,0.6190476190476191,21
EXECUTABLE,4,500,HOUR_NY,9,NO_EXPANSION,1,0.047619047619047616,21
EXECUTABLE,4,500,HOUR_NY,9,AMBIGUOUS,2,0.09523809523809523,21
EXECUTABLE,4,1000,ALL,ALL,CONTINUATION,35,0.330188679245283,106
EXECUTABLE,4,1000,ALL,ALL,REVERSAL,55,0.5188679245283019,106
EXECUTABLE,4,1000,ALL,ALL,NO_EXPANSION,10,0.09433962264150944,106
EXECUTABLE,4,1000,ALL,ALL,AMBIGUOUS,6,0.05660377358490566,106
EXECUTABLE,4,1000,SIDE,BUY,CONTINUATION,19,0.30158730158730157,63
EXECUTABLE,4,1000,SIDE,BUY,REVERSAL,33,0.5238095238095238,63
EXECUTABLE,4,1000,SIDE,BUY,NO_EXPANSION,6,0.09523809523809523,63
EXECUTABLE,4,1000,SIDE,BUY,AMBIGUOUS,5,0.07936507936507936,63
EXECUTABLE,4,1000,SIDE,SELL,CONTINUATION,16,0.37209302325581395,43
EXECUTABLE,4,1000,SIDE,SELL,REVERSAL,22,0.5116279069767442,43
EXECUTABLE,4,1000,SIDE,SELL,NO_EXPANSION,4,0.09302325581395349,43
EXECUTABLE,4,1000,SIDE,SELL,AMBIGUOUS,1,0.023255813953488372,43
EXECUTABLE,4,1000,SESSION,2022-08-01,CONTINUATION,10,0.4166666666666667,24
EXECUTABLE,4,1000,SESSION,2022-08-01,REVERSAL,11,0.4583333333333333,24
EXECUTABLE,4,1000,SESSION,2022-08-01,NO_EXPANSION,2,0.08333333333333333,24
EXECUTABLE,4,1000,SESSION,2022-08-01,AMBIGUOUS,1,0.041666666666666664,24
EXECUTABLE,4,1000,SESSION,2022-08-02,CONTINUATION,9,0.3,30
EXECUTABLE,4,1000,SESSION,2022-08-02,REVERSAL,16,0.5333333333333333,30
EXECUTABLE,4,1000,SESSION,2022-08-02,NO_EXPANSION,1,0.03333333333333333,30
EXECUTABLE,4,1000,SESSION,2022-08-02,AMBIGUOUS,4,0.13333333333333333,30
EXECUTABLE,4,1000,SESSION,2022-08-03,CONTINUATION,8,0.3076923076923077,26
EXECUTABLE,4,1000,SESSION,2022-08-03,REVERSAL,15,0.5769230769230769,26
EXECUTABLE,4,1000,SESSION,2022-08-03,NO_EXPANSION,3,0.11538461538461539,26
EXECUTABLE,4,1000,SESSION,2022-08-03,AMBIGUOUS,0,0.0,26
EXECUTABLE,4,1000,SESSION,2022-08-04,CONTINUATION,2,0.16666666666666666,12
EXECUTABLE,4,1000,SESSION,2022-08-04,REVERSAL,6,0.5,12
EXECUTABLE,4,1000,SESSION,2022-08-04,NO_EXPANSION,3,0.25,12
EXECUTABLE,4,1000,SESSION,2022-08-04,AMBIGUOUS,1,0.08333333333333333,12
EXECUTABLE,4,1000,SESSION,2022-08-05,CONTINUATION,6,0.42857142857142855,14
EXECUTABLE,4,1000,SESSION,2022-08-05,REVERSAL,7,0.5,14
EXECUTABLE,4,1000,SESSION,2022-08-05,NO_EXPANSION,1,0.07142857142857142,14
EXECUTABLE,4,1000,SESSION,2022-08-05,AMBIGUOUS,0,0.0,14
EXECUTABLE,4,1000,MONTH,2022-08,CONTINUATION,35,0.330188679245283,106
EXECUTABLE,4,1000,MONTH,2022-08,REVERSAL,55,0.5188679245283019,106
EXECUTABLE,4,1000,MONTH,2022-08,NO_EXPANSION,10,0.09433962264150944,106
EXECUTABLE,4,1000,MONTH,2022-08,AMBIGUOUS,6,0.05660377358490566,106
EXECUTABLE,4,1000,YEAR,2022,CONTINUATION,35,0.330188679245283,106
EXECUTABLE,4,1000,YEAR,2022,REVERSAL,55,0.5188679245283019,106
EXECUTABLE,4,1000,YEAR,2022,NO_EXPANSION,10,0.09433962264150944,106
EXECUTABLE,4,1000,YEAR,2022,AMBIGUOUS,6,0.05660377358490566,106
EXECUTABLE,4,1000,HOUR_NY,10,CONTINUATION,9,0.3103448275862069,29
EXECUTABLE,4,1000,HOUR_NY,10,REVERSAL,15,0.5172413793103449,29
EXECUTABLE,4,1000,HOUR_NY,10,NO_EXPANSION,2,0.06896551724137931,29
EXECUTABLE,4,1000,HOUR_NY,10,AMBIGUOUS,3,0.10344827586206896,29
EXECUTABLE,4,1000,HOUR_NY,11,CONTINUATION,6,0.3157894736842105,19
EXECUTABLE,4,1000,HOUR_NY,11,REVERSAL,10,0.5263157894736842,19
EXECUTABLE,4,1000,HOUR_NY,11,NO_EXPANSION,3,0.15789473684210525,19
EXECUTABLE,4,1000,HOUR_NY,11,AMBIGUOUS,0,0.0,19
EXECUTABLE,4,1000,HOUR_NY,12,CONTINUATION,5,0.5555555555555556,9
EXECUTABLE,4,1000,HOUR_NY,12,REVERSAL,4,0.4444444444444444,9
EXECUTABLE,4,1000,HOUR_NY,12,NO_EXPANSION,0,0.0,9
EXECUTABLE,4,1000,HOUR_NY,12,AMBIGUOUS,0,0.0,9
EXECUTABLE,4,1000,HOUR_NY,13,CONTINUATION,2,0.3333333333333333,6
EXECUTABLE,4,1000,HOUR_NY,13,REVERSAL,3,0.5,6
EXECUTABLE,4,1000,HOUR_NY,13,NO_EXPANSION,1,0.16666666666666666,6
EXECUTABLE,4,1000,HOUR_NY,13,AMBIGUOUS,0,0.0,6
EXECUTABLE,4,1000,HOUR_NY,14,CONTINUATION,2,0.18181818181818182,11
EXECUTABLE,4,1000,HOUR_NY,14,REVERSAL,7,0.6363636363636364,11
EXECUTABLE,4,1000,HOUR_NY,14,NO_EXPANSION,2,0.18181818181818182,11
EXECUTABLE,4,1000,HOUR_NY,14,AMBIGUOUS,0,0.0,11
EXECUTABLE,4,1000,HOUR_NY,15,CONTINUATION,4,0.4,10
EXECUTABLE,4,1000,HOUR_NY,15,REVERSAL,3,0.3,10
EXECUTABLE,4,1000,HOUR_NY,15,NO_EXPANSION,2,0.2,10
EXECUTABLE,4,1000,HOUR_NY,15,AMBIGUOUS,1,0.1,10
EXECUTABLE,4,1000,HOUR_NY,16,CONTINUATION,1,1.0,1
EXECUTABLE,4,1000,HOUR_NY,16,REVERSAL,0,0.0,1
EXECUTABLE,4,1000,HOUR_NY,16,NO_EXPANSION,0,0.0,1
EXECUTABLE,4,1000,HOUR_NY,16,AMBIGUOUS,0,0.0,1
EXECUTABLE,4,1000,HOUR_NY,9,CONTINUATION,6,0.2857142857142857,21
EXECUTABLE,4,1000,HOUR_NY,9,REVERSAL,13,0.6190476190476191,21
EXECUTABLE,4,1000,HOUR_NY,9,NO_EXPANSION,0,0.0,21
EXECUTABLE,4,1000,HOUR_NY,9,AMBIGUOUS,2,0.09523809523809523,21
EXECUTABLE,4,2000,ALL,ALL,CONTINUATION,36,0.33962264150943394,106
EXECUTABLE,4,2000,ALL,ALL,REVERSAL,60,0.5660377358490566,106
EXECUTABLE,4,2000,ALL,ALL,NO_EXPANSION,4,0.03773584905660377,106
EXECUTABLE,4,2000,ALL,ALL,AMBIGUOUS,6,0.05660377358490566,106
EXECUTABLE,4,2000,SIDE,BUY,CONTINUATION,20,0.31746031746031744,63
EXECUTABLE,4,2000,SIDE,BUY,REVERSAL,36,0.5714285714285714,63
EXECUTABLE,4,2000,SIDE,BUY,NO_EXPANSION,2,0.031746031746031744,63
EXECUTABLE,4,2000,SIDE,BUY,AMBIGUOUS,5,0.07936507936507936,63
EXECUTABLE,4,2000,SIDE,SELL,CONTINUATION,16,0.37209302325581395,43
EXECUTABLE,4,2000,SIDE,SELL,REVERSAL,24,0.5581395348837209,43
EXECUTABLE,4,2000,SIDE,SELL,NO_EXPANSION,2,0.046511627906976744,43
EXECUTABLE,4,2000,SIDE,SELL,AMBIGUOUS,1,0.023255813953488372,43
EXECUTABLE,4,2000,SESSION,2022-08-01,CONTINUATION,11,0.4583333333333333,24
EXECUTABLE,4,2000,SESSION,2022-08-01,REVERSAL,11,0.4583333333333333,24
EXECUTABLE,4,2000,SESSION,2022-08-01,NO_EXPANSION,1,0.041666666666666664,24
EXECUTABLE,4,2000,SESSION,2022-08-01,AMBIGUOUS,1,0.041666666666666664,24
EXECUTABLE,4,2000,SESSION,2022-08-02,CONTINUATION,9,0.3,30
EXECUTABLE,4,2000,SESSION,2022-08-02,REVERSAL,17,0.5666666666666667,30
EXECUTABLE,4,2000,SESSION,2022-08-02,NO_EXPANSION,0,0.0,30
EXECUTABLE,4,2000,SESSION,2022-08-02,AMBIGUOUS,4,0.13333333333333333,30
EXECUTABLE,4,2000,SESSION,2022-08-03,CONTINUATION,8,0.3076923076923077,26
EXECUTABLE,4,2000,SESSION,2022-08-03,REVERSAL,17,0.6538461538461539,26
EXECUTABLE,4,2000,SESSION,2022-08-03,NO_EXPANSION,1,0.038461538461538464,26
EXECUTABLE,4,2000,SESSION,2022-08-03,AMBIGUOUS,0,0.0,26
EXECUTABLE,4,2000,SESSION,2022-08-04,CONTINUATION,2,0.16666666666666666,12
EXECUTABLE,4,2000,SESSION,2022-08-04,REVERSAL,7,0.5833333333333334,12
EXECUTABLE,4,2000,SESSION,2022-08-04,NO_EXPANSION,2,0.16666666666666666,12
EXECUTABLE,4,2000,SESSION,2022-08-04,AMBIGUOUS,1,0.08333333333333333,12
EXECUTABLE,4,2000,SESSION,2022-08-05,CONTINUATION,6,0.42857142857142855,14
EXECUTABLE,4,2000,SESSION,2022-08-05,REVERSAL,8,0.5714285714285714,14
EXECUTABLE,4,2000,SESSION,2022-08-05,NO_EXPANSION,0,0.0,14
EXECUTABLE,4,2000,SESSION,2022-08-05,AMBIGUOUS,0,0.0,14
EXECUTABLE,4,2000,MONTH,2022-08,CONTINUATION,36,0.33962264150943394,106
EXECUTABLE,4,2000,MONTH,2022-08,REVERSAL,60,0.5660377358490566,106
EXECUTABLE,4,2000,MONTH,2022-08,NO_EXPANSION,4,0.03773584905660377,106
EXECUTABLE,4,2000,MONTH,2022-08,AMBIGUOUS,6,0.05660377358490566,106
EXECUTABLE,4,2000,YEAR,2022,CONTINUATION,36,0.33962264150943394,106
EXECUTABLE,4,2000,YEAR,2022,REVERSAL,60,0.5660377358490566,106
EXECUTABLE,4,2000,YEAR,2022,NO_EXPANSION,4,0.03773584905660377,106
EXECUTABLE,4,2000,YEAR,2022,AMBIGUOUS,6,0.05660377358490566,106
EXECUTABLE,4,2000,HOUR_NY,10,CONTINUATION,9,0.3103448275862069,29
EXECUTABLE,4,2000,HOUR_NY,10,REVERSAL,17,0.5862068965517241,29
EXECUTABLE,4,2000,HOUR_NY,10,NO_EXPANSION,0,0.0,29
EXECUTABLE,4,2000,HOUR_NY,10,AMBIGUOUS,3,0.10344827586206896,29
EXECUTABLE,4,2000,HOUR_NY,11,CONTINUATION,7,0.3684210526315789,19
EXECUTABLE,4,2000,HOUR_NY,11,REVERSAL,11,0.5789473684210527,19
EXECUTABLE,4,2000,HOUR_NY,11,NO_EXPANSION,1,0.05263157894736842,19
EXECUTABLE,4,2000,HOUR_NY,11,AMBIGUOUS,0,0.0,19
EXECUTABLE,4,2000,HOUR_NY,12,CONTINUATION,5,0.5555555555555556,9
EXECUTABLE,4,2000,HOUR_NY,12,REVERSAL,4,0.4444444444444444,9
EXECUTABLE,4,2000,HOUR_NY,12,NO_EXPANSION,0,0.0,9
EXECUTABLE,4,2000,HOUR_NY,12,AMBIGUOUS,0,0.0,9
EXECUTABLE,4,2000,HOUR_NY,13,CONTINUATION,2,0.3333333333333333,6
EXECUTABLE,4,2000,HOUR_NY,13,REVERSAL,4,0.6666666666666666,6
EXECUTABLE,4,2000,HOUR_NY,13,NO_EXPANSION,0,0.0,6
EXECUTABLE,4,2000,HOUR_NY,13,AMBIGUOUS,0,0.0,6
EXECUTABLE,4,2000,HOUR_NY,14,CONTINUATION,2,0.18181818181818182,11
EXECUTABLE,4,2000,HOUR_NY,14,REVERSAL,7,0.6363636363636364,11
EXECUTABLE,4,2000,HOUR_NY,14,NO_EXPANSION,2,0.18181818181818182,11
EXECUTABLE,4,2000,HOUR_NY,14,AMBIGUOUS,0,0.0,11
EXECUTABLE,4,2000,HOUR_NY,15,CONTINUATION,4,0.4,10
EXECUTABLE,4,2000,HOUR_NY,15,REVERSAL,4,0.4,10
EXECUTABLE,4,2000,HOUR_NY,15,NO_EXPANSION,1,0.1,10
EXECUTABLE,4,2000,HOUR_NY,15,AMBIGUOUS,1,0.1,10
EXECUTABLE,4,2000,HOUR_NY,16,CONTINUATION,1,1.0,1
EXECUTABLE,4,2000,HOUR_NY,16,REVERSAL,0,0.0,1
EXECUTABLE,4,2000,HOUR_NY,16,NO_EXPANSION,0,0.0,1
EXECUTABLE,4,2000,HOUR_NY,16,AMBIGUOUS,0,0.0,1
EXECUTABLE,4,2000,HOUR_NY,9,CONTINUATION,6,0.2857142857142857,21
EXECUTABLE,4,2000,HOUR_NY,9,REVERSAL,13,0.6190476190476191,21
EXECUTABLE,4,2000,HOUR_NY,9,NO_EXPANSION,0,0.0,21
EXECUTABLE,4,2000,HOUR_NY,9,AMBIGUOUS,2,0.09523809523809523,21
EXECUTABLE,4,5000,ALL,ALL,CONTINUATION,39,0.36792452830188677,106
EXECUTABLE,4,5000,ALL,ALL,REVERSAL,61,0.5754716981132075,106
EXECUTABLE,4,5000,ALL,ALL,NO_EXPANSION,0,0.0,106
EXECUTABLE,4,5000,ALL,ALL,AMBIGUOUS,6,0.05660377358490566,106
EXECUTABLE,4,5000,SIDE,BUY,CONTINUATION,21,0.3333333333333333,63
EXECUTABLE,4,5000,SIDE,BUY,REVERSAL,37,0.5873015873015873,63
EXECUTABLE,4,5000,SIDE,BUY,NO_EXPANSION,0,0.0,63
EXECUTABLE,4,5000,SIDE,BUY,AMBIGUOUS,5,0.07936507936507936,63
EXECUTABLE,4,5000,SIDE,SELL,CONTINUATION,18,0.4186046511627907,43
EXECUTABLE,4,5000,SIDE,SELL,REVERSAL,24,0.5581395348837209,43
EXECUTABLE,4,5000,SIDE,SELL,NO_EXPANSION,0,0.0,43
EXECUTABLE,4,5000,SIDE,SELL,AMBIGUOUS,1,0.023255813953488372,43
EXECUTABLE,4,5000,SESSION,2022-08-01,CONTINUATION,12,0.5,24
EXECUTABLE,4,5000,SESSION,2022-08-01,REVERSAL,11,0.4583333333333333,24
EXECUTABLE,4,5000,SESSION,2022-08-01,NO_EXPANSION,0,0.0,24
EXECUTABLE,4,5000,SESSION,2022-08-01,AMBIGUOUS,1,0.041666666666666664,24
EXECUTABLE,4,5000,SESSION,2022-08-02,CONTINUATION,9,0.3,30
EXECUTABLE,4,5000,SESSION,2022-08-02,REVERSAL,17,0.5666666666666667,30
EXECUTABLE,4,5000,SESSION,2022-08-02,NO_EXPANSION,0,0.0,30
EXECUTABLE,4,5000,SESSION,2022-08-02,AMBIGUOUS,4,0.13333333333333333,30
EXECUTABLE,4,5000,SESSION,2022-08-03,CONTINUATION,9,0.34615384615384615,26
EXECUTABLE,4,5000,SESSION,2022-08-03,REVERSAL,17,0.6538461538461539,26
EXECUTABLE,4,5000,SESSION,2022-08-03,NO_EXPANSION,0,0.0,26
EXECUTABLE,4,5000,SESSION,2022-08-03,AMBIGUOUS,0,0.0,26
EXECUTABLE,4,5000,SESSION,2022-08-04,CONTINUATION,3,0.25,12
EXECUTABLE,4,5000,SESSION,2022-08-04,REVERSAL,8,0.6666666666666666,12
EXECUTABLE,4,5000,SESSION,2022-08-04,NO_EXPANSION,0,0.0,12
EXECUTABLE,4,5000,SESSION,2022-08-04,AMBIGUOUS,1,0.08333333333333333,12
EXECUTABLE,4,5000,SESSION,2022-08-05,CONTINUATION,6,0.42857142857142855,14
EXECUTABLE,4,5000,SESSION,2022-08-05,REVERSAL,8,0.5714285714285714,14
EXECUTABLE,4,5000,SESSION,2022-08-05,NO_EXPANSION,0,0.0,14
EXECUTABLE,4,5000,SESSION,2022-08-05,AMBIGUOUS,0,0.0,14
EXECUTABLE,4,5000,MONTH,2022-08,CONTINUATION,39,0.36792452830188677,106
EXECUTABLE,4,5000,MONTH,2022-08,REVERSAL,61,0.5754716981132075,106
EXECUTABLE,4,5000,MONTH,2022-08,NO_EXPANSION,0,0.0,106
EXECUTABLE,4,5000,MONTH,2022-08,AMBIGUOUS,6,0.05660377358490566,106
EXECUTABLE,4,5000,YEAR,2022,CONTINUATION,39,0.36792452830188677,106
EXECUTABLE,4,5000,YEAR,2022,REVERSAL,61,0.5754716981132075,106
EXECUTABLE,4,5000,YEAR,2022,NO_EXPANSION,0,0.0,106
EXECUTABLE,4,5000,YEAR,2022,AMBIGUOUS,6,0.05660377358490566,106
EXECUTABLE,4,5000,HOUR_NY,10,CONTINUATION,9,0.3103448275862069,29
EXECUTABLE,4,5000,HOUR_NY,10,REVERSAL,17,0.5862068965517241,29
EXECUTABLE,4,5000,HOUR_NY,10,NO_EXPANSION,0,0.0,29
EXECUTABLE,4,5000,HOUR_NY,10,AMBIGUOUS,3,0.10344827586206896,29
EXECUTABLE,4,5000,HOUR_NY,11,CONTINUATION,8,0.42105263157894735,19
EXECUTABLE,4,5000,HOUR_NY,11,REVERSAL,11,0.5789473684210527,19
EXECUTABLE,4,5000,HOUR_NY,11,NO_EXPANSION,0,0.0,19
EXECUTABLE,4,5000,HOUR_NY,11,AMBIGUOUS,0,0.0,19
EXECUTABLE,4,5000,HOUR_NY,12,CONTINUATION,5,0.5555555555555556,9
EXECUTABLE,4,5000,HOUR_NY,12,REVERSAL,4,0.4444444444444444,9
EXECUTABLE,4,5000,HOUR_NY,12,NO_EXPANSION,0,0.0,9
EXECUTABLE,4,5000,HOUR_NY,12,AMBIGUOUS,0,0.0,9
EXECUTABLE,4,5000,HOUR_NY,13,CONTINUATION,2,0.3333333333333333,6
EXECUTABLE,4,5000,HOUR_NY,13,REVERSAL,4,0.6666666666666666,6
EXECUTABLE,4,5000,HOUR_NY,13,NO_EXPANSION,0,0.0,6
EXECUTABLE,4,5000,HOUR_NY,13,AMBIGUOUS,0,0.0,6
EXECUTABLE,4,5000,HOUR_NY,14,CONTINUATION,4,0.36363636363636365,11
EXECUTABLE,4,5000,HOUR_NY,14,REVERSAL,7,0.6363636363636364,11
EXECUTABLE,4,5000,HOUR_NY,14,NO_EXPANSION,0,0.0,11
EXECUTABLE,4,5000,HOUR_NY,14,AMBIGUOUS,0,0.0,11
EXECUTABLE,4,5000,HOUR_NY,15,CONTINUATION,4,0.4,10
EXECUTABLE,4,5000,HOUR_NY,15,REVERSAL,5,0.5,10
EXECUTABLE,4,5000,HOUR_NY,15,NO_EXPANSION,0,0.0,10
EXECUTABLE,4,5000,HOUR_NY,15,AMBIGUOUS,1,0.1,10
EXECUTABLE,4,5000,HOUR_NY,16,CONTINUATION,1,1.0,1
EXECUTABLE,4,5000,HOUR_NY,16,REVERSAL,0,0.0,1
EXECUTABLE,4,5000,HOUR_NY,16,NO_EXPANSION,0,0.0,1
EXECUTABLE,4,5000,HOUR_NY,16,AMBIGUOUS,0,0.0,1
EXECUTABLE,4,5000,HOUR_NY,9,CONTINUATION,6,0.2857142857142857,21
EXECUTABLE,4,5000,HOUR_NY,9,REVERSAL,13,0.6190476190476191,21
EXECUTABLE,4,5000,HOUR_NY,9,NO_EXPANSION,0,0.0,21
EXECUTABLE,4,5000,HOUR_NY,9,AMBIGUOUS,2,0.09523809523809523,21
EXECUTABLE,4,10000,ALL,ALL,CONTINUATION,39,0.36792452830188677,106
EXECUTABLE,4,10000,ALL,ALL,REVERSAL,61,0.5754716981132075,106
EXECUTABLE,4,10000,ALL,ALL,NO_EXPANSION,0,0.0,106
EXECUTABLE,4,10000,ALL,ALL,AMBIGUOUS,6,0.05660377358490566,106
EXECUTABLE,4,10000,SIDE,BUY,CONTINUATION,21,0.3333333333333333,63
EXECUTABLE,4,10000,SIDE,BUY,REVERSAL,37,0.5873015873015873,63
EXECUTABLE,4,10000,SIDE,BUY,NO_EXPANSION,0,0.0,63
EXECUTABLE,4,10000,SIDE,BUY,AMBIGUOUS,5,0.07936507936507936,63
EXECUTABLE,4,10000,SIDE,SELL,CONTINUATION,18,0.4186046511627907,43
EXECUTABLE,4,10000,SIDE,SELL,REVERSAL,24,0.5581395348837209,43
EXECUTABLE,4,10000,SIDE,SELL,NO_EXPANSION,0,0.0,43
EXECUTABLE,4,10000,SIDE,SELL,AMBIGUOUS,1,0.023255813953488372,43
EXECUTABLE,4,10000,SESSION,2022-08-01,CONTINUATION,12,0.5,24
EXECUTABLE,4,10000,SESSION,2022-08-01,REVERSAL,11,0.4583333333333333,24
EXECUTABLE,4,10000,SESSION,2022-08-01,NO_EXPANSION,0,0.0,24
EXECUTABLE,4,10000,SESSION,2022-08-01,AMBIGUOUS,1,0.041666666666666664,24
EXECUTABLE,4,10000,SESSION,2022-08-02,CONTINUATION,9,0.3,30
EXECUTABLE,4,10000,SESSION,2022-08-02,REVERSAL,17,0.5666666666666667,30
EXECUTABLE,4,10000,SESSION,2022-08-02,NO_EXPANSION,0,0.0,30
EXECUTABLE,4,10000,SESSION,2022-08-02,AMBIGUOUS,4,0.13333333333333333,30
EXECUTABLE,4,10000,SESSION,2022-08-03,CONTINUATION,9,0.34615384615384615,26
EXECUTABLE,4,10000,SESSION,2022-08-03,REVERSAL,17,0.6538461538461539,26
EXECUTABLE,4,10000,SESSION,2022-08-03,NO_EXPANSION,0,0.0,26
EXECUTABLE,4,10000,SESSION,2022-08-03,AMBIGUOUS,0,0.0,26
EXECUTABLE,4,10000,SESSION,2022-08-04,CONTINUATION,3,0.25,12
EXECUTABLE,4,10000,SESSION,2022-08-04,REVERSAL,8,0.6666666666666666,12
EXECUTABLE,4,10000,SESSION,2022-08-04,NO_EXPANSION,0,0.0,12
EXECUTABLE,4,10000,SESSION,2022-08-04,AMBIGUOUS,1,0.08333333333333333,12
EXECUTABLE,4,10000,SESSION,2022-08-05,CONTINUATION,6,0.42857142857142855,14
EXECUTABLE,4,10000,SESSION,2022-08-05,REVERSAL,8,0.5714285714285714,14
EXECUTABLE,4,10000,SESSION,2022-08-05,NO_EXPANSION,0,0.0,14
EXECUTABLE,4,10000,SESSION,2022-08-05,AMBIGUOUS,0,0.0,14
EXECUTABLE,4,10000,MONTH,2022-08,CONTINUATION,39,0.36792452830188677,106
EXECUTABLE,4,10000,MONTH,2022-08,REVERSAL,61,0.5754716981132075,106
EXECUTABLE,4,10000,MONTH,2022-08,NO_EXPANSION,0,0.0,106
EXECUTABLE,4,10000,MONTH,2022-08,AMBIGUOUS,6,0.05660377358490566,106
EXECUTABLE,4,10000,YEAR,2022,CONTINUATION,39,0.36792452830188677,106
EXECUTABLE,4,10000,YEAR,2022,REVERSAL,61,0.5754716981132075,106
EXECUTABLE,4,10000,YEAR,2022,NO_EXPANSION,0,0.0,106
EXECUTABLE,4,10000,YEAR,2022,AMBIGUOUS,6,0.05660377358490566,106
EXECUTABLE,4,10000,HOUR_NY,10,CONTINUATION,9,0.3103448275862069,29
EXECUTABLE,4,10000,HOUR_NY,10,REVERSAL,17,0.5862068965517241,29
EXECUTABLE,4,10000,HOUR_NY,10,NO_EXPANSION,0,0.0,29
EXECUTABLE,4,10000,HOUR_NY,10,AMBIGUOUS,3,0.10344827586206896,29
EXECUTABLE,4,10000,HOUR_NY,11,CONTINUATION,8,0.42105263157894735,19
EXECUTABLE,4,10000,HOUR_NY,11,REVERSAL,11,0.5789473684210527,19
EXECUTABLE,4,10000,HOUR_NY,11,NO_EXPANSION,0,0.0,19
EXECUTABLE,4,10000,HOUR_NY,11,AMBIGUOUS,0,0.0,19
EXECUTABLE,4,10000,HOUR_NY,12,CONTINUATION,5,0.5555555555555556,9
EXECUTABLE,4,10000,HOUR_NY,12,REVERSAL,4,0.4444444444444444,9
EXECUTABLE,4,10000,HOUR_NY,12,NO_EXPANSION,0,0.0,9
EXECUTABLE,4,10000,HOUR_NY,12,AMBIGUOUS,0,0.0,9
EXECUTABLE,4,10000,HOUR_NY,13,CONTINUATION,2,0.3333333333333333,6
EXECUTABLE,4,10000,HOUR_NY,13,REVERSAL,4,0.6666666666666666,6
EXECUTABLE,4,10000,HOUR_NY,13,NO_EXPANSION,0,0.0,6
EXECUTABLE,4,10000,HOUR_NY,13,AMBIGUOUS,0,0.0,6
EXECUTABLE,4,10000,HOUR_NY,14,CONTINUATION,4,0.36363636363636365,11
EXECUTABLE,4,10000,HOUR_NY,14,REVERSAL,7,0.6363636363636364,11
EXECUTABLE,4,10000,HOUR_NY,14,NO_EXPANSION,0,0.0,11
EXECUTABLE,4,10000,HOUR_NY,14,AMBIGUOUS,0,0.0,11
EXECUTABLE,4,10000,HOUR_NY,15,CONTINUATION,4,0.4,10
EXECUTABLE,4,10000,HOUR_NY,15,REVERSAL,5,0.5,10
EXECUTABLE,4,10000,HOUR_NY,15,NO_EXPANSION,0,0.0,10
EXECUTABLE,4,10000,HOUR_NY,15,AMBIGUOUS,1,0.1,10
EXECUTABLE,4,10000,HOUR_NY,16,CONTINUATION,1,1.0,1
EXECUTABLE,4,10000,HOUR_NY,16,REVERSAL,0,0.0,1
EXECUTABLE,4,10000,HOUR_NY,16,NO_EXPANSION,0,0.0,1
EXECUTABLE,4,10000,HOUR_NY,16,AMBIGUOUS,0,0.0,1
EXECUTABLE,4,10000,HOUR_NY,9,CONTINUATION,6,0.2857142857142857,21
EXECUTABLE,4,10000,HOUR_NY,9,REVERSAL,13,0.6190476190476191,21
EXECUTABLE,4,10000,HOUR_NY,9,NO_EXPANSION,0,0.0,21
EXECUTABLE,4,10000,HOUR_NY,9,AMBIGUOUS,2,0.09523809523809523,21
EXECUTABLE,8,500,ALL,ALL,CONTINUATION,13,0.12264150943396226,106
EXECUTABLE,8,500,ALL,ALL,REVERSAL,16,0.1509433962264151,106
EXECUTABLE,8,500,ALL,ALL,NO_EXPANSION,77,0.7264150943396226,106
EXECUTABLE,8,500,ALL,ALL,AMBIGUOUS,0,0.0,106
EXECUTABLE,8,500,SIDE,BUY,CONTINUATION,9,0.14285714285714285,63
EXECUTABLE,8,500,SIDE,BUY,REVERSAL,10,0.15873015873015872,63
EXECUTABLE,8,500,SIDE,BUY,NO_EXPANSION,44,0.6984126984126984,63
EXECUTABLE,8,500,SIDE,BUY,AMBIGUOUS,0,0.0,63
EXECUTABLE,8,500,SIDE,SELL,CONTINUATION,4,0.09302325581395349,43
EXECUTABLE,8,500,SIDE,SELL,REVERSAL,6,0.13953488372093023,43
EXECUTABLE,8,500,SIDE,SELL,NO_EXPANSION,33,0.7674418604651163,43
EXECUTABLE,8,500,SIDE,SELL,AMBIGUOUS,0,0.0,43
EXECUTABLE,8,500,SESSION,2022-08-01,CONTINUATION,2,0.08333333333333333,24
EXECUTABLE,8,500,SESSION,2022-08-01,REVERSAL,4,0.16666666666666666,24
EXECUTABLE,8,500,SESSION,2022-08-01,NO_EXPANSION,18,0.75,24
EXECUTABLE,8,500,SESSION,2022-08-01,AMBIGUOUS,0,0.0,24
EXECUTABLE,8,500,SESSION,2022-08-02,CONTINUATION,5,0.16666666666666666,30
EXECUTABLE,8,500,SESSION,2022-08-02,REVERSAL,5,0.16666666666666666,30
EXECUTABLE,8,500,SESSION,2022-08-02,NO_EXPANSION,20,0.6666666666666666,30
EXECUTABLE,8,500,SESSION,2022-08-02,AMBIGUOUS,0,0.0,30
EXECUTABLE,8,500,SESSION,2022-08-03,CONTINUATION,3,0.11538461538461539,26
EXECUTABLE,8,500,SESSION,2022-08-03,REVERSAL,2,0.07692307692307693,26
EXECUTABLE,8,500,SESSION,2022-08-03,NO_EXPANSION,21,0.8076923076923077,26
EXECUTABLE,8,500,SESSION,2022-08-03,AMBIGUOUS,0,0.0,26
EXECUTABLE,8,500,SESSION,2022-08-04,CONTINUATION,1,0.08333333333333333,12
EXECUTABLE,8,500,SESSION,2022-08-04,REVERSAL,4,0.3333333333333333,12
EXECUTABLE,8,500,SESSION,2022-08-04,NO_EXPANSION,7,0.5833333333333334,12
EXECUTABLE,8,500,SESSION,2022-08-04,AMBIGUOUS,0,0.0,12
EXECUTABLE,8,500,SESSION,2022-08-05,CONTINUATION,2,0.14285714285714285,14
EXECUTABLE,8,500,SESSION,2022-08-05,REVERSAL,1,0.07142857142857142,14
EXECUTABLE,8,500,SESSION,2022-08-05,NO_EXPANSION,11,0.7857142857142857,14
EXECUTABLE,8,500,SESSION,2022-08-05,AMBIGUOUS,0,0.0,14
EXECUTABLE,8,500,MONTH,2022-08,CONTINUATION,13,0.12264150943396226,106
EXECUTABLE,8,500,MONTH,2022-08,REVERSAL,16,0.1509433962264151,106
EXECUTABLE,8,500,MONTH,2022-08,NO_EXPANSION,77,0.7264150943396226,106
EXECUTABLE,8,500,MONTH,2022-08,AMBIGUOUS,0,0.0,106
EXECUTABLE,8,500,YEAR,2022,CONTINUATION,13,0.12264150943396226,106
EXECUTABLE,8,500,YEAR,2022,REVERSAL,16,0.1509433962264151,106
EXECUTABLE,8,500,YEAR,2022,NO_EXPANSION,77,0.7264150943396226,106
EXECUTABLE,8,500,YEAR,2022,AMBIGUOUS,0,0.0,106
EXECUTABLE,8,500,HOUR_NY,10,CONTINUATION,4,0.13793103448275862,29
EXECUTABLE,8,500,HOUR_NY,10,REVERSAL,8,0.27586206896551724,29
EXECUTABLE,8,500,HOUR_NY,10,NO_EXPANSION,17,0.5862068965517241,29
EXECUTABLE,8,500,HOUR_NY,10,AMBIGUOUS,0,0.0,29
EXECUTABLE,8,500,HOUR_NY,11,CONTINUATION,2,0.10526315789473684,19
EXECUTABLE,8,500,HOUR_NY,11,REVERSAL,0,0.0,19
EXECUTABLE,8,500,HOUR_NY,11,NO_EXPANSION,17,0.8947368421052632,19
EXECUTABLE,8,500,HOUR_NY,11,AMBIGUOUS,0,0.0,19
EXECUTABLE,8,500,HOUR_NY,12,CONTINUATION,0,0.0,9
EXECUTABLE,8,500,HOUR_NY,12,REVERSAL,1,0.1111111111111111,9
EXECUTABLE,8,500,HOUR_NY,12,NO_EXPANSION,8,0.8888888888888888,9
EXECUTABLE,8,500,HOUR_NY,12,AMBIGUOUS,0,0.0,9
EXECUTABLE,8,500,HOUR_NY,13,CONTINUATION,0,0.0,6
EXECUTABLE,8,500,HOUR_NY,13,REVERSAL,1,0.16666666666666666,6
EXECUTABLE,8,500,HOUR_NY,13,NO_EXPANSION,5,0.8333333333333334,6
EXECUTABLE,8,500,HOUR_NY,13,AMBIGUOUS,0,0.0,6
EXECUTABLE,8,500,HOUR_NY,14,CONTINUATION,1,0.09090909090909091,11
EXECUTABLE,8,500,HOUR_NY,14,REVERSAL,1,0.09090909090909091,11
EXECUTABLE,8,500,HOUR_NY,14,NO_EXPANSION,9,0.8181818181818182,11
EXECUTABLE,8,500,HOUR_NY,14,AMBIGUOUS,0,0.0,11
EXECUTABLE,8,500,HOUR_NY,15,CONTINUATION,0,0.0,10
EXECUTABLE,8,500,HOUR_NY,15,REVERSAL,1,0.1,10
EXECUTABLE,8,500,HOUR_NY,15,NO_EXPANSION,9,0.9,10
EXECUTABLE,8,500,HOUR_NY,15,AMBIGUOUS,0,0.0,10
EXECUTABLE,8,500,HOUR_NY,16,CONTINUATION,1,1.0,1
EXECUTABLE,8,500,HOUR_NY,16,REVERSAL,0,0.0,1
EXECUTABLE,8,500,HOUR_NY,16,NO_EXPANSION,0,0.0,1
EXECUTABLE,8,500,HOUR_NY,16,AMBIGUOUS,0,0.0,1
EXECUTABLE,8,500,HOUR_NY,9,CONTINUATION,5,0.23809523809523808,21
EXECUTABLE,8,500,HOUR_NY,9,REVERSAL,4,0.19047619047619047,21
EXECUTABLE,8,500,HOUR_NY,9,NO_EXPANSION,12,0.5714285714285714,21
EXECUTABLE,8,500,HOUR_NY,9,AMBIGUOUS,0,0.0,21
EXECUTABLE,8,1000,ALL,ALL,CONTINUATION,21,0.19811320754716982,106
EXECUTABLE,8,1000,ALL,ALL,REVERSAL,31,0.29245283018867924,106
EXECUTABLE,8,1000,ALL,ALL,NO_EXPANSION,54,0.5094339622641509,106
EXECUTABLE,8,1000,ALL,ALL,AMBIGUOUS,0,0.0,106
EXECUTABLE,8,1000,SIDE,BUY,CONTINUATION,13,0.20634920634920634,63
EXECUTABLE,8,1000,SIDE,BUY,REVERSAL,15,0.23809523809523808,63
EXECUTABLE,8,1000,SIDE,BUY,NO_EXPANSION,35,0.5555555555555556,63
EXECUTABLE,8,1000,SIDE,BUY,AMBIGUOUS,0,0.0,63
EXECUTABLE,8,1000,SIDE,SELL,CONTINUATION,8,0.18604651162790697,43
EXECUTABLE,8,1000,SIDE,SELL,REVERSAL,16,0.37209302325581395,43
EXECUTABLE,8,1000,SIDE,SELL,NO_EXPANSION,19,0.4418604651162791,43
EXECUTABLE,8,1000,SIDE,SELL,AMBIGUOUS,0,0.0,43
EXECUTABLE,8,1000,SESSION,2022-08-01,CONTINUATION,6,0.25,24
EXECUTABLE,8,1000,SESSION,2022-08-01,REVERSAL,8,0.3333333333333333,24
EXECUTABLE,8,1000,SESSION,2022-08-01,NO_EXPANSION,10,0.4166666666666667,24
EXECUTABLE,8,1000,SESSION,2022-08-01,AMBIGUOUS,0,0.0,24
EXECUTABLE,8,1000,SESSION,2022-08-02,CONTINUATION,7,0.23333333333333334,30
EXECUTABLE,8,1000,SESSION,2022-08-02,REVERSAL,12,0.4,30
EXECUTABLE,8,1000,SESSION,2022-08-02,NO_EXPANSION,11,0.36666666666666664,30
EXECUTABLE,8,1000,SESSION,2022-08-02,AMBIGUOUS,0,0.0,30
EXECUTABLE,8,1000,SESSION,2022-08-03,CONTINUATION,4,0.15384615384615385,26
EXECUTABLE,8,1000,SESSION,2022-08-03,REVERSAL,4,0.15384615384615385,26
EXECUTABLE,8,1000,SESSION,2022-08-03,NO_EXPANSION,18,0.6923076923076923,26
EXECUTABLE,8,1000,SESSION,2022-08-03,AMBIGUOUS,0,0.0,26
EXECUTABLE,8,1000,SESSION,2022-08-04,CONTINUATION,1,0.08333333333333333,12
EXECUTABLE,8,1000,SESSION,2022-08-04,REVERSAL,5,0.4166666666666667,12
EXECUTABLE,8,1000,SESSION,2022-08-04,NO_EXPANSION,6,0.5,12
EXECUTABLE,8,1000,SESSION,2022-08-04,AMBIGUOUS,0,0.0,12
EXECUTABLE,8,1000,SESSION,2022-08-05,CONTINUATION,3,0.21428571428571427,14
EXECUTABLE,8,1000,SESSION,2022-08-05,REVERSAL,2,0.14285714285714285,14
EXECUTABLE,8,1000,SESSION,2022-08-05,NO_EXPANSION,9,0.6428571428571429,14
EXECUTABLE,8,1000,SESSION,2022-08-05,AMBIGUOUS,0,0.0,14
EXECUTABLE,8,1000,MONTH,2022-08,CONTINUATION,21,0.19811320754716982,106
EXECUTABLE,8,1000,MONTH,2022-08,REVERSAL,31,0.29245283018867924,106
EXECUTABLE,8,1000,MONTH,2022-08,NO_EXPANSION,54,0.5094339622641509,106
EXECUTABLE,8,1000,MONTH,2022-08,AMBIGUOUS,0,0.0,106
EXECUTABLE,8,1000,YEAR,2022,CONTINUATION,21,0.19811320754716982,106
EXECUTABLE,8,1000,YEAR,2022,REVERSAL,31,0.29245283018867924,106
EXECUTABLE,8,1000,YEAR,2022,NO_EXPANSION,54,0.5094339622641509,106
EXECUTABLE,8,1000,YEAR,2022,AMBIGUOUS,0,0.0,106
EXECUTABLE,8,1000,HOUR_NY,10,CONTINUATION,6,0.20689655172413793,29
EXECUTABLE,8,1000,HOUR_NY,10,REVERSAL,11,0.3793103448275862,29
EXECUTABLE,8,1000,HOUR_NY,10,NO_EXPANSION,12,0.41379310344827586,29
EXECUTABLE,8,1000,HOUR_NY,10,AMBIGUOUS,0,0.0,29
EXECUTABLE,8,1000,HOUR_NY,11,CONTINUATION,2,0.10526315789473684,19
EXECUTABLE,8,1000,HOUR_NY,11,REVERSAL,1,0.05263157894736842,19
EXECUTABLE,8,1000,HOUR_NY,11,NO_EXPANSION,16,0.8421052631578947,19
EXECUTABLE,8,1000,HOUR_NY,11,AMBIGUOUS,0,0.0,19
EXECUTABLE,8,1000,HOUR_NY,12,CONTINUATION,0,0.0,9
EXECUTABLE,8,1000,HOUR_NY,12,REVERSAL,1,0.1111111111111111,9
EXECUTABLE,8,1000,HOUR_NY,12,NO_EXPANSION,8,0.8888888888888888,9
EXECUTABLE,8,1000,HOUR_NY,12,AMBIGUOUS,0,0.0,9
EXECUTABLE,8,1000,HOUR_NY,13,CONTINUATION,1,0.16666666666666666,6
EXECUTABLE,8,1000,HOUR_NY,13,REVERSAL,2,0.3333333333333333,6
EXECUTABLE,8,1000,HOUR_NY,13,NO_EXPANSION,3,0.5,6
EXECUTABLE,8,1000,HOUR_NY,13,AMBIGUOUS,0,0.0,6
EXECUTABLE,8,1000,HOUR_NY,14,CONTINUATION,2,0.18181818181818182,11
EXECUTABLE,8,1000,HOUR_NY,14,REVERSAL,3,0.2727272727272727,11
EXECUTABLE,8,1000,HOUR_NY,14,NO_EXPANSION,6,0.5454545454545454,11
EXECUTABLE,8,1000,HOUR_NY,14,AMBIGUOUS,0,0.0,11
EXECUTABLE,8,1000,HOUR_NY,15,CONTINUATION,2,0.2,10
EXECUTABLE,8,1000,HOUR_NY,15,REVERSAL,4,0.4,10
EXECUTABLE,8,1000,HOUR_NY,15,NO_EXPANSION,4,0.4,10
EXECUTABLE,8,1000,HOUR_NY,15,AMBIGUOUS,0,0.0,10
EXECUTABLE,8,1000,HOUR_NY,16,CONTINUATION,1,1.0,1
EXECUTABLE,8,1000,HOUR_NY,16,REVERSAL,0,0.0,1
EXECUTABLE,8,1000,HOUR_NY,16,NO_EXPANSION,0,0.0,1
EXECUTABLE,8,1000,HOUR_NY,16,AMBIGUOUS,0,0.0,1
EXECUTABLE,8,1000,HOUR_NY,9,CONTINUATION,7,0.3333333333333333,21
EXECUTABLE,8,1000,HOUR_NY,9,REVERSAL,9,0.42857142857142855,21
EXECUTABLE,8,1000,HOUR_NY,9,NO_EXPANSION,5,0.23809523809523808,21
EXECUTABLE,8,1000,HOUR_NY,9,AMBIGUOUS,0,0.0,21
EXECUTABLE,8,2000,ALL,ALL,CONTINUATION,32,0.3018867924528302,106
EXECUTABLE,8,2000,ALL,ALL,REVERSAL,37,0.3490566037735849,106
EXECUTABLE,8,2000,ALL,ALL,NO_EXPANSION,37,0.3490566037735849,106
EXECUTABLE,8,2000,ALL,ALL,AMBIGUOUS,0,0.0,106
EXECUTABLE,8,2000,SIDE,BUY,CONTINUATION,21,0.3333333333333333,63
EXECUTABLE,8,2000,SIDE,BUY,REVERSAL,18,0.2857142857142857,63
EXECUTABLE,8,2000,SIDE,BUY,NO_EXPANSION,24,0.38095238095238093,63
EXECUTABLE,8,2000,SIDE,BUY,AMBIGUOUS,0,0.0,63
EXECUTABLE,8,2000,SIDE,SELL,CONTINUATION,11,0.2558139534883721,43
EXECUTABLE,8,2000,SIDE,SELL,REVERSAL,19,0.4418604651162791,43
EXECUTABLE,8,2000,SIDE,SELL,NO_EXPANSION,13,0.3023255813953488,43
EXECUTABLE,8,2000,SIDE,SELL,AMBIGUOUS,0,0.0,43
EXECUTABLE,8,2000,SESSION,2022-08-01,CONTINUATION,8,0.3333333333333333,24
EXECUTABLE,8,2000,SESSION,2022-08-01,REVERSAL,9,0.375,24
EXECUTABLE,8,2000,SESSION,2022-08-01,NO_EXPANSION,7,0.2916666666666667,24
EXECUTABLE,8,2000,SESSION,2022-08-01,AMBIGUOUS,0,0.0,24
EXECUTABLE,8,2000,SESSION,2022-08-02,CONTINUATION,11,0.36666666666666664,30
EXECUTABLE,8,2000,SESSION,2022-08-02,REVERSAL,14,0.4666666666666667,30
EXECUTABLE,8,2000,SESSION,2022-08-02,NO_EXPANSION,5,0.16666666666666666,30
EXECUTABLE,8,2000,SESSION,2022-08-02,AMBIGUOUS,0,0.0,30
EXECUTABLE,8,2000,SESSION,2022-08-03,CONTINUATION,7,0.2692307692307692,26
EXECUTABLE,8,2000,SESSION,2022-08-03,REVERSAL,4,0.15384615384615385,26
EXECUTABLE,8,2000,SESSION,2022-08-03,NO_EXPANSION,15,0.5769230769230769,26
EXECUTABLE,8,2000,SESSION,2022-08-03,AMBIGUOUS,0,0.0,26
EXECUTABLE,8,2000,SESSION,2022-08-04,CONTINUATION,1,0.08333333333333333,12
EXECUTABLE,8,2000,SESSION,2022-08-04,REVERSAL,7,0.5833333333333334,12
EXECUTABLE,8,2000,SESSION,2022-08-04,NO_EXPANSION,4,0.3333333333333333,12
EXECUTABLE,8,2000,SESSION,2022-08-04,AMBIGUOUS,0,0.0,12
EXECUTABLE,8,2000,SESSION,2022-08-05,CONTINUATION,5,0.35714285714285715,14
EXECUTABLE,8,2000,SESSION,2022-08-05,REVERSAL,3,0.21428571428571427,14
EXECUTABLE,8,2000,SESSION,2022-08-05,NO_EXPANSION,6,0.42857142857142855,14
EXECUTABLE,8,2000,SESSION,2022-08-05,AMBIGUOUS,0,0.0,14
EXECUTABLE,8,2000,MONTH,2022-08,CONTINUATION,32,0.3018867924528302,106
EXECUTABLE,8,2000,MONTH,2022-08,REVERSAL,37,0.3490566037735849,106
EXECUTABLE,8,2000,MONTH,2022-08,NO_EXPANSION,37,0.3490566037735849,106
EXECUTABLE,8,2000,MONTH,2022-08,AMBIGUOUS,0,0.0,106
EXECUTABLE,8,2000,YEAR,2022,CONTINUATION,32,0.3018867924528302,106
EXECUTABLE,8,2000,YEAR,2022,REVERSAL,37,0.3490566037735849,106
EXECUTABLE,8,2000,YEAR,2022,NO_EXPANSION,37,0.3490566037735849,106
EXECUTABLE,8,2000,YEAR,2022,AMBIGUOUS,0,0.0,106
EXECUTABLE,8,2000,HOUR_NY,10,CONTINUATION,10,0.3448275862068966,29
EXECUTABLE,8,2000,HOUR_NY,10,REVERSAL,14,0.4827586206896552,29
EXECUTABLE,8,2000,HOUR_NY,10,NO_EXPANSION,5,0.1724137931034483,29
EXECUTABLE,8,2000,HOUR_NY,10,AMBIGUOUS,0,0.0,29
EXECUTABLE,8,2000,HOUR_NY,11,CONTINUATION,3,0.15789473684210525,19
EXECUTABLE,8,2000,HOUR_NY,11,REVERSAL,1,0.05263157894736842,19
EXECUTABLE,8,2000,HOUR_NY,11,NO_EXPANSION,15,0.7894736842105263,19
EXECUTABLE,8,2000,HOUR_NY,11,AMBIGUOUS,0,0.0,19
EXECUTABLE,8,2000,HOUR_NY,12,CONTINUATION,2,0.2222222222222222,9
EXECUTABLE,8,2000,HOUR_NY,12,REVERSAL,3,0.3333333333333333,9
EXECUTABLE,8,2000,HOUR_NY,12,NO_EXPANSION,4,0.4444444444444444,9
EXECUTABLE,8,2000,HOUR_NY,12,AMBIGUOUS,0,0.0,9
EXECUTABLE,8,2000,HOUR_NY,13,CONTINUATION,2,0.3333333333333333,6
EXECUTABLE,8,2000,HOUR_NY,13,REVERSAL,2,0.3333333333333333,6
EXECUTABLE,8,2000,HOUR_NY,13,NO_EXPANSION,2,0.3333333333333333,6
EXECUTABLE,8,2000,HOUR_NY,13,AMBIGUOUS,0,0.0,6
EXECUTABLE,8,2000,HOUR_NY,14,CONTINUATION,2,0.18181818181818182,11
EXECUTABLE,8,2000,HOUR_NY,14,REVERSAL,3,0.2727272727272727,11
EXECUTABLE,8,2000,HOUR_NY,14,NO_EXPANSION,6,0.5454545454545454,11
EXECUTABLE,8,2000,HOUR_NY,14,AMBIGUOUS,0,0.0,11
EXECUTABLE,8,2000,HOUR_NY,15,CONTINUATION,3,0.3,10
EXECUTABLE,8,2000,HOUR_NY,15,REVERSAL,4,0.4,10
EXECUTABLE,8,2000,HOUR_NY,15,NO_EXPANSION,3,0.3,10
EXECUTABLE,8,2000,HOUR_NY,15,AMBIGUOUS,0,0.0,10
EXECUTABLE,8,2000,HOUR_NY,16,CONTINUATION,1,1.0,1
EXECUTABLE,8,2000,HOUR_NY,16,REVERSAL,0,0.0,1
EXECUTABLE,8,2000,HOUR_NY,16,NO_EXPANSION,0,0.0,1
EXECUTABLE,8,2000,HOUR_NY,16,AMBIGUOUS,0,0.0,1
EXECUTABLE,8,2000,HOUR_NY,9,CONTINUATION,9,0.42857142857142855,21
EXECUTABLE,8,2000,HOUR_NY,9,REVERSAL,10,0.47619047619047616,21
EXECUTABLE,8,2000,HOUR_NY,9,NO_EXPANSION,2,0.09523809523809523,21
EXECUTABLE,8,2000,HOUR_NY,9,AMBIGUOUS,0,0.0,21
EXECUTABLE,8,5000,ALL,ALL,CONTINUATION,40,0.37735849056603776,106
EXECUTABLE,8,5000,ALL,ALL,REVERSAL,47,0.44339622641509435,106
EXECUTABLE,8,5000,ALL,ALL,NO_EXPANSION,19,0.1792452830188679,106
EXECUTABLE,8,5000,ALL,ALL,AMBIGUOUS,0,0.0,106
EXECUTABLE,8,5000,SIDE,BUY,CONTINUATION,25,0.3968253968253968,63
EXECUTABLE,8,5000,SIDE,BUY,REVERSAL,25,0.3968253968253968,63
EXECUTABLE,8,5000,SIDE,BUY,NO_EXPANSION,13,0.20634920634920634,63
EXECUTABLE,8,5000,SIDE,BUY,AMBIGUOUS,0,0.0,63
EXECUTABLE,8,5000,SIDE,SELL,CONTINUATION,15,0.3488372093023256,43
EXECUTABLE,8,5000,SIDE,SELL,REVERSAL,22,0.5116279069767442,43
EXECUTABLE,8,5000,SIDE,SELL,NO_EXPANSION,6,0.13953488372093023,43
EXECUTABLE,8,5000,SIDE,SELL,AMBIGUOUS,0,0.0,43
EXECUTABLE,8,5000,SESSION,2022-08-01,CONTINUATION,10,0.4166666666666667,24
EXECUTABLE,8,5000,SESSION,2022-08-01,REVERSAL,11,0.4583333333333333,24
EXECUTABLE,8,5000,SESSION,2022-08-01,NO_EXPANSION,3,0.125,24
EXECUTABLE,8,5000,SESSION,2022-08-01,AMBIGUOUS,0,0.0,24
EXECUTABLE,8,5000,SESSION,2022-08-02,CONTINUATION,12,0.4,30
EXECUTABLE,8,5000,SESSION,2022-08-02,REVERSAL,15,0.5,30
EXECUTABLE,8,5000,SESSION,2022-08-02,NO_EXPANSION,3,0.1,30
EXECUTABLE,8,5000,SESSION,2022-08-02,AMBIGUOUS,0,0.0,30
EXECUTABLE,8,5000,SESSION,2022-08-03,CONTINUATION,10,0.38461538461538464,26
EXECUTABLE,8,5000,SESSION,2022-08-03,REVERSAL,6,0.23076923076923078,26
EXECUTABLE,8,5000,SESSION,2022-08-03,NO_EXPANSION,10,0.38461538461538464,26
EXECUTABLE,8,5000,SESSION,2022-08-03,AMBIGUOUS,0,0.0,26
EXECUTABLE,8,5000,SESSION,2022-08-04,CONTINUATION,2,0.16666666666666666,12
EXECUTABLE,8,5000,SESSION,2022-08-04,REVERSAL,9,0.75,12
EXECUTABLE,8,5000,SESSION,2022-08-04,NO_EXPANSION,1,0.08333333333333333,12
EXECUTABLE,8,5000,SESSION,2022-08-04,AMBIGUOUS,0,0.0,12
EXECUTABLE,8,5000,SESSION,2022-08-05,CONTINUATION,6,0.42857142857142855,14
EXECUTABLE,8,5000,SESSION,2022-08-05,REVERSAL,6,0.42857142857142855,14
EXECUTABLE,8,5000,SESSION,2022-08-05,NO_EXPANSION,2,0.14285714285714285,14
EXECUTABLE,8,5000,SESSION,2022-08-05,AMBIGUOUS,0,0.0,14
EXECUTABLE,8,5000,MONTH,2022-08,CONTINUATION,40,0.37735849056603776,106
EXECUTABLE,8,5000,MONTH,2022-08,REVERSAL,47,0.44339622641509435,106
EXECUTABLE,8,5000,MONTH,2022-08,NO_EXPANSION,19,0.1792452830188679,106
EXECUTABLE,8,5000,MONTH,2022-08,AMBIGUOUS,0,0.0,106
EXECUTABLE,8,5000,YEAR,2022,CONTINUATION,40,0.37735849056603776,106
EXECUTABLE,8,5000,YEAR,2022,REVERSAL,47,0.44339622641509435,106
EXECUTABLE,8,5000,YEAR,2022,NO_EXPANSION,19,0.1792452830188679,106
EXECUTABLE,8,5000,YEAR,2022,AMBIGUOUS,0,0.0,106
EXECUTABLE,8,5000,HOUR_NY,10,CONTINUATION,11,0.3793103448275862,29
EXECUTABLE,8,5000,HOUR_NY,10,REVERSAL,18,0.6206896551724138,29
EXECUTABLE,8,5000,HOUR_NY,10,NO_EXPANSION,0,0.0,29
EXECUTABLE,8,5000,HOUR_NY,10,AMBIGUOUS,0,0.0,29
EXECUTABLE,8,5000,HOUR_NY,11,CONTINUATION,5,0.2631578947368421,19
EXECUTABLE,8,5000,HOUR_NY,11,REVERSAL,4,0.21052631578947367,19
EXECUTABLE,8,5000,HOUR_NY,11,NO_EXPANSION,10,0.5263157894736842,19
EXECUTABLE,8,5000,HOUR_NY,11,AMBIGUOUS,0,0.0,19
EXECUTABLE,8,5000,HOUR_NY,12,CONTINUATION,3,0.3333333333333333,9
EXECUTABLE,8,5000,HOUR_NY,12,REVERSAL,4,0.4444444444444444,9
EXECUTABLE,8,5000,HOUR_NY,12,NO_EXPANSION,2,0.2222222222222222,9
EXECUTABLE,8,5000,HOUR_NY,12,AMBIGUOUS,0,0.0,9
EXECUTABLE,8,5000,HOUR_NY,13,CONTINUATION,3,0.5,6
EXECUTABLE,8,5000,HOUR_NY,13,REVERSAL,2,0.3333333333333333,6
EXECUTABLE,8,5000,HOUR_NY,13,NO_EXPANSION,1,0.16666666666666666,6
EXECUTABLE,8,5000,HOUR_NY,13,AMBIGUOUS,0,0.0,6
EXECUTABLE,8,5000,HOUR_NY,14,CONTINUATION,4,0.36363636363636365,11
EXECUTABLE,8,5000,HOUR_NY,14,REVERSAL,3,0.2727272727272727,11
EXECUTABLE,8,5000,HOUR_NY,14,NO_EXPANSION,4,0.36363636363636365,11
EXECUTABLE,8,5000,HOUR_NY,14,AMBIGUOUS,0,0.0,11
EXECUTABLE,8,5000,HOUR_NY,15,CONTINUATION,3,0.3,10
EXECUTABLE,8,5000,HOUR_NY,15,REVERSAL,5,0.5,10
EXECUTABLE,8,5000,HOUR_NY,15,NO_EXPANSION,2,0.2,10
EXECUTABLE,8,5000,HOUR_NY,15,AMBIGUOUS,0,0.0,10
EXECUTABLE,8,5000,HOUR_NY,16,CONTINUATION,1,1.0,1
EXECUTABLE,8,5000,HOUR_NY,16,REVERSAL,0,0.0,1
EXECUTABLE,8,5000,HOUR_NY,16,NO_EXPANSION,0,0.0,1
EXECUTABLE,8,5000,HOUR_NY,16,AMBIGUOUS,0,0.0,1
EXECUTABLE,8,5000,HOUR_NY,9,CONTINUATION,10,0.47619047619047616,21
EXECUTABLE,8,5000,HOUR_NY,9,REVERSAL,11,0.5238095238095238,21
EXECUTABLE,8,5000,HOUR_NY,9,NO_EXPANSION,0,0.0,21
EXECUTABLE,8,5000,HOUR_NY,9,AMBIGUOUS,0,0.0,21
EXECUTABLE,8,10000,ALL,ALL,CONTINUATION,47,0.44339622641509435,106
EXECUTABLE,8,10000,ALL,ALL,REVERSAL,55,0.5188679245283019,106
EXECUTABLE,8,10000,ALL,ALL,NO_EXPANSION,4,0.03773584905660377,106
EXECUTABLE,8,10000,ALL,ALL,AMBIGUOUS,0,0.0,106
EXECUTABLE,8,10000,SIDE,BUY,CONTINUATION,29,0.4603174603174603,63
EXECUTABLE,8,10000,SIDE,BUY,REVERSAL,31,0.49206349206349204,63
EXECUTABLE,8,10000,SIDE,BUY,NO_EXPANSION,3,0.047619047619047616,63
EXECUTABLE,8,10000,SIDE,BUY,AMBIGUOUS,0,0.0,63
EXECUTABLE,8,10000,SIDE,SELL,CONTINUATION,18,0.4186046511627907,43
EXECUTABLE,8,10000,SIDE,SELL,REVERSAL,24,0.5581395348837209,43
EXECUTABLE,8,10000,SIDE,SELL,NO_EXPANSION,1,0.023255813953488372,43
EXECUTABLE,8,10000,SIDE,SELL,AMBIGUOUS,0,0.0,43
EXECUTABLE,8,10000,SESSION,2022-08-01,CONTINUATION,10,0.4166666666666667,24
EXECUTABLE,8,10000,SESSION,2022-08-01,REVERSAL,14,0.5833333333333334,24
EXECUTABLE,8,10000,SESSION,2022-08-01,NO_EXPANSION,0,0.0,24
EXECUTABLE,8,10000,SESSION,2022-08-01,AMBIGUOUS,0,0.0,24
EXECUTABLE,8,10000,SESSION,2022-08-02,CONTINUATION,15,0.5,30
EXECUTABLE,8,10000,SESSION,2022-08-02,REVERSAL,15,0.5,30
EXECUTABLE,8,10000,SESSION,2022-08-02,NO_EXPANSION,0,0.0,30
EXECUTABLE,8,10000,SESSION,2022-08-02,AMBIGUOUS,0,0.0,30
EXECUTABLE,8,10000,SESSION,2022-08-03,CONTINUATION,13,0.5,26
EXECUTABLE,8,10000,SESSION,2022-08-03,REVERSAL,10,0.38461538461538464,26
EXECUTABLE,8,10000,SESSION,2022-08-03,NO_EXPANSION,3,0.11538461538461539,26
EXECUTABLE,8,10000,SESSION,2022-08-03,AMBIGUOUS,0,0.0,26
EXECUTABLE,8,10000,SESSION,2022-08-04,CONTINUATION,2,0.16666666666666666,12
EXECUTABLE,8,10000,SESSION,2022-08-04,REVERSAL,9,0.75,12
EXECUTABLE,8,10000,SESSION,2022-08-04,NO_EXPANSION,1,0.08333333333333333,12
EXECUTABLE,8,10000,SESSION,2022-08-04,AMBIGUOUS,0,0.0,12
EXECUTABLE,8,10000,SESSION,2022-08-05,CONTINUATION,7,0.5,14
EXECUTABLE,8,10000,SESSION,2022-08-05,REVERSAL,7,0.5,14
EXECUTABLE,8,10000,SESSION,2022-08-05,NO_EXPANSION,0,0.0,14
EXECUTABLE,8,10000,SESSION,2022-08-05,AMBIGUOUS,0,0.0,14
EXECUTABLE,8,10000,MONTH,2022-08,CONTINUATION,47,0.44339622641509435,106
EXECUTABLE,8,10000,MONTH,2022-08,REVERSAL,55,0.5188679245283019,106
EXECUTABLE,8,10000,MONTH,2022-08,NO_EXPANSION,4,0.03773584905660377,106
EXECUTABLE,8,10000,MONTH,2022-08,AMBIGUOUS,0,0.0,106
EXECUTABLE,8,10000,YEAR,2022,CONTINUATION,47,0.44339622641509435,106
EXECUTABLE,8,10000,YEAR,2022,REVERSAL,55,0.5188679245283019,106
EXECUTABLE,8,10000,YEAR,2022,NO_EXPANSION,4,0.03773584905660377,106
EXECUTABLE,8,10000,YEAR,2022,AMBIGUOUS,0,0.0,106
EXECUTABLE,8,10000,HOUR_NY,10,CONTINUATION,11,0.3793103448275862,29
EXECUTABLE,8,10000,HOUR_NY,10,REVERSAL,18,0.6206896551724138,29
EXECUTABLE,8,10000,HOUR_NY,10,NO_EXPANSION,0,0.0,29
EXECUTABLE,8,10000,HOUR_NY,10,AMBIGUOUS,0,0.0,29
EXECUTABLE,8,10000,HOUR_NY,11,CONTINUATION,9,0.47368421052631576,19
EXECUTABLE,8,10000,HOUR_NY,11,REVERSAL,10,0.5263157894736842,19
EXECUTABLE,8,10000,HOUR_NY,11,NO_EXPANSION,0,0.0,19
EXECUTABLE,8,10000,HOUR_NY,11,AMBIGUOUS,0,0.0,19
EXECUTABLE,8,10000,HOUR_NY,12,CONTINUATION,4,0.4444444444444444,9
EXECUTABLE,8,10000,HOUR_NY,12,REVERSAL,5,0.5555555555555556,9
EXECUTABLE,8,10000,HOUR_NY,12,NO_EXPANSION,0,0.0,9
EXECUTABLE,8,10000,HOUR_NY,12,AMBIGUOUS,0,0.0,9
EXECUTABLE,8,10000,HOUR_NY,13,CONTINUATION,4,0.6666666666666666,6
EXECUTABLE,8,10000,HOUR_NY,13,REVERSAL,2,0.3333333333333333,6
EXECUTABLE,8,10000,HOUR_NY,13,NO_EXPANSION,0,0.0,6
EXECUTABLE,8,10000,HOUR_NY,13,AMBIGUOUS,0,0.0,6
EXECUTABLE,8,10000,HOUR_NY,14,CONTINUATION,5,0.45454545454545453,11
EXECUTABLE,8,10000,HOUR_NY,14,REVERSAL,3,0.2727272727272727,11
EXECUTABLE,8,10000,HOUR_NY,14,NO_EXPANSION,3,0.2727272727272727,11
EXECUTABLE,8,10000,HOUR_NY,14,AMBIGUOUS,0,0.0,11
EXECUTABLE,8,10000,HOUR_NY,15,CONTINUATION,3,0.3,10
EXECUTABLE,8,10000,HOUR_NY,15,REVERSAL,6,0.6,10
EXECUTABLE,8,10000,HOUR_NY,15,NO_EXPANSION,1,0.1,10
EXECUTABLE,8,10000,HOUR_NY,15,AMBIGUOUS,0,0.0,10
EXECUTABLE,8,10000,HOUR_NY,16,CONTINUATION,1,1.0,1
EXECUTABLE,8,10000,HOUR_NY,16,REVERSAL,0,0.0,1
EXECUTABLE,8,10000,HOUR_NY,16,NO_EXPANSION,0,0.0,1
EXECUTABLE,8,10000,HOUR_NY,16,AMBIGUOUS,0,0.0,1
EXECUTABLE,8,10000,HOUR_NY,9,CONTINUATION,10,0.47619047619047616,21
EXECUTABLE,8,10000,HOUR_NY,9,REVERSAL,11,0.5238095238095238,21
EXECUTABLE,8,10000,HOUR_NY,9,NO_EXPANSION,0,0.0,21
EXECUTABLE,8,10000,HOUR_NY,9,AMBIGUOUS,0,0.0,21
EXECUTABLE,12,500,ALL,ALL,CONTINUATION,3,0.02830188679245283,106
EXECUTABLE,12,500,ALL,ALL,REVERSAL,4,0.03773584905660377,106
EXECUTABLE,12,500,ALL,ALL,NO_EXPANSION,99,0.9339622641509434,106
EXECUTABLE,12,500,ALL,ALL,AMBIGUOUS,0,0.0,106
EXECUTABLE,12,500,SIDE,BUY,CONTINUATION,2,0.031746031746031744,63
EXECUTABLE,12,500,SIDE,BUY,REVERSAL,4,0.06349206349206349,63
EXECUTABLE,12,500,SIDE,BUY,NO_EXPANSION,57,0.9047619047619048,63
EXECUTABLE,12,500,SIDE,BUY,AMBIGUOUS,0,0.0,63
EXECUTABLE,12,500,SIDE,SELL,CONTINUATION,1,0.023255813953488372,43
EXECUTABLE,12,500,SIDE,SELL,REVERSAL,0,0.0,43
EXECUTABLE,12,500,SIDE,SELL,NO_EXPANSION,42,0.9767441860465116,43
EXECUTABLE,12,500,SIDE,SELL,AMBIGUOUS,0,0.0,43
EXECUTABLE,12,500,SESSION,2022-08-01,CONTINUATION,1,0.041666666666666664,24
EXECUTABLE,12,500,SESSION,2022-08-01,REVERSAL,0,0.0,24
EXECUTABLE,12,500,SESSION,2022-08-01,NO_EXPANSION,23,0.9583333333333334,24
EXECUTABLE,12,500,SESSION,2022-08-01,AMBIGUOUS,0,0.0,24
EXECUTABLE,12,500,SESSION,2022-08-02,CONTINUATION,1,0.03333333333333333,30
EXECUTABLE,12,500,SESSION,2022-08-02,REVERSAL,2,0.06666666666666667,30
EXECUTABLE,12,500,SESSION,2022-08-02,NO_EXPANSION,27,0.9,30
EXECUTABLE,12,500,SESSION,2022-08-02,AMBIGUOUS,0,0.0,30
EXECUTABLE,12,500,SESSION,2022-08-03,CONTINUATION,0,0.0,26
EXECUTABLE,12,500,SESSION,2022-08-03,REVERSAL,1,0.038461538461538464,26
EXECUTABLE,12,500,SESSION,2022-08-03,NO_EXPANSION,25,0.9615384615384616,26
EXECUTABLE,12,500,SESSION,2022-08-03,AMBIGUOUS,0,0.0,26
EXECUTABLE,12,500,SESSION,2022-08-04,CONTINUATION,1,0.08333333333333333,12
EXECUTABLE,12,500,SESSION,2022-08-04,REVERSAL,1,0.08333333333333333,12
EXECUTABLE,12,500,SESSION,2022-08-04,NO_EXPANSION,10,0.8333333333333334,12
EXECUTABLE,12,500,SESSION,2022-08-04,AMBIGUOUS,0,0.0,12
EXECUTABLE,12,500,SESSION,2022-08-05,CONTINUATION,0,0.0,14
EXECUTABLE,12,500,SESSION,2022-08-05,REVERSAL,0,0.0,14
EXECUTABLE,12,500,SESSION,2022-08-05,NO_EXPANSION,14,1.0,14
EXECUTABLE,12,500,SESSION,2022-08-05,AMBIGUOUS,0,0.0,14
EXECUTABLE,12,500,MONTH,2022-08,CONTINUATION,3,0.02830188679245283,106
EXECUTABLE,12,500,MONTH,2022-08,REVERSAL,4,0.03773584905660377,106
EXECUTABLE,12,500,MONTH,2022-08,NO_EXPANSION,99,0.9339622641509434,106
EXECUTABLE,12,500,MONTH,2022-08,AMBIGUOUS,0,0.0,106
EXECUTABLE,12,500,YEAR,2022,CONTINUATION,3,0.02830188679245283,106
EXECUTABLE,12,500,YEAR,2022,REVERSAL,4,0.03773584905660377,106
EXECUTABLE,12,500,YEAR,2022,NO_EXPANSION,99,0.9339622641509434,106
EXECUTABLE,12,500,YEAR,2022,AMBIGUOUS,0,0.0,106
EXECUTABLE,12,500,HOUR_NY,10,CONTINUATION,1,0.034482758620689655,29
EXECUTABLE,12,500,HOUR_NY,10,REVERSAL,2,0.06896551724137931,29
EXECUTABLE,12,500,HOUR_NY,10,NO_EXPANSION,26,0.896551724137931,29
EXECUTABLE,12,500,HOUR_NY,10,AMBIGUOUS,0,0.0,29
EXECUTABLE,12,500,HOUR_NY,11,CONTINUATION,1,0.05263157894736842,19
EXECUTABLE,12,500,HOUR_NY,11,REVERSAL,0,0.0,19
EXECUTABLE,12,500,HOUR_NY,11,NO_EXPANSION,18,0.9473684210526315,19
EXECUTABLE,12,500,HOUR_NY,11,AMBIGUOUS,0,0.0,19
EXECUTABLE,12,500,HOUR_NY,12,CONTINUATION,0,0.0,9
EXECUTABLE,12,500,HOUR_NY,12,REVERSAL,1,0.1111111111111111,9
EXECUTABLE,12,500,HOUR_NY,12,NO_EXPANSION,8,0.8888888888888888,9
EXECUTABLE,12,500,HOUR_NY,12,AMBIGUOUS,0,0.0,9
EXECUTABLE,12,500,HOUR_NY,13,CONTINUATION,0,0.0,6
EXECUTABLE,12,500,HOUR_NY,13,REVERSAL,0,0.0,6
EXECUTABLE,12,500,HOUR_NY,13,NO_EXPANSION,6,1.0,6
EXECUTABLE,12,500,HOUR_NY,13,AMBIGUOUS,0,0.0,6
EXECUTABLE,12,500,HOUR_NY,14,CONTINUATION,1,0.09090909090909091,11
EXECUTABLE,12,500,HOUR_NY,14,REVERSAL,0,0.0,11
EXECUTABLE,12,500,HOUR_NY,14,NO_EXPANSION,10,0.9090909090909091,11
EXECUTABLE,12,500,HOUR_NY,14,AMBIGUOUS,0,0.0,11
EXECUTABLE,12,500,HOUR_NY,15,CONTINUATION,0,0.0,10
EXECUTABLE,12,500,HOUR_NY,15,REVERSAL,1,0.1,10
EXECUTABLE,12,500,HOUR_NY,15,NO_EXPANSION,9,0.9,10
EXECUTABLE,12,500,HOUR_NY,15,AMBIGUOUS,0,0.0,10
EXECUTABLE,12,500,HOUR_NY,16,CONTINUATION,0,0.0,1
EXECUTABLE,12,500,HOUR_NY,16,REVERSAL,0,0.0,1
EXECUTABLE,12,500,HOUR_NY,16,NO_EXPANSION,1,1.0,1
EXECUTABLE,12,500,HOUR_NY,16,AMBIGUOUS,0,0.0,1
EXECUTABLE,12,500,HOUR_NY,9,CONTINUATION,0,0.0,21
EXECUTABLE,12,500,HOUR_NY,9,REVERSAL,0,0.0,21
EXECUTABLE,12,500,HOUR_NY,9,NO_EXPANSION,21,1.0,21
EXECUTABLE,12,500,HOUR_NY,9,AMBIGUOUS,0,0.0,21
EXECUTABLE,12,1000,ALL,ALL,CONTINUATION,9,0.08490566037735849,106
EXECUTABLE,12,1000,ALL,ALL,REVERSAL,14,0.1320754716981132,106
EXECUTABLE,12,1000,ALL,ALL,NO_EXPANSION,83,0.7830188679245284,106
EXECUTABLE,12,1000,ALL,ALL,AMBIGUOUS,0,0.0,106
EXECUTABLE,12,1000,SIDE,BUY,CONTINUATION,5,0.07936507936507936,63
EXECUTABLE,12,1000,SIDE,BUY,REVERSAL,7,0.1111111111111111,63
EXECUTABLE,12,1000,SIDE,BUY,NO_EXPANSION,51,0.8095238095238095,63
EXECUTABLE,12,1000,SIDE,BUY,AMBIGUOUS,0,0.0,63
EXECUTABLE,12,1000,SIDE,SELL,CONTINUATION,4,0.09302325581395349,43
EXECUTABLE,12,1000,SIDE,SELL,REVERSAL,7,0.16279069767441862,43
EXECUTABLE,12,1000,SIDE,SELL,NO_EXPANSION,32,0.7441860465116279,43
EXECUTABLE,12,1000,SIDE,SELL,AMBIGUOUS,0,0.0,43
EXECUTABLE,12,1000,SESSION,2022-08-01,CONTINUATION,1,0.041666666666666664,24
EXECUTABLE,12,1000,SESSION,2022-08-01,REVERSAL,3,0.125,24
EXECUTABLE,12,1000,SESSION,2022-08-01,NO_EXPANSION,20,0.8333333333333334,24
EXECUTABLE,12,1000,SESSION,2022-08-01,AMBIGUOUS,0,0.0,24
EXECUTABLE,12,1000,SESSION,2022-08-02,CONTINUATION,5,0.16666666666666666,30
EXECUTABLE,12,1000,SESSION,2022-08-02,REVERSAL,7,0.23333333333333334,30
EXECUTABLE,12,1000,SESSION,2022-08-02,NO_EXPANSION,18,0.6,30
EXECUTABLE,12,1000,SESSION,2022-08-02,AMBIGUOUS,0,0.0,30
EXECUTABLE,12,1000,SESSION,2022-08-03,CONTINUATION,2,0.07692307692307693,26
EXECUTABLE,12,1000,SESSION,2022-08-03,REVERSAL,1,0.038461538461538464,26
EXECUTABLE,12,1000,SESSION,2022-08-03,NO_EXPANSION,23,0.8846153846153846,26
EXECUTABLE,12,1000,SESSION,2022-08-03,AMBIGUOUS,0,0.0,26
EXECUTABLE,12,1000,SESSION,2022-08-04,CONTINUATION,1,0.08333333333333333,12
EXECUTABLE,12,1000,SESSION,2022-08-04,REVERSAL,3,0.25,12
EXECUTABLE,12,1000,SESSION,2022-08-04,NO_EXPANSION,8,0.6666666666666666,12
EXECUTABLE,12,1000,SESSION,2022-08-04,AMBIGUOUS,0,0.0,12
EXECUTABLE,12,1000,SESSION,2022-08-05,CONTINUATION,0,0.0,14
EXECUTABLE,12,1000,SESSION,2022-08-05,REVERSAL,0,0.0,14
EXECUTABLE,12,1000,SESSION,2022-08-05,NO_EXPANSION,14,1.0,14
EXECUTABLE,12,1000,SESSION,2022-08-05,AMBIGUOUS,0,0.0,14
EXECUTABLE,12,1000,MONTH,2022-08,CONTINUATION,9,0.08490566037735849,106
EXECUTABLE,12,1000,MONTH,2022-08,REVERSAL,14,0.1320754716981132,106
EXECUTABLE,12,1000,MONTH,2022-08,NO_EXPANSION,83,0.7830188679245284,106
EXECUTABLE,12,1000,MONTH,2022-08,AMBIGUOUS,0,0.0,106
EXECUTABLE,12,1000,YEAR,2022,CONTINUATION,9,0.08490566037735849,106
EXECUTABLE,12,1000,YEAR,2022,REVERSAL,14,0.1320754716981132,106
EXECUTABLE,12,1000,YEAR,2022,NO_EXPANSION,83,0.7830188679245284,106
EXECUTABLE,12,1000,YEAR,2022,AMBIGUOUS,0,0.0,106
EXECUTABLE,12,1000,HOUR_NY,10,CONTINUATION,3,0.10344827586206896,29
EXECUTABLE,12,1000,HOUR_NY,10,REVERSAL,7,0.2413793103448276,29
EXECUTABLE,12,1000,HOUR_NY,10,NO_EXPANSION,19,0.6551724137931034,29
EXECUTABLE,12,1000,HOUR_NY,10,AMBIGUOUS,0,0.0,29
EXECUTABLE,12,1000,HOUR_NY,11,CONTINUATION,1,0.05263157894736842,19
EXECUTABLE,12,1000,HOUR_NY,11,REVERSAL,0,0.0,19
EXECUTABLE,12,1000,HOUR_NY,11,NO_EXPANSION,18,0.9473684210526315,19
EXECUTABLE,12,1000,HOUR_NY,11,AMBIGUOUS,0,0.0,19
EXECUTABLE,12,1000,HOUR_NY,12,CONTINUATION,0,0.0,9
EXECUTABLE,12,1000,HOUR_NY,12,REVERSAL,1,0.1111111111111111,9
EXECUTABLE,12,1000,HOUR_NY,12,NO_EXPANSION,8,0.8888888888888888,9
EXECUTABLE,12,1000,HOUR_NY,12,AMBIGUOUS,0,0.0,9
EXECUTABLE,12,1000,HOUR_NY,13,CONTINUATION,0,0.0,6
EXECUTABLE,12,1000,HOUR_NY,13,REVERSAL,1,0.16666666666666666,6
EXECUTABLE,12,1000,HOUR_NY,13,NO_EXPANSION,5,0.8333333333333334,6
EXECUTABLE,12,1000,HOUR_NY,13,AMBIGUOUS,0,0.0,6
EXECUTABLE,12,1000,HOUR_NY,14,CONTINUATION,1,0.09090909090909091,11
EXECUTABLE,12,1000,HOUR_NY,14,REVERSAL,1,0.09090909090909091,11
EXECUTABLE,12,1000,HOUR_NY,14,NO_EXPANSION,9,0.8181818181818182,11
EXECUTABLE,12,1000,HOUR_NY,14,AMBIGUOUS,0,0.0,11
EXECUTABLE,12,1000,HOUR_NY,15,CONTINUATION,0,0.0,10
EXECUTABLE,12,1000,HOUR_NY,15,REVERSAL,2,0.2,10
EXECUTABLE,12,1000,HOUR_NY,15,NO_EXPANSION,8,0.8,10
EXECUTABLE,12,1000,HOUR_NY,15,AMBIGUOUS,0,0.0,10
EXECUTABLE,12,1000,HOUR_NY,16,CONTINUATION,1,1.0,1
EXECUTABLE,12,1000,HOUR_NY,16,REVERSAL,0,0.0,1
EXECUTABLE,12,1000,HOUR_NY,16,NO_EXPANSION,0,0.0,1
EXECUTABLE,12,1000,HOUR_NY,16,AMBIGUOUS,0,0.0,1
EXECUTABLE,12,1000,HOUR_NY,9,CONTINUATION,3,0.14285714285714285,21
EXECUTABLE,12,1000,HOUR_NY,9,REVERSAL,2,0.09523809523809523,21
EXECUTABLE,12,1000,HOUR_NY,9,NO_EXPANSION,16,0.7619047619047619,21
EXECUTABLE,12,1000,HOUR_NY,9,AMBIGUOUS,0,0.0,21
EXECUTABLE,12,2000,ALL,ALL,CONTINUATION,22,0.20754716981132076,106
EXECUTABLE,12,2000,ALL,ALL,REVERSAL,16,0.1509433962264151,106
EXECUTABLE,12,2000,ALL,ALL,NO_EXPANSION,68,0.6415094339622641,106
EXECUTABLE,12,2000,ALL,ALL,AMBIGUOUS,0,0.0,106
EXECUTABLE,12,2000,SIDE,BUY,CONTINUATION,14,0.2222222222222222,63
EXECUTABLE,12,2000,SIDE,BUY,REVERSAL,8,0.12698412698412698,63
EXECUTABLE,12,2000,SIDE,BUY,NO_EXPANSION,41,0.6507936507936508,63
EXECUTABLE,12,2000,SIDE,BUY,AMBIGUOUS,0,0.0,63
EXECUTABLE,12,2000,SIDE,SELL,CONTINUATION,8,0.18604651162790697,43
EXECUTABLE,12,2000,SIDE,SELL,REVERSAL,8,0.18604651162790697,43
EXECUTABLE,12,2000,SIDE,SELL,NO_EXPANSION,27,0.627906976744186,43
EXECUTABLE,12,2000,SIDE,SELL,AMBIGUOUS,0,0.0,43
EXECUTABLE,12,2000,SESSION,2022-08-01,CONTINUATION,4,0.16666666666666666,24
EXECUTABLE,12,2000,SESSION,2022-08-01,REVERSAL,4,0.16666666666666666,24
EXECUTABLE,12,2000,SESSION,2022-08-01,NO_EXPANSION,16,0.6666666666666666,24
EXECUTABLE,12,2000,SESSION,2022-08-01,AMBIGUOUS,0,0.0,24
EXECUTABLE,12,2000,SESSION,2022-08-02,CONTINUATION,9,0.3,30
EXECUTABLE,12,2000,SESSION,2022-08-02,REVERSAL,7,0.23333333333333334,30
EXECUTABLE,12,2000,SESSION,2022-08-02,NO_EXPANSION,14,0.4666666666666667,30
EXECUTABLE,12,2000,SESSION,2022-08-02,AMBIGUOUS,0,0.0,30
EXECUTABLE,12,2000,SESSION,2022-08-03,CONTINUATION,5,0.19230769230769232,26
EXECUTABLE,12,2000,SESSION,2022-08-03,REVERSAL,1,0.038461538461538464,26
EXECUTABLE,12,2000,SESSION,2022-08-03,NO_EXPANSION,20,0.7692307692307693,26
EXECUTABLE,12,2000,SESSION,2022-08-03,AMBIGUOUS,0,0.0,26
EXECUTABLE,12,2000,SESSION,2022-08-04,CONTINUATION,1,0.08333333333333333,12
EXECUTABLE,12,2000,SESSION,2022-08-04,REVERSAL,4,0.3333333333333333,12
EXECUTABLE,12,2000,SESSION,2022-08-04,NO_EXPANSION,7,0.5833333333333334,12
EXECUTABLE,12,2000,SESSION,2022-08-04,AMBIGUOUS,0,0.0,12
EXECUTABLE,12,2000,SESSION,2022-08-05,CONTINUATION,3,0.21428571428571427,14
EXECUTABLE,12,2000,SESSION,2022-08-05,REVERSAL,0,0.0,14
EXECUTABLE,12,2000,SESSION,2022-08-05,NO_EXPANSION,11,0.7857142857142857,14
EXECUTABLE,12,2000,SESSION,2022-08-05,AMBIGUOUS,0,0.0,14
EXECUTABLE,12,2000,MONTH,2022-08,CONTINUATION,22,0.20754716981132076,106
EXECUTABLE,12,2000,MONTH,2022-08,REVERSAL,16,0.1509433962264151,106
EXECUTABLE,12,2000,MONTH,2022-08,NO_EXPANSION,68,0.6415094339622641,106
EXECUTABLE,12,2000,MONTH,2022-08,AMBIGUOUS,0,0.0,106
EXECUTABLE,12,2000,YEAR,2022,CONTINUATION,22,0.20754716981132076,106
EXECUTABLE,12,2000,YEAR,2022,REVERSAL,16,0.1509433962264151,106
EXECUTABLE,12,2000,YEAR,2022,NO_EXPANSION,68,0.6415094339622641,106
EXECUTABLE,12,2000,YEAR,2022,AMBIGUOUS,0,0.0,106
EXECUTABLE,12,2000,HOUR_NY,10,CONTINUATION,6,0.20689655172413793,29
EXECUTABLE,12,2000,HOUR_NY,10,REVERSAL,7,0.2413793103448276,29
EXECUTABLE,12,2000,HOUR_NY,10,NO_EXPANSION,16,0.5517241379310345,29
EXECUTABLE,12,2000,HOUR_NY,10,AMBIGUOUS,0,0.0,29
EXECUTABLE,12,2000,HOUR_NY,11,CONTINUATION,3,0.15789473684210525,19
EXECUTABLE,12,2000,HOUR_NY,11,REVERSAL,0,0.0,19
EXECUTABLE,12,2000,HOUR_NY,11,NO_EXPANSION,16,0.8421052631578947,19
EXECUTABLE,12,2000,HOUR_NY,11,AMBIGUOUS,0,0.0,19
EXECUTABLE,12,2000,HOUR_NY,12,CONTINUATION,1,0.1111111111111111,9
EXECUTABLE,12,2000,HOUR_NY,12,REVERSAL,1,0.1111111111111111,9
EXECUTABLE,12,2000,HOUR_NY,12,NO_EXPANSION,7,0.7777777777777778,9
EXECUTABLE,12,2000,HOUR_NY,12,AMBIGUOUS,0,0.0,9
EXECUTABLE,12,2000,HOUR_NY,13,CONTINUATION,0,0.0,6
EXECUTABLE,12,2000,HOUR_NY,13,REVERSAL,1,0.16666666666666666,6
EXECUTABLE,12,2000,HOUR_NY,13,NO_EXPANSION,5,0.8333333333333334,6
EXECUTABLE,12,2000,HOUR_NY,13,AMBIGUOUS,0,0.0,6
EXECUTABLE,12,2000,HOUR_NY,14,CONTINUATION,2,0.18181818181818182,11
EXECUTABLE,12,2000,HOUR_NY,14,REVERSAL,1,0.09090909090909091,11
EXECUTABLE,12,2000,HOUR_NY,14,NO_EXPANSION,8,0.7272727272727273,11
EXECUTABLE,12,2000,HOUR_NY,14,AMBIGUOUS,0,0.0,11
EXECUTABLE,12,2000,HOUR_NY,15,CONTINUATION,1,0.1,10
EXECUTABLE,12,2000,HOUR_NY,15,REVERSAL,2,0.2,10
EXECUTABLE,12,2000,HOUR_NY,15,NO_EXPANSION,7,0.7,10
EXECUTABLE,12,2000,HOUR_NY,15,AMBIGUOUS,0,0.0,10
EXECUTABLE,12,2000,HOUR_NY,16,CONTINUATION,1,1.0,1
EXECUTABLE,12,2000,HOUR_NY,16,REVERSAL,0,0.0,1
EXECUTABLE,12,2000,HOUR_NY,16,NO_EXPANSION,0,0.0,1
EXECUTABLE,12,2000,HOUR_NY,16,AMBIGUOUS,0,0.0,1
EXECUTABLE,12,2000,HOUR_NY,9,CONTINUATION,8,0.38095238095238093,21
EXECUTABLE,12,2000,HOUR_NY,9,REVERSAL,4,0.19047619047619047,21
EXECUTABLE,12,2000,HOUR_NY,9,NO_EXPANSION,9,0.42857142857142855,21
EXECUTABLE,12,2000,HOUR_NY,9,AMBIGUOUS,0,0.0,21
EXECUTABLE,12,5000,ALL,ALL,CONTINUATION,34,0.32075471698113206,106
EXECUTABLE,12,5000,ALL,ALL,REVERSAL,27,0.25471698113207547,106
EXECUTABLE,12,5000,ALL,ALL,NO_EXPANSION,45,0.42452830188679247,106
EXECUTABLE,12,5000,ALL,ALL,AMBIGUOUS,0,0.0,106
EXECUTABLE,12,5000,SIDE,BUY,CONTINUATION,25,0.3968253968253968,63
EXECUTABLE,12,5000,SIDE,BUY,REVERSAL,14,0.2222222222222222,63
EXECUTABLE,12,5000,SIDE,BUY,NO_EXPANSION,24,0.38095238095238093,63
EXECUTABLE,12,5000,SIDE,BUY,AMBIGUOUS,0,0.0,63
EXECUTABLE,12,5000,SIDE,SELL,CONTINUATION,9,0.20930232558139536,43
EXECUTABLE,12,5000,SIDE,SELL,REVERSAL,13,0.3023255813953488,43
EXECUTABLE,12,5000,SIDE,SELL,NO_EXPANSION,21,0.4883720930232558,43
EXECUTABLE,12,5000,SIDE,SELL,AMBIGUOUS,0,0.0,43
EXECUTABLE,12,5000,SESSION,2022-08-01,CONTINUATION,7,0.2916666666666667,24
EXECUTABLE,12,5000,SESSION,2022-08-01,REVERSAL,7,0.2916666666666667,24
EXECUTABLE,12,5000,SESSION,2022-08-01,NO_EXPANSION,10,0.4166666666666667,24
EXECUTABLE,12,5000,SESSION,2022-08-01,AMBIGUOUS,0,0.0,24
EXECUTABLE,12,5000,SESSION,2022-08-02,CONTINUATION,12,0.4,30
EXECUTABLE,12,5000,SESSION,2022-08-02,REVERSAL,10,0.3333333333333333,30
EXECUTABLE,12,5000,SESSION,2022-08-02,NO_EXPANSION,8,0.26666666666666666,30
EXECUTABLE,12,5000,SESSION,2022-08-02,AMBIGUOUS,0,0.0,30
EXECUTABLE,12,5000,SESSION,2022-08-03,CONTINUATION,8,0.3076923076923077,26
EXECUTABLE,12,5000,SESSION,2022-08-03,REVERSAL,3,0.11538461538461539,26
EXECUTABLE,12,5000,SESSION,2022-08-03,NO_EXPANSION,15,0.5769230769230769,26
EXECUTABLE,12,5000,SESSION,2022-08-03,AMBIGUOUS,0,0.0,26
EXECUTABLE,12,5000,SESSION,2022-08-04,CONTINUATION,1,0.08333333333333333,12
EXECUTABLE,12,5000,SESSION,2022-08-04,REVERSAL,5,0.4166666666666667,12
EXECUTABLE,12,5000,SESSION,2022-08-04,NO_EXPANSION,6,0.5,12
EXECUTABLE,12,5000,SESSION,2022-08-04,AMBIGUOUS,0,0.0,12
EXECUTABLE,12,5000,SESSION,2022-08-05,CONTINUATION,6,0.42857142857142855,14
EXECUTABLE,12,5000,SESSION,2022-08-05,REVERSAL,2,0.14285714285714285,14
EXECUTABLE,12,5000,SESSION,2022-08-05,NO_EXPANSION,6,0.42857142857142855,14
EXECUTABLE,12,5000,SESSION,2022-08-05,AMBIGUOUS,0,0.0,14
EXECUTABLE,12,5000,MONTH,2022-08,CONTINUATION,34,0.32075471698113206,106
EXECUTABLE,12,5000,MONTH,2022-08,REVERSAL,27,0.25471698113207547,106
EXECUTABLE,12,5000,MONTH,2022-08,NO_EXPANSION,45,0.42452830188679247,106
EXECUTABLE,12,5000,MONTH,2022-08,AMBIGUOUS,0,0.0,106
EXECUTABLE,12,5000,YEAR,2022,CONTINUATION,34,0.32075471698113206,106
EXECUTABLE,12,5000,YEAR,2022,REVERSAL,27,0.25471698113207547,106
EXECUTABLE,12,5000,YEAR,2022,NO_EXPANSION,45,0.42452830188679247,106
EXECUTABLE,12,5000,YEAR,2022,AMBIGUOUS,0,0.0,106
EXECUTABLE,12,5000,HOUR_NY,10,CONTINUATION,9,0.3103448275862069,29
EXECUTABLE,12,5000,HOUR_NY,10,REVERSAL,12,0.41379310344827586,29
EXECUTABLE,12,5000,HOUR_NY,10,NO_EXPANSION,8,0.27586206896551724,29
EXECUTABLE,12,5000,HOUR_NY,10,AMBIGUOUS,0,0.0,29
EXECUTABLE,12,5000,HOUR_NY,11,CONTINUATION,4,0.21052631578947367,19
EXECUTABLE,12,5000,HOUR_NY,11,REVERSAL,0,0.0,19
EXECUTABLE,12,5000,HOUR_NY,11,NO_EXPANSION,15,0.7894736842105263,19
EXECUTABLE,12,5000,HOUR_NY,11,AMBIGUOUS,0,0.0,19
EXECUTABLE,12,5000,HOUR_NY,12,CONTINUATION,2,0.2222222222222222,9
EXECUTABLE,12,5000,HOUR_NY,12,REVERSAL,2,0.2222222222222222,9
EXECUTABLE,12,5000,HOUR_NY,12,NO_EXPANSION,5,0.5555555555555556,9
EXECUTABLE,12,5000,HOUR_NY,12,AMBIGUOUS,0,0.0,9
EXECUTABLE,12,5000,HOUR_NY,13,CONTINUATION,0,0.0,6
EXECUTABLE,12,5000,HOUR_NY,13,REVERSAL,1,0.16666666666666666,6
EXECUTABLE,12,5000,HOUR_NY,13,NO_EXPANSION,5,0.8333333333333334,6
EXECUTABLE,12,5000,HOUR_NY,13,AMBIGUOUS,0,0.0,6
EXECUTABLE,12,5000,HOUR_NY,14,CONTINUATION,2,0.18181818181818182,11
EXECUTABLE,12,5000,HOUR_NY,14,REVERSAL,3,0.2727272727272727,11
EXECUTABLE,12,5000,HOUR_NY,14,NO_EXPANSION,6,0.5454545454545454,11
EXECUTABLE,12,5000,HOUR_NY,14,AMBIGUOUS,0,0.0,11
EXECUTABLE,12,5000,HOUR_NY,15,CONTINUATION,3,0.3,10
EXECUTABLE,12,5000,HOUR_NY,15,REVERSAL,2,0.2,10
EXECUTABLE,12,5000,HOUR_NY,15,NO_EXPANSION,5,0.5,10
EXECUTABLE,12,5000,HOUR_NY,15,AMBIGUOUS,0,0.0,10
EXECUTABLE,12,5000,HOUR_NY,16,CONTINUATION,1,1.0,1
EXECUTABLE,12,5000,HOUR_NY,16,REVERSAL,0,0.0,1
EXECUTABLE,12,5000,HOUR_NY,16,NO_EXPANSION,0,0.0,1
EXECUTABLE,12,5000,HOUR_NY,16,AMBIGUOUS,0,0.0,1
EXECUTABLE,12,5000,HOUR_NY,9,CONTINUATION,13,0.6190476190476191,21
EXECUTABLE,12,5000,HOUR_NY,9,REVERSAL,7,0.3333333333333333,21
EXECUTABLE,12,5000,HOUR_NY,9,NO_EXPANSION,1,0.047619047619047616,21
EXECUTABLE,12,5000,HOUR_NY,9,AMBIGUOUS,0,0.0,21
EXECUTABLE,12,10000,ALL,ALL,CONTINUATION,47,0.44339622641509435,106
EXECUTABLE,12,10000,ALL,ALL,REVERSAL,32,0.3018867924528302,106
EXECUTABLE,12,10000,ALL,ALL,NO_EXPANSION,27,0.25471698113207547,106
EXECUTABLE,12,10000,ALL,ALL,AMBIGUOUS,0,0.0,106
EXECUTABLE,12,10000,SIDE,BUY,CONTINUATION,30,0.47619047619047616,63
EXECUTABLE,12,10000,SIDE,BUY,REVERSAL,15,0.23809523809523808,63
EXECUTABLE,12,10000,SIDE,BUY,NO_EXPANSION,18,0.2857142857142857,63
EXECUTABLE,12,10000,SIDE,BUY,AMBIGUOUS,0,0.0,63
EXECUTABLE,12,10000,SIDE,SELL,CONTINUATION,17,0.3953488372093023,43
EXECUTABLE,12,10000,SIDE,SELL,REVERSAL,17,0.3953488372093023,43
EXECUTABLE,12,10000,SIDE,SELL,NO_EXPANSION,9,0.20930232558139536,43
EXECUTABLE,12,10000,SIDE,SELL,AMBIGUOUS,0,0.0,43
EXECUTABLE,12,10000,SESSION,2022-08-01,CONTINUATION,8,0.3333333333333333,24
EXECUTABLE,12,10000,SESSION,2022-08-01,REVERSAL,9,0.375,24
EXECUTABLE,12,10000,SESSION,2022-08-01,NO_EXPANSION,7,0.2916666666666667,24
EXECUTABLE,12,10000,SESSION,2022-08-01,AMBIGUOUS,0,0.0,24
EXECUTABLE,12,10000,SESSION,2022-08-02,CONTINUATION,15,0.5,30
EXECUTABLE,12,10000,SESSION,2022-08-02,REVERSAL,11,0.36666666666666664,30
EXECUTABLE,12,10000,SESSION,2022-08-02,NO_EXPANSION,4,0.13333333333333333,30
EXECUTABLE,12,10000,SESSION,2022-08-02,AMBIGUOUS,0,0.0,30
EXECUTABLE,12,10000,SESSION,2022-08-03,CONTINUATION,12,0.46153846153846156,26
EXECUTABLE,12,10000,SESSION,2022-08-03,REVERSAL,3,0.11538461538461539,26
EXECUTABLE,12,10000,SESSION,2022-08-03,NO_EXPANSION,11,0.4230769230769231,26
EXECUTABLE,12,10000,SESSION,2022-08-03,AMBIGUOUS,0,0.0,26
EXECUTABLE,12,10000,SESSION,2022-08-04,CONTINUATION,4,0.3333333333333333,12
EXECUTABLE,12,10000,SESSION,2022-08-04,REVERSAL,5,0.4166666666666667,12
EXECUTABLE,12,10000,SESSION,2022-08-04,NO_EXPANSION,3,0.25,12
EXECUTABLE,12,10000,SESSION,2022-08-04,AMBIGUOUS,0,0.0,12
EXECUTABLE,12,10000,SESSION,2022-08-05,CONTINUATION,8,0.5714285714285714,14
EXECUTABLE,12,10000,SESSION,2022-08-05,REVERSAL,4,0.2857142857142857,14
EXECUTABLE,12,10000,SESSION,2022-08-05,NO_EXPANSION,2,0.14285714285714285,14
EXECUTABLE,12,10000,SESSION,2022-08-05,AMBIGUOUS,0,0.0,14
EXECUTABLE,12,10000,MONTH,2022-08,CONTINUATION,47,0.44339622641509435,106
EXECUTABLE,12,10000,MONTH,2022-08,REVERSAL,32,0.3018867924528302,106
EXECUTABLE,12,10000,MONTH,2022-08,NO_EXPANSION,27,0.25471698113207547,106
EXECUTABLE,12,10000,MONTH,2022-08,AMBIGUOUS,0,0.0,106
EXECUTABLE,12,10000,YEAR,2022,CONTINUATION,47,0.44339622641509435,106
EXECUTABLE,12,10000,YEAR,2022,REVERSAL,32,0.3018867924528302,106
EXECUTABLE,12,10000,YEAR,2022,NO_EXPANSION,27,0.25471698113207547,106
EXECUTABLE,12,10000,YEAR,2022,AMBIGUOUS,0,0.0,106
EXECUTABLE,12,10000,HOUR_NY,10,CONTINUATION,12,0.41379310344827586,29
EXECUTABLE,12,10000,HOUR_NY,10,REVERSAL,14,0.4827586206896552,29
EXECUTABLE,12,10000,HOUR_NY,10,NO_EXPANSION,3,0.10344827586206896,29
EXECUTABLE,12,10000,HOUR_NY,10,AMBIGUOUS,0,0.0,29
EXECUTABLE,12,10000,HOUR_NY,11,CONTINUATION,8,0.42105263157894735,19
EXECUTABLE,12,10000,HOUR_NY,11,REVERSAL,1,0.05263157894736842,19
EXECUTABLE,12,10000,HOUR_NY,11,NO_EXPANSION,10,0.5263157894736842,19
EXECUTABLE,12,10000,HOUR_NY,11,AMBIGUOUS,0,0.0,19
EXECUTABLE,12,10000,HOUR_NY,12,CONTINUATION,4,0.4444444444444444,9
EXECUTABLE,12,10000,HOUR_NY,12,REVERSAL,3,0.3333333333333333,9
EXECUTABLE,12,10000,HOUR_NY,12,NO_EXPANSION,2,0.2222222222222222,9
EXECUTABLE,12,10000,HOUR_NY,12,AMBIGUOUS,0,0.0,9
EXECUTABLE,12,10000,HOUR_NY,13,CONTINUATION,3,0.5,6
EXECUTABLE,12,10000,HOUR_NY,13,REVERSAL,1,0.16666666666666666,6
EXECUTABLE,12,10000,HOUR_NY,13,NO_EXPANSION,2,0.3333333333333333,6
EXECUTABLE,12,10000,HOUR_NY,13,AMBIGUOUS,0,0.0,6
EXECUTABLE,12,10000,HOUR_NY,14,CONTINUATION,2,0.18181818181818182,11
EXECUTABLE,12,10000,HOUR_NY,14,REVERSAL,3,0.2727272727272727,11
EXECUTABLE,12,10000,HOUR_NY,14,NO_EXPANSION,6,0.5454545454545454,11
EXECUTABLE,12,10000,HOUR_NY,14,AMBIGUOUS,0,0.0,11
EXECUTABLE,12,10000,HOUR_NY,15,CONTINUATION,4,0.4,10
EXECUTABLE,12,10000,HOUR_NY,15,REVERSAL,3,0.3,10
EXECUTABLE,12,10000,HOUR_NY,15,NO_EXPANSION,3,0.3,10
EXECUTABLE,12,10000,HOUR_NY,15,AMBIGUOUS,0,0.0,10
EXECUTABLE,12,10000,HOUR_NY,16,CONTINUATION,1,1.0,1
EXECUTABLE,12,10000,HOUR_NY,16,REVERSAL,0,0.0,1
EXECUTABLE,12,10000,HOUR_NY,16,NO_EXPANSION,0,0.0,1
EXECUTABLE,12,10000,HOUR_NY,16,AMBIGUOUS,0,0.0,1
EXECUTABLE,12,10000,HOUR_NY,9,CONTINUATION,13,0.6190476190476191,21
EXECUTABLE,12,10000,HOUR_NY,9,REVERSAL,7,0.3333333333333333,21
EXECUTABLE,12,10000,HOUR_NY,9,NO_EXPANSION,1,0.047619047619047616,21
EXECUTABLE,12,10000,HOUR_NY,9,AMBIGUOUS,0,0.0,21
EXECUTABLE,16,500,ALL,ALL,CONTINUATION,2,0.018867924528301886,106
EXECUTABLE,16,500,ALL,ALL,REVERSAL,2,0.018867924528301886,106
EXECUTABLE,16,500,ALL,ALL,NO_EXPANSION,102,0.9622641509433962,106
EXECUTABLE,16,500,ALL,ALL,AMBIGUOUS,0,0.0,106
EXECUTABLE,16,500,SIDE,BUY,CONTINUATION,2,0.031746031746031744,63
EXECUTABLE,16,500,SIDE,BUY,REVERSAL,2,0.031746031746031744,63
EXECUTABLE,16,500,SIDE,BUY,NO_EXPANSION,59,0.9365079365079365,63
EXECUTABLE,16,500,SIDE,BUY,AMBIGUOUS,0,0.0,63
EXECUTABLE,16,500,SIDE,SELL,CONTINUATION,0,0.0,43
EXECUTABLE,16,500,SIDE,SELL,REVERSAL,0,0.0,43
EXECUTABLE,16,500,SIDE,SELL,NO_EXPANSION,43,1.0,43
EXECUTABLE,16,500,SIDE,SELL,AMBIGUOUS,0,0.0,43
EXECUTABLE,16,500,SESSION,2022-08-01,CONTINUATION,0,0.0,24
EXECUTABLE,16,500,SESSION,2022-08-01,REVERSAL,0,0.0,24
EXECUTABLE,16,500,SESSION,2022-08-01,NO_EXPANSION,24,1.0,24
EXECUTABLE,16,500,SESSION,2022-08-01,AMBIGUOUS,0,0.0,24
EXECUTABLE,16,500,SESSION,2022-08-02,CONTINUATION,1,0.03333333333333333,30
EXECUTABLE,16,500,SESSION,2022-08-02,REVERSAL,1,0.03333333333333333,30
EXECUTABLE,16,500,SESSION,2022-08-02,NO_EXPANSION,28,0.9333333333333333,30
EXECUTABLE,16,500,SESSION,2022-08-02,AMBIGUOUS,0,0.0,30
EXECUTABLE,16,500,SESSION,2022-08-03,CONTINUATION,0,0.0,26
EXECUTABLE,16,500,SESSION,2022-08-03,REVERSAL,1,0.038461538461538464,26
EXECUTABLE,16,500,SESSION,2022-08-03,NO_EXPANSION,25,0.9615384615384616,26
EXECUTABLE,16,500,SESSION,2022-08-03,AMBIGUOUS,0,0.0,26
EXECUTABLE,16,500,SESSION,2022-08-04,CONTINUATION,1,0.08333333333333333,12
EXECUTABLE,16,500,SESSION,2022-08-04,REVERSAL,0,0.0,12
EXECUTABLE,16,500,SESSION,2022-08-04,NO_EXPANSION,11,0.9166666666666666,12
EXECUTABLE,16,500,SESSION,2022-08-04,AMBIGUOUS,0,0.0,12
EXECUTABLE,16,500,SESSION,2022-08-05,CONTINUATION,0,0.0,14
EXECUTABLE,16,500,SESSION,2022-08-05,REVERSAL,0,0.0,14
EXECUTABLE,16,500,SESSION,2022-08-05,NO_EXPANSION,14,1.0,14
EXECUTABLE,16,500,SESSION,2022-08-05,AMBIGUOUS,0,0.0,14
EXECUTABLE,16,500,MONTH,2022-08,CONTINUATION,2,0.018867924528301886,106
EXECUTABLE,16,500,MONTH,2022-08,REVERSAL,2,0.018867924528301886,106
EXECUTABLE,16,500,MONTH,2022-08,NO_EXPANSION,102,0.9622641509433962,106
EXECUTABLE,16,500,MONTH,2022-08,AMBIGUOUS,0,0.0,106
EXECUTABLE,16,500,YEAR,2022,CONTINUATION,2,0.018867924528301886,106
EXECUTABLE,16,500,YEAR,2022,REVERSAL,2,0.018867924528301886,106
EXECUTABLE,16,500,YEAR,2022,NO_EXPANSION,102,0.9622641509433962,106
EXECUTABLE,16,500,YEAR,2022,AMBIGUOUS,0,0.0,106
EXECUTABLE,16,500,HOUR_NY,10,CONTINUATION,0,0.0,29
EXECUTABLE,16,500,HOUR_NY,10,REVERSAL,1,0.034482758620689655,29
EXECUTABLE,16,500,HOUR_NY,10,NO_EXPANSION,28,0.9655172413793104,29
EXECUTABLE,16,500,HOUR_NY,10,AMBIGUOUS,0,0.0,29
EXECUTABLE,16,500,HOUR_NY,11,CONTINUATION,1,0.05263157894736842,19
EXECUTABLE,16,500,HOUR_NY,11,REVERSAL,0,0.0,19
EXECUTABLE,16,500,HOUR_NY,11,NO_EXPANSION,18,0.9473684210526315,19
EXECUTABLE,16,500,HOUR_NY,11,AMBIGUOUS,0,0.0,19
EXECUTABLE,16,500,HOUR_NY,12,CONTINUATION,0,0.0,9
EXECUTABLE,16,500,HOUR_NY,12,REVERSAL,1,0.1111111111111111,9
EXECUTABLE,16,500,HOUR_NY,12,NO_EXPANSION,8,0.8888888888888888,9
EXECUTABLE,16,500,HOUR_NY,12,AMBIGUOUS,0,0.0,9
EXECUTABLE,16,500,HOUR_NY,13,CONTINUATION,0,0.0,6
EXECUTABLE,16,500,HOUR_NY,13,REVERSAL,0,0.0,6
EXECUTABLE,16,500,HOUR_NY,13,NO_EXPANSION,6,1.0,6
EXECUTABLE,16,500,HOUR_NY,13,AMBIGUOUS,0,0.0,6
EXECUTABLE,16,500,HOUR_NY,14,CONTINUATION,1,0.09090909090909091,11
EXECUTABLE,16,500,HOUR_NY,14,REVERSAL,0,0.0,11
EXECUTABLE,16,500,HOUR_NY,14,NO_EXPANSION,10,0.9090909090909091,11
EXECUTABLE,16,500,HOUR_NY,14,AMBIGUOUS,0,0.0,11
EXECUTABLE,16,500,HOUR_NY,15,CONTINUATION,0,0.0,10
EXECUTABLE,16,500,HOUR_NY,15,REVERSAL,0,0.0,10
EXECUTABLE,16,500,HOUR_NY,15,NO_EXPANSION,10,1.0,10
EXECUTABLE,16,500,HOUR_NY,15,AMBIGUOUS,0,0.0,10
EXECUTABLE,16,500,HOUR_NY,16,CONTINUATION,0,0.0,1
EXECUTABLE,16,500,HOUR_NY,16,REVERSAL,0,0.0,1
EXECUTABLE,16,500,HOUR_NY,16,NO_EXPANSION,1,1.0,1
EXECUTABLE,16,500,HOUR_NY,16,AMBIGUOUS,0,0.0,1
EXECUTABLE,16,500,HOUR_NY,9,CONTINUATION,0,0.0,21
EXECUTABLE,16,500,HOUR_NY,9,REVERSAL,0,0.0,21
EXECUTABLE,16,500,HOUR_NY,9,NO_EXPANSION,21,1.0,21
EXECUTABLE,16,500,HOUR_NY,9,AMBIGUOUS,0,0.0,21
EXECUTABLE,16,1000,ALL,ALL,CONTINUATION,4,0.03773584905660377,106
EXECUTABLE,16,1000,ALL,ALL,REVERSAL,5,0.04716981132075472,106
EXECUTABLE,16,1000,ALL,ALL,NO_EXPANSION,97,0.9150943396226415,106
EXECUTABLE,16,1000,ALL,ALL,AMBIGUOUS,0,0.0,106
EXECUTABLE,16,1000,SIDE,BUY,CONTINUATION,2,0.031746031746031744,63
EXECUTABLE,16,1000,SIDE,BUY,REVERSAL,3,0.047619047619047616,63
EXECUTABLE,16,1000,SIDE,BUY,NO_EXPANSION,58,0.9206349206349206,63
EXECUTABLE,16,1000,SIDE,BUY,AMBIGUOUS,0,0.0,63
EXECUTABLE,16,1000,SIDE,SELL,CONTINUATION,2,0.046511627906976744,43
EXECUTABLE,16,1000,SIDE,SELL,REVERSAL,2,0.046511627906976744,43
EXECUTABLE,16,1000,SIDE,SELL,NO_EXPANSION,39,0.9069767441860465,43
EXECUTABLE,16,1000,SIDE,SELL,AMBIGUOUS,0,0.0,43
EXECUTABLE,16,1000,SESSION,2022-08-01,CONTINUATION,1,0.041666666666666664,24
EXECUTABLE,16,1000,SESSION,2022-08-01,REVERSAL,0,0.0,24
EXECUTABLE,16,1000,SESSION,2022-08-01,NO_EXPANSION,23,0.9583333333333334,24
EXECUTABLE,16,1000,SESSION,2022-08-01,AMBIGUOUS,0,0.0,24
EXECUTABLE,16,1000,SESSION,2022-08-02,CONTINUATION,1,0.03333333333333333,30
EXECUTABLE,16,1000,SESSION,2022-08-02,REVERSAL,4,0.13333333333333333,30
EXECUTABLE,16,1000,SESSION,2022-08-02,NO_EXPANSION,25,0.8333333333333334,30
EXECUTABLE,16,1000,SESSION,2022-08-02,AMBIGUOUS,0,0.0,30
EXECUTABLE,16,1000,SESSION,2022-08-03,CONTINUATION,1,0.038461538461538464,26
EXECUTABLE,16,1000,SESSION,2022-08-03,REVERSAL,1,0.038461538461538464,26
EXECUTABLE,16,1000,SESSION,2022-08-03,NO_EXPANSION,24,0.9230769230769231,26
EXECUTABLE,16,1000,SESSION,2022-08-03,AMBIGUOUS,0,0.0,26
EXECUTABLE,16,1000,SESSION,2022-08-04,CONTINUATION,1,0.08333333333333333,12
EXECUTABLE,16,1000,SESSION,2022-08-04,REVERSAL,0,0.0,12
EXECUTABLE,16,1000,SESSION,2022-08-04,NO_EXPANSION,11,0.9166666666666666,12
EXECUTABLE,16,1000,SESSION,2022-08-04,AMBIGUOUS,0,0.0,12
EXECUTABLE,16,1000,SESSION,2022-08-05,CONTINUATION,0,0.0,14
EXECUTABLE,16,1000,SESSION,2022-08-05,REVERSAL,0,0.0,14
EXECUTABLE,16,1000,SESSION,2022-08-05,NO_EXPANSION,14,1.0,14
EXECUTABLE,16,1000,SESSION,2022-08-05,AMBIGUOUS,0,0.0,14
EXECUTABLE,16,1000,MONTH,2022-08,CONTINUATION,4,0.03773584905660377,106
EXECUTABLE,16,1000,MONTH,2022-08,REVERSAL,5,0.04716981132075472,106
EXECUTABLE,16,1000,MONTH,2022-08,NO_EXPANSION,97,0.9150943396226415,106
EXECUTABLE,16,1000,MONTH,2022-08,AMBIGUOUS,0,0.0,106
EXECUTABLE,16,1000,YEAR,2022,CONTINUATION,4,0.03773584905660377,106
EXECUTABLE,16,1000,YEAR,2022,REVERSAL,5,0.04716981132075472,106
EXECUTABLE,16,1000,YEAR,2022,NO_EXPANSION,97,0.9150943396226415,106
EXECUTABLE,16,1000,YEAR,2022,AMBIGUOUS,0,0.0,106
EXECUTABLE,16,1000,HOUR_NY,10,CONTINUATION,2,0.06896551724137931,29
EXECUTABLE,16,1000,HOUR_NY,10,REVERSAL,3,0.10344827586206896,29
EXECUTABLE,16,1000,HOUR_NY,10,NO_EXPANSION,24,0.8275862068965517,29
EXECUTABLE,16,1000,HOUR_NY,10,AMBIGUOUS,0,0.0,29
EXECUTABLE,16,1000,HOUR_NY,11,CONTINUATION,1,0.05263157894736842,19
EXECUTABLE,16,1000,HOUR_NY,11,REVERSAL,0,0.0,19
EXECUTABLE,16,1000,HOUR_NY,11,NO_EXPANSION,18,0.9473684210526315,19
EXECUTABLE,16,1000,HOUR_NY,11,AMBIGUOUS,0,0.0,19
EXECUTABLE,16,1000,HOUR_NY,12,CONTINUATION,0,0.0,9
EXECUTABLE,16,1000,HOUR_NY,12,REVERSAL,1,0.1111111111111111,9
EXECUTABLE,16,1000,HOUR_NY,12,NO_EXPANSION,8,0.8888888888888888,9
EXECUTABLE,16,1000,HOUR_NY,12,AMBIGUOUS,0,0.0,9
EXECUTABLE,16,1000,HOUR_NY,13,CONTINUATION,0,0.0,6
EXECUTABLE,16,1000,HOUR_NY,13,REVERSAL,0,0.0,6
EXECUTABLE,16,1000,HOUR_NY,13,NO_EXPANSION,6,1.0,6
EXECUTABLE,16,1000,HOUR_NY,13,AMBIGUOUS,0,0.0,6
EXECUTABLE,16,1000,HOUR_NY,14,CONTINUATION,1,0.09090909090909091,11
EXECUTABLE,16,1000,HOUR_NY,14,REVERSAL,0,0.0,11
EXECUTABLE,16,1000,HOUR_NY,14,NO_EXPANSION,10,0.9090909090909091,11
EXECUTABLE,16,1000,HOUR_NY,14,AMBIGUOUS,0,0.0,11
EXECUTABLE,16,1000,HOUR_NY,15,CONTINUATION,0,0.0,10
EXECUTABLE,16,1000,HOUR_NY,15,REVERSAL,1,0.1,10
EXECUTABLE,16,1000,HOUR_NY,15,NO_EXPANSION,9,0.9,10
EXECUTABLE,16,1000,HOUR_NY,15,AMBIGUOUS,0,0.0,10
EXECUTABLE,16,1000,HOUR_NY,16,CONTINUATION,0,0.0,1
EXECUTABLE,16,1000,HOUR_NY,16,REVERSAL,0,0.0,1
EXECUTABLE,16,1000,HOUR_NY,16,NO_EXPANSION,1,1.0,1
EXECUTABLE,16,1000,HOUR_NY,16,AMBIGUOUS,0,0.0,1
EXECUTABLE,16,1000,HOUR_NY,9,CONTINUATION,0,0.0,21
EXECUTABLE,16,1000,HOUR_NY,9,REVERSAL,0,0.0,21
EXECUTABLE,16,1000,HOUR_NY,9,NO_EXPANSION,21,1.0,21
EXECUTABLE,16,1000,HOUR_NY,9,AMBIGUOUS,0,0.0,21
EXECUTABLE,16,2000,ALL,ALL,CONTINUATION,14,0.1320754716981132,106
EXECUTABLE,16,2000,ALL,ALL,REVERSAL,11,0.10377358490566038,106
EXECUTABLE,16,2000,ALL,ALL,NO_EXPANSION,81,0.7641509433962265,106
EXECUTABLE,16,2000,ALL,ALL,AMBIGUOUS,0,0.0,106
EXECUTABLE,16,2000,SIDE,BUY,CONTINUATION,7,0.1111111111111111,63
EXECUTABLE,16,2000,SIDE,BUY,REVERSAL,5,0.07936507936507936,63
EXECUTABLE,16,2000,SIDE,BUY,NO_EXPANSION,51,0.8095238095238095,63
EXECUTABLE,16,2000,SIDE,BUY,AMBIGUOUS,0,0.0,63
EXECUTABLE,16,2000,SIDE,SELL,CONTINUATION,7,0.16279069767441862,43
EXECUTABLE,16,2000,SIDE,SELL,REVERSAL,6,0.13953488372093023,43
EXECUTABLE,16,2000,SIDE,SELL,NO_EXPANSION,30,0.6976744186046512,43
EXECUTABLE,16,2000,SIDE,SELL,AMBIGUOUS,0,0.0,43
EXECUTABLE,16,2000,SESSION,2022-08-01,CONTINUATION,3,0.125,24
EXECUTABLE,16,2000,SESSION,2022-08-01,REVERSAL,2,0.08333333333333333,24
EXECUTABLE,16,2000,SESSION,2022-08-01,NO_EXPANSION,19,0.7916666666666666,24
EXECUTABLE,16,2000,SESSION,2022-08-01,AMBIGUOUS,0,0.0,24
EXECUTABLE,16,2000,SESSION,2022-08-02,CONTINUATION,4,0.13333333333333333,30
EXECUTABLE,16,2000,SESSION,2022-08-02,REVERSAL,6,0.2,30
EXECUTABLE,16,2000,SESSION,2022-08-02,NO_EXPANSION,20,0.6666666666666666,30
EXECUTABLE,16,2000,SESSION,2022-08-02,AMBIGUOUS,0,0.0,30
EXECUTABLE,16,2000,SESSION,2022-08-03,CONTINUATION,5,0.19230769230769232,26
EXECUTABLE,16,2000,SESSION,2022-08-03,REVERSAL,1,0.038461538461538464,26
EXECUTABLE,16,2000,SESSION,2022-08-03,NO_EXPANSION,20,0.7692307692307693,26
EXECUTABLE,16,2000,SESSION,2022-08-03,AMBIGUOUS,0,0.0,26
EXECUTABLE,16,2000,SESSION,2022-08-04,CONTINUATION,1,0.08333333333333333,12
EXECUTABLE,16,2000,SESSION,2022-08-04,REVERSAL,2,0.16666666666666666,12
EXECUTABLE,16,2000,SESSION,2022-08-04,NO_EXPANSION,9,0.75,12
EXECUTABLE,16,2000,SESSION,2022-08-04,AMBIGUOUS,0,0.0,12
EXECUTABLE,16,2000,SESSION,2022-08-05,CONTINUATION,1,0.07142857142857142,14
EXECUTABLE,16,2000,SESSION,2022-08-05,REVERSAL,0,0.0,14
EXECUTABLE,16,2000,SESSION,2022-08-05,NO_EXPANSION,13,0.9285714285714286,14
EXECUTABLE,16,2000,SESSION,2022-08-05,AMBIGUOUS,0,0.0,14
EXECUTABLE,16,2000,MONTH,2022-08,CONTINUATION,14,0.1320754716981132,106
EXECUTABLE,16,2000,MONTH,2022-08,REVERSAL,11,0.10377358490566038,106
EXECUTABLE,16,2000,MONTH,2022-08,NO_EXPANSION,81,0.7641509433962265,106
EXECUTABLE,16,2000,MONTH,2022-08,AMBIGUOUS,0,0.0,106
EXECUTABLE,16,2000,YEAR,2022,CONTINUATION,14,0.1320754716981132,106
EXECUTABLE,16,2000,YEAR,2022,REVERSAL,11,0.10377358490566038,106
EXECUTABLE,16,2000,YEAR,2022,NO_EXPANSION,81,0.7641509433962265,106
EXECUTABLE,16,2000,YEAR,2022,AMBIGUOUS,0,0.0,106
EXECUTABLE,16,2000,HOUR_NY,10,CONTINUATION,4,0.13793103448275862,29
EXECUTABLE,16,2000,HOUR_NY,10,REVERSAL,6,0.20689655172413793,29
EXECUTABLE,16,2000,HOUR_NY,10,NO_EXPANSION,19,0.6551724137931034,29
EXECUTABLE,16,2000,HOUR_NY,10,AMBIGUOUS,0,0.0,29
EXECUTABLE,16,2000,HOUR_NY,11,CONTINUATION,1,0.05263157894736842,19
EXECUTABLE,16,2000,HOUR_NY,11,REVERSAL,0,0.0,19
EXECUTABLE,16,2000,HOUR_NY,11,NO_EXPANSION,18,0.9473684210526315,19
EXECUTABLE,16,2000,HOUR_NY,11,AMBIGUOUS,0,0.0,19
EXECUTABLE,16,2000,HOUR_NY,12,CONTINUATION,0,0.0,9
EXECUTABLE,16,2000,HOUR_NY,12,REVERSAL,1,0.1111111111111111,9
EXECUTABLE,16,2000,HOUR_NY,12,NO_EXPANSION,8,0.8888888888888888,9
EXECUTABLE,16,2000,HOUR_NY,12,AMBIGUOUS,0,0.0,9
EXECUTABLE,16,2000,HOUR_NY,13,CONTINUATION,0,0.0,6
EXECUTABLE,16,2000,HOUR_NY,13,REVERSAL,1,0.16666666666666666,6
EXECUTABLE,16,2000,HOUR_NY,13,NO_EXPANSION,5,0.8333333333333334,6
EXECUTABLE,16,2000,HOUR_NY,13,AMBIGUOUS,0,0.0,6
EXECUTABLE,16,2000,HOUR_NY,14,CONTINUATION,2,0.18181818181818182,11
EXECUTABLE,16,2000,HOUR_NY,14,REVERSAL,0,0.0,11
EXECUTABLE,16,2000,HOUR_NY,14,NO_EXPANSION,9,0.8181818181818182,11
EXECUTABLE,16,2000,HOUR_NY,14,AMBIGUOUS,0,0.0,11
EXECUTABLE,16,2000,HOUR_NY,15,CONTINUATION,1,0.1,10
EXECUTABLE,16,2000,HOUR_NY,15,REVERSAL,2,0.2,10
EXECUTABLE,16,2000,HOUR_NY,15,NO_EXPANSION,7,0.7,10
EXECUTABLE,16,2000,HOUR_NY,15,AMBIGUOUS,0,0.0,10
EXECUTABLE,16,2000,HOUR_NY,16,CONTINUATION,1,1.0,1
EXECUTABLE,16,2000,HOUR_NY,16,REVERSAL,0,0.0,1
EXECUTABLE,16,2000,HOUR_NY,16,NO_EXPANSION,0,0.0,1
EXECUTABLE,16,2000,HOUR_NY,16,AMBIGUOUS,0,0.0,1
EXECUTABLE,16,2000,HOUR_NY,9,CONTINUATION,5,0.23809523809523808,21
EXECUTABLE,16,2000,HOUR_NY,9,REVERSAL,1,0.047619047619047616,21
EXECUTABLE,16,2000,HOUR_NY,9,NO_EXPANSION,15,0.7142857142857143,21
EXECUTABLE,16,2000,HOUR_NY,9,AMBIGUOUS,0,0.0,21
EXECUTABLE,16,5000,ALL,ALL,CONTINUATION,27,0.25471698113207547,106
EXECUTABLE,16,5000,ALL,ALL,REVERSAL,22,0.20754716981132076,106
EXECUTABLE,16,5000,ALL,ALL,NO_EXPANSION,57,0.5377358490566038,106
EXECUTABLE,16,5000,ALL,ALL,AMBIGUOUS,0,0.0,106
EXECUTABLE,16,5000,SIDE,BUY,CONTINUATION,19,0.30158730158730157,63
EXECUTABLE,16,5000,SIDE,BUY,REVERSAL,11,0.1746031746031746,63
EXECUTABLE,16,5000,SIDE,BUY,NO_EXPANSION,33,0.5238095238095238,63
EXECUTABLE,16,5000,SIDE,BUY,AMBIGUOUS,0,0.0,63
EXECUTABLE,16,5000,SIDE,SELL,CONTINUATION,8,0.18604651162790697,43
EXECUTABLE,16,5000,SIDE,SELL,REVERSAL,11,0.2558139534883721,43
EXECUTABLE,16,5000,SIDE,SELL,NO_EXPANSION,24,0.5581395348837209,43
EXECUTABLE,16,5000,SIDE,SELL,AMBIGUOUS,0,0.0,43
EXECUTABLE,16,5000,SESSION,2022-08-01,CONTINUATION,6,0.25,24
EXECUTABLE,16,5000,SESSION,2022-08-01,REVERSAL,4,0.16666666666666666,24
EXECUTABLE,16,5000,SESSION,2022-08-01,NO_EXPANSION,14,0.5833333333333334,24
EXECUTABLE,16,5000,SESSION,2022-08-01,AMBIGUOUS,0,0.0,24
EXECUTABLE,16,5000,SESSION,2022-08-02,CONTINUATION,9,0.3,30
EXECUTABLE,16,5000,SESSION,2022-08-02,REVERSAL,11,0.36666666666666664,30
EXECUTABLE,16,5000,SESSION,2022-08-02,NO_EXPANSION,10,0.3333333333333333,30
EXECUTABLE,16,5000,SESSION,2022-08-02,AMBIGUOUS,0,0.0,30
EXECUTABLE,16,5000,SESSION,2022-08-03,CONTINUATION,6,0.23076923076923078,26
EXECUTABLE,16,5000,SESSION,2022-08-03,REVERSAL,2,0.07692307692307693,26
EXECUTABLE,16,5000,SESSION,2022-08-03,NO_EXPANSION,18,0.6923076923076923,26
EXECUTABLE,16,5000,SESSION,2022-08-03,AMBIGUOUS,0,0.0,26
EXECUTABLE,16,5000,SESSION,2022-08-04,CONTINUATION,1,0.08333333333333333,12
EXECUTABLE,16,5000,SESSION,2022-08-04,REVERSAL,5,0.4166666666666667,12
EXECUTABLE,16,5000,SESSION,2022-08-04,NO_EXPANSION,6,0.5,12
EXECUTABLE,16,5000,SESSION,2022-08-04,AMBIGUOUS,0,0.0,12
EXECUTABLE,16,5000,SESSION,2022-08-05,CONTINUATION,5,0.35714285714285715,14
EXECUTABLE,16,5000,SESSION,2022-08-05,REVERSAL,0,0.0,14
EXECUTABLE,16,5000,SESSION,2022-08-05,NO_EXPANSION,9,0.6428571428571429,14
EXECUTABLE,16,5000,SESSION,2022-08-05,AMBIGUOUS,0,0.0,14
EXECUTABLE,16,5000,MONTH,2022-08,CONTINUATION,27,0.25471698113207547,106
EXECUTABLE,16,5000,MONTH,2022-08,REVERSAL,22,0.20754716981132076,106
EXECUTABLE,16,5000,MONTH,2022-08,NO_EXPANSION,57,0.5377358490566038,106
EXECUTABLE,16,5000,MONTH,2022-08,AMBIGUOUS,0,0.0,106
EXECUTABLE,16,5000,YEAR,2022,CONTINUATION,27,0.25471698113207547,106
EXECUTABLE,16,5000,YEAR,2022,REVERSAL,22,0.20754716981132076,106
EXECUTABLE,16,5000,YEAR,2022,NO_EXPANSION,57,0.5377358490566038,106
EXECUTABLE,16,5000,YEAR,2022,AMBIGUOUS,0,0.0,106
EXECUTABLE,16,5000,HOUR_NY,10,CONTINUATION,8,0.27586206896551724,29
EXECUTABLE,16,5000,HOUR_NY,10,REVERSAL,9,0.3103448275862069,29
EXECUTABLE,16,5000,HOUR_NY,10,NO_EXPANSION,12,0.41379310344827586,29
EXECUTABLE,16,5000,HOUR_NY,10,AMBIGUOUS,0,0.0,29
EXECUTABLE,16,5000,HOUR_NY,11,CONTINUATION,3,0.15789473684210525,19
EXECUTABLE,16,5000,HOUR_NY,11,REVERSAL,0,0.0,19
EXECUTABLE,16,5000,HOUR_NY,11,NO_EXPANSION,16,0.8421052631578947,19
EXECUTABLE,16,5000,HOUR_NY,11,AMBIGUOUS,0,0.0,19
EXECUTABLE,16,5000,HOUR_NY,12,CONTINUATION,1,0.1111111111111111,9
EXECUTABLE,16,5000,HOUR_NY,12,REVERSAL,1,0.1111111111111111,9
EXECUTABLE,16,5000,HOUR_NY,12,NO_EXPANSION,7,0.7777777777777778,9
EXECUTABLE,16,5000,HOUR_NY,12,AMBIGUOUS,0,0.0,9
EXECUTABLE,16,5000,HOUR_NY,13,CONTINUATION,0,0.0,6
EXECUTABLE,16,5000,HOUR_NY,13,REVERSAL,1,0.16666666666666666,6
EXECUTABLE,16,5000,HOUR_NY,13,NO_EXPANSION,5,0.8333333333333334,6
EXECUTABLE,16,5000,HOUR_NY,13,AMBIGUOUS,0,0.0,6
EXECUTABLE,16,5000,HOUR_NY,14,CONTINUATION,2,0.18181818181818182,11
EXECUTABLE,16,5000,HOUR_NY,14,REVERSAL,2,0.18181818181818182,11
EXECUTABLE,16,5000,HOUR_NY,14,NO_EXPANSION,7,0.6363636363636364,11
EXECUTABLE,16,5000,HOUR_NY,14,AMBIGUOUS,0,0.0,11
EXECUTABLE,16,5000,HOUR_NY,15,CONTINUATION,2,0.2,10
EXECUTABLE,16,5000,HOUR_NY,15,REVERSAL,2,0.2,10
EXECUTABLE,16,5000,HOUR_NY,15,NO_EXPANSION,6,0.6,10
EXECUTABLE,16,5000,HOUR_NY,15,AMBIGUOUS,0,0.0,10
EXECUTABLE,16,5000,HOUR_NY,16,CONTINUATION,1,1.0,1
EXECUTABLE,16,5000,HOUR_NY,16,REVERSAL,0,0.0,1
EXECUTABLE,16,5000,HOUR_NY,16,NO_EXPANSION,0,0.0,1
EXECUTABLE,16,5000,HOUR_NY,16,AMBIGUOUS,0,0.0,1
EXECUTABLE,16,5000,HOUR_NY,9,CONTINUATION,10,0.47619047619047616,21
EXECUTABLE,16,5000,HOUR_NY,9,REVERSAL,7,0.3333333333333333,21
EXECUTABLE,16,5000,HOUR_NY,9,NO_EXPANSION,4,0.19047619047619047,21
EXECUTABLE,16,5000,HOUR_NY,9,AMBIGUOUS,0,0.0,21
EXECUTABLE,16,10000,ALL,ALL,CONTINUATION,39,0.36792452830188677,106
EXECUTABLE,16,10000,ALL,ALL,REVERSAL,28,0.2641509433962264,106
EXECUTABLE,16,10000,ALL,ALL,NO_EXPANSION,39,0.36792452830188677,106
EXECUTABLE,16,10000,ALL,ALL,AMBIGUOUS,0,0.0,106
EXECUTABLE,16,10000,SIDE,BUY,CONTINUATION,25,0.3968253968253968,63
EXECUTABLE,16,10000,SIDE,BUY,REVERSAL,13,0.20634920634920634,63
EXECUTABLE,16,10000,SIDE,BUY,NO_EXPANSION,25,0.3968253968253968,63
EXECUTABLE,16,10000,SIDE,BUY,AMBIGUOUS,0,0.0,63
EXECUTABLE,16,10000,SIDE,SELL,CONTINUATION,14,0.32558139534883723,43
EXECUTABLE,16,10000,SIDE,SELL,REVERSAL,15,0.3488372093023256,43
EXECUTABLE,16,10000,SIDE,SELL,NO_EXPANSION,14,0.32558139534883723,43
EXECUTABLE,16,10000,SIDE,SELL,AMBIGUOUS,0,0.0,43
EXECUTABLE,16,10000,SESSION,2022-08-01,CONTINUATION,7,0.2916666666666667,24
EXECUTABLE,16,10000,SESSION,2022-08-01,REVERSAL,7,0.2916666666666667,24
EXECUTABLE,16,10000,SESSION,2022-08-01,NO_EXPANSION,10,0.4166666666666667,24
EXECUTABLE,16,10000,SESSION,2022-08-01,AMBIGUOUS,0,0.0,24
EXECUTABLE,16,10000,SESSION,2022-08-02,CONTINUATION,11,0.36666666666666664,30
EXECUTABLE,16,10000,SESSION,2022-08-02,REVERSAL,12,0.4,30
EXECUTABLE,16,10000,SESSION,2022-08-02,NO_EXPANSION,7,0.23333333333333334,30
EXECUTABLE,16,10000,SESSION,2022-08-02,AMBIGUOUS,0,0.0,30
EXECUTABLE,16,10000,SESSION,2022-08-03,CONTINUATION,11,0.4230769230769231,26
EXECUTABLE,16,10000,SESSION,2022-08-03,REVERSAL,2,0.07692307692307693,26
EXECUTABLE,16,10000,SESSION,2022-08-03,NO_EXPANSION,13,0.5,26
EXECUTABLE,16,10000,SESSION,2022-08-03,AMBIGUOUS,0,0.0,26
EXECUTABLE,16,10000,SESSION,2022-08-04,CONTINUATION,2,0.16666666666666666,12
EXECUTABLE,16,10000,SESSION,2022-08-04,REVERSAL,5,0.4166666666666667,12
EXECUTABLE,16,10000,SESSION,2022-08-04,NO_EXPANSION,5,0.4166666666666667,12
EXECUTABLE,16,10000,SESSION,2022-08-04,AMBIGUOUS,0,0.0,12
EXECUTABLE,16,10000,SESSION,2022-08-05,CONTINUATION,8,0.5714285714285714,14
EXECUTABLE,16,10000,SESSION,2022-08-05,REVERSAL,2,0.14285714285714285,14
EXECUTABLE,16,10000,SESSION,2022-08-05,NO_EXPANSION,4,0.2857142857142857,14
EXECUTABLE,16,10000,SESSION,2022-08-05,AMBIGUOUS,0,0.0,14
EXECUTABLE,16,10000,MONTH,2022-08,CONTINUATION,39,0.36792452830188677,106
EXECUTABLE,16,10000,MONTH,2022-08,REVERSAL,28,0.2641509433962264,106
EXECUTABLE,16,10000,MONTH,2022-08,NO_EXPANSION,39,0.36792452830188677,106
EXECUTABLE,16,10000,MONTH,2022-08,AMBIGUOUS,0,0.0,106
EXECUTABLE,16,10000,YEAR,2022,CONTINUATION,39,0.36792452830188677,106
EXECUTABLE,16,10000,YEAR,2022,REVERSAL,28,0.2641509433962264,106
EXECUTABLE,16,10000,YEAR,2022,NO_EXPANSION,39,0.36792452830188677,106
EXECUTABLE,16,10000,YEAR,2022,AMBIGUOUS,0,0.0,106
EXECUTABLE,16,10000,HOUR_NY,10,CONTINUATION,12,0.41379310344827586,29
EXECUTABLE,16,10000,HOUR_NY,10,REVERSAL,12,0.41379310344827586,29
EXECUTABLE,16,10000,HOUR_NY,10,NO_EXPANSION,5,0.1724137931034483,29
EXECUTABLE,16,10000,HOUR_NY,10,AMBIGUOUS,0,0.0,29
EXECUTABLE,16,10000,HOUR_NY,11,CONTINUATION,6,0.3157894736842105,19
EXECUTABLE,16,10000,HOUR_NY,11,REVERSAL,1,0.05263157894736842,19
EXECUTABLE,16,10000,HOUR_NY,11,NO_EXPANSION,12,0.631578947368421,19
EXECUTABLE,16,10000,HOUR_NY,11,AMBIGUOUS,0,0.0,19
EXECUTABLE,16,10000,HOUR_NY,12,CONTINUATION,2,0.2222222222222222,9
EXECUTABLE,16,10000,HOUR_NY,12,REVERSAL,2,0.2222222222222222,9
EXECUTABLE,16,10000,HOUR_NY,12,NO_EXPANSION,5,0.5555555555555556,9
EXECUTABLE,16,10000,HOUR_NY,12,AMBIGUOUS,0,0.0,9
EXECUTABLE,16,10000,HOUR_NY,13,CONTINUATION,2,0.3333333333333333,6
EXECUTABLE,16,10000,HOUR_NY,13,REVERSAL,1,0.16666666666666666,6
EXECUTABLE,16,10000,HOUR_NY,13,NO_EXPANSION,3,0.5,6
EXECUTABLE,16,10000,HOUR_NY,13,AMBIGUOUS,0,0.0,6
EXECUTABLE,16,10000,HOUR_NY,14,CONTINUATION,2,0.18181818181818182,11
EXECUTABLE,16,10000,HOUR_NY,14,REVERSAL,2,0.18181818181818182,11
EXECUTABLE,16,10000,HOUR_NY,14,NO_EXPANSION,7,0.6363636363636364,11
EXECUTABLE,16,10000,HOUR_NY,14,AMBIGUOUS,0,0.0,11
EXECUTABLE,16,10000,HOUR_NY,15,CONTINUATION,3,0.3,10
EXECUTABLE,16,10000,HOUR_NY,15,REVERSAL,3,0.3,10
EXECUTABLE,16,10000,HOUR_NY,15,NO_EXPANSION,4,0.4,10
EXECUTABLE,16,10000,HOUR_NY,15,AMBIGUOUS,0,0.0,10
EXECUTABLE,16,10000,HOUR_NY,16,CONTINUATION,1,1.0,1
EXECUTABLE,16,10000,HOUR_NY,16,REVERSAL,0,0.0,1
EXECUTABLE,16,10000,HOUR_NY,16,NO_EXPANSION,0,0.0,1
EXECUTABLE,16,10000,HOUR_NY,16,AMBIGUOUS,0,0.0,1
EXECUTABLE,16,10000,HOUR_NY,9,CONTINUATION,11,0.5238095238095238,21
EXECUTABLE,16,10000,HOUR_NY,9,REVERSAL,7,0.3333333333333333,21
EXECUTABLE,16,10000,HOUR_NY,9,NO_EXPANSION,3,0.14285714285714285,21
EXECUTABLE,16,10000,HOUR_NY,9,AMBIGUOUS,0,0.0,21
LAST_TRADE,4,500,ALL,ALL,CONTINUATION,36,0.33962264150943394,106
LAST_TRADE,4,500,ALL,ALL,REVERSAL,40,0.37735849056603776,106
LAST_TRADE,4,500,ALL,ALL,NO_EXPANSION,26,0.24528301886792453,106
LAST_TRADE,4,500,ALL,ALL,AMBIGUOUS,4,0.03773584905660377,106
LAST_TRADE,4,500,SIDE,BUY,CONTINUATION,22,0.3492063492063492,63
LAST_TRADE,4,500,SIDE,BUY,REVERSAL,26,0.4126984126984127,63
LAST_TRADE,4,500,SIDE,BUY,NO_EXPANSION,12,0.19047619047619047,63
LAST_TRADE,4,500,SIDE,BUY,AMBIGUOUS,3,0.047619047619047616,63
LAST_TRADE,4,500,SIDE,SELL,CONTINUATION,14,0.32558139534883723,43
LAST_TRADE,4,500,SIDE,SELL,REVERSAL,14,0.32558139534883723,43
LAST_TRADE,4,500,SIDE,SELL,NO_EXPANSION,14,0.32558139534883723,43
LAST_TRADE,4,500,SIDE,SELL,AMBIGUOUS,1,0.023255813953488372,43
LAST_TRADE,4,500,SESSION,2022-08-01,CONTINUATION,8,0.3333333333333333,24
LAST_TRADE,4,500,SESSION,2022-08-01,REVERSAL,11,0.4583333333333333,24
LAST_TRADE,4,500,SESSION,2022-08-01,NO_EXPANSION,4,0.16666666666666666,24
LAST_TRADE,4,500,SESSION,2022-08-01,AMBIGUOUS,1,0.041666666666666664,24
LAST_TRADE,4,500,SESSION,2022-08-02,CONTINUATION,9,0.3,30
LAST_TRADE,4,500,SESSION,2022-08-02,REVERSAL,13,0.43333333333333335,30
LAST_TRADE,4,500,SESSION,2022-08-02,NO_EXPANSION,5,0.16666666666666666,30
LAST_TRADE,4,500,SESSION,2022-08-02,AMBIGUOUS,3,0.1,30
LAST_TRADE,4,500,SESSION,2022-08-03,CONTINUATION,9,0.34615384615384615,26
LAST_TRADE,4,500,SESSION,2022-08-03,REVERSAL,8,0.3076923076923077,26
LAST_TRADE,4,500,SESSION,2022-08-03,NO_EXPANSION,9,0.34615384615384615,26
LAST_TRADE,4,500,SESSION,2022-08-03,AMBIGUOUS,0,0.0,26
LAST_TRADE,4,500,SESSION,2022-08-04,CONTINUATION,3,0.25,12
LAST_TRADE,4,500,SESSION,2022-08-04,REVERSAL,5,0.4166666666666667,12
LAST_TRADE,4,500,SESSION,2022-08-04,NO_EXPANSION,4,0.3333333333333333,12
LAST_TRADE,4,500,SESSION,2022-08-04,AMBIGUOUS,0,0.0,12
LAST_TRADE,4,500,SESSION,2022-08-05,CONTINUATION,7,0.5,14
LAST_TRADE,4,500,SESSION,2022-08-05,REVERSAL,3,0.21428571428571427,14
LAST_TRADE,4,500,SESSION,2022-08-05,NO_EXPANSION,4,0.2857142857142857,14
LAST_TRADE,4,500,SESSION,2022-08-05,AMBIGUOUS,0,0.0,14
LAST_TRADE,4,500,MONTH,2022-08,CONTINUATION,36,0.33962264150943394,106
LAST_TRADE,4,500,MONTH,2022-08,REVERSAL,40,0.37735849056603776,106
LAST_TRADE,4,500,MONTH,2022-08,NO_EXPANSION,26,0.24528301886792453,106
LAST_TRADE,4,500,MONTH,2022-08,AMBIGUOUS,4,0.03773584905660377,106
LAST_TRADE,4,500,YEAR,2022,CONTINUATION,36,0.33962264150943394,106
LAST_TRADE,4,500,YEAR,2022,REVERSAL,40,0.37735849056603776,106
LAST_TRADE,4,500,YEAR,2022,NO_EXPANSION,26,0.24528301886792453,106
LAST_TRADE,4,500,YEAR,2022,AMBIGUOUS,4,0.03773584905660377,106
LAST_TRADE,4,500,HOUR_NY,10,CONTINUATION,10,0.3448275862068966,29
LAST_TRADE,4,500,HOUR_NY,10,REVERSAL,15,0.5172413793103449,29
LAST_TRADE,4,500,HOUR_NY,10,NO_EXPANSION,2,0.06896551724137931,29
LAST_TRADE,4,500,HOUR_NY,10,AMBIGUOUS,2,0.06896551724137931,29
LAST_TRADE,4,500,HOUR_NY,11,CONTINUATION,4,0.21052631578947367,19
LAST_TRADE,4,500,HOUR_NY,11,REVERSAL,4,0.21052631578947367,19
LAST_TRADE,4,500,HOUR_NY,11,NO_EXPANSION,11,0.5789473684210527,19
LAST_TRADE,4,500,HOUR_NY,11,AMBIGUOUS,0,0.0,19
LAST_TRADE,4,500,HOUR_NY,12,CONTINUATION,5,0.5555555555555556,9
LAST_TRADE,4,500,HOUR_NY,12,REVERSAL,4,0.4444444444444444,9
LAST_TRADE,4,500,HOUR_NY,12,NO_EXPANSION,0,0.0,9
LAST_TRADE,4,500,HOUR_NY,12,AMBIGUOUS,0,0.0,9
LAST_TRADE,4,500,HOUR_NY,13,CONTINUATION,1,0.16666666666666666,6
LAST_TRADE,4,500,HOUR_NY,13,REVERSAL,1,0.16666666666666666,6
LAST_TRADE,4,500,HOUR_NY,13,NO_EXPANSION,3,0.5,6
LAST_TRADE,4,500,HOUR_NY,13,AMBIGUOUS,1,0.16666666666666666,6
LAST_TRADE,4,500,HOUR_NY,14,CONTINUATION,3,0.2727272727272727,11
LAST_TRADE,4,500,HOUR_NY,14,REVERSAL,4,0.36363636363636365,11
LAST_TRADE,4,500,HOUR_NY,14,NO_EXPANSION,4,0.36363636363636365,11
LAST_TRADE,4,500,HOUR_NY,14,AMBIGUOUS,0,0.0,11
LAST_TRADE,4,500,HOUR_NY,15,CONTINUATION,4,0.4,10
LAST_TRADE,4,500,HOUR_NY,15,REVERSAL,0,0.0,10
LAST_TRADE,4,500,HOUR_NY,15,NO_EXPANSION,5,0.5,10
LAST_TRADE,4,500,HOUR_NY,15,AMBIGUOUS,1,0.1,10
LAST_TRADE,4,500,HOUR_NY,16,CONTINUATION,1,1.0,1
LAST_TRADE,4,500,HOUR_NY,16,REVERSAL,0,0.0,1
LAST_TRADE,4,500,HOUR_NY,16,NO_EXPANSION,0,0.0,1
LAST_TRADE,4,500,HOUR_NY,16,AMBIGUOUS,0,0.0,1
LAST_TRADE,4,500,HOUR_NY,9,CONTINUATION,8,0.38095238095238093,21
LAST_TRADE,4,500,HOUR_NY,9,REVERSAL,12,0.5714285714285714,21
LAST_TRADE,4,500,HOUR_NY,9,NO_EXPANSION,1,0.047619047619047616,21
LAST_TRADE,4,500,HOUR_NY,9,AMBIGUOUS,0,0.0,21
LAST_TRADE,4,1000,ALL,ALL,CONTINUATION,40,0.37735849056603776,106
LAST_TRADE,4,1000,ALL,ALL,REVERSAL,48,0.4528301886792453,106
LAST_TRADE,4,1000,ALL,ALL,NO_EXPANSION,13,0.12264150943396226,106
LAST_TRADE,4,1000,ALL,ALL,AMBIGUOUS,5,0.04716981132075472,106
LAST_TRADE,4,1000,SIDE,BUY,CONTINUATION,23,0.36507936507936506,63
LAST_TRADE,4,1000,SIDE,BUY,REVERSAL,30,0.47619047619047616,63
LAST_TRADE,4,1000,SIDE,BUY,NO_EXPANSION,7,0.1111111111111111,63
LAST_TRADE,4,1000,SIDE,BUY,AMBIGUOUS,3,0.047619047619047616,63
LAST_TRADE,4,1000,SIDE,SELL,CONTINUATION,17,0.3953488372093023,43
LAST_TRADE,4,1000,SIDE,SELL,REVERSAL,18,0.4186046511627907,43
LAST_TRADE,4,1000,SIDE,SELL,NO_EXPANSION,6,0.13953488372093023,43
LAST_TRADE,4,1000,SIDE,SELL,AMBIGUOUS,2,0.046511627906976744,43
LAST_TRADE,4,1000,SESSION,2022-08-01,CONTINUATION,11,0.4583333333333333,24
LAST_TRADE,4,1000,SESSION,2022-08-01,REVERSAL,11,0.4583333333333333,24
LAST_TRADE,4,1000,SESSION,2022-08-01,NO_EXPANSION,1,0.041666666666666664,24
LAST_TRADE,4,1000,SESSION,2022-08-01,AMBIGUOUS,1,0.041666666666666664,24
LAST_TRADE,4,1000,SESSION,2022-08-02,CONTINUATION,8,0.26666666666666666,30
LAST_TRADE,4,1000,SESSION,2022-08-02,REVERSAL,17,0.5666666666666667,30
LAST_TRADE,4,1000,SESSION,2022-08-02,NO_EXPANSION,1,0.03333333333333333,30
LAST_TRADE,4,1000,SESSION,2022-08-02,AMBIGUOUS,4,0.13333333333333333,30
LAST_TRADE,4,1000,SESSION,2022-08-03,CONTINUATION,11,0.4230769230769231,26
LAST_TRADE,4,1000,SESSION,2022-08-03,REVERSAL,11,0.4230769230769231,26
LAST_TRADE,4,1000,SESSION,2022-08-03,NO_EXPANSION,4,0.15384615384615385,26
LAST_TRADE,4,1000,SESSION,2022-08-03,AMBIGUOUS,0,0.0,26
LAST_TRADE,4,1000,SESSION,2022-08-04,CONTINUATION,3,0.25,12
LAST_TRADE,4,1000,SESSION,2022-08-04,REVERSAL,5,0.4166666666666667,12
LAST_TRADE,4,1000,SESSION,2022-08-04,NO_EXPANSION,4,0.3333333333333333,12
LAST_TRADE,4,1000,SESSION,2022-08-04,AMBIGUOUS,0,0.0,12
LAST_TRADE,4,1000,SESSION,2022-08-05,CONTINUATION,7,0.5,14
LAST_TRADE,4,1000,SESSION,2022-08-05,REVERSAL,4,0.2857142857142857,14
LAST_TRADE,4,1000,SESSION,2022-08-05,NO_EXPANSION,3,0.21428571428571427,14
LAST_TRADE,4,1000,SESSION,2022-08-05,AMBIGUOUS,0,0.0,14
LAST_TRADE,4,1000,MONTH,2022-08,CONTINUATION,40,0.37735849056603776,106
LAST_TRADE,4,1000,MONTH,2022-08,REVERSAL,48,0.4528301886792453,106
LAST_TRADE,4,1000,MONTH,2022-08,NO_EXPANSION,13,0.12264150943396226,106
LAST_TRADE,4,1000,MONTH,2022-08,AMBIGUOUS,5,0.04716981132075472,106
LAST_TRADE,4,1000,YEAR,2022,CONTINUATION,40,0.37735849056603776,106
LAST_TRADE,4,1000,YEAR,2022,REVERSAL,48,0.4528301886792453,106
LAST_TRADE,4,1000,YEAR,2022,NO_EXPANSION,13,0.12264150943396226,106
LAST_TRADE,4,1000,YEAR,2022,AMBIGUOUS,5,0.04716981132075472,106
LAST_TRADE,4,1000,HOUR_NY,10,CONTINUATION,9,0.3103448275862069,29
LAST_TRADE,4,1000,HOUR_NY,10,REVERSAL,15,0.5172413793103449,29
LAST_TRADE,4,1000,HOUR_NY,10,NO_EXPANSION,2,0.06896551724137931,29
LAST_TRADE,4,1000,HOUR_NY,10,AMBIGUOUS,3,0.10344827586206896,29
LAST_TRADE,4,1000,HOUR_NY,11,CONTINUATION,5,0.2631578947368421,19
LAST_TRADE,4,1000,HOUR_NY,11,REVERSAL,8,0.42105263157894735,19
LAST_TRADE,4,1000,HOUR_NY,11,NO_EXPANSION,6,0.3157894736842105,19
LAST_TRADE,4,1000,HOUR_NY,11,AMBIGUOUS,0,0.0,19
LAST_TRADE,4,1000,HOUR_NY,12,CONTINUATION,5,0.5555555555555556,9
LAST_TRADE,4,1000,HOUR_NY,12,REVERSAL,4,0.4444444444444444,9
LAST_TRADE,4,1000,HOUR_NY,12,NO_EXPANSION,0,0.0,9
LAST_TRADE,4,1000,HOUR_NY,12,AMBIGUOUS,0,0.0,9
LAST_TRADE,4,1000,HOUR_NY,13,CONTINUATION,2,0.3333333333333333,6
LAST_TRADE,4,1000,HOUR_NY,13,REVERSAL,1,0.16666666666666666,6
LAST_TRADE,4,1000,HOUR_NY,13,NO_EXPANSION,2,0.3333333333333333,6
LAST_TRADE,4,1000,HOUR_NY,13,AMBIGUOUS,1,0.16666666666666666,6
LAST_TRADE,4,1000,HOUR_NY,14,CONTINUATION,4,0.36363636363636365,11
LAST_TRADE,4,1000,HOUR_NY,14,REVERSAL,5,0.45454545454545453,11
LAST_TRADE,4,1000,HOUR_NY,14,NO_EXPANSION,2,0.18181818181818182,11
LAST_TRADE,4,1000,HOUR_NY,14,AMBIGUOUS,0,0.0,11
LAST_TRADE,4,1000,HOUR_NY,15,CONTINUATION,5,0.5,10
LAST_TRADE,4,1000,HOUR_NY,15,REVERSAL,3,0.3,10
LAST_TRADE,4,1000,HOUR_NY,15,NO_EXPANSION,1,0.1,10
LAST_TRADE,4,1000,HOUR_NY,15,AMBIGUOUS,1,0.1,10
LAST_TRADE,4,1000,HOUR_NY,16,CONTINUATION,1,1.0,1
LAST_TRADE,4,1000,HOUR_NY,16,REVERSAL,0,0.0,1
LAST_TRADE,4,1000,HOUR_NY,16,NO_EXPANSION,0,0.0,1
LAST_TRADE,4,1000,HOUR_NY,16,AMBIGUOUS,0,0.0,1
LAST_TRADE,4,1000,HOUR_NY,9,CONTINUATION,9,0.42857142857142855,21
LAST_TRADE,4,1000,HOUR_NY,9,REVERSAL,12,0.5714285714285714,21
LAST_TRADE,4,1000,HOUR_NY,9,NO_EXPANSION,0,0.0,21
LAST_TRADE,4,1000,HOUR_NY,9,AMBIGUOUS,0,0.0,21
LAST_TRADE,4,2000,ALL,ALL,CONTINUATION,41,0.3867924528301887,106
LAST_TRADE,4,2000,ALL,ALL,REVERSAL,53,0.5,106
LAST_TRADE,4,2000,ALL,ALL,NO_EXPANSION,7,0.0660377358490566,106
LAST_TRADE,4,2000,ALL,ALL,AMBIGUOUS,5,0.04716981132075472,106
LAST_TRADE,4,2000,SIDE,BUY,CONTINUATION,23,0.36507936507936506,63
LAST_TRADE,4,2000,SIDE,BUY,REVERSAL,33,0.5238095238095238,63
LAST_TRADE,4,2000,SIDE,BUY,NO_EXPANSION,4,0.06349206349206349,63
LAST_TRADE,4,2000,SIDE,BUY,AMBIGUOUS,3,0.047619047619047616,63
LAST_TRADE,4,2000,SIDE,SELL,CONTINUATION,18,0.4186046511627907,43
LAST_TRADE,4,2000,SIDE,SELL,REVERSAL,20,0.46511627906976744,43
LAST_TRADE,4,2000,SIDE,SELL,NO_EXPANSION,3,0.06976744186046512,43
LAST_TRADE,4,2000,SIDE,SELL,AMBIGUOUS,2,0.046511627906976744,43
LAST_TRADE,4,2000,SESSION,2022-08-01,CONTINUATION,11,0.4583333333333333,24
LAST_TRADE,4,2000,SESSION,2022-08-01,REVERSAL,11,0.4583333333333333,24
LAST_TRADE,4,2000,SESSION,2022-08-01,NO_EXPANSION,1,0.041666666666666664,24
LAST_TRADE,4,2000,SESSION,2022-08-01,AMBIGUOUS,1,0.041666666666666664,24
LAST_TRADE,4,2000,SESSION,2022-08-02,CONTINUATION,8,0.26666666666666666,30
LAST_TRADE,4,2000,SESSION,2022-08-02,REVERSAL,17,0.5666666666666667,30
LAST_TRADE,4,2000,SESSION,2022-08-02,NO_EXPANSION,1,0.03333333333333333,30
LAST_TRADE,4,2000,SESSION,2022-08-02,AMBIGUOUS,4,0.13333333333333333,30
LAST_TRADE,4,2000,SESSION,2022-08-03,CONTINUATION,11,0.4230769230769231,26
LAST_TRADE,4,2000,SESSION,2022-08-03,REVERSAL,13,0.5,26
LAST_TRADE,4,2000,SESSION,2022-08-03,NO_EXPANSION,2,0.07692307692307693,26
LAST_TRADE,4,2000,SESSION,2022-08-03,AMBIGUOUS,0,0.0,26
LAST_TRADE,4,2000,SESSION,2022-08-04,CONTINUATION,3,0.25,12
LAST_TRADE,4,2000,SESSION,2022-08-04,REVERSAL,6,0.5,12
LAST_TRADE,4,2000,SESSION,2022-08-04,NO_EXPANSION,3,0.25,12
LAST_TRADE,4,2000,SESSION,2022-08-04,AMBIGUOUS,0,0.0,12
LAST_TRADE,4,2000,SESSION,2022-08-05,CONTINUATION,8,0.5714285714285714,14
LAST_TRADE,4,2000,SESSION,2022-08-05,REVERSAL,6,0.42857142857142855,14
LAST_TRADE,4,2000,SESSION,2022-08-05,NO_EXPANSION,0,0.0,14
LAST_TRADE,4,2000,SESSION,2022-08-05,AMBIGUOUS,0,0.0,14
LAST_TRADE,4,2000,MONTH,2022-08,CONTINUATION,41,0.3867924528301887,106
LAST_TRADE,4,2000,MONTH,2022-08,REVERSAL,53,0.5,106
LAST_TRADE,4,2000,MONTH,2022-08,NO_EXPANSION,7,0.0660377358490566,106
LAST_TRADE,4,2000,MONTH,2022-08,AMBIGUOUS,5,0.04716981132075472,106
LAST_TRADE,4,2000,YEAR,2022,CONTINUATION,41,0.3867924528301887,106
LAST_TRADE,4,2000,YEAR,2022,REVERSAL,53,0.5,106
LAST_TRADE,4,2000,YEAR,2022,NO_EXPANSION,7,0.0660377358490566,106
LAST_TRADE,4,2000,YEAR,2022,AMBIGUOUS,5,0.04716981132075472,106
LAST_TRADE,4,2000,HOUR_NY,10,CONTINUATION,9,0.3103448275862069,29
LAST_TRADE,4,2000,HOUR_NY,10,REVERSAL,17,0.5862068965517241,29
LAST_TRADE,4,2000,HOUR_NY,10,NO_EXPANSION,0,0.0,29
LAST_TRADE,4,2000,HOUR_NY,10,AMBIGUOUS,3,0.10344827586206896,29
LAST_TRADE,4,2000,HOUR_NY,11,CONTINUATION,6,0.3157894736842105,19
LAST_TRADE,4,2000,HOUR_NY,11,REVERSAL,11,0.5789473684210527,19
LAST_TRADE,4,2000,HOUR_NY,11,NO_EXPANSION,2,0.10526315789473684,19
LAST_TRADE,4,2000,HOUR_NY,11,AMBIGUOUS,0,0.0,19
LAST_TRADE,4,2000,HOUR_NY,12,CONTINUATION,5,0.5555555555555556,9
LAST_TRADE,4,2000,HOUR_NY,12,REVERSAL,4,0.4444444444444444,9
LAST_TRADE,4,2000,HOUR_NY,12,NO_EXPANSION,0,0.0,9
LAST_TRADE,4,2000,HOUR_NY,12,AMBIGUOUS,0,0.0,9
LAST_TRADE,4,2000,HOUR_NY,13,CONTINUATION,2,0.3333333333333333,6
LAST_TRADE,4,2000,HOUR_NY,13,REVERSAL,1,0.16666666666666666,6
LAST_TRADE,4,2000,HOUR_NY,13,NO_EXPANSION,2,0.3333333333333333,6
LAST_TRADE,4,2000,HOUR_NY,13,AMBIGUOUS,1,0.16666666666666666,6
LAST_TRADE,4,2000,HOUR_NY,14,CONTINUATION,4,0.36363636363636365,11
LAST_TRADE,4,2000,HOUR_NY,14,REVERSAL,5,0.45454545454545453,11
LAST_TRADE,4,2000,HOUR_NY,14,NO_EXPANSION,2,0.18181818181818182,11
LAST_TRADE,4,2000,HOUR_NY,14,AMBIGUOUS,0,0.0,11
LAST_TRADE,4,2000,HOUR_NY,15,CONTINUATION,5,0.5,10
LAST_TRADE,4,2000,HOUR_NY,15,REVERSAL,3,0.3,10
LAST_TRADE,4,2000,HOUR_NY,15,NO_EXPANSION,1,0.1,10
LAST_TRADE,4,2000,HOUR_NY,15,AMBIGUOUS,1,0.1,10
LAST_TRADE,4,2000,HOUR_NY,16,CONTINUATION,1,1.0,1
LAST_TRADE,4,2000,HOUR_NY,16,REVERSAL,0,0.0,1
LAST_TRADE,4,2000,HOUR_NY,16,NO_EXPANSION,0,0.0,1
LAST_TRADE,4,2000,HOUR_NY,16,AMBIGUOUS,0,0.0,1
LAST_TRADE,4,2000,HOUR_NY,9,CONTINUATION,9,0.42857142857142855,21
LAST_TRADE,4,2000,HOUR_NY,9,REVERSAL,12,0.5714285714285714,21
LAST_TRADE,4,2000,HOUR_NY,9,NO_EXPANSION,0,0.0,21
LAST_TRADE,4,2000,HOUR_NY,9,AMBIGUOUS,0,0.0,21
LAST_TRADE,4,5000,ALL,ALL,CONTINUATION,46,0.4339622641509434,106
LAST_TRADE,4,5000,ALL,ALL,REVERSAL,55,0.5188679245283019,106
LAST_TRADE,4,5000,ALL,ALL,NO_EXPANSION,0,0.0,106
LAST_TRADE,4,5000,ALL,ALL,AMBIGUOUS,5,0.04716981132075472,106
LAST_TRADE,4,5000,SIDE,BUY,CONTINUATION,25,0.3968253968253968,63
LAST_TRADE,4,5000,SIDE,BUY,REVERSAL,35,0.5555555555555556,63
LAST_TRADE,4,5000,SIDE,BUY,NO_EXPANSION,0,0.0,63
LAST_TRADE,4,5000,SIDE,BUY,AMBIGUOUS,3,0.047619047619047616,63
LAST_TRADE,4,5000,SIDE,SELL,CONTINUATION,21,0.4883720930232558,43
LAST_TRADE,4,5000,SIDE,SELL,REVERSAL,20,0.46511627906976744,43
LAST_TRADE,4,5000,SIDE,SELL,NO_EXPANSION,0,0.0,43
LAST_TRADE,4,5000,SIDE,SELL,AMBIGUOUS,2,0.046511627906976744,43
LAST_TRADE,4,5000,SESSION,2022-08-01,CONTINUATION,12,0.5,24
LAST_TRADE,4,5000,SESSION,2022-08-01,REVERSAL,11,0.4583333333333333,24
LAST_TRADE,4,5000,SESSION,2022-08-01,NO_EXPANSION,0,0.0,24
LAST_TRADE,4,5000,SESSION,2022-08-01,AMBIGUOUS,1,0.041666666666666664,24
LAST_TRADE,4,5000,SESSION,2022-08-02,CONTINUATION,9,0.3,30
LAST_TRADE,4,5000,SESSION,2022-08-02,REVERSAL,17,0.5666666666666667,30
LAST_TRADE,4,5000,SESSION,2022-08-02,NO_EXPANSION,0,0.0,30
LAST_TRADE,4,5000,SESSION,2022-08-02,AMBIGUOUS,4,0.13333333333333333,30
LAST_TRADE,4,5000,SESSION,2022-08-03,CONTINUATION,12,0.46153846153846156,26
LAST_TRADE,4,5000,SESSION,2022-08-03,REVERSAL,14,0.5384615384615384,26
LAST_TRADE,4,5000,SESSION,2022-08-03,NO_EXPANSION,0,0.0,26
LAST_TRADE,4,5000,SESSION,2022-08-03,AMBIGUOUS,0,0.0,26
LAST_TRADE,4,5000,SESSION,2022-08-04,CONTINUATION,5,0.4166666666666667,12
LAST_TRADE,4,5000,SESSION,2022-08-04,REVERSAL,7,0.5833333333333334,12
LAST_TRADE,4,5000,SESSION,2022-08-04,NO_EXPANSION,0,0.0,12
LAST_TRADE,4,5000,SESSION,2022-08-04,AMBIGUOUS,0,0.0,12
LAST_TRADE,4,5000,SESSION,2022-08-05,CONTINUATION,8,0.5714285714285714,14
LAST_TRADE,4,5000,SESSION,2022-08-05,REVERSAL,6,0.42857142857142855,14
LAST_TRADE,4,5000,SESSION,2022-08-05,NO_EXPANSION,0,0.0,14
LAST_TRADE,4,5000,SESSION,2022-08-05,AMBIGUOUS,0,0.0,14
LAST_TRADE,4,5000,MONTH,2022-08,CONTINUATION,46,0.4339622641509434,106
LAST_TRADE,4,5000,MONTH,2022-08,REVERSAL,55,0.5188679245283019,106
LAST_TRADE,4,5000,MONTH,2022-08,NO_EXPANSION,0,0.0,106
LAST_TRADE,4,5000,MONTH,2022-08,AMBIGUOUS,5,0.04716981132075472,106
LAST_TRADE,4,5000,YEAR,2022,CONTINUATION,46,0.4339622641509434,106
LAST_TRADE,4,5000,YEAR,2022,REVERSAL,55,0.5188679245283019,106
LAST_TRADE,4,5000,YEAR,2022,NO_EXPANSION,0,0.0,106
LAST_TRADE,4,5000,YEAR,2022,AMBIGUOUS,5,0.04716981132075472,106
LAST_TRADE,4,5000,HOUR_NY,10,CONTINUATION,9,0.3103448275862069,29
LAST_TRADE,4,5000,HOUR_NY,10,REVERSAL,17,0.5862068965517241,29
LAST_TRADE,4,5000,HOUR_NY,10,NO_EXPANSION,0,0.0,29
LAST_TRADE,4,5000,HOUR_NY,10,AMBIGUOUS,3,0.10344827586206896,29
LAST_TRADE,4,5000,HOUR_NY,11,CONTINUATION,8,0.42105263157894735,19
LAST_TRADE,4,5000,HOUR_NY,11,REVERSAL,11,0.5789473684210527,19
LAST_TRADE,4,5000,HOUR_NY,11,NO_EXPANSION,0,0.0,19
LAST_TRADE,4,5000,HOUR_NY,11,AMBIGUOUS,0,0.0,19
LAST_TRADE,4,5000,HOUR_NY,12,CONTINUATION,5,0.5555555555555556,9
LAST_TRADE,4,5000,HOUR_NY,12,REVERSAL,4,0.4444444444444444,9
LAST_TRADE,4,5000,HOUR_NY,12,NO_EXPANSION,0,0.0,9
LAST_TRADE,4,5000,HOUR_NY,12,AMBIGUOUS,0,0.0,9
LAST_TRADE,4,5000,HOUR_NY,13,CONTINUATION,4,0.6666666666666666,6
LAST_TRADE,4,5000,HOUR_NY,13,REVERSAL,1,0.16666666666666666,6
LAST_TRADE,4,5000,HOUR_NY,13,NO_EXPANSION,0,0.0,6
LAST_TRADE,4,5000,HOUR_NY,13,AMBIGUOUS,1,0.16666666666666666,6
LAST_TRADE,4,5000,HOUR_NY,14,CONTINUATION,5,0.45454545454545453,11
LAST_TRADE,4,5000,HOUR_NY,14,REVERSAL,6,0.5454545454545454,11
LAST_TRADE,4,5000,HOUR_NY,14,NO_EXPANSION,0,0.0,11
LAST_TRADE,4,5000,HOUR_NY,14,AMBIGUOUS,0,0.0,11
LAST_TRADE,4,5000,HOUR_NY,15,CONTINUATION,5,0.5,10
LAST_TRADE,4,5000,HOUR_NY,15,REVERSAL,4,0.4,10
LAST_TRADE,4,5000,HOUR_NY,15,NO_EXPANSION,0,0.0,10
LAST_TRADE,4,5000,HOUR_NY,15,AMBIGUOUS,1,0.1,10
LAST_TRADE,4,5000,HOUR_NY,16,CONTINUATION,1,1.0,1
LAST_TRADE,4,5000,HOUR_NY,16,REVERSAL,0,0.0,1
LAST_TRADE,4,5000,HOUR_NY,16,NO_EXPANSION,0,0.0,1
LAST_TRADE,4,5000,HOUR_NY,16,AMBIGUOUS,0,0.0,1
LAST_TRADE,4,5000,HOUR_NY,9,CONTINUATION,9,0.42857142857142855,21
LAST_TRADE,4,5000,HOUR_NY,9,REVERSAL,12,0.5714285714285714,21
LAST_TRADE,4,5000,HOUR_NY,9,NO_EXPANSION,0,0.0,21
LAST_TRADE,4,5000,HOUR_NY,9,AMBIGUOUS,0,0.0,21
LAST_TRADE,4,10000,ALL,ALL,CONTINUATION,46,0.4339622641509434,106
LAST_TRADE,4,10000,ALL,ALL,REVERSAL,55,0.5188679245283019,106
LAST_TRADE,4,10000,ALL,ALL,NO_EXPANSION,0,0.0,106
LAST_TRADE,4,10000,ALL,ALL,AMBIGUOUS,5,0.04716981132075472,106
LAST_TRADE,4,10000,SIDE,BUY,CONTINUATION,25,0.3968253968253968,63
LAST_TRADE,4,10000,SIDE,BUY,REVERSAL,35,0.5555555555555556,63
LAST_TRADE,4,10000,SIDE,BUY,NO_EXPANSION,0,0.0,63
LAST_TRADE,4,10000,SIDE,BUY,AMBIGUOUS,3,0.047619047619047616,63
LAST_TRADE,4,10000,SIDE,SELL,CONTINUATION,21,0.4883720930232558,43
LAST_TRADE,4,10000,SIDE,SELL,REVERSAL,20,0.46511627906976744,43
LAST_TRADE,4,10000,SIDE,SELL,NO_EXPANSION,0,0.0,43
LAST_TRADE,4,10000,SIDE,SELL,AMBIGUOUS,2,0.046511627906976744,43
LAST_TRADE,4,10000,SESSION,2022-08-01,CONTINUATION,12,0.5,24
LAST_TRADE,4,10000,SESSION,2022-08-01,REVERSAL,11,0.4583333333333333,24
LAST_TRADE,4,10000,SESSION,2022-08-01,NO_EXPANSION,0,0.0,24
LAST_TRADE,4,10000,SESSION,2022-08-01,AMBIGUOUS,1,0.041666666666666664,24
LAST_TRADE,4,10000,SESSION,2022-08-02,CONTINUATION,9,0.3,30
LAST_TRADE,4,10000,SESSION,2022-08-02,REVERSAL,17,0.5666666666666667,30
LAST_TRADE,4,10000,SESSION,2022-08-02,NO_EXPANSION,0,0.0,30
LAST_TRADE,4,10000,SESSION,2022-08-02,AMBIGUOUS,4,0.13333333333333333,30
LAST_TRADE,4,10000,SESSION,2022-08-03,CONTINUATION,12,0.46153846153846156,26
LAST_TRADE,4,10000,SESSION,2022-08-03,REVERSAL,14,0.5384615384615384,26
LAST_TRADE,4,10000,SESSION,2022-08-03,NO_EXPANSION,0,0.0,26
LAST_TRADE,4,10000,SESSION,2022-08-03,AMBIGUOUS,0,0.0,26
LAST_TRADE,4,10000,SESSION,2022-08-04,CONTINUATION,5,0.4166666666666667,12
LAST_TRADE,4,10000,SESSION,2022-08-04,REVERSAL,7,0.5833333333333334,12
LAST_TRADE,4,10000,SESSION,2022-08-04,NO_EXPANSION,0,0.0,12
LAST_TRADE,4,10000,SESSION,2022-08-04,AMBIGUOUS,0,0.0,12
LAST_TRADE,4,10000,SESSION,2022-08-05,CONTINUATION,8,0.5714285714285714,14
LAST_TRADE,4,10000,SESSION,2022-08-05,REVERSAL,6,0.42857142857142855,14
LAST_TRADE,4,10000,SESSION,2022-08-05,NO_EXPANSION,0,0.0,14
LAST_TRADE,4,10000,SESSION,2022-08-05,AMBIGUOUS,0,0.0,14
LAST_TRADE,4,10000,MONTH,2022-08,CONTINUATION,46,0.4339622641509434,106
LAST_TRADE,4,10000,MONTH,2022-08,REVERSAL,55,0.5188679245283019,106
LAST_TRADE,4,10000,MONTH,2022-08,NO_EXPANSION,0,0.0,106
LAST_TRADE,4,10000,MONTH,2022-08,AMBIGUOUS,5,0.04716981132075472,106
LAST_TRADE,4,10000,YEAR,2022,CONTINUATION,46,0.4339622641509434,106
LAST_TRADE,4,10000,YEAR,2022,REVERSAL,55,0.5188679245283019,106
LAST_TRADE,4,10000,YEAR,2022,NO_EXPANSION,0,0.0,106
LAST_TRADE,4,10000,YEAR,2022,AMBIGUOUS,5,0.04716981132075472,106
LAST_TRADE,4,10000,HOUR_NY,10,CONTINUATION,9,0.3103448275862069,29
LAST_TRADE,4,10000,HOUR_NY,10,REVERSAL,17,0.5862068965517241,29
LAST_TRADE,4,10000,HOUR_NY,10,NO_EXPANSION,0,0.0,29
LAST_TRADE,4,10000,HOUR_NY,10,AMBIGUOUS,3,0.10344827586206896,29
LAST_TRADE,4,10000,HOUR_NY,11,CONTINUATION,8,0.42105263157894735,19
LAST_TRADE,4,10000,HOUR_NY,11,REVERSAL,11,0.5789473684210527,19
LAST_TRADE,4,10000,HOUR_NY,11,NO_EXPANSION,0,0.0,19
LAST_TRADE,4,10000,HOUR_NY,11,AMBIGUOUS,0,0.0,19
LAST_TRADE,4,10000,HOUR_NY,12,CONTINUATION,5,0.5555555555555556,9
LAST_TRADE,4,10000,HOUR_NY,12,REVERSAL,4,0.4444444444444444,9
LAST_TRADE,4,10000,HOUR_NY,12,NO_EXPANSION,0,0.0,9
LAST_TRADE,4,10000,HOUR_NY,12,AMBIGUOUS,0,0.0,9
LAST_TRADE,4,10000,HOUR_NY,13,CONTINUATION,4,0.6666666666666666,6
LAST_TRADE,4,10000,HOUR_NY,13,REVERSAL,1,0.16666666666666666,6
LAST_TRADE,4,10000,HOUR_NY,13,NO_EXPANSION,0,0.0,6
LAST_TRADE,4,10000,HOUR_NY,13,AMBIGUOUS,1,0.16666666666666666,6
LAST_TRADE,4,10000,HOUR_NY,14,CONTINUATION,5,0.45454545454545453,11
LAST_TRADE,4,10000,HOUR_NY,14,REVERSAL,6,0.5454545454545454,11
LAST_TRADE,4,10000,HOUR_NY,14,NO_EXPANSION,0,0.0,11
LAST_TRADE,4,10000,HOUR_NY,14,AMBIGUOUS,0,0.0,11
LAST_TRADE,4,10000,HOUR_NY,15,CONTINUATION,5,0.5,10
LAST_TRADE,4,10000,HOUR_NY,15,REVERSAL,4,0.4,10
LAST_TRADE,4,10000,HOUR_NY,15,NO_EXPANSION,0,0.0,10
LAST_TRADE,4,10000,HOUR_NY,15,AMBIGUOUS,1,0.1,10
LAST_TRADE,4,10000,HOUR_NY,16,CONTINUATION,1,1.0,1
LAST_TRADE,4,10000,HOUR_NY,16,REVERSAL,0,0.0,1
LAST_TRADE,4,10000,HOUR_NY,16,NO_EXPANSION,0,0.0,1
LAST_TRADE,4,10000,HOUR_NY,16,AMBIGUOUS,0,0.0,1
LAST_TRADE,4,10000,HOUR_NY,9,CONTINUATION,9,0.42857142857142855,21
LAST_TRADE,4,10000,HOUR_NY,9,REVERSAL,12,0.5714285714285714,21
LAST_TRADE,4,10000,HOUR_NY,9,NO_EXPANSION,0,0.0,21
LAST_TRADE,4,10000,HOUR_NY,9,AMBIGUOUS,0,0.0,21
LAST_TRADE,8,500,ALL,ALL,CONTINUATION,16,0.1509433962264151,106
LAST_TRADE,8,500,ALL,ALL,REVERSAL,9,0.08490566037735849,106
LAST_TRADE,8,500,ALL,ALL,NO_EXPANSION,80,0.7547169811320755,106
LAST_TRADE,8,500,ALL,ALL,AMBIGUOUS,1,0.009433962264150943,106
LAST_TRADE,8,500,SIDE,BUY,CONTINUATION,10,0.15873015873015872,63
LAST_TRADE,8,500,SIDE,BUY,REVERSAL,8,0.12698412698412698,63
LAST_TRADE,8,500,SIDE,BUY,NO_EXPANSION,44,0.6984126984126984,63
LAST_TRADE,8,500,SIDE,BUY,AMBIGUOUS,1,0.015873015873015872,63
LAST_TRADE,8,500,SIDE,SELL,CONTINUATION,6,0.13953488372093023,43
LAST_TRADE,8,500,SIDE,SELL,REVERSAL,1,0.023255813953488372,43
LAST_TRADE,8,500,SIDE,SELL,NO_EXPANSION,36,0.8372093023255814,43
LAST_TRADE,8,500,SIDE,SELL,AMBIGUOUS,0,0.0,43
LAST_TRADE,8,500,SESSION,2022-08-01,CONTINUATION,4,0.16666666666666666,24
LAST_TRADE,8,500,SESSION,2022-08-01,REVERSAL,1,0.041666666666666664,24
LAST_TRADE,8,500,SESSION,2022-08-01,NO_EXPANSION,19,0.7916666666666666,24
LAST_TRADE,8,500,SESSION,2022-08-01,AMBIGUOUS,0,0.0,24
LAST_TRADE,8,500,SESSION,2022-08-02,CONTINUATION,6,0.2,30
LAST_TRADE,8,500,SESSION,2022-08-02,REVERSAL,3,0.1,30
LAST_TRADE,8,500,SESSION,2022-08-02,NO_EXPANSION,20,0.6666666666666666,30
LAST_TRADE,8,500,SESSION,2022-08-02,AMBIGUOUS,1,0.03333333333333333,30
LAST_TRADE,8,500,SESSION,2022-08-03,CONTINUATION,3,0.11538461538461539,26
LAST_TRADE,8,500,SESSION,2022-08-03,REVERSAL,2,0.07692307692307693,26
LAST_TRADE,8,500,SESSION,2022-08-03,NO_EXPANSION,21,0.8076923076923077,26
LAST_TRADE,8,500,SESSION,2022-08-03,AMBIGUOUS,0,0.0,26
LAST_TRADE,8,500,SESSION,2022-08-04,CONTINUATION,1,0.08333333333333333,12
LAST_TRADE,8,500,SESSION,2022-08-04,REVERSAL,2,0.16666666666666666,12
LAST_TRADE,8,500,SESSION,2022-08-04,NO_EXPANSION,9,0.75,12
LAST_TRADE,8,500,SESSION,2022-08-04,AMBIGUOUS,0,0.0,12
LAST_TRADE,8,500,SESSION,2022-08-05,CONTINUATION,2,0.14285714285714285,14
LAST_TRADE,8,500,SESSION,2022-08-05,REVERSAL,1,0.07142857142857142,14
LAST_TRADE,8,500,SESSION,2022-08-05,NO_EXPANSION,11,0.7857142857142857,14
LAST_TRADE,8,500,SESSION,2022-08-05,AMBIGUOUS,0,0.0,14
LAST_TRADE,8,500,MONTH,2022-08,CONTINUATION,16,0.1509433962264151,106
LAST_TRADE,8,500,MONTH,2022-08,REVERSAL,9,0.08490566037735849,106
LAST_TRADE,8,500,MONTH,2022-08,NO_EXPANSION,80,0.7547169811320755,106
LAST_TRADE,8,500,MONTH,2022-08,AMBIGUOUS,1,0.009433962264150943,106
LAST_TRADE,8,500,YEAR,2022,CONTINUATION,16,0.1509433962264151,106
LAST_TRADE,8,500,YEAR,2022,REVERSAL,9,0.08490566037735849,106
LAST_TRADE,8,500,YEAR,2022,NO_EXPANSION,80,0.7547169811320755,106
LAST_TRADE,8,500,YEAR,2022,AMBIGUOUS,1,0.009433962264150943,106
LAST_TRADE,8,500,HOUR_NY,10,CONTINUATION,5,0.1724137931034483,29
LAST_TRADE,8,500,HOUR_NY,10,REVERSAL,4,0.13793103448275862,29
LAST_TRADE,8,500,HOUR_NY,10,NO_EXPANSION,19,0.6551724137931034,29
LAST_TRADE,8,500,HOUR_NY,10,AMBIGUOUS,1,0.034482758620689655,29
LAST_TRADE,8,500,HOUR_NY,11,CONTINUATION,1,0.05263157894736842,19
LAST_TRADE,8,500,HOUR_NY,11,REVERSAL,0,0.0,19
LAST_TRADE,8,500,HOUR_NY,11,NO_EXPANSION,18,0.9473684210526315,19
LAST_TRADE,8,500,HOUR_NY,11,AMBIGUOUS,0,0.0,19
LAST_TRADE,8,500,HOUR_NY,12,CONTINUATION,0,0.0,9
LAST_TRADE,8,500,HOUR_NY,12,REVERSAL,1,0.1111111111111111,9
LAST_TRADE,8,500,HOUR_NY,12,NO_EXPANSION,8,0.8888888888888888,9
LAST_TRADE,8,500,HOUR_NY,12,AMBIGUOUS,0,0.0,9
LAST_TRADE,8,500,HOUR_NY,13,CONTINUATION,1,0.16666666666666666,6
LAST_TRADE,8,500,HOUR_NY,13,REVERSAL,0,0.0,6
LAST_TRADE,8,500,HOUR_NY,13,NO_EXPANSION,5,0.8333333333333334,6
LAST_TRADE,8,500,HOUR_NY,13,AMBIGUOUS,0,0.0,6
LAST_TRADE,8,500,HOUR_NY,14,CONTINUATION,1,0.09090909090909091,11
LAST_TRADE,8,500,HOUR_NY,14,REVERSAL,0,0.0,11
LAST_TRADE,8,500,HOUR_NY,14,NO_EXPANSION,10,0.9090909090909091,11
LAST_TRADE,8,500,HOUR_NY,14,AMBIGUOUS,0,0.0,11
LAST_TRADE,8,500,HOUR_NY,15,CONTINUATION,1,0.1,10
LAST_TRADE,8,500,HOUR_NY,15,REVERSAL,1,0.1,10
LAST_TRADE,8,500,HOUR_NY,15,NO_EXPANSION,8,0.8,10
LAST_TRADE,8,500,HOUR_NY,15,AMBIGUOUS,0,0.0,10
LAST_TRADE,8,500,HOUR_NY,16,CONTINUATION,1,1.0,1
LAST_TRADE,8,500,HOUR_NY,16,REVERSAL,0,0.0,1
LAST_TRADE,8,500,HOUR_NY,16,NO_EXPANSION,0,0.0,1
LAST_TRADE,8,500,HOUR_NY,16,AMBIGUOUS,0,0.0,1
LAST_TRADE,8,500,HOUR_NY,9,CONTINUATION,6,0.2857142857142857,21
LAST_TRADE,8,500,HOUR_NY,9,REVERSAL,3,0.14285714285714285,21
LAST_TRADE,8,500,HOUR_NY,9,NO_EXPANSION,12,0.5714285714285714,21
LAST_TRADE,8,500,HOUR_NY,9,AMBIGUOUS,0,0.0,21
LAST_TRADE,8,1000,ALL,ALL,CONTINUATION,24,0.22641509433962265,106
LAST_TRADE,8,1000,ALL,ALL,REVERSAL,22,0.20754716981132076,106
LAST_TRADE,8,1000,ALL,ALL,NO_EXPANSION,59,0.5566037735849056,106
LAST_TRADE,8,1000,ALL,ALL,AMBIGUOUS,1,0.009433962264150943,106
LAST_TRADE,8,1000,SIDE,BUY,CONTINUATION,14,0.2222222222222222,63
LAST_TRADE,8,1000,SIDE,BUY,REVERSAL,11,0.1746031746031746,63
LAST_TRADE,8,1000,SIDE,BUY,NO_EXPANSION,37,0.5873015873015873,63
LAST_TRADE,8,1000,SIDE,BUY,AMBIGUOUS,1,0.015873015873015872,63
LAST_TRADE,8,1000,SIDE,SELL,CONTINUATION,10,0.23255813953488372,43
LAST_TRADE,8,1000,SIDE,SELL,REVERSAL,11,0.2558139534883721,43
LAST_TRADE,8,1000,SIDE,SELL,NO_EXPANSION,22,0.5116279069767442,43
LAST_TRADE,8,1000,SIDE,SELL,AMBIGUOUS,0,0.0,43
LAST_TRADE,8,1000,SESSION,2022-08-01,CONTINUATION,8,0.3333333333333333,24
LAST_TRADE,8,1000,SESSION,2022-08-01,REVERSAL,6,0.25,24
LAST_TRADE,8,1000,SESSION,2022-08-01,NO_EXPANSION,10,0.4166666666666667,24
LAST_TRADE,8,1000,SESSION,2022-08-01,AMBIGUOUS,0,0.0,24
LAST_TRADE,8,1000,SESSION,2022-08-02,CONTINUATION,8,0.26666666666666666,30
LAST_TRADE,8,1000,SESSION,2022-08-02,REVERSAL,7,0.23333333333333334,30
LAST_TRADE,8,1000,SESSION,2022-08-02,NO_EXPANSION,14,0.4666666666666667,30
LAST_TRADE,8,1000,SESSION,2022-08-02,AMBIGUOUS,1,0.03333333333333333,30
LAST_TRADE,8,1000,SESSION,2022-08-03,CONTINUATION,4,0.15384615384615385,26
LAST_TRADE,8,1000,SESSION,2022-08-03,REVERSAL,3,0.11538461538461539,26
LAST_TRADE,8,1000,SESSION,2022-08-03,NO_EXPANSION,19,0.7307692307692307,26
LAST_TRADE,8,1000,SESSION,2022-08-03,AMBIGUOUS,0,0.0,26
LAST_TRADE,8,1000,SESSION,2022-08-04,CONTINUATION,1,0.08333333333333333,12
LAST_TRADE,8,1000,SESSION,2022-08-04,REVERSAL,4,0.3333333333333333,12
LAST_TRADE,8,1000,SESSION,2022-08-04,NO_EXPANSION,7,0.5833333333333334,12
LAST_TRADE,8,1000,SESSION,2022-08-04,AMBIGUOUS,0,0.0,12
LAST_TRADE,8,1000,SESSION,2022-08-05,CONTINUATION,3,0.21428571428571427,14
LAST_TRADE,8,1000,SESSION,2022-08-05,REVERSAL,2,0.14285714285714285,14
LAST_TRADE,8,1000,SESSION,2022-08-05,NO_EXPANSION,9,0.6428571428571429,14
LAST_TRADE,8,1000,SESSION,2022-08-05,AMBIGUOUS,0,0.0,14
LAST_TRADE,8,1000,MONTH,2022-08,CONTINUATION,24,0.22641509433962265,106
LAST_TRADE,8,1000,MONTH,2022-08,REVERSAL,22,0.20754716981132076,106
LAST_TRADE,8,1000,MONTH,2022-08,NO_EXPANSION,59,0.5566037735849056,106
LAST_TRADE,8,1000,MONTH,2022-08,AMBIGUOUS,1,0.009433962264150943,106
LAST_TRADE,8,1000,YEAR,2022,CONTINUATION,24,0.22641509433962265,106
LAST_TRADE,8,1000,YEAR,2022,REVERSAL,22,0.20754716981132076,106
LAST_TRADE,8,1000,YEAR,2022,NO_EXPANSION,59,0.5566037735849056,106
LAST_TRADE,8,1000,YEAR,2022,AMBIGUOUS,1,0.009433962264150943,106
LAST_TRADE,8,1000,HOUR_NY,10,CONTINUATION,6,0.20689655172413793,29
LAST_TRADE,8,1000,HOUR_NY,10,REVERSAL,8,0.27586206896551724,29
LAST_TRADE,8,1000,HOUR_NY,10,NO_EXPANSION,14,0.4827586206896552,29
LAST_TRADE,8,1000,HOUR_NY,10,AMBIGUOUS,1,0.034482758620689655,29
LAST_TRADE,8,1000,HOUR_NY,11,CONTINUATION,2,0.10526315789473684,19
LAST_TRADE,8,1000,HOUR_NY,11,REVERSAL,1,0.05263157894736842,19
LAST_TRADE,8,1000,HOUR_NY,11,NO_EXPANSION,16,0.8421052631578947,19
LAST_TRADE,8,1000,HOUR_NY,11,AMBIGUOUS,0,0.0,19
LAST_TRADE,8,1000,HOUR_NY,12,CONTINUATION,0,0.0,9
LAST_TRADE,8,1000,HOUR_NY,12,REVERSAL,1,0.1111111111111111,9
LAST_TRADE,8,1000,HOUR_NY,12,NO_EXPANSION,8,0.8888888888888888,9
LAST_TRADE,8,1000,HOUR_NY,12,AMBIGUOUS,0,0.0,9
LAST_TRADE,8,1000,HOUR_NY,13,CONTINUATION,2,0.3333333333333333,6
LAST_TRADE,8,1000,HOUR_NY,13,REVERSAL,2,0.3333333333333333,6
LAST_TRADE,8,1000,HOUR_NY,13,NO_EXPANSION,2,0.3333333333333333,6
LAST_TRADE,8,1000,HOUR_NY,13,AMBIGUOUS,0,0.0,6
LAST_TRADE,8,1000,HOUR_NY,14,CONTINUATION,2,0.18181818181818182,11
LAST_TRADE,8,1000,HOUR_NY,14,REVERSAL,1,0.09090909090909091,11
LAST_TRADE,8,1000,HOUR_NY,14,NO_EXPANSION,8,0.7272727272727273,11
LAST_TRADE,8,1000,HOUR_NY,14,AMBIGUOUS,0,0.0,11
LAST_TRADE,8,1000,HOUR_NY,15,CONTINUATION,4,0.4,10
LAST_TRADE,8,1000,HOUR_NY,15,REVERSAL,1,0.1,10
LAST_TRADE,8,1000,HOUR_NY,15,NO_EXPANSION,5,0.5,10
LAST_TRADE,8,1000,HOUR_NY,15,AMBIGUOUS,0,0.0,10
LAST_TRADE,8,1000,HOUR_NY,16,CONTINUATION,1,1.0,1
LAST_TRADE,8,1000,HOUR_NY,16,REVERSAL,0,0.0,1
LAST_TRADE,8,1000,HOUR_NY,16,NO_EXPANSION,0,0.0,1
LAST_TRADE,8,1000,HOUR_NY,16,AMBIGUOUS,0,0.0,1
LAST_TRADE,8,1000,HOUR_NY,9,CONTINUATION,7,0.3333333333333333,21
LAST_TRADE,8,1000,HOUR_NY,9,REVERSAL,8,0.38095238095238093,21
LAST_TRADE,8,1000,HOUR_NY,9,NO_EXPANSION,6,0.2857142857142857,21
LAST_TRADE,8,1000,HOUR_NY,9,AMBIGUOUS,0,0.0,21
LAST_TRADE,8,2000,ALL,ALL,CONTINUATION,34,0.32075471698113206,106
LAST_TRADE,8,2000,ALL,ALL,REVERSAL,28,0.2641509433962264,106
LAST_TRADE,8,2000,ALL,ALL,NO_EXPANSION,43,0.4056603773584906,106
LAST_TRADE,8,2000,ALL,ALL,AMBIGUOUS,1,0.009433962264150943,106
LAST_TRADE,8,2000,SIDE,BUY,CONTINUATION,23,0.36507936507936506,63
LAST_TRADE,8,2000,SIDE,BUY,REVERSAL,14,0.2222222222222222,63
LAST_TRADE,8,2000,SIDE,BUY,NO_EXPANSION,25,0.3968253968253968,63
LAST_TRADE,8,2000,SIDE,BUY,AMBIGUOUS,1,0.015873015873015872,63
LAST_TRADE,8,2000,SIDE,SELL,CONTINUATION,11,0.2558139534883721,43
LAST_TRADE,8,2000,SIDE,SELL,REVERSAL,14,0.32558139534883723,43
LAST_TRADE,8,2000,SIDE,SELL,NO_EXPANSION,18,0.4186046511627907,43
LAST_TRADE,8,2000,SIDE,SELL,AMBIGUOUS,0,0.0,43
LAST_TRADE,8,2000,SESSION,2022-08-01,CONTINUATION,9,0.375,24
LAST_TRADE,8,2000,SESSION,2022-08-01,REVERSAL,8,0.3333333333333333,24
LAST_TRADE,8,2000,SESSION,2022-08-01,NO_EXPANSION,7,0.2916666666666667,24
LAST_TRADE,8,2000,SESSION,2022-08-01,AMBIGUOUS,0,0.0,24
LAST_TRADE,8,2000,SESSION,2022-08-02,CONTINUATION,11,0.36666666666666664,30
LAST_TRADE,8,2000,SESSION,2022-08-02,REVERSAL,10,0.3333333333333333,30
LAST_TRADE,8,2000,SESSION,2022-08-02,NO_EXPANSION,8,0.26666666666666666,30
LAST_TRADE,8,2000,SESSION,2022-08-02,AMBIGUOUS,1,0.03333333333333333,30
LAST_TRADE,8,2000,SESSION,2022-08-03,CONTINUATION,7,0.2692307692307692,26
LAST_TRADE,8,2000,SESSION,2022-08-03,REVERSAL,3,0.11538461538461539,26
LAST_TRADE,8,2000,SESSION,2022-08-03,NO_EXPANSION,16,0.6153846153846154,26
LAST_TRADE,8,2000,SESSION,2022-08-03,AMBIGUOUS,0,0.0,26
LAST_TRADE,8,2000,SESSION,2022-08-04,CONTINUATION,2,0.16666666666666666,12
LAST_TRADE,8,2000,SESSION,2022-08-04,REVERSAL,5,0.4166666666666667,12
LAST_TRADE,8,2000,SESSION,2022-08-04,NO_EXPANSION,5,0.4166666666666667,12
LAST_TRADE,8,2000,SESSION,2022-08-04,AMBIGUOUS,0,0.0,12
LAST_TRADE,8,2000,SESSION,2022-08-05,CONTINUATION,5,0.35714285714285715,14
LAST_TRADE,8,2000,SESSION,2022-08-05,REVERSAL,2,0.14285714285714285,14
LAST_TRADE,8,2000,SESSION,2022-08-05,NO_EXPANSION,7,0.5,14
LAST_TRADE,8,2000,SESSION,2022-08-05,AMBIGUOUS,0,0.0,14
LAST_TRADE,8,2000,MONTH,2022-08,CONTINUATION,34,0.32075471698113206,106
LAST_TRADE,8,2000,MONTH,2022-08,REVERSAL,28,0.2641509433962264,106
LAST_TRADE,8,2000,MONTH,2022-08,NO_EXPANSION,43,0.4056603773584906,106
LAST_TRADE,8,2000,MONTH,2022-08,AMBIGUOUS,1,0.009433962264150943,106
LAST_TRADE,8,2000,YEAR,2022,CONTINUATION,34,0.32075471698113206,106
LAST_TRADE,8,2000,YEAR,2022,REVERSAL,28,0.2641509433962264,106
LAST_TRADE,8,2000,YEAR,2022,NO_EXPANSION,43,0.4056603773584906,106
LAST_TRADE,8,2000,YEAR,2022,AMBIGUOUS,1,0.009433962264150943,106
LAST_TRADE,8,2000,HOUR_NY,10,CONTINUATION,10,0.3448275862068966,29
LAST_TRADE,8,2000,HOUR_NY,10,REVERSAL,11,0.3793103448275862,29
LAST_TRADE,8,2000,HOUR_NY,10,NO_EXPANSION,7,0.2413793103448276,29
LAST_TRADE,8,2000,HOUR_NY,10,AMBIGUOUS,1,0.034482758620689655,29
LAST_TRADE,8,2000,HOUR_NY,11,CONTINUATION,3,0.15789473684210525,19
LAST_TRADE,8,2000,HOUR_NY,11,REVERSAL,1,0.05263157894736842,19
LAST_TRADE,8,2000,HOUR_NY,11,NO_EXPANSION,15,0.7894736842105263,19
LAST_TRADE,8,2000,HOUR_NY,11,AMBIGUOUS,0,0.0,19
LAST_TRADE,8,2000,HOUR_NY,12,CONTINUATION,2,0.2222222222222222,9
LAST_TRADE,8,2000,HOUR_NY,12,REVERSAL,2,0.2222222222222222,9
LAST_TRADE,8,2000,HOUR_NY,12,NO_EXPANSION,5,0.5555555555555556,9
LAST_TRADE,8,2000,HOUR_NY,12,AMBIGUOUS,0,0.0,9
LAST_TRADE,8,2000,HOUR_NY,13,CONTINUATION,2,0.3333333333333333,6
LAST_TRADE,8,2000,HOUR_NY,13,REVERSAL,2,0.3333333333333333,6
LAST_TRADE,8,2000,HOUR_NY,13,NO_EXPANSION,2,0.3333333333333333,6
LAST_TRADE,8,2000,HOUR_NY,13,AMBIGUOUS,0,0.0,6
LAST_TRADE,8,2000,HOUR_NY,14,CONTINUATION,2,0.18181818181818182,11
LAST_TRADE,8,2000,HOUR_NY,14,REVERSAL,2,0.18181818181818182,11
LAST_TRADE,8,2000,HOUR_NY,14,NO_EXPANSION,7,0.6363636363636364,11
LAST_TRADE,8,2000,HOUR_NY,14,AMBIGUOUS,0,0.0,11
LAST_TRADE,8,2000,HOUR_NY,15,CONTINUATION,4,0.4,10
LAST_TRADE,8,2000,HOUR_NY,15,REVERSAL,1,0.1,10
LAST_TRADE,8,2000,HOUR_NY,15,NO_EXPANSION,5,0.5,10
LAST_TRADE,8,2000,HOUR_NY,15,AMBIGUOUS,0,0.0,10
LAST_TRADE,8,2000,HOUR_NY,16,CONTINUATION,1,1.0,1
LAST_TRADE,8,2000,HOUR_NY,16,REVERSAL,0,0.0,1
LAST_TRADE,8,2000,HOUR_NY,16,NO_EXPANSION,0,0.0,1
LAST_TRADE,8,2000,HOUR_NY,16,AMBIGUOUS,0,0.0,1
LAST_TRADE,8,2000,HOUR_NY,9,CONTINUATION,10,0.47619047619047616,21
LAST_TRADE,8,2000,HOUR_NY,9,REVERSAL,9,0.42857142857142855,21
LAST_TRADE,8,2000,HOUR_NY,9,NO_EXPANSION,2,0.09523809523809523,21
LAST_TRADE,8,2000,HOUR_NY,9,AMBIGUOUS,0,0.0,21
LAST_TRADE,8,5000,ALL,ALL,CONTINUATION,49,0.46226415094339623,106
LAST_TRADE,8,5000,ALL,ALL,REVERSAL,34,0.32075471698113206,106
LAST_TRADE,8,5000,ALL,ALL,NO_EXPANSION,22,0.20754716981132076,106
LAST_TRADE,8,5000,ALL,ALL,AMBIGUOUS,1,0.009433962264150943,106
LAST_TRADE,8,5000,SIDE,BUY,CONTINUATION,30,0.47619047619047616,63
LAST_TRADE,8,5000,SIDE,BUY,REVERSAL,17,0.2698412698412698,63
LAST_TRADE,8,5000,SIDE,BUY,NO_EXPANSION,15,0.23809523809523808,63
LAST_TRADE,8,5000,SIDE,BUY,AMBIGUOUS,1,0.015873015873015872,63
LAST_TRADE,8,5000,SIDE,SELL,CONTINUATION,19,0.4418604651162791,43
LAST_TRADE,8,5000,SIDE,SELL,REVERSAL,17,0.3953488372093023,43
LAST_TRADE,8,5000,SIDE,SELL,NO_EXPANSION,7,0.16279069767441862,43
LAST_TRADE,8,5000,SIDE,SELL,AMBIGUOUS,0,0.0,43
LAST_TRADE,8,5000,SESSION,2022-08-01,CONTINUATION,11,0.4583333333333333,24
LAST_TRADE,8,5000,SESSION,2022-08-01,REVERSAL,9,0.375,24
LAST_TRADE,8,5000,SESSION,2022-08-01,NO_EXPANSION,4,0.16666666666666666,24
LAST_TRADE,8,5000,SESSION,2022-08-01,AMBIGUOUS,0,0.0,24
LAST_TRADE,8,5000,SESSION,2022-08-02,CONTINUATION,14,0.4666666666666667,30
LAST_TRADE,8,5000,SESSION,2022-08-02,REVERSAL,12,0.4,30
LAST_TRADE,8,5000,SESSION,2022-08-02,NO_EXPANSION,3,0.1,30
LAST_TRADE,8,5000,SESSION,2022-08-02,AMBIGUOUS,1,0.03333333333333333,30
LAST_TRADE,8,5000,SESSION,2022-08-03,CONTINUATION,12,0.46153846153846156,26
LAST_TRADE,8,5000,SESSION,2022-08-03,REVERSAL,3,0.11538461538461539,26
LAST_TRADE,8,5000,SESSION,2022-08-03,NO_EXPANSION,11,0.4230769230769231,26
LAST_TRADE,8,5000,SESSION,2022-08-03,AMBIGUOUS,0,0.0,26
LAST_TRADE,8,5000,SESSION,2022-08-04,CONTINUATION,5,0.4166666666666667,12
LAST_TRADE,8,5000,SESSION,2022-08-04,REVERSAL,5,0.4166666666666667,12
LAST_TRADE,8,5000,SESSION,2022-08-04,NO_EXPANSION,2,0.16666666666666666,12
LAST_TRADE,8,5000,SESSION,2022-08-04,AMBIGUOUS,0,0.0,12
LAST_TRADE,8,5000,SESSION,2022-08-05,CONTINUATION,7,0.5,14
LAST_TRADE,8,5000,SESSION,2022-08-05,REVERSAL,5,0.35714285714285715,14
LAST_TRADE,8,5000,SESSION,2022-08-05,NO_EXPANSION,2,0.14285714285714285,14
LAST_TRADE,8,5000,SESSION,2022-08-05,AMBIGUOUS,0,0.0,14
LAST_TRADE,8,5000,MONTH,2022-08,CONTINUATION,49,0.46226415094339623,106
LAST_TRADE,8,5000,MONTH,2022-08,REVERSAL,34,0.32075471698113206,106
LAST_TRADE,8,5000,MONTH,2022-08,NO_EXPANSION,22,0.20754716981132076,106
LAST_TRADE,8,5000,MONTH,2022-08,AMBIGUOUS,1,0.009433962264150943,106
LAST_TRADE,8,5000,YEAR,2022,CONTINUATION,49,0.46226415094339623,106
LAST_TRADE,8,5000,YEAR,2022,REVERSAL,34,0.32075471698113206,106
LAST_TRADE,8,5000,YEAR,2022,NO_EXPANSION,22,0.20754716981132076,106
LAST_TRADE,8,5000,YEAR,2022,AMBIGUOUS,1,0.009433962264150943,106
LAST_TRADE,8,5000,HOUR_NY,10,CONTINUATION,12,0.41379310344827586,29
LAST_TRADE,8,5000,HOUR_NY,10,REVERSAL,14,0.4827586206896552,29
LAST_TRADE,8,5000,HOUR_NY,10,NO_EXPANSION,2,0.06896551724137931,29
LAST_TRADE,8,5000,HOUR_NY,10,AMBIGUOUS,1,0.034482758620689655,29
LAST_TRADE,8,5000,HOUR_NY,11,CONTINUATION,6,0.3157894736842105,19
LAST_TRADE,8,5000,HOUR_NY,11,REVERSAL,2,0.10526315789473684,19
LAST_TRADE,8,5000,HOUR_NY,11,NO_EXPANSION,11,0.5789473684210527,19
LAST_TRADE,8,5000,HOUR_NY,11,AMBIGUOUS,0,0.0,19
LAST_TRADE,8,5000,HOUR_NY,12,CONTINUATION,5,0.5555555555555556,9
LAST_TRADE,8,5000,HOUR_NY,12,REVERSAL,3,0.3333333333333333,9
LAST_TRADE,8,5000,HOUR_NY,12,NO_EXPANSION,1,0.1111111111111111,9
LAST_TRADE,8,5000,HOUR_NY,12,AMBIGUOUS,0,0.0,9
LAST_TRADE,8,5000,HOUR_NY,13,CONTINUATION,4,0.6666666666666666,6
LAST_TRADE,8,5000,HOUR_NY,13,REVERSAL,2,0.3333333333333333,6
LAST_TRADE,8,5000,HOUR_NY,13,NO_EXPANSION,0,0.0,6
LAST_TRADE,8,5000,HOUR_NY,13,AMBIGUOUS,0,0.0,6
LAST_TRADE,8,5000,HOUR_NY,14,CONTINUATION,4,0.36363636363636365,11
LAST_TRADE,8,5000,HOUR_NY,14,REVERSAL,3,0.2727272727272727,11
LAST_TRADE,8,5000,HOUR_NY,14,NO_EXPANSION,4,0.36363636363636365,11
LAST_TRADE,8,5000,HOUR_NY,14,AMBIGUOUS,0,0.0,11
LAST_TRADE,8,5000,HOUR_NY,15,CONTINUATION,5,0.5,10
LAST_TRADE,8,5000,HOUR_NY,15,REVERSAL,1,0.1,10
LAST_TRADE,8,5000,HOUR_NY,15,NO_EXPANSION,4,0.4,10
LAST_TRADE,8,5000,HOUR_NY,15,AMBIGUOUS,0,0.0,10
LAST_TRADE,8,5000,HOUR_NY,16,CONTINUATION,1,1.0,1
LAST_TRADE,8,5000,HOUR_NY,16,REVERSAL,0,0.0,1
LAST_TRADE,8,5000,HOUR_NY,16,NO_EXPANSION,0,0.0,1
LAST_TRADE,8,5000,HOUR_NY,16,AMBIGUOUS,0,0.0,1
LAST_TRADE,8,5000,HOUR_NY,9,CONTINUATION,12,0.5714285714285714,21
LAST_TRADE,8,5000,HOUR_NY,9,REVERSAL,9,0.42857142857142855,21
LAST_TRADE,8,5000,HOUR_NY,9,NO_EXPANSION,0,0.0,21
LAST_TRADE,8,5000,HOUR_NY,9,AMBIGUOUS,0,0.0,21
LAST_TRADE,8,10000,ALL,ALL,CONTINUATION,54,0.5094339622641509,106
LAST_TRADE,8,10000,ALL,ALL,REVERSAL,46,0.4339622641509434,106
LAST_TRADE,8,10000,ALL,ALL,NO_EXPANSION,5,0.04716981132075472,106
LAST_TRADE,8,10000,ALL,ALL,AMBIGUOUS,1,0.009433962264150943,106
LAST_TRADE,8,10000,SIDE,BUY,CONTINUATION,33,0.5238095238095238,63
LAST_TRADE,8,10000,SIDE,BUY,REVERSAL,25,0.3968253968253968,63
LAST_TRADE,8,10000,SIDE,BUY,NO_EXPANSION,4,0.06349206349206349,63
LAST_TRADE,8,10000,SIDE,BUY,AMBIGUOUS,1,0.015873015873015872,63
LAST_TRADE,8,10000,SIDE,SELL,CONTINUATION,21,0.4883720930232558,43
LAST_TRADE,8,10000,SIDE,SELL,REVERSAL,21,0.4883720930232558,43
LAST_TRADE,8,10000,SIDE,SELL,NO_EXPANSION,1,0.023255813953488372,43
LAST_TRADE,8,10000,SIDE,SELL,AMBIGUOUS,0,0.0,43
LAST_TRADE,8,10000,SESSION,2022-08-01,CONTINUATION,11,0.4583333333333333,24
LAST_TRADE,8,10000,SESSION,2022-08-01,REVERSAL,13,0.5416666666666666,24
LAST_TRADE,8,10000,SESSION,2022-08-01,NO_EXPANSION,0,0.0,24
LAST_TRADE,8,10000,SESSION,2022-08-01,AMBIGUOUS,0,0.0,24
LAST_TRADE,8,10000,SESSION,2022-08-02,CONTINUATION,16,0.5333333333333333,30
LAST_TRADE,8,10000,SESSION,2022-08-02,REVERSAL,13,0.43333333333333335,30
LAST_TRADE,8,10000,SESSION,2022-08-02,NO_EXPANSION,0,0.0,30
LAST_TRADE,8,10000,SESSION,2022-08-02,AMBIGUOUS,1,0.03333333333333333,30
LAST_TRADE,8,10000,SESSION,2022-08-03,CONTINUATION,15,0.5769230769230769,26
LAST_TRADE,8,10000,SESSION,2022-08-03,REVERSAL,8,0.3076923076923077,26
LAST_TRADE,8,10000,SESSION,2022-08-03,NO_EXPANSION,3,0.11538461538461539,26
LAST_TRADE,8,10000,SESSION,2022-08-03,AMBIGUOUS,0,0.0,26
LAST_TRADE,8,10000,SESSION,2022-08-04,CONTINUATION,5,0.4166666666666667,12
LAST_TRADE,8,10000,SESSION,2022-08-04,REVERSAL,5,0.4166666666666667,12
LAST_TRADE,8,10000,SESSION,2022-08-04,NO_EXPANSION,2,0.16666666666666666,12
LAST_TRADE,8,10000,SESSION,2022-08-04,AMBIGUOUS,0,0.0,12
LAST_TRADE,8,10000,SESSION,2022-08-05,CONTINUATION,7,0.5,14
LAST_TRADE,8,10000,SESSION,2022-08-05,REVERSAL,7,0.5,14
LAST_TRADE,8,10000,SESSION,2022-08-05,NO_EXPANSION,0,0.0,14
LAST_TRADE,8,10000,SESSION,2022-08-05,AMBIGUOUS,0,0.0,14
LAST_TRADE,8,10000,MONTH,2022-08,CONTINUATION,54,0.5094339622641509,106
LAST_TRADE,8,10000,MONTH,2022-08,REVERSAL,46,0.4339622641509434,106
LAST_TRADE,8,10000,MONTH,2022-08,NO_EXPANSION,5,0.04716981132075472,106
LAST_TRADE,8,10000,MONTH,2022-08,AMBIGUOUS,1,0.009433962264150943,106
LAST_TRADE,8,10000,YEAR,2022,CONTINUATION,54,0.5094339622641509,106
LAST_TRADE,8,10000,YEAR,2022,REVERSAL,46,0.4339622641509434,106
LAST_TRADE,8,10000,YEAR,2022,NO_EXPANSION,5,0.04716981132075472,106
LAST_TRADE,8,10000,YEAR,2022,AMBIGUOUS,1,0.009433962264150943,106
LAST_TRADE,8,10000,HOUR_NY,10,CONTINUATION,13,0.4482758620689655,29
LAST_TRADE,8,10000,HOUR_NY,10,REVERSAL,15,0.5172413793103449,29
LAST_TRADE,8,10000,HOUR_NY,10,NO_EXPANSION,0,0.0,29
LAST_TRADE,8,10000,HOUR_NY,10,AMBIGUOUS,1,0.034482758620689655,29
LAST_TRADE,8,10000,HOUR_NY,11,CONTINUATION,9,0.47368421052631576,19
LAST_TRADE,8,10000,HOUR_NY,11,REVERSAL,10,0.5263157894736842,19
LAST_TRADE,8,10000,HOUR_NY,11,NO_EXPANSION,0,0.0,19
LAST_TRADE,8,10000,HOUR_NY,11,AMBIGUOUS,0,0.0,19
LAST_TRADE,8,10000,HOUR_NY,12,CONTINUATION,5,0.5555555555555556,9
LAST_TRADE,8,10000,HOUR_NY,12,REVERSAL,4,0.4444444444444444,9
LAST_TRADE,8,10000,HOUR_NY,12,NO_EXPANSION,0,0.0,9
LAST_TRADE,8,10000,HOUR_NY,12,AMBIGUOUS,0,0.0,9
LAST_TRADE,8,10000,HOUR_NY,13,CONTINUATION,4,0.6666666666666666,6
LAST_TRADE,8,10000,HOUR_NY,13,REVERSAL,2,0.3333333333333333,6
LAST_TRADE,8,10000,HOUR_NY,13,NO_EXPANSION,0,0.0,6
LAST_TRADE,8,10000,HOUR_NY,13,AMBIGUOUS,0,0.0,6
LAST_TRADE,8,10000,HOUR_NY,14,CONTINUATION,5,0.45454545454545453,11
LAST_TRADE,8,10000,HOUR_NY,14,REVERSAL,3,0.2727272727272727,11
LAST_TRADE,8,10000,HOUR_NY,14,NO_EXPANSION,3,0.2727272727272727,11
LAST_TRADE,8,10000,HOUR_NY,14,AMBIGUOUS,0,0.0,11
LAST_TRADE,8,10000,HOUR_NY,15,CONTINUATION,5,0.5,10
LAST_TRADE,8,10000,HOUR_NY,15,REVERSAL,3,0.3,10
LAST_TRADE,8,10000,HOUR_NY,15,NO_EXPANSION,2,0.2,10
LAST_TRADE,8,10000,HOUR_NY,15,AMBIGUOUS,0,0.0,10
LAST_TRADE,8,10000,HOUR_NY,16,CONTINUATION,1,1.0,1
LAST_TRADE,8,10000,HOUR_NY,16,REVERSAL,0,0.0,1
LAST_TRADE,8,10000,HOUR_NY,16,NO_EXPANSION,0,0.0,1
LAST_TRADE,8,10000,HOUR_NY,16,AMBIGUOUS,0,0.0,1
LAST_TRADE,8,10000,HOUR_NY,9,CONTINUATION,12,0.5714285714285714,21
LAST_TRADE,8,10000,HOUR_NY,9,REVERSAL,9,0.42857142857142855,21
LAST_TRADE,8,10000,HOUR_NY,9,NO_EXPANSION,0,0.0,21
LAST_TRADE,8,10000,HOUR_NY,9,AMBIGUOUS,0,0.0,21
LAST_TRADE,12,500,ALL,ALL,CONTINUATION,5,0.04716981132075472,106
LAST_TRADE,12,500,ALL,ALL,REVERSAL,4,0.03773584905660377,106
LAST_TRADE,12,500,ALL,ALL,NO_EXPANSION,97,0.9150943396226415,106
LAST_TRADE,12,500,ALL,ALL,AMBIGUOUS,0,0.0,106
LAST_TRADE,12,500,SIDE,BUY,CONTINUATION,3,0.047619047619047616,63
LAST_TRADE,12,500,SIDE,BUY,REVERSAL,4,0.06349206349206349,63
LAST_TRADE,12,500,SIDE,BUY,NO_EXPANSION,56,0.8888888888888888,63
LAST_TRADE,12,500,SIDE,BUY,AMBIGUOUS,0,0.0,63
LAST_TRADE,12,500,SIDE,SELL,CONTINUATION,2,0.046511627906976744,43
LAST_TRADE,12,500,SIDE,SELL,REVERSAL,0,0.0,43
LAST_TRADE,12,500,SIDE,SELL,NO_EXPANSION,41,0.9534883720930233,43
LAST_TRADE,12,500,SIDE,SELL,AMBIGUOUS,0,0.0,43
LAST_TRADE,12,500,SESSION,2022-08-01,CONTINUATION,1,0.041666666666666664,24
LAST_TRADE,12,500,SESSION,2022-08-01,REVERSAL,0,0.0,24
LAST_TRADE,12,500,SESSION,2022-08-01,NO_EXPANSION,23,0.9583333333333334,24
LAST_TRADE,12,500,SESSION,2022-08-01,AMBIGUOUS,0,0.0,24
LAST_TRADE,12,500,SESSION,2022-08-02,CONTINUATION,2,0.06666666666666667,30
LAST_TRADE,12,500,SESSION,2022-08-02,REVERSAL,2,0.06666666666666667,30
LAST_TRADE,12,500,SESSION,2022-08-02,NO_EXPANSION,26,0.8666666666666667,30
LAST_TRADE,12,500,SESSION,2022-08-02,AMBIGUOUS,0,0.0,30
LAST_TRADE,12,500,SESSION,2022-08-03,CONTINUATION,1,0.038461538461538464,26
LAST_TRADE,12,500,SESSION,2022-08-03,REVERSAL,1,0.038461538461538464,26
LAST_TRADE,12,500,SESSION,2022-08-03,NO_EXPANSION,24,0.9230769230769231,26
LAST_TRADE,12,500,SESSION,2022-08-03,AMBIGUOUS,0,0.0,26
LAST_TRADE,12,500,SESSION,2022-08-04,CONTINUATION,1,0.08333333333333333,12
LAST_TRADE,12,500,SESSION,2022-08-04,REVERSAL,1,0.08333333333333333,12
LAST_TRADE,12,500,SESSION,2022-08-04,NO_EXPANSION,10,0.8333333333333334,12
LAST_TRADE,12,500,SESSION,2022-08-04,AMBIGUOUS,0,0.0,12
LAST_TRADE,12,500,SESSION,2022-08-05,CONTINUATION,0,0.0,14
LAST_TRADE,12,500,SESSION,2022-08-05,REVERSAL,0,0.0,14
LAST_TRADE,12,500,SESSION,2022-08-05,NO_EXPANSION,14,1.0,14
LAST_TRADE,12,500,SESSION,2022-08-05,AMBIGUOUS,0,0.0,14
LAST_TRADE,12,500,MONTH,2022-08,CONTINUATION,5,0.04716981132075472,106
LAST_TRADE,12,500,MONTH,2022-08,REVERSAL,4,0.03773584905660377,106
LAST_TRADE,12,500,MONTH,2022-08,NO_EXPANSION,97,0.9150943396226415,106
LAST_TRADE,12,500,MONTH,2022-08,AMBIGUOUS,0,0.0,106
LAST_TRADE,12,500,YEAR,2022,CONTINUATION,5,0.04716981132075472,106
LAST_TRADE,12,500,YEAR,2022,REVERSAL,4,0.03773584905660377,106
LAST_TRADE,12,500,YEAR,2022,NO_EXPANSION,97,0.9150943396226415,106
LAST_TRADE,12,500,YEAR,2022,AMBIGUOUS,0,0.0,106
LAST_TRADE,12,500,HOUR_NY,10,CONTINUATION,2,0.06896551724137931,29
LAST_TRADE,12,500,HOUR_NY,10,REVERSAL,2,0.06896551724137931,29
LAST_TRADE,12,500,HOUR_NY,10,NO_EXPANSION,25,0.8620689655172413,29
LAST_TRADE,12,500,HOUR_NY,10,AMBIGUOUS,0,0.0,29
LAST_TRADE,12,500,HOUR_NY,11,CONTINUATION,1,0.05263157894736842,19
LAST_TRADE,12,500,HOUR_NY,11,REVERSAL,0,0.0,19
LAST_TRADE,12,500,HOUR_NY,11,NO_EXPANSION,18,0.9473684210526315,19
LAST_TRADE,12,500,HOUR_NY,11,AMBIGUOUS,0,0.0,19
LAST_TRADE,12,500,HOUR_NY,12,CONTINUATION,0,0.0,9
LAST_TRADE,12,500,HOUR_NY,12,REVERSAL,1,0.1111111111111111,9
LAST_TRADE,12,500,HOUR_NY,12,NO_EXPANSION,8,0.8888888888888888,9
LAST_TRADE,12,500,HOUR_NY,12,AMBIGUOUS,0,0.0,9
LAST_TRADE,12,500,HOUR_NY,13,CONTINUATION,0,0.0,6
LAST_TRADE,12,500,HOUR_NY,13,REVERSAL,0,0.0,6
LAST_TRADE,12,500,HOUR_NY,13,NO_EXPANSION,6,1.0,6
LAST_TRADE,12,500,HOUR_NY,13,AMBIGUOUS,0,0.0,6
LAST_TRADE,12,500,HOUR_NY,14,CONTINUATION,1,0.09090909090909091,11
LAST_TRADE,12,500,HOUR_NY,14,REVERSAL,0,0.0,11
LAST_TRADE,12,500,HOUR_NY,14,NO_EXPANSION,10,0.9090909090909091,11
LAST_TRADE,12,500,HOUR_NY,14,AMBIGUOUS,0,0.0,11
LAST_TRADE,12,500,HOUR_NY,15,CONTINUATION,0,0.0,10
LAST_TRADE,12,500,HOUR_NY,15,REVERSAL,1,0.1,10
LAST_TRADE,12,500,HOUR_NY,15,NO_EXPANSION,9,0.9,10
LAST_TRADE,12,500,HOUR_NY,15,AMBIGUOUS,0,0.0,10
LAST_TRADE,12,500,HOUR_NY,16,CONTINUATION,0,0.0,1
LAST_TRADE,12,500,HOUR_NY,16,REVERSAL,0,0.0,1
LAST_TRADE,12,500,HOUR_NY,16,NO_EXPANSION,1,1.0,1
LAST_TRADE,12,500,HOUR_NY,16,AMBIGUOUS,0,0.0,1
LAST_TRADE,12,500,HOUR_NY,9,CONTINUATION,1,0.047619047619047616,21
LAST_TRADE,12,500,HOUR_NY,9,REVERSAL,0,0.0,21
LAST_TRADE,12,500,HOUR_NY,9,NO_EXPANSION,20,0.9523809523809523,21
LAST_TRADE,12,500,HOUR_NY,9,AMBIGUOUS,0,0.0,21
LAST_TRADE,12,1000,ALL,ALL,CONTINUATION,10,0.09433962264150944,106
LAST_TRADE,12,1000,ALL,ALL,REVERSAL,10,0.09433962264150944,106
LAST_TRADE,12,1000,ALL,ALL,NO_EXPANSION,86,0.8113207547169812,106
LAST_TRADE,12,1000,ALL,ALL,AMBIGUOUS,0,0.0,106
LAST_TRADE,12,1000,SIDE,BUY,CONTINUATION,5,0.07936507936507936,63
LAST_TRADE,12,1000,SIDE,BUY,REVERSAL,5,0.07936507936507936,63
LAST_TRADE,12,1000,SIDE,BUY,NO_EXPANSION,53,0.8412698412698413,63
LAST_TRADE,12,1000,SIDE,BUY,AMBIGUOUS,0,0.0,63
LAST_TRADE,12,1000,SIDE,SELL,CONTINUATION,5,0.11627906976744186,43
LAST_TRADE,12,1000,SIDE,SELL,REVERSAL,5,0.11627906976744186,43
LAST_TRADE,12,1000,SIDE,SELL,NO_EXPANSION,33,0.7674418604651163,43
LAST_TRADE,12,1000,SIDE,SELL,AMBIGUOUS,0,0.0,43
LAST_TRADE,12,1000,SESSION,2022-08-01,CONTINUATION,1,0.041666666666666664,24
LAST_TRADE,12,1000,SESSION,2022-08-01,REVERSAL,2,0.08333333333333333,24
LAST_TRADE,12,1000,SESSION,2022-08-01,NO_EXPANSION,21,0.875,24
LAST_TRADE,12,1000,SESSION,2022-08-01,AMBIGUOUS,0,0.0,24
LAST_TRADE,12,1000,SESSION,2022-08-02,CONTINUATION,6,0.2,30
LAST_TRADE,12,1000,SESSION,2022-08-02,REVERSAL,6,0.2,30
LAST_TRADE,12,1000,SESSION,2022-08-02,NO_EXPANSION,18,0.6,30
LAST_TRADE,12,1000,SESSION,2022-08-02,AMBIGUOUS,0,0.0,30
LAST_TRADE,12,1000,SESSION,2022-08-03,CONTINUATION,2,0.07692307692307693,26
LAST_TRADE,12,1000,SESSION,2022-08-03,REVERSAL,1,0.038461538461538464,26
LAST_TRADE,12,1000,SESSION,2022-08-03,NO_EXPANSION,23,0.8846153846153846,26
LAST_TRADE,12,1000,SESSION,2022-08-03,AMBIGUOUS,0,0.0,26
LAST_TRADE,12,1000,SESSION,2022-08-04,CONTINUATION,1,0.08333333333333333,12
LAST_TRADE,12,1000,SESSION,2022-08-04,REVERSAL,1,0.08333333333333333,12
LAST_TRADE,12,1000,SESSION,2022-08-04,NO_EXPANSION,10,0.8333333333333334,12
LAST_TRADE,12,1000,SESSION,2022-08-04,AMBIGUOUS,0,0.0,12
LAST_TRADE,12,1000,SESSION,2022-08-05,CONTINUATION,0,0.0,14
LAST_TRADE,12,1000,SESSION,2022-08-05,REVERSAL,0,0.0,14
LAST_TRADE,12,1000,SESSION,2022-08-05,NO_EXPANSION,14,1.0,14
LAST_TRADE,12,1000,SESSION,2022-08-05,AMBIGUOUS,0,0.0,14
LAST_TRADE,12,1000,MONTH,2022-08,CONTINUATION,10,0.09433962264150944,106
LAST_TRADE,12,1000,MONTH,2022-08,REVERSAL,10,0.09433962264150944,106
LAST_TRADE,12,1000,MONTH,2022-08,NO_EXPANSION,86,0.8113207547169812,106
LAST_TRADE,12,1000,MONTH,2022-08,AMBIGUOUS,0,0.0,106
LAST_TRADE,12,1000,YEAR,2022,CONTINUATION,10,0.09433962264150944,106
LAST_TRADE,12,1000,YEAR,2022,REVERSAL,10,0.09433962264150944,106
LAST_TRADE,12,1000,YEAR,2022,NO_EXPANSION,86,0.8113207547169812,106
LAST_TRADE,12,1000,YEAR,2022,AMBIGUOUS,0,0.0,106
LAST_TRADE,12,1000,HOUR_NY,10,CONTINUATION,4,0.13793103448275862,29
LAST_TRADE,12,1000,HOUR_NY,10,REVERSAL,6,0.20689655172413793,29
LAST_TRADE,12,1000,HOUR_NY,10,NO_EXPANSION,19,0.6551724137931034,29
LAST_TRADE,12,1000,HOUR_NY,10,AMBIGUOUS,0,0.0,29
LAST_TRADE,12,1000,HOUR_NY,11,CONTINUATION,1,0.05263157894736842,19
LAST_TRADE,12,1000,HOUR_NY,11,REVERSAL,0,0.0,19
LAST_TRADE,12,1000,HOUR_NY,11,NO_EXPANSION,18,0.9473684210526315,19
LAST_TRADE,12,1000,HOUR_NY,11,AMBIGUOUS,0,0.0,19
LAST_TRADE,12,1000,HOUR_NY,12,CONTINUATION,0,0.0,9
LAST_TRADE,12,1000,HOUR_NY,12,REVERSAL,1,0.1111111111111111,9
LAST_TRADE,12,1000,HOUR_NY,12,NO_EXPANSION,8,0.8888888888888888,9
LAST_TRADE,12,1000,HOUR_NY,12,AMBIGUOUS,0,0.0,9
LAST_TRADE,12,1000,HOUR_NY,13,CONTINUATION,0,0.0,6
LAST_TRADE,12,1000,HOUR_NY,13,REVERSAL,1,0.16666666666666666,6
LAST_TRADE,12,1000,HOUR_NY,13,NO_EXPANSION,5,0.8333333333333334,6
LAST_TRADE,12,1000,HOUR_NY,13,AMBIGUOUS,0,0.0,6
LAST_TRADE,12,1000,HOUR_NY,14,CONTINUATION,1,0.09090909090909091,11
LAST_TRADE,12,1000,HOUR_NY,14,REVERSAL,0,0.0,11
LAST_TRADE,12,1000,HOUR_NY,14,NO_EXPANSION,10,0.9090909090909091,11
LAST_TRADE,12,1000,HOUR_NY,14,AMBIGUOUS,0,0.0,11
LAST_TRADE,12,1000,HOUR_NY,15,CONTINUATION,0,0.0,10
LAST_TRADE,12,1000,HOUR_NY,15,REVERSAL,1,0.1,10
LAST_TRADE,12,1000,HOUR_NY,15,NO_EXPANSION,9,0.9,10
LAST_TRADE,12,1000,HOUR_NY,15,AMBIGUOUS,0,0.0,10
LAST_TRADE,12,1000,HOUR_NY,16,CONTINUATION,1,1.0,1
LAST_TRADE,12,1000,HOUR_NY,16,REVERSAL,0,0.0,1
LAST_TRADE,12,1000,HOUR_NY,16,NO_EXPANSION,0,0.0,1
LAST_TRADE,12,1000,HOUR_NY,16,AMBIGUOUS,0,0.0,1
LAST_TRADE,12,1000,HOUR_NY,9,CONTINUATION,3,0.14285714285714285,21
LAST_TRADE,12,1000,HOUR_NY,9,REVERSAL,1,0.047619047619047616,21
LAST_TRADE,12,1000,HOUR_NY,9,NO_EXPANSION,17,0.8095238095238095,21
LAST_TRADE,12,1000,HOUR_NY,9,AMBIGUOUS,0,0.0,21
LAST_TRADE,12,2000,ALL,ALL,CONTINUATION,20,0.18867924528301888,106
LAST_TRADE,12,2000,ALL,ALL,REVERSAL,13,0.12264150943396226,106
LAST_TRADE,12,2000,ALL,ALL,NO_EXPANSION,73,0.6886792452830188,106
LAST_TRADE,12,2000,ALL,ALL,AMBIGUOUS,0,0.0,106
LAST_TRADE,12,2000,SIDE,BUY,CONTINUATION,12,0.19047619047619047,63
LAST_TRADE,12,2000,SIDE,BUY,REVERSAL,6,0.09523809523809523,63
LAST_TRADE,12,2000,SIDE,BUY,NO_EXPANSION,45,0.7142857142857143,63
LAST_TRADE,12,2000,SIDE,BUY,AMBIGUOUS,0,0.0,63
LAST_TRADE,12,2000,SIDE,SELL,CONTINUATION,8,0.18604651162790697,43
LAST_TRADE,12,2000,SIDE,SELL,REVERSAL,7,0.16279069767441862,43
LAST_TRADE,12,2000,SIDE,SELL,NO_EXPANSION,28,0.6511627906976745,43
LAST_TRADE,12,2000,SIDE,SELL,AMBIGUOUS,0,0.0,43
LAST_TRADE,12,2000,SESSION,2022-08-01,CONTINUATION,4,0.16666666666666666,24
LAST_TRADE,12,2000,SESSION,2022-08-01,REVERSAL,4,0.16666666666666666,24
LAST_TRADE,12,2000,SESSION,2022-08-01,NO_EXPANSION,16,0.6666666666666666,24
LAST_TRADE,12,2000,SESSION,2022-08-01,AMBIGUOUS,0,0.0,24
LAST_TRADE,12,2000,SESSION,2022-08-02,CONTINUATION,7,0.23333333333333334,30
LAST_TRADE,12,2000,SESSION,2022-08-02,REVERSAL,6,0.2,30
LAST_TRADE,12,2000,SESSION,2022-08-02,NO_EXPANSION,17,0.5666666666666667,30
LAST_TRADE,12,2000,SESSION,2022-08-02,AMBIGUOUS,0,0.0,30
LAST_TRADE,12,2000,SESSION,2022-08-03,CONTINUATION,5,0.19230769230769232,26
LAST_TRADE,12,2000,SESSION,2022-08-03,REVERSAL,1,0.038461538461538464,26
LAST_TRADE,12,2000,SESSION,2022-08-03,NO_EXPANSION,20,0.7692307692307693,26
LAST_TRADE,12,2000,SESSION,2022-08-03,AMBIGUOUS,0,0.0,26
LAST_TRADE,12,2000,SESSION,2022-08-04,CONTINUATION,1,0.08333333333333333,12
LAST_TRADE,12,2000,SESSION,2022-08-04,REVERSAL,2,0.16666666666666666,12
LAST_TRADE,12,2000,SESSION,2022-08-04,NO_EXPANSION,9,0.75,12
LAST_TRADE,12,2000,SESSION,2022-08-04,AMBIGUOUS,0,0.0,12
LAST_TRADE,12,2000,SESSION,2022-08-05,CONTINUATION,3,0.21428571428571427,14
LAST_TRADE,12,2000,SESSION,2022-08-05,REVERSAL,0,0.0,14
LAST_TRADE,12,2000,SESSION,2022-08-05,NO_EXPANSION,11,0.7857142857142857,14
LAST_TRADE,12,2000,SESSION,2022-08-05,AMBIGUOUS,0,0.0,14
LAST_TRADE,12,2000,MONTH,2022-08,CONTINUATION,20,0.18867924528301888,106
LAST_TRADE,12,2000,MONTH,2022-08,REVERSAL,13,0.12264150943396226,106
LAST_TRADE,12,2000,MONTH,2022-08,NO_EXPANSION,73,0.6886792452830188,106
LAST_TRADE,12,2000,MONTH,2022-08,AMBIGUOUS,0,0.0,106
LAST_TRADE,12,2000,YEAR,2022,CONTINUATION,20,0.18867924528301888,106
LAST_TRADE,12,2000,YEAR,2022,REVERSAL,13,0.12264150943396226,106
LAST_TRADE,12,2000,YEAR,2022,NO_EXPANSION,73,0.6886792452830188,106
LAST_TRADE,12,2000,YEAR,2022,AMBIGUOUS,0,0.0,106
LAST_TRADE,12,2000,HOUR_NY,10,CONTINUATION,5,0.1724137931034483,29
LAST_TRADE,12,2000,HOUR_NY,10,REVERSAL,7,0.2413793103448276,29
LAST_TRADE,12,2000,HOUR_NY,10,NO_EXPANSION,17,0.5862068965517241,29
LAST_TRADE,12,2000,HOUR_NY,10,AMBIGUOUS,0,0.0,29
LAST_TRADE,12,2000,HOUR_NY,11,CONTINUATION,3,0.15789473684210525,19
LAST_TRADE,12,2000,HOUR_NY,11,REVERSAL,0,0.0,19
LAST_TRADE,12,2000,HOUR_NY,11,NO_EXPANSION,16,0.8421052631578947,19
LAST_TRADE,12,2000,HOUR_NY,11,AMBIGUOUS,0,0.0,19
LAST_TRADE,12,2000,HOUR_NY,12,CONTINUATION,0,0.0,9
LAST_TRADE,12,2000,HOUR_NY,12,REVERSAL,1,0.1111111111111111,9
LAST_TRADE,12,2000,HOUR_NY,12,NO_EXPANSION,8,0.8888888888888888,9
LAST_TRADE,12,2000,HOUR_NY,12,AMBIGUOUS,0,0.0,9
LAST_TRADE,12,2000,HOUR_NY,13,CONTINUATION,0,0.0,6
LAST_TRADE,12,2000,HOUR_NY,13,REVERSAL,1,0.16666666666666666,6
LAST_TRADE,12,2000,HOUR_NY,13,NO_EXPANSION,5,0.8333333333333334,6
LAST_TRADE,12,2000,HOUR_NY,13,AMBIGUOUS,0,0.0,6
LAST_TRADE,12,2000,HOUR_NY,14,CONTINUATION,2,0.18181818181818182,11
LAST_TRADE,12,2000,HOUR_NY,14,REVERSAL,0,0.0,11
LAST_TRADE,12,2000,HOUR_NY,14,NO_EXPANSION,9,0.8181818181818182,11
LAST_TRADE,12,2000,HOUR_NY,14,AMBIGUOUS,0,0.0,11
LAST_TRADE,12,2000,HOUR_NY,15,CONTINUATION,1,0.1,10
LAST_TRADE,12,2000,HOUR_NY,15,REVERSAL,2,0.2,10
LAST_TRADE,12,2000,HOUR_NY,15,NO_EXPANSION,7,0.7,10
LAST_TRADE,12,2000,HOUR_NY,15,AMBIGUOUS,0,0.0,10
LAST_TRADE,12,2000,HOUR_NY,16,CONTINUATION,1,1.0,1
LAST_TRADE,12,2000,HOUR_NY,16,REVERSAL,0,0.0,1
LAST_TRADE,12,2000,HOUR_NY,16,NO_EXPANSION,0,0.0,1
LAST_TRADE,12,2000,HOUR_NY,16,AMBIGUOUS,0,0.0,1
LAST_TRADE,12,2000,HOUR_NY,9,CONTINUATION,8,0.38095238095238093,21
LAST_TRADE,12,2000,HOUR_NY,9,REVERSAL,2,0.09523809523809523,21
LAST_TRADE,12,2000,HOUR_NY,9,NO_EXPANSION,11,0.5238095238095238,21
LAST_TRADE,12,2000,HOUR_NY,9,AMBIGUOUS,0,0.0,21
LAST_TRADE,12,5000,ALL,ALL,CONTINUATION,36,0.33962264150943394,106
LAST_TRADE,12,5000,ALL,ALL,REVERSAL,26,0.24528301886792453,106
LAST_TRADE,12,5000,ALL,ALL,NO_EXPANSION,44,0.41509433962264153,106
LAST_TRADE,12,5000,ALL,ALL,AMBIGUOUS,0,0.0,106
LAST_TRADE,12,5000,SIDE,BUY,CONTINUATION,25,0.3968253968253968,63
LAST_TRADE,12,5000,SIDE,BUY,REVERSAL,15,0.23809523809523808,63
LAST_TRADE,12,5000,SIDE,BUY,NO_EXPANSION,23,0.36507936507936506,63
LAST_TRADE,12,5000,SIDE,BUY,AMBIGUOUS,0,0.0,63
LAST_TRADE,12,5000,SIDE,SELL,CONTINUATION,11,0.2558139534883721,43
LAST_TRADE,12,5000,SIDE,SELL,REVERSAL,11,0.2558139534883721,43
LAST_TRADE,12,5000,SIDE,SELL,NO_EXPANSION,21,0.4883720930232558,43
LAST_TRADE,12,5000,SIDE,SELL,AMBIGUOUS,0,0.0,43
LAST_TRADE,12,5000,SESSION,2022-08-01,CONTINUATION,7,0.2916666666666667,24
LAST_TRADE,12,5000,SESSION,2022-08-01,REVERSAL,6,0.25,24
LAST_TRADE,12,5000,SESSION,2022-08-01,NO_EXPANSION,11,0.4583333333333333,24
LAST_TRADE,12,5000,SESSION,2022-08-01,AMBIGUOUS,0,0.0,24
LAST_TRADE,12,5000,SESSION,2022-08-02,CONTINUATION,13,0.43333333333333335,30
LAST_TRADE,12,5000,SESSION,2022-08-02,REVERSAL,11,0.36666666666666664,30
LAST_TRADE,12,5000,SESSION,2022-08-02,NO_EXPANSION,6,0.2,30
LAST_TRADE,12,5000,SESSION,2022-08-02,AMBIGUOUS,0,0.0,30
LAST_TRADE,12,5000,SESSION,2022-08-03,CONTINUATION,8,0.3076923076923077,26
LAST_TRADE,12,5000,SESSION,2022-08-03,REVERSAL,3,0.11538461538461539,26
LAST_TRADE,12,5000,SESSION,2022-08-03,NO_EXPANSION,15,0.5769230769230769,26
LAST_TRADE,12,5000,SESSION,2022-08-03,AMBIGUOUS,0,0.0,26
LAST_TRADE,12,5000,SESSION,2022-08-04,CONTINUATION,2,0.16666666666666666,12
LAST_TRADE,12,5000,SESSION,2022-08-04,REVERSAL,5,0.4166666666666667,12
LAST_TRADE,12,5000,SESSION,2022-08-04,NO_EXPANSION,5,0.4166666666666667,12
LAST_TRADE,12,5000,SESSION,2022-08-04,AMBIGUOUS,0,0.0,12
LAST_TRADE,12,5000,SESSION,2022-08-05,CONTINUATION,6,0.42857142857142855,14
LAST_TRADE,12,5000,SESSION,2022-08-05,REVERSAL,1,0.07142857142857142,14
LAST_TRADE,12,5000,SESSION,2022-08-05,NO_EXPANSION,7,0.5,14
LAST_TRADE,12,5000,SESSION,2022-08-05,AMBIGUOUS,0,0.0,14
LAST_TRADE,12,5000,MONTH,2022-08,CONTINUATION,36,0.33962264150943394,106
LAST_TRADE,12,5000,MONTH,2022-08,REVERSAL,26,0.24528301886792453,106
LAST_TRADE,12,5000,MONTH,2022-08,NO_EXPANSION,44,0.41509433962264153,106
LAST_TRADE,12,5000,MONTH,2022-08,AMBIGUOUS,0,0.0,106
LAST_TRADE,12,5000,YEAR,2022,CONTINUATION,36,0.33962264150943394,106
LAST_TRADE,12,5000,YEAR,2022,REVERSAL,26,0.24528301886792453,106
LAST_TRADE,12,5000,YEAR,2022,NO_EXPANSION,44,0.41509433962264153,106
LAST_TRADE,12,5000,YEAR,2022,AMBIGUOUS,0,0.0,106
LAST_TRADE,12,5000,HOUR_NY,10,CONTINUATION,9,0.3103448275862069,29
LAST_TRADE,12,5000,HOUR_NY,10,REVERSAL,12,0.41379310344827586,29
LAST_TRADE,12,5000,HOUR_NY,10,NO_EXPANSION,8,0.27586206896551724,29
LAST_TRADE,12,5000,HOUR_NY,10,AMBIGUOUS,0,0.0,29
LAST_TRADE,12,5000,HOUR_NY,11,CONTINUATION,4,0.21052631578947367,19
LAST_TRADE,12,5000,HOUR_NY,11,REVERSAL,0,0.0,19
LAST_TRADE,12,5000,HOUR_NY,11,NO_EXPANSION,15,0.7894736842105263,19
LAST_TRADE,12,5000,HOUR_NY,11,AMBIGUOUS,0,0.0,19
LAST_TRADE,12,5000,HOUR_NY,12,CONTINUATION,2,0.2222222222222222,9
LAST_TRADE,12,5000,HOUR_NY,12,REVERSAL,2,0.2222222222222222,9
LAST_TRADE,12,5000,HOUR_NY,12,NO_EXPANSION,5,0.5555555555555556,9
LAST_TRADE,12,5000,HOUR_NY,12,AMBIGUOUS,0,0.0,9
LAST_TRADE,12,5000,HOUR_NY,13,CONTINUATION,1,0.16666666666666666,6
LAST_TRADE,12,5000,HOUR_NY,13,REVERSAL,1,0.16666666666666666,6
LAST_TRADE,12,5000,HOUR_NY,13,NO_EXPANSION,4,0.6666666666666666,6
LAST_TRADE,12,5000,HOUR_NY,13,AMBIGUOUS,0,0.0,6
LAST_TRADE,12,5000,HOUR_NY,14,CONTINUATION,2,0.18181818181818182,11
LAST_TRADE,12,5000,HOUR_NY,14,REVERSAL,2,0.18181818181818182,11
LAST_TRADE,12,5000,HOUR_NY,14,NO_EXPANSION,7,0.6363636363636364,11
LAST_TRADE,12,5000,HOUR_NY,14,AMBIGUOUS,0,0.0,11
LAST_TRADE,12,5000,HOUR_NY,15,CONTINUATION,4,0.4,10
LAST_TRADE,12,5000,HOUR_NY,15,REVERSAL,2,0.2,10
LAST_TRADE,12,5000,HOUR_NY,15,NO_EXPANSION,4,0.4,10
LAST_TRADE,12,5000,HOUR_NY,15,AMBIGUOUS,0,0.0,10
LAST_TRADE,12,5000,HOUR_NY,16,CONTINUATION,1,1.0,1
LAST_TRADE,12,5000,HOUR_NY,16,REVERSAL,0,0.0,1
LAST_TRADE,12,5000,HOUR_NY,16,NO_EXPANSION,0,0.0,1
LAST_TRADE,12,5000,HOUR_NY,16,AMBIGUOUS,0,0.0,1
LAST_TRADE,12,5000,HOUR_NY,9,CONTINUATION,13,0.6190476190476191,21
LAST_TRADE,12,5000,HOUR_NY,9,REVERSAL,7,0.3333333333333333,21
LAST_TRADE,12,5000,HOUR_NY,9,NO_EXPANSION,1,0.047619047619047616,21
LAST_TRADE,12,5000,HOUR_NY,9,AMBIGUOUS,0,0.0,21
LAST_TRADE,12,10000,ALL,ALL,CONTINUATION,48,0.4528301886792453,106
LAST_TRADE,12,10000,ALL,ALL,REVERSAL,32,0.3018867924528302,106
LAST_TRADE,12,10000,ALL,ALL,NO_EXPANSION,26,0.24528301886792453,106
LAST_TRADE,12,10000,ALL,ALL,AMBIGUOUS,0,0.0,106
LAST_TRADE,12,10000,SIDE,BUY,CONTINUATION,31,0.49206349206349204,63
LAST_TRADE,12,10000,SIDE,BUY,REVERSAL,17,0.2698412698412698,63
LAST_TRADE,12,10000,SIDE,BUY,NO_EXPANSION,15,0.23809523809523808,63
LAST_TRADE,12,10000,SIDE,BUY,AMBIGUOUS,0,0.0,63
LAST_TRADE,12,10000,SIDE,SELL,CONTINUATION,17,0.3953488372093023,43
LAST_TRADE,12,10000,SIDE,SELL,REVERSAL,15,0.3488372093023256,43
LAST_TRADE,12,10000,SIDE,SELL,NO_EXPANSION,11,0.2558139534883721,43
LAST_TRADE,12,10000,SIDE,SELL,AMBIGUOUS,0,0.0,43
LAST_TRADE,12,10000,SESSION,2022-08-01,CONTINUATION,9,0.375,24
LAST_TRADE,12,10000,SESSION,2022-08-01,REVERSAL,9,0.375,24
LAST_TRADE,12,10000,SESSION,2022-08-01,NO_EXPANSION,6,0.25,24
LAST_TRADE,12,10000,SESSION,2022-08-01,AMBIGUOUS,0,0.0,24
LAST_TRADE,12,10000,SESSION,2022-08-02,CONTINUATION,14,0.4666666666666667,30
LAST_TRADE,12,10000,SESSION,2022-08-02,REVERSAL,12,0.4,30
LAST_TRADE,12,10000,SESSION,2022-08-02,NO_EXPANSION,4,0.13333333333333333,30
LAST_TRADE,12,10000,SESSION,2022-08-02,AMBIGUOUS,0,0.0,30
LAST_TRADE,12,10000,SESSION,2022-08-03,CONTINUATION,12,0.46153846153846156,26
LAST_TRADE,12,10000,SESSION,2022-08-03,REVERSAL,3,0.11538461538461539,26
LAST_TRADE,12,10000,SESSION,2022-08-03,NO_EXPANSION,11,0.4230769230769231,26
LAST_TRADE,12,10000,SESSION,2022-08-03,AMBIGUOUS,0,0.0,26
LAST_TRADE,12,10000,SESSION,2022-08-04,CONTINUATION,4,0.3333333333333333,12
LAST_TRADE,12,10000,SESSION,2022-08-04,REVERSAL,5,0.4166666666666667,12
LAST_TRADE,12,10000,SESSION,2022-08-04,NO_EXPANSION,3,0.25,12
LAST_TRADE,12,10000,SESSION,2022-08-04,AMBIGUOUS,0,0.0,12
LAST_TRADE,12,10000,SESSION,2022-08-05,CONTINUATION,9,0.6428571428571429,14
LAST_TRADE,12,10000,SESSION,2022-08-05,REVERSAL,3,0.21428571428571427,14
LAST_TRADE,12,10000,SESSION,2022-08-05,NO_EXPANSION,2,0.14285714285714285,14
LAST_TRADE,12,10000,SESSION,2022-08-05,AMBIGUOUS,0,0.0,14
LAST_TRADE,12,10000,MONTH,2022-08,CONTINUATION,48,0.4528301886792453,106
LAST_TRADE,12,10000,MONTH,2022-08,REVERSAL,32,0.3018867924528302,106
LAST_TRADE,12,10000,MONTH,2022-08,NO_EXPANSION,26,0.24528301886792453,106
LAST_TRADE,12,10000,MONTH,2022-08,AMBIGUOUS,0,0.0,106
LAST_TRADE,12,10000,YEAR,2022,CONTINUATION,48,0.4528301886792453,106
LAST_TRADE,12,10000,YEAR,2022,REVERSAL,32,0.3018867924528302,106
LAST_TRADE,12,10000,YEAR,2022,NO_EXPANSION,26,0.24528301886792453,106
LAST_TRADE,12,10000,YEAR,2022,AMBIGUOUS,0,0.0,106
LAST_TRADE,12,10000,HOUR_NY,10,CONTINUATION,14,0.4827586206896552,29
LAST_TRADE,12,10000,HOUR_NY,10,REVERSAL,14,0.4827586206896552,29
LAST_TRADE,12,10000,HOUR_NY,10,NO_EXPANSION,1,0.034482758620689655,29
LAST_TRADE,12,10000,HOUR_NY,10,AMBIGUOUS,0,0.0,29
LAST_TRADE,12,10000,HOUR_NY,11,CONTINUATION,7,0.3684210526315789,19
LAST_TRADE,12,10000,HOUR_NY,11,REVERSAL,2,0.10526315789473684,19
LAST_TRADE,12,10000,HOUR_NY,11,NO_EXPANSION,10,0.5263157894736842,19
LAST_TRADE,12,10000,HOUR_NY,11,AMBIGUOUS,0,0.0,19
LAST_TRADE,12,10000,HOUR_NY,12,CONTINUATION,4,0.4444444444444444,9
LAST_TRADE,12,10000,HOUR_NY,12,REVERSAL,3,0.3333333333333333,9
LAST_TRADE,12,10000,HOUR_NY,12,NO_EXPANSION,2,0.2222222222222222,9
LAST_TRADE,12,10000,HOUR_NY,12,AMBIGUOUS,0,0.0,9
LAST_TRADE,12,10000,HOUR_NY,13,CONTINUATION,3,0.5,6
LAST_TRADE,12,10000,HOUR_NY,13,REVERSAL,1,0.16666666666666666,6
LAST_TRADE,12,10000,HOUR_NY,13,NO_EXPANSION,2,0.3333333333333333,6
LAST_TRADE,12,10000,HOUR_NY,13,AMBIGUOUS,0,0.0,6
LAST_TRADE,12,10000,HOUR_NY,14,CONTINUATION,2,0.18181818181818182,11
LAST_TRADE,12,10000,HOUR_NY,14,REVERSAL,2,0.18181818181818182,11
LAST_TRADE,12,10000,HOUR_NY,14,NO_EXPANSION,7,0.6363636363636364,11
LAST_TRADE,12,10000,HOUR_NY,14,AMBIGUOUS,0,0.0,11
LAST_TRADE,12,10000,HOUR_NY,15,CONTINUATION,4,0.4,10
LAST_TRADE,12,10000,HOUR_NY,15,REVERSAL,3,0.3,10
LAST_TRADE,12,10000,HOUR_NY,15,NO_EXPANSION,3,0.3,10
LAST_TRADE,12,10000,HOUR_NY,15,AMBIGUOUS,0,0.0,10
LAST_TRADE,12,10000,HOUR_NY,16,CONTINUATION,1,1.0,1
LAST_TRADE,12,10000,HOUR_NY,16,REVERSAL,0,0.0,1
LAST_TRADE,12,10000,HOUR_NY,16,NO_EXPANSION,0,0.0,1
LAST_TRADE,12,10000,HOUR_NY,16,AMBIGUOUS,0,0.0,1
LAST_TRADE,12,10000,HOUR_NY,9,CONTINUATION,13,0.6190476190476191,21
LAST_TRADE,12,10000,HOUR_NY,9,REVERSAL,7,0.3333333333333333,21
LAST_TRADE,12,10000,HOUR_NY,9,NO_EXPANSION,1,0.047619047619047616,21
LAST_TRADE,12,10000,HOUR_NY,9,AMBIGUOUS,0,0.0,21
LAST_TRADE,16,500,ALL,ALL,CONTINUATION,2,0.018867924528301886,106
LAST_TRADE,16,500,ALL,ALL,REVERSAL,2,0.018867924528301886,106
LAST_TRADE,16,500,ALL,ALL,NO_EXPANSION,102,0.9622641509433962,106
LAST_TRADE,16,500,ALL,ALL,AMBIGUOUS,0,0.0,106
LAST_TRADE,16,500,SIDE,BUY,CONTINUATION,2,0.031746031746031744,63
LAST_TRADE,16,500,SIDE,BUY,REVERSAL,2,0.031746031746031744,63
LAST_TRADE,16,500,SIDE,BUY,NO_EXPANSION,59,0.9365079365079365,63
LAST_TRADE,16,500,SIDE,BUY,AMBIGUOUS,0,0.0,63
LAST_TRADE,16,500,SIDE,SELL,CONTINUATION,0,0.0,43
LAST_TRADE,16,500,SIDE,SELL,REVERSAL,0,0.0,43
LAST_TRADE,16,500,SIDE,SELL,NO_EXPANSION,43,1.0,43
LAST_TRADE,16,500,SIDE,SELL,AMBIGUOUS,0,0.0,43
LAST_TRADE,16,500,SESSION,2022-08-01,CONTINUATION,0,0.0,24
LAST_TRADE,16,500,SESSION,2022-08-01,REVERSAL,0,0.0,24
LAST_TRADE,16,500,SESSION,2022-08-01,NO_EXPANSION,24,1.0,24
LAST_TRADE,16,500,SESSION,2022-08-01,AMBIGUOUS,0,0.0,24
LAST_TRADE,16,500,SESSION,2022-08-02,CONTINUATION,1,0.03333333333333333,30
LAST_TRADE,16,500,SESSION,2022-08-02,REVERSAL,1,0.03333333333333333,30
LAST_TRADE,16,500,SESSION,2022-08-02,NO_EXPANSION,28,0.9333333333333333,30
LAST_TRADE,16,500,SESSION,2022-08-02,AMBIGUOUS,0,0.0,30
LAST_TRADE,16,500,SESSION,2022-08-03,CONTINUATION,0,0.0,26
LAST_TRADE,16,500,SESSION,2022-08-03,REVERSAL,1,0.038461538461538464,26
LAST_TRADE,16,500,SESSION,2022-08-03,NO_EXPANSION,25,0.9615384615384616,26
LAST_TRADE,16,500,SESSION,2022-08-03,AMBIGUOUS,0,0.0,26
LAST_TRADE,16,500,SESSION,2022-08-04,CONTINUATION,1,0.08333333333333333,12
LAST_TRADE,16,500,SESSION,2022-08-04,REVERSAL,0,0.0,12
LAST_TRADE,16,500,SESSION,2022-08-04,NO_EXPANSION,11,0.9166666666666666,12
LAST_TRADE,16,500,SESSION,2022-08-04,AMBIGUOUS,0,0.0,12
LAST_TRADE,16,500,SESSION,2022-08-05,CONTINUATION,0,0.0,14
LAST_TRADE,16,500,SESSION,2022-08-05,REVERSAL,0,0.0,14
LAST_TRADE,16,500,SESSION,2022-08-05,NO_EXPANSION,14,1.0,14
LAST_TRADE,16,500,SESSION,2022-08-05,AMBIGUOUS,0,0.0,14
LAST_TRADE,16,500,MONTH,2022-08,CONTINUATION,2,0.018867924528301886,106
LAST_TRADE,16,500,MONTH,2022-08,REVERSAL,2,0.018867924528301886,106
LAST_TRADE,16,500,MONTH,2022-08,NO_EXPANSION,102,0.9622641509433962,106
LAST_TRADE,16,500,MONTH,2022-08,AMBIGUOUS,0,0.0,106
LAST_TRADE,16,500,YEAR,2022,CONTINUATION,2,0.018867924528301886,106
LAST_TRADE,16,500,YEAR,2022,REVERSAL,2,0.018867924528301886,106
LAST_TRADE,16,500,YEAR,2022,NO_EXPANSION,102,0.9622641509433962,106
LAST_TRADE,16,500,YEAR,2022,AMBIGUOUS,0,0.0,106
LAST_TRADE,16,500,HOUR_NY,10,CONTINUATION,0,0.0,29
LAST_TRADE,16,500,HOUR_NY,10,REVERSAL,1,0.034482758620689655,29
LAST_TRADE,16,500,HOUR_NY,10,NO_EXPANSION,28,0.9655172413793104,29
LAST_TRADE,16,500,HOUR_NY,10,AMBIGUOUS,0,0.0,29
LAST_TRADE,16,500,HOUR_NY,11,CONTINUATION,1,0.05263157894736842,19
LAST_TRADE,16,500,HOUR_NY,11,REVERSAL,0,0.0,19
LAST_TRADE,16,500,HOUR_NY,11,NO_EXPANSION,18,0.9473684210526315,19
LAST_TRADE,16,500,HOUR_NY,11,AMBIGUOUS,0,0.0,19
LAST_TRADE,16,500,HOUR_NY,12,CONTINUATION,0,0.0,9
LAST_TRADE,16,500,HOUR_NY,12,REVERSAL,1,0.1111111111111111,9
LAST_TRADE,16,500,HOUR_NY,12,NO_EXPANSION,8,0.8888888888888888,9
LAST_TRADE,16,500,HOUR_NY,12,AMBIGUOUS,0,0.0,9
LAST_TRADE,16,500,HOUR_NY,13,CONTINUATION,0,0.0,6
LAST_TRADE,16,500,HOUR_NY,13,REVERSAL,0,0.0,6
LAST_TRADE,16,500,HOUR_NY,13,NO_EXPANSION,6,1.0,6
LAST_TRADE,16,500,HOUR_NY,13,AMBIGUOUS,0,0.0,6
LAST_TRADE,16,500,HOUR_NY,14,CONTINUATION,1,0.09090909090909091,11
LAST_TRADE,16,500,HOUR_NY,14,REVERSAL,0,0.0,11
LAST_TRADE,16,500,HOUR_NY,14,NO_EXPANSION,10,0.9090909090909091,11
LAST_TRADE,16,500,HOUR_NY,14,AMBIGUOUS,0,0.0,11
LAST_TRADE,16,500,HOUR_NY,15,CONTINUATION,0,0.0,10
LAST_TRADE,16,500,HOUR_NY,15,REVERSAL,0,0.0,10
LAST_TRADE,16,500,HOUR_NY,15,NO_EXPANSION,10,1.0,10
LAST_TRADE,16,500,HOUR_NY,15,AMBIGUOUS,0,0.0,10
LAST_TRADE,16,500,HOUR_NY,16,CONTINUATION,0,0.0,1
LAST_TRADE,16,500,HOUR_NY,16,REVERSAL,0,0.0,1
LAST_TRADE,16,500,HOUR_NY,16,NO_EXPANSION,1,1.0,1
LAST_TRADE,16,500,HOUR_NY,16,AMBIGUOUS,0,0.0,1
LAST_TRADE,16,500,HOUR_NY,9,CONTINUATION,0,0.0,21
LAST_TRADE,16,500,HOUR_NY,9,REVERSAL,0,0.0,21
LAST_TRADE,16,500,HOUR_NY,9,NO_EXPANSION,21,1.0,21
LAST_TRADE,16,500,HOUR_NY,9,AMBIGUOUS,0,0.0,21
LAST_TRADE,16,1000,ALL,ALL,CONTINUATION,5,0.04716981132075472,106
LAST_TRADE,16,1000,ALL,ALL,REVERSAL,3,0.02830188679245283,106
LAST_TRADE,16,1000,ALL,ALL,NO_EXPANSION,98,0.9245283018867925,106
LAST_TRADE,16,1000,ALL,ALL,AMBIGUOUS,0,0.0,106
LAST_TRADE,16,1000,SIDE,BUY,CONTINUATION,3,0.047619047619047616,63
LAST_TRADE,16,1000,SIDE,BUY,REVERSAL,2,0.031746031746031744,63
LAST_TRADE,16,1000,SIDE,BUY,NO_EXPANSION,58,0.9206349206349206,63
LAST_TRADE,16,1000,SIDE,BUY,AMBIGUOUS,0,0.0,63
LAST_TRADE,16,1000,SIDE,SELL,CONTINUATION,2,0.046511627906976744,43
LAST_TRADE,16,1000,SIDE,SELL,REVERSAL,1,0.023255813953488372,43
LAST_TRADE,16,1000,SIDE,SELL,NO_EXPANSION,40,0.9302325581395349,43
LAST_TRADE,16,1000,SIDE,SELL,AMBIGUOUS,0,0.0,43
LAST_TRADE,16,1000,SESSION,2022-08-01,CONTINUATION,1,0.041666666666666664,24
LAST_TRADE,16,1000,SESSION,2022-08-01,REVERSAL,0,0.0,24
LAST_TRADE,16,1000,SESSION,2022-08-01,NO_EXPANSION,23,0.9583333333333334,24
LAST_TRADE,16,1000,SESSION,2022-08-01,AMBIGUOUS,0,0.0,24
LAST_TRADE,16,1000,SESSION,2022-08-02,CONTINUATION,2,0.06666666666666667,30
LAST_TRADE,16,1000,SESSION,2022-08-02,REVERSAL,2,0.06666666666666667,30
LAST_TRADE,16,1000,SESSION,2022-08-02,NO_EXPANSION,26,0.8666666666666667,30
LAST_TRADE,16,1000,SESSION,2022-08-02,AMBIGUOUS,0,0.0,30
LAST_TRADE,16,1000,SESSION,2022-08-03,CONTINUATION,1,0.038461538461538464,26
LAST_TRADE,16,1000,SESSION,2022-08-03,REVERSAL,1,0.038461538461538464,26
LAST_TRADE,16,1000,SESSION,2022-08-03,NO_EXPANSION,24,0.9230769230769231,26
LAST_TRADE,16,1000,SESSION,2022-08-03,AMBIGUOUS,0,0.0,26
LAST_TRADE,16,1000,SESSION,2022-08-04,CONTINUATION,1,0.08333333333333333,12
LAST_TRADE,16,1000,SESSION,2022-08-04,REVERSAL,0,0.0,12
LAST_TRADE,16,1000,SESSION,2022-08-04,NO_EXPANSION,11,0.9166666666666666,12
LAST_TRADE,16,1000,SESSION,2022-08-04,AMBIGUOUS,0,0.0,12
LAST_TRADE,16,1000,SESSION,2022-08-05,CONTINUATION,0,0.0,14
LAST_TRADE,16,1000,SESSION,2022-08-05,REVERSAL,0,0.0,14
LAST_TRADE,16,1000,SESSION,2022-08-05,NO_EXPANSION,14,1.0,14
LAST_TRADE,16,1000,SESSION,2022-08-05,AMBIGUOUS,0,0.0,14
LAST_TRADE,16,1000,MONTH,2022-08,CONTINUATION,5,0.04716981132075472,106
LAST_TRADE,16,1000,MONTH,2022-08,REVERSAL,3,0.02830188679245283,106
LAST_TRADE,16,1000,MONTH,2022-08,NO_EXPANSION,98,0.9245283018867925,106
LAST_TRADE,16,1000,MONTH,2022-08,AMBIGUOUS,0,0.0,106
LAST_TRADE,16,1000,YEAR,2022,CONTINUATION,5,0.04716981132075472,106
LAST_TRADE,16,1000,YEAR,2022,REVERSAL,3,0.02830188679245283,106
LAST_TRADE,16,1000,YEAR,2022,NO_EXPANSION,98,0.9245283018867925,106
LAST_TRADE,16,1000,YEAR,2022,AMBIGUOUS,0,0.0,106
LAST_TRADE,16,1000,HOUR_NY,10,CONTINUATION,2,0.06896551724137931,29
LAST_TRADE,16,1000,HOUR_NY,10,REVERSAL,2,0.06896551724137931,29
LAST_TRADE,16,1000,HOUR_NY,10,NO_EXPANSION,25,0.8620689655172413,29
LAST_TRADE,16,1000,HOUR_NY,10,AMBIGUOUS,0,0.0,29
LAST_TRADE,16,1000,HOUR_NY,11,CONTINUATION,1,0.05263157894736842,19
LAST_TRADE,16,1000,HOUR_NY,11,REVERSAL,0,0.0,19
LAST_TRADE,16,1000,HOUR_NY,11,NO_EXPANSION,18,0.9473684210526315,19
LAST_TRADE,16,1000,HOUR_NY,11,AMBIGUOUS,0,0.0,19
LAST_TRADE,16,1000,HOUR_NY,12,CONTINUATION,0,0.0,9
LAST_TRADE,16,1000,HOUR_NY,12,REVERSAL,1,0.1111111111111111,9
LAST_TRADE,16,1000,HOUR_NY,12,NO_EXPANSION,8,0.8888888888888888,9
LAST_TRADE,16,1000,HOUR_NY,12,AMBIGUOUS,0,0.0,9
LAST_TRADE,16,1000,HOUR_NY,13,CONTINUATION,0,0.0,6
LAST_TRADE,16,1000,HOUR_NY,13,REVERSAL,0,0.0,6
LAST_TRADE,16,1000,HOUR_NY,13,NO_EXPANSION,6,1.0,6
LAST_TRADE,16,1000,HOUR_NY,13,AMBIGUOUS,0,0.0,6
LAST_TRADE,16,1000,HOUR_NY,14,CONTINUATION,1,0.09090909090909091,11
LAST_TRADE,16,1000,HOUR_NY,14,REVERSAL,0,0.0,11
LAST_TRADE,16,1000,HOUR_NY,14,NO_EXPANSION,10,0.9090909090909091,11
LAST_TRADE,16,1000,HOUR_NY,14,AMBIGUOUS,0,0.0,11
LAST_TRADE,16,1000,HOUR_NY,15,CONTINUATION,0,0.0,10
LAST_TRADE,16,1000,HOUR_NY,15,REVERSAL,0,0.0,10
LAST_TRADE,16,1000,HOUR_NY,15,NO_EXPANSION,10,1.0,10
LAST_TRADE,16,1000,HOUR_NY,15,AMBIGUOUS,0,0.0,10
LAST_TRADE,16,1000,HOUR_NY,16,CONTINUATION,0,0.0,1
LAST_TRADE,16,1000,HOUR_NY,16,REVERSAL,0,0.0,1
LAST_TRADE,16,1000,HOUR_NY,16,NO_EXPANSION,1,1.0,1
LAST_TRADE,16,1000,HOUR_NY,16,AMBIGUOUS,0,0.0,1
LAST_TRADE,16,1000,HOUR_NY,9,CONTINUATION,1,0.047619047619047616,21
LAST_TRADE,16,1000,HOUR_NY,9,REVERSAL,0,0.0,21
LAST_TRADE,16,1000,HOUR_NY,9,NO_EXPANSION,20,0.9523809523809523,21
LAST_TRADE,16,1000,HOUR_NY,9,AMBIGUOUS,0,0.0,21
LAST_TRADE,16,2000,ALL,ALL,CONTINUATION,16,0.1509433962264151,106
LAST_TRADE,16,2000,ALL,ALL,REVERSAL,10,0.09433962264150944,106
LAST_TRADE,16,2000,ALL,ALL,NO_EXPANSION,80,0.7547169811320755,106
LAST_TRADE,16,2000,ALL,ALL,AMBIGUOUS,0,0.0,106
LAST_TRADE,16,2000,SIDE,BUY,CONTINUATION,8,0.12698412698412698,63
LAST_TRADE,16,2000,SIDE,BUY,REVERSAL,5,0.07936507936507936,63
LAST_TRADE,16,2000,SIDE,BUY,NO_EXPANSION,50,0.7936507936507936,63
LAST_TRADE,16,2000,SIDE,BUY,AMBIGUOUS,0,0.0,63
LAST_TRADE,16,2000,SIDE,SELL,CONTINUATION,8,0.18604651162790697,43
LAST_TRADE,16,2000,SIDE,SELL,REVERSAL,5,0.11627906976744186,43
LAST_TRADE,16,2000,SIDE,SELL,NO_EXPANSION,30,0.6976744186046512,43
LAST_TRADE,16,2000,SIDE,SELL,AMBIGUOUS,0,0.0,43
LAST_TRADE,16,2000,SESSION,2022-08-01,CONTINUATION,3,0.125,24
LAST_TRADE,16,2000,SESSION,2022-08-01,REVERSAL,2,0.08333333333333333,24
LAST_TRADE,16,2000,SESSION,2022-08-01,NO_EXPANSION,19,0.7916666666666666,24
LAST_TRADE,16,2000,SESSION,2022-08-01,AMBIGUOUS,0,0.0,24
LAST_TRADE,16,2000,SESSION,2022-08-02,CONTINUATION,5,0.16666666666666666,30
LAST_TRADE,16,2000,SESSION,2022-08-02,REVERSAL,6,0.2,30
LAST_TRADE,16,2000,SESSION,2022-08-02,NO_EXPANSION,19,0.6333333333333333,30
LAST_TRADE,16,2000,SESSION,2022-08-02,AMBIGUOUS,0,0.0,30
LAST_TRADE,16,2000,SESSION,2022-08-03,CONTINUATION,5,0.19230769230769232,26
LAST_TRADE,16,2000,SESSION,2022-08-03,REVERSAL,1,0.038461538461538464,26
LAST_TRADE,16,2000,SESSION,2022-08-03,NO_EXPANSION,20,0.7692307692307693,26
LAST_TRADE,16,2000,SESSION,2022-08-03,AMBIGUOUS,0,0.0,26
LAST_TRADE,16,2000,SESSION,2022-08-04,CONTINUATION,1,0.08333333333333333,12
LAST_TRADE,16,2000,SESSION,2022-08-04,REVERSAL,1,0.08333333333333333,12
LAST_TRADE,16,2000,SESSION,2022-08-04,NO_EXPANSION,10,0.8333333333333334,12
LAST_TRADE,16,2000,SESSION,2022-08-04,AMBIGUOUS,0,0.0,12
LAST_TRADE,16,2000,SESSION,2022-08-05,CONTINUATION,2,0.14285714285714285,14
LAST_TRADE,16,2000,SESSION,2022-08-05,REVERSAL,0,0.0,14
LAST_TRADE,16,2000,SESSION,2022-08-05,NO_EXPANSION,12,0.8571428571428571,14
LAST_TRADE,16,2000,SESSION,2022-08-05,AMBIGUOUS,0,0.0,14
LAST_TRADE,16,2000,MONTH,2022-08,CONTINUATION,16,0.1509433962264151,106
LAST_TRADE,16,2000,MONTH,2022-08,REVERSAL,10,0.09433962264150944,106
LAST_TRADE,16,2000,MONTH,2022-08,NO_EXPANSION,80,0.7547169811320755,106
LAST_TRADE,16,2000,MONTH,2022-08,AMBIGUOUS,0,0.0,106
LAST_TRADE,16,2000,YEAR,2022,CONTINUATION,16,0.1509433962264151,106
LAST_TRADE,16,2000,YEAR,2022,REVERSAL,10,0.09433962264150944,106
LAST_TRADE,16,2000,YEAR,2022,NO_EXPANSION,80,0.7547169811320755,106
LAST_TRADE,16,2000,YEAR,2022,AMBIGUOUS,0,0.0,106
LAST_TRADE,16,2000,HOUR_NY,10,CONTINUATION,4,0.13793103448275862,29
LAST_TRADE,16,2000,HOUR_NY,10,REVERSAL,5,0.1724137931034483,29
LAST_TRADE,16,2000,HOUR_NY,10,NO_EXPANSION,20,0.6896551724137931,29
LAST_TRADE,16,2000,HOUR_NY,10,AMBIGUOUS,0,0.0,29
LAST_TRADE,16,2000,HOUR_NY,11,CONTINUATION,2,0.10526315789473684,19
LAST_TRADE,16,2000,HOUR_NY,11,REVERSAL,0,0.0,19
LAST_TRADE,16,2000,HOUR_NY,11,NO_EXPANSION,17,0.8947368421052632,19
LAST_TRADE,16,2000,HOUR_NY,11,AMBIGUOUS,0,0.0,19
LAST_TRADE,16,2000,HOUR_NY,12,CONTINUATION,0,0.0,9
LAST_TRADE,16,2000,HOUR_NY,12,REVERSAL,1,0.1111111111111111,9
LAST_TRADE,16,2000,HOUR_NY,12,NO_EXPANSION,8,0.8888888888888888,9
LAST_TRADE,16,2000,HOUR_NY,12,AMBIGUOUS,0,0.0,9
LAST_TRADE,16,2000,HOUR_NY,13,CONTINUATION,0,0.0,6
LAST_TRADE,16,2000,HOUR_NY,13,REVERSAL,1,0.16666666666666666,6
LAST_TRADE,16,2000,HOUR_NY,13,NO_EXPANSION,5,0.8333333333333334,6
LAST_TRADE,16,2000,HOUR_NY,13,AMBIGUOUS,0,0.0,6
LAST_TRADE,16,2000,HOUR_NY,14,CONTINUATION,2,0.18181818181818182,11
LAST_TRADE,16,2000,HOUR_NY,14,REVERSAL,0,0.0,11
LAST_TRADE,16,2000,HOUR_NY,14,NO_EXPANSION,9,0.8181818181818182,11
LAST_TRADE,16,2000,HOUR_NY,14,AMBIGUOUS,0,0.0,11
LAST_TRADE,16,2000,HOUR_NY,15,CONTINUATION,1,0.1,10
LAST_TRADE,16,2000,HOUR_NY,15,REVERSAL,2,0.2,10
LAST_TRADE,16,2000,HOUR_NY,15,NO_EXPANSION,7,0.7,10
LAST_TRADE,16,2000,HOUR_NY,15,AMBIGUOUS,0,0.0,10
LAST_TRADE,16,2000,HOUR_NY,16,CONTINUATION,1,1.0,1
LAST_TRADE,16,2000,HOUR_NY,16,REVERSAL,0,0.0,1
LAST_TRADE,16,2000,HOUR_NY,16,NO_EXPANSION,0,0.0,1
LAST_TRADE,16,2000,HOUR_NY,16,AMBIGUOUS,0,0.0,1
LAST_TRADE,16,2000,HOUR_NY,9,CONTINUATION,6,0.2857142857142857,21
LAST_TRADE,16,2000,HOUR_NY,9,REVERSAL,1,0.047619047619047616,21
LAST_TRADE,16,2000,HOUR_NY,9,NO_EXPANSION,14,0.6666666666666666,21
LAST_TRADE,16,2000,HOUR_NY,9,AMBIGUOUS,0,0.0,21
LAST_TRADE,16,5000,ALL,ALL,CONTINUATION,27,0.25471698113207547,106
LAST_TRADE,16,5000,ALL,ALL,REVERSAL,20,0.18867924528301888,106
LAST_TRADE,16,5000,ALL,ALL,NO_EXPANSION,59,0.5566037735849056,106
LAST_TRADE,16,5000,ALL,ALL,AMBIGUOUS,0,0.0,106
LAST_TRADE,16,5000,SIDE,BUY,CONTINUATION,19,0.30158730158730157,63
LAST_TRADE,16,5000,SIDE,BUY,REVERSAL,9,0.14285714285714285,63
LAST_TRADE,16,5000,SIDE,BUY,NO_EXPANSION,35,0.5555555555555556,63
LAST_TRADE,16,5000,SIDE,BUY,AMBIGUOUS,0,0.0,63
LAST_TRADE,16,5000,SIDE,SELL,CONTINUATION,8,0.18604651162790697,43
LAST_TRADE,16,5000,SIDE,SELL,REVERSAL,11,0.2558139534883721,43
LAST_TRADE,16,5000,SIDE,SELL,NO_EXPANSION,24,0.5581395348837209,43
LAST_TRADE,16,5000,SIDE,SELL,AMBIGUOUS,0,0.0,43
LAST_TRADE,16,5000,SESSION,2022-08-01,CONTINUATION,6,0.25,24
LAST_TRADE,16,5000,SESSION,2022-08-01,REVERSAL,4,0.16666666666666666,24
LAST_TRADE,16,5000,SESSION,2022-08-01,NO_EXPANSION,14,0.5833333333333334,24
LAST_TRADE,16,5000,SESSION,2022-08-01,AMBIGUOUS,0,0.0,24
LAST_TRADE,16,5000,SESSION,2022-08-02,CONTINUATION,9,0.3,30
LAST_TRADE,16,5000,SESSION,2022-08-02,REVERSAL,10,0.3333333333333333,30
LAST_TRADE,16,5000,SESSION,2022-08-02,NO_EXPANSION,11,0.36666666666666664,30
LAST_TRADE,16,5000,SESSION,2022-08-02,AMBIGUOUS,0,0.0,30
LAST_TRADE,16,5000,SESSION,2022-08-03,CONTINUATION,6,0.23076923076923078,26
LAST_TRADE,16,5000,SESSION,2022-08-03,REVERSAL,2,0.07692307692307693,26
LAST_TRADE,16,5000,SESSION,2022-08-03,NO_EXPANSION,18,0.6923076923076923,26
LAST_TRADE,16,5000,SESSION,2022-08-03,AMBIGUOUS,0,0.0,26
LAST_TRADE,16,5000,SESSION,2022-08-04,CONTINUATION,1,0.08333333333333333,12
LAST_TRADE,16,5000,SESSION,2022-08-04,REVERSAL,4,0.3333333333333333,12
LAST_TRADE,16,5000,SESSION,2022-08-04,NO_EXPANSION,7,0.5833333333333334,12
LAST_TRADE,16,5000,SESSION,2022-08-04,AMBIGUOUS,0,0.0,12
LAST_TRADE,16,5000,SESSION,2022-08-05,CONTINUATION,5,0.35714285714285715,14
LAST_TRADE,16,5000,SESSION,2022-08-05,REVERSAL,0,0.0,14
LAST_TRADE,16,5000,SESSION,2022-08-05,NO_EXPANSION,9,0.6428571428571429,14
LAST_TRADE,16,5000,SESSION,2022-08-05,AMBIGUOUS,0,0.0,14
LAST_TRADE,16,5000,MONTH,2022-08,CONTINUATION,27,0.25471698113207547,106
LAST_TRADE,16,5000,MONTH,2022-08,REVERSAL,20,0.18867924528301888,106
LAST_TRADE,16,5000,MONTH,2022-08,NO_EXPANSION,59,0.5566037735849056,106
LAST_TRADE,16,5000,MONTH,2022-08,AMBIGUOUS,0,0.0,106
LAST_TRADE,16,5000,YEAR,2022,CONTINUATION,27,0.25471698113207547,106
LAST_TRADE,16,5000,YEAR,2022,REVERSAL,20,0.18867924528301888,106
LAST_TRADE,16,5000,YEAR,2022,NO_EXPANSION,59,0.5566037735849056,106
LAST_TRADE,16,5000,YEAR,2022,AMBIGUOUS,0,0.0,106
LAST_TRADE,16,5000,HOUR_NY,10,CONTINUATION,8,0.27586206896551724,29
LAST_TRADE,16,5000,HOUR_NY,10,REVERSAL,9,0.3103448275862069,29
LAST_TRADE,16,5000,HOUR_NY,10,NO_EXPANSION,12,0.41379310344827586,29
LAST_TRADE,16,5000,HOUR_NY,10,AMBIGUOUS,0,0.0,29
LAST_TRADE,16,5000,HOUR_NY,11,CONTINUATION,3,0.15789473684210525,19
LAST_TRADE,16,5000,HOUR_NY,11,REVERSAL,0,0.0,19
LAST_TRADE,16,5000,HOUR_NY,11,NO_EXPANSION,16,0.8421052631578947,19
LAST_TRADE,16,5000,HOUR_NY,11,AMBIGUOUS,0,0.0,19
LAST_TRADE,16,5000,HOUR_NY,12,CONTINUATION,1,0.1111111111111111,9
LAST_TRADE,16,5000,HOUR_NY,12,REVERSAL,1,0.1111111111111111,9
LAST_TRADE,16,5000,HOUR_NY,12,NO_EXPANSION,7,0.7777777777777778,9
LAST_TRADE,16,5000,HOUR_NY,12,AMBIGUOUS,0,0.0,9
LAST_TRADE,16,5000,HOUR_NY,13,CONTINUATION,0,0.0,6
LAST_TRADE,16,5000,HOUR_NY,13,REVERSAL,1,0.16666666666666666,6
LAST_TRADE,16,5000,HOUR_NY,13,NO_EXPANSION,5,0.8333333333333334,6
LAST_TRADE,16,5000,HOUR_NY,13,AMBIGUOUS,0,0.0,6
LAST_TRADE,16,5000,HOUR_NY,14,CONTINUATION,2,0.18181818181818182,11
LAST_TRADE,16,5000,HOUR_NY,14,REVERSAL,1,0.09090909090909091,11
LAST_TRADE,16,5000,HOUR_NY,14,NO_EXPANSION,8,0.7272727272727273,11
LAST_TRADE,16,5000,HOUR_NY,14,AMBIGUOUS,0,0.0,11
LAST_TRADE,16,5000,HOUR_NY,15,CONTINUATION,2,0.2,10
LAST_TRADE,16,5000,HOUR_NY,15,REVERSAL,2,0.2,10
LAST_TRADE,16,5000,HOUR_NY,15,NO_EXPANSION,6,0.6,10
LAST_TRADE,16,5000,HOUR_NY,15,AMBIGUOUS,0,0.0,10
LAST_TRADE,16,5000,HOUR_NY,16,CONTINUATION,1,1.0,1
LAST_TRADE,16,5000,HOUR_NY,16,REVERSAL,0,0.0,1
LAST_TRADE,16,5000,HOUR_NY,16,NO_EXPANSION,0,0.0,1
LAST_TRADE,16,5000,HOUR_NY,16,AMBIGUOUS,0,0.0,1
LAST_TRADE,16,5000,HOUR_NY,9,CONTINUATION,10,0.47619047619047616,21
LAST_TRADE,16,5000,HOUR_NY,9,REVERSAL,6,0.2857142857142857,21
LAST_TRADE,16,5000,HOUR_NY,9,NO_EXPANSION,5,0.23809523809523808,21
LAST_TRADE,16,5000,HOUR_NY,9,AMBIGUOUS,0,0.0,21
LAST_TRADE,16,10000,ALL,ALL,CONTINUATION,40,0.37735849056603776,106
LAST_TRADE,16,10000,ALL,ALL,REVERSAL,29,0.27358490566037735,106
LAST_TRADE,16,10000,ALL,ALL,NO_EXPANSION,37,0.3490566037735849,106
LAST_TRADE,16,10000,ALL,ALL,AMBIGUOUS,0,0.0,106
LAST_TRADE,16,10000,SIDE,BUY,CONTINUATION,25,0.3968253968253968,63
LAST_TRADE,16,10000,SIDE,BUY,REVERSAL,14,0.2222222222222222,63
LAST_TRADE,16,10000,SIDE,BUY,NO_EXPANSION,24,0.38095238095238093,63
LAST_TRADE,16,10000,SIDE,BUY,AMBIGUOUS,0,0.0,63
LAST_TRADE,16,10000,SIDE,SELL,CONTINUATION,15,0.3488372093023256,43
LAST_TRADE,16,10000,SIDE,SELL,REVERSAL,15,0.3488372093023256,43
LAST_TRADE,16,10000,SIDE,SELL,NO_EXPANSION,13,0.3023255813953488,43
LAST_TRADE,16,10000,SIDE,SELL,AMBIGUOUS,0,0.0,43
LAST_TRADE,16,10000,SESSION,2022-08-01,CONTINUATION,7,0.2916666666666667,24
LAST_TRADE,16,10000,SESSION,2022-08-01,REVERSAL,7,0.2916666666666667,24
LAST_TRADE,16,10000,SESSION,2022-08-01,NO_EXPANSION,10,0.4166666666666667,24
LAST_TRADE,16,10000,SESSION,2022-08-01,AMBIGUOUS,0,0.0,24
LAST_TRADE,16,10000,SESSION,2022-08-02,CONTINUATION,11,0.36666666666666664,30
LAST_TRADE,16,10000,SESSION,2022-08-02,REVERSAL,12,0.4,30
LAST_TRADE,16,10000,SESSION,2022-08-02,NO_EXPANSION,7,0.23333333333333334,30
LAST_TRADE,16,10000,SESSION,2022-08-02,AMBIGUOUS,0,0.0,30
LAST_TRADE,16,10000,SESSION,2022-08-03,CONTINUATION,11,0.4230769230769231,26
LAST_TRADE,16,10000,SESSION,2022-08-03,REVERSAL,3,0.11538461538461539,26
LAST_TRADE,16,10000,SESSION,2022-08-03,NO_EXPANSION,12,0.46153846153846156,26
LAST_TRADE,16,10000,SESSION,2022-08-03,AMBIGUOUS,0,0.0,26
LAST_TRADE,16,10000,SESSION,2022-08-04,CONTINUATION,3,0.25,12
LAST_TRADE,16,10000,SESSION,2022-08-04,REVERSAL,5,0.4166666666666667,12
LAST_TRADE,16,10000,SESSION,2022-08-04,NO_EXPANSION,4,0.3333333333333333,12
LAST_TRADE,16,10000,SESSION,2022-08-04,AMBIGUOUS,0,0.0,12
LAST_TRADE,16,10000,SESSION,2022-08-05,CONTINUATION,8,0.5714285714285714,14
LAST_TRADE,16,10000,SESSION,2022-08-05,REVERSAL,2,0.14285714285714285,14
LAST_TRADE,16,10000,SESSION,2022-08-05,NO_EXPANSION,4,0.2857142857142857,14
LAST_TRADE,16,10000,SESSION,2022-08-05,AMBIGUOUS,0,0.0,14
LAST_TRADE,16,10000,MONTH,2022-08,CONTINUATION,40,0.37735849056603776,106
LAST_TRADE,16,10000,MONTH,2022-08,REVERSAL,29,0.27358490566037735,106
LAST_TRADE,16,10000,MONTH,2022-08,NO_EXPANSION,37,0.3490566037735849,106
LAST_TRADE,16,10000,MONTH,2022-08,AMBIGUOUS,0,0.0,106
LAST_TRADE,16,10000,YEAR,2022,CONTINUATION,40,0.37735849056603776,106
LAST_TRADE,16,10000,YEAR,2022,REVERSAL,29,0.27358490566037735,106
LAST_TRADE,16,10000,YEAR,2022,NO_EXPANSION,37,0.3490566037735849,106
LAST_TRADE,16,10000,YEAR,2022,AMBIGUOUS,0,0.0,106
LAST_TRADE,16,10000,HOUR_NY,10,CONTINUATION,12,0.41379310344827586,29
LAST_TRADE,16,10000,HOUR_NY,10,REVERSAL,12,0.41379310344827586,29
LAST_TRADE,16,10000,HOUR_NY,10,NO_EXPANSION,5,0.1724137931034483,29
LAST_TRADE,16,10000,HOUR_NY,10,AMBIGUOUS,0,0.0,29
LAST_TRADE,16,10000,HOUR_NY,11,CONTINUATION,6,0.3157894736842105,19
LAST_TRADE,16,10000,HOUR_NY,11,REVERSAL,1,0.05263157894736842,19
LAST_TRADE,16,10000,HOUR_NY,11,NO_EXPANSION,12,0.631578947368421,19
LAST_TRADE,16,10000,HOUR_NY,11,AMBIGUOUS,0,0.0,19
LAST_TRADE,16,10000,HOUR_NY,12,CONTINUATION,3,0.3333333333333333,9
LAST_TRADE,16,10000,HOUR_NY,12,REVERSAL,2,0.2222222222222222,9
LAST_TRADE,16,10000,HOUR_NY,12,NO_EXPANSION,4,0.4444444444444444,9
LAST_TRADE,16,10000,HOUR_NY,12,AMBIGUOUS,0,0.0,9
LAST_TRADE,16,10000,HOUR_NY,13,CONTINUATION,2,0.3333333333333333,6
LAST_TRADE,16,10000,HOUR_NY,13,REVERSAL,1,0.16666666666666666,6
LAST_TRADE,16,10000,HOUR_NY,13,NO_EXPANSION,3,0.5,6
LAST_TRADE,16,10000,HOUR_NY,13,AMBIGUOUS,0,0.0,6
LAST_TRADE,16,10000,HOUR_NY,14,CONTINUATION,2,0.18181818181818182,11
LAST_TRADE,16,10000,HOUR_NY,14,REVERSAL,2,0.18181818181818182,11
LAST_TRADE,16,10000,HOUR_NY,14,NO_EXPANSION,7,0.6363636363636364,11
LAST_TRADE,16,10000,HOUR_NY,14,AMBIGUOUS,0,0.0,11
LAST_TRADE,16,10000,HOUR_NY,15,CONTINUATION,3,0.3,10
LAST_TRADE,16,10000,HOUR_NY,15,REVERSAL,3,0.3,10
LAST_TRADE,16,10000,HOUR_NY,15,NO_EXPANSION,4,0.4,10
LAST_TRADE,16,10000,HOUR_NY,15,AMBIGUOUS,0,0.0,10
LAST_TRADE,16,10000,HOUR_NY,16,CONTINUATION,1,1.0,1
LAST_TRADE,16,10000,HOUR_NY,16,REVERSAL,0,0.0,1
LAST_TRADE,16,10000,HOUR_NY,16,NO_EXPANSION,0,0.0,1
LAST_TRADE,16,10000,HOUR_NY,16,AMBIGUOUS,0,0.0,1
LAST_TRADE,16,10000,HOUR_NY,9,CONTINUATION,11,0.5238095238095238,21
LAST_TRADE,16,10000,HOUR_NY,9,REVERSAL,8,0.38095238095238093,21
LAST_TRADE,16,10000,HOUR_NY,9,NO_EXPANSION,2,0.09523809523809523,21
LAST_TRADE,16,10000,HOUR_NY,9,AMBIGUOUS,0,0.0,21
MID,4,500,ALL,ALL,CONTINUATION,36,0.33962264150943394,106
MID,4,500,ALL,ALL,REVERSAL,35,0.330188679245283,106
MID,4,500,ALL,ALL,NO_EXPANSION,30,0.2830188679245283,106
MID,4,500,ALL,ALL,AMBIGUOUS,5,0.04716981132075472,106
MID,4,500,SIDE,BUY,CONTINUATION,21,0.3333333333333333,63
MID,4,500,SIDE,BUY,REVERSAL,20,0.31746031746031744,63
MID,4,500,SIDE,BUY,NO_EXPANSION,17,0.2698412698412698,63
MID,4,500,SIDE,BUY,AMBIGUOUS,5,0.07936507936507936,63
MID,4,500,SIDE,SELL,CONTINUATION,15,0.3488372093023256,43
MID,4,500,SIDE,SELL,REVERSAL,15,0.3488372093023256,43
MID,4,500,SIDE,SELL,NO_EXPANSION,13,0.3023255813953488,43
MID,4,500,SIDE,SELL,AMBIGUOUS,0,0.0,43
MID,4,500,SESSION,2022-08-01,CONTINUATION,8,0.3333333333333333,24
MID,4,500,SESSION,2022-08-01,REVERSAL,8,0.3333333333333333,24
MID,4,500,SESSION,2022-08-01,NO_EXPANSION,7,0.2916666666666667,24
MID,4,500,SESSION,2022-08-01,AMBIGUOUS,1,0.041666666666666664,24
MID,4,500,SESSION,2022-08-02,CONTINUATION,11,0.36666666666666664,30
MID,4,500,SESSION,2022-08-02,REVERSAL,11,0.36666666666666664,30
MID,4,500,SESSION,2022-08-02,NO_EXPANSION,5,0.16666666666666666,30
MID,4,500,SESSION,2022-08-02,AMBIGUOUS,3,0.1,30
MID,4,500,SESSION,2022-08-03,CONTINUATION,9,0.34615384615384615,26
MID,4,500,SESSION,2022-08-03,REVERSAL,8,0.3076923076923077,26
MID,4,500,SESSION,2022-08-03,NO_EXPANSION,9,0.34615384615384615,26
MID,4,500,SESSION,2022-08-03,AMBIGUOUS,0,0.0,26
MID,4,500,SESSION,2022-08-04,CONTINUATION,3,0.25,12
MID,4,500,SESSION,2022-08-04,REVERSAL,5,0.4166666666666667,12
MID,4,500,SESSION,2022-08-04,NO_EXPANSION,4,0.3333333333333333,12
MID,4,500,SESSION,2022-08-04,AMBIGUOUS,0,0.0,12
MID,4,500,SESSION,2022-08-05,CONTINUATION,5,0.35714285714285715,14
MID,4,500,SESSION,2022-08-05,REVERSAL,3,0.21428571428571427,14
MID,4,500,SESSION,2022-08-05,NO_EXPANSION,5,0.35714285714285715,14
MID,4,500,SESSION,2022-08-05,AMBIGUOUS,1,0.07142857142857142,14
MID,4,500,MONTH,2022-08,CONTINUATION,36,0.33962264150943394,106
MID,4,500,MONTH,2022-08,REVERSAL,35,0.330188679245283,106
MID,4,500,MONTH,2022-08,NO_EXPANSION,30,0.2830188679245283,106
MID,4,500,MONTH,2022-08,AMBIGUOUS,5,0.04716981132075472,106
MID,4,500,YEAR,2022,CONTINUATION,36,0.33962264150943394,106
MID,4,500,YEAR,2022,REVERSAL,35,0.330188679245283,106
MID,4,500,YEAR,2022,NO_EXPANSION,30,0.2830188679245283,106
MID,4,500,YEAR,2022,AMBIGUOUS,5,0.04716981132075472,106
MID,4,500,HOUR_NY,10,CONTINUATION,11,0.3793103448275862,29
MID,4,500,HOUR_NY,10,REVERSAL,12,0.41379310344827586,29
MID,4,500,HOUR_NY,10,NO_EXPANSION,4,0.13793103448275862,29
MID,4,500,HOUR_NY,10,AMBIGUOUS,2,0.06896551724137931,29
MID,4,500,HOUR_NY,11,CONTINUATION,5,0.2631578947368421,19
MID,4,500,HOUR_NY,11,REVERSAL,4,0.21052631578947367,19
MID,4,500,HOUR_NY,11,NO_EXPANSION,10,0.5263157894736842,19
MID,4,500,HOUR_NY,11,AMBIGUOUS,0,0.0,19
MID,4,500,HOUR_NY,12,CONTINUATION,5,0.5555555555555556,9
MID,4,500,HOUR_NY,12,REVERSAL,3,0.3333333333333333,9
MID,4,500,HOUR_NY,12,NO_EXPANSION,1,0.1111111111111111,9
MID,4,500,HOUR_NY,12,AMBIGUOUS,0,0.0,9
MID,4,500,HOUR_NY,13,CONTINUATION,2,0.3333333333333333,6
MID,4,500,HOUR_NY,13,REVERSAL,1,0.16666666666666666,6
MID,4,500,HOUR_NY,13,NO_EXPANSION,3,0.5,6
MID,4,500,HOUR_NY,13,AMBIGUOUS,0,0.0,6
MID,4,500,HOUR_NY,14,CONTINUATION,2,0.18181818181818182,11
MID,4,500,HOUR_NY,14,REVERSAL,5,0.45454545454545453,11
MID,4,500,HOUR_NY,14,NO_EXPANSION,4,0.36363636363636365,11
MID,4,500,HOUR_NY,14,AMBIGUOUS,0,0.0,11
MID,4,500,HOUR_NY,15,CONTINUATION,3,0.3,10
MID,4,500,HOUR_NY,15,REVERSAL,1,0.1,10
MID,4,500,HOUR_NY,15,NO_EXPANSION,5,0.5,10
MID,4,500,HOUR_NY,15,AMBIGUOUS,1,0.1,10
MID,4,500,HOUR_NY,16,CONTINUATION,1,1.0,1
MID,4,500,HOUR_NY,16,REVERSAL,0,0.0,1
MID,4,500,HOUR_NY,16,NO_EXPANSION,0,0.0,1
MID,4,500,HOUR_NY,16,AMBIGUOUS,0,0.0,1
MID,4,500,HOUR_NY,9,CONTINUATION,7,0.3333333333333333,21
MID,4,500,HOUR_NY,9,REVERSAL,9,0.42857142857142855,21
MID,4,500,HOUR_NY,9,NO_EXPANSION,3,0.14285714285714285,21
MID,4,500,HOUR_NY,9,AMBIGUOUS,2,0.09523809523809523,21
MID,4,1000,ALL,ALL,CONTINUATION,45,0.42452830188679247,106
MID,4,1000,ALL,ALL,REVERSAL,41,0.3867924528301887,106
MID,4,1000,ALL,ALL,NO_EXPANSION,14,0.1320754716981132,106
MID,4,1000,ALL,ALL,AMBIGUOUS,6,0.05660377358490566,106
MID,4,1000,SIDE,BUY,CONTINUATION,26,0.4126984126984127,63
MID,4,1000,SIDE,BUY,REVERSAL,22,0.3492063492063492,63
MID,4,1000,SIDE,BUY,NO_EXPANSION,9,0.14285714285714285,63
MID,4,1000,SIDE,BUY,AMBIGUOUS,6,0.09523809523809523,63
MID,4,1000,SIDE,SELL,CONTINUATION,19,0.4418604651162791,43
MID,4,1000,SIDE,SELL,REVERSAL,19,0.4418604651162791,43
MID,4,1000,SIDE,SELL,NO_EXPANSION,5,0.11627906976744186,43
MID,4,1000,SIDE,SELL,AMBIGUOUS,0,0.0,43
MID,4,1000,SESSION,2022-08-01,CONTINUATION,13,0.5416666666666666,24
MID,4,1000,SESSION,2022-08-01,REVERSAL,9,0.375,24
MID,4,1000,SESSION,2022-08-01,NO_EXPANSION,0,0.0,24
MID,4,1000,SESSION,2022-08-01,AMBIGUOUS,2,0.08333333333333333,24
MID,4,1000,SESSION,2022-08-02,CONTINUATION,12,0.4,30
MID,4,1000,SESSION,2022-08-02,REVERSAL,13,0.43333333333333335,30
MID,4,1000,SESSION,2022-08-02,NO_EXPANSION,2,0.06666666666666667,30
MID,4,1000,SESSION,2022-08-02,AMBIGUOUS,3,0.1,30
MID,4,1000,SESSION,2022-08-03,CONTINUATION,11,0.4230769230769231,26
MID,4,1000,SESSION,2022-08-03,REVERSAL,9,0.34615384615384615,26
MID,4,1000,SESSION,2022-08-03,NO_EXPANSION,6,0.23076923076923078,26
MID,4,1000,SESSION,2022-08-03,AMBIGUOUS,0,0.0,26
MID,4,1000,SESSION,2022-08-04,CONTINUATION,3,0.25,12
MID,4,1000,SESSION,2022-08-04,REVERSAL,5,0.4166666666666667,12
MID,4,1000,SESSION,2022-08-04,NO_EXPANSION,4,0.3333333333333333,12
MID,4,1000,SESSION,2022-08-04,AMBIGUOUS,0,0.0,12
MID,4,1000,SESSION,2022-08-05,CONTINUATION,6,0.42857142857142855,14
MID,4,1000,SESSION,2022-08-05,REVERSAL,5,0.35714285714285715,14
MID,4,1000,SESSION,2022-08-05,NO_EXPANSION,2,0.14285714285714285,14
MID,4,1000,SESSION,2022-08-05,AMBIGUOUS,1,0.07142857142857142,14
MID,4,1000,MONTH,2022-08,CONTINUATION,45,0.42452830188679247,106
MID,4,1000,MONTH,2022-08,REVERSAL,41,0.3867924528301887,106
MID,4,1000,MONTH,2022-08,NO_EXPANSION,14,0.1320754716981132,106
MID,4,1000,MONTH,2022-08,AMBIGUOUS,6,0.05660377358490566,106
MID,4,1000,YEAR,2022,CONTINUATION,45,0.42452830188679247,106
MID,4,1000,YEAR,2022,REVERSAL,41,0.3867924528301887,106
MID,4,1000,YEAR,2022,NO_EXPANSION,14,0.1320754716981132,106
MID,4,1000,YEAR,2022,AMBIGUOUS,6,0.05660377358490566,106
MID,4,1000,HOUR_NY,10,CONTINUATION,12,0.41379310344827586,29
MID,4,1000,HOUR_NY,10,REVERSAL,13,0.4482758620689655,29
MID,4,1000,HOUR_NY,10,NO_EXPANSION,2,0.06896551724137931,29
MID,4,1000,HOUR_NY,10,AMBIGUOUS,2,0.06896551724137931,29
MID,4,1000,HOUR_NY,11,CONTINUATION,7,0.3684210526315789,19
MID,4,1000,HOUR_NY,11,REVERSAL,6,0.3157894736842105,19
MID,4,1000,HOUR_NY,11,NO_EXPANSION,6,0.3157894736842105,19
MID,4,1000,HOUR_NY,11,AMBIGUOUS,0,0.0,19
MID,4,1000,HOUR_NY,12,CONTINUATION,6,0.6666666666666666,9
MID,4,1000,HOUR_NY,12,REVERSAL,3,0.3333333333333333,9
MID,4,1000,HOUR_NY,12,NO_EXPANSION,0,0.0,9
MID,4,1000,HOUR_NY,12,AMBIGUOUS,0,0.0,9
MID,4,1000,HOUR_NY,13,CONTINUATION,3,0.5,6
MID,4,1000,HOUR_NY,13,REVERSAL,1,0.16666666666666666,6
MID,4,1000,HOUR_NY,13,NO_EXPANSION,2,0.3333333333333333,6
MID,4,1000,HOUR_NY,13,AMBIGUOUS,0,0.0,6
MID,4,1000,HOUR_NY,14,CONTINUATION,3,0.2727272727272727,11
MID,4,1000,HOUR_NY,14,REVERSAL,6,0.5454545454545454,11
MID,4,1000,HOUR_NY,14,NO_EXPANSION,2,0.18181818181818182,11
MID,4,1000,HOUR_NY,14,AMBIGUOUS,0,0.0,11
MID,4,1000,HOUR_NY,15,CONTINUATION,5,0.5,10
MID,4,1000,HOUR_NY,15,REVERSAL,2,0.2,10
MID,4,1000,HOUR_NY,15,NO_EXPANSION,2,0.2,10
MID,4,1000,HOUR_NY,15,AMBIGUOUS,1,0.1,10
MID,4,1000,HOUR_NY,16,CONTINUATION,1,1.0,1
MID,4,1000,HOUR_NY,16,REVERSAL,0,0.0,1
MID,4,1000,HOUR_NY,16,NO_EXPANSION,0,0.0,1
MID,4,1000,HOUR_NY,16,AMBIGUOUS,0,0.0,1
MID,4,1000,HOUR_NY,9,CONTINUATION,8,0.38095238095238093,21
MID,4,1000,HOUR_NY,9,REVERSAL,10,0.47619047619047616,21
MID,4,1000,HOUR_NY,9,NO_EXPANSION,0,0.0,21
MID,4,1000,HOUR_NY,9,AMBIGUOUS,3,0.14285714285714285,21
MID,4,2000,ALL,ALL,CONTINUATION,48,0.4528301886792453,106
MID,4,2000,ALL,ALL,REVERSAL,46,0.4339622641509434,106
MID,4,2000,ALL,ALL,NO_EXPANSION,6,0.05660377358490566,106
MID,4,2000,ALL,ALL,AMBIGUOUS,6,0.05660377358490566,106
MID,4,2000,SIDE,BUY,CONTINUATION,27,0.42857142857142855,63
MID,4,2000,SIDE,BUY,REVERSAL,26,0.4126984126984127,63
MID,4,2000,SIDE,BUY,NO_EXPANSION,4,0.06349206349206349,63
MID,4,2000,SIDE,BUY,AMBIGUOUS,6,0.09523809523809523,63
MID,4,2000,SIDE,SELL,CONTINUATION,21,0.4883720930232558,43
MID,4,2000,SIDE,SELL,REVERSAL,20,0.46511627906976744,43
MID,4,2000,SIDE,SELL,NO_EXPANSION,2,0.046511627906976744,43
MID,4,2000,SIDE,SELL,AMBIGUOUS,0,0.0,43
MID,4,2000,SESSION,2022-08-01,CONTINUATION,13,0.5416666666666666,24
MID,4,2000,SESSION,2022-08-01,REVERSAL,9,0.375,24
MID,4,2000,SESSION,2022-08-01,NO_EXPANSION,0,0.0,24
MID,4,2000,SESSION,2022-08-01,AMBIGUOUS,2,0.08333333333333333,24
MID,4,2000,SESSION,2022-08-02,CONTINUATION,12,0.4,30
MID,4,2000,SESSION,2022-08-02,REVERSAL,13,0.43333333333333335,30
MID,4,2000,SESSION,2022-08-02,NO_EXPANSION,2,0.06666666666666667,30
MID,4,2000,SESSION,2022-08-02,AMBIGUOUS,3,0.1,30
MID,4,2000,SESSION,2022-08-03,CONTINUATION,12,0.46153846153846156,26
MID,4,2000,SESSION,2022-08-03,REVERSAL,12,0.46153846153846156,26
MID,4,2000,SESSION,2022-08-03,NO_EXPANSION,2,0.07692307692307693,26
MID,4,2000,SESSION,2022-08-03,AMBIGUOUS,0,0.0,26
MID,4,2000,SESSION,2022-08-04,CONTINUATION,4,0.3333333333333333,12
MID,4,2000,SESSION,2022-08-04,REVERSAL,7,0.5833333333333334,12
MID,4,2000,SESSION,2022-08-04,NO_EXPANSION,1,0.08333333333333333,12
MID,4,2000,SESSION,2022-08-04,AMBIGUOUS,0,0.0,12
MID,4,2000,SESSION,2022-08-05,CONTINUATION,7,0.5,14
MID,4,2000,SESSION,2022-08-05,REVERSAL,5,0.35714285714285715,14
MID,4,2000,SESSION,2022-08-05,NO_EXPANSION,1,0.07142857142857142,14
MID,4,2000,SESSION,2022-08-05,AMBIGUOUS,1,0.07142857142857142,14
MID,4,2000,MONTH,2022-08,CONTINUATION,48,0.4528301886792453,106
MID,4,2000,MONTH,2022-08,REVERSAL,46,0.4339622641509434,106
MID,4,2000,MONTH,2022-08,NO_EXPANSION,6,0.05660377358490566,106
MID,4,2000,MONTH,2022-08,AMBIGUOUS,6,0.05660377358490566,106
MID,4,2000,YEAR,2022,CONTINUATION,48,0.4528301886792453,106
MID,4,2000,YEAR,2022,REVERSAL,46,0.4339622641509434,106
MID,4,2000,YEAR,2022,NO_EXPANSION,6,0.05660377358490566,106
MID,4,2000,YEAR,2022,AMBIGUOUS,6,0.05660377358490566,106
MID,4,2000,HOUR_NY,10,CONTINUATION,12,0.41379310344827586,29
MID,4,2000,HOUR_NY,10,REVERSAL,14,0.4827586206896552,29
MID,4,2000,HOUR_NY,10,NO_EXPANSION,1,0.034482758620689655,29
MID,4,2000,HOUR_NY,10,AMBIGUOUS,2,0.06896551724137931,29
MID,4,2000,HOUR_NY,11,CONTINUATION,9,0.47368421052631576,19
MID,4,2000,HOUR_NY,11,REVERSAL,8,0.42105263157894735,19
MID,4,2000,HOUR_NY,11,NO_EXPANSION,2,0.10526315789473684,19
MID,4,2000,HOUR_NY,11,AMBIGUOUS,0,0.0,19
MID,4,2000,HOUR_NY,12,CONTINUATION,6,0.6666666666666666,9
MID,4,2000,HOUR_NY,12,REVERSAL,3,0.3333333333333333,9
MID,4,2000,HOUR_NY,12,NO_EXPANSION,0,0.0,9
MID,4,2000,HOUR_NY,12,AMBIGUOUS,0,0.0,9
MID,4,2000,HOUR_NY,13,CONTINUATION,3,0.5,6
MID,4,2000,HOUR_NY,13,REVERSAL,2,0.3333333333333333,6
MID,4,2000,HOUR_NY,13,NO_EXPANSION,1,0.16666666666666666,6
MID,4,2000,HOUR_NY,13,AMBIGUOUS,0,0.0,6
MID,4,2000,HOUR_NY,14,CONTINUATION,4,0.36363636363636365,11
MID,4,2000,HOUR_NY,14,REVERSAL,6,0.5454545454545454,11
MID,4,2000,HOUR_NY,14,NO_EXPANSION,1,0.09090909090909091,11
MID,4,2000,HOUR_NY,14,AMBIGUOUS,0,0.0,11
MID,4,2000,HOUR_NY,15,CONTINUATION,5,0.5,10
MID,4,2000,HOUR_NY,15,REVERSAL,3,0.3,10
MID,4,2000,HOUR_NY,15,NO_EXPANSION,1,0.1,10
MID,4,2000,HOUR_NY,15,AMBIGUOUS,1,0.1,10
MID,4,2000,HOUR_NY,16,CONTINUATION,1,1.0,1
MID,4,2000,HOUR_NY,16,REVERSAL,0,0.0,1
MID,4,2000,HOUR_NY,16,NO_EXPANSION,0,0.0,1
MID,4,2000,HOUR_NY,16,AMBIGUOUS,0,0.0,1
MID,4,2000,HOUR_NY,9,CONTINUATION,8,0.38095238095238093,21
MID,4,2000,HOUR_NY,9,REVERSAL,10,0.47619047619047616,21
MID,4,2000,HOUR_NY,9,NO_EXPANSION,0,0.0,21
MID,4,2000,HOUR_NY,9,AMBIGUOUS,3,0.14285714285714285,21
MID,4,5000,ALL,ALL,CONTINUATION,52,0.49056603773584906,106
MID,4,5000,ALL,ALL,REVERSAL,48,0.4528301886792453,106
MID,4,5000,ALL,ALL,NO_EXPANSION,0,0.0,106
MID,4,5000,ALL,ALL,AMBIGUOUS,6,0.05660377358490566,106
MID,4,5000,SIDE,BUY,CONTINUATION,29,0.4603174603174603,63
MID,4,5000,SIDE,BUY,REVERSAL,28,0.4444444444444444,63
MID,4,5000,SIDE,BUY,NO_EXPANSION,0,0.0,63
MID,4,5000,SIDE,BUY,AMBIGUOUS,6,0.09523809523809523,63
MID,4,5000,SIDE,SELL,CONTINUATION,23,0.5348837209302325,43
MID,4,5000,SIDE,SELL,REVERSAL,20,0.46511627906976744,43
MID,4,5000,SIDE,SELL,NO_EXPANSION,0,0.0,43
MID,4,5000,SIDE,SELL,AMBIGUOUS,0,0.0,43
MID,4,5000,SESSION,2022-08-01,CONTINUATION,13,0.5416666666666666,24
MID,4,5000,SESSION,2022-08-01,REVERSAL,9,0.375,24
MID,4,5000,SESSION,2022-08-01,NO_EXPANSION,0,0.0,24
MID,4,5000,SESSION,2022-08-01,AMBIGUOUS,2,0.08333333333333333,24
MID,4,5000,SESSION,2022-08-02,CONTINUATION,14,0.4666666666666667,30
MID,4,5000,SESSION,2022-08-02,REVERSAL,13,0.43333333333333335,30
MID,4,5000,SESSION,2022-08-02,NO_EXPANSION,0,0.0,30
MID,4,5000,SESSION,2022-08-02,AMBIGUOUS,3,0.1,30
MID,4,5000,SESSION,2022-08-03,CONTINUATION,13,0.5,26
MID,4,5000,SESSION,2022-08-03,REVERSAL,13,0.5,26
MID,4,5000,SESSION,2022-08-03,NO_EXPANSION,0,0.0,26
MID,4,5000,SESSION,2022-08-03,AMBIGUOUS,0,0.0,26
MID,4,5000,SESSION,2022-08-04,CONTINUATION,4,0.3333333333333333,12
MID,4,5000,SESSION,2022-08-04,REVERSAL,8,0.6666666666666666,12
MID,4,5000,SESSION,2022-08-04,NO_EXPANSION,0,0.0,12
MID,4,5000,SESSION,2022-08-04,AMBIGUOUS,0,0.0,12
MID,4,5000,SESSION,2022-08-05,CONTINUATION,8,0.5714285714285714,14
MID,4,5000,SESSION,2022-08-05,REVERSAL,5,0.35714285714285715,14
MID,4,5000,SESSION,2022-08-05,NO_EXPANSION,0,0.0,14
MID,4,5000,SESSION,2022-08-05,AMBIGUOUS,1,0.07142857142857142,14
MID,4,5000,MONTH,2022-08,CONTINUATION,52,0.49056603773584906,106
MID,4,5000,MONTH,2022-08,REVERSAL,48,0.4528301886792453,106
MID,4,5000,MONTH,2022-08,NO_EXPANSION,0,0.0,106
MID,4,5000,MONTH,2022-08,AMBIGUOUS,6,0.05660377358490566,106
MID,4,5000,YEAR,2022,CONTINUATION,52,0.49056603773584906,106
MID,4,5000,YEAR,2022,REVERSAL,48,0.4528301886792453,106
MID,4,5000,YEAR,2022,NO_EXPANSION,0,0.0,106
MID,4,5000,YEAR,2022,AMBIGUOUS,6,0.05660377358490566,106
MID,4,5000,HOUR_NY,10,CONTINUATION,13,0.4482758620689655,29
MID,4,5000,HOUR_NY,10,REVERSAL,14,0.4827586206896552,29
MID,4,5000,HOUR_NY,10,NO_EXPANSION,0,0.0,29
MID,4,5000,HOUR_NY,10,AMBIGUOUS,2,0.06896551724137931,29
MID,4,5000,HOUR_NY,11,CONTINUATION,11,0.5789473684210527,19
MID,4,5000,HOUR_NY,11,REVERSAL,8,0.42105263157894735,19
MID,4,5000,HOUR_NY,11,NO_EXPANSION,0,0.0,19
MID,4,5000,HOUR_NY,11,AMBIGUOUS,0,0.0,19
MID,4,5000,HOUR_NY,12,CONTINUATION,6,0.6666666666666666,9
MID,4,5000,HOUR_NY,12,REVERSAL,3,0.3333333333333333,9
MID,4,5000,HOUR_NY,12,NO_EXPANSION,0,0.0,9
MID,4,5000,HOUR_NY,12,AMBIGUOUS,0,0.0,9
MID,4,5000,HOUR_NY,13,CONTINUATION,4,0.6666666666666666,6
MID,4,5000,HOUR_NY,13,REVERSAL,2,0.3333333333333333,6
MID,4,5000,HOUR_NY,13,NO_EXPANSION,0,0.0,6
MID,4,5000,HOUR_NY,13,AMBIGUOUS,0,0.0,6
MID,4,5000,HOUR_NY,14,CONTINUATION,4,0.36363636363636365,11
MID,4,5000,HOUR_NY,14,REVERSAL,7,0.6363636363636364,11
MID,4,5000,HOUR_NY,14,NO_EXPANSION,0,0.0,11
MID,4,5000,HOUR_NY,14,AMBIGUOUS,0,0.0,11
MID,4,5000,HOUR_NY,15,CONTINUATION,5,0.5,10
MID,4,5000,HOUR_NY,15,REVERSAL,4,0.4,10
MID,4,5000,HOUR_NY,15,NO_EXPANSION,0,0.0,10
MID,4,5000,HOUR_NY,15,AMBIGUOUS,1,0.1,10
MID,4,5000,HOUR_NY,16,CONTINUATION,1,1.0,1
MID,4,5000,HOUR_NY,16,REVERSAL,0,0.0,1
MID,4,5000,HOUR_NY,16,NO_EXPANSION,0,0.0,1
MID,4,5000,HOUR_NY,16,AMBIGUOUS,0,0.0,1
MID,4,5000,HOUR_NY,9,CONTINUATION,8,0.38095238095238093,21
MID,4,5000,HOUR_NY,9,REVERSAL,10,0.47619047619047616,21
MID,4,5000,HOUR_NY,9,NO_EXPANSION,0,0.0,21
MID,4,5000,HOUR_NY,9,AMBIGUOUS,3,0.14285714285714285,21
MID,4,10000,ALL,ALL,CONTINUATION,52,0.49056603773584906,106
MID,4,10000,ALL,ALL,REVERSAL,48,0.4528301886792453,106
MID,4,10000,ALL,ALL,NO_EXPANSION,0,0.0,106
MID,4,10000,ALL,ALL,AMBIGUOUS,6,0.05660377358490566,106
MID,4,10000,SIDE,BUY,CONTINUATION,29,0.4603174603174603,63
MID,4,10000,SIDE,BUY,REVERSAL,28,0.4444444444444444,63
MID,4,10000,SIDE,BUY,NO_EXPANSION,0,0.0,63
MID,4,10000,SIDE,BUY,AMBIGUOUS,6,0.09523809523809523,63
MID,4,10000,SIDE,SELL,CONTINUATION,23,0.5348837209302325,43
MID,4,10000,SIDE,SELL,REVERSAL,20,0.46511627906976744,43
MID,4,10000,SIDE,SELL,NO_EXPANSION,0,0.0,43
MID,4,10000,SIDE,SELL,AMBIGUOUS,0,0.0,43
MID,4,10000,SESSION,2022-08-01,CONTINUATION,13,0.5416666666666666,24
MID,4,10000,SESSION,2022-08-01,REVERSAL,9,0.375,24
MID,4,10000,SESSION,2022-08-01,NO_EXPANSION,0,0.0,24
MID,4,10000,SESSION,2022-08-01,AMBIGUOUS,2,0.08333333333333333,24
MID,4,10000,SESSION,2022-08-02,CONTINUATION,14,0.4666666666666667,30
MID,4,10000,SESSION,2022-08-02,REVERSAL,13,0.43333333333333335,30
MID,4,10000,SESSION,2022-08-02,NO_EXPANSION,0,0.0,30
MID,4,10000,SESSION,2022-08-02,AMBIGUOUS,3,0.1,30
MID,4,10000,SESSION,2022-08-03,CONTINUATION,13,0.5,26
MID,4,10000,SESSION,2022-08-03,REVERSAL,13,0.5,26
MID,4,10000,SESSION,2022-08-03,NO_EXPANSION,0,0.0,26
MID,4,10000,SESSION,2022-08-03,AMBIGUOUS,0,0.0,26
MID,4,10000,SESSION,2022-08-04,CONTINUATION,4,0.3333333333333333,12
MID,4,10000,SESSION,2022-08-04,REVERSAL,8,0.6666666666666666,12
MID,4,10000,SESSION,2022-08-04,NO_EXPANSION,0,0.0,12
MID,4,10000,SESSION,2022-08-04,AMBIGUOUS,0,0.0,12
MID,4,10000,SESSION,2022-08-05,CONTINUATION,8,0.5714285714285714,14
MID,4,10000,SESSION,2022-08-05,REVERSAL,5,0.35714285714285715,14
MID,4,10000,SESSION,2022-08-05,NO_EXPANSION,0,0.0,14
MID,4,10000,SESSION,2022-08-05,AMBIGUOUS,1,0.07142857142857142,14
MID,4,10000,MONTH,2022-08,CONTINUATION,52,0.49056603773584906,106
MID,4,10000,MONTH,2022-08,REVERSAL,48,0.4528301886792453,106
MID,4,10000,MONTH,2022-08,NO_EXPANSION,0,0.0,106
MID,4,10000,MONTH,2022-08,AMBIGUOUS,6,0.05660377358490566,106
MID,4,10000,YEAR,2022,CONTINUATION,52,0.49056603773584906,106
MID,4,10000,YEAR,2022,REVERSAL,48,0.4528301886792453,106
MID,4,10000,YEAR,2022,NO_EXPANSION,0,0.0,106
MID,4,10000,YEAR,2022,AMBIGUOUS,6,0.05660377358490566,106
MID,4,10000,HOUR_NY,10,CONTINUATION,13,0.4482758620689655,29
MID,4,10000,HOUR_NY,10,REVERSAL,14,0.4827586206896552,29
MID,4,10000,HOUR_NY,10,NO_EXPANSION,0,0.0,29
MID,4,10000,HOUR_NY,10,AMBIGUOUS,2,0.06896551724137931,29
MID,4,10000,HOUR_NY,11,CONTINUATION,11,0.5789473684210527,19
MID,4,10000,HOUR_NY,11,REVERSAL,8,0.42105263157894735,19
MID,4,10000,HOUR_NY,11,NO_EXPANSION,0,0.0,19
MID,4,10000,HOUR_NY,11,AMBIGUOUS,0,0.0,19
MID,4,10000,HOUR_NY,12,CONTINUATION,6,0.6666666666666666,9
MID,4,10000,HOUR_NY,12,REVERSAL,3,0.3333333333333333,9
MID,4,10000,HOUR_NY,12,NO_EXPANSION,0,0.0,9
MID,4,10000,HOUR_NY,12,AMBIGUOUS,0,0.0,9
MID,4,10000,HOUR_NY,13,CONTINUATION,4,0.6666666666666666,6
MID,4,10000,HOUR_NY,13,REVERSAL,2,0.3333333333333333,6
MID,4,10000,HOUR_NY,13,NO_EXPANSION,0,0.0,6
MID,4,10000,HOUR_NY,13,AMBIGUOUS,0,0.0,6
MID,4,10000,HOUR_NY,14,CONTINUATION,4,0.36363636363636365,11
MID,4,10000,HOUR_NY,14,REVERSAL,7,0.6363636363636364,11
MID,4,10000,HOUR_NY,14,NO_EXPANSION,0,0.0,11
MID,4,10000,HOUR_NY,14,AMBIGUOUS,0,0.0,11
MID,4,10000,HOUR_NY,15,CONTINUATION,5,0.5,10
MID,4,10000,HOUR_NY,15,REVERSAL,4,0.4,10
MID,4,10000,HOUR_NY,15,NO_EXPANSION,0,0.0,10
MID,4,10000,HOUR_NY,15,AMBIGUOUS,1,0.1,10
MID,4,10000,HOUR_NY,16,CONTINUATION,1,1.0,1
MID,4,10000,HOUR_NY,16,REVERSAL,0,0.0,1
MID,4,10000,HOUR_NY,16,NO_EXPANSION,0,0.0,1
MID,4,10000,HOUR_NY,16,AMBIGUOUS,0,0.0,1
MID,4,10000,HOUR_NY,9,CONTINUATION,8,0.38095238095238093,21
MID,4,10000,HOUR_NY,9,REVERSAL,10,0.47619047619047616,21
MID,4,10000,HOUR_NY,9,NO_EXPANSION,0,0.0,21
MID,4,10000,HOUR_NY,9,AMBIGUOUS,3,0.14285714285714285,21
MID,8,500,ALL,ALL,CONTINUATION,15,0.14150943396226415,106
MID,8,500,ALL,ALL,REVERSAL,8,0.07547169811320754,106
MID,8,500,ALL,ALL,NO_EXPANSION,82,0.7735849056603774,106
MID,8,500,ALL,ALL,AMBIGUOUS,1,0.009433962264150943,106
MID,8,500,SIDE,BUY,CONTINUATION,11,0.1746031746031746,63
MID,8,500,SIDE,BUY,REVERSAL,6,0.09523809523809523,63
MID,8,500,SIDE,BUY,NO_EXPANSION,45,0.7142857142857143,63
MID,8,500,SIDE,BUY,AMBIGUOUS,1,0.015873015873015872,63
MID,8,500,SIDE,SELL,CONTINUATION,4,0.09302325581395349,43
MID,8,500,SIDE,SELL,REVERSAL,2,0.046511627906976744,43
MID,8,500,SIDE,SELL,NO_EXPANSION,37,0.8604651162790697,43
MID,8,500,SIDE,SELL,AMBIGUOUS,0,0.0,43
MID,8,500,SESSION,2022-08-01,CONTINUATION,2,0.08333333333333333,24
MID,8,500,SESSION,2022-08-01,REVERSAL,1,0.041666666666666664,24
MID,8,500,SESSION,2022-08-01,NO_EXPANSION,21,0.875,24
MID,8,500,SESSION,2022-08-01,AMBIGUOUS,0,0.0,24
MID,8,500,SESSION,2022-08-02,CONTINUATION,5,0.16666666666666666,30
MID,8,500,SESSION,2022-08-02,REVERSAL,3,0.1,30
MID,8,500,SESSION,2022-08-02,NO_EXPANSION,21,0.7,30
MID,8,500,SESSION,2022-08-02,AMBIGUOUS,1,0.03333333333333333,30
MID,8,500,SESSION,2022-08-03,CONTINUATION,4,0.15384615384615385,26
MID,8,500,SESSION,2022-08-03,REVERSAL,1,0.038461538461538464,26
MID,8,500,SESSION,2022-08-03,NO_EXPANSION,21,0.8076923076923077,26
MID,8,500,SESSION,2022-08-03,AMBIGUOUS,0,0.0,26
MID,8,500,SESSION,2022-08-04,CONTINUATION,1,0.08333333333333333,12
MID,8,500,SESSION,2022-08-04,REVERSAL,3,0.25,12
MID,8,500,SESSION,2022-08-04,NO_EXPANSION,8,0.6666666666666666,12
MID,8,500,SESSION,2022-08-04,AMBIGUOUS,0,0.0,12
MID,8,500,SESSION,2022-08-05,CONTINUATION,3,0.21428571428571427,14
MID,8,500,SESSION,2022-08-05,REVERSAL,0,0.0,14
MID,8,500,SESSION,2022-08-05,NO_EXPANSION,11,0.7857142857142857,14
MID,8,500,SESSION,2022-08-05,AMBIGUOUS,0,0.0,14
MID,8,500,MONTH,2022-08,CONTINUATION,15,0.14150943396226415,106
MID,8,500,MONTH,2022-08,REVERSAL,8,0.07547169811320754,106
MID,8,500,MONTH,2022-08,NO_EXPANSION,82,0.7735849056603774,106
MID,8,500,MONTH,2022-08,AMBIGUOUS,1,0.009433962264150943,106
MID,8,500,YEAR,2022,CONTINUATION,15,0.14150943396226415,106
MID,8,500,YEAR,2022,REVERSAL,8,0.07547169811320754,106
MID,8,500,YEAR,2022,NO_EXPANSION,82,0.7735849056603774,106
MID,8,500,YEAR,2022,AMBIGUOUS,1,0.009433962264150943,106
MID,8,500,HOUR_NY,10,CONTINUATION,5,0.1724137931034483,29
MID,8,500,HOUR_NY,10,REVERSAL,4,0.13793103448275862,29
MID,8,500,HOUR_NY,10,NO_EXPANSION,19,0.6551724137931034,29
MID,8,500,HOUR_NY,10,AMBIGUOUS,1,0.034482758620689655,29
MID,8,500,HOUR_NY,11,CONTINUATION,2,0.10526315789473684,19
MID,8,500,HOUR_NY,11,REVERSAL,0,0.0,19
MID,8,500,HOUR_NY,11,NO_EXPANSION,17,0.8947368421052632,19
MID,8,500,HOUR_NY,11,AMBIGUOUS,0,0.0,19
MID,8,500,HOUR_NY,12,CONTINUATION,0,0.0,9
MID,8,500,HOUR_NY,12,REVERSAL,1,0.1111111111111111,9
MID,8,500,HOUR_NY,12,NO_EXPANSION,8,0.8888888888888888,9
MID,8,500,HOUR_NY,12,AMBIGUOUS,0,0.0,9
MID,8,500,HOUR_NY,13,CONTINUATION,0,0.0,6
MID,8,500,HOUR_NY,13,REVERSAL,0,0.0,6
MID,8,500,HOUR_NY,13,NO_EXPANSION,6,1.0,6
MID,8,500,HOUR_NY,13,AMBIGUOUS,0,0.0,6
MID,8,500,HOUR_NY,14,CONTINUATION,1,0.09090909090909091,11
MID,8,500,HOUR_NY,14,REVERSAL,0,0.0,11
MID,8,500,HOUR_NY,14,NO_EXPANSION,10,0.9090909090909091,11
MID,8,500,HOUR_NY,14,AMBIGUOUS,0,0.0,11
MID,8,500,HOUR_NY,15,CONTINUATION,0,0.0,10
MID,8,500,HOUR_NY,15,REVERSAL,1,0.1,10
MID,8,500,HOUR_NY,15,NO_EXPANSION,9,0.9,10
MID,8,500,HOUR_NY,15,AMBIGUOUS,0,0.0,10
MID,8,500,HOUR_NY,16,CONTINUATION,1,1.0,1
MID,8,500,HOUR_NY,16,REVERSAL,0,0.0,1
MID,8,500,HOUR_NY,16,NO_EXPANSION,0,0.0,1
MID,8,500,HOUR_NY,16,AMBIGUOUS,0,0.0,1
MID,8,500,HOUR_NY,9,CONTINUATION,6,0.2857142857142857,21
MID,8,500,HOUR_NY,9,REVERSAL,2,0.09523809523809523,21
MID,8,500,HOUR_NY,9,NO_EXPANSION,13,0.6190476190476191,21
MID,8,500,HOUR_NY,9,AMBIGUOUS,0,0.0,21
MID,8,1000,ALL,ALL,CONTINUATION,24,0.22641509433962265,106
MID,8,1000,ALL,ALL,REVERSAL,24,0.22641509433962265,106
MID,8,1000,ALL,ALL,NO_EXPANSION,57,0.5377358490566038,106
MID,8,1000,ALL,ALL,AMBIGUOUS,1,0.009433962264150943,106
MID,8,1000,SIDE,BUY,CONTINUATION,15,0.23809523809523808,63
MID,8,1000,SIDE,BUY,REVERSAL,12,0.19047619047619047,63
MID,8,1000,SIDE,BUY,NO_EXPANSION,35,0.5555555555555556,63
MID,8,1000,SIDE,BUY,AMBIGUOUS,1,0.015873015873015872,63
MID,8,1000,SIDE,SELL,CONTINUATION,9,0.20930232558139536,43
MID,8,1000,SIDE,SELL,REVERSAL,12,0.27906976744186046,43
MID,8,1000,SIDE,SELL,NO_EXPANSION,22,0.5116279069767442,43
MID,8,1000,SIDE,SELL,AMBIGUOUS,0,0.0,43
MID,8,1000,SESSION,2022-08-01,CONTINUATION,7,0.2916666666666667,24
MID,8,1000,SESSION,2022-08-01,REVERSAL,7,0.2916666666666667,24
MID,8,1000,SESSION,2022-08-01,NO_EXPANSION,10,0.4166666666666667,24
MID,8,1000,SESSION,2022-08-01,AMBIGUOUS,0,0.0,24
MID,8,1000,SESSION,2022-08-02,CONTINUATION,8,0.26666666666666666,30
MID,8,1000,SESSION,2022-08-02,REVERSAL,7,0.23333333333333334,30
MID,8,1000,SESSION,2022-08-02,NO_EXPANSION,14,0.4666666666666667,30
MID,8,1000,SESSION,2022-08-02,AMBIGUOUS,1,0.03333333333333333,30
MID,8,1000,SESSION,2022-08-03,CONTINUATION,5,0.19230769230769232,26
MID,8,1000,SESSION,2022-08-03,REVERSAL,3,0.11538461538461539,26
MID,8,1000,SESSION,2022-08-03,NO_EXPANSION,18,0.6923076923076923,26
MID,8,1000,SESSION,2022-08-03,AMBIGUOUS,0,0.0,26
MID,8,1000,SESSION,2022-08-04,CONTINUATION,1,0.08333333333333333,12
MID,8,1000,SESSION,2022-08-04,REVERSAL,5,0.4166666666666667,12
MID,8,1000,SESSION,2022-08-04,NO_EXPANSION,6,0.5,12
MID,8,1000,SESSION,2022-08-04,AMBIGUOUS,0,0.0,12
MID,8,1000,SESSION,2022-08-05,CONTINUATION,3,0.21428571428571427,14
MID,8,1000,SESSION,2022-08-05,REVERSAL,2,0.14285714285714285,14
MID,8,1000,SESSION,2022-08-05,NO_EXPANSION,9,0.6428571428571429,14
MID,8,1000,SESSION,2022-08-05,AMBIGUOUS,0,0.0,14
MID,8,1000,MONTH,2022-08,CONTINUATION,24,0.22641509433962265,106
MID,8,1000,MONTH,2022-08,REVERSAL,24,0.22641509433962265,106
MID,8,1000,MONTH,2022-08,NO_EXPANSION,57,0.5377358490566038,106
MID,8,1000,MONTH,2022-08,AMBIGUOUS,1,0.009433962264150943,106
MID,8,1000,YEAR,2022,CONTINUATION,24,0.22641509433962265,106
MID,8,1000,YEAR,2022,REVERSAL,24,0.22641509433962265,106
MID,8,1000,YEAR,2022,NO_EXPANSION,57,0.5377358490566038,106
MID,8,1000,YEAR,2022,AMBIGUOUS,1,0.009433962264150943,106
MID,8,1000,HOUR_NY,10,CONTINUATION,8,0.27586206896551724,29
MID,8,1000,HOUR_NY,10,REVERSAL,9,0.3103448275862069,29
MID,8,1000,HOUR_NY,10,NO_EXPANSION,11,0.3793103448275862,29
MID,8,1000,HOUR_NY,10,AMBIGUOUS,1,0.034482758620689655,29
MID,8,1000,HOUR_NY,11,CONTINUATION,2,0.10526315789473684,19
MID,8,1000,HOUR_NY,11,REVERSAL,1,0.05263157894736842,19
MID,8,1000,HOUR_NY,11,NO_EXPANSION,16,0.8421052631578947,19
MID,8,1000,HOUR_NY,11,AMBIGUOUS,0,0.0,19
MID,8,1000,HOUR_NY,12,CONTINUATION,0,0.0,9
MID,8,1000,HOUR_NY,12,REVERSAL,1,0.1111111111111111,9
MID,8,1000,HOUR_NY,12,NO_EXPANSION,8,0.8888888888888888,9
MID,8,1000,HOUR_NY,12,AMBIGUOUS,0,0.0,9
MID,8,1000,HOUR_NY,13,CONTINUATION,1,0.16666666666666666,6
MID,8,1000,HOUR_NY,13,REVERSAL,2,0.3333333333333333,6
MID,8,1000,HOUR_NY,13,NO_EXPANSION,3,0.5,6
MID,8,1000,HOUR_NY,13,AMBIGUOUS,0,0.0,6
MID,8,1000,HOUR_NY,14,CONTINUATION,2,0.18181818181818182,11
MID,8,1000,HOUR_NY,14,REVERSAL,1,0.09090909090909091,11
MID,8,1000,HOUR_NY,14,NO_EXPANSION,8,0.7272727272727273,11
MID,8,1000,HOUR_NY,14,AMBIGUOUS,0,0.0,11
MID,8,1000,HOUR_NY,15,CONTINUATION,3,0.3,10
MID,8,1000,HOUR_NY,15,REVERSAL,2,0.2,10
MID,8,1000,HOUR_NY,15,NO_EXPANSION,5,0.5,10
MID,8,1000,HOUR_NY,15,AMBIGUOUS,0,0.0,10
MID,8,1000,HOUR_NY,16,CONTINUATION,1,1.0,1
MID,8,1000,HOUR_NY,16,REVERSAL,0,0.0,1
MID,8,1000,HOUR_NY,16,NO_EXPANSION,0,0.0,1
MID,8,1000,HOUR_NY,16,AMBIGUOUS,0,0.0,1
MID,8,1000,HOUR_NY,9,CONTINUATION,7,0.3333333333333333,21
MID,8,1000,HOUR_NY,9,REVERSAL,8,0.38095238095238093,21
MID,8,1000,HOUR_NY,9,NO_EXPANSION,6,0.2857142857142857,21
MID,8,1000,HOUR_NY,9,AMBIGUOUS,0,0.0,21
MID,8,2000,ALL,ALL,CONTINUATION,33,0.3113207547169811,106
MID,8,2000,ALL,ALL,REVERSAL,30,0.2830188679245283,106
MID,8,2000,ALL,ALL,NO_EXPANSION,42,0.39622641509433965,106
MID,8,2000,ALL,ALL,AMBIGUOUS,1,0.009433962264150943,106
MID,8,2000,SIDE,BUY,CONTINUATION,22,0.3492063492063492,63
MID,8,2000,SIDE,BUY,REVERSAL,14,0.2222222222222222,63
MID,8,2000,SIDE,BUY,NO_EXPANSION,26,0.4126984126984127,63
MID,8,2000,SIDE,BUY,AMBIGUOUS,1,0.015873015873015872,63
MID,8,2000,SIDE,SELL,CONTINUATION,11,0.2558139534883721,43
MID,8,2000,SIDE,SELL,REVERSAL,16,0.37209302325581395,43
MID,8,2000,SIDE,SELL,NO_EXPANSION,16,0.37209302325581395,43
MID,8,2000,SIDE,SELL,AMBIGUOUS,0,0.0,43
MID,8,2000,SESSION,2022-08-01,CONTINUATION,8,0.3333333333333333,24
MID,8,2000,SESSION,2022-08-01,REVERSAL,9,0.375,24
MID,8,2000,SESSION,2022-08-01,NO_EXPANSION,7,0.2916666666666667,24
MID,8,2000,SESSION,2022-08-01,AMBIGUOUS,0,0.0,24
MID,8,2000,SESSION,2022-08-02,CONTINUATION,11,0.36666666666666664,30
MID,8,2000,SESSION,2022-08-02,REVERSAL,11,0.36666666666666664,30
MID,8,2000,SESSION,2022-08-02,NO_EXPANSION,7,0.23333333333333334,30
MID,8,2000,SESSION,2022-08-02,AMBIGUOUS,1,0.03333333333333333,30
MID,8,2000,SESSION,2022-08-03,CONTINUATION,7,0.2692307692307692,26
MID,8,2000,SESSION,2022-08-03,REVERSAL,3,0.11538461538461539,26
MID,8,2000,SESSION,2022-08-03,NO_EXPANSION,16,0.6153846153846154,26
MID,8,2000,SESSION,2022-08-03,AMBIGUOUS,0,0.0,26
MID,8,2000,SESSION,2022-08-04,CONTINUATION,2,0.16666666666666666,12
MID,8,2000,SESSION,2022-08-04,REVERSAL,5,0.4166666666666667,12
MID,8,2000,SESSION,2022-08-04,NO_EXPANSION,5,0.4166666666666667,12
MID,8,2000,SESSION,2022-08-04,AMBIGUOUS,0,0.0,12
MID,8,2000,SESSION,2022-08-05,CONTINUATION,5,0.35714285714285715,14
MID,8,2000,SESSION,2022-08-05,REVERSAL,2,0.14285714285714285,14
MID,8,2000,SESSION,2022-08-05,NO_EXPANSION,7,0.5,14
MID,8,2000,SESSION,2022-08-05,AMBIGUOUS,0,0.0,14
MID,8,2000,MONTH,2022-08,CONTINUATION,33,0.3113207547169811,106
MID,8,2000,MONTH,2022-08,REVERSAL,30,0.2830188679245283,106
MID,8,2000,MONTH,2022-08,NO_EXPANSION,42,0.39622641509433965,106
MID,8,2000,MONTH,2022-08,AMBIGUOUS,1,0.009433962264150943,106
MID,8,2000,YEAR,2022,CONTINUATION,33,0.3113207547169811,106
MID,8,2000,YEAR,2022,REVERSAL,30,0.2830188679245283,106
MID,8,2000,YEAR,2022,NO_EXPANSION,42,0.39622641509433965,106
MID,8,2000,YEAR,2022,AMBIGUOUS,1,0.009433962264150943,106
MID,8,2000,HOUR_NY,10,CONTINUATION,10,0.3448275862068966,29
MID,8,2000,HOUR_NY,10,REVERSAL,11,0.3793103448275862,29
MID,8,2000,HOUR_NY,10,NO_EXPANSION,7,0.2413793103448276,29
MID,8,2000,HOUR_NY,10,AMBIGUOUS,1,0.034482758620689655,29
MID,8,2000,HOUR_NY,11,CONTINUATION,3,0.15789473684210525,19
MID,8,2000,HOUR_NY,11,REVERSAL,1,0.05263157894736842,19
MID,8,2000,HOUR_NY,11,NO_EXPANSION,15,0.7894736842105263,19
MID,8,2000,HOUR_NY,11,AMBIGUOUS,0,0.0,19
MID,8,2000,HOUR_NY,12,CONTINUATION,2,0.2222222222222222,9
MID,8,2000,HOUR_NY,12,REVERSAL,2,0.2222222222222222,9
MID,8,2000,HOUR_NY,12,NO_EXPANSION,5,0.5555555555555556,9
MID,8,2000,HOUR_NY,12,AMBIGUOUS,0,0.0,9
MID,8,2000,HOUR_NY,13,CONTINUATION,2,0.3333333333333333,6
MID,8,2000,HOUR_NY,13,REVERSAL,2,0.3333333333333333,6
MID,8,2000,HOUR_NY,13,NO_EXPANSION,2,0.3333333333333333,6
MID,8,2000,HOUR_NY,13,AMBIGUOUS,0,0.0,6
MID,8,2000,HOUR_NY,14,CONTINUATION,2,0.18181818181818182,11
MID,8,2000,HOUR_NY,14,REVERSAL,2,0.18181818181818182,11
MID,8,2000,HOUR_NY,14,NO_EXPANSION,7,0.6363636363636364,11
MID,8,2000,HOUR_NY,14,AMBIGUOUS,0,0.0,11
MID,8,2000,HOUR_NY,15,CONTINUATION,3,0.3,10
MID,8,2000,HOUR_NY,15,REVERSAL,3,0.3,10
MID,8,2000,HOUR_NY,15,NO_EXPANSION,4,0.4,10
MID,8,2000,HOUR_NY,15,AMBIGUOUS,0,0.0,10
MID,8,2000,HOUR_NY,16,CONTINUATION,1,1.0,1
MID,8,2000,HOUR_NY,16,REVERSAL,0,0.0,1
MID,8,2000,HOUR_NY,16,NO_EXPANSION,0,0.0,1
MID,8,2000,HOUR_NY,16,AMBIGUOUS,0,0.0,1
MID,8,2000,HOUR_NY,9,CONTINUATION,10,0.47619047619047616,21
MID,8,2000,HOUR_NY,9,REVERSAL,9,0.42857142857142855,21
MID,8,2000,HOUR_NY,9,NO_EXPANSION,2,0.09523809523809523,21
MID,8,2000,HOUR_NY,9,AMBIGUOUS,0,0.0,21
MID,8,5000,ALL,ALL,CONTINUATION,46,0.4339622641509434,106
MID,8,5000,ALL,ALL,REVERSAL,36,0.33962264150943394,106
MID,8,5000,ALL,ALL,NO_EXPANSION,23,0.2169811320754717,106
MID,8,5000,ALL,ALL,AMBIGUOUS,1,0.009433962264150943,106
MID,8,5000,SIDE,BUY,CONTINUATION,29,0.4603174603174603,63
MID,8,5000,SIDE,BUY,REVERSAL,17,0.2698412698412698,63
MID,8,5000,SIDE,BUY,NO_EXPANSION,16,0.25396825396825395,63
MID,8,5000,SIDE,BUY,AMBIGUOUS,1,0.015873015873015872,63
MID,8,5000,SIDE,SELL,CONTINUATION,17,0.3953488372093023,43
MID,8,5000,SIDE,SELL,REVERSAL,19,0.4418604651162791,43
MID,8,5000,SIDE,SELL,NO_EXPANSION,7,0.16279069767441862,43
MID,8,5000,SIDE,SELL,AMBIGUOUS,0,0.0,43
MID,8,5000,SESSION,2022-08-01,CONTINUATION,10,0.4166666666666667,24
MID,8,5000,SESSION,2022-08-01,REVERSAL,10,0.4166666666666667,24
MID,8,5000,SESSION,2022-08-01,NO_EXPANSION,4,0.16666666666666666,24
MID,8,5000,SESSION,2022-08-01,AMBIGUOUS,0,0.0,24
MID,8,5000,SESSION,2022-08-02,CONTINUATION,13,0.43333333333333335,30
MID,8,5000,SESSION,2022-08-02,REVERSAL,13,0.43333333333333335,30
MID,8,5000,SESSION,2022-08-02,NO_EXPANSION,3,0.1,30
MID,8,5000,SESSION,2022-08-02,AMBIGUOUS,1,0.03333333333333333,30
MID,8,5000,SESSION,2022-08-03,CONTINUATION,12,0.46153846153846156,26
MID,8,5000,SESSION,2022-08-03,REVERSAL,3,0.11538461538461539,26
MID,8,5000,SESSION,2022-08-03,NO_EXPANSION,11,0.4230769230769231,26
MID,8,5000,SESSION,2022-08-03,AMBIGUOUS,0,0.0,26
MID,8,5000,SESSION,2022-08-04,CONTINUATION,4,0.3333333333333333,12
MID,8,5000,SESSION,2022-08-04,REVERSAL,5,0.4166666666666667,12
MID,8,5000,SESSION,2022-08-04,NO_EXPANSION,3,0.25,12
MID,8,5000,SESSION,2022-08-04,AMBIGUOUS,0,0.0,12
MID,8,5000,SESSION,2022-08-05,CONTINUATION,7,0.5,14
MID,8,5000,SESSION,2022-08-05,REVERSAL,5,0.35714285714285715,14
MID,8,5000,SESSION,2022-08-05,NO_EXPANSION,2,0.14285714285714285,14
MID,8,5000,SESSION,2022-08-05,AMBIGUOUS,0,0.0,14
MID,8,5000,MONTH,2022-08,CONTINUATION,46,0.4339622641509434,106
MID,8,5000,MONTH,2022-08,REVERSAL,36,0.33962264150943394,106
MID,8,5000,MONTH,2022-08,NO_EXPANSION,23,0.2169811320754717,106
MID,8,5000,MONTH,2022-08,AMBIGUOUS,1,0.009433962264150943,106
MID,8,5000,YEAR,2022,CONTINUATION,46,0.4339622641509434,106
MID,8,5000,YEAR,2022,REVERSAL,36,0.33962264150943394,106
MID,8,5000,YEAR,2022,NO_EXPANSION,23,0.2169811320754717,106
MID,8,5000,YEAR,2022,AMBIGUOUS,1,0.009433962264150943,106
MID,8,5000,HOUR_NY,10,CONTINUATION,11,0.3793103448275862,29
MID,8,5000,HOUR_NY,10,REVERSAL,14,0.4827586206896552,29
MID,8,5000,HOUR_NY,10,NO_EXPANSION,3,0.10344827586206896,29
MID,8,5000,HOUR_NY,10,AMBIGUOUS,1,0.034482758620689655,29
MID,8,5000,HOUR_NY,11,CONTINUATION,6,0.3157894736842105,19
MID,8,5000,HOUR_NY,11,REVERSAL,2,0.10526315789473684,19
MID,8,5000,HOUR_NY,11,NO_EXPANSION,11,0.5789473684210527,19
MID,8,5000,HOUR_NY,11,AMBIGUOUS,0,0.0,19
MID,8,5000,HOUR_NY,12,CONTINUATION,5,0.5555555555555556,9
MID,8,5000,HOUR_NY,12,REVERSAL,3,0.3333333333333333,9
MID,8,5000,HOUR_NY,12,NO_EXPANSION,1,0.1111111111111111,9
MID,8,5000,HOUR_NY,12,AMBIGUOUS,0,0.0,9
MID,8,5000,HOUR_NY,13,CONTINUATION,4,0.6666666666666666,6
MID,8,5000,HOUR_NY,13,REVERSAL,2,0.3333333333333333,6
MID,8,5000,HOUR_NY,13,NO_EXPANSION,0,0.0,6
MID,8,5000,HOUR_NY,13,AMBIGUOUS,0,0.0,6
MID,8,5000,HOUR_NY,14,CONTINUATION,4,0.36363636363636365,11
MID,8,5000,HOUR_NY,14,REVERSAL,3,0.2727272727272727,11
MID,8,5000,HOUR_NY,14,NO_EXPANSION,4,0.36363636363636365,11
MID,8,5000,HOUR_NY,14,AMBIGUOUS,0,0.0,11
MID,8,5000,HOUR_NY,15,CONTINUATION,3,0.3,10
MID,8,5000,HOUR_NY,15,REVERSAL,3,0.3,10
MID,8,5000,HOUR_NY,15,NO_EXPANSION,4,0.4,10
MID,8,5000,HOUR_NY,15,AMBIGUOUS,0,0.0,10
MID,8,5000,HOUR_NY,16,CONTINUATION,1,1.0,1
MID,8,5000,HOUR_NY,16,REVERSAL,0,0.0,1
MID,8,5000,HOUR_NY,16,NO_EXPANSION,0,0.0,1
MID,8,5000,HOUR_NY,16,AMBIGUOUS,0,0.0,1
MID,8,5000,HOUR_NY,9,CONTINUATION,12,0.5714285714285714,21
MID,8,5000,HOUR_NY,9,REVERSAL,9,0.42857142857142855,21
MID,8,5000,HOUR_NY,9,NO_EXPANSION,0,0.0,21
MID,8,5000,HOUR_NY,9,AMBIGUOUS,0,0.0,21
MID,8,10000,ALL,ALL,CONTINUATION,52,0.49056603773584906,106
MID,8,10000,ALL,ALL,REVERSAL,47,0.44339622641509435,106
MID,8,10000,ALL,ALL,NO_EXPANSION,6,0.05660377358490566,106
MID,8,10000,ALL,ALL,AMBIGUOUS,1,0.009433962264150943,106
MID,8,10000,SIDE,BUY,CONTINUATION,33,0.5238095238095238,63
MID,8,10000,SIDE,BUY,REVERSAL,24,0.38095238095238093,63
MID,8,10000,SIDE,BUY,NO_EXPANSION,5,0.07936507936507936,63
MID,8,10000,SIDE,BUY,AMBIGUOUS,1,0.015873015873015872,63
MID,8,10000,SIDE,SELL,CONTINUATION,19,0.4418604651162791,43
MID,8,10000,SIDE,SELL,REVERSAL,23,0.5348837209302325,43
MID,8,10000,SIDE,SELL,NO_EXPANSION,1,0.023255813953488372,43
MID,8,10000,SIDE,SELL,AMBIGUOUS,0,0.0,43
MID,8,10000,SESSION,2022-08-01,CONTINUATION,10,0.4166666666666667,24
MID,8,10000,SESSION,2022-08-01,REVERSAL,14,0.5833333333333334,24
MID,8,10000,SESSION,2022-08-01,NO_EXPANSION,0,0.0,24
MID,8,10000,SESSION,2022-08-01,AMBIGUOUS,0,0.0,24
MID,8,10000,SESSION,2022-08-02,CONTINUATION,15,0.5,30
MID,8,10000,SESSION,2022-08-02,REVERSAL,14,0.4666666666666667,30
MID,8,10000,SESSION,2022-08-02,NO_EXPANSION,0,0.0,30
MID,8,10000,SESSION,2022-08-02,AMBIGUOUS,1,0.03333333333333333,30
MID,8,10000,SESSION,2022-08-03,CONTINUATION,15,0.5769230769230769,26
MID,8,10000,SESSION,2022-08-03,REVERSAL,7,0.2692307692307692,26
MID,8,10000,SESSION,2022-08-03,NO_EXPANSION,4,0.15384615384615385,26
MID,8,10000,SESSION,2022-08-03,AMBIGUOUS,0,0.0,26
MID,8,10000,SESSION,2022-08-04,CONTINUATION,5,0.4166666666666667,12
MID,8,10000,SESSION,2022-08-04,REVERSAL,5,0.4166666666666667,12
MID,8,10000,SESSION,2022-08-04,NO_EXPANSION,2,0.16666666666666666,12
MID,8,10000,SESSION,2022-08-04,AMBIGUOUS,0,0.0,12
MID,8,10000,SESSION,2022-08-05,CONTINUATION,7,0.5,14
MID,8,10000,SESSION,2022-08-05,REVERSAL,7,0.5,14
MID,8,10000,SESSION,2022-08-05,NO_EXPANSION,0,0.0,14
MID,8,10000,SESSION,2022-08-05,AMBIGUOUS,0,0.0,14
MID,8,10000,MONTH,2022-08,CONTINUATION,52,0.49056603773584906,106
MID,8,10000,MONTH,2022-08,REVERSAL,47,0.44339622641509435,106
MID,8,10000,MONTH,2022-08,NO_EXPANSION,6,0.05660377358490566,106
MID,8,10000,MONTH,2022-08,AMBIGUOUS,1,0.009433962264150943,106
MID,8,10000,YEAR,2022,CONTINUATION,52,0.49056603773584906,106
MID,8,10000,YEAR,2022,REVERSAL,47,0.44339622641509435,106
MID,8,10000,YEAR,2022,NO_EXPANSION,6,0.05660377358490566,106
MID,8,10000,YEAR,2022,AMBIGUOUS,1,0.009433962264150943,106
MID,8,10000,HOUR_NY,10,CONTINUATION,13,0.4482758620689655,29
MID,8,10000,HOUR_NY,10,REVERSAL,15,0.5172413793103449,29
MID,8,10000,HOUR_NY,10,NO_EXPANSION,0,0.0,29
MID,8,10000,HOUR_NY,10,AMBIGUOUS,1,0.034482758620689655,29
MID,8,10000,HOUR_NY,11,CONTINUATION,9,0.47368421052631576,19
MID,8,10000,HOUR_NY,11,REVERSAL,10,0.5263157894736842,19
MID,8,10000,HOUR_NY,11,NO_EXPANSION,0,0.0,19
MID,8,10000,HOUR_NY,11,AMBIGUOUS,0,0.0,19
MID,8,10000,HOUR_NY,12,CONTINUATION,5,0.5555555555555556,9
MID,8,10000,HOUR_NY,12,REVERSAL,4,0.4444444444444444,9
MID,8,10000,HOUR_NY,12,NO_EXPANSION,0,0.0,9
MID,8,10000,HOUR_NY,12,AMBIGUOUS,0,0.0,9
MID,8,10000,HOUR_NY,13,CONTINUATION,4,0.6666666666666666,6
MID,8,10000,HOUR_NY,13,REVERSAL,2,0.3333333333333333,6
MID,8,10000,HOUR_NY,13,NO_EXPANSION,0,0.0,6
MID,8,10000,HOUR_NY,13,AMBIGUOUS,0,0.0,6
MID,8,10000,HOUR_NY,14,CONTINUATION,5,0.45454545454545453,11
MID,8,10000,HOUR_NY,14,REVERSAL,3,0.2727272727272727,11
MID,8,10000,HOUR_NY,14,NO_EXPANSION,3,0.2727272727272727,11
MID,8,10000,HOUR_NY,14,AMBIGUOUS,0,0.0,11
MID,8,10000,HOUR_NY,15,CONTINUATION,3,0.3,10
MID,8,10000,HOUR_NY,15,REVERSAL,4,0.4,10
MID,8,10000,HOUR_NY,15,NO_EXPANSION,3,0.3,10
MID,8,10000,HOUR_NY,15,AMBIGUOUS,0,0.0,10
MID,8,10000,HOUR_NY,16,CONTINUATION,1,1.0,1
MID,8,10000,HOUR_NY,16,REVERSAL,0,0.0,1
MID,8,10000,HOUR_NY,16,NO_EXPANSION,0,0.0,1
MID,8,10000,HOUR_NY,16,AMBIGUOUS,0,0.0,1
MID,8,10000,HOUR_NY,9,CONTINUATION,12,0.5714285714285714,21
MID,8,10000,HOUR_NY,9,REVERSAL,9,0.42857142857142855,21
MID,8,10000,HOUR_NY,9,NO_EXPANSION,0,0.0,21
MID,8,10000,HOUR_NY,9,AMBIGUOUS,0,0.0,21
MID,12,500,ALL,ALL,CONTINUATION,4,0.03773584905660377,106
MID,12,500,ALL,ALL,REVERSAL,4,0.03773584905660377,106
MID,12,500,ALL,ALL,NO_EXPANSION,98,0.9245283018867925,106
MID,12,500,ALL,ALL,AMBIGUOUS,0,0.0,106
MID,12,500,SIDE,BUY,CONTINUATION,2,0.031746031746031744,63
MID,12,500,SIDE,BUY,REVERSAL,4,0.06349206349206349,63
MID,12,500,SIDE,BUY,NO_EXPANSION,57,0.9047619047619048,63
MID,12,500,SIDE,BUY,AMBIGUOUS,0,0.0,63
MID,12,500,SIDE,SELL,CONTINUATION,2,0.046511627906976744,43
MID,12,500,SIDE,SELL,REVERSAL,0,0.0,43
MID,12,500,SIDE,SELL,NO_EXPANSION,41,0.9534883720930233,43
MID,12,500,SIDE,SELL,AMBIGUOUS,0,0.0,43
MID,12,500,SESSION,2022-08-01,CONTINUATION,1,0.041666666666666664,24
MID,12,500,SESSION,2022-08-01,REVERSAL,0,0.0,24
MID,12,500,SESSION,2022-08-01,NO_EXPANSION,23,0.9583333333333334,24
MID,12,500,SESSION,2022-08-01,AMBIGUOUS,0,0.0,24
MID,12,500,SESSION,2022-08-02,CONTINUATION,1,0.03333333333333333,30
MID,12,500,SESSION,2022-08-02,REVERSAL,2,0.06666666666666667,30
MID,12,500,SESSION,2022-08-02,NO_EXPANSION,27,0.9,30
MID,12,500,SESSION,2022-08-02,AMBIGUOUS,0,0.0,30
MID,12,500,SESSION,2022-08-03,CONTINUATION,1,0.038461538461538464,26
MID,12,500,SESSION,2022-08-03,REVERSAL,1,0.038461538461538464,26
MID,12,500,SESSION,2022-08-03,NO_EXPANSION,24,0.9230769230769231,26
MID,12,500,SESSION,2022-08-03,AMBIGUOUS,0,0.0,26
MID,12,500,SESSION,2022-08-04,CONTINUATION,1,0.08333333333333333,12
MID,12,500,SESSION,2022-08-04,REVERSAL,1,0.08333333333333333,12
MID,12,500,SESSION,2022-08-04,NO_EXPANSION,10,0.8333333333333334,12
MID,12,500,SESSION,2022-08-04,AMBIGUOUS,0,0.0,12
MID,12,500,SESSION,2022-08-05,CONTINUATION,0,0.0,14
MID,12,500,SESSION,2022-08-05,REVERSAL,0,0.0,14
MID,12,500,SESSION,2022-08-05,NO_EXPANSION,14,1.0,14
MID,12,500,SESSION,2022-08-05,AMBIGUOUS,0,0.0,14
MID,12,500,MONTH,2022-08,CONTINUATION,4,0.03773584905660377,106
MID,12,500,MONTH,2022-08,REVERSAL,4,0.03773584905660377,106
MID,12,500,MONTH,2022-08,NO_EXPANSION,98,0.9245283018867925,106
MID,12,500,MONTH,2022-08,AMBIGUOUS,0,0.0,106
MID,12,500,YEAR,2022,CONTINUATION,4,0.03773584905660377,106
MID,12,500,YEAR,2022,REVERSAL,4,0.03773584905660377,106
MID,12,500,YEAR,2022,NO_EXPANSION,98,0.9245283018867925,106
MID,12,500,YEAR,2022,AMBIGUOUS,0,0.0,106
MID,12,500,HOUR_NY,10,CONTINUATION,2,0.06896551724137931,29
MID,12,500,HOUR_NY,10,REVERSAL,2,0.06896551724137931,29
MID,12,500,HOUR_NY,10,NO_EXPANSION,25,0.8620689655172413,29
MID,12,500,HOUR_NY,10,AMBIGUOUS,0,0.0,29
MID,12,500,HOUR_NY,11,CONTINUATION,1,0.05263157894736842,19
MID,12,500,HOUR_NY,11,REVERSAL,0,0.0,19
MID,12,500,HOUR_NY,11,NO_EXPANSION,18,0.9473684210526315,19
MID,12,500,HOUR_NY,11,AMBIGUOUS,0,0.0,19
MID,12,500,HOUR_NY,12,CONTINUATION,0,0.0,9
MID,12,500,HOUR_NY,12,REVERSAL,1,0.1111111111111111,9
MID,12,500,HOUR_NY,12,NO_EXPANSION,8,0.8888888888888888,9
MID,12,500,HOUR_NY,12,AMBIGUOUS,0,0.0,9
MID,12,500,HOUR_NY,13,CONTINUATION,0,0.0,6
MID,12,500,HOUR_NY,13,REVERSAL,0,0.0,6
MID,12,500,HOUR_NY,13,NO_EXPANSION,6,1.0,6
MID,12,500,HOUR_NY,13,AMBIGUOUS,0,0.0,6
MID,12,500,HOUR_NY,14,CONTINUATION,1,0.09090909090909091,11
MID,12,500,HOUR_NY,14,REVERSAL,0,0.0,11
MID,12,500,HOUR_NY,14,NO_EXPANSION,10,0.9090909090909091,11
MID,12,500,HOUR_NY,14,AMBIGUOUS,0,0.0,11
MID,12,500,HOUR_NY,15,CONTINUATION,0,0.0,10
MID,12,500,HOUR_NY,15,REVERSAL,1,0.1,10
MID,12,500,HOUR_NY,15,NO_EXPANSION,9,0.9,10
MID,12,500,HOUR_NY,15,AMBIGUOUS,0,0.0,10
MID,12,500,HOUR_NY,16,CONTINUATION,0,0.0,1
MID,12,500,HOUR_NY,16,REVERSAL,0,0.0,1
MID,12,500,HOUR_NY,16,NO_EXPANSION,1,1.0,1
MID,12,500,HOUR_NY,16,AMBIGUOUS,0,0.0,1
MID,12,500,HOUR_NY,9,CONTINUATION,0,0.0,21
MID,12,500,HOUR_NY,9,REVERSAL,0,0.0,21
MID,12,500,HOUR_NY,9,NO_EXPANSION,21,1.0,21
MID,12,500,HOUR_NY,9,AMBIGUOUS,0,0.0,21
MID,12,1000,ALL,ALL,CONTINUATION,9,0.08490566037735849,106
MID,12,1000,ALL,ALL,REVERSAL,12,0.11320754716981132,106
MID,12,1000,ALL,ALL,NO_EXPANSION,85,0.8018867924528302,106
MID,12,1000,ALL,ALL,AMBIGUOUS,0,0.0,106
MID,12,1000,SIDE,BUY,CONTINUATION,5,0.07936507936507936,63
MID,12,1000,SIDE,BUY,REVERSAL,7,0.1111111111111111,63
MID,12,1000,SIDE,BUY,NO_EXPANSION,51,0.8095238095238095,63
MID,12,1000,SIDE,BUY,AMBIGUOUS,0,0.0,63
MID,12,1000,SIDE,SELL,CONTINUATION,4,0.09302325581395349,43
MID,12,1000,SIDE,SELL,REVERSAL,5,0.11627906976744186,43
MID,12,1000,SIDE,SELL,NO_EXPANSION,34,0.7906976744186046,43
MID,12,1000,SIDE,SELL,AMBIGUOUS,0,0.0,43
MID,12,1000,SESSION,2022-08-01,CONTINUATION,1,0.041666666666666664,24
MID,12,1000,SESSION,2022-08-01,REVERSAL,3,0.125,24
MID,12,1000,SESSION,2022-08-01,NO_EXPANSION,20,0.8333333333333334,24
MID,12,1000,SESSION,2022-08-01,AMBIGUOUS,0,0.0,24
MID,12,1000,SESSION,2022-08-02,CONTINUATION,5,0.16666666666666666,30
MID,12,1000,SESSION,2022-08-02,REVERSAL,5,0.16666666666666666,30
MID,12,1000,SESSION,2022-08-02,NO_EXPANSION,20,0.6666666666666666,30
MID,12,1000,SESSION,2022-08-02,AMBIGUOUS,0,0.0,30
MID,12,1000,SESSION,2022-08-03,CONTINUATION,2,0.07692307692307693,26
MID,12,1000,SESSION,2022-08-03,REVERSAL,1,0.038461538461538464,26
MID,12,1000,SESSION,2022-08-03,NO_EXPANSION,23,0.8846153846153846,26
MID,12,1000,SESSION,2022-08-03,AMBIGUOUS,0,0.0,26
MID,12,1000,SESSION,2022-08-04,CONTINUATION,1,0.08333333333333333,12
MID,12,1000,SESSION,2022-08-04,REVERSAL,3,0.25,12
MID,12,1000,SESSION,2022-08-04,NO_EXPANSION,8,0.6666666666666666,12
MID,12,1000,SESSION,2022-08-04,AMBIGUOUS,0,0.0,12
MID,12,1000,SESSION,2022-08-05,CONTINUATION,0,0.0,14
MID,12,1000,SESSION,2022-08-05,REVERSAL,0,0.0,14
MID,12,1000,SESSION,2022-08-05,NO_EXPANSION,14,1.0,14
MID,12,1000,SESSION,2022-08-05,AMBIGUOUS,0,0.0,14
MID,12,1000,MONTH,2022-08,CONTINUATION,9,0.08490566037735849,106
MID,12,1000,MONTH,2022-08,REVERSAL,12,0.11320754716981132,106
MID,12,1000,MONTH,2022-08,NO_EXPANSION,85,0.8018867924528302,106
MID,12,1000,MONTH,2022-08,AMBIGUOUS,0,0.0,106
MID,12,1000,YEAR,2022,CONTINUATION,9,0.08490566037735849,106
MID,12,1000,YEAR,2022,REVERSAL,12,0.11320754716981132,106
MID,12,1000,YEAR,2022,NO_EXPANSION,85,0.8018867924528302,106
MID,12,1000,YEAR,2022,AMBIGUOUS,0,0.0,106
MID,12,1000,HOUR_NY,10,CONTINUATION,3,0.10344827586206896,29
MID,12,1000,HOUR_NY,10,REVERSAL,6,0.20689655172413793,29
MID,12,1000,HOUR_NY,10,NO_EXPANSION,20,0.6896551724137931,29
MID,12,1000,HOUR_NY,10,AMBIGUOUS,0,0.0,29
MID,12,1000,HOUR_NY,11,CONTINUATION,1,0.05263157894736842,19
MID,12,1000,HOUR_NY,11,REVERSAL,0,0.0,19
MID,12,1000,HOUR_NY,11,NO_EXPANSION,18,0.9473684210526315,19
MID,12,1000,HOUR_NY,11,AMBIGUOUS,0,0.0,19
MID,12,1000,HOUR_NY,12,CONTINUATION,0,0.0,9
MID,12,1000,HOUR_NY,12,REVERSAL,1,0.1111111111111111,9
MID,12,1000,HOUR_NY,12,NO_EXPANSION,8,0.8888888888888888,9
MID,12,1000,HOUR_NY,12,AMBIGUOUS,0,0.0,9
MID,12,1000,HOUR_NY,13,CONTINUATION,0,0.0,6
MID,12,1000,HOUR_NY,13,REVERSAL,1,0.16666666666666666,6
MID,12,1000,HOUR_NY,13,NO_EXPANSION,5,0.8333333333333334,6
MID,12,1000,HOUR_NY,13,AMBIGUOUS,0,0.0,6
MID,12,1000,HOUR_NY,14,CONTINUATION,1,0.09090909090909091,11
MID,12,1000,HOUR_NY,14,REVERSAL,0,0.0,11
MID,12,1000,HOUR_NY,14,NO_EXPANSION,10,0.9090909090909091,11
MID,12,1000,HOUR_NY,14,AMBIGUOUS,0,0.0,11
MID,12,1000,HOUR_NY,15,CONTINUATION,0,0.0,10
MID,12,1000,HOUR_NY,15,REVERSAL,2,0.2,10
MID,12,1000,HOUR_NY,15,NO_EXPANSION,8,0.8,10
MID,12,1000,HOUR_NY,15,AMBIGUOUS,0,0.0,10
MID,12,1000,HOUR_NY,16,CONTINUATION,1,1.0,1
MID,12,1000,HOUR_NY,16,REVERSAL,0,0.0,1
MID,12,1000,HOUR_NY,16,NO_EXPANSION,0,0.0,1
MID,12,1000,HOUR_NY,16,AMBIGUOUS,0,0.0,1
MID,12,1000,HOUR_NY,9,CONTINUATION,3,0.14285714285714285,21
MID,12,1000,HOUR_NY,9,REVERSAL,2,0.09523809523809523,21
MID,12,1000,HOUR_NY,9,NO_EXPANSION,16,0.7619047619047619,21
MID,12,1000,HOUR_NY,9,AMBIGUOUS,0,0.0,21
MID,12,2000,ALL,ALL,CONTINUATION,23,0.2169811320754717,106
MID,12,2000,ALL,ALL,REVERSAL,14,0.1320754716981132,106
MID,12,2000,ALL,ALL,NO_EXPANSION,69,0.6509433962264151,106
MID,12,2000,ALL,ALL,AMBIGUOUS,0,0.0,106
MID,12,2000,SIDE,BUY,CONTINUATION,15,0.23809523809523808,63
MID,12,2000,SIDE,BUY,REVERSAL,7,0.1111111111111111,63
MID,12,2000,SIDE,BUY,NO_EXPANSION,41,0.6507936507936508,63
MID,12,2000,SIDE,BUY,AMBIGUOUS,0,0.0,63
MID,12,2000,SIDE,SELL,CONTINUATION,8,0.18604651162790697,43
MID,12,2000,SIDE,SELL,REVERSAL,7,0.16279069767441862,43
MID,12,2000,SIDE,SELL,NO_EXPANSION,28,0.6511627906976745,43
MID,12,2000,SIDE,SELL,AMBIGUOUS,0,0.0,43
MID,12,2000,SESSION,2022-08-01,CONTINUATION,5,0.20833333333333334,24
MID,12,2000,SESSION,2022-08-01,REVERSAL,4,0.16666666666666666,24
MID,12,2000,SESSION,2022-08-01,NO_EXPANSION,15,0.625,24
MID,12,2000,SESSION,2022-08-01,AMBIGUOUS,0,0.0,24
MID,12,2000,SESSION,2022-08-02,CONTINUATION,9,0.3,30
MID,12,2000,SESSION,2022-08-02,REVERSAL,6,0.2,30
MID,12,2000,SESSION,2022-08-02,NO_EXPANSION,15,0.5,30
MID,12,2000,SESSION,2022-08-02,AMBIGUOUS,0,0.0,30
MID,12,2000,SESSION,2022-08-03,CONTINUATION,5,0.19230769230769232,26
MID,12,2000,SESSION,2022-08-03,REVERSAL,1,0.038461538461538464,26
MID,12,2000,SESSION,2022-08-03,NO_EXPANSION,20,0.7692307692307693,26
MID,12,2000,SESSION,2022-08-03,AMBIGUOUS,0,0.0,26
MID,12,2000,SESSION,2022-08-04,CONTINUATION,1,0.08333333333333333,12
MID,12,2000,SESSION,2022-08-04,REVERSAL,3,0.25,12
MID,12,2000,SESSION,2022-08-04,NO_EXPANSION,8,0.6666666666666666,12
MID,12,2000,SESSION,2022-08-04,AMBIGUOUS,0,0.0,12
MID,12,2000,SESSION,2022-08-05,CONTINUATION,3,0.21428571428571427,14
MID,12,2000,SESSION,2022-08-05,REVERSAL,0,0.0,14
MID,12,2000,SESSION,2022-08-05,NO_EXPANSION,11,0.7857142857142857,14
MID,12,2000,SESSION,2022-08-05,AMBIGUOUS,0,0.0,14
MID,12,2000,MONTH,2022-08,CONTINUATION,23,0.2169811320754717,106
MID,12,2000,MONTH,2022-08,REVERSAL,14,0.1320754716981132,106
MID,12,2000,MONTH,2022-08,NO_EXPANSION,69,0.6509433962264151,106
MID,12,2000,MONTH,2022-08,AMBIGUOUS,0,0.0,106
MID,12,2000,YEAR,2022,CONTINUATION,23,0.2169811320754717,106
MID,12,2000,YEAR,2022,REVERSAL,14,0.1320754716981132,106
MID,12,2000,YEAR,2022,NO_EXPANSION,69,0.6509433962264151,106
MID,12,2000,YEAR,2022,AMBIGUOUS,0,0.0,106
MID,12,2000,HOUR_NY,10,CONTINUATION,7,0.2413793103448276,29
MID,12,2000,HOUR_NY,10,REVERSAL,7,0.2413793103448276,29
MID,12,2000,HOUR_NY,10,NO_EXPANSION,15,0.5172413793103449,29
MID,12,2000,HOUR_NY,10,AMBIGUOUS,0,0.0,29
MID,12,2000,HOUR_NY,11,CONTINUATION,3,0.15789473684210525,19
MID,12,2000,HOUR_NY,11,REVERSAL,0,0.0,19
MID,12,2000,HOUR_NY,11,NO_EXPANSION,16,0.8421052631578947,19
MID,12,2000,HOUR_NY,11,AMBIGUOUS,0,0.0,19
MID,12,2000,HOUR_NY,12,CONTINUATION,1,0.1111111111111111,9
MID,12,2000,HOUR_NY,12,REVERSAL,1,0.1111111111111111,9
MID,12,2000,HOUR_NY,12,NO_EXPANSION,7,0.7777777777777778,9
MID,12,2000,HOUR_NY,12,AMBIGUOUS,0,0.0,9
MID,12,2000,HOUR_NY,13,CONTINUATION,0,0.0,6
MID,12,2000,HOUR_NY,13,REVERSAL,1,0.16666666666666666,6
MID,12,2000,HOUR_NY,13,NO_EXPANSION,5,0.8333333333333334,6
MID,12,2000,HOUR_NY,13,AMBIGUOUS,0,0.0,6
MID,12,2000,HOUR_NY,14,CONTINUATION,2,0.18181818181818182,11
MID,12,2000,HOUR_NY,14,REVERSAL,0,0.0,11
MID,12,2000,HOUR_NY,14,NO_EXPANSION,9,0.8181818181818182,11
MID,12,2000,HOUR_NY,14,AMBIGUOUS,0,0.0,11
MID,12,2000,HOUR_NY,15,CONTINUATION,1,0.1,10
MID,12,2000,HOUR_NY,15,REVERSAL,2,0.2,10
MID,12,2000,HOUR_NY,15,NO_EXPANSION,7,0.7,10
MID,12,2000,HOUR_NY,15,AMBIGUOUS,0,0.0,10
MID,12,2000,HOUR_NY,16,CONTINUATION,1,1.0,1
MID,12,2000,HOUR_NY,16,REVERSAL,0,0.0,1
MID,12,2000,HOUR_NY,16,NO_EXPANSION,0,0.0,1
MID,12,2000,HOUR_NY,16,AMBIGUOUS,0,0.0,1
MID,12,2000,HOUR_NY,9,CONTINUATION,8,0.38095238095238093,21
MID,12,2000,HOUR_NY,9,REVERSAL,3,0.14285714285714285,21
MID,12,2000,HOUR_NY,9,NO_EXPANSION,10,0.47619047619047616,21
MID,12,2000,HOUR_NY,9,AMBIGUOUS,0,0.0,21
MID,12,5000,ALL,ALL,CONTINUATION,34,0.32075471698113206,106
MID,12,5000,ALL,ALL,REVERSAL,25,0.2358490566037736,106
MID,12,5000,ALL,ALL,NO_EXPANSION,47,0.44339622641509435,106
MID,12,5000,ALL,ALL,AMBIGUOUS,0,0.0,106
MID,12,5000,SIDE,BUY,CONTINUATION,25,0.3968253968253968,63
MID,12,5000,SIDE,BUY,REVERSAL,14,0.2222222222222222,63
MID,12,5000,SIDE,BUY,NO_EXPANSION,24,0.38095238095238093,63
MID,12,5000,SIDE,BUY,AMBIGUOUS,0,0.0,63
MID,12,5000,SIDE,SELL,CONTINUATION,9,0.20930232558139536,43
MID,12,5000,SIDE,SELL,REVERSAL,11,0.2558139534883721,43
MID,12,5000,SIDE,SELL,NO_EXPANSION,23,0.5348837209302325,43
MID,12,5000,SIDE,SELL,AMBIGUOUS,0,0.0,43
MID,12,5000,SESSION,2022-08-01,CONTINUATION,7,0.2916666666666667,24
MID,12,5000,SESSION,2022-08-01,REVERSAL,6,0.25,24
MID,12,5000,SESSION,2022-08-01,NO_EXPANSION,11,0.4583333333333333,24
MID,12,5000,SESSION,2022-08-01,AMBIGUOUS,0,0.0,24
MID,12,5000,SESSION,2022-08-02,CONTINUATION,12,0.4,30
MID,12,5000,SESSION,2022-08-02,REVERSAL,10,0.3333333333333333,30
MID,12,5000,SESSION,2022-08-02,NO_EXPANSION,8,0.26666666666666666,30
MID,12,5000,SESSION,2022-08-02,AMBIGUOUS,0,0.0,30
MID,12,5000,SESSION,2022-08-03,CONTINUATION,8,0.3076923076923077,26
MID,12,5000,SESSION,2022-08-03,REVERSAL,3,0.11538461538461539,26
MID,12,5000,SESSION,2022-08-03,NO_EXPANSION,15,0.5769230769230769,26
MID,12,5000,SESSION,2022-08-03,AMBIGUOUS,0,0.0,26
MID,12,5000,SESSION,2022-08-04,CONTINUATION,1,0.08333333333333333,12
MID,12,5000,SESSION,2022-08-04,REVERSAL,5,0.4166666666666667,12
MID,12,5000,SESSION,2022-08-04,NO_EXPANSION,6,0.5,12
MID,12,5000,SESSION,2022-08-04,AMBIGUOUS,0,0.0,12
MID,12,5000,SESSION,2022-08-05,CONTINUATION,6,0.42857142857142855,14
MID,12,5000,SESSION,2022-08-05,REVERSAL,1,0.07142857142857142,14
MID,12,5000,SESSION,2022-08-05,NO_EXPANSION,7,0.5,14
MID,12,5000,SESSION,2022-08-05,AMBIGUOUS,0,0.0,14
MID,12,5000,MONTH,2022-08,CONTINUATION,34,0.32075471698113206,106
MID,12,5000,MONTH,2022-08,REVERSAL,25,0.2358490566037736,106
MID,12,5000,MONTH,2022-08,NO_EXPANSION,47,0.44339622641509435,106
MID,12,5000,MONTH,2022-08,AMBIGUOUS,0,0.0,106
MID,12,5000,YEAR,2022,CONTINUATION,34,0.32075471698113206,106
MID,12,5000,YEAR,2022,REVERSAL,25,0.2358490566037736,106
MID,12,5000,YEAR,2022,NO_EXPANSION,47,0.44339622641509435,106
MID,12,5000,YEAR,2022,AMBIGUOUS,0,0.0,106
MID,12,5000,HOUR_NY,10,CONTINUATION,9,0.3103448275862069,29
MID,12,5000,HOUR_NY,10,REVERSAL,11,0.3793103448275862,29
MID,12,5000,HOUR_NY,10,NO_EXPANSION,9,0.3103448275862069,29
MID,12,5000,HOUR_NY,10,AMBIGUOUS,0,0.0,29
MID,12,5000,HOUR_NY,11,CONTINUATION,4,0.21052631578947367,19
MID,12,5000,HOUR_NY,11,REVERSAL,0,0.0,19
MID,12,5000,HOUR_NY,11,NO_EXPANSION,15,0.7894736842105263,19
MID,12,5000,HOUR_NY,11,AMBIGUOUS,0,0.0,19
MID,12,5000,HOUR_NY,12,CONTINUATION,2,0.2222222222222222,9
MID,12,5000,HOUR_NY,12,REVERSAL,2,0.2222222222222222,9
MID,12,5000,HOUR_NY,12,NO_EXPANSION,5,0.5555555555555556,9
MID,12,5000,HOUR_NY,12,AMBIGUOUS,0,0.0,9
MID,12,5000,HOUR_NY,13,CONTINUATION,0,0.0,6
MID,12,5000,HOUR_NY,13,REVERSAL,1,0.16666666666666666,6
MID,12,5000,HOUR_NY,13,NO_EXPANSION,5,0.8333333333333334,6
MID,12,5000,HOUR_NY,13,AMBIGUOUS,0,0.0,6
MID,12,5000,HOUR_NY,14,CONTINUATION,2,0.18181818181818182,11
MID,12,5000,HOUR_NY,14,REVERSAL,2,0.18181818181818182,11
MID,12,5000,HOUR_NY,14,NO_EXPANSION,7,0.6363636363636364,11
MID,12,5000,HOUR_NY,14,AMBIGUOUS,0,0.0,11
MID,12,5000,HOUR_NY,15,CONTINUATION,3,0.3,10
MID,12,5000,HOUR_NY,15,REVERSAL,2,0.2,10
MID,12,5000,HOUR_NY,15,NO_EXPANSION,5,0.5,10
MID,12,5000,HOUR_NY,15,AMBIGUOUS,0,0.0,10
MID,12,5000,HOUR_NY,16,CONTINUATION,1,1.0,1
MID,12,5000,HOUR_NY,16,REVERSAL,0,0.0,1
MID,12,5000,HOUR_NY,16,NO_EXPANSION,0,0.0,1
MID,12,5000,HOUR_NY,16,AMBIGUOUS,0,0.0,1
MID,12,5000,HOUR_NY,9,CONTINUATION,13,0.6190476190476191,21
MID,12,5000,HOUR_NY,9,REVERSAL,7,0.3333333333333333,21
MID,12,5000,HOUR_NY,9,NO_EXPANSION,1,0.047619047619047616,21
MID,12,5000,HOUR_NY,9,AMBIGUOUS,0,0.0,21
MID,12,10000,ALL,ALL,CONTINUATION,49,0.46226415094339623,106
MID,12,10000,ALL,ALL,REVERSAL,30,0.2830188679245283,106
MID,12,10000,ALL,ALL,NO_EXPANSION,27,0.25471698113207547,106
MID,12,10000,ALL,ALL,AMBIGUOUS,0,0.0,106
MID,12,10000,SIDE,BUY,CONTINUATION,31,0.49206349206349204,63
MID,12,10000,SIDE,BUY,REVERSAL,15,0.23809523809523808,63
MID,12,10000,SIDE,BUY,NO_EXPANSION,17,0.2698412698412698,63
MID,12,10000,SIDE,BUY,AMBIGUOUS,0,0.0,63
MID,12,10000,SIDE,SELL,CONTINUATION,18,0.4186046511627907,43
MID,12,10000,SIDE,SELL,REVERSAL,15,0.3488372093023256,43
MID,12,10000,SIDE,SELL,NO_EXPANSION,10,0.23255813953488372,43
MID,12,10000,SIDE,SELL,AMBIGUOUS,0,0.0,43
MID,12,10000,SESSION,2022-08-01,CONTINUATION,8,0.3333333333333333,24
MID,12,10000,SESSION,2022-08-01,REVERSAL,8,0.3333333333333333,24
MID,12,10000,SESSION,2022-08-01,NO_EXPANSION,8,0.3333333333333333,24
MID,12,10000,SESSION,2022-08-01,AMBIGUOUS,0,0.0,24
MID,12,10000,SESSION,2022-08-02,CONTINUATION,15,0.5,30
MID,12,10000,SESSION,2022-08-02,REVERSAL,11,0.36666666666666664,30
MID,12,10000,SESSION,2022-08-02,NO_EXPANSION,4,0.13333333333333333,30
MID,12,10000,SESSION,2022-08-02,AMBIGUOUS,0,0.0,30
MID,12,10000,SESSION,2022-08-03,CONTINUATION,12,0.46153846153846156,26
MID,12,10000,SESSION,2022-08-03,REVERSAL,3,0.11538461538461539,26
MID,12,10000,SESSION,2022-08-03,NO_EXPANSION,11,0.4230769230769231,26
MID,12,10000,SESSION,2022-08-03,AMBIGUOUS,0,0.0,26
MID,12,10000,SESSION,2022-08-04,CONTINUATION,5,0.4166666666666667,12
MID,12,10000,SESSION,2022-08-04,REVERSAL,5,0.4166666666666667,12
MID,12,10000,SESSION,2022-08-04,NO_EXPANSION,2,0.16666666666666666,12
MID,12,10000,SESSION,2022-08-04,AMBIGUOUS,0,0.0,12
MID,12,10000,SESSION,2022-08-05,CONTINUATION,9,0.6428571428571429,14
MID,12,10000,SESSION,2022-08-05,REVERSAL,3,0.21428571428571427,14
MID,12,10000,SESSION,2022-08-05,NO_EXPANSION,2,0.14285714285714285,14
MID,12,10000,SESSION,2022-08-05,AMBIGUOUS,0,0.0,14
MID,12,10000,MONTH,2022-08,CONTINUATION,49,0.46226415094339623,106
MID,12,10000,MONTH,2022-08,REVERSAL,30,0.2830188679245283,106
MID,12,10000,MONTH,2022-08,NO_EXPANSION,27,0.25471698113207547,106
MID,12,10000,MONTH,2022-08,AMBIGUOUS,0,0.0,106
MID,12,10000,YEAR,2022,CONTINUATION,49,0.46226415094339623,106
MID,12,10000,YEAR,2022,REVERSAL,30,0.2830188679245283,106
MID,12,10000,YEAR,2022,NO_EXPANSION,27,0.25471698113207547,106
MID,12,10000,YEAR,2022,AMBIGUOUS,0,0.0,106
MID,12,10000,HOUR_NY,10,CONTINUATION,14,0.4827586206896552,29
MID,12,10000,HOUR_NY,10,REVERSAL,13,0.4482758620689655,29
MID,12,10000,HOUR_NY,10,NO_EXPANSION,2,0.06896551724137931,29
MID,12,10000,HOUR_NY,10,AMBIGUOUS,0,0.0,29
MID,12,10000,HOUR_NY,11,CONTINUATION,8,0.42105263157894735,19
MID,12,10000,HOUR_NY,11,REVERSAL,1,0.05263157894736842,19
MID,12,10000,HOUR_NY,11,NO_EXPANSION,10,0.5263157894736842,19
MID,12,10000,HOUR_NY,11,AMBIGUOUS,0,0.0,19
MID,12,10000,HOUR_NY,12,CONTINUATION,4,0.4444444444444444,9
MID,12,10000,HOUR_NY,12,REVERSAL,3,0.3333333333333333,9
MID,12,10000,HOUR_NY,12,NO_EXPANSION,2,0.2222222222222222,9
MID,12,10000,HOUR_NY,12,AMBIGUOUS,0,0.0,9
MID,12,10000,HOUR_NY,13,CONTINUATION,3,0.5,6
MID,12,10000,HOUR_NY,13,REVERSAL,1,0.16666666666666666,6
MID,12,10000,HOUR_NY,13,NO_EXPANSION,2,0.3333333333333333,6
MID,12,10000,HOUR_NY,13,AMBIGUOUS,0,0.0,6
MID,12,10000,HOUR_NY,14,CONTINUATION,2,0.18181818181818182,11
MID,12,10000,HOUR_NY,14,REVERSAL,2,0.18181818181818182,11
MID,12,10000,HOUR_NY,14,NO_EXPANSION,7,0.6363636363636364,11
MID,12,10000,HOUR_NY,14,AMBIGUOUS,0,0.0,11
MID,12,10000,HOUR_NY,15,CONTINUATION,4,0.4,10
MID,12,10000,HOUR_NY,15,REVERSAL,3,0.3,10
MID,12,10000,HOUR_NY,15,NO_EXPANSION,3,0.3,10
MID,12,10000,HOUR_NY,15,AMBIGUOUS,0,0.0,10
MID,12,10000,HOUR_NY,16,CONTINUATION,1,1.0,1
MID,12,10000,HOUR_NY,16,REVERSAL,0,0.0,1
MID,12,10000,HOUR_NY,16,NO_EXPANSION,0,0.0,1
MID,12,10000,HOUR_NY,16,AMBIGUOUS,0,0.0,1
MID,12,10000,HOUR_NY,9,CONTINUATION,13,0.6190476190476191,21
MID,12,10000,HOUR_NY,9,REVERSAL,7,0.3333333333333333,21
MID,12,10000,HOUR_NY,9,NO_EXPANSION,1,0.047619047619047616,21
MID,12,10000,HOUR_NY,9,AMBIGUOUS,0,0.0,21
MID,16,500,ALL,ALL,CONTINUATION,2,0.018867924528301886,106
MID,16,500,ALL,ALL,REVERSAL,0,0.0,106
MID,16,500,ALL,ALL,NO_EXPANSION,104,0.9811320754716981,106
MID,16,500,ALL,ALL,AMBIGUOUS,0,0.0,106
MID,16,500,SIDE,BUY,CONTINUATION,2,0.031746031746031744,63
MID,16,500,SIDE,BUY,REVERSAL,0,0.0,63
MID,16,500,SIDE,BUY,NO_EXPANSION,61,0.9682539682539683,63
MID,16,500,SIDE,BUY,AMBIGUOUS,0,0.0,63
MID,16,500,SIDE,SELL,CONTINUATION,0,0.0,43
MID,16,500,SIDE,SELL,REVERSAL,0,0.0,43
MID,16,500,SIDE,SELL,NO_EXPANSION,43,1.0,43
MID,16,500,SIDE,SELL,AMBIGUOUS,0,0.0,43
MID,16,500,SESSION,2022-08-01,CONTINUATION,0,0.0,24
MID,16,500,SESSION,2022-08-01,REVERSAL,0,0.0,24
MID,16,500,SESSION,2022-08-01,NO_EXPANSION,24,1.0,24
MID,16,500,SESSION,2022-08-01,AMBIGUOUS,0,0.0,24
MID,16,500,SESSION,2022-08-02,CONTINUATION,1,0.03333333333333333,30
MID,16,500,SESSION,2022-08-02,REVERSAL,0,0.0,30
MID,16,500,SESSION,2022-08-02,NO_EXPANSION,29,0.9666666666666667,30
MID,16,500,SESSION,2022-08-02,AMBIGUOUS,0,0.0,30
MID,16,500,SESSION,2022-08-03,CONTINUATION,0,0.0,26
MID,16,500,SESSION,2022-08-03,REVERSAL,0,0.0,26
MID,16,500,SESSION,2022-08-03,NO_EXPANSION,26,1.0,26
MID,16,500,SESSION,2022-08-03,AMBIGUOUS,0,0.0,26
MID,16,500,SESSION,2022-08-04,CONTINUATION,1,0.08333333333333333,12
MID,16,500,SESSION,2022-08-04,REVERSAL,0,0.0,12
MID,16,500,SESSION,2022-08-04,NO_EXPANSION,11,0.9166666666666666,12
MID,16,500,SESSION,2022-08-04,AMBIGUOUS,0,0.0,12
MID,16,500,SESSION,2022-08-05,CONTINUATION,0,0.0,14
MID,16,500,SESSION,2022-08-05,REVERSAL,0,0.0,14
MID,16,500,SESSION,2022-08-05,NO_EXPANSION,14,1.0,14
MID,16,500,SESSION,2022-08-05,AMBIGUOUS,0,0.0,14
MID,16,500,MONTH,2022-08,CONTINUATION,2,0.018867924528301886,106
MID,16,500,MONTH,2022-08,REVERSAL,0,0.0,106
MID,16,500,MONTH,2022-08,NO_EXPANSION,104,0.9811320754716981,106
MID,16,500,MONTH,2022-08,AMBIGUOUS,0,0.0,106
MID,16,500,YEAR,2022,CONTINUATION,2,0.018867924528301886,106
MID,16,500,YEAR,2022,REVERSAL,0,0.0,106
MID,16,500,YEAR,2022,NO_EXPANSION,104,0.9811320754716981,106
MID,16,500,YEAR,2022,AMBIGUOUS,0,0.0,106
MID,16,500,HOUR_NY,10,CONTINUATION,0,0.0,29
MID,16,500,HOUR_NY,10,REVERSAL,0,0.0,29
MID,16,500,HOUR_NY,10,NO_EXPANSION,29,1.0,29
MID,16,500,HOUR_NY,10,AMBIGUOUS,0,0.0,29
MID,16,500,HOUR_NY,11,CONTINUATION,1,0.05263157894736842,19
MID,16,500,HOUR_NY,11,REVERSAL,0,0.0,19
MID,16,500,HOUR_NY,11,NO_EXPANSION,18,0.9473684210526315,19
MID,16,500,HOUR_NY,11,AMBIGUOUS,0,0.0,19
MID,16,500,HOUR_NY,12,CONTINUATION,0,0.0,9
MID,16,500,HOUR_NY,12,REVERSAL,0,0.0,9
MID,16,500,HOUR_NY,12,NO_EXPANSION,9,1.0,9
MID,16,500,HOUR_NY,12,AMBIGUOUS,0,0.0,9
MID,16,500,HOUR_NY,13,CONTINUATION,0,0.0,6
MID,16,500,HOUR_NY,13,REVERSAL,0,0.0,6
MID,16,500,HOUR_NY,13,NO_EXPANSION,6,1.0,6
MID,16,500,HOUR_NY,13,AMBIGUOUS,0,0.0,6
MID,16,500,HOUR_NY,14,CONTINUATION,1,0.09090909090909091,11
MID,16,500,HOUR_NY,14,REVERSAL,0,0.0,11
MID,16,500,HOUR_NY,14,NO_EXPANSION,10,0.9090909090909091,11
MID,16,500,HOUR_NY,14,AMBIGUOUS,0,0.0,11
MID,16,500,HOUR_NY,15,CONTINUATION,0,0.0,10
MID,16,500,HOUR_NY,15,REVERSAL,0,0.0,10
MID,16,500,HOUR_NY,15,NO_EXPANSION,10,1.0,10
MID,16,500,HOUR_NY,15,AMBIGUOUS,0,0.0,10
MID,16,500,HOUR_NY,16,CONTINUATION,0,0.0,1
MID,16,500,HOUR_NY,16,REVERSAL,0,0.0,1
MID,16,500,HOUR_NY,16,NO_EXPANSION,1,1.0,1
MID,16,500,HOUR_NY,16,AMBIGUOUS,0,0.0,1
MID,16,500,HOUR_NY,9,CONTINUATION,0,0.0,21
MID,16,500,HOUR_NY,9,REVERSAL,0,0.0,21
MID,16,500,HOUR_NY,9,NO_EXPANSION,21,1.0,21
MID,16,500,HOUR_NY,9,AMBIGUOUS,0,0.0,21
MID,16,1000,ALL,ALL,CONTINUATION,4,0.03773584905660377,106
MID,16,1000,ALL,ALL,REVERSAL,2,0.018867924528301886,106
MID,16,1000,ALL,ALL,NO_EXPANSION,100,0.9433962264150944,106
MID,16,1000,ALL,ALL,AMBIGUOUS,0,0.0,106
MID,16,1000,SIDE,BUY,CONTINUATION,2,0.031746031746031744,63
MID,16,1000,SIDE,BUY,REVERSAL,1,0.015873015873015872,63
MID,16,1000,SIDE,BUY,NO_EXPANSION,60,0.9523809523809523,63
MID,16,1000,SIDE,BUY,AMBIGUOUS,0,0.0,63
MID,16,1000,SIDE,SELL,CONTINUATION,2,0.046511627906976744,43
MID,16,1000,SIDE,SELL,REVERSAL,1,0.023255813953488372,43
MID,16,1000,SIDE,SELL,NO_EXPANSION,40,0.9302325581395349,43
MID,16,1000,SIDE,SELL,AMBIGUOUS,0,0.0,43
MID,16,1000,SESSION,2022-08-01,CONTINUATION,1,0.041666666666666664,24
MID,16,1000,SESSION,2022-08-01,REVERSAL,0,0.0,24
MID,16,1000,SESSION,2022-08-01,NO_EXPANSION,23,0.9583333333333334,24
MID,16,1000,SESSION,2022-08-01,AMBIGUOUS,0,0.0,24
MID,16,1000,SESSION,2022-08-02,CONTINUATION,1,0.03333333333333333,30
MID,16,1000,SESSION,2022-08-02,REVERSAL,2,0.06666666666666667,30
MID,16,1000,SESSION,2022-08-02,NO_EXPANSION,27,0.9,30
MID,16,1000,SESSION,2022-08-02,AMBIGUOUS,0,0.0,30
MID,16,1000,SESSION,2022-08-03,CONTINUATION,1,0.038461538461538464,26
MID,16,1000,SESSION,2022-08-03,REVERSAL,0,0.0,26
MID,16,1000,SESSION,2022-08-03,NO_EXPANSION,25,0.9615384615384616,26
MID,16,1000,SESSION,2022-08-03,AMBIGUOUS,0,0.0,26
MID,16,1000,SESSION,2022-08-04,CONTINUATION,1,0.08333333333333333,12
MID,16,1000,SESSION,2022-08-04,REVERSAL,0,0.0,12
MID,16,1000,SESSION,2022-08-04,NO_EXPANSION,11,0.9166666666666666,12
MID,16,1000,SESSION,2022-08-04,AMBIGUOUS,0,0.0,12
MID,16,1000,SESSION,2022-08-05,CONTINUATION,0,0.0,14
MID,16,1000,SESSION,2022-08-05,REVERSAL,0,0.0,14
MID,16,1000,SESSION,2022-08-05,NO_EXPANSION,14,1.0,14
MID,16,1000,SESSION,2022-08-05,AMBIGUOUS,0,0.0,14
MID,16,1000,MONTH,2022-08,CONTINUATION,4,0.03773584905660377,106
MID,16,1000,MONTH,2022-08,REVERSAL,2,0.018867924528301886,106
MID,16,1000,MONTH,2022-08,NO_EXPANSION,100,0.9433962264150944,106
MID,16,1000,MONTH,2022-08,AMBIGUOUS,0,0.0,106
MID,16,1000,YEAR,2022,CONTINUATION,4,0.03773584905660377,106
MID,16,1000,YEAR,2022,REVERSAL,2,0.018867924528301886,106
MID,16,1000,YEAR,2022,NO_EXPANSION,100,0.9433962264150944,106
MID,16,1000,YEAR,2022,AMBIGUOUS,0,0.0,106
MID,16,1000,HOUR_NY,10,CONTINUATION,2,0.06896551724137931,29
MID,16,1000,HOUR_NY,10,REVERSAL,1,0.034482758620689655,29
MID,16,1000,HOUR_NY,10,NO_EXPANSION,26,0.896551724137931,29
MID,16,1000,HOUR_NY,10,AMBIGUOUS,0,0.0,29
MID,16,1000,HOUR_NY,11,CONTINUATION,1,0.05263157894736842,19
MID,16,1000,HOUR_NY,11,REVERSAL,0,0.0,19
MID,16,1000,HOUR_NY,11,NO_EXPANSION,18,0.9473684210526315,19
MID,16,1000,HOUR_NY,11,AMBIGUOUS,0,0.0,19
MID,16,1000,HOUR_NY,12,CONTINUATION,0,0.0,9
MID,16,1000,HOUR_NY,12,REVERSAL,0,0.0,9
MID,16,1000,HOUR_NY,12,NO_EXPANSION,9,1.0,9
MID,16,1000,HOUR_NY,12,AMBIGUOUS,0,0.0,9
MID,16,1000,HOUR_NY,13,CONTINUATION,0,0.0,6
MID,16,1000,HOUR_NY,13,REVERSAL,0,0.0,6
MID,16,1000,HOUR_NY,13,NO_EXPANSION,6,1.0,6
MID,16,1000,HOUR_NY,13,AMBIGUOUS,0,0.0,6
MID,16,1000,HOUR_NY,14,CONTINUATION,1,0.09090909090909091,11
MID,16,1000,HOUR_NY,14,REVERSAL,0,0.0,11
MID,16,1000,HOUR_NY,14,NO_EXPANSION,10,0.9090909090909091,11
MID,16,1000,HOUR_NY,14,AMBIGUOUS,0,0.0,11
MID,16,1000,HOUR_NY,15,CONTINUATION,0,0.0,10
MID,16,1000,HOUR_NY,15,REVERSAL,1,0.1,10
MID,16,1000,HOUR_NY,15,NO_EXPANSION,9,0.9,10
MID,16,1000,HOUR_NY,15,AMBIGUOUS,0,0.0,10
MID,16,1000,HOUR_NY,16,CONTINUATION,0,0.0,1
MID,16,1000,HOUR_NY,16,REVERSAL,0,0.0,1
MID,16,1000,HOUR_NY,16,NO_EXPANSION,1,1.0,1
MID,16,1000,HOUR_NY,16,AMBIGUOUS,0,0.0,1
MID,16,1000,HOUR_NY,9,CONTINUATION,0,0.0,21
MID,16,1000,HOUR_NY,9,REVERSAL,0,0.0,21
MID,16,1000,HOUR_NY,9,NO_EXPANSION,21,1.0,21
MID,16,1000,HOUR_NY,9,AMBIGUOUS,0,0.0,21
MID,16,2000,ALL,ALL,CONTINUATION,15,0.14150943396226415,106
MID,16,2000,ALL,ALL,REVERSAL,10,0.09433962264150944,106
MID,16,2000,ALL,ALL,NO_EXPANSION,81,0.7641509433962265,106
MID,16,2000,ALL,ALL,AMBIGUOUS,0,0.0,106
MID,16,2000,SIDE,BUY,CONTINUATION,8,0.12698412698412698,63
MID,16,2000,SIDE,BUY,REVERSAL,4,0.06349206349206349,63
MID,16,2000,SIDE,BUY,NO_EXPANSION,51,0.8095238095238095,63
MID,16,2000,SIDE,BUY,AMBIGUOUS,0,0.0,63
MID,16,2000,SIDE,SELL,CONTINUATION,7,0.16279069767441862,43
MID,16,2000,SIDE,SELL,REVERSAL,6,0.13953488372093023,43
MID,16,2000,SIDE,SELL,NO_EXPANSION,30,0.6976744186046512,43
MID,16,2000,SIDE,SELL,AMBIGUOUS,0,0.0,43
MID,16,2000,SESSION,2022-08-01,CONTINUATION,4,0.16666666666666666,24
MID,16,2000,SESSION,2022-08-01,REVERSAL,2,0.08333333333333333,24
MID,16,2000,SESSION,2022-08-01,NO_EXPANSION,18,0.75,24
MID,16,2000,SESSION,2022-08-01,AMBIGUOUS,0,0.0,24
MID,16,2000,SESSION,2022-08-02,CONTINUATION,4,0.13333333333333333,30
MID,16,2000,SESSION,2022-08-02,REVERSAL,5,0.16666666666666666,30
MID,16,2000,SESSION,2022-08-02,NO_EXPANSION,21,0.7,30
MID,16,2000,SESSION,2022-08-02,AMBIGUOUS,0,0.0,30
MID,16,2000,SESSION,2022-08-03,CONTINUATION,5,0.19230769230769232,26
MID,16,2000,SESSION,2022-08-03,REVERSAL,1,0.038461538461538464,26
MID,16,2000,SESSION,2022-08-03,NO_EXPANSION,20,0.7692307692307693,26
MID,16,2000,SESSION,2022-08-03,AMBIGUOUS,0,0.0,26
MID,16,2000,SESSION,2022-08-04,CONTINUATION,1,0.08333333333333333,12
MID,16,2000,SESSION,2022-08-04,REVERSAL,2,0.16666666666666666,12
MID,16,2000,SESSION,2022-08-04,NO_EXPANSION,9,0.75,12
MID,16,2000,SESSION,2022-08-04,AMBIGUOUS,0,0.0,12
MID,16,2000,SESSION,2022-08-05,CONTINUATION,1,0.07142857142857142,14
MID,16,2000,SESSION,2022-08-05,REVERSAL,0,0.0,14
MID,16,2000,SESSION,2022-08-05,NO_EXPANSION,13,0.9285714285714286,14
MID,16,2000,SESSION,2022-08-05,AMBIGUOUS,0,0.0,14
MID,16,2000,MONTH,2022-08,CONTINUATION,15,0.14150943396226415,106
MID,16,2000,MONTH,2022-08,REVERSAL,10,0.09433962264150944,106
MID,16,2000,MONTH,2022-08,NO_EXPANSION,81,0.7641509433962265,106
MID,16,2000,MONTH,2022-08,AMBIGUOUS,0,0.0,106
MID,16,2000,YEAR,2022,CONTINUATION,15,0.14150943396226415,106
MID,16,2000,YEAR,2022,REVERSAL,10,0.09433962264150944,106
MID,16,2000,YEAR,2022,NO_EXPANSION,81,0.7641509433962265,106
MID,16,2000,YEAR,2022,AMBIGUOUS,0,0.0,106
MID,16,2000,HOUR_NY,10,CONTINUATION,4,0.13793103448275862,29
MID,16,2000,HOUR_NY,10,REVERSAL,5,0.1724137931034483,29
MID,16,2000,HOUR_NY,10,NO_EXPANSION,20,0.6896551724137931,29
MID,16,2000,HOUR_NY,10,AMBIGUOUS,0,0.0,29
MID,16,2000,HOUR_NY,11,CONTINUATION,1,0.05263157894736842,19
MID,16,2000,HOUR_NY,11,REVERSAL,0,0.0,19
MID,16,2000,HOUR_NY,11,NO_EXPANSION,18,0.9473684210526315,19
MID,16,2000,HOUR_NY,11,AMBIGUOUS,0,0.0,19
MID,16,2000,HOUR_NY,12,CONTINUATION,0,0.0,9
MID,16,2000,HOUR_NY,12,REVERSAL,1,0.1111111111111111,9
MID,16,2000,HOUR_NY,12,NO_EXPANSION,8,0.8888888888888888,9
MID,16,2000,HOUR_NY,12,AMBIGUOUS,0,0.0,9
MID,16,2000,HOUR_NY,13,CONTINUATION,0,0.0,6
MID,16,2000,HOUR_NY,13,REVERSAL,1,0.16666666666666666,6
MID,16,2000,HOUR_NY,13,NO_EXPANSION,5,0.8333333333333334,6
MID,16,2000,HOUR_NY,13,AMBIGUOUS,0,0.0,6
MID,16,2000,HOUR_NY,14,CONTINUATION,2,0.18181818181818182,11
MID,16,2000,HOUR_NY,14,REVERSAL,0,0.0,11
MID,16,2000,HOUR_NY,14,NO_EXPANSION,9,0.8181818181818182,11
MID,16,2000,HOUR_NY,14,AMBIGUOUS,0,0.0,11
MID,16,2000,HOUR_NY,15,CONTINUATION,1,0.1,10
MID,16,2000,HOUR_NY,15,REVERSAL,2,0.2,10
MID,16,2000,HOUR_NY,15,NO_EXPANSION,7,0.7,10
MID,16,2000,HOUR_NY,15,AMBIGUOUS,0,0.0,10
MID,16,2000,HOUR_NY,16,CONTINUATION,1,1.0,1
MID,16,2000,HOUR_NY,16,REVERSAL,0,0.0,1
MID,16,2000,HOUR_NY,16,NO_EXPANSION,0,0.0,1
MID,16,2000,HOUR_NY,16,AMBIGUOUS,0,0.0,1
MID,16,2000,HOUR_NY,9,CONTINUATION,6,0.2857142857142857,21
MID,16,2000,HOUR_NY,9,REVERSAL,1,0.047619047619047616,21
MID,16,2000,HOUR_NY,9,NO_EXPANSION,14,0.6666666666666666,21
MID,16,2000,HOUR_NY,9,AMBIGUOUS,0,0.0,21
MID,16,5000,ALL,ALL,CONTINUATION,27,0.25471698113207547,106
MID,16,5000,ALL,ALL,REVERSAL,19,0.1792452830188679,106
MID,16,5000,ALL,ALL,NO_EXPANSION,60,0.5660377358490566,106
MID,16,5000,ALL,ALL,AMBIGUOUS,0,0.0,106
MID,16,5000,SIDE,BUY,CONTINUATION,19,0.30158730158730157,63
MID,16,5000,SIDE,BUY,REVERSAL,8,0.12698412698412698,63
MID,16,5000,SIDE,BUY,NO_EXPANSION,36,0.5714285714285714,63
MID,16,5000,SIDE,BUY,AMBIGUOUS,0,0.0,63
MID,16,5000,SIDE,SELL,CONTINUATION,8,0.18604651162790697,43
MID,16,5000,SIDE,SELL,REVERSAL,11,0.2558139534883721,43
MID,16,5000,SIDE,SELL,NO_EXPANSION,24,0.5581395348837209,43
MID,16,5000,SIDE,SELL,AMBIGUOUS,0,0.0,43
MID,16,5000,SESSION,2022-08-01,CONTINUATION,6,0.25,24
MID,16,5000,SESSION,2022-08-01,REVERSAL,4,0.16666666666666666,24
MID,16,5000,SESSION,2022-08-01,NO_EXPANSION,14,0.5833333333333334,24
MID,16,5000,SESSION,2022-08-01,AMBIGUOUS,0,0.0,24
MID,16,5000,SESSION,2022-08-02,CONTINUATION,9,0.3,30
MID,16,5000,SESSION,2022-08-02,REVERSAL,10,0.3333333333333333,30
MID,16,5000,SESSION,2022-08-02,NO_EXPANSION,11,0.36666666666666664,30
MID,16,5000,SESSION,2022-08-02,AMBIGUOUS,0,0.0,30
MID,16,5000,SESSION,2022-08-03,CONTINUATION,6,0.23076923076923078,26
MID,16,5000,SESSION,2022-08-03,REVERSAL,2,0.07692307692307693,26
MID,16,5000,SESSION,2022-08-03,NO_EXPANSION,18,0.6923076923076923,26
MID,16,5000,SESSION,2022-08-03,AMBIGUOUS,0,0.0,26
MID,16,5000,SESSION,2022-08-04,CONTINUATION,1,0.08333333333333333,12
MID,16,5000,SESSION,2022-08-04,REVERSAL,3,0.25,12
MID,16,5000,SESSION,2022-08-04,NO_EXPANSION,8,0.6666666666666666,12
MID,16,5000,SESSION,2022-08-04,AMBIGUOUS,0,0.0,12
MID,16,5000,SESSION,2022-08-05,CONTINUATION,5,0.35714285714285715,14
MID,16,5000,SESSION,2022-08-05,REVERSAL,0,0.0,14
MID,16,5000,SESSION,2022-08-05,NO_EXPANSION,9,0.6428571428571429,14
MID,16,5000,SESSION,2022-08-05,AMBIGUOUS,0,0.0,14
MID,16,5000,MONTH,2022-08,CONTINUATION,27,0.25471698113207547,106
MID,16,5000,MONTH,2022-08,REVERSAL,19,0.1792452830188679,106
MID,16,5000,MONTH,2022-08,NO_EXPANSION,60,0.5660377358490566,106
MID,16,5000,MONTH,2022-08,AMBIGUOUS,0,0.0,106
MID,16,5000,YEAR,2022,CONTINUATION,27,0.25471698113207547,106
MID,16,5000,YEAR,2022,REVERSAL,19,0.1792452830188679,106
MID,16,5000,YEAR,2022,NO_EXPANSION,60,0.5660377358490566,106
MID,16,5000,YEAR,2022,AMBIGUOUS,0,0.0,106
MID,16,5000,HOUR_NY,10,CONTINUATION,8,0.27586206896551724,29
MID,16,5000,HOUR_NY,10,REVERSAL,9,0.3103448275862069,29
MID,16,5000,HOUR_NY,10,NO_EXPANSION,12,0.41379310344827586,29
MID,16,5000,HOUR_NY,10,AMBIGUOUS,0,0.0,29
MID,16,5000,HOUR_NY,11,CONTINUATION,3,0.15789473684210525,19
MID,16,5000,HOUR_NY,11,REVERSAL,0,0.0,19
MID,16,5000,HOUR_NY,11,NO_EXPANSION,16,0.8421052631578947,19
MID,16,5000,HOUR_NY,11,AMBIGUOUS,0,0.0,19
MID,16,5000,HOUR_NY,12,CONTINUATION,1,0.1111111111111111,9
MID,16,5000,HOUR_NY,12,REVERSAL,1,0.1111111111111111,9
MID,16,5000,HOUR_NY,12,NO_EXPANSION,7,0.7777777777777778,9
MID,16,5000,HOUR_NY,12,AMBIGUOUS,0,0.0,9
MID,16,5000,HOUR_NY,13,CONTINUATION,0,0.0,6
MID,16,5000,HOUR_NY,13,REVERSAL,1,0.16666666666666666,6
MID,16,5000,HOUR_NY,13,NO_EXPANSION,5,0.8333333333333334,6
MID,16,5000,HOUR_NY,13,AMBIGUOUS,0,0.0,6
MID,16,5000,HOUR_NY,14,CONTINUATION,2,0.18181818181818182,11
MID,16,5000,HOUR_NY,14,REVERSAL,1,0.09090909090909091,11
MID,16,5000,HOUR_NY,14,NO_EXPANSION,8,0.7272727272727273,11
MID,16,5000,HOUR_NY,14,AMBIGUOUS,0,0.0,11
MID,16,5000,HOUR_NY,15,CONTINUATION,2,0.2,10
MID,16,5000,HOUR_NY,15,REVERSAL,2,0.2,10
MID,16,5000,HOUR_NY,15,NO_EXPANSION,6,0.6,10
MID,16,5000,HOUR_NY,15,AMBIGUOUS,0,0.0,10
MID,16,5000,HOUR_NY,16,CONTINUATION,1,1.0,1
MID,16,5000,HOUR_NY,16,REVERSAL,0,0.0,1
MID,16,5000,HOUR_NY,16,NO_EXPANSION,0,0.0,1
MID,16,5000,HOUR_NY,16,AMBIGUOUS,0,0.0,1
MID,16,5000,HOUR_NY,9,CONTINUATION,10,0.47619047619047616,21
MID,16,5000,HOUR_NY,9,REVERSAL,5,0.23809523809523808,21
MID,16,5000,HOUR_NY,9,NO_EXPANSION,6,0.2857142857142857,21
MID,16,5000,HOUR_NY,9,AMBIGUOUS,0,0.0,21
MID,16,10000,ALL,ALL,CONTINUATION,40,0.37735849056603776,106
MID,16,10000,ALL,ALL,REVERSAL,28,0.2641509433962264,106
MID,16,10000,ALL,ALL,NO_EXPANSION,38,0.3584905660377358,106
MID,16,10000,ALL,ALL,AMBIGUOUS,0,0.0,106
MID,16,10000,SIDE,BUY,CONTINUATION,25,0.3968253968253968,63
MID,16,10000,SIDE,BUY,REVERSAL,13,0.20634920634920634,63
MID,16,10000,SIDE,BUY,NO_EXPANSION,25,0.3968253968253968,63
MID,16,10000,SIDE,BUY,AMBIGUOUS,0,0.0,63
MID,16,10000,SIDE,SELL,CONTINUATION,15,0.3488372093023256,43
MID,16,10000,SIDE,SELL,REVERSAL,15,0.3488372093023256,43
MID,16,10000,SIDE,SELL,NO_EXPANSION,13,0.3023255813953488,43
MID,16,10000,SIDE,SELL,AMBIGUOUS,0,0.0,43
MID,16,10000,SESSION,2022-08-01,CONTINUATION,7,0.2916666666666667,24
MID,16,10000,SESSION,2022-08-01,REVERSAL,7,0.2916666666666667,24
MID,16,10000,SESSION,2022-08-01,NO_EXPANSION,10,0.4166666666666667,24
MID,16,10000,SESSION,2022-08-01,AMBIGUOUS,0,0.0,24
MID,16,10000,SESSION,2022-08-02,CONTINUATION,11,0.36666666666666664,30
MID,16,10000,SESSION,2022-08-02,REVERSAL,12,0.4,30
MID,16,10000,SESSION,2022-08-02,NO_EXPANSION,7,0.23333333333333334,30
MID,16,10000,SESSION,2022-08-02,AMBIGUOUS,0,0.0,30
MID,16,10000,SESSION,2022-08-03,CONTINUATION,11,0.4230769230769231,26
MID,16,10000,SESSION,2022-08-03,REVERSAL,2,0.07692307692307693,26
MID,16,10000,SESSION,2022-08-03,NO_EXPANSION,13,0.5,26
MID,16,10000,SESSION,2022-08-03,AMBIGUOUS,0,0.0,26
MID,16,10000,SESSION,2022-08-04,CONTINUATION,3,0.25,12
MID,16,10000,SESSION,2022-08-04,REVERSAL,5,0.4166666666666667,12
MID,16,10000,SESSION,2022-08-04,NO_EXPANSION,4,0.3333333333333333,12
MID,16,10000,SESSION,2022-08-04,AMBIGUOUS,0,0.0,12
MID,16,10000,SESSION,2022-08-05,CONTINUATION,8,0.5714285714285714,14
MID,16,10000,SESSION,2022-08-05,REVERSAL,2,0.14285714285714285,14
MID,16,10000,SESSION,2022-08-05,NO_EXPANSION,4,0.2857142857142857,14
MID,16,10000,SESSION,2022-08-05,AMBIGUOUS,0,0.0,14
MID,16,10000,MONTH,2022-08,CONTINUATION,40,0.37735849056603776,106
MID,16,10000,MONTH,2022-08,REVERSAL,28,0.2641509433962264,106
MID,16,10000,MONTH,2022-08,NO_EXPANSION,38,0.3584905660377358,106
MID,16,10000,MONTH,2022-08,AMBIGUOUS,0,0.0,106
MID,16,10000,YEAR,2022,CONTINUATION,40,0.37735849056603776,106
MID,16,10000,YEAR,2022,REVERSAL,28,0.2641509433962264,106
MID,16,10000,YEAR,2022,NO_EXPANSION,38,0.3584905660377358,106
MID,16,10000,YEAR,2022,AMBIGUOUS,0,0.0,106
MID,16,10000,HOUR_NY,10,CONTINUATION,12,0.41379310344827586,29
MID,16,10000,HOUR_NY,10,REVERSAL,12,0.41379310344827586,29
MID,16,10000,HOUR_NY,10,NO_EXPANSION,5,0.1724137931034483,29
MID,16,10000,HOUR_NY,10,AMBIGUOUS,0,0.0,29
MID,16,10000,HOUR_NY,11,CONTINUATION,6,0.3157894736842105,19
MID,16,10000,HOUR_NY,11,REVERSAL,1,0.05263157894736842,19
MID,16,10000,HOUR_NY,11,NO_EXPANSION,12,0.631578947368421,19
MID,16,10000,HOUR_NY,11,AMBIGUOUS,0,0.0,19
MID,16,10000,HOUR_NY,12,CONTINUATION,3,0.3333333333333333,9
MID,16,10000,HOUR_NY,12,REVERSAL,2,0.2222222222222222,9
MID,16,10000,HOUR_NY,12,NO_EXPANSION,4,0.4444444444444444,9
MID,16,10000,HOUR_NY,12,AMBIGUOUS,0,0.0,9
MID,16,10000,HOUR_NY,13,CONTINUATION,2,0.3333333333333333,6
MID,16,10000,HOUR_NY,13,REVERSAL,1,0.16666666666666666,6
MID,16,10000,HOUR_NY,13,NO_EXPANSION,3,0.5,6
MID,16,10000,HOUR_NY,13,AMBIGUOUS,0,0.0,6
MID,16,10000,HOUR_NY,14,CONTINUATION,2,0.18181818181818182,11
MID,16,10000,HOUR_NY,14,REVERSAL,2,0.18181818181818182,11
MID,16,10000,HOUR_NY,14,NO_EXPANSION,7,0.6363636363636364,11
MID,16,10000,HOUR_NY,14,AMBIGUOUS,0,0.0,11
MID,16,10000,HOUR_NY,15,CONTINUATION,3,0.3,10
MID,16,10000,HOUR_NY,15,REVERSAL,3,0.3,10
MID,16,10000,HOUR_NY,15,NO_EXPANSION,4,0.4,10
MID,16,10000,HOUR_NY,15,AMBIGUOUS,0,0.0,10
MID,16,10000,HOUR_NY,16,CONTINUATION,1,1.0,1
MID,16,10000,HOUR_NY,16,REVERSAL,0,0.0,1
MID,16,10000,HOUR_NY,16,NO_EXPANSION,0,0.0,1
MID,16,10000,HOUR_NY,16,AMBIGUOUS,0,0.0,1
MID,16,10000,HOUR_NY,9,CONTINUATION,11,0.5238095238095238,21
MID,16,10000,HOUR_NY,9,REVERSAL,7,0.3333333333333333,21
MID,16,10000,HOUR_NY,9,NO_EXPANSION,3,0.14285714285714285,21
MID,16,10000,HOUR_NY,9,AMBIGUOUS,0,0.0,21
