
=== PESO DE EXCELS (workbooks de score) ===
  Score_indicator_results_updated_2022_2026.xlsx                633.4 KB
  Score_indicator_results_updated_2025_2026.xlsx                310.6 KB
  ------------------------------------------------------------------------------
  Ano 2022_2026    total:     633.4 KB  (0.62 MB)
  Ano 2025_2026    total:     310.6 KB  (0.30 MB)
  TOTAL                      943.9 KB  (0.92 MB)

INICIANDO REPLAY CAUSAL NO-LOOKAHEAD V27_MECHANISM_AUDIT_FULL_RECOVERED (736 sesiones desde 04/04/2022)
Fecha NY actual: 20/07/2026 | Ultima fecha permitida: 19/07/2026
Version esperada: score-exporter-2026-07-19-v27-final-causal-publish-guard
Resultados: C:\Users\k_99_\Desktop\codding\data_footprint_generator\trade_results_score\visual_tests\04_run_replay_score_trade_results_dst_2025_2026_runs
Modo: Historia X10 únicamente
Replay X1: DESHABILITADO

Objetivo de investigacion: V27 | AUDITORIA DE MECANISMOS LIQUIDITY BURST. Estrategia, entradas, TP/SL, CVD y gestion permanecen congelados.
Plan:
  - Historia X10: 736 fechas; una pasada X10_R1.

TEST DE REPRODUCIBILIDAD HISTORIA X10
Modo comparacion: operativa (side/entry/SL/TP/exit/result/score)
Estado general: PASS
Comparaciones PASS: 736
Comparaciones FAIL: 0
Reporte CSV: C:\Users\k_99_\Desktop\codding\data_footprint_generator\trade_results_score\visual_tests\04_run_replay_score_trade_results_dst_2025_2026_runs\dst_2022_2026_x10_only_v23_comparacion.csv
Resumen: C:\Users\k_99_\Desktop\codding\data_footprint_generator\trade_results_score\visual_tests\04_run_replay_score_trade_results_dst_2025_2026_runs\dst_2022_2026_x10_only_v23_resumen.txt
Excel anterior eliminado: C:\Users\k_99_\Desktop\codding\OpeningRangeSetup\EddiewareOpeningRangeSetup\EddiewareOpeningRangeSetup\Score_indicator_results_updated_2022_2026.xlsx
CSV terminal preservado usado para 2022-04-04: C:\Users\k_99_\Desktop\codding\data_footprint_generator\trade_results_score\score_trade_result_2022-04-04_NY.csv
CSV terminal preservado usado para 2022-04-05: C:\Users\k_99_\Desktop\codding\data_footprint_generator\trade_results_score\score_trade_result_2022-04-05_NY.csv
CSV terminal preservado usado para 2022-04-06: C:\Users\k_99_\Desktop\codding\data_footprint_generator\trade_results_score\score_trade_result_2022-04-06_NY.csv
CSV terminal preservado usado para 2022-04-07: C:\Users\k_99_\Desktop\codding\data_footprint_generator\trade_results_score\score_trade_result_2022-04-07_NY.csv
CSV terminal preservado usado para 2022-04-08: C:\Users\k_99_\Desktop\codding\data_footprint_generator\trade_results_score\score_trade_result_2022-04-08_NY.csv
CSV terminal preservado usado para 2022-04-11: C:\Users\k_99_\Desktop\codding\data_footprint_generator\trade_results_score\score_trade_result_2022-04-11_NY.csv
CSV terminal preservado usado para 2022-04-12: C:\Users\k_99_\Desktop\codding\data_footprint_generator\trade_results_score\score_trade_result_2022-04-12_NY.csv
CSV terminal preservado usado para 2022-04-13: C:\Users\k_99_\Desktop\codding\data_footprint_generator\trade_results_score\score_trade_result_2022-04-13_NY.csv
CSV terminal preservado usado para 2022-04-14: C:\Users\k_99_\Desktop\codding\data_footprint_generator\trade_results_score\score_trade_result_2022-04-14_NY.csv
CSV terminal preservado usado para 2022-04-18: C:\Users\k_99_\Desktop\codding\data_footprint_generator\trade_results_score\score_trade_result_2022-04-18_NY.csv
CSV terminal preservado usado para 2022-04-19: C:\Users\k_99_\Desktop\codding\data_footprint_generator\trade_results_score\score_trade_result_2022-04-19_NY.csv
CSV terminal preservado usado para 2022-04-20: C:\Users\k_99_\Desktop\codding\data_footprint_generator\trade_results_score\score_trade_result_2022-04-20_NY.csv
CSV terminal preservado usado para 2022-04-21: C:\Users\k_99_\Desktop\codding\data_footprint_generator\trade_results_score\score_trade_result_2022-04-21_NY.csv
CSV terminal preservado usado para 2022-04-22: C:\Users\k_99_\Desktop\codding\data_footprint_generator\trade_results_score\score_trade_result_2022-04-22_NY.csv
CSV terminal preservado usado para 2022-04-25: C:\Users\k_99_\Desktop\codding\data_footprint_generator\trade_results_score\score_trade_result_2022-04-25_NY.csv
CSV terminal preservado usado para 2022-04-26: C:\Users\k_99_\Desktop\codding\data_footprint_generator\trade_results_score\score_trade_result_2022-04-26_NY.csv
CSV terminal preservado usado para 2022-04-27: C:\Users\k_99_\Desktop\codding\data_footprint_generator\trade_results_score\score_trade_result_2022-04-27_NY.csv
CSV terminal preservado usado para 2022-04-28: C:\Users\k_99_\Desktop\codding\data_footprint_generator\trade_results_score\score_trade_result_2022-04-28_NY.csv
CSV terminal preservado usado para 2022-04-29: C:\Users\k_99_\Desktop\codding\data_footprint_generator\trade_results_score\score_trade_result_2022-04-29_NY.csv
CSV terminal preservado usado para 2022-05-02: C:\Users\k_99_\Desktop\codding\data_footprint_generator\trade_results_score\score_trade_result_2022-05-02_NY.csv
CSV terminal preservado usado para 2022-05-03: C:\Users\k_99_\Desktop\codding\data_footprint_generator\trade_results_score\score_trade_result_2022-05-03_NY.csv
CSV terminal preservado usado para 2022-05-04: C:\Users\k_99_\Desktop\codding\data_footprint_generator\trade_results_score\score_trade_result_2022-05-04_NY.csv
CSV terminal preservado usado para 2022-05-05: C:\Users\k_99_\Desktop\codding\data_footprint_generator\trade_results_score\score_trade_result_2022-05-05_NY.csv
CSV terminal preservado usado para 2022-05-06: C:\Users\k_99_\Desktop\codding\data_footprint_generator\trade_results_score\score_trade_result_2022-05-06_NY.csv
CSV terminal preservado usado para 2022-05-09: C:\Users\k_99_\Desktop\codding\data_footprint_generator\trade_results_score\score_trade_result_2022-05-09_NY.csv
CSV terminal preservado usado para 2022-05-10: C:\Users\k_99_\Desktop\codding\data_footprint_generator\trade_results_score\score_trade_result_2022-05-10_NY.csv
CSV terminal preservado usado para 2022-05-11: C:\Users\k_99_\Desktop\codding\data_footprint_generator\trade_results_score\score_trade_result_2022-05-11_NY.csv
CSV terminal preservado usado para 2022-05-12: C:\Users\k_99_\Desktop\codding\data_footprint_generator\trade_results_score\score_trade_result_2022-05-12_NY.csv
CSV terminal preservado usado para 2022-05-13: C:\Users\k_99_\Desktop\codding\data_footprint_generator\trade_results_score\score_trade_result_2022-05-13_NY.csv
CSV terminal preservado usado para 2022-05-16: C:\Users\k_99_\Desktop\codding\data_footprint_generator\trade_results_score\score_trade_result_2022-05-16_NY.csv
CSV terminal preservado usado para 2022-05-17: C:\Users\k_99_\Desktop\codding\data_footprint_generator\trade_results_score\score_trade_result_2022-05-17_NY.csv
CSV terminal preservado usado para 2022-05-18: C:\Users\k_99_\Desktop\codding\data_footprint_generator\trade_results_score\score_trade_result_2022-05-18_NY.csv
CSV terminal preservado usado para 2022-05-19: C:\Users\k_99_\Desktop\codding\data_footprint_generator\trade_results_score\score_trade_result_2022-05-19_NY.csv
CSV terminal preservado usado para 2022-05-20: C:\Users\k_99_\Desktop\codding\data_footprint_generator\trade_results_score\score_trade_result_2022-05-20_NY.csv
CSV terminal preservado usado para 2022-05-23: C:\Users\k_99_\Desktop\codding\data_footprint_generator\trade_results_score\score_trade_result_2022-05-23_NY.csv
CSV terminal preservado usado para 2022-05-24: C:\Users\k_99_\Desktop\codding\data_footprint_generator\trade_results_score\score_trade_result_2022-05-24_NY.csv
CSV terminal preservado usado para 2022-05-25: C:\Users\k_99_\Desktop\codding\data_footprint_generator\trade_results_score\score_trade_result_2022-05-25_NY.csv
CSV terminal preservado usado para 2022-05-26: C:\Users\k_99_\Desktop\codding\data_footprint_generator\trade_results_score\score_trade_result_2022-05-26_NY.csv
CSV terminal preservado usado para 2022-05-27: C:\Users\k_99_\Desktop\codding\data_footprint_generator\trade_results_score\score_trade_result_2022-05-27_NY.csv
CSV terminal preservado usado para 2022-05-31: C:\Users\k_99_\Desktop\codding\data_footprint_generator\trade_results_score\score_trade_result_2022-05-31_NY.csv
CSV terminal preservado usado para 2022-06-01: C:\Users\k_99_\Desktop\codding\data_footprint_generator\trade_results_score\score_trade_result_2022-06-01_NY.csv
CSV terminal preservado usado para 2022-06-02: C:\Users\k_99_\Desktop\codding\data_footprint_generator\trade_results_score\score_trade_result_2022-06-02_NY.csv
CSV terminal preservado usado para 2022-06-03: C:\Users\k_99_\Desktop\codding\data_footprint_generator\trade_results_score\score_trade_result_2022-06-03_NY.csv
CSV terminal preservado usado para 2022-06-06: C:\Users\k_99_\Desktop\codding\data_footprint_generator\trade_results_score\score_trade_result_2022-06-06_NY.csv
CSV terminal preservado usado para 2022-06-07: C:\Users\k_99_\Desktop\codding\data_footprint_generator\trade_results_score\score_trade_result_2022-06-07_NY.csv
CSV terminal preservado usado para 2022-06-08: C:\Users\k_99_\Desktop\codding\data_footprint_generator\trade_results_score\score_trade_result_2022-06-08_NY.csv
CSV terminal preservado usado para 2022-06-09: C:\Users\k_99_\Desktop\codding\data_footprint_generator\trade_results_score\score_trade_result_2022-06-09_NY.csv
CSV terminal preservado usado para 2022-06-10: C:\Users\k_99_\Desktop\codding\data_footprint_generator\trade_results_score\score_trade_result_2022-06-10_NY.csv
CSV terminal preservado usado para 2022-06-13: C:\Users\k_99_\Desktop\codding\data_footprint_generator\trade_results_score\score_trade_result_2022-06-13_NY.csv
CSV terminal preservado usado para 2022-06-14: C:\Users\k_99_\Desktop\codding\data_footprint_generator\trade_results_score\score_trade_result_2022-06-14_NY.csv
CSV terminal preservado usado para 2022-06-15: C:\Users\k_99_\Desktop\codding\data_footprint_generator\trade_results_score\score_trade_result_2022-06-15_NY.csv
CSV terminal preservado usado para 2022-06-16: C:\Users\k_99_\Desktop\codding\data_footprint_generator\trade_results_score\score_trade_result_2022-06-16_NY.csv
CSV terminal preservado usado para 2022-06-17: C:\Users\k_99_\Desktop\codding\data_footprint_generator\trade_results_score\score_trade_result_2022-06-17_NY.csv
CSV terminal preservado usado para 2022-06-21: C:\Users\k_99_\Desktop\codding\data_footprint_generator\trade_results_score\score_trade_result_2022-06-21_NY.csv
CSV terminal preservado usado para 2022-06-22: C:\Users\k_99_\Desktop\codding\data_footprint_generator\trade_results_score\score_trade_result_2022-06-22_NY.csv
CSV terminal preservado usado para 2022-06-23: C:\Users\k_99_\Desktop\codding\data_footprint_generator\trade_results_score\score_trade_result_2022-06-23_NY.csv
CSV terminal preservado usado para 2022-06-24: C:\Users\k_99_\Desktop\codding\data_footprint_generator\trade_results_score\score_trade_result_2022-06-24_NY.csv
CSV terminal preservado usado para 2022-06-27: C:\Users\k_99_\Desktop\codding\data_footprint_generator\trade_results_score\score_trade_result_2022-06-27_NY.csv
CSV terminal preservado usado para 2022-06-28: C:\Users\k_99_\Desktop\codding\data_footprint_generator\trade_results_score\score_trade_result_2022-06-28_NY.csv
CSV terminal preservado usado para 2022-06-29: C:\Users\k_99_\Desktop\codding\data_footprint_generator\trade_results_score\score_trade_result_2022-06-29_NY.csv
CSV terminal preservado usado para 2022-06-30: C:\Users\k_99_\Desktop\codding\data_footprint_generator\trade_results_score\score_trade_result_2022-06-30_NY.csv
CSV terminal preservado usado para 2022-07-01: C:\Users\k_99_\Desktop\codding\data_footprint_generator\trade_results_score\score_trade_result_2022-07-01_NY.csv
CSV terminal preservado usado para 2022-07-05: C:\Users\k_99_\Desktop\codding\data_footprint_generator\trade_results_score\score_trade_result_2022-07-05_NY.csv
CSV terminal preservado usado para 2022-07-06: C:\Users\k_99_\Desktop\codding\data_footprint_generator\trade_results_score\score_trade_result_2022-07-06_NY.csv
CSV terminal preservado usado para 2022-07-07: C:\Users\k_99_\Desktop\codding\data_footprint_generator\trade_results_score\score_trade_result_2022-07-07_NY.csv
CSV terminal preservado usado para 2022-07-08: C:\Users\k_99_\Desktop\codding\data_footprint_generator\trade_results_score\score_trade_result_2022-07-08_NY.csv
CSV terminal preservado usado para 2022-07-11: C:\Users\k_99_\Desktop\codding\data_footprint_generator\trade_results_score\score_trade_result_2022-07-11_NY.csv
CSV terminal preservado usado para 2022-07-12: C:\Users\k_99_\Desktop\codding\data_footprint_generator\trade_results_score\score_trade_result_2022-07-12_NY.csv
CSV terminal preservado usado para 2022-07-13: C:\Users\k_99_\Desktop\codding\data_footprint_generator\trade_results_score\score_trade_result_2022-07-13_NY.csv
CSV terminal preservado usado para 2022-07-14: C:\Users\k_99_\Desktop\codding\data_footprint_generator\trade_results_score\score_trade_result_2022-07-14_NY.csv
CSV terminal preservado usado para 2022-07-15: C:\Users\k_99_\Desktop\codding\data_footprint_generator\trade_results_score\score_trade_result_2022-07-15_NY.csv
CSV terminal preservado usado para 2022-07-18: C:\Users\k_99_\Desktop\codding\data_footprint_generator\trade_results_score\score_trade_result_2022-07-18_NY.csv
CSV terminal preservado usado para 2022-07-19: C:\Users\k_99_\Desktop\codding\data_footprint_generator\trade_results_score\score_trade_result_2022-07-19_NY.csv
CSV terminal preservado usado para 2022-07-20: C:\Users\k_99_\Desktop\codding\data_footprint_generator\trade_results_score\score_trade_result_2022-07-20_NY.csv
CSV terminal preservado usado para 2022-07-21: C:\Users\k_99_\Desktop\codding\data_footprint_generator\trade_results_score\score_trade_result_2022-07-21_NY.csv
CSV terminal preservado usado para 2022-07-22: C:\Users\k_99_\Desktop\codding\data_footprint_generator\trade_results_score\score_trade_result_2022-07-22_NY.csv
CSV terminal preservado usado para 2022-07-25: C:\Users\k_99_\Desktop\codding\data_footprint_generator\trade_results_score\score_trade_result_2022-07-25_NY.csv
CSV terminal preservado usado para 2022-07-26: C:\Users\k_99_\Desktop\codding\data_footprint_generator\trade_results_score\score_trade_result_2022-07-26_NY.csv
CSV terminal preservado usado para 2022-07-27: C:\Users\k_99_\Desktop\codding\data_footprint_generator\trade_results_score\score_trade_result_2022-07-27_NY.csv
CSV terminal preservado usado para 2022-07-28: C:\Users\k_99_\Desktop\codding\data_footprint_generator\trade_results_score\score_trade_result_2022-07-28_NY.csv
CSV terminal preservado usado para 2022-07-29: C:\Users\k_99_\Desktop\codding\data_footprint_generator\trade_results_score\score_trade_result_2022-07-29_NY.csv
CSV terminal preservado usado para 2022-08-01: C:\Users\k_99_\Desktop\codding\data_footprint_generator\trade_results_score\score_trade_result_2022-08-01_NY.csv
CSV terminal preservado usado para 2022-08-02: C:\Users\k_99_\Desktop\codding\data_footprint_generator\trade_results_score\score_trade_result_2022-08-02_NY.csv
CSV terminal preservado usado para 2022-08-03: C:\Users\k_99_\Desktop\codding\data_footprint_generator\trade_results_score\score_trade_result_2022-08-03_NY.csv
CSV terminal preservado usado para 2022-08-04: C:\Users\k_99_\Desktop\codding\data_footprint_generator\trade_results_score\score_trade_result_2022-08-04_NY.csv
CSV terminal preservado usado para 2022-08-05: C:\Users\k_99_\Desktop\codding\data_footprint_generator\trade_results_score\score_trade_result_2022-08-05_NY.csv
CSV terminal preservado usado para 2022-08-08: C:\Users\k_99_\Desktop\codding\data_footprint_generator\trade_results_score\score_trade_result_2022-08-08_NY.csv
CSV terminal preservado usado para 2022-08-09: C:\Users\k_99_\Desktop\codding\data_footprint_generator\trade_results_score\score_trade_result_2022-08-09_NY.csv
CSV terminal preservado usado para 2022-08-10: C:\Users\k_99_\Desktop\codding\data_footprint_generator\trade_results_score\score_trade_result_2022-08-10_NY.csv
CSV terminal preservado usado para 2022-08-11: C:\Users\k_99_\Desktop\codding\data_footprint_generator\trade_results_score\score_trade_result_2022-08-11_NY.csv
CSV terminal preservado usado para 2022-08-12: C:\Users\k_99_\Desktop\codding\data_footprint_generator\trade_results_score\score_trade_result_2022-08-12_NY.csv
CSV terminal preservado usado para 2022-08-15: C:\Users\k_99_\Desktop\codding\data_footprint_generator\trade_results_score\score_trade_result_2022-08-15_NY.csv
CSV terminal preservado usado para 2022-08-16: C:\Users\k_99_\Desktop\codding\data_footprint_generator\trade_results_score\score_trade_result_2022-08-16_NY.csv
CSV terminal preservado usado para 2022-08-17: C:\Users\k_99_\Desktop\codding\data_footprint_generator\trade_results_score\score_trade_result_2022-08-17_NY.csv
CSV terminal preservado usado para 2022-08-18: C:\Users\k_99_\Desktop\codding\data_footprint_generator\trade_results_score\score_trade_result_2022-08-18_NY.csv
CSV terminal preservado usado para 2022-08-19: C:\Users\k_99_\Desktop\codding\data_footprint_generator\trade_results_score\score_trade_result_2022-08-19_NY.csv
CSV terminal preservado usado para 2022-08-22: C:\Users\k_99_\Desktop\codding\data_footprint_generator\trade_results_score\score_trade_result_2022-08-22_NY.csv
CSV terminal preservado usado para 2022-08-23: C:\Users\k_99_\Desktop\codding\data_footprint_generator\trade_results_score\score_trade_result_2022-08-23_NY.csv
CSV terminal preservado usado para 2022-08-24: C:\Users\k_99_\Desktop\codding\data_footprint_generator\trade_results_score\score_trade_result_2022-08-24_NY.csv
CSV terminal preservado usado para 2022-08-25: C:\Users\k_99_\Desktop\codding\data_footprint_generator\trade_results_score\score_trade_result_2022-08-25_NY.csv
CSV terminal preservado usado para 2022-08-26: C:\Users\k_99_\Desktop\codding\data_footprint_generator\trade_results_score\score_trade_result_2022-08-26_NY.csv
CSV terminal preservado usado para 2022-08-29: C:\Users\k_99_\Desktop\codding\data_footprint_generator\trade_results_score\score_trade_result_2022-08-29_NY.csv
CSV terminal preservado usado para 2022-08-30: C:\Users\k_99_\Desktop\codding\data_footprint_generator\trade_results_score\score_trade_result_2022-08-30_NY.csv
CSV terminal preservado usado para 2022-08-31: C:\Users\k_99_\Desktop\codding\data_footprint_generator\trade_results_score\score_trade_result_2022-08-31_NY.csv
CSV terminal preservado usado para 2022-09-01: C:\Users\k_99_\Desktop\codding\data_footprint_generator\trade_results_score\score_trade_result_2022-09-01_NY.csv
CSV terminal preservado usado para 2022-09-02: C:\Users\k_99_\Desktop\codding\data_footprint_generator\trade_results_score\score_trade_result_2022-09-02_NY.csv
CSV terminal preservado usado para 2022-09-06: C:\Users\k_99_\Desktop\codding\data_footprint_generator\trade_results_score\score_trade_result_2022-09-06_NY.csv
CSV terminal preservado usado para 2022-09-07: C:\Users\k_99_\Desktop\codding\data_footprint_generator\trade_results_score\score_trade_result_2022-09-07_NY.csv
CSV terminal preservado usado para 2022-09-08: C:\Users\k_99_\Desktop\codding\data_footprint_generator\trade_results_score\score_trade_result_2022-09-08_NY.csv
CSV terminal preservado usado para 2022-09-09: C:\Users\k_99_\Desktop\codding\data_footprint_generator\trade_results_score\score_trade_result_2022-09-09_NY.csv
CSV terminal preservado usado para 2022-09-12: C:\Users\k_99_\Desktop\codding\data_footprint_generator\trade_results_score\score_trade_result_2022-09-12_NY.csv
CSV terminal preservado usado para 2022-09-13: C:\Users\k_99_\Desktop\codding\data_footprint_generator\trade_results_score\score_trade_result_2022-09-13_NY.csv
CSV terminal preservado usado para 2022-09-14: C:\Users\k_99_\Desktop\codding\data_footprint_generator\trade_results_score\score_trade_result_2022-09-14_NY.csv
CSV terminal preservado usado para 2022-09-15: C:\Users\k_99_\Desktop\codding\data_footprint_generator\trade_results_score\score_trade_result_2022-09-15_NY.csv
CSV terminal preservado usado para 2022-09-16: C:\Users\k_99_\Desktop\codding\data_footprint_generator\trade_results_score\score_trade_result_2022-09-16_NY.csv
CSV terminal preservado usado para 2022-09-19: C:\Users\k_99_\Desktop\codding\data_footprint_generator\trade_results_score\score_trade_result_2022-09-19_NY.csv
CSV terminal preservado usado para 2022-09-20: C:\Users\k_99_\Desktop\codding\data_footprint_generator\trade_results_score\score_trade_result_2022-09-20_NY.csv
CSV terminal preservado usado para 2022-09-21: C:\Users\k_99_\Desktop\codding\data_footprint_generator\trade_results_score\score_trade_result_2022-09-21_NY.csv
CSV terminal preservado usado para 2022-09-22: C:\Users\k_99_\Desktop\codding\data_footprint_generator\trade_results_score\score_trade_result_2022-09-22_NY.csv
CSV terminal preservado usado para 2022-09-23: C:\Users\k_99_\Desktop\codding\data_footprint_generator\trade_results_score\score_trade_result_2022-09-23_NY.csv
CSV terminal preservado usado para 2022-09-26: C:\Users\k_99_\Desktop\codding\data_footprint_generator\trade_results_score\score_trade_result_2022-09-26_NY.csv
CSV terminal preservado usado para 2022-09-27: C:\Users\k_99_\Desktop\codding\data_footprint_generator\trade_results_score\score_trade_result_2022-09-27_NY.csv
CSV terminal preservado usado para 2022-09-28: C:\Users\k_99_\Desktop\codding\data_footprint_generator\trade_results_score\score_trade_result_2022-09-28_NY.csv
CSV terminal preservado usado para 2022-09-29: C:\Users\k_99_\Desktop\codding\data_footprint_generator\trade_results_score\score_trade_result_2022-09-29_NY.csv
CSV terminal preservado usado para 2022-09-30: C:\Users\k_99_\Desktop\codding\data_footprint_generator\trade_results_score\score_trade_result_2022-09-30_NY.csv
CSV terminal preservado usado para 2022-10-03: C:\Users\k_99_\Desktop\codding\data_footprint_generator\trade_results_score\score_trade_result_2022-10-03_NY.csv
CSV terminal preservado usado para 2022-10-04: C:\Users\k_99_\Desktop\codding\data_footprint_generator\trade_results_score\score_trade_result_2022-10-04_NY.csv
CSV terminal preservado usado para 2022-10-05: C:\Users\k_99_\Desktop\codding\data_footprint_generator\trade_results_score\score_trade_result_2022-10-05_NY.csv
CSV terminal preservado usado para 2022-10-06: C:\Users\k_99_\Desktop\codding\data_footprint_generator\trade_results_score\score_trade_result_2022-10-06_NY.csv
CSV terminal preservado usado para 2022-10-07: C:\Users\k_99_\Desktop\codding\data_footprint_generator\trade_results_score\score_trade_result_2022-10-07_NY.csv
CSV terminal preservado usado para 2022-10-10: C:\Users\k_99_\Desktop\codding\data_footprint_generator\trade_results_score\score_trade_result_2022-10-10_NY.csv
CSV terminal preservado usado para 2022-10-11: C:\Users\k_99_\Desktop\codding\data_footprint_generator\trade_results_score\score_trade_result_2022-10-11_NY.csv
CSV terminal preservado usado para 2022-10-12: C:\Users\k_99_\Desktop\codding\data_footprint_generator\trade_results_score\score_trade_result_2022-10-12_NY.csv
CSV terminal preservado usado para 2022-10-13: C:\Users\k_99_\Desktop\codding\data_footprint_generator\trade_results_score\score_trade_result_2022-10-13_NY.csv
CSV terminal preservado usado para 2022-10-14: C:\Users\k_99_\Desktop\codding\data_footprint_generator\trade_results_score\score_trade_result_2022-10-14_NY.csv
CSV terminal preservado usado para 2022-10-17: C:\Users\k_99_\Desktop\codding\data_footprint_generator\trade_results_score\score_trade_result_2022-10-17_NY.csv
CSV terminal preservado usado para 2022-10-18: C:\Users\k_99_\Desktop\codding\data_footprint_generator\trade_results_score\score_trade_result_2022-10-18_NY.csv
CSV terminal preservado usado para 2022-10-19: C:\Users\k_99_\Desktop\codding\data_footprint_generator\trade_results_score\score_trade_result_2022-10-19_NY.csv
CSV terminal preservado usado para 2022-10-20: C:\Users\k_99_\Desktop\codding\data_footprint_generator\trade_results_score\score_trade_result_2022-10-20_NY.csv
CSV terminal preservado usado para 2022-10-21: C:\Users\k_99_\Desktop\codding\data_footprint_generator\trade_results_score\score_trade_result_2022-10-21_NY.csv
CSV terminal preservado usado para 2022-10-24: C:\Users\k_99_\Desktop\codding\data_footprint_generator\trade_results_score\score_trade_result_2022-10-24_NY.csv
CSV terminal preservado usado para 2022-10-25: C:\Users\k_99_\Desktop\codding\data_footprint_generator\trade_results_score\score_trade_result_2022-10-25_NY.csv
CSV terminal preservado usado para 2022-10-26: C:\Users\k_99_\Desktop\codding\data_footprint_generator\trade_results_score\score_trade_result_2022-10-26_NY.csv
CSV terminal preservado usado para 2022-10-27: C:\Users\k_99_\Desktop\codding\data_footprint_generator\trade_results_score\score_trade_result_2022-10-27_NY.csv
CSV terminal preservado usado para 2022-10-28: C:\Users\k_99_\Desktop\codding\data_footprint_generator\trade_results_score\score_trade_result_2022-10-28_NY.csv
CSV terminal preservado usado para 2022-10-31: C:\Users\k_99_\Desktop\codding\data_footprint_generator\trade_results_score\score_trade_result_2022-10-31_NY.csv
CSV terminal preservado usado para 2022-11-01: C:\Users\k_99_\Desktop\codding\data_footprint_generator\trade_results_score\score_trade_result_2022-11-01_NY.csv
CSV terminal preservado usado para 2022-11-02: C:\Users\k_99_\Desktop\codding\data_footprint_generator\trade_results_score\score_trade_result_2022-11-02_NY.csv
CSV terminal preservado usado para 2022-11-03: C:\Users\k_99_\Desktop\codding\data_footprint_generator\trade_results_score\score_trade_result_2022-11-03_NY.csv
CSV terminal preservado usado para 2022-11-04: C:\Users\k_99_\Desktop\codding\data_footprint_generator\trade_results_score\score_trade_result_2022-11-04_NY.csv
CSV terminal preservado usado para 2023-03-13: C:\Users\k_99_\Desktop\codding\data_footprint_generator\trade_results_score\score_trade_result_2023-03-13_NY.csv
CSV terminal preservado usado para 2023-03-14: C:\Users\k_99_\Desktop\codding\data_footprint_generator\trade_results_score\score_trade_result_2023-03-14_NY.csv
CSV terminal preservado usado para 2023-03-15: C:\Users\k_99_\Desktop\codding\data_footprint_generator\trade_results_score\score_trade_result_2023-03-15_NY.csv
CSV terminal preservado usado para 2023-03-16: C:\Users\k_99_\Desktop\codding\data_footprint_generator\trade_results_score\score_trade_result_2023-03-16_NY.csv
CSV terminal preservado usado para 2023-03-17: C:\Users\k_99_\Desktop\codding\data_footprint_generator\trade_results_score\score_trade_result_2023-03-17_NY.csv
CSV terminal preservado usado para 2023-03-20: C:\Users\k_99_\Desktop\codding\data_footprint_generator\trade_results_score\score_trade_result_2023-03-20_NY.csv
CSV terminal preservado usado para 2023-03-21: C:\Users\k_99_\Desktop\codding\data_footprint_generator\trade_results_score\score_trade_result_2023-03-21_NY.csv
CSV terminal preservado usado para 2023-03-22: C:\Users\k_99_\Desktop\codding\data_footprint_generator\trade_results_score\score_trade_result_2023-03-22_NY.csv
CSV terminal preservado usado para 2023-03-23: C:\Users\k_99_\Desktop\codding\data_footprint_generator\trade_results_score\score_trade_result_2023-03-23_NY.csv
CSV terminal preservado usado para 2023-03-24: C:\Users\k_99_\Desktop\codding\data_footprint_generator\trade_results_score\score_trade_result_2023-03-24_NY.csv
CSV terminal preservado usado para 2023-03-27: C:\Users\k_99_\Desktop\codding\data_footprint_generator\trade_results_score\score_trade_result_2023-03-27_NY.csv
CSV terminal preservado usado para 2023-03-28: C:\Users\k_99_\Desktop\codding\data_footprint_generator\trade_results_score\score_trade_result_2023-03-28_NY.csv
CSV terminal preservado usado para 2023-03-29: C:\Users\k_99_\Desktop\codding\data_footprint_generator\trade_results_score\score_trade_result_2023-03-29_NY.csv
CSV terminal preservado usado para 2023-03-30: C:\Users\k_99_\Desktop\codding\data_footprint_generator\trade_results_score\score_trade_result_2023-03-30_NY.csv
CSV terminal preservado usado para 2023-03-31: C:\Users\k_99_\Desktop\codding\data_footprint_generator\trade_results_score\score_trade_result_2023-03-31_NY.csv
CSV terminal preservado usado para 2023-04-03: C:\Users\k_99_\Desktop\codding\data_footprint_generator\trade_results_score\score_trade_result_2023-04-03_NY.csv
CSV terminal preservado usado para 2023-04-04: C:\Users\k_99_\Desktop\codding\data_footprint_generator\trade_results_score\score_trade_result_2023-04-04_NY.csv
CSV terminal preservado usado para 2023-04-05: C:\Users\k_99_\Desktop\codding\data_footprint_generator\trade_results_score\score_trade_result_2023-04-05_NY.csv
CSV terminal preservado usado para 2023-04-06: C:\Users\k_99_\Desktop\codding\data_footprint_generator\trade_results_score\score_trade_result_2023-04-06_NY.csv
CSV terminal preservado usado para 2023-04-10: C:\Users\k_99_\Desktop\codding\data_footprint_generator\trade_results_score\score_trade_result_2023-04-10_NY.csv
CSV terminal preservado usado para 2023-04-11: C:\Users\k_99_\Desktop\codding\data_footprint_generator\trade_results_score\score_trade_result_2023-04-11_NY.csv
CSV terminal preservado usado para 2023-04-12: C:\Users\k_99_\Desktop\codding\data_footprint_generator\trade_results_score\score_trade_result_2023-04-12_NY.csv
CSV terminal preservado usado para 2023-04-13: C:\Users\k_99_\Desktop\codding\data_footprint_generator\trade_results_score\score_trade_result_2023-04-13_NY.csv
CSV terminal preservado usado para 2023-04-14: C:\Users\k_99_\Desktop\codding\data_footprint_generator\trade_results_score\score_trade_result_2023-04-14_NY.csv
CSV terminal preservado usado para 2023-04-17: C:\Users\k_99_\Desktop\codding\data_footprint_generator\trade_results_score\score_trade_result_2023-04-17_NY.csv
CSV terminal preservado usado para 2023-04-18: C:\Users\k_99_\Desktop\codding\data_footprint_generator\trade_results_score\score_trade_result_2023-04-18_NY.csv
CSV terminal preservado usado para 2023-04-19: C:\Users\k_99_\Desktop\codding\data_footprint_generator\trade_results_score\score_trade_result_2023-04-19_NY.csv
CSV terminal preservado usado para 2023-04-20: C:\Users\k_99_\Desktop\codding\data_footprint_generator\trade_results_score\score_trade_result_2023-04-20_NY.csv
CSV terminal preservado usado para 2023-04-21: C:\Users\k_99_\Desktop\codding\data_footprint_generator\trade_results_score\score_trade_result_2023-04-21_NY.csv
CSV terminal preservado usado para 2023-04-24: C:\Users\k_99_\Desktop\codding\data_footprint_generator\trade_results_score\score_trade_result_2023-04-24_NY.csv
CSV terminal preservado usado para 2023-04-25: C:\Users\k_99_\Desktop\codding\data_footprint_generator\trade_results_score\score_trade_result_2023-04-25_NY.csv
CSV terminal preservado usado para 2023-04-26: C:\Users\k_99_\Desktop\codding\data_footprint_generator\trade_results_score\score_trade_result_2023-04-26_NY.csv
CSV terminal preservado usado para 2023-04-27: C:\Users\k_99_\Desktop\codding\data_footprint_generator\trade_results_score\score_trade_result_2023-04-27_NY.csv
CSV terminal preservado usado para 2023-04-28: C:\Users\k_99_\Desktop\codding\data_footprint_generator\trade_results_score\score_trade_result_2023-04-28_NY.csv
CSV terminal preservado usado para 2023-05-01: C:\Users\k_99_\Desktop\codding\data_footprint_generator\trade_results_score\score_trade_result_2023-05-01_NY.csv
CSV terminal preservado usado para 2023-05-02: C:\Users\k_99_\Desktop\codding\data_footprint_generator\trade_results_score\score_trade_result_2023-05-02_NY.csv
CSV terminal preservado usado para 2023-05-03: C:\Users\k_99_\Desktop\codding\data_footprint_generator\trade_results_score\score_trade_result_2023-05-03_NY.csv
CSV terminal preservado usado para 2023-05-04: C:\Users\k_99_\Desktop\codding\data_footprint_generator\trade_results_score\score_trade_result_2023-05-04_NY.csv
CSV terminal preservado usado para 2023-05-05: C:\Users\k_99_\Desktop\codding\data_footprint_generator\trade_results_score\score_trade_result_2023-05-05_NY.csv
CSV terminal preservado usado para 2023-05-08: C:\Users\k_99_\Desktop\codding\data_footprint_generator\trade_results_score\score_trade_result_2023-05-08_NY.csv
CSV terminal preservado usado para 2023-05-09: C:\Users\k_99_\Desktop\codding\data_footprint_generator\trade_results_score\score_trade_result_2023-05-09_NY.csv
CSV terminal preservado usado para 2023-05-10: C:\Users\k_99_\Desktop\codding\data_footprint_generator\trade_results_score\score_trade_result_2023-05-10_NY.csv
CSV terminal preservado usado para 2023-05-11: C:\Users\k_99_\Desktop\codding\data_footprint_generator\trade_results_score\score_trade_result_2023-05-11_NY.csv
CSV terminal preservado usado para 2023-05-12: C:\Users\k_99_\Desktop\codding\data_footprint_generator\trade_results_score\score_trade_result_2023-05-12_NY.csv
CSV terminal preservado usado para 2023-05-15: C:\Users\k_99_\Desktop\codding\data_footprint_generator\trade_results_score\score_trade_result_2023-05-15_NY.csv
CSV terminal preservado usado para 2023-05-16: C:\Users\k_99_\Desktop\codding\data_footprint_generator\trade_results_score\score_trade_result_2023-05-16_NY.csv
CSV terminal preservado usado para 2023-05-17: C:\Users\k_99_\Desktop\codding\data_footprint_generator\trade_results_score\score_trade_result_2023-05-17_NY.csv
CSV terminal preservado usado para 2023-05-18: C:\Users\k_99_\Desktop\codding\data_footprint_generator\trade_results_score\score_trade_result_2023-05-18_NY.csv
CSV terminal preservado usado para 2023-05-19: C:\Users\k_99_\Desktop\codding\data_footprint_generator\trade_results_score\score_trade_result_2023-05-19_NY.csv
CSV terminal preservado usado para 2023-05-22: C:\Users\k_99_\Desktop\codding\data_footprint_generator\trade_results_score\score_trade_result_2023-05-22_NY.csv
CSV terminal preservado usado para 2023-05-23: C:\Users\k_99_\Desktop\codding\data_footprint_generator\trade_results_score\score_trade_result_2023-05-23_NY.csv
CSV terminal preservado usado para 2023-05-24: C:\Users\k_99_\Desktop\codding\data_footprint_generator\trade_results_score\score_trade_result_2023-05-24_NY.csv
CSV terminal preservado usado para 2023-05-25: C:\Users\k_99_\Desktop\codding\data_footprint_generator\trade_results_score\score_trade_result_2023-05-25_NY.csv
CSV terminal preservado usado para 2023-05-26: C:\Users\k_99_\Desktop\codding\data_footprint_generator\trade_results_score\score_trade_result_2023-05-26_NY.csv
CSV terminal preservado usado para 2023-05-30: C:\Users\k_99_\Desktop\codding\data_footprint_generator\trade_results_score\score_trade_result_2023-05-30_NY.csv
CSV terminal preservado usado para 2023-05-31: C:\Users\k_99_\Desktop\codding\data_footprint_generator\trade_results_score\score_trade_result_2023-05-31_NY.csv
CSV terminal preservado usado para 2023-06-01: C:\Users\k_99_\Desktop\codding\data_footprint_generator\trade_results_score\score_trade_result_2023-06-01_NY.csv
CSV terminal preservado usado para 2023-06-02: C:\Users\k_99_\Desktop\codding\data_footprint_generator\trade_results_score\score_trade_result_2023-06-02_NY.csv
CSV terminal preservado usado para 2023-06-05: C:\Users\k_99_\Desktop\codding\data_footprint_generator\trade_results_score\score_trade_result_2023-06-05_NY.csv
CSV terminal preservado usado para 2023-06-06: C:\Users\k_99_\Desktop\codding\data_footprint_generator\trade_results_score\score_trade_result_2023-06-06_NY.csv
CSV terminal preservado usado para 2023-06-07: C:\Users\k_99_\Desktop\codding\data_footprint_generator\trade_results_score\score_trade_result_2023-06-07_NY.csv
CSV terminal preservado usado para 2023-06-08: C:\Users\k_99_\Desktop\codding\data_footprint_generator\trade_results_score\score_trade_result_2023-06-08_NY.csv
CSV terminal preservado usado para 2023-06-09: C:\Users\k_99_\Desktop\codding\data_footprint_generator\trade_results_score\score_trade_result_2023-06-09_NY.csv
CSV terminal preservado usado para 2023-06-12: C:\Users\k_99_\Desktop\codding\data_footprint_generator\trade_results_score\score_trade_result_2023-06-12_NY.csv
CSV terminal preservado usado para 2023-06-13: C:\Users\k_99_\Desktop\codding\data_footprint_generator\trade_results_score\score_trade_result_2023-06-13_NY.csv
CSV terminal preservado usado para 2023-06-14: C:\Users\k_99_\Desktop\codding\data_footprint_generator\trade_results_score\score_trade_result_2023-06-14_NY.csv
CSV terminal preservado usado para 2023-06-15: C:\Users\k_99_\Desktop\codding\data_footprint_generator\trade_results_score\score_trade_result_2023-06-15_NY.csv
CSV terminal preservado usado para 2023-06-16: C:\Users\k_99_\Desktop\codding\data_footprint_generator\trade_results_score\score_trade_result_2023-06-16_NY.csv
CSV terminal preservado usado para 2023-06-20: C:\Users\k_99_\Desktop\codding\data_footprint_generator\trade_results_score\score_trade_result_2023-06-20_NY.csv
CSV terminal preservado usado para 2023-06-21: C:\Users\k_99_\Desktop\codding\data_footprint_generator\trade_results_score\score_trade_result_2023-06-21_NY.csv
CSV terminal preservado usado para 2023-06-22: C:\Users\k_99_\Desktop\codding\data_footprint_generator\trade_results_score\score_trade_result_2023-06-22_NY.csv
CSV terminal preservado usado para 2023-06-23: C:\Users\k_99_\Desktop\codding\data_footprint_generator\trade_results_score\score_trade_result_2023-06-23_NY.csv
CSV terminal preservado usado para 2023-06-26: C:\Users\k_99_\Desktop\codding\data_footprint_generator\trade_results_score\score_trade_result_2023-06-26_NY.csv
CSV terminal preservado usado para 2023-06-27: C:\Users\k_99_\Desktop\codding\data_footprint_generator\trade_results_score\score_trade_result_2023-06-27_NY.csv
CSV terminal preservado usado para 2023-06-28: C:\Users\k_99_\Desktop\codding\data_footprint_generator\trade_results_score\score_trade_result_2023-06-28_NY.csv
CSV terminal preservado usado para 2023-06-29: C:\Users\k_99_\Desktop\codding\data_footprint_generator\trade_results_score\score_trade_result_2023-06-29_NY.csv
CSV terminal preservado usado para 2023-06-30: C:\Users\k_99_\Desktop\codding\data_footprint_generator\trade_results_score\score_trade_result_2023-06-30_NY.csv
CSV terminal preservado usado para 2023-07-03: C:\Users\k_99_\Desktop\codding\data_footprint_generator\trade_results_score\score_trade_result_2023-07-03_NY.csv
CSV terminal preservado usado para 2023-07-05: C:\Users\k_99_\Desktop\codding\data_footprint_generator\trade_results_score\score_trade_result_2023-07-05_NY.csv
CSV terminal preservado usado para 2023-07-06: C:\Users\k_99_\Desktop\codding\data_footprint_generator\trade_results_score\score_trade_result_2023-07-06_NY.csv
CSV terminal preservado usado para 2023-07-07: C:\Users\k_99_\Desktop\codding\data_footprint_generator\trade_results_score\score_trade_result_2023-07-07_NY.csv
CSV terminal preservado usado para 2023-07-10: C:\Users\k_99_\Desktop\codding\data_footprint_generator\trade_results_score\score_trade_result_2023-07-10_NY.csv
CSV terminal preservado usado para 2023-07-11: C:\Users\k_99_\Desktop\codding\data_footprint_generator\trade_results_score\score_trade_result_2023-07-11_NY.csv
CSV terminal preservado usado para 2023-07-12: C:\Users\k_99_\Desktop\codding\data_footprint_generator\trade_results_score\score_trade_result_2023-07-12_NY.csv
CSV terminal preservado usado para 2023-07-13: C:\Users\k_99_\Desktop\codding\data_footprint_generator\trade_results_score\score_trade_result_2023-07-13_NY.csv
CSV terminal preservado usado para 2023-07-14: C:\Users\k_99_\Desktop\codding\data_footprint_generator\trade_results_score\score_trade_result_2023-07-14_NY.csv
CSV terminal preservado usado para 2023-07-17: C:\Users\k_99_\Desktop\codding\data_footprint_generator\trade_results_score\score_trade_result_2023-07-17_NY.csv
CSV terminal preservado usado para 2023-07-18: C:\Users\k_99_\Desktop\codding\data_footprint_generator\trade_results_score\score_trade_result_2023-07-18_NY.csv
CSV terminal preservado usado para 2023-07-19: C:\Users\k_99_\Desktop\codding\data_footprint_generator\trade_results_score\score_trade_result_2023-07-19_NY.csv
CSV terminal preservado usado para 2023-07-20: C:\Users\k_99_\Desktop\codding\data_footprint_generator\trade_results_score\score_trade_result_2023-07-20_NY.csv
CSV terminal preservado usado para 2023-07-21: C:\Users\k_99_\Desktop\codding\data_footprint_generator\trade_results_score\score_trade_result_2023-07-21_NY.csv
CSV terminal preservado usado para 2023-07-24: C:\Users\k_99_\Desktop\codding\data_footprint_generator\trade_results_score\score_trade_result_2023-07-24_NY.csv
CSV terminal preservado usado para 2023-07-25: C:\Users\k_99_\Desktop\codding\data_footprint_generator\trade_results_score\score_trade_result_2023-07-25_NY.csv
CSV terminal preservado usado para 2023-07-26: C:\Users\k_99_\Desktop\codding\data_footprint_generator\trade_results_score\score_trade_result_2023-07-26_NY.csv
CSV terminal preservado usado para 2023-07-27: C:\Users\k_99_\Desktop\codding\data_footprint_generator\trade_results_score\score_trade_result_2023-07-27_NY.csv
CSV terminal preservado usado para 2023-07-28: C:\Users\k_99_\Desktop\codding\data_footprint_generator\trade_results_score\score_trade_result_2023-07-28_NY.csv
CSV terminal preservado usado para 2023-07-31: C:\Users\k_99_\Desktop\codding\data_footprint_generator\trade_results_score\score_trade_result_2023-07-31_NY.csv
CSV terminal preservado usado para 2023-08-01: C:\Users\k_99_\Desktop\codding\data_footprint_generator\trade_results_score\score_trade_result_2023-08-01_NY.csv
CSV terminal preservado usado para 2023-08-02: C:\Users\k_99_\Desktop\codding\data_footprint_generator\trade_results_score\score_trade_result_2023-08-02_NY.csv
CSV terminal preservado usado para 2023-08-03: C:\Users\k_99_\Desktop\codding\data_footprint_generator\trade_results_score\score_trade_result_2023-08-03_NY.csv
CSV terminal preservado usado para 2023-08-04: C:\Users\k_99_\Desktop\codding\data_footprint_generator\trade_results_score\score_trade_result_2023-08-04_NY.csv
CSV terminal preservado usado para 2023-08-07: C:\Users\k_99_\Desktop\codding\data_footprint_generator\trade_results_score\score_trade_result_2023-08-07_NY.csv
CSV terminal preservado usado para 2023-08-08: C:\Users\k_99_\Desktop\codding\data_footprint_generator\trade_results_score\score_trade_result_2023-08-08_NY.csv
CSV terminal preservado usado para 2023-08-09: C:\Users\k_99_\Desktop\codding\data_footprint_generator\trade_results_score\score_trade_result_2023-08-09_NY.csv
CSV terminal preservado usado para 2023-08-10: C:\Users\k_99_\Desktop\codding\data_footprint_generator\trade_results_score\score_trade_result_2023-08-10_NY.csv
CSV terminal preservado usado para 2023-08-11: C:\Users\k_99_\Desktop\codding\data_footprint_generator\trade_results_score\score_trade_result_2023-08-11_NY.csv
CSV terminal preservado usado para 2023-08-14: C:\Users\k_99_\Desktop\codding\data_footprint_generator\trade_results_score\score_trade_result_2023-08-14_NY.csv
CSV terminal preservado usado para 2023-08-15: C:\Users\k_99_\Desktop\codding\data_footprint_generator\trade_results_score\score_trade_result_2023-08-15_NY.csv
CSV terminal preservado usado para 2023-08-16: C:\Users\k_99_\Desktop\codding\data_footprint_generator\trade_results_score\score_trade_result_2023-08-16_NY.csv
CSV terminal preservado usado para 2023-08-17: C:\Users\k_99_\Desktop\codding\data_footprint_generator\trade_results_score\score_trade_result_2023-08-17_NY.csv
CSV terminal preservado usado para 2023-08-18: C:\Users\k_99_\Desktop\codding\data_footprint_generator\trade_results_score\score_trade_result_2023-08-18_NY.csv
CSV terminal preservado usado para 2023-08-21: C:\Users\k_99_\Desktop\codding\data_footprint_generator\trade_results_score\score_trade_result_2023-08-21_NY.csv
CSV terminal preservado usado para 2023-08-22: C:\Users\k_99_\Desktop\codding\data_footprint_generator\trade_results_score\score_trade_result_2023-08-22_NY.csv
CSV terminal preservado usado para 2023-08-23: C:\Users\k_99_\Desktop\codding\data_footprint_generator\trade_results_score\score_trade_result_2023-08-23_NY.csv
CSV terminal preservado usado para 2023-08-24: C:\Users\k_99_\Desktop\codding\data_footprint_generator\trade_results_score\score_trade_result_2023-08-24_NY.csv
CSV terminal preservado usado para 2023-08-25: C:\Users\k_99_\Desktop\codding\data_footprint_generator\trade_results_score\score_trade_result_2023-08-25_NY.csv
CSV terminal preservado usado para 2023-08-28: C:\Users\k_99_\Desktop\codding\data_footprint_generator\trade_results_score\score_trade_result_2023-08-28_NY.csv
CSV terminal preservado usado para 2023-08-29: C:\Users\k_99_\Desktop\codding\data_footprint_generator\trade_results_score\score_trade_result_2023-08-29_NY.csv
CSV terminal preservado usado para 2023-08-30: C:\Users\k_99_\Desktop\codding\data_footprint_generator\trade_results_score\score_trade_result_2023-08-30_NY.csv
CSV terminal preservado usado para 2023-08-31: C:\Users\k_99_\Desktop\codding\data_footprint_generator\trade_results_score\score_trade_result_2023-08-31_NY.csv
CSV terminal preservado usado para 2023-09-01: C:\Users\k_99_\Desktop\codding\data_footprint_generator\trade_results_score\score_trade_result_2023-09-01_NY.csv
CSV terminal preservado usado para 2023-09-05: C:\Users\k_99_\Desktop\codding\data_footprint_generator\trade_results_score\score_trade_result_2023-09-05_NY.csv
CSV terminal preservado usado para 2023-09-06: C:\Users\k_99_\Desktop\codding\data_footprint_generator\trade_results_score\score_trade_result_2023-09-06_NY.csv
CSV terminal preservado usado para 2023-09-07: C:\Users\k_99_\Desktop\codding\data_footprint_generator\trade_results_score\score_trade_result_2023-09-07_NY.csv
CSV terminal preservado usado para 2023-09-08: C:\Users\k_99_\Desktop\codding\data_footprint_generator\trade_results_score\score_trade_result_2023-09-08_NY.csv
CSV terminal preservado usado para 2023-09-11: C:\Users\k_99_\Desktop\codding\data_footprint_generator\trade_results_score\score_trade_result_2023-09-11_NY.csv
CSV terminal preservado usado para 2023-09-12: C:\Users\k_99_\Desktop\codding\data_footprint_generator\trade_results_score\score_trade_result_2023-09-12_NY.csv
CSV terminal preservado usado para 2023-09-13: C:\Users\k_99_\Desktop\codding\data_footprint_generator\trade_results_score\score_trade_result_2023-09-13_NY.csv
CSV terminal preservado usado para 2023-09-14: C:\Users\k_99_\Desktop\codding\data_footprint_generator\trade_results_score\score_trade_result_2023-09-14_NY.csv
CSV terminal preservado usado para 2023-09-15: C:\Users\k_99_\Desktop\codding\data_footprint_generator\trade_results_score\score_trade_result_2023-09-15_NY.csv
CSV terminal preservado usado para 2023-09-18: C:\Users\k_99_\Desktop\codding\data_footprint_generator\trade_results_score\score_trade_result_2023-09-18_NY.csv
CSV terminal preservado usado para 2023-09-19: C:\Users\k_99_\Desktop\codding\data_footprint_generator\trade_results_score\score_trade_result_2023-09-19_NY.csv
CSV terminal preservado usado para 2023-09-20: C:\Users\k_99_\Desktop\codding\data_footprint_generator\trade_results_score\score_trade_result_2023-09-20_NY.csv
CSV terminal preservado usado para 2023-09-21: C:\Users\k_99_\Desktop\codding\data_footprint_generator\trade_results_score\score_trade_result_2023-09-21_NY.csv
CSV terminal preservado usado para 2023-09-22: C:\Users\k_99_\Desktop\codding\data_footprint_generator\trade_results_score\score_trade_result_2023-09-22_NY.csv
CSV terminal preservado usado para 2023-09-25: C:\Users\k_99_\Desktop\codding\data_footprint_generator\trade_results_score\score_trade_result_2023-09-25_NY.csv
CSV terminal preservado usado para 2023-09-26: C:\Users\k_99_\Desktop\codding\data_footprint_generator\trade_results_score\score_trade_result_2023-09-26_NY.csv
CSV terminal preservado usado para 2023-09-27: C:\Users\k_99_\Desktop\codding\data_footprint_generator\trade_results_score\score_trade_result_2023-09-27_NY.csv
CSV terminal preservado usado para 2023-09-28: C:\Users\k_99_\Desktop\codding\data_footprint_generator\trade_results_score\score_trade_result_2023-09-28_NY.csv
CSV terminal preservado usado para 2023-09-29: C:\Users\k_99_\Desktop\codding\data_footprint_generator\trade_results_score\score_trade_result_2023-09-29_NY.csv
CSV terminal preservado usado para 2023-10-02: C:\Users\k_99_\Desktop\codding\data_footprint_generator\trade_results_score\score_trade_result_2023-10-02_NY.csv
CSV terminal preservado usado para 2023-10-03: C:\Users\k_99_\Desktop\codding\data_footprint_generator\trade_results_score\score_trade_result_2023-10-03_NY.csv
CSV terminal preservado usado para 2023-10-04: C:\Users\k_99_\Desktop\codding\data_footprint_generator\trade_results_score\score_trade_result_2023-10-04_NY.csv
CSV terminal preservado usado para 2023-10-05: C:\Users\k_99_\Desktop\codding\data_footprint_generator\trade_results_score\score_trade_result_2023-10-05_NY.csv
CSV terminal preservado usado para 2023-10-06: C:\Users\k_99_\Desktop\codding\data_footprint_generator\trade_results_score\score_trade_result_2023-10-06_NY.csv
CSV terminal preservado usado para 2023-10-09: C:\Users\k_99_\Desktop\codding\data_footprint_generator\trade_results_score\score_trade_result_2023-10-09_NY.csv
CSV terminal preservado usado para 2023-10-10: C:\Users\k_99_\Desktop\codding\data_footprint_generator\trade_results_score\score_trade_result_2023-10-10_NY.csv
CSV terminal preservado usado para 2023-10-11: C:\Users\k_99_\Desktop\codding\data_footprint_generator\trade_results_score\score_trade_result_2023-10-11_NY.csv
CSV terminal preservado usado para 2023-10-12: C:\Users\k_99_\Desktop\codding\data_footprint_generator\trade_results_score\score_trade_result_2023-10-12_NY.csv
CSV terminal preservado usado para 2023-10-13: C:\Users\k_99_\Desktop\codding\data_footprint_generator\trade_results_score\score_trade_result_2023-10-13_NY.csv
CSV terminal preservado usado para 2023-10-16: C:\Users\k_99_\Desktop\codding\data_footprint_generator\trade_results_score\score_trade_result_2023-10-16_NY.csv
CSV terminal preservado usado para 2023-10-17: C:\Users\k_99_\Desktop\codding\data_footprint_generator\trade_results_score\score_trade_result_2023-10-17_NY.csv
CSV terminal preservado usado para 2023-10-18: C:\Users\k_99_\Desktop\codding\data_footprint_generator\trade_results_score\score_trade_result_2023-10-18_NY.csv
CSV terminal preservado usado para 2023-10-19: C:\Users\k_99_\Desktop\codding\data_footprint_generator\trade_results_score\score_trade_result_2023-10-19_NY.csv
CSV terminal preservado usado para 2023-10-20: C:\Users\k_99_\Desktop\codding\data_footprint_generator\trade_results_score\score_trade_result_2023-10-20_NY.csv
CSV terminal preservado usado para 2023-10-23: C:\Users\k_99_\Desktop\codding\data_footprint_generator\trade_results_score\score_trade_result_2023-10-23_NY.csv
CSV terminal preservado usado para 2023-10-24: C:\Users\k_99_\Desktop\codding\data_footprint_generator\trade_results_score\score_trade_result_2023-10-24_NY.csv
CSV terminal preservado usado para 2023-10-25: C:\Users\k_99_\Desktop\codding\data_footprint_generator\trade_results_score\score_trade_result_2023-10-25_NY.csv
CSV terminal preservado usado para 2023-10-26: C:\Users\k_99_\Desktop\codding\data_footprint_generator\trade_results_score\score_trade_result_2023-10-26_NY.csv
CSV terminal preservado usado para 2023-10-27: C:\Users\k_99_\Desktop\codding\data_footprint_generator\trade_results_score\score_trade_result_2023-10-27_NY.csv
CSV terminal preservado usado para 2023-10-30: C:\Users\k_99_\Desktop\codding\data_footprint_generator\trade_results_score\score_trade_result_2023-10-30_NY.csv
CSV terminal preservado usado para 2023-10-31: C:\Users\k_99_\Desktop\codding\data_footprint_generator\trade_results_score\score_trade_result_2023-10-31_NY.csv
CSV terminal preservado usado para 2023-11-01: C:\Users\k_99_\Desktop\codding\data_footprint_generator\trade_results_score\score_trade_result_2023-11-01_NY.csv
CSV terminal preservado usado para 2023-11-02: C:\Users\k_99_\Desktop\codding\data_footprint_generator\trade_results_score\score_trade_result_2023-11-02_NY.csv
CSV terminal preservado usado para 2023-11-03: C:\Users\k_99_\Desktop\codding\data_footprint_generator\trade_results_score\score_trade_result_2023-11-03_NY.csv
CSV terminal preservado usado para 2024-03-11: C:\Users\k_99_\Desktop\codding\data_footprint_generator\trade_results_score\score_trade_result_2024-03-11_NY.csv
CSV terminal preservado usado para 2024-03-12: C:\Users\k_99_\Desktop\codding\data_footprint_generator\trade_results_score\score_trade_result_2024-03-12_NY.csv
CSV terminal preservado usado para 2024-03-13: C:\Users\k_99_\Desktop\codding\data_footprint_generator\trade_results_score\score_trade_result_2024-03-13_NY.csv
CSV terminal preservado usado para 2024-03-14: C:\Users\k_99_\Desktop\codding\data_footprint_generator\trade_results_score\score_trade_result_2024-03-14_NY.csv
CSV terminal preservado usado para 2024-03-15: C:\Users\k_99_\Desktop\codding\data_footprint_generator\trade_results_score\score_trade_result_2024-03-15_NY.csv
CSV terminal preservado usado para 2024-03-18: C:\Users\k_99_\Desktop\codding\data_footprint_generator\trade_results_score\score_trade_result_2024-03-18_NY.csv
CSV terminal preservado usado para 2024-03-19: C:\Users\k_99_\Desktop\codding\data_footprint_generator\trade_results_score\score_trade_result_2024-03-19_NY.csv
CSV terminal preservado usado para 2024-03-20: C:\Users\k_99_\Desktop\codding\data_footprint_generator\trade_results_score\score_trade_result_2024-03-20_NY.csv
CSV terminal preservado usado para 2024-03-21: C:\Users\k_99_\Desktop\codding\data_footprint_generator\trade_results_score\score_trade_result_2024-03-21_NY.csv
CSV terminal preservado usado para 2024-03-22: C:\Users\k_99_\Desktop\codding\data_footprint_generator\trade_results_score\score_trade_result_2024-03-22_NY.csv
CSV terminal preservado usado para 2024-03-25: C:\Users\k_99_\Desktop\codding\data_footprint_generator\trade_results_score\score_trade_result_2024-03-25_NY.csv
CSV terminal preservado usado para 2024-03-26: C:\Users\k_99_\Desktop\codding\data_footprint_generator\trade_results_score\score_trade_result_2024-03-26_NY.csv
CSV terminal preservado usado para 2024-03-27: C:\Users\k_99_\Desktop\codding\data_footprint_generator\trade_results_score\score_trade_result_2024-03-27_NY.csv
CSV terminal preservado usado para 2024-03-28: C:\Users\k_99_\Desktop\codding\data_footprint_generator\trade_results_score\score_trade_result_2024-03-28_NY.csv
CSV terminal preservado usado para 2024-04-01: C:\Users\k_99_\Desktop\codding\data_footprint_generator\trade_results_score\score_trade_result_2024-04-01_NY.csv
CSV terminal preservado usado para 2024-04-02: C:\Users\k_99_\Desktop\codding\data_footprint_generator\trade_results_score\score_trade_result_2024-04-02_NY.csv
CSV terminal preservado usado para 2024-04-03: C:\Users\k_99_\Desktop\codding\data_footprint_generator\trade_results_score\score_trade_result_2024-04-03_NY.csv
CSV terminal preservado usado para 2024-04-04: C:\Users\k_99_\Desktop\codding\data_footprint_generator\trade_results_score\score_trade_result_2024-04-04_NY.csv
CSV terminal preservado usado para 2024-04-05: C:\Users\k_99_\Desktop\codding\data_footprint_generator\trade_results_score\score_trade_result_2024-04-05_NY.csv
CSV terminal preservado usado para 2024-04-08: C:\Users\k_99_\Desktop\codding\data_footprint_generator\trade_results_score\score_trade_result_2024-04-08_NY.csv
CSV terminal preservado usado para 2024-04-09: C:\Users\k_99_\Desktop\codding\data_footprint_generator\trade_results_score\score_trade_result_2024-04-09_NY.csv
CSV terminal preservado usado para 2024-04-10: C:\Users\k_99_\Desktop\codding\data_footprint_generator\trade_results_score\score_trade_result_2024-04-10_NY.csv
CSV terminal preservado usado para 2024-04-11: C:\Users\k_99_\Desktop\codding\data_footprint_generator\trade_results_score\score_trade_result_2024-04-11_NY.csv
CSV terminal preservado usado para 2024-04-12: C:\Users\k_99_\Desktop\codding\data_footprint_generator\trade_results_score\score_trade_result_2024-04-12_NY.csv
CSV terminal preservado usado para 2024-04-15: C:\Users\k_99_\Desktop\codding\data_footprint_generator\trade_results_score\score_trade_result_2024-04-15_NY.csv
CSV terminal preservado usado para 2024-04-16: C:\Users\k_99_\Desktop\codding\data_footprint_generator\trade_results_score\score_trade_result_2024-04-16_NY.csv
CSV terminal preservado usado para 2024-04-17: C:\Users\k_99_\Desktop\codding\data_footprint_generator\trade_results_score\score_trade_result_2024-04-17_NY.csv
CSV terminal preservado usado para 2024-04-18: C:\Users\k_99_\Desktop\codding\data_footprint_generator\trade_results_score\score_trade_result_2024-04-18_NY.csv
CSV terminal preservado usado para 2024-04-19: C:\Users\k_99_\Desktop\codding\data_footprint_generator\trade_results_score\score_trade_result_2024-04-19_NY.csv
CSV terminal preservado usado para 2024-04-22: C:\Users\k_99_\Desktop\codding\data_footprint_generator\trade_results_score\score_trade_result_2024-04-22_NY.csv
CSV terminal preservado usado para 2024-04-23: C:\Users\k_99_\Desktop\codding\data_footprint_generator\trade_results_score\score_trade_result_2024-04-23_NY.csv
CSV terminal preservado usado para 2024-04-24: C:\Users\k_99_\Desktop\codding\data_footprint_generator\trade_results_score\score_trade_result_2024-04-24_NY.csv
CSV terminal preservado usado para 2024-04-25: C:\Users\k_99_\Desktop\codding\data_footprint_generator\trade_results_score\score_trade_result_2024-04-25_NY.csv
CSV terminal preservado usado para 2024-04-26: C:\Users\k_99_\Desktop\codding\data_footprint_generator\trade_results_score\score_trade_result_2024-04-26_NY.csv
CSV terminal preservado usado para 2024-04-29: C:\Users\k_99_\Desktop\codding\data_footprint_generator\trade_results_score\score_trade_result_2024-04-29_NY.csv
CSV terminal preservado usado para 2024-04-30: C:\Users\k_99_\Desktop\codding\data_footprint_generator\trade_results_score\score_trade_result_2024-04-30_NY.csv
CSV terminal preservado usado para 2024-05-01: C:\Users\k_99_\Desktop\codding\data_footprint_generator\trade_results_score\score_trade_result_2024-05-01_NY.csv
CSV terminal preservado usado para 2024-05-02: C:\Users\k_99_\Desktop\codding\data_footprint_generator\trade_results_score\score_trade_result_2024-05-02_NY.csv
CSV terminal preservado usado para 2024-05-03: C:\Users\k_99_\Desktop\codding\data_footprint_generator\trade_results_score\score_trade_result_2024-05-03_NY.csv
CSV terminal preservado usado para 2024-05-06: C:\Users\k_99_\Desktop\codding\data_footprint_generator\trade_results_score\score_trade_result_2024-05-06_NY.csv
CSV terminal preservado usado para 2024-05-07: C:\Users\k_99_\Desktop\codding\data_footprint_generator\trade_results_score\score_trade_result_2024-05-07_NY.csv
CSV terminal preservado usado para 2024-05-08: C:\Users\k_99_\Desktop\codding\data_footprint_generator\trade_results_score\score_trade_result_2024-05-08_NY.csv
CSV terminal preservado usado para 2024-05-09: C:\Users\k_99_\Desktop\codding\data_footprint_generator\trade_results_score\score_trade_result_2024-05-09_NY.csv
CSV terminal preservado usado para 2024-05-10: C:\Users\k_99_\Desktop\codding\data_footprint_generator\trade_results_score\score_trade_result_2024-05-10_NY.csv
CSV terminal preservado usado para 2024-05-13: C:\Users\k_99_\Desktop\codding\data_footprint_generator\trade_results_score\score_trade_result_2024-05-13_NY.csv
CSV terminal preservado usado para 2024-05-14: C:\Users\k_99_\Desktop\codding\data_footprint_generator\trade_results_score\score_trade_result_2024-05-14_NY.csv
CSV terminal preservado usado para 2024-05-15: C:\Users\k_99_\Desktop\codding\data_footprint_generator\trade_results_score\score_trade_result_2024-05-15_NY.csv
CSV terminal preservado usado para 2024-05-16: C:\Users\k_99_\Desktop\codding\data_footprint_generator\trade_results_score\score_trade_result_2024-05-16_NY.csv
CSV terminal preservado usado para 2024-05-17: C:\Users\k_99_\Desktop\codding\data_footprint_generator\trade_results_score\score_trade_result_2024-05-17_NY.csv
CSV terminal preservado usado para 2024-05-20: C:\Users\k_99_\Desktop\codding\data_footprint_generator\trade_results_score\score_trade_result_2024-05-20_NY.csv
CSV terminal preservado usado para 2024-05-21: C:\Users\k_99_\Desktop\codding\data_footprint_generator\trade_results_score\score_trade_result_2024-05-21_NY.csv
CSV terminal preservado usado para 2024-05-22: C:\Users\k_99_\Desktop\codding\data_footprint_generator\trade_results_score\score_trade_result_2024-05-22_NY.csv
CSV terminal preservado usado para 2024-05-23: C:\Users\k_99_\Desktop\codding\data_footprint_generator\trade_results_score\score_trade_result_2024-05-23_NY.csv
CSV terminal preservado usado para 2024-05-24: C:\Users\k_99_\Desktop\codding\data_footprint_generator\trade_results_score\score_trade_result_2024-05-24_NY.csv
CSV terminal preservado usado para 2024-05-28: C:\Users\k_99_\Desktop\codding\data_footprint_generator\trade_results_score\score_trade_result_2024-05-28_NY.csv
CSV terminal preservado usado para 2024-05-29: C:\Users\k_99_\Desktop\codding\data_footprint_generator\trade_results_score\score_trade_result_2024-05-29_NY.csv
CSV terminal preservado usado para 2024-05-30: C:\Users\k_99_\Desktop\codding\data_footprint_generator\trade_results_score\score_trade_result_2024-05-30_NY.csv
CSV terminal preservado usado para 2024-05-31: C:\Users\k_99_\Desktop\codding\data_footprint_generator\trade_results_score\score_trade_result_2024-05-31_NY.csv
CSV terminal preservado usado para 2024-06-03: C:\Users\k_99_\Desktop\codding\data_footprint_generator\trade_results_score\score_trade_result_2024-06-03_NY.csv
CSV terminal preservado usado para 2024-06-04: C:\Users\k_99_\Desktop\codding\data_footprint_generator\trade_results_score\score_trade_result_2024-06-04_NY.csv
CSV terminal preservado usado para 2024-06-05: C:\Users\k_99_\Desktop\codding\data_footprint_generator\trade_results_score\score_trade_result_2024-06-05_NY.csv
CSV terminal preservado usado para 2024-06-06: C:\Users\k_99_\Desktop\codding\data_footprint_generator\trade_results_score\score_trade_result_2024-06-06_NY.csv
CSV terminal preservado usado para 2024-06-07: C:\Users\k_99_\Desktop\codding\data_footprint_generator\trade_results_score\score_trade_result_2024-06-07_NY.csv
CSV terminal preservado usado para 2024-06-10: C:\Users\k_99_\Desktop\codding\data_footprint_generator\trade_results_score\score_trade_result_2024-06-10_NY.csv
CSV terminal preservado usado para 2024-06-11: C:\Users\k_99_\Desktop\codding\data_footprint_generator\trade_results_score\score_trade_result_2024-06-11_NY.csv
CSV terminal preservado usado para 2024-06-12: C:\Users\k_99_\Desktop\codding\data_footprint_generator\trade_results_score\score_trade_result_2024-06-12_NY.csv
CSV terminal preservado usado para 2024-06-13: C:\Users\k_99_\Desktop\codding\data_footprint_generator\trade_results_score\score_trade_result_2024-06-13_NY.csv
CSV terminal preservado usado para 2024-06-14: C:\Users\k_99_\Desktop\codding\data_footprint_generator\trade_results_score\score_trade_result_2024-06-14_NY.csv
CSV terminal preservado usado para 2024-06-17: C:\Users\k_99_\Desktop\codding\data_footprint_generator\trade_results_score\score_trade_result_2024-06-17_NY.csv
CSV terminal preservado usado para 2024-06-18: C:\Users\k_99_\Desktop\codding\data_footprint_generator\trade_results_score\score_trade_result_2024-06-18_NY.csv
CSV terminal preservado usado para 2024-06-20: C:\Users\k_99_\Desktop\codding\data_footprint_generator\trade_results_score\score_trade_result_2024-06-20_NY.csv
CSV terminal preservado usado para 2024-06-21: C:\Users\k_99_\Desktop\codding\data_footprint_generator\trade_results_score\score_trade_result_2024-06-21_NY.csv
CSV terminal preservado usado para 2024-06-24: C:\Users\k_99_\Desktop\codding\data_footprint_generator\trade_results_score\score_trade_result_2024-06-24_NY.csv
CSV terminal preservado usado para 2024-06-25: C:\Users\k_99_\Desktop\codding\data_footprint_generator\trade_results_score\score_trade_result_2024-06-25_NY.csv
CSV terminal preservado usado para 2024-06-26: C:\Users\k_99_\Desktop\codding\data_footprint_generator\trade_results_score\score_trade_result_2024-06-26_NY.csv
CSV terminal preservado usado para 2024-06-27: C:\Users\k_99_\Desktop\codding\data_footprint_generator\trade_results_score\score_trade_result_2024-06-27_NY.csv
CSV terminal preservado usado para 2024-06-28: C:\Users\k_99_\Desktop\codding\data_footprint_generator\trade_results_score\score_trade_result_2024-06-28_NY.csv
CSV terminal preservado usado para 2024-07-01: C:\Users\k_99_\Desktop\codding\data_footprint_generator\trade_results_score\score_trade_result_2024-07-01_NY.csv
CSV terminal preservado usado para 2024-07-02: C:\Users\k_99_\Desktop\codding\data_footprint_generator\trade_results_score\score_trade_result_2024-07-02_NY.csv
CSV terminal preservado usado para 2024-07-03: C:\Users\k_99_\Desktop\codding\data_footprint_generator\trade_results_score\score_trade_result_2024-07-03_NY.csv
CSV terminal preservado usado para 2024-07-05: C:\Users\k_99_\Desktop\codding\data_footprint_generator\trade_results_score\score_trade_result_2024-07-05_NY.csv
CSV terminal preservado usado para 2024-07-08: C:\Users\k_99_\Desktop\codding\data_footprint_generator\trade_results_score\score_trade_result_2024-07-08_NY.csv
CSV terminal preservado usado para 2024-07-09: C:\Users\k_99_\Desktop\codding\data_footprint_generator\trade_results_score\score_trade_result_2024-07-09_NY.csv
CSV terminal preservado usado para 2024-07-10: C:\Users\k_99_\Desktop\codding\data_footprint_generator\trade_results_score\score_trade_result_2024-07-10_NY.csv
CSV terminal preservado usado para 2024-07-11: C:\Users\k_99_\Desktop\codding\data_footprint_generator\trade_results_score\score_trade_result_2024-07-11_NY.csv
CSV terminal preservado usado para 2024-07-12: C:\Users\k_99_\Desktop\codding\data_footprint_generator\trade_results_score\score_trade_result_2024-07-12_NY.csv
CSV terminal preservado usado para 2024-07-15: C:\Users\k_99_\Desktop\codding\data_footprint_generator\trade_results_score\score_trade_result_2024-07-15_NY.csv
CSV terminal preservado usado para 2024-07-16: C:\Users\k_99_\Desktop\codding\data_footprint_generator\trade_results_score\score_trade_result_2024-07-16_NY.csv
CSV terminal preservado usado para 2024-07-17: C:\Users\k_99_\Desktop\codding\data_footprint_generator\trade_results_score\score_trade_result_2024-07-17_NY.csv
CSV terminal preservado usado para 2024-07-18: C:\Users\k_99_\Desktop\codding\data_footprint_generator\trade_results_score\score_trade_result_2024-07-18_NY.csv
CSV terminal preservado usado para 2024-07-19: C:\Users\k_99_\Desktop\codding\data_footprint_generator\trade_results_score\score_trade_result_2024-07-19_NY.csv
CSV terminal preservado usado para 2024-07-22: C:\Users\k_99_\Desktop\codding\data_footprint_generator\trade_results_score\score_trade_result_2024-07-22_NY.csv
CSV terminal preservado usado para 2024-07-23: C:\Users\k_99_\Desktop\codding\data_footprint_generator\trade_results_score\score_trade_result_2024-07-23_NY.csv
CSV terminal preservado usado para 2024-07-24: C:\Users\k_99_\Desktop\codding\data_footprint_generator\trade_results_score\score_trade_result_2024-07-24_NY.csv
CSV terminal preservado usado para 2024-07-25: C:\Users\k_99_\Desktop\codding\data_footprint_generator\trade_results_score\score_trade_result_2024-07-25_NY.csv
CSV terminal preservado usado para 2024-07-26: C:\Users\k_99_\Desktop\codding\data_footprint_generator\trade_results_score\score_trade_result_2024-07-26_NY.csv
CSV terminal preservado usado para 2024-07-29: C:\Users\k_99_\Desktop\codding\data_footprint_generator\trade_results_score\score_trade_result_2024-07-29_NY.csv
CSV terminal preservado usado para 2024-07-30: C:\Users\k_99_\Desktop\codding\data_footprint_generator\trade_results_score\score_trade_result_2024-07-30_NY.csv
CSV terminal preservado usado para 2024-07-31: C:\Users\k_99_\Desktop\codding\data_footprint_generator\trade_results_score\score_trade_result_2024-07-31_NY.csv
CSV terminal preservado usado para 2024-08-01: C:\Users\k_99_\Desktop\codding\data_footprint_generator\trade_results_score\score_trade_result_2024-08-01_NY.csv
CSV terminal preservado usado para 2024-08-02: C:\Users\k_99_\Desktop\codding\data_footprint_generator\trade_results_score\score_trade_result_2024-08-02_NY.csv
CSV terminal preservado usado para 2024-08-05: C:\Users\k_99_\Desktop\codding\data_footprint_generator\trade_results_score\score_trade_result_2024-08-05_NY.csv
CSV terminal preservado usado para 2024-08-06: C:\Users\k_99_\Desktop\codding\data_footprint_generator\trade_results_score\score_trade_result_2024-08-06_NY.csv
CSV terminal preservado usado para 2024-08-07: C:\Users\k_99_\Desktop\codding\data_footprint_generator\trade_results_score\score_trade_result_2024-08-07_NY.csv
CSV terminal preservado usado para 2024-08-08: C:\Users\k_99_\Desktop\codding\data_footprint_generator\trade_results_score\score_trade_result_2024-08-08_NY.csv
CSV terminal preservado usado para 2024-08-09: C:\Users\k_99_\Desktop\codding\data_footprint_generator\trade_results_score\score_trade_result_2024-08-09_NY.csv
CSV terminal preservado usado para 2024-08-12: C:\Users\k_99_\Desktop\codding\data_footprint_generator\trade_results_score\score_trade_result_2024-08-12_NY.csv
CSV terminal preservado usado para 2024-08-13: C:\Users\k_99_\Desktop\codding\data_footprint_generator\trade_results_score\score_trade_result_2024-08-13_NY.csv
CSV terminal preservado usado para 2024-08-14: C:\Users\k_99_\Desktop\codding\data_footprint_generator\trade_results_score\score_trade_result_2024-08-14_NY.csv
CSV terminal preservado usado para 2024-08-15: C:\Users\k_99_\Desktop\codding\data_footprint_generator\trade_results_score\score_trade_result_2024-08-15_NY.csv
CSV terminal preservado usado para 2024-08-16: C:\Users\k_99_\Desktop\codding\data_footprint_generator\trade_results_score\score_trade_result_2024-08-16_NY.csv
CSV terminal preservado usado para 2024-08-19: C:\Users\k_99_\Desktop\codding\data_footprint_generator\trade_results_score\score_trade_result_2024-08-19_NY.csv
CSV terminal preservado usado para 2024-08-20: C:\Users\k_99_\Desktop\codding\data_footprint_generator\trade_results_score\score_trade_result_2024-08-20_NY.csv
CSV terminal preservado usado para 2024-08-21: C:\Users\k_99_\Desktop\codding\data_footprint_generator\trade_results_score\score_trade_result_2024-08-21_NY.csv
CSV terminal preservado usado para 2024-08-22: C:\Users\k_99_\Desktop\codding\data_footprint_generator\trade_results_score\score_trade_result_2024-08-22_NY.csv
CSV terminal preservado usado para 2024-08-23: C:\Users\k_99_\Desktop\codding\data_footprint_generator\trade_results_score\score_trade_result_2024-08-23_NY.csv
CSV terminal preservado usado para 2024-08-26: C:\Users\k_99_\Desktop\codding\data_footprint_generator\trade_results_score\score_trade_result_2024-08-26_NY.csv
CSV terminal preservado usado para 2024-08-27: C:\Users\k_99_\Desktop\codding\data_footprint_generator\trade_results_score\score_trade_result_2024-08-27_NY.csv
CSV terminal preservado usado para 2024-08-28: C:\Users\k_99_\Desktop\codding\data_footprint_generator\trade_results_score\score_trade_result_2024-08-28_NY.csv
CSV terminal preservado usado para 2024-08-29: C:\Users\k_99_\Desktop\codding\data_footprint_generator\trade_results_score\score_trade_result_2024-08-29_NY.csv
CSV terminal preservado usado para 2024-08-30: C:\Users\k_99_\Desktop\codding\data_footprint_generator\trade_results_score\score_trade_result_2024-08-30_NY.csv
CSV terminal preservado usado para 2024-09-03: C:\Users\k_99_\Desktop\codding\data_footprint_generator\trade_results_score\score_trade_result_2024-09-03_NY.csv
CSV terminal preservado usado para 2024-09-04: C:\Users\k_99_\Desktop\codding\data_footprint_generator\trade_results_score\score_trade_result_2024-09-04_NY.csv
CSV terminal preservado usado para 2024-09-05: C:\Users\k_99_\Desktop\codding\data_footprint_generator\trade_results_score\score_trade_result_2024-09-05_NY.csv
CSV terminal preservado usado para 2024-09-06: C:\Users\k_99_\Desktop\codding\data_footprint_generator\trade_results_score\score_trade_result_2024-09-06_NY.csv
CSV terminal preservado usado para 2024-09-09: C:\Users\k_99_\Desktop\codding\data_footprint_generator\trade_results_score\score_trade_result_2024-09-09_NY.csv
CSV terminal preservado usado para 2024-09-10: C:\Users\k_99_\Desktop\codding\data_footprint_generator\trade_results_score\score_trade_result_2024-09-10_NY.csv
CSV terminal preservado usado para 2024-09-11: C:\Users\k_99_\Desktop\codding\data_footprint_generator\trade_results_score\score_trade_result_2024-09-11_NY.csv
CSV terminal preservado usado para 2024-09-12: C:\Users\k_99_\Desktop\codding\data_footprint_generator\trade_results_score\score_trade_result_2024-09-12_NY.csv
CSV terminal preservado usado para 2024-09-13: C:\Users\k_99_\Desktop\codding\data_footprint_generator\trade_results_score\score_trade_result_2024-09-13_NY.csv
CSV terminal preservado usado para 2024-09-16: C:\Users\k_99_\Desktop\codding\data_footprint_generator\trade_results_score\score_trade_result_2024-09-16_NY.csv
CSV terminal preservado usado para 2024-09-17: C:\Users\k_99_\Desktop\codding\data_footprint_generator\trade_results_score\score_trade_result_2024-09-17_NY.csv
CSV terminal preservado usado para 2024-09-18: C:\Users\k_99_\Desktop\codding\data_footprint_generator\trade_results_score\score_trade_result_2024-09-18_NY.csv
CSV terminal preservado usado para 2024-09-19: C:\Users\k_99_\Desktop\codding\data_footprint_generator\trade_results_score\score_trade_result_2024-09-19_NY.csv
CSV terminal preservado usado para 2024-09-20: C:\Users\k_99_\Desktop\codding\data_footprint_generator\trade_results_score\score_trade_result_2024-09-20_NY.csv
CSV terminal preservado usado para 2024-09-23: C:\Users\k_99_\Desktop\codding\data_footprint_generator\trade_results_score\score_trade_result_2024-09-23_NY.csv
CSV terminal preservado usado para 2024-09-24: C:\Users\k_99_\Desktop\codding\data_footprint_generator\trade_results_score\score_trade_result_2024-09-24_NY.csv
CSV terminal preservado usado para 2024-09-25: C:\Users\k_99_\Desktop\codding\data_footprint_generator\trade_results_score\score_trade_result_2024-09-25_NY.csv
CSV terminal preservado usado para 2024-09-26: C:\Users\k_99_\Desktop\codding\data_footprint_generator\trade_results_score\score_trade_result_2024-09-26_NY.csv
CSV terminal preservado usado para 2024-09-27: C:\Users\k_99_\Desktop\codding\data_footprint_generator\trade_results_score\score_trade_result_2024-09-27_NY.csv
CSV terminal preservado usado para 2024-09-30: C:\Users\k_99_\Desktop\codding\data_footprint_generator\trade_results_score\score_trade_result_2024-09-30_NY.csv
CSV terminal preservado usado para 2024-10-01: C:\Users\k_99_\Desktop\codding\data_footprint_generator\trade_results_score\score_trade_result_2024-10-01_NY.csv
CSV terminal preservado usado para 2024-10-02: C:\Users\k_99_\Desktop\codding\data_footprint_generator\trade_results_score\score_trade_result_2024-10-02_NY.csv
CSV terminal preservado usado para 2024-10-03: C:\Users\k_99_\Desktop\codding\data_footprint_generator\trade_results_score\score_trade_result_2024-10-03_NY.csv
CSV terminal preservado usado para 2024-10-04: C:\Users\k_99_\Desktop\codding\data_footprint_generator\trade_results_score\score_trade_result_2024-10-04_NY.csv
CSV terminal preservado usado para 2024-10-07: C:\Users\k_99_\Desktop\codding\data_footprint_generator\trade_results_score\score_trade_result_2024-10-07_NY.csv
CSV terminal preservado usado para 2024-10-08: C:\Users\k_99_\Desktop\codding\data_footprint_generator\trade_results_score\score_trade_result_2024-10-08_NY.csv
CSV terminal preservado usado para 2024-10-09: C:\Users\k_99_\Desktop\codding\data_footprint_generator\trade_results_score\score_trade_result_2024-10-09_NY.csv
CSV terminal preservado usado para 2024-10-10: C:\Users\k_99_\Desktop\codding\data_footprint_generator\trade_results_score\score_trade_result_2024-10-10_NY.csv
CSV terminal preservado usado para 2024-10-11: C:\Users\k_99_\Desktop\codding\data_footprint_generator\trade_results_score\score_trade_result_2024-10-11_NY.csv
CSV terminal preservado usado para 2024-10-14: C:\Users\k_99_\Desktop\codding\data_footprint_generator\trade_results_score\score_trade_result_2024-10-14_NY.csv
CSV terminal preservado usado para 2024-10-15: C:\Users\k_99_\Desktop\codding\data_footprint_generator\trade_results_score\score_trade_result_2024-10-15_NY.csv
CSV terminal preservado usado para 2024-10-16: C:\Users\k_99_\Desktop\codding\data_footprint_generator\trade_results_score\score_trade_result_2024-10-16_NY.csv
CSV terminal preservado usado para 2024-10-17: C:\Users\k_99_\Desktop\codding\data_footprint_generator\trade_results_score\score_trade_result_2024-10-17_NY.csv
CSV terminal preservado usado para 2024-10-18: C:\Users\k_99_\Desktop\codding\data_footprint_generator\trade_results_score\score_trade_result_2024-10-18_NY.csv
CSV terminal preservado usado para 2024-10-21: C:\Users\k_99_\Desktop\codding\data_footprint_generator\trade_results_score\score_trade_result_2024-10-21_NY.csv
CSV terminal preservado usado para 2024-10-22: C:\Users\k_99_\Desktop\codding\data_footprint_generator\trade_results_score\score_trade_result_2024-10-22_NY.csv
CSV terminal preservado usado para 2024-10-23: C:\Users\k_99_\Desktop\codding\data_footprint_generator\trade_results_score\score_trade_result_2024-10-23_NY.csv
CSV terminal preservado usado para 2024-10-24: C:\Users\k_99_\Desktop\codding\data_footprint_generator\trade_results_score\score_trade_result_2024-10-24_NY.csv
CSV terminal preservado usado para 2024-10-25: C:\Users\k_99_\Desktop\codding\data_footprint_generator\trade_results_score\score_trade_result_2024-10-25_NY.csv
CSV terminal preservado usado para 2024-10-28: C:\Users\k_99_\Desktop\codding\data_footprint_generator\trade_results_score\score_trade_result_2024-10-28_NY.csv
CSV terminal preservado usado para 2024-10-29: C:\Users\k_99_\Desktop\codding\data_footprint_generator\trade_results_score\score_trade_result_2024-10-29_NY.csv
CSV terminal preservado usado para 2024-10-30: C:\Users\k_99_\Desktop\codding\data_footprint_generator\trade_results_score\score_trade_result_2024-10-30_NY.csv
CSV terminal preservado usado para 2024-10-31: C:\Users\k_99_\Desktop\codding\data_footprint_generator\trade_results_score\score_trade_result_2024-10-31_NY.csv
CSV terminal preservado usado para 2024-11-01: C:\Users\k_99_\Desktop\codding\data_footprint_generator\trade_results_score\score_trade_result_2024-11-01_NY.csv
CSV terminal preservado usado para 2025-03-10: C:\Users\k_99_\Desktop\codding\data_footprint_generator\trade_results_score\score_trade_result_2025-03-10_NY.csv
CSV terminal preservado usado para 2025-03-11: C:\Users\k_99_\Desktop\codding\data_footprint_generator\trade_results_score\score_trade_result_2025-03-11_NY.csv
CSV terminal preservado usado para 2025-03-12: C:\Users\k_99_\Desktop\codding\data_footprint_generator\trade_results_score\score_trade_result_2025-03-12_NY.csv
CSV terminal preservado usado para 2025-03-13: C:\Users\k_99_\Desktop\codding\data_footprint_generator\trade_results_score\score_trade_result_2025-03-13_NY.csv
CSV terminal preservado usado para 2025-03-14: C:\Users\k_99_\Desktop\codding\data_footprint_generator\trade_results_score\score_trade_result_2025-03-14_NY.csv
CSV terminal preservado usado para 2025-03-17: C:\Users\k_99_\Desktop\codding\data_footprint_generator\trade_results_score\score_trade_result_2025-03-17_NY.csv
CSV terminal preservado usado para 2025-03-18: C:\Users\k_99_\Desktop\codding\data_footprint_generator\trade_results_score\score_trade_result_2025-03-18_NY.csv
CSV terminal preservado usado para 2025-03-19: C:\Users\k_99_\Desktop\codding\data_footprint_generator\trade_results_score\score_trade_result_2025-03-19_NY.csv
CSV terminal preservado usado para 2025-03-20: C:\Users\k_99_\Desktop\codding\data_footprint_generator\trade_results_score\score_trade_result_2025-03-20_NY.csv
CSV terminal preservado usado para 2025-03-21: C:\Users\k_99_\Desktop\codding\data_footprint_generator\trade_results_score\score_trade_result_2025-03-21_NY.csv
CSV terminal preservado usado para 2025-03-24: C:\Users\k_99_\Desktop\codding\data_footprint_generator\trade_results_score\score_trade_result_2025-03-24_NY.csv
CSV terminal preservado usado para 2025-03-25: C:\Users\k_99_\Desktop\codding\data_footprint_generator\trade_results_score\score_trade_result_2025-03-25_NY.csv
CSV terminal preservado usado para 2025-03-26: C:\Users\k_99_\Desktop\codding\data_footprint_generator\trade_results_score\score_trade_result_2025-03-26_NY.csv
CSV terminal preservado usado para 2025-03-27: C:\Users\k_99_\Desktop\codding\data_footprint_generator\trade_results_score\score_trade_result_2025-03-27_NY.csv
CSV terminal preservado usado para 2025-03-28: C:\Users\k_99_\Desktop\codding\data_footprint_generator\trade_results_score\score_trade_result_2025-03-28_NY.csv
CSV terminal preservado usado para 2025-03-31: C:\Users\k_99_\Desktop\codding\data_footprint_generator\trade_results_score\score_trade_result_2025-03-31_NY.csv
CSV terminal preservado usado para 2025-04-01: C:\Users\k_99_\Desktop\codding\data_footprint_generator\trade_results_score\score_trade_result_2025-04-01_NY.csv
CSV terminal preservado usado para 2025-04-02: C:\Users\k_99_\Desktop\codding\data_footprint_generator\trade_results_score\score_trade_result_2025-04-02_NY.csv
CSV terminal preservado usado para 2025-04-03: C:\Users\k_99_\Desktop\codding\data_footprint_generator\trade_results_score\score_trade_result_2025-04-03_NY.csv
CSV terminal preservado usado para 2025-04-04: C:\Users\k_99_\Desktop\codding\data_footprint_generator\trade_results_score\score_trade_result_2025-04-04_NY.csv
CSV terminal preservado usado para 2025-04-07: C:\Users\k_99_\Desktop\codding\data_footprint_generator\trade_results_score\score_trade_result_2025-04-07_NY.csv
CSV terminal preservado usado para 2025-04-08: C:\Users\k_99_\Desktop\codding\data_footprint_generator\trade_results_score\score_trade_result_2025-04-08_NY.csv
CSV terminal preservado usado para 2025-04-09: C:\Users\k_99_\Desktop\codding\data_footprint_generator\trade_results_score\score_trade_result_2025-04-09_NY.csv
CSV terminal preservado usado para 2025-04-10: C:\Users\k_99_\Desktop\codding\data_footprint_generator\trade_results_score\score_trade_result_2025-04-10_NY.csv
CSV terminal preservado usado para 2025-04-11: C:\Users\k_99_\Desktop\codding\data_footprint_generator\trade_results_score\score_trade_result_2025-04-11_NY.csv
CSV terminal preservado usado para 2025-04-14: C:\Users\k_99_\Desktop\codding\data_footprint_generator\trade_results_score\score_trade_result_2025-04-14_NY.csv
CSV terminal preservado usado para 2025-04-15: C:\Users\k_99_\Desktop\codding\data_footprint_generator\trade_results_score\score_trade_result_2025-04-15_NY.csv
CSV terminal preservado usado para 2025-04-16: C:\Users\k_99_\Desktop\codding\data_footprint_generator\trade_results_score\score_trade_result_2025-04-16_NY.csv
CSV terminal preservado usado para 2025-04-17: C:\Users\k_99_\Desktop\codding\data_footprint_generator\trade_results_score\score_trade_result_2025-04-17_NY.csv
CSV terminal preservado usado para 2025-04-21: C:\Users\k_99_\Desktop\codding\data_footprint_generator\trade_results_score\score_trade_result_2025-04-21_NY.csv
CSV terminal preservado usado para 2025-04-22: C:\Users\k_99_\Desktop\codding\data_footprint_generator\trade_results_score\score_trade_result_2025-04-22_NY.csv
CSV terminal preservado usado para 2025-04-23: C:\Users\k_99_\Desktop\codding\data_footprint_generator\trade_results_score\score_trade_result_2025-04-23_NY.csv
CSV terminal preservado usado para 2025-04-24: C:\Users\k_99_\Desktop\codding\data_footprint_generator\trade_results_score\score_trade_result_2025-04-24_NY.csv
CSV terminal preservado usado para 2025-04-25: C:\Users\k_99_\Desktop\codding\data_footprint_generator\trade_results_score\score_trade_result_2025-04-25_NY.csv
CSV terminal preservado usado para 2025-04-28: C:\Users\k_99_\Desktop\codding\data_footprint_generator\trade_results_score\score_trade_result_2025-04-28_NY.csv
CSV terminal preservado usado para 2025-04-29: C:\Users\k_99_\Desktop\codding\data_footprint_generator\trade_results_score\score_trade_result_2025-04-29_NY.csv
CSV terminal preservado usado para 2025-04-30: C:\Users\k_99_\Desktop\codding\data_footprint_generator\trade_results_score\score_trade_result_2025-04-30_NY.csv
CSV terminal preservado usado para 2025-05-01: C:\Users\k_99_\Desktop\codding\data_footprint_generator\trade_results_score\score_trade_result_2025-05-01_NY.csv
CSV terminal preservado usado para 2025-05-02: C:\Users\k_99_\Desktop\codding\data_footprint_generator\trade_results_score\score_trade_result_2025-05-02_NY.csv
CSV terminal preservado usado para 2025-05-05: C:\Users\k_99_\Desktop\codding\data_footprint_generator\trade_results_score\score_trade_result_2025-05-05_NY.csv
CSV terminal preservado usado para 2025-05-06: C:\Users\k_99_\Desktop\codding\data_footprint_generator\trade_results_score\score_trade_result_2025-05-06_NY.csv
CSV terminal preservado usado para 2025-05-07: C:\Users\k_99_\Desktop\codding\data_footprint_generator\trade_results_score\score_trade_result_2025-05-07_NY.csv
CSV terminal preservado usado para 2025-05-08: C:\Users\k_99_\Desktop\codding\data_footprint_generator\trade_results_score\score_trade_result_2025-05-08_NY.csv
CSV terminal preservado usado para 2025-05-09: C:\Users\k_99_\Desktop\codding\data_footprint_generator\trade_results_score\score_trade_result_2025-05-09_NY.csv
CSV terminal preservado usado para 2025-05-12: C:\Users\k_99_\Desktop\codding\data_footprint_generator\trade_results_score\score_trade_result_2025-05-12_NY.csv
CSV terminal preservado usado para 2025-05-13: C:\Users\k_99_\Desktop\codding\data_footprint_generator\trade_results_score\score_trade_result_2025-05-13_NY.csv
CSV terminal preservado usado para 2025-05-14: C:\Users\k_99_\Desktop\codding\data_footprint_generator\trade_results_score\score_trade_result_2025-05-14_NY.csv
CSV terminal preservado usado para 2025-05-15: C:\Users\k_99_\Desktop\codding\data_footprint_generator\trade_results_score\score_trade_result_2025-05-15_NY.csv
CSV terminal preservado usado para 2025-05-16: C:\Users\k_99_\Desktop\codding\data_footprint_generator\trade_results_score\score_trade_result_2025-05-16_NY.csv
CSV terminal preservado usado para 2025-05-19: C:\Users\k_99_\Desktop\codding\data_footprint_generator\trade_results_score\score_trade_result_2025-05-19_NY.csv
CSV terminal preservado usado para 2025-05-20: C:\Users\k_99_\Desktop\codding\data_footprint_generator\trade_results_score\score_trade_result_2025-05-20_NY.csv
CSV terminal preservado usado para 2025-05-21: C:\Users\k_99_\Desktop\codding\data_footprint_generator\trade_results_score\score_trade_result_2025-05-21_NY.csv
CSV terminal preservado usado para 2025-05-22: C:\Users\k_99_\Desktop\codding\data_footprint_generator\trade_results_score\score_trade_result_2025-05-22_NY.csv
CSV terminal preservado usado para 2025-05-23: C:\Users\k_99_\Desktop\codding\data_footprint_generator\trade_results_score\score_trade_result_2025-05-23_NY.csv
CSV terminal preservado usado para 2025-05-27: C:\Users\k_99_\Desktop\codding\data_footprint_generator\trade_results_score\score_trade_result_2025-05-27_NY.csv
CSV terminal preservado usado para 2025-05-28: C:\Users\k_99_\Desktop\codding\data_footprint_generator\trade_results_score\score_trade_result_2025-05-28_NY.csv
CSV terminal preservado usado para 2025-05-29: C:\Users\k_99_\Desktop\codding\data_footprint_generator\trade_results_score\score_trade_result_2025-05-29_NY.csv
CSV terminal preservado usado para 2025-05-30: C:\Users\k_99_\Desktop\codding\data_footprint_generator\trade_results_score\score_trade_result_2025-05-30_NY.csv
CSV terminal preservado usado para 2025-06-02: C:\Users\k_99_\Desktop\codding\data_footprint_generator\trade_results_score\score_trade_result_2025-06-02_NY.csv
CSV terminal preservado usado para 2025-06-03: C:\Users\k_99_\Desktop\codding\data_footprint_generator\trade_results_score\score_trade_result_2025-06-03_NY.csv
CSV terminal preservado usado para 2025-06-04: C:\Users\k_99_\Desktop\codding\data_footprint_generator\trade_results_score\score_trade_result_2025-06-04_NY.csv
CSV terminal preservado usado para 2025-06-05: C:\Users\k_99_\Desktop\codding\data_footprint_generator\trade_results_score\score_trade_result_2025-06-05_NY.csv
CSV terminal preservado usado para 2025-06-06: C:\Users\k_99_\Desktop\codding\data_footprint_generator\trade_results_score\score_trade_result_2025-06-06_NY.csv
CSV terminal preservado usado para 2025-06-09: C:\Users\k_99_\Desktop\codding\data_footprint_generator\trade_results_score\score_trade_result_2025-06-09_NY.csv
CSV terminal preservado usado para 2025-06-10: C:\Users\k_99_\Desktop\codding\data_footprint_generator\trade_results_score\score_trade_result_2025-06-10_NY.csv
CSV terminal preservado usado para 2025-06-11: C:\Users\k_99_\Desktop\codding\data_footprint_generator\trade_results_score\score_trade_result_2025-06-11_NY.csv
CSV terminal preservado usado para 2025-06-12: C:\Users\k_99_\Desktop\codding\data_footprint_generator\trade_results_score\score_trade_result_2025-06-12_NY.csv
CSV terminal preservado usado para 2025-06-13: C:\Users\k_99_\Desktop\codding\data_footprint_generator\trade_results_score\score_trade_result_2025-06-13_NY.csv
CSV terminal preservado usado para 2025-06-16: C:\Users\k_99_\Desktop\codding\data_footprint_generator\trade_results_score\score_trade_result_2025-06-16_NY.csv
CSV terminal preservado usado para 2025-06-17: C:\Users\k_99_\Desktop\codding\data_footprint_generator\trade_results_score\score_trade_result_2025-06-17_NY.csv
CSV terminal preservado usado para 2025-06-18: C:\Users\k_99_\Desktop\codding\data_footprint_generator\trade_results_score\score_trade_result_2025-06-18_NY.csv
CSV terminal preservado usado para 2025-06-20: C:\Users\k_99_\Desktop\codding\data_footprint_generator\trade_results_score\score_trade_result_2025-06-20_NY.csv
CSV terminal preservado usado para 2025-06-23: C:\Users\k_99_\Desktop\codding\data_footprint_generator\trade_results_score\score_trade_result_2025-06-23_NY.csv
CSV terminal preservado usado para 2025-06-24: C:\Users\k_99_\Desktop\codding\data_footprint_generator\trade_results_score\score_trade_result_2025-06-24_NY.csv
CSV terminal preservado usado para 2025-06-25: C:\Users\k_99_\Desktop\codding\data_footprint_generator\trade_results_score\score_trade_result_2025-06-25_NY.csv
CSV terminal preservado usado para 2025-06-26: C:\Users\k_99_\Desktop\codding\data_footprint_generator\trade_results_score\score_trade_result_2025-06-26_NY.csv
CSV terminal preservado usado para 2025-06-27: C:\Users\k_99_\Desktop\codding\data_footprint_generator\trade_results_score\score_trade_result_2025-06-27_NY.csv
CSV terminal preservado usado para 2025-06-30: C:\Users\k_99_\Desktop\codding\data_footprint_generator\trade_results_score\score_trade_result_2025-06-30_NY.csv
CSV terminal preservado usado para 2025-07-01: C:\Users\k_99_\Desktop\codding\data_footprint_generator\trade_results_score\score_trade_result_2025-07-01_NY.csv
CSV terminal preservado usado para 2025-07-02: C:\Users\k_99_\Desktop\codding\data_footprint_generator\trade_results_score\score_trade_result_2025-07-02_NY.csv
CSV terminal preservado usado para 2025-07-03: C:\Users\k_99_\Desktop\codding\data_footprint_generator\trade_results_score\score_trade_result_2025-07-03_NY.csv
CSV terminal preservado usado para 2025-07-07: C:\Users\k_99_\Desktop\codding\data_footprint_generator\trade_results_score\score_trade_result_2025-07-07_NY.csv
CSV terminal preservado usado para 2025-07-08: C:\Users\k_99_\Desktop\codding\data_footprint_generator\trade_results_score\score_trade_result_2025-07-08_NY.csv
CSV terminal preservado usado para 2025-07-09: C:\Users\k_99_\Desktop\codding\data_footprint_generator\trade_results_score\score_trade_result_2025-07-09_NY.csv
CSV terminal preservado usado para 2025-07-10: C:\Users\k_99_\Desktop\codding\data_footprint_generator\trade_results_score\score_trade_result_2025-07-10_NY.csv
CSV terminal preservado usado para 2025-07-11: C:\Users\k_99_\Desktop\codding\data_footprint_generator\trade_results_score\score_trade_result_2025-07-11_NY.csv
CSV terminal preservado usado para 2025-07-14: C:\Users\k_99_\Desktop\codding\data_footprint_generator\trade_results_score\score_trade_result_2025-07-14_NY.csv
CSV terminal preservado usado para 2025-07-15: C:\Users\k_99_\Desktop\codding\data_footprint_generator\trade_results_score\score_trade_result_2025-07-15_NY.csv
CSV terminal preservado usado para 2025-07-16: C:\Users\k_99_\Desktop\codding\data_footprint_generator\trade_results_score\score_trade_result_2025-07-16_NY.csv
CSV terminal preservado usado para 2025-07-17: C:\Users\k_99_\Desktop\codding\data_footprint_generator\trade_results_score\score_trade_result_2025-07-17_NY.csv
CSV terminal preservado usado para 2025-07-18: C:\Users\k_99_\Desktop\codding\data_footprint_generator\trade_results_score\score_trade_result_2025-07-18_NY.csv
CSV terminal preservado usado para 2025-07-21: C:\Users\k_99_\Desktop\codding\data_footprint_generator\trade_results_score\score_trade_result_2025-07-21_NY.csv
CSV terminal preservado usado para 2025-07-22: C:\Users\k_99_\Desktop\codding\data_footprint_generator\trade_results_score\score_trade_result_2025-07-22_NY.csv
CSV terminal preservado usado para 2025-07-23: C:\Users\k_99_\Desktop\codding\data_footprint_generator\trade_results_score\score_trade_result_2025-07-23_NY.csv
CSV terminal preservado usado para 2025-07-24: C:\Users\k_99_\Desktop\codding\data_footprint_generator\trade_results_score\score_trade_result_2025-07-24_NY.csv
CSV terminal preservado usado para 2025-07-25: C:\Users\k_99_\Desktop\codding\data_footprint_generator\trade_results_score\score_trade_result_2025-07-25_NY.csv
CSV terminal preservado usado para 2025-07-28: C:\Users\k_99_\Desktop\codding\data_footprint_generator\trade_results_score\score_trade_result_2025-07-28_NY.csv
CSV terminal preservado usado para 2025-07-29: C:\Users\k_99_\Desktop\codding\data_footprint_generator\trade_results_score\score_trade_result_2025-07-29_NY.csv
CSV terminal preservado usado para 2025-07-30: C:\Users\k_99_\Desktop\codding\data_footprint_generator\trade_results_score\score_trade_result_2025-07-30_NY.csv
CSV terminal preservado usado para 2025-07-31: C:\Users\k_99_\Desktop\codding\data_footprint_generator\trade_results_score\score_trade_result_2025-07-31_NY.csv
CSV terminal preservado usado para 2025-08-01: C:\Users\k_99_\Desktop\codding\data_footprint_generator\trade_results_score\score_trade_result_2025-08-01_NY.csv
CSV terminal preservado usado para 2025-08-04: C:\Users\k_99_\Desktop\codding\data_footprint_generator\trade_results_score\score_trade_result_2025-08-04_NY.csv
CSV terminal preservado usado para 2025-08-05: C:\Users\k_99_\Desktop\codding\data_footprint_generator\trade_results_score\score_trade_result_2025-08-05_NY.csv
CSV terminal preservado usado para 2025-08-06: C:\Users\k_99_\Desktop\codding\data_footprint_generator\trade_results_score\score_trade_result_2025-08-06_NY.csv
CSV terminal preservado usado para 2025-08-07: C:\Users\k_99_\Desktop\codding\data_footprint_generator\trade_results_score\score_trade_result_2025-08-07_NY.csv
CSV terminal preservado usado para 2025-08-08: C:\Users\k_99_\Desktop\codding\data_footprint_generator\trade_results_score\score_trade_result_2025-08-08_NY.csv
CSV terminal preservado usado para 2025-08-11: C:\Users\k_99_\Desktop\codding\data_footprint_generator\trade_results_score\score_trade_result_2025-08-11_NY.csv
CSV terminal preservado usado para 2025-08-12: C:\Users\k_99_\Desktop\codding\data_footprint_generator\trade_results_score\score_trade_result_2025-08-12_NY.csv
CSV terminal preservado usado para 2025-08-13: C:\Users\k_99_\Desktop\codding\data_footprint_generator\trade_results_score\score_trade_result_2025-08-13_NY.csv
CSV terminal preservado usado para 2025-08-14: C:\Users\k_99_\Desktop\codding\data_footprint_generator\trade_results_score\score_trade_result_2025-08-14_NY.csv
CSV terminal preservado usado para 2025-08-15: C:\Users\k_99_\Desktop\codding\data_footprint_generator\trade_results_score\score_trade_result_2025-08-15_NY.csv
CSV terminal preservado usado para 2025-08-18: C:\Users\k_99_\Desktop\codding\data_footprint_generator\trade_results_score\score_trade_result_2025-08-18_NY.csv
CSV terminal preservado usado para 2025-08-19: C:\Users\k_99_\Desktop\codding\data_footprint_generator\trade_results_score\score_trade_result_2025-08-19_NY.csv
CSV terminal preservado usado para 2025-08-20: C:\Users\k_99_\Desktop\codding\data_footprint_generator\trade_results_score\score_trade_result_2025-08-20_NY.csv
CSV terminal preservado usado para 2025-08-21: C:\Users\k_99_\Desktop\codding\data_footprint_generator\trade_results_score\score_trade_result_2025-08-21_NY.csv
CSV terminal preservado usado para 2025-08-22: C:\Users\k_99_\Desktop\codding\data_footprint_generator\trade_results_score\score_trade_result_2025-08-22_NY.csv
CSV terminal preservado usado para 2025-08-25: C:\Users\k_99_\Desktop\codding\data_footprint_generator\trade_results_score\score_trade_result_2025-08-25_NY.csv
CSV terminal preservado usado para 2025-08-26: C:\Users\k_99_\Desktop\codding\data_footprint_generator\trade_results_score\score_trade_result_2025-08-26_NY.csv
CSV terminal preservado usado para 2025-08-27: C:\Users\k_99_\Desktop\codding\data_footprint_generator\trade_results_score\score_trade_result_2025-08-27_NY.csv
CSV terminal preservado usado para 2025-08-28: C:\Users\k_99_\Desktop\codding\data_footprint_generator\trade_results_score\score_trade_result_2025-08-28_NY.csv
CSV terminal preservado usado para 2025-08-29: C:\Users\k_99_\Desktop\codding\data_footprint_generator\trade_results_score\score_trade_result_2025-08-29_NY.csv
CSV terminal preservado usado para 2025-09-02: C:\Users\k_99_\Desktop\codding\data_footprint_generator\trade_results_score\score_trade_result_2025-09-02_NY.csv
CSV terminal preservado usado para 2025-09-03: C:\Users\k_99_\Desktop\codding\data_footprint_generator\trade_results_score\score_trade_result_2025-09-03_NY.csv
CSV terminal preservado usado para 2025-09-04: C:\Users\k_99_\Desktop\codding\data_footprint_generator\trade_results_score\score_trade_result_2025-09-04_NY.csv
CSV terminal preservado usado para 2025-09-05: C:\Users\k_99_\Desktop\codding\data_footprint_generator\trade_results_score\score_trade_result_2025-09-05_NY.csv
CSV terminal preservado usado para 2025-09-08: C:\Users\k_99_\Desktop\codding\data_footprint_generator\trade_results_score\score_trade_result_2025-09-08_NY.csv
CSV terminal preservado usado para 2025-09-09: C:\Users\k_99_\Desktop\codding\data_footprint_generator\trade_results_score\score_trade_result_2025-09-09_NY.csv
CSV terminal preservado usado para 2025-09-10: C:\Users\k_99_\Desktop\codding\data_footprint_generator\trade_results_score\score_trade_result_2025-09-10_NY.csv
CSV terminal preservado usado para 2025-09-11: C:\Users\k_99_\Desktop\codding\data_footprint_generator\trade_results_score\score_trade_result_2025-09-11_NY.csv
CSV terminal preservado usado para 2025-09-12: C:\Users\k_99_\Desktop\codding\data_footprint_generator\trade_results_score\score_trade_result_2025-09-12_NY.csv
CSV terminal preservado usado para 2025-09-15: C:\Users\k_99_\Desktop\codding\data_footprint_generator\trade_results_score\score_trade_result_2025-09-15_NY.csv
CSV terminal preservado usado para 2025-09-16: C:\Users\k_99_\Desktop\codding\data_footprint_generator\trade_results_score\score_trade_result_2025-09-16_NY.csv
CSV terminal preservado usado para 2025-09-17: C:\Users\k_99_\Desktop\codding\data_footprint_generator\trade_results_score\score_trade_result_2025-09-17_NY.csv
CSV terminal preservado usado para 2025-09-18: C:\Users\k_99_\Desktop\codding\data_footprint_generator\trade_results_score\score_trade_result_2025-09-18_NY.csv
CSV terminal preservado usado para 2025-09-19: C:\Users\k_99_\Desktop\codding\data_footprint_generator\trade_results_score\score_trade_result_2025-09-19_NY.csv
CSV terminal preservado usado para 2025-09-22: C:\Users\k_99_\Desktop\codding\data_footprint_generator\trade_results_score\score_trade_result_2025-09-22_NY.csv
CSV terminal preservado usado para 2025-09-23: C:\Users\k_99_\Desktop\codding\data_footprint_generator\trade_results_score\score_trade_result_2025-09-23_NY.csv
CSV terminal preservado usado para 2025-09-24: C:\Users\k_99_\Desktop\codding\data_footprint_generator\trade_results_score\score_trade_result_2025-09-24_NY.csv
CSV terminal preservado usado para 2025-09-25: C:\Users\k_99_\Desktop\codding\data_footprint_generator\trade_results_score\score_trade_result_2025-09-25_NY.csv
CSV terminal preservado usado para 2025-09-26: C:\Users\k_99_\Desktop\codding\data_footprint_generator\trade_results_score\score_trade_result_2025-09-26_NY.csv
CSV terminal preservado usado para 2025-09-29: C:\Users\k_99_\Desktop\codding\data_footprint_generator\trade_results_score\score_trade_result_2025-09-29_NY.csv
CSV terminal preservado usado para 2025-09-30: C:\Users\k_99_\Desktop\codding\data_footprint_generator\trade_results_score\score_trade_result_2025-09-30_NY.csv
CSV terminal preservado usado para 2025-10-01: C:\Users\k_99_\Desktop\codding\data_footprint_generator\trade_results_score\score_trade_result_2025-10-01_NY.csv
CSV terminal preservado usado para 2025-10-02: C:\Users\k_99_\Desktop\codding\data_footprint_generator\trade_results_score\score_trade_result_2025-10-02_NY.csv
CSV terminal preservado usado para 2025-10-03: C:\Users\k_99_\Desktop\codding\data_footprint_generator\trade_results_score\score_trade_result_2025-10-03_NY.csv
CSV terminal preservado usado para 2025-10-06: C:\Users\k_99_\Desktop\codding\data_footprint_generator\trade_results_score\score_trade_result_2025-10-06_NY.csv
CSV terminal preservado usado para 2025-10-07: C:\Users\k_99_\Desktop\codding\data_footprint_generator\trade_results_score\score_trade_result_2025-10-07_NY.csv
CSV terminal preservado usado para 2025-10-08: C:\Users\k_99_\Desktop\codding\data_footprint_generator\trade_results_score\score_trade_result_2025-10-08_NY.csv
CSV terminal preservado usado para 2025-10-09: C:\Users\k_99_\Desktop\codding\data_footprint_generator\trade_results_score\score_trade_result_2025-10-09_NY.csv
CSV terminal preservado usado para 2025-10-10: C:\Users\k_99_\Desktop\codding\data_footprint_generator\trade_results_score\score_trade_result_2025-10-10_NY.csv
CSV terminal preservado usado para 2025-10-13: C:\Users\k_99_\Desktop\codding\data_footprint_generator\trade_results_score\score_trade_result_2025-10-13_NY.csv
CSV terminal preservado usado para 2025-10-14: C:\Users\k_99_\Desktop\codding\data_footprint_generator\trade_results_score\score_trade_result_2025-10-14_NY.csv
CSV terminal preservado usado para 2025-10-15: C:\Users\k_99_\Desktop\codding\data_footprint_generator\trade_results_score\score_trade_result_2025-10-15_NY.csv
CSV terminal preservado usado para 2025-10-16: C:\Users\k_99_\Desktop\codding\data_footprint_generator\trade_results_score\score_trade_result_2025-10-16_NY.csv
CSV terminal preservado usado para 2025-10-17: C:\Users\k_99_\Desktop\codding\data_footprint_generator\trade_results_score\score_trade_result_2025-10-17_NY.csv
CSV terminal preservado usado para 2025-10-20: C:\Users\k_99_\Desktop\codding\data_footprint_generator\trade_results_score\score_trade_result_2025-10-20_NY.csv
CSV terminal preservado usado para 2025-10-21: C:\Users\k_99_\Desktop\codding\data_footprint_generator\trade_results_score\score_trade_result_2025-10-21_NY.csv
CSV terminal preservado usado para 2025-10-22: C:\Users\k_99_\Desktop\codding\data_footprint_generator\trade_results_score\score_trade_result_2025-10-22_NY.csv
CSV terminal preservado usado para 2025-10-23: C:\Users\k_99_\Desktop\codding\data_footprint_generator\trade_results_score\score_trade_result_2025-10-23_NY.csv
CSV terminal preservado usado para 2025-10-24: C:\Users\k_99_\Desktop\codding\data_footprint_generator\trade_results_score\score_trade_result_2025-10-24_NY.csv
CSV terminal preservado usado para 2025-10-27: C:\Users\k_99_\Desktop\codding\data_footprint_generator\trade_results_score\score_trade_result_2025-10-27_NY.csv
CSV terminal preservado usado para 2025-10-28: C:\Users\k_99_\Desktop\codding\data_footprint_generator\trade_results_score\score_trade_result_2025-10-28_NY.csv
CSV terminal preservado usado para 2025-10-29: C:\Users\k_99_\Desktop\codding\data_footprint_generator\trade_results_score\score_trade_result_2025-10-29_NY.csv
CSV terminal preservado usado para 2025-10-30: C:\Users\k_99_\Desktop\codding\data_footprint_generator\trade_results_score\score_trade_result_2025-10-30_NY.csv
CSV terminal preservado usado para 2025-10-31: C:\Users\k_99_\Desktop\codding\data_footprint_generator\trade_results_score\score_trade_result_2025-10-31_NY.csv
CSV terminal preservado usado para 2026-03-09: C:\Users\k_99_\Desktop\codding\data_footprint_generator\trade_results_score\score_trade_result_2026-03-09_NY.csv
CSV terminal preservado usado para 2026-03-10: C:\Users\k_99_\Desktop\codding\data_footprint_generator\trade_results_score\score_trade_result_2026-03-10_NY.csv
CSV terminal preservado usado para 2026-03-11: C:\Users\k_99_\Desktop\codding\data_footprint_generator\trade_results_score\score_trade_result_2026-03-11_NY.csv
CSV terminal preservado usado para 2026-03-12: C:\Users\k_99_\Desktop\codding\data_footprint_generator\trade_results_score\score_trade_result_2026-03-12_NY.csv
CSV terminal preservado usado para 2026-03-13: C:\Users\k_99_\Desktop\codding\data_footprint_generator\trade_results_score\score_trade_result_2026-03-13_NY.csv
CSV terminal preservado usado para 2026-03-16: C:\Users\k_99_\Desktop\codding\data_footprint_generator\trade_results_score\score_trade_result_2026-03-16_NY.csv
CSV terminal preservado usado para 2026-03-17: C:\Users\k_99_\Desktop\codding\data_footprint_generator\trade_results_score\score_trade_result_2026-03-17_NY.csv
CSV terminal preservado usado para 2026-03-18: C:\Users\k_99_\Desktop\codding\data_footprint_generator\trade_results_score\score_trade_result_2026-03-18_NY.csv
CSV terminal preservado usado para 2026-03-19: C:\Users\k_99_\Desktop\codding\data_footprint_generator\trade_results_score\score_trade_result_2026-03-19_NY.csv
CSV terminal preservado usado para 2026-03-20: C:\Users\k_99_\Desktop\codding\data_footprint_generator\trade_results_score\score_trade_result_2026-03-20_NY.csv
CSV terminal preservado usado para 2026-03-23: C:\Users\k_99_\Desktop\codding\data_footprint_generator\trade_results_score\score_trade_result_2026-03-23_NY.csv
CSV terminal preservado usado para 2026-03-24: C:\Users\k_99_\Desktop\codding\data_footprint_generator\trade_results_score\score_trade_result_2026-03-24_NY.csv
CSV terminal preservado usado para 2026-03-25: C:\Users\k_99_\Desktop\codding\data_footprint_generator\trade_results_score\score_trade_result_2026-03-25_NY.csv
CSV terminal preservado usado para 2026-03-26: C:\Users\k_99_\Desktop\codding\data_footprint_generator\trade_results_score\score_trade_result_2026-03-26_NY.csv
CSV terminal preservado usado para 2026-03-27: C:\Users\k_99_\Desktop\codding\data_footprint_generator\trade_results_score\score_trade_result_2026-03-27_NY.csv
CSV terminal preservado usado para 2026-03-30: C:\Users\k_99_\Desktop\codding\data_footprint_generator\trade_results_score\score_trade_result_2026-03-30_NY.csv
CSV terminal preservado usado para 2026-03-31: C:\Users\k_99_\Desktop\codding\data_footprint_generator\trade_results_score\score_trade_result_2026-03-31_NY.csv
CSV terminal preservado usado para 2026-04-01: C:\Users\k_99_\Desktop\codding\data_footprint_generator\trade_results_score\score_trade_result_2026-04-01_NY.csv
CSV terminal preservado usado para 2026-04-02: C:\Users\k_99_\Desktop\codding\data_footprint_generator\trade_results_score\score_trade_result_2026-04-02_NY.csv
CSV terminal preservado usado para 2026-04-06: C:\Users\k_99_\Desktop\codding\data_footprint_generator\trade_results_score\score_trade_result_2026-04-06_NY.csv
CSV terminal preservado usado para 2026-04-07: C:\Users\k_99_\Desktop\codding\data_footprint_generator\trade_results_score\score_trade_result_2026-04-07_NY.csv
CSV terminal preservado usado para 2026-04-08: C:\Users\k_99_\Desktop\codding\data_footprint_generator\trade_results_score\score_trade_result_2026-04-08_NY.csv
CSV terminal preservado usado para 2026-04-09: C:\Users\k_99_\Desktop\codding\data_footprint_generator\trade_results_score\score_trade_result_2026-04-09_NY.csv
CSV terminal preservado usado para 2026-04-10: C:\Users\k_99_\Desktop\codding\data_footprint_generator\trade_results_score\score_trade_result_2026-04-10_NY.csv
CSV terminal preservado usado para 2026-04-13: C:\Users\k_99_\Desktop\codding\data_footprint_generator\trade_results_score\score_trade_result_2026-04-13_NY.csv
CSV terminal preservado usado para 2026-04-14: C:\Users\k_99_\Desktop\codding\data_footprint_generator\trade_results_score\score_trade_result_2026-04-14_NY.csv
CSV terminal preservado usado para 2026-04-15: C:\Users\k_99_\Desktop\codding\data_footprint_generator\trade_results_score\score_trade_result_2026-04-15_NY.csv
CSV terminal preservado usado para 2026-04-16: C:\Users\k_99_\Desktop\codding\data_footprint_generator\trade_results_score\score_trade_result_2026-04-16_NY.csv
CSV terminal preservado usado para 2026-04-17: C:\Users\k_99_\Desktop\codding\data_footprint_generator\trade_results_score\score_trade_result_2026-04-17_NY.csv
CSV terminal preservado usado para 2026-04-20: C:\Users\k_99_\Desktop\codding\data_footprint_generator\trade_results_score\score_trade_result_2026-04-20_NY.csv
CSV terminal preservado usado para 2026-04-21: C:\Users\k_99_\Desktop\codding\data_footprint_generator\trade_results_score\score_trade_result_2026-04-21_NY.csv
CSV terminal preservado usado para 2026-04-22: C:\Users\k_99_\Desktop\codding\data_footprint_generator\trade_results_score\score_trade_result_2026-04-22_NY.csv
CSV terminal preservado usado para 2026-04-23: C:\Users\k_99_\Desktop\codding\data_footprint_generator\trade_results_score\score_trade_result_2026-04-23_NY.csv
CSV terminal preservado usado para 2026-04-24: C:\Users\k_99_\Desktop\codding\data_footprint_generator\trade_results_score\score_trade_result_2026-04-24_NY.csv
CSV terminal preservado usado para 2026-04-27: C:\Users\k_99_\Desktop\codding\data_footprint_generator\trade_results_score\score_trade_result_2026-04-27_NY.csv
CSV terminal preservado usado para 2026-04-28: C:\Users\k_99_\Desktop\codding\data_footprint_generator\trade_results_score\score_trade_result_2026-04-28_NY.csv
CSV terminal preservado usado para 2026-04-29: C:\Users\k_99_\Desktop\codding\data_footprint_generator\trade_results_score\score_trade_result_2026-04-29_NY.csv
CSV terminal preservado usado para 2026-04-30: C:\Users\k_99_\Desktop\codding\data_footprint_generator\trade_results_score\score_trade_result_2026-04-30_NY.csv
CSV terminal preservado usado para 2026-05-01: C:\Users\k_99_\Desktop\codding\data_footprint_generator\trade_results_score\score_trade_result_2026-05-01_NY.csv
CSV terminal preservado usado para 2026-05-04: C:\Users\k_99_\Desktop\codding\data_footprint_generator\trade_results_score\score_trade_result_2026-05-04_NY.csv
CSV terminal preservado usado para 2026-05-05: C:\Users\k_99_\Desktop\codding\data_footprint_generator\trade_results_score\score_trade_result_2026-05-05_NY.csv
CSV terminal preservado usado para 2026-05-06: C:\Users\k_99_\Desktop\codding\data_footprint_generator\trade_results_score\score_trade_result_2026-05-06_NY.csv
CSV terminal preservado usado para 2026-05-07: C:\Users\k_99_\Desktop\codding\data_footprint_generator\trade_results_score\score_trade_result_2026-05-07_NY.csv
CSV terminal preservado usado para 2026-05-08: C:\Users\k_99_\Desktop\codding\data_footprint_generator\trade_results_score\score_trade_result_2026-05-08_NY.csv
CSV terminal preservado usado para 2026-05-11: C:\Users\k_99_\Desktop\codding\data_footprint_generator\trade_results_score\score_trade_result_2026-05-11_NY.csv
CSV terminal preservado usado para 2026-05-12: C:\Users\k_99_\Desktop\codding\data_footprint_generator\trade_results_score\score_trade_result_2026-05-12_NY.csv
CSV terminal preservado usado para 2026-05-13: C:\Users\k_99_\Desktop\codding\data_footprint_generator\trade_results_score\score_trade_result_2026-05-13_NY.csv
CSV terminal preservado usado para 2026-05-14: C:\Users\k_99_\Desktop\codding\data_footprint_generator\trade_results_score\score_trade_result_2026-05-14_NY.csv
CSV terminal preservado usado para 2026-05-15: C:\Users\k_99_\Desktop\codding\data_footprint_generator\trade_results_score\score_trade_result_2026-05-15_NY.csv
CSV terminal preservado usado para 2026-05-18: C:\Users\k_99_\Desktop\codding\data_footprint_generator\trade_results_score\score_trade_result_2026-05-18_NY.csv
CSV terminal preservado usado para 2026-05-19: C:\Users\k_99_\Desktop\codding\data_footprint_generator\trade_results_score\score_trade_result_2026-05-19_NY.csv
CSV terminal preservado usado para 2026-05-20: C:\Users\k_99_\Desktop\codding\data_footprint_generator\trade_results_score\score_trade_result_2026-05-20_NY.csv
CSV terminal preservado usado para 2026-05-21: C:\Users\k_99_\Desktop\codding\data_footprint_generator\trade_results_score\score_trade_result_2026-05-21_NY.csv
CSV terminal preservado usado para 2026-05-22: C:\Users\k_99_\Desktop\codding\data_footprint_generator\trade_results_score\score_trade_result_2026-05-22_NY.csv
CSV terminal preservado usado para 2026-05-26: C:\Users\k_99_\Desktop\codding\data_footprint_generator\trade_results_score\score_trade_result_2026-05-26_NY.csv
CSV terminal preservado usado para 2026-05-27: C:\Users\k_99_\Desktop\codding\data_footprint_generator\trade_results_score\score_trade_result_2026-05-27_NY.csv
CSV terminal preservado usado para 2026-05-28: C:\Users\k_99_\Desktop\codding\data_footprint_generator\trade_results_score\score_trade_result_2026-05-28_NY.csv
CSV terminal preservado usado para 2026-05-29: C:\Users\k_99_\Desktop\codding\data_footprint_generator\trade_results_score\score_trade_result_2026-05-29_NY.csv
CSV terminal preservado usado para 2026-06-01: C:\Users\k_99_\Desktop\codding\data_footprint_generator\trade_results_score\score_trade_result_2026-06-01_NY.csv
CSV terminal preservado usado para 2026-06-02: C:\Users\k_99_\Desktop\codding\data_footprint_generator\trade_results_score\score_trade_result_2026-06-02_NY.csv
CSV terminal preservado usado para 2026-06-03: C:\Users\k_99_\Desktop\codding\data_footprint_generator\trade_results_score\score_trade_result_2026-06-03_NY.csv
CSV terminal preservado usado para 2026-06-04: C:\Users\k_99_\Desktop\codding\data_footprint_generator\trade_results_score\score_trade_result_2026-06-04_NY.csv
CSV terminal preservado usado para 2026-06-05: C:\Users\k_99_\Desktop\codding\data_footprint_generator\trade_results_score\score_trade_result_2026-06-05_NY.csv
CSV terminal preservado usado para 2026-06-08: C:\Users\k_99_\Desktop\codding\data_footprint_generator\trade_results_score\score_trade_result_2026-06-08_NY.csv
CSV terminal preservado usado para 2026-06-09: C:\Users\k_99_\Desktop\codding\data_footprint_generator\trade_results_score\score_trade_result_2026-06-09_NY.csv
CSV terminal preservado usado para 2026-06-10: C:\Users\k_99_\Desktop\codding\data_footprint_generator\trade_results_score\score_trade_result_2026-06-10_NY.csv
CSV terminal preservado usado para 2026-06-11: C:\Users\k_99_\Desktop\codding\data_footprint_generator\trade_results_score\score_trade_result_2026-06-11_NY.csv
CSV terminal preservado usado para 2026-06-12: C:\Users\k_99_\Desktop\codding\data_footprint_generator\trade_results_score\score_trade_result_2026-06-12_NY.csv
CSV terminal preservado usado para 2026-06-15: C:\Users\k_99_\Desktop\codding\data_footprint_generator\trade_results_score\score_trade_result_2026-06-15_NY.csv
CSV terminal preservado usado para 2026-06-16: C:\Users\k_99_\Desktop\codding\data_footprint_generator\trade_results_score\score_trade_result_2026-06-16_NY.csv
CSV terminal preservado usado para 2026-06-17: C:\Users\k_99_\Desktop\codding\data_footprint_generator\trade_results_score\score_trade_result_2026-06-17_NY.csv
CSV terminal preservado usado para 2026-06-18: C:\Users\k_99_\Desktop\codding\data_footprint_generator\trade_results_score\score_trade_result_2026-06-18_NY.csv
CSV terminal preservado usado para 2026-06-22: C:\Users\k_99_\Desktop\codding\data_footprint_generator\trade_results_score\score_trade_result_2026-06-22_NY.csv
CSV terminal preservado usado para 2026-06-23: C:\Users\k_99_\Desktop\codding\data_footprint_generator\trade_results_score\score_trade_result_2026-06-23_NY.csv
CSV terminal preservado usado para 2026-06-24: C:\Users\k_99_\Desktop\codding\data_footprint_generator\trade_results_score\score_trade_result_2026-06-24_NY.csv
CSV terminal preservado usado para 2026-06-25: C:\Users\k_99_\Desktop\codding\data_footprint_generator\trade_results_score\score_trade_result_2026-06-25_NY.csv
CSV terminal preservado usado para 2026-06-26: C:\Users\k_99_\Desktop\codding\data_footprint_generator\trade_results_score\score_trade_result_2026-06-26_NY.csv
CSV terminal preservado usado para 2026-06-29: C:\Users\k_99_\Desktop\codding\data_footprint_generator\trade_results_score\score_trade_result_2026-06-29_NY.csv
CSV terminal preservado usado para 2026-06-30: C:\Users\k_99_\Desktop\codding\data_footprint_generator\trade_results_score\score_trade_result_2026-06-30_NY.csv
CSV terminal preservado usado para 2026-07-01: C:\Users\k_99_\Desktop\codding\data_footprint_generator\trade_results_score\score_trade_result_2026-07-01_NY.csv
CSV terminal preservado usado para 2026-07-02: C:\Users\k_99_\Desktop\codding\data_footprint_generator\trade_results_score\score_trade_result_2026-07-02_NY.csv
CSV terminal preservado usado para 2026-07-06: C:\Users\k_99_\Desktop\codding\data_footprint_generator\trade_results_score\score_trade_result_2026-07-06_NY.csv
CSV terminal preservado usado para 2026-07-07: C:\Users\k_99_\Desktop\codding\data_footprint_generator\trade_results_score\score_trade_result_2026-07-07_NY.csv
CSV terminal preservado usado para 2026-07-08: C:\Users\k_99_\Desktop\codding\data_footprint_generator\trade_results_score\score_trade_result_2026-07-08_NY.csv
CSV terminal preservado usado para 2026-07-09: C:\Users\k_99_\Desktop\codding\data_footprint_generator\trade_results_score\score_trade_result_2026-07-09_NY.csv
CSV terminal preservado usado para 2026-07-10: C:\Users\k_99_\Desktop\codding\data_footprint_generator\trade_results_score\score_trade_result_2026-07-10_NY.csv
CSV terminal preservado usado para 2026-07-13: C:\Users\k_99_\Desktop\codding\data_footprint_generator\trade_results_score\score_trade_result_2026-07-13_NY.csv
CSV terminal preservado usado para 2026-07-14: C:\Users\k_99_\Desktop\codding\data_footprint_generator\trade_results_score\score_trade_result_2026-07-14_NY.csv
CSV terminal preservado usado para 2026-07-15: C:\Users\k_99_\Desktop\codding\data_footprint_generator\trade_results_score\score_trade_result_2026-07-15_NY.csv
CSV terminal preservado usado para 2026-07-16: C:\Users\k_99_\Desktop\codding\data_footprint_generator\trade_results_score\score_trade_result_2026-07-16_NY.csv
CSV terminal preservado usado para 2026-07-17: C:\Users\k_99_\Desktop\codding\data_footprint_generator\trade_results_score\score_trade_result_2026-07-17_NY.csv
Excel actualizado: C:\Users\k_99_\Desktop\codding\OpeningRangeSetup\EddiewareOpeningRangeSetup\EddiewareOpeningRangeSetup\Score_indicator_results_updated_2022_2026.xlsx

=== FEATURES NUEVAS (Feature Scanner sidecar) ===
Columnas (310): fecha,break_dir,capture_type,entry_price,or_high,or_low,break_bar_sec,time_session_seconds,time_seconds_from_open,time_seconds_to_1000,time_seconds_to_1030,time_minute_of_day,time_second_of_minute,time_weekday,time_month,time_quarter,time_is_fomc,time_is_nfp,time_is_opex,or_size_ticks,or_body_ticks,or_upper_wick,or_lower_wick,or_delta,or_volume,or_vwap_distance,or_duration,or_speed,or_balance,price_last,price_mid,price_change_1b,price_change_2b,price_change_3b,price_change_5b,price_change_10b,price_tick_direction,price_bid,price_ask,price_spread,dist_or_high,dist_or_low,dist_vwap,dist_session_high,dist_session_low,dist_prev_close,dist_prev_high,dist_prev_low,dist_ib_high,dist_ib_low,dist_poc,dist_value_area_high,dist_value_area_low,speed_ticks_per_min,speed_ticks_last_2min,speed_ticks_last_5min,speed_ticks_last_10min,speed_velocity,speed_velocity_change,speed_acceleration,volume_1b,volume_2b,volume_5b,volume_10b,volume_rolling,volume_percentile,volume_zscore,volume_ratio,delta_1b,delta_2b,delta_5b,delta_10b,delta_cum,delta_change,delta_slope,delta_acceleration,delta_zscore,imbalance_count,imbalance_buy_count,imbalance_sell_count,imbalance_largest,imbalance_avg,imbalance_density,imbalance_cluster_size,imbalance_cluster_volume,imbalance_price_span,imbalance_three_flag,footprint_delta,footprint_volume,footprint_buy_volume,footprint_sell_volume,footprint_poc,footprint_poc_shift,footprint_rotation,footprint_body,footprint_wick,footprint_efficiency,absorption_buy,absorption_sell,absorption_volume,absorption_ratio,absorption_duration,price_efficiency,volume_per_tick,delta_per_tick,range_ticks,range_bars,range_volume,range_delta,range_efficiency,range_rotation,atr_1m,atr_5m,realized_volatility,std_returns,tick_volatility,vwap_above,vwap_below,vwap_cross,vwap_slope,vwap_distance,mp_inside_value,mp_outside_value,mp_above_value,mp_below_value,mp_distance_poc,mp_distance_vah,mp_distance_val,d_price_efficiency,d_delta_efficiency,d_volume_per_tick,d_delta_per_tick,d_aggression_ratio,d_large_trade_ratio,d_rotation_efficiency,d_volume_acceleration,d_delta_acceleration,d_micro_trend_score,d_initiative_score,d_responsive_score,mx_agg_buy_1b,mx_agg_sell_1b,mx_net_agg_1b,mx_aggressor_ratio_1b,mx_contracts_per_tick_1b,mx_ticks_per_100c_1b,mx_price_impact_ticks_1b,mx_price_impact_1000_1b,mx_dir_impact_1b,mx_vpin_1b,mx_kyle_lambda_1b,mx_amihud_1b,mx_vol_without_move_1b,mx_delta_without_move_1b,mx_agg_buy_3b,mx_agg_sell_3b,mx_net_agg_3b,mx_aggressor_ratio_3b,mx_contracts_per_tick_3b,mx_ticks_per_100c_3b,mx_price_impact_ticks_3b,mx_price_impact_1000_3b,mx_dir_impact_3b,mx_vpin_3b,mx_kyle_lambda_3b,mx_amihud_3b,mx_vol_without_move_3b,mx_delta_without_move_3b,mx_agg_buy_5b,mx_agg_sell_5b,mx_net_agg_5b,mx_aggressor_ratio_5b,mx_contracts_per_tick_5b,mx_ticks_per_100c_5b,mx_price_impact_ticks_5b,mx_price_impact_1000_5b,mx_dir_impact_5b,mx_vpin_5b,mx_kyle_lambda_5b,mx_amihud_5b,mx_vol_without_move_5b,mx_delta_without_move_5b,mx_agg_buy_10b,mx_agg_sell_10b,mx_net_agg_10b,mx_aggressor_ratio_10b,mx_contracts_per_tick_10b,mx_ticks_per_100c_10b,mx_price_impact_ticks_10b,mx_price_impact_1000_10b,mx_dir_impact_10b,mx_vpin_10b,mx_kyle_lambda_10b,mx_amihud_10b,mx_vol_without_move_10b,mx_delta_without_move_10b,mx_consecutive_absorption,mx_whale_large_count,mx_whale_large_vol,mx_whale_concentration,mx_whale_impact,velocity_mean_5b,velocity_mean_10b,velocity_mean_30b,velocity_mean_60b,velocity_std_5b,velocity_std_10b,velocity_std_30b,velocity_min_30b,velocity_max_30b,velocity_percentile,velocity_zscore,velocity_slope,velocity_ema,velocity_ema_ratio,velocity_t,velocity_t1,velocity_t2,velocity_t3,velocity_t5,velocity_t10,velocity_t20,velocity_t30,velocity_t60,volcore_mean_5b,volcore_mean_10b,volcore_mean_30b,volcore_mean_60b,volcore_std_5b,volcore_std_10b,volcore_std_30b,volcore_min_30b,volcore_max_30b,volcore_percentile,volcore_zscore,volcore_slope,volcore_ema,volcore_ema_ratio,volcore_t,volcore_t1,volcore_t2,volcore_t3,volcore_t5,volcore_t10,volcore_t20,volcore_t30,volcore_t60,deltacore_mean_5b,deltacore_mean_10b,deltacore_mean_30b,deltacore_mean_60b,deltacore_std_5b,deltacore_std_10b,deltacore_std_30b,deltacore_min_30b,deltacore_max_30b,deltacore_percentile,deltacore_zscore,deltacore_slope,deltacore_ema,deltacore_ema_ratio,deltacore_t,deltacore_t1,deltacore_t2,deltacore_t3,deltacore_t5,deltacore_t10,deltacore_t20,deltacore_t30,deltacore_t60,distance_to_PREOPEN_15m_POC_ticks,distance_to_PREOPEN_15m_VAH_ticks,distance_to_PREOPEN_15m_VAL_ticks,distance_to_PREOPEN_15m_HVN_ticks,distance_to_PREOPEN_15m_LVN_ticks,position_vs_PREOPEN_15m_value_area,distance_to_PREOPEN_30m_POC_ticks,distance_to_PREOPEN_30m_VAH_ticks,distance_to_PREOPEN_30m_VAL_ticks,distance_to_PREOPEN_30m_HVN_ticks,distance_to_PREOPEN_30m_LVN_ticks,position_vs_PREOPEN_30m_value_area,distance_to_PREOPEN_60m_POC_ticks,distance_to_PREOPEN_60m_VAH_ticks,distance_to_PREOPEN_60m_VAL_ticks,distance_to_PREOPEN_60m_HVN_ticks,distance_to_PREOPEN_60m_LVN_ticks,position_vs_PREOPEN_60m_value_area,distance_to_ON_POC_ticks,distance_to_ON_VAH_ticks,distance_to_ON_VAL_ticks,distance_to_ON_HVN_ticks,distance_to_ON_LVN_ticks,position_vs_ON_value_area,distance_to_PD_POC_ticks,distance_to_PD_VAH_ticks,distance_to_PD_VAL_ticks,distance_to_PD_HVN_ticks,distance_to_PD_LVN_ticks,position_vs_PD_value_area,profile_confluence_count,breakout_inside_PREOPEN_value_area,breakout_outside_PREOPEN_value_area,mfe_ticks,mae_ticks,bars_to_60,first_60_before_20adv,label_move60,label_whale,whale_orderflow
2022-04-12,down,traded,14148.75,14203.75,14163.75,180,180,180,1620,3420,573,0,2,4,2,0,0,0,32,29,3,0,-645,5987,-10.6666666666672,1,32,-0.107733422415233,14148.75,14153.125,-9,-8,-12,,,-1,,,,-44,-12,-17.2075549699017,-44,-6,118,-39,131,-44,-6,11,-25,123,9,8,,,-9,-10,-0.8,908,3721,13809,13809,3392.3,0.916666666666667,0.568687015383384,0.394114327878814,-110,201,-67,-67,43,-66,23.2424242424242,112,1.82123234534022,1,1,0,3.51851851851852,3.51851851851852,1,1,190,0,0,-110,908,399,509,14147.5,-4.5,-0.121145374449339,9,2,12.1145374315919,39.9,50.9,908,82.5454545454545,,0.012114537444934,82.5454545454545,-10,46,4,13809,-67,0.891304347826087,-0.004851908175827,11,14.6666666666667,9.89949493661167,4.08248290463863,5.53614386454045,0,1,0,,-17.2075549699017,1,0,0,0,11,-25,123,0.009911894273128,0.081818181818182,82.5454545454545,-10,-0.121145374449339,0.317180616740088,1.33259911894273,-390.4,158,0.568687015383384,0,-0,399,509,-110,0.43942731277533,82.5454545454545,1.21145374449339,0.009911894273128,9.91189427312775,0.009911894273128,0.121145374449339,0.081818181818182,0.009911894273128,82.5454545454545,10,4200,3622,578,0.53694707236001,289.703703703704,0.345180260802864,0.001661979033495,1.66197903349527,0.001661979033495,0.073894144720021,0.022491349480969,0.001661979033495,289.703703703704,21.4074074074074,6871,6938,-67,0.497574045912086,300.195652173913,0.33311608371352,0.002969078137447,2.96907813744659,0.002969078137447,0.004851908175827,0.611940298507463,0.002969078137447,300.195652173913,1.45652173913043,6871,6938,-67,0.497574045912086,300.195652173913,0.33311608371352,0.002969078137447,2.96907813744659,0.002969078137447,0.004851908175827,0.611940298507463,0.002969078137447,300.195652173913,1.45652173913043,0,1,288,0.317180616740088,0.038194444444444,0.4,-0.2,-0.9,-1.38333333333333,2.57681974534503,3.84187454245971,3.94419404526028,-10,6,0.766666666666667,0.481720721190992,0.206060606060606,-0.271043498279465,-3.68944470665344,1,-4,0,4,0,-4,-6,-11,-6,4716.4,3392.3,1935.56666666667,1378.91666666667,1888.07071901452,1925.3572162069,1542.91079204931,701,7731,0.916666666666667,0.568687015383384,372.612121212121,3531.3520580451,0.796578747675822,2813,4101,5987,7731,2437,1479,1089,1496,1490,-59.6,-54.7,-12.3,-17.5166666666667,375.477083188841,283.89154619326,177.517163489431,-645,377,0.983333333333333,1.82123234534022,23.2424242424242,-6.39549402416031,-48.627986958495,311,377,-645,-101,-41,-91,117,-336,222,-55,-57,-43,-40,-41,-1,-55,-70,-37,-40,-41,-1,-88,-96,-29,-1,3,-1,111,-27,196,-30,3,0,71,6,84,-10,1,1,1,0,1,0,0,,0,0,0,0
2022-04-18,up,traded,13925,13897.5,13848.75,360,360,360,1440,3240,576,0,1,4,2,0,0,0,39,35,2,2,171,6019,11.6666666666686,1,39,0.028410034889517,13925,13916.875,12,10,0,14,,1,,,,22,61,18.7206978749309,-5,61,,,,-5,61,,,,12,10,14,,12,14,-4.1,968,3992,11341,20685,3286.16666666667,0.666666666666667,-0.206693333585177,0.294568139169245,-12,-374,-501,-361,-349,-300,-72.6571428571429,-63,-1.80496022675033,0,0,0,0,0,0,0,0,0,0,-12,968,478,490,13912.5,-3.5,-0.012396694214876,11,4,15.4958677525869,39.8333333333333,40.8333333333333,968,64.5333333333333,,0.015495867768595,64.5333333333333,-0.8,66,7,20685,-361,0.893939393939394,-0.017452260091854,15,14.6,21.1187120819429,7.63762615825973,9.42809041582063,1,0,0,2.8,18.7206978749309,,,,,,,,0.011363636363636,0.916666666666667,64.5333333333333,-0.8,-0.012396694214876,0.190082644628099,0.18595041322314,-75.8,-58.4,-0.206693333585177,,,478,490,-12,0.493801652892562,64.5333333333333,1.5495867768595,0.011363636363636,11.3636363636364,0.011363636363636,0.012396694214876,0.916666666666667,0.011363636363636,64.5333333333333,0.8,2953,3389,-436,0.465625985493535,218.689655172414,0.457269000315358,0,0,0,0.06874802901293,0,0,218.689655172414,15.0344827586207,5420,5921,-501,0.477912000705405,391.068965517241,0.255709373071158,0.001146283396526,1.14628339652588,0.001146283396526,0.04417599858919,0.025948103792415,0.001146283396526,391.068965517241,17.2758620689655,10162,10523,-361,0.491273869954073,313.409090909091,0.319071791153009,0.002852308436065,2.85230843606478,0.002852308436065,0.017452260091854,0.163434903047091,0.002852308436065,313.409090909091,5.46969696969697,0,1,184,0.190082644628099,0.081521739130435,2.4,2,2,2,7.39188744503053,6.80685928555405,6.80685928555405,-10,10,0.333333333333333,-0.58764252824927,-2,0.512607807464716,-3.90161829546005,-2,-10,7,7,0,,,,,2739.6,3286.16666666667,3286.16666666667,3286.16666666667,371.684059383773,1268.38472300622,1268.38472300622,2350,6019,0.666666666666667,-0.206693333585177,-511.8,3930.15667707745,0.76943497383639,3024,2350,2493,2506,6019,,,,,-104,-58.1666666666667,-58.1666666666667,-58.1666666666667,146.283286810216,168.332425740128,168.332425740128,-362,171,0.166666666666667,-1.80496022675033,-72.6571428571429,-19.6835350292764,18.3910054500666,-362,-62,75,-140,171,,,,,65,53,67,53,50,1,53,48,63,53,58,1,63,53,65,55,70,1,128,76,153,55,60,1,,,,,,,0,0,1,0,0,,0,0,0,0
2022-04-20,down,traded,14213.75,14267.5,14226.25,300,300,300,1500,3300,575,0,3,4,2,0,0,0,33,6,6,21,769,6979,7,1,33,0.110187705975068,14213.75,14219.375,-2,-3,-14,-37,,-1,,,,-43,-10,-22.7715908082682,-45,6,1,-23,304,-45,6,1,-9,292,2,3,37,,-2,-1,-0.7,1014,4020,12820,19799,3517.8,0.95,0.608675129685494,0.410285459952659,54,134,70,839,785,179,5.29696969696969,-136.5,0.386270453763818,1,1,0,12.5,12.5,1,1,125,0,0,54,1014,534,480,14225,4.5,0.053254437869823,2,11,12.8205128078693,178,160,1014,78,,0.012820512820513,78,4.15384615384615,51,6,19799,839,0.607843137254902,0.042375877569574,13,16.4,21.2367605815953,5.95315042645489,6.77290352967043,0,1,0,-7.4,-22.7715908082682,1,0,0,0,1,-9,292,0.001972386587771,0.037037037037037,78,4.15384615384615,0.053254437869823,0.1232741617357,0.692307692307692,-1000.4,-180.4,-0.608675129685494,0,-0,534,480,54,0.526627218934911,78,1.28205128205128,0.001972386587771,1.9723865877712,0.001972386587771,0.053254437869823,0.037037037037037,0.001972386587771,78,4.15384615384615,3187,3152,35,0.502760687805648,226.392857142857,0.441710048903613,0.002208550244518,2.20855024451806,0.002208550244518,0.005521375611295,0.4,0.002208550244518,226.392857142857,1.25,6445,6375,70,0.502730109204368,251.372549019608,0.397815912636506,0.002964118564743,2.96411856474259,0.002964118564743,0.005460218408736,0.542857142857143,0.002964118564743,251.372549019608,1.37254901960784,10319,9480,839,0.521187938784787,388.21568627451,0.25758876710945,0.001565735643214,1.5657356432143,0.001565735643214,0.042375877569574,0.036948748510131,0.001565735643214,388.21568627451,16.4509803921569,0,0,0,0.1232741617357,0.104,-7,-3.2,-1.36666666666667,0.216666666666667,6.35609943282828,8.1706792863262,7.96443483382357,-18,16,0.45,0.046038001982199,-0.775757575757576,-4.2168321078705,0.237144845803453,-1,-11,-17,-6,2,-18,-1,-4,0,3757,3517.8,1968,1456.41666666667,1796.10344913649,2146.67793578823,1705.3432108132,618,8001,0.95,0.608675129685494,84.5212121212121,3236.86087716757,0.92867754101017,3006,2319,2104,4377,8001,2230,691,992,388,157,49.8,1.6,29.65,367.834201781183,299.806871168758,202.966598237247,-323,769,0.733333333333333,0.386270453763818,5.29696969696969,39.7632067853654,2.0119101668994,80,-99,-292,327,-323,-196,23,-26,-42,-34,-36,-31,-34,,-1,-34,-39,-29,-34,-42,-1,-34,-50,-30,-34,-41,-1,101,-23,136,7,-3,0,42,-21,102,-7,6,0,0,0,1,0,0,,0,0,0,0
2022-04-26,down,traded,13400,13451.25,13413.75,120,120,120,1680,3480,572,0,2,4,2,0,0,0,30,3,6,21,226,5770,4,1,30,0.039168110918544,13400,13403.75,-6,-32,,,,-1,,,,-41,-11,-22.2448194830169,-41,-1,-105,-115,131,-41,-1,57,-105,121,6,32,,,-6,20,-6.9,909,4501,10271,10271,2935.3,0.966666666666667,1.24511701264002,0.40300591873379,-91,-595,-369,-369,-278,-730,-26.2121212121212,62.3,-2.39408008760017,1,0,1,3.025,3.025,1,1,121,0,0,-91,909,409,500,13400,-3,-0.1001100110011,6,4,11.0011000979086,58.4285714285714,71.4285714285714,909,90.9,,0.011001100110011,90.9,-9.1,43,3,10271,-369,0.813953488372093,-0.035926394703534,10,20.5,26.6833281282527,10,6.63023378170031,0,1,0,,-22.2448194830169,1,0,0,0,57,-105,121,0.006600660066007,0.065934065934066,90.9,-9.1,-0.1001100110011,0.173817381738174,1.001100110011,720.3,-28.1,-1.24511701264002,0,-0,409,500,-91,0.44994499449945,90.9,1.1001100110011,0.006600660066007,6.6006600660066,0.006600660066007,0.1001100110011,0.065934065934066,0.006600660066007,90.9,9.1,4951,5320,-369,0.482036802648233,238.860465116279,0.418654464024925,0.003407652614156,3.40765261415636,0.003407652614156,0.035926394703534,0.094850948509485,0.003407652614156,238.860465116279,8.58139534883721,4951,5320,-369,0.482036802648233,238.860465116279,0.418654464024925,0.003407652614156,3.40765261415636,0.003407652614156,0.035926394703534,0.094850948509485,0.003407652614156,238.860465116279,8.58139534883721,4951,5320,-369,0.482036802648233,238.860465116279,0.418654464024925,0.003407652614156,3.40765261415636,0.003407652614156,0.035926394703534,0.094850948509485,0.003407652614156,238.860465116279,8.58139534883721,0,0,0,0.173817381738174,0.063291139240506,-3.6,-0.3,0.466666666666667,1.13333333333333,11.6034477634882,9.69587541174081,10.0556230814185,-26,26,0.016666666666667,-2.6320265241021,-2.18787878787879,-3.46927932693679,7.49435186671948,-26,0,-2,3,1,1,-12,2,-18,4053.8,2935.3,1908.6,1643.1,2056.79113183619,1861.92868015937,1352.0014447724,722,7048,0.966666666666667,1.24511701264002,442.878787878788,3358.3157003511,1.06958377963825,3592,5770,7048,1967,1667,1817,1447,1649,1550,-190.6,-151.5,-83.8,-33.2666666666667,242.453789411508,208.423247263831,175.516267052373,-504,244,0.016666666666667,-2.39408008760017,-26.2121212121212,-172.491991318237,2.92187478472638,-504,226,-336,-177,-361,69,-225,-67,-274,-32,-37,-30,-32,-27,-1,-36,-41,-24,-36,-27,-1,-36,-51,-29,-36,-27,-1,-44,-102,-40,-36,-26,-1,67,-5,113,-3,1,0,1,0,1,0,0,,0,0,0,0
2022-04-27,up,traded,13077.5,13070,13010,120,120,120,1680,3480,572,0,3,4,2,0,0,0,48,36,2,10,94,6292,14.6666666666686,1,48,0.014939605848697,13077.5,13069.375,14,8,,,,1,,,,6,54,19.8578806301899,2,54,54,-299,57,2,54,-89,-290,54,14,8,,,14,20,-2.9,801,4707,10999,10999,3890.8,0.95,1.00970263434774,0.305754365874606,89,93,187,187,98,-90,17.2848484848485,-61.8,-0.117437875331489,0,0,0,0,0,0,0,0,0,0,89,801,445,356,13071.25,1.5,0.111111111111111,14,1,18.7265917369206,29.6666666666667,23.7333333333333,801,53.4,,0.0187265917603,53.4,5.93333333333333,55,3,10999,187,0.8,0.017001545595054,15,21.5,15.2315462117278,10,8.3849070756131,1,0,0,,19.8578806301899,1,0,0,0,-89,-290,54,0.017478152309613,0.157303370786517,53.4,5.93333333333333,0.111111111111111,0.139825218476904,1.66666666666667,454.7,-70.1,1.00970263434774,0,-0,445,356,89,0.555555555555556,53.4,1.87265917602996,0.017478152309613,17.478152309613,0.017478152309613,0.111111111111111,0.157303370786517,0.017478152309613,53.4,5.93333333333333,5593,5406,187,0.508500772797527,199.981818181818,0.500045458678062,0.004000363669424,4.00036366942449,0.004000363669424,0.017001545595054,0.235294117647059,0.004000363669424,199.981818181818,3.4,5593,5406,187,0.508500772797527,199.981818181818,0.500045458678062,0.004000363669424,4.00036366942449,0.004000363669424,0.017001545595054,0.235294117647059,0.004000363669424,199.981818181818,3.4,5593,5406,187,0.508500772797527,199.981818181818,0.500045458678062,0.004000363669424,4.00036366942449,0.004000363669424,0.017001545595054,0.235294117647059,0.004000363669424,199.981818181818,3.4,0,0,0,0.139825218476904,0.133928571428571,-3.8,-5.2,-1.43333333333333,-2.48333333333333,10.1271911209377,11.9063008529098,9.97223924480132,-22,14,0.333333333333333,-0.457937936963089,-0.181818181818182,-4.78408804788763,1.25415751966548,-6,0,-22,1,-21,-7,-8,-11,-14,4972.8,3890.8,2251.43333333333,1789.3,2000.14933442481,1908.66653976015,1638.66727725782,668,8265,0.95,1.00970263434774,445.236363636364,4132.70054037179,0.945144696994813,3906,6292,8265,3245,3017,2233,1241,1737,1589,65.6,-22.8,26.2333333333333,-18.1,184.842202973239,263.189589459766,189.319955513294,-405,431,0.566666666666667,-0.117437875331489,17.2848484848485,8.35510179311057,0.47874940354387,4,94,-193,43,-405,7,-17,-283,-287,44,40,54,44,38,1,58,43,62,44,31,1,58,31,62,22,50,1,22,-12,90,1,-7,0,-38,-140,-18,-1,4,-1,0,0,1,0,0,,0,0,0,0
2022-04-28,up,traded,13276.25,13266.25,13211.25,60,60,60,1740,3540,571,0,4,4,2,0,0,0,44,40,2,2,437,4345,13.3333333333328,1,44,0.100575373993096,13277.5,13272.5,11,,,,,1,,,,9,53,24.3333333333328,9,53,220,17,277,9,53,168,23,262,11,,,,11,,2.2,805,5150,5150,5150,2309.3,0.983333333333333,2.73328477571111,0.446887056929525,167,604,604,604,437,341,24.1272727272727,193.9,2.24638551698901,0,0,0,0,0,0,0,0,0,0,167,805,486,319,13278.75,5,0.207453416149068,10,4,17.391304326222,44.1818181818182,29,805,57.5,,0.017391304347826,57.5,11.9285714285714,56,2,5150,604,0.910714285714286,0.117281553398058,14,14,11,,7.19135283208629,1,0,0,,24.3333333333328,0,1,1,0,168,23,262,0.012422360248447,0.059880239520958,57.5,11.9285714285714,0.207453416149068,0.161490683229814,2.90434782608696,892.6,181.6,2.73328477571111,1,-1,486,319,167,0.603726708074534,57.5,1.73913043478261,0.012422360248447,12.4223602484472,0.012422360248447,0.207453416149068,0.059880239520958,0.012422360248447,57.5,11.9285714285714,2877,2273,604,0.558640776699029,91.9642857142857,1.0873786407767,0.009902912621359,9.90291262135922,0.009902912621359,0.117281553398058,0.084437086092715,0.009902912621359,91.9642857142857,10.7857142857143,2877,2273,604,0.558640776699029,91.9642857142857,1.0873786407767,0.009902912621359,9.90291262135922,0.009902912621359,0.117281553398058,0.084437086092715,0.009902912621359,91.9642857142857,10.7857142857143,2877,2273,604,0.558640776699029,91.9642857142857,1.0873786407767,0.009902912621359,9.90291262135922,0.009902912621359,0.117281553398058,0.084437086092715,0.009902912621359,91.9642857142857,10.7857142857143,0,0,0,0.161490683229814,0.107692307692308,-3.4,1.5,-0.833333333333333,-0.6,3.2,6.66708332031331,10.3957790579746,-22,21,0.433333333333333,0.080160739150577,-1.16969696969697,-0.869817363714395,-0,0,0,-3,-6,13,-18,12,2,-1,2791.8,2309.3,1620.3,1377.91666666667,1577.2318028749,1243.30905651009,996.859172601627,646,5046,0.983333333333333,2.73328477571111,281.836363636364,2636.84113952779,1.64780499472111,4345,5046,1284,1758,2098,2722,1500,1274,1149,-24.2,-36.1,-18.4333333333333,-14.05,267.75989244097,196.971800012083,202.740504641333,-421,681,0.983333333333333,2.24638551698901,24.1272727272727,11.667304453507,37.4550952828393,437,96,-128,-206,-12,-214,158,-6,31,40,33,54,39,43,1,57,44,62,39,42,1,40,33,70,39,14,1,-20,-39,64,1,4,0,129,91,217,66,26,1,0,0,1,0,0,,0,0,0,0
2022-05-02,down,traded,12790,12890,12838.75,360,360,360,1440,3240,576,0,1,5,2,0,0,0,41,36,3,2,207,6981,11.6666666666672,1,41,0.029651912333477,12788.75,12796.25,-12,-27,-41,-58,,-1,,,,-81,-40,-50.0482770252725,-81,-11,,,,-81,-11,,,,12,27,58,,-12,3,-1.7,1112,5392,16305,26804,5152,0.933333333333333,0.423847987753907,0.279126975162217,-176,104,-397,-568,-392,561,-10.0242424242424,11.4,1.33973431485545,0,0,0,0,0,0,0,0,0,0,-176,1112,468,644,12800,3,-0.158273381294964,12,2,12.5899280462321,36,49.5384615384615,1112,79.4285714285714,,0.012589928057554,79.4285714285714,-12.5714285714286,82,7,26804,-568,0.51219512195122,-0.021190867034771,14,29,45.0998891351187,13.0384048104053,9.03228776236797,0,1,0,-11.6,-50.0482770252725,,,,,,,,0.010791366906475,0.068181818181818,79.4285714285714,-12.5714285714286,-0.158273381294964,0.152877697841727,2.2158273381295,200.8,103.6,-0.423847987753907,,,468,644,-176,0.420863309352518,79.4285714285714,1.2589928057554,0.010791366906475,10.7913669064748,0.010791366906475,0.158273381294964,0.068181818181818,0.010791366906475,79.4285714285714,12.5714285714286,4599,4776,-177,0.49056,187.5,0.533333333333333,0.004373333333333,4.37333333333333,0.004373333333333,0.01888,0.231638418079096,0.004373333333333,187.5,3.54,7954,8351,-397,0.487825820300521,203.8125,0.490647040785035,0.00361852192579,3.61852192578964,0.00361852192579,0.024348359398957,0.148614609571788,0.00361852192579,203.8125,4.9625,13118,13686,-568,0.489404566482615,326.878048780488,0.305924488882256,0.001566930308909,1.56693030890912,0.001566930308909,0.021190867034771,0.073943661971831,0.001566930308909,326.878048780488,6.92682926829268,0,0,0,0.152877697841727,0.082352941176471,-13.2,-6.3,-4.53333333333333,-2.61666666666667,14.2744527040444,12.9695797927304,10.2818070180079,-30,13,0.066666666666667,-1.0179792956953,-1.96969696969697,-9.04075937283021,1.65915266421965,-15,-14,-30,13,0,-1,-8,-10,-12,3742.2,5152,3235.86666666667,2266.55,332.70731882542,3301.32352246792,2463.46181532322,1189,14469,0.933333333333333,0.423847987753907,-167.963636363636,4510.45754494234,0.948905949641239,4280,3983,3431,3499,6981,3619,2463,1439,1072,-119.8,-8.4,-21.6666666666667,-9.95,235.136896296604,226.947659163958,225.169022933637,-477,337,0.916666666666667,1.33973431485545,-10.0242424242424,-25.4792891860883,-10.989317557292,280,-281,-219,-1,207,21,-477,-139,-150,-59,-67,-51,-44,-49,-1,-59,-69,-40,-22,-13,-1,-59,-72,-16,-6,-2,-1,-93,-137,-52,-12,-3,-1,,,,,,,0,0,1,0,0,,0,0,0,0
2022-05-03,down,traded,13002.5,13075,13022.5,420,420,420,1380,3180,577,0,2,5,2,0,0,0,42,30,1,11,-229,6509,-6.66666666666715,1,42,-0.035182055615302,13002.5,13004.375,-8,-27,-44,-42,,-1,,,,-58,-16,-29.7715744772358,-62,-1,-55,-64,234,-62,-1,119,-57,207,8,27,42,,-8,11,-11.7,801,5505,17064,31806,4267.3,0.966666666666667,1.33398437510996,0.256188831318365,-213,-273,-502,-900,-687,258,-4.64848484848485,-34.7,-0.105149747627618,1,0,1,4.96,4.96,1,1,124,0,0,-213,801,294,507,13000,-3.5,-0.265917602996255,7,8,18.7265917369206,36.75,63.375,801,53.4,,0.0187265917603,53.4,-14.2,68,8,31806,-900,0.838235294117647,-0.028296547821166,15,28.6,46.6797600679352,17.2165084516375,9.074996173859,0,1,0,-8.4,-29.7715744772358,1,0,0,0,119,-57,207,0.008739076154806,0.032863849765258,53.4,-14.2,-0.265917602996255,0.223470661672909,3.98876404494382,196.1,-57.9,-1.33398437510996,0,-0,294,507,-213,0.367041198501873,53.4,1.87265917602996,0.008739076154806,8.73907615480649,0.008739076154806,0.265917602996255,0.032863849765258,0.008739076154806,53.4,14.2,4679,5270,-591,0.470298522464569,180.890909090909,0.552819378832043,0.004523067644989,4.52306764498945,0.004523067644989,0.059402955070861,0.076142131979695,0.004523067644989,180.890909090909,10.7454545454545,8281,8783,-502,0.485290670417253,250.941176470588,0.398499765588373,0.002402719174871,2.40271917487107,0.002402719174871,0.029418659165495,0.081673306772908,0.002402719174871,250.941176470588,7.38235294117647,15453,16353,-900,0.485851726089417,467.735294117647,0.213796139093253,0.001792114695341,1.7921146953405,0.001792114695341,0.028296547821166,0.063333333333333,0.001792114695341,467.735294117647,13.2352941176471,0,1,179,0.223470661672909,0.083798882681564,-0.2,-1.9,1.26666666666667,3.03333333333333,18.9251155874938,14.5082735016955,14.1819917109301,-23,33,0.05,-1.42904234325896,-1.42424242424242,-3.83699336683956,4.95179380923712,-19,-17,6,-4,-18,-7,20,-18,-3,4097.2,4267.3,2625.16666666667,2220.96666666667,471.628413054175,1548.44593383172,1558.36407991058,846,7260,0.966666666666667,1.33398437510996,71.5939393939394,4028.58070128844,1.16765688682755,4704,4444,3670,3445,4010,2091,1641,2142,875,-44,-61.1,-38.4333333333333,-11.3666666666667,146.430871062082,206.859590060505,205.10431221427,-435,420,0.433333333333333,-0.105149747627618,-4.64848484848485,-71.4644552542326,0.839578218102298,-60,-318,86,3,-238,-193,301,-434,-139,-58,-76,-56,-59,-63,-1,-79,-86,-70,-59,-63,-1,-80,-88,-69,-71,-63,-1,-64,-94,-36,-54,-6,-1,98,44,188,-15,-2,1,0,0,1,0,0,,0,0,0,0
2022-05-06,down,traded,12720,12786.25,12740,180,180,180,1620,3420,573,0,5,5,2,0,1,0,37,14,21,2,-385,5447,-11,1,37,-0.070681108867266,12720,12727.5,-8,-57,-18,,,-1,,,,-53,-16,-32.4426983518584,-59,-7,-111,-501,11,-59,-7,-111,-486,-5,8,57,,,-8,41,-9.2,922,4375,13967,13967,4716.1,0.866666666666667,0.111160542462203,0.245313892695127,-102,-513,-511,-511,-409,-798,26.369696969697,-282.7,-1.60752703195702,0,0,0,0,0,0,0,0,0,0,-102,922,410,512,12728.75,1,-0.110629067245119,7,5,13.0151843676625,51.25,64,922,76.8333333333333,,0.013015184381779,76.8333333333333,-8.5,59,4,13967,-511,0.542372881355932,-0.03658623899191,12,35,63.1347764706584,35.9536738966502,16.4578923991568,0,1,0,,-32.4426983518584,0,1,0,1,-111,-486,-5,0.007592190889371,0.068627450980392,76.8333333333333,-8.5,-0.110629067245119,0.155097613882863,1.32754880694143,-792.4,-161.2,-0.111160542462203,1,-1,410,512,-102,0.44468546637744,76.8333333333333,1.30151843817787,0.007592190889371,7.59219088937093,0.007592190889371,0.110629067245119,0.068627450980392,0.007592190889371,76.8333333333333,8.5,4197,4323,-126,0.492605633802817,144.406779661017,0.692488262910798,0.002112676056338,2.11267605633803,0.002112676056338,0.014788732394366,0.142857142857143,0.002112676056338,144.406779661017,2.13559322033898,6728,7239,-511,0.481706880504045,236.728813559322,0.422424285816568,0.002291114770531,2.29111477053054,0.002291114770531,0.03658623899191,0.062622309197652,0.002291114770531,236.728813559322,8.66101694915254,6728,7239,-511,0.481706880504045,236.728813559322,0.422424285816568,0.002291114770531,2.29111477053054,0.002291114770531,0.03658623899191,0.062622309197652,0.002291114770531,236.728813559322,8.66101694915254,0,0,0,0.155097613882863,0.083916083916084,2.6,2.1,2.53333333333333,0.9,28.834701316296,21.6261415883648,24.7005173135211,-49,100,0.016666666666667,-2.08632607484394,-0.260606060606061,0.507520457399178,-96.5478322807001,-49,39,0,13,5,-6,-10,17,-7,5739.4,4716.1,3214.83333333333,2384.3,3379.85358262751,2670.34003265502,2142.54681914357,1270,12329,0.866666666666667,0.111160542462203,162.90303030303,4656.59015548224,0.74152972125639,3453,4145,5447,12329,2802,3053,1945,2381,2151,113,10.1,33.5666666666667,8.83333333333333,455.789425063812,368.562464176698,276.553151411362,-411,771,0.033333333333333,-1.60752703195702,26.369696969697,26.2464059635947,-15.6592868589353,-411,387,-385,771,-2,-61,-101,363,-237,-29,-37,-24,-29,-18,-1,-23,-37,-13,-4,2,-1,-23,-92,8,-4,2,0,-68,-129,-44,-23,2,-1,-144,-220,-32,-6,0,-1,1,0,1,0,0,,0,0,0,0
2022-05-09,up,traded,12487.5,12481.25,12442.5,60,60,60,1740,3540,571,0,1,5,2,0,0,0,31,23,2,6,123,5479,9,1,31,0.022449352071546,12486.25,12485,6,,,,,1,,,,4,35,15,4,35,,,,4,35,,,,6,,,,6,,-0.7,930,6409,6409,6409,2427.8,0.983333333333333,2.60334258262981,0.456834090629989,196,319,319,319,123,594,25.2727272727273,-10.9,1.0225195489557,0,0,0,0,0,0,0,0,0,0,196,930,563,367,12486.25,1,0.210752688172043,7,7,15.0537634246734,70.375,45.875,930,66.4285714285714,,0.01505376344086,66.4285714285714,14,41,2,6409,319,0.707317073170732,0.049773755656109,14,14,6,,7.59268653961751,1,0,0,,15,,,,,,,,0.00752688172043,0.035714285714286,66.4285714285714,14,0.210752688172043,0.125806451612903,2.9505376344086,1465.1,13.3,-2.60334258262981,,,563,367,196,0.605376344086021,66.4285714285714,1.50537634408602,0.00752688172043,7.52688172043011,0.00752688172043,0.210752688172043,0.035714285714286,0.00752688172043,66.4285714285714,14,3364,3045,319,0.524886877828054,156.317073170732,0.63972538617569,0.004524886877828,4.52488687782805,0.004524886877828,0.049773755656109,0.090909090909091,0.004524886877828,156.317073170732,7.78048780487805,3364,3045,319,0.524886877828054,156.317073170732,0.63972538617569,0.004524886877828,4.52488687782805,0.004524886877828,0.049773755656109,0.090909090909091,0.004524886877828,156.317073170732,7.78048780487805,3364,3045,319,0.524886877828054,156.317073170732,0.63972538617569,0.004524886877828,4.52488687782805,0.004524886877828,0.049773755656109,0.090909090909091,0.004524886877828,156.317073170732,7.78048780487805,0,0,0,0.125806451612903,0.11965811965812,-0.2,-3.5,1.66666666666667,0.783333333333333,5.15363949069005,7.90253124005214,12.686826063108,-22,33,0.516666666666667,-0.131369868111707,1.41212121212121,-0.791625376066788,-0,0,-7,2,8,-1,22,-8,16,4,3279,2427.8,1954.56666666667,1571.88333333333,2555.45667151685,2016.46833845712,1353.81081108928,715,7191,0.983333333333333,2.60334258262981,448.375757575758,3058.83441161921,1.7912051659899,5479,7191,1426,1100,2054,2350,2207,1578,2126,-151.8,-220.2,-76.6333333333333,-41.2166666666667,196.182975815946,189.934093832571,195.236691109933,-496,329,0.866666666666667,1.0225195489557,25.2727272727273,-156.492528077654,-0.785980017774175,123,-471,-210,-44,-370,20,-133,148,-186,22,20,37,22,18,1,37,24,45,22,18,1,22,16,41,17,52,1,33,-60,94,17,1,0,,,,,,,0,0,1,0,0,,0,0,0,0
2022-05-10,down,traded,12470,12540,12487.5,300,300,300,1500,3300,575,0,2,5,2,0,0,0,42,30,4,8,297,6681,11.3333333333328,1,42,0.04445442299057,12470,12471.875,-6,-15,-33,-52,,-1,,,,-56,-14,-35.2528498478365,-62,-3,218,-69,267,-62,-3,123,-36,249,6,15,52,,-6,3,-3,801,4000,13507,20188,4413.4,0.883333333333333,0.285900838590537,0.244341406869624,45,-196,-1411,-1114,-1159,120,-94.7272727272727,4.5,-1.07720157570899,1,1,0,4.24489795918367,4.24489795918367,1,1,208,0,0,45,801,423,378,12475,2.5,0.056179775280899,7,4,13.7328339404084,52.875,47.25,801,72.8181818181818,,0.013732833957553,72.8181818181818,4.09090909090909,66,6,20188,-1114,0.333333333333333,-0.055181295819299,11,23.4,25.4165300542777,4.58693797647189,7.93697395457208,0,1,0,-10.4,-35.2528498478365,1,0,0,0,123,-36,249,0.008739076154806,0.155555555555556,72.8181818181818,4.09090909090909,0.056179775280899,0.310861423220974,0.617977528089888,-746.9,-110.5,-0.285900838590537,0,-0,423,378,45,0.528089887640449,72.8181818181818,1.37328339575531,0.008739076154806,8.73907615480649,0.008739076154806,0.056179775280899,0.155555555555556,0.008739076154806,72.8181818181818,4.09090909090909,3217,3774,-557,0.460163066800172,131.905660377358,0.758117579745387,0.004577313689029,4.57731368902875,0.004577313689029,0.079673866399657,0.057450628366248,0.004577313689029,131.905660377358,10.5094339622642,6048,7459,-1411,0.447767824091212,204.651515151515,0.488635522321759,0.003849855630414,3.84985563041386,0.003849855630414,0.104464351817576,0.036853295535082,0.003849855630414,204.651515151515,21.3787878787879,9537,10651,-1114,0.472409352090351,305.878787878788,0.326926887259758,0.001089756290866,1.08975629086586,0.001089756290866,0.055181295819299,0.019748653500898,0.001089756290866,305.878787878788,16.8787878787879,0,1,249,0.310861423220974,0.044176706827309,-9.2,-1.5,-2.23333333333333,-1.96666666666667,6.11228271597445,13.3435377617782,10.7414565534144,-23,32,0.233333333333333,-0.629958016682174,-3.71515151515152,-6.03820962262974,1.49050804170001,-9,-18,-13,-6,-1,-7,3,1,-8,3877.4,4413.4,2651.36666666667,2035.66666666667,1413.27316538594,2235.18358082731,1915.46599175124,861,10374,0.883333333333333,0.285900838590537,-81.369696969697,3895.04773963044,0.821299304614819,3199,2991,3020,3496,10374,3149,1734,1163,1393,-231.8,-9.4,73.7666666666667,41.9333333333333,279.522020599451,331.982589904953,292.207766647105,-522,600,0.133333333333333,-1.07720157570899,-94.7272727272727,-107.337198761583,2.24526075564267,-241,-361,-522,-332,164,-97,398,-83,-71,-12,-19,-8,-11,-14,-1,-18,-24,-10,-12,-2,-1,-18,-38,25,-1,3,0,64,25,191,-12,3,1,148,57,212,17,4,1,1,0,1,0,0,,0,0,0,0
2022-05-11,up,traded,12283.75,12258.75,12212.5,60,60,60,1740,3540,571,0,3,5,2,0,0,0,37,11,10,16,-81,3799,-1.66666666666715,1,37,-0.021321400368518,12285,12255.625,42,,,,,1,,,,21,58,40.3333333333328,21,58,-47,-210,92,21,58,-200,-200,82,42,,,,42,,-2.2,1797,5596,5596,5596,2105.4,0.983333333333333,2.21187077825125,1.12976235382874,619,538,538,538,-81,-101,-11.030303030303,-11.9,-0.84017292215717,0,0,0,0,0,0,0,0,0,0,619,1797,1208,589,12272.5,13.5,0.344462993878687,40,13,29.4936004287737,29.4634146341463,14.3658536585366,1797,33.9056603773585,,0.029493600445186,33.9056603773585,11.6792452830189,61,2,5596,538,0.508196721311475,0.09614010007148,53,53,42,,6.3442012017975,1,0,1,,40.3333333333328,1,0,0,0,-200,-200,82,0.022259321090707,0.064620355411955,33.9056603773585,11.6792452830189,0.344462993878687,0.055091819699499,18.2565386755704,1086.9,-29.7,-2.21187077825125,0,-0,1208,589,619,0.672231496939343,33.9056603773585,2.94936004451864,0.022259321090707,22.2593210907067,0.022259321090707,0.344462993878687,0.064620355411955,0.022259321090707,33.9056603773585,11.6792452830189,3067,2529,538,0.54807005003574,91.7377049180328,1.09006433166548,0.00553967119371,5.53967119370979,0.00553967119371,0.09614010007148,0.057620817843866,0.00553967119371,91.7377049180328,8.81967213114754,3067,2529,538,0.54807005003574,91.7377049180328,1.09006433166548,0.00553967119371,5.53967119370979,0.00553967119371,0.09614010007148,0.057620817843866,0.00553967119371,91.7377049180328,8.81967213114754,3067,2529,538,0.54807005003574,91.7377049180328,1.09006433166548,0.00553967119371,5.53967119370979,0.00553967119371,0.09614010007148,0.057620817843866,0.00553967119371,91.7377049180328,8.81967213114754,0,3,288,0.055091819699499,0.535353535353535,1.4,0.4,-0.666666666666667,-1.56666666666667,7.17216843081644,9.404254356407,9.45280675543278,-25,18,0.5,0.070525790266845,-0.266666666666667,-0.365720225128539,-0,0,-11,11,3,-20,-11,-12,-23,2,2744.2,2105.4,1420.43333333333,1203.83333333333,2079.70126700928,1608.54631266868,1075.3642075543,738,6358,0.983333333333333,2.21187077825125,340.472727272727,2513.61312546266,1.51137021107843,3799,6358,1538,965,1689,1682,1429,1505,1543,18.2,35.6,13.6333333333333,4.63333333333333,73.9172510311362,99.7288323405022,112.635543038401,-289,237,0.216666666666667,-0.84017292215717,-11.030303030303,12.687471653947,-6.384250716714,-81,20,98,-47,-93,6,-159,-157,7,28,21,45,17,20,1,28,20,81,17,20,1,66,16,119,1,6,1,-191,-214,40,25,-1,0,8,-124,88,1,-26,0,1,0,1,0,0,,0,0,0,0
2022-05-12,up,traded,11860,11852.5,11785,60,60,60,1740,3540,571,0,4,5,2,0,0,0,54,46,2,6,372,8204,16.6666666666672,1,54,0.04534373476353,11860,11858.75,8,,,,,1,,,,6,60,24.6666666666672,6,60,-92,-495,-63,6,60,-403,-483,-73,8,,,,8,,1.9,1679,9883,9883,9883,3299.3,1,3.59079605080371,0.707364341085271,25,397,397,397,372,-154,23.9090909090909,1.69999999999999,1.1591118942445,1,1,0,7.33333333333333,7.33333333333333,1,1,330,0,0,25,1679,852,827,11853.75,-4,0.01488981536629,8,10,10.7206670573433,94.6666666666667,91.8888888888889,1679,93.2777777777778,,0.010720667063728,93.2777777777778,1.38888888888889,68,2,9883,397,0.794117647058823,0.040169988869776,18,18,8,,8.36633465476702,1,0,0,,24.6666666666672,0,1,0,1,-403,-483,-73,0.004764740917213,0.32,93.2777777777778,1.38888888888889,0.01488981536629,0.232876712328767,0.26801667659321,1888.9,94.1,-3.59079605080371,-1,1,852,827,25,0.507444907683145,93.2777777777778,1.07206670637284,0.004764740917213,4.76474091721263,0.004764740917213,0.01488981536629,0.32,0.004764740917213,93.2777777777778,1.38888888888889,5140,4743,397,0.520084994434888,145.338235294118,0.688050187190124,0.005463927957098,5.46392795709805,0.005463927957098,0.040169988869776,0.136020151133501,0.005463927957098,145.338235294118,5.83823529411765,5140,4743,397,0.520084994434888,145.338235294118,0.688050187190124,0.005463927957098,5.46392795709805,0.005463927957098,0.040169988869776,0.136020151133501,0.005463927957098,145.338235294118,5.83823529411765,5140,4743,397,0.520084994434888,145.338235294118,0.688050187190124,0.005463927957098,5.46392795709805,0.005463927957098,0.040169988869776,0.136020151133501,0.005463927957098,145.338235294118,5.83823529411765,0,1,391,0.232876712328767,0.046035805626599,2.8,1.9,-1.26666666666667,-0.833333333333333,6.61513416341649,8.27586853448023,9.49011181294626,-23,17,0.583333333333333,0.133472259508966,0.393939393939394,1.80110332253202,0,0,15,-1,4,-4,-4,5,4,-7,4428.2,3299.3,2015.76666666667,1666.91666666667,2964.02330625115,2458.76241430521,1723.35973577454,970,8204,1,3.59079605080371,615.824242424242,4041.729557699,2.02982408468483,8204,7892,2345,1989,2416,2718,1078,1288,1206,276.2,271.9,76.4333333333333,44.7166666666667,157.189567083824,259.725027673499,254.994076183916,-404,888,0.933333333333333,1.1591118942445,23.9090909090909,257.837778471533,1.44276762778993,372,526,231,175,258,-404,-2,16,-74,48,30,60,20,26,1,48,37,63,20,26,1,56,37,60,36,27,1,56,-62,64,-3,-29,0,-332,-464,-187,-79,-70,-1,0,0,1,0,0,,0,0,0,0
2022-05-16,up,traded,12328.75,12318.75,12281.25,60,60,60,1740,3540,571,0,1,5,2,0,0,0,30,3,5,22,-507,4421,4.66666666666715,1,30,-0.114679936665913,12328.75,12315.625,16,,,,,1,,,,8,38,20.6666666666672,8,38,,,,8,38,,,,16,,,,16,,-1.9,962,5383,5383,5383,3350.2,0.983333333333333,1.41730092964615,0.406730931845087,178,-329,-329,-329,-507,-187,-40.1212121212121,-195.6,-2.302708200087,0,0,0,0,0,0,0,0,0,0,178,962,570,392,12328.75,10.5,0.185031185031185,16,7,23.908523883671,33.5294117647059,23.0588235294118,962,41.8260869565217,,0.023908523908524,41.8260869565217,7.73913043478261,39,2,5383,-329,0.333333333333333,-0.06111833550065,23,23,16,,7.31884933275413,1,0,0,,20.6666666666672,,,,,,,,0.016632016632017,0.089887640449438,41.8260869565217,7.73913043478261,0.185031185031185,0.083160083160083,4.25571725571726,1217.1,-139.3,-1.41730092964615,,,570,392,178,0.592515592515592,41.8260869565217,2.39085239085239,0.016632016632017,16.6320166320166,0.016632016632017,0.185031185031185,0.089887640449438,0.016632016632017,41.8260869565217,7.73913043478261,2527,2856,-329,0.469440832249675,138.025641025641,0.724503065205276,0.002415010217351,2.41501021735092,0.002415010217351,0.06111833550065,0.03951367781155,0.002415010217351,138.025641025641,8.43589743589744,2527,2856,-329,0.469440832249675,138.025641025641,0.724503065205276,0.002415010217351,2.41501021735092,0.002415010217351,0.06111833550065,0.03951367781155,0.002415010217351,138.025641025641,8.43589743589744,2527,2856,-329,0.469440832249675,138.025641025641,0.724503065205276,0.002415010217351,2.41501021735092,0.002415010217351,0.06111833550065,0.03951367781155,0.002415010217351,138.025641025641,8.43589743589744,0,0,0,0.083160083160083,0.2875,5.8,3.8,-1.13333333333333,0.45,4.01995024844836,10.7498837203014,10.2850484793326,-26,30,0.5,0.110192318063519,0.581818181818182,2.98496451548392,0,0,9,2,8,-10,-26,3,4,1,4342.6,3350.2,2098.53333333333,1560.38333333333,2842.22494535531,2282.57796361921,1638.65458498394,787,9786,0.983333333333333,1.41730092964615,486.448484848485,3825.76433132163,1.1555860782655,4421,9786,3109,2337,2663,2924,1083,1770,1324,-126.2,-27,-43.5333333333333,-10.3166666666667,246.32774914735,249.965597632954,201.270255019353,-507,448,0.016666666666667,-2.302708200087,-40.1212121212121,-107.455255572169,4.71824293097968,-507,-320,149,35,-69,-328,-109,170,116,11,1,18,1,-2,1,11,-12,19,1,-2,0,11,-37,19,1,-2,0,11,-38,53,-4,-23,0,,,,,,,1,1,0,0,0,,0,0,0,0
2022-05-19,up,traded,11920,11902.5,11865,180,180,180,1620,3420,573,0,4,5,2,0,0,0,30,28,2,0,198,5718,8.66666666666715,1,30,0.034627492130115,11920,11911.25,16,14,16,,,1,,,,14,44,20.0870069331053,-3,44,-17,-384,26,-3,44,-17,-380,18,16,14,,,16,18,-2.4,1344,4875,15431,15431,4751.1,0.883333333333333,0.377233476083304,0.415237742144777,140,61,-3,-3,-143,183,32.6606060606061,-280.8,-0.512688187927641,0,0,0,0,0,0,0,0,0,0,140,1344,742,602,11912.5,1,0.104166666666667,15,3,13.3928571328922,46.375,37.625,1344,74.6666666666667,,0.013392857142857,74.6666666666667,7.77777777777778,47,4,15431,-3,0.936170212765957,-0.000194413842266,18,25.3333333333333,16.2480768092719,7.71722460186015,6.37041774314858,1,0,0,,20.0870069331053,1,0,0,0,-17,-380,18,0.011160714285714,0.107142857142857,74.6666666666667,7.77777777777778,0.104166666666667,0.151785714285714,1.875,-699.5,-135.3,-0.377233476083304,0,-0,742,602,140,0.552083333333333,74.6666666666667,1.33928571428571,0.011160714285714,11.1607142857143,0.011160714285714,0.104166666666667,0.107142857142857,0.011160714285714,74.6666666666667,7.77777777777778,4756,4957,-201,0.489653042314424,231.261904761905,0.432410171934521,0.001647276845465,1.64727684546484,0.001647276845465,0.020693915371152,0.079601990049751,0.001647276845465,231.261904761905,4.78571428571429,7714,7717,-3,0.499902793078867,328.31914893617,0.304581686216059,0.002851403019895,2.85140301989502,0.002851403019895,0.000194413842266,14.6666666666667,0.002851403019895,328.31914893617,0.063829787234043,7714,7717,-3,0.499902793078867,328.31914893617,0.304581686216059,0.002851403019895,2.85140301989502,0.002851403019895,0.000194413842266,14.6666666666667,0.002851403019895,328.31914893617,0.063829787234043,0,1,204,0.151785714285714,0.088235294117647,2.4,0.9,0.7,-0.033333333333333,4.07921561087423,10.9767937030811,9.34933152690608,-15,25,0.416666666666667,-0.288790700407807,0.721212121212121,1.09034157172691,-1.83428757727026,-2,2,0,2,7,0,-14,-7,0,5906.8,4751.1,2715.76666666667,1945.85,3161.7401158223,2632.27029197231,2161.08427544035,985,11999,0.883333333333333,0.377233476083304,298.672727272727,4631.47904598404,0.762391444491524,3531,4838,5718,11999,3961,1527,1724,1129,990,126.8,23.1,37.7666666666667,35.25,297.884138550545,315.681627593371,227.753768111285,-528,621,0.266666666666667,-0.512688187927641,32.6606060606061,43.8775411105528,-1.80046552291874,-79,-262,198,621,277,41,-132,-77,66,45,44,54,45,,1,51,40,62,45,38,1,51,32,90,45,38,1,104,10,117,19,2,1,-19,-265,24,1,12,0,0,0,1,0,0,,0,0,0,0
2022-05-20,down,traded,11986.25,12047.5,12011.25,300,300,300,1500,3300,575,0,5,5,2,0,0,1,29,1,17,11,300,6904,-2.33333333333285,1,29,0.043453070683662,11986.25,11993.125,-11,-24,-10,-31,,-1,,,,-49,-20,-25.3322051860581,-54,-5,88,-73,152,-54,-5,69,-44,139,11,24,31,,-11,2,-0.2,920,3427,13517,20421,3169.1,0.9,0.245981889843339,0.370579231450898,-360,-119,-145,155,515,11,16.2606060606061,-33.8,1.64532525061459,1,0,1,4.625,4.625,1,1,74,0,0,-360,920,280,640,11990,-2.5,-0.391304347826087,11,8,20.6521738905955,23.3333333333333,53.3333333333333,920,48.4210526315789,,0.020652173913044,48.4210526315789,-18.9473684210526,58,6,20421,155,0.551724137931034,0.007590225748005,19,25,26.5894716006167,10.1469207151727,7.81771492615756,0,1,0,-6.2,-25.3322051860581,1,0,0,0,69,-44,139,0.01195652173913,0.030555555555556,48.4210526315789,-18.9473684210526,-0.391304347826087,0.156521739130435,7.43478260869565,-1023.3,23.3,-0.245981889843339,0,-0,280,640,-360,0.304347826086957,48.4210526315789,2.06521739130435,0.01195652173913,11.9565217391304,0.01195652173913,0.391304347826087,0.030555555555556,0.01195652173913,48.4210526315789,18.9473684210526,3122,3011,111,0.50904940485896,180.382352941176,0.554377955323659,0.001630523398011,1.63052339801076,0.001630523398011,0.01809880971792,0.09009009009009,0.001630523398011,180.382352941176,3.26470588235294,6686,6831,-145,0.494636383812976,233.051724137931,0.4290892949619,0.002293408300658,2.29340830065843,0.002293408300658,0.010727232374048,0.213793103448276,0.002293408300658,233.051724137931,2.5,10288,10133,155,0.503795112874002,352.086206896552,0.284021350570491,0.001567014347975,1.56701434797512,0.001567014347975,0.007590225748005,0.206451612903226,0.001567014347975,352.086206896552,2.67241379310345,0,2,283,0.156521739130435,0.131944444444444,-4,-2.2,-0.966666666666667,-2.45,10.0598210719674,8.3282651254628,10.9162977036885,-26,19,0.166666666666667,-1.10232733294433,-0.751515151515152,-3.04735248686251,4.26599812658513,-13,14,-11,-10,-9,5,6,-9,-5,3900.2,3169.1,2203.63333333333,1736.1,1605.43120687247,1669.86259614377,1233.28862486533,1003,6904,0.9,0.245981889843339,165.618181818182,3106.68954557655,0.806968306044479,2507,2706,3239,4145,5121,2405,1524,1151,1619,103,81.5,-48.3666666666667,-52.5,190.158880939072,174.757117165511,175.872014702611,-365,300,0.983333333333333,1.64532525061459,16.2606060606061,79.1404758072808,3.04521798159101,241,230,-135,-121,209,79,-112,-193,37,-33,-42,-30,-32,-41,-1,-33,-39,-29,-32,-41,-1,-33,-43,-26,-32,-47,-1,-55,-68,-2,-3,11,-1,29,6,89,8,-3,1,2,0,1,0,0,,0,0,0,1
2022-05-23,down,traded,11837.5,11900,11855,420,420,420,1380,3180,577,0,1,5,2,0,0,0,36,0,12,24,351,6211,4,1,36,0.056512638866527,11836.25,11846.25,-17,-28,-41,-32,,-1,,,,-51,-15,-29.5649170403296,-54,-5,,,,-54,-5,,,,17,28,32,,-17,-6,-4.6,810,3639,13536,27349,3833.1,0.766666666666667,-0.163842466841799,0.254640909162357,-294,-597,-890,-623,-329,-48,-21.3151515151515,-84.8,-1.272247371874,1,0,1,3,3,1,1,87,0,0,-294,810,258,552,11838.75,-6,-0.362962962962963,17,3,24.6913579942082,14.3333333333333,30.6666666666667,810,40.5,,0.024691358024691,40.5,-14.7,56,8,27349,-623,0.696428571428571,-0.022779626311748,20,27.4,39.3064880140671,13.7721991485657,6.37669367479905,0,1,0,-6.4,-29.5649170403296,,,,,,,,0.020987654320988,0.057823129251701,40.5,-14.7,-0.362962962962963,0.134567901234568,7.25925925925926,-58.7,-98.7,0.163842466841799,,,258,552,-294,0.318518518518519,40.5,2.46913580246914,0.020987654320988,20.9876543209877,0.020987654320988,0.362962962962963,0.057823129251701,0.020987654320988,40.5,14.7,3162,4014,-852,0.440635451505017,149.5,0.668896321070234,0.005713489409142,5.71348940914158,0.005713489409142,0.118729096989967,0.0481220657277,0.005713489409142,149.5,17.75,6323,7213,-890,0.467124704491726,282,0.354609929078014,0.002437943262411,2.43794326241135,0.002437943262411,0.065750591016549,0.037078651685393,0.002437943262411,282,18.5416666666667,13363,13986,-623,0.488610186844126,488.375,0.204760685948298,0.001426011919997,1.42601191999707,0.001426011919997,0.022779626311748,0.062600321027287,0.001426011919997,488.375,11.125,0,1,109,0.134567901234568,0.18348623853211,-0.8,-1.4,1.66666666666667,3.2,13.6293800299207,11.3683771928978,14.6249406456535,-27,32,0.216666666666667,-0.866100381093248,-1.00606060606061,-2.09287368718408,5.25593114737864,-11,-13,20,-11,-18,-1,-21,18,6,3226,3833.1,3018.23333333333,2282.7,273.904362871423,1505.77942939861,1154.97121705358,1835,7029,0.766666666666667,-0.163842466841799,-96.430303030303,3459.93817631598,0.817644667573864,2829,3537,3386,2974,4198,2334,1911,3007,990,-101.6,-76.3,23.1,35.5333333333333,152.058672886488,259.832272822296,256.318077135942,-609,465,0.083333333333333,-1.272247371874,-21.3151515151515,-88.7733094469164,3.41318806167956,-303,-255,12,-50,-172,10,65,-67,88,-66,-73,-49,-41,-47,-1,-61,-67,-47,-41,-47,-1,-50,-63,-45,-49,-43,-1,-50,-112,-40,-50,-36,-1,,,,,,,0,0,1,0,0,,0,0,0,1
2022-05-25,up,traded,11787.5,11751.25,11708.75,300,300,300,1500,3300,575,0,3,5,2,0,0,0,34,22,5,7,554,4972,8,1,34,0.111423974255833,11786.25,11786.25,4,-6,16,33,,1,,,,28,62,21.9896468848223,-8,62,3,-49,168,-8,62,36,-24,159,4,6,33,,4,14,-0.6,920,3235,12175,17147,3231.6,0.783333333333333,-0.065351335225302,0.38056629919957,-98,-375,-23,531,629,-505,24.2060606060606,-72.5,-1.19688968374208,1,0,1,4.66666666666667,4.66666666666667,1,1,238,0,0,-98,920,411,509,11783.75,-2,-0.106521739130435,4,6,10.8695652055766,82.2,101.8,920,92,,0.010869565217391,92,-9.8,70,6,17147,531,0.785714285714286,0.030967516183589,10,19.4,27.2946881279124,10.2683981223947,5.95025676383428,1,0,0,6.6,21.9896468848223,1,0,0,0,36,-24,159,0.004347826086957,0.040816326530612,92,-9.8,-0.106521739130435,0.321739130434783,1.06521739130435,-489.3,-135.9,-0.065351335225302,0,-0,411,509,-98,0.446739130434783,92,1.08695652173913,0.004347826086957,4.34782608695652,0.004347826086957,0.106521739130435,0.040816326530612,0.004347826086957,92,9.8,3237,3384,-147,0.48889895786135,206.90625,0.483310678145295,0.002265518803806,2.26551880380607,0.002265518803806,0.0222020842773,0.102040816326531,0.002265518803806,206.90625,4.59375,6076,6099,-23,0.499055441478439,253.645833333333,0.394250513347023,0.002710472279261,2.71047227926078,0.002710472279261,0.001889117043121,1.43478260869565,0.002710472279261,253.645833333333,0.479166666666667,8839,8308,531,0.515483758091794,244.957142857143,0.408234676619817,0.003207558173441,3.20755817344142,0.003207558173441,0.030967516183589,0.103578154425612,0.003207558173441,244.957142857143,7.58571428571429,0,1,296,0.321739130434783,0.033783783783784,5.8,5.3,2.03333333333333,1.51666666666667,10.590561835899,9.2200867674876,12.7553474624915,-16,28,0.2,-0.943395181410671,0.236363636363636,3.93537676105303,-2.5410527650024,-10,22,9,8,14,-15,-16,-1,-7,3245.4,3231.6,2397.93333333333,1777.58333333333,935.526076600754,1639.47169539459,1269.03808541045,957,7398,0.783333333333333,-0.065351335225302,75.0545454545455,3045.57726135244,0.760118624924321,2315,3386,2589,2965,7398,2335,1746,732,1196,125.8,-33.8,-10.2,-5.61666666666667,283.452570988517,285.020630832226,222.91110335737,-526,554,0.066666666666667,-1.19688968374208,24.2060606060606,-12.6290418685104,21.9335720701568,-277,228,199,-75,-210,-57,-282,26,-158,56,50,58,53,49,1,51,49,58,52,,1,55,47,61,52,67,1,55,-40,82,-2,3,0,109,31,143,17,1,1,0,0,1,0,0,,0,0,0,0
2022-06-02,down,traded,12468.75,12523.75,12473.75,60,60,60,1740,3540,571,0,4,6,2,0,0,0,40,16,17,7,-138,5454,-8.66666666666715,1,40,-0.025302530253025,12468.75,12480,-11,,,,,-1,,,,-44,-4,-19.6666666666672,-44,-4,-65,-284,11,-44,-4,-121,-276,6,11,,,,-11,,-0.9,1094,6548,6548,6548,2260.6,1,3.67814995164852,0.615713642503377,-294,-432,-432,-432,-138,-336,9.2,3.40000000000001,-0.891399787838998,0,0,0,0,0,0,0,0,0,0,-294,1094,400,694,12480,0,-0.268738574040219,11,7,16.4533820690554,33.3333333333333,57.8333333333333,1094,60.7777777777778,,0.016453382084095,60.7777777777778,-16.3333333333333,44,2,6548,-432,0.613636363636364,-0.065974343310935,18,18,11,,6.86893166527534,0,1,0,,-19.6666666666672,1,0,0,0,-121,-276,6,0.010054844606947,0.037414965986395,60.7777777777778,-16.3333333333333,-0.268738574040219,0.147166361974406,4.83729433272395,1091.6,-36.6,-3.67814995164852,0,-0,400,694,-294,0.36563071297989,60.7777777777778,1.64533820840951,0.010054844606947,10.054844606947,0.010054844606947,0.268738574040219,0.037414965986395,0.010054844606947,60.7777777777778,16.3333333333333,3058,3490,-432,0.467012828344533,148.818181818182,0.671960904092853,0.004123396456933,4.12339645693342,0.004123396456933,0.065974343310935,0.0625,0.004123396456933,148.818181818182,9.81818181818182,3058,3490,-432,0.467012828344533,148.818181818182,0.671960904092853,0.004123396456933,4.12339645693342,0.004123396456933,0.065974343310935,0.0625,0.004123396456933,148.818181818182,9.81818181818182,3058,3490,-432,0.467012828344533,148.818181818182,0.671960904092853,0.004123396456933,4.12339645693342,0.004123396456933,0.065974343310935,0.0625,0.004123396456933,148.818181818182,9.81818181818182,0,2,310,0.147166361974406,0.111801242236025,-2.8,-5.6,-1.26666666666667,-0.766666666666667,6.55438784326958,6.54522726878143,6.91825283017484,-17,11,0.483333333333333,0.183090542910189,0.63030303030303,-4.06956145149836,-0,0,-15,3,2,-7,-8,3,-20,-3,2816,2260.6,1617.86666666667,1362.75,1868.27920825555,1484.60198033008,1042.95185997352,785,5454,1,3.67814995164852,341.612121212121,2688.21723264334,2.02885389386372,5454,4678,904,1418,2380,2878,1432,3358,867,68.8,7.8,5.13333333333333,10.4166666666667,132.771081188638,177.121878942157,160.57142405242,-382,240,0.15,-0.891399787838998,9.2,14.9413271726483,-9.23612731355108,-138,198,26,228,70,-160,42,-24,-71,-29,-44,-20,-28,-17,-1,-35,-59,-24,-28,-17,-1,-35,-84,-20,-28,-17,-1,-112,-140,-62,-34,-17,-1,-136,-151,-26,-17,-2,-1,0,0,1,0,0,,0,0,0,0
2022-06-06,down,traded,12727.5,12778.75,12741.25,360,360,360,1440,3240,576,0,1,6,2,0,0,0,30,29,0,1,560,6032,10,1,30,0.092838196286472,12727.5,12735,-7,-12,-23,-31,,-1,,,,-41,-11,-25.1841686750951,-47,-4,,,,-47,-4,,,,7,12,31,,-7,-2,0.6,823,3302,11755,21154,3206,0.866666666666667,0.328879056661118,0.328019131127939,19,138,-317,-14,-33,426,-6.47272727272727,-65.5,0.620592780117763,1,0,1,3.26086956521739,3.26086956521739,1,1,75,0,0,19,823,421,402,12733.75,-1,0.023086269744836,7,5,14.5808019263903,52.625,50.25,823,68.5833333333333,,0.014580801944107,68.5833333333333,1.58333333333333,47,7,21154,-14,0.25531914893617,-0.00066181336863,12,17.8,18.5741756210067,3.28718048721934,5.69990253327975,0,1,0,-6.2,-25.1841686750951,,,,,,,,0.008505467800729,0.368421052631579,68.5833333333333,1.58333333333333,0.023086269744836,0.170109356014581,0.277035236938032,-222.8,55.8,-0.328879056661118,,,421,402,19,0.511543134872418,68.5833333333333,1.45808019441069,0.008505467800729,8.50546780072904,0.008505467800729,0.023086269744836,0.368421052631579,0.008505467800729,68.5833333333333,1.58333333333333,2905,3074,-169,0.485867201873223,206.172413793103,0.485030941629035,0.003846797123265,3.84679712326476,0.003846797123265,0.028265596253554,0.136094674556213,0.003846797123265,206.172413793103,5.82758620689655,5719,6036,-317,0.486516376010208,326.527777777778,0.306252658443216,0.002552105487027,2.5521054870268,0.002552105487027,0.026967247979583,0.094637223974763,0.002552105487027,326.527777777778,8.80555555555556,10570,10584,-14,0.499669093315685,450.085106382979,0.222180202325801,0.000567268601683,0.567268601682897,0.000567268601683,0.00066181336863,0.857142857142857,0.000567268601683,450.085106382979,0.297872340425532,0,0,0,0.170109356014581,0.085714285714286,-6.8,-3.7,-0.933333333333333,-0.75,3.6,4.58366665454634,6.45979015827054,-11,15,0.25,-0.629535413230114,-0.733333333333333,-4.05028450596528,1.23448118092346,-5,-11,-1,-7,0,0,-4,3,-6,2859.8,3206,2052.16666666667,1537.43333333333,332.694694878052,1517.66234716422,1297.84285343882,593,6089,0.866666666666667,0.328879056661118,29.2363636363636,2954.40389990642,0.839086355145456,2479,2677,2647,3129,6032,2188,1087,1026,542,-118.6,-26.4,-4.7,-22.1666666666667,153.703090404845,244.030407941306,199.32555447475,-376,560,0.833333333333333,0.620592780117763,-6.47272727272727,-28.8397610278167,-4.12624778288632,119,-307,-35,-113,560,-16,-15,-66,-32,-5,-10,-3,-5,,-1,-5,-13,-4,-6,,-1,-13,-20,-7,-6,-24,-1,-9,-31,73,1,10,0,,,,,,,5,0,1,0,0,,0,0,0,0
2022-06-10,down,traded,12022.5,12080,12040,180,180,180,1620,3420,573,0,5,6,2,0,0,0,32,3,27,2,200,4500,-7.33333333333285,1,32,0.044444444444444,12022.5,12031.25,-14,-46,-19,,,-1,,,,-46,-14,-29.1468240584596,-54,-10,-199,-521,-198,-54,-10,-434,-509,-199,14,46,,,-14,18,-2,806,3995,12666,12666,3638.3,0.883333333333333,0.480343903932388,0.26517519328837,-206,-453,0,0,206,-500,9.20606060606061,135,-0.801066356813655,0,0,0,0,0,0,0,0,0,0,-206,806,300,506,12032.5,1,-0.255583126550869,13,1,17.3697270255959,21.4285714285714,36.1428571428571,806,57.5714285714286,,0.017369727047146,57.5714285714286,-14.7142857142857,54,4,12666,0,0.296296296296296,0,14,31.3333333333333,44.1474801092882,24.6891789161883,8.80410257903792,0,1,0,,-29.1468240584596,0,1,0,1,-434,-509,-199,0.016129032258065,0.063106796116505,57.5714285714286,-14.7142857142857,-0.255583126550869,0.138957816377171,3.57816377171216,-438.8,49.6,-0.480343903932388,1,-1,300,506,-206,0.372208436724566,57.5714285714286,1.73697270471464,0.016129032258065,16.1290322580645,0.016129032258065,0.255583126550869,0.063106796116505,0.016129032258065,57.5714285714286,14.7142857142857,3983,4183,-200,0.487754102375704,151.222222222222,0.661278471711977,0.002326720548616,2.32672054861621,0.002326720548616,0.024491795248592,0.095,0.002326720548616,151.222222222222,3.7037037037037,6333,6333,0,0.5,234.555555555556,0.426338228327807,0.001263224380231,1.26322438023054,0.001263224380231,0,,0.001263224380231,234.555555555556,0,6333,6333,0,0.5,234.555555555556,0.426338228327807,0.001263224380231,1.26322438023054,0.001263224380231,0,,0.001263224380231,234.555555555556,0,0,0,0,0.138957816377171,0.125,-3.4,-4.6,-2.66666666666667,-2.18333333333333,18.810635289644,15.1274584778805,10.5335443016848,-32,27,0.016666666666667,-2.78475435173721,0.181818181818182,-4.26504788428944,7.50284659590198,-32,27,0,-7,-4,9,9,0,2,4686,3638.3,2520.43333333333,2000.7,1824.82218311813,1689.80360101403,1391.85000828234,803,8203,0.883333333333333,0.480343903932388,275.206060606061,3770.32564774706,0.845815533707431,3189,4171,4500,8203,2761,2764,1716,1357,1232,-23.6,-68.3,-86.6333333333333,-67.5333333333333,261.045283427991,219.474394861906,200.191488885572,-413,382,0.166666666666667,-0.801066356813655,9.20606060606061,-47.9916956683865,5.14672375209918,-247,253,200,89,-409,382,46,149,134,7,-13,18,-1,3,0,-41,-53,-5,8,3,-1,-46,-86,-19,8,3,-1,-212,-253,-62,-21,3,-1,-440,-513,-386,-269,-203,-1,2,0,1,0,0,,0,0,0,0
2022-06-13,up,traded,11548.75,11533.75,11493.75,60,60,60,1740,3540,571,0,1,6,2,0,0,0,32,29,2,1,287,4153,9.33333333333285,1,32,0.069106669877197,11548.75,11542.5,14,,,,,1,,,,12,44,23.3333333333328,12,44,,,,12,44,,,,14,,,,14,,-0.4,1878,6031,6031,6031,2208.6,0.983333333333333,2.49601471944955,1.1172253785062,-40,247,247,247,287,388,16.2424242424242,56,2.62589952797157,1,1,0,3.13793103448276,3.13793103448276,1,1,91,0,0,-40,1878,919,959,11550,6,-0.021299254526092,15,5,10.6496272573751,57.4375,59.9375,1878,93.9,,0.010649627263046,93.9,-2,49,2,6031,247,0.877551020408163,0.040955065494943,20,20,14,,6.17485942260137,1,0,0,,23.3333333333328,,,,,,,,0.007987220447284,0.375,93.9,-2,-0.021299254526092,0.109158679446219,0.425985090521832,1047.9,38.5,-2.49601471944955,,,919,959,-40,0.489350372736954,93.9,1.06496272630458,0.007987220447284,7.98722044728435,0.007987220447284,0.021299254526092,0.375,0.007987220447284,93.9,2,3139,2892,247,0.520477532747471,123.081632653061,0.81246891062842,0.007129829215719,7.12982921571879,0.007129829215719,0.040955065494943,0.174089068825911,0.007129829215719,123.081632653061,5.04081632653061,3139,2892,247,0.520477532747471,123.081632653061,0.81246891062842,0.007129829215719,7.12982921571879,0.007129829215719,0.040955065494943,0.174089068825911,0.007129829215719,123.081632653061,5.04081632653061,3139,2892,247,0.520477532747471,123.081632653061,0.81246891062842,0.007129829215719,7.12982921571879,0.007129829215719,0.040955065494943,0.174089068825911,0.007129829215719,123.081632653061,5.04081632653061,0,0,0,0.109158679446219,0.097560975609756,-4.2,-2.1,-2.43333333333333,-1.45,6.4,5.14684369298311,6.97941417471568,-16,12,0.533333333333333,0.348644352150438,-0.806060606060606,-3.23371123919065,-0,0,-16,1,0,-3,3,5,-14,9,2961,2208.6,1479.2,1208.58333333333,1898.98931013316,1562.26023440399,1071.22765709878,541,6137,0.983333333333333,2.49601471944955,380.872727272727,2652.77163288604,1.56553242220922,4153,6137,1737,1592,1901,2178,1072,1478,850,39.4,-5.8,-36.8666666666667,-19.0833333333333,136.068512154723,147.383038372806,123.335513494244,-248,287,1,2.62589952797157,16.2424242424242,17.1000306353405,16.7835956625048,287,-101,-63,60,-43,-62,-2,-84,114,37,28,44,10,14,1,25,18,37,25,14,1,13,7,30,12,2,1,24,-50,67,2,-11,0,,,,,,,1,0,1,0,0,,0,0,0,0
2022-06-17,up,traded,11231.25,11225,11185,60,60,60,1740,3540,571,0,5,6,2,0,0,1,32,24,3,5,466,7184,8.66666666666715,1,32,0.064866369710468,11231.25,11224.375,8,,,,,1,,,,5,37,16.6666666666672,5,37,51,-95,130,5,37,51,-83,102,8,,,,8,,-1.3,1211,8395,8395,8395,4245.2,0.983333333333333,1.9726479687628,0.412311463688672,109,575,575,575,466,-382,47.5636363636364,241.4,1.93294160033421,0,0,0,0,0,0,0,0,0,0,109,1211,660,551,11217.5,-5.5,0.090008257638315,9,4,10.7349298012098,66,55.1,1211,93.1538461538462,,0.010734929810074,93.1538461538462,8.38461538461539,38,2,8395,575,0.842105263157895,0.068493150684932,13,13,8,,6.0736223860962,1,0,0,,16.6666666666672,1,0,0,0,51,-83,102,0.007431874483898,0.08256880733945,93.1538461538462,8.38461538461539,0.090008257638315,0.163501238645747,1.1701073492981,2008.9,209.9,1.9726479687628,0,-0,660,551,109,0.545004128819158,93.1538461538462,1.07349298100743,0.007431874483898,7.43187448389761,0.007431874483898,0.090008257638315,0.08256880733945,0.007431874483898,93.1538461538462,8.38461538461539,4485,3910,575,0.534246575342466,220.921052631579,0.4526503871352,0.00381179273377,3.8117927337701,0.00381179273377,0.068493150684932,0.055652173913044,0.00381179273377,220.921052631579,15.1315789473684,4485,3910,575,0.534246575342466,220.921052631579,0.4526503871352,0.00381179273377,3.8117927337701,0.00381179273377,0.068493150684932,0.055652173913044,0.00381179273377,220.921052631579,15.1315789473684,4485,3910,575,0.534246575342466,220.921052631579,0.4526503871352,0.00381179273377,3.8117927337701,0.00381179273377,0.068493150684932,0.055652173913044,0.00381179273377,220.921052631579,15.1315789473684,0,0,0,0.163501238645747,0.065656565656566,5.8,4,0.066666666666667,0.633333333333333,4.9152822909778,8.60232526704263,10.3856738935046,-23,21,0.5,-0.006419098784563,0.606060606060606,4.00979316623006,0,0,12,0,9,4,15,21,1,18,6021,4245.2,2398.36666666667,1949.41666666667,4197.23146848015,3484.59397347811,2425.9946067999,905,13732,0.983333333333333,1.9726479687628,813.2,5132.20673377203,1.39978772731939,7184,13732,3886,2595,2680,3054,1677,1356,2777,163.8,78.2,-20.5,-6.85,424.331191405958,391.390546641076,251.68892837522,-304,848,0.966666666666667,1.93294160033421,47.5636363636364,141.566565678087,3.2917376908023,466,848,-266,-139,-44,-54,223,-114,553,35,21,41,15,18,1,35,19,45,15,-2,1,35,-8,49,-5,0,0,-43,-52,13,3,-1,0,62,2,95,5,0,1,2,0,1,0,0,,0,0,0,0
2022-06-22,up,traded,11492.5,11485,11447.5,60,60,60,1740,3540,571,0,3,6,2,0,0,0,30,5,11,14,28,5744,-0.666666666667152,1,30,0.004874651810585,11492.5,11477.5,22,,,,,1,,,,6,36,21.3333333333328,6,36,-70,-149,13,6,36,-70,-141,5,22,,,,22,,3,1794,7538,7538,7538,2847.6,0.983333333333333,2.47906810297288,0.949784260264182,266,294,294,294,28,-263,10.6666666666667,93,0.122361111251346,2,2,0,7.16666666666667,6.78921568627451,1,2,347,2,0,266,1794,1030,764,11477.5,0,0.148272017837235,22,2,13.3779264139476,44.7826086956522,33.2173913043478,1794,74.75,,0.013377926421405,74.75,11.0833333333333,36,2,7538,294,0.472222222222222,0.0390023879013,24,24,22,,5.30659966456864,1,0,1,,21.3333333333328,1,0,0,0,-70,-141,5,0.012263099219621,0.082706766917293,74.75,11.0833333333333,0.148272017837235,0.151059085841695,3.55852842809365,1435.1,72.5,-2.47906810297288,0,-0,1030,764,266,0.574136008918618,74.75,1.33779264214047,0.012263099219621,12.263099219621,0.012263099219621,0.148272017837235,0.082706766917293,0.012263099219621,74.75,11.0833333333333,3916,3622,294,0.51950119395065,209.388888888889,0.477580260015919,0.002255240116742,2.25524011674184,0.002255240116742,0.0390023879013,0.057823129251701,0.002255240116742,209.388888888889,8.16666666666667,3916,3622,294,0.51950119395065,209.388888888889,0.477580260015919,0.002255240116742,2.25524011674184,0.002255240116742,0.0390023879013,0.057823129251701,0.002255240116742,209.388888888889,8.16666666666667,3916,3622,294,0.51950119395065,209.388888888889,0.477580260015919,0.002255240116742,2.25524011674184,0.002255240116742,0.0390023879013,0.057823129251701,0.002255240116742,209.388888888889,8.16666666666667,0,3,689,0.151059085841695,0.088560885608856,-0.6,-1.9,-0.7,-0.516666666666667,6.68131723539603,6.34744042902334,4.91358660586474,-12,12,0.6,0.14246212718923,0.478787878787879,-0.591524410212527,-0,0,12,-3,-6,-12,4,-6,-4,4,4182,2847.6,1482.1,1069.3,2719.39177023098,2381.31985251877,1719.15406232251,455,8827,0.983333333333333,2.47906810297288,623.781818181818,3530.49448910976,1.62696755871396,5744,8827,2389,1936,2486,2415,819,945,587,10.8,-3.6,11.5,4.96666666666667,152.093918353102,113.182330776495,134.846764885184,-234,495,0.683333333333333,0.122361111251346,10.6666666666667,31.0812067306085,0.900865923343506,28,291,-19,-114,-98,495,-171,-41,17,27,5,40,10,4,1,50,5,58,10,4,1,66,16,83,16,4,1,77,27,125,17,-1,1,-108,-132,-75,-59,-2,-1,2,0,1,0,0,,0,0,0,0
2022-06-27,down,traded,12152.5,12211.25,12173.75,120,120,120,1680,3480,572,0,1,6,2,0,0,0,30,14,3,13,692,6438,8,1,30,0.10748679714197,12152.5,12162.5,-19,-44,,,,-1,,,,-47,-17,-32.877428127428,-48,-16,,,,-48,-16,,,,19,44,,,-19,6,-6.7,1684,5542,11980,11980,4130.7,0.95,0.66623266221494,0.605069795016438,-252,-420,272,272,524,-860,-6.6969696969697,87.7,-0.93138917608657,0,0,0,0,0,0,0,0,0,0,-252,1684,716,968,12163.75,1,-0.149643705463183,19,5,14.251781464221,35.8,48.4,1684,70.1666666666667,,0.014251781472684,70.1666666666667,-10.5,52,3,11980,272,0.576923076923077,0.022704507512521,24,28,31.4006369362152,3,7.74567979944663,0,1,0,,-32.877428127428,,,,,,,,0.011282660332542,0.075396825396825,70.1666666666667,-10.5,-0.149643705463183,0.137173396674584,3.59144893111639,640.3,66.1,0.66623266221494,,,716,968,-252,0.425178147268409,70.1666666666667,1.42517814726841,0.011282660332542,11.2826603325416,0.011282660332542,0.149643705463183,0.075396825396825,0.011282660332542,70.1666666666667,10.5,6126,5854,272,0.51135225375626,230.384615384615,0.434056761268781,0.002504173622705,2.50417362270451,0.002504173622705,0.022704507512521,0.110294117647059,0.002504173622705,230.384615384615,5.23076923076923,6126,5854,272,0.51135225375626,230.384615384615,0.434056761268781,0.002504173622705,2.50417362270451,0.002504173622705,0.022704507512521,0.110294117647059,0.002504173622705,230.384615384615,5.23076923076923,6126,5854,272,0.51135225375626,230.384615384615,0.434056761268781,0.002504173622705,2.50417362270451,0.002504173622705,0.022704507512521,0.110294117647059,0.002504173622705,230.384615384615,5.23076923076923,0,2,400,0.137173396674584,0.103896103896104,1.2,2,1.73333333333333,0.916666666666667,14.6887712215828,11.1085552615991,7.32089854837202,-25,20,0.016666666666667,-3.65164646889939,-1.27272727272727,-0.140337234079111,178.142316713374,-25,0,20,5,-5,13,-1,-2,-3,5959.4,4130.7,2152.13333333333,1401.66666666667,4227.43371799015,3536.29051549784,2560.4668810373,681,13946,0.95,0.66623266221494,652.078787878788,4643.18997332568,0.830894282198993,3858,6438,13946,3359,2112,2208,681,781,886,83.8,123.7,19.6,-5.46666666666667,314.897062545842,302.026836555959,201.41956210855,-194,721,0.05,-0.93138917608657,-6.6969696969697,97.9848214472198,-1.71455126945855,-168,692,70,-45,-58,112,-53,-35,-46,-30,-31,-24,-25,-18,-1,-30,-32,-17,-16,-20,-1,-17,-24,-1,-6,-20,-1,-42,-61,13,-5,6,0,,,,,,,1,0,1,0,0,,0,0,0,0
2022-06-28,up,traded,12110,12088.75,12047.5,120,120,120,1680,3480,572,0,2,6,2,0,0,0,33,16,3,14,42,4750,9,1,33,0.008842105263158,12110,12103.75,14,20,,,,1,,,,17,50,23.5092250922506,7,50,52,-82,92,7,50,52,-78,72,14,20,,,14,8,1.2,1026,5490,10240,10240,2739,0.966666666666667,1.88989586889657,0.509915014164306,160,-78,-36,-36,-196,-280,-5.47878787878788,-135.8,-1.88606092127699,0,0,0,0,0,0,0,0,0,0,160,1026,593,433,12108.75,4,0.155945419103314,14,4,17.5438596320235,39.5333333333333,28.8666666666667,1026,57,,0.017543859649123,57,8.88888888888889,54,3,10240,-36,0.666666666666667,-0.003515625,18,21.5,15.2315462117278,4,6.7650244312608,1,0,0,,23.5092250922506,1,0,0,0,52,-78,72,0.01364522417154,0.0875,57,8.88888888888889,0.155945419103314,0.174463937621832,2.80701754385965,964,-68,1.88989586889657,0,-0,593,433,160,0.577972709551657,57,1.75438596491228,0.01364522417154,13.64522417154,0.01364522417154,0.155945419103314,0.0875,0.01364522417154,57,8.88888888888889,5102,5138,-36,0.4982421875,189.62962962963,0.52734375,0.003515625,3.515625,0.003515625,0.003515625,1,0.003515625,189.62962962963,0.666666666666667,5102,5138,-36,0.4982421875,189.62962962963,0.52734375,0.003515625,3.515625,0.003515625,0.003515625,1,0.003515625,189.62962962963,0.666666666666667,5102,5138,-36,0.4982421875,189.62962962963,0.52734375,0.003515625,3.515625,0.003515625,0.003515625,1,0.003515625,189.62962962963,0.666666666666667,0,1,179,0.174463937621832,0.100558659217877,4.4,3.6,0.366666666666667,0.183333333333333,5.53534100123922,5.06359556046886,6.53443868200543,-20,13,0.9,0.862099042852209,0.715151515151515,3.32115831945718,1.80659860893974,6,0,13,6,7,-10,6,-1,-11,3928.8,2739,1687.36666666667,1302.93333333333,2372.32732985986,2072.06216122973,1469.1991125175,505,7684,0.966666666666667,1.88989586889657,469.660606060606,3233.156421266,1.38069410147871,4464,4750,7684,1454,1207,1041,1651,867,656,28.4,46.4,2.1,-0.033333333333333,139.182757552795,142.654968367737,127.30235661605,-370,244,0.05,-1.88606092127699,-5.47878787878788,11.1083047698653,-21.4254114314227,-238,42,164,102,149,-91,141,-147,-126,27,25,33,26,33,1,27,24,31,26,35,1,27,24,37,26,43,1,25,-7,44,1,-15,0,41,0,64,1,-3,0,2,0,1,0,0,,0,0,0,0
2022-06-29,down,traded,11617.5,11691.25,11651.25,120,120,120,1680,3480,572,0,3,6,2,0,0,0,32,7,17,8,-442,6216,-5.33333333333285,1,32,-0.071106821106821,11617.5,11626.875,-15,-35,,,,-1,,,,-59,-27,-33.7325430819808,-59,-13,-45,-446,-40,-59,-13,-45,-440,-45,15,35,,,-15,5,-4.1,1459,5282,11498,11498,3477.7,0.966666666666667,1.00402013710442,0.597277658376829,-379,-552,-994,-994,-615,269,-50.4787878787879,-94,-0.952225029586674,1,0,1,4.36842105263158,4.36842105263158,1,1,83,0,0,-379,1459,540,919,11620,-5.5,-0.259766963673749,16,7,15.7642220591061,31.7647058823529,54.0588235294118,1459,63.4347826086956,,0.015764222069911,63.4347826086956,-16.4782608695652,63,3,11498,-994,0.666666666666667,-0.086449817359541,23,25.5,25,2.5,6.08102696005279,0,1,0,,-33.7325430819808,0,1,0,1,-45,-440,-45,0.010966415352982,0.04221635883905,63.4347826086956,-16.4782608695652,-0.259766963673749,0.148732008224812,5.97464016449623,703.1,-112.1,-1.00402013710442,1,-1,540,919,-379,0.370116518163125,63.4347826086956,1.57642220699109,0.010966415352982,10.9664153529815,0.010966415352982,0.259766963673749,0.04221635883905,0.010966415352982,63.4347826086956,16.4782608695652,5252,6246,-994,0.45677509132023,182.507936507937,0.547921377630892,0.003652809184206,3.65280918420595,0.003652809184206,0.086449817359541,0.042253521126761,0.003652809184206,182.507936507937,15.7777777777778,5252,6246,-994,0.45677509132023,182.507936507937,0.547921377630892,0.003652809184206,3.65280918420595,0.003652809184206,0.086449817359541,0.042253521126761,0.003652809184206,182.507936507937,15.7777777777778,5252,6246,-994,0.45677509132023,182.507936507937,0.547921377630892,0.003652809184206,3.65280918420595,0.003652809184206,0.086449817359541,0.042253521126761,0.003652809184206,182.507936507937,15.7777777777778,0,2,388,0.148732008224812,0.105990783410138,-4.2,-2.5,-1.8,-1.05,8.1338797630651,8.68619594529159,6.53911308970873,-20,10,0.016666666666667,-2.7832520634401,-1.43636363636364,-4.489129080408,4.45520715527794,-20,0,-3,3,-6,1,4,3,4,4909.4,3477.7,1913.83333333333,1414.65,2893.42818124107,2568.20057822593,1901.52228636836,557,9932,0.966666666666667,1.00402013710442,527.036363636364,3933.52002514561,0.971903022117825,3823,6216,9932,2321,1419,2477,747,698,678,-109.4,5.1,-8.83333333333333,-9.48333333333333,206.287760179803,223.602974041044,172.403225672324,-442,469,0.133333333333333,-0.952225029586674,-50.4787878787879,-68.5639475189686,2.52319194358141,-173,-442,-152,107,5,219,-17,38,116,-42,-51,-37,-42,-53,-1,-42,-51,-37,-42,-57,-1,-42,-47,-26,-30,,-1,-51,-70,-28,-17,-21,-1,-118,-280,-41,-43,-94,-1,0,0,1,0,0,,0,0,0,0
2022-06-30,down,traded,11530,11588.75,11550,120,120,120,1680,3480,572,0,4,6,2,0,0,0,31,10,17,4,307,5953,-1,1,31,0.051570636653788,11531.25,11538.125,-9,-29,,,,-1,,,,-46,-15,-23.2893129290271,-46,2,-126,-175,-27,-46,2,-104,-169,-47,9,29,,,-9,11,-6,806,5439,11392,11392,2613.1,0.966666666666667,2.21665158525831,0.463138539332299,-78,-531,-224,-224,-146,-760,-18.4787878787879,-69.9,-2.21940409389704,0,0,0,0,0,0,0,0,0,0,-78,806,364,442,11543.75,4.5,-0.096774193548387,10,5,18.6104218131384,33.0909090909091,40.1818181818182,806,53.7333333333333,,0.018610421836228,53.7333333333333,-5.2,48,3,11392,-224,0.395833333333333,-0.019662921348315,15,27,21.9317121994613,5.5,7.10907088787901,0,1,0,,-23.2893129290271,0,1,0,1,-104,-169,-47,0.012406947890819,0.128205128205128,53.7333333333333,-5.2,-0.096774193548387,0.147642679900744,1.45161290322581,1155.2,-44.8,-2.21665158525831,1,-1,364,442,-78,0.451612903225806,53.7333333333333,1.86104218362283,0.012406947890819,12.4069478908189,0.012406947890819,0.096774193548387,0.128205128205128,0.012406947890819,53.7333333333333,5.2,5584,5808,-224,0.490168539325843,237.333333333333,0.421348314606742,0.001667837078652,1.66783707865169,0.001667837078652,0.019662921348315,0.084821428571429,0.001667837078652,237.333333333333,4.66666666666667,5584,5808,-224,0.490168539325843,237.333333333333,0.421348314606742,0.001667837078652,1.66783707865169,0.001667837078652,0.019662921348315,0.084821428571429,0.001667837078652,237.333333333333,4.66666666666667,5584,5808,-224,0.490168539325843,237.333333333333,0.421348314606742,0.001667837078652,1.66783707865169,0.001667837078652,0.019662921348315,0.084821428571429,0.001667837078652,237.333333333333,4.66666666666667,0,0,0,0.147642679900744,0.126050420168067,-4,-1.7,-1.06666666666667,0.1,10.2567051239665,10.9640321050241,7.41589883665868,-20,15,0.016666666666667,-2.55307330242169,-0.793939393939394,-3.36564235547211,5.94240204027695,-20,0,-11,2,2,3,2,-4,-8,3866.4,2613.1,1427.16666666667,1095.45,2167.31553771019,1995.10107262765,1446.25044127526,573,6154,0.966666666666667,2.21665158525831,518.975757575758,3154.87656642794,1.46852021067995,4633,5953,6154,1517,908,907,643,626,804,-182.8,-129.7,-45.9,-10.05,324.890381513519,289.693303339929,183.427615151045,-602,363,0.033333333333333,-2.21940409389704,-18.4787878787879,-144.869836023015,3.12694493509356,-453,307,-602,-181,-154,-31,79,-10,-66,-18,-23,-12,-7,-10,-1,-6,-20,-2,6,1,-1,-18,-31,-5,-6,3,-1,25,-30,37,1,-41,0,-123,-146,-86,-68,-28,-1,3,0,1,0,0,,0,0,0,0
2022-07-01,down,traded,11460,11523.75,11477.5,240,240,240,1560,3360,574,0,5,7,3,0,1,0,37,31,3,3,843,5189,10.3333333333328,1,37,0.162459047986124,11461.25,11476.25,-24,-31,-20,,,-1,,,,-50,-13,-31.0505745688133,-60,-4,-62,-179,88,-60,-4,-62,-167,80,24,31,,,-24,-17,-5.3,1723,4486,17706,17706,4342.8,0.866666666666667,0.0605383183217,0.545797234585109,-193,28,1258,1258,1451,-72,55.7454545454545,-96,0.7933839553996,1,0,1,4.375,4.375,1,1,70,0,0,-193,1723,765,958,11476.25,0,-0.112013929193268,23,3,15.0899593644283,31.875,39.9166666666667,1723,66.2692307692308,,0.015089959373186,66.2692307692308,-7.42307692307692,61,5,17706,1258,0.262295081967213,0.071049361798261,26,29.5,38.405728739343,15.188400179084,8.87543426167606,0,1,0,,-31.0505745688133,1,0,0,0,-62,-167,80,0.013348810214742,0.119170984455959,66.2692307692308,-7.42307692307692,-0.112013929193268,0.08125362739408,2.91236215902496,-2424.8,-113.8,-0.0605383183217,0,-0,765,958,-193,0.443993035403366,66.2692307692308,1.50899593731863,0.013348810214742,13.3488102147417,0.013348810214742,0.112013929193268,0.119170984455959,0.013348810214742,66.2692307692308,7.42307692307692,4268,3947,321,0.519537431527693,195.595238095238,0.511259890444309,0.002434570906878,2.43457090687766,0.002434570906878,0.039074863055387,0.062305295950156,0.002434570906878,195.595238095238,7.64285714285714,9482,8224,1258,0.53552468089913,290.262295081967,0.344515983282503,0.000903648480741,0.903648480740992,0.000903648480741,0.071049361798261,0.012718600953895,0.000903648480741,290.262295081967,20.6229508196721,9482,8224,1258,0.53552468089913,290.262295081967,0.344515983282503,0.000903648480741,0.903648480740992,0.000903648480741,0.071049361798261,0.012718600953895,0.000903648480741,290.262295081967,20.6229508196721,0,0,0,0.08125362739408,0.185714285714286,0.4,1.1,-1.63333333333333,-0.416666666666667,17.4539393834171,14.0246212070059,13.2903055729438,-27,25,0.266666666666667,-0.403803105745893,-0.878787878787879,-1.44832196788308,4.83317946922495,-7,11,-27,0,-5,-16,-10,-5,-3,6028,4342.8,2620.76666666667,1946.31666666667,4140.27206835493,3387.4442519398,2349.4761215121,1024,14157,0.866666666666667,0.0605383183217,234.618181818182,4173.95692470253,0.661961790656696,2763,3729,4302,5189,3211,3157,1126,1248,903,393.2,156.6,21.9,6.81666666666667,263.199088144317,320.833975756933,250.950373580116,-413,843,0.866666666666667,0.7933839553996,55.7454545454545,185.284640000604,1.19275942139229,221,293,94,843,-43,-413,-90,-68,-115,-34,-39,-22,-22,-26,-1,-34,-39,-24,-22,-26,-1,-23,-34,-20,-24,-4,-1,-23,-46,27,-5,4,0,-71,-152,-7,6,-1,-1,1,0,1,0,0,,0,0,0,0
2022-07-05,down,traded,11416.25,11466.25,11422.5,60,60,60,1740,3540,571,0,2,7,3,0,0,0,35,17,10,8,-166,7566,-6.33333333333285,1,35,-0.021940259053661,11416.25,11425.625,-13,,,,,-1,,,,-40,-5,-19.3333333333328,-40,-5,-111,-127,-92,-40,-5,-113,-120,-96,13,,,,-13,,-0,1197,8763,8763,8763,788.4,1,5.38341624016554,2.81084889045439,-115,-281,-281,-281,-166,-164,-10.8484848484848,-29,-4.69606045946986,0,0,0,0,0,0,0,0,0,0,-115,1197,541,656,11430,3.5,-0.096073517126149,13,2,12.5313283103331,38.6428571428571,46.8571428571429,1197,79.8,,0.012531328320802,79.8,-7.66666666666667,40,2,8763,-281,0.75,-0.032066643843433,15,15,13,,5.92358750158119,0,1,0,,-19.3333333333328,0,1,0,1,-113,-120,-96,0.010860484544695,0.11304347826087,79.8,-7.66666666666667,-0.096073517126149,0.126148705096074,1.44110275689223,1511.9,-30.5,-5.38341624016554,1,-1,541,656,-115,0.451963241436926,79.8,1.2531328320802,0.010860484544695,10.8604845446951,0.010860484544695,0.096073517126149,0.11304347826087,0.010860484544695,79.8,7.66666666666667,4241,4522,-281,0.483966678078284,219.075,0.456464681045304,0.00342348510784,3.42348510783978,0.00342348510784,0.032066643843433,0.106761565836299,0.00342348510784,219.075,7.025,4241,4522,-281,0.483966678078284,219.075,0.456464681045304,0.00342348510784,3.42348510783978,0.00342348510784,0.032066643843433,0.106761565836299,0.00342348510784,219.075,7.025,4241,4522,-281,0.483966678078284,219.075,0.456464681045304,0.00342348510784,3.42348510783978,0.00342348510784,0.032066643843433,0.106761565836299,0.00342348510784,219.075,7.025,0,0,0,0.126148705096074,0.099337748344371,0.2,0.1,-0.366666666666667,0.033333333333333,0.748331477354788,0.94339811320566,2.02457128520803,-6,4,0.6,0.181108301468867,-0.042424242424242,0.009800815133613,0,0,1,0,-1,-2,-2,1,-2,-1,1541.6,788.4,306.933333333333,177.383333333333,3012.2317706312,2259.24284661919,1348.41267010099,19,7566,1,5.38341624016554,412.363636363636,1409.84145516879,5.36656087977934,7566,62,28,29,59,65,55,117,44,-41.6,-18.6,-7.2,-1.75,62.4647100369481,50.6639911574286,33.8155782640684,-166,30,0.016666666666667,-4.69606045946986,-10.8484848484848,-33.6581981294241,4.93193365140014,-166,-2,-20,-11,-11,-1,-3,-13,0,-35,-41,-33,-35,-32,-1,-36,-41,-28,-29,-25,-1,-36,-42,-26,-29,-21,-1,-35,-195,-14,-29,-21,-1,-111,-119,-101,-99,-106,-1,0,0,1,0,0,,0,0,0,0
2022-07-06,up,traded,11857.5,11845,11810,120,120,120,1680,3480,572,0,3,7,3,0,0,0,28,12,15,1,355,6021,-8.66666666666715,1,28,0.058960305597077,11857.5,11841.875,23,37,,,,1,,,,10,38,27.4133802816898,10,43,35,34,374,10,43,340,35,369,23,37,,,23,9,2.4,1761,5680,11701,11701,2742.3,0.966666666666667,1.772553161708,0.920904693423977,287,414,769,769,482,-228,25.2909090909091,64.5,0.603330481996769,1,1,0,5.23809523809524,5.23809523809524,1,1,110,0,0,287,1761,1024,737,11843.75,1.5,0.16297558205565,23,2,14.1964792650787,42.6666666666667,30.7083333333333,1761,70.44,,0.01419647927314,70.44,11.48,43,3,11701,769,0.581395348837209,0.065720878557388,25,28,26.9258240356725,4.5,5.88604753255999,1,0,0,,27.4133802816898,0,1,1,0,340,35,369,0.013060760931289,0.0801393728223,70.44,11.48,0.16297558205565,0.120386144236229,4.07438955139125,940.5,76.7,1.772553161708,1,-1,1024,737,287,0.581487791027825,70.44,1.41964792731403,0.013060760931289,13.060760931289,0.013060760931289,0.16297558205565,0.0801393728223,0.013060760931289,70.44,11.48,6235,5466,769,0.532860439278694,272.116279069767,0.367489958123237,0.002136569523972,2.13656952397231,0.002136569523972,0.065720878557388,0.032509752925878,0.002136569523972,272.116279069767,17.8837209302326,6235,5466,769,0.532860439278694,272.116279069767,0.367489958123237,0.002136569523972,2.13656952397231,0.002136569523972,0.065720878557388,0.032509752925878,0.002136569523972,272.116279069767,17.8837209302326,6235,5466,769,0.532860439278694,272.116279069767,0.367489958123237,0.002136569523972,2.13656952397231,0.002136569523972,0.065720878557388,0.032509752925878,0.002136569523972,272.116279069767,17.8837209302326,0,3,559,0.120386144236229,0.117924528301887,5.2,2.7,1.2,1.26666666666667,5.41848687365763,6.43506021727847,5.96322060635023,-9,14,1,2.14649110689772,1.29090909090909,4.20326239950582,3.33074613701157,14,0,9,2,6,-1,-1,-2,-12,3628,2742.3,1638.63333333333,1401.03333333333,1875.76469739677,1631.40258979812,1286.48703797935,610,6021,0.966666666666667,1.772553161708,401.569696969697,3115.96614521155,1.25771584714504,3919,6021,5234,1478,1765,885,783,1407,2027,114.8,66.9,38.5666666666667,40.7,151.75427506334,164.638057568716,146.575278346051,-351,355,0.783333333333333,0.603330481996769,25.2909090909091,102.770337219251,1.23576513842761,127,355,184,-26,-39,117,-131,-295,-297,17,15,31,17,20,1,35,23,40,17,20,1,32,21,46,17,20,1,38,23,77,18,-7,1,286,155,372,49,39,1,0,0,1,0,0,,0,0,0,0
2022-07-07,up,traded,11968.75,11957.5,11918.75,240,240,240,1560,3360,574,0,4,7,3,0,0,0,31,27,3,1,619,4775,8.33333333333285,1,31,0.129633507853403,11968.75,11963.75,6,34,23,,,1,,,,9,40,20.8678080596321,4,40,66,-5,172,4,40,126,23,164,6,34,,,6,-22,3.1,823,4289,15133,15133,2687.3,0.966666666666667,1.57601702480604,0.389576578069158,99,685,693,693,594,987,24.369696969697,-47.5,2.9523518319654,0,0,0,0,0,0,0,0,0,0,99,823,461,362,11962.5,-1,0.120291616038882,6,4,12.1506682719919,65.8571428571429,51.7142857142857,823,82.3,,0.012150668286756,82.3,9.9,41,5,15133,693,0.951219512195122,0.045793960219388,10,19.5,32.5883414736007,16.015617378047,6.94710171382442,1,0,0,,20.8678080596321,0,1,1,0,126,23,164,0.007290400972053,0.060606060606061,82.3,9.9,0.120291616038882,0.232077764277035,1.20291616038882,-442.8,-21.6,1.57601702480604,1,-1,461,362,99,0.560145808019441,82.3,1.21506682867558,0.007290400972053,7.29040097205346,0.007290400972053,0.120291616038882,0.060606060606061,0.007290400972053,82.3,9.9,3698,3414,284,0.519966254218223,187.157894736842,0.534308211473566,0.003233970753656,3.23397075365579,0.003233970753656,0.039932508436445,0.080985915492958,0.003233970753656,187.157894736842,7.47368421052632,7913,7220,693,0.522896980109694,369.09756097561,0.270931077777044,0.002577149276416,2.57714927641578,0.002577149276416,0.045793960219388,0.056277056277056,0.002577149276416,369.09756097561,16.9024390243902,7913,7220,693,0.522896980109694,369.09756097561,0.270931077777044,0.002577149276416,2.57714927641578,0.002577149276416,0.045793960219388,0.056277056277056,0.002577149276416,369.09756097561,16.9024390243902,0,1,191,0.232077764277035,0.052356020942408,2.6,2.9,-1.73333333333333,-0.166666666666667,14.430523206038,10.4732993846256,8.32239281830786,-19,28,1,3.57269044882441,0.381818181818182,2.66780491947968,10.4955200417957,28,-11,-11,0,5,-9,-1,-2,-5,3802.8,2687.3,1758.66666666667,1349.4,792.565807993254,1291.55828749615,1083.32163070602,655,4775,0.966666666666667,1.57601702480604,256.854545454545,2869.94035151882,1.20769060519524,3466,2823,3246,4775,1422,1678,911,1148,723,155.6,76.9,-34.8666666666667,-11.3333333333333,410.915368415444,307.690250089274,210.295622609908,-401,619,0.983333333333333,2.9523518319654,24.369696969697,83.5454698554448,7.0141445252978,586,-401,-210,619,158,-188,35,62,61,40,36,43,39,35,1,37,32,42,32,,1,40,29,42,25,27,1,40,21,53,23,9,1,123,87,162,84,4,1,0,0,1,0,0,,0,0,0,0
2022-07-13,up,traded,11617.5,11602.5,11543.75,60,60,60,1740,3540,571,0,3,7,3,0,0,0,47,47,0,0,207,7379,15.6666666666672,1,47,0.02805258165063,11617.5,11611.25,12,,,,,1,,,,12,59,27.6666666666672,12,59,-129,-327,-76,12,59,-129,-316,-83,12,,,,12,,1,804,8183,8183,8183,3225.9,0.983333333333333,3.0074015879952,0.350693535723633,28,235,235,235,207,461,-8.76969696969697,-42.8,0.921078552147637,0,0,0,0,0,0,0,0,0,0,28,804,416,388,11605,-5,0.034825870646766,12,4,19.9004974876859,32,29.8461538461538,804,50.25,,0.019900497512438,50.25,1.75,62,2,8183,235,0.951612903225806,0.02871807405597,16,16,12,,7.73599092266502,1,0,0,,27.6666666666672,0,1,0,1,-129,-316,-83,0.014925373134328,0.428571428571429,50.25,1.75,0.034825870646766,0.140547263681592,0.557213930348259,1791.4,-27.2,-3.0074015879952,-1,1,416,388,28,0.517412935323383,50.25,1.99004975124378,0.014925373134328,14.9253731343284,0.014925373134328,0.034825870646766,0.428571428571429,0.014925373134328,50.25,1.75,4209,3974,235,0.514359037027985,131.983870967742,0.757668336795796,0.007210069656605,7.21006965660516,0.007210069656605,0.02871807405597,0.251063829787234,0.007210069656605,131.983870967742,3.79032258064516,4209,3974,235,0.514359037027985,131.983870967742,0.757668336795796,0.007210069656605,7.21006965660516,0.007210069656605,0.02871807405597,0.251063829787234,0.007210069656605,131.983870967742,3.79032258064516,4209,3974,235,0.514359037027985,131.983870967742,0.757668336795796,0.007210069656605,7.21006965660516,0.007210069656605,0.02871807405597,0.251063829787234,0.007210069656605,131.983870967742,3.79032258064516,0,0,0,0.140547263681592,0.141592920353982,-1.2,0.8,0.766666666666667,-0.55,2.71293199325011,2.95972971738975,5.68438406709313,-13,19,0.566666666666667,-0.134872425511305,-0.484848484848485,0.66801071651187,0,0,0,-2,2,2,19,-6,-1,-8,4364.4,3225.9,2034.96666666667,1691.81666666667,3144.94735091066,2573.29467609133,1776.96033501658,768,8952,0.983333333333333,3.0074015879952,604.442424242424,3950.23741321365,1.86798899107103,7379,8952,1640,1906,2055,3402,1496,938,2244,84.4,108.7,48.7,14.95,175.9552215764,135.154023247553,171.863734782337,-372,352,0.916666666666667,0.921078552147637,-8.76969696969697,90.9953170518373,2.27484234031602,207,-254,136,234,245,352,-66,-8,-182,65,56,69,56,29,1,38,27,60,35,25,1,65,43,102,-1,7,1,65,-146,110,-1,2,0,-214,-273,-154,-130,-85,-1,0,0,1,0,0,,0,0,0,0
2022-07-14,down,traded,11626.25,11685,11641.25,60,60,60,1740,3540,571,0,4,7,3,0,0,0,35,30,4,1,318,4874,9,1,35,0.065244152646697,11627.5,11651.25,-42,,,,,-1,,,,-46,-11,-33,-46,-11,-103,-182,84,-46,-11,20,-173,50,42,,,,-42,,-2.5,1756,6630,6630,6630,2294.8,0.983333333333333,2.77885414219882,1.11255424969113,-326,-8,-8,-8,318,-20,6.42424242424242,77.9,2.05011261469015,0,0,0,0,0,0,0,0,0,0,-326,1756,715,1041,11631.25,-16,-0.185649202733485,42,4,26.1958997572916,16.6279069767442,24.2093023255814,1756,38.1739130434783,,0.02619589977221,38.1739130434783,-7.08695652173913,50,2,6630,-8,0.24,-0.001206636500754,46,46,42,,5.13419906119737,0,1,1,,-33,1,0,0,0,20,-173,50,0.023917995444191,0.128834355828221,38.1739130434783,-7.08695652173913,-0.185649202733485,0.068906605922551,8.53986332574032,1216.1,99.7,-2.77885414219882,0,-0,715,1041,-326,0.407175398633257,38.1739130434783,2.61958997722096,0.023917995444191,23.9179954441913,0.023917995444191,0.185649202733485,0.128834355828221,0.023917995444191,38.1739130434783,7.08695652173913,3311,3319,-8,0.499396681749623,132.6,0.754147812971342,0.001809954751131,1.80995475113122,0.001809954751131,0.001206636500754,1.5,0.001809954751131,132.6,0.16,3311,3319,-8,0.499396681749623,132.6,0.754147812971342,0.001809954751131,1.80995475113122,0.001809954751131,0.001206636500754,1.5,0.001809954751131,132.6,0.16,3311,3319,-8,0.499396681749623,132.6,0.754147812971342,0.001809954751131,1.80995475113122,0.001809954751131,0.001206636500754,1.5,0.001809954751131,132.6,0.16,0,3,331,0.068906605922551,0.380165289256198,-3.4,-0.7,-0.666666666666667,-0.983333333333333,7.08801805866774,6.97208720542134,6.00185156616041,-16,12,0.533333333333333,0.111076833426781,-1.21818181818182,-2.46208639497098,-0,0,-16,-6,1,-3,-6,-11,-8,-8,3105.6,2294.8,1358.7,1044.76666666667,2154.60201429406,1784.99920448162,1265.01781673883,487,6436,0.983333333333333,2.77885414219882,421.466666666667,2765.85027324796,1.7622067424049,4874,6436,1277,1859,1299,1997,903,1424,1256,95.6,123,40.6333333333333,6.93333333333333,204.139756049624,179.505431672693,135.293380802199,-163,378,0.966666666666667,2.05011261469015,6.42424242424242,119.068644625558,2.67072830970767,318,338,-85,-163,21,-89,-29,-212,-92,-15,-23,-13,-14,,-1,-18,-26,-10,-14,-29,-1,-20,-34,-13,-15,3,-1,-20,-62,-1,-3,4,-1,-140,-177,-40,-6,0,-1,1,0,1,0,0,,0,0,0,0
2022-07-15,up,traded,11967.5,11962.5,11922.5,300,300,300,1500,3300,575,0,5,7,3,0,0,1,32,20,11,1,-139,5983,3.33333333333139,1,32,-0.023232492060839,11967.5,11963.125,10,8,-4,15,,1,,,,4,36,12.7306090921076,-8,36,134,106,365,-8,36,134,109,356,10,8,15,,10,12,-0.7,846,3533,12556,18539,3311.9,0.916666666666667,0.454745333900667,0.356630975465812,-60,31,104,-35,25,238,1.78787878787879,93.7,0.961625991804024,1,0,1,25.3076923076923,25.3076923076923,1,1,329,0,0,-60,846,393,453,11961.25,-1.5,-0.070921985815603,10,5,17.7304964329427,35.7272727272727,41.1818181818182,846,56.4,,0.017730496453901,56.4,-4,44,6,18539,-35,0.795454545454545,-0.001887911969362,15,22,33.3616546352246,14.6150607251561,6.8,1,0,0,3,12.7306090921076,0,1,1,0,134,109,356,0.011820330969267,0.166666666666667,56.4,-4,-0.070921985815603,0.458628841607565,1.06382978723404,-695.6,43.6,0.454745333900667,-1,1,393,453,-60,0.464539007092199,56.4,1.77304964539007,0.011820330969267,11.8203309692671,0.011820330969267,0.070921985815603,0.166666666666667,0.011820330969267,56.4,4,3062,3178,-116,0.490705128205128,231.111111111111,0.432692307692308,0.000801282051282,0.801282051282051,-0.000801282051282,0.018589743589744,0.043103448275862,0.000801282051282,231.111111111111,4.2962962962963,6330,6226,104,0.504141446320484,348.777777777778,0.286715514495062,0.001194647977063,1.19464797706276,0.001194647977063,0.008282892640968,0.144230769230769,0.001194647977063,348.777777777778,2.88888888888889,9252,9287,-35,0.499056044015319,421.340909090909,0.23733750471978,0.001887911969362,1.88791196936189,0.001887911969362,0.001887911969362,1,0.001887911969362,421.340909090909,0.795454545454545,0,1,388,0.458628841607565,0.038659793814433,1,0.8,-0.066666666666667,0.133333333333333,14.1985914794391,10.7870292481294,7.95794501670431,-12,28,0.35,-0.242943791302293,-0.218181818181818,0.483064645316116,-4.14023261563927,-2,-12,28,-9,1,3,-5,-14,-6,3538.6,3311.9,1915.13333333333,1465.03333333333,1240.70328443186,2301.54467477822,1697.36027865493,673,9036,0.916666666666667,0.454745333900667,170.69696969697,3155.78736337644,0.851451536685642,2687,2707,3245,3071,9036,2614,989,1483,605,5,-3.5,-58.4,-54.4333333333333,190.716543592841,171.759279225316,155.361857180798,-507,343,0.9,0.961625991804024,1.78787878787879,-1.84841918244198,-49.2312571003392,91,-147,343,-123,-154,38,-69,-265,-47,37,32,53,37,42,1,38,32,52,37,41,1,55,28,110,37,66,1,114,88,150,37,41,1,136,106,293,130,115,1,0,0,1,0,0,,0,0,0,0
2022-07-20,down,traded,12306.25,12298.75,12262.5,300,300,300,1500,3300,575,0,3,7,3,0,0,0,29,19,7,3,-152,4496,-7.66666666666715,1,29,-0.033807829181495,12306.25,12301.25,9,12,26,32,,1,,,,6,35,20.926590913847,2,39,29,15,250,2,39,29,24,239,9,12,32,,9,6,1.8,805,3764,12238,16734,3786.7,0.916666666666667,0.442587488834959,0.301402175337439,335,590,660,508,173,122,35.4121212121212,323.8,1.12813252855657,2,2,0,6.66666666666667,5.25833333333333,1,2,157,2,0,335,805,570,235,12305,3,0.416149068322981,8,2,12.4223602330157,63.3333333333333,26.1111111111111,805,80.5,,0.012422360248447,80.5,33.5,40,6,16734,508,0.325,0.030357356280626,10,14,17.4928556845359,4.4988887516808,5.55777733351102,1,0,0,6.4,20.926590913847,0,1,1,0,29,24,239,0.009937888198758,0.023880597014925,80.5,33.5,0.416149068322981,0.191304347826087,4.16149068322981,-274.4,98.6,0.442587488834959,1,-1,570,235,335,0.708074534161491,80.5,1.24223602484472,0.009937888198758,9.93788819875776,-0.009937888198758,0.416149068322981,0.023880597014925,0.009937888198758,80.5,33.5,3800,3077,723,0.552566526101498,245.607142857143,0.407154282390577,0.003780718336484,3.78071833648393,-0.003780718336484,0.105133052202995,0.035961272475795,0.003780718336484,245.607142857143,25.8214285714286,6449,5789,660,0.526965190390587,305.95,0.326850792613172,0.002696519039059,2.69651903905867,-0.002696519039059,0.053930380781173,0.05,0.002696519039059,305.95,16.5,8621,8113,508,0.515178678140313,418.35,0.239034301422254,0.000776861479622,0.776861479622326,-0.000776861479622,0.030357356280626,0.025590551181102,0.000776861479622,418.35,12.7,0,0,0,0.191304347826087,0.064935064935065,4.6,2.4,1.43333333333333,0.7,4.88262224629348,5.71314274283428,4.7094467710007,-9,14,0.783333333333333,0.33266469350789,0.581818181818182,3.19588365424008,0.938707513967164,3,14,4,2,-3,5,3,-6,-4,3185.8,3786.7,2114.93333333333,1436.6,678.974344139747,2386.10553203332,1907.11822624841,525,10748,0.916666666666667,0.442587488834959,-14.6969696969697,3379.48631318748,0.875576855705362,2959,3113,2578,2783,10748,3769,966,882,718,34.6,-132.9,-21.6666666666667,-19.1,142.778990051058,329.429339919807,245.243054041405,-1012,367,0.95,1.12813252855657,35.4121212121212,-41.8478626387387,-6.09350117116724,255,133,-24,-39,-1012,367,70,-94,34,15,14,23,15,29,1,24,19,32,15,18,1,30,22,40,30,18,1,30,-14,42,-4,5,0,31,16,170,25,62,1,0,0,1,0,0,,0,0,0,0
2022-07-28,up,traded,12643.75,12635,12592.5,60,60,60,1740,3540,571,0,4,7,3,0,0,0,34,22,0,12,230,5474,11.3333333333328,1,34,0.042016806722689,12643.75,12637.5,7,,,,,1,,,,7,41,18.3333333333328,7,41,22,-37,293,7,41,170,-12,285,7,,,,7,,-2.4,1603,7077,7077,7077,2922.9,0.983333333333333,1.99992134640837,0.771006685585109,117,347,347,347,230,1482,-25.4727272727273,-103.2,1.21907896594074,1,1,0,5.11111111111111,5.11111111111111,1,1,92,0,0,117,1603,860,743,12632.5,-4,0.072988147223955,7,3,6.23830317764298,107.5,92.875,1603,160.3,,0.006238303181535,160.3,11.7,41,2,7077,347,0.707317073170732,0.049032075738307,10,10,7,,6.0736223860962,1,0,0,,18.3333333333328,1,0,0,0,170,-12,285,0.004366812227074,0.05982905982906,160.3,11.7,0.072988147223955,0.136618839675608,0.729881472239551,1704.7,-74.3,-1.99992134640837,0,-0,860,743,117,0.536494073611978,160.3,0.623830318153462,0.004366812227074,4.36681222707424,0.004366812227074,0.072988147223955,0.05982905982906,0.004366812227074,160.3,11.7,3712,3365,347,0.524516037869154,172.609756097561,0.579341528896425,0.004097781545853,4.09778154585276,0.004097781545853,0.049032075738307,0.0835734870317,0.004097781545853,172.609756097561,8.46341463414634,3712,3365,347,0.524516037869154,172.609756097561,0.579341528896425,0.004097781545853,4.09778154585276,0.004097781545853,0.049032075738307,0.0835734870317,0.004097781545853,172.609756097561,8.46341463414634,3712,3365,347,0.524516037869154,172.609756097561,0.579341528896425,0.004097781545853,4.09778154585276,0.004097781545853,0.049032075738307,0.0835734870317,0.004097781545853,172.609756097561,8.46341463414634,0,0,0,0.136618839675608,0.045662100456621,-1.2,-2.9,-1.26666666666667,0.483333333333333,5.87877538267963,5.28109837060436,6.26063539551343,-13,18,0.566666666666667,0.202322382097894,0.406060606060606,-2.29741771279448,-0,0,-9,-3,-3,1,-9,-2,6,1,4149,2922.9,1931.9,1779.91666666667,3333.03603340858,2738.09205287185,1771.11965246093,162,10102,0.983333333333333,1.99992134640837,533.751515151515,3568.35154384958,1.53404168079656,5474,10102,2357,1621,162,1067,1093,2036,1005,-257,-191.1,-92.5,-32.8166666666667,517.297979891668,377.687820825613,264.543978700455,-1252,472,0.916666666666667,1.21907896594074,-25.4727272727273,-203.979145942042,-1.12756624672481,230,-1252,-177,-123,12,-101,-137,246,35,32,27,41,20,24,1,32,26,56,20,24,1,29,17,61,20,44,1,63,47,102,29,24,1,165,82,292,8,-1,1,0,0,1,0,0,,0,0,0,0
2022-08-03,up,traded,13050,13027.5,12990,180,180,180,1620,3420,573,0,3,8,3,0,0,0,30,25,2,3,475,6311,8.66666666666715,1,30,0.075265409602282,13051.25,13042.5,14,28,21,,,1,,,,19,49,25.2808613659538,8,49,103,-37,185,8,49,103,-19,167,14,28,,,14,0,2.5,1319,4387,14399,14399,2949.9,0.95,0.933867562208575,0.679389116382086,159,399,703,703,544,411,32.7575757575758,-71,1.06285794202465,0,0,0,0,0,0,0,0,0,0,159,1319,739,580,13045,2,0.12054586808188,14,0,10.6141015840682,49.2666666666667,38.6666666666667,1319,94.2142857142857,,0.010614101592115,94.2142857142857,11.3571428571429,49,4,14399,703,0.938775510204082,0.048822834919092,14,17,21,9.89949493661167,5.24775084096881,1,0,0,,25.2808613659538,1,0,0,0,103,-19,167,0.010614101592115,0.088050314465409,94.2142857142857,11.3571428571429,0.12054586808188,0.327520849128127,1.68764215314632,-163.3,-41.5,0.933867562208575,0,-0,739,580,159,0.56027293404094,94.2142857142857,1.06141015921152,0.010614101592115,10.6141015921152,0.010614101592115,0.12054586808188,0.088050314465409,0.010614101592115,94.2142857142857,11.3571428571429,4158,3930,228,0.514094955489614,260.903225806452,0.383283877349159,0.002596439169139,2.59643916913947,0.002596439169139,0.028189910979229,0.092105263157895,0.002596439169139,260.903225806452,7.35483870967742,7551,6848,703,0.524411417459546,293.857142857143,0.340301409820126,0.003194666296271,3.19466629627057,0.003194666296271,0.048822834919092,0.065433854907539,0.003194666296271,293.857142857143,14.3469387755102,7551,6848,703,0.524411417459546,293.857142857143,0.340301409820126,0.003194666296271,3.19466629627057,0.003194666296271,0.048822834919092,0.065433854907539,0.003194666296271,293.857142857143,14.3469387755102,0,1,432,0.327520849128127,0.032407407407407,1,-0.2,-0.5,-0.466666666666667,6.98569967862919,5.50999092558236,5.27098978687432,-8,14,1,2.7509064874509,0.509090909090909,0.733740215972553,19.080322565451,14,-7,0,0,-1,-1,-1,-3,-2,4467.2,2949.9,1652.96666666667,1319.11666666667,1878.87875074471,2036.30422334189,1515.23983763481,478,7042,0.95,0.933867562208575,446.042424242424,3233.13244895894,0.948924935317105,3068,3701,6311,7042,1381,1142,1108,1105,999,227.6,114.7,58.2333333333333,21.15,239.020166513205,227.210056995724,171.016896501161,-261,475,0.95,1.06285794202465,32.7575757575758,145.194950885935,1.65295004086295,240,-171,475,464,111,194,-14,-61,-91,41,38,45,40,32,1,39,37,45,40,31,1,39,32,41,34,,1,99,54,134,34,44,1,101,51,134,-13,-4,1,0,0,1,0,0,,0,0,0,0
2022-08-05,up,traded,13163.75,13153.75,13115,180,180,180,1620,3420,573,0,5,8,3,0,1,0,31,28,0,3,279,5461,10.3333333333314,1,31,0.051089544039553,13163.75,13157.5,7,13,8,,,1,,,,8,39,15.0402701350671,2,39,-134,-147,-17,2,39,-107,-134,-30,7,13,,,7,1,-0.3,788,3606,12782,12782,2450.9,0.95,1.07480005701922,0.494307311106232,232,326,622,622,390,77,25.8848484848485,-14.7,0.921427062460309,1,1,0,7.8,7.8,1,1,117,0,0,232,788,510,278,13160,2,0.294416243654822,7,5,15.2284263766137,63.75,34.75,788,65.6666666666667,,0.015228426395939,65.6666666666667,19.3333333333333,40,4,12782,622,0.9,0.048662181192302,12,16.6666666666667,10.4880884817015,5.43650214343336,5.21120587452335,1,0,0,,15.0402701350671,0,1,0,1,-107,-134,-30,0.008883248730964,0.030172413793103,65.6666666666667,19.3333333333333,0.294416243654822,0.197969543147208,3.53299492385787,65.9,5.3,-1.07480005701922,-1,1,510,278,232,0.647208121827411,65.6666666666667,1.52284263959391,0.008883248730964,8.88324873096447,0.008883248730964,0.294416243654822,0.030172413793103,0.008883248730964,65.6666666666667,19.3333333333333,3832,3489,343,0.523425761507991,281.576923076923,0.355142740062833,0.001229340254064,1.22934025406365,0.001229340254064,0.046851523015981,0.026239067055394,0.001229340254064,281.576923076923,13.1923076923077,6702,6080,622,0.524331090596151,319.55,0.312940071976217,0.002816460647786,2.81646064778595,0.002816460647786,0.048662181192302,0.057877813504823,0.002816460647786,319.55,15.55,6702,6080,622,0.524331090596151,319.55,0.312940071976217,0.002816460647786,2.81646064778595,0.002816460647786,0.048662181192302,0.057877813504823,0.002816460647786,319.55,15.55,0,1,156,0.197969543147208,0.076923076923077,2.2,1.8,0.133333333333333,0.233333333333333,5.23067873224881,4.37721372564786,4.5146674542232,-7,10,0.916666666666667,1.29946817260677,0.121212121212121,1.69837937487169,3.53277959493197,6,-5,0,10,0,-3,-6,0,-2,3915.2,2450.9,1285.4,929.75,1899.46301885559,1990.58204804524,1425.9396340659,469,6472,0.95,1.07480005701922,457.387878787879,2798.13971384095,1.00709767495197,2818,3715,5461,6472,1096,655,938,518,634,116.4,41.1,-6.93333333333333,-7.28333333333333,122.184450729215,117.863013706591,109.540231067048,-212,279,0.883333333333333,0.921427062460309,25.8848484848485,60.7309036598053,1.54781164671215,94,17,279,232,16,-125,-170,0,-106,29,27,41,23,26,1,29,19,40,11,17,1,19,-26,44,10,-1,0,19,-129,45,10,-1,0,-108,-128,-70,-76,-30,-1,0,0,1,0,0,,0,0,0,0
2022-08-29,up,traded,12530,12515,12478.75,60,60,60,1740,3540,571,0,1,8,3,0,0,0,29,5,4,20,67,5761,7,1,29,0.011629925360181,12530,12519.375,16,,,,,1,,,,12,41,23,12,41,,,,12,41,,,,16,,,,16,,-1.3,1374,7135,7135,7135,4353.6,0.983333333333333,1.3454888644387,0.436176629313355,264,331,331,331,67,58,-7.79393939393939,38.8,0.752341356770718,0,0,0,0,0,0,0,0,0,0,264,1374,819,555,12522.5,2.5,0.192139737991266,16,1,12.3726346343722,48.1764705882353,32.6470588235294,1374,80.8235294117647,,0.012372634643377,80.8235294117647,15.5294117647059,41,2,7135,331,0.51219512195122,0.046391030133147,17,17,16,,4.97426711519731,1,0,0,,23,,,,,,,,0.011644832605531,0.060606060606061,80.8235294117647,15.5294117647059,0.192139737991266,0.184861717612809,3.26637554585153,1588.3,32.5,-1.3454888644387,,,819,555,264,0.596069868995633,80.8235294117647,1.2372634643377,0.011644832605531,11.6448326055313,0.011644832605531,0.192139737991266,0.060606060606061,0.011644832605531,80.8235294117647,15.5294117647059,3733,3402,331,0.523195515066573,174.024390243902,0.574632095304835,0.002943237561317,2.94323756131745,0.002943237561317,0.046391030133147,0.063444108761329,0.002943237561317,174.024390243902,8.07317073170732,3733,3402,331,0.523195515066573,174.024390243902,0.574632095304835,0.002943237561317,2.94323756131745,0.002943237561317,0.046391030133147,0.063444108761329,0.002943237561317,174.024390243902,8.07317073170732,3733,3402,331,0.523195515066573,174.024390243902,0.574632095304835,0.002943237561317,2.94323756131745,0.002943237561317,0.046391030133147,0.063444108761329,0.002943237561317,174.024390243902,8.07317073170732,0,2,455,0.184861717612809,0.066929133858268,-1.8,-1.7,-1.7,-1.3,5.15363949069005,5.2924474489597,4.07553677446297,-10,6,0.7,0.417122969090129,-0.345454545454546,-1.91799161581053,-0,0,-8,0,-7,3,-2,-2,0,9,5857.2,4353.6,2702.7,2092.61666666667,3816.57733578137,3228.63829500921,2273.002832525,970,13213,0.983333333333333,1.3454888644387,713.575757575758,5056.93572674971,1.13922745142399,5761,13213,4051,3670,3570,3364,1606,1831,1787,-38,-1.8,-60.9,-43.2166666666667,140.911319630468,124.953431325434,170.002617626906,-526,364,0.75,0.752341356770718,-7.79393939393939,-7.36585357005374,-9.0960265993329,67,9,-19,-312,122,120,-124,-103,85,20,12,23,10,12,1,20,13,28,20,12,1,20,17,28,21,13,1,48,19,58,21,7,1,,,,,,,0,0,1,0,0,,0,0,0,0
2022-08-30,down,traded,12543.75,12580,12545,420,420,420,1380,3180,577,0,2,8,3,0,0,0,28,0,13,15,-130,4714,0.666666666667152,1,28,-0.027577428935087,12543.75,12543.75,-2,-15,-16,-19,,-1,,,,-29,-1,-14.5524035340291,-35,4,39,-54,76,-35,4,27,-49,62,2,15,19,,-2,11,-5.5,799,4299,13121,24417,3671.3,0.966666666666667,0.85739659002126,0.296596013215041,-447,-1143,-1401,-1427,-980,-269,-44.1030303030303,-201.8,-2.93458366511024,1,0,1,7.15,7.15,1,1,286,0,0,-447,799,176,623,12543.75,0,-0.559449311639549,1,5,7.50938672401829,88,311.5,799,133.166666666667,,0.007509386733417,133.166666666667,-74.5,39,8,24417,-1427,0.41025641025641,-0.058442888151698,6,16.4,21.540659228538,7.8141681892442,7.34090518184841,0,1,0,-3.8,-14.5524035340291,1,0,0,0,27,-49,62,0.001251564455569,0.002237136465324,133.166666666667,-74.5,-0.559449311639549,0.3729662077597,3.3566958698373,71.5,-253.7,-0.85739659002126,0,-0,176,623,-447,0.220275344180225,133.166666666667,0.750938673341677,0.001251564455569,1.25156445556946,0.001251564455569,0.559449311639549,0.002237136465324,0.001251564455569,133.166666666667,74.5,3085,4655,-1570,0.398578811369509,276.428571428571,0.361757105943152,0.002067183462532,2.0671834625323,0.002067183462532,0.202842377260982,0.010191082802548,0.002067183462532,276.428571428571,56.0714285714286,5860,7261,-1401,0.4466123008917,345.289473684211,0.289612072250591,0.001448060361253,1.44806036125295,0.001448060361253,0.106775398216599,0.013561741613134,0.001448060361253,345.289473684211,36.8684210526316,11495,12922,-1427,0.470778555924151,626.076923076923,0.15972478191424,0.000655281156571,0.655281156571241,0.000655281156571,0.058442888151698,0.011212333566924,0.000655281156571,626.076923076923,36.5897435897436,0,1,298,0.3729662077597,0.02013422818792,-1,-2.5,-2.03333333333333,-1.1,8.64869932417586,7.53989389845772,8.13831814456907,-24,12,0.033333333333333,-1.34753476969747,-0.490909090909091,-3.4895286080005,3.72543155834708,-13,-1,-7,4,-9,-1,-5,3,-12,3118.6,3671.3,2124.7,1519.46666666667,474.606616051652,1775.8244310742,1604.04183548934,591,8546,0.966666666666667,0.85739659002126,-104.066666666667,3237.03468467609,1.0812364836771,3500,3441,2197,3184,3311,1371,1066,781,1685,-145.8,-122.5,-75.3666666666667,-41.1666666666667,372.211445283457,284.27636201415,211.489398210775,-696,268,0.016666666666667,-2.93458366511024,-44.1030303030303,-193.964693695438,3.5882819019262,-696,-427,-99,268,-121,-89,-90,-59,-419,-16,-20,-13,-17,-11,-1,-16,-22,-13,-15,,-1,-23,-28,-16,-17,,-1,-80,-91,-4,2,5,-1,-19,-44,23,1,10,0,1,0,1,0,0,,0,0,0,1
2022-08-31,down,traded,12427.5,12477.5,12435,240,240,240,1560,3360,574,0,3,8,3,0,0,0,34,27,0,7,18,6076,-6.66666666666861,1,34,0.002962475312706,12428.75,12430,-5,-4,-21,,,-1,,,,-39,-5,-13.2698371672261,-39,8,60,-127,145,-39,8,84,-108,127,5,4,,,-5,-6,-1.3,801,3925,16277,16277,4006.6,0.916666666666667,0.351733963726115,0.274700778490346,-367,-129,-99,-99,268,524,-18.0969696969697,87.2,1.12625810009232,3,0,3,14.2857142857143,8.32857142857143,1.5,3,310,2,1,-367,801,217,584,12428.75,-1,-0.458177278401998,5,3,9.98751559302432,36.1666666666667,97.3333333333333,801,100.125,,0.009987515605493,100.125,-45.875,47,5,16277,-99,0.829787234042553,-0.006082201879953,8,15.75,19.8997487421324,9.48683298050514,6.11519055758327,0,1,0,,-13.2698371672261,1,0,0,0,84,-108,127,0.006242197253433,0.013623978201635,100.125,-45.875,-0.458177278401998,0.219725343320849,3.66541822721598,-1968.2,80.2,0.351733963726115,0,-0,217,584,-367,0.270911360799001,100.125,0.998751560549313,0.006242197253433,6.24219725343321,0.006242197253433,0.458177278401998,0.013623978201635,0.006242197253433,100.125,45.875,3277,3692,-415,0.470225283397905,224.806451612903,0.444827091404793,0.003013344812742,3.01334481274214,0.003013344812742,0.05954943320419,0.050602409638554,0.003013344812742,224.806451612903,13.3870967741935,8089,8188,-99,0.496958899060023,346.31914893617,0.288750998341218,0.002396018922406,2.39601892240585,0.002396018922406,0.006082201879953,0.393939393939394,0.002396018922406,346.31914893617,2.1063829787234,8089,8188,-99,0.496958899060023,346.31914893617,0.288750998341218,0.002396018922406,2.39601892240585,0.002396018922406,0.006082201879953,0.393939393939394,0.002396018922406,346.31914893617,2.1063829787234,0,0,0,0.219725343320849,0.045454545454546,-1.6,2.4,0.533333333333333,0.116666666666667,8.47584804016684,8.33306666239986,6.85921926234239,-17,15,0.566666666666667,0.068034953952952,-1.18787878787879,0.072094248264669,13.8707320496476,1,-17,9,0,9,-3,4,-9,-5,5385,4006.6,2425.73333333333,1906.4,3239.67245257912,2720.63673429585,1985.21251479253,903,11449,0.916666666666667,0.351733963726115,223.248484848485,3850.95990507739,0.811226311621964,3124,3044,3232,6076,3828,1617,903,1573,2509,-9.4,79.6,53.1333333333333,28.8333333333333,255.480410207906,230.757101732536,164.142363683345,-315,422,0.95,1.12625810009232,-18.0969696969697,54.9670146488877,4.32986949573796,238,-286,298,18,72,95,23,-337,-81,-39,-52,-38,-39,-27,-1,-40,-54,-32,-25,-31,-1,-40,-54,-21,-5,-1,-1,-11,-33,28,1,21,0,83,49,124,57,3,1,0,0,1,0,0,,0,0,0,1
2022-09-02,down,traded,12338.75,12415,12368.75,180,180,180,1620,3420,573,0,5,9,3,0,1,0,37,18,8,11,188,6302,-5,1,37,0.029831799428753,12338.75,12345.625,-7,-20,-35,,,-1,,,,-61,-24,-29.1680878659943,-61,-2,42,31,256,-61,-2,217,42,243,7,20,,,-7,6,-6,873,3297,12952,12952,3415.9,0.9,0.322191047760203,0.374084072502892,-23,-333,-346,-346,-323,-109,-40.8787878787879,-50.6,-2.70749388370051,0,0,0,0,0,0,0,0,0,0,-23,873,425,448,12345,-0.5,-0.026345933562428,6,5,12.6002290806412,60.7142857142857,64,873,79.3636363636364,,0.012600229095075,79.3636363636364,-2.09090909090909,61,4,12952,-346,0.868852459016393,-0.026714021000618,11,18,21.0475651798492,3.39934634239519,6.59469483751902,0,1,0,,-29.1680878659943,0,1,1,0,217,42,243,0.006872852233677,0.260869565217391,79.3636363636364,-2.09090909090909,-0.026345933562428,0.22794959908362,0.289805269186713,-586.1,-139.3,0.322191047760203,-1,1,425,448,-23,0.486827033218786,79.3636363636364,1.26002290950745,0.006872852233677,6.87285223367698,0.006872852233677,0.026345933562428,0.260869565217391,0.006872852233677,79.3636363636364,2.09090909090909,3058,3592,-534,0.45984962406015,184.722222222222,0.541353383458647,0.005413533834586,5.41353383458647,0.005413533834586,0.080300751879699,0.067415730337079,0.005413533834586,184.722222222222,14.8333333333333,6303,6649,-346,0.486642989499691,212.327868852459,0.470969734403953,0.004092032118592,4.09203211859172,0.004092032118592,0.026714021000618,0.153179190751445,0.004092032118592,212.327868852459,5.67213114754098,6303,6649,-346,0.486642989499691,212.327868852459,0.470969734403953,0.004092032118592,4.09203211859172,0.004092032118592,0.026714021000618,0.153179190751445,0.004092032118592,212.327868852459,5.67213114754098,0,1,199,0.22794959908362,0.055276381909548,-3.4,1.1,1.46666666666667,0.6,9.04654630231891,8.20304821392633,7.25136002569326,-15,20,0.05,-1.99502805203546,-2.24848484848485,-2.04067121422578,6.3704529712456,-13,-15,0,3,0,5,4,2,-1,4692.4,3415.9,1879.46666666667,1649.3,2436.27408967054,2164.41874183347,1690.09454830853,515,8704,0.9,0.322191047760203,331.012121212121,3478.78355221926,0.69679529169144,2424,3353,6302,8704,2229,1620,960,1738,1197,3.6,47.3,76.2,51.9,217.826169226748,193.020232100161,142.641134787036,-310,328,0.016666666666667,-2.70749388370051,-40.8787878787879,-2.44271703963186,126.907863240157,-310,-201,188,110,-71,264,130,116,29,-51,-62,-48,-52,-38,-1,-44,-58,-33,-32,-21,-1,-44,-57,-10,0,11,-1,47,-12,78,-13,-5,0,224,131,245,103,34,1,0,0,1,0,0,,0,0,0,0
2022-09-06,down,traded,12105,12166.25,12117.5,300,300,300,1500,3300,575,0,2,9,3,0,0,0,39,25,5,9,112,5932,9.66666666666861,1,39,0.01888064733648,12103.75,12103.75,-2,-2,-5,-45,,-1,,,,-50,-11,-19.9307436749295,-53,4,-26,-51,-1,-53,4,-27,-43,-5,2,2,45,,-2,-2,2.2,1236,4380,14869,20801,2000.6,0.95,1.61559935582636,1.17742319599905,152,94,-345,-233,-385,-46,-11.0545454545455,-12,-0.541414937519411,3,1,2,14,8.27822222222222,3,3,995,1,0,152,1236,694,542,12102.5,-1,0.122977346278317,2,2,3.23624595207423,231.333333333333,180.666666666667,1236,309,,0.003236245954693,309,38,57,6,20801,-233,0.350877192982456,-0.01120138454882,4,17.2,29.3768616431368,9.57078889120432,8.96561332102953,0,1,0,-9,-19.9307436749295,0,1,0,1,-27,-43,-5,0.001618122977346,0.013157894736842,309,38,0.122977346278317,0.703074433656958,0.491909385113269,-661.9,-2.1,-1.61559935582636,-1,1,694,542,152,0.561488673139159,309,0.323624595469256,0.001618122977346,1.61812297734628,0.001618122977346,0.122977346278317,0.013157894736842,0.001618122977346,309,38,3846,3764,82,0.5053876478318,543.571428571429,0.183968462549277,0.000788436268068,0.788436268068331,0.000788436268068,0.010775295663601,0.073170731707317,0.000788436268068,543.571428571429,5.85714285714286,7262,7607,-345,0.488398681821239,260.859649122807,0.383347905037326,0.003026430829242,3.02643082924205,0.003026430829242,0.023202636357522,0.130434782608696,0.003026430829242,260.859649122807,6.05263157894737,10284,10517,-233,0.49439930772559,364.929824561404,0.274025287245805,0.00096149223595,0.961492235950195,0.00096149223595,0.01120138454882,0.085836909871245,0.00096149223595,364.929824561404,4.08771929824561,1,1,869,0.703074433656958,0.004602991944764,-8.6,-4.4,-1.96666666666667,-0.9,9.89141041510259,8.34505841801003,5.44354867914509,-25,3,0.633333333333333,0.361283931234272,-0.848484848484849,-4.7025177968346,-0,0,-3,-15,-25,1,0,-3,0,-2,3913,2000.6,730.3,414.35,1106.62911582879,2066.76675994172,1493.99663431125,20,5932,0.95,1.61559935582636,496,2353.62074896612,1.33581419240167,3144,3230,2986,4273,80,67,76,28,91,-77,-37.4,-21.6333333333333,-12.05,145.040683947643,110.48999954747,67.1696773518792,-331,112,0.083333333333333,-0.541414937519411,-11.0545454545455,-47.6096934912426,1.21823930688965,-58,-12,-96,-331,20,-15,2,-6,5,-15,-42,-12,-15,-27,-1,-15,-45,-12,-15,-27,-1,-45,-66,-36,-15,-19,-1,-61,-80,-39,-42,-21,-1,-24,-41,-21,-25,-9,-1,0,0,1,0,0,,0,0,0,0
2022-09-08,down,traded,12116.25,12176.25,12122.5,300,300,300,1500,3300,575,0,4,9,3,0,0,0,43,28,0,15,-766,9374,-4.33333333333285,1,43,-0.081715382974184,12120,12123.125,-7,-9,-28,-17,,-1,,,,-45,-2,-19.7070803863404,-45,1,-114,-149,72,-45,1,-114,-136,63,7,9,17,,-7,-5,-3.5,1595,5033,14136,23510,4107,0.95,0.568603911114041,0.571981854368758,-111,-239,-48,-814,-703,141,-10.6787878787879,16.8,-0.531491758043079,0,0,0,0,0,0,0,0,0,0,-111,1595,742,853,12125,1.5,-0.069592476489028,7,4,6.89655171981407,92.75,106.625,1595,145,,0.006896551724138,145,-10.0909090909091,48,6,23510,-814,0.9375,-0.034623564440664,11,19.2,23.6431808350738,10.0119928086271,8.32426172902638,0,1,0,-3.4,-19.7070803863404,1,0,0,0,-114,-136,63,0.004388714733542,0.063063063063063,145,-10.0909090909091,-0.069592476489028,0.361128526645768,0.76551724137931,-1266.3,64.1,-0.568603911114041,0,-0,742,853,-111,0.465203761755486,145,0.689655172413793,0.004388714733542,4.38871473354232,0.004388714733542,0.069592476489028,0.063063063063063,0.004388714733542,145,10.0909090909091,3618,4126,-508,0.46720041322314,234.666666666667,0.426136363636364,0.003744834710744,3.7448347107438,0.003744834710744,0.065599173553719,0.057086614173228,0.003744834710744,234.666666666667,15.3939393939394,7044,7092,-48,0.49830220713073,344.780487804878,0.29003961516695,0.0012026032824,1.20260328239955,0.0012026032824,0.00339558573854,0.354166666666667,0.0012026032824,344.780487804878,1.17073170731707,11348,12162,-814,0.482688217779668,489.791666666667,0.204168438962144,0.00191407911527,1.9140791152701,0.00191407911527,0.034623564440664,0.055282555282555,0.00191407911527,489.791666666667,16.9583333333333,0,2,1054,0.361128526645768,0.019097222222222,-2,-2.7,-1.06666666666667,-0.383333333333333,9.89949493661167,9.01165911472466,6.23930195525821,-19,12,0.35,-0.149589383560249,0.042424242424243,-2.69060740243539,0.743326580529626,-2,-19,-1,12,0,7,4,0,7,4383,4107,2200.73333333333,1614.08333333333,2514.11614687946,2872.56669200212,2175.97283888277,756,10085,0.95,0.568603911114041,128.921212121212,3763.2421732857,0.913573945467951,3438,2711,2890,3502,10085,2856,756,818,979,-140.6,-60.8,-24.4666666666667,-10.5166666666667,379.328670152943,301.191234932227,194.797627181533,-766,366,0.15,-0.531491758043079,-10.6787878787879,-67.0353330732386,1.90944079982649,-128,-269,94,366,-35,314,66,-10,71,-43,-46,-35,-37,,-1,-44,-51,-38,-43,,-1,-44,-69,-27,-43,-59,-1,-128,-152,-89,-43,-59,-1,-115,-148,15,0,-38,0,0,0,1,0,0,,0,0,0,0
2022-09-16,down,traded,11827.5,11871.25,11835,60,60,60,1740,3540,571,0,5,9,3,0,0,1,29,26,3,0,-703,8779,-9.66666666666715,1,29,-0.080077457569199,11827.5,11830,-6,,,,,-1,,,,-35,-6,-15.6666666666672,-35,-6,-142,-326,-88,-35,-6,-242,-319,-105,6,,,,-6,,0.8,1017,9796,9796,9796,3547.1,0.983333333333333,3.15253622849416,0.387376921172415,-205,-908,-908,-908,-703,-1114,-30.1515151515152,-119.3,-3.33441629741087,0,0,0,0,0,0,0,0,0,0,-205,1017,406,611,11830,0,-0.2015732546706,7,3,9.83284168158029,50.75,76.375,1017,101.7,,0.009832841691249,101.7,-20.5,38,2,9796,-908,0.842105263157895,-0.092690894242548,10,10,6,,6.4803977930028,0,1,0,,-15.6666666666672,0,1,0,1,-242,-319,-105,0.006882989183874,0.034146341463415,101.7,-20.5,-0.2015732546706,0.168141592920354,2.015732546706,2240,-77.4,-3.15253622849416,1,-1,406,611,-205,0.3992133726647,101.7,0.983284169124877,0.006882989183874,6.88298918387414,0.006882989183874,0.2015732546706,0.034146341463415,0.006882989183874,101.7,20.5,4444,5352,-908,0.453654552878726,257.789473684211,0.387913434054716,0.003266639444671,3.26663944467129,0.003266639444671,0.092690894242548,0.035242290748899,0.003266639444671,257.789473684211,23.8947368421053,4444,5352,-908,0.453654552878726,257.789473684211,0.387913434054716,0.003266639444671,3.26663944467129,0.003266639444671,0.092690894242548,0.035242290748899,0.003266639444671,257.789473684211,23.8947368421053,4444,5352,-908,0.453654552878726,257.789473684211,0.387913434054716,0.003266639444671,3.26663944467129,0.003266639444671,0.092690894242548,0.035242290748899,0.003266639444671,257.789473684211,23.8947368421053,0,0,0,0.168141592920354,0.058479532163743,-2.4,0.1,1.36666666666667,-0.066666666666667,2.57681974534503,7.96806124474455,7.67890327817427,-16,16,0.616666666666667,-0.17797680438965,-0.006060606060606,0.22143629631237,0,0,-5,0,-1,16,14,-10,5,-11,5077.6,3547.1,2161.26666666667,1802.05,3742.77809120445,3061.71133355187,2099.17756805427,893,10441,0.983333333333333,3.15253622849416,744.381818181818,4509.38956173115,1.94682670011542,8779,10441,2403,1931,2001,4179,1759,1879,1732,-115.2,-29.9,13.1333333333333,14.4166666666667,355.787801926935,311.007218565743,214.770223468918,-703,411,0.016666666666667,-3.33441629741087,-30.1515151515152,-72.8291679802562,9.65272595439484,-703,411,-161,-25,327,67,-185,151,-82,-21,-33,-14,-3,-8,-1,-10,-21,-5,-10,-26,-1,-10,-26,-6,-10,,-1,-51,-60,-10,-10,-90,-1,-236,-279,-146,-112,-94,-1,2,0,1,0,0,,0,0,0,0
2022-09-26,up,traded,11388.75,11377.5,11342.5,60,60,60,1740,3540,571,0,1,9,3,0,0,0,28,19,1,8,30,5138,8.66666666666715,1,28,0.005838847800701,11390,11382.5,11,,,,,1,,,,10,38,19.6666666666672,10,38,,,,10,38,,,,11,,,,11,,1.2,1427,6565,6565,6565,3288.7,0.983333333333333,1.79063859848501,0.546638574985635,-43,-13,-13,-13,30,-113,-0.781818181818183,145.3,0.331090880604783,0,0,0,0,0,0,0,0,0,0,-43,1427,692,735,11380,-2,-0.030133146461107,11,1,8.40925016929975,57.6666666666667,61.25,1427,118.916666666667,,0.008409250175193,118.916666666667,-3.58333333333333,38,2,6565,-13,0.789473684210526,-0.001980198019802,12,12,11,,5.16397779494322,1,0,0,,19.6666666666672,,,,,,,,0.00770847932726,0.255813953488372,118.916666666667,-3.58333333333333,-0.030133146461107,0.267694463910301,0.361597757533287,1149.2,68.8,1.79063859848501,,,692,735,-43,0.484933426769446,118.916666666667,0.840925017519271,0.00770847932726,7.70847932725999,0.00770847932726,0.030133146461107,0.255813953488372,0.00770847932726,118.916666666667,3.58333333333333,3276,3289,-13,0.499009900990099,172.763157894737,0.578827113480579,0.004569687738005,4.56968773800457,0.004569687738005,0.001980198019802,2.30769230769231,0.004569687738005,172.763157894737,0.342105263157895,3276,3289,-13,0.499009900990099,172.763157894737,0.578827113480579,0.004569687738005,4.56968773800457,0.004569687738005,0.001980198019802,2.30769230769231,0.004569687738005,172.763157894737,0.342105263157895,3276,3289,-13,0.499009900990099,172.763157894737,0.578827113480579,0.004569687738005,4.56968773800457,0.004569687738005,0.001980198019802,2.30769230769231,0.004569687738005,172.763157894737,0.342105263157895,0,2,658,0.267694463910301,0.031413612565445,3.6,2.3,0.866666666666667,1.63333333333333,4.58693797647189,6.14898365585728,7.12616462216684,-12,16,0.433333333333333,-0.12161754781398,-0.054545454545455,1.93717543600638,0,0,11,6,3,-10,-10,-3,17,11,4661.4,3288.7,2273.13333333333,1983.76666666667,2479.32963520384,2278.27206672074,1599.91338793351,967,9263,0.983333333333333,1.79063859848501,587.230303030303,3966.88748749188,1.29522201378305,5138,9263,3646,2473,2750,3476,1469,2693,2074,-6.2,-6.7,-22.3333333333333,18.4,125.477328629518,124.653158804741,158.063348763153,-292,322,0.533333333333333,0.331090880604783,-0.781818181818183,-13.4135764725486,-2.2365399758518,30,143,46,-15,-212,-292,-171,369,396,13,3,29,6,10,1,14,9,29,14,8,1,14,4,32,6,30,1,60,15,77,5,-2,1,,,,,,,2,0,1,0,0,,0,0,0,0
2022-10-07,down,traded,11297.5,11348.75,11310,120,120,120,1680,3480,572,0,5,10,4,0,1,0,31,15,2,14,-192,7356,-1,1,31,-0.026101141924959,11298.75,11310,-14,-23,,,,-1,,,,-40,-9,-20.0849728390895,-40,-4,-195,-339,-183,-40,-4,-199,-319,-188,14,23,,,-14,-5,-1.3,1820,6307,13663,13663,3683,0.966666666666667,1.45713238568116,0.724868567787159,-144,-235,-427,-427,-283,101,-2.27878787878788,99.9,0.102423821957644,1,0,1,14.5,14.5,1,1,87,0,0,-144,1820,838,982,11315,4,-0.079120879120879,14,6,10.9890109829731,55.8666666666667,65.4666666666667,1820,91,,0.010989010989011,91,-7.2,41,3,13663,-427,0.926829268292683,-0.031252287199005,20,19.5,16.6433169770932,2.5,5.35038939392888,0,1,0,,-20.0849728390895,0,1,0,1,-199,-319,-188,0.007692307692308,0.097222222222222,91,-7.2,-0.079120879120879,0.120879120879121,1.58241758241758,597.1,93.3,-1.45713238568116,1,-1,838,982,-144,0.46043956043956,91,1.0989010989011,0.007692307692308,7.69230769230769,0.007692307692308,0.079120879120879,0.097222222222222,0.007692307692308,91,7.2,6618,7045,-427,0.484373856400498,333.243902439024,0.300080509404962,0.002781233989607,2.78123398960697,0.002781233989607,0.031252287199005,0.088992974238876,0.002781233989607,333.243902439024,10.4146341463415,6618,7045,-427,0.484373856400498,333.243902439024,0.300080509404962,0.002781233989607,2.78123398960697,0.002781233989607,0.031252287199005,0.088992974238876,0.002781233989607,333.243902439024,10.4146341463415,6618,7045,-427,0.484373856400498,333.243902439024,0.300080509404962,0.002781233989607,2.78123398960697,0.002781233989607,0.031252287199005,0.088992974238876,0.002781233989607,333.243902439024,10.4146341463415,0,1,220,0.120879120879121,0.090909090909091,-1.8,-1.3,-1.16666666666667,-0.166666666666667,6.30555310817378,8.86622805932715,6.96219952473514,-19,11,0.133333333333333,-1.12512336159044,-0.6,-2.21354431935851,4.06587748042389,-9,0,7,-9,-19,-7,0,-4,-10,5240,3683,1956.6,1523.85,1679.91511690323,2026.30012584513,1736.56149905496,596,7356,0.966666666666667,1.45713238568116,598.157575757576,4173.02770948192,1.07523848686762,4487,7356,7060,4235,3420,1583,596,793,981,-220.4,-178.2,-106.733333333333,-57.1166666666667,217.116190091849,188.10199360985,153.610098047694,-519,102,0.383333333333333,0.102423821957644,-2.27878787878788,-165.749976131259,0.549019686904428,-91,-192,94,-519,-330,-261,-96,-111,-81,-37,-50,-35,-37,-45,-1,-37,-55,-31,-25,-29,-1,-37,-72,-19,-24,-8,-1,-161,-212,-63,-24,-8,-1,-221,-263,-194,-196,-191,-1,0,0,1,0,0,,0,0,0,0
2022-10-13,down,traded,10486.25,10540,10493.75,180,180,180,1620,3420,573,0,4,10,4,0,0,0,37,10,3,24,486,8168,10.3333333333328,1,37,0.059500489715965,10487.5,10493.125,-7,-33,-39,,,-1,,,,-42,-5,-26.0398214495479,-42,-5,-280,-367,-255,-42,-5,-305,-338,-275,7,33,,,-7,19,-4.2,1128,4609,18154,18154,3509.8,0.95,0.966505764546237,0.502114400178055,-308,-741,-264,-264,44,-424,31.0424242424242,-76.7,-1.69168373417635,0,0,0,0,0,0,0,0,0,0,-308,1128,410,718,10495,1.5,-0.273049645390071,8,3,9.7517730410002,45.5555555555556,79.7777777777778,1128,102.545454545455,,0.009751773049645,102.545454545455,-28,43,4,18154,-264,0.674418604651163,-0.014542249641952,11,23.6666666666667,27.5862284482674,9.20144916122817,7.85854100114434,0,1,0,,-26.0398214495479,0,1,0,1,-305,-338,-275,0.00709219858156,0.025974025974026,102.545454545455,-28,-0.273049645390071,0.205673758865248,3.00354609929078,165.8,-143.8,-0.966505764546237,1,-1,410,718,-308,0.363475177304965,102.545454545455,0.975177304964539,0.00709219858156,7.09219858156028,0.00709219858156,0.273049645390071,0.025974025974026,0.00709219858156,102.545454545455,28,4618,5368,-750,0.462447426396956,237.761904761905,0.420588824354096,0.003805327458442,3.80532745844182,0.003805327458442,0.075105147206089,0.050666666666667,0.003805327458442,237.761904761905,17.8571428571429,8945,9209,-264,0.492728875179024,422.186046511628,0.236862399471191,0.001597444089457,1.59744408945687,0.001597444089457,0.014542249641952,0.109848484848485,0.001597444089457,422.186046511628,6.13953488372093,8945,9209,-264,0.492728875179024,422.186046511628,0.236862399471191,0.001597444089457,1.59744408945687,0.001597444089457,0.014542249641952,0.109848484848485,0.001597444089457,422.186046511628,6.13953488372093,0,0,0,0.205673758865248,0.047413793103448,-8.4,-5.2,-1.63333333333333,-0.666666666666667,9.06862723900371,7.38647412504776,5.84513092715258,-26,10,0.016666666666667,-4.1687118681081,-1.45454545454545,-6.98881518673255,3.72023001114094,-26,-6,0,-4,1,2,-1,-6,-11,5053,3509.8,1750.13333333333,1309.71666666667,1982.43496740751,2177.91426828514,1790.84981192977,551,8168,0.95,0.966505764546237,520.206060606061,3822.54350900749,0.910650197125899,3481,5377,8168,5797,1535,1067,678,454,819,125,-61.8,-25.8,-5.95,375.4373449725,391.276577372068,240.706931073176,-645,599,0.05,-1.69168373417635,31.0424242424242,-30.7404818270617,14.0856608050567,-433,-9,486,599,7,-29,-96,10,-67,-30,-33,-20,-19,-12,-1,-30,-43,-23,-19,-12,-1,-30,-55,-17,-19,-76,-1,-30,-298,-8,-19,-76,-1,-313,-328,-285,-287,-271,-1,1,0,1,0,0,,0,0,0,0
2022-10-17,up,traded,11043.75,11035,11000,300,300,300,1500,3300,575,0,1,10,4,0,0,0,28,22,5,1,-343,8327,6,1,28,-0.041191305392098,11043.75,11042.5,4,2,6,12,,1,,,,7,35,9.89393745648704,-9,35,,,,-9,35,,,,4,2,12,,4,6,0.2,801,4566,15935,24262,4933.3,0.916666666666667,0.509870368390295,0.248541640809234,93,-162,-1055,-1398,-1491,-43,4.41818181818182,-71.4,-0.835832015828069,2,1,1,10.5714285714286,10.2857142857143,1,2,214,2,0,93,801,447,354,11045,2,0.116104868913858,4,4,9.98751559302432,89.4,70.8,801,100.125,,0.009987515605493,100.125,11.625,44,6,24262,-1398,0.772727272727273,-0.057620971065864,8,14,10.1980390271856,3.87814388593306,5.18587826055851,1,0,0,2.4,9.89393745648704,,,,,,,,0.004993757802747,0.043010752688172,100.125,11.625,0.116104868913858,0.300873907615481,0.928838951310861,-1067.5,49.9,0.509870368390295,,,447,354,93,0.558052434456929,100.125,0.998751560549313,0.004993757802747,4.99375780274657,0.004993757802747,0.116104868913858,0.043010752688172,0.004993757802747,100.125,11.625,3557,3931,-374,0.475026709401709,416,0.240384615384615,0.000801282051282,0.801282051282051,0.000801282051282,0.049946581196581,0.016042780748663,0.000801282051282,416,20.7777777777778,7440,8495,-1055,0.466896768120489,612.884615384615,0.163162849074365,0.00075305930342,0.753059303420144,0.00075305930342,0.066206463759021,0.011374407582938,0.00075305930342,612.884615384615,40.5769230769231,11432,12830,-1398,0.471189514467068,551.409090909091,0.18135355700272,0.001401368395021,1.40136839502102,0.001401368395021,0.057620971065864,0.024320457796853,0.001401368395021,551.409090909091,31.7727272727273,0,2,481,0.300873907615481,0.033195020746888,1.6,-0.8,-1.2,-0.716666666666667,3.87814388593306,8.28009661779378,6.78920712111019,-20,13,0.4,-0.117834083675618,1.52727272727273,0.695916543306878,-2.87390782592455,-2,4,8,-2,13,-7,2,14,-9,4692.2,4933.3,2542.43333333333,1780.11666666667,1885.14926729954,2822.67986317967,2397.79901414239,805,12002,0.916666666666667,0.509870368390295,-12.2363636363636,4327.49370948616,0.870018595693591,3765,2922,3974,4473,12002,3515,815,1763,1307,-298.2,-244.3,-85.6333333333333,-44.1833333333333,134.568049699771,234.940864900085,202.63242309386,-762,265,0.1,-0.835832015828069,4.41818181818182,-212.440210587379,1.20033772935428,-255,-212,-146,-535,-50,-169,121,181,-255,57,41,64,40,34,1,57,49,68,40,34,1,57,31,81,40,34,1,203,117,225,56,34,1,,,,,,,0,0,1,0,0,,0,0,0,0
2022-10-19,up,traded,11181.25,11156.25,11118.75,240,240,240,1560,3360,574,0,3,10,4,0,0,0,30,20,1,9,557,6241,9.33333333333139,1,30,0.089248517865727,11181.25,11173.75,4,28,22,,,1,,,,20,50,24.8968741222256,2,50,-18,-201,79,2,50,-18,-192,68,4,28,,,4,-20,-0.2,903,4006,17517,17517,3434.6,0.916666666666667,0.669324651153163,0.392924743815678,159,604,1321,1321,1162,543,65.0181818181818,-219.3,1.82717517228614,1,1,0,3.875,3.875,1,1,124,0,0,159,903,531,372,11180,5,0.176079734219269,5,7,13.289036530134,88.5,62,903,75.25,,0.013289036544851,75.25,13.25,50,5,17517,1321,0.82,0.075412456470857,12,21.75,25.0798724079689,11.3880419739304,7.40937844146787,1,0,0,,24.8968741222256,1,0,0,0,-18,-192,68,0.005537098560354,0.031446540880503,75.25,13.25,0.176079734219269,0.159468438538206,2.11295681063123,-1321.7,-64.7,-0.669324651153163,0,-0,531,372,159,0.588039867109635,75.25,1.32890365448505,0.005537098560354,5.53709856035437,0.005537098560354,0.176079734219269,0.031446540880503,0.005537098560354,75.25,13.25,4120,3614,506,0.532712697181277,220.971428571429,0.452547194207396,0.002715283165244,2.71528316524438,0.002715283165244,0.065425394362555,0.041501976284585,0.002715283165244,220.971428571429,14.4571428571429,9419,8098,1321,0.537706228235428,350.34,0.285437004053205,0.002340583433236,2.34058343323628,0.002340583433236,0.075412456470857,0.031037093111279,0.002340583433236,350.34,26.42,9419,8098,1321,0.537706228235428,350.34,0.285437004053205,0.002340583433236,2.34058343323628,0.002340583433236,0.075412456470857,0.031037093111279,0.002340583433236,350.34,26.42,0,0,0,0.159468438538206,0.083333333333333,7.8,3,0.733333333333333,1.35,12.5920609909578,10.733126291999,7.37533426737769,-10,24,1,3.15465927687901,1.6969696969697,4.85195735317139,4.94645732702347,24,-6,-1,0,0,-1,1,3,-1,5013.8,3434.6,1959.06666666667,1514.23333333333,2040.515170245,2174.7542481853,1709.08591423083,573,8455,0.916666666666667,0.669324651153163,307.406060606061,3456.45021685063,0.897741846496873,3103,3728,3542,6241,2019,1067,1861,1757,612,320.6,142,65.1333333333333,43.2,230.217809910528,311.209254361113,207.898329852732,-508,557,0.983333333333333,1.82717517228614,65.0181818181818,199.010676660288,2.23606093636683,445,-98,258,557,283,105,237,-109,-20,43,42,49,44,,1,43,40,49,43,52,1,41,36,49,42,53,1,41,-71,59,-16,0,0,-36,-61,58,2,27,0,0,0,1,0,0,,0,0,0,0
2022-10-20,up,traded,11161.25,11140,11103.75,60,60,60,1740,3540,571,0,4,10,4,0,0,0,29,19,4,6,385,5137,7,1,29,0.074946466809422,11160,11146.875,20,,,,,1,,,,16,45,27,16,45,4,-100,88,16,45,4,-85,81,20,,,,20,,-0.5,2732,7869,7869,7869,2360.2,0.983333333333333,2.54555235369086,1.69552535220009,308,693,693,693,385,153,29.5878787878788,-38.3,2.68183726630335,0,0,0,0,0,0,0,0,0,0,308,2732,1520,1212,11147.5,0.5,0.112737920937042,21,2,8.4187408461132,69.0909090909091,55.0909090909091,2732,118.782608695652,,0.008418740849195,118.782608695652,13.3913043478261,46,2,7869,693,0.847826086956522,0.088067098741899,23,23,20,,4.52167618871095,1,0,0,,27,1,0,0,0,4,-85,81,0.007686676427526,0.068181818181818,118.782608695652,13.3913043478261,0.112737920937042,0.092606149341142,2.59297218155198,1466.5,61.9,-2.54555235369086,0,-0,1520,1212,308,0.556368960468521,118.782608695652,0.841874084919473,0.007686676427526,7.68667642752562,0.007686676427526,0.112737920937042,0.068181818181818,0.007686676427526,118.782608695652,13.3913043478261,4281,3588,693,0.544033549370949,171.065217391304,0.584572372601347,0.004956157072055,4.9561570720549,0.004956157072055,0.088067098741899,0.056277056277056,0.004956157072055,171.065217391304,15.0652173913043,4281,3588,693,0.544033549370949,171.065217391304,0.584572372601347,0.004956157072055,4.9561570720549,0.004956157072055,0.088067098741899,0.056277056277056,0.004956157072055,171.065217391304,15.0652173913043,4281,3588,693,0.544033549370949,171.065217391304,0.584572372601347,0.004956157072055,4.9561570720549,0.004956157072055,0.088067098741899,0.056277056277056,0.004956157072055,171.065217391304,15.0652173913043,0,0,0,0.092606149341142,0.090909090909091,3,3.2,1.06666666666667,0.766666666666667,1.78885438199983,4.06939798987516,5.01287231922866,-9,11,0.483333333333333,-0.212785524693116,0.048484848484849,2.52432115824139,0,0,5,4,2,0,-2,8,-1,-5,3452.6,2360.2,1323.03333333333,1125.06666666667,2719.22287427861,2225.12057201402,1498.28647646422,402,8030,0.983333333333333,2.54555235369086,534.290909090909,2992.9181493751,1.71638506087197,5137,8030,1627,1299,1713,1609,803,878,895,153.4,120.6,35.5666666666667,28.7666666666667,154.459832966373,159.083751527301,130.296247920737,-189,385,0.983333333333333,2.68183726630335,29.5878787878788,140.67247145772,2.73685388484636,385,232,-73,63,215,43,177,76,-59,38,29,40,28,35,1,37,26,43,33,45,1,37,17,53,14,-1,1,78,12,94,-4,2,1,20,-43,44,5,1,0,0,0,1,0,0,,0,0,0,0
2022-10-26,down,traded,11437.5,11478.75,11442.5,60,60,60,1740,3540,571,0,3,10,4,0,0,0,29,24,3,2,-643,7977,-8.33333333333285,1,29,-0.080606744390122,11436.25,11441.25,-7,,,,,-1,,,,-34,-5,-15.3333333333328,-34,-5,-222,-233,-63,-34,-5,-161,-222,-83,7,,,,-7,,0,1251,9228,9228,9228,2885,1,3.71219327234178,0.637939826619072,-263,-906,-906,-906,-643,-791,-17.7575757575758,-134.6,-4.0747038787779,0,0,0,0,0,0,0,0,0,0,-263,1251,494,757,11441.25,0,-0.210231814548361,7,5,9.592326131421,61.75,94.625,1251,104.25,,0.009592326139089,104.25,-21.9166666666667,36,2,9228,-906,0.861111111111111,-0.098179453836151,12,12,7,,4.84011019158311,0,1,0,,-15.3333333333328,0,1,0,1,-161,-222,-83,0.005595523581135,0.026615969581749,104.25,-21.9166666666667,-0.210231814548361,0.213429256594724,2.52278177458034,1944.6,-131.8,-3.71219327234178,1,-1,494,757,-263,0.394884092725819,104.25,0.959232613908873,0.005595523581135,5.59552358113509,0.005595523581135,0.210231814548361,0.026615969581749,0.005595523581135,104.25,21.9166666666667,4161,5067,-906,0.450910273081925,256.333333333333,0.390117035110533,0.003359341135674,3.35934113567404,0.003359341135674,0.098179453836151,0.034216335540839,0.003359341135674,256.333333333333,25.1666666666667,4161,5067,-906,0.450910273081925,256.333333333333,0.390117035110533,0.003359341135674,3.35934113567404,0.003359341135674,0.098179453836151,0.034216335540839,0.003359341135674,256.333333333333,25.1666666666667,4161,5067,-906,0.450910273081925,256.333333333333,0.390117035110533,0.003359341135674,3.35934113567404,0.003359341135674,0.098179453836151,0.034216335540839,0.003359341135674,256.333333333333,25.1666666666667,0,1,267,0.213429256594724,0.044943820224719,1.8,0.9,-0.1,0.516666666666667,3.31058907144937,4.48218696620299,4.22965719651132,-12,7,0.433333333333333,0.023642577957023,0.103030303030303,0.807328517222201,0,0,7,-3,3,4,-12,-8,3,3,4084.6,2885,1647.76666666667,1266.16666666667,3015.85156133388,2487.86526966393,1704.98486177704,642,7977,1,3.71219327234178,622.133333333333,3641.12218523517,2.19080810645326,7977,7542,2076,1606,2017,2004,842,2059,841,-42.6,-35.6,-10.7,21.7666666666667,303.097080157497,222.590296284452,155.17692053481,-643,303,0.016666666666667,-4.0747038787779,-17.7575757575758,-70.0533049980014,9.17872468712711,-643,148,160,64,41,-84,-42,165,43,-43,-54,-37,-34,-39,-1,-62,-64,-43,-34,-39,-1,-42,-55,-37,-42,-35,-1,-42,-79,-37,-42,-13,-1,-163,-208,-151,-147,-70,-1,0,0,1,0,0,,0,0,0,0
2022-10-28,up,traded,11263.75,11246.25,11206.25,120,120,120,1680,3480,572,0,5,10,4,0,0,0,32,17,9,6,578,7702,4.66666666666715,1,32,0.075045442742145,11262.5,11258.125,5,22,,,,1,,,,13,45,19.8140735329929,-2,45,17,-162,33,-2,45,17,-150,31,5,22,,,5,-12,2.6,975,6963,14665,14665,3337.3,0.966666666666667,2.16597358373197,0.473186119873817,59,623,1201,1201,1142,-14,47.4121212121212,201.5,2.86898555075159,1,1,0,3.48275862068966,3.48275862068966,1,1,101,0,0,59,975,517,458,11256.25,-1.5,0.060512820512821,6,3,9.23076922130178,73.8571428571429,65.4285714285714,975,108.333333333333,,0.009230769230769,108.333333333333,6.55555555555556,47,3,14665,1201,0.829787234042553,0.081895669962496,9,20.5,17.7200451466693,6,6.49273097822138,1,0,0,,19.8140735329929,1,0,0,0,17,-150,31,0.006153846153846,0.101694915254237,108.333333333333,6.55555555555556,0.060512820512821,0.219487179487179,0.544615384615385,1342,206.2,2.16597358373197,0,-0,517,458,59,0.53025641025641,108.333333333333,0.923076923076923,0.006153846153846,6.15384615384615,0.006153846153846,0.060512820512821,0.101694915254237,0.006153846153846,108.333333333333,6.55555555555556,7933,6732,1201,0.540947834981248,312.021276595745,0.320490964882373,0.002659393112854,2.65939311285373,0.002659393112854,0.081895669962496,0.032472939217319,0.002659393112854,312.021276595745,25.5531914893617,7933,6732,1201,0.540947834981248,312.021276595745,0.320490964882373,0.002659393112854,2.65939311285373,0.002659393112854,0.081895669962496,0.032472939217319,0.002659393112854,312.021276595745,25.5531914893617,7933,6732,1201,0.540947834981248,312.021276595745,0.320490964882373,0.002659393112854,2.65939311285373,0.002659393112854,0.081895669962496,0.032472939217319,0.002659393112854,312.021276595745,25.5531914893617,0,0,0,0.219487179487179,0.042056074766355,6.2,1.6,-0.366666666666667,-0.033333333333333,9.17387595294377,8.48763806956918,6.19937272812518,-12,17,1,2.80135869035232,1.61212121212121,3.56997231173178,4.76194169465515,17,0,14,-8,-1,-12,-4,3,7,5306.2,3337.3,1632.83333333333,1265.28333333333,2719.70398389236,2763.43102139351,2010.72012113958,435,8568,0.966666666666667,2.16597358373197,780.624242424242,4114.67093968437,1.4552804070547,5988,7702,8568,2288,1555,822,481,1583,1397,149.4,77.3,2.43333333333333,7.18333333333333,386.096153826997,291.707061964567,195.737014611159,-450,578,0.983333333333333,2.86898555075159,47.4121212121212,144.254499154425,3.909756737613,564,578,8,-450,-25,-166,-83,149,297,58,41,71,33,48,1,58,50,92,42,34,1,66,54,101,39,34,1,118,66,126,67,34,1,-20,-82,20,2,20,0,0,0,1,0,0,,0,0,0,0
2022-11-03,down,traded,10843.75,10830,10792.5,180,180,180,1620,3420,573,0,4,11,4,0,0,0,30,25,0,5,-482,7086,-6.66666666666715,1,30,-0.068021450747954,10843.75,10822.5,35,30,36,,,1,,,,11,41,30.1118068555937,11,42,-76,-493,-75,11,42,-409,-485,-76,35,30,,,35,40,1.7,4068,8144,19559,19559,4191.9,0.95,0.684133086721806,1.3967621761747,784,778,451,451,-333,-161,-12.5636363636364,-29.9,-0.183307906836906,1,1,0,3.36,3.36,1,1,84,0,0,784,4068,2426,1642,10807.5,-12,0.192723697148476,35,5,9.83284168883165,67.3888888888889,45.6111111111111,4068,101.7,,0.009832841691249,101.7,19.6,45,4,19559,451,0.244444444444444,0.023058438570479,40,26.6666666666667,35.8608421540822,16.8720676464584,5.68125572973675,1,0,1,,30.1118068555937,0,1,0,1,-409,-485,-76,0.008603736479843,0.044642857142857,101.7,19.6,0.192723697148476,0.058013765978368,7.70894788593904,-436.9,-51.9,-0.684133086721806,-1,1,2426,1642,784,0.596361848574238,101.7,0.983284169124877,0.008603736479843,8.60373647984268,-0.008603736479843,0.192723697148476,0.044642857142857,0.008603736479843,101.7,19.6,6703,5770,933,0.537400785697106,277.177777777778,0.360779283251824,0.002886234266015,2.88623426601459,-0.002886234266015,0.074801571394212,0.038585209003215,0.002886234266015,277.177777777778,20.7333333333333,10005,9554,451,0.51152921928524,434.644444444444,0.230073112122297,0.000562400940743,0.562400940743392,-0.000562400940743,0.023058438570479,0.024390243902439,0.000562400940743,434.644444444444,10.0222222222222,10005,9554,451,0.51152921928524,434.644444444444,0.230073112122297,0.000562400940743,0.562400940743392,-0.000562400940743,0.023058438570479,0.024390243902439,0.000562400940743,434.644444444444,10.0222222222222,0,0,0,0.058013765978368,0.169491525423729,-4,-1.2,-1.56666666666667,-3.11666666666667,9.18694726228468,7.7175125526299,8.6359069523061,-21,17,0.483333333333333,-0.397564882564709,-0.751515151515151,-2.44461929183053,2.04530824767238,-5,6,0,-21,1,-5,-5,-8,2,6022.4,4191.9,2567.96666666667,2560.9,3542.56994849784,3136.11321383652,2204.29820250246,924,12392,0.95,0.684133086721806,470.151515151515,4439.42839258514,0.918136219250174,4076,4329,7086,12392,1718,3045,1056,1471,2082,53.6,65.5,30.3,-0.7,327.82348909131,253.478697329776,198.027464425182,-482,540,0.466666666666667,-0.183307906836906,-12.5636363636364,27.0276110313596,-0.221995203092065,-6,155,-482,540,-26,-387,-86,-41,76,17,11,21,9,13,1,18,9,22,10,13,1,20,15,32,9,13,1,9,-69,36,1,-7,0,-313,-469,-288,-96,-83,-1,0,0,1,0,0,,0,0,0,0
2023-03-15,up,traded,12267.5,12243.75,12198.75,240,240,240,1560,3360,574,0,3,3,1,0,0,0,36,12,14,10,-267,6679,2.66666666666715,1,36,-0.039976044318012,12266.25,12253.125,18,34,27,,,1,,,,18,54,31.0524077232432,12,54,-50,-73,78,12,54,-50,-62,65,18,34,,,18,2,2.5,3215,6749,19046,19046,4451.1,0.966666666666667,0.407798423835573,1.06926082979962,91,281,-178,-178,-269,352,-57.9575757575758,316.7,0.427148999083723,4,2,2,12.1724137931034,6.51280872168958,0.8,4,794,5,0,91,3215,1653,1562,12252.5,-0.5,0.028304821150855,17,8,7.77604976429983,91.8333333333333,86.7777777777778,3215,128.6,,0.007776049766719,128.6,3.64,56,5,19046,-178,0.785714285714286,-0.009345794392523,25,24.75,25.5734237050888,9.97496867163,7.07334590008309,1,0,0,,31.0524077232432,1,0,0,0,-50,-62,65,0.005287713841369,0.186813186813187,128.6,3.64,0.028304821150855,0.149300155520995,0.707620528771384,-2835.7,284.9,-0.407798423835573,0,-0,1653,1562,91,0.514152410575428,128.6,0.777604976671851,0.005287713841369,5.28771384136858,0.005287713841369,0.028304821150855,0.186813186813187,0.005287713841369,128.6,3.64,4801,4682,119,0.506274385742908,210.733333333333,0.474533375514078,0.003058103975535,3.05810397553517,0.003058103975535,0.012548771485817,0.243697478991597,0.003058103975535,210.733333333333,2.64444444444444,9434,9612,-178,0.495327102803738,340.107142857143,0.294024992124331,0.002310196366691,2.31019636669117,0.002310196366691,0.009345794392523,0.247191011235955,0.002310196366691,340.107142857143,3.17857142857143,9434,9612,-178,0.495327102803738,340.107142857143,0.294024992124331,0.002310196366691,2.31019636669117,0.002310196366691,0.009345794392523,0.247191011235955,0.002310196366691,340.107142857143,3.17857142857143,0,2,811,0.149300155520995,0.052083333333333,2.8,6.2,3.3,1.41666666666667,7.62627038597505,7.61314652426971,6.35688603012513,-7,19,0.983333333333333,1.99783352097474,-0.945454545454545,4.63163111604735,3.45450654404759,16,-7,5,0,4,-2,2,3,3,6314.2,4451.1,2411.93333333333,1886.11666666667,4925.28985542983,3965.20595808087,2751.52281392606,754,15740,0.966666666666667,0.407798423835573,252.369696969697,4175.56192373314,0.846353153072257,3534,2734,2884,6679,2996,992,950,1103,838,-290.2,2.3,63.7333333333333,42.9166666666667,471.291162658499,461.7213553649,295.603330307507,-1182,625,0.85,0.427148999083723,-57.9575757575758,-40.4448383547064,-4.69775644381801,190,-162,-30,-267,126,-22,130,141,90,52,34,69,46,41,1,52,34,85,46,41,1,53,35,96,46,39,1,86,-21,130,8,-1,0,2,-44,43,2,-19,0,1,0,1,0,0,,0,0,0,0
2023-05-25,down,traded,13923.75,13966.25,13926.25,60,60,60,1740,3540,571,0,4,5,2,0,0,0,32,21,9,2,-742,9456,-9.33333333333285,1,32,-0.07846869712352,13923.75,13925,-4,,,,,-1,,,,-34,-2,-13.3333333333328,-34,-2,216,174,285,-34,-2,251,197,280,4,,,,-4,,-0.9,804,10260,10260,10260,3466.1,1,3.88828451009606,0.307151589242054,-150,-892,-892,-892,-742,-1289,-49.9090909090909,-77.5,-3.06776921930168,2,0,2,37,22.75,0.666666666666667,2,159,3,0,-150,804,327,477,13922.5,-2,-0.186567164179104,4,4,9.95024874384297,65.4,95.4,804,100.5,,0.009950248756219,100.5,-18.75,37,2,10260,-892,0.675675675675676,-0.086939571150098,8,8,4,,5.57464498122227,0,1,0,,-13.3333333333328,0,1,1,0,251,197,280,0.004975124378109,0.026666666666667,100.5,-18.75,-0.186567164179104,0.167910447761194,1.49253731343284,2093.7,-153.5,3.88828451009606,-1,1,327,477,-150,0.406716417910448,100.5,0.995024875621891,0.004975124378109,4.97512437810945,0.004975124378109,0.186567164179104,0.026666666666667,0.004975124378109,100.5,18.75,4684,5576,-892,0.456530214424951,277.297297297297,0.360623781676413,0.002436647173489,2.43664717348928,0.002436647173489,0.086939571150098,0.028026905829596,0.002436647173489,277.297297297297,24.1081081081081,4684,5576,-892,0.456530214424951,277.297297297297,0.360623781676413,0.002436647173489,2.43664717348928,0.002436647173489,0.086939571150098,0.028026905829596,0.002436647173489,277.297297297297,24.1081081081081,4684,5576,-892,0.456530214424951,277.297297297297,0.360623781676413,0.002436647173489,2.43664717348928,0.002436647173489,0.086939571150098,0.028026905829596,0.002436647173489,277.297297297297,24.1081081081081,0,0,0,0.167910447761194,0.059259259259259,1.2,0.7,-0.833333333333333,0.583333333333333,3.42928563989645,4.73392015141785,6.17566910454963,-19,8,0.533333333333333,0.134938145037501,-0.163636363636364,0.001105407609509,0,0,3,-2,-2,-8,-19,-1,3,-3,4770.8,3466.1,2416.06666666667,1855.16666666667,3245.50910644232,2661.00952459776,1810.5499520557,1063,9456,1,3.88828451009606,670.163636363636,4355.37727841629,2.17110927378452,9456,7935,2477,2062,2901,3909,1536,1561,776,4,76.9,37.7333333333333,47.0666666666667,456.322254552635,354.401594240207,254.169488508926,-742,547,0.016666666666667,-3.06776921930168,-49.9090909090909,-10.685043084464,69.4428645850632,-742,547,11,-190,-109,-293,126,165,-18,-33,-36,-27,-27,-30,-1,-35,-40,-29,-27,-30,-1,-33,-38,-23,-7,-16,-1,67,-1,87,-7,1,0,250,224,275,207,179,1,1,0,1,0,0,,0,0,0,0
2023-06-02,up,traded,14592.5,14586.25,14543.75,120,120,120,1680,3480,572,0,5,6,2,0,1,0,34,30,4,0,1432,10142,8.66666666666861,1,34,0.141195030565963,14592.5,14590,4,9,,,,1,,,,5,39,13.5390070921989,2,39,95,51,272,2,39,103,77,267,4,9,,,4,-1,1.1,1012,7414,17556,17556,3792.8,0.966666666666667,1.81510038922758,0.375649591685226,38,206,1638,1638,1600,-1264,60.8363636363636,180.1,0.375138745238746,1,1,0,4.06896551724138,4.06896551724138,1,1,118,0,0,38,1012,525,487,14591.25,1,0.037549407114625,4,0,3.95256916605477,105,97.4,1012,253,,0.00395256916996,253,9.5,39,3,17556,1638,1,0.093301435406699,4,8.5,6.40312423743285,0.5,5.3103672189407,1,0,0,,13.5390070921989,0,1,1,0,103,77,267,0.00395256916996,0.105263157894737,253,9.5,0.037549407114625,0.33201581027668,0.150197628458498,1729.4,184,1.81510038922758,1,-1,525,487,38,0.518774703557312,253,0.395256916996047,0.00395256916996,3.95256916996047,0.00395256916996,0.037549407114625,0.105263157894737,0.00395256916996,253,9.5,9597,7959,1638,0.546650717703349,450.153846153846,0.222146274777854,0.002221462747779,2.22146274777854,0.002221462747779,0.093301435406699,0.023809523809524,0.002221462747779,450.153846153846,42,9597,7959,1638,0.546650717703349,450.153846153846,0.222146274777854,0.002221462747779,2.22146274777854,0.002221462747779,0.093301435406699,0.023809523809524,0.002221462747779,450.153846153846,42,9597,7959,1638,0.546650717703349,450.153846153846,0.222146274777854,0.002221462747779,2.22146274777854,0.002221462747779,0.093301435406699,0.023809523809524,0.002221462747779,450.153846153846,42,0,0,0,0.33201581027668,0.011904761904762,2.6,1.7,0.2,-0.383333333333333,3.38230690505755,3.60693775937429,4.57820925690384,-11,8,0.966666666666667,1.04844486799325,0.321212121212121,2.01866834506039,2.47688037127784,5,0,8,1,-5,3,-1,-7,0,5966,3792.8,2499.4,1752.65,3464.6586556254,3295.37748368833,2150.07391500851,1052,10142,0.966666666666667,1.81510038922758,883.042424242424,4788.8932096424,1.3368433414029,6402,10142,9259,2402,1265,1421,1718,2604,953,300.8,175.2,47.8666666666667,10.8166666666667,571.015026071994,440.617248867994,320.237071904897,-610,1432,0.883333333333333,0.375138745238746,60.8363636363636,238.718966960988,0.703756396648008,168,1432,-53,-14,-95,169,84,-238,-13,40,37,47,40,44,1,46,38,50,40,52,1,46,38,60,41,71,1,66,35,71,34,56,1,109,52,213,78,64,1,0,0,1,0,0,,0,0,0,0
2023-06-07,up,traded,14643.75,14628.75,14592.5,120,120,120,1680,3480,572,0,3,6,2,0,0,0,29,27,2,0,1116,7526,8.33333333333285,1,29,0.148285942067499,14643.75,14639.375,6,14,,,,1,,,,12,41,16.3892979872355,4,41,48,16,111,4,41,41,34,99,6,14,,,6,-2,1.1,803,6857,14383,14383,3252,0.966666666666667,2.2998400556129,0.375207345279536,185,549,1665,1665,1480,-752,50.4363636363636,194.3,1.33371223070065,2,2,0,3.51724137931034,3.31814449917898,1,2,233,2,0,185,803,494,309,14642.5,2.5,0.230386052303861,5,2,8.71731007631717,82.3333333333333,51.5,803,114.714285714286,,0.008717310087173,114.714285714286,26.4285714285714,41,3,14383,1665,1,0.115761663074463,7,10,10,1,5.00488650109959,1,0,0,,16.3892979872355,0,1,1,0,41,34,99,0.006226650062267,0.027027027027027,114.714285714286,26.4285714285714,0.230386052303861,0.282689912826899,1.61270236612702,1566,204.2,2.2998400556129,1,-1,494,309,185,0.61519302615193,114.714285714286,0.87173100871731,0.006226650062267,6.2266500622665,0.006226650062267,0.230386052303861,0.027027027027027,0.006226650062267,114.714285714286,26.4285714285714,8024,6359,1665,0.557880831537231,350.80487804878,0.285058749913092,0.002850587499131,2.85058749913092,0.002850587499131,0.115761663074463,0.024624624624625,0.002850587499131,350.80487804878,40.609756097561,8024,6359,1665,0.557880831537231,350.80487804878,0.285058749913092,0.002850587499131,2.85058749913092,0.002850587499131,0.115761663074463,0.024624624624625,0.002850587499131,350.80487804878,40.609756097561,8024,6359,1665,0.557880831537231,350.80487804878,0.285058749913092,0.002850587499131,2.85058749913092,0.002850587499131,0.115761663074463,0.024624624624625,0.002850587499131,350.80487804878,40.609756097561,0,0,0,0.282689912826899,0.030837004405286,-0.2,1.1,0.066666666666667,0.016666666666667,6.96850055607374,5.28109837060436,4.32768863123133,-13,8,1,1.83315714445845,-0.212121212121212,0.856595556943396,9.33929663206115,8,0,-13,3,2,-1,8,1,2,4748.2,3252,1821.43333333333,1288.23333333333,2830.31972752196,2588.97419840368,1840.37435835454,618,7526,0.966666666666667,2.2998400556129,699.975757575758,3967.0214637459,1.52608198753819,6054,7526,7475,1398,2040,891,1480,544,859,152.2,71.4,-14.3,-4.83333333333333,566.038302590911,409.431606010088,283.644395913851,-577,1116,0.983333333333333,1.33371223070065,50.4363636363636,145.065175253202,2.50921697343736,364,1116,-573,-94,-20,-71,106,8,109,32,31,38,32,36,1,39,33,40,34,,1,39,33,39,38,,1,39,28,54,34,57,1,60,43,87,40,28,1,0,0,1,0,0,,0,0,0,0
2023-06-16,down,traded,15407.5,15476.25,15440,240,240,240,1560,3360,574,0,5,6,2,0,0,1,29,17,4,8,87,10111,-4.33333333333285,1,29,0.008604490159233,15407.5,15422.5,-16,-7,-13,,,-1,,,,-55,-26,-26.3064787116338,-55,-3,24,-27,234,-55,-3,24,-11,231,16,7,,,-16,-25,-0.2,2519,6365,26922,26922,4946.2,0.916666666666667,0.502268560593695,0.750193579129192,-273,-221,-606,-606,-333,146,1.6969696969697,-166.4,0.283232854222709,2,0,2,3.7,3.65434782608696,1,2,157,2,0,-273,2519,1123,1396,15435,10,-0.108376339817388,17,7,9.52759030983422,62.3888888888889,77.5555555555556,2519,104.958333333333,,0.009527590313617,104.958333333333,-11.375,55,5,26922,-606,0.927272727272727,-0.022509471807444,24,23.25,28.5306852353742,11.4564392373896,6.6098411478643,0,1,0,,-26.3064787116338,1,0,0,0,24,-11,231,0.006748709805478,0.062271062271062,104.958333333333,-11.375,-0.108376339817388,0.094878920206431,2.60103215561731,-2022.1,-108.7,0.502268560593695,0,-0,1123,1396,-273,0.445811830091306,104.958333333333,0.952759031361651,0.006748709805478,6.74870980547836,0.006748709805478,0.108376339817388,0.062271062271062,0.006748709805478,104.958333333333,11.375,5105,5420,-315,0.485035629453682,421,0.237529691211401,0.001330166270784,1.33016627078385,0.001330166270784,0.029928741092637,0.044444444444444,0.001330166270784,421,12.6,13158,13764,-606,0.488745264096278,489.490909090909,0.204293886041156,0.001894361488745,1.89436148874526,0.001894361488745,0.022509471807444,0.084158415841584,0.001894361488745,489.490909090909,11.0181818181818,13158,13764,-606,0.488745264096278,489.490909090909,0.204293886041156,0.001894361488745,1.89436148874526,0.001894361488745,0.022509471807444,0.084158415841584,0.001894361488745,489.490909090909,11.0181818181818,0,0,0,0.094878920206431,0.100418410041841,-2.2,-4,-1.63333333333333,-0.866666666666667,10.7962956610126,8.8090862182181,7.31429346477764,-21,10,0.966666666666667,1.45377450119259,0.690909090909091,-2.58538067916697,-3.48111211340059,9,-6,-21,0,-9,-9,-8,-3,4,7076.8,4946.2,2612.23333333333,1960.91666666667,2967.16372315381,3046.20957256719,2456.38840147255,857,10981,0.916666666666667,0.502268560593695,373.272727272727,4864.40479875802,0.790641436950716,3846,4160,6286,10111,2742,2269,1591,1023,1162,34.4,8.4,-2.36666666666667,-8.45,286.740719117463,223.808489561947,191.950424733981,-378,505,0.666666666666667,0.283232854222709,1.6969696969697,-4.68596753583122,-11.0969612150281,52,-94,-378,87,-10,-301,-97,-77,0,-39,-52,-33,-30,-16,-1,-39,-53,-21,-6,-3,-1,-19,-41,-10,-15,-3,-1,38,-11,68,3,-3,0,-2,-25,127,1,-16,0,1,0,1,0,0,,0,0,0,0
2023-08-28,up,traded,15110,15102.5,15065,240,240,240,1560,3360,574,0,1,8,3,0,0,0,30,25,4,1,-391,6241,-9.33333333333139,1,30,-0.062650216311489,15110,15105.625,5,35,28,,,1,,,,6,36,24.9559154798495,5,39,,,,5,39,,,,5,35,,,5,-25,5.9,802,5039,18707,18707,3943.6,0.95,0.984954309563075,0.29795296652673,174,849,627,627,453,689,4.18181818181818,314.3,3.26921307513341,1,1,0,3.89130434782609,3.89130434782609,1,1,179,0,0,174,802,488,314,15108.75,2.5,0.216957605985037,5,2,8.72817954023918,81.3333333333333,52.3333333333333,802,114.571428571429,,0.008728179551122,114.571428571429,24.8571428571429,39,5,18707,627,0.256410256410256,0.033516865344523,7,16.5,31.984371183439,13.3860935302276,6.77610179642806,1,0,0,,24.9559154798495,,,,,,,,0.006234413965087,0.028735632183908,114.571428571429,24.8571428571429,0.216957605985037,0.369077306733167,1.51870324189526,-1725.9,235.9,0.984954309563075,,,488,314,174,0.608478802992519,114.571428571429,0.872817955112219,0.006234413965087,6.23441396508728,0.006234413965087,0.216957605985037,0.028735632183908,0.006234413965087,114.571428571429,24.8571428571429,4383,3548,835,0.552641533224058,226.6,0.441306266548985,0.003530450132392,3.53045013239188,0.003530450132392,0.105283066448115,0.033532934131737,0.003530450132392,226.6,23.8571428571429,9667,9040,627,0.516758432672262,479.666666666667,0.208478109798471,0.000534559255894,0.534559255893516,0.000534559255894,0.033516865344523,0.015948963317384,0.000534559255894,479.666666666667,16.0769230769231,9667,9040,627,0.516758432672262,479.666666666667,0.208478109798471,0.000534559255894,0.534559255893516,0.000534559255894,0.033516865344523,0.015948963317384,0.000534559255894,479.666666666667,16.0769230769231,0,1,296,0.369077306733167,0.023648648648649,5.4,3.1,0.033333333333333,0.4,13.1240237732183,11.7851601601336,7.99784693249099,-13,30,1,3.74684173373312,1.02424242424242,4.59212802639881,6.53291890547013,30,-7,7,0,-10,-5,4,-5,3,5819.4,3943.6,2164.43333333333,1569.5,2890.18757868758,2812.65864263689,2104.22620272209,660,11192,0.95,0.984954309563075,336.242424242424,3955.41818375804,1.07118888652487,4237,2892,4535,6241,2296,1509,1084,882,1586,27.4,76.6,-21.9,-13.7,384.263763579133,298.599464165628,213.170565510344,-400,675,1,3.26921307513341,4.18181818181818,92.1593951342191,7.32426682072884,675,-14,183,-391,-52,-73,100,-76,262,9,7,21,9,6,1,19,12,24,9,6,1,19,3,28,9,6,1,84,58,107,19,6,1,,,,,,,2,0,1,0,0,,0,0,0,0
2023-09-14,down,traded,15595,15638.75,15603.75,240,240,240,1560,3360,574,0,4,9,3,0,0,0,28,11,15,2,-176,8050,-8,1,28,-0.021863354037267,15595,15604.375,-8,-16,-1,,,-1,,,,-35,-7,-11.0789993982631,-35,4,32,-20,112,-35,4,32,-10,90,8,16,,,-8,0,0.1,1008,4506,24274,24274,4237.1,0.933333333333333,0.702502362290244,0.385078219013237,-110,-154,-188,-188,-78,-412,-11.5090909090909,35.5,-0.521360059491667,0,0,0,0,0,0,0,0,0,0,-110,1008,449,559,15606.25,1.5,-0.109126984126984,8,7,14.8809523661895,49.8888888888889,62.1111111111111,1008,67.2,,0.014880952380952,67.2,-7.33333333333333,39,5,24274,-188,0.512820512820513,-0.007744912251792,15,16.75,20.4205778566621,9.95929214352105,5.32718395485728,0,1,0,,-11.0789993982631,1,0,0,0,32,-10,90,0.007936507936508,0.072727272727273,67.2,-7.33333333333333,-0.109126984126984,0.14484126984127,1.63690476190476,-1188.6,58.4,0.702502362290244,0,-0,449,559,-110,0.445436507936508,67.2,1.48809523809524,0.007936507936508,7.93650793650794,0.007936507936508,0.109126984126984,0.072727272727273,0.007936507936508,67.2,7.33333333333333,5144,4930,214,0.510621401627953,457.909090909091,0.218383958705579,0.000099265435775,0.099265435775263,0.000099265435775,0.021242803255906,0.004672897196262,0.000099265435775,457.909090909091,9.72727272727273,12043,12231,-188,0.496127543874104,622.410256410256,0.16066573288292,0.000823926835297,0.823926835297026,0.000823926835297,0.007744912251792,0.106382978723404,0.000823926835297,622.410256410256,4.82051282051282,12043,12231,-188,0.496127543874104,622.410256410256,0.16066573288292,0.000823926835297,0.823926835297026,0.000823926835297,0.007744912251792,0.106382978723404,0.000823926835297,622.410256410256,4.82051282051282,0,0,0,0.14484126984127,0.102739726027397,-0.4,0.5,0.033333333333333,0.166666666666667,8.40476055578028,6.1196405123177,4.66535695907136,-8,15,0.05,-1.72191182878584,-0.296969696969697,0.00239070428445,-3346.29424978893,-8,15,-8,0,-1,0,-6,0,-3,6293.2,4237.1,2005.73333333333,1614.76666666667,1736.76692736821,2410.90992988125,2124.2158699676,535,8200,0.933333333333333,0.702502362290244,477.157575757576,4318.7298108257,0.809960371040487,3498,5568,6150,8050,1911,1050,887,776,731,-28.4,42.1,20,19.5333333333333,209.511431669014,187.20654368905,122.755855257499,-226,368,0.333333333333333,-0.521360059491667,-11.5090909090909,24.0861797625877,-1.8267737114685,-44,368,-226,-176,61,-48,-145,-4,-35,-21,-34,-15,-14,-18,-1,-21,-34,-18,-15,-18,-1,-21,-35,4,5,-9,0,-22,-25,4,-1,7,0,38,6,62,7,-1,1,3,0,1,0,0,,0,0,0,0
2023-10-26,up,traded,14448.75,14427.5,14391.25,180,180,180,1620,3420,573,0,4,10,4,0,0,0,29,10,5,14,174,8070,-0.333333333332848,1,29,0.021561338289963,14448.75,14444.375,5,9,32,,,1,,,,17,46,20.9736417173248,4,46,-22,-241,-2,4,46,-22,-223,-12,5,9,,,5,1,3,791,6952,21847,21847,4877.1,0.95,1.44335353026763,0.254479940803655,243,324,841,841,598,-262,50.3454545454546,-9.3,0.781265978801388,1,1,0,7.2,7.2,1,1,72,0,0,243,791,517,274,14443.75,-0.5,0.307206068268015,5,2,8.84955751093608,86.1666666666667,45.6666666666667,791,113,,0.008849557522124,113,34.7142857142857,46,4,21847,841,0.478260869565217,0.038494987870188,7,18.6666666666667,23.8746727726266,8.73053390247253,6.16702701649849,1,0,0,,20.9736417173248,0,1,0,1,-22,-223,-12,0.006321112515803,0.020576131687243,113,34.7142857142857,0.307206068268015,0.276864728192162,2.15044247787611,119.5,22.9,-1.44335353026763,-1,1,517,274,243,0.653603034134008,113,0.884955752212389,0.006321112515803,6.32111251580278,0.006321112515803,0.307206068268015,0.020576131687243,0.006321112515803,113,34.7142857142857,7222,6555,667,0.524207011686144,382.694444444444,0.261305073673514,0.002322711765987,2.32271176598679,0.002322711765987,0.048414023372287,0.047976011994003,0.002322711765987,382.694444444444,18.5277777777778,11344,10503,841,0.519247493935094,474.934782608696,0.210555224973681,0.001007003249874,1.00700324987412,0.001007003249874,0.038494987870188,0.02615933412604,0.001007003249874,474.934782608696,18.2826086956522,11344,10503,841,0.519247493935094,474.934782608696,0.210555224973681,0.001007003249874,1.00700324987412,0.001007003249874,0.038494987870188,0.02615933412604,0.001007003249874,474.934782608696,18.2826086956522,0,0,0,0.276864728192162,0.031963470319635,5.6,3.2,0.366666666666667,0.533333333333333,8.82269800004511,6.93974062915899,5.45578184640438,-7,23,0.833333333333333,0.665960156696492,1.03030303030303,4.13582988642164,0.967157767569797,4,23,0,1,0,-7,-6,3,-2,7265.4,4877.1,2410.83333333333,1708.43333333333,3207.15204503934,3300.83084843801,2598.23154066163,740,12590,0.95,1.44335353026763,738.963636363636,5360.44299670658,1.14934530668179,6161,6825,8070,12590,2737,1917,1233,1312,692,167.8,23.7,-35.7,-12.9333333333333,107.11003687797,176.929957892947,149.372944895207,-407,343,0.783333333333333,0.781265978801388,50.3454545454546,70.230886580779,1.15333870813142,81,343,174,206,-23,-407,-239,230,142,23,19,26,23,,1,23,17,31,24,30,1,35,24,52,24,55,1,103,50,117,34,25,1,-23,-146,-4,-13,-47,-1,1,0,1,0,0,,0,0,0,0
2024-04-15,down,traded,18286.25,18340,18298.75,180,180,180,1620,3420,573,0,1,4,2,0,0,0,33,21,3,9,-765,7985,-5,1,33,-0.095804633688165,18286.25,18291.25,-6,-9,-19,,,-1,,,,-43,-10,-17.4790328445029,-43,-5,,,,-43,-5,,,,6,9,,,-6,-3,-1.9,964,4884,17466,17466,4124,0.95,0.813022765581543,0.319020435178291,-182,-350,-1446,-1446,-1264,163,-27.9636363636364,-11.5,-0.515026422633808,1,0,1,5.86666666666667,5.86666666666667,1,1,88,0,0,-182,964,391,573,18292.5,1,-0.188796680497925,6,2,8.29875517811332,55.8571428571429,81.8571428571429,964,120.5,,0.008298755186722,120.5,-22.75,43,4,17466,-1446,0.930232558139535,-0.08278941944349,8,11.3333333333333,12.0415945787923,2.86744175568088,5.67655999116836,0,1,0,,-17.4790328445029,,,,,,,,0.006224066390041,0.032967032967033,120.5,-22.75,-0.188796680497925,0.326763485477178,1.5103734439834,-199.2,-15.6,0.813022765581543,,,391,573,-182,0.405601659751037,120.5,0.829875518672199,0.006224066390041,6.22406639004149,0.006224066390041,0.188796680497925,0.032967032967033,0.006224066390041,120.5,22.75,4400,5081,-681,0.464086066870583,395.041666666667,0.253137854656682,0.002004008016032,2.00400801603206,0.002004008016032,0.071827866258834,0.027900146842878,0.002004008016032,395.041666666667,28.375,8010,9456,-1446,0.458605290278255,406.186046511628,0.246192602771098,0.002290163746708,2.29016374670789,0.002290163746708,0.08278941944349,0.027662517289073,0.002290163746708,406.186046511628,33.6279069767442,8010,9456,-1446,0.458605290278255,406.186046511628,0.246192602771098,0.002290163746708,2.29016374670789,0.002290163746708,0.08278941944349,0.027662517289073,0.002290163746708,406.186046511628,33.6279069767442,0,1,315,0.326763485477178,0.025396825396825,-1.6,-0.4,0.2,0.3,5.46260011349907,5.12249938994628,5.92958683214944,-14,12,0.266666666666667,-0.539666605883908,-0.436363636363636,-1.31075756343021,2.28875276687254,-3,-10,0,7,3,-3,2,6,5,5592.2,4124,2450.76666666667,1810.06666666667,2226.18735959038,2186.59543583169,1807.12446875016,789,8489,0.95,0.813022765581543,407.733333333333,4304.56782400969,0.910660526275209,3920,4597,7985,8489,2292,1473,1876,1629,1109,-277.4,-193,-45.9666666666667,-21.8,334.37260653349,259.048644080605,236.945772042653,-765,396,0.183333333333333,-0.515026422633808,-27.9636363636364,-207.654745101861,0.809035208502416,-168,-331,-765,265,-36,-175,204,175,91,-45,-48,-40,-40,-42,-1,-45,-47,-39,-40,-51,-1,-35,-48,-29,-36,-4,-1,6,-8,67,-2,-10,0,,,,,,,2,0,1,0,0,,0,0,0,0
2024-05-29,up,traded,18803.75,18798.75,18761.25,60,60,60,1740,3540,571,0,3,5,2,0,0,0,30,25,1,4,591,6473,9.3333333333343,1,30,0.091302332766878,18803.75,18801.875,5,,,,,1,,,,4,34,14.3333333333343,4,34,-112,-114,-13,4,34,-91,-112,-29,5,,,,5,,2.4,1102,7575,7575,7575,3298.4,0.983333333333333,2.30306043953707,0.511309592854657,94,685,685,685,591,-56,44.8727272727273,123.9,2.51302568073229,0,0,0,0,0,0,0,0,0,0,94,1102,598,504,18798.75,-2.5,0.08529945553539,4,3,6.35208710857342,119.6,100.8,1102,157.428571428571,,0.006352087114338,157.428571428571,13.4285714285714,36,2,7575,685,0.833333333333333,0.09042904290429,7,7,5,,5.47813836992094,1,0,0,,14.3333333333343,0,1,0,1,-91,-112,-29,0.003629764065336,0.042553191489362,157.428571428571,13.4285714285714,0.08529945553539,0.313067150635209,0.597096188747731,1765.1,228.3,-2.30306043953707,-1,1,598,504,94,0.542649727767695,157.428571428571,0.635208711433757,0.003629764065336,3.62976406533575,0.003629764065336,0.08529945553539,0.042553191489362,0.003629764065336,157.428571428571,13.4285714285714,4130,3445,685,0.545214521452145,210.416666666667,0.475247524752475,0.003960396039604,3.96039603960396,0.003960396039604,0.09042904290429,0.043795620437956,0.003960396039604,210.416666666667,19.0277777777778,4130,3445,685,0.545214521452145,210.416666666667,0.475247524752475,0.003960396039604,3.96039603960396,0.003960396039604,0.09042904290429,0.043795620437956,0.003960396039604,210.416666666667,19.0277777777778,4130,3445,685,0.545214521452145,210.416666666667,0.475247524752475,0.003960396039604,3.96039603960396,0.003960396039604,0.09042904290429,0.043795620437956,0.003960396039604,210.416666666667,19.0277777777778,0,1,345,0.313067150635209,0.020289855072464,4.6,4.6,1.46666666666667,1.01666666666667,8.8,6.75573830162181,5.38351392885931,-6,22,0.45,-0.272436680957456,0.46060606060606,4.65116369499865,0,0,22,1,2,9,7,3,7,0,4697,3298.4,1810.9,1424.26666666667,3625.1835263887,2954.09001893984,2024.3064054963,607,11055,0.983333333333333,2.30306043953707,689.090909090909,4048.23599559317,1.59896804609375,6473,11055,1783,1998,2890,2100,778,1323,1553,241.4,226.4,66.7666666666667,39.8666666666667,338.125775415007,268.259277565567,208.606436994537,-274,647,0.983333333333333,2.51302568073229,44.8727272727273,264.896767993953,2.23105779838541,591,647,231,-70,462,114,26,103,55,30,27,35,29,,1,28,24,33,28,22,1,28,16,33,19,-2,1,-8,-51,38,-1,8,0,-91,-104,-60,-64,-28,-1,1,0,1,0,0,,0,0,0,0
2024-06-07,up,traded,18998.75,19041.25,19006.25,240,240,240,1560,3360,574,0,5,6,2,0,1,0,28,23,0,5,-250,4514,-6,1,28,-0.055383252104564,18998.75,19008.125,-12,-10,-17,,,-1,,,,-34,-6,-13.8092812152638,-34,-3,-54,-94,-15,-34,-3,-55,-85,-37,12,10,,,-12,-14,-1.7,1641,3018,12437,12437,2660.6,0.783333333333333,-0.119787639979008,0.862096138691883,-313,-316,-593,-593,-280,74,10.4363636363636,105.5,0.372995374069992,2,0,2,8.875,6.62668918918919,0.666666666666667,2,233,3,0,-313,1641,664,977,19003.75,-3.5,-0.190737355271176,12,5,10.3595368614506,51.0769230769231,75.1538461538462,1641,96.5294117647059,,0.010359536867764,96.5294117647059,-18.4117647058824,35,5,12437,-593,0.971428571428571,-0.047680308756131,17,13.5,15.2643375224737,7.11951543294907,4.31740662898458,0,1,0,,-13.8092812152638,0,1,0,1,-55,-85,-37,0.007312614259598,0.038338658146965,96.5294117647059,-18.4117647058824,-0.190737355271176,0.178549664838513,3.24253503960999,-1505.3,74.3,0.119787639979008,1,-1,664,977,-313,0.404631322364412,96.5294117647059,1.03595368677636,0.007312614259598,7.31261425959781,-0.007312614259598,0.190737355271176,0.038338658146965,0.007312614259598,96.5294117647059,18.4117647058824,2412,2805,-393,0.462334675100633,289.833333333333,0.345025876940771,0.003258577726663,3.25857772666283,-0.003258577726663,0.075330649798735,0.043256997455471,0.003258577726663,289.833333333333,21.8333333333333,5922,6515,-593,0.476159845621935,355.342857142857,0.281418348476321,0.002733778242341,2.7337782423414,-0.002733778242341,0.047680308756131,0.057335581787521,0.002733778242341,355.342857142857,16.9428571428571,5922,6515,-593,0.476159845621935,355.342857142857,0.281418348476321,0.002733778242341,2.7337782423414,-0.002733778242341,0.047680308756131,0.057335581787521,0.002733778242341,355.342857142857,16.9428571428571,0,1,293,0.178549664838513,0.0580204778157,1.6,0,0.133333333333333,0.016666666666667,5.00399840127872,4.6475800154489,4.22479453806796,-8,7,0.766666666666667,0.441836082168462,0.266666666666667,0.349167028547874,5.72791769119111,2,-7,6,0,-6,1,-1,0,0,3708.4,2660.6,1544.56666666667,1130.83333333333,2265.82105206921,1923.75680375665,1398.86441285621,642,7746,0.783333333333333,-0.119787639979008,139.442424242424,2526.28251475362,0.545069679245394,1377,2199,2706,4514,1778,822,1296,570,468,-113.6,-130.8,-44.9,-29.4333333333333,133.684105263116,109.797814185894,112.333832837663,-288,129,0.55,0.372995374069992,10.4363636363636,-90.588259269247,0.033116874352154,-3,-77,50,-250,-134,-40,-26,-40,-18,-22,-32,-18,-21,-10,-1,-22,-29,-9,-11,2,-1,-21,-34,13,8,19,0,-74,-83,-8,8,1,-1,-56,-67,-38,-42,-23,-1,1,0,1,0,0,,0,0,0,0
2024-07-26,down,traded,19107.5,19166.25,19120,240,240,240,1560,3360,574,0,5,7,3,0,0,0,37,23,2,12,23,6377,-4.3333333333343,1,37,0.003606711619884,19106.25,19112.5,-6,-33,-17,,,-1,,,,-48,-11,-23.5951166554005,-48,-5,92,-228,178,-48,-5,-67,-198,173,6,33,,,-6,21,-1,798,3891,17071,17071,4185.1,0.866666666666667,0.290333793376505,0.249129762889655,-168,-545,-403,-403,-235,-621,1.32727272727273,-181.1,-1.76350892389457,0,0,0,0,0,0,0,0,0,0,-168,798,315,483,19108.75,-3,-0.210526315789474,5,5,12.5313283050986,52.5,80.5,798,79.8,,0.012531328320802,79.8,-16.8,48,5,17071,-403,0.958333333333333,-0.023607287212231,10,21.25,32.5115364140177,15.204851199535,6.87216608258755,0,1,0,,-23.5951166554005,1,0,0,0,-67,-198,173,0.006265664160401,0.029761904761905,79.8,-16.8,-0.210526315789474,0.144110275689223,2.10526315789474,-1350.9,-160.7,0.290333793376505,0,-0,315,483,-168,0.394736842105263,79.8,1.2531328320802,0.006265664160401,6.265664160401,0.006265664160401,0.210526315789474,0.029761904761905,0.006265664160401,79.8,16.8,3505,3806,-301,0.479414580768705,187.461538461538,0.533442757488716,0.002188483107646,2.18848310764601,0.002188483107646,0.041170838462591,0.053156146179402,0.002188483107646,187.461538461538,7.71794871794872,8334,8737,-403,0.488196356393884,355.645833333333,0.281178606994318,0.002694628317029,2.69462831702888,0.002694628317029,0.023607287212231,0.114143920595533,0.002694628317029,355.645833333333,8.39583333333333,8334,8737,-403,0.488196356393884,355.645833333333,0.281178606994318,0.002694628317029,2.69462831702888,0.002694628317029,0.023607287212231,0.114143920595533,0.002694628317029,355.645833333333,8.39583333333333,0,0,0,0.144110275689223,0.08695652173913,-6.2,-6.4,-5.9,-2.2,14.3164241345386,11.9849906132629,12.6763559432512,-41,19,0.033333333333333,-1.66451621384405,0.375757575757576,-6.46945025875154,4.17346125561068,-27,16,-6,0,-8,-16,-3,-24,-19,4928.4,4185.1,2615.3,1914.35,2096.11045510488,1882.28098061899,1645.34756510593,1080,8369,0.866666666666667,0.290333793376505,-7.59393939393941,3841.66075947585,0.80512054386135,3093,3420,3383,6377,2328,2164,1248,1379,1288,60.4,-0.1,-40.0333333333333,-25.4166666666667,312.393085710936,247.44795412369,191.077381067345,-545,537,0.033333333333333,-1.76350892389457,1.32727272727273,-22.948886237444,16.4278124916092,-377,244,-125,23,-70,-184,-68,-277,-194,-49,-53,-42,-49,-54,-1,-49,-55,-46,-49,-60,-1,-49,-67,-45,-50,-73,-1,-50,-103,7,4,-9,0,-35,-160,41,-6,3,0,1,0,1,0,0,,0,0,0,0
2024-07-29,down,traded,19247.5,19293.75,19255,60,60,60,1740,3540,571,0,1,7,3,0,0,0,31,25,6,0,26,6006,-10.3333333333343,1,31,0.004329004329004,19247.5,19255,-6,,,,,-1,,,,-37,-6,-16.3333333333343,-37,-6,,,,-37,-6,,,,6,,,,-6,,-1.5,1494,7500,7500,7500,2994.1,0.983333333333333,2.64637073282885,0.631899505138942,-40,-14,-14,-14,26,-417,31.8242424242424,124.5,0.199061745787574,0,0,0,0,0,0,0,0,0,0,-40,1494,727,767,19255,0,-0.026773761713521,6,8,9.37081659345996,103.857142857143,109.571428571429,1494,106.714285714286,,0.009370816599732,106.714285714286,-2.85714285714286,38,2,7500,-14,0.815789473684211,-0.001866666666667,14,14,6,,6.21548246093754,0,1,0,,-16.3333333333343,,,,,,,,0.004016064257028,0.15,106.714285714286,-2.85714285714286,-0.026773761713521,0.200803212851406,0.37483266398929,1465.3,24.9,2.64637073282885,,,727,767,-40,0.48661311914324,106.714285714286,0.937081659973226,0.004016064257028,4.01606425702811,0.004016064257028,0.026773761713521,0.15,0.004016064257028,106.714285714286,2.85714285714286,3743,3757,-14,0.499066666666667,197.368421052632,0.506666666666667,0.004133333333333,4.13333333333333,0.004133333333333,0.001866666666667,2.21428571428571,0.004133333333333,197.368421052632,0.368421052631579,3743,3757,-14,0.499066666666667,197.368421052632,0.506666666666667,0.004133333333333,4.13333333333333,0.004133333333333,0.001866666666667,2.21428571428571,0.004133333333333,197.368421052632,0.368421052631579,3743,3757,-14,0.499066666666667,197.368421052632,0.506666666666667,0.004133333333333,4.13333333333333,0.004133333333333,0.001866666666667,2.21428571428571,0.004133333333333,197.368421052632,0.368421052631579,0,1,300,0.200803212851406,0.046666666666667,9,2,0.566666666666667,0.733333333333333,6.57267069006199,9.81835016690686,11.0685239405362,-22,28,0.45,-0.051196227221533,2.02424242424242,3.79022012135601,0,0,19,4,10,-1,-22,21,-23,-7,4024.8,2994.1,2039.2,1574.36666666667,2656.96905514536,2214.871438707,1498.95853622885,892,8281,0.983333333333333,2.64637073282885,537.993939393939,3654.07044042652,1.64364647532601,6006,8281,2256,1522,3445,3047,1820,2872,1767,123.6,-11.3,-12.4666666666667,2.53333333333333,163.514647661914,228.24681815964,193.239873962102,-499,443,0.616666666666667,0.199061745787574,31.8242424242424,31.5628231817656,0.823753941473165,26,443,-12,76,-499,-335,218,-340,-93,-29,-31,-26,-29,-35,-1,-30,-36,-25,-30,-36,-1,-30,-64,-24,-30,-40,-1,-31,-65,-15,3,-7,-1,,,,,,,0,0,1,0,0,,0,0,0,0
2024-07-31,down,traded,19345,19391.25,19356.25,60,60,60,1740,3540,571,0,3,7,3,0,0,0,28,8,15,5,-24,8512,-6,1,28,-0.00281954887218,19345,19355.625,-14,,,,,-1,,,,-37,-9,-20,-37,-9,325,20,433,-37,-9,325,32,429,14,,,,-14,,-0,2242,10754,10754,10754,3471,1,3.43483975878541,0.820704297532762,-160,-184,-184,-184,-24,497,-34.9333333333333,19.7,-0.094553732096129,0,0,0,0,0,0,0,0,0,0,-160,2242,1041,1201,19350,-4.5,-0.071364852809991,14,5,8.47457626740652,69.4,80.0666666666667,2242,118,,0.008474576271186,118,-8.42105263157895,38,2,10754,-184,0.578947368421053,-0.017109912590664,19,19,14,,7.34725950421123,0,1,0,,-20,0,1,1,0,325,32,429,0.006244424620874,0.0875,118,-8.42105263157895,-0.071364852809991,0.113737734165923,1.35593220338983,1814.8,31,3.43483975878541,-1,1,1041,1201,-160,0.464317573595004,118,0.847457627118644,0.006244424620874,6.24442462087422,0.006244424620874,0.071364852809991,0.0875,0.006244424620874,118,8.42105263157895,5285,5469,-184,0.491445043704668,283,0.353356890459364,0.002045750418449,2.04575041844895,0.002045750418449,0.017109912590664,0.119565217391304,0.002045750418449,283,4.84210526315789,5285,5469,-184,0.491445043704668,283,0.353356890459364,0.002045750418449,2.04575041844895,0.002045750418449,0.017109912590664,0.119565217391304,0.002045750418449,283,4.84210526315789,5285,5469,-184,0.491445043704668,283,0.353356890459364,0.002045750418449,2.04575041844895,0.002045750418449,0.017109912590664,0.119565217391304,0.002045750418449,283,4.84210526315789,0,0,0,0.113737734165923,0.074509803921569,-9.4,-5.2,0.033333333333333,0,9.66643677887566,10.675204916066,10.4896245033949,-26,25,0.583333333333333,-0.003177743237858,-0.96969696969697,-4.93360391787488,-0,0,-26,-1,-14,16,6,1,1,-11,4695.2,3471,2127.63333333333,1566.66666666667,3066.65116372893,2526.74426881709,1858.70873607339,672,8512,1,3.43483975878541,636.436363636364,4297.17088171322,1.98083814544661,8512,8371,1820,2299,3117,3197,1276,1587,1075,-256.4,-124.2,-7.36666666666667,2.96666666666667,171.765654308421,190.624132784913,175.914085722422,-521,377,0.416666666666667,-0.094553732096129,-34.9333333333333,-131.047468066522,0.183139745880608,-24,-521,-128,-339,143,209,-2,-111,-61,-13,-21,-10,-13,-8,-1,-13,-24,-12,-13,-6,-1,-13,-28,6,-3,4,0,104,-29,184,-3,4,0,324,182,433,43,26,1,1,0,1,0,0,,0,0,0,0
2024-08-02,down,traded,18596.25,18655,18612.5,60,60,60,1740,3540,571,0,5,8,3,0,1,0,34,12,3,19,434,5744,1.3333333333343,1,34,0.075557103064067,18596.25,18619.375,-32,,,,,-1,,,,-47,-13,-30.6666666666657,-47,-13,-345,-869,-218,-47,-13,-345,-858,-231,32,,,,-32,,-3.9,2408,8152,8152,8152,4040.7,0.983333333333333,1.80629174360665,0.849532545422473,-146,288,288,288,434,724,21.7636363636364,-211.1,1.16493293955235,1,0,1,3.95833333333333,3.95833333333333,1,1,95,0,0,-146,2408,1131,1277,18616.25,-2.5,-0.06063122923588,32,5,15.3654484986024,34.2727272727273,38.6969696969697,2408,65.0810810810811,,0.015365448504983,65.0810810810811,-3.94594594594595,47,2,8152,288,0.936170212765957,0.035328753680079,37,37,32,,6.82120875570371,0,1,1,,-30.6666666666657,0,1,0,1,-345,-858,-231,0.013289036544851,0.219178082191781,65.0810810810811,-3.94594594594595,-0.06063122923588,0.07765780730897,2.24335548172757,995.4,-214.4,-1.80629174360665,1,-1,1131,1277,-146,0.46968438538206,65.0810810810811,1.53654485049834,0.013289036544851,13.2890365448505,0.013289036544851,0.06063122923588,0.219178082191781,0.013289036544851,65.0810810810811,3.94594594594595,4220,3932,288,0.517664376840039,173.446808510638,0.576545632973503,0.005397448478901,5.39744847890088,0.005397448478901,0.035328753680079,0.152777777777778,0.005397448478901,173.446808510638,6.12765957446809,4220,3932,288,0.517664376840039,173.446808510638,0.576545632973503,0.005397448478901,5.39744847890088,0.005397448478901,0.035328753680079,0.152777777777778,0.005397448478901,173.446808510638,6.12765957446809,4220,3932,288,0.517664376840039,173.446808510638,0.576545632973503,0.005397448478901,5.39744847890088,0.005397448478901,0.035328753680079,0.152777777777778,0.005397448478901,173.446808510638,6.12765957446809,0,2,365,0.07765780730897,0.197860962566845,6.4,-1.9,1.06666666666667,1.68333333333333,7.96492310069595,10.4732993846256,11.7556605750402,-29,19,0.383333333333333,-0.090736429472235,2.00606060606061,1.90031221025748,0,0,8,-4,9,-5,19,-29,9,8,5298.6,4040.7,2395.33333333333,1865.06666666667,2706.00883960123,2358.6276115572,1853.89025804897,1000,10270,0.983333333333333,1.80629174360665,554.890909090909,4548.57146466166,1.26281406033208,5744,10270,3247,2660,3746,3777,1790,1701,1383,256.6,97.7,92.1333333333333,85.3666666666667,597.298451362466,453.779472872011,293.464675140903,-290,1332,0.966666666666667,1.16493293955235,21.7636363636364,126.173036940486,3.43972064494818,434,-290,-251,58,-16,349,-290,175,151,-35,-52,-32,-35,-21,-1,-35,-58,-9,-5,-1,-1,33,-23,57,2,22,0,-92,-154,22,2,-13,0,-323,-629,-219,-238,-221,-1,0,0,1,0,0,,0,0,0,0
2024-08-05,up,traded,17636.25,17591.25,17510,120,120,120,1680,3480,572,0,1,8,3,0,0,0,65,5,23,37,340,6048,3,1,65,0.056216931216931,17635,17635.625,4,63,,,,1,,,,35,100,47.9557624028414,4,100,,,,4,100,,,,4,63,,,4,-55,14.7,810,5183,11231,11231,3970.9,0.966666666666667,1.17425199760124,0.300584469802394,16,255,595,595,579,-101,-33.1454545454545,216.8,1.05396232488505,0,0,0,0,0,0,0,0,0,0,16,810,413,397,17635,-0.5,0.019753086419753,6,7,16.0493826962353,59,56.7142857142857,810,62.3076923076923,,0.016049382716049,62.3076923076923,1.23076923076923,107,3,11231,595,0.542056074766355,0.052978363458285,13,36,59.1354377678901,27.5,11.4103267067843,1,0,0,,47.9557624028414,,,,,,,,0.007407407407407,0.375,62.3076923076923,1.23076923076923,0.019753086419753,0.15679012345679,0.25679012345679,691,169.8,-1.17425199760124,,,413,397,16,0.509876543209877,62.3076923076923,1.60493827160494,0.007407407407407,7.40740740740741,0.007407407407407,0.019753086419753,0.375,0.007407407407407,62.3076923076923,1.23076923076923,5913,5318,595,0.526489181729142,104.96261682243,0.952720149585967,0.005164277446354,5.16427744635384,0.005164277446354,0.052978363458285,0.097478991596639,0.005164277446354,104.96261682243,5.5607476635514,5913,5318,595,0.526489181729142,104.96261682243,0.952720149585967,0.005164277446354,5.16427744635384,0.005164277446354,0.052978363458285,0.097478991596639,0.005164277446354,104.96261682243,5.5607476635514,5913,5318,595,0.526489181729142,104.96261682243,0.952720149585967,0.005164277446354,5.16427744635384,0.005164277446354,0.052978363458285,0.097478991596639,0.005164277446354,104.96261682243,5.5607476635514,0,0,0,0.15679012345679,0.102362204724409,10.2,13.3,2.06666666666667,1.31666666666667,25.419677417308,21.1189488374777,18.081174986402,-30,59,1,3.14876291923231,0.927272727272727,13.3154085934184,4.43095678109065,59,0,10,-7,12,-20,1,-2,16,5194.4,3970.9,2154.83333333333,1496.13333333333,2690.18397883862,2317.46233842106,1889.00395417503,712,9965,0.966666666666667,1.17425199760124,498.709090909091,4300.94001181304,1.01675447413566,4373,6048,9965,3288,2896,2056,1195,1046,1096,-77.2,81.3,25.3666666666667,29.6,302.325255312883,305.850306522652,202.695417368578,-361,562,0.933333333333333,1.05396232488505,-33.1454545454545,44.0988115058882,5.41964719316955,239,340,-361,-328,-78,-94,175,36,212,28,-3,64,13,-4,0,28,-30,44,-2,2,0,28,8,166,-4,2,1,-132,-239,165,1,35,0,,,,,,,2,1,0,0,0,,0,0,0,0
2024-08-06,up,traded,18142.5,18120,18066.25,120,120,120,1680,3480,572,0,2,8,3,0,0,0,43,32,1,10,184,4384,13.6666666666657,1,43,0.041970802919708,18142.5,18125,26,19,,,,1,,,,18,61,30.1878014997375,13,61,96,-118,506,13,61,96,-27,469,26,19,,,26,33,-6.7,1478,4073,8457,8457,3637,0.9,0.249627224567596,0.591401076365964,270,383,567,567,297,-71,4.43636363636364,112.4,0.551047711546955,0,0,0,0,0,0,0,0,0,0,270,1478,874,604,18136.25,9,0.182679296346414,27,3,20.2976995803128,31.2142857142857,21.5714285714286,1478,49.2666666666667,,0.020297699594046,49.2666666666667,9,62,3,8457,567,0.82258064516129,0.06704505143668,30,28,26.9258240356725,16.5,10.3452082305449,1,0,0,,30.1878014997375,1,0,0,0,96,-27,469,0.018267929634641,0.1,49.2666666666667,9,0.182679296346414,0.071718538565629,5.48037889039242,-163.8,8,0.249627224567596,0,-0,874,604,270,0.591339648173207,49.2666666666667,2.0297699594046,0.018267929634641,18.2679296346414,0.018267929634641,0.182679296346414,0.1,0.018267929634641,49.2666666666667,9,4512,3945,567,0.53352252571834,136.403225806452,0.733120491900201,0.006030507272082,6.0305072720823,0.006030507272082,0.06704505143668,0.08994708994709,0.006030507272082,136.403225806452,9.14516129032258,4512,3945,567,0.53352252571834,136.403225806452,0.733120491900201,0.006030507272082,6.0305072720823,0.006030507272082,0.06704505143668,0.08994708994709,0.006030507272082,136.403225806452,9.14516129032258,4512,3945,567,0.53352252571834,136.403225806452,0.733120491900201,0.006030507272082,6.0305072720823,0.006030507272082,0.06704505143668,0.08994708994709,0.006030507272082,136.403225806452,9.14516129032258,0,0,0,0.071718538565629,0.283018867924528,8.2,4.3,1.53333333333333,1.06666666666667,9.94786409235671,8.82099767600015,11.5346820020705,-23,27,0.283333333333333,-0.739797883617562,0.272727272727273,3.68337418387445,-1.90043141167832,-7,0,14,15,-1,-7,-10,-26,5,5392,3637,2079.93333333333,1590.68333333333,3277.16847293513,2944.56234439008,2063.34332146209,754,11559,0.9,0.249627224567596,538.121212121212,3981.75910015734,0.651721998926922,2595,4384,11559,5632,1506,1595,1250,1724,762,168.8,115.6,36.7333333333333,32.3166666666667,196.523179294454,191.30143752727,138.403018592643,-195,457,0.783333333333333,0.551047711546955,4.43636363636364,112.233908813371,1.006825844299,113,184,457,-150,-78,55,-16,-240,24,37,30,52,38,11,1,37,32,51,38,11,1,37,33,52,38,-2,1,37,-115,73,-1,11,0,138,10,195,1,-12,1,0,0,1,0,0,,0,0,0,0
2024-08-07,down,traded,18490,18488.75,18438.75,60,60,60,1740,3540,571,0,3,8,3,0,0,0,40,27,1,12,417,4325,12.6666666666657,1,40,0.096416184971098,18490,18486.875,2,,,,,1,,,,1,41,14.6666666666657,1,41,255,5,419,1,41,255,17,411,2,,,,2,,1.6,2294,6619,6619,6619,3521.2,0.983333333333333,1.29996938188496,0.923194559027708,140,557,557,557,417,469,45.3090909090909,239.5,2.8534130449928,1,0,1,5.3448275862069,5.3448275862069,1,1,155,0,0,140,2294,1217,1077,18490,2.5,0.06102877070619,2,11,5.66695727739017,405.666666666667,359,2294,176.461538461538,,0.005666957279861,176.461538461538,10.7692307692308,45,2,6619,557,0.644444444444444,0.084151684544493,13,13,2,,8.71072136316314,1,0,0,,14.6666666666657,0,1,1,0,255,17,411,0.000871839581517,0.014285714285714,176.461538461538,10.7692307692308,0.06102877070619,0.22667829119442,0.793374019180471,894.8,150.4,1.29996938188496,1,-1,1217,1077,140,0.530514385353095,176.461538461538,0.566695727986051,0.000871839581517,0.871839581517001,-0.000871839581517,0.06102877070619,0.014285714285714,0.000871839581517,176.461538461538,10.7692307692308,3588,3031,557,0.542075842272247,147.088888888889,0.679861006194289,0.004381326484363,4.3813264843632,-0.004381326484363,0.084151684544493,0.052064631956912,0.004381326484363,147.088888888889,12.3777777777778,3588,3031,557,0.542075842272247,147.088888888889,0.679861006194289,0.004381326484363,4.3813264843632,-0.004381326484363,0.084151684544493,0.052064631956912,0.004381326484363,147.088888888889,12.3777777777778,3588,3031,557,0.542075842272247,147.088888888889,0.679861006194289,0.004381326484363,4.3813264843632,-0.004381326484363,0.084151684544493,0.052064631956912,0.004381326484363,147.088888888889,12.3777777777778,1,2,1005,0.22667829119442,0.025,-5.8,-9.5,-4.56666666666667,-2.83333333333333,5.91269819963779,10.1019800039398,11.4504245433181,-34,19,0.633333333333333,0.39882072925685,1.87272727272727,-6.00386154185552,-0,0,-1,-13,-13,-8,19,11,1,-3,4831.6,3521.2,1944.13333333333,1656.11666666667,2774.98631347976,2393.4024233296,1831.47903315569,629,10288,0.983333333333333,1.29996938188496,551.212121212121,4033.91611149039,1.07215913282888,4325,10288,2773,3554,3051,3201,908,1805,1791,-52,-177,-96.3333333333333,-66.25,248.593644327445,255.85542792757,179.901516268084,-655,417,1,2.8534130449928,45.3090909090909,-85.0568716981372,-4.90260212578607,417,-52,-117,-294,-351,-121,-16,69,-51,27,24,51,27,30,1,50,40,61,27,30,1,44,36,56,37,30,1,52,24,169,27,29,1,137,90,303,27,14,1,0,0,1,0,0,,0,0,0,0
2024-08-08,down,traded,18181.25,18243.75,18203.75,420,420,420,1380,3180,577,0,4,8,3,0,0,0,32,7,8,17,-49,3273,5.3333333333343,1,32,-0.014970974641002,18180,18199.375,-25,-23,-27,-9,,-1,,,,-51,-19,-23.8731729005725,-51,3,166,-303,182,-51,3,-257,-295,170,25,23,9,,-25,-27,3.5,1275,3124,10748,19268,3266,0.733333333333333,-0.14275127922875,0.479476524453303,-227,-214,32,-146,81,1,-28.9212121212121,101.2,0.042368435144864,0,0,0,0,0,0,0,0,0,0,-227,1275,524,751,18180,-15.5,-0.178039215686275,25,8,25.8823529208766,20.1538461538462,28.8846153846154,1275,38.6363636363636,,0.025882352941177,38.6363636363636,-6.87878787878788,54,8,19268,-146,0.666666666666667,-0.007577330288561,33,26.4,38.2753184180093,13.0977486770881,9.66212537005532,0,1,1,-1.8,-23.8731729005725,1,0,0,0,-257,-295,170,0.019607843137255,0.110132158590308,38.6363636363636,-6.87878787878788,-0.178039215686275,0.082352941176471,5.87529411764706,-243.6,3.8,-0.14275127922875,0,-0,524,751,-227,0.410980392156863,38.6363636363636,2.58823529411765,0.019607843137255,19.6078431372549,0.019607843137255,0.178039215686275,0.110132158590308,0.019607843137255,38.6363636363636,6.87878787878788,2600,2802,-202,0.481303221029248,131.756097560976,0.75897815623843,0.005183265457238,5.18326545723806,0.005183265457238,0.037393557941503,0.138613861386139,0.005183265457238,131.756097560976,4.92682926829268,5390,5358,32,0.501488649050986,249.953488372093,0.400074432452549,0.00083736509118,0.837365091179754,0.00083736509118,0.002977298101972,0.28125,0.00083736509118,249.953488372093,0.744186046511628,9561,9707,-146,0.496211334855719,356.814814814815,0.280257421631721,0.001868382810878,1.86838281087814,0.001868382810878,0.007577330288561,0.246575342465753,0.001868382810878,356.814814814815,2.7037037037037,0,2,209,0.082352941176471,0.314285714285714,-0.6,-1.7,-3.96666666666667,-2.43333333333333,11.0742945599257,9.1438503924769,11.1249968789009,-33,17,0.683333333333333,0.53632973848134,0.43030303030303,-1.7623254859784,-1.13486414167678,2,-4,15,3,-15,-2,17,13,4,2465.8,3266,2077.03333333333,1537.78333333333,362.019005025979,1925.84609977018,1597.41709191919,518,8924,0.733333333333333,-0.14275127922875,-282.024242424242,2730.37785819951,0.677195646912871,1849,2278,2646,2700,2391,2592,1109,969,2066,51.8,109.8,2.76666666666667,5.31666666666667,91.2719014812335,307.185220998667,241.532010760939,-705,826,0.566666666666667,0.042368435144864,-28.9212121212121,47.0323361547129,0.276405576734196,13,12,234,0,-129,24,133,153,132,-39,-46,-25,-29,-9,-1,-39,-57,-5,1,5,-1,0,-17,61,-1,-14,0,164,41,258,-1,-7,1,-264,-303,40,-22,-4,0,2,0,1,0,0,,0,0,0,0
2024-08-14,down,traded,19096.25,19166.25,19128.75,300,300,300,1500,3300,575,0,3,8,3,0,0,0,30,21,2,7,421,3545,8.6666666666657,1,30,0.118758815232722,19095,19101.25,-11,-20,-38,-55,,-1,,,,-57,-27,-38.9362517605216,-65,-9,-5,-14,223,-65,-9,-5,-5,201,11,20,55,,-11,-2,-3.6,804,3574,11696,15241,3085.8,0.95,0.699228382570397,0.352175912744475,-170,-140,-610,-189,-19,361,-14.6545454545455,5.09999999999999,0.191210979323165,3,1,2,19.75,9.85721247563353,0.75,3,260,4,0,-170,804,317,487,19105,3,-0.211442786069652,11,5,19.9004974876859,26.4166666666667,40.5833333333333,804,50.25,,0.019900497512438,50.25,-10.625,68,6,15241,-189,0.5,-0.012400761104914,16,20.6,28.5482048472404,6.48074069840786,7.22810871221204,0,1,0,-11,-38.9362517605216,1,0,0,0,-5,-5,201,0.013681592039801,0.064705882352941,50.25,-10.625,-0.211442786069652,0.225124378109453,3.38308457711443,-225.6,-115.4,-0.699228382570397,0,-0,317,487,-170,0.394278606965174,50.25,1.99004975124378,0.013681592039801,13.681592039801,0.013681592039801,0.211442786069652,0.064705882352941,0.013681592039801,50.25,10.625,2778,3249,-471,0.460925833748133,131.021739130435,0.76323212211714,0.006304961008794,6.30496100879376,0.006304961008794,0.078148332503733,0.08067940552017,0.006304961008794,131.021739130435,10.2391304347826,5543,6153,-610,0.473922708618331,172,0.581395348837209,0.004616963064295,4.61696306429549,0.004616963064295,0.052154582763338,0.088524590163934,0.004616963064295,172,8.97058823529412,7526,7715,-189,0.493799619447543,224.132352941176,0.446164949806443,0.002230824749032,2.23082474903222,0.002230824749032,0.012400761104914,0.17989417989418,0.002230824749032,224.132352941176,2.77941176470588,0,1,181,0.225124378109453,0.088397790055249,-8.8,-2.6,-0.533333333333333,-0.3,7.83326241102646,9.12359578236564,7.56629955056558,-18,15,0.116666666666667,-1.11899702226748,-2.44848484848485,-5.76245831729092,1.56183342324481,-9,-18,-17,0,0,-1,2,-1,-11,2887.4,3085.8,1697.66666666667,1198.3,412.582403890423,1816.53212468153,1533.59526023727,285,8247,0.95,0.699228382570397,59.4545454545455,2860.72016658524,0.968287647409592,2770,2453,2510,3159,8247,2244,654,452,678,-3.8,-49.8,-9.46666666666667,5,253.657564444666,257.014707750354,206.403768268788,-475,637,0.633333333333333,0.191210979323165,-14.6545454545455,-64.6404677426972,-0.464105552568333,30,-331,-180,41,-475,-136,-42,-8,-156,-34,-37,-24,-26,-29,-1,-34,-43,-30,-27,-29,-1,-34,-46,-9,8,3,-1,-12,-26,14,-1,17,0,20,-14,148,13,-1,0,0,0,1,0,0,,0,0,0,0
2024-09-06,down,traded,18900,18967.5,18923.75,120,120,120,1680,3480,572,0,5,9,3,0,1,0,35,23,7,5,380,3810,7,1,35,0.099737532808399,18898.75,18920,-33,-48,,,,-1,,,,-55,-20,-38.7684831832274,-55,-20,-62,-202,45,-55,-20,-32,-187,24,33,48,,,-33,-18,-3,2534,5275,9085,9085,2463.4,0.95,1.01650911782567,1.35809416619771,-324,-457,-77,-77,247,-513,1.41818181818182,15,-0.647545098429743,0,0,0,0,0,0,0,0,0,0,-324,2534,1105,1429,18933.75,11,-0.127861089187056,33,1,13.4175216995195,32.5,42.0294117647059,2534,74.5294117647059,,0.013417521704815,74.5294117647059,-9.52941176470588,55,3,9085,-77,0.454545454545455,-0.008475509080903,34,30,36.2491379207837,9,6.86699028363631,0,1,0,,-38.7684831832274,1,0,0,0,-32,-187,24,0.013022888713496,0.101851851851852,74.5294117647059,-9.52941176470588,-0.127861089187056,0.062352012628256,4.34727703235991,517.7,36.1,1.01650911782567,0,-0,1105,1429,-324,0.436069455406472,74.5294117647059,1.34175217048145,0.013022888713496,13.0228887134964,0.013022888713496,0.127861089187056,0.101851851851852,0.013022888713496,74.5294117647059,9.52941176470588,4504,4581,-77,0.495762245459549,165.181818181818,0.605393505778756,0.002751788662631,2.75178866263071,0.002751788662631,0.008475509080903,0.324675324675325,0.002751788662631,165.181818181818,1.4,4504,4581,-77,0.495762245459549,165.181818181818,0.605393505778756,0.002751788662631,2.75178866263071,0.002751788662631,0.008475509080903,0.324675324675325,0.002751788662631,165.181818181818,1.4,4504,4581,-77,0.495762245459549,165.181818181818,0.605393505778756,0.002751788662631,2.75178866263071,0.002751788662631,0.008475509080903,0.324675324675325,0.002751788662631,165.181818181818,1.4,0,0,0,0.062352012628256,0.215189873417722,2.6,4.1,-0.366666666666667,-0.283333333333333,16.0947196309846,11.7,9.79279780700536,-20,32,0.05,-1.49429546302541,-0.987878787878788,1.33350967454679,-11.2485123177662,-15,0,32,-8,2,-20,-5,2,1,3179,2463.4,1632.06666666667,1193.06666666667,1810.49551228386,1501.05424285733,1090.92315443797,664,6323,0.95,1.01650911782567,289.527272727273,2714.32735216098,1.00982661425041,2741,3810,6323,1927,1467,1783,1831,725,819,17,35.2,-29.8,-11.7666666666667,196.039791879098,146.593178558895,159.371139168922,-411,380,0.166666666666667,-0.647545098429743,1.41818181818182,21.8096072238039,-6.09822995137841,-133,380,45,-167,129,-275,-411,-53,199,-33,-42,-24,-25,-28,-1,-33,-39,-21,-25,-16,-1,-33,-41,26,0,-43,0,-33,-41,93,-2,-17,0,-33,-90,21,2,-5,0,0,0,1,0,0,,0,0,0,0
2024-09-16,down,traded,19627.5,19676.25,19640,120,120,120,1680,3480,572,0,1,9,3,0,0,0,29,24,4,1,-131,3335,-9,1,29,-0.03928035982009,19627.5,19633.125,-15,-11,,,,-1,,,,-39,-10,-19.1354599219834,-39,-10,,,,-39,-10,,,,15,11,,,-15,-19,1.1,1184,3147,6482,6482,1880.1,0.95,0.941368885196382,0.933606686642485,-214,-245,-376,-376,-162,100,-22.6242424242424,-15,-0.296655803282246,0,0,0,0,0,0,0,0,0,0,-214,1184,485,699,19628.75,-3.5,-0.180743243243243,15,8,19.4256756592689,30.3125,43.6875,1184,51.4782608695652,,0.019425675675676,51.4782608695652,-9.30434782608696,46,3,6482,-376,0.760869565217391,-0.058006788028386,23,20.5,15.52417469626,9.5,5.25156061460676,0,1,0,,-19.1354599219834,,,,,,,,0.012668918918919,0.070093457943925,51.4782608695652,-9.30434782608696,-0.180743243243243,0.108952702702703,4.15709459459459,265.4,5.8,0.941368885196382,,,485,699,-214,0.409628378378378,51.4782608695652,1.94256756756757,0.012668918918919,12.6689189189189,0.012668918918919,0.180743243243243,0.070093457943925,0.012668918918919,51.4782608695652,9.30434782608696,3053,3429,-376,0.470996605985807,140.913043478261,0.709657513113237,0.005399568034557,5.39956803455724,0.005399568034557,0.058006788028386,0.093085106382979,0.005399568034557,140.913043478261,8.17391304347826,3053,3429,-376,0.470996605985807,140.913043478261,0.709657513113237,0.005399568034557,5.39956803455724,0.005399568034557,0.058006788028386,0.093085106382979,0.005399568034557,140.913043478261,8.17391304347826,3053,3429,-376,0.470996605985807,140.913043478261,0.709657513113237,0.005399568034557,5.39956803455724,0.005399568034557,0.058006788028386,0.093085106382979,0.005399568034557,140.913043478261,8.17391304347826,0,2,254,0.108952702702703,0.178294573643411,-1.2,-0.8,0.166666666666667,0.466666666666667,4.35430821141545,3.51567916624939,3.3870669054836,-9,6,0.9,1.13175601200178,-0.048484848484849,-0.443069253629742,-9.02793404694849,4,0,-9,1,-3,1,-3,-2,-6,2674.8,1880.1,1029.6,800.466666666667,1384.04861186304,1326.32993255826,991.534790110766,356,5087,0.95,0.941368885196382,295.169696969697,2103.07149415089,0.933396703564068,1963,3335,5087,1371,759,779,397,749,802,-130,-44.7,-1.06666666666667,7.23333333333333,147.167931289395,144.769506457679,100.902571269958,-387,186,0.2,-0.296655803282246,-22.6242424242424,-63.0045233449854,0.492028164870917,-31,-131,-387,49,63,23,-21,-9,-132,-33,-35,-29,-34,,-1,-35,-36,-29,-34,,-1,-34,-38,-30,-34,,-1,-110,-122,-51,-35,-42,-1,,,,,,,0,0,1,0,0,,0,0,0,0
2024-09-26,down,traded,20445,20517.5,20477.5,300,300,300,1500,3300,575,0,4,9,3,0,0,0,32,18,11,3,-298,5808,-8.6666666666657,1,32,-0.051308539944904,20445,20449.375,-5,-17,-11,-29,,-1,,,,-58,-26,-22.6674158869544,-58,-1,200,139,247,-58,-1,208,164,233,5,17,29,,-5,7,-1.2,819,4059,14142,19950,2856.4,0.933333333333333,1.31582852818612,0.459828196058615,-95,-465,-1062,-1360,-1265,-343,-12.7030303030303,50.9,-2.04335547165858,0,0,0,0,0,0,0,0,0,0,-95,819,362,457,20451.25,1.5,-0.115995115995116,5,2,8.54700853657264,60.3333333333333,76.1666666666667,819,117,,0.008547008547009,117,-13.5714285714286,58,6,19950,-1360,0.810344827586207,-0.068170426065163,7,15,19.6214168703486,6.58483105326173,6.4780827067548,0,1,0,-5.8,-22.6674158869544,0,1,1,0,208,164,233,0.006105006105006,0.052631578947368,117,-13.5714285714286,-0.115995115995116,0.268620268620269,0.811965811965812,-543.3,16.3,-1.31582852818612,-1,1,362,457,-95,0.442002442002442,117,0.854700854700855,0.006105006105006,6.10500610500611,0.006105006105006,0.115995115995116,0.052631578947368,0.006105006105006,117,13.5714285714286,3374,3866,-492,0.466022099447514,314.782608695652,0.31767955801105,0.001519337016575,1.51933701657459,0.001519337016575,0.067955801104972,0.022357723577236,0.001519337016575,314.782608695652,21.3913043478261,6540,7602,-1062,0.462452269834535,404.057142857143,0.247489746853345,0.002050629331071,2.05062933107057,0.002050629331071,0.075095460330929,0.027306967984934,0.002050629331071,404.057142857143,30.3428571428571,9295,10655,-1360,0.465914786967419,343.965517241379,0.290726817042607,0.002355889724311,2.35588972431078,0.002355889724311,0.068170426065163,0.034558823529412,0.002355889724311,343.965517241379,23.448275862069,0,0,0,0.268620268620269,0.031818181818182,-4.8,-2.3,-0.4,-0.433333333333333,6.99714227381436,6.37259758654193,4.80693942822943,-12,7,0.033333333333333,-2.41317790107305,-0.563636363636364,-2.87099938820548,4.17972920833697,-12,6,-12,-6,7,6,1,0,-1,3826.2,2856.4,1338.5,847.416666666667,997.040901869126,1628.81596259369,1445.09710746372,351,5808,0.933333333333333,1.31582852818612,319.806060606061,2914.26316584036,1.11177330790773,3240,3181,3424,3478,4971,1383,475,493,324,-253,-218.4,-50.8333333333333,-31.1166666666667,121.358971650225,123.0489333558,156.197328900195,-370,301,0.016666666666667,-2.04335547165858,-12.7030303030303,-192.731762423701,1.91976659865016,-370,-27,-236,-334,-351,301,-1,51,2,-67,-72,-53,-53,-60,-1,-71,-73,-56,-53,-54,-1,-57,-67,-41,-45,-38,-1,-35,-74,32,1,-2,0,208,176,227,171,148,1,0,0,1,0,0,,0,0,0,0
2024-09-27,down,traded,20313.75,20383.75,20345,420,420,420,1380,3180,577,0,5,9,3,0,0,0,31,18,5,8,-383,3409,-5,1,31,-0.112349662657671,20313.75,20316.25,-5,-21,-36,-32,,-1,,,,-56,-25,-29.813285695386,-56,-4,-23,-163,100,-56,-4,-134,-134,93,5,21,32,,-5,11,-6.4,795,3100,8385,15909,2266.9,0.95,1.1172147879649,0.507695255124848,-287,-602,-857,-1373,-1086,-24,-35.4484848484848,16.1,-1.95964778401633,0,0,0,0,0,0,0,0,0,0,-287,795,254,541,20317.5,1,-0.361006289308176,6,2,10.0628930691033,36.2857142857143,77.2857142857143,795,99.375,,0.010062893081761,99.375,-35.875,58,8,15909,-1373,0.879310344827586,-0.086303350304859,8,16.6,26.4764045897475,8.82713811758595,6.3774777320052,0,1,0,-6.4,-29.813285695386,1,0,0,0,-134,-134,93,0.007547169811321,0.020905923344948,99.375,-35.875,-0.361006289308176,0.223899371069182,2.88805031446541,108.9,-95.3,-1.1172147879649,0,-0,254,541,-287,0.319496855345912,99.375,1.0062893081761,0.007547169811321,7.54716981132075,0.007547169811321,0.361006289308176,0.020905923344948,0.007547169811321,99.375,35.875,2258,3151,-893,0.417452394157885,125.790697674419,0.794971344056203,0.006840451100018,6.84045110001849,0.006840451100018,0.16509521168423,0.041433370660694,0.006840451100018,125.790697674419,20.7674418604651,3764,4621,-857,0.448896839594514,178.404255319149,0.560524746571258,0.003935599284436,3.93559928443649,0.003935599284436,0.102206320810972,0.038506417736289,0.003935599284436,178.404255319149,18.2340425531915,7268,8641,-1373,0.456848324847571,274.293103448276,0.364573511848639,0.003205732604186,3.20573260418631,0.003205732604186,0.086303350304859,0.03714493809177,0.003205732604186,274.293103448276,23.6724137931034,0,0,0,0.223899371069182,0.044943820224719,-4.8,-2.1,-1.1,-0.333333333333333,10.4383906805599,8.67698104181402,5.95734840344259,-16,11,0.016666666666667,-2.5011127419356,-1.92121212121212,-4.8546156677539,3.29583248088572,-16,-15,-7,11,-4,0,0,0,-4,1935,2266.9,1185.9,870.433333333333,389.374369983439,1003.7424420637,1001.68742130467,299,4694,0.95,1.1172147879649,-45.9454545454545,2008.58947568025,1.14757148133486,2305,2309,1316,1660,2030,742,499,385,360,-124.6,-90.3,-26.2333333333333,-5.3,166.455519584062,219.885447449348,147.356412219565,-383,331,0.033333333333333,-1.95964778401633,-35.4484848484848,-122.549970060465,2.57038006492031,-315,-291,-102,138,-80,64,1,-33,-4,-53,-58,-50,-47,-49,-1,-53,-59,-49,-47,-49,-1,-53,-60,-46,-47,-39,-1,-53,-61,12,-4,-11,0,44,-35,85,2,-1,0,0,0,1,0,0,,0,0,0,1
2024-10-24,down,traded,20331.25,20376.25,20340,60,60,60,1740,3540,571,0,4,10,4,0,0,0,29,25,3,1,-409,5299,-9,1,29,-0.077184374410266,20331.25,20341.25,-8,,,,,-1,,,,-36,-7,-17,-36,-7,90,-106,201,-36,-7,90,-93,197,8,,,,-8,,0,1348,6647,6647,6647,2638.7,0.983333333333333,2.74306612548518,0.718396930292049,-108,-517,-517,-517,-409,-770,11.8727272727273,-172.5,-2.10745707606591,0,0,0,0,0,0,0,0,0,0,-108,1348,620,728,20347.5,5,-0.080118694362018,7,11,13.3531157170971,77.5,91,1348,74.8888888888889,,0.013353115727003,74.8888888888889,-6,37,2,6647,-517,0.891891891891892,-0.077779449375658,18,18,8,,4.93344594466068,0,1,0,,-17,1,0,0,0,90,-93,197,0.005192878338279,0.064814814814815,74.8888888888889,-6,-0.080118694362018,0.149851632047478,1.44213649851632,1197,-77.4,2.74306612548518,0,-0,620,728,-108,0.459940652818991,74.8888888888889,1.3353115727003,0.005192878338279,5.19287833827893,0.005192878338279,0.080118694362018,0.064814814814815,0.005192878338279,74.8888888888889,6,3065,3582,-517,0.461110275312171,179.648648648649,0.556642094177825,0.004964645704829,4.96464570482925,0.004964645704829,0.077779449375658,0.063829787234043,0.004964645704829,179.648648648649,13.972972972973,3065,3582,-517,0.461110275312171,179.648648648649,0.556642094177825,0.004964645704829,4.96464570482925,0.004964645704829,0.077779449375658,0.063829787234043,0.004964645704829,179.648648648649,13.972972972973,3065,3582,-517,0.461110275312171,179.648648648649,0.556642094177825,0.004964645704829,4.96464570482925,0.004964645704829,0.077779449375658,0.063829787234043,0.004964645704829,179.648648648649,13.972972972973,0,1,202,0.149851632047478,0.089108910891089,1,-0.5,1,0.583333333333333,2.19089023002066,6.97495519698872,6.09371260672288,-14,14,0.483333333333333,-0.164103571096666,0.842424242424242,0.829239647081037,0,0,4,0,-2,10,14,-5,-4,-2,3630,2638.7,1664.26666666667,1255.95,2192.54117407177,1869.14435237089,1325.06223585494,596,7127,0.983333333333333,2.74306612548518,463.145454545455,3169.7692121343,1.67173054104845,5299,7127,1748,2197,1923,2414,1733,896,780,32.4,0.3,6.66666666666667,-6.41666666666667,250.140440552902,234.903831386378,197.236124705615,-409,512,0.016666666666667,-2.10745707606591,11.8727272727273,10.5596109177477,-38.732487701094,-409,361,20,63,195,512,-125,-136,-50,-31,-49,-25,-31,-38,-1,-52,-59,-40,-31,-38,-1,-52,-64,-40,-31,-35,-1,-56,-76,-2,5,-11,-1,125,-38,201,1,-8,0,1,0,1,0,0,,0,0,0,0
2024-10-25,up,traded,20546.25,20528.75,20491.25,300,300,300,1500,3300,575,0,5,10,4,0,0,0,30,23,7,0,180,7152,5.3333333333343,1,30,0.025167785234899,20547.5,20541.25,9,9,8,22,,1,,,,15,45,17.123213081315,0,45,134,111,228,0,45,165,123,219,9,9,22,,9,9,-0.3,841,3684,13952,21104,3119.3,0.933333333333333,0.830656171486723,0.424919159256265,131,112,336,516,385,-57,2.51515151515152,-42.3,-0.622576467342731,1,1,0,5.66666666666667,5.66666666666667,1,1,136,0,0,131,841,486,355,20542.5,1,0.15576694411415,9,1,11.8906064067888,48.6,35.5,841,84.1,,0.011890606420928,84.1,13.1,45,6,21104,516,1,0.024450341167551,10,12.8,15.1657508881031,5.16139516022558,5.16838681042956,1,0,0,4.4,17.123213081315,0,1,1,0,165,123,219,0.010701545778835,0.068702290076336,84.1,13.1,0.15576694411415,0.329369797859691,1.5576694411415,-1006.3,-33.9,0.830656171486723,1,-1,486,355,131,0.577883472057075,84.1,1.18906064209275,0.010701545778835,10.7015457788347,0.010701545778835,0.15576694411415,0.068702290076336,0.010701545778835,84.1,13.1,3271,3121,150,0.511733416770964,491.692307692308,0.203379224030038,0.001251564455569,1.25156445556946,0.001251564455569,0.023466833541927,0.053333333333333,0.001251564455569,491.692307692308,11.5384615384615,7144,6808,336,0.51204128440367,558.08,0.179185779816514,0.001576834862385,1.57683486238532,0.001576834862385,0.02408256880734,0.065476190476191,0.001576834862385,558.08,13.44,10810,10294,516,0.512225170583776,468.977777777778,0.213229719484458,0.002132297194845,2.13229719484458,0.002132297194845,0.024450341167551,0.087209302325581,0.002132297194845,468.977777777778,11.4666666666667,0,1,277,0.329369797859691,0.036101083032491,2.6,-0.1,-0.133333333333333,0.65,4.8,4.39203825119955,4.153178167246,-6,12,0.533333333333333,0.03210392811579,0.818181818181818,1.0322754623226,0,0,-1,12,2,-3,10,4,4,-1,4052.6,3119.3,1532.7,1099.36666666667,1631.21066695875,1879.21004946227,1577.42763489592,377,7152,0.933333333333333,0.830656171486723,260.163636363636,3042.40589917404,0.934457825227011,2843,2708,3407,4153,5395,1468,791,805,544,77,58.5,34.3,25.6,97.8263768111648,84.7859068477775,85.6119734616601,-134,256,0.366666666666667,-0.622576467342731,2.51515151515152,58.3067357931945,-0.325862865439599,-19,38,207,-21,-23,256,159,141,-112,43,35,45,33,29,1,43,37,45,43,29,1,43,31,50,33,29,1,43,31,114,37,29,1,158,142,186,127,132,1,0,0,1,0,0,,0,0,0,0
2024-10-29,down,traded,20481.25,20527.5,20491.25,60,60,60,1740,3540,571,0,2,10,4,0,0,0,29,13,13,3,-71,4181,-7.6666666666657,1,29,-0.016981583353265,20482.5,20491.875,-10,,,,,-1,,,,-36,-7,-17.6666666666657,-36,-7,-15,-116,-3,-36,-7,-48,-94,-15,10,,,,-10,,-0.1,1476,5657,5657,5657,2176.8,0.983333333333333,2.57254249107449,1.09070755588398,-40,-111,-111,-111,-71,-18,18.3878787878788,18.1,-0.328651218406363,2,1,1,36,21.5,0.333333333333333,2,178,6,0,-40,1476,718,758,20482.5,-7.5,-0.02710027100271,9,8,11.5176151683485,71.8,75.8,1476,86.8235294117647,,0.011517615176152,86.8235294117647,-2.35294117647059,37,2,5657,-111,0.621621621621622,-0.019621707618879,17,17,10,,5.44966869533267,0,1,0,,-17.6666666666657,0,1,0,1,-48,-94,-15,0.00609756097561,0.225,86.8235294117647,-2.35294117647059,-0.02710027100271,0.105013550135501,0.46070460704607,1088.2,-24.6,2.57254249107449,1,-1,718,758,-40,0.486449864498645,86.8235294117647,1.15176151761518,0.00609756097561,6.09756097560976,0.00609756097561,0.02710027100271,0.225,0.00609756097561,86.8235294117647,2.35294117647059,2773,2884,-111,0.49018914619056,152.891891891892,0.654056920629309,0.004065759236344,4.06575923634435,0.004065759236344,0.019621707618879,0.207207207207207,0.004065759236344,152.891891891892,3,2773,2884,-111,0.49018914619056,152.891891891892,0.654056920629309,0.004065759236344,4.06575923634435,0.004065759236344,0.019621707618879,0.207207207207207,0.004065759236344,152.891891891892,3,2773,2884,-111,0.49018914619056,152.891891891892,0.654056920629309,0.004065759236344,4.06575923634435,0.004065759236344,0.019621707618879,0.207207207207207,0.004065759236344,152.891891891892,3,0,0,0,0.105013550135501,0.109677419354839,1.8,-1.5,-0.7,-0.466666666666667,3.65513337649941,8.11480129146734,5.61634519356969,-22,9,0.6,0.12463621374296,0.684848484848485,-0.402633063410589,-0,0,0,9,-1,-22,-1,3,-1,10,2874.2,2176.8,1096.73333333333,781.466666666667,1900.86279357559,1573.75886335868,1198.91767672162,188,5921,0.983333333333333,2.57254249107449,382.593939393939,2550.2586787321,1.63944153385987,4181,5921,2109,919,2685,1141,519,752,1955,28.6,-59,-35.2,-20.5,115.823313715331,158.657492731985,108.930069310544,-421,249,0.216666666666667,-0.328651218406363,18.3878787878788,-36.101755422507,1.96666337049462,-71,-53,249,-15,-421,-235,11,108,-15,-8,-18,-6,-8,-13,-1,-8,-18,-5,-8,-13,-1,-8,-14,-5,-8,-16,-1,-8,-29,-4,-8,7,-1,-47,-78,-28,-31,-17,-1,8,0,1,0,0,,0,0,0,0
2024-10-31,down,traded,20307.5,20370,20330,60,60,60,1740,3540,571,0,4,10,4,0,0,0,32,26,3,3,-112,5972,-8.6666666666657,1,32,-0.018754186202277,20310,20323.75,-19,,,,,-1,,,,-48,-16,-27.6666666666657,-48,-16,-180,-312,-164,-48,-16,-273,-300,-170,19,,,,-19,,-0.2,4262,10234,10234,10234,2611.5,1,3.34638398973002,2.57468209140061,-350,-462,-462,-462,-112,31,-5.26666666666667,54.8,-0.399620023512881,0,0,0,0,0,0,0,0,0,0,-350,4262,1956,2306,20337.5,11,-0.082121069920225,19,11,7.03894884865346,97.8,115.3,4262,142.066666666667,,0.007038948850305,142.066666666667,-11.6666666666667,52,2,10234,-462,0.865384615384615,-0.045143638850889,30,30,19,,6.25113323059641,0,1,0,,-27.6666666666657,0,1,0,1,-273,-300,-170,0.004458000938527,0.054285714285714,142.066666666667,-11.6666666666667,-0.082121069920225,0.093383388080713,2.46363209760676,1177.3,-39.7,-3.34638398973002,1,-1,1956,2306,-350,0.458939465039887,142.066666666667,0.703894885030502,0.004458000938527,4.45800093852651,0.004458000938527,0.082121069920225,0.054285714285714,0.004458000938527,142.066666666667,11.6666666666667,4886,5348,-462,0.477428180574555,196.807692307692,0.508110220832519,0.004397107680281,4.39710768028142,0.004397107680281,0.045143638850889,0.097402597402597,0.004397107680281,196.807692307692,8.88461538461539,4886,5348,-462,0.477428180574555,196.807692307692,0.508110220832519,0.004397107680281,4.39710768028142,0.004397107680281,0.045143638850889,0.097402597402597,0.004397107680281,196.807692307692,8.88461538461539,4886,5348,-462,0.477428180574555,196.807692307692,0.508110220832519,0.004397107680281,4.39710768028142,0.004397107680281,0.045143638850889,0.097402597402597,0.004397107680281,196.807692307692,8.88461538461539,0,1,398,0.093383388080713,0.075376884422111,2,-2.6,-0.933333333333333,-0.816666666666667,3.79473319220206,6.87313611097583,5.57932692077538,-15,10,0.583333333333333,0.167284216642323,0.884848484848485,-0.802183032214983,-0,0,6,2,-4,-14,1,5,-2,-7,3441.2,2611.5,1380,1089.18333333333,2051.14206236428,1798.24771652851,1372.22745927926,466,5972,1,3.34638398973002,449.969696969697,3043.24770816014,1.96237722745563,5972,5883,1605,1438,3318,910,807,880,1248,-75.6,-111.9,-65.6666666666667,-44.0166666666667,91.3205343830181,152.454222637486,115.943472817097,-484,94,0.25,-0.399620023512881,-5.26666666666667,-105.533118724333,1.06127821629682,-112,-143,-59,-158,-226,-118,69,-108,-72,-53,-65,-52,-54,-48,-1,-54,-64,-52,-53,-48,-1,-59,-68,-52,-58,-48,-1,-65,-86,0,-6,3,0,-272,-299,-225,-213,-177,-1,1,0,1,0,0,,0,0,0,0
2025-03-11,down,traded,19403.75,19450,19412.5,300,300,300,1500,3300,575,0,2,3,1,0,0,0,30,11,12,7,242,3568,2,1,30,0.067825112107623,19403.75,19411.25,-15,-18,-3,-25,,-1,,,,-37,-7,-17.2480800394551,-46,14,-48,-401,105,-46,14,-48,-387,91,15,18,25,,-15,-12,1.1,800,2888,11425,14993,3843.5,0.55,-0.251089073159537,0.283813747228381,-154,-252,-205,37,191,-202,15.2909090909091,-73.1,-0.336775830434959,1,0,1,7.375,7.375,1,1,118,0,0,-154,800,323,477,19400,-9,-0.1925,15,3,22.499999971875,20.1875,29.8125,800,44.4444444444444,,0.0225,44.4444444444444,-8.55555555555556,60,6,14993,37,0.233333333333333,0.002467818315214,18,30.4,29.3768616431368,12.14907403879,8.36420946653059,0,1,0,-5,-17.2480800394551,1,0,0,0,-48,-387,91,0.01875,0.097402597402597,44.4444444444444,-8.55555555555556,-0.1925,0.15125,3.465,-320.7,-65.1,0.251089073159537,0,-0,323,477,-154,0.40375,44.4444444444444,2.25,0.01875,18.75,0.01875,0.1925,0.097402597402597,0.01875,44.4444444444444,8.55555555555556,2684,2832,-148,0.486584481508339,137.9,0.725163161711385,0.000543872371284,0.543872371283539,0.000543872371284,0.026831036983321,0.02027027027027,0.000543872371284,137.9,3.7,5610,5815,-205,0.491028446389497,190.416666666667,0.525164113785558,0.00218818380744,2.18818380743982,0.00218818380744,0.017943107221007,0.121951219512195,0.00218818380744,190.416666666667,3.41666666666667,7515,7478,37,0.501233909157607,249.883333333333,0.400186753818449,0.000933769092243,0.933769092243047,0.000933769092243,0.002467818315214,0.378378378378378,0.000933769092243,249.883333333333,0.616666666666667,0,1,121,0.15125,0.148760330578512,-2,1.6,-2.16666666666667,1.71666666666667,11.1175536877498,13.7709839880816,17.5671726682342,-35,32,0.366666666666667,-0.047436963765957,-1.56363636363636,-0.467805356267228,6.41292357987942,-3,15,-20,-2,9,2,-26,23,-18,2838.6,3843.5,2584.26666666667,2231.28333333333,485.650738700149,2973.44514830861,1976.45664314253,1043,12650,0.55,-0.251089073159537,-87.9939393939394,3325.8026811104,0.627818364528731,2088,2628,3034,2875,12650,3150,2147,2595,2861,38.2,-35.1,-42.3333333333333,-4.88333333333333,137.649409733569,145.201549578508,165.29293861371,-437,302,0.316666666666667,-0.336775830434959,15.2909090909091,-20.723554315717,4.72891852946651,-98,104,-132,75,50,-44,-133,161,-359,-17,-36,-10,-17,-23,-1,-40,-48,-19,-17,-23,-1,-40,-65,-32,-17,-23,-1,-110,-137,4,8,-2,0,-45,-214,3,-6,10,0,2,0,1,0,0,,0,0,0,0
2025-03-12,up,traded,19742.5,19716.25,19671.25,180,180,180,1620,3420,573,0,3,3,1,0,0,0,36,2,15,19,37,3951,0.666666666665697,1,36,0.009364717792964,19743.75,19738.75,11,16,39,,,1,,,,22,58,27.1881069285329,3,58,280,45,434,3,58,257,67,412,11,16,,,11,6,7.4,876,3243,10041,10041,2891.8,0.883333333333333,0.355799892545347,0.410766200881553,190,229,497,497,307,-192,12.9090909090909,91.9,0.521359979069075,0,0,0,0,0,0,0,0,0,0,190,876,533,343,19743.75,4,0.21689497716895,10,4,15.9817351415734,48.4545454545455,31.1818181818182,876,62.5714285714286,,0.015981735159817,62.5714285714286,13.5714285714286,61,4,10041,497,0.60655737704918,0.049497062045613,14,23.6666666666667,25.9807621135332,7.48331477354788,7.39339044161893,1,0,0,,27.1881069285329,0,1,1,0,257,67,412,0.011415525114155,0.052631578947368,62.5714285714286,13.5714285714286,0.21689497716895,0.184931506849315,3.0365296803653,-456.5,117.7,0.355799892545347,1,-1,533,343,190,0.608447488584475,62.5714285714286,1.59817351598174,0.011415525114155,11.4155251141553,0.011415525114155,0.21689497716895,0.052631578947368,0.011415525114155,62.5714285714286,13.5714285714286,3275,2815,460,0.537766830870279,135.333333333333,0.738916256157635,0.006568144499179,6.56814449917898,0.006568144499179,0.075533661740558,0.08695652173913,0.006568144499179,135.333333333333,10.2222222222222,5269,4772,497,0.524748531022806,164.606557377049,0.607509212229858,0.003684891943034,3.68489194303356,0.003684891943034,0.049497062045613,0.074446680080483,0.003684891943034,164.606557377049,8.14754098360656,5269,4772,497,0.524748531022806,164.606557377049,0.607509212229858,0.003684891943034,3.68489194303356,0.003684891943034,0.049497062045613,0.074446680080483,0.003684891943034,164.606557377049,8.14754098360656,0,1,162,0.184931506849315,0.08641975308642,-0.8,-3.4,-3.6,-1.81666666666667,15.2367975637927,16.5057565715722,15.8778671951452,-38,24,0.633333333333333,0.541634458476234,1.85454545454545,-0.910166554523799,-5.49350003595332,5,23,0,-23,9,-11,21,6,-36,3927.2,2891.8,1851.03333333333,1712.55,2544.76878320998,2080.62475232801,1450.15970346564,715,8796,0.883333333333333,0.355799892545347,255.466666666667,2986.76312517406,0.792496726656907,2367,2847,3951,8796,1563,1952,1418,893,2551,-95.2,-80.4,-49.1,-17.75,317.919738298835,249.425820636116,168.981133069149,-698,231,0.716666666666667,0.521359979069075,12.9090909090909,-50.3965050248029,-0.773863187155656,39,231,37,-698,27,20,124,19,-413,41,37,55,40,47,1,41,29,59,17,20,1,29,14,53,18,1,1,227,52,285,18,1,1,215,148,332,150,50,1,0,0,1,0,0,,0,0,0,0
2025-03-13,down,traded,19502.5,19577.5,19528.75,360,360,360,1440,3240,576,0,4,3,1,0,0,0,39,26,2,11,44,3258,-5.6666666666657,1,39,0.013505217925107,19500,19531.875,-38,-51,-17,-44,,-1,,,,-62,-23,-38.6991462913225,-62,-9,-88,-223,83,-62,-9,-88,-203,64,38,51,44,,-38,-25,-0.9,2210,4249,10487,15993,2742.5,0.833333333333333,0.133123088659508,0.980370411445048,-286,-459,-579,-477,-191,-311,-21.9454545454545,-35.9,-1.44071905841795,1,0,1,9.375,9.375,1,1,75,0,0,-286,2210,962,1248,19506.25,-20.5,-0.129411764705882,38,13,23.076923066481,24.6666666666667,32,2210,43.3333333333333,,0.023076923076923,43.3333333333333,-5.6078431372549,62,7,15993,-477,0.967741935483871,-0.029825548677546,51,36.2,58.7707410196605,23.3142779333943,10.5821652898744,0,1,0,-8.8,-38.6991462913225,1,0,0,0,-88,-203,64,0.017194570135747,0.132867132867133,43.3333333333333,-5.6078431372549,-0.129411764705882,0.044796380090498,6.6,-26.2,-30.6,-0.133123088659508,0,-0,962,1248,-286,0.435294117647059,43.3333333333333,2.30769230769231,0.017194570135747,17.1945701357466,0.017194570135747,0.129411764705882,0.132867132867133,0.017194570135747,43.3333333333333,5.6078431372549,2978,3299,-321,0.474430460411024,112.089285714286,0.892145929584196,0.002548988370241,2.54898837024056,0.002548988370241,0.051139079177951,0.049844236760125,0.002548988370241,112.089285714286,5.73214285714286,4954,5533,-579,0.472394393058072,169.145161290323,0.591208162486888,0.004100314675312,4.10031467531229,0.004100314675312,0.055211213883856,0.07426597582038,0.004100314675312,169.145161290323,9.33870967741935,7758,8235,-477,0.485087225661227,257.951612903226,0.387669605452385,0.003751641343088,3.7516413430876,0.003751641343088,0.029825548677546,0.125786163522013,0.003751641343088,257.951612903226,7.69354838709677,0,0,0,0.044796380090498,0.515151515151515,0.8,-1.3,0.8,-0.466666666666667,20.0339711490258,14.7516100816148,13.9389143527512,-44,34,0.15,-0.990034062249347,0.733333333333333,0.350685205767856,-37.0702835083543,-13,34,-24,-3,0,8,6,-28,-1,2105,2742.5,1845.46666666667,1371,166.920340282423,1928.01764774081,1453.79239080261,704,8315,0.833333333333333,0.133123088659508,-68.5393939393939,2480.69931071689,0.821945647016267,2039,2028,2338,1872,3258,3728,1248,1554,835,-47,15.3,23.8666666666667,-9.26666666666667,140.86589367196,135.634103381119,136.644729946757,-289,374,0.1,-1.44071905841795,-21.9454545454545,-6.17139395540848,28.0325646442302,-173,138,-240,-18,44,182,84,-246,-25,-58,-72,-50,-45,-40,-1,-57,-68,-52,-51,-42,-1,-57,-63,-35,-37,-16,-1,-57,-74,43,1,-8,0,-98,-170,-59,-47,2,-1,0,0,1,0,0,,0,0,0,0
2025-03-14,up,traded,19503.75,19490,19451.25,60,60,60,1740,3540,571,0,5,3,1,0,0,0,31,17,3,11,249,3255,8.3333333333343,1,31,0.076497695852535,19503.75,19495,14,,,,,1,,,,11,42,22.3333333333343,11,42,201,-59,267,11,42,201,-32,251,14,,,,14,,0.1,1683,4938,4938,4938,2632.2,0.983333333333333,1.06207896158007,0.928654196325112,223,472,472,472,249,325,4.53333333333333,50.9,2.29269058524912,0,0,0,0,0,0,0,0,0,0,223,1683,953,730,19497.5,2,0.132501485442662,14,4,10.6951871594206,63.5333333333333,48.6666666666667,1683,93.5,,0.010695187165775,93.5,12.3888888888889,44,2,4938,472,0.704545454545455,0.095585257189145,18,18,14,,5.91044273581373,1,0,0,,22.3333333333343,1,0,0,0,201,-32,251,0.008318478906714,0.062780269058296,93.5,12.3888888888889,0.132501485442662,0.161021984551396,2.38502673796791,1201.9,40.9,1.06207896158007,0,-0,953,730,223,0.566250742721331,93.5,1.06951871657754,0.008318478906714,8.3184789067142,0.008318478906714,0.132501485442662,0.062780269058296,0.008318478906714,93.5,12.3888888888889,2705,2233,472,0.547792628594573,112.227272727273,0.891049007695423,0.00627784528149,6.27784528149048,0.00627784528149,0.095585257189145,0.065677966101695,0.00627784528149,112.227272727273,10.7272727272727,2705,2233,472,0.547792628594573,112.227272727273,0.891049007695423,0.00627784528149,6.27784528149048,0.00627784528149,0.095585257189145,0.065677966101695,0.00627784528149,112.227272727273,10.7272727272727,2705,2233,472,0.547792628594573,112.227272727273,0.891049007695423,0.00627784528149,6.27784528149048,0.00627784528149,0.095585257189145,0.065677966101695,0.00627784528149,112.227272727273,10.7272727272727,0,2,519,0.161021984551396,0.066420664206642,4.2,3.4,0.233333333333333,-1.61666666666667,6.85273667960473,9.32952303175248,11.4271120099914,-22,22,0.633333333333333,-0.020419274190129,0.484848484848485,3.10228983046403,0,0,15,1,-4,1,-15,22,-15,8,3512.4,2632.2,1547.13333333333,1322.38333333333,3147.0647022265,2410.97991696323,1608.04114237029,624,9644,0.983333333333333,1.06207896158007,440.606060606061,3081.51538093393,1.05629847578872,3255,9644,2008,1175,2298,1763,1512,1374,1379,-18,-20.6,-29.6666666666667,-40.5833333333333,160.483020908755,148.309945721789,121.545693282632,-210,249,1,2.29269058524912,4.53333333333333,-11.7545410978502,-21.1833025149353,249,-76,-210,-119,-176,-203,170,-170,-1,22,20,29,23,,1,22,12,35,1,5,1,3,-23,19,0,-4,0,44,24,102,0,1,1,147,16,208,3,-7,1,1,0,1,0,0,,0,0,0,0
2025-03-18,down,traded,19830,19901.25,19858.75,300,300,300,1500,3300,575,0,2,3,1,0,0,0,34,30,2,2,-187,3907,-10,1,34,-0.047862810340415,19828.75,19835,-12,-40,-35,-26,,-1,,,,-58,-24,-31.0987322090659,-58,-7,-3,-105,160,-58,-7,-3,-92,146,12,40,26,,-12,16,-5,937,3162,8178,12085,2493.6,0.933333333333333,0.861521445860103,0.564798071127185,-53,-308,-16,-203,-150,-359,78.1212121212121,-78.6,-0.580414742660594,0,0,0,0,0,0,0,0,0,0,-53,937,442,495,19826.25,-7,-0.056563500533618,13,3,17.075773727774,31.5714285714286,35.3571428571429,937,58.5625,,0.017075773745998,58.5625,-3.3125,61,6,12085,-203,0.918032786885246,-0.016797683078196,16,20,32.4653661614959,13.5558105622644,7.79037868142493,0,1,0,-5.2,-31.0987322090659,1,0,0,0,-3,-92,146,0.013874066168623,0.245283018867925,58.5625,-3.3125,-0.056563500533618,0.141942369263607,0.905016008537887,-398.3,-6.3,-0.861521445860103,0,-0,442,495,-53,0.471718249733191,58.5625,1.70757737459979,0.013874066168623,13.8740661686233,0.013874066168623,0.056563500533618,0.245283018867925,0.013874066168623,58.5625,3.3125,2090,2294,-204,0.476733576642336,85.9607843137255,1.16332116788321,0.007983576642336,7.98357664233577,0.007983576642336,0.046532846715329,0.17156862745098,0.007983576642336,85.9607843137255,4,4081,4097,-16,0.499021765712888,160.352941176471,0.623624358033749,0.003179261433113,3.17926143311323,0.003179261433113,0.001956468574224,1.625,0.003179261433113,160.352941176471,0.313725490196078,5941,6144,-203,0.491601158460902,198.114754098361,0.504757964418701,0.004633843607778,4.63384360777824,0.004633843607778,0.016797683078196,0.275862068965517,0.004633843607778,198.114754098361,3.32786885245902,0,0,0,0.141942369263607,0.120300751879699,-2.8,-4.6,-2.4,-1.45,13.1969693490589,11.8844436133965,8.88294245544046,-28,10,0.016666666666667,-2.88192793417467,0.16969696969697,-5.14103951892235,5.44636933774617,-28,5,10,-1,-8,-22,2,-2,5,2229.6,2493.6,1259.46666666667,894.216666666667,900.718291143241,1099.00247497447,1120.73046814219,314,4410,0.933333333333333,0.861521445860103,-114.49696969697,2107.29645346301,1.05585523875559,2225,1222,1953,1841,4410,1917,488,324,710,-30,-261.4,-82.2,-38.15,162.431524033976,452.46241832886,297.718144111731,-1450,157,0.083333333333333,-0.580414742660594,78.1212121212121,-134.142421280622,1.90096464314259,-255,104,157,31,-506,-217,20,34,160,-51,-67,-49,-51,-65,-1,-57,-65,-49,-51,-63,-1,-57,-77,-49,-51,-81,-1,-98,-155,-83,-51,-54,-1,-57,-103,84,-2,7,0,0,0,1,0,0,,0,0,0,0
2025-03-21,up,traded,19701.25,19695,19646.25,60,60,60,1740,3540,571,0,5,3,1,0,0,1,39,29,1,9,204,5456,12.3333333333343,1,39,0.037390029325513,19701.25,19694.375,6,,,,,1,,,,5,44,18.3333333333343,5,44,-144,-323,-44,5,44,-144,-291,-59,6,,,,6,,0.8,804,6260,6260,6260,2785.3,0.983333333333333,2.43898402805476,0.434477168332883,26,230,230,230,204,1,37.8363636363636,11.1,1.86531425312013,0,0,0,0,0,0,0,0,0,0,26,804,415,389,19691.25,-2.5,0.032338308457711,6,5,13.6815920227841,59.2857142857143,55.5714285714286,804,73.0909090909091,,0.013681592039801,73.0909090909091,2.36363636363636,44,2,6260,230,0.795454545454545,0.036741214057508,11,11,6,,7.25993572056025,1,0,0,,18.3333333333343,0,1,0,1,-144,-291,-59,0.007462686567164,0.230769230769231,73.0909090909091,2.36363636363636,0.032338308457711,0.170398009950249,0.355721393034826,1563.2,75,-2.43898402805476,-1,1,415,389,26,0.516169154228856,73.0909090909091,1.3681592039801,0.007462686567164,7.46268656716418,0.007462686567164,0.032338308457711,0.230769230769231,0.007462686567164,73.0909090909091,2.36363636363636,3245,3015,230,0.518370607028754,142.272727272727,0.702875399361022,0.005591054313099,5.59105431309904,0.005591054313099,0.036741214057508,0.152173913043478,0.005591054313099,142.272727272727,5.22727272727273,3245,3015,230,0.518370607028754,142.272727272727,0.702875399361022,0.005591054313099,5.59105431309904,0.005591054313099,0.036741214057508,0.152173913043478,0.005591054313099,142.272727272727,5.22727272727273,3245,3015,230,0.518370607028754,142.272727272727,0.702875399361022,0.005591054313099,5.59105431309904,0.005591054313099,0.036741214057508,0.152173913043478,0.005591054313099,142.272727272727,5.22727272727273,0,0,0,0.170398009950249,0.08029197080292,-3.4,-0.8,0.566666666666667,0.366666666666667,4.22374241638858,7.69155380921177,8.31337610253633,-20,19,0.6,-0.068163241946167,-0.048484848484849,-1.12205011361371,-0,0,-5,-7,3,19,-20,13,21,27,3551.4,2785.3,1473.2,1129.5,2927.73008318731,2284.1373010395,1632.97502328317,476,8435,0.983333333333333,2.43898402805476,487.630303030303,3296.74889011978,1.65496377851265,5456,8435,1324,1369,3280,1827,780,1850,1980,62.6,-6.7,-1.86666666666667,4.4,120.244085093613,160.228617918273,110.365675018197,-266,206,0.95,1.86531425312013,37.8363636363636,46.6015033244378,4.37754118316227,204,203,-38,27,206,-105,42,270,468,58,35,62,25,28,1,35,18,50,25,42,1,35,1,63,4,12,1,-74,-185,-8,4,-1,-1,-143,-240,-79,-108,-69,-1,2,0,1,0,0,,0,0,0,0
2025-03-27,up,traded,20067.5,20045,20005,60,60,60,1740,3540,571,0,4,3,1,0,0,0,32,13,0,19,144,4638,10.6666666666657,1,32,0.03104786545925,20067.5,20051.25,18,,,,,1,,,,18,50,28.6666666666657,18,50,-36,-326,18,18,50,-36,-313,10,18,,,,18,,-1.5,2910,7548,7548,7548,3351.1,0.983333333333333,1.44121538698729,1.18671370022225,280,424,424,424,144,351,4.9030303030303,45.9,1.29714507356061,0,0,0,0,0,0,0,0,0,0,280,2910,1595,1315,20061.25,8,0.096219931271478,18,16,11.6838487932358,83.9473684210526,69.2105263157895,2910,85.5882352941177,,0.011683848797251,85.5882352941177,8.23529411764706,54,2,7548,424,0.574074074074074,0.056173820879703,34,34,18,,5.09073232016333,1,0,0,,28.6666666666657,1,0,0,0,-36,-313,10,0.006185567010309,0.064285714285714,85.5882352941177,8.23529411764706,0.096219931271478,0.087972508591065,3.27147766323024,1514.5,23.3,-1.44121538698729,0,-0,1595,1315,280,0.548109965635739,85.5882352941177,1.16838487972509,0.006185567010309,6.18556701030928,0.006185567010309,0.096219931271478,0.064285714285714,0.006185567010309,85.5882352941177,8.23529411764706,3986,3562,424,0.528086910439852,139.777777777778,0.715421303656598,0.004107048224695,4.10704822469528,0.004107048224695,0.056173820879703,0.07311320754717,0.004107048224695,139.777777777778,7.85185185185185,3986,3562,424,0.528086910439852,139.777777777778,0.715421303656598,0.004107048224695,4.10704822469528,0.004107048224695,0.056173820879703,0.07311320754717,0.004107048224695,139.777777777778,7.85185185185185,3986,3562,424,0.528086910439852,139.777777777778,0.715421303656598,0.004107048224695,4.10704822469528,0.004107048224695,0.056173820879703,0.07311320754717,0.004107048224695,139.777777777778,7.85185185185185,0,2,511,0.087972508591065,0.1328125,-1,-1.3,1.13333333333333,0.533333333333333,6,5.36749476012786,6.12499433106314,-12,13,0.516666666666667,-0.185034184862113,-0.078787878787879,-0.750081750445837,-0,0,-12,6,-1,-5,13,5,4,12,4321,3351.1,1915.23333333333,1452.4,3465.73005296142,2646.44125005638,1889.21565176898,727,10911,0.983333333333333,1.44121538698729,496.175757575758,3887.22706738389,1.19313842994034,4638,10911,2662,1746,2824,3202,936,1373,1850,-24.6,-40.5,-6.83333333333333,-4.96666666666667,115.071456061006,125.132929319184,116.281005423165,-254,176,0.933333333333333,1.29714507356061,4.9030303030303,-17.8220262033789,-8.0798893659296,144,-207,20,-8,-118,176,30,219,300,31,18,41,16,12,1,31,3,41,2,8,1,0,-27,13,0,-12,0,-6,-39,22,-2,15,0,-43,-175,17,-1,-6,0,3,0,1,0,0,,0,0,0,0
2025-03-28,down,traded,19850,19917.5,19881.25,180,180,180,1620,3420,573,0,5,3,1,0,0,0,29,18,5,6,-166,2948,-5.6666666666657,1,29,-0.056309362279512,19850,19865,-15,-9,-31,,,-1,,,,-54,-25,-23.2209199892764,-54,-7,-116,-280,-70,-54,-7,-173,-253,-79,15,9,,,-15,-21,0.5,1653,4253,10356,10356,3181.6,0.9,0.494367438478769,0.742037573227392,-99,85,-222,-222,-123,325,6.12121212121212,23.5,1.59825258618425,0,0,0,0,0,0,0,0,0,0,-99,1653,777,876,19857.5,-6,-0.05989110707804,15,9,14.5190562525596,48.5625,54.75,1653,68.875,,0.014519056261343,68.875,-4.125,54,4,10356,-222,0.907407407407407,-0.02143684820394,24,23.3333333333333,27.2946881279124,11.8977121983832,7.22311105641699,0,1,0,,-23.2209199892764,0,1,0,1,-173,-253,-79,0.009074410163339,0.151515151515152,68.875,-4.125,-0.05989110707804,0.097398669086509,1.43738656987296,-453.8,64,-0.494367438478769,1,-1,777,876,-99,0.47005444646098,68.875,1.4519056261343,0.009074410163339,9.07441016333938,0.009074410163339,0.05989110707804,0.151515151515152,0.009074410163339,68.875,4.125,3676,3732,-56,0.49622030237581,224.484848484848,0.445464362850972,0.004319654427646,4.31965442764579,0.004319654427646,0.00755939524838,0.571428571428571,0.004319654427646,224.484848484848,1.6969696969697,5067,5289,-222,0.48928157589803,191.777777777778,0.52143684820394,0.004731556585554,4.73155658555427,0.004731556585554,0.02143684820394,0.220720720720721,0.004731556585554,191.777777777778,4.11111111111111,5067,5289,-222,0.48928157589803,191.777777777778,0.52143684820394,0.004731556585554,4.73155658555427,0.004731556585554,0.02143684820394,0.220720720720721,0.004731556585554,191.777777777778,4.11111111111111,0,0,0,0.097398669086509,0.149068322981366,-5.6,-2.7,-2.9,-1.16666666666667,9.52050418832952,10.6962610289764,9.13728624920988,-30,16,0.866666666666667,0.974030993148496,-0.612121212121212,-4.05341037598378,-1.480235022723,6,-22,0,-9,-1,-5,-4,7,2,3954.4,3181.6,1770.36666666667,1347.48333333333,2683.85294679124,2173.22355959989,1678.17147481683,589,9245,0.9,0.494367438478769,111.527272727273,3079.57349489597,0.844272755402393,2600,3155,2948,9245,1384,2151,841,1303,874,-90.4,-68.8,-64.7,-43.7166666666667,146.637785035099,218.723935590049,155.607444123559,-493,337,0.966666666666667,1.59825258618425,6.12121212121212,-65.2508275715331,-2.81988760676307,184,-141,-166,-245,-138,-269,-121,25,42,-79,-92,-64,-46,-51,-1,-79,-91,-38,-8,-15,-1,-23,-58,-9,-8,-13,-1,-23,-86,-14,-23,-13,-1,-184,-209,-120,-111,-80,-1,0,0,1,0,0,,0,0,0,0
2025-04-01,up,traded,19405,19386.25,19347.5,120,120,120,1680,3480,572,0,2,4,2,0,0,0,31,22,4,5,293,5043,-7,1,31,0.058100337100932,19405,19390,22,41,,,,1,,,,15,46,31.0624826657149,15,46,-36,-68,342,15,46,-36,-64,336,22,41,,,22,3,0.5,1925,5295,10338,10338,4864.4,0.883333333333333,0.114006089577338,0.5081367877836,261,649,942,942,681,95,-19.7090909090909,-5.70000000000001,1.02512994186147,0,0,0,0,0,0,0,0,0,0,261,1925,1093,832,19386.25,-3,0.135584415584416,21,5,13.5064934994771,49.6818181818182,37.8181818181818,1925,74.0384615384615,,0.013506493506494,74.0384615384615,10.0384615384615,47,3,10338,942,0.404255319148936,0.091120139291933,26,26,29.0688837074973,1.5,12.6845925787504,1,0,0,,31.0624826657149,1,0,0,0,-36,-64,336,0.010909090909091,0.080459770114943,74.0384615384615,10.0384615384615,0.135584415584416,0.070649350649351,3.5251948051948,393.5,31.1,-0.114006089577338,0,-0,1093,832,261,0.567792207792208,74.0384615384615,1.35064935064935,0.010909090909091,10.9090909090909,0.010909090909091,0.135584415584416,0.080459770114943,0.010909090909091,74.0384615384615,10.0384615384615,5640,4698,942,0.545560069645966,219.957446808511,0.454633391371639,0.001837879667247,1.83787966724705,0.001837879667247,0.091120139291933,0.020169851380043,0.001837879667247,219.957446808511,20.0425531914894,5640,4698,942,0.545560069645966,219.957446808511,0.454633391371639,0.001837879667247,1.83787966724705,0.001837879667247,0.091120139291933,0.020169851380043,0.001837879667247,219.957446808511,20.0425531914894,5640,4698,942,0.545560069645966,219.957446808511,0.454633391371639,0.001837879667247,1.83787966724705,0.001837879667247,0.091120139291933,0.020169851380043,0.001837879667247,219.957446808511,20.0425531914894,0,0,0,0.070649350649351,0.191176470588235,2,4,2.8,1.25,16.4073154415949,19.5192212959431,19.1701156317153,-44,49,0.966666666666667,0.845065325177201,-0.363636363636364,2.81479030313385,6.75005878016787,19,0,-28,5,-5,-44,12,9,2,6483.4,4864.4,3016.76666666667,2115.33333333333,6099.04601064789,4648.76728176406,3098.37250486266,912,18556,0.883333333333333,0.114006089577338,550.230303030303,5239.81884359904,0.643152005935623,3370,5043,18556,3048,2520,3237,1892,1241,1088,-90.6,1.6,-23.2333333333333,-13.4666666666667,800.012399903901,594.378700829698,401.152396921115,-1686,512,0.983333333333333,1.02512994186147,-19.7090909090909,-23.2745063644242,-16.6706006101625,388,293,-1686,346,122,-279,172,45,-42,6,-3,11,-2,13,0,6,-2,10,-1,14,0,6,-3,19,-1,19,0,6,-8,61,5,-7,0,144,56,341,-1,-15,1,8,1,0,0,0,,0,0,0,0
2025-04-03,up,traded,19030,18998.75,18911.25,180,180,180,1620,3420,573,0,4,4,2,0,0,0,70,56,3,11,259,6351,21.3333333333343,1,70,0.040780979373327,19030,19026.25,9,22,28,,,1,,,,25,95,35.7275935403944,8,95,-574,-689,-230,8,95,-574,-685,-241,9,22,,,9,-4,6.7,803,4575,15066,15066,3323.6,0.95,1.04471245905926,0.350731600786198,105,309,570,570,465,202,3.46666666666667,163.5,0.99870780714331,1,1,0,4.5,4.5,1,1,108,0,0,105,803,454,349,19031.25,4,0.130759651307597,9,5,17.4346201526343,45.4,34.9,803,57.3571428571429,,0.017434620174346,57.3571428571429,7.5,99,4,15066,570,0.848484848484849,0.037833532457188,14,29,16.9115345252878,2.86744175568088,12.091548931198,1,0,0,,35.7275935403944,0,1,0,1,-574,-685,-241,0.01120797011208,0.085714285714286,57.3571428571429,7.5,0.130759651307597,0.176836861768369,1.83063511830635,-69.5,173.3,-1.04471245905926,-1,1,454,349,105,0.565379825653798,57.3571428571429,1.74346201743462,0.01120797011208,11.2079701120797,0.01120797011208,0.130759651307597,0.085714285714286,0.01120797011208,57.3571428571429,7.5,4513,4202,311,0.517842799770511,167.596153846154,0.596672403901319,0.003212851405622,3.21285140562249,0.003212851405622,0.035685599541021,0.090032154340836,0.003212851405622,167.596153846154,5.98076923076923,7818,7248,570,0.518916766228594,152.181818181818,0.657108721624851,0.005575467941059,5.57546794105934,0.005575467941059,0.037833532457188,0.147368421052632,0.005575467941059,152.181818181818,5.75757575757576,7818,7248,570,0.518916766228594,152.181818181818,0.657108721624851,0.005575467941059,5.57546794105934,0.005575467941059,0.037833532457188,0.147368421052632,0.005575467941059,152.181818181818,5.75757575757576,0,2,276,0.176836861768369,0.098591549295775,-2,-0.4,1.46666666666667,1.45,12.2474487139159,10.6883113727099,7.72758406978245,-23,13,0.95,1.49248888516563,0.509090909090909,1.06933535676321,12.1570842278608,13,6,0,-23,8,-3,-3,4,9,4998,3323.6,1919.66666666667,1503.21666666667,2525.37102224604,2492.64855926382,1773.05565495152,708,9075,0.95,1.04471245905926,475.115151515152,3653.46189925984,1.03244541862177,3772,4140,6351,9075,1067,1114,1804,1803,1219,-143.6,-81.8,-8.53333333333333,1.78333333333333,471.814624614371,345.141362343026,212.808322727806,-1043,259,0.983333333333333,0.99870780714331,3.46666666666667,-44.6592650265853,-4.56792112182232,204,2,259,-1043,49,-52,32,127,-37,124,95,134,85,88,1,127,107,150,94,88,1,119,91,138,88,38,1,119,-21,153,1,11,0,-575,-659,-455,-375,-235,-1,0,0,1,0,0,,0,0,0,0
2025-04-04,up,traded,18236.25,18223.75,18141.25,60,60,60,1740,3540,571,0,5,4,2,0,1,0,66,29,26,11,39,6399,4.6666666666657,1,66,0.006094702297234,18236.25,18213.125,36,,,,,1,,,,10,76,40.6666666666657,10,76,-360,-671,-343,10,76,-360,-658,-360,36,,,,36,,1.4,800,7199,7199,7199,4447.2,0.983333333333333,1.39557873988366,0.266125544725724,148,187,187,187,39,739,-41.9272727272727,52.2,0.782688522722385,0,0,0,0,0,0,0,0,0,0,148,800,474,326,18225,9.5,0.185,36,3,48.7499999390625,12.8108108108108,8.81081081081081,800,20.5128205128205,,0.04875,20.5128205128205,3.79487179487179,77,2,7199,187,0.844155844155844,0.025975829976386,39,39,36,,10.484114968211,1,0,0,,40.6666666666657,0,1,0,1,-360,-658,-360,0.045,0.243243243243243,20.5128205128205,3.79487179487179,0.185,0.08125,7.215,2151.9,-6.1,-1.39557873988366,-1,1,474,326,148,0.5925,20.5128205128205,4.875,0.045,45,0.045,0.185,0.243243243243243,0.045,20.5128205128205,3.79487179487179,3693,3506,187,0.512987914988193,93.4935064935065,1.06959299902764,0.009029031809974,9.02903180997361,0.009029031809974,0.025975829976386,0.347593582887701,0.009029031809974,93.4935064935065,2.42857142857143,3693,3506,187,0.512987914988193,93.4935064935065,1.06959299902764,0.009029031809974,9.02903180997361,0.009029031809974,0.025975829976386,0.347593582887701,0.009029031809974,93.4935064935065,2.42857142857143,3693,3506,187,0.512987914988193,93.4935064935065,1.06959299902764,0.009029031809974,9.02903180997361,0.009029031809974,0.025975829976386,0.347593582887701,0.009029031809974,93.4935064935065,2.42857142857143,0,2,118,0.08125,0.6,-5.2,-0.7,-0.633333333333333,-2,6.14491659829489,7.91264810287934,8.58868765036636,-23,17,0.6,0.07374040821083,-1.42424242424242,-2.68267504820475,-0,0,-12,4,-10,-5,-4,3,-13,-12,6427.8,4447.2,2453.1,1879.41666666667,5177.78699446009,4186.96256969178,2827.42914264295,761,16410,0.983333333333333,1.39557873988366,905.321212121212,5425.05461637989,1.17952729557403,6399,16410,4004,2963,3349,3139,1537,1941,1206,-279.4,-166.8,-94.0333333333333,-77.85,244.059500941881,244.808414888051,169.969699914099,-700,178,0.85,0.782688522722385,-41.9272727272727,-206.724293877252,-0.188657072028299,39,-700,-344,-223,-333,-265,-53,-69,64,54,41,73,36,40,1,54,6,84,0,-13,1,29,4,73,0,1,1,-311,-382,62,0,-13,0,-483,-586,-421,-377,-355,-1,2,0,1,0,0,,0,0,0,0
2025-04-07,up,traded,16961.25,16933.75,16883.75,60,60,60,1740,3540,571,0,1,4,2,0,0,0,40,13,7,20,-206,8094,0,1,40,-0.025450951321967,16962.5,16925,43,,,,,1,,,,23,63,43,23,63,,,,23,63,,,,43,,,,43,,0.5,3759,11853,11853,11853,5785.8,0.983333333333333,1.64236287875796,0.918262653898769,-3,-209,-209,-209,-206,469,-32.3636363636364,-146.5,-0.45338904469906,0,0,0,0,0,0,0,0,0,0,-3,3759,1878,1881,16908.75,-13,-0.000798084596967,42,18,15.9616919350993,43.6744186046512,43.7441860465116,3759,62.65,,0.015961691939346,62.65,-0.05,63,2,11853,-209,0.476190476190476,-0.0176326668354,60,60,43,,9.79092550386439,1,0,0,,43,,,,,,,,0.011173184357542,14,62.65,-0.05,-0.000798084596967,0.038840117052408,0.047885075818037,2075,-88,-1.64236287875796,,,1878,1881,-3,0.499600957701516,62.65,1.59616919393456,0.011173184357542,11.1731843575419,0.011173184357542,0.000798084596967,14,0.011173184357542,62.65,0.05,5822,6031,-209,0.4911836665823,188.142857142857,0.531511009870919,0.002531004808909,2.53100480890914,0.002531004808909,0.0176326668354,0.143540669856459,0.002531004808909,188.142857142857,3.31746031746032,5822,6031,-209,0.4911836665823,188.142857142857,0.531511009870919,0.002531004808909,2.53100480890914,0.002531004808909,0.0176326668354,0.143540669856459,0.002531004808909,188.142857142857,3.31746031746032,5822,6031,-209,0.4911836665823,188.142857142857,0.531511009870919,0.002531004808909,2.53100480890914,0.002531004808909,0.0176326668354,0.143540669856459,0.002531004808909,188.142857142857,3.31746031746032,0,0,0,0.038840117052408,0.410958904109589,-4.8,-10.1,-5.93333333333333,-1.11666666666667,11.160645142643,14.293005282305,18.6635711719084,-54,24,0.483333333333333,0.317909861873806,1.69090909090909,-8.35299548502389,-0,0,-14,10,-21,-35,-34,-11,9,-4,7543.4,5785.8,3625.36666666667,2770.13333333333,4652.19365890974,3797.93506526902,2720.85626820349,1624,16351,0.983333333333333,1.64236287875796,868.157575757576,6643.39249285037,1.2183534254089,8094,16351,5253,4249,5716,4259,2339,2112,2006,-291.8,-196.8,-98.6333333333333,-46.3,225.187388634444,290.150581595143,236.809133175973,-675,569,0.216666666666667,-0.45338904469906,-32.3636363636364,-241.935862555903,0.851465333926675,-206,-675,-365,-219,-352,-249,-129,-50,6,19,-44,38,-1,8,0,-85,-145,-7,-1,8,-1,-165,-194,-64,-1,-6,-1,170,-65,319,11,0,0,,,,,,,1,0,1,0,0,,0,0,0,0
2025-04-08,down,traded,18137.5,18186.25,18148.75,60,60,60,1740,3540,571,0,2,4,2,0,0,0,30,12,16,2,467,5021,-0.666666666665697,1,30,0.093009360685123,18135,18151.875,-25,,,,,-1,,,,-41,-11,-25.6666666666657,-41,-11,459,-182,1169,-41,-11,981,-150,1142,25,,,,-25,,2.9,829,5850,5850,5850,3054.8,0.983333333333333,1.58558429650828,0.405885088986266,-33,434,434,434,467,113,33.5151515151515,240.6,2.85521089684606,0,0,0,0,0,0,0,0,0,0,-33,829,398,431,18152.5,0.5,-0.039806996381182,25,2,32.5693606362251,15.3076923076923,16.5769230769231,829,30.7037037037037,,0.032569360675513,30.7037037037037,-1.22222222222222,41,2,5850,434,0.317073170731707,0.074188034188034,27,27,25,,11.4569726464814,0,1,0,,-25.6666666666657,1,0,0,0,981,-150,1142,0.03015681544029,0.757575757575758,30.7037037037037,-1.22222222222222,-0.039806996381182,0.09167671893848,1.07478890229192,1700.2,193.8,1.58558429650828,0,-0,398,431,-33,0.480096501809409,30.7037037037037,3.25693606755127,0.03015681544029,30.1568154402895,0.03015681544029,0.039806996381182,0.757575757575758,0.03015681544029,30.7037037037037,1.22222222222222,3142,2708,434,0.537094017094017,142.682926829268,0.700854700854701,0.002222222222222,2.22222222222222,0.002222222222222,0.074188034188034,0.029953917050691,0.002222222222222,142.682926829268,10.5853658536585,3142,2708,434,0.537094017094017,142.682926829268,0.700854700854701,0.002222222222222,2.22222222222222,0.002222222222222,0.074188034188034,0.029953917050691,0.002222222222222,142.682926829268,10.5853658536585,3142,2708,434,0.537094017094017,142.682926829268,0.700854700854701,0.002222222222222,2.22222222222222,0.002222222222222,0.074188034188034,0.029953917050691,0.002222222222222,142.682926829268,10.5853658536585,0,2,151,0.09167671893848,0.355263157894737,0.8,10.2,1.76666666666667,-0.55,9.8264947972306,23.4640150016999,25.5964624291891,-54,59,0.533333333333333,-0.069019954282903,-1.89090909090909,4.8403449411455,0,0,1,16,2,35,-54,-33,48,57,4504.6,3054.8,1767.2,1342.66666666667,3919.29557956529,3161.41015371305,2052.11416836393,723,11940,0.983333333333333,1.58558429650828,690.048484848485,3816.1396769763,1.31572752179196,5021,11940,2177,1790,2872,1448,1007,1112,2284,72.6,20.8,-20.4666666666667,-38.7666666666667,285.308674946977,233.052268815388,170.728777760387,-298,467,0.983333333333333,2.85521089684606,33.5151515151515,73.2895080063326,6.37198983461109,467,354,-73,-120,-298,-198,-77,-78,312,-9,-20,17,3,0,0,-9,-21,60,3,0,0,-9,-23,116,3,0,0,268,127,388,-9,0,1,471,306,736,269,0,1,0,1,0,0,0,,0,0,0,0
2025-04-09,up,traded,17336.25,17277.5,17202.5,120,120,120,1680,3480,572,0,3,4,2,0,0,0,60,31,24,5,-132,3976,4,1,60,-0.033199195171026,17337.5,17316.25,22,72,,,,1,,,,48,108,61.9727347838052,7,108,78,-816,291,7,108,78,-803,259,22,72,,,22,-28,7.8,804,4090,8066,8066,3984.7,0.916666666666667,0.319019801240585,0.265640229296417,90,354,222,222,132,396,3.83636363636364,111.2,1.9545416268572,0,0,0,0,0,0,0,0,0,0,90,804,447,357,17322.5,5,0.111940298507463,22,18,49.7512437192149,19.4347826086957,15.5217391304348,804,20.1,,0.049751243781095,20.1,2.25,111,3,8066,222,0.927927927927928,0.027522935779817,40,69.5,54.6260011349907,14,22.0951477830667,1,0,0,,61.9727347838052,1,0,0,0,78,-803,259,0.027363184079602,0.244444444444444,20.1,2.25,0.111940298507463,0.067164179104478,4.47761194029851,255,65.8,0.319019801240585,0,-0,447,357,90,0.555970149253731,20.1,4.97512437810945,0.027363184079602,27.363184079602,0.027363184079602,0.111940298507463,0.244444444444444,0.027363184079602,20.1,2.25,4144,3922,222,0.513761467889908,72.6666666666667,1.37614678899083,0.012769650384329,12.7696503843293,0.012769650384329,0.027522935779817,0.463963963963964,0.012769650384329,72.6666666666667,2,4144,3922,222,0.513761467889908,72.6666666666667,1.37614678899083,0.012769650384329,12.7696503843293,0.012769650384329,0.027522935779817,0.463963963963964,0.012769650384329,72.6666666666667,2,4144,3922,222,0.513761467889908,72.6666666666667,1.37614678899083,0.012769650384329,12.7696503843293,0.012769650384329,0.027522935779817,0.463963963963964,0.012769650384329,72.6666666666667,2,0,1,54,0.067164179104478,0.740740740740741,18.6,13.9,2.23333333333333,-1.63333333333333,18.0842472887317,26.4478732604344,30.6177326978265,-41,100,0.966666666666667,1.56009810190999,1.53333333333333,16.8172997950365,2.97312889758659,50,0,27,10,6,18,10,-25,-15,5156,3984.7,2645.93333333333,2244.4,3839.0146131527,2966.60897490721,2006.35403877005,1315,12747,0.916666666666667,0.319019801240585,383.157575757576,4225.56380582828,0.777647705962373,3286,3976,12747,3544,2439,3004,1824,1763,1268,-19.2,-23.7,-5.6,-9.06666666666667,144.071371201915,159.268358439459,137.935153846533,-244,372,0.966666666666667,1.9545416268572,3.83636363636364,2.15026895389149,122.775339113845,264,-132,-49,-96,-65,78,116,-57,-66,107,78,124,71,58,1,107,77,127,63,32,1,103,45,182,63,32,1,270,82,380,-11,0,1,-766,-815,-198,70,-1,-1,0,0,1,0,0,,0,0,0,0
2025-04-14,down,traded,19163.75,19246.25,19211.25,300,300,300,1500,3300,575,0,1,4,2,0,0,0,28,5,6,17,-310,3902,5.3333333333343,1,28,-0.079446437724244,19163.75,19176.25,-16,-16,-27,-60,,-1,,,,-66,-38,-38.2672415911133,-73,-8,,,,-73,-8,,,,16,16,60,,-16,-16,2.2,1726,3795,11391,15293,3068.1,0.866666666666667,0.216399977237355,0.791416387729836,-76,-57,-439,-749,-673,121,-14.4787878787879,-51.3,-0.026033548549479,0,0,0,0,0,0,0,0,0,0,-76,1726,825,901,19176.25,0,-0.044032444959444,17,11,16.2224797125015,45.8333333333333,50.0555555555556,1726,61.6428571428571,,0.0162224797219,61.6428571428571,-2.71428571428571,77,6,15293,-749,0.714285714285714,-0.048976655986399,28,36,38.2883794381533,12.214745187682,8.51071220417083,0,1,0,-12,-38.2672415911133,,,,,,,,0.009849362688297,0.223684210526316,61.6428571428571,-2.71428571428571,-0.044032444959444,0.068945538818077,1.23290845886443,-400.3,72.5,-0.216399977237355,,,825,901,-76,0.477983777520278,61.6428571428571,1.62224797219003,0.009849362688297,9.84936268829664,0.009849362688297,0.044032444959444,0.223684210526316,0.009849362688297,61.6428571428571,2.71428571428571,2986,3145,-159,0.487033110422443,122.62,0.815527646387213,0.004403849290491,4.40384929049095,0.004403849290491,0.025933779155113,0.169811320754717,0.004403849290491,122.62,3.18,5476,5915,-439,0.480730401193925,147.935064935065,0.675972258800808,0.005179527697305,5.17952769730489,0.005179527697305,0.03853919761215,0.134396355353075,0.005179527697305,147.935064935065,5.7012987012987,7272,8021,-749,0.475511672006801,198.61038961039,0.503498332570457,0.003596416661218,3.59641666121755,0.003596416661218,0.048976655986399,0.073431241655541,0.003596416661218,198.61038961039,9.72727272727273,0,0,0,0.068945538818077,0.235294117647059,-8.8,-6.3,-2.2,-0.583333333333333,12.8280941686597,10.5076162853427,13.6830795753977,-35,21,0.516666666666667,0.160782518867727,-0.721212121212121,-5.69344448578506,-0,0,-11,0,-33,-1,21,9,-4,-4,2713.4,3068.1,1706.76666666667,1232.53333333333,630.565016473321,2150.32074119188,1673.90652234692,562,9244,0.866666666666667,0.216399977237355,26.7333333333334,2785.34454717421,0.742816540272925,2069,2336,2587,2673,9244,3751,657,471,591,-134.6,-8.3,24.2333333333333,18.8333333333333,106.921653559978,229.088650962897,201.022665941486,-310,765,0.566666666666667,-0.026033548549479,-14.4787878787879,-6.92885221717917,-2.74215691206287,19,-102,-111,-169,610,765,105,19,7,-56,-68,-43,-44,-23,-1,-13,-54,-10,-14,-24,-1,-17,-46,6,-4,3,0,97,5,124,8,1,1,,,,,,,2,0,1,0,0,,0,0,0,0
2025-04-23,up,traded,19005,18983.75,18938.75,180,180,180,1620,3420,573,0,3,4,2,0,0,0,36,4,23,9,267,4955,-3.3333333333343,1,36,0.053884964682139,19005,18992.5,15,19,40,,,1,,,,17,53,28.899809629083,11,53,500,392,723,11,53,500,405,713,15,19,,,15,11,3.5,1950,4851,12806,12806,3044.7,0.933333333333333,0.759398770693741,0.886605437846685,262,135,426,426,164,-151,-11.5212121212121,-37.7,-0.582768724219784,0,0,0,0,0,0,0,0,0,0,262,1950,1106,844,18985,-6,0.134358974358974,15,5,10.2564102511506,69.125,52.75,1950,97.5,,0.01025641025641,97.5,13.1,53,4,12806,426,0.830188679245283,0.033265656723411,20,21.6666666666667,26.1151297144012,7.03957069398096,7.25480683562438,1,0,0,,28.899809629083,0,1,1,0,500,405,713,0.007692307692308,0.057251908396947,97.5,13.1,0.134358974358974,0.16,2.68717948717949,-326.4,24,0.759398770693741,1,-1,1106,844,262,0.567179487179487,97.5,1.02564102564103,0.007692307692308,7.69230769230769,0.007692307692308,0.134358974358974,0.057251908396947,0.007692307692308,97.5,13.1,4005,3846,159,0.510126098586167,201.307692307692,0.496752006113871,0.004967520061139,4.96752006113871,0.004967520061139,0.020252197172335,0.245283018867925,0.004967520061139,201.307692307692,4.07692307692308,6616,6190,426,0.516632828361705,241.622641509434,0.413868499141028,0.003435889426831,3.43588942683117,0.003435889426831,0.033265656723411,0.103286384976526,0.003435889426831,241.622641509434,8.0377358490566,6616,6190,426,0.516632828361705,241.622641509434,0.413868499141028,0.003435889426831,3.43588942683117,0.003435889426831,0.033265656723411,0.103286384976526,0.003435889426831,241.622641509434,8.0377358490566,0,2,581,0.16,0.064102564102564,2.8,7.1,3.7,0.383333333333333,11.8220133649053,14.2017604542536,12.1247680390183,-17,28,0.683333333333333,0.024742741389739,-1.10909090909091,4.96512112748145,0.805619822215493,4,21,0,-16,3,-5,21,-8,0,4192.2,3044.7,1754.93333333333,1370.13333333333,2202.96975921141,2006.2177374353,1509.17635226047,647,8144,0.933333333333333,0.759398770693741,306.915151515152,3163.24859163583,0.917095168451427,2901,3000,4955,8144,1815,1384,1408,721,831,-87.8,-15.5,-27.4,-34.7,348.951228683895,267.381843063436,170.908279495173,-736,267,0.133333333333333,-0.582768724219784,-11.5212121212121,-40.8893738390695,3.10594142379976,-127,24,267,-736,149,-138,100,-57,-31,45,34,49,39,50,1,45,30,64,37,51,1,44,30,61,38,51,1,210,104,301,38,40,1,564,486,617,433,399,1,0,0,1,0,0,,0,0,0,0
2025-04-25,up,traded,19350,19332.5,19296.25,300,300,300,1500,3300,575,0,5,4,2,0,0,0,29,10,14,5,46,3918,0.333333333334303,1,29,0.01174068402246,19350,19338.75,18,32,69,28,,1,,,,14,43,39.2999820416124,14,75,24,9,402,14,75,24,15,391,18,32,28,,18,4,8.4,1773,3716,10848,14766,2900.5,0.833333333333333,0.166296733617714,0.825188494833845,185,466,534,580,395,79,4.23636363636364,88.2,2.27524568179096,1,1,0,4.29411764705882,4.29411764705882,1,1,73,0,0,185,1773,979,794,19335,-3,0.104342921601805,18,0,10.1522842582333,51.5263157894737,41.7894736842105,1773,98.5,,0.010152284263959,98.5,10.2777777777778,75,6,14766,580,0.506666666666667,0.039279425707707,18,27.4,52.2876658496055,22.7033037243481,8.62972897733308,1,0,0,5.6,39.2999820416124,0,1,1,0,24,15,391,0.010152284263959,0.097297297297297,98.5,10.2777777777778,0.104342921601805,0.182741116751269,1.87817258883249,-425.1,70.7,0.166296733617714,1,-1,979,794,185,0.552171460800902,98.5,1.01522842639594,0.010152284263959,10.1522842639594,0.010152284263959,0.104342921601805,0.097297297297297,0.010152284263959,98.5,10.2777777777778,3277,2609,668,0.556744818212708,85.304347826087,1.17227319062181,0.011722731906218,11.7227319062181,0.011722731906218,0.113489636425416,0.103293413173653,0.011722731906218,85.304347826087,9.68115942028986,5691,5157,534,0.524612831858407,144.64,0.691371681415929,0.002581120943953,2.5811209439528,0.002581120943953,0.049225663716814,0.052434456928839,0.002581120943953,144.64,7.12,7673,7093,580,0.519639712853853,196.88,0.507923608289313,0.002573479615333,2.57347961533252,0.002573479615333,0.039279425707707,0.06551724137931,0.002573479615333,196.88,7.73333333333333,0,1,324,0.182741116751269,0.055555555555556,2,0.3,2.1,1,21.8632111090754,15.8811208672436,10.6061303028013,-22,37,0.95,1.12199262692982,1.48484848484848,3.54229411917023,3.95224098536444,14,37,-22,-19,-3,1,1,0,-14,2598.6,2900.5,1706.9,1282.15,690.244188675283,1834.26591583663,1419.75127751307,523,8077,0.833333333333333,0.166296733617714,7.81212121212121,2621.39431740363,0.741208595402943,1943,2170,2491,2471,8077,2426,523,468,1546,79,86.3,67.1,35.5166666666667,142.619774225035,129.938485445999,94.0118254972923,-99,284,0.983333333333333,2.27524568179096,4.23636363636364,100.574160829271,2.79395818650687,281,202,-99,-35,-57,102,63,14,-62,52,42,59,42,48,1,52,42,80,42,48,1,59,48,82,42,46,1,-54,-106,46,-23,-2,0,82,13,168,22,17,1,0,0,1,11,13,,0,0,0,0
2025-04-28,up,traded,19576.25,19567.5,19532.5,60,60,60,1740,3540,571,0,1,4,2,0,0,0,28,14,1,13,-51,3209,8.6666666666657,1,28,-0.015892801495793,19571.25,19565,4,,,,,1,,,,3,31,12.6666666666657,3,31,,,,3,31,,,,4,,,,4,,-1.6,1302,4511,4511,4511,2183.8,0.983333333333333,1.6208375450924,0.832880217495602,258,207,207,207,-51,-159,6.36363636363636,19.2,-0.810699435022924,1,1,0,4.90909090909091,4.90909090909091,1,1,162,0,0,258,1302,780,522,19562.5,-2,0.19815668202765,4,14,13.8248847820085,156,104.4,1302,72.3333333333333,,0.013824884792627,72.3333333333333,14.3333333333333,35,2,4511,207,0.514285714285714,0.045887829749501,18,18,4,,5.43046959295418,1,0,0,,12.6666666666657,,,,,,,,0.003072196620584,0.015503875968992,72.3333333333333,14.3333333333333,0.19815668202765,0.153609831029186,3.5668202764977,901,-6.4,1.6208375450924,,,780,522,258,0.599078341013825,72.3333333333333,1.38248847926267,0.003072196620584,3.07219662058372,0.003072196620584,0.19815668202765,0.015503875968992,0.003072196620584,72.3333333333333,14.3333333333333,2359,2152,207,0.522943914874751,128.885714285714,0.775881179339393,0.003990246065174,3.99024606517402,0.003990246065174,0.045887829749501,0.08695652173913,0.003990246065174,128.885714285714,5.91428571428571,2359,2152,207,0.522943914874751,128.885714285714,0.775881179339393,0.003990246065174,3.99024606517402,0.003990246065174,0.045887829749501,0.08695652173913,0.003990246065174,128.885714285714,5.91428571428571,2359,2152,207,0.522943914874751,128.885714285714,0.775881179339393,0.003990246065174,3.99024606517402,0.003990246065174,0.045887829749501,0.08695652173913,0.003990246065174,128.885714285714,5.91428571428571,0,1,200,0.153609831029186,0.09,0.4,1.4,1.5,0.333333333333333,3.2,4.77912125813941,7.87294946848596,-10,30,0.566666666666667,-0.190525800528028,-0.533333333333333,1.15935092925778,0,0,-5,1,1,-3,30,-5,-12,3,2827.8,2183.8,1305.66666666667,996,2040.1739533677,1615.48041151851,1174.29000771625,463,6664,0.983333333333333,1.6208375450924,339.224242424242,2538.73074308461,1.26401746571241,3209,6664,1538,1384,2034,2585,1007,1963,852,59.4,25.6,26.7333333333333,8.3,77.8809347658334,82.2413521289625,95.8842821089857,-114,343,0.316666666666667,-0.810699435022924,6.36363636363636,37.8815205647143,-1.34630287379502,-51,108,168,74,-56,343,-45,-145,-16,7,3,12,7,13,1,17,7,19,7,23,1,17,3,25,7,25,1,66,27,108,17,10,1,,,,,,,4,0,1,0,0,,0,0,0,0
2025-05-12,down,traded,20827.5,20922.5,20863.75,60,60,60,1740,3540,571,0,1,5,2,0,0,0,47,43,2,2,-961,6611,-14.3333333333343,1,47,-0.145363787626683,20828.75,20847.5,-30,,,,,-1,,,,-75,-28,-44.3333333333343,-75,-28,,,,-75,-28,,,,30,,,,-30,,0,3839,10450,10450,10450,1939.4,1,4.21613898144602,2.8562925486403,-215,-1176,-1176,-1176,-961,-1288,-38.3878787878788,-134.1,-4.41738920156677,0,0,0,0,0,0,0,0,0,0,-215,3839,1812,2027,20837.5,-8,-0.056004167752019,30,2,8.3355040353385,58.4516129032258,65.3870967741936,3839,119.96875,,0.00833550403751,119.96875,-6.71875,76,2,10450,-1176,0.960526315789474,-0.112535885167464,32,32,30,,8.09807933332891,0,1,0,,-44.3333333333343,,,,,,,,0.007814535035165,0.13953488372093,119.96875,-6.71875,-0.056004167752019,0.104454284970044,1.7921333680646,1506.9,-162.9,4.21613898144602,,,1812,2027,-215,0.471997916123991,119.96875,0.833550403750977,0.007814535035165,7.81453503516541,0.007814535035165,0.056004167752019,0.13953488372093,0.007814535035165,119.96875,6.71875,4637,5813,-1176,0.443732057416268,137.5,0.727272727272727,0.006985645933014,6.98564593301435,0.006985645933014,0.112535885167464,0.062074829931973,0.006985645933014,137.5,15.4736842105263,4637,5813,-1176,0.443732057416268,137.5,0.727272727272727,0.006985645933014,6.98564593301435,0.006985645933014,0.112535885167464,0.062074829931973,0.006985645933014,137.5,15.4736842105263,4637,5813,-1176,0.443732057416268,137.5,0.727272727272727,0.006985645933014,6.98564593301435,0.006985645933014,0.112535885167464,0.062074829931973,0.006985645933014,137.5,15.4736842105263,0,5,1870,0.104454284970044,0.079800498753117,-0.6,-1.5,-0.1,-0.116666666666667,2.49799919935936,7.59275970909129,6.67507802700962,-21,11,0.533333333333333,0.014981098287596,-0.018181818181818,-1.07927215068698,-0,0,-2,-2,4,-21,9,2,-14,2,2839.8,1939.4,1154.76666666667,889.516666666667,2347.03535550703,1946.32506020963,1294.13033046221,306,6611,1,4.21613898144602,505.030303030303,2587.89480676699,2.55458606072903,6611,4599,1137,952,2169,1602,310,1322,715,-123.4,-73.4,-7.63333333333333,-3.25,441.876272275396,328.385809681235,215.821296961681,-961,327,0.016666666666667,-4.41738920156677,-38.3878787878788,-129.729774580709,7.40770577229464,-961,327,-63,126,-235,202,48,-212,61,-78,-83,-73,-74,-69,-1,-78,-85,-67,-67,-57,-1,-78,-84,-66,-68,-57,-1,-68,-131,203,-1,7,0,,,,,,,0,0,1,0,0,,0,0,0,0
2025-05-19,up,traded,21271.25,21253.75,21202.5,360,360,360,1440,3240,576,0,1,5,2,0,0,0,41,39,1,1,392,4594,13,1,41,0.085328689595124,21271.25,21261.875,13,18,19,24,,1,,,,14,55,22.0761062661477,5,55,,,,5,55,,,,13,18,24,,13,8,2.5,1406,3259,9933,17918,2708.2,0.916666666666667,0.264184791884345,0.726295942350905,112,85,317,630,518,-72,-9.43030303030303,-85.3,-0.645866187861738,1,1,0,3.14285714285714,3.14285714285714,1,1,110,0,0,112,1406,759,647,21263.75,1.5,0.079658605974395,13,4,12.0910383982283,54.2142857142857,46.2142857142857,1406,82.7058823529412,,0.012091038406828,82.7058823529412,6.58823529411765,56,7,17918,630,0.964285714285714,0.035160174126577,17,17.4,17.1172427686237,6.52559065015063,7.63296942363994,1,0,0,4.8,22.0761062661477,,,,,,,,0.009246088193457,0.116071428571429,82.7058823529412,6.58823529411765,0.079658605974395,0.15647226173542,1.35419630156472,-335.4,5.2,0.264184791884345,,,759,647,112,0.539829302987198,82.7058823529412,1.20910384068279,0.009246088193457,9.24608819345661,0.009246088193457,0.079658605974395,0.116071428571429,0.009246088193457,82.7058823529412,6.58823529411765,2852,2722,130,0.511661284535343,192.206896551724,0.520272694653749,0.003229278794403,3.22927879440258,0.003229278794403,0.023322569070685,0.138461538461538,0.003229278794403,192.206896551724,4.48275862068965,5125,4808,317,0.515956911305749,261.394736842105,0.382563173260848,0.0024161884627,2.41618846270009,0.0024161884627,0.031913822611497,0.075709779179811,0.0024161884627,261.394736842105,8.3421052631579,9274,8644,630,0.517580087063288,319.964285714286,0.312534881125126,0.003013729210849,3.01372921084943,0.003013729210849,0.035160174126577,0.085714285714286,0.003013729210849,319.964285714286,11.25,0,1,220,0.15647226173542,0.077272727272727,0.4,1,0.766666666666667,0.166666666666667,4.96386945839634,4.51663591625449,4.30258320340493,-9,11,0.916666666666667,0.983905048014692,0.096969696969697,1.29734953116527,3.85401149026432,5,1,1,4,0,4,-1,-1,6,2383.6,2708.2,1497.66666666667,1018.96666666667,587.601089175301,1717.66683614722,1345.01812461972,381,6828,0.916666666666667,0.264184791884345,19.4424242424242,2409.28257310434,0.769108622079321,1853,2315,1766,2593,4594,1392,594,447,757,25.2,94.6,42.3333333333333,18.6,68.3063686635441,137.603197637264,107.349377682821,-106,392,0.366666666666667,-0.645866187861738,-9.43030303030303,68.5069864262726,-0.394120386963123,-27,45,90,97,392,48,0,-13,147,58,55,77,58,62,1,57,51,78,58,50,1,57,47,74,48,49,1,57,2,122,-2,8,1,,,,,,,1,0,1,0,0,,0,0,0,0
2025-05-23,up,traded,20886.25,20876.25,20822.5,180,180,180,1620,3420,573,0,5,5,2,0,0,0,43,1,21,21,508,6380,-0.333333333334303,1,43,0.079623824451411,20883.75,20875,7,36,28,,,1,,,,6,49,26.9983341266052,3,49,-240,-363,-184,3,49,-286,-351,-193,7,36,,,7,-22,5.2,1175,3812,13781,13781,3328.7,0.916666666666667,0.551375205100586,0.503513884127528,97,310,1061,1061,964,-30,68.6121212121212,100.7,1.24828393945157,1,1,0,3.77272727272727,3.77272727272727,1,1,83,0,0,97,1175,636,539,20881.25,5,0.082553191489362,7,11,15.3191489231326,79.5,67.375,1175,65.2777777777778,,0.01531914893617,65.2777777777778,5.38888888888889,51,4,13781,1061,0.529411764705882,0.076990058776576,18,30,30.886890422961,15.195028426722,10.1917722807283,1,0,0,,26.9983341266052,0,1,0,1,-286,-351,-193,0.005957446808511,0.072164948453608,65.2777777777778,5.38888888888889,0.082553191489362,0.125106382978723,1.48595744680851,-170.8,82,-0.551375205100586,-1,1,636,539,97,0.541276595744681,65.2777777777778,1.53191489361702,0.005957446808511,5.95744680851064,0.005957446808511,0.082553191489362,0.072164948453608,0.005957446808511,65.2777777777778,5.38888888888889,3977,3424,553,0.537359816241049,151.040816326531,0.662072692879341,0.003783272530739,3.78327253073909,0.003783272530739,0.074719632482097,0.050632911392405,0.003783272530739,151.040816326531,11.2857142857143,7421,6360,1061,0.538495029388288,270.21568627451,0.370074740584863,0.001959219214861,1.95921921486104,0.001959219214861,0.076990058776576,0.025447690857681,0.001959219214861,270.21568627451,20.8039215686275,7421,6360,1061,0.538495029388288,270.21568627451,0.370074740584863,0.001959219214861,1.95921921486104,0.001959219214861,0.076990058776576,0.025447690857681,0.001959219214861,270.21568627451,20.8039215686275,0,0,0,0.125106382978723,0.122448979591837,4.8,-2.3,-2.6,-1.41666666666667,13.2574507353412,13.6385483098459,9.59722182022832,-28,29,1,3.2926195301015,2.78181818181818,1.94950013304377,14.8756081153593,29,-8,0,8,-1,-6,-6,-8,4,4203.6,3328.7,1808.06666666667,1179.08333333333,1786.00756997276,1695.82670400015,1503.39247333785,476,6380,0.916666666666667,0.551375205100586,283.048484848485,3353.82059864546,0.786267458988423,2637,3589,6380,6253,1892,1220,667,643,437,210.8,9.7,-21.1333333333333,-11.45,248.169619413819,297.133320245307,187.564163836154,-555,508,0.933333333333333,1.24828393945157,68.6121212121212,99.5499546131719,2.13962930297325,213,243,508,331,-160,-120,-45,-7,-19,75,42,100,28,49,1,86,62,94,33,29,1,59,51,85,52,29,1,-229,-282,53,-2,2,0,-293,-337,-263,-233,-193,-1,0,0,1,0,0,,0,0,0,0
2025-05-27,down,traded,21217.5,21285,21245,300,300,300,1500,3300,575,0,2,5,2,0,0,0,32,16,4,12,-109,4093,8,1,32,-0.026630833129734,21217.5,21226.875,-14,-30,-25,-50,,-1,,,,-54,-22,-30.8007474181242,-54,-5,-53,-73,1,-54,-5,-44,-66,-4,14,30,50,,-14,2,0.4,1001,3381,10109,14202,1383.3,0.95,1.85566451637346,1.36051647978253,-161,-411,-837,-946,-785,-233,-22.9757575757576,9.3,-2.82248778622183,0,0,0,0,0,0,0,0,0,0,-161,1001,420,581,21232.5,4.5,-0.160839160839161,14,3,16.9830169660509,28,38.7333333333333,1001,58.8823529411765,,0.016983016983017,58.8823529411765,-9.47058823529412,55,6,14202,-946,0.618181818181818,-0.066610336572314,17,22.8,38.3927076409049,13.9570770578943,9.23760430703401,0,1,0,-10,-30.8007474181242,0,1,0,1,-44,-66,-4,0.013986013986014,0.08695652173913,58.8823529411765,-9.47058823529412,-0.160839160839161,0.131868131868132,2.73426573426573,-428.1,0.5,-1.85566451637346,1,-1,420,581,-161,0.41958041958042,58.8823529411765,1.6983016983017,0.013986013986014,13.986013986014,0.013986013986014,0.160839160839161,0.08695652173913,0.013986013986014,58.8823529411765,9.47058823529412,2315,2743,-428,0.457690786872282,144.514285714286,0.691973111901938,0.005140371688414,5.14037168841439,0.005140371688414,0.084618426255437,0.060747663551402,0.005140371688414,144.514285714286,12.2285714285714,4636,5473,-837,0.458601246414086,187.203703703704,0.534177465624691,0.00484716589178,4.8471658917796,0.00484716589178,0.082797507171827,0.058542413381123,0.00484716589178,187.203703703704,15.5,6628,7574,-946,0.466694831713843,258.218181818182,0.387269398676243,0.002394029009999,2.39402900999859,0.002394029009999,0.066610336572314,0.035940803382664,0.002394029009999,258.218181818182,17.2,0,0,0,0.131868131868132,0.128787878787879,-7.2,-3.3,-0.833333333333333,-0.466666666666667,14.2744527040444,11.4197197864046,7.05730511991338,-31,7,0.033333333333333,-2.14907339401712,-1.35151515151515,-4.51943036224698,3.54026917499512,-16,5,6,-31,3,0,1,0,1,2640.2,1383.3,508.4,291.783333333333,791.515356768269,1376.0269655788,1008.58748091907,15,4093,0.95,1.85566451637346,330.321212121212,1613.94914008517,1.47464374241335,2380,1677,2519,2532,179,126,117,19,46,-157,-84.5,-21.5333333333333,-7.15,104.75304291523,106.358121457649,80.9451391718833,-304,146,0.033333333333333,-2.82248778622183,-22.9757575757576,-102.740135295896,2.43332364007493,-250,-17,-105,-304,1,-2,13,-5,6,-60,-78,-47,-35,-44,-1,-63,-77,-51,-35,-44,-1,-60,-75,-41,-36,-44,-1,-62,-108,-12,5,-1,-1,-44,-70,-30,-9,-3,-1,0,0,1,0,0,,0,0,0,0
2025-05-29,down,traded,21597.5,21680,21638.75,120,120,120,1680,3480,572,0,4,5,2,0,0,0,33,20,4,9,-157,3975,-5,1,33,-0.039496855345912,21597.5,21603.125,-12,-42,,,,-1,,,,-66,-33,-36.9807788068953,-66,-12,180,24,198,-66,-12,115,58,180,12,42,,,-12,18,-6,1044,3763,7738,7738,2680.2,0.916666666666667,0.819403436982915,0.554581673306773,-194,-459,-616,-616,-422,-108,-15.5272727272727,-118.7,-1.90567969452558,0,0,0,0,0,0,0,0,0,0,-194,1044,425,619,21595,-6.5,-0.185823754789272,12,5,16.2835248886173,32.6923076923077,47.6153846153846,1044,61.4117647058824,,0.016283524904215,61.4117647058824,-11.4117647058824,70,3,7738,-616,0.885714285714286,-0.07960713362626,17,24,32.310988842807,9,7.02535092045626,0,1,0,,-36.9807788068953,0,1,1,0,115,58,180,0.011494252873563,0.061855670103093,61.4117647058824,-11.4117647058824,-0.185823754789272,0.121647509578544,3.15900383141762,592.5,-68.9,0.819403436982915,-1,1,425,619,-194,0.407088122605364,61.4117647058824,1.62835249042146,0.011494252873563,11.4942528735632,0.011494252873563,0.185823754789272,0.061855670103093,0.011494252873563,61.4117647058824,11.4117647058824,3561,4177,-616,0.46019643318687,110.542857142857,0.904626518480227,0.008012406306539,8.01240630653916,0.008012406306539,0.07960713362626,0.100649350649351,0.008012406306539,110.542857142857,8.8,3561,4177,-616,0.46019643318687,110.542857142857,0.904626518480227,0.008012406306539,8.01240630653916,0.008012406306539,0.07960713362626,0.100649350649351,0.008012406306539,110.542857142857,8.8,3561,4177,-616,0.46019643318687,110.542857142857,0.904626518480227,0.008012406306539,8.01240630653916,0.008012406306539,0.07960713362626,0.100649350649351,0.008012406306539,110.542857142857,8.8,0,0,0,0.121647509578544,0.133858267716535,-7.2,-4.7,-3.16666666666667,-1.85,12.0399335546339,9.72676719162127,8.14077528385486,-30,11,0.016666666666667,-3.29616435753366,-1.02424242424242,-6.84667366146414,4.38168977862231,-30,0,-2,-8,5,-2,-2,-4,6,3376.4,2680.2,1530.6,1183.31666666667,2390.9606939471,1907.22189584747,1450.32342599849,476,7690,0.916666666666667,0.819403436982915,294.060606060606,2882.19706529657,0.943377547891654,2719,3975,7690,1508,1446,1021,758,613,636,-150.4,-106.8,-53.8666666666667,-29.8166666666667,123.807269576548,119.296102199527,110.79161620909,-272,104,0.05,-1.90567969452558,-15.5272727272727,-126.429731689829,2.09602596207455,-265,-157,-252,-158,44,89,-34,13,110,-63,-69,-58,-57,-72,-1,-63,-69,-50,-44,-41,-1,-68,-70,-45,-38,-31,-1,-162,-206,-69,-37,-4,-1,103,81,128,80,37,1,0,0,1,0,0,,0,0,0,0
2025-05-30,down,traded,21321.25,21391.25,21353.75,300,300,300,1500,3300,575,0,5,5,2,0,0,0,30,21,7,2,-121,3493,-8.6666666666657,1,30,-0.034640709991411,21321.25,21336.25,-17,-13,-15,-28,,-1,,,,-56,-26,-27.8143953233463,-56,-6,-72,-287,16,-56,-6,-158,-263,5,17,13,28,,-17,-21,-0.3,964,2390,8419,11912,2158.9,0.8,0.088967401846824,0.537826378040616,-174,-226,-797,-918,-744,109,-37.1333333333333,48.9,-0.460804034476043,0,0,0,0,0,0,0,0,0,0,-174,964,395,569,21323.75,-10,-0.180497925311203,17,7,24.89626553434,21.9444444444444,31.6111111111111,964,40.1666666666667,,0.024896265560166,40.1666666666667,-7.25,56,6,11912,-918,0.875,-0.07706514439221,24,24,29.563490998189,11.9766439372639,7.60474997762729,0,1,0,-5.6,-27.8143953233463,1,0,0,0,-158,-263,5,0.017634854771784,0.097701149425287,40.1666666666667,-7.25,-0.180497925311203,0.105809128630705,4.33195020746888,-498.3,-1.1,-0.088967401846824,0,-0,395,569,-174,0.409751037344398,40.1666666666667,2.4896265560166,0.017634854771784,17.6348547717842,0.017634854771784,0.180497925311203,0.097701149425287,0.017634854771784,40.1666666666667,7.25,1788,2175,-387,0.451173353520061,146.777777777778,0.681302043906132,0.00403734544537,4.03734544536967,0.00403734544537,0.097653292959879,0.041343669250646,0.00403734544537,146.777777777778,14.3333333333333,3811,4608,-797,0.452666587480698,183.021739130435,0.546383180900344,0.00320703171398,3.20703171398028,0.00320703171398,0.094666825038603,0.03387703889586,0.00320703171398,183.021739130435,17.3260869565217,5497,6415,-918,0.461467427803895,212.714285714286,0.470114170584285,0.004113498992612,4.11349899261249,0.004113498992612,0.07706514439221,0.053376906318083,0.004113498992612,212.714285714286,16.3928571428571,0,1,102,0.105809128630705,0.235294117647059,-2.2,0.4,0.4,0.216666666666667,10.590561835899,8.45221864364617,8.50725180850628,-22,13,0.7,0.423168383989811,-1.06666666666667,-1.05379597150642,-3.79580118747459,4,-2,-22,9,-5,9,2,1,2,2189.6,2158.9,1331.63333333333,1030.46666666667,740.317931702319,1184.19799442492,1060.68812517577,225,4968,0.8,0.088967401846824,11.6424242424242,2014.22452951446,0.707964767137328,1426,1573,2034,2422,4968,2314,323,285,609,-148.8,-46.7,3.96666666666667,2.1,134.986517845302,153.811605543925,121.454376436403,-398,257,0.283333333333333,-0.460804034476043,-37.1333333333333,-82.9011552659893,0.627253019974902,-52,-161,-398,-12,4,66,63,23,25,-36,-47,-30,-31,-8,-1,-36,-50,-13,-5,-17,-1,-30,-37,-6,-6,7,-1,-31,-53,-3,0,3,-1,-75,-151,-39,-19,-1,-1,2,0,1,0,0,,0,0,0,0
2025-06-02,up,traded,21366.25,21333.75,21287.5,120,120,120,1680,3480,572,0,1,6,2,0,0,0,37,32,4,1,218,4522,9.6666666666657,1,37,0.048208757187085,21366.25,21358.75,16,30,,,,1,,,,26,63,32.2691561361135,11,63,,,,11,63,,,,16,30,,,16,2,4.6,966,3487,8009,8009,3258.4,0.883333333333333,0.391953262990266,0.426744417202306,222,385,603,603,381,-55,6.08484848484848,70.8,1.23751028296576,0,0,0,0,0,0,0,0,0,0,222,966,594,372,21370,9,0.229813664596273,16,4,20.7039337259794,34.9411764705882,21.8823529411765,966,48.3,,0.020703933747412,48.3,11.1,67,3,8009,603,0.925373134328358,0.075290298414284,20,19.5,21.2602916254693,1,9.46901379353849,1,0,0,,32.2691561361135,,,,,,,,0.01656314699793,0.072072072072072,48.3,11.1,0.229813664596273,0.112836438923395,4.59627329192547,325.6,82,-0.391953262990266,,,594,372,222,0.614906832298137,48.3,2.0703933747412,0.01656314699793,16.5631469979296,0.01656314699793,0.229813664596273,0.072072072072072,0.01656314699793,48.3,11.1,4306,3703,603,0.537645149207142,119.537313432836,0.836558871269821,0.007741291047571,7.74129104757148,0.007741291047571,0.075290298414284,0.102819237147595,0.007741291047571,119.537313432836,9,4306,3703,603,0.537645149207142,119.537313432836,0.836558871269821,0.007741291047571,7.74129104757148,0.007741291047571,0.075290298414284,0.102819237147595,0.007741291047571,119.537313432836,9,4306,3703,603,0.537645149207142,119.537313432836,0.836558871269821,0.007741291047571,7.74129104757148,0.007741291047571,0.075290298414284,0.102819237147595,0.007741291047571,119.537313432836,9,0,0,0,0.112836438923395,0.18348623853211,-5.8,0.2,0.833333333333333,0.983333333333333,13.8621787609308,16.0922341519131,12.2531175171419,-26,36,0.966666666666667,1.07455646681318,-0.496969696969697,-0.181002593808773,-77.346957882774,14,0,-26,-16,8,-21,-2,-5,5,4265.6,3258.4,1836.4,1392.86666666667,2878.75268823149,2358.99576939002,1746.63681781111,519,9731,0.883333333333333,0.391953262990266,367.587878787879,3465.95716715202,0.727360402457458,2521,4522,9731,2800,1494,1754,1372,915,533,-3.2,14,32.6,31.5,167.789630192095,122.013114049269,105.37286178139,-200,246,0.916666666666667,1.23751028296576,6.08484848484848,36.8068413658305,4.4285245337928,163,218,-159,-200,70,-48,-54,13,27,69,62,77,65,,1,77,67,83,65,56,1,77,64,82,66,88,1,109,67,120,46,24,1,,,,,,,0,0,1,0,0,,0,0,0,0
2025-06-03,down,traded,21522.5,21596.25,21546.25,240,240,240,1560,3360,574,0,2,6,2,0,0,0,40,31,8,1,-13,4711,8,1,40,-0.002759499044789,21523.75,21534.375,-19,-15,-33,,,-1,,,,-58,-18,-32.8163300239627,-58,-4,-9,-16,231,-58,-4,156,-9,225,19,15,,,-19,-23,-2.4,1403,3223,13087,13087,2359,0.916666666666667,0.552204699560424,0.922631769309177,-363,-327,-853,-853,-490,189,-32.7878787878788,-26.3,0.307722182383663,1,0,1,3.15384615384615,3.15384615384615,1,1,82,0,0,-363,1403,520,883,21530,-3.5,-0.258731290092659,19,2,14.9679258624605,26,44.15,1403,66.8095238095238,,0.014967925873129,66.8095238095238,-17.2857142857143,60,5,13087,-853,0.316666666666667,-0.065179185451211,21,23,31.4642654451045,9.5524865872714,7.95550124127952,0,1,0,,-32.8163300239627,1,0,0,0,156,-9,225,0.013542409123307,0.052341597796143,66.8095238095238,-17.2857142857143,-0.258731290092659,0.093371347113329,5.43335709194583,-804.8,5.6,-0.552204699560424,0,-0,520,883,-363,0.370634354953671,66.8095238095238,1.4967925873129,0.013542409123307,13.5424091233072,0.013542409123307,0.258731290092659,0.052341597796143,0.013542409123307,66.8095238095238,17.2857142857143,2551,3031,-480,0.457004657828735,159.485714285714,0.627015406664278,0.005732712289502,5.73271228950197,0.005732712289502,0.08599068434253,0.066666666666667,0.005732712289502,159.485714285714,13.7142857142857,6117,6970,-853,0.467410407274394,218.116666666667,0.458470237640407,0.001451822419195,1.45182241919462,0.001451822419195,0.065179185451211,0.022274325908558,0.001451822419195,218.116666666667,14.2166666666667,6117,6970,-853,0.467410407274394,218.116666666667,0.458470237640407,0.001451822419195,1.45182241919462,0.001451822419195,0.065179185451211,0.022274325908558,0.001451822419195,218.116666666667,14.2166666666667,0,0,0,0.093371347113329,0.16030534351145,-4.8,-0.7,-0.633333333333333,-0.366666666666667,10.6094297678999,8.62612311528186,6.00268458460231,-18,7,0.883333333333333,0.77187686076634,-1.42424242424242,-2.82379738242251,-1.41653222886992,4,-18,-17,0,6,-5,0,-3,2,3270.4,2359,1199.06666666667,879.233333333333,1199.15647019061,1276.98010947704,1124.46223986797,322,4711,0.916666666666667,0.552204699560424,153.866666666667,2290.88022277165,0.794454455500974,1820,2359,2794,4711,1411,814,451,450,516,-110.4,12.8,2.86666666666667,9.5,139.554433824225,167.535548466587,107.672879077737,-360,255,0.683333333333333,0.307722182383663,-32.7878787878788,-33.9364271836651,-1.06080701439685,36,-153,-360,-13,255,-52,-33,4,-16,-16,-18,-10,-16,-20,-1,-16,-18,-10,-16,-4,-1,-16,-19,3,-12,0,0,49,2,75,3,20,1,6,-13,119,0,-5,0,3,0,1,0,0,,0,0,0,0
2025-06-05,down,traded,21785,21841.25,21805,120,120,120,1680,3480,572,0,4,6,2,0,0,0,29,16,7,6,170,3718,5,1,29,0.045723507261969,21782.5,21790.625,-13,-40,,,,-1,,,,-47,-18,-26.9924761520902,-47,0,19,-17,113,-47,0,9,-7,56,13,40,,,-13,14,-6.6,848,4573,8291,8291,2288.4,0.983333333333333,2.0073727258751,0.546075085324232,-200,-339,-169,-169,31,-309,6.67878787878788,-34.1,-1.17952692510144,1,0,1,3.73684210526316,3.73684210526316,1,1,71,0,0,-200,848,324,524,21782.5,-6.5,-0.235849056603774,13,4,20.0471697876802,23.1428571428571,37.4285714285714,848,49.8823529411765,,0.020047169811321,49.8823529411765,-11.7647058823529,49,3,8291,-169,0.489795918367347,-0.020383548426004,17,30.5,29.9666481275434,7,8.18915271699229,0,1,0,,-26.9924761520902,1,0,0,0,9,-7,56,0.015330188679245,0.065,49.8823529411765,-11.7647058823529,-0.235849056603774,0.108490566037736,4.00943396226415,742.4,-52,2.0073727258751,0,-0,324,524,-200,0.382075471698113,49.8823529411765,2.00471698113208,0.015330188679245,15.3301886792453,0.015330188679245,0.235849056603774,0.065,0.015330188679245,49.8823529411765,11.7647058823529,4061,4230,-169,0.489808225786998,169.204081632653,0.591002291641539,0.002894705101918,2.89470510191774,0.002894705101918,0.020383548426004,0.142011834319527,0.002894705101918,169.204081632653,3.44897959183673,4061,4230,-169,0.489808225786998,169.204081632653,0.591002291641539,0.002894705101918,2.89470510191774,0.002894705101918,0.020383548426004,0.142011834319527,0.002894705101918,169.204081632653,3.44897959183673,4061,4230,-169,0.489808225786998,169.204081632653,0.591002291641539,0.002894705101918,2.89470510191774,0.002894705101918,0.020383548426004,0.142011834319527,0.002894705101918,169.204081632653,3.44897959183673,0,0,0,0.108490566037736,0.184782608695652,-5.6,-2.6,-1.6,-0.966666666666667,11.9766439372639,9.1016482023862,6.04207469886517,-27,6,0.016666666666667,-4.20385401801978,-1.83030303030303,-5.64725111205239,4.78108719875701,-27,0,-10,6,-2,-8,3,-5,11,3230.8,2288.4,1224.56666666667,824.533333333333,1748.70230742685,1582.33012990336,1245.62484141717,240,5986,0.983333333333333,2.0073727258751,373.224242424242,2651.01837099537,1.40512040231595,3725,3718,5986,1706,878,1675,690,666,728,159.2,109.2,11.1666666666667,5.43333333333333,190.113019017636,145.978628572815,127.310927348057,-232,414,0.05,-1.17952692510144,6.67878787878788,87.8635942502234,-1.58199765427473,-139,170,414,290,60,-213,-6,4,232,-21,-27,-17,-21,-14,-1,-21,-27,-18,-21,-14,-1,-21,-71,-6,7,2,-1,24,-21,44,-3,0,0,8,-8,39,-1,66,0,3,0,1,0,0,,0,0,0,0
2025-06-13,up,traded,21736.25,21725,21662.5,60,60,60,1740,3540,571,0,5,6,2,0,0,0,50,33,3,14,397,3997,14.6666666666657,1,50,0.099324493370028,21736.25,21730.625,12,,,,,1,,,,9,59,26.6666666666657,9,59,-161,-193,-66,9,59,-161,-180,-96,12,,,,12,,0.4,806,4803,4803,4803,1758.3,0.983333333333333,2.96254440300586,0.664112388250319,136,533,533,533,397,113,34.0424242424242,52.7,3.2929453317347,1,1,0,3.91666666666667,3.91666666666667,1,1,94,0,0,136,806,471,335,21727.5,-2.5,0.168734491315136,11,2,16.1290322380533,39.25,27.9166666666667,806,62,,0.016129032258065,62,10.4615384615385,61,2,4803,533,0.737704918032787,0.110972308973558,14,14,12,,8.45806649825413,1,0,0,,26.6666666666657,0,1,0,1,-161,-180,-96,0.013647642679901,0.080882352941177,62,10.4615384615385,0.168734491315136,0.160049627791563,2.19354838709677,1047.6,96.4,-2.96254440300586,-1,1,471,335,136,0.584367245657568,62,1.61290322580645,0.013647642679901,13.6476426799007,0.013647642679901,0.168734491315136,0.080882352941177,0.013647642679901,62,10.4615384615385,2668,2135,533,0.555486154486779,78.7377049180328,1.2700395586092,0.009369144284822,9.36914428482199,0.009369144284822,0.110972308973558,0.084427767354597,0.009369144284822,78.7377049180328,8.73770491803279,2668,2135,533,0.555486154486779,78.7377049180328,1.2700395586092,0.009369144284822,9.36914428482199,0.009369144284822,0.110972308973558,0.084427767354597,0.009369144284822,78.7377049180328,8.73770491803279,2668,2135,533,0.555486154486779,78.7377049180328,1.2700395586092,0.009369144284822,9.36914428482199,0.009369144284822,0.110972308973558,0.084427767354597,0.009369144284822,78.7377049180328,8.73770491803279,0,0,0,0.160049627791563,0.10077519379845,3.6,2.3,0.266666666666667,0.016666666666667,5.27636238330917,4.81767578817836,3.96596632472956,-5,11,0.616666666666667,-0.067238762216381,0.709090909090909,2.70294314733138,0,0,11,-1,9,6,3,-5,-7,-1,2406.4,1758.3,959.533333333333,671.25,1736.6637671121,1433.65505265388,1025.28983652862,217,4978,0.983333333333333,2.96254440300586,356.066666666667,2165.26425455544,1.84596406262691,3997,4978,1328,962,1567,1362,431,531,791,166.8,110.5,30.8,23.4833333333333,146.949515140405,147.224488452159,111.20743380428,-97,397,1,3.2929453317347,34.0424242424242,147.707998410242,2.68773529038948,397,284,64,64,273,6,-97,-97,115,78,56,87,47,50,1,70,63,84,55,50,1,69,53,80,41,35,1,105,31,142,40,2,1,-147,-175,-134,-136,-74,-1,0,0,1,0,0,,0,0,0,0
2025-06-18,down,traded,21935,21996.25,21961.25,360,360,360,1440,3240,576,0,3,6,2,0,0,0,28,9,2,17,30,3632,2,1,28,0.008259911894273,21935,21939.375,-12,3,-4,-26,,-1,,,,-49,-21,-18.9534589321614,-49,7,-18,-160,20,-49,7,-120,-153,0,12,3,26,,-12,-27,6.2,975,3015,8519,14404,2320,0.933333333333333,0.592924446384326,0.584374719050616,-151,139,-295,-366,-215,446,12.4363636363636,34,2.84435198071237,0,0,0,0,0,0,0,0,0,0,-151,975,412,563,21942.5,2.5,-0.154871794871795,12,5,17.4358974180145,31.6923076923077,43.3076923076923,975,57.3529411764706,,0.017435897435897,57.3529411764706,-8.88235294117647,56,7,14404,-366,0.839285714285714,-0.025409608442099,17,15.2,28.9136645896019,9.96103519832262,5.83714161402841,0,1,0,-5.2,-18.9534589321614,1,0,0,0,-120,-153,0,0.012307692307692,0.079470198675497,57.3529411764706,-8.88235294117647,-0.154871794871795,0.127179487179487,2.63282051282051,-62.2,86.8,-0.592924446384326,0,-0,412,563,-151,0.422564102564103,57.3529411764706,1.74358974358974,0.012307692307692,12.3076923076923,0.012307692307692,0.154871794871795,0.079470198675497,0.012307692307692,57.3529411764706,8.88235294117647,2355,2372,-17,0.498201819335731,236.35,0.423101332769198,0.000846202665538,0.846202665538396,0.000846202665538,0.003596361328538,0.235294117647059,0.000846202665538,236.35,0.85,4112,4407,-295,0.482685761239582,250.558823529412,0.399107876511328,0.003052001408616,3.05200140861603,0.003052001408616,0.034628477520836,0.088135593220339,0.003052001408616,250.558823529412,8.67647058823529,7019,7385,-366,0.48729519577895,257.214285714286,0.388780894196057,0.00326298250486,3.26298250485976,0.00326298250486,0.025409608442099,0.128415300546448,0.00326298250486,257.214285714286,6.53571428571429,0,0,0,0.127179487179487,0.137096774193548,-5.2,-3.5,-1.73333333333333,-0.35,10.5527247666183,7.90253124005214,6.13152147150734,-15,15,1,2.72906706942016,0.345454545454545,-2.17130272750269,-6.90829510321305,15,-7,-7,-15,0,-6,7,3,-5,1959.4,2320,1311,880.833333333333,180.128398649408,1513.26699560917,1229.49897654831,404,6340,0.933333333333333,0.592924446384326,10.4606060606061,2112.53468059531,0.965664620201706,2040,1712,1884,1908,3632,3085,791,390,905,-49,-34.2,-24.8666666666667,-2.66666666666667,182.47849188329,153.663788837839,110.698910965234,-279,290,1,2.84435198071237,12.4363636363636,-13.8942854951288,-20.871890109187,290,-156,-36,-242,30,-279,39,52,-19,-51,-59,-50,-51,,-1,-56,-59,-50,-51,-44,-1,-56,-59,-46,-51,-43,-1,-56,-75,-23,-21,2,-1,-132,-159,-39,-18,3,-1,0,0,1,0,0,,0,0,0,0
2025-06-20,up,traded,22108.75,22098.75,22040,360,360,360,1440,3240,576,0,5,6,2,0,0,1,47,9,10,28,93,5211,9,1,47,0.017846862406448,22107.5,22108.125,6,14,27,32,,1,,,,7,54,20.8919852404855,-3,54,323,256,365,-3,54,312,298,359,6,14,32,,6,-2,4.5,805,3620,8401,16343,1618.6,0.983333333333333,1.91260782009315,0.919474585950885,155,392,427,417,262,180,13.0666666666667,65.3,3.70976465624659,1,1,0,4.47619047619048,4.47619047619048,1,1,94,0,0,155,805,480,325,22112.5,3.5,0.192546583850932,6,11,21.1180123961267,68.5714285714286,46.4285714285714,805,47.3529411764706,,0.02111801242236,47.3529411764706,9.11764705882353,63,7,16343,417,0.412698412698413,0.025515511228049,17,19.6,27.7668867538296,10.975983884018,9.67017177832029,1,0,0,6.4,20.8919852404855,0,1,1,0,312,298,359,0.007453416149068,0.038709677419355,47.3529411764706,9.11764705882353,0.192546583850932,0.201242236024845,3.27329192546584,-59.2,69.8,1.91260782009315,1,-1,480,325,155,0.596273291925466,47.3529411764706,2.11180124223602,0.007453416149068,7.45341614906832,0.007453416149068,0.192546583850932,0.038709677419355,0.007453416149068,47.3529411764706,9.11764705882353,2696,2247,449,0.545417762492413,123.575,0.809225166902691,0.005259963584867,5.25996358486749,0.005259963584867,0.090835524984827,0.057906458797327,0.005259963584867,123.575,11.225,4414,3987,427,0.525413641233187,204.90243902439,0.4880371384359,0.003809070348768,3.809070348768,0.003809070348768,0.050827282466373,0.074941451990632,0.003809070348768,204.90243902439,10.4146341463415,8380,7963,417,0.512757755614024,259.412698412698,0.385486140855412,0.001590895184483,1.59089518448265,0.001590895184483,0.025515511228049,0.062350119904077,0.001590895184483,259.412698412698,6.61904761904762,0,1,162,0.201242236024845,0.104938271604938,2.2,0.4,-0.566666666666667,0.116666666666667,11.9230868486311,8.99110671719561,6.20582163957539,-15,14,0.95,1.38042424745755,1.01818181818182,1.84604229526714,4.33359518387542,8,13,-9,14,0,-7,-6,-2,5,2065.4,1618.6,625.066666666667,370.266666666667,637.658717497064,1563.96177702654,1144.99862979054,43,5211,0.983333333333333,1.91260782009315,254.145454545455,1701.43716755096,1.65448366456687,2815,1323,1375,2083,5211,258,174,136,213,33.8,20.4,-3.13333333333333,2.2,117.946428517357,92.9765561848792,64.7300720084739,-126,237,1,3.70976465624659,13.0666666666667,37.5528444430106,6.31110648248407,237,57,-61,39,93,-102,-48,-42,67,38,15,54,8,15,1,59,24,65,8,15,1,59,35,86,8,15,1,160,97,254,24,15,1,314,301,332,304,260,1,0,0,1,12,10,,0,0,0,0
2025-07-23,down,traded,23216.25,23263.75,23223.75,60,60,60,1740,3540,571,0,3,7,3,0,0,0,32,31,1,0,-93,5183,-10.6666666666657,1,32,-0.017943276094926,23216.25,23217.5,-6,,,,,-1,,,,-38,-6,-16.6666666666657,-38,-6,-5,-107,86,-38,-6,-5,-82,73,6,,,,-6,,-2.8,1396,6579,6579,6579,2269.7,0.983333333333333,2.69704547523643,0.936724149500101,-118,-211,-211,-211,-93,234,2.53939393939394,-34.9,-0.704849068653322,0,0,0,0,0,0,0,0,0,0,-118,1396,639,757,23220,2,-0.084527220630373,6,4,7.16332377710364,91.2857142857143,108.142857142857,1396,139.6,,0.007163323782235,139.6,-11.8,42,2,6579,-211,0.880952380952381,-0.032071743426053,10,10,6,,5.80650975677778,0,1,0,,-16.6666666666657,1,0,0,0,-5,-82,73,0.004297994269341,0.050847457627119,139.6,-11.8,-0.084527220630373,0.179799426934097,0.845272206303725,1469.4,-62.6,-2.69704547523643,0,-0,639,757,-118,0.457736389684814,139.6,0.716332378223496,0.004297994269341,4.29799426934097,0.004297994269341,0.084527220630373,0.050847457627119,0.004297994269341,139.6,11.8,3184,3395,-211,0.483964128286974,156.642857142857,0.638394892840857,0.00562395500836,5.62395500835993,0.00562395500836,0.032071743426053,0.175355450236967,0.00562395500836,156.642857142857,5.02380952380952,3184,3395,-211,0.483964128286974,156.642857142857,0.638394892840857,0.00562395500836,5.62395500835993,0.00562395500836,0.032071743426053,0.175355450236967,0.00562395500836,156.642857142857,5.02380952380952,3184,3395,-211,0.483964128286974,156.642857142857,0.638394892840857,0.00562395500836,5.62395500835993,0.00562395500836,0.032071743426053,0.175355450236967,0.00562395500836,156.642857142857,5.02380952380952,0,0,0,0.179799426934097,0.039840637450199,-1.4,-1.6,-0.366666666666667,-0.416666666666667,8.52291030106501,6.08604962188118,4.14313354305115,-18,6,0.65,0.088499842656928,-0.290909090909091,-1.94822763835502,-0,0,-18,3,6,-1,2,-2,-3,1,3455.4,2269.7,1219.33333333333,903.416666666667,2525.07945221532,2176.19392747981,1469.63286420642,372,7545,0.983333333333333,2.69704547523643,578.2,2936.46523298493,1.76504728943495,5183,7545,2207,1467,2091,1184,765,999,1139,-1.8,-46.3,-21.1333333333333,-9.11666666666667,208.209894097279,156.435322098304,101.960362668811,-327,295,0.166666666666667,-0.704849068653322,2.53939393939394,-45.4794154522389,2.04488116382379,-93,-327,295,119,-141,16,7,-13,169,-35,-42,-31,-36,-21,-1,-35,-43,-21,-18,-26,-1,-19,-34,-12,-18,-29,-1,-23,-42,-15,-19,-1,-1,-5,-28,33,2,18,0,1,0,1,0,0,,0,0,0,0
2025-07-31,down,traded,23678.75,23752.5,23697.5,60,60,60,1740,3540,571,0,4,7,3,0,0,0,44,38,4,2,-1139,8279,-13.3333333333343,1,44,-0.137577002053388,23678.75,23687.5,-17,,,,,-1,,,,-59,-15,-30.3333333333343,-59,-15,155,71,257,-59,-15,155,95,231,17,,,,-17,,-2.1,2301,10580,10580,10580,3118.3,1,3.68585664165238,1.00028256569652,-315,-1454,-1454,-1454,-1139,-1095,-53.569696969697,-239.1,-4.39270672661,1,0,1,4,4,1,1,72,0,0,-315,2301,993,1308,23690,2,-0.136897001303781,17,3,8.69187309487533,55.1666666666667,72.6666666666667,2301,115.05,,0.008691873098653,115.05,-15.75,62,2,10580,-1454,0.887096774193548,-0.137429111531191,20,20,17,,6.87475252079827,0,1,0,,-30.3333333333343,0,1,1,0,155,95,231,0.007388092133855,0.053968253968254,115.05,-15.75,-0.136897001303781,0.109083007388092,2.73794002607562,1850.8,-256.4,3.68585664165238,-1,1,993,1308,-315,0.431551499348109,115.05,0.869187309865276,0.007388092133855,7.38809213385484,0.007388092133855,0.136897001303781,0.053968253968254,0.007388092133855,115.05,15.75,4563,6017,-1454,0.431285444234405,170.645161290323,0.586011342155009,0.005198487712665,5.19848771266541,0.005198487712665,0.137429111531191,0.037826685006878,0.005198487712665,170.645161290323,23.4516129032258,4563,6017,-1454,0.431285444234405,170.645161290323,0.586011342155009,0.005198487712665,5.19848771266541,0.005198487712665,0.137429111531191,0.037826685006878,0.005198487712665,170.645161290323,23.4516129032258,4563,6017,-1454,0.431285444234405,170.645161290323,0.586011342155009,0.005198487712665,5.19848771266541,0.005198487712665,0.137429111531191,0.037826685006878,0.005198487712665,170.645161290323,23.4516129032258,0,0,0,0.109083007388092,0.079681274900398,4.8,2.8,1.96666666666667,1.26666666666667,3.65513337649941,3.86781592116274,7.90140634458336,-14,21,0.45,-0.248900838774717,0.303030303030303,3.35074296707698,0,0,1,9,6,1,21,4,12,-19,4548.8,3118.3,1882.2,1981.96666666667,2859.25244775623,2497.02639353292,1735.49886007837,591,8279,1,3.68585664165238,688.50303030303,3985.70350492128,2.07717407724324,8279,7774,2565,2428,2435,3094,1242,1768,7001,-136.8,-69.5,-15.4,-17.6,514.527122705888,374.93872832771,255.787620237311,-1139,426,0.016666666666667,-4.39270672661,-53.569696969697,-148.993350699106,7.64463645293962,-1139,-44,313,130,13,426,-2,198,-903,-83,-93,-61,-54,-63,-1,-95,-100,-71,-54,-63,-1,-95,-103,-80,-81,-56,-1,-95,-104,-65,-67,-15,-1,153,94,179,104,79,1,0,0,1,0,0,,0,0,0,0
2025-08-01,down,traded,23021.25,23090,23038.75,180,180,180,1620,3420,573,0,5,8,3,0,1,0,41,37,2,2,-346,7060,-12.3333333333343,1,41,-0.049008498583569,23020,23028.125,-12,-50,-17,,,-1,,,,-56,-15,-30.9619898204168,-61,-3,-268,-586,-229,-61,-3,-544,-544,-236,12,50,,,-12,26,-4.1,811,5739,18166,18166,4739.2,0.95,0.881463983905957,0.233936684214322,-219,-613,-640,-640,-421,-713,-15.8181818181818,0.399999999999999,-1.29256547868391,2,0,2,5.5,4.27173913043478,0.5,2,147,4,0,-219,811,296,515,23023.75,-3.5,-0.270036991368681,12,7,23.4278668021851,22.7692307692308,39.6153846153846,811,42.6842105263158,,0.023427866831073,42.6842105263158,-11.5263157894737,64,4,18166,-640,0.84375,-0.03523065066608,19,38.3333333333333,51.7397332811061,29.3295452099452,10.5442980905427,0,1,0,,-30.9619898204168,0,1,0,1,-544,-544,-236,0.014796547472257,0.054794520547945,42.6842105263158,-11.5263157894737,-0.270036991368681,0.127003699136868,5.13070283600493,-401.1,-10.3,-0.881463983905957,1,-1,296,515,-219,0.36498150431566,42.6842105263158,2.34278668310728,0.014796547472257,14.7965474722565,0.014796547472257,0.270036991368681,0.054794520547945,0.014796547472257,42.6842105263158,11.5263157894737,5406,5700,-294,0.486763911399244,173.53125,0.576265081937691,0.00162074554295,1.62074554294976,0.00162074554295,0.026472177201513,0.061224489795918,0.00162074554295,173.53125,4.59375,8763,9403,-640,0.48238467466696,283.84375,0.352306506660795,0.00297258614995,2.97258614995046,0.00297258614995,0.03523065066608,0.084375,0.00297258614995,283.84375,10,8763,9403,-640,0.48238467466696,283.84375,0.352306506660795,0.00297258614995,2.97258614995046,0.00297258614995,0.03523065066608,0.084375,0.00297258614995,283.84375,10,0,1,103,0.127003699136868,0.184466019417476,-0.8,1.6,-1,-1.1,22.6044243456895,16.4207186200848,12.3531372533458,-38,33,0.016666666666667,-2.99519055290822,-0.933333333333334,-1.59165209361907,23.8745641414616,-38,33,0,4,7,-9,6,-3,-5,6752,4739.2,2723.43333333333,1910.3,3668.70467604031,3297.41768054943,2501.02863749209,740,13576,0.95,0.881463983905957,539.393939393939,5088.2858188716,0.968499053595393,4928,5367,7060,13576,2300,3360,1936,1104,584,-96,-52.2,-53.1,-50.1,311.892930346297,248.77049664299,263.73905664501,-733,319,0.083333333333333,-1.29256547868391,-15.8181818181818,-85.0509181057989,4.63251906945772,-394,319,-346,248,-82,-36,260,-60,-8,-34,-38,-25,-27,-42,-1,-34,-46,-24,-27,-42,-1,-34,-72,-26,-27,-30,-1,-64,-161,-18,-27,-20,-1,-440,-570,-328,-278,-234,-1,0,0,1,0,0,,0,0,0,0
2025-08-20,down,traded,23372.5,23432.5,23383.75,120,120,120,1680,3480,572,0,3,8,3,0,0,0,39,32,5,2,-204,6200,-11.6666666666657,1,39,-0.032903225806452,23372.5,23375.625,-7,-11,,,,-1,,,,-48,-9,-18.48871328065,-48,-6,-79,-319,-43,-48,-6,-79,-306,-46,7,11,,,-7,-3,-1.1,1023,4820,11020,11020,3132.3,0.966666666666667,1.26144558904589,0.505722124725017,-193,-198,-402,-402,-209,199,1.7030303030303,20.5,0.464925480042374,1,0,1,3.68965517241379,3.68965517241379,1,1,107,0,0,-193,1023,415,608,23373.75,-1.5,-0.188660801564027,6,5,10.7526881615321,59.2857142857143,86.8571428571429,1023,93,,0.010752688172043,93,-17.5454545454545,51,3,11020,-402,0.843137254901961,-0.036479128856624,11,13.5,8.06225774829855,1.5,6.75244811572481,0,1,0,,-18.48871328065,0,1,0,1,-79,-306,-46,0.005865102639296,0.031088082901554,93,-17.5454545454545,-0.188660801564027,0.213098729227761,2.0752688172043,842.2,34.4,-1.26144558904589,1,-1,415,608,-193,0.405669599217986,93,1.0752688172043,0.005865102639296,5.86510263929619,0.005865102639296,0.188660801564027,0.031088082901554,0.005865102639296,93,17.5454545454545,5309,5711,-402,0.481760435571688,216.078431372549,0.462794918330309,0.003901996370236,3.90199637023593,0.003901996370236,0.036479128856624,0.106965174129353,0.003901996370236,216.078431372549,7.88235294117647,5309,5711,-402,0.481760435571688,216.078431372549,0.462794918330309,0.003901996370236,3.90199637023593,0.003901996370236,0.036479128856624,0.106965174129353,0.003901996370236,216.078431372549,7.88235294117647,5309,5711,-402,0.481760435571688,216.078431372549,0.462794918330309,0.003901996370236,3.90199637023593,0.003901996370236,0.036479128856624,0.106965174129353,0.003901996370236,216.078431372549,7.88235294117647,0,1,218,0.213098729227761,0.05045871559633,1.4,1,0.066666666666667,0.483333333333333,4.22374241638857,4.85798312059645,3.8724095283887,-9,9,0.2,-1.05016440974382,0.242424242424242,0.699970861599686,-5.7145235886799,-4,0,9,1,5,-5,-2,-2,-14,4474.2,3132.3,1572.96666666667,1155.88333333333,2608.1971091158,2321.40384465952,1763.08304745472,443,8600,0.966666666666667,1.26144558904589,532.539393939394,3574.74795986731,1.06217278606152,3797,6200,8600,2176,1570,970,664,711,1831,-141,-127.3,-59.3666666666667,-38.45,87.1274927907374,122.527588730049,116.936302698901,-387,154,0.583333333333333,0.464925480042374,1.7030303030303,-113.604345539305,0.04401240090125,-5,-204,-90,-254,-52,-126,-2,-43,-451,-28,-41,-26,-29,-38,-1,-43,-46,-31,-29,-38,-1,-43,-46,-29,-29,-37,-1,-43,-50,-6,-5,3,-1,-70,-201,-44,-53,-57,-1,1,0,1,0,0,,0,0,0,0
2025-08-28,up,traded,23716.25,23706.25,23630,60,60,60,1740,3540,571,0,4,8,3,0,0,0,61,51,1,9,2627,8937,19.6666666666657,1,61,0.293946514490321,23717.5,23711.875,10,,,,,1,,,,9,70,29.6666666666657,9,70,77,48,184,9,70,96,54,172,10,,,,10,,-1.8,930,9867,9867,9867,2365.9,1,4.15847484580098,0.593793896054144,92,2719,2719,2719,2627,2784,136.369696969697,459,5.27630177275418,1,1,0,6.72727272727273,6.72727272727273,1,1,74,0,0,92,930,511,419,23718.75,5.5,0.098924731182796,10,5,16.1290322407215,46.4545454545455,38.0909090909091,930,62,,0.016129032258065,62,6.13333333333333,73,2,9867,2719,0.835616438356164,0.275565014695449,15,15,10,,10.7940827411236,1,0,0,,29.6666666666657,0,1,1,0,96,54,172,0.010752688172043,0.108695652173913,62,6.13333333333333,0.098924731182796,0.145161290322581,1.48387096774194,2224.8,504.4,4.15847484580098,1,-1,511,419,92,0.549462365591398,62,1.61290322580645,0.010752688172043,10.752688172043,0.010752688172043,0.098924731182796,0.108695652173913,0.010752688172043,62,6.13333333333333,6293,3574,2719,0.637782507347725,135.164383561644,0.739839870274653,0.006182223573528,6.18222357352792,0.006182223573528,0.275565014695449,0.022434718646561,0.006182223573528,135.164383561644,37.2465753424658,6293,3574,2719,0.637782507347725,135.164383561644,0.739839870274653,0.006182223573528,6.18222357352792,0.006182223573528,0.275565014695449,0.022434718646561,0.006182223573528,135.164383561644,37.2465753424658,6293,3574,2719,0.637782507347725,135.164383561644,0.739839870274653,0.006182223573528,6.18222357352792,0.006182223573528,0.275565014695449,0.022434718646561,0.006182223573528,135.164383561644,37.2465753424658,0,0,0,0.145161290322581,0.111111111111111,-3.4,-1.1,0.533333333333333,0.016666666666667,7.31026675299883,6.37887137352682,4.37213398188523,-18,8,0.6,-0.121984672826372,-0.76969696969697,-1.91408039872461,-0,0,-18,1,0,8,5,0,3,-6,3765,2365.9,1239.8,1106.06666666667,3476.62065805287,2840.16751090495,1850.9670697593,362,8937,1,4.15847484580098,720.50303030303,3326.35816515983,2.68672210154813,8937,6967,1113,1023,1412,2159,731,751,943,491,260.9,116.8,53.7666666666667,1069.98093440958,794.137198473916,475.749892275342,-157,2627,1,5.27630177275418,136.369696969697,471.154826811556,5.5756618642277,2627,-157,-55,27,204,195,21,43,-39,55,49,61,50,59,1,62,55,66,50,52,1,62,53,69,55,51,1,78,48,118,53,90,1,94,56,125,71,56,1,0,0,1,0,0,,0,0,0,0
2025-09-02,down,traded,23035,23102.5,23048.75,60,60,60,1740,3540,571,0,2,9,3,0,0,0,43,36,1,6,150,8362,-10.3333333333343,1,43,0.017938292274576,23033.75,23044.375,-18,,,,,-1,,,,-55,-12,-28.3333333333343,-55,-12,-375,-379,-327,-55,-12,-364,-377,-329,18,,,,-18,,-0.2,1316,9678,9678,9678,895.6,1,5.38265392119684,2.71816585768873,-52,98,98,98,150,143,7.0060606060606,34.9,3.55453916436689,0,0,0,0,0,0,0,0,0,0,-52,1316,632,684,23045,0.5,-0.03951367781155,19,2,15.9574467963849,31.6,34.2,1316,62.6666666666667,,0.015957446808511,62.6666666666667,-2.47619047619048,57,2,9678,98,0.947368421052632,0.010126059103121,21,21,18,,7.39677106731189,0,1,0,,-28.3333333333343,0,1,0,1,-364,-377,-329,0.014437689969605,0.365384615384615,62.6666666666667,-2.47619047619048,-0.03951367781155,0.122340425531915,0.829787234042553,1668.6,26.6,-5.38265392119684,1,-1,632,684,-52,0.480243161094225,62.6666666666667,1.59574468085106,0.014437689969605,14.4376899696049,0.014437689969605,0.03951367781155,0.365384615384615,0.014437689969605,62.6666666666667,2.47619047619048,4888,4790,98,0.50506302955156,169.789473684211,0.588964662120273,0.005579665220087,5.57966522008679,0.005579665220087,0.010126059103121,0.551020408163265,0.005579665220087,169.789473684211,1.71929824561404,4888,4790,98,0.50506302955156,169.789473684211,0.588964662120273,0.005579665220087,5.57966522008679,0.005579665220087,0.010126059103121,0.551020408163265,0.005579665220087,169.789473684211,1.71929824561404,4888,4790,98,0.50506302955156,169.789473684211,0.588964662120273,0.005579665220087,5.57966522008679,0.005579665220087,0.010126059103121,0.551020408163265,0.005579665220087,169.789473684211,1.71929824561404,0,1,161,0.122340425531915,0.130434782608696,0.6,-0.1,0.366666666666667,0.066666666666667,1.74355957741627,1.64012194668567,1.77920081934434,-3,7,0.65,-0.206085036989691,0.090909090909091,0.116677414870736,0,0,2,0,-2,-2,0,0,1,1,1727.2,895.6,358.1,217.45,3317.54694917796,2489.00302129186,1486.98023636272,13,8362,1,5.38265392119684,455.69696969697,1579.41703974469,5.29435848137468,8362,127,35,59,106,42,178,133,160,33.2,17.4,16.8333333333333,5.65,61.8268550065423,47.7434812304256,37.4638344125223,-29,150,1,3.55453916436689,7.0060606060606,29.3889457536815,5.10395987856114,150,7,3,-29,-14,6,58,19,24,-66,-77,-56,-51,-57,-1,-66,-73,-51,-52,-42,-1,-51,-79,-45,-52,-24,-1,-325,-372,-109,-52,-24,-1,-364,-375,-358,-364,-334,-1,0,0,1,0,0,,0,0,0,0
2025-09-18,up,traded,24705,24692.5,24655,180,180,180,1620,3420,573,0,4,9,3,0,0,0,30,19,10,1,-341,4875,-9.3333333333343,1,30,-0.069948717948718,24705,24695,12,14,39,,,1,,,,10,40,21.8937855904922,4,41,183,123,370,4,41,193,138,313,12,14,,,12,10,1.3,1766,5390,13883,13883,3136.3,0.966666666666667,1.24261585159018,0.793921956482647,426,714,333,333,-93,328,-0.333333333333333,138.6,1.96688902127509,1,1,0,5.45833333333333,5.45833333333333,1,1,262,0,0,426,1766,1096,670,24703.75,7,0.241223103057758,12,6,10.1925254755422,84.3076923076923,51.5384615384615,1766,98.1111111111111,,0.010192525481314,98.1111111111111,23.6666666666667,42,4,13883,333,0.476190476190476,0.023986170136138,18,18.6666666666667,27.8028775489157,9.41629792788369,7.16813938356546,1,0,0,,21.8937855904922,0,1,1,0,193,138,313,0.006795016987542,0.028169014084507,98.1111111111111,23.6666666666667,0.241223103057758,0.148924122310306,4.34201585503964,-26.3,93.3,1.24261585159018,1,-1,1096,670,426,0.620611551528879,98.1111111111111,1.01925254813137,0.006795016987542,6.79501698754247,0.006795016987542,0.241223103057758,0.028169014084507,0.006795016987542,98.1111111111111,23.6666666666667,4841,4167,674,0.537411190053286,214.47619047619,0.466252220248668,0.004329484902309,4.32948490230906,0.004329484902309,0.074822380106572,0.05786350148368,0.004329484902309,214.47619047619,16.047619047619,7108,6775,333,0.511993085068069,330.547619047619,0.302528271987323,0.001440610818987,1.44061081898725,0.001440610818987,0.023986170136138,0.06006006006006,0.001440610818987,330.547619047619,7.92857142857143,7108,6775,333,0.511993085068069,330.547619047619,0.302528271987323,0.001440610818987,1.44061081898725,0.001440610818987,0.023986170136138,0.06006006006006,0.001440610818987,330.547619047619,7.92857142857143,0,1,263,0.148924122310306,0.068441064638783,8.2,3.7,0.033333333333333,1.01666666666667,9.3893556754444,12.1412519947491,12.5365687313378,-31,25,0.516666666666667,0.156874397517606,1.01212121212121,4.31434950841037,0.463569304271991,2,25,0,12,0,-4,11,2,-14,4246.2,3136.3,1945.1,1942.45,1690.7914596425,1731.56005093673,1351.10138652385,832,7099,0.966666666666667,1.24261585159018,350.418181818182,3326.837148743,1.08932293285509,3624,3618,4875,7099,1783,1294,1026,1951,2553,-70.6,-50.3,-8.63333333333333,-12.6833333333333,204.841987883344,178.423681163684,150.81345725395,-341,385,0.983333333333333,1.96688902127509,-0.333333333333333,-37.274549431774,-7.72645154375762,288,-40,-341,-123,-89,-102,56,-49,-113,19,17,24,18,,1,23,12,25,23,28,1,23,2,43,23,0,1,-20,-42,59,1,-4,0,234,155,248,156,129,1,1,0,1,0,0,,0,0,0,0
2025-09-24,down,traded,24836.25,24900,24863.75,180,180,180,1620,3420,573,0,3,9,3,0,0,0,29,13,11,5,-345,5227,-6.3333333333343,1,29,-0.06600344365793,24836.25,24844.375,-12,-21,-27,,,-1,,,,-51,-22,-26.3425279527757,-51,-10,3,-139,44,-51,-10,3,-127,41,12,21,,,-12,-3,-3.1,1631,4833,13377,13377,3100.8,0.95,0.976493607971028,0.740051726484868,-299,-557,-971,-971,-672,-189,-31.7575757575758,5.90000000000001,-2.0630934079667,1,0,1,3.61904761904762,3.61904761904762,1,1,76,0,0,-299,1631,666,965,24850,4.5,-0.183323114653587,12,1,7.97057019744294,51.2307692307692,74.2307692307692,1631,125.461538461538,,0.00797057020233,125.461538461538,-23,51,4,13377,-971,0.784313725490196,-0.072587276668909,13,14,16.1554944214035,2.44948974278318,5.30659966456864,0,1,0,,-26.3425279527757,1,0,0,0,3,-127,41,0.007357449417535,0.040133779264214,125.461538461538,-23,-0.183323114653587,0.153893316983446,2.38320049049663,-76.7,-68.3,0.976493607971028,0,-0,666,965,-299,0.408338442673207,125.461538461538,0.797057020232986,0.007357449417535,7.35744941753525,0.007357449417535,0.183323114653587,0.040133779264214,0.007357449417535,125.461538461538,23,3762,4388,-626,0.46159509202454,254.6875,0.392638036809816,0.003312883435583,3.31288343558282,0.003312883435583,0.07680981595092,0.043130990415336,0.003312883435583,254.6875,19.5625,6203,7174,-971,0.463706361665545,262.294117647059,0.381251401659565,0.00299020707184,2.99020707183972,0.00299020707184,0.072587276668909,0.04119464469619,0.00299020707184,262.294117647059,19.0392156862745,6203,7174,-971,0.463706361665545,262.294117647059,0.381251401659565,0.00299020707184,2.99020707183972,0.00299020707184,0.072587276668909,0.04119464469619,0.00299020707184,262.294117647059,19.0392156862745,0,0,0,0.153893316983446,0.051792828685259,-1.6,-0.7,0,0.116666666666667,5.53534100123922,5.44150714416512,4.01663208837122,-9,9,0.033333333333333,-2.24068318979386,-1.06060606060606,-2.17521431442414,4.13752334210003,-9,-6,0,7,-4,-7,1,3,-6,4171.2,3100.8,1734.76666666667,1290.98333333333,2157.08056409583,1893.1065897091,1502.55293158751,507,7732,0.95,0.976493607971028,284.836363636364,3233.76560492427,0.990176899378266,3202,3317,5227,7732,1891,2194,652,910,720,-111.6,-63.8,-19.2333333333333,-9.31666666666667,170.43074839946,151.886668276054,115.732358866865,-345,130,0.033333333333333,-2.0630934079667,-31.7575757575758,-103.034324372651,2.50401991346957,-258,-69,-345,130,-131,-244,-6,-6,-84,-34,-36,-31,-34,,-1,-34,-37,-31,-34,,-1,-34,-36,-30,-34,,-1,-34,-59,-14,-2,4,-1,-91,-139,6,1,-10,0,1,0,1,0,0,,0,0,0,0
2025-09-25,down,traded,24500,24578.75,24532.5,360,360,360,1440,3240,576,0,4,9,3,0,0,0,37,27,2,8,-410,6106,-7,1,37,-0.067147068457255,24500,24503.75,-6,-15,-41,-33,,-1,,,,-63,-26,-31.7301614370168,-63,-4,-192,-320,-102,-63,-4,-192,-296,-119,6,15,33,,-6,3,-4.9,839,4141,13729,24295,3617.7,0.916666666666667,0.79643079907499,0.336630088069493,-181,-375,-607,-1051,-870,149,-36.9757575757576,-20.2,-1.29672775002547,2,0,2,10.4,6.71785714285714,0.666666666666667,2,189,3,0,-181,839,329,510,24506.25,2,-0.215733015494636,5,1,7.15137067085653,54.8333333333333,85,839,139.833333333333,,0.00715137067938,139.833333333333,-30.1666666666667,63,7,24295,-1051,0.968253968253968,-0.043259930026755,6,17.2,29.0516780926679,10.4189997387252,7.42937114132519,0,1,0,-6.6,-31.7301614370168,0,1,0,1,-192,-296,-119,0.00595947556615,0.027624309392265,139.833333333333,-30.1666666666667,-0.215733015494636,0.252681764004768,1.29439809296782,-242.2,-76,-0.79643079907499,1,-1,329,510,-181,0.392133492252682,139.833333333333,0.715137067938021,0.00595947556615,5.95947556615018,0.00595947556615,0.215733015494636,0.027624309392265,0.00595947556615,139.833333333333,30.1666666666667,3465,4183,-718,0.453059623430962,191.2,0.523012552301255,0.005230125523013,5.23012552301255,0.005230125523013,0.093880753138075,0.055710306406685,0.005230125523013,191.2,17.95,6561,7168,-607,0.477893510088135,280.183673469388,0.356908733338189,0.002403671061257,2.40367106125719,0.002403671061257,0.044212979823731,0.054365733113674,0.002403671061257,280.183673469388,12.3877551020408,11622,12673,-1051,0.478370034986623,385.634920634921,0.259312615764561,0.002510804692324,2.51080469232352,0.002510804692324,0.043259930026755,0.058039961941009,0.002510804692324,385.634920634921,16.6825396825397,0,0,0,0.252681764004768,0.028301886792453,-5.6,-2.2,-0.4,-0.35,11.4122740941497,9.4847245611035,6.37495098020369,-26,9,0.05,-1.34902998104704,-1.67272727272727,-4.43664942617733,2.02855784522838,-9,-26,1,7,0,-3,-7,-9,2,3470,3617.7,1888.13333333333,1185.61666666667,637.831639227782,2074.55513544471,1775.2536294538,353,8180,0.916666666666667,0.79643079907499,131.363636363636,3363.33676695963,0.98176312061219,3302,3507,2468,3613,6106,2184,1322,889,621,-92,-22.7,12.6,4.95,157.306071084367,234.474326952867,159.324114098693,-410,401,0.066666666666667,-1.29672775002547,-36.9757575757576,-66.3077709674779,2.92575058955234,-194,-343,14,97,-410,-44,-176,-277,39,-62,-67,-58,-63,-43,-1,-62,-68,-45,-46,-37,-1,-62,-69,-45,-46,-72,-1,-62,-184,-33,-46,-71,-1,-180,-242,-104,-151,-109,-1,0,0,1,0,0,,0,0,0,0
2025-09-26,up,traded,24673.75,24657.5,24603.75,120,120,120,1680,3480,572,0,5,9,3,0,0,0,43,38,2,3,-244,6622,-12.3333333333343,1,43,-0.036846874056176,24673.75,24653.75,31,53,,,,1,,,,13,56,40.8042970712529,13,61,33,-19,201,13,61,37,-15,186,31,53,,,31,9,3.3,2519,7176,13798,13798,2893.6,0.966666666666667,1.84599589088107,1.30585795749093,449,748,504,504,55,543,0.860606060606058,60.3,2.89171905817891,1,1,0,4.96153846153846,4.96153846153846,1,1,129,0,0,449,2519,1484,1035,24647.5,-5,0.178245335450576,31,1,12.7034537464456,46.375,32.34375,2519,78.71875,,0.012703453751489,78.71875,14.03125,61,3,13798,504,0.245901639344262,0.036527032903319,32,31,38.0131556174964,4.5,8.00284671573532,1,0,0,,40.8042970712529,1,0,0,0,37,-15,186,0.012306470821755,0.069042316258352,78.71875,14.03125,0.178245335450576,0.1155220325526,5.70385073441842,1266.7,20.7,-1.84599589088107,0,-0,1484,1035,449,0.589122667725288,78.71875,1.27034537514887,0.012306470821755,12.3064708217547,0.012306470821755,0.178245335450576,0.069042316258352,0.012306470821755,78.71875,14.03125,7151,6647,504,0.51826351645166,226.196721311475,0.442093056964778,0.001087114074504,1.08711407450355,0.001087114074504,0.036527032903319,0.029761904761905,0.001087114074504,226.196721311475,8.26229508196721,7151,6647,504,0.51826351645166,226.196721311475,0.442093056964778,0.001087114074504,1.08711407450355,0.001087114074504,0.036527032903319,0.029761904761905,0.001087114074504,226.196721311475,8.26229508196721,7151,6647,504,0.51826351645166,226.196721311475,0.442093056964778,0.001087114074504,1.08711407450355,0.001087114074504,0.036527032903319,0.029761904761905,0.001087114074504,226.196721311475,8.26229508196721,0,3,748,0.1155220325526,0.109965635738832,5.8,3.9,1,0.45,8.28009661779378,6.89129886160802,5.44058820349418,-7,22,1,3.85987676599249,0.890909090909091,5.18326846027962,4.24442611232472,22,0,1,1,1,4,-4,0,-4,4216,2893.6,1531.36666666667,1144.5,2680.41101325897,2364.39946709519,1693.19625724709,528,7525,0.966666666666667,1.84599589088107,571.915151515152,3470.20210039705,1.34199676712407,4657,6622,7525,1283,1037,1111,669,699,1294,22,11.6,5.23333333333333,-2.16666666666667,188.068072782171,143.571724235659,101.588937499229,-244,299,1,2.89171905817891,0.860606060606058,24.2212147257906,12.3445501551013,299,-244,37,-111,-15,177,15,-17,86,-7,-10,9,-6,-2,0,-1,-10,4,-1,5,0,-7,-33,9,-1,5,0,59,6,71,-1,-3,1,38,2,114,38,-1,1,6,1,0,0,0,,0,0,0,0
2025-10-06,down,traded,25176.25,25222.5,25183.75,120,120,120,1680,3480,572,0,1,10,4,0,0,0,31,13,6,12,-230,4856,-2.3333333333343,1,31,-0.047364085667216,25176.25,25188.125,-13,-18,,,,-1,,,,-37,-6,-19.0165852800157,-37,-6,,,,-37,-6,,,,13,18,,,-13,-8,-0.5,910,3631,8487,8487,2365.6,0.966666666666667,1.06332919980722,0.590889906171878,-186,-407,-637,-637,-451,9,-5.27272727272727,25.5,-1.42687424689081,1,0,1,9.125,9.125,1,1,73,0,0,-186,910,362,548,25185,-2.5,-0.204395604395604,14,5,20.8791208561768,24.1333333333333,36.5333333333333,910,47.8947368421053,,0.020879120879121,47.8947368421053,-9.78947368421053,37,3,8487,-637,0.837837837837838,-0.075055967950984,19,20,13.9283882771841,4,5.81004876628989,0,1,0,,-19.0165852800157,,,,,,,,0.015384615384615,0.075268817204301,47.8947368421053,-9.78947368421053,-0.204395604395604,0.123076923076923,3.88351648351648,592.6,-28,1.06332919980722,,,362,548,-186,0.397802197802198,47.8947368421053,2.08791208791209,0.015384615384615,15.3846153846154,0.015384615384615,0.204395604395604,0.075268817204301,0.015384615384615,47.8947368421053,9.78947368421053,3925,4562,-637,0.462472016024508,229.378378378378,0.435960881347944,0.003652645222104,3.6526452221044,0.003652645222104,0.075055967950984,0.048665620094192,0.003652645222104,229.378378378378,17.2162162162162,3925,4562,-637,0.462472016024508,229.378378378378,0.435960881347944,0.003652645222104,3.6526452221044,0.003652645222104,0.075055967950984,0.048665620094192,0.003652645222104,229.378378378378,17.2162162162162,3925,4562,-637,0.462472016024508,229.378378378378,0.435960881347944,0.003652645222104,3.6526452221044,0.003652645222104,0.075055967950984,0.048665620094192,0.003652645222104,229.378378378378,17.2162162162162,0,0,0,0.123076923076923,0.169642857142857,-0.2,-1.1,-0.266666666666667,-0.166666666666667,3.96988664825584,4.27668095606862,5.18287779348715,-17,9,0.15,-0.913263542366614,0.042424242424243,-1.08298088584039,4.6168866555018,-5,0,7,-1,-3,5,9,-2,-6,3509.8,2365.6,1200.66666666667,886.066666666667,2190.53376143807,1931.88949994558,1429.78612231185,279,7105,0.966666666666667,1.06332919980722,423.709090909091,2740.60476699468,0.992846554442733,2721,4856,7105,1362,1146,1050,752,477,866,-60.2,-75.4,-37.4,-24.2333333333333,258.170021497462,192.751757449835,128.672866862702,-230,447,0.05,-1.42687424689081,-5.27272727272727,-79.2372172229945,2.78909340516146,-221,-230,447,-202,-156,40,80,-55,-26,-31,-33,-18,-18,-14,-1,-31,-33,-14,-13,-4,-1,-16,-22,-9,-17,-4,-1,-16,-51,70,10,1,0,,,,,,,0,0,1,0,0,,0,0,0,0
2025-10-13,down,traded,24792.5,24837.5,24801.25,180,180,180,1620,3420,573,0,1,10,4,0,0,0,29,3,10,16,-501,6505,1,1,29,-0.077017678708686,24793.75,24806.25,-15,-33,-22,,,-1,,,,-35,-6,-23.5376408565091,-40,-6,,,,-40,-6,,,,15,33,,,-15,3,-1.1,1249,4374,14590,14590,5117.2,0.833333333333333,-0.025540595529132,0.335946851002596,-189,-560,-1020,-1020,-831,-412,10.2787878787879,0.099999999999998,-1.17533082286959,0,0,0,0,0,0,0,0,0,0,-189,1249,530,719,24796.25,-8,-0.151321056845476,15,7,17.6140912589159,33.125,44.9375,1249,56.7727272727273,,0.017614091273018,56.7727272727273,-8.59090909090909,41,4,14590,-1020,0.609756097560976,-0.069910897875257,22,24.6666666666667,25.8843582110896,13.0213499897497,7.52218939759784,0,1,0,,-23.5376408565091,,,,,,,,0.012009607686149,0.079365079365079,56.7727272727273,-8.59090909090909,-0.151321056845476,0.092874299439552,3.32906325060048,-1028.4,18.2,-0.025540595529132,,,530,719,-189,0.424339471577262,56.7727272727273,1.76140912730184,0.012009607686149,12.0096076861489,0.012009607686149,0.151321056845476,0.079365079365079,0.012009607686149,56.7727272727273,8.59090909090909,3783,4302,-519,0.467903525046382,197.19512195122,0.507111935683364,0.002721088435374,2.72108843537415,0.002721088435374,0.064192949907236,0.042389210019268,0.002721088435374,197.19512195122,12.6585365853659,6785,7805,-1020,0.465044551062371,355.853658536585,0.281014393420151,0.001713502398903,1.71350239890336,0.001713502398903,0.069910897875257,0.024509803921569,0.001713502398903,355.853658536585,24.8780487804878,6785,7805,-1020,0.465044551062371,355.853658536585,0.281014393420151,0.001713502398903,1.71350239890336,0.001713502398903,0.069910897875257,0.024509803921569,0.001713502398903,355.853658536585,24.8780487804878,0,0,0,0.092874299439552,0.189655172413793,-3,-7.8,-3.5,-2.88333333333333,9.38083151964686,14.9184449591772,14.331201391835,-32,27,0.133333333333333,-1.01177839900158,2.31515151515151,-4.95390591800079,3.63349653746839,-18,11,0,-2,19,-2,-8,-5,2,5937.6,5117.2,3179.7,2188.66666666667,3456.83980537137,2703.28162794778,2141.68851065384,1126,12449,0.833333333333333,-0.025540595529132,141.660606060606,4795.03936395437,0.651715192056917,3125,3711,6505,12449,4135,2195,1826,1131,1279,-297.6,-317,-135.5,-89.4333333333333,192.005833244722,139.417359033945,200.369117713617,-501,259,0.066666666666667,-1.17533082286959,10.2787878787879,-273.342114628319,1.35727346846816,-371,41,-501,-431,-303,-33,-156,-75,-43,-43,-49,-31,-26,-32,-1,-41,-61,-33,-26,-1,-1,-41,-64,-26,-25,1,-1,-5,-65,20,-4,33,0,,,,,,,1,0,1,0,0,,0,0,0,0
2025-10-14,down,traded,24525,24642.5,24590,360,360,360,1440,3240,576,0,2,10,4,0,0,0,42,25,3,14,-210,5654,-4.6666666666657,1,42,-0.037141846480368,24525,24529.375,-60,-58,-66,,,-1,,,,-94,-52,-67.1017712769244,-94,-51,-317,-352,-160,-94,-51,-317,-338,-164,60,58,,,-60,-62,-1.1,839,1766,11641,11641,3319.7,0.716666666666667,-0.307873060995374,0.394925745487067,-75,24,-185,-185,-110,98,-13.5575757575758,-13.7,0.445855825226951,1,0,1,6,6,1,1,72,0,0,-75,839,382,457,24526.25,-2.5,-0.089392133492253,6,3,10.7270560062848,54.5714285714286,65.2857142857143,839,93.2222222222222,,0.01072705601907,93.2222222222222,-8.33333333333333,95,4,11641,-185,0.957894736842105,-0.015892105489219,61,34.3333333333333,60.5640157189069,27.178422814186,7.78888096369861,0,1,0,,-67.1017712769244,0,1,0,1,-317,-338,-164,0.00715137067938,0.08,93.2222222222222,-8.33333333333333,-0.089392133492253,0.222884386174017,0.804529201430274,-933.6,-30.4,0.307873060995374,1,-1,382,457,-75,0.455303933253874,93.2222222222222,1.07270560190703,0.00715137067938,7.15137067938022,0.00715137067938,0.089392133492253,0.08,0.00715137067938,93.2222222222222,8.33333333333333,3006,2981,25,0.502087857023551,72.1325301204819,1.38633706363788,0.010689827960581,10.6898279605813,0.010689827960581,0.004175714047102,2.56,0.010689827960581,72.1325301204819,0.301204819277108,5728,5913,-185,0.49205394725539,122.536842105263,0.816081092689631,0.007817197835238,7.81719783523752,0.007817197835238,0.015892105489219,0.491891891891892,0.007817197835238,122.536842105263,1.94736842105263,5728,5913,-185,0.49205394725539,122.536842105263,0.816081092689631,0.007817197835238,7.81719783523752,0.007817197835238,0.015892105489219,0.491891891891892,0.007817197835238,122.536842105263,1.94736842105263,0,0,0,0.222884386174017,0.048128342245989,-1.4,-1.1,-0.066666666666667,0.266666666666667,6.37495098020369,5.90677577024894,4.9121165386103,-10,8,0.683333333333333,0.420728346003646,-0.648484848484848,-1.50702888974452,-1.32711457199673,2,-8,0,-9,-7,0,-3,-4,6,4894.2,3319.7,1610.33333333333,1127.8,3902.96837804254,3185.69810402681,2219.52947466099,265,11927,0.716666666666667,-0.307873060995374,360.890909090909,3341.44730979681,0.277424694766882,927,4221,5654,11927,1534,767,639,339,750,25,50.9,60.6,41.6666666666667,157.283184097983,116.819904125966,86.1264961166616,-210,268,0.766666666666667,0.445855825226951,-13.5575757575758,36.7611713371392,2.69305890968664,99,1,-210,-33,76,47,-5,-23,58,-77,-91,-74,-73,-70,-1,-77,-96,-74,-77,-70,-1,-77,-102,-66,-61,-31,-1,-80,-180,16,-33,0,0,-300,-343,-245,-231,-166,-1,0,0,1,0,0,,0,0,0,0
2025-10-15,up,traded,24952.5,25003.75,24966.25,240,240,240,1560,3360,574,0,3,10,4,0,0,0,30,21,1,8,-393,4889,-4.6666666666657,1,30,-0.080384536715075,24952.5,24961.875,-18,-11,-13,,,-1,,,,-41,-11,-18.3402231231943,-41,-3,156,4,425,-41,-3,276,16,411,18,11,,,-18,-25,2.8,2304,4382,14883,14883,3244.8,0.716666666666667,-0.367422536736293,0.83358960907397,-328,-220,-615,-615,-287,80,2.64242424242424,-144.4,0.368078935573796,2,0,2,3.95833333333333,3.53916666666667,0.285714285714286,2,173,7,0,-328,2304,988,1316,24961.25,-0.5,-0.142361111111111,18,5,9.98263888455615,52,69.2631578947368,2304,100.173913043478,,0.009982638888889,100.173913043478,-14.2608695652174,45,5,14883,-615,0.888888888888889,-0.041322314049587,23,21,20.3224014329016,8.98262211161084,14.5989345121104,0,1,0,,-18.3402231231943,0,1,1,0,276,16,411,0.0078125,0.054878048780488,100.173913043478,-14.2608695652174,-0.142361111111111,0.096354166666667,3.27430555555556,-2014.5,-63.3,-0.367422536736293,-1,1,988,1316,-328,0.428819444444444,100.173913043478,0.998263888888889,0.0078125,7.8125,-0.0078125,0.142361111111111,0.054878048780488,0.0078125,100.173913043478,14.2608695652174,3128,3320,-192,0.485111662531017,189.647058823529,0.527295285359801,0.001861042183623,1.86104218362283,-0.001861042183623,0.029776674937965,0.0625,0.001861042183623,189.647058823529,5.64705882352941,7134,7749,-615,0.479338842975207,330.733333333333,0.302358395484781,0.002687630182087,2.68763018208695,-0.002687630182087,0.041322314049587,0.065040650406504,0.002687630182087,330.733333333333,13.6666666666667,7134,7749,-615,0.479338842975207,330.733333333333,0.302358395484781,0.002687630182087,2.68763018208695,-0.002687630182087,0.041322314049587,0.065040650406504,0.002687630182087,330.733333333333,13.6666666666667,0,0,0,0.096354166666667,0.103603603603604,-1.8,0.1,-3.4,-2.1,5.23067873224881,5.99082632030006,18.7946800983683,-73,28,0.866666666666667,0.553348072197458,0.236363636363636,0.568636589642885,12.310146985786,7,-2,-6,0,8,-3,-18,-5,-3,4663.6,3244.8,2872.8,1669.95,3213.81932286182,2695.01387009418,2163.17705239308,709,10739,0.716666666666667,-0.367422536736293,192.290909090909,3199.57743632047,0.649460762040412,2078,2066,3546,4889,2361,2044,2147,1181,346,69.6,68,18.4,11.15,330.696598107691,248.177355937241,243.426046264569,-762,635,0.8,0.368078935573796,2.64242424242424,59.137638178036,1.82624811080317,108,28,-30,-393,249,-66,-33,-75,-36,-42,-43,-36,-37,-48,-1,-42,-45,-36,-37,-47,-1,-42,-48,-34,-36,-47,-1,-42,-58,87,-1,13,0,38,7,206,21,12,1,1,0,1,0,0,,0,0,0,0
2025-10-17,up,traded,24786.25,24771.25,24700,240,240,240,1560,3360,574,0,5,10,4,0,0,1,57,24,28,5,-250,6424,-15.6666666666628,1,57,-0.038916562889166,24783.75,24770,18,30,25,,,1,,,,10,67,37.7740153843071,10,67,-38,-317,112,10,67,-228,-311,79,18,30,,,18,6,-0.3,1462,3858,18059,18059,3285.1,0.916666666666667,0.350193385667679,0.643316025697439,250,258,157,157,-93,39,3.01212121212121,-53.6,-0.143465406472322,1,1,0,4.4,4.4,1,1,110,0,0,250,1462,856,606,24761.25,-7,0.170998632010944,18,8,17.7838577169741,45.0526315789474,31.8947368421053,1462,56.2307692307692,,0.017783857729138,56.2307692307692,9.61538461538461,69,5,18059,157,0.550724637681159,0.00869372611994,26,33.75,43.1508980207828,15.0083310198036,10.1963501095027,1,0,0,,37.7740153843071,1,0,0,0,-228,-311,79,0.012311901504788,0.072,56.2307692307692,9.61538461538461,0.170998632010944,0.096443228454172,4.44596443228454,-1407.5,-51.5,-0.350193385667679,0,-0,856,606,250,0.585499316005472,56.2307692307692,1.77838577291382,0.012311901504788,12.311901504788,0.012311901504788,0.170998632010944,0.072,0.012311901504788,56.2307692307692,9.61538461538461,3756,3529,227,0.515579958819492,137.452830188679,0.727522306108442,0.003568977350721,3.56897735072066,0.003568977350721,0.031159917638984,0.114537444933921,0.003568977350721,137.452830188679,4.28301886792453,9108,8951,157,0.50434686305997,261.724637681159,0.382080956863614,0.002104213965336,2.10421396533584,0.002104213965336,0.00869372611994,0.24203821656051,0.002104213965336,261.724637681159,2.27536231884058,9108,8951,157,0.50434686305997,261.724637681159,0.382080956863614,0.002104213965336,2.10421396533584,0.002104213965336,0.00869372611994,0.24203821656051,0.002104213965336,261.724637681159,2.27536231884058,0,2,281,0.096443228454172,0.184397163120567,11,5.4,4.53333333333333,1.51666666666667,14.5189531303052,13.6102902246793,12.5770514120847,-18,37,0.8,0.593673860591226,1.57575757575758,7.32259917259758,1.63876237346243,12,-5,37,0,12,-8,-18,-4,1,4906.4,3285.1,1807.03333333333,1413.01666666667,2013.74482991267,2182.40241248034,1681.83264096706,483,7935,0.916666666666667,0.350193385667679,324.612121212121,3328.80099235011,0.719778684729496,2396,3427,4350,6424,1958,1346,933,571,1165,56.4,26.7,27.6333333333333,10.5166666666667,210.069131478187,160.302869593779,136.850644459165,-250,375,0.533333333333333,-0.143465406472322,3.01212121212121,27.7827232037427,0.287948734950586,8,-31,180,-250,60,-116,-55,-13,5,38,29,44,34,24,1,33,22,40,26,17,1,33,16,39,18,0,1,23,-41,197,3,-7,0,-233,-294,-21,-1,-25,-1,0,0,1,0,0,,0,0,0,0
2025-10-20,up,traded,25182.5,25176.25,25115,60,60,60,1740,3540,571,0,1,10,4,0,0,0,49,43,2,4,829,5509,15,1,49,0.150481031040116,25182.5,25178.75,7,,,,,1,,,,5,54,22,5,54,,,,5,54,,,,7,,,,7,,-1.6,836,6345,6345,6345,2380,0.983333333333333,2.7625182932794,0.531772787990586,146,975,975,975,829,1376,41.3090909090909,97.6,4.05141826516988,1,1,0,5.83333333333333,5.83333333333333,1,1,70,0,0,146,836,491,345,25181.25,2,0.174641148325359,7,3,11.96172247373,61.375,43.125,836,83.6,,0.011961722488038,83.6,14.6,56,2,6345,975,0.892857142857143,0.153664302600473,10,10,7,,7.91489453849864,1,0,0,,22,,,,,,,,0.008373205741627,0.047945205479452,83.6,14.6,0.174641148325359,0.196172248803828,1.74641148325359,1528.2,109.2,2.7625182932794,,,491,345,146,0.587320574162679,83.6,1.19617224880383,0.008373205741627,8.37320574162679,0.008373205741627,0.174641148325359,0.047945205479452,0.008373205741627,83.6,14.6,3660,2685,975,0.576832151300236,113.303571428571,0.882584712371946,0.007880220646178,7.88022064617809,0.007880220646178,0.153664302600473,0.051282051282051,0.007880220646178,113.303571428571,17.4107142857143,3660,2685,975,0.576832151300236,113.303571428571,0.882584712371946,0.007880220646178,7.88022064617809,0.007880220646178,0.153664302600473,0.051282051282051,0.007880220646178,113.303571428571,17.4107142857143,3660,2685,975,0.576832151300236,113.303571428571,0.882584712371946,0.007880220646178,7.88022064617809,0.007880220646178,0.153664302600473,0.051282051282051,0.007880220646178,113.303571428571,17.4107142857143,0,0,0,0.196172248803828,0.060975609756098,-0.2,-0.9,-0.533333333333333,-0.166666666666667,8.15843122174846,7.2034713853808,6.61681360038366,-14,14,0.6,0.080602744091568,0.090909090909091,-0.972074578372633,-0,0,-14,8,8,-8,-6,-8,-13,3,3545,2380,1290.53333333333,982.05,2682.78213800525,2247.18824311627,1527.03664512531,413,7863,0.983333333333333,2.7625182932794,568.254545454545,3050.73777925032,1.8057926962683,5509,7863,1915,1277,1984,1745,585,1574,935,125,37,5.06666666666667,-6.31666666666667,447.435358459744,341.042519343263,203.369111606349,-547,829,1,4.05141826516988,41.3090909090909,95.9722522648272,8.63791335971199,829,-547,289,89,-106,-151,-31,-236,33,34,33,48,34,28,1,34,31,43,34,28,1,34,31,50,34,28,1,68,38,105,34,28,1,,,,,,,0,0,1,0,0,,0,0,0,0
2025-10-22,down,traded,25191.25,25272.5,25213.75,240,240,240,1560,3360,574,0,3,10,4,0,0,0,47,39,5,3,-330,5120,-13.6666666666657,1,47,-0.064453125,25188.75,25193.75,-6,-23,-28,,,-1,,,,-67,-20,-26.5377682824997,-67,-4,-82,-128,-12,-67,-4,-98,-114,-26,6,23,,,-6,11,-0.7,844,3957,14418,14418,2558.5,0.966666666666667,1.32952424149065,0.515703287302945,-134,-675,-1020,-1020,-886,-440,-36.369696969697,-32.6,-3.58062519302339,1,0,1,4,4,1,1,112,0,0,-134,844,355,489,25190,-3,-0.158767772511848,6,2,9.47867297455134,50.7142857142857,69.8571428571429,844,105.5,,0.009478672985782,105.5,-16.75,67,5,14418,-1020,0.925373134328358,-0.070744902205576,8,14.5,19.3649167310371,7.79021822544144,8.94650769853802,0,1,0,,-26.5377682824997,0,1,0,1,-98,-114,-26,0.007109004739336,0.044776119402985,105.5,-16.75,-0.158767772511848,0.220379146919431,1.27014218009479,-903.7,-6.7,-1.32952424149065,1,-1,355,489,-134,0.420616113744076,105.5,0.947867298578199,0.007109004739336,7.10900473933649,0.007109004739336,0.158767772511848,0.044776119402985,0.007109004739336,105.5,16.75,2822,3598,-776,0.439563862928349,200.625,0.498442367601246,0.004361370716511,4.3613707165109,0.004361370716511,0.120872274143302,0.036082474226804,0.004361370716511,200.625,24.25,6699,7719,-1020,0.464627548897212,215.194029850746,0.464696906644472,0.004300180330143,4.30018033014288,0.004300180330143,0.070744902205576,0.06078431372549,0.004300180330143,215.194029850746,15.2238805970149,6699,7719,-1020,0.464627548897212,215.194029850746,0.464696906644472,0.004300180330143,4.30018033014288,0.004300180330143,0.070744902205576,0.06078431372549,0.004300180330143,215.194029850746,15.2238805970149,0,0,0,0.220379146919431,0.043010752688172,-6.6,-4.8,-0.933333333333333,-0.516666666666667,8.68562030024339,6.8381283989115,5.29108264493719,-17,9,0.016666666666667,-3.03655560588156,-0.654545454545454,-5.03765839554967,3.37458371830413,-17,-5,5,0,-4,-1,1,-1,0,3975.4,2558.5,1190.93333333333,775.5,1480.75691455417,1776.38189869183,1445.68004605291,199,6303,0.966666666666667,1.32952424149065,309.89696969697,2663.28072008879,1.16885913547116,3113,2463,2878,5120,1272,693,306,241,210,-255.8,-128.1,-38.5333333333333,-23.7333333333333,222.017476789554,205.75444102133,140.329311106253,-541,157,0.016666666666667,-3.58062519302339,-36.369696969697,-164.739688865446,3.2839688099804,-541,-101,86,-330,16,-11,-30,-35,-22,-68,-69,-62,-64,,-1,-68,-70,-60,-64,-58,-1,-68,-69,-55,-57,,-1,-68,-79,-31,-33,-21,-1,-102,-110,-53,-42,-19,-1,0,0,1,0,0,,0,0,0,0
2025-10-27,up,traded,25812.5,25857.5,25815,300,300,300,1500,3300,575,0,1,10,4,0,0,0,34,25,8,1,265,5221,6,1,34,0.050756560045968,25812.5,25817.5,-9,-28,-21,-28,,-1,,,,-36,-2,-23.8136617704411,-38,-2,,,,-38,-2,,,,9,28,28,,-9,10,-3.1,807,3011,10972,16193,3252,0.883333333333333,0.263614866427233,0.363292592342494,-255,-457,-574,-309,-54,-254,8.72727272727273,-11.5,-0.934147028323704,0,0,0,0,0,0,0,0,0,0,-255,807,276,531,25812.5,-4,-0.315985130111524,9,3,14.8698884574103,27.6,53.1,807,67.25,,0.014869888475836,67.25,-21.25,40,6,16193,-309,0.075,-0.019082319520781,12,14.2,23.2379000772445,8.75442745129572,6.20044801248713,0,1,0,-5.6,-23.8136617704411,,,,,,,,0.011152416356877,0.035294117647059,67.25,-21.25,-0.315985130111524,0.148698884758364,3.79182156133829,-765,-81,-0.263614866427233,,,276,531,-255,0.342007434944238,67.25,1.48698884758364,0.011152416356877,11.1524163568773,-0.011152416356877,0.315985130111524,0.035294117647059,0.011152416356877,67.25,21.25,2237,2642,-405,0.458495593359295,147.848484848485,0.676368108218897,0.004509120721459,4.50912072145932,-0.004509120721459,0.08300881328141,0.054320987654321,0.004509120721459,147.848484848485,12.2727272727273,5199,5773,-574,0.473842508202698,274.3,0.364564345607,0.002551950419249,2.551950419249,-0.002551950419249,0.052314983594604,0.048780487804878,0.002551950419249,274.3,14.35,7942,8251,-309,0.49045884023961,404.825,0.247020317421108,0.000185265238066,0.185265238065831,-0.000185265238066,0.019082319520781,0.009708737864078,0.000185265238066,404.825,7.725,0,0,0,0.148698884758364,0.1,-3.8,-3.7,-1.8,-0.916666666666667,8.79545337091841,6.81248853210044,4.66476151587624,-19,7,0.016666666666667,-3.68721958056394,-0.296969696969697,-4.21100311403391,4.51198906423962,-19,7,-7,0,0,-5,1,-3,6,3077.2,3252,1739.33333333333,1101.95,1200.43482122104,2313.41712624421,1762.67246595113,378,9463,0.883333333333333,0.263614866427233,25.5878787878788,2886.37275342253,0.763588139261152,2204,1868,2609,3484,9463,2269,786,561,1010,-10.8,-99.8,-64.4666666666667,-38.3833333333333,159.83916916701,235.695481501025,147.22878643647,-645,265,0.05,-0.934147028323704,8.72727272727273,-86.2998262850351,2.34067678575418,-202,52,-97,-72,-645,-135,70,-171,282,-12,-17,-6,-12,-6,-1,-13,-22,-11,-12,-6,-1,-18,-20,-11,-12,-6,-1,-18,-30,45,10,2,0,,,,,,,1,0,1,0,0,,0,0,0,0
2025-10-30,down,traded,26038.75,26127.5,26071.25,300,300,300,1500,3300,575,0,4,10,4,0,0,0,45,31,1,13,-109,6209,-6.3333333333343,1,45,-0.017555161861814,26038.75,26040,-4,-17,-24,-39,,-1,,,,-71,-26,-32.7567505059269,-71,-4,-194,-231,-9,-71,-4,-185,-209,-35,4,17,39,,-4,9,-3.7,801,3513,11887,18096,2823.6,0.933333333333333,0.66292740748149,0.375897508095171,-115,-555,-1067,-1176,-1061,-208,-67.3575757575758,-217.5,-1.88549019111311,0,0,0,0,0,0,0,0,0,0,-115,801,343,458,26040,0,-0.143570536828964,5,3,9.98751559302432,57.1666666666667,76.3333333333333,801,100.125,,0.009987515605493,100.125,-14.375,74,6,18096,-1176,0.945945945945946,-0.064986737400531,8,19,24.7184141886165,7.83326241102646,8.63609994281112,0,1,0,-7.8,-32.7567505059269,0,1,0,1,-185,-209,-35,0.006242197253433,0.043478260869565,100.125,-14.375,-0.143570536828964,0.242197253433208,1.14856429463171,-772.7,-99.1,-0.66292740748149,1,-1,343,458,-115,0.428214731585518,100.125,0.998751560549313,0.006242197253433,6.24219725343321,0.006242197253433,0.143570536828964,0.043478260869565,0.006242197253433,100.125,14.375,2698,3485,-787,0.436357755135048,193.21875,0.517548115801391,0.003719877082323,3.7198770823225,0.003719877082323,0.127284489729905,0.029224904701398,0.003719877082323,193.21875,24.59375,5410,6477,-1067,0.455119037604105,237.74,0.420627576343905,0.003280895095482,3.28089509548246,0.003280895095482,0.089761924791789,0.036551077788191,0.003280895095482,237.74,21.34,8460,9636,-1176,0.467506631299735,244.540540540541,0.408930150309461,0.003868258178603,3.86825817860301,0.003868258178603,0.064986737400531,0.05952380952381,0.003868258178603,244.540540540541,15.8918918918919,0,0,0,0.242197253433208,0.041237113402062,-7,-1.2,1.46666666666667,1.53333333333333,8.36660026534076,11.5741090369842,13.9969838020752,-21,40,0.15,-1.03355600543896,-1.74545454545455,-3.62271514315219,3.58846872754353,-13,-7,-19,4,20,2,-1,4,-11,3459,2823.6,1821.03333333333,1490.61666666667,1420.36122166159,1751.06688621537,1343.98828078555,780,6209,0.933333333333333,0.66292740748149,196.969696969697,2796.56107650999,0.96976247820215,2712,2670,2301,3403,5751,1387,923,1197,2084,-212.2,17.8,25.1666666666667,27.05,192.716787021785,302.06184797157,246.708611298611,-440,687,0.016666666666667,-1.88549019111311,-67.3575757575758,-87.1777836384429,5.04715744810439,-440,-232,-377,97,607,97,-45,-37,-336,-60,-68,-57,-60,-54,-1,-60,-66,-47,-52,-44,-1,-60,-75,-44,-50,-44,-1,-161,-215,-90,-50,-44,-1,-189,-211,-139,-121,-10,-1,0,0,1,0,0,,0,0,0,0
2026-03-13,down,traded,24613.75,24687.5,24636.25,360,360,360,1440,3240,576,0,5,3,1,0,0,0,41,18,16,7,203,4609,3,1,41,0.044044261228032,24613.75,24623.75,-16,-38,-41,-42,,-1,,,,-59,-18,-38.372076557143,-70,-4,46,-177,56,-70,-4,46,-162,46,16,38,42,,-16,6,-4.3,845,3239,8768,15910,2756.7,0.95,0.574924135837551,0.441449207219915,-189,-407,-328,-226,-37,-209,1.32727272727273,-82.5,-1.94291714017686,0,0,0,0,0,0,0,0,0,0,-189,845,328,517,24622.5,-1,-0.223668639053254,16,4,23.6686390252442,19.2941176470588,30.4117647058824,845,42.25,,0.023668639053254,42.25,-9.45,72,7,15910,-226,0.347222222222222,-0.014204902576996,20,25.2,27.4772633280682,8.62972897733308,9.42932777149157,0,1,0,-8.4,-38.372076557143,1,0,0,0,46,-162,46,0.018934911242604,0.084656084656085,42.25,-9.45,-0.223668639053254,0.112426035502959,4.47337278106509,-9.9,-20.9,-0.574924135837551,0,-0,328,517,-189,0.388165680473373,42.25,2.36686390532544,0.018934911242604,18.9349112426036,0.018934911242604,0.223668639053254,0.084656084656085,0.018934911242604,42.25,9.45,2270,2686,-416,0.458030669895077,95.3076923076923,1.04923325262308,0.008071025020178,8.07102502017756,0.008071025020178,0.083938660209847,0.096153846153846,0.008071025020178,95.3076923076923,8,4220,4548,-328,0.481295620437956,121.777777777778,0.821167883211679,0.004790145985401,4.79014598540146,0.004790145985401,0.037408759124088,0.128048780487805,0.004790145985401,121.777777777778,4.55555555555556,7842,8068,-226,0.492897548711502,220.972222222222,0.452545568824639,0.001571338780641,1.57133878064111,0.001571338780641,0.014204902576996,0.110619469026549,0.001571338780641,220.972222222222,3.13888888888889,0,0,0,0.112426035502959,0.210526315789474,-5.4,-2.7,-2.3,-1.08333333333333,8.40476055578028,6.98641538988343,6.53783858269179,-22,8,0.016666666666667,-3.01322826356613,-1.19393939393939,-4.83660311948761,4.54864694424848,-22,-3,1,-2,0,-13,-4,-14,7,2091.2,2756.7,1517.13333333333,1033.41666666667,391.49630905029,2074.02777464527,1525.18673683658,353,8322,0.95,0.574924135837551,-40.2727272727273,2392.73419312406,1.00052902110045,2394,1717,2274,1538,4609,1665,735,605,1171,-48,-36.1,-8.06666666666667,-4.75,111.647660074002,126.165328042216,108.050584861392,-218,272,0.016666666666667,-1.94291714017686,1.32727272727273,-42.8187842993921,5.09122347976364,-218,-9,122,-34,203,-131,-59,-65,125,-31,-49,-27,-25,-27,-1,-44,-53,-31,-30,-27,-1,-44,-57,-26,-26,-59,-1,-21,-53,65,2,39,0,6,-69,22,-1,27,0,1,0,1,0,0,,0,0,0,0
2026-03-16,up,traded,24926.25,24887.5,24837.5,300,300,300,1500,3300,575,0,1,3,1,0,0,0,40,5,14,21,8,3578,0.666666666665697,1,40,0.002235885969816,24927.5,24916.25,17,6,22,51,,1,,,,32,72,34.0984227129345,4,72,,,,4,72,,,,17,6,51,,17,28,-2.5,805,1932,6737,10315,2056.7,0.8,-0.050221600000911,0.549150692407395,121,-48,-67,-59,-180,-195,-14.9636363636364,-13.9,-1.68540748202969,1,1,0,3.8,3.8,1,1,76,0,0,121,805,463,342,24923.75,6,0.150310559006211,18,2,24.8447204660314,24.3684210526316,18,805,40.25,,0.024844720496894,40.25,6.05,73,6,10315,-59,0.63013698630137,-0.005719825496849,20,23,33.570820663189,11.0163514831363,7.75342218349778,1,0,0,10.2,34.0984227129345,,,,,,,,0.022360248447205,0.148760330578512,40.25,6.05,0.150310559006211,0.156521739130435,3.00621118012422,-538.6,-33.8,-0.050221600000911,,,463,342,121,0.575155279503106,40.25,2.48447204968944,0.022360248447205,22.360248447205,0.022360248447205,0.150310559006211,0.148760330578512,0.022360248447205,40.25,6.05,1643,1665,-22,0.496674727932285,110.266666666667,0.90689238210399,0.006348246674728,6.34824667472793,0.006348246674728,0.006650544135429,0.954545454545455,0.006348246674728,110.266666666667,0.733333333333333,3335,3402,-67,0.495027460293899,127.11320754717,0.786700311711444,0.007718569096037,7.71856909603681,0.007718569096037,0.009945079412201,0.776119402985075,0.007718569096037,127.11320754717,1.26415094339623,5128,5187,-59,0.497140087251575,141.301369863014,0.707707222491517,0.004459524963645,4.45952496364518,0.004459524963645,0.005719825496849,0.779661016949153,0.004459524963645,141.301369863014,0.808219178082192,0,1,126,0.156521739130435,0.158730158730159,6.8,4.5,1.66666666666667,0.3,11.0163514831363,8.20060973342836,6.70489042084623,-11,19,0.05,-1.88916833409904,0.321212121212121,4.17924655507872,-2.63205337493969,-11,16,10,19,0,2,5,1,-6,1902,2056.7,1184.33333333333,882.516666666667,871.657042649229,1605.79351412316,1141.60706413761,352,6369,0.8,-0.050221600000911,21.6424242424242,1825.86372654847,0.617242121420765,1127,1376,1569,1860,6369,1633,759,341,775,-36,-8.1,-22,-8.41666666666667,72.0361020600088,71.5184591556613,87.2192639271853,-255,135,0.066666666666667,-1.68540748202969,-14.9636363636364,-39.1323739659361,4.31867486871895,-169,26,-55,10,-93,-255,135,11,-59,46,43,50,45,39,1,46,38,50,38,31,1,29,24,44,30,41,1,166,60,219,30,52,1,,,,,,,0,0,1,0,0,,0,0,0,0
2026-03-17,up,traded,25030,25010,24965,120,120,120,1680,3480,572,0,2,3,1,0,0,0,36,1,6,29,-101,5167,8,1,36,-0.019547125991872,25030,25022.5,10,22,,,,1,,,,16,52,26.4589238845132,9,52,116,-4,158,9,52,133,22,133,10,22,,,10,-2,1.7,1006,3459,8626,8626,1793,0.933333333333333,1.37221776189633,0.852578499088944,202,331,230,230,28,230,17.2848484848485,-38.7,1.6169738159739,0,0,0,0,0,0,0,0,0,0,202,1006,604,402,25025,2,0.200795228628231,9,9,17.8926441174029,60.4,40.2,1006,55.8888888888889,,0.017892644135189,55.8888888888889,11.2222222222222,55,3,8626,230,0.418181818181818,0.026663575237654,18,23.5,15.6204993518133,1,6.6098411478643,1,0,0,,26.4589238845132,0,1,1,0,133,22,133,0.008946322067594,0.044554455445545,55.8888888888889,11.2222222222222,0.200795228628231,0.125248508946322,3.61431411530815,716.8,-2.8,1.37221776189633,1,-1,604,402,202,0.600397614314115,55.8888888888889,1.78926441351889,0.008946322067594,8.94632206759443,0.008946322067594,0.200795228628231,0.044554455445545,0.008946322067594,55.8888888888889,11.2222222222222,4428,4198,230,0.513331787618827,156.836363636364,0.637607233943891,0.002666357523765,2.66635752376536,0.002666357523765,0.026663575237654,0.1,0.002666357523765,156.836363636364,4.18181818181818,4428,4198,230,0.513331787618827,156.836363636364,0.637607233943891,0.002666357523765,2.66635752376536,0.002666357523765,0.026663575237654,0.1,0.002666357523765,156.836363636364,4.18181818181818,4428,4198,230,0.513331787618827,156.836363636364,0.637607233943891,0.002666357523765,2.66635752376536,0.002666357523765,0.026663575237654,0.1,0.002666357523765,156.836363636364,4.18181818181818,0,0,0,0.125248508946322,0.142857142857143,2.8,1.7,0.1,-0.383333333333333,5.03587132480567,6.24579858785088,6.27348919395472,-10,15,0.95,1.89687104450058,0.757575757575758,2.72916895184468,4.39694288324988,12,0,-3,3,1,8,-10,5,-2,2830.6,1793,894.733333333333,855.733333333333,1718.83141698073,1607.05090149628,1135.58263851157,177,5167,0.933333333333333,1.37221776189633,400.787878787879,2198.86923741796,1.11557338574642,2453,5167,4459,1243,579,634,395,616,126,59.8,16,-5.4,11.4,93.7451865430967,100.367325360398,83.1182290475441,-159,203,0.916666666666667,1.6169738159739,17.2848484848485,33.673158357492,3.83094447602652,129,-101,167,23,1,60,-11,54,6,24,9,28,9,30,1,24,4,50,9,30,1,24,4,76,9,10,1,152,127,225,24,10,1,108,66,120,77,18,1,2,0,1,0,0,,0,0,0,0
2026-03-18,up,traded,24975,24961.25,24920,420,420,420,1380,3180,577,0,3,3,1,0,0,0,33,4,26,3,178,5286,-9,1,33,0.033673855467272,24976.25,24966.25,13,15,25,28,,1,,,,12,45,31.4190124894842,9,57,-27,-113,24,9,57,-21,-98,14,13,15,28,,13,11,-0.6,810,2030,6255,16263,2141.4,0.866666666666667,0.142180617779942,0.573309268499841,136,170,229,619,483,-132,9.63636363636364,-42.3,0.179113725945472,0,0,0,0,0,0,0,0,0,0,136,810,473,337,24958.75,-6,0.167901234567901,13,3,19.7530863953666,33.7857142857143,24.0714285714286,810,50.625,,0.019753086419753,50.625,8.5,57,8,16263,619,0.666666666666667,0.038061858205743,16,16,19.94993734326,4.56696210375594,8.20359000004808,1,0,0,5.6,31.4190124894842,1,0,0,0,-21,-98,14,0.016049382716049,0.095588235294118,50.625,8.5,0.167901234567901,0.128395061728395,2.68641975308642,-98.5,-4.9,0.142180617779942,0,-0,473,337,136,0.583950617283951,50.625,1.97530864197531,0.016049382716049,16.0493827160494,0.016049382716049,0.167901234567901,0.095588235294118,0.016049382716049,50.625,8.5,2027,1691,336,0.545185583647122,116.1875,0.860677783754707,0.006724045185584,6.72404518558365,0.006724045185584,0.090371167294244,0.074404761904762,0.006724045185584,116.1875,10.5,3242,3013,229,0.518305355715428,152.560975609756,0.655475619504396,0.004476418864908,4.47641886490807,0.004476418864908,0.036610711430855,0.122270742358079,0.004476418864908,152.560975609756,5.58536585365854,8441,7822,619,0.519030929102872,285.315789473684,0.350488839697473,0.00233659226465,2.33659226464982,0.00233659226465,0.038061858205743,0.061389337641357,0.00233659226465,285.315789473684,10.859649122807,0,0,0,0.128395061728395,0.153846153846154,5,2.9,1.2,0.816666666666667,4.19523539268061,4.03608721412211,6.57469897916754,-18,18,0.683333333333333,0.121678574568184,0.733333333333333,3.35579469993866,0.595984015362012,2,10,3,0,4,3,0,-1,-9,1443.4,2141.4,1045.96666666667,686.366666666667,303.148544446448,1552.36201963331,1224.02994199035,142,5286,0.866666666666667,0.142180617779942,-110.557575757576,1726.02477191886,0.70682647193047,1220,1688,968,1569,2950,407,384,198,673,49.8,31,19.3,13.7333333333333,97.5426060754991,99.589156036187,82.0707621507197,-99,234,0.7,0.179113725945472,9.63636363636364,42.3431517958082,0.802963373250024,34,166,-78,-29,56,63,6,-4,-155,37,33,54,37,42,1,61,45,77,37,42,1,61,32,82,2,-1,1,-155,-186,0,8,-1,0,-23,-70,-10,-23,-1,-1,1,0,1,0,0,,0,0,0,0
2026-03-20,down,traded,24402.5,24491.25,24422.5,60,60,60,1740,3540,571,0,5,3,1,0,0,1,55,50,3,2,-316,5238,-17,1,55,-0.06032836960672,24401.25,24422.5,-19,,,,,-1,,,,-72,-17,-36,-72,-17,-139,-233,59,-72,-17,-139,-222,57,19,,,,-19,,-0.3,2773,8011,8011,8011,1888,1,3.64467716657047,2.08003600495068,-175,-491,-491,-491,-316,-196,-27.2,-20.3,-2.70730741524352,0,0,0,0,0,0,0,0,0,0,-175,2773,1299,1474,24445,18,-0.063108546700325,20,26,16.5885322695317,61.8571428571429,70.1904761904762,2773,60.2826086956522,,0.016588532275514,60.2826086956522,-3.80434782608696,78,2,8011,-491,0.884615384615385,-0.061290725252777,46,46,19,,8.8916940018324,0,1,0,,-36,1,0,0,0,-139,-222,57,0.00721240533718,0.114285714285714,60.2826086956522,-3.80434782608696,-0.063108546700325,0.077893977641544,2.90299314821493,1256,-44.6,-3.64467716657047,0,-0,1299,1474,-175,0.468445726649838,60.2826086956522,1.65885322755139,0.00721240533718,7.21240533717995,0.00721240533718,0.063108546700325,0.114285714285714,0.00721240533718,60.2826086956522,3.80434782608696,3760,4251,-491,0.469354637373611,102.705128205128,0.973661215828236,0.00861315690925,8.61315690924978,0.00861315690925,0.061290725252777,0.140529531568228,0.00861315690925,102.705128205128,6.29487179487179,3760,4251,-491,0.469354637373611,102.705128205128,0.973661215828236,0.00861315690925,8.61315690924978,0.00861315690925,0.061290725252777,0.140529531568228,0.00861315690925,102.705128205128,6.29487179487179,3760,4251,-491,0.469354637373611,102.705128205128,0.973661215828236,0.00861315690925,8.61315690924978,0.00861315690925,0.061290725252777,0.140529531568228,0.00861315690925,102.705128205128,6.29487179487179,0,2,386,0.077893977641544,0.212962962962963,-3,0.8,-0.566666666666667,0.516666666666667,6.6332495807108,7.99749960925288,11.0323262380253,-26,24,0.5,0.051364205013583,-0.848484848484849,-1.03817615984192,-0,0,-11,-4,8,19,-11,3,-2,21,2842,1888,1190.3,1556.58333333333,1924.11174311681,1678.47680949127,1110.57847238875,473,5238,1,3.64467716657047,462.727272727273,2469.55249958239,2.12103204968745,5238,5112,1751,1190,1547,1417,838,1109,1612,-153.6,-91.4,-23.3,11.8166666666667,107.179475647159,104.913488170016,108.114800096934,-316,182,0.033333333333333,-2.70730741524352,-27.2,-120.994842300091,2.61168157247777,-316,-120,-187,16,-133,-25,12,-9,366,-90,-99,-73,-73,-57,-1,-74,-97,-66,-55,-57,-1,-74,-82,-47,-48,-43,-1,-170,-201,-47,-10,5,-1,-55,-115,14,-9,-2,0,0,0,1,0,0,,0,0,0,0
2026-03-24,up,traded,24296.25,24285,24227.5,60,60,60,1740,3540,571,0,2,3,1,0,0,0,46,7,17,22,98,4628,4,1,46,0.021175453759723,24296.25,24271.25,26,,,,,1,,,,9,55,30,9,55,-82,-315,-10,9,55,-82,-311,-17,26,,,,26,,1.3,1286,5914,5914,5914,2560.2,0.983333333333333,1.83822241453447,0.787966054961551,140,238,238,238,98,373,-15.9757575757576,31.8,1.69270209426597,0,0,0,0,0,0,0,0,0,0,140,1286,713,573,24251.25,-16,0.108864696734059,25,19,34.214618946956,27.4230769230769,22.0384615384615,1286,29.2272727272727,,0.034214618973561,29.2272727272727,3.18181818181818,57,2,5914,238,0.578947368421053,0.040243490023673,44,44,26,,8.13913727341882,1,0,0,,30,0,1,0,1,-82,-311,-17,0.019440124416796,0.178571428571429,29.2272727272727,3.18181818181818,0.108864696734059,0.065318818040436,4.7900466562986,1485.5,8.5,-1.83822241453447,-1,1,713,573,140,0.55443234836703,29.2272727272727,3.42146189735614,0.019440124416796,19.4401244167963,0.019440124416796,0.108864696734059,0.178571428571429,0.019440124416796,29.2272727272727,3.18181818181818,3076,2838,238,0.520121745011836,103.754385964912,0.963814677037538,0.005579979709165,5.57997970916469,0.005579979709165,0.040243490023673,0.138655462184874,0.005579979709165,103.754385964912,4.17543859649123,3076,2838,238,0.520121745011836,103.754385964912,0.963814677037538,0.005579979709165,5.57997970916469,0.005579979709165,0.040243490023673,0.138655462184874,0.005579979709165,103.754385964912,4.17543859649123,3076,2838,238,0.520121745011836,103.754385964912,0.963814677037538,0.005579979709165,5.57997970916469,0.005579979709165,0.040243490023673,0.138655462184874,0.005579979709165,103.754385964912,4.17543859649123,0,1,84,0.065318818040436,0.523809523809524,-6,-5.6,-2.1,-1.35,3.5213633723318,4.96386945839634,6.8622153857191,-18,13,0.55,0.306023620938843,-0.16969696969697,-5.29396207777545,-0,0,-9,-8,-4,-10,-18,2,2,-12,3971,2560.2,1230.26666666667,889.266666666667,3269.33926046227,2721.64758188859,1848.37988399451,275,10093,0.983333333333333,1.83822241453447,633.866666666667,3265.49571392177,1.41724271150303,4628,10093,1992,1790,1685,1661,292,682,614,-138.6,-91.8,-61.6666666666667,-44.5666666666667,174.068492266694,143.749643477819,94.3265015193974,-392,98,1,1.69270209426597,-15.9757575757576,-104.219988385502,-0.940318661689977,98,-275,-392,-84,-47,-193,-48,46,-106,31,29,45,31,28,1,31,22,48,26,8,1,31,5,46,3,-4,1,31,-85,51,8,-3,0,-90,-243,-63,-70,-30,-1,1,0,1,0,0,,0,0,0,0
2026-03-25,up,traded,24493.75,24470,24426.25,360,360,360,1440,3240,576,0,3,3,1,0,0,0,35,19,12,4,218,4312,3.6666666666657,1,35,0.050556586270872,24495,24476.875,12,23,46,27,,1,,,,20,55,30.2966295226302,10,55,220,87,288,10,55,220,114,258,12,23,27,,12,1,3.6,1517,3182,7249,13632,2254.4,0.933333333333333,0.326267672210458,1.00924755505289,223,196,129,344,121,-116,-1.41818181818182,-41.7,-0.19455720347281,0,0,0,0,0,0,0,0,0,0,223,1517,870,647,24486.25,7.5,0.147000659195781,12,19,20.4350692020863,66.9230769230769,49.7692307692308,1517,48.9354838709677,,0.020435069215557,48.9354838709677,7.19354838709677,56,7,13632,344,0.910714285714286,0.025234741784038,31,24.2,33.8230690505755,12.7366487830285,7.61438696737228,1,0,0,5.4,30.2966295226302,0,1,1,0,220,114,258,0.007910349373764,0.053811659192825,48.9354838709677,7.19354838709677,0.147000659195781,0.062623599208965,4.55702043506922,-101.4,3.8,0.326267672210458,1,-1,870,647,223,0.573500329597891,48.9354838709677,2.0435069215557,0.007910349373764,7.91034937376401,0.007910349373764,0.147000659195781,0.053811659192825,0.007910349373764,48.9354838709677,7.19354838709677,2326,2041,285,0.532631096862835,92.9148936170213,1.07625372108999,0.010304556904053,10.3045569040531,0.010304556904053,0.06526219372567,0.157894736842105,0.010304556904053,92.9148936170213,6.06382978723404,3689,3560,129,0.508897779004001,142.137254901961,0.703545316595393,0.003724651676093,3.72465167609325,0.003724651676093,0.017795558008001,0.209302325581395,0.003724651676093,142.137254901961,2.52941176470588,6988,6644,344,0.512617370892019,243.428571428571,0.410798122065728,0.003741197183099,3.74119718309859,0.003741197183099,0.025234741784038,0.148255813953488,0.003741197183099,243.428571428571,6.14285714285714,0,0,0,0.062623599208965,0.326315789473684,4,3.5,0.366666666666667,-0.65,13.5646599662505,10.7633637864749,8.03526947622515,-18,23,0.966666666666667,1.32333251109939,0.793939393939394,4.08270899044337,2.69428950869345,11,23,-18,-1,0,-3,-10,-12,2,1560.6,2254.4,1215.73333333333,874.583333333333,298.972640888761,1980.18697097017,1376.9879915558,311,7465,0.933333333333333,0.326267672210458,-58.4242424242424,1888.40454872997,0.881696668820132,1665,1185,1495,1387,4312,1382,673,942,593,-19.4,5,-10.8,-14.6166666666667,80.0839559462443,90.9813167633883,83.2659994635666,-159,218,0.416666666666667,-0.19455720347281,-1.41818181818182,1.28857807220521,-20.953328775643,-27,89,-159,3,218,104,-77,-174,-65,40,39,51,41,,1,40,26,55,16,10,1,48,20,55,17,10,1,48,8,83,17,1,1,156,148,240,152,96,1,1,0,1,0,0,,0,0,0,0
2026-03-27,down,traded,23598.75,23665,23630,120,120,120,1680,3480,572,0,5,3,1,0,0,0,28,6,8,14,84,4264,0,1,28,0.019699812382739,23598.75,23605.625,-12,-39,,,,-1,,,,-53,-25,-31.9863166713214,-53,-12,-151,-515,-141,-53,-12,-151,-507,-146,12,39,,,-12,15,-4.2,793,3691,7955,7955,3127.4,0.966666666666667,0.647883761468108,0.388811257385208,-145,-493,-409,-409,-264,-432,-10.7151515151515,5,-2.27054190779246,0,0,0,0,0,0,0,0,0,0,-145,793,324,469,23602.5,-2.5,-0.182849936948298,13,4,21.4375787875945,23.1428571428571,33.5,793,46.6470588235294,,0.021437578814628,46.6470588235294,-8.52941176470588,56,3,7955,-409,0.803571428571429,-0.051414204902577,17,23,29.5465734053883,7.5,6.26498204307083,0,1,0,,-31.9863166713214,0,1,0,1,-151,-507,-146,0.016393442622951,0.089655172413793,46.6470588235294,-8.52941176470588,-0.182849936948298,0.150063051702396,3.10844892812106,424.2,-5.2,-0.647883761468108,1,-1,324,469,-145,0.408575031525851,46.6470588235294,2.1437578814628,0.016393442622951,16.3934426229508,0.016393442622951,0.182849936948298,0.089655172413793,0.016393442622951,46.6470588235294,8.52941176470588,3773,4182,-409,0.474292897548712,142.053571428571,0.703959773727216,0.005656819610308,5.65681961030798,0.005656819610308,0.051414204902577,0.110024449877751,0.005656819610308,142.053571428571,7.30357142857143,3773,4182,-409,0.474292897548712,142.053571428571,0.703959773727216,0.005656819610308,5.65681961030798,0.005656819610308,0.051414204902577,0.110024449877751,0.005656819610308,142.053571428571,7.30357142857143,3773,4182,-409,0.474292897548712,142.053571428571,0.703959773727216,0.005656819610308,5.65681961030798,0.005656819610308,0.051414204902577,0.110024449877751,0.005656819610308,142.053571428571,7.30357142857143,0,1,119,0.150063051702396,0.142857142857143,-7.4,-4.2,-1.73333333333333,-1.65,10.2293694820355,9.61041102138717,6.89895322172542,-27,11,0.016666666666667,-3.66239135918471,-1.1030303030303,-5.95058373468669,4.537369979791,-27,0,0,-8,4,-2,-4,-19,-1,4560.4,3127.4,1585.96666666667,1201.23333333333,3572.21716025216,2929.02827572559,2025.10606279166,457,11505,0.966666666666667,0.647883761468108,512.690909090909,3487.72255029526,0.830914718188999,2898,4264,11505,2452,1524,1028,472,1627,414,-152,-122.8,-43.3666666666667,-34.9666666666667,173.254725765273,147.436630455257,134.167677014829,-354,198,0.05,-2.27054190779246,-10.7151515151515,-126.532197524393,2.75028812277534,-348,84,-39,-354,-144,-116,-72,-615,24,-39,-48,-19,-8,2,-1,-6,-27,17,1,-17,0,-7,-30,9,-6,4,0,-34,-210,17,-6,4,0,-401,-507,-235,-152,-148,-1,2,1,0,0,0,,0,0,0,0
2026-03-31,up,traded,23442.5,23428.75,23378.75,240,240,240,1560,3360,574,0,2,3,1,0,0,0,40,28,9,3,632,4532,7.3333333333343,1,40,0.139452780229479,23443.75,23430.625,16,43,8,,,1,,,,12,52,24.0652833394008,0,52,246,-76,335,0,52,246,-73,325,16,43,,,16,-11,2.7,909,2718,11897,11897,2660.3,0.85,0.150078040622936,0.462948815889992,269,550,1125,1125,856,494,15.0121212121212,-91.5,1.05267804260471,0,0,0,0,0,0,0,0,0,0,269,909,589,320,23422.5,-6.5,0.295929592959296,14,11,27.5027502447715,39.2666666666667,21.3333333333333,909,36.36,,0.027502750275028,36.36,10.76,54,5,11897,1125,0.907407407407407,0.094561654198537,25,31.5,48.7749935930288,23.8156986040721,9.37016542009798,1,0,0,,24.0652833394008,1,0,0,0,246,-73,325,0.015401540154015,0.052044609665428,36.36,10.76,0.295929592959296,0.083608360836084,7.3982398239824,-1224.3,-106.7,0.150078040622936,0,-0,589,320,269,0.647964796479648,36.36,2.75027502750275,0.015401540154015,15.4015401540154,0.015401540154015,0.295929592959296,0.052044609665428,0.015401540154015,36.36,10.76,2547,2210,337,0.535421484128653,93.2745098039216,1.07210426739542,0.001471515661131,1.47151566113096,0.001471515661131,0.070842968257305,0.020771513353116,0.001471515661131,93.2745098039216,6.6078431372549,6511,5386,1125,0.547280827099269,220.314814814815,0.45389594015298,0.00411868538287,4.11868538286963,0.00411868538287,0.094561654198537,0.043555555555556,0.00411868538287,220.314814814815,20.8333333333333,6511,5386,1125,0.547280827099269,220.314814814815,0.45389594015298,0.00411868538287,4.11868538286963,0.00411868538287,0.094561654198537,0.043555555555556,0.00411868538287,220.314814814815,20.8333333333333,0,0,0,0.083608360836084,0.328947368421053,0.2,1.3,2.8,0.416666666666667,20.682359633272,16.3220709470337,12.0066648158429,-35,27,1,2.01554722907463,-0.745454545454545,1.37606671672977,19.6211416726696,27,-35,13,0,-16,9,0,6,-8,3534.4,2660.3,1621.46666666667,1239.96666666667,1843.18361537857,1602.34965285358,1249.57210631835,442,6684,0.85,0.150078040622936,122.224242424242,2539.52290565901,0.712338524676768,1809,2039,2608,4532,2480,1267,543,781,653,249.6,151.3,90.1333333333333,29.6666666666667,279.375446308368,231.664434042,181.315329988639,-213,632,0.933333333333333,1.05267804260471,15.0121212121212,156.541385708553,1.79505246314328,281,-213,156,632,-94,223,-59,91,-77,39,35,47,39,,1,47,36,53,39,59,1,35,27,55,18,4,1,75,23,145,30,4,1,91,-24,198,31,1,0,0,0,1,0,0,,0,0,0,0
2026-04-01,up,traded,24157.5,24101.25,24055,240,240,240,1560,3360,574,0,3,4,2,0,0,0,37,4,10,23,-355,4745,3,1,37,-0.074815595363541,24157.5,24151.25,11,25,69,,,1,,,,45,82,50.9344837370038,9,91,198,145,624,9,91,198,168,614,11,25,,,11,-3,6.4,913,3436,13836,13836,4017,0.883333333333333,0.133723399661574,0.318868418754911,201,208,-54,-54,-255,-237,-3.38181818181818,109.8,0.131629765373955,0,0,0,0,0,0,0,0,0,0,201,913,557,356,24150,-1,0.220153340635268,12,6,19.7152245129077,42.8461538461538,27.3846153846154,913,50.7222222222222,,0.019715224534502,50.7222222222222,11.1666666666667,95,5,13836,-54,0.578947368421053,-0.003902862098873,18,30,48.5077313425396,19.2532464794902,9.87567156647531,1,0,0,,50.9344837370038,0,1,1,0,198,168,614,0.013143483023001,0.059701492537313,50.7222222222222,11.1666666666667,0.220153340635268,0.228915662650602,3.96276013143483,-2650.3,99.7,0.133723399661574,1,-1,557,356,201,0.610076670317634,50.7222222222222,1.97152245345016,0.013143483023001,13.1434830230011,0.013143483023001,0.220153340635268,0.059701492537313,0.013143483023001,50.7222222222222,11.1666666666667,3344,2892,452,0.536241180243746,84.2702702702703,1.18665811417575,0.011064785118666,11.0647851186658,0.011064785118666,0.072482360487492,0.152654867256637,0.011064785118666,84.2702702702703,6.10810810810811,6891,6945,-54,0.498048568950564,145.642105263158,0.686614628505348,0.003975137322926,3.9751373229257,0.003975137322926,0.003902862098873,1.01851851851852,0.003975137322926,145.642105263158,0.568421052631579,6891,6945,-54,0.498048568950564,145.642105263158,0.686614628505348,0.003975137322926,3.9751373229257,0.003975137322926,0.003902862098873,1.01851851851852,0.003975137322926,145.642105263158,0.568421052631579,0,2,348,0.228915662650602,0.086124401913876,10.4,5.3,2.16666666666667,1.25,18.4780951399218,15.6144164156077,11.3961494471695,-22,44,0.933333333333333,1.03836242128892,2.38181818181818,7.96232330295602,1.75828077651689,14,44,-10,0,-3,1,-4,4,6,5545,4017,2183.36666666667,1470.05,4695.43731722616,3659.48012701258,2539.81976372778,542,14802,0.883333333333333,0.133723399661574,145.357575757576,3720.83530716348,0.678073548469784,2523,2800,2855,4745,2855,1758,808,881,448,-89.4,-42.4,-13.3,-10.4833333333333,202.639186733465,183.905519221148,154.22043746966,-373,265,0.616666666666667,0.131629765373955,-3.38181818181818,-36.3189199467399,-0.192737008982239,7,244,-151,-355,-49,-12,-8,-91,-6,56,50,67,56,67,1,75,53,82,56,67,1,72,34,95,19,3,1,65,23,164,1,-16,1,282,146,508,190,153,1,0,0,1,0,0,,0,0,0,0
2026-04-06,up,traded,24341.25,24330,24263.75,60,60,60,1740,3540,571,0,1,4,2,0,0,0,53,51,0,2,189,4503,17.6666666666657,1,53,0.041972018654231,24341.25,24332.5,9,,,,,1,,,,9,62,26.6666666666657,9,62,,,,9,62,,,,9,,,,9,,,776,5279,5279,5279,4503,1,,0.172329558072396,154,343,343,343,189,,,,,0,0,0,0,0,0,0,0,0,0,154,776,465,311,24328.75,-3,0.198453608247423,9,7,20.6185566744606,46.5,31.1,776,48.5,,0.020618556701031,48.5,9.625,63,2,5279,343,0.952380952380952,0.064974426974806,16,16,9,,,1,0,0,,26.6666666666657,,,,,,,,0.01159793814433,0.058441558441558,48.5,9.625,0.198453608247423,0.115979381443299,3.17525773195876,,,,,,465,311,154,0.599226804123711,48.5,2.06185567010309,0.01159793814433,11.5979381443299,0.01159793814433,0.198453608247423,0.058441558441558,0.01159793814433,48.5,9.625,2811,2468,343,0.532487213487403,83.7936507936508,1.19340784239439,0.011365788975185,11.3657889751847,0.011365788975185,0.064974426974806,0.174927113702624,0.011365788975185,83.7936507936508,5.44444444444444,2811,2468,343,0.532487213487403,83.7936507936508,1.19340784239439,0.011365788975185,11.3657889751847,0.011365788975185,0.064974426974806,0.174927113702624,0.011365788975185,83.7936507936508,5.44444444444444,2811,2468,343,0.532487213487403,83.7936507936508,1.19340784239439,0.011365788975185,11.3657889751847,0.011365788975185,0.064974426974806,0.174927113702624,0.011365788975185,83.7936507936508,5.44444444444444,0,0,0,0.115979381443299,0.177777777777778,0,0,0,0,,,,0,0,1,,,0,,0,,,,,,,,,4503,4503,4503,4503,,,,4503,4503,1,,,4503,1,4503,,,,,,,,,189,189,189,189,,,,189,189,1,,,189,1,189,,,,,,,,,47,37,62,39,32,1,47,29,53,27,31,1,27,11,46,13,7,1,27,-13,151,5,1,0,,,,,,,0,0,1,0,0,,0,0,0,0
2026-04-08,down,traded,25157.5,25250,25178.75,60,60,60,1740,3540,571,0,3,4,2,0,0,0,57,12,40,5,-207,6707,-15.6666666666657,1,57,-0.030863277173103,25157.5,25175,-22,,,,,-1,,,,-74,-17,-37.6666666666657,-74,-17,630,621,972,-74,-17,842,630,967,22,,,,-22,,1,2442,9149,9149,9149,2676.9,0.983333333333333,2.72885215017537,1.0469228955435,-142,-349,-349,-349,-207,-270,-12.3818181818182,-43.8,-1.55926310857967,1,0,1,3,3,1,1,93,0,0,-142,2442,1150,1292,25166.25,-7,-0.058149058149058,22,10,13.104013098647,50,56.1739130434783,2442,76.3125,,0.013104013104013,76.3125,-4.4375,76,2,9149,-349,0.447368421052632,-0.038146245491311,32,32,22,,18.0930926046378,0,1,0,,-37.6666666666657,0,1,1,0,842,630,967,0.009009009009009,0.154929577464789,76.3125,-4.4375,-0.058149058149058,0.128173628173628,1.86076986076986,1777,-30.6,2.72885215017537,-1,1,1150,1292,-142,0.470925470925471,76.3125,1.31040131040131,0.009009009009009,9.00900900900901,0.009009009009009,0.058149058149058,0.154929577464789,0.009009009009009,76.3125,4.4375,4400,4749,-349,0.480926877254345,120.381578947368,0.830691878893868,0.00371625314242,3.71625314241994,0.00371625314242,0.038146245491311,0.097421203438395,0.00371625314242,120.381578947368,4.59210526315789,4400,4749,-349,0.480926877254345,120.381578947368,0.830691878893868,0.00371625314242,3.71625314241994,0.00371625314242,0.038146245491311,0.097421203438395,0.00371625314242,120.381578947368,4.59210526315789,4400,4749,-349,0.480926877254345,120.381578947368,0.830691878893868,0.00371625314242,3.71625314241994,0.00371625314242,0.038146245491311,0.097421203438395,0.00371625314242,120.381578947368,4.59210526315789,0,2,600,0.128173628173628,0.10223642172524,4.8,4.6,4.1,3.63333333333333,11.1067547015319,9.55196314900764,15.1621238617814,-14,69,0.483333333333333,-0.270410665245568,0.290909090909091,5.23287470559255,0,0,23,-1,-9,13,21,13,-1,-4,3855.8,2676.9,1750.6,1529.65,2990.05628040677,2427.21525415444,1816.29481087185,380,8223,0.983333333333333,2.72885215017537,592.660606060606,3511.42716208863,1.91004958679269,6707,8223,1742,1347,1932,1916,807,766,802,-79,-45.1,-6.73333333333333,-4.21666666666667,109.209889662063,97.4837935248726,128.436737561944,-207,497,0.066666666666667,-1.55926310857967,-12.3818181818182,-58.1597354941736,3.55916336690935,-207,63,-204,-49,48,94,175,12,-48,-41,-57,-36,-33,-36,-1,-54,-62,-40,-33,-36,-1,-31,-50,-25,-30,-17,-1,-22,-72,89,-3,19,0,753,714,873,726,627,1,0,0,1,0,0,,0,0,0,0
2026-04-09,down,traded,25063.75,25103.75,25068.75,60,60,60,1740,3540,571,0,4,4,2,0,0,0,28,4,18,6,-216,5034,-5.3333333333343,1,28,-0.042908224076281,25065,25068.125,-9,,,,,-1,,,,-31,-3,-14.3333333333343,-31,-3,-12,-148,110,-31,-3,-96,-96,99,9,,,,-9,,1,803,5837,5837,5837,2570.7,0.983333333333333,1.92172644132781,0.44909258689634,-135,-351,-351,-351,-216,-1252,50.4545454545455,-51.7,-1.24564852199323,0,0,0,0,0,0,0,0,0,0,-135,803,334,469,25071.25,2.5,-0.168119551681196,9,4,16.1892901417319,33.4,46.9,803,61.7692307692308,,0.016189290161893,61.7692307692308,-10.3846153846154,35,2,5837,-351,0.371428571428571,-0.060133630289532,13,13,9,,6.26462732774708,0,1,0,,-14.3333333333343,1,0,0,0,-96,-96,99,0.01120797011208,0.066666666666667,61.7692307692308,-10.3846153846154,-0.168119551681196,0.216687422166874,2.18555417185554,1682.1,-6.1,1.92172644132781,0,-0,334,469,-135,0.415940224159402,61.7692307692308,1.61892901618929,0.01120797011208,11.2079701120797,0.01120797011208,0.168119551681196,0.066666666666667,0.01120797011208,61.7692307692308,10.3846153846154,2743,3094,-351,0.469933184855234,166.771428571429,0.599623094055165,0.002227171492205,2.2271714922049,0.002227171492205,0.060133630289532,0.037037037037037,0.002227171492205,166.771428571429,10.0285714285714,2743,3094,-351,0.469933184855234,166.771428571429,0.599623094055165,0.002227171492205,2.2271714922049,0.002227171492205,0.060133630289532,0.037037037037037,0.002227171492205,166.771428571429,10.0285714285714,2743,3094,-351,0.469933184855234,166.771428571429,0.599623094055165,0.002227171492205,2.2271714922049,0.002227171492205,0.060133630289532,0.037037037037037,0.002227171492205,166.771428571429,10.0285714285714,0,1,174,0.216687422166874,0.074712643678161,6.8,2.9,2.7,1.78333333333333,8.28009661779378,8.23953882204581,7.18864845897104,-13,23,0.516666666666667,-0.375592159695965,1.35151515151515,4.73307573389858,0,0,23,2,5,-2,8,-4,16,-6,3953,2570.7,1525.66666666667,1189.43333333333,3494.00120206047,2840.39726270816,1825.61537265901,529,10350,0.983333333333333,1.92172644132781,648.878787878788,3350.54709381285,1.50244120110887,5034,10350,1873,1419,1766,1793,794,1074,1262,261.4,110.7,72.2,53.9333333333333,419.790709759042,339.894410074658,231.365425247594,-216,1036,0.016666666666667,-1.24564852199323,50.4545454545455,163.712153105137,-1.31938891464755,-216,1036,37,235,72,295,-154,122,108,14,-4,21,-5,2,0,14,10,29,-5,2,1,19,13,30,15,1,1,28,13,50,28,0,1,-12,-41,58,2,-42,0,1,0,1,0,0,,0,0,0,0
2026-04-14,up,traded,25732.5,25708.75,25656.25,300,300,300,1500,3300,575,0,2,4,2,0,0,0,42,27,15,0,105,5413,4,1,42,0.019397746166636,25733.75,25727.5,12,11,22,35,,1,,,,20,62,26.2781501794292,5,62,156,146,459,5,62,156,154,441,12,11,35,,12,13,-0.6,944,3259,10300,15713,3210.5,0.916666666666667,0.320765553432962,0.414507772020725,336,223,648,753,417,-181,-8.06666666666666,5.3,-0.831239689179851,0,0,0,0,0,0,0,0,0,0,336,944,640,304,25722.5,-4,0.355932203389831,12,4,16.9491525244183,49.2307692307692,23.3846153846154,944,59,,0.016949152542373,59,21,65,6,15713,753,0.953846153846154,0.047922102717495,16,16.2,22.248595461287,7.07106781186548,8.54166260162505,1,0,0,7,26.2781501794292,0,1,1,0,156,154,441,0.01271186440678,0.035714285714286,59,21,0.355932203389831,0.120762711864407,5.69491525423729,-709.6,-74,0.320765553432962,1,-1,640,304,336,0.677966101694915,59,1.69491525423729,0.01271186440678,12.7118644067797,0.01271186440678,0.355932203389831,0.035714285714286,0.01271186440678,59,21,2725,2434,291,0.528203140143439,184.25,0.542740841248304,0.004458228338825,4.45822833882535,0.004458228338825,0.056406280286877,0.079037800687285,0.004458228338825,184.25,10.3928571428571,5474,4826,648,0.531456310679612,234.090909090909,0.427184466019417,0.003398058252427,3.39805825242718,0.003398058252427,0.062912621359223,0.054012345679012,0.003398058252427,234.090909090909,14.7272727272727,8233,7480,753,0.523961051358747,241.738461538462,0.413670209380768,0.003945777381786,3.94577738178578,0.003945777381786,0.047922102717495,0.082337317397078,0.003945777381786,241.738461538462,11.5846153846154,0,0,0,0.120762711864407,0.140350877192982,4.6,3.6,2.5,1.61666666666667,7.00285656000464,6.16765757804371,7.10281634283191,-4,31,0.433333333333333,-0.492762283447208,-0.157575757575758,3.62474608504802,-0.275881393216748,-1,11,-2,15,-2,4,5,-2,-3,2953.8,3210.5,1724.73333333333,1096.13333333333,1262.17295169878,2281.15235133474,1840.18096815383,280,9349,0.916666666666667,0.320765553432962,11.8,2856.00446048874,0.810572963742446,2315,1900,2341,2800,9349,2005,483,470,267,83.4,48.7,58.4666666666667,37.9666666666667,162.634067771793,175.687819725785,206.278247897241,-321,879,0.083333333333333,-0.831239689179851,-8.06666666666666,48.5267743639696,-2.32861140022323,-113,68,-15,372,-321,203,67,-18,-53,55,48,61,45,48,1,50,45,56,51,58,1,50,43,55,50,11,1,50,34,113,50,11,1,335,260,455,152,162,1,0,0,1,0,0,,0,0,0,0
2026-04-16,down,traded,26382.5,26453.75,26388.75,60,60,60,1740,3540,571,0,4,4,2,0,0,0,52,35,11,6,-366,6638,-13.3333333333343,1,52,-0.055137089484785,26383.75,26391.875,-10,,,,,-1,,,,-56,-4,-23.3333333333343,-56,-4,15,5,321,-56,-4,15,11,315,10,,,,-10,,-0.3,844,7482,7482,7482,3084.4,0.983333333333333,2.48087478930204,0.420926637075458,-174,-540,-540,-540,-366,-286,-28.969696969697,-131.6,-2.29746207090883,0,0,0,0,0,0,0,0,0,0,-174,844,335,509,26395,2.5,-0.206161137440758,10,5,17.7725118272838,30.4545454545455,46.2727272727273,844,56.2666666666667,,0.017772511848341,56.2666666666667,-11.6,57,2,7482,-540,0.789473684210526,-0.072173215717723,15,15,10,,8.82395728810052,0,1,0,,-23.3333333333343,0,1,1,0,15,11,315,0.011848341232228,0.057471264367816,56.2666666666667,-11.6,-0.206161137440758,0.150473933649289,3.09241706161137,1961.1,-83.3,2.48087478930204,-1,1,335,509,-174,0.396919431279621,56.2666666666667,1.77725118483412,0.011848341232228,11.8483412322275,0.011848341232228,0.206161137440758,0.057471264367816,0.011848341232228,56.2666666666667,11.6,3471,4011,-540,0.463913392141139,131.263157894737,0.761828388131516,0.006014434643144,6.01443464314354,0.006014434643144,0.072173215717723,0.083333333333333,0.006014434643144,131.263157894737,9.47368421052632,3471,4011,-540,0.463913392141139,131.263157894737,0.761828388131516,0.006014434643144,6.01443464314354,0.006014434643144,0.072173215717723,0.083333333333333,0.006014434643144,131.263157894737,9.47368421052632,3471,4011,-540,0.463913392141139,131.263157894737,0.761828388131516,0.006014434643144,6.01443464314354,0.006014434643144,0.072173215717723,0.083333333333333,0.006014434643144,131.263157894737,9.47368421052632,0,0,0,0.150473933649289,0.118110236220472,0.2,1,0.666666666666667,0.816666666666667,4.1182520563948,4.75394572960189,5.18544972870135,-8,12,0.433333333333333,-0.128564869306645,0,0.881360425796835,0,0,-4,2,7,7,12,-5,2,0,4572.8,3084.4,1623.7,1175.66666666667,3560.82009655079,2949.34705316278,2021.18221428285,418,10600,0.983333333333333,2.48087478930204,734.30303030303,3928.51851945618,1.68969548371097,6638,10600,2647,1693,2437,2330,1369,622,1363,-85.6,-4,22.0333333333333,34.1333333333333,164.01536513388,172.615758260942,168.896513351289,-366,557,0.016666666666667,-2.29746207090883,-28.969696969697,-51.2462669263469,7.14198364001868,-366,-80,-67,149,89,224,-89,36,45,-32,-38,-21,-27,-10,-1,-32,-35,-20,-27,-10,-1,-32,-33,-17,-22,-13,-1,-21,-57,-13,-12,-3,-1,151,99,279,12,18,1,0,0,1,0,0,,0,0,0,0
2026-04-17,down,traded,26650,26721.25,26667.5,180,180,180,1620,3420,573,0,5,4,2,0,0,1,43,3,23,17,-497,7819,-3,1,43,-0.063563115487914,26648.75,26665,-27,-31,-32,,,-1,,,,-58,-15,-33.6088898546528,-58,-9,131,67,298,-58,-9,202,92,274,27,31,,,-27,-23,-0.5,910,3342,14716,14716,2967.6,0.95,0.540228045762305,0.476589504556405,-218,-302,-1094,-1094,-876,211,-28.2060606060606,53.6,0.013376044191261,0,0,0,0,0,0,0,0,0,0,-218,910,346,564,26670,4,-0.23956043956044,26,0,28.5714285400314,12.8148148148148,20.8888888888889,910,35,,0.028571428571429,35,-8.38461538461539,58,4,14716,-1094,0.603448275862069,-0.074340853492797,27,30.3333333333333,27.3130005674953,11.6141675934562,9.33862944976403,0,1,0,,-33.6088898546528,0,1,1,0,202,92,274,0.028571428571429,0.119266055045872,35,-8.38461538461539,-0.23956043956044,0.079120879120879,6.22857142857143,-227.3,80.7,0.540228045762305,-1,1,346,564,-218,0.38021978021978,35,2.85714285714286,0.028571428571429,28.5714285714286,0.028571428571429,0.23956043956044,0.119266055045872,0.028571428571429,35,8.38461538461539,3150,3747,-597,0.456720313179643,121,0.826446280991736,0.00449470784399,4.49470784399014,0.00449470784399,0.086559373640713,0.051926298157454,0.00449470784399,121,10.4736842105263,6811,7905,-1094,0.462829573253602,253.724137931034,0.394128839358521,0.002378363685784,2.37836368578418,0.002378363685784,0.074340853492797,0.03199268738574,0.002378363685784,253.724137931034,18.8620689655172,6811,7905,-1094,0.462829573253602,253.724137931034,0.394128839358521,0.002378363685784,2.37836368578418,0.002378363685784,0.074340853492797,0.03199268738574,0.002378363685784,253.724137931034,18.8620689655172,0,0,0,0.079120879120879,0.361111111111111,-2,-0.4,0.566666666666667,0.266666666666667,2.60768096208106,5.37028863283902,4.55838665416712,-11,10,0.233333333333333,-1.00181643487658,-0.23030303030303,-0.775731723460303,5.15642183892805,-4,-1,0,-6,5,2,3,0,-1,4513,2967.6,1500.86666666667,1071.2,2374.20849968995,2296.06847458868,1723.59310227856,366,7819,0.95,0.540228045762305,444.957575757576,3211.99544446213,0.75716172144424,2432,3555,7819,6826,1316,768,688,1106,1077,-379.4,-243.2,-86.4666666666667,-46.6333333333333,236.369710411465,228.43108369922,184.409279110955,-772,250,0.25,0.013376044191261,-28.2060606060606,-244.881621151253,0.343022884302602,-84,-295,-497,-772,-14,-170,44,22,-7,-109,-125,-48,-34,-50,-1,-113,-127,-59,-34,-37,-1,-52,-112,-26,8,0,-1,136,-47,164,24,0,0,132,108,217,123,72,1,0,0,1,0,0,,0,0,0,0
2026-04-21,down,traded,26765,26827.5,26772.5,60,60,60,1740,3540,571,0,2,4,2,0,0,0,44,28,15,1,-1001,5767,-14,1,44,-0.17357378186232,26765,26770,-7,,,,,-1,,,,-50,-6,-21,-50,-6,15,-51,157,-50,-6,15,-28,127,7,,,,-7,,-0.9,1082,6849,6849,6849,2330.8,0.983333333333333,2.69271986229784,0.735329097149071,-274,-1275,-1275,-1275,-1001,-671,-59.0181818181818,-228.4,-4.7709677575397,1,0,1,15.375,15.375,1,1,123,0,0,-274,1082,404,678,26770,0,-0.253234750462107,6,6,11.0905730026889,57.7142857142857,96.8571428571429,1082,90.1666666666667,,0.011090573012939,90.1666666666667,-22.8333333333333,52,2,6849,-1275,0.673076923076923,-0.186158563293912,12,12,7,,7.1802971154867,0,1,0,,-21,1,0,0,0,15,-28,127,0.00554528650647,0.021897810218978,90.1666666666667,-22.8333333333333,-0.253234750462107,0.144177449168207,3.03881700554529,1800.2,-218.4,2.69271986229784,0,-0,404,678,-274,0.373382624768946,90.1666666666667,1.1090573012939,0.00554528650647,5.5452865064695,0.00554528650647,0.253234750462107,0.021897810218978,0.00554528650647,90.1666666666667,22.8333333333333,2787,4062,-1275,0.406920718353044,131.711538461538,0.759234924806541,0.005110235070813,5.11023507081326,0.005110235070813,0.186158563293912,0.027450980392157,0.005110235070813,131.711538461538,24.5192307692308,2787,4062,-1275,0.406920718353044,131.711538461538,0.759234924806541,0.005110235070813,5.11023507081326,0.005110235070813,0.186158563293912,0.027450980392157,0.005110235070813,131.711538461538,24.5192307692308,2787,4062,-1275,0.406920718353044,131.711538461538,0.759234924806541,0.005110235070813,5.11023507081326,0.005110235070813,0.186158563293912,0.027450980392157,0.005110235070813,131.711538461538,24.5192307692308,0,0,0,0.144177449168207,0.076923076923077,3.4,2.5,0.533333333333333,0.083333333333333,2.65329983228432,4.08044115262063,3.79239004088744,-7,11,0.566666666666667,-0.140632510786926,0.139393939393939,2.07538034152539,0,0,2,8,3,-2,-7,0,-2,6,3571,2330.8,1140.56666666667,745.416666666667,3190.33095461897,2578.46352698657,1718.12649288565,208,8792,0.983333333333333,2.69271986229784,608.278787878788,3061.01074692895,1.88401821384845,5767,8792,1589,1090,1343,1233,530,390,632,-261.4,-150,-61.6333333333333,-30.6166666666667,399.960298029692,305.836557657844,196.892268907531,-1001,190,0.016666666666667,-4.7709677575397,-59.0181818181818,-236.022859954812,4.24111461148995,-1001,-330,145,-94,-65,-35,-20,-92,126,-38,-41,-36,-38,,-1,-38,-42,-36,-38,-45,-1,-38,-57,-34,-38,-66,-1,-40,-68,-27,-39,0,-1,28,11,90,7,-10,1,0,0,1,0,0,,0,0,0,0
2026-04-22,up,traded,26851.25,26893.75,26852.5,120,120,120,1680,3480,572,0,3,4,2,0,0,0,33,10,10,13,-343,5083,-2.33333333333721,1,33,-0.067479834743262,26851.25,26858.125,-12,-14,,,,-1,,,,-34,-1,-15.1014268281258,-34,-1,167,-28,239,-34,-1,119,-8,222,12,14,,,-12,-10,-1.1,1173,3192,8275,8275,2638.4,0.816666666666667,-0.078984907776592,0.4521625163827,-229,-212,-555,-555,-326,360,35.1878787878788,-57,0.304561640297817,1,0,1,7.83333333333333,7.83333333333333,1,1,94,0,0,-229,1173,472,701,26861.25,2.5,-0.195225916453538,12,1,11.0826939376959,36.3076923076923,53.9230769230769,1173,90.2307692307692,,0.011082693947144,90.2307692307692,-17.6153846153846,35,3,8275,-555,0.685714285714286,-0.067069486404834,13,15.5,12.1655250605964,5,10.8502944148483,0,1,0,,-15.1014268281258,1,0,0,0,119,-8,222,0.010230179028133,0.052401746724891,90.2307692307692,-17.6153846153846,-0.195225916453538,0.142369991474851,2.53793691389599,428.4,-23.6,-0.078984907776592,0,-0,472,701,-229,0.402387041773231,90.2307692307692,1.10826939471441,0.010230179028133,10.230179028133,-0.010230179028133,0.195225916453538,0.052401746724891,0.010230179028133,90.2307692307692,17.6153846153846,3860,4415,-555,0.466465256797583,236.428571428571,0.422960725075529,0.002900302114804,2.90030211480363,-0.002900302114804,0.067069486404834,0.043243243243243,0.002900302114804,236.428571428571,15.8571428571429,3860,4415,-555,0.466465256797583,236.428571428571,0.422960725075529,0.002900302114804,2.90030211480363,-0.002900302114804,0.067069486404834,0.043243243243243,0.002900302114804,236.428571428571,15.8571428571429,3860,4415,-555,0.466465256797583,236.428571428571,0.422960725075529,0.002900302114804,2.90030211480363,-0.002900302114804,0.067069486404834,0.043243243243243,0.002900302114804,236.428571428571,15.8571428571429,0,0,0,0.142369991474851,0.077844311377246,4.2,2.5,-3.86666666666667,-1.21666666666667,6.8818602136341,6.87386354243376,13.6497456223754,-44,14,0.4,0.136754685274627,0.660606060606061,2.30610173288289,-0.867264427879239,-2,0,14,11,-1,-7,-35,4,1,3889.4,2638.4,2155.36666666667,1532.4,2823.58641447362,2375.0594182041,1726.4901676201,506,8918,0.816666666666667,-0.078984907776592,437.369696969697,3108.93898700485,0.649417697947525,2019,5083,8918,2017,1035,1725,2112,693,950,127,14.8,-59.2333333333333,-26.4,441.126285773133,334.509730800167,250.305104933071,-569,962,0.633333333333333,0.304561640297817,35.1878787878788,44.0484040323141,0.385939068020007,17,-343,962,71,-83,-1,-322,71,84,-17,-22,0,1,7,0,-17,-23,12,1,5,0,-17,-19,14,2,-6,0,17,-10,39,2,-9,0,105,37,152,8,3,1,1,1,0,0,0,,0,0,0,0
2026-04-24,up,traded,27243.75,27223.75,27176.25,240,240,240,1560,3360,574,0,5,4,2,0,0,0,38,18,11,9,-934,6998,-6.6666666666657,1,38,-0.133466704772792,27243.75,27231.25,14,29,28,,,1,,,,16,54,33.6865231780102,10,54,253,70,449,10,54,253,79,440,14,29,,,14,-1,4.5,1287,2965,15086,15086,2700.2,0.883333333333333,0.084179232491086,0.690432123601835,173,309,-542,-542,-715,189,-8.88484848484848,258.8,0.84537619384047,0,0,0,0,0,0,0,0,0,0,173,1287,730,557,27231.25,0,0.134421134421134,15,5,15.5400155279409,45.625,34.8125,1287,64.35,,0.015540015540016,64.35,8.65,54,5,15086,-542,0.5,-0.035927349860798,20,24,26.6645832519468,7.15454401062709,9.43922077763249,1,0,0,,33.6865231780102,0,1,1,0,253,79,440,0.011655011655012,0.086705202312139,64.35,8.65,0.134421134421134,0.096348096348096,2.68842268842269,-1499.7,300.5,0.084179232491086,1,-1,730,557,173,0.567210567210567,64.35,1.55400155400155,0.011655011655012,11.6550116550117,0.011655011655012,0.134421134421134,0.086705202312139,0.011655011655012,64.35,8.65,2633,2377,256,0.525548902195609,125.25,0.798403193612774,0.005588822355289,5.58882235528942,0.005588822355289,0.051097804391218,0.109375,0.005588822355289,125.25,6.4,7272,7814,-542,0.482036325069601,279.37037037037,0.357947766140793,0.001789738830704,1.78973883070396,0.001789738830704,0.035927349860798,0.049815498154982,0.001789738830704,279.37037037037,10.037037037037,7272,7814,-542,0.482036325069601,279.37037037037,0.357947766140793,0.001789738830704,1.78973883070396,0.001789738830704,0.035927349860798,0.049815498154982,0.001789738830704,279.37037037037,10.037037037037,0,0,0,0.096348096348096,0.161290322580645,4.6,5,1.33333333333333,1.4,9.72830920561225,7.46993975879324,8.96784378890613,-20,17,0.966666666666667,1.52396350654249,0.678787878787879,5.66845483940569,2.64622378143048,15,-1,17,0,10,2,-9,-12,0,4099.8,2700.2,1547,1071.06666666667,2293.12000558191,2150.02092082845,1556.20330719779,321,6998,0.883333333333333,0.084179232491086,246.521212121212,2684.56945617525,0.625053673370281,1678,2045,3078,6998,1685,952,693,619,691,-328.2,-162,-102.666666666667,-44.6666666666667,496.196896403031,392.126000158112,282.320070526738,-934,167,0.933333333333333,0.84537619384047,-8.88484848484848,-145.061089513265,-0.937536043995889,136,-53,136,-934,133,-18,-163,-193,121,-7,-11,19,3,-3,0,-1,-11,11,-1,13,0,3,-17,11,-1,11,0,-33,-96,116,-1,11,0,255,142,341,86,71,1,3,1,0,0,0,,0,0,0,0
2026-04-27,down,traded,27355,27435,27363.75,360,360,360,1440,3240,576,0,1,4,2,0,0,0,57,25,19,13,-358,6458,-10.3333333333343,1,57,-0.05543511923196,27356.25,27363.75,-13,-11,-18,-24,,-1,,,,-63,-6,-22.3118750633788,-63,-4,,,,-63,-4,,,,13,11,24,,-13,-15,-1.6,874,2915,8170,17309,3077.4,0.916666666666667,0.21399423175355,0.406171577284134,-198,-321,-504,-879,-681,56,10.4484848484848,65,-0.446871141403672,1,0,1,3.26315789473684,3.26315789473684,1,1,124,0,0,-198,874,338,536,27360,-3,-0.226544622425629,14,2,18.3066361346606,22.5333333333333,35.7333333333333,874,54.625,,0.018306636155606,54.625,-12.375,65,7,17309,-879,0.676923076923077,-0.050782829741753,16,17.4,18.3575597506858,6.79256129077161,9.73219171387183,0,1,0,-4.8,-22.3118750633788,,,,,,,,0.016018306636156,0.070707070707071,54.625,-12.375,-0.226544622425629,0.157894736842105,3.62471395881007,-185.7,-35.9,-0.21399423175355,,,338,536,-198,0.386727688787185,54.625,1.83066361556064,0.016018306636156,16.0183066361556,0.016018306636156,0.226544622425629,0.070707070707071,0.016018306636156,54.625,12.375,1941,2441,-500,0.44294842537654,190.521739130435,0.524874486535828,0.004107713372889,4.10771337288909,0.004107713372889,0.114103149246919,0.036,0.004107713372889,190.521739130435,21.7391304347826,3833,4337,-504,0.469155446756426,240.294117647059,0.416156670746634,0.003059975520196,3.05997552019584,0.003059975520196,0.061689106487148,0.049603174603175,0.003059975520196,240.294117647059,14.8235294117647,8215,9094,-879,0.474608585129124,266.292307692308,0.375527182390664,0.002542030157721,2.54203015772142,0.002542030157721,0.050782829741753,0.050056882821388,0.002542030157721,266.292307692308,13.5230769230769,0,2,275,0.157894736842105,0.115942028985507,-1.2,-0.5,0.466666666666667,0.183333333333333,5.67097875150313,4.45533388198909,4.60965171015001,-9,14,0.733333333333333,0.332635398452573,-0.539393939393939,-0.886369761579502,-2.25639466359505,2,-7,-9,3,0,-6,-1,-9,-2,1995.4,3077.4,1637.53333333333,1134.56666666667,404.202226614352,2637.50504075348,1885.40907556483,382,9728,0.916666666666667,0.21399423175355,-125.963636363636,2548.32959455604,0.800916806193422,2041,1467,1744,2044,6458,2374,772,805,339,-64.6,-153.8,-52.0666666666667,-34.8333333333333,75.3673669435254,185.201403882368,158.733305333891,-608,361,0.183333333333333,-0.446871141403672,10.4484848484848,-112.568108310239,1.09267182194277,-123,-179,28,-32,-358,-118,-120,-163,-27,-48,-51,-37,-35,-44,-1,-49,-52,-34,-31,-27,-1,-49,-55,-35,-34,-37,-1,-49,-99,-19,-30,-1,-1,,,,,,,0,0,1,0,0,,0,0,0,0
2026-04-29,down,traded,27147.5,27218.75,27151.25,60,60,60,1740,3540,571,0,3,4,2,0,0,0,54,42,9,3,-614,5790,-16,1,54,-0.106044905008636,27147.5,27148.125,-6,,,,,-1,,,,-57,-3,-22,-57,-3,-18,-84,110,-57,-3,-18,-67,98,6,,,,-6,,-1.3,806,6596,6596,6596,2517.1,0.983333333333333,2.92745754070599,0.526178352265309,-88,-702,-702,-702,-614,-135,-29.7393939393939,-223.6,-3.49636403044275,1,0,1,3.12820512820513,3.12820512820513,1,1,122,0,0,-88,806,359,447,27150,1.5,-0.109181141439206,6,5,13.6476426629682,51.2857142857143,63.8571428571429,806,73.2727272727273,,0.013647642679901,73.2727272727273,-8,62,2,6596,-702,0.774193548387097,-0.106428138265616,11,11,6,,8.75398322035302,0,1,0,,-22,1,0,0,0,-18,-67,98,0.007444168734491,0.068181818181818,73.2727272727273,-8,-0.109181141439206,0.212158808933002,1.20099255583127,1540.5,-187.1,-2.92745754070599,0,-0,359,447,-88,0.445409429280397,73.2727272727273,1.36476426799007,0.007444168734491,7.44416873449131,0.007444168734491,0.109181141439206,0.068181818181818,0.007444168734491,73.2727272727273,8,2947,3649,-702,0.446785930867192,106.387096774194,0.939963614311704,0.007277137659187,7.27713765918739,0.007277137659187,0.106428138265616,0.068376068376068,0.007277137659187,106.387096774194,11.3225806451613,2947,3649,-702,0.446785930867192,106.387096774194,0.939963614311704,0.007277137659187,7.27713765918739,0.007277137659187,0.106428138265616,0.068376068376068,0.007277137659187,106.387096774194,11.3225806451613,2947,3649,-702,0.446785930867192,106.387096774194,0.939963614311704,0.007277137659187,7.27713765918739,0.007277137659187,0.106428138265616,0.068376068376068,0.007277137659187,106.387096774194,11.3225806451613,0,1,171,0.212158808933002,0.064327485380117,-0.2,-1.1,-0.466666666666667,-0.3,5.34415568635495,4.6357307945997,4.03099105542159,-9,8,0.566666666666667,0.115769710289734,0.2,-0.711699856341392,-0,0,-9,7,-2,3,5,8,0,-2,3571.4,2517.1,1224.8,954.183333333333,2567.61146593483,2137.44578644699,1559.44191726827,276,7461,0.983333333333333,2.92745754070599,551.121212121212,3109.32776187186,1.86213884267844,5790,7461,1992,1592,2077,1614,720,497,688,-154.2,-116.3,-54.7333333333333,-32.8166666666667,328.385383353157,246.814120341604,159.956646904369,-614,214,0.016666666666667,-3.49636403044275,-29.7393939393939,-166.608471595143,3.68528679317109,-614,-479,214,52,103,-72,124,9,18,-52,-57,-46,-51,-61,-1,-52,-70,-42,-51,-61,-1,-50,-71,-45,-51,-40,-1,-76,-99,-52,-57,-103,-1,-19,-67,60,-19,-2,0,0,0,1,0,0,,0,0,0,0
2026-04-30,down,traded,27360,27492.5,27422.5,180,180,180,1620,3420,573,0,4,4,2,0,0,0,56,43,2,11,-568,6340,-11.3333333333372,1,56,-0.089589905362776,27360,27388.125,-33,-23,-61,,,-1,,,,-106,-50,-53.4877350460418,-106,-21,18,15,188,-106,-21,164,18,170,33,23,,,-33,-43,-2.9,3414,6229,16337,16337,2747.3,0.95,0.95153797675396,1.95213997769963,-378,-311,-1183,-1183,-805,371,-32.0909090909091,-126.9,0.098902343880682,0,0,0,0,0,0,0,0,0,0,-378,3414,1518,1896,27366.25,-17.5,-0.110720562390158,33,16,14.3526654908164,44.6470588235294,55.7647058823529,3414,69.6734693877551,,0.014352665495021,69.6734693877551,-7.71428571428571,108,4,16337,-1183,0.962962962962963,-0.07241231560262,49,38.3333333333333,51.31276644267,21.5458168149231,11.7541482039321,0,1,0,,-53.4877350460418,0,1,1,0,164,18,170,0.009666080843585,0.087301587301587,69.6734693877551,-7.71428571428571,-0.110720562390158,0.052138254247217,5.42530755711775,-90.8,-166.2,0.95153797675396,-1,1,1518,1896,-378,0.444639718804921,69.6734693877551,1.43526654950205,0.009666080843585,9.66608084358524,0.009666080843585,0.110720562390158,0.087301587301587,0.009666080843585,69.6734693877551,7.71428571428571,4691,5306,-615,0.469240772231669,147.014705882353,0.680204061218366,0.006201860558167,6.20186055816745,0.006201860558167,0.061518455536661,0.100813008130081,0.006201860558167,147.014705882353,9.04411764705882,7577,8760,-1183,0.46379384219869,151.268518518519,0.661076084960519,0.006365917855175,6.36591785517537,0.006365917855175,0.07241231560262,0.087912087912088,0.006365917855175,151.268518518519,10.9537037037037,7577,8760,-1183,0.46379384219869,151.268518518519,0.661076084960519,0.006365917855175,6.36591785517537,0.006365917855175,0.07241231560262,0.087912087912088,0.006365917855175,151.268518518519,10.9537037037037,0,2,355,0.052138254247217,0.275280898876405,-1,1.9,0.533333333333333,0.266666666666667,24.1163844719726,17.4496418301351,11.0203851515675,-38,35,0.983333333333333,0.859014139385154,-1.42424242424242,-0.337334007611766,-29.6442095204018,10,-38,0,35,4,8,5,-8,-9,4213.6,2747.3,1409.33333333333,1114.31666666667,1674.73587171231,1897.49988405797,1477.25755672086,347,6340,0.95,0.95153797675396,420.490909090909,3024.77816930244,0.930646759014789,2815,3768,6340,5984,1412,883,525,1153,903,84.4,108.1,43.2666666666667,49.25,525.277298195915,375.052383008027,239.967349630921,-568,962,0.65,0.098902343880682,-32.0909090909091,46.760129205365,1.43284462935814,67,-304,-568,962,100,27,17,-217,-53,-113,-118,-110,-112,-104,-1,-115,-124,-107,-115,-104,-1,-116,-132,-106,-115,-88,-1,-116,-162,34,-1,15,0,116,66,160,45,28,1,0,0,1,0,0,,0,0,0,0
2026-05-01,up,traded,27671.25,27666.25,27618.75,60,60,60,1740,3540,571,0,5,5,2,0,1,0,38,26,0,12,256,5714,12.6666666666657,1,38,0.044802240112006,27671.25,27665.625,4,,,,,1,,,,4,42,16.6666666666657,4,42,74,39,406,4,42,74,59,403,4,,,,4,,-1.6,797,6511,6511,6511,3153.1,0.983333333333333,1.92943924135052,0.393444241496767,233,489,489,489,256,390,30.7939393939394,45.2,1.84107083886606,1,1,0,3,3,1,1,93,0,0,233,797,515,282,27668.75,2.5,0.292346298619824,4,7,13.8017565698849,103,56.4,797,72.4545454545455,,0.013801756587202,72.4545454545455,21.1818181818182,43,2,6511,489,0.697674418604651,0.075103670711104,11,11,4,,8.09396208430842,1,0,0,,16.6666666666657,0,1,1,0,74,59,403,0.005018820577164,0.017167381974249,72.4545454545455,21.1818181818182,0.292346298619824,0.14930991217064,3.21580928481807,1834.2,-7.00000000000001,1.92943924135052,1,-1,515,282,233,0.646173149309912,72.4545454545455,1.3801756587202,0.005018820577164,5.01882057716437,0.005018820577164,0.292346298619824,0.017167381974249,0.005018820577164,72.4545454545455,21.1818181818182,3500,3011,489,0.537551835355552,151.418604651163,0.660420826293964,0.00460758716019,4.60758716019045,0.00460758716019,0.075103670711104,0.061349693251534,0.00460758716019,151.418604651163,11.3720930232558,3500,3011,489,0.537551835355552,151.418604651163,0.660420826293964,0.00460758716019,4.60758716019045,0.00460758716019,0.075103670711104,0.061349693251534,0.00460758716019,151.418604651163,11.3720930232558,3500,3011,489,0.537551835355552,151.418604651163,0.660420826293964,0.00460758716019,4.60758716019045,0.00460758716019,0.075103670711104,0.061349693251534,0.00460758716019,151.418604651163,11.3720930232558,0,0,0,0.14930991217064,0.092436974789916,-1.2,-0.8,-0.166666666666667,0.25,6.43117407632541,6.53911308970873,6.89000886953146,-22,10,0.483333333333333,0.024189615691743,-0.509090909090909,-1.76195785502481,-0,0,-8,-7,10,-11,-22,-8,-6,7,4558.2,3153.1,1532.06666666667,1106.06666666667,3910.54075033108,3110.61574129625,2167.43458084027,335,11752,0.983333333333333,1.92943924135052,666.078787878788,3891.32800380761,1.46839330799381,5714,11752,2073,1666,1922,2745,777,1125,1161,138.6,13.3,17.3333333333333,23.4,146.223937848767,189.409107489582,129.634700429922,-336,275,0.983333333333333,1.84107083886606,30.7939393939394,53.7794368153475,4.76018372745292,256,-134,275,144,-336,-167,-59,-69,85,38,34,50,30,55,1,48,34,55,30,33,1,48,28,61,38,31,1,55,22,75,34,7,1,217,171,395,55,46,1,0,0,1,0,0,,0,0,0,0
2026-05-04,down,traded,27822.5,27875,27837.5,60,60,60,1740,3540,571,0,1,5,2,0,0,0,30,11,16,3,120,6092,-8,1,30,0.019697964543664,27823.75,27835.625,-14,,,,,-1,,,,-41,-11,-22,-41,-11,,,,-41,-11,,,,14,,,,-14,,0,2217,8309,8309,8309,2584.5,0.983333333333333,2.77275950305251,1.33917245545153,-161,-41,-41,-41,120,28,31.7878787878788,17,1.22423802288497,1,0,1,3.23076923076923,3.23076923076923,1,1,84,0,0,-161,2217,1028,1189,27852.5,13.5,-0.072620658547587,15,26,18.4934596217891,64.25,74.3125,2217,54.0731707317073,,0.018493459630131,54.0731707317073,-3.92682926829268,52,2,8309,-41,0.480769230769231,-0.00493440847274,41,41,14,,5.39845656955146,0,1,0,,-22,,,,,,,,0.006765899864682,0.093167701863354,54.0731707317073,-3.92682926829268,-0.072620658547587,0.066756878664862,2.97744700045106,1756.4,29,2.77275950305251,,,1028,1189,-161,0.463689670726207,54.0731707317073,1.84934596301308,0.006765899864682,6.765899864682,0.006765899864682,0.072620658547587,0.093167701863354,0.006765899864682,54.0731707317073,3.92682926829268,4134,4175,-41,0.49753279576363,159.788461538462,0.62582741605488,0.00300878565411,3.00878565411,0.00300878565411,0.00493440847274,0.609756097560976,0.00300878565411,159.788461538462,0.788461538461538,4134,4175,-41,0.49753279576363,159.788461538462,0.62582741605488,0.00300878565411,3.00878565411,0.00300878565411,0.00493440847274,0.609756097560976,0.00300878565411,159.788461538462,0.788461538461538,4134,4175,-41,0.49753279576363,159.788461538462,0.62582741605488,0.00300878565411,3.00878565411,0.00300878565411,0.00493440847274,0.609756097560976,0.00300878565411,159.788461538462,0.788461538461538,0,3,427,0.066756878664862,0.277027027027027,1,-2.4,-1.43333333333333,0.216666666666667,4.24264068711928,7.77431669023072,5.84627136634016,-14,11,0.5,0.245170510145275,1.06666666666667,-0.783006853285449,-0,0,7,-6,1,-12,-3,1,-4,-1,3720.8,2584.5,1314.56666666667,990.6,3110.99587913581,2481.4039272154,1722.98871505945,374,8680,0.983333333333333,2.77275950305251,564.357575757576,3257.80661718526,1.86996980356786,6092,8680,1686,992,1732,2117,390,1323,733,13.2,-75.3,-55.9,-14.4333333333333,110.790613320804,178.579982080859,143.681209627425,-469,163,0.916666666666667,1.22423802288497,31.7878787878788,-23.1264843958947,-5.18885611603386,120,92,-192,50,-344,65,-6,39,-53,-25,-27,-20,-21,,-1,-20,-30,1,-1,-7,0,-21,-38,-7,-1,-6,-1,-21,-75,14,2,26,0,,,,,,,2,1,0,0,0,,0,0,0,0
2026-05-05,down,traded,27975,28023.75,27986.25,60,60,60,1740,3540,571,0,2,5,2,0,0,0,30,12,16,2,170,5972,-0.666666666665697,1,30,0.0284661754856,27975,27988.125,-23,,,,,-1,,,,-39,-9,-23.6666666666657,-39,-9,155,27,289,-39,-9,107,57,258,23,,,,-23,,-0.1,1287,7259,7259,7259,1872.3,1,3.97913713012045,1.01306675062972,-171,-1,-1,-1,170,-108,47.8606060606061,13.7,1.52062519244773,0,0,0,0,0,0,0,0,0,0,-171,1287,558,729,27988.75,0.5,-0.132867132867133,23,4,20.9790209627203,23.25,30.375,1287,47.6666666666667,,0.020979020979021,47.6666666666667,-6.33333333333333,42,2,7259,-1,0.261904761904762,-0.000137760022042,27,27,23,,5.68467726045688,0,1,0,,-23.6666666666657,0,1,1,0,107,57,258,0.017871017871018,0.134502923976608,47.6666666666667,-6.33333333333333,-0.132867132867133,0.087801087801088,3.58741258741259,1521.9,64.9,3.97913713012045,-1,1,558,729,-171,0.433566433566434,47.6666666666667,2.0979020979021,0.017871017871018,17.8710178710179,0.017871017871018,0.132867132867133,0.134502923976608,0.017871017871018,47.6666666666667,6.33333333333333,3629,3630,-1,0.499931119988979,172.833333333333,0.578592092574735,0.001515360242458,1.51536024245764,0.001515360242458,0.000137760022042,11,0.001515360242458,172.833333333333,0.023809523809524,3629,3630,-1,0.499931119988979,172.833333333333,0.578592092574735,0.001515360242458,1.51536024245764,0.001515360242458,0.000137760022042,11,0.001515360242458,172.833333333333,0.023809523809524,3629,3630,-1,0.499931119988979,172.833333333333,0.578592092574735,0.001515360242458,1.51536024245764,0.001515360242458,0.000137760022042,11,0.001515360242458,172.833333333333,0.023809523809524,0,0,0,0.087801087801088,0.238938053097345,4.6,1.4,-0.033333333333333,0.266666666666667,3.38230690505755,5.02394267483219,6.09635592428424,-21,12,0.566666666666667,0.005467747248902,0.812121212121212,2.04356405479047,0,0,8,7,7,-4,-21,-3,3,1,2684.2,1872.3,974.933333333333,814.466666666667,2300.62916611956,1822.1348495652,1255.81665151495,245,5972,1,3.97913713012045,438.793939393939,2447.47480316107,2.44006597832459,5972,4932,1324,729,1206,1795,546,492,417,150.2,38.7,1.33333333333333,5.8,126.608688485427,154.428656667084,110.919289976491,-171,278,0.933333333333333,1.52062519244773,47.8606060606061,95.2615314869328,1.78456085417144,170,278,276,85,38,-125,-30,68,33,-12,-15,-5,-12,,-1,-12,-20,-7,-3,-4,-1,-12,-15,-2,-3,-17,-1,-12,-27,108,-3,3,0,166,91,227,61,36,1,3,0,1,0,0,,0,0,0,0
2026-05-06,up,traded,28430,28392.5,28336.25,240,240,240,1560,3360,574,0,3,5,2,0,0,0,45,35,2,8,-269,7483,-9.6666666666657,1,45,-0.035948149138046,28430,28416.25,15,8,35,,,1,,,,30,75,41.2524433607643,3,75,235,193,367,3,75,341,204,350,15,8,,,15,22,1.9,1419,3906,17824,17824,3340.8,0.916666666666667,0.486250881267424,0.639722291098438,111,76,436,436,325,-469,43.5878787878788,-286.9,-0.154723551932961,0,0,0,0,0,0,0,0,0,0,111,1419,765,654,28422.5,5,0.078224101479915,15,9,16.9133192269815,47.8125,40.875,1419,59.125,,0.016913319238901,59.125,4.625,76,5,17824,436,0.421052631578947,0.024461400359066,24,29,45.0222167379617,15.039531242695,10.6499869587818,1,0,0,,41.2524433607643,0,1,1,0,341,204,350,0.010570824524313,0.135135135135135,59.125,4.625,0.078224101479915,0.135306553911205,1.87737843551797,-1297.3,-55.9,0.486250881267424,1,-1,765,654,111,0.539112050739958,59.125,1.69133192389006,0.010570824524313,10.5708245243129,0.010570824524313,0.078224101479915,0.135135135135135,0.010570824524313,59.125,4.625,3702,3192,510,0.536988685813751,137.88,0.725268349289237,0.004786771105309,4.78677110530896,0.004786771105309,0.073977371627502,0.064705882352941,0.004786771105309,137.88,10.2,9130,8694,436,0.512230700179533,234.526315789474,0.426391382405745,0.001795332136445,1.79533213644524,0.001795332136445,0.024461400359066,0.073394495412844,0.001795332136445,234.526315789474,5.73684210526316,9130,8694,436,0.512230700179533,234.526315789474,0.426391382405745,0.001795332136445,1.79533213644524,0.001795332136445,0.024461400359066,0.073394495412844,0.001795332136445,234.526315789474,5.73684210526316,0,2,350,0.135306553911205,0.125,9.8,5.8,1.06666666666667,0.466666666666667,16.3144108076265,13.0291979799219,8.78989318605307,-9,32,0.083333333333333,-0.917720670310994,1.96363636363636,6.90011212449979,-1.01447626845737,-7,27,32,0,8,2,4,0,0,4626.2,3340.8,1643.53333333333,1056.5,2060.13857786315,1969.52419634794,1734.63267453244,334,7483,0.916666666666667,0.486250881267424,233.284848484848,3259.28296231039,0.763051268870824,2487,2988,3447,7483,2350,1668,372,410,376,184.2,110.4,-1.13333333333333,4.43333333333333,311.619896669003,329.112807408037,218.885012938047,-411,596,0.383333333333333,-0.154723551932961,43.5878787878788,121.879509962618,-0.287168860547069,-35,434,195,-269,454,6,38,56,-46,31,20,37,21,0,1,25,4,37,-2,-6,1,25,-15,37,-2,-6,0,110,-46,143,1,4,0,240,222,298,204,220,1,1,0,1,0,0,,0,0,0,0
2026-05-08,up,traded,28942.5,28903.75,28860,120,120,120,1680,3480,572,0,5,5,2,0,0,0,35,10,10,15,170,4730,5,1,35,0.035940803382664,28942.5,28932.5,12,41,,,,1,,,,31,66,36.6378430896293,10,66,206,-2,312,10,66,172,30,289,12,41,,,12,-17,3.7,1432,4936,9666,9666,2849,0.95,1.37203802824679,0.769726940442915,238,570,740,740,502,162,62.9454545454545,-153.2,1.74342350529695,1,1,0,18,18,1,1,72,0,0,238,1432,835,597,28930,-2,0.166201117318436,13,3,11.1731843497394,59.6428571428571,42.6428571428571,1432,89.5,,0.011173184357542,89.5,14.875,66,3,9666,740,0.772727272727273,0.076557003931306,16,28,31.3847096529504,8.5,9.65654642659004,1,0,0,,36.6378430896293,0,1,1,0,172,30,289,0.009078212290503,0.054621848739496,89.5,14.875,0.166201117318436,0.159916201117318,2.65921787709497,623.2,36.8,1.37203802824679,1,-1,835,597,238,0.583100558659218,89.5,1.11731843575419,0.009078212290503,9.07821229050279,0.009078212290503,0.166201117318436,0.054621848739496,0.009078212290503,89.5,14.875,5203,4463,740,0.538278501965653,146.454545454545,0.682805710738672,0.005276225946617,5.27622594661701,0.005276225946617,0.076557003931306,0.068918918918919,0.005276225946617,146.454545454545,11.2121212121212,5203,4463,740,0.538278501965653,146.454545454545,0.682805710738672,0.005276225946617,5.27622594661701,0.005276225946617,0.076557003931306,0.068918918918919,0.005276225946617,146.454545454545,11.2121212121212,5203,4463,740,0.538278501965653,146.454545454545,0.682805710738672,0.005276225946617,5.27622594661701,0.005276225946617,0.076557003931306,0.068918918918919,0.005276225946617,146.454545454545,11.2121212121212,0,1,229,0.159916201117318,0.069868995633188,8.6,1.5,2.33333333333333,1.11666666666667,10.5943381105192,12.1264174429219,8.39576612876329,-20,29,1,3.17620408402142,3.20606060606061,6.20787549855568,4.67148543922106,29,0,1,5,-3,6,-6,6,-1,3848.2,2849,1450.86666666667,1166.81666666667,2056.2463276563,1887.62581037662,1496.41139025633,420,7334,0.95,1.37203802824679,311.078787878788,3080.2746292605,1.13756090665241,3504,4730,7334,1840,757,1196,742,809,723,79.4,-37.6,-16.4,-23.5833333333333,234.835772402758,315.086718222143,199.836699999441,-818,332,1,1.74342350529695,62.9454545454545,43.2924965660494,7.66876540588234,332,170,-336,-4,15,0,-212,9,-13,46,42,55,46,62,1,46,41,58,46,19,1,46,6,59,6,-1,1,46,-25,136,6,-1,0,214,117,277,47,2,1,1,0,1,0,0,,0,0,0,0
2026-05-11,up,traded,29362.5,29346.25,29282.5,60,60,60,1740,3540,571,0,1,5,2,0,0,0,51,31,2,18,296,6846,15.6666666666657,1,51,0.04323692667251,29363.75,29355.625,16,,,,,1,,,,14,65,31.6666666666657,14,65,,,,14,65,,,,16,,,,16,,-1.5,827,7673,7673,7673,3415.2,0.983333333333333,2.39081739478242,0.38125533042897,129,425,425,425,296,269,33.9757575757576,107.9,1.68302324132264,0,0,0,0,0,0,0,0,0,0,129,827,478,349,29365,7.5,0.155985489721886,16,3,22.9746069855204,28.1176470588235,20.5294117647059,827,43.5263157894737,,0.022974607013301,43.5263157894737,6.78947368421053,68,2,7673,425,0.691176470588235,0.055389026456406,19,19,16,,8.58558222965817,1,0,0,,31.6666666666657,,,,,,,,0.019347037484885,0.124031007751938,43.5263157894737,6.78947368421053,0.155985489721886,0.142684401451028,2.96372430471584,1925.5,57.1,2.39081739478242,,,478,349,129,0.577992744860943,43.5263157894737,2.29746070133011,0.019347037484885,19.3470374848851,0.019347037484885,0.155985489721886,0.124031007751938,0.019347037484885,43.5263157894737,6.78947368421053,4049,3624,425,0.527694513228203,112.838235294118,0.886224423302489,0.006125374690473,6.12537469047309,0.006125374690473,0.055389026456406,0.110588235294118,0.006125374690473,112.838235294118,6.25,4049,3624,425,0.527694513228203,112.838235294118,0.886224423302489,0.006125374690473,6.12537469047309,0.006125374690473,0.055389026456406,0.110588235294118,0.006125374690473,112.838235294118,6.25,4049,3624,425,0.527694513228203,112.838235294118,0.886224423302489,0.006125374690473,6.12537469047309,0.006125374690473,0.055389026456406,0.110588235294118,0.006125374690473,112.838235294118,6.25,0,1,118,0.142684401451028,0.161016949152542,3.8,2.6,1.76666666666667,1.11666666666667,3.70944739819828,6.6060578259655,4.24015198889013,-9,16,0.466666666666667,-0.416651731186904,0.181818181818182,2.4814509641374,0,0,6,2,1,-9,1,1,9,12,5015.6,3415.2,1659.6,1155.13333333333,3489.29543604436,2992.83801098556,2169.29992701178,358,10981,0.983333333333333,2.39081739478242,780.618181818182,4268.84988957796,1.60371064269885,6846,10981,3349,2386,3091,2780,1359,1278,775,149.2,39.6,9.2,-4.8,146.368575862444,270.774888052788,170.407628937205,-589,408,0.966666666666667,1.68302324132264,33.9757575757576,83.5101793028887,3.54447808004839,296,27,333,132,-589,80,155,28,35,52,45,55,47,,1,48,45,54,47,,1,59,45,61,48,66,1,45,11,60,11,-1,1,,,,,,,0,0,1,0,0,,0,0,0,0
2026-05-13,down,traded,29243.75,29288.75,29252.5,60,60,60,1740,3540,571,0,3,5,2,0,0,0,29,21,1,7,-401,6047,-5,1,29,-0.066313874648586,29243.75,29255.625,-14,,,,,-1,,,,-36,-7,-19,-36,-7,55,-42,401,-36,-7,55,-33,389,14,,,,-14,,-0.5,1115,7162,7162,7162,3100.4,0.983333333333333,2.47984263509342,0.530106734494972,-175,-576,-576,-576,-401,-111,-34.1212121212121,-31,-2.44937041079366,0,0,0,0,0,0,0,0,0,0,-175,1115,470,645,29262.5,5.5,-0.15695067264574,14,7,18.8340807005972,31.3333333333333,43,1115,53.0952380952381,,0.018834080717489,53.0952380952381,-8.33333333333333,37,2,7162,-576,0.945945945945946,-0.080424462440659,21,21,14,,5.35090854175459,0,1,0,,-19,1,0,0,0,55,-33,389,0.012556053811659,0.08,53.0952380952381,-8.33333333333333,-0.15695067264574,0.091479820627803,3.29596412556054,1747.9,-74.5,2.47984263509342,0,-0,470,645,-175,0.42152466367713,53.0952380952381,1.88340807174888,0.012556053811659,12.5560538116592,0.012556053811659,0.15695067264574,0.08,0.012556053811659,53.0952380952381,8.33333333333333,3293,3869,-576,0.45978776877967,193.567567567568,0.516615470538956,0.004886903099693,4.88690309969282,0.004886903099693,0.080424462440659,0.060763888888889,0.004886903099693,193.567567567568,15.5675675675676,3293,3869,-576,0.45978776877967,193.567567567568,0.516615470538956,0.004886903099693,4.88690309969282,0.004886903099693,0.080424462440659,0.060763888888889,0.004886903099693,193.567567567568,15.5675675675676,3293,3869,-576,0.45978776877967,193.567567567568,0.516615470538956,0.004886903099693,4.88690309969282,0.004886903099693,0.080424462440659,0.060763888888889,0.004886903099693,193.567567567568,15.5675675675676,0,0,0,0.091479820627803,0.205882352941176,2.2,1.3,2.63333333333333,2.65,7.6524505878836,10.2669372258722,7.74804634873993,-22,16,0.383333333333333,-0.339870622193889,-0.345454545454545,1.59734020912945,0,0,-3,16,-6,1,16,1,23,16,4107,3100.4,1749.13333333333,1319.16666666667,3108.06582941868,2450.23407861372,1733.12072542246,612,9284,0.983333333333333,2.47984263509342,547.648484848485,3704.66923089322,1.632264481151,6047,9284,2385,1739,2088,2225,612,1673,1053,-176.2,-110.8,-8.53333333333333,15.3,151.165339942726,187.621320750068,160.231651749029,-401,228,0.016666666666667,-2.44937041079366,-34.1212121212121,-143.614233488985,2.79220234831916,-401,-290,9,-51,-6,131,-38,255,149,-37,-42,-34,-37,,-1,-37,-44,-30,-23,-3,-1,-37,-48,0,0,-11,0,-39,-81,118,0,-20,0,59,11,273,23,1,1,1,0,1,0,0,,0,0,0,0
2026-05-15,down,traded,29221.25,29291.25,29241.25,60,60,60,1740,3540,571,0,5,5,2,0,0,1,40,16,10,14,136,7150,-4,1,40,0.019020979020979,29221.25,29238.125,-30,,,,,-1,,,,-56,-16,-34,-56,-16,-373,-449,-190,-56,-16,-373,-437,-201,30,,,,-30,,0.5,830,7980,7980,7980,2394.8,1,3.72505645205391,0.518960827836308,-352,-216,-216,-216,136,379,13.5272727272727,15,1.74369115120919,0,0,0,0,0,0,0,0,0,0,-352,830,239,591,29246.25,6.5,-0.424096385542169,30,3,39.7590360966759,7.70967741935484,19.0645161290323,830,25.1515151515152,,0.039759036144578,25.1515151515152,-10.6666666666667,59,2,7980,-216,0.779661016949153,-0.027067669172932,33,33,30,,6.63366833324938,0,1,0,,-34,0,1,0,1,-373,-437,-201,0.036144578313253,0.085227272727273,25.1515151515152,-10.6666666666667,-0.424096385542169,0.080722891566265,13.9951807228916,1832.5,12.3,-3.72505645205391,1,-1,239,591,-352,0.287951807228916,25.1515151515152,3.97590361445783,0.036144578313253,36.144578313253,0.036144578313253,0.424096385542169,0.085227272727273,0.036144578313253,25.1515151515152,10.6666666666667,3882,4098,-216,0.486466165413534,135.254237288136,0.739348370927318,0.005764411027569,5.76441102756892,0.005764411027569,0.027067669172932,0.212962962962963,0.005764411027569,135.254237288136,3.66101694915254,3882,4098,-216,0.486466165413534,135.254237288136,0.739348370927318,0.005764411027569,5.76441102756892,0.005764411027569,0.027067669172932,0.212962962962963,0.005764411027569,135.254237288136,3.66101694915254,3882,4098,-216,0.486466165413534,135.254237288136,0.739348370927318,0.005764411027569,5.76441102756892,0.005764411027569,0.027067669172932,0.212962962962963,0.005764411027569,135.254237288136,3.66101694915254,0,1,67,0.080722891566265,0.492537313432836,-1.4,-1.1,-0.666666666666667,-0.5,1.35646599662505,5.3,5.95725514720403,-13,10,0.566666666666667,0.11190836218918,-0.212121212121212,-1.52529029915798,-0,0,-1,-1,-4,-11,-13,9,11,13,3463.4,2394.8,1286.1,985.75,2887.27834473921,2307.36957594574,1574.17748575777,367,7150,1,3.72505645205391,553.878787878788,3101.99543574867,2.30496793051352,7150,6833,1391,1078,1567,2097,1142,911,956,-22.2,-63,-69.9,-53.25,126.828072602244,121.321061650482,118.08283815469,-309,304,0.966666666666667,1.74369115120919,13.5272727272727,-49.3109407628297,-2.75800862640439,136,-243,29,28,-207,-309,304,79,128,12,-34,30,-3,4,0,36,-14,53,-3,4,0,36,12,61,12,4,1,-51,-169,61,0,54,0,-375,-439,-332,-293,-194,-1,0,1,0,0,0,,0,0,0,1
2026-05-18,down,traded,29281.25,29356.25,29305,180,180,180,1620,3420,573,0,1,5,2,0,0,0,41,4,14,23,54,7432,1.6666666666657,1,41,0.007265877287406,29283.75,29286.25,-9,-30,-40,,,-1,,,,-58,-17,-32.7461102937872,-58,-3,,,,-58,-3,,,,9,30,,,-9,12,-2.9,802,4254,15756,15756,3814,0.95,0.764672012833218,0.32260659694288,-158,-256,-68,-68,90,-232,12.4848484848485,12.4,-0.485333011667802,0,0,0,0,0,0,0,0,0,0,-158,802,322,480,29288.75,2,-0.197007481296758,10,6,19.9501246634038,29.2727272727273,43.6363636363636,802,50.125,,0.019950124688279,50.125,-9.875,64,4,15756,-68,0.6875,-0.004315816197004,16,31.3333333333333,24.9399278266799,5.43650214343336,8.7086164228309,0,1,0,,-32.7461102937872,,,,,,,,0.012468827930175,0.063291139240506,50.125,-9.875,-0.197007481296758,0.103491271820449,3.15211970074813,-330.1,43.7,0.764672012833218,,,322,480,-158,0.401496259351621,50.125,1.99501246882793,0.012468827930175,12.4688279301746,0.012468827930175,0.197007481296758,0.063291139240506,0.012468827930175,50.125,9.875,4101,4223,-122,0.492671792407496,130.0625,0.768861124459395,0.004805382027871,4.80538202787122,0.004805382027871,0.014656415185007,0.327868852459016,0.004805382027871,130.0625,1.90625,7844,7912,-68,0.497842091901498,246.1875,0.406194465600406,0.002792586951003,2.79258695100279,0.002792586951003,0.004315816197004,0.647058823529412,0.002792586951003,246.1875,1.0625,7844,7912,-68,0.497842091901498,246.1875,0.406194465600406,0.002792586951003,2.79258695100279,0.002792586951003,0.004315816197004,0.647058823529412,0.002792586951003,246.1875,1.0625,0,0,0,0.103491271820449,0.192771084337349,-8.2,-5.3,-3.2,-2.38333333333333,8.74985714169094,9.38136450629651,10.4256094945731,-29,17,0.05,-1.70733423396162,-0.563636363636363,-6.78791001875304,3.09373576579286,-21,-10,0,3,11,-21,-17,0,-2,5414.6,3814,1860.46666666667,1313.75,2864.82345703885,2624.14946220675,2081.32808135148,410,9963,0.95,0.764672012833218,482.484848484848,4011.11862674272,0.860607805758975,3452,4070,7432,9963,2758,1946,714,641,860,-59.8,-71,-38.3333333333333,-22.95,143.20391056113,112.727104105446,122.93964192056,-492,134,0.183333333333333,-0.485333011667802,12.4848484848485,-51.7954830739897,1.89205687801014,-98,134,54,-279,-64,-86,-164,-105,-122,-63,-69,-54,-56,-51,-1,-63,-79,-55,-57,-51,-1,-73,-96,-51,11,-4,-1,-73,-108,176,12,-4,0,,,,,,,0,0,1,0,0,,0,0,0,0
2026-05-19,up,traded,28953.75,28943.75,28851.25,120,120,120,1680,3480,572,0,2,5,2,0,0,0,74,48,26,0,405,8651,7.3333333333343,1,74,0.046815397063923,28953.75,28943.125,12,34,,,,1,,,,8,82,32.9583621595317,-5,82,-116,-322,111,-5,82,-304,-304,97,12,34,,,12,-10,4,823,5181,13832,13832,3112,0.933333333333333,1.4328542063268,0.380077123790611,123,91,496,496,373,-437,12.5454545454545,52.4,-0.232685377916044,1,1,0,3.17391304347826,3.17391304347826,1,1,73,0,0,123,823,473,350,28947.5,3.5,0.149453219927096,12,7,23.0862697167846,36.3846153846154,26.9230769230769,823,43.3157894736842,,0.023086269744836,43.3157894736842,6.47368421052632,87,3,13832,496,0.942528735632184,0.035858877964141,19,33,25.0599281722833,5,12.4436954139659,1,0,0,,32.9583621595317,1,0,0,0,-304,-304,97,0.014580801944107,0.097560975609756,43.3157894736842,6.47368421052632,0.149453219927096,0.132442284325638,2.83961117861482,1326.2,16.2,-1.4328542063268,0,-0,473,350,123,0.574726609963548,43.3157894736842,2.3086269744836,0.014580801944107,14.5808019441069,0.014580801944107,0.149453219927096,0.097560975609756,0.014580801944107,43.3157894736842,6.47368421052632,7164,6668,496,0.517929438982071,158.988505747126,0.628976286871024,0.005928282244072,5.92828224407172,0.005928282244072,0.035858877964141,0.165322580645161,0.005928282244072,158.988505747126,5.70114942528736,7164,6668,496,0.517929438982071,158.988505747126,0.628976286871024,0.005928282244072,5.92828224407172,0.005928282244072,0.035858877964141,0.165322580645161,0.005928282244072,158.988505747126,5.70114942528736,7164,6668,496,0.517929438982071,158.988505747126,0.628976286871024,0.005928282244072,5.92828224407172,0.005928282244072,0.035858877964141,0.165322580645161,0.005928282244072,158.988505747126,5.70114942528736,0,1,109,0.132442284325638,0.174311926605505,7.2,3.8,4.43333333333333,1.15,8.74985714169094,11.4786758818254,8.78135651378659,-23,22,0.966666666666667,2.00045023101924,0.884848484848485,5.74670992714493,3.82827744551394,22,0,7,10,1,5,7,25,132,4573.2,3112,1823.43333333333,1731.1,2961.08165372048,2567.4963291113,1768.89362188786,557,8651,0.933333333333333,1.4328542063268,607.2,3750.15434734564,1.1620855027166,4358,8651,7132,1345,1190,833,1726,1577,6722,65.6,16.2,-3.56666666666667,-8.1,192.950356309596,165.387303019307,122.196476581319,-206,405,0.4,-0.232685377916044,12.5454545454545,31.4679840999653,-1.0169065771212,-32,405,-180,91,30,3,-78,15,650,84,82,109,78,63,1,85,76,111,79,26,1,85,46,117,19,36,1,29,-69,94,0,-17,0,-37,-122,90,0,31,0,0,0,1,0,0,,0,0,0,0
2026-05-20,up,traded,29150,29122.5,29070,180,180,180,1620,3420,573,0,3,5,2,0,0,0,42,25,14,3,211,5619,4.6666666666657,1,42,0.037551165687845,29150,29140,14,31,36,,,1,,,,22,64,31.7810751008714,10,64,180,18,389,10,64,191,26,387,14,31,,,14,-3,1.4,1144,3746,13949,13949,2989.2,0.95,0.638200366385468,0.572071508938617,166,332,603,603,437,106,14.4121212121212,-50.1,1.17662975802754,0,0,0,0,0,0,0,0,0,0,166,1144,655,489,29138.75,-1,0.145104895104895,14,6,17.4825174672356,43.6666666666667,32.6,1144,57.2,,0.017482517482518,57.2,8.3,66,4,13949,603,0.924242424242424,0.043228905297871,20,24.6666666666667,22.5831795812724,5.09901951359278,8.47145533869804,1,0,0,,31.7810751008714,0,1,1,0,191,26,387,0.012237762237762,0.08433734939759,57.2,8.3,0.145104895104895,0.195804195804196,2.9020979020979,-203.9,-10.1,0.638200366385468,1,-1,655,489,166,0.572552447552448,57.2,1.74825174825175,0.012237762237762,12.2377622377622,0.012237762237762,0.145104895104895,0.08433734939759,0.012237762237762,57.2,8.3,4361,3969,392,0.523529411764706,185.111111111111,0.540216086434574,0.004441776710684,4.44177671068427,0.004441776710684,0.047058823529412,0.094387755102041,0.004441776710684,185.111111111111,8.71111111111111,7276,6673,603,0.521614452648935,211.348484848485,0.473152197290128,0.004373073338591,4.37307333859058,0.004373073338591,0.043228905297871,0.101160862354892,0.004373073338591,211.348484848485,9.13636363636364,7276,6673,603,0.521614452648935,211.348484848485,0.473152197290128,0.004373073338591,4.37307333859058,0.004373073338591,0.043228905297871,0.101160862354892,0.004373073338591,211.348484848485,9.13636363636364,0,2,372,0.195804195804196,0.089285714285714,8.2,3.1,-1.26666666666667,-0.266666666666667,6.04648658313239,9.7205966895042,9.96304281945141,-25,17,0.95,1.83344255341387,2.27272727272727,5.26879167849471,3.22654624387368,17,5,0,13,8,8,-4,6,-14,4517.6,2989.2,1572.76666666667,1216.28333333333,2068.00044487423,2137.98432173859,1612.71191234585,470,7739,0.95,0.638200366385468,449.248484848485,3263.70234884859,0.797254075855895,2602,4584,5619,7739,1434,1136,593,800,671,148.8,113.2,38.4333333333333,12.6833333333333,53.3044088232859,136.419060251858,108.416998462213,-212,345,0.9,1.17662975802754,14.4121212121212,114.566544580552,1.44893957138845,166,60,211,121,134,76,-11,36,-131,58,31,61,35,31,1,34,27,54,29,49,1,34,13,73,11,2,1,35,-8,180,1,-5,0,180,120,349,46,24,1,1,0,1,0,0,,0,0,0,0
2026-05-22,up,traded,29631.25,29620,29551.25,60,60,60,1740,3540,571,0,5,5,2,0,0,0,55,31,1,23,133,7399,17.6666666666657,1,55,0.017975402081362,29631.25,29623.75,10,,,,,1,,,,9,64,27.6666666666657,9,64,148,61,403,9,64,335,83,389,10,,,,10,,-5.4,1161,8560,8560,8560,2614.9,1,3.68722952710429,0.689102564102564,51,184,184,184,133,608,-9.73939393939394,-39.2,1.25650779101067,0,0,0,0,0,0,0,0,0,0,51,1161,606,555,29621.25,-2,0.043927648578811,11,5,13.7812230716785,50.5,46.25,1161,72.5625,,0.013781223083549,72.5625,3.1875,66,2,8560,184,0.621212121212121,0.021495327102804,16,16,10,,9.58934593992497,1,0,0,,27.6666666666657,0,1,1,0,335,83,389,0.00947459086994,0.215686274509804,72.5625,3.1875,0.043927648578811,0.145564168819983,0.702842377260982,1551.4,-58.4,3.68722952710429,1,-1,606,555,51,0.521963824289406,72.5625,1.37812230835487,0.00947459086994,9.47459086993971,0.00947459086994,0.043927648578811,0.215686274509804,0.00947459086994,72.5625,3.1875,4372,4188,184,0.510747663551402,129.69696969697,0.771028037383178,0.004789719626168,4.78971962616822,0.004789719626168,0.021495327102804,0.222826086956522,0.004789719626168,129.69696969697,2.78787878787879,4372,4188,184,0.510747663551402,129.69696969697,0.771028037383178,0.004789719626168,4.78971962616822,0.004789719626168,0.021495327102804,0.222826086956522,0.004789719626168,129.69696969697,2.78787878787879,4372,4188,184,0.510747663551402,129.69696969697,0.771028037383178,0.004789719626168,4.78971962616822,0.004789719626168,0.021495327102804,0.222826086956522,0.004789719626168,129.69696969697,2.78787878787879,0,0,0,0.145564168819983,0.094674556213018,4.4,0.4,0.7,1.31666666666667,9.64572444143,8.46404158779953,8.12055006347066,-11,23,0.616666666666667,-0.086201057136372,0.521212121212121,1.08959467170632,0,0,-4,-1,4,1,11,-8,-6,8,3911.2,2614.9,1304,1003.48333333333,2664.01204201483,2326.18582447749,1653.00260132887,349,7399,1,3.68722952710429,625.593939393939,3326.68075540838,2.22413887715886,7399,6881,1499,1389,1733,1576,1058,925,1413,-63.6,-62.5,-13.4,-11.7833333333333,239.65107969713,171.348329434518,116.513404092977,-475,164,0.9,1.25650779101067,-9.73939393939394,-63.9362395825737,-2.08019741023759,133,-475,-187,47,-105,138,14,101,-45,46,37,55,40,37,1,53,32,55,31,57,1,47,38,61,32,36,1,57,24,87,33,11,1,325,191,393,134,68,1,0,0,1,0,0,,0,0,0,0
2026-05-26,down,traded,29851.25,29935,29880,240,240,240,1560,3360,574,0,2,5,2,0,0,0,44,14,26,4,-32,9192,-12,1,44,-0.003481288076588,29851.25,29861.875,-12,-25,-36,,,-1,,,,-67,-23,-34.0466695564246,-67,-12,-89,-114,-47,-67,-12,-61,-114,-57,12,25,,,-12,1,-4.7,807,3522,19263,19263,1924.7,0.966666666666667,1.09763487400262,0.779220779220779,-147,-300,-405,-405,-258,-114,-13.169696969697,-41.1,-3.34052595973331,1,0,1,4.10526315789474,4.10526315789474,1,1,78,0,0,-147,807,330,477,29863.75,1.5,-0.182156133828996,13,4,21.0656753146646,23.5714285714286,34.0714285714286,807,47.4705882352941,,0.021065675340768,47.4705882352941,-8.64705882352941,67,5,19263,-405,0.611940298507463,-0.021024762498053,17,19,22.6936114358204,9.12071817347735,8.42278655394599,0,1,0,,-34.0466695564246,0,1,0,1,-61,-114,-57,0.016109045848823,0.08843537414966,47.4705882352941,-8.64705882352941,-0.182156133828996,0.147459727385378,3.09665427509294,-162.1,-39.5,-1.09763487400262,1,-1,330,477,-147,0.408921933085502,47.4705882352941,2.10656753407683,0.016109045848823,16.1090458488228,0.016109045848823,0.182156133828996,0.08843537414966,0.016109045848823,47.4705882352941,8.64705882352941,2885,3224,-339,0.472254051399574,132.804347826087,0.752987395645768,0.005892944835489,5.89294483548862,0.005892944835489,0.055491897200851,0.106194690265487,0.005892944835489,132.804347826087,7.3695652173913,9429,9834,-405,0.489487618750973,287.507462686567,0.34781705860977,0.002128432746717,2.1284327467165,0.002128432746717,0.021024762498053,0.101234567901235,0.002128432746717,287.507462686567,6.04477611940298,9429,9834,-405,0.489487618750973,287.507462686567,0.34781705860977,0.002128432746717,2.1284327467165,0.002128432746717,0.021024762498053,0.101234567901235,0.002128432746717,287.507462686567,6.04477611940298,0,1,119,0.147459727385378,0.142857142857143,-2,-0.2,0.466666666666667,0.316666666666667,8.67179335547152,6.46219776856141,4.15317816724601,-13,9,0.016666666666667,-3.24249673969477,-1.07878787878788,-2.05129141885623,6.33747105871902,-13,-11,9,0,4,-7,1,-2,-3,3735.8,1924.7,718.033333333333,401.4,2984.05170196496,2780.81603310971,1819.33602326661,32,9192,0.966666666666667,1.09763487400262,527.30303030303,2340.28331903791,1.16011594746406,2715,2587,3962,9192,102,310,76,97,57,-43.4,-15.1,-7.76666666666667,-5.9,62.246606333197,53.8209067184863,43.4761876075731,-153,57,0.016666666666667,-3.34052595973331,-13.169696969697,-35.2326293736461,4.34256547751283,-153,-39,-34,-32,18,-66,0,-9,3,-57,-62,-39,-37,-34,-1,-57,-61,-42,-37,-34,-1,-55,-60,-43,-43,-39,-1,22,-28,69,-3,12,0,-59,-91,-54,-56,-51,-1,0,0,1,0,0,,0,0,0,0
2026-05-27,down,traded,30113.75,30192.5,30133.75,300,300,300,1500,3300,575,0,3,5,2,0,0,0,47,37,4,6,-644,8520,-11.6666666666657,1,47,-0.075586854460094,30117.5,30133.75,-19,-19,-23,-19,,-1,,,,-60,-13,-25.7506679585436,-60,-7,30,-1,232,-60,-7,186,0,221,19,19,19,,-19,-19,-0.8,2921,5083,17107,25627,3705.4,0.9,0.141074167902577,1.19385294478277,-831,-947,-839,-1483,-652,-198,4.47272727272727,66.3,-0.598951758186845,2,0,2,36.8,28.1413793103448,2,2,749,1,0,-831,2921,1045,1876,30120,-11,-0.284491612461486,18,14,10.9551523413368,55,98.7368421052632,2921,91.28125,,0.010955152345087,91.28125,-25.96875,63,6,25627,-1483,0.888888888888889,-0.057868654153822,32,25.8,19.824227601599,8.00999375780031,9.68297474952816,0,1,0,-3.8,-25.7506679585436,1,0,0,0,186,0,221,0.006162273194112,0.021660649819495,91.28125,-25.96875,-0.284491612461486,0.200616227319411,9.10373159876755,-1563.6,115.6,-0.141074167902577,0,-0,1045,1876,-831,0.357754193769257,91.28125,1.09551523450873,0.006162273194112,6.16227319411161,0.006162273194112,0.284491612461486,0.021660649819495,0.006162273194112,91.28125,25.96875,3512,4377,-865,0.445176828495373,202.282051282051,0.494359234376981,0.002788693116998,2.78869311699835,0.002788693116998,0.109646343009253,0.025433526011561,0.002788693116998,202.282051282051,22.1794871794872,8134,8973,-839,0.475477874554276,371.891304347826,0.268895773659905,0.001110656456421,1.11065645642135,0.001110656456421,0.049044250891448,0.022646007151371,0.001110656456421,371.891304347826,18.2391304347826,12072,13555,-1483,0.471065672923089,406.777777777778,0.245834471455886,0.00218519530183,2.1851953018301,0.00218519530183,0.057868654153822,0.03776129467296,0.00218519530183,406.777777777778,23.5396825396825,0,2,809,0.200616227319411,0.054607508532423,0,-1.5,0.233333333333333,0.733333333333333,2.5298221281347,4.03112887414927,4.77970245470945,-10,11,0.533333333333333,-0.048817543674383,0.587878787878788,-0.631188397683558,-0,0,-4,0,4,6,-10,2,6,5,4541.2,3705.4,1876.4,1229.11666666667,2324.08832878615,2603.07415184432,2024.46701792513,417,8520,0.9,0.141074167902577,226.109090909091,3479.89284831164,0.621283497579229,2162,2806,3492,5726,8058,2010,680,1053,576,-130.4,-79.2,-17.2666666666667,0.75,265.388469983155,208.872113983653,164.843548722889,-644,214,0.116666666666667,-0.598951758186845,4.47272727272727,-61.9970418033881,1.87105701539554,-116,82,44,-18,164,-418,18,381,90,-61,-78,-57,-61,-66,-1,-78,-87,-57,-61,-66,-1,-78,-132,-56,-61,-66,-1,15,-110,70,5,24,0,94,35,147,15,10,1,0,0,1,0,0,,0,0,0,0
2026-05-28,down,traded,30038.75,30107.5,30052.5,180,180,180,1620,3420,573,0,4,5,2,0,0,0,44,32,11,1,426,6970,7.3333333333343,1,44,0.061119081779053,30038.75,30053.75,-22,-29,-44,,,-1,,,,-55,-11,-35.5345318125735,-59,-11,-7,-123,129,-59,-11,-82,-86,118,22,29,,,-22,-15,-4.2,1467,4402,14706,14706,2628.2,0.95,1.02741447827036,0.890223921354451,-159,-186,218,218,377,-5,19.2363636363636,-27.6,-0.308999045605234,0,0,0,0,0,0,0,0,0,0,-159,1467,654,813,30050,-3,-0.10838445807771,21,3,16.359918189257,29.7272727272727,36.9545454545455,1467,61.125,,0.016359918200409,61.125,-6.625,59,4,14706,218,0.203389830508475,0.014823881408949,24,28.3333333333333,27.5317997958724,6.12825877028341,8.62296674906935,0,1,0,,-35.5345318125735,1,0,0,0,-82,-86,118,0.014314928425358,0.132075471698113,61.125,-6.625,-0.10838445807771,0.111792774369461,2.60122699386503,90.3,-4.7,1.02741447827036,0,-0,654,813,-159,0.445807770961145,61.125,1.6359918200409,0.014314928425358,14.3149284253579,0.014314928425358,0.10838445807771,0.132075471698113,0.014314928425358,61.125,6.625,3764,3972,-208,0.486556359875905,131.118644067797,0.762668045501551,0.00581695966908,5.81695966907963,0.00581695966908,0.02688728024819,0.216346153846154,0.00581695966908,131.118644067797,3.52542372881356,7462,7244,218,0.507411940704474,249.254237288136,0.401196790425677,0.000815993472052,0.815993472052224,0.000815993472052,0.014823881408949,0.055045871559633,0.000815993472052,249.254237288136,3.69491525423729,7462,7244,218,0.507411940704474,249.254237288136,0.401196790425677,0.000815993472052,0.815993472052224,0.000815993472052,0.014823881408949,0.055045871559633,0.000815993472052,249.254237288136,3.69491525423729,0,2,325,0.111792774369461,0.146341463414634,-3.4,-2.7,-0.4,-0.383333333333333,7.60526133673262,6.22976725086901,5.49302588136387,-15,11,0.1,-1.20152355778839,-0.575757575757576,-3.49453503892313,2.00312771857543,-7,-15,0,-3,-1,1,4,1,5,4084,2628.2,1365.23333333333,954.666666666667,2140.35146646526,2108.49803414658,1527.88061670043,411,6970,0.95,1.02741447827036,441.709090909091,2937.0824351224,0.999290985129496,2935,3334,6970,6061,973,742,585,765,536,66,9.8,11.1,5.43333333333333,181.910967233974,162.490492029534,123.301351709271,-277,426,0.283333333333333,-0.308999045605234,19.2363636363636,30.3377428110948,-0.889980515957365,-27,-22,426,-65,-3,58,135,49,6,-6,-11,-1,-5,3,-1,-6,-21,3,-5,-17,0,-6,-34,8,3,6,0,-4,-37,106,0,10,0,-9,-21,82,-4,-23,0,7,1,0,0,0,,0,0,0,0
2026-05-29,down,traded,30425,30405,30365,120,120,120,1680,3480,572,0,5,5,2,0,0,0,32,1,16,15,294,7384,0,1,32,0.039815817984832,30425,30418.75,8,32,,,,1,,,,16,48,26.3006841915747,4,48,95,64,403,4,48,95,72,394,8,32,,,8,-16,2.9,820,4544,11928,11928,2656.5,0.966666666666667,1.53935569801773,0.480051517723853,444,610,904,904,460,-128,27.0727272727273,9.8,1.46018165071554,2,2,0,3.9041095890411,3.90366769774635,2,2,406,1,0,444,820,632,188,30425,5,0.541463414634146,7,3,12.1951219363474,79,23.5,820,82,,0.01219512195122,82,44.4,48,3,11928,904,0.6875,0.075788061703555,10,19.5,25.298221281347,8,6.27021176321466,1,0,0,,26.3006841915747,0,1,1,0,95,72,394,0.008536585365854,0.015765765765766,82,44.4,0.541463414634146,0.384146341463415,5.41463414634146,1014.1,22.7,1.53935569801773,1,-1,632,188,444,0.770731707317073,82,1.21951219512195,0.008536585365854,8.53658536585366,-0.008536585365854,0.541463414634146,0.015765765765766,0.008536585365854,82,44.4,6416,5512,904,0.537894030851777,248.5,0.402414486921529,0.002766599597586,2.76659959758551,-0.002766599597586,0.075788061703555,0.036504424778761,0.002766599597586,248.5,18.8333333333333,6416,5512,904,0.537894030851777,248.5,0.402414486921529,0.002766599597586,2.76659959758551,-0.002766599597586,0.075788061703555,0.036504424778761,0.002766599597586,248.5,18.8333333333333,6416,5512,904,0.537894030851777,248.5,0.402414486921529,0.002766599597586,2.76659959758551,-0.002766599597586,0.075788061703555,0.036504424778761,0.002766599597586,248.5,18.8333333333333,0,2,509,0.384146341463415,0.031746031746032,6,3.5,0.633333333333333,0.633333333333333,10.295630140987,8.35763124336076,6.69568683722755,-11,24,1,3.48980877312685,1.08484848484848,4.41357503970866,5.43776865331924,24,0,-7,7,1,-11,1,3,5,4023.6,2656.5,1343.86666666667,949.966666666667,2236.75949534142,2097.31872875822,1546.18801645279,318,7384,0.966666666666667,1.53935569801773,527.266666666667,3183.37033487858,1.16982933440009,3724,7384,5607,2115,869,1223,629,580,746,138.4,63.3,19,20.5,100.412349838055,123.101624684648,100.672406017405,-167,294,0.933333333333333,1.46018165071554,27.0727272727273,85.9855327103348,1.93055732479108,166,294,1,63,-45,-91,-65,36,12,64,47,70,40,37,1,64,50,67,55,37,1,64,46,83,42,37,1,64,52,106,55,37,1,94,66,247,83,131,1,0,0,1,0,0,,0,0,0,0
2026-06-01,up,traded,30387.5,30370,30311.25,120,120,120,1680,3480,572,0,1,6,2,0,0,0,47,20,21,6,285,6419,-11.6666666666657,1,47,0.044399439164979,30387.5,30370.625,24,55,,,,1,,,,14,61,36.5504879390763,-2,62,,,,-2,62,,,,24,55,,,24,-7,7.2,1837,6929,13348,13348,3505.3,0.966666666666667,1.5129220710166,0.799216880574288,281,445,730,730,449,-121,-1.76363636363636,153.2,0.959088311773087,0,0,0,0,0,0,0,0,0,0,281,1837,1059,778,30366.25,-3.5,0.152966793685357,24,3,14.6978769653251,42.36,31.12,1837,68.037037037037,,0.014697876973326,68.037037037037,10.4074074074074,64,3,13348,730,0.546875,0.054689841174708,27,45.5,39.2045915678253,3.5,12.2030961462883,1,0,0,,36.5504879390763,,,,,,,,0.013064779531845,0.085409252669039,68.037037037037,10.4074074074074,0.152966793685357,0.094175285792052,4.13010342950463,1228.3,100.7,-1.5129220710166,,,1059,778,281,0.576483396842678,68.037037037037,1.46978769733261,0.013064779531845,13.0647795318454,0.013064779531845,0.152966793685357,0.085409252669039,0.013064779531845,68.037037037037,10.4074074074074,7039,6309,730,0.527344920587354,208.5625,0.479472580161822,0.00262211567276,2.62211567275996,0.00262211567276,0.054689841174708,0.047945205479452,0.00262211567276,208.5625,11.40625,7039,6309,730,0.527344920587354,208.5625,0.479472580161822,0.00262211567276,2.62211567275996,0.00262211567276,0.054689841174708,0.047945205479452,0.00262211567276,208.5625,11.40625,7039,6309,730,0.527344920587354,208.5625,0.479472580161822,0.00262211567276,2.62211567275996,0.00262211567276,0.054689841174708,0.047945205479452,0.00262211567276,208.5625,11.40625,0,1,173,0.094175285792052,0.15606936416185,4.2,1.3,1.1,1.38333333333333,13.7753402861781,10.6023582282434,7.99312204335703,-15,31,1,3.7407160603596,1.77575757575758,4.10358237872785,7.55437496775934,31,0,-6,2,-3,-4,9,6,12,5133.6,3505.3,1807.2,1182.06666666667,3624.71905669943,3056.87153966273,2171.16272075586,589,11226,0.966666666666667,1.5129220710166,641.206060606061,4111.51626546336,1.23847254181449,5092,6419,11226,1542,1258,1484,929,709,642,-130.8,-105.7,-28.4,1,406.24101220827,305.703794546289,200.60717833617,-878,285,0.966666666666667,0.959088311773087,-1.76363636363636,-77.3172877804563,-2.12112975904795,164,285,-878,-56,-270,-120,97,-23,96,52,12,58,29,12,1,32,2,65,17,0,1,32,-37,76,17,0,0,-70,-145,-29,-39,0,-1,,,,,,,1,0,1,0,0,,0,0,0,0
2026-06-02,down,traded,30472.5,30568.75,30497.5,240,240,240,1560,3360,574,0,2,6,2,0,0,0,57,43,9,5,-314,7012,-15.6666666666657,1,57,-0.044780376497433,30472.5,30483.75,-12,-16,-31,,,-1,,,,-77,-20,-31.3819998702238,-77,-6,-80,-177,144,-77,-6,123,-168,138,12,16,,,-12,-8,-4.1,761,2865,16172,16172,2993.4,0.933333333333333,0.313705372366365,0.376248393157322,-227,-179,-388,-388,-161,47,13.5272727272727,-98,0.340495835510444,0,0,0,0,0,0,0,0,0,0,-227,761,267,494,30485,1,-0.298291721419185,12,6,23.6530880109683,20.5384615384615,38,761,42.2777777777778,,0.02365308804205,42.2777777777778,-12.6111111111111,77,5,16172,-388,0.883116883116883,-0.023992085085333,18,26.5,20.5182845286832,8.13557004763649,11.0209900744998,0,1,0,,-31.3819998702238,1,0,0,0,123,-168,138,0.015768725361367,0.052863436123348,42.2777777777778,-12.6111111111111,-0.298291721419185,0.128777923784494,5.36925098554534,-1579.5,-82.7,-0.313705372366365,0,-0,267,494,-227,0.350854139290407,42.2777777777778,2.36530880420499,0.015768725361367,15.7687253613666,0.015768725361367,0.298291721419185,0.052863436123348,0.015768725361367,42.2777777777778,12.6111111111111,2745,2923,-178,0.484297812279464,120.595744680851,0.829216654904728,0.005469301340861,5.46930134086097,0.005469301340861,0.031404375441073,0.174157303370787,0.005469301340861,120.595744680851,3.78723404255319,7892,8280,-388,0.488003957457334,210.025974025974,0.476131585456344,0.004204798417017,4.20479841701707,0.004204798417017,0.023992085085333,0.175257731958763,0.004204798417017,210.025974025974,5.03896103896104,7892,8280,-388,0.488003957457334,210.025974025974,0.476131585456344,0.004204798417017,4.20479841701707,0.004204798417017,0.023992085085333,0.175257731958763,0.004204798417017,210.025974025974,5.03896103896104,0,0,0,0.128777923784494,0.183673469387755,-0.8,-1.5,-1.3,-1,8.42377587546108,6.31268564083465,4.9,-15,10,0.283333333333333,-0.551020408163265,-0.127272727272727,-1.93936671258914,2.06252895547528,-4,-15,6,0,1,4,1,-4,0,4661.6,2993.4,1562.33333333333,1036.9,2339.05404811432,2365.15006712048,1726.67322392577,368,7897,0.933333333333333,0.313705372366365,286.533333333333,2997.63678905909,0.70188623507667,2104,2803,3492,7012,1102,1404,484,446,611,91.6,20,-7.66666666666667,-5.03333333333333,300.973487204438,230.709340946569,163.487070504741,-314,619,0.766666666666667,0.340495835510444,13.5272727272727,29.248454121553,1.64111237470937,48,1,104,-314,76,160,-8,-28,57,-61,-70,-45,-54,-17,-1,-61,-69,-27,-17,-25,-1,-61,-69,-35,-17,-20,-1,-50,-87,44,2,-2,0,-132,-175,40,-6,2,0,0,0,1,0,0,,0,0,0,0
2026-06-03,down,traded,30801.25,30792.5,30755,60,60,60,1740,3540,571,0,3,6,2,0,0,0,30,10,20,0,379,6431,-3.3333333333343,1,30,0.058933291867517,30801.25,30785.625,27,,,,,1,,,,7,37,23.6666666666657,7,37,75,64,302,7,37,238,75,281,27,,,,27,,-1.2,3979,10410,10410,10410,2544.6,0.983333333333333,3.32273636224398,2.31957560918736,501,880,880,880,379,1116,-22.3030303030303,73.8,2.00074139726297,2,2,0,22.3333333333333,12.7,1,2,226,2,0,501,3979,2240,1739,30790,3.5,0.125911032922845,27,2,7.2882633809278,80,62.1071428571429,3979,137.206896551724,,0.007288263382759,137.206896551724,17.2758620689655,39,2,10410,880,0.948717948717949,0.084534101825168,29,29,27,,4.77772609791171,1,0,1,,23.6666666666657,0,1,1,0,238,75,281,0.006785624528776,0.053892215568862,137.206896551724,17.2758620689655,0.125911032922845,0.118371450113094,3.6514199547625,1702.1,33.9,3.32273636224398,1,-1,2240,1739,501,0.562955516461423,137.206896551724,0.728826338275949,0.006785624528776,6.78562452877607,-0.006785624528776,0.125911032922845,0.053892215568862,0.006785624528776,137.206896551724,17.2758620689655,5645,4765,880,0.542267050912584,266.923076923077,0.37463976945245,0.003554274735831,3.55427473583093,-0.003554274735831,0.084534101825168,0.042045454545455,0.003554274735831,266.923076923077,22.5641025641026,5645,4765,880,0.542267050912584,266.923076923077,0.37463976945245,0.003554274735831,3.55427473583093,-0.003554274735831,0.084534101825168,0.042045454545455,0.003554274735831,266.923076923077,22.5641025641026,5645,4765,880,0.542267050912584,266.923076923077,0.37463976945245,0.003554274735831,3.55427473583093,-0.003554274735831,0.084534101825168,0.042045454545455,0.003554274735831,266.923076923077,22.5641025641026,0,2,827,0.118371450113094,0.061571125265393,0.2,1.1,0.933333333333333,0.8,3.37045990927054,4.34626276242015,3.79414754003525,-8,7,0.4,-0.245992893920161,-0.466666666666667,0.322216022029868,0,0,-6,2,4,5,-8,1,6,7,3534.2,2544.6,1312.03333333333,955.316666666667,2632.32956903196,2140.13977113646,1540.58766889637,334,6967,0.983333333333333,3.32273636224398,534.545454545455,3182.66968062469,2.02063067969332,6431,6967,2241,1256,1627,1832,334,606,942,-110.6,-39.4,-8.16666666666667,-6.38333333333333,359.483295856706,312.474382950027,193.511598848464,-737,489,0.983333333333333,2.00074139726297,-22.3030303030303,-55.4740492158494,-6.83202335790041,379,-737,3,-78,-145,-162,-40,134,248,40,36,47,39,54,1,40,35,55,39,54,1,57,44,70,39,43,1,73,38,102,23,11,1,101,74,166,68,71,1,0,0,1,0,0,,0,0,0,0
2026-06-04,up,traded,30285,30270,30210,60,60,60,1740,3540,571,0,4,6,2,0,0,0,48,20,1,27,-475,7211,2,1,48,-0.065871585078353,30283.75,30258.75,32,,,,,1,,,,11,59,34,11,59,-282,-420,-170,11,59,-282,-411,-184,32,,,,32,,-0.5,3068,10279,10279,10279,2657,1,3.69041835742353,1.7009009009009,248,-227,-227,-227,-475,-218,-35.4909090909091,-156,-3.08448951507177,1,1,0,3.6,3.6,1,1,72,0,0,248,3068,1658,1410,30258.75,0,0.080834419817471,32,10,13.689700125916,50.2424242424242,42.7272727272727,3068,73.0476190476191,,0.013689700130378,73.0476190476191,5.90476190476191,60,2,10279,-227,0.2,-0.022083860297694,42,42,32,,7.94397045983095,1,0,0,,34,0,1,0,1,-282,-411,-184,0.010430247718383,0.129032258064516,73.0476190476191,5.90476190476191,0.080834419817471,0.063233376792699,3.39504563233377,1712.3,-133.9,-3.69041835742353,-1,1,1658,1410,248,0.540417209908735,73.0476190476191,1.36897001303781,0.010430247718383,10.4302477183833,0.010430247718383,0.080834419817471,0.129032258064516,0.010430247718383,73.0476190476191,5.90476190476191,5026,5253,-227,0.488958069851153,171.316666666667,0.583714369102053,0.001167428738204,1.16742873820411,0.001167428738204,0.022083860297694,0.052863436123348,0.001167428738204,171.316666666667,3.78333333333333,5026,5253,-227,0.488958069851153,171.316666666667,0.583714369102053,0.001167428738204,1.16742873820411,0.001167428738204,0.022083860297694,0.052863436123348,0.001167428738204,171.316666666667,3.78333333333333,5026,5253,-227,0.488958069851153,171.316666666667,0.583714369102053,0.001167428738204,1.16742873820411,0.001167428738204,0.022083860297694,0.052863436123348,0.001167428738204,171.316666666667,3.78333333333333,0,2,380,0.063233376792699,0.216494845360825,-2,-2.5,-0.066666666666667,-0.066666666666667,3.03315017762062,4.8425200051213,5.62099239952836,-16,10,0.483333333333333,0.011860301869873,-0.018181818181818,-2.3926688051971,-0,0,-4,-4,-5,1,-16,6,2,-9,3717.8,2657,1470.43333333333,1087.66666666667,2652.85728225248,2201.41772501268,1555.53276368223,541,7211,1,3.69041835742353,583.127272727273,3351.07990594183,2.15184364515275,7211,6687,1923,1550,2488,2488,1058,1098,1155,-165,-92.6,-27.2333333333333,-6.66666666666667,202.832936181479,180.121736611659,145.167187140284,-475,176,0.016666666666667,-3.08448951507177,-35.4909090909091,-144.417395153365,3.28907746532591,-475,-257,-83,-152,168,-202,132,4,-85,-33,-37,-1,2,-1,-1,-13,-35,-7,-14,-1,-1,-13,-36,-3,-2,-7,-1,-13,-134,52,2,-39,0,-285,-328,-225,-206,-175,-1,3,0,1,0,0,,0,0,0,0
2026-06-05,up,traded,30082.5,30060,29998.75,60,60,60,1740,3540,571,0,5,6,2,0,1,0,49,12,19,18,68,7706,-4.3333333333343,1,49,0.008824292758889,30082.5,30048.75,49,,,,,1,,,,18,67,44.6666666666657,18,67,-323,-417,-55,18,67,-129,-410,-65,49,,,,49,,-1,3838,11544,11544,11544,3004.8,0.983333333333333,3.45777850460784,1.88086545294161,518,586,586,586,68,-292,29.1878787878788,48.6,0.484195063535508,0,0,0,0,0,0,0,0,0,0,518,3838,2178,1660,30020,-23,0.134966128191767,49,9,15.1120375156039,43.56,33.2,3838,66.1724137931034,,0.015112037519541,66.1724137931034,8.93103448275862,69,2,11544,586,0.536231884057971,0.050762300762301,58,58,49,,8.53496078230917,1,0,1,,44.6666666666657,0,1,0,1,-129,-410,-65,0.012767066180302,0.094594594594595,66.1724137931034,8.93103448275862,0.134966128191767,0.060708702449192,7.82803543512246,1851.5,0.7,-3.45777850460784,-1,1,2178,1660,518,0.567483064095883,66.1724137931034,1.51120375195414,0.012767066180302,12.7670661803022,0.012767066180302,0.134966128191767,0.094594594594595,0.012767066180302,66.1724137931034,8.93103448275862,6065,5479,586,0.52538115038115,167.304347826087,0.597713097713098,0.003205128205128,3.2051282051282,0.003205128205128,0.050762300762301,0.063139931740614,0.003205128205128,167.304347826087,8.49275362318841,6065,5479,586,0.52538115038115,167.304347826087,0.597713097713098,0.003205128205128,3.2051282051282,0.003205128205128,0.050762300762301,0.063139931740614,0.003205128205128,167.304347826087,8.49275362318841,6065,5479,586,0.52538115038115,167.304347826087,0.597713097713098,0.003205128205128,3.2051282051282,0.003205128205128,0.050762300762301,0.063139931740614,0.003205128205128,167.304347826087,8.49275362318841,0,5,1001,0.060708702449192,0.248927038626609,-1.8,-2.6,-3.13333333333333,-1.13333333333333,5.6,6.69626761711328,7.73620636286862,-24,8,0.583333333333333,0.405021943102805,-0.472727272727273,-3.21263099695853,-0,0,-12,2,4,-17,-17,-24,7,10,4152.4,3004.8,1584.7,1187.31666666667,3000.78647024409,2458.87465316962,1770.29847106827,388,7942,0.983333333333333,3.45777850460784,619.030303030303,3730.00462258037,2.06594918230131,7706,7942,1781,1827,3171,2252,985,1424,1110,178.8,63.6,2.03333333333333,9.41666666666667,99.2278186800456,149.348719445464,136.239857930375,-290,360,0.733333333333333,0.484195063535508,29.1878787878788,90.3355752993513,0.752748845343196,68,360,163,117,-191,-290,-187,118,136,36,32,44,36,47,1,36,23,45,22,28,1,36,-4,46,-2,-1,0,-82,-122,-10,-2,-5,-1,-402,-413,-180,-127,-66,-1,1,0,1,0,0,,0,0,0,0
2026-06-08,up,traded,29578.75,29570,29501.25,60,60,60,1740,3540,571,0,1,6,2,0,0,0,55,33,2,20,249,6807,17,1,55,0.036579991185544,29577.5,29564.375,8,,,,,1,,,,6,61,25,6,61,,,,6,61,,,,8,,,,8,,-1.9,1428,8235,8235,8235,4652.3,0.983333333333333,1.45127552953357,0.437660904744391,260,509,509,509,249,238,39.1090909090909,66.2,1.6704973048776,1,1,0,7.15384615384615,7.15384615384615,1,1,93,0,0,260,1428,844,584,29566.25,1.5,0.182072829131653,8,15,16.1064425657518,93.7777777777778,64.8888888888889,1428,62.0869565217391,,0.016106442577031,62.0869565217391,11.304347826087,62,2,8235,509,0.661290322580645,0.061809350333941,23,23,8,,8.90218450094632,1,0,0,,25,,,,,,,,0.005602240896359,0.030769230769231,62.0869565217391,11.304347826087,0.182072829131653,0.118347338935574,4.18767507002801,2195.9,87.3,1.45127552953357,,,844,584,260,0.591036414565826,62.0869565217391,1.61064425770308,0.005602240896359,5.60224089635854,0.005602240896359,0.182072829131653,0.030769230769231,0.005602240896359,62.0869565217391,11.304347826087,4372,3863,509,0.53090467516697,132.822580645161,0.752884031572556,0.004978749241044,4.97874924104432,0.004978749241044,0.061809350333941,0.080550098231827,0.004978749241044,132.822580645161,8.20967741935484,4372,3863,509,0.53090467516697,132.822580645161,0.752884031572556,0.004978749241044,4.97874924104432,0.004978749241044,0.061809350333941,0.080550098231827,0.004978749241044,132.822580645161,8.20967741935484,4372,3863,509,0.53090467516697,132.822580645161,0.752884031572556,0.004978749241044,4.97874924104432,0.004978749241044,0.061809350333941,0.080550098231827,0.004978749241044,132.822580645161,8.20967741935484,0,1,169,0.118347338935574,0.136094674556213,-12.8,-12.2,-2.43333333333333,-1.78333333333333,13.4669966956259,14.871449156017,18.492671221024,-44,23,0.516666666666667,0.131583658426097,-0.824242424242424,-10.4582419800062,-0,0,-31,-16,-22,-27,17,-30,-38,-34,6591.4,4652.3,2747.66666666667,2345.5,5275.90494986405,4217.4154419502,2797.07970728202,1269,16727,0.983333333333333,1.45127552953357,878.29696969697,5602.76344529524,1.21493617684609,6807,16727,3508,3448,3567,2696,2091,2456,2268,-1.4,-87.1,-20.8666666666667,-39.7333333333333,137.690377296309,137.974961496643,161.548699227887,-271,445,0.916666666666667,1.6704973048776,39.1090909090909,-12.0110762592649,-20.7308649637396,249,11,-14,-142,-173,44,-271,-460,-144,10,-10,19,2,-6,0,8,-21,33,0,-6,0,8,-21,70,0,-6,0,286,240,498,0,3,1,,,,,,,2,1,0,0,0,,0,0,0,0
2026-06-09,down,traded,29671.25,29748.75,29695,120,120,120,1680,3480,572,0,2,6,2,0,0,0,43,7,9,27,-719,6579,3.6666666666657,1,43,-0.109287125702994,29672.5,29678.75,-13,-45,,,,-1,,,,-61,-18,-35.6260433494899,-61,-9,175,-57,272,-61,-9,84,-46,245,13,45,,,-13,19,-8,914,4239,10818,10818,3101.3,0.966666666666667,0.814878772112882,0.429269209092617,-256,-555,-1274,-1274,-1018,420,-52.7939393939394,-122.2,-1.44695061111876,0,0,0,0,0,0,0,0,0,0,-256,914,329,585,29682.5,3,-0.280087527352298,13,7,21.8818380504575,23.5,41.7857142857143,914,45.7,,0.021881838074398,45.7,-12.8,66,3,10818,-1274,0.787878787878788,-0.117766685154372,20,31,34.5398320783411,9.5,7.94536902156778,0,1,0,,-35.6260433494899,1,0,0,0,84,-46,245,0.014223194748359,0.05078125,45.7,-12.8,-0.280087527352298,0.097374179431072,5.60175054704595,884.2,-152,0.814878772112882,0,-0,329,585,-256,0.359956236323851,45.7,2.18818380743982,0.014223194748359,14.2231947483589,0.014223194748359,0.280087527352298,0.05078125,0.014223194748359,45.7,12.8,4772,6046,-1274,0.441116657422814,163.909090909091,0.610094287298946,0.004806803475689,4.80680347568867,0.004806803475689,0.117766685154372,0.040816326530612,0.004806803475689,163.909090909091,19.3030303030303,4772,6046,-1274,0.441116657422814,163.909090909091,0.610094287298946,0.004806803475689,4.80680347568867,0.004806803475689,0.117766685154372,0.040816326530612,0.004806803475689,163.909090909091,19.3030303030303,4772,6046,-1274,0.441116657422814,163.909090909091,0.610094287298946,0.004806803475689,4.80680347568867,0.004806803475689,0.117766685154372,0.040816326530612,0.004806803475689,163.909090909091,19.3030303030303,0,0,0,0.097374179431072,0.224719101123595,-5.6,-1.1,-1.53333333333333,-1.43333333333333,13.979985693841,11.9536605272193,10.8373838581499,-32,18,0.016666666666667,-2.81125657865806,-2.78181818181818,-5.53747677457795,5.77880527588108,-32,0,-7,6,-5,-3,12,9,-16,4600.6,3101.3,1789.56666666667,1500.38333333333,3286.1496983552,2772.93995787864,1884.24755421244,643,10035,0.966666666666667,0.814878772112882,562.69696969697,3641.39239300542,0.913112249695154,3325,6579,10035,1741,1479,1812,944,1524,1284,-155,-53.5,-36.1666666666667,-13.7166666666667,321.055758397198,256.718230751149,181.646375013529,-719,189,0.1,-1.44695061111876,-52.7939393939394,-126.710315594446,2.35971316618761,-299,-719,139,5,-17,172,114,38,-270,-27,-40,-25,-28,-21,-1,-27,-48,-26,-28,-21,-1,-27,-52,-24,-22,-4,-1,-27,-60,142,-1,37,0,175,60,228,35,-6,1,0,0,1,0,0,,0,0,0,0
2026-06-10,up,traded,29001.25,28953.75,28830,540,540,540,1260,3060,579,0,3,6,2,0,0,0,99,55,25,19,518,5952,16.3333333333343,1,99,0.087029569892473,28962.5,28973.125,-31,-1,31,145,,-1,,,,7,106,55.9853826518345,-49,152,-123,-709,587,-49,152,-123,-705,564,31,1,145,,-31,-61,9.6,2521,5780,14431,30205,4238.5,0.916666666666667,0.249959106650083,0.76680911897556,-85,194,975,643,728,195,49.2060606060606,59.6,0.9705630003368,0,0,0,0,0,0,0,0,0,0,-85,2521,1218,1303,28955,-14.5,-0.03371677905593,32,15,18.6433954705897,36.9090909090909,39.4848484848485,2521,53.6382978723404,,0.018643395477985,53.6382978723404,-1.80851063829787,201,10,30205,643,0.432835820895522,0.02128786624731,47,59.4,121.918005233025,40.4834976286253,23.086046771926,1,0,0,29,55.9853826518345,1,0,0,0,-123,-705,564,0.012693375644586,0.376470588235294,53.6382978723404,-1.80851063829787,-0.03371677905593,0.052756842522808,1.58468861562872,112.7,64.9,0.249959106650083,0,-0,1218,1303,-85,0.483141610472035,53.6382978723404,1.86433954779849,0.012693375644586,12.6933756445855,-0.012693375644586,0.03371677905593,0.376470588235294,0.012693375644586,53.6382978723404,1.80851063829787,4187,3909,278,0.517168972332016,87.0537634408602,1.14871541501976,0.003829051383399,3.82905138339921,0.003829051383399,0.034337944664032,0.111510791366906,0.003829051383399,87.0537634408602,2.98924731182796,7703,6728,975,0.533781442727462,71.7960199004975,1.39283486937842,0.010047813734322,10.0478137343219,0.010047813734322,0.067562885454923,0.148717948717949,0.010047813734322,71.7960199004975,4.85074626865672,15424,14781,643,0.510643933123655,150.273631840796,0.665452739612647,0.002880317828174,2.88031782817414,0.002880317828174,0.02128786624731,0.135303265940902,0.002880317828174,150.273631840796,3.19900497512438,0,1,133,0.052756842522808,0.353383458646617,26.2,7,6.03333333333333,1.65,41.7056351108576,36.6905982507781,31.7201127922893,-50,86,0.933333333333333,0.755566880345161,6.23030303030303,16.8358941920081,1.78190713590021,30,32,28,86,-15,10,-10,-7,-13,2773.4,4238.5,2641.2,2012,664.027288595883,3660.53950258702,2471.60428871614,970,14701,0.916666666666667,0.249959106650083,-772.890909090909,3167.47013729989,1.02889683524471,3259,2316,2542,3793,2528,2616,1346,595,795,139.4,5.1,21.4,19.2,356.917133239636,398.207094361715,265.412961250953,-677,719,0.95,0.9705630003368,49.2060606060606,81.4385646102593,3.4258953523458,279,84,-22,719,-330,156,20,-15,21,84,74,91,70,67,1,85,73,97,79,67,1,85,34,98,19,-1,1,85,-120,132,-2,1,0,-609,-709,138,2,-24,0,0,0,1,0,0,,0,0,0,0
2026-06-11,down,traded,28681.25,28786.25,28713.75,240,240,240,1560,3360,574,0,4,6,2,0,0,0,58,18,9,31,56,3232,13.3333333333343,1,58,0.017326732673267,28681.25,28696.25,-24,-14,-28,,,-1,,,,-84,-26,-38.2261453005514,-84,1,124,-455,150,-84,1,-193,-451,134,24,14,,,-24,-34,15.4,798,2619,12920,12920,3192.4,0.866666666666667,0.001360266712458,0.360035191409687,-216,-225,-536,-536,-320,337,-22.4121212121212,406.8,0.259082314138466,0,0,0,0,0,0,0,0,0,0,-216,798,291,507,28700,3,-0.270676691729323,26,6,40.1002505763155,10.7777777777778,18.7777777777778,798,24.9375,,0.040100250626566,24.9375,-6.75,88,5,12920,-536,0.647727272727273,-0.041486068111455,32,47.75,55.5067563455117,20.4618547546404,19.3010074578735,0,1,0,,-38.2261453005514,1,0,0,0,-193,-451,134,0.032581453634085,0.12037037037037,24.9375,-6.75,-0.270676691729323,0.070175438596491,8.66165413533835,-1908.6,366.2,0.001360266712458,0,-0,291,507,-216,0.364661654135338,24.9375,4.01002506265664,0.032581453634085,32.5814536340852,0.032581453634085,0.270676691729323,0.12037037037037,0.032581453634085,24.9375,6.75,2417,2988,-571,0.447178538390379,108.1,0.925069380203515,0.00536540240518,5.36540240518039,0.00536540240518,0.105642923219241,0.050788091068301,0.00536540240518,108.1,11.42,6192,6728,-536,0.479256965944272,146.818181818182,0.681114551083591,0.004411764705882,4.41176470588235,0.004411764705882,0.041486068111455,0.10634328358209,0.004411764705882,146.818181818182,6.09090909090909,6192,6728,-536,0.479256965944272,146.818181818182,0.681114551083591,0.004411764705882,4.41176470588235,0.004411764705882,0.041486068111455,0.10634328358209,0.004411764705882,146.818181818182,6.09090909090909,0,0,0,0.070175438596491,0.571428571428571,-25,-11.2,-3.36666666666667,-2.46666666666667,31.1640818892519,27.758962516636,23.4513444295963,-74,53,0.8,0.569974429687603,-1.89090909090909,-11.278842204574,-0.886615826218817,10,-14,-47,0,23,-17,24,3,22,4652.6,3192.4,1818.36666666667,1416.86666666667,3339.34715775404,2789.71328992784,1935.89485739512,605,11141,0.866666666666667,0.001360266712458,206.533333333333,3076.33485916823,0.591938161274275,1821,2786,4283,3232,1843,1575,980,886,1547,-472.2,-268,-108.566666666667,-66.9666666666667,796.767318606882,601.819241965559,384.305146407846,-2041,352,0.633333333333333,0.259082314138466,-22.4121212121212,-248.211559085769,0.036259391114376,-9,-346,-21,56,-75,-317,174,-78,211,-74,-86,-67,-55,-58,-1,-74,-87,-68,-74,-58,-1,-74,-109,-50,-28,-2,-1,-55,-170,118,2,-4,0,25,-229,111,-4,12,0,0,0,1,0,0,,0,0,0,0
2026-06-12,down,traded,29348.75,29501.25,29371.25,180,180,180,1620,3420,573,0,5,6,2,0,0,0,104,51,5,48,-43,4223,-2.6666666666657,1,104,-0.010182334833057,29347.5,29365.625,-31,-39,-67,,,-1,,,,-123,-19,-55.3213432170771,-123,-16,-88,-158,616,-123,-16,-88,-144,597,31,39,,,-31,-23,-0.4,903,2408,9132,9132,2994.3,0.783333333333333,-0.120141406237206,0.437754508435137,-219,-278,-502,-502,-283,122,-52.7333333333333,42.3,-0.241648466033074,0,0,0,0,0,0,0,0,0,0,-219,903,342,561,29373.75,6.5,-0.242524916943522,30,5,38.7596898795574,11.0322580645161,18.0967741935484,903,25.8,,0.038759689922481,25.8,-6.25714285714286,126,4,9132,-502,0.936507936507937,-0.05497152869032,35,37.3333333333333,42.5323406362735,10.2089285540757,16.5165237128021,0,1,0,,-55.3213432170771,1,0,0,0,-88,-144,597,0.033222591362126,0.136986301369863,25.8,-6.25714285714286,-0.242524916943522,0.073089700996678,8.48837209302326,-967.1,46.5,0.120141406237206,0,-0,342,561,-219,0.378737541528239,25.8,3.87596899224806,0.033222591362126,33.2225913621262,0.033222591362126,0.242524916943522,0.136986301369863,0.033222591362126,25.8,6.25714285714286,2225,2684,-459,0.453249134243227,66.3378378378378,1.50743532287635,0.013852108372377,13.8521083723773,0.013852108372377,0.093501731513547,0.148148148148148,0.013852108372377,66.3378378378378,6.2027027027027,4315,4817,-502,0.47251423565484,72.4761904761905,1.37976346911958,0.012921594393342,12.9215943933421,0.012921594393342,0.05497152869032,0.235059760956175,0.012921594393342,72.4761904761905,3.98412698412698,4315,4817,-502,0.47251423565484,72.4761904761905,1.37976346911958,0.012921594393342,12.9215943933421,0.012921594393342,0.05497152869032,0.235059760956175,0.012921594393342,72.4761904761905,3.98412698412698,0,1,66,0.073089700996678,0.53030303030303,-13.4,-2.5,-2.8,1.48333333333333,10.1508620323596,17.1362189528495,14.409256284301,-28,33,0.316666666666667,-0.360879138895285,-3.59393939393939,-6.9317239793759,1.15411404490464,-8,-28,0,-22,14,7,10,23,-3,4333.4,2994.3,1741.03333333333,1427.53333333333,3801.39840585014,3008.36015297371,1964.62935407392,696,11694,0.783333333333333,-0.120141406237206,271.448484848485,2996.30065984114,0.502286042309183,1505,2501,4223,11694,1567,1247,821,1559,1057,-226.6,-32.3,-6.23333333333333,39.7,364.649201288032,327.860351369299,218.361273021467,-936,351,0.2,-0.241648466033074,-52.7333333333333,-88.77215907404,0.664622789570673,-59,-181,-43,-936,169,107,37,75,-197,-83,-104,-78,-84,-66,-1,-83,-113,-61,-13,-8,-1,-83,-120,-52,-49,-8,-1,-163,-207,-69,-59,0,-1,438,131,616,59,2,1,0,0,1,0,0,,0,0,0,0
2026-06-15,up,traded,30700,30668.75,30605,300,300,300,1500,3300,575,0,1,6,2,0,0,0,51,27,1,23,153,5609,16.3333333333343,1,51,0.027277589588162,30701.25,30680,33,9,7,27,,1,,,,26,77,29.1546201283287,4,77,,,,4,77,,,,33,9,27,,33,57,-5.4,1275,3125,9017,14626,2481.7,0.933333333333333,0.394317728595085,0.845911428097529,223,53,41,194,-29,-144,-4.5030303030303,105.9,-0.88225839397992,0,0,0,0,0,0,0,0,0,0,223,1275,749,526,30683.75,3,0.174901960784314,33,1,26.6666666457516,22.0294117647059,15.4705882352941,1275,37.5,,0.026666666666667,37.5,6.55882352941176,77,6,14626,194,0.701298701298701,0.013264050321346,34,22.6,44.0567815438214,18.9483508517232,13.1343908203701,1,0,1,5.4,29.1546201283287,,,,,,,,0.025882352941177,0.147982062780269,37.5,6.55882352941176,0.174901960784314,0.061176470588235,5.94666666666667,-847.8,-62,0.394317728595085,,,749,526,223,0.587450980392157,37.5,2.66666666666667,0.025882352941177,25.8823529411765,0.025882352941177,0.174901960784314,0.147982062780269,0.025882352941177,37.5,6.55882352941176,2324,2297,27,0.502921445574551,128.361111111111,0.77905215321359,0.001514823631249,1.51482363124865,0.001514823631249,0.005842891149102,0.259259259259259,0.001514823631249,128.361111111111,0.75,4529,4488,41,0.502273483420206,250.472222222222,0.399245868914273,0.002994344016857,2.99434401685705,0.002994344016857,0.004546966840413,0.658536585365854,0.002994344016857,250.472222222222,1.13888888888889,7410,7216,194,0.506632025160673,189.948051948052,0.526459729249282,0.003692055244086,3.69205524408587,0.003692055244086,0.013264050321346,0.278350515463918,0.003692055244086,189.948051948052,2.51948051948052,0,0,0,0.061176470588235,0.435897435897436,-1.2,-1.3,0.966666666666667,-0.716666666666667,12.9984614474175,12.8767231856556,13.4399487432885,-24,43,0.016666666666667,-1.85764597347399,-1.23030303030303,-2.73252985022886,8.78306965173315,-24,-2,16,4,-17,4,4,0,0,2670.2,2481.7,1232,814.383333333333,1501.13908749323,2212.50595705413,1567.26404922719,359,7749,0.933333333333333,0.394317728595085,118.684848484848,2246.21624943184,0.823607255297856,1850,1496,1940,2456,7749,868,432,652,304,-5.8,-82.9,-21.2666666666667,-12.3833333333333,109.431988010819,254.858960996077,168.582508648502,-805,193,0.066666666666667,-0.88225839397992,-4.5030303030303,-68.6633341758113,2.47584831177463,-170,-26,66,-52,-805,64,16,48,34,58,48,73,49,51,1,58,48,83,49,51,1,58,48,105,55,51,1,109,58,189,59,51,1,,,,,,,0,0,1,0,0,,0,0,0,0
2026-06-17,down,traded,30433.75,30528.75,30466.25,180,180,180,1620,3420,573,0,3,6,2,0,0,0,50,38,2,10,-359,4687,-10,1,50,-0.07659483678259,30435,30446.875,-23,-14,-35,,,-1,,,,-75,-25,-33.646868330022,-75,-7,100,-364,106,-75,-7,100,-349,100,23,14,,,-23,-32,1.1,1122,2953,10180,10180,2839.6,0.916666666666667,0.190030820837712,0.593635089018809,-244,-209,-858,-858,-614,325,-36.0363636363636,167.2,0.477487711697354,0,0,0,0,0,0,0,0,0,0,-244,1122,439,683,30438.75,-6.5,-0.2174688057041,22,5,24.0641711015471,19.0869565217391,29.695652173913,1122,41.5555555555556,,0.024064171122995,41.5555555555556,-9.03703703703704,79,4,10180,-858,0.924050632911392,-0.084282907662083,27,29.6666666666667,32.4191301548947,14.6363322667334,10.5411363502971,0,1,0,,-33.646868330022,1,0,0,0,100,-349,100,0.019607843137255,0.09016393442623,41.5555555555556,-9.03703703703704,-0.2174688057041,0.079322638146168,5.8716577540107,-659,87.2,0.190030820837712,0,-0,439,683,-244,0.39126559714795,41.5555555555556,2.40641711229947,0.019607843137255,19.6078431372549,0.019607843137255,0.2174688057041,0.09016393442623,0.019607843137255,41.5555555555556,9.03703703703704,2497,2996,-499,0.45457855452394,119.413043478261,0.837429455670854,0.0067358456217,6.73584562170035,0.0067358456217,0.090842890952121,0.074148296593186,0.0067358456217,119.413043478261,10.8478260869565,4661,5519,-858,0.457858546168959,128.860759493671,0.776031434184676,0.007170923379175,7.17092337917485,0.007170923379175,0.084282907662083,0.085081585081585,0.007170923379175,128.860759493671,10.8607594936709,4661,5519,-858,0.457858546168959,128.860759493671,0.776031434184676,0.007170923379175,7.17092337917485,0.007170923379175,0.084282907662083,0.085081585081585,0.007170923379175,128.860759493671,10.8607594936709,0,0,0,0.079322638146168,0.303370786516854,-6.8,-5.1,-4.1,-1.96666666666667,15.8417170786503,16.9201063826443,11.9313313031978,-30,31,0.85,1.09794956380844,-1.08484848484849,-5.83861882201199,-1.54146045055543,9,-21,0,-30,-13,-19,1,2,-2,4050.2,2839.6,1506.83333333333,1188.68333333333,2978.36085120658,2436.87838022335,1705.86363431808,492,9594,0.916666666666667,0.190030820837712,292.49696969697,2879.97150764348,0.63577017867729,1831,2540,4687,9594,1701,1311,616,816,408,-342.6,-220.8,-74.6333333333333,-46.95,412.46022838572,344.70764424364,229.604512634709,-1106,267,0.716666666666667,0.477487711697354,-36.0363636363636,-223.859795701418,-0.15634786000914,35,-290,-359,-1106,-309,-151,98,-32,30,-52,-63,-48,-52,-42,-1,-52,-66,-39,-39,-25,-1,-52,-60,-39,-45,-25,-1,-52,-75,36,1,8,0,-19,-204,70,3,22,0,0,0,1,0,0,,0,0,0,0
2026-06-18,down,traded,30527.5,30616.25,30553.75,240,240,240,1560,3360,574,0,4,6,2,0,0,0,50,18,17,15,-689,6691,-6.6666666666657,1,50,-0.102974144373038,30526.25,30543.125,-15,-39,-37,,,-1,,,,-72,-22,-35.9465986616939,-72,-13,425,-16,482,-72,-13,38,4,467,15,39,,,-15,9,-5.6,1459,3802,16752,16752,3093,0.833333333333333,0.108367385102589,0.599412501797416,-163,-512,-1860,-1860,-1697,-112,-58.230303030303,-4.4,-1.07759720100122,0,0,0,0,0,0,0,0,0,0,-163,1459,648,811,30535,-6.5,-0.111720356408499,16,15,21.2474297318386,38.1176470588235,47.7058823529412,1459,47.0645161290323,,0.021247429746402,47.0645161290323,-5.25806451612903,74,5,16752,-1860,0.743243243243243,-0.111031518624642,31,30.5,28.3725219182222,10.7558123821495,15.957025620919,0,1,0,,-35.9465986616939,0,1,1,0,38,4,467,0.010966415352982,0.098159509202454,47.0645161290323,-5.25806451612903,-0.111720356408499,0.078135709389993,3.46333104866347,-1408.4,-23.4,0.108367385102589,-1,1,648,811,-163,0.444139821795751,47.0645161290323,2.12474297464016,0.010966415352982,10.9664153529815,0.010966415352982,0.111720356408499,0.098159509202454,0.010966415352982,47.0645161290323,5.25806451612903,2863,3612,-749,0.442162162162162,129.5,0.772200772200772,0.005714285714286,5.71428571428571,0.005714285714286,0.115675675675676,0.049399198931909,0.005714285714286,129.5,14.98,7446,9306,-1860,0.444484240687679,226.378378378378,0.441738299904489,0.003283190066858,3.28319006685769,0.003283190066858,0.111031518624642,0.029569892473118,0.003283190066858,226.378378378378,25.1351351351351,7446,9306,-1860,0.444484240687679,226.378378378378,0.441738299904489,0.003283190066858,3.28319006685769,0.003283190066858,0.111031518624642,0.029569892473118,0.003283190066858,226.378378378378,25.1351351351351,0,1,114,0.078135709389993,0.271929824561404,-3.4,1.4,-2.9,-4.51666666666667,10.4613574644976,22.2899080303172,24.4790386521475,-58,63,0.216666666666667,-0.8619619544638,-3.13939393939394,-3.5512091108058,6.75826155293744,-24,2,0,0,-5,17,0,2,12,4533.8,3093,2187.26666666667,1771.8,2092.46834145705,2091.6475802582,1437.0867506483,1037,7376,0.833333333333333,0.108367385102589,248.872727272727,3142.27759586211,0.745637496536068,2343,2673,3586,6691,1437,1797,2014,1308,1580,-340.6,-165.4,-83.4,-62.7666666666667,223.950530251661,243.125975576449,246.474285338924,-742,376,0.116666666666667,-1.07759720100122,-58.230303030303,-223.745485781916,1.55980800587042,-349,-237,-422,-689,-43,73,372,-60,-34,-60,-68,-20,-4,4,-1,-60,-68,10,-4,0,0,-60,-68,25,-4,1,0,101,26,150,22,1,1,61,13,207,16,-2,1,0,1,0,0,0,,0,0,0,0
2026-06-22,down,traded,30791.25,30905,30803.75,180,180,180,1620,3420,573,0,1,6,2,0,0,0,81,55,10,16,438,5228,20.3333333333343,1,81,0.083779648048967,30791.25,30804.375,-17,-29,-81,,,-1,,,,-91,-10,-49.4248622396553,-91,-10,,,,-91,-10,,,,17,29,,,-17,-5,-5.5,907,3127,11614,11614,1147.1,0.966666666666667,1.59567374429462,1.48154197974518,-241,-237,26,26,267,179,9.41212121212122,-24.9,0.02283880401978,0,0,0,0,0,0,0,0,0,0,-241,907,333,574,30800,-3.5,-0.265711135611907,17,8,27.5633957799742,18.5,31.8888888888889,907,36.28,,0.027563395810364,36.28,-9.64,93,4,11614,26,0.279569892473118,0.00223867745824,25,39.3333333333333,56.0089278597618,17.7951304200522,16.7406358567675,0,1,0,,-49.4248622396553,,,,,,,,0.018743109151047,0.070539419087137,36.28,-9.64,-0.265711135611907,0.130099228224917,6.64277839029768,733.7,-12.5,1.59567374429462,,,333,574,-241,0.367144432194046,36.28,2.75633958103638,0.018743109151047,18.7431091510474,0.018743109151047,0.265711135611907,0.070539419087137,0.018743109151047,36.28,9.64,2987,3399,-412,0.467741935483871,74.2558139534884,1.34669589727529,0.012840588787974,12.8405887879737,0.012840588787974,0.064516129032258,0.199029126213592,0.012840588787974,74.2558139534884,4.7906976744186,5820,5794,26,0.50111933872912,124.881720430108,0.800757706216635,0.00223867745824,2.23867745824005,0.00223867745824,0.00223867745824,1,0.00223867745824,124.881720430108,0.279569892473118,5820,5794,26,0.50111933872912,124.881720430108,0.800757706216635,0.00223867745824,2.23867745824005,0.00223867745824,0.00223867745824,1,0.00223867745824,124.881720430108,0.279569892473118,0,1,118,0.130099228224917,0.211864406779661,-15.6,-8.1,-3.1,-1.51666666666667,18.5967739137733,15.7445228571716,10.1336074524327,-52,11,0.033333333333333,-0.87826571551905,-2.72121212121212,-11.528909190066,1.04086169837646,-12,-52,0,-7,-3,-9,-3,2,-1,2199.6,1147.1,436.3,259.416666666667,1936.16658374222,1727.13887397626,1117.83502509688,20,5228,0.966666666666667,1.59567374429462,405.036363636364,1582.3998294654,1.40293240599629,2220,3259,5228,220,30,130,57,78,41,46,14.9,1.96666666666667,0.65,206.375386129257,150.230123477284,89.0297640617389,-175,438,0.7,0.02283880401978,9.41212121212122,19.9535622413769,0.200465458328306,4,-175,438,-32,-12,-56,-31,14,-5,-55,-66,-32,-24,-30,-1,-55,-64,-34,-24,-9,-1,-16,-50,-12,-16,-9,-1,145,35,307,-16,1,1,,,,,,,0,0,1,0,0,,0,0,0,0
2026-06-23,up,traded,29750,29721.25,29638.75,120,120,120,1680,3480,572,0,2,6,2,0,0,0,66,48,2,16,-275,8153,-11.3333333333343,1,66,-0.033729915368576,29751.25,29734.375,12,74,,,,1,,,,24,90,54.6625468991406,9,107,-723,-974,-602,9,107,-913,-949,-640,12,74,,,12,-50,8.8,1017,6457,14610,14610,3017.1,0.966666666666667,1.99160397278554,0.539422388415944,39,1,-274,-274,-313,237,-3.32727272727273,-4.8,-0.136315378426653,0,0,0,0,0,0,0,0,0,0,39,1017,528,489,29735,0.5,0.03834808259587,12,19,30.4818092128989,40.6153846153846,37.6153846153846,1017,32.8064516129032,,0.030481809242871,32.8064516129032,1.25806451612903,109,3,14610,-274,0.238532110091743,-0.018754277891855,31,64.5,63.1506136153878,25,19.0094713235271,1,0,0,,54.6625468991406,0,1,0,1,-913,-949,-640,0.011799410029499,0.307692307692308,32.8064516129032,1.25806451612903,0.03834808259587,0.063913470993117,1.18879056047198,1512.8,-40,-1.99160397278554,-1,1,528,489,39,0.519174041297935,32.8064516129032,3.04818092428712,0.011799410029499,11.7994100294985,0.011799410029499,0.03834808259587,0.307692307692308,0.011799410029499,32.8064516129032,1.25806451612903,7168,7442,-274,0.490622861054073,134.036697247706,0.746064339493498,0.001779603011636,1.77960301163587,0.001779603011636,0.018754277891855,0.094890510948905,0.001779603011636,134.036697247706,2.51376146788991,7168,7442,-274,0.490622861054073,134.036697247706,0.746064339493498,0.001779603011636,1.77960301163587,0.001779603011636,0.018754277891855,0.094890510948905,0.001779603011636,134.036697247706,2.51376146788991,7168,7442,-274,0.490622861054073,134.036697247706,0.746064339493498,0.001779603011636,1.77960301163587,0.001779603011636,0.018754277891855,0.094890510948905,0.001779603011636,134.036697247706,2.51376146788991,0,0,0,0.063913470993117,0.476923076923077,18.4,7.3,4.2,2.2,22.4641937313584,20.0102473747828,14.3396885135859,-12,62,1,4.03077095748896,4.22424242424242,14.1550206684745,4.38007131547919,62,0,10,4,-12,4,-2,4,9,4863.8,3017.1,1417.96666666667,946.816666666667,3030.21355023041,2837.00836974444,2019.49453219254,352,8153,0.966666666666667,1.99160397278554,758.587878787879,3831.35857683054,1.41986188212647,5440,8153,8028,1491,1121,1375,431,442,546,-46.2,-65.3,-26.8333333333333,-19.8166666666667,124.838135199145,101.141534494984,81.9178789330442,-275,212,0.383333333333333,-0.136315378426653,-3.32727272727273,-60.8399856662395,0.624589233279297,-38,-275,82,-49,-191,-71,-41,0,66,41,23,58,6,9,1,41,14,44,6,7,1,31,4,39,2,-9,1,-63,-407,60,2,-5,0,-667,-804,-604,-635,-611,-1,1,0,1,0,0,,0,0,0,0
2026-06-24,up,traded,29728.75,29712.5,29635,120,120,120,1680,3480,572,0,3,6,2,0,0,0,62,46,1,15,-85,6655,-10.6666666666657,1,62,-0.012772351615327,29727.5,29701.875,49,59,,,,1,,,,12,74,48.1149506584508,12,74,62,-256,120,12,74,55,-248,109,49,59,,,49,39,5.1,1863,5105,11760,11760,3548,0.966666666666667,0.596203468340157,0.801773110690308,455,981,896,896,441,611,23.3090909090909,12.2,2.67972270316211,0,0,0,0,0,0,0,0,0,0,455,1863,1159,704,29703.75,1.5,0.24422973698336,49,8,30.595813188086,23.18,14.08,1863,32.6842105263158,,0.030595813204509,32.6842105263158,7.98245614035088,82,3,11760,896,0.158536585365854,0.076190476190476,57,45.5,50.0099990001999,19.5,11.7556605750402,1,0,1,,48.1149506584508,1,0,0,0,55,-248,109,0.026301663982823,0.107692307692308,32.6842105263158,7.98245614035088,0.24422973698336,0.053140096618358,13.9210950080515,649,53,-0.596203468340157,0,-0,1159,704,455,0.62211486849168,32.6842105263158,3.05958132045089,0.026301663982823,26.3016639828234,0.026301663982823,0.24422973698336,0.107692307692308,0.026301663982823,32.6842105263158,7.98245614035088,6328,5432,896,0.538095238095238,143.414634146341,0.697278911564626,0.001105442176871,1.10544217687075,0.001105442176871,0.076190476190476,0.014508928571429,0.001105442176871,143.414634146341,10.9268292682927,6328,5432,896,0.538095238095238,143.414634146341,0.697278911564626,0.001105442176871,1.10544217687075,0.001105442176871,0.076190476190476,0.014508928571429,0.001105442176871,143.414634146341,10.9268292682927,6328,5432,896,0.538095238095238,143.414634146341,0.697278911564626,0.001105442176871,1.10544217687075,0.001105442176871,0.076190476190476,0.014508928571429,0.001105442176871,143.414634146341,10.9268292682927,0,4,362,0.053140096618358,0.575757575757576,-8,-2.2,-0.9,-0.266666666666667,17.308957218735,18.0321934328578,13.3450365304858,-37,36,0.816666666666667,0.816783076996434,-1.18787878787879,-2.82133355400237,-3.54442316322858,10,0,-37,5,0,-9,-10,-15,35,5525.4,3548,1820,1412.83333333333,4113.24001730995,3523.68347046099,2385.0917941804,638,13097,0.966666666666667,0.596203468340157,690.09696969697,4130.06670755288,0.784975214582171,3242,6655,13097,2617,1411,1380,810,1015,1541,52.2,12.8,19.1333333333333,12.7,335.099626976814,256.990583485076,189.148924278082,-491,526,1,2.67972270316211,23.3090909090909,52.4068398069299,10.0368578211893,526,-85,-491,185,-19,-84,-30,-201,331,15,-9,18,0,-1,0,15,-15,18,0,-4,0,15,-28,18,0,20,0,-74,-106,-5,7,-1,-1,-2,-119,72,-2,-53,0,2,1,0,0,0,,0,0,0,0
2026-06-25,down,traded,30097.5,30193.75,30108.75,60,60,60,1740,3540,571,0,4,6,2,0,0,0,68,25,32,11,16,5732,-15.3333333333343,1,68,0.002791346824843,30097.5,30112.5,-20,,,,,-1,,,,-77,-9,-35.3333333333343,-77,-9,466,152,666,-77,-9,355,165,645,20,,,,-20,,7.1,793,6525,6525,6525,2604.4,0.983333333333333,2.72413963521789,0.42065618120574,-223,-207,-207,-207,16,513,-17.7818181818182,4.2,0.222118606927359,0,0,0,0,0,0,0,0,0,0,-223,793,285,508,30120,6,-0.281210592686003,20,4,30.2648171118981,13.5714285714286,24.1904761904762,793,33.0416666666667,,0.030264817150063,33.0416666666667,-9.29166666666667,77,2,6525,-207,0.584415584415584,-0.031724137931035,24,24,20,,11.8915936694793,0,1,0,,-35.3333333333343,0,1,1,0,355,165,645,0.025220680958386,0.089686098654709,33.0416666666667,-9.29166666666667,-0.281210592686003,0.147540983606557,6.74905422446406,1553.9,-2.5,2.72413963521789,-1,1,285,508,-223,0.359394703656999,33.0416666666667,3.02648171500631,0.025220680958386,25.2206809583859,0.025220680958386,0.281210592686003,0.089686098654709,0.025220680958386,33.0416666666667,9.29166666666667,3159,3366,-207,0.484137931034483,84.7402597402597,1.18007662835249,0.006896551724138,6.89655172413793,0.006896551724138,0.031724137931035,0.217391304347826,0.006896551724138,84.7402597402597,2.68831168831169,3159,3366,-207,0.484137931034483,84.7402597402597,1.18007662835249,0.006896551724138,6.89655172413793,0.006896551724138,0.031724137931035,0.217391304347826,0.006896551724138,84.7402597402597,2.68831168831169,3159,3366,-207,0.484137931034483,84.7402597402597,1.18007662835249,0.006896551724138,6.89655172413793,0.006896551724138,0.031724137931035,0.217391304347826,0.006896551724138,84.7402597402597,2.68831168831169,0,1,117,0.147540983606557,0.205128205128205,5.6,6.3,2.93333333333333,2.41666666666667,19.1269443456084,14.8865711297128,15.1127613477999,-31,39,0.416666666666667,-0.194096450398878,0.13939393939394,6.86255803096001,0,0,39,1,8,-2,11,-2,16,-10,3723.2,2604.4,1613.63333333333,1395.18333333333,2773.79807484251,2266.07136692559,1511.80453946784,694,8217,0.983333333333333,2.72413963521789,544.8,3271.00951199971,1.75236421018408,5732,8217,1782,1628,1842,2332,1075,1765,1898,-162,-107,-15.6333333333333,-2.78333333333333,179.246199401828,150.810477089624,142.416404329776,-497,332,0.633333333333333,0.222118606927359,-17.7818181818182,-113.376237661667,-0.141123045975001,16,-497,-74,-70,-88,-128,5,125,-56,-52,-55,-37,-37,-58,-1,-52,-58,-36,-38,-69,-1,-52,-86,-33,-38,-68,-1,-47,-88,34,1,12,0,358,180,514,237,159,1,0,0,1,0,0,,0,0,0,0
2026-06-26,down,traded,29250,29362.5,29292.5,180,180,180,1620,3420,573,0,5,6,2,0,0,0,56,22,0,34,-46,4294,4,1,56,-0.010712622263624,29250,29273.125,-32,-86,-68,,,-1,,,,-90,-34,-64.1336518164637,-98,-27,-399,-755,-37,-98,-27,-698,-698,-53,32,86,,,-32,22,-13,911,3149,9912,9912,2291.7,0.95,0.740869693851983,0.591155381071347,-303,-569,-442,-442,-139,-439,-7.15757575757576,-33.5,-2.32106544191309,0,0,0,0,0,0,0,0,0,0,-303,911,304,607,29271.25,-1.5,-0.332601536772777,33,4,40.6147090662846,8.94117647058824,17.8529411764706,911,24.6216216216216,,0.040614709110867,24.6216216216216,-8.18918918918919,98,4,9912,-442,0.918367346938776,-0.044592413236481,37,53.6666666666667,65.299310869258,30.12566274052,14.2095820565639,0,1,0,,-64.1336518164637,0,1,0,1,-698,-698,-53,0.03622392974753,0.108910891089109,24.6216216216216,-8.18918918918919,-0.332601536772777,0.088913282107574,12.3062568605928,-252.9,-61.9,-0.740869693851983,1,-1,304,607,-303,0.333699231613611,24.6216216216216,4.06147091108672,0.03622392974753,36.2239297475302,0.03622392974753,0.332601536772777,0.108910891089109,0.03622392974753,24.6216216216216,8.18918918918919,2611,3007,-396,0.464756140975436,57.3265306122449,1.74439302242791,0.012103951584194,12.1039515841937,0.012103951584194,0.070487718049128,0.171717171717172,0.012103951584194,57.3265306122449,4.04081632653061,4735,5177,-442,0.47770379338176,101.142857142857,0.988700564971751,0.0090799031477,9.07990314769976,0.0090799031477,0.044592413236481,0.203619909502262,0.0090799031477,101.142857142857,4.51020408163265,4735,5177,-442,0.47770379338176,101.142857142857,0.988700564971751,0.0090799031477,9.07990314769976,0.0090799031477,0.044592413236481,0.203619909502262,0.0090799031477,101.142857142857,4.51020408163265,0,3,219,0.088913282107574,0.45679012345679,1.8,1.1,1.9,-0.216666666666667,33.9081111240364,24.5497454161953,17.1257116640448,-54,50,0.016666666666667,-3.26409793044462,-1.46060606060606,-1.86119063267603,29.0136856762268,-54,18,0,50,2,18,2,-7,-18,3460.6,2291.7,1253.53333333333,1009.86666666667,2091.63874509916,1888.77240820592,1328.79867382367,409,7130,0.95,0.740869693851983,312.212121212121,2468.48223539176,0.906629980120079,2238,2469,4294,7130,905,899,655,580,924,22.6,10.1,5.33333333333333,-0.066666666666667,178.8,136.789217411315,116.90033741991,-266,244,0.016666666666667,-2.32106544191309,-7.15757575757576,-3.23909737618673,82.1216435033984,-266,173,-46,244,5,29,-9,-32,10,16,-49,29,-3,5,0,-25,-55,1,-3,5,0,-64,-75,-8,-10,5,-1,-97,-216,23,-3,25,0,-360,-451,-251,-221,-42,-1,2,1,0,0,0,,0,0,0,1
2026-06-30,up,traded,30116.25,30092.5,30033.75,60,60,60,1740,3540,571,0,2,6,2,0,0,0,47,32,4,11,94,5230,13,1,47,0.017973231357553,30118.75,30101.25,25,,,,,1,,,,21,68,38,21,68,58,39,676,21,68,58,58,656,25,,,,25,,-0.7,811,6041,6041,6041,2542.6,0.983333333333333,2.23721507192798,0.495100882146455,293,387,387,387,94,366,8.75151515151515,-4.4,1.25557646280199,0,0,0,0,0,0,0,0,0,0,293,811,552,259,30102.5,1,0.361282367447596,25,7,39.4574598773644,21.2307692307692,9.96153846153846,811,25.34375,,0.039457459926017,25.34375,9.15625,70,2,6041,387,0.814285714285714,0.06406224135077,32,32,25,,9.51396634193939,1,0,0,,38,0,1,1,0,58,58,656,0.030826140567201,0.085324232081911,25.34375,9.15625,0.361282367447596,0.102342786683107,11.5610357583231,1636.6,29.4,2.23721507192798,1,-1,552,259,293,0.680641183723798,25.34375,3.94574599260173,0.030826140567201,30.826140567201,0.030826140567201,0.361282367447596,0.085324232081911,0.030826140567201,25.34375,9.15625,3214,2827,387,0.532031120675385,86.3,1.15874855156431,0.009435523919881,9.43552391988081,0.009435523919881,0.06406224135077,0.147286821705426,0.009435523919881,86.3,5.52857142857143,3214,2827,387,0.532031120675385,86.3,1.15874855156431,0.009435523919881,9.43552391988081,0.009435523919881,0.06406224135077,0.147286821705426,0.009435523919881,86.3,5.52857142857143,3214,2827,387,0.532031120675385,86.3,1.15874855156431,0.009435523919881,9.43552391988081,0.009435523919881,0.06406224135077,0.147286821705426,0.009435523919881,86.3,5.52857142857143,0,3,220,0.102342786683107,0.385542168674699,6.2,4.9,0.733333333333333,0.25,8.05977667184395,7.32734604068895,8.69457046412044,-31,22,0.583333333333333,-0.084343825420652,0.76969696969697,4.10807153416587,0,0,2,22,5,13,-31,6,-5,-4,3870.4,2542.6,1273.36666666667,951.95,3135.05601863826,2587.44886712762,1768.55295808623,347,9372,0.983333333333333,2.23721507192798,616.254545454545,3260.60577333965,1.60399642384342,5230,9372,2517,1000,1499,2159,703,880,1083,-66.8,-70.4,-40.1666666666667,-23.95,150.62987751439,113.964204906628,106.856627725607,-377,147,0.883333333333333,1.25557646280199,8.75151515151515,-60.6313950636341,-1.55035192413674,94,-272,1,64,-21,-377,33,-92,-75,76,64,83,66,62,1,76,67,85,66,62,1,79,64,85,66,92,1,79,-11,95,-1,19,0,79,40,371,53,116,1,0,0,1,0,0,,0,0,0,1
2026-07-08,up,traded,29318.75,29277.5,29201.25,120,120,120,1680,3480,572,0,3,7,3,0,0,0,61,39,20,2,128,5430,7,1,61,0.023572744014733,29320,29310,19,54,,,,1,,,,34,95,51.6496707501006,16,95,-61,-293,88,16,95,-61,-258,65,19,54,,,19,-16,6.7,802,4433,9863,9863,2788.3,0.966666666666667,1.27136077623726,0.451729187788667,188,447,575,575,387,131,-6.01818181818182,77.7,1.57303639431722,0,0,0,0,0,0,0,0,0,0,188,802,495,307,29318.75,7,0.234413965087282,19,9,34.9127181609567,24.75,15.35,802,28.6428571428571,,0.034912718204489,28.6428571428571,6.71428571428571,101,3,9863,575,0.920792079207921,0.058298692081517,28,45,39.8246155034798,8,12.0791831953434,1,0,0,,51.6496707501006,1,0,0,0,-61,-258,65,0.023690773067332,0.101063829787234,28.6428571428571,6.71428571428571,0.234413965087282,0.097256857855362,6.56359102244389,824.6,85.4,-1.27136077623726,0,-0,495,307,188,0.617206982543641,28.6428571428571,3.49127182044888,0.023690773067332,23.6907730673317,0.023690773067332,0.234413965087282,0.101063829787234,0.023690773067332,28.6428571428571,6.71428571428571,5219,4644,575,0.529149346040758,97.6534653465347,1.02402920004056,0.00942917976275,9.42917976274967,0.00942917976275,0.058298692081517,0.161739130434783,0.00942917976275,97.6534653465347,5.69306930693069,5219,4644,575,0.529149346040758,97.6534653465347,1.02402920004056,0.00942917976275,9.42917976274967,0.00942917976275,0.058298692081517,0.161739130434783,0.00942917976275,97.6534653465347,5.69306930693069,5219,4644,575,0.529149346040758,97.6534653465347,1.02402920004056,0.00942917976275,9.42917976274967,0.00942917976275,0.058298692081517,0.161739130434783,0.00942917976275,97.6534653465347,5.69306930693069,0,1,78,0.097256857855362,0.358974358974359,9.6,8,2.1,0.966666666666667,13.6908728720999,10.899541274751,10.2155110820099,-19,35,1,3.22059265913174,1.2,9.39031091449215,3.72724612834536,35,0,6,11,-4,-9,5,3,-5,4233,2788.3,1446,1193.36666666667,2774.4154699684,2459.80389665518,1718.63096678723,480,8963,0.966666666666667,1.27136077623726,557.557575757576,3290.35295698778,1.10352902787793,3631,5430,8963,1836,1108,1139,503,1711,1269,-117.4,-60.3,-30.3333333333333,-19.0333333333333,418.837725139463,307.985730188916,183.93301920959,-913,259,0.983333333333333,1.57303639431722,-6.01818181818182,-50.6551002654575,-5.11300932468228,259,128,-913,86,-50,-65,-1,41,-57,96,86,118,79,86,1,114,88,122,79,82,1,109,93,127,79,70,1,114,-50,326,8,1,0,-176,-216,-7,1,-48,-1,1,0,1,0,0,,0,0,0,0
2026-07-09,up,traded,29763.75,29755,29682.5,240,240,240,1560,3360,574,0,4,7,3,0,0,0,58,41,6,11,-464,5070,-12,1,58,-0.091518737672584,29763.75,29748.75,23,51,53,,,1,,,,7,65,44.2872778593854,7,73,245,211,583,7,73,409,220,567,23,51,,,23,-5,10.8,928,2668,12501,12501,2678.2,0.916666666666667,0.300282459940664,0.547460326824376,288,546,95,95,-193,126,-7.79393939393939,370.6,1.24560380643226,1,1,0,17.3333333333333,17.3333333333333,1,1,104,0,0,288,928,608,320,29755,5,0.310344827586207,24,2,28.0172413491194,24.32,12.8,928,35.6923076923077,,0.02801724137931,35.6923076923077,11.0769230769231,74,5,12501,95,0.175675675675676,0.007599392048636,26,31.5,36.3042697213427,12.1346610995116,11.3566426963841,1,0,0,,44.2872778593854,0,1,1,0,409,220,567,0.025862068965517,0.083333333333333,35.6923076923077,11.0769230769231,0.310344827586207,0.173491379310345,8.06896551724138,-1617.2,326.4,0.300282459940664,1,-1,608,320,288,0.655172413793103,35.6923076923077,2.80172413793103,0.025862068965517,25.8620689655172,0.025862068965517,0.310344827586207,0.083333333333333,0.025862068965517,35.6923076923077,11.0769230769231,2608,1930,678,0.574702512119877,61.3243243243243,1.63067430586161,0.01211987659762,12.1198765976201,0.01211987659762,0.149405024239753,0.081120943952802,0.01211987659762,61.3243243243243,9.16216216216216,6298,6203,95,0.503799696024318,168.932432432432,0.591952643788497,0.001039916806655,1.03991680665547,0.001039916806655,0.007599392048636,0.136842105263158,0.001039916806655,168.932432432432,1.28378378378378,6298,6203,95,0.503799696024318,168.932432432432,0.591952643788497,0.001039916806655,1.03991680665547,0.001039916806655,0.007599392048636,0.136842105263158,0.001039916806655,168.932432432432,1.28378378378378,0,3,416,0.173491379310345,0.161490683229814,1.2,4.3,2.56666666666667,1.28333333333333,16.7737890770094,12.9,9.62525612934822,-25,28,1,2.64235392716303,0.103030303030303,5.47830588852424,5.11106910964088,28,2,1,0,0,4,9,-4,2,3959.8,2678.2,1254.86666666667,862.266666666667,2444.00674303489,2160.32816025714,1615.58997961185,273,8226,0.916666666666667,0.300282459940664,199.636363636364,2549.34716047379,0.682527678841757,1740,1870,2893,5070,1425,856,481,301,373,-253.8,-115.2,-26.3333333333333,-14.1333333333333,479.405632006968,372.111219932966,228.269480122849,-1076,258,1,1.24560380643226,-7.79393939393939,-76.0741612285034,-3.39142746806037,258,132,-119,-464,-141,88,53,-27,7,16,14,25,16,11,1,20,12,24,12,13,1,21,4,26,16,2,1,187,79,285,16,2,1,291,266,431,291,219,1,1,0,1,0,0,,0,0,0,1
Total fechas con features: 191
Telegram resumen enviado.
ERROR EN ANALISIS FAMILIAS: cannot convert float NaN to integer

TERMINO LA PRUEBA DE TEMPORADAS DST COMPLETAS 2022-2026 V11.

