trade_id,Result_VERSION,fecha,entry_timestamp,outcome_timestamp,ExitTime_NY,Trade_Duration,EntryBar,Side,Entry_price,Result_Label,Exit_price,result_ticks,MAE_ticks,MFE_ticks,Largest_MAE_pullback_ticks,Largest_MFE_pullup_ticks,Number_of_Pullbacks_during_Trade,Number_of_PullUps_during_Trade,Max_Speed_MAE_during_trade,Max_Speed_MFE_during_trade,SL_price_Final,TP_price_Final,SL_ticks_Final,TP_ticks_Final,Cvd_Current_Final,Cvd_Peak_Final,Cvd_Pullback_Pct_Final,Cvd_Label_Final,Cvd_Worst_Label_Final,Cvd_Excelente_Count_Final,Cvd_Normal_Count_Final,Cvd_Advertencia_Count_Final,Cvd_Riesgo_Reversion_Count_Final,Cvd_Total_Samples_Final,Cvd_Excelente_Pct_Final,Cvd_Negative_Episodes_Final,Cvd_Label_Changes_Final,Dynamic_Alarm_Triggered,TP_And_SL_Hit_Same_Update,Result_After_Slippage_Ticks,Volume_Increased_During_Trade,Volume_Increase_Samples,Volume_Observed_Samples,Volume_Increasing_Pct_During_Trade,Max_Delta_during_trade,Min_Delta_during_trade
2022-04-04|09:35:10.909,reconstructed-causal-v1-from-legacy-v11,2022-04-04,09:35:10.909,09:36:03.031,09:36:03.031,00:52,2315,BUY,14925.00,TP,14940.25,61,10,65,10,25,8,157,20,40,14909.75,14940.25,61,61,24,24,0,Excelente,Riesgo de reversion,453,505,599,134,1691,0.2679,16,92,TRUE,FALSE,+59,TRUE,1689,3183,0.5306,378,1
2022-04-05|09:32:05.515,reconstructed-causal-v1-from-legacy-v11,2022-04-05,09:32:05.515,09:32:13.788,09:32:13.788,00:08,2312,BUY,15133.75,SL,15128.75,-20,20,5,15,5,19,3,20,20,15128.75,15138.75,20,20,-250,-176,5.69,Riesgo de reversion,Riesgo de reversion,7,0,0,207,214,0.0327,1,1,TRUE,FALSE,-22,TRUE,213,410,0.5195,251,177
2022-04-06|09:36:07.030,reconstructed-causal-v1-from-legacy-v11,2022-04-06,09:36:07.030,09:36:28.596,09:36:28.596,00:21,2316,SELL,14580.00,SL,14585.00,-20,20,15,20,15,24,69,20,20,14585.00,14575.00,20,20,-3639,-3775,0.29,Normal,Riesgo de reversion,693,150,57,281,1181,0.5868,4,12,TRUE,FALSE,-22,TRUE,1180,2499,0.4722,-712,-147
2022-04-07|09:33:42.260,reconstructed-causal-v1-from-legacy-v11,2022-04-07,09:33:42.260,09:33:47.814,09:33:47.814,00:05,2313,BUY,14511.25,TP,14516.25,20,10,20,10,10,7,14,20,20,14506.25,14516.25,20,20,-619,-605,0.17,Excelente,Riesgo de reversion,114,2,0,78,194,0.5876,4,8,TRUE,FALSE,+18,TRUE,193,367,0.5259,384,280
2022-04-08|09:33:45.425,reconstructed-causal-v1-from-legacy-v11,2022-04-08,09:33:45.425,09:33:46.407,09:33:46.407,00:00,2312,SELL,14415.00,TP,14410.00,20,0,20,0,15,0,10,0,20,14420.00,14410.00,20,20,-2119,-2119,0,Excelente,Normal,42,61,0,0,103,0.4078,4,8,FALSE,FALSE,+18,TRUE,102,228,0.4474,-181,-106
2022-04-11|09:32:08.687,reconstructed-causal-v1-from-legacy-v11,2022-04-11,09:32:08.687,09:32:16.074,09:32:16.074,00:07,2311,SELL,14142.50,TP,14135.00,30,5,30,5,10,4,15,20,20,14157.50,14135.00,60,30,-1642,-1642,0,Excelente,Riesgo de reversion,150,10,6,4,170,0.8824,3,14,TRUE,FALSE,+28,TRUE,169,317,0.5331,-480,-369
2022-04-12|09:33:09.118,reconstructed-causal-v1-from-legacy-v11,2022-04-12,09:33:09.118,09:33:25.803,09:33:25.803,00:16,2313,SELL,14148.75,TP,14143.75,20,15,20,10,15,19,37,20,20,14153.75,14143.75,20,20,2853,2823,3.75,Riesgo de reversion,Riesgo de reversion,7,2,1,582,592,0.0118,2,5,TRUE,FALSE,+18,TRUE,591,1163,0.5082,-118,-6
2022-04-13|09:31:12.461,reconstructed-causal-v1-from-legacy-v11,2022-04-13,09:31:12.461,09:31:13.615,09:31:13.615,00:01,2311,SELL,13923.75,SL,13928.75,-20,20,0,15,0,10,0,20,0,13928.75,13918.75,20,20,-1721,-1756,17.5,Riesgo de reversion,Riesgo de reversion,6,0,1,65,72,0.0833,3,6,TRUE,FALSE,-22,TRUE,71,130,0.5462,-242,-207
2022-04-14|09:35:02.895,reconstructed-causal-v1-from-legacy-v11,2022-04-14,09:35:02.895,09:35:11.748,09:35:11.748,00:08,2315,BUY,14235.00,TP,14242.50,30,5,50,5,30,2,66,20,40,14220.00,14242.50,60,30,-857,-780,0.79,Riesgo de reversion,Riesgo de reversion,288,232,38,4,562,0.5125,7,17,TRUE,FALSE,+28,TRUE,561,958,0.5856,517,406
2022-04-18|09:36:21.390,reconstructed-causal-v1-from-legacy-v11,2022-04-18,09:36:21.390,09:36:41.866,09:36:41.866,00:20,936,BUY,13925.00,SL,13920.00,-20,20,15,15,10,28,15,20,20,13920.00,13930.00,20,20,-569,-519,1.67,Riesgo de reversion,Riesgo de reversion,137,24,20,208,389,0.3522,3,14,TRUE,FALSE,-22,TRUE,388,749,0.518,18,1
2022-04-19|09:31:07.026,reconstructed-causal-v1-from-legacy-v11,2022-04-19,09:31:07.026,09:31:22.126,09:31:22.126,00:15,2311,BUY,13906.25,SL,13891.25,-60,60,0,30,0,7,0,40,0,13891.25,13921.25,60,60,-669,-276,0,Excelente,Excelente,123,0,0,0,123,1,0,0,FALSE,FALSE,-62,TRUE,122,235,0.5191,190,41
2022-04-20|09:35:02.214,reconstructed-causal-v1-from-legacy-v11,2022-04-20,09:35:02.214,09:35:04.203,09:35:04.203,00:01,2315,SELL,14213.75,SL,14218.75,-20,20,15,20,15,2,8,20,20,14218.75,14208.75,20,20,2660,2634,0.68,Advertencia,Riesgo de reversion,52,29,8,3,92,0.5652,6,16,TRUE,FALSE,-22,TRUE,91,150,0.6067,,
2022-04-21|09:31:13.201,reconstructed-causal-v1-from-legacy-v11,2022-04-21,09:31:13.201,09:31:13.375,09:31:13.375,00:00,2311,BUY,14205.00,SL,14200.00,-20,20,0,15,0,2,0,20,0,14200.00,14210.00,20,20,229,261,8,Riesgo de reversion,Riesgo de reversion,4,0,0,17,21,0.1905,1,1,TRUE,FALSE,-22,TRUE,20,46,0.4348,203,171
2022-04-22|09:33:06.881,reconstructed-causal-v1-from-legacy-v11,2022-04-22,09:33:06.881,09:33:10.430,09:33:10.430,00:03,2313,BUY,13746.25,TP,13751.25,20,10,20,10,15,9,19,20,20,13741.25,13751.25,20,20,-954,-954,0,Excelente,Riesgo de reversion,124,70,17,8,219,0.5662,12,35,TRUE,FALSE,+18,TRUE,218,393,0.5547,273,209
2022-04-25|09:32:33.353,reconstructed-causal-v1-from-legacy-v11,2022-04-25,09:32:33.353,09:32:34.181,09:32:34.181,00:00,2312,BUY,13320.00,SL,13315.00,-20,20,0,15,0,7,0,20,0,13315.00,13325.00,20,20,653,656,0.19,Excelente,Riesgo de reversion,18,2,13,24,57,0.3158,2,12,TRUE,FALSE,-22,TRUE,56,88,0.6364,348,323
2022-04-26|09:32:14.401,reconstructed-causal-v1-from-legacy-v11,2022-04-26,09:32:14.401,09:32:20.071,09:32:20.071,00:05,2312,SELL,13400.00,TP,13395.00,20,5,20,5,10,3,23,20,20,13405.00,13395.00,20,20,202,202,0,Excelente,Advertencia,123,55,15,0,193,0.6373,6,14,TRUE,FALSE,+18,TRUE,192,320,0.6,-141,-90
2022-04-27|09:32:12.238,reconstructed-causal-v1-from-legacy-v11,2022-04-27,09:32:12.238,09:32:51.320,09:32:51.320,00:39,2312,BUY,13077.50,TP,13085.25,31,0,35,0,30,0,2,0,20,13069.75,13085.25,31,31,1395,1395,0,Excelente,Riesgo de reversion,32,0,0,1,33,0.9697,1,2,FALSE,FALSE,+29,TRUE,32,58,0.5517,103,77
2022-04-28|09:31:07.264,reconstructed-causal-v1-from-legacy-v11,2022-04-28,09:31:07.264,09:31:33.008,09:31:33.008,00:25,2311,BUY,13276.25,SL,13261.25,-60,60,0,20,0,11,0,20,0,13261.25,13291.25,60,60,714,862,0,Excelente,Excelente,125,0,0,0,125,1,0,0,FALSE,FALSE,-62,TRUE,124,209,0.5933,168,20
2022-04-29|09:31:12.023,reconstructed-causal-v1-from-legacy-v11,2022-04-29,09:31:12.023,09:31:12.368,09:31:12.368,00:00,2311,SELL,13255.00,SL,13260.00,-20,20,0,15,0,2,0,20,0,13260.00,13250.00,20,20,117,101,0,Excelente,Excelente,28,0,0,0,28,1,0,0,FALSE,FALSE,-22,TRUE,27,42,0.6429,-302,-283
2022-05-02|09:36:13.685,reconstructed-causal-v1-from-legacy-v11,2022-05-02,09:36:13.685,09:36:14.143,09:36:14.143,00:00,2316,SELL,12790.00,SL,12795.00,-20,20,5,15,5,4,2,20,20,12795.00,12785.00,20,20,-1067,-1082,1.67,Riesgo de reversion,Riesgo de reversion,9,5,3,28,45,0.2,1,7,TRUE,FALSE,-22,TRUE,44,60,0.7333,-184,-169
2022-05-03|09:37:05.258,reconstructed-causal-v1-from-legacy-v11,2022-05-03,09:37:05.258,09:37:23.520,09:37:23.520,00:18,2317,SELL,13002.50,TP,12995.00,30,35,50,15,20,15,70,20,40,13017.50,12995.00,60,30,-357,-446,0.93,Riesgo de reversion,Riesgo de reversion,499,161,19,13,692,0.7211,13,27,TRUE,FALSE,+28,TRUE,691,1153,0.5993,-310,-102
2022-05-04|09:33:09.866,reconstructed-causal-v1-from-legacy-v11,2022-05-04,09:33:09.866,09:33:16.691,09:33:16.691,00:06,2313,SELL,13070.00,SL,13075.25,-21,25,15,15,15,12,17,20,20,13075.25,13064.75,21,21,-573,-613,1.67,Riesgo de reversion,Riesgo de reversion,42,19,23,157,241,0.1743,6,31,TRUE,FALSE,-23,TRUE,240,402,0.597,-296,-250
2022-05-05|09:32:16.903,reconstructed-causal-v1-from-legacy-v11,2022-05-05,09:32:16.903,09:32:19.695,09:32:19.695,00:02,2312,SELL,13308.75,SL,13313.75,-20,20,10,20,10,4,7,20,20,13313.75,13303.75,20,20,-1690,-1717,0.05,Excelente,Excelente,105,0,0,0,105,1,0,0,FALSE,FALSE,-22,TRUE,103,168,0.6131,-303,-265
2022-05-06|09:33:14.688,reconstructed-causal-v1-from-legacy-v11,2022-05-06,09:33:14.688,09:33:18.915,09:33:18.915,00:04,2313,SELL,12720.00,TP,12715.00,20,10,20,10,15,7,15,20,20,12725.00,12715.00,20,20,-1093,-1093,0,Excelente,Riesgo de reversion,129,32,17,6,184,0.7011,5,18,TRUE,FALSE,+18,TRUE,183,313,0.5847,-161,-101
2022-05-09|09:31:11.376,reconstructed-causal-v1-from-legacy-v11,2022-05-09,09:31:11.376,09:31:12.935,09:31:12.935,00:01,2311,BUY,12487.50,TP,12492.50,20,15,20,15,20,2,2,20,20,12482.50,12492.50,20,20,-1771,-1771,0,Excelente,Excelente,56,0,0,0,56,1,0,0,FALSE,FALSE,+18,TRUE,55,105,0.5238,234,166
2022-05-10|09:35:03.201,reconstructed-causal-v1-from-legacy-v11,2022-05-10,09:35:03.201,09:35:21.243,09:35:21.243,00:18,2315,SELL,12470.00,TP,12455.00,60,30,60,30,20,26,77,20,40,12485.00,12455.00,60,60,-311,-311,0,Excelente,Advertencia,537,211,111,0,859,0.6251,5,16,TRUE,FALSE,+58,TRUE,858,1473,0.5825,-121,-6
2022-05-11|09:31:17.180,reconstructed-causal-v1-from-legacy-v11,2022-05-11,09:31:17.180,09:31:18.238,09:31:18.238,00:01,2311,BUY,12283.75,TP,12291.25,30,0,30,0,15,0,13,0,20,12268.75,12291.25,60,30,833,833,0,Excelente,Riesgo de reversion,68,11,1,18,98,0.6939,8,17,FALSE,FALSE,+28,TRUE,97,152,0.6382,657,614
2022-05-12|09:31:13.391,reconstructed-causal-v1-from-legacy-v11,2022-05-12,09:31:13.391,09:31:19.696,09:31:19.696,00:06,2311,BUY,11860.00,TP,11866.50,26,0,30,0,30,0,1,0,20,11853.50,11866.50,26,26,-126,-126,0,Excelente,Excelente,4,0,0,0,4,1,0,0,FALSE,FALSE,+24,TRUE,3,9,0.3333,101,26
2022-05-13|09:31:09.043,reconstructed-causal-v1-from-legacy-v11,2022-05-13,09:31:09.043,09:32:22.570,09:32:22.570,01:13,2311,BUY,12155.00,SL,12140.00,-60,60,40,20,20,60,36,20,40,12140.00,12170.00,60,60,-83,373,0,Excelente,Excelente,902,0,0,0,902,1,0,0,FALSE,FALSE,-62,TRUE,900,1433,0.6281,265,1
2022-05-16|09:31:11.255,reconstructed-causal-v1-from-legacy-v11,2022-05-16,09:31:11.255,09:31:11.744,09:31:11.744,00:00,2311,BUY,12328.75,SL,12323.75,-20,20,5,10,5,4,1,20,20,12323.75,12333.75,20,20,-1059,-1031,0,Excelente,Excelente,45,0,0,0,45,1,0,0,FALSE,FALSE,-22,TRUE,44,69,0.6377,179,151
2022-05-17|09:35:05.255,reconstructed-causal-v1-from-legacy-v11,2022-05-17,09:35:05.255,09:35:05.680,09:35:05.680,00:00,2315,BUY,12511.25,SL,12506.25,-20,20,0,20,0,1,0,20,0,12506.25,12516.25,20,20,740,905,0,Excelente,Excelente,22,0,0,0,22,1,0,0,FALSE,FALSE,-22,TRUE,21,64,0.3281,25,1
2022-05-18|09:32:11.281,reconstructed-causal-v1-from-legacy-v11,2022-05-18,09:32:11.281,09:32:12.001,09:32:12.001,00:00,2312,BUY,12378.75,SL,12373.75,-20,20,0,15,0,2,0,25.5102,0,12373.75,12383.75,20,20,-2872,-2841,0,Excelente,Excelente,15,0,0,0,15,1,0,0,FALSE,FALSE,-22,TRUE,14,25,0.56,128,97
2022-05-19|09:33:21.899,reconstructed-causal-v1-from-legacy-v11,2022-05-19,09:33:21.899,09:33:23.553,09:33:23.553,00:01,2313,BUY,11920.00,TP,11925.00,20,5,20,5,15,3,11,20,20,11915.00,11925.00,20,20,1194,1194,0,Excelente,Riesgo de reversion,14,2,2,75,93,0.1505,2,7,TRUE,FALSE,+18,TRUE,92,140,0.6571,163,124
2022-05-20|09:35:03.788,reconstructed-causal-v1-from-legacy-v11,2022-05-20,09:35:03.788,09:35:14.659,09:35:14.659,00:10,2315,SELL,11986.25,TP,11978.75,30,0,30,0,15,0,42,0,20,12001.25,11978.75,60,30,552,552,0,Excelente,Riesgo de reversion,124,82,74,80,360,0.3444,8,34,FALSE,FALSE,+28,TRUE,359,552,0.6504,-420,-352
2022-05-23|09:37:14.401,reconstructed-causal-v1-from-legacy-v11,2022-05-23,09:37:14.401,09:37:18.291,09:37:18.291,00:03,2317,SELL,11837.50,TP,11832.50,20,15,20,10,10,16,6,20,40,11842.50,11832.50,20,20,-2062,-2062,0,Excelente,Riesgo de reversion,17,2,0,125,144,0.1181,4,8,TRUE,FALSE,+18,TRUE,143,224,0.6384,-302,-263
2022-05-24|09:31:16.619,reconstructed-causal-v1-from-legacy-v11,2022-05-24,09:31:16.619,09:31:36.555,09:31:36.555,00:19,2310,SELL,11800.00,SL,11805.00,-20,20,15,20,0,1,0,20,0,11805.00,11795.00,20,20,-631,-644,0.32,Normal,Normal,5,2,0,0,7,0.7143,1,1,TRUE,FALSE,-22,TRUE,6,15,0.4,-242,-201
2022-05-25|09:35:10.484,reconstructed-causal-v1-from-legacy-v11,2022-05-25,09:35:10.484,09:35:11.604,09:35:11.604,00:01,2315,BUY,11787.50,SL,11782.50,-20,20,0,15,0,4,0,20,0,11782.50,11792.50,20,20,534,725,0,Excelente,Excelente,41,0,0,0,41,1,0,0,FALSE,FALSE,-22,TRUE,40,97,0.4124,,
2022-05-26|09:32:12.094,reconstructed-causal-v1-from-legacy-v11,2022-05-26,09:32:12.094,09:32:27.017,09:32:27.017,00:14,2311,BUY,11945.00,SL,11939.75,-21,25,15,20,15,33,33,40,40,11939.75,11950.25,21,21,1471,1720,6.92,Riesgo de reversion,Riesgo de reversion,13,13,15,592,633,0.0205,1,9,TRUE,FALSE,-23,TRUE,632,1108,0.5704,165,2
2022-05-27|09:31:05.634,reconstructed-causal-v1-from-legacy-v11,2022-05-27,09:31:05.634,09:31:29.297,09:31:29.297,00:23,2310,BUY,12436.25,TP,12451.25,60,0,60,0,55,0,9,0,20,12421.25,12451.25,60,60,3676,3676,0,Excelente,Excelente,89,0,0,0,89,1,0,0,FALSE,FALSE,+58,TRUE,88,184,0.4783,473,114
2022-05-31|09:33:13.437,reconstructed-causal-v1-from-legacy-v11,2022-05-31,09:33:13.437,09:33:59.675,09:33:59.675,00:46,2073,SELL,12612.50,TP,12597.50,60,15,60,15,30,9,110,20,40,12627.50,12597.50,60,60,-2174,-3162,0,Excelente,Excelente,847,0,0,0,847,1,0,0,FALSE,FALSE,+58,TRUE,846,1460,0.5795,-10,-10
2022-06-01|09:31:41.893,reconstructed-causal-v1-from-legacy-v11,2022-06-01,09:31:41.893,09:31:54.629,09:31:54.629,00:12,2311,BUY,12777.50,TP,12784.00,26,0,30,0,25,0,10,0,20,12771.00,12784.00,26,26,2849,2849,0,Excelente,Excelente,106,0,0,0,106,1,0,0,FALSE,FALSE,+24,TRUE,105,200,0.525,386,312
2022-06-02|09:31:07.600,reconstructed-causal-v1-from-legacy-v11,2022-06-02,09:31:07.600,09:31:46.456,09:31:46.456,00:38,2311,SELL,12468.75,TP,12457.25,46,0,50,0,20,0,40,0,20,12480.25,12457.25,46,46,-565,-584,0.13,Excelente,Normal,208,93,0,0,301,0.691,8,16,FALSE,FALSE,+44,TRUE,300,600,0.5,-437,-291
2022-06-06|09:36:15.123,reconstructed-causal-v1-from-legacy-v11,2022-06-06,09:36:15.123,09:36:16.489,09:36:16.489,00:01,2315,SELL,12727.50,TP,12722.50,20,10,20,10,15,9,5,20,20,12732.50,12722.50,20,20,1375,1375,0,Excelente,Advertencia,78,28,16,0,122,0.6393,2,8,TRUE,FALSE,+18,TRUE,121,245,0.4939,-85,-1
2022-06-07|09:31:10.629,reconstructed-causal-v1-from-legacy-v11,2022-06-07,09:31:10.629,09:31:12.199,09:31:12.199,00:01,2310,SELL,12441.25,SL,12446.50,-21,25,0,15,0,3,0,20,0,12446.50,12436.00,21,21,-1103,-2076,0,Excelente,Excelente,26,0,0,0,26,1,0,0,FALSE,FALSE,-23,TRUE,25,43,0.5814,-268,-251
2022-06-08|09:31:04.816,reconstructed-causal-v1-from-legacy-v11,2022-06-08,09:31:04.816,09:32:36.205,09:32:36.205,01:31,2311,SELL,12646.25,TP,12631.25,60,20,60,15,25,33,71,20,20,12661.25,12631.25,60,60,641,462,0,Excelente,Excelente,1014,0,0,0,1014,1,0,0,FALSE,FALSE,+58,TRUE,1012,1774,0.5705,-337,-21
2022-06-09|09:33:13.205,reconstructed-causal-v1-from-legacy-v11,2022-06-09,09:33:13.205,09:33:40.263,09:33:40.263,00:27,2313,SELL,12525.00,SL,12530.25,-21,25,20,15,20,28,55,20,20,12530.25,12519.75,21,21,-2218,-2323,0.94,Riesgo de reversion,Riesgo de reversion,246,363,91,23,723,0.3402,10,33,TRUE,FALSE,-23,TRUE,722,1187,0.6083,-230,-118
2022-06-10|09:33:13.144,reconstructed-causal-v1-from-legacy-v11,2022-06-10,09:33:13.144,09:33:38.371,09:33:38.371,00:25,2313,SELL,12022.50,TP,12008.50,56,25,60,20,30,11,93,20,40,12036.50,12008.50,56,56,-800,-800,0,Excelente,Riesgo de reversion,563,48,28,262,901,0.6249,6,17,TRUE,FALSE,+54,TRUE,900,1590,0.566,-390,-152
2022-06-13|09:31:28.590,reconstructed-causal-v1-from-legacy-v11,2022-06-13,09:31:28.590,09:31:29.890,09:31:29.890,00:01,2311,BUY,11548.75,SL,11543.75,-20,20,0,15,0,5,0,40,0,11543.75,11553.75,20,20,1320,1329,0.3,Normal,Normal,27,1,0,0,28,0.9643,1,1,TRUE,FALSE,-22,TRUE,27,49,0.551,,
2022-06-14|09:35:16.446,reconstructed-causal-v1-from-legacy-v11,2022-06-14,09:35:16.446,09:36:57.425,09:36:57.425,01:40,2315,SELL,11372.50,SL,11387.50,-60,60,10,35,10,159,13,40,20,11387.50,11357.50,60,60,-340,-749,0,Excelente,Excelente,1635,0,0,0,1635,1,0,0,FALSE,FALSE,-62,TRUE,1633,2825,0.5781,-113,-1
2022-06-16|09:31:13.398,reconstructed-causal-v1-from-legacy-v11,2022-06-16,09:31:13.398,09:31:14.279,09:31:14.279,00:00,2311,BUY,11340.00,SL,11335.00,-20,20,5,20,5,1,4,20,20,11335.00,11345.00,20,20,-2134,-2120,1.56,Riesgo de reversion,Riesgo de reversion,15,3,5,12,35,0.4286,2,9,TRUE,FALSE,-22,TRUE,34,50,0.68,130,116
2022-06-17|09:31:10.336,reconstructed-causal-v1-from-legacy-v11,2022-06-17,09:31:10.336,09:31:10.336,09:31:10.336,00:00,2311,BUY,11231.25,TP,11236.25,20,0,20,0,20,0,1,0,20,11226.25,11236.25,20,20,4063,4063,0,Excelente,Excelente,22,0,0,0,22,1,0,0,FALSE,FALSE,+18,TRUE,21,112,0.1875,263,109
2022-06-21|09:34:09.642,reconstructed-causal-v1-from-legacy-v11,2022-06-21,09:34:09.642,09:34:13.221,09:34:13.221,00:03,2074,BUY,11517.50,SL,11512.50,-20,20,5,20,5,6,5,20,20,11512.50,11522.50,20,20,-1817,-1799,1,Riesgo de reversion,Riesgo de reversion,44,22,18,15,99,0.4444,7,32,TRUE,FALSE,-22,TRUE,98,149,0.6577,191,169
2022-06-22|09:31:12.816,reconstructed-causal-v1-from-legacy-v11,2022-06-22,09:31:12.816,09:31:53.034,09:31:53.034,00:40,2311,BUY,11492.50,TP,11505.25,51,0,55,0,45,0,4,0,20,11479.75,11505.25,51,51,2776,2776,0,Excelente,Excelente,26,0,0,0,26,1,0,0,FALSE,FALSE,+49,TRUE,25,57,0.4386,690,265
2022-06-23|09:32:12.918,reconstructed-causal-v1-from-legacy-v11,2022-06-23,09:32:12.918,09:32:13.229,09:32:13.229,00:00,2312,SELL,11630.00,TP,11625.00,20,0,20,0,20,0,2,0,20,11635.00,11625.00,20,20,-702,-702,0,Excelente,Excelente,27,0,0,0,27,1,0,0,FALSE,FALSE,+18,TRUE,26,69,0.3768,-155,-78
2022-06-24|09:32:07.003,reconstructed-causal-v1-from-legacy-v11,2022-06-24,09:32:07.003,09:32:10.771,09:32:10.771,00:03,2312,BUY,11877.50,TP,11882.50,20,10,20,10,10,10,18,20,20,11872.50,11882.50,20,20,619,619,0,Excelente,Riesgo de reversion,117,21,19,91,248,0.4718,8,34,TRUE,FALSE,+18,TRUE,247,449,0.5501,363,244
2022-06-27|09:32:16.700,reconstructed-causal-v1-from-legacy-v11,2022-06-27,09:32:16.700,09:32:19.059,09:32:19.059,00:02,2312,SELL,12152.50,SL,12167.50,-60,60,5,20,5,18,5,20,20,12167.50,12137.50,60,60,-1007,-1114,0,Excelente,Excelente,190,0,0,0,190,1,0,0,FALSE,FALSE,-62,TRUE,189,341,0.5543,-253,-146
2022-06-28|09:32:07.867,reconstructed-causal-v1-from-legacy-v11,2022-06-28,09:32:07.867,09:32:10.107,09:32:10.107,00:02,2312,BUY,12110.00,TP,12117.50,30,10,30,10,10,5,15,20,20,12095.00,12117.50,60,30,-1294,-1292,2,Riesgo de reversion,Riesgo de reversion,4,0,0,151,155,0.0258,1,1,TRUE,FALSE,+28,TRUE,154,257,0.5992,162,118
2022-06-29|09:32:13.108,reconstructed-causal-v1-from-legacy-v11,2022-06-29,09:32:13.108,09:32:13.520,09:32:13.520,00:00,2312,SELL,11617.50,TP,11610.00,30,0,30,0,15,0,11,0,20,11632.50,11610.00,60,30,-1353,-1353,0,Excelente,Riesgo de reversion,76,3,3,7,89,0.8539,2,6,FALSE,FALSE,+28,TRUE,88,168,0.5238,-446,-379
2022-06-30|09:32:11.423,reconstructed-causal-v1-from-legacy-v11,2022-06-30,09:32:11.423,09:32:16.090,09:32:16.090,00:04,2312,SELL,11530.00,TP,11524.75,21,0,25,0,25,0,1,0,20,11535.25,11524.75,21,21,916,916,0,Excelente,Excelente,6,0,0,0,6,1,0,0,FALSE,FALSE,+19,TRUE,5,9,0.5556,-175,-79
2022-07-01|09:34:34.052,reconstructed-causal-v1-from-legacy-v11,2022-07-01,09:34:34.052,09:34:47.618,09:34:47.618,00:13,2314,SELL,11460.00,SL,11467.75,-31,35,10,20,10,40,14,20,20,11467.75,11452.25,31,31,3537,3417,1.58,Riesgo de reversion,Riesgo de reversion,175,129,58,148,510,0.3431,7,20,TRUE,FALSE,-33,TRUE,509,874,0.5824,-265,-143
2022-07-05|09:31:11.756,reconstructed-causal-v1-from-legacy-v11,2022-07-05,09:31:11.756,09:31:13.317,09:31:13.317,00:01,2071,SELL,11416.25,SL,11421.25,-20,20,0,15,0,11,0,20,0,11421.25,11411.25,20,20,-661,-680,1.46,Riesgo de reversion,Riesgo de reversion,20,7,10,51,88,0.2273,5,17,TRUE,FALSE,-22,TRUE,87,153,0.5686,-130,-104
2022-07-06|09:32:23.402,reconstructed-causal-v1-from-legacy-v11,2022-07-06,09:32:23.402,09:32:26.394,09:32:26.394,00:02,2312,BUY,11857.50,TP,11865.25,31,0,35,0,30,0,7,0,20,11849.75,11865.25,31,31,2661,2694,0.32,Normal,Normal,35,37,0,0,72,0.4861,1,1,FALSE,FALSE,+29,TRUE,71,124,0.5726,389,286
2022-07-07|09:34:10.876,reconstructed-causal-v1-from-legacy-v11,2022-07-07,09:34:10.876,09:34:14.477,09:34:14.477,00:03,2314,BUY,11968.75,SL,11963.75,-20,20,5,15,5,13,1,20,20,11963.75,11973.75,20,20,1722,1791,13.8,Riesgo de reversion,Riesgo de reversion,7,1,0,136,144,0.0486,2,4,TRUE,FALSE,-22,TRUE,143,260,0.55,103,34
2022-07-08|09:31:05.496,reconstructed-causal-v1-from-legacy-v11,2022-07-08,09:31:05.496,09:31:30.908,09:31:30.908,00:25,2311,SELL,11996.25,SL,12011.25,-60,60,30,25,0,47,0,40,0,12011.25,11981.25,60,60,-3043,-3269,0,Excelente,Excelente,529,0,0,0,529,1,0,0,FALSE,FALSE,-62,TRUE,528,954,0.5535,-365,-251
2022-07-11|09:35:04.618,reconstructed-causal-v1-from-legacy-v11,2022-07-11,09:35:04.618,09:35:06.774,09:35:06.774,00:02,2315,SELL,12006.25,TP,12001.25,20,0,20,0,15,0,3,0,20,12011.25,12001.25,20,20,-1441,-1441,0,Excelente,Normal,23,2,0,0,25,0.92,2,4,FALSE,FALSE,+18,TRUE,24,48,0.5,-128,-102
2022-07-12|09:34:10.206,reconstructed-causal-v1-from-legacy-v11,2022-07-12,09:34:10.206,09:34:42.648,09:34:42.648,00:32,2314,SELL,11933.75,SL,11945.25,-46,50,20,35,0,38,0,40,0,11945.25,11922.25,46,46,2273,2186,0.74,Advertencia,Advertencia,281,42,26,0,349,0.8052,7,14,TRUE,FALSE,-48,TRUE,348,604,0.5762,-422,-304
2022-07-13|09:31:04.947,reconstructed-causal-v1-from-legacy-v11,2022-07-13,09:31:04.947,09:31:07.257,09:31:07.257,00:02,2311,BUY,11617.50,SL,11602.50,-60,60,0,20,0,19,0,20,0,11602.50,11632.50,60,60,3545,3737,0,Excelente,Excelente,182,0,0,0,182,1,0,0,FALSE,FALSE,-62,TRUE,181,300,0.6033,32,1
2022-07-14|09:31:20.112,reconstructed-causal-v1-from-legacy-v11,2022-07-14,09:31:20.112,09:31:20.624,09:31:20.624,00:00,2311,SELL,11626.25,SL,11631.25,-20,20,0,15,0,6,0,40,0,11631.25,11621.25,20,20,624,616,0,Excelente,Excelente,32,0,0,0,32,1,0,0,FALSE,FALSE,-22,TRUE,31,50,0.62,-327,-319
2022-07-15|09:35:01.980,reconstructed-causal-v1-from-legacy-v11,2022-07-15,09:35:01.980,09:35:08.567,09:35:08.567,00:06,2315,BUY,11967.50,TP,11975.00,30,5,30,5,20,2,25,20,40,11952.50,11975.00,60,30,1066,1083,0.35,Normal,Riesgo de reversion,128,109,32,27,296,0.4324,14,45,TRUE,FALSE,+28,TRUE,295,477,0.6184,,
2022-07-18|09:31:06.328,reconstructed-causal-v1-from-legacy-v11,2022-07-18,09:31:06.328,09:31:29.734,09:31:29.734,00:23,2311,SELL,12096.25,SL,12111.25,-60,60,25,50,0,6,0,20,0,12111.25,12081.25,60,60,-1391,-1414,0.05,Excelente,Excelente,39,0,0,0,39,1,0,0,FALSE,FALSE,-62,TRUE,38,57,0.6667,-395,-322
2022-07-19|09:36:02.095,reconstructed-causal-v1-from-legacy-v11,2022-07-19,09:36:02.095,09:37:46.983,09:37:46.983,01:44,2316,BUY,12028.75,TP,12043.75,60,20,60,0,40,0,21,0,20,12013.75,12043.75,60,60,863,987,0,Excelente,Excelente,202,0,0,0,202,1,0,0,FALSE,FALSE,+58,TRUE,200,373,0.5362,,
2022-07-20|09:35:04.678,reconstructed-causal-v1-from-legacy-v11,2022-07-20,09:35:04.678,09:35:16.109,09:35:16.109,00:11,2315,SELL,12306.25,TP,12298.75,30,5,30,5,15,1,25,20,20,12321.25,12298.75,60,30,3224,3221,0.08,Excelente,Riesgo de reversion,120,51,38,127,336,0.3571,10,50,TRUE,FALSE,+28,TRUE,335,578,0.5796,,
2022-07-21|09:35:01.379,reconstructed-causal-v1-from-legacy-v11,2022-07-21,09:35:01.379,09:35:17.503,09:35:17.503,00:16,2315,SELL,12437.50,SL,12452.50,-60,60,20,25,15,42,16,40,40,12452.50,12422.50,60,60,3293,3186,0,Excelente,Excelente,483,0,0,0,483,1,0,0,FALSE,FALSE,-62,TRUE,482,732,0.6585,-196,-89
2022-07-22|09:32:07.516,reconstructed-causal-v1-from-legacy-v11,2022-07-22,09:32:07.516,09:34:39.803,09:34:39.803,02:32,2312,SELL,12587.50,SL,12602.50,-60,60,20,50,0,4,0,20,0,12602.50,12572.50,60,60,2191,1329,0,Excelente,Excelente,40,0,0,0,40,1,0,0,FALSE,FALSE,-62,TRUE,38,92,0.413,-250,-11
2022-07-25|09:35:11.522,reconstructed-causal-v1-from-legacy-v11,2022-07-25,09:35:11.522,09:35:15.257,09:35:15.257,00:03,2315,SELL,12402.50,TP,12397.50,20,0,20,0,15,0,21,0,20,12407.50,12397.50,20,20,-1251,-1251,0,Excelente,Advertencia,177,18,3,0,198,0.8939,6,17,FALSE,FALSE,+18,TRUE,197,373,0.5282,-335,-206
2022-07-26|09:31:11.237,reconstructed-causal-v1-from-legacy-v11,2022-07-26,09:31:11.237,09:31:19.135,09:31:19.135,00:07,2311,SELL,12263.75,TP,12249.75,56,0,60,0,30,0,12,0,20,12277.75,12249.75,56,56,-1165,-1165,0,Excelente,Excelente,104,0,0,0,104,1,0,0,FALSE,FALSE,+54,TRUE,103,204,0.5049,-366,-190
2022-07-27|09:37:04.325,reconstructed-causal-v1-from-legacy-v11,2022-07-27,09:37:04.325,09:40:00.000,09:40:00.000,02:55,2316,BUY,12330.00,TP,12345.00,60,0,60,0,60,0,1,0,0.3415,12315.00,12345.00,60,60,3787,3787,0,Excelente,Excelente,3,0,0,0,3,1,0,0,FALSE,FALSE,+58,TRUE,1,1,1,733,1
2022-07-28|09:31:15.710,reconstructed-causal-v1-from-legacy-v11,2022-07-28,09:31:15.710,09:31:27.959,09:31:27.959,00:12,2308,BUY,12643.75,TP,12649.00,21,10,25,10,15,5,4,20,20,12638.50,12649.00,21,21,1291,1291,0,Excelente,Normal,47,11,0,0,58,0.8103,4,8,TRUE,FALSE,+19,TRUE,58,186,0.3118,194,116
2022-07-29|09:34:24.423,reconstructed-causal-v1-from-legacy-v11,2022-07-29,09:34:24.423,09:34:24.488,09:34:24.488,00:00,2314,BUY,12778.75,SL,12773.75,-20,20,0,20,0,1,0,20,0,12773.75,12783.75,20,20,-2431,-2431,0,Excelente,Excelente,2,0,0,0,2,1,0,0,FALSE,FALSE,-22,TRUE,1,104,0.0096,,
2022-08-01|09:31:17.244,reconstructed-causal-v1-from-legacy-v11,2022-08-01,09:31:17.244,09:32:03.796,09:32:03.796,00:46,2311,SELL,12883.75,TP,12872.25,46,0,50,0,30,0,18,0,20,12895.25,12872.25,46,46,-306,-306,0,Excelente,Excelente,64,0,0,0,64,1,0,0,FALSE,FALSE,+44,TRUE,69,263,0.2624,-399,-10
2022-08-02|09:31:29.045,reconstructed-causal-v1-from-legacy-v11,2022-08-02,09:31:29.045,09:31:38.060,09:31:38.060,00:09,2311,BUY,12896.25,SL,12889.75,-26,30,10,15,10,37,6,20,20,12889.75,12902.75,26,26,-981,-928,1.36,Riesgo de reversion,Riesgo de reversion,47,5,11,133,196,0.2398,5,11,TRUE,FALSE,-28,TRUE,201,676,0.2973,493,404
2022-08-03|09:33:22.446,reconstructed-causal-v1-from-legacy-v11,2022-08-03,09:33:22.446,09:33:25.852,09:33:25.852,00:03,2313,BUY,13050.00,SL,13045.00,-20,20,5,10,5,8,1,20,20,13045.00,13055.00,20,20,812,875,0,Excelente,Excelente,40,0,0,0,40,1,0,0,FALSE,FALSE,-22,TRUE,42,140,0.3,161,98
2022-08-04|09:35:15.002,reconstructed-causal-v1-from-legacy-v11,2022-08-04,09:35:15.002,09:35:21.585,09:35:21.585,00:06,2315,BUY,13302.50,TP,13307.50,20,5,20,5,15,4,24,20,20,13297.50,13307.50,20,20,1713,1719,0.86,Riesgo de reversion,Riesgo de reversion,5,1,0,89,95,0.0526,1,2,TRUE,FALSE,+18,TRUE,104,392,0.2653,345,295
2022-08-05|09:33:09.690,reconstructed-causal-v1-from-legacy-v11,2022-08-05,09:33:09.690,09:33:13.101,09:33:13.101,00:03,2313,BUY,13163.75,SL,13158.75,-20,20,5,15,5,10,1,20,20,13158.75,13168.75,20,20,-3525,-3495,7.5,Riesgo de reversion,Riesgo de reversion,3,0,3,34,40,0.075,1,7,TRUE,FALSE,-22,TRUE,43,132,0.3258,216,186
2022-08-08|09:33:05.635,reconstructed-causal-v1-from-legacy-v11,2022-08-08,09:33:05.635,09:34:21.274,09:34:21.274,01:15,2313,BUY,13313.75,SL,13298.75,-60,60,0,55,0,8,0,20,0,13298.75,13328.75,60,60,-885,-445,0,Excelente,Excelente,31,0,0,0,31,1,0,0,FALSE,FALSE,-62,TRUE,32,87,0.3678,139,139
2022-08-09|09:31:06.177,reconstructed-causal-v1-from-legacy-v11,2022-08-09,09:31:06.177,09:31:48.490,09:31:48.490,00:42,2311,SELL,13072.50,TP,13057.50,60,0,60,0,60,0,1,0,20,13087.50,13057.50,60,60,-2794,-2794,0,Excelente,Excelente,6,0,0,0,6,1,0,0,FALSE,FALSE,+58,TRUE,6,23,0.2609,-431,-335
2022-08-10|09:32:07.948,reconstructed-causal-v1-from-legacy-v11,2022-08-10,09:32:07.948,09:32:11.144,09:32:11.144,00:03,2312,SELL,13310.00,TP,13303.50,26,5,30,5,10,9,12,20,20,13316.50,13303.50,26,26,2418,2418,0,Excelente,Riesgo de reversion,36,3,0,32,71,0.507,2,4,TRUE,FALSE,+24,TRUE,71,245,0.2898,-122,-51
2022-08-12|09:33:12.289,reconstructed-causal-v1-from-legacy-v11,2022-08-12,09:33:12.289,09:33:36.604,09:33:36.604,00:24,2313,SELL,13375.00,SL,13390.00,-60,60,0,30,0,20,0,20,0,13390.00,13360.00,60,60,-271,-339,11.33,Riesgo de reversion,Riesgo de reversion,42,1,6,72,121,0.3471,2,7,TRUE,FALSE,-62,TRUE,125,299,0.4181,-283,-215
2022-08-15|09:33:03.104,reconstructed-causal-v1-from-legacy-v11,2022-08-15,09:33:03.104,09:34:52.061,09:34:52.061,01:48,2313,SELL,13586.25,SL,13601.25,-60,60,0,50,0,17,0,20,0,13601.25,13578.75,60,30,1118,856,29.11,Riesgo de reversion,Riesgo de reversion,2,0,0,138,140,0.0143,1,1,TRUE,FALSE,-62,TRUE,142,389,0.365,,
2022-08-16|09:32:17.155,reconstructed-causal-v1-from-legacy-v11,2022-08-16,09:32:17.155,09:33:00.781,09:33:00.781,00:43,2311,BUY,13655.00,SL,13649.75,-21,25,20,15,20,22,16,20,20,13649.75,13660.25,21,21,-258,-187,0.36,Normal,Normal,287,1,0,0,288,0.9965,1,1,TRUE,FALSE,-23,TRUE,296,737,0.4016,466,268
2022-08-17|09:35:59.686,reconstructed-causal-v1-from-legacy-v11,2022-08-17,09:35:59.686,09:36:04.286,09:36:04.286,00:04,2314,BUY,13566.25,SL,13559.75,-26,30,0,10,0,31,0,20,0,13559.75,13572.75,26,26,-675,-576,33,Riesgo de reversion,Riesgo de reversion,3,0,1,94,98,0.0306,1,2,TRUE,FALSE,-28,TRUE,102,411,0.2482,692,689
2022-08-18|09:32:15.666,reconstructed-causal-v1-from-legacy-v11,2022-08-18,09:32:15.666,09:32:43.081,09:32:43.081,00:27,2311,SELL,13470.00,SL,13480.25,-41,45,5,45,0,1,0,20,0,13480.25,13459.75,41,41,1111,1017,0,Excelente,Excelente,7,0,0,0,7,1,0,0,FALSE,FALSE,-43,TRUE,6,14,0.4286,-206,-112
2022-08-19|09:31:13.435,reconstructed-causal-v1-from-legacy-v11,2022-08-19,09:31:13.435,09:31:18.142,09:31:18.142,00:04,2310,BUY,13411.25,SL,13406.25,-20,20,0,10,0,36,0,20,0,13406.25,13416.25,20,20,1089,1148,2.95,Riesgo de reversion,Riesgo de reversion,10,5,20,90,125,0.08,4,21,TRUE,FALSE,-22,TRUE,134,583,0.2298,221,162
2022-08-22|09:34:24.916,reconstructed-causal-v1-from-legacy-v11,2022-08-22,09:34:24.916,09:34:25.769,09:34:25.769,00:00,2314,SELL,13046.25,TP,13041.25,20,0,20,0,20,0,1,0,35.6296,13051.25,13041.25,20,20,-1010,-1012,0.03,Excelente,Excelente,10,0,0,0,10,1,0,0,FALSE,FALSE,+18,TRUE,10,28,0.3571,-357,-290
2022-08-23|09:34:16.642,reconstructed-causal-v1-from-legacy-v11,2022-08-23,09:34:16.642,09:34:19.951,09:34:19.951,00:03,2314,BUY,12941.25,SL,12934.75,-26,30,0,20,0,4,0,20,0,12934.75,12947.75,26,26,141,175,4.86,Riesgo de reversion,Riesgo de reversion,3,1,2,18,24,0.125,1,4,TRUE,FALSE,-28,TRUE,23,113,0.2035,223,189
2022-08-24|09:34:34.485,reconstructed-causal-v1-from-legacy-v11,2022-08-24,09:34:34.485,09:35:00.020,09:35:00.020,00:25,2314,BUY,12871.25,SL,12856.25,-60,60,0,60,0,1,0,20,0,12856.25,12886.25,60,60,-1735,-1436,0,Excelente,Excelente,5,0,0,0,5,1,0,0,FALSE,FALSE,-62,TRUE,3,18,0.1667,,
2022-08-25|09:31:24.945,reconstructed-causal-v1-from-legacy-v11,2022-08-25,09:31:24.945,09:31:33.064,09:31:33.064,00:08,2311,SELL,12981.25,SL,12986.25,-20,20,15,20,15,11,17,20,20,12986.25,12976.25,20,20,1405,1135,0,Excelente,Excelente,135,0,0,0,135,1,0,0,FALSE,FALSE,-22,TRUE,142,646,0.2198,,
2022-08-26|09:32:14.253,reconstructed-causal-v1-from-legacy-v11,2022-08-26,09:32:14.253,09:33:08.398,09:33:08.398,00:54,2312,SELL,13126.25,TP,13118.50,31,0,35,0,35,0,1,0,20,13134.00,13118.50,31,31,-765,-765,0,Excelente,Excelente,3,0,0,0,3,1,0,0,FALSE,FALSE,+29,TRUE,1,3,0.3333,-194,-76
2022-08-29|09:31:12.044,reconstructed-causal-v1-from-legacy-v11,2022-08-29,09:31:12.044,09:31:15.431,09:31:15.431,00:03,2311,BUY,12530.00,SL,12525.00,-20,20,0,15,0,6,0,20,0,12525.00,12535.00,20,20,1510,2081,0,Excelente,Excelente,13,0,0,0,13,1,0,0,FALSE,FALSE,-22,TRUE,13,45,0.2889,317,290
2022-08-30|09:37:01.388,reconstructed-causal-v1-from-legacy-v11,2022-08-30,09:37:01.388,09:37:05.349,09:37:05.349,00:03,2317,SELL,12543.75,SL,12548.75,-20,20,5,15,5,12,2,20,20,12548.75,12538.75,20,20,219,193,0.87,Riesgo de reversion,Riesgo de reversion,10,10,6,20,46,0.2174,2,9,TRUE,FALSE,-22,TRUE,48,231,0.2078,-478,-421
2022-08-31|09:34:02.597,reconstructed-causal-v1-from-legacy-v11,2022-08-31,09:34:02.597,09:34:08.800,09:34:08.800,00:06,2314,SELL,12427.50,TP,12420.00,30,15,30,10,15,16,7,40,20,12435.00,12420.00,30,30,3782,3760,4.4,Riesgo de reversion,Riesgo de reversion,6,2,1,81,90,0.0667,2,5,TRUE,FALSE,+28,TRUE,95,298,0.3188,-373,-333
2022-09-02|09:33:14.739,reconstructed-causal-v1-from-legacy-v11,2022-09-02,09:33:14.739,09:33:16.577,09:33:16.577,00:01,2313,SELL,12338.75,TP,12333.75,20,5,20,5,10,2,6,20,20,12343.75,12333.75,20,20,228,228,0,Excelente,Riesgo de reversion,31,3,0,11,45,0.6889,3,6,TRUE,FALSE,+18,TRUE,47,140,0.3357,-57,-16
2022-09-06|09:35:01.289,reconstructed-causal-v1-from-legacy-v11,2022-09-06,09:35:01.289,09:35:12.854,09:35:12.854,00:11,2075,SELL,12105.00,SL,12120.00,-60,60,0,15,0,25,0,20,0,12120.00,12090.00,60,60,-1564,-1615,17,Riesgo de reversion,Riesgo de reversion,42,0,3,74,119,0.3529,3,9,TRUE,FALSE,-62,TRUE,127,442,0.2873,,
2022-09-07|09:31:07.444,reconstructed-causal-v1-from-legacy-v11,2022-09-07,09:31:07.444,09:31:08.178,09:31:08.178,00:00,2311,BUY,12053.75,TP,12058.75,20,5,20,5,10,1,5,20,20,12048.75,12058.75,20,20,708,708,0,Excelente,Excelente,21,0,0,0,21,1,0,0,FALSE,FALSE,+18,TRUE,20,132,0.1515,285,224
2022-09-08|09:35:11.301,reconstructed-causal-v1-from-legacy-v11,2022-09-08,09:35:11.301,09:35:11.371,09:35:11.371,00:00,2315,SELL,12116.25,SL,12121.25,-20,20,0,20,0,1,0,20,0,12121.25,12111.25,20,20,-1643,-1650,0,Excelente,Excelente,3,0,0,0,3,1,0,0,FALSE,FALSE,-22,TRUE,2,56,0.0357,-109,-102
2022-09-09|09:32:13.468,reconstructed-causal-v1-from-legacy-v11,2022-09-09,09:32:13.468,09:32:15.739,09:32:15.739,00:02,2312,BUY,12460.00,TP,12465.00,20,0,20,0,15,0,4,0,20,12455.00,12465.00,20,20,910,910,0,Excelente,Excelente,9,0,0,0,9,1,0,0,FALSE,FALSE,+18,TRUE,9,86,0.1047,377,227
2022-09-13|09:32:10.394,reconstructed-causal-v1-from-legacy-v11,2022-09-13,09:32:10.394,09:32:10.855,09:32:10.855,00:00,2311,BUY,12506.25,SL,12501.25,-20,20,0,15,0,3,0,20,0,12501.25,12511.25,20,20,-175,-154,0,Excelente,Excelente,7,0,0,0,7,1,0,0,FALSE,FALSE,-22,TRUE,8,50,0.16,83,61
2022-09-14|09:32:13.522,reconstructed-causal-v1-from-legacy-v11,2022-09-14,09:32:13.522,09:32:15.331,09:32:15.331,00:01,2312,SELL,12133.75,SL,12138.75,-20,20,10,15,10,10,5,20,20,12138.75,12128.75,20,20,1088,985,7.92,Riesgo de reversion,Riesgo de reversion,5,1,3,26,35,0.1429,2,7,TRUE,FALSE,-22,TRUE,35,267,0.1311,-130,-27
2022-09-15|09:34:09.117,reconstructed-causal-v1-from-legacy-v11,2022-09-15,09:34:09.117,09:34:15.497,09:34:15.497,00:06,2314,BUY,12145.00,TP,12150.00,20,0,20,0,15,0,5,0,20,12140.00,12150.00,20,20,151,158,0,Excelente,Excelente,22,0,0,0,22,1,0,0,FALSE,FALSE,+18,TRUE,22,46,0.4783,240,214
2022-09-16|09:31:06.744,reconstructed-causal-v1-from-legacy-v11,2022-09-16,09:31:06.744,09:31:34.269,09:31:34.269,00:27,2311,SELL,11827.50,TP,11821.00,26,10,30,10,15,8,116,20,20,11834.00,11821.00,26,26,-2753,-2753,0,Excelente,Riesgo de reversion,105,94,85,129,413,0.2542,9,46,TRUE,FALSE,+24,TRUE,461,2329,0.1979,-406,-174
2022-09-19|09:32:09.406,reconstructed-causal-v1-from-legacy-v11,2022-09-19,09:32:09.406,09:32:15.498,09:32:15.498,00:06,2312,BUY,11860.00,TP,11865.00,20,0,20,0,20,0,1,0,20,11855.00,11865.00,20,20,1377,1377,0,Excelente,Excelente,7,0,0,0,7,1,0,0,FALSE,FALSE,+18,TRUE,6,19,0.3158,101,61
2022-09-20|09:33:11.614,reconstructed-causal-v1-from-legacy-v11,2022-09-20,09:33:11.614,09:33:19.051,09:33:19.051,00:07,2313,BUY,11935.00,SL,11930.00,-20,20,15,15,0,2,0,20,0,11930.00,11940.00,20,20,-121,-96,0,Excelente,Excelente,5,0,0,0,5,1,0,0,FALSE,FALSE,-22,TRUE,5,20,0.25,239,214
2022-09-23|09:37:23.121,reconstructed-causal-v1-from-legacy-v11,2022-09-23,09:37:23.121,09:37:23.630,09:37:23.630,00:00,2317,SELL,11427.50,TP,11422.50,20,5,20,5,20,1,1,20,20,11432.50,11422.50,20,20,660,660,0,Excelente,Normal,10,2,0,0,12,0.8333,1,2,FALSE,FALSE,+18,TRUE,11,136,0.0809,-640,-326
2022-09-26|09:31:14.423,reconstructed-causal-v1-from-legacy-v11,2022-09-26,09:31:14.423,09:31:20.110,09:31:20.110,00:05,2311,BUY,11388.75,SL,11383.75,-20,20,15,15,15,4,24,20,20,11383.75,11393.75,20,20,925,1015,3,Riesgo de reversion,Riesgo de reversion,29,34,19,29,111,0.2613,3,20,TRUE,FALSE,-22,TRUE,123,488,0.252,,
2022-09-27|09:31:28.236,reconstructed-causal-v1-from-legacy-v11,2022-09-27,09:31:28.236,09:32:14.930,09:32:14.930,00:46,2311,BUY,11493.75,TP,11501.50,31,10,35,0,20,0,3,0,20,11486.00,11501.50,31,31,703,1514,0,Excelente,Excelente,19,0,0,0,19,1,0,0,FALSE,FALSE,+29,TRUE,17,89,0.191,57,1
2022-09-28|09:34:07.791,reconstructed-causal-v1-from-legacy-v11,2022-09-28,09:34:07.791,09:34:12.504,09:34:12.504,00:04,2314,SELL,11280.00,TP,11272.50,30,10,30,10,15,7,22,20,20,11295.00,11272.50,60,30,-1186,-1186,0,Excelente,Riesgo de reversion,3,0,0,100,103,0.0291,1,2,TRUE,FALSE,+28,TRUE,109,404,0.2698,-241,-190
2022-09-29|09:35:09.415,reconstructed-causal-v1-from-legacy-v11,2022-09-29,09:35:09.415,09:35:25.226,09:35:25.226,00:15,2315,SELL,11367.50,TP,11362.25,21,20,25,15,15,18,25,20,20,11372.75,11362.25,21,21,-3280,-3289,0.07,Excelente,Riesgo de reversion,140,31,18,89,278,0.5036,2,18,TRUE,FALSE,+19,TRUE,291,898,0.3241,-121,-1
2022-09-30|09:31:11.102,reconstructed-causal-v1-from-legacy-v11,2022-09-30,09:31:11.102,09:31:12.287,09:31:12.287,00:01,2311,BUY,11210.00,SL,11205.00,-20,20,5,20,5,5,1,20,20,11205.00,11215.00,20,20,1802,1904,2.43,Riesgo de reversion,Riesgo de reversion,22,1,1,5,29,0.7586,3,6,TRUE,FALSE,-22,TRUE,29,185,0.1568,42,1
2022-10-03|09:32:09.897,reconstructed-causal-v1-from-legacy-v11,2022-10-03,09:32:09.897,09:33:06.871,09:33:06.871,00:56,2312,SELL,11093.75,TP,11078.75,60,0,60,0,40,0,11,0,20,11108.75,11078.75,60,60,800,800,0,Excelente,Excelente,71,0,0,0,71,1,0,0,FALSE,FALSE,+58,TRUE,74,230,0.3217,-172,-15
2022-10-04|09:33:06.447,reconstructed-causal-v1-from-legacy-v11,2022-10-04,09:33:06.447,09:40:00.003,09:40:00.003,06:53,2313,BUY,11553.75,TP,11568.75,60,0,75,0,75,0,1,0,75,11538.75,11568.75,60,60,-589,-589,0,Excelente,Excelente,3,0,0,0,3,1,0,0,FALSE,FALSE,+58,TRUE,1,1,1,185,1
2022-10-05|09:32:11.726,reconstructed-causal-v1-from-legacy-v11,2022-10-05,09:32:11.726,09:32:18.690,09:32:18.690,00:06,2312,BUY,11512.50,TP,11517.50,20,5,20,5,10,1,30,20,20,11507.50,11517.50,20,20,771,771,0,Excelente,Advertencia,125,11,1,0,137,0.9124,5,11,FALSE,FALSE,+18,TRUE,143,485,0.2948,324,204
2022-10-06|09:31:15.108,reconstructed-causal-v1-from-legacy-v11,2022-10-06,09:31:15.108,09:31:21.291,09:31:21.291,00:06,2311,BUY,11625.00,SL,11620.00,-20,20,15,10,0,12,0,20,0,11620.00,11630.00,20,20,-198,-122,0,Excelente,Excelente,45,0,0,0,45,1,0,0,FALSE,FALSE,-22,TRUE,50,160,0.3125,203,117
2022-10-07|09:32:24.985,reconstructed-causal-v1-from-legacy-v11,2022-10-07,09:32:24.985,09:32:28.784,09:32:28.784,00:03,2312,SELL,11297.50,SL,11302.50,-20,20,5,10,0,4,0,20,0,11302.50,11292.50,20,20,-176,-225,0,Excelente,Excelente,21,0,0,0,21,1,0,0,FALSE,FALSE,-22,TRUE,21,81,0.2593,-141,-92
2022-10-10|09:33:14.950,reconstructed-causal-v1-from-legacy-v11,2022-10-10,09:33:14.950,09:33:20.628,09:33:20.628,00:05,2313,SELL,11075.00,TP,11070.00,20,15,20,15,15,17,10,20,20,11080.00,11070.00,20,20,-566,-572,0.11,Excelente,Riesgo de reversion,42,18,1,13,74,0.5676,5,10,TRUE,FALSE,+18,TRUE,80,411,0.1946,-204,-132
2022-10-11|09:31:07.999,reconstructed-causal-v1-from-legacy-v11,2022-10-11,09:31:07.999,09:31:43.673,09:31:43.673,00:35,2311,SELL,10898.75,SL,10913.75,-60,60,20,35,0,18,0,20,0,10913.75,10883.75,60,60,-952,-1430,0,Excelente,Excelente,96,0,0,0,96,1,0,0,FALSE,FALSE,-62,TRUE,104,339,0.3068,-283,-177
2022-10-12|09:32:08.484,reconstructed-causal-v1-from-legacy-v11,2022-10-12,09:32:08.484,09:32:13.108,09:32:13.108,00:04,2312,SELL,10816.25,SL,10821.25,-20,20,15,10,5,4,1,20,1.0934,10821.25,10811.25,20,20,467,391,10.86,Riesgo de reversion,Riesgo de reversion,3,0,0,1,4,0.75,1,1,TRUE,FALSE,-22,TRUE,3,136,0.0221,-97,-21
2022-10-13|09:33:12.795,reconstructed-causal-v1-from-legacy-v11,2022-10-13,09:33:12.795,09:33:17.355,09:33:17.355,00:04,2312,SELL,10486.25,SL,10491.25,-20,20,5,15,5,30,1,20,20,10491.25,10481.25,20,20,-629,-662,0.67,Advertencia,Riesgo de reversion,42,47,16,2,107,0.3925,10,23,TRUE,FALSE,-22,TRUE,118,529,0.2231,-359,-308
2022-10-14|09:31:22.377,reconstructed-causal-v1-from-legacy-v11,2022-10-14,09:31:22.377,09:31:33.769,09:31:33.769,00:11,2310,BUY,11206.25,SL,11198.50,-31,35,0,15,0,23,0,20,0,11198.50,11214.00,31,31,2589,2696,0,Excelente,Excelente,85,0,0,0,85,1,0,0,FALSE,FALSE,-33,TRUE,89,341,0.261,312,204
2022-10-17|09:35:08.231,reconstructed-causal-v1-from-legacy-v11,2022-10-17,09:35:08.231,09:35:18.352,09:35:18.352,00:10,2315,BUY,11043.75,TP,11048.75,20,0,20,0,10,0,25,0,20,11038.75,11048.75,20,20,903,917,0.17,Excelente,Riesgo de reversion,72,76,1,3,152,0.4737,8,19,FALSE,FALSE,+18,TRUE,164,514,0.3191,177,92
2022-10-18|09:33:19.405,reconstructed-causal-v1-from-legacy-v11,2022-10-18,09:33:19.405,09:33:25.001,09:33:25.001,00:05,2313,SELL,11430.00,TP,11425.00,20,5,20,5,15,6,27,20,20,11435.00,11425.00,20,20,-4,-42,3.45,Riesgo de reversion,Riesgo de reversion,5,0,1,90,96,0.0521,1,2,TRUE,FALSE,+18,TRUE,102,394,0.2589,,
2022-10-19|09:34:11.238,reconstructed-causal-v1-from-legacy-v11,2022-10-19,09:34:11.238,09:34:12.480,09:34:12.480,00:01,2314,BUY,11181.25,TP,11186.25,20,0,20,0,15,0,8,0,20,11176.25,11186.25,20,20,-921,-921,0,Excelente,Normal,23,1,0,0,24,0.9583,1,2,FALSE,FALSE,+18,TRUE,26,141,0.1844,189,161
2022-10-20|09:31:40.341,reconstructed-causal-v1-from-legacy-v11,2022-10-20,09:31:40.341,09:31:41.321,09:31:41.321,00:00,2311,BUY,11161.25,SL,11156.25,-20,20,0,15,0,5,0,40,0,11156.25,11166.25,20,20,536,545,2.25,Riesgo de reversion,Riesgo de reversion,6,3,1,10,20,0.3,3,10,TRUE,FALSE,-22,TRUE,22,63,0.3492,313,304
2022-10-21|09:31:05.790,reconstructed-causal-v1-from-legacy-v11,2022-10-21,09:31:05.790,09:31:08.437,09:31:08.437,00:02,2311,SELL,11008.75,TP,11001.25,30,10,30,10,15,4,14,20,20,11023.75,11001.25,60,30,165,165,0,Excelente,Riesgo de reversion,18,1,0,40,59,0.3051,7,14,TRUE,FALSE,+28,TRUE,61,245,0.249,-216,-127
2022-10-24|09:32:09.143,reconstructed-causal-v1-from-legacy-v11,2022-10-24,09:32:09.143,09:32:38.479,09:32:38.479,00:29,2312,SELL,11315.00,TP,11304.75,41,10,45,10,15,5,19,20,20,11325.25,11304.75,41,41,-488,-582,0,Excelente,Excelente,120,0,0,0,120,1,0,0,FALSE,FALSE,+39,TRUE,127,455,0.2791,-119,-9
2022-10-25|09:31:32.083,reconstructed-causal-v1-from-legacy-v11,2022-10-25,09:31:32.083,09:35:17.566,09:35:17.566,03:45,2310,SELL,11563.75,TP,11548.75,60,0,60,0,25,0,46,0,20,11578.75,11548.75,60,60,688,688,0,Excelente,Advertencia,165,78,13,0,256,0.6445,2,8,FALSE,FALSE,+58,TRUE,274,1289,0.2126,-572,-1
2022-10-26|09:31:08.014,reconstructed-causal-v1-from-legacy-v11,2022-10-26,09:31:08.014,09:31:47.272,09:31:47.272,00:39,2311,SELL,11437.50,SL,11452.50,-60,60,0,45,0,3,0,20,0,11452.50,11422.50,60,60,-156,-323,0,Excelente,Excelente,8,0,0,0,8,1,0,0,FALSE,FALSE,-62,TRUE,7,72,0.0972,-262,-85
2022-10-28|09:32:15.123,reconstructed-causal-v1-from-legacy-v11,2022-10-28,09:32:15.123,09:32:21.517,09:32:21.517,00:06,2312,BUY,11263.75,TP,11268.75,20,5,20,5,15,8,27,20,20,11258.75,11268.75,20,20,-1622,-1613,0.09,Excelente,Advertencia,102,0,1,0,103,0.9903,1,2,FALSE,FALSE,+18,TRUE,115,427,0.2693,160,58
2022-10-31|09:32:38.235,reconstructed-causal-v1-from-legacy-v11,2022-10-31,09:32:38.235,09:34:09.988,09:34:09.988,01:31,2312,SELL,11463.75,SL,11480.25,-66,70,5,30,5,37,3,20,20,11480.25,11447.25,66,66,1229,619,0,Excelente,Excelente,164,0,0,0,164,1,0,0,FALSE,FALSE,-68,TRUE,171,690,0.2478,-595,-1
2022-11-01|09:36:10.630,reconstructed-causal-v1-from-legacy-v11,2022-11-01,09:36:10.630,09:36:21.896,09:36:21.896,00:11,2316,SELL,11575.00,SL,11580.00,-20,20,10,10,5,8,1,20,20,11580.00,11570.00,20,20,1348,1197,0,Excelente,Excelente,55,0,0,0,55,1,0,0,FALSE,FALSE,-22,TRUE,56,147,0.381,-202,-51
2022-11-02|09:31:09.061,reconstructed-causal-v1-from-legacy-v11,2022-11-02,09:31:09.061,09:31:15.901,09:31:15.901,00:06,2310,SELL,11318.75,TP,11313.75,20,10,20,10,15,10,9,20,20,11323.75,11313.75,20,20,154,134,0.04,Excelente,Excelente,117,0,0,0,117,1,0,0,FALSE,FALSE,+18,TRUE,125,410,0.3049,-123,-55
2022-11-03|09:33:50.905,reconstructed-causal-v1-from-legacy-v11,2022-11-03,09:33:50.905,09:34:53.443,09:34:53.443,01:02,2313,SELL,10843.75,TP,10828.75,60,20,60,0,50,0,6,0,20,10858.75,10828.75,60,60,-354,-525,0,Excelente,Excelente,30,0,0,0,30,1,0,0,FALSE,FALSE,+58,TRUE,28,99,0.2828,,
2022-11-04|09:31:18.875,reconstructed-causal-v1-from-legacy-v11,2022-11-04,09:31:18.875,09:32:18.442,09:32:18.442,00:59,2310,SELL,10922.50,TP,10903.50,76,10,80,0,80,0,1,0,20,10941.50,10903.50,76,76,1383,1383,0,Excelente,Excelente,6,0,0,0,6,1,0,0,FALSE,FALSE,+74,TRUE,5,36,0.1389,-547,-213
2023-03-14|09:37:31.610,reconstructed-causal-v1-from-legacy-v11,2023-03-14,09:37:31.610,09:37:34.805,09:37:34.805,00:03,2317,BUY,12246.25,SL,12241.25,-20,20,5,15,0,3,0,20,0,12241.25,12251.25,20,20,1382,1431,0,Excelente,Excelente,18,0,0,0,18,1,0,0,FALSE,FALSE,-22,TRUE,19,53,0.3585,359,310
2023-03-15|09:34:42.655,reconstructed-causal-v1-from-legacy-v11,2023-03-15,09:34:42.655,09:34:58.233,09:34:58.233,00:15,2314,BUY,12267.50,SL,12257.25,-41,45,10,25,0,11,0,40,0,12257.25,12277.75,41,41,-615,-455,0,Excelente,Excelente,31,0,0,0,31,1,0,0,FALSE,FALSE,-43,TRUE,33,90,0.3667,93,93
2023-03-17|09:33:25.612,reconstructed-causal-v1-from-legacy-v11,2023-03-17,09:33:25.612,09:33:28.226,09:33:28.226,00:02,2313,BUY,12736.25,SL,12731.25,-20,20,0,15,0,4,0,20,0,12731.25,12741.25,20,20,42,65,3.83,Riesgo de reversion,Riesgo de reversion,4,4,3,4,15,0.2667,3,10,TRUE,FALSE,-22,TRUE,15,40,0.375,229,206
2023-03-20|09:31:08.300,reconstructed-causal-v1-from-legacy-v11,2023-03-20,09:31:08.300,09:31:08.309,09:31:08.309,00:00,2311,BUY,12615.00,SL,12610.00,-20,20,0,20,0,1,0,20,0,12610.00,12620.00,20,20,-4146,-4146,0,Excelente,Excelente,1,0,0,0,1,1,0,0,FALSE,FALSE,-22,FALSE,0,124,0,,
2023-03-21|09:32:10.405,reconstructed-causal-v1-from-legacy-v11,2023-03-21,09:32:10.405,09:32:55.151,09:32:55.151,00:44,2312,BUY,12810.00,SL,12795.00,-60,60,0,35,0,13,0,20,0,12795.00,12825.00,60,60,2396,2655,0,Excelente,Excelente,107,0,0,0,107,1,0,0,FALSE,FALSE,-62,TRUE,107,279,0.3835,346,87
2023-03-24|09:32:15.988,reconstructed-causal-v1-from-legacy-v11,2023-03-24,09:32:15.988,09:32:24.158,09:32:24.158,00:08,2312,SELL,12806.25,TP,12801.25,20,5,20,5,10,3,7,20,20,12811.25,12801.25,20,20,1640,1640,0,Excelente,Advertencia,33,5,1,0,39,0.8462,2,5,FALSE,FALSE,+18,TRUE,41,129,0.3178,-174,-122
2023-03-27|09:36:09.629,reconstructed-causal-v1-from-legacy-v11,2023-03-27,09:36:09.629,09:41:19.726,09:41:19.726,05:10,2287,SELL,12897.50,SL,12912.50,-60,60,0,35,0,7,0,30,0,12912.50,12882.50,60,60,-1330,-1500,0.29,Normal,Normal,47,4,0,0,51,0.9216,1,1,TRUE,FALSE,-62,TRUE,50,244,0.2049,-404,-4
2023-03-28|09:32:04.022,reconstructed-causal-v1-from-legacy-v11,2023-03-28,09:32:04.022,09:33:04.214,09:33:04.214,01:00,2282,SELL,12751.25,TP,12736.25,60,0,60,0,55,0,3,0,20,12766.25,12736.25,60,60,-787,-787,0,Excelente,Excelente,25,0,0,0,25,1,0,0,FALSE,FALSE,+58,TRUE,23,96,0.2396,-531,-18
2023-03-29|09:32:09.031,reconstructed-causal-v1-from-legacy-v11,2023-03-29,09:32:09.031,09:32:37.039,09:32:37.039,00:28,2312,BUY,12900.00,TP,12905.00,20,0,20,0,15,0,12,0,20,12895.00,12905.00,20,20,357,357,0,Excelente,Excelente,118,0,0,0,118,1,0,0,FALSE,FALSE,+18,TRUE,120,338,0.355,345,172
2023-03-30|09:32:23.123,reconstructed-causal-v1-from-legacy-v11,2023-03-30,09:32:23.123,09:36:00.248,09:36:00.248,03:37,2311,SELL,13067.50,TP,13052.50,60,0,60,0,50,0,10,0,20,13082.50,13052.50,60,60,4453,4453,0,Excelente,Excelente,69,0,0,0,69,1,0,0,FALSE,FALSE,+58,TRUE,70,281,0.2491,-240,-2
2023-04-06|09:31:07.538,reconstructed-causal-v1-from-legacy-v11,2023-04-06,09:31:07.538,09:31:16.572,09:31:16.572,00:09,2311,SELL,12998.75,TP,12993.75,20,15,20,15,10,11,13,20,20,13003.75,12993.75,20,20,-1750,-2497,0,Excelente,Excelente,163,0,0,0,163,1,0,0,FALSE,FALSE,+18,TRUE,172,599,0.2871,-175,-91
2023-04-11|09:31:05.262,reconstructed-causal-v1-from-legacy-v11,2023-04-11,09:31:05.262,09:31:07.260,09:31:07.260,00:01,2311,SELL,13131.25,SL,13136.25,-20,20,0,15,0,3,0,20,0,13136.25,13126.25,20,20,395,-748,0,Excelente,Excelente,31,0,0,0,31,1,0,0,FALSE,FALSE,-22,TRUE,31,109,0.2844,-276,-237
2023-04-12|09:32:12.048,reconstructed-causal-v1-from-legacy-v11,2023-04-12,09:32:12.048,09:32:19.492,09:32:19.492,00:07,2311,BUY,13171.25,TP,13176.25,20,0,20,0,15,0,2,0,20,13166.25,13176.25,20,20,-2760,-2760,0,Excelente,Excelente,15,0,0,0,15,1,0,0,FALSE,FALSE,+18,TRUE,15,35,0.4286,329,235
2023-04-13|09:31:05.843,reconstructed-causal-v1-from-legacy-v11,2023-04-13,09:31:05.843,09:31:20.303,09:31:20.303,00:14,2310,BUY,13041.25,TP,13046.25,20,15,20,15,10,37,16,20,20,13036.25,13046.25,20,20,-25,364,0,Excelente,Excelente,203,0,0,0,203,1,0,0,FALSE,FALSE,+18,TRUE,224,1171,0.1913,150,8
2023-04-14|09:36:26.866,reconstructed-causal-v1-from-legacy-v11,2023-04-14,09:36:26.866,09:37:31.008,09:37:31.008,01:04,2316,BUY,13172.50,TP,13177.50,20,10,20,0,20,0,1,0,20,13167.50,13177.50,20,20,933,933,0,Excelente,Excelente,7,0,0,0,7,1,0,0,FALSE,FALSE,+18,TRUE,5,19,0.2632,556,35
2023-04-17|09:33:50.189,reconstructed-causal-v1-from-legacy-v11,2023-04-17,09:33:50.189,09:35:18.599,09:35:18.599,01:28,2313,SELL,13171.25,SL,13186.25,-60,60,0,20,0,16,0,20,0,13186.25,13156.25,60,60,597,301,3.95,Riesgo de reversion,Riesgo de reversion,2,0,0,166,168,0.0119,1,1,TRUE,FALSE,-62,TRUE,172,496,0.3468,-56,-1
2023-04-19|09:36:04.004,reconstructed-causal-v1-from-legacy-v11,2023-04-19,09:36:04.004,09:36:42.482,09:36:42.482,00:38,2314,BUY,13130.00,SL,13125.00,-20,20,15,15,10,36,29,20,20,13125.00,13135.00,20,20,-1283,-1217,4.13,Riesgo de reversion,Riesgo de reversion,13,16,25,383,437,0.0297,4,35,TRUE,FALSE,-22,TRUE,484,1707,0.2835,277,181
2023-04-24|09:32:08.297,reconstructed-causal-v1-from-legacy-v11,2023-04-24,09:32:08.297,09:32:17.732,09:32:17.732,00:09,2312,SELL,13055.00,SL,13060.25,-21,25,0,20,0,2,0,20,0,13060.25,13049.75,21,21,-783,-816,0,Excelente,Excelente,16,0,0,0,16,1,0,0,FALSE,FALSE,-23,TRUE,15,71,0.2113,-107,-74
2023-04-26|09:32:04.480,reconstructed-causal-v1-from-legacy-v11,2023-04-26,09:32:04.480,09:37:50.202,09:37:50.202,05:45,2312,SELL,12923.75,SL,12938.75,-60,60,5,45,0,9,0,45,0,12938.75,12908.75,60,60,-1951,-1995,0.02,Excelente,Excelente,73,0,0,0,73,1,0,0,FALSE,FALSE,-62,TRUE,74,194,0.3814,-587,-38
2023-04-27|09:35:10.118,reconstructed-causal-v1-from-legacy-v11,2023-04-27,09:35:10.118,09:35:12.665,09:35:12.665,00:02,2315,SELL,13016.25,SL,13021.25,-20,20,0,10,0,6,0,20,0,13021.25,13011.25,20,20,-2117,-2129,12,Riesgo de reversion,Riesgo de reversion,3,0,0,51,54,0.0556,1,1,TRUE,FALSE,-22,TRUE,56,199,0.2814,-101,-83
2023-04-28|09:36:09.968,reconstructed-causal-v1-from-legacy-v11,2023-04-28,09:36:09.968,09:36:16.752,09:36:16.752,00:06,2316,SELL,13200.00,SL,13205.00,-20,20,0,10,0,4,0,20,0,13205.00,13195.00,20,20,778,733,1.96,Riesgo de reversion,Riesgo de reversion,12,0,10,22,44,0.2727,1,4,TRUE,FALSE,-22,TRUE,44,101,0.4356,-241,-196
2023-05-02|09:37:07.546,reconstructed-causal-v1-from-legacy-v11,2023-05-02,09:37:07.546,09:37:09.885,09:37:09.885,00:02,2317,SELL,13282.50,SL,13287.50,-20,20,0,10,0,11,0,20,0,13287.50,13277.50,20,20,-586,-622,36,Riesgo de reversion,Riesgo de reversion,2,0,0,43,45,0.0444,1,1,TRUE,FALSE,-22,TRUE,51,213,0.2394,-254,-215
2023-05-03|09:35:09.142,reconstructed-causal-v1-from-legacy-v11,2023-05-03,09:35:09.142,09:35:20.437,09:35:20.437,00:11,2314,BUY,13211.25,SL,13206.25,-20,20,5,10,5,10,4,20,20,13206.25,13216.25,20,20,576,615,0.98,Riesgo de reversion,Riesgo de reversion,31,24,10,62,127,0.2441,1,9,TRUE,FALSE,-22,TRUE,133,308,0.4318,312,267
2023-05-04|09:31:05.300,reconstructed-causal-v1-from-legacy-v11,2023-05-04,09:31:05.300,09:31:20.406,09:31:20.406,00:15,2310,SELL,13062.50,SL,13067.50,-20,20,10,15,10,27,28,20,20,13067.50,13057.50,20,20,-1673,-1748,0.09,Excelente,Excelente,448,0,0,0,448,1,0,0,FALSE,FALSE,-22,TRUE,467,1512,0.3089,-235,-160
2023-05-05|09:32:06.249,reconstructed-causal-v1-from-legacy-v11,2023-05-05,09:32:06.249,09:32:11.537,09:32:11.537,00:05,2312,BUY,13153.75,TP,13158.75,20,5,20,5,10,3,9,20,20,13148.75,13158.75,20,20,3,3,0,Excelente,Advertencia,98,13,2,0,113,0.8673,2,8,TRUE,FALSE,+18,TRUE,119,429,0.2774,354,152
2023-05-08|09:31:09.275,reconstructed-causal-v1-from-legacy-v11,2023-05-08,09:31:09.275,09:31:22.447,09:31:22.447,00:13,2311,SELL,13295.00,SL,13300.25,-21,25,0,10,0,32,0,20,0,13300.25,13289.75,21,21,-550,-786,118,Riesgo de reversion,Riesgo de reversion,8,0,1,289,298,0.0268,1,2,TRUE,FALSE,-23,TRUE,305,1008,0.3026,-29,-1
2023-05-09|09:31:04.921,reconstructed-causal-v1-from-legacy-v11,2023-05-09,09:31:04.921,09:31:12.879,09:31:12.879,00:07,2309,BUY,13292.50,TP,13297.50,20,5,20,5,15,1,9,20,20,13287.50,13297.50,20,20,-1145,-1145,0,Excelente,Riesgo de reversion,190,30,8,4,232,0.819,4,13,TRUE,FALSE,+18,TRUE,244,905,0.2696,484,306
2023-05-10|09:31:07.145,reconstructed-causal-v1-from-legacy-v11,2023-05-10,09:31:07.145,09:31:28.060,09:31:28.060,00:20,2309,BUY,13381.25,TP,13386.25,20,0,20,0,15,0,16,0,20,13376.25,13386.25,20,20,-376,-376,0,Excelente,Excelente,144,0,0,0,144,1,0,0,FALSE,FALSE,+18,TRUE,145,502,0.2888,363,222
2023-05-11|09:32:04.017,reconstructed-causal-v1-from-legacy-v11,2023-05-11,09:32:04.017,09:32:12.542,09:32:12.542,00:08,2312,SELL,13400.00,TP,13395.00,20,5,20,5,15,10,13,20,20,13405.00,13395.00,20,20,2019,2019,0,Excelente,Riesgo de reversion,223,13,6,42,284,0.7852,5,21,FALSE,FALSE,+18,TRUE,292,1206,0.2421,-408,-288
2023-05-16|09:32:11.424,reconstructed-causal-v1-from-legacy-v11,2023-05-16,09:32:11.424,09:33:19.934,09:33:19.934,01:08,2312,BUY,13470.00,SL,13464.75,-21,25,10,15,10,102,19,20,20,13464.75,13475.25,21,21,-2103,-1892,11.72,Riesgo de reversion,Riesgo de reversion,20,8,18,1567,1613,0.0124,4,16,TRUE,FALSE,-23,TRUE,1671,5035,0.3319,63,1
2023-05-18|09:35:14.780,reconstructed-causal-v1-from-legacy-v11,2023-05-18,09:35:14.780,09:35:31.948,09:35:31.948,00:17,2315,BUY,13683.75,SL,13678.75,-20,20,10,15,10,16,12,20,20,13678.75,13688.75,20,20,1700,1886,0.78,Riesgo de reversion,Riesgo de reversion,188,130,43,1,362,0.5193,2,7,TRUE,FALSE,-22,TRUE,373,1393,0.2678,462,222
2023-05-22|09:34:12.047,reconstructed-causal-v1-from-legacy-v11,2023-05-22,09:34:12.047,09:34:23.857,09:34:23.857,00:11,2314,BUY,13882.50,SL,13877.50,-20,20,0,10,0,30,0,20,0,13877.50,13887.50,20,20,-1883,-1788,3.39,Riesgo de reversion,Riesgo de reversion,19,18,8,269,314,0.0605,7,21,TRUE,FALSE,-22,TRUE,328,1169,0.2806,220,117
2023-05-23|09:32:07.164,reconstructed-causal-v1-from-legacy-v11,2023-05-23,09:32:07.164,09:32:14.762,09:32:14.762,00:07,2312,BUY,13852.50,SL,13847.50,-20,20,5,10,5,13,11,20,20,13847.50,13857.50,20,20,-2327,-2207,120,Riesgo de reversion,Riesgo de reversion,5,0,0,199,204,0.0245,2,3,TRUE,FALSE,-22,TRUE,212,813,0.2608,119,10
2023-05-24|09:35:09.795,reconstructed-causal-v1-from-legacy-v11,2023-05-24,09:35:09.795,09:35:34.312,09:35:34.312,00:24,2315,BUY,13666.25,SL,13661.25,-20,20,5,10,5,37,15,20,20,13661.25,13671.25,20,20,-4293,-4040,5.62,Riesgo de reversion,Riesgo de reversion,42,12,56,483,593,0.0708,4,19,TRUE,FALSE,-22,TRUE,614,2223,0.2762,218,1
2023-05-25|09:31:03.778,reconstructed-causal-v1-from-legacy-v11,2023-05-25,09:31:03.778,09:31:15.128,09:31:15.128,00:11,2311,SELL,13923.75,TP,13918.75,20,15,20,15,15,32,33,20,20,13928.75,13918.75,20,20,6787,6666,0.25,Excelente,Normal,249,139,0,0,388,0.6418,1,2,TRUE,FALSE,+18,TRUE,405,2033,0.1992,-172,-1
2023-05-26|09:36:33.709,reconstructed-causal-v1-from-legacy-v11,2023-05-26,09:36:33.709,09:38:40.698,09:38:40.698,02:06,2316,SELL,14050.00,SL,14065.00,-60,60,10,20,10,246,7,20,20,14065.00,14035.00,60,60,1744,1324,7.64,Riesgo de reversion,Riesgo de reversion,239,56,38,1689,2022,0.1182,8,21,TRUE,FALSE,-62,TRUE,2116,6983,0.303,-76,-1
2023-05-30|09:32:23.519,reconstructed-causal-v1-from-legacy-v11,2023-05-30,09:32:23.519,09:32:33.848,09:32:33.848,00:10,2072,SELL,14480.00,SL,14485.00,-20,20,15,15,10,19,29,20,20,14485.00,14475.00,20,20,3164,2967,6.57,Riesgo de reversion,Riesgo de reversion,50,28,50,224,352,0.142,4,33,TRUE,FALSE,-22,TRUE,367,1752,0.2095,-324,-113
2023-05-31|09:34:30.782,reconstructed-causal-v1-from-legacy-v11,2023-05-31,09:34:30.782,09:34:40.942,09:34:40.942,00:10,2314,BUY,14360.00,SL,14355.00,-20,20,15,10,10,12,28,20,20,14355.00,14365.00,20,20,-2532,-2419,0.72,Advertencia,Riesgo de reversion,127,61,66,17,271,0.4686,6,17,TRUE,FALSE,-22,TRUE,281,1027,0.2736,394,231
2023-06-01|09:32:05.778,reconstructed-causal-v1-from-legacy-v11,2023-06-01,09:32:05.778,09:32:08.041,09:32:08.041,00:02,2312,SELL,14273.75,SL,14278.75,-20,20,5,20,5,2,2,20,20,14278.75,14268.75,20,20,577,504,36.5,Riesgo de reversion,Riesgo de reversion,4,0,0,63,67,0.0597,2,3,TRUE,FALSE,-22,TRUE,70,236,0.2966,-89,-16
2023-06-02|09:32:08.983,reconstructed-causal-v1-from-legacy-v11,2023-06-02,09:32:08.983,09:32:39.770,09:32:39.770,00:30,2312,BUY,14592.50,TP,14597.50,20,10,20,10,20,31,27,20,20,14587.50,14597.50,20,20,3035,3073,0.22,Excelente,Riesgo de reversion,62,110,363,182,717,0.0865,2,16,TRUE,FALSE,+18,TRUE,742,2649,0.2801,207,35
2023-06-05|09:32:11.424,reconstructed-causal-v1-from-legacy-v11,2023-06-05,09:32:11.424,09:32:20.605,09:32:20.605,00:09,2312,BUY,14598.75,SL,14593.75,-20,20,5,10,5,30,7,20,20,14593.75,14603.75,20,20,1141,1301,1.3,Riesgo de reversion,Riesgo de reversion,176,13,31,50,270,0.6519,6,12,TRUE,FALSE,-22,TRUE,280,930,0.3011,322,162
2023-06-06|09:36:11.151,reconstructed-causal-v1-from-legacy-v11,2023-06-06,09:36:11.151,09:36:19.287,09:36:19.287,00:08,2316,SELL,14506.25,SL,14511.50,-21,25,5,15,5,22,1,20,20,14511.50,14501.00,21,21,-2940,-3029,1.59,Riesgo de reversion,Riesgo de reversion,77,7,11,95,190,0.4053,1,9,TRUE,FALSE,-23,TRUE,195,692,0.2818,-271,-182
2023-06-07|09:32:06.564,reconstructed-causal-v1-from-legacy-v11,2023-06-07,09:32:06.564,09:32:24.640,09:32:24.640,00:18,2310,BUY,14643.75,TP,14648.75,20,10,20,10,10,20,26,20,20,14638.75,14648.75,20,20,1746,1746,0,Excelente,Normal,479,16,0,0,495,0.9677,6,12,TRUE,FALSE,+18,TRUE,528,1791,0.2948,434,164
2023-06-08|09:31:26.957,reconstructed-causal-v1-from-legacy-v11,2023-06-08,09:31:26.957,09:31:29.873,09:31:29.873,00:02,2309,BUY,14367.50,SL,14359.75,-31,35,0,15,0,18,0,20,0,14359.75,14375.25,31,31,-181,-113,2.96,Riesgo de reversion,Riesgo de reversion,27,0,17,58,102,0.2647,2,12,TRUE,FALSE,-33,TRUE,111,539,0.2059,381,313
2023-06-09|09:35:03.965,reconstructed-causal-v1-from-legacy-v11,2023-06-09,09:35:03.965,09:41:13.043,09:41:13.043,06:09,2315,SELL,14593.75,SL,14608.75,-60,60,5,40,5,143,2,20,20,14608.75,14578.75,60,60,5986,4888,0,Excelente,Excelente,1265,0,0,0,1265,1,0,0,FALSE,FALSE,-62,TRUE,1303,3680,0.3541,-145,-1
2023-06-13|09:35:07.147,reconstructed-causal-v1-from-legacy-v11,2023-06-13,09:35:07.147,09:35:10.240,09:35:10.240,00:03,2310,BUY,15120.00,SL,15115.00,-20,20,5,15,5,10,1,20,20,15115.00,15125.00,20,20,712,766,1.8,Riesgo de reversion,Riesgo de reversion,26,17,14,28,85,0.3059,5,25,TRUE,FALSE,-22,TRUE,88,342,0.2573,339,285
2023-06-14|09:36:11.665,reconstructed-causal-v1-from-legacy-v11,2023-06-14,09:36:11.665,09:36:53.581,09:36:53.581,00:41,2315,SELL,15066.25,TP,15059.75,26,15,30,15,10,31,46,20,20,15072.75,15059.75,26,26,-935,-935,0,Excelente,Riesgo de reversion,494,151,157,15,817,0.6047,5,36,TRUE,FALSE,+24,TRUE,838,2376,0.3527,-306,-29
2023-06-15|09:33:08.794,reconstructed-causal-v1-from-legacy-v11,2023-06-15,09:33:08.794,09:33:13.926,09:33:13.926,00:05,2312,SELL,15123.75,TP,15118.75,20,5,20,5,15,4,18,20,20,15128.75,15118.75,20,20,-3977,-3987,0.56,Advertencia,Riesgo de reversion,9,0,3,130,142,0.0634,2,5,TRUE,FALSE,+18,TRUE,146,520,0.2808,-206,-135
2023-06-16|09:34:40.803,reconstructed-causal-v1-from-legacy-v11,2023-06-16,09:34:40.803,09:34:47.298,09:34:47.298,00:06,2314,SELL,15407.50,TP,15402.50,20,15,20,15,20,15,14,20,20,15412.50,15402.50,20,20,3535,3535,0,Excelente,Riesgo de reversion,85,42,25,31,183,0.4645,9,35,TRUE,FALSE,+18,TRUE,196,667,0.2939,-362,-269
2023-06-20|09:31:05.709,reconstructed-causal-v1-from-legacy-v11,2023-06-20,09:31:05.709,09:31:14.340,09:31:14.340,00:08,2070,BUY,15230.00,TP,15235.25,21,10,25,10,15,9,36,20,20,15224.75,15235.25,21,21,-1030,-1030,0,Excelente,Riesgo de reversion,3,0,0,237,240,0.0125,1,2,TRUE,FALSE,+19,TRUE,249,938,0.2655,78,78
2023-06-21|09:32:07.541,reconstructed-causal-v1-from-legacy-v11,2023-06-21,09:32:07.541,09:32:10.562,09:32:10.562,00:03,2310,BUY,15215.00,TP,15220.00,20,5,20,5,15,3,10,20,20,15210.00,15220.00,20,20,489,489,0,Excelente,Riesgo de reversion,31,13,6,31,81,0.3827,4,17,TRUE,FALSE,+18,TRUE,82,310,0.2645,252,191
2023-06-22|09:35:11.934,reconstructed-causal-v1-from-legacy-v11,2023-06-22,09:35:11.934,09:35:51.070,09:35:51.070,00:39,2314,BUY,15015.00,SL,15009.75,-21,25,20,20,10,48,43,20,20,15009.75,15020.25,21,21,-280,-261,0.1,Excelente,Advertencia,743,42,11,0,796,0.9334,8,21,TRUE,FALSE,-23,TRUE,832,2405,0.3459,448,259
2023-06-23|09:32:07.759,reconstructed-causal-v1-from-legacy-v11,2023-06-23,09:32:07.759,09:32:13.980,09:32:13.980,00:06,2312,BUY,15066.25,TP,15071.25,20,5,20,5,10,5,19,20,20,15061.25,15071.25,20,20,-1426,-1426,0,Excelente,Riesgo de reversion,49,39,54,37,179,0.2737,2,32,TRUE,FALSE,+18,TRUE,187,618,0.3026,222,116
2023-06-26|09:36:11.539,reconstructed-causal-v1-from-legacy-v11,2023-06-26,09:36:11.539,09:38:00.500,09:38:00.500,01:48,2316,SELL,15072.50,TP,15057.50,60,5,60,5,15,8,144,20,20,15087.50,15057.50,60,60,225,225,0,Excelente,Riesgo de reversion,189,234,179,941,1543,0.1225,17,92,TRUE,FALSE,+58,TRUE,1586,3794,0.418,-135,-1
2023-06-27|09:35:19.961,reconstructed-causal-v1-from-legacy-v11,2023-06-27,09:35:19.961,09:36:04.653,09:36:04.653,00:44,2315,BUY,14948.75,TP,14963.75,60,20,60,15,20,27,132,20,20,14933.75,14963.75,60,60,2068,2068,0,Excelente,Riesgo de reversion,225,140,55,690,1110,0.2027,13,51,TRUE,FALSE,+58,TRUE,1143,3779,0.3025,784,16
2023-06-29|09:31:04.923,reconstructed-causal-v1-from-legacy-v11,2023-06-29,09:31:04.923,09:31:06.733,09:31:06.733,00:01,2311,BUY,15128.75,SL,15123.75,-20,20,5,15,5,5,1,20,20,15123.75,15133.75,20,20,-11,17,0.17,Excelente,Excelente,60,0,0,0,60,1,0,0,FALSE,FALSE,-22,TRUE,61,200,0.305,226,193
2023-06-30|09:36:14.900,reconstructed-causal-v1-from-legacy-v11,2023-06-30,09:36:14.900,09:36:36.473,09:36:36.473,00:21,2314,BUY,15275.00,SL,15270.00,-20,20,10,10,10,29,18,20,20,15270.00,15280.00,20,20,2379,2442,1.37,Riesgo de reversion,Riesgo de reversion,133,103,104,55,395,0.3367,10,42,TRUE,FALSE,-22,TRUE,412,1022,0.4031,200,132
2023-07-06|09:34:06.108,reconstructed-causal-v1-from-legacy-v11,2023-07-06,09:34:06.108,09:35:44.805,09:35:44.805,01:38,2313,SELL,15167.50,TP,15152.50,60,10,60,10,25,14,292,20,40,15182.50,15152.50,60,60,-2510,-2738,1.71,Riesgo de reversion,Riesgo de reversion,167,172,463,1348,2150,0.0777,7,44,TRUE,FALSE,+58,TRUE,2229,6630,0.3362,-355,-1
2023-07-11|09:31:06.407,reconstructed-causal-v1-from-legacy-v11,2023-07-11,09:31:06.407,09:34:34.122,09:34:34.122,03:27,2311,BUY,15192.50,TP,15207.50,60,0,60,0,25,0,87,0,20,15177.50,15207.50,60,60,458,535,0.2,Excelente,Advertencia,27,318,354,0,699,0.0386,2,11,FALSE,FALSE,+58,TRUE,728,2193,0.332,240,1
2023-07-12|09:31:11.163,reconstructed-causal-v1-from-legacy-v11,2023-07-12,09:31:11.163,09:31:15.889,09:31:15.889,00:04,2310,BUY,15443.75,SL,15438.75,-20,20,5,15,5,24,3,20,20,15438.75,15448.75,20,20,3929,3976,0.72,Advertencia,Riesgo de reversion,65,55,28,7,155,0.4194,4,20,TRUE,FALSE,-22,TRUE,161,720,0.2236,460,395
2023-07-13|09:35:11.065,reconstructed-causal-v1-from-legacy-v11,2023-07-13,09:35:11.065,09:35:20.779,09:35:20.779,00:09,2314,BUY,15597.50,TP,15602.50,20,15,20,10,15,16,6,20,20,15592.50,15602.50,20,20,1052,1052,0,Excelente,Riesgo de reversion,3,0,0,235,238,0.0126,1,2,TRUE,FALSE,+18,TRUE,248,912,0.2719,299,50
2023-07-17|09:36:11.017,reconstructed-causal-v1-from-legacy-v11,2023-07-17,09:36:11.017,09:38:32.352,09:38:32.352,02:21,2316,BUY,15766.25,TP,15781.25,60,5,60,5,35,2,222,20,20,15751.25,15781.25,60,60,3737,3758,0.12,Excelente,Riesgo de reversion,174,35,195,1693,2097,0.083,1,34,TRUE,FALSE,+58,TRUE,2164,5993,0.3611,495,1
2023-07-19|09:31:05.216,reconstructed-causal-v1-from-legacy-v11,2023-07-19,09:31:05.216,09:31:10.067,09:31:10.067,00:04,2311,BUY,16028.75,TP,16033.75,20,5,20,5,10,17,19,20,20,16023.75,16033.75,20,20,2767,2767,0,Excelente,Riesgo de reversion,10,0,0,139,149,0.0671,1,2,TRUE,FALSE,+18,TRUE,154,753,0.2045,321,196
2023-07-20|09:32:30.935,reconstructed-causal-v1-from-legacy-v11,2023-07-20,09:32:30.935,09:32:33.568,09:32:33.568,00:02,2312,BUY,15880.00,SL,15875.00,-20,20,0,10,0,17,0,20,0,15875.00,15885.00,20,20,-2575,-2528,1.57,Riesgo de reversion,Riesgo de reversion,38,1,3,32,74,0.5135,3,6,TRUE,FALSE,-22,TRUE,80,300,0.2667,189,142
2023-07-21|09:33:33.719,reconstructed-causal-v1-from-legacy-v11,2023-07-21,09:33:33.719,09:34:02.444,09:34:02.444,00:28,2313,SELL,15691.25,SL,15706.25,-60,60,0,40,0,7,0,20,0,15706.25,15676.25,60,60,2078,1735,0,Excelente,Excelente,73,0,0,0,73,1,0,0,FALSE,FALSE,-62,TRUE,72,251,0.2869,-1,-1
2023-07-24|09:31:04.311,reconstructed-causal-v1-from-legacy-v11,2023-07-24,09:31:04.311,09:32:42.372,09:32:42.372,01:38,2311,BUY,15615.00,SL,15600.00,-60,60,0,20,0,95,0,20,0,15600.00,15630.00,60,60,-653,-310,0,Excelente,Excelente,816,0,0,0,816,1,0,0,FALSE,FALSE,-62,TRUE,847,2437,0.3476,194,1
2023-07-25|09:32:10.476,reconstructed-causal-v1-from-legacy-v11,2023-07-25,09:32:10.476,09:32:12.196,09:32:12.196,00:01,2311,BUY,15620.00,SL,15615.00,-20,20,0,20,0,4,0,20,0,15615.00,15625.00,20,20,2412,2438,1.86,Riesgo de reversion,Riesgo de reversion,10,0,4,25,39,0.2564,1,7,TRUE,FALSE,-22,TRUE,40,199,0.201,75,43
2023-07-26|09:32:06.103,reconstructed-causal-v1-from-legacy-v11,2023-07-26,09:32:06.103,09:33:23.434,09:33:23.434,01:17,2311,SELL,15605.00,TP,15590.00,60,5,60,5,20,12,286,20,40,15620.00,15590.00,60,60,1310,1137,0.84,Riesgo de reversion,Riesgo de reversion,195,185,257,1306,1943,0.1004,7,39,TRUE,FALSE,+58,TRUE,2038,6521,0.3125,-487,-1
2023-07-27|09:33:02.257,reconstructed-causal-v1-from-legacy-v11,2023-07-27,09:33:02.257,09:33:12.900,09:33:12.900,00:10,2313,BUY,15852.50,TP,15857.50,20,5,20,5,15,7,32,20,20,15847.50,15857.50,20,20,3790,3790,0,Excelente,Riesgo de reversion,269,65,5,3,342,0.7865,5,14,TRUE,FALSE,+18,TRUE,359,1468,0.2446,575,353
2023-07-31|09:34:05.633,reconstructed-causal-v1-from-legacy-v11,2023-07-31,09:34:05.633,09:34:15.169,09:34:15.169,00:09,2314,SELL,15853.75,SL,15858.75,-20,20,5,15,5,22,13,20,20,15858.75,15848.75,20,20,320,214,5.89,Riesgo de reversion,Riesgo de reversion,18,7,9,230,264,0.0682,4,12,TRUE,FALSE,-22,TRUE,274,862,0.3179,-221,-115
2023-08-02|09:34:11.352,reconstructed-causal-v1-from-legacy-v11,2023-08-02,09:34:11.352,09:34:31.487,09:34:31.487,00:20,2314,SELL,15635.00,TP,15630.00,20,5,20,5,10,22,28,20,20,15640.00,15630.00,20,20,-893,-893,0,Excelente,Excelente,390,0,0,0,390,1,0,0,FALSE,FALSE,+18,TRUE,400,1137,0.3518,-149,-20
2023-08-03|09:37:29.732,reconstructed-causal-v1-from-legacy-v11,2023-08-03,09:37:29.732,09:37:31.948,09:37:31.948,00:02,2317,BUY,15410.00,SL,15405.00,-20,20,5,15,5,6,1,20,20,15405.00,15415.00,20,20,-702,-658,22,Riesgo de reversion,Riesgo de reversion,33,0,1,30,64,0.5156,1,2,TRUE,FALSE,-22,TRUE,67,226,0.2965,138,92
2023-08-04|09:31:12.393,reconstructed-causal-v1-from-legacy-v11,2023-08-04,09:31:12.393,09:31:27.430,09:31:27.430,00:15,2311,BUY,15527.50,SL,15522.50,-20,20,15,10,10,33,32,20,20,15522.50,15532.50,20,20,2738,2808,7,Riesgo de reversion,Riesgo de reversion,23,7,9,359,398,0.0578,6,24,TRUE,FALSE,-22,TRUE,420,1313,0.3199,91,14
2023-08-07|09:31:06.963,reconstructed-causal-v1-from-legacy-v11,2023-08-07,09:31:06.963,09:31:08.561,09:31:08.561,00:01,2311,BUY,15467.50,TP,15472.50,20,5,20,5,15,2,4,20,20,15462.50,15472.50,20,20,-71,144,0,Excelente,Excelente,60,0,0,0,60,1,0,0,FALSE,FALSE,+18,TRUE,59,245,0.2408,100,2
2023-08-08|09:37:28.373,reconstructed-causal-v1-from-legacy-v11,2023-08-08,09:37:28.373,09:37:56.966,09:37:56.966,00:28,2317,BUY,15352.50,SL,15347.50,-20,20,10,15,10,23,19,20,20,15347.50,15357.50,20,20,-542,-463,1.2,Riesgo de reversion,Riesgo de reversion,115,51,150,174,490,0.2347,6,38,TRUE,FALSE,-22,TRUE,502,1223,0.4105,,
2023-08-10|09:31:17.324,reconstructed-causal-v1-from-legacy-v11,2023-08-10,09:31:17.324,09:32:52.002,09:32:52.002,01:34,2311,BUY,15316.25,SL,15301.00,-61,65,60,25,0,33,0,20,0,15301.00,15331.50,61,61,-1441,-1196,0,Excelente,Excelente,167,0,0,0,167,1,0,0,FALSE,FALSE,-63,TRUE,172,530,0.3245,301,239
2023-08-11|09:32:16.239,reconstructed-causal-v1-from-legacy-v11,2023-08-11,09:32:16.239,09:32:17.937,09:32:17.937,00:01,2312,SELL,15060.00,SL,15065.00,-20,20,0,15,0,5,0,20,0,15065.00,15055.00,20,20,-2881,-2919,0.88,Riesgo de reversion,Riesgo de reversion,34,4,4,9,51,0.6667,2,6,TRUE,FALSE,-22,TRUE,52,238,0.2185,-115,-72
2023-08-14|09:32:10.232,reconstructed-causal-v1-from-legacy-v11,2023-08-14,09:32:10.232,09:32:22.044,09:32:22.044,00:11,2312,SELL,15042.50,TP,15037.25,21,10,25,10,15,13,30,20,20,15047.75,15037.25,21,21,-558,-558,0,Excelente,Riesgo de reversion,99,179,1,1,280,0.3536,6,14,TRUE,FALSE,+19,TRUE,296,997,0.2969,-388,-223
2023-08-16|09:32:16.059,reconstructed-causal-v1-from-legacy-v11,2023-08-16,09:32:16.059,09:32:22.586,09:32:22.586,00:06,2312,SELL,15063.75,TP,15058.75,20,5,20,5,10,9,10,20,20,15068.75,15058.75,20,20,-1215,-1219,0.08,Excelente,Riesgo de reversion,72,5,3,50,130,0.5538,5,16,TRUE,FALSE,+18,TRUE,133,415,0.3205,-166,-90
2023-08-17|09:32:10.425,reconstructed-causal-v1-from-legacy-v11,2023-08-17,09:32:10.425,09:32:18.117,09:32:18.117,00:07,2312,SELL,14971.25,SL,14976.50,-21,25,10,15,10,15,8,20,20,14976.50,14966.00,21,21,2212,2111,1.19,Riesgo de reversion,Riesgo de reversion,70,68,22,20,180,0.3889,5,13,TRUE,FALSE,-23,TRUE,188,725,0.2593,-219,-118
2023-08-18|09:33:12.036,reconstructed-causal-v1-from-legacy-v11,2023-08-18,09:33:12.036,09:33:21.921,09:33:21.921,00:09,2313,BUY,14668.75,SL,14663.75,-20,20,15,15,15,18,26,20,20,14663.75,14673.75,20,20,-2375,-2307,0.94,Riesgo de reversion,Riesgo de reversion,80,77,92,33,282,0.2837,1,21,TRUE,FALSE,-22,TRUE,293,955,0.3068,449,376
2023-08-21|09:34:21.798,reconstructed-causal-v1-from-legacy-v11,2023-08-21,09:34:21.798,09:34:30.813,09:34:30.813,00:09,2314,BUY,14836.25,TP,14841.25,20,5,20,5,10,7,26,20,20,14831.25,14841.25,20,20,908,908,0,Excelente,Advertencia,184,50,3,0,237,0.7764,8,20,TRUE,FALSE,+18,TRUE,242,831,0.2912,275,142
2023-08-22|09:36:42.155,reconstructed-causal-v1-from-legacy-v11,2023-08-22,09:36:42.155,09:37:53.604,09:37:53.604,01:11,2316,BUY,15051.25,SL,15036.25,-60,60,5,15,5,163,4,20,20,15036.25,15066.25,60,60,2303,2732,429,Riesgo de reversion,Riesgo de reversion,2,0,0,1656,1658,0.0012,1,1,TRUE,FALSE,-62,TRUE,1724,5595,0.3081,112,1
2023-08-23|09:35:01.464,reconstructed-causal-v1-from-legacy-v11,2023-08-23,09:35:01.464,09:35:11.392,09:35:11.392,00:09,2315,BUY,15030.00,TP,15037.50,30,5,30,5,20,2,24,20,20,15015.00,15037.50,60,30,-433,-425,0.11,Excelente,Riesgo de reversion,84,125,28,3,240,0.35,12,41,FALSE,FALSE,+28,TRUE,243,641,0.3791,402,332
2023-08-24|09:35:02.108,reconstructed-causal-v1-from-legacy-v11,2023-08-24,09:35:02.108,09:36:13.197,09:36:13.197,01:11,2315,SELL,15255.00,TP,15240.00,60,0,60,0,20,0,51,0,40,15270.00,15240.00,60,60,-5519,-5522,0.01,Excelente,Advertencia,221,43,94,0,358,0.6173,4,13,FALSE,FALSE,+58,TRUE,367,1607,0.2284,-464,-20
2023-08-25|09:35:04.951,reconstructed-causal-v1-from-legacy-v11,2023-08-25,09:35:04.951,09:35:13.936,09:35:13.936,00:08,2315,BUY,14928.75,SL,14923.75,-20,20,10,15,10,11,11,20,20,14923.75,14933.75,20,20,2306,2340,1.55,Riesgo de reversion,Riesgo de reversion,79,21,16,55,171,0.462,9,30,TRUE,FALSE,-22,TRUE,178,486,0.3663,292,256
2023-08-28|09:34:08.188,reconstructed-causal-v1-from-legacy-v11,2023-08-28,09:34:08.188,09:34:12.075,09:34:12.075,00:03,2313,BUY,15110.00,TP,15115.00,20,5,20,5,10,2,26,20,20,15105.00,15115.00,20,20,3476,3476,0,Excelente,Riesgo de reversion,69,22,17,13,121,0.5702,4,9,TRUE,FALSE,+18,TRUE,127,515,0.2466,259,168
2023-08-29|09:31:08.811,reconstructed-causal-v1-from-legacy-v11,2023-08-29,09:31:08.811,09:31:12.611,09:31:12.611,00:03,2309,SELL,15068.75,TP,15063.75,20,10,20,10,10,12,8,20,20,15073.75,15063.75,20,20,-1176,-1176,0,Excelente,Excelente,109,0,0,0,109,1,0,0,FALSE,FALSE,+18,TRUE,113,434,0.2604,-448,-298
2023-08-30|09:32:09.323,reconstructed-causal-v1-from-legacy-v11,2023-08-30,09:32:09.323,09:32:14.388,09:32:14.388,00:05,2311,BUY,15436.25,TP,15441.25,20,10,20,10,10,6,14,20,20,15431.25,15441.25,20,20,-1075,-1075,0,Excelente,Riesgo de reversion,115,10,2,13,140,0.8214,4,11,TRUE,FALSE,+18,TRUE,143,597,0.2395,253,100
2023-08-31|09:35:03.734,reconstructed-causal-v1-from-legacy-v11,2023-08-31,09:35:03.734,09:35:06.070,09:35:06.070,00:02,2315,BUY,15522.50,TP,15527.75,21,5,25,5,10,3,6,20,20,15517.25,15527.75,21,21,84,84,0,Excelente,Excelente,78,0,0,0,78,1,0,0,FALSE,FALSE,+19,TRUE,80,319,0.2508,353,203
2023-09-01|09:31:05.820,reconstructed-causal-v1-from-legacy-v11,2023-09-01,09:31:05.820,09:31:07.562,09:31:07.562,00:01,2311,BUY,15643.75,TP,15648.75,20,0,20,0,10,0,9,0,20,15638.75,15648.75,20,20,1336,1336,0,Excelente,Riesgo de reversion,35,6,8,3,52,0.6731,4,14,FALSE,FALSE,+18,TRUE,56,169,0.3314,168,137
2023-09-05|09:35:06.168,reconstructed-causal-v1-from-legacy-v11,2023-09-05,09:35:06.168,09:35:12.115,09:35:12.115,00:05,2073,SELL,15457.50,TP,15452.50,20,10,20,10,15,8,16,20,20,15462.50,15452.50,20,20,-2348,-2365,2.43,Riesgo de reversion,Riesgo de reversion,38,2,1,107,148,0.2568,2,6,TRUE,FALSE,+18,TRUE,153,422,0.3626,-219,-178
2023-09-06|09:34:07.353,reconstructed-causal-v1-from-legacy-v11,2023-09-06,09:34:07.353,09:34:14.782,09:34:14.782,00:07,2314,SELL,15471.25,SL,15476.25,-20,20,15,10,10,20,16,20,20,15476.25,15466.25,20,20,2008,1856,1.54,Riesgo de reversion,Riesgo de reversion,65,4,30,77,176,0.3693,2,9,TRUE,FALSE,-22,TRUE,178,784,0.227,-262,-110
2023-09-07|09:34:15.164,reconstructed-causal-v1-from-legacy-v11,2023-09-07,09:34:15.164,09:34:26.459,09:34:26.459,00:11,2314,SELL,15171.25,SL,15176.25,-20,20,15,15,10,22,11,20,20,15176.25,15166.25,20,20,-2861,-2957,6.4,Riesgo de reversion,Riesgo de reversion,17,14,24,195,250,0.068,3,13,TRUE,FALSE,-22,TRUE,266,727,0.3659,-90,-4
2023-09-08|09:32:14.367,reconstructed-causal-v1-from-legacy-v11,2023-09-08,09:32:14.367,09:32:49.255,09:32:49.255,00:34,2312,BUY,15318.75,TP,15326.50,31,15,35,10,25,22,73,20,20,15311.00,15326.50,31,31,3653,3680,0.08,Excelente,Advertencia,768,103,17,0,888,0.8649,7,26,TRUE,FALSE,+29,TRUE,926,3434,0.2697,464,134
2023-09-11|09:32:06.736,reconstructed-causal-v1-from-legacy-v11,2023-09-11,09:32:06.736,09:32:08.494,09:32:08.494,00:01,2312,SELL,15613.75,SL,15618.75,-20,20,0,15,0,11,0,20,0,15618.75,15608.75,20,20,1078,1054,12,Riesgo de reversion,Riesgo de reversion,6,0,2,49,57,0.1053,1,5,TRUE,FALSE,-22,TRUE,59,331,0.1782,-176,-146
2023-09-12|09:34:08.482,reconstructed-causal-v1-from-legacy-v11,2023-09-12,09:34:08.482,09:34:18.742,09:34:18.742,00:10,2313,BUY,15623.75,SL,15618.75,-20,20,10,10,10,14,9,20,20,15618.75,15628.75,20,20,-347,-262,2.07,Riesgo de reversion,Riesgo de reversion,51,45,48,91,235,0.217,6,25,TRUE,FALSE,-22,TRUE,245,869,0.2819,199,114
2023-09-13|09:31:07.211,reconstructed-causal-v1-from-legacy-v11,2023-09-13,09:31:07.211,09:31:08.327,09:31:08.327,00:01,2310,BUY,15530.00,TP,15535.25,21,0,25,0,20,0,9,0,20,15524.75,15535.25,21,21,1520,1521,0,Excelente,Normal,44,1,0,0,45,0.9778,1,2,FALSE,FALSE,+19,TRUE,46,436,0.1055,214,132
2023-09-14|09:34:16.907,reconstructed-causal-v1-from-legacy-v11,2023-09-14,09:34:16.907,09:34:28.276,09:34:28.276,00:11,2314,SELL,15595.00,TP,15590.00,20,5,20,5,15,15,32,20,20,15600.00,15590.00,20,20,-1849,-1849,0,Excelente,Riesgo de reversion,151,85,28,11,275,0.5491,12,34,TRUE,FALSE,+18,TRUE,288,892,0.3229,-190,-108
2023-09-18|09:33:11.309,reconstructed-causal-v1-from-legacy-v11,2023-09-18,09:33:11.309,09:33:19.327,09:33:19.327,00:08,2312,BUY,15385.00,TP,15390.25,21,10,25,10,10,6,24,20,20,15379.75,15390.25,21,21,-2124,-2121,0.02,Excelente,Riesgo de reversion,185,8,7,26,226,0.8186,4,10,TRUE,FALSE,+19,TRUE,236,773,0.3053,256,59
2023-09-19|09:31:03.042,reconstructed-causal-v1-from-legacy-v11,2023-09-19,09:31:03.042,09:31:05.524,09:31:05.524,00:02,2310,SELL,15332.50,TP,15327.50,20,0,20,0,10,0,16,0,20,15337.50,15327.50,20,20,-1387,-1387,0,Excelente,Riesgo de reversion,33,19,22,16,90,0.3667,3,20,FALSE,FALSE,+18,TRUE,96,375,0.256,-384,-321
2023-09-20|09:31:09.262,reconstructed-causal-v1-from-legacy-v11,2023-09-20,09:31:09.262,09:35:31.896,09:35:31.896,04:22,2310,SELL,15385.00,SL,15400.00,-60,60,0,25,0,61,0,20,0,15400.00,15370.00,60,60,754,338,1.67,Riesgo de reversion,Riesgo de reversion,2,0,0,593,595,0.0034,1,1,TRUE,FALSE,-62,TRUE,603,1772,0.3403,-401,-3
2023-09-21|09:36:12.496,reconstructed-causal-v1-from-legacy-v11,2023-09-21,09:36:12.496,09:36:25.547,09:36:25.547,00:13,2315,BUY,15020.00,SL,15015.00,-20,20,5,15,5,37,1,20,20,15015.00,15025.00,20,20,-517,-483,0.4,Normal,Advertencia,222,69,34,0,325,0.6831,4,11,TRUE,FALSE,-22,TRUE,341,1042,0.3273,260,174
2023-09-27|09:31:07.270,reconstructed-causal-v1-from-legacy-v11,2023-09-27,09:31:07.270,09:32:56.758,09:32:56.758,01:49,2311,SELL,14780.00,TP,14765.00,60,0,60,0,40,0,20,0,20,14795.00,14765.00,60,60,1544,1454,0,Excelente,Excelente,140,0,0,0,140,1,0,0,FALSE,FALSE,+58,TRUE,140,372,0.3763,,
2023-09-28|09:33:13.412,reconstructed-causal-v1-from-legacy-v11,2023-09-28,09:33:13.412,09:33:17.751,09:33:17.751,00:04,2313,SELL,14662.50,SL,14667.50,-20,20,5,10,5,19,1,20,20,14667.50,14657.50,20,20,-3261,-3297,1.2,Riesgo de reversion,Riesgo de reversion,22,5,43,50,120,0.1833,1,15,TRUE,FALSE,-22,TRUE,119,358,0.3324,-328,-284
2023-10-02|09:33:29.784,reconstructed-causal-v1-from-legacy-v11,2023-10-02,09:33:29.784,09:33:34.191,09:33:34.191,00:04,2313,BUY,14898.75,TP,14903.75,20,0,20,0,20,0,1,0,20,14893.75,14903.75,20,20,-2209,-2209,0,Excelente,Excelente,13,0,0,0,13,1,0,0,FALSE,FALSE,+18,TRUE,12,73,0.1644,363,252
2023-10-04|09:32:11.434,reconstructed-causal-v1-from-legacy-v11,2023-10-04,09:32:11.434,09:32:13.049,09:32:13.049,00:01,2312,BUY,14787.50,SL,14782.50,-20,20,0,10,0,5,0,20,0,14782.50,14792.50,20,20,2495,2542,15.67,Riesgo de reversion,Riesgo de reversion,8,1,2,30,41,0.1951,2,6,TRUE,FALSE,-22,TRUE,40,137,0.292,235,188
2023-10-06|09:31:08.698,reconstructed-causal-v1-from-legacy-v11,2023-10-06,09:31:08.698,09:31:12.685,09:31:12.685,00:03,2311,BUY,14772.50,TP,14777.50,20,15,20,15,10,8,11,20,20,14767.50,14777.50,20,20,-100,235,0,Excelente,Excelente,115,0,0,0,115,1,0,0,FALSE,FALSE,+18,TRUE,118,409,0.2885,299,245
2023-10-09|09:32:27.206,reconstructed-causal-v1-from-legacy-v11,2023-10-09,09:32:27.206,09:32:42.058,09:32:42.058,00:14,2312,SELL,14986.25,TP,14981.25,20,15,20,10,20,33,43,20,20,14991.25,14981.25,20,20,1656,1651,0.1,Excelente,Riesgo de reversion,69,82,75,117,343,0.2012,6,30,TRUE,FALSE,+18,TRUE,351,1144,0.3068,-373,-296
2023-10-11|09:32:08.050,reconstructed-causal-v1-from-legacy-v11,2023-10-11,09:32:08.050,09:32:10.268,09:32:10.268,00:02,2312,BUY,15368.75,SL,15363.75,-20,20,5,10,5,3,5,20,20,15363.75,15373.75,20,20,1019,1088,7.67,Riesgo de reversion,Riesgo de reversion,12,2,0,50,64,0.1875,3,5,TRUE,FALSE,-22,TRUE,68,257,0.2646,103,34
2023-10-12|09:35:54.044,reconstructed-causal-v1-from-legacy-v11,2023-10-12,09:35:54.044,09:40:22.235,09:40:22.235,04:28,2315,BUY,15402.50,SL,15387.25,-61,65,0,30,0,50,0,20,0,15387.25,15417.75,61,61,-2497,-1514,3.45,Riesgo de reversion,Riesgo de reversion,2,0,0,443,445,0.0045,1,1,TRUE,FALSE,-63,TRUE,458,1312,0.3491,500,1
2023-10-13|09:35:21.310,reconstructed-causal-v1-from-legacy-v11,2023-10-13,09:35:21.310,09:35:25.193,09:35:25.193,00:03,2315,SELL,15321.25,SL,15326.25,-20,20,5,10,5,19,5,20,20,15326.25,15316.25,20,20,-706,-735,0.31,Normal,Riesgo de reversion,69,25,1,12,107,0.6449,4,8,TRUE,FALSE,-22,TRUE,112,446,0.2511,-293,-194
2023-10-16|09:31:05.021,reconstructed-causal-v1-from-legacy-v11,2023-10-16,09:31:05.021,09:31:10.748,09:31:10.748,00:05,2311,BUY,15190.00,TP,15195.00,20,0,20,0,10,0,34,0,20,15185.00,15195.00,20,20,53,53,0,Excelente,Riesgo de reversion,101,12,5,58,176,0.5739,3,16,FALSE,FALSE,+18,TRUE,189,764,0.2474,309,222
2023-10-17|09:31:04.565,reconstructed-causal-v1-from-legacy-v11,2023-10-17,09:31:04.565,09:31:11.834,09:31:11.834,00:07,2311,SELL,15122.50,SL,15127.50,-20,20,5,10,0,3,0,20,0,15127.50,15117.50,20,20,-4978,-5021,2.53,Riesgo de reversion,Riesgo de reversion,3,0,0,18,21,0.1429,1,1,TRUE,FALSE,-22,TRUE,22,118,0.1864,-191,-148
2023-10-18|09:33:09.896,reconstructed-causal-v1-from-legacy-v11,2023-10-18,09:33:09.896,09:33:13.352,09:33:13.352,00:03,2313,BUY,15153.75,SL,15148.75,-20,20,0,15,0,13,0,20,0,15148.75,15158.75,20,20,-2012,-1992,6.67,Riesgo de reversion,Riesgo de reversion,8,1,0,79,88,0.0909,1,2,TRUE,FALSE,-22,TRUE,93,282,0.3298,116,93
2023-10-19|09:36:09.509,reconstructed-causal-v1-from-legacy-v11,2023-10-19,09:36:09.509,09:36:32.061,09:36:32.061,00:22,2316,SELL,15068.75,SL,15073.75,-20,20,10,15,10,36,23,20,40,15073.75,15063.75,20,20,2041,1904,137,Riesgo de reversion,Riesgo de reversion,2,0,0,471,473,0.0042,1,1,TRUE,FALSE,-22,TRUE,487,1260,0.3865,-263,-126
2023-10-20|09:35:09.384,reconstructed-causal-v1-from-legacy-v11,2023-10-20,09:35:09.384,09:35:24.854,09:35:24.854,00:15,2315,SELL,14816.25,SL,14821.50,-21,25,10,15,10,32,6,20,20,14821.50,14811.00,21,21,924,854,5.83,Riesgo de reversion,Riesgo de reversion,14,5,20,308,347,0.0403,2,18,TRUE,FALSE,-23,TRUE,365,1005,0.3632,-138,-47
2023-10-23|09:35:14.455,reconstructed-causal-v1-from-legacy-v11,2023-10-23,09:35:14.455,09:35:15.327,09:35:15.327,00:00,2315,SELL,14570.00,TP,14565.00,20,0,20,0,15,0,7,0,20,14575.00,14565.00,20,20,-231,-231,0,Excelente,Riesgo de reversion,25,1,1,5,32,0.7813,1,5,FALSE,FALSE,+18,TRUE,31,163,0.1902,-318,-252
2023-10-24|09:31:09.507,reconstructed-causal-v1-from-legacy-v11,2023-10-24,09:31:09.507,09:31:24.364,09:31:24.364,00:14,2311,BUY,14806.25,SL,14801.25,-20,20,15,20,15,10,31,20,20,14801.25,14811.25,20,20,654,767,0.26,Normal,Normal,420,6,0,0,426,0.9859,1,1,TRUE,FALSE,-22,TRUE,444,1359,0.3267,277,163
2023-10-25|09:31:07.922,reconstructed-causal-v1-from-legacy-v11,2023-10-25,09:31:07.922,09:31:10.708,09:31:10.708,00:02,2311,SELL,14721.25,TP,14716.25,20,5,20,5,10,3,13,20,20,14726.25,14716.25,20,20,-2392,-2392,0,Excelente,Normal,66,6,0,0,72,0.9167,2,4,FALSE,FALSE,+18,TRUE,78,468,0.1667,-194,-109
2023-10-26|09:33:07.462,reconstructed-causal-v1-from-legacy-v11,2023-10-26,09:33:07.462,09:33:09.606,09:33:09.606,00:02,2313,BUY,14448.75,TP,14453.75,20,5,20,5,15,1,8,20,20,14443.75,14453.75,20,20,4929,4930,0.01,Excelente,Riesgo de reversion,70,0,0,1,71,0.9859,1,2,FALSE,FALSE,+18,TRUE,76,429,0.1772,437,242
2023-10-30|09:34:10.546,reconstructed-causal-v1-from-legacy-v11,2023-10-30,09:34:10.546,09:34:17.487,09:34:17.487,00:06,2314,BUY,14386.25,TP,14391.25,20,5,20,5,10,1,28,20,20,14381.25,14391.25,20,20,180,230,0.53,Advertencia,Riesgo de reversion,84,21,40,37,182,0.4615,2,8,FALSE,FALSE,+18,TRUE,186,761,0.2444,302,194
2023-10-31|09:33:12.132,reconstructed-causal-v1-from-legacy-v11,2023-10-31,09:33:12.132,09:33:14.557,09:33:14.557,00:02,2313,SELL,14387.50,SL,14392.50,-20,20,0,10,0,9,0,20,0,14392.50,14382.50,20,20,128,64,64,Riesgo de reversion,Riesgo de reversion,10,0,0,55,65,0.1538,1,1,TRUE,FALSE,-22,TRUE,67,216,0.3102,-187,-123
2023-11-01|09:37:16.789,reconstructed-causal-v1-from-legacy-v11,2023-11-01,09:37:16.789,09:37:20.330,09:37:20.330,00:03,2317,BUY,14548.75,SL,14543.75,-20,20,0,10,0,9,0,20,0,14543.75,14553.75,20,20,976,1014,1.31,Riesgo de reversion,Riesgo de reversion,13,32,17,13,75,0.1733,2,13,TRUE,FALSE,-22,TRUE,77,253,0.3043,287,249
2023-11-02|09:32:03.408,reconstructed-causal-v1-from-legacy-v11,2023-11-02,09:32:03.408,09:32:31.267,09:32:31.267,00:27,2312,BUY,14907.50,TP,14915.00,30,15,30,10,15,35,63,20,20,14892.50,14915.00,60,30,1564,1586,0.2,Excelente,Riesgo de reversion,291,65,50,362,768,0.3789,12,64,TRUE,FALSE,+28,TRUE,804,2669,0.3012,,
2024-03-11|09:32:36.921,reconstructed-causal-v1-from-legacy-v11,2024-03-11,09:32:36.921,09:32:38.690,09:32:38.690,00:01,2312,SELL,18167.50,SL,18172.50,-20,20,5,15,5,26,14,40,20,18172.50,18162.50,20,20,-1049,-1083,2.62,Riesgo de reversion,Riesgo de reversion,34,1,2,29,66,0.5152,2,5,TRUE,FALSE,-22,TRUE,67,478,0.1402,-125,-91
2024-03-12|09:34:38.076,reconstructed-causal-v1-from-legacy-v11,2024-03-12,09:34:38.076,09:34:39.898,09:34:39.898,00:01,2314,SELL,18281.25,TP,18276.25,20,5,20,5,15,2,4,20,20,18286.25,18276.25,20,20,203,196,0.78,Riesgo de reversion,Riesgo de reversion,6,0,1,34,41,0.1463,1,3,TRUE,FALSE,+18,TRUE,42,117,0.359,-218,-203
2024-03-13|09:31:04.234,reconstructed-causal-v1-from-legacy-v11,2024-03-13,09:31:04.234,09:31:06.312,09:31:06.312,00:02,2311,SELL,18401.25,TP,18396.25,20,10,20,10,10,10,8,20,20,18406.25,18396.25,20,20,-902,-907,0.13,Excelente,Excelente,74,0,0,0,74,1,0,0,FALSE,FALSE,+18,TRUE,77,397,0.194,-280,-227
2024-03-14|09:31:06.148,reconstructed-causal-v1-from-legacy-v11,2024-03-14,09:31:06.148,09:31:19.205,09:31:19.205,00:13,2311,SELL,18350.00,TP,18345.00,20,15,20,15,10,19,34,20,20,18355.00,18345.00,20,20,190,119,0.39,Normal,Advertencia,118,162,70,0,350,0.3371,6,27,TRUE,FALSE,+18,TRUE,359,1318,0.2724,-168,-58
2024-03-15|09:31:05.130,reconstructed-causal-v1-from-legacy-v11,2024-03-15,09:31:05.130,09:31:24.204,09:31:24.204,00:19,2311,SELL,18137.50,SL,18145.25,-31,35,30,15,20,21,96,20,20,18145.25,18129.75,31,31,-3527,-3666,0.93,Riesgo de reversion,Riesgo de reversion,376,155,40,35,606,0.6205,8,23,TRUE,FALSE,-33,TRUE,636,2422,0.2626,-134,-1
2024-03-18|09:32:04.707,reconstructed-causal-v1-from-legacy-v11,2024-03-18,09:32:04.707,09:35:12.958,09:35:12.958,03:08,2312,BUY,18317.50,TP,18332.50,60,55,60,20,20,269,339,20,20,18302.50,18332.50,60,60,2804,2804,0,Excelente,Riesgo de reversion,612,225,241,3618,4696,0.1303,16,61,TRUE,FALSE,+58,TRUE,4902,16793,0.2919,449,1
2024-03-19|09:31:27.241,reconstructed-causal-v1-from-legacy-v11,2024-03-19,09:31:27.241,09:31:29.965,09:31:29.965,00:02,2311,SELL,18116.25,TP,18111.00,21,5,25,5,10,8,15,20,20,18121.50,18111.00,21,21,-1312,-1312,0,Excelente,Riesgo de reversion,46,8,9,33,96,0.4792,5,18,TRUE,FALSE,+19,TRUE,97,433,0.224,-394,-339
2024-03-20|09:35:12.954,reconstructed-causal-v1-from-legacy-v11,2024-03-20,09:35:12.954,09:35:21.572,09:35:21.572,00:08,2315,SELL,18297.50,SL,18302.50,-20,20,0,10,0,27,0,20,0,18302.50,18292.50,20,20,2723,2683,0.38,Normal,Riesgo de reversion,140,55,0,2,197,0.7107,5,10,TRUE,FALSE,-22,TRUE,202,732,0.276,-231,-124
2024-03-21|09:34:41.696,reconstructed-causal-v1-from-legacy-v11,2024-03-21,09:34:41.696,09:37:21.256,09:37:21.256,02:39,2314,BUY,18658.75,TP,18673.75,60,0,60,0,55,0,145,0,20,18643.75,18673.75,60,60,1428,1553,0.42,Normal,Advertencia,53,210,1148,0,1411,0.0376,1,29,FALSE,FALSE,+58,TRUE,1456,4105,0.3547,61,1
2024-03-26|09:32:11.500,reconstructed-causal-v1-from-legacy-v11,2024-03-26,09:32:11.500,09:32:28.857,09:32:28.857,00:17,2312,BUY,18576.25,SL,18571.25,-20,20,15,15,15,31,33,20,20,18571.25,18581.25,20,20,1763,1861,0.9,Riesgo de reversion,Riesgo de reversion,263,56,72,79,470,0.5596,10,36,TRUE,FALSE,-22,TRUE,481,1637,0.2938,316,193
2024-03-27|09:32:09.367,reconstructed-causal-v1-from-legacy-v11,2024-03-27,09:32:09.367,09:32:27.304,09:32:27.304,00:17,2312,SELL,18541.25,TP,18536.00,21,5,25,5,15,9,56,20,20,18546.50,18536.00,21,21,1972,1971,0,Excelente,Normal,492,1,0,0,493,0.998,1,2,FALSE,FALSE,+19,TRUE,518,1824,0.284,-589,-239
2024-03-28|09:31:13.290,reconstructed-causal-v1-from-legacy-v11,2024-03-28,09:31:13.290,09:31:19.219,09:31:19.219,00:05,2311,SELL,18473.75,TP,18468.75,20,0,20,0,10,0,22,0,20,18478.75,18468.75,20,20,-1581,-1581,0,Excelente,Excelente,149,0,0,0,149,1,0,0,FALSE,FALSE,+18,TRUE,154,761,0.2024,-604,-462
2024-04-01|09:33:21.024,reconstructed-causal-v1-from-legacy-v11,2024-04-01,09:33:21.024,09:33:32.189,09:33:32.189,00:11,933,BUY,18527.50,TP,18539.00,46,0,50,0,20,0,16,0,20,18516.00,18539.00,46,46,-1178,-1178,0,Excelente,Excelente,134,0,0,0,134,1,0,0,FALSE,FALSE,+44,TRUE,141,603,0.2338,437,188
2024-04-02|09:33:59.125,reconstructed-causal-v1-from-legacy-v11,2024-04-02,09:33:59.125,09:36:10.783,09:36:10.783,02:11,2313,BUY,18265.00,TP,18280.00,60,0,60,0,45,0,32,0,20,18250.00,18280.00,60,60,-3007,-3007,0,Excelente,Advertencia,234,1,3,0,238,0.9832,1,3,FALSE,FALSE,+58,TRUE,249,796,0.3128,106,1
2024-04-04|09:35:03.188,reconstructed-causal-v1-from-legacy-v11,2024-04-04,09:35:03.188,09:35:06.896,09:35:06.896,00:03,2315,BUY,18553.75,TP,18558.75,20,5,20,5,10,1,8,20,20,18548.75,18558.75,20,20,2826,2826,0,Excelente,Advertencia,97,0,1,0,98,0.9898,1,2,FALSE,FALSE,+18,TRUE,101,321,0.3146,465,334
2024-04-08|09:35:12.029,reconstructed-causal-v1-from-legacy-v11,2024-04-08,09:35:12.029,09:35:24.464,09:35:24.464,00:12,2315,SELL,18285.00,TP,18277.25,31,5,35,5,10,8,47,20,20,18292.75,18277.25,31,31,372,372,0,Excelente,Normal,278,50,0,0,328,0.8476,6,12,FALSE,FALSE,+29,TRUE,338,1147,0.2947,-225,-45
2024-04-09|09:33:43.682,reconstructed-causal-v1-from-legacy-v11,2024-04-09,09:33:43.682,09:34:19.865,09:34:19.865,00:36,2313,BUY,18378.75,SL,18363.75,-60,60,0,20,0,102,0,20,0,18363.75,18393.75,60,60,1051,1450,0,Excelente,Excelente,726,0,0,0,726,1,0,0,FALSE,FALSE,-62,TRUE,747,2581,0.2894,17,1
2024-04-10|09:32:16.889,reconstructed-causal-v1-from-legacy-v11,2024-04-10,09:32:16.889,09:32:20.895,09:32:20.895,00:04,2311,BUY,18157.50,SL,18152.50,-20,20,0,15,0,21,0,20,0,18152.50,18162.50,20,20,-1921,-1892,1.38,Riesgo de reversion,Riesgo de reversion,42,20,26,27,115,0.3652,9,41,TRUE,FALSE,-22,TRUE,122,339,0.3599,310,280
2024-04-15|09:33:14.169,reconstructed-causal-v1-from-legacy-v11,2024-04-15,09:33:14.169,09:33:27.109,09:33:27.109,00:12,2312,SELL,18286.25,SL,18291.25,-20,20,15,10,10,17,30,20,20,18291.25,18281.25,20,20,-454,-640,2.24,Riesgo de reversion,Riesgo de reversion,191,50,6,113,360,0.5306,6,16,TRUE,FALSE,-22,TRUE,372,1290,0.2884,-262,-74
2024-04-17|09:35:06.425,reconstructed-causal-v1-from-legacy-v11,2024-04-17,09:35:06.425,09:35:15.813,09:35:15.813,00:09,2315,SELL,17923.75,TP,17918.75,20,15,20,10,15,9,25,20,20,17928.75,17918.75,20,20,253,253,0,Excelente,Riesgo de reversion,140,54,28,4,226,0.6195,9,30,TRUE,FALSE,+18,TRUE,227,821,0.2765,-291,-145
2024-04-18|09:32:05.802,reconstructed-causal-v1-from-legacy-v11,2024-04-18,09:32:05.802,09:32:09.592,09:32:09.592,00:03,2312,SELL,17638.75,SL,17643.75,-20,20,5,15,5,5,4,20,20,17643.75,17633.75,20,20,-2246,-2348,102,Riesgo de reversion,Riesgo de reversion,2,0,0,87,89,0.0225,1,1,TRUE,FALSE,-22,TRUE,93,271,0.3432,-171,-69
2024-04-19|09:31:08.175,reconstructed-causal-v1-from-legacy-v11,2024-04-19,09:31:08.175,09:31:45.736,09:31:45.736,00:37,2308,SELL,17456.25,SL,17471.25,-60,60,35,20,10,56,73,20,40,17471.25,17441.25,60,60,737,-1591,0,Excelente,Excelente,725,0,0,0,725,1,0,0,FALSE,FALSE,-62,TRUE,746,2534,0.2944,-358,-228
2024-04-22|09:31:03.918,reconstructed-causal-v1-from-legacy-v11,2024-04-22,09:31:03.918,09:31:25.187,09:31:25.187,00:21,2311,SELL,17282.50,SL,17297.50,-60,60,20,15,10,44,40,20,20,17297.50,17267.50,60,60,1213,276,0,Excelente,Excelente,552,0,0,0,552,1,0,0,FALSE,FALSE,-62,TRUE,577,1873,0.3081,-187,-1
2024-04-24|09:36:03.534,reconstructed-causal-v1-from-legacy-v11,2024-04-24,09:36:03.534,09:36:12.802,09:36:12.802,00:09,2316,BUY,17756.25,SL,17751.25,-20,20,5,10,5,26,2,20,20,17751.25,17761.25,20,20,1143,1187,4.4,Riesgo de reversion,Riesgo de reversion,47,4,3,176,230,0.2043,2,7,TRUE,FALSE,-22,TRUE,241,709,0.3399,223,178
2024-04-25|09:32:27.935,reconstructed-causal-v1-from-legacy-v11,2024-04-25,09:32:27.935,09:32:30.612,09:32:30.612,00:02,2312,SELL,17310.00,SL,17315.00,-20,20,5,10,5,12,11,20,20,17315.00,17305.00,20,20,-3729,-3782,4.08,Riesgo de reversion,Riesgo de reversion,14,11,4,57,86,0.1628,5,16,TRUE,FALSE,-22,TRUE,92,480,0.1917,-12,-1
2024-04-26|09:34:13.942,reconstructed-causal-v1-from-legacy-v11,2024-04-26,09:34:13.942,09:34:53.213,09:34:53.213,00:39,2314,BUY,17721.25,TP,17736.25,60,0,60,0,20,0,223,0,20,17706.25,17736.25,60,60,1977,2220,1.46,Riesgo de reversion,Riesgo de reversion,388,206,81,418,1093,0.355,11,42,FALSE,FALSE,+58,TRUE,1153,5320,0.2167,473,176
2024-05-01|09:35:08.565,reconstructed-causal-v1-from-legacy-v11,2024-05-01,09:35:08.565,09:35:15.318,09:35:15.318,00:06,2315,SELL,17477.50,SL,17482.50,-20,20,15,20,10,9,12,20,20,17482.50,17472.50,20,20,1424,1408,0.25,Normal,Riesgo de reversion,47,23,43,33,146,0.3219,9,32,TRUE,FALSE,-22,TRUE,156,515,0.3029,-202,-123
2024-05-02|09:31:13.346,reconstructed-causal-v1-from-legacy-v11,2024-05-02,09:31:13.346,09:31:26.202,09:31:26.202,00:12,2310,SELL,17567.50,TP,17562.50,20,15,20,10,20,23,34,56242.9696,50000000,17572.50,17562.50,20,20,-14,-14,0,Excelente,Excelente,340,0,0,0,340,1,0,0,FALSE,FALSE,+18,TRUE,355,1329,0.2671,-456,-271
2024-05-06|09:37:17.329,reconstructed-causal-v1-from-legacy-v11,2024-05-06,09:37:17.329,09:37:38.783,09:37:38.783,00:21,2317,BUY,18091.25,TP,18096.25,20,15,20,10,15,17,42,50000000,50000000,18086.25,18096.25,20,20,3427,3427,0,Excelente,Riesgo de reversion,175,140,57,85,457,0.3829,16,58,TRUE,FALSE,+18,TRUE,478,1338,0.3572,265,171
2024-05-07|09:31:21.908,reconstructed-causal-v1-from-legacy-v11,2024-05-07,09:31:21.908,09:31:21.910,09:31:21.910,00:00,2309,SELL,18216.25,SL,18222.25,-24,25,0,25,0,1,0,50000000,0,18222.25,18210.25,24,24,1059,1059,0,Excelente,Excelente,1,0,0,0,1,1,0,0,FALSE,FALSE,-26,FALSE,0,144,0,,
2024-05-09|09:33:13.160,reconstructed-causal-v1-from-legacy-v11,2024-05-09,09:33:13.160,09:33:48.698,09:33:48.698,00:35,2310,SELL,18177.50,SL,18182.50,-20,20,15,15,15,26,46,50000000,50000000,18182.50,18172.50,20,20,298,196,0.54,Advertencia,Advertencia,235,386,35,0,656,0.3582,10,26,TRUE,FALSE,-22,TRUE,672,1884,0.3567,-455,-267
2024-05-10|09:34:30.401,reconstructed-causal-v1-from-legacy-v11,2024-05-10,09:34:30.401,09:34:30.404,09:34:30.404,00:00,2312,SELL,18303.75,SL,18308.75,-20,20,0,20,0,1,0,50000000,0,18308.75,18298.75,20,20,1565,1565,0,Excelente,Excelente,1,0,0,0,1,1,0,0,FALSE,FALSE,-22,FALSE,0,152,0,,
2024-05-13|09:33:13.310,reconstructed-causal-v1-from-legacy-v11,2024-05-13,09:33:13.310,09:34:40.178,09:34:40.178,01:26,2313,SELL,18311.25,TP,18298.50,51,15,55,10,20,57,121,20,20,18324.00,18298.50,51,51,-713,-722,0.02,Excelente,Riesgo de reversion,816,111,131,750,1808,0.4513,3,28,TRUE,FALSE,+49,TRUE,1881,5954,0.3159,-370,-1
2024-05-14|09:33:57.259,reconstructed-causal-v1-from-legacy-v11,2024-05-14,09:33:57.259,09:34:08.849,09:34:08.849,00:11,2313,BUY,18268.75,TP,18273.75,20,10,20,10,10,17,5,50000000,19011.4068,18263.75,18273.75,20,20,63,64,0.03,Excelente,Normal,234,1,0,0,235,0.9957,1,2,FALSE,FALSE,+18,TRUE,247,812,0.3042,40,1
2024-05-15|09:35:14.616,reconstructed-causal-v1-from-legacy-v11,2024-05-15,09:35:14.616,09:35:21.637,09:35:21.637,00:07,2315,BUY,18530.00,SL,18525.00,-20,20,5,15,5,15,10,50000000,50000000,18525.00,18535.00,20,20,4636,4682,0.53,Advertencia,Advertencia,179,2,6,0,187,0.9572,2,3,TRUE,FALSE,-22,TRUE,193,636,0.3035,291,204
2024-05-17|09:34:08.221,reconstructed-causal-v1-from-legacy-v11,2024-05-17,09:34:08.221,09:35:17.418,09:35:17.418,01:09,2313,SELL,18643.75,SL,18648.75,-20,20,15,15,10,55,68,50000000,50000000,18648.75,18638.75,20,20,-1472,-1546,0.18,Excelente,Normal,848,564,0,0,1412,0.6006,15,30,TRUE,FALSE,-22,TRUE,1463,4531,0.3229,-551,-1
2024-05-20|09:33:03.001,reconstructed-causal-v1-from-legacy-v11,2024-05-20,09:33:03.001,09:33:35.683,09:33:35.683,00:32,2312,BUY,18668.75,TP,18673.75,20,5,20,5,10,9,60,50000000,50000000,18663.75,18673.75,20,20,671,683,0.05,Excelente,Riesgo de reversion,670,26,4,6,706,0.949,10,25,TRUE,FALSE,+18,TRUE,726,2156,0.3367,706,461
2024-05-21|09:35:08.477,reconstructed-causal-v1-from-legacy-v11,2024-05-21,09:35:08.477,09:35:13.832,09:35:13.832,00:05,2313,BUY,18715.00,SL,18710.00,-20,20,0,15,0,18,0,50000000,0,18710.00,18720.00,20,20,-3573,-3509,9.14,Riesgo de reversion,Riesgo de reversion,11,5,5,94,115,0.0957,3,12,TRUE,FALSE,-22,TRUE,117,366,0.3197,217,153
2024-05-23|09:31:05.791,reconstructed-causal-v1-from-legacy-v11,2024-05-23,09:31:05.791,09:31:19.654,09:31:19.654,00:13,2311,SELL,18965.00,TP,18959.75,21,0,25,0,15,0,34,0,50000000,18970.25,18959.75,21,21,-1156,-1156,0,Excelente,Normal,150,59,0,0,209,0.7177,9,18,FALSE,FALSE,+19,TRUE,219,921,0.2378,-269,-93
2024-05-28|09:36:11.245,reconstructed-causal-v1-from-legacy-v11,2024-05-28,09:36:11.245,09:36:27.342,09:36:27.342,00:16,2076,SELL,18903.75,TP,18898.75,20,10,20,10,15,7,16,50000000,50000000,18908.75,18898.75,20,20,146,146,0,Excelente,Riesgo de reversion,95,40,50,48,233,0.4077,11,37,TRUE,FALSE,+18,TRUE,239,699,0.3419,-238,-71
2024-05-29|09:31:07.817,reconstructed-causal-v1-from-legacy-v11,2024-05-29,09:31:07.817,09:31:10.533,09:31:10.533,00:02,2311,BUY,18803.75,SL,18798.75,-20,20,5,10,5,10,1,50000000,217.6496,18798.75,18808.75,20,20,-3656,-3493,54.33,Riesgo de reversion,Riesgo de reversion,2,0,0,85,87,0.023,1,1,TRUE,FALSE,-22,TRUE,88,360,0.2444,94,37
2024-05-30|09:34:08.337,reconstructed-causal-v1-from-legacy-v11,2024-05-30,09:34:08.337,09:34:12.469,09:34:12.469,00:04,2314,SELL,18738.75,TP,18733.75,20,5,20,5,20,7,17,89445.4383,50000000,18743.75,18733.75,20,20,4103,4103,0,Excelente,Excelente,132,0,0,0,132,1,0,0,FALSE,FALSE,+18,TRUE,137,526,0.2605,-302,-136
2024-05-31|09:34:10.532,reconstructed-causal-v1-from-legacy-v11,2024-05-31,09:34:10.532,09:34:19.364,09:34:19.364,00:08,2314,SELL,18577.50,SL,18582.50,-20,20,0,10,0,25,0,50000000,0,18582.50,18572.50,20,20,-55,-152,2.62,Riesgo de reversion,Riesgo de reversion,56,7,0,167,230,0.2435,5,10,TRUE,FALSE,-22,TRUE,233,748,0.3115,-270,-173
2024-06-03|09:32:41.964,reconstructed-causal-v1-from-legacy-v11,2024-06-03,09:32:41.964,09:32:59.758,09:32:59.758,00:17,2312,SELL,18726.25,TP,18711.25,60,0,60,0,15,0,48,0,50000000,18741.25,18711.25,60,60,1231,1231,0,Excelente,Excelente,417,0,0,0,417,1,0,0,FALSE,FALSE,+58,TRUE,428,1265,0.3383,,
2024-06-04|09:33:57.493,reconstructed-causal-v1-from-legacy-v11,2024-06-04,09:33:57.493,09:34:38.845,09:34:38.845,00:41,2313,BUY,18618.75,SL,18603.75,-60,60,0,20,0,96,0,50000000,0,18603.75,18633.75,60,60,-441,-197,0,Excelente,Excelente,772,0,0,0,772,1,0,0,FALSE,FALSE,-62,TRUE,795,2187,0.3635,5,4
2024-06-05|09:35:47.724,reconstructed-causal-v1-from-legacy-v11,2024-06-05,09:35:47.724,09:35:51.429,09:35:51.429,00:03,2315,BUY,18820.00,SL,18815.00,-20,20,0,20,0,15,0,50000000,0,18815.00,18825.00,20,20,1489,1546,4.07,Riesgo de reversion,Riesgo de reversion,4,1,4,93,102,0.0392,1,5,TRUE,FALSE,-22,TRUE,104,442,0.2353,,
2024-06-07|09:34:49.460,reconstructed-causal-v1-from-legacy-v11,2024-06-07,09:34:49.460,09:35:24.752,09:35:24.752,00:35,2313,BUY,18998.75,TP,19013.75,60,25,60,10,20,59,54,50000000,50000000,18983.75,19013.75,60,60,-1486,-1486,0,Excelente,Riesgo de reversion,380,16,11,323,730,0.5205,3,16,TRUE,FALSE,+58,TRUE,747,2306,0.3239,219,1
2024-06-10|09:34:23.023,reconstructed-causal-v1-from-legacy-v11,2024-06-10,09:34:23.023,09:34:28.251,09:34:28.251,00:05,2312,BUY,19017.50,SL,19012.25,-21,25,0,15,0,10,0,22036.1393,0,19012.25,19022.75,21,21,-658,-616,2.47,Riesgo de reversion,Riesgo de reversion,23,32,29,54,138,0.1667,6,37,TRUE,FALSE,-23,TRUE,145,479,0.3027,381,337
2024-06-11|09:34:06.478,reconstructed-causal-v1-from-legacy-v11,2024-06-11,09:34:06.478,09:39:00.581,09:39:00.581,04:54,2313,SELL,19078.75,TP,19063.75,60,10,60,10,20,30,222,50000000,50000000,19093.75,19063.75,60,60,1084,956,0,Excelente,Excelente,2884,0,0,0,2884,1,0,0,FALSE,FALSE,+58,TRUE,2990,8220,0.3637,-201,-1
2024-06-12|09:33:10.156,reconstructed-causal-v1-from-legacy-v11,2024-06-12,09:33:10.156,09:33:17.638,09:33:17.638,00:07,2313,BUY,19426.25,SL,19421.25,-20,20,5,10,5,11,4,50000000,50000000,19421.25,19431.25,20,20,803,856,4.82,Riesgo de reversion,Riesgo de reversion,19,17,21,121,178,0.1067,5,34,TRUE,FALSE,-22,TRUE,188,605,0.3107,179,126
2024-06-14|09:37:17.289,reconstructed-causal-v1-from-legacy-v11,2024-06-14,09:37:17.289,09:45:32.025,09:45:32.025,08:14,2317,SELL,19591.25,SL,19606.25,-60,60,25,20,15,163,71,20,20,19606.25,19576.25,60,60,929,538,1.89,Riesgo de reversion,Riesgo de reversion,781,580,29,1295,2685,0.2909,25,65,TRUE,FALSE,-62,TRUE,2751,7165,0.3839,-108,-1
2024-06-17|09:35:10.910,reconstructed-causal-v1-from-legacy-v11,2024-06-17,09:35:10.910,09:35:17.483,09:35:17.483,00:06,2315,SELL,19933.75,TP,19928.75,20,5,20,5,15,3,12,20,20,19938.75,19928.75,20,20,-400,-400,0,Excelente,Riesgo de reversion,47,34,25,39,145,0.3241,6,38,TRUE,FALSE,+18,TRUE,152,434,0.3502,-262,-147
2024-06-20|09:32:09.642,reconstructed-causal-v1-from-legacy-v11,2024-06-20,09:32:09.642,09:32:15.062,09:32:15.062,00:05,2072,SELL,20217.50,TP,20212.50,20,10,20,10,15,10,3,20,20,20222.50,20212.50,20,20,-1706,-1706,0,Excelente,Riesgo de reversion,61,8,13,71,153,0.3987,7,32,TRUE,FALSE,+18,TRUE,160,568,0.2817,-133,-42
2024-06-21|09:35:45.025,reconstructed-causal-v1-from-legacy-v11,2024-06-21,09:35:45.025,09:35:46.242,09:35:46.242,00:01,2315,SELL,20023.75,SL,20028.75,-20,20,0,15,0,3,0,20,0,20028.75,20018.75,20,20,-2334,-2366,0,Excelente,Excelente,25,0,0,0,25,1,0,0,FALSE,FALSE,-22,TRUE,26,76,0.3421,,
2024-06-24|09:32:12.774,reconstructed-causal-v1-from-legacy-v11,2024-06-24,09:32:12.774,09:32:34.717,09:32:34.717,00:21,2312,BUY,19936.25,SL,19931.25,-20,20,10,10,10,36,14,20,20,19931.25,19941.25,20,20,58,190,3.07,Riesgo de reversion,Riesgo de reversion,48,97,104,235,484,0.0992,9,38,TRUE,FALSE,-22,TRUE,503,1441,0.3491,212,80
2024-06-27|09:33:19.246,reconstructed-causal-v1-from-legacy-v11,2024-06-27,09:33:19.246,09:33:27.187,09:33:27.187,00:07,2313,BUY,20036.25,SL,20031.25,-20,20,10,15,10,19,26,20,20,20031.25,20041.25,20,20,2704,2791,43.5,Riesgo de reversion,Riesgo de reversion,2,0,1,208,211,0.0095,1,3,TRUE,FALSE,-22,TRUE,224,802,0.2793,244,157
2024-06-28|09:31:07.322,reconstructed-causal-v1-from-legacy-v11,2024-06-28,09:31:07.322,09:31:19.541,09:31:19.541,00:12,2311,SELL,20043.75,SL,20048.75,-20,20,15,10,10,12,36,20,20,20048.75,20038.75,20,20,-2989,-3099,0.18,Excelente,Excelente,310,0,0,0,310,1,0,0,FALSE,FALSE,-22,TRUE,323,1157,0.2792,-213,-103
2024-07-01|09:33:10.764,reconstructed-causal-v1-from-legacy-v11,2024-07-01,09:33:10.764,09:33:14.250,09:33:14.250,00:03,2313,SELL,19940.00,SL,19945.00,-20,20,0,15,0,18,0,20,0,19945.00,19935.00,20,20,-936,-979,0.83,Riesgo de reversion,Riesgo de reversion,83,7,20,2,112,0.7411,6,14,TRUE,FALSE,-22,TRUE,117,436,0.2683,-219,-167
2024-07-02|09:32:07.562,reconstructed-causal-v1-from-legacy-v11,2024-07-02,09:32:07.562,09:33:07.967,09:33:07.967,01:00,2312,BUY,20016.25,TP,20031.25,60,5,60,5,20,11,178,20,20,20001.25,20031.25,60,60,1611,1611,0,Excelente,Riesgo de reversion,597,373,506,94,1570,0.3803,14,60,TRUE,FALSE,+58,TRUE,1620,5124,0.3162,387,1
2024-07-03|09:34:11.622,reconstructed-causal-v1-from-legacy-v11,2024-07-03,09:34:11.622,09:34:18.623,09:34:18.623,00:07,2314,BUY,20261.25,TP,20266.25,20,5,20,5,10,1,26,20,20,20256.25,20266.25,20,20,2184,2184,0,Excelente,Riesgo de reversion,126,64,3,3,196,0.6429,9,23,TRUE,FALSE,+18,TRUE,198,675,0.2933,312,177
2024-07-08|09:35:06.481,reconstructed-causal-v1-from-legacy-v11,2024-07-08,09:35:06.481,09:35:37.100,09:35:37.100,00:30,2314,SELL,20615.00,TP,20608.50,26,20,30,10,15,46,42,20,20,20621.50,20608.50,26,26,1936,1936,0,Excelente,Riesgo de reversion,778,2,1,4,785,0.9911,1,5,FALSE,FALSE,+24,TRUE,815,2816,0.2894,-225,-59
2024-07-09|09:33:08.874,reconstructed-causal-v1-from-legacy-v11,2024-07-09,09:33:08.874,09:33:15.505,09:33:15.505,00:06,2312,BUY,20752.50,SL,20747.50,-20,20,10,15,10,26,7,20,20,20747.50,20757.50,20,20,1566,1729,5.09,Riesgo de reversion,Riesgo de reversion,4,0,0,182,186,0.0215,1,1,TRUE,FALSE,-22,TRUE,194,1009,0.1923,323,160
2024-07-10|09:32:09.946,reconstructed-causal-v1-from-legacy-v11,2024-07-10,09:32:09.946,09:33:07.798,09:33:07.798,00:57,2311,SELL,20746.25,SL,20751.50,-21,25,0,15,0,21,0,20,0,20751.50,20741.00,21,21,1175,1060,0,Excelente,Excelente,185,0,0,0,185,1,0,0,FALSE,FALSE,-23,TRUE,188,638,0.2947,-165,-1
2024-07-11|09:32:10.175,reconstructed-causal-v1-from-legacy-v11,2024-07-11,09:32:10.175,09:32:36.478,09:32:36.478,00:26,2312,SELL,20877.50,SL,20885.00,-30,30,10,15,10,76,24,20,20,20885.00,20870.00,30,30,-827,-893,1.94,Riesgo de reversion,Riesgo de reversion,35,16,34,593,678,0.0516,5,18,TRUE,FALSE,-32,TRUE,705,2410,0.2925,-286,-176
2024-07-12|09:31:05.088,reconstructed-causal-v1-from-legacy-v11,2024-07-12,09:31:05.088,09:31:36.413,09:31:36.413,00:31,2310,BUY,20467.50,SL,20452.50,-60,60,10,25,10,107,16,20,20,20452.50,20482.50,60,60,-459,18,0,Excelente,Excelente,891,0,0,0,891,1,0,0,FALSE,FALSE,-62,TRUE,927,2976,0.3115,92,1
2024-07-16|09:32:12.572,reconstructed-causal-v1-from-legacy-v11,2024-07-16,09:32:12.572,09:32:24.863,09:32:24.863,00:12,2312,SELL,20660.00,TP,20655.00,20,15,20,15,15,18,18,20,20,20665.00,20655.00,20,20,1106,1106,0,Excelente,Riesgo de reversion,95,2,8,197,302,0.3146,1,13,TRUE,FALSE,+18,TRUE,313,1042,0.3004,,
2024-07-17|09:31:04.767,reconstructed-causal-v1-from-legacy-v11,2024-07-17,09:31:04.767,09:31:08.994,09:31:08.994,00:04,2311,BUY,20263.75,SL,20258.75,-20,20,15,15,10,4,26,20,20,20258.75,20268.75,20,20,-4990,-4925,0.13,Excelente,Excelente,145,0,0,0,145,1,0,0,FALSE,FALSE,-22,TRUE,149,668,0.2231,336,220
2024-07-18|09:32:21.998,reconstructed-causal-v1-from-legacy-v11,2024-07-18,09:32:21.998,09:32:29.351,09:32:29.351,00:07,2312,SELL,20100.00,TP,20095.00,20,15,20,15,15,10,21,20,20,20105.00,20095.00,20,20,-1172,-1172,0,Excelente,Riesgo de reversion,116,63,23,18,220,0.5273,7,28,TRUE,FALSE,+18,TRUE,228,860,0.2651,-282,-178
2024-07-19|09:34:49.634,reconstructed-causal-v1-from-legacy-v11,2024-07-19,09:34:49.634,09:34:55.275,09:34:55.275,00:05,2314,BUY,19906.25,SL,19899.75,-26,30,10,15,10,18,6,20,20,19899.75,19912.75,26,26,-167,-117,2.94,Riesgo de reversion,Riesgo de reversion,23,11,24,93,151,0.1523,3,23,TRUE,FALSE,-28,TRUE,158,479,0.3299,443,393
2024-07-24|09:33:05.919,reconstructed-causal-v1-from-legacy-v11,2024-07-24,09:33:05.919,09:33:07.928,09:33:07.928,00:02,2313,SELL,19620.00,TP,19615.00,20,0,20,0,15,0,8,0,20,19625.00,19615.00,20,20,680,680,0,Excelente,Riesgo de reversion,24,17,11,2,54,0.4444,6,16,FALSE,FALSE,+18,TRUE,57,250,0.228,-294,-242
2024-07-25|09:32:08.008,reconstructed-causal-v1-from-legacy-v11,2024-07-25,09:32:08.008,09:32:10.291,09:32:10.291,00:02,2312,SELL,19180.00,SL,19185.00,-20,20,10,15,10,4,6,20,20,19185.00,19175.00,20,20,-1868,-1901,1.65,Riesgo de reversion,Riesgo de reversion,28,14,4,14,60,0.4667,5,13,TRUE,FALSE,-22,TRUE,62,216,0.287,-99,-66
2024-07-26|09:34:08.033,reconstructed-causal-v1-from-legacy-v11,2024-07-26,09:34:08.033,09:34:10.706,09:34:10.706,00:02,2314,SELL,19107.50,TP,19102.50,20,0,20,0,10,0,21,0,20,19112.50,19102.50,20,20,1000,997,0.05,Excelente,Riesgo de reversion,72,9,2,3,86,0.8372,4,10,FALSE,FALSE,+18,TRUE,90,323,0.2786,-225,-168
2024-07-29|09:31:12.772,reconstructed-causal-v1-from-legacy-v11,2024-07-29,09:31:12.772,09:31:13.947,09:31:13.947,00:01,2310,SELL,19247.50,TP,19242.50,20,0,20,0,15,0,5,0,20,19252.50,19242.50,20,20,33,33,0,Excelente,Riesgo de reversion,18,0,2,19,39,0.4615,2,6,FALSE,FALSE,+18,TRUE,43,199,0.2161,-89,-24
2024-07-31|09:31:17.335,reconstructed-causal-v1-from-legacy-v11,2024-07-31,09:31:17.335,09:31:21.514,09:31:21.514,00:04,2310,SELL,19345.00,SL,19350.00,-20,20,5,15,5,26,6,20,20,19350.00,19340.00,20,20,-2247,-2313,2.28,Riesgo de reversion,Riesgo de reversion,31,7,17,75,130,0.2385,3,15,TRUE,FALSE,-22,TRUE,139,629,0.221,-192,-126
2024-08-01|09:33:09.116,reconstructed-causal-v1-from-legacy-v11,2024-08-01,09:33:09.116,09:33:15.874,09:33:15.874,00:06,2313,BUY,19553.75,TP,19558.75,20,15,20,10,15,26,13,20,20,19548.75,19558.75,20,20,-1099,-1099,0,Excelente,Riesgo de reversion,130,15,6,44,195,0.6667,4,13,TRUE,FALSE,+18,TRUE,204,696,0.2931,135,70
2024-08-02|09:31:31.915,reconstructed-causal-v1-from-legacy-v11,2024-08-02,09:31:31.915,09:31:50.492,09:31:50.492,00:18,2311,SELL,18596.25,SL,18607.75,-46,50,25,20,20,49,55,40,20,18607.75,18584.75,46,46,-271,-352,1.84,Riesgo de reversion,Riesgo de reversion,56,73,45,281,455,0.1231,8,42,TRUE,FALSE,-48,TRUE,475,1396,0.3403,-194,-110
2024-08-05|09:32:06.121,reconstructed-causal-v1-from-legacy-v11,2024-08-05,09:32:06.121,09:32:06.813,09:32:06.813,00:00,2312,BUY,17636.25,TP,17643.75,30,5,30,5,20,2,9,20,60,17621.25,17643.75,60,30,-1079,-1078,0.2,Excelente,Riesgo de reversion,12,2,0,6,20,0.6,2,5,FALSE,FALSE,+28,TRUE,19,66,0.2879,22,12
2024-08-06|09:32:24.808,reconstructed-causal-v1-from-legacy-v11,2024-08-06,09:32:24.808,09:32:25.556,09:32:25.556,00:00,2312,BUY,18142.50,TP,18147.50,20,0,20,0,15,0,4,0,20,18137.50,18147.50,20,20,-249,-249,0,Excelente,Normal,19,3,0,0,22,0.8636,2,4,FALSE,FALSE,+18,TRUE,21,56,0.375,296,273
2024-08-07|09:31:32.705,reconstructed-causal-v1-from-legacy-v11,2024-08-07,09:31:32.705,09:31:32.705,09:31:32.705,00:00,2311,SELL,18490.00,SL,18496.00,-24,25,0,25,0,1,0,20,0,18496.00,18484.00,24,24,-1244,-1244,0,Excelente,Excelente,1,0,0,0,1,1,0,0,FALSE,FALSE,-26,FALSE,0,74,0,,
2024-08-08|09:37:26.480,reconstructed-causal-v1-from-legacy-v11,2024-08-08,09:37:26.480,09:37:53.435,09:37:53.435,00:26,2317,SELL,18181.25,TP,18166.25,60,35,60,20,25,57,38,20,20,18196.25,18166.25,60,60,-1299,-1299,0,Excelente,Riesgo de reversion,62,44,30,283,419,0.148,8,35,TRUE,FALSE,+58,TRUE,426,1366,0.3119,-428,-169
2024-08-13|09:34:12.144,reconstructed-causal-v1-from-legacy-v11,2024-08-13,09:34:12.144,09:34:14.727,09:34:14.727,00:02,2314,BUY,18881.25,TP,18886.25,20,10,20,10,15,7,2,20,20,18876.25,18886.25,20,20,1621,1621,0,Excelente,Riesgo de reversion,5,0,3,36,44,0.1136,2,7,TRUE,FALSE,+18,TRUE,46,134,0.3433,258,172
2024-08-14|09:35:06.374,reconstructed-causal-v1-from-legacy-v11,2024-08-14,09:35:06.374,09:35:11.491,09:35:11.491,00:05,2315,SELL,19096.25,TP,19088.75,30,10,30,10,15,6,30,20,20,19111.25,19088.75,60,30,592,592,0,Excelente,Riesgo de reversion,40,23,34,41,138,0.2899,3,24,TRUE,FALSE,+28,TRUE,145,461,0.3145,-266,-148
2024-08-15|09:32:06.266,reconstructed-causal-v1-from-legacy-v11,2024-08-15,09:32:06.266,09:32:07.558,09:32:07.558,00:01,2312,BUY,19373.75,SL,19368.75,-20,20,5,15,5,2,2,20,20,19368.75,19378.75,20,20,1300,1332,16,Riesgo de reversion,Riesgo de reversion,4,0,1,30,35,0.1143,2,3,TRUE,FALSE,-22,TRUE,34,88,0.3864,196,164
2024-08-19|09:36:33.216,reconstructed-causal-v1-from-legacy-v11,2024-08-19,09:36:33.216,09:36:36.080,09:36:36.080,00:02,2315,SELL,19575.00,SL,19580.25,-21,25,5,20,5,4,4,20,20,19580.25,19569.75,21,21,-150,-200,5,Riesgo de reversion,Riesgo de reversion,14,1,13,35,63,0.2222,3,13,TRUE,FALSE,-23,TRUE,64,197,0.3249,-254,-204
2024-08-20|09:33:13.454,reconstructed-causal-v1-from-legacy-v11,2024-08-20,09:33:13.454,09:33:25.662,09:33:25.662,00:12,2312,BUY,19852.50,SL,19847.50,-20,20,5,10,5,27,1,20,20,19847.50,19857.50,20,20,-4,52,2.07,Riesgo de reversion,Riesgo de reversion,27,13,27,130,197,0.1371,7,21,TRUE,FALSE,-22,TRUE,202,476,0.4244,272,216
2024-08-23|09:31:10.079,reconstructed-causal-v1-from-legacy-v11,2024-08-23,09:31:10.079,09:31:11.651,09:31:11.651,00:01,2311,SELL,19731.25,TP,19726.00,21,0,25,0,10,0,12,0,20,19736.50,19726.00,21,21,-1106,-1106,0,Excelente,Excelente,50,0,0,0,50,1,0,0,FALSE,FALSE,+19,TRUE,51,291,0.1753,-421,-371
2024-08-26|09:31:18.065,reconstructed-causal-v1-from-legacy-v11,2024-08-26,09:31:18.065,09:31:26.185,09:31:26.185,00:08,2310,SELL,19742.50,SL,19750.25,-31,35,0,15,0,33,0,20,0,19750.25,19734.75,31,31,-564,-588,4.8,Riesgo de reversion,Riesgo de reversion,10,8,8,141,167,0.0599,5,24,TRUE,FALSE,-33,TRUE,172,425,0.4047,-205,-179
2024-08-27|09:33:17.995,reconstructed-causal-v1-from-legacy-v11,2024-08-27,09:33:17.995,09:33:19.300,09:33:19.300,00:01,2312,SELL,19496.25,SL,19501.25,-20,20,10,15,10,5,2,20,20,19501.25,19491.25,20,20,-817,-849,2.13,Riesgo de reversion,Riesgo de reversion,9,5,4,15,33,0.2727,1,5,TRUE,FALSE,-22,TRUE,35,106,0.3302,-229,-197
2024-08-29|09:31:41.740,reconstructed-causal-v1-from-legacy-v11,2024-08-29,09:31:41.740,09:32:08.417,09:32:08.417,00:26,2311,BUY,19531.25,TP,19542.75,46,25,50,25,20,25,28,20,20,19519.75,19542.75,46,46,1001,1001,0,Excelente,Excelente,206,0,0,0,206,1,0,0,FALSE,FALSE,+44,TRUE,210,707,0.297,416,1
2024-08-30|09:34:17.188,reconstructed-causal-v1-from-legacy-v11,2024-08-30,09:34:17.188,09:34:19.437,09:34:19.437,00:02,2314,SELL,19517.50,SL,19522.50,-20,20,5,10,5,7,6,20,20,19522.50,19512.50,20,20,1127,1084,0,Excelente,Excelente,56,0,0,0,56,1,0,0,FALSE,FALSE,-22,TRUE,57,179,0.3184,-114,-69
2024-09-03|09:31:03.640,reconstructed-causal-v1-from-legacy-v11,2024-09-03,09:31:03.640,09:31:13.268,09:31:13.268,00:09,2070,SELL,19440.00,TP,19432.50,30,15,30,10,15,8,18,20,20,19455.00,19432.50,60,30,-469,-485,1.78,Riesgo de reversion,Riesgo de reversion,17,7,8,96,128,0.1328,3,15,TRUE,FALSE,+28,TRUE,131,412,0.318,-259,-221
2024-09-04|09:33:10.981,reconstructed-causal-v1-from-legacy-v11,2024-09-04,09:33:10.981,09:33:21.308,09:33:21.308,00:10,2312,BUY,18901.25,SL,18894.75,-26,30,15,15,15,33,7,40,20,18894.75,18907.75,26,26,568,594,1.86,Riesgo de reversion,Riesgo de reversion,13,4,4,214,235,0.0553,4,16,TRUE,FALSE,-28,TRUE,241,640,0.3766,242,165
2024-09-05|09:33:11.537,reconstructed-causal-v1-from-legacy-v11,2024-09-05,09:33:11.537,09:33:13.015,09:33:13.015,00:01,2313,BUY,18930.00,TP,18935.00,20,5,20,5,15,6,5,20,20,18925.00,18935.00,20,20,748,748,0,Excelente,Riesgo de reversion,26,9,8,2,45,0.5778,2,16,TRUE,FALSE,+18,TRUE,44,138,0.3188,183,153
2024-09-06|09:32:46.555,reconstructed-causal-v1-from-legacy-v11,2024-09-06,09:32:46.555,09:32:47.925,09:32:47.925,00:01,2312,SELL,18900.00,TP,18894.75,21,5,25,5,15,3,16,20,20,18905.25,18894.75,21,21,2096,2096,0,Excelente,Advertencia,27,10,2,0,39,0.6923,1,4,FALSE,FALSE,+19,TRUE,40,223,0.1794,-375,-320
2024-09-09|09:33:11.799,reconstructed-causal-v1-from-legacy-v11,2024-09-09,09:33:11.799,09:33:15.065,09:33:15.065,00:03,2313,BUY,18651.25,SL,18646.25,-20,20,0,15,0,10,0,20,0,18646.25,18656.25,20,20,416,440,24,Riesgo de reversion,Riesgo de reversion,2,0,0,66,68,0.0294,1,1,TRUE,FALSE,-22,TRUE,69,178,0.3876,195,171
2024-09-10|09:31:24.080,reconstructed-causal-v1-from-legacy-v11,2024-09-10,09:31:24.080,09:31:32.436,09:31:32.436,00:08,2311,BUY,18793.75,TP,18798.75,20,10,20,10,10,7,25,20,20,18788.75,18798.75,20,20,692,692,0,Excelente,Riesgo de reversion,30,5,15,141,191,0.1571,2,23,TRUE,FALSE,+18,TRUE,196,573,0.3421,311,175
2024-09-13|09:36:21.869,reconstructed-causal-v1-from-legacy-v11,2024-09-13,09:36:21.869,09:37:23.450,09:37:23.450,01:01,2315,BUY,19457.50,TP,19466.50,36,25,40,25,30,66,49,20,20,19448.50,19466.50,36,36,-622,-622,0,Excelente,Riesgo de reversion,436,375,136,33,980,0.4449,22,71,TRUE,FALSE,+34,TRUE,1015,2695,0.3766,255,1
2024-09-16|09:32:23.976,reconstructed-causal-v1-from-legacy-v11,2024-09-16,09:32:23.976,09:32:27.466,09:32:27.466,00:03,2303,SELL,19627.50,SL,19632.50,-20,20,0,15,0,4,0,20,0,19632.50,19622.50,20,20,-899,-930,0,Excelente,Excelente,50,0,0,0,50,1,0,0,FALSE,FALSE,-22,TRUE,50,117,0.4274,-215,-184
2024-09-18|09:34:21.023,reconstructed-causal-v1-from-legacy-v11,2024-09-18,09:34:21.023,09:34:41.405,09:34:41.405,00:20,2313,SELL,19700.00,TP,19695.00,20,10,20,10,15,10,23,20,20,19705.00,19695.00,20,20,-1112,-1127,0.65,Advertencia,Riesgo de reversion,21,0,12,241,274,0.0766,1,7,TRUE,FALSE,+18,TRUE,281,678,0.4145,-259,-191
2024-09-24|09:32:20.751,reconstructed-causal-v1-from-legacy-v11,2024-09-24,09:32:20.751,09:32:21.638,09:32:21.638,00:00,2312,SELL,20111.25,SL,20116.25,-20,20,0,10,0,7,0,20,0,20116.25,20106.25,20,20,1726,1721,0.63,Advertencia,Riesgo de reversion,8,0,1,17,26,0.3077,2,4,TRUE,FALSE,-22,TRUE,26,116,0.2241,-265,-251
2024-09-25|09:33:20.809,reconstructed-causal-v1-from-legacy-v11,2024-09-25,09:33:20.809,09:33:23.818,09:33:23.818,00:03,2313,BUY,20177.50,SL,20172.25,-21,25,5,15,5,11,3,20,20,20172.25,20182.75,21,21,31,61,0.7,Advertencia,Advertencia,46,10,10,0,66,0.697,1,5,TRUE,FALSE,-23,TRUE,67,194,0.3454,215,172
2024-09-26|09:35:10.953,reconstructed-causal-v1-from-legacy-v11,2024-09-26,09:35:10.953,09:35:18.702,09:35:18.702,00:07,2315,SELL,20445.00,TP,20437.25,31,10,35,10,10,14,27,20,20,20452.75,20437.25,31,31,-108,-108,0,Excelente,Riesgo de reversion,116,27,27,24,194,0.5979,9,30,TRUE,FALSE,+29,TRUE,201,652,0.3083,-296,-92
2024-09-27|09:37:09.127,reconstructed-causal-v1-from-legacy-v11,2024-09-27,09:37:09.127,09:37:12.155,09:37:12.155,00:03,2317,SELL,20313.75,SL,20319.00,-21,25,10,15,10,12,3,40,20,20319.00,20308.50,21,21,-1846,-1851,0.31,Normal,Riesgo de reversion,29,13,23,8,73,0.3973,2,13,TRUE,FALSE,-23,TRUE,74,226,0.3274,-297,-273
2024-10-01|09:32:39.380,reconstructed-causal-v1-from-legacy-v11,2024-10-01,09:32:39.380,09:32:53.175,09:32:53.175,00:13,2312,SELL,20228.75,TP,20213.75,60,20,60,15,20,18,70,20,40,20243.75,20213.75,60,60,-1483,-1483,0,Excelente,Riesgo de reversion,19,2,0,306,327,0.0581,1,3,TRUE,FALSE,+58,TRUE,338,1608,0.2102,-446,-294
2024-10-02|09:36:17.102,reconstructed-causal-v1-from-legacy-v11,2024-10-02,09:36:17.102,09:36:18.170,09:36:18.170,00:01,2316,SELL,19905.00,SL,19910.00,-20,20,5,15,5,10,1,60,20,19910.00,19900.00,20,20,-2690,-2707,0,Excelente,Excelente,36,0,0,0,36,1,0,0,FALSE,FALSE,-22,TRUE,35,181,0.1934,-220,-199
2024-10-04|09:31:18.885,reconstructed-causal-v1-from-legacy-v11,2024-10-04,09:31:18.885,09:31:29.253,09:31:29.253,00:10,2311,SELL,20205.00,SL,20210.25,-21,25,5,15,5,43,1,20,20,20210.25,20199.75,21,21,2112,2055,1.46,Riesgo de reversion,Riesgo de reversion,134,20,37,47,238,0.563,8,41,TRUE,FALSE,-23,TRUE,245,630,0.3889,-316,-259
2024-10-08|09:36:04.693,reconstructed-causal-v1-from-legacy-v11,2024-10-08,09:36:04.693,09:36:05.493,09:36:05.493,00:00,2316,BUY,20111.25,SL,20106.25,-20,20,15,15,15,2,6,20,20,20106.25,20116.25,20,20,875,912,1.68,Riesgo de reversion,Riesgo de reversion,13,5,1,9,28,0.4643,1,3,TRUE,FALSE,-22,TRUE,29,129,0.2248,320,283
2024-10-09|09:35:09.490,reconstructed-causal-v1-from-legacy-v11,2024-10-09,09:35:09.490,09:36:20.619,09:36:20.619,01:11,2315,BUY,20252.50,TP,20267.50,60,35,60,20,20,44,51,20,20,20237.50,20267.50,60,60,-600,-591,0,Excelente,Excelente,837,0,0,0,837,1,0,0,FALSE,FALSE,+58,TRUE,853,2093,0.4075,115,1
2024-10-14|09:34:34.044,reconstructed-causal-v1-from-legacy-v11,2024-10-14,09:34:34.044,09:34:34.874,09:34:34.874,00:00,2314,BUY,20586.25,SL,20581.25,-20,20,0,15,0,2,0,20,0,20581.25,20591.25,20,20,3412,3502,22.5,Riesgo de reversion,Riesgo de reversion,3,1,0,17,21,0.1429,1,2,TRUE,FALSE,-22,TRUE,20,111,0.1802,368,278
2024-10-15|09:35:13.090,reconstructed-causal-v1-from-legacy-v11,2024-10-15,09:35:13.090,09:35:19.222,09:35:19.222,00:06,2315,BUY,20650.00,TP,20655.25,21,5,25,5,15,8,14,20,20,20644.75,20655.25,21,21,1480,1480,0,Excelente,Riesgo de reversion,125,6,5,18,154,0.8117,5,16,TRUE,FALSE,+19,TRUE,158,498,0.3173,399,214
2024-10-16|09:31:07.634,reconstructed-causal-v1-from-legacy-v11,2024-10-16,09:31:07.634,09:31:19.144,09:31:19.144,00:11,2311,SELL,20332.50,TP,20327.50,20,5,20,5,15,5,40,20,20,20337.50,20327.50,20,20,-2453,-2453,0,Excelente,Riesgo de reversion,136,84,13,64,297,0.4579,9,27,TRUE,FALSE,+18,TRUE,316,890,0.3551,-439,-335
2024-10-17|09:34:07.200,reconstructed-causal-v1-from-legacy-v11,2024-10-17,09:34:07.200,09:34:09.592,09:34:09.592,00:02,2313,SELL,20500.00,TP,20495.00,20,5,20,5,15,3,9,20,20,20505.00,20495.00,20,20,2037,2037,0,Excelente,Riesgo de reversion,57,15,3,1,76,0.75,5,14,FALSE,FALSE,+18,TRUE,77,196,0.3929,-284,-224
2024-10-21|09:36:22.934,reconstructed-causal-v1-from-legacy-v11,2024-10-21,09:36:22.934,09:36:32.160,09:36:32.160,00:09,2316,BUY,20470.00,TP,20475.25,21,10,25,10,10,25,14,20,20,20464.75,20475.25,21,21,-156,-156,0,Excelente,Riesgo de reversion,10,27,41,142,220,0.0455,2,29,TRUE,FALSE,+19,TRUE,230,691,0.3329,417,330
2024-10-22|09:38:59.958,reconstructed-causal-v1-from-legacy-v11,2024-10-22,09:38:59.958,09:42:42.994,09:42:42.994,03:43,2317,SELL,20430.00,SL,20445.00,-60,60,5,15,5,74,4,20,20,20445.00,20415.00,60,60,-139,-444,0,Excelente,Excelente,610,0,0,0,610,1,0,0,FALSE,FALSE,-62,TRUE,622,1554,0.4003,-14,-1
2024-10-23|09:31:25.517,reconstructed-causal-v1-from-legacy-v11,2024-10-23,09:31:25.517,09:31:46.286,09:31:46.286,00:20,2310,SELL,20421.25,SL,20436.25,-60,60,50,15,20,24,82,20,20,20436.25,20406.25,60,60,219,-25,0.68,Advertencia,Advertencia,311,158,124,0,593,0.5245,6,12,TRUE,FALSE,-62,TRUE,623,2414,0.2581,-540,-187
2024-10-24|09:31:15.567,reconstructed-causal-v1-from-legacy-v11,2024-10-24,09:31:15.567,09:31:18.637,09:31:18.637,00:03,2311,SELL,20331.25,SL,20336.25,-20,20,15,15,10,10,2,20,20,20336.25,20326.25,20,20,-2243,-2295,0.79,Riesgo de reversion,Riesgo de reversion,17,1,21,1,40,0.425,1,3,TRUE,FALSE,-22,TRUE,39,165,0.2364,-173,-107
2024-10-25|09:35:11.857,reconstructed-causal-v1-from-legacy-v11,2024-10-25,09:35:11.857,09:35:16.033,09:35:16.033,00:04,2315,BUY,20546.25,TP,20551.25,20,0,20,0,15,0,15,0,20,20541.25,20551.25,20,20,412,412,0,Excelente,Riesgo de reversion,8,19,18,57,102,0.0784,2,16,FALSE,FALSE,+18,TRUE,104,405,0.2568,409,117
2024-10-29|09:31:18.148,reconstructed-causal-v1-from-legacy-v11,2024-10-29,09:31:18.148,09:32:03.954,09:32:03.954,00:45,2311,SELL,20481.25,TP,20472.25,36,5,40,5,15,8,55,20,20,20490.25,20472.25,36,36,125,125,0,Excelente,Riesgo de reversion,162,9,3,199,373,0.4343,2,9,TRUE,FALSE,+34,TRUE,381,1012,0.3765,-68,-1
2024-10-31|09:31:44.712,reconstructed-causal-v1-from-legacy-v11,2024-10-31,09:31:44.712,09:31:50.269,09:31:50.269,00:05,2311,SELL,20307.50,TP,20298.50,36,10,40,10,20,9,41,40,20,20316.50,20298.50,36,36,-2182,-2198,0.07,Excelente,Riesgo de reversion,138,10,17,9,174,0.7931,4,20,TRUE,FALSE,+34,TRUE,184,890,0.2067,-563,-336
2024-11-01|09:31:06.910,reconstructed-causal-v1-from-legacy-v11,2024-11-01,09:31:06.910,09:31:34.844,09:31:34.844,00:27,2311,BUY,20092.50,TP,20107.50,60,0,60,0,20,0,50,0,20,20077.50,20107.50,60,60,544,1256,0,Excelente,Excelente,362,0,0,0,362,1,0,0,FALSE,FALSE,+58,TRUE,373,1092,0.3416,268,142
2025-03-10|09:33:46.349,reconstructed-causal-v1-from-legacy-v11,2025-03-10,09:33:46.349,09:33:57.300,09:33:57.300,00:10,2313,SELL,19802.50,TP,19787.50,60,5,60,5,20,1,61,5,40,19817.50,19787.50,60,60,-3473,-3504,0.72,Advertencia,Riesgo de reversion,90,44,59,70,263,0.3422,5,30,FALSE,FALSE,+58,TRUE,270,578,0.4671,-327,-255
2025-03-11|09:35:11.985,reconstructed-causal-v1-from-legacy-v11,2025-03-11,09:35:11.985,09:35:15.797,09:35:15.797,00:03,2315,SELL,19403.75,SL,19418.75,-60,60,0,40,0,3,0,41.6785,0,19418.75,19388.75,60,60,1928,1879,0,Excelente,Excelente,13,0,0,0,13,1,0,0,FALSE,FALSE,-62,TRUE,12,49,0.2449,-152,-103
2025-03-12|09:33:11.915,reconstructed-causal-v1-from-legacy-v11,2025-03-12,09:33:11.915,09:33:12.862,09:33:12.862,00:00,2313,BUY,19742.50,TP,19747.50,20,5,20,5,15,1,8,20,20,19737.50,19747.50,20,20,3244,3245,0.05,Excelente,Advertencia,17,2,1,0,20,0.85,3,6,FALSE,FALSE,+18,TRUE,20,101,0.198,208,189
2025-03-13|09:36:40.020,reconstructed-causal-v1-from-legacy-v11,2025-03-13,09:36:40.020,09:37:28.160,09:37:28.160,00:48,2316,SELL,19502.50,SL,19517.50,-60,60,25,30,20,56,29,43.0505,40,19517.50,19487.50,60,60,-286,-575,0,Excelente,Excelente,334,0,0,0,334,1,0,0,FALSE,FALSE,-62,TRUE,348,925,0.3762,-287,-157
2025-03-14|09:31:22.978,reconstructed-causal-v1-from-legacy-v11,2025-03-14,09:31:22.978,09:31:23.553,09:31:23.553,00:00,2311,BUY,19503.75,SL,19498.75,-20,20,0,15,0,2,0,2602.811,0,19498.75,19508.75,20,20,42,65,0,Excelente,Excelente,18,0,0,0,18,1,0,0,FALSE,FALSE,-22,TRUE,17,60,0.2833,227,204
2025-03-17|09:32:54.703,reconstructed-causal-v1-from-legacy-v11,2025-03-17,09:32:54.703,09:32:54.703,09:32:54.703,00:00,2312,BUY,19745.00,TP,19750.00,20,0,20,0,20,0,1,0,50000000,19740.00,19750.00,20,20,1475,1475,0,Excelente,Excelente,1,0,0,0,1,1,0,0,FALSE,FALSE,+18,FALSE,0,43,0,424,424
2025-03-18|09:35:09.981,reconstructed-causal-v1-from-legacy-v11,2025-03-18,09:35:09.981,09:35:13.250,09:35:13.250,00:03,2315,SELL,19830.00,TP,19822.50,30,15,30,15,20,3,9,2757.8599,2748.9142,19845.00,19822.50,60,30,-857,-858,0.09,Excelente,Riesgo de reversion,13,0,0,48,61,0.2131,1,2,TRUE,FALSE,+28,TRUE,62,204,0.3039,-60,-33
2025-03-20|09:32:16.365,reconstructed-causal-v1-from-legacy-v11,2025-03-20,09:32:16.365,09:32:17.038,09:32:17.038,00:00,2312,BUY,19810.00,TP,19815.00,20,0,20,0,15,0,7,0,12376.2376,19805.00,19815.00,20,20,-3595,-3595,0,Excelente,Excelente,19,0,0,0,19,1,0,0,FALSE,FALSE,+18,TRUE,18,57,0.3158,98,82
2025-03-21|09:31:08.367,reconstructed-causal-v1-from-legacy-v11,2025-03-21,09:31:08.367,09:31:09.258,09:31:09.258,00:00,2311,BUY,19701.25,TP,19706.25,20,5,20,5,10,1,10,11907.597,50000000,19696.25,19706.25,20,20,-375,-375,0,Excelente,Riesgo de reversion,10,5,6,5,26,0.3846,2,6,FALSE,FALSE,+18,TRUE,26,128,0.2031,81,25
2025-03-24|09:33:08.803,reconstructed-causal-v1-from-legacy-v11,2025-03-24,09:33:08.803,09:33:26.180,09:33:26.180,00:17,2313,BUY,20265.00,TP,20270.00,20,15,20,15,15,34,22,50000000,50000000,20260.00,20270.00,20,20,4954,4979,1.25,Riesgo de reversion,Riesgo de reversion,55,6,11,247,319,0.1724,2,9,TRUE,FALSE,+18,TRUE,330,1004,0.3287,370,258
2025-03-26|09:33:05.769,reconstructed-causal-v1-from-legacy-v11,2025-03-26,09:33:05.769,09:33:07.290,09:33:07.290,00:01,2313,SELL,20428.75,SL,20433.75,-20,20,5,10,5,10,1,5768.3433,5382.1313,20433.75,20423.75,20,20,-129,-153,1.41,Riesgo de reversion,Riesgo de reversion,5,2,3,38,48,0.1042,1,5,TRUE,FALSE,-22,TRUE,49,200,0.245,-341,-317
2025-03-27|09:31:40.885,reconstructed-causal-v1-from-legacy-v11,2025-03-27,09:31:40.885,09:31:45.783,09:31:45.783,00:04,2311,BUY,20067.50,SL,20062.50,-20,20,5,10,5,13,5,50000000,50000000,20062.50,20072.50,20,20,-1202,-1100,6.38,Riesgo de reversion,Riesgo de reversion,11,5,16,80,112,0.0982,1,9,TRUE,FALSE,-22,TRUE,116,308,0.3766,296,194
2025-03-28|09:33:37.327,reconstructed-causal-v1-from-legacy-v11,2025-03-28,09:33:37.327,,,,2313,SELL,19850.00,OPEN,,0,0,0,0,0,0,0,0,0,19855.00,19845.00,20,20,-753,-753,0,Excelente,Excelente,1,0,0,0,1,1,0,0,FALSE,FALSE,,FALSE,0,0,,-55,-55
2025-03-31|09:31:12.195,reconstructed-causal-v1-from-legacy-v11,2025-03-31,09:31:12.195,09:31:29.617,09:31:29.617,00:17,2311,SELL,19151.25,SL,19166.25,-60,60,40,20,10,31,57,50000000,50000000,19166.25,19136.25,60,60,-2488,-2814,0,Excelente,Excelente,499,0,0,0,499,1,0,0,FALSE,FALSE,-62,TRUE,516,1668,0.3094,-317,-177
2025-04-01|09:32:30.794,reconstructed-causal-v1-from-legacy-v11,2025-04-01,09:32:30.794,09:33:03.169,09:33:03.169,00:32,2312,BUY,19405.00,TP,19420.00,60,10,60,10,25,17,102,50000000,50000000,19390.00,19420.00,60,60,1941,1941,0,Excelente,Riesgo de reversion,332,197,108,111,748,0.4439,13,51,TRUE,FALSE,+58,TRUE,763,2250,0.3391,412,1
2025-04-02|09:32:13.192,reconstructed-causal-v1-from-legacy-v11,2025-04-02,09:32:13.192,09:32:29.509,09:32:29.509,00:16,2312,BUY,19366.25,SL,19356.00,-41,45,5,15,5,53,15,50000000,50000000,19356.00,19376.50,41,41,-1598,-1480,3.03,Riesgo de reversion,Riesgo de reversion,59,27,53,232,371,0.159,3,25,TRUE,FALSE,-43,TRUE,381,1026,0.3713,57,7
2025-04-03|09:33:07.378,reconstructed-causal-v1-from-legacy-v11,2025-04-03,09:33:07.378,09:33:27.667,09:33:27.667,00:20,2310,BUY,19030.00,TP,19037.50,30,35,30,15,20,50,68,50000000,50000000,19015.00,19037.50,60,30,2779,2857,1.9,Riesgo de reversion,Riesgo de reversion,56,16,30,377,479,0.1169,3,13,TRUE,FALSE,+28,TRUE,504,1390,0.3626,145,45
2025-04-04|09:31:11.899,reconstructed-causal-v1-from-legacy-v11,2025-04-04,09:31:11.899,09:31:12.810,09:31:12.810,00:00,2309,BUY,18236.25,SL,18224.75,-46,50,0,35,0,8,0,50000000,0,18224.75,18247.75,46,46,-2990,-2971,9.5,Riesgo de reversion,Riesgo de reversion,5,0,1,20,26,0.1923,1,2,TRUE,FALSE,-48,TRUE,27,64,0.4219,150,131
2025-04-07|09:31:54.010,reconstructed-causal-v1-from-legacy-v11,2025-04-07,09:31:54.010,09:31:56.161,09:31:56.161,00:02,2311,BUY,16961.25,TP,16971.50,41,15,45,15,20,4,13,50000000,381679.3893,16951.00,16971.50,41,41,1616,1616,0,Excelente,Riesgo de reversion,16,4,6,29,55,0.2909,7,20,TRUE,FALSE,+39,TRUE,56,146,0.3836,5,2
2025-04-08|09:31:07.945,reconstructed-causal-v1-from-legacy-v11,2025-04-08,09:31:07.945,09:31:11.136,09:31:11.136,00:03,2311,SELL,18137.50,TP,18122.50,60,0,60,0,50,0,51,0,50000000,18152.50,18122.50,60,60,3088,2817,0,Excelente,Excelente,115,0,0,0,115,1,0,0,FALSE,FALSE,+58,TRUE,120,522,0.2299,-134,-33
2025-04-09|09:32:10.637,reconstructed-causal-v1-from-legacy-v11,2025-04-09,09:32:10.637,09:32:14.562,09:32:14.562,00:03,2312,BUY,17336.25,TP,17343.75,30,15,30,10,20,7,24,23685.4571,50000000,17321.25,17343.75,60,30,1196,1203,0.29,Normal,Riesgo de reversion,23,25,11,28,87,0.2644,5,17,TRUE,FALSE,+28,TRUE,90,247,0.3644,113,83
2025-04-14|09:35:40.519,reconstructed-causal-v1-from-legacy-v11,2025-04-14,09:35:40.519,09:36:00.589,09:36:00.589,00:20,2315,SELL,19163.75,TP,19148.50,61,20,65,20,30,11,63,14619.883,50000000,19179.00,19148.50,61,61,1247,1230,0.22,Excelente,Riesgo de reversion,192,85,26,60,363,0.5289,13,46,TRUE,FALSE,+59,TRUE,376,918,0.4096,-156,-71
2025-04-15|09:33:18.879,reconstructed-causal-v1-from-legacy-v11,2025-04-15,09:33:18.879,09:33:42.872,09:33:42.872,00:23,2313,BUY,19040.00,SL,19025.00,-60,60,25,20,25,70,4,50000000,50000000,19025.00,19055.00,60,60,-4,47,0,Excelente,Excelente,363,0,0,0,363,1,0,0,FALSE,FALSE,-62,TRUE,370,1026,0.3606,188,137
2025-04-17|09:31:25.810,reconstructed-causal-v1-from-legacy-v11,2025-04-17,09:31:25.810,09:31:25.829,09:31:25.829,00:00,2311,SELL,18462.50,SL,18467.50,-20,20,0,20,0,1,0,50000000,0,18467.50,18457.50,20,20,355,355,0,Excelente,Excelente,1,0,0,0,1,1,0,0,FALSE,FALSE,-22,FALSE,0,41,0,-29,-29
2025-04-21|09:37:04.134,reconstructed-causal-v1-from-legacy-v11,2025-04-21,09:37:04.134,09:37:07.737,09:37:07.737,00:03,937,SELL,18075.00,TP,18067.50,30,20,30,20,25,11,10,50000000,50000000,18090.00,18067.50,60,30,-1120,-1120,0,Excelente,Riesgo de reversion,40,5,3,38,86,0.4651,4,14,TRUE,FALSE,+28,TRUE,90,314,0.2866,-282,-175
2025-04-23|09:33:37.311,reconstructed-causal-v1-from-legacy-v11,2025-04-23,09:33:37.311,09:33:39.265,09:33:39.265,00:01,2313,BUY,19005.00,SL,19000.00,-20,20,10,10,10,10,3,5324.8136,50000000,19000.00,19010.00,20,20,1683,1724,0.73,Advertencia,Riesgo de reversion,19,11,9,7,46,0.413,3,10,TRUE,FALSE,-22,TRUE,48,208,0.2308,317,257
2025-04-24|09:31:16.528,reconstructed-causal-v1-from-legacy-v11,2025-04-24,09:31:16.528,09:31:18.646,09:31:18.646,00:02,2311,BUY,18885.00,SL,18880.00,-20,20,5,10,5,9,4,135135.1351,50000000,18880.00,18890.00,20,20,1035,1065,0.4,Normal,Normal,56,5,0,0,61,0.918,1,1,TRUE,FALSE,-22,TRUE,63,188,0.3351,232,145
2025-04-25|09:35:33.251,reconstructed-causal-v1-from-legacy-v11,2025-04-25,09:35:33.251,09:41:03.777,09:41:03.777,05:30,2315,BUY,19350.00,SL,19329.75,-81,85,55,50,20,97,81,50000000,50000000,19329.75,19370.25,81,81,-365,-111,63.5,Riesgo de reversion,Riesgo de reversion,426,0,1,599,1026,0.4152,1,2,TRUE,FALSE,-83,TRUE,1052,2809,0.3745,188,1
2025-04-28|09:31:15.424,reconstructed-causal-v1-from-legacy-v11,2025-04-28,09:31:15.424,09:31:40.166,09:31:40.166,00:24,2311,BUY,19576.25,SL,19562.25,-56,60,0,25,0,85,0,50000000,0,19562.25,19590.25,56,56,2060,2340,280,Riesgo de reversion,Riesgo de reversion,16,0,0,474,490,0.0327,2,3,TRUE,FALSE,-58,TRUE,504,1466,0.3438,261,2
2025-05-01|09:31:50.026,reconstructed-causal-v1-from-legacy-v11,2025-05-01,09:31:50.026,09:31:59.588,09:31:59.588,00:09,2311,SELL,19932.50,TP,19923.50,36,10,40,10,20,4,51,23596.0359,50000000,19941.50,19923.50,36,36,-753,-959,3.89,Riesgo de reversion,Riesgo de reversion,74,68,3,104,249,0.2972,6,14,FALSE,FALSE,+34,TRUE,257,895,0.2872,-243,-2
2025-05-02|09:36:54.469,reconstructed-causal-v1-from-legacy-v11,2025-05-02,09:36:54.469,09:36:58.044,09:36:58.044,00:03,2316,SELL,20046.25,TP,20041.25,20,10,20,10,15,12,3,3894.081,98231.8271,20051.25,20041.25,20,20,307,307,0,Excelente,Riesgo de reversion,30,13,11,22,76,0.3947,4,14,TRUE,FALSE,+18,TRUE,79,222,0.3559,-494,-447
2025-05-05|09:35:22.452,reconstructed-causal-v1-from-legacy-v11,2025-05-05,09:35:22.452,09:36:34.677,09:36:34.677,01:12,2315,BUY,20043.75,SL,20032.25,-46,50,15,15,10,89,30,50000000,50000000,20032.25,20055.25,46,46,27,123,2.34,Riesgo de reversion,Riesgo de reversion,195,98,54,323,670,0.291,14,58,TRUE,FALSE,-48,TRUE,687,1732,0.3967,172,1
2025-05-06|09:32:19.572,reconstructed-causal-v1-from-legacy-v11,2025-05-06,09:32:19.572,09:32:20.235,09:32:20.235,00:00,2312,BUY,19830.00,TP,19835.00,20,0,20,0,15,0,4,0,50000000,19825.00,19835.00,20,20,-2467,-2467,0,Excelente,Riesgo de reversion,17,2,0,1,20,0.85,3,6,FALSE,FALSE,+18,TRUE,19,84,0.2262,242,212
2025-05-08|09:32:20.541,reconstructed-causal-v1-from-legacy-v11,2025-05-08,09:32:20.541,09:32:23.345,09:32:23.345,00:02,2312,SELL,20132.50,TP,20127.50,20,0,20,0,10,0,15,0,50000000,20137.50,20127.50,20,20,-1908,-1918,0.18,Excelente,Normal,67,7,0,0,74,0.9054,3,6,FALSE,FALSE,+18,TRUE,75,244,0.3074,-162,-107
2025-05-12|09:31:53.025,reconstructed-causal-v1-from-legacy-v11,2025-05-12,09:31:53.025,09:31:55.747,09:31:55.747,00:02,2311,SELL,20827.50,TP,20822.50,20,5,20,5,15,13,6,15576.324,50000000,20832.50,20822.50,20,20,-467,-467,0,Excelente,Riesgo de reversion,41,13,2,15,71,0.5775,6,14,TRUE,FALSE,+18,TRUE,71,214,0.3318,-250,-210
2025-05-13|09:32:07.235,reconstructed-causal-v1-from-legacy-v11,2025-05-13,09:32:07.235,09:32:07.352,09:32:07.352,00:00,2312,BUY,21017.50,TP,21022.75,21,15,25,15,25,2,1,50000000,50000000,21012.25,21022.75,21,21,2195,2195,0,Excelente,Excelente,3,0,0,0,3,1,0,0,FALSE,FALSE,+19,TRUE,3,138,0.0217,461,151
2025-05-14|09:32:15.727,reconstructed-causal-v1-from-legacy-v11,2025-05-14,09:32:15.727,09:32:24.589,09:32:24.589,00:08,2312,BUY,21355.00,TP,21361.50,26,5,30,5,15,1,35,414.5662,50000000,21348.50,21361.50,26,26,2558,2558,0,Excelente,Riesgo de reversion,122,19,2,44,187,0.6524,9,22,TRUE,FALSE,+24,TRUE,189,625,0.3024,726,64
2025-05-15|09:32:14.832,reconstructed-causal-v1-from-legacy-v11,2025-05-15,09:32:14.832,09:35:52.863,09:35:52.863,03:38,2312,BUY,21327.50,SL,21314.75,-51,55,50,20,25,25,77,50000000,50000000,21314.75,21340.25,51,51,-3109,-2899,2.44,Riesgo de reversion,Riesgo de reversion,144,109,132,359,744,0.1935,6,34,TRUE,FALSE,-53,TRUE,764,1929,0.3961,263,1
2025-05-19|09:36:30.768,reconstructed-causal-v1-from-legacy-v11,2025-05-19,09:36:30.768,09:36:38.029,09:36:38.029,00:07,2316,BUY,21271.25,TP,21276.25,20,15,20,15,15,12,14,50000000,50000000,21266.25,21276.25,20,20,-512,-512,0,Excelente,Riesgo de reversion,58,26,32,5,121,0.4793,3,14,TRUE,FALSE,+18,TRUE,124,428,0.2897,202,97
2025-05-21|09:31:26.644,reconstructed-causal-v1-from-legacy-v11,2025-05-21,09:31:26.644,09:31:40.920,09:31:40.920,00:14,2311,BUY,21318.75,TP,21323.75,20,15,20,10,15,26,26,50000000,50000000,21313.75,21323.75,20,20,-1569,-1446,4.92,Riesgo de reversion,Riesgo de reversion,31,25,10,218,284,0.1092,6,18,TRUE,FALSE,+18,TRUE,293,987,0.2969,190,1
2025-05-22|09:31:14.088,reconstructed-causal-v1-from-legacy-v11,2025-05-22,09:31:14.088,09:31:15.548,09:31:15.548,00:01,2311,BUY,21191.25,SL,21186.25,-20,20,0,15,0,5,0,50000000,0,21186.25,21196.25,20,20,63,86,11.5,Riesgo de reversion,Riesgo de reversion,3,0,1,25,29,0.1034,2,4,TRUE,FALSE,-22,TRUE,29,77,0.3766,105,82
2025-05-23|09:33:19.971,reconstructed-causal-v1-from-legacy-v11,2025-05-23,09:33:19.971,09:33:19.989,09:33:19.989,00:00,2313,BUY,20886.25,SL,20881.00,-21,30,0,30,0,1,0,8847.9915,0,20881.00,20891.50,21,21,-113,-106,0,Excelente,Excelente,3,0,0,0,3,1,0,0,FALSE,FALSE,-23,TRUE,2,13,0.1538,98,91
2025-05-27|09:35:21.105,reconstructed-causal-v1-from-legacy-v11,2025-05-27,09:35:21.105,09:35:22.486,09:35:22.486,00:01,2075,SELL,21217.50,TP,21212.50,20,5,20,5,10,2,7,3219.9897,139275.766,21222.50,21212.50,20,20,-588,-588,0,Excelente,Riesgo de reversion,27,3,6,2,38,0.7105,1,10,FALSE,FALSE,+18,TRUE,38,91,0.4176,-185,-157
2025-05-29|09:32:11.091,reconstructed-causal-v1-from-legacy-v11,2025-05-29,09:32:11.091,09:32:26.690,09:32:26.690,00:15,2312,SELL,21597.50,TP,21590.00,30,15,30,10,20,10,43,26469.0312,55617.3526,21612.50,21590.00,60,30,-951,-951,0,Excelente,Riesgo de reversion,91,71,38,10,210,0.4333,10,38,TRUE,FALSE,+28,TRUE,227,560,0.4054,-268,-186
2025-05-30|09:35:21.389,reconstructed-causal-v1-from-legacy-v11,2025-05-30,09:35:21.389,09:36:41.476,09:36:41.476,01:20,2315,SELL,21321.25,TP,21306.25,60,0,60,0,35,0,91,0,1612903.2258,21336.25,21306.25,60,60,-2575,-2606,0.22,Excelente,Normal,354,170,0,0,524,0.6756,12,24,FALSE,FALSE,+58,TRUE,541,1092,0.4954,-320,-1
2025-06-02|09:32:15.020,reconstructed-causal-v1-from-legacy-v11,2025-06-02,09:32:15.020,09:32:23.327,09:32:23.327,00:08,2312,BUY,21366.25,TP,21373.75,30,15,40,10,15,8,17,1292.19,11611.7046,21351.25,21373.75,60,30,-772,-745,0.75,Riesgo de reversion,Riesgo de reversion,146,22,1,3,172,0.8488,1,3,FALSE,FALSE,+28,TRUE,173,373,0.4638,258,180
2025-06-03|09:34:46.136,reconstructed-causal-v1-from-legacy-v11,2025-06-03,09:34:46.136,09:34:52.617,09:34:52.617,00:06,2314,SELL,21522.50,SL,21531.50,-36,40,10,25,10,13,20,40799.6736,19149.7511,21531.50,21513.50,36,36,1290,1208,3.28,Riesgo de reversion,Riesgo de reversion,23,9,20,81,133,0.1729,3,15,TRUE,FALSE,-38,TRUE,144,315,0.4571,-389,-307
2025-06-04|09:31:12.350,reconstructed-causal-v1-from-legacy-v11,2025-06-04,09:31:12.350,09:31:14.394,09:31:14.394,00:02,2311,BUY,21752.50,SL,21747.25,-21,25,0,15,0,6,0,874.3093,0,21747.25,21757.75,21,21,1278,1324,0.58,Advertencia,Advertencia,31,9,7,0,47,0.6596,1,2,TRUE,FALSE,-23,TRUE,49,94,0.5213,201,154
2025-06-05|09:32:11.107,reconstructed-causal-v1-from-legacy-v11,2025-06-05,09:32:11.107,09:32:16.366,09:32:16.366,00:05,2312,SELL,21785.00,TP,21773.50,46,10,50,10,20,3,28,337.4502,336700.3367,21796.50,21773.50,46,46,368,368,0,Excelente,Excelente,128,0,0,0,128,1,0,0,FALSE,FALSE,+44,TRUE,132,322,0.4099,-284,-141
2025-06-09|09:35:12.032,reconstructed-causal-v1-from-legacy-v11,2025-06-09,09:35:12.032,09:35:13.330,09:35:13.330,00:01,2315,SELL,21773.75,SL,21778.75,-20,20,0,10,0,7,0,450.3896,0,21778.75,21768.75,20,20,359,335,24,Riesgo de reversion,Riesgo de reversion,7,0,0,24,31,0.2258,1,1,TRUE,FALSE,-22,TRUE,32,62,0.5161,-151,-127
2025-06-11|09:33:12.748,reconstructed-causal-v1-from-legacy-v11,2025-06-11,09:33:12.748,09:33:27.625,09:33:27.625,00:14,2313,SELL,21970.00,TP,21962.50,30,35,30,15,15,37,11,12823.801,6804.5727,21985.00,21962.50,60,30,1942,1942,0,Excelente,Riesgo de reversion,19,0,0,207,226,0.0841,3,6,TRUE,FALSE,+28,TRUE,236,511,0.4618,-227,-90
2025-06-13|09:31:10.199,reconstructed-causal-v1-from-legacy-v11,2025-06-13,09:31:10.199,09:31:29.145,09:31:29.145,00:18,2311,BUY,21736.25,TP,21747.75,46,15,50,10,20,14,78,3571428.5714,50000000,21724.75,21747.75,46,46,456,463,0,Excelente,Excelente,417,0,0,0,417,1,0,0,FALSE,FALSE,+44,TRUE,431,944,0.4566,186,109
2025-06-18|09:36:29.738,reconstructed-causal-v1-from-legacy-v11,2025-06-18,09:36:29.738,09:36:31.937,09:36:31.937,00:02,2316,SELL,21935.00,TP,21930.00,20,0,20,0,15,0,3,0,566.2835,21940.00,21930.00,20,20,-717,-717,0,Excelente,Excelente,26,0,0,0,26,1,0,0,FALSE,FALSE,+18,TRUE,26,46,0.5652,-164,-150
2025-06-20|09:36:13.832,reconstructed-causal-v1-from-legacy-v11,2025-06-20,09:36:13.832,09:40:00.801,09:40:00.801,03:46,2076,BUY,22108.75,TP,22123.75,60,0,60,0,55,0,9,0,20408.1633,22093.75,22123.75,60,60,3260,3260,0,Excelente,Riesgo de reversion,3,1,8,2,14,0.2143,1,4,FALSE,FALSE,+58,TRUE,12,58,0.2069,182,1
2025-06-23|09:33:44.281,reconstructed-causal-v1-from-legacy-v11,2025-06-23,09:33:44.281,09:33:45.007,09:33:45.007,00:00,2313,SELL,21776.25,TP,21771.25,20,0,20,0,10,0,3,0,93457.9439,21781.25,21771.25,20,20,-90,-90,0,Excelente,Riesgo de reversion,4,0,1,14,19,0.2105,1,3,FALSE,FALSE,+18,TRUE,20,61,0.3279,-447,-413
2025-06-26|09:33:06.002,reconstructed-causal-v1-from-legacy-v11,2025-06-26,09:33:06.002,09:33:42.161,09:33:42.161,00:36,2313,SELL,22521.25,SL,22536.25,-60,60,15,15,15,93,12,8333333.3333,1442.5851,22536.25,22513.75,60,30,-112,-250,7.67,Riesgo de reversion,Riesgo de reversion,14,3,3,644,664,0.0211,2,8,TRUE,FALSE,-62,TRUE,679,1304,0.5207,-390,-247
2025-07-07|09:34:04.780,reconstructed-causal-v1-from-legacy-v11,2025-07-07,09:34:04.780,09:34:11.454,09:34:11.454,00:06,2074,SELL,22912.50,TP,22905.00,30,10,30,10,15,3,25,131233.5958,26455.0265,22927.50,22905.00,60,30,-2128,-2131,0.14,Excelente,Riesgo de reversion,43,14,12,72,141,0.305,3,19,FALSE,FALSE,+28,TRUE,147,312,0.4712,-220,-183
2025-07-09|09:31:08.681,reconstructed-causal-v1-from-legacy-v11,2025-07-09,09:31:08.681,09:31:11.063,09:31:11.063,00:02,2309,BUY,23010.00,TP,23015.00,20,5,20,5,15,3,4,11502.1854,732.2896,23005.00,23015.00,20,20,945,959,0.06,Excelente,Excelente,60,0,0,0,60,1,0,0,FALSE,FALSE,+18,TRUE,61,119,0.5126,121,100
2025-07-10|09:32:10.979,reconstructed-causal-v1-from-legacy-v11,2025-07-10,09:32:10.979,09:32:21.528,09:32:21.528,00:10,2310,SELL,23047.50,SL,23052.75,-21,25,5,25,5,17,17,5000000,10072.5222,23052.75,23042.25,21,21,997,934,7.88,Riesgo de reversion,Riesgo de reversion,12,4,10,186,212,0.0566,5,17,TRUE,FALSE,-23,TRUE,219,446,0.491,-136,-73
2025-07-14|09:31:21.054,reconstructed-causal-v1-from-legacy-v11,2025-07-14,09:31:21.054,09:31:24.045,09:31:24.045,00:02,2311,BUY,22971.25,TP,22976.25,20,10,20,10,10,7,12,9562.0578,450450.4505,22966.25,22976.25,20,20,448,453,0.15,Excelente,Riesgo de reversion,47,1,0,27,75,0.6267,2,4,TRUE,FALSE,+18,TRUE,78,201,0.3881,139,90
2025-07-15|09:37:19.124,reconstructed-causal-v1-from-legacy-v11,2025-07-15,09:37:19.124,09:38:22.280,09:38:22.280,01:03,2317,SELL,23172.50,TP,23159.75,51,0,55,0,20,0,43,0,23730.4224,23185.25,23159.75,51,51,1557,1557,0,Excelente,Riesgo de reversion,164,37,14,110,325,0.5046,4,16,FALSE,FALSE,+49,TRUE,333,613,0.5432,-91,-2
2025-07-16|09:31:10.851,reconstructed-causal-v1-from-legacy-v11,2025-07-16,09:31:10.851,09:31:16.336,09:31:16.336,00:05,2311,SELL,23052.50,TP,23047.50,20,15,20,15,15,12,12,20,20,23057.50,23047.50,20,20,-946,-946,0,Excelente,Riesgo de reversion,27,9,4,68,108,0.25,6,20,TRUE,FALSE,+18,TRUE,113,299,0.3779,-322,-254
2025-07-17|09:36:38.473,reconstructed-causal-v1-from-legacy-v11,2025-07-17,09:36:38.473,09:36:52.445,09:36:52.445,00:13,2314,SELL,23071.25,SL,23076.50,-21,25,5,15,5,19,3,201612.9032,67.3622,23076.50,23066.00,21,21,286,259,0.57,Advertencia,Riesgo de reversion,51,52,83,28,214,0.2383,8,38,TRUE,FALSE,-23,TRUE,217,390,0.5564,-224,-177
2025-07-21|09:35:12.636,reconstructed-causal-v1-from-legacy-v11,2025-07-21,09:35:12.636,09:36:44.737,09:36:44.737,01:32,2315,BUY,23308.75,TP,23323.75,60,40,60,20,20,94,104,280898.8764,2500000,23293.75,23323.75,60,60,1912,1912,0,Excelente,Riesgo de reversion,858,64,97,517,1536,0.5586,17,76,TRUE,FALSE,+58,TRUE,1576,3260,0.4834,723,1
2025-07-22|09:31:38.252,reconstructed-causal-v1-from-legacy-v11,2025-07-22,09:31:38.252,09:31:41.001,09:31:41.001,00:02,2311,SELL,23298.75,SL,23303.75,-20,20,15,15,15,18,1,118203.3097,5,23303.75,23293.75,20,20,1494,1423,17.75,Riesgo de reversion,Riesgo de reversion,7,0,0,59,66,0.1061,1,1,TRUE,FALSE,-22,TRUE,66,187,0.3529,-296,-225
2025-07-23|09:31:12.690,reconstructed-causal-v1-from-legacy-v11,2025-07-23,09:31:12.690,09:31:16.138,09:31:16.138,00:03,2311,SELL,23216.25,TP,23209.75,26,5,30,5,25,2,19,566.5145,5555555.5556,23222.75,23209.75,26,26,431,430,0.01,Excelente,Riesgo de reversion,106,0,0,1,107,0.9907,1,2,TRUE,FALSE,+24,TRUE,112,308,0.3636,-188,-115
2025-07-29|09:33:12.005,reconstructed-causal-v1-from-legacy-v11,2025-07-29,09:33:12.005,09:34:16.704,09:34:16.704,01:04,2313,BUY,23630.00,TP,23635.00,20,15,20,10,10,97,61,5555555.5556,25000000,23625.00,23635.00,20,20,490,608,1.01,Riesgo de reversion,Riesgo de reversion,194,85,108,783,1170,0.1658,9,27,TRUE,FALSE,+18,TRUE,1211,2716,0.4459,350,1
2025-07-30|09:35:20.793,reconstructed-causal-v1-from-legacy-v11,2025-07-30,09:35:20.793,09:38:38.704,09:38:38.704,03:17,2314,BUY,23502.50,SL,23488.50,-56,60,30,20,25,214,104,1388888.8889,140449.4382,23488.50,23516.50,56,56,-1588,-1119,1.52,Riesgo de reversion,Riesgo de reversion,362,507,449,1096,2414,0.15,4,21,TRUE,FALSE,-58,TRUE,2466,4756,0.5185,603,1
2025-07-31|09:31:14.708,reconstructed-causal-v1-from-legacy-v11,2025-07-31,09:31:14.708,09:31:41.951,09:31:41.951,00:27,2310,SELL,23678.75,TP,23663.75,60,20,60,15,20,55,135,1428571.4286,100401.6064,23693.75,23663.75,60,60,-2553,-2558,0,Excelente,Excelente,820,0,0,0,820,1,0,0,FALSE,FALSE,+58,TRUE,853,2346,0.3636,-415,-223
2025-08-01|09:33:08.255,reconstructed-causal-v1-from-legacy-v11,2025-08-01,09:33:08.255,09:33:20.884,09:33:20.884,00:12,2313,SELL,23021.25,TP,23013.75,30,25,30,10,20,19,46,5555555.5556,87565.6743,23036.25,23013.75,60,30,-6595,-6595,0,Excelente,Riesgo de reversion,241,12,32,57,342,0.7047,1,17,FALSE,FALSE,+28,TRUE,351,807,0.4349,-252,-170
2025-08-04|09:35:17.011,reconstructed-causal-v1-from-legacy-v11,2025-08-04,09:35:17.011,09:35:31.647,09:35:31.647,00:14,2315,BUY,23138.75,TP,23149.00,41,10,45,10,15,8,65,33579.5836,25000000,23128.50,23149.00,41,41,1564,1564,0,Excelente,Normal,389,2,0,0,391,0.9949,1,2,TRUE,FALSE,+39,TRUE,404,971,0.4161,442,107
2025-08-06|09:31:23.647,reconstructed-causal-v1-from-legacy-v11,2025-08-06,09:31:23.647,09:31:34.727,09:31:34.727,00:11,2311,BUY,23195.00,TP,23202.75,31,5,35,5,25,2,52,891.5199,467289.7196,23187.25,23202.75,31,31,135,147,0.06,Excelente,Normal,269,18,0,0,287,0.9373,3,6,FALSE,FALSE,+29,TRUE,301,722,0.4169,433,221
2025-08-11|09:31:31.924,reconstructed-causal-v1-from-legacy-v11,2025-08-11,09:31:31.924,09:31:35.095,09:31:35.095,00:03,2311,SELL,23698.75,SL,23703.75,-20,20,10,20,10,12,14,7356.1866,60679.6117,23703.75,23693.75,20,20,411,345,1.47,Riesgo de reversion,Riesgo de reversion,63,2,14,25,104,0.6058,2,14,TRUE,FALSE,-22,TRUE,108,264,0.4091,-279,-213
2025-08-12|09:34:16.770,reconstructed-causal-v1-from-legacy-v11,2025-08-12,09:34:16.770,09:34:29.605,09:34:29.605,00:12,2314,BUY,23770.00,TP,23775.00,20,10,20,10,15,11,39,104821.8029,18018.018,23765.00,23775.00,20,20,1221,1289,1.21,Riesgo de reversion,Riesgo de reversion,52,27,17,191,287,0.1812,2,12,TRUE,FALSE,+18,TRUE,293,625,0.4688,273,157
2025-08-14|09:34:46.164,reconstructed-causal-v1-from-legacy-v11,2025-08-14,09:34:46.164,09:35:00.601,09:35:00.601,00:14,2313,BUY,23897.50,TP,23906.50,36,0,40,0,20,0,40,0,12500000,23888.50,23906.50,36,36,-763,-763,0,Excelente,Excelente,214,0,0,0,214,1,0,0,FALSE,FALSE,+34,TRUE,218,553,0.3942,469,2
2025-08-19|09:32:11.857,reconstructed-causal-v1-from-legacy-v11,2025-08-19,09:32:11.857,09:32:46.376,09:32:46.376,00:34,2312,SELL,23716.25,TP,23701.25,60,10,60,10,20,10,136,5555555.5556,7142857.1429,23731.25,23701.25,60,60,-489,-584,0.48,Normal,Riesgo de reversion,318,140,286,165,909,0.3498,9,34,TRUE,FALSE,+58,TRUE,946,2220,0.4261,-443,-206
2025-08-20|09:32:06.930,reconstructed-causal-v1-from-legacy-v11,2025-08-20,09:32:06.930,09:32:09.340,09:32:09.340,00:02,2312,SELL,23372.50,TP,23367.50,20,0,20,0,15,0,12,0,2464.2681,23377.50,23367.50,20,20,-807,-823,0.59,Advertencia,Riesgo de reversion,57,9,9,1,76,0.75,2,6,FALSE,FALSE,+18,TRUE,76,170,0.4471,-220,-181
2025-08-25|09:31:17.024,reconstructed-causal-v1-from-legacy-v11,2025-08-25,09:31:17.024,09:31:22.725,09:31:22.725,00:05,2297,SELL,23481.25,TP,23476.25,20,10,20,10,15,7,21,5887.2012,10909.8844,23486.25,23476.25,20,20,-2487,-2496,0.15,Excelente,Riesgo de reversion,65,46,12,4,127,0.5118,6,17,TRUE,FALSE,+18,TRUE,133,342,0.3889,-218,-154
2025-08-26|09:32:25.242,reconstructed-causal-v1-from-legacy-v11,2025-08-26,09:32:25.242,09:32:34.436,09:32:34.436,00:09,2312,BUY,23510.00,SL,23502.25,-31,35,0,15,0,25,0,8176.6149,0,23502.25,23517.75,31,31,907,1006,1.87,Riesgo de reversion,Riesgo de reversion,62,22,20,116,220,0.2818,1,7,TRUE,FALSE,-33,TRUE,226,475,0.4758,333,234
2025-08-28|09:31:05.902,reconstructed-causal-v1-from-legacy-v11,2025-08-28,09:31:05.902,09:31:25.317,09:31:25.317,00:19,2302,BUY,23716.25,TP,23723.75,30,55,30,25,10,77,40,1470588.2353,7142857.1429,23701.25,23723.75,60,30,6440,6530,6,Riesgo de reversion,Riesgo de reversion,12,1,3,542,558,0.0215,4,9,TRUE,FALSE,+28,TRUE,591,1429,0.4136,105,1
2025-08-29|09:35:15.208,reconstructed-causal-v1-from-legacy-v11,2025-08-29,09:35:15.208,09:35:25.389,09:35:25.389,00:10,2315,SELL,23630.00,SL,23637.75,-31,35,0,20,0,18,0,609756.0976,0,23637.75,23622.25,31,31,96,34,62,Riesgo de reversion,Riesgo de reversion,4,0,0,126,130,0.0308,1,1,TRUE,FALSE,-33,TRUE,131,245,0.5347,-226,-164
2025-09-02|09:31:07.830,reconstructed-causal-v1-from-legacy-v11,2025-09-02,09:31:07.830,09:31:45.426,09:31:45.426,00:37,2071,SELL,23035.00,TP,23027.50,30,55,35,35,20,187,48,2941176.4706,18436.5782,23050.00,23027.50,60,30,-841,-1024,0.76,Riesgo de reversion,Riesgo de reversion,50,399,617,3,1069,0.0468,1,33,TRUE,FALSE,+28,TRUE,1123,2889,0.3887,-139,-1
2025-09-03|09:31:08.367,reconstructed-causal-v1-from-legacy-v11,2025-09-03,09:31:08.367,09:31:13.581,09:31:13.581,00:05,2311,SELL,23401.25,TP,23386.25,60,0,60,0,15,0,45,0,3333333.3333,23416.25,23386.25,60,60,320,191,0,Excelente,Excelente,183,0,0,0,183,1,0,0,FALSE,FALSE,+58,TRUE,192,594,0.3232,-498,-285
2025-09-04|09:32:11.557,reconstructed-causal-v1-from-legacy-v11,2025-09-04,09:32:11.557,09:33:17.289,09:33:17.289,01:05,2312,BUY,23497.50,TP,23512.50,60,55,60,35,25,102,104,95969.2898,7142857.1429,23482.50,23512.50,60,60,797,821,0.09,Excelente,Riesgo de reversion,468,47,68,772,1355,0.3454,10,63,TRUE,FALSE,+58,TRUE,1396,2845,0.4907,224,1
2025-09-08|09:37:09.705,reconstructed-causal-v1-from-legacy-v11,2025-09-08,09:37:09.705,09:37:38.816,09:37:38.816,00:29,2317,BUY,23845.00,SL,23840.00,-20,20,5,10,5,49,20,21349.2741,5964.4519,23840.00,23850.00,20,20,671,817,0,Excelente,Excelente,586,0,0,0,586,1,0,0,FALSE,FALSE,-22,TRUE,594,1140,0.5211,270,120
2025-09-11|09:36:46.879,reconstructed-causal-v1-from-legacy-v11,2025-09-11,09:36:46.879,09:36:50.763,09:36:50.763,00:03,2315,SELL,23950.00,TP,23943.50,26,5,30,5,15,3,23,190.6076,24119.6334,23956.50,23943.50,26,26,-437,-437,0,Excelente,Riesgo de reversion,13,3,1,96,113,0.115,2,7,TRUE,FALSE,+24,TRUE,120,281,0.427,-882,-810
2025-09-12|09:35:56.855,reconstructed-causal-v1-from-legacy-v11,2025-09-12,09:35:56.855,09:36:04.793,09:36:04.793,00:07,2314,BUY,24021.25,TP,24026.25,20,15,20,15,15,23,12,15299.8776,5312.3672,24016.25,24026.25,20,20,154,161,0.23,Excelente,Riesgo de reversion,49,15,43,83,190,0.2579,3,25,TRUE,FALSE,+18,TRUE,194,450,0.4311,29,1
2025-09-18|09:33:22.859,reconstructed-causal-v1-from-legacy-v11,2025-09-18,09:33:22.859,09:33:50.443,09:33:50.443,00:27,2313,BUY,24705.00,SL,24700.00,-20,20,15,15,10,37,44,375939.8496,185185.1852,24700.00,24710.00,20,20,2607,2805,0,Excelente,Excelente,551,0,0,0,551,1,0,0,FALSE,FALSE,-22,TRUE,569,1142,0.4982,437,239
2025-09-19|09:33:08.826,reconstructed-causal-v1-from-legacy-v11,2025-09-19,09:33:08.826,09:33:15.468,09:33:15.468,00:06,2313,SELL,24750.00,SL,24755.25,-21,25,5,20,5,18,8,16212.7108,1476.2762,24755.25,24744.75,21,21,293,239,27,Riesgo de reversion,Riesgo de reversion,6,0,0,153,159,0.0377,4,7,TRUE,FALSE,-23,TRUE,169,362,0.4669,-129,-75
2025-09-24|09:33:29.116,reconstructed-causal-v1-from-legacy-v11,2025-09-24,09:33:29.116,09:33:31.644,09:33:31.644,00:02,2313,SELL,24836.25,TP,24831.25,20,5,20,5,15,1,5,209.3609,138121.547,24841.25,24831.25,20,20,-180,-180,0,Excelente,Normal,73,7,0,0,80,0.9125,4,8,FALSE,FALSE,+18,TRUE,80,181,0.442,-381,-288
2025-09-25|09:36:10.907,reconstructed-causal-v1-from-legacy-v11,2025-09-25,09:36:10.907,09:36:13.012,09:36:13.012,00:02,2316,SELL,24500.00,SL,24505.00,-20,20,5,20,5,3,2,1416.4707,44.303,24505.00,24495.00,20,20,-4436,-4461,0,Excelente,Excelente,43,0,0,0,43,1,0,0,FALSE,FALSE,-22,TRUE,44,85,0.5176,-182,-157
2025-09-26|09:32:30.532,reconstructed-causal-v1-from-legacy-v11,2025-09-26,09:32:30.532,09:32:56.698,09:32:56.698,00:26,2312,BUY,24673.75,TP,24686.50,51,25,55,25,25,19,97,16186.4681,381679.3893,24661.00,24686.50,51,51,1596,1596,0,Excelente,Riesgo de reversion,161,95,127,317,700,0.23,9,55,TRUE,FALSE,+49,TRUE,720,1565,0.4601,581,378
2025-09-29|09:37:32.013,reconstructed-causal-v1-from-legacy-v11,2025-09-29,09:37:32.013,09:37:37.891,09:37:37.891,00:05,2317,BUY,24892.50,SL,24887.50,-20,20,0,15,0,11,0,4434.9831,0,24887.50,24897.50,20,20,708,734,1.18,Riesgo de reversion,Riesgo de reversion,39,25,6,28,98,0.398,9,24,TRUE,FALSE,-22,TRUE,101,216,0.4676,429,398
2025-09-30|09:33:16.370,reconstructed-causal-v1-from-legacy-v11,2025-09-30,09:33:16.370,09:33:18.403,09:33:18.403,00:02,2313,SELL,24786.25,TP,24781.25,20,5,20,5,10,2,5,7530.1205,8399.1265,24791.25,24781.25,20,20,-699,-699,0,Excelente,Riesgo de reversion,39,5,5,1,50,0.78,3,9,TRUE,FALSE,+18,TRUE,50,110,0.4545,-323,-259
2025-10-01|09:31:26.132,reconstructed-causal-v1-from-legacy-v11,2025-10-01,09:31:26.132,09:31:28.662,09:31:28.662,00:02,2311,BUY,24785.00,TP,24790.00,20,5,20,5,15,1,6,43.6696,264.9343,24780.00,24790.00,20,20,-66,-66,0,Excelente,Riesgo de reversion,8,1,1,51,61,0.1311,1,4,TRUE,FALSE,+18,TRUE,62,126,0.4921,298,257
2025-10-02|09:37:41.092,reconstructed-causal-v1-from-legacy-v11,2025-10-02,09:37:41.092,09:37:46.556,09:37:46.556,00:05,2317,BUY,25098.75,SL,25093.75,-20,20,5,10,5,14,9,5645.2523,431.1311,25093.75,25103.75,20,20,2012,2085,1.3,Riesgo de reversion,Riesgo de reversion,63,13,1,42,119,0.5294,11,21,TRUE,FALSE,-22,TRUE,122,265,0.4604,,
2025-10-06|09:32:14.702,reconstructed-causal-v1-from-legacy-v11,2025-10-06,09:32:14.702,09:32:16.382,09:32:16.382,00:01,2312,SELL,25176.25,SL,25181.25,-20,20,0,10,0,17,0,19561.8153,0,25181.25,25171.25,20,20,1365,1349,0.4,Normal,Advertencia,43,5,4,0,52,0.8269,4,7,TRUE,FALSE,-22,TRUE,54,128,0.4219,-227,-184
2025-10-07|09:36:11.540,reconstructed-causal-v1-from-legacy-v11,2025-10-07,09:36:11.540,09:36:17.785,09:36:17.785,00:06,2316,BUY,25252.50,TP,25257.50,20,10,20,10,10,4,18,1508.5232,8333333.3333,25247.50,25257.50,20,20,2779,2797,0.15,Excelente,Normal,160,3,0,0,163,0.9816,2,4,FALSE,FALSE,+18,TRUE,163,333,0.4895,367,245
2025-10-08|09:32:13.702,reconstructed-causal-v1-from-legacy-v11,2025-10-08,09:32:13.702,09:33:22.759,09:33:22.759,01:09,2312,BUY,25117.50,TP,25132.50,60,5,60,5,20,10,151,775.8674,357142.8571,25102.50,25132.50,60,60,1221,1221,0,Excelente,Riesgo de reversion,546,236,81,466,1329,0.4108,6,57,TRUE,FALSE,+58,TRUE,1356,2687,0.5047,280,1
2025-10-10|09:31:07.570,reconstructed-causal-v1-from-legacy-v11,2025-10-10,09:31:07.570,09:31:35.671,09:31:35.671,00:28,2311,BUY,25330.00,TP,25337.50,30,25,45,15,20,43,60,21070.3751,10000000,25315.00,25337.50,60,30,717,727,0.63,Advertencia,Riesgo de reversion,673,2,4,1,680,0.9897,1,4,FALSE,FALSE,+28,TRUE,719,1666,0.4316,419,272
2025-10-13|09:33:16.240,reconstructed-causal-v1-from-legacy-v11,2025-10-13,09:33:16.240,09:34:40.294,09:34:40.294,01:24,2313,SELL,24792.50,TP,24769.75,91,45,95,25,25,30,130,10615.7113,561797.7528,24815.25,24769.75,91,91,245,245,0,Excelente,Riesgo de reversion,444,210,121,134,909,0.4884,7,24,TRUE,FALSE,+89,TRUE,937,2154,0.435,-309,-21
2025-10-14|09:36:14.690,reconstructed-causal-v1-from-legacy-v11,2025-10-14,09:36:14.690,09:36:26.619,09:36:26.619,00:11,2313,SELL,24525.00,SL,24531.50,-26,30,20,20,15,29,22,139664.8045,45829.5142,24531.50,24518.50,26,26,-2341,-2562,0,Excelente,Excelente,315,0,0,0,315,1,0,0,FALSE,FALSE,-28,TRUE,318,889,0.3577,-76,-1
2025-10-15|09:34:44.874,reconstructed-causal-v1-from-legacy-v11,2025-10-15,09:34:44.874,09:35:26.423,09:35:26.423,00:41,2311,BUY,24952.50,TP,24967.50,60,20,60,15,25,27,106,201612.9032,2777777.7778,24937.50,24967.50,60,60,2366,2369,0.02,Excelente,Riesgo de reversion,474,96,26,157,753,0.6295,8,26,TRUE,FALSE,+58,TRUE,765,1572,0.4866,79,30
2025-10-16|09:31:58.962,reconstructed-causal-v1-from-legacy-v11,2025-10-16,09:31:58.962,09:32:38.059,09:32:38.059,00:39,2311,BUY,25103.75,SL,25079.75,-96,100,15,25,10,116,32,2777777.7778,40257.649,25079.75,25127.75,96,96,74,554,3.02,Riesgo de reversion,Riesgo de reversion,73,27,192,612,904,0.0808,3,17,TRUE,FALSE,-98,TRUE,927,2034,0.4558,454,4
2025-10-17|09:34:29.009,reconstructed-causal-v1-from-legacy-v11,2025-10-17,09:34:29.009,09:34:32.581,09:34:32.581,00:03,2314,BUY,24786.25,TP,24792.75,26,10,30,10,20,12,17,406504.065,40883.0744,24779.75,24792.75,26,26,-248,-248,0,Excelente,Riesgo de reversion,54,14,10,13,91,0.5934,8,20,TRUE,FALSE,+24,TRUE,94,257,0.3658,292,245
2025-10-20|09:31:05.911,reconstructed-causal-v1-from-legacy-v11,2025-10-20,09:31:05.911,09:31:12.942,09:31:12.942,00:07,2311,BUY,25182.50,TP,25187.50,20,15,20,10,15,22,13,9043.2266,131926.1214,25177.50,25187.50,20,20,1561,1561,0,Excelente,Riesgo de reversion,64,7,3,89,163,0.3926,5,14,TRUE,FALSE,+18,TRUE,167,359,0.4652,173,120
2025-10-22|09:34:09.715,reconstructed-causal-v1-from-legacy-v11,2025-10-22,09:34:09.715,09:35:21.983,09:35:21.983,01:12,2314,SELL,25191.25,TP,25176.25,60,0,60,0,30,0,65,0,1724137.931,25206.25,25176.25,60,60,-1223,-1223,0,Excelente,Advertencia,75,338,13,0,426,0.1761,5,16,FALSE,FALSE,+58,TRUE,436,965,0.4518,-317,-1
2025-10-24|09:34:15.726,reconstructed-causal-v1-from-legacy-v11,2025-10-24,09:34:15.726,09:34:32.832,09:34:32.832,00:17,2314,BUY,25481.25,TP,25487.75,26,5,30,5,10,5,37,30959.7523,1111111.1111,25474.75,25487.75,26,26,1192,1212,0.41,Normal,Riesgo de reversion,108,43,11,132,294,0.3673,8,24,TRUE,FALSE,+24,TRUE,303,679,0.4462,253,177
2025-10-27|09:35:05.079,reconstructed-causal-v1-from-legacy-v11,2025-10-27,09:35:05.079,09:35:30.829,09:35:30.829,00:25,2315,BUY,25812.50,SL,25797.50,-60,60,15,15,10,111,12,2500000,63291.1392,25797.50,25827.50,60,60,2212,2414,2.04,Riesgo de reversion,Riesgo de reversion,63,14,2,593,672,0.0938,5,13,TRUE,FALSE,-62,TRUE,697,1667,0.4181,,
2025-10-28|09:31:15.894,reconstructed-causal-v1-from-legacy-v11,2025-10-28,09:31:15.894,09:31:30.383,09:31:30.383,00:14,2311,BUY,26088.75,SL,26079.75,-36,40,15,30,10,47,14,1388888.8889,133689.8396,26079.75,26097.75,36,36,1632,1910,6.78,Riesgo de reversion,Riesgo de reversion,56,23,15,286,380,0.1474,8,27,TRUE,FALSE,-38,TRUE,395,892,0.4428,295,17
2025-10-29|09:33:01.040,reconstructed-causal-v1-from-legacy-v11,2025-10-29,09:33:01.040,09:33:03.421,09:33:03.421,00:02,2313,BUY,26290.00,SL,26285.00,-20,20,10,10,10,6,5,8361.204,6003.1216,26285.00,26295.00,20,20,2011,2149,11.5,Riesgo de reversion,Riesgo de reversion,6,6,0,60,72,0.0833,1,2,TRUE,FALSE,-22,TRUE,74,224,0.3304,687,549
2025-10-30|09:35:09.583,reconstructed-causal-v1-from-legacy-v11,2025-10-30,09:35:09.583,09:35:10.229,09:35:10.229,00:00,2313,SELL,26038.75,TP,26033.75,20,0,20,0,15,0,5,0,26483.0508,26043.75,26033.75,20,20,-4650,-4650,0,Excelente,Excelente,16,0,0,0,16,1,0,0,FALSE,FALSE,+18,TRUE,17,61,0.2787,-141,-114
2025-10-31|09:33:31.493,reconstructed-causal-v1-from-legacy-v11,2025-10-31,09:33:31.493,09:34:01.936,09:34:01.936,00:30,2313,SELL,26158.75,TP,26148.50,41,15,45,10,20,12,65,64350.0644,446428.5714,26169.00,26148.50,41,41,-654,-654,0,Excelente,Riesgo de reversion,319,155,32,5,511,0.6243,13,29,TRUE,FALSE,+39,TRUE,527,1104,0.4774,-229,-1
2026-03-13|09:36:22.170,reconstructed-causal-v1-from-legacy-v11,2026-03-13,09:36:22.170,09:36:22.612,09:36:22.612,00:00,2316,SELL,24613.75,SL,24618.75,-20,20,0,20,0,3,0,44682.7525,0,24618.75,24608.75,20,20,2130,2074,8,Riesgo de reversion,Riesgo de reversion,10,1,2,1,14,0.7143,2,4,TRUE,FALSE,-22,TRUE,14,36,0.3889,-195,-139
2026-03-16|09:35:25.798,reconstructed-causal-v1-from-legacy-v11,2026-03-16,09:35:25.798,09:35:27.100,09:35:27.100,00:01,2314,BUY,24926.25,TP,24931.25,20,0,20,0,10,0,9,0,552486.1878,24921.25,24931.25,20,20,1240,1240,0,Excelente,Normal,26,3,0,0,29,0.8966,1,2,FALSE,FALSE,+18,TRUE,28,101,0.2772,209,121
2026-03-17|09:32:17.535,reconstructed-causal-v1-from-legacy-v11,2026-03-17,09:32:17.535,09:32:22.023,09:32:22.023,00:04,2312,BUY,25030.00,TP,25035.00,20,15,20,10,15,8,8,10931.3511,3175.4096,25025.00,25035.00,20,20,1695,1695,0,Excelente,Riesgo de reversion,45,21,8,7,81,0.5556,9,29,TRUE,FALSE,+18,TRUE,81,180,0.45,287,199
2026-03-18|09:37:26.121,reconstructed-causal-v1-from-legacy-v11,2026-03-18,09:37:26.121,09:38:35.610,09:38:35.610,01:09,2317,BUY,24975.00,SL,24963.50,-46,50,15,35,10,110,23,194552.5292,11806.3754,24963.50,24986.50,46,46,149,288,4.34,Riesgo de reversion,Riesgo de reversion,77,60,13,665,815,0.0945,12,37,TRUE,FALSE,-48,TRUE,829,1557,0.5324,167,1
2026-03-20|09:31:36.667,reconstructed-causal-v1-from-legacy-v11,2026-03-20,09:31:36.667,09:32:02.393,09:32:02.393,00:25,2311,SELL,24402.50,SL,24417.50,-60,60,45,20,20,29,101,70621.4689,119617.2249,24417.50,24387.50,60,60,-2469,-2622,6.38,Riesgo de reversion,Riesgo de reversion,88,54,91,351,584,0.1507,16,83,TRUE,FALSE,-62,TRUE,611,1328,0.4601,-198,-1
2026-03-24|09:31:16.260,reconstructed-causal-v1-from-legacy-v11,2026-03-24,09:31:16.260,09:31:18.087,09:31:18.087,00:01,2311,BUY,24296.25,SL,24291.25,-20,20,5,15,5,18,1,18301.6105,290.8583,24291.25,24301.25,20,20,-401,-382,3.8,Riesgo de reversion,Riesgo de reversion,17,0,6,36,59,0.2881,5,15,TRUE,FALSE,-22,TRUE,62,151,0.4106,150,130
2026-03-25|09:36:26.460,reconstructed-causal-v1-from-legacy-v11,2026-03-25,09:36:26.460,09:36:29.014,09:36:29.014,00:02,2316,BUY,24493.75,TP,24501.50,31,5,35,5,15,1,20,8298.7552,19186.4927,24486.00,24501.50,31,31,1413,1413,0,Excelente,Excelente,69,0,0,0,69,1,0,0,FALSE,FALSE,+29,TRUE,71,232,0.306,369,222
2026-03-27|09:32:09.722,reconstructed-causal-v1-from-legacy-v11,2026-03-27,09:32:09.722,09:32:24.627,09:32:24.627,00:14,2312,SELL,23598.75,TP,23591.25,30,15,45,15,25,8,54,640.812,7142857.1429,23613.75,23591.25,60,30,-3229,-3405,0.74,Advertencia,Riesgo de reversion,228,38,90,1,357,0.6387,1,6,TRUE,FALSE,+28,TRUE,369,828,0.4457,-177,-1
2026-03-30|09:31:10.331,reconstructed-causal-v1-from-legacy-v11,2026-03-30,09:31:10.331,09:32:03.079,09:32:03.079,00:52,2311,BUY,23523.75,TP,23538.75,60,30,60,20,30,41,141,129198.9664,3571428.5714,23508.75,23538.75,60,60,3007,4109,0,Excelente,Excelente,968,0,0,0,968,1,0,0,FALSE,FALSE,+58,TRUE,1003,2159,0.4646,299,1
2026-03-31|09:34:25.012,reconstructed-causal-v1-from-legacy-v11,2026-03-31,09:34:25.012,09:34:43.689,09:34:43.689,00:18,2314,BUY,23442.50,TP,23457.75,61,15,65,15,30,19,55,2827.8943,209205.0209,23427.25,23457.75,61,61,4269,4269,0,Excelente,Riesgo de reversion,278,4,3,76,361,0.7701,2,9,TRUE,FALSE,+59,TRUE,366,772,0.4741,517,223
2026-04-01|09:34:11.960,reconstructed-causal-v1-from-legacy-v11,2026-04-01,09:34:11.960,09:35:17.408,09:35:17.408,01:05,2314,BUY,24157.50,SL,24142.50,-60,60,15,25,10,159,24,2272727.2727,23386.3424,24142.50,24165.00,60,30,2962,3202,120,Riesgo de reversion,Riesgo de reversion,3,0,4,1012,1019,0.0029,2,8,TRUE,FALSE,-62,TRUE,1046,2065,0.5065,201,1
2026-04-06|09:31:08.369,reconstructed-causal-v1-from-legacy-v11,2026-04-06,09:31:08.369,09:32:05.150,09:32:05.150,00:56,1840,BUY,24341.25,TP,24356.25,60,5,60,5,30,1,19,5,431034.4828,24326.25,24356.25,60,60,802,2348,0,Excelente,Excelente,103,0,0,0,103,1,0,0,FALSE,FALSE,+58,TRUE,107,222,0.482,227,1
2026-04-08|09:31:38.544,reconstructed-causal-v1-from-legacy-v11,2026-04-08,09:31:38.544,09:31:39.566,09:31:39.566,00:01,2311,SELL,25157.50,SL,25162.50,-20,20,5,15,5,3,1,151.941,35.6881,25162.50,25152.50,20,20,567,228,0,Excelente,Excelente,27,0,0,0,27,1,0,0,FALSE,FALSE,-22,TRUE,25,45,0.5556,-148,-135
2026-04-09|09:31:08.910,reconstructed-causal-v1-from-legacy-v11,2026-04-09,09:31:08.910,09:31:31.073,09:31:31.073,00:22,2311,SELL,25063.75,SL,25078.75,-60,60,30,30,15,48,27,769230.7692,16666666.6667,25078.75,25048.75,60,60,-103,-350,17.64,Riesgo de reversion,Riesgo de reversion,15,10,6,382,413,0.0363,3,14,TRUE,FALSE,-62,TRUE,422,848,0.4976,-150,-5
2026-04-13|09:31:08.445,reconstructed-causal-v1-from-legacy-v11,2026-04-13,09:31:08.445,09:31:10.542,09:31:10.542,00:02,2311,SELL,25215.00,SL,25222.50,-30,30,5,30,5,8,1,806451.6129,5,25222.50,25207.50,30,30,1941,1892,4.9,Riesgo de reversion,Riesgo de reversion,31,0,1,13,45,0.6889,4,7,TRUE,FALSE,-32,TRUE,45,94,0.4787,-360,-311
2026-04-14|09:35:09.768,reconstructed-causal-v1-from-legacy-v11,2026-04-14,09:35:09.768,09:35:14.644,09:35:14.644,00:04,2315,BUY,25732.50,TP,25740.00,30,5,30,5,15,1,21,3473.9109,6228.2013,25717.50,25740.00,60,30,3892,3949,14.25,Riesgo de reversion,Riesgo de reversion,3,2,2,118,125,0.024,1,5,TRUE,FALSE,+28,TRUE,130,304,0.4276,340,250
2026-04-16|09:31:11.974,reconstructed-causal-v1-from-legacy-v11,2026-04-16,09:31:11.974,09:31:14.879,09:31:14.879,00:02,2311,SELL,26382.50,SL,26387.75,-21,25,5,20,5,12,1,21141.649,565.3103,26387.75,26377.25,21,21,-38,-40,0.13,Excelente,Riesgo de reversion,18,2,2,57,79,0.2278,3,8,TRUE,FALSE,-23,TRUE,78,155,0.5032,-190,-155
2026-04-17|09:33:16.718,reconstructed-causal-v1-from-legacy-v11,2026-04-17,09:33:16.718,09:33:21.124,09:33:21.124,00:04,2313,SELL,26650.00,TP,26645.00,20,5,20,5,10,1,26,78.4455,27056.2771,26655.00,26645.00,20,20,-634,-635,0.04,Excelente,Advertencia,59,32,4,0,95,0.6211,6,16,TRUE,FALSE,+18,TRUE,98,204,0.4804,-242,-214
2026-04-20|09:31:06.704,reconstructed-causal-v1-from-legacy-v11,2026-04-20,09:31:06.704,09:31:21.551,09:31:21.551,00:14,2311,SELL,26780.00,TP,26765.00,60,45,60,25,20,37,29,110864.745,2941176.4706,26795.00,26765.00,60,60,1280,1119,0,Excelente,Excelente,342,0,0,0,342,1,0,0,FALSE,FALSE,+58,TRUE,351,756,0.4643,-151,-36
2026-04-21|09:31:14.913,reconstructed-causal-v1-from-legacy-v11,2026-04-21,09:31:14.913,09:31:15.636,09:31:15.636,00:00,2310,SELL,26765.00,SL,26770.00,-20,20,5,15,5,7,1,12027.9047,23342.6704,26770.00,26760.00,20,20,-1033,-1035,0.67,Advertencia,Advertencia,15,2,4,0,21,0.7143,3,8,TRUE,FALSE,-22,TRUE,23,58,0.3966,-280,-272
2026-04-22|09:32:35.929,reconstructed-causal-v1-from-legacy-v11,2026-04-22,09:32:35.929,09:32:36.861,09:32:36.861,00:00,2311,BUY,26851.25,SL,26846.25,-20,20,0,15,0,3,0,11800.8025,0,26846.25,26856.25,20,20,14,44,0,Excelente,Excelente,11,0,0,0,11,1,0,0,FALSE,FALSE,-22,TRUE,11,25,0.44,,
2026-04-24|09:34:36.357,reconstructed-causal-v1-from-legacy-v11,2026-04-24,09:34:36.357,09:34:40.456,09:34:40.456,00:04,2314,BUY,27243.75,SL,27238.75,-20,20,10,10,10,11,2,16260.1626,1887.4335,27238.75,27248.75,20,20,1160,1187,1.23,Riesgo de reversion,Riesgo de reversion,26,8,18,27,79,0.3291,3,7,TRUE,FALSE,-22,TRUE,79,141,0.5603,194,167
2026-04-27|09:36:17.437,reconstructed-causal-v1-from-legacy-v11,2026-04-27,09:36:17.437,09:36:20.560,09:36:20.560,00:03,2316,SELL,27355.00,SL,27360.25,-21,25,5,10,5,8,1,7965.5887,5,27360.25,27349.75,21,21,-1345,-1367,1.47,Riesgo de reversion,Riesgo de reversion,32,9,12,10,63,0.5079,5,13,TRUE,FALSE,-23,TRUE,65,130,0.5,-211,-189
2026-04-29|09:31:06.449,reconstructed-causal-v1-from-legacy-v11,2026-04-29,09:31:06.449,09:31:06.917,09:31:06.917,00:00,2311,SELL,27147.50,TP,27142.50,20,0,20,0,15,0,3,0,1240.1101,27152.50,27142.50,20,20,-1660,-1751,0,Excelente,Excelente,16,0,0,0,16,1,0,0,FALSE,FALSE,+18,TRUE,17,41,0.4146,-90,-83
2026-04-30|09:33:59.933,reconstructed-causal-v1-from-legacy-v11,2026-04-30,09:33:59.933,09:34:00.755,09:34:00.755,00:00,2313,SELL,27360.00,TP,27355.00,20,5,20,5,10,1,5,918.4592,4651.5955,27365.00,27355.00,20,20,-1812,-1814,0.07,Excelente,Excelente,21,0,0,0,21,1,0,0,FALSE,FALSE,+18,TRUE,21,54,0.3889,-380,-1
2026-05-01|09:31:07.530,reconstructed-causal-v1-from-legacy-v11,2026-05-01,09:31:07.530,09:31:08.967,09:31:08.967,00:01,2311,BUY,27671.25,TP,27676.25,20,5,20,5,20,5,7,203252.0325,4543.3894,27666.25,27676.25,20,20,646,1160,0,Excelente,Excelente,46,0,0,0,46,1,0,0,FALSE,FALSE,+18,TRUE,47,153,0.3072,354,236
2026-05-04|09:31:27.566,reconstructed-causal-v1-from-legacy-v11,2026-05-04,09:31:27.566,09:31:30.888,09:31:30.888,00:03,2311,SELL,27822.50,TP,27817.25,21,5,25,5,10,3,15,693.7507,22967.3863,27827.75,27817.25,21,21,-914,-924,0.91,Riesgo de reversion,Riesgo de reversion,24,9,7,39,79,0.3038,5,15,TRUE,FALSE,+19,TRUE,81,168,0.4821,-171,-154
2026-05-05|09:31:08.221,reconstructed-causal-v1-from-legacy-v11,2026-05-05,09:31:08.221,09:31:13.362,09:31:13.362,00:05,2310,SELL,27975.00,SL,27990.00,-60,60,5,20,5,27,5,285714.2857,2570.0334,27990.00,27960.00,60,60,948,884,0.17,Excelente,Excelente,146,0,0,0,146,1,0,0,FALSE,FALSE,-62,TRUE,152,362,0.4199,-194,-122
2026-05-06|09:34:29.432,reconstructed-causal-v1-from-legacy-v11,2026-05-06,09:34:29.432,09:34:32.065,09:34:32.065,00:02,2314,BUY,28430.00,SL,28425.00,-20,20,5,15,5,7,7,9018.759,1649.1853,28425.00,28435.00,20,20,1027,1061,4.86,Riesgo de reversion,Riesgo de reversion,8,2,3,42,55,0.1455,3,11,TRUE,FALSE,-22,TRUE,55,105,0.5238,119,85
2026-05-08|09:32:31.455,reconstructed-causal-v1-from-legacy-v11,2026-05-08,09:32:31.455,09:32:34.320,09:32:34.320,00:02,2312,BUY,28942.50,SL,28937.50,-20,20,10,10,10,6,5,2749.5188,17035.7751,28937.50,28947.50,20,20,1922,1941,0.41,Normal,Normal,30,23,0,0,53,0.566,3,5,TRUE,FALSE,-22,TRUE,53,120,0.4417,283,237
2026-05-11|09:31:07.069,reconstructed-causal-v1-from-legacy-v11,2026-05-11,09:31:07.069,09:31:09.642,09:31:09.642,00:02,2311,BUY,29362.50,TP,29370.00,30,5,30,5,15,8,11,20242.915,24975.025,29347.50,29370.00,60,30,1653,1653,0,Excelente,Riesgo de reversion,43,5,2,19,69,0.6232,4,11,TRUE,FALSE,+28,TRUE,74,181,0.4088,178,120
2026-05-13|09:31:16.810,reconstructed-causal-v1-from-legacy-v11,2026-05-13,09:31:16.810,09:31:18.014,09:31:18.014,00:01,2311,SELL,29243.75,TP,29238.75,20,0,20,0,10,0,5,0,21258.5034,29248.75,29238.75,20,20,1046,1046,0,Excelente,Riesgo de reversion,14,3,2,13,32,0.4375,3,11,FALSE,FALSE,+18,TRUE,33,75,0.44,-190,-173
2026-05-14|09:31:22.402,reconstructed-causal-v1-from-legacy-v11,2026-05-14,09:31:22.402,09:31:23.924,09:31:23.924,00:01,2311,BUY,29503.75,SL,29498.75,-20,20,5,10,5,10,1,25627.8831,5,29498.75,29508.75,20,20,-2243,-2210,16.5,Riesgo de reversion,Riesgo de reversion,4,0,2,43,49,0.0816,1,4,TRUE,FALSE,-22,TRUE,49,107,0.4579,30,1
2026-05-15|09:31:05.246,reconstructed-causal-v1-from-legacy-v11,2026-05-15,09:31:05.246,09:31:08.584,09:31:08.584,00:03,2311,SELL,29221.25,TP,29206.25,60,20,60,20,40,12,13,14854.4266,117096.0187,29236.25,29206.25,60,60,-1973,-3084,0,Excelente,Excelente,88,0,0,0,88,1,0,0,FALSE,FALSE,+58,TRUE,91,248,0.3669,-424,-349
2026-05-18|09:33:12.780,reconstructed-causal-v1-from-legacy-v11,2026-05-18,09:33:12.780,09:33:29.570,09:33:29.570,00:16,2313,SELL,29281.25,SL,29296.25,-60,60,0,30,0,60,0,8333333.3333,0,29296.25,29266.25,60,60,2267,2183,4.42,Riesgo de reversion,Riesgo de reversion,65,29,8,210,312,0.2083,5,19,TRUE,FALSE,-62,TRUE,325,643,0.5054,-178,-87
2026-05-19|09:32:14.386,reconstructed-causal-v1-from-legacy-v11,2026-05-19,09:32:14.386,09:32:15.019,09:32:15.019,00:00,2312,BUY,28953.75,TP,28960.25,26,10,30,10,30,2,3,5492.6947,72.667,28947.25,28960.25,26,26,338,338,0,Excelente,Riesgo de reversion,5,0,0,11,16,0.3125,1,2,TRUE,FALSE,+24,TRUE,15,48,0.3125,256,117
2026-05-20|09:33:14.093,reconstructed-causal-v1-from-legacy-v11,2026-05-20,09:33:14.093,09:33:16.200,09:33:16.200,00:02,2313,BUY,29150.00,SL,29145.00,-20,20,5,10,5,12,1,8454.5147,132.5135,29145.00,29155.00,20,20,1323,1369,11.5,Riesgo de reversion,Riesgo de reversion,6,3,0,52,61,0.0984,3,8,TRUE,FALSE,-22,TRUE,63,142,0.4437,169,123
2026-05-22|09:31:11.479,reconstructed-causal-v1-from-legacy-v11,2026-05-22,09:31:11.479,09:31:59.533,09:31:59.533,00:48,2311,BUY,29631.25,TP,29646.25,60,40,60,35,20,35,20,52742.616,123152.7094,29616.25,29646.25,60,60,697,697,0,Excelente,Riesgo de reversion,322,5,7,15,349,0.9226,4,21,TRUE,FALSE,+58,TRUE,356,736,0.4837,129,1
2026-05-26|09:34:13.665,reconstructed-causal-v1-from-legacy-v11,2026-05-26,09:34:13.665,09:35:07.401,09:35:07.401,00:53,2074,SELL,29851.25,TP,29838.50,51,50,55,30,25,84,73,25000000,3125000,29864.00,29838.50,51,51,-90,-154,0.26,Normal,Riesgo de reversion,313,388,198,136,1035,0.3024,7,32,TRUE,FALSE,+49,TRUE,1066,2250,0.4738,-391,-3
2026-05-27|09:35:38.791,reconstructed-causal-v1-from-legacy-v11,2026-05-27,09:35:38.791,09:35:40.650,09:35:40.650,00:01,2315,SELL,30113.75,TP,30107.25,26,20,30,20,10,8,37,22281.6399,31605.5626,30120.25,30107.25,26,26,-2623,-2623,0,Excelente,Advertencia,63,3,3,0,69,0.913,1,4,TRUE,FALSE,+24,TRUE,69,378,0.1825,-1136,-826
2026-05-28|09:33:25.323,reconstructed-causal-v1-from-legacy-v11,2026-05-28,09:33:25.323,09:33:46.093,09:33:46.093,00:20,2313,SELL,30038.75,TP,30014.75,96,15,100,10,20,26,87,152905.1988,77279.7527,30062.75,30014.75,96,96,588,588,0,Excelente,Riesgo de reversion,203,128,42,142,515,0.3942,6,20,TRUE,FALSE,+94,TRUE,528,1118,0.4723,-306,-112
2026-05-29|09:32:03.414,reconstructed-causal-v1-from-legacy-v11,2026-05-29,09:32:03.414,09:32:05.147,09:32:05.147,00:01,2312,SELL,30425.00,TP,30417.50,30,5,30,5,30,9,13,1469.7237,42698.5482,30440.00,30417.50,60,30,3031,3015,16,Riesgo de reversion,Riesgo de reversion,2,0,0,62,64,0.0313,1,1,TRUE,FALSE,+28,TRUE,66,222,0.2973,,
2026-06-01|09:32:32.899,reconstructed-causal-v1-from-legacy-v11,2026-06-01,09:32:32.899,09:32:34.914,09:32:34.914,00:02,2312,BUY,30387.50,TP,30392.50,20,10,20,10,15,6,5,205761.3169,4634.3498,30382.50,30392.50,20,20,-495,-495,0,Excelente,Normal,40,5,0,0,45,0.8889,3,6,TRUE,FALSE,+18,TRUE,46,106,0.434,338,279
2026-06-02|09:34:18.467,reconstructed-causal-v1-from-legacy-v11,2026-06-02,09:34:18.467,09:35:11.127,09:35:11.127,00:52,2314,SELL,30472.50,SL,30487.50,-60,60,20,20,15,122,25,324675.3247,26652.452,30487.50,30457.50,60,60,2184,1941,2.96,Riesgo de reversion,Riesgo de reversion,79,50,41,668,838,0.0943,2,9,TRUE,FALSE,-62,TRUE,865,1695,0.5103,-419,-1
2026-06-03|09:31:54.941,reconstructed-causal-v1-from-legacy-v11,2026-06-03,09:31:54.941,09:31:58.875,09:31:58.875,00:03,2311,SELL,30801.25,TP,30796.25,20,10,20,10,15,17,7,29673.5905,18129.079,30806.25,30796.25,20,20,2104,2104,0,Excelente,Riesgo de reversion,13,1,1,76,91,0.1429,2,5,TRUE,FALSE,+18,TRUE,95,225,0.4222,,
2026-06-04|09:31:29.979,reconstructed-causal-v1-from-legacy-v11,2026-06-04,09:31:29.979,09:31:35.906,09:31:35.906,00:05,2311,BUY,30285.00,SL,30272.25,-51,55,25,25,15,29,27,349650.3497,68493.1507,30272.25,30297.75,51,51,-2765,-2676,3.87,Riesgo de reversion,Riesgo de reversion,39,32,26,86,183,0.2131,8,36,TRUE,FALSE,-53,TRUE,188,525,0.3581,271,177
2026-06-05|09:31:35.732,reconstructed-causal-v1-from-legacy-v11,2026-06-05,09:31:35.732,09:31:38.213,09:31:38.213,00:02,2311,BUY,30082.50,SL,30077.50,-20,20,15,20,10,7,23,2951.5939,67385.4447,30077.50,30087.50,20,20,2232,2286,2.25,Riesgo de reversion,Riesgo de reversion,22,18,6,34,80,0.275,5,17,TRUE,FALSE,-22,TRUE,83,226,0.3673,544,490
2026-06-08|09:31:15.537,reconstructed-causal-v1-from-legacy-v11,2026-06-08,09:31:15.537,09:31:15.898,09:31:15.898,00:00,2311,BUY,29578.75,TP,29583.75,20,10,20,10,15,1,3,185185.1852,2399.808,29573.75,29583.75,20,20,1841,1841,0,Excelente,Excelente,14,0,0,0,14,1,0,0,FALSE,FALSE,+18,TRUE,13,53,0.2453,282,259
2026-06-09|09:32:06.870,reconstructed-causal-v1-from-legacy-v11,2026-06-09,09:32:06.870,09:32:13.565,09:32:13.565,00:06,2312,SELL,29671.25,TP,29663.75,30,10,30,10,25,8,42,1680.164,367647.0588,29686.25,29663.75,60,30,1419,1419,0,Excelente,Riesgo de reversion,80,78,19,14,191,0.4188,14,35,TRUE,FALSE,+28,TRUE,197,458,0.4301,-325,-248
2026-06-10|09:38:59.991,reconstructed-causal-v1-from-legacy-v11,2026-06-10,09:38:59.991,09:40:00.005,09:40:00.005,01:00,2318,BUY,29001.25,SL,28996.25,-20,165,0,165,0,1,0,2.7493,0,28996.25,29006.25,20,20,963,1049,0,Excelente,Excelente,2,0,0,0,2,1,0,0,FALSE,FALSE,-22,FALSE,0,1,0,279,279
2026-06-11|09:34:21.569,reconstructed-causal-v1-from-legacy-v11,2026-06-11,09:34:21.569,09:34:23.642,09:34:23.642,00:02,2314,SELL,28681.25,TP,28673.75,30,0,30,0,15,0,10,0,1991.8732,28696.25,28673.75,60,30,1561,1561,0,Excelente,Riesgo de reversion,29,1,0,17,47,0.617,1,3,FALSE,FALSE,+28,TRUE,46,100,0.46,-262,-210
2026-06-12|09:33:17.534,reconstructed-causal-v1-from-legacy-v11,2026-06-12,09:33:17.534,09:33:23.856,09:33:23.856,00:06,2313,SELL,29348.75,TP,29333.75,60,0,60,0,30,0,39,0,63078.217,29363.75,29333.75,60,60,-868,-868,0,Excelente,Normal,143,4,0,0,147,0.9728,2,4,FALSE,FALSE,+58,TRUE,149,325,0.4585,-322,-218
2026-06-15|09:35:30.271,reconstructed-causal-v1-from-legacy-v11,2026-06-15,09:35:30.271,09:35:30.630,09:35:30.630,00:00,2315,BUY,30700.00,TP,30705.00,20,5,20,5,20,2,2,182.3161,3454.4701,30695.00,30705.00,20,20,1334,1334,0,Excelente,Excelente,11,0,0,0,11,1,0,0,FALSE,FALSE,+18,TRUE,10,37,0.2703,256,220
2026-06-17|09:33:32.850,reconstructed-causal-v1-from-legacy-v11,2026-06-17,09:33:32.850,09:33:33.458,09:33:33.458,00:00,2313,SELL,30433.75,SL,30438.75,-20,20,0,20,0,2,0,189.9653,0,30438.75,30428.75,20,20,-374,-377,3,Riesgo de reversion,Riesgo de reversion,2,0,0,3,5,0.4,1,1,TRUE,FALSE,-22,TRUE,4,8,0.5,-245,-242
2026-06-18|09:34:26.912,reconstructed-causal-v1-from-legacy-v11,2026-06-18,09:34:26.912,09:34:27.413,09:34:27.413,00:00,2314,SELL,30527.50,TP,30522.50,20,0,20,0,15,0,2,0,7605.7195,30532.50,30522.50,20,20,-593,-593,0,Excelente,Riesgo de reversion,11,2,0,1,14,0.7857,2,5,FALSE,FALSE,+18,TRUE,13,37,0.3514,-186,-164
2026-06-22|09:33:10.927,reconstructed-causal-v1-from-legacy-v11,2026-06-22,09:33:10.927,09:33:11.898,09:33:11.898,00:00,2073,SELL,30791.25,TP,30786.25,20,0,20,0,15,0,2,0,155.8181,30796.25,30786.25,20,20,4148,4148,0,Excelente,Riesgo de reversion,10,1,1,1,13,0.7692,2,5,FALSE,FALSE,+18,TRUE,14,29,0.4828,-260,-240
2026-06-23|09:32:09.091,reconstructed-causal-v1-from-legacy-v11,2026-06-23,09:32:09.091,09:32:15.146,09:32:15.146,00:06,2312,BUY,29750.00,TP,29765.00,60,10,60,10,30,4,67,2838.9734,8333333.3333,29735.00,29765.00,60,60,-2216,-2209,0,Excelente,Excelente,195,0,0,0,195,1,0,0,FALSE,FALSE,+58,TRUE,204,617,0.3306,147,37
2026-06-24|09:32:30.047,reconstructed-causal-v1-from-legacy-v11,2026-06-24,09:32:30.047,09:32:33.699,09:32:33.699,00:03,2312,BUY,29728.75,TP,29747.75,76,5,80,5,35,2,39,20,40,29709.75,29747.75,76,76,3110,3112,0.05,Excelente,Advertencia,31,22,16,0,69,0.4493,4,15,FALSE,FALSE,+74,TRUE,76,275,0.2764,486,444
2026-06-25|09:31:09.982,reconstructed-causal-v1-from-legacy-v11,2026-06-25,09:31:09.982,09:31:10.294,09:31:10.294,00:00,2311,SELL,30097.50,SL,30102.50,-20,20,0,15,0,4,0,20,0,30102.50,30092.50,20,20,270,270,0,Excelente,Riesgo de reversion,5,0,6,1,12,0.4167,1,4,TRUE,FALSE,-22,TRUE,11,47,0.234,-229,-215
2026-06-26|09:33:14.204,reconstructed-causal-v1-from-legacy-v11,2026-06-26,09:33:14.204,09:33:15.457,09:33:15.457,00:01,2313,SELL,29250.00,TP,29235.00,60,10,60,10,30,3,4,38.6539,40,29265.00,29235.00,60,60,-1200,-1200,0,Excelente,Advertencia,20,1,1,0,22,0.9091,1,3,FALSE,FALSE,+58,TRUE,21,52,0.4038,-370,-310
2026-06-30|09:31:08.576,reconstructed-causal-v1-from-legacy-v11,2026-06-30,09:31:08.576,09:31:15.812,09:31:15.812,00:07,2311,BUY,30116.25,TP,30123.75,30,25,30,15,25,26,35,40,40,30101.25,30123.75,60,30,1294,1319,3.57,Riesgo de reversion,Riesgo de reversion,9,2,3,121,135,0.0667,3,8,TRUE,FALSE,+28,TRUE,148,484,0.3058,299,224
2026-07-08|09:32:07.332,reconstructed-causal-v1-from-legacy-v11,2026-07-08,09:32:07.332,09:32:14.158,09:32:14.158,00:06,2307,BUY,29318.75,SL,29303.75,-60,60,15,20,10,41,6,60,20,29303.75,29326.25,60,30,-1180,-1150,7.5,Riesgo de reversion,Riesgo de reversion,9,1,1,129,140,0.0643,2,4,TRUE,FALSE,-62,TRUE,143,358,0.3994,193,128
2026-07-09|09:34:15.006,reconstructed-causal-v1-from-legacy-v11,2026-07-09,09:34:15.006,09:34:50.985,09:34:50.985,00:35,2314,BUY,29763.75,TP,29777.75,56,30,60,25,35,34,64,40,40,29749.75,29777.75,56,56,1445,1445,0,Excelente,Riesgo de reversion,164,136,8,85,393,0.4173,13,44,TRUE,FALSE,+54,TRUE,412,824,0.5,442,259
2026-07-10|09:31:14.549,reconstructed-causal-v1-from-legacy-v11,2026-07-10,09:31:14.549,09:31:17.441,09:31:17.441,00:02,2311,BUY,29891.25,SL,29886.25,-20,20,5,15,5,8,1,40,20,29886.25,29896.25,20,20,-253,-242,3.67,Riesgo de reversion,Riesgo de reversion,5,0,0,39,44,0.1136,2,3,TRUE,FALSE,-22,TRUE,44,96,0.4583,109,98
